name	smiles	heuristic
rxn:5:198124:223466:229270	N#Cc1ncc(-c2cccnc2-c2cn[nH]c2)s1	0.042251
rxn:5:198226:223469:229270	Cc1cc(-c2cnc(C#N)s2)cnc1-c1cc[nH]n1	0.040736
rxn:5:198245:223466:229270	Cc1nccc(-c2cnc(C#N)s2)c1-c1cn[nH]c1	0.040736
rxn:5:182501:223469:229270	Cc1ccc(-c2cc[nH]n2)cc1-c1cnc(C#N)s1	0.040678
rxn:5:182502:223469:229270	Cc1cc(-c2cc[nH]n2)ccc1-c1cnc(C#N)s1	0.040678
rxn:5:182501:223466:229270	Cc1ccc(-c2cn[nH]c2)cc1-c1cnc(C#N)s1	0.040678
rxn:5:182502:223466:229270	Cc1cc(-c2cn[nH]c2)ccc1-c1cnc(C#N)s1	0.040678
rxn:5:181066:223466:229270	COc1cc(-c2cn[nH]c2)ccc1-c1cnc(C#N)s1	0.040034
rxn:5:181065:223469:229270	COc1ccc(-c2cc[nH]n2)cc1-c1cnc(C#N)s1	0.040034
rxn:5:181066:223469:229270	COc1cc(-c2cc[nH]n2)ccc1-c1cnc(C#N)s1	0.040034
rxn:5:181065:223466:229270	COc1ccc(-c2cn[nH]c2)cc1-c1cnc(C#N)s1	0.040034
rxn:5:195311:223469:229270	COc1c(-c2cc[nH]n2)ccnc1-c1cnc(C#N)s1	0.039871
rxn:5:195314:223466:229270	COc1cc(-c2cnc(C#N)s2)c(-c2cn[nH]c2)cn1	0.039871
rxn:5:198085:229270:229308	Cc1cc(-c2cnc(-c3cnc(C#N)s3)s2)on1	0.039852
rxn:5:181281:223469:229270	CCc1ccc(-c2cc[nH]n2)cc1-c1cnc(C#N)s1	0.039813
rxn:5:181281:223466:229270	CCc1ccc(-c2cn[nH]c2)cc1-c1cnc(C#N)s1	0.039813
rxn:5:198126:223462:229061	Cc1cc(-c2cnccc2-c2cnn(C(C)C)c2)n[nH]1	0.039611
rxn:5:195435:229338:223465	CC(=O)c1cc(-c2ccn[nH]2)cc(-c2ccns2)n1	0.039092
rxn:5:194941:223469:229270	N#Cc1ncc(-c2cc(-c3cc[nH]n3)ccc2C#N)s1	0.038971
rxn:5:194941:223466:229270	N#Cc1ncc(-c2cc(-c3cn[nH]c3)ccc2C#N)s1	0.038971
rxn:5:196097:223469:229270	CN(C)c1ccc(-c2cc[nH]n2)cc1-c1cnc(C#N)s1	0.038365
rxn:5:196097:223466:229270	CN(C)c1ccc(-c2cn[nH]c2)cc1-c1cnc(C#N)s1	0.038365
rxn:5:178981:223469:229270	COCc1ccc(-c2cc[nH]n2)cc1-c1cnc(C#N)s1	0.038181
rxn:5:178981:223466:229270	COCc1ccc(-c2cn[nH]c2)cc1-c1cnc(C#N)s1	0.038181
rxn:5:178975:223469:229270	CCOc1ccc(-c2cc[nH]n2)cc1-c1cnc(C#N)s1	0.038075
rxn:5:178978:223469:229270	CCOc1cc(-c2cc[nH]n2)ccc1-c1cnc(C#N)s1	0.038075
rxn:5:178975:223466:229270	CCOc1ccc(-c2cn[nH]c2)cc1-c1cnc(C#N)s1	0.038075
rxn:5:178978:223466:229270	CCOc1cc(-c2cn[nH]c2)ccc1-c1cnc(C#N)s1	0.038075
rxn:5:178993:223466:229270	CCOc1cccc(-c2cn[nH]c2)c1-c1cnc(C#N)s1	0.038075
rxn:5:191979:223466:229270	CCCc1cc(-c2cnc(C#N)s2)c(-c2cn[nH]c2)cn1	0.038075
rxn:5:198243:223462:229061	Cc1cc(-c2ccnc(-c3cnn(C(C)C)c3)c2C)n[nH]1	0.038026
rxn:5:198246:223462:229061	Cc1cc(-c2nccc(-c3cnn(C(C)C)c3)c2C)n[nH]1	0.038026
rxn:5:198245:223462:229061	Cc1cc(-c2c(-c3cnn(C(C)C)c3)ccnc2C)n[nH]1	0.038026
rxn:5:198248:223462:229061	Cc1cc(-c2ccnc(C)c2-c2cnn(C(C)C)c2)n[nH]1	0.038026
rxn:5:198234:223462:229061	Cc1cc(-c2c(C)ccnc2-c2cnn(C(C)C)c2)n[nH]1	0.038026
rxn:5:198240:223462:229061	Cc1cc(-c2nccc(C)c2-c2cnn(C(C)C)c2)n[nH]1	0.038026
rxn:5:198125:223464:223421	CNC(C)c1ccc(-c2cc(-c3cc[nH]c3)ccn2)s1	0.037850
rxn:5:198127:223464:223421	CNC(C)c1ccc(-c2ccnc(-c3cc[nH]c3)c2)s1	0.037850
rxn:5:181409:223469:229270	N#Cc1ncc(-c2cc(-c3cc[nH]n3)ccc2C2CC2)s1	0.037835
rxn:5:181407:223469:229270	N#Cc1ncc(-c2ccc(-c3cc[nH]n3)cc2C2CC2)s1	0.037835
rxn:5:181409:223466:229270	N#Cc1ncc(-c2cc(-c3cn[nH]c3)ccc2C2CC2)s1	0.037835
rxn:5:181407:223466:229270	N#Cc1ncc(-c2ccc(-c3cn[nH]c3)cc2C2CC2)s1	0.037835
rxn:5:179197:223469:229311	Cc1ncc(-c2cc(-c3cc[nH]n3)ccc2OC2CC2)s1	0.037622
rxn:5:179197:223469:229306	Cc1cnc(-c2cc(-c3cc[nH]n3)ccc2OC2CC2)s1	0.037622
rxn:5:179197:223466:229311	Cc1ncc(-c2cc(-c3cn[nH]c3)ccc2OC2CC2)s1	0.037622
rxn:5:179197:223466:229306	Cc1cnc(-c2cc(-c3cn[nH]c3)ccc2OC2CC2)s1	0.037622
rxn:5:195325:223469:229270	CSc1c(-c2cc[nH]n2)ccnc1-c1cnc(C#N)s1	0.037569
rxn:5:198228:229344:229270	Cc1nc(-c2cocn2)ccc1-c1cnc(C#N)s1	0.037558
rxn:5:198279:229344:229270	Cc1c(-c2cocn2)cncc1-c1cnc(C#N)s1	0.037558
rxn:5:198247:229344:229270	Cc1cc(-c2cocn2)c(-c2cnc(C#N)s2)cn1	0.037558
rxn:5:195435:229338:223461	CC(=O)c1cc(-c2cn[nH]c2C)cc(-c2ccns2)n1	0.037503
rxn:5:195435:229338:223459	CC(=O)c1cc(-c2[nH]ncc2C)cc(-c2ccns2)n1	0.037503
rxn:5:195435:229338:223462	CC(=O)c1cc(-c2cc(C)[nH]n2)cc(-c2ccns2)n1	0.037503
rxn:5:181576:223469:229270	CC(C)c1ccc(-c2cc[nH]n2)cc1-c1cnc(C#N)s1	0.037481
rxn:5:181576:223466:229270	CC(C)c1ccc(-c2cn[nH]c2)cc1-c1cnc(C#N)s1	0.037481
rxn:5:182506:229270:229335	Cc1cccc(-c2cnc(C#N)s2)c1-c1cscn1	0.037405
rxn:5:182501:229344:229270	Cc1ccc(-c2cocn2)cc1-c1cnc(C#N)s1	0.037403
rxn:5:182442:229270:229308	Cc1cc(-c2ccc(-c3cnc(C#N)s3)cc2)on1	0.037403
rxn:5:181073:223469:229270	CSc1ccc(-c2cc[nH]n2)cc1-c1cnc(C#N)s1	0.037351
rxn:5:181077:223469:229270	CSc1ccc(-c2cnc(C#N)s2)c(-c2cc[nH]n2)c1	0.037351
rxn:5:181073:223466:229270	CSc1ccc(-c2cn[nH]c2)cc1-c1cnc(C#N)s1	0.037351
rxn:5:182505:223462:229061	Cc1ccc(-c2cc(C)[nH]n2)c(-c2cnn(C(C)C)c2)c1	0.037308
rxn:5:182498:223462:229061	Cc1cc(-c2cccc(-c3cnn(C(C)C)c3)c2C)n[nH]1	0.037308
rxn:5:181065:229344:229270	COc1ccc(-c2cocn2)cc1-c1cnc(C#N)s1	0.036836
rxn:5:181066:229344:229270	COc1cc(-c2cocn2)ccc1-c1cnc(C#N)s1	0.036836
rxn:5:181536:223469:229270	N#Cc1ncc(-c2cc(-c3cc[nH]n3)ccc2C2COC2)s1	0.036639
rxn:5:181538:223469:229270	N#Cc1ncc(-c2ccc(-c3cc[nH]n3)cc2C2COC2)s1	0.036639
rxn:5:181536:223466:229270	N#Cc1ncc(-c2cc(-c3cn[nH]c3)ccc2C2COC2)s1	0.036639
rxn:5:181538:223466:229270	N#Cc1ncc(-c2ccc(-c3cn[nH]c3)cc2C2COC2)s1	0.036639
rxn:5:192490:223466:229270	CN(C)Cc1ccc(-c2cn[nH]c2)cc1-c1cnc(C#N)s1	0.036529
rxn:5:181281:229344:229270	CCc1ccc(-c2cocn2)cc1-c1cnc(C#N)s1	0.036503
rxn:5:195322:223462:229061	COc1nccc(-c2cnn(C(C)C)c2)c1-c1cc(C)[nH]n1	0.036473
rxn:5:195330:223462:229061	COc1c(-c2cnn(C(C)C)c2)ccnc1-c1cc(C)[nH]n1	0.036473
rxn:5:192175:223469:229270	CC(C)Oc1ncc(-c2cnc(C#N)s2)cc1-c1cc[nH]n1	0.036306
rxn:5:179184:223469:229270	N#Cc1ncc(-c2ccc(-c3cc[nH]n3)cc2OC2CC2)s1	0.036299
rxn:5:179194:223469:229270	N#Cc1ncc(-c2ccc(-c3cc[nH]n3)c(OC3CC3)c2)s1	0.036299
rxn:5:179197:223468:229270	N#Cc1ncc(-c2cc(-c3c[nH]cn3)ccc2OC2CC2)s1	0.036299
rxn:5:179184:223466:229270	N#Cc1ncc(-c2ccc(-c3cn[nH]c3)cc2OC2CC2)s1	0.036299
rxn:5:179194:223466:229270	N#Cc1ncc(-c2ccc(-c3cn[nH]c3)c(OC3CC3)c2)s1	0.036299
rxn:5:188069:223469:229270	N#CCOc1ccc(-c2cc[nH]n2)cc1-c1cnc(C#N)s1	0.036298
rxn:5:188069:223466:229270	N#CCOc1ccc(-c2cn[nH]c2)cc1-c1cnc(C#N)s1	0.036298
rxn:5:179197:223469:229287	Cc1ccsc1-c1cc(-c2cc[nH]n2)ccc1OC1CC1	0.036208
rxn:5:181323:223469:229270	CS(=O)(=O)c1ccc(-c2cc[nH]n2)cc1-c1cnc(C#N)s1	0.036136
rxn:5:181323:223466:229270	CS(=O)(=O)c1ccc(-c2cn[nH]c2)cc1-c1cnc(C#N)s1	0.036136
rxn:5:179536:223469:229270	CC(C)Oc1ccc(-c2cc[nH]n2)cc1-c1cnc(C#N)s1	0.036078
rxn:5:179538:223469:229270	CC(C)Oc1cc(-c2cc[nH]n2)ccc1-c1cnc(C#N)s1	0.036078
rxn:5:179536:223466:229270	CC(C)Oc1ccc(-c2cn[nH]c2)cc1-c1cnc(C#N)s1	0.036078
rxn:5:179538:223466:229270	CC(C)Oc1cc(-c2cn[nH]c2)ccc1-c1cnc(C#N)s1	0.036078
rxn:5:194941:229344:229270	N#Cc1ncc(-c2cc(-c3cocn3)ccc2C#N)s1	0.035896
rxn:5:182847:223466:229270	N#Cc1ncc(-c2ccc(-c3cn[nH]c3)c3c2CCC3=O)s1	0.035810
rxn:5:181208:223469:229270	CC(=O)c1ccc(-c2cc[nH]n2)cc1-c1cnc(C#N)s1	0.035781
rxn:5:181208:223466:229270	CC(=O)c1ccc(-c2cn[nH]c2)cc1-c1cnc(C#N)s1	0.035781
rxn:5:198245:223464:223421	CNC(C)c1ccc(-c2ccnc(C)c2-c2cc[nH]c2)s1	0.035684
rxn:5:198246:223464:223421	CNC(C)c1ccc(-c2ccnc(-c3cc[nH]c3)c2C)s1	0.035684
rxn:5:195439:223469:229270	CC(=O)c1ccc(-c2cnc(C#N)s2)c(-c2cc[nH]n2)n1	0.035683
rxn:5:195446:223469:229270	CC(=O)c1cnc(-c2cnc(C#N)s2)c(-c2cc[nH]n2)c1	0.035683
rxn:5:195446:223466:229270	CC(=O)c1cnc(-c2cnc(C#N)s2)c(-c2cn[nH]c2)c1	0.035683
rxn:5:179197:223469:229226	N#Cc1ccc(-c2cc(-c3cc[nH]n3)ccc2OC2CC2)s1	0.035670
rxn:5:179197:223469:229227	N#Cc1cc(-c2cc(-c3cc[nH]n3)ccc2OC2CC2)cs1	0.035670
rxn:5:179197:223464:229270	N#Cc1ncc(-c2cc(-c3cc[nH]c3)ccc2OC2CC2)s1	0.035670
rxn:5:179197:223466:229226	N#Cc1ccc(-c2cc(-c3cn[nH]c3)ccc2OC2CC2)s1	0.035670
rxn:5:179197:223466:229230	N#Cc1csc(-c2cc(-c3cn[nH]c3)ccc2OC2CC2)c1	0.035670
rxn:5:179197:223469:229230	N#Cc1csc(-c2cc(-c3cc[nH]n3)ccc2OC2CC2)c1	0.035670
rxn:5:182499:229270:229308	Cc1cc(-c2ccc(C)c(-c3cnc(C#N)s3)c2)on1	0.035652
rxn:5:182500:229270:229308	Cc1cc(-c2ccc(-c3cnc(C#N)s3)c(C)c2)on1	0.035652
rxn:5:182501:229270:229308	Cc1cc(-c2cc(-c3cnc(C#N)s3)ccc2C)on1	0.035652
rxn:5:176765:223469:229270	CCOCc1ccc(-c2cc[nH]n2)cc1-c1cnc(C#N)s1	0.035495
rxn:5:176763:223469:229270	CCOCc1cc(-c2cc[nH]n2)ccc1-c1cnc(C#N)s1	0.035495
rxn:5:176765:223466:229270	CCOCc1ccc(-c2cn[nH]c2)cc1-c1cnc(C#N)s1	0.035495
rxn:5:176763:223466:229270	CCOCc1cc(-c2cn[nH]c2)ccc1-c1cnc(C#N)s1	0.035495
rxn:5:179197:223469:229272	COc1ncc(-c2cc(-c3cc[nH]n3)ccc2OC2CC2)s1	0.035412
rxn:5:179197:223466:229272	COc1ncc(-c2cc(-c3cn[nH]c3)ccc2OC2CC2)s1	0.035412
rxn:5:195522:229270:229297	CCc1cc(-c2cncnc2)c(-c2cnc(C#N)s2)cn1	0.035303
rxn:5:176754:223469:229270	CCCOc1ccc(-c2cc[nH]n2)cc1-c1cnc(C#N)s1	0.035280
rxn:5:176754:223466:229270	CCCOc1ccc(-c2cn[nH]c2)cc1-c1cnc(C#N)s1	0.035280
rxn:5:196097:229344:229270	CN(C)c1ccc(-c2cocn2)cc1-c1cnc(C#N)s1	0.035273
rxn:5:182578:223462:229061	Cc1cc(-c2ccc(-c3cnn(C(C)C)c3)c(C)c2C)n[nH]1	0.035254
rxn:5:182580:223462:229061	Cc1cc(-c2ccc(C)c(-c3cnn(C(C)C)c3)c2C)n[nH]1	0.035254
rxn:5:181430:223466:229270	CSc1ccc(-c2cn[nH]c2)c(-c2cnc(C#N)s2)c1C	0.035208
rxn:5:195303:229270:229308	COc1cnc(-c2cc(C)no2)c(-c2cnc(C#N)s2)c1	0.035165
rxn:5:182506:229270:229314	Cc1cccc(-c2cnc(C#N)s2)c1-c1scnc1C	0.035155
rxn:5:191340:229344:229270	N#CCc1cccc(-c2cnc(C#N)s2)c1-c1cocn1	0.035140
rxn:5:181062:229270:229308	COc1ccc(-c2cc(C)no2)cc1-c1cnc(C#N)s1	0.035117
rxn:5:181064:229270:229308	COc1cc(-c2cc(C)no2)ccc1-c1cnc(C#N)s1	0.035117
rxn:5:178981:229344:229270	COCc1ccc(-c2cocn2)cc1-c1cnc(C#N)s1	0.035087
rxn:5:191678:229344:229270	CCOc1cc(-c2cocn2)cnc1-c1cnc(C#N)s1	0.035014
rxn:5:196189:223469:229270	N#Cc1ncc(-c2cc(C3=NCCO3)ccc2-c2cc[nH]n2)s1	0.034926
rxn:5:178975:229344:229270	CCOc1ccc(-c2cocn2)cc1-c1cnc(C#N)s1	0.034917
rxn:5:178978:229344:229270	CCOc1cc(-c2cocn2)ccc1-c1cnc(C#N)s1	0.034917
rxn:5:192710:223469:229270	N#Cc1ncc(-c2cc(-c3cc[nH]n3)ccc2CN2CCC2)s1	0.034803
rxn:5:192710:223466:229270	N#Cc1ncc(-c2cc(-c3cn[nH]c3)ccc2CN2CCC2)s1	0.034803
rxn:5:181624:223469:229270	N#Cc1ncc(-c2cc(-c3cc[nH]n3)ccc2C2OCCO2)s1	0.034782
rxn:5:181628:223469:229270	N#Cc1ncc(-c2ccc(-c3cc[nH]n3)cc2C2OCCO2)s1	0.034782
rxn:5:181624:223466:229270	N#Cc1ncc(-c2cc(-c3cn[nH]c3)ccc2C2OCCO2)s1	0.034782
rxn:5:181628:223466:229270	N#Cc1ncc(-c2ccc(-c3cn[nH]c3)cc2C2OCCO2)s1	0.034782
rxn:5:179197:223469:229060	N#Cc1ccc(-c2cc(-c3cc[nH]n3)ccc2OC2CC2)cn1	0.034756
rxn:5:179197:223466:229060	N#Cc1ccc(-c2cc(-c3cn[nH]c3)ccc2OC2CC2)cn1	0.034756
rxn:5:195460:229339:229272	COc1ncc(-c2cc(-c3nccs3)cc(C)c2C#N)s1	0.034736
rxn:5:181857:223469:229270	CC(C)(C)c1ccc(-c2cc[nH]n2)cc1-c1cnc(C#N)s1	0.034736
rxn:5:181857:223466:229270	CC(C)(C)c1ccc(-c2cn[nH]c2)cc1-c1cnc(C#N)s1	0.034736
rxn:5:196680:223469:229270	N#Cc1ncc(-c2cc(-c3cc[nH]n3)ccc2N2CCCC2)s1	0.034734
rxn:5:196680:223466:229270	N#Cc1ncc(-c2cc(-c3cn[nH]c3)ccc2N2CCCC2)s1	0.034734
rxn:5:179197:223469:229231	CCc1ncc(-c2cc(-c3cc[nH]n3)ccc2OC2CC2)s1	0.034721
rxn:5:179197:223466:229231	CCc1ncc(-c2cc(-c3cn[nH]c3)ccc2OC2CC2)s1	0.034721
rxn:5:192084:223469:229270	N#Cc1ncc(-c2cc(-c3cc[nH]n3)ccc2C2(C#N)CC2)s1	0.034717
rxn:5:192084:223466:229270	N#Cc1ncc(-c2cc(-c3cn[nH]c3)ccc2C2(C#N)CC2)s1	0.034717
rxn:5:179392:223469:229270	N#Cc1ncc(-c2cc(-c3cc[nH]n3)ccc2OC2COC2)s1	0.034676
rxn:5:179392:223466:229270	N#Cc1ncc(-c2cc(-c3cn[nH]c3)ccc2OC2COC2)s1	0.034676
rxn:5:181282:229270:223449	CCc1ccc(-c2cc(=O)[nH]cc2F)c(-c2cnc(C#N)s2)c1	0.034665
rxn:5:195435:229338:229286	CC(=O)c1cc(-c2ccn(C)c2)cc(-c2ccns2)n1	0.034599
rxn:5:181278:229270:229308	CCc1ccc(-c2cc(C)no2)cc1-c1cnc(C#N)s1	0.034565
rxn:5:181280:229270:229308	CCc1cc(-c2cc(C)no2)ccc1-c1cnc(C#N)s1	0.034565
rxn:5:191339:223462:229061	Cc1cc(-c2ccc(-c3cnn(C(C)C)c3)cc2CC#N)n[nH]1	0.034541
rxn:5:195466:223462:229061	Cc1cc(-c2cc(-c3cnn(C(C)C)c3)c(C#N)cc2C)n[nH]1	0.034541
rxn:5:181409:229344:229270	N#Cc1ncc(-c2cc(-c3cocn3)ccc2C2CC2)s1	0.034532
rxn:5:181407:229344:229270	N#Cc1ncc(-c2ccc(-c3cocn3)cc2C2CC2)s1	0.034532
rxn:5:188408:223469:229270	CC(C#N)Oc1ccc(-c2cc[nH]n2)cc1-c1cnc(C#N)s1	0.034525
rxn:5:188408:223466:229270	CC(C#N)Oc1ccc(-c2cn[nH]c2)cc1-c1cnc(C#N)s1	0.034525
rxn:5:192338:223469:229270	CC(C)(C#N)c1ccc(-c2cc[nH]n2)cc1-c1cnc(C#N)s1	0.034485
rxn:5:192338:223466:229270	CC(C)(C#N)c1ccc(-c2cn[nH]c2)cc1-c1cnc(C#N)s1	0.034485
rxn:5:195366:229344:229270	CSc1ncc(-c2cocn2)cc1-c1cnc(C#N)s1	0.034475
rxn:5:192082:223469:229270	N#Cc1ncc(-c2cc(-c3cc[nH]n3)cnc2OC2COC2)s1	0.034346
rxn:5:192082:223466:229270	N#Cc1ncc(-c2cc(-c3cn[nH]c3)cnc2OC2COC2)s1	0.034346
rxn:5:195673:223469:229270	N#Cc1ncc(-c2cc(-c3cc[nH]n3)ccc2S(N)(=O)=O)s1	0.034339
rxn:5:195673:223466:229270	N#Cc1ncc(-c2cc(-c3cn[nH]c3)ccc2S(N)(=O)=O)s1	0.034339
rxn:5:179197:223462:229270	Cc1cc(-c2ccc(OC3CC3)c(-c3cnc(C#N)s3)c2)n[nH]1	0.034334
rxn:5:194950:229270:229308	Cc1cc(-c2ccc(C#N)c(-c3cnc(C#N)s3)c2)on1	0.034327
rxn:5:179709:223469:229270	N#Cc1ncc(-c2ccc(OC3CCC3)c(-c3cc[nH]n3)c2)s1	0.034237
rxn:5:179709:223466:229270	N#Cc1ncc(-c2ccc(OC3CCC3)c(-c3cn[nH]c3)c2)s1	0.034237
rxn:5:181425:223462:229061	COc1c(-c2cc(C)[nH]n2)ccc(-c2cnn(C(C)C)c2)c1C	0.034235
rxn:5:181428:223462:229061	COc1ccc(-c2cc(C)[nH]n2)c(C)c1-c1cnn(C(C)C)c1	0.034235
rxn:5:181404:223462:229061	COc1c(-c2cc(C)[nH]n2)ccc(C)c1-c1cnn(C(C)C)c1	0.034235
rxn:5:178840:223469:229270	COC(=O)c1ccc(-c2cc[nH]n2)cc1-c1cnc(C#N)s1	0.034135
rxn:5:178840:223466:229270	COC(=O)c1ccc(-c2cn[nH]c2)cc1-c1cnc(C#N)s1	0.034135
rxn:5:181073:229344:229270	CSc1ccc(-c2cocn2)cc1-c1cnc(C#N)s1	0.034120
rxn:5:181576:229344:229270	CC(C)c1ccc(-c2cocn2)cc1-c1cnc(C#N)s1	0.034061
rxn:5:182952:223469:229270	N#Cc1ncc(-c2ccc(-c3cc[nH]n3)c3c2OCCC3=O)s1	0.034029
rxn:5:195522:229270:229320	CCc1cc(-c2cc(F)cs2)c(-c2cnc(C#N)s2)cn1	0.034019
rxn:5:183066:223466:229270	N#Cc1ncc(-c2c(-c3cn[nH]c3)ccc3c2CCCC3=O)s1	0.033996
rxn:5:179979:223469:229270	CC(C)(C)Oc1ccc(-c2cc[nH]n2)cc1-c1cnc(C#N)s1	0.033969
rxn:5:179979:223466:229270	CC(C)(C)Oc1ccc(-c2cn[nH]c2)cc1-c1cnc(C#N)s1	0.033969
rxn:5:195322:223464:223421	CNC(C)c1ccc(-c2ccnc(OC)c2-c2cc[nH]c2)s1	0.033888
rxn:5:195330:223464:223421	CNC(C)c1ccc(-c2ccnc(-c3cc[nH]c3)c2OC)s1	0.033888
rxn:5:196082:223462:229061	Cc1cc(-c2ccc(-c3cnn(C(C)C)c3)nc2C(C)C)n[nH]1	0.033879
rxn:5:191501:223466:229270	COC(=O)c1ccc(-c2cnc(C#N)s2)nc1-c1cn[nH]c1	0.033809
rxn:5:195681:229270:229308	Cc1cc(-c2ccc(S(N)(=O)=O)c(-c3cnc(C#N)s3)c2)on1	0.033734
rxn:5:188955:223466:229270	CC(C)COc1nccc(-c2cn[nH]c2)c1-c1cnc(C#N)s1	0.033713
rxn:5:195321:223462:229061	CSc1cc(-c2cc(C)[nH]n2)cnc1-c1cnn(C(C)C)c1	0.033682
rxn:5:198225:229065:229272	COc1ncc(-c2ncc(-c3ccnc(C#N)c3)cc2C)s1	0.033668
rxn:5:198229:229065:229272	COc1ncc(-c2cc(C)cnc2-c2ccnc(C#N)c2)s1	0.033668
rxn:5:198281:229065:229272	COc1ncc(-c2cc(-c3ccnc(C#N)c3)cnc2C)s1	0.033668
rxn:5:195460:229302:229272	COc1ncc(-c2cc(-c3ccnnc3)cc(C)c2C#N)s1	0.033668
rxn:5:181536:229344:229270	N#Cc1ncc(-c2cc(-c3cocn3)ccc2C2COC2)s1	0.033667
rxn:5:181538:229344:229270	N#Cc1ncc(-c2ccc(-c3cocn3)cc2C2COC2)s1	0.033667
rxn:5:176997:223469:229270	N#Cc1ncc(-c2cc(-c3cc[nH]n3)ccc2OCC2CC2)s1	0.033640
rxn:5:176994:223469:229270	N#Cc1ncc(-c2ccc(-c3cc[nH]n3)cc2OCC2CC2)s1	0.033640
rxn:5:176997:223466:229270	N#Cc1ncc(-c2cc(-c3cn[nH]c3)ccc2OCC2CC2)s1	0.033640
rxn:5:176994:223466:229270	N#Cc1ncc(-c2ccc(-c3cn[nH]c3)cc2OCC2CC2)s1	0.033640
rxn:5:195522:229270:229291	CCc1cc(-c2cc(C)cs2)c(-c2cnc(C#N)s2)cn1	0.033599
rxn:5:191553:229344:229270	COc1cc(-c2cnc(C#N)s2)c(-c2cocn2)cc1C#N	0.033489
rxn:5:177274:223469:229270	CC(C)OCc1ccc(-c2cc[nH]n2)cc1-c1cnc(C#N)s1	0.033460
rxn:5:177274:223466:229270	CC(C)OCc1ccc(-c2cn[nH]c2)cc1-c1cnc(C#N)s1	0.033460
rxn:5:177285:223466:229270	CC(C)OCc1c(-c2cn[nH]c2)cccc1-c1cnc(C#N)s1	0.033460
rxn:5:191907:229344:229270	Cc1cc(-c2cnc(C#N)s2)c(CC#N)cc1-c1cocn1	0.033445
rxn:5:191334:229270:229308	Cc1cc(-c2ccc(CC#N)c(-c3cnc(C#N)s3)c2)on1	0.033445
rxn:5:182708:223469:229270	N#Cc1ncc(-c2c(-c3cc[nH]n3)ccc3c2C(=O)OC3)s1	0.033403
rxn:5:179197:223469:229075	Cc1cc(-c2cc(-c3cc[nH]n3)ccc2OC2CC2)sc1C#N	0.033385
rxn:5:179197:223469:229076	Cc1cc(C#N)sc1-c1cc(-c2cc[nH]n2)ccc1OC1CC1	0.033385
rxn:5:179197:223466:229075	Cc1cc(-c2cc(-c3cn[nH]c3)ccc2OC2CC2)sc1C#N	0.033385
rxn:5:179197:223466:229076	Cc1cc(C#N)sc1-c1cc(-c2cn[nH]c2)ccc1OC1CC1	0.033385
rxn:5:179198:229344:229270	COc1cc(-c2cocn2)cc(-c2cnc(C#N)s2)c1OC	0.033381
rxn:5:188069:229344:229270	N#CCOc1ccc(-c2cocn2)cc1-c1cnc(C#N)s1	0.033353
rxn:5:191699:229270:229308	CCOc1ncc(-c2cc(C)no2)cc1-c1cnc(C#N)s1	0.033333
rxn:5:191677:229270:229308	CCOc1cc(-c2cc(C)no2)ncc1-c1cnc(C#N)s1	0.033333
rxn:5:191681:229270:229308	CCOc1cc(-c2cc(C)no2)cnc1-c1cnc(C#N)s1	0.033333
rxn:5:191683:229270:229308	CCOc1ccc(-c2cc(C)no2)nc1-c1cnc(C#N)s1	0.033333
rxn:5:177273:223469:229270	CC(C)COc1ccc(-c2cc[nH]n2)cc1-c1cnc(C#N)s1	0.033314
rxn:5:177273:223466:229270	CC(C)COc1ccc(-c2cn[nH]c2)cc1-c1cnc(C#N)s1	0.033314
rxn:5:195791:229270:229308	Cc1cc(-c2cc(C3CC3)ncc2-c2cnc(C#N)s2)on1	0.033306
rxn:5:178982:229270:229308	COCc1ccc(-c2cc(C)no2)cc1-c1cnc(C#N)s1	0.033303
rxn:5:178980:229270:229308	COCc1cc(-c2cc(C)no2)ccc1-c1cnc(C#N)s1	0.033303
rxn:5:182501:229065:229272	COc1ncc(-c2cc(-c3ccnc(C#N)c3)ccc2C)s1	0.033265
rxn:5:182502:229065:229272	COc1ncc(-c2ccc(-c3ccnc(C#N)c3)cc2C)s1	0.033265
rxn:5:182504:229065:229272	COc1ncc(-c2cc(C)cc(-c3ccnc(C#N)c3)c2)s1	0.033265
rxn:5:195460:229283:229272	COc1ncc(-c2cc(-c3ccncc3)cc(C)c2C#N)s1	0.033265
rxn:5:179197:229341:229270	N#Cc1ncc(-c2cc(-c3ccon3)ccc2OC2CC2)s1	0.033229
rxn:5:179197:229334:229270	N#Cc1ncc(-c2cc(-c3cnoc3)ccc2OC2CC2)s1	0.033229
rxn:5:179197:229344:229270	N#Cc1ncc(-c2cc(-c3cocn3)ccc2OC2CC2)s1	0.033229
rxn:5:179184:229344:229270	N#Cc1ncc(-c2ccc(-c3cocn3)cc2OC2CC2)s1	0.033229
rxn:5:179194:229344:229270	N#Cc1ncc(-c2ccc(-c3cocn3)c(OC3CC3)c2)s1	0.033229
rxn:5:176753:229270:223457	CCCOc1ccc(-c2cc(C)n[nH]2)cc1-c1cnc(C#N)s1	0.033221
rxn:5:182501:223464:223421	CNC(C)c1ccc(-c2cc(-c3cc[nH]c3)ccc2C)s1	0.033165
rxn:5:182502:223464:223421	CNC(C)c1ccc(-c2ccc(-c3cc[nH]c3)cc2C)s1	0.033165
rxn:5:198125:223251:223462	Cc1cc(-c2cc(-c3ccc4c(c3)OCC(=O)N4)ccn2)n[nH]1	0.033160
rxn:5:198127:223251:223462	Cc1cc(-c2ccnc(-c3ccc4c(c3)OCC(=O)N4)c2)n[nH]1	0.033160
rxn:5:196871:223469:229270	N#Cc1ncc(-c2ccc(-c3cc[nH]n3)c(N3CCOCC3)c2)s1	0.033122
rxn:5:196869:223469:229270	N#Cc1ncc(-c2cc(-c3cc[nH]n3)ccc2N2CCOCC2)s1	0.033122
rxn:5:196869:223466:229270	N#Cc1ncc(-c2cc(-c3cn[nH]c3)ccc2N2CCOCC2)s1	0.033122
rxn:5:182838:223462:229061	Cc1cc(-c2cc3c(cc2-c2cnn(C(C)C)c2)C(=O)CC3)n[nH]1	0.033094
rxn:5:179197:223469:228714	Cc1cc(C#N)ncc1-c1cc(-c2cc[nH]n2)ccc1OC1CC1	0.033033
rxn:5:179197:223469:228719	Cc1cnc(C#N)cc1-c1cc(-c2cc[nH]n2)ccc1OC1CC1	0.033033
rxn:5:179197:223466:228714	Cc1cc(C#N)ncc1-c1cc(-c2cn[nH]c2)ccc1OC1CC1	0.033033
rxn:5:179197:223466:228719	Cc1cnc(C#N)cc1-c1cc(-c2cn[nH]c2)ccc1OC1CC1	0.033033
rxn:5:179197:223469:228711	Cc1cnc(C#N)c(-c2cc(-c3cc[nH]n3)ccc2OC2CC2)c1	0.033033
rxn:5:179197:223469:228718	Cc1ncc(C#N)cc1-c1cc(-c2cc[nH]n2)ccc1OC1CC1	0.033033
rxn:5:179197:223466:228711	Cc1cnc(C#N)c(-c2cc(-c3cn[nH]c3)ccc2OC2CC2)c1	0.033033
rxn:5:179197:223466:228718	Cc1ncc(C#N)cc1-c1cc(-c2cn[nH]c2)ccc1OC1CC1	0.033033
rxn:5:178976:229270:229308	CCOc1ccc(-c2cc(C)no2)cc1-c1cnc(C#N)s1	0.033031
rxn:5:178983:229270:229308	CCOc1cc(-c2cc(C)no2)ccc1-c1cnc(C#N)s1	0.033031
rxn:5:178975:229270:229308	CCOc1ccc(-c2cnc(C#N)s2)cc1-c1cc(C)no1	0.033031
rxn:5:178977:229270:229308	CCOc1ccc(-c2cnc(C#N)s2)c(-c2cc(C)no2)c1	0.033031
rxn:5:178978:229270:229308	CCOc1cc(-c2cnc(C#N)s2)ccc1-c1cc(C)no1	0.033031
rxn:5:178979:229270:229308	CCOc1ccc(-c2cc(C)no2)c(-c2cnc(C#N)s2)c1	0.033031
rxn:5:178993:229270:229308	CCOc1cccc(-c2cnc(C#N)s2)c1-c1cc(C)no1	0.033031
rxn:5:196858:223469:229270	N#Cc1ncc(-c2cc(C3CCOCC3)ncc2-c2cc[nH]n2)s1	0.032982
rxn:5:181905:223469:229270	Cc1ccc(-c2cnc(C#N)s2)c(C2OCCO2)c1-c1cc[nH]n1	0.032950
rxn:5:179197:223456:229270	N#Cc1ncc(-c2cc(-c3ccc(=O)[nH]n3)ccc2OC2CC2)s1	0.032941
rxn:5:179536:229344:229270	CC(C)Oc1ccc(-c2cocn2)cc1-c1cnc(C#N)s1	0.032922
rxn:5:179538:229344:229270	CC(C)Oc1cc(-c2cocn2)ccc1-c1cnc(C#N)s1	0.032922
rxn:5:193154:223469:229270	N#Cc1ncc(-c2cc(-c3cc[nH]n3)ccc2CN2CCCC2)s1	0.032904
rxn:5:193154:223466:229270	N#Cc1ncc(-c2cc(-c3cn[nH]c3)ccc2CN2CCCC2)s1	0.032904
rxn:5:182440:229270:223263	CNC(=O)c1ccc(F)c(-c2ccccc2-c2cnc(C#N)s2)c1	0.032889
rxn:5:181208:229344:229270	CC(=O)c1ccc(-c2cocn2)cc1-c1cnc(C#N)s1	0.032872
rxn:5:195522:229270:229230	CCc1cc(-c2cc(C#N)cs2)c(-c2cnc(C#N)s2)cn1	0.032847
rxn:5:182013:223469:229270	N#Cc1ncc(-c2ccc(-c3cc[nH]n3)cc2C2CCOCC2)s1	0.032717
rxn:5:182013:223466:229270	N#Cc1ncc(-c2ccc(-c3cn[nH]c3)cc2C2CCOCC2)s1	0.032717
rxn:5:196978:223469:229270	N#Cc1ncc(-c2cc(-c3cc[nH]n3)ccc2N2CCCCC2)s1	0.032642
rxn:5:196978:223466:229270	N#Cc1ncc(-c2cc(-c3cn[nH]c3)ccc2N2CCCCC2)s1	0.032642
rxn:5:181282:229270:229263	CCc1ccc(-c2cnccc2F)c(-c2cnc(C#N)s2)c1	0.032642
rxn:5:192882:223469:229270	N#Cc1ncc(-c2cc(-c3cc[nH]n3)cnc2OC2CCCC2)s1	0.032599
rxn:5:192882:223466:229270	N#Cc1ncc(-c2cc(-c3cn[nH]c3)cnc2OC2CCCC2)s1	0.032599
rxn:5:195449:223462:229061	CC(=O)c1c(-c2cnn(C(C)C)c2)ccnc1-c1cc(C)[nH]n1	0.032568
rxn:5:179197:229343:229270	N#Cc1ncc(-c2cc(-c3ccsn3)ccc2OC2CC2)s1	0.032520
rxn:5:179197:229342:229270	N#Cc1ncc(-c2cc(-c3cnsc3)ccc2OC2CC2)s1	0.032520
rxn:5:198120:228411:229311	COc1ccc(-c2ccc(-c3cnc(C)s3)nc2)c(F)c1F	0.032482
rxn:5:195522:229270:229236	CCc1cc(-c2cc(OC)cs2)c(-c2cnc(C#N)s2)cn1	0.032429
rxn:5:181411:229270:229308	Cc1cc(-c2ccc(C3CC3)c(-c3cnc(C#N)s3)c2)on1	0.032419
rxn:5:179197:223469:229080	c1cc(-c2ccc(OC3CC3)c(-c3cnc(C4CC4)s3)c2)n[nH]1	0.032400
rxn:5:179197:223466:229080	c1cc(OC2CC2)c(-c2cnc(C3CC3)s2)cc1-c1cn[nH]c1	0.032400
rxn:5:195460:223444:229272	CNc1cc(-c2cc(C)c(C#N)c(-c3cnc(OC)s3)c2)ccn1	0.032349
rxn:5:176587:223469:229270	CCOC(=O)c1ccc(-c2cc[nH]n2)cc1-c1cnc(C#N)s1	0.032337
rxn:5:176587:223466:229270	CCOC(=O)c1ccc(-c2cn[nH]c2)cc1-c1cnc(C#N)s1	0.032337
rxn:5:179396:223469:229270	N#Cc1ncc(-c2cc(-c3cc[nH]n3)ccc2C(=O)C2CC2)s1	0.032330
rxn:5:179396:223466:229270	N#Cc1ncc(-c2cc(-c3cn[nH]c3)ccc2C(=O)C2CC2)s1	0.032330
rxn:5:181282:229270:229207	CCc1ccc(-c2ccnc(C)c2)c(-c2cnc(C#N)s2)c1	0.032246
rxn:5:176754:229344:229270	CCCOc1ccc(-c2cocn2)cc1-c1cnc(C#N)s1	0.032193
rxn:5:176753:229270:229345	CCCOc1ccc(-c2ccno2)cc1-c1cnc(C#N)s1	0.032193
rxn:5:182506:229270:229002	COc1ccc(-c2c(C)cccc2-c2cnc(C#N)s2)cc1	0.032106
rxn:5:183189:223466:229270	CC1(C)OCc2cc(-c3cnc(C#N)s3)cc(-c3cn[nH]c3)c2O1	0.032071
rxn:5:195435:229338:223438	CC(=O)c1cc(-c2cn[nH]c2C(F)(F)F)cc(-c2ccns2)n1	0.032049
rxn:5:179197:223469:228704	CCn1nc(C)c(-c2cc(-c3cc[nH]n3)ccc2OC2CC2)c1C	0.032024
rxn:5:194941:229065:229272	COc1ncc(-c2cc(-c3ccnc(C#N)c3)ccc2C#N)s1	0.032008
rxn:5:194944:229065:229272	COc1ncc(-c2cc(C#N)cc(-c3ccnc(C#N)c3)c2)s1	0.032008
rxn:5:194943:229065:229272	COc1ncc(-c2ccc(-c3ccnc(C#N)c3)cc2C#N)s1	0.032008
rxn:5:194946:229065:229272	COc1ncc(-c2cccc(-c3ccnc(C#N)c3)c2C#N)s1	0.032008
rxn:5:194942:229065:229272	COc1ncc(-c2ccc(C#N)cc2-c2ccnc(C#N)c2)s1	0.032008
rxn:5:194948:229065:229272	COc1ncc(-c2cc(C#N)ccc2-c2ccnc(C#N)c2)s1	0.032008
rxn:5:181074:229270:229308	CSc1ccc(-c2cc(C)no2)cc1-c1cnc(C#N)s1	0.031997
rxn:5:181078:229270:229308	CSc1cc(-c2cc(C)no2)ccc1-c1cnc(C#N)s1	0.031997
rxn:5:192710:229344:229270	N#Cc1ncc(-c2cc(-c3cocn3)ccc2CN2CCC2)s1	0.031946
rxn:5:180096:223469:229270	N#Cc1ncc(-c2cc(-c3cc[nH]n3)ccc2OC2CCCC2)s1	0.031931
rxn:5:180097:223469:229270	N#Cc1ncc(-c2cc(OC3CCCC3)cc(-c3cc[nH]n3)c2)s1	0.031931
rxn:5:180097:223466:229270	N#Cc1ncc(-c2cc(OC3CCCC3)cc(-c3cn[nH]c3)c2)s1	0.031931
rxn:5:180096:223468:229270	N#Cc1ncc(-c2cc(-c3c[nH]cn3)ccc2OC2CCCC2)s1	0.031931
rxn:5:180095:223469:229270	N#Cc1ncc(-c2ccc(-c3cc[nH]n3)cc2OC2CCCC2)s1	0.031931
rxn:5:180098:223469:229270	N#Cc1ncc(-c2ccc(-c3cc[nH]n3)c(OC3CCCC3)c2)s1	0.031931
rxn:5:180096:223466:229270	N#Cc1ncc(-c2cc(-c3cn[nH]c3)ccc2OC2CCCC2)s1	0.031931
rxn:5:180095:223466:229270	N#Cc1ncc(-c2ccc(-c3cn[nH]c3)cc2OC2CCCC2)s1	0.031931
rxn:5:180098:223466:229270	N#Cc1ncc(-c2ccc(-c3cn[nH]c3)c(OC3CCCC3)c2)s1	0.031931
rxn:5:181624:229344:229270	N#Cc1ncc(-c2cc(-c3cocn3)ccc2C2OCCO2)s1	0.031915
rxn:5:181628:229344:229270	N#Cc1ncc(-c2ccc(-c3cocn3)cc2C2OCCO2)s1	0.031915
rxn:5:196170:229270:229308	Cc1cc(-c2cc(C)c(S(N)(=O)=O)cc2-c2cnc(C#N)s2)on1	0.031899
rxn:5:179197:229297:229270	N#Cc1ncc(-c2cc(-c3cncnc3)ccc2OC2CC2)s1	0.031870
rxn:5:179197:229302:229270	N#Cc1ncc(-c2cc(-c3ccnnc3)ccc2OC2CC2)s1	0.031870
rxn:5:179392:229344:229270	N#Cc1ncc(-c2cc(-c3cocn3)ccc2OC2COC2)s1	0.031865
rxn:5:195523:229065:229272	CCc1ccnc(-c2cnc(OC)s2)c1-c1ccnc(C#N)c1	0.031824
rxn:5:192488:229270:229308	Cc1cc(-c2ccc(CN(C)C)c(-c3cnc(C#N)s3)c2)on1	0.031815
rxn:5:192489:229270:229308	Cc1cc(-c2ccc(-c3cnc(C#N)s3)c(CN(C)C)c2)on1	0.031815
rxn:5:191557:229270:229308	COc1ccc(-c2cnc(C#N)s2)c(-c2cc(C)no2)c1C#N	0.031811
rxn:5:181062:229065:229272	COc1ncc(-c2ccc(OC)c(-c3ccnc(C#N)c3)c2)s1	0.031783
rxn:5:181580:229270:229308	Cc1cc(-c2ccc(C(C)C)c(-c3cnc(C#N)s3)c2)on1	0.031767
rxn:5:196680:229344:229270	N#Cc1ncc(-c2cc(-c3cocn3)ccc2N2CCCC2)s1	0.031762
rxn:5:196677:229344:229270	N#Cc1ncc(-c2ccc(-c3cocn3)cc2N2CCCC2)s1	0.031762
rxn:5:195463:229282:229270	Cc1cc(-c2ccccc2)c(-c2cnc(C#N)s2)cc1C#N	0.031744
rxn:5:179186:229270:229308	CC(=O)Cc1ccc(-c2cc(C)no2)cc1-c1cnc(C#N)s1	0.031728
rxn:5:179192:229270:229308	CC(=O)Cc1cc(-c2cc(C)no2)ccc1-c1cnc(C#N)s1	0.031728
rxn:5:188070:229270:229308	Cc1cc(-c2ccc(OCC#N)c(-c3cnc(C#N)s3)c2)on1	0.031676
rxn:5:198245:223251:223462	Cc1cc(-c2ccnc(C)c2-c2ccc3c(c2)OCC(=O)N3)n[nH]1	0.031675
rxn:5:198246:223251:223462	Cc1cc(-c2ccnc(-c3ccc4c(c3)OCC(=O)N4)c2C)n[nH]1	0.031675
rxn:5:196189:223462:229061	Cc1cc(-c2ccc(C3=NCCO3)cc2-c2cnn(C(C)C)c2)n[nH]1	0.031672
rxn:5:188408:229344:229270	CC(C#N)Oc1ccc(-c2cocn2)cc1-c1cnc(C#N)s1	0.031629
rxn:5:198125:229270:228455	COc1ncc(-c2cc(-c3cnc(C#N)s3)ccn2)c(OC)n1	0.031618
rxn:5:198127:229270:228455	COc1ncc(-c2ccnc(-c3cnc(C#N)s3)c2)c(OC)n1	0.031618
rxn:5:182953:223462:229061	Cc1cc(-c2c(-c3cnn(C(C)C)c3)ccc3c2OCCC3=O)n[nH]1	0.031580
rxn:5:177450:223469:229270	N#Cc1ncc(-c2ccc(-c3cc[nH]n3)cc2OCC2CCC2)s1	0.031481
rxn:5:177450:223466:229270	N#Cc1ncc(-c2ccc(-c3cn[nH]c3)cc2OCC2CCC2)s1	0.031481
rxn:5:182506:229270:228927	COc1nccc(F)c1-c1c(C)cccc1-c1cnc(C#N)s1	0.031475
rxn:5:181324:229270:229308	Cc1cc(-c2ccc(S(C)(=O)=O)c(-c3cnc(C#N)s3)c2)on1	0.031458
rxn:5:181857:229344:229270	CC(C)(C)c1ccc(-c2cocn2)cc1-c1cnc(C#N)s1	0.031446
rxn:5:178840:229344:229270	COC(=O)c1ccc(-c2cocn2)cc1-c1cnc(C#N)s1	0.031379
rxn:5:178839:229344:229270	COC(=O)c1cc(-c2cocn2)ccc1-c1cnc(C#N)s1	0.031379
rxn:5:181630:223462:229061	Cc1cc(-c2cccc(C3OCCO3)c2-c2cnn(C(C)C)c2)n[nH]1	0.031360
rxn:5:179197:223466:228062	c1cc(OC2CC2)c(-c2cncc3c2CCCO3)cc1-c1cn[nH]c1	0.031347
rxn:5:195461:223464:223421	CNC(C)c1ccc(-c2cc(C#N)cc(-c3cc[nH]c3)c2C)s1	0.031303
rxn:5:179194:229270:229308	Cc1cc(-c2ccc(-c3cnc(C#N)s3)c(OC3CC3)c2)on1	0.031292
rxn:5:176594:229300:229311	CC(=O)COc1ccc(-c2cncn2C)c(-c2cnc(C)s2)c1	0.031289
rxn:5:198239:229270:223263	CNC(=O)c1ccc(F)c(-c2ccc(C)nc2-c2cnc(C#N)s2)c1	0.031269
rxn:5:182577:229065:229272	COc1ncc(-c2c(C)cc(-c3ccnc(C#N)c3)cc2C)s1	0.031240
rxn:5:182582:229065:229272	COc1ncc(-c2cc(C)cc(-c3ccnc(C#N)c3)c2C)s1	0.031240
rxn:5:182574:229065:229272	COc1ncc(-c2cc(C)c(C)cc2-c2ccnc(C#N)c2)s1	0.031240
rxn:5:182576:229065:229272	COc1ncc(-c2cc(C)c(-c3ccnc(C#N)c3)cc2C)s1	0.031240
rxn:5:195460:229207:229272	COc1ncc(-c2cc(-c3ccnc(C)c3)cc(C)c2C#N)s1	0.031240
rxn:5:179551:223462:229061	CCOc1ccc(-c2cc(C)[nH]n2)c(C)c1-c1cnn(C(C)C)c1	0.031231
rxn:5:195522:229335:229088	CCc1cc(-c2cc(C(C)=O)cs2)c(-c2cscn2)cn1	0.031219
rxn:5:181282:229270:223384	CCc1ccc(-c2ccc(C(=O)NC)nc2)c(-c2cnc(C#N)s2)c1	0.031206
rxn:5:181282:229270:223438	CCc1ccc(-c2cn[nH]c2C(F)(F)F)c(-c2cnc(C#N)s2)c1	0.031206
rxn:5:181207:229270:229308	CC(=O)c1ccc(-c2cc(C)no2)cc1-c1cnc(C#N)s1	0.031204
rxn:5:179709:229344:229270	N#Cc1ncc(-c2ccc(OC3CCC3)c(-c3cocn3)c2)s1	0.031163
rxn:5:189538:223469:229270	CC(C)N(C)C(=O)c1ccc(-c2cc[nH]n2)c(-c2cnc(C#N)s2)c1	0.031146
rxn:5:195522:229295:229088	CCc1cc(-c2cc(C(C)=O)cs2)c(-c2ccnn2C)cn1	0.031128
rxn:5:182441:228888:229177	N#Cc1cc(-c2cccc(-c3c(F)cncc3F)c2)c(F)cn1	0.031117
rxn:5:195435:229338:229017	CC(=O)c1cc(-c2cc(C)cnc2C)cc(-c2ccns2)n1	0.031085
rxn:5:191510:223462:229061	COC(=O)c1c(-c2cnn(C(C)C)c2)ccnc1-c1cc(C)[nH]n1	0.031052
rxn:5:195522:229270:229205	CCc1csc(-c2cc(CC)ncc2-c2cnc(C#N)s2)c1	0.031050
rxn:5:195463:229258:229270	Cc1cc(-c2cncc(F)c2)c(-c2cnc(C#N)s2)cc1C#N	0.031015
rxn:5:180204:223469:229270	N#Cc1ncc(-c2ccc(OC3CCOCC3)c(-c3cc[nH]n3)c2)s1	0.030999
rxn:5:180203:223469:229270	N#Cc1ncc(-c2cc(OC3CCOCC3)cc(-c3cc[nH]n3)c2)s1	0.030999
rxn:5:180204:223466:229270	N#Cc1ncc(-c2ccc(OC3CCOCC3)c(-c3cn[nH]c3)c2)s1	0.030999
rxn:5:180203:223466:229270	N#Cc1ncc(-c2cc(OC3CCOCC3)cc(-c3cn[nH]c3)c2)s1	0.030999
rxn:5:180202:223469:229270	N#Cc1ncc(-c2cc(-c3cc[nH]n3)ccc2OC2CCOCC2)s1	0.030999
rxn:5:180202:223466:229270	N#Cc1ncc(-c2cc(-c3cn[nH]c3)ccc2OC2CCOCC2)s1	0.030999
rxn:5:179551:229270:229308	CCOc1ccc(-c2cnc(C#N)s2)c(C)c1-c1cc(C)no1	0.030987
rxn:5:179547:229270:229308	CCOc1ccc(-c2cnc(C#N)s2)c(-c2cc(C)no2)c1C	0.030987
rxn:5:179537:229270:229308	CCOc1cc(C)c(-c2cnc(C#N)s2)cc1-c1cc(C)no1	0.030987
rxn:5:179546:229270:229308	CCOc1cc(-c2cc(C)no2)c(-c2cnc(C#N)s2)cc1C	0.030987
rxn:5:176759:229270:229308	COCCc1cc(-c2cc(C)no2)ccc1-c1cnc(C#N)s1	0.030980
rxn:5:181282:229270:229216	CCc1ccc(-c2ccccc2F)c(-c2cnc(C#N)s2)c1	0.030844
rxn:5:179535:229270:229308	Cc1cc(-c2ccc(OC(C)C)c(-c3cnc(C#N)s3)c2)on1	0.030833
rxn:5:179542:229270:229308	Cc1cc(-c2ccc(-c3cnc(C#N)s3)c(OC(C)C)c2)on1	0.030833
rxn:5:182503:229270:223263	CNC(=O)c1ccc(F)c(-c2ccc(C)cc2-c2cnc(C#N)s2)c1	0.030822
rxn:5:182502:229270:223263	CNC(=O)c1ccc(F)c(-c2ccc(-c3cnc(C#N)s3)cc2C)c1	0.030822
rxn:5:182505:229270:223263	CNC(=O)c1ccc(F)c(-c2cc(C)ccc2-c2cnc(C#N)s2)c1	0.030822
rxn:5:195460:229065:229311	Cc1ncc(-c2cc(-c3ccnc(C#N)c3)cc(C)c2C#N)s1	0.030816
rxn:5:195460:229065:229306	Cc1cnc(-c2cc(-c3ccnc(C#N)c3)cc(C)c2C#N)s1	0.030816
rxn:5:188521:229270:229308	CCCOc1ncc(-c2cc(C)no2)cc1-c1cnc(C#N)s1	0.030789
rxn:5:188515:229270:229308	CCCOc1nccc(-c2cnc(C#N)s2)c1-c1cc(C)no1	0.030789
rxn:5:188520:229270:229308	CCCOc1ncc(-c2cnc(C#N)s2)cc1-c1cc(C)no1	0.030789
rxn:5:179979:229344:229270	CC(C)(C)Oc1ccc(-c2cocn2)cc1-c1cnc(C#N)s1	0.030781
rxn:5:176594:229307:229311	CC(=O)COc1ccc(-c2cnoc2C)c(-c2cnc(C)s2)c1	0.030726
rxn:5:182432:229270:227668	COc1c(F)cc(-c2occc2-c2cnc(C#N)s2)c(C)c1F	0.030717
rxn:5:195322:223251:223462	COc1nccc(-c2cc(C)[nH]n2)c1-c1ccc2c(c1)OCC(=O)N2	0.030702
rxn:5:195330:223251:223462	COc1c(-c2cc(C)[nH]n2)ccnc1-c1ccc2c(c1)OCC(=O)N2	0.030702
rxn:5:176997:229344:229270	N#Cc1ncc(-c2cc(-c3cocn3)ccc2OCC2CC2)s1	0.030687
rxn:5:176994:229344:229270	N#Cc1ncc(-c2ccc(-c3cocn3)cc2OCC2CC2)s1	0.030687
rxn:5:181282:229270:223354	CCc1ccc(-c2ccc(C(=O)NC)cc2)c(-c2cnc(C#N)s2)c1	0.030650
rxn:5:181282:229270:223356	CCc1ccc(-c2cccc(C(=O)NC)c2)c(-c2cnc(C#N)s2)c1	0.030650
rxn:5:181282:229270:223355	CCc1ccc(-c2ccccc2C(=O)NC)c(-c2cnc(C#N)s2)c1	0.030650
rxn:5:195522:229270:229082	CCc1cc(-c2cc(N(C)C)cs2)c(-c2cnc(C#N)s2)cn1	0.030638
rxn:5:179197:223469:228371	N#Cc1c(F)ccc(-c2cc(-c3cc[nH]n3)ccc2OC2CC2)c1F	0.030627
rxn:5:176753:229311:229308	CCCOc1ccc(-c2cc(C)no2)cc1-c1cnc(C)s1	0.030626
rxn:5:176753:229306:229308	CCCOc1ccc(-c2cc(C)no2)cc1-c1ncc(C)s1	0.030626
rxn:5:189540:223469:229270	COC1CN(Cc2cc(-c3cc[nH]n3)ccc2-c2cnc(C#N)s2)C1	0.030585
rxn:5:189540:223466:229270	COC1CN(Cc2cc(-c3cn[nH]c3)ccc2-c2cnc(C#N)s2)C1	0.030585
rxn:5:176766:229270:229308	CCOCc1ccc(-c2cc(C)no2)cc1-c1cnc(C#N)s1	0.030580
rxn:5:176755:229270:229308	CCOCc1cc(-c2cc(C)no2)ccc1-c1cnc(C#N)s1	0.030580
rxn:5:176764:229270:229308	CCOCc1c(-c2cc(C)no2)cccc1-c1cnc(C#N)s1	0.030580
rxn:5:198231:229270:229088	CC(=O)c1csc(-c2cc(C)ncc2-c2cnc(C#N)s2)c1	0.030579
rxn:5:198230:229270:229088	CC(=O)c1csc(-c2cc(C)c(-c3cnc(C#N)s3)cn2)c1	0.030579
rxn:5:198247:229270:229088	CC(=O)c1csc(-c2cnc(C)cc2-c2cnc(C#N)s2)c1	0.030579
rxn:5:198229:229270:229088	CC(=O)c1csc(-c2cc(C)cnc2-c2cnc(C#N)s2)c1	0.030579
rxn:5:198233:229270:229088	CC(=O)c1csc(-c2ncc(C)cc2-c2cnc(C#N)s2)c1	0.030579
rxn:5:198235:229270:229088	CC(=O)c1csc(-c2cc(-c3cnc(C#N)s3)c(C)cn2)c1	0.030579
rxn:5:198237:229270:229088	CC(=O)c1csc(-c2cnc(-c3cnc(C#N)s3)cc2C)c1	0.030579
rxn:5:198238:229270:229088	CC(=O)c1csc(-c2cc(-c3cnc(C#N)s3)ncc2C)c1	0.030579
rxn:5:198280:229270:229088	CC(=O)c1csc(-c2cnc(C)c(-c3cnc(C#N)s3)c2)c1	0.030579
rxn:5:198281:229270:229088	CC(=O)c1csc(-c2cc(-c3cnc(C#N)s3)cnc2C)c1	0.030579
rxn:5:198240:229270:229088	CC(=O)c1csc(-c2c(C)ccnc2-c2cnc(C#N)s2)c1	0.030579
rxn:5:181071:228977:229166	COc1cccc(-c2cnn(C(C)=O)c2)c1-c1ccc2c(c1)CC2	0.030557
rxn:5:192572:229344:229270	N#Cc1ncc(-c2cc(-c3cocn3)ccc2C(=O)N2CCC2)s1	0.030555
rxn:5:182506:229270:229137	Cc1cccc(-c2cnc(C#N)s2)c1-c1c(F)cccc1F	0.030549
rxn:5:198123:223183:229270	CNS(=O)(=O)c1ccc(-c2cccc(-c3cnc(C#N)s3)n2)c(C)c1	0.030463
rxn:5:198122:223183:229270	CNS(=O)(=O)c1ccc(-c2ccc(-c3cnc(C#N)s3)cn2)c(C)c1	0.030463
rxn:5:195460:229227:229272	COc1ncc(-c2cc(-c3csc(C#N)c3)cc(C)c2C#N)s1	0.030442
rxn:5:181282:229270:222418	CCc1ccc(-c2ccc(S(N)(=O)=O)cc2)c(-c2cnc(C#N)s2)c1	0.030407
rxn:5:195435:229338:229034	CC(=O)c1cc(-c2cc(C)ccc2F)cc(-c2ccns2)n1	0.030349
rxn:5:179197:223466:228196	Cc1ncnc(C2CC2)c1-c1cc(-c2cn[nH]c2)ccc1OC1CC1	0.030320
rxn:5:199279:223462:229061	Cc1cc(-c2cc(-c3cnn(C(C)C)c3)cc3c2CCN(C)C3=O)n[nH]1	0.030282
rxn:5:195801:223464:223421	CNC(C)c1ccc(-c2ccnc(-c3cc[nH]c3)c2C2CC2)s1	0.030272
rxn:5:177273:229344:229270	CC(C)COc1ccc(-c2cocn2)cc1-c1cnc(C#N)s1	0.030268
rxn:5:195464:229065:229272	COc1ncc(-c2cc(C)cc(-c3ccnc(C#N)c3)c2C#N)s1	0.030225
rxn:5:195466:229065:229272	COc1ncc(-c2cc(-c3ccnc(C#N)c3)c(C)cc2C#N)s1	0.030225
rxn:5:195461:229065:229272	COc1ncc(-c2cc(C#N)cc(-c3ccnc(C#N)c3)c2C)s1	0.030225
rxn:5:195463:229065:229272	COc1ncc(-c2cc(C#N)c(C)cc2-c2ccnc(C#N)c2)s1	0.030225
rxn:5:195467:229065:229272	COc1ncc(-c2cc(C#N)cc(C)c2-c2ccnc(C#N)c2)s1	0.030225
rxn:5:195468:229065:229272	COc1ncc(-c2cc(C#N)c(C)c(-c3ccnc(C#N)c3)c2)s1	0.030225
rxn:5:195460:229060:229272	COc1ncc(-c2cc(-c3ccc(C#N)nc3)cc(C)c2C#N)s1	0.030225
rxn:5:195460:229055:229272	COc1ncc(-c2cc(-c3cncc(C#N)c3)cc(C)c2C#N)s1	0.030225
rxn:5:195460:229058:229272	COc1ncc(-c2cc(-c3cccnc3C#N)cc(C)c2C#N)s1	0.030225
rxn:5:195460:229065:229271	COc1cc(-c2cc(-c3ccnc(C#N)c3)cc(C)c2C#N)sn1	0.030225
rxn:5:195460:229065:229273	COc1ncsc1-c1cc(-c2ccnc(C#N)c2)cc(C)c1C#N	0.030225
rxn:5:191333:229065:229272	COc1ncc(-c2cc(-c3ccnc(C#N)c3)ccc2CC#N)s1	0.030212
rxn:5:182506:229270:228775	COc1ccc(-c2c(C)cccc2-c2cnc(C#N)s2)cc1F	0.030202
rxn:5:182506:229270:228784	COc1cc(-c2c(C)cccc2-c2cnc(C#N)s2)ccc1F	0.030202
rxn:5:182506:229270:228774	COc1cccc(F)c1-c1c(C)cccc1-c1cnc(C#N)s1	0.030202
rxn:5:179840:229302:229311	Cc1ncc(-c2cc(O[C@@H]3CCOC3)ccc2-c2ccnnc2)s1	0.030189
rxn:5:176756:229270:229308	CCCOc1cc(-c2cc(C)no2)ccc1-c1cnc(C#N)s1	0.030149
rxn:5:176754:229270:229308	CCCOc1ccc(-c2cnc(C#N)s2)cc1-c1cc(C)no1	0.030149
rxn:5:176752:229270:229308	CCCOc1ccc(-c2cnc(C#N)s2)c(-c2cc(C)no2)c1	0.030149
rxn:5:176757:229270:229308	CCCOc1ccc(-c2cc(C)no2)c(-c2cnc(C#N)s2)c1	0.030149
rxn:5:176758:229270:229308	CCCOc1cc(-c2cc(C)no2)cc(-c2cnc(C#N)s2)c1	0.030149
rxn:5:176753:229270:229309	CCCOc1ccc(-c2cnc(C)o2)cc1-c1cnc(C#N)s1	0.030149
rxn:5:176753:229270:229307	CCCOc1ccc(-c2cnoc2C)cc1-c1cnc(C#N)s1	0.030149
rxn:5:176753:229270:229312	CCCOc1ccc(-c2conc2C)cc1-c1cnc(C#N)s1	0.030149
rxn:5:179197:223469:228695	CN(C)Cc1cc(-c2cc(-c3cc[nH]n3)ccc2OC2CC2)cs1	0.030132
rxn:5:198243:228411:229311	COc1ccc(-c2ccnc(-c3cnc(C)s3)c2C)c(F)c1F	0.030107
rxn:5:193154:229344:229270	N#Cc1ncc(-c2cc(-c3cocn3)ccc2CN2CCCC2)s1	0.030081
rxn:5:181420:223464:223421	CNC(C)c1ccc(-c2c(OC)cc(C)cc2-c2cc[nH]c2)s1	0.030065
rxn:5:181285:223464:223421	CCc1cccc(-c2cc[nH]c2)c1-c1ccc(C(C)NC)s1	0.030060
rxn:5:179197:229240:229270	Cc1ncc(-c2ccc(OC3CC3)c(-c3cnc(C#N)s3)c2)cn1	0.030051
rxn:5:198245:229270:228455	COc1ncc(-c2ccnc(C)c2-c2cnc(C#N)s2)c(OC)n1	0.030045
rxn:5:198246:229270:228455	COc1ncc(-c2ccnc(-c3cnc(C#N)s3)c2C)c(OC)n1	0.030045
rxn:5:181071:228977:229063	COc1cccc(-c2ccncc2C#N)c1-c1ccc2c(c1)CC2	0.030003
rxn:5:177738:223469:229270	COc1cc(-c2cnc(C#N)s2)c(-c2cc[nH]n2)cc1OC1CCC1	0.029992
rxn:5:177738:223466:229270	COc1cc(-c2cnc(C#N)s2)c(-c2cn[nH]c2)cc1OC1CCC1	0.029992
rxn:5:182506:229270:229041	Cc1cccc(F)c1-c1c(C)cccc1-c1cnc(C#N)s1	0.029988
rxn:5:195463:229218:229270	Cc1cc(-c2cccc(F)c2)c(-c2cnc(C#N)s2)cc1C#N	0.029976
rxn:5:195435:229338:228985	CC(=O)c1cc(-c2ccc(C)cc2C)cc(-c2ccns2)n1	0.029959
rxn:5:195435:229338:228984	CC(=O)c1cc(-c2cc(C)ccc2C)cc(-c2ccns2)n1	0.029959
rxn:5:179197:223469:228613	CCc1ccc(-c2cc(-c3cc[nH]n3)ccc2OC2CC2)cc1F	0.029944
rxn:5:179197:223469:228964	COC(=O)c1ncc(-c2cc(-c3cc[nH]n3)ccc2OC2CC2)s1	0.029937
rxn:5:179197:223466:228964	COC(=O)c1ncc(-c2cc(-c3cn[nH]c3)ccc2OC2CC2)s1	0.029937
rxn:5:195435:229338:228711	CC(=O)c1cc(-c2cc(C)cnc2C#N)cc(-c2ccns2)n1	0.029920
rxn:5:181416:229065:229272	COc1ncc(-c2cc(-c3ccnc(C#N)c3)cc(C)c2OC)s1	0.029903
rxn:5:181415:229065:229272	COc1ncc(-c2c(C)cc(-c3ccnc(C#N)c3)cc2OC)s1	0.029903
rxn:5:195460:229071:229272	COc1cc(-c2cc(C)c(C#N)c(-c3cnc(OC)s3)c2)ccn1	0.029903
rxn:5:195435:229338:228705	CC(=O)c1cc(-c2cccnc2N(C)C)cc(-c2ccns2)n1	0.029874
rxn:5:196170:223462:229061	Cc1cc(-c2cc(S(N)(=O)=O)c(C)cc2-c2cnn(C(C)C)c2)n[nH]1	0.029865
rxn:5:178846:229270:229308	COC(=O)c1ccc(-c2cc(C)no2)cc1-c1cnc(C#N)s1	0.029798
rxn:5:178842:229270:229308	COC(=O)c1cc(-c2cc(C)no2)ccc1-c1cnc(C#N)s1	0.029798
rxn:5:178845:229270:229308	COC(=O)c1cccc(-c2cc(C)no2)c1-c1cnc(C#N)s1	0.029798
rxn:5:181076:229307:229177	CSc1cc(-c2cnoc2C)cc(-c2c(F)cncc2F)c1	0.029795
rxn:5:182013:229344:229270	N#Cc1ncc(-c2ccc(-c3cocn3)cc2C2CCOCC2)s1	0.029788
rxn:5:182012:229344:229270	N#Cc1ncc(-c2ccc(-c3cocn3)cc2C2CCCOC2)s1	0.029788
rxn:5:195463:223396:229270	Cc1cc(-c2ccc3c(c2)NCC3)c(-c2cnc(C#N)s2)cc1C#N	0.029767
rxn:5:182506:229270:228598	COc1ccc(C)cc1-c1c(C)cccc1-c1cnc(C#N)s1	0.029734
rxn:5:181076:228888:229297	CSc1cc(-c2cncnc2)cc(-c2cc(C#N)ncc2F)c1	0.029718
rxn:5:192882:229344:229270	N#Cc1ncc(-c2cc(-c3cocn3)cnc2OC2CCCC2)s1	0.029714
rxn:5:192880:229344:229270	N#Cc1ncc(-c2c(-c3cocn3)ccnc2OC2CCCC2)s1	0.029714
rxn:5:180096:229346:229270	N#Cc1ncc(-c2cc(-c3cnon3)ccc2OC2CCCC2)s1	0.029714
rxn:5:195460:229065:229270	Cc1cc(-c2ccnc(C#N)c2)cc(-c2cnc(C#N)s2)c1C#N	0.029702
rxn:5:195435:229338:228727	COc1ncc(C)cc1-c1cc(C(C)=O)nc(-c2ccns2)c1	0.029691
rxn:5:182506:229270:228305	Cc1cccc(-c2cnc(C#N)s2)c1-c1cnc(OC(C)C)cn1	0.029690
rxn:5:198127:223397:227278	N#CC1(c2ccc(-c3ccnc(-c4ccc5c(c4)CCN5)c3)cn2)CC1	0.029684
rxn:5:198125:223397:227278	N#CC1(c2ccc(-c3cc(-c4ccc5c(c4)CCN5)ccn3)cn2)CC1	0.029684
rxn:5:196978:229344:229270	N#Cc1ncc(-c2cc(-c3cocn3)ccc2N2CCCCC2)s1	0.029671
rxn:5:191515:229270:229308	COC(=O)c1cc(-c2cc(C)no2)c(-c2cnc(C#N)s2)cn1	0.029642
rxn:5:195312:228381:229311	COc1cncc(-c2c(F)cc(C#N)cc2F)c1-c1cnc(C)s1	0.029572
rxn:5:179396:229344:229270	N#Cc1ncc(-c2cc(-c3cocn3)ccc2C(=O)C2CC2)s1	0.029572
rxn:5:194942:229270:223263	CNC(=O)c1ccc(F)c(-c2ccc(C#N)cc2-c2cnc(C#N)s2)c1	0.029570
rxn:5:195460:229065:229231	CCc1ncc(-c2cc(-c3ccnc(C#N)c3)cc(C)c2C#N)s1	0.029546
rxn:5:179197:223469:228399	COc1c(F)cc(-c2cc(-c3cc[nH]n3)ccc2OC2CC2)cc1F	0.029545
rxn:5:189243:229270:229308	Cc1cc(-c2ccc(-c3cnc(C#N)s3)c(CCN(C)C)c2)on1	0.029527
rxn:5:176753:229207:229308	CCCOc1ccc(-c2cc(C)no2)cc1-c1ccnc(C)c1	0.029496
rxn:5:198559:223464:223421	CNC(C)c1ccc(C2=NS(=O)(=O)c3ccc(-c4cc[nH]c4)cc32)s1	0.029451
rxn:5:198128:228597:229008	Cc1cccc(C#N)c1-c1ccncc1-c1ccc(CF)cc1	0.029449
rxn:5:195435:229338:228569	CC(=O)c1cc(-c2ccccc2N(C)C)cc(-c2ccns2)n1	0.029434
rxn:5:195460:228992:229272	COc1ncc(-c2cc(-c3cccc(C#N)c3)cc(C)c2C#N)s1	0.029432
rxn:5:195460:228993:229272	COc1ncc(-c2cc(-c3ccc(C#N)cc3)cc(C)c2C#N)s1	0.029432
rxn:5:195460:229065:229233	COc1ccc(-c2cc(-c3ccnc(C#N)c3)cc(C)c2C#N)s1	0.029432
rxn:5:195460:229065:229236	COc1csc(-c2cc(-c3ccnc(C#N)c3)cc(C)c2C#N)c1	0.029432
rxn:5:193681:223469:229270	CN1CCC(Oc2cc(-c3cc[nH]n3)ccc2-c2cnc(C#N)s2)CC1	0.029422
rxn:5:193681:223466:229270	CN1CCC(Oc2cc(-c3cn[nH]c3)ccc2-c2cnc(C#N)s2)CC1	0.029422
rxn:5:178992:229270:229308	CCSc1ccc(-c2cnc(C#N)s2)c(-c2cc(C)no2)c1	0.029392
rxn:5:196087:223464:223421	CNC(C)c1ccc(-c2cc(-c3cc[nH]c3)ncc2C(C)C)s1	0.029387
rxn:5:195329:229270:223263	CNC(=O)c1ccc(F)c(-c2cncc(OC)c2-c2cnc(C#N)s2)c1	0.029372
rxn:5:195460:229065:229159	COc1ncc(-c2cc(-c3ccnc(C#N)c3)cc(C)c2C#N)cn1	0.029294
rxn:5:195460:229065:229162	COc1cnc(-c2cc(-c3ccnc(C#N)c3)cc(C)c2C#N)cn1	0.029294
rxn:5:195460:229065:229161	COc1ncncc1-c1cc(-c2ccnc(C#N)c2)cc(C)c1C#N	0.029294
rxn:5:195527:229270:223263	CCc1cc(-c2cnc(C#N)s2)c(-c2cc(C(=O)NC)ccc2F)cn1	0.029291
rxn:5:195522:229270:223263	CCc1cc(-c2cc(C(=O)NC)ccc2F)c(-c2cnc(C#N)s2)cn1	0.029291
rxn:5:195521:229270:223263	CCc1ccc(-c2cnc(C#N)s2)c(-c2cc(C(=O)NC)ccc2F)n1	0.029291
rxn:5:195528:229270:223263	CCc1cnc(-c2cnc(C#N)s2)cc1-c1cc(C(=O)NC)ccc1F	0.029291
rxn:5:195529:229270:223263	CCc1c(-c2cnc(C#N)s2)ccnc1-c1cc(C(=O)NC)ccc1F	0.029291
rxn:5:195523:229270:223263	CCc1ccnc(-c2cc(C(=O)NC)ccc2F)c1-c1cnc(C#N)s1	0.029291
rxn:5:195526:229270:223263	CCc1nc(-c2cc(C(=O)NC)ccc2F)ccc1-c1cnc(C#N)s1	0.029291
rxn:5:195525:229270:223263	CCc1cc(-c2cc(C(=O)NC)ccc2F)ncc1-c1cnc(C#N)s1	0.029291
rxn:5:191337:223251:223462	Cc1cc(-c2cccc(-c3ccc4c(c3)OCC(=O)N4)c2CC#N)n[nH]1	0.029277
rxn:5:195435:229338:228789	COc1cc(F)ccc1-c1cc(C(C)=O)nc(-c2ccns2)c1	0.029255
rxn:5:181063:229270:223263	CNC(=O)c1ccc(F)c(-c2ccc(OC)cc2-c2cnc(C#N)s2)c1	0.029224
rxn:5:191979:229065:229272	CCCc1cc(-c2cnc(OC)s2)c(-c2ccnc(C#N)c2)cn1	0.029217
rxn:5:182504:228888:229177	Cc1cc(-c2cc(C#N)ncc2F)cc(-c2c(F)cncc2F)c1	0.029214
rxn:5:198125:229270:228332	COc1cc(SC)c(-c2cc(-c3cnc(C#N)s3)ccn2)cn1	0.029193
rxn:5:189249:229270:229308	CCN(C)Cc1ccc(-c2cc(C)no2)cc1-c1cnc(C#N)s1	0.029191
rxn:5:179197:223446:229270	Cc1cc(-c2ccc(OC3CC3)c(-c3cnc(C#N)s3)c2)ccn1	0.029178
rxn:5:195460:229065:229070	COc1ccc(-c2cc(-c3ccnc(C#N)c3)cc(C)c2C#N)cn1	0.029173
rxn:5:195795:223251:223462	Cc1cc(-c2cc(C3CC3)c(-c3ccc4c(c3)OCC(=O)N4)cn2)n[nH]1	0.029170
rxn:5:179185:229270:229308	CCC(=O)c1cc(-c2cc(C)no2)ccc1-c1cnc(C#N)s1	0.029170
rxn:5:179203:229270:229308	CCC(=O)c1cc(-c2cc(C)no2)cc(-c2cnc(C#N)s2)c1	0.029170
rxn:5:195435:229338:228580	CC(=O)c1cc(-c2cccnc2C2CC2)cc(-c2ccns2)n1	0.029151
rxn:5:195435:229338:228595	CCc1ncc(C)cc1-c1cc(C(C)=O)nc(-c2ccns2)c1	0.029138
rxn:5:195313:228888:229177	COc1cc(-c2c(F)cncc2F)cc(-c2cc(C#N)ncc2F)n1	0.029134
rxn:5:195314:229270:229088	COc1cc(-c2cc(C(C)=O)cs2)c(-c2cnc(C#N)s2)cn1	0.029132
rxn:5:195304:229270:229088	COc1cc(-c2cnc(C#N)s2)c(-c2cc(C(C)=O)cs2)cn1	0.029132
rxn:5:195315:229270:229088	COc1cc(-c2cc(C(C)=O)cs2)ncc1-c1cnc(C#N)s1	0.029132
rxn:5:181855:229270:229308	Cc1cc(-c2ccc(C(C)(C)C)c(-c3cnc(C#N)s3)c2)on1	0.029114
rxn:5:181282:229311:223263	CCc1ccc(-c2cc(C(=O)NC)ccc2F)c(-c2cnc(C)s2)c1	0.029113
rxn:5:181282:229306:223263	CCc1ccc(-c2cc(C(=O)NC)ccc2F)c(-c2ncc(C)s2)c1	0.029113
rxn:5:180096:229344:229311	Cc1ncc(-c2cc(-c3cocn3)ccc2OC2CCCC2)s1	0.029104
rxn:5:180096:229344:229306	Cc1cnc(-c2cc(-c3cocn3)ccc2OC2CCCC2)s1	0.029104
rxn:5:177971:223469:229270	N#Cc1ncc(-c2ccc(-c3cc[nH]n3)cc2OCC2CCCC2)s1	0.029086
rxn:5:177971:223466:229270	N#Cc1ncc(-c2ccc(-c3cn[nH]c3)cc2OCC2CCCC2)s1	0.029086
rxn:5:176753:229060:229308	CCCOc1ccc(-c2cc(C)no2)cc1-c1ccc(C#N)nc1	0.029077
rxn:5:181420:223251:223462	COc1cc(C)cc(-c2ccc3c(c2)OCC(=O)N3)c1-c1cc(C)[nH]n1	0.029071
rxn:5:181582:229065:229272	CCc1cc(-c2ccnc(C#N)c2)cc(C)c1-c1cnc(OC)s1	0.029069
rxn:5:195460:228996:229272	CCc1cc(-c2cc(C)c(C#N)c(-c3cnc(OC)s3)c2)ccn1	0.029069
rxn:5:195435:229338:228598	COc1ccc(C)cc1-c1cc(C(C)=O)nc(-c2ccns2)c1	0.029036
rxn:5:176753:229270:229251	CCCOc1ccc(-c2cc(C)ncn2)cc1-c1cnc(C#N)s1	0.029032
rxn:5:179709:229270:229308	Cc1cc(-c2ccc(OC3CCC3)c(-c3cnc(C#N)s3)c2)on1	0.029031
rxn:5:191699:223251:223462	CCOc1ncc(-c2cc(C)[nH]n2)cc1-c1ccc2c(c1)OCC(=O)N2	0.029011
rxn:5:177000:229270:229308	CCOc1ccc(-c2cnc(C#N)s2)c(OC)c1-c1cc(C)no1	0.029004
rxn:5:177001:229270:229308	CCOc1c(-c2cnc(C#N)s2)ccc(OC)c1-c1cc(C)no1	0.029004
rxn:5:177002:229270:229308	CCOc1cc(-c2cc(C)no2)c(-c2cnc(C#N)s2)cc1OC	0.029004
rxn:5:177003:229270:229308	CCOc1cc(-c2cnc(C#N)s2)c(-c2cc(C)no2)cc1OC	0.029004
rxn:5:181282:229270:229134	CCc1ccc(-c2cc(F)ccc2F)c(-c2cnc(C#N)s2)c1	0.028868
rxn:5:181282:229270:229131	CCc1ccc(-c2ccc(F)cc2F)c(-c2cnc(C#N)s2)c1	0.028868
rxn:5:193809:223469:229270	CC1CCN(Cc2ccc(-c3cc[nH]n3)cc2-c2cnc(C#N)s2)CC1	0.028849
rxn:5:193809:223466:229270	CC1CCN(Cc2ccc(-c3cn[nH]c3)cc2-c2cnc(C#N)s2)CC1	0.028849
rxn:5:180095:229344:229270	N#Cc1ncc(-c2ccc(-c3cocn3)cc2OC2CCCC2)s1	0.028842
rxn:5:180098:229344:229270	N#Cc1ncc(-c2ccc(-c3cocn3)c(OC3CCCC3)c2)s1	0.028842
rxn:5:180097:229344:229270	N#Cc1ncc(-c2cc(OC3CCCC3)cc(-c3cocn3)c2)s1	0.028842
rxn:5:180096:229341:229270	N#Cc1ncc(-c2cc(-c3ccon3)ccc2OC2CCCC2)s1	0.028842
rxn:5:193052:229344:229270	N#Cc1ncc(-c2cc(-c3cocn3)ccc2C(=O)N2CCCC2)s1	0.028836
rxn:5:195460:229065:229061	Cc1cc(-c2ccnc(C#N)c2)cc(-c2cnn(C(C)C)c2)c1C#N	0.028813
rxn:5:188390:223462:229061	CCOC(=O)c1c(-c2cnn(C(C)C)c2)ccnc1-c1cc(C)[nH]n1	0.028803
rxn:5:176753:229272:229308	CCCOc1ccc(-c2cc(C)no2)cc1-c1cnc(OC)s1	0.028798
rxn:5:176753:229270:229313	CCCOc1ccc(-c2cc(C)ns2)cc1-c1cnc(C#N)s1	0.028778
rxn:5:189081:229270:229308	Cc1cc(-c2ccc(CC(=O)N(C)C)c(-c3cnc(C#N)s3)c2)on1	0.028777
rxn:5:178975:223464:223421	CCOc1ccc(-c2cc[nH]c2)cc1-c1ccc(C(C)NC)s1	0.028777
rxn:5:178978:223464:223421	CCOc1cc(-c2cc[nH]c2)ccc1-c1ccc(C(C)NC)s1	0.028777
rxn:5:181070:228888:229177	COc1cc(-c2cc(C#N)ncc2F)cc(-c2c(F)cncc2F)c1	0.028773
rxn:5:195522:229311:229088	CCc1cc(-c2cc(C(C)=O)cs2)c(-c2cnc(C)s2)cn1	0.028748
rxn:5:195522:229306:229088	CCc1cc(-c2cc(C(C)=O)cs2)c(-c2ncc(C)s2)cn1	0.028748
rxn:5:182841:229065:229272	COc1ncc(-c2cc3c(cc2-c2ccnc(C#N)c2)C(=O)CC3)s1	0.028739
rxn:5:194948:229270:229088	CC(=O)c1csc(-c2cc(C#N)ccc2-c2cnc(C#N)s2)c1	0.028736
rxn:5:176594:229266:229311	CC(=O)COc1ccc(-c2oc(C)nc2C)c(-c2cnc(C)s2)c1	0.028715
rxn:5:182432:228127:223271	COc1cccc(C#N)c1-c1ccoc1-c1ccc(F)c(NC(C)=O)c1	0.028712
rxn:5:176753:229230:229308	CCCOc1ccc(-c2cc(C)no2)cc1-c1cc(C#N)cs1	0.028674
rxn:5:176753:229226:229308	CCCOc1ccc(-c2cc(C)no2)cc1-c1ccc(C#N)s1	0.028674
rxn:5:176753:229270:229294	CCCOc1ccc(-c2coc(C)c2)cc1-c1cnc(C#N)s1	0.028674
rxn:5:182574:229270:223263	CNC(=O)c1ccc(F)c(-c2cc(C)c(C)cc2-c2cnc(C#N)s2)c1	0.028650
rxn:5:182576:229270:223263	CNC(=O)c1ccc(F)c(-c2cc(C)c(-c3cnc(C#N)s3)cc2C)c1	0.028650
rxn:5:182578:229270:223263	CNC(=O)c1ccc(F)c(-c2ccc(-c3cnc(C#N)s3)c(C)c2C)c1	0.028650
rxn:5:198248:223183:229270	CNS(=O)(=O)c1ccc(-c2ccnc(C)c2-c2cnc(C#N)s2)c(C)c1	0.028641
rxn:5:198280:223183:229270	CNS(=O)(=O)c1ccc(-c2cc(-c3cnc(C#N)s3)cnc2C)c(C)c1	0.028641
rxn:5:179197:223469:228388	Cc1cnc(C(F)F)cc1-c1cc(-c2cc[nH]n2)ccc1OC1CC1	0.028641
rxn:5:181282:229270:223272	CCc1ccc(-c2ccc(C(=O)NC)cc2F)c(-c2cnc(C#N)s2)c1	0.028641
rxn:5:181282:229270:223264	CCc1ccc(-c2ccc(F)c(C(=O)NC)c2)c(-c2cnc(C#N)s2)c1	0.028641
rxn:5:181282:229270:223267	CCc1ccc(-c2ccc(C(=O)NC)c(F)c2)c(-c2cnc(C#N)s2)c1	0.028641
rxn:5:181282:229270:223273	CCc1ccc(-c2cccc(C(=O)NC)c2F)c(-c2cnc(C#N)s2)c1	0.028641
rxn:5:181277:229270:223263	CCc1ccc(-c2cnc(C#N)s2)c(-c2cc(C(=O)NC)ccc2F)c1	0.028641
rxn:5:181276:229270:223263	CCc1cc(-c2cnc(C#N)s2)ccc1-c1cc(C(=O)NC)ccc1F	0.028641
rxn:5:181284:229270:223263	CCc1cc(-c2cnc(C#N)s2)cc(-c2cc(C(=O)NC)ccc2F)c1	0.028641
rxn:5:181278:229270:223263	CCc1ccc(-c2cc(C(=O)NC)ccc2F)cc1-c1cnc(C#N)s1	0.028641
rxn:5:181279:229270:223263	CCc1cccc(-c2cc(C(=O)NC)ccc2F)c1-c1cnc(C#N)s1	0.028641
rxn:5:181280:229270:223263	CCc1cc(-c2cc(C(=O)NC)ccc2F)ccc1-c1cnc(C#N)s1	0.028641
rxn:5:181281:229270:223263	CCc1ccc(-c2cnc(C#N)s2)cc1-c1cc(C(=O)NC)ccc1F	0.028641
rxn:5:181283:229270:223263	CCc1c(-c2cnc(C#N)s2)cccc1-c1cc(C(=O)NC)ccc1F	0.028641
rxn:5:181285:229270:223263	CCc1cccc(-c2cnc(C#N)s2)c1-c1cc(C(=O)NC)ccc1F	0.028641
rxn:5:181282:229270:223260	CCc1ccc(-c2cc(F)cc(C(=O)NC)c2)c(-c2cnc(C#N)s2)c1	0.028641
rxn:5:181282:229270:223266	CCc1ccc(-c2cc(F)ccc2C(=O)NC)c(-c2cnc(C#N)s2)c1	0.028641
rxn:5:179197:223469:228176	COCc1ccc(-c2cc(-c3cc[nH]n3)ccc2OC2CC2)cc1F	0.028640
rxn:5:182657:223466:229270	N#Cc1ncc(-c2c(-c3cn[nH]c3)sc3ccccc23)s1	0.028600
rxn:5:191556:229065:229272	COc1ncc(-c2cc(C#N)c(OC)cc2-c2ccnc(C#N)c2)s1	0.028587
rxn:5:176587:223462:229061	CCOC(=O)c1ccc(-c2cc(C)[nH]n2)cc1-c1cnn(C(C)C)c1	0.028542
rxn:5:179197:223469:226466	CN1C(=O)COc2cc(-c3cc(-c4cc[nH]n4)ccc3OC3CC3)ccc21	0.028532
rxn:5:198126:223466:227137	CCn1cnc2cc(-c3ccncc3-c3cn[nH]c3)ccc21	0.028527
rxn:5:181207:223464:223421	CNC(C)c1ccc(-c2ccc(C(C)=O)c(-c3cc[nH]c3)c2)s1	0.028527
rxn:5:195435:229338:228832	CC(=O)c1cc(-c2cc(C)cc(F)c2F)cc(-c2ccns2)n1	0.028519
rxn:5:177450:229344:229270	N#Cc1ncc(-c2ccc(-c3cocn3)cc2OCC2CCC2)s1	0.028518
rxn:5:182505:223183:229270	CNS(=O)(=O)c1ccc(-c2ccc(C)cc2-c2cnc(C#N)s2)c(C)c1	0.028506
rxn:5:182503:223183:229270	CNS(=O)(=O)c1ccc(-c2cc(C)ccc2-c2cnc(C#N)s2)c(C)c1	0.028506
rxn:5:182498:223183:229270	CNS(=O)(=O)c1ccc(-c2cccc(-c3cnc(C#N)s3)c2C)c(C)c1	0.028506
rxn:5:182506:229270:228503	Cc1cccc(-c2cnc(C#N)s2)c1-c1ccc2c(c1)CCC2	0.028506
rxn:5:178117:223469:229270	N#Cc1ncc(-c2ccc(-c3cc[nH]n3)cc2OCC2CCOCC2)s1	0.028490
rxn:5:178117:223466:229270	N#Cc1ncc(-c2ccc(-c3cn[nH]c3)cc2OCC2CCOCC2)s1	0.028490
rxn:5:179978:229270:229308	Cc1cc(-c2ccc(OC(C)(C)C)c(-c3cnc(C#N)s3)c2)on1	0.028486
rxn:5:181282:229270:228749	CCc1ccc(-c2cc(C#N)ccc2F)c(-c2cnc(C#N)s2)c1	0.028463
rxn:5:181282:229270:223231	CCc1ccc(-c2ccc(C(=O)NC)c(C)c2)c(-c2cnc(C#N)s2)c1	0.028445
rxn:5:195460:228888:229272	COc1ncc(-c2cc(-c3cc(C#N)ncc3F)cc(C)c2C#N)s1	0.028434
rxn:5:195460:228885:229272	COc1ncc(-c2cc(-c3cnc(C#N)c(F)c3)cc(C)c2C#N)s1	0.028434
rxn:5:195522:229270:229009	CCc1cc(-c2cc(C3CC3)cs2)c(-c2cnc(C#N)s2)cn1	0.028412
rxn:5:179197:223466:223240	c1cc(OC2CC2)c(-c2ccc(C3CCNC3)nc2)cc1-c1cn[nH]c1	0.028398
rxn:5:195527:229270:229088	CCc1cc(-c2cnc(C#N)s2)c(-c2cc(C(C)=O)cs2)cn1	0.028392
rxn:5:195525:229270:229088	CCc1cc(-c2cc(C(C)=O)cs2)ncc1-c1cnc(C#N)s1	0.028392
rxn:5:195528:229270:229088	CCc1cnc(-c2cnc(C#N)s2)cc1-c1cc(C(C)=O)cs1	0.028392
rxn:5:195521:229270:229088	CCc1ccc(-c2cnc(C#N)s2)c(-c2cc(C(C)=O)cs2)n1	0.028392
rxn:5:195524:229270:229088	CCc1cc(-c2cnc(C#N)s2)cnc1-c1cc(C(C)=O)cs1	0.028392
rxn:5:195529:229270:229088	CCc1c(-c2cnc(C#N)s2)ccnc1-c1cc(C(C)=O)cs1	0.028392
rxn:5:195522:229270:229090	CCc1cc(-c2csc(C(C)=O)c2)c(-c2cnc(C#N)s2)cn1	0.028392
rxn:5:195522:229270:229086	CCc1cc(-c2ccc(C(C)=O)s2)c(-c2cnc(C#N)s2)cn1	0.028392
rxn:5:195522:229270:229089	CCc1cc(-c2ccsc2C(C)=O)c(-c2cnc(C#N)s2)cn1	0.028392
rxn:5:195522:229270:229087	CCc1cc(-c2sccc2C(C)=O)c(-c2cnc(C#N)s2)cn1	0.028392
rxn:5:194944:228888:229177	N#Cc1cc(-c2cc(C#N)ncc2F)cc(-c2c(F)cncc2F)c1	0.028383
rxn:5:198328:229270:229088	CC(=O)c1csc(-c2ncc(-c3cnc(C#N)s3)c(C)c2C)c1	0.028382
rxn:5:198324:229270:229088	CC(=O)c1csc(-c2c(-c3cnc(C#N)s3)cnc(C)c2C)c1	0.028382
rxn:5:195676:228381:229311	Cc1ncc(-c2cc(S(N)(=O)=O)ccc2-c2c(F)cc(C#N)cc2F)s1	0.028379
rxn:5:191907:229065:229272	COc1ncc(-c2cc(C)c(-c3ccnc(C#N)c3)cc2CC#N)s1	0.028368
rxn:5:191908:229065:229272	COc1ncc(-c2cc(CC#N)cc(-c3ccnc(C#N)c3)c2C)s1	0.028368
rxn:5:177287:229270:229308	Cc1cc(-c2ccc(-c3cnc(C#N)s3)c(COC(C)C)c2)on1	0.028359
rxn:5:177286:229270:229308	Cc1cc(-c2ccc(COC(C)C)c(-c3cnc(C#N)s3)c2)on1	0.028359
rxn:5:195435:229338:228695	CC(=O)c1cc(-c2csc(CN(C)C)c2)cc(-c2ccns2)n1	0.028327
rxn:5:195460:228709:229272	COc1ncc(-c2cc(-c3cc(C)nc(C#N)c3)cc(C)c2C#N)s1	0.028324
rxn:5:195460:228714:229272	COc1ncc(-c2cc(-c3cnc(C#N)cc3C)cc(C)c2C#N)s1	0.028324
rxn:5:195460:228719:229272	COc1ncc(-c2cc(-c3cc(C#N)ncc3C)cc(C)c2C#N)s1	0.028324
rxn:5:195460:228716:229272	COc1ncc(-c2cc(-c3cnc(C#N)c(C)c3)cc(C)c2C#N)s1	0.028324
rxn:5:195460:228715:229272	COc1ncc(-c2cc(-c3ccc(C#N)nc3C)cc(C)c2C#N)s1	0.028324
rxn:5:195460:228706:229272	COc1ncc(-c2cc(-c3ccnc(N(C)C)c3)cc(C)c2C#N)s1	0.028317
rxn:5:198120:229272:223000	COc1ncc(-c2ccc(-c3ccc(C4CCCNC4)c(F)c3)nc2)s1	0.028315
rxn:5:198140:229272:223000	COc1ncc(-c2cncc(-c3ccc(C4CCCNC4)c(F)c3)c2)s1	0.028315
rxn:5:196174:229065:229272	COc1ncc(-c2cc(-c3ccnc(C#N)c3)cc(C)c2S(N)(=O)=O)s1	0.028313
rxn:5:180204:229344:229270	N#Cc1ncc(-c2ccc(OC3CCOCC3)c(-c3cocn3)c2)s1	0.028302
rxn:5:180202:229344:229270	N#Cc1ncc(-c2cc(-c3cocn3)ccc2OC2CCOCC2)s1	0.028302
rxn:5:181282:229270:229034	CCc1ccc(-c2cc(C)ccc2F)c(-c2cnc(C#N)s2)c1	0.028292
rxn:5:181282:229270:229031	CCc1ccc(-c2ccc(C)cc2F)c(-c2cnc(C#N)s2)c1	0.028292
rxn:5:181282:229270:229029	CCc1ccc(-c2ccc(F)c(C)c2)c(-c2cnc(C#N)s2)c1	0.028292
rxn:5:178122:223469:229270	N#Cc1ncc(-c2cc(-c3cc[nH]n3)ccc2COC2CCCCO2)s1	0.028243
rxn:5:178122:223466:229270	N#Cc1ncc(-c2cc(-c3cn[nH]c3)ccc2COC2CCCCO2)s1	0.028243
rxn:5:176564:229270:229308	COC(=O)Cc1ccc(-c2cc(C)no2)cc1-c1cnc(C#N)s1	0.028215
rxn:5:176566:229270:229308	COC(=O)Cc1cc(-c2cc(C)no2)ccc1-c1cnc(C#N)s1	0.028215
rxn:5:196189:229201:229270	Cc1ccccc1-c1ccc(C2=NCCO2)cc1-c1cnc(C#N)s1	0.028209
rxn:5:198522:223469:229270	N#Cc1ncc(-c2c[nH]c3ccc(-c4cc[nH]n4)cc23)s1	0.028203
rxn:5:198527:223469:229270	N#Cc1ncc(-c2c[nH]c3cc(-c4cc[nH]n4)ccc23)s1	0.028203
rxn:5:198516:223469:229270	N#Cc1ncc(-c2cc(-c3cc[nH]n3)cc3[nH]ccc23)s1	0.028203
rxn:5:198522:223466:229270	N#Cc1ncc(-c2c[nH]c3ccc(-c4cn[nH]c4)cc23)s1	0.028203
rxn:5:198527:223466:229270	N#Cc1ncc(-c2c[nH]c3cc(-c4cn[nH]c4)ccc23)s1	0.028203
rxn:5:198526:223466:229270	N#Cc1ncc(-c2ccc3cc[nH]c3c2-c2cn[nH]c2)s1	0.028203
rxn:5:198525:223466:229270	N#Cc1ncc(-c2c(-c3cn[nH]c3)ccc3cc[nH]c23)s1	0.028203
rxn:5:194942:229272:228821	COc1ncc(-c2cc(C#N)ccc2-c2ccc(C)c(F)c2F)s1	0.028201
rxn:5:181067:228381:229311	COc1ccc(-c2c(F)cc(C#N)cc2F)c(-c2cnc(C)s2)c1	0.028201
rxn:5:182506:229270:228406	COc1ccc(F)c(-c2c(C)cccc2-c2cnc(C#N)s2)c1F	0.028201
rxn:5:182506:229270:228401	COc1c(F)ccc(F)c1-c1c(C)cccc1-c1cnc(C#N)s1	0.028201
rxn:5:182506:229270:228411	COc1ccc(-c2c(C)cccc2-c2cnc(C#N)s2)c(F)c1F	0.028201
rxn:5:182506:229270:228400	COc1c(-c2c(C)cccc2-c2cnc(C#N)s2)ccc(F)c1F	0.028201
rxn:5:182506:229270:228403	COc1c(F)ccc(-c2c(C)cccc2-c2cnc(C#N)s2)c1F	0.028201
rxn:5:182506:229270:228396	COc1cc(F)c(-c2c(C)cccc2-c2cnc(C#N)s2)c(F)c1	0.028201
rxn:5:181063:228381:229311	COc1ccc(-c2cnc(C)s2)c(-c2c(F)cc(C#N)cc2F)c1	0.028201
rxn:5:182506:229270:228407	COc1ccc(F)c(F)c1-c1c(C)cccc1-c1cnc(C#N)s1	0.028201
rxn:5:182506:229270:228416	COc1cc(F)cc(F)c1-c1c(C)cccc1-c1cnc(C#N)s1	0.028201
rxn:5:179197:229280:229270	N#Cc1ncc(-c2cc(-c3cnc(F)nc3)ccc2OC2CC2)s1	0.028180
rxn:5:195522:229270:228750	CCc1cc(-c2cncc(C(C)=O)c2)c(-c2cnc(C#N)s2)cn1	0.028165
rxn:5:195435:229338:228648	CC(=O)c1cc(-c2cc(C)cc(C)c2F)cc(-c2ccns2)n1	0.028148
rxn:5:179397:229270:229308	COC(=O)c1cc(-c2cc(C)no2)c(C)c(-c2cnc(C#N)s2)c1	0.028139
rxn:5:177272:229270:229308	Cc1cc(-c2ccc(OCC(C)C)c(-c3cnc(C#N)s3)c2)on1	0.028110
rxn:5:177276:229270:229308	Cc1cc(-c2ccc(-c3cnc(C#N)s3)c(OCC(C)C)c2)on1	0.028110
rxn:5:194948:228381:229311	Cc1ncc(-c2cc(C#N)ccc2-c2c(F)cc(C#N)cc2F)s1	0.028091
rxn:5:195463:229133:229270	Cc1cc(-c2cc(F)cc(F)c2)c(-c2cnc(C#N)s2)cc1C#N	0.028091
rxn:5:182506:229270:228375	Cc1cccc(-c2cnc(C#N)s2)c1-c1c(F)ccc(C#N)c1F	0.028091
rxn:5:176753:228817:229308	CCCOc1ccc(-c2cc(C)no2)cc1-c1ccc(C)n(C)c1=O	0.028090
rxn:5:182505:228381:229311	Cc1ccc(-c2c(F)cc(C#N)cc2F)c(-c2cnc(C)s2)c1	0.028052
rxn:5:182506:229270:228833	Cc1ccc(F)c(-c2c(C)cccc2-c2cnc(C#N)s2)c1F	0.028052
rxn:5:182506:229270:228840	Cc1cccc(-c2cnc(C#N)s2)c1-c1c(F)ccc(F)c1C	0.028052
rxn:5:182506:229270:228830	Cc1cccc(-c2cnc(C#N)s2)c1-c1ccc(F)c(C)c1F	0.028052
rxn:5:182506:229270:228844	Cc1cccc(-c2cnc(C#N)s2)c1-c1ccc(F)c(F)c1C	0.028052
rxn:5:195307:228259:229270	COc1cnc(-c2cc(C)cc(OC)c2F)c(-c2cnc(C#N)s2)c1	0.028048
rxn:5:195303:228259:229270	COc1cnc(-c2cnc(C#N)s2)c(-c2cc(C)cc(OC)c2F)c1	0.028048
rxn:5:195313:228259:229270	COc1cc(-c2cnc(C#N)s2)cc(-c2cc(C)cc(OC)c2F)n1	0.028048
rxn:5:193540:229344:229270	N#Cc1ncc(-c2cc(-c3cocn3)ccc2CN2CCCCC2)s1	0.028031
rxn:5:195675:229272:228821	COc1ncc(-c2cc(S(N)(=O)=O)ccc2-c2ccc(C)c(F)c2F)s1	0.028026
rxn:5:195679:229272:228821	COc1ncc(-c2cc(-c3ccc(C)c(F)c3F)cc(S(N)(=O)=O)c2)s1	0.028026
rxn:5:181076:228888:229281	CSc1cc(-c2cnc(F)cn2)cc(-c2cc(C#N)ncc2F)c1	0.028019
rxn:5:191915:229065:229272	COc1ncc(-c2cc(-c3ccnc(C#N)c3)ccc2C(C)C#N)s1	0.027995
rxn:5:188410:229270:229308	CCOC(=O)c1ncc(-c2cc(C)no2)cc1-c1cnc(C#N)s1	0.027992
rxn:5:199106:229296:223466	Cc1c(-c2cnn(C)c2)ccc2nccc(-c3cn[nH]c3)c12	0.027976
rxn:5:179197:223469:228338	c1cc(-c2ccc(OC3CC3)c(-c3cnc(OC4CCC4)s3)c2)n[nH]1	0.027971
rxn:5:179197:223466:228338	c1cc(OC2CC2)c(-c2cnc(OC3CCC3)s2)cc1-c1cn[nH]c1	0.027971
rxn:5:176589:229270:229308	CCOC(=O)c1ccc(-c2cc(C)no2)cc1-c1cnc(C#N)s1	0.027971
rxn:5:176593:229270:229308	CCOC(=O)c1cc(-c2cc(C)no2)ccc1-c1cnc(C#N)s1	0.027971
rxn:5:176753:229270:229256	CCCOc1ccc(-c2c(C)noc2C)cc1-c1cnc(C#N)s1	0.027957
rxn:5:177280:229270:229308	CCCOc1c(C)cc(-c2cnc(C#N)s2)cc1-c1cc(C)no1	0.027957
rxn:5:195463:228718:229270	Cc1cc(-c2cc(C#N)cnc2C)c(-c2cnc(C#N)s2)cc1C#N	0.027943
rxn:5:180096:229344:229060	N#Cc1ccc(-c2cc(-c3cocn3)ccc2OC2CCCC2)cn1	0.027942
rxn:5:182503:229272:228821	COc1ncc(-c2cc(C)ccc2-c2ccc(C)c(F)c2F)s1	0.027938
rxn:5:198121:227034:229057	N#Cc1cccc(C2CC2)c1-c1cccnc1-c1cnn(C2CC2)c1	0.027931
rxn:5:179197:229159:229270	COc1ncc(-c2ccc(OC3CC3)c(-c3cnc(C#N)s3)c2)cn1	0.027918
rxn:5:181282:229060:223263	CCc1ccc(-c2cc(C(=O)NC)ccc2F)c(-c2ccc(C#N)nc2)c1	0.027893
rxn:5:181078:223251:223462	CSc1cc(-c2cc(C)[nH]n2)ccc1-c1ccc2c(c1)OCC(=O)N2	0.027887
rxn:5:181284:228888:229177	CCc1cc(-c2cc(C#N)ncc2F)cc(-c2c(F)cncc2F)c1	0.027883
rxn:5:198673:223469:229270	N#Cc1ncc(-c2cnc3ccccc3c2-c2cc[nH]n2)s1	0.027872
rxn:5:198643:223469:229270	N#Cc1ncc(-c2cccc3ccc(-c4cc[nH]n4)nc23)s1	0.027872
rxn:5:195460:229065:229017	Cc1cnc(C)c(-c2cc(-c3ccnc(C#N)c3)cc(C)c2C#N)c1	0.027855
rxn:5:180096:229298:229270	N#Cc1ncc(-c2cc(-c3cnccn3)ccc2OC2CCCC2)s1	0.027835
rxn:5:181282:229270:228796	CCc1ccc(-c2cc(OC)ccc2F)c(-c2cnc(C#N)s2)c1	0.027827
rxn:5:176594:229055:229311	CC(=O)COc1ccc(-c2cncc(C#N)c2)c(-c2cnc(C)s2)c1	0.027808
rxn:5:179197:223396:229270	N#Cc1ncc(-c2cc(-c3ccc4c(c3)NCC4)ccc2OC2CC2)s1	0.027798
rxn:5:176594:229230:229311	CC(=O)COc1ccc(-c2cc(C#N)cs2)c(-c2cnc(C)s2)c1	0.027785
rxn:5:195460:229065:228882	COc1ncc(-c2cc(-c3ccnc(C#N)c3)cc(C)c2C#N)c(C)n1	0.027783
rxn:5:180096:229344:229272	COc1ncc(-c2cc(-c3cocn3)ccc2OC2CCCC2)s1	0.027780
rxn:5:180096:229344:229271	COc1cc(-c2cc(-c3cocn3)ccc2OC2CCCC2)sn1	0.027780
rxn:5:180096:229344:229273	COc1ncsc1-c1cc(-c2cocn2)ccc1OC1CCCC1	0.027780
rxn:5:199106:223464:229336	Cc1c(-c2cc[nH]c2)ccc2nccc(-c3cncs3)c12	0.027773
rxn:5:182506:229270:228277	COc1ccc(F)c(C)c1-c1c(C)cccc1-c1cnc(C#N)s1	0.027758
rxn:5:182506:229270:228267	COc1c(C)ccc(F)c1-c1c(C)cccc1-c1cnc(C#N)s1	0.027758
rxn:5:182506:229270:228252	COc1ccc(C)c(F)c1-c1c(C)cccc1-c1cnc(C#N)s1	0.027758
rxn:5:182506:229270:228258	COc1c(F)ccc(C)c1-c1c(C)cccc1-c1cnc(C#N)s1	0.027758
rxn:5:182506:229270:228254	COc1ccc(-c2c(C)cccc2-c2cnc(C#N)s2)c(C)c1F	0.027758
rxn:5:182506:229270:228257	COc1cc(C)cc(F)c1-c1c(C)cccc1-c1cnc(C#N)s1	0.027758
rxn:5:179197:223466:222414	Cc1ccc(S(N)(=O)=O)c(-c2cc(-c3cn[nH]c3)ccc2OC2CC2)c1	0.027737
rxn:5:195435:229338:228519	CC(=O)c1cc(-c2c(C)cc(C)cc2C)cc(-c2ccns2)n1	0.027708
rxn:5:195463:228720:229270	Cc1cc(-c2c(C)cnn2C(C)C)c(-c2cnc(C#N)s2)cc1C#N	0.027704
rxn:5:195460:223360:229272	CNCc1cccc(-c2cc(C)c(C#N)c(-c3cnc(OC)s3)c2)c1F	0.027693
rxn:5:195463:229045:229270	Cc1cc(F)cc(-c2cc(C)c(C#N)cc2-c2cnc(C#N)s2)c1	0.027688
rxn:5:191338:229270:223263	CNC(=O)c1ccc(F)c(-c2ccc(CC#N)cc2-c2cnc(C#N)s2)c1	0.027680
rxn:5:191332:229270:223263	CNC(=O)c1ccc(F)c(-c2cc(CC#N)ccc2-c2cnc(C#N)s2)c1	0.027680
rxn:5:195463:223260:229270	CNC(=O)c1cc(F)cc(-c2cc(C)c(C#N)cc2-c2cnc(C#N)s2)c1	0.027677
rxn:5:195463:229270:223263	CNC(=O)c1ccc(F)c(-c2cc(C#N)c(C)cc2-c2cnc(C#N)s2)c1	0.027677
rxn:5:195461:229270:223263	CNC(=O)c1ccc(F)c(-c2cc(C#N)cc(-c3cnc(C#N)s3)c2C)c1	0.027677
rxn:5:198126:229009:228574	Cc1ccc(-c2ccncc2-c2cc(C3CC3)cs2)c(C#N)c1	0.027665
rxn:5:198128:229009:228574	Cc1ccc(-c2cnccc2-c2cc(C3CC3)cs2)c(C#N)c1	0.027665
rxn:5:179400:229272:229295	COc1ncc(-c2cc(C(=O)C3CC3)ccc2-c2ccnn2C)s1	0.027639
rxn:5:198245:223397:227278	Cc1nccc(-c2ccc(C3(C#N)CC3)nc2)c1-c1ccc2c(c1)CCN2	0.027617
rxn:5:198246:223397:227278	Cc1c(-c2ccc(C3(C#N)CC3)nc2)ccnc1-c1ccc2c(c1)CCN2	0.027617
rxn:5:198249:223397:227278	Cc1cncc(-c2ccc(C3(C#N)CC3)nc2)c1-c1ccc2c(c1)CCN2	0.027617
rxn:5:181076:229255:229177	CSc1cc(-c2ccncc2F)cc(-c2c(F)cncc2F)c1	0.027598
rxn:5:181076:229263:229177	CSc1cc(-c2cnccc2F)cc(-c2c(F)cncc2F)c1	0.027598
rxn:5:193329:229344:229270	N#Cc1ncc(-c2c(-c3cocn3)ccnc2OC2CCCCC2)s1	0.027590
rxn:5:181282:229272:223263	CCc1ccc(-c2cc(C(=O)NC)ccc2F)c(-c2cnc(OC)s2)c1	0.027575
rxn:5:195460:229065:228908	COc1cc(-c2cc(-c3ccnc(C#N)c3)cc(C)c2C#N)c(F)cn1	0.027566
rxn:5:195460:229065:228897	COc1ncc(F)cc1-c1cc(-c2ccnc(C#N)c2)cc(C)c1C#N	0.027566
rxn:5:195460:229065:228933	COc1cc(F)c(-c2cc(-c3ccnc(C#N)c3)cc(C)c2C#N)cn1	0.027566
rxn:5:179197:223466:223269	CC(=O)Nc1ccc(-c2cc(-c3cn[nH]c3)ccc2OC2CC2)cc1F	0.027563
rxn:5:195435:229338:228325	COc1cc(OC)c(-c2cc(C(C)=O)nc(-c3ccns3)c2)cn1	0.027561
rxn:5:195460:228697:229272	COCc1cc(-c2cc(C)c(C#N)c(-c3cnc(OC)s3)c2)ccn1	0.027549
rxn:5:195460:229065:229053	COCc1ccc(-c2cc(-c3ccnc(C#N)c3)cc(C)c2C#N)s1	0.027539
rxn:5:195460:228723:229272	COc1ncc(-c2cc(-c3ccc(C#N)c(F)c3)cc(C)c2C#N)s1	0.027537
rxn:5:195460:228744:229272	COc1ncc(-c2cc(-c3ccc(F)c(C#N)c3)cc(C)c2C#N)s1	0.027537
rxn:5:195460:228725:229272	COc1ncc(-c2cc(-c3cc(F)cc(C#N)c3)cc(C)c2C#N)s1	0.027537
rxn:5:195463:228787:229270	COc1cc(F)cc(-c2cc(C)c(C#N)cc2-c2cnc(C#N)s2)c1	0.027537
rxn:5:195322:229270:228455	COc1ncc(-c2ccnc(OC)c2-c2cnc(C#N)s2)c(OC)n1	0.027510
rxn:5:195330:229270:228455	COc1ncc(-c2ccnc(-c3cnc(C#N)s3)c2OC)c(OC)n1	0.027510
rxn:5:195435:229338:227943	CC(=O)c1cc(-c2cc(C)ccc2N(C)C)cc(-c2ccns2)n1	0.027498
rxn:5:182506:229270:228639	Cc1ccc(-c2c(C)cccc2-c2cnc(C#N)s2)c(C)c1F	0.027478
rxn:5:182506:229270:228635	Cc1cccc(-c2cnc(C#N)s2)c1-c1ccc(F)c(C)c1C	0.027478
rxn:5:181068:228411:229311	COc1ccc(-c2cccc(OC)c2-c2cnc(C)s2)c(F)c1F	0.027473
rxn:5:181067:228411:229311	COc1ccc(-c2ccc(OC)c(F)c2F)c(-c2cnc(C)s2)c1	0.027473
rxn:5:181063:229272:228821	COc1ccc(-c2ccc(C)c(F)c2F)c(-c2cnc(OC)s2)c1	0.027473
rxn:5:195460:229065:228727	COc1ncc(C)cc1-c1cc(-c2ccnc(C#N)c2)cc(C)c1C#N	0.027464
rxn:5:195460:229065:228733	COc1cc(C)ncc1-c1cc(-c2ccnc(C#N)c2)cc(C)c1C#N	0.027464
rxn:5:195460:229065:228739	COc1cc(-c2cc(-c3ccnc(C#N)c3)cc(C)c2C#N)c(C)cn1	0.027464
rxn:5:195460:229065:228748	COc1cc(C)c(-c2cc(-c3ccnc(C#N)c3)cc(C)c2C#N)cn1	0.027464
rxn:5:195460:229065:228757	COc1cnc(C)cc1-c1cc(-c2ccnc(C#N)c2)cc(C)c1C#N	0.027464
rxn:5:195460:229065:228728	COc1ncc(-c2cc(-c3ccnc(C#N)c3)cc(C)c2C#N)cc1C	0.027464
rxn:5:195460:229065:228761	COc1cc(-c2cc(-c3ccnc(C#N)c3)cc(C)c2C#N)cnc1C	0.027464
rxn:5:179393:223464:223421	CNC(C)c1ccc(-c2cc(OC3COC3)cc(-c3cc[nH]c3)c2)s1	0.027461
rxn:5:195435:229338:227902	CCc1cc(-c2cc(C(C)=O)nc(-c3ccns3)c2)ccc1C#N	0.027454
rxn:5:195522:229270:228602	CCc1cc(-c2ccc(C(C)=O)cc2)c(-c2cnc(C#N)s2)cn1	0.027454
rxn:5:195522:229270:228603	CCc1cc(-c2cccc(C(C)=O)c2)c(-c2cnc(C#N)s2)cn1	0.027454
rxn:5:195522:229060:229088	CCc1cc(-c2cc(C(C)=O)cs2)c(-c2ccc(C#N)nc2)cn1	0.027454
rxn:5:195522:229270:228694	CCc1cc(-c2cc(N(C)CC)cs2)c(-c2cnc(C#N)s2)cn1	0.027447
rxn:5:195460:223242:229272	COc1ncc(-c2cc(-c3ccnc(C4CCNC4)c3)cc(C)c2C#N)s1	0.027444
rxn:5:195522:229270:229010	CCc1cc(-c2cc(C(C)C)cs2)c(-c2cnc(C#N)s2)cn1	0.027441
rxn:5:195324:228994:229057	CSc1ccc(-c2ccccc2C#N)c(-c2cnn(C3CC3)c2)n1	0.027425
rxn:5:194398:229344:229270	N#Cc1ncc(-c2cc(-c3cocn3)ccc2C(=O)N2CC3CC3C2)s1	0.027412
rxn:5:195460:228545:229272	COc1ncc(-c2cc(-c3cccc(CC#N)c3)cc(C)c2C#N)s1	0.027404
rxn:5:195460:229065:229080	Cc1cc(-c2ccnc(C#N)c2)cc(-c2cnc(C3CC3)s2)c1C#N	0.027399
rxn:5:195679:228888:229177	N#Cc1cc(-c2cc(-c3c(F)cncc3F)cc(S(N)(=O)=O)c2)c(F)cn1	0.027387
rxn:5:198248:229270:227668	COc1c(F)cc(-c2c(-c3cnc(C#N)s3)ccnc2C)c(C)c1F	0.027387
rxn:5:181282:229270:228335	CCc1ccc(-c2c(OC)ccnc2OC)c(-c2cnc(C#N)s2)c1	0.027379
rxn:5:195522:229270:228870	CCc1cc(-c2cc(C(=O)OC)cs2)c(-c2cnc(C#N)s2)cn1	0.027377
rxn:5:182506:229270:228160	CCOc1cccc(F)c1-c1c(C)cccc1-c1cnc(C#N)s1	0.027376
rxn:5:176753:229231:229308	CCCOc1ccc(-c2cc(C)no2)cc1-c1cnc(CC)s1	0.027371
rxn:5:195522:229272:229088	CCc1cc(-c2cc(C(C)=O)cs2)c(-c2cnc(OC)s2)cn1	0.027356
rxn:5:181282:229270:223218	CCc1ccc(-c2ccc3c(c2C)NCCO3)c(-c2cnc(C#N)s2)c1	0.027353
rxn:5:181282:229270:228605	CCc1ccc(-c2cccc(C)c2OC)c(-c2cnc(C#N)s2)c1	0.027342
rxn:5:195444:229270:229088	CC(=O)c1csc(-c2cc(C(C)=O)c(-c3cnc(C#N)s3)cn2)c1	0.027335
rxn:5:195438:229270:229088	CC(=O)c1csc(-c2cc(C(C)=O)ncc2-c2cnc(C#N)s2)c1	0.027335
rxn:5:191336:228888:229177	N#CCc1cc(-c2cc(C#N)ncc2F)cc(-c2c(F)cncc2F)c1	0.027333
rxn:5:195463:228725:229270	Cc1cc(-c2cc(F)cc(C#N)c2)c(-c2cnc(C#N)s2)cc1C#N	0.027317
rxn:5:195435:229338:228323	CCOc1nccc(-c2cc(C(C)=O)nc(-c3ccns3)c2)c1F	0.027294
rxn:5:195449:223251:223462	CC(=O)c1c(-c2cc(C)[nH]n2)ccnc1-c1ccc2c(c1)OCC(=O)N2	0.027283
rxn:5:181414:229270:223263	CNC(=O)c1ccc(F)c(-c2cc(OC)c(C)cc2-c2cnc(C#N)s2)c1	0.027265
rxn:5:196098:228888:229177	CN(C)c1cc(-c2cc(C#N)ncc2F)cc(-c2c(F)cncc2F)c1	0.027250
rxn:5:177738:229344:229270	COc1cc(-c2cnc(C#N)s2)c(-c2cocn2)cc1OC1CCC1	0.027238
rxn:5:181076:229049:229177	CSc1cc(-c2c(F)cncc2F)cc(-c2cnc3n2CCC3)c1	0.027224
rxn:5:195460:228572:229272	COc1ncc(-c2cc(-c3ccc(C)c(C#N)c3)cc(C)c2C#N)s1	0.027218
rxn:5:195460:228575:229272	COc1ncc(-c2cc(-c3ccc(C#N)c(C)c3)cc(C)c2C#N)s1	0.027218
rxn:5:195460:228587:229272	COc1ncc(-c2cc(-c3cc(C)cc(C#N)c3)cc(C)c2C#N)s1	0.027218
rxn:5:198243:223466:227137	CCn1cnc2cc(-c3nccc(-c4cn[nH]c4)c3C)ccc21	0.027205
rxn:5:198246:223466:227137	CCn1cnc2cc(-c3ccnc(-c4cn[nH]c4)c3C)ccc21	0.027205
rxn:5:198245:223466:227137	CCn1cnc2cc(-c3ccnc(C)c3-c3cn[nH]c3)ccc21	0.027205
rxn:5:198248:223466:227137	CCn1cnc2cc(-c3c(-c4cn[nH]c4)ccnc3C)ccc21	0.027205
rxn:5:198234:223466:227137	CCn1cnc2cc(-c3nccc(C)c3-c3cn[nH]c3)ccc21	0.027205
rxn:5:198240:223466:227137	CCn1cnc2cc(-c3c(C)ccnc3-c3cn[nH]c3)ccc21	0.027205
rxn:5:198231:223466:227137	CCn1cnc2cc(-c3cc(C)ncc3-c3cn[nH]c3)ccc21	0.027205
rxn:5:181282:229226:223263	CCc1ccc(-c2cc(C(=O)NC)ccc2F)c(-c2ccc(C#N)s2)c1	0.027192
rxn:5:181282:229230:223263	CCc1ccc(-c2cc(C(=O)NC)ccc2F)c(-c2cc(C#N)cs2)c1	0.027192
rxn:5:198250:229338:223320	Cc1cc(-c2cc(C)nc(-c3ccns3)c2)c2cn[nH]c2c1	0.027192
rxn:5:198241:229338:223320	Cc1cc(-c2ccns2)nc(-c2cc(C)cc3[nH]ncc23)c1	0.027192
rxn:5:195435:229338:228120	CCOc1ncc(C)cc1-c1cc(C(C)=O)nc(-c2ccns2)c1	0.027191
rxn:5:180096:229335:229270	N#Cc1ncc(-c2cc(-c3cscn3)ccc2OC2CCCC2)s1	0.027186
rxn:5:182506:229270:228754	CSc1ncc(-c2c(C)cccc2-c2cnc(C#N)s2)cc1C	0.027182
rxn:5:181282:229270:223271	CCc1ccc(-c2ccc(F)c(NC(C)=O)c2)c(-c2cnc(C#N)s2)c1	0.027182
rxn:5:181282:229270:223269	CCc1ccc(-c2ccc(NC(C)=O)c(F)c2)c(-c2cnc(C#N)s2)c1	0.027182
rxn:5:181282:229270:223270	CCc1ccc(-c2ccc(F)cc2NC(C)=O)c(-c2cnc(C#N)s2)c1	0.027182
rxn:5:182575:228888:229177	Cc1cc(-c2c(F)cncc2F)cc(C)c1-c1cc(C#N)ncc1F	0.027155
rxn:5:182577:228888:229177	Cc1cc(-c2cc(C#N)ncc2F)cc(C)c1-c1c(F)cncc1F	0.027155
rxn:5:195460:228686:229272	CCOc1cc(-c2cc(C)c(C#N)c(-c3cnc(OC)s3)c2)ccn1	0.027148
rxn:5:180096:229344:229226	N#Cc1ccc(-c2cc(-c3cocn3)ccc2OC2CCCC2)s1	0.027148
rxn:5:180096:229344:229230	N#Cc1csc(-c2cc(-c3cocn3)ccc2OC2CCCC2)c1	0.027148
rxn:5:195435:229338:227959	CC(=O)c1cc(-c2cc(C)cnc2C2CC2)cc(-c2ccns2)n1	0.027123
rxn:5:196187:223469:229270	N#Cc1ncc(-c2cc(-c3cc[nH]n3)ccc2-n2cccc2)s1	0.027106
rxn:5:196187:223466:229270	N#Cc1ncc(-c2cc(-c3cn[nH]c3)ccc2-n2cccc2)s1	0.027106
rxn:5:176753:228711:229308	CCCOc1ccc(-c2cc(C)no2)cc1-c1cc(C)cnc1C#N	0.027103
rxn:5:176753:228714:229308	CCCOc1ccc(-c2cc(C)no2)cc1-c1cnc(C#N)cc1C	0.027103
rxn:5:176753:228718:229308	CCCOc1ccc(-c2cc(C)no2)cc1-c1cc(C#N)cnc1C	0.027103
rxn:5:176753:228719:229308	CCCOc1ccc(-c2cc(C)no2)cc1-c1cc(C#N)ncc1C	0.027103
rxn:5:181076:229060:229177	CSc1cc(-c2ccc(C#N)nc2)cc(-c2c(F)cncc2F)c1	0.027086
rxn:5:181076:229065:229177	CSc1cc(-c2ccnc(C#N)c2)cc(-c2c(F)cncc2F)c1	0.027086
rxn:5:181076:229058:229177	CSc1cc(-c2cccnc2C#N)cc(-c2c(F)cncc2F)c1	0.027086
rxn:5:181076:229059:229177	CSc1cc(-c2cnccc2C#N)cc(-c2c(F)cncc2F)c1	0.027086
rxn:5:181076:229063:229177	CSc1cc(-c2ccncc2C#N)cc(-c2c(F)cncc2F)c1	0.027086
rxn:5:181076:228888:229255	CSc1cc(-c2ccncc2F)cc(-c2cc(C#N)ncc2F)c1	0.027086
rxn:5:181076:228888:229258	CSc1cc(-c2cncc(F)c2)cc(-c2cc(C#N)ncc2F)c1	0.027086
rxn:5:181076:228888:229263	CSc1cc(-c2cnccc2F)cc(-c2cc(C#N)ncc2F)c1	0.027086
rxn:5:195460:229065:228715	Cc1cc(-c2ccnc(C#N)c2)cc(-c2ccc(C#N)nc2C)c1C#N	0.027063
rxn:5:176594:229177:229311	CC(=O)COc1ccc(-c2c(F)cncc2F)c(-c2cnc(C)s2)c1	0.027021
rxn:5:198444:223462:229061	Cc1cc(-c2coc3nccc(-c4cnn(C(C)C)c4)c23)n[nH]1	0.027013
rxn:5:193469:229344:229270	C[C@@H]1CCCN1C(=O)c1ccc(-c2cocn2)cc1-c1cnc(C#N)s1	0.027011
rxn:5:193461:229344:229270	N#Cc1ncc(-c2cc(-c3cocn3)ccc2C(=O)N2CCCCC2)s1	0.027009
rxn:5:178991:228888:229177	COCc1cc(-c2cc(C#N)ncc2F)cc(-c2c(F)cncc2F)c1	0.027005
rxn:5:179197:223469:223131	c1cc(-c2ccc(OC3CC3)c(-c3ccc(N4CCNCC4)cc3)c2)n[nH]1	0.026983
rxn:5:179197:223466:223131	c1cc(OC2CC2)c(-c2ccc(N3CCNCC3)cc2)cc1-c1cn[nH]c1	0.026983
rxn:5:176594:228993:229311	CC(=O)COc1ccc(-c2ccc(C#N)cc2)c(-c2cnc(C)s2)c1	0.026979
rxn:5:176594:228992:229311	CC(=O)COc1ccc(-c2cccc(C#N)c2)c(-c2cnc(C)s2)c1	0.026979
rxn:5:181067:228259:229270	COc1ccc(-c2cc(C)cc(OC)c2F)c(-c2cnc(C#N)s2)c1	0.026973
rxn:5:181063:228259:229270	COc1ccc(-c2cnc(C#N)s2)c(-c2cc(C)cc(OC)c2F)c1	0.026973
rxn:5:181070:228259:229270	COc1cc(-c2cnc(C#N)s2)cc(-c2cc(C)cc(OC)c2F)c1	0.026973
rxn:5:181062:228259:229270	COc1ccc(-c2cnc(C#N)s2)cc1-c1cc(C)cc(OC)c1F	0.026973
rxn:5:182506:229270:227562	COc1ccc(F)c(-c2c(C)cccc2-c2cnc(C#N)s2)c1OC	0.026973
rxn:5:182506:229270:227575	COc1ccc(OC)c(-c2c(C)cccc2-c2cnc(C#N)s2)c1F	0.026973
rxn:5:182506:229270:227569	COc1ccc(F)c(OC)c1-c1c(C)cccc1-c1cnc(C#N)s1	0.026973
rxn:5:182506:229270:227566	COc1ccc(-c2c(C)cccc2-c2cnc(C#N)s2)c(OC)c1F	0.026973
rxn:5:182506:229270:227588	COc1cc(F)cc(OC)c1-c1c(C)cccc1-c1cnc(C#N)s1	0.026973
rxn:5:182506:229270:227568	COc1cc(F)c(-c2c(C)cccc2-c2cnc(C#N)s2)c(OC)c1	0.026973
rxn:5:182506:229270:227448	Cc1cccc(-c2cnc(C#N)s2)c1-c1ccc(C2COC2)c(F)c1	0.026964
rxn:5:195435:229338:227982	COc1cc(C)cc(-c2cc(C(C)=O)nc(-c3ccns3)c2)c1C	0.026961
rxn:5:195435:229338:227995	COc1c(C)cc(C)cc1-c1cc(C(C)=O)nc(-c2ccns2)c1	0.026961
rxn:5:195522:229270:228176	CCc1cc(-c2ccc(COC)c(F)c2)c(-c2cnc(C#N)s2)cn1	0.026917
rxn:5:181622:229065:229272	COc1ncc(-c2ccc(C3OCCO3)cc2-c2ccnc(C#N)c2)s1	0.026916
rxn:5:198121:229270:226593	CC(C)Oc1ccc(F)c(-c2ncccc2-c2cnc(C#N)s2)c1F	0.026891
rxn:5:179400:229272:229315	COc1ncc(-c2cc(C(=O)C3CC3)ccc2-c2ocnc2C)s1	0.026880
rxn:5:193681:229344:229270	CN1CCC(Oc2cc(-c3cocn3)ccc2-c2cnc(C#N)s2)CC1	0.026878
rxn:5:178988:229270:223263	CNC(=O)c1ccc(F)c(-c2ccc(COC)cc2-c2cnc(C#N)s2)c1	0.026851
rxn:5:178990:229270:223263	CNC(=O)c1ccc(F)c(-c2cc(COC)ccc2-c2cnc(C#N)s2)c1	0.026851
rxn:5:195313:229338:223320	COc1cc(-c2cc(C)cc3[nH]ncc23)cc(-c2ccns2)n1	0.026846
rxn:5:181421:228888:229177	COc1cc(-c2c(F)cncc2F)cc(C)c1-c1cc(C#N)ncc1F	0.026844
rxn:5:182506:229345:226593	Cc1cccc(-c2ccno2)c1-c1c(F)ccc(OC(C)C)c1F	0.026841
rxn:5:195460:228309:229272	COc1cc(-c2cc(C)c(C#N)c(-c3cnc(OC)s3)c2)cc(C#N)n1	0.026841
rxn:5:195460:228312:229272	COc1ncc(-c2cc(-c3cc(C#N)ncc3OC)cc(C)c2C#N)s1	0.026841
rxn:5:195460:228584:229272	COc1ncc(-c2cc(-c3ccnc(C4CC4)c3)cc(C)c2C#N)s1	0.026826
rxn:5:181277:229270:229088	CCc1ccc(-c2cnc(C#N)s2)c(-c2cc(C(C)=O)cs2)c1	0.026793
rxn:5:181276:229270:229088	CCc1cc(-c2cnc(C#N)s2)ccc1-c1cc(C(C)=O)cs1	0.026793
rxn:5:181281:229270:229088	CCc1ccc(-c2cnc(C#N)s2)cc1-c1cc(C(C)=O)cs1	0.026793
rxn:5:195522:229226:229088	CCc1cc(-c2cc(C(C)=O)cs2)c(-c2ccc(C#N)s2)cn1	0.026793
rxn:5:195522:229230:229088	CCc1cc(-c2cc(C(C)=O)cs2)c(-c2cc(C#N)cs2)cn1	0.026793
rxn:5:181282:229270:229088	CCc1ccc(-c2cc(C(C)=O)cs2)c(-c2cnc(C#N)s2)c1	0.026793
rxn:5:181278:229270:229088	CCc1ccc(-c2cc(C(C)=O)cs2)cc1-c1cnc(C#N)s1	0.026793
rxn:5:181280:229270:229088	CCc1cc(-c2cc(C(C)=O)cs2)ccc1-c1cnc(C#N)s1	0.026793
rxn:5:181283:229270:229088	CCc1c(-c2cc(C(C)=O)cs2)cccc1-c1cnc(C#N)s1	0.026793
rxn:5:195816:229272:228821	COc1ncc(-c2cnc(OC)c(-c3ccc(C)c(F)c3F)c2C)s1	0.026787
rxn:5:191682:229270:229088	COCc1cc(-c2cc(C(C)=O)cs2)ncc1-c1cnc(C#N)s1	0.026773
rxn:5:197124:223469:229270	COc1ccc(-c2cc[nH]n2)c2sc(-c3cnc(C#N)s3)nc12	0.026732
rxn:5:199106:223462:229296	Cc1cc(-c2ccc3nccc(-c4cnn(C)c4)c3c2C)n[nH]1	0.026729
rxn:5:182574:229270:229088	CC(=O)c1csc(-c2cc(C)c(C)cc2-c2cnc(C#N)s2)c1	0.026715
rxn:5:191332:229270:229088	CC(=O)c1csc(-c2cc(CC#N)ccc2-c2cnc(C#N)s2)c1	0.026699
rxn:5:198401:229344:229270	N#Cc1ncc(-c2nc3c(-c4cocn4)cccc3s2)s1	0.026673
rxn:5:195460:228111:229272	COc1ncc(-c2cc(-c3ccc(C#N)c(C#N)c3)cc(C)c2C#N)s1	0.026642
rxn:5:195460:228101:229272	COc1ncc(-c2cc(-c3cc(C#N)cc(C#N)c3)cc(C)c2C#N)s1	0.026642
rxn:5:198129:229272:223000	COc1ncc(-c2nc(-c3ccc(C4CCCNC4)c(F)c3)sc2C)s1	0.026631
rxn:5:191516:229065:229272	COC(=O)c1ccnc(-c2cnc(OC)s2)c1-c1ccnc(C#N)c1	0.026630
rxn:5:178985:228888:229177	CCOc1c(-c2cc(C#N)ncc2F)cccc1-c1c(F)cncc1F	0.026594
rxn:5:178986:228888:229177	CCOc1cc(-c2cc(C#N)ncc2F)cc(-c2c(F)cncc2F)c1	0.026594
rxn:5:182506:229270:227914	Cc1cccc(-c2cnc(C#N)s2)c1-c1ccccc1OC(C)C	0.026566
rxn:5:182506:229270:227913	Cc1cccc(-c2cnc(C#N)s2)c1-c1ccc(OC(C)C)cc1	0.026566
rxn:5:182506:229270:227925	Cc1cccc(-c2cnc(C#N)s2)c1-c1cccc(OC(C)C)c1	0.026566
rxn:5:178977:229270:223263	CCOc1ccc(-c2cnc(C#N)s2)c(-c2cc(C(=O)NC)ccc2F)c1	0.026556
rxn:5:178979:229270:223263	CCOc1ccc(-c2cc(C(=O)NC)ccc2F)c(-c2cnc(C#N)s2)c1	0.026556
rxn:5:178978:229270:223263	CCOc1cc(-c2cnc(C#N)s2)ccc1-c1cc(C(=O)NC)ccc1F	0.026556
rxn:5:181854:229065:229272	COc1ncc(-c2ccc(C(C)(C)C)cc2-c2ccnc(C#N)c2)s1	0.026549
rxn:5:182506:229270:227503	Cc1cccc(-c2cnc(C#N)s2)c1-c1cc(OC(C)C)ncc1F	0.026547
rxn:5:182506:229270:227520	Cc1cccc(-c2cnc(C#N)s2)c1-c1cnc(OC(C)C)cc1F	0.026547
rxn:5:189910:229344:229270	N#Cc1ncc(-c2ccc(-c3cocn3)cc2CCN2CCOCC2)s1	0.026544
rxn:5:196098:228381:229311	Cc1ncc(-c2cc(-c3c(F)cc(C#N)cc3F)cc(N(C)C)c2)s1	0.026542
rxn:5:180020:229270:229308	Cc1cc(-c2ccc(OC3CCCC3=O)c(-c3cnc(C#N)s3)c2)on1	0.026539
rxn:5:195463:229270:229088	CC(=O)c1csc(-c2cc(C#N)c(C)cc2-c2cnc(C#N)s2)c1	0.026531
rxn:5:191357:228597:229008	COC(=O)c1[nH]cc(-c2ccc(CF)cc2)c1-c1c(C)cccc1C#N	0.026530
rxn:5:195522:229270:228150	CCc1cc(-c2ccc(C(=O)OC)cc2)c(-c2cnc(C#N)s2)cn1	0.026523
rxn:5:180096:229344:229148	FCCn1cc(-c2cc(-c3cocn3)ccc2OC2CCCC2)cn1	0.026498
rxn:5:195460:223201:229272	COc1ncc(-c2cc(-c3ccccc3C3CCNC3)cc(C)c2C#N)s1	0.026493
rxn:5:182641:229344:229270	N#Cc1ncc(-c2ccc3c(-c4cocn4)coc3c2)s1	0.026486
rxn:5:195322:223397:227278	COc1nccc(-c2ccc(C3(C#N)CC3)nc2)c1-c1ccc2c(c1)CCN2	0.026484
rxn:5:195330:223397:227278	COc1c(-c2ccc(C3(C#N)CC3)nc2)ccnc1-c1ccc2c(c1)CCN2	0.026484
rxn:5:181410:229270:223263	CNC(=O)c1ccc(F)c(-c2ccc(C3CC3)cc2-c2cnc(C#N)s2)c1	0.026483
rxn:5:195435:229338:227955	CC(=O)c1cc(-c2cc(C)cnc2C(C)C)cc(-c2ccns2)n1	0.026471
rxn:5:182498:223466:227137	CCn1cnc2cc(-c3cccc(-c4cn[nH]c4)c3C)ccc21	0.026461
rxn:5:182505:223466:227137	CCn1cnc2cc(-c3cc(C)ccc3-c3cn[nH]c3)ccc21	0.026461
rxn:5:195907:223469:229270	N#Cc1ncc(-c2cccc(-c3ncc(-c4cc[nH]n4)s3)c2)s1	0.026458
rxn:5:195919:223466:229270	N#Cc1ncc(-c2ccccc2-c2scnc2-c2cn[nH]c2)s1	0.026458
rxn:5:198129:229270:226412	Cc1sc(-c2cc(F)cc(N3CCCC3)c2)nc1-c1cnc(C#N)s1	0.026441
rxn:5:180204:229270:229308	Cc1cc(-c2ccc(OC3CCOCC3)c(-c3cnc(C#N)s3)c2)on1	0.026431
rxn:5:181575:229270:223263	CCc1cc(-c2cc(C(=O)NC)ccc2F)c(C)cc1-c1cnc(C#N)s1	0.026419
rxn:5:179840:223445:229311	COc1cc[nH+]cc1-c1ccc(O[C@@H]2CCOC2)cc1-c1cnc(C)s1	0.026417
rxn:5:191677:229270:229088	CCOc1cc(-c2cc(C(C)=O)cs2)ncc1-c1cnc(C#N)s1	0.026409
rxn:5:191698:229270:229088	CCOc1ncc(-c2cnc(C#N)s2)cc1-c1cc(C(C)=O)cs1	0.026409
rxn:5:191699:229270:229088	CCOc1ncc(-c2cc(C(C)=O)cs2)cc1-c1cnc(C#N)s1	0.026409
rxn:5:191678:229270:229088	CCOc1cc(-c2cnc(C#N)s2)cnc1-c1cc(C(C)=O)cs1	0.026409
rxn:5:191681:229270:229088	CCOc1cc(-c2cc(C(C)=O)cs2)cnc1-c1cnc(C#N)s1	0.026409
rxn:5:195463:223132:229270	Cc1cc(-c2cccc(N3CCNCC3)c2)c(-c2cnc(C#N)s2)cc1C#N	0.026394
rxn:5:195463:223131:229270	Cc1cc(-c2ccc(N3CCNCC3)cc2)c(-c2cnc(C#N)s2)cc1C#N	0.026394
rxn:5:198620:223464:229233	COc1ccc(-c2ccnc3ccc(-c4cc[nH]c4)cc23)s1	0.026374
rxn:5:195460:228906:229272	COc1ncc(-c2cc(-c3ccnc(C(F)F)c3)cc(C)c2C#N)s1	0.026372
rxn:5:198443:223462:229061	Cc1cc(-c2csc3nccc(-c4cnn(C(C)C)c4)c23)n[nH]1	0.026354
rxn:5:198417:223462:229061	Cc1cc(-c2cc3nccc(-c4cnn(C(C)C)c4)c3s2)n[nH]1	0.026354
rxn:5:198437:223462:229061	Cc1cc(-c2csc3c(-c4cnn(C(C)C)c4)ccnc23)n[nH]1	0.026354
rxn:5:179197:223312:229270	N#Cc1ncc(-c2cc(-c3ccc(C4CNC4)cc3)ccc2OC2CC2)s1	0.026344
rxn:5:196189:229036:229270	Cc1cc(F)ccc1-c1ccc(C2=NCCO2)cc1-c1cnc(C#N)s1	0.026332
rxn:5:181423:229065:229272	COc1ncc(-c2c(C)cc(-c3ccnc(C#N)c3)cc2SC)s1	0.026318
rxn:5:182503:229270:228332	COc1cc(SC)c(-c2ccc(C)cc2-c2cnc(C#N)s2)cn1	0.026318
rxn:5:182505:229270:228332	COc1cc(SC)c(-c2cc(C)ccc2-c2cnc(C#N)s2)cn1	0.026318
rxn:5:195460:228109:229272	CCc1cc(-c2cc(C)c(C#N)c(-c3cnc(OC)s3)c2)cc(C#N)n1	0.026313
rxn:5:195460:228110:229272	CCc1cnc(C#N)cc1-c1cc(C)c(C#N)c(-c2cnc(OC)s2)c1	0.026313
rxn:5:181549:229065:229272	COc1ncc(-c2cc(-c3ccnc(C#N)c3)cc(C)c2C(C)=O)s1	0.026309
rxn:5:181277:228381:229311	CCc1ccc(-c2c(F)cc(C#N)cc2F)c(-c2cnc(C)s2)c1	0.026302
rxn:5:181282:229270:228825	CCc1ccc(-c2cc(F)c(C)cc2F)c(-c2cnc(C#N)s2)c1	0.026302
rxn:5:181282:229270:228826	CCc1ccc(-c2cc(C)c(F)cc2F)c(-c2cnc(C#N)s2)c1	0.026302
rxn:5:181282:229270:228830	CCc1ccc(-c2ccc(F)c(C)c2F)c(-c2cnc(C#N)s2)c1	0.026302
rxn:5:181282:229270:228844	CCc1ccc(-c2ccc(F)c(F)c2C)c(-c2cnc(C#N)s2)c1	0.026302
rxn:5:195327:228888:229177	CSc1cnc(-c2cc(C#N)ncc2F)c(-c2c(F)cncc2F)c1	0.026251
rxn:5:195328:228888:229177	CSc1cnc(-c2c(F)cncc2F)c(-c2cc(C#N)ncc2F)c1	0.026251
rxn:5:195310:228888:229177	CSc1cc(-c2c(F)cncc2F)cnc1-c1cc(C#N)ncc1F	0.026251
rxn:5:195321:228888:229177	CSc1cc(-c2cc(C#N)ncc2F)cnc1-c1c(F)cncc1F	0.026251
rxn:5:195365:228888:229177	CSc1ncc(-c2c(F)cncc2F)cc1-c1cc(C#N)ncc1F	0.026251
rxn:5:195366:228888:229177	CSc1ncc(-c2cc(C#N)ncc2F)cc1-c1c(F)cncc1F	0.026251
rxn:5:179197:222420:229270	N#Cc1ncc(-c2cc(-c3ccccc3S(N)(=O)=O)ccc2OC2CC2)s1	0.026247
rxn:5:195463:228322:229270	CCOc1ncc(-c2cc(C)c(C#N)cc2-c2cnc(C#N)s2)cc1F	0.026244
rxn:5:195463:223218:229270	Cc1cc(-c2ccc3c(c2C)NCCO3)c(-c2cnc(C#N)s2)cc1C#N	0.026238
rxn:5:176753:229075:229308	CCCOc1ccc(-c2cc(C)no2)cc1-c1cc(C)c(C#N)s1	0.026216
rxn:5:176753:229076:229308	CCCOc1ccc(-c2cc(C)no2)cc1-c1sc(C#N)cc1C	0.026216
rxn:5:192338:229065:229272	COc1ncc(-c2cc(-c3ccnc(C#N)c3)ccc2C(C)(C)C#N)s1	0.026202
rxn:5:195460:228114:229272	COc1ncc(-c2cc(-c3ccc(C#N)c(OC)c3)cc(C)c2C#N)s1	0.026199
rxn:5:195460:228128:229272	COc1ncc(-c2cc(-c3ccc(OC)c(C#N)c3)cc(C)c2C#N)s1	0.026199
rxn:5:195460:228139:229272	COc1cc(C#N)cc(-c2cc(C)c(C#N)c(-c3cnc(OC)s3)c2)c1	0.026199
rxn:5:196622:223464:223421	CNC(C)c1ccc(-c2c(-c3cc[nH]c3)cccc2N2CCCC2=O)s1	0.026194
rxn:5:198620:223464:229226	N#Cc1ccc(-c2ccnc3ccc(-c4cc[nH]c4)cc23)s1	0.026193
rxn:5:178990:228381:229311	COCc1ccc(-c2c(F)cc(C#N)cc2F)c(-c2cnc(C)s2)c1	0.026185
rxn:5:181282:229231:223263	CCc1ccc(-c2cc(C(=O)NC)ccc2F)c(-c2cnc(CC)s2)c1	0.026177
rxn:5:177373:229270:229308	Cc1cc(-c2ccc(OCC3OCCO3)c(-c3cnc(C#N)s3)c2)on1	0.026176
rxn:5:180096:229344:229231	CCc1ncc(-c2cc(-c3cocn3)ccc2OC2CCCC2)s1	0.026169
rxn:5:195522:229270:228211	CCc1cc(-c2cc(N3CCCC3)cs2)c(-c2cnc(C#N)s2)cn1	0.026166
rxn:5:195791:229270:229088	CC(=O)c1csc(-c2cc(C3CC3)ncc2-c2cnc(C#N)s2)c1	0.026166
rxn:5:182506:229270:227759	COc1c(F)cc(F)c(-c2c(C)cccc2-c2cnc(C#N)s2)c1F	0.026161
rxn:5:188408:229065:229272	COc1ncc(-c2cc(-c3ccnc(C#N)c3)ccc2OC(C)C#N)s1	0.026151
rxn:5:177971:229344:229270	N#Cc1ncc(-c2ccc(-c3cocn3)cc2OCC2CCCC2)s1	0.026126
rxn:5:195460:229065:228460	COc1ncnc(OC)c1-c1cc(-c2ccnc(C#N)c2)cc(C)c1C#N	0.026122
rxn:5:195460:229065:228455	COc1ncc(-c2cc(-c3ccnc(C#N)c3)cc(C)c2C#N)c(OC)n1	0.026122
rxn:5:179197:223466:227089	c1cc(-c2cc(-c3cn[nH]c3)ccc2OC2CC2)c(C2CCCC2)cn1	0.026118
rxn:5:181071:228977:229140	COc1cccc(-c2cccc(F)c2F)c1-c1ccc2c(c1)CC2	0.026110
rxn:5:181071:228977:229137	COc1cccc(-c2c(F)cccc2F)c1-c1ccc2c(c1)CC2	0.026110
rxn:5:181071:228977:229134	COc1cccc(-c2cc(F)ccc2F)c1-c1ccc2c(c1)CC2	0.026110
rxn:5:176753:223389:229308	CCCOc1ccc(-c2cc(C)no2)cc1-c1c(C)n[nH]c1C(F)(F)F	0.026099
rxn:5:199106:223466:229207	Cc1cc(-c2ccnc3ccc(-c4cn[nH]c4)c(C)c23)ccn1	0.026091
rxn:5:196189:228985:229270	Cc1ccc(-c2ccc(C3=NCCO3)cc2-c2cnc(C#N)s2)c(C)c1	0.026091
rxn:5:193809:229344:229270	CC1CCN(Cc2ccc(-c3cocn3)cc2-c2cnc(C#N)s2)CC1	0.026091
rxn:5:195460:229065:228324	COc1cc(-c2cc(-c3ccnc(C#N)c3)cc(C)c2C#N)c(OC)cn1	0.026084
rxn:5:195460:229065:228325	COc1cc(OC)c(-c2cc(-c3ccnc(C#N)c3)cc(C)c2C#N)cn1	0.026084
rxn:5:195460:229065:228327	COc1cc(-c2cc(-c3ccnc(C#N)c3)cc(C)c2C#N)cnc1OC	0.026084
rxn:5:198620:223464:229317	Fc1ccc(-c2ccnc3ccc(-c4cc[nH]c4)cc23)s1	0.026064
rxn:5:195463:228630:229270	CCc1cc(F)cc(-c2cc(C)c(C#N)cc2-c2cnc(C#N)s2)c1	0.026061
rxn:5:195522:229270:228972	CCc1cc(-c2cc(C(F)(F)F)cs2)c(-c2cnc(C#N)s2)cn1	0.026061
rxn:5:198235:229272:223000	COc1ncc(-c2cc(-c3ccc(C4CCCNC4)c(F)c3)ncc2C)s1	0.026048
rxn:5:198233:229272:223000	COc1ncc(-c2cc(C)cnc2-c2ccc(C3CCCNC3)c(F)c2)s1	0.026048
rxn:5:195526:229338:223320	CCc1nc(-c2cc(C)cc3[nH]ncc23)ccc1-c1ccns1	0.026046
rxn:5:195463:228131:229270	Cc1cc(-c2cc(F)cc(CC#N)c2)c(-c2cnc(C#N)s2)cc1C#N	0.026040
rxn:5:195322:223466:227137	CCn1cnc2cc(-c3ccnc(OC)c3-c3cn[nH]c3)ccc21	0.026030
rxn:5:195330:223466:227137	CCn1cnc2cc(-c3ccnc(-c4cn[nH]c4)c3OC)ccc21	0.026030
rxn:5:176594:228885:229311	CC(=O)COc1ccc(-c2cnc(C#N)c(F)c2)c(-c2cnc(C)s2)c1	0.026028
rxn:5:176594:228888:229311	CC(=O)COc1ccc(-c2cc(C#N)ncc2F)c(-c2cnc(C)s2)c1	0.026028
rxn:5:195460:228583:229272	COc1ncc(-c2cc(-c3ccnc(C(C)C)c3)cc(C)c2C#N)s1	0.026025
rxn:5:195522:229270:227656	CCc1cc(-c2cc(N3CCOCC3)cs2)c(-c2cnc(C#N)s2)cn1	0.026019
rxn:5:195815:228259:229270	COc1cc(C)cc(-c2c(OC)ncc(-c3cnc(C#N)s3)c2C)c1F	0.026016
rxn:5:191338:229272:228821	COc1ncc(-c2cc(CC#N)ccc2-c2ccc(C)c(F)c2F)s1	0.026010
rxn:5:181537:229270:223263	CNC(=O)c1ccc(F)c(-c2ccc(C3COC3)cc2-c2cnc(C#N)s2)c1	0.026001
rxn:5:179197:223469:226846	COc1nc(C(F)(F)F)ccc1-c1cc(-c2cc[nH]n2)ccc1OC1CC1	0.025993
rxn:5:181277:223183:229270	CCc1ccc(-c2ccc(S(=O)(=O)NC)cc2C)c(-c2cnc(C#N)s2)c1	0.025988
rxn:5:181282:229270:223192	CCc1ccc(-c2ccc(F)c(S(=O)(=O)NC)c2)c(-c2cnc(C#N)s2)c1	0.025981
rxn:5:181282:229270:223190	CCc1ccc(-c2cc(F)ccc2S(=O)(=O)NC)c(-c2cnc(C#N)s2)c1	0.025981
rxn:5:195463:228206:229270	Cc1cc(-c2cc(F)cc(N(C)C)c2)c(-c2cnc(C#N)s2)cc1C#N	0.025974
rxn:5:182504:223397:227278	Cc1cc(-c2ccc(C3(C#N)CC3)nc2)cc(-c2ccc3c(c2)CCN3)c1	0.025970
rxn:5:195460:228550:229272	CCCc1cc(-c2cc(C)c(C#N)c(-c3cnc(OC)s3)c2)ccn1	0.025969
rxn:5:181282:229270:228135	CCOc1cc(C)ncc1-c1ccc(CC)cc1-c1cnc(C#N)s1	0.025969
rxn:5:198683:229272:228821	COc1ncc(-c2cc3c(nc2-c2ccc(C)c(F)c2F)C(=O)CC3)s1	0.025940
rxn:5:176594:228718:229311	CC(=O)COc1ccc(-c2cc(C#N)cnc2C)c(-c2cnc(C)s2)c1	0.025934
rxn:5:179402:223464:223421	CNC(C)c1ccc(-c2c(C)cc(-c3cc[nH]c3)cc2C(=O)OC)s1	0.025923
rxn:5:178117:229344:229270	N#Cc1ncc(-c2ccc(-c3cocn3)cc2OCC2CCOCC2)s1	0.025921
rxn:5:195435:229270:223263	CNC(=O)c1ccc(F)c(-c2cc(C(C)=O)nc(-c3cnc(C#N)s3)c2)c1	0.025912
rxn:5:180402:223469:229270	N#Cc1ncc(-c2cc(-c3cc[nH]n3)ccc2C(=O)C2CCCCC2)s1	0.025907
rxn:5:180402:223466:229270	N#Cc1ncc(-c2cc(-c3cn[nH]c3)ccc2C(=O)C2CCCCC2)s1	0.025907
rxn:5:179400:229272:229248	COc1ncc(-c2cc(C(=O)C3CC3)ccc2-c2c(C)cnn2C)s1	0.025902
rxn:5:195438:228381:229311	CC(=O)c1cc(-c2cnc(C)s2)c(-c2c(F)cc(C#N)cc2F)cn1	0.025895
rxn:5:176753:229221:229308	CCCOc1ccc(-c2cc(C)no2)cc1-c1sc(C)cc1C	0.025879
rxn:5:195324:227034:229296	CSc1ccc(-c2c(C#N)cccc2C2CC2)c(-c2cnn(C)c2)n1	0.025875
rxn:5:181903:223464:223421	CNC(C)c1ccc(-c2ccc(C3(C)OCCO3)cc2-c2cc[nH]c2)s1	0.025866
rxn:5:181071:228977:228774	COc1cccc(F)c1-c1cccc(OC)c1-c1ccc2c(c1)CC2	0.025859
rxn:5:181282:229270:228606	CCc1ccc(F)c(-c2ccc(CC)cc2-c2cnc(C#N)s2)c1	0.025852
rxn:5:181282:229270:228619	CCc1ccc(-c2ccc(F)c(CC)c2)c(-c2cnc(C#N)s2)c1	0.025852
rxn:5:180096:229344:228711	Cc1cnc(C#N)c(-c2cc(-c3cocn3)ccc2OC2CCCC2)c1	0.025843
rxn:5:180096:229344:228714	Cc1cc(C#N)ncc1-c1cc(-c2cocn2)ccc1OC1CCCC1	0.025843
rxn:5:180096:229344:228718	Cc1ncc(C#N)cc1-c1cc(-c2cocn2)ccc1OC1CCCC1	0.025843
rxn:5:180096:229344:228719	Cc1cnc(C#N)cc1-c1cc(-c2cocn2)ccc1OC1CCCC1	0.025843
rxn:5:181282:228711:223263	CCc1ccc(-c2cc(C(=O)NC)ccc2F)c(-c2cc(C)cnc2C#N)c1	0.025837
rxn:5:181282:228714:223263	CCc1ccc(-c2cc(C(=O)NC)ccc2F)c(-c2cnc(C#N)cc2C)c1	0.025837
rxn:5:181282:228718:223263	CCc1ccc(-c2cc(C(=O)NC)ccc2F)c(-c2cc(C#N)cnc2C)c1	0.025837
rxn:5:181282:228719:223263	CCc1ccc(-c2cc(C(=O)NC)ccc2F)c(-c2cc(C#N)ncc2C)c1	0.025837
rxn:5:181282:228709:223263	CCc1ccc(-c2cc(C(=O)NC)ccc2F)c(-c2cc(C)nc(C#N)c2)c1	0.025837
rxn:5:195522:229231:229088	CCc1cc(-c2cc(C(C)=O)cs2)c(-c2cnc(CC)s2)cn1	0.025822
rxn:5:198232:227034:229057	Cc1ccc(-c2c(C#N)cccc2C2CC2)c(-c2cnn(C3CC3)c2)n1	0.025809
rxn:5:198227:227034:229057	Cc1nc(-c2cnn(C3CC3)c2)ccc1-c1c(C#N)cccc1C1CC1	0.025809
rxn:5:195324:223357:229057	CSc1ccc(-c2ccccc2NC(C)=O)c(-c2cnn(C3CC3)c2)n1	0.025801
rxn:5:191908:229270:223263	CNC(=O)c1ccc(F)c(-c2cc(CC#N)cc(-c3cnc(C#N)s3)c2C)c1	0.025789
rxn:5:181077:229270:223263	CNC(=O)c1ccc(F)c(-c2ccc(SC)cc2-c2cnc(C#N)s2)c1	0.025786
rxn:5:198247:226412:229270	Cc1cc(-c2cc(F)cc(N3CCCC3)c2)c(-c2cnc(C#N)s2)cn1	0.025781
rxn:5:198231:226412:229270	Cc1cc(-c2cnc(C#N)s2)c(-c2cc(F)cc(N3CCCC3)c2)cn1	0.025781
rxn:5:195316:229270:223164	COc1nc(-c2cc(F)c(F)c(NC3CC3)c2)ccc1-c1cnc(C#N)s1	0.025772
rxn:5:181578:229270:223263	CNC(=O)c1ccc(F)c(-c2ccc(C(C)C)cc2-c2cnc(C#N)s2)c1	0.025771
rxn:5:181541:228888:229177	N#Cc1cc(-c2cc(-c3c(F)cncc3F)cc(C3COC3)c2)c(F)cn1	0.025767
rxn:5:197424:223466:229270	COc1cc(-c2cn[nH]c2)c(-c2cnc(C#N)s2)c2ncccc12	0.025766
rxn:5:179840:229068:229311	COc1ccncc1-c1ccc(O[C@@H]2CCOC2)cc1-c1cnc(C)s1	0.025762
rxn:5:179840:229073:229311	COc1cnccc1-c1ccc(O[C@@H]2CCOC2)cc1-c1cnc(C)s1	0.025762
rxn:5:179197:229075:229270	Cc1cc(-c2ccc(OC3CC3)c(-c3cnc(C#N)s3)c2)sc1C#N	0.025760
rxn:5:195463:228829:229270	Cc1cc(-c2cc(F)c(C)c(F)c2)c(-c2cnc(C#N)s2)cc1C#N	0.025760
rxn:5:179197:228975:229270	N#Cc1ncc(-c2cc(-c3cnn(C(F)(F)F)c3)ccc2OC2CC2)s1	0.025749
rxn:5:199106:223462:229225	CCn1cc(-c2ccnc3ccc(-c4cc(C)[nH]n4)c(C)c23)cn1	0.025748
rxn:5:181282:229270:228641	CCc1ccc(-c2cc(C)c(C)cc2F)c(-c2cnc(C#N)s2)c1	0.025746
rxn:5:181282:229270:228635	CCc1ccc(-c2ccc(F)c(C)c2C)c(-c2cnc(C#N)s2)c1	0.025746
rxn:5:195435:229338:228140	CC(=O)c1cc(-c2ccc(C(C)N(C)C)s2)cc(-c2ccns2)n1	0.025741
rxn:5:195324:227034:229303	CSc1ccc(-c2c(C#N)cccc2C2CC2)c(-c2ncccn2)n1	0.025731
rxn:5:181429:228888:229177	N#Cc1cc(-c2cc(-c3c(F)cncc3F)cc(C3CC3)c2)c(F)cn1	0.025723
rxn:5:191918:229270:223263	CCc1cc(C#N)c(-c2cc(C(=O)NC)ccc2F)c(-c2cnc(C#N)s2)c1	0.025709
rxn:5:192491:228888:229177	CN(C)Cc1cc(-c2cc(C#N)ncc2F)cc(-c2c(F)cncc2F)c1	0.025699
rxn:5:181206:229270:223263	CNC(=O)c1ccc(F)c(-c2ccc(C(C)=O)cc2-c2cnc(C#N)s2)c1	0.025682
rxn:5:195463:227953:229270	Cc1cc(-c2ccc(N(C)C)cc2C)c(-c2cnc(C#N)s2)cc1C#N	0.025677
rxn:5:195522:229270:228247	CCc1cc(-c2cc(C(C)=O)ccc2F)c(-c2cnc(C#N)s2)cn1	0.025675
rxn:5:195522:229270:228248	CCc1cc(-c2ccc(C(C)=O)cc2F)c(-c2cnc(C#N)s2)cn1	0.025675
rxn:5:181328:228381:229311	Cc1ncc(-c2cc(S(C)(=O)=O)ccc2-c2c(F)cc(C#N)cc2F)s1	0.025655
rxn:5:181320:228381:229311	Cc1ncc(-c2ccc(-c3c(F)cc(C#N)cc3F)cc2S(C)(=O)=O)s1	0.025655
rxn:5:195324:228747:229057	CSc1ccc(-c2c(F)cccc2C#N)c(-c2cnn(C3CC3)c2)n1	0.025648
rxn:5:195324:228732:229057	CSc1ccc(-c2cccc(C#N)c2F)c(-c2cnn(C3CC3)c2)n1	0.025648
rxn:5:179840:229057:229311	Cc1ncc(-c2cc(O[C@@H]3CCOC3)ccc2-c2cnn(C3CC3)c2)s1	0.025648
rxn:5:176594:229137:229311	CC(=O)COc1ccc(-c2c(F)cccc2F)c(-c2cnc(C)s2)c1	0.025648
rxn:5:195463:228179:229270	COCc1cc(F)cc(-c2cc(C)c(C#N)cc2-c2cnc(C#N)s2)c1	0.025637
rxn:5:195460:229065:228228	COc1ncc(C)c(-c2cc(-c3ccnc(C#N)c3)cc(C)c2C#N)c1C	0.025628
rxn:5:195460:228105:229272	CCN(C)c1cc(-c2cc(C)c(C#N)c(-c3cnc(OC)s3)c2)ccn1	0.025619
rxn:5:182506:229270:228812	CSc1cccc(F)c1-c1c(C)cccc1-c1cnc(C#N)s1	0.025618
rxn:5:199106:223462:223461	Cc1cc(-c2ccc3nccc(-c4cn[nH]c4C)c3c2C)n[nH]1	0.025608
rxn:5:195460:228376:229272	COc1ncc(-c2cc(-c3cc(F)c(C#N)c(F)c3)cc(C)c2C#N)s1	0.025602
rxn:5:195463:228513:229270	Cc1cc(-c2ccccc2C2CC2)c(-c2cnc(C#N)s2)cc1C#N	0.025600
rxn:5:195460:229065:229016	Cc1cc(-c2ccnc(C#N)c2)cc(-c2ccsc2C2CC2)c1C#N	0.025600
rxn:5:178122:229344:229270	N#Cc1ncc(-c2cc(-c3cocn3)ccc2COC2CCCCO2)s1	0.025597
rxn:5:178616:228411:229311	COC(=O)c1cc(-c2ccc(OC)c(F)c2F)c(-c2cnc(C)s2)o1	0.025573
rxn:5:196619:229065:229272	COc1ncc(-c2cc(N3CCCC3=O)ccc2-c2ccnc(C#N)c2)s1	0.025568
rxn:5:176753:229270:229020	CCCOc1ccc(-c2cc(C)nc(C)c2)cc1-c1cnc(C#N)s1	0.025560
rxn:5:176753:229270:229023	CCCOc1ccc(-c2cnc(C)cc2C)cc1-c1cnc(C#N)s1	0.025560
rxn:5:176753:229270:229026	CCCOc1ccc(-c2cc(C)ncc2C)cc1-c1cnc(C#N)s1	0.025560
rxn:5:181076:228888:223346	CSc1cc(-c2ccc3c(c2)CNC3=O)cc(-c2cc(C#N)ncc2F)c1	0.025542
rxn:5:176999:229270:229308	CCOc1ccc(-c2cnc(C#N)s2)c(SC)c1-c1cc(C)no1	0.025531
rxn:5:181071:228977:229041	COc1cccc(-c2c(C)cccc2F)c1-c1ccc2c(c1)CC2	0.025531
rxn:5:181071:228977:229034	COc1cccc(-c2cc(C)ccc2F)c1-c1ccc2c(c1)CC2	0.025531
rxn:5:191333:228259:229270	COc1cc(C)cc(-c2ccc(CC#N)c(-c3cnc(C#N)s3)c2)c1F	0.025495
rxn:5:179197:223469:227525	CCc1cnc(C(F)F)cc1-c1cc(-c2cc[nH]n2)ccc1OC1CC1	0.025489
rxn:5:198620:223464:229288	Cc1ccc(-c2ccnc3ccc(-c4cc[nH]c4)cc23)s1	0.025487
rxn:5:179197:228734:229270	COc1nccc(C)c1-c1ccc(OC2CC2)c(-c2cnc(C#N)s2)c1	0.025478
rxn:5:196189:228573:229270	Cc1cc(C#N)ccc1-c1ccc(C2=NCCO2)cc1-c1cnc(C#N)s1	0.025478
rxn:5:195522:229270:228628	CCc1cc(-c2cc(C3CCC3)cs2)c(-c2cnc(C#N)s2)cn1	0.025474
rxn:5:179197:223466:228564	CCC(C)c1ccc(-c2cc(-c3cn[nH]c3)ccc2OC2CC2)s1	0.025460
rxn:5:195435:229338:227821	CCc1c(C)cc(C)cc1-c1cc(C(C)=O)nc(-c2ccns2)c1	0.025450
rxn:5:181282:229272:228821	CCc1ccc(-c2ccc(C)c(F)c2F)c(-c2cnc(OC)s2)c1	0.025450
rxn:5:192492:229270:223263	CNC(=O)c1ccc(F)c(-c2cc(CN(C)C)ccc2-c2cnc(C#N)s2)c1	0.025443
rxn:5:192493:229270:223263	CNC(=O)c1ccc(F)c(-c2ccc(-c3cnc(C#N)s3)cc2CN(C)C)c1	0.025443
rxn:5:198323:223397:227278	Cc1cc(-c2ccc(C3(C#N)CC3)nc2)nc(C)c1-c1ccc2c(c1)CCN2	0.025438
rxn:5:198679:223462:229061	Cc1cc(-c2cccc3nccc(-c4cnn(C(C)C)c4)c23)n[nH]1	0.025411
rxn:5:198653:223462:229061	Cc1cc(-c2ccnc3cccc(-c4cnn(C(C)C)c4)c23)n[nH]1	0.025411
rxn:5:198620:223462:229061	Cc1cc(-c2ccc3nccc(-c4cnn(C(C)C)c4)c3c2)n[nH]1	0.025411
rxn:5:198622:223462:229061	Cc1cc(-c2ccc3c(-c4cnn(C(C)C)c4)ccnc3c2)n[nH]1	0.025411
rxn:5:198646:223462:229061	Cc1cc(-c2ccnc3ccc(-c4cnn(C(C)C)c4)cc23)n[nH]1	0.025411
rxn:5:198684:223462:229061	Cc1cc(-c2ccc3ncccc3c2-c2cnn(C(C)C)c2)n[nH]1	0.025411
rxn:5:198621:223462:229061	Cc1cc(-c2cccc3c(-c4cnn(C(C)C)c4)ccnc23)n[nH]1	0.025411
rxn:5:198652:223462:229061	Cc1cc(-c2nccc3cccc(-c4cnn(C(C)C)c4)c23)n[nH]1	0.025411
rxn:5:198655:223462:229061	Cc1cc(-c2ccnc3cc(-c4cnn(C(C)C)c4)ccc23)n[nH]1	0.025411
rxn:5:198682:223462:229061	Cc1cc(-c2c(-c3cnn(C(C)C)c3)ccc3ncccc23)n[nH]1	0.025411
rxn:5:198667:223462:229061	Cc1cc(-c2cc3cccnc3cc2-c2cnn(C(C)C)c2)n[nH]1	0.025411
rxn:5:198669:223462:229061	Cc1cc(-c2cc(-c3cnn(C(C)C)c3)cc3ncccc23)n[nH]1	0.025411
rxn:5:199106:223469:229061	Cc1c(-c2cc[nH]n2)ccc2nccc(-c3cnn(C(C)C)c3)c12	0.025411
rxn:5:196084:229270:229088	CC(=O)c1csc(-c2cc(C(C)C)ncc2-c2cnc(C#N)s2)c1	0.025406
rxn:5:196083:229270:229088	CC(=O)c1csc(-c2cc(C(C)C)c(-c3cnc(C#N)s3)cn2)c1	0.025406
rxn:5:196087:229270:229088	CC(=O)c1csc(-c2cc(-c3cnc(C#N)s3)ncc2C(C)C)c1	0.025406
rxn:5:181282:229270:223189	CCc1ccc(-c2ccc(NS(C)(=O)=O)cc2F)c(-c2cnc(C#N)s2)c1	0.025403
rxn:5:195522:228711:229088	CCc1cc(-c2cc(C(C)=O)cs2)c(-c2cc(C)cnc2C#N)cn1	0.025392
rxn:5:195522:228714:229088	CCc1cc(-c2cc(C(C)=O)cs2)c(-c2cnc(C#N)cc2C)cn1	0.025392
rxn:5:195522:228718:229088	CCc1cc(-c2cc(C(C)=O)cs2)c(-c2cc(C#N)cnc2C)cn1	0.025392
rxn:5:195522:228719:229088	CCc1cc(-c2cc(C(C)=O)cs2)c(-c2cc(C#N)ncc2C)cn1	0.025392
rxn:5:195522:229270:227996	CCc1cc(-c2ccc(C(C)=O)cc2C)c(-c2cnc(C#N)s2)cn1	0.025392
rxn:5:195522:229270:228019	CCc1cc(-c2cc(C(C)=O)ccc2C)c(-c2cnc(C#N)s2)cn1	0.025392
rxn:5:195522:229270:228021	CCc1cc(-c2cc(C)cc(C(C)=O)c2)c(-c2cnc(C#N)s2)cn1	0.025392
rxn:5:195460:229065:228964	COC(=O)c1ncc(-c2cc(-c3ccnc(C#N)c3)cc(C)c2C#N)s1	0.025391
rxn:5:195433:228411:229311	COc1ccc(-c2ccc(-c3cnc(C)s3)nc2C(C)=O)c(F)c1F	0.025385
rxn:5:195446:228411:229311	COc1ccc(-c2cc(C(C)=O)cnc2-c2cnc(C)s2)c(F)c1F	0.025385
rxn:5:195522:229270:228345	CCc1cc(-c2cc(C)sc2C(=O)OC)c(-c2cnc(C#N)s2)cn1	0.025383
rxn:5:182222:223469:229270	COc1ccc2cc(-c3cc[nH]n3)ccc2c1-c1cnc(C#N)s1	0.025371
rxn:5:182222:223466:229270	COc1ccc2cc(-c3cn[nH]c3)ccc2c1-c1cnc(C#N)s1	0.025371
rxn:5:198322:229338:223320	Cc1cc(-c2c(C)cc(-c3ccns3)nc2C)c2cn[nH]c2c1	0.025371
rxn:5:182506:229270:227532	CCOc1ccc(-c2c(C)cccc2-c2cnc(C#N)s2)c(F)c1F	0.025370
rxn:5:178977:228381:229311	CCOc1ccc(-c2c(F)cc(C#N)cc2F)c(-c2cnc(C)s2)c1	0.025370
rxn:5:178979:228381:229311	CCOc1ccc(-c2cnc(C)s2)c(-c2c(F)cc(C#N)cc2F)c1	0.025370
rxn:5:182506:229270:227545	CCOc1ccc(F)c(-c2c(C)cccc2-c2cnc(C#N)s2)c1F	0.025370
rxn:5:182506:229270:227548	CCOc1ccc(F)c(F)c1-c1c(C)cccc1-c1cnc(C#N)s1	0.025370
rxn:5:181282:229270:228257	CCc1ccc(-c2c(F)cc(C)cc2OC)c(-c2cnc(C#N)s2)c1	0.025368
rxn:5:181282:229270:228178	CCc1ccc(-c2cc(COC)ccc2F)c(-c2cnc(C#N)s2)c1	0.025365
rxn:5:181326:228888:229177	CS(=O)(=O)c1cc(-c2cc(C#N)ncc2F)cc(-c2c(F)cncc2F)c1	0.025355
rxn:5:195651:229270:229088	CC(=O)c1csc(-c2ncc(S(C)(=O)=O)cc2-c2cnc(C#N)s2)c1	0.025355
rxn:5:195324:228597:229057	CSc1ccc(-c2c(C)cccc2C#N)c(-c2cnn(C3CC3)c2)n1	0.025352
rxn:5:195324:228581:229057	CSc1ccc(-c2cccc(C#N)c2C)c(-c2cnn(C3CC3)c2)n1	0.025352
rxn:5:176594:228381:229336	CC(=O)COc1ccc(-c2c(F)cc(C#N)cc2F)c(-c2cncs2)c1	0.025334
rxn:5:191979:229270:229088	CCCc1cc(-c2cc(C(C)=O)cs2)c(-c2cnc(C#N)s2)cn1	0.025334
rxn:5:191978:229270:229088	CCCc1cnc(-c2cnc(C#N)s2)cc1-c1cc(C(C)=O)cs1	0.025334
rxn:5:182737:223183:229270	CNS(=O)(=O)c1ccc(-c2cc3c(cc2-c2cnc(C#N)s2)CCO3)c(C)c1	0.025334
rxn:5:182738:223183:229270	CNS(=O)(=O)c1ccc(-c2cc3c(cc2-c2cnc(C#N)s2)OCC3)c(C)c1	0.025334
rxn:5:181204:228888:229177	CC(=O)c1cc(-c2cc(C#N)ncc2F)cc(-c2c(F)cncc2F)c1	0.025328
rxn:5:182506:229270:228445	Cc1cccc(-c2cnc(C#N)s2)c1-c1c(F)cccc1C(F)F	0.025328
rxn:5:182506:229270:228447	Cc1cccc(-c2cnc(C#N)s2)c1-c1cccc(C(F)F)c1F	0.025328
rxn:5:195463:228644:229270	Cc1cc(-c2cc(C)c(F)c(C)c2)c(-c2cnc(C#N)s2)cc1C#N	0.025321
rxn:5:195460:223138:229272	COc1ncc(-c2cc(-c3ccnc(C4CCNCC4)c3)cc(C)c2C#N)s1	0.025311
rxn:5:195460:223140:229272	COc1ncc(-c2cc(-c3ccnc(C4CCCNC4)c3)cc(C)c2C#N)s1	0.025311
rxn:5:191681:228259:229270	CCOc1cc(-c2cnc(C#N)s2)cnc1-c1cc(C)cc(OC)c1F	0.025286
rxn:5:195463:227432:229270	Cc1cc(-c2ccc(C3COC3)nc2C)c(-c2cnc(C#N)s2)cc1C#N	0.025281
rxn:5:199106:223462:229240	Cc1ncc(-c2ccnc3ccc(-c4cc(C)[nH]n4)c(C)c23)cn1	0.025280
rxn:5:195522:229270:226968	CCc1cc(-c2ccc3c(c2)OC(C)(C)C3)c(-c2cnc(C#N)s2)cn1	0.025273
rxn:5:199106:223464:229255	Cc1c(-c2cc[nH]c2)ccc2nccc(-c3ccncc3F)c12	0.025257
rxn:5:199106:223464:229263	Cc1c(-c2cc[nH]c2)ccc2nccc(-c3cnccc3F)c12	0.025257
rxn:5:198513:229270:229057	N#Cc1ncc(-c2cc3cc[nH]c3cc2-c2cnn(C3CC3)c2)s1	0.025253
rxn:5:195435:229338:226411	CC(=O)c1cc(-c2ccc(N3CCOCC3)cc2)cc(-c2ccns2)n1	0.025241
rxn:5:179193:229270:223263	CNC(=O)c1ccc(F)c(-c2cc(OC)c(OC)cc2-c2cnc(C#N)s2)c1	0.025237
rxn:5:181080:228888:229177	CSc1ccc(-c2cc(C#N)ncc2F)c(-c2c(F)cncc2F)c1	0.025226
rxn:5:181073:228888:229177	CSc1ccc(-c2cc(C#N)ncc2F)cc1-c1c(F)cncc1F	0.025226
rxn:5:181079:228888:229177	CSc1cc(-c2cc(C#N)ncc2F)ccc1-c1c(F)cncc1F	0.025226
rxn:5:181076:228885:229177	CSc1cc(-c2cnc(C#N)c(F)c2)cc(-c2c(F)cncc2F)c1	0.025226
rxn:5:181077:228888:229177	CSc1ccc(-c2c(F)cncc2F)c(-c2cc(C#N)ncc2F)c1	0.025226
rxn:5:181074:228888:229177	CSc1ccc(-c2c(F)cncc2F)cc1-c1cc(C#N)ncc1F	0.025226
rxn:5:181078:228888:229177	CSc1cc(-c2c(F)cncc2F)ccc1-c1cc(C#N)ncc1F	0.025226
rxn:5:195435:229338:223404	CC(=O)c1cc(-c2cccc3[nH]ncc23)cc(-c2ccns2)n1	0.025224
rxn:5:195435:229338:223402	CC(=O)c1cc(-c2ccc3[nH]ncc3c2)cc(-c2ccns2)n1	0.025224
rxn:5:195435:229338:223403	CC(=O)c1cc(-c2ccc3cn[nH]c3c2)cc(-c2ccns2)n1	0.025224
rxn:5:195435:229338:223408	CC(=O)c1cc(-c2cccc3cn[nH]c23)cc(-c2ccns2)n1	0.025224
rxn:5:195435:229338:223413	CC(=O)c1cc(-c2cncc3[nH]ccc23)cc(-c2ccns2)n1	0.025224
rxn:5:195435:229338:223410	CC(=O)c1cc(-c2c[nH]c3cnccc23)cc(-c2ccns2)n1	0.025224
rxn:5:195460:228148:229272	COc1ncc(-c2cc(-c3cccc(OC)c3OC)cc(C)c2C#N)s1	0.025220
rxn:5:195326:229270:228332	COc1cc(SC)c(-c2c(OC)ccnc2-c2cnc(C#N)s2)cn1	0.025218
rxn:5:181075:229270:228455	COc1ncc(-c2cccc(-c3cnc(C#N)s3)c2SC)c(OC)n1	0.025218
rxn:5:181076:229114:229177	CSc1cc(-c2cc(C)ncc2F)cc(-c2c(F)cncc2F)c1	0.025218
rxn:5:181076:229115:229177	CSc1cc(-c2cc(F)cnc2C)cc(-c2c(F)cncc2F)c1	0.025218
rxn:5:181076:229126:229177	CSc1cc(-c2cnc(C)cc2F)cc(-c2c(F)cncc2F)c1	0.025218
rxn:5:181076:229124:229177	CSc1cc(-c2cnc(C)c(F)c2)cc(-c2c(F)cncc2F)c1	0.025218
rxn:5:181076:229121:229177	CSc1cc(-c2cncc(F)c2C)cc(-c2c(F)cncc2F)c1	0.025218
rxn:5:179197:228864:229270	CCOc1ncc(-c2ccc(OC3CC3)c(-c3cnc(C#N)s3)c2)cn1	0.025211
rxn:5:181325:229270:223263	CNC(=O)c1ccc(F)c(-c2ccc(S(C)(=O)=O)cc2-c2cnc(C#N)s2)c1	0.025180
rxn:5:178977:229270:229088	CCOc1ccc(-c2cnc(C#N)s2)c(-c2cc(C(C)=O)cs2)c1	0.025172
rxn:5:178979:229270:229088	CCOc1ccc(-c2cc(C(C)=O)cs2)c(-c2cnc(C#N)s2)c1	0.025172
rxn:5:182894:223183:229270	CNS(=O)(=O)c1ccc(-c2cc3c(cc2-c2cnc(C#N)s2)CCC3)c(C)c1	0.025161
rxn:5:179840:229022:229311	Cc1ncc(-c2cc(O[C@@H]3CCOC3)ccc2-c2cncc(C)c2C)s1	0.025160
rxn:5:198417:223397:223465	c1cc(-c2ccnc3cc(-c4ccc5c(c4)CCN5)sc23)[nH]n1	0.025152
rxn:5:181325:229272:228821	COc1ncc(-c2cc(S(C)(=O)=O)ccc2-c2ccc(C)c(F)c2F)s1	0.025146
rxn:5:199106:223466:228996	CCc1cc(-c2ccnc3ccc(-c4cn[nH]c4)c(C)c23)ccn1	0.025124
rxn:5:199106:223466:228997	CCc1ccc(-c2ccnc3ccc(-c4cn[nH]c4)c(C)c23)cn1	0.025124
rxn:5:195460:228320:229272	COC(=O)c1cc(-c2cc(C)c(C#N)c(-c3cnc(OC)s3)c2)ccn1	0.025116
rxn:5:179403:229065:229272	COC(=O)c1c(C)cc(-c2ccnc(C#N)c2)cc1-c1cnc(OC)s1	0.025116
rxn:5:195522:229270:228563	CCc1cc(-c2cc(CC(C)C)cs2)c(-c2cnc(C#N)s2)cn1	0.025108
rxn:5:176594:228747:229311	CC(=O)COc1ccc(-c2c(F)cccc2C#N)c(-c2cnc(C)s2)c1	0.025106
rxn:5:176594:228729:229311	CC(=O)COc1ccc(-c2ccc(F)cc2C#N)c(-c2cnc(C)s2)c1	0.025106
rxn:5:176594:228752:229311	CC(=O)COc1ccc(-c2cc(F)ccc2C#N)c(-c2cnc(C)s2)c1	0.025106
rxn:5:176594:228740:229311	CC(=O)COc1ccc(-c2ccc(C#N)cc2F)c(-c2cnc(C)s2)c1	0.025106
rxn:5:176594:228725:229311	CC(=O)COc1ccc(-c2cc(F)cc(C#N)c2)c(-c2cnc(C)s2)c1	0.025106
rxn:5:176594:228749:229311	CC(=O)COc1ccc(-c2cc(C#N)ccc2F)c(-c2cnc(C)s2)c1	0.025106
rxn:5:176594:228723:229311	CC(=O)COc1ccc(-c2ccc(C#N)c(F)c2)c(-c2cnc(C)s2)c1	0.025106
rxn:5:176594:228744:229311	CC(=O)COc1ccc(-c2ccc(F)c(C#N)c2)c(-c2cnc(C)s2)c1	0.025106
rxn:5:176594:228753:229311	CC(=O)COc1ccc(-c2cccc(F)c2C#N)c(-c2cnc(C)s2)c1	0.025106
rxn:5:181071:223447:228435	COc1cccc(-c2c(SC)ccc(F)c2F)c1-c1cc(C)[nH]c(=O)c1	0.025103
rxn:5:182440:229270:226593	CC(C)Oc1ccc(F)c(-c2ccccc2-c2cnc(C#N)s2)c1F	0.025096
rxn:5:198126:223464:226695	Fc1cc(-c2cncs2)ccc1-c1ccncc1-c1cc[nH]c1	0.025057
rxn:5:195463:227376:229270	Cc1cc(-c2cncc(N3CCCC3)c2)c(-c2cnc(C#N)s2)cc1C#N	0.025043
rxn:5:195463:227375:229270	Cc1cc(-c2ccc(N3CCCC3)nc2)c(-c2cnc(C#N)s2)cc1C#N	0.025043
rxn:5:195463:227387:229270	Cc1cc(-c2ccnc(N3CCCC3)c2)c(-c2cnc(C#N)s2)cc1C#N	0.025043
rxn:5:182506:229270:227712	Cc1cccc(-c2cnc(C#N)s2)c1-c1ccc(OC(F)F)c(F)c1	0.025036
rxn:5:182506:229270:227713	Cc1cccc(-c2cnc(C#N)s2)c1-c1cc(F)ccc1OC(F)F	0.025036
rxn:5:182506:229270:227724	Cc1cccc(-c2cnc(C#N)s2)c1-c1cc(OC(F)F)ccc1F	0.025036
rxn:5:182506:229270:227711	Cc1cccc(-c2cnc(C#N)s2)c1-c1ccc(F)c(OC(F)F)c1	0.025036
rxn:5:182506:229270:227717	Cc1cccc(-c2cnc(C#N)s2)c1-c1ccc(F)cc1OC(F)F	0.025036
rxn:5:196189:228600:229270	COc1ccc(-c2ccc(C3=NCCO3)cc2-c2cnc(C#N)s2)c(C)c1	0.025033
rxn:5:195522:229270:227206	CCc1cc(-c2ccc3c(c2C)COC3=O)c(-c2cnc(C#N)s2)cn1	0.025028
rxn:5:198447:229270:229308	Cc1cc(-c2snc3ccc(-c4cnc(C#N)s4)cc23)on1	0.025027
rxn:5:195460:228462:229272	COc1ncc(-c2cc(-c3ccnc(OC(F)F)c3)cc(C)c2C#N)s1	0.025018
rxn:5:195460:229065:228868	COC(=O)c1ccc(-c2cc(-c3ccnc(C#N)c3)cc(C)c2C#N)s1	0.025007
rxn:5:195460:228396:229272	COc1cc(F)c(-c2cc(C)c(C#N)c(-c3cnc(OC)s3)c2)c(F)c1	0.025000
rxn:5:182506:229270:226783	COc1cc(F)c(F)c(OC)c1-c1c(C)cccc1-c1cnc(C#N)s1	0.025000
rxn:5:180096:229344:228708	c1ncc(-c2cc(-c3cocn3)ccc2OC2CCCC2)c(C2CC2)n1	0.024999
rxn:5:192492:228381:229311	Cc1ncc(-c2cc(CN(C)C)ccc2-c2c(F)cc(C#N)cc2F)s1	0.024995
rxn:5:195460:229065:228399	COc1c(F)cc(-c2cc(-c3ccnc(C#N)c3)cc(C)c2C#N)cc1F	0.024988
rxn:5:195460:227902:229272	CCc1cc(-c2cc(C)c(C#N)c(-c3cnc(OC)s3)c2)ccc1C#N	0.024986
rxn:5:195460:227911:229272	CCc1ccc(-c2cc(C)c(C#N)c(-c3cnc(OC)s3)c2)cc1C#N	0.024986
rxn:5:179400:229272:229270	COc1ncc(-c2cc(C(=O)C3CC3)ccc2-c2cnc(C#N)s2)s1	0.024982
rxn:5:198513:229270:229226	N#Cc1ccc(-c2cc3[nH]ccc3cc2-c2cnc(C#N)s2)s1	0.024980
rxn:5:198620:223464:229081	CN(C)c1ccc(-c2ccnc3ccc(-c4cc[nH]c4)cc23)s1	0.024977
rxn:5:181431:228411:229311	COc1ccc(-c2c(OC)ccc(-c3cnc(C)s3)c2C)c(F)c1F	0.024972
rxn:5:176753:229080:229308	CCCOc1ccc(-c2cc(C)no2)cc1-c1cnc(C2CC2)s1	0.024971
rxn:5:195463:228158:229270	CCOc1cc(F)cc(-c2cc(C)c(C#N)cc2-c2cnc(C#N)s2)c1	0.024961
rxn:5:195463:228171:229270	CCOc1ccc(-c2cc(C)c(C#N)cc2-c2cnc(C#N)s2)cc1F	0.024961
rxn:5:181581:228888:229177	CC(C)c1cc(-c2cc(C#N)ncc2F)cc(-c2c(F)cncc2F)c1	0.024934
rxn:5:195460:227949:229272	COc1ncc(-c2cc(-c3cc(C)c(C#N)c(C)c3)cc(C)c2C#N)s1	0.024920
rxn:5:198417:228990:223465	CCCc1ccc(-c2cc3nccc(-c4ccn[nH]4)c3s2)s1	0.024909
rxn:5:191515:228381:229311	COC(=O)c1cc(-c2cnc(C)s2)c(-c2c(F)cc(C#N)cc2F)cn1	0.024908
rxn:5:191509:228381:229311	COC(=O)c1cc(-c2c(F)cc(C#N)cc2F)ncc1-c1cnc(C)s1	0.024908
rxn:5:191552:228381:229311	COC(=O)c1ncc(-c2cnc(C)s2)cc1-c1c(F)cc(C#N)cc1F	0.024908
rxn:5:195362:229009:228574	COc1ncc(-c2ccc(C)cc2C#N)cc1-c1cc(C2CC2)cs1	0.024903
rxn:5:198417:228691:223462	CCOc1ccc(-c2cc3nccc(-c4cc(C)[nH]n4)c3s2)cn1	0.024901
rxn:5:181076:228719:229177	CSc1cc(-c2cc(C#N)ncc2C)cc(-c2c(F)cncc2F)c1	0.024899
rxn:5:181076:228714:229177	CSc1cc(-c2cnc(C#N)cc2C)cc(-c2c(F)cncc2F)c1	0.024899
rxn:5:181076:228711:229177	CSc1cc(-c2cc(C)cnc2C#N)cc(-c2c(F)cncc2F)c1	0.024899
rxn:5:181076:228718:229177	CSc1cc(-c2cc(C#N)cnc2C)cc(-c2c(F)cncc2F)c1	0.024899
rxn:5:181076:228715:229177	CSc1cc(-c2ccc(C#N)nc2C)cc(-c2c(F)cncc2F)c1	0.024899
rxn:5:181076:228709:229177	CSc1cc(-c2cc(C)nc(C#N)c2)cc(-c2c(F)cncc2F)c1	0.024899
rxn:5:181076:228716:229177	CSc1cc(-c2cnc(C#N)c(C)c2)cc(-c2c(F)cncc2F)c1	0.024899
rxn:5:181076:228722:229177	CSc1cc(-c2cncc(C#N)c2C)cc(-c2c(F)cncc2F)c1	0.024899
rxn:5:181076:228888:229107	CSc1cc(-c2cc(C#N)ncc2F)cc(-c2c(C)cncc2F)c1	0.024899
rxn:5:181076:228888:229121	CSc1cc(-c2cc(C#N)ncc2F)cc(-c2cncc(F)c2C)c1	0.024899
rxn:5:181076:228888:229125	CSc1cc(-c2cc(C#N)ncc2F)cc(-c2cncc(C)c2F)c1	0.024899
rxn:5:181076:228888:229114	CSc1cc(-c2cc(C)ncc2F)cc(-c2cc(C#N)ncc2F)c1	0.024899
rxn:5:181076:228888:229126	CSc1cc(-c2cnc(C)cc2F)cc(-c2cc(C#N)ncc2F)c1	0.024899
rxn:5:181076:228888:229124	CSc1cc(-c2cnc(C)c(F)c2)cc(-c2cc(C#N)ncc2F)c1	0.024899
rxn:5:182506:229270:227355	CCOc1ccc(C)c(F)c1-c1c(C)cccc1-c1cnc(C#N)s1	0.024894
rxn:5:179400:229272:229256	COc1ncc(-c2cc(C(=O)C3CC3)ccc2-c2c(C)noc2C)s1	0.024893
rxn:5:195460:229065:228218	Cc1cc(-c2ccnc(C#N)c2)cc(-c2cc(C3CC3)ncc2F)c1C#N	0.024882
rxn:5:192569:223251:223462	Cc1cc(-c2ccc(C(=O)N3CCC3)cc2-c2ccc3c(c2)OCC(=O)N3)n[nH]1	0.024868
rxn:5:198495:223397:227278	N#CC1(c2ccc(-c3cc(-c4ccc5c(c4)CCN5)cc4c3=CC(=O)N=4)cn2)CC1	0.024865
rxn:5:195460:228125:229272	COc1ncc(-c2cc(-c3ccnc(OC(C)C)c3)cc(C)c2C#N)s1	0.024865
rxn:5:199106:223466:228762	CCn1cc(-c2ccnc3ccc(-c4cn[nH]c4)c(C)c23)ccc1=O	0.024863
rxn:5:176753:229270:228996	CCCOc1ccc(-c2ccnc(CC)c2)cc1-c1cnc(C#N)s1	0.024855
rxn:5:195324:228104:229057	CSc1ccc(-c2c(C#N)cccc2C#N)c(-c2cnn(C3CC3)c2)n1	0.024854
rxn:5:179192:228381:229311	CC(=O)Cc1cc(-c2cnc(C)s2)ccc1-c1c(F)cc(C#N)cc1F	0.024853
rxn:5:179186:228381:229311	CC(=O)Cc1ccc(-c2cnc(C)s2)cc1-c1c(F)cc(C#N)cc1F	0.024853
rxn:5:179191:228381:229311	CC(=O)Cc1cc(-c2c(F)cc(C#N)cc2F)ccc1-c1cnc(C)s1	0.024853
rxn:5:181071:228977:228375	COc1cccc(-c2c(F)ccc(C#N)c2F)c1-c1ccc2c(c1)CC2	0.024841
rxn:5:181071:228977:228371	COc1cccc(-c2ccc(F)c(C#N)c2F)c1-c1ccc2c(c1)CC2	0.024841
rxn:5:195460:229065:228375	Cc1cc(-c2ccnc(C#N)c2)cc(-c2c(F)ccc(C#N)c2F)c1C#N	0.024838
rxn:5:195522:229270:227408	CCc1cc(-c2cc(C3CCC3)ncc2F)c(-c2cnc(C#N)s2)cn1	0.024823
rxn:5:176594:228574:229311	CC(=O)COc1ccc(-c2ccc(C)cc2C#N)c(-c2cnc(C)s2)c1	0.024816
rxn:5:176594:228587:229311	CC(=O)COc1ccc(-c2cc(C)cc(C#N)c2)c(-c2cnc(C)s2)c1	0.024816
rxn:5:176594:228573:229311	CC(=O)COc1ccc(-c2ccc(C#N)cc2C)c(-c2cnc(C)s2)c1	0.024816
rxn:5:176594:228576:229311	CC(=O)COc1ccc(-c2cc(C#N)ccc2C)c(-c2cnc(C)s2)c1	0.024816
rxn:5:192479:228888:229177	CC(C)Cc1ccnc(-c2c(F)cncc2F)c1-c1cc(C#N)ncc1F	0.024815
rxn:5:195522:229270:227739	CCc1cc(-c2cnc(C(F)(F)F)c(C)c2)c(-c2cnc(C#N)s2)cn1	0.024812
rxn:5:199106:223464:223452	Cc1n[nH]c(C)c1-c1ccnc2ccc(-c3cc[nH]c3)c(C)c12	0.024811
rxn:5:195522:229270:227544	CCc1cc(-c2cc(F)ccc2C(=O)OC)c(-c2cnc(C#N)s2)cn1	0.024810
rxn:5:181282:229270:227701	CCc1ccc(-c2cc(C(=O)OC)ncc2F)c(-c2cnc(C#N)s2)c1	0.024810
rxn:5:182506:229270:227978	Cc1cccc(-c2cnc(C#N)s2)c1-c1cc(C(C)C)ccc1F	0.024794
rxn:5:182506:229270:227985	Cc1cccc(-c2cnc(C#N)s2)c1-c1ccc(F)c(C(C)C)c1	0.024794
rxn:5:181282:228734:223263	CCc1ccc(-c2cc(C(=O)NC)ccc2F)c(-c2c(C)ccnc2OC)c1	0.024793
rxn:5:176594:228381:229286	CC(=O)COc1ccc(-c2c(F)cc(C#N)cc2F)c(-c2ccn(C)c2)c1	0.024782
rxn:5:199106:223462:229159	COc1ncc(-c2ccnc3ccc(-c4cc(C)[nH]n4)c(C)c23)cn1	0.024765
rxn:5:181282:229270:227966	CCc1ccc(-c2cccnc2C(C)(C)C)c(-c2cnc(C#N)s2)c1	0.024763
rxn:5:199106:223462:229263	Cc1cc(-c2ccc3nccc(-c4cnccc4F)c3c2C)n[nH]1	0.024756
rxn:5:199106:229296:229297	Cc1c(-c2cnn(C)c2)ccc2nccc(-c3cncnc3)c12	0.024747
rxn:5:191494:228381:229311	CC(=O)Oc1cnc(-c2cnc(C)s2)c(-c2c(F)cc(C#N)cc2F)c1	0.024743
rxn:5:182578:223466:227137	CCn1cnc2cc(-c3ccc(-c4cn[nH]c4)c(C)c3C)ccc21	0.024737
rxn:5:182580:223466:227137	CCn1cnc2cc(-c3c(C)ccc(-c4cn[nH]c4)c3C)ccc21	0.024737
rxn:5:181282:229075:223263	CCc1ccc(-c2cc(C(=O)NC)ccc2F)c(-c2cc(C)c(C#N)s2)c1	0.024726
rxn:5:181282:229076:223263	CCc1ccc(-c2cc(C(=O)NC)ccc2F)c(-c2sc(C#N)cc2C)c1	0.024726
rxn:5:199106:223462:229146	COCn1cc(-c2ccnc3ccc(-c4cc(C)[nH]n4)c(C)c23)cn1	0.024720
rxn:5:195435:229338:227087	CC(=O)c1cc(-c2cc(C)cnc2C(C)(C)C)cc(-c2ccns2)n1	0.024713
rxn:5:195460:227277:229272	COc1ncc(-c2cc(-c3ccc(N(C)C)c(C#N)c3)cc(C)c2C#N)s1	0.024703
rxn:5:195460:227438:229272	COc1ncc(-c2cc(-c3ccnc(C4CCOC4)c3)cc(C)c2C#N)s1	0.024681
rxn:5:192337:228888:229177	CN(C)C(=O)c1cc(-c2cc(C#N)ncc2F)cc(-c2c(F)cncc2F)c1	0.024676
rxn:5:198620:223464:229053	COCc1ccc(-c2ccnc3ccc(-c4cc[nH]c4)cc23)s1	0.024675
rxn:5:180096:229344:229075	Cc1cc(-c2cc(-c3cocn3)ccc2OC2CCCC2)sc1C#N	0.024673
rxn:5:180096:229344:229076	Cc1cc(C#N)sc1-c1cc(-c2cocn2)ccc1OC1CCCC1	0.024673
rxn:5:192332:229270:223263	CNC(=O)c1ccc(F)c(-c2ccc(-c3cnc(C#N)s3)cc2C(=O)N(C)C)c1	0.024667
rxn:5:176594:228381:229309	CC(=O)COc1ccc(-c2c(F)cc(C#N)cc2F)c(-c2cnc(C)o2)c1	0.024653
rxn:5:182506:229270:225868	Cc1cccc(-c2cnc(C#N)s2)c1-c1ccc(N2CCOCC2)c(F)c1	0.024650
rxn:5:195460:228481:229272	COc1ncc(-c2cc(-c3ccnc(C(F)(F)F)c3)cc(C)c2C#N)s1	0.024636
rxn:5:195522:229270:226661	CCc1cc(-c2cc(N3CCN(C)CC3)cs2)c(-c2cnc(C#N)s2)cn1	0.024632
rxn:5:182506:229270:227331	Cc1cccc(-c2cnc(C#N)s2)c1-c1c(F)cccc1OC(C)C	0.024611
rxn:5:182506:229270:227344	Cc1cccc(-c2cnc(C#N)s2)c1-c1ccc(OC(C)C)c(F)c1	0.024611
rxn:5:182506:229270:227337	Cc1cccc(-c2cnc(C#N)s2)c1-c1cc(F)ccc1OC(C)C	0.024611
rxn:5:182506:229270:227338	Cc1cccc(-c2cnc(C#N)s2)c1-c1cc(OC(C)C)ccc1F	0.024611
rxn:5:182506:229270:227345	Cc1cccc(-c2cnc(C#N)s2)c1-c1ccc(OC(C)C)cc1F	0.024611
rxn:5:182506:229270:227328	Cc1cccc(-c2cnc(C#N)s2)c1-c1cc(F)cc(OC(C)C)c1	0.024611
rxn:5:182506:229270:227341	Cc1cccc(-c2cnc(C#N)s2)c1-c1cccc(OC(C)C)c1F	0.024611
rxn:5:182506:229270:227354	Cc1cccc(-c2cnc(C#N)s2)c1-c1ccc(F)c(OC(C)C)c1	0.024611
rxn:5:182506:229270:227336	Cc1cccc(-c2cnc(C#N)s2)c1-c1ccc(F)cc1OC(C)C	0.024611
rxn:5:182506:229270:227363	Cc1cccc(-c2cnc(C#N)s2)c1-c1cccc(F)c1OC(C)C	0.024611
rxn:5:195317:227034:229057	COc1ccc(-c2c(C#N)cccc2C2CC2)c(-c2cnn(C3CC3)c2)n1	0.024604
rxn:5:195316:227034:229057	COc1nc(-c2cnn(C3CC3)c2)ccc1-c1c(C#N)cccc1C1CC1	0.024604
rxn:5:195303:227034:229057	COc1cnc(-c2cnn(C3CC3)c2)c(-c2c(C#N)cccc2C2CC2)c1	0.024604
rxn:5:195797:229270:223263	CNC(=O)c1ccc(F)c(-c2nc(C)c(-c3cnc(C#N)s3)cc2SC)c1	0.024595
rxn:5:195463:223065:229270	Cc1cc(-c2ccc(N3CCNCC3)cc2F)c(-c2cnc(C#N)s2)cc1C#N	0.024594
rxn:5:181076:228908:229177	COc1cc(-c2cc(SC)cc(-c3c(F)cncc3F)c2)c(F)cn1	0.024591
rxn:5:181076:228897:229177	COc1ncc(F)cc1-c1cc(SC)cc(-c2c(F)cncc2F)c1	0.024591
rxn:5:181076:228933:229177	COc1cc(F)c(-c2cc(SC)cc(-c3c(F)cncc3F)c2)cn1	0.024591
rxn:5:195460:228178:229272	COCc1ccc(F)c(-c2cc(C)c(C#N)c(-c3cnc(OC)s3)c2)c1	0.024585
rxn:5:195463:222984:229270	Cc1cc(-c2ccc(CN3CCC(O)C3)cc2)c(-c2cnc(C#N)s2)cc1C#N	0.024581
rxn:5:198400:223464:223421	CNC(C)c1ccc(-c2nc3cc(-c4cc[nH]c4)ccc3o2)s1	0.024577
rxn:5:198406:223464:223421	CNC(C)c1ccc(-c2nc3ccc(-c4cc[nH]c4)cc3o2)s1	0.024577
rxn:5:198407:223464:223421	CNC(C)c1ccc(-c2noc3ccc(-c4cc[nH]c4)cc23)s1	0.024577
rxn:5:198413:223464:223421	CNC(C)c1ccc(-c2noc3cc(-c4cc[nH]c4)ccc23)s1	0.024577
rxn:5:179197:228682:229270	CCCc1ncncc1-c1ccc(OC2CC2)c(-c2cnc(C#N)s2)c1	0.024577
rxn:5:179840:229005:229311	COc1ccccc1-c1ccc(O[C@@H]2CCOC2)cc1-c1cnc(C)s1	0.024572
rxn:5:198244:229270:226593	Cc1cncc(-c2cnc(C#N)s2)c1-c1c(F)ccc(OC(C)C)c1F	0.024569
rxn:5:198240:229270:226593	Cc1ccnc(-c2cnc(C#N)s2)c1-c1c(F)ccc(OC(C)C)c1F	0.024569
rxn:5:198248:229270:226593	Cc1nccc(-c2cnc(C#N)s2)c1-c1c(F)ccc(OC(C)C)c1F	0.024569
rxn:5:188380:229065:229272	CCOC(=O)c1ccc(-c2ccnc(C#N)c2)c(-c2cnc(OC)s2)n1	0.024568
rxn:5:188410:229065:229272	CCOC(=O)c1ncc(-c2cnc(OC)s2)cc1-c1ccnc(C#N)c1	0.024568
rxn:5:196189:223201:229270	N#Cc1ncc(-c2cc(C3=NCCO3)ccc2-c2ccccc2C2CCNC2)s1	0.024567
rxn:5:179547:229270:223263	CCOc1ccc(-c2cnc(C#N)s2)c(-c2cc(C(=O)NC)ccc2F)c1C	0.024551
rxn:5:179546:229270:223263	CCOc1cc(-c2cc(C(=O)NC)ccc2F)c(-c2cnc(C#N)s2)cc1C	0.024551
rxn:5:195460:227387:229272	COc1ncc(-c2cc(-c3ccnc(N4CCCC4)c3)cc(C)c2C#N)s1	0.024539
rxn:5:179552:228888:229177	CCOc1c(C)ccc(-c2c(F)cncc2F)c1-c1cc(C#N)ncc1F	0.024533
rxn:5:181282:229270:228165	CCOc1ccc(F)c(-c2ccc(CC)cc2-c2cnc(C#N)s2)c1	0.024531
rxn:5:192336:228381:229311	Cc1ncc(-c2cc(C(=O)N(C)C)ccc2-c2c(F)cc(C#N)cc2F)s1	0.024525
rxn:5:181076:228888:229022	CSc1cc(-c2cc(C#N)ncc2F)cc(-c2cncc(C)c2C)c1	0.024515
rxn:5:181203:228381:229311	CC(=O)c1ccc(-c2c(F)cc(C#N)cc2F)c(-c2cnc(C)s2)c1	0.024487
rxn:5:181207:228381:229311	CC(=O)c1ccc(-c2cnc(C)s2)cc1-c1c(F)cc(C#N)cc1F	0.024487
rxn:5:182506:229270:227667	CC(=O)c1ccc(F)c(-c2c(C)cccc2-c2cnc(C#N)s2)c1F	0.024487
rxn:5:181202:228381:229311	CC(=O)c1cc(-c2cnc(C)s2)ccc1-c1c(F)cc(C#N)cc1F	0.024487
rxn:5:181206:228381:229311	CC(=O)c1ccc(-c2cnc(C)s2)c(-c2c(F)cc(C#N)cc2F)c1	0.024487
rxn:5:181201:228381:229311	CC(=O)c1cc(-c2c(F)cc(C#N)cc2F)ccc1-c1cnc(C)s1	0.024487
rxn:5:181205:228381:229311	CC(=O)c1c(-c2cnc(C)s2)cccc1-c1c(F)cc(C#N)cc1F	0.024487
rxn:5:181208:228381:229311	CC(=O)c1ccc(-c2c(F)cc(C#N)cc2F)cc1-c1cnc(C)s1	0.024487
rxn:5:199106:223466:229020	Cc1cc(-c2ccnc3ccc(-c4cn[nH]c4)c(C)c23)cc(C)n1	0.024479
rxn:5:195463:227299:229270	Cc1cc(-c2cc(F)cc(CN(C)C)c2)c(-c2cnc(C#N)s2)cc1C#N	0.024455
rxn:5:199106:223462:229148	Cc1cc(-c2ccc3nccc(-c4cnn(CCF)c4)c3c2C)n[nH]1	0.024452
rxn:5:176753:223131:229308	CCCOc1ccc(-c2cc(C)no2)cc1-c1ccc(N2CCNCC2)cc1	0.024451
rxn:5:198681:223462:229061	Cc1cc(-c2sc3ccnc(-c4cnn(C(C)C)c4)c3c2C)n[nH]1	0.024450
rxn:5:176753:228460:229308	CCCOc1ccc(-c2cc(C)no2)cc1-c1c(OC)ncnc1OC	0.024438
rxn:5:179197:223466:228033	Cn1cnc2ccc(-c3cc(-c4cn[nH]c4)ccc3OC3CC3)cc21	0.024431
rxn:5:179197:223466:228037	Cn1cc2cccc(-c3cc(-c4cn[nH]c4)ccc3OC3CC3)c2n1	0.024431
rxn:5:182506:229270:227093	Cc1cccc(-c2cnc(C#N)s2)c1-c1cccnc1C1CCCC1	0.024427
rxn:5:176993:229272:229243	CCCC(=O)c1ccc(-c2cn(C)nc2C)c(-c2cnc(OC)s2)c1	0.024421
rxn:5:195792:229298:227115	Cc1cc(-c2c(-c3cnccn3)cncc2C2CC2)c(F)cc1C1CC1	0.024408
rxn:5:195792:229304:227115	Cc1cc(-c2c(-c3ccncn3)cncc2C2CC2)c(F)cc1C1CC1	0.024408
rxn:5:198417:223341:223466	O=C1Cc2cc(-c3cc4nccc(-c5cn[nH]c5)c4s3)ccc2N1	0.024400
rxn:5:176753:228964:229308	CCCOc1ccc(-c2cc(C)no2)cc1-c1cnc(C(=O)OC)s1	0.024399
rxn:5:179543:229270:223263	CNC(=O)c1ccc(F)c(-c2ccc(OC(C)C)cc2-c2cnc(C#N)s2)c1	0.024398
rxn:5:195522:228530:229088	CCc1cc(-c2cc(C(C)=O)cs2)c(-c2ccc3c(c2)OCC3)cn1	0.024380
rxn:5:195325:228259:229270	COc1cc(C)cc(-c2ccnc(-c3cnc(C#N)s3)c2SC)c1F	0.024369
rxn:5:181622:229270:223263	CNC(=O)c1ccc(F)c(-c2ccc(C3OCCO3)cc2-c2cnc(C#N)s2)c1	0.024369
rxn:5:198513:229270:223447	Cc1cc(-c2cc3[nH]ccc3cc2-c2cnc(C#N)s2)cc(=O)[nH]1	0.024368
rxn:5:193229:223464:223421	CNC(C)c1ccc(-c2c(C(=O)N3CCOCC3)cccc2-c2cc[nH]c2)s1	0.024354
rxn:5:198911:229270:229271	COc1cc(-c2cc3c(C)c[nH]c3cc2-c2cnc(C#N)s2)sn1	0.024350
rxn:5:176570:223251:223462	COC(=O)Cc1ccc(-c2cc(C)[nH]n2)c(-c2ccc3c(c2)OCC(=O)N3)c1	0.024347
rxn:5:195449:229270:228455	COc1ncc(-c2ccnc(-c3cnc(C#N)s3)c2C(C)=O)c(OC)n1	0.024345
rxn:5:198513:229270:229005	COc1ccccc1-c1cc2[nH]ccc2cc1-c1cnc(C#N)s1	0.024340
rxn:5:179541:228888:229177	CC(C)Oc1cc(-c2cc(C#N)ncc2F)cc(-c2c(F)cncc2F)c1	0.024340
rxn:5:179542:228888:229177	CC(C)Oc1cc(-c2c(F)cncc2F)ccc1-c1cc(C#N)ncc1F	0.024340
rxn:5:176594:228101:229311	CC(=O)COc1ccc(-c2cc(C#N)cc(C#N)c2)c(-c2cnc(C)s2)c1	0.024339
rxn:5:176594:228104:229311	CC(=O)COc1ccc(-c2c(C#N)cccc2C#N)c(-c2cnc(C)s2)c1	0.024339
rxn:5:181282:229270:226580	CCc1ccc(-c2cc(C(=O)N(C)C)ccc2F)c(-c2cnc(C#N)s2)c1	0.024337
rxn:5:181282:229270:226582	CCc1ccc(-c2ccc(C(=O)N(C)C)cc2F)c(-c2cnc(C#N)s2)c1	0.024337
rxn:5:181282:229270:226576	CCc1ccc(-c2ccc(F)c(C(=O)N(C)C)c2)c(-c2cnc(C#N)s2)c1	0.024337
rxn:5:181575:229270:229088	CCc1cc(-c2cc(C(C)=O)cs2)c(C)cc1-c1cnc(C#N)s1	0.024329
rxn:5:195522:229075:229088	CCc1cc(-c2cc(C(C)=O)cs2)c(-c2cc(C)c(C#N)s2)cn1	0.024329
rxn:5:195522:229076:229088	CCc1cc(-c2cc(C(C)=O)cs2)c(-c2sc(C#N)cc2C)cn1	0.024329
rxn:5:178847:229270:223263	CNC(=O)c1ccc(F)c(-c2ccc(C(=O)OC)cc2-c2cnc(C#N)s2)c1	0.024329
rxn:5:199280:223251:223462	Cc1cc(-c2c(-c3ccc4c(c3)OCC(=O)N4)ccc3c2CCC(=O)N3C)n[nH]1	0.024318
rxn:5:191494:229272:228821	COc1ncc(-c2cc(OC(C)=O)cnc2-c2ccc(C)c(F)c2F)s1	0.024311
rxn:5:181071:228977:228939	COc1cccc(-c2c(F)cc(F)cc2F)c1-c1ccc2c(c1)CC2	0.024308
rxn:5:195460:227283:229272	COc1ncc(-c2cc(-c3cc(C#N)nc(C4CC4)c3)cc(C)c2C#N)s1	0.024302
rxn:5:195460:227284:229272	COc1ncc(-c2cc(-c3cc(C#N)ncc3C3CC3)cc(C)c2C#N)s1	0.024302
rxn:5:198417:228530:223462	Cc1cc(-c2ccnc3cc(-c4ccc5c(c4)OCC5)sc23)n[nH]1	0.024302
rxn:5:198417:228529:223462	Cc1cc(-c2ccnc3cc(-c4ccc5c(c4)CCO5)sc23)n[nH]1	0.024302
rxn:5:195460:229065:227972	Cc1cc(-c2ccnc(C#N)c2)cc(-c2cncc(C3CCC3)c2)c1C#N	0.024301
rxn:5:194942:229272:223000	COc1ncc(-c2cc(C#N)ccc2-c2ccc(C3CCCNC3)c(F)c2)s1	0.024298
rxn:5:182503:229272:223000	COc1ncc(-c2cc(C)ccc2-c2ccc(C3CCCNC3)c(F)c2)s1	0.024293
rxn:5:195463:226644:229270	Cc1cc(-c2cncc(N3CCOCC3)c2)c(-c2cnc(C#N)s2)cc1C#N	0.024289
rxn:5:181621:228888:229177	N#Cc1cc(-c2cc(-c3c(F)cncc3F)cc(C3OCCO3)c2)c(F)cn1	0.024282
rxn:5:181282:229270:227561	CCc1ccc(-c2cc(OC)c(OC)cc2F)c(-c2cnc(C#N)s2)c1	0.024269
rxn:5:181535:228411:229311	COc1ccc(-c2ccc(C3COC3)cc2-c2cnc(C)s2)c(F)c1F	0.024267
rxn:5:181537:229272:228821	COc1ncc(-c2cc(C3COC3)ccc2-c2ccc(C)c(F)c2F)s1	0.024267
rxn:5:195463:228211:229270	Cc1cc(-c2cc(N3CCCC3)cs2)c(-c2cnc(C#N)s2)cc1C#N	0.024262
rxn:5:179544:229270:223263	CNC(=O)c1ccc(F)c(-c2ccc(CC3CC3)cc2-c2cnc(C#N)s2)c1	0.024262
rxn:5:179545:229270:223263	CNC(=O)c1ccc(F)c(-c2cc(CC3CC3)ccc2-c2cnc(C#N)s2)c1	0.024262
rxn:5:199106:223462:229166	CC(=O)n1cc(-c2ccnc3ccc(-c4cc(C)[nH]n4)c(C)c23)cn1	0.024260
rxn:5:178844:228888:229177	COC(=O)c1cc(-c2cc(C#N)ncc2F)cc(-c2c(F)cncc2F)c1	0.024259
rxn:5:198911:229270:229162	COc1cnc(-c2cc3c(C)c[nH]c3cc2-c2cnc(C#N)s2)cn1	0.024255
rxn:5:198911:229270:229163	COc1cc(-c2cc3c(C)c[nH]c3cc2-c2cnc(C#N)s2)cnn1	0.024255
rxn:5:198911:229270:229161	COc1ncncc1-c1cc2c(C)c[nH]c2cc1-c1cnc(C#N)s1	0.024255
rxn:5:198911:229270:229164	COc1cncc(-c2cc3c(C)c[nH]c3cc2-c2cnc(C#N)s2)n1	0.024255
rxn:5:198911:229270:229159	COc1ncc(-c2cc3c(C)c[nH]c3cc2-c2cnc(C#N)s2)cn1	0.024255
rxn:5:181282:229270:227297	CCc1ccc(-c2cc(CN(C)C)ccc2F)c(-c2cnc(C#N)s2)c1	0.024251
rxn:5:191916:228259:229270	COc1cc(C)cc(-c2cc(-c3cnc(C#N)s3)c(OC)nc2OC)c1F	0.024241
rxn:5:195460:227958:229272	COc1ncc(-c2cc(-c3ccnc(C4CCC4)c3)cc(C)c2C#N)s1	0.024237
rxn:5:198417:229037:223462	Cc1cc(-c2ccnc3cc(-c4ccc(C)c(F)c4)sc23)n[nH]1	0.024208
rxn:5:195460:229065:228338	Cc1cc(-c2ccnc(C#N)c2)cc(-c2cnc(OC3CCC3)s2)c1C#N	0.024195
rxn:5:199106:223466:228683	CCCc1ncc(-c2ccnc3ccc(-c4cn[nH]c4)c(C)c23)cn1	0.024179
rxn:5:177731:229270:229308	Cc1cc(-c2ccc(C(=O)OC(C)(C)C)c(-c3cnc(C#N)s3)c2)on1	0.024175
rxn:5:195460:227963:229272	COc1ncc(-c2cc(-c3ccnc(C(C)(C)C)c3)cc(C)c2C#N)s1	0.024173
rxn:5:199106:223462:229057	Cc1cc(-c2ccc3nccc(-c4cnn(C5CC5)c4)c3c2C)n[nH]1	0.024171
rxn:5:196189:223230:229270	CC(=O)Nc1ccc(-c2ccc(C3=NCCO3)cc2-c2cnc(C#N)s2)c(C)c1	0.024170
rxn:5:195522:229270:227086	CCc1cc(-c2ccnc(C3CCCC3)c2)c(-c2cnc(C#N)s2)cn1	0.024163
rxn:5:192082:228411:229311	COc1ccc(-c2cnc(OC3COC3)c(-c3cnc(C)s3)c2)c(F)c1F	0.024153
rxn:5:195435:229338:227450	CC(=O)c1cc(-c2cccc(C3CC3(F)F)c2)cc(-c2ccns2)n1	0.024150
rxn:5:181282:229270:228247	CCc1ccc(-c2cc(C(C)=O)ccc2F)c(-c2cnc(C#N)s2)c1	0.024147
rxn:5:181282:229270:228248	CCc1ccc(-c2ccc(C(C)=O)cc2F)c(-c2cnc(C#N)s2)c1	0.024147
rxn:5:181282:229270:228241	CCc1ccc(-c2ccc(F)c(C(C)=O)c2)c(-c2cnc(C#N)s2)c1	0.024147
rxn:5:181282:229270:228283	CCc1ccc(-c2ccc(F)cc2C(C)=O)c(-c2cnc(C#N)s2)c1	0.024147
rxn:5:181282:229270:228245	CCc1ccc(-c2ccc(C(C)=O)c(F)c2)c(-c2cnc(C#N)s2)c1	0.024147
rxn:5:178977:228411:229311	CCOc1ccc(-c2ccc(OC)c(F)c2F)c(-c2cnc(C)s2)c1	0.024147
rxn:5:195463:222994:229270	Cc1cc(-c2cccc(N3CCC(O)CC3)c2)c(-c2cnc(C#N)s2)cc1C#N	0.024144
rxn:5:195463:222995:229270	Cc1cc(-c2cccc(N3CCCC(O)C3)c2)c(-c2cnc(C#N)s2)cc1C#N	0.024144
rxn:5:195463:222990:229270	Cc1cc(-c2ccc(N3CCC(O)CC3)cc2)c(-c2cnc(C#N)s2)cc1C#N	0.024144
rxn:5:195463:222991:229270	Cc1cc(-c2ccc(N3CCCC(O)C3)cc2)c(-c2cnc(C#N)s2)cc1C#N	0.024144
rxn:5:181076:223358:229177	CSc1cc(-c2ccc(NC(C)=O)cc2)cc(-c2c(F)cncc2F)c1	0.024138
rxn:5:195675:229270:223263	CNC(=O)c1ccc(F)c(-c2ccc(S(N)(=O)=O)cc2-c2cnc(C#N)s2)c1	0.024133
rxn:5:179840:229140:229311	Cc1ncc(-c2cc(O[C@@H]3CCOC3)ccc2-c2cccc(F)c2F)s1	0.024129
rxn:5:195815:229270:227668	COc1ncc(-c2cc(F)c(OC)c(F)c2C)c(C)c1-c1cnc(C#N)s1	0.024129
rxn:5:181282:229270:226966	CCc1ccc(-c2ccc3c(c2)C(=O)CCC3)c(-c2cnc(C#N)s2)c1	0.024119
rxn:5:198417:228541:223462	Cc1cc(-c2ccnc3cc(-c4ccc5c(c4)COC5)sc23)n[nH]1	0.024113
rxn:5:198417:228540:223462	Cc1cc(-c2ccnc3cc(-c4cccc5c4COC5)sc23)n[nH]1	0.024113
rxn:5:181405:223183:229270	CNS(=O)(=O)c1ccc(-c2ccc(C3CC3)cc2-c2cnc(C#N)s2)c(C)c1	0.024111
rxn:5:179197:228501:229270	Cn1ncc(-c2ccc(OC3CC3)c(-c3cnc(C#N)s3)c2)c1C(F)(F)F	0.024109
rxn:5:198916:223462:229061	Cc1cc(-c2ccc(-c3cnn(C(C)C)c3)c3c(C)c[nH]c23)n[nH]1	0.024107
rxn:5:199106:223466:228885	Cc1c(-c2cn[nH]c2)ccc2nccc(-c3cnc(C#N)c(F)c3)c12	0.024104
rxn:5:182506:229270:227040	Cc1ccc(OC(C)C)c(-c2c(C)cccc2-c2cnc(C#N)s2)c1	0.024104
rxn:5:182506:229270:227050	Cc1cc(-c2c(C)cccc2-c2cnc(C#N)s2)ccc1OC(C)C	0.024104
rxn:5:182506:229270:227063	Cc1ccc(-c2c(C)cccc2-c2cnc(C#N)s2)c(OC(C)C)c1	0.024104
rxn:5:182506:229270:227060	Cc1ccc(-c2c(C)cccc2-c2cnc(C#N)s2)cc1OC(C)C	0.024104
rxn:5:182506:229270:227043	Cc1cc(OC(C)C)ccc1-c1c(C)cccc1-c1cnc(C#N)s1	0.024104
rxn:5:182506:229270:227061	Cc1ccc(OC(C)C)cc1-c1c(C)cccc1-c1cnc(C#N)s1	0.024104
rxn:5:199106:223466:228686	CCOc1cc(-c2ccnc3ccc(-c4cn[nH]c4)c(C)c23)ccn1	0.024097
rxn:5:199106:223466:228691	CCOc1ccc(-c2ccnc3ccc(-c4cn[nH]c4)c(C)c23)cn1	0.024097
rxn:5:198620:223464:229202	CCc1ccc(-c2ccnc3ccc(-c4cc[nH]c4)cc23)s1	0.024096
rxn:5:181282:229270:223105	CCc1ccc(-c2cc(S(=O)(=O)NC)c(C)cc2F)c(-c2cnc(C#N)s2)c1	0.024095
rxn:5:198125:228990:223411	CCCc1ccc(-c2ccnc(-c3cc4cccnc4[nH]3)c2)s1	0.024082
rxn:5:198127:228990:223411	CCCc1ccc(-c2cc(-c3cc4cccnc4[nH]3)ccn2)s1	0.024082
rxn:5:178841:228381:229311	COC(=O)c1ccc(-c2c(F)cc(C#N)cc2F)c(-c2cnc(C)s2)c1	0.024073
rxn:5:178842:228381:229311	COC(=O)c1cc(-c2cnc(C)s2)ccc1-c1c(F)cc(C#N)cc1F	0.024073
rxn:5:178847:228381:229311	COC(=O)c1ccc(-c2cnc(C)s2)c(-c2c(F)cc(C#N)cc2F)c1	0.024073
rxn:5:194941:226412:229270	N#Cc1ncc(-c2cc(-c3cc(F)cc(N4CCCC4)c3)ccc2C#N)s1	0.024071
rxn:5:194948:226412:229270	N#Cc1ccc(-c2cc(F)cc(N3CCCC3)c2)c(-c2cnc(C#N)s2)c1	0.024071
rxn:5:194950:226412:229270	N#Cc1ncc(-c2ccc(C#N)c(-c3cc(F)cc(N4CCCC4)c3)c2)s1	0.024071
rxn:5:194949:226412:229270	N#Cc1ncc(-c2cccc(C#N)c2-c2cc(F)cc(N3CCCC3)c2)s1	0.024071
rxn:5:194943:226412:229270	N#Cc1ncc(-c2ccc(-c3cc(F)cc(N4CCCC4)c3)cc2C#N)s1	0.024071
rxn:5:194945:226412:229270	N#Cc1ncc(-c2ccc(-c3cc(F)cc(N4CCCC4)c3)c(C#N)c2)s1	0.024071
rxn:5:194947:226412:229270	N#Cc1ncc(-c2c(C#N)cccc2-c2cc(F)cc(N3CCCC3)c2)s1	0.024071
rxn:5:194946:226412:229270	N#Cc1ncc(-c2cccc(-c3cc(F)cc(N4CCCC4)c3)c2C#N)s1	0.024071
rxn:5:194942:226412:229270	N#Cc1ccc(-c2cnc(C#N)s2)c(-c2cc(F)cc(N3CCCC3)c2)c1	0.024071
rxn:5:199105:229344:229270	Cc1nc(-c2cnc(C#N)s2)cc2ccc(-c3cocn3)cc12	0.024069
rxn:5:199061:229344:229270	Cc1ccc2c(-c3cnc(C#N)s3)nccc2c1-c1cocn1	0.024069
rxn:5:182505:226412:229270	Cc1ccc(-c2cc(F)cc(N3CCCC3)c2)c(-c2cnc(C#N)s2)c1	0.024064
rxn:5:182503:226412:229270	Cc1ccc(-c2cnc(C#N)s2)c(-c2cc(F)cc(N3CCCC3)c2)c1	0.024064
rxn:5:198417:229270:229311	Cc1ncc(-c2ccnc3cc(-c4cnc(C#N)s4)sc23)s1	0.024061
rxn:5:181425:223466:227137	CCn1cnc2cc(-c3ccc(-c4cn[nH]c4)c(OC)c3C)ccc21	0.024052
rxn:5:181428:223466:227137	CCn1cnc2cc(-c3c(OC)ccc(-c4cn[nH]c4)c3C)ccc21	0.024052
rxn:5:182574:229270:228332	COc1cc(SC)c(-c2cc(C)c(C)cc2-c2cnc(C#N)s2)cn1	0.024044
rxn:5:182576:229270:228332	COc1cc(SC)c(-c2cc(C)c(-c3cnc(C#N)s3)cc2C)cn1	0.024044
rxn:5:195326:228127:223271	COc1cccc(C#N)c1-c1nccc(OC)c1-c1ccc(F)c(NC(C)=O)c1	0.024026
rxn:5:181071:228977:228407	COc1cccc(-c2c(OC)ccc(F)c2F)c1-c1ccc2c(c1)CC2	0.024022
rxn:5:181071:228977:228406	COc1ccc(F)c(-c2cccc(OC)c2-c2ccc3c(c2)CC3)c1F	0.024022
rxn:5:181071:228977:228401	COc1cccc(-c2c(F)ccc(F)c2OC)c1-c1ccc2c(c1)CC2	0.024022
rxn:5:181071:228977:228400	COc1cccc(-c2ccc(F)c(F)c2OC)c1-c1ccc2c(c1)CC2	0.024022
rxn:5:181071:228977:228403	COc1cccc(-c2ccc(F)c(OC)c2F)c1-c1ccc2c(c1)CC2	0.024022
rxn:5:181076:228312:229177	COc1cnc(C#N)cc1-c1cc(SC)cc(-c2c(F)cncc2F)c1	0.024020
rxn:5:181076:228309:229177	COc1cc(-c2cc(SC)cc(-c3c(F)cncc3F)c2)cc(C#N)n1	0.024020
rxn:5:181076:228888:228927	COc1nccc(F)c1-c1cc(SC)cc(-c2cc(C#N)ncc2F)c1	0.024020
rxn:5:177280:229065:229272	CCCOc1c(C)cc(-c2ccnc(C#N)c2)cc1-c1cnc(OC)s1	0.024019
rxn:5:179197:228192:229270	Cc1nc(N(C)C)ccc1-c1ccc(OC2CC2)c(-c2cnc(C#N)s2)c1	0.024000
rxn:5:176762:229270:223263	CCOCc1ccc(-c2cc(C(=O)NC)ccc2F)c(-c2cnc(C#N)s2)c1	0.023997
rxn:5:176761:229270:223263	CCOCc1ccc(-c2cnc(C#N)s2)c(-c2cc(C(=O)NC)ccc2F)c1	0.023997
rxn:5:176763:229270:223263	CCOCc1cc(-c2cnc(C#N)s2)ccc1-c1cc(C(=O)NC)ccc1F	0.023997
rxn:5:179840:228708:229311	Cc1ncc(-c2cc(O[C@@H]3CCOC3)ccc2-c2cncnc2C2CC2)s1	0.023974
rxn:5:196676:229270:223263	CNC(=O)c1ccc(F)c(-c2cc(-c3cnc(C#N)s3)cc(N3CCCC3)c2)c1	0.023970
rxn:5:195324:228127:229057	COc1cccc(C#N)c1-c1ccc(SC)nc1-c1cnn(C2CC2)c1	0.023968
rxn:5:195522:229270:227329	CCc1cc(-c2cc(C(C)=O)ccc2OC)c(-c2cnc(C#N)s2)cn1	0.023966
rxn:5:195522:229270:228562	CCc1cc(-c2cc(C(C)CC)cs2)c(-c2cnc(C#N)s2)cn1	0.023965
rxn:5:195460:226645:229272	COc1ncc(-c2cc(-c3ccnc(N4CCOCC4)c3)cc(C)c2C#N)s1	0.023951
rxn:5:179400:229298:228821	Cc1ccc(-c2ccc(C(=O)C3CC3)cc2-c2cnccn2)c(F)c1F	0.023949
rxn:5:179840:228913:229311	COc1nccc(-c2ccc(O[C@@H]3CCOC3)cc2-c2cnc(C)s2)c1F	0.023941
rxn:5:192336:229272:228821	COc1ncc(-c2ccc(C(=O)N(C)C)cc2-c2ccc(C)c(F)c2F)s1	0.023938
rxn:5:192714:229270:223263	CNC(=O)c1ccc(F)c(-c2cc(CN3CCC3)ccc2-c2cnc(C#N)s2)c1	0.023930
rxn:5:192709:229270:223263	CNC(=O)c1ccc(F)c(-c2ccc(CN3CCC3)cc2-c2cnc(C#N)s2)c1	0.023930
rxn:5:199106:223462:229051	CCCn1cc(-c2ccnc3ccc(-c4cc(C)[nH]n4)c(C)c23)cn1	0.023925
rxn:5:195460:227437:229272	COc1ncc(-c2cc(-c3ccnc(C4CCCO4)c3)cc(C)c2C#N)s1	0.023923
rxn:5:181854:229270:223263	CNC(=O)c1ccc(F)c(-c2ccc(C(C)(C)C)cc2-c2cnc(C#N)s2)c1	0.023912
rxn:5:199106:223462:229197	Cc1cc(-c2ccc3nccc(-c4cnn(C(F)F)c4)c3c2C)n[nH]1	0.023908
rxn:5:196189:228520:229270	Cc1cc(C)c(-c2ccc(C3=NCCO3)cc2-c2cnc(C#N)s2)cc1C	0.023900
rxn:5:182947:228888:229177	N#Cc1cc(-c2cc3c(c(-c4c(F)cncc4F)c2)OCCC3=O)c(F)cn1	0.023894
rxn:5:192339:228381:229311	CC(=O)N(C)c1ccc(-c2c(F)cc(C#N)cc2F)c(-c2cnc(C)s2)c1	0.023894
rxn:5:195923:223462:229061	Cc1cc(-c2cc(-c3cnn(C(C)C)c3)c(-c3ccco3)cn2)n[nH]1	0.023890
rxn:5:195324:228830:229057	CSc1ccc(-c2ccc(F)c(C)c2F)c(-c2cnn(C3CC3)c2)n1	0.023887
rxn:5:181537:228259:229270	COc1cc(C)cc(-c2cc(C3COC3)ccc2-c2cnc(C#N)s2)c1F	0.023878
rxn:5:192430:223469:229270	N#Cc1ncc(-c2ccccc2Oc2ccc(-c3cc[nH]n3)cn2)s1	0.023877
rxn:5:191355:229270:226412	COC(=O)c1cc(-c2cnc(C#N)s2)c(-c2cc(F)cc(N3CCCC3)c2)[nH]1	0.023874
rxn:5:191357:229270:226412	COC(=O)c1[nH]cc(-c2cc(F)cc(N3CCCC3)c2)c1-c1cnc(C#N)s1	0.023874
rxn:5:191356:229270:226412	COC(=O)c1[nH]cc(-c2cnc(C#N)s2)c1-c1cc(F)cc(N2CCCC2)c1	0.023874
rxn:5:178118:223462:229061	Cc1cc(-c2ccc(-c3cnn(C(C)C)c3)cc2OCC2CCCCO2)n[nH]1	0.023873
rxn:5:195463:226413:229270	Cc1cc(-c2cccc(N3CCOCC3)c2)c(-c2cnc(C#N)s2)cc1C#N	0.023871
rxn:5:195463:226411:229270	Cc1cc(-c2ccc(N3CCOCC3)cc2)c(-c2cnc(C#N)s2)cc1C#N	0.023871
rxn:5:195460:227905:229272	COc1ncc(-c2cc(-c3ccnc(CC(C)C)c3)cc(C)c2C#N)s1	0.023857
rxn:5:181282:229270:227530	CCc1ccc(-c2cc(C(=O)OC)ccc2F)c(-c2cnc(C#N)s2)c1	0.023851
rxn:5:181282:229270:227529	CCc1ccc(-c2ccc(C(=O)OC)cc2F)c(-c2cnc(C#N)s2)c1	0.023851
rxn:5:181282:229270:227543	CCc1ccc(-c2ccc(F)c(C(=O)OC)c2)c(-c2cnc(C#N)s2)c1	0.023851
rxn:5:181282:229270:227542	CCc1ccc(-c2ccc(F)cc2C(=O)OC)c(-c2cnc(C#N)s2)c1	0.023851
rxn:5:181282:229270:227544	CCc1ccc(-c2cc(F)ccc2C(=O)OC)c(-c2cnc(C#N)s2)c1	0.023851
rxn:5:181282:229270:227554	CCc1ccc(-c2cccc(F)c2C(=O)OC)c(-c2cnc(C#N)s2)c1	0.023851
rxn:5:181282:229270:227528	CCc1ccc(-c2ccc(C(=O)OC)c(F)c2)c(-c2cnc(C#N)s2)c1	0.023851
rxn:5:195522:229270:226326	CCc1cc(-c2cccc(C3(C#N)CC3)c2F)c(-c2cnc(C#N)s2)cn1	0.023851
rxn:5:182506:229270:227447	Cc1cccc(-c2cnc(C#N)s2)c1-c1c(F)ccc(C2CC2)c1F	0.023840
rxn:5:195324:228375:229057	CSc1ccc(-c2c(F)ccc(C#N)c2F)c(-c2cnn(C3CC3)c2)n1	0.023837
rxn:5:198126:229296:226200	CC(C)n1cnc2cc(-c3ccncc3-c3cnn(C)c3)ccc21	0.023827
rxn:5:198620:223466:223421	CNC(C)c1ccc(-c2ccnc3ccc(-c4cn[nH]c4)cc23)s1	0.023824
rxn:5:181203:229272:228821	COc1ncc(-c2ccc(C(C)=O)cc2-c2ccc(C)c(F)c2F)s1	0.023818
rxn:5:181204:229272:228821	COc1ncc(-c2cc(C(C)=O)cc(-c3ccc(C)c(F)c3F)c2)s1	0.023818
rxn:5:181206:228411:229311	COc1ccc(-c2cc(C(C)=O)ccc2-c2cnc(C)s2)c(F)c1F	0.023818
rxn:5:181210:228411:229311	COc1ccc(-c2c(C(C)=O)cccc2-c2cnc(C)s2)c(F)c1F	0.023818
rxn:5:181206:229272:228821	COc1ncc(-c2cc(C(C)=O)ccc2-c2ccc(C)c(F)c2F)s1	0.023818
rxn:5:179197:229072:229270	CSc1cncc(-c2ccc(OC3CC3)c(-c3cnc(C#N)s3)c2)c1	0.023804
rxn:5:196189:222413:229270	Cc1cc(S(N)(=O)=O)ccc1-c1ccc(C2=NCCO2)cc1-c1cnc(C#N)s1	0.023803
rxn:5:196189:222414:229270	Cc1ccc(S(N)(=O)=O)c(-c2ccc(C3=NCCO3)cc2-c2cnc(C#N)s2)c1	0.023803
rxn:5:176758:228888:229177	CCCOc1cc(-c2cc(C#N)ncc2F)cc(-c2c(F)cncc2F)c1	0.023799
rxn:5:196921:223469:229270	Cc1ccc(C)n1-c1ccc(-c2cc[nH]n2)cc1-c1cnc(C#N)s1	0.023799
rxn:5:196921:223466:229270	Cc1ccc(C)n1-c1ccc(-c2cn[nH]c2)cc1-c1cnc(C#N)s1	0.023799
rxn:5:195435:229338:223375	CC(=O)c1cc(-c2cc(F)cc3[nH]ncc23)cc(-c2ccns2)n1	0.023799
rxn:5:195435:229338:223369	CC(=O)c1cc(-c2cc(F)c3cn[nH]c3c2)cc(-c2ccns2)n1	0.023799
rxn:5:195435:229338:223365	CC(=O)c1cc(-c2cc3[nH]ncc3cc2F)cc(-c2ccns2)n1	0.023799
rxn:5:195435:229338:223370	CC(=O)c1cc(-c2ccc(F)c3[nH]ncc23)cc(-c2ccns2)n1	0.023799
rxn:5:195435:229338:223373	CC(=O)c1cc(-c2c(F)ccc3[nH]ncc23)cc(-c2ccns2)n1	0.023799
rxn:5:181282:229080:223263	CCc1ccc(-c2cc(C(=O)NC)ccc2F)c(-c2cnc(C3CC3)s2)c1	0.023795
rxn:5:181071:228977:228833	COc1cccc(-c2c(F)ccc(C)c2F)c1-c1ccc2c(c1)CC2	0.023788
rxn:5:181071:228977:228840	COc1cccc(-c2c(F)ccc(F)c2C)c1-c1ccc2c(c1)CC2	0.023788
rxn:5:181071:228977:228844	COc1cccc(-c2ccc(F)c(F)c2C)c1-c1ccc2c(c1)CC2	0.023788
rxn:5:181071:228977:228830	COc1cccc(-c2ccc(F)c(C)c2F)c1-c1ccc2c(c1)CC2	0.023788
rxn:5:181071:228977:228824	COc1cccc(-c2c(F)cc(C)cc2F)c1-c1ccc2c(c1)CC2	0.023788
rxn:5:195324:228920:229057	CSc1ccc(-c2ccnc(SC)c2F)c(-c2cnn(C3CC3)c2)n1	0.023782
rxn:5:179545:229270:228455	COc1ncc(-c2cc(CC3CC3)ccc2-c2cnc(C#N)s2)c(OC)n1	0.023779
rxn:5:195522:229270:227449	CCc1cc(-c2ccc(C3CCOCC3)s2)c(-c2cnc(C#N)s2)cn1	0.023778
rxn:5:181071:228977:229239	COc1cccc(-c2sccc2SC)c1-c1ccc2c(c1)CC2	0.023774
rxn:5:181076:228888:228735	COc1cncc(C)c1-c1cc(SC)cc(-c2cc(C#N)ncc2F)c1	0.023771
rxn:5:179787:229270:223263	CCc1cc(-c2cnc(C#N)s2)cc(CC)c1-c1cc(C(=O)NC)ccc1F	0.023761
rxn:5:180096:229344:229080	c1nc(-c2ccc(OC3CCCC3)c(-c3cnc(C4CC4)s3)c2)co1	0.023757
rxn:5:196189:228502:229270	Cn1cc(C(F)(F)F)c(-c2ccc(C3=NCCO3)cc2-c2cnc(C#N)s2)n1	0.023756
rxn:5:198324:229272:223000	COc1ncc(-c2cnc(C)c(C)c2-c2ccc(C3CCCNC3)c(F)c2)s1	0.023751
rxn:5:195463:226579:229270	Cc1cc(-c2cc(F)cc(C(=O)N(C)C)c2)c(-c2cnc(C#N)s2)cc1C#N	0.023749
rxn:5:195463:227080:229270	Cc1cc(-c2cccc(N3CCCC3)c2)c(-c2cnc(C#N)s2)cc1C#N	0.023743
rxn:5:195463:227081:229270	Cc1cc(-c2ccc(N3CCCC3)cc2)c(-c2cnc(C#N)s2)cc1C#N	0.023743
rxn:5:195463:227082:229270	Cc1cc(-c2ccccc2N2CCCC2)c(-c2cnc(C#N)s2)cc1C#N	0.023743
rxn:5:179840:229042:229311	Cc1ncc(-c2cc(O[C@@H]3CCOC3)ccc2-c2cccc(C)c2F)s1	0.023726
rxn:5:179840:229041:229311	Cc1ncc(-c2cc(O[C@@H]3CCOC3)ccc2-c2c(C)cccc2F)s1	0.023726
rxn:5:182951:229270:228455	COc1ncc(-c2ccc(-c3cnc(C#N)s3)c3c2C(=O)CCO3)c(OC)n1	0.023721
rxn:5:198620:223464:222421	NS(=O)(=O)c1cncc(-c2ccnc3ccc(-c4cc[nH]c4)cc23)c1	0.023714
rxn:5:198417:223251:229334	O=C1COc2cc(-c3cc4nccc(-c5cnoc5)c4s3)ccc2N1	0.023713
rxn:5:181282:229270:228019	CCc1ccc(-c2cc(C(C)=O)ccc2C)c(-c2cnc(C#N)s2)c1	0.023701
rxn:5:181282:229270:227996	CCc1ccc(-c2ccc(C(C)=O)cc2C)c(-c2cnc(C#N)s2)c1	0.023701
rxn:5:195463:228018:229270	Cc1cc(-c2cc(F)cc(C3CC3)c2)c(-c2cnc(C#N)s2)cc1C#N	0.023700
rxn:5:199066:223462:229061	Cc1cc(-c2ccnc3ccc(C)c(-c4cnn(C(C)C)c4)c23)n[nH]1	0.023698
rxn:5:199098:223462:229061	Cc1cc(-c2ccc3c(-c4cnn(C(C)C)c4)ccnc3c2C)n[nH]1	0.023698
rxn:5:199100:223462:229061	Cc1cc(-c2ccc(C)c3nccc(-c4cnn(C(C)C)c4)c23)n[nH]1	0.023698
rxn:5:199090:223462:229061	Cc1cc(-c2cc3c(-c4cnn(C(C)C)c4)ccnc3cc2C)n[nH]1	0.023698
rxn:5:199091:223462:229061	Cc1cc(-c2cc3nccc(-c4cnn(C(C)C)c4)c3cc2C)n[nH]1	0.023698
rxn:5:199060:223462:229061	Cc1cc(-c2ccnc3cc(-c4cnn(C(C)C)c4)c(C)cc23)n[nH]1	0.023698
rxn:5:199062:223462:229061	Cc1cc(-c2ccnc3c(C)c(-c4cnn(C(C)C)c4)ccc23)n[nH]1	0.023698
rxn:5:199092:223462:229061	Cc1cc(-c2cc(C)[nH]n2)c2nccc(-c3cnn(C(C)C)c3)c2c1	0.023698
rxn:5:199058:223462:229061	Cc1cc(-c2c(C)ccc3c(-c4cnn(C(C)C)c4)ccnc23)n[nH]1	0.023698
rxn:5:199089:223462:229061	Cc1cc(-c2cc(C)c3nccc(-c4cnn(C(C)C)c4)c3c2)n[nH]1	0.023698
rxn:5:199102:223462:229061	Cc1cc(-c2cc(-c3cnn(C(C)C)c3)c(C)c3ncccc23)n[nH]1	0.023698
rxn:5:199069:223462:229061	Cc1cc(-c2ccnc3c(-c4cnn(C(C)C)c4)c(C)ccc23)n[nH]1	0.023698
rxn:5:199106:223457:229061	Cc1cc(-c2ccc3nccc(-c4cnn(C(C)C)c4)c3c2C)[nH]n1	0.023698
rxn:5:199106:223461:229061	Cc1[nH]ncc1-c1ccc2nccc(-c3cnn(C(C)C)c3)c2c1C	0.023698
rxn:5:199106:223460:229061	Cc1nc(-c2ccc3nccc(-c4cnn(C(C)C)c4)c3c2C)c[nH]1	0.023698
rxn:5:199106:223459:229061	Cc1cn[nH]c1-c1ccc2nccc(-c3cnn(C(C)C)c3)c2c1C	0.023698
rxn:5:199106:223462:229056	Cc1cc(-c2ccc3nccc(-c4ccnn4C(C)C)c3c2C)n[nH]1	0.023698
rxn:5:198620:223464:228692	CN(C)Cc1ccc(-c2ccnc3ccc(-c4cc[nH]c4)cc23)s1	0.023687
rxn:5:176594:228939:229311	CC(=O)COc1ccc(-c2c(F)cc(F)cc2F)c(-c2cnc(C)s2)c1	0.023681
rxn:5:195436:229338:223320	CC(=O)c1cc(-c2ccns2)cc(-c2cc(C)cc3[nH]ncc23)n1	0.023678
rxn:5:195434:229338:223320	CC(=O)c1ccc(-c2ccns2)c(-c2cc(C)cc3[nH]ncc23)n1	0.023678
rxn:5:195439:229338:223320	CC(=O)c1ccc(-c2cc(C)cc3[nH]ncc23)c(-c2ccns2)n1	0.023678
rxn:5:195438:229338:223320	CC(=O)c1cc(-c2cc(C)cc3[nH]ncc23)c(-c2ccns2)cn1	0.023678
rxn:5:195437:229338:223320	CC(=O)c1nc(-c2ccns2)ccc1-c1cc(C)cc2[nH]ncc12	0.023678
rxn:5:195430:229338:223320	CC(=O)c1ncc(-c2cc(C)cc3[nH]ncc23)cc1-c1ccns1	0.023678
rxn:5:195433:229338:223320	CC(=O)c1nc(-c2cc(C)cc3[nH]ncc23)ccc1-c1ccns1	0.023678
rxn:5:195429:229338:223320	CC(=O)c1ncc(-c2ccns2)cc1-c1cc(C)cc2[nH]ncc12	0.023678
rxn:5:195444:229338:223320	CC(=O)c1cc(-c2cc(C)cc3[nH]ncc23)ncc1-c1ccns1	0.023678
rxn:5:195445:229338:223320	CC(=O)c1cc(-c2ccns2)cnc1-c1cc(C)cc2[nH]ncc12	0.023678
rxn:5:195446:229338:223320	CC(=O)c1cnc(-c2cc(C)cc3[nH]ncc23)c(-c2ccns2)c1	0.023678
rxn:5:195447:229338:223320	CC(=O)c1cnc(-c2cc(C)cc3[nH]ncc23)cc1-c1ccns1	0.023678
rxn:5:195435:229336:223320	CC(=O)c1cc(-c2cc(C)cc3[nH]ncc23)cc(-c2cncs2)n1	0.023678
rxn:5:195435:229338:223314	CC(=O)c1cc(-c2ccc3[nH]ncc3c2C)cc(-c2ccns2)n1	0.023678
rxn:5:195435:229338:223324	CC(=O)c1cc(-c2cc(C)c3cn[nH]c3c2)cc(-c2ccns2)n1	0.023678
rxn:5:195435:229338:223315	CC(=O)c1cc(-c2c(C)ccc3[nH]ncc23)cc(-c2ccns2)n1	0.023678
rxn:5:195435:229338:223322	CC(=O)c1cc(-c2cc3cn[nH]c3cc2C)cc(-c2ccns2)n1	0.023678
rxn:5:195435:229338:223321	CC(=O)c1cc(-c2ccc(C)c3[nH]ncc23)cc(-c2ccns2)n1	0.023678
rxn:5:195435:229338:223323	CC(=O)c1cc(-c2cc3[nH]ncc3cc2C)cc(-c2ccns2)n1	0.023678
rxn:5:195435:229338:223317	CC(=O)c1cc(-c2ccc3c(C)n[nH]c3c2)cc(-c2ccns2)n1	0.023678
rxn:5:195435:229338:223316	CC(=O)c1cc(-c2ccc3[nH]nc(C)c3c2)cc(-c2ccns2)n1	0.023678
rxn:5:195435:229338:223319	CC(=O)c1cc(-c2cc(C)c3[nH]ncc3c2)cc(-c2ccns2)n1	0.023678
rxn:5:195435:229338:223329	CC(=O)c1cc(-c2c(C)ccc3cn[nH]c23)cc(-c2ccns2)n1	0.023678
rxn:5:195435:229338:223325	CC(=O)c1cc(-c2cccc3[nH]nc(C)c23)cc(-c2ccns2)n1	0.023678
rxn:5:195435:229338:223326	CC(=O)c1cc(-c2cccc3c(C)n[nH]c23)cc(-c2ccns2)n1	0.023678
rxn:5:176594:228381:229240	CC(=O)COc1ccc(-c2c(F)cc(C#N)cc2F)c(-c2cnc(C)nc2)c1	0.023673
rxn:5:176594:228381:229242	CC(=O)COc1ccc(-c2c(F)cc(C#N)cc2F)c(-c2cncnc2C)c1	0.023673
rxn:5:199106:223462:228878	Cc1cc(-c2ccc3nccc(-c4cnn(C5COC5)c4)c3c2C)n[nH]1	0.023651
rxn:5:199106:223466:228975	Cc1c(-c2cn[nH]c2)ccc2nccc(-c3cnn(C(F)(F)F)c3)c12	0.023645
rxn:5:199106:223466:228978	CCc1ccc(-c2ccnc3ccc(-c4cn[nH]c4)c(C)c23)cc1	0.023632
rxn:5:199106:223466:228981	CCc1cccc(-c2ccnc3ccc(-c4cn[nH]c4)c(C)c23)c1	0.023632
rxn:5:195463:229270:228332	COc1cc(SC)c(-c2cc(C#N)c(C)cc2-c2cnc(C#N)s2)cn1	0.023631
rxn:5:181080:228381:229311	CSc1ccc(-c2c(F)cc(C#N)cc2F)c(-c2cnc(C)s2)c1	0.023631
rxn:5:182506:229270:228429	CSc1ccc(F)c(-c2c(C)cccc2-c2cnc(C#N)s2)c1F	0.023631
rxn:5:182506:229270:228435	CSc1ccc(F)c(F)c1-c1c(C)cccc1-c1cnc(C#N)s1	0.023631
rxn:5:179197:223173:229270	N#Cc1ncc(-c2cc(-c3ccc4c(c3)C(O)CS4(=O)=O)ccc2OC2CC2)s1	0.023629
rxn:5:198919:229065:229272	COc1ncc(-c2cc(C)c3[nH]c(-c4ccnc(C#N)c4)cc3c2)s1	0.023628
rxn:5:198911:229270:229071	COc1cc(-c2cc3c(C)c[nH]c3cc2-c2cnc(C#N)s2)ccn1	0.023628
rxn:5:198912:229065:229272	COc1ncc(-c2cc(-c3ccnc(C#N)c3)cc3[nH]c(C)cc23)s1	0.023628
rxn:5:198911:229270:229070	COc1ccc(-c2cc3c(C)c[nH]c3cc2-c2cnc(C#N)s2)cn1	0.023628
rxn:5:179400:229272:229218	COc1ncc(-c2cc(C(=O)C3CC3)ccc2-c2cccc(F)c2)s1	0.023624
rxn:5:179400:229272:229216	COc1ncc(-c2cc(C(=O)C3CC3)ccc2-c2ccccc2F)s1	0.023624
rxn:5:182576:223397:227278	Cc1cc(-c2ccc3c(c2)CCN3)c(C)cc1-c1ccc(C2(C#N)CC2)nc1	0.023618
rxn:5:196241:229270:229088	CC(=O)c1csc(-c2cc(C3CCC3)ncc2-c2cnc(C#N)s2)c1	0.023613
rxn:5:195460:227281:229272	COc1ncc(-c2cc(-c3cc(C#N)nc(C(C)C)c3)cc(C)c2C#N)s1	0.023612
rxn:5:195460:227280:229272	COc1ncc(-c2cc(-c3cc(C#N)ncc3C(C)C)cc(C)c2C#N)s1	0.023612
rxn:5:198417:229270:229273	COc1ncsc1-c1ccnc2cc(-c3cnc(C#N)s3)sc12	0.023612
rxn:5:198417:229270:229272	COc1ncc(-c2ccnc3cc(-c4cnc(C#N)s4)sc23)s1	0.023612
rxn:5:196676:228888:229177	N#Cc1cc(-c2cc(-c3c(F)cncc3F)cc(N3CCCC3)c2)c(F)cn1	0.023606
rxn:5:179840:228717:229311	Cc1ncc(-c2cc(O[C@@H]3CCOC3)ccc2-c2cn(C3CC3)nc2C)s1	0.023605
rxn:5:178226:229344:229270	N#Cc1ncc(-c2cccc(OCC3CCCCC3)c2-c2cocn2)s1	0.023601
rxn:5:195324:228195:229057	CSc1ccc(-c2cn(C(C)(C)C)nc2C)c(-c2cnn(C3CC3)c2)n1	0.023601
rxn:5:199106:223456:229061	Cc1c(-c2ccc(=O)[nH]n2)ccc2nccc(-c3cnn(C(C)C)c3)c12	0.023598
rxn:5:195460:229065:227371	COc1c(C)ccc(-c2cc(-c3ccnc(C#N)c3)cc(C)c2C#N)c1OC	0.023582
rxn:5:179197:223466:226914	Cc1cc(CC(C)C)ccc1-c1cc(-c2cn[nH]c2)ccc1OC1CC1	0.023579
rxn:5:181577:223183:229270	CNS(=O)(=O)c1ccc(-c2ccc(C(C)C)cc2-c2cnc(C#N)s2)c(C)c1	0.023578
rxn:5:196189:227953:229270	Cc1cc(N(C)C)ccc1-c1ccc(C2=NCCO2)cc1-c1cnc(C#N)s1	0.023577
rxn:5:181282:223440:223263	CCc1ccc(-c2cc(C(=O)NC)ccc2F)c(-c2ccc(C3CC3)[nH]2)c1	0.023575
rxn:5:176752:229270:223263	CCCOc1ccc(-c2cnc(C#N)s2)c(-c2cc(C(=O)NC)ccc2F)c1	0.023569
rxn:5:176757:229270:223263	CCCOc1ccc(-c2cc(C(=O)NC)ccc2F)c(-c2cnc(C#N)s2)c1	0.023569
rxn:5:198326:226412:229270	Cc1cc(-c2cc(F)cc(N3CCCC3)c2)c(C)nc1-c1cnc(C#N)s1	0.023562
rxn:5:179197:223469:226594	CC(C)Oc1cc(F)c(-c2cc(-c3cc[nH]n3)ccc2OC2CC2)c(F)c1	0.023562
rxn:5:181071:228977:228920	COc1cccc(-c2ccnc(SC)c2F)c1-c1ccc2c(c1)CC2	0.023558
rxn:5:180096:229344:228964	COC(=O)c1ncc(-c2cc(-c3cocn3)ccc2OC2CCCC2)s1	0.023555
rxn:5:181282:229270:227326	CCc1ccc(-c2cc(C(=O)OC)ccc2C)c(-c2cnc(C#N)s2)c1	0.023552
rxn:5:181282:229270:227330	CCc1ccc(-c2ccc(C(=O)OC)cc2C)c(-c2cnc(C#N)s2)c1	0.023552
rxn:5:181071:228977:228267	COc1cccc(-c2c(F)ccc(C)c2OC)c1-c1ccc2c(c1)CC2	0.023550
rxn:5:181071:228977:228258	COc1cccc(-c2c(C)ccc(F)c2OC)c1-c1ccc2c(c1)CC2	0.023550
rxn:5:181071:228977:228277	COc1cccc(-c2c(OC)ccc(F)c2C)c1-c1ccc2c(c1)CC2	0.023550
rxn:5:199106:223466:228778	COc1cccc(-c2ccnc3ccc(-c4cn[nH]c4)c(C)c23)c1F	0.023543
rxn:5:199106:223464:228933	COc1cc(F)c(-c2ccnc3ccc(-c4cc[nH]c4)c(C)c23)cn1	0.023543
rxn:5:197125:223462:229061	COc1cc(-c2cnn(C(C)C)c2)c2nc(-c3cc(C)[nH]n3)sc2c1	0.023538
rxn:5:181071:228977:226665	COc1cccc(-c2cnc(C3CCCOC3)nc2)c1-c1ccc2c(c1)CC2	0.023538
rxn:5:179197:228327:229270	COc1cc(-c2ccc(OC3CC3)c(-c3cnc(C#N)s3)c2)cnc1OC	0.023531
rxn:5:195522:229270:227404	CCc1cc(-c2cc(N3CCCCC3)cs2)c(-c2cnc(C#N)s2)cn1	0.023516
rxn:5:178847:229272:228821	COC(=O)c1ccc(-c2ccc(C)c(F)c2F)c(-c2cnc(OC)s2)c1	0.023511
rxn:5:178841:229272:228821	COC(=O)c1ccc(-c2cnc(OC)s2)c(-c2ccc(C)c(F)c2F)c1	0.023511
rxn:5:181076:228749:229177	CSc1cc(-c2cc(C#N)ccc2F)cc(-c2c(F)cncc2F)c1	0.023502
rxn:5:181076:228740:229177	CSc1cc(-c2ccc(C#N)cc2F)cc(-c2c(F)cncc2F)c1	0.023502
rxn:5:181076:228752:229177	CSc1cc(-c2cc(F)ccc2C#N)cc(-c2c(F)cncc2F)c1	0.023502
rxn:5:181076:228729:229177	CSc1cc(-c2ccc(F)cc2C#N)cc(-c2c(F)cncc2F)c1	0.023502
rxn:5:181076:228753:229177	CSc1cc(-c2cccc(F)c2C#N)cc(-c2c(F)cncc2F)c1	0.023502
rxn:5:181076:228725:229177	CSc1cc(-c2cc(F)cc(C#N)c2)cc(-c2c(F)cncc2F)c1	0.023502
rxn:5:181076:228723:229177	CSc1cc(-c2ccc(C#N)c(F)c2)cc(-c2c(F)cncc2F)c1	0.023502
rxn:5:181076:228732:229177	CSc1cc(-c2cccc(C#N)c2F)cc(-c2c(F)cncc2F)c1	0.023502
rxn:5:181076:228744:229177	CSc1cc(-c2ccc(F)c(C#N)c2)cc(-c2c(F)cncc2F)c1	0.023502
rxn:5:181076:228888:229137	CSc1cc(-c2cc(C#N)ncc2F)cc(-c2c(F)cccc2F)c1	0.023502
rxn:5:181076:228888:229133	CSc1cc(-c2cc(F)cc(F)c2)cc(-c2cc(C#N)ncc2F)c1	0.023502
rxn:5:179400:229272:223396	COc1ncc(-c2cc(C(=O)C3CC3)ccc2-c2ccc3c(c2)NCC3)s1	0.023463
rxn:5:179400:229272:223397	COc1ncc(-c2cc(C(=O)C3CC3)ccc2-c2ccc3c(c2)CCN3)s1	0.023463
rxn:5:176753:226946:229308	CCCOc1ccc(-c2cc(C)no2)cc1-c1ccc2c(c1)CCN(C)C2	0.023456
rxn:5:195463:222993:229270	Cc1cc(-c2cccc(N3CCCCC3O)c2)c(-c2cnc(C#N)s2)cc1C#N	0.023453
rxn:5:198417:223397:223462	Cc1cc(-c2ccnc3cc(-c4ccc5c(c4)CCN5)sc23)n[nH]1	0.023440
rxn:5:198417:223396:223462	Cc1cc(-c2ccnc3cc(-c4ccc5c(c4)NCC5)sc23)n[nH]1	0.023440
rxn:5:181282:229270:227997	CCc1ccc(-c2cc(C3CC3)ccc2F)c(-c2cnc(C#N)s2)c1	0.023437
rxn:5:181205:228259:229270	COc1cc(C)cc(-c2cccc(-c3cnc(C#N)s3)c2C(C)=O)c1F	0.023429
rxn:5:195522:229080:229088	CCc1cc(-c2cc(C(C)=O)cs2)c(-c2cnc(C3CC3)s2)cn1	0.023419
rxn:5:199106:223464:229126	Cc1cc(F)c(-c2ccnc3ccc(-c4cc[nH]c4)c(C)c23)cn1	0.023417
rxn:5:199106:223464:229121	Cc1c(F)cncc1-c1ccnc2ccc(-c3cc[nH]c3)c(C)c12	0.023417
rxn:5:199106:223464:229114	Cc1cc(-c2ccnc3ccc(-c4cc[nH]c4)c(C)c23)c(F)cn1	0.023417
rxn:5:199106:223464:229107	Cc1cncc(F)c1-c1ccnc2ccc(-c3cc[nH]c3)c(C)c12	0.023417
rxn:5:195680:229270:228332	COc1cc(SC)c(-c2c(-c3cnc(C#N)s3)cccc2S(N)(=O)=O)cn1	0.023415
rxn:5:182953:229272:228821	COc1ncc(-c2c(-c3ccc(C)c(F)c3F)ccc3c2OCCC3=O)s1	0.023404
rxn:5:176753:229270:229149	CCCOc1ccc(-c2csc(OCC)n2)cc1-c1cnc(C#N)s1	0.023397
rxn:5:199106:223466:229084	Cc1c(-c2cn[nH]c2)ccc2nccc(-c3scnc3C(C)C)c12	0.023392
rxn:5:195463:223412:229270	Cc1cc(-c2nc3ccccc3[nH]2)c(-c2cnc(C#N)s2)cc1C#N	0.023391
rxn:5:191335:228597:229008	Cc1cccc(C#N)c1-c1ccc(-c2ccc(CF)cc2)c(CC#N)c1	0.023389
rxn:5:180677:223469:229270	CCOc1ccc2cc(-c3cc[nH]n3)ccc2c1-c1cnc(C#N)s1	0.023389
rxn:5:180677:223466:229270	CCOc1ccc2cc(-c3cn[nH]c3)ccc2c1-c1cnc(C#N)s1	0.023389
rxn:5:182506:229270:226754	CCOc1c(F)cc(F)c(-c2c(C)cccc2-c2cnc(C#N)s2)c1F	0.023384
rxn:5:197125:229296:229270	COc1cc(-c2cnc(C#N)s2)c2nc(-c3cnn(C)c3)sc2c1	0.023381
rxn:5:196189:223287:229270	CNS(=O)(=O)c1ccc(-c2ccc(C3=NCCO3)cc2-c2cnc(C#N)s2)cc1	0.023374
rxn:5:196189:223289:229270	CNS(=O)(=O)c1ccccc1-c1ccc(C2=NCCO2)cc1-c1cnc(C#N)s1	0.023374
rxn:5:196189:223288:229270	CNS(=O)(=O)c1cccc(-c2ccc(C3=NCCO3)cc2-c2cnc(C#N)s2)c1	0.023374
rxn:5:179205:228259:229270	COc1cc(-c2cnc(C#N)s2)c(OC)c(-c2cc(C)cc(OC)c2F)c1	0.023365
rxn:5:179200:228259:229270	COc1cc(OC)c(-c2cc(C)cc(OC)c2F)c(-c2cnc(C#N)s2)c1	0.023365
rxn:5:179183:228259:229270	COc1cc(OC)c(-c2cnc(C#N)s2)c(-c2cc(C)cc(OC)c2F)c1	0.023365
rxn:5:195463:228808:229270	CSc1cc(F)cc(-c2cc(C)c(C#N)cc2-c2cnc(C#N)s2)c1	0.023356
rxn:5:179417:228381:229311	CCS(=O)(=O)c1ccc(-c2c(F)cc(C#N)cc2F)c(-c2cnc(C)s2)c1	0.023345
rxn:5:188520:229270:229088	CCCOc1ncc(-c2cnc(C#N)s2)cc1-c1cc(C(C)=O)cs1	0.023343
rxn:5:188521:229270:229088	CCCOc1ncc(-c2cc(C(C)=O)cs2)cc1-c1cnc(C#N)s1	0.023343
rxn:5:179197:228304:229270	CC(C)Oc1ncc(-c2ccc(OC3CC3)c(-c3cnc(C#N)s3)c2)cn1	0.023315
rxn:5:182574:229270:227668	COc1c(F)cc(-c2cc(C)c(C)cc2-c2cnc(C#N)s2)c(C)c1F	0.023314
rxn:5:198417:223341:229285	Cn1cccc1-c1ccnc2cc(-c3ccc4c(c3)CC(=O)N4)sc12	0.023312
rxn:5:195463:227531:229270	COC(=O)c1cc(F)cc(-c2cc(C)c(C#N)cc2-c2cnc(C#N)s2)c1	0.023306
rxn:5:176594:228824:229311	CC(=O)COc1ccc(-c2c(F)cc(C)cc2F)c(-c2cnc(C)s2)c1	0.023305
rxn:5:176594:228840:229311	CC(=O)COc1ccc(-c2c(F)ccc(F)c2C)c(-c2cnc(C)s2)c1	0.023305
rxn:5:182847:223466:227137	CCn1cnc2cc(-c3ccc(-c4cn[nH]c4)c4c3CCC4=O)ccc21	0.023287
rxn:5:195324:229013:229057	CSc1ccc(-c2sccc2C2CC2)c(-c2cnn(C3CC3)c2)n1	0.023282
rxn:5:195522:229270:228419	CCc1cc(-c2cc(F)c(SC)cc2F)c(-c2cnc(C#N)s2)cn1	0.023277
rxn:5:198417:229270:229159	COc1ncc(-c2ccnc3cc(-c4cnc(C#N)s4)sc23)cn1	0.023276
rxn:5:198417:229270:229161	COc1ncncc1-c1ccnc2cc(-c3cnc(C#N)s3)sc12	0.023276
rxn:5:198417:229270:229165	COc1nccc(-c2ccnc3cc(-c4cnc(C#N)s4)sc23)n1	0.023276
rxn:5:198417:229270:229162	COc1cnc(-c2ccnc3cc(-c4cnc(C#N)s4)sc23)cn1	0.023276
rxn:5:198417:229270:229164	COc1cncc(-c2ccnc3cc(-c4cnc(C#N)s4)sc23)n1	0.023276
rxn:5:181071:228977:228635	COc1cccc(-c2ccc(F)c(C)c2C)c1-c1ccc2c(c1)CC2	0.023258
rxn:5:181071:228977:228636	COc1cccc(-c2c(C)cc(F)cc2C)c1-c1ccc2c(c1)CC2	0.023258
rxn:5:195521:227034:229057	CCc1ccc(-c2c(C#N)cccc2C2CC2)c(-c2cnn(C3CC3)c2)n1	0.023256
rxn:5:195526:227034:229057	CCc1nc(-c2cnn(C3CC3)c2)ccc1-c1c(C#N)cccc1C1CC1	0.023256
rxn:5:196189:227962:229270	Cc1cc(-c2ccc(C3=NCCO3)cc2-c2cnc(C#N)s2)cc(C2CC2)n1	0.023255
rxn:5:198417:228066:223462	Cc1cc(-c2ccnc3cc(-c4ccc5c(c4)OCCO5)sc23)n[nH]1	0.023255
rxn:5:199106:223466:223420	CCNc1ccc(-c2ccnc3ccc(-c4cn[nH]c4)c(C)c23)cn1	0.023248
rxn:5:181282:229270:228811	CCc1ccc(-c2cc(SC)ccc2F)c(-c2cnc(C#N)s2)c1	0.023247
rxn:5:195460:226335:229272	COc1ncc(-c2cc(-c3ccc(C4COC4)c(C#N)c3)cc(C)c2C#N)s1	0.023246
rxn:5:195463:226664:229270	Cc1cc(-c2cc(N3CCCC3)ncc2F)c(-c2cnc(C#N)s2)cc1C#N	0.023246
rxn:5:195463:226679:229270	Cc1cc(-c2cnc(N3CCCC3)cc2F)c(-c2cnc(C#N)s2)cc1C#N	0.023246
rxn:5:179203:228888:229177	CCC(=O)c1cc(-c2cc(C#N)ncc2F)cc(-c2c(F)cncc2F)c1	0.023240
rxn:5:176594:228376:229311	CC(=O)COc1ccc(-c2cc(F)c(C#N)c(F)c2)c(-c2cnc(C)s2)c1	0.023238
rxn:5:176594:228379:229311	CC(=O)COc1ccc(-c2cc(F)c(F)cc2C#N)c(-c2cnc(C)s2)c1	0.023238
rxn:5:176594:228372:229311	CC(=O)COc1ccc(-c2cc(F)c(C#N)cc2F)c(-c2cnc(C)s2)c1	0.023238
rxn:5:176594:228381:229306	CC(=O)COc1ccc(-c2c(F)cc(C#N)cc2F)c(-c2ncc(C)s2)c1	0.023238
rxn:5:176594:228381:229313	CC(=O)COc1ccc(-c2c(F)cc(C#N)cc2F)c(-c2cc(C)ns2)c1	0.023238
rxn:5:176594:228381:229310	CC(=O)COc1ccc(-c2c(F)cc(C#N)cc2F)c(-c2csc(C)n2)c1	0.023238
rxn:5:176594:228381:229314	CC(=O)COc1ccc(-c2c(F)cc(C#N)cc2F)c(-c2scnc2C)c1	0.023238
rxn:5:176594:228375:229311	CC(=O)COc1ccc(-c2c(F)ccc(C#N)c2F)c(-c2cnc(C)s2)c1	0.023238
rxn:5:176594:228371:229311	CC(=O)COc1ccc(-c2ccc(F)c(C#N)c2F)c(-c2cnc(C)s2)c1	0.023238
rxn:5:176594:228378:229311	CC(=O)COc1ccc(-c2ccc(C#N)c(F)c2F)c(-c2cnc(C)s2)c1	0.023238
rxn:5:177191:223464:223421	CNC(C)c1ccc(-c2ccc(CC(=O)C3CC3)c(-c3cc[nH]c3)c2)s1	0.023237
rxn:5:179400:229272:228992	COc1ncc(-c2cc(C(=O)C3CC3)ccc2-c2cccc(C#N)c2)s1	0.023231
rxn:5:176753:227949:229308	CCCOc1ccc(-c2cc(C)no2)cc1-c1cc(C)c(C#N)c(C)c1	0.023216
rxn:5:181535:223183:229270	CNS(=O)(=O)c1ccc(-c2ccc(C3COC3)cc2-c2cnc(C#N)s2)c(C)c1	0.023214
rxn:5:181282:228964:223263	CCc1ccc(-c2cc(C(=O)NC)ccc2F)c(-c2cnc(C(=O)OC)s2)c1	0.023213
rxn:5:179188:229270:223263	CCC(=O)c1ccc(-c2cc(C(=O)NC)ccc2F)c(-c2cnc(C#N)s2)c1	0.023206
rxn:5:179195:229270:223263	CCC(=O)c1ccc(-c2cnc(C#N)s2)c(-c2cc(C(=O)NC)ccc2F)c1	0.023206
rxn:5:181076:229202:229177	CCc1ccc(-c2cc(SC)cc(-c3c(F)cncc3F)c2)s1	0.023204
rxn:5:179400:229272:229201	COc1ncc(-c2cc(C(=O)C3CC3)ccc2-c2ccccc2C)s1	0.023200
rxn:5:195460:227295:229272	COc1ncc(-c2cc(-c3ccnc(OC4CCC4)c3)cc(C)c2C#N)s1	0.023196
rxn:5:195449:223397:227278	CC(=O)c1c(-c2ccc(C3(C#N)CC3)nc2)ccnc1-c1ccc2c(c1)CCN2	0.023193
rxn:5:195439:223397:227278	CC(=O)c1ccc(-c2ccc(C3(C#N)CC3)nc2)c(-c2ccc3c(c2)CCN3)n1	0.023193
rxn:5:181063:229272:223000	COc1ccc(-c2ccc(C3CCCNC3)c(F)c2)c(-c2cnc(OC)s2)c1	0.023190
rxn:5:191700:229270:223164	COCc1ncc(-c2cnc(C#N)s2)cc1-c1cc(F)c(F)c(NC2CC2)c1	0.023187
rxn:5:196333:229344:229270	N#Cc1ncc(-c2cccc(-c3ccc(-c4cocn4)nc3)c2)s1	0.023180
rxn:5:179400:229272:228817	COc1ncc(-c2cc(C(=O)C3CC3)ccc2-c2ccc(C)n(C)c2=O)s1	0.023177
rxn:5:180402:229344:229270	N#Cc1ncc(-c2cc(-c3cocn3)ccc2C(=O)C2CCCCC2)s1	0.023173
rxn:5:196189:223183:229311	CNS(=O)(=O)c1ccc(-c2ccc(C3=NCCO3)cc2-c2cnc(C)s2)c(C)c1	0.023171
rxn:5:196189:223183:229306	CNS(=O)(=O)c1ccc(-c2ccc(C3=NCCO3)cc2-c2ncc(C)s2)c(C)c1	0.023171
rxn:5:179392:228411:229311	COc1ccc(-c2ccc(OC3COC3)c(-c3cnc(C)s3)c2)c(F)c1F	0.023167
rxn:5:179393:228411:229311	COc1ccc(-c2cc(OC3COC3)cc(-c3cnc(C)s3)c2)c(F)c1F	0.023167
rxn:5:198417:223251:223469	O=C1COc2cc(-c3cc4nccc(-c5cc[nH]n5)c4s3)ccc2N1	0.023159
rxn:5:182506:229270:228669	Cc1cccc(-c2cnc(C#N)s2)c1-c1cnc2ccoc2c1	0.023156
rxn:5:176594:228139:229311	COc1cc(C#N)cc(-c2ccc(OCC(C)=O)cc2-c2cnc(C)s2)c1	0.023149
rxn:5:176594:228112:229311	COc1ccc(C#N)cc1-c1ccc(OCC(C)=O)cc1-c1cnc(C)s1	0.023149
rxn:5:176594:228129:229311	COc1cc(C#N)ccc1-c1ccc(OCC(C)=O)cc1-c1cnc(C)s1	0.023149
rxn:5:182506:229270:228261	CSc1ccc(F)c(C)c1-c1c(C)cccc1-c1cnc(C#N)s1	0.023148
rxn:5:195446:223466:227137	CCn1cnc2cc(-c3ncc(C(C)=O)cc3-c3cn[nH]c3)ccc21	0.023134
rxn:5:195449:223466:227137	CCn1cnc2cc(-c3ccnc(-c4cn[nH]c4)c3C(C)=O)ccc21	0.023134
rxn:5:198417:223397:229281	Fc1cnc(-c2ccnc3cc(-c4ccc5c(c4)CCN5)sc23)cn1	0.023130
rxn:5:198417:223348:223462	Cc1cc(-c2ccnc3cc(-c4ccc5c(c4)C(=O)NC5)sc23)n[nH]1	0.023123
rxn:5:198417:223346:223462	Cc1cc(-c2ccnc3cc(-c4ccc5c(c4)CNC5=O)sc23)n[nH]1	0.023123
rxn:5:195962:229270:229308	Cc1cc(-c2cccc(-c3cnc(C#N)s3)c2-c2cnco2)on1	0.023114
rxn:5:199106:223462:228974	Cc1cc(-c2ccc3nccc(-c4cnn(S(C)(=O)=O)c4)c3c2C)n[nH]1	0.023108
rxn:5:179418:229270:223263	CNC(=O)c1ccc(F)c(-c2ccc(CS(C)(=O)=O)cc2-c2cnc(C#N)s2)c1	0.023107
rxn:5:199106:223464:229216	Cc1c(-c2cc[nH]c2)ccc2nccc(-c3ccccc3F)c12	0.023104
rxn:5:192074:229270:229088	CCS(=O)(=O)c1cnc(-c2cc(C(C)=O)cs2)c(-c2cnc(C#N)s2)c1	0.023102
rxn:5:181071:228977:229004	COc1cccc(-c2ccccc2SC)c1-c1ccc2c(c1)CC2	0.023094
rxn:5:188957:228888:229177	CC(C)COc1cc(-c2c(F)cncc2F)ncc1-c1cc(C#N)ncc1F	0.023083
rxn:5:179400:229272:229100	COc1ncc(-c2cc(C(=O)C3CC3)ccc2-c2ccnc(C)c2F)s1	0.023073
rxn:5:179400:229272:229125	COc1ncc(-c2cc(C(=O)C3CC3)ccc2-c2cncc(C)c2F)s1	0.023073
rxn:5:179400:229272:229114	COc1ncc(-c2cc(C(=O)C3CC3)ccc2-c2cc(C)ncc2F)s1	0.023073
rxn:5:199106:223466:228550	CCCc1cc(-c2ccnc3ccc(-c4cn[nH]c4)c(C)c23)ccn1	0.023064
rxn:5:199106:223466:228549	CCCc1ccc(-c2ccnc3ccc(-c4cn[nH]c4)c(C)c23)cn1	0.023064
rxn:5:199106:229296:229207	Cc1cc(-c2ccnc3ccc(-c4cnn(C)c4)c(C)c23)ccn1	0.023059
rxn:5:182895:229270:228332	COc1cc(SC)c(-c2cc3c(c(-c4cnc(C#N)s4)c2)CCC3)cn1	0.023059
rxn:5:198620:223464:229086	CC(=O)c1ccc(-c2ccnc3ccc(-c4cc[nH]c4)cc23)s1	0.023053
rxn:5:181076:228361:229177	CSc1cc(-c2cc(N(C)C)ncc2F)cc(-c2c(F)cncc2F)c1	0.023048
rxn:5:181076:228363:229177	CSc1cc(-c2cnc(N(C)C)cc2F)cc(-c2c(F)cncc2F)c1	0.023048
rxn:5:181076:228888:229041	CSc1cc(-c2cc(C#N)ncc2F)cc(-c2c(C)cccc2F)c1	0.023045
rxn:5:176594:229270:223263	CNC(=O)c1ccc(F)c(-c2cc(OCC(C)=O)ccc2-c2cnc(C#N)s2)c1	0.023044
rxn:5:181423:228888:229177	CSc1cc(-c2cc(C#N)ncc2F)cc(C)c1-c1c(F)cncc1F	0.023041
rxn:5:181427:228888:229177	CSc1cc(-c2c(F)cncc2F)cc(-c2cc(C#N)ncc2F)c1C	0.023041
rxn:5:195463:226371:229270	Cc1cc(-c2cnc(N3CCCC3)cc2C)c(-c2cnc(C#N)s2)cc1C#N	0.023039
rxn:5:181071:228977:227972	COc1cccc(-c2cncc(C3CCC3)c2)c1-c1ccc2c(c1)CC2	0.023038
rxn:5:181282:229270:226364	CCc1ccc(-c2ccc(N3CCCCC3)nc2)c(-c2cnc(C#N)s2)c1	0.023036
rxn:5:195522:228603:229088	CCc1cc(-c2cc(C(C)=O)cs2)c(-c2cccc(C(C)=O)c2)cn1	0.023034
rxn:5:198513:229270:229132	N#Cc1ncc(-c2cc3cc[nH]c3cc2-c2ccc(F)c(F)c2)s1	0.023023
rxn:5:198513:229270:229133	N#Cc1ncc(-c2cc3cc[nH]c3cc2-c2cc(F)cc(F)c2)s1	0.023023
rxn:5:198447:223464:223421	CNC(C)c1ccc(-c2snc3ccc(-c4cc[nH]c4)cc23)s1	0.023021
rxn:5:198432:223464:223421	CNC(C)c1ccc(-c2nsc3ccc(-c4cc[nH]c4)cc23)s1	0.023021
rxn:5:198428:223464:223421	CNC(C)c1ccc(-c2nc3cc(-c4cc[nH]c4)ccc3s2)s1	0.023021
rxn:5:198417:223464:223421	CNC(C)c1ccc(-c2ccnc3cc(-c4cc[nH]c4)sc23)s1	0.023021
rxn:5:198402:223464:223421	CNC(C)c1ccc(-c2nc3ccc(-c4cc[nH]c4)cc3s2)s1	0.023021
rxn:5:198437:223464:223421	CNC(C)c1ccc(-c2ccnc3c(-c4cc[nH]c4)csc23)s1	0.023021
rxn:5:198439:223464:223421	CNC(C)c1ccc(-c2nsc3cc(-c4cc[nH]c4)ccc23)s1	0.023021
rxn:5:198443:223464:223421	CNC(C)c1ccc(-c2ccnc3scc(-c4cc[nH]c4)c23)s1	0.023021
rxn:5:181405:228411:229311	COc1ccc(-c2ccc(C3CC3)cc2-c2cnc(C)s2)c(F)c1F	0.023020
rxn:5:181410:229272:228821	COc1ncc(-c2cc(C3CC3)ccc2-c2ccc(C)c(F)c2F)s1	0.023020
rxn:5:179417:229270:223263	CCS(=O)(=O)c1ccc(-c2cnc(C#N)s2)c(-c2cc(C(=O)NC)ccc2F)c1	0.023015
rxn:5:181627:228411:229311	COc1ccc(-c2ccc(C3OCCO3)cc2-c2cnc(C)s2)c(F)c1F	0.023007
rxn:5:181622:229272:228821	COc1ncc(-c2cc(C3OCCO3)ccc2-c2ccc(C)c(F)c2F)s1	0.023007
rxn:5:176761:228381:229311	CCOCc1ccc(-c2c(F)cc(C#N)cc2F)c(-c2cnc(C)s2)c1	0.023000
rxn:5:199106:223462:228876	Cc1cc(-c2ccc3nccc(-c4cnn(C5CC5F)c4)c3c2C)n[nH]1	0.022995
rxn:5:195435:229338:223337	CC(=O)c1cc(-c2cc3cc[nH]c3cc2F)cc(-c2ccns2)n1	0.022980
rxn:5:198417:228131:223462	Cc1cc(-c2ccnc3cc(-c4cc(F)cc(CC#N)c4)sc23)n[nH]1	0.022977
rxn:5:179840:228411:229336	COc1ccc(-c2ccc(O[C@@H]3CCOC3)cc2-c2cncs2)c(F)c1F	0.022975
rxn:5:181076:229034:229177	CSc1cc(-c2cc(C)ccc2F)cc(-c2c(F)cncc2F)c1	0.022968
rxn:5:199106:223466:228988	Cc1ccc(-c2ccnc3ccc(-c4cn[nH]c4)c(C)c23)cc1C	0.022966
rxn:5:195460:227317:229272	COc1ncc(-c2cc(-c3ccnc(OC(C)(C)C)c3)cc(C)c2C#N)s1	0.022966
rxn:5:195798:229270:227668	COc1c(F)cc(-c2ncc(-c3cnc(C#N)s3)cc2C2CC2)c(C)c1F	0.022963
rxn:5:176594:228204:229311	CC(=O)COc1ccc(-c2cc(C)cc(C#N)c2F)c(-c2cnc(C)s2)c1	0.022951
rxn:5:181076:228768:229177	CCc1cc(-c2cc(SC)cc(-c3c(F)cncc3F)c2)c(F)cn1	0.022947
rxn:5:181076:228765:229177	CCc1cc(F)c(-c2cc(SC)cc(-c3c(F)cncc3F)c2)cn1	0.022947
rxn:5:198243:223464:226695	Cc1c(-c2cc[nH]c2)ccnc1-c1ccc(-c2cncs2)cc1F	0.022947
rxn:5:198246:223464:226695	Cc1c(-c2ccc(-c3cncs3)cc2F)ccnc1-c1cc[nH]c1	0.022947
rxn:5:198245:223464:226695	Cc1nccc(-c2ccc(-c3cncs3)cc2F)c1-c1cc[nH]c1	0.022947
rxn:5:198248:223464:226695	Cc1nccc(-c2cc[nH]c2)c1-c1ccc(-c2cncs2)cc1F	0.022947
rxn:5:198234:223464:226695	Cc1ccnc(-c2ccc(-c3cncs3)cc2F)c1-c1cc[nH]c1	0.022947
rxn:5:198240:223464:226695	Cc1ccnc(-c2cc[nH]c2)c1-c1ccc(-c2cncs2)cc1F	0.022947
rxn:5:182574:229270:223164	Cc1cc(-c2cc(F)c(F)c(NC3CC3)c2)c(-c2cnc(C#N)s2)cc1C	0.022946
rxn:5:198417:229270:229067	CCc1ncc(-c2ccnc3cc(-c4cnc(C#N)s4)sc23)cn1	0.022946
rxn:5:192713:229270:229088	CC(=O)c1csc(-c2ccc(CN3CCC3)c(-c3cnc(C#N)s3)c2)c1	0.022944
rxn:5:182143:229270:229308	COc1c(-c2cnc(C#N)s2)cc(-c2cc(C)no2)c2occc12	0.022943
rxn:5:191916:223466:227137	CCn1cnc2cc(-c3cc(-c4cn[nH]c4)c(OC)nc3OC)ccc21	0.022934
rxn:5:198620:223464:228868	COC(=O)c1ccc(-c2ccnc3ccc(-c4cc[nH]c4)cc23)s1	0.022931
rxn:5:179758:223469:229270	N#Cc1ncc(-c2cc(-c3cc[nH]n3)ccc2Oc2ccccc2)s1	0.022931
rxn:5:179758:223466:229270	N#Cc1ncc(-c2cc(-c3cn[nH]c3)ccc2Oc2ccccc2)s1	0.022931
rxn:5:181577:228381:229311	Cc1ncc(-c2cc(C(C)C)ccc2-c2c(F)cc(C#N)cc2F)s1	0.022926
rxn:5:199106:223466:228559	CCOc1ccc(-c2ccnc3ccc(-c4cn[nH]c4)c(C)c23)cc1	0.022923
rxn:5:199106:223466:228552	CCOc1cccc(-c2ccnc3ccc(-c4cn[nH]c4)c(C)c23)c1	0.022923
rxn:5:192570:228381:229311	Cc1ncc(-c2cc(C(=O)N3CCC3)ccc2-c2c(F)cc(C#N)cc2F)s1	0.022900
rxn:5:192572:228381:229311	Cc1ncc(-c2cc(-c3c(F)cc(C#N)cc3F)ccc2C(=O)N2CCC2)s1	0.022900
rxn:5:198417:223341:223462	Cc1cc(-c2ccnc3cc(-c4ccc5c(c4)CC(=O)N5)sc23)n[nH]1	0.022900
rxn:5:198417:223343:223462	Cc1cc(-c2ccnc3cc(-c4ccc5c(c4)NC(=O)C5)sc23)n[nH]1	0.022900
rxn:5:178992:229270:223263	CCSc1ccc(-c2cnc(C#N)s2)c(-c2cc(C(=O)NC)ccc2F)c1	0.022895
rxn:5:195460:229065:227031	Cc1cc(-c2ccnc(C#N)c2)cc(-c2ccc(C3CC3)cc2C#N)c1C#N	0.022893
rxn:5:176594:228649:229311	CC(=O)COc1ccc(-c2c(C)cc(C)cc2F)c(-c2cnc(C)s2)c1	0.022893
rxn:5:176594:228636:229311	CC(=O)COc1ccc(-c2c(C)cc(F)cc2C)c(-c2cnc(C)s2)c1	0.022893
rxn:5:199106:223464:229081	Cc1c(-c2cc[nH]c2)ccc2nccc(-c3ccc(N(C)C)s3)c12	0.022880
rxn:5:176571:228888:229177	COC(=O)Cc1cc(-c2cc(C#N)ncc2F)cc(-c2c(F)cncc2F)c1	0.022877
rxn:5:179546:229270:229088	CCOc1cc(-c2cc(C(C)=O)cs2)c(-c2cnc(C#N)s2)cc1C	0.022872
rxn:5:179537:229270:229088	CCOc1cc(C)c(-c2cnc(C#N)s2)cc1-c1cc(C(C)=O)cs1	0.022872
rxn:5:195522:229270:228274	CCc1cc(-c2cc(SC)c(C)cc2F)c(-c2cnc(C#N)s2)cn1	0.022872
rxn:5:180096:229344:229072	CSc1cncc(-c2cc(-c3cocn3)ccc2OC2CCCC2)c1	0.022868
rxn:5:199106:223466:228105	CCN(C)c1cc(-c2ccnc3ccc(-c4cn[nH]c4)c(C)c23)ccn1	0.022868
rxn:5:199106:223466:228098	CCN(C)c1ccc(-c2ccnc3ccc(-c4cn[nH]c4)c(C)c23)cn1	0.022868
rxn:5:198404:229065:229272	COc1ncc(-c2nccc3sc(-c4ccnc(C#N)c4)cc23)s1	0.022864
rxn:5:198417:229270:229069	COc1ncccc1-c1ccnc2cc(-c3cnc(C#N)s3)sc12	0.022864
rxn:5:198417:229270:229070	COc1ccc(-c2ccnc3cc(-c4cnc(C#N)s4)sc23)cn1	0.022864
rxn:5:198417:229270:229068	COc1ccncc1-c1ccnc2cc(-c3cnc(C#N)s3)sc12	0.022864
rxn:5:198417:229270:229073	COc1cnccc1-c1ccnc2cc(-c3cnc(C#N)s3)sc12	0.022864
rxn:5:197420:223462:229061	COc1ccc(-c2cc(C)[nH]n2)c2nccc(-c3cnn(C(C)C)c3)c12	0.022863
rxn:5:197409:223462:229061	COc1cc2nccc(-c3cnn(C(C)C)c3)c2cc1-c1cc(C)[nH]n1	0.022863
rxn:5:197430:223462:229061	COc1cc2c(-c3cnn(C(C)C)c3)ccnc2cc1-c1cc(C)[nH]n1	0.022863
rxn:5:197413:223462:229061	COc1cc2c(-c3cc(C)[nH]n3)ccnc2cc1-c1cnn(C(C)C)c1	0.022863
rxn:5:197414:223462:229061	COc1ccc(-c2cnn(C(C)C)c2)c2nccc(-c3cc(C)[nH]n3)c12	0.022863
rxn:5:197426:223462:229061	COc1ccc(-c2cc(C)[nH]n2)c2ccnc(-c3cnn(C(C)C)c3)c12	0.022863
rxn:5:195463:226395:229270	Cc1cc(-c2cncc(N3CCCCC3)c2)c(-c2cnc(C#N)s2)cc1C#N	0.022850
rxn:5:195463:226364:229270	Cc1cc(-c2ccc(N3CCCCC3)nc2)c(-c2cnc(C#N)s2)cc1C#N	0.022850
rxn:5:195463:226366:229270	Cc1cc(-c2ccnc(N3CCCCC3)c2)c(-c2cnc(C#N)s2)cc1C#N	0.022850
rxn:5:195460:227909:229272	CCC(C)c1cc(-c2cc(C)c(C#N)c(-c3cnc(OC)s3)c2)ccn1	0.022848
rxn:5:195324:227034:229166	CSc1ccc(-c2c(C#N)cccc2C2CC2)c(-c2cnn(C(C)=O)c2)n1	0.022841
rxn:5:195324:227034:229225	CCn1cc(-c2nc(SC)ccc2-c2c(C#N)cccc2C2CC2)cn1	0.022840
rxn:5:177180:229065:229272	CCOC(=O)c1c(C)cc(-c2ccnc(C#N)c2)cc1-c1cnc(OC)s1	0.022837
rxn:5:176753:229270:228686	CCCOc1ccc(-c2ccnc(OCC)c2)cc1-c1cnc(C#N)s1	0.022831
rxn:5:181071:228977:227569	COc1cccc(-c2c(OC)ccc(F)c2OC)c1-c1ccc2c(c1)CC2	0.022818
rxn:5:181071:228977:227575	COc1ccc(OC)c(-c2cccc(OC)c2-c2ccc3c(c2)CC3)c1F	0.022818
rxn:5:181071:228977:227562	COc1ccc(F)c(-c2cccc(OC)c2-c2ccc3c(c2)CC3)c1OC	0.022818
rxn:5:194947:229270:226593	CC(C)Oc1ccc(F)c(-c2c(C#N)cccc2-c2cnc(C#N)s2)c1F	0.022813
rxn:5:194946:229270:226593	CC(C)Oc1ccc(F)c(-c2cccc(-c3cnc(C#N)s3)c2C#N)c1F	0.022813
rxn:5:181077:229272:228821	COc1ncc(-c2cc(SC)ccc2-c2ccc(C)c(F)c2F)s1	0.022811
rxn:5:181903:229270:223263	CNC(=O)c1ccc(F)c(-c2ccc(C3(C)OCCO3)cc2-c2cnc(C#N)s2)c1	0.022799
rxn:5:199106:223462:228679	Cc1cc(-c2ccc3nccc(-c4cnn(CC5CC5)c4)c3c2C)n[nH]1	0.022796
rxn:5:182506:229270:226767	COc1ccc(C(F)(F)F)c(-c2c(C)cccc2-c2cnc(C#N)s2)c1	0.022771
rxn:5:181282:229270:223008	CCc1ccc(-c2cc(C3CCNCC3)ccc2F)c(-c2cnc(C#N)s2)c1	0.022757
rxn:5:176594:228381:229210	CC(=O)COc1ccc(-c2c(F)cc(C#N)cc2F)c(-c2ccc(C)nc2)c1	0.022757
rxn:5:176565:228381:229311	COC(=O)Cc1ccc(-c2c(F)cc(C#N)cc2F)c(-c2cnc(C)s2)c1	0.022756
rxn:5:176566:228381:229311	COC(=O)Cc1cc(-c2cnc(C)s2)ccc1-c1c(F)cc(C#N)cc1F	0.022756
rxn:5:176570:228381:229311	COC(=O)Cc1ccc(-c2cnc(C)s2)c(-c2c(F)cc(C#N)cc2F)c1	0.022756
rxn:5:195651:229270:227668	COc1c(F)cc(-c2ncc(S(C)(=O)=O)cc2-c2cnc(C#N)s2)c(C)c1F	0.022754
rxn:5:195460:227026:229272	COc1ncc(-c2cc(-c3ccc(C#N)c(C4CC4)c3)cc(C)c2C#N)s1	0.022750
rxn:5:195460:227033:229272	COc1ncc(-c2cc(-c3ccc(C4CC4)c(C#N)c3)cc(C)c2C#N)s1	0.022750
rxn:5:181076:228110:229177	CCc1cnc(C#N)cc1-c1cc(SC)cc(-c2c(F)cncc2F)c1	0.022749
rxn:5:181076:228108:229177	CCc1ncc(C#N)cc1-c1cc(SC)cc(-c2c(F)cncc2F)c1	0.022749
rxn:5:181076:228109:229177	CCc1cc(-c2cc(SC)cc(-c3c(F)cncc3F)c2)cc(C#N)n1	0.022749
rxn:5:181076:228888:228763	CCc1c(F)cncc1-c1cc(SC)cc(-c2cc(C#N)ncc2F)c1	0.022749
rxn:5:189082:229270:223263	CNC(=O)c1ccc(F)c(-c2ccc(CC(=O)N(C)C)cc2-c2cnc(C#N)s2)c1	0.022738
rxn:5:179411:229270:223263	CNC(=O)c1ccc(F)c(-c2cc(C(=O)OC)c(C)cc2-c2cnc(C#N)s2)c1	0.022728
rxn:5:179399:229270:223263	CNC(=O)c1ccc(F)c(-c2cc(C(=O)OC)cc(C)c2-c2cnc(C#N)s2)c1	0.022728
rxn:5:181282:229270:227329	CCc1ccc(-c2cc(C(C)=O)ccc2OC)c(-c2cnc(C#N)s2)c1	0.022725
rxn:5:176594:228381:229270	CC(=O)COc1ccc(-c2c(F)cc(C#N)cc2F)c(-c2cnc(C#N)s2)c1	0.022723
rxn:5:182637:229270:229059	N#Cc1ncc(-c2cc3occc3cc2-c2cnccc2C#N)s1	0.022723
rxn:5:198417:227870:223462	Cc1cc(-c2ccnc3cc(-c4ccc5c(c4)C(=O)CC5)sc23)n[nH]1	0.022722
rxn:5:198417:227872:223462	Cc1cc(-c2ccnc3cc(-c4ccc5c(c4)CCC5=O)sc23)n[nH]1	0.022722
rxn:5:195463:227715:229270	Cc1cc(-c2cc(F)cc(OC(F)F)c2)c(-c2cnc(C#N)s2)cc1C#N	0.022721
rxn:5:198417:229009:223464	c1cc(-c2cc[nH]c2)c2sc(-c3cc(C4CC4)cs3)cc2n1	0.022717
rxn:5:177188:223251:223462	CCOC(=O)c1ccc(-c2ccc3c(c2)OCC(=O)N3)c(-c2cc(C)[nH]n2)c1C	0.022717
rxn:5:195463:223007:229270	Cc1cc(-c2cc(F)cc(C3CCNCC3)c2)c(-c2cnc(C#N)s2)cc1C#N	0.022714
rxn:5:195463:222998:229270	Cc1cc(-c2cc(F)cc(C3CCCNC3)c2)c(-c2cnc(C#N)s2)cc1C#N	0.022714
rxn:5:181076:228796:229177	COc1ccc(F)c(-c2cc(SC)cc(-c3c(F)cncc3F)c2)c1	0.022714
rxn:5:191504:229338:223320	COC(=O)c1cc(-c2cc(C)cc3[nH]ncc23)cc(-c2ccns2)n1	0.022712
rxn:5:191518:229338:223320	COC(=O)c1cc(-c2ccns2)nc(-c2cc(C)cc3[nH]ncc23)c1	0.022712
rxn:5:191503:229338:223320	COC(=O)c1cc(-c2ccns2)cc(-c2cc(C)cc3[nH]ncc23)n1	0.022712
rxn:5:191510:229338:223320	COC(=O)c1c(-c2cc(C)cc3[nH]ncc23)ccnc1-c1ccns1	0.022712
rxn:5:181414:229270:228332	COc1cc(SC)c(-c2cc(OC)c(C)cc2-c2cnc(C#N)s2)cn1	0.022696
rxn:5:179417:229270:229088	CCS(=O)(=O)c1ccc(-c2cnc(C#N)s2)c(-c2cc(C(C)=O)cs2)c1	0.022695
rxn:5:195522:229270:228016	CCc1cc(-c2cc(C3CCCC3)cs2)c(-c2cnc(C#N)s2)cn1	0.022694
rxn:5:195324:228513:229057	CSc1ccc(-c2ccccc2C2CC2)c(-c2cnn(C3CC3)c2)n1	0.022690
rxn:5:195324:228514:229057	CSc1ccc(-c2cccc(C3CC3)c2)c(-c2cnn(C3CC3)c2)n1	0.022690
rxn:5:179840:228775:229311	COc1ccc(-c2ccc(O[C@@H]3CCOC3)cc2-c2cnc(C)s2)cc1F	0.022688
rxn:5:179840:228777:229311	COc1ccc(-c2ccc(O[C@@H]3CCOC3)cc2-c2cnc(C)s2)c(F)c1	0.022688
rxn:5:179840:228778:229311	COc1cccc(-c2ccc(O[C@@H]3CCOC3)cc2-c2cnc(C)s2)c1F	0.022688
rxn:5:179840:228796:229311	COc1ccc(F)c(-c2ccc(O[C@@H]3CCOC3)cc2-c2cnc(C)s2)c1	0.022688
rxn:5:179840:228779:229311	COc1ccc(F)cc1-c1ccc(O[C@@H]2CCOC2)cc1-c1cnc(C)s1	0.022688
rxn:5:179840:228789:229311	COc1cc(F)ccc1-c1ccc(O[C@@H]2CCOC2)cc1-c1cnc(C)s1	0.022688
rxn:5:179840:228774:229311	COc1cccc(F)c1-c1ccc(O[C@@H]2CCOC2)cc1-c1cnc(C)s1	0.022688
rxn:5:179840:228784:229311	COc1cc(-c2ccc(O[C@@H]3CCOC3)cc2-c2cnc(C)s2)ccc1F	0.022688
rxn:5:179840:228780:229311	COc1c(F)cccc1-c1ccc(O[C@@H]2CCOC2)cc1-c1cnc(C)s1	0.022688
rxn:5:181207:229338:223320	CC(=O)c1ccc(-c2cc(C)cc3[nH]ncc23)cc1-c1ccns1	0.022685
rxn:5:181204:229338:223320	CC(=O)c1cc(-c2ccns2)cc(-c2cc(C)cc3[nH]ncc23)c1	0.022685
rxn:5:181202:229338:223320	CC(=O)c1cc(-c2cc(C)cc3[nH]ncc23)ccc1-c1ccns1	0.022685
rxn:5:181201:229338:223320	CC(=O)c1cc(-c2ccns2)ccc1-c1cc(C)cc2[nH]ncc12	0.022685
rxn:5:181203:229338:223320	CC(=O)c1ccc(-c2ccns2)c(-c2cc(C)cc3[nH]ncc23)c1	0.022685
rxn:5:181206:229338:223320	CC(=O)c1ccc(-c2cc(C)cc3[nH]ncc23)c(-c2ccns2)c1	0.022685
rxn:5:181208:229338:223320	CC(=O)c1ccc(-c2ccns2)cc1-c1cc(C)cc2[nH]ncc12	0.022685
rxn:5:195435:229331:223320	CC(=O)c1cc(-c2cc(C)cc3[nH]ncc23)cc(-c2cccs2)n1	0.022685
rxn:5:195435:229338:223296	CC(=O)c1cc(-c2cc3ccc(C)cc3[nH]2)cc(-c2ccns2)n1	0.022685
rxn:5:195435:229338:223303	CC(=O)c1cc(-c2cccc3[nH]c(C)cc23)cc(-c2ccns2)n1	0.022685
rxn:5:182498:229270:226593	Cc1c(-c2cnc(C#N)s2)cccc1-c1c(F)ccc(OC(C)C)c1F	0.022681
rxn:5:182501:229270:226593	Cc1ccc(-c2cnc(C#N)s2)cc1-c1c(F)ccc(OC(C)C)c1F	0.022681
rxn:5:182502:229270:226593	Cc1cc(-c2cnc(C#N)s2)ccc1-c1c(F)ccc(OC(C)C)c1F	0.022681
rxn:5:179539:228381:229311	Cc1ncc(-c2cc(OC(C)C)ccc2-c2c(F)cc(C#N)cc2F)s1	0.022681
rxn:5:179543:228381:229311	Cc1ncc(-c2ccc(OC(C)C)cc2-c2c(F)cc(C#N)cc2F)s1	0.022681
rxn:5:182507:229270:226593	Cc1cccc(-c2c(F)ccc(OC(C)C)c2F)c1-c1cnc(C#N)s1	0.022681
rxn:5:182499:229270:226593	Cc1ccc(-c2c(F)ccc(OC(C)C)c2F)cc1-c1cnc(C#N)s1	0.022681
rxn:5:182500:229270:226593	Cc1cc(-c2c(F)ccc(OC(C)C)c2F)ccc1-c1cnc(C#N)s1	0.022681
rxn:5:182503:229270:226593	Cc1ccc(-c2c(F)ccc(OC(C)C)c2F)c(-c2cnc(C#N)s2)c1	0.022681
rxn:5:182505:229270:226593	Cc1ccc(-c2cnc(C#N)s2)c(-c2c(F)ccc(OC(C)C)c2F)c1	0.022681
rxn:5:182506:229270:226601	Cc1cccc(-c2cnc(C#N)s2)c1-c1c(OC(C)C)ccc(F)c1F	0.022681
rxn:5:182506:229270:226591	Cc1cccc(-c2cnc(C#N)s2)c1-c1ccc(OC(C)C)c(F)c1F	0.022681
rxn:5:182506:229270:226592	Cc1cccc(-c2cnc(C#N)s2)c1-c1cc(F)c(F)cc1OC(C)C	0.022681
rxn:5:182506:229270:226596	Cc1cccc(-c2cnc(C#N)s2)c1-c1ccc(F)c(OC(C)C)c1F	0.022681
rxn:5:182506:229270:226608	Cc1cccc(-c2cnc(C#N)s2)c1-c1ccc(F)c(F)c1OC(C)C	0.022681
rxn:5:182506:229270:226594	Cc1cccc(-c2cnc(C#N)s2)c1-c1c(F)cc(OC(C)C)cc1F	0.022681
rxn:5:182506:229270:226598	Cc1cccc(-c2cnc(C#N)s2)c1-c1cc(OC(C)C)c(F)cc1F	0.022681
rxn:5:182506:229270:226605	Cc1cccc(-c2cnc(C#N)s2)c1-c1cc(F)c(OC(C)C)cc1F	0.022681
rxn:5:182506:229270:226597	Cc1cccc(-c2cnc(C#N)s2)c1-c1cc(F)c(OC(C)C)c(F)c1	0.022681
rxn:5:181071:229062:228435	COc1cccc(-c2c(SC)ccc(F)c2F)c1-c1ccc(C#N)n1C	0.022678
rxn:5:195463:225632:229270	Cc1cc(-c2cccc(N3CCN(C)CC3)c2)c(-c2cnc(C#N)s2)cc1C#N	0.022674
rxn:5:195463:225631:229270	Cc1cc(-c2ccc(N3CCN(C)CC3)cc2)c(-c2cnc(C#N)s2)cc1C#N	0.022674
rxn:5:198911:229270:228882	COc1ncc(-c2cc3c(C)c[nH]c3cc2-c2cnc(C#N)s2)c(C)n1	0.022668
rxn:5:199106:223466:228103	Cc1c(-c2cn[nH]c2)ccc2nccc(-c3cnc(CC(C)C)nc3)c12	0.022630
rxn:5:176594:227947:229311	CC(=O)COc1ccc(-c2c(C)cc(C#N)cc2C)c(-c2cnc(C)s2)c1	0.022615
rxn:5:176594:227949:229311	CC(=O)COc1ccc(-c2cc(C)c(C#N)c(C)c2)c(-c2cnc(C)s2)c1	0.022615
rxn:5:198513:229270:229036	Cc1cc(F)ccc1-c1cc2[nH]ccc2cc1-c1cnc(C#N)s1	0.022607
rxn:5:182506:229270:223335	Cc1cccc(-c2cnc(C#N)s2)c1-c1c(F)ccc2[nH]ccc12	0.022607
rxn:5:177003:229270:223263	CCOc1cc(-c2cnc(C#N)s2)c(-c2cc(C(=O)NC)ccc2F)cc1OC	0.022599
rxn:5:177002:229270:223263	CCOc1cc(-c2cc(C(=O)NC)ccc2F)c(-c2cnc(C#N)s2)cc1OC	0.022599
rxn:5:181282:229270:227315	CCc1ccc(-c2cnc(CC(C)C)cc2F)c(-c2cnc(C#N)s2)c1	0.022592
rxn:5:198417:228179:223462	COCc1cc(F)cc(-c2cc3nccc(-c4cc(C)[nH]n4)c3s2)c1	0.022592
rxn:5:181856:228888:229177	CC(C)(C)c1cc(-c2cc(C#N)ncc2F)cc(-c2c(F)cncc2F)c1	0.022574
rxn:5:180421:223462:229061	Cc1cc(-c2cc(CC3CCCCC3)ccc2-c2cnn(C(C)C)c2)n[nH]1	0.022562
rxn:5:181282:229270:227978	CCc1ccc(-c2cc(C(C)C)ccc2F)c(-c2cnc(C#N)s2)c1	0.022546
rxn:5:179840:228411:229309	COc1ccc(-c2ccc(O[C@@H]3CCOC3)cc2-c2cnc(C)o2)c(F)c1F	0.022541
rxn:5:195435:229338:223245	COc1c(-c2cc(C(C)=O)nc(-c3ccns3)c2)ccc2[nH]ncc12	0.022541
rxn:5:195435:229338:223243	COc1cc2cn[nH]c2cc1-c1cc(C(C)=O)nc(-c2ccns2)c1	0.022541
rxn:5:195435:229338:223244	COc1cc2[nH]ncc2cc1-c1cc(C(C)=O)nc(-c2ccns2)c1	0.022541
rxn:5:195435:229338:223246	COc1ccc(-c2cc(C(C)=O)nc(-c3ccns3)c2)c2cn[nH]c12	0.022541
rxn:5:198620:223464:228693	CCN(C)c1ccc(-c2ccnc3ccc(-c4cc[nH]c4)cc23)s1	0.022541
rxn:5:195789:229009:228574	COc1c(C)cc(-c2cc(C3CC3)cs2)nc1-c1ccc(C)cc1C#N	0.022536
rxn:5:195460:227019:229272	COc1ncc(-c2cc(-c3cccc(C(C)(C)C#N)c3)cc(C)c2C#N)s1	0.022523
rxn:5:195460:227018:229272	COc1ncc(-c2cc(-c3ccc(C(C)(C)C#N)cc3)cc(C)c2C#N)s1	0.022523
rxn:5:182656:229304:223271	CC(=O)Nc1cc(-c2c(-c3ccncn3)ccc3ccoc23)ccc1F	0.022516
rxn:5:199100:229270:229308	Cc1cc(-c2ccnc3c(C)ccc(-c4cnc(C#N)s4)c23)on1	0.022497
rxn:5:199101:229270:229308	Cc1cc(-c2c(C)c(-c3cnc(C#N)s3)nc3ccccc23)on1	0.022497
rxn:5:199096:229270:229308	Cc1cc(-c2ccc3nc(-c4cnc(C#N)s4)cc(C)c3c2)on1	0.022497
rxn:5:189079:229270:223263	CCN(C)C(=O)c1ccc(-c2cc(C(=O)NC)ccc2F)c(-c2cnc(C#N)s2)c1	0.022494
rxn:5:180096:223397:229270	N#Cc1ncc(-c2cc(-c3ccc4c(c3)CCN4)ccc2OC2CCCC2)s1	0.022480
rxn:5:195322:223464:226695	COc1nccc(-c2ccc(-c3cncs3)cc2F)c1-c1cc[nH]c1	0.022474
rxn:5:195330:223464:226695	COc1c(-c2ccc(-c3cncs3)cc2F)ccnc1-c1cc[nH]c1	0.022474
rxn:5:176753:228123:229308	CCCOc1ccc(-c2cc(C)no2)cc1-c1c(C)cncc1OCC	0.022469
rxn:5:196566:229272:228821	COc1ncc(-c2c(C(C)(C)C)ccnc2-c2ccc(C)c(F)c2F)s1	0.022466
rxn:5:195460:226447:229272	COc1ncc(-c2cc(-c3ccnc(C4CCOCC4)c3)cc(C)c2C#N)s1	0.022465
rxn:5:176591:228888:229177	CCOC(=O)c1cc(-c2cc(C#N)ncc2F)cc(-c2c(F)cncc2F)c1	0.022461
rxn:5:176594:228130:229311	CC(=O)COc1ccc(-c2ccc(CC#N)cc2F)c(-c2cnc(C)s2)c1	0.022458
rxn:5:176594:228133:229311	CC(=O)COc1ccc(-c2ccc(F)c(CC#N)c2)c(-c2cnc(C)s2)c1	0.022458
rxn:5:176594:228138:229311	CC(=O)COc1ccc(-c2ccc(CC#N)c(F)c2)c(-c2cnc(C)s2)c1	0.022458
rxn:5:195435:229338:228758	CSc1ncc(C)cc1-c1cc(C(C)=O)nc(-c2ccns2)c1	0.022453
rxn:5:196676:229270:229088	CC(=O)c1csc(-c2cc(-c3cnc(C#N)s3)cc(N3CCCC3)c2)c1	0.022452
rxn:5:198417:223342:223462	Cc1cc(-c2ccnc3cc(-c4ccc5c(c4)OCCN5)sc23)n[nH]1	0.022443
rxn:5:198417:223340:223462	Cc1cc(-c2ccnc3cc(-c4ccc5c(c4)NCCO5)sc23)n[nH]1	0.022443
rxn:5:176565:229270:223263	CNC(=O)c1ccc(F)c(-c2cc(CC(=O)OC)ccc2-c2cnc(C#N)s2)c1	0.022438
rxn:5:176570:229270:223263	CNC(=O)c1ccc(F)c(-c2ccc(CC(=O)OC)cc2-c2cnc(C#N)s2)c1	0.022438
rxn:5:189334:223464:223421	CNC(C)c1ccc(-c2cc(-c3cc[nH]c3)cnc2C(=O)OC(C)(C)C)s1	0.022436
rxn:5:198417:227199:223462	Cc1cc(-c2ccnc3cc(-c4ccc5c(c4)N(C)C(=O)C5)sc23)n[nH]1	0.022431
rxn:5:192492:223183:229270	CNS(=O)(=O)c1ccc(-c2ccc(CN(C)C)cc2-c2cnc(C#N)s2)c(C)c1	0.022431
rxn:5:195463:227328:229270	Cc1cc(-c2cc(F)cc(OC(C)C)c2)c(-c2cnc(C#N)s2)cc1C#N	0.022431
rxn:5:195680:229270:226593	CC(C)Oc1ccc(F)c(-c2c(-c3cnc(C#N)s3)cccc2S(N)(=O)=O)c1F	0.022429
rxn:5:195678:229270:226593	CC(C)Oc1ccc(F)c(-c2cccc(-c3cnc(C#N)s3)c2S(N)(=O)=O)c1F	0.022429
rxn:5:179194:228411:229311	COc1ccc(-c2ccc(-c3cnc(C)s3)cc2OC2CC2)c(F)c1F	0.022390
rxn:5:179197:223466:227380	c1ccn(-c2ccc(-c3cc(-c4cn[nH]c4)ccc3OC3CC3)cn2)c1	0.022386
rxn:5:177086:229270:223263	CCCCc1ccc(-c2cc(C(=O)NC)ccc2F)c(-c2cnc(C#N)s2)c1	0.022380
rxn:5:198417:229270:229094	Cc1ncc(-c2ccnc3cc(-c4cnc(C#N)s4)sc23)c(C)n1	0.022380
rxn:5:196189:227924:229270	CCOc1ccc(-c2ccc(C3=NCCO3)cc2-c2cnc(C#N)s2)c(C)c1	0.022377
rxn:5:198243:229296:226200	Cc1c(-c2cnn(C)c2)ccnc1-c1ccc2c(c1)ncn2C(C)C	0.022372
rxn:5:198246:229296:226200	Cc1c(-c2ccc3c(c2)ncn3C(C)C)ccnc1-c1cnn(C)c1	0.022372
rxn:5:198245:229296:226200	Cc1nccc(-c2ccc3c(c2)ncn3C(C)C)c1-c1cnn(C)c1	0.022372
rxn:5:198248:229296:226200	Cc1nccc(-c2cnn(C)c2)c1-c1ccc2c(c1)ncn2C(C)C	0.022372
rxn:5:198234:229296:226200	Cc1ccnc(-c2ccc3c(c2)ncn3C(C)C)c1-c1cnn(C)c1	0.022372
rxn:5:198240:229296:226200	Cc1ccnc(-c2cnn(C)c2)c1-c1ccc2c(c1)ncn2C(C)C	0.022372
rxn:5:198513:229270:228305	CC(C)Oc1cnc(-c2cc3[nH]ccc3cc2-c2cnc(C#N)s2)cn1	0.022372
rxn:5:195522:228555:229088	CCc1cc(-c2cc(C(C)=O)cs2)c(-c2ccccc2COC)cn1	0.022363
rxn:5:181076:228888:228335	COc1ccnc(OC)c1-c1cc(SC)cc(-c2cc(C#N)ncc2F)c1	0.022358
rxn:5:181282:229270:225661	CCc1ccc(-c2ccc(N3CCOCC3)cc2C)c(-c2cnc(C#N)s2)c1	0.022357
rxn:5:179840:228612:229311	COc1cccc(-c2ccc(O[C@@H]3CCOC3)cc2-c2cnc(C)s2)c1C	0.022355
rxn:5:179840:228599:229311	COc1ccc(-c2ccc(O[C@@H]3CCOC3)cc2-c2cnc(C)s2)cc1C	0.022355
rxn:5:179840:228598:229311	COc1ccc(C)cc1-c1ccc(O[C@@H]2CCOC2)cc1-c1cnc(C)s1	0.022355
rxn:5:179840:228608:229311	COc1cc(C)ccc1-c1ccc(O[C@@H]2CCOC2)cc1-c1cnc(C)s1	0.022355
rxn:5:198513:229270:228600	COc1ccc(-c2cc3[nH]ccc3cc2-c2cnc(C#N)s2)c(C)c1	0.022343
rxn:5:198620:223464:229234	CSc1ccc(-c2ccnc3ccc(-c4cc[nH]c4)cc23)s1	0.022341
rxn:5:198686:223464:223421	CNC(C)c1ccc(-c2cc(-c3cc[nH]c3)cc3ncccc23)s1	0.022337
rxn:5:198684:223464:223421	CNC(C)c1ccc(-c2c(-c3cc[nH]c3)ccc3ncccc23)s1	0.022337
rxn:5:198669:223464:223421	CNC(C)c1ccc(-c2cc(-c3cc[nH]c3)c3cccnc3c2)s1	0.022337
rxn:5:198633:223464:223421	CNC(C)c1ccc(-c2ccc(-c3cc[nH]c3)c3ncccc23)s1	0.022337
rxn:5:198622:223464:223421	CNC(C)c1ccc(-c2ccnc3cc(-c4cc[nH]c4)ccc23)s1	0.022337
rxn:5:198650:223464:223421	CNC(C)c1ccc(-c2cccc3ncc(-c4cc[nH]c4)cc23)s1	0.022337
rxn:5:198625:223464:223421	CNC(C)c1ccc(-c2nccc3ccc(-c4cc[nH]c4)cc23)s1	0.022337
rxn:5:198646:223464:223421	CNC(C)c1ccc(-c2ccc3nccc(-c4cc[nH]c4)c3c2)s1	0.022337
rxn:5:198640:223464:223421	CNC(C)c1ccc(-c2nccc3cc(-c4cc[nH]c4)ccc23)s1	0.022337
rxn:5:198682:223464:223421	CNC(C)c1ccc(-c2ccc3ncccc3c2-c2cc[nH]c2)s1	0.022337
rxn:5:198621:223464:223421	CNC(C)c1ccc(-c2ccnc3c(-c4cc[nH]c4)cccc23)s1	0.022337
rxn:5:198655:223464:223421	CNC(C)c1ccc(-c2ccc3c(-c4cc[nH]c4)ccnc3c2)s1	0.022337
rxn:5:198679:223464:223421	CNC(C)c1ccc(-c2ccnc3cccc(-c4cc[nH]c4)c23)s1	0.022337
rxn:5:198747:223464:223421	CNC(C)c1ccc(-c2cnc3ccc(-c4cc[nH]c4)cc3c2)s1	0.022337
rxn:5:198757:223464:223421	CNC(C)c1ccc(-c2cncc3ccc(-c4cc[nH]c4)cc23)s1	0.022337
rxn:5:198626:223464:223421	CNC(C)c1ccc(-c2ccc3cc(-c4cc[nH]c4)ccc3n2)s1	0.022337
rxn:5:198661:223464:223421	CNC(C)c1ccc(-c2cccc3c(-c4cc[nH]c4)nccc23)s1	0.022337
rxn:5:198630:223464:223421	CNC(C)c1ccc(-c2cnc3cc(-c4cc[nH]c4)ccc3c2)s1	0.022337
rxn:5:198653:223464:223421	CNC(C)c1ccc(-c2cccc3nccc(-c4cc[nH]c4)c23)s1	0.022337
rxn:5:198638:223464:223421	CNC(C)c1ccc(-c2ccc3ccc(-c4cc[nH]c4)cc3n2)s1	0.022337
rxn:5:198667:223464:223421	CNC(C)c1ccc(-c2cc3ncccc3cc2-c2cc[nH]c2)s1	0.022337
rxn:5:198634:223464:223421	CNC(C)c1ccc(-c2cc3cc(-c4cc[nH]c4)ccc3cn2)s1	0.022337
rxn:5:198639:223464:223421	CNC(C)c1ccc(-c2cc3ccc(-c4cc[nH]c4)cc3cn2)s1	0.022337
rxn:5:198673:223464:223421	CNC(C)c1ccc(-c2cnc3ccccc3c2-c2cc[nH]c2)s1	0.022337
rxn:5:198647:223464:223421	CNC(C)c1ccc(-c2ccc3ccnc(-c4cc[nH]c4)c3c2)s1	0.022337
rxn:5:198657:223464:223421	CNC(C)c1ccc(-c2cccc3c(-c4cc[nH]c4)ccnc23)s1	0.022337
rxn:5:198662:223464:223421	CNC(C)c1ccc(-c2ccc3c(-c4cc[nH]c4)nccc3c2)s1	0.022337
rxn:5:198749:223464:223421	CNC(C)c1ccc(-c2ccc3ncc(-c4cc[nH]c4)cc3c2)s1	0.022337
rxn:5:198744:223464:223421	CNC(C)c1ccc(-c2ccc3c(-c4cc[nH]c4)cncc3c2)s1	0.022337
rxn:5:198636:223464:223421	CNC(C)c1ccc(-c2cc3cccc(-c4cc[nH]c4)c3cn2)s1	0.022337
rxn:5:181282:229270:227667	CCc1ccc(-c2c(F)ccc(C(C)=O)c2F)c(-c2cnc(C#N)s2)c1	0.022312
rxn:5:192705:229270:229088	CC(=O)c1csc(-c2cc(OC(C)(C)C)ncc2-c2cnc(C#N)s2)c1	0.022303
rxn:5:199106:223462:228677	Cc1cc(-c2ccc3nccc(-c4cnn(CC(C)C)c4)c3c2C)n[nH]1	0.022303
rxn:5:192570:229272:228821	COc1ncc(-c2ccc(C(=O)N3CCC3)cc2-c2ccc(C)c(F)c2F)s1	0.022301
rxn:5:192569:229272:228821	COc1ncc(-c2cc(C(=O)N3CCC3)ccc2-c2ccc(C)c(F)c2F)s1	0.022301
rxn:5:181282:229270:227724	CCc1ccc(-c2cc(OC(F)F)ccc2F)c(-c2cnc(C#N)s2)c1	0.022289
rxn:5:199106:223462:228703	Cc1cc(-c2ccc3nccc(-c4cnn(C5CCC5)c4)c3c2C)n[nH]1	0.022285
rxn:5:181071:228977:228333	COc1cccc(-c2c(SC)ccnc2OC)c1-c1ccc2c(c1)CC2	0.022278
rxn:5:199106:223464:228363	Cc1c(-c2cc[nH]c2)ccc2nccc(-c3cnc(N(C)C)cc3F)c12	0.022274
rxn:5:198474:223251:223462	Cc1cc(-c2cc(-c3ccc4c(c3)OCC(=O)N4)cc3ocnc23)n[nH]1	0.022274
rxn:5:195460:226366:229272	COc1ncc(-c2cc(-c3ccnc(N4CCCCC4)c3)cc(C)c2C#N)s1	0.022272
rxn:5:196189:228972:229270	N#Cc1ncc(-c2cc(C3=NCCO3)ccc2-c2cc(C(F)(F)F)cs2)s1	0.022272
rxn:5:181076:228598:229177	COc1ccc(C)cc1-c1cc(SC)cc(-c2c(F)cncc2F)c1	0.022263
rxn:5:199106:223462:228710	Cc1cc(-c2ccc3nccc(-c4cnc(C(C)C)nc4)c3c2C)n[nH]1	0.022262
rxn:5:195792:229283:227115	Cc1cc(-c2c(-c3ccncc3)cncc2C2CC2)c(F)cc1C1CC1	0.022261
rxn:5:195792:229284:227115	Cc1cc(-c2c(-c3cccnc3)cncc2C2CC2)c(F)cc1C1CC1	0.022261
rxn:5:182506:229311:226593	Cc1ncc(-c2cccc(C)c2-c2c(F)ccc(OC(C)C)c2F)s1	0.022259
rxn:5:182506:229306:226593	Cc1cnc(-c2cccc(C)c2-c2c(F)ccc(OC(C)C)c2F)s1	0.022259
rxn:5:179202:228888:229177	COc1c(SC)cc(-c2cc(C#N)ncc2F)cc1-c1c(F)cncc1F	0.022235
rxn:5:195324:227284:229057	CSc1ccc(-c2cc(C#N)ncc2C2CC2)c(-c2cnn(C3CC3)c2)n1	0.022232
rxn:5:198417:227868:223462	Cc1cc(-c2ccnc3cc(-c4ccc5c(c4)OCCC5)sc23)n[nH]1	0.022232
rxn:5:198417:227863:223462	Cc1cc(-c2ccnc3cc(-c4ccc5c(c4)CCCO5)sc23)n[nH]1	0.022232
rxn:5:182506:229270:226347	Cc1cc(-c2c(C)cccc2-c2cnc(C#N)s2)c(OC(C)C)cc1F	0.022232
rxn:5:182506:229270:226351	Cc1cc(-c2c(C)cccc2-c2cnc(C#N)s2)cc(OC(C)C)c1F	0.022232
rxn:5:182506:229270:226346	Cc1cc(OC(C)C)c(F)c(-c2c(C)cccc2-c2cnc(C#N)s2)c1	0.022232
rxn:5:195677:228977:228435	CSc1ccc(F)c(F)c1-c1cccc(S(N)(=O)=O)c1-c1ccc2c(c1)CC2	0.022231
rxn:5:182506:229060:226593	Cc1cccc(-c2ccc(C#N)nc2)c1-c1c(F)ccc(OC(C)C)c1F	0.022217
rxn:5:179840:228112:229311	COc1ccc(C#N)cc1-c1ccc(O[C@@H]2CCOC2)cc1-c1cnc(C)s1	0.022214
rxn:5:179840:228129:229311	COc1cc(C#N)ccc1-c1ccc(O[C@@H]2CCOC2)cc1-c1cnc(C)s1	0.022214
rxn:5:182506:229258:226593	Cc1cccc(-c2cncc(F)c2)c1-c1c(F)ccc(OC(C)C)c1F	0.022207
rxn:5:195435:229338:223247	CC(=O)c1cc(-c2cc3c(C)n[nH]c3cc2F)cc(-c2ccns2)n1	0.022194
rxn:5:181071:228977:227759	COc1cccc(-c2c(F)cc(F)c(OC)c2F)c1-c1ccc2c(c1)CC2	0.022190
rxn:5:196873:228411:229311	COc1ccc(-c2ccc(N3CCOCC3)cc2-c2cnc(C)s2)c(F)c1F	0.022185
rxn:5:195460:226840:229272	COc1ncc(-c2cc(-c3cc(C#N)nc(C(F)(F)F)c3)cc(C)c2C#N)s1	0.022183
rxn:5:195460:226838:229272	COc1ncc(-c2cc(-c3cnc(C#N)c(C(F)(F)F)c3)cc(C)c2C#N)s1	0.022183
rxn:5:189082:229272:228821	COc1ncc(-c2cc(CC(=O)N(C)C)ccc2-c2ccc(C)c(F)c2F)s1	0.022183
rxn:5:182952:223466:227137	CCn1cnc2cc(-c3ccc(-c4cn[nH]c4)c4c3OCCC4=O)ccc21	0.022181
rxn:5:199106:223464:228720	Cc1cnn(C(C)C)c1-c1ccnc2ccc(-c3cc[nH]c3)c(C)c12	0.022179
rxn:5:181075:229338:223320	CSc1c(-c2ccns2)cccc1-c1cc(C)cc2[nH]ncc12	0.022175
rxn:5:181077:229338:223320	CSc1ccc(-c2cc(C)cc3[nH]ncc23)c(-c2ccns2)c1	0.022175
rxn:5:176752:228381:229311	CCCOc1ccc(-c2c(F)cc(C#N)cc2F)c(-c2cnc(C)s2)c1	0.022175
rxn:5:176757:228381:229311	CCCOc1ccc(-c2cnc(C)s2)c(-c2c(F)cc(C#N)cc2F)c1	0.022175
rxn:5:176753:229270:228839	CCCOc1ccc(-c2cc(F)cc(C)c2F)cc1-c1cnc(C#N)s1	0.022175
rxn:5:199106:223462:228349	Cc1cc(-c2ccc3nccc(-c4cnn(C5CCOC5)c4)c3c2C)n[nH]1	0.022173
rxn:5:195460:228652:229272	COc1ncc(-c2cc(-c3ccn4ccnc4c3)cc(C)c2C#N)s1	0.022171
rxn:5:179197:223466:227731	c1nc(-c2ncc(-c3cc(-c4cn[nH]c4)ccc3OC3CC3)cn2)cs1	0.022170
rxn:5:195435:229338:228035	CC(=O)c1cc(-c2cn(C)c3ncccc23)cc(-c2ccns2)n1	0.022170
rxn:5:198559:223397:227278	N#CC1(c2ccc(C3=NS(=O)(=O)c4ccc(-c5ccc6c(c5)CCN6)cc43)cn2)CC1	0.022165
rxn:5:176584:229270:223263	CCOC(=O)c1ccc(-c2cnc(C#N)s2)c(-c2cc(C(=O)NC)ccc2F)c1	0.022161
rxn:5:176591:229270:223263	CCOC(=O)c1cc(-c2cnc(C#N)s2)cc(-c2cc(C(=O)NC)ccc2F)c1	0.022161
rxn:5:176588:229270:223263	CCOC(=O)c1ccc(-c2cc(C(=O)NC)ccc2F)c(-c2cnc(C#N)s2)c1	0.022161
rxn:5:176585:229270:223263	CCOC(=O)c1cc(-c2cnc(C#N)s2)ccc1-c1cc(C(=O)NC)ccc1F	0.022161
rxn:5:198417:228990:229341	CCCc1ccc(-c2cc3nccc(-c4ccon4)c3s2)s1	0.022158
rxn:5:198684:229065:229272	COc1ncc(-c2c(-c3ccnc(C#N)c3)ccc3ncccc23)s1	0.022156
rxn:5:198649:229065:229272	COc1ncc(-c2ccc3nc(-c4ccnc(C#N)c4)ccc3c2)s1	0.022156
rxn:5:195463:225870:229270	Cc1cc(-c2cc(F)cc(N3CCOCC3)c2)c(-c2cnc(C#N)s2)cc1C#N	0.022152
rxn:5:195463:225879:229270	Cc1cc(-c2ccc(N3CCOCC3)cc2F)c(-c2cnc(C#N)s2)cc1C#N	0.022152
rxn:5:196341:223462:229061	Cc1cc(-c2c(-c3ccccc3-c3cnn(C(C)C)c3)noc2C)n[nH]1	0.022144
rxn:5:181578:229272:228821	COc1ncc(-c2cc(C(C)C)ccc2-c2ccc(C)c(F)c2F)s1	0.022140
rxn:5:191332:226412:229270	N#CCc1ccc(-c2cc(F)cc(N3CCCC3)c2)c(-c2cnc(C#N)s2)c1	0.022130
rxn:5:191338:226412:229270	N#CCc1ccc(-c2cnc(C#N)s2)c(-c2cc(F)cc(N3CCCC3)c2)c1	0.022130
rxn:5:198518:228888:229177	N#Cc1cc(-c2c[nH]c3cccc(-c4c(F)cncc4F)c23)c(F)cn1	0.022129
rxn:5:176753:229270:228324	CCCOc1ccc(-c2cc(OC)ncc2OC)cc1-c1cnc(C#N)s1	0.022127
rxn:5:195792:228040:223447	Cc1cc(-c2c(-c3ccnc4ccncc34)cncc2C2CC2)cc(=O)[nH]1	0.022127
rxn:5:181282:229270:226320	CCc1ccc(-c2cc(C3(C#N)CC3)ccc2F)c(-c2cnc(C#N)s2)c1	0.022127
rxn:5:199106:223466:228613	CCc1ccc(-c2ccnc3ccc(-c4cn[nH]c4)c(C)c23)cc1F	0.022126
rxn:5:199106:223466:228619	CCc1cc(-c2ccnc3ccc(-c4cn[nH]c4)c(C)c23)ccc1F	0.022126
rxn:5:199106:223464:228765	CCc1cc(F)c(-c2ccnc3ccc(-c4cc[nH]c4)c(C)c23)cn1	0.022126
rxn:5:181076:228888:229280	CSc1cc(-c2cnc(F)nc2)cc(-c2cc(C#N)ncc2F)c1	0.022124
rxn:5:181579:228259:229270	COc1cc(C)cc(-c2ccc(-c3cnc(C#N)s3)c(C(C)C)c2)c1F	0.022111
rxn:5:179197:227970:229270	CC(C)(C)c1cnccc1-c1ccc(OC2CC2)c(-c2cnc(C#N)s2)c1	0.022108
rxn:5:182506:229270:227077	CCC(C)c1ccc(-c2c(C)cccc2-c2cnc(C#N)s2)c(F)c1	0.022105
rxn:5:193152:229270:223263	CNC(=O)c1ccc(F)c(-c2ccc(CN3CCCC3)cc2-c2cnc(C#N)s2)c1	0.022081
rxn:5:193153:229270:223263	CNC(=O)c1ccc(F)c(-c2cc(CN3CCCC3)ccc2-c2cnc(C#N)s2)c1	0.022081
rxn:5:182654:229337:229008	FCc1ccc(-c2c(-c3cnco3)ccc3ccsc23)cc1	0.022066
rxn:5:195464:229272:223000	COc1ncc(-c2cc(C)cc(-c3ccc(C4CCCNC4)c(F)c3)c2C#N)s1	0.022065
rxn:5:195460:223007:229272	COc1ncc(-c2cc(-c3cc(F)cc(C4CCNCC4)c3)cc(C)c2C#N)s1	0.022065
rxn:5:196354:223462:229061	Cc1cc(-c2cccc(-c3ccccc3-c3cnn(C(C)C)c3)n2)n[nH]1	0.022064
rxn:5:196335:223462:229061	Cc1cc(-c2cc(-c3ccccc3-c3cnn(C(C)C)c3)ccn2)n[nH]1	0.022064
rxn:5:198417:227961:223462	Cc1cc(-c2ccnc3cc(-c4ccc(C5CC5)nc4C)sc23)n[nH]1	0.022062
rxn:5:181282:229270:226769	CCc1ccc(-c2cc(C(=O)OC)cc(F)c2F)c(-c2cnc(C#N)s2)c1	0.022058
rxn:5:181282:229270:226782	CCc1ccc(-c2cc(F)c(C(=O)OC)cc2F)c(-c2cnc(C#N)s2)c1	0.022058
rxn:5:181282:229270:226764	CCc1ccc(-c2ccc(F)c(C(=O)OC)c2F)c(-c2cnc(C#N)s2)c1	0.022058
rxn:5:181282:229270:226771	CCc1ccc(-c2cc(F)c(F)cc2C(=O)OC)c(-c2cnc(C#N)s2)c1	0.022058
rxn:5:181282:229270:226772	CCc1ccc(-c2c(F)cc(C(=O)OC)cc2F)c(-c2cnc(C#N)s2)c1	0.022058
rxn:5:181282:229270:226763	CCc1ccc(-c2cc(F)c(C(=O)OC)c(F)c2)c(-c2cnc(C#N)s2)c1	0.022058
rxn:5:197452:229270:229308	COc1ncc(-c2cnc(C#N)s2)c2ccc(-c3cc(C)no3)cc12	0.022057
rxn:5:197421:229270:229308	COc1cc2c(-c3cc(C)no3)nccc2cc1-c1cnc(C#N)s1	0.022057
rxn:5:196189:227022:229270	N#Cc1ncc(-c2cc(C3=NCCO3)ccc2-c2ccc(CN3CCC3)cc2)s1	0.022051
rxn:5:179197:227490:229270	CC(C)(C)Oc1ncc(-c2ccc(OC3CC3)c(-c3cnc(C#N)s3)c2)cn1	0.022031
rxn:5:182506:229270:228354	Cc1cccc(-c2cnc(C#N)s2)c1-c1ccc(-n2ccnc2)s1	0.022031
rxn:5:195435:229313:223320	CC(=O)c1cc(-c2cc(C)cc3[nH]ncc23)cc(-c2cc(C)ns2)n1	0.022025
rxn:5:196039:229338:223320	CC(=O)c1cc(-c2ccns2)c(-c2cc(C)cc3[nH]ncc23)nc1C	0.022025
rxn:5:198911:229270:228908	COc1cc(-c2cc3c(C)c[nH]c3cc2-c2cnc(C#N)s2)c(F)cn1	0.022023
rxn:5:198911:229270:228933	COc1cc(F)c(-c2cc3c(C)c[nH]c3cc2-c2cnc(C#N)s2)cn1	0.022023
rxn:5:198911:229270:228897	COc1ncc(F)cc1-c1cc2c(C)c[nH]c2cc1-c1cnc(C#N)s1	0.022023
rxn:5:191510:223466:227137	CCn1cnc2cc(-c3ccnc(-c4cn[nH]c4)c3C(=O)OC)ccc21	0.022022
rxn:5:179400:229272:223312	COc1ncc(-c2cc(C(=O)C3CC3)ccc2-c2ccc(C3CNC3)cc2)s1	0.022015
rxn:5:179400:229272:223311	COc1ncc(-c2cc(C(=O)C3CC3)ccc2-c2cccc(C3CNC3)c2)s1	0.022015
rxn:5:182644:223251:223462	Cc1cc(-c2ccc3ccoc3c2-c2ccc3c(c2)OCC(=O)N3)n[nH]1	0.022014
rxn:5:179398:228381:229311	COC(=O)c1cc(-c2cnc(C)s2)cc(-c2c(F)cc(C#N)cc2F)c1C	0.022011
rxn:5:198244:228977:228435	CSc1ccc(F)c(F)c1-c1c(C)cncc1-c1ccc2c(c1)CC2	0.022005
rxn:5:196189:222989:229270	Cc1cc(N2CCNCC2)ccc1-c1ccc(C2=NCCO2)cc1-c1cnc(C#N)s1	0.022003
rxn:5:181282:228202:223263	CCc1ccc(-c2cc(C(=O)NC)ccc2F)c(-c2ccc(F)c(N(C)C)c2)c1	0.021999
rxn:5:198417:229009:229298	c1cnc(-c2ccnc3cc(-c4cc(C5CC5)cs4)sc23)cn1	0.021990
rxn:5:198911:229270:228681	Cc1c[nH]c2cc(-c3cnc(C#N)s3)c(-c3ccnn3CC3CC3)cc12	0.021989
rxn:5:198620:223464:228233	CC(=O)c1cc(C)c(-c2ccnc3ccc(-c4cc[nH]c4)cc23)cn1	0.021988
rxn:5:181624:223466:227137	CCn1cnc2cc(-c3cc(-c4cn[nH]c4)ccc3C3OCCO3)ccc21	0.021980
rxn:5:198125:229009:223390	c1cc(-c2cc(C3CC3)cs2)cc(-c2ccc3cc[nH]c3c2)n1	0.021976
rxn:5:198127:229009:223390	c1cc(-c2ccc3cc[nH]c3c2)cc(-c2cc(C3CC3)cs2)n1	0.021976
rxn:5:198620:223464:229011	c1cc(-c2ccc(C3CC3)s2)c2cc(-c3cc[nH]c3)ccc2n1	0.021976
rxn:5:180150:223469:229270	COc1ccc(-c2ccc(-c3cc[nH]n3)cc2-c2cnc(C#N)s2)cc1	0.021971
rxn:5:180150:223466:229270	COc1ccc(-c2ccc(-c3cn[nH]c3)cc2-c2cnc(C#N)s2)cc1	0.021971
rxn:5:180148:223469:229270	COc1ccccc1-c1ccc(-c2cc[nH]n2)cc1-c1cnc(C#N)s1	0.021971
rxn:5:180148:223466:229270	COc1ccccc1-c1ccc(-c2cn[nH]c2)cc1-c1cnc(C#N)s1	0.021971
rxn:5:199106:223462:228975	Cc1cc(-c2ccc3nccc(-c4cnn(C(F)(F)F)c4)c3c2C)n[nH]1	0.021967
rxn:5:181282:229270:225884	CCc1ccc(-c2ccc(C3COCCO3)c(F)c2)c(-c2cnc(C#N)s2)c1	0.021962
rxn:5:199106:223464:228740	Cc1c(-c2cc[nH]c2)ccc2nccc(-c3ccc(C#N)cc3F)c12	0.021953
rxn:5:198417:227166:223462	Cc1cc(-c2ccnc3cc(-c4ccc5c(c4)OCCN5C)sc23)n[nH]1	0.021952
rxn:5:198417:227185:223462	Cc1cc(-c2ccnc3cc(-c4ccc5c(c4)N(C)CCO5)sc23)n[nH]1	0.021952
rxn:5:198245:228990:223411	CCCc1ccc(-c2c(-c3cc4cccnc4[nH]3)ccnc2C)s1	0.021952
rxn:5:198246:228990:223411	CCCc1ccc(-c2nccc(-c3cc4cccnc4[nH]3)c2C)s1	0.021952
rxn:5:199106:223464:228777	COc1ccc(-c2ccnc3ccc(-c4cc[nH]c4)c(C)c23)c(F)c1	0.021951
rxn:5:195522:223139:229088	CCc1cc(-c2cc(C(C)=O)cs2)c(-c2ccc(C3CCNCC3)nc2)cn1	0.021950
rxn:5:179197:223469:223301	Cc1cc2ccc(-c3cc(-c4cc[nH]n4)ccc3OC3CC3)cc2[nH]1	0.021949
rxn:5:176594:228411:229311	COc1ccc(-c2ccc(OCC(C)=O)cc2-c2cnc(C)s2)c(F)c1F	0.021948
rxn:5:176594:228396:229311	COc1cc(F)c(-c2ccc(OCC(C)=O)cc2-c2cnc(C)s2)c(F)c1	0.021948
rxn:5:176594:228401:229311	COc1c(F)ccc(F)c1-c1ccc(OCC(C)=O)cc1-c1cnc(C)s1	0.021948
rxn:5:176594:228403:229311	COc1c(F)ccc(-c2ccc(OCC(C)=O)cc2-c2cnc(C)s2)c1F	0.021948
rxn:5:176594:228416:229311	COc1cc(F)cc(F)c1-c1ccc(OCC(C)=O)cc1-c1cnc(C)s1	0.021948
rxn:5:181071:228977:227302	COc1cccc(-c2cnc(OC(C)C)c(C)c2)c1-c1ccc2c(c1)CC2	0.021943
rxn:5:179400:229270:223263	CNC(=O)c1ccc(F)c(-c2ccc(C(=O)C3CC3)cc2-c2cnc(C#N)s2)c1	0.021943
rxn:5:177283:229270:223263	CNC(=O)c1ccc(F)c(-c2ccc(COC(C)C)cc2-c2cnc(C#N)s2)c1	0.021937
rxn:5:177282:229270:223263	CNC(=O)c1ccc(F)c(-c2cc(COC(C)C)ccc2-c2cnc(C#N)s2)c1	0.021937
rxn:5:177284:229270:223263	CNC(=O)c1ccc(F)c(-c2ccc(-c3cnc(C#N)s3)cc2COC(C)C)c1	0.021937
rxn:5:177274:229270:223263	CNC(=O)c1ccc(F)c(-c2cc(-c3cnc(C#N)s3)ccc2COC(C)C)c1	0.021937
rxn:5:179197:223402:229270	N#Cc1ncc(-c2cc(-c3ccc4[nH]ncc4c3)ccc2OC2CC2)s1	0.021934
rxn:5:179197:223403:229270	N#Cc1ncc(-c2cc(-c3ccc4cn[nH]c4c3)ccc2OC2CC2)s1	0.021934
rxn:5:176594:228381:229094	CC(=O)COc1ccc(-c2c(F)cc(C#N)cc2F)c(-c2cnc(C)nc2C)c1	0.021926
rxn:5:198620:223464:227657	c1cc(-c2ccc(N3CCOCC3)s2)c2cc(-c3cc[nH]c3)ccc2n1	0.021925
rxn:5:195460:227329:229272	COc1ncc(-c2cc(-c3cc(C(C)=O)ccc3OC)cc(C)c2C#N)s1	0.021923
rxn:5:198417:228077:223462	Cc1cc(-c2ccnc3cc(-c4ccc5c(c4)C(=O)OC5)sc23)n[nH]1	0.021921
rxn:5:198417:228078:223462	Cc1cc(-c2ccnc3cc(-c4ccc5c(c4)COC5=O)sc23)n[nH]1	0.021921
rxn:5:181282:229270:227338	CCc1ccc(-c2cc(OC(C)C)ccc2F)c(-c2cnc(C#N)s2)c1	0.021920
rxn:5:181282:229270:227344	CCc1ccc(-c2ccc(OC(C)C)c(F)c2)c(-c2cnc(C#N)s2)c1	0.021920
rxn:5:181282:229270:227328	CCc1ccc(-c2cc(F)cc(OC(C)C)c2)c(-c2cnc(C#N)s2)c1	0.021920
rxn:5:181076:228888:228929	CSc1cc(-c2cncc(C(F)F)c2)cc(-c2cc(C#N)ncc2F)c1	0.021919
rxn:5:196170:229270:228332	COc1cc(SC)c(-c2cc(C)c(S(N)(=O)=O)cc2-c2cnc(C#N)s2)cn1	0.021908
rxn:5:179400:229272:223251	COc1ncc(-c2cc(C(=O)C3CC3)ccc2-c2ccc3c(c2)OCC(=O)N3)s1	0.021907
rxn:5:179840:228381:229311	Cc1ncc(-c2cc(O[C@@H]3CCOC3)ccc2-c2c(F)cc(C#N)cc2F)s1	0.021905
rxn:5:179840:228378:229311	Cc1ncc(-c2cc(O[C@@H]3CCOC3)ccc2-c2ccc(C#N)c(F)c2F)s1	0.021905
rxn:5:196169:226412:229270	Cc1cc(-c2cc(F)cc(N3CCCC3)c2)c(S(N)(=O)=O)cc1-c1cnc(C#N)s1	0.021905
rxn:5:196170:226412:229270	Cc1cc(-c2cnc(C#N)s2)c(-c2cc(F)cc(N3CCCC3)c2)cc1S(N)(=O)=O	0.021905
rxn:5:198559:229270:223164	N#Cc1ncc(-c2ccc3c(c2)C(c2cc(F)c(F)c(NC4CC4)c2)=NS3(=O)=O)s1	0.021905
rxn:5:195460:226412:229270	Cc1cc(-c2cc(F)cc(N3CCCC3)c2)cc(-c2cnc(C#N)s2)c1C#N	0.021900
rxn:5:195461:226412:229270	Cc1c(-c2cc(F)cc(N3CCCC3)c2)cc(C#N)cc1-c1cnc(C#N)s1	0.021900
rxn:5:195464:226412:229270	Cc1cc(-c2cc(F)cc(N3CCCC3)c2)c(C#N)c(-c2cnc(C#N)s2)c1	0.021900
rxn:5:195465:226412:229270	Cc1c(-c2cc(F)cc(N3CCCC3)c2)ccc(C#N)c1-c1cnc(C#N)s1	0.021900
rxn:5:195463:226420:229270	Cc1cc(-c2ccc(F)c(N3CCCC3)c2)c(-c2cnc(C#N)s2)cc1C#N	0.021900
rxn:5:195463:226431:229270	Cc1cc(-c2ccc(N3CCCC3)c(F)c2)c(-c2cnc(C#N)s2)cc1C#N	0.021900
rxn:5:195462:226412:229270	Cc1c(C#N)ccc(-c2cc(F)cc(N3CCCC3)c2)c1-c1cnc(C#N)s1	0.021900
rxn:5:195463:226441:229270	Cc1cc(-c2ccc(N3CCCC3)cc2F)c(-c2cnc(C#N)s2)cc1C#N	0.021900
rxn:5:195463:226422:229270	Cc1cc(-c2cc(F)ccc2N2CCCC2)c(-c2cnc(C#N)s2)cc1C#N	0.021900
rxn:5:195468:226412:229270	Cc1c(C#N)cc(-c2cnc(C#N)s2)cc1-c1cc(F)cc(N2CCCC2)c1	0.021900
rxn:5:195466:226412:229270	Cc1cc(C#N)c(-c2cnc(C#N)s2)cc1-c1cc(F)cc(N2CCCC2)c1	0.021900
rxn:5:195467:226412:229270	Cc1cc(C#N)cc(-c2cnc(C#N)s2)c1-c1cc(F)cc(N2CCCC2)c1	0.021900
rxn:5:179195:228381:229311	CCC(=O)c1ccc(-c2c(F)cc(C#N)cc2F)c(-c2cnc(C)s2)c1	0.021892
rxn:5:179185:228381:229311	CCC(=O)c1cc(-c2cnc(C)s2)ccc1-c1c(F)cc(C#N)cc1F	0.021892
rxn:5:179188:228381:229311	CCC(=O)c1ccc(-c2cnc(C)s2)c(-c2c(F)cc(C#N)cc2F)c1	0.021892
rxn:5:191338:229272:223000	COc1ncc(-c2cc(CC#N)ccc2-c2ccc(C3CCCNC3)c(F)c2)s1	0.021891
rxn:5:177277:228888:229177	CC(C)COc1cc(-c2cc(C#N)ncc2F)cc(-c2c(F)cncc2F)c1	0.021876
rxn:5:176753:228802:229308	CCCOc1ccc(-c2cc(C)no2)cc1-c1ccccc1C(F)F	0.021875
rxn:5:199275:223462:229061	Cc1cc(-c2ccc3c(C)cc(-c4cnn(C(C)C)c4)nc3c2C)n[nH]1	0.021869
rxn:5:199274:223462:229061	Cc1cc(-c2cnn(C(C)C)c2)c2ccc(-c3cc(C)[nH]n3)c(C)c2n1	0.021869
rxn:5:199106:223452:229061	Cc1n[nH]c(C)c1-c1ccc2nccc(-c3cnn(C(C)C)c3)c2c1C	0.021869
rxn:5:199106:223462:228720	Cc1cc(-c2ccc3nccc(-c4c(C)cnn4C(C)C)c3c2C)n[nH]1	0.021869
rxn:5:198417:223214:223462	Cc1cc(-c2ccnc3cc(-c4ccc5c(c4)CCNC5=O)sc23)n[nH]1	0.021868
rxn:5:179197:223469:223245	COc1c(-c2cc(-c3cc[nH]n3)ccc2OC2CC2)ccc2[nH]ncc12	0.021868
rxn:5:198911:229270:229017	Cc1cnc(C)c(-c2cc3c(C)c[nH]c3cc2-c2cnc(C#N)s2)c1	0.021867
rxn:5:198911:229270:229023	Cc1cc(C)c(-c2cc3c(C)c[nH]c3cc2-c2cnc(C#N)s2)cn1	0.021867
rxn:5:179546:223183:229270	CCOc1cc(-c2cnc(C#N)s2)c(-c2ccc(S(=O)(=O)NC)cc2C)cc1C	0.021865
rxn:5:182710:229270:226412	N#Cc1ncc(-c2cc3c(c(-c4cc(F)cc(N5CCCC5)c4)c2)OCC3=O)s1	0.021858
rxn:5:176752:229270:229088	CCCOc1ccc(-c2cnc(C#N)s2)c(-c2cc(C(C)=O)cs2)c1	0.021856
rxn:5:198620:229286:223421	CNC(C)c1ccc(-c2ccnc3ccc(-c4ccn(C)c4)cc23)s1	0.021853
rxn:5:193231:229065:229272	COc1ncc(-c2cc(-c3ccnc(C#N)c3)ccc2C(=O)N2CCSCC2)s1	0.021849
rxn:5:198417:229301:223411	c1cnnc(-c2cc3nccc(-c4cc5cccnc5[nH]4)c3s2)c1	0.021844
rxn:5:181282:226412:229270	CCc1ccc(-c2cnc(C#N)s2)c(-c2cc(F)cc(N3CCCC3)c2)c1	0.021840
rxn:5:191499:229270:227668	COC(=O)c1ccc(-c2cnc(C#N)s2)nc1-c1cc(F)c(OC)c(F)c1C	0.021838
rxn:5:191513:229270:227668	COC(=O)c1cnc(-c2cc(F)c(OC)c(F)c2C)cc1-c1cnc(C#N)s1	0.021838
rxn:5:196189:227996:229270	CC(=O)c1ccc(-c2ccc(C3=NCCO3)cc2-c2cnc(C#N)s2)c(C)c1	0.021838
rxn:5:196189:227832:229270	Cc1cc(C2CC2)ccc1-c1ccc(C2=NCCO2)cc1-c1cnc(C#N)s1	0.021831
rxn:5:182506:229270:228663	Cc1cccc(-c2cnc(C#N)s2)c1-c1nc2ccccc2s1	0.021830
rxn:5:179197:227491:229270	N#Cc1ncc(-c2cc(-c3cnc(OC4CCC4)nc3)ccc2OC2CC2)s1	0.021830
rxn:5:195522:229270:223208	CCc1cc(-c2cc3cc(OC)ccc3[nH]2)c(-c2cnc(C#N)s2)cn1	0.021820
rxn:5:176570:229272:228821	COC(=O)Cc1ccc(-c2ccc(C)c(F)c2F)c(-c2cnc(OC)s2)c1	0.021816
rxn:5:179400:229272:229132	COc1ncc(-c2cc(C(=O)C3CC3)ccc2-c2ccc(F)c(F)c2)s1	0.021814
rxn:5:179400:229272:229140	COc1ncc(-c2cc(C(=O)C3CC3)ccc2-c2cccc(F)c2F)s1	0.021814
rxn:5:179400:229272:229131	COc1ncc(-c2cc(C(=O)C3CC3)ccc2-c2ccc(F)cc2F)s1	0.021814
rxn:5:179840:228821:229311	Cc1ncc(-c2cc(O[C@@H]3CCOC3)ccc2-c2ccc(C)c(F)c2F)s1	0.021814
rxn:5:179840:228830:229311	Cc1ncc(-c2cc(O[C@@H]3CCOC3)ccc2-c2ccc(F)c(C)c2F)s1	0.021814
rxn:5:179840:228844:229311	Cc1ncc(-c2cc(O[C@@H]3CCOC3)ccc2-c2ccc(F)c(F)c2C)s1	0.021814
rxn:5:196189:223183:229226	CNS(=O)(=O)c1ccc(-c2ccc(C3=NCCO3)cc2-c2ccc(C#N)s2)c(C)c1	0.021809
rxn:5:196189:223183:229230	CNS(=O)(=O)c1ccc(-c2ccc(C3=NCCO3)cc2-c2cc(C#N)cs2)c(C)c1	0.021809
rxn:5:182637:229270:229002	COc1ccc(-c2cc3ccoc3cc2-c2cnc(C#N)s2)cc1	0.021803
rxn:5:179197:227984:229270	COc1ccc(-c2ccc(OC3CC3)c(-c3cnc(C#N)s3)c2)c(C)c1C	0.021799
rxn:5:195522:229270:225592	CCc1cc(-c2cc(F)ccc2CN2CCCC2)c(-c2cnc(C#N)s2)cn1	0.021795
rxn:5:198620:229283:223421	CNC(C)c1ccc(-c2ccnc3ccc(-c4ccncc4)cc23)s1	0.021793
rxn:5:198911:229270:228748	COc1cc(C)c(-c2cc3c(C)c[nH]c3cc2-c2cnc(C#N)s2)cn1	0.021790
rxn:5:198911:229270:228739	COc1cc(-c2cc3c(C)c[nH]c3cc2-c2cnc(C#N)s2)c(C)cn1	0.021790
rxn:5:198911:229270:228727	COc1ncc(C)cc1-c1cc2c(C)c[nH]c2cc1-c1cnc(C#N)s1	0.021790
rxn:5:198911:229270:228733	COc1cc(C)ncc1-c1cc2c(C)c[nH]c2cc1-c1cnc(C#N)s1	0.021790
rxn:5:198911:229270:228757	COc1cnc(C)cc1-c1cc2c(C)c[nH]c2cc1-c1cnc(C#N)s1	0.021790
rxn:5:198911:229270:228737	COc1ccc(-c2cc3c(C)c[nH]c3cc2-c2cnc(C#N)s2)c(C)n1	0.021790
rxn:5:198911:229270:228738	COc1cc(-c2cc3c(C)c[nH]c3cc2-c2cnc(C#N)s2)cc(C)n1	0.021790
rxn:5:198911:229270:228728	COc1ncc(-c2cc3c(C)c[nH]c3cc2-c2cnc(C#N)s2)cc1C	0.021790
rxn:5:198911:229270:228761	COc1cc(-c2cc3c(C)c[nH]c3cc2-c2cnc(C#N)s2)cnc1C	0.021790
rxn:5:179545:223183:229270	CNS(=O)(=O)c1ccc(-c2ccc(CC3CC3)cc2-c2cnc(C#N)s2)c(C)c1	0.021790
rxn:5:193461:223251:223462	Cc1cc(-c2cc(-c3ccc4c(c3)OCC(=O)N4)ccc2C(=O)N2CCCCC2)n[nH]1	0.021787
rxn:5:181282:227892:223263	CCc1ccc(-c2cc(C(=O)NC)ccc2F)c(-c2ccc(CN(C)C)cc2)c1	0.021785
rxn:5:196189:223190:229270	CNS(=O)(=O)c1ccc(F)cc1-c1ccc(C2=NCCO2)cc1-c1cnc(C#N)s1	0.021785
rxn:5:196189:223191:229270	CNS(=O)(=O)c1ccc(-c2ccc(C3=NCCO3)cc2-c2cnc(C#N)s2)cc1F	0.021785
rxn:5:196189:223192:229270	CNS(=O)(=O)c1cc(-c2ccc(C3=NCCO3)cc2-c2cnc(C#N)s2)ccc1F	0.021785
rxn:5:182506:229270:226147	Cc1cc(OC(C)C)cc(C)c1-c1c(C)cccc1-c1cnc(C#N)s1	0.021784
rxn:5:182506:229270:226151	Cc1cc(OC(C)C)c(-c2c(C)cccc2-c2cnc(C#N)s2)cc1C	0.021784
rxn:5:195460:229065:226856	COc1cnc(C(F)(F)F)cc1-c1cc(-c2ccnc(C#N)c2)cc(C)c1C#N	0.021781
rxn:5:198748:229009:229337	c1cc2c(-c3cc(C4CC4)cs3)cc(-c3cnco3)cc2cn1	0.021771
rxn:5:181071:223346:228435	COc1cccc(-c2c(SC)ccc(F)c2F)c1-c1ccc2c(c1)CNC2=O	0.021769
rxn:5:181071:223348:228435	COc1cccc(-c2c(SC)ccc(F)c2F)c1-c1ccc2c(c1)C(=O)NC2	0.021769
rxn:5:181282:229270:226603	CCc1ccc(-c2cc(C(=O)OC)cc(F)c2C)c(-c2cnc(C#N)s2)c1	0.021765
rxn:5:198417:229270:228882	COc1ncc(-c2ccnc3cc(-c4cnc(C#N)s4)sc23)c(C)n1	0.021763
rxn:5:181068:229270:226593	COc1cccc(-c2cnc(C#N)s2)c1-c1c(F)ccc(OC(C)C)c1F	0.021750
rxn:5:181069:229270:226593	COc1c(-c2cnc(C#N)s2)cccc1-c1c(F)ccc(OC(C)C)c1F	0.021750
rxn:5:196858:229270:229088	CC(=O)c1csc(-c2cc(C3CCOCC3)ncc2-c2cnc(C#N)s2)c1	0.021750
rxn:5:182574:226412:229270	Cc1cc(-c2cc(F)cc(N3CCCC3)c2)c(-c2cnc(C#N)s2)cc1C	0.021750
rxn:5:182576:226412:229270	Cc1cc(-c2cnc(C#N)s2)c(C)cc1-c1cc(F)cc(N2CCCC2)c1	0.021750
rxn:5:195463:226412:229311	Cc1ncc(-c2cc(C#N)c(C)cc2-c2cc(F)cc(N3CCCC3)c2)s1	0.021750
rxn:5:195463:226412:229306	Cc1cnc(-c2cc(C#N)c(C)cc2-c2cc(F)cc(N3CCCC3)c2)s1	0.021750
rxn:5:195301:228977:228435	COc1cnc(-c2ccc3c(c2)CC3)cc1-c1c(SC)ccc(F)c1F	0.021740
rxn:5:195305:228977:228435	COc1ccc(-c2ccc3c(c2)CC3)nc1-c1c(SC)ccc(F)c1F	0.021740
rxn:5:195312:228977:228435	COc1cncc(-c2ccc3c(c2)CC3)c1-c1c(SC)ccc(F)c1F	0.021740
rxn:5:195364:228977:228435	COc1c(-c2ccc3c(c2)CC3)cncc1-c1c(SC)ccc(F)c1F	0.021740
rxn:5:195300:228977:228435	COc1cc(-c2ccc3c(c2)CC3)ncc1-c1c(SC)ccc(F)c1F	0.021740
rxn:5:195326:228977:228435	COc1ccnc(-c2ccc3c(c2)CC3)c1-c1c(SC)ccc(F)c1F	0.021740
rxn:5:195308:228977:228435	COc1nc(-c2ccc3c(c2)CC3)ccc1-c1c(SC)ccc(F)c1F	0.021740
rxn:5:195299:228977:228435	COc1cc(-c2ccc3c(c2)CC3)cnc1-c1c(SC)ccc(F)c1F	0.021740
rxn:5:195329:228977:228435	COc1cncc(-c2c(SC)ccc(F)c2F)c1-c1ccc2c(c1)CC2	0.021740
rxn:5:195319:228977:228435	COc1ccnc(-c2c(SC)ccc(F)c2F)c1-c1ccc2c(c1)CC2	0.021740
rxn:5:195322:228977:228435	COc1nccc(-c2c(SC)ccc(F)c2F)c1-c1ccc2c(c1)CC2	0.021740
rxn:5:195306:228977:228435	COc1ccc(-c2c(SC)ccc(F)c2F)nc1-c1ccc2c(c1)CC2	0.021740
rxn:5:195320:228977:228435	COc1ccc(-c2c(SC)ccc(F)c2F)c(-c2ccc3c(c2)CC3)n1	0.021740
rxn:5:195302:228977:228435	COc1cnc(-c2c(SC)ccc(F)c2F)cc1-c1ccc2c(c1)CC2	0.021740
rxn:5:195309:228977:228435	COc1cc(-c2c(SC)ccc(F)c2F)cnc1-c1ccc2c(c1)CC2	0.021740
rxn:5:195315:228977:228435	COc1cc(-c2c(SC)ccc(F)c2F)ncc1-c1ccc2c(c1)CC2	0.021740
rxn:5:195330:228977:228435	COc1c(-c2c(SC)ccc(F)c2F)ccnc1-c1ccc2c(c1)CC2	0.021740
rxn:5:198437:223251:223462	Cc1cc(-c2ccnc3c(-c4ccc5c(c4)OCC(=O)N5)csc23)n[nH]1	0.021728
rxn:5:198410:223251:223462	Cc1cc(-c2cccc3nc(-c4ccc5c(c4)OCC(=O)N5)sc23)n[nH]1	0.021728
rxn:5:198409:223251:223462	Cc1cc(-c2ccc3cc(-c4ccc5c(c4)OCC(=O)N5)sc3n2)n[nH]1	0.021728
rxn:5:198417:223251:223460	Cc1nc(-c2ccnc3cc(-c4ccc5c(c4)OCC(=O)N5)sc23)c[nH]1	0.021728
rxn:5:198431:223251:223462	Cc1cc(-c2nccc3cc(-c4ccc5c(c4)OCC(=O)N5)sc23)n[nH]1	0.021728
rxn:5:198404:223251:223462	Cc1cc(-c2nccc3sc(-c4ccc5c(c4)OCC(=O)N5)cc23)n[nH]1	0.021728
rxn:5:198443:223251:223462	Cc1cc(-c2ccnc3scc(-c4ccc5c(c4)OCC(=O)N5)c23)n[nH]1	0.021728
rxn:5:198417:223250:223462	Cc1cc(-c2ccnc3cc(-c4ccc5c(c4)NC(=O)CO5)sc23)n[nH]1	0.021728
rxn:5:198417:223251:223457	Cc1cc(-c2ccnc3cc(-c4ccc5c(c4)OCC(=O)N5)sc23)[nH]n1	0.021728
rxn:5:198417:223251:223461	Cc1[nH]ncc1-c1ccnc2cc(-c3ccc4c(c3)OCC(=O)N4)sc12	0.021728
rxn:5:198417:223251:223459	Cc1cn[nH]c1-c1ccnc2cc(-c3ccc4c(c3)OCC(=O)N4)sc12	0.021728
rxn:5:179840:228411:229240	COc1ccc(-c2ccc(O[C@@H]3CCOC3)cc2-c2cnc(C)nc2)c(F)c1F	0.021726
rxn:5:179840:228411:229242	COc1ccc(-c2ccc(O[C@@H]3CCOC3)cc2-c2cncnc2C)c(F)c1F	0.021726
rxn:5:176584:228381:229311	CCOC(=O)c1ccc(-c2c(F)cc(C#N)cc2F)c(-c2cnc(C)s2)c1	0.021719
rxn:5:176588:228381:229311	CCOC(=O)c1ccc(-c2cnc(C)s2)c(-c2c(F)cc(C#N)cc2F)c1	0.021719
rxn:5:176593:228381:229311	CCOC(=O)c1cc(-c2cnc(C)s2)ccc1-c1c(F)cc(C#N)cc1F	0.021719
rxn:5:189407:228888:229177	CN(Cc1ccc(-c2cc(C#N)ncc2F)c(-c2c(F)cncc2F)c1)C1CC1	0.021719
rxn:5:197125:229306:229270	COc1cc(-c2cnc(C#N)s2)c2nc(-c3ncc(C)s3)sc2c1	0.021712
rxn:5:198417:229270:229168	COc1nc(C)sc1-c1ccnc2cc(-c3cnc(C#N)s3)sc12	0.021712
rxn:5:182709:228127:223271	COc1cccc(C#N)c1-c1cc(-c2ccc(F)c(NC(C)=O)c2)cc2c1OCC2=O	0.021707
rxn:5:177275:229270:223263	CNC(=O)c1ccc(F)c(-c2ccc(OCC(C)C)cc2-c2cnc(C#N)s2)c1	0.021705
rxn:5:199106:223462:228707	Cc1cc(-c2ccc3nccc(-c4cnn(C(C)(C)C)c4)c3c2C)n[nH]1	0.021701
rxn:5:199106:223466:227904	CCN(C)c1ccc(-c2ccnc3ccc(-c4cn[nH]c4)c(C)c23)cc1	0.021687
rxn:5:195463:227404:229270	Cc1cc(-c2cc(N3CCCCC3)cs2)c(-c2cnc(C#N)s2)cc1C#N	0.021682
rxn:5:195331:229270:229088	CSc1cc(-c2cc(C(C)=O)cs2)ncc1-c1cnc(C#N)s1	0.021682
rxn:5:195792:229166:227115	CC(=O)n1cc(-c2cncc(C3CC3)c2-c2cc(C)c(C3CC3)cc2F)cn1	0.021679
rxn:5:179551:223466:227137	CCOc1ccc(-c2cn[nH]c2)c(C)c1-c1ccc2c(c1)ncn2CC	0.021672
rxn:5:195460:227086:229272	COc1ncc(-c2cc(-c3ccnc(C4CCCC4)c3)cc(C)c2C#N)s1	0.021672
rxn:5:199106:223464:229131	Cc1c(-c2cc[nH]c2)ccc2nccc(-c3ccc(F)cc3F)c12	0.021670
rxn:5:177492:223469:229270	N#Cc1ncc(-c2cc(-c3cc[nH]n3)ccc2OCc2ccccc2)s1	0.021666
rxn:5:177492:223466:229270	N#Cc1ncc(-c2cc(-c3cn[nH]c3)ccc2OCc2ccccc2)s1	0.021666
rxn:5:196189:223189:229270	CS(=O)(=O)Nc1ccc(-c2ccc(C3=NCCO3)cc2-c2cnc(C#N)s2)c(F)c1	0.021655
rxn:5:198417:228990:229303	CCCc1ccc(-c2cc3nccc(-c4ncccn4)c3s2)s1	0.021649
rxn:5:176594:228257:229311	COc1cc(C)cc(F)c1-c1ccc(OCC(C)=O)cc1-c1cnc(C)s1	0.021645
rxn:5:196189:228812:229270	CSc1cccc(F)c1-c1ccc(C2=NCCO2)cc1-c1cnc(C#N)s1	0.021642
rxn:5:181282:227611:223263	CCc1ccc(-c2cc(C(=O)NC)ccc2F)c(-c2ccnn2C2CCCCO2)c1	0.021638
rxn:5:195324:227034:229146	COCn1cc(-c2nc(SC)ccc2-c2c(C#N)cccc2C2CC2)cn1	0.021638
rxn:5:181076:228315:229177	CCOc1cc(-c2cc(SC)cc(-c3c(F)cncc3F)c2)c(F)cn1	0.021637
rxn:5:181076:228337:229177	CCOc1cc(F)c(-c2cc(SC)cc(-c3c(F)cncc3F)c2)cn1	0.021637
rxn:5:191683:227034:229057	CCOc1ccc(-c2cnn(C3CC3)c2)nc1-c1c(C#N)cccc1C1CC1	0.021636
rxn:5:181627:223183:229270	CNS(=O)(=O)c1ccc(-c2ccc(C3OCCO3)cc2-c2cnc(C#N)s2)c(C)c1	0.021635
rxn:5:188253:228888:229177	COC(=O)c1cc(C#N)cc(-c2cc(C#N)ncc2F)c1-c1c(F)cncc1F	0.021634
rxn:5:198620:223464:228990	CCCc1ccc(-c2ccnc3ccc(-c4cc[nH]c4)cc23)s1	0.021633
rxn:5:179405:228381:229311	COc1c(-c2c(F)cc(C#N)cc2F)ccc(-c2cnc(C)s2)c1C(C)=O	0.021629
rxn:5:176594:228381:229288	CC(=O)COc1ccc(-c2c(F)cc(C#N)cc2F)c(-c2ccc(C)s2)c1	0.021622
rxn:5:176594:228381:229291	CC(=O)COc1ccc(-c2c(F)cc(C#N)cc2F)c(-c2cc(C)cs2)c1	0.021622
rxn:5:199106:223462:228744	Cc1cc(-c2ccc3nccc(-c4ccc(F)c(C#N)c4)c3c2C)n[nH]1	0.021622
rxn:5:179197:228754:229270	CSc1ncc(-c2ccc(OC3CC3)c(-c3cnc(C#N)s3)c2)cc1C	0.021612
rxn:5:179400:229102:228821	Cc1ccc(-c2ccc(C(=O)C3CC3)cc2-c2ccn(C)c(=O)c2)c(F)c1F	0.021611
rxn:5:182440:228977:228435	CSc1ccc(F)c(F)c1-c1ccccc1-c1ccc2c(c1)CC2	0.021604
rxn:5:198417:229270:228864	CCOc1ncc(-c2ccnc3cc(-c4cnc(C#N)s4)sc23)cn1	0.021603
rxn:5:181282:229272:223000	CCc1ccc(-c2ccc(C3CCCNC3)c(F)c2)c(-c2cnc(OC)s2)c1	0.021595
rxn:5:181276:229272:223000	CCc1cc(-c2cnc(OC)s2)ccc1-c1ccc(C2CCCNC2)c(F)c1	0.021595
rxn:5:181281:229272:223000	CCc1ccc(-c2cnc(OC)s2)cc1-c1ccc(C2CCCNC2)c(F)c1	0.021595
rxn:5:178616:229270:226412	COC(=O)c1cc(-c2cnc(C#N)s2)c(-c2cc(F)cc(N3CCCC3)c2)o1	0.021594
rxn:5:176594:228381:229272	COc1ncc(-c2cc(OCC(C)=O)ccc2-c2c(F)cc(C#N)cc2F)s1	0.021590
rxn:5:176993:229272:229218	CCCC(=O)c1ccc(-c2cccc(F)c2)c(-c2cnc(OC)s2)c1	0.021589
rxn:5:176755:229272:228821	CCOCc1cc(-c2ccc(C)c(F)c2F)ccc1-c1cnc(OC)s1	0.021584
rxn:5:182506:229270:226875	Cc1cccc(-c2cnc(C#N)s2)c1-c1cc(F)c(OC(F)F)cc1F	0.021554
rxn:5:198422:229270:223263	CNC(=O)c1ccc(F)c(-c2nc3cccc(-c4cnc(C#N)s4)c3o2)c1	0.021553
rxn:5:195522:228641:229088	CCc1cc(-c2cc(C(C)=O)cs2)c(-c2cc(C)c(C)cc2F)cn1	0.021544
rxn:5:195463:226175:229270	Cc1cc(-c2ccc(N3CCCC3)cc2C)c(-c2cnc(C#N)s2)cc1C#N	0.021544
rxn:5:195463:226172:229270	Cc1cc(-c2cc(N3CCCC3)ccc2C)c(-c2cnc(C#N)s2)cc1C#N	0.021544
rxn:5:179197:227448:229270	N#Cc1ncc(-c2cc(-c3ccc(C4COC4)c(F)c3)ccc2OC2CC2)s1	0.021537
rxn:5:195433:226412:229270	CC(=O)c1nc(-c2cnc(C#N)s2)ccc1-c1cc(F)cc(N2CCCC2)c1	0.021529
rxn:5:179539:228411:229311	COc1ccc(-c2ccc(OC(C)C)cc2-c2cnc(C)s2)c(F)c1F	0.021526
rxn:5:179543:229272:228821	COc1ncc(-c2cc(OC(C)C)ccc2-c2ccc(C)c(F)c2F)s1	0.021526
rxn:5:182506:229272:226593	COc1ncc(-c2cccc(C)c2-c2c(F)ccc(OC(C)C)c2F)s1	0.021526
rxn:5:199106:223462:228304	Cc1cc(-c2ccc3nccc(-c4cnc(OC(C)C)nc4)c3c2C)n[nH]1	0.021518
rxn:5:196189:227029:229270	CC(C)(C#N)c1ccccc1-c1ccc(C2=NCCO2)cc1-c1cnc(C#N)s1	0.021518
rxn:5:196769:229344:229270	Cc1ccc(-c2ccnc(-c3cnc(C#N)s3)c2-c2cocn2)cc1	0.021517
rxn:5:182506:229270:227624	Cc1cccc(-c2cnc(C#N)s2)c1-c1ccc(-c2nnco2)cc1	0.021517
rxn:5:195463:226412:229060	Cc1cc(-c2cc(F)cc(N3CCCC3)c2)c(-c2ccc(C#N)nc2)cc1C#N	0.021516
rxn:5:181076:228130:229177	CSc1cc(-c2ccc(CC#N)cc2F)cc(-c2c(F)cncc2F)c1	0.021513
rxn:5:176993:229272:223396	CCCC(=O)c1ccc(-c2ccc3c(c2)NCC3)c(-c2cnc(OC)s2)c1	0.021506
rxn:5:176993:229272:223397	CCCC(=O)c1ccc(-c2ccc3c(c2)CCN3)c(-c2cnc(OC)s2)c1	0.021506
rxn:5:182637:229270:228908	COc1cc(-c2cc3ccoc3cc2-c2cnc(C#N)s2)c(F)cn1	0.021506
rxn:5:182637:229270:228913	COc1nccc(-c2cc3ccoc3cc2-c2cnc(C#N)s2)c1F	0.021506
rxn:5:182637:229270:228933	COc1cc(F)c(-c2cc3ccoc3cc2-c2cnc(C#N)s2)cn1	0.021506
rxn:5:198417:223341:229207	Cc1cc(-c2ccnc3cc(-c4ccc5c(c4)CC(=O)N5)sc23)ccn1	0.021501
rxn:5:198417:223397:229070	COc1ccc(-c2ccnc3cc(-c4ccc5c(c4)CCN5)sc23)cn1	0.021499
rxn:5:179400:229272:228913	COc1ncc(-c2cc(C(=O)C3CC3)ccc2-c2ccnc(OC)c2F)s1	0.021498
rxn:5:179400:229272:228723	COc1ncc(-c2cc(C(=O)C3CC3)ccc2-c2ccc(C#N)c(F)c2)s1	0.021493
rxn:5:179400:229272:228732	COc1ncc(-c2cc(C(=O)C3CC3)ccc2-c2cccc(C#N)c2F)s1	0.021493
rxn:5:198620:223464:227974	COc1cc(C)c(-c2ccnc3ccc(-c4cc[nH]c4)cc23)c(C)c1	0.021493
rxn:5:198620:223464:227993	COc1ccc(C)c(-c2ccnc3ccc(-c4cc[nH]c4)cc23)c1C	0.021493
rxn:5:196189:223183:229060	CNS(=O)(=O)c1ccc(-c2ccc(C3=NCCO3)cc2-c2ccc(C#N)nc2)c(C)c1	0.021491
rxn:5:196921:229344:229270	Cc1ccc(C)n1-c1ccc(-c2cocn2)cc1-c1cnc(C#N)s1	0.021479
rxn:5:199106:223462:228594	CCc1cc(-c2ccnc3ccc(-c4cc(C)[nH]n4)c(C)c23)cc(C)n1	0.021474
rxn:5:198444:223466:227137	CCn1cnc2cc(-c3ccnc4occ(-c5cn[nH]c5)c34)ccc21	0.021471
rxn:5:195463:225576:229270	Cc1cc(-c2ccc(N3CCCC3)c(C#N)c2)c(-c2cnc(C#N)s2)cc1C#N	0.021467
rxn:5:195463:225577:229270	Cc1cc(-c2ccc(N3CCCC3)cc2C#N)c(-c2cnc(C#N)s2)cc1C#N	0.021467
rxn:5:177002:229270:229088	CCOc1cc(-c2cc(C(C)=O)cs2)c(-c2cnc(C#N)s2)cc1OC	0.021463
rxn:5:177003:229270:229088	CCOc1cc(-c2cnc(C#N)s2)c(-c2cc(C(C)=O)cs2)cc1OC	0.021463
rxn:5:198417:223397:229060	N#Cc1ccc(-c2ccnc3cc(-c4ccc5c(c4)CCN5)sc23)cn1	0.021462
rxn:5:198417:223397:229210	Cc1ccc(-c2ccnc3cc(-c4ccc5c(c4)CCN5)sc23)cn1	0.021456
rxn:5:198417:223397:229209	Cc1cnccc1-c1ccnc2cc(-c3ccc4c(c3)CCN4)sc12	0.021456
rxn:5:195322:229296:226200	COc1nccc(-c2ccc3c(c2)ncn3C(C)C)c1-c1cnn(C)c1	0.021456
rxn:5:195330:229296:226200	COc1c(-c2ccc3c(c2)ncn3C(C)C)ccnc1-c1cnn(C)c1	0.021456
rxn:5:195434:227034:229057	CC(=O)c1ccc(-c2c(C#N)cccc2C2CC2)c(-c2cnn(C3CC3)c2)n1	0.021452
rxn:5:198417:229311:228455	COc1ncc(-c2ccnc3cc(-c4cnc(C)s4)sc23)c(OC)n1	0.021443
rxn:5:198417:229306:228455	COc1ncc(-c2ccnc3cc(-c4ncc(C)s4)sc23)c(OC)n1	0.021443
rxn:5:188957:229270:229088	CC(=O)c1csc(-c2cc(OCC(C)C)c(-c3cnc(C#N)s3)cn2)c1	0.021432
rxn:5:176594:227524:229311	COc1cc(-c2ccc(OCC(C)=O)cc2-c2cnc(C)s2)c(F)cc1C#N	0.021426
rxn:5:179400:229272:229037	COc1ncc(-c2cc(C(=O)C3CC3)ccc2-c2ccc(C)c(F)c2)s1	0.021423
rxn:5:179400:229272:229029	COc1ncc(-c2cc(C(=O)C3CC3)ccc2-c2ccc(F)c(C)c2)s1	0.021423
rxn:5:179400:229272:229042	COc1ncc(-c2cc(C(=O)C3CC3)ccc2-c2cccc(C)c2F)s1	0.021423
rxn:5:179400:229272:229030	COc1ncc(-c2cc(C(=O)C3CC3)ccc2-c2cc(F)ccc2C)s1	0.021423
rxn:5:179400:229272:229036	COc1ncc(-c2cc(C(=O)C3CC3)ccc2-c2ccc(F)cc2C)s1	0.021423
rxn:5:179400:229272:229031	COc1ncc(-c2cc(C(=O)C3CC3)ccc2-c2ccc(C)cc2F)s1	0.021423
rxn:5:179400:229272:229034	COc1ncc(-c2cc(C(=O)C3CC3)ccc2-c2cc(C)ccc2F)s1	0.021423
rxn:5:179400:229272:229035	COc1ncc(-c2cc(C(=O)C3CC3)ccc2-c2cccc(F)c2C)s1	0.021423
rxn:5:179400:229272:229041	COc1ncc(-c2cc(C(=O)C3CC3)ccc2-c2c(C)cccc2F)s1	0.021423
rxn:5:198911:229270:228454	COc1cc(-c2cc3c(C)c[nH]c3cc2-c2cnc(C#N)s2)c(OC)nn1	0.021422
rxn:5:198911:229270:228455	COc1ncc(-c2cc3c(C)c[nH]c3cc2-c2cnc(C#N)s2)c(OC)n1	0.021422
rxn:5:179840:228639:229311	Cc1ncc(-c2cc(O[C@@H]3CCOC3)ccc2-c2ccc(C)c(F)c2C)s1	0.021416
rxn:5:196979:228888:229177	N#Cc1cc(-c2cc(-c3c(F)cncc3F)cc(N3CCCCC3)c2)c(F)cn1	0.021413
rxn:5:181076:228888:228381	CSc1cc(-c2cc(C#N)ncc2F)cc(-c2c(F)cc(C#N)cc2F)c1	0.021405
rxn:5:181076:228888:228375	CSc1cc(-c2cc(C#N)ncc2F)cc(-c2c(F)ccc(C#N)c2F)c1	0.021405
rxn:5:199106:229296:223342	Cc1c(-c2cnn(C)c2)ccc2nccc(-c3ccc4c(c3)OCCN4)c12	0.021399
rxn:5:196082:229270:223164	CC(C)c1nc(-c2cc(F)c(F)c(NC3CC3)c2)ccc1-c1cnc(C#N)s1	0.021397
rxn:5:195522:229270:226427	CCc1cc(-c2cc(N3CCC(C)CC3)cs2)c(-c2cnc(C#N)s2)cn1	0.021389
rxn:5:199106:223466:228159	CCOc1cc(-c2ccnc3ccc(-c4cn[nH]c4)c(C)c23)ccc1F	0.021388
rxn:5:199106:223466:228171	CCOc1ccc(-c2ccnc3ccc(-c4cn[nH]c4)c(C)c23)cc1F	0.021388
rxn:5:181071:228977:228812	COc1cccc(-c2c(F)cccc2SC)c1-c1ccc2c(c1)CC2	0.021385
rxn:5:181071:228977:228800	COc1cccc(-c2cc(F)ccc2SC)c1-c1ccc2c(c1)CC2	0.021385
rxn:5:181071:228977:228805	COc1cccc(-c2cccc(SC)c2F)c1-c1ccc2c(c1)CC2	0.021385
rxn:5:181071:228977:228811	COc1cccc(-c2cc(SC)ccc2F)c1-c1ccc2c(c1)CC2	0.021385
rxn:5:181071:228977:228792	COc1cccc(-c2ccc(SC)c(F)c2)c1-c1ccc2c(c1)CC2	0.021385
rxn:5:181071:228977:228798	COc1cccc(-c2ccc(F)c(SC)c2)c1-c1ccc2c(c1)CC2	0.021385
rxn:5:181071:228977:228801	COc1cccc(-c2ccc(F)cc2SC)c1-c1ccc2c(c1)CC2	0.021385
rxn:5:181071:228977:228791	COc1cccc(-c2ccc(SC)cc2F)c1-c1ccc2c(c1)CC2	0.021385
rxn:5:191499:223183:229270	CNS(=O)(=O)c1ccc(-c2ccc(C(=O)OC)c(-c3cnc(C#N)s3)n2)c(C)c1	0.021380
rxn:5:198513:229270:228202	CN(C)c1cc(-c2cc3[nH]ccc3cc2-c2cnc(C#N)s2)ccc1F	0.021372
rxn:5:198417:229270:229023	Cc1cc(C)c(-c2ccnc3cc(-c4cnc(C#N)s4)sc23)cn1	0.021371
rxn:5:196189:228616:229270	CSc1ccc(-c2ccc(C3=NCCO3)cc2-c2cnc(C#N)s2)c(C)c1	0.021363
rxn:5:195324:226413:229057	CSc1ccc(-c2cccc(N3CCOCC3)c2)c(-c2cnn(C3CC3)c2)n1	0.021359
rxn:5:195463:226412:229211	Cc1cc(-c2cc(F)cc(N3CCCC3)c2)c(-c2cccnc2C)cc1C#N	0.021348
rxn:5:196189:226322:229270	Cc1cc(C(=O)N(C)C)ccc1-c1ccc(C2=NCCO2)cc1-c1cnc(C#N)s1	0.021348
rxn:5:179197:223466:227651	c1csc(-c2cncc(-c3cc(-c4cn[nH]c4)ccc3OC3CC3)c2)n1	0.021345
rxn:5:199106:223466:228505	CCCc1ccc(-c2ccnc3ccc(-c4cn[nH]c4)c(C)c23)cc1	0.021339
rxn:5:189407:229270:223263	CNC(=O)c1ccc(F)c(-c2cc(CN(C)C3CC3)ccc2-c2cnc(C#N)s2)c1	0.021335
rxn:5:195463:227670:229270	Cc1cc(-c2cc(F)cc(C(C)(F)F)c2)c(-c2cnc(C#N)s2)cc1C#N	0.021331
rxn:5:196098:229009:228574	Cc1ccc(-c2cc(-c3cc(C4CC4)cs3)cc(N(C)C)c2)c(C#N)c1	0.021328
rxn:5:195522:229270:228351	CCc1cc(-c2cc(-n3ccnc3)cs2)c(-c2cnc(C#N)s2)cn1	0.021327
rxn:5:195522:229270:228355	CCc1cc(-c2cc(-n3cccn3)cs2)c(-c2cnc(C#N)s2)cn1	0.021327
rxn:5:198417:227203:223462	Cc1cc(-c2ccnc3cc(-c4ccc5c(c4)OCCCO5)sc23)n[nH]1	0.021324
rxn:5:179400:229272:228733	COc1ncc(-c2cc(C(=O)C3CC3)ccc2-c2cnc(C)cc2OC)s1	0.021314
rxn:5:195651:229272:223000	COc1ncc(-c2cc(S(C)(=O)=O)cnc2-c2ccc(C3CCCNC3)c(F)c2)s1	0.021305
rxn:5:181076:228888:228337	CCOc1cc(F)c(-c2cc(SC)cc(-c3cc(C#N)ncc3F)c2)cn1	0.021300
rxn:5:195463:226159:229270	Cc1cc(-c2cccc(N3CCCCC3)c2)c(-c2cnc(C#N)s2)cc1C#N	0.021298
rxn:5:195463:226164:229270	Cc1cc(-c2ccc(N3CCCCC3)cc2)c(-c2cnc(C#N)s2)cc1C#N	0.021298
rxn:5:198911:229270:228312	COc1cnc(C#N)cc1-c1cc2c(C)c[nH]c2cc1-c1cnc(C#N)s1	0.021291
rxn:5:198417:229270:228897	COc1ncc(F)cc1-c1ccnc2cc(-c3cnc(C#N)s3)sc12	0.021291
rxn:5:198417:229270:228896	COc1ncc(-c2ccnc3cc(-c4cnc(C#N)s4)sc23)cc1F	0.021291
rxn:5:198417:229270:228913	COc1nccc(-c2ccnc3cc(-c4cnc(C#N)s4)sc23)c1F	0.021291
rxn:5:198417:229270:228933	COc1cc(F)c(-c2ccnc3cc(-c4cnc(C#N)s4)sc23)cn1	0.021291
rxn:5:198417:229270:228908	COc1cc(-c2ccnc3cc(-c4cnc(C#N)s4)sc23)c(F)cn1	0.021291
rxn:5:198417:229270:228927	COc1nccc(F)c1-c1ccnc2cc(-c3cnc(C#N)s3)sc12	0.021291
rxn:5:199106:223462:228573	Cc1cc(-c2ccc3nccc(-c4ccc(C#N)cc4C)c3c2C)n[nH]1	0.021289
rxn:5:182637:229270:228770	COc1c(C)cncc1-c1cc2ccoc2cc1-c1cnc(C#N)s1	0.021271
rxn:5:195435:229338:228615	CSc1ccc(C)cc1-c1cc(C(C)=O)nc(-c2ccns2)c1	0.021264
rxn:5:195324:226335:229057	CSc1ccc(-c2ccc(C3COC3)c(C#N)c2)c(-c2cnn(C3CC3)c2)n1	0.021258
rxn:5:195324:227034:228878	CSc1ccc(-c2c(C#N)cccc2C2CC2)c(-c2cnn(C3COC3)c2)n1	0.021258
rxn:5:192571:229338:223320	Cc1cc(-c2c(C(=O)N3CCC3)cccc2-c2ccns2)c2cn[nH]c2c1	0.021256
rxn:5:181417:226412:229270	COc1cc(-c2cnc(C#N)s2)c(C)cc1-c1cc(F)cc(N2CCCC2)c1	0.021250
rxn:5:181403:226412:229270	COc1cc(C)c(-c2cc(F)cc(N3CCCC3)c2)cc1-c1cnc(C#N)s1	0.021250
rxn:5:195463:226412:229272	COc1ncc(-c2cc(C#N)c(C)cc2-c2cc(F)cc(N3CCCC3)c2)s1	0.021250
rxn:5:181420:229270:226412	COc1cc(C)cc(-c2cnc(C#N)s2)c1-c1cc(F)cc(N2CCCC2)c1	0.021250
rxn:5:181414:226412:229270	COc1cc(-c2cnc(C#N)s2)c(-c2cc(F)cc(N3CCCC3)c2)cc1C	0.021250
rxn:5:198417:226466:223462	Cc1cc(-c2ccnc3cc(-c4ccc5c(c4)OCC(=O)N5C)sc23)n[nH]1	0.021245
rxn:5:198417:226469:223462	Cc1cc(-c2ccnc3cc(-c4ccc5c(c4)N(C)C(=O)CO5)sc23)n[nH]1	0.021245
rxn:5:192073:229338:223320	COC(=O)c1cc(-c2ccns2)c(C)nc1-c1cc(C)cc2[nH]ncc12	0.021245
rxn:5:195522:228606:229088	CCc1ccc(F)c(-c2cnc(CC)cc2-c2cc(C(C)=O)cs2)c1	0.021242
rxn:5:181076:228204:229177	CSc1cc(-c2cc(C)cc(C#N)c2F)cc(-c2c(F)cncc2F)c1	0.021237
rxn:5:181076:228215:229177	CSc1cc(-c2ccc(C)c(C#N)c2F)cc(-c2c(F)cncc2F)c1	0.021237
rxn:5:181076:228888:228824	CSc1cc(-c2cc(C#N)ncc2F)cc(-c2c(F)cc(C)cc2F)c1	0.021237
rxn:5:181076:228888:228840	CSc1cc(-c2cc(C#N)ncc2F)cc(-c2c(F)ccc(F)c2C)c1	0.021237
rxn:5:181076:228888:228833	CSc1cc(-c2cc(C#N)ncc2F)cc(-c2c(F)ccc(C)c2F)c1	0.021237
rxn:5:195460:229065:228651	Cc1cc(-c2ccnc(C#N)c2)cc(-c2cnn3ccccc23)c1C#N	0.021230
rxn:5:195322:228990:223411	CCCc1ccc(-c2c(-c3cc4cccnc4[nH]3)ccnc2OC)s1	0.021229
rxn:5:195330:228990:223411	CCCc1ccc(-c2nccc(-c3cc4cccnc4[nH]3)c2OC)s1	0.021229
rxn:5:195313:228990:223411	CCCc1ccc(-c2cc(-c3cc4cccnc4[nH]3)cc(OC)n2)s1	0.021229
rxn:5:182498:229296:226200	Cc1c(-c2ccc3c(c2)ncn3C(C)C)cccc1-c1cnn(C)c1	0.021206
rxn:5:182505:229296:226200	Cc1ccc(-c2cnn(C)c2)c(-c2ccc3c(c2)ncn3C(C)C)c1	0.021206
rxn:5:198417:223251:229251	Cc1cc(-c2ccnc3cc(-c4ccc5c(c4)OCC(=O)N5)sc23)ncn1	0.021204
rxn:5:198417:223251:229250	Cc1cncc(-c2ccnc3cc(-c4ccc5c(c4)OCC(=O)N5)sc23)n1	0.021204
rxn:5:196189:223395:229270	N#Cc1ncc(-c2cc(C3=NCCO3)ccc2-c2cccc3[nH]ccc23)s1	0.021197
rxn:5:198417:223216:223462	Cc1cc(-c2ccnc3cc(-c4ccc5c(c4)CCC(=O)N5)sc23)n[nH]1	0.021190
rxn:5:198417:223215:223462	Cc1cc(-c2ccnc3cc(-c4ccc5c(c4)NC(=O)CC5)sc23)n[nH]1	0.021190
rxn:5:180096:229344:228516	CCc1cc(C)cc(-c2cc(-c3cocn3)ccc2OC2CCCC2)c1	0.021189
rxn:5:192478:228411:229311	CCC(C)c1ccnc(-c2cnc(C)s2)c1-c1ccc(OC)c(F)c1F	0.021187
rxn:5:195460:229065:226769	COC(=O)c1cc(F)c(F)c(-c2cc(-c3ccnc(C#N)c3)cc(C)c2C#N)c1	0.021183
rxn:5:195460:225803:229272	COc1ncc(-c2cc(-c3ccnc(OC4CCOCC4)c3)cc(C)c2C#N)s1	0.021179
rxn:5:195324:227034:228974	CSc1ccc(-c2c(C#N)cccc2C2CC2)c(-c2cnn(S(C)(=O)=O)c2)n1	0.021179
rxn:5:199106:223464:229031	Cc1ccc(-c2ccnc3ccc(-c4cc[nH]c4)c(C)c23)c(F)c1	0.021174
rxn:5:176753:229270:228630	CCCOc1ccc(-c2cc(F)cc(CC)c2)cc1-c1cnc(C#N)s1	0.021172
rxn:5:191556:226412:229270	COc1cc(-c2cc(F)cc(N3CCCC3)c2)c(-c2cnc(C#N)s2)cc1C#N	0.021169
rxn:5:191553:226412:229270	COc1cc(-c2cnc(C#N)s2)c(-c2cc(F)cc(N3CCCC3)c2)cc1C#N	0.021169
rxn:5:195795:227034:229057	N#Cc1cccc(C2CC2)c1-c1cnc(-c2cnn(C3CC3)c2)cc1C1CC1	0.021167
rxn:5:198620:223464:229014	CC(C)c1ccc(-c2ccnc3ccc(-c4cc[nH]c4)cc23)s1	0.021167
rxn:5:181282:229270:227357	CCC(=O)c1cc(-c2ccc(CC)cc2-c2cnc(C#N)s2)ccc1F	0.021166
rxn:5:176753:228338:229308	CCCOc1ccc(-c2cc(C)no2)cc1-c1cnc(OC2CCC2)s1	0.021153
rxn:5:176859:228381:229311	COC(=O)c1cc(OC)c(-c2c(F)cc(C#N)cc2F)cc1-c1cnc(C)s1	0.021150
rxn:5:181323:229270:226412	CS(=O)(=O)c1ccc(-c2cnc(C#N)s2)cc1-c1cc(F)cc(N2CCCC2)c1	0.021146
rxn:5:182506:229270:226867	Cc1cccc(-c2cnc(C#N)s2)c1-c1c(F)cccc1OC(F)(F)F	0.021146
rxn:5:179197:226580:229270	CN(C)C(=O)c1ccc(F)c(-c2ccc(OC3CC3)c(-c3cnc(C#N)s3)c2)c1	0.021145
rxn:5:179197:226579:229270	CN(C)C(=O)c1cc(F)cc(-c2ccc(OC3CC3)c(-c3cnc(C#N)s3)c2)c1	0.021145
rxn:5:181076:227867:229177	CSc1cc(-c2cccc3c2OCCC3)cc(-c2c(F)cncc2F)c1	0.021142
rxn:5:176594:228381:229265	CC(=O)COc1ccc(-c2c(F)cc(C#N)cc2F)c(-c2sc(C)nc2C)c1	0.021133
rxn:5:189079:229272:228821	CCN(C)C(=O)c1ccc(-c2ccc(C)c(F)c2F)c(-c2cnc(OC)s2)c1	0.021132
rxn:5:195435:229317:223320	CC(=O)c1cc(-c2cc(C)cc3[nH]ncc23)cc(-c2ccc(F)s2)n1	0.021130
rxn:5:198417:229270:228728	COc1ncc(-c2ccnc3cc(-c4cnc(C#N)s4)sc23)cc1C	0.021124
rxn:5:198417:229270:228748	COc1cc(C)c(-c2ccnc3cc(-c4cnc(C#N)s4)sc23)cn1	0.021124
rxn:5:198417:229270:228764	COc1nccc(-c2ccnc3cc(-c4cnc(C#N)s4)sc23)c1C	0.021124
rxn:5:198417:229270:228737	COc1ccc(-c2ccnc3cc(-c4cnc(C#N)s4)sc23)c(C)n1	0.021124
rxn:5:198417:229270:228755	COc1cncc(-c2ccnc3cc(-c4cnc(C#N)s4)sc23)c1C	0.021124
rxn:5:198417:229270:228736	COc1nc(C)ccc1-c1ccnc2cc(-c3cnc(C#N)s3)sc12	0.021124
rxn:5:198417:229270:228727	COc1ncc(C)cc1-c1ccnc2cc(-c3cnc(C#N)s3)sc12	0.021124
rxn:5:198417:229270:228733	COc1cc(C)ncc1-c1ccnc2cc(-c3cnc(C#N)s3)sc12	0.021124
rxn:5:198417:229270:228739	COc1cc(-c2ccnc3cc(-c4cnc(C#N)s4)sc23)c(C)cn1	0.021124
rxn:5:198417:229270:228757	COc1cnc(C)cc1-c1ccnc2cc(-c3cnc(C#N)s3)sc12	0.021124
rxn:5:198417:229270:228734	COc1nccc(C)c1-c1ccnc2cc(-c3cnc(C#N)s3)sc12	0.021124
rxn:5:198417:229270:228761	COc1cc(-c2ccnc3cc(-c4cnc(C#N)s4)sc23)cnc1C	0.021124
rxn:5:198417:229270:228770	COc1c(C)cncc1-c1ccnc2cc(-c3cnc(C#N)s3)sc12	0.021124
rxn:5:196189:223183:229121	CNS(=O)(=O)c1ccc(-c2ccc(C3=NCCO3)cc2-c2cncc(F)c2C)c(C)c1	0.021121
rxn:5:199106:229296:228722	Cc1c(C#N)cncc1-c1ccnc2ccc(-c3cnn(C)c3)c(C)c12	0.021120
rxn:5:198655:223251:223462	Cc1cc(-c2ccc3c(-c4ccc5c(c4)OCC(=O)N5)ccnc3c2)n[nH]1	0.021119
rxn:5:198686:223251:223462	Cc1cc(-c2cc(-c3ccc4c(c3)OCC(=O)N4)cc3ncccc23)n[nH]1	0.021119
rxn:5:198620:223251:223462	Cc1cc(-c2ccnc3ccc(-c4ccc5c(c4)OCC(=O)N5)cc23)n[nH]1	0.021119
rxn:5:198622:223251:223462	Cc1cc(-c2ccnc3cc(-c4ccc5c(c4)OCC(=O)N5)ccc23)n[nH]1	0.021119
rxn:5:198679:223251:223462	Cc1cc(-c2ccnc3cccc(-c4ccc5c(c4)OCC(=O)N5)c23)n[nH]1	0.021119
rxn:5:198646:223251:223462	Cc1cc(-c2ccc3nccc(-c4ccc5c(c4)OCC(=O)N5)c3c2)n[nH]1	0.021119
rxn:5:198653:223251:223462	Cc1cc(-c2cccc3nccc(-c4ccc5c(c4)OCC(=O)N5)c23)n[nH]1	0.021119
rxn:5:198667:223251:223462	Cc1cc(-c2cc3ncccc3cc2-c2ccc3c(c2)OCC(=O)N3)n[nH]1	0.021119
rxn:5:195460:229065:223318	Cc1cc2c(-c3cc(-c4ccnc(C#N)c4)cc(C)c3C#N)ccnc2[nH]1	0.021116
rxn:5:179553:229270:223263	CCc1cc(SC)c(-c2cc(C(=O)NC)ccc2F)c(-c2cnc(C#N)s2)c1	0.021111
rxn:5:199106:223462:227684	Cc1cc(-c2ccc3nccc(-c4cnn(CC5OCCO5)c4)c3c2C)n[nH]1	0.021101
rxn:5:177734:223251:223462	Cc1cc(-c2cc(C(=O)OC(C)C)c(C)cc2-c2ccc3c(c2)OCC(=O)N3)n[nH]1	0.021098
rxn:5:199106:229296:228710	Cc1c(-c2cnn(C)c2)ccc2nccc(-c3cnc(C(C)C)nc3)c12	0.021096
rxn:5:199106:223462:228496	Cc1cc(-c2ccc3nccc(-c4cnn(CC(F)(F)F)c4)c3c2C)n[nH]1	0.021090
rxn:5:182650:223251:223462	Cc1cc(-c2cccc3cc(-c4ccc5c(c4)OCC(=O)N5)sc23)n[nH]1	0.021090
rxn:5:198620:223464:228210	c1cc(-c2ccc(N3CCCC3)s2)c2cc(-c3cc[nH]c3)ccc2n1	0.021084
rxn:5:196669:229270:229088	CC(=O)c1csc(-c2cc(C3CCCC3)ncc2-c2cnc(C#N)s2)c1	0.021082
rxn:5:195463:225833:229270	Cc1cc(-c2ccnc(N3CCCCC3)c2F)c(-c2cnc(C#N)s2)cc1C#N	0.021079
rxn:5:195463:225834:229270	Cc1cc(-c2cc(N3CCCCC3)ncc2F)c(-c2cnc(C#N)s2)cc1C#N	0.021079
rxn:5:195463:225849:229270	Cc1cc(-c2cnc(N3CCCCC3)cc2F)c(-c2cnc(C#N)s2)cc1C#N	0.021079
rxn:5:188396:229338:223320	CCOC(=O)c1cc(-c2ccns2)nc(-c2cc(C)cc3[nH]ncc23)c1	0.021079
rxn:5:199106:223466:228858	Cc1c(-c2cn[nH]c2)ccc2nccc(-c3ccc4nonc4c3)c12	0.021077
rxn:5:179840:228323:229311	CCOc1nccc(-c2ccc(O[C@@H]3CCOC3)cc2-c2cnc(C)s2)c1F	0.021068
rxn:5:196189:227816:229270	CCCc1ccc(-c2ccc(C3=NCCO3)cc2-c2cnc(C#N)s2)c(C)c1	0.021068
rxn:5:176753:226734:229308	CCCOc1ccc(-c2cc(C)no2)cc1-c1cccc(S(=O)(=O)N(C)C)c1	0.021045
rxn:5:196858:228411:229311	COc1ccc(-c2cnc(C3CCOCC3)cc2-c2cnc(C)s2)c(F)c1F	0.021043
rxn:5:198417:223251:229310	Cc1nc(-c2ccnc3cc(-c4ccc5c(c4)OCC(=O)N5)sc23)cs1	0.021038
rxn:5:181071:223341:228435	COc1cccc(-c2c(SC)ccc(F)c2F)c1-c1ccc2c(c1)CC(=O)N2	0.021035
rxn:5:181071:223343:228435	COc1cccc(-c2c(SC)ccc(F)c2F)c1-c1ccc2c(c1)NC(=O)C2	0.021035
rxn:5:182953:229270:228332	COc1cc(SC)c(-c2ccc3c(c2-c2cnc(C#N)s2)OCCC3=O)cn1	0.021034
rxn:5:198513:229270:228397	COc1cc(-c2cc3[nH]ccc3cc2-c2cnc(C#N)s2)cc(F)c1F	0.021031
rxn:5:198513:229270:228399	COc1c(F)cc(-c2cc3[nH]ccc3cc2-c2cnc(C#N)s2)cc1F	0.021031
rxn:5:198620:223464:226334	Cc1cc(C(=O)N(C)C)cc(-c2ccnc3ccc(-c4cc[nH]c4)cc23)c1	0.021026
rxn:5:181071:228977:227545	CCOc1ccc(F)c(-c2cccc(OC)c2-c2ccc3c(c2)CC3)c1F	0.021025
rxn:5:181071:228977:227582	CCOc1c(-c2cccc(OC)c2-c2ccc3c(c2)CC3)ccc(F)c1F	0.021025
rxn:5:181071:228977:227548	CCOc1ccc(F)c(F)c1-c1cccc(OC)c1-c1ccc2c(c1)CC2	0.021025
rxn:5:179400:229272:223242	COc1ncc(-c2cc(C(=O)C3CC3)ccc2-c2ccnc(C3CCNC3)c2)s1	0.021024
rxn:5:179400:229272:223240	COc1ncc(-c2cc(C(=O)C3CC3)ccc2-c2ccc(C3CCNC3)nc2)s1	0.021024
rxn:5:179400:229272:223241	COc1ncc(-c2cc(C(=O)C3CC3)ccc2-c2cncc(C3CCNC3)c2)s1	0.021024
rxn:5:179545:228411:229311	COc1ccc(-c2ccc(CC3CC3)cc2-c2cnc(C)s2)c(F)c1F	0.021024
rxn:5:179544:229272:228821	COc1ncc(-c2cc(CC3CC3)ccc2-c2ccc(C)c(F)c2F)s1	0.021024
rxn:5:199106:223466:227915	CCOc1ccc(-c2ccnc3ccc(-c4cn[nH]c4)c(C)c23)cc1C	0.021012
rxn:5:199106:223466:227928	CCOc1cc(-c2ccnc3ccc(-c4cn[nH]c4)c(C)c23)ccc1C	0.021012
rxn:5:179400:229272:228989	COc1ncc(-c2cc(C(=O)C3CC3)ccc2-c2c(C)cccc2C)s1	0.021010
rxn:5:179400:229272:228984	COc1ncc(-c2cc(C(=O)C3CC3)ccc2-c2cc(C)ccc2C)s1	0.021010
rxn:5:179400:229272:228985	COc1ncc(-c2cc(C(=O)C3CC3)ccc2-c2ccc(C)cc2C)s1	0.021010
rxn:5:179400:229272:228986	COc1ncc(-c2cc(C(=O)C3CC3)ccc2-c2cccc(C)c2C)s1	0.021010
rxn:5:179400:229272:228988	COc1ncc(-c2cc(C(=O)C3CC3)ccc2-c2ccc(C)c(C)c2)s1	0.021010
rxn:5:198513:229270:228376	N#Cc1ncc(-c2cc3cc[nH]c3cc2-c2cc(F)c(C#N)c(F)c2)s1	0.021010
rxn:5:196189:227330:229270	COC(=O)c1ccc(-c2ccc(C3=NCCO3)cc2-c2cnc(C#N)s2)c(C)c1	0.021003
rxn:5:196189:223183:229272	CNS(=O)(=O)c1ccc(-c2ccc(C3=NCCO3)cc2-c2cnc(OC)s2)c(C)c1	0.021000
rxn:5:181076:228888:228123	CCOc1cncc(C)c1-c1cc(SC)cc(-c2cc(C#N)ncc2F)c1	0.020990
rxn:5:179840:228157:229311	COc1ccc(-c2ccc(O[C@@H]3CCOC3)cc2-c2cnc(C)s2)c(OC)c1	0.020989
rxn:5:179840:228155:229311	COc1ccc(-c2ccc(O[C@@H]3CCOC3)cc2-c2cnc(C)s2)cc1OC	0.020989
rxn:5:179840:228156:229311	COc1ccc(OC)c(-c2ccc(O[C@@H]3CCOC3)cc2-c2cnc(C)s2)c1	0.020989
rxn:5:179840:228148:229311	COc1cccc(-c2ccc(O[C@@H]3CCOC3)cc2-c2cnc(C)s2)c1OC	0.020989
rxn:5:179840:228154:229311	COc1cccc(OC)c1-c1ccc(O[C@@H]2CCOC2)cc1-c1cnc(C)s1	0.020989
rxn:5:195463:226925:229270	Cc1cc(-c2cc(C3CC3)cc(C)c2C)c(-c2cnc(C#N)s2)cc1C#N	0.020988
rxn:5:179840:227432:229311	Cc1ncc(-c2cc(O[C@@H]3CCOC3)ccc2-c2ccc(C3COC3)nc2C)s1	0.020988
rxn:5:181425:229272:223000	COc1ncc(-c2ccc(-c3ccc(C4CCCNC4)c(F)c3)c(C)c2OC)s1	0.020986
rxn:5:181414:229272:223000	COc1ncc(-c2cc(C)c(OC)cc2-c2ccc(C3CCCNC3)c(F)c2)s1	0.020986
rxn:5:195460:225925:229272	COc1ncc(-c2cc(-c3cc(S(=O)(=O)N(C)C)ccc3C)cc(C)c2C#N)s1	0.020985
rxn:5:195463:225620:229270	Cc1cc(-c2ccc(OC3CCOCC3)cc2)c(-c2cnc(C#N)s2)cc1C#N	0.020984
rxn:5:198513:229270:228846	Cc1cc(-c2cc3[nH]ccc3cc2-c2cnc(C#N)s2)cc(F)c1F	0.020975
rxn:5:198513:229270:228829	Cc1c(F)cc(-c2cc3[nH]ccc3cc2-c2cnc(C#N)s2)cc1F	0.020975
rxn:5:195450:228127:223271	COc1cccc(C#N)c1-c1c(C(C)=O)ccnc1-c1ccc(F)c(NC(C)=O)c1	0.020965
rxn:5:195463:225655:229270	Cc1cc(-c2cncc(N3CCC(C)CC3)c2)c(-c2cnc(C#N)s2)cc1C#N	0.020960
rxn:5:195463:225652:229270	Cc1cc(-c2cncc(N3CCCC(C)C3)c2)c(-c2cnc(C#N)s2)cc1C#N	0.020960
rxn:5:195324:227988:229057	CSc1ccc(-c2cccc(C3CC3)c2F)c(-c2cnn(C3CC3)c2)n1	0.020947
rxn:5:195324:228020:229057	CSc1ccc(-c2c(F)cccc2C2CC2)c(-c2cnn(C3CC3)c2)n1	0.020947
rxn:5:195324:228007:229057	CSc1ccc(-c2cc(F)ccc2C2CC2)c(-c2cnn(C3CC3)c2)n1	0.020947
rxn:5:195324:228009:229057	CSc1ccc(-c2ccc(C3CC3)c(F)c2)c(-c2cnn(C3CC3)c2)n1	0.020947
rxn:5:198911:229270:229008	Cc1c[nH]c2cc(-c3cnc(C#N)s3)c(-c3ccc(CF)cc3)cc12	0.020947
rxn:5:181417:227034:229057	COc1cc(-c2cnn(C3CC3)c2)c(C)cc1-c1c(C#N)cccc1C1CC1	0.020947
rxn:5:181282:229270:227108	CCc1ccc(-c2cc(C3CCC3)ccc2F)c(-c2cnc(C#N)s2)c1	0.020943
rxn:5:195522:227452:229088	CCc1cc(-c2cc(C(C)=O)cs2)c(-c2cccc(C3OCCO3)c2)cn1	0.020942
rxn:5:178992:228381:229311	CCSc1ccc(-c2c(F)cc(C#N)cc2F)c(-c2cnc(C)s2)c1	0.020934
rxn:5:181071:228977:228615	COc1cccc(-c2cc(C)ccc2SC)c1-c1ccc2c(c1)CC2	0.020934
rxn:5:181071:228977:228621	COc1cccc(-c2ccc(C)cc2SC)c1-c1ccc2c(c1)CC2	0.020934
rxn:5:181071:228977:228624	COc1cccc(-c2ccc(C)c(SC)c2)c1-c1ccc2c(c1)CC2	0.020934
rxn:5:181071:228977:228620	COc1cccc(-c2ccc(SC)c(C)c2)c1-c1ccc2c(c1)CC2	0.020934
rxn:5:179193:229270:228332	COc1cc(SC)c(-c2cc(OC)c(OC)cc2-c2cnc(C#N)s2)cn1	0.020931
rxn:5:198911:229270:228325	COc1cc(OC)c(-c2cc3c(C)c[nH]c3cc2-c2cnc(C#N)s2)cn1	0.020916
rxn:5:198911:229270:228324	COc1cc(-c2cc3c(C)c[nH]c3cc2-c2cnc(C#N)s2)c(OC)cn1	0.020916
rxn:5:198911:229270:228326	COc1cc(-c2cc3c(C)c[nH]c3cc2-c2cnc(C#N)s2)cc(OC)n1	0.020916
rxn:5:198911:229270:228313	COc1ccc(-c2cc3c(C)c[nH]c3cc2-c2cnc(C#N)s2)c(OC)n1	0.020916
rxn:5:198911:229270:228327	COc1cc(-c2cc3c(C)c[nH]c3cc2-c2cnc(C#N)s2)cnc1OC	0.020916
rxn:5:195460:225576:229272	COc1ncc(-c2cc(-c3ccc(N4CCCC4)c(C#N)c3)cc(C)c2C#N)s1	0.020909
rxn:5:195463:225611:229270	COc1cc(N2CCCC2)ccc1-c1cc(C)c(C#N)cc1-c1cnc(C#N)s1	0.020909
rxn:5:198620:223464:228140	CC(c1ccc(-c2ccnc3ccc(-c4cc[nH]c4)cc23)s1)N(C)C	0.020894
rxn:5:199106:223462:228103	Cc1cc(-c2ccc3nccc(-c4cnc(CC(C)C)nc4)c3c2C)n[nH]1	0.020892
rxn:5:180096:229344:223018	CC1(C)Oc2ccc(-c3cc(-c4cocn4)ccc3OC3CCCC3)cc2NC1=O	0.020892
rxn:5:191507:227034:229057	COC(=O)c1ccc(-c2c(C#N)cccc2C2CC2)c(-c2cnn(C3CC3)c2)n1	0.020891
rxn:5:199106:223462:228322	CCOc1ncc(-c2ccnc3ccc(-c4cc(C)[nH]n4)c(C)c23)cc1F	0.020891
rxn:5:198525:228411:229311	COc1ccc(-c2ccc3cc[nH]c3c2-c2cnc(C)s2)c(F)c1F	0.020889
rxn:5:198620:223464:226662	CN1CCN(c2ccc(-c3ccnc4ccc(-c5cc[nH]c5)cc34)s2)CC1	0.020888
rxn:5:179400:229159:228821	COc1ncc(-c2cc(C(=O)C3CC3)ccc2-c2ccc(C)c(F)c2F)cn1	0.020886
rxn:5:179400:229162:228821	COc1cnc(-c2cc(C(=O)C3CC3)ccc2-c2ccc(C)c(F)c2F)cn1	0.020886
rxn:5:179400:229161:228821	COc1ncncc1-c1cc(C(=O)C2CC2)ccc1-c1ccc(C)c(F)c1F	0.020886
rxn:5:195460:226844:229272	COc1ncc(-c2cc(-c3ccnc(C(=O)C(F)(F)F)c3)cc(C)c2C#N)s1	0.020885
rxn:5:181282:229270:227102	CCc1ccc(-c2cc(C(C)(C)C)ccc2F)c(-c2cnc(C#N)s2)c1	0.020882
rxn:5:182841:229272:223000	COc1ncc(-c2cc3c(cc2-c2ccc(C4CCCNC4)c(F)c2)CCC3=O)s1	0.020875
rxn:5:196189:223183:229231	CCc1ncc(-c2cc(C3=NCCO3)ccc2-c2ccc(S(=O)(=O)NC)cc2C)s1	0.020873
rxn:5:181282:229270:226085	CCc1ccc(-c2ccc3c(c2)CCC(C)(C)O3)c(-c2cnc(C#N)s2)c1	0.020867
rxn:5:179840:228403:229311	COc1c(F)ccc(-c2ccc(O[C@@H]3CCOC3)cc2-c2cnc(C)s2)c1F	0.020864
rxn:5:179840:228400:229311	COc1c(-c2ccc(O[C@@H]3CCOC3)cc2-c2cnc(C)s2)ccc(F)c1F	0.020864
rxn:5:179840:228412:229311	COc1cc(-c2ccc(O[C@@H]3CCOC3)cc2-c2cnc(C)s2)c(F)cc1F	0.020864
rxn:5:179840:228397:229311	COc1cc(-c2ccc(O[C@@H]3CCOC3)cc2-c2cnc(C)s2)cc(F)c1F	0.020864
rxn:5:179840:228411:229306	COc1ccc(-c2ccc(O[C@@H]3CCOC3)cc2-c2ncc(C)s2)c(F)c1F	0.020864
rxn:5:179840:228411:229313	COc1ccc(-c2ccc(O[C@@H]3CCOC3)cc2-c2cc(C)ns2)c(F)c1F	0.020864
rxn:5:179840:228411:229310	COc1ccc(-c2ccc(O[C@@H]3CCOC3)cc2-c2csc(C)n2)c(F)c1F	0.020864
rxn:5:179840:228411:229314	COc1ccc(-c2ccc(O[C@@H]3CCOC3)cc2-c2scnc2C)c(F)c1F	0.020864
rxn:5:179840:228406:229311	COc1ccc(F)c(-c2ccc(O[C@@H]3CCOC3)cc2-c2cnc(C)s2)c1F	0.020864
rxn:5:179840:228408:229311	COc1cc(F)c(-c2ccc(O[C@@H]3CCOC3)cc2-c2cnc(C)s2)cc1F	0.020864
rxn:5:179840:228407:229311	COc1ccc(F)c(F)c1-c1ccc(O[C@@H]2CCOC2)cc1-c1cnc(C)s1	0.020864
rxn:5:179840:228395:229311	COc1cc(F)c(F)cc1-c1ccc(O[C@@H]2CCOC2)cc1-c1cnc(C)s1	0.020864
rxn:5:179840:228428:229311	COc1cc(F)c(F)c(-c2ccc(O[C@@H]3CCOC3)cc2-c2cnc(C)s2)c1	0.020864
rxn:5:188521:223397:227278	CCCOc1ncc(-c2ccc(C3(C#N)CC3)nc2)cc1-c1ccc2c(c1)CCN2	0.020863
rxn:5:188515:223397:227278	CCCOc1nccc(-c2ccc3c(c2)CCN3)c1-c1ccc(C2(C#N)CC2)nc1	0.020863
rxn:5:195324:227034:229148	CSc1ccc(-c2c(C#N)cccc2C2CC2)c(-c2cnn(CCF)c2)n1	0.020858
rxn:5:195460:226338:229272	COc1ncc(-c2cc(-c3ccnc(OC4CCCC4)c3)cc(C)c2C#N)s1	0.020849
rxn:5:181325:229272:223000	COc1ncc(-c2cc(S(C)(=O)=O)ccc2-c2ccc(C3CCCNC3)c(F)c2)s1	0.020841
rxn:5:181071:228977:227667	COc1cccc(-c2c(F)ccc(C(C)=O)c2F)c1-c1ccc2c(c1)CC2	0.020841
rxn:5:195522:229270:226155	CCc1cc(-c2cc(C(C)=O)cc(C3CC3)c2)c(-c2cnc(C#N)s2)cn1	0.020841
rxn:5:181403:228127:223271	COc1cc(C)c(-c2c(C#N)cccc2OC)cc1-c1ccc(F)c(NC(C)=O)c1	0.020837
rxn:5:177190:229270:223263	CCS(=O)(=O)Cc1ccc(-c2cc(C(=O)NC)ccc2F)c(-c2cnc(C#N)s2)c1	0.020830
rxn:5:180096:228530:229270	N#Cc1ncc(-c2cc(-c3ccc4c(c3)OCC4)ccc2OC2CCCC2)s1	0.020830
rxn:5:199106:223464:228130	Cc1c(-c2cc[nH]c2)ccc2nccc(-c3ccc(CC#N)cc3F)c12	0.020826
rxn:5:179188:229272:228821	CCC(=O)c1ccc(-c2ccc(C)c(F)c2F)c(-c2cnc(OC)s2)c1	0.020824
rxn:5:179195:229272:228821	CCC(=O)c1ccc(-c2cnc(OC)s2)c(-c2ccc(C)c(F)c2F)c1	0.020824
rxn:5:182506:229270:225944	Cc1cccc(-c2cnc(C#N)s2)c1-c1c(F)cc(F)c(OC(C)C)c1F	0.020821
rxn:5:196188:228597:229008	Cc1cccc(C#N)c1-c1cc(-c2ccc(CF)cc2)ccc1C1=NOCC1	0.020820
rxn:5:181076:228888:228649	CSc1cc(-c2cc(C#N)ncc2F)cc(-c2c(C)cc(C)cc2F)c1	0.020816
rxn:5:181076:228888:228636	CSc1cc(-c2cc(C#N)ncc2F)cc(-c2c(C)cc(F)cc2C)c1	0.020816
rxn:5:181549:229338:223320	CC(=O)c1c(C)cc(-c2ccns2)cc1-c1cc(C)cc2[nH]ncc12	0.020798
rxn:5:181550:229338:223320	CC(=O)c1cc(C)c(-c2cc(C)cc3[nH]ncc23)c(-c2ccns2)c1	0.020798
rxn:5:195435:229288:223320	CC(=O)c1cc(-c2cc(C)cc3[nH]ncc23)cc(-c2ccc(C)s2)n1	0.020798
rxn:5:195463:225634:229270	Cc1cc(-c2cnc(N3CCCCC3)c(C)c2)c(-c2cnc(C#N)s2)cc1C#N	0.020797
rxn:5:181075:229270:227668	COc1c(F)cc(-c2cccc(-c3cnc(C#N)s3)c2SC)c(C)c1F	0.020795
rxn:5:176752:228411:229311	CCCOc1ccc(-c2ccc(OC)c(F)c2F)c(-c2cnc(C)s2)c1	0.020791
rxn:5:195324:227032:229057	CSc1ccc(-c2cccc(C#N)c2C2CC2)c(-c2cnn(C3CC3)c2)n1	0.020791
rxn:5:195324:227026:229057	CSc1ccc(-c2ccc(C#N)c(C3CC3)c2)c(-c2cnn(C3CC3)c2)n1	0.020791
rxn:5:195324:227037:229057	CSc1ccc(-c2cc(C#N)ccc2C2CC2)c(-c2cnn(C3CC3)c2)n1	0.020791
rxn:5:195324:227030:229057	CSc1ccc(-c2ccc(C#N)cc2C2CC2)c(-c2cnn(C3CC3)c2)n1	0.020791
rxn:5:195324:227035:229057	CSc1ccc(-c2cc(C#N)cc(C3CC3)c2)c(-c2cnn(C3CC3)c2)n1	0.020791
rxn:5:195324:227034:229064	CSc1ccc(-c2c(C#N)cccc2C2CC2)c(-c2ccnn2C2CC2)n1	0.020791
rxn:5:195325:227034:229057	CSc1c(-c2c(C#N)cccc2C2CC2)ccnc1-c1cnn(C2CC2)c1	0.020791
rxn:5:195328:227034:229057	CSc1cnc(-c2cnn(C3CC3)c2)c(-c2c(C#N)cccc2C2CC2)c1	0.020791
rxn:5:195332:227034:229057	CSc1ccnc(-c2cnn(C3CC3)c2)c1-c1c(C#N)cccc1C1CC1	0.020791
rxn:5:195324:227033:229057	CSc1ccc(-c2ccc(C3CC3)c(C#N)c2)c(-c2cnn(C3CC3)c2)n1	0.020791
rxn:5:195324:227031:229057	CSc1ccc(-c2ccc(C3CC3)cc2C#N)c(-c2cnn(C3CC3)c2)n1	0.020791
rxn:5:195324:227036:229057	CSc1ccc(-c2cc(C3CC3)ccc2C#N)c(-c2cnn(C3CC3)c2)n1	0.020791
rxn:5:197125:223441:229270	CNc1ccccc1-c1nc2c(-c3cnc(C#N)s3)cc(OC)cc2s1	0.020787
rxn:5:180096:229344:227437	c1cc(-c2cc(-c3cocn3)ccc2OC2CCCC2)cc(C2CCCO2)n1	0.020784
rxn:5:181076:228888:227953	CSc1cc(-c2ccc(N(C)C)cc2C)cc(-c2cc(C#N)ncc2F)c1	0.020784
rxn:5:198417:223402:223462	Cc1cc(-c2ccnc3cc(-c4ccc5[nH]ncc5c4)sc23)n[nH]1	0.020783
rxn:5:198417:223403:223462	Cc1cc(-c2ccnc3cc(-c4ccc5cn[nH]c5c4)sc23)n[nH]1	0.020783
rxn:5:199106:223462:228589	Cc1cc(-c2ccc3nccc(-c4ccc(C(C)C)nc4)c3c2C)n[nH]1	0.020774
rxn:5:199106:223462:228592	Cc1cc(-c2ccc3nccc(-c4cncc(C(C)C)c4)c3c2C)n[nH]1	0.020774
rxn:5:176594:228381:229017	CC(=O)COc1ccc(-c2c(F)cc(C#N)cc2F)c(-c2cc(C)cnc2C)c1	0.020772
rxn:5:176594:228381:229021	CC(=O)COc1ccc(-c2c(F)cc(C#N)cc2F)c(-c2ccnc(C)c2C)c1	0.020772
rxn:5:176594:228381:229023	CC(=O)COc1ccc(-c2c(F)cc(C#N)cc2F)c(-c2cnc(C)cc2C)c1	0.020772
rxn:5:176594:228381:229026	CC(=O)COc1ccc(-c2c(F)cc(C#N)cc2F)c(-c2cc(C)ncc2C)c1	0.020772
rxn:5:181076:227524:229177	COc1cc(-c2cc(SC)cc(-c3c(F)cncc3F)c2)c(F)cc1C#N	0.020767
rxn:5:181076:228888:228396	COc1cc(F)c(-c2cc(SC)cc(-c3cc(C#N)ncc3F)c2)c(F)c1	0.020767
rxn:5:181076:228888:228401	COc1c(F)ccc(F)c1-c1cc(SC)cc(-c2cc(C#N)ncc2F)c1	0.020767
rxn:5:198417:223251:223456	O=C1COc2cc(-c3cc4nccc(-c5ccc(=O)[nH]n5)c4s3)ccc2N1	0.020757
rxn:5:198417:227679:223462	Cc1cc(-c2ccnc3cc(-c4ccc5c(c4)OC(F)(F)O5)sc23)n[nH]1	0.020756
rxn:5:195435:229338:227157	CC(=O)c1cc(-c2cc(C)cc3c2cnn3C)cc(-c2ccns2)n1	0.020753
rxn:5:195435:229338:227150	CC(=O)c1cc(-c2cc(C)c3c(cnn3C)c2)cc(-c2ccns2)n1	0.020753
rxn:5:196172:229270:226593	Cc1c(S(N)(=O)=O)ccc(-c2cnc(C#N)s2)c1-c1c(F)ccc(OC(C)C)c1F	0.020751
rxn:5:179400:229272:228544	COc1ncc(-c2cc(C(=O)C3CC3)ccc2-c2ccc(CC#N)cc2)s1	0.020748
rxn:5:198620:223464:228698	CCC(=O)c1ccc(-c2ccnc3ccc(-c4cc[nH]c4)cc23)s1	0.020746
rxn:5:181076:228641:229177	CSc1cc(-c2cc(C)c(C)cc2F)cc(-c2c(F)cncc2F)c1	0.020745
rxn:5:181076:228218:229177	CSc1cc(-c2cc(C3CC3)ncc2F)cc(-c2c(F)cncc2F)c1	0.020739
rxn:5:181076:228214:229177	CSc1cc(-c2cnc(C3CC3)cc2F)cc(-c2c(F)cncc2F)c1	0.020739
rxn:5:178988:229272:223000	COCc1ccc(-c2ccc(C3CCCNC3)c(F)c2)c(-c2cnc(OC)s2)c1	0.020739
rxn:5:198417:223397:223443	CNc1ccc(-c2ccnc3cc(-c4ccc5c(c4)CCN5)sc23)cn1	0.020727
rxn:5:198522:223464:223421	CNC(C)c1ccc(-c2c[nH]c3ccc(-c4cc[nH]c4)cc23)s1	0.020726
rxn:5:198527:223464:223421	CNC(C)c1ccc(-c2c[nH]c3cc(-c4cc[nH]c4)ccc23)s1	0.020726
rxn:5:198519:223464:223421	CNC(C)c1ccc(-c2ccc3[nH]cc(-c4cc[nH]c4)c3c2)s1	0.020726
rxn:5:179400:229270:228821	Cc1ccc(-c2ccc(C(=O)C3CC3)cc2-c2cnc(C#N)s2)c(F)c1F	0.020721
rxn:5:176588:229272:228821	CCOC(=O)c1ccc(-c2ccc(C)c(F)c2F)c(-c2cnc(OC)s2)c1	0.020721
rxn:5:195675:229272:223000	COc1ncc(-c2cc(S(N)(=O)=O)ccc2-c2ccc(C3CCCNC3)c(F)c2)s1	0.020714
rxn:5:176594:227512:229311	COC(=O)c1cc(-c2ccc(OCC(C)=O)cc2-c2cnc(C)s2)c(C)cn1	0.020713
rxn:5:189448:228381:229311	COC1CN(C(=O)c2ccc(-c3c(F)cc(C#N)cc3F)c(-c3cnc(C)s3)c2)C1	0.020709
rxn:5:182506:229226:226593	Cc1cccc(-c2ccc(C#N)s2)c1-c1c(F)ccc(OC(C)C)c1F	0.020708
rxn:5:182506:229230:226593	Cc1cccc(-c2cc(C#N)cs2)c1-c1c(F)ccc(OC(C)C)c1F	0.020708
rxn:5:199106:229251:229061	Cc1cc(-c2ccc3nccc(-c4cnn(C(C)C)c4)c3c2C)ncn1	0.020706
rxn:5:199106:229250:229061	Cc1cncc(-c2ccc3nccc(-c4cnn(C(C)C)c4)c3c2C)n1	0.020706
rxn:5:199106:223464:228231	Cc1c(-c2cc[nH]c2)ccc2nccc(-c3ccc(N(C)C)cc3F)c12	0.020701
rxn:5:195792:228040:229270	N#Cc1ncc(-c2c(-c3ccnc4ccncc34)cncc2C2CC2)s1	0.020699
rxn:5:191497:229270:226412	COC(=O)c1cc(-c2cc(F)cc(N3CCCC3)c2)ncc1-c1cnc(C#N)s1	0.020692
rxn:5:191502:229270:226412	COC(=O)c1cc(-c2cc(F)cc(N3CCCC3)c2)cnc1-c1cnc(C#N)s1	0.020692
rxn:5:191515:229270:226412	COC(=O)c1cc(-c2cc(F)cc(N3CCCC3)c2)c(-c2cnc(C#N)s2)cn1	0.020692
rxn:5:191501:229270:226412	COC(=O)c1ccc(-c2cc(F)cc(N3CCCC3)c2)nc1-c1cnc(C#N)s1	0.020692
rxn:5:191558:229270:226412	COC(=O)c1c(-c2cc(F)cc(N3CCCC3)c2)cncc1-c1cnc(C#N)s1	0.020692
rxn:5:191510:229270:226412	COC(=O)c1c(-c2cc(F)cc(N3CCCC3)c2)ccnc1-c1cnc(C#N)s1	0.020692
rxn:5:191512:229270:226412	COC(=O)c1cc(-c2cnc(C#N)s2)c(-c2cc(F)cc(N3CCCC3)c2)cn1	0.020692
rxn:5:191513:229270:226412	COC(=O)c1cnc(-c2cc(F)cc(N3CCCC3)c2)cc1-c1cnc(C#N)s1	0.020692
rxn:5:191552:229270:226412	COC(=O)c1ncc(-c2cc(F)cc(N3CCCC3)c2)cc1-c1cnc(C#N)s1	0.020692
rxn:5:191496:229270:226412	COC(=O)c1cnc(-c2cc(F)cc(N3CCCC3)c2)c(-c2cnc(C#N)s2)c1	0.020692
rxn:5:191516:229270:226412	COC(=O)c1ccnc(-c2cc(F)cc(N3CCCC3)c2)c1-c1cnc(C#N)s1	0.020692
rxn:5:191505:229270:226412	COC(=O)c1cnc(-c2cnc(C#N)s2)cc1-c1cc(F)cc(N2CCCC2)c1	0.020692
rxn:5:191509:229270:226412	COC(=O)c1cc(-c2cnc(C#N)s2)ncc1-c1cc(F)cc(N2CCCC2)c1	0.020692
rxn:5:191508:229270:226412	COC(=O)c1cncc(-c2cnc(C#N)s2)c1-c1cc(F)cc(N2CCCC2)c1	0.020692
rxn:5:191495:229270:226412	COC(=O)c1cc(-c2cnc(C#N)s2)cnc1-c1cc(F)cc(N2CCCC2)c1	0.020692
rxn:5:191499:229270:226412	COC(=O)c1ccc(-c2cnc(C#N)s2)nc1-c1cc(F)cc(N2CCCC2)c1	0.020692
rxn:5:191498:229270:226412	COC(=O)c1cnc(-c2cnc(C#N)s2)c(-c2cc(F)cc(N3CCCC3)c2)c1	0.020692
rxn:5:191517:229270:226412	COC(=O)c1ccnc(-c2cnc(C#N)s2)c1-c1cc(F)cc(N2CCCC2)c1	0.020692
rxn:5:191554:229270:226412	COC(=O)c1ncc(-c2cnc(C#N)s2)cc1-c1cc(F)cc(N2CCCC2)c1	0.020692
rxn:5:181071:223396:228435	COc1cccc(-c2c(SC)ccc(F)c2F)c1-c1ccc2c(c1)NCC2	0.020691
rxn:5:181071:223397:228435	COc1cccc(-c2c(SC)ccc(F)c2F)c1-c1ccc2c(c1)CCN2	0.020691
rxn:5:196086:229270:226412	CC(C)c1ccnc(-c2cc(F)cc(N3CCCC3)c2)c1-c1cnc(C#N)s1	0.020689
rxn:5:179840:228411:229270	COc1ccc(-c2ccc(O[C@@H]3CCOC3)cc2-c2cnc(C#N)s2)c(F)c1F	0.020687
rxn:5:179197:223466:228081	Fc1ccc2scc(-c3cc(-c4cn[nH]c4)ccc3OC3CC3)c2c1	0.020687
rxn:5:198125:223341:226462	CCn1cnc2cc(-c3cc(-c4ccc5c(c4)CC(=O)N5)ccn3)c(F)cc21	0.020683
rxn:5:198127:223341:226462	CCn1cnc2cc(-c3ccnc(-c4ccc5c(c4)CC(=O)N5)c3)c(F)cc21	0.020683
rxn:5:195435:229338:226060	CC(=O)c1cc(-c2cc(C3CC3)cc(C3CC3)c2)cc(-c2ccns2)n1	0.020680
rxn:5:196189:223183:229140	CNS(=O)(=O)c1ccc(-c2ccc(C3=NCCO3)cc2-c2cccc(F)c2F)c(C)c1	0.020678
rxn:5:196240:229270:228332	COc1cc(SC)c(-c2cc(-c3cnc(C#N)s3)ncc2C2CCC2)cn1	0.020676
rxn:5:182637:229270:223259	CC(=O)Nc1cc(C)c(-c2cc3ccoc3cc2-c2cnc(C#N)s2)cn1	0.020674
rxn:5:181282:227941:223263	CCc1ccc(-c2cc(C(=O)NC)ccc2F)c(-c2cc(C)cc(COC)c2)c1	0.020668
rxn:5:177000:228411:229311	CCOc1ccc(-c2ccc(OC)c(F)c2F)c(OC)c1-c1cnc(C)s1	0.020663
rxn:5:181853:228381:229311	Cc1ncc(-c2cc(C(C)(C)C)ccc2-c2c(F)cc(C#N)cc2F)s1	0.020663
rxn:5:195522:229270:227159	CCc1cc(-c2ccc(C)c3nccnc23)c(-c2cnc(C#N)s2)cn1	0.020662
rxn:5:195460:226732:229272	COc1ncc(-c2cc(-c3ccc(C#N)c(C(F)(F)F)c3)cc(C)c2C#N)s1	0.020658
rxn:5:195460:226737:229272	COc1ncc(-c2cc(-c3ccc(C(F)(F)F)c(C#N)c3)cc(C)c2C#N)s1	0.020658
rxn:5:195460:226736:229272	COc1ncc(-c2cc(-c3ccc(C(F)(F)F)cc3C#N)cc(C)c2C#N)s1	0.020658
rxn:5:178847:229270:223164	COC(=O)c1ccc(-c2cc(F)c(F)c(NC3CC3)c2)c(-c2cnc(C#N)s2)c1	0.020656
rxn:5:188391:229270:228455	CCOC(=O)c1cncc(-c2cnc(C#N)s2)c1-c1cnc(OC)nc1OC	0.020642
rxn:5:181282:229270:227079	CCc1ccc(-c2cc(CC(C)C)ccc2F)c(-c2cnc(C#N)s2)c1	0.020632
rxn:5:199106:229296:228775	COc1ccc(-c2ccnc3ccc(-c4cnn(C)c4)c(C)c23)cc1F	0.020631
rxn:5:181076:227284:229177	CSc1cc(-c2cc(C#N)ncc2C2CC2)cc(-c2c(F)cncc2F)c1	0.020630
rxn:5:181076:227285:229177	CSc1cc(-c2cc(C#N)cnc2C2CC2)cc(-c2c(F)cncc2F)c1	0.020630
rxn:5:199106:223464:223272	CNC(=O)c1ccc(-c2ccnc3ccc(-c4cc[nH]c4)c(C)c23)c(F)c1	0.020621
rxn:5:182498:223464:226695	Cc1c(-c2cc[nH]c2)cccc1-c1ccc(-c2cncs2)cc1F	0.020617
rxn:5:182505:223464:226695	Cc1ccc(-c2cc[nH]c2)c(-c2ccc(-c3cncs3)cc2F)c1	0.020617
rxn:5:182578:229009:228574	Cc1ccc(-c2ccc(-c3cc(C4CC4)cs3)c(C)c2C)c(C#N)c1	0.020615
rxn:5:195435:229338:223129	CC(=O)c1cc(-c2cn[nH]c2Cc2ccccc2)cc(-c2ccns2)n1	0.020612
rxn:5:195462:229270:226593	Cc1c(C#N)ccc(-c2cnc(C#N)s2)c1-c1c(F)ccc(OC(C)C)c1F	0.020606
rxn:5:181417:229009:228574	COc1cc(-c2ccc(C)cc2C#N)c(C)cc1-c1cc(C2CC2)cs1	0.020599
rxn:5:180096:228685:229270	COCc1cncc(-c2ccc(OC3CCCC3)c(-c3cnc(C#N)s3)c2)c1	0.020598
rxn:5:189336:228381:229311	Cc1ncc(-c2cc(C(=O)N(C)C3CC3)ccc2-c2c(F)cc(C#N)cc2F)s1	0.020598
rxn:5:188376:229270:228455	COC(=O)Cc1cnc(-c2cnc(OC)nc2OC)cc1-c1cnc(C#N)s1	0.020595
rxn:5:195792:229255:227115	Cc1cc(-c2c(-c3ccncc3F)cncc2C2CC2)c(F)cc1C1CC1	0.020592
rxn:5:195792:229263:227115	Cc1cc(-c2c(-c3cnccc3F)cncc2C2CC2)c(F)cc1C1CC1	0.020592
rxn:5:181071:229218:228435	COc1cccc(-c2c(SC)ccc(F)c2F)c1-c1cccc(F)c1	0.020590
rxn:5:181071:229217:228435	COc1cccc(-c2c(SC)ccc(F)c2F)c1-c1ccc(F)cc1	0.020590
rxn:5:195792:229063:227115	Cc1cc(-c2c(-c3ccncc3C#N)cncc2C2CC2)c(F)cc1C1CC1	0.020588
rxn:5:195792:229059:227115	Cc1cc(-c2c(-c3cnccc3C#N)cncc2C2CC2)c(F)cc1C1CC1	0.020588
rxn:5:195463:225656:229270	Cc1cc(-c2cncc(N3CCCCC3C)c2)c(-c2cnc(C#N)s2)cc1C#N	0.020584
rxn:5:195463:225633:229270	Cc1cc(-c2ccc(N3CCCCCC3)nc2)c(-c2cnc(C#N)s2)cc1C#N	0.020579
rxn:5:195463:225593:229270	Cc1cc(-c2cc(F)cc(CN3CCCC3)c2)c(-c2cnc(C#N)s2)cc1C#N	0.020578
rxn:5:195463:225590:229270	Cc1cc(-c2ccc(CN3CCCC3)c(F)c2)c(-c2cnc(C#N)s2)cc1C#N	0.020578
rxn:5:195463:225595:229270	Cc1cc(-c2ccc(F)c(CN3CCCC3)c2)c(-c2cnc(C#N)s2)cc1C#N	0.020578
rxn:5:195463:225592:229270	Cc1cc(-c2cc(F)ccc2CN2CCCC2)c(-c2cnc(C#N)s2)cc1C#N	0.020578
rxn:5:195463:225594:229270	Cc1cc(-c2ccc(F)cc2CN2CCCC2)c(-c2cnc(C#N)s2)cc1C#N	0.020578
rxn:5:198443:223466:227137	CCn1cnc2cc(-c3ccnc4scc(-c5cn[nH]c5)c34)ccc21	0.020577
rxn:5:198417:223466:227137	CCn1cnc2cc(-c3ccnc4cc(-c5cn[nH]c5)sc34)ccc21	0.020577
rxn:5:198437:223466:227137	CCn1cnc2cc(-c3ccnc4c(-c5cn[nH]c5)csc34)ccc21	0.020577
rxn:5:182643:223466:227137	CCn1cnc2cc(-c3ccc4occc4c3-c3cn[nH]c3)ccc21	0.020574
rxn:5:199089:229065:229272	COc1ncc(-c2ccnc3c(C)cc(-c4ccnc(C#N)c4)cc23)s1	0.020565
rxn:5:199059:229065:229272	COc1ncc(-c2ccc3cc(-c4ccnc(C#N)c4)cc(C)c3n2)s1	0.020565
rxn:5:195460:228023:229272	COc1ncc(-c2cc(-c3ccc4nccnc4c3)cc(C)c2C#N)s1	0.020565
rxn:5:199106:223462:227613	Cc1cc(-c2ccc3nccc(-c4cnn(C5CCOCC5)c4)c3c2C)n[nH]1	0.020561
rxn:5:198513:229270:228646	Cc1cc(-c2cc3[nH]ccc3cc2-c2cnc(C#N)s2)cc(F)c1C	0.020560
rxn:5:198513:229270:228644	Cc1cc(-c2cc3[nH]ccc3cc2-c2cnc(C#N)s2)cc(C)c1F	0.020560
rxn:5:198513:229270:228641	Cc1cc(F)c(-c2cc3[nH]ccc3cc2-c2cnc(C#N)s2)cc1C	0.020560
rxn:5:177186:229270:223263	CCOC(=O)c1cc(-c2cc(C(=O)NC)ccc2F)c(-c2cnc(C#N)s2)cc1C	0.020560
rxn:5:179197:223466:226213	COc1ncc(-c2cc(-c3cn[nH]c3)ccc2OC2CC2)c2ccccc12	0.020556
rxn:5:176594:228381:229231	CCc1ncc(-c2cc(OCC(C)=O)ccc2-c2c(F)cc(C#N)cc2F)s1	0.020555
rxn:5:178978:229270:226412	CCOc1cc(-c2cnc(C#N)s2)ccc1-c1cc(F)cc(N2CCCC2)c1	0.020547
rxn:5:198620:223464:223413	c1cc(-c2cncc3[nH]ccc23)c2cc(-c3cc[nH]c3)ccc2n1	0.020545
rxn:5:179840:228254:229311	COc1ccc(-c2ccc(O[C@@H]3CCOC3)cc2-c2cnc(C)s2)c(C)c1F	0.020543
rxn:5:179840:228272:229311	COc1c(C)ccc(-c2ccc(O[C@@H]3CCOC3)cc2-c2cnc(C)s2)c1F	0.020543
rxn:5:179840:228255:229311	COc1c(-c2ccc(O[C@@H]3CCOC3)cc2-c2cnc(C)s2)ccc(C)c1F	0.020543
rxn:5:179840:228259:229311	COc1cc(C)cc(-c2ccc(O[C@@H]3CCOC3)cc2-c2cnc(C)s2)c1F	0.020543
rxn:5:179840:228269:229311	COc1cc(-c2ccc(O[C@@H]3CCOC3)cc2-c2cnc(C)s2)c(F)cc1C	0.020543
rxn:5:179840:228271:229311	COc1cc(C)c(-c2ccc(O[C@@H]3CCOC3)cc2-c2cnc(C)s2)cc1F	0.020543
rxn:5:179840:228276:229311	COc1c(-c2ccc(O[C@@H]3CCOC3)cc2-c2cnc(C)s2)ccc(F)c1C	0.020543
rxn:5:179840:228256:229311	COc1cc(-c2ccc(O[C@@H]3CCOC3)cc2-c2cnc(C)s2)cc(C)c1F	0.020543
rxn:5:179840:228252:229311	COc1ccc(C)c(F)c1-c1ccc(O[C@@H]2CCOC2)cc1-c1cnc(C)s1	0.020543
rxn:5:179840:228277:229311	COc1ccc(F)c(C)c1-c1ccc(O[C@@H]2CCOC2)cc1-c1cnc(C)s1	0.020543
rxn:5:179840:228242:229311	COc1cc(F)c(C)cc1-c1ccc(O[C@@H]2CCOC2)cc1-c1cnc(C)s1	0.020543
rxn:5:179840:228278:229311	COc1cc(C)c(F)cc1-c1ccc(O[C@@H]2CCOC2)cc1-c1cnc(C)s1	0.020543
rxn:5:198417:223341:229226	N#Cc1ccc(-c2ccnc3cc(-c4ccc5c(c4)CC(=O)N5)sc23)s1	0.020542
rxn:5:179400:229272:223360	CNCc1cccc(-c2ccc(C(=O)C3CC3)cc2-c2cnc(OC)s2)c1F	0.020539
rxn:5:179197:223469:227138	N#Cc1ccc2cc(-c3cc(-c4cc[nH]n4)ccc3OC3CC3)sc2c1	0.020532
rxn:5:179197:223469:227141	N#Cc1ccc2sc(-c3cc(-c4cc[nH]n4)ccc3OC3CC3)cc2c1	0.020532
rxn:5:179197:223469:227139	N#Cc1cccc2sc(-c3cc(-c4cc[nH]n4)ccc3OC3CC3)cc12	0.020532
rxn:5:179197:223469:227140	N#Cc1cccc2cc(-c3cc(-c4cc[nH]n4)ccc3OC3CC3)sc12	0.020532
rxn:5:179197:223466:227138	N#Cc1ccc2cc(-c3cc(-c4cn[nH]c4)ccc3OC3CC3)sc2c1	0.020532
rxn:5:179197:223466:227141	N#Cc1ccc2sc(-c3cc(-c4cn[nH]c4)ccc3OC3CC3)cc2c1	0.020532
rxn:5:179197:223466:227139	N#Cc1cccc2sc(-c3cc(-c4cn[nH]c4)ccc3OC3CC3)cc12	0.020532
rxn:5:179197:223466:227140	N#Cc1cccc2cc(-c3cc(-c4cn[nH]c4)ccc3OC3CC3)sc12	0.020532
rxn:5:195324:227828:229057	CSc1ccc(-c2cccc(C3CC3)c2C)c(-c2cnn(C3CC3)c2)n1	0.020527
rxn:5:195324:227840:229057	CSc1ccc(-c2cccc(C)c2C2CC2)c(-c2cnn(C3CC3)c2)n1	0.020527
rxn:5:195324:227839:229057	CSc1ccc(-c2c(C)cccc2C2CC2)c(-c2cnn(C3CC3)c2)n1	0.020527
rxn:5:195324:227838:229057	CSc1ccc(-c2cc(C)ccc2C2CC2)c(-c2cnn(C3CC3)c2)n1	0.020527
rxn:5:195324:227834:229057	CSc1ccc(-c2ccc(C3CC3)c(C)c2)c(-c2cnn(C3CC3)c2)n1	0.020527
rxn:5:195324:227836:229057	CSc1ccc(-c2ccc(C)cc2C2CC2)c(-c2cnn(C3CC3)c2)n1	0.020527
rxn:5:198417:227209:223462	Cc1cc(-c2ccnc3cc(-c4ccc5c(c4)OC(C)(C)O5)sc23)n[nH]1	0.020527
rxn:5:194949:228977:228435	CSc1ccc(F)c(F)c1-c1cccc(C#N)c1-c1ccc2c(c1)CC2	0.020526
rxn:5:196189:223082:229270	CNS(=O)(=O)c1c(C)cc(-c2ccc(C3=NCCO3)cc2-c2cnc(C#N)s2)cc1C	0.020524
rxn:5:196790:229270:228455	COc1ncc(-c2ccc(N3CCOCC3=O)c(-c3cnc(C#N)s3)c2)c(OC)n1	0.020519
rxn:5:196794:229270:228455	COc1ncc(-c2ccc(-c3cnc(C#N)s3)cc2N2CCOCC2=O)c(OC)n1	0.020519
rxn:5:191515:229270:229088	COC(=O)c1cc(-c2cc(C(C)=O)cs2)c(-c2cnc(C#N)s2)cn1	0.020517
rxn:5:191501:229270:229088	COC(=O)c1ccc(-c2cc(C(C)=O)cs2)nc1-c1cnc(C#N)s1	0.020517
rxn:5:191514:229270:229088	COC(=O)c1nc(-c2cnc(C#N)s2)ccc1-c1cc(C(C)=O)cs1	0.020517
rxn:5:179840:228411:229210	COc1ccc(-c2ccc(O[C@@H]3CCOC3)cc2-c2ccc(C)nc2)c(F)c1F	0.020516
rxn:5:179197:227351:229270	COC(=O)c1c(C)cccc1-c1ccc(OC2CC2)c(-c2cnc(C#N)s2)c1	0.020511
rxn:5:196188:229270:228332	COc1cc(SC)c(-c2ccc(C3=NOCC3)c(-c3cnc(C#N)s3)c2)cn1	0.020506
rxn:5:179203:229338:223320	CCC(=O)c1cc(-c2ccns2)cc(-c2cc(C)cc3[nH]ncc23)c1	0.020506
rxn:5:179758:229344:229270	N#Cc1ncc(-c2cc(-c3cocn3)ccc2Oc2ccccc2)s1	0.020503
rxn:5:199106:229296:223295	Cc1c(-c2cnn(C)c2)ccc2nccc(-c3cncc(NS(C)(=O)=O)c3)c12	0.020502
rxn:5:179411:223466:227137	CCn1cnc2cc(-c3cc(C(=O)OC)c(C)cc3-c3cn[nH]c3)ccc21	0.020498
rxn:5:177282:228381:229311	Cc1ncc(-c2cc(COC(C)C)ccc2-c2c(F)cc(C#N)cc2F)s1	0.020495
rxn:5:198911:229270:228595	CCc1ncc(C)cc1-c1cc2c(C)c[nH]c2cc1-c1cnc(C#N)s1	0.020490
rxn:5:176594:228279:229311	CCc1cc(F)c(-c2ccc(OCC(C)=O)cc2-c2cnc(C)s2)c(F)c1	0.020485
rxn:5:179840:227518:229311	COc1ccc(-c2ccc(O[C@@H]3CCOC3)cc2-c2cnc(C)s2)c(F)c1C#N	0.020484
rxn:5:195435:229338:223149	CCOc1cc2cn[nH]c2cc1-c1cc(C(C)=O)nc(-c2ccns2)c1	0.020483
rxn:5:191341:229270:226593	CC(C)Oc1ccc(F)c(-c2c(CC#N)cccc2-c2cnc(C#N)s2)c1F	0.020482
rxn:5:195324:227306:229057	CSc1ccc(-c2ccc(OC(C)C)nc2C)c(-c2cnn(C3CC3)c2)n1	0.020481
rxn:5:196873:223183:229270	CNS(=O)(=O)c1ccc(-c2ccc(N3CCOCC3)cc2-c2cnc(C#N)s2)c(C)c1	0.020480
rxn:5:181854:229272:228821	COc1ncc(-c2cc(C(C)(C)C)ccc2-c2ccc(C)c(F)c2F)s1	0.020464
rxn:5:176993:229270:223263	CCCC(=O)c1ccc(-c2cc(C(=O)NC)ccc2F)c(-c2cnc(C#N)s2)c1	0.020463
rxn:5:188384:228597:229008	CCOC(=O)c1cnc(-c2ccc(CF)cc2)c(-c2c(C)cccc2C#N)c1	0.020461
rxn:5:181071:223306:228435	COc1cccc(-c2c(SC)ccc(F)c2F)c1-c1ccc2c(c1)CNCC2	0.020460
rxn:5:181071:223307:228435	COc1cccc(-c2c(SC)ccc(F)c2F)c1-c1ccc2c(c1)CCNC2	0.020460
rxn:5:199106:223466:227909	CCC(C)c1cc(-c2ccnc3ccc(-c4cn[nH]c4)c(C)c23)ccn1	0.020458
rxn:5:197125:229058:229270	COc1cc(-c2cnc(C#N)s2)c2nc(-c3cccnc3C#N)sc2c1	0.020442
rxn:5:198417:229270:228312	COc1cnc(C#N)cc1-c1ccnc2cc(-c3cnc(C#N)s3)sc12	0.020442
rxn:5:195916:223464:223421	CNC(C)c1ccc(-c2cc(-c3cc[nH]c3)ccc2-c2ncco2)s1	0.020432
rxn:5:182580:229270:226593	Cc1ccc(-c2cnc(C#N)s2)c(C)c1-c1c(F)ccc(OC(C)C)c1F	0.020427
rxn:5:182579:229270:226593	Cc1cc(C)c(-c2c(F)ccc(OC(C)C)c2F)c(-c2cnc(C#N)s2)c1	0.020427
rxn:5:182577:229270:226593	Cc1cc(-c2cnc(C#N)s2)cc(C)c1-c1c(F)ccc(OC(C)C)c1F	0.020427
rxn:5:182576:229270:226593	Cc1cc(-c2c(F)ccc(OC(C)C)c2F)c(C)cc1-c1cnc(C#N)s1	0.020427
rxn:5:182581:229270:226593	Cc1ccc(-c2c(F)ccc(OC(C)C)c2F)c(C)c1-c1cnc(C#N)s1	0.020427
rxn:5:182506:229270:225812	Cc1cc(-c2c(C)cccc2-c2cnc(C#N)s2)c(F)c(OC(C)C)c1F	0.020427
rxn:5:182574:229270:226593	Cc1cc(-c2cnc(C#N)s2)c(-c2c(F)ccc(OC(C)C)c2F)cc1C	0.020427
rxn:5:182578:229270:226593	Cc1c(-c2cnc(C#N)s2)ccc(-c2c(F)ccc(OC(C)C)c2F)c1C	0.020427
rxn:5:182506:229270:225813	Cc1cccc(-c2cnc(C#N)s2)c1-c1cc(F)c(OC(C)C)c(F)c1C	0.020427
rxn:5:193333:228411:229311	COc1ccc(-c2ccc(CN3CCOCC3)cc2-c2cnc(C)s2)c(F)c1F	0.020425
rxn:5:198437:229270:228455	COc1ncc(-c2ccnc3c(-c4cnc(C#N)s4)csc23)c(OC)n1	0.020423
rxn:5:198410:229270:228455	COc1ncc(-c2cccc3nc(-c4cnc(C#N)s4)sc23)c(OC)n1	0.020423
rxn:5:198409:229270:228455	COc1ncc(-c2ccc3cc(-c4cnc(C#N)s4)sc3n2)c(OC)n1	0.020423
rxn:5:198417:229270:228460	COc1ncnc(OC)c1-c1ccnc2cc(-c3cnc(C#N)s3)sc12	0.020423
rxn:5:198431:229270:228455	COc1ncc(-c2nccc3cc(-c4cnc(C#N)s4)sc23)c(OC)n1	0.020423
rxn:5:198404:229270:228455	COc1ncc(-c2nccc3sc(-c4cnc(C#N)s4)cc23)c(OC)n1	0.020423
rxn:5:198443:229270:228455	COc1ncc(-c2ccnc3scc(-c4cnc(C#N)s4)c23)c(OC)n1	0.020423
rxn:5:198447:229270:228455	COc1ncc(-c2snc3ccc(-c4cnc(C#N)s4)cc23)c(OC)n1	0.020423
rxn:5:198417:229270:228454	COc1cc(-c2ccnc3cc(-c4cnc(C#N)s4)sc23)c(OC)nn1	0.020423
rxn:5:198417:228024:223462	Cc1cc(-c2ccnc3cc(-c4cccc5cnn(C)c45)sc23)n[nH]1	0.020421
rxn:5:196189:223105:229270	CNS(=O)(=O)c1cc(-c2ccc(C3=NCCO3)cc2-c2cnc(C#N)s2)c(F)cc1C	0.020418
rxn:5:196408:223183:229270	CNS(=O)(=O)c1ccc(-c2cc(-c3cnc(C#N)s3)ccc2C2=NOCCO2)c(C)c1	0.020417
rxn:5:179400:229311:228821	Cc1ncc(-c2cc(C(=O)C3CC3)ccc2-c2ccc(C)c(F)c2F)s1	0.020416
rxn:5:179400:229306:228821	Cc1cnc(-c2cc(C(=O)C3CC3)ccc2-c2ccc(C)c(F)c2F)s1	0.020416
rxn:5:179197:227035:229270	N#Cc1cc(-c2ccc(OC3CC3)c(-c3cnc(C#N)s3)c2)cc(C2CC2)c1	0.020415
rxn:5:181411:229270:223164	N#Cc1ncc(-c2cc(-c3cc(F)c(F)c(NC4CC4)c3)ccc2C2CC2)s1	0.020411
rxn:5:181426:228259:229270	COc1cc(C)cc(-c2c(C)ccc(-c3cnc(C#N)s3)c2SC)c1F	0.020407
rxn:5:179197:223469:228250	c1coc(-c2ccc(-c3cc(-c4cc[nH]n4)ccc3OC3CC3)s2)c1	0.020404
rxn:5:195460:227346:229272	CCCc1cc(F)c(-c2cc(C)c(C#N)c(-c3cnc(OC)s3)c2)c(F)c1	0.020384
rxn:5:181071:223214:228435	COc1cccc(-c2c(SC)ccc(F)c2F)c1-c1ccc2c(c1)CCNC2=O	0.020384
rxn:5:198911:229270:222419	Cc1c[nH]c2cc(-c3cnc(C#N)s3)c(-c3cccc(S(N)(=O)=O)c3)cc12	0.020380
rxn:5:196189:223369:229270	N#Cc1ncc(-c2cc(C3=NCCO3)ccc2-c2cc(F)c3cn[nH]c3c2)s1	0.020372
rxn:5:181537:229272:223000	COc1ncc(-c2cc(C3COC3)ccc2-c2ccc(C3CCCNC3)c(F)c2)s1	0.020366
rxn:5:195460:225636:229272	COc1ncc(-c2cc(-c3ccnc(N4CCC(C)CC4)c3)cc(C)c2C#N)s1	0.020365
rxn:5:179400:229297:223000	O=C(c1ccc(-c2ccc(C3CCCNC3)c(F)c2)c(-c2cncnc2)c1)C1CC1	0.020362
rxn:5:196082:227034:229057	CC(C)c1nc(-c2cnn(C3CC3)c2)ccc1-c1c(C#N)cccc1C1CC1	0.020358
rxn:5:196189:227558:229270	Cc1cc(OC(F)F)ccc1-c1ccc(C2=NCCO2)cc1-c1cnc(C#N)s1	0.020352
rxn:5:198517:223466:227137	CCn1cnc2cc(-c3cc(-c4cn[nH]c4)c4cc[nH]c4c3)ccc21	0.020350
rxn:5:196189:228657:229270	N#Cc1ncc(-c2cc(C3=NCCO3)ccc2-c2cccn3nccc23)s1	0.020342
rxn:5:199106:223466:228666	Cc1c(-c2cn[nH]c2)ccc2nccc(-c3ccc4ocnc4c3)c12	0.020341
rxn:5:199106:223466:228665	Cc1c(-c2cn[nH]c2)ccc2nccc(-c3ccc4ncoc4c3)c12	0.020341
rxn:5:198911:229270:228609	COc1cc(-c2cc3c(C)c[nH]c3cc2-c2cnc(C#N)s2)ccc1C	0.020327
rxn:5:199091:223464:223421	CNC(C)c1ccc(-c2ccnc3cc(-c4cc[nH]c4)c(C)cc23)s1	0.020327
rxn:5:199060:223464:223421	CNC(C)c1ccc(-c2cc3nccc(-c4cc[nH]c4)c3cc2C)s1	0.020327
rxn:5:199092:223464:223421	CNC(C)c1ccc(-c2ccnc3c(-c4cc[nH]c4)cc(C)cc23)s1	0.020327
rxn:5:199058:223464:223421	CNC(C)c1ccc(-c2ccnc3c(-c4cc[nH]c4)c(C)ccc23)s1	0.020327
rxn:5:199064:223464:223421	CNC(C)c1ccc(-c2cc(C)nc3cc(-c4cc[nH]c4)ccc23)s1	0.020327
rxn:5:199098:223464:223421	CNC(C)c1ccc(-c2ccnc3c(C)c(-c4cc[nH]c4)ccc23)s1	0.020327
rxn:5:199065:223464:223421	CNC(C)c1ccc(-c2nc3ccc(-c4cc[nH]c4)cc3cc2C)s1	0.020327
rxn:5:199066:223464:223421	CNC(C)c1ccc(-c2c(C)ccc3nccc(-c4cc[nH]c4)c23)s1	0.020327
rxn:5:199093:223464:223421	CNC(C)c1ccc(-c2c(-c3cc[nH]c3)cnc3ccc(C)cc23)s1	0.020327
rxn:5:199090:223464:223421	CNC(C)c1ccc(-c2ccnc3cc(C)c(-c4cc[nH]c4)cc23)s1	0.020327
rxn:5:199057:223464:223421	CNC(C)c1ccc(-c2cc(C)nc3ccc(-c4cc[nH]c4)cc23)s1	0.020327
rxn:5:199083:223464:223421	CNC(C)c1ccc(-c2c(C)cnc3ccc(-c4cc[nH]c4)cc23)s1	0.020327
rxn:5:199089:223464:223421	CNC(C)c1ccc(-c2ccnc3c(C)cc(-c4cc[nH]c4)cc23)s1	0.020327
rxn:5:199081:223464:223421	CNC(C)c1ccc(-c2cc(C)c3cc(-c4cc[nH]c4)ccc3n2)s1	0.020327
rxn:5:199106:223464:223421	CNC(C)c1ccc(-c2ccnc3ccc(-c4cc[nH]c4)c(C)c23)s1	0.020327
rxn:5:199072:223464:223421	CNC(C)c1ccc(-c2nc(C)cc3ccc(-c4cc[nH]c4)cc23)s1	0.020327
rxn:5:199105:223464:223421	CNC(C)c1ccc(-c2cc3ccc(-c4cc[nH]c4)cc3c(C)n2)s1	0.020327
rxn:5:199055:223464:223421	CNC(C)c1ccc(-c2cc(C)c3ccc(-c4cc[nH]c4)cc3n2)s1	0.020327
rxn:5:193226:229272:228821	COc1ncc(-c2ccc(C(=O)N3CCOCC3)cc2-c2ccc(C)c(F)c2F)s1	0.020324
rxn:5:195435:229231:223320	CCc1ncc(-c2cc(-c3cc(C)cc4[nH]ncc34)cc(C(C)=O)n2)s1	0.020318
rxn:5:195324:227034:229197	CSc1ccc(-c2c(C#N)cccc2C2CC2)c(-c2cnn(C(F)F)c2)n1	0.020317
rxn:5:179840:228181:229311	COCc1cc(F)ccc1-c1ccc(O[C@@H]2CCOC2)cc1-c1cnc(C)s1	0.020301
rxn:5:181282:227898:223263	CCc1ccc(-c2cc(C(=O)NC)ccc2F)c(-c2cncc(CC(C)C)c2)c1	0.020299
rxn:5:188390:223466:227137	CCOC(=O)c1c(-c2ccc3c(c2)ncn3CC)ccnc1-c1cn[nH]c1	0.020299
rxn:5:180096:229344:227022	c1nc(-c2ccc(OC3CCCC3)c(-c3ccc(CN4CCC4)cc3)c2)co1	0.020288
rxn:5:181076:229160:229177	CSc1cc(-c2cnc(SC)nc2)cc(-c2c(F)cncc2F)c1	0.020279
rxn:5:195324:227829:229057	CSc1ccc(-c2ccccc2C2CCC2)c(-c2cnn(C3CC3)c2)n1	0.020277
rxn:5:179400:229272:228775	COc1ncc(-c2cc(C(=O)C3CC3)ccc2-c2ccc(OC)c(F)c2)s1	0.020270
rxn:5:179400:229272:228778	COc1ncc(-c2cc(C(=O)C3CC3)ccc2-c2cccc(OC)c2F)s1	0.020270
rxn:5:182637:229270:228780	COc1c(F)cccc1-c1cc2ccoc2cc1-c1cnc(C#N)s1	0.020267
rxn:5:182637:229270:228777	COc1ccc(-c2cc3ccoc3cc2-c2cnc(C#N)s2)c(F)c1	0.020267
rxn:5:182637:229270:228778	COc1cccc(-c2cc3ccoc3cc2-c2cnc(C#N)s2)c1F	0.020267
rxn:5:182637:229270:228779	COc1ccc(F)cc1-c1cc2ccoc2cc1-c1cnc(C#N)s1	0.020267
rxn:5:182637:229270:228789	COc1cc(F)ccc1-c1cc2ccoc2cc1-c1cnc(C#N)s1	0.020267
rxn:5:182637:229270:228775	COc1ccc(-c2cc3ccoc3cc2-c2cnc(C#N)s2)cc1F	0.020267
rxn:5:182637:229270:228784	COc1cc(-c2cc3ccoc3cc2-c2cnc(C#N)s2)ccc1F	0.020267
rxn:5:182637:229270:228796	COc1ccc(F)c(-c2cc3ccoc3cc2-c2cnc(C#N)s2)c1	0.020267
rxn:5:191678:229270:226593	CCOc1cc(-c2cnc(C#N)s2)cnc1-c1c(F)ccc(OC(C)C)c1F	0.020260
rxn:5:179980:228381:229311	Cc1ncc(-c2cc(OC(C)(C)C)ccc2-c2c(F)cc(C#N)cc2F)s1	0.020258
rxn:5:181071:228977:227811	COc1cccc(-c2ccc(CC(C)C)cc2)c1-c1ccc2c(c1)CC2	0.020250
rxn:5:199106:223462:228193	Cc1cc(-c2ccc3nccc(-c4cnn(C5CCCC5)c4)c3c2C)n[nH]1	0.020247
rxn:5:196189:223183:229075	CNS(=O)(=O)c1ccc(-c2ccc(C3=NCCO3)cc2-c2cc(C)c(C#N)s2)c(C)c1	0.020243
rxn:5:196189:223183:229076	CNS(=O)(=O)c1ccc(-c2ccc(C3=NCCO3)cc2-c2sc(C#N)cc2C)c(C)c1	0.020243
rxn:5:198417:223251:223452	Cc1n[nH]c(C)c1-c1ccnc2cc(-c3ccc4c(c3)OCC(=O)N4)sc12	0.020242
rxn:5:198417:227840:223462	Cc1cc(-c2ccnc3cc(-c4cccc(C)c4C4CC4)sc23)n[nH]1	0.020241
rxn:5:181282:229270:228189	CCSc1ccc(F)c(-c2ccc(CC)cc2-c2cnc(C#N)s2)c1	0.020236
rxn:5:181536:228127:223271	COc1cccc(C#N)c1-c1ccc(C2COC2)c(-c2ccc(F)c(NC(C)=O)c2)c1	0.020234
rxn:5:198620:223464:228023	c1cnc2cc(-c3ccnc4ccc(-c5cc[nH]c5)cc34)ccc2n1	0.020230
rxn:5:181076:227495:229177	CCN(C)c1cc(-c2cc(SC)cc(-c3c(F)cncc3F)c2)c(F)cn1	0.020226
rxn:5:179193:226412:229270	COc1cc(-c2cc(F)cc(N3CCCC3)c2)c(-c2cnc(C#N)s2)cc1OC	0.020220
rxn:5:196765:223462:229061	Cc1cc(-c2ccc(-c3ccnc(-c4cnn(C(C)C)c4)c3)cc2C)n[nH]1	0.020220
rxn:5:195923:223251:223462	Cc1cc(-c2cc(-c3ccc4c(c3)OCC(=O)N4)ncc2-c2ccco2)n[nH]1	0.020219
rxn:5:195522:229270:227119	CCc1cc(-c2cc(C3CCCCC3)cs2)c(-c2cnc(C#N)s2)cn1	0.020217
rxn:5:181282:228338:223263	CCc1ccc(-c2cc(C(=O)NC)ccc2F)c(-c2cnc(OC3CCC3)s2)c1	0.020216
rxn:5:180096:229344:228338	c1nc(-c2ccc(OC3CCCC3)c(-c3cnc(OC4CCC4)s3)c2)co1	0.020213
rxn:5:195460:229065:226152	COc1cc(C2CC2)cc(-c2cc(-c3ccnc(C#N)c3)cc(C)c2C#N)c1C	0.020212
rxn:5:198417:223397:228700	CN(C)c1ccc(-c2ccnc3cc(-c4ccc5c(c4)CCN5)sc23)cn1	0.020212
rxn:5:198513:229270:223389	Cc1n[nH]c(C(F)(F)F)c1-c1cc2[nH]ccc2cc1-c1cnc(C#N)s1	0.020206
rxn:5:177285:229270:229088	CC(=O)c1csc(-c2cccc(-c3cnc(C#N)s3)c2COC(C)C)c1	0.020203
rxn:5:198417:229270:228357	COc1nc(C)c(-c2ccnc3cc(-c4cnc(C#N)s4)sc23)c(C)n1	0.020202
rxn:5:198417:229270:228796	COc1ccc(F)c(-c2ccnc3cc(-c4cnc(C#N)s4)sc23)c1	0.020200
rxn:5:179404:229338:223320	COc1c(C(C)=O)cc(-c2cc(C)cc3[nH]ncc23)cc1-c1ccns1	0.020198
rxn:5:179840:227954:229311	Cc1ncc(-c2cc(O[C@@H]3CCOC3)ccc2-c2ccc(C3CCC3)nc2)s1	0.020197
rxn:5:179840:227984:229311	COc1ccc(-c2ccc(O[C@@H]3CCOC3)cc2-c2cnc(C)s2)c(C)c1C	0.020196
rxn:5:179840:227993:229311	COc1ccc(C)c(-c2ccc(O[C@@H]3CCOC3)cc2-c2cnc(C)s2)c1C	0.020196
rxn:5:179840:228000:229311	COc1cc(C)c(C)cc1-c1ccc(O[C@@H]2CCOC2)cc1-c1cnc(C)s1	0.020196
rxn:5:196189:227043:229270	Cc1cc(OC(C)C)ccc1-c1ccc(C2=NCCO2)cc1-c1cnc(C#N)s1	0.020192
rxn:5:195792:229209:227115	Cc1cnccc1-c1cncc(C2CC2)c1-c1cc(C)c(C2CC2)cc1F	0.020189
rxn:5:195792:229212:227115	Cc1ccncc1-c1cncc(C2CC2)c1-c1cc(C)c(C2CC2)cc1F	0.020189
rxn:5:199106:229296:228988	Cc1ccc(-c2ccnc3ccc(-c4cnn(C)c4)c(C)c23)cc1C	0.020188
rxn:5:179197:223469:226962	Fc1c(-c2cc(-c3cc[nH]n3)ccc2OC2CC2)ccc2ccccc12	0.020187
rxn:5:181071:229199:228435	COc1cccc(-c2c(SC)ccc(F)c2F)c1-c1ccc(C)cc1	0.020186
rxn:5:181071:229200:228435	COc1cccc(-c2c(SC)ccc(F)c2F)c1-c1cccc(C)c1	0.020186
rxn:5:198417:226973:223462	Cc1cc(-c2ccnc3cc(-c4ccc5c(c4)C(C)(C)CO5)sc23)n[nH]1	0.020182
rxn:5:176594:227759:229311	COc1c(F)cc(F)c(-c2ccc(OCC(C)=O)cc2-c2cnc(C)s2)c1F	0.020180
rxn:5:183217:228888:229177	CC1(C)CC(=O)c2cc(-c3c(F)cncc3F)cc(-c3cc(C#N)ncc3F)c2O1	0.020174
rxn:5:176993:229272:223311	CCCC(=O)c1ccc(-c2cccc(C3CNC3)c2)c(-c2cnc(OC)s2)c1	0.020168
rxn:5:176993:229272:223312	CCCC(=O)c1ccc(-c2ccc(C3CNC3)cc2)c(-c2cnc(OC)s2)c1	0.020168
rxn:5:198423:229272:228821	COc1ncc(-c2cccc3oc(-c4ccc(C)c(F)c4F)nc23)s1	0.020165
rxn:5:198417:223341:229177	O=C1Cc2cc(-c3cc4nccc(-c5c(F)cncc5F)c4s3)ccc2N1	0.020163
rxn:5:177275:228381:229311	Cc1ncc(-c2ccc(OCC(C)C)cc2-c2c(F)cc(C#N)cc2F)s1	0.020159
rxn:5:181282:229270:225591	CCc1ccc(-c2cc(CN3CCCC3)ccc2F)c(-c2cnc(C#N)s2)c1	0.020159
rxn:5:195463:226412:229226	Cc1cc(-c2cc(F)cc(N3CCCC3)c2)c(-c2ccc(C#N)s2)cc1C#N	0.020155
rxn:5:195463:226412:229230	Cc1cc(-c2cc(F)cc(N3CCCC3)c2)c(-c2cc(C#N)cs2)cc1C#N	0.020155
rxn:5:198671:229270:223263	CNC(=O)c1ccc(F)c(-c2cccc3nc(-c4cnc(C#N)s4)ccc23)c1	0.020154
rxn:5:196189:223183:228711	CNS(=O)(=O)c1ccc(-c2ccc(C3=NCCO3)cc2-c2cc(C)cnc2C#N)c(C)c1	0.020154
rxn:5:196189:223183:228714	CNS(=O)(=O)c1ccc(-c2ccc(C3=NCCO3)cc2-c2cnc(C#N)cc2C)c(C)c1	0.020154
rxn:5:196189:223183:228718	CNS(=O)(=O)c1ccc(-c2ccc(C3=NCCO3)cc2-c2cc(C#N)cnc2C)c(C)c1	0.020154
rxn:5:196189:223183:228719	CNS(=O)(=O)c1ccc(-c2ccc(C3=NCCO3)cc2-c2cc(C#N)ncc2C)c(C)c1	0.020154
rxn:5:195522:229270:228213	CCc1cc(-c2cc(-n3cccc3)cs2)c(-c2cnc(C#N)s2)cn1	0.020153
rxn:5:199106:223462:228106	CCC(C)c1ncc(-c2ccnc3ccc(-c4cc(C)[nH]n4)c(C)c23)cn1	0.020152
rxn:5:195792:228040:229059	N#Cc1ccncc1-c1c(-c2ccnc3ccncc23)cncc1C1CC1	0.020151
rxn:5:195322:229009:223390	COc1nccc(-c2ccc3cc[nH]c3c2)c1-c1cc(C2CC2)cs1	0.020143
rxn:5:195330:229009:223390	COc1c(-c2ccc3cc[nH]c3c2)ccnc1-c1cc(C2CC2)cs1	0.020143
rxn:5:181283:229270:226593	CCc1c(-c2cnc(C#N)s2)cccc1-c1c(F)ccc(OC(C)C)c1F	0.020140
rxn:5:181285:229270:226593	CCc1cccc(-c2cnc(C#N)s2)c1-c1c(F)ccc(OC(C)C)c1F	0.020140
rxn:5:193538:229270:223263	CNC(=O)c1ccc(F)c(-c2ccc(CN3CCCCC3)cc2-c2cnc(C#N)s2)c1	0.020139
rxn:5:176568:228597:229008	COC(=O)Cc1cc(-c2c(C)cccc2C#N)ccc1-c1ccc(CF)cc1	0.020137
rxn:5:182637:229270:229031	Cc1ccc(-c2cc3ccoc3cc2-c2cnc(C#N)s2)c(F)c1	0.020135
rxn:5:182506:229270:228073	Cc1cccc(-c2cnc(C#N)s2)c1-c1c(F)ccc2ccoc12	0.020135
rxn:5:182637:229270:229034	Cc1ccc(F)c(-c2cc3ccoc3cc2-c2cnc(C#N)s2)c1	0.020135
rxn:5:182637:229270:229035	Cc1c(F)cccc1-c1cc2ccoc2cc1-c1cnc(C#N)s1	0.020135
rxn:5:195433:229270:226593	CC(=O)c1nc(-c2c(F)ccc(OC(C)C)c2F)ccc1-c1cnc(C#N)s1	0.020134
rxn:5:179197:228282:229270	CC(F)(F)c1ccccc1-c1ccc(OC2CC2)c(-c2cnc(C#N)s2)c1	0.020127
rxn:5:195463:225872:229270	Cc1cc(-c2cc(F)c(F)c(N3CCCC3)c2)c(-c2cnc(C#N)s2)cc1C#N	0.020124
rxn:5:176753:227910:229308	CCCOc1ccc(-c2cc(C)no2)cc1-c1ccc(C(C)CC)nc1	0.020116
rxn:5:182650:229270:228455	COc1ncc(-c2cccc3cc(-c4cnc(C#N)s4)sc23)c(OC)n1	0.020109
rxn:5:198417:229226:228455	COc1ncc(-c2ccnc3cc(-c4ccc(C#N)s4)sc23)c(OC)n1	0.020109
rxn:5:198417:229230:228455	COc1ncc(-c2ccnc3cc(-c4cc(C#N)cs4)sc23)c(OC)n1	0.020109
rxn:5:198417:229270:228313	COc1ccc(-c2ccnc3cc(-c4cnc(C#N)s4)sc23)c(OC)n1	0.020109
rxn:5:198417:229270:228319	COc1nccc(-c2ccnc3cc(-c4cnc(C#N)s4)sc23)c1OC	0.020109
rxn:5:198417:229270:228325	COc1cc(OC)c(-c2ccnc3cc(-c4cnc(C#N)s4)sc23)cn1	0.020109
rxn:5:198417:229270:228335	COc1ccnc(OC)c1-c1ccnc2cc(-c3cnc(C#N)s3)sc12	0.020109
rxn:5:197125:229073:229270	COc1cc(-c2cnc(C#N)s2)c2nc(-c3ccncc3OC)sc2c1	0.020109
rxn:5:198417:229270:228327	COc1cc(-c2ccnc3cc(-c4cnc(C#N)s4)sc23)cnc1OC	0.020109
rxn:5:198417:229270:228324	COc1cc(-c2ccnc3cc(-c4cnc(C#N)s4)sc23)c(OC)cn1	0.020109
rxn:5:198417:229270:228326	COc1cc(-c2ccnc3cc(-c4cnc(C#N)s4)sc23)cc(OC)n1	0.020109
rxn:5:198417:223379:223462	Cc1cc(-c2ccnc3cc(-c4ccc5[nH]c(=O)oc5c4)sc23)n[nH]1	0.020108
rxn:5:198417:223380:223462	Cc1cc(-c2ccnc3cc(-c4ccc5oc(=O)[nH]c5c4)sc23)n[nH]1	0.020108
rxn:5:176594:227568:229311	COc1cc(F)c(-c2ccc(OCC(C)=O)cc2-c2cnc(C)s2)c(OC)c1	0.020108
rxn:5:199106:223466:223405	Cc1c(-c2cn[nH]c2)ccc2nccc(-c3ccc4[nH]cnc4c3)c12	0.020106
rxn:5:198125:223341:226200	CC(C)n1cnc2cc(-c3cc(-c4ccc5c(c4)CC(=O)N5)ccn3)ccc21	0.020098
rxn:5:198127:223341:226200	CC(C)n1cnc2cc(-c3ccnc(-c4ccc5c(c4)CC(=O)N5)c3)ccc21	0.020098
rxn:5:198120:223341:226200	CC(C)n1cnc2cc(-c3ccc(-c4ccc5c(c4)CC(=O)N5)cn3)ccc21	0.020098
rxn:5:182824:223464:223421	CNC(C)c1ccc(-c2cccc3cc(-c4cc[nH]c4)ccc23)s1	0.020095
rxn:5:182815:223464:223421	CNC(C)c1ccc(-c2cccc3ccc(-c4cc[nH]c4)cc23)s1	0.020095
rxn:5:179197:223322:229270	Cc1cc2[nH]ncc2cc1-c1ccc(OC2CC2)c(-c2cnc(C#N)s2)c1	0.020085
rxn:5:181076:227954:229177	CSc1cc(-c2ccc(C3CCC3)nc2)cc(-c2c(F)cncc2F)c1	0.020082
rxn:5:195522:227282:229088	CCc1cc(-c2cc(C(C)=O)cs2)c(-c2cc(C#N)cnc2C(C)C)cn1	0.020069
rxn:5:195522:227280:229088	CCc1cc(-c2cc(C(C)=O)cs2)c(-c2cc(C#N)ncc2C(C)C)cn1	0.020069
rxn:5:198417:223397:228997	CCc1ccc(-c2ccnc3cc(-c4ccc5c(c4)CCN5)sc23)cn1	0.020069
rxn:5:196189:227044:229270	N#Cc1ncc(-c2cc(C3=NCCO3)ccc2-c2ccc(C(=O)C3CC3)cc2)s1	0.020069
rxn:5:198417:226968:223462	Cc1cc(-c2ccnc3cc(-c4ccc5c(c4)OC(C)(C)C5)sc23)n[nH]1	0.020065
rxn:5:198417:226959:223462	Cc1cc(-c2ccnc3cc(-c4ccc5c(c4)CC(C)(C)O5)sc23)n[nH]1	0.020065
rxn:5:195463:226349:229270	Cc1cc(-c2cc(F)cc(OC(C)(C)C)c2)c(-c2cnc(C#N)s2)cc1C#N	0.020065
rxn:5:182506:228711:226593	Cc1cnc(C#N)c(-c2cccc(C)c2-c2c(F)ccc(OC(C)C)c2F)c1	0.020065
rxn:5:182506:228714:226593	Cc1cc(C#N)ncc1-c1cccc(C)c1-c1c(F)ccc(OC(C)C)c1F	0.020065
rxn:5:182506:228718:226593	Cc1cccc(-c2cc(C#N)cnc2C)c1-c1c(F)ccc(OC(C)C)c1F	0.020065
rxn:5:182506:228719:226593	Cc1cnc(C#N)cc1-c1cccc(C)c1-c1c(F)ccc(OC(C)C)c1F	0.020065
rxn:5:178979:229272:223000	CCOc1ccc(-c2ccc(C3CCCNC3)c(F)c2)c(-c2cnc(OC)s2)c1	0.020046
rxn:5:195460:222981:229272	COc1ncc(-c2cc(-c3ccnc(NC4CCCCC4)c3)cc(C)c2C#N)s1	0.020045
rxn:5:198632:223466:227137	CCn1cnc2cc(-c3cc(-c4cn[nH]c4)c4oc(C)nc4c3)ccc21	0.020037
rxn:5:198631:223466:227137	CCn1cnc2cc(-c3cc(-c4cn[nH]c4)cc4nc(C)oc34)ccc21	0.020037
rxn:5:199106:223466:227390	Cc1c(-c2cn[nH]c2)ccc2nccc(-c3ccnn3C3CCCCC3)c12	0.020035
rxn:5:191908:226412:229270	Cc1c(-c2cc(F)cc(N3CCCC3)c2)cc(CC#N)cc1-c1cnc(C#N)s1	0.020035
rxn:5:191907:226412:229270	Cc1cc(-c2cnc(C#N)s2)c(CC#N)cc1-c1cc(F)cc(N2CCCC2)c1	0.020035
rxn:5:181077:229270:223164	CSc1ccc(-c2cc(F)c(F)c(NC3CC3)c2)c(-c2cnc(C#N)s2)c1	0.020033
rxn:5:181080:229270:223164	CSc1ccc(-c2cnc(C#N)s2)c(-c2cc(F)c(F)c(NC3CC3)c2)c1	0.020033
rxn:5:194141:229270:229258	COC(=O)c1c[nH]c2cc(-c3cncc(F)c3)c(-c3cnc(C#N)s3)cc12	0.020030
rxn:5:192336:229272:223000	COc1ncc(-c2ccc(C(=O)N(C)C)cc2-c2ccc(C3CCCNC3)c(F)c2)s1	0.020029
rxn:5:198417:229270:228308	CCOc1ncc(-c2ccnc3cc(-c4cnc(C#N)s4)sc23)c(C)n1	0.020019
rxn:5:181206:229272:223000	COc1ncc(-c2cc(C(C)=O)ccc2-c2ccc(C3CCCNC3)c(F)c2)s1	0.020018
rxn:5:181203:229272:223000	COc1ncc(-c2ccc(C(C)=O)cc2-c2ccc(C3CCCNC3)c(F)c2)s1	0.020018
rxn:5:181201:229272:223000	COc1ncc(-c2ccc(-c3ccc(C4CCCNC4)c(F)c3)c(C(C)=O)c2)s1	0.020018
rxn:5:181208:229272:223000	COc1ncc(-c2ccc(C(C)=O)c(-c3ccc(C4CCCNC4)c(F)c3)c2)s1	0.020018
rxn:5:195324:227034:229061	CSc1ccc(-c2c(C#N)cccc2C2CC2)c(-c2cnn(C(C)C)c2)n1	0.020016
rxn:5:181282:229270:227755	CCc1ccc(-c2cc(C(F)(F)F)ccc2F)c(-c2cnc(C#N)s2)c1	0.020015
rxn:5:196189:226175:229270	Cc1cc(N2CCCC2)ccc1-c1ccc(C2=NCCO2)cc1-c1cnc(C#N)s1	0.020013
rxn:5:181076:228141:229177	CCCc1cc(F)c(-c2cc(SC)cc(-c3c(F)cncc3F)c2)cn1	0.019997
rxn:5:198679:223466:227137	CCn1cnc2cc(-c3ccnc4cccc(-c5cn[nH]c5)c34)ccc21	0.019994
rxn:5:198653:223466:227137	CCn1cnc2cc(-c3cccc4nccc(-c5cn[nH]c5)c34)ccc21	0.019994
rxn:5:198620:223466:227137	CCn1cnc2cc(-c3ccnc4ccc(-c5cn[nH]c5)cc34)ccc21	0.019994
rxn:5:198646:223466:227137	CCn1cnc2cc(-c3ccc4nccc(-c5cn[nH]c5)c4c3)ccc21	0.019994
rxn:5:198652:223466:227137	CCn1cnc2cc(-c3cccc4ccnc(-c5cn[nH]c5)c34)ccc21	0.019994
rxn:5:198682:223466:227137	CCn1cnc2cc(-c3ccc4ncccc4c3-c3cn[nH]c3)ccc21	0.019994
rxn:5:198667:223466:227137	CCn1cnc2cc(-c3cc4ncccc4cc3-c3cn[nH]c3)ccc21	0.019994
rxn:5:198622:223466:227137	CCn1cnc2cc(-c3ccnc4cc(-c5cn[nH]c5)ccc34)ccc21	0.019994
rxn:5:198684:223466:227137	CCn1cnc2cc(-c3c(-c4cn[nH]c4)ccc4ncccc34)ccc21	0.019994
rxn:5:198621:223466:227137	CCn1cnc2cc(-c3ccnc4c(-c5cn[nH]c5)cccc34)ccc21	0.019994
rxn:5:198655:223466:227137	CCn1cnc2cc(-c3ccc4c(-c5cn[nH]c5)ccnc4c3)ccc21	0.019994
rxn:5:199106:223462:227612	Cc1cc(-c2ccc3nccc(-c4cnn(C5CCCCO5)c4)c3c2C)n[nH]1	0.019991
rxn:5:198417:223397:228866	COCc1noc(C)c1-c1ccnc2cc(-c3ccc4c(c3)CCN4)sc12	0.019990
rxn:5:195435:229338:228429	CSc1ccc(F)c(-c2cc(C(C)=O)nc(-c3ccns3)c2)c1F	0.019988
rxn:5:198417:223397:228993	N#Cc1ccc(-c2ccnc3cc(-c4ccc5c(c4)CCN5)sc23)cc1	0.019988
rxn:5:198245:229009:223390	Cc1nccc(-c2ccc3cc[nH]c3c2)c1-c1cc(C2CC2)cs1	0.019988
rxn:5:198246:229009:223390	Cc1c(-c2ccc3cc[nH]c3c2)ccnc1-c1cc(C2CC2)cs1	0.019988
rxn:5:182012:228381:229311	Cc1ncc(-c2ccc(-c3c(F)cc(C#N)cc3F)cc2C2CCCOC2)s1	0.019984
rxn:5:198417:229161:223411	COc1ncncc1-c1cc2nccc(-c3cc4cccnc4[nH]3)c2s1	0.019980
rxn:5:198513:229270:228508	CC(C)c1cccc(-c2cc3[nH]ccc3cc2-c2cnc(C#N)s2)c1	0.019970
rxn:5:189676:229270:223263	CNC(=O)c1ccc(F)c(-c2ccc(CC(=O)N3CCCC3)cc2-c2cnc(C#N)s2)c1	0.019969
rxn:5:176594:227035:229311	CC(=O)COc1ccc(-c2cc(C#N)cc(C3CC3)c2)c(-c2cnc(C)s2)c1	0.019966
rxn:5:181071:223342:228435	COc1cccc(-c2c(SC)ccc(F)c2F)c1-c1ccc2c(c1)OCCN2	0.019966
rxn:5:181071:223340:228435	COc1cccc(-c2c(SC)ccc(F)c2F)c1-c1ccc2c(c1)NCCO2	0.019966
rxn:5:198911:229270:228113	CCc1nc(OC)ccc1-c1cc2c(C)c[nH]c2cc1-c1cnc(C#N)s1	0.019957
rxn:5:179400:229272:228617	COc1ncc(-c2cc(C(=O)C3CC3)ccc2-c2c(C)cccc2OC)s1	0.019943
rxn:5:179400:229272:228600	COc1ccc(-c2ccc(C(=O)C3CC3)cc2-c2cnc(OC)s2)c(C)c1	0.019943
rxn:5:179400:229272:228611	COc1ccc(C)c(-c2ccc(C(=O)C3CC3)cc2-c2cnc(OC)s2)c1	0.019943
rxn:5:196189:225661:229270	Cc1cc(N2CCOCC2)ccc1-c1ccc(C2=NCCO2)cc1-c1cnc(C#N)s1	0.019941
rxn:5:198417:223341:229114	Cc1cc(-c2ccnc3cc(-c4ccc5c(c4)CC(=O)N5)sc23)c(F)cn1	0.019936
rxn:5:198417:223341:229126	Cc1cc(F)c(-c2ccnc3cc(-c4ccc5c(c4)CC(=O)N5)sc23)cn1	0.019936
rxn:5:199106:229296:228583	Cc1c(-c2cnn(C)c2)ccc2nccc(-c3ccnc(C(C)C)c3)c12	0.019934
rxn:5:199106:229296:228589	Cc1c(-c2cnn(C)c2)ccc2nccc(-c3ccc(C(C)C)nc3)c12	0.019934
rxn:5:181076:228220:229177	CSc1cc(-c2cc(C(C)C)ncc2F)cc(-c2c(F)cncc2F)c1	0.019931
rxn:5:181076:228219:229177	CSc1cc(-c2cnc(C(C)C)cc2F)cc(-c2c(F)cncc2F)c1	0.019931
rxn:5:179197:227084:229270	Cc1nc(C(C)(C)C)ccc1-c1ccc(OC2CC2)c(-c2cnc(C#N)s2)c1	0.019929
rxn:5:181076:223061:229177	CSc1cc(-c2cc(C3CCNCC3)ncc2F)cc(-c2c(F)cncc2F)c1	0.019928
rxn:5:195522:223105:229088	CCc1cc(-c2cc(C(C)=O)cs2)c(-c2cc(S(=O)(=O)NC)c(C)cc2F)cn1	0.019927
rxn:5:181282:226414:223263	CCc1ccc(-c2cc(C(=O)NC)ccc2F)c(-c2ccc(C3=NCCCO3)cc2)c1	0.019926
rxn:5:179840:228411:229094	COc1ccc(-c2ccc(O[C@@H]3CCOC3)cc2-c2cnc(C)nc2C)c(F)c1F	0.019926
rxn:5:198417:223397:228696	COCc1ccc(-c2ccnc3cc(-c4ccc5c(c4)CCN5)sc23)cn1	0.019926
rxn:5:198417:226974:223462	Cc1cc(-c2ccnc3cc(-c4ccc5c(c4)COC5(C)C)sc23)n[nH]1	0.019923
rxn:5:198911:229270:228337	CCOc1cc(F)c(-c2cc3c(C)c[nH]c3cc2-c2cnc(C#N)s2)cn1	0.019919
rxn:5:198911:229270:228315	CCOc1cc(-c2cc3c(C)c[nH]c3cc2-c2cnc(C#N)s2)c(F)cn1	0.019919
rxn:5:198417:223397:228885	N#Cc1ncc(-c2ccnc3cc(-c4ccc5c(c4)CCN5)sc23)cc1F	0.019910
rxn:5:198417:229270:228304	CC(C)Oc1ncc(-c2ccnc3cc(-c4cnc(C#N)s4)sc23)cn1	0.019907
rxn:5:198620:229282:223421	CNC(C)c1ccc(-c2ccnc3ccc(-c4ccccc4)cc23)s1	0.019903
rxn:5:178842:229270:226412	COC(=O)c1cc(-c2cc(F)cc(N3CCCC3)c2)ccc1-c1cnc(C#N)s1	0.019902
rxn:5:178844:229270:226412	COC(=O)c1cc(-c2cc(F)cc(N3CCCC3)c2)cc(-c2cnc(C#N)s2)c1	0.019902
rxn:5:178840:226412:229270	COC(=O)c1ccc(-c2cc(F)cc(N3CCCC3)c2)cc1-c1cnc(C#N)s1	0.019902
rxn:5:178847:229270:226412	COC(=O)c1ccc(-c2cc(F)cc(N3CCCC3)c2)c(-c2cnc(C#N)s2)c1	0.019902
rxn:5:178845:229270:226412	COC(=O)c1cccc(-c2cc(F)cc(N3CCCC3)c2)c1-c1cnc(C#N)s1	0.019902
rxn:5:178848:229270:226412	COC(=O)c1c(-c2cc(F)cc(N3CCCC3)c2)cccc1-c1cnc(C#N)s1	0.019902
rxn:5:178839:229270:226412	COC(=O)c1cc(-c2cnc(C#N)s2)ccc1-c1cc(F)cc(N2CCCC2)c1	0.019902
rxn:5:178840:229270:226412	COC(=O)c1ccc(-c2cnc(C#N)s2)cc1-c1cc(F)cc(N2CCCC2)c1	0.019902
rxn:5:178841:229270:226412	COC(=O)c1ccc(-c2cnc(C#N)s2)c(-c2cc(F)cc(N3CCCC3)c2)c1	0.019902
rxn:5:178843:229270:226412	COC(=O)c1cccc(-c2cnc(C#N)s2)c1-c1cc(F)cc(N2CCCC2)c1	0.019902
rxn:5:199106:229296:228497	Cc1c(-c2cnn(C)c2)ccc2nccc(-c3ccnn3CC(F)(F)F)c12	0.019901
rxn:5:179400:229272:223199	COc1ncc(-c2cc(C(=O)C3CC3)ccc2-c2cccc(C3CCNC3)c2)s1	0.019898
rxn:5:179400:229272:223200	COc1ncc(-c2cc(C(=O)C3CC3)ccc2-c2ccc(C3CCNC3)cc2)s1	0.019898
rxn:5:179400:229272:223201	COc1ncc(-c2cc(C(=O)C3CC3)ccc2-c2ccccc2C2CCNC2)s1	0.019898
rxn:5:182637:229270:228605	COc1c(C)cccc1-c1cc2ccoc2cc1-c1cnc(C#N)s1	0.019894
rxn:5:182637:229270:228598	COc1ccc(C)cc1-c1cc2ccoc2cc1-c1cnc(C#N)s1	0.019894
rxn:5:182637:229270:228608	COc1cc(C)ccc1-c1cc2ccoc2cc1-c1cnc(C#N)s1	0.019894
rxn:5:198513:229270:227296	N#Cc1ncc(-c2cc3cc[nH]c3cc2-c2ccc(OC3CCC3)nc2)s1	0.019890
rxn:5:198620:223464:227988	Fc1c(-c2ccnc3ccc(-c4cc[nH]c4)cc23)cccc1C1CC1	0.019886
rxn:5:198620:223464:227998	Fc1ccc(-c2ccnc3ccc(-c4cc[nH]c4)cc23)c(C2CC2)c1	0.019886
rxn:5:199106:223464:228625	CCc1ccc(-c2ccnc3ccc(-c4cc[nH]c4)c(C)c23)c(F)c1	0.019882
rxn:5:195522:228338:229088	CCc1cc(-c2cc(C(C)=O)cs2)c(-c2cnc(OC3CCC3)s2)cn1	0.019880
rxn:5:189448:229272:228821	COc1ncc(-c2ccc(C(=O)N3CC(OC)C3)cc2-c2ccc(C)c(F)c2F)s1	0.019877
rxn:5:176993:229272:229132	CCCC(=O)c1ccc(-c2ccc(F)c(F)c2)c(-c2cnc(OC)s2)c1	0.019877
rxn:5:195463:227047:229270	Cc1cc(-c2cccc(SC3CCC3)c2)c(-c2cnc(C#N)s2)cc1C#N	0.019875
rxn:5:198620:229270:228455	COc1ncc(-c2ccnc3ccc(-c4cnc(C#N)s4)cc23)c(OC)n1	0.019873
rxn:5:198622:229270:228455	COc1ncc(-c2ccnc3cc(-c4cnc(C#N)s4)ccc23)c(OC)n1	0.019873
rxn:5:198679:229270:228455	COc1ncc(-c2ccnc3cccc(-c4cnc(C#N)s4)c23)c(OC)n1	0.019873
rxn:5:198646:229270:228455	COc1ncc(-c2ccc3nccc(-c4cnc(C#N)s4)c3c2)c(OC)n1	0.019873
rxn:5:198653:229270:228455	COc1ncc(-c2cccc3nccc(-c4cnc(C#N)s4)c23)c(OC)n1	0.019873
rxn:5:198655:229270:228455	COc1ncc(-c2ccc3c(-c4cnc(C#N)s4)ccnc3c2)c(OC)n1	0.019873
rxn:5:198667:229270:228455	COc1ncc(-c2cc3ncccc3cc2-c2cnc(C#N)s2)c(OC)n1	0.019873
rxn:5:198686:229270:228455	COc1ncc(-c2cc(-c3cnc(C#N)s3)cc3ncccc23)c(OC)n1	0.019873
rxn:5:198748:229270:228455	COc1ncc(-c2cc(-c3cnc(C#N)s3)c3ccncc3c2)c(OC)n1	0.019873
rxn:5:198417:229060:228455	COc1ncc(-c2ccnc3cc(-c4ccc(C#N)nc4)sc23)c(OC)n1	0.019873
rxn:5:176594:227349:229311	COc1cc(C)cc(-c2ccc(OCC(C)=O)cc2-c2cnc(C)s2)c1OC	0.019873
rxn:5:189538:228381:229311	Cc1ncc(-c2cc(C(=O)N(C)C(C)C)ccc2-c2c(F)cc(C#N)cc2F)s1	0.019873
rxn:5:179183:229009:228574	COc1cc(OC)c(-c2ccc(C)cc2C#N)c(-c2cc(C3CC3)cs2)c1	0.019867
rxn:5:179200:229009:228574	COc1cc(OC)c(-c2cc(C3CC3)cs2)c(-c2ccc(C)cc2C#N)c1	0.019867
rxn:5:191918:226412:229270	CCc1cc(C#N)c(-c2cnc(C#N)s2)c(-c2cc(F)cc(N3CCCC3)c2)c1	0.019867
rxn:5:182011:223183:229270	CNS(=O)(=O)c1ccc(-c2ccc(C3CCOCC3)cc2-c2cnc(C#N)s2)c(C)c1	0.019863
rxn:5:176753:227999:229308	CCCOc1ccc(-c2cc(C)no2)cc1-c1ccc(C(C)C)cc1F	0.019862
rxn:5:192077:229270:223164	COC(=O)c1cc(-c2cnc(C#N)s2)c(C)c(-c2cc(F)c(F)c(NC3CC3)c2)n1	0.019856
rxn:5:199106:229310:229061	Cc1nc(-c2ccc3nccc(-c4cnn(C(C)C)c4)c3c2C)cs1	0.019855
rxn:5:178839:227034:229057	COC(=O)c1cc(-c2c(C#N)cccc2C2CC2)ccc1-c1cnn(C2CC2)c1	0.019854
rxn:5:198620:223464:228970	FC(F)(F)c1ccc(-c2ccnc3ccc(-c4cc[nH]c4)cc23)s1	0.019841
rxn:5:180096:229344:228021	CC(=O)c1cc(C)cc(-c2cc(-c3cocn3)ccc2OC2CCCC2)c1	0.019839
rxn:5:181329:229270:226593	CC(C)Oc1ccc(F)c(-c2c(-c3cnc(C#N)s3)cccc2S(C)(=O)=O)c1F	0.019838
rxn:5:181076:227280:229177	CSc1cc(-c2cc(C#N)ncc2C(C)C)cc(-c2c(F)cncc2F)c1	0.019835
rxn:5:181076:227282:229177	CSc1cc(-c2cc(C#N)cnc2C(C)C)cc(-c2c(F)cncc2F)c1	0.019835
rxn:5:181076:227281:229177	CSc1cc(-c2cc(C#N)nc(C(C)C)c2)cc(-c2c(F)cncc2F)c1	0.019835
rxn:5:198417:229270:228867	CCc1nc(OC)c(-c2ccnc3cc(-c4cnc(C#N)s4)sc23)s1	0.019830
rxn:5:199106:223466:228038	Cc1c(-c2cn[nH]c2)ccc2nccc(-c3ccc4c(c3)ncn4C)c12	0.019825
rxn:5:199106:223466:228033	Cc1c(-c2cn[nH]c2)ccc2nccc(-c3ccc4ncn(C)c4c3)c12	0.019825
rxn:5:199106:223466:228026	Cc1c(-c2cn[nH]c2)ccc2nccc(-c3ccc4cnn(C)c4c3)c12	0.019825
rxn:5:199106:223466:228029	Cc1c(-c2cn[nH]c2)ccc2nccc(-c3ccc4cn(C)nc4c3)c12	0.019825
rxn:5:199106:223466:228030	Cc1c(-c2cn[nH]c2)ccc2nccc(-c3ccc4c(cnn4C)c3)c12	0.019825
rxn:5:199106:223466:228045	Cc1c(-c2cn[nH]c2)ccc2nccc(-c3cnc4ccn(C)c4c3)c12	0.019825
rxn:5:199106:223466:228031	Cc1c(-c2cn[nH]c2)ccc2nccc(-c3ccc4nn(C)cc4c3)c12	0.019825
rxn:5:199106:223466:228046	Cc1c(-c2cn[nH]c2)ccc2nccc(-c3ccnc4c3ccn4C)c12	0.019825
rxn:5:199106:229296:223405	Cc1c(-c2cnn(C)c2)ccc2nccc(-c3ccc4[nH]cnc4c3)c12	0.019825
rxn:5:199106:229296:223410	Cc1c(-c2cnn(C)c2)ccc2nccc(-c3c[nH]c4cnccc34)c12	0.019825
rxn:5:179197:226572:229270	N#Cc1ncc(-c2cc(-c3cnc(OC4CCCC4)nc3)ccc2OC2CC2)s1	0.019825
rxn:5:198417:229270:228988	Cc1ccc(-c2ccnc3cc(-c4cnc(C#N)s4)sc23)cc1C	0.019823
rxn:5:198417:229270:228986	Cc1cccc(-c2ccnc3cc(-c4cnc(C#N)s4)sc23)c1C	0.019823
rxn:5:195324:227034:229051	CCCn1cc(-c2nc(SC)ccc2-c2c(C#N)cccc2C2CC2)cn1	0.019821
rxn:5:182506:229231:226593	CCc1ncc(-c2cccc(C)c2-c2c(F)ccc(OC(C)C)c2F)s1	0.019814
rxn:5:195522:229270:227401	CCc1cc(-c2cccc(-c3cnco3)c2)c(-c2cnc(C#N)s2)cn1	0.019813
rxn:5:182506:229270:226883	Cc1cccc(-c2cnc(C#N)s2)c1-c1c(F)ccc(C(F)(F)F)c1F	0.019806
rxn:5:179400:229272:228378	COc1ncc(-c2cc(C(=O)C3CC3)ccc2-c2ccc(C#N)c(F)c2F)s1	0.019796
rxn:5:179400:229272:228371	COc1ncc(-c2cc(C(=O)C3CC3)ccc2-c2ccc(F)c(C#N)c2F)s1	0.019796
rxn:5:196240:229270:223164	N#Cc1ncc(-c2cc(-c3cc(F)c(F)c(NC4CC4)c3)c(C3CCC3)cn2)s1	0.019793
rxn:5:194142:223462:229061	COC(=O)c1cc2c(-c3cc(C)[nH]n3)ccc(-c3cnn(C(C)C)c3)c2[nH]1	0.019793
rxn:5:198417:229272:228455	COc1ncc(-c2ccnc3cc(-c4cnc(OC)s4)sc23)c(OC)n1	0.019787
rxn:5:181076:228165:229177	CCOc1ccc(F)c(-c2cc(SC)cc(-c3c(F)cncc3F)c2)c1	0.019781
rxn:5:179197:223466:226818	Fc1cc(-c2nccs2)ncc1-c1cc(-c2cn[nH]c2)ccc1OC1CC1	0.019780
rxn:5:195435:229338:223112	CC(=O)c1cc(-c2c(C(C)C)ccc3[nH]ncc23)cc(-c2ccns2)n1	0.019779
rxn:5:180096:228677:229270	CC(C)Cn1cc(-c2ccc(OC3CCCC3)c(-c3cnc(C#N)s3)c2)cn1	0.019776
rxn:5:196189:227661:229270	Cc1cc(C(F)(F)F)ccc1-c1ccc(C2=NCCO2)cc1-c1cnc(C#N)s1	0.019776
rxn:5:198513:229270:223310	N#Cc1ncc(-c2cc3cc[nH]c3cc2-c2ccc(NC3CC3)cc2)s1	0.019773
rxn:5:179546:229270:228332	CCOc1cc(-c2cnc(OC)cc2SC)c(-c2cnc(C#N)s2)cc1C	0.019772
rxn:5:191682:229296:226200	COCc1cc(-c2ccc3c(c2)ncn3C(C)C)ncc1-c1cnn(C)c1	0.019770
rxn:5:195435:229338:227639	CC(=O)c1cc(-c2cn(-c3cccs3)nc2C)cc(-c2ccns2)n1	0.019765
rxn:5:195435:229338:226945	CC(=O)c1cc(-c2cc(C)cc3cccnc23)cc(-c2ccns2)n1	0.019759
rxn:5:195435:229338:226949	CC(=O)c1cc(-c2ccnc3ccc(C)cc23)cc(-c2ccns2)n1	0.019759
rxn:5:181282:229270:227076	CCc1ccc(-c2cc(C(C)CC)ccc2F)c(-c2cnc(C#N)s2)c1	0.019753
rxn:5:199090:223251:223462	Cc1cc(-c2ccnc3cc(C)c(-c4ccc5c(c4)OCC(=O)N5)cc23)n[nH]1	0.019752
rxn:5:199091:223251:223462	Cc1cc(-c2ccnc3cc(-c4ccc5c(c4)OCC(=O)N5)c(C)cc23)n[nH]1	0.019752
rxn:5:199106:223251:223462	Cc1cc(-c2ccnc3ccc(-c4ccc5c(c4)OCC(=O)N5)c(C)c23)n[nH]1	0.019752
rxn:5:199060:223251:223462	Cc1cc(-c2cc3nccc(-c4ccc5c(c4)OCC(=O)N5)c3cc2C)n[nH]1	0.019752
rxn:5:199089:223251:223462	Cc1cc(-c2ccnc3c(C)cc(-c4ccc5c(c4)OCC(=O)N5)cc23)n[nH]1	0.019752
rxn:5:199092:223251:223462	Cc1cc(-c2ccc3c(c2)OCC(=O)N3)c2nccc(-c3cc(C)[nH]n3)c2c1	0.019752
rxn:5:199068:223251:223462	Cc1cc(-c2nc(C)c(-c3ccc4c(c3)OCC(=O)N4)c3ccccc23)n[nH]1	0.019752
rxn:5:176753:227092:229308	CCCOc1ccc(-c2cc(C)no2)cc1-c1ccc(C2CCC2)nc1C	0.019750
rxn:5:198620:223464:228629	c1cc(-c2ccc(C3CCC3)s2)c2cc(-c3cc[nH]c3)ccc2n1	0.019749
rxn:5:198513:229270:227655	CN(C)c1cc(-c2cc3[nH]ccc3cc2-c2cnc(C#N)s2)cc(F)c1F	0.019746
rxn:5:195792:229066:227115	CCc1ncncc1-c1cncc(C2CC2)c1-c1cc(C)c(C2CC2)cc1F	0.019746
rxn:5:199106:223466:228023	Cc1c(-c2cn[nH]c2)ccc2nccc(-c3ccc4nccnc4c3)c12	0.019740
rxn:5:199106:223466:228027	Cc1c(-c2cn[nH]c2)ccc2nccc(-c3ccc4cncnc4c3)c12	0.019740
rxn:5:199106:223466:228034	Cc1c(-c2cn[nH]c2)ccc2nccc(-c3cccc4nccnc34)c12	0.019740
rxn:5:195324:226841:229057	COc1cc(-c2ccc(SC)nc2-c2cnn(C3CC3)c2)cnc1C(F)(F)F	0.019735
rxn:5:199106:223466:227833	CCc1cc(C)cc(C)c1-c1ccnc2ccc(-c3cn[nH]c3)c(C)c12	0.019732
rxn:5:198417:229093:228455	COc1ncc(-c2ccnc3cc(-c4c(C)ncnc4C)sc23)c(OC)n1	0.019722
rxn:5:199106:229255:229061	Cc1c(-c2ccncc2F)ccc2nccc(-c3cnn(C(C)C)c3)c12	0.019719
rxn:5:181068:228977:228435	COc1cccc(-c2ccc3c(c2)CC3)c1-c1c(SC)ccc(F)c1F	0.019713
rxn:5:181065:228977:228435	COc1ccc(-c2ccc3c(c2)CC3)cc1-c1c(SC)ccc(F)c1F	0.019713
rxn:5:181067:228977:228435	COc1ccc(-c2ccc3c(c2)CC3)c(-c2c(SC)ccc(F)c2F)c1	0.019713
rxn:5:181069:228977:228435	COc1c(-c2ccc3c(c2)CC3)cccc1-c1c(SC)ccc(F)c1F	0.019713
rxn:5:181066:228977:228435	COc1cc(-c2ccc3c(c2)CC3)ccc1-c1c(SC)ccc(F)c1F	0.019713
rxn:5:181062:228977:228435	COc1ccc(-c2c(SC)ccc(F)c2F)cc1-c1ccc2c(c1)CC2	0.019713
rxn:5:181064:228977:228435	COc1cc(-c2c(SC)ccc(F)c2F)ccc1-c1ccc2c(c1)CC2	0.019713
rxn:5:181063:228977:228435	COc1ccc(-c2c(SC)ccc(F)c2F)c(-c2ccc3c(c2)CC3)c1	0.019713
rxn:5:181071:228977:228429	COc1cccc(-c2c(F)ccc(SC)c2F)c1-c1ccc2c(c1)CC2	0.019713
rxn:5:181071:228977:228443	COc1cccc(-c2ccc(F)c(SC)c2F)c1-c1ccc2c(c1)CC2	0.019713
rxn:5:181071:228977:228430	COc1cccc(-c2c(F)cc(SC)cc2F)c1-c1ccc2c(c1)CC2	0.019713
rxn:5:181071:228977:228419	COc1cccc(-c2cc(F)c(SC)cc2F)c1-c1ccc2c(c1)CC2	0.019713
rxn:5:181071:228977:228420	COc1cccc(-c2cc(F)c(SC)c(F)c2)c1-c1ccc2c(c1)CC2	0.019713
rxn:5:181071:228977:228431	COc1cccc(-c2cc(F)cc(F)c2SC)c1-c1ccc2c(c1)CC2	0.019713
rxn:5:181076:227561:229177	COc1cc(F)c(-c2cc(SC)cc(-c3c(F)cncc3F)c2)cc1OC	0.019709
rxn:5:196920:229270:229308	Cc1cc(-c2ccc(-n3c(C)ccc3C)c(-c3cnc(C#N)s3)c2)on1	0.019708
rxn:5:181282:229270:225602	CCc1ccc(-c2cc(C3(C#N)CCC3)ccc2F)c(-c2cnc(C#N)s2)c1	0.019708
rxn:5:181076:228888:227901	CSc1cc(-c2ccc(CC(C)C)nc2)cc(-c2cc(C#N)ncc2F)c1	0.019701
rxn:5:198417:227737:223462	Cc1cc(-c2ccnc3cc(-c4cnc(C(F)(F)F)cc4C)sc23)n[nH]1	0.019699
rxn:5:198911:229270:227498	COc1cc(N(C)C)ncc1-c1cc2c(C)c[nH]c2cc1-c1cnc(C#N)s1	0.019695
rxn:5:181076:225980:229177	CSc1cc(-c2cc(N3CCOCC3)ncc2F)cc(-c2c(F)cncc2F)c1	0.019695
rxn:5:179396:229272:228821	COc1ncc(-c2ccc(C(=O)C3CC3)c(-c3ccc(C)c(F)c3F)c2)s1	0.019693
rxn:5:179400:229272:228830	COc1ncc(-c2cc(C(=O)C3CC3)ccc2-c2ccc(F)c(C)c2F)s1	0.019693
rxn:5:179400:229272:228844	COc1ncc(-c2cc(C(=O)C3CC3)ccc2-c2ccc(F)c(F)c2C)s1	0.019693
rxn:5:179400:229272:228826	COc1ncc(-c2cc(C(=O)C3CC3)ccc2-c2cc(C)c(F)cc2F)s1	0.019693
rxn:5:179400:229272:228832	COc1ncc(-c2cc(C(=O)C3CC3)ccc2-c2cc(C)cc(F)c2F)s1	0.019693
rxn:5:179400:229272:228846	COc1ncc(-c2cc(C(=O)C3CC3)ccc2-c2cc(C)c(F)c(F)c2)s1	0.019693
rxn:5:179400:229271:228821	COc1cc(-c2cc(C(=O)C3CC3)ccc2-c2ccc(C)c(F)c2F)sn1	0.019693
rxn:5:179400:229273:228821	COc1ncsc1-c1cc(C(=O)C2CC2)ccc1-c1ccc(C)c(F)c1F	0.019693
rxn:5:179400:229272:228833	COc1ncc(-c2cc(C(=O)C3CC3)ccc2-c2c(F)ccc(C)c2F)s1	0.019693
rxn:5:179400:229272:228839	COc1ncc(-c2cc(C(=O)C3CC3)ccc2-c2cc(F)cc(C)c2F)s1	0.019693
rxn:5:179400:229272:228827	COc1ncc(-c2cc(C(=O)C3CC3)ccc2-c2cc(F)c(F)cc2C)s1	0.019693
rxn:5:179400:229272:228825	COc1ncc(-c2cc(C(=O)C3CC3)ccc2-c2cc(F)c(C)cc2F)s1	0.019693
rxn:5:181071:228977:223205	COc1cccc(-c2cc3c(C#N)cccc3[nH]2)c1-c1ccc2c(c1)CC2	0.019691
rxn:5:198417:228675:223462	Cc1cc(-c2ccnc3cc(-c4cccc5scnc45)sc23)n[nH]1	0.019690
rxn:5:182897:229270:226593	CC(C)Oc1ccc(F)c(-c2c(-c3cnc(C#N)s3)ccc3c2CCC3)c1F	0.019688
rxn:5:180148:229344:229270	COc1ccccc1-c1ccc(-c2cocn2)cc1-c1cnc(C#N)s1	0.019688
rxn:5:180141:229344:229270	COc1ccc(-c2cnc(C#N)s2)cc1-c1ccc(-c2cocn2)cc1	0.019688
rxn:5:196190:223464:223421	CNC(C)c1ccc(-c2ccc(-n3cccc3)c(-c3cc[nH]c3)c2)s1	0.019684
rxn:5:176993:229272:228723	CCCC(=O)c1ccc(-c2ccc(C#N)c(F)c2)c(-c2cnc(OC)s2)c1	0.019680
rxn:5:195463:226412:229231	CCc1ncc(-c2cc(C#N)c(C)cc2-c2cc(F)cc(N3CCCC3)c2)s1	0.019674
rxn:5:181575:226412:229270	CCc1cc(-c2cnc(C#N)s2)c(C)cc1-c1cc(F)cc(N2CCCC2)c1	0.019674
rxn:5:195463:227749:229270	Cc1cc(-c2cc(F)cc(C(F)(F)F)c2)c(-c2cnc(C#N)s2)cc1C#N	0.019671
rxn:5:182506:229270:226028	Cc1cccc(-c2cnc(C#N)s2)c1-c1ccc(C(F)(F)F)c(C#N)c1F	0.019671
rxn:5:177186:228381:229311	CCOC(=O)c1cc(-c2cnc(C)s2)c(-c2c(F)cc(C#N)cc2F)cc1C	0.019665
rxn:5:179840:227917:229311	CCc1ccc(OC)c(-c2ccc(O[C@@H]3CCOC3)cc2-c2cnc(C)s2)c1	0.019665
rxn:5:179840:227942:229311	CCc1ccc(-c2ccc(O[C@@H]3CCOC3)cc2-c2cnc(C)s2)c(OC)c1	0.019665
rxn:5:199106:223464:228161	CCOc1ccc(-c2ccnc3ccc(-c4cc[nH]c4)c(C)c23)c(F)c1	0.019665
rxn:5:176753:229270:227655	CCCOc1ccc(-c2cc(F)c(F)c(N(C)C)c2)cc1-c1cnc(C#N)s1	0.019663
rxn:5:182656:229316:223271	CC(=O)Nc1cc(-c2c(-c3nc(C)cs3)ccc3ccoc23)ccc1F	0.019661
rxn:5:191700:228977:228435	COCc1ncc(-c2ccc3c(c2)CC3)cc1-c1c(SC)ccc(F)c1F	0.019661
rxn:5:181071:228977:225794	COc1cccc(-c2cnc(OC3CCCCC3)nc2)c1-c1ccc2c(c1)CC2	0.019655
rxn:5:178847:229272:223000	COC(=O)c1ccc(-c2ccc(C3CCCNC3)c(F)c2)c(-c2cnc(OC)s2)c1	0.019652
rxn:5:178841:229272:223000	COC(=O)c1ccc(-c2cnc(OC)s2)c(-c2ccc(C3CCCNC3)c(F)c2)c1	0.019652
rxn:5:193227:228259:229270	COc1cc(C)cc(-c2cc(C(=O)N3CCOCC3)cc(-c3cnc(C#N)s3)c2)c1F	0.019649
rxn:5:195463:226412:229124	Cc1cc(-c2cc(F)cc(N3CCCC3)c2)c(-c2cnc(C)c(F)c2)cc1C#N	0.019648
rxn:5:179840:227957:229311	Cc1ncc(-c2cc(O[C@@H]3CCOC3)ccc2-c2ccc(C(C)C)nc2C)s1	0.019647
rxn:5:195522:229270:227638	CCc1cc(-c2cc(-c3ncccn3)cs2)c(-c2cnc(C#N)s2)cn1	0.019646
rxn:5:195522:229270:227630	CCc1cc(-c2cc(-c3cnccn3)cs2)c(-c2cnc(C#N)s2)cn1	0.019646
rxn:5:181282:229270:227728	CCc1ccc(-c2cnc(-c3nccs3)nc2)c(-c2cnc(C#N)s2)c1	0.019646
rxn:5:189539:229270:229088	CC(=O)c1csc(-c2c(C(=O)N(C)C(C)C)cccc2-c2cnc(C#N)s2)c1	0.019643
rxn:5:181071:228977:227447	COc1cccc(-c2c(F)ccc(C3CC3)c2F)c1-c1ccc2c(c1)CC2	0.019643
rxn:5:195324:227034:228876	CSc1ccc(-c2c(C#N)cccc2C2CC2)c(-c2cnn(C3CC3F)c2)n1	0.019643
rxn:5:182637:229270:223419	N#Cc1ncc(-c2cc3occc3cc2-c2cc3ccncc3[nH]2)s1	0.019640
rxn:5:179191:229272:223000	COc1ncc(-c2ccc(-c3ccc(C4CCCNC4)c(F)c3)c(CC(C)=O)c2)s1	0.019640
rxn:5:198417:226131:223462	Cc1cc(-c2ccnc3cc(-c4ccccc4CN4CCCC4)sc23)n[nH]1	0.019629
rxn:5:191918:229272:223000	CCc1cc(C#N)c(-c2ccc(C3CCCNC3)c(F)c2)c(-c2cnc(OC)s2)c1	0.019626
rxn:5:198513:229296:223164	Cn1cc(-c2cc3cc[nH]c3cc2-c2cc(F)c(F)c(NC3CC3)c2)cn1	0.019626
rxn:5:198911:229270:228124	CCOc1cc(C)c(-c2cc3c(C)c[nH]c3cc2-c2cnc(C#N)s2)cn1	0.019626
rxn:5:198417:223397:228716	Cc1cc(-c2ccnc3cc(-c4ccc5c(c4)CCN5)sc23)cnc1C#N	0.019625
rxn:5:179840:228172:229311	CCOc1cccc(-c2ccc(O[C@@H]3CCOC3)cc2-c2cnc(C)s2)c1F	0.019623
rxn:5:179840:228170:229311	CCOc1ccc(F)cc1-c1ccc(O[C@@H]2CCOC2)cc1-c1cnc(C)s1	0.019623
rxn:5:179840:228173:229311	CCOc1cc(F)ccc1-c1ccc(O[C@@H]2CCOC2)cc1-c1cnc(C)s1	0.019623
rxn:5:198423:223183:229270	CNS(=O)(=O)c1ccc(-c2cccc3oc(-c4cnc(C#N)s4)nc23)c(C)c1	0.019618
rxn:5:196189:223249:229270	N#Cc1ncc(-c2cc(C3=NCCO3)ccc2-c2ccc3nc[nH]c(=O)c3c2)s1	0.019613
rxn:5:189336:229272:228821	COc1ncc(-c2ccc(C(=O)N(C)C3CC3)cc2-c2ccc(C)c(F)c2F)s1	0.019603
rxn:5:181076:222987:229177	CSc1cc(-c2ccc(C3CCNCC3)nc2C)cc(-c2c(F)cncc2F)c1	0.019601
rxn:5:181404:229270:226593	COc1c(-c2cnc(C#N)s2)ccc(C)c1-c1c(F)ccc(OC(C)C)c1F	0.019596
rxn:5:181406:229270:226593	COc1ccc(-c2cnc(C#N)s2)c(-c2c(F)ccc(OC(C)C)c2F)c1C	0.019596
rxn:5:181428:229270:226593	COc1ccc(-c2cnc(C#N)s2)c(C)c1-c1c(F)ccc(OC(C)C)c1F	0.019596
rxn:5:179840:228247:229311	CC(=O)c1ccc(F)c(-c2ccc(O[C@@H]3CCOC3)cc2-c2cnc(C)s2)c1	0.019596
rxn:5:176594:228381:229075	CC(=O)COc1ccc(-c2c(F)cc(C#N)cc2F)c(-c2cc(C)c(C#N)s2)c1	0.019589
rxn:5:182507:228977:228435	CSc1ccc(F)c(F)c1-c1cccc(C)c1-c1ccc2c(c1)CC2	0.019585
rxn:5:182498:228977:228435	CSc1ccc(F)c(F)c1-c1cccc(-c2ccc3c(c2)CC3)c1C	0.019585
rxn:5:197409:223464:223421	CNC(C)c1ccc(-c2ccnc3cc(OC)c(-c4cc[nH]c4)cc23)s1	0.019585
rxn:5:197418:223464:223421	CNC(C)c1ccc(-c2cc(OC)nc3ccc(-c4cc[nH]c4)cc23)s1	0.019585
rxn:5:197423:223464:223421	CNC(C)c1ccc(-c2c(OC)ccc3ncc(-c4cc[nH]c4)cc23)s1	0.019585
rxn:5:197404:223464:223421	CNC(C)c1ccc(-c2cnc3ccc(OC)cc3c2-c2cc[nH]c2)s1	0.019585
rxn:5:197430:223464:223421	CNC(C)c1ccc(-c2ccnc3cc(-c4cc[nH]c4)c(OC)cc23)s1	0.019585
rxn:5:197413:223464:223421	CNC(C)c1ccc(-c2cc3nccc(-c4cc[nH]c4)c3cc2OC)s1	0.019585
rxn:5:195522:229270:227617	CCc1cc(-c2cc(-n3cnc(C)c3)cs2)c(-c2cnc(C#N)s2)cn1	0.019582
rxn:5:195522:229270:227619	CCc1cc(-c2cc(-n3cc(C)cn3)cs2)c(-c2cnc(C#N)s2)cn1	0.019582
rxn:5:195522:229270:227620	CCc1cc(-c2cc(-n3ccnc3C)cs2)c(-c2cnc(C#N)s2)cn1	0.019582
rxn:5:195522:229270:227622	CCc1cc(-c2cc(-n3ccc(C)n3)cs2)c(-c2cnc(C#N)s2)cn1	0.019582
rxn:5:199106:223464:227298	Cc1c(-c2cc[nH]c2)ccc2nccc(-c3cc(F)ccc3CN(C)C)c12	0.019574
rxn:5:179980:228411:229311	COc1ccc(-c2ccc(OC(C)(C)C)cc2-c2cnc(C)s2)c(F)c1F	0.019572
rxn:5:199106:223466:228616	CSc1ccc(-c2ccnc3ccc(-c4cn[nH]c4)c(C)c23)c(C)c1	0.019569
rxn:5:199106:223464:228756	CSc1ccc(-c2ccnc3ccc(-c4cc[nH]c4)c(C)c23)c(C)n1	0.019569
rxn:5:189083:223397:227278	CCN(C)C(=O)c1cccc(-c2ccc3c(c2)CCN3)c1-c1ccc(C2(C#N)CC2)nc1	0.019564
rxn:5:196669:229338:223320	Cc1cc(-c2cc(C3CCCC3)ncc2-c2ccns2)c2cn[nH]c2c1	0.019562
rxn:5:195463:225666:229270	Cc1cc(-c2cc(F)cc(N3CCCCC3)c2)c(-c2cnc(C#N)s2)cc1C#N	0.019555
rxn:5:195463:225679:229270	Cc1cc(-c2ccc(N3CCCCC3)cc2F)c(-c2cnc(C#N)s2)cc1C#N	0.019555
rxn:5:197125:229100:229270	COc1cc(-c2cnc(C#N)s2)c2nc(-c3ccnc(C)c3F)sc2c1	0.019554
rxn:5:195792:229073:227115	COc1cnccc1-c1cncc(C2CC2)c1-c1cc(C)c(C2CC2)cc1F	0.019553
rxn:5:195792:229068:227115	COc1ccncc1-c1cncc(C2CC2)c1-c1cc(C)c(C2CC2)cc1F	0.019553
rxn:5:195522:229270:226958	CCc1cc(-c2ccc3ccc(C)nc3c2)c(-c2cnc(C#N)s2)cn1	0.019551
rxn:5:198517:229270:228332	COc1cc(SC)c(-c2cc(-c3cnc(C#N)s3)c3cc[nH]c3c2)cn1	0.019551
rxn:5:198516:229270:228332	COc1cc(SC)c(-c2cc(-c3cnc(C#N)s3)cc3[nH]ccc23)cn1	0.019551
rxn:5:198521:229270:228332	COc1cc(SC)c(-c2cc3cc[nH]c3cc2-c2cnc(C#N)s2)cn1	0.019551
rxn:5:198527:229270:228332	COc1cc(SC)c(-c2c[nH]c3cc(-c4cnc(C#N)s4)ccc23)cn1	0.019551
rxn:5:198513:229270:228332	COc1cc(SC)c(-c2cc3[nH]ccc3cc2-c2cnc(C#N)s2)cn1	0.019551
rxn:5:198519:229270:228332	COc1cc(SC)c(-c2ccc3[nH]cc(-c4cnc(C#N)s4)c3c2)cn1	0.019551
rxn:5:198522:229270:228332	COc1cc(SC)c(-c2c[nH]c3ccc(-c4cnc(C#N)s4)cc23)cn1	0.019551
rxn:5:198518:229270:228332	COc1cc(SC)c(-c2cccc3[nH]cc(-c4cnc(C#N)s4)c23)cn1	0.019551
rxn:5:179199:228127:223271	COc1cc(OC)c(-c2c(C#N)cccc2OC)cc1-c1ccc(F)c(NC(C)=O)c1	0.019547
rxn:5:195324:227056:229057	COc1cccc(C2CC2)c1-c1ccc(SC)nc1-c1cnn(C2CC2)c1	0.019545
rxn:5:195324:227078:229057	COc1ccc(C2CC2)c(-c2ccc(SC)nc2-c2cnn(C3CC3)c2)c1	0.019545
rxn:5:195324:227054:229057	COc1cc(-c2ccc(SC)nc2-c2cnn(C3CC3)c2)ccc1C1CC1	0.019545
rxn:5:182506:229270:226035	COc1ccc(C(F)(F)F)c(F)c1-c1c(C)cccc1-c1cnc(C#N)s1	0.019537
rxn:5:195463:225438:229270	Cc1cc(-c2ccc(C(C)N3CCCC3)cc2)c(-c2cnc(C#N)s2)cc1C#N	0.019536
rxn:5:179840:228411:229272	COc1ncc(-c2cc(O[C@@H]3CCOC3)ccc2-c2ccc(OC)c(F)c2F)s1	0.019534
rxn:5:182949:229009:228574	Cc1ccc(-c2c(-c3cc(C4CC4)cs3)ccc3c2OCCC3=O)c(C#N)c1	0.019529
rxn:5:199106:223464:226582	Cc1c(-c2cc[nH]c2)ccc2nccc(-c3ccc(C(=O)N(C)C)cc3F)c12	0.019517
rxn:5:195522:228964:229088	CCc1cc(-c2cc(C(C)=O)cs2)c(-c2cnc(C(=O)OC)s2)cn1	0.019504
rxn:5:195463:226412:228714	Cc1cc(-c2cc(F)cc(N3CCCC3)c2)c(-c2cnc(C#N)cc2C)cc1C#N	0.019503
rxn:5:195463:226412:228718	Cc1cc(-c2cc(F)cc(N3CCCC3)c2)c(-c2cc(C#N)cnc2C)cc1C#N	0.019503
rxn:5:195463:226412:228719	Cc1cc(-c2cc(F)cc(N3CCCC3)c2)c(-c2cc(C#N)ncc2C)cc1C#N	0.019503
rxn:5:195463:226412:228711	Cc1cnc(C#N)c(-c2cc(C#N)c(C)cc2-c2cc(F)cc(N3CCCC3)c2)c1	0.019503
rxn:5:182506:229270:226059	Cc1cccc(-c2cnc(C#N)s2)c1-c1ccc(C(C)C)cc1C(C)C	0.019497
rxn:5:179197:223466:226157	c1ccc(-c2cncc(-c3cc(-c4cn[nH]c4)ccc3OC3CC3)c2)cc1	0.019491
rxn:5:179191:228127:223271	COc1cccc(C#N)c1-c1ccc(-c2ccc(F)c(NC(C)=O)c2)c(CC(C)=O)c1	0.019489
rxn:5:179400:229272:228215	COc1ncc(-c2cc(C(=O)C3CC3)ccc2-c2ccc(C)c(C#N)c2F)s1	0.019489
rxn:5:179400:229272:228204	COc1ncc(-c2cc(C(=O)C3CC3)ccc2-c2cc(C)cc(C#N)c2F)s1	0.019489
rxn:5:176993:229272:229037	CCCC(=O)c1ccc(-c2ccc(C)c(F)c2)c(-c2cnc(OC)s2)c1	0.019486
rxn:5:176993:229272:229029	CCCC(=O)c1ccc(-c2ccc(F)c(C)c2)c(-c2cnc(OC)s2)c1	0.019486
rxn:5:199106:229296:228125	Cc1c(-c2cnn(C)c2)ccc2nccc(-c3ccnc(OC(C)C)c3)c12	0.019484
rxn:5:195324:228005:229057	CSc1ccc(-c2cc(C)c(SC)cc2C)c(-c2cnn(C3CC3)c2)n1	0.019484
rxn:5:195449:223464:226695	CC(=O)c1c(-c2ccc(-c3cncs3)cc2F)ccnc1-c1cc[nH]c1	0.019480
rxn:5:176594:228381:229222	CC(=O)COc1ccc(-c2c(F)cc(C#N)cc2F)c(-c2cc(C)c(C)s2)c1	0.019475
rxn:5:181410:229272:223000	COc1ncc(-c2cc(C3CC3)ccc2-c2ccc(C3CCCNC3)c(F)c2)s1	0.019474
rxn:5:195324:228603:229057	CSc1ccc(-c2cccc(C(C)=O)c2)c(-c2cnn(C3CC3)c2)n1	0.019473
rxn:5:179400:229272:223146	COc1ncc(-c2cc(C(=O)C3CC3)ccc2-c2cccc(C3CNCCO3)c2)s1	0.019463
rxn:5:179400:229272:223147	COc1ncc(-c2cc(C(=O)C3CC3)ccc2-c2ccc(C3CNCCO3)cc2)s1	0.019463
rxn:5:198417:229231:228455	CCc1ncc(-c2cc3nccc(-c4cnc(OC)nc4OC)c3s2)s1	0.019462
rxn:5:176584:223183:229270	CCOC(=O)c1ccc(-c2ccc(S(=O)(=O)NC)cc2C)c(-c2cnc(C#N)s2)c1	0.019459
rxn:5:199106:223464:227203	Cc1c(-c2cc[nH]c2)ccc2nccc(-c3ccc4c(c3)OCCCO4)c12	0.019458
rxn:5:188725:228597:229008	Cc1cccc(C#N)c1-c1cnc(OCC2CC2)c(-c2ccc(CF)cc2)c1	0.019457
rxn:5:177492:229344:229270	N#Cc1ncc(-c2cc(-c3cocn3)ccc2OCc2ccccc2)s1	0.019455
rxn:5:177181:228381:229311	Cc1ncc(-c2cc(C(=O)OC(C)C)ccc2-c2c(F)cc(C#N)cc2F)s1	0.019446
rxn:5:176753:229270:227529	CCCOc1ccc(-c2ccc(C(=O)OC)cc2F)cc1-c1cnc(C#N)s1	0.019446
rxn:5:198417:223369:223462	Cc1cc(-c2ccnc3cc(-c4cc(F)c5cn[nH]c5c4)sc23)n[nH]1	0.019445
rxn:5:179404:223183:229270	CNS(=O)(=O)c1ccc(-c2cc(-c3cnc(C#N)s3)cc(C(C)=O)c2OC)c(C)c1	0.019442
rxn:5:182578:229296:226200	Cc1c(-c2ccc3c(c2)ncn3C(C)C)ccc(-c2cnn(C)c2)c1C	0.019434
rxn:5:182580:229296:226200	Cc1ccc(-c2cnn(C)c2)c(C)c1-c1ccc2c(c1)ncn2C(C)C	0.019434
rxn:5:198417:223113:223462	Cc1cc(-c2ccnc3cc(-c4ccc5c(c4)C(C)(C)C(=O)N5)sc23)n[nH]1	0.019430
rxn:5:199106:223464:228219	Cc1c(-c2cc[nH]c2)ccc2nccc(-c3cnc(C(C)C)cc3F)c12	0.019419
rxn:5:196189:226345:229270	COC(=O)c1cc(-c2ccc(C3=NCCO3)cc2-c2cnc(C#N)s2)c(C)cc1C	0.019416
rxn:5:196189:223183:229080	CNS(=O)(=O)c1ccc(-c2ccc(C3=NCCO3)cc2-c2cnc(C3CC3)s2)c(C)c1	0.019412
rxn:5:178994:229270:226593	COCc1cccc(-c2cnc(C#N)s2)c1-c1c(F)ccc(OC(C)C)c1F	0.019411
rxn:5:178989:229270:226593	COCc1c(-c2cnc(C#N)s2)cccc1-c1c(F)ccc(OC(C)C)c1F	0.019411
rxn:5:182654:228597:229283	Cc1cccc(C#N)c1-c1ccc2ccsc2c1-c1ccncc1	0.019410
rxn:5:196189:226926:229270	Cc1cc(C(C)(C)C)ccc1-c1ccc(C2=NCCO2)cc1-c1cnc(C#N)s1	0.019409
rxn:5:195460:227844:229272	COc1ncc(-c2cc(-c3ccc4ncccc4c3)cc(C)c2C#N)s1	0.019409
rxn:5:195460:227852:229272	COc1ncc(-c2cc(-c3ccc4cccnc4c3)cc(C)c2C#N)s1	0.019409
rxn:5:182654:228597:229241	Cc1cccc(C#N)c1-c1ccc2ccsc2c1-c1cnn(C)c1C	0.019399
rxn:5:196189:227051:229270	CCC(=O)c1ccc(-c2ccc(C3=NCCO3)cc2-c2cnc(C#N)s2)c(C)c1	0.019387
rxn:5:176993:229272:223242	CCCC(=O)c1ccc(-c2ccnc(C3CCNC3)c2)c(-c2cnc(OC)s2)c1	0.019383
rxn:5:176993:229272:223240	CCCC(=O)c1ccc(-c2ccc(C3CCNC3)nc2)c(-c2cnc(OC)s2)c1	0.019383
rxn:5:176993:229272:223241	CCCC(=O)c1ccc(-c2cncc(C3CCNC3)c2)c(-c2cnc(OC)s2)c1	0.019383
rxn:5:195463:225462:229270	Cc1cc(-c2cccc(N3CCC(C)CC3)c2)c(-c2cnc(C#N)s2)cc1C#N	0.019382
rxn:5:195463:225464:229270	Cc1cc(-c2cccc(N3CCCC(C)C3)c2)c(-c2cnc(C#N)s2)cc1C#N	0.019382
rxn:5:195463:225470:229270	Cc1cc(-c2ccc(N3CCC(C)CC3)cc2)c(-c2cnc(C#N)s2)cc1C#N	0.019382
rxn:5:199106:223462:223389	Cc1cc(-c2ccc3nccc(-c4c(C)n[nH]c4C(F)(F)F)c3c2C)n[nH]1	0.019378
rxn:5:182506:229270:226052	Cc1cccc(-c2cnc(C#N)s2)c1-c1c(F)ccc(OC(F)(F)F)c1F	0.019377
rxn:5:182506:229270:226051	Cc1cccc(-c2cnc(C#N)s2)c1-c1c(OC(F)(F)F)ccc(F)c1F	0.019377
rxn:5:182506:229270:226048	Cc1cccc(-c2cnc(C#N)s2)c1-c1c(F)ccc(F)c1OC(F)(F)F	0.019377
rxn:5:182506:229270:226047	Cc1cccc(-c2cnc(C#N)s2)c1-c1ccc(OC(F)(F)F)c(F)c1F	0.019377
rxn:5:198417:229270:228113	CCc1nc(OC)ccc1-c1ccnc2cc(-c3cnc(C#N)s3)sc12	0.019372
rxn:5:198417:229270:228146	CCc1cncc(-c2ccnc3cc(-c4cnc(C#N)s4)sc23)c1OC	0.019372
rxn:5:181071:228524:228435	COc1cccc(-c2c(SC)ccc(F)c2F)c1-c1cnc2c(c1)CCC2	0.019362
rxn:5:181071:228977:223335	COc1cccc(-c2c(F)ccc3[nH]ccc23)c1-c1ccc2c(c1)CC2	0.019361
rxn:5:177191:229272:228821	COc1ncc(-c2cc(-c3ccc(C)c(F)c3F)ccc2CC(=O)C2CC2)s1	0.019359
rxn:5:176594:227985:229311	CC(=O)COc1ccc(-c2ccc(F)c(C(C)C)c2)c(-c2cnc(C)s2)c1	0.019359
rxn:5:179197:223469:225783	COc1ccc(-c2cc(-c3cc[nH]n3)ccc2OC2CC2)c(-n2cccn2)c1	0.019355
rxn:5:198417:229020:228455	COc1ncc(-c2ccnc3cc(-c4cc(C)nc(C)c4)sc23)c(OC)n1	0.019351
rxn:5:194141:229270:229218	COC(=O)c1c[nH]c2cc(-c3cccc(F)c3)c(-c3cnc(C#N)s3)cc12	0.019348
rxn:5:179400:229070:228821	COc1ccc(-c2cc(C(=O)C3CC3)ccc2-c2ccc(C)c(F)c2F)cn1	0.019341
rxn:5:181076:228888:227912	COC(C)c1ccc(-c2cc(SC)cc(-c3cc(C#N)ncc3F)c2)cc1	0.019336
rxn:5:198417:229270:228239	COc1nc(C)c(-c2ccnc3cc(-c4cnc(C#N)s4)sc23)cc1C	0.019334
rxn:5:198417:229270:228228	COc1ncc(C)c(-c2ccnc3cc(-c4cnc(C#N)s4)sc23)c1C	0.019334
rxn:5:181071:228977:228261	COc1cccc(-c2c(SC)ccc(F)c2C)c1-c1ccc2c(c1)CC2	0.019333
rxn:5:181071:228977:228274	COc1cccc(-c2cc(SC)c(C)cc2F)c1-c1ccc2c(c1)CC2	0.019333
rxn:5:181071:228977:228268	COc1cccc(-c2ccc(C)c(F)c2SC)c1-c1ccc2c(c1)CC2	0.019333
rxn:5:182656:229063:223271	CC(=O)Nc1cc(-c2c(-c3ccncc3C#N)ccc3ccoc23)ccc1F	0.019332
rxn:5:182656:229059:223271	CC(=O)Nc1cc(-c2c(-c3cnccc3C#N)ccc3ccoc23)ccc1F	0.019332
rxn:5:195463:226412:223250	Cc1cc(-c2cc(F)cc(N3CCCC3)c2)c(-c2ccc3c(c2)NC(=O)CO3)cc1C#N	0.019325
rxn:5:179400:229272:228639	COc1ncc(-c2cc(C(=O)C3CC3)ccc2-c2ccc(C)c(F)c2C)s1	0.019323
rxn:5:179400:229272:228635	COc1ncc(-c2cc(C(=O)C3CC3)ccc2-c2ccc(F)c(C)c2C)s1	0.019323
rxn:5:179400:229272:228648	COc1ncc(-c2cc(C(=O)C3CC3)ccc2-c2cc(C)cc(C)c2F)s1	0.019323
rxn:5:179400:229272:228636	COc1ncc(-c2cc(C(=O)C3CC3)ccc2-c2c(C)cc(F)cc2C)s1	0.019323
rxn:5:179400:229272:228641	COc1ncc(-c2cc(C(=O)C3CC3)ccc2-c2cc(C)c(C)cc2F)s1	0.019323
rxn:5:179400:229272:228644	COc1ncc(-c2cc(C(=O)C3CC3)ccc2-c2cc(C)c(F)c(C)c2)s1	0.019323
rxn:5:179400:229272:228637	COc1ncc(-c2cc(C(=O)C3CC3)ccc2-c2cc(C)c(F)cc2C)s1	0.019323
rxn:5:198417:229270:228337	CCOc1cc(F)c(-c2ccnc3cc(-c4cnc(C#N)s4)sc23)cn1	0.019322
rxn:5:198417:229270:228322	CCOc1ncc(-c2ccnc3cc(-c4cnc(C#N)s4)sc23)cc1F	0.019322
rxn:5:196189:226842:229270	N#Cc1ncc(-c2cc(C3=NCCO3)ccc2-c2cncc(C(=O)C(F)(F)F)c2)s1	0.019316
rxn:5:179840:227566:229311	COc1ccc(-c2ccc(O[C@@H]3CCOC3)cc2-c2cnc(C)s2)c(OC)c1F	0.019310
rxn:5:179840:227575:229311	COc1ccc(OC)c(-c2ccc(O[C@@H]3CCOC3)cc2-c2cnc(C)s2)c1F	0.019310
rxn:5:179840:227556:229311	COc1cc(-c2ccc(O[C@@H]3CCOC3)cc2-c2cnc(C)s2)cc(OC)c1F	0.019310
rxn:5:179840:227561:229311	COc1cc(F)c(-c2ccc(O[C@@H]3CCOC3)cc2-c2cnc(C)s2)cc1OC	0.019310
rxn:5:179840:227562:229311	COc1ccc(F)c(-c2ccc(O[C@@H]3CCOC3)cc2-c2cnc(C)s2)c1OC	0.019310
rxn:5:179840:227569:229311	COc1ccc(F)c(OC)c1-c1ccc(O[C@@H]2CCOC2)cc1-c1cnc(C)s1	0.019310
rxn:5:179840:227574:229311	COc1c(F)ccc(-c2ccc(O[C@@H]3CCOC3)cc2-c2cnc(C)s2)c1OC	0.019310
rxn:5:179840:227592:229311	COc1cc(F)cc(-c2ccc(O[C@@H]3CCOC3)cc2-c2cnc(C)s2)c1OC	0.019310
rxn:5:179840:227588:229311	COc1cc(F)cc(OC)c1-c1ccc(O[C@@H]2CCOC2)cc1-c1cnc(C)s1	0.019310
rxn:5:195435:229338:226812	CC(=O)c1cc(-c2ccc(-c3ncon3)cc2F)cc(-c2ccns2)n1	0.019305
rxn:5:198417:229270:228457	COC(=O)c1ncc(-c2ccnc3cc(-c4cnc(C#N)s4)sc23)cn1	0.019297
rxn:5:199106:223464:228641	Cc1cc(F)c(-c2ccnc3ccc(-c4cc[nH]c4)c(C)c23)cc1C	0.019295
rxn:5:195460:227764:229272	COc1ncc(-c2cc(-c3cc(F)c(C(F)F)c(F)c3)cc(C)c2C#N)s1	0.019293
rxn:5:179203:223397:227278	CCC(=O)c1cc(-c2ccc(C3(C#N)CC3)nc2)cc(-c2ccc3c(c2)CCN3)c1	0.019293
rxn:5:195460:226177:229272	COc1ncc(-c2cc(-c3ccnc(C4CCCCC4)c3)cc(C)c2C#N)s1	0.019289
rxn:5:198668:228888:229177	N#Cc1cc(-c2ccc(-c3c(F)cncc3F)c3ncccc23)c(F)cn1	0.019289
rxn:5:198417:223397:228691	CCOc1ccc(-c2ccnc3cc(-c4ccc5c(c4)CCN5)sc23)cn1	0.019288
rxn:5:181076:227503:229177	CSc1cc(-c2cc(OC(C)C)ncc2F)cc(-c2c(F)cncc2F)c1	0.019288
rxn:5:181076:227520:229177	CSc1cc(-c2cnc(OC(C)C)cc2F)cc(-c2c(F)cncc2F)c1	0.019288
rxn:5:195324:227034:228349	CSc1ccc(-c2c(C#N)cccc2C2CC2)c(-c2cnn(C3CCOC3)c2)n1	0.019285
rxn:5:182011:228411:229311	COc1ccc(-c2ccc(C3CCOCC3)cc2-c2cnc(C)s2)c(F)c1F	0.019285
rxn:5:182009:228411:229311	COc1ccc(-c2ccc(-c3cnc(C)s3)cc2C2CCOCC2)c(F)c1F	0.019285
rxn:5:182013:228411:229311	COc1ccc(-c2ccc(-c3cnc(C)s3)c(C3CCOCC3)c2)c(F)c1F	0.019285
rxn:5:182012:228411:229311	COc1ccc(-c2ccc(-c3cnc(C)s3)c(C3CCCOC3)c2)c(F)c1F	0.019285
rxn:5:182010:228411:229311	COc1ccc(-c2cc(-c3cnc(C)s3)ccc2C2CCOCC2)c(F)c1F	0.019285
rxn:5:194399:229272:228821	COc1ncc(-c2ccc(C(=O)N3CC4CC4C3)cc2-c2ccc(C)c(F)c2F)s1	0.019283
rxn:5:179840:227919:229311	CCOc1cc(C)cc(-c2ccc(O[C@@H]3CCOC3)cc2-c2cnc(C)s2)c1	0.019281
rxn:5:179197:223466:225858	Cc1cnn(-c2ccc(-c3cc(-c4cn[nH]c4)ccc3OC3CC3)c(F)c2)c1	0.019268
rxn:5:195522:229270:225946	CCc1cc(-c2cc(C(C)=O)cc(C(F)(F)F)c2)c(-c2cnc(C#N)s2)cn1	0.019266
rxn:5:195324:227034:228701	CSc1ccc(-c2c(C#N)cccc2C2CC2)c(-c2cnc(C3CC3)nc2)n1	0.019265
rxn:5:199106:223462:226571	Cc1cc(-c2ccc3nccc(-c4cnn(CC5CCOCC5)c4)c3c2C)n[nH]1	0.019257
rxn:5:195324:227447:229057	CSc1ccc(-c2c(F)ccc(C3CC3)c2F)c(-c2cnn(C3CC3)c2)n1	0.019255
rxn:5:196793:223183:229270	CNS(=O)(=O)c1ccc(-c2ccc(N3CCOCC3=O)cc2-c2cnc(C#N)s2)c(C)c1	0.019254
rxn:5:197169:229270:227668	COc1c(F)cc(-c2cc3c(c(-c4cnc(C#N)s4)c2)OCC(C#N)=C3)c(C)c1F	0.019254
rxn:5:179840:227546:229311	COC(=O)c1cccc(-c2ccc(O[C@@H]3CCOC3)cc2-c2cnc(C)s2)c1F	0.019250
rxn:5:179840:227531:229311	COC(=O)c1cc(F)cc(-c2ccc(O[C@@H]3CCOC3)cc2-c2cnc(C)s2)c1	0.019250
rxn:5:197125:229005:229270	COc1cc(-c2cnc(C#N)s2)c2nc(-c3ccccc3OC)sc2c1	0.019244
rxn:5:176759:229270:226412	COCCc1cc(-c2cc(F)cc(N3CCCC3)c2)ccc1-c1cnc(C#N)s1	0.019241
rxn:5:199106:229296:228180	COCc1cc(-c2ccnc3ccc(-c4cnn(C)c4)c(C)c23)ccc1F	0.019229
rxn:5:179874:229344:229270	N#Cc1ncc(-c2ccc(C(=O)c3ccc(-c4cocn4)cc3)cc2)s1	0.019229
rxn:5:195324:227034:228975	CSc1ccc(-c2c(C#N)cccc2C2CC2)c(-c2cnn(C(F)(F)F)c2)n1	0.019223
rxn:5:180096:229344:228260	CC(F)(F)c1cccc(-c2cc(-c3cocn3)ccc2OC2CCCC2)c1	0.019217
rxn:5:198620:223464:228610	CC(C)(C)c1ccc(-c2ccnc3ccc(-c4cc[nH]c4)cc23)s1	0.019215
rxn:5:193227:229338:223320	Cc1cc(-c2cc(C(=O)N3CCOCC3)cc(-c3ccns3)c2)c2cn[nH]c2c1	0.019215
rxn:5:176753:226412:229308	CCCOc1ccc(-c2cc(C)no2)cc1-c1cc(F)cc(N2CCCC2)c1	0.019214
rxn:5:181622:229272:223000	COc1ncc(-c2cc(C3OCCO3)ccc2-c2ccc(C3CCCNC3)c(F)c2)s1	0.019213
rxn:5:181624:229272:223000	COc1ncc(-c2ccc(C3OCCO3)c(-c3ccc(C4CCCNC4)c(F)c3)c2)s1	0.019213
rxn:5:181626:229272:223000	COc1ncc(-c2cccc(-c3ccc(C4CCCNC4)c(F)c3)c2C2OCCO2)s1	0.019213
rxn:5:199106:223462:228342	Cc1cc(-c2ccc3nccc(-c4cccc(OC(F)F)c4)c3c2C)n[nH]1	0.019211
rxn:5:182823:229270:223263	CNC(=O)c1ccc(F)c(-c2cc3ccccc3cc2-c2cnc(C#N)s2)c1	0.019210
rxn:5:181076:228888:228279	CCc1cc(F)c(-c2cc(SC)cc(-c3cc(C#N)ncc3F)c2)c(F)c1	0.019209
rxn:5:195463:225461:229270	Cc1cc(-c2ccc(N3CCCCC3)cc2C)c(-c2cnc(C#N)s2)cc1C#N	0.019202
rxn:5:195463:225455:229270	Cc1cc(-c2cc(N3CCCCC3)ccc2C)c(-c2cnc(C#N)s2)cc1C#N	0.019202
rxn:5:199106:223466:227409	Cc1c(-c2cn[nH]c2)ccc2nccc(-c3cc(C(C)(C)C)ncc3F)c12	0.019197
rxn:5:197409:223251:223462	COc1cc2nccc(-c3cc(C)[nH]n3)c2cc1-c1ccc2c(c1)OCC(=O)N2	0.019196
rxn:5:197430:223251:223462	COc1cc2c(-c3cc(C)[nH]n3)ccnc2cc1-c1ccc2c(c1)OCC(=O)N2	0.019196
rxn:5:197413:223251:223462	COc1cc2c(-c3ccc4c(c3)OCC(=O)N4)ccnc2cc1-c1cc(C)[nH]n1	0.019196
rxn:5:195792:223345:227115	Cc1cc(-c2c(-c3cccc4c3NC(=O)C4)cncc2C2CC2)c(F)cc1C1CC1	0.019194
rxn:5:198513:229270:228009	N#Cc1ncc(-c2cc3cc[nH]c3cc2-c2ccc(C3CC3)c(F)c2)s1	0.019190
rxn:5:198513:229270:228018	N#Cc1ncc(-c2cc3cc[nH]c3cc2-c2cc(F)cc(C3CC3)c2)s1	0.019190
rxn:5:198513:229270:228013	N#Cc1ncc(-c2cc3cc[nH]c3cc2-c2ccc(F)c(C3CC3)c2)s1	0.019190
rxn:5:196189:226914:229270	Cc1cc(CC(C)C)ccc1-c1ccc(C2=NCCO2)cc1-c1cnc(C#N)s1	0.019185
rxn:5:191510:223464:226695	COC(=O)c1c(-c2ccc(-c3cncs3)cc2F)ccnc1-c1cc[nH]c1	0.019173
rxn:5:195463:226869:229270	Cc1cc(-c2cc(F)cc(OC(F)(F)F)c2)c(-c2cnc(C#N)s2)cc1C#N	0.019162
rxn:5:198417:227818:223462	CCC(C)c1cccc(-c2cc3nccc(-c4cc(C)[nH]n4)c3s2)c1	0.019162
rxn:5:199106:223466:228664	Cc1c(-c2cn[nH]c2)ccc2nccc(-c3ccc4scnc4c3)c12	0.019158
rxn:5:199106:223466:228661	Cc1c(-c2cn[nH]c2)ccc2nccc(-c3ccc4ncsc4c3)c12	0.019158
rxn:5:198668:229338:223320	Cc1cc(-c2ccc(-c3ccns3)c3cccnc23)c2cn[nH]c2c1	0.019158
rxn:5:195324:228040:229057	CSc1ccc(-c2ccnc3ccncc23)c(-c2cnn(C3CC3)c2)n1	0.019154
rxn:5:188632:223397:227278	COC(=O)c1nc(OC)c(-c2ccc3c(c2)CCN3)cc1-c1ccc(C2(C#N)CC2)nc1	0.019150
rxn:5:181076:226664:229177	CSc1cc(-c2cc(N3CCCC3)ncc2F)cc(-c2c(F)cncc2F)c1	0.019150
rxn:5:181076:226679:229177	CSc1cc(-c2cnc(N3CCCC3)cc2F)cc(-c2c(F)cncc2F)c1	0.019150
rxn:5:199106:223462:228520	Cc1cc(-c2ccc3nccc(-c4cc(C)c(C)cc4C)c3c2C)n[nH]1	0.019150
rxn:5:179840:228411:229288	COc1ccc(-c2ccc(O[C@@H]3CCOC3)cc2-c2ccc(C)s2)c(F)c1F	0.019149
rxn:5:179840:228411:229291	COc1ccc(-c2ccc(O[C@@H]3CCOC3)cc2-c2cc(C)cs2)c(F)c1F	0.019149
rxn:5:198417:223341:228712	O=C1Cc2cc(-c3cc4nccc(-c5ccnn5C5CCC5)c4s3)ccc2N1	0.019148
rxn:5:181071:228529:228435	COc1cccc(-c2c(SC)ccc(F)c2F)c1-c1ccc2c(c1)CCO2	0.019144
rxn:5:181071:228530:228435	COc1cccc(-c2c(SC)ccc(F)c2F)c1-c1ccc2c(c1)OCC2	0.019144
rxn:5:195522:227035:229088	CCc1cc(-c2cc(C(C)=O)cs2)c(-c2cc(C#N)cc(C3CC3)c2)cn1	0.019141
rxn:5:181076:228888:225980	CSc1cc(-c2cc(C#N)ncc2F)cc(-c2cc(N3CCOCC3)ncc2F)c1	0.019139
rxn:5:198417:229161:223390	COc1ncncc1-c1cc2nccc(-c3ccc4cc[nH]c4c3)c2s1	0.019139
rxn:5:195522:229270:226648	CCc1cc(-c2cccc(-c3noc(C)n3)c2)c(-c2cnc(C#N)s2)cn1	0.019133
rxn:5:198417:223341:228710	CC(C)c1ncc(-c2ccnc3cc(-c4ccc5c(c4)CC(=O)N5)sc23)cn1	0.019130
rxn:5:198620:223464:227449	c1cc(-c2ccc(C3CCOCC3)s2)c2cc(-c3cc[nH]c3)ccc2n1	0.019128
rxn:5:199106:223466:227667	CC(=O)c1ccc(F)c(-c2ccnc3ccc(-c4cn[nH]c4)c(C)c23)c1F	0.019127
rxn:5:195324:227049:229057	CCOc1c(C)cc(-c2ccc(SC)nc2-c2cnn(C3CC3)c2)cc1C	0.019122
rxn:5:179400:229272:228130	COc1ncc(-c2cc(C(=O)C3CC3)ccc2-c2ccc(CC#N)cc2F)s1	0.019117
rxn:5:179400:229272:223140	COc1ncc(-c2cc(C(=O)C3CC3)ccc2-c2ccnc(C3CCCNC3)c2)s1	0.019116
rxn:5:179400:229272:223142	COc1ncc(-c2cc(C(=O)C3CC3)ccc2-c2ccc(C3CCCNC3)nc2)s1	0.019116
rxn:5:179400:229272:223137	COc1ncc(-c2cc(C(=O)C3CC3)ccc2-c2cncc(C3CCCNC3)c2)s1	0.019116
rxn:5:179400:229272:223134	COc1ncc(-c2cc(C(=O)C3CC3)ccc2-c2cnccc2C2CCCNC2)s1	0.019116
rxn:5:179400:229272:223136	COc1ncc(-c2cc(C(=O)C3CC3)ccc2-c2ccncc2C2CCCNC2)s1	0.019116
rxn:5:179400:229272:223135	COc1ncc(-c2cc(C(=O)C3CC3)ccc2-c2cccnc2C2CCCNC2)s1	0.019116
rxn:5:179400:229272:223138	COc1ncc(-c2cc(C(=O)C3CC3)ccc2-c2ccnc(C3CCNCC3)c2)s1	0.019116
rxn:5:179400:229272:223139	COc1ncc(-c2cc(C(=O)C3CC3)ccc2-c2ccc(C3CCNCC3)nc2)s1	0.019116
rxn:5:181282:229270:226857	CCc1ccc(-c2cc(OC(F)(F)F)ccc2F)c(-c2cnc(C#N)s2)c1	0.019099
rxn:5:181282:229270:226869	CCc1ccc(-c2cc(F)cc(OC(F)(F)F)c2)c(-c2cnc(C#N)s2)c1	0.019099
rxn:5:198225:223341:226462	CCn1cnc2cc(-c3ncc(-c4ccc5c(c4)CC(=O)N5)cc3C)c(F)cc21	0.019099
rxn:5:198245:223341:226462	CCn1cnc2cc(-c3ccnc(C)c3-c3ccc4c(c3)CC(=O)N4)c(F)cc21	0.019099
rxn:5:198246:223341:226462	CCn1cnc2cc(-c3ccnc(-c4ccc5c(c4)CC(=O)N5)c3C)c(F)cc21	0.019099
rxn:5:192075:229270:226412	COC(=O)c1nc(-c2cc(F)cc(N3CCCC3)c2)c(C)cc1-c1cnc(C#N)s1	0.019097
rxn:5:192072:229270:226412	COC(=O)c1cc(-c2cnc(C#N)s2)c(-c2cc(F)cc(N3CCCC3)c2)nc1C	0.019097
rxn:5:192076:229270:226412	COC(=O)c1cnc(-c2cc(F)cc(N3CCCC3)c2)c(-c2cnc(C#N)s2)c1C	0.019097
rxn:5:192073:229270:226412	COC(=O)c1cc(-c2cnc(C#N)s2)c(C)nc1-c1cc(F)cc(N2CCCC2)c1	0.019097
rxn:5:192077:229270:226412	COC(=O)c1cc(-c2cnc(C#N)s2)c(C)c(-c2cc(F)cc(N3CCCC3)c2)n1	0.019097
rxn:5:177736:229270:223263	CNC(=O)c1ccc(F)c(-c2ccc(C(=O)OC(C)(C)C)cc2-c2cnc(C#N)s2)c1	0.019095
rxn:5:199106:223464:227529	COC(=O)c1ccc(-c2ccnc3ccc(-c4cc[nH]c4)c(C)c23)c(F)c1	0.019086
rxn:5:198417:229270:228120	CCOc1ncc(C)cc1-c1ccnc2cc(-c3cnc(C#N)s3)sc12	0.019084
rxn:5:198417:229270:228122	CCOc1nc(C)ccc1-c1ccnc2cc(-c3cnc(C#N)s3)sc12	0.019084
rxn:5:198417:229270:228124	CCOc1cc(C)c(-c2ccnc3cc(-c4cnc(C#N)s4)sc23)cn1	0.019084
rxn:5:198417:229270:228135	CCOc1cc(C)ncc1-c1ccnc2cc(-c3cnc(C#N)s3)sc12	0.019084
rxn:5:198417:229270:228137	CCOc1ncc(-c2ccnc3cc(-c4cnc(C#N)s4)sc23)cc1C	0.019084
rxn:5:196337:229065:229272	COc1ncc(-c2ccc(-c3ccnc(-c4ccnc(C#N)c4)c3)cc2)s1	0.019080
rxn:5:181071:223401:228435	CNc1cc(-c2c(OC)cccc2-c2c(SC)ccc(F)c2F)ccc1C	0.019075
rxn:5:181077:229272:223000	COc1ncc(-c2cc(SC)ccc2-c2ccc(C3CCCNC3)c(F)c2)s1	0.019074
rxn:5:198521:229270:227668	COc1c(F)cc(-c2cc3cc[nH]c3cc2-c2cnc(C#N)s2)c(C)c1F	0.019074
rxn:5:198513:229270:227668	COc1c(F)cc(-c2cc3[nH]ccc3cc2-c2cnc(C#N)s2)c(C)c1F	0.019074
rxn:5:198525:229270:227668	COc1c(F)cc(-c2c(-c3cnc(C#N)s3)ccc3cc[nH]c23)c(C)c1F	0.019074
rxn:5:198417:223397:228710	CC(C)c1ncc(-c2ccnc3cc(-c4ccc5c(c4)CCN5)sc23)cn1	0.019072
rxn:5:195435:229338:226209	COc1ccc(-c2cc(C(C)=O)nc(-c3ccns3)c2)c2cccnc12	0.019071
rxn:5:195463:226060:229270	Cc1cc(-c2cc(C3CC3)cc(C3CC3)c2)c(-c2cnc(C#N)s2)cc1C#N	0.019066
rxn:5:181080:227034:229057	CSc1ccc(-c2c(C#N)cccc2C2CC2)c(-c2cnn(C3CC3)c2)c1	0.019065
rxn:5:181078:227034:229057	CSc1cc(-c2cnn(C3CC3)c2)ccc1-c1c(C#N)cccc1C1CC1	0.019065
rxn:5:181072:227034:229057	CSc1cccc(-c2c(C#N)cccc2C2CC2)c1-c1cnn(C2CC2)c1	0.019065
rxn:5:181074:227034:229057	CSc1ccc(-c2cnn(C3CC3)c2)cc1-c1c(C#N)cccc1C1CC1	0.019065
rxn:5:181075:227034:229057	CSc1c(-c2cnn(C3CC3)c2)cccc1-c1c(C#N)cccc1C1CC1	0.019065
rxn:5:181077:227034:229057	CSc1ccc(-c2cnn(C3CC3)c2)c(-c2c(C#N)cccc2C2CC2)c1	0.019065
rxn:5:181071:223313:228435	COc1cccc(-c2c(SC)ccc(F)c2F)c1-c1ccc(C2(O)CC2)cc1	0.019064
rxn:5:195324:226186:229057	CSc1ccc(-c2ccccc2C2CCOCC2)c(-c2cnn(C3CC3)c2)n1	0.019061
rxn:5:199106:223464:228248	CC(=O)c1ccc(-c2ccnc3ccc(-c4cc[nH]c4)c(C)c23)c(F)c1	0.019057
rxn:5:179840:227348:229311	COc1ccc(-c2ccc(O[C@@H]3CCOC3)cc2-c2cnc(C)s2)c(C)c1OC	0.019047
rxn:5:179840:227364:229311	COc1ccc(-c2ccc(O[C@@H]3CCOC3)cc2-c2cnc(C)s2)c(OC)c1C	0.019047
rxn:5:179840:227371:229311	COc1c(C)ccc(-c2ccc(O[C@@H]3CCOC3)cc2-c2cnc(C)s2)c1OC	0.019047
rxn:5:189407:228411:229311	COc1ccc(-c2ccc(CN(C)C3CC3)cc2-c2cnc(C)s2)c(F)c1F	0.019047
rxn:5:181425:229296:226200	COc1c(-c2cnn(C)c2)ccc(-c2ccc3c(c2)ncn3C(C)C)c1C	0.019046
rxn:5:181428:229296:226200	COc1ccc(-c2cnn(C)c2)c(C)c1-c1ccc2c(c1)ncn2C(C)C	0.019046
rxn:5:182506:228977:226593	Cc1cccc(-c2ccc3c(c2)CC3)c1-c1c(F)ccc(OC(C)C)c1F	0.019030
rxn:5:195792:228040:229051	CCCn1cc(-c2c(-c3ccnc4ccncc34)cncc2C2CC2)cn1	0.019028
rxn:5:195792:228040:229114	Cc1cc(-c2c(-c3ccnc4ccncc34)cncc2C2CC2)c(F)cn1	0.019024
rxn:5:195792:228040:229126	Cc1cc(F)c(-c2c(-c3ccnc4ccncc34)cncc2C2CC2)cn1	0.019024
rxn:5:195460:227389:229272	COc1ncc(-c2cc(-c3ccnc(-n4cccc4)c3)cc(C)c2C#N)s1	0.019019
rxn:5:181071:228723:228435	COc1cccc(-c2c(SC)ccc(F)c2F)c1-c1ccc(C#N)c(F)c1	0.019017
rxn:5:181071:228744:228435	COc1cccc(-c2c(SC)ccc(F)c2F)c1-c1ccc(F)c(C#N)c1	0.019017
rxn:5:179197:223466:225649	Cc1cc(-n2ccnc2C)ccc1-c1cc(-c2cn[nH]c2)ccc1OC1CC1	0.019015
rxn:5:196189:228023:229270	N#Cc1ncc(-c2cc(C3=NCCO3)ccc2-c2ccc3nccnc3c2)s1	0.019014
rxn:5:179400:229272:228692	COc1ncc(-c2cc(C(=O)C3CC3)ccc2-c2ccc(CN(C)C)s2)s1	0.019001
rxn:5:179400:228882:228821	COc1ncc(-c2cc(C(=O)C3CC3)ccc2-c2ccc(C)c(F)c2F)c(C)n1	0.018990
rxn:5:199106:223462:227353	COc1cc(C)c(-c2ccnc3ccc(-c4cc(C)[nH]n4)c(C)c23)c(OC)c1	0.018990
rxn:5:196189:225924:229270	Cc1cc(S(=O)(=O)N(C)C)ccc1-c1ccc(C2=NCCO2)cc1-c1cnc(C#N)s1	0.018979
rxn:5:196189:225925:229270	Cc1ccc(S(=O)(=O)N(C)C)cc1-c1ccc(C2=NCCO2)cc1-c1cnc(C#N)s1	0.018979
rxn:5:198620:223464:228564	CCC(C)c1ccc(-c2ccnc3ccc(-c4cc[nH]c4)cc23)s1	0.018979
rxn:5:181071:228977:228003	COc1cccc(-c2c(C)cc(SC)cc2C)c1-c1ccc2c(c1)CC2	0.018975
rxn:5:195463:225472:229270	Cc1cc(-c2cccc(N3CCCCC3C)c2)c(-c2cnc(C#N)s2)cc1C#N	0.018973
rxn:5:198417:229112:223390	Cn1cc(-c2cc3nccc(-c4ccc5cc[nH]c5c4)c3s2)ccc1=O	0.018953
rxn:5:195794:223464:226695	Fc1cc(-c2cncs2)ccc1-c1cc(-c2cc[nH]c2)ncc1C1CC1	0.018952
rxn:5:179400:229272:228520	COc1ncc(-c2cc(C(=O)C3CC3)ccc2-c2cc(C)c(C)cc2C)s1	0.018950
rxn:5:198513:229270:227370	N#Cc1ncc(-c2cc3cc[nH]c3cc2-c2ccc(OC3CC3)c(F)c2)s1	0.018943
rxn:5:195324:223205:229057	CSc1ccc(-c2cc3c(C#N)cccc3[nH]2)c(-c2cnn(C3CC3)c2)n1	0.018937
rxn:5:196337:223251:223462	Cc1cc(-c2ccc(-c3ccnc(-c4ccc5c(c4)OCC(=O)N5)c3)cc2)n[nH]1	0.018923
rxn:5:196356:223251:223462	Cc1cc(-c2ccc(-c3cc(-c4ccc5c(c4)OCC(=O)N5)ccn3)cc2)n[nH]1	0.018923
rxn:5:196978:228259:229270	COc1cc(C)cc(-c2ccc(N3CCCCC3)c(-c3cnc(C#N)s3)c2)c1F	0.018923
rxn:5:198417:229270:227498	COc1cc(N(C)C)ncc1-c1ccnc2cc(-c3cnc(C#N)s3)sc12	0.018911
rxn:5:181071:228977:226139	COc1cccc(-c2cc(C3CC3)cnc2C2CC2)c1-c1ccc2c(c1)CC2	0.018910
rxn:5:196243:229272:223000	COc1ncc(-c2ccnc(-c3ccc(C4CCCNC4)c(F)c3)c2C2CCC2)s1	0.018907
rxn:5:198417:229270:228198	Cc1nc(C(C)C)ncc1-c1ccnc2cc(-c3cnc(C#N)s3)sc12	0.018906
rxn:5:199273:229065:229272	COc1ncc(-c2cc(C)nc3c(C)cc(-c4ccnc(C#N)c4)cc23)s1	0.018905
rxn:5:192334:229270:226593	CC(C)Oc1ccc(F)c(-c2c(C(=O)N(C)C)cccc2-c2cnc(C#N)s2)c1F	0.018905
rxn:5:195435:229220:223320	CC(=O)c1cc(-c2cc(C)cc3[nH]ncc23)cc(-c2cc(C)sc2C)n1	0.018903
rxn:5:193229:223466:227137	CCn1cnc2cc(-c3c(C(=O)N4CCOCC4)cccc3-c3cn[nH]c3)ccc21	0.018902
rxn:5:198681:223466:227137	CCn1cnc2cc(-c3nccc4sc(-c5cn[nH]c5)c(C)c34)ccc21	0.018896
rxn:5:195449:229296:226200	CC(=O)c1c(-c2ccc3c(c2)ncn3C(C)C)ccnc1-c1cnn(C)c1	0.018894
rxn:5:179197:225929:229270	Cc1cc(-c2ccc(OC3CC3)c(-c3cnc(C#N)s3)c2)ccc1S(=O)(=O)N(C)C	0.018888
rxn:5:181071:228111:228435	COc1cccc(-c2c(SC)ccc(F)c2F)c1-c1ccc(C#N)c(C#N)c1	0.018886
rxn:5:179197:227525:229270	CCc1cnc(C(F)F)cc1-c1ccc(OC2CC2)c(-c2cnc(C#N)s2)c1	0.018877
rxn:5:199106:223462:228358	Cc1cc(-c2ccc3nccc(-c4cnn(-c5ccoc5)c4)c3c2C)n[nH]1	0.018873
rxn:5:199106:223462:228359	Cc1cc(-c2ccc3nccc(-c4cnn(-c5ccco5)c4)c3c2C)n[nH]1	0.018873
rxn:5:181071:228541:228435	COc1cccc(-c2c(SC)ccc(F)c2F)c1-c1ccc2c(c1)COC2	0.018873
rxn:5:188079:226412:229270	CCOC(=O)c1nc(-c2cnc(C#N)s2)sc1-c1cc(F)cc(N2CCCC2)c1	0.018870
rxn:5:198620:223464:227841	Cc1cc(C)c(C)c(-c2ccnc3ccc(-c4cc[nH]c4)cc23)c1C	0.018854
rxn:5:198417:229270:223190	CNS(=O)(=O)c1ccc(F)cc1-c1ccnc2cc(-c3cnc(C#N)s3)sc12	0.018851
rxn:5:198620:223464:227403	c1cc(-c2ccc(N3CCCCC3)s2)c2cc(-c3cc[nH]c3)ccc2n1	0.018850
rxn:5:176594:227534:229311	CCOc1cc(F)c(-c2ccc(OCC(C)=O)cc2-c2cnc(C)s2)c(F)c1	0.018849
rxn:5:181076:227997:229177	CSc1cc(-c2cc(C3CC3)ccc2F)cc(-c2c(F)cncc2F)c1	0.018849
rxn:5:198916:223466:227137	CCn1cnc2cc(-c3ccc(-c4cn[nH]c4)c4[nH]cc(C)c34)ccc21	0.018845
rxn:5:198417:223251:229023	Cc1cc(C)c(-c2ccnc3cc(-c4ccc5c(c4)OCC(=O)N5)sc23)cn1	0.018829
rxn:5:179840:227675:229311	COc1cc(-c2ccc(O[C@@H]3CCOC3)cc2-c2cnc(C)s2)c(F)c(F)c1C	0.018824
rxn:5:179840:228411:229265	COc1ccc(-c2ccc(O[C@@H]3CCOC3)cc2-c2sc(C)nc2C)c(F)c1F	0.018824
rxn:5:195324:227034:228707	CSc1ccc(-c2c(C#N)cccc2C2CC2)c(-c2cnn(C(C)(C)C)c2)n1	0.018823
rxn:5:179400:229272:228613	CCc1ccc(-c2ccc(C(=O)C3CC3)cc2-c2cnc(OC)s2)cc1F	0.018821
rxn:5:179400:229272:228626	CCc1cccc(-c2ccc(C(=O)C3CC3)cc2-c2cnc(OC)s2)c1F	0.018821
rxn:5:196873:229270:226412	N#Cc1ncc(-c2ccc(N3CCOCC3)cc2-c2cc(F)cc(N3CCCC3)c2)s1	0.018811
rxn:5:199106:229296:228637	Cc1cc(-c2ccnc3ccc(-c4cnn(C)c4)c(C)c23)c(C)cc1F	0.018811
rxn:5:195324:226159:229057	CSc1ccc(-c2cccc(N3CCCCC3)c2)c(-c2cnn(C3CC3)c2)n1	0.018805
rxn:5:195435:229338:223011	CC(=O)c1cc(-c2cc3[nH]ncc3cc2OC(C)C)cc(-c2ccns2)n1	0.018795
rxn:5:198911:229270:228513	Cc1c[nH]c2cc(-c3cnc(C#N)s3)c(-c3ccccc3C3CC3)cc12	0.018794
rxn:5:195522:228417:229088	CCc1cc(-c2cc(C(C)=O)cs2)c(-c2ccc(F)c(C(F)F)c2)cn1	0.018792
rxn:5:181282:229270:226191	CCc1ccc(-c2cc(C3CCCC3)ccc2F)c(-c2cnc(C#N)s2)c1	0.018790
rxn:5:177733:228888:229177	CC(C)(C)OC(=O)c1cc(-c2cc(C#N)ncc2F)cc(-c2c(F)cncc2F)c1	0.018788
rxn:5:196922:229338:223320	Cc1cc(-c2cc(-c3ccns3)cc(N3CCCCC3=O)c2)c2cn[nH]c2c1	0.018786
rxn:5:198513:229270:227573	CCOc1cc(-c2cc3[nH]ccc3cc2-c2cnc(C#N)s2)cc(F)c1F	0.018784
rxn:5:198513:229270:227579	CCOc1c(F)cc(-c2cc3[nH]ccc3cc2-c2cnc(C#N)s2)cc1F	0.018784
rxn:5:181076:223365:229177	CSc1cc(-c2cc3[nH]ncc3cc2F)cc(-c2c(F)cncc2F)c1	0.018781
rxn:5:195797:227034:229057	CSc1cc(-c2c(C#N)cccc2C2CC2)c(C)nc1-c1cnn(C2CC2)c1	0.018778
rxn:5:195324:226135:229057	CSc1ccc(-c2cc(C3CC3)c(C#N)cc2C)c(-c2cnn(C3CC3)c2)n1	0.018778
rxn:5:195324:226136:229057	CSc1ccc(-c2cc(C3CC3)c(C)cc2C#N)c(-c2cnn(C3CC3)c2)n1	0.018778
rxn:5:195324:226138:229057	CSc1ccc(-c2c(C)cc(C#N)cc2C2CC2)c(-c2cnn(C3CC3)c2)n1	0.018778
rxn:5:195324:226133:229057	CSc1ccc(-c2cc(C3CC3)cc(C#N)c2C)c(-c2cnn(C3CC3)c2)n1	0.018778
rxn:5:195324:226134:229057	CSc1ccc(-c2cc(C#N)cc(C3CC3)c2C)c(-c2cnn(C3CC3)c2)n1	0.018778
rxn:5:195324:227034:228717	CSc1ccc(-c2c(C#N)cccc2C2CC2)c(-c2cn(C3CC3)nc2C)n1	0.018778
rxn:5:195522:229270:228386	CCc1cc(-c2cc(-c3nccs3)cs2)c(-c2cnc(C#N)s2)cn1	0.018777
rxn:5:199106:223466:228057	Cc1nc2cc(-c3ccnc4ccc(-c5cn[nH]c5)c(C)c34)ccc2o1	0.018774
rxn:5:181071:228977:228061	COc1cccc(-c2cccc3onc(C)c23)c1-c1ccc2c(c1)CC2	0.018768
rxn:5:195324:227034:228679	CSc1ccc(-c2c(C#N)cccc2C2CC2)c(-c2cnn(CC3CC3)c2)n1	0.018767
rxn:5:181071:228977:227627	COc1cccc(-c2cnc(-c3ccoc3)nc2)c1-c1ccc2c(c1)CC2	0.018766
rxn:5:189407:223183:229270	CNS(=O)(=O)c1ccc(-c2ccc(CN(C)C3CC3)cc2-c2cnc(C#N)s2)c(C)c1	0.018765
rxn:5:191340:228977:228435	CSc1ccc(F)c(F)c1-c1cccc(CC#N)c1-c1ccc2c(c1)CC2	0.018763
rxn:5:199106:223464:223189	Cc1c(-c2cc[nH]c2)ccc2nccc(-c3ccc(NS(C)(=O)=O)cc3F)c12	0.018756
rxn:5:188380:229009:228574	CCOC(=O)c1ccc(-c2cc(C3CC3)cs2)c(-c2ccc(C)cc2C#N)n1	0.018755
rxn:5:188386:229009:228574	CCOC(=O)c1c(-c2cc(C3CC3)cs2)ccnc1-c1ccc(C)cc1C#N	0.018755
rxn:5:181071:228977:226601	COc1cccc(-c2c(OC(C)C)ccc(F)c2F)c1-c1ccc2c(c1)CC2	0.018754
rxn:5:181071:228977:226593	COc1cccc(-c2c(F)ccc(OC(C)C)c2F)c1-c1ccc2c(c1)CC2	0.018754
rxn:5:181071:228977:226608	COc1cccc(-c2ccc(F)c(F)c2OC(C)C)c1-c1ccc2c(c1)CC2	0.018754
rxn:5:179840:227910:229311	CCC(C)c1ccc(-c2ccc(O[C@@H]3CCOC3)cc2-c2cnc(C)s2)cn1	0.018750
rxn:5:181428:223464:226695	COc1ccc(-c2cc[nH]c2)c(C)c1-c1ccc(-c2cncs2)cc1F	0.018745
rxn:5:181425:223464:226695	COc1c(-c2cc[nH]c2)ccc(-c2ccc(-c3cncs3)cc2F)c1C	0.018745
rxn:5:182506:229075:226593	Cc1cc(-c2cccc(C)c2-c2c(F)ccc(OC(C)C)c2F)sc1C#N	0.018743
rxn:5:182506:229076:226593	Cc1cc(C#N)sc1-c1cccc(C)c1-c1c(F)ccc(OC(C)C)c1F	0.018743
rxn:5:196189:226751:229270	Cc1cc(OC(F)(F)F)ccc1-c1ccc(C2=NCCO2)cc1-c1cnc(C#N)s1	0.018735
rxn:5:199106:223466:227854	Cc1c(-c2cn[nH]c2)ccc2nccc(-c3ccc4c(ccn4C)c3)c12	0.018733
rxn:5:199106:223466:227859	Cc1c(-c2cn[nH]c2)ccc2nccc(-c3ccc4ccn(C)c4c3)c12	0.018733
rxn:5:199106:223464:228038	Cc1c(-c2cc[nH]c2)ccc2nccc(-c3ccc4c(c3)ncn4C)c12	0.018733
rxn:5:179418:229272:223000	COc1ncc(-c2cc(CS(C)(=O)=O)ccc2-c2ccc(C3CCCNC3)c(F)c2)s1	0.018730
rxn:5:182637:229270:228396	COc1cc(F)c(-c2cc3ccoc3cc2-c2cnc(C#N)s2)c(F)c1	0.018728
rxn:5:182637:229270:228393	COc1c(F)cc(F)cc1-c1cc2ccoc2cc1-c1cnc(C#N)s1	0.018728
rxn:5:182637:229270:228403	COc1c(F)ccc(-c2cc3ccoc3cc2-c2cnc(C#N)s2)c1F	0.018728
rxn:5:182637:229270:228399	COc1c(F)cc(-c2cc3ccoc3cc2-c2cnc(C#N)s2)cc1F	0.018728
rxn:5:182637:229270:228400	COc1c(-c2cc3ccoc3cc2-c2cnc(C#N)s2)ccc(F)c1F	0.018728
rxn:5:182637:229270:228408	COc1cc(F)c(-c2cc3ccoc3cc2-c2cnc(C#N)s2)cc1F	0.018728
rxn:5:182637:229270:228428	COc1cc(F)c(F)c(-c2cc3ccoc3cc2-c2cnc(C#N)s2)c1	0.018728
rxn:5:182637:229270:228401	COc1c(F)ccc(F)c1-c1cc2ccoc2cc1-c1cnc(C#N)s1	0.018728
rxn:5:182637:229270:228412	COc1cc(-c2cc3ccoc3cc2-c2cnc(C#N)s2)c(F)cc1F	0.018728
rxn:5:182637:229270:228397	COc1cc(-c2cc3ccoc3cc2-c2cnc(C#N)s2)cc(F)c1F	0.018728
rxn:5:182637:229270:228411	COc1ccc(-c2cc3ccoc3cc2-c2cnc(C#N)s2)c(F)c1F	0.018728
rxn:5:182637:229270:228406	COc1ccc(F)c(-c2cc3ccoc3cc2-c2cnc(C#N)s2)c1F	0.018728
rxn:5:182637:229270:228407	COc1ccc(F)c(F)c1-c1cc2ccoc2cc1-c1cnc(C#N)s1	0.018728
rxn:5:182637:229270:228416	COc1cc(F)cc(F)c1-c1cc2ccoc2cc1-c1cnc(C#N)s1	0.018728
rxn:5:182637:229270:228395	COc1cc(F)c(F)cc1-c1cc2ccoc2cc1-c1cnc(C#N)s1	0.018728
rxn:5:196969:229270:229088	CC(=O)c1csc(-c2cc(C3CCCCC3)ncc2-c2cnc(C#N)s2)c1	0.018727
rxn:5:198620:223464:226186	c1ccc(C2CCOCC2)c(-c2ccnc3ccc(-c4cc[nH]c4)cc23)c1	0.018720
rxn:5:195435:229338:227434	CC(=O)c1cc(-c2ccccc2-c2cncs2)cc(-c2ccns2)n1	0.018711
rxn:5:181581:229272:223000	COc1ncc(-c2cc(-c3ccc(C4CCCNC4)c(F)c3)cc(C(C)C)c2)s1	0.018706
rxn:5:181578:229272:223000	COc1ncc(-c2cc(C(C)C)ccc2-c2ccc(C3CCCNC3)c(F)c2)s1	0.018706
rxn:5:178993:229270:226593	CCOc1cccc(-c2cnc(C#N)s2)c1-c1c(F)ccc(OC(C)C)c1F	0.018703
rxn:5:178985:229270:226593	CCOc1c(-c2cnc(C#N)s2)cccc1-c1c(F)ccc(OC(C)C)c1F	0.018703
rxn:5:181209:229270:226593	CC(=O)c1cccc(-c2cnc(C#N)s2)c1-c1c(F)ccc(OC(C)C)c1F	0.018702
rxn:5:181205:229270:226593	CC(=O)c1c(-c2cnc(C#N)s2)cccc1-c1c(F)ccc(OC(C)C)c1F	0.018702
rxn:5:181071:223215:228435	COc1cccc(-c2c(SC)ccc(F)c2F)c1-c1ccc2c(c1)NC(=O)CC2	0.018698
rxn:5:181071:223216:228435	COc1cccc(-c2c(SC)ccc(F)c2F)c1-c1ccc2c(c1)CCC(=O)N2	0.018698
rxn:5:196917:229338:223320	Cc1cc(-c2ccc(-c3ccns3)c(C3=NC(C)(C)CO3)c2)c2cn[nH]c2c1	0.018694
rxn:5:181908:229270:228332	COc1cc(SC)c(-c2cc(C3OCCO3)c(C)cc2-c2cnc(C#N)s2)cn1	0.018689
rxn:5:182578:223464:226695	Cc1c(-c2cc[nH]c2)ccc(-c2ccc(-c3cncs3)cc2F)c1C	0.018683
rxn:5:182580:223464:226695	Cc1ccc(-c2cc[nH]c2)c(C)c1-c1ccc(-c2cncs2)cc1F	0.018683
rxn:5:182574:223464:226695	Cc1cc(-c2cc[nH]c2)c(-c2ccc(-c3cncs3)cc2F)cc1C	0.018683
rxn:5:179400:229272:228245	COc1ncc(-c2cc(C(=O)C3CC3)ccc2-c2ccc(C(C)=O)c(F)c2)s1	0.018681
rxn:5:179400:229272:228243	COc1ncc(-c2cc(C(=O)C3CC3)ccc2-c2cccc(C(C)=O)c2F)s1	0.018681
rxn:5:199106:229296:227905	Cc1c(-c2cnn(C)c2)ccc2nccc(-c3ccnc(CC(C)C)c3)c12	0.018681
rxn:5:179400:229272:227950	COc1ncc(-c2cc(C(=O)C3CC3)ccc2-c2cc(N(C)C)ccc2C)s1	0.018680
rxn:5:179400:229272:227953	COc1ncc(-c2cc(C(=O)C3CC3)ccc2-c2ccc(N(C)C)cc2C)s1	0.018680
rxn:5:179541:229270:223164	CC(C)Oc1cc(-c2cc(F)c(F)c(NC3CC3)c2)cc(-c2cnc(C#N)s2)c1	0.018668
rxn:5:198417:223397:223383	CC(=O)Nc1ccc(-c2ccnc3cc(-c4ccc5c(c4)CCN5)sc23)cn1	0.018666
rxn:5:192569:229272:223000	COc1ncc(-c2cc(C(=O)N3CCC3)ccc2-c2ccc(C3CCCNC3)c(F)c2)s1	0.018663
rxn:5:192570:229272:223000	COc1ncc(-c2ccc(C(=O)N3CCC3)cc2-c2ccc(C3CCCNC3)c(F)c2)s1	0.018663
rxn:5:198417:223341:228768	CCc1cc(-c2ccnc3cc(-c4ccc5c(c4)CC(=O)N5)sc23)c(F)cn1	0.018661
rxn:5:198417:223341:228765	CCc1cc(F)c(-c2ccnc3cc(-c4ccc5c(c4)CC(=O)N5)sc23)cn1	0.018661
rxn:5:181071:228572:228435	COc1cccc(-c2c(SC)ccc(F)c2F)c1-c1ccc(C)c(C#N)c1	0.018661
rxn:5:181071:228575:228435	COc1cccc(-c2c(SC)ccc(F)c2F)c1-c1ccc(C#N)c(C)c1	0.018661
rxn:5:179757:229270:229308	Cc1cc(-c2cc(Oc3ccccc3)ccc2-c2cnc(C#N)s2)on1	0.018660
rxn:5:198620:223464:225794	c1cc(-c2cnc(OC3CCCCC3)nc2)c2cc(-c3cc[nH]c3)ccc2n1	0.018657
rxn:5:199106:223466:227852	Cc1c(-c2cn[nH]c2)ccc2nccc(-c3ccc4cccnc4c3)c12	0.018652
rxn:5:199106:223466:227844	Cc1c(-c2cn[nH]c2)ccc2nccc(-c3ccc4ncccc4c3)c12	0.018652
rxn:5:198417:223341:228979	CCc1ccccc1-c1ccnc2cc(-c3ccc4c(c3)CC(=O)N4)sc12	0.018646
rxn:5:195792:229126:227115	Cc1cc(F)c(-c2cncc(C3CC3)c2-c2cc(C)c(C3CC3)cc2F)cn1	0.018645
rxn:5:195792:229100:227115	Cc1cc(-c2c(-c3ccnc(C)c3F)cncc2C2CC2)c(F)cc1C1CC1	0.018645
rxn:5:182637:229270:228844	Cc1c(-c2cc3ccoc3cc2-c2cnc(C#N)s2)ccc(F)c1F	0.018644
rxn:5:182637:229270:228825	Cc1cc(F)c(-c2cc3ccoc3cc2-c2cnc(C#N)s2)cc1F	0.018644
rxn:5:182637:229270:228829	Cc1c(F)cc(-c2cc3ccoc3cc2-c2cnc(C#N)s2)cc1F	0.018644
rxn:5:182637:229270:228826	Cc1cc(-c2cc3ccoc3cc2-c2cnc(C#N)s2)c(F)cc1F	0.018644
rxn:5:182637:229270:228827	Cc1cc(F)c(F)cc1-c1cc2ccoc2cc1-c1cnc(C#N)s1	0.018644
rxn:5:182637:229270:228830	Cc1c(F)ccc(-c2cc3ccoc3cc2-c2cnc(C#N)s2)c1F	0.018644
rxn:5:182637:229270:228832	Cc1cc(F)c(F)c(-c2cc3ccoc3cc2-c2cnc(C#N)s2)c1	0.018644
rxn:5:182637:229270:228839	Cc1cc(F)cc(-c2cc3ccoc3cc2-c2cnc(C#N)s2)c1F	0.018644
rxn:5:194942:229009:223390	N#Cc1ccc(-c2ccc3cc[nH]c3c2)c(-c2cc(C3CC3)cs2)c1	0.018640
rxn:5:195964:229270:223263	CNC(=O)c1ccc(F)c(-c2ccc(-c3ncco3)cc2-c2cnc(C#N)s2)c1	0.018640
rxn:5:198417:223397:228759	CC(=O)c1ccc(-c2ccnc3cc(-c4ccc5c(c4)CCN5)sc23)cn1	0.018639
rxn:5:195435:229338:223087	CC(=O)c1cc(-c2cc(C(F)(F)F)cc3[nH]ncc23)cc(-c2ccns2)n1	0.018636
rxn:5:195435:229338:223086	CC(=O)c1cc(-c2cc3[nH]ncc3cc2C(F)(F)F)cc(-c2ccns2)n1	0.018636
rxn:5:181282:222984:223263	CCc1ccc(-c2cc(C(=O)NC)ccc2F)c(-c2ccc(CN3CCC(O)C3)cc2)c1	0.018635
rxn:5:176594:228381:229080	CC(=O)COc1ccc(-c2c(F)cc(C#N)cc2F)c(-c2cnc(C3CC3)s2)c1	0.018635
rxn:5:188379:229270:229088	CCOC(=O)c1cc(-c2cc(C(C)=O)cs2)ncc1-c1cnc(C#N)s1	0.018634
rxn:5:197125:228908:229270	COc1cc(-c2cnc(C#N)s2)c2nc(-c3cc(OC)ncc3F)sc2c1	0.018633
rxn:5:197125:228933:229270	COc1cc(-c2cnc(C#N)s2)c2nc(-c3cnc(OC)cc3F)sc2c1	0.018633
rxn:5:197125:228913:229270	COc1cc(-c2cnc(C#N)s2)c2nc(-c3ccnc(OC)c3F)sc2c1	0.018633
rxn:5:195324:227034:228229	CSc1ccc(-c2c(C#N)cccc2C2CC2)c(-c2ccn(C3CC3)c(=O)c2)n1	0.018632
rxn:5:179400:229272:228411	COc1ncc(-c2cc(C(=O)C3CC3)ccc2-c2ccc(OC)c(F)c2F)s1	0.018627
rxn:5:179400:229272:228400	COc1ncc(-c2cc(C(=O)C3CC3)ccc2-c2ccc(F)c(F)c2OC)s1	0.018627
rxn:5:179400:229272:228403	COc1ncc(-c2cc(C(=O)C3CC3)ccc2-c2ccc(F)c(OC)c2F)s1	0.018627
rxn:5:179400:229272:228396	COc1cc(F)c(-c2ccc(C(=O)C3CC3)cc2-c2cnc(OC)s2)c(F)c1	0.018627
rxn:5:198914:223251:223462	Cc1cc(-c2cc(-c3ccc4c(c3)OCC(=O)N4)c(C)c3[nH]ccc23)n[nH]1	0.018621
rxn:5:193333:223183:229270	CNS(=O)(=O)c1ccc(-c2ccc(CN3CCOCC3)cc2-c2cnc(C#N)s2)c(C)c1	0.018619
rxn:5:193331:223183:229270	CNS(=O)(=O)c1ccc(-c2ccc(CN3CCOCC3)c(-c3cnc(C#N)s3)c2)c(C)c1	0.018619
rxn:5:176594:227073:229311	COc1cc(-c2ccc(OCC(C)=O)cc2-c2cnc(C)s2)cc(C2CC2)c1	0.018613
rxn:5:189676:229272:228821	COc1ncc(-c2cc(CC(=O)N3CCCC3)ccc2-c2ccc(C)c(F)c2F)s1	0.018612
rxn:5:176594:226735:229311	CC(=O)COc1ccc(-c2cc(C#N)cc(C(F)(F)F)c2)c(-c2cnc(C)s2)c1	0.018610
rxn:5:176594:226742:229311	CC(=O)COc1ccc(-c2ccc(C#N)cc2C(F)(F)F)c(-c2cnc(C)s2)c1	0.018610
rxn:5:180202:228411:229311	COc1ccc(-c2ccc(OC3CCOCC3)c(-c3cnc(C)s3)c2)c(F)c1F	0.018603
rxn:5:180203:228411:229311	COc1ccc(-c2cc(OC3CCOCC3)cc(-c3cnc(C)s3)c2)c(F)c1F	0.018603
rxn:5:180204:228411:229311	COc1ccc(-c2cc(-c3cnc(C)s3)ccc2OC2CCOCC2)c(F)c1F	0.018603
rxn:5:181071:229037:228435	COc1cccc(-c2c(SC)ccc(F)c2F)c1-c1ccc(C)c(F)c1	0.018602
rxn:5:181071:229029:228435	COc1cccc(-c2c(SC)ccc(F)c2F)c1-c1ccc(F)c(C)c1	0.018602
rxn:5:198748:229009:229146	COCn1cc(-c2cc(-c3cc(C4CC4)cs3)c3ccncc3c2)cn1	0.018601
rxn:5:198911:229270:229004	CSc1ccccc1-c1cc2c(C)c[nH]c2cc1-c1cnc(C#N)s1	0.018598
rxn:5:181963:223462:229061	Cc1cc(-c2cc(-c3ccc(-c4cnn(C(C)C)c4)cc3)ccc2C)n[nH]1	0.018584
rxn:5:198417:223397:223420	CCNc1ccc(-c2ccnc3cc(-c4ccc5c(c4)CCN5)sc23)cn1	0.018584
rxn:5:199090:229270:228455	COc1ncc(-c2ccnc3cc(C)c(-c4cnc(C#N)s4)cc23)c(OC)n1	0.018582
rxn:5:199091:229270:228455	COc1ncc(-c2ccnc3cc(-c4cnc(C#N)s4)c(C)cc23)c(OC)n1	0.018582
rxn:5:199106:229270:228455	COc1ncc(-c2ccnc3ccc(-c4cnc(C#N)s4)c(C)c23)c(OC)n1	0.018582
rxn:5:199060:229270:228455	COc1ncc(-c2cc3nccc(-c4cnc(C#N)s4)c3cc2C)c(OC)n1	0.018582
rxn:5:199089:229270:228455	COc1ncc(-c2ccnc3c(C)cc(-c4cnc(C#N)s4)cc23)c(OC)n1	0.018582
rxn:5:199092:229270:228455	COc1ncc(-c2ccnc3c(-c4cnc(C#N)s4)cc(C)cc23)c(OC)n1	0.018582
rxn:5:199059:229270:228455	COc1ncc(-c2ccc3cc(-c4cnc(C#N)s4)cc(C)c3n2)c(OC)n1	0.018582
rxn:5:198417:228711:228455	COc1ncc(-c2ccnc3cc(-c4cc(C)cnc4C#N)sc23)c(OC)n1	0.018582
rxn:5:198417:228714:228455	COc1ncc(-c2ccnc3cc(-c4cnc(C#N)cc4C)sc23)c(OC)n1	0.018582
rxn:5:198417:228718:228455	COc1ncc(-c2ccnc3cc(-c4cc(C#N)cnc4C)sc23)c(OC)n1	0.018582
rxn:5:198417:228719:228455	COc1ncc(-c2ccnc3cc(-c4cc(C#N)ncc4C)sc23)c(OC)n1	0.018582
rxn:5:199104:229270:228455	COc1ncc(-c2cc3cc(-c4cnc(C#N)s4)ccc3c(C)n2)c(OC)n1	0.018582
rxn:5:198417:223341:228308	CCOc1ncc(-c2ccnc3cc(-c4ccc5c(c4)CC(=O)N5)sc23)c(C)n1	0.018581
rxn:5:195522:222996:229088	CCc1cc(-c2cc(C(C)=O)cs2)c(-c2ccc(F)cc2C2CCCNC2)cn1	0.018576
rxn:5:195460:225613:229272	COc1ncc(-c2cc(-c3ccnc(OC4CCCCC4)c3)cc(C)c2C#N)s1	0.018576
rxn:5:199088:229270:223263	CNC(=O)c1ccc(F)c(-c2ccc3nc(C)cc(-c4cnc(C#N)s4)c3c2)c1	0.018570
rxn:5:182656:228127:223354	CNC(=O)c1ccc(-c2c(-c3c(C#N)cccc3OC)ccc3ccoc23)cc1	0.018568
rxn:5:182656:228127:223356	CNC(=O)c1cccc(-c2c(-c3c(C#N)cccc3OC)ccc3ccoc23)c1	0.018568
rxn:5:179840:228411:229017	COc1ccc(-c2ccc(O[C@@H]3CCOC3)cc2-c2cc(C)cnc2C)c(F)c1F	0.018564
rxn:5:179840:228411:229023	COc1ccc(-c2ccc(O[C@@H]3CCOC3)cc2-c2cnc(C)cc2C)c(F)c1F	0.018564
rxn:5:179840:228411:229026	COc1ccc(-c2ccc(O[C@@H]3CCOC3)cc2-c2cc(C)ncc2C)c(F)c1F	0.018564
rxn:5:179840:228411:229021	COc1ccc(-c2ccc(O[C@@H]3CCOC3)cc2-c2ccnc(C)c2C)c(F)c1F	0.018564
rxn:5:176594:226772:229311	COC(=O)c1cc(F)c(-c2ccc(OCC(C)=O)cc2-c2cnc(C)s2)c(F)c1	0.018563
rxn:5:199106:223466:227460	Cc1c(-c2cn[nH]c2)ccc2nccc(-c3cc4ncn(C)c4cc3F)c12	0.018562
rxn:5:198417:223397:223281	OC1(c2ccc(-c3ccnc4cc(-c5ccc6c(c5)CCN6)sc34)cn2)COC1	0.018561
rxn:5:198417:223341:228557	COCc1cccc(-c2ccnc3cc(-c4ccc5c(c4)CC(=O)N5)sc23)c1	0.018560
rxn:5:188389:226412:229270	CCOC(=O)c1cc(-c2cc(F)cc(N3CCCC3)c2)ncc1-c1cnc(C#N)s1	0.018554
rxn:5:195463:226412:227684	Cc1cc(-c2cc(F)cc(N3CCCC3)c2)c(-c2cnn(CC3OCCO3)c2)cc1C#N	0.018552
rxn:5:199106:229296:228858	Cc1c(-c2cnn(C)c2)ccc2nccc(-c3ccc4nonc4c3)c12	0.018552
rxn:5:198430:223397:227278	N#CC1(c2ccc(-c3cc(-c4ccc5c(c4)CCN5)c4ocnc4c3)cn2)CC1	0.018551
rxn:5:195324:227034:228703	CSc1ccc(-c2c(C#N)cccc2C2CC2)c(-c2cnn(C3CCC3)c2)n1	0.018551
rxn:5:198620:223464:225620	c1cc(-c2ccc(OC3CCOCC3)cc2)c2cc(-c3cc[nH]c3)ccc2n1	0.018542
rxn:5:188521:229272:223000	CCCOc1ncc(-c2ccc(C3CCCNC3)c(F)c2)cc1-c1cnc(OC)s1	0.018542
rxn:5:182651:228411:229311	COc1ccc(-c2cc3cccc(-c4cnc(C)s4)c3o2)c(F)c1F	0.018537
rxn:5:181076:229134:229177	CSc1cc(-c2cc(F)ccc2F)cc(-c2c(F)cncc2F)c1	0.018529
rxn:5:198917:223183:229270	CNS(=O)(=O)c1ccc(-c2ccc(-c3cnc(C#N)s3)c3c2ccn3C)c(C)c1	0.018525
rxn:5:192494:229270:226593	CC(C)Oc1ccc(F)c(-c2c(CN(C)C)cccc2-c2cnc(C#N)s2)c1F	0.018525
rxn:5:195324:226922:229057	CSc1ccc(-c2c(C)cc(C3CC3)cc2C)c(-c2cnn(C3CC3)c2)n1	0.018524
rxn:5:199106:223464:227209	Cc1c(-c2cc[nH]c2)ccc2nccc(-c3ccc4c(c3)OC(C)(C)O4)c12	0.018522
rxn:5:195324:227034:228702	CSc1ccc(-c2c(C#N)cccc2C2CC2)c(-c2cncnc2C(C)C)n1	0.018521
rxn:5:181076:228888:223373	CSc1cc(-c2cc(C#N)ncc2F)cc(-c2c(F)ccc3[nH]ncc23)c1	0.018518
rxn:5:198417:229075:228455	COc1ncc(-c2ccnc3cc(-c4cc(C)c(C#N)s4)sc23)c(OC)n1	0.018514
rxn:5:197125:228727:229270	COc1cc(-c2cnc(C#N)s2)c2nc(-c3cc(C)cnc3OC)sc2c1	0.018514
rxn:5:197125:228733:229270	COc1cc(-c2cnc(C#N)s2)c2nc(-c3cnc(C)cc3OC)sc2c1	0.018514
rxn:5:197125:228757:229270	COc1cc(-c2cnc(C#N)s2)c2nc(-c3cc(C)ncc3OC)sc2c1	0.018514
rxn:5:197125:228755:229270	COc1cc(-c2cnc(C#N)s2)c2nc(-c3cncc(OC)c3C)sc2c1	0.018514
rxn:5:197125:228739:229270	COc1cc(-c2cnc(C#N)s2)c2nc(-c3cc(OC)ncc3C)sc2c1	0.018514
rxn:5:197125:228748:229270	COc1cc(-c2cnc(C#N)s2)c2nc(-c3cnc(OC)cc3C)sc2c1	0.018514
rxn:5:198417:229076:228455	COc1ncc(-c2ccnc3cc(-c4sc(C#N)cc4C)sc23)c(OC)n1	0.018514
rxn:5:198417:229270:227513	COc1nc(OC)c(-c2ccnc3cc(-c4cnc(C#N)s4)sc23)cc1C	0.018514
rxn:5:176753:227050:229308	CCCOc1ccc(-c2cc(C)no2)cc1-c1ccc(OC(C)C)c(C)c1	0.018509
rxn:5:178843:229270:226593	COC(=O)c1cccc(-c2cnc(C#N)s2)c1-c1c(F)ccc(OC(C)C)c1F	0.018507
rxn:5:178848:229270:226593	COC(=O)c1c(-c2cnc(C#N)s2)cccc1-c1c(F)ccc(OC(C)C)c1F	0.018507
rxn:5:177188:229338:223320	CCOC(=O)c1ccc(-c2ccns2)c(-c2cc(C)cc3[nH]ncc23)c1C	0.018506
rxn:5:179546:226412:229270	CCOc1cc(-c2cnc(C#N)s2)c(-c2cc(F)cc(N3CCCC3)c2)cc1C	0.018505
rxn:5:198417:223341:228361	CN(C)c1cc(-c2ccnc3cc(-c4ccc5c(c4)CC(=O)N5)sc23)c(F)cn1	0.018503
rxn:5:198417:223341:228363	CN(C)c1cc(F)c(-c2ccnc3cc(-c4ccc5c(c4)CC(=O)N5)sc23)cn1	0.018503
rxn:5:198419:229272:228821	COc1ncc(-c2csc3ccc(-c4ccc(C)c(F)c4F)nc23)s1	0.018502
rxn:5:198443:229272:228821	COc1ncc(-c2csc3nccc(-c4ccc(C)c(F)c4F)c23)s1	0.018502
rxn:5:176594:226778:229311	COc1cc(-c2ccc(OCC(C)=O)cc2-c2cnc(C)s2)c(F)c(F)c1OC	0.018500
rxn:5:179400:229272:228514	COc1ncc(-c2cc(C(=O)C3CC3)ccc2-c2cccc(C3CC3)c2)s1	0.018495
rxn:5:182654:228597:222418	Cc1cccc(C#N)c1-c1ccc2ccsc2c1-c1ccc(S(N)(=O)=O)cc1	0.018489
rxn:5:198513:229270:227058	COc1ccc(C2CC2)cc1-c1cc2[nH]ccc2cc1-c1cnc(C#N)s1	0.018489
rxn:5:182506:228964:226593	COC(=O)c1ncc(-c2cccc(C)c2-c2c(F)ccc(OC(C)C)c2F)s1	0.018487
rxn:5:195792:228292:227115	Cc1cc(-c2c(-c3ccnc4c3OCCO4)cncc2C2CC2)c(F)cc1C1CC1	0.018484
rxn:5:181071:228066:228435	COc1cccc(-c2c(SC)ccc(F)c2F)c1-c1ccc2c(c1)OCCO2	0.018481
rxn:5:198644:223183:229270	CNS(=O)(=O)c1ccc(-c2cccc3ccnc(-c4cnc(C#N)s4)c23)c(C)c1	0.018478
rxn:5:182656:228127:223383	COc1cccc(C#N)c1-c1ccc2ccoc2c1-c1ccc(NC(C)=O)nc1	0.018470
rxn:5:181071:228977:225622	COc1cccc(-c2ccccc2OC2CCCCO2)c1-c1ccc2c(c1)CC2	0.018465
rxn:5:192714:227034:229057	N#Cc1cccc(C2CC2)c1-c1ccc(CN2CCC2)cc1-c1cnn(C2CC2)c1	0.018463
rxn:5:192712:227034:229057	N#Cc1cccc(C2CC2)c1-c1cc(CN2CCC2)cc(-c2cnn(C3CC3)c2)c1	0.018463
rxn:5:198911:229270:227519	COC(=O)c1cc(C)c(-c2cc3c(C)c[nH]c3cc2-c2cnc(C#N)s2)cn1	0.018456
rxn:5:176570:229270:226412	COC(=O)Cc1ccc(-c2cc(F)cc(N3CCCC3)c2)c(-c2cnc(C#N)s2)c1	0.018455
rxn:5:176565:229270:226412	COC(=O)Cc1ccc(-c2cnc(C#N)s2)c(-c2cc(F)cc(N3CCCC3)c2)c1	0.018455
rxn:5:198911:229270:227942	CCc1ccc(-c2cc3c(C)c[nH]c3cc2-c2cnc(C#N)s2)c(OC)c1	0.018454
rxn:5:179197:227670:229270	CC(F)(F)c1cc(F)cc(-c2ccc(OC3CC3)c(-c3cnc(C#N)s3)c2)c1	0.018453
rxn:5:181076:227408:229177	CSc1cc(-c2cc(C3CCC3)ncc2F)cc(-c2c(F)cncc2F)c1	0.018449
rxn:5:198417:223018:223462	Cc1cc(-c2ccnc3cc(-c4ccc5c(c4)NC(=O)C(C)(C)O5)sc23)n[nH]1	0.018449
rxn:5:199066:223466:227137	CCn1cnc2cc(-c3c(C)ccc4nccc(-c5cn[nH]c5)c34)ccc21	0.018446
rxn:5:199098:223466:227137	CCn1cnc2cc(-c3ccnc4c(C)c(-c5cn[nH]c5)ccc34)ccc21	0.018446
rxn:5:199100:223466:227137	CCn1cnc2cc(-c3ccnc4c(C)ccc(-c5cn[nH]c5)c34)ccc21	0.018446
rxn:5:199090:223466:227137	CCn1cnc2cc(-c3ccnc4cc(C)c(-c5cn[nH]c5)cc34)ccc21	0.018446
rxn:5:199091:223466:227137	CCn1cnc2cc(-c3ccnc4cc(-c5cn[nH]c5)c(C)cc34)ccc21	0.018446
rxn:5:199060:223466:227137	CCn1cnc2cc(-c3cc4nccc(-c5cn[nH]c5)c4cc3C)ccc21	0.018446
rxn:5:199062:223466:227137	CCn1cnc2cc(-c3ccc4c(-c5cn[nH]c5)ccnc4c3C)ccc21	0.018446
rxn:5:199092:223466:227137	CCn1cnc2cc(-c3ccnc4c(-c5cn[nH]c5)cc(C)cc34)ccc21	0.018446
rxn:5:199058:223466:227137	CCn1cnc2cc(-c3ccnc4c(-c5cn[nH]c5)c(C)ccc34)ccc21	0.018446
rxn:5:199089:223466:227137	CCn1cnc2cc(-c3ccnc4c(C)cc(-c5cn[nH]c5)cc34)ccc21	0.018446
rxn:5:199102:223466:227137	CCn1cnc2cc(-c3cc(-c4cn[nH]c4)c4cccnc4c3C)ccc21	0.018446
rxn:5:199069:223466:227137	CCn1cnc2cc(-c3c(C)ccc4c(-c5cn[nH]c5)ccnc34)ccc21	0.018446
rxn:5:199106:223466:227135	CCn1ncc2cc(-c3ccnc4ccc(-c5cn[nH]c5)c(C)c34)ccc21	0.018446
rxn:5:199106:223466:227136	CCn1ccc2cc(-c3ccnc4ccc(-c5cn[nH]c5)c(C)c34)cnc21	0.018446
rxn:5:195522:229270:227862	CCc1cc(-c2cc3cccc(C)c3s2)c(-c2cnc(C#N)s2)cn1	0.018446
rxn:5:188380:227034:229057	CCOC(=O)c1ccc(-c2c(C#N)cccc2C2CC2)c(-c2cnn(C3CC3)c2)n1	0.018443
rxn:5:198417:229317:223411	Fc1ccc(-c2cc3nccc(-c4cc5cccnc5[nH]4)c3s2)s1	0.018443
rxn:5:181076:223317:229177	CSc1cc(-c2ccc3c(C)n[nH]c3c2)cc(-c2c(F)cncc2F)c1	0.018434
rxn:5:181282:228522:223263	CCc1ccc(-c2cc(C(=O)NC)ccc2F)c(-c2ccn3cccc3c2)c1	0.018419
rxn:5:199106:223464:223065	Cc1c(-c2cc[nH]c2)ccc2nccc(-c3ccc(N4CCNCC4)cc3F)c12	0.018408
rxn:5:198417:223397:227517	c1cc(-c2ccc(OC3COC3)nc2)c2sc(-c3ccc4c(c3)CCN4)cc2n1	0.018406
rxn:5:176594:227102:229311	CC(=O)COc1ccc(-c2cc(C(C)(C)C)ccc2F)c(-c2cnc(C)s2)c1	0.018400
rxn:5:179197:225834:229270	N#Cc1ncc(-c2cc(-c3cc(N4CCCCC4)ncc3F)ccc2OC2CC2)s1	0.018397
rxn:5:182637:229270:227524	COc1cc(-c2cc3ccoc3cc2-c2cnc(C#N)s2)c(F)cc1C#N	0.018390
rxn:5:199270:223464:223421	CNC(C)c1ccc(-c2c(C)c(C)nc3ccc(-c4cc[nH]c4)cc23)s1	0.018389
rxn:5:182637:229270:228276	COc1c(-c2cc3ccoc3cc2-c2cnc(C#N)s2)ccc(F)c1C	0.018385
rxn:5:182637:229270:228255	COc1c(-c2cc3ccoc3cc2-c2cnc(C#N)s2)ccc(C)c1F	0.018385
rxn:5:182646:228259:229270	COc1cc(C)cc(-c2ccc3occc3c2-c2cnc(C#N)s2)c1F	0.018385
rxn:5:182637:229270:228275	COc1c(F)cc(C)cc1-c1cc2ccoc2cc1-c1cnc(C#N)s1	0.018385
rxn:5:182637:229270:228272	COc1c(C)ccc(-c2cc3ccoc3cc2-c2cnc(C#N)s2)c1F	0.018385
rxn:5:182637:229270:228254	COc1ccc(-c2cc3ccoc3cc2-c2cnc(C#N)s2)c(C)c1F	0.018385
rxn:5:182637:229270:228271	COc1cc(C)c(-c2cc3ccoc3cc2-c2cnc(C#N)s2)cc1F	0.018385
rxn:5:182637:229270:228278	COc1cc(C)c(F)cc1-c1cc2ccoc2cc1-c1cnc(C#N)s1	0.018385
rxn:5:182637:229270:228242	COc1cc(F)c(C)cc1-c1cc2ccoc2cc1-c1cnc(C#N)s1	0.018385
rxn:5:182637:229270:228259	COc1cc(C)cc(-c2cc3ccoc3cc2-c2cnc(C#N)s2)c1F	0.018385
rxn:5:182637:229270:228267	COc1c(C)ccc(F)c1-c1cc2ccoc2cc1-c1cnc(C#N)s1	0.018385
rxn:5:182637:229270:228269	COc1cc(-c2cc3ccoc3cc2-c2cnc(C#N)s2)c(F)cc1C	0.018385
rxn:5:182637:229270:228258	COc1c(F)ccc(C)c1-c1cc2ccoc2cc1-c1cnc(C#N)s1	0.018385
rxn:5:182637:229270:228256	COc1cc(-c2cc3ccoc3cc2-c2cnc(C#N)s2)cc(C)c1F	0.018385
rxn:5:182637:229270:228257	COc1cc(C)cc(F)c1-c1cc2ccoc2cc1-c1cnc(C#N)s1	0.018385
rxn:5:182637:229270:228277	COc1ccc(F)c(C)c1-c1cc2ccoc2cc1-c1cnc(C#N)s1	0.018385
rxn:5:199106:223464:227031	Cc1c(-c2cc[nH]c2)ccc2nccc(-c3ccc(C4CC4)cc3C#N)c12	0.018384
rxn:5:182506:228576:226593	Cc1ccc(C#N)cc1-c1cccc(C)c1-c1c(F)ccc(OC(C)C)c1F	0.018383
rxn:5:199106:223466:226465	Cc1c(-c2cn[nH]c2)ccc2nccc(-c3ccc4c(c3)n(C)c(=O)n4C)c12	0.018381
rxn:5:198620:229217:223421	CNC(C)c1ccc(-c2ccnc3ccc(-c4ccc(F)cc4)cc23)s1	0.018381
rxn:5:198228:223341:226200	Cc1nc(-c2ccc3c(c2)CC(=O)N3)ccc1-c1ccc2c(c1)ncn2C(C)C	0.018380
rxn:5:198245:223341:226200	Cc1nccc(-c2ccc3c(c2)ncn3C(C)C)c1-c1ccc2c(c1)CC(=O)N2	0.018380
rxn:5:198246:223341:226200	Cc1c(-c2ccc3c(c2)ncn3C(C)C)ccnc1-c1ccc2c(c1)CC(=O)N2	0.018380
rxn:5:181076:227409:229177	CSc1cc(-c2cc(C(C)(C)C)ncc2F)cc(-c2c(F)cncc2F)c1	0.018380
rxn:5:181076:227412:229177	CSc1cc(-c2cnc(C(C)(C)C)cc2F)cc(-c2c(F)cncc2F)c1	0.018380
rxn:5:195522:229270:227410	CCc1cc(-c2cc(-c3ccncc3)cs2)c(-c2cnc(C#N)s2)cn1	0.018373
rxn:5:195522:229270:227422	CCc1cc(-c2cc(-c3cccnc3)cs2)c(-c2cnc(C#N)s2)cn1	0.018373
rxn:5:199106:223466:227147	Cc1nn(C)c2ccc(-c3ccnc4ccc(-c5cn[nH]c5)c(C)c34)cc12	0.018371
rxn:5:199106:223466:227154	Cc1c(-c2cn[nH]c2)ccc2nccc(-c3ccc4c(C)n(C)nc4c3)c12	0.018371
rxn:5:199106:223466:227153	Cc1nn(C)c2cc(-c3ccnc4ccc(-c5cn[nH]c5)c(C)c34)ccc12	0.018371
rxn:5:199106:223466:227161	Cc1c(-c2cn[nH]c2)ccc2nccc(-c3ccc4nn(C)c(C)c4c3)c12	0.018371
rxn:5:198417:229231:223411	CCc1ncc(-c2cc3nccc(-c4cc5cccnc5[nH]4)c3s2)s1	0.018371
rxn:5:181076:228869:229177	COC(=O)c1cc(-c2cc(SC)cc(-c3c(F)cncc3F)c2)cs1	0.018360
rxn:5:176993:229272:228775	CCCC(=O)c1ccc(-c2ccc(OC)c(F)c2)c(-c2cnc(OC)s2)c1	0.018357
rxn:5:195324:227034:227684	CSc1ccc(-c2c(C#N)cccc2C2CC2)c(-c2cnn(CC3OCCO3)c2)n1	0.018354
rxn:5:199106:223439:229061	Cc1c(-c2cc(C(F)(F)F)[nH]n2)ccc2nccc(-c3cnn(C(C)C)c3)c12	0.018353
rxn:5:182654:229059:229008	N#Cc1ccncc1-c1ccc2ccsc2c1-c1ccc(CF)cc1	0.018353
rxn:5:182654:229063:229008	N#Cc1cnccc1-c1ccc2ccsc2c1-c1ccc(CF)cc1	0.018353
rxn:5:182654:229058:229008	N#Cc1ncccc1-c1ccc2ccsc2c1-c1ccc(CF)cc1	0.018353
rxn:5:198525:228597:229008	Cc1cccc(C#N)c1-c1ccc2cc[nH]c2c1-c1ccc(CF)cc1	0.018348
rxn:5:195449:228990:223411	CCCc1ccc(-c2nccc(-c3cc4cccnc4[nH]3)c2C(C)=O)s1	0.018344
rxn:5:195792:229021:227115	Cc1cc(-c2c(-c3ccnc(C)c3C)cncc2C2CC2)c(F)cc1C1CC1	0.018340
rxn:5:181282:229270:226809	CCc1ccc(-c2cc(-c3ncon3)ccc2F)c(-c2cnc(C#N)s2)c1	0.018340
rxn:5:189082:229272:223000	COc1ncc(-c2cc(CC(=O)N(C)C)ccc2-c2ccc(C3CCCNC3)c(F)c2)s1	0.018335
rxn:5:198417:223397:228110	CCc1cnc(C#N)cc1-c1ccnc2cc(-c3ccc4c(c3)CCN4)sc12	0.018332
rxn:5:179840:228411:229231	CCc1ncc(-c2cc(O[C@@H]3CCOC3)ccc2-c2ccc(OC)c(F)c2F)s1	0.018327
rxn:5:177185:229338:223320	Cc1cc(-c2ccc(-c3ccns3)cc2C(=O)OC(C)C)c2cn[nH]c2c1	0.018323
rxn:5:179400:229272:228255	COc1ncc(-c2cc(C(=O)C3CC3)ccc2-c2ccc(C)c(F)c2OC)s1	0.018319
rxn:5:179400:229272:228252	COc1ncc(-c2cc(C(=O)C3CC3)ccc2-c2c(OC)ccc(C)c2F)s1	0.018319
rxn:5:179400:229272:228254	COc1ncc(-c2cc(C(=O)C3CC3)ccc2-c2ccc(OC)c(F)c2C)s1	0.018319
rxn:5:179400:229272:228276	COc1ncc(-c2cc(C(=O)C3CC3)ccc2-c2ccc(F)c(C)c2OC)s1	0.018319
rxn:5:179400:229272:228258	COc1ncc(-c2cc(C(=O)C3CC3)ccc2-c2c(C)ccc(F)c2OC)s1	0.018319
rxn:5:179400:229272:228272	COc1ncc(-c2cc(C(=O)C3CC3)ccc2-c2ccc(C)c(OC)c2F)s1	0.018319
rxn:5:179400:229272:228267	COc1ncc(-c2cc(C(=O)C3CC3)ccc2-c2c(F)ccc(C)c2OC)s1	0.018319
rxn:5:196416:223464:223421	CNC(C)c1ccc(-c2cc(-c3cc[nH]c3)ccc2-c2cccnc2)s1	0.018308
rxn:5:196358:223464:223421	CNC(C)c1ccc(-c2ccccc2-c2cc(-c3cc[nH]c3)ccn2)s1	0.018308
rxn:5:196356:223464:223421	CNC(C)c1ccc(-c2ccc(-c3cc(-c4cc[nH]c4)ccn3)cc2)s1	0.018308
rxn:5:196350:223464:223421	CNC(C)c1ccc(-c2cccc(-c3cc(-c4cc[nH]c4)ccn3)c2)s1	0.018308
rxn:5:179400:229272:227518	COc1ncc(-c2cc(C(=O)C3CC3)ccc2-c2ccc(OC)c(C#N)c2F)s1	0.018307
rxn:5:199106:229296:228508	Cc1c(-c2cnn(C)c2)ccc2nccc(-c3cccc(C(C)C)c3)c12	0.018306
rxn:5:199106:229296:228509	Cc1c(-c2cnn(C)c2)ccc2nccc(-c3ccc(C(C)C)cc3)c12	0.018306
rxn:5:196618:226412:229270	N#Cc1ncc(-c2ccc(-c3cc(F)cc(N4CCCC4)c3)cc2N2CCCC2=O)s1	0.018306
rxn:5:181071:228988:228435	COc1cccc(-c2c(SC)ccc(F)c2F)c1-c1ccc(C)c(C)c1	0.018299
rxn:5:198411:228259:229270	COc1cc(C)cc(-c2nc3ccc(-c4cnc(C#N)s4)cc3s2)c1F	0.018296
rxn:5:198412:228259:229270	COc1cc(C)cc(-c2nc3c(-c4cnc(C#N)s4)cccc3s2)c1F	0.018296
rxn:5:198408:228259:229270	COc1cc(C)cc(-c2nc3cc(-c4cnc(C#N)s4)ccc3s2)c1F	0.018296
rxn:5:197125:229034:229270	COc1cc(-c2cnc(C#N)s2)c2nc(-c3cc(C)ccc3F)sc2c1	0.018296
rxn:5:197125:229031:229270	COc1cc(-c2cnc(C#N)s2)c2nc(-c3ccc(C)cc3F)sc2c1	0.018296
rxn:5:197125:229045:229270	COc1cc(-c2cnc(C#N)s2)c2nc(-c3cc(C)cc(F)c3)sc2c1	0.018296
rxn:5:176594:226129:229311	CC(=O)COc1ccc(-c2cccc(CN3CCCC3)c2)c(-c2cnc(C)s2)c1	0.018291
rxn:5:195322:223341:226462	CCn1cnc2cc(-c3ccnc(OC)c3-c3ccc4c(c3)CC(=O)N4)c(F)cc21	0.018280
rxn:5:195330:223341:226462	CCn1cnc2cc(-c3ccnc(-c4ccc5c(c4)CC(=O)N5)c3OC)c(F)cc21	0.018280
rxn:5:198911:229270:228745	CSc1cc(C)c(-c2cc3c(C)c[nH]c3cc2-c2cnc(C#N)s2)cn1	0.018275
rxn:5:198911:229270:228758	CSc1ncc(C)cc1-c1cc2c(C)c[nH]c2cc1-c1cnc(C#N)s1	0.018275
rxn:5:198911:229270:228754	CSc1ncc(-c2cc3c(C)c[nH]c3cc2-c2cnc(C#N)s2)cc1C	0.018275
rxn:5:198911:229270:227298	Cc1c[nH]c2cc(-c3cnc(C#N)s3)c(-c3cc(F)ccc3CN(C)C)cc12	0.018275
rxn:5:198417:229226:223411	N#Cc1ccc(-c2cc3nccc(-c4cc5cccnc5[nH]4)c3s2)s1	0.018273
rxn:5:180096:229344:228564	CCC(C)c1ccc(-c2cc(-c3cocn3)ccc2OC2CCCC2)s1	0.018264
rxn:5:198620:223464:225805	CC(c1ccc(-c2ccnc3ccc(-c4cc[nH]c4)cc23)s1)N1CCOCC1	0.018262
rxn:5:198620:223464:223054	CC(c1ccc(-c2ccnc3ccc(-c4cc[nH]c4)cc23)s1)N1CCC(O)C1	0.018262
rxn:5:198417:229270:227497	Cc1nc(OC(C)C)ncc1-c1ccnc2cc(-c3cnc(C#N)s3)sc12	0.018256
rxn:5:182637:229270:228639	Cc1ccc(-c2cc3ccoc3cc2-c2cnc(C#N)s2)c(C)c1F	0.018253
rxn:5:182637:229270:228641	Cc1cc(F)c(-c2cc3ccoc3cc2-c2cnc(C#N)s2)cc1C	0.018253
rxn:5:182637:229270:228637	Cc1cc(-c2cc3ccoc3cc2-c2cnc(C#N)s2)c(C)cc1F	0.018253
rxn:5:182637:229270:228646	Cc1cc(-c2cc3ccoc3cc2-c2cnc(C#N)s2)cc(F)c1C	0.018253
rxn:5:182637:229270:228635	Cc1c(F)ccc(-c2cc3ccoc3cc2-c2cnc(C#N)s2)c1C	0.018253
rxn:5:182637:229270:228648	Cc1cc(C)c(F)c(-c2cc3ccoc3cc2-c2cnc(C#N)s2)c1	0.018253
rxn:5:182637:229270:223370	N#Cc1ncc(-c2cc3occc3cc2-c2ccc(F)c3[nH]ncc23)s1	0.018244
rxn:5:195792:228040:223357	CC(=O)Nc1ccccc1-c1c(-c2ccnc3ccncc23)cncc1C1CC1	0.018229
rxn:5:181071:228977:226137	COc1cccc(-c2cc(C3CC3)cnc2C(C)C)c1-c1ccc2c(c1)CC2	0.018227
rxn:5:198513:229270:228564	CCC(C)c1ccc(-c2cc3[nH]ccc3cc2-c2cnc(C#N)s2)s1	0.018223
rxn:5:199106:223464:228791	CSc1ccc(-c2ccnc3ccc(-c4cc[nH]c4)c(C)c23)c(F)c1	0.018218
rxn:5:199106:223464:228800	CSc1ccc(F)cc1-c1ccnc2ccc(-c3cc[nH]c3)c(C)c12	0.018218
rxn:5:198417:229233:223411	COc1ccc(-c2cc3nccc(-c4cc5cccnc5[nH]4)c3s2)s1	0.018213
rxn:5:198417:229273:223390	COc1ncsc1-c1cc2nccc(-c3ccc4cc[nH]c4c3)c2s1	0.018213
rxn:5:192074:223464:226695	CCS(=O)(=O)c1cnc(-c2ccc(-c3cncs3)cc2F)c(-c2cc[nH]c2)c1	0.018211
rxn:5:191556:228977:228435	COc1cc(-c2ccc3c(c2)CC3)c(-c2c(SC)ccc(F)c2F)cc1C#N	0.018208
rxn:5:191557:228977:228435	COc1ccc(-c2ccc3c(c2)CC3)c(-c2c(SC)ccc(F)c2F)c1C#N	0.018208
rxn:5:191553:228977:228435	COc1cc(-c2c(SC)ccc(F)c2F)c(-c2ccc3c(c2)CC3)cc1C#N	0.018208
rxn:5:199106:223462:225631	Cc1cc(-c2ccc3nccc(-c4ccc(N5CCN(C)CC5)cc4)c3c2C)n[nH]1	0.018206
rxn:5:182656:229229:223271	CC(=O)Nc1cc(-c2c(-c3cscc3C#N)ccc3ccoc23)ccc1F	0.018203
rxn:5:181071:228977:227748	COc1cccc(-c2ccc(F)c(C(F)(F)F)c2)c1-c1ccc2c(c1)CC2	0.018199
rxn:5:182656:228127:229218	COc1cccc(C#N)c1-c1ccc2ccoc2c1-c1cccc(F)c1	0.018196
rxn:5:182656:228127:229217	COc1cccc(C#N)c1-c1ccc2ccoc2c1-c1ccc(F)cc1	0.018196
rxn:5:181071:227199:228435	COc1cccc(-c2c(SC)ccc(F)c2F)c1-c1ccc2c(c1)N(C)C(=O)C2	0.018190
rxn:5:196189:223183:228190	CNS(=O)(=O)c1ccc(-c2ccc(C3=NCCO3)cc2-c2cnc(N(C)C)cc2C)c(C)c1	0.018188
rxn:5:198513:229270:223369	N#Cc1ncc(-c2cc3cc[nH]c3cc2-c2cc(F)c3cn[nH]c3c2)s1	0.018186
rxn:5:199106:229296:227955	Cc1cnc(C(C)C)c(-c2ccnc3ccc(-c4cnn(C)c4)c(C)c23)c1	0.018183
rxn:5:199106:223462:227386	Cc1cc(-c2ccc3nccc(-c4cnn(C5CCCCC5)c4)c3c2C)n[nH]1	0.018179
rxn:5:198417:229270:227490	CC(C)(C)Oc1ncc(-c2ccnc3cc(-c4cnc(C#N)s4)sc23)cn1	0.018176
rxn:5:181422:229270:226593	CC(C)Oc1ccc(F)c(-c2cccc(-c3cnc(C#N)s3)c2C2CC2)c1F	0.018176
rxn:5:181076:228888:228430	CSc1cc(-c2cc(C#N)ncc2F)cc(-c2c(F)cc(SC)cc2F)c1	0.018174
rxn:5:198417:223397:228578	c1cc(-c2ccc(C3CC3)nc2)c2sc(-c3ccc4c(c3)CCN4)cc2n1	0.018170
rxn:5:176594:225988:229311	CC(=O)COc1ccc(-c2c(F)cc(C3OCCO3)cc2F)c(-c2cnc(C)s2)c1	0.018168
rxn:5:181076:227319:229177	CSc1cc(-c2cc(CC(C)C)ncc2F)cc(-c2c(F)cncc2F)c1	0.018166
rxn:5:181076:227315:229177	CSc1cc(-c2cnc(CC(C)C)cc2F)cc(-c2c(F)cncc2F)c1	0.018166
rxn:5:179840:225868:229311	Cc1ncc(-c2cc(O[C@@H]3CCOC3)ccc2-c2ccc(N3CCOCC3)c(F)c2)s1	0.018160
rxn:5:176594:228381:228611	COc1ccc(C)c(-c2cc(OCC(C)=O)ccc2-c2c(F)cc(C#N)cc2F)c1	0.018160
rxn:5:199106:223464:225879	Cc1c(-c2cc[nH]c2)ccc2nccc(-c3ccc(N4CCOCC4)cc3F)c12	0.018156
rxn:5:198748:229009:229306	Cc1cnc(-c2cc(-c3cc(C4CC4)cs3)c3ccncc3c2)s1	0.018155
rxn:5:195463:226412:229075	Cc1cc(-c2cc(F)cc(N3CCCC3)c2)c(-c2cc(C)c(C#N)s2)cc1C#N	0.018149
rxn:5:195463:226412:229076	Cc1cc(-c2cc(F)cc(N3CCCC3)c2)c(-c2sc(C#N)cc2C)cc1C#N	0.018149
rxn:5:179551:229009:228574	CCOc1ccc(-c2cc(C3CC3)cs2)c(C)c1-c1ccc(C)cc1C#N	0.018146
rxn:5:198445:228597:229008	Cc1cccc(C#N)c1-c1ccc2cnoc2c1-c1ccc(CF)cc1	0.018146
rxn:5:199106:223464:227315	Cc1c(-c2cc[nH]c2)ccc2nccc(-c3cnc(CC(C)C)cc3F)c12	0.018145
rxn:5:179840:227329:229311	COc1ccc(C(C)=O)cc1-c1ccc(O[C@@H]2CCOC2)cc1-c1cnc(C)s1	0.018144
rxn:5:198917:229272:228821	COc1ncc(-c2ccc(-c3ccc(C)c(F)c3F)c3c2ccn3C)s1	0.018144
rxn:5:179197:223232:229270	N#Cc1ncc(-c2cc(-c3cccc(-c4cc[nH]n4)c3)ccc2OC2CC2)s1	0.018138
rxn:5:179197:223235:229270	N#Cc1ncc(-c2cc(-c3ccc(-c4cn[nH]c4)cc3)ccc2OC2CC2)s1	0.018138
rxn:5:179197:223238:229270	N#Cc1ncc(-c2cc(-c3cccc(-c4cn[nH]c4)c3)ccc2OC2CC2)s1	0.018138
rxn:5:179400:229231:228821	CCc1ncc(-c2cc(C(=O)C3CC3)ccc2-c2ccc(C)c(F)c2F)s1	0.018138
rxn:5:176594:227100:229311	CC(=O)COc1ccc(-c2c(C)cc(C3CC3)cc2F)c(-c2cnc(C)s2)c1	0.018135
rxn:5:197567:223464:223421	CCc1cc(-c2ccc(C(C)NC)s2)c2cc(-c3cc[nH]c3)ccc2n1	0.018131
rxn:5:197568:223464:223421	CCc1cc(-c2cc[nH]c2)cc2c(-c3ccc(C(C)NC)s3)ccnc12	0.018131
rxn:5:197565:223464:223421	CCc1cc2cc(-c3cc[nH]c3)ccc2nc1-c1ccc(C(C)NC)s1	0.018131
rxn:5:199106:229296:226332	Cc1c(-c2cnn(C)c2)ccc2nccc(-c3ccccc3C(=O)N3CCC3)c12	0.018129
rxn:5:198417:222416:223462	Cc1cc(-c2ccnc3cc(-c4ccc5[nH]c(=O)[nH]c5c4)sc23)n[nH]1	0.018126
rxn:5:176594:228430:229311	CSc1cc(F)c(-c2ccc(OCC(C)=O)cc2-c2cnc(C)s2)c(F)c1	0.018126
rxn:5:198513:229270:227614	N#Cc1ncc(-c2cc3cc[nH]c3cc2-c2ccccc2-c2ncon2)s1	0.018120
rxn:5:198646:229272:228821	COc1ncc(-c2ccnc3ccc(-c4ccc(C)c(F)c4F)cc23)s1	0.018102
rxn:5:198684:229272:228821	COc1ncc(-c2ccc3ncccc3c2-c2ccc(C)c(F)c2F)s1	0.018102
rxn:5:179411:229270:226412	COC(=O)c1cc(-c2cc(F)cc(N3CCCC3)c2)c(-c2cnc(C#N)s2)cc1C	0.018100
rxn:5:179406:229270:226412	COC(=O)c1cc(-c2cc(F)cc(N3CCCC3)c2)c(C)cc1-c1cnc(C#N)s1	0.018100
rxn:5:179398:229270:226412	COC(=O)c1cc(-c2cc(F)cc(N3CCCC3)c2)cc(-c2cnc(C#N)s2)c1C	0.018100
rxn:5:179397:229270:226412	COC(=O)c1cc(-c2cc(F)cc(N3CCCC3)c2)c(C)c(-c2cnc(C#N)s2)c1	0.018100
rxn:5:179410:229270:226412	COC(=O)c1c(-c2cc(F)cc(N3CCCC3)c2)ccc(C)c1-c1cnc(C#N)s1	0.018100
rxn:5:179395:229270:226412	COC(=O)c1cc(C)c(-c2cc(F)cc(N3CCCC3)c2)c(-c2cnc(C#N)s2)c1	0.018100
rxn:5:179416:229270:226412	COC(=O)c1c(C)cc(-c2cc(F)cc(N3CCCC3)c2)cc1-c1cnc(C#N)s1	0.018100
rxn:5:179403:229270:226412	COC(=O)c1c(C)cc(-c2cnc(C#N)s2)cc1-c1cc(F)cc(N2CCCC2)c1	0.018100
rxn:5:179411:226412:229270	COC(=O)c1cc(-c2cnc(C#N)s2)c(-c2cc(F)cc(N3CCCC3)c2)cc1C	0.018100
rxn:5:195463:226412:228964	COC(=O)c1ncc(-c2cc(C#N)c(C)cc2-c2cc(F)cc(N3CCCC3)c2)s1	0.018100
rxn:5:179409:229270:226412	COC(=O)c1cc(-c2cnc(C#N)s2)c(C)cc1-c1cc(F)cc(N2CCCC2)c1	0.018100
rxn:5:179408:229270:226412	COC(=O)c1cc(-c2cnc(C#N)s2)cc(-c2cc(F)cc(N3CCCC3)c2)c1C	0.018100
rxn:5:179413:229270:226412	COC(=O)c1cc(C)cc(-c2cnc(C#N)s2)c1-c1cc(F)cc(N2CCCC2)c1	0.018100
rxn:5:179402:229270:226412	COC(=O)c1cc(-c2cnc(C#N)s2)cc(C)c1-c1cc(F)cc(N2CCCC2)c1	0.018100
rxn:5:179414:229270:226412	COC(=O)c1ccc(-c2cnc(C#N)s2)c(-c2cc(F)cc(N3CCCC3)c2)c1C	0.018100
rxn:5:179399:229270:226412	COC(=O)c1cc(C)c(-c2cnc(C#N)s2)c(-c2cc(F)cc(N3CCCC3)c2)c1	0.018100
rxn:5:179197:225634:229270	Cc1cc(-c2ccc(OC3CC3)c(-c3cnc(C#N)s3)c2)cnc1N1CCCCC1	0.018098
rxn:5:182654:228597:229313	Cc1cc(-c2c(-c3c(C)cccc3C#N)ccc3ccsc23)sn1	0.018098
rxn:5:198417:223341:228988	Cc1ccc(-c2ccnc3cc(-c4ccc5c(c4)CC(=O)N5)sc23)cc1C	0.018097
rxn:5:188384:229272:223000	CCOC(=O)c1cnc(-c2ccc(C3CCCNC3)c(F)c2)c(-c2cnc(OC)s2)c1	0.018095
rxn:5:181282:229270:225625	CCc1ccc(-c2cc(OC3CCCC3)ccc2F)c(-c2cnc(C#N)s2)c1	0.018091
rxn:5:191510:229296:226200	COC(=O)c1c(-c2ccc3c(c2)ncn3C(C)C)ccnc1-c1cnn(C)c1	0.018084
rxn:5:199106:223464:227980	Cc1c(-c2cc[nH]c2)ccc2nccc(-c3ccc(C4CC4)cc3F)c12	0.018081
rxn:5:198620:223464:227113	Cc1cc(F)c(C2CC2)cc1-c1ccnc2ccc(-c3cc[nH]c3)cc12	0.018081
rxn:5:181076:228888:227534	CCOc1cc(F)c(-c2cc(SC)cc(-c3cc(C#N)ncc3F)c2)c(F)c1	0.018073
rxn:5:199106:223466:228274	CSc1cc(-c2ccnc3ccc(-c4cn[nH]c4)c(C)c23)c(F)cc1C	0.018072
rxn:5:195792:229001:227115	CCc1cnccc1-c1cncc(C2CC2)c1-c1cc(C)c(C2CC2)cc1F	0.018060
rxn:5:195792:229000:227115	CCc1ccncc1-c1cncc(C2CC2)c1-c1cc(C)c(C2CC2)cc1F	0.018060
rxn:5:198417:229288:223411	Cc1ccc(-c2cc3nccc(-c4cc5cccnc5[nH]4)c3s2)s1	0.018054
rxn:5:181550:229272:223000	COc1ncc(-c2cc(C(C)=O)cc(C)c2-c2ccc(C3CCCNC3)c(F)c2)s1	0.018054
rxn:5:198748:229009:229063	N#Cc1cnccc1-c1cc(-c2cc(C3CC3)cs2)c2ccncc2c1	0.018050
rxn:5:198748:229009:229059	N#Cc1ccncc1-c1cc(-c2cc(C3CC3)cs2)c2ccncc2c1	0.018050
rxn:5:198748:229009:229058	N#Cc1ncccc1-c1cc(-c2cc(C3CC3)cs2)c2ccncc2c1	0.018050
rxn:5:176594:228381:228964	COC(=O)c1ncc(-c2cc(OCC(C)=O)ccc2-c2c(F)cc(C#N)cc2F)s1	0.018050
rxn:5:195324:227034:228677	CSc1ccc(-c2c(C#N)cccc2C2CC2)c(-c2cnn(CC(C)C)c2)n1	0.018049
rxn:5:179197:226746:229270	CCc1cnc(C(F)(F)F)cc1-c1ccc(OC2CC2)c(-c2cnc(C#N)s2)c1	0.018042
rxn:5:176993:229272:223199	CCCC(=O)c1ccc(-c2cccc(C3CCNC3)c2)c(-c2cnc(OC)s2)c1	0.018038
rxn:5:176993:229272:223200	CCCC(=O)c1ccc(-c2ccc(C3CCNC3)cc2)c(-c2cnc(OC)s2)c1	0.018038
rxn:5:176993:229272:223201	CCCC(=O)c1ccc(-c2ccccc2C2CCNC2)c(-c2cnc(OC)s2)c1	0.018038
rxn:5:181629:229270:226593	Cc1cc(S(C)(=O)=O)cc(-c2cnc(C#N)s2)c1-c1c(F)ccc(OC(C)C)c1F	0.018028
rxn:5:195463:226668:229270	Cc1cc(-c2cc(F)cc(-n3ccnc3)c2)c(-c2cnc(C#N)s2)cc1C#N	0.018027
rxn:5:195463:226670:229270	Cc1cc(-c2cc(F)cc(-n3cccn3)c2)c(-c2cnc(C#N)s2)cc1C#N	0.018027
rxn:5:195463:226671:229270	Cc1cc(-c2cnn(-c3cccc(F)c3)c2)c(-c2cnc(C#N)s2)cc1C#N	0.018027
rxn:5:182637:229270:227995	COc1c(C)cc(C)cc1-c1cc2ccoc2cc1-c1cnc(C#N)s1	0.018025
rxn:5:182637:229270:228000	COc1cc(C)c(C)cc1-c1cc2ccoc2cc1-c1cnc(C#N)s1	0.018025
rxn:5:182637:229270:227987	COc1c(C)ccc(-c2cc3ccoc3cc2-c2cnc(C#N)s2)c1C	0.018025
rxn:5:182637:229270:227982	COc1cc(C)cc(-c2cc3ccoc3cc2-c2cnc(C#N)s2)c1C	0.018025
rxn:5:182637:229270:227973	COc1c(C)cc(-c2cc3ccoc3cc2-c2cnc(C#N)s2)cc1C	0.018025
rxn:5:182637:229270:227984	COc1ccc(-c2cc3ccoc3cc2-c2cnc(C#N)s2)c(C)c1C	0.018025
rxn:5:182637:229270:227977	COc1cc(C)c(-c2cc3ccoc3cc2-c2cnc(C#N)s2)cc1C	0.018025
rxn:5:182637:229270:228006	COc1cc(-c2cc3ccoc3cc2-c2cnc(C#N)s2)c(C)cc1C	0.018025
rxn:5:195460:229065:227395	Cc1cc(-c2ccnc(C#N)c2)cc(-c2ccc(-c3ncco3)cc2)c1C#N	0.018019
rxn:5:181071:228978:228435	CCc1ccc(-c2c(OC)cccc2-c2c(SC)ccc(F)c2F)cc1	0.018018
rxn:5:181071:228979:228435	CCc1ccccc1-c1c(OC)cccc1-c1c(SC)ccc(F)c1F	0.018018
rxn:5:198748:229320:228574	Cc1ccc(-c2cc(-c3cc(F)cs3)c3ccncc3c2)c(C#N)c1	0.018016
rxn:5:182506:229270:226976	Cc1cccc(-c2cnc(C#N)s2)c1-c1c(F)ccc2ccccc12	0.018016
rxn:5:179982:223397:227278	Cc1c(OC(C)C)ccc(-c2ccc3c(c2)CCN3)c1-c1ccc(C2(C#N)CC2)nc1	0.018016
rxn:5:181071:227183:228435	COc1cccc(-c2c(SC)ccc(F)c2F)c1-c1ccc2c(c1)CN(C)C2=O	0.018016
rxn:5:181071:227197:228435	COc1cccc(-c2c(SC)ccc(F)c2F)c1-c1ccc2c(c1)C(=O)N(C)C2	0.018016
rxn:5:198620:229199:223421	CNC(C)c1ccc(-c2ccnc3ccc(-c4ccc(C)cc4)cc23)s1	0.018012
rxn:5:181630:229270:226593	CC(C)Oc1ccc(F)c(-c2c(-c3cnc(C#N)s3)cccc2C2OCCO2)c1F	0.018000
rxn:5:194141:229270:228878	COC(=O)c1c[nH]c2cc(-c3cnn(C4COC4)c3)c(-c3cnc(C#N)s3)cc12	0.017995
rxn:5:179400:229272:227987	COc1ncc(-c2cc(C(=O)C3CC3)ccc2-c2ccc(C)c(OC)c2C)s1	0.017994
rxn:5:176570:229272:223000	COC(=O)Cc1ccc(-c2ccc(C3CCCNC3)c(F)c2)c(-c2cnc(OC)s2)c1	0.017993
rxn:5:195522:229270:226178	CCc1cc(-c2ccccc2-c2ccncc2)c(-c2cnc(C#N)s2)cn1	0.017992
rxn:5:176594:226138:229311	CC(=O)COc1ccc(-c2c(C)cc(C#N)cc2C2CC2)c(-c2cnc(C)s2)c1	0.017992
rxn:5:176594:226134:229311	CC(=O)COc1ccc(-c2cc(C#N)cc(C3CC3)c2C)c(-c2cnc(C)s2)c1	0.017992
rxn:5:182506:229080:226593	Cc1cccc(-c2cnc(C3CC3)s2)c1-c1c(F)ccc(OC(C)C)c1F	0.017991
rxn:5:179400:229272:227958	COc1ncc(-c2cc(C(=O)C3CC3)ccc2-c2ccnc(C3CCC3)c2)s1	0.017986
rxn:5:195792:228913:227115	COc1nccc(-c2cncc(C3CC3)c2-c2cc(C)c(C3CC3)cc2F)c1F	0.017982
rxn:5:179400:229272:228180	COCc1cc(-c2ccc(C(=O)C3CC3)cc2-c2cnc(OC)s2)ccc1F	0.017980
rxn:5:176594:228662:229311	CC(=O)COc1ccc(-c2cc3cnccc3s2)c(-c2cnc(C)s2)c1	0.017977
rxn:5:179840:227666:229311	CC(=O)c1ccc(-c2ccc(O[C@@H]3CCOC3)cc2-c2cnc(C)s2)c(F)c1F	0.017975
rxn:5:198417:223397:227654	c1cc(-c2ccc(C3OCCO3)nc2)c2sc(-c3ccc4c(c3)CCN4)cc2n1	0.017974
rxn:5:179840:227532:229311	CCOc1ccc(-c2ccc(O[C@@H]3CCOC3)cc2-c2cnc(C)s2)c(F)c1F	0.017972
rxn:5:179840:227581:229311	CCOc1c(F)ccc(-c2ccc(O[C@@H]3CCOC3)cc2-c2cnc(C)s2)c1F	0.017972
rxn:5:179840:227582:229311	CCOc1c(-c2ccc(O[C@@H]3CCOC3)cc2-c2cnc(C)s2)ccc(F)c1F	0.017972
rxn:5:179840:227545:229311	CCOc1ccc(F)c(-c2ccc(O[C@@H]3CCOC3)cc2-c2cnc(C)s2)c1F	0.017972
rxn:5:179840:227548:229311	CCOc1ccc(F)c(F)c1-c1ccc(O[C@@H]2CCOC2)cc1-c1cnc(C)s1	0.017972
rxn:5:196621:228127:223271	COc1cccc(C#N)c1-c1cc(N2CCCC2=O)ccc1-c1ccc(F)c(NC(C)=O)c1	0.017970
rxn:5:181071:227858:228435	COc1cccc(-c2c(SC)ccc(F)c2F)c1-c1cccc2c1CN(C)C2	0.017966
rxn:5:181071:228775:228435	COc1ccc(-c2c(OC)cccc2-c2c(SC)ccc(F)c2F)cc1F	0.017964
rxn:5:181071:228784:228435	COc1cc(-c2c(OC)cccc2-c2c(SC)ccc(F)c2F)ccc1F	0.017964
rxn:5:195463:227172:229270	Cc1cc(-c2ccc(F)c3cnccc23)c(-c2cnc(C#N)s2)cc1C#N	0.017963
rxn:5:198620:223464:226596	CC(C)Oc1c(F)ccc(-c2ccnc3ccc(-c4cc[nH]c4)cc23)c1F	0.017960
rxn:5:196189:225932:229270	CN(C)c1ccc(-c2ccc(C3=NCCO3)cc2-c2cnc(C#N)s2)cc1C(F)(F)F	0.017953
rxn:5:197491:229270:229088	CCc1c[nH]c2cc(-c3cc(C(C)=O)cs3)c(-c3cnc(C#N)s3)cc12	0.017952
rxn:5:179400:229236:228821	COc1csc(-c2cc(C(=O)C3CC3)ccc2-c2ccc(C)c(F)c2F)c1	0.017952
rxn:5:179400:229233:228821	COc1ccc(-c2cc(C(=O)C3CC3)ccc2-c2ccc(C)c(F)c2F)s1	0.017952
rxn:5:196189:225461:229270	Cc1cc(N2CCCCC2)ccc1-c1ccc(C2=NCCO2)cc1-c1cnc(C#N)s1	0.017945
rxn:5:198748:229230:228574	Cc1ccc(-c2cc(-c3cc(C#N)cs3)c3ccncc3c2)c(C#N)c1	0.017941
rxn:5:195460:227397:229272	COc1ncc(-c2cc(-c3ccnc(-c4ccco4)c3)cc(C)c2C#N)s1	0.017923
rxn:5:195460:227406:229272	COc1ncc(-c2cc(-c3ccnc(-c4ccoc4)c3)cc(C)c2C#N)s1	0.017923
rxn:5:195460:227420:229272	COc1ncc(-c2cc(-c3cccc(-c4ncco4)c3)cc(C)c2C#N)s1	0.017923
rxn:5:180141:229270:229308	COc1ccc(-c2cc(C)no2)cc1-c1ccc(-c2cnc(C#N)s2)cc1	0.017923
rxn:5:198417:229080:228455	COc1ncc(-c2ccnc3cc(-c4cnc(C5CC5)s4)sc23)c(OC)n1	0.017920
rxn:5:195792:228040:222415	NS(=O)(=O)c1cc(-c2c(-c3ccnc4ccncc34)cncc2C2CC2)ccc1F	0.017918
rxn:5:195792:228040:229131	Fc1ccc(-c2c(-c3ccnc4ccncc34)cncc2C2CC2)c(F)c1	0.017916
rxn:5:195792:228040:229134	Fc1ccc(F)c(-c2c(-c3ccnc4ccncc34)cncc2C2CC2)c1	0.017916
rxn:5:195792:228040:229140	Fc1cccc(-c2c(-c3ccnc4ccncc34)cncc2C2CC2)c1F	0.017916
rxn:5:195792:228040:229137	Fc1cccc(F)c1-c1c(-c2ccnc3ccncc23)cncc1C1CC1	0.017916
rxn:5:199106:223464:227718	Cc1c(-c2cc[nH]c2)ccc2nccc(-c3ccc(OC(F)F)cc3F)c12	0.017911
rxn:5:182637:229270:227566	COc1ccc(-c2cc3ccoc3cc2-c2cnc(C#N)s2)c(OC)c1F	0.017909
rxn:5:182637:229270:227556	COc1cc(-c2cc3ccoc3cc2-c2cnc(C#N)s2)cc(OC)c1F	0.017909
rxn:5:182637:229270:227587	COc1cc(-c2cc3ccoc3cc2-c2cnc(C#N)s2)cc(F)c1OC	0.017909
rxn:5:182637:229270:227574	COc1c(F)ccc(-c2cc3ccoc3cc2-c2cnc(C#N)s2)c1OC	0.017909
rxn:5:182637:229270:227569	COc1ccc(F)c(OC)c1-c1cc2ccoc2cc1-c1cnc(C#N)s1	0.017909
rxn:5:182637:229270:227588	COc1cc(F)cc(OC)c1-c1cc2ccoc2cc1-c1cnc(C#N)s1	0.017909
rxn:5:182637:229270:227592	COc1cc(F)cc(-c2cc3ccoc3cc2-c2cnc(C#N)s2)c1OC	0.017909
rxn:5:182637:229270:227561	COc1cc(F)c(-c2cc3ccoc3cc2-c2cnc(C#N)s2)cc1OC	0.017909
rxn:5:182637:229270:227562	COc1ccc(F)c(-c2cc3ccoc3cc2-c2cnc(C#N)s2)c1OC	0.017909
rxn:5:199106:229296:227909	CCC(C)c1cc(-c2ccnc3ccc(-c4cnn(C)c4)c(C)c23)ccn1	0.017906
rxn:5:199106:229296:227910	CCC(C)c1ccc(-c2ccnc3ccc(-c4cnn(C)c4)c(C)c23)cn1	0.017906
rxn:5:198417:223397:228136	c1cc(-c2ccc(OC3CC3)nc2)c2sc(-c3ccc4c(c3)CCN4)cc2n1	0.017906
rxn:5:181076:222957:229177	CSc1cc(-c2cc(C)cc(C3CCCNC3)c2)cc(-c2c(F)cncc2F)c1	0.017902
rxn:5:181205:223464:226695	CC(=O)c1c(-c2cc[nH]c2)cccc1-c1ccc(-c2cncs2)cc1F	0.017900
rxn:5:182818:223183:229270	CNS(=O)(=O)c1ccc(-c2cc(-c3cnc(C#N)s3)c3ccccc3c2)c(C)c1	0.017891
rxn:5:176993:229272:228821	CCCC(=O)c1ccc(-c2ccc(C)c(F)c2F)c(-c2cnc(OC)s2)c1	0.017891
rxn:5:198417:223397:229077	CSc1ccc(-c2ccnc3cc(-c4ccc5c(c4)CCN5)sc23)cn1	0.017889
rxn:5:199106:229296:228666	Cc1c(-c2cnn(C)c2)ccc2nccc(-c3ccc4ocnc4c3)c12	0.017889
rxn:5:199106:229296:228665	Cc1c(-c2cnn(C)c2)ccc2nccc(-c3ccc4ncoc4c3)c12	0.017889
rxn:5:194141:229270:229133	COC(=O)c1c[nH]c2cc(-c3cc(F)cc(F)c3)c(-c3cnc(C#N)s3)cc12	0.017888
rxn:5:198513:229270:226760	COC(=O)c1cc(-c2cc3[nH]ccc3cc2-c2cnc(C#N)s2)cc(F)c1F	0.017888
rxn:5:198513:229270:226763	COC(=O)c1c(F)cc(-c2cc3[nH]ccc3cc2-c2cnc(C#N)s2)cc1F	0.017888
rxn:5:181071:228584:228435	COc1cccc(-c2c(SC)ccc(F)c2F)c1-c1ccnc(C2CC2)c1	0.017876
rxn:5:198911:229270:227655	Cc1c[nH]c2cc(-c3cnc(C#N)s3)c(-c3cc(F)c(F)c(N(C)C)c3)cc12	0.017870
rxn:5:198911:229270:227520	Cc1c[nH]c2cc(-c3cnc(C#N)s3)c(-c3cnc(OC(C)C)cc3F)cc12	0.017870
rxn:5:198911:229270:227503	Cc1c[nH]c2cc(-c3cnc(C#N)s3)c(-c3cc(OC(C)C)ncc3F)cc12	0.017870
rxn:5:198748:229236:228574	COc1csc(-c2cc(-c3ccc(C)cc3C#N)cc3cnccc23)c1	0.017868
rxn:5:198513:229270:227061	Cc1ccc(OC(C)C)cc1-c1cc2[nH]ccc2cc1-c1cnc(C#N)s1	0.017867
rxn:5:182656:228994:223271	CC(=O)Nc1cc(-c2c(-c3ccccc3C#N)ccc3ccoc23)ccc1F	0.017867
rxn:5:182506:228984:226593	Cc1ccc(C)c(-c2cccc(C)c2-c2c(F)ccc(OC(C)C)c2F)c1	0.017865
rxn:5:179397:229272:223000	COC(=O)c1cc(-c2ccc(C3CCCNC3)c(F)c2)c(C)c(-c2cnc(OC)s2)c1	0.017861
rxn:5:179411:229272:223000	COC(=O)c1cc(-c2ccc(C3CCCNC3)c(F)c2)c(-c2cnc(OC)s2)cc1C	0.017861
rxn:5:182506:229270:226218	Cc1ccc2ccc(F)c(-c3c(C)cccc3-c3cnc(C#N)s3)c2n1	0.017860
rxn:5:198417:228990:229211	CCCc1ccc(-c2cc3nccc(-c4cccnc4C)c3s2)s1	0.017855
rxn:5:195463:226412:228317	COC(=O)c1ccc(-c2cc(C#N)c(C)cc2-c2cc(F)cc(N3CCCC3)c2)cn1	0.017852
rxn:5:198417:223341:228318	COC(=O)c1ccncc1-c1ccnc2cc(-c3ccc4c(c3)CC(=O)N4)sc12	0.017849
rxn:5:197420:223466:227137	CCn1cnc2cc(-c3ccnc4c(-c5cn[nH]c5)ccc(OC)c34)ccc21	0.017848
rxn:5:197409:223466:227137	CCn1cnc2cc(-c3ccnc4cc(OC)c(-c5cn[nH]c5)cc34)ccc21	0.017848
rxn:5:197414:223466:227137	CCn1cnc2cc(-c3ccc(OC)c4c(-c5cn[nH]c5)ccnc34)ccc21	0.017848
rxn:5:197426:223466:227137	CCn1cnc2cc(-c3nccc4c(-c5cn[nH]c5)ccc(OC)c34)ccc21	0.017848
rxn:5:197430:223466:227137	CCn1cnc2cc(-c3ccnc4cc(-c5cn[nH]c5)c(OC)cc34)ccc21	0.017848
rxn:5:197413:223466:227137	CCn1cnc2cc(-c3cc4nccc(-c5cn[nH]c5)c4cc3OC)ccc21	0.017848
rxn:5:181279:228977:228435	CCc1cccc(-c2c(SC)ccc(F)c2F)c1-c1ccc2c(c1)CC2	0.017847
rxn:5:181283:228977:228435	CCc1c(-c2ccc3c(c2)CC3)cccc1-c1c(SC)ccc(F)c1F	0.017847
rxn:5:198417:223397:228549	CCCc1ccc(-c2ccnc3cc(-c4ccc5c(c4)CCN5)sc23)cn1	0.017846
rxn:5:181071:227860:228435	COc1cccc(-c2c(SC)ccc(F)c2F)c1-c1ccc2c(c1)CCN2C	0.017840
rxn:5:195435:228929:223320	CC(=O)c1cc(-c2cc(C)cc3[nH]ncc23)cc(-c2cncc(C(F)F)c2)n1	0.017840
rxn:5:188254:226412:229270	COC(=O)c1cc(-c2cc(F)cc(N3CCCC3)c2)c(C#N)cc1-c1cnc(C#N)s1	0.017839
rxn:5:188255:226412:229270	COC(=O)c1cc(-c2cnc(C#N)s2)c(C#N)cc1-c1cc(F)cc(N2CCCC2)c1	0.017839
rxn:5:188253:229270:226412	COC(=O)c1cc(C#N)cc(-c2cnc(C#N)s2)c1-c1cc(F)cc(N2CCCC2)c1	0.017839
rxn:5:176993:229272:223146	CCCC(=O)c1ccc(-c2cccc(C3CNCCO3)c2)c(-c2cnc(OC)s2)c1	0.017835
rxn:5:176993:229272:223147	CCCC(=O)c1ccc(-c2ccc(C3CNCCO3)cc2)c(-c2cnc(OC)s2)c1	0.017835
rxn:5:181076:226320:229177	CSc1cc(-c2cc(C3(C#N)CC3)ccc2F)cc(-c2c(F)cncc2F)c1	0.017835
rxn:5:179400:228460:228821	COc1ncnc(OC)c1-c1cc(C(=O)C2CC2)ccc1-c1ccc(C)c(F)c1F	0.017833
rxn:5:179400:228455:228821	COc1ncc(-c2cc(C(=O)C3CC3)ccc2-c2ccc(C)c(F)c2F)c(OC)n1	0.017833
rxn:5:181076:226588:229177	CSc1cc(-c2cc(OC3CCC3)ncc2F)cc(-c2c(F)cncc2F)c1	0.017832
rxn:5:178989:228977:228435	COCc1c(-c2ccc3c(c2)CC3)cccc1-c1c(SC)ccc(F)c1F	0.017828
rxn:5:181072:229270:226593	CSc1cccc(-c2cnc(C#N)s2)c1-c1c(F)ccc(OC(C)C)c1F	0.017825
rxn:5:181075:229270:226593	CSc1c(-c2cnc(C#N)s2)cccc1-c1c(F)ccc(OC(C)C)c1F	0.017825
rxn:5:179400:229272:228219	COc1ncc(-c2cc(C(=O)C3CC3)ccc2-c2cnc(C(C)C)cc2F)s1	0.017820
rxn:5:198620:223464:223006	Fc1ccc(-c2ccnc3ccc(-c4cc[nH]c4)cc23)cc1C1CCNCC1	0.017820
rxn:5:179543:229272:223000	COc1ncc(-c2cc(OC(C)C)ccc2-c2ccc(C3CCCNC3)c(F)c2)s1	0.017819
rxn:5:198417:229009:223346	O=C1NCc2cc(-c3ccnc4cc(-c5cc(C6CC6)cs5)sc34)ccc21	0.017812
rxn:5:198417:229009:223348	O=C1NCc2ccc(-c3ccnc4cc(-c5cc(C6CC6)cs5)sc34)cc21	0.017812
rxn:5:198620:223464:228212	c1ccn(-c2ccc(-c3ccnc4ccc(-c5cc[nH]c5)cc34)s2)c1	0.017811
rxn:5:179400:229000:228821	CCc1ccncc1-c1cc(C(=O)C2CC2)ccc1-c1ccc(C)c(F)c1F	0.017811
rxn:5:179400:229272:227448	COc1ncc(-c2cc(C(=O)C3CC3)ccc2-c2ccc(C3COC3)c(F)c2)s1	0.017807
rxn:5:179197:227847:229270	N#Cc1ncc(-c2cc(-c3cnc4ccccc4c3)ccc2OC2CC2)s1	0.017800
rxn:5:181428:228977:228435	COc1ccc(-c2ccc3c(c2)CC3)c(C)c1-c1c(SC)ccc(F)c1F	0.017797
rxn:5:181403:228977:228435	COc1cc(C)c(-c2ccc3c(c2)CC3)cc1-c1c(SC)ccc(F)c1F	0.017797
rxn:5:181418:228977:228435	COc1cc(-c2ccc3c(c2)CC3)c(C)cc1-c1c(SC)ccc(F)c1F	0.017797
rxn:5:181406:228977:228435	COc1ccc(-c2ccc3c(c2)CC3)c(-c2c(SC)ccc(F)c2F)c1C	0.017797
rxn:5:181412:228977:228435	COc1cc(C)c(-c2c(SC)ccc(F)c2F)cc1-c1ccc2c(c1)CC2	0.017797
rxn:5:181414:228977:228435	COc1cc(-c2c(SC)ccc(F)c2F)c(-c2ccc3c(c2)CC3)cc1C	0.017797
rxn:5:181417:228977:228435	COc1cc(-c2c(SC)ccc(F)c2F)c(C)cc1-c1ccc2c(c1)CC2	0.017797
rxn:5:181420:228977:228435	COc1cc(C)cc(-c2ccc3c(c2)CC3)c1-c1c(SC)ccc(F)c1F	0.017797
rxn:5:181415:228977:228435	COc1cc(-c2ccc3c(c2)CC3)cc(C)c1-c1c(SC)ccc(F)c1F	0.017797
rxn:5:181425:228977:228435	COc1c(-c2ccc3c(c2)CC3)ccc(-c2c(SC)ccc(F)c2F)c1C	0.017797
rxn:5:181431:228977:228435	COc1ccc(-c2c(SC)ccc(F)c2F)c(C)c1-c1ccc2c(c1)CC2	0.017797
rxn:5:181424:228977:228435	COc1c(C)ccc(-c2c(SC)ccc(F)c2F)c1-c1ccc2c(c1)CC2	0.017797
rxn:5:181421:228977:228435	COc1cc(-c2c(SC)ccc(F)c2F)cc(C)c1-c1ccc2c(c1)CC2	0.017797
rxn:5:199106:229296:226734	Cc1c(-c2cnn(C)c2)ccc2nccc(-c3cccc(S(=O)(=O)N(C)C)c3)c12	0.017796
rxn:5:195322:223341:226200	COc1nccc(-c2ccc3c(c2)ncn3C(C)C)c1-c1ccc2c(c1)CC(=O)N2	0.017785
rxn:5:195330:223341:226200	COc1c(-c2ccc3c(c2)ncn3C(C)C)ccnc1-c1ccc2c(c1)CC(=O)N2	0.017785
rxn:5:198417:226647:223462	Cc1cc(-c2ccnc3cc(-c4cccc(-c5nnc(C)o5)c4)sc23)n[nH]1	0.017783
rxn:5:198417:223341:228315	CCOc1cc(-c2ccnc3cc(-c4ccc5c(c4)CC(=O)N5)sc23)c(F)cn1	0.017779
rxn:5:198417:223341:228337	CCOc1cc(F)c(-c2ccnc3cc(-c4ccc5c(c4)CC(=O)N5)sc23)cn1	0.017779
rxn:5:179400:228897:228821	COc1ncc(F)cc1-c1cc(C(=O)C2CC2)ccc1-c1ccc(C)c(F)c1F	0.017771
rxn:5:179400:228933:228821	COc1cc(F)c(-c2cc(C(=O)C3CC3)ccc2-c2ccc(C)c(F)c2F)cn1	0.017771
rxn:5:179400:228908:228821	COc1cc(-c2cc(C(=O)C3CC3)ccc2-c2ccc(C)c(F)c2F)c(F)cn1	0.017771
rxn:5:196347:229065:229272	COc1ncc(-c2cccc(-c3nc(-c4ccnc(C#N)c4)c(C)s3)c2)s1	0.017768
rxn:5:195460:227647:229272	COc1ncc(-c2cc(-c3ccnc(-c4cscn4)c3)cc(C)c2C#N)s1	0.017768
rxn:5:195460:227649:229272	COc1ncc(-c2cc(-c3ccnc(-c4nccs4)c3)cc(C)c2C#N)s1	0.017768
rxn:5:195460:227648:229272	COc1ncc(-c2cc(-c3ccnc(-c4cncs4)c3)cc(C)c2C#N)s1	0.017768
rxn:5:195463:226059:229270	Cc1cc(-c2ccc(C(C)C)cc2C(C)C)c(-c2cnc(C#N)s2)cc1C#N	0.017762
rxn:5:195463:226412:229080	Cc1cc(-c2cc(F)cc(N3CCCC3)c2)c(-c2cnc(C3CC3)s2)cc1C#N	0.017760
rxn:5:199106:223464:228437	Cc1c(-c2cc[nH]c2)ccc2nccc(-c3ccc(C(F)F)cc3F)c12	0.017753
rxn:5:198916:229270:228332	COc1cc(SC)c(-c2ccc(-c3cnc(C#N)s3)c3[nH]cc(C)c23)cn1	0.017752
rxn:5:198918:229270:228332	COc1cc(SC)c(-c2cc(C)c3[nH]cc(-c4cnc(C#N)s4)c3c2)cn1	0.017752
rxn:5:198915:229270:228332	COc1cc(SC)c(-c2cc(-c3cnc(C#N)s3)c3cc[nH]c3c2C)cn1	0.017752
rxn:5:198913:229270:228332	COc1cc(SC)c(-c2cc(-c3cnc(C#N)s3)c3cc(C)[nH]c3c2)cn1	0.017752
rxn:5:198914:229270:228332	COc1cc(SC)c(-c2cc(-c3cnc(C#N)s3)c(C)c3[nH]ccc23)cn1	0.017752
rxn:5:198923:229270:228332	COc1cc(SC)c(-c2c(C)cc(-c3cnc(C#N)s3)c3[nH]ccc23)cn1	0.017752
rxn:5:198911:229270:228336	COc1ncc(-c2cc3c(C)c[nH]c3cc2-c2cnc(C#N)s2)cc1SC	0.017752
rxn:5:198911:229270:228333	COc1nccc(SC)c1-c1cc2c(C)c[nH]c2cc1-c1cnc(C#N)s1	0.017752
rxn:5:198417:223397:228921	FC(F)c1ccc(-c2ccnc3cc(-c4ccc5c(c4)CCN5)sc23)cn1	0.017751
rxn:5:199106:223464:227733	Cc1c(-c2cc[nH]c2)ccc2nccc(-c3cnc(-c4cncs4)nc3)c12	0.017750
rxn:5:177498:229270:229308	Cc1cc(-c2ccc(OCc3ccccc3)c(-c3cnc(C#N)s3)c2)on1	0.017748
rxn:5:177501:229270:229308	Cc1cc(-c2cccc(COc3ccccc3-c3cnc(C#N)s3)c2)on1	0.017748
rxn:5:177495:229270:229308	Cc1cc(-c2ccc(COc3ccccc3-c3cnc(C#N)s3)cc2)on1	0.017748
rxn:5:177510:229270:229308	Cc1cc(-c2ccc(-c3cnc(C#N)s3)c(OCc3ccccc3)c2)on1	0.017748
rxn:5:179840:227058:229311	COc1ccc(C2CC2)cc1-c1ccc(O[C@@H]2CCOC2)cc1-c1cnc(C)s1	0.017748
rxn:5:179840:227072:229311	COc1cc(C2CC2)ccc1-c1ccc(O[C@@H]2CCOC2)cc1-c1cnc(C)s1	0.017748
rxn:5:188069:228977:228435	CSc1ccc(F)c(F)c1-c1cc(-c2ccc3c(c2)CC3)ccc1OCC#N	0.017747
rxn:5:198417:223251:228752	N#Cc1ccc(F)cc1-c1ccnc2cc(-c3ccc4c(c3)OCC(=O)N4)sc12	0.017740
rxn:5:198417:229270:227519	COC(=O)c1cc(C)c(-c2ccnc3cc(-c4cnc(C#N)s4)sc23)cn1	0.017730
rxn:5:183061:229270:226593	CC(C)Oc1ccc(F)c(-c2cc3c(c(-c4cnc(C#N)s4)c2)CC(C)C3=O)c1F	0.017729
rxn:5:176762:229272:223000	CCOCc1ccc(-c2ccc(C3CCCNC3)c(F)c2)c(-c2cnc(OC)s2)c1	0.017728
rxn:5:182637:229270:228508	CC(C)c1cccc(-c2cc3ccoc3cc2-c2cnc(C#N)s2)c1	0.017727
rxn:5:188632:229270:226412	COC(=O)c1nc(OC)c(-c2cnc(C#N)s2)cc1-c1cc(F)cc(N2CCCC2)c1	0.017727
rxn:5:197428:229270:229088	CC(=O)c1csc(-c2cc3[nH]cc(C(C)=O)c3cc2-c2cnc(C#N)s2)c1	0.017721
rxn:5:178992:229270:229088	CCSc1ccc(-c2cnc(C#N)s2)c(-c2cc(C(C)=O)cs2)c1	0.017721
rxn:5:198417:223341:228583	CC(C)c1cc(-c2ccnc3cc(-c4ccc5c(c4)CC(=O)N5)sc23)ccn1	0.017721
rxn:5:198417:223341:228589	CC(C)c1ccc(-c2ccnc3cc(-c4ccc5c(c4)CC(=O)N5)sc23)cn1	0.017721
rxn:5:182637:229270:226579	CN(C)C(=O)c1cc(F)cc(-c2cc3ccoc3cc2-c2cnc(C#N)s2)c1	0.017720
rxn:5:179840:226778:229311	COc1cc(-c2ccc(O[C@@H]3CCOC3)cc2-c2cnc(C)s2)c(F)c(F)c1OC	0.017719
rxn:5:179840:226783:229311	COc1cc(F)c(F)c(OC)c1-c1ccc(O[C@@H]2CCOC2)cc1-c1cnc(C)s1	0.017719
rxn:5:198911:229311:228332	COc1cc(SC)c(-c2cc3c(C)c[nH]c3cc2-c2cnc(C)s2)cn1	0.017719
rxn:5:198911:229306:228332	COc1cc(SC)c(-c2cc3c(C)c[nH]c3cc2-c2ncc(C)s2)cn1	0.017719
rxn:5:180098:228411:229311	COc1ccc(-c2ccc(-c3cnc(C)s3)cc2OC2CCCC2)c(F)c1F	0.017717
rxn:5:197125:228778:229270	COc1cc(-c2cnc(C#N)s2)c2nc(-c3cccc(OC)c3F)sc2c1	0.017716
rxn:5:197125:228779:229270	COc1cc(-c2cnc(C#N)s2)c2nc(-c3cc(F)ccc3OC)sc2c1	0.017716
rxn:5:197125:228789:229270	COc1cc(-c2cnc(C#N)s2)c2nc(-c3ccc(F)cc3OC)sc2c1	0.017716
rxn:5:197125:228775:229270	COc1cc(-c2cnc(C#N)s2)c2nc(-c3ccc(OC)c(F)c3)sc2c1	0.017716
rxn:5:197125:228784:229270	COc1cc(-c2cnc(C#N)s2)c2nc(-c3ccc(F)c(OC)c3)sc2c1	0.017716
rxn:5:197125:228777:229270	COc1ccc(-c2nc3c(-c4cnc(C#N)s4)cc(OC)cc3s2)c(F)c1	0.017716
rxn:5:197125:228796:229270	COc1ccc(F)c(-c2nc3c(-c4cnc(C#N)s4)cc(OC)cc3s2)c1	0.017716
rxn:5:197125:228774:229270	COc1cc(-c2cnc(C#N)s2)c2nc(-c3c(F)cccc3OC)sc2c1	0.017716
rxn:5:198417:223341:227858	CN1Cc2cccc(-c3ccnc4cc(-c5ccc6c(c5)CC(=O)N6)sc34)c2C1	0.017710
rxn:5:179840:226764:229311	COC(=O)c1c(F)ccc(-c2ccc(O[C@@H]3CCOC3)cc2-c2cnc(C)s2)c1F	0.017710
rxn:5:179840:226765:229311	COC(=O)c1ccc(-c2ccc(O[C@@H]3CCOC3)cc2-c2cnc(C)s2)c(F)c1F	0.017710
rxn:5:181282:227447:223263	CCc1ccc(-c2cc(C(=O)NC)ccc2F)c(-c2c(F)ccc(C3CC3)c2F)c1	0.017706
rxn:5:198911:229270:227705	COc1cc(C(F)F)ncc1-c1cc2c(C)c[nH]c2cc1-c1cnc(C#N)s1	0.017701
rxn:5:198911:229270:227706	COc1cnc(C(F)F)c(-c2cc3c(C)c[nH]c3cc2-c2cnc(C#N)s2)c1	0.017701
rxn:5:198911:229270:227704	COc1cnc(C(F)F)cc1-c1cc2c(C)c[nH]c2cc1-c1cnc(C#N)s1	0.017701
rxn:5:179197:223466:226217	COc1cc(C)cc2cc(-c3cc(-c4cn[nH]c4)ccc3OC3CC3)sc12	0.017686
rxn:5:195324:227034:228570	CSc1ccc(-c2c(C#N)cccc2C2CC2)c(-c2cncc(C3CC3)c2)n1	0.017685
rxn:5:195324:227034:228578	CSc1ccc(-c2c(C#N)cccc2C2CC2)c(-c2ccc(C3CC3)nc2)n1	0.017685
rxn:5:179840:223246:229311	COc1ccc(-c2ccc(O[C@@H]3CCOC3)cc2-c2cnc(C)s2)c2cn[nH]c12	0.017680
rxn:5:194141:229270:229045	COC(=O)c1c[nH]c2cc(-c3cc(C)cc(F)c3)c(-c3cnc(C#N)s3)cc12	0.017678
rxn:5:189662:229338:223320	Cc1cc(-c2ncc(-c3ccns3)cc2OCC2CCOCC2)c2cn[nH]c2c1	0.017663
rxn:5:176753:229270:226736	CCCOc1ccc(-c2ccc(C(F)(F)F)cc2C#N)cc1-c1cnc(C#N)s1	0.017662
rxn:5:199106:223462:226026	Cc1cc(-c2ccc3nccc(-c4ccc(S(=O)(=O)N(C)C)c(F)c4)c3c2C)n[nH]1	0.017661
rxn:5:195792:228764:227115	COc1nccc(-c2cncc(C3CC3)c2-c2cc(C)c(C3CC3)cc2F)c1C	0.017661
rxn:5:189243:228127:223271	COc1cccc(C#N)c1-c1ccc(-c2ccc(F)c(NC(C)=O)c2)cc1CCN(C)C	0.017659
rxn:5:197125:223414:229270	COc1cc(-c2cnc(C#N)s2)c2nc(-c3ccnc4[nH]ccc34)sc2c1	0.017659
rxn:5:199106:223462:228350	Cc1cc(-c2ccc3nccc(-c4cnn(-c5ccsc5)c4)c3c2C)n[nH]1	0.017655
rxn:5:199106:223462:228364	Cc1cc(-c2ccc3nccc(-c4cnn(-c5cccs5)c4)c3c2C)n[nH]1	0.017655
rxn:5:181071:227870:228435	COc1cccc(-c2c(SC)ccc(F)c2F)c1-c1ccc2c(c1)C(=O)CC2	0.017653
rxn:5:181071:227872:228435	COc1cccc(-c2c(SC)ccc(F)c2F)c1-c1ccc2c(c1)CCC2=O	0.017653
rxn:5:179981:229270:228332	COc1cc(SC)c(-c2cc(OC(C)C)c(C)cc2-c2cnc(C#N)s2)cn1	0.017644
rxn:5:181071:228599:228435	COc1ccc(-c2c(OC)cccc2-c2c(SC)ccc(F)c2F)cc1C	0.017643
rxn:5:181071:228609:228435	COc1cc(-c2c(OC)cccc2-c2c(SC)ccc(F)c2F)ccc1C	0.017643
rxn:5:181076:227701:229177	COC(=O)c1cc(-c2cc(SC)cc(-c3c(F)cncc3F)c2)c(F)cn1	0.017627
rxn:5:182654:228597:223442	CNc1ccc(-c2c(-c3c(C)cccc3C#N)ccc3ccsc23)cc1	0.017626
rxn:5:198748:229291:228574	Cc1csc(-c2cc(-c3ccc(C)cc3C#N)cc3cnccc23)c1	0.017626
rxn:5:181908:226412:229270	Cc1cc(-c2cc(F)cc(N3CCCC3)c2)c(-c2cnc(C#N)s2)cc1C1OCCO1	0.017613
rxn:5:182637:229270:227364	COc1ccc(-c2cc3ccoc3cc2-c2cnc(C#N)s2)c(OC)c1C	0.017613
rxn:5:182637:229270:227361	COc1cc(-c2cc3ccoc3cc2-c2cnc(C#N)s2)c(OC)cc1C	0.017613
rxn:5:182637:229270:227348	COc1ccc(-c2cc3ccoc3cc2-c2cnc(C#N)s2)c(C)c1OC	0.017613
rxn:5:182637:229270:227349	COc1cc(C)cc(-c2cc3ccoc3cc2-c2cnc(C#N)s2)c1OC	0.017613
rxn:5:182637:229270:227371	COc1c(C)ccc(-c2cc3ccoc3cc2-c2cnc(C#N)s2)c1OC	0.017613
rxn:5:192562:228597:229008	Cc1cccc(C#N)c1-c1ccc(C2(C#N)CCC2)cc1-c1ccc(CF)cc1	0.017613
rxn:5:195460:226942:229272	COc1ncc(-c2cc(-c3ccc4cnc(C)cc4c3)cc(C)c2C#N)s1	0.017611
rxn:5:195460:226938:229272	COc1ncc(-c2cc(-c3ccc4c(C)nccc4c3)cc(C)c2C#N)s1	0.017611
rxn:5:195460:226939:229272	COc1ncc(-c2cc(-c3ccc4ccnc(C)c4c3)cc(C)c2C#N)s1	0.017611
rxn:5:180096:222416:229270	N#Cc1ncc(-c2cc(-c3ccc4[nH]c(=O)[nH]c4c3)ccc2OC2CCCC2)s1	0.017606
rxn:5:199106:229296:227023	Cc1c(-c2cnn(C)c2)ccc2nccc(-c3ccc(C(C)N(C)C)cc3)c12	0.017605
rxn:5:195324:226177:229057	CSc1ccc(-c2ccnc(C3CCCCC3)c2)c(-c2cnn(C3CC3)c2)n1	0.017603
rxn:5:181071:228503:228435	COc1cccc(-c2c(SC)ccc(F)c2F)c1-c1ccc2c(c1)CCC2	0.017602
rxn:5:199106:223464:227345	Cc1c(-c2cc[nH]c2)ccc2nccc(-c3ccc(OC(C)C)cc3F)c12	0.017597
rxn:5:198620:223464:226351	Cc1cc(-c2ccnc3ccc(-c4cc[nH]c4)cc23)cc(OC(C)C)c1F	0.017597
rxn:5:198620:223464:226347	Cc1cc(-c2ccnc3ccc(-c4cc[nH]c4)cc23)c(OC(C)C)cc1F	0.017597
rxn:5:182846:228990:223411	CCCc1ccc(-c2cc3c(c(-c4cc5cccnc5[nH]4)c2)C(=O)CC3)s1	0.017576
rxn:5:198417:223346:227278	N#CC1(c2ccc(-c3ccnc4cc(-c5ccc6c(c5)CNC6=O)sc34)cn2)CC1	0.017563
rxn:5:198417:223348:227278	N#CC1(c2ccc(-c3ccnc4cc(-c5ccc6c(c5)C(=O)NC6)sc34)cn2)CC1	0.017563
rxn:5:181854:229272:223000	COc1ncc(-c2cc(C(C)(C)C)ccc2-c2ccc(C3CCCNC3)c(F)c2)s1	0.017563
rxn:5:195792:228040:229031	Cc1ccc(-c2c(-c3ccnc4ccncc34)cncc2C2CC2)c(F)c1	0.017562
rxn:5:195792:228040:229034	Cc1ccc(F)c(-c2c(-c3ccnc4ccncc34)cncc2C2CC2)c1	0.017562
rxn:5:195792:228040:229030	Cc1ccc(F)cc1-c1c(-c2ccnc3ccncc23)cncc1C1CC1	0.017562
rxn:5:195792:228040:229036	Cc1cc(F)ccc1-c1c(-c2ccnc3ccncc23)cncc1C1CC1	0.017562
rxn:5:199106:223464:227412	Cc1c(-c2cc[nH]c2)ccc2nccc(-c3cnc(C(C)(C)C)cc3F)c12	0.017560
rxn:5:199106:223464:227409	Cc1c(-c2cc[nH]c2)ccc2nccc(-c3cc(C(C)(C)C)ncc3F)c12	0.017560
rxn:5:192562:229270:227668	COc1c(F)cc(-c2cc(C3(C#N)CCC3)ccc2-c2cnc(C#N)s2)c(C)c1F	0.017556
rxn:5:198911:229270:227304	Cc1cc(OC(C)C)ncc1-c1cc2c(C)c[nH]c2cc1-c1cnc(C#N)s1	0.017556
rxn:5:192571:229270:226593	CC(C)Oc1ccc(F)c(-c2c(C(=O)N3CCC3)cccc2-c2cnc(C#N)s2)c1F	0.017546
rxn:5:179400:229272:228659	COc1ncc(-c2cc(C(=O)C3CC3)ccc2-c2ccc3cncn3c2)s1	0.017536
rxn:5:198911:229270:223138	Cc1c[nH]c2cc(-c3cnc(C#N)s3)c(-c3ccnc(C4CCNCC4)c3)cc12	0.017521
rxn:5:176591:229270:226412	CCOC(=O)c1cc(-c2cc(F)cc(N3CCCC3)c2)cc(-c2cnc(C#N)s2)c1	0.017519
rxn:5:197492:229270:223263	CCc1c[nH]c2c(-c3cnc(C#N)s3)ccc(-c3cc(C(=O)NC)ccc3F)c12	0.017517
rxn:5:197491:229270:223263	CCc1c[nH]c2cc(-c3cc(C(=O)NC)ccc3F)c(-c3cnc(C#N)s3)cc12	0.017517
rxn:5:192236:229272:223000	COc1ncc(-c2cc(S(N)(=O)=O)c(-c3ccc(C4CCCNC4)c(F)c3)cc2OC)s1	0.017517
rxn:5:179544:229272:223000	COc1ncc(-c2cc(CC3CC3)ccc2-c2ccc(C3CCCNC3)c(F)c2)s1	0.017515
rxn:5:198748:229009:223346	O=C1NCc2cc(-c3cc(-c4cc(C5CC5)cs4)c4ccncc4c3)ccc21	0.017501
rxn:5:198911:229270:227081	Cc1c[nH]c2cc(-c3cnc(C#N)s3)c(-c3ccc(N4CCCC4)cc3)cc12	0.017500
rxn:5:179840:228411:228748	COc1cc(C)c(-c2cc(O[C@@H]3CCOC3)ccc2-c2ccc(OC)c(F)c2F)cn1	0.017488
rxn:5:198748:229009:229073	COc1cnccc1-c1cc(-c2cc(C3CC3)cs2)c2ccncc2c1	0.017486
rxn:5:181282:229270:223017	CCc1ccc(-c2cc3cccc(C(=O)OC)c3[nH]2)c(-c2cnc(C#N)s2)c1	0.017482
rxn:5:196859:229009:228574	Cc1ccc(-c2nccc(C3CCOCC3)c2-c2cc(C3CC3)cs2)c(C#N)c1	0.017479
rxn:5:198417:223251:228987	Cc1cc(C)cc(-c2ccnc3cc(-c4ccc5c(c4)OCC(=O)N5)sc23)c1	0.017476
rxn:5:195324:227034:228496	CSc1ccc(-c2c(C#N)cccc2C2CC2)c(-c2cnn(CC(F)(F)F)c2)n1	0.017475
rxn:5:199106:223462:226129	Cc1cc(-c2ccc3nccc(-c4cccc(CN5CCCC5)c4)c3c2C)n[nH]1	0.017464
rxn:5:198417:223397:228589	CC(C)c1ccc(-c2ccnc3cc(-c4ccc5c(c4)CCN5)sc23)cn1	0.017464
rxn:5:198417:223397:228463	FC(F)Oc1ccc(-c2ccnc3cc(-c4ccc5c(c4)CCN5)sc23)cn1	0.017463
rxn:5:197125:228598:229270	COc1cc(-c2cnc(C#N)s2)c2nc(-c3cc(C)ccc3OC)sc2c1	0.017463
rxn:5:197125:228608:229270	COc1cc(-c2cnc(C#N)s2)c2nc(-c3ccc(C)cc3OC)sc2c1	0.017463
rxn:5:197125:228604:229270	COc1cc(C)cc(-c2nc3c(-c4cnc(C#N)s4)cc(OC)cc3s2)c1	0.017463
rxn:5:197125:228612:229270	COc1cc(-c2cnc(C#N)s2)c2nc(-c3cccc(OC)c3C)sc2c1	0.017463
rxn:5:197125:228599:229270	COc1cc(-c2cnc(C#N)s2)c2nc(-c3ccc(OC)c(C)c3)sc2c1	0.017463
rxn:5:197125:228609:229270	COc1cc(-c2cnc(C#N)s2)c2nc(-c3ccc(C)c(OC)c3)sc2c1	0.017463
rxn:5:196870:229270:226593	CC(C)Oc1ccc(F)c(-c2cc(-c3cnc(C#N)s3)cc(N3CCOCC3)c2)c1F	0.017459
rxn:5:189079:229272:223000	CCN(C)C(=O)c1ccc(-c2ccc(C3CCCNC3)c(F)c2)c(-c2cnc(OC)s2)c1	0.017455
rxn:5:189078:229272:223000	CCN(C)C(=O)c1cc(-c2cnc(OC)s2)ccc1-c1ccc(C2CCCNC2)c(F)c1	0.017455
rxn:5:195460:225811:229272	COc1ncc(-c2cc(-c3ccc(C4(C(F)(F)F)CC4)cc3)cc(C)c2C#N)s1	0.017454
rxn:5:182656:228127:222415	COc1cccc(C#N)c1-c1ccc2ccoc2c1-c1ccc(F)c(S(N)(=O)=O)c1	0.017449
rxn:5:182637:229270:228343	COC(=O)c1sc(-c2cc3ccoc3cc2-c2cnc(C#N)s2)cc1C	0.017448
rxn:5:182654:228597:223354	CNC(=O)c1ccc(-c2c(-c3c(C)cccc3C#N)ccc3ccsc23)cc1	0.017448
rxn:5:179840:227341:229311	Cc1ncc(-c2cc(O[C@@H]3CCOC3)ccc2-c2cccc(OC(C)C)c2F)s1	0.017448
rxn:5:176594:227346:229311	CCCc1cc(F)c(-c2ccc(OCC(C)=O)cc2-c2cnc(C)s2)c(F)c1	0.017447
rxn:5:179400:228748:228821	COc1cc(C)c(-c2cc(C(=O)C3CC3)ccc2-c2ccc(C)c(F)c2F)cn1	0.017443
rxn:5:179400:228727:228821	COc1ncc(C)cc1-c1cc(C(=O)C2CC2)ccc1-c1ccc(C)c(F)c1F	0.017443
rxn:5:179400:228733:228821	COc1cc(C)ncc1-c1cc(C(=O)C2CC2)ccc1-c1ccc(C)c(F)c1F	0.017443
rxn:5:179400:228739:228821	COc1cc(-c2cc(C(=O)C3CC3)ccc2-c2ccc(C)c(F)c2F)c(C)cn1	0.017443
rxn:5:179400:228757:228821	COc1cnc(C)cc1-c1cc(C(=O)C2CC2)ccc1-c1ccc(C)c(F)c1F	0.017443
rxn:5:179400:228728:228821	COc1ncc(-c2cc(C(=O)C3CC3)ccc2-c2ccc(C)c(F)c2F)cc1C	0.017443
rxn:5:179400:228761:228821	COc1cc(-c2cc(C(=O)C3CC3)ccc2-c2ccc(C)c(F)c2F)cnc1C	0.017443
rxn:5:182814:229270:229088	CC(=O)c1csc(-c2c(-c3cnc(C#N)s3)ccc3ccccc23)c1	0.017442
rxn:5:199106:223464:227999	Cc1c(-c2cc[nH]c2)ccc2nccc(-c3ccc(C(C)C)cc3F)c12	0.017434
rxn:5:198417:223251:228192	Cc1nc(N(C)C)ccc1-c1ccnc2cc(-c3ccc4c(c3)OCC(=O)N4)sc12	0.017431
rxn:5:195460:226378:229272	COc1ncc(-c2cc(-c3ccnc(-c4ccncc4)c3)cc(C)c2C#N)s1	0.017431
rxn:5:195460:226372:229272	COc1ncc(-c2cc(-c3ccnc(-c4ccccn4)c3)cc(C)c2C#N)s1	0.017431
rxn:5:195460:226379:229272	COc1ncc(-c2cc(-c3ccnc(-c4cccnc4)c3)cc(C)c2C#N)s1	0.017431
rxn:5:195460:226404:229272	COc1ncc(-c2cc(-c3cccc(-c4ncccn4)c3)cc(C)c2C#N)s1	0.017431
rxn:5:179840:228411:229075	COc1ccc(-c2ccc(O[C@@H]3CCOC3)cc2-c2cc(C)c(C#N)s2)c(F)c1F	0.017428
rxn:5:199106:223466:228059	Cc1nc2cc(-c3ccnc4ccc(-c5cn[nH]c5)c(C)c34)ccc2s1	0.017425
rxn:5:198417:226954:223462	Cc1ccc2cc(-c3cc4nccc(-c5cc(C)[nH]n5)c4s3)cnc2c1	0.017425
rxn:5:198911:229060:228332	COc1cc(SC)c(-c2cc3c(C)c[nH]c3cc2-c2ccc(C#N)nc2)cn1	0.017423
rxn:5:198513:229270:228420	CSc1c(F)cc(-c2cc3[nH]ccc3cc2-c2cnc(C#N)s2)cc1F	0.017420
rxn:5:195460:227052:229272	COc1ncc(-c2cc(-c3ccc(SC(C)(C)C)cc3)cc(C)c2C#N)s1	0.017419
rxn:5:195460:229065:226826	Cc1cc(-c2cc(-c3ccnc(C#N)c3)cc(C)c2C#N)c(F)c(C(F)(F)F)c1	0.017419
rxn:5:181628:223464:226695	Fc1cc(-c2cncs2)ccc1-c1ccc(-c2cc[nH]c2)cc1C1OCCO1	0.017416
rxn:5:181624:223464:226695	Fc1cc(-c2cncs2)ccc1-c1cc(-c2cc[nH]c2)ccc1C1OCCO1	0.017416
rxn:5:176993:229272:223142	CCCC(=O)c1ccc(-c2ccc(C3CCCNC3)nc2)c(-c2cnc(OC)s2)c1	0.017415
rxn:5:176993:229272:223134	CCCC(=O)c1ccc(-c2cnccc2C2CCCNC2)c(-c2cnc(OC)s2)c1	0.017415
rxn:5:176993:229272:223136	CCCC(=O)c1ccc(-c2ccncc2C2CCCNC2)c(-c2cnc(OC)s2)c1	0.017415
rxn:5:176993:229272:223135	CCCC(=O)c1ccc(-c2cccnc2C2CCCNC2)c(-c2cnc(OC)s2)c1	0.017415
rxn:5:176993:229272:223139	CCCC(=O)c1ccc(-c2ccc(C3CCNCC3)nc2)c(-c2cnc(OC)s2)c1	0.017415
rxn:5:176993:229272:223140	CCCC(=O)c1ccc(-c2ccnc(C3CCCNC3)c2)c(-c2cnc(OC)s2)c1	0.017415
rxn:5:176993:229272:223137	CCCC(=O)c1ccc(-c2cncc(C3CCCNC3)c2)c(-c2cnc(OC)s2)c1	0.017415
rxn:5:176993:229272:223138	CCCC(=O)c1ccc(-c2ccnc(C3CCNCC3)c2)c(-c2cnc(OC)s2)c1	0.017415
rxn:5:178991:228990:223411	CCCc1ccc(-c2cc(COC)cc(-c3cc4cccnc4[nH]3)c2)s1	0.017413
rxn:5:182635:229270:228332	COc1cc(SC)c(-c2ccc(-c3cnc(C#N)s3)c3ccoc23)cn1	0.017412
rxn:5:198417:223378:227278	N#CC1(c2ccc(-c3ccnc4cc(-c5cnc6c(c5)NCCO6)sc34)cn2)CC1	0.017410
rxn:5:181076:228888:227449	CSc1cc(-c2ccc(C3CCOCC3)s2)cc(-c2cc(C#N)ncc2F)c1	0.017405
rxn:5:176753:225589:229308	CCCOc1ccc(-c2cc(C)no2)cc1-c1ccc(CN2CCSCC2)cc1	0.017402
rxn:5:182654:228597:223398	CNCc1ccc(-c2c(-c3c(C)cccc3C#N)ccc3ccsc23)cc1	0.017402
rxn:5:195901:229270:228455	COc1ncc(-c2nc(-c3ccc(-c4cnc(C#N)s4)cc3)cs2)c(OC)n1	0.017401
rxn:5:198911:229270:226572	Cc1c[nH]c2cc(-c3cnc(C#N)s3)c(-c3cnc(OC4CCCC4)nc3)cc12	0.017397
rxn:5:176753:225590:229308	CCCOc1ccc(-c2cc(C)no2)cc1-c1ccc(CN2CCCC2)c(F)c1	0.017396
rxn:5:182637:229270:227131	N#Cc1ncc(-c2cc3occc3cc2-c2cccc(C3CCOC3)c2)s1	0.017394
rxn:5:195449:229009:223390	CC(=O)c1c(-c2ccc3cc[nH]c3c2)ccnc1-c1cc(C2CC2)cs1	0.017390
rxn:5:199106:229296:228038	Cc1c(-c2cnn(C)c2)ccc2nccc(-c3ccc4c(c3)ncn4C)c12	0.017388
rxn:5:199106:229296:228033	Cc1c(-c2cnn(C)c2)ccc2nccc(-c3ccc4ncn(C)c4c3)c12	0.017388
rxn:5:199106:229296:228029	Cc1c(-c2cnn(C)c2)ccc2nccc(-c3ccc4cn(C)nc4c3)c12	0.017388
rxn:5:199106:229296:228030	Cc1c(-c2cnn(C)c2)ccc2nccc(-c3ccc4c(cnn4C)c3)c12	0.017388
rxn:5:199106:229296:228045	Cc1c(-c2cnn(C)c2)ccc2nccc(-c3cnc4ccn(C)c4c3)c12	0.017388
rxn:5:199106:229296:228026	Cc1c(-c2cnn(C)c2)ccc2nccc(-c3ccc4cnn(C)c4c3)c12	0.017388
rxn:5:199106:229296:228031	Cc1c(-c2cnn(C)c2)ccc2nccc(-c3ccc4nn(C)cc4c3)c12	0.017388
rxn:5:180421:229270:223263	CNC(=O)c1ccc(F)c(-c2ccc(CC3CCCCC3)cc2-c2cnc(C#N)s2)c1	0.017386
rxn:5:180422:229270:223263	CNC(=O)c1ccc(F)c(-c2cc(CC3CCCCC3)ccc2-c2cnc(C#N)s2)c1	0.017386
rxn:5:182654:228597:229282	Cc1cccc(C#N)c1-c1ccc2ccsc2c1-c1ccccc1	0.017384
rxn:5:188079:229270:226593	CCOC(=O)c1nc(-c2c(F)ccc(OC(C)C)c2F)sc1-c1cnc(C#N)s1	0.017380
rxn:5:195463:226412:227858	Cc1cc(-c2cc(F)cc(N3CCCC3)c2)c(-c2cccc3c2CN(C)C3)cc1C#N	0.017376
rxn:5:198417:229270:228861	N#Cc1ncc(-c2cc3nccc(-c4cnc5scnc5c4)c3s2)s1	0.017374
rxn:5:181075:228977:228435	CSc1ccc(F)c(F)c1-c1cccc(-c2ccc3c(c2)CC3)c1SC	0.017370
rxn:5:181076:227313:229177	CCC(C)c1cc(-c2cc(SC)cc(-c3c(F)cncc3F)c2)c(F)cn1	0.017369
rxn:5:181282:228674:223263	CCc1ccc(-c2cc(C(=O)NC)ccc2F)c(-c2cnc3sccc3c2)c1	0.017365
rxn:5:194141:229270:228725	COC(=O)c1c[nH]c2cc(-c3cc(F)cc(C#N)c3)c(-c3cnc(C#N)s3)cc12	0.017362
rxn:5:179400:229270:223000	N#Cc1ncc(-c2cc(C(=O)C3CC3)ccc2-c2ccc(C3CCCNC3)c(F)c2)s1	0.017362
rxn:5:179400:229159:223000	COc1ncc(-c2cc(C(=O)C3CC3)ccc2-c2ccc(C3CCCNC3)c(F)c2)cn1	0.017361
rxn:5:179400:229162:223000	COc1cnc(-c2cc(C(=O)C3CC3)ccc2-c2ccc(C3CCCNC3)c(F)c2)cn1	0.017361
rxn:5:179400:229161:223000	COc1ncncc1-c1cc(C(=O)C2CC2)ccc1-c1ccc(C2CCCNC2)c(F)c1	0.017361
rxn:5:198417:223341:228125	CC(C)Oc1cc(-c2ccnc3cc(-c4ccc5c(c4)CC(=O)N5)sc23)ccn1	0.017361
rxn:5:179400:229272:222986	COc1ncc(-c2cc(C(=O)C3CC3)ccc2-c2cc(C)nc(C3CCCNC3)c2)s1	0.017359
rxn:5:179400:229272:222985	COc1ncc(-c2cc(C(=O)C3CC3)ccc2-c2ccc(C3CCCNC3)nc2C)s1	0.017359
rxn:5:176753:225602:229308	CCCOc1ccc(-c2cc(C)no2)cc1-c1cc(C2(C#N)CCC2)ccc1F	0.017358
rxn:5:181282:226927:223263	CCc1ccc(-c2cc(C(=O)NC)ccc2F)c(-c2c(C)c(C)c(C)c(C)c2C)c1	0.017358
rxn:5:179400:229048:223000	O=C(c1ccc(-c2ccc(C3CCCNC3)c(F)c2)c(-c2cnn3c2CCC3)c1)C1CC1	0.017358
rxn:5:197125:223252:229270	COc1cc(-c2cnc(C#N)s2)c2nc(-c3cc(F)c4c(c3)NCCO4)sc2c1	0.017356
rxn:5:177732:228381:229311	Cc1ncc(-c2cc(C(=O)OC(C)(C)C)ccc2-c2c(F)cc(C#N)cc2F)s1	0.017354
rxn:5:196242:229296:226200	CC(C)n1cnc2cc(-c3nccc(C4CCC4)c3-c3cnn(C)c3)ccc21	0.017354
rxn:5:176594:228381:228099	CCN(C)c1cncc(-c2cc(OCC(C)=O)ccc2-c2c(F)cc(C#N)cc2F)c1	0.017347
rxn:5:198417:223397:226643	c1cc(-c2ccc(N3CCOCC3)nc2)c2sc(-c3ccc4c(c3)CCN4)cc2n1	0.017345
rxn:5:198417:227858:228455	COc1ncc(-c2ccnc3cc(-c4cccc5c4CN(C)C5)sc23)c(OC)n1	0.017344
rxn:5:199106:223466:226202	CCc1nn(C)c2cc(-c3ccnc4ccc(-c5cn[nH]c5)c(C)c34)ccc12	0.017334
rxn:5:199106:229296:228023	Cc1c(-c2cnn(C)c2)ccc2nccc(-c3ccc4nccnc4c3)c12	0.017331
rxn:5:199106:229296:228027	Cc1c(-c2cnn(C)c2)ccc2nccc(-c3ccc4cncnc4c3)c12	0.017331
rxn:5:189082:229270:226593	CC(C)Oc1ccc(F)c(-c2ccc(CC(=O)N(C)C)cc2-c2cnc(C#N)s2)c1F	0.017331
rxn:5:182656:229005:223271	COc1ccccc1-c1ccc2ccoc2c1-c1ccc(F)c(NC(C)=O)c1	0.017323
rxn:5:198417:229009:229230	N#Cc1csc(-c2ccnc3cc(-c4cc(C5CC5)cs4)sc23)c1	0.017322
rxn:5:198417:223341:227187	CN1Cc2c(cccc2-c2ccnc3cc(-c4ccc5c(c4)CC(=O)N5)sc23)C1=O	0.017320
rxn:5:198620:223464:226330	CC(c1ccc(-c2ccnc3ccc(-c4cc[nH]c4)cc23)s1)N1CCCC1	0.017315
rxn:5:199106:229296:228049	Cc1cn2cc(-c3ccnc4ccc(-c5cnn(C)c5)c(C)c34)ccc2n1	0.017300
rxn:5:182637:229270:228698	CCC(=O)c1ccc(-c2cc3ccoc3cc2-c2cnc(C#N)s2)s1	0.017299
rxn:5:189665:223466:227137	CCn1cnc2cc(-c3cc(-c4cn[nH]c4)cnc3OCC3CCOCC3)ccc21	0.017297
rxn:5:199106:223240:229061	Cc1c(-c2ccc(C3CCNC3)nc2)ccc2nccc(-c3cnn(C(C)C)c3)c12	0.017294
rxn:5:195324:227034:227613	CSc1ccc(-c2c(C#N)cccc2C2CC2)c(-c2cnn(C3CCOCC3)c2)n1	0.017290
rxn:5:199106:223462:227378	Cc1cc(-c2ccc3nccc(-c4cnn(-c5ccccc5)c4)c3c2C)n[nH]1	0.017290
rxn:5:196189:223183:228964	CNS(=O)(=O)c1ccc(-c2ccc(C3=NCCO3)cc2-c2cnc(C(=O)OC)s2)c(C)c1	0.017289
rxn:5:195463:225822:229270	Cc1cc(-c2cccc(C(F)(F)F)c2C2CC2)c(-c2cnc(C#N)s2)cc1C#N	0.017278
rxn:5:179840:227560:229311	COc1ccc(-c2ccc(O[C@@H]3CCOC3)cc2-c2cnc(C)s2)cc1C(F)F	0.017266
rxn:5:179840:227591:229311	COc1cc(C(F)F)ccc1-c1ccc(O[C@@H]2CCOC2)cc1-c1cnc(C)s1	0.017266
rxn:5:176753:229270:227115	CCCOc1ccc(-c2cc(C)c(C3CC3)cc2F)cc1-c1cnc(C#N)s1	0.017261
rxn:5:176594:226754:229311	CCOc1c(F)cc(F)c(-c2ccc(OCC(C)=O)cc2-c2cnc(C)s2)c1F	0.017259
rxn:5:181076:225880:229177	CSc1cc(-c2cc(C3CCOCC3)ncc2F)cc(-c2c(F)cncc2F)c1	0.017255
rxn:5:199106:223464:226441	Cc1c(-c2cc[nH]c2)ccc2nccc(-c3ccc(N4CCCC4)cc3F)c12	0.017245
rxn:5:195914:228381:229311	Cc1ncc(-c2cc(-c3ccc(-c4c(F)cc(C#N)cc4F)cc3)no2)s1	0.017237
rxn:5:179185:229272:223000	CCC(=O)c1cc(-c2ccc(C3CCCNC3)c(F)c2)ccc1-c1cnc(OC)s1	0.017235
rxn:5:179188:229272:223000	CCC(=O)c1ccc(-c2ccc(C3CCCNC3)c(F)c2)c(-c2cnc(OC)s2)c1	0.017235
rxn:5:179203:229272:223000	CCC(=O)c1cc(-c2ccc(C3CCCNC3)c(F)c2)cc(-c2cnc(OC)s2)c1	0.017235
rxn:5:179195:229272:223000	CCC(=O)c1ccc(-c2cnc(OC)s2)c(-c2ccc(C3CCCNC3)c(F)c2)c1	0.017235
rxn:5:179189:229272:223000	CCC(=O)c1ccc(-c2cnc(OC)s2)cc1-c1ccc(C2CCCNC2)c(F)c1	0.017235
rxn:5:194141:229270:228587	COC(=O)c1c[nH]c2cc(-c3cc(C)cc(C#N)c3)c(-c3cnc(C#N)s3)cc12	0.017226
rxn:5:182637:229270:227759	COc1c(F)cc(F)c(-c2cc3ccoc3cc2-c2cnc(C#N)s2)c1F	0.017226
rxn:5:198426:229270:228332	COc1cc(SC)c(-c2ncc(-c3cnc(C#N)s3)c3ccsc23)cn1	0.017223
rxn:5:198417:229270:228336	COc1ncc(-c2ccnc3cc(-c4cnc(C#N)s4)sc23)cc1SC	0.017223
rxn:5:198417:229270:228333	COc1nccc(SC)c1-c1ccnc2cc(-c3cnc(C#N)s3)sc12	0.017223
rxn:5:198417:229270:228332	COc1cc(SC)c(-c2ccnc3cc(-c4cnc(C#N)s4)sc23)cn1	0.017223
rxn:5:181071:227861:228435	COc1cccc(-c2c(SC)ccc(F)c2F)c1-c1cnc2c(c1)CCCC2	0.017222
rxn:5:198417:223341:227432	Cc1nc(C2COC2)ccc1-c1ccnc2cc(-c3ccc4c(c3)CC(=O)N4)sc12	0.017219
rxn:5:197125:228324:229270	COc1cc(-c2cnc(C#N)s2)c2nc(-c3cc(OC)ncc3OC)sc2c1	0.017219
rxn:5:197125:228325:229270	COc1cc(-c2cnc(C#N)s2)c2nc(-c3cnc(OC)cc3OC)sc2c1	0.017219
rxn:5:198417:223397:228115	CC(C)Oc1ccc(-c2ccnc3cc(-c4ccc5c(c4)CCN5)sc23)cn1	0.017216
rxn:5:198417:229270:227705	COc1cc(C(F)F)ncc1-c1ccnc2cc(-c3cnc(C#N)s3)sc12	0.017215
rxn:5:198417:229270:227706	COc1cnc(C(F)F)c(-c2ccnc3cc(-c4cnc(C#N)s4)sc23)c1	0.017215
rxn:5:198417:229270:227704	COc1cnc(C(F)F)cc1-c1ccnc2cc(-c3cnc(C#N)s3)sc12	0.017215
rxn:5:178985:228977:228435	CCOc1c(-c2ccc3c(c2)CC3)cccc1-c1c(SC)ccc(F)c1F	0.017214
rxn:5:178993:228977:228435	CCOc1cccc(-c2ccc3c(c2)CC3)c1-c1c(SC)ccc(F)c1F	0.017214
rxn:5:178987:228977:228435	CCOc1cccc(-c2c(SC)ccc(F)c2F)c1-c1ccc2c(c1)CC2	0.017214
rxn:5:198417:223251:228559	CCOc1ccc(-c2ccnc3cc(-c4ccc5c(c4)OCC(=O)N5)sc23)cc1	0.017213
rxn:5:181419:227034:229057	CSc1c(-c2c(C#N)cccc2C2CC2)ccc(C)c1-c1cnn(C2CC2)c1	0.017207
rxn:5:181430:227034:229057	CSc1ccc(-c2c(C#N)cccc2C2CC2)c(-c2cnn(C3CC3)c2)c1C	0.017207
rxn:5:179840:228411:229222	COc1ccc(-c2ccc(O[C@@H]3CCOC3)cc2-c2cc(C)c(C)s2)c(F)c1F	0.017207
rxn:5:179400:229311:223000	Cc1ncc(-c2cc(C(=O)C3CC3)ccc2-c2ccc(C3CCCNC3)c(F)c2)s1	0.017202
rxn:5:179400:229306:223000	Cc1cnc(-c2cc(C(=O)C3CC3)ccc2-c2ccc(C3CCCNC3)c(F)c2)s1	0.017202
rxn:5:177732:223183:229270	CNS(=O)(=O)c1ccc(-c2ccc(C(=O)OC(C)(C)C)cc2-c2cnc(C#N)s2)c(C)c1	0.017199
rxn:5:181076:228888:225988	CSc1cc(-c2cc(C#N)ncc2F)cc(-c2c(F)cc(C3OCCO3)cc2F)c1	0.017196
rxn:5:179200:228977:228435	COc1cc(OC)c(-c2ccc3c(c2)CC3)c(-c2c(SC)ccc(F)c2F)c1	0.017191
rxn:5:179193:228977:228435	COc1cc(-c2ccc3c(c2)CC3)c(-c2c(SC)ccc(F)c2F)cc1OC	0.017191
rxn:5:179196:228977:228435	COc1cc(-c2ccc3c(c2)CC3)cc(OC)c1-c1c(SC)ccc(F)c1F	0.017191
rxn:5:179187:228977:228435	COc1ccc(-c2ccc3c(c2)CC3)c(OC)c1-c1c(SC)ccc(F)c1F	0.017191
rxn:5:179190:228977:228435	COc1cc(-c2c(SC)ccc(F)c2F)c(OC)cc1-c1ccc2c(c1)CC2	0.017191
rxn:5:179199:228977:228435	COc1cc(OC)c(-c2c(SC)ccc(F)c2F)cc1-c1ccc2c(c1)CC2	0.017191
rxn:5:179198:228977:228435	COc1cc(-c2ccc3c(c2)CC3)cc(-c2c(SC)ccc(F)c2F)c1OC	0.017191
rxn:5:179183:228977:228435	COc1cc(OC)c(-c2c(SC)ccc(F)c2F)c(-c2ccc3c(c2)CC3)c1	0.017191
rxn:5:199106:223462:223322	Cc1cc(-c2ccc3nccc(-c4cc5cn[nH]c5cc4C)c3c2C)n[nH]1	0.017188
rxn:5:198444:229296:226200	CC(C)n1cnc2cc(-c3ccnc4occ(-c5cnn(C)c5)c34)ccc21	0.017188
rxn:5:189538:228597:229008	Cc1cccc(C#N)c1-c1ccc(C(=O)N(C)C(C)C)cc1-c1ccc(CF)cc1	0.017181
rxn:5:198620:223464:226426	CC1CCN(c2ccc(-c3ccnc4ccc(-c5cc[nH]c5)cc34)s2)CC1	0.017180
rxn:5:182656:228127:223358	COc1cccc(C#N)c1-c1ccc2ccoc2c1-c1ccc(NC(C)=O)cc1	0.017172
rxn:5:182656:228127:223353	COc1cccc(C#N)c1-c1ccc2ccoc2c1-c1cccc(NC(C)=O)c1	0.017172
rxn:5:182656:228127:223357	COc1cccc(C#N)c1-c1ccc2ccoc2c1-c1ccccc1NC(C)=O	0.017172
rxn:5:182637:229270:227385	Cc1nc(C(C)(C)C)ncc1-c1cc2ccoc2cc1-c1cnc(C#N)s1	0.017167
rxn:5:198911:229270:228628	Cc1c[nH]c2cc(-c3cnc(C#N)s3)c(-c3cc(C4CCC4)cs3)cc12	0.017158
rxn:5:176993:229272:227432	CCCC(=O)c1ccc(-c2ccc(C3COC3)nc2C)c(-c2cnc(OC)s2)c1	0.017154
rxn:5:198417:229009:223341	O=C1Cc2cc(-c3ccnc4cc(-c5cc(C6CC6)cs5)sc34)ccc2N1	0.017153
rxn:5:198417:229009:223343	O=C1Cc2ccc(-c3ccnc4cc(-c5cc(C6CC6)cs5)sc34)cc2N1	0.017153
rxn:5:195324:227034:228201	CSc1ccc(-c2c(C#N)cccc2C2CC2)c(-c2cnc(C3CCC3)nc2)n1	0.017152
rxn:5:181076:226325:229177	CSc1cc(-c2ccc(C(C)(C)C#N)cc2F)cc(-c2c(F)cncc2F)c1	0.017150
rxn:5:182656:228127:223401	CNc1cc(-c2c(-c3c(C#N)cccc3OC)ccc3ccoc23)ccc1C	0.017144
rxn:5:199106:223353:229061	CC(=O)Nc1cccc(-c2ccc3nccc(-c4cnn(C(C)C)c4)c3c2C)c1	0.017144
rxn:5:182656:228127:223264	CNC(=O)c1cc(-c2c(-c3c(C#N)cccc3OC)ccc3ccoc23)ccc1F	0.017143
rxn:5:182656:228127:223267	CNC(=O)c1ccc(-c2c(-c3c(C#N)cccc3OC)ccc3ccoc23)cc1F	0.017143
rxn:5:182656:228127:223263	CNC(=O)c1ccc(F)c(-c2c(-c3c(C#N)cccc3OC)ccc3ccoc23)c1	0.017143
rxn:5:182656:228127:223260	CNC(=O)c1cc(F)cc(-c2c(-c3c(C#N)cccc3OC)ccc3ccoc23)c1	0.017143
rxn:5:182656:228127:223272	CNC(=O)c1ccc(-c2c(-c3c(C#N)cccc3OC)ccc3ccoc23)c(F)c1	0.017143
rxn:5:198417:223341:228613	CCc1ccc(-c2ccnc3cc(-c4ccc5c(c4)CC(=O)N5)sc23)cc1F	0.017142
rxn:5:198417:223341:228625	CCc1ccc(-c2ccnc3cc(-c4ccc5c(c4)CC(=O)N5)sc23)c(F)c1	0.017142
rxn:5:198417:223341:228606	CCc1ccc(F)c(-c2ccnc3cc(-c4ccc5c(c4)CC(=O)N5)sc23)c1	0.017142
rxn:5:199066:229270:229088	CC(=O)c1csc(-c2c(C)ccc3nccc(-c4cnc(C#N)s4)c23)c1	0.017130
rxn:5:199068:229270:229088	CC(=O)c1csc(-c2nc(C)c(-c3cnc(C#N)s3)c3ccccc23)c1	0.017130
rxn:5:179400:229272:227666	COc1ncc(-c2cc(C(=O)C3CC3)ccc2-c2ccc(C(C)=O)c(F)c2F)s1	0.017127
rxn:5:199106:223466:226462	CCn1cnc2cc(-c3ccnc4ccc(-c5cn[nH]c5)c(C)c34)c(F)cc21	0.017122
rxn:5:198417:223251:223439	O=C1COc2cc(-c3cc4nccc(-c5cc(C(F)(F)F)[nH]n5)c4s3)ccc2N1	0.017116
rxn:5:198417:223251:223438	O=C1COc2cc(-c3cc4nccc(-c5cn[nH]c5C(F)(F)F)c4s3)ccc2N1	0.017116
rxn:5:179400:229272:227566	COc1ncc(-c2cc(C(=O)C3CC3)ccc2-c2ccc(OC)c(F)c2OC)s1	0.017113
rxn:5:179400:229272:227561	COc1ncc(-c2cc(C(=O)C3CC3)ccc2-c2cc(OC)c(OC)cc2F)s1	0.017113
rxn:5:179400:229272:227574	COc1ncc(-c2cc(C(=O)C3CC3)ccc2-c2ccc(F)c(OC)c2OC)s1	0.017113
rxn:5:179400:229272:227569	COc1ncc(-c2cc(C(=O)C3CC3)ccc2-c2c(OC)ccc(F)c2OC)s1	0.017113
rxn:5:199106:223466:226214	COc1ccc2ccc(-c3ccnc4ccc(-c5cn[nH]c5)c(C)c34)cc2n1	0.017111
rxn:5:198444:223464:226695	Fc1cc(-c2cncs2)ccc1-c1ccnc2occ(-c3cc[nH]c3)c12	0.017111
rxn:5:195792:228040:228593	c1cc(-c2c(-c3ccnc4ccncc34)cncc2C2CC2)c(C2CC2)cn1	0.017110
rxn:5:195792:228040:228585	c1cc(C2CC2)c(-c2c(-c3ccnc4ccncc34)cncc2C2CC2)cn1	0.017110
rxn:5:180096:227932:229270	COCc1ccc(C)c(-c2ccc(OC3CCCC3)c(-c3cnc(C#N)s3)c2)c1	0.017109
rxn:5:198417:223341:227278	N#CC1(c2ccc(-c3ccnc4cc(-c5ccc6c(c5)CC(=O)N6)sc34)cn2)CC1	0.017099
rxn:5:198417:223343:227278	N#CC1(c2ccc(-c3ccnc4cc(-c5ccc6c(c5)NC(=O)C6)sc34)cn2)CC1	0.017099
rxn:5:181076:228372:229177	CSc1cc(-c2cc(F)c(C#N)cc2F)cc(-c2c(F)cncc2F)c1	0.017095
rxn:5:181076:228379:229177	CSc1cc(-c2cc(F)c(F)cc2C#N)cc(-c2c(F)cncc2F)c1	0.017095
rxn:5:181076:228371:229177	CSc1cc(-c2ccc(F)c(C#N)c2F)cc(-c2c(F)cncc2F)c1	0.017095
rxn:5:181076:228376:229177	CSc1cc(-c2cc(F)c(C#N)c(F)c2)cc(-c2c(F)cncc2F)c1	0.017095
rxn:5:181076:228381:229177	CSc1cc(-c2c(F)cncc2F)cc(-c2c(F)cc(C#N)cc2F)c1	0.017095
rxn:5:181076:228378:229177	CSc1cc(-c2ccc(C#N)c(F)c2F)cc(-c2c(F)cncc2F)c1	0.017095
rxn:5:181076:228888:228939	CSc1cc(-c2cc(C#N)ncc2F)cc(-c2c(F)cc(F)cc2F)c1	0.017095
rxn:5:198417:223341:228858	O=C1Cc2cc(-c3cc4nccc(-c5ccc6nonc6c5)c4s3)ccc2N1	0.017094
rxn:5:199059:223183:229270	CNS(=O)(=O)c1ccc(-c2cc(C)c3nc(-c4cnc(C#N)s4)ccc3c2)c(C)c1	0.017094
rxn:5:176753:229270:228664	CCCOc1ccc(-c2ccc3scnc3c2)cc1-c1cnc(C#N)s1	0.017091
rxn:5:195435:228649:223320	CC(=O)c1cc(-c2cc(C)cc3[nH]ncc23)cc(-c2c(C)cc(C)cc2F)n1	0.017087
rxn:5:198911:229270:228801	CSc1cc(F)ccc1-c1cc2c(C)c[nH]c2cc1-c1cnc(C#N)s1	0.017086
rxn:5:198911:229270:228800	CSc1ccc(F)cc1-c1cc2c(C)c[nH]c2cc1-c1cnc(C#N)s1	0.017086
rxn:5:181076:228888:223338	CSc1cc(-c2cc(C#N)ncc2F)cc(-c2cc(F)cc3[nH]ccc23)c1	0.017085
rxn:5:176855:229270:226412	COC(=O)c1cc(-c2cc(F)cc(N3CCCC3)c2)c(-c2cnc(C#N)s2)cc1OC	0.017084
rxn:5:176857:229270:226412	COC(=O)c1cc(OC)c(-c2cc(F)cc(N3CCCC3)c2)cc1-c1cnc(C#N)s1	0.017084
rxn:5:176871:229270:226412	COC(=O)c1cc(-c2cc(F)cc(N3CCCC3)c2)c(OC)cc1-c1cnc(C#N)s1	0.017084
rxn:5:176856:229270:226412	COC(=O)c1cc(-c2cc(F)cc(N3CCCC3)c2)cc(-c2cnc(C#N)s2)c1OC	0.017084
rxn:5:176852:229270:226412	COC(=O)c1cc(-c2cc(F)cc(N3CCCC3)c2)c(OC)c(-c2cnc(C#N)s2)c1	0.017084
rxn:5:176865:229270:226412	COC(=O)c1cc(-c2cc(F)cc(N3CCCC3)c2)cc(OC)c1-c1cnc(C#N)s1	0.017084
rxn:5:176854:229270:226412	COC(=O)c1cc(OC)c(-c2cc(F)cc(N3CCCC3)c2)c(-c2cnc(C#N)s2)c1	0.017084
rxn:5:176861:229270:226412	COC(=O)c1ccc(-c2cc(F)cc(N3CCCC3)c2)c(-c2cnc(C#N)s2)c1OC	0.017084
rxn:5:176853:229270:226412	COC(=O)c1cc(-c2cnc(C#N)s2)c(-c2cc(F)cc(N3CCCC3)c2)cc1OC	0.017084
rxn:5:176858:229270:226412	COC(=O)c1cc(-c2cnc(C#N)s2)c(OC)cc1-c1cc(F)cc(N2CCCC2)c1	0.017084
rxn:5:176859:229270:226412	COC(=O)c1cc(OC)c(-c2cnc(C#N)s2)cc1-c1cc(F)cc(N2CCCC2)c1	0.017084
rxn:5:176864:229270:226412	COC(=O)c1cc(-c2cnc(C#N)s2)cc(-c2cc(F)cc(N3CCCC3)c2)c1OC	0.017084
rxn:5:176862:229270:226412	COC(=O)c1ccc(-c2cnc(C#N)s2)c(-c2cc(F)cc(N3CCCC3)c2)c1OC	0.017084
rxn:5:176863:229270:226412	COC(=O)c1cc(-c2cnc(C#N)s2)cc(OC)c1-c1cc(F)cc(N2CCCC2)c1	0.017084
rxn:5:176870:229270:226412	COC(=O)c1c(OC)cc(-c2cnc(C#N)s2)cc1-c1cc(F)cc(N2CCCC2)c1	0.017084
rxn:5:176872:229270:226412	COC(=O)c1cc(OC)c(-c2cnc(C#N)s2)c(-c2cc(F)cc(N3CCCC3)c2)c1	0.017084
rxn:5:181282:227842:223263	CCc1ccc(-c2cc(C(=O)NC)ccc2F)c(-c2cccc3ncccc23)c1	0.017083
rxn:5:198417:225795:223462	COc1cc(-n2cccn2)ccc1-c1cc2nccc(-c3cc(C)[nH]n3)c2s1	0.017081
rxn:5:199106:223466:226151	Cc1cc(OC(C)C)c(-c2ccnc3ccc(-c4cn[nH]c4)c(C)c23)cc1C	0.017078
rxn:5:199106:223462:227040	Cc1ccc(OC(C)C)c(-c2ccnc3ccc(-c4cc(C)[nH]n4)c(C)c23)c1	0.017078
rxn:5:176588:229272:223000	CCOC(=O)c1ccc(-c2ccc(C3CCCNC3)c(F)c2)c(-c2cnc(OC)s2)c1	0.017078
rxn:5:176584:229272:223000	CCOC(=O)c1ccc(-c2cnc(OC)s2)c(-c2ccc(C3CCCNC3)c(F)c2)c1	0.017078
rxn:5:176589:229272:223000	CCOC(=O)c1ccc(-c2ccc(C3CCCNC3)c(F)c2)cc1-c1cnc(OC)s1	0.017078
rxn:5:176585:229272:223000	CCOC(=O)c1cc(-c2cnc(OC)s2)ccc1-c1ccc(C2CCCNC2)c(F)c1	0.017078
rxn:5:176587:229272:223000	CCOC(=O)c1ccc(-c2cnc(OC)s2)cc1-c1ccc(C2CCCNC2)c(F)c1	0.017078
rxn:5:179840:228443:229311	CSc1c(F)ccc(-c2ccc(O[C@@H]3CCOC3)cc2-c2cnc(C)s2)c1F	0.017077
rxn:5:195463:225394:229270	Cc1cc(-c2cc(C3CCC3)cc(C3CC3)c2)c(-c2cnc(C#N)s2)cc1C#N	0.017076
rxn:5:176757:229272:223000	CCCOc1ccc(-c2ccc(C3CCCNC3)c(F)c2)c(-c2cnc(OC)s2)c1	0.017076
rxn:5:176872:229009:228574	COC(=O)c1cc(OC)c(-c2cc(C3CC3)cs2)c(-c2ccc(C)cc2C#N)c1	0.017073
rxn:5:199106:223464:227137	CCn1cnc2cc(-c3ccnc4ccc(-c5cc[nH]c5)c(C)c34)ccc21	0.017072
rxn:5:188520:223464:226695	CCCOc1ncc(-c2cc[nH]c2)cc1-c1ccc(-c2cncs2)cc1F	0.017069
rxn:5:197409:229270:228455	COc1ncc(-c2ccnc3cc(OC)c(-c4cnc(C#N)s4)cc23)c(OC)n1	0.017067
rxn:5:197430:229270:228455	COc1ncc(-c2ccnc3cc(-c4cnc(C#N)s4)c(OC)cc23)c(OC)n1	0.017067
rxn:5:197413:229270:228455	COc1ncc(-c2cc3nccc(-c4cnc(C#N)s4)c3cc2OC)c(OC)n1	0.017067
rxn:5:198431:223397:227278	N#CC1(c2ccc(-c3nccc4cc(-c5ccc6c(c5)CCN6)sc34)cn2)CC1	0.017065
rxn:5:198437:223397:227278	N#CC1(c2ccc(-c3ccnc4c(-c5ccc6c(c5)CCN6)csc34)cn2)CC1	0.017065
rxn:5:198410:223397:227278	N#CC1(c2ccc(-c3cccc4nc(-c5ccc6c(c5)CCN6)sc34)cn2)CC1	0.017065
rxn:5:198443:223397:227278	N#CC1(c2ccc(-c3ccnc4scc(-c5ccc6c(c5)CCN6)c34)cn2)CC1	0.017065
rxn:5:198409:223397:227278	N#CC1(c2ccc(-c3ccc4cc(-c5ccc6c(c5)CCN6)sc4n3)cn2)CC1	0.017065
rxn:5:198417:223396:227278	N#CC1(c2ccc(-c3ccnc4cc(-c5ccc6c(c5)NCC6)sc34)cn2)CC1	0.017065
rxn:5:198404:223397:227278	N#CC1(c2ccc(-c3nccc4sc(-c5ccc6c(c5)CCN6)cc34)cn2)CC1	0.017065
rxn:5:198417:229081:223411	CN(C)c1ccc(-c2cc3nccc(-c4cc5cccnc5[nH]4)c3s2)s1	0.017056
rxn:5:196409:223466:227137	CCn1cnc2cc(-c3cccc(-c4ncccc4-c4cn[nH]c4)c3)ccc21	0.017055
rxn:5:198417:228556:228455	COCc1ccc(-c2cc3nccc(-c4cnc(OC)nc4OC)c3s2)cc1	0.017054
rxn:5:198445:228127:223271	COc1cccc(C#N)c1-c1ccc2cnoc2c1-c1ccc(F)c(NC(C)=O)c1	0.017051
rxn:5:198436:228127:223271	COc1cccc(C#N)c1-c1ccc2ocnc2c1-c1ccc(F)c(NC(C)=O)c1	0.017051
rxn:5:182656:228312:223271	COc1cnc(C#N)cc1-c1ccc2ccoc2c1-c1ccc(F)c(NC(C)=O)c1	0.017051
rxn:5:198415:228127:223271	COc1cccc(C#N)c1-c1cnc(-c2ccc(F)c(NC(C)=O)c2)c2ccoc12	0.017051
rxn:5:182656:228735:223271	COc1cncc(C)c1-c1ccc2ccoc2c1-c1ccc(F)c(NC(C)=O)c1	0.017044
rxn:5:179840:227038:229311	COc1ccc(C(C)C)cc1-c1ccc(O[C@@H]2CCOC2)cc1-c1cnc(C)s1	0.017042
rxn:5:196337:229270:228455	COc1ncc(-c2ccc(-c3ccnc(-c4cnc(C#N)s4)c3)cc2)c(OC)n1	0.017038
rxn:5:196335:229270:228455	COc1ncc(-c2ccccc2-c2ccnc(-c3cnc(C#N)s3)c2)c(OC)n1	0.017038
rxn:5:198417:229270:227385	Cc1nc(C(C)(C)C)ncc1-c1ccnc2cc(-c3cnc(C#N)s3)sc12	0.017037
rxn:5:181071:227869:228435	COc1cccc(-c2c(SC)ccc(F)c2F)c1-c1ccc2c(c1)CC(C)O2	0.017037
rxn:5:199106:223466:226958	Cc1ccc2ccc(-c3ccnc4ccc(-c5cn[nH]c5)c(C)c34)cc2n1	0.017037
rxn:5:199106:223466:226944	Cc1ccc2cc(-c3ccnc4ccc(-c5cn[nH]c5)c(C)c34)ccc2n1	0.017037
rxn:5:199106:223464:226350	COC(=O)c1c(C)ccc(-c2ccnc3ccc(-c4cc[nH]c4)c(C)c23)c1C	0.017037
rxn:5:196670:229009:228574	Cc1ccc(-c2nccc(-c3cc(C4CC4)cs3)c2C2CCCC2)c(C#N)c1	0.017035
rxn:5:181071:227863:228435	COc1cccc(-c2c(SC)ccc(F)c2F)c1-c1ccc2c(c1)CCCO2	0.017033
rxn:5:181071:227868:228435	COc1cccc(-c2c(SC)ccc(F)c2F)c1-c1ccc2c(c1)OCCC2	0.017033
rxn:5:198417:223341:223266	CNC(=O)c1ccc(F)cc1-c1ccnc2cc(-c3ccc4c(c3)CC(=O)N4)sc12	0.017029
rxn:5:196189:227397:229270	N#Cc1ncc(-c2cc(C3=NCCO3)ccc2-c2ccnc(-c3ccco3)c2)s1	0.017028
rxn:5:198417:223251:228495	O=C1COc2cc(-c3cc4nccc(-c5ccn(CC(F)(F)F)n5)c4s3)ccc2N1	0.017025
rxn:5:193226:229272:223000	COc1ncc(-c2ccc(C(=O)N3CCOCC3)cc2-c2ccc(C3CCCNC3)c(F)c2)s1	0.017022
rxn:5:193227:229272:223000	COc1ncc(-c2cc(C(=O)N3CCOCC3)cc(-c3ccc(C4CCCNC4)c(F)c3)c2)s1	0.017022
rxn:5:177000:227034:229057	CCOc1ccc(-c2c(C#N)cccc2C2CC2)c(OC)c1-c1cnn(C2CC2)c1	0.017020
rxn:5:198911:229270:228970	Cc1c[nH]c2cc(-c3cnc(C#N)s3)c(-c3ccc(C(F)(F)F)s3)cc12	0.017018
rxn:5:198417:229270:227287	COc1nc(C(C)C)ccc1-c1ccnc2cc(-c3cnc(C#N)s3)sc12	0.017014
rxn:5:181076:225834:229177	CSc1cc(-c2cc(N3CCCCC3)ncc2F)cc(-c2c(F)cncc2F)c1	0.017010
rxn:5:181076:225849:229177	CSc1cc(-c2cnc(N3CCCCC3)cc2F)cc(-c2c(F)cncc2F)c1	0.017010
rxn:5:181282:229270:225498	CCc1ccc(-c2cc(C3CCCCC3)ccc2F)c(-c2cnc(C#N)s2)c1	0.017010
rxn:5:179400:229272:226840	COc1ncc(-c2cc(C(=O)C3CC3)ccc2-c2cc(C#N)nc(C(F)(F)F)c2)s1	0.017010
rxn:5:198911:229270:227836	Cc1ccc(-c2cc3c(C)c[nH]c3cc2-c2cnc(C#N)s2)c(C2CC2)c1	0.016998
rxn:5:197125:223286:229270	COc1cc(-c2cnc(C#N)s2)c2nc(-c3cccc(NS(C)(=O)=O)c3)sc2c1	0.016997
rxn:5:176753:229270:226924	CCCOc1ccc(-c2cc(C)cc(C3CC3)c2C)cc1-c1cnc(C#N)s1	0.016993
rxn:5:194141:229270:228787	COC(=O)c1c[nH]c2cc(-c3cc(F)cc(OC)c3)c(-c3cnc(C#N)s3)cc12	0.016990
rxn:5:188957:227034:229057	CC(C)COc1cc(-c2cnn(C3CC3)c2)ncc1-c1c(C#N)cccc1C1CC1	0.016988
rxn:5:197449:229338:223320	CC(=O)n1ccc2cc(-c3cc(C)cc4[nH]ncc34)cc(-c3ccns3)c21	0.016986
rxn:5:179400:229272:228009	COc1ncc(-c2cc(C(=O)C3CC3)ccc2-c2ccc(C3CC3)c(F)c2)s1	0.016980
rxn:5:179400:229272:228013	COc1ncc(-c2cc(C(=O)C3CC3)ccc2-c2ccc(F)c(C3CC3)c2)s1	0.016980
rxn:5:179400:229272:228007	COc1ncc(-c2cc(C(=O)C3CC3)ccc2-c2cc(F)ccc2C2CC2)s1	0.016980
rxn:5:179400:229272:228020	COc1ncc(-c2cc(C(=O)C3CC3)ccc2-c2c(F)cccc2C2CC2)s1	0.016980
rxn:5:179400:229272:227988	COc1ncc(-c2cc(C(=O)C3CC3)ccc2-c2cccc(C3CC3)c2F)s1	0.016980
rxn:5:182637:229270:226450	CC1(c2cccc(-c3cc4ccoc4cc3-c3cnc(C#N)s3)c2)OCCO1	0.016978
rxn:5:194141:229270:228680	CCCn1nc(C)cc1-c1cc2[nH]cc(C(=O)OC)c2cc1-c1cnc(C#N)s1	0.016968
rxn:5:176993:229272:228613	CCCC(=O)c1ccc(-c2ccc(CC)c(F)c2)c(-c2cnc(OC)s2)c1	0.016964
rxn:5:198417:223397:228376	N#Cc1c(F)cc(-c2ccnc3cc(-c4ccc5c(c4)CCN5)sc23)cc1F	0.016963
rxn:5:198517:229009:228574	Cc1ccc(-c2cc(-c3cc(C4CC4)cs3)c3cc[nH]c3c2)c(C#N)c1	0.016960
rxn:5:198542:229009:228574	Cc1ccc(-c2cc(-c3cc(C4CC4)cs3)c3[nH]ccc3c2)c(C#N)c1	0.016960
rxn:5:198525:229009:228574	Cc1ccc(-c2c(-c3cc(C4CC4)cs3)ccc3cc[nH]c23)c(C#N)c1	0.016960
rxn:5:195435:228248:223320	CC(=O)c1ccc(-c2cc(-c3cc(C)cc4[nH]ncc34)cc(C(C)=O)n2)c(F)c1	0.016958
rxn:5:180096:227930:229270	N#Cc1ncc(-c2cc(-c3cccc(OC4CC4)c3)ccc2OC2CCCC2)s1	0.016953
rxn:5:182656:228127:223359	CNCc1ccc(-c2c(-c3c(C#N)cccc3OC)ccc3ccoc23)cc1F	0.016952
rxn:5:198417:223341:228825	Cc1cc(F)c(-c2ccnc3cc(-c4ccc5c(c4)CC(=O)N5)sc23)cc1F	0.016951
rxn:5:198417:223341:228826	Cc1cc(-c2ccnc3cc(-c4ccc5c(c4)CC(=O)N5)sc23)c(F)cc1F	0.016951
rxn:5:199106:229296:227985	Cc1c(-c2cnn(C)c2)ccc2nccc(-c3ccc(F)c(C(C)C)c3)c12	0.016950
rxn:5:182654:229229:229008	N#Cc1cscc1-c1ccc2ccsc2c1-c1ccc(CF)cc1	0.016944
rxn:5:188390:223464:226695	CCOC(=O)c1c(-c2ccc(-c3cncs3)cc2F)ccnc1-c1cc[nH]c1	0.016941
rxn:5:198417:229009:223396	c1cc(-c2ccc3c(c2)NCC3)c2sc(-c3cc(C4CC4)cs3)cc2n1	0.016939
rxn:5:198417:229009:223397	c1cc(-c2ccc3c(c2)CCN3)c2sc(-c3cc(C4CC4)cs3)cc2n1	0.016939
rxn:5:182637:229270:228566	CC(C)Cc1sccc1-c1cc2ccoc2cc1-c1cnc(C#N)s1	0.016938
rxn:5:195460:229065:228384	Cc1cc(-c2ccnc(C#N)c2)cc(-c2ccc(-c3nccs3)s2)c1C#N	0.016933
rxn:5:195435:227911:223320	CCc1ccc(-c2cc(-c3cc(C)cc4[nH]ncc34)cc(C(C)=O)n2)cc1C#N	0.016933
rxn:5:198911:229270:229160	CSc1ncc(-c2cc3c(C)c[nH]c3cc2-c2cnc(C#N)s2)cn1	0.016931
rxn:5:196792:223464:226695	O=C1COCCN1c1cc(-c2ccc(-c3cncs3)cc2F)ccc1-c1cc[nH]c1	0.016929
rxn:5:181071:228977:225625	COc1cccc(-c2cc(OC3CCCC3)ccc2F)c1-c1ccc2c(c1)CC2	0.016927
rxn:5:176594:228381:223403	CC(=O)COc1ccc(-c2c(F)cc(C#N)cc2F)c(-c2ccc3cn[nH]c3c2)c1	0.016927
rxn:5:198911:229270:227582	CCOc1c(-c2cc3c(C)c[nH]c3cc2-c2cnc(C#N)s2)ccc(F)c1F	0.016924
rxn:5:198911:229272:228332	COc1cc(SC)c(-c2cc3c(C)c[nH]c3cc2-c2cnc(OC)s2)cn1	0.016923
rxn:5:198513:229270:226747	CCc1ncc(-c2cc3[nH]ccc3cc2-c2cnc(C#N)s2)cc1C(F)(F)F	0.016922
rxn:5:182637:229270:223232	N#Cc1ncc(-c2cc3occc3cc2-c2cccc(-c3cc[nH]n3)c2)s1	0.016922
rxn:5:198417:228990:229064	CCCc1ccc(-c2cc3nccc(-c4ccnn4C4CC4)c3s2)s1	0.016916
rxn:5:182637:229270:227674	COc1c(-c2cc3ccoc3cc2-c2cnc(C#N)s2)cc(C)c(F)c1F	0.016913
rxn:5:182643:229270:227668	COc1c(F)cc(-c2ccc3occc3c2-c2cnc(C#N)s2)c(C)c1F	0.016913
rxn:5:182644:229270:227668	COc1c(F)cc(-c2ccc3ccoc3c2-c2cnc(C#N)s2)c(C)c1F	0.016913
rxn:5:182637:229270:227669	COc1c(F)c(C)cc(-c2cc3ccoc3cc2-c2cnc(C#N)s2)c1F	0.016913
rxn:5:182637:229270:227675	COc1cc(-c2cc3ccoc3cc2-c2cnc(C#N)s2)c(F)c(F)c1C	0.016913
rxn:5:182634:229270:227668	COc1c(F)cc(-c2cc(-c3cnc(C#N)s3)cc3ccoc23)c(C)c1F	0.016913
rxn:5:182638:229270:227668	COc1c(F)cc(-c2cc(-c3cnc(C#N)s3)c3occc3c2)c(C)c1F	0.016913
rxn:5:182646:229270:227668	COc1c(F)cc(-c2c(-c3cnc(C#N)s3)ccc3occc23)c(C)c1F	0.016913
rxn:5:182656:229270:227668	COc1c(F)cc(-c2c(-c3cnc(C#N)s3)ccc3ccoc23)c(C)c1F	0.016913
rxn:5:182635:229270:227668	COc1c(F)cc(-c2ccc(-c3cnc(C#N)s3)c3ccoc23)c(C)c1F	0.016913
rxn:5:182636:229270:227668	COc1c(F)cc(-c2ccc(-c3cnc(C#N)s3)c3occc23)c(C)c1F	0.016913
rxn:5:197521:223464:223421	CNC(C)c1ccc(-c2c(C(C)=O)cnc3ccc(-c4cc[nH]c4)cc23)s1	0.016912
rxn:5:197566:223466:227137	CCc1cc2ccc(-c3cn[nH]c3)cc2nc1-c1ccc2c(c1)ncn2CC	0.016907
rxn:5:181076:228888:223204	CSc1cc(-c2cc3cc(C#N)ccc3[nH]2)cc(-c2cc(C#N)ncc2F)c1	0.016899
rxn:5:182656:228127:223231	CNC(=O)c1ccc(-c2c(-c3c(C#N)cccc3OC)ccc3ccoc23)cc1C	0.016894
rxn:5:198748:229009:229229	N#Cc1cscc1-c1cc(-c2cc(C3CC3)cs2)c2ccncc2c1	0.016892
rxn:5:198748:229009:229228	N#Cc1sccc1-c1cc(-c2cc(C3CC3)cs2)c2ccncc2c1	0.016892
rxn:5:196622:229270:226593	CC(C)Oc1ccc(F)c(-c2c(-c3cnc(C#N)s3)cccc2N2CCCC2=O)c1F	0.016886
rxn:5:179400:229272:223321	COc1ncc(-c2cc(C(=O)C3CC3)ccc2-c2ccc(C)c3[nH]ncc23)s1	0.016880
rxn:5:195792:228339:227115	COC(=O)c1cnccc1-c1cncc(C2CC2)c1-c1cc(C)c(C2CC2)cc1F	0.016876
rxn:5:195792:228318:227115	COC(=O)c1ccncc1-c1cncc(C2CC2)c1-c1cc(C)c(C2CC2)cc1F	0.016876
rxn:5:195792:228688:227115	CCOc1cnccc1-c1cncc(C2CC2)c1-c1cc(C)c(C2CC2)cc1F	0.016868
rxn:5:195792:228689:227115	CCOc1ccncc1-c1cncc(C2CC2)c1-c1cc(C)c(C2CC2)cc1F	0.016868
rxn:5:190581:229065:229272	CCOC(=O)n1cc(-c2ccnc(C#N)c2)c2cc(-c3cnc(OC)s3)ccc21	0.016868
rxn:5:180096:229344:227154	Cc1c2ccc(-c3cc(-c4cocn4)ccc3OC3CCCC3)cc2nn1C	0.016864
rxn:5:176993:229272:228245	CCCC(=O)c1ccc(-c2ccc(C(C)=O)c(F)c2)c(-c2cnc(OC)s2)c1	0.016863
rxn:5:182506:227867:226593	Cc1cccc(-c2cccc3c2OCCC3)c1-c1c(F)ccc(OC(C)C)c1F	0.016862
rxn:5:195522:229270:227096	CCc1cc(-c2cc(-c3ccccc3)cs2)c(-c2cnc(C#N)s2)cn1	0.016860
rxn:5:179400:229272:227371	COc1ncc(-c2cc(C(=O)C3CC3)ccc2-c2ccc(C)c(OC)c2OC)s1	0.016857
rxn:5:179400:229272:227348	COc1ncc(-c2cc(C(=O)C3CC3)ccc2-c2ccc(OC)c(OC)c2C)s1	0.016857
rxn:5:199274:223466:227137	CCn1cnc2cc(-c3cc(C)nc4c(C)c(-c5cn[nH]c5)ccc34)ccc21	0.016855
rxn:5:199275:223466:227137	CCn1cnc2cc(-c3cc(C)c4ccc(-c5cn[nH]c5)c(C)c4n3)ccc21	0.016855
rxn:5:179400:229272:227033	COc1ncc(-c2cc(C(=O)C3CC3)ccc2-c2ccc(C3CC3)c(C#N)c2)s1	0.016849
rxn:5:179400:229272:227026	COc1ncc(-c2cc(C(=O)C3CC3)ccc2-c2ccc(C#N)c(C3CC3)c2)s1	0.016849
rxn:5:198513:223461:223164	Cc1[nH]ncc1-c1cc2cc[nH]c2cc1-c1cc(F)c(F)c(NC2CC2)c1	0.016849
rxn:5:176753:229270:228065	CCCOc1ccc(-c2ccc3onc(C)c3c2)cc1-c1cnc(C#N)s1	0.016841
rxn:5:198748:228327:228574	COc1cc(-c2cc(-c3ccc(C)cc3C#N)cc3cnccc23)cnc1OC	0.016837
rxn:5:182656:228127:229132	COc1cccc(C#N)c1-c1ccc2ccoc2c1-c1ccc(F)c(F)c1	0.016836
rxn:5:182656:228127:229134	COc1cccc(C#N)c1-c1ccc2ccoc2c1-c1cc(F)ccc1F	0.016836
rxn:5:182656:228127:229131	COc1cccc(C#N)c1-c1ccc2ccoc2c1-c1ccc(F)cc1F	0.016836
rxn:5:198417:223397:227375	c1cc(-c2ccc(N3CCCC3)nc2)c2sc(-c3ccc4c(c3)CCN4)cc2n1	0.016831
rxn:5:198417:229270:226446	Cc1nc(C2CCOC2)ccc1-c1ccnc2cc(-c3cnc(C#N)s3)sc12	0.016829
rxn:5:195463:226434:229270	Cc1cc(-c2cc(F)cc(-n3cccc3)c2)c(-c2cnc(C#N)s2)cc1C#N	0.016824
rxn:5:199106:223464:226325	Cc1c(-c2cc[nH]c2)ccc2nccc(-c3ccc(C(C)(C)C#N)cc3F)c12	0.016823
rxn:5:196189:223183:227942	CCc1ccc(-c2cc(C3=NCCO3)ccc2-c2ccc(S(=O)(=O)NC)cc2C)c(OC)c1	0.016820
rxn:5:181550:229270:226593	CC(=O)c1cc(C)c(-c2c(F)ccc(OC(C)C)c2F)c(-c2cnc(C#N)s2)c1	0.016818
rxn:5:198513:229270:227642	N#Cc1ncc(-c2cc3cc[nH]c3cc2-c2ccc(-c3cncs3)nc2)s1	0.016817
rxn:5:177002:228127:223271	CCOc1cc(-c2ccc(F)c(NC(C)=O)c2)c(-c2c(C#N)cccc2OC)cc1OC	0.016816
rxn:5:198417:223306:227278	N#CC1(c2ccc(-c3ccnc4cc(-c5ccc6c(c5)CNCC6)sc34)cn2)CC1	0.016814
rxn:5:198417:223307:227278	N#CC1(c2ccc(-c3ccnc4cc(-c5ccc6c(c5)CCNC6)sc34)cn2)CC1	0.016814
rxn:5:198417:223397:228428	COc1cc(F)c(F)c(-c2ccnc3cc(-c4ccc5c(c4)CCN5)sc23)c1	0.016813
rxn:5:179400:229272:225632	COc1ncc(-c2cc(C(=O)C3CC3)ccc2-c2cccc(N3CCN(C)CC3)c2)s1	0.016813
rxn:5:199106:223464:226836	Cc1c(-c2cc[nH]c2)ccc2nccc(-c3cn(C(C)C)nc3C(F)(F)F)c12	0.016812
rxn:5:193335:228127:223271	COc1cccc(C#N)c1-c1cccc(-c2ccc(F)c(NC(C)=O)c2)c1CN1CCOCC1	0.016810
rxn:5:179548:229270:226593	CCOc1c(-c2cnc(C#N)s2)ccc(C)c1-c1c(F)ccc(OC(C)C)c1F	0.016809
rxn:5:179547:229270:226593	CCOc1ccc(-c2cnc(C#N)s2)c(-c2c(F)ccc(OC(C)C)c2F)c1C	0.016809
rxn:5:181071:226946:228435	COc1cccc(-c2c(SC)ccc(F)c2F)c1-c1ccc2c(c1)CCN(C)C2	0.016809
rxn:5:198679:223397:227278	N#CC1(c2ccc(-c3ccnc4cccc(-c5ccc6c(c5)CCN6)c34)cn2)CC1	0.016808
rxn:5:198655:223397:227278	N#CC1(c2ccc(-c3ccc4c(-c5ccc6c(c5)CCN6)ccnc4c3)cn2)CC1	0.016808
rxn:5:198686:223397:227278	N#CC1(c2ccc(-c3cc(-c4ccc5c(c4)CCN5)cc4ncccc34)cn2)CC1	0.016808
rxn:5:198620:223397:227278	N#CC1(c2ccc(-c3ccnc4ccc(-c5ccc6c(c5)CCN6)cc34)cn2)CC1	0.016808
rxn:5:198622:223397:227278	N#CC1(c2ccc(-c3ccnc4cc(-c5ccc6c(c5)CCN6)ccc34)cn2)CC1	0.016808
rxn:5:198646:223397:227278	N#CC1(c2ccc(-c3ccc4nccc(-c5ccc6c(c5)CCN6)c4c3)cn2)CC1	0.016808
rxn:5:198653:223397:227278	N#CC1(c2ccc(-c3cccc4nccc(-c5ccc6c(c5)CCN6)c34)cn2)CC1	0.016808
rxn:5:198667:223397:227278	N#CC1(c2ccc(-c3cc4ncccc4cc3-c3ccc4c(c3)CCN4)cn2)CC1	0.016808
rxn:5:198417:223397:227943	Cc1ccc(N(C)C)c(-c2ccnc3cc(-c4ccc5c(c4)CCN5)sc23)c1	0.016807
rxn:5:181071:228977:225886	COc1cccc(-c2ccc3c(ccn3S(C)(=O)=O)c2)c1-c1ccc2c(c1)CC2	0.016807
rxn:5:181282:229270:226975	CCc1ccc(-c2cc3ccccc3cc2F)c(-c2cnc(C#N)s2)c1	0.016801
rxn:5:181282:229270:226960	CCc1ccc(-c2ccc(F)c3ccccc23)c(-c2cnc(C#N)s2)c1	0.016801
rxn:5:198417:223251:228321	COC(=O)c1cncc(-c2ccnc3cc(-c4ccc5c(c4)OCC(=O)N5)sc23)c1	0.016799
rxn:5:179551:229296:226200	CCOc1ccc(-c2cnn(C)c2)c(C)c1-c1ccc2c(c1)ncn2C(C)C	0.016794
rxn:5:198417:229202:223411	CCc1ccc(-c2cc3nccc(-c4cc5cccnc5[nH]4)c3s2)s1	0.016792
rxn:5:178979:228990:223411	CCCc1ccc(-c2cc(OCC)ccc2-c2cc3cccnc3[nH]2)s1	0.016781
rxn:5:178985:228990:223411	CCCc1ccc(-c2cccc(-c3cc4cccnc4[nH]3)c2OCC)s1	0.016781
rxn:5:177736:229272:228821	COc1ncc(-c2cc(C(=O)OC(C)(C)C)ccc2-c2ccc(C)c(F)c2F)s1	0.016780
rxn:5:180096:228162:229270	CCOc1c(F)cccc1-c1ccc(OC2CCCC2)c(-c2cnc(C#N)s2)c1	0.016780
rxn:5:179400:229272:227674	COc1ncc(-c2cc(C(=O)C3CC3)ccc2-c2cc(C)c(F)c(F)c2OC)s1	0.016780
rxn:5:179400:229272:227669	COc1ncc(-c2cc(C(=O)C3CC3)ccc2-c2cc(C)c(F)c(OC)c2F)s1	0.016780
rxn:5:179400:229272:227675	COc1ncc(-c2cc(C(=O)C3CC3)ccc2-c2cc(OC)c(C)c(F)c2F)s1	0.016780
rxn:5:196917:229270:223164	CC1(C)COC(c2cc(-c3cc(F)c(F)c(NC4CC4)c3)ccc2-c2cnc(C#N)s2)=N1	0.016775
rxn:5:197125:228832:229270	COc1cc(-c2cnc(C#N)s2)c2nc(-c3cc(C)cc(F)c3F)sc2c1	0.016774
rxn:5:197125:228839:229270	COc1cc(-c2cnc(C#N)s2)c2nc(-c3cc(F)cc(C)c3F)sc2c1	0.016774
rxn:5:197125:228824:229270	COc1cc(-c2cnc(C#N)s2)c2nc(-c3c(F)cc(C)cc3F)sc2c1	0.016774
rxn:5:198748:229082:228574	Cc1ccc(-c2cc(-c3cc(N(C)C)cs3)c3ccncc3c2)c(C#N)c1	0.016772
rxn:5:179197:225470:229270	CC1CCN(c2ccc(-c3ccc(OC4CC4)c(-c4cnc(C#N)s4)c3)cc2)CC1	0.016771
rxn:5:198417:229053:223411	COCc1ccc(-c2cc3nccc(-c4cc5cccnc5[nH]4)c3s2)s1	0.016770
rxn:5:195792:228319:227115	COc1nccc(-c2cncc(C3CC3)c2-c2cc(C)c(C3CC3)cc2F)c1OC	0.016770
rxn:5:181071:228155:228435	COc1ccc(-c2c(OC)cccc2-c2c(SC)ccc(F)c2F)cc1OC	0.016768
rxn:5:198521:229270:223164	N#Cc1ncc(-c2cc3[nH]ccc3cc2-c2cc(F)c(F)c(NC3CC3)c2)s1	0.016764
rxn:5:198517:229270:223164	N#Cc1ncc(-c2cc(-c3cc(F)c(F)c(NC4CC4)c3)cc3[nH]ccc23)s1	0.016764
rxn:5:198516:229270:223164	N#Cc1ncc(-c2cc(-c3cc(F)c(F)c(NC4CC4)c3)c3cc[nH]c3c2)s1	0.016764
rxn:5:198542:229270:223164	N#Cc1ncc(-c2cc(-c3cc(F)c(F)c(NC4CC4)c3)cc3cc[nH]c23)s1	0.016764
rxn:5:198543:229270:223164	N#Cc1ncc(-c2cc(-c3cc(F)c(F)c(NC4CC4)c3)c3[nH]ccc3c2)s1	0.016764
rxn:5:198523:229270:223164	N#Cc1ncc(-c2ccc3[nH]ccc3c2-c2cc(F)c(F)c(NC3CC3)c2)s1	0.016764
rxn:5:198524:229270:223164	N#Cc1ncc(-c2c(-c3cc(F)c(F)c(NC4CC4)c3)ccc3[nH]ccc23)s1	0.016764
rxn:5:198525:229270:223164	N#Cc1ncc(-c2ccc3cc[nH]c3c2-c2cc(F)c(F)c(NC3CC3)c2)s1	0.016764
rxn:5:198526:229270:223164	N#Cc1ncc(-c2c(-c3cc(F)c(F)c(NC4CC4)c3)ccc3cc[nH]c23)s1	0.016764
rxn:5:198515:229270:223164	N#Cc1ncc(-c2ccc(-c3cc(F)c(F)c(NC4CC4)c3)c3[nH]ccc23)s1	0.016764
rxn:5:198520:229270:223164	N#Cc1ncc(-c2ccc(-c3cc(F)c(F)c(NC4CC4)c3)c3cc[nH]c23)s1	0.016764
rxn:5:176594:226594:229311	CC(=O)COc1ccc(-c2c(F)cc(OC(C)C)cc2F)c(-c2cnc(C)s2)c1	0.016762
rxn:5:198911:229270:228621	CSc1cc(C)ccc1-c1cc2c(C)c[nH]c2cc1-c1cnc(C#N)s1	0.016758
rxn:5:198911:229270:228615	CSc1ccc(C)cc1-c1cc2c(C)c[nH]c2cc1-c1cnc(C#N)s1	0.016758
rxn:5:194141:229270:228871	COC(=O)c1ccsc1-c1cc2[nH]cc(C(=O)OC)c2cc1-c1cnc(C#N)s1	0.016753
rxn:5:198513:229270:225590	N#Cc1ncc(-c2cc3cc[nH]c3cc2-c2ccc(CN3CCCC3)c(F)c2)s1	0.016752
rxn:5:199106:229296:228664	Cc1c(-c2cnn(C)c2)ccc2nccc(-c3ccc4scnc4c3)c12	0.016746
rxn:5:199106:229296:228661	Cc1c(-c2cnn(C)c2)ccc2nccc(-c3ccc4ncsc4c3)c12	0.016746
rxn:5:181071:228977:226883	COc1cccc(-c2c(F)ccc(C(F)(F)F)c2F)c1-c1ccc2c(c1)CC2	0.016742
rxn:5:181071:228977:226887	COc1cccc(-c2ccc(F)c(C(F)(F)F)c2F)c1-c1ccc2c(c1)CC2	0.016742
rxn:5:181071:228977:226886	COc1cccc(-c2cc(F)c(C(F)(F)F)c(F)c2)c1-c1ccc2c(c1)CC2	0.016742
rxn:5:195460:225822:229272	COc1ncc(-c2cc(-c3cccc(C(F)(F)F)c3C3CC3)cc(C)c2C#N)s1	0.016741
rxn:5:199106:229296:227589	Cc1cc(OC(F)F)cc(-c2ccnc3ccc(-c4cnn(C)c4)c(C)c23)c1	0.016737
rxn:5:194232:223464:223421	CNC(C)c1ccc(-c2cc(C(=O)OC)nc3ccc(-c4cc[nH]c4)cc23)s1	0.016736
rxn:5:194233:223464:223421	CNC(C)c1ccc(-c2ccnc3c(C(=O)OC)cc(-c4cc[nH]c4)cc23)s1	0.016736
rxn:5:194234:223464:223421	CNC(C)c1ccc(-c2cc(C(=O)OC)c3cc(-c4cc[nH]c4)ccc3n2)s1	0.016736
rxn:5:176753:229270:226744	CCCOc1ccc(-c2cnc(C(F)(F)F)c(CC)c2)cc1-c1cnc(C#N)s1	0.016732
rxn:5:198417:229230:223390	N#Cc1csc(-c2cc3nccc(-c4ccc5cc[nH]c5c4)c3s2)c1	0.016731
rxn:5:181071:228202:228435	COc1cccc(-c2c(SC)ccc(F)c2F)c1-c1ccc(F)c(N(C)C)c1	0.016729
rxn:5:198513:229270:226597	CC(C)Oc1c(F)cc(-c2cc3[nH]ccc3cc2-c2cnc(C#N)s2)cc1F	0.016722
rxn:5:195958:223183:229270	CNS(=O)(=O)c1ccc(-c2ccc(-c3cnco3)cc2-c2cnc(C#N)s2)c(C)c1	0.016721
rxn:5:181071:223113:228435	COc1cccc(-c2c(SC)ccc(F)c2F)c1-c1ccc2c(c1)C(C)(C)C(=O)N2	0.016721
rxn:5:182637:229311:227668	COc1c(F)cc(-c2cc3ccoc3cc2-c2cnc(C)s2)c(C)c1F	0.016717
rxn:5:182637:229306:227668	COc1c(F)cc(-c2cc3ccoc3cc2-c2ncc(C)s2)c(C)c1F	0.016717
rxn:5:181076:228888:227346	CCCc1cc(F)c(-c2cc(SC)cc(-c3cc(C#N)ncc3F)c2)c(F)c1	0.016717
rxn:5:181076:228825:229177	CSc1cc(-c2cc(F)c(C)cc2F)cc(-c2c(F)cncc2F)c1	0.016717
rxn:5:181076:228826:229177	CSc1cc(-c2cc(C)c(F)cc2F)cc(-c2c(F)cncc2F)c1	0.016717
rxn:5:182656:228127:228744	COc1cccc(C#N)c1-c1ccc2ccoc2c1-c1ccc(F)c(C#N)c1	0.016710
rxn:5:182656:228127:228723	COc1cccc(C#N)c1-c1ccc2ccoc2c1-c1ccc(C#N)c(F)c1	0.016710
rxn:5:181076:228888:223236	CSc1cc(-c2cccc(-c3ncc[nH]3)c2)cc(-c2cc(C#N)ncc2F)c1	0.016709
rxn:5:179415:229270:226593	COC(=O)c1c(-c2cnc(C#N)s2)ccc(C)c1-c1c(F)ccc(OC(C)C)c1F	0.016709
rxn:5:195324:227034:228199	CSc1ccc(-c2c(C#N)cccc2C2CC2)c(-c2cn(C3CCC3)nc2C)n1	0.016704
rxn:5:198417:229009:223306	c1cc(-c2ccc3c(c2)CNCC3)c2sc(-c3cc(C4CC4)cs3)cc2n1	0.016699
rxn:5:198417:229009:223307	c1cc(-c2ccc3c(c2)CCNC3)c2sc(-c3cc(C4CC4)cs3)cc2n1	0.016699
rxn:5:195435:227387:223320	CC(=O)c1cc(-c2cc(C)cc3[nH]ncc23)cc(-c2ccnc(N3CCCC3)c2)n1	0.016695
rxn:5:176993:229272:228514	CCCC(=O)c1ccc(-c2cccc(C3CC3)c2)c(-c2cnc(OC)s2)c1	0.016689
rxn:5:198425:229009:228574	Cc1ccc(-c2cc(-c3cc(C4CC4)cs3)c3oncc3c2)c(C#N)c1	0.016685
rxn:5:198435:229009:228574	Cc1ccc(-c2cc(-c3cc(C4CC4)cs3)c3cnoc3c2)c(C#N)c1	0.016685
rxn:5:195522:227852:229088	CCc1cc(-c2cc(C(C)=O)cs2)c(-c2ccc3cccnc3c2)cn1	0.016678
rxn:5:195324:227034:228198	CSc1ccc(-c2c(C#N)cccc2C2CC2)c(-c2cnc(C(C)C)nc2C)n1	0.016677
rxn:5:176594:226777:229311	CC(=O)COc1ccc(-c2cc(C)c(F)c(OC(F)F)c2)c(-c2cnc(C)s2)c1	0.016677
rxn:5:179400:229272:227834	COc1ncc(-c2cc(C(=O)C3CC3)ccc2-c2ccc(C3CC3)c(C)c2)s1	0.016672
rxn:5:179400:229272:227835	COc1ncc(-c2cc(C(=O)C3CC3)ccc2-c2ccc(C)c(C3CC3)c2)s1	0.016672
rxn:5:198417:223341:227495	CCN(C)c1cc(-c2ccnc3cc(-c4ccc5c(c4)CC(=O)N5)sc23)c(F)cn1	0.016669
rxn:5:198417:223341:227496	CCN(C)c1cc(F)c(-c2ccnc3cc(-c4ccc5c(c4)CC(=O)N5)sc23)cn1	0.016669
rxn:5:198417:229009:223214	O=C1NCCc2cc(-c3ccnc4cc(-c5cc(C6CC6)cs5)sc34)ccc21	0.016664
rxn:5:198417:229270:229198	N#Cc1ncc(-c2cc3nccc(-c4cnc(F)nc4F)c3s2)s1	0.016663
rxn:5:195327:229009:223390	CSc1cnc(-c2cc(C3CC3)cs2)c(-c2ccc3cc[nH]c3c2)c1	0.016662
rxn:5:180096:228565:229270	CSCc1ccc(-c2ccc(OC3CCCC3)c(-c3cnc(C#N)s3)c2)cc1	0.016662
rxn:5:182637:229270:227579	CCOc1c(F)cc(-c2cc3ccoc3cc2-c2cnc(C#N)s2)cc1F	0.016644
rxn:5:182637:229270:227535	CCOc1cc(F)c(F)cc1-c1cc2ccoc2cc1-c1cnc(C#N)s1	0.016644
rxn:5:195463:225981:229270	Cc1cc(-c2cnn(-c3cc(F)cc(F)c3)c2)c(-c2cnc(C#N)s2)cc1C#N	0.016641
rxn:5:182654:228597:223312	Cc1cccc(C#N)c1-c1ccc2ccsc2c1-c1ccc(C2CNC2)cc1	0.016638
rxn:5:198417:229236:223390	COc1csc(-c2cc3nccc(-c4ccc5cc[nH]c5c4)c3s2)c1	0.016636
rxn:5:198417:223341:228641	Cc1cc(F)c(-c2ccnc3cc(-c4ccc5c(c4)CC(=O)N5)sc23)cc1C	0.016635
rxn:5:198417:223341:228637	Cc1cc(-c2ccnc3cc(-c4ccc5c(c4)CC(=O)N5)sc23)c(C)cc1F	0.016635
rxn:5:195435:228476:223320	CC(=O)c1cc(-c2cc(C)cc3[nH]ncc23)cc(-c2cccnc2C(F)(F)F)n1	0.016632
rxn:5:182637:229270:223164	N#Cc1ncc(-c2cc3occc3cc2-c2cc(F)c(F)c(NC3CC3)c2)s1	0.016626
rxn:5:198417:223341:227931	O=C1Cc2cc(-c3cc4nccc(-c5ccccc5OC5CC5)c4s3)ccc2N1	0.016624
rxn:5:180096:227125:229270	N#Cc1ncc(-c2cc(-c3ccccc3C3CCOC3)ccc2OC2CCCC2)s1	0.016623
rxn:5:183229:229272:228821	COc1ncc(-c2cc(-c3ccc(C)c(F)c3F)c3c(c2)C(C)(C)CCS3)s1	0.016621
rxn:5:197408:229270:229088	COc1ccc2c(-c3cc(C(C)=O)cs3)ncc(-c3cnc(C#N)s3)c2c1	0.016617
rxn:5:197411:229270:229088	COc1ccc2c(-c3cnc(C#N)s3)cnc(-c3cc(C(C)=O)cs3)c2c1	0.016617
rxn:5:198416:228597:229008	Cc1cccc(C#N)c1-c1cnc(-c2ccc(CF)cc2)c2ccsc12	0.016615
rxn:5:198426:228597:229008	Cc1cccc(C#N)c1-c1cnc(-c2ccc(CF)cc2)c2sccc12	0.016615
rxn:5:198446:228597:229008	Cc1cccc(C#N)c1-c1ccc2cnsc2c1-c1ccc(CF)cc1	0.016615
rxn:5:198420:228597:229008	Cc1cccc(C#N)c1-c1cnc2ccsc2c1-c1ccc(CF)cc1	0.016615
rxn:5:182654:228722:229008	Cc1c(C#N)cncc1-c1ccc2ccsc2c1-c1ccc(CF)cc1	0.016615
rxn:5:182654:228715:229008	Cc1nc(C#N)ccc1-c1ccc2ccsc2c1-c1ccc(CF)cc1	0.016615
rxn:5:188255:229270:226593	COC(=O)c1cc(-c2c(F)ccc(OC(C)C)c2F)c(C#N)cc1-c1cnc(C#N)s1	0.016614
rxn:5:197566:228888:229177	CCc1cc2ccc(-c3cc(C#N)ncc3F)cc2nc1-c1c(F)cncc1F	0.016612
rxn:5:179549:229270:226593	CC(C)Oc1ccc(F)c(-c2c(OC(C)C)cccc2-c2cnc(C#N)s2)c1F	0.016612
rxn:5:198417:223341:228141	CCCc1cc(F)c(-c2ccnc3cc(-c4ccc5c(c4)CC(=O)N5)sc23)cn1	0.016610
rxn:5:199106:223466:226198	CCCn1ncc2cc(-c3ccnc4ccc(-c5cn[nH]c5)c(C)c34)ccc21	0.016609
rxn:5:182637:229060:227668	COc1c(F)cc(-c2cc3ccoc3cc2-c2ccc(C#N)nc2)c(C)c1F	0.016607
rxn:5:181071:228613:228435	CCc1ccc(-c2c(OC)cccc2-c2c(SC)ccc(F)c2F)cc1F	0.016600
rxn:5:181071:228619:228435	CCc1cc(-c2c(OC)cccc2-c2c(SC)ccc(F)c2F)ccc1F	0.016600
rxn:5:181071:222416:228435	COc1cccc(-c2c(SC)ccc(F)c2F)c1-c1ccc2[nH]c(=O)[nH]c2c1	0.016599
rxn:5:198417:229140:223411	Fc1cccc(-c2cc3nccc(-c4cc5cccnc5[nH]4)c3s2)c1F	0.016598
rxn:5:198417:223397:223352	CC(C)Nc1ccc(-c2ccnc3cc(-c4ccc5c(c4)CCN5)sc23)cn1	0.016584
rxn:5:182654:228597:228457	COC(=O)c1ncc(-c2c(-c3c(C)cccc3C#N)ccc3ccsc23)cn1	0.016584
rxn:5:182656:228597:229008	Cc1cccc(C#N)c1-c1ccc2ccoc2c1-c1ccc(CF)cc1	0.016583
rxn:5:182646:228597:229008	Cc1cccc(C#N)c1-c1ccc2occc2c1-c1ccc(CF)cc1	0.016583
rxn:5:181282:226177:223263	CCc1ccc(-c2cc(C(=O)NC)ccc2F)c(-c2ccnc(C3CCCCC3)c2)c1	0.016583
rxn:5:195792:223218:227115	Cc1cc(-c2c(-c3ccc4c(c3C)NCCO4)cncc2C2CC2)c(F)cc1C1CC1	0.016575
rxn:5:199106:229296:227826	Cc1c(-c2cnn(C)c2)ccc2nccc(-c3cccc(C(C)(C)C)c3)c12	0.016573
rxn:5:198417:229270:228437	N#Cc1ncc(-c2cc3nccc(-c4ccc(C(F)F)cc4F)c3s2)s1	0.016571
rxn:5:188931:226412:229270	COC(=O)c1cc(-c2cc(F)cc(N3CCCC3)c2)cc(S(N)(=O)=O)c1-c1cnc(C#N)s1	0.016570
rxn:5:188932:229270:226412	COC(=O)c1cc(-c2cc(F)cc(N3CCCC3)c2)c(S(N)(=O)=O)c(-c2cnc(C#N)s2)c1	0.016570
rxn:5:188930:229270:226412	COC(=O)c1cc(S(N)(=O)=O)c(-c2cnc(C#N)s2)cc1-c1cc(F)cc(N2CCCC2)c1	0.016570
rxn:5:188931:229270:226412	COC(=O)c1cc(-c2cnc(C#N)s2)cc(S(N)(=O)=O)c1-c1cc(F)cc(N2CCCC2)c1	0.016570
rxn:5:199106:223462:225834	Cc1cc(-c2ccc3nccc(-c4cc(N5CCCCC5)ncc4F)c3c2C)n[nH]1	0.016568
rxn:5:199106:223462:226836	Cc1cc(-c2ccc3nccc(-c4cn(C(C)C)nc4C(F)(F)F)c3c2C)n[nH]1	0.016564
rxn:5:180096:229344:227733	c1nc(-c2ccc(OC3CCCC3)c(-c3cnc(-c4cncs4)nc3)c2)co1	0.016559
rxn:5:195463:226964:229270	Cc1cc(-c2ccc3cc(F)ccc3c2)c(-c2cnc(C#N)s2)cc1C#N	0.016559
rxn:5:179400:229089:228821	CC(=O)c1sccc1-c1cc(C(=O)C2CC2)ccc1-c1ccc(C)c(F)c1F	0.016558
rxn:5:198513:229306:223164	Cc1cnc(-c2cc3cc[nH]c3cc2-c2cc(F)c(F)c(NC3CC3)c2)s1	0.016558
rxn:5:198513:229311:223164	Cc1ncc(-c2cc3cc[nH]c3cc2-c2cc(F)c(F)c(NC3CC3)c2)s1	0.016558
rxn:5:198911:229270:226587	Cc1c[nH]c2cc(-c3cnc(C#N)s3)c(-c3cnc(OC4CCC4)cc3F)cc12	0.016555
rxn:5:196189:223183:223201	CNS(=O)(=O)c1ccc(-c2ccc(C3=NCCO3)cc2-c2ccccc2C2CCNC2)c(C)c1	0.016554
rxn:5:179400:228324:228821	COc1cc(-c2cc(C(=O)C3CC3)ccc2-c2ccc(C)c(F)c2F)c(OC)cn1	0.016552
rxn:5:179400:228325:228821	COc1cc(OC)c(-c2cc(C(=O)C3CC3)ccc2-c2ccc(C)c(F)c2F)cn1	0.016552
rxn:5:179400:228327:228821	COc1cc(-c2cc(C(=O)C3CC3)ccc2-c2ccc(C)c(F)c2F)cnc1OC	0.016552
rxn:5:181076:228888:228467	COC(=O)c1cc(-c2cc(SC)cc(-c3cc(C#N)ncc3F)c2)c(F)s1	0.016550
rxn:5:182143:223183:229270	CNS(=O)(=O)c1ccc(-c2cc(-c3cnc(C#N)s3)c3occc3c2OC)c(C)c1	0.016548
rxn:5:198417:223341:228920	CSc1nccc(-c2ccnc3cc(-c4ccc5c(c4)CC(=O)N5)sc23)c1F	0.016548
rxn:5:198513:229270:223004	N#Cc1ncc(-c2cc3cc[nH]c3cc2-c2ccc(C3CCNCC3)c(F)c2)s1	0.016544
rxn:5:179400:229272:228434	COc1ncc(-c2cc(C(=O)C3CC3)ccc2-c2ccc(C(F)F)c(F)c2)s1	0.016542
rxn:5:179400:229272:228447	COc1ncc(-c2cc(C(=O)C3CC3)ccc2-c2cccc(C(F)F)c2F)s1	0.016542
rxn:5:198417:229320:223390	Fc1csc(-c2cc3nccc(-c4ccc5cc[nH]c5c4)c3s2)c1	0.016534
rxn:5:179840:228411:229080	COc1ccc(-c2ccc(O[C@@H]3CCOC3)cc2-c2cnc(C3CC3)s2)c(F)c1F	0.016530
rxn:5:176760:229270:226593	CCOCc1cccc(-c2cnc(C#N)s2)c1-c1c(F)ccc(OC(C)C)c1F	0.016527
rxn:5:176764:229270:226593	CCOCc1c(-c2cnc(C#N)s2)cccc1-c1c(F)ccc(OC(C)C)c1F	0.016527
rxn:5:196771:223464:223421	CNC(C)c1ccc(-c2cc(-c3cc[nH]c3)ncc2-c2ccccc2C)s1	0.016526
rxn:5:196764:223464:223421	CNC(C)c1ccc(-c2cc(-c3ccc(-c4cc[nH]c4)cc3C)ccn2)s1	0.016526
rxn:5:179840:223211:229311	COc1ccc(-c2ccc(O[C@@H]3CCOC3)cc2-c2cnc(C)s2)c2cc[nH]c12	0.016525
rxn:5:195792:228784:227115	COc1cc(-c2cncc(C3CC3)c2-c2cc(C)c(C3CC3)cc2F)ccc1F	0.016516
rxn:5:198417:229009:223250	O=C1COc2ccc(-c3ccnc4cc(-c5cc(C6CC6)cs5)sc34)cc2N1	0.016515
rxn:5:197125:228156:229270	COc1ccc(OC)c(-c2nc3c(-c4cnc(C#N)s4)cc(OC)cc3s2)c1	0.016513
rxn:5:197125:228157:229270	COc1ccc(-c2nc3c(-c4cnc(C#N)s4)cc(OC)cc3s2)c(OC)c1	0.016513
rxn:5:197125:228155:229270	COc1cc(-c2cnc(C#N)s2)c2nc(-c3ccc(OC)c(OC)c3)sc2c1	0.016513
rxn:5:195324:227034:228193	CSc1ccc(-c2c(C#N)cccc2C2CC2)c(-c2cnn(C3CCCC3)c2)n1	0.016504
rxn:5:197127:223464:223421	CNC(C)c1ccc(-c2cc(-c3cc[nH]c3)c3nc(SC)sc3c2)s1	0.016503
rxn:5:176856:228127:223271	COC(=O)c1cc(-c2ccc(F)c(NC(C)=O)c2)cc(-c2c(C#N)cccc2OC)c1OC	0.016502
rxn:5:199106:223464:226812	Cc1c(-c2cc[nH]c2)ccc2nccc(-c3ccc(-c4ncon4)cc3F)c12	0.016500
rxn:5:195792:228593:227115	Cc1cc(-c2c(-c3ccncc3C3CC3)cncc2C2CC2)c(F)cc1C1CC1	0.016500
rxn:5:195792:228585:227115	Cc1cc(-c2c(-c3cnccc3C3CC3)cncc2C2CC2)c(F)cc1C1CC1	0.016500
rxn:5:198417:229270:226573	Cc1nc(OC(C)(C)C)ncc1-c1ccnc2cc(-c3cnc(C#N)s3)sc12	0.016498
rxn:5:198513:229060:223164	N#Cc1ccc(-c2cc3cc[nH]c3cc2-c2cc(F)c(F)c(NC3CC3)c2)cn1	0.016494
rxn:5:197125:228204:229270	COc1cc(-c2cnc(C#N)s2)c2nc(-c3cc(C)cc(C#N)c3F)sc2c1	0.016493
rxn:5:198748:229009:228994	N#Cc1ccccc1-c1cc(-c2cc(C3CC3)cs2)c2ccncc2c1	0.016493
rxn:5:182656:228127:229029	COc1cccc(C#N)c1-c1ccc2ccoc2c1-c1ccc(F)c(C)c1	0.016492
rxn:5:182656:228127:229037	COc1cccc(C#N)c1-c1ccc2ccoc2c1-c1ccc(C)c(F)c1	0.016492
rxn:5:182656:228127:229034	COc1cccc(C#N)c1-c1ccc2ccoc2c1-c1cc(C)ccc1F	0.016492
rxn:5:182637:223451:227668	COc1c(F)cc(-c2cc3ccoc3cc2-c2ccccc2)c(C)c1F	0.016489
rxn:5:182654:228994:229008	N#Cc1ccccc1-c1ccc2ccsc2c1-c1ccc(CF)cc1	0.016487
rxn:5:182654:228992:229008	N#Cc1cccc(-c2ccc3ccsc3c2-c2ccc(CF)cc2)c1	0.016487
rxn:5:198754:229270:227668	COc1c(F)cc(-c2cc3ccncc3cc2-c2cnc(C#N)s2)c(C)c1F	0.016487
rxn:5:198756:229270:227668	COc1c(F)cc(-c2cc3cnccc3cc2-c2cnc(C#N)s2)c(C)c1F	0.016487
rxn:5:198667:229270:227668	COc1c(F)cc(-c2cc3ncccc3cc2-c2cnc(C#N)s2)c(C)c1F	0.016487
rxn:5:197452:228381:229311	COc1ncc(-c2c(F)cc(C#N)cc2F)c2ccc(-c3cnc(C)s3)cc12	0.016487
rxn:5:198417:223214:227278	N#CC1(c2ccc(-c3ccnc4cc(-c5ccc6c(c5)CCNC6=O)sc34)cn2)CC1	0.016485
rxn:5:179197:223466:225491	Fc1ccc(-c2ccccc2)c(-c2cc(-c3cn[nH]c3)ccc2OC2CC2)c1	0.016480
rxn:5:176753:226864:229308	CCCOc1ccc(-c2cc(C)no2)cc1-c1cc(F)c(OC(F)F)c(F)c1	0.016480
rxn:5:179400:229272:227825	COc1ncc(-c2cc(C(=O)C3CC3)ccc2-c2cccc(C3CCC3)c2)s1	0.016479
rxn:5:179400:229272:227824	COc1ncc(-c2cc(C(=O)C3CC3)ccc2-c2ccc(C3CCC3)cc2)s1	0.016479
rxn:5:179840:226758:229311	COc1ccc(-c2ccc(O[C@@H]3CCOC3)cc2-c2cnc(C)s2)cc1C(F)(F)F	0.016478
rxn:5:179840:226753:229311	COc1ccc(-c2ccc(O[C@@H]3CCOC3)cc2-c2cnc(C)s2)c(C(F)(F)F)c1	0.016478
rxn:5:179840:226748:229311	COc1cc(C(F)(F)F)ccc1-c1ccc(O[C@@H]2CCOC2)cc1-c1cnc(C)s1	0.016478
rxn:5:179840:226750:229311	COc1ccc(C(F)(F)F)cc1-c1ccc(O[C@@H]2CCOC2)cc1-c1cnc(C)s1	0.016478
rxn:5:198755:228259:229270	COc1cc(C)cc(-c2cc(-c3cnc(C#N)s3)c3nc(C)sc3c2)c1F	0.016476
rxn:5:198675:228259:229270	COc1cc(C)cc(-c2nc3c(C)ccc(-c4cnc(C#N)s4)c3s2)c1F	0.016476
rxn:5:198623:228259:229270	COc1cc(C)cc(-c2cc(C)c3nc(-c4cnc(C#N)s4)sc3c2)c1F	0.016476
rxn:5:197125:228648:229270	COc1cc(-c2cnc(C#N)s2)c2nc(-c3cc(C)cc(C)c3F)sc2c1	0.016476
rxn:5:197125:228644:229270	COc1cc(-c2cnc(C#N)s2)c2nc(-c3cc(C)c(F)c(C)c3)sc2c1	0.016476
rxn:5:199106:228327:229061	COc1cc(-c2ccc3nccc(-c4cnn(C(C)C)c4)c3c2C)cnc1OC	0.016474
rxn:5:199106:229334:227137	CCn1cnc2cc(-c3ccnc4ccc(-c5cnoc5)c(C)c34)ccc21	0.016473
rxn:5:198748:229205:228574	CCc1csc(-c2cc(-c3ccc(C)cc3C#N)cc3cnccc23)c1	0.016472
rxn:5:194414:229270:228332	COc1cc(SC)c(-c2c(-c3cnc(C#N)s3)ccc3c2CCN3CC2CC2)cn1	0.016471
rxn:5:181076:226437:229177	CSc1cc(-c2cc(C3CCCC3)ncc2F)cc(-c2c(F)cncc2F)c1	0.016468
rxn:5:198417:223341:227905	CC(C)Cc1cc(-c2ccnc3cc(-c4ccc5c(c4)CC(=O)N5)sc23)ccn1	0.016466
rxn:5:182637:229270:226778	COc1cc(-c2cc3ccoc3cc2-c2cnc(C#N)s2)c(F)c(F)c1OC	0.016464
rxn:5:182637:229270:226783	COc1cc(F)c(F)c(OC)c1-c1cc2ccoc2cc1-c1cnc(C#N)s1	0.016464
rxn:5:199106:229296:228057	Cc1nc2cc(-c3ccnc4ccc(-c5cnn(C)c5)c(C)c34)ccc2o1	0.016463
rxn:5:198417:223341:228161	CCOc1ccc(-c2ccnc3cc(-c4ccc5c(c4)CC(=O)N5)sc23)c(F)c1	0.016458
rxn:5:198417:223341:228165	CCOc1ccc(F)c(-c2ccnc3cc(-c4ccc5c(c4)CC(=O)N5)sc23)c1	0.016458
rxn:5:198417:223341:228160	CCOc1cccc(F)c1-c1ccnc2cc(-c3ccc4c(c3)CC(=O)N4)sc12	0.016458
rxn:5:176594:228381:227385	CC(=O)COc1ccc(-c2c(F)cc(C#N)cc2F)c(-c2cnc(C(C)(C)C)nc2C)c1	0.016449
rxn:5:196189:226671:229270	N#Cc1ncc(-c2cc(C3=NCCO3)ccc2-c2cnn(-c3cccc(F)c3)c2)s1	0.016448
rxn:5:189448:229272:223000	COc1ncc(-c2ccc(C(=O)N3CC(OC)C3)cc2-c2ccc(C3CCCNC3)c(F)c2)s1	0.016448
rxn:5:189449:229272:223000	COc1ncc(-c2ccc(-c3ccc(C4CCCNC4)c(F)c3)cc2C(=O)N2CC(OC)C2)s1	0.016448
rxn:5:188390:229296:226200	CCOC(=O)c1c(-c2ccc3c(c2)ncn3C(C)C)ccnc1-c1cnn(C)c1	0.016447
rxn:5:181071:227945:228435	COc1cccc(-c2c(SC)ccc(F)c2F)c1-c1ccc(N(C)C)c(C)c1	0.016445
rxn:5:182656:228747:223271	CC(=O)Nc1cc(-c2c(-c3c(F)cccc3C#N)ccc3ccoc23)ccc1F	0.016445
rxn:5:182656:228732:223271	CC(=O)Nc1cc(-c2c(-c3cccc(C#N)c3F)ccc3ccoc23)ccc1F	0.016445
rxn:5:182656:228729:223271	CC(=O)Nc1cc(-c2c(-c3ccc(F)cc3C#N)ccc3ccoc23)ccc1F	0.016445
rxn:5:182656:228752:223271	CC(=O)Nc1cc(-c2c(-c3cc(F)ccc3C#N)ccc3ccoc23)ccc1F	0.016445
rxn:5:182656:228753:223271	CC(=O)Nc1cc(-c2c(-c3cccc(F)c3C#N)ccc3ccoc23)ccc1F	0.016445
rxn:5:179840:228411:228964	COC(=O)c1ncc(-c2cc(O[C@@H]3CCOC3)ccc2-c2ccc(OC)c(F)c2F)s1	0.016444
rxn:5:179981:226412:229270	Cc1cc(-c2cc(F)cc(N3CCCC3)c2)c(-c2cnc(C#N)s2)cc1OC(C)C	0.016441
rxn:5:195324:227034:227612	CSc1ccc(-c2c(C#N)cccc2C2CC2)c(-c2cnn(C3CCCCO3)c2)n1	0.016441
rxn:5:182656:228127:228759	COc1cccc(C#N)c1-c1ccc2ccoc2c1-c1ccc(C(C)=O)nc1	0.016435
rxn:5:198417:228977:227278	N#CC1(c2ccc(-c3ccnc4cc(-c5ccc6c(c5)CC6)sc34)cn2)CC1	0.016431
rxn:5:195463:225862:229270	Cc1cnn(-c2cc(F)cc(-c3cc(C)c(C#N)cc3-c3cnc(C#N)s3)c2)c1	0.016431
rxn:5:195463:225841:229270	Cc1cn(-c2cc(F)cc(-c3cc(C)c(C#N)cc3-c3cnc(C#N)s3)c2)cn1	0.016431
rxn:5:195463:225851:229270	Cc1cc(-c2cc(F)cc(-n3ccnc3C)c2)c(-c2cnc(C#N)s2)cc1C#N	0.016431
rxn:5:195463:225857:229270	Cc1ccn(-c2cc(F)cc(-c3cc(C)c(C#N)cc3-c3cnc(C#N)s3)c2)n1	0.016431
rxn:5:181071:228511:228435	COc1cccc(-c2c(SC)ccc(F)c2F)c1-c1ccc(C2CC2)cc1	0.016430
rxn:5:181071:228514:228435	COc1cccc(-c2c(SC)ccc(F)c2F)c1-c1cccc(C2CC2)c1	0.016430
rxn:5:181076:226914:229177	CSc1cc(-c2ccc(CC(C)C)cc2C)cc(-c2c(F)cncc2F)c1	0.016423
rxn:5:198911:229270:226851	COc1cc(-c2cc3c(C)c[nH]c3cc2-c2cnc(C#N)s2)c(C(F)(F)F)cn1	0.016421
rxn:5:198911:229270:226845	COc1ncc(C(F)(F)F)cc1-c1cc2c(C)c[nH]c2cc1-c1cnc(C#N)s1	0.016421
rxn:5:198911:229270:226856	COc1cnc(C(F)(F)F)cc1-c1cc2c(C)c[nH]c2cc1-c1cnc(C#N)s1	0.016421
rxn:5:198911:229270:226855	COc1cc(C(F)(F)F)c(-c2cc3c(C)c[nH]c3cc2-c2cnc(C#N)s2)cn1	0.016421
rxn:5:198748:229009:222414	Cc1ccc(S(N)(=O)=O)c(-c2cc(-c3cc(C4CC4)cs3)c3ccncc3c2)c1	0.016418
rxn:5:196189:226376:229270	N#Cc1ncc(-c2cc(C3=NCCO3)ccc2-c2cnc(-c3ccccc3)nc2)s1	0.016415
rxn:5:195460:227396:229272	COc1ncc(-c2cc(-c3ccnc(-c4cccs4)c3)cc(C)c2C#N)s1	0.016414
rxn:5:195460:227417:229272	COc1ncc(-c2cc(-c3ccnc(-c4ccsc4)c3)cc(C)c2C#N)s1	0.016414
rxn:5:179400:229080:228821	Cc1ccc(-c2ccc(C(=O)C3CC3)cc2-c2cnc(C3CC3)s2)c(F)c1F	0.016413
rxn:5:198417:227144:223462	COc1cccc2cc(-c3cc4nccc(-c5cc(C)[nH]n5)c4s3)sc12	0.016412
rxn:5:181071:227203:228435	COc1cccc(-c2c(SC)ccc(F)c2F)c1-c1ccc2c(c1)OCCCO2	0.016410
rxn:5:198911:229270:227380	Cc1c[nH]c2cc(-c3cnc(C#N)s3)c(-c3ccc(-n4cccc4)nc3)cc12	0.016408
rxn:5:195435:226649:223320	CC(=O)c1cc(-c2cc(C)cc3[nH]ncc23)cc(-c2cccnc2N2CCOCC2)n1	0.016407
rxn:5:182654:228597:228993	Cc1cccc(C#N)c1-c1ccc2ccsc2c1-c1ccc(C#N)cc1	0.016404
rxn:5:199106:229296:227854	Cc1c(-c2cnn(C)c2)ccc2nccc(-c3ccc4c(ccn4C)c3)c12	0.016402
rxn:5:199106:229296:227859	Cc1c(-c2cnn(C)c2)ccc2nccc(-c3ccc4ccn(C)c4c3)c12	0.016402
rxn:5:196351:229338:223320	Cc1cc(-c2ccc(-c3cnccc3-c3ccns3)cc2)c2cn[nH]c2c1	0.016398
rxn:5:198417:226167:223462	Cc1cc(-c2ccnc3cc(-c4ccc(-c5ccccn5)cc4)sc23)n[nH]1	0.016398
rxn:5:199106:223464:227650	Cc1c(-c2cc[nH]c2)ccc2nccc(-c3cncc(-c4cncs4)c3)c12	0.016398
rxn:5:199106:223464:227648	Cc1c(-c2cc[nH]c2)ccc2nccc(-c3ccnc(-c4cncs4)c3)c12	0.016398
rxn:5:199106:223464:227642	Cc1c(-c2cc[nH]c2)ccc2nccc(-c3ccc(-c4cncs4)nc3)c12	0.016398
rxn:5:193539:223397:227278	N#CC1(c2ccc(-c3cc(CN4CCCCC4)ccc3-c3ccc4c(c3)CCN4)cn2)CC1	0.016398
rxn:5:199106:223418:229061	Cc1c(-c2c[nH]cc3nccc2-3)ccc2nccc(-c3cnn(C(C)C)c3)c12	0.016395
rxn:5:195792:228040:228372	N#Cc1cc(F)c(-c2c(-c3ccnc4ccncc34)cncc2C2CC2)cc1F	0.016390
rxn:5:181076:228888:228662	CSc1cc(-c2cc3cnccc3s2)cc(-c2cc(C#N)ncc2F)c1	0.016388
rxn:5:192417:223464:223421	CNC(C)c1ccc(-c2cc(Oc3ccc(-c4cc[nH]c4)cc3)ccn2)s1	0.016388
rxn:5:192432:223464:223421	CNC(C)c1ccc(-c2ccc(-c3cc[nH]c3)cc2Oc2ccccn2)s1	0.016388
rxn:5:195463:226071:229270	Cc1cc(-c2ccc(C#N)c3ccccc23)c(-c2cnc(C#N)s2)cc1C#N	0.016382
rxn:5:181076:228888:225456	CSc1cc(-c2ccc(C3CCN(C)CC3)cc2)cc(-c2cc(C#N)ncc2F)c1	0.016378
rxn:5:182637:229272:227668	COc1ncc(-c2cc3occc3cc2-c2cc(F)c(OC)c(F)c2C)s1	0.016374
rxn:5:198911:229226:228332	COc1cc(SC)c(-c2cc3c(C)c[nH]c3cc2-c2ccc(C#N)s2)cn1	0.016372
rxn:5:198911:229230:228332	COc1cc(SC)c(-c2cc3c(C)c[nH]c3cc2-c2cc(C#N)cs2)cn1	0.016372
rxn:5:198911:229270:228186	COc1c(SC)cccc1-c1cc2c(C)c[nH]c2cc1-c1cnc(C#N)s1	0.016372
rxn:5:198911:229270:228184	COc1ccc(-c2cc3c(C)c[nH]c3cc2-c2cnc(C#N)s2)cc1SC	0.016372
rxn:5:196189:223183:227498	CNS(=O)(=O)c1ccc(-c2ccc(C3=NCCO3)cc2-c2cnc(N(C)C)cc2OC)c(C)c1	0.016370
rxn:5:192880:226412:229270	N#Cc1ncc(-c2c(-c3cc(F)cc(N4CCCC4)c3)ccnc2OC2CCCC2)s1	0.016370
rxn:5:199106:228720:229061	Cc1cnn(C(C)C)c1-c1ccc2nccc(-c3cnn(C(C)C)c3)c2c1C	0.016362
rxn:5:182654:228927:229008	COc1nccc(F)c1-c1ccc2ccsc2c1-c1ccc(CF)cc1	0.016361
rxn:5:198916:229296:226200	Cc1c[nH]c2c(-c3cnn(C)c3)ccc(-c3ccc4c(c3)ncn4C(C)C)c12	0.016359
rxn:5:199106:229296:227844	Cc1c(-c2cnn(C)c2)ccc2nccc(-c3ccc4ncccc4c3)c12	0.016356
rxn:5:199106:229296:227852	Cc1c(-c2cnn(C)c2)ccc2nccc(-c3ccc4cccnc4c3)c12	0.016356
rxn:5:198417:223342:227278	N#CC1(c2ccc(-c3ccnc4cc(-c5ccc6c(c5)OCCN6)sc34)cn2)CC1	0.016354
rxn:5:198417:223340:227278	N#CC1(c2ccc(-c3ccnc4cc(-c5ccc6c(c5)NCCO6)sc34)cn2)CC1	0.016354
rxn:5:198513:229270:225872	N#Cc1ncc(-c2cc3cc[nH]c3cc2-c2cc(F)c(F)c(N3CCCC3)c2)s1	0.016351
rxn:5:179400:229272:225804	COc1ncc(-c2cc(C(=O)C3CC3)ccc2-c2ccc(C(=O)N3CCC3)c(F)c2)s1	0.016348
rxn:5:179551:223464:226695	CCOc1ccc(-c2cc[nH]c2)c(C)c1-c1ccc(-c2cncs2)cc1F	0.016343
rxn:5:195522:227641:229088	CCc1cc(-c2cc(C(C)=O)cs2)c(-c2cn(-c3ccco3)nc2C)cn1	0.016338
rxn:5:195463:226412:227207	Cc1cc(-c2cc(F)cc(N3CCCC3)c2)c(-c2cccc3c2OCCC3=O)cc1C#N	0.016338
rxn:5:199106:229296:227810	CCC(C)c1ccc(-c2ccnc3ccc(-c4cnn(C)c4)c(C)c23)cc1	0.016336
rxn:5:198417:229009:223340	c1cc(-c2ccc3c(c2)NCCO3)c2sc(-c3cc(C4CC4)cs3)cc2n1	0.016333
rxn:5:198417:229009:223342	c1cc(-c2ccc3c(c2)OCCN3)c2sc(-c3cc(C4CC4)cs3)cc2n1	0.016333
rxn:5:198417:223251:228381	N#Cc1cc(F)c(-c2ccnc3cc(-c4ccc5c(c4)OCC(=O)N5)sc23)c(F)c1	0.016330
rxn:5:189083:229270:226593	CCN(C)C(=O)c1cccc(-c2cnc(C#N)s2)c1-c1c(F)ccc(OC(C)C)c1F	0.016329
rxn:5:182654:228597:229002	COc1ccc(-c2c(-c3c(C)cccc3C#N)ccc3ccsc23)cc1	0.016324
rxn:5:181071:228977:226048	COc1cccc(-c2c(F)ccc(F)c2OC(F)(F)F)c1-c1ccc2c(c1)CC2	0.016321
rxn:5:181071:228977:226051	COc1cccc(-c2c(OC(F)(F)F)ccc(F)c2F)c1-c1ccc2c(c1)CC2	0.016321
rxn:5:181071:228977:226052	COc1cccc(-c2c(F)ccc(OC(F)(F)F)c2F)c1-c1ccc2c(c1)CC2	0.016321
rxn:5:198417:223341:228519	Cc1cc(C)c(-c2ccnc3cc(-c4ccc5c(c4)CC(=O)N5)sc23)c(C)c1	0.016321
rxn:5:181076:228065:229177	CSc1cc(-c2ccc3onc(C)c3c2)cc(-c2c(F)cncc2F)c1	0.016319
rxn:5:181432:228977:228435	CSc1ccc(F)c(F)c1-c1cccc(C2CC2)c1-c1ccc2c(c1)CC2	0.016319
rxn:5:195460:226073:229272	COc1ncc(-c2cc(-c3ccc4cc(C#N)ccc4c3)cc(C)c2C#N)s1	0.016319
rxn:5:195460:229065:227143	COc1ccc2cc(-c3cc(-c4ccnc(C#N)c4)cc(C)c3C#N)sc2c1	0.016319
rxn:5:195460:229065:227144	COc1cccc2cc(-c3cc(-c4ccnc(C#N)c4)cc(C)c3C#N)sc12	0.016319
rxn:5:195460:229065:227142	COc1ccc2sc(-c3cc(-c4ccnc(C#N)c4)cc(C)c3C#N)cc2c1	0.016319
rxn:5:195460:229065:227145	COc1cccc2sc(-c3cc(-c4ccnc(C#N)c4)cc(C)c3C#N)cc12	0.016319
rxn:5:198748:229079:228574	Cc1ccc(-c2cc(-c3csc(C4CC4)n3)c3ccncc3c2)c(C#N)c1	0.016317
rxn:5:198748:229080:228574	Cc1ccc(-c2cc(-c3cnc(C4CC4)s3)c3ccncc3c2)c(C#N)c1	0.016317
rxn:5:198748:229085:228574	Cc1ccc(-c2cc(-c3scnc3C3CC3)c3ccncc3c2)c(C#N)c1	0.016317
rxn:5:198748:229009:228715	Cc1nc(C#N)ccc1-c1cc(-c2cc(C3CC3)cs2)c2ccncc2c1	0.016317
rxn:5:198748:229009:228722	Cc1c(C#N)cncc1-c1cc(-c2cc(C3CC3)cs2)c2ccncc2c1	0.016317
rxn:5:198748:229009:228711	Cc1cnc(C#N)c(-c2cc(-c3cc(C4CC4)cs3)c3ccncc3c2)c1	0.016317
rxn:5:198748:229009:228714	Cc1cc(C#N)ncc1-c1cc(-c2cc(C3CC3)cs2)c2ccncc2c1	0.016317
rxn:5:198748:229009:228718	Cc1ncc(C#N)cc1-c1cc(-c2cc(C3CC3)cs2)c2ccncc2c1	0.016317
rxn:5:198748:229009:228719	Cc1cnc(C#N)cc1-c1cc(-c2cc(C3CC3)cs2)c2ccncc2c1	0.016317
rxn:5:199106:223464:227068	Cc1c(-c2cc[nH]c2)ccc2nccc(-c3ccc(CC(C)C)cc3F)c12	0.016316
rxn:5:179204:227034:229057	COc1c(-c2c(C#N)cccc2C2CC2)ccc(-c2cnn(C3CC3)c2)c1SC	0.016315
rxn:5:179206:227034:229057	COc1ccc(-c2c(C#N)cccc2C2CC2)c(SC)c1-c1cnn(C2CC2)c1	0.016315
rxn:5:179201:227034:229057	COc1c(SC)ccc(-c2c(C#N)cccc2C2CC2)c1-c1cnn(C2CC2)c1	0.016315
rxn:5:199064:228411:229311	COc1ccc(-c2ccc3c(-c4cnc(C)s4)cc(C)nc3c2)c(F)c1F	0.016315
rxn:5:199064:229272:228821	COc1ncc(-c2ccc3c(-c4ccc(C)c(F)c4F)cc(C)nc3c2)s1	0.016315
rxn:5:199075:229272:228821	COc1ncc(-c2cnc(-c3ccc(C)c(F)c3F)c3c(C)cccc23)s1	0.016315
rxn:5:198417:229270:226452	N#Cc1ncc(-c2cc3nccc(-c4ccc(C5OCCCO5)cc4)c3s2)s1	0.016314
rxn:5:182506:227375:226593	Cc1cccc(-c2ccc(N3CCCC3)nc2)c1-c1c(F)ccc(OC(C)C)c1F	0.016303
rxn:5:196189:223183:228338	CNS(=O)(=O)c1ccc(-c2ccc(C3=NCCO3)cc2-c2cnc(OC3CCC3)s2)c(C)c1	0.016301
rxn:5:198417:228964:228455	COC(=O)c1ncc(-c2cc3nccc(-c4cnc(OC)nc4OC)c3s2)s1	0.016300
rxn:5:181076:227459:229177	CSc1cc(-c2cc3c(cnn3C)cc2F)cc(-c2c(F)cncc2F)c1	0.016297
rxn:5:181076:227460:229177	CSc1cc(-c2cc3ncn(C)c3cc2F)cc(-c2c(F)cncc2F)c1	0.016297
rxn:5:179396:229272:223000	COc1ncc(-c2ccc(C(=O)C3CC3)c(-c3ccc(C4CCCNC4)c(F)c3)c2)s1	0.016288
rxn:5:179400:229272:223004	COc1ncc(-c2cc(C(=O)C3CC3)ccc2-c2ccc(C3CCNCC3)c(F)c2)s1	0.016288
rxn:5:179400:229272:222996	COc1ncc(-c2cc(C(=O)C3CC3)ccc2-c2ccc(F)cc2C2CCCNC2)s1	0.016288
rxn:5:179400:229272:223001	COc1ncc(-c2cc(C(=O)C3CC3)ccc2-c2cc(C3CCCNC3)ccc2F)s1	0.016288
rxn:5:179400:229272:223006	COc1ncc(-c2cc(C(=O)C3CC3)ccc2-c2ccc(F)c(C3CCNCC3)c2)s1	0.016288
rxn:5:179400:229272:223002	COc1ncc(-c2cc(C(=O)C3CC3)ccc2-c2ccc(C3CCNCC3)cc2F)s1	0.016288
rxn:5:179400:229272:223008	COc1ncc(-c2cc(C(=O)C3CC3)ccc2-c2cc(C3CCNCC3)ccc2F)s1	0.016288
rxn:5:179400:229271:223000	COc1cc(-c2cc(C(=O)C3CC3)ccc2-c2ccc(C3CCCNC3)c(F)c2)sn1	0.016288
rxn:5:179400:229273:223000	COc1ncsc1-c1cc(C(=O)C2CC2)ccc1-c1ccc(C2CCCNC2)c(F)c1	0.016288
rxn:5:179400:229272:222998	COc1ncc(-c2cc(C(=O)C3CC3)ccc2-c2cc(F)cc(C3CCCNC3)c2)s1	0.016288
rxn:5:179400:229272:223007	COc1ncc(-c2cc(C(=O)C3CC3)ccc2-c2cc(F)cc(C3CCNCC3)c2)s1	0.016288
rxn:5:199106:223466:226200	Cc1c(-c2cn[nH]c2)ccc2nccc(-c3ccc4c(c3)ncn4C(C)C)c12	0.016283
rxn:5:199106:223466:226199	Cc1c(-c2cn[nH]c2)ccc2nccc(-c3ccc4c(cnn4C(C)C)c3)c12	0.016283
rxn:5:198417:223251:227278	N#CC1(c2ccc(-c3ccnc4cc(-c5ccc6c(c5)OCC(=O)N6)sc34)cn2)CC1	0.016282
rxn:5:198417:223250:227278	N#CC1(c2ccc(-c3ccnc4cc(-c5ccc6c(c5)NC(=O)CO6)sc34)cn2)CC1	0.016282
rxn:5:182656:228335:223271	COc1ccnc(OC)c1-c1ccc2ccoc2c1-c1ccc(F)c(NC(C)=O)c1	0.016278
rxn:5:182656:228104:223271	CC(=O)Nc1cc(-c2c(-c3c(C#N)cccc3C#N)ccc3ccoc23)ccc1F	0.016276
rxn:5:182656:228111:223271	CC(=O)Nc1cc(-c2c(-c3ccc(C#N)c(C#N)c3)ccc3ccoc23)ccc1F	0.016276
rxn:5:199106:223464:227120	Cc1c(-c2cc[nH]c2)ccc2nccc(-c3ccc(C4CCC4)cc3F)c12	0.016272
rxn:5:198417:228477:228455	COc1ncc(-c2ccnc3cc(-c4cnccc4C(F)(F)F)sc23)c(OC)n1	0.016271
rxn:5:198417:223251:228513	O=C1COc2cc(-c3cc4nccc(-c5ccccc5C5CC5)c4s3)ccc2N1	0.016265
rxn:5:194142:228381:229311	COC(=O)c1cc2c(-c3c(F)cc(C#N)cc3F)ccc(-c3cnc(C)s3)c2[nH]1	0.016265
rxn:5:194141:229270:228829	COC(=O)c1c[nH]c2cc(-c3cc(F)c(C)c(F)c3)c(-c3cnc(C#N)s3)cc12	0.016265
rxn:5:194143:228381:229311	COC(=O)c1cc2c(-c3cnc(C)s3)cc(-c3c(F)cc(C#N)cc3F)cc2[nH]1	0.016265
rxn:5:198417:223341:227561	COc1cc(F)c(-c2ccnc3cc(-c4ccc5c(c4)CC(=O)N5)sc23)cc1OC	0.016264
rxn:5:177190:229272:223000	CCS(=O)(=O)Cc1ccc(-c2ccc(C3CCCNC3)c(F)c2)c(-c2cnc(OC)s2)c1	0.016263
rxn:5:197125:228395:229270	COc1cc(-c2cnc(C#N)s2)c2nc(-c3cc(F)c(F)cc3OC)sc2c1	0.016255
rxn:5:197125:228397:229270	COc1cc(-c2cnc(C#N)s2)c2nc(-c3cc(F)c(F)c(OC)c3)sc2c1	0.016255
rxn:5:197125:228408:229270	COc1cc(-c2cnc(C#N)s2)c2nc(-c3cc(F)c(OC)cc3F)sc2c1	0.016255
rxn:5:197125:228411:229270	COc1cc(-c2cnc(C#N)s2)c2nc(-c3ccc(OC)c(F)c3F)sc2c1	0.016255
rxn:5:197125:228412:229270	COc1cc(-c2cnc(C#N)s2)c2nc(-c3cc(OC)c(F)cc3F)sc2c1	0.016255
rxn:5:197125:228406:229270	COc1cc(-c2cnc(C#N)s2)c2nc(-c3c(F)ccc(OC)c3F)sc2c1	0.016255
rxn:5:197125:228407:229270	COc1cc(-c2cnc(C#N)s2)c2nc(-c3c(OC)ccc(F)c3F)sc2c1	0.016255
rxn:5:197125:228416:229270	COc1cc(-c2cnc(C#N)s2)c2nc(-c3c(F)cc(F)cc3OC)sc2c1	0.016255
rxn:5:197125:228393:229270	COc1cc(-c2cnc(C#N)s2)c2nc(-c3cc(F)cc(F)c3OC)sc2c1	0.016255
rxn:5:197125:228400:229270	COc1cc(-c2cnc(C#N)s2)c2nc(-c3ccc(F)c(F)c3OC)sc2c1	0.016255
rxn:5:197125:228403:229270	COc1cc(-c2cnc(C#N)s2)c2nc(-c3ccc(F)c(OC)c3F)sc2c1	0.016255
rxn:5:197125:228396:229270	COc1cc(F)c(-c2nc3c(-c4cnc(C#N)s4)cc(OC)cc3s2)c(F)c1	0.016255
rxn:5:197125:228428:229270	COc1cc(F)c(F)c(-c2nc3c(-c4cnc(C#N)s4)cc(OC)cc3s2)c1	0.016255
rxn:5:179197:226884:229270	N#Cc1ncc(-c2cc(-c3c(F)cc(C(F)(F)F)cc3F)ccc2OC2CC2)s1	0.016255
rxn:5:198674:228597:229008	Cc1cccc(C#N)c1-c1ccc2cccnc2c1-c1ccc(CF)cc1	0.016253
rxn:5:198753:228597:229008	Cc1cccc(C#N)c1-c1ccc2cnccc2c1-c1ccc(CF)cc1	0.016253
rxn:5:198625:228597:229008	Cc1cccc(C#N)c1-c1ccc2ccnc(-c3ccc(CF)cc3)c2c1	0.016253
rxn:5:199106:223464:226674	Cc1c(-c2cc[nH]c2)ccc2nccc(-c3ccc(-n4ccnc4)cc3F)c12	0.016251
rxn:5:199106:223464:226676	Cc1c(-c2cc[nH]c2)ccc2nccc(-c3ccc(-n4cccn4)cc3F)c12	0.016251
rxn:5:199106:223464:227621	Cc1c(-c2cc[nH]c2)ccc2nccc(-c3ccc(-n4ccnc4C)s3)c12	0.016248
rxn:5:198417:223397:227901	CC(C)Cc1ccc(-c2ccnc3cc(-c4ccc5c(c4)CCN5)sc23)cn1	0.016246
rxn:5:198417:229270:227718	N#Cc1ncc(-c2cc3nccc(-c4ccc(OC(F)F)cc4F)c3s2)s1	0.016245
rxn:5:195463:226412:228125	Cc1cc(-c2cc(F)cc(N3CCCC3)c2)c(-c2ccnc(OC(C)C)c2)cc1C#N	0.016241
rxn:5:195522:226594:229088	CCc1cc(-c2cc(C(C)=O)cs2)c(-c2c(F)cc(OC(C)C)cc2F)cn1	0.016236
rxn:5:199106:223464:226601	Cc1c(-c2cc[nH]c2)ccc2nccc(-c3c(OC(C)C)ccc(F)c3F)c12	0.016226
rxn:5:199106:229296:227460	Cc1c(-c2cnn(C)c2)ccc2nccc(-c3cc4ncn(C)c4cc3F)c12	0.016224
rxn:5:198754:229270:223164	N#Cc1ncc(-c2cc3cnccc3cc2-c2cc(F)c(F)c(NC3CC3)c2)s1	0.016223
rxn:5:198756:229270:223164	N#Cc1ncc(-c2cc3ccncc3cc2-c2cc(F)c(F)c(NC3CC3)c2)s1	0.016223
rxn:5:198667:229270:223164	N#Cc1ncc(-c2cc3cccnc3cc2-c2cc(F)c(F)c(NC3CC3)c2)s1	0.016223
rxn:5:181282:223341:226462	CCc1ccc(-c2cc3ncn(CC)c3cc2F)c(-c2ccc3c(c2)CC(=O)N3)c1	0.016216
rxn:5:198417:229291:223390	Cc1csc(-c2cc3nccc(-c4ccc5cc[nH]c5c4)c3s2)c1	0.016213
rxn:5:195792:228040:228826	Cc1cc(-c2c(-c3ccnc4ccncc34)cncc2C2CC2)c(F)cc1F	0.016212
rxn:5:195792:228040:228825	Cc1cc(F)c(-c2c(-c3ccnc4ccncc34)cncc2C2CC2)cc1F	0.016212
rxn:5:195792:228040:228827	Cc1cc(F)c(F)cc1-c1c(-c2ccnc3ccncc23)cncc1C1CC1	0.016212
rxn:5:195792:228040:228832	Cc1cc(F)c(F)c(-c2c(-c3ccnc4ccncc34)cncc2C2CC2)c1	0.016212
rxn:5:195792:228040:228839	Cc1cc(F)cc(-c2c(-c3ccnc4ccncc34)cncc2C2CC2)c1F	0.016212
rxn:5:182656:228127:228784	COc1cc(-c2c(-c3c(C#N)cccc3OC)ccc3ccoc23)ccc1F	0.016212
rxn:5:182656:228127:228775	COc1ccc(-c2c(-c3c(C#N)cccc3OC)ccc3ccoc23)cc1F	0.016212
rxn:5:189336:229272:223000	COc1ncc(-c2ccc(C(=O)N(C)C3CC3)cc2-c2ccc(C3CCCNC3)c(F)c2)s1	0.016210
rxn:5:176993:229272:227958	CCCC(=O)c1ccc(-c2ccnc(C3CCC3)c2)c(-c2cnc(OC)s2)c1	0.016208
rxn:5:180096:227839:229270	Cc1cccc(C2CC2)c1-c1ccc(OC2CCCC2)c(-c2cnc(C#N)s2)c1	0.016207
rxn:5:198417:223341:228509	CC(C)c1ccc(-c2ccnc3cc(-c4ccc5c(c4)CC(=O)N5)sc23)cc1	0.016200
rxn:5:198417:223341:228508	CC(C)c1cccc(-c2ccnc3cc(-c4ccc5c(c4)CC(=O)N5)sc23)c1	0.016200
rxn:5:198417:223397:227954	c1cc(-c2ccc(C3CCC3)nc2)c2sc(-c3ccc4c(c3)CCN4)cc2n1	0.016198
rxn:5:181904:229270:226593	Cc1c(C2OCCO2)ccc(-c2cnc(C#N)s2)c1-c1c(F)ccc(OC(C)C)c1F	0.016196
rxn:5:181906:229270:226593	Cc1ccc(-c2cnc(C#N)s2)c(C2OCCO2)c1-c1c(F)ccc(OC(C)C)c1F	0.016196
rxn:5:199106:223462:226314	Cc1cc(-c2ccc3nccc(-c4cnn(Cc5ccccc5)c4)c3c2C)n[nH]1	0.016189
rxn:5:181071:228278:228435	COc1cc(C)c(F)cc1-c1c(OC)cccc1-c1c(SC)ccc(F)c1F	0.016187
rxn:5:179840:226140:229311	COc1ccc(C(C)(C)C)cc1-c1ccc(O[C@@H]2CCOC2)cc1-c1cnc(C)s1	0.016187
rxn:5:179840:226154:229311	COc1cc(C(C)(C)C)ccc1-c1ccc(O[C@@H]2CCOC2)cc1-c1cnc(C)s1	0.016187
rxn:5:179400:229272:227279	COc1ncc(-c2cc(C(=O)C3CC3)ccc2-c2cc(C3CC3)nn2C(C)C)s1	0.016178
rxn:5:182654:228597:229217	Cc1cccc(C#N)c1-c1ccc2ccsc2c1-c1ccc(F)cc1	0.016178
rxn:5:182654:228597:229218	Cc1cccc(C#N)c1-c1ccc2ccsc2c1-c1cccc(F)c1	0.016178
rxn:5:194399:229272:223000	COc1ncc(-c2ccc(C(=O)N3CC4CC4C3)cc2-c2ccc(C3CCCNC3)c(F)c2)s1	0.016176
rxn:5:182656:223398:223271	CNCc1ccc(-c2ccc3ccoc3c2-c2ccc(F)c(NC(C)=O)c2)cc1	0.016171
rxn:5:198417:228711:223390	Cc1cnc(C#N)c(-c2cc3nccc(-c4ccc5cc[nH]c5c4)c3s2)c1	0.016168
rxn:5:195460:229065:225853	Cc1cc(-c2ccnc(C#N)c2)cc(-c2ccc(-n3ccnc3C)cc2F)c1C#N	0.016167
rxn:5:195460:229065:225847	Cc1cc(F)ccc1-n1cc(-c2cc(-c3ccnc(C#N)c3)cc(C)c2C#N)cn1	0.016167
rxn:5:179840:228411:223200	COc1ccc(-c2ccc(O[C@@H]3CCOC3)cc2-c2ccc(C3CCNC3)cc2)c(F)c1F	0.016162
rxn:5:181071:226211:228435	COc1cccc(-c2c(SC)ccc(F)c2F)c1-c1ccc2c(c1)CCN2C(C)=O	0.016160
rxn:5:182656:228127:228988	COc1cccc(C#N)c1-c1ccc2ccoc2c1-c1ccc(C)c(C)c1	0.016158
rxn:5:176993:229272:228180	CCCC(=O)c1ccc(-c2ccc(F)c(COC)c2)c(-c2cnc(OC)s2)c1	0.016155
rxn:5:176993:229272:227444	CCCC(=O)c1ccc(-c2cncc(C3CCCO3)c2)c(-c2cnc(OC)s2)c1	0.016149
rxn:5:181282:226747:223263	CCc1ccc(-c2cc(C(=O)NC)ccc2F)c(-c2cnc(CC)c(C(F)(F)F)c2)c1	0.016139
rxn:5:196086:229009:223390	CC(C)c1ccnc(-c2ccc3cc[nH]c3c2)c1-c1cc(C2CC2)cs1	0.016136
rxn:5:199106:229296:227137	CCn1cnc2cc(-c3ccnc4ccc(-c5cnn(C)c5)c(C)c34)ccc21	0.016134
rxn:5:199106:229296:227135	CCn1ncc2cc(-c3ccnc4ccc(-c5cnn(C)c5)c(C)c34)ccc21	0.016134
rxn:5:182656:228597:223271	CC(=O)Nc1cc(-c2c(-c3c(C)cccc3C#N)ccc3ccoc23)ccc1F	0.016134
rxn:5:182656:228581:223271	CC(=O)Nc1cc(-c2c(-c3cccc(C#N)c3C)ccc3ccoc23)ccc1F	0.016134
rxn:5:182656:228574:223271	CC(=O)Nc1cc(-c2c(-c3ccc(C)cc3C#N)ccc3ccoc23)ccc1F	0.016134
rxn:5:182656:228579:223271	CC(=O)Nc1cc(-c2c(-c3cc(C)ccc3C#N)ccc3ccoc23)ccc1F	0.016134
rxn:5:182656:228590:223271	CC(=O)Nc1cc(-c2c(-c3cccc(C)c3C#N)ccc3ccoc23)ccc1F	0.016134
rxn:5:182656:228572:223271	CC(=O)Nc1cc(-c2c(-c3ccc(C)c(C#N)c3)ccc3ccoc23)ccc1F	0.016134
rxn:5:182656:228575:223271	CC(=O)Nc1cc(-c2c(-c3ccc(C#N)c(C)c3)ccc3ccoc23)ccc1F	0.016134
rxn:5:195792:228918:227115	Cc1cc(-c2c(-c3cnccc3C(F)F)cncc2C2CC2)c(F)cc1C1CC1	0.016132
rxn:5:182637:229270:227525	CCc1cnc(C(F)F)cc1-c1cc2ccoc2cc1-c1cnc(C#N)s1	0.016129
rxn:5:195460:226165:229272	COc1ncc(-c2cc(-c3ccnc(-c4ccccc4)c3)cc(C)c2C#N)s1	0.016128
rxn:5:195460:226170:229272	COc1ncc(-c2cc(-c3cccc(-c4ccccn4)c3)cc(C)c2C#N)s1	0.016128
rxn:5:198513:229270:227764	N#Cc1ncc(-c2cc3cc[nH]c3cc2-c2cc(F)c(C(F)F)c(F)c2)s1	0.016128
rxn:5:195792:223269:227115	CC(=O)Nc1ccc(-c2cncc(C3CC3)c2-c2cc(C)c(C3CC3)cc2F)cc1F	0.016127
rxn:5:198417:228103:228455	COc1ncc(-c2ccnc3cc(-c4cnc(CC(C)C)nc4)sc23)c(OC)n1	0.016122
rxn:5:198417:223341:223405	O=C1Cc2cc(-c3cc4nccc(-c5ccc6[nH]cnc6c5)c4s3)ccc2N1	0.016115
rxn:5:179400:229070:223000	COc1ccc(-c2cc(C(=O)C3CC3)ccc2-c2ccc(C3CCCNC3)c(F)c2)cn1	0.016114
rxn:5:198417:223341:228666	O=C1Cc2cc(-c3cc4nccc(-c5ccc6ocnc6c5)c4s3)ccc2N1	0.016110
rxn:5:198417:223341:228665	O=C1Cc2cc(-c3cc4nccc(-c5ccc6ncoc6c5)c4s3)ccc2N1	0.016110
rxn:5:198417:228358:223411	c1cnc2[nH]c(-c3ccnc4cc(-c5cnn(-c6ccoc6)c5)sc34)cc2c1	0.016103
rxn:5:198417:228755:227278	COc1cncc(-c2cc3nccc(-c4ccc(C5(C#N)CC5)nc4)c3s2)c1C	0.016097
rxn:5:181076:228888:228478	CSc1cc(-c2cncc(C(F)(F)F)c2)cc(-c2cc(C#N)ncc2F)c1	0.016094
rxn:5:176993:229272:227448	CCCC(=O)c1ccc(-c2ccc(C3COC3)c(F)c2)c(-c2cnc(OC)s2)c1	0.016089
rxn:5:182637:229071:227668	COc1cc(-c2cc3occc3cc2-c2cc(F)c(OC)c(F)c2C)ccn1	0.016087
rxn:5:194141:229270:228630	CCc1cc(F)cc(-c2cc3[nH]cc(C(=O)OC)c3cc2-c2cnc(C#N)s2)c1	0.016079
rxn:5:199106:229296:227147	Cc1nn(C)c2ccc(-c3ccnc4ccc(-c5cnn(C)c5)c(C)c34)cc12	0.016070
rxn:5:199106:229296:227153	Cc1nn(C)c2cc(-c3ccnc4ccc(-c5cnn(C)c5)c(C)c34)ccc12	0.016070
rxn:5:199106:229296:227154	Cc1c(-c2cnn(C)c2)ccc2nccc(-c3ccc4c(C)n(C)nc4c3)c12	0.016070
rxn:5:199106:229296:227161	Cc1c(-c2cnn(C)c2)ccc2nccc(-c3ccc4nn(C)c(C)c4c3)c12	0.016070
rxn:5:198417:223397:228472	FC(F)(F)c1ccc(-c2ccnc3cc(-c4ccc5c(c4)CCN5)sc23)cn1	0.016070
rxn:5:179400:229272:228054	COc1ncc(-c2cc(C(=O)C3CC3)ccc2-c2cnc3ncccc3c2)s1	0.016067
rxn:5:199106:229296:226465	Cc1c(-c2cnn(C)c2)ccc2nccc(-c3ccc4c(c3)n(C)c(=O)n4C)c12	0.016064
rxn:5:179400:229272:227370	COc1ncc(-c2cc(C(=O)C3CC3)ccc2-c2ccc(OC3CC3)c(F)c2)s1	0.016059
rxn:5:195792:228591:227115	Cc1cc(-c2c(-c3ccncc3C(C)C)cncc2C2CC2)c(F)cc1C1CC1	0.016059
rxn:5:195792:228582:227115	Cc1cc(-c2c(-c3cnccc3C(C)C)cncc2C2CC2)c(F)cc1C1CC1	0.016059
rxn:5:198911:226412:229270	Cc1c[nH]c2cc(-c3cc(F)cc(N4CCCC4)c3)c(-c3cnc(C#N)s3)cc12	0.016057
rxn:5:198913:226412:229270	Cc1cc2c(-c3cc(F)cc(N4CCCC4)c3)cc(-c3cnc(C#N)s3)cc2[nH]1	0.016057
rxn:5:198911:229270:226412	Cc1c[nH]c2cc(-c3cnc(C#N)s3)c(-c3cc(F)cc(N4CCCC4)c3)cc12	0.016057
rxn:5:199106:229297:227137	CCn1cnc2cc(-c3ccnc4ccc(-c5cncnc5)c(C)c34)ccc21	0.016054
rxn:5:199106:229302:227137	CCn1cnc2cc(-c3ccnc4ccc(-c5ccnnc5)c(C)c34)ccc21	0.016054
rxn:5:181076:228888:226594	CSc1cc(-c2cc(C#N)ncc2F)cc(-c2c(F)cc(OC(C)C)cc2F)c1	0.016053
rxn:5:176594:226884:229311	CC(=O)COc1ccc(-c2c(F)cc(C(F)(F)F)cc2F)c(-c2cnc(C)s2)c1	0.016053
rxn:5:182654:229018:229008	Cc1ccnc(C)c1-c1ccc2ccsc2c1-c1ccc(CF)cc1	0.016034
rxn:5:179411:229270:228332	COC(=O)c1cc(-c2cnc(OC)cc2SC)c(-c2cnc(C#N)s2)cc1C	0.016034
rxn:5:181419:229270:226593	CSc1c(-c2cnc(C#N)s2)ccc(C)c1-c1c(F)ccc(OC(C)C)c1F	0.016029
rxn:5:181430:229270:226593	CSc1ccc(-c2cnc(C#N)s2)c(-c2c(F)ccc(OC(C)C)c2F)c1C	0.016029
rxn:5:179400:229053:228821	COCc1ccc(-c2cc(C(=O)C3CC3)ccc2-c2ccc(C)c(F)c2F)s1	0.016025
rxn:5:180564:223251:223462	COC(=O)c1sc2cc(-c3ccc4c(c3)OCC(=O)N4)ccc2c1-c1cc(C)[nH]n1	0.016024
rxn:5:194141:229270:228644	COC(=O)c1c[nH]c2cc(-c3cc(C)c(F)c(C)c3)c(-c3cnc(C#N)s3)cc12	0.016024
rxn:5:198417:228692:223411	CN(C)Cc1ccc(-c2cc3nccc(-c4cc5cccnc5[nH]4)c3s2)s1	0.016017
rxn:5:194141:229270:228131	COC(=O)c1c[nH]c2cc(-c3cc(F)cc(CC#N)c3)c(-c3cnc(C#N)s3)cc12	0.016016
rxn:5:179840:228411:223148	COc1ccc(-c2ccc(O[C@@H]3CCOC3)cc2-c2ccccc2C2CNCCO2)c(F)c1F	0.016012
rxn:5:197125:228252:229270	COc1cc(-c2cnc(C#N)s2)c2nc(-c3c(OC)ccc(C)c3F)sc2c1	0.016010
rxn:5:197125:228272:229270	COc1cc(-c2cnc(C#N)s2)c2nc(-c3ccc(C)c(OC)c3F)sc2c1	0.016010
rxn:5:197122:228259:229270	COc1cc2nc(-c3cnc(C#N)s3)sc2cc1-c1cc(C)cc(OC)c1F	0.016010
rxn:5:197126:228259:229270	COc1cc2sc(-c3cnc(C#N)s3)nc2cc1-c1cc(C)cc(OC)c1F	0.016010
rxn:5:197125:228257:229270	COc1cc(-c2cnc(C#N)s2)c2nc(-c3c(F)cc(C)cc3OC)sc2c1	0.016010
rxn:5:197125:228275:229270	COc1cc(-c2cnc(C#N)s2)c2nc(-c3cc(C)cc(F)c3OC)sc2c1	0.016010
rxn:5:197125:228256:229270	COc1cc(-c2cnc(C#N)s2)c2nc(-c3cc(C)c(F)c(OC)c3)sc2c1	0.016010
rxn:5:197125:228242:229270	COc1cc(-c2cnc(C#N)s2)c2nc(-c3cc(C)c(F)cc3OC)sc2c1	0.016010
rxn:5:197125:228254:229270	COc1cc(-c2cnc(C#N)s2)c2nc(-c3ccc(OC)c(F)c3C)sc2c1	0.016010
rxn:5:197125:228269:229270	COc1cc(-c2cnc(C#N)s2)c2nc(-c3cc(OC)c(C)cc3F)sc2c1	0.016010
rxn:5:197125:228271:229270	COc1cc(-c2cnc(C#N)s2)c2nc(-c3cc(F)c(OC)cc3C)sc2c1	0.016010
rxn:5:197125:228278:229270	COc1cc(-c2cnc(C#N)s2)c2nc(-c3cc(F)c(C)cc3OC)sc2c1	0.016010
rxn:5:197125:228255:229270	COc1cc(-c2cnc(C#N)s2)c2nc(-c3ccc(C)c(F)c3OC)sc2c1	0.016010
rxn:5:197125:228277:229270	COc1cc(-c2cnc(C#N)s2)c2nc(-c3c(OC)ccc(F)c3C)sc2c1	0.016010
rxn:5:197125:228276:229270	COc1cc(-c2cnc(C#N)s2)c2nc(-c3ccc(F)c(C)c3OC)sc2c1	0.016010
rxn:5:179400:229272:222956	COc1ncc(-c2cc(C(=O)C3CC3)ccc2-c2ccc(C)cc2C2CCCNC2)s1	0.016008
rxn:5:179400:229272:222957	COc1ncc(-c2cc(C(=O)C3CC3)ccc2-c2cc(C)cc(C3CCCNC3)c2)s1	0.016008
rxn:5:179400:229272:222959	COc1ncc(-c2cc(C(=O)C3CC3)ccc2-c2ccc(C3CCNCC3)c(C)c2)s1	0.016008
rxn:5:179400:229272:222958	COc1ncc(-c2cc(C(=O)C3CC3)ccc2-c2ccc(C)c(C3CCNCC3)c2)s1	0.016008
rxn:5:198620:223464:225578	CCc1ccc(-n2cc(-c3ccnc4ccc(-c5cc[nH]c5)cc34)cn2)cc1	0.016005
rxn:5:195460:229065:225644	Cc1cccc(-c2ncc(-c3cc(-c4ccnc(C#N)c4)cc(C)c3C#N)cn2)c1	0.016004
rxn:5:198748:228570:228574	Cc1ccc(-c2cc(-c3cncc(C4CC4)c3)c3ccncc3c2)c(C#N)c1	0.016003
rxn:5:196189:223183:227562	CNS(=O)(=O)c1ccc(-c2ccc(C3=NCCO3)cc2-c2c(F)ccc(OC)c2OC)c(C)c1	0.016002
rxn:5:176993:229272:228969	CCCC(=O)c1ccc(-c2cscc2C(F)(F)F)c(-c2cnc(OC)s2)c1	0.015997
rxn:5:199106:223462:226653	Cc1cc(-c2ccc3nccc(-c4cnn(-c5ccc(F)cc5)c4)c3c2C)n[nH]1	0.015994
rxn:5:199106:223462:226660	Cc1cc(-c2ccc3nccc(-c4cnn(-c5ccccc5F)c4)c3c2C)n[nH]1	0.015994
rxn:5:199106:223462:226671	Cc1cc(-c2ccc3nccc(-c4cnn(-c5cccc(F)c5)c4)c3c2C)n[nH]1	0.015994
rxn:5:179400:229272:227086	COc1ncc(-c2cc(C(=O)C3CC3)ccc2-c2ccnc(C3CCCC3)c2)s1	0.015990
rxn:5:192661:223251:223462	Cc1cc(-c2cc(C(=O)c3ccncc3)ccc2-c2ccc3c(c2)OCC(=O)N3)n[nH]1	0.015990
rxn:5:198911:229270:227158	Cc1c[nH]c2cc(-c3cnc(C#N)s3)c(-c3cccc4nn(C)c(C)c34)cc12	0.015984
rxn:5:198443:229296:226200	CC(C)n1cnc2cc(-c3ccnc4scc(-c5cnn(C)c5)c34)ccc21	0.015977
rxn:5:198417:229296:226200	CC(C)n1cnc2cc(-c3ccnc4cc(-c5cnn(C)c5)sc34)ccc21	0.015977
rxn:5:198437:229296:226200	CC(C)n1cnc2cc(-c3ccnc4c(-c5cnn(C)c5)csc34)ccc21	0.015977
rxn:5:198417:223403:223411	c1cnc2[nH]c(-c3ccnc4cc(-c5ccc6cn[nH]c6c5)sc34)cc2c1	0.015977
rxn:5:198417:228546:223411	CCCc1cnccc1-c1cc2nccc(-c3cc4cccnc4[nH]3)c2s1	0.015975
rxn:5:198417:228547:223411	CCCc1ccncc1-c1cc2nccc(-c3cc4cccnc4[nH]3)c2s1	0.015975
rxn:5:198417:228551:223411	CCCc1ncccc1-c1cc2nccc(-c3cc4cccnc4[nH]3)c2s1	0.015975
rxn:5:198417:228549:223411	CCCc1ccc(-c2cc3nccc(-c4cc5cccnc5[nH]4)c3s2)cn1	0.015975
rxn:5:182637:229270:226782	COC(=O)c1cc(F)c(-c2cc3ccoc3cc2-c2cnc(C#N)s2)cc1F	0.015972
rxn:5:182637:229270:226769	COC(=O)c1cc(F)c(F)c(-c2cc3ccoc3cc2-c2cnc(C#N)s2)c1	0.015972
rxn:5:182637:229270:226771	COC(=O)c1cc(F)c(F)cc1-c1cc2ccoc2cc1-c1cnc(C#N)s1	0.015972
rxn:5:182654:228597:223358	CC(=O)Nc1ccc(-c2c(-c3c(C)cccc3C#N)ccc3ccsc23)cc1	0.015972
rxn:5:181071:228858:228435	COc1cccc(-c2c(SC)ccc(F)c2F)c1-c1ccc2nonc2c1	0.015959
rxn:5:194141:229270:228206	COC(=O)c1c[nH]c2cc(-c3cc(F)cc(N(C)C)c3)c(-c3cnc(C#N)s3)cc12	0.015958
rxn:5:176590:229270:226593	CCOC(=O)c1c(-c2cnc(C#N)s2)cccc1-c1c(F)ccc(OC(C)C)c1F	0.015955
rxn:5:176586:229270:226593	CCOC(=O)c1cccc(-c2cnc(C#N)s2)c1-c1c(F)ccc(OC(C)C)c1F	0.015955
rxn:5:179840:226591:229311	Cc1ncc(-c2cc(O[C@@H]3CCOC3)ccc2-c2ccc(OC(C)C)c(F)c2F)s1	0.015954
rxn:5:179840:226596:229311	Cc1ncc(-c2cc(O[C@@H]3CCOC3)ccc2-c2ccc(F)c(OC(C)C)c2F)s1	0.015954
rxn:5:198417:229270:226852	COc1ncc(-c2ccnc3cc(-c4cnc(C#N)s4)sc23)cc1C(F)(F)F	0.015951
rxn:5:198417:229270:226849	COc1nccc(-c2ccnc3cc(-c4cnc(C#N)s4)sc23)c1C(F)(F)F	0.015951
rxn:5:198417:229270:226846	COc1nc(C(F)(F)F)ccc1-c1ccnc2cc(-c3cnc(C#N)s3)sc12	0.015951
rxn:5:198417:229270:226845	COc1ncc(C(F)(F)F)cc1-c1ccnc2cc(-c3cnc(C#N)s3)sc12	0.015951
rxn:5:198417:229270:226851	COc1cc(-c2ccnc3cc(-c4cnc(C#N)s4)sc23)c(C(F)(F)F)cn1	0.015951
rxn:5:198417:229270:226856	COc1cnc(C(F)(F)F)cc1-c1ccnc2cc(-c3cnc(C#N)s3)sc12	0.015951
rxn:5:198417:229270:226855	COc1cc(C(F)(F)F)c(-c2ccnc3cc(-c4cnc(C#N)s4)sc23)cn1	0.015951
rxn:5:195449:223341:226462	CCn1cnc2cc(-c3ccnc(-c4ccc5c(c4)CC(=O)N5)c3C(C)=O)c(F)cc21	0.015951
rxn:5:176594:228381:227916	CC(=O)COc1ccc(-c2c(F)cc(C#N)cc2F)c(-c2ccc(OC3CC3)cc2)c1	0.015949
rxn:5:182656:228989:223271	CC(=O)Nc1cc(-c2c(-c3c(C)cccc3C)ccc3ccoc23)ccc1F	0.015943
rxn:5:198417:223397:227296	c1cc(-c2ccc(OC3CCC3)nc2)c2sc(-c3ccc4c(c3)CCN4)cc2n1	0.015942
rxn:5:182654:228597:223313	Cc1cccc(C#N)c1-c1ccc2ccsc2c1-c1ccc(C2(O)CC2)cc1	0.015939
rxn:5:198620:223464:225646	Cc1cn(-c2ccc(-c3ccnc4ccc(-c5cc[nH]c5)cc34)c(C)c2)cn1	0.015939
rxn:5:197125:228259:229311	COc1cc(-c2cnc(C)s2)c2nc(-c3cc(C)cc(OC)c3F)sc2c1	0.015938
rxn:5:197125:228259:229306	COc1cc(-c2ncc(C)s2)c2nc(-c3cc(C)cc(OC)c3F)sc2c1	0.015938
rxn:5:198748:229009:229199	Cc1ccc(-c2cc(-c3cc(C4CC4)cs3)c3ccncc3c2)cc1	0.015936
rxn:5:198748:229009:229200	Cc1cccc(-c2cc(-c3cc(C4CC4)cs3)c3ccncc3c2)c1	0.015936
rxn:5:198513:229272:223164	COc1ncc(-c2cc3cc[nH]c3cc2-c2cc(F)c(F)c(NC3CC3)c2)s1	0.015933
rxn:5:195324:226646:229057	CSc1ccc(-c2ccc(-c3nnc(C)o3)cc2)c(-c2cnn(C3CC3)c2)n1	0.015932
rxn:5:182656:228774:223271	COc1cccc(F)c1-c1ccc2ccoc2c1-c1ccc(F)c(NC(C)=O)c1	0.015924
rxn:5:182656:228778:223271	COc1cccc(-c2ccc3ccoc3c2-c2ccc(F)c(NC(C)=O)c2)c1F	0.015924
rxn:5:182656:228779:223271	COc1ccc(F)cc1-c1ccc2ccoc2c1-c1ccc(F)c(NC(C)=O)c1	0.015924
rxn:5:182656:228789:223271	COc1cc(F)ccc1-c1ccc2ccoc2c1-c1ccc(F)c(NC(C)=O)c1	0.015924
rxn:5:198417:229009:228977	c1cc(-c2ccc3c(c2)CC3)c2sc(-c3cc(C4CC4)cs3)cc2n1	0.015921
rxn:5:199106:229296:226135	Cc1cc(C#N)c(C2CC2)cc1-c1ccnc2ccc(-c3cnn(C)c3)c(C)c12	0.015915
rxn:5:198748:228574:228574	Cc1ccc(-c2cc(-c3ccc(C)cc3C#N)c3ccncc3c2)c(C#N)c1	0.015913
rxn:5:199106:223464:227172	Cc1c(-c2cc[nH]c2)ccc2nccc(-c3ccc(F)c4cnccc34)c12	0.015912
rxn:5:198525:228127:223271	COc1cccc(C#N)c1-c1ccc2cc[nH]c2c1-c1ccc(F)c(NC(C)=O)c1	0.015899
rxn:5:182654:228597:223130	Cc1cccc(C#N)c1-c1ccc2ccsc2c1-c1ccc(CN2CC(O)C2)cc1	0.015896
rxn:5:195792:228040:228412	COc1cc(-c2c(-c3ccnc4ccncc34)cncc2C2CC2)c(F)cc1F	0.015893
rxn:5:195792:228040:228408	COc1cc(F)c(-c2c(-c3ccnc4ccncc34)cncc2C2CC2)cc1F	0.015893
rxn:5:198244:228040:227115	Cc1cc(-c2c(C)cncc2-c2ccnc3ccncc23)c(F)cc1C1CC1	0.015892
rxn:5:195792:228040:228637	Cc1cc(-c2c(-c3ccnc4ccncc34)cncc2C2CC2)c(C)cc1F	0.015892
rxn:5:198279:228040:227115	Cc1cc(-c2cncc(-c3ccnc4ccncc34)c2C)c(F)cc1C1CC1	0.015892
rxn:5:195792:228040:228641	Cc1cc(F)c(-c2c(-c3ccnc4ccncc34)cncc2C2CC2)cc1C	0.015892
rxn:5:195792:228040:228648	Cc1cc(C)c(F)c(-c2c(-c3ccnc4ccncc34)cncc2C2CC2)c1	0.015892
rxn:5:182654:228597:229199	Cc1ccc(-c2c(-c3c(C)cccc3C#N)ccc3ccsc23)cc1	0.015892
rxn:5:179400:229272:227532	CCOc1ccc(-c2ccc(C(=O)C3CC3)cc2-c2cnc(OC)s2)c(F)c1F	0.015890
rxn:5:179400:229272:227581	CCOc1c(F)ccc(-c2ccc(C(=O)C3CC3)cc2-c2cnc(OC)s2)c1F	0.015890
rxn:5:179400:229272:226329	COc1ncc(-c2cc(C(=O)C3CC3)ccc2-c2ccc(C3(C#N)CC3)c(F)c2)s1	0.015889
rxn:5:181076:225602:229177	CSc1cc(-c2cc(C3(C#N)CCC3)ccc2F)cc(-c2c(F)cncc2F)c1	0.015889
rxn:5:193336:229270:226593	CC(C)Oc1ccc(F)c(-c2c(CN3CCOCC3)cccc2-c2cnc(C#N)s2)c1F	0.015887
rxn:5:182654:228597:228691	CCOc1ccc(-c2c(-c3c(C)cccc3C#N)ccc3ccsc23)cn1	0.015886
rxn:5:182506:229270:225420	CCOc1c(-c2c(C)cccc2-c2cnc(C#N)s2)ccc2ccccc12	0.015886
rxn:5:177191:229272:223000	COc1ncc(-c2cc(-c3ccc(C4CCCNC4)c(F)c3)ccc2CC(=O)C2CC2)s1	0.015878
rxn:5:179554:228977:228435	CCc1c(OC)cc(-c2ccc3c(c2)CC3)cc1-c1c(SC)ccc(F)c1F	0.015871
rxn:5:195792:228040:227911	CCc1ccc(-c2c(-c3ccnc4ccncc34)cncc2C2CC2)cc1C#N	0.015870
rxn:5:197125:227524:229270	COc1cc(-c2cnc(C#N)s2)c2nc(-c3cc(OC)c(C#N)cc3F)sc2c1	0.015869
rxn:5:197125:227518:229270	COc1cc(-c2cnc(C#N)s2)c2nc(-c3ccc(OC)c(C#N)c3F)sc2c1	0.015869
rxn:5:195435:228031:223320	CC(=O)c1cc(-c2cc(C)cc3[nH]ncc23)cc(-c2ccc3nn(C)cc3c2)n1	0.015865
rxn:5:198513:229270:226864	N#Cc1ncc(-c2cc3cc[nH]c3cc2-c2cc(F)c(OC(F)F)c(F)c2)s1	0.015863
rxn:5:195435:227934:223320	CCOc1ccc(C)c(-c2cc(-c3cc(C)cc4[nH]ncc34)cc(C(C)=O)n2)c1	0.015863
rxn:5:179400:229272:226457	COc1ncc(-c2cc(C(=O)C3CC3)ccc2-c2ccc(C3CCOC3)c(F)c2)s1	0.015861
rxn:5:195436:228977:228435	CSc1ccc(F)c(F)c1-c1cc(-c2ccc3c(c2)CC3)cc(C(C)=O)n1	0.015845
rxn:5:198417:223397:228687	CCSc1ccc(-c2ccnc3cc(-c4ccc5c(c4)CCN5)sc23)cn1	0.015839
rxn:5:195324:225625:229057	CSc1ccc(-c2cc(OC3CCCC3)ccc2F)c(-c2cnn(C3CC3)c2)n1	0.015837
rxn:5:179400:229272:223336	COc1ncc(-c2cc(C(=O)C3CC3)ccc2-c2ccc3[nH]ccc3c2F)s1	0.015836
rxn:5:181076:225808:229177	CSc1cc(-c2cc(OC3CCCC3)ncc2F)cc(-c2c(F)cncc2F)c1	0.015836
rxn:5:199106:223466:225644	Cc1cccc(-c2ncc(-c3ccnc4ccc(-c5cn[nH]c5)c(C)c34)cn2)c1	0.015833
rxn:5:177282:227034:229057	CC(C)OCc1ccc(-c2c(C#N)cccc2C2CC2)c(-c2cnn(C3CC3)c2)c1	0.015833
rxn:5:181071:227808:228435	COc1cccc(-c2c(SC)ccc(F)c2F)c1-c1ccc2c(c1)CCCC2	0.015832
rxn:5:195463:226412:223407	Cc1cc(-c2cc(F)cc(N3CCCC3)c2)c(-c2cnc3cc[nH]c3c2)cc1C#N	0.015831
rxn:5:199106:223464:227124	Cc1c(-c2cc[nH]c2)ccc2nccc(-c3ccc(C(C)(C)C)cc3F)c12	0.015824
rxn:5:195792:223136:227115	Cc1cc(-c2c(-c3ccncc3C3CCCNC3)cncc2C2CC2)c(F)cc1C1CC1	0.015823
rxn:5:199106:223466:225508	Cc1c(-c2cn[nH]c2)ccc2nccc(-c3ccc4c(c3)c(C3CC3)nn4C)c12	0.015817
rxn:5:181071:228792:228435	COc1cccc(-c2c(SC)ccc(F)c2F)c1-c1ccc(SC)c(F)c1	0.015817
rxn:5:181071:228798:228435	COc1cccc(-c2c(SC)ccc(F)c2F)c1-c1ccc(F)c(SC)c1	0.015817
rxn:5:198417:229270:227843	N#Cc1ncc(-c2cc3nccc(-c4cncc5ccccc45)c3s2)s1	0.015812
rxn:5:198417:228530:227278	N#CC1(c2ccc(-c3ccnc4cc(-c5ccc6c(c5)OCC6)sc34)cn2)CC1	0.015811
rxn:5:198417:228529:227278	N#CC1(c2ccc(-c3ccnc4cc(-c5ccc6c(c5)CCO6)sc34)cn2)CC1	0.015811
rxn:5:177186:229270:226412	CCOC(=O)c1cc(-c2cc(F)cc(N3CCCC3)c2)c(-c2cnc(C#N)s2)cc1C	0.015809
rxn:5:177186:226412:229270	CCOC(=O)c1cc(-c2cnc(C#N)s2)c(-c2cc(F)cc(N3CCCC3)c2)cc1C	0.015809
rxn:5:193329:228597:229008	Cc1cccc(C#N)c1-c1ccnc(OC2CCCCC2)c1-c1ccc(CF)cc1	0.015809
rxn:5:177086:229272:223000	CCCCc1ccc(-c2ccc(C3CCCNC3)c(F)c2)c(-c2cnc(OC)s2)c1	0.015806
rxn:5:182656:228127:223192	CNS(=O)(=O)c1cc(-c2c(-c3c(C#N)cccc3OC)ccc3ccoc23)ccc1F	0.015800
rxn:5:182656:228127:223191	CNS(=O)(=O)c1ccc(-c2c(-c3c(C#N)cccc3OC)ccc3ccoc23)cc1F	0.015800
rxn:5:194141:229270:227945	COC(=O)c1c[nH]c2cc(-c3ccc(N(C)C)c(C)c3)c(-c3cnc(C#N)s3)cc12	0.015800
rxn:5:194145:228411:229311	COC(=O)c1cc2c(-c3ccc(OC)c(F)c3F)cc(-c3cnc(C)s3)cc2[nH]1	0.015793
rxn:5:194148:228411:229311	COC(=O)c1cc2c(-c3ccc(OC)c(F)c3F)c(-c3cnc(C)s3)ccc2[nH]1	0.015793
rxn:5:198417:228151:228455	COC(=O)c1cccc(-c2cc3nccc(-c4cnc(OC)nc4OC)c3s2)c1	0.015792
rxn:5:181071:228977:226768	COc1cccc(-c2ccc(SC)c(C(F)(F)F)c2)c1-c1ccc2c(c1)CC2	0.015790
rxn:5:182644:228127:223271	COc1cccc(C#N)c1-c1c(-c2ccc(F)c(NC(C)=O)c2)ccc2ccoc12	0.015787
rxn:5:182638:228127:223271	COc1cccc(C#N)c1-c1cc(-c2ccc(F)c(NC(C)=O)c2)cc2ccoc12	0.015787
rxn:5:182635:228127:223271	COc1cccc(C#N)c1-c1ccc(-c2ccc(F)c(NC(C)=O)c2)c2occc12	0.015787
rxn:5:182636:228127:223271	COc1cccc(C#N)c1-c1ccc(-c2ccc(F)c(NC(C)=O)c2)c2ccoc12	0.015787
rxn:5:182646:228127:223271	COc1cccc(C#N)c1-c1ccc2occc2c1-c1ccc(F)c(NC(C)=O)c1	0.015787
rxn:5:182634:228127:223271	COc1cccc(C#N)c1-c1cc(-c2ccc(F)c(NC(C)=O)c2)c2occc2c1	0.015787
rxn:5:182637:228127:223271	COc1cccc(C#N)c1-c1cc2occc2cc1-c1ccc(F)c(NC(C)=O)c1	0.015787
rxn:5:182656:228118:223271	COc1cccc(-c2ccc3ccoc3c2-c2ccc(F)c(NC(C)=O)c2)c1C#N	0.015787
rxn:5:182656:228114:223271	COc1cc(-c2ccc3ccoc3c2-c2ccc(F)c(NC(C)=O)c2)ccc1C#N	0.015787
rxn:5:182656:228128:223271	COc1ccc(-c2ccc3ccoc3c2-c2ccc(F)c(NC(C)=O)c2)cc1C#N	0.015787
rxn:5:182656:228112:223271	COc1ccc(C#N)cc1-c1ccc2ccoc2c1-c1ccc(F)c(NC(C)=O)c1	0.015787
rxn:5:182656:228126:223271	COc1ccc(-c2ccc3ccoc3c2-c2ccc(F)c(NC(C)=O)c2)c(C#N)c1	0.015787
rxn:5:182656:228129:223271	COc1cc(C#N)ccc1-c1ccc2ccoc2c1-c1ccc(F)c(NC(C)=O)c1	0.015787
rxn:5:182656:228145:223271	COc1ccc(C#N)c(-c2ccc3ccoc3c2-c2ccc(F)c(NC(C)=O)c2)c1	0.015787
rxn:5:182656:228127:223269	COc1cccc(C#N)c1-c1ccc2ccoc2c1-c1ccc(NC(C)=O)c(F)c1	0.015787
rxn:5:182656:228127:223270	COc1cccc(C#N)c1-c1ccc2ccoc2c1-c1ccc(F)cc1NC(C)=O	0.015787
rxn:5:198620:223464:225510	COc1ccc(-c2ccnc3ccc(-c4cc[nH]c4)cc23)c2ccc(C)nc12	0.015785
rxn:5:195792:228040:228214	Fc1cc(C2CC2)ncc1-c1c(-c2ccnc3ccncc23)cncc1C1CC1	0.015784
rxn:5:195792:228040:228218	Fc1cnc(C2CC2)cc1-c1c(-c2ccnc3ccncc23)cncc1C1CC1	0.015784
rxn:5:176993:229159:223000	CCCC(=O)c1ccc(-c2ccc(C3CCCNC3)c(F)c2)c(-c2cnc(OC)nc2)c1	0.015782
rxn:5:176993:229162:223000	CCCC(=O)c1ccc(-c2ccc(C3CCCNC3)c(F)c2)c(-c2cnc(OC)cn2)c1	0.015782
rxn:5:176993:229161:223000	CCCC(=O)c1ccc(-c2ccc(C3CCCNC3)c(F)c2)c(-c2cncnc2OC)c1	0.015782
rxn:5:197491:229270:228332	CCc1c[nH]c2cc(-c3cnc(OC)cc3SC)c(-c3cnc(C#N)s3)cc12	0.015781
rxn:5:197760:223464:223421	CNC(C)c1ccc(-c2nc3ccc(-c4cc[nH]c4)cc3cc2C(C)C)s1	0.015771
rxn:5:197758:223464:223421	CNC(C)c1ccc(-c2cc(C(C)C)nc3ccc(-c4cc[nH]c4)cc23)s1	0.015771
rxn:5:191912:223341:226462	CCn1cnc2cc(-c3cnc(OC)c(OC)c3-c3ccc4c(c3)CC(=O)N4)c(F)cc21	0.015770
rxn:5:176993:229270:223000	CCCC(=O)c1ccc(-c2ccc(C3CCCNC3)c(F)c2)c(-c2cnc(C#N)s2)c1	0.015769
rxn:5:198417:223341:227706	COc1cnc(C(F)F)c(-c2ccnc3cc(-c4ccc5c(c4)CC(=O)N5)sc23)c1	0.015768
rxn:5:195792:228546:227115	CCCc1cnccc1-c1cncc(C2CC2)c1-c1cc(C)c(C2CC2)cc1F	0.015766
rxn:5:195792:228547:227115	CCCc1ccncc1-c1cncc(C2CC2)c1-c1cc(C)c(C2CC2)cc1F	0.015766
rxn:5:199106:223466:226219	Cc1ccc2ccc(-c3ccnc4ccc(-c5cn[nH]c5)c(C)c34)c(F)c2n1	0.015765
rxn:5:198911:228711:228332	COc1cc(SC)c(-c2cc3c(C)c[nH]c3cc2-c2cc(C)cnc2C#N)cn1	0.015765
rxn:5:198911:228714:228332	COc1cc(SC)c(-c2cc3c(C)c[nH]c3cc2-c2cnc(C#N)cc2C)cn1	0.015765
rxn:5:198911:228718:228332	COc1cc(SC)c(-c2cc3c(C)c[nH]c3cc2-c2cc(C#N)cnc2C)cn1	0.015765
rxn:5:198911:228719:228332	COc1cc(SC)c(-c2cc3c(C)c[nH]c3cc2-c2cc(C#N)ncc2C)cn1	0.015765
rxn:5:197427:228259:229270	COc1ccc2c(-c3cc(C)cc(OC)c3F)c(-c3cnc(C#N)s3)cnc2c1	0.015761
rxn:5:197125:228259:229060	COc1cc(-c2ccc(C#N)nc2)c2nc(-c3cc(C)cc(OC)c3F)sc2c1	0.015761
rxn:5:197431:228259:229270	COc1ccc2cc(-c3cc(C)cc(OC)c3F)c(-c3cnc(C#N)s3)nc2c1	0.015761
rxn:5:182654:229201:229008	Cc1ccccc1-c1ccc2ccsc2c1-c1ccc(CF)cc1	0.015759
rxn:5:179400:228882:223000	COc1ncc(-c2cc(C(=O)C3CC3)ccc2-c2ccc(C3CCCNC3)c(F)c2)c(C)n1	0.015758
rxn:5:196798:229270:228455	COc1ncc(-c2cc(-c3cncc(C)c3)cc(-c3cnc(C#N)s3)c2)c(OC)n1	0.015755
rxn:5:196770:229270:228455	COc1ncc(-c2cc(-c3cnc(C#N)s3)ncc2-c2ccc(C)cc2)c(OC)n1	0.015755
rxn:5:180096:225870:229270	N#Cc1ncc(-c2cc(-c3cc(F)cc(N4CCOCC4)c3)ccc2OC2CCCC2)s1	0.015752
rxn:5:198417:229132:227278	N#CC1(c2ccc(-c3ccnc4cc(-c5ccc(F)c(F)c5)sc34)cn2)CC1	0.015749
rxn:5:197125:227982:229270	COc1cc(-c2cnc(C#N)s2)c2nc(-c3cc(C)cc(OC)c3C)sc2c1	0.015745
rxn:5:197125:227979:229270	COc1cc(-c2cnc(C#N)s2)c2nc(-c3c(C)cc(C)cc3OC)sc2c1	0.015745
rxn:5:197125:227995:229270	COc1cc(-c2cnc(C#N)s2)c2nc(-c3cc(C)cc(C)c3OC)sc2c1	0.015745
rxn:5:197125:228000:229270	COc1cc(-c2cnc(C#N)s2)c2nc(-c3cc(C)c(C)cc3OC)sc2c1	0.015745
rxn:5:197125:227977:229270	COc1cc(-c2cnc(C#N)s2)c2nc(-c3cc(C)c(OC)cc3C)sc2c1	0.015745
rxn:5:197125:228006:229270	COc1cc(-c2cnc(C#N)s2)c2nc(-c3cc(OC)c(C)cc3C)sc2c1	0.015745
rxn:5:197125:227984:229270	COc1cc(-c2cnc(C#N)s2)c2nc(-c3ccc(OC)c(C)c3C)sc2c1	0.015745
rxn:5:177283:229272:223000	COc1ncc(-c2cc(COC(C)C)ccc2-c2ccc(C3CCCNC3)c(F)c2)s1	0.015745
rxn:5:198417:229270:226769	COC(=O)c1cc(F)c(F)c(-c2ccnc3cc(-c4cnc(C#N)s4)sc23)c1	0.015742
rxn:5:198401:227034:229057	N#Cc1cccc(C2CC2)c1-c1cccc2sc(-c3cnn(C4CC4)c3)nc12	0.015739
rxn:5:181071:226966:228435	COc1cccc(-c2c(SC)ccc(F)c2F)c1-c1ccc2c(c1)C(=O)CCC2	0.015739
rxn:5:181071:226969:228435	COc1cccc(-c2c(SC)ccc(F)c2F)c1-c1ccc2c(c1)CCCC2=O	0.015739
rxn:5:182637:229270:226603	COC(=O)c1cc(F)c(C)c(-c2cc3ccoc3cc2-c2cnc(C#N)s2)c1	0.015736
rxn:5:199106:223462:226365	Cc1ccc(-n2cc(-c3ccnc4ccc(-c5cc(C)[nH]n5)c(C)c34)cn2)cc1	0.015735
rxn:5:199106:223462:226381	Cc1cccc(-n2cc(-c3ccnc4ccc(-c5cc(C)[nH]n5)c(C)c34)cn2)c1	0.015735
rxn:5:199106:223462:226357	Cc1cnn(-c2ccc(-c3ccnc4ccc(-c5cc(C)[nH]n5)c(C)c34)cc2)c1	0.015735
rxn:5:199106:223462:226369	Cc1cc(-c2ccc3nccc(-c4cnn(-c5ccccc5C)c4)c3c2C)n[nH]1	0.015735
rxn:5:181071:226971:228435	COc1cccc(-c2c(SC)ccc(F)c2F)c1-c1ccc2c(c1)CCCOC2	0.015735
rxn:5:176993:229272:227320	CCCC(=O)c1ccc(-c2c(OC)cccc2N(C)C)c(-c2cnc(OC)s2)c1	0.015733
rxn:5:192651:223464:223421	CNC(C)c1ccc(-c2cc(C(=O)c3ccc(-c4cc[nH]c4)cc3)ccn2)s1	0.015732
rxn:5:179400:229272:225884	COc1ncc(-c2cc(C(=O)C3CC3)ccc2-c2ccc(C3COCCO3)c(F)c2)s1	0.015731
rxn:5:198417:223397:227946	CC(C)(C)c1ccc(-c2ccnc3cc(-c4ccc5c(c4)CCN5)sc23)cn1	0.015730
rxn:5:198417:223341:228033	Cn1cnc2ccc(-c3ccnc4cc(-c5ccc6c(c5)CC(=O)N6)sc34)cc21	0.015730
rxn:5:198417:223341:228029	Cn1cc2ccc(-c3ccnc4cc(-c5ccc6c(c5)CC(=O)N6)sc34)cc2n1	0.015730
rxn:5:198417:223341:228031	Cn1cc2cc(-c3ccnc4cc(-c5ccc6c(c5)CC(=O)N6)sc34)ccc2n1	0.015730
rxn:5:198417:223341:228038	Cn1cnc2cc(-c3ccnc4cc(-c5ccc6c(c5)CC(=O)N6)sc34)ccc21	0.015730
rxn:5:198417:223341:228030	Cn1ncc2cc(-c3ccnc4cc(-c5ccc6c(c5)CC(=O)N6)sc34)ccc21	0.015730
rxn:5:198417:223341:228045	Cn1ccc2ncc(-c3ccnc4cc(-c5ccc6c(c5)CC(=O)N6)sc34)cc21	0.015730
rxn:5:198417:223341:228026	Cn1ncc2ccc(-c3ccnc4cc(-c5ccc6c(c5)CC(=O)N6)sc34)cc21	0.015730
rxn:5:179400:228228:228821	COc1ncc(C)c(-c2cc(C(=O)C3CC3)ccc2-c2ccc(C)c(F)c2F)c1C	0.015714
rxn:5:180096:227819:229270	CCc1cc(CC)cc(-c2ccc(OC3CCCC3)c(-c3cnc(C#N)s3)c2)c1	0.015709
rxn:5:180096:226452:229270	N#Cc1ncc(-c2cc(-c3ccc(C4OCCCO4)cc3)ccc2OC2CCCC2)s1	0.015707
rxn:5:198417:223341:227909	CCC(C)c1cc(-c2ccnc3cc(-c4ccc5c(c4)CC(=O)N5)sc23)ccn1	0.015707
rxn:5:198417:223341:227910	CCC(C)c1ccc(-c2ccnc3cc(-c4ccc5c(c4)CC(=O)N5)sc23)cn1	0.015707
rxn:5:199106:223464:227077	CCC(C)c1ccc(-c2ccnc3ccc(-c4cc[nH]c4)c(C)c23)c(F)c1	0.015706
rxn:5:198911:229231:228332	CCc1ncc(-c2cc3[nH]cc(C)c3cc2-c2cnc(OC)cc2SC)s1	0.015702
rxn:5:195792:228040:226729	c1cc2nccc(-c3cncc(C4CC4)c3-c3cnc(OC4CCOC4)nc3)c2cn1	0.015702
rxn:5:176993:229272:222986	CCCC(=O)c1ccc(-c2cc(C)nc(C3CCCNC3)c2)c(-c2cnc(OC)s2)c1	0.015701
rxn:5:176993:229272:222985	CCCC(=O)c1ccc(-c2ccc(C3CCCNC3)nc2C)c(-c2cnc(OC)s2)c1	0.015701
rxn:5:182506:228754:226593	CSc1ncc(-c2cccc(C)c2-c2c(F)ccc(OC(C)C)c2F)cc1C	0.015698
rxn:5:182822:229270:228332	COc1cc(SC)c(-c2ccc3ccccc3c2-c2cnc(C#N)s2)cn1	0.015687
rxn:5:198417:223397:228048	Cn1ccc2cc(-c3ccnc4cc(-c5ccc6c(c5)CCN6)sc34)cnc21	0.015687
rxn:5:198417:223397:227771	FC(F)(F)Oc1ccc(-c2ccnc3cc(-c4ccc5c(c4)CCN5)sc23)cn1	0.015684
rxn:5:179400:229272:227054	COc1ncc(-c2cc(C(=O)C3CC3)ccc2-c2ccc(C3CC3)c(OC)c2)s1	0.015684
rxn:5:179400:229272:227055	COc1ncc(-c2cc(C(=O)C3CC3)ccc2-c2ccc(OC)c(C3CC3)c2)s1	0.015684
rxn:5:176767:228990:223411	CCCc1ccc(-c2ccc(-c3cc4cccnc4[nH]3)c(CCOC)c2)s1	0.015669
rxn:5:198417:229009:228529	c1cc(-c2ccc3c(c2)CCO3)c2sc(-c3cc(C4CC4)cs3)cc2n1	0.015669
rxn:5:198417:229009:228530	c1cc(-c2ccc3c(c2)OCC3)c2sc(-c3cc(C4CC4)cs3)cc2n1	0.015669
rxn:5:195792:228040:228513	c1ccc(C2CC2)c(-c2c(-c3ccnc4ccncc34)cncc2C2CC2)c1	0.015668
rxn:5:198417:229086:223411	CC(=O)c1ccc(-c2cc3nccc(-c4cc5cccnc5[nH]4)c3s2)s1	0.015663
rxn:5:194141:229270:228395	COC(=O)c1c[nH]c2cc(-c3cc(F)c(F)cc3OC)c(-c3cnc(C#N)s3)cc12	0.015662
rxn:5:196338:229270:229088	CC(=O)c1csc(-c2ccccc2-c2cnccc2-c2cnc(C#N)s2)c1	0.015662
rxn:5:181071:228620:228435	COc1cccc(-c2c(SC)ccc(F)c2F)c1-c1ccc(SC)c(C)c1	0.015661
rxn:5:181071:228624:228435	COc1cccc(-c2c(SC)ccc(F)c2F)c1-c1ccc(C)c(SC)c1	0.015661
rxn:5:198679:229296:226200	CC(C)n1cnc2cc(-c3ccnc4cccc(-c5cnn(C)c5)c34)ccc21	0.015659
rxn:5:198622:229296:226200	CC(C)n1cnc2cc(-c3ccnc4cc(-c5cnn(C)c5)ccc34)ccc21	0.015659
rxn:5:198684:229296:226200	CC(C)n1cnc2cc(-c3c(-c4cnn(C)c4)ccc4ncccc34)ccc21	0.015659
rxn:5:198621:229296:226200	CC(C)n1cnc2cc(-c3ccnc4c(-c5cnn(C)c5)cccc34)ccc21	0.015659
rxn:5:198653:229296:226200	CC(C)n1cnc2cc(-c3cccc4nccc(-c5cnn(C)c5)c34)ccc21	0.015659
rxn:5:198620:229296:226200	CC(C)n1cnc2cc(-c3ccnc4ccc(-c5cnn(C)c5)cc34)ccc21	0.015659
rxn:5:198646:229296:226200	CC(C)n1cnc2cc(-c3ccc4nccc(-c5cnn(C)c5)c4c3)ccc21	0.015659
rxn:5:198652:229296:226200	CC(C)n1cnc2cc(-c3cccc4ccnc(-c5cnn(C)c5)c34)ccc21	0.015659
rxn:5:198655:229296:226200	CC(C)n1cnc2cc(-c3ccc4c(-c5cnn(C)c5)ccnc4c3)ccc21	0.015659
rxn:5:198682:229296:226200	CC(C)n1cnc2cc(-c3ccc4ncccc4c3-c3cnn(C)c3)ccc21	0.015659
rxn:5:198667:229296:226200	CC(C)n1cnc2cc(-c3cc4ncccc4cc3-c3cnn(C)c3)ccc21	0.015659
rxn:5:198661:229296:226200	CC(C)n1cnc2cc(-c3cccc4c(-c5cnn(C)c5)nccc34)ccc21	0.015659
rxn:5:198627:229296:226200	CC(C)n1cnc2cc(-c3c(-c4cnn(C)c4)cnc4ccccc34)ccc21	0.015659
rxn:5:198651:229296:226200	CC(C)n1cnc2cc(-c3ccc4cccnc4c3-c3cnn(C)c3)ccc21	0.015659
rxn:5:179400:229272:226420	COc1ncc(-c2cc(C(=O)C3CC3)ccc2-c2ccc(F)c(N3CCCC3)c2)s1	0.015658
rxn:5:179400:229272:226431	COc1ncc(-c2cc(C(=O)C3CC3)ccc2-c2ccc(N3CCCC3)c(F)c2)s1	0.015658
rxn:5:198417:223341:228023	O=C1Cc2cc(-c3cc4nccc(-c5ccc6nccnc6c5)c4s3)ccc2N1	0.015654
rxn:5:198417:223341:228027	O=C1Cc2cc(-c3cc4nccc(-c5ccc6cncnc6c5)c4s3)ccc2N1	0.015654
rxn:5:198911:229270:228419	CSc1cc(F)c(-c2cc3c(C)c[nH]c3cc2-c2cnc(C#N)s2)cc1F	0.015652
rxn:5:198911:229270:227115	Cc1cc(-c2cc3c(C)c[nH]c3cc2-c2cnc(C#N)s2)c(F)cc1C1CC1	0.015652
rxn:5:198417:227290:223411	CN(C)C(=O)c1cccc(-c2cc3nccc(-c4cc5cccnc5[nH]4)c3s2)c1	0.015649
rxn:5:198417:223341:223183	CNS(=O)(=O)c1ccc(-c2ccnc3cc(-c4ccc5c(c4)CC(=O)N5)sc23)c(C)c1	0.015648
rxn:5:182650:223397:227278	N#CC1(c2ccc(-c3cccc4cc(-c5ccc6c(c5)CCN6)sc34)cn2)CC1	0.015648
rxn:5:198417:223397:227021	N#CC1(c2ccc(-c3ccnc4cc(-c5ccc6c(c5)CCN6)sc34)cc2)CC1	0.015648
rxn:5:198417:223397:227028	N#CC1(c2cccc(-c3ccnc4cc(-c5ccc6c(c5)CCN6)sc34)c2)CC1	0.015648
rxn:5:198417:223397:227027	N#CC1(c2ccccc2-c2ccnc3cc(-c4ccc5c(c4)CCN5)sc23)CC1	0.015648
rxn:5:193054:229270:226593	CC(C)Oc1ccc(F)c(-c2c(C(=O)N3CCCC3)cccc2-c2cnc(C#N)s2)c1F	0.015647
rxn:5:176993:229306:223000	CCCC(=O)c1ccc(-c2ccc(C3CCCNC3)c(F)c2)c(-c2ncc(C)s2)c1	0.015637
rxn:5:176993:229311:223000	CCCC(=O)c1ccc(-c2ccc(C3CCCNC3)c(F)c2)c(-c2cnc(C)s2)c1	0.015637
rxn:5:179197:225939:229270	CC(C)c1cc(-c2ccc(OC3CC3)c(-c3cnc(C#N)s3)c2)cnc1C(F)(F)F	0.015636
rxn:5:198417:223397:223139	c1cc(-c2ccc(C3CCNCC3)nc2)c2sc(-c3ccc4c(c3)CCN4)cc2n1	0.015636
rxn:5:181071:227209:228435	COc1cccc(-c2c(SC)ccc(F)c2F)c1-c1ccc2c(c1)OC(C)(C)O2	0.015634
rxn:5:196189:223183:223134	CNS(=O)(=O)c1ccc(-c2ccc(C3=NCCO3)cc2-c2cnccc2C2CCCNC2)c(C)c1	0.015634
rxn:5:182656:228605:223271	COc1c(C)cccc1-c1ccc2ccoc2c1-c1ccc(F)c(NC(C)=O)c1	0.015630
rxn:5:182656:228617:223271	COc1cccc(C)c1-c1ccc2ccoc2c1-c1ccc(F)c(NC(C)=O)c1	0.015630
rxn:5:182656:228612:223271	COc1cccc(-c2ccc3ccoc3c2-c2ccc(F)c(NC(C)=O)c2)c1C	0.015630
rxn:5:182656:228609:223271	COc1cc(-c2ccc3ccoc3c2-c2ccc(F)c(NC(C)=O)c2)ccc1C	0.015630
rxn:5:198417:223341:223136	O=C1Cc2cc(-c3cc4nccc(-c5ccncc5C5CCCNC5)c4s3)ccc2N1	0.015629
rxn:5:176593:223464:226695	CCOC(=O)c1cc(-c2ccc(-c3cncs3)cc2F)ccc1-c1cc[nH]c1	0.015628
rxn:5:198417:229009:223231	CNC(=O)c1ccc(-c2ccnc3cc(-c4cc(C5CC5)cs4)sc23)cc1C	0.015625
rxn:5:194359:223464:223421	CCCc1cc(-c2ccc(C(C)NC)s2)c2cc(-c3cc[nH]c3)ccc2n1	0.015616
rxn:5:198446:228127:223271	COc1cccc(C#N)c1-c1ccc2cnsc2c1-c1ccc(F)c(NC(C)=O)c1	0.015614
rxn:5:195792:228040:227284	N#Cc1cc(-c2c(-c3ccnc4ccncc34)cncc2C2CC2)c(C2CC2)cn1	0.015609
rxn:5:179400:229272:227355	CCOc1ccc(C)c(F)c1-c1ccc(C(=O)C2CC2)cc1-c1cnc(OC)s1	0.015607
rxn:5:195792:228040:228269	COc1cc(-c2c(-c3ccnc4ccncc34)cncc2C2CC2)c(F)cc1C	0.015606
rxn:5:195792:228040:228271	COc1cc(C)c(-c2c(-c3ccnc4ccncc34)cncc2C2CC2)cc1F	0.015606
rxn:5:195312:228040:227115	COc1cncc(-c2ccnc3ccncc23)c1-c1cc(C)c(C2CC2)cc1F	0.015606
rxn:5:195364:228040:227115	COc1c(-c2cc(C)c(C3CC3)cc2F)cncc1-c1ccnc2ccncc12	0.015606
rxn:5:195792:228040:228242	COc1cc(F)c(C)cc1-c1c(-c2ccnc3ccncc23)cncc1C1CC1	0.015606
rxn:5:195792:228040:228278	COc1cc(C)c(F)cc1-c1c(-c2ccnc3ccncc23)cncc1C1CC1	0.015606
rxn:5:181282:223302:223263	CCc1ccc(-c2cc(C(=O)NC)ccc2F)c(-c2c(C)ccc3[nH]ccc23)c1	0.015603
rxn:5:189538:229272:223000	COc1ncc(-c2ccc(C(=O)N(C)C(C)C)cc2-c2ccc(C3CCCNC3)c(F)c2)s1	0.015600
rxn:5:198513:229270:226711	N#Cc1ncc(-c2cc3cc[nH]c3cc2-c2ccc3cnn(C(F)F)c3c2)s1	0.015597
rxn:5:179840:226341:229311	COc1cc(F)c(C(C)C)cc1-c1ccc(O[C@@H]2CCOC2)cc1-c1cnc(C)s1	0.015597
rxn:5:198417:228541:227278	N#CC1(c2ccc(-c3ccnc4cc(-c5ccc6c(c5)COC6)sc34)cn2)CC1	0.015596
rxn:5:199106:229296:227427	Cc1c(-c2cnn(C)c2)ccc2nccc(-c3cccnc3-c3ccoc3)c12	0.015594
rxn:5:196189:223183:226662	CNS(=O)(=O)c1ccc(-c2ccc(C3=NCCO3)cc2-c2ccc(N3CCN(C)CC3)s2)c(C)c1	0.015593
rxn:5:176594:228381:228338	CC(=O)COc1ccc(-c2c(F)cc(C#N)cc2F)c(-c2cnc(OC3CCC3)s2)c1	0.015591
rxn:5:198443:223464:226695	Fc1cc(-c2cncs2)ccc1-c1ccnc2scc(-c3cc[nH]c3)c12	0.015591
rxn:5:198417:223464:226695	Fc1cc(-c2cncs2)ccc1-c1ccnc2cc(-c3cc[nH]c3)sc12	0.015591
rxn:5:198437:223464:226695	Fc1cc(-c2cncs2)ccc1-c1ccnc2c(-c3cc[nH]c3)csc12	0.015591
rxn:5:198414:223464:226695	Fc1cc(-c2cncs2)ccc1-c1nccc2scc(-c3cc[nH]c3)c12	0.015591
rxn:5:198417:223397:223056	OC1CCN(c2ccc(-c3ccnc4cc(-c5ccc6c(c5)CCN6)sc34)cn2)CC1	0.015588
rxn:5:198417:228868:223411	COC(=O)c1ccc(-c2cc3nccc(-c4cc5cccnc5[nH]4)c3s2)s1	0.015584
rxn:5:195792:228040:228520	Cc1cc(C)c(-c2c(-c3ccnc4ccncc34)cncc2C2CC2)cc1C	0.015578
rxn:5:181282:228525:223263	CCc1ccc(-c2cc(C(=O)NC)ccc2F)c(-c2cc3ccccc3s2)c1	0.015576
rxn:5:195324:227034:226571	CSc1ccc(-c2c(C#N)cccc2C2CC2)c(-c2cnn(CC3CCOCC3)c2)n1	0.015568
rxn:5:198417:229082:223390	CN(C)c1csc(-c2cc3nccc(-c4ccc5cc[nH]c5c4)c3s2)c1	0.015565
rxn:5:198417:223341:227326	COC(=O)c1ccc(C)c(-c2ccnc3cc(-c4ccc5c(c4)CC(=O)N5)sc23)c1	0.015561
rxn:5:179400:229272:227447	COc1ncc(-c2cc(C(=O)C3CC3)ccc2-c2c(F)ccc(C3CC3)c2F)s1	0.015559
rxn:5:176993:229272:228165	CCCC(=O)c1ccc(-c2cc(OCC)ccc2F)c(-c2cnc(OC)s2)c1	0.015555
rxn:5:179400:229272:227661	COc1ncc(-c2cc(C(=O)C3CC3)ccc2-c2ccc(C(F)(F)F)cc2C)s1	0.015542
rxn:5:179400:229272:227660	COc1ncc(-c2cc(C(=O)C3CC3)ccc2-c2cc(C(F)(F)F)ccc2C)s1	0.015542
rxn:5:198417:223341:226664	O=C1Cc2cc(-c3cc4nccc(-c5cc(N6CCCC6)ncc5F)c4s3)ccc2N1	0.015540
rxn:5:198417:223341:226679	O=C1Cc2cc(-c3cc4nccc(-c5cnc(N6CCCC6)cc5F)c4s3)ccc2N1	0.015540
rxn:5:195792:228323:227115	CCOc1nccc(-c2cncc(C3CC3)c2-c2cc(C)c(C3CC3)cc2F)c1F	0.015516
rxn:5:193331:229296:226200	CC(C)n1cnc2cc(-c3cc(-c4cnn(C)c4)ccc3CN3CCOCC3)ccc21	0.015515
rxn:5:182637:229226:227668	COc1c(F)cc(-c2cc3ccoc3cc2-c2ccc(C#N)s2)c(C)c1F	0.015502
rxn:5:182637:229230:227668	COc1c(F)cc(-c2cc3ccoc3cc2-c2cc(C#N)cs2)c(C)c1F	0.015502
rxn:5:199106:223135:229061	Cc1c(-c2cccnc2C2CCCNC2)ccc2nccc(-c3cnn(C(C)C)c3)c12	0.015502
rxn:5:199106:223136:229061	Cc1c(-c2ccncc2C2CCCNC2)ccc2nccc(-c3cnn(C(C)C)c3)c12	0.015502
rxn:5:198637:229272:223000	COc1ncc(-c2ccc(-c3ccc(C4CCCNC4)c(F)c3)c3cnccc23)s1	0.015500
rxn:5:198642:229272:223000	COc1ncc(-c2cc(-c3ccc(C4CCCNC4)c(F)c3)cc3ccncc23)s1	0.015500
rxn:5:198682:229272:223000	COc1ncc(-c2c(-c3ccc(C4CCCNC4)c(F)c3)ccc3ncccc23)s1	0.015500
rxn:5:198646:229272:223000	COc1ncc(-c2ccnc3ccc(-c4ccc(C5CCCNC5)c(F)c4)cc23)s1	0.015500
rxn:5:196765:223466:227137	CCn1cnc2cc(-c3cc(-c4ccc(-c5cn[nH]c5)c(C)c4)ccn3)ccc21	0.015499
rxn:5:199106:223466:225580	CCn1cc(-c2cccc(-c3ccnc4ccc(-c5cn[nH]c5)c(C)c34)c2)cn1	0.015499
rxn:5:197567:229270:229088	CCc1cc(-c2cc(C(C)=O)cs2)c2cc(-c3cnc(C#N)s3)ccc2n1	0.015499
rxn:5:196189:223183:228672	CNS(=O)(=O)c1ccc(-c2ccc(C3=NCCO3)cc2-c2ccc3cnoc3c2)c(C)c1	0.015498
rxn:5:182656:228127:223229	COc1cccc(C#N)c1-c1ccc2ccoc2c1-c1cc(NC(C)=O)ccc1C	0.015498
rxn:5:182656:228127:223230	COc1cccc(C#N)c1-c1ccc2ccoc2c1-c1ccc(NC(C)=O)cc1C	0.015498
rxn:5:196915:229270:223263	CNC(=O)c1ccc(F)c(-c2ccc(-n3c(C)ccc3C)cc2-c2cnc(C#N)s2)c1	0.015496
rxn:5:194139:229272:228821	COc1ncc(-c2cc3c(OC(C)=O)c[nH]c3cc2-c2ccc(C)c(F)c2F)s1	0.015495
rxn:5:198921:229270:226412	Cn1cc(-c2cnc(C#N)s2)c2c(-c3cc(F)cc(N4CCCC4)c3)cccc21	0.015494
rxn:5:181071:228977:226218	COc1cccc(-c2c(F)ccc3ccc(C)nc23)c1-c1ccc2c(c1)CC2	0.015489
rxn:5:177275:229272:223000	COc1ncc(-c2cc(OCC(C)C)ccc2-c2ccc(C3CCCNC3)c(F)c2)s1	0.015489
rxn:5:198513:229270:226060	N#Cc1ncc(-c2cc3cc[nH]c3cc2-c2cc(C3CC3)cc(C3CC3)c2)s1	0.015487
rxn:5:195792:228040:227948	Cc1ncc(C2CC2)cc1-c1c(-c2ccnc3ccncc23)cncc1C1CC1	0.015485
rxn:5:195792:228040:227959	Cc1cnc(C2CC2)c(-c2c(-c3ccnc4ccncc34)cncc2C2CC2)c1	0.015485
rxn:5:179550:228977:228435	CSc1ccc(F)c(F)c1-c1cccc(OC(C)C)c1-c1ccc2c(c1)CC2	0.015485
rxn:5:179549:228977:228435	CSc1ccc(F)c(F)c1-c1c(OC(C)C)cccc1-c1ccc2c(c1)CC2	0.015485
rxn:5:193228:229270:226412	N#Cc1ncc(-c2cc(C(=O)N3CCSCC3)cc(-c3cc(F)cc(N4CCCC4)c3)c2)s1	0.015479
rxn:5:198659:227034:229057	N#Cc1cccc(C2CC2)c1-c1cc2ccccc2nc1-c1cnn(C2CC2)c1	0.015477
rxn:5:176859:223464:226695	COC(=O)c1cc(OC)c(-c2cc[nH]c2)cc1-c1ccc(-c2cncs2)cc1F	0.015477
rxn:5:198417:229009:228541	c1cc(-c2ccc3c(c2)COC3)c2sc(-c3cc(C4CC4)cs3)cc2n1	0.015475
rxn:5:181744:228888:229177	N#Cc1cc(-c2cc(-c3ccccc3)cc(-c3c(F)cncc3F)c2)c(F)cn1	0.015469
rxn:5:195522:229270:226454	CCc1cc(-c2cc(-c3ccc(F)cc3)cs2)c(-c2cnc(C#N)s2)cn1	0.015468
rxn:5:195522:229270:226455	CCc1cc(-c2cc(-c3cccc(F)c3)cs2)c(-c2cnc(C#N)s2)cn1	0.015468
rxn:5:195522:229270:226453	CCc1cc(-c2cc(-c3ccccc3F)cs2)c(-c2cnc(C#N)s2)cn1	0.015468
rxn:5:192428:229270:223263	CNC(=O)c1ccc(F)c(-c2ccc(Oc3ncccc3-c3cnc(C#N)s3)cc2)c1	0.015468
rxn:5:176753:227138:229308	CCCOc1ccc(-c2cc(C)no2)cc1-c1cc2ccc(C#N)cc2s1	0.015468
rxn:5:176753:227141:229308	CCCOc1ccc(-c2cc(C)no2)cc1-c1cc2cc(C#N)ccc2s1	0.015468
rxn:5:176753:227139:229308	CCCOc1ccc(-c2cc(C)no2)cc1-c1cc2c(C#N)cccc2s1	0.015468
rxn:5:176753:227140:229308	CCCOc1ccc(-c2cc(C)no2)cc1-c1cc2cccc(C#N)c2s1	0.015468
rxn:5:198620:223464:225607	CC(c1ccc(-c2ccnc3ccc(-c4cc[nH]c4)cc23)s1)N1CCCCC1	0.015463
rxn:5:182654:228597:228544	Cc1cccc(C#N)c1-c1ccc2ccsc2c1-c1ccc(CC#N)cc1	0.015460
rxn:5:195324:227139:229057	CSc1ccc(-c2cc3c(C#N)cccc3s2)c(-c2cnn(C3CC3)c2)n1	0.015459
rxn:5:195324:227140:229057	CSc1ccc(-c2cc3cccc(C#N)c3s2)c(-c2cnn(C3CC3)c2)n1	0.015459
rxn:5:182654:229075:229008	Cc1cc(-c2ccc3ccsc3c2-c2ccc(CF)cc2)sc1C#N	0.015454
rxn:5:182654:229076:229008	Cc1cc(C#N)sc1-c1ccc2ccsc2c1-c1ccc(CF)cc1	0.015454
rxn:5:182654:228104:229008	N#Cc1cccc(C#N)c1-c1ccc2ccsc2c1-c1ccc(CF)cc1	0.015450
rxn:5:182654:228111:229008	N#Cc1ccc(-c2ccc3ccsc3c2-c2ccc(CF)cc2)cc1C#N	0.015450
rxn:5:198417:223341:227023	CC(c1ccc(-c2ccnc3cc(-c4ccc5c(c4)CC(=O)N5)sc23)cc1)N(C)C	0.015448
rxn:5:199106:229296:225592	Cc1c(-c2cnn(C)c2)ccc2nccc(-c3cc(F)ccc3CN3CCCC3)c12	0.015444
rxn:5:176753:229270:225455	CCCOc1ccc(-c2cc(N3CCCCC3)ccc2C)cc1-c1cnc(C#N)s1	0.015439
rxn:5:194141:229270:228179	COCc1cc(F)cc(-c2cc3[nH]cc(C(=O)OC)c3cc2-c2cnc(C#N)s2)c1	0.015437
rxn:5:180142:229065:229272	COc1ncc(-c2ccc(OC)c(-c3cccc(-c4ccnc(C#N)c4)c3)c2)s1	0.015436
rxn:5:196189:226173:229270	Cc1cc(-n2cccc2)ccc1-c1ccc(C2=NCCO2)cc1-c1cnc(C#N)s1	0.015434
rxn:5:199272:229270:229088	CC(=O)c1csc(-c2cc(C)nc3c(-c4cnc(C#N)s4)cc(C)cc23)c1	0.015434
rxn:5:198417:227679:228455	COc1ncc(-c2ccnc3cc(-c4ccc5c(c4)OC(F)(F)O5)sc23)c(OC)n1	0.015434
rxn:5:182638:229009:228574	Cc1ccc(-c2cc(-c3cc(C4CC4)cs3)c3occc3c2)c(C#N)c1	0.015431
rxn:5:198911:229270:225638	Cc1c[nH]c2cc(-c3cnc(C#N)s3)c(-c3ccc(N4CCC(C)CC4)nc3)cc12	0.015428
rxn:5:195444:223341:226200	CC(=O)c1cc(-c2ccc3c(c2)ncn3C(C)C)ncc1-c1ccc2c(c1)CC(=O)N2	0.015423
rxn:5:195449:223341:226200	CC(=O)c1c(-c2ccc3c(c2)ncn3C(C)C)ccnc1-c1ccc2c(c1)CC(=O)N2	0.015423
rxn:5:179400:229272:227337	COc1ncc(-c2cc(C(=O)C3CC3)ccc2-c2cc(F)ccc2OC(C)C)s1	0.015420
rxn:5:189676:229272:223000	COc1ncc(-c2cc(CC(=O)N3CCCC3)ccc2-c2ccc(C3CCCNC3)c(F)c2)s1	0.015420
rxn:5:198753:228127:223271	COc1cccc(C#N)c1-c1ccc2cnccc2c1-c1ccc(F)c(NC(C)=O)c1	0.015418
rxn:5:198674:228127:223271	COc1cccc(C#N)c1-c1ccc2cccnc2c1-c1ccc(F)c(NC(C)=O)c1	0.015418
rxn:5:195522:227876:229088	CCc1cc(-c2cc(C(C)=O)cs2)c(-c2c(C)oc3ccccc23)cn1	0.015415
rxn:5:198417:229009:228111	N#Cc1ccc(-c2ccnc3cc(-c4cc(C5CC5)cs4)sc23)cc1C#N	0.015414
rxn:5:198748:228870:228574	COC(=O)c1csc(-c2cc(-c3ccc(C)cc3C#N)cc3cnccc23)c1	0.015413
rxn:5:177186:229272:223000	CCOC(=O)c1cc(-c2ccc(C3CCCNC3)c(F)c2)c(-c2cnc(OC)s2)cc1C	0.015409
rxn:5:177183:229272:223000	CCOC(=O)c1cc(C)c(-c2ccc(C3CCCNC3)c(F)c2)c(-c2cnc(OC)s2)c1	0.015409
rxn:5:182506:228340:226593	COc1nc(C2CC2)sc1-c1cccc(C)c1-c1c(F)ccc(OC(C)C)c1F	0.015409
rxn:5:176753:229270:227119	CCCOc1ccc(-c2cc(C3CCCCC3)cs2)cc1-c1cnc(C#N)s1	0.015408
rxn:5:198660:229270:226412	N#Cc1ncc(-c2ccc(-c3cc(F)cc(N4CCCC4)c3)c3ccncc23)s1	0.015406
rxn:5:198625:229270:226412	N#Cc1ncc(-c2ccc3ccnc(-c4cc(F)cc(N5CCCC5)c4)c3c2)s1	0.015406
rxn:5:198748:229088:228574	CC(=O)c1csc(-c2cc(-c3ccc(C)cc3C#N)cc3cnccc23)c1	0.015405
rxn:5:198417:226053:223462	Cc1cc(-c2ccnc3cc(-c4ccc(F)c(OC(F)(F)F)c4F)sc23)n[nH]1	0.015399
rxn:5:176764:228977:228435	CCOCc1c(-c2ccc3c(c2)CC3)cccc1-c1c(SC)ccc(F)c1F	0.015398
rxn:5:189334:226412:229270	CC(C)(C)OC(=O)c1ncc(-c2cc(F)cc(N3CCCC3)c2)cc1-c1cnc(C#N)s1	0.015398
rxn:5:182506:229270:225444	Cc1cccc(-c2cnc(C#N)s2)c1-c1cccc(Oc2ccccc2)c1	0.015396
rxn:5:199106:223464:225679	Cc1c(-c2cc[nH]c2)ccc2nccc(-c3ccc(N4CCCCC4)cc3F)c12	0.015395
rxn:5:198417:229009:229132	Fc1ccc(-c2ccnc3cc(-c4cc(C5CC5)cs4)sc23)cc1F	0.015393
rxn:5:182656:228127:228323	CCOc1nccc(-c2c(-c3c(C#N)cccc3OC)ccc3ccoc23)c1F	0.015392
rxn:5:176586:229270:228332	CCOC(=O)c1cccc(-c2cnc(C#N)s2)c1-c1cnc(OC)cc1SC	0.015391
rxn:5:198417:227498:228455	COc1ncc(-c2ccnc3cc(-c4cnc(N(C)C)cc4OC)sc23)c(OC)n1	0.015390
rxn:5:198417:223397:226663	c1cc(-c2ccc(N3CCSCC3)nc2)c2sc(-c3ccc4c(c3)CCN4)cc2n1	0.015389
rxn:5:198417:228173:228455	CCOc1cc(F)ccc1-c1cc2nccc(-c3cnc(OC)nc3OC)c2s1	0.015380
rxn:5:195674:223341:226200	CC(C)n1cnc2cc(-c3ccc(-c4ccc5c(c4)CC(=O)N5)cc3S(N)(=O)=O)ccc21	0.015380
rxn:5:198911:229270:228274	CSc1cc(-c2cc3c(C)c[nH]c3cc2-c2cnc(C#N)s2)c(F)cc1C	0.015375
rxn:5:198417:223397:227325	CC(C)(C)Oc1ccc(-c2ccnc3cc(-c4ccc5c(c4)CCN5)sc23)cn1	0.015373
rxn:5:198417:228363:223390	CN(C)c1cc(F)c(-c2cc3nccc(-c4ccc5cc[nH]c5c4)c3s2)cn1	0.015371
rxn:5:176594:228381:223325	CC(=O)COc1ccc(-c2c(F)cc(C#N)cc2F)c(-c2cccc3[nH]nc(C)c23)c1	0.015370
rxn:5:197125:228046:229270	COc1cc(-c2cnc(C#N)s2)c2nc(-c3ccnc4c3ccn4C)sc2c1	0.015363
rxn:5:194141:229270:227376	COC(=O)c1c[nH]c2cc(-c3cncc(N4CCCC4)c3)c(-c3cnc(C#N)s3)cc12	0.015358
rxn:5:194141:229270:227375	COC(=O)c1c[nH]c2cc(-c3ccc(N4CCCC4)nc3)c(-c3cnc(C#N)s3)cc12	0.015358
rxn:5:194141:229270:227387	COC(=O)c1c[nH]c2cc(-c3ccnc(N4CCCC4)c3)c(-c3cnc(C#N)s3)cc12	0.015358
rxn:5:195324:227034:226322	CSc1ccc(-c2c(C#N)cccc2C2CC2)c(-c2ccc(C(=O)N(C)C)cc2C)n1	0.015355
rxn:5:198513:229226:223164	N#Cc1ccc(-c2cc3cc[nH]c3cc2-c2cc(F)c(F)c(NC3CC3)c2)s1	0.015343
rxn:5:198513:229230:223164	N#Cc1csc(-c2cc3cc[nH]c3cc2-c2cc(F)c(F)c(NC3CC3)c2)c1	0.015343
rxn:5:176993:229272:228009	CCCC(=O)c1ccc(-c2ccc(C3CC3)c(F)c2)c(-c2cnc(OC)s2)c1	0.015341
rxn:5:176993:229272:228013	CCCC(=O)c1ccc(-c2ccc(F)c(C3CC3)c2)c(-c2cnc(OC)s2)c1	0.015341
rxn:5:176993:229272:228007	CCCC(=O)c1ccc(-c2cc(F)ccc2C2CC2)c(-c2cnc(OC)s2)c1	0.015341
rxn:5:176993:229272:228020	CCCC(=O)c1ccc(-c2c(F)cccc2C2CC2)c(-c2cnc(OC)s2)c1	0.015341
rxn:5:182637:229289:227668	COc1c(F)cc(-c2cc3ccoc3cc2-c2cscc2C)c(C)c1F	0.015336
rxn:5:198748:229009:229076	Cc1cc(C#N)sc1-c1cc(-c2cc(C3CC3)cs2)c2ccncc2c1	0.015334
rxn:5:198448:229009:228574	Cc1ccc(-c2cc(-c3cc(C4CC4)cs3)c3cnsc3c2)c(C#N)c1	0.015334
rxn:5:198748:229009:229075	Cc1cc(-c2cc(-c3cc(C4CC4)cs3)c3ccncc3c2)sc1C#N	0.015334
rxn:5:179840:225455:229311	Cc1ncc(-c2cc(O[C@@H]3CCOC3)ccc2-c2cc(N3CCCCC3)ccc2C)s1	0.015328
rxn:5:191496:223341:226462	CCn1cnc2cc(-c3ncc(C(=O)OC)cc3-c3ccc4c(c3)CC(=O)N4)c(F)cc21	0.015328
rxn:5:182506:228338:226593	Cc1cccc(-c2cnc(OC3CCC3)s2)c1-c1c(F)ccc(OC(C)C)c1F	0.015327
rxn:5:198417:223216:227278	N#CC1(c2ccc(-c3ccnc4cc(-c5ccc6c(c5)CCC(=O)N6)sc34)cn2)CC1	0.015326
rxn:5:198417:223215:227278	N#CC1(c2ccc(-c3ccnc4cc(-c5ccc6c(c5)NC(=O)CC6)sc34)cn2)CC1	0.015326
rxn:5:181071:226973:228435	COc1cccc(-c2c(SC)ccc(F)c2F)c1-c1ccc2c(c1)C(C)(C)CO2	0.015323
rxn:5:176594:225944:229311	CC(=O)COc1ccc(-c2c(F)cc(F)c(OC(C)C)c2F)c(-c2cnc(C)s2)c1	0.015321
rxn:5:198513:229270:226189	N#Cc1ncc(-c2cc3cc[nH]c3cc2-c2ccc(C3CCCC3)c(F)c2)s1	0.015320
rxn:5:179400:229272:226926	COc1ncc(-c2cc(C(=O)C3CC3)ccc2-c2ccc(C(C)(C)C)cc2C)s1	0.015318
rxn:5:179400:229272:226920	COc1ncc(-c2cc(C(=O)C3CC3)ccc2-c2cc(C(C)(C)C)ccc2C)s1	0.015318
rxn:5:182654:228597:228571	Cc1cccc(C#N)c1-c1ccc2ccsc2c1-c1ccc(N(C)C)cc1	0.015318
rxn:5:199106:223462:225792	COc1ccc(-n2cc(-c3ccnc4ccc(-c5cc(C)[nH]n5)c(C)c34)cn2)cc1	0.015315
rxn:5:199106:223462:225791	COc1ccccc1-n1cc(-c2ccnc3ccc(-c4cc(C)[nH]n4)c(C)c23)cn1	0.015315
rxn:5:199106:223462:225793	COc1cccc(-n2cc(-c3ccnc4ccc(-c5cc(C)[nH]n5)c(C)c34)cn2)c1	0.015315
rxn:5:198417:228366:227278	CN(C)c1ncc(-c2cc3nccc(-c4ccc(C5(C#N)CC5)nc4)c3s2)cc1F	0.015314
rxn:5:198417:229009:222416	O=c1[nH]c2ccc(-c3ccnc4cc(-c5cc(C6CC6)cs5)sc34)cc2[nH]1	0.015307
rxn:5:180723:223251:223462	Cc1cc(-c2c(OC(C)C)ccc3cc(-c4ccc5c(c4)OCC(=O)N5)ccc23)n[nH]1	0.015307
rxn:5:179400:229272:228920	COc1ncc(-c2cc(C(=O)C3CC3)ccc2-c2ccnc(SC)c2F)s1	0.015304
rxn:5:182656:228127:228133	COc1cccc(C#N)c1-c1ccc2ccoc2c1-c1ccc(F)c(CC#N)c1	0.015299
rxn:5:182656:228127:228138	COc1cccc(C#N)c1-c1ccc2ccoc2c1-c1ccc(CC#N)c(F)c1	0.015299
rxn:5:176594:226399:229311	CC(=O)COc1ccc(-c2ccc(-c3ncccn3)cc2)c(-c2cnc(C)s2)c1	0.015299
rxn:5:195324:227756:229057	CSc1ccc(-c2c(F)cccc2C(F)(F)F)c(-c2cnn(C3CC3)c2)n1	0.015294
rxn:5:176594:226648:229311	CC(=O)COc1ccc(-c2cccc(-c3noc(C)n3)c2)c(-c2cnc(C)s2)c1	0.015290
rxn:5:195792:227970:227115	Cc1cc(-c2c(-c3ccncc3C(C)(C)C)cncc2C2CC2)c(F)cc1C1CC1	0.015289
rxn:5:195792:227971:227115	Cc1cc(-c2c(-c3cnccc3C(C)(C)C)cncc2C2CC2)c(F)cc1C1CC1	0.015289
rxn:5:182654:228732:229008	N#Cc1cccc(-c2ccc3ccsc3c2-c2ccc(CF)cc2)c1F	0.015286
rxn:5:182654:228723:229008	N#Cc1ccc(-c2ccc3ccsc3c2-c2ccc(CF)cc2)cc1F	0.015286
rxn:5:182654:228744:229008	N#Cc1cc(-c2ccc3ccsc3c2-c2ccc(CF)cc2)ccc1F	0.015286
rxn:5:182654:228747:229008	N#Cc1cccc(F)c1-c1ccc2ccsc2c1-c1ccc(CF)cc1	0.015286
rxn:5:182654:228729:229008	N#Cc1cc(F)ccc1-c1ccc2ccsc2c1-c1ccc(CF)cc1	0.015286
rxn:5:182654:228752:229008	N#Cc1ccc(F)cc1-c1ccc2ccsc2c1-c1ccc(CF)cc1	0.015286
rxn:5:182654:228753:229008	N#Cc1c(F)cccc1-c1ccc2ccsc2c1-c1ccc(CF)cc1	0.015286
rxn:5:195324:223090:229057	CSc1ccc(-c2ccc3[nH]nc(C(F)(F)F)c3c2)c(-c2cnn(C3CC3)c2)n1	0.015284
rxn:5:198679:223464:226695	Fc1cc(-c2cncs2)ccc1-c1ccnc2cccc(-c3cc[nH]c3)c12	0.015281
rxn:5:198653:223464:226695	Fc1cc(-c2cncs2)ccc1-c1cccc2nccc(-c3cc[nH]c3)c12	0.015281
rxn:5:198620:223464:226695	Fc1cc(-c2cncs2)ccc1-c1ccnc2ccc(-c3cc[nH]c3)cc12	0.015281
rxn:5:198622:223464:226695	Fc1cc(-c2cncs2)ccc1-c1ccnc2cc(-c3cc[nH]c3)ccc12	0.015281
rxn:5:198646:223464:226695	Fc1cc(-c2cncs2)ccc1-c1ccc2nccc(-c3cc[nH]c3)c2c1	0.015281
rxn:5:198684:223464:226695	Fc1cc(-c2cncs2)ccc1-c1c(-c2cc[nH]c2)ccc2ncccc12	0.015281
rxn:5:198621:223464:226695	Fc1cc(-c2cncs2)ccc1-c1ccnc2c(-c3cc[nH]c3)cccc12	0.015281
rxn:5:198652:223464:226695	Fc1cc(-c2cncs2)ccc1-c1cccc2ccnc(-c3cc[nH]c3)c12	0.015281
rxn:5:198655:223464:226695	Fc1cc(-c2cncs2)ccc1-c1ccc2c(-c3cc[nH]c3)ccnc2c1	0.015281
rxn:5:198682:223464:226695	Fc1cc(-c2cncs2)ccc1-c1ccc2ncccc2c1-c1cc[nH]c1	0.015281
rxn:5:198667:223464:226695	Fc1cc(-c2cncs2)ccc1-c1cc2ncccc2cc1-c1cc[nH]c1	0.015281
rxn:5:198670:223464:226695	Fc1cc(-c2cncs2)ccc1-c1cccc2c(-c3cc[nH]c3)cncc12	0.015281
rxn:5:198749:223464:226695	Fc1cc(-c2cncs2)ccc1-c1ccc2ncc(-c3cc[nH]c3)cc2c1	0.015281
rxn:5:198513:229270:222981	N#Cc1ncc(-c2cc3cc[nH]c3cc2-c2ccnc(NC3CCCCC3)c2)s1	0.015279
rxn:5:181071:228977:226976	COc1cccc(-c2c(F)ccc3ccccc23)c1-c1ccc2c(c1)CC2	0.015273
rxn:5:198417:229009:223215	O=C1CCc2ccc(-c3ccnc4cc(-c5cc(C6CC6)cs5)sc34)cc2N1	0.015269
rxn:5:198417:229009:223216	O=C1CCc2cc(-c3ccnc4cc(-c5cc(C6CC6)cs5)sc34)ccc2N1	0.015269
rxn:5:179840:226862:229311	Cc1ncc(-c2cc(O[C@@H]3CCOC3)ccc2-c2cccc(OC(F)(F)F)c2F)s1	0.015269
rxn:5:182579:223341:226200	Cc1cc(C)c(-c2ccc3c(c2)ncn3C(C)C)c(-c2ccc3c(c2)CC(=O)N3)c1	0.015268
rxn:5:198417:223397:227689	FC(F)(F)Cc1ccc(-c2ccnc3cc(-c4ccc5c(c4)CCN5)sc23)cn1	0.015268
rxn:5:179400:229272:228535	COc1ncc(-c2cc(C(=O)C3CC3)ccc2-c2coc3ccccc23)s1	0.015266
rxn:5:195324:227034:227381	CSc1ccc(-c2c(C#N)cccc2C2CC2)c(-c2cnc(C3CCCC3)nc2)n1	0.015265
rxn:5:182637:229270:226754	CCOc1c(F)cc(F)c(-c2cc3ccoc3cc2-c2cnc(C#N)s2)c1F	0.015258
rxn:5:180662:229009:228574	COC(=O)C1=Cc2cc(-c3ccc(C)cc3C#N)cc(-c3cc(C4CC4)cs3)c2OC1	0.015257
rxn:5:198450:229009:223390	c1cc2cc(-c3cc(C4CC4)cs3)oc2c(-c2ccc3cc[nH]c3c2)n1	0.015248
rxn:5:176594:228381:227503	CC(=O)COc1ccc(-c2c(F)cc(C#N)cc2F)c(-c2cc(OC(C)C)ncc2F)c1	0.015247
rxn:5:198417:223420:223390	CCNc1ccc(-c2cc3nccc(-c4ccc5cc[nH]c5c4)c3s2)cn1	0.015245
rxn:5:181071:226959:228435	COc1cccc(-c2c(SC)ccc(F)c2F)c1-c1ccc2c(c1)CC(C)(C)O2	0.015244
rxn:5:181071:226968:228435	COc1cccc(-c2c(SC)ccc(F)c2F)c1-c1ccc2c(c1)OC(C)(C)C2	0.015244
rxn:5:198748:229009:228740	N#Cc1ccc(-c2cc(-c3cc(C4CC4)cs3)c3ccncc3c2)c(F)c1	0.015244
rxn:5:198748:229009:228723	N#Cc1ccc(-c2cc(-c3cc(C4CC4)cs3)c3ccncc3c2)cc1F	0.015244
rxn:5:198748:229009:228744	N#Cc1cc(-c2cc(-c3cc(C4CC4)cs3)c3ccncc3c2)ccc1F	0.015244
rxn:5:198748:229009:228753	N#Cc1c(F)cccc1-c1cc(-c2cc(C3CC3)cs2)c2ccncc2c1	0.015244
rxn:5:198748:229009:228729	N#Cc1cc(F)ccc1-c1cc(-c2cc(C3CC3)cs2)c2ccncc2c1	0.015244
rxn:5:198748:229009:228752	N#Cc1ccc(F)cc1-c1cc(-c2cc(C3CC3)cs2)c2ccncc2c1	0.015244
rxn:5:198748:229009:228732	N#Cc1cccc(-c2cc(-c3cc(C4CC4)cs3)c3ccncc3c2)c1F	0.015244
rxn:5:198748:229009:228749	N#Cc1ccc(F)c(-c2cc(-c3cc(C4CC4)cs3)c3ccncc3c2)c1	0.015244
rxn:5:198748:229009:228747	N#Cc1cccc(F)c1-c1cc(-c2cc(C3CC3)cs2)c2ccncc2c1	0.015244
rxn:5:198417:228990:228681	CCCc1ccc(-c2cc3nccc(-c4ccnn4CC4CC4)c3s2)s1	0.015240
rxn:5:195324:225820:229057	CSc1ccc(-c2c(C3CC3)cccc2C(F)(F)F)c(-c2cnn(C3CC3)c2)n1	0.015240
rxn:5:179400:228552:228821	CCOc1cccc(-c2cc(C(=O)C3CC3)ccc2-c2ccc(C)c(F)c2F)c1	0.015239
rxn:5:177181:229272:223000	COc1ncc(-c2ccc(C(=O)OC(C)C)cc2-c2ccc(C3CCCNC3)c(F)c2)s1	0.015231
rxn:5:198417:223403:227278	N#CC1(c2ccc(-c3ccnc4cc(-c5ccc6cn[nH]c6c5)sc34)cn2)CC1	0.015227
rxn:5:198417:223402:227278	N#CC1(c2ccc(-c3ccnc4cc(-c5ccc6[nH]ncc6c5)sc34)cn2)CC1	0.015227
rxn:5:198417:223405:227278	N#CC1(c2ccc(-c3ccnc4cc(-c5ccc6[nH]cnc6c5)sc34)cn2)CC1	0.015227
rxn:5:197125:228259:229272	COc1cc(-c2cnc(OC)s2)c2nc(-c3cc(C)cc(OC)c3F)sc2c1	0.015225
rxn:5:193158:229270:226593	CC(C)Oc1ccc(F)c(-c2c(CN3CCCC3)cccc2-c2cnc(C#N)s2)c1F	0.015224
rxn:5:193155:229270:226593	CC(C)Oc1ccc(F)c(-c2ccc(-c3cnc(C#N)s3)cc2CN2CCCC2)c1F	0.015224
rxn:5:194141:229270:227531	COC(=O)c1cc(F)cc(-c2cc3[nH]cc(C(=O)OC)c3cc2-c2cnc(C#N)s2)c1	0.015223
rxn:5:195463:226412:228338	Cc1cc(-c2cc(F)cc(N3CCCC3)c2)c(-c2cnc(OC3CCC3)s2)cc1C#N	0.015221
rxn:5:182656:228127:228829	COc1cccc(C#N)c1-c1ccc2ccoc2c1-c1cc(F)c(C)c(F)c1	0.015218
rxn:5:180422:228411:229311	COc1ccc(-c2ccc(CC3CCCCC3)cc2-c2cnc(C)s2)c(F)c1F	0.015218
rxn:5:180421:229272:228821	COc1ncc(-c2cc(CC3CCCCC3)ccc2-c2ccc(C)c(F)c2F)s1	0.015218
rxn:5:196189:223183:227818	CCC(C)c1cccc(-c2cc(C3=NCCO3)ccc2-c2ccc(S(=O)(=O)NC)cc2C)c1	0.015216
rxn:5:182656:228127:228202	COc1cccc(C#N)c1-c1ccc2ccoc2c1-c1ccc(F)c(N(C)C)c1	0.015215
rxn:5:182506:227022:226593	Cc1cccc(-c2ccc(CN3CCC3)cc2)c1-c1c(F)ccc(OC(C)C)c1F	0.015213
rxn:5:198417:229009:223380	O=c1[nH]c2cc(-c3ccnc4cc(-c5cc(C6CC6)cs5)sc34)ccc2o1	0.015211
rxn:5:198417:229009:223379	O=c1[nH]c2ccc(-c3ccnc4cc(-c5cc(C6CC6)cs5)sc34)cc2o1	0.015211
rxn:5:193538:229270:223164	N#Cc1ncc(-c2cc(CN3CCCCC3)ccc2-c2cc(F)c(F)c(NC3CC3)c2)s1	0.015210
rxn:5:194141:229270:227283	COC(=O)c1c[nH]c2cc(-c3cc(C#N)nc(C4CC4)c3)c(-c3cnc(C#N)s3)cc12	0.015205
rxn:5:198417:229009:229029	Cc1cc(-c2ccnc3cc(-c4cc(C5CC5)cs4)sc23)ccc1F	0.015205
rxn:5:198417:229009:229037	Cc1ccc(-c2ccnc3cc(-c4cc(C5CC5)cs4)sc23)cc1F	0.015205
rxn:5:198417:228200:223411	c1cnc2[nH]c(-c3ccnc4cc(-c5ccnn5C5CCCC5)sc34)cc2c1	0.015204
rxn:5:198417:229248:226462	CCn1cnc2cc(-c3ccnc4cc(-c5c(C)cnn5C)sc34)c(F)cc21	0.015203
rxn:5:181071:227820:228435	COc1cccc(-c2c(SC)ccc(F)c2F)c1-c1ccc(C(C)(C)C)cc1	0.015201
rxn:5:182506:227575:226593	COc1ccc(OC)c(-c2cccc(C)c2-c2c(F)ccc(OC(C)C)c2F)c1F	0.015200
rxn:5:198417:223341:227839	Cc1cccc(C2CC2)c1-c1ccnc2cc(-c3ccc4c(c3)CC(=O)N4)sc12	0.015198
rxn:5:199106:229296:228059	Cc1nc2cc(-c3ccnc4ccc(-c5cnn(C)c5)c(C)c34)ccc2s1	0.015197
rxn:5:196798:228888:229177	Cc1cncc(-c2cc(-c3cc(C#N)ncc3F)cc(-c3c(F)cncc3F)c2)c1	0.015196
rxn:5:196799:228888:229177	Cc1ccc(-c2cc(-c3cc(C#N)ncc3F)cc(-c3c(F)cncc3F)c2)cn1	0.015196
rxn:5:195522:229270:226193	CCc1cc(-c2cc(-c3ccc(C)cc3)cs2)c(-c2cnc(C#N)s2)cn1	0.015192
rxn:5:195522:229270:226192	CCc1cc(-c2cc(-c3ccccc3C)cs2)c(-c2cnc(C#N)s2)cn1	0.015192
rxn:5:195522:229270:226195	CCc1cc(-c2cc(-c3cccc(C)c3)cs2)c(-c2cnc(C#N)s2)cn1	0.015192
rxn:5:198417:229009:223403	c1cc(-c2ccc3cn[nH]c3c2)c2sc(-c3cc(C4CC4)cs3)cc2n1	0.015190
rxn:5:198417:229009:223407	c1cc(-c2cnc3cc[nH]c3c2)c2sc(-c3cc(C4CC4)cs3)cc2n1	0.015190
rxn:5:198417:229009:223409	c1cc(-c2cnc3[nH]ccc3c2)c2sc(-c3cc(C4CC4)cs3)cc2n1	0.015190
rxn:5:198417:229009:223405	c1cc(-c2ccc3[nH]cnc3c2)c2sc(-c3cc(C4CC4)cs3)cc2n1	0.015190
rxn:5:198417:229009:223406	c1cc(-c2cncc3cc[nH]c23)c2sc(-c3cc(C4CC4)cs3)cc2n1	0.015190
rxn:5:198417:229009:223413	c1cc(-c2cncc3[nH]ccc23)c2sc(-c3cc(C4CC4)cs3)cc2n1	0.015190
rxn:5:198417:229011:223411	c1cnc2[nH]c(-c3ccnc4cc(-c5ccc(C6CC6)s5)sc34)cc2c1	0.015190
rxn:5:198417:229079:223390	c1cc(-c2ccc3cc[nH]c3c2)c2sc(-c3csc(C4CC4)n3)cc2n1	0.015190
rxn:5:198417:229080:223390	c1cc(-c2ccc3cc[nH]c3c2)c2sc(-c3cnc(C4CC4)s3)cc2n1	0.015190
rxn:5:198417:229085:223390	c1cc(-c2ccc3cc[nH]c3c2)c2sc(-c3scnc3C3CC3)cc2n1	0.015190
rxn:5:198417:229009:223402	c1cc(-c2ccc3[nH]ncc3c2)c2sc(-c3cc(C4CC4)cs3)cc2n1	0.015190
rxn:5:195324:226074:229057	CSc1ccc(-c2cccc3c(C#N)cccc23)c(-c2cnn(C3CC3)c2)n1	0.015188
rxn:5:195324:226072:229057	CSc1ccc(-c2cccc3cccc(C#N)c23)c(-c2cnn(C3CC3)c2)n1	0.015188
rxn:5:195324:226071:229057	CSc1ccc(-c2ccc(C#N)c3ccccc23)c(-c2cnn(C3CC3)c2)n1	0.015188
rxn:5:199089:223397:227278	Cc1cc(-c2ccc3c(c2)CCN3)cc2c(-c3ccc(C4(C#N)CC4)nc3)ccnc12	0.015184
rxn:5:199092:223397:227278	Cc1cc(-c2ccc3c(c2)CCN3)c2nccc(-c3ccc(C4(C#N)CC4)nc3)c2c1	0.015184
rxn:5:199090:223397:227278	Cc1cc2nccc(-c3ccc(C4(C#N)CC4)nc3)c2cc1-c1ccc2c(c1)CCN2	0.015184
rxn:5:199091:223397:227278	Cc1cc2c(-c3ccc(C4(C#N)CC4)nc3)ccnc2cc1-c1ccc2c(c1)CCN2	0.015184
rxn:5:199060:223397:227278	Cc1cc2c(-c3ccc4c(c3)CCN4)ccnc2cc1-c1ccc(C2(C#N)CC2)nc1	0.015184
rxn:5:199106:223397:227278	Cc1c(-c2ccc3c(c2)CCN3)ccc2nccc(-c3ccc(C4(C#N)CC4)nc3)c12	0.015184
rxn:5:199106:223466:225506	Cc1c(-c2cn[nH]c2)ccc2nccc(-c3ccc4c(cnn4CC(C)C)c3)c12	0.015183
rxn:5:176993:229272:227033	CCCC(=O)c1ccc(-c2ccc(C3CC3)c(C#N)c2)c(-c2cnc(OC)s2)c1	0.015182
rxn:5:176993:229272:227026	CCCC(=O)c1ccc(-c2ccc(C#N)c(C3CC3)c2)c(-c2cnc(OC)s2)c1	0.015182
rxn:5:179400:229272:227673	COc1ncc(-c2cc(C(=O)C3CC3)ccc2-c2cccc(C(C)(F)F)c2F)s1	0.015177
rxn:5:179197:226062:229270	CC(C)c1cc(-c2ccc(OC3CC3)c(-c3cnc(C#N)s3)c2)cc(C(C)C)c1	0.015177
rxn:5:198417:229205:223390	CCc1csc(-c2cc3nccc(-c4ccc5cc[nH]c5c4)c3s2)c1	0.015170
rxn:5:179840:227169:229311	Cc1ncc(-c2cc(O[C@@H]3CCOC3)ccc2-c2cc(F)c3ncccc3c2)s1	0.015168
rxn:5:181071:228009:228435	COc1cccc(-c2c(SC)ccc(F)c2F)c1-c1ccc(C2CC2)c(F)c1	0.015166
rxn:5:181071:228013:228435	COc1cccc(-c2c(SC)ccc(F)c2F)c1-c1ccc(F)c(C2CC2)c1	0.015166
rxn:5:179396:229270:226593	CC(C)Oc1ccc(F)c(-c2cc(-c3cnc(C#N)s3)ccc2C(=O)C2CC2)c1F	0.015165
rxn:5:197125:227556:229270	COc1cc(-c2cnc(C#N)s2)c2nc(-c3cc(OC)c(F)c(OC)c3)sc2c1	0.015164
rxn:5:197125:227561:229270	COc1cc(-c2cnc(C#N)s2)c2nc(-c3cc(OC)c(OC)cc3F)sc2c1	0.015164
rxn:5:197125:227588:229270	COc1cc(-c2cnc(C#N)s2)c2nc(-c3c(OC)cc(F)cc3OC)sc2c1	0.015164
rxn:5:197125:227575:229270	COc1cc(-c2cnc(C#N)s2)c2nc(-c3c(OC)ccc(OC)c3F)sc2c1	0.015164
rxn:5:197125:227566:229270	COc1cc(-c2cnc(C#N)s2)c2nc(-c3ccc(OC)c(F)c3OC)sc2c1	0.015164
rxn:5:197125:227592:229270	COc1cc(-c2cnc(C#N)s2)c2nc(-c3cc(F)cc(OC)c3OC)sc2c1	0.015164
rxn:5:197125:227568:229270	COc1cc(F)c(-c2nc3c(-c4cnc(C#N)s4)cc(OC)cc3s2)c(OC)c1	0.015164
rxn:5:197125:227587:229270	COc1cc(-c2cnc(C#N)s2)c2nc(-c3cc(F)c(OC)c(OC)c3)sc2c1	0.015164
rxn:5:194141:229270:223260	CNC(=O)c1cc(F)cc(-c2cc3[nH]cc(C(=O)OC)c3cc2-c2cnc(C#N)s2)c1	0.015162
rxn:5:194149:229270:223263	CNC(=O)c1ccc(F)c(-c2c(-c3cnc(C#N)s3)cc3cc[nH]c3c2C(=O)OC)c1	0.015162
rxn:5:198417:228988:227278	Cc1ccc(-c2cc3nccc(-c4ccc(C5(C#N)CC5)nc4)c3s2)cc1C	0.015162
rxn:5:182656:228127:228602	COc1cccc(C#N)c1-c1ccc2ccoc2c1-c1ccc(C(C)=O)cc1	0.015160
rxn:5:182656:228127:228603	COc1cccc(C#N)c1-c1ccc2ccoc2c1-c1cccc(C(C)=O)c1	0.015160
rxn:5:195906:228411:229311	COc1ccc(-c2cnc(-c3ccccc3-c3cnc(C)s3)s2)c(F)c1F	0.015159
rxn:5:193461:226412:229270	N#Cc1ncc(-c2cc(-c3cc(F)cc(N4CCCC4)c3)ccc2C(=O)N2CCCCC2)s1	0.015153
rxn:5:181071:226974:228435	COc1cccc(-c2c(SC)ccc(F)c2F)c1-c1ccc2c(c1)COC2(C)C	0.015152
rxn:5:198417:228066:227278	N#CC1(c2ccc(-c3ccnc4cc(-c5ccc6c(c5)OCCO6)sc34)cn2)CC1	0.015147
rxn:5:182656:228127:228150	COC(=O)c1ccc(-c2c(-c3c(C#N)cccc3OC)ccc3ccoc23)cc1	0.015146
rxn:5:182656:228127:228151	COC(=O)c1cccc(-c2c(-c3c(C#N)cccc3OC)ccc3ccoc23)c1	0.015146
rxn:5:179840:228411:228622	CCc1cc(F)ccc1-c1cc(O[C@@H]2CCOC2)ccc1-c1ccc(OC)c(F)c1F	0.015145
rxn:5:195792:228040:223061	Fc1cnc(C2CCNCC2)cc1-c1c(-c2ccnc3ccncc23)cncc1C1CC1	0.015144
rxn:5:195792:228040:223062	Fc1cc(C2CCNCC2)ncc1-c1c(-c2ccnc3ccncc23)cncc1C1CC1	0.015144
rxn:5:199106:229342:227137	CCn1cnc2cc(-c3ccnc4ccc(-c5cnsc5)c(C)c34)ccc21	0.015143
rxn:5:196971:227034:229057	N#Cc1cccc(C2CC2)c1-c1cc(-c2cnn(C3CC3)c2)c(C2CCCCC2)cn1	0.015141
rxn:5:192416:223464:223421	CNC(C)c1ccc(-c2cc(Sc3cccc(-c4cc[nH]c4)c3)ccn2)s1	0.015141
rxn:5:179197:226048:229270	N#Cc1ncc(-c2cc(-c3c(F)ccc(F)c3OC(F)(F)F)ccc2OC2CC2)s1	0.015139
rxn:5:182637:229231:227668	CCc1ncc(-c2cc3occc3cc2-c2cc(F)c(OC)c(F)c2C)s1	0.015138
rxn:5:195792:227969:227115	Cc1cc(-c2c(-c3ccnc(C)c3C3CC3)cncc2C2CC2)c(F)cc1C1CC1	0.015135
rxn:5:198632:229009:228574	Cc1ccc(-c2cc(-c3cc(C4CC4)cs3)c3oc(C)nc3c2)c(C#N)c1	0.015134
rxn:5:198748:229009:228111	N#Cc1ccc(-c2cc(-c3cc(C4CC4)cs3)c3ccncc3c2)cc1C#N	0.015133
rxn:5:198748:229009:228104	N#Cc1cccc(C#N)c1-c1cc(-c2cc(C3CC3)cs2)c2ccncc2c1	0.015133
rxn:5:199106:223464:227752	Cc1c(-c2cc[nH]c2)ccc2nccc(-c3ccc(C(F)(F)F)cc3F)c12	0.015131
rxn:5:179400:229272:227108	COc1ncc(-c2cc(C(=O)C3CC3)ccc2-c2cc(C3CCC3)ccc2F)s1	0.015130
rxn:5:179400:229272:227120	COc1ncc(-c2cc(C(=O)C3CC3)ccc2-c2ccc(C3CCC3)cc2F)s1	0.015130
rxn:5:195964:229270:227668	COc1c(F)cc(-c2ccc(-c3ncco3)cc2-c2cnc(C#N)s2)c(C)c1F	0.015129
rxn:5:195914:229270:227668	COc1c(F)cc(-c2cc(-c3ccc(-c4cnc(C#N)s4)cc3)no2)c(C)c1F	0.015129
rxn:5:179840:225439:229311	Cc1ncc(-c2cc(O[C@@H]3CCOC3)ccc2-c2cccc(C(C)N3CCCC3)c2)s1	0.015121
rxn:5:198417:229009:228066	c1cc(-c2ccc3c(c2)OCCO3)c2sc(-c3cc(C4CC4)cs3)cc2n1	0.015119
rxn:5:182823:229270:227668	COc1c(F)cc(-c2cc3ccccc3cc2-c2cnc(C#N)s2)c(C)c1F	0.015118
rxn:5:198911:229270:228005	CSc1cc(C)c(-c2cc3c(C)c[nH]c3cc2-c2cnc(C#N)s2)cc1C	0.015116
rxn:5:176993:229272:227675	CCCC(=O)c1ccc(-c2cc(OC)c(C)c(F)c2F)c(-c2cnc(OC)s2)c1	0.015114
rxn:5:199106:223464:226863	Cc1c(-c2cc[nH]c2)ccc2nccc(-c3ccc(OC(F)(F)F)cc3F)c12	0.015113
rxn:5:199106:223464:226869	Cc1c(-c2cc[nH]c2)ccc2nccc(-c3cc(F)cc(OC(F)(F)F)c3)c12	0.015113
rxn:5:199106:223464:226872	Cc1c(-c2cc[nH]c2)ccc2nccc(-c3cc(F)ccc3OC(F)(F)F)c12	0.015113
rxn:5:198417:228779:227278	COc1ccc(F)cc1-c1cc2nccc(-c3ccc(C4(C#N)CC4)nc3)c2s1	0.015112
rxn:5:176993:229272:227834	CCCC(=O)c1ccc(-c2ccc(C3CC3)c(C)c2)c(-c2cnc(OC)s2)c1	0.015108
rxn:5:176993:229272:227835	CCCC(=O)c1ccc(-c2ccc(C)c(C3CC3)c2)c(-c2cnc(OC)s2)c1	0.015108
rxn:5:182654:228597:228556	COCc1ccc(-c2c(-c3c(C)cccc3C#N)ccc3ccsc23)cc1	0.015106
rxn:5:195324:227034:228623	CSc1ccc(-c2c(C#N)cccc2C2CC2)c(-c2sccc2C2CCC2)n1	0.015102
rxn:5:198417:228693:223411	CCN(C)c1ccc(-c2cc3nccc(-c4cc5cccnc5[nH]4)c3s2)s1	0.015101
rxn:5:176993:229272:227390	CCCC(=O)c1ccc(-c2ccnn2C2CCCCC2)c(-c2cnc(OC)s2)c1	0.015099
rxn:5:181071:223390:228435	COc1cccc(-c2c(SC)ccc(F)c2F)c1-c1ccc2cc[nH]c2c1	0.015098
rxn:5:181071:223392:228435	COc1cccc(-c2c(SC)ccc(F)c2F)c1-c1ccc2[nH]ccc2c1	0.015098
rxn:5:182656:228375:223271	CC(=O)Nc1cc(-c2c(-c3c(F)ccc(C#N)c3F)ccc3ccoc23)ccc1F	0.015094
rxn:5:182656:228378:223271	CC(=O)Nc1cc(-c2c(-c3ccc(C#N)c(F)c3F)ccc3ccoc23)ccc1F	0.015094
rxn:5:182656:228372:223271	CC(=O)Nc1cc(-c2c(-c3cc(F)c(C#N)cc3F)ccc3ccoc23)ccc1F	0.015094
rxn:5:179206:228977:228435	COc1ccc(-c2ccc3c(c2)CC3)c(SC)c1-c1c(SC)ccc(F)c1F	0.015094
rxn:5:181071:228977:226075	COc1ccc2cc(-c3cccc(OC)c3-c3ccc4c(c3)CC4)ccc2c1	0.015088
rxn:5:198417:223341:227319	CC(C)Cc1cc(-c2ccnc3cc(-c4ccc5c(c4)CC(=O)N5)sc23)c(F)cn1	0.015087
rxn:5:198417:223341:227315	CC(C)Cc1cc(F)c(-c2ccnc3cc(-c4ccc5c(c4)CC(=O)N5)sc23)cn1	0.015087
rxn:5:198922:229270:223164	Cc1cc2cc[nH]c2c(-c2cnc(C#N)s2)c1-c1cc(F)c(F)c(NC2CC2)c1	0.015083
rxn:5:198920:229270:223164	Cc1c(-c2cc(F)c(F)c(NC3CC3)c2)c(-c2cnc(C#N)s2)cc2cc[nH]c12	0.015083
rxn:5:198915:229270:223164	Cc1c(-c2cc(F)c(F)c(NC3CC3)c2)cc(-c2cnc(C#N)s2)c2cc[nH]c12	0.015083
rxn:5:198911:229270:223164	Cc1c[nH]c2cc(-c3cnc(C#N)s3)c(-c3cc(F)c(F)c(NC4CC4)c3)cc12	0.015083
rxn:5:198914:229270:223164	Cc1c(-c2cnc(C#N)s2)cc(-c2cc(F)c(F)c(NC3CC3)c2)c2cc[nH]c12	0.015083
rxn:5:195792:228040:223105	CNS(=O)(=O)c1cc(-c2c(-c3ccnc4ccncc34)cncc2C2CC2)c(F)cc1C	0.015083
rxn:5:198417:227943:223411	Cc1ccc(N(C)C)c(-c2cc3nccc(-c4cc5cccnc5[nH]4)c3s2)c1	0.015082
rxn:5:199106:223466:226695	Cc1c(-c2cn[nH]c2)ccc2nccc(-c3ccc(-c4cncs4)cc3F)c12	0.015081
rxn:5:199106:223468:226695	Cc1c(-c2c[nH]cn2)ccc2nccc(-c3ccc(-c4cncs4)cc3F)c12	0.015081
rxn:5:199106:223464:226823	Cc1c(-c2cc[nH]c2)ccc2nccc(-c3cnc(-c4cncs4)cc3F)c12	0.015081
rxn:5:199106:223464:226820	Cc1c(-c2cc[nH]c2)ccc2nccc(-c3cnc(-c4cscn4)cc3F)c12	0.015081
rxn:5:199106:223464:226818	Cc1c(-c2cc[nH]c2)ccc2nccc(-c3cnc(-c4nccs4)cc3F)c12	0.015081
rxn:5:195792:223414:227115	Cc1cc(-c2c(-c3ccnc4[nH]ccc34)cncc2C2CC2)c(F)cc1C1CC1	0.015078
rxn:5:195792:223410:227115	Cc1cc(-c2c(-c3c[nH]c4cnccc34)cncc2C2CC2)c(F)cc1C1CC1	0.015078
rxn:5:195792:223416:227115	Cc1cc(-c2c(-c3c[nH]c4ncccc34)cncc2C2CC2)c(F)cc1C1CC1	0.015078
rxn:5:181071:227026:228435	COc1cccc(-c2c(SC)ccc(F)c2F)c1-c1ccc(C#N)c(C2CC2)c1	0.015076
rxn:5:181071:227033:228435	COc1cccc(-c2c(SC)ccc(F)c2F)c1-c1ccc(C2CC2)c(C#N)c1	0.015076
rxn:5:192424:229338:223320	Cc1cc(-c2ccc(Oc3ccc(-c4ccns4)cc3)nc2)c2cn[nH]c2c1	0.015075
rxn:5:195435:228662:223320	CC(=O)c1cc(-c2cc(C)cc3[nH]ncc23)cc(-c2cc3cnccc3s2)n1	0.015074
rxn:5:195435:228667:223320	CC(=O)c1cc(-c2cc(C)cc3[nH]ncc23)cc(-c2cc3ncccc3s2)n1	0.015074
rxn:5:195435:228668:223320	CC(=O)c1cc(-c2cc(C)cc3[nH]ncc23)cc(-c2cc3cccnc3s2)n1	0.015074
rxn:5:195435:228674:223320	CC(=O)c1cc(-c2cc(C)cc3[nH]ncc23)cc(-c2cnc3sccc3c2)n1	0.015074
rxn:5:197522:229338:223320	CC(=O)c1cc2cc(-c3ccns3)ccc2nc1-c1cc(C)cc2[nH]ncc12	0.015074
rxn:5:181071:225631:228435	COc1cccc(-c2c(SC)ccc(F)c2F)c1-c1ccc(N2CCN(C)CC2)cc1	0.015071
rxn:5:198417:223341:227536	CCOc1cc(-c2ccnc3cc(-c4ccc5c(c4)CC(=O)N5)sc23)c(F)cc1F	0.015070
rxn:5:198417:223341:227541	CCOc1cc(F)c(-c2ccnc3cc(-c4ccc5c(c4)CC(=O)N5)sc23)cc1F	0.015070
rxn:5:198417:223341:227535	CCOc1cc(F)c(F)cc1-c1ccnc2cc(-c3ccc4c(c3)CC(=O)N4)sc12	0.015070
rxn:5:179400:229231:223000	CCc1ncc(-c2cc(C(=O)C3CC3)ccc2-c2ccc(C3CCCNC3)c(F)c2)s1	0.015069
rxn:5:198417:228338:228455	COc1ncc(-c2ccnc3cc(-c4cnc(OC5CCC5)s4)sc23)c(OC)n1	0.015068
rxn:5:182645:228597:229008	Cc1cccc(C#N)c1-c1cc(-c2ccc(CF)cc2)cc2ccsc12	0.015065
rxn:5:182649:228597:229008	Cc1cccc(C#N)c1-c1ccc(-c2ccc(CF)cc2)c2ccsc12	0.015065
rxn:5:182654:228575:229008	Cc1cc(-c2ccc3ccsc3c2-c2ccc(CF)cc2)ccc1C#N	0.015065
rxn:5:182654:228581:229008	Cc1c(C#N)cccc1-c1ccc2ccsc2c1-c1ccc(CF)cc1	0.015065
rxn:5:182654:228590:229008	Cc1cccc(-c2ccc3ccsc3c2-c2ccc(CF)cc2)c1C#N	0.015065
rxn:5:182654:228572:229008	Cc1ccc(-c2ccc3ccsc3c2-c2ccc(CF)cc2)cc1C#N	0.015065
rxn:5:182654:228574:229008	Cc1ccc(-c2ccc3ccsc3c2-c2ccc(CF)cc2)c(C#N)c1	0.015065
rxn:5:182654:228579:229008	Cc1ccc(C#N)c(-c2ccc3ccsc3c2-c2ccc(CF)cc2)c1	0.015065
rxn:5:182654:228573:229008	Cc1cc(C#N)ccc1-c1ccc2ccsc2c1-c1ccc(CF)cc1	0.015065
rxn:5:182654:228576:229008	Cc1ccc(C#N)cc1-c1ccc2ccsc2c1-c1ccc(CF)cc1	0.015065
rxn:5:198417:229009:228780	COc1c(F)cccc1-c1ccnc2cc(-c3cc(C4CC4)cs3)sc12	0.015057
rxn:5:182656:223401:223271	CNc1cc(-c2ccc3ccoc3c2-c2ccc(F)c(NC(C)=O)c2)ccc1C	0.015056
rxn:5:182656:223357:223271	CC(=O)Nc1cc(-c2c(-c3ccccc3NC(C)=O)ccc3ccoc23)ccc1F	0.015053
rxn:5:198417:229009:228988	Cc1ccc(-c2ccnc3cc(-c4cc(C5CC5)cs4)sc23)cc1C	0.015050
rxn:5:181071:227834:228435	COc1cccc(-c2c(SC)ccc(F)c2F)c1-c1ccc(C2CC2)c(C)c1	0.015045
rxn:5:181071:227835:228435	COc1cccc(-c2c(SC)ccc(F)c2F)c1-c1ccc(C)c(C2CC2)c1	0.015045
rxn:5:195463:226412:227125	Cc1cc(-c2cc(F)cc(N3CCCC3)c2)c(-c2ccccc2C2CCOC2)cc1C#N	0.015042
rxn:5:198923:229270:226593	Cc1cc(-c2cnc(C#N)s2)c2[nH]ccc2c1-c1c(F)ccc(OC(C)C)c1F	0.015041
rxn:5:197759:228888:229177	CCc1cc2ccc(-c3cc(C#N)ncc3F)c(C)c2nc1-c1c(F)cncc1F	0.015038
rxn:5:179400:227893:228821	Cc1ccc(-c2ccc(C(=O)C3CC3)cc2-c2cccc(CN(C)C)c2)c(F)c1F	0.015038
rxn:5:195792:227960:227115	Cc1cc(-c2c(-c3ccncc3C3CCC3)cncc2C2CC2)c(F)cc1C1CC1	0.015038
rxn:5:195792:227968:227115	Cc1cc(-c2c(-c3cnccc3C3CCC3)cncc2C2CC2)c(F)cc1C1CC1	0.015038
rxn:5:176998:229270:226593	CC(C)Oc1ccc(F)c(-c2c(OCC3CC3)cccc2-c2cnc(C#N)s2)c1F	0.015038
rxn:5:182656:227166:223271	CC(=O)Nc1cc(-c2c(-c3ccc4c(c3)OCCN4C)ccc3ccoc23)ccc1F	0.015031
rxn:5:196342:228411:229311	COc1ccc(-c2c(-c3cccc(-c4cnc(C)s4)c3)noc2C)c(F)c1F	0.015026
rxn:5:197125:227996:229270	COc1cc(-c2cnc(C#N)s2)c2nc(-c3ccc(C(C)=O)cc3C)sc2c1	0.015013
rxn:5:182656:228154:223271	COc1cccc(OC)c1-c1ccc2ccoc2c1-c1ccc(F)c(NC(C)=O)c1	0.015010
rxn:5:182656:228148:223271	COc1cccc(-c2ccc3ccoc3c2-c2ccc(F)c(NC(C)=O)c2)c1OC	0.015010
rxn:5:182656:228155:223271	COc1ccc(-c2ccc3ccoc3c2-c2ccc(F)c(NC(C)=O)c2)cc1OC	0.015010
rxn:5:194141:229270:228158	CCOc1cc(F)cc(-c2cc3[nH]cc(C(=O)OC)c3cc2-c2cnc(C#N)s2)c1	0.015004
rxn:5:198417:223252:227278	N#CC1(c2ccc(-c3ccnc4cc(-c5cc(F)c6c(c5)NCCO6)sc34)cn2)CC1	0.014999
rxn:5:198642:229009:228574	Cc1ccc(-c2cc(-c3cc(C4CC4)cs3)c3cnccc3c2)c(C#N)c1	0.014998
rxn:5:198744:229009:228574	Cc1ccc(-c2ccc3c(-c4cc(C5CC5)cs4)cncc3c2)c(C#N)c1	0.014998
rxn:5:198753:229009:228574	Cc1ccc(-c2c(-c3cc(C4CC4)cs3)ccc3cnccc23)c(C#N)c1	0.014998
rxn:5:198754:229009:228574	Cc1ccc(-c2cc3ccncc3cc2-c2cc(C3CC3)cs2)c(C#N)c1	0.014998
rxn:5:198756:229009:228574	Cc1ccc(-c2cc3cnccc3cc2-c2cc(C3CC3)cs2)c(C#N)c1	0.014998
rxn:5:198637:229009:228574	Cc1ccc(-c2ccc(-c3cc(C4CC4)cs3)c3ccncc23)c(C#N)c1	0.014998
rxn:5:198660:229009:228574	Cc1ccc(-c2ccc(-c3cc(C4CC4)cs3)c3cnccc23)c(C#N)c1	0.014998
rxn:5:198758:229009:228574	Cc1ccc(-c2ccc3cncc(-c4cc(C5CC5)cs4)c3c2)c(C#N)c1	0.014998
rxn:5:198641:229009:228574	Cc1ccc(-c2cc(-c3cc(C4CC4)cs3)cc3ccncc23)c(C#N)c1	0.014998
rxn:5:198669:229009:228574	Cc1ccc(-c2cc(-c3cc(C4CC4)cs3)c3cccnc3c2)c(C#N)c1	0.014998
rxn:5:198746:229009:228574	Cc1ccc(-c2cc(-c3cc(C4CC4)cs3)c3ncccc3c2)c(C#N)c1	0.014998
rxn:5:198676:229009:228574	Cc1ccc(-c2ccc3ccncc3c2-c2cc(C3CC3)cs2)c(C#N)c1	0.014998
rxn:5:198662:229009:228574	Cc1ccc(-c2ccc3c(-c4cc(C5CC5)cs4)nccc3c2)c(C#N)c1	0.014998
rxn:5:198757:229009:228574	Cc1ccc(-c2cncc3ccc(-c4cc(C5CC5)cs4)cc23)c(C#N)c1	0.014998
rxn:5:198663:229009:228574	Cc1ccc(-c2ccc3cnc(-c4cc(C5CC5)cs4)cc3c2)c(C#N)c1	0.014998
rxn:5:198665:229009:228574	Cc1ccc(-c2ccc3cc(-c4cc(C5CC5)cs4)ncc3c2)c(C#N)c1	0.014998
rxn:5:198674:229009:228574	Cc1ccc(-c2c(-c3cc(C4CC4)cs3)ccc3cccnc23)c(C#N)c1	0.014998
rxn:5:198748:229011:228574	Cc1ccc(-c2cc(-c3ccc(C4CC4)s3)c3ccncc3c2)c(C#N)c1	0.014998
rxn:5:198748:229013:228574	Cc1ccc(-c2cc(-c3sccc3C3CC3)c3ccncc3c2)c(C#N)c1	0.014998
rxn:5:198748:229016:228574	Cc1ccc(-c2cc(-c3ccsc3C3CC3)c3ccncc3c2)c(C#N)c1	0.014998
rxn:5:198748:229009:228579	Cc1ccc(C#N)c(-c2cc(-c3cc(C4CC4)cs3)c3ccncc3c2)c1	0.014998
rxn:5:198748:229009:228573	Cc1cc(C#N)ccc1-c1cc(-c2cc(C3CC3)cs2)c2ccncc2c1	0.014998
rxn:5:198748:229009:228581	Cc1c(C#N)cccc1-c1cc(-c2cc(C3CC3)cs2)c2ccncc2c1	0.014998
rxn:5:198748:229009:228572	Cc1ccc(-c2cc(-c3cc(C4CC4)cs3)c3ccncc3c2)cc1C#N	0.014998
rxn:5:198748:229009:228575	Cc1cc(-c2cc(-c3cc(C4CC4)cs3)c3ccncc3c2)ccc1C#N	0.014998
rxn:5:198748:229009:228576	Cc1ccc(C#N)cc1-c1cc(-c2cc(C3CC3)cs2)c2ccncc2c1	0.014998
rxn:5:198748:229009:228597	Cc1cccc(C#N)c1-c1cc(-c2cc(C3CC3)cs2)c2ccncc2c1	0.014998
rxn:5:198748:229009:228587	Cc1cc(C#N)cc(-c2cc(-c3cc(C4CC4)cs3)c3ccncc3c2)c1	0.014998
rxn:5:198748:229009:228590	Cc1cccc(-c2cc(-c3cc(C4CC4)cs3)c3ccncc3c2)c1C#N	0.014998
rxn:5:182654:228597:229132	Cc1cccc(C#N)c1-c1ccc2ccsc2c1-c1ccc(F)c(F)c1	0.014996
rxn:5:182656:228127:228619	CCc1cc(-c2c(-c3c(C#N)cccc3OC)ccc3ccoc23)ccc1F	0.014996
rxn:5:182656:228127:228613	CCc1ccc(-c2c(-c3c(C#N)cccc3OC)ccc3ccoc23)cc1F	0.014996
rxn:5:199106:223464:227436	Cc1c(-c2cc[nH]c2)ccc2nccc(-c3ccc(-c4cncs4)cc3)c12	0.014991
rxn:5:199106:223464:227431	Cc1c(-c2cc[nH]c2)ccc2nccc(-c3ccc(-c4cscn4)cc3)c12	0.014991
rxn:5:199106:223464:227425	Cc1c(-c2cc[nH]c2)ccc2nccc(-c3cccc(-c4cncs4)c3)c12	0.014991
rxn:5:199106:223464:227434	Cc1c(-c2cc[nH]c2)ccc2nccc(-c3ccccc3-c3cncs3)c12	0.014991
rxn:5:198417:223421:223411	CNC(C)c1ccc(-c2cc3nccc(-c4cc5cccnc5[nH]4)c3s2)s1	0.014989
rxn:5:198417:229270:225638	CC1CCN(c2ccc(-c3ccnc4cc(-c5cnc(C#N)s5)sc34)cn2)CC1	0.014988
rxn:5:182654:228597:228978	CCc1ccc(-c2c(-c3c(C)cccc3C#N)ccc3ccsc23)cc1	0.014987
rxn:5:182637:228711:227668	COc1c(F)cc(-c2cc3ccoc3cc2-c2cc(C)cnc2C#N)c(C)c1F	0.014983
rxn:5:182637:228714:227668	COc1c(F)cc(-c2cc3ccoc3cc2-c2cnc(C#N)cc2C)c(C)c1F	0.014983
rxn:5:182637:228718:227668	COc1c(F)cc(-c2cc3ccoc3cc2-c2cc(C#N)cnc2C)c(C)c1F	0.014983
rxn:5:182637:228719:227668	COc1c(F)cc(-c2cc3ccoc3cc2-c2cc(C#N)ncc2C)c(C)c1F	0.014983
rxn:5:198417:227297:228455	COc1ncc(-c2ccnc3cc(-c4cc(CN(C)C)ccc4F)sc23)c(OC)n1	0.014983
rxn:5:198417:229234:223411	CSc1ccc(-c2cc3nccc(-c4cc5cccnc5[nH]4)c3s2)s1	0.014982
rxn:5:198911:229270:227540	COc1c(F)cc(SC)cc1-c1cc2c(C)c[nH]c2cc1-c1cnc(C#N)s1	0.014981
rxn:5:182654:228127:229008	COc1cccc(C#N)c1-c1ccc2ccsc2c1-c1ccc(CF)cc1	0.014978
rxn:5:182654:228118:229008	COc1cccc(-c2ccc3ccsc3c2-c2ccc(CF)cc2)c1C#N	0.014978
rxn:5:182654:228126:229008	COc1ccc(-c2ccc3ccsc3c2-c2ccc(CF)cc2)c(C#N)c1	0.014978
rxn:5:182654:228145:229008	COc1ccc(C#N)c(-c2ccc3ccsc3c2-c2ccc(CF)cc2)c1	0.014978
rxn:5:182654:228114:229008	COc1cc(-c2ccc3ccsc3c2-c2ccc(CF)cc2)ccc1C#N	0.014978
rxn:5:182654:228128:229008	COc1ccc(-c2ccc3ccsc3c2-c2ccc(CF)cc2)cc1C#N	0.014978
rxn:5:182637:229270:226599	CCOc1c(F)cc(-c2cc3ccoc3cc2-c2cnc(C#N)s2)c(C)c1F	0.014978
rxn:5:182637:229270:226600	CCOc1c(F)c(C)cc(-c2cc3ccoc3cc2-c2cnc(C#N)s2)c1F	0.014978
rxn:5:198417:222416:227278	N#CC1(c2ccc(-c3ccnc4cc(-c5ccc6[nH]c(=O)[nH]c6c5)sc34)cn2)CC1	0.014972
rxn:5:198417:223397:226364	c1cc(-c2ccc(N3CCCCC3)nc2)c2sc(-c3ccc4c(c3)CCN4)cc2n1	0.014970
rxn:5:176594:227138:229311	CC(=O)COc1ccc(-c2cc3ccc(C#N)cc3s2)c(-c2cnc(C)s2)c1	0.014969
rxn:5:179982:229270:226593	Cc1c(OC(C)C)ccc(-c2cnc(C#N)s2)c1-c1c(F)ccc(OC(C)C)c1F	0.014968
rxn:5:178984:223464:226695	CCSc1ccc(-c2cc[nH]c2)cc1-c1ccc(-c2cncs2)cc1F	0.014968
rxn:5:197125:227349:229270	COc1cc(-c2cnc(C#N)s2)c2nc(-c3cc(C)cc(OC)c3OC)sc2c1	0.014960
rxn:5:197125:227350:229270	COc1cc(-c2cnc(C#N)s2)c2nc(-c3c(OC)cc(C)cc3OC)sc2c1	0.014960
rxn:5:197125:227361:229270	COc1cc(-c2cnc(C#N)s2)c2nc(-c3cc(OC)c(C)cc3OC)sc2c1	0.014960
rxn:5:197125:227353:229270	COc1cc(C)c(-c2nc3c(-c4cnc(C#N)s4)cc(OC)cc3s2)c(OC)c1	0.014960
rxn:5:197125:227348:229270	COc1cc(-c2cnc(C#N)s2)c2nc(-c3ccc(OC)c(OC)c3C)sc2c1	0.014960
rxn:5:197125:227364:229270	COc1cc(-c2cnc(C#N)s2)c2nc(-c3ccc(OC)c(C)c3OC)sc2c1	0.014960
rxn:5:176993:229272:227825	CCCC(=O)c1ccc(-c2cccc(C3CCC3)c2)c(-c2cnc(OC)s2)c1	0.014959
rxn:5:176993:229272:227824	CCCC(=O)c1ccc(-c2ccc(C3CCC3)cc2)c(-c2cnc(OC)s2)c1	0.014959
rxn:5:198417:223285:223411	CS(=O)(=O)Nc1ccccc1-c1cc2nccc(-c3cc4cccnc4[nH]3)c2s1	0.014958
rxn:5:195460:225706:229272	COc1ncc(-c2cc(-c3cc4ncn(C(C)C)c4cc3F)cc(C)c2C#N)s1	0.014957
rxn:5:179840:226882:229311	Cc1ncc(-c2cc(O[C@@H]3CCOC3)ccc2-c2ccc(C(F)(F)F)c(F)c2F)s1	0.014956
rxn:5:179840:226887:229311	Cc1ncc(-c2cc(O[C@@H]3CCOC3)ccc2-c2ccc(F)c(C(F)(F)F)c2F)s1	0.014956
rxn:5:176993:229272:228434	CCCC(=O)c1ccc(-c2ccc(C(F)F)c(F)c2)c(-c2cnc(OC)s2)c1	0.014956
rxn:5:198911:228527:228332	COc1cc(SC)c(-c2cc3c(C)c[nH]c3cc2-c2cccc3c2OCC3)cn1	0.014955
rxn:5:195792:228040:227561	COc1cc(F)c(-c2c(-c3ccnc4ccncc34)cncc2C2CC2)cc1OC	0.014953
rxn:5:181071:229132:228435	COc1cccc(-c2c(SC)ccc(F)c2F)c1-c1ccc(F)c(F)c1	0.014952
rxn:5:194050:228888:229177	COC(=O)c1cc2c(-c3cc(C#N)ncc3F)cnc(-c3c(F)cncc3F)c2s1	0.014950
rxn:5:199106:229296:226214	COc1ccc2ccc(-c3ccnc4ccc(-c5cnn(C)c5)c(C)c34)cc2n1	0.014944
rxn:5:176753:229270:227394	CCCOc1ccc(-c2cc(-c3ccccc3)no2)cc1-c1cnc(C#N)s1	0.014944
rxn:5:198410:228990:223411	CCCc1ccc(-c2nc3cccc(-c4cc5cccnc5[nH]4)c3s2)s1	0.014936
rxn:5:198431:228990:223411	CCCc1ccc(-c2cc3ccnc(-c4cc5cccnc5[nH]4)c3s2)s1	0.014936
rxn:5:198437:228990:223411	CCCc1ccc(-c2csc3c(-c4cc5cccnc5[nH]4)ccnc23)s1	0.014936
rxn:5:198404:228990:223411	CCCc1ccc(-c2cc3c(-c4cc5cccnc5[nH]4)nccc3s2)s1	0.014936
rxn:5:198443:228990:223411	CCCc1ccc(-c2csc3nccc(-c4cc5cccnc5[nH]4)c23)s1	0.014936
rxn:5:198409:228990:223411	CCCc1ccc(-c2cc3ccc(-c4cc5cccnc5[nH]4)nc3s2)s1	0.014936
rxn:5:198417:228991:223411	CCCc1sccc1-c1cc2nccc(-c3cc4cccnc4[nH]3)c2s1	0.014936
rxn:5:198417:228990:223419	CCCc1ccc(-c2cc3nccc(-c4cc5ccncc5[nH]4)c3s2)s1	0.014936
rxn:5:198417:228990:223416	CCCc1ccc(-c2cc3nccc(-c4c[nH]c5ncccc45)c3s2)s1	0.014936
rxn:5:198417:228990:223409	CCCc1ccc(-c2cc3nccc(-c4cnc5[nH]ccc5c4)c3s2)s1	0.014936
rxn:5:182656:228830:223271	CC(=O)Nc1cc(-c2c(-c3ccc(F)c(C)c3F)ccc3ccoc23)ccc1F	0.014933
rxn:5:181076:228888:226772	COC(=O)c1cc(F)c(-c2cc(SC)cc(-c3cc(C#N)ncc3F)c2)c(F)c1	0.014933
rxn:5:196614:228411:229311	COc1ccc(-c2cc(-c3cnc(C)s3)ccc2-c2cccn2C)c(F)c1F	0.014932
rxn:5:198620:229011:223421	CNC(C)c1ccc(-c2ccnc3ccc(-c4ccc(C5CC5)s4)cc23)s1	0.014924
rxn:5:179400:229233:223000	COc1ccc(-c2cc(C(=O)C3CC3)ccc2-c2ccc(C3CCCNC3)c(F)c2)s1	0.014921
rxn:5:179400:229236:223000	COc1csc(-c2cc(C(=O)C3CC3)ccc2-c2ccc(C3CCCNC3)c(F)c2)c1	0.014921
rxn:5:198620:223464:227099	c1ccc(-c2ccc(-c3ccnc4ccc(-c5cc[nH]c5)cc34)s2)cc1	0.014921
rxn:5:198911:223378:228332	COc1cc(SC)c(-c2cc3c(C)c[nH]c3cc2-c2cnc3c(c2)NCCO3)cn1	0.014917
rxn:5:198417:223341:228621	CSc1cc(C)ccc1-c1ccnc2cc(-c3ccc4c(c3)CC(=O)N4)sc12	0.014915
rxn:5:198748:228178:228574	COCc1ccc(F)c(-c2cc(-c3ccc(C)cc3C#N)cc3cnccc23)c1	0.014915
rxn:5:198620:223231:223421	CNC(=O)c1ccc(-c2ccc3nccc(-c4ccc(C(C)NC)s4)c3c2)cc1C	0.014914
rxn:5:198417:229270:227411	N#Cc1ncc(-c2cc3nccc(-c4ccc(-c5ccoc5)nc4)c3s2)s1	0.014908
rxn:5:199106:229296:226958	Cc1ccc2ccc(-c3ccnc4ccc(-c5cnn(C)c5)c(C)c34)cc2n1	0.014901
rxn:5:199106:229296:226944	Cc1ccc2cc(-c3ccnc4ccc(-c5cnn(C)c5)c(C)c34)ccc2n1	0.014901
rxn:5:196916:229296:226200	CC(C)n1cnc2cc(-c3ccc(N4CCCCC4=O)c(-c4cnn(C)c4)c3)ccc21	0.014901
rxn:5:181071:228077:228435	COc1cccc(-c2c(SC)ccc(F)c2F)c1-c1ccc2c(c1)C(=O)OC2	0.014900
rxn:5:181071:228078:228435	COc1cccc(-c2c(SC)ccc(F)c2F)c1-c1ccc2c(c1)COC2=O	0.014900
rxn:5:198748:228694:228574	CCN(C)c1csc(-c2cc(-c3ccc(C)cc3C#N)cc3cnccc23)c1	0.014894
rxn:5:199106:223466:226070	Cc1c(-c2cn[nH]c2)ccc2nccc(-c3ccc4c(ccn4C(C)C)c3)c12	0.014893
rxn:5:198417:229137:223390	Fc1cccc(F)c1-c1cc2nccc(-c3ccc4cc[nH]c4c3)c2s1	0.014892
rxn:5:182637:223250:227668	COc1c(F)cc(-c2cc3ccoc3cc2-c2ccc3c(c2)NC(=O)CO3)c(C)c1F	0.014887
rxn:5:182654:229137:229008	FCc1ccc(-c2c(-c3c(F)cccc3F)ccc3ccsc23)cc1	0.014883
rxn:5:182654:229134:229008	FCc1ccc(-c2c(-c3cc(F)ccc3F)ccc3ccsc23)cc1	0.014883
rxn:5:182823:229270:223164	N#Cc1ncc(-c2cc3ccccc3cc2-c2cc(F)c(F)c(NC3CC3)c2)s1	0.014883
rxn:5:197125:227759:229270	COc1cc(-c2cnc(C#N)s2)c2nc(-c3c(F)cc(F)c(OC)c3F)sc2c1	0.014880
rxn:5:196858:228990:223411	CCCc1ccc(-c2cnc(C3CCOCC3)cc2-c2cc3cccnc3[nH]2)s1	0.014880
rxn:5:198417:223341:227985	CC(C)c1cc(-c2ccnc3cc(-c4ccc5c(c4)CC(=O)N5)sc23)ccc1F	0.014879
rxn:5:198417:228585:223390	c1cc(C2CC2)c(-c2cc3nccc(-c4ccc5cc[nH]c5c4)c3s2)cn1	0.014875
rxn:5:198417:228570:223390	c1cc(-c2ccc3cc[nH]c3c2)c2sc(-c3cncc(C4CC4)c3)cc2n1	0.014875
rxn:5:198513:228711:223164	Cc1cnc(C#N)c(-c2cc3cc[nH]c3cc2-c2cc(F)c(F)c(NC3CC3)c2)c1	0.014875
rxn:5:198513:228714:223164	Cc1cc(C#N)ncc1-c1cc2cc[nH]c2cc1-c1cc(F)c(F)c(NC2CC2)c1	0.014875
rxn:5:198513:228718:223164	Cc1ncc(C#N)cc1-c1cc2cc[nH]c2cc1-c1cc(F)c(F)c(NC2CC2)c1	0.014875
rxn:5:198513:228719:223164	Cc1cnc(C#N)cc1-c1cc2cc[nH]c2cc1-c1cc(F)c(F)c(NC2CC2)c1	0.014875
rxn:5:194248:229338:223320	COC(=O)c1ccc2cc(-c3cc(C)cc4[nH]ncc34)cc(-c3ccns3)c2n1	0.014872
rxn:5:194141:229270:226644	COC(=O)c1c[nH]c2cc(-c3cncc(N4CCOCC4)c3)c(-c3cnc(C#N)s3)cc12	0.014872
rxn:5:189778:229009:228574	Cc1ccc(-c2ccc(-c3cc(C4CC4)cs3)cc2CCN2CCCC2)c(C#N)c1	0.014872
rxn:5:195792:228040:227321	COc1c(-c2c(-c3ccnc4ccncc34)cncc2C2CC2)cncc1C1CC1	0.014871
rxn:5:176753:227129:229308	CCCOc1ccc(-c2cc(C)no2)cc1-c1ccccc1-c1ccco1	0.014868
rxn:5:196412:228259:229270	COc1cc(C)cc(-c2ccc(-c3cnco3)c(C)c2-c2cnc(C#N)s2)c1F	0.014863
rxn:5:197212:228259:229270	CCc1nc2c(-c3cnc(C#N)s3)cc(-c3cc(C)cc(OC)c3F)cc2s1	0.014862
rxn:5:176594:226976:229311	CC(=O)COc1ccc(-c2c(F)ccc3ccccc23)c(-c2cnc(C)s2)c1	0.014854
rxn:5:195792:228920:227115	CSc1nccc(-c2cncc(C3CC3)c2-c2cc(C)c(C3CC3)cc2F)c1F	0.014852
rxn:5:199080:229270:227668	COc1c(F)cc(-c2ccc3c(-c4cnc(C#N)s4)nc(C)cc3c2)c(C)c1F	0.014848
rxn:5:176993:229272:225804	CCCC(=O)c1ccc(-c2ccc(C(=O)N3CCC3)c(F)c2)c(-c2cnc(OC)s2)c1	0.014844
rxn:5:198911:229270:228456	COc1nc(SC)ncc1-c1cc2c(C)c[nH]c2cc1-c1cnc(C#N)s1	0.014842
rxn:5:198911:229270:228459	COc1ncc(-c2cc3c(C)c[nH]c3cc2-c2cnc(C#N)s2)c(SC)n1	0.014842
rxn:5:176594:227866:229311	CC(=O)COc1ccc(-c2cc3cc(C)ccc3s2)c(-c2cnc(C)s2)c1	0.014839
rxn:5:199106:223466:225421	Cc1c(-c2cn[nH]c2)ccc2nccc(-c3cccc4c(N(C)C)cccc34)c12	0.014834
rxn:5:182143:229270:227668	COc1c(F)cc(-c2cc(-c3cnc(C#N)s3)c(OC)c3ccoc23)c(C)c1F	0.014833
rxn:5:181076:225671:229177	CSc1cc(-c2cc(C3CCCCC3)ncc2F)cc(-c2c(F)cncc2F)c1	0.014829
rxn:5:198417:229009:223249	O=c1[nH]cnc2ccc(-c3ccnc4cc(-c5cc(C6CC6)cs5)sc34)cc12	0.014829
rxn:5:195792:228178:227115	COCc1ccc(F)c(-c2cncc(C3CC3)c2-c2cc(C)c(C3CC3)cc2F)c1	0.014826
rxn:5:195792:228179:227115	COCc1cc(F)cc(-c2cncc(C3CC3)c2-c2cc(C)c(C3CC3)cc2F)c1	0.014826
rxn:5:179400:229177:228821	Cc1ccc(-c2ccc(C(=O)C3CC3)cc2-c2c(F)cncc2F)c(F)c1F	0.014825
rxn:5:198748:229009:229031	Cc1ccc(-c2cc(-c3cc(C4CC4)cs3)c3ccncc3c2)c(F)c1	0.014820
rxn:5:198748:229009:229034	Cc1ccc(F)c(-c2cc(-c3cc(C4CC4)cs3)c3ccncc3c2)c1	0.014820
rxn:5:198748:229009:229036	Cc1cc(F)ccc1-c1cc(-c2cc(C3CC3)cs2)c2ccncc2c1	0.014820
rxn:5:197409:223397:227278	COc1cc2nccc(-c3ccc(C4(C#N)CC4)nc3)c2cc1-c1ccc2c(c1)CCN2	0.014816
rxn:5:197430:223397:227278	COc1cc2c(-c3ccc(C4(C#N)CC4)nc3)ccnc2cc1-c1ccc2c(c1)CCN2	0.014816
rxn:5:197413:223397:227278	COc1cc2c(-c3ccc4c(c3)CCN4)ccnc2cc1-c1ccc(C2(C#N)CC2)nc1	0.014816
rxn:5:198417:227860:227278	CN1CCc2cc(-c3cc4nccc(-c5ccc(C6(C#N)CC6)nc5)c4s3)ccc21	0.014815
rxn:5:176753:229270:227634	CCCOc1ccc(-c2cnc(-c3ccsc3)nc2)cc1-c1cnc(C#N)s1	0.014813
rxn:5:195324:226416:229057	CSc1ccc(-c2c(-c3ccccc3)noc2C)c(-c2cnn(C3CC3)c2)n1	0.014808
rxn:5:182654:228597:228495	Cc1cccc(C#N)c1-c1ccc2ccsc2c1-c1ccn(CC(F)(F)F)n1	0.014805
rxn:5:195460:225667:229272	COc1ncc(-c2cc(-c3ccnc(-c4ccc(F)cc4)c3)cc(C)c2C#N)s1	0.014801
rxn:5:195460:225678:229272	COc1ncc(-c2cc(-c3ccnc(-c4cccc(F)c4)c3)cc(C)c2C#N)s1	0.014801
rxn:5:195460:225681:229272	COc1ncc(-c2cc(-c3ccnc(-c4ccccc4F)c3)cc(C)c2C#N)s1	0.014801
rxn:5:195460:225668:229272	COc1ncc(-c2cc(-c3cccc(-c4cc(F)ccn4)c3)cc(C)c2C#N)s1	0.014801
rxn:5:182637:229270:226597	CC(C)Oc1c(F)cc(-c2cc3ccoc3cc2-c2cnc(C#N)s2)cc1F	0.014801
rxn:5:182637:229270:226605	CC(C)Oc1cc(F)c(-c2cc3ccoc3cc2-c2cnc(C#N)s2)cc1F	0.014801
rxn:5:182637:229270:226608	CC(C)Oc1c(-c2cc3ccoc3cc2-c2cnc(C#N)s2)ccc(F)c1F	0.014801
rxn:5:182637:229270:226592	CC(C)Oc1cc(F)c(F)cc1-c1cc2ccoc2cc1-c1cnc(C#N)s1	0.014801
rxn:5:182637:229270:226596	CC(C)Oc1c(F)ccc(-c2cc3ccoc3cc2-c2cnc(C#N)s2)c1F	0.014801
rxn:5:181071:227985:228435	COc1cccc(-c2c(SC)ccc(F)c2F)c1-c1ccc(F)c(C(C)C)c1	0.014800
rxn:5:177003:228977:228435	CCOc1cc(-c2ccc3c(c2)CC3)c(-c2c(SC)ccc(F)c2F)cc1OC	0.014798
rxn:5:177001:228977:228435	CCOc1c(-c2ccc3c(c2)CC3)ccc(OC)c1-c1c(SC)ccc(F)c1F	0.014798
rxn:5:177002:228977:228435	CCOc1cc(-c2c(SC)ccc(F)c2F)c(-c2ccc3c(c2)CC3)cc1OC	0.014798
rxn:5:199106:223464:226689	Cc1nc(-c2cncs2)ccc1-c1ccnc2ccc(-c3cc[nH]c3)c(C)c12	0.014794
rxn:5:182654:228597:223310	Cc1cccc(C#N)c1-c1ccc2ccsc2c1-c1ccc(NC2CC2)cc1	0.014786
rxn:5:195792:228040:227542	COC(=O)c1cc(F)ccc1-c1c(-c2ccnc3ccncc23)cncc1C1CC1	0.014784
rxn:5:179197:227130:229270	N#Cc1ncc(-c2cc(-c3ccc(-c4ccoc4)cc3)ccc2OC2CC2)s1	0.014784
rxn:5:198516:228990:223411	CCCc1ccc(-c2cc(-c3cc4cccnc4[nH]3)c3cc[nH]c3c2)s1	0.014781
rxn:5:176594:226050:229311	CC(=O)COc1ccc(-c2c(F)cc(OC(F)(F)F)cc2F)c(-c2cnc(C)s2)c1	0.014777
rxn:5:182654:228597:229029	Cc1cc(-c2c(-c3c(C)cccc3C#N)ccc3ccsc23)ccc1F	0.014775
rxn:5:182654:228597:229037	Cc1ccc(-c2c(-c3c(C)cccc3C#N)ccc3ccsc23)cc1F	0.014775
rxn:5:198417:227669:228455	COc1ncc(-c2ccnc3cc(-c4cc(C)c(F)c(OC)c4F)sc23)c(OC)n1	0.014774
rxn:5:176993:229272:225874	CCCC(=O)c1ccc(-c2ccc(F)c(N3CCOCC3)c2)c(-c2cnc(OC)s2)c1	0.014768
rxn:5:182637:229270:226152	COc1cc(C2CC2)cc(-c2cc3ccoc3cc2-c2cnc(C#N)s2)c1C	0.014766
rxn:5:193338:228977:228435	CSc1ccc(F)c(F)c1-c1cc(CN2CCOCC2)cc(-c2ccc3c(c2)CC3)c1	0.014766
rxn:5:181076:228888:227172	CSc1cc(-c2cc(C#N)ncc2F)cc(-c2ccc(F)c3cnccc23)c1	0.014764
rxn:5:179400:228897:223000	COc1ncc(F)cc1-c1cc(C(=O)C2CC2)ccc1-c1ccc(C2CCCNC2)c(F)c1	0.014763
rxn:5:179400:228933:223000	COc1cc(F)c(-c2cc(C(=O)C3CC3)ccc2-c2ccc(C3CCCNC3)c(F)c2)cn1	0.014763
rxn:5:179400:228908:223000	COc1cc(-c2cc(C(=O)C3CC3)ccc2-c2ccc(C3CCCNC3)c(F)c2)c(F)cn1	0.014763
rxn:5:199100:228597:229008	Cc1cccc(C#N)c1-c1ccc(C)c2nccc(-c3ccc(CF)cc3)c12	0.014762
rxn:5:179400:229272:226919	COc1ncc(-c2cc(C(=O)C3CC3)ccc2-c2cccc(C3CCCC3)c2)s1	0.014761
rxn:5:179400:229272:226915	COc1ncc(-c2cc(C(=O)C3CC3)ccc2-c2ccc(C3CCCC3)cc2)s1	0.014761
rxn:5:198417:228497:227278	N#CC1(c2ccc(-c3ccnc4cc(-c5ccnn5CC(F)(F)F)sc34)cn2)CC1	0.014756
rxn:5:180096:229344:225824	FC(F)(F)c1cc(-c2cc(-c3cocn3)ccc2OC2CCCC2)cc(C2CC2)c1	0.014756
rxn:5:192952:229270:223263	CNC(=O)c1ccc(F)c(-c2cc(-c3ccc(OC)cc3-c3cnc(C#N)s3)ccn2)c1	0.014755
rxn:5:182654:228784:229008	COc1cc(-c2ccc3ccsc3c2-c2ccc(CF)cc2)ccc1F	0.014752
rxn:5:199106:223464:226190	Cc1c(-c2cc[nH]c2)ccc2nccc(-c3ccc(C4CCCC4)cc3F)c12	0.014750
rxn:5:198748:228846:228574	Cc1ccc(-c2cc(-c3cc(C)c(F)c(F)c3)c3ccncc3c2)c(C#N)c1	0.014749
rxn:5:198417:223341:226465	Cn1c(=O)n(C)c2cc(-c3ccnc4cc(-c5ccc6c(c5)CC(=O)N6)sc34)ccc21	0.014749
rxn:5:182637:229270:227540	COc1c(F)cc(SC)cc1-c1cc2ccoc2cc1-c1cnc(C#N)s1	0.014745
rxn:5:194141:229270:226966	COC(=O)c1c[nH]c2cc(-c3ccc4c(c3)C(=O)CCC4)c(-c3cnc(C#N)s3)cc12	0.014743
rxn:5:181076:226839:229177	CSc1cc(-c2cc(C(F)(F)F)ncc2C#N)cc(-c2c(F)cncc2F)c1	0.014742
rxn:5:181076:226840:229177	CSc1cc(-c2cc(C#N)nc(C(F)(F)F)c2)cc(-c2c(F)cncc2F)c1	0.014742
rxn:5:176594:226073:229311	CC(=O)COc1ccc(-c2ccc3cc(C#N)ccc3c2)c(-c2cnc(C)s2)c1	0.014742
rxn:5:198417:227183:227278	CN1Cc2cc(-c3cc4nccc(-c5ccc(C6(C#N)CC6)nc5)c4s3)ccc2C1=O	0.014738
rxn:5:194141:229270:228211	COC(=O)c1c[nH]c2cc(-c3cc(N4CCCC4)cs3)c(-c3cnc(C#N)s3)cc12	0.014736
rxn:5:195324:227034:227386	CSc1ccc(-c2c(C#N)cccc2C2CC2)c(-c2cnn(C3CCCCC3)c2)n1	0.014734
rxn:5:199106:223462:225981	Cc1cc(-c2ccc3nccc(-c4cnn(-c5cc(F)cc(F)c5)c4)c3c2C)n[nH]1	0.014733
rxn:5:199106:223462:225983	Cc1cc(-c2ccc3nccc(-c4cnn(-c5ccc(F)c(F)c5)c4)c3c2C)n[nH]1	0.014733
rxn:5:198620:223412:223421	CNC(C)c1ccc(-c2ccnc3ccc(-c4nc5ccccc5[nH]4)cc23)s1	0.014730
rxn:5:198620:223408:223421	CNC(C)c1ccc(-c2ccnc3ccc(-c4cccc5cn[nH]c45)cc23)s1	0.014730
rxn:5:198620:223402:223421	CNC(C)c1ccc(-c2ccnc3ccc(-c4ccc5[nH]ncc5c4)cc23)s1	0.014730
rxn:5:199106:223320:229061	Cc1cc(-c2ccc3nccc(-c4cnn(C(C)C)c4)c3c2C)c2cn[nH]c2c1	0.014725
rxn:5:199106:223462:226199	Cc1cc(-c2ccc3nccc(-c4ccc5c(cnn5C(C)C)c4)c3c2C)n[nH]1	0.014725
rxn:5:199106:223316:229061	Cc1n[nH]c2ccc(-c3ccc4nccc(-c5cnn(C(C)C)c5)c4c3C)cc12	0.014725
rxn:5:199106:223317:229061	Cc1n[nH]c2cc(-c3ccc4nccc(-c5cnn(C(C)C)c5)c4c3C)ccc12	0.014725
rxn:5:199106:223462:226201	Cc1cc(-c2ccc3nccc(-c4ccc5nn(C(C)C)cc5c4)c3c2C)n[nH]1	0.014725
rxn:5:197125:228259:229226	COc1cc(-c2ccc(C#N)s2)c2nc(-c3cc(C)cc(OC)c3F)sc2c1	0.014723
rxn:5:197125:228259:229230	COc1cc(-c2cc(C#N)cs2)c2nc(-c3cc(C)cc(OC)c3F)sc2c1	0.014723
rxn:5:197125:227704:229270	COc1cc(-c2cnc(C#N)s2)c2nc(-c3cc(C(F)F)ncc3OC)sc2c1	0.014721
rxn:5:197125:227705:229270	COc1cc(-c2cnc(C#N)s2)c2nc(-c3cnc(C(F)F)cc3OC)sc2c1	0.014721
rxn:5:198417:223341:228664	O=C1Cc2cc(-c3cc4nccc(-c5ccc6scnc6c5)c4s3)ccc2N1	0.014717
rxn:5:198417:223341:228661	O=C1Cc2cc(-c3cc4nccc(-c5ccc6ncsc6c5)c4s3)ccc2N1	0.014717
rxn:5:198911:229075:228332	COc1cc(SC)c(-c2cc3c(C)c[nH]c3cc2-c2cc(C)c(C#N)s2)cn1	0.014714
rxn:5:198911:229076:228332	COc1cc(SC)c(-c2cc3c(C)c[nH]c3cc2-c2sc(C#N)cc2C)cn1	0.014714
rxn:5:198911:229270:225806	Cc1c[nH]c2cc(-c3cnc(C#N)s3)c(-c3cnc(OC4CCCC4)cc3F)cc12	0.014713
rxn:5:182654:229041:229008	Cc1cccc(F)c1-c1ccc2ccsc2c1-c1ccc(CF)cc1	0.014713
rxn:5:182654:229042:229008	Cc1cccc(-c2ccc3ccsc3c2-c2ccc(CF)cc2)c1F	0.014713
rxn:5:198513:229231:223164	CCc1ncc(-c2cc3cc[nH]c3cc2-c2cc(F)c(F)c(NC3CC3)c2)s1	0.014713
rxn:5:180023:228888:229177	N#Cc1cc(-c2cc(Cc3ccccc3)cc(-c3c(F)cncc3F)c2)c(F)cn1	0.014713
rxn:5:195792:228040:223336	Fc1c(-c2c(-c3ccnc4ccncc34)cncc2C2CC2)ccc2[nH]ccc12	0.014712
rxn:5:195460:229065:226217	COc1cc(C)cc2cc(-c3cc(-c4ccnc(C#N)c4)cc(C)c3C#N)sc12	0.014708
rxn:5:182814:228597:229008	Cc1cccc(C#N)c1-c1ccc2ccccc2c1-c1ccc(CF)cc1	0.014703
rxn:5:182822:228597:229008	Cc1cccc(C#N)c1-c1c(-c2ccc(CF)cc2)ccc2ccccc12	0.014703
rxn:5:181745:223183:229270	CNS(=O)(=O)c1ccc(-c2ccc(-c3ccccc3)cc2-c2cnc(C#N)s2)c(C)c1	0.014703
rxn:5:194141:229270:227299	COC(=O)c1c[nH]c2cc(-c3cc(F)cc(CN(C)C)c3)c(-c3cnc(C#N)s3)cc12	0.014699
rxn:5:181076:226680:229177	CSc1cc(-c2cc(-n3cccc3)ncc2F)cc(-c2c(F)cncc2F)c1	0.014697
rxn:5:181076:226666:229177	CSc1cc(-c2cnc(-n3cccc3)cc2F)cc(-c2c(F)cncc2F)c1	0.014697
rxn:5:199106:223464:225858	Cc1cnn(-c2ccc(-c3ccnc4ccc(-c5cc[nH]c5)c(C)c34)c(F)c2)c1	0.014694
rxn:5:199106:223464:225843	Cc1cn(-c2ccc(-c3ccnc4ccc(-c5cc[nH]c5)c(C)c34)c(F)c2)cn1	0.014694
rxn:5:199106:223464:225853	Cc1c(-c2cc[nH]c2)ccc2nccc(-c3ccc(-n4ccnc4C)cc3F)c12	0.014694
rxn:5:198417:229009:227197	CN1Cc2ccc(-c3ccnc4cc(-c5cc(C6CC6)cs5)sc34)cc2C1=O	0.014692
rxn:5:177281:229270:226593	CC(C)OCc1cccc(-c2cnc(C#N)s2)c1-c1c(F)ccc(OC(C)C)c1F	0.014687
rxn:5:199106:223462:226189	Cc1cc(-c2ccc3nccc(-c4ccc(C5CCCC5)c(F)c4)c3c2C)n[nH]1	0.014687
rxn:5:198417:227657:223411	c1cnc2[nH]c(-c3ccnc4cc(-c5ccc(N6CCOCC6)s5)sc34)cc2c1	0.014687
rxn:5:179400:229272:227160	COc1ncc(-c2cc(C(=O)C3CC3)ccc2-c2cccc3c(C)n(C)nc23)s1	0.014685
rxn:5:179400:229272:227155	COc1ncc(-c2cc(C(=O)C3CC3)ccc2-c2cc(C)c3cnn(C)c3c2)s1	0.014685
rxn:5:198748:228511:228574	Cc1ccc(-c2cc(-c3ccc(C4CC4)cc3)c3ccncc3c2)c(C#N)c1	0.014684
rxn:5:198748:228514:228574	Cc1ccc(-c2cc(-c3cccc(C4CC4)c3)c3ccncc3c2)c(C#N)c1	0.014684
rxn:5:198748:226571:228574	Cc1ccc(-c2cc(-c3cnn(CC4CCOCC4)c3)c3ccncc3c2)c(C#N)c1	0.014684
rxn:5:188376:228977:228435	COC(=O)Cc1cnc(-c2c(SC)ccc(F)c2F)cc1-c1ccc2c(c1)CC2	0.014681
rxn:5:182656:228127:228180	COCc1cc(-c2c(-c3c(C#N)cccc3OC)ccc3ccoc23)ccc1F	0.014678
rxn:5:182656:228127:228176	COCc1ccc(-c2c(-c3c(C#N)cccc3OC)ccc3ccoc23)cc1F	0.014678
rxn:5:196189:223183:225684	CNS(=O)(=O)c1ccc(-c2ccc(C3=NCCO3)cc2-c2ccc(C3CCOCC3)nc2C)c(C)c1	0.014678
rxn:5:195324:227143:229057	COc1ccc2cc(-c3ccc(SC)nc3-c3cnn(C4CC4)c3)sc2c1	0.014677
rxn:5:198748:229009:228126	COc1ccc(-c2cc(-c3cc(C4CC4)cs3)c3ccncc3c2)c(C#N)c1	0.014672
rxn:5:198748:229009:228145	COc1ccc(C#N)c(-c2cc(-c3cc(C4CC4)cs3)c3ccncc3c2)c1	0.014672
rxn:5:198748:229009:228129	COc1cc(C#N)ccc1-c1cc(-c2cc(C3CC3)cs2)c2ccncc2c1	0.014672
rxn:5:198748:229009:228114	COc1cc(-c2cc(-c3cc(C4CC4)cs3)c3ccncc3c2)ccc1C#N	0.014672
rxn:5:198748:229009:228128	COc1ccc(-c2cc(-c3cc(C4CC4)cs3)c3ccncc3c2)cc1C#N	0.014672
rxn:5:198748:229009:228112	COc1ccc(C#N)cc1-c1cc(-c2cc(C3CC3)cs2)c2ccncc2c1	0.014672
rxn:5:198748:229009:228127	COc1cccc(C#N)c1-c1cc(-c2cc(C3CC3)cs2)c2ccncc2c1	0.014672
rxn:5:198417:229014:223411	CC(C)c1ccc(-c2cc3nccc(-c4cc5cccnc5[nH]4)c3s2)s1	0.014671
rxn:5:176993:229271:223000	CCCC(=O)c1ccc(-c2ccc(C3CCCNC3)c(F)c2)c(-c2cc(OC)ns2)c1	0.014667
rxn:5:176993:229273:223000	CCCC(=O)c1ccc(-c2ccc(C3CCCNC3)c(F)c2)c(-c2scnc2OC)c1	0.014667
rxn:5:176993:229272:223004	CCCC(=O)c1ccc(-c2ccc(C3CCNCC3)c(F)c2)c(-c2cnc(OC)s2)c1	0.014667
rxn:5:176993:229272:222996	CCCC(=O)c1ccc(-c2ccc(F)cc2C2CCCNC2)c(-c2cnc(OC)s2)c1	0.014667
rxn:5:176993:229272:222998	CCCC(=O)c1ccc(-c2cc(F)cc(C3CCCNC3)c2)c(-c2cnc(OC)s2)c1	0.014667
rxn:5:176993:229272:223001	CCCC(=O)c1ccc(-c2cc(C3CCCNC3)ccc2F)c(-c2cnc(OC)s2)c1	0.014667
rxn:5:176993:229272:223006	CCCC(=O)c1ccc(-c2ccc(F)c(C3CCNCC3)c2)c(-c2cnc(OC)s2)c1	0.014667
rxn:5:176993:229272:223007	CCCC(=O)c1ccc(-c2cc(F)cc(C3CCNCC3)c2)c(-c2cnc(OC)s2)c1	0.014667
rxn:5:176993:229272:223002	CCCC(=O)c1ccc(-c2ccc(C3CCNCC3)cc2F)c(-c2cnc(OC)s2)c1	0.014667
rxn:5:176993:229272:223008	CCCC(=O)c1ccc(-c2cc(C3CCNCC3)ccc2F)c(-c2cnc(OC)s2)c1	0.014667
rxn:5:198417:229270:225594	N#Cc1ncc(-c2cc3nccc(-c4ccc(F)cc4CN4CCCC4)c3s2)s1	0.014666
rxn:5:195792:227209:227115	Cc1cc(-c2c(-c3ccc4c(c3)OC(C)(C)O4)cncc2C2CC2)c(F)cc1C1CC1	0.014655
rxn:5:198748:229009:228985	Cc1ccc(-c2cc(-c3cc(C4CC4)cs3)c3ccncc3c2)c(C)c1	0.014651
rxn:5:198748:229009:228984	Cc1ccc(C)c(-c2cc(-c3cc(C4CC4)cs3)c3ccncc3c2)c1	0.014651
rxn:5:182656:228127:227284	COc1cccc(C#N)c1-c1ccc2ccoc2c1-c1cc(C#N)ncc1C1CC1	0.014650
rxn:5:198414:229270:226593	CC(C)Oc1ccc(F)c(-c2nccc3scc(-c4cnc(C#N)s4)c23)c1F	0.014650
rxn:5:182654:228597:228559	CCOc1ccc(-c2c(-c3c(C)cccc3C#N)ccc3ccsc23)cc1	0.014649
rxn:5:179400:228460:223000	COc1ncnc(OC)c1-c1cc(C(=O)C2CC2)ccc1-c1ccc(C2CCCNC2)c(F)c1	0.014645
rxn:5:179400:228455:223000	COc1ncc(-c2cc(C(=O)C3CC3)ccc2-c2ccc(C3CCCNC3)c(F)c2)c(OC)n1	0.014645
rxn:5:197125:227675:229270	COc1cc(-c2cnc(C#N)s2)c2nc(-c3cc(OC)c(C)c(F)c3F)sc2c1	0.014645
rxn:5:197125:227669:229270	COc1cc(-c2cnc(C#N)s2)c2nc(-c3cc(C)c(F)c(OC)c3F)sc2c1	0.014645
rxn:5:197125:227674:229270	COc1cc(-c2cnc(C#N)s2)c2nc(-c3cc(C)c(F)c(F)c3OC)sc2c1	0.014645
rxn:5:197125:227668:229270	COc1cc(-c2cnc(C#N)s2)c2nc(-c3cc(F)c(OC)c(F)c3C)sc2c1	0.014645
rxn:5:198911:229270:226206	COc1cc2c(-c3cc4c(C)c[nH]c4cc3-c3cnc(C#N)s3)cccc2cn1	0.014644
rxn:5:198911:229270:226213	COc1ncc(-c2cc3c(C)c[nH]c3cc2-c2cnc(C#N)s2)c2ccccc12	0.014644
rxn:5:198911:229270:226207	COc1cc2cc(-c3cc4c(C)c[nH]c4cc3-c3cnc(C#N)s3)ccc2cn1	0.014644
rxn:5:198911:229270:226208	COc1cc2ccc(-c3cc4c(C)c[nH]c4cc3-c3cnc(C#N)s3)cc2cn1	0.014644
rxn:5:176594:228381:227822	CC(=O)COc1ccc(-c2c(F)cc(C#N)cc2F)c(-c2c(C)cccc2C(C)C)c1	0.014644
rxn:5:181071:228976:228435	COc1cccc(-c2c(SC)ccc(F)c2F)c1-c1ccc2c(c1)C=C2	0.014640
rxn:5:198417:228503:227278	N#CC1(c2ccc(-c3ccnc4cc(-c5ccc6c(c5)CCC6)sc34)cn2)CC1	0.014634
rxn:5:182656:228127:228267	COc1cccc(C#N)c1-c1ccc2ccoc2c1-c1c(F)ccc(C)c1OC	0.014631
rxn:5:182656:228127:228256	COc1cc(-c2c(-c3c(C#N)cccc3OC)ccc3ccoc23)cc(C)c1F	0.014631
rxn:5:195463:226412:228698	CCC(=O)c1ccc(-c2cc(C#N)c(C)cc2-c2cc(F)cc(N3CCCC3)c2)s1	0.014628
rxn:5:199106:229240:227137	CCn1cnc2cc(-c3ccnc4ccc(-c5cnc(C)nc5)c(C)c34)ccc21	0.014628
rxn:5:198650:228990:223411	CCCc1ccc(-c2cnc3cccc(-c4cc5cccnc5[nH]4)c3c2)s1	0.014625
rxn:5:198670:228990:223411	CCCc1ccc(-c2cncc3c(-c4cc5cccnc5[nH]4)cccc23)s1	0.014625
rxn:5:198417:228506:223411	CCCc1ccccc1-c1cc2nccc(-c3cc4cccnc4[nH]3)c2s1	0.014625
rxn:5:198620:228990:223411	CCCc1ccc(-c2ccc3nccc(-c4cc5cccnc5[nH]4)c3c2)s1	0.014625
rxn:5:198622:228990:223411	CCCc1ccc(-c2ccc3c(-c4cc5cccnc5[nH]4)ccnc3c2)s1	0.014625
rxn:5:198679:228990:223411	CCCc1ccc(-c2cccc3nccc(-c4cc5cccnc5[nH]4)c23)s1	0.014625
rxn:5:198646:228990:223411	CCCc1ccc(-c2ccnc3ccc(-c4cc5cccnc5[nH]4)cc23)s1	0.014625
rxn:5:198653:228990:223411	CCCc1ccc(-c2ccnc3cccc(-c4cc5cccnc5[nH]4)c23)s1	0.014625
rxn:5:198655:228990:223411	CCCc1ccc(-c2ccnc3cc(-c4cc5cccnc5[nH]4)ccc23)s1	0.014625
rxn:5:198667:228990:223411	CCCc1ccc(-c2cc3cccnc3cc2-c2cc3cccnc3[nH]2)s1	0.014625
rxn:5:198686:228990:223411	CCCc1ccc(-c2cc(-c3cc4cccnc4[nH]3)c3cccnc3c2)s1	0.014625
rxn:5:198656:228990:223411	CCCc1ccc(-c2ncc(-c3cc4cccnc4[nH]3)c3ccccc23)s1	0.014625
rxn:5:198417:228505:223411	CCCc1ccc(-c2cc3nccc(-c4cc5cccnc5[nH]4)c3s2)cc1	0.014625
rxn:5:198417:228507:223411	CCCc1cccc(-c2cc3nccc(-c4cc5cccnc5[nH]4)c3s2)c1	0.014625
rxn:5:179840:228411:227385	COc1ccc(-c2ccc(O[C@@H]3CCOC3)cc2-c2cnc(C(C)(C)C)nc2C)c(F)c1F	0.014623
rxn:5:176594:225820:229311	CC(=O)COc1ccc(-c2c(C3CC3)cccc2C(F)(F)F)c(-c2cnc(C)s2)c1	0.014621
rxn:5:198417:223397:225810	COc1ccc(-c2ccnc3cc(-c4ccc5c(c4)CCN5)sc23)c(C2OCCO2)c1	0.014621
rxn:5:179547:229009:223390	CCOc1ccc(-c2cc(C3CC3)cs2)c(-c2ccc3cc[nH]c3c2)c1C	0.014618
rxn:5:194141:229270:226413	COC(=O)c1c[nH]c2cc(-c3cccc(N4CCOCC4)c3)c(-c3cnc(C#N)s3)cc12	0.014615
rxn:5:194141:229270:226411	COC(=O)c1c[nH]c2cc(-c3ccc(N4CCOCC4)cc3)c(-c3cnc(C#N)s3)cc12	0.014615
rxn:5:182656:228406:223271	COc1ccc(F)c(-c2ccc3ccoc3c2-c2ccc(F)c(NC(C)=O)c2)c1F	0.014605
rxn:5:182656:228407:223271	COc1ccc(F)c(F)c1-c1ccc2ccoc2c1-c1ccc(F)c(NC(C)=O)c1	0.014605
rxn:5:182656:228401:223271	COc1c(F)ccc(F)c1-c1ccc2ccoc2c1-c1ccc(F)c(NC(C)=O)c1	0.014605
rxn:5:182656:228416:223271	COc1cc(F)cc(F)c1-c1ccc2ccoc2c1-c1ccc(F)c(NC(C)=O)c1	0.014605
rxn:5:176594:228381:222959	CC(=O)COc1ccc(-c2c(F)cc(C#N)cc2F)c(-c2ccc(C3CCNCC3)c(C)c2)c1	0.014603
rxn:5:176753:229270:226646	CCCOc1ccc(-c2ccc(-c3nnc(C)o3)cc2)cc1-c1cnc(C#N)s1	0.014603
rxn:5:195929:229270:223164	N#Cc1ncc(-c2ccc(-c3cccc(-c4cc(F)c(F)c(NC5CC5)c4)n3)o2)s1	0.014597
rxn:5:198911:229270:226953	Cc1ccc2cccnc2c1-c1cc2c(C)c[nH]c2cc1-c1cnc(C#N)s1	0.014594
rxn:5:199062:229270:223164	Cc1c(-c2cc(F)c(F)c(NC3CC3)c2)ccc2c(-c3cnc(C#N)s3)ccnc12	0.014590
rxn:5:199106:223464:226439	Cc1c(-c2cc[nH]c2)ccc2nccc(-c3ccc(-n4cccc4)cc3F)c12	0.014588
rxn:5:182654:228597:228988	Cc1ccc(-c2c(-c3c(C)cccc3C#N)ccc3ccsc23)cc1C	0.014586
rxn:5:179400:229272:227159	COc1ncc(-c2cc(C(=O)C3CC3)ccc2-c2ccc(C)c3nccnc23)s1	0.014585
rxn:5:176753:229270:226399	CCCOc1ccc(-c2ccc(-c3ncccn3)cc2)cc1-c1cnc(C#N)s1	0.014585
rxn:5:195435:227356:223320	CCOc1cc(F)c(C)cc1-c1cc(-c2cc(C)cc3[nH]ncc23)cc(C(C)=O)n1	0.014580
rxn:5:198513:229270:226880	N#Cc1ncc(-c2cc3cc[nH]c3cc2-c2cc(F)c(F)c(C(F)(F)F)c2)s1	0.014579
rxn:5:198513:229270:226886	N#Cc1ncc(-c2cc3cc[nH]c3cc2-c2cc(F)c(C(F)(F)F)c(F)c2)s1	0.014579
rxn:5:198748:227656:228574	Cc1ccc(-c2cc(-c3cc(N4CCOCC4)cs3)c3ccncc3c2)c(C#N)c1	0.014575
rxn:5:182654:228989:229008	Cc1cccc(C)c1-c1ccc2ccsc2c1-c1ccc(CF)cc1	0.014574
rxn:5:182654:228986:229008	Cc1cccc(-c2ccc3ccsc3c2-c2ccc(CF)cc2)c1C	0.014574
rxn:5:182654:228617:229008	COc1cccc(C)c1-c1ccc2ccsc2c1-c1ccc(CF)cc1	0.014570
rxn:5:182654:228605:229008	COc1c(C)cccc1-c1ccc2ccsc2c1-c1ccc(CF)cc1	0.014570
rxn:5:198417:223341:228057	Cc1nc2cc(-c3ccnc4cc(-c5ccc6c(c5)CC(=O)N6)sc34)ccc2o1	0.014569
rxn:5:182656:227947:223271	CC(=O)Nc1cc(-c2c(-c3c(C)cc(C#N)cc3C)ccc3ccoc23)ccc1F	0.014567
rxn:5:182656:228127:227657	COc1cccc(C#N)c1-c1ccc2ccoc2c1-c1ccc(N2CCOCC2)s1	0.014560
rxn:5:198417:228990:223248	CCCc1ccc(-c2cc3nccc(-c4cnc5[nH]c(=O)ccc5c4)c3s2)s1	0.014554
rxn:5:181076:228888:228445	CSc1cc(-c2cc(C#N)ncc2F)cc(-c2c(F)cccc2C(F)F)c1	0.014553
rxn:5:198417:223341:223246	COc1ccc(-c2ccnc3cc(-c4ccc5c(c4)CC(=O)N5)sc23)c2cn[nH]c12	0.014551
rxn:5:198417:228990:228777	CCCc1ccc(-c2cc3nccc(-c4ccc(OC)cc4F)c3s2)s1	0.014550
rxn:5:181076:226957:229177	CSc1cc(-c2c(F)cncc2F)cc(-c2cnc(C)c3ccccc23)c1	0.014550
rxn:5:198417:228322:223390	CCOc1ncc(-c2cc3nccc(-c4ccc5cc[nH]c5c4)c3s2)cc1F	0.014548
rxn:5:198748:229010:228574	Cc1ccc(-c2cc(-c3cc(C(C)C)cs3)c3ccncc3c2)c(C#N)c1	0.014548
rxn:5:195522:229270:225629	CCc1cc(-c2cc(-c3ccc(OC)cc3)cs2)c(-c2cnc(C#N)s2)cn1	0.014546
rxn:5:195522:229270:225627	CCc1cc(-c2cc(-c3cccc(OC)c3)cs2)c(-c2cnc(C#N)s2)cn1	0.014546
rxn:5:195522:229270:225628	CCc1cc(-c2cc(-c3ccccc3OC)cs2)c(-c2cnc(C#N)s2)cn1	0.014546
rxn:5:194141:229270:227081	COC(=O)c1c[nH]c2cc(-c3ccc(N4CCCC4)cc3)c(-c3cnc(C#N)s3)cc12	0.014546
rxn:5:194141:229270:227080	COC(=O)c1c[nH]c2cc(-c3cccc(N4CCCC4)c3)c(-c3cnc(C#N)s3)cc12	0.014546
rxn:5:194141:229270:227082	COC(=O)c1c[nH]c2cc(-c3ccccc3N3CCCC3)c(-c3cnc(C#N)s3)cc12	0.014546
rxn:5:198417:223341:227854	Cn1ccc2cc(-c3ccnc4cc(-c5ccc6c(c5)CC(=O)N6)sc34)ccc21	0.014546
rxn:5:198417:223341:227859	Cn1ccc2ccc(-c3ccnc4cc(-c5ccc6c(c5)CC(=O)N6)sc34)cc21	0.014546
rxn:5:194141:229270:228018	COC(=O)c1c[nH]c2cc(-c3cc(F)cc(C4CC4)c3)c(-c3cnc(C#N)s3)cc12	0.014546
rxn:5:179400:229272:226913	CCc1cc(-c2ccc(C(=O)C3CC3)cc2-c2cnc(OC)s2)cc(C2CC2)c1	0.014541
rxn:5:198417:227870:227278	N#CC1(c2ccc(-c3ccnc4cc(-c5ccc6c(c5)C(=O)CC6)sc34)cn2)CC1	0.014541
rxn:5:198417:227872:227278	N#CC1(c2ccc(-c3ccnc4cc(-c5ccc6c(c5)CCC6=O)sc34)cn2)CC1	0.014541
rxn:5:181071:229086:228435	COc1cccc(-c2c(SC)ccc(F)c2F)c1-c1ccc(C(C)=O)s1	0.014540
rxn:5:182637:229270:226347	Cc1cc(-c2cc3ccoc3cc2-c2cnc(C#N)s2)c(OC(C)C)cc1F	0.014539
rxn:5:182637:229270:226346	Cc1cc(OC(C)C)c(F)c(-c2cc3ccoc3cc2-c2cnc(C#N)s2)c1	0.014539
rxn:5:179840:226388:229311	Cc1ncc(-c2cc(O[C@@H]3CCOC3)ccc2-c2ccccc2-c2ccncn2)s1	0.014538
rxn:5:198620:227452:223421	CNC(C)c1ccc(-c2ccnc3ccc(-c4cccc(C5OCCO5)c4)cc23)s1	0.014538
rxn:5:198417:223397:227380	c1ccn(-c2ccc(-c3ccnc4cc(-c5ccc6c(c5)CCN6)sc34)cn2)c1	0.014534
rxn:5:198748:229009:228608	COc1cc(C)ccc1-c1cc(-c2cc(C3CC3)cs2)c2ccncc2c1	0.014530
rxn:5:198748:229009:228598	COc1ccc(C)cc1-c1cc(-c2cc(C3CC3)cs2)c2ccncc2c1	0.014530
rxn:5:194141:229270:226579	COC(=O)c1c[nH]c2cc(-c3cc(F)cc(C(=O)N(C)C)c3)c(-c3cnc(C#N)s3)cc12	0.014530
rxn:5:195460:225457:229272	COc1ncc(-c2cc(-c3ccnc(-c4ccc(C)cc4)c3)cc(C)c2C#N)s1	0.014530
rxn:5:195460:225460:229272	COc1ncc(-c2cc(-c3ccnc(-c4ccccc4C)c3)cc(C)c2C#N)s1	0.014530
rxn:5:195460:225459:229272	COc1ncc(-c2cc(-c3ccnc(-c4cccc(C)c4)c3)cc(C)c2C#N)s1	0.014530
rxn:5:198417:227294:228455	COc1ncc(-c2ccnc3cc(-c4cc(C)cnc4OC(C)C)sc23)c(OC)n1	0.014529
rxn:5:199106:223462:228306	Cc1cc(-c2ccc3nccc(-c4cnc(SC(C)C)nc4)c3c2C)n[nH]1	0.014525
rxn:5:198748:229009:223200	c1cc2c(-c3cc(C4CC4)cs3)cc(-c3ccc(C4CCNC4)cc3)cc2cn1	0.014520
rxn:5:182708:223341:226200	CC(C)n1cnc2cc(-c3c(-c4ccc5c(c4)CC(=O)N5)ccc4c3C(=O)OC4)ccc21	0.014518
rxn:5:189539:229270:226593	CC(C)Oc1ccc(F)c(-c2c(C(=O)N(C)C(C)C)cccc2-c2cnc(C#N)s2)c1F	0.014516
rxn:5:176993:229070:223000	CCCC(=O)c1ccc(-c2ccc(C3CCCNC3)c(F)c2)c(-c2ccc(OC)nc2)c1	0.014514
rxn:5:194270:229270:229088	CCOc1ccc2ncc(-c3cnc(C#N)s3)c(-c3cc(C(C)=O)cs3)c2c1	0.014513
rxn:5:179400:228727:223000	COc1ncc(C)cc1-c1cc(C(=O)C2CC2)ccc1-c1ccc(C2CCCNC2)c(F)c1	0.014510
rxn:5:179400:228748:223000	COc1cc(C)c(-c2cc(C(=O)C3CC3)ccc2-c2ccc(C3CCCNC3)c(F)c2)cn1	0.014510
rxn:5:179400:228757:223000	COc1cnc(C)cc1-c1cc(C(=O)C2CC2)ccc1-c1ccc(C2CCCNC2)c(F)c1	0.014510
rxn:5:179400:228728:223000	COc1ncc(-c2cc(C(=O)C3CC3)ccc2-c2ccc(C3CCCNC3)c(F)c2)cc1C	0.014510
rxn:5:179400:228770:223000	COc1c(C)cncc1-c1cc(C(=O)C2CC2)ccc1-c1ccc(C2CCCNC2)c(F)c1	0.014510
rxn:5:179400:228733:223000	COc1cc(C)ncc1-c1cc(C(=O)C2CC2)ccc1-c1ccc(C2CCCNC2)c(F)c1	0.014510
rxn:5:179400:228739:223000	COc1cc(-c2cc(C(=O)C3CC3)ccc2-c2ccc(C3CCCNC3)c(F)c2)c(C)cn1	0.014510
rxn:5:179400:228761:223000	COc1cc(-c2cc(C(=O)C3CC3)ccc2-c2ccc(C3CCCNC3)c(F)c2)cnc1C	0.014510
rxn:5:195460:225599:229272	COc1ncc(-c2cc(-c3ccnc(Oc4ccccc4)c3)cc(C)c2C#N)s1	0.014510
rxn:5:199106:223462:227145	COc1cccc2sc(-c3ccnc4ccc(-c5cc(C)[nH]n5)c(C)c34)cc12	0.014507
rxn:5:197491:229270:226412	CCc1c[nH]c2cc(-c3cc(F)cc(N4CCCC4)c3)c(-c3cnc(C#N)s3)cc12	0.014506
rxn:5:180096:229344:227140	N#Cc1cccc2cc(-c3cc(-c4cocn4)ccc3OC3CCCC3)sc12	0.014505
rxn:5:180096:229344:227138	N#Cc1ccc2cc(-c3cc(-c4cocn4)ccc3OC3CCCC3)sc2c1	0.014505
rxn:5:180096:229344:227141	N#Cc1ccc2sc(-c3cc(-c4cocn4)ccc3OC3CCCC3)cc2c1	0.014505
rxn:5:180096:229344:227139	N#Cc1cccc2sc(-c3cc(-c4cocn4)ccc3OC3CCCC3)cc12	0.014505
rxn:5:179197:226416:229270	Cc1onc(-c2ccccc2)c1-c1ccc(OC2CC2)c(-c2cnc(C#N)s2)c1	0.014504
rxn:5:198417:229009:227872	O=C1CCc2cc(-c3ccnc4cc(-c5cc(C6CC6)cs5)sc34)ccc21	0.014499
rxn:5:198417:229009:227870	O=C1CCc2ccc(-c3ccnc4cc(-c5cc(C6CC6)cs5)sc34)cc21	0.014499
rxn:5:182654:228597:222980	Cc1cccc(C#N)c1-c1ccc2ccsc2c1-c1ccc(CN2CCNCC2)cc1	0.014498
rxn:5:199106:229296:226198	CCCn1ncc2cc(-c3ccnc4ccc(-c5cnn(C)c5)c(C)c34)ccc21	0.014496
rxn:5:198417:223397:227085	c1cc(-c2ccc(C3CCCC3)nc2)c2sc(-c3ccc4c(c3)CCN4)cc2n1	0.014496
rxn:5:198748:227948:228574	Cc1ccc(-c2cc(-c3cc(C4CC4)cnc3C)c3ccncc3c2)c(C#N)c1	0.014492
rxn:5:195958:229296:226200	CC(C)n1cnc2cc(-c3cc(-c4cnco4)ccc3-c3cnn(C)c3)ccc21	0.014490
rxn:5:199106:223462:225847	Cc1cc(-c2ccc3nccc(-c4cnn(-c5ccc(F)cc5C)c4)c3c2C)n[nH]1	0.014489
rxn:5:198417:223341:227852	O=C1Cc2cc(-c3cc4nccc(-c5ccc6cccnc6c5)c4s3)ccc2N1	0.014488
rxn:5:198417:223341:227844	O=C1Cc2cc(-c3cc4nccc(-c5ccc6ncccc6c5)c4s3)ccc2N1	0.014488
rxn:5:198417:223341:227460	Cn1cnc2cc(-c3ccnc4cc(-c5ccc6c(c5)CC(=O)N6)sc34)c(F)cc21	0.014485
rxn:5:198417:223341:227459	Cn1ncc2cc(F)c(-c3ccnc4cc(-c5ccc6c(c5)CC(=O)N6)sc34)cc21	0.014485
rxn:5:182656:227524:223271	COc1cc(-c2ccc3ccoc3c2-c2ccc(F)c(NC(C)=O)c2)c(F)cc1C#N	0.014478
rxn:5:182656:227518:223271	COc1ccc(-c2ccc3ccoc3c2-c2ccc(F)c(NC(C)=O)c2)c(F)c1C#N	0.014478
rxn:5:178848:228977:228435	COC(=O)c1c(-c2ccc3c(c2)CC3)cccc1-c1c(SC)ccc(F)c1F	0.014475
rxn:5:178845:228977:228435	COC(=O)c1cccc(-c2c(SC)ccc(F)c2F)c1-c1ccc2c(c1)CC2	0.014475
rxn:5:195792:228040:223247	Cc1n[nH]c2cc(F)c(-c3c(-c4ccnc5ccncc45)cncc3C3CC3)cc12	0.014474
rxn:5:198417:228990:229054	CCCc1ccc(-c2cc3nccc(-c4csc(COC)c4)c3s2)s1	0.014474
rxn:5:181282:227138:223263	CCc1ccc(-c2cc(C(=O)NC)ccc2F)c(-c2cc3ccc(C#N)cc3s2)c1	0.014474
rxn:5:181282:227141:223263	CCc1ccc(-c2cc(C(=O)NC)ccc2F)c(-c2cc3cc(C#N)ccc3s2)c1	0.014474
rxn:5:181282:227139:223263	CCc1ccc(-c2cc(C(=O)NC)ccc2F)c(-c2cc3c(C#N)cccc3s2)c1	0.014474
rxn:5:181282:227140:223263	CCc1ccc(-c2cc(C(=O)NC)ccc2F)c(-c2cc3cccc(C#N)c3s2)c1	0.014474
rxn:5:193809:229270:227668	COc1c(F)cc(-c2cc(-c3cnc(C#N)s3)ccc2CN2CCC(C)CC2)c(C)c1F	0.014473
rxn:5:182637:229270:225872	N#Cc1ncc(-c2cc3occc3cc2-c2cc(F)c(F)c(N3CCCC3)c2)s1	0.014469
rxn:5:177278:229270:226593	CC(C)COc1cccc(-c2cnc(C#N)s2)c1-c1c(F)ccc(OC(C)C)c1F	0.014465
rxn:5:182637:229270:226341	COc1cc(F)c(C(C)C)cc1-c1cc2ccoc2cc1-c1cnc(C#N)s1	0.014465
rxn:5:190588:228381:229311	CCOC(=O)c1cc2c(-c3cnc(C)s3)ccc(-c3c(F)cc(C#N)cc3F)c2[nH]1	0.014464
rxn:5:176594:227129:229311	CC(=O)COc1ccc(-c2ccccc2-c2ccco2)c(-c2cnc(C)s2)c1	0.014462
rxn:5:194141:229270:223132	COC(=O)c1c[nH]c2cc(-c3cccc(N4CCNCC4)c3)c(-c3cnc(C#N)s3)cc12	0.014461
rxn:5:194141:229270:223131	COC(=O)c1c[nH]c2cc(-c3ccc(N4CCNCC4)cc3)c(-c3cnc(C#N)s3)cc12	0.014461
rxn:5:178118:229270:227668	COc1c(F)cc(-c2ccc(-c3cnc(C#N)s3)c(OCC3CCCCO3)c2)c(C)c1F	0.014458
rxn:5:195792:228040:227997	Fc1ccc(C2CC2)cc1-c1c(-c2ccnc3ccncc23)cncc1C1CC1	0.014453
rxn:5:195792:228040:228007	Fc1ccc(C2CC2)c(-c2c(-c3ccnc4ccncc34)cncc2C2CC2)c1	0.014453
rxn:5:195792:228040:227988	Fc1c(-c2c(-c3ccnc4ccncc34)cncc2C2CC2)cccc1C1CC1	0.014453
rxn:5:195792:228040:228020	Fc1cccc(C2CC2)c1-c1c(-c2ccnc3ccncc23)cncc1C1CC1	0.014453
rxn:5:195792:228040:227980	Fc1cc(C2CC2)ccc1-c1c(-c2ccnc3ccncc23)cncc1C1CC1	0.014453
rxn:5:195792:228040:227998	Fc1ccc(-c2c(-c3ccnc4ccncc34)cncc2C2CC2)c(C2CC2)c1	0.014453
rxn:5:195792:228040:228009	Fc1cc(-c2c(-c3ccnc4ccncc34)cncc2C2CC2)ccc1C1CC1	0.014453
rxn:5:195792:228040:228013	Fc1ccc(-c2c(-c3ccnc4ccncc34)cncc2C2CC2)cc1C1CC1	0.014453
rxn:5:195792:228040:228012	Fc1cccc(-c2c(-c3ccnc4ccncc34)cncc2C2CC2)c1C1CC1	0.014453
rxn:5:195792:228040:228018	Fc1cc(-c2c(-c3ccnc4ccncc34)cncc2C2CC2)cc(C2CC2)c1	0.014453
rxn:5:180568:229270:223263	CNC(=O)c1ccc(F)c(-c2cccc3sc(C(=O)OC)c(-c4cnc(C#N)s4)c23)c1	0.014452
rxn:5:176993:229272:227086	CCCC(=O)c1ccc(-c2ccnc(C3CCCC3)c2)c(-c2cnc(OC)s2)c1	0.014451
rxn:5:197407:229270:227668	COc1c(F)cc(-c2cc(OC)c3nccc(-c4cnc(C#N)s4)c3c2)c(C)c1F	0.014450
rxn:5:198417:223317:223411	Cc1n[nH]c2cc(-c3cc4nccc(-c5cc6cccnc6[nH]5)c4s3)ccc12	0.014450
rxn:5:198681:229296:226200	Cc1c(-c2cnn(C)c2)sc2ccnc(-c3ccc4c(c3)ncn4C(C)C)c12	0.014450
rxn:5:197213:229270:223164	COc1c(-c2cc(F)c(F)c(NC3CC3)c2)cc(-c2cnc(C#N)s2)c2[nH]ccc12	0.014441
rxn:5:182654:228597:227286	Cc1cccc(C#N)c1-c1ccc2ccsc2c1-c1ccc(C(=O)N(C)C)cc1	0.014441
rxn:5:198417:229009:227498	COc1cc(N(C)C)ncc1-c1ccnc2cc(-c3cc(C4CC4)cs3)sc12	0.014437
rxn:5:198417:223341:227810	CCC(C)c1ccc(-c2ccnc3cc(-c4ccc5c(c4)CC(=O)N5)sc23)cc1	0.014436
rxn:5:198624:229270:226593	CC(C)Oc1ccc(F)c(-c2ccc3cccc(-c4cnc(C#N)s4)c3n2)c1F	0.014435
rxn:5:182654:228597:227992	Cc1cccc(C#N)c1-c1ccc2ccsc2c1-c1ccc(C2COC2)cc1	0.014432
rxn:5:188725:229009:223390	c1cc2ccc(-c3cc(-c4cc(C5CC5)cs4)cnc3OCC3CC3)cc2[nH]1	0.014428
rxn:5:195324:226081:229057	COc1ccc2c(-c3ccc(SC)nc3-c3cnn(C4CC4)c3)cccc2c1	0.014427
rxn:5:182654:228597:227892	Cc1cccc(C#N)c1-c1ccc2ccsc2c1-c1ccc(CN(C)C)cc1	0.014426
rxn:5:182654:228597:223309	Cc1cccc(C#N)c1-c1ccc2ccsc2c1-c1ccc(NC(C)C)cc1	0.014420
rxn:5:176993:229272:222957	CCCC(=O)c1ccc(-c2cc(C)cc(C3CCCNC3)c2)c(-c2cnc(OC)s2)c1	0.014420
rxn:5:176993:229272:222956	CCCC(=O)c1ccc(-c2ccc(C)cc2C2CCCNC2)c(-c2cnc(OC)s2)c1	0.014420
rxn:5:176993:229272:222959	CCCC(=O)c1ccc(-c2ccc(C3CCNCC3)c(C)c2)c(-c2cnc(OC)s2)c1	0.014420
rxn:5:176993:229272:222958	CCCC(=O)c1ccc(-c2ccc(C)c(C3CCNCC3)c2)c(-c2cnc(OC)s2)c1	0.014420
rxn:5:198417:223397:227559	Cc1ccc(-c2ccnc3cc(-c4ccc5c(c4)CCN5)sc23)cc1OC(F)F	0.014415
rxn:5:198417:223397:227589	Cc1cc(OC(F)F)cc(-c2ccnc3cc(-c4ccc5c(c4)CCN5)sc23)c1	0.014415
rxn:5:182656:228127:223245	COc1cccc(C#N)c1-c1ccc2ccoc2c1-c1ccc2[nH]ncc2c1OC	0.014411
rxn:5:181210:228977:228435	CSc1ccc(F)c(F)c1-c1cccc(C(C)=O)c1-c1ccc2c(c1)CC2	0.014407
rxn:5:181205:228977:228435	CSc1ccc(F)c(F)c1-c1cccc(-c2ccc3c(c2)CC3)c1C(C)=O	0.014407
rxn:5:198417:229009:228503	c1cc(-c2ccc3c(c2)CCC3)c2sc(-c3cc(C4CC4)cs3)cc2n1	0.014404
rxn:5:179400:227437:228821	Cc1ccc(-c2ccc(C(=O)C3CC3)cc2-c2ccnc(C3CCCO3)c2)c(F)c1F	0.014402
rxn:5:198417:228078:227278	N#CC1(c2ccc(-c3ccnc4cc(-c5ccc6c(c5)COC6=O)sc34)cn2)CC1	0.014400
rxn:5:198417:228077:227278	N#CC1(c2ccc(-c3ccnc4cc(-c5ccc6c(c5)C(=O)OC6)sc34)cn2)CC1	0.014400
rxn:5:179979:228977:228435	CSc1ccc(F)c(F)c1-c1cc(-c2ccc3c(c2)CC3)ccc1OC(C)(C)C	0.014396
rxn:5:198417:223341:227311	CCC(C)c1cc(F)c(-c2ccnc3cc(-c4ccc5c(c4)CC(=O)N5)sc23)cn1	0.014393
rxn:5:198417:223341:227313	CCC(C)c1cc(-c2ccnc3cc(-c4ccc5c(c4)CC(=O)N5)sc23)c(F)cn1	0.014393
rxn:5:176993:229272:227370	CCCC(=O)c1ccc(-c2ccc(OC3CC3)c(F)c2)c(-c2cnc(OC)s2)c1	0.014389
rxn:5:181957:229270:223263	CNC(=O)c1ccc(F)c(-c2ccc(C)c(-c3ccc(-c4cnc(C#N)s4)cc3)c2)c1	0.014389
rxn:5:198417:223397:227708	FC(F)(F)Oc1ccc(-c2ccnc3cc(-c4ccc5c(c4)CCN5)sc23)cc1	0.014387
rxn:5:176871:228990:223411	CCCc1ccc(-c2cc(OC)c(-c3cc4cccnc4[nH]3)cc2C(=O)OC)s1	0.014375
rxn:5:198417:228990:228600	CCCc1ccc(-c2cc3nccc(-c4ccc(OC)cc4C)c3s2)s1	0.014374
rxn:5:198417:223138:227278	N#CC1(c2ccc(-c3ccnc4cc(-c5ccnc(C6CCNCC6)c5)sc34)cn2)CC1	0.014373
rxn:5:198417:223341:227060	Cc1ccc(-c2ccnc3cc(-c4ccc5c(c4)CC(=O)N5)sc23)cc1OC(C)C	0.014372
rxn:5:195792:228040:227030	N#Cc1ccc(-c2c(-c3ccnc4ccncc34)cncc2C2CC2)c(C2CC2)c1	0.014366
rxn:5:195792:228040:227037	N#Cc1ccc(C2CC2)c(-c2c(-c3ccnc4ccncc34)cncc2C2CC2)c1	0.014366
rxn:5:182656:228127:226211	COc1cccc(C#N)c1-c1ccc2ccoc2c1-c1ccc2c(c1)CCN2C(C)=O	0.014366
rxn:5:181735:229270:229088	CC(=O)c1csc(-c2ccc(-c3ccc(-c4cnc(C#N)s4)cc3)cc2)c1	0.014365
rxn:5:198323:228040:227115	Cc1cc(-c2cc(C)c(-c3ccnc4ccncc34)c(C)n2)c(F)cc1C1CC1	0.014364
rxn:5:198417:223397:226329	N#CC1(c2ccc(-c3ccnc4cc(-c5ccc6c(c5)CCN6)sc34)cc2F)CC1	0.014359
rxn:5:198417:223397:226320	N#CC1(c2ccc(F)c(-c3ccnc4cc(-c5ccc6c(c5)CCN6)sc34)c2)CC1	0.014359
rxn:5:198417:223397:226326	N#CC1(c2cccc(-c3ccnc4cc(-c5ccc6c(c5)CCN6)sc34)c2F)CC1	0.014359
rxn:5:198417:223397:226331	N#CC1(c2ccc(-c3ccnc4cc(-c5ccc6c(c5)CCN6)sc34)c(F)c2)CC1	0.014359
rxn:5:182656:228252:223271	COc1ccc(C)c(F)c1-c1ccc2ccoc2c1-c1ccc(F)c(NC(C)=O)c1	0.014354
rxn:5:182656:228277:223271	COc1ccc(F)c(C)c1-c1ccc2ccoc2c1-c1ccc(F)c(NC(C)=O)c1	0.014354
rxn:5:182656:228267:223271	COc1c(C)ccc(F)c1-c1ccc2ccoc2c1-c1ccc(F)c(NC(C)=O)c1	0.014354
rxn:5:182656:228257:223271	COc1cc(C)cc(F)c1-c1ccc2ccoc2c1-c1ccc(F)c(NC(C)=O)c1	0.014354
rxn:5:177189:229270:226593	CCOC(=O)c1c(-c2cnc(C#N)s2)ccc(C)c1-c1c(F)ccc(OC(C)C)c1F	0.014342
rxn:5:195792:228040:227674	COc1c(-c2c(-c3ccnc4ccncc34)cncc2C2CC2)cc(C)c(F)c1F	0.014335
rxn:5:195792:228040:227669	COc1c(F)c(C)cc(-c2c(-c3ccnc4ccncc34)cncc2C2CC2)c1F	0.014335
rxn:5:176594:227410:229311	CC(=O)COc1ccc(-c2cc(-c3ccncc3)cs2)c(-c2cnc(C)s2)c1	0.014334
rxn:5:198417:229088:223390	CC(=O)c1csc(-c2cc3nccc(-c4ccc5cc[nH]c5c4)c3s2)c1	0.014333
rxn:5:182645:226412:229270	N#Cc1ncc(-c2cc(-c3cc(F)cc(N4CCCC4)c3)c3sccc3c2)s1	0.014332
rxn:5:195792:228485:227115	Cc1cc(-c2c(-c3ccncc3C(F)(F)F)cncc2C2CC2)c(F)cc1C1CC1	0.014332
rxn:5:195792:228477:227115	Cc1cc(-c2c(-c3cnccc3C(F)(F)F)cncc2C2CC2)c(F)cc1C1CC1	0.014332
rxn:5:182654:228127:223271	COc1cccc(C#N)c1-c1ccc2ccsc2c1-c1ccc(F)c(NC(C)=O)c1	0.014332
rxn:5:198417:228870:223390	COC(=O)c1csc(-c2cc3nccc(-c4ccc5cc[nH]c5c4)c3s2)c1	0.014325
rxn:5:198451:223341:226462	CCn1cnc2cc(-c3ccc(-c4ccc5c(c4)CC(=O)N5)c4cnoc34)c(F)cc21	0.014322
rxn:5:181071:228029:228435	COc1cccc(-c2c(SC)ccc(F)c2F)c1-c1ccc2cn(C)nc2c1	0.014321
rxn:5:181076:227536:229177	CCOc1cc(-c2cc(SC)cc(-c3c(F)cncc3F)c2)c(F)cc1F	0.014321
rxn:5:181076:227541:229177	CCOc1cc(F)c(-c2cc(SC)cc(-c3c(F)cncc3F)c2)cc1F	0.014321
rxn:5:179197:225843:229270	Cc1cn(-c2ccc(-c3ccc(OC4CC4)c(-c4cnc(C#N)s4)c3)c(F)c2)cn1	0.014316
rxn:5:179197:225851:229270	Cc1nccn1-c1cc(F)cc(-c2ccc(OC3CC3)c(-c3cnc(C#N)s3)c2)c1	0.014316
rxn:5:198911:229270:225705	COc1cnc2c(-c3cc4c(C)c[nH]c4cc3-c3cnc(C#N)s3)cc(C)cc2n1	0.014316
rxn:5:182654:228597:223202	Cc1cccc(C#N)c1-c1ccc2ccsc2c1-c1ccc(C2(O)CCC2)cc1	0.014312
rxn:5:176993:229272:226329	CCCC(=O)c1ccc(-c2ccc(C3(C#N)CC3)c(F)c2)c(-c2cnc(OC)s2)c1	0.014311
rxn:5:179400:229272:226751	COc1ncc(-c2cc(C(=O)C3CC3)ccc2-c2ccc(OC(F)(F)F)cc2C)s1	0.014303
rxn:5:199106:223464:226975	Cc1c(-c2cc[nH]c2)ccc2nccc(-c3cc4ccccc4cc3F)c12	0.014295
rxn:5:195435:227449:223320	CC(=O)c1cc(-c2cc(C)cc3[nH]ncc23)cc(-c2ccc(C3CCOCC3)s2)n1	0.014294
rxn:5:182656:228127:226575	COc1cccc(C#N)c1-c1ccc2ccoc2c1-c1ccc(C(=O)N(C)C)c(F)c1	0.014290
rxn:5:182656:228127:226580	COc1cccc(C#N)c1-c1ccc2ccoc2c1-c1cc(C(=O)N(C)C)ccc1F	0.014290
rxn:5:182656:228127:226581	COc1cccc(C#N)c1-c1ccc2ccoc2c1-c1cccc(C(=O)N(C)C)c1F	0.014290
rxn:5:182656:228127:226576	COc1cccc(C#N)c1-c1ccc2ccoc2c1-c1ccc(F)c(C(=O)N(C)C)c1	0.014290
rxn:5:199106:223462:225578	CCc1ccc(-n2cc(-c3ccnc4ccc(-c5cc(C)[nH]n5)c(C)c34)cn2)cc1	0.014290
rxn:5:176993:229272:226457	CCCC(=O)c1ccc(-c2ccc(C3CCOC3)c(F)c2)c(-c2cnc(OC)s2)c1	0.014284
rxn:5:181065:228040:227115	COc1ccc(-c2ccnc3ccncc23)cc1-c1cc(C)c(C2CC2)cc1F	0.014283
rxn:5:198417:223341:227147	Cc1nn(C)c2ccc(-c3ccnc4cc(-c5ccc6c(c5)CC(=O)N6)sc34)cc12	0.014281
rxn:5:198417:223341:227154	Cc1c2ccc(-c3ccnc4cc(-c5ccc6c(c5)CC(=O)N6)sc34)cc2nn1C	0.014281
rxn:5:198417:223341:227153	Cc1nn(C)c2cc(-c3ccnc4cc(-c5ccc6c(c5)CC(=O)N6)sc34)ccc12	0.014281
rxn:5:198417:223341:227161	Cc1c2cc(-c3ccnc4cc(-c5ccc6c(c5)CC(=O)N6)sc34)ccc2nn1C	0.014281
rxn:5:198417:227929:223411	CCOc1cc(C)ccc1-c1cc2nccc(-c3cc4cccnc4[nH]3)c2s1	0.014278
rxn:5:179400:229272:226599	CCOc1c(F)cc(-c2ccc(C(=O)C3CC3)cc2-c2cnc(OC)s2)c(C)c1F	0.014275
rxn:5:198748:228561:228574	CSCc1cccc(-c2cc(-c3ccc(C)cc3C#N)cc3cnccc23)c1	0.014267
rxn:5:181071:228023:228435	COc1cccc(-c2c(SC)ccc(F)c2F)c1-c1ccc2nccnc2c1	0.014264
rxn:5:179840:226209:229311	COc1ccc(-c2ccc(O[C@@H]3CCOC3)cc2-c2cnc(C)s2)c2cccnc12	0.014257
rxn:5:198417:229270:228456	COc1nc(SC)ncc1-c1ccnc2cc(-c3cnc(C#N)s3)sc12	0.014256
rxn:5:198417:229270:228459	COc1ncc(-c2ccnc3cc(-c4cnc(C#N)s4)sc23)c(SC)n1	0.014256
rxn:5:198417:229270:226949	Cc1ccc2nccc(-c3ccnc4cc(-c5cnc(C#N)s5)sc34)c2c1	0.014255
rxn:5:180568:229270:228455	COC(=O)c1sc2cccc(-c3cnc(OC)nc3OC)c2c1-c1cnc(C#N)s1	0.014255
rxn:5:179400:229272:226177	COc1ncc(-c2cc(C(=O)C3CC3)ccc2-c2ccnc(C3CCCCC3)c2)s1	0.014253
rxn:5:198417:223341:227137	CCn1cnc2cc(-c3ccnc4cc(-c5ccc6c(c5)CC(=O)N6)sc34)ccc21	0.014251
rxn:5:198417:223341:227135	CCn1ncc2cc(-c3ccnc4cc(-c5ccc6c(c5)CC(=O)N6)sc34)ccc21	0.014251
rxn:5:198417:229270:226204	COc1nc2ccccc2cc1-c1ccnc2cc(-c3cnc(C#N)s3)sc12	0.014247
rxn:5:198417:229270:226216	COc1ccc2ncc(-c3ccnc4cc(-c5cnc(C#N)s5)sc34)cc2c1	0.014247
rxn:5:197125:227852:229270	COc1cc(-c2cnc(C#N)s2)c2nc(-c3ccc4cccnc4c3)sc2c1	0.014247
rxn:5:198417:229270:226213	COc1ncc(-c2ccnc3cc(-c4cnc(C#N)s4)sc23)c2ccccc12	0.014247
rxn:5:198417:229270:226206	COc1cc2c(-c3ccnc4cc(-c5cnc(C#N)s5)sc34)cccc2cn1	0.014247
rxn:5:182656:228127:228025	COc1cccc(C#N)c1-c1ccc2ccoc2c1-c1cccc2c1cnn2C	0.014246
rxn:5:180564:228888:229177	COC(=O)c1sc2cc(-c3cc(C#N)ncc3F)ccc2c1-c1c(F)cncc1F	0.014234
rxn:5:176993:228882:223000	CCCC(=O)c1ccc(-c2ccc(C3CCCNC3)c(F)c2)c(-c2cnc(OC)nc2C)c1	0.014233
rxn:5:179400:228964:228821	COC(=O)c1ncc(-c2cc(C(=O)C3CC3)ccc2-c2ccc(C)c(F)c2F)s1	0.014230
rxn:5:198513:229270:226049	N#Cc1ncc(-c2cc3cc[nH]c3cc2-c2cc(F)c(OC(F)(F)F)c(F)c2)s1	0.014223
rxn:5:195522:227138:229088	CCc1cc(-c2cc(C(C)=O)cs2)c(-c2cc3ccc(C#N)cc3s2)cn1	0.014219
rxn:5:195522:227141:229088	CCc1cc(-c2cc(C(C)=O)cs2)c(-c2cc3cc(C#N)ccc3s2)cn1	0.014219
rxn:5:195522:227139:229088	CCc1cc(-c2cc(C(C)=O)cs2)c(-c2cc3c(C#N)cccc3s2)cn1	0.014219
rxn:5:195522:227140:229088	CCc1cc(-c2cc(C(C)=O)cs2)c(-c2cc3cccc(C#N)c3s2)cn1	0.014219
rxn:5:182637:229270:223014	COC(=O)c1cccc2[nH]c(-c3cc4ccoc4cc3-c3cnc(C#N)s3)cc12	0.014215
rxn:5:176993:229272:225884	CCCC(=O)c1ccc(-c2ccc(C3COCCO3)c(F)c2)c(-c2cnc(OC)s2)c1	0.014214
rxn:5:198620:227960:223421	CNC(C)c1ccc(-c2ccnc3ccc(-c4ccncc4C4CCC4)cc23)s1	0.014211
rxn:5:199102:229296:226200	Cc1c(-c2ccc3c(c2)ncn3C(C)C)cc(-c2cnn(C)c2)c2cccnc12	0.014210
rxn:5:199066:229296:226200	Cc1ccc2nccc(-c3cnn(C)c3)c2c1-c1ccc2c(c1)ncn2C(C)C	0.014210
rxn:5:199060:229296:226200	Cc1cc2c(-c3cnn(C)c3)ccnc2cc1-c1ccc2c(c1)ncn2C(C)C	0.014210
rxn:5:199062:229296:226200	Cc1c(-c2ccc3c(c2)ncn3C(C)C)ccc2c(-c3cnn(C)c3)ccnc12	0.014210
rxn:5:199092:229296:226200	Cc1cc(-c2cnn(C)c2)c2nccc(-c3ccc4c(c3)ncn4C(C)C)c2c1	0.014210
rxn:5:199069:229296:226200	Cc1ccc2c(-c3cnn(C)c3)ccnc2c1-c1ccc2c(c1)ncn2C(C)C	0.014210
rxn:5:199098:229296:226200	Cc1c(-c2cnn(C)c2)ccc2c(-c3ccc4c(c3)ncn4C(C)C)ccnc12	0.014210
rxn:5:199100:229296:226200	Cc1ccc(-c2cnn(C)c2)c2c(-c3ccc4c(c3)ncn4C(C)C)ccnc12	0.014210
rxn:5:199091:229296:226200	Cc1cc2c(-c3ccc4c(c3)ncn4C(C)C)ccnc2cc1-c1cnn(C)c1	0.014210
rxn:5:199058:229296:226200	Cc1ccc2c(-c3ccc4c(c3)ncn4C(C)C)ccnc2c1-c1cnn(C)c1	0.014210
rxn:5:199089:229296:226200	Cc1cc(-c2cnn(C)c2)cc2c(-c3ccc4c(c3)ncn4C(C)C)ccnc12	0.014210
rxn:5:199106:229296:226201	Cc1c(-c2cnn(C)c2)ccc2nccc(-c3ccc4nn(C(C)C)cc4c3)c12	0.014210
rxn:5:199090:229296:226200	Cc1cc2nccc(-c3ccc4c(c3)ncn4C(C)C)c2cc1-c1cnn(C)c1	0.014210
rxn:5:199106:229295:226200	Cc1c(-c2ccnn2C)ccc2nccc(-c3ccc4c(c3)ncn4C(C)C)c12	0.014210
rxn:5:199106:229299:226200	Cc1c(-c2ccn(C)n2)ccc2nccc(-c3ccc4c(c3)ncn4C(C)C)c12	0.014210
rxn:5:199106:229300:226200	Cc1c(-c2cncn2C)ccc2nccc(-c3ccc4c(c3)ncn4C(C)C)c12	0.014210
rxn:5:199106:229305:226200	Cc1c(-c2cn(C)cn2)ccc2nccc(-c3ccc4c(c3)ncn4C(C)C)c12	0.014210
rxn:5:199106:229296:226199	Cc1c(-c2cnn(C)c2)ccc2nccc(-c3ccc4c(cnn4C(C)C)c3)c12	0.014210
rxn:5:197125:228259:228711	COc1cc(-c2cc(C)cnc2C#N)c2nc(-c3cc(C)cc(OC)c3F)sc2c1	0.014209
rxn:5:197125:228259:228714	COc1cc(-c2cnc(C#N)cc2C)c2nc(-c3cc(C)cc(OC)c3F)sc2c1	0.014209
rxn:5:197125:228259:228718	COc1cc(-c2cc(C#N)cnc2C)c2nc(-c3cc(C)cc(OC)c3F)sc2c1	0.014209
rxn:5:197125:228259:228719	COc1cc(-c2cc(C#N)ncc2C)c2nc(-c3cc(C)cc(OC)c3F)sc2c1	0.014209
rxn:5:182654:228154:229008	COc1cccc(OC)c1-c1ccc2ccsc2c1-c1ccc(CF)cc1	0.014207
rxn:5:199106:229159:227137	CCn1cnc2cc(-c3ccnc4ccc(-c5cnc(OC)nc5)c(C)c34)ccc21	0.014207
rxn:5:198417:229009:228155	COc1ccc(-c2ccnc3cc(-c4cc(C5CC5)cs4)sc23)cc1OC	0.014198
rxn:5:195792:228040:227834	Cc1cc(-c2c(-c3ccnc4ccncc34)cncc2C2CC2)ccc1C1CC1	0.014195
rxn:5:195792:228040:227828	Cc1c(-c2c(-c3ccnc4ccncc34)cncc2C2CC2)cccc1C1CC1	0.014195
rxn:5:195792:228040:227837	Cc1cc(-c2c(-c3ccnc4ccncc34)cncc2C2CC2)cc(C2CC2)c1	0.014195
rxn:5:195792:228040:227835	Cc1ccc(-c2c(-c3ccnc4ccncc34)cncc2C2CC2)cc1C1CC1	0.014195
rxn:5:195792:228040:227836	Cc1ccc(-c2c(-c3ccnc4ccncc34)cncc2C2CC2)c(C2CC2)c1	0.014195
rxn:5:195792:228040:227838	Cc1ccc(C2CC2)c(-c2c(-c3ccnc4ccncc34)cncc2C2CC2)c1	0.014195
rxn:5:195792:228040:227827	Cc1ccc(C2CC2)cc1-c1c(-c2ccnc3ccncc23)cncc1C1CC1	0.014195
rxn:5:195792:228040:227832	Cc1cc(C2CC2)ccc1-c1c(-c2ccnc3ccncc23)cncc1C1CC1	0.014195
rxn:5:195792:228040:227839	Cc1cccc(C2CC2)c1-c1c(-c2ccnc3ccncc23)cncc1C1CC1	0.014195
rxn:5:195792:228040:227840	Cc1cccc(-c2c(-c3ccnc4ccncc34)cncc2C2CC2)c1C1CC1	0.014195
rxn:5:182645:229009:228574	Cc1ccc(-c2cc(-c3cc(C4CC4)cs3)c3sccc3c2)c(C#N)c1	0.014194
rxn:5:195463:226412:223054	Cc1cc(-c2cc(F)cc(N3CCCC3)c2)c(-c2ccc(C(C)N3CCC(O)C3)s2)cc1C#N	0.014187
rxn:5:198681:227034:229057	Cc1c(-c2c(C#N)cccc2C2CC2)sc2ccnc(-c3cnn(C4CC4)c3)c12	0.014186
rxn:5:198417:223397:226323	c1cc(-c2ccc(OC3CCCC3)nc2)c2sc(-c3ccc4c(c3)CCN4)cc2n1	0.014184
rxn:5:194141:229270:226664	COC(=O)c1c[nH]c2cc(-c3cc(N4CCCC4)ncc3F)c(-c3cnc(C#N)s3)cc12	0.014180
rxn:5:194141:229270:226679	COC(=O)c1c[nH]c2cc(-c3cnc(N4CCCC4)cc3F)c(-c3cnc(C#N)s3)cc12	0.014180
rxn:5:181071:226329:228435	COc1cccc(-c2c(SC)ccc(F)c2F)c1-c1ccc(C2(C#N)CC2)c(F)c1	0.014179
rxn:5:196189:223183:225621	CNS(=O)(=O)c1ccc(-c2ccc(C3=NCCO3)cc2-c2ccc(OC3CCOC3)c(C)c2)c(C)c1	0.014177
rxn:5:198417:228840:227278	Cc1c(F)ccc(F)c1-c1cc2nccc(-c3ccc(C4(C#N)CC4)nc3)c2s1	0.014177
rxn:5:193050:228990:223411	CCCc1ccc(-c2ccc(-c3cc4cccnc4[nH]3)c(C(=O)N3CCCC3)c2)s1	0.014169
rxn:5:182814:228127:223271	COc1cccc(C#N)c1-c1ccc2ccccc2c1-c1ccc(F)c(NC(C)=O)c1	0.014154
rxn:5:198417:228990:228586	CCCc1ccc(-c2cc3nccc(-c4cccnc4C(C)C)c3s2)s1	0.014151
rxn:5:198911:229080:228332	COc1cc(SC)c(-c2cc3c(C)c[nH]c3cc2-c2cnc(C3CC3)s2)cn1	0.014149
rxn:5:189322:229270:226593	CC(C)Oc1ccc(F)c(-c2ncc(-c3cnc(C#N)s3)cc2C(=O)OC(C)(C)C)c1F	0.014147
rxn:5:199106:229296:228081	Cc1c(-c2cnn(C)c2)ccc2nccc(-c3csc4ccc(F)cc34)c12	0.014144
rxn:5:182654:228597:228602	CC(=O)c1ccc(-c2c(-c3c(C)cccc3C#N)ccc3ccsc23)cc1	0.014143
rxn:5:192567:228977:228435	CSc1ccc(F)c(F)c1-c1ccc(-c2ccc3c(c2)CC3)cc1C1(C#N)CCC1	0.014139
rxn:5:179400:229272:225590	COc1ncc(-c2cc(C(=O)C3CC3)ccc2-c2ccc(CN3CCCC3)c(F)c2)s1	0.014137
rxn:5:182656:228127:228171	CCOc1ccc(-c2c(-c3c(C#N)cccc3OC)ccc3ccoc23)cc1F	0.014136
rxn:5:182656:228127:228159	CCOc1cc(-c2c(-c3c(C#N)cccc3OC)ccc3ccoc23)ccc1F	0.014136
rxn:5:182654:228597:222982	Cc1cccc(C#N)c1-c1ccc2ccsc2c1-c1ccc(CN2CC[C@@H](O)C2)cc1	0.014135
rxn:5:182654:228597:222984	Cc1cccc(C#N)c1-c1ccc2ccsc2c1-c1ccc(CN2CCC(O)C2)cc1	0.014135
rxn:5:182654:228375:229008	N#Cc1ccc(F)c(-c2ccc3ccsc3c2-c2ccc(CF)cc2)c1F	0.014133
rxn:5:182654:228378:229008	N#Cc1ccc(-c2ccc3ccsc3c2-c2ccc(CF)cc2)c(F)c1F	0.014133
rxn:5:182654:228372:229008	N#Cc1cc(F)c(-c2ccc3ccsc3c2-c2ccc(CF)cc2)cc1F	0.014133
rxn:5:182654:228379:229008	N#Cc1cc(F)c(F)cc1-c1ccc2ccsc2c1-c1ccc(CF)cc1	0.014133
rxn:5:182656:228127:228052	COc1cccc(C#N)c1-c1ccc2ccoc2c1-c1ccc2nnccc2c1	0.014128
rxn:5:181071:227054:228435	COc1cc(-c2c(OC)cccc2-c2c(SC)ccc(F)c2F)ccc1C1CC1	0.014128
rxn:5:198417:223397:226132	Cc1cc(C2(C#N)CC2)ccc1-c1ccnc2cc(-c3ccc4c(c3)CCN4)sc12	0.014125
rxn:5:182656:227979:223271	COc1cc(C)cc(C)c1-c1ccc2ccoc2c1-c1ccc(F)c(NC(C)=O)c1	0.014122
rxn:5:182656:227993:223271	COc1ccc(C)c(-c2ccc3ccoc3c2-c2ccc(F)c(NC(C)=O)c2)c1C	0.014122
rxn:5:182656:227984:223271	COc1ccc(-c2ccc3ccoc3c2-c2ccc(F)c(NC(C)=O)c2)c(C)c1C	0.014122
rxn:5:182656:227974:223271	COc1cc(C)c(-c2ccc3ccoc3c2-c2ccc(F)c(NC(C)=O)c2)c(C)c1	0.014122
rxn:5:199106:229297:226200	Cc1c(-c2cncnc2)ccc2nccc(-c3ccc4c(c3)ncn4C(C)C)c12	0.014120
rxn:5:198748:227919:228574	CCOc1cc(C)cc(-c2cc(-c3ccc(C)cc3C#N)cc3cnccc23)c1	0.014120
rxn:5:179540:228977:228435	CSc1ccc(F)c(F)c1-c1cccc(SC(C)C)c1-c1ccc2c(c1)CC2	0.014119
rxn:5:198620:227808:223421	CNC(C)c1ccc(-c2ccnc3ccc(-c4ccc5c(c4)CCCC5)cc23)s1	0.014112
rxn:5:198417:223397:228119	CC(C)Sc1ccc(-c2ccnc3cc(-c4ccc5c(c4)CCN5)sc23)cn1	0.014108
rxn:5:176753:229270:225820	CCCOc1ccc(-c2c(C3CC3)cccc2C(F)(F)F)cc1-c1cnc(C#N)s1	0.014106
rxn:5:179400:229272:226591	COc1ncc(-c2cc(C(=O)C3CC3)ccc2-c2ccc(OC(C)C)c(F)c2F)s1	0.014106
rxn:5:179400:229272:226608	COc1ncc(-c2cc(C(=O)C3CC3)ccc2-c2ccc(F)c(F)c2OC(C)C)s1	0.014106
rxn:5:179400:229272:226596	COc1ncc(-c2cc(C(=O)C3CC3)ccc2-c2ccc(F)c(OC(C)C)c2F)s1	0.014106
rxn:5:197125:228259:229231	CCc1ncc(-c2cc(OC)cc3sc(-c4cc(C)cc(OC)c4F)nc23)s1	0.014104
rxn:5:176993:229272:226431	CCCC(=O)c1ccc(-c2ccc(N3CCCC3)c(F)c2)c(-c2cnc(OC)s2)c1	0.014104
rxn:5:176993:229272:226420	CCCC(=O)c1ccc(-c2ccc(F)c(N3CCCC3)c2)c(-c2cnc(OC)s2)c1	0.014104
rxn:5:183061:223341:226462	CCn1cnc2cc(-c3cc4c(c(-c5ccc6c(c5)CC(=O)N6)c3)CC(C)C4=O)c(F)cc21	0.014090
rxn:5:182656:226464:223271	COc1ccc2c(c1-c1ccc3ccoc3c1-c1ccc(F)c(NC(C)=O)c1)OCCO2	0.014087
rxn:5:179400:229272:225598	COc1ncc(-c2cc(C(=O)C3CC3)ccc2-c2cccc(CN3CCSCC3)c2)s1	0.014087
rxn:5:198417:223377:226462	CCn1cnc2cc(-c3ccnc4cc(-c5cnc6c(c5)CC(=O)N6)sc34)c(F)cc21	0.014086
rxn:5:179840:226037:229311	COc1c(C(F)(F)F)ccc(-c2ccc(O[C@@H]3CCOC3)cc2-c2cnc(C)s2)c1F	0.014086
rxn:5:179840:226035:229311	COc1ccc(C(F)(F)F)c(F)c1-c1ccc(O[C@@H]2CCOC2)cc1-c1cnc(C)s1	0.014086
rxn:5:179840:226038:229311	COc1cc(C(F)(F)F)c(F)cc1-c1ccc(O[C@@H]2CCOC2)cc1-c1cnc(C)s1	0.014086
rxn:5:195792:227299:227115	Cc1cc(-c2c(-c3cc(F)cc(CN(C)C)c3)cncc2C2CC2)c(F)cc1C1CC1	0.014085
rxn:5:176993:229272:227447	CCCC(=O)c1ccc(-c2c(F)ccc(C3CC3)c2F)c(-c2cnc(OC)s2)c1	0.014085
rxn:5:196763:229270:229088	CC(=O)c1csc(-c2ccccc2-c2cc(C)c(-c3cnc(C#N)s3)cn2)c1	0.014084
rxn:5:196764:229270:229088	CC(=O)c1csc(-c2cc(-c3ccc(-c4cnc(C#N)s4)cc3C)ccn2)c1	0.014084
rxn:5:198417:227869:227278	CC1Cc2cc(-c3cc4nccc(-c5ccc(C6(C#N)CC6)nc5)c4s3)ccc2O1	0.014079
rxn:5:198417:227868:227278	N#CC1(c2ccc(-c3ccnc4cc(-c5ccc6c(c5)OCCC6)sc34)cn2)CC1	0.014075
rxn:5:198417:227863:227278	N#CC1(c2ccc(-c3ccnc4cc(-c5ccc6c(c5)CCCO6)sc34)cn2)CC1	0.014075
rxn:5:176993:229272:227054	CCCC(=O)c1ccc(-c2ccc(C3CC3)c(OC)c2)c(-c2cnc(OC)s2)c1	0.014069
rxn:5:176993:229272:227055	CCCC(=O)c1ccc(-c2ccc(OC)c(C3CC3)c2)c(-c2cnc(OC)s2)c1	0.014069
rxn:5:195792:228040:227408	Fc1cnc(C2CCC2)cc1-c1c(-c2ccnc3ccncc23)cncc1C1CC1	0.014069
rxn:5:195792:228040:227413	Fc1cc(C2CCC2)ncc1-c1c(-c2ccnc3ccncc23)cncc1C1CC1	0.014069
rxn:5:179400:229272:228792	COc1ncc(-c2cc(C(=O)C3CC3)ccc2-c2ccc(SC)c(F)c2)s1	0.014067
rxn:5:179400:229272:228805	COc1ncc(-c2cc(C(=O)C3CC3)ccc2-c2cccc(SC)c2F)s1	0.014067
rxn:5:198681:223464:226695	Cc1c(-c2cc[nH]c2)sc2ccnc(-c3ccc(-c4cncs4)cc3F)c12	0.014067
rxn:5:182506:228052:226593	Cc1cccc(-c2ccc3nnccc3c2)c1-c1c(F)ccc(OC(C)C)c1F	0.014066
rxn:5:194141:229270:226371	COC(=O)c1c[nH]c2cc(-c3cnc(N4CCCC4)cc3C)c(-c3cnc(C#N)s3)cc12	0.014061
rxn:5:182656:227320:223271	COc1cccc(N(C)C)c1-c1ccc2ccoc2c1-c1ccc(F)c(NC(C)=O)c1	0.014060
rxn:5:192425:229270:229088	CC(=O)c1csc(-c2ccc(Oc3ccc(-c4cnc(C#N)s4)cn3)cc2)c1	0.014059
rxn:5:182656:228127:227292	COc1cccc(C#N)c1-c1ccc2ccoc2c1-c1ccc(F)c(CN(C)C)c1	0.014058
rxn:5:182656:228127:227291	COc1cccc(C#N)c1-c1ccc2ccoc2c1-c1ccc(CN(C)C)c(F)c1	0.014058
rxn:5:195324:227034:228151	COC(=O)c1cccc(-c2nc(SC)ccc2-c2c(C#N)cccc2C2CC2)c1	0.014055
rxn:5:189664:223464:226695	O=C(Cc1ccc(-c2cc[nH]c2)cc1-c1ccc(-c2cncs2)cc1F)N1CCCC1	0.014054
rxn:5:198748:229009:228379	N#Cc1cc(F)c(F)cc1-c1cc(-c2cc(C3CC3)cs2)c2ccncc2c1	0.014054
rxn:5:198748:229009:228378	N#Cc1ccc(-c2cc(-c3cc(C4CC4)cs3)c3ccncc3c2)c(F)c1F	0.014054
rxn:5:198748:229009:228372	N#Cc1cc(F)c(-c2cc(-c3cc(C4CC4)cs3)c3ccncc3c2)cc1F	0.014054
rxn:5:198748:229009:228371	N#Cc1c(F)ccc(-c2cc(-c3cc(C4CC4)cs3)c3ccncc3c2)c1F	0.014054
rxn:5:198748:229009:228375	N#Cc1ccc(F)c(-c2cc(-c3cc(C4CC4)cs3)c3ccncc3c2)c1F	0.014054
rxn:5:198748:229009:228381	N#Cc1cc(F)c(-c2cc(-c3cc(C4CC4)cs3)c3ccncc3c2)c(F)c1	0.014054
rxn:5:195324:227034:228039	CSc1ccc(-c2c(C#N)cccc2C2CC2)c(-c2cnc3ccccc3n2)n1	0.014054
rxn:5:177186:229270:228332	CCOC(=O)c1cc(-c2cnc(OC)cc2SC)c(-c2cnc(C#N)s2)cc1C	0.014051
rxn:5:177734:226412:229270	Cc1cc(-c2cc(F)cc(N3CCCC3)c2)c(-c2cnc(C#N)s2)cc1C(=O)OC(C)C	0.014051
rxn:5:177734:229270:226412	Cc1cc(-c2cnc(C#N)s2)c(-c2cc(F)cc(N3CCCC3)c2)cc1C(=O)OC(C)C	0.014051
rxn:5:194242:229270:228455	COC(=O)c1cc(-c2cnc(OC)nc2OC)c2ccc(-c3cnc(C#N)s3)cc2n1	0.014047
rxn:5:199106:223466:225418	CCOc1ccc2cc(-c3ccnc4ccc(-c5cn[nH]c5)c(C)c34)ccc2c1	0.014041
rxn:5:195792:228040:227829	c1ccc(C2CCC2)c(-c2c(-c3ccnc4ccncc34)cncc2C2CC2)c1	0.014039
rxn:5:195324:227034:223246	COc1ccc(-c2nc(SC)ccc2-c2c(C#N)cccc2C2CC2)c2cn[nH]c12	0.014038
rxn:5:182656:228127:227562	COc1ccc(F)c(-c2c(-c3c(C#N)cccc3OC)ccc3ccoc23)c1OC	0.014037
rxn:5:198417:228202:223390	CN(C)c1cc(-c2cc3nccc(-c4ccc5cc[nH]c5c4)c3s2)ccc1F	0.014033
rxn:5:199106:223462:225811	Cc1cc(-c2ccc3nccc(-c4ccc(C5(C(F)(F)F)CC5)cc4)c3c2C)n[nH]1	0.014033
rxn:5:182654:227277:229008	CN(C)c1ccc(-c2ccc3ccsc3c2-c2ccc(CF)cc2)cc1C#N	0.014031
rxn:5:195463:225489:229270	Cc1cc(-c2cc(F)cc(-c3ccccc3)c2)c(-c2cnc(C#N)s2)cc1C#N	0.014029
rxn:5:195792:228791:227115	CSc1ccc(-c2cncc(C3CC3)c2-c2cc(C)c(C3CC3)cc2F)c(F)c1	0.014023
rxn:5:198417:228990:226469	CCCc1ccc(-c2cc3nccc(-c4ccc5c(c4)N(C)C(=O)CO5)c3s2)s1	0.014021
rxn:5:198417:228210:223411	c1cnc2[nH]c(-c3ccnc4cc(-c5ccc(N6CCCC6)s5)sc34)cc2c1	0.014018
rxn:5:198417:223251:223320	Cc1cc(-c2ccnc3cc(-c4ccc5c(c4)OCC(=O)N5)sc23)c2cn[nH]c2c1	0.014014
rxn:5:198417:223251:223316	Cc1n[nH]c2ccc(-c3ccnc4cc(-c5ccc6c(c5)OCC(=O)N6)sc34)cc12	0.014014
rxn:5:198417:223251:223317	Cc1n[nH]c2cc(-c3ccnc4cc(-c5ccc6c(c5)OCC(=O)N6)sc34)ccc12	0.014014
rxn:5:182637:229075:227668	COc1c(F)cc(-c2cc3ccoc3cc2-c2cc(C)c(C#N)s2)c(C)c1F	0.014012
rxn:5:182637:229076:227668	COc1c(F)cc(-c2cc3ccoc3cc2-c2sc(C#N)cc2C)c(C)c1F	0.014012
rxn:5:177736:229272:223000	COc1ncc(-c2cc(C(=O)OC(C)(C)C)ccc2-c2ccc(C3CCCNC3)c(F)c2)s1	0.014008
rxn:5:177732:229272:223000	COc1ncc(-c2ccc(C(=O)OC(C)(C)C)cc2-c2ccc(C3CCCNC3)c(F)c2)s1	0.014008
rxn:5:198417:226662:223411	CN1CCN(c2ccc(-c3cc4nccc(-c5cc6cccnc6[nH]5)c4s3)s2)CC1	0.014000
rxn:5:182637:228964:227668	COC(=O)c1ncc(-c2cc3occc3cc2-c2cc(F)c(OC)c(F)c2C)s1	0.013995
rxn:5:198748:229009:228130	N#CCc1ccc(-c2cc(-c3cc(C4CC4)cs3)c3ccncc3c2)c(F)c1	0.013993
rxn:5:198417:223390:227278	N#CC1(c2ccc(-c3ccnc4cc(-c5ccc6cc[nH]c6c5)sc34)cn2)CC1	0.013987
rxn:5:198417:223392:227278	N#CC1(c2ccc(-c3ccnc4cc(-c5ccc6[nH]ccc6c5)sc34)cn2)CC1	0.013987
rxn:5:181282:229270:225492	CCc1ccc(-c2cc(-c3ccccc3)ccc2F)c(-c2cnc(C#N)s2)c1	0.013986
rxn:5:195324:227034:228358	CSc1ccc(-c2c(C#N)cccc2C2CC2)c(-c2cnn(-c3ccoc3)c2)n1	0.013983
rxn:5:195324:227034:228359	CSc1ccc(-c2c(C#N)cccc2C2CC2)c(-c2cnn(-c3ccco3)c2)n1	0.013983
rxn:5:198916:223464:226695	Cc1c[nH]c2c(-c3cc[nH]c3)ccc(-c3ccc(-c4cncs4)cc3F)c12	0.013979
rxn:5:177520:223464:223421	CNC(C)c1ccc(-c2cccc(OCc3cccc(-c4cc[nH]c4)c3)c2)s1	0.013979
rxn:5:199103:227034:229057	Cc1ccc2c(-c3cnn(C4CC4)c3)ccc(-c3c(C#N)cccc3C3CC3)c2n1	0.013978
rxn:5:198417:226946:227278	CN1CCc2cc(-c3cc4nccc(-c5ccc(C6(C#N)CC6)nc5)c4s3)ccc2C1	0.013973
rxn:5:182654:228204:229008	Cc1cc(C#N)c(F)c(-c2ccc3ccsc3c2-c2ccc(CF)cc2)c1	0.013970
rxn:5:182654:228215:229008	Cc1ccc(-c2ccc3ccsc3c2-c2ccc(CF)cc2)c(F)c1C#N	0.013970
rxn:5:176588:229009:223390	CCOC(=O)c1ccc(-c2ccc3cc[nH]c3c2)c(-c2cc(C3CC3)cs2)c1	0.013969
rxn:5:195792:228040:223002	Fc1cc(C2CCNCC2)ccc1-c1c(-c2ccnc3ccncc23)cncc1C1CC1	0.013968
rxn:5:195792:228040:223008	Fc1ccc(C2CCNCC2)cc1-c1c(-c2ccnc3ccncc23)cncc1C1CC1	0.013968
rxn:5:195792:228040:223001	Fc1ccc(C2CCCNC2)cc1-c1c(-c2ccnc3ccncc23)cncc1C1CC1	0.013968
rxn:5:195792:228040:223004	Fc1cc(-c2c(-c3ccnc4ccncc34)cncc2C2CC2)ccc1C1CCNCC1	0.013968
rxn:5:195792:228040:223006	Fc1ccc(-c2c(-c3ccnc4ccncc34)cncc2C2CC2)cc1C1CCNCC1	0.013968
rxn:5:198417:223135:223411	c1cnc(C2CCCNC2)c(-c2cc3nccc(-c4cc5cccnc5[nH]4)c3s2)c1	0.013963
rxn:5:182656:228127:228245	COc1cccc(C#N)c1-c1ccc2ccoc2c1-c1ccc(C(C)=O)c(F)c1	0.013963
rxn:5:182656:228127:228241	COc1cccc(C#N)c1-c1ccc2ccoc2c1-c1ccc(F)c(C(C)=O)c1	0.013963
rxn:5:182656:228127:228247	COc1cccc(C#N)c1-c1ccc2ccoc2c1-c1cc(C(C)=O)ccc1F	0.013963
rxn:5:182656:228127:228248	COc1cccc(C#N)c1-c1ccc2ccoc2c1-c1ccc(C(C)=O)cc1F	0.013963
rxn:5:182656:228127:228283	COc1cccc(C#N)c1-c1ccc2ccoc2c1-c1ccc(F)cc1C(C)=O	0.013963
rxn:5:180402:229272:228821	COc1ncc(-c2ccc(C(=O)C3CCCCC3)c(-c3ccc(C)c(F)c3F)c2)s1	0.013959
rxn:5:198620:223464:227453	Cc1ccc(-c2ccc(-c3ccnc4ccc(-c5cc[nH]c5)cc34)s2)s1	0.013958
rxn:5:195911:229272:223000	COc1ncc(-c2cc(-c3ccc(C4CCCNC4)c(F)c3)ccc2-c2cocn2)s1	0.013958
rxn:5:197430:229270:223164	COc1cc2c(-c3cc(F)c(F)c(NC4CC4)c3)ccnc2cc1-c1cnc(C#N)s1	0.013953
rxn:5:197413:229270:223164	COc1cc2c(-c3cnc(C#N)s3)ccnc2cc1-c1cc(F)c(F)c(NC2CC2)c1	0.013953
rxn:5:197125:228259:228864	CCOc1ncc(-c2cc(OC)cc3sc(-c4cc(C)cc(OC)c4F)nc23)cn1	0.013951
rxn:5:179840:226047:229311	Cc1ncc(-c2cc(O[C@@H]3CCOC3)ccc2-c2ccc(OC(F)(F)F)c(F)c2F)s1	0.013949
rxn:5:179840:226053:229311	Cc1ncc(-c2cc(O[C@@H]3CCOC3)ccc2-c2ccc(F)c(OC(F)(F)F)c2F)s1	0.013949
rxn:5:179400:228338:228821	Cc1ccc(-c2ccc(C(=O)C3CC3)cc2-c2cnc(OC3CCC3)s2)c(F)c1F	0.013948
rxn:5:181964:228888:229177	Cc1ccccc1-c1cc(-c2cc(C#N)ncc2F)cc(-c2c(F)cncc2F)c1	0.013944
rxn:5:188376:223341:226200	COC(=O)Cc1cnc(-c2ccc3c(c2)ncn3C(C)C)cc1-c1ccc2c(c1)CC(=O)N2	0.013942
rxn:5:194141:229270:226364	COC(=O)c1c[nH]c2cc(-c3ccc(N4CCCCC4)nc3)c(-c3cnc(C#N)s3)cc12	0.013938
rxn:5:194141:229270:226395	COC(=O)c1c[nH]c2cc(-c3cncc(N4CCCCC4)c3)c(-c3cnc(C#N)s3)cc12	0.013938
rxn:5:194141:229270:226366	COC(=O)c1c[nH]c2cc(-c3ccnc(N4CCCCC4)c3)c(-c3cnc(C#N)s3)cc12	0.013938
rxn:5:199106:223464:226895	Cc1c(-c2cc[nH]c2)ccc2nccc(-c3cc(F)c(C(F)(F)F)cc3F)c12	0.013934
rxn:5:182656:228127:227543	COC(=O)c1cc(-c2c(-c3c(C#N)cccc3OC)ccc3ccoc23)ccc1F	0.013932
rxn:5:182656:228127:227528	COC(=O)c1ccc(-c2c(-c3c(C#N)cccc3OC)ccc3ccoc23)cc1F	0.013932
rxn:5:182656:228127:227529	COC(=O)c1ccc(-c2c(-c3c(C#N)cccc3OC)ccc3ccoc23)c(F)c1	0.013932
rxn:5:182656:228127:227530	COC(=O)c1ccc(F)c(-c2c(-c3c(C#N)cccc3OC)ccc3ccoc23)c1	0.013932
rxn:5:182656:228127:227531	COC(=O)c1cc(F)cc(-c2c(-c3c(C#N)cccc3OC)ccc3ccoc23)c1	0.013932
rxn:5:198748:227377:228574	Cc1ccc(-c2cc(-c3cncnc3C3CCCC3)c3ccncc3c2)c(C#N)c1	0.013930
rxn:5:195901:229270:228332	COc1cc(SC)c(-c2nc(-c3ccc(-c4cnc(C#N)s4)cc3)cs2)cn1	0.013929
rxn:5:195906:229270:228332	COc1cc(SC)c(-c2ccccc2-c2ncc(-c3cnc(C#N)s3)s2)cn1	0.013929
rxn:5:182654:228597:228613	CCc1ccc(-c2c(-c3c(C)cccc3C#N)ccc3ccsc23)cc1F	0.013929
rxn:5:182654:228597:228619	CCc1cc(-c2c(-c3c(C)cccc3C#N)ccc3ccsc23)ccc1F	0.013929
rxn:5:198748:226661:228574	Cc1ccc(-c2cc(-c3cc(N4CCN(C)CC4)cs3)c3ccncc3c2)c(C#N)c1	0.013925
rxn:5:197125:227358:229270	CCOc1cc(C)cc(-c2nc3c(-c4cnc(C#N)s4)cc(OC)cc3s2)c1F	0.013909
rxn:5:197125:227362:229270	CCOc1cc(C)cc(F)c1-c1nc2c(-c3cnc(C#N)s3)cc(OC)cc2s1	0.013909
rxn:5:193469:229270:226593	CC(C)Oc1ccc(F)c(-c2cc(-c3cnc(C#N)s3)ccc2C(=O)N2CCC[C@H]2C)c1F	0.013907
rxn:5:176594:228381:228534	CC(=O)COc1ccc(-c2c(F)cc(C#N)cc2F)c(-c2ccc3ccoc3c2)c1	0.013905
rxn:5:193460:229270:226593	CC(C)Oc1ccc(F)c(-c2c(C(=O)N3CCCCC3)cccc2-c2cnc(C#N)s2)c1F	0.013904
rxn:5:199106:229280:227137	CCn1cnc2cc(-c3ccnc4ccc(-c5cnc(F)nc5)c(C)c34)ccc21	0.013901
rxn:5:196337:223397:227278	N#CC1(c2ccc(-c3ccc(-c4ccnc(-c5ccc6c(c5)CCN6)c4)cc3)cn2)CC1	0.013899
rxn:5:196358:223397:227278	N#CC1(c2ccc(-c3ccccc3-c3cc(-c4ccc5c(c4)CCN5)ccn3)cn2)CC1	0.013899
rxn:5:197125:226778:229270	COc1cc(-c2cnc(C#N)s2)c2nc(-c3cc(OC)c(OC)c(F)c3F)sc2c1	0.013897
rxn:5:197125:226783:229270	COc1cc(-c2cnc(C#N)s2)c2nc(-c3c(OC)cc(F)c(F)c3OC)sc2c1	0.013897
rxn:5:199059:228127:223271	COc1cccc(C#N)c1-c1cc(C)c2nc(-c3ccc(F)c(NC(C)=O)c3)ccc2c1	0.013896
rxn:5:177285:228977:228435	CSc1ccc(F)c(F)c1-c1cccc(-c2ccc3c(c2)CC3)c1COC(C)C	0.013895
rxn:5:182656:227901:223271	CC(=O)Nc1cc(-c2c(-c3ccc(CC(C)C)nc3)ccc3ccoc23)ccc1F	0.013894
rxn:5:182656:228127:228210	COc1cccc(C#N)c1-c1ccc2ccoc2c1-c1ccc(N2CCCC2)s1	0.013888
rxn:5:198417:223443:226200	CNc1ccc(-c2cc3nccc(-c4ccc5c(c4)ncn5C(C)C)c3s2)cn1	0.013888
rxn:5:194141:229270:225632	COC(=O)c1c[nH]c2cc(-c3cccc(N4CCN(C)CC4)c3)c(-c3cnc(C#N)s3)cc12	0.013887
rxn:5:194141:229270:225631	COC(=O)c1c[nH]c2cc(-c3ccc(N4CCN(C)CC4)cc3)c(-c3cnc(C#N)s3)cc12	0.013887
rxn:5:198417:223341:228431	CSc1c(F)cc(F)cc1-c1ccnc2cc(-c3ccc4c(c3)CC(=O)N4)sc12	0.013886
rxn:5:198431:229009:223390	c1cc2cc(-c3cc(C4CC4)cs3)sc2c(-c2ccc3cc[nH]c3c2)n1	0.013884
rxn:5:198404:229009:223390	c1cc2sc(-c3cc(C4CC4)cs3)cc2c(-c2ccc3cc[nH]c3c2)n1	0.013884
rxn:5:198443:229009:223390	c1cc(-c2ccc3cc[nH]c3c2)c2c(-c3cc(C4CC4)cs3)csc2n1	0.013884
rxn:5:198409:229009:223390	c1cc2ccc(-c3ccc4cc(-c5cc(C6CC6)cs5)sc4n3)cc2[nH]1	0.013884
rxn:5:198420:229009:223390	c1cc2ccc(-c3c(-c4cc(C5CC5)cs4)cnc4ccsc34)cc2[nH]1	0.013884
rxn:5:198417:229009:223394	c1cc(-c2ccnc3cc(-c4cc(C5CC5)cs4)sc23)c2[nH]ccc2c1	0.013884
rxn:5:198417:229009:223395	c1cc(-c2ccnc3cc(-c4cc(C5CC5)cs4)sc23)c2cc[nH]c2c1	0.013884
rxn:5:198437:229009:223390	c1cc(-c2ccc3cc[nH]c3c2)c2scc(-c3cc(C4CC4)cs3)c2n1	0.013884
rxn:5:198410:229009:223390	c1cc(-c2ccc3cc[nH]c3c2)c2sc(-c3cc(C4CC4)cs3)nc2c1	0.013884
rxn:5:198432:229009:223390	c1cc2ccc(-c3nsc4ccc(-c5cc(C6CC6)cs5)cc34)cc2[nH]1	0.013884
rxn:5:198417:229011:223390	c1cc(-c2ccc3cc[nH]c3c2)c2sc(-c3ccc(C4CC4)s3)cc2n1	0.013884
rxn:5:198417:229013:223390	c1cc(-c2ccc3cc[nH]c3c2)c2sc(-c3sccc3C3CC3)cc2n1	0.013884
rxn:5:198417:229016:223390	c1cc(-c2ccc3cc[nH]c3c2)c2sc(-c3ccsc3C3CC3)cc2n1	0.013884
rxn:5:198417:229009:223392	c1cc(-c2ccc3[nH]ccc3c2)c2sc(-c3cc(C4CC4)cs3)cc2n1	0.013884
rxn:5:197125:226856:229270	COc1cc(-c2cnc(C#N)s2)c2nc(-c3cc(C(F)(F)F)ncc3OC)sc2c1	0.013882
rxn:5:182656:228127:227772	COc1cccc(C#N)c1-c1ccc2ccoc2c1-c1cncc(OC(F)(F)F)c1	0.013882
rxn:5:195435:226836:223320	CC(=O)c1cc(-c2cc(C)cc3[nH]ncc23)cc(-c2cn(C(C)C)nc2C(F)(F)F)n1	0.013881
rxn:5:198417:225870:228455	COc1ncc(-c2ccnc3cc(-c4cc(F)cc(N5CCOCC5)c4)sc23)c(OC)n1	0.013880
rxn:5:182656:228160:223271	CCOc1cccc(F)c1-c1ccc2ccoc2c1-c1ccc(F)c(NC(C)=O)c1	0.013877
rxn:5:179840:226962:229311	Cc1ncc(-c2cc(O[C@@H]3CCOC3)ccc2-c2ccc3ccccc3c2F)s1	0.013874
rxn:5:198748:228211:228574	Cc1ccc(-c2cc(-c3cc(N4CCCC4)cs3)c3ccncc3c2)c(C#N)c1	0.013871
rxn:5:198417:228698:223411	CCC(=O)c1ccc(-c2cc3nccc(-c4cc5cccnc5[nH]4)c3s2)s1	0.013869
rxn:5:198417:228140:223411	CC(c1ccc(-c2cc3nccc(-c4cc5cccnc5[nH]4)c3s2)s1)N(C)C	0.013868
rxn:5:197420:229296:226200	COc1ccc(-c2cnn(C)c2)c2nccc(-c3ccc4c(c3)ncn4C(C)C)c12	0.013867
rxn:5:197430:229296:226200	COc1cc2c(-c3ccc4c(c3)ncn4C(C)C)ccnc2cc1-c1cnn(C)c1	0.013867
rxn:5:197413:229296:226200	COc1cc2c(-c3cnn(C)c3)ccnc2cc1-c1ccc2c(c1)ncn2C(C)C	0.013867
rxn:5:197414:229296:226200	COc1ccc(-c2ccc3c(c2)ncn3C(C)C)c2nccc(-c3cnn(C)c3)c12	0.013867
rxn:5:197426:229296:226200	COc1ccc(-c2cnn(C)c2)c2ccnc(-c3ccc4c(c3)ncn4C(C)C)c12	0.013867
rxn:5:197409:229296:226200	COc1cc2nccc(-c3ccc4c(c3)ncn4C(C)C)c2cc1-c1cnn(C)c1	0.013867
rxn:5:181071:226918:228435	COc1cccc(-c2c(SC)ccc(F)c2F)c1-c1ccc(C2=CCCC2)cc1	0.013865
rxn:5:199061:229270:226412	Cc1ccc2c(-c3cc(F)cc(N4CCCC4)c3)nccc2c1-c1cnc(C#N)s1	0.013865
rxn:5:199095:229270:226412	Cc1nc2ccccc2c(-c2cnc(C#N)s2)c1-c1cc(F)cc(N2CCCC2)c1	0.013865
rxn:5:182654:228597:227166	Cc1cccc(C#N)c1-c1ccc2ccsc2c1-c1ccc2c(c1)OCCN2C	0.013864
rxn:5:198748:229009:228204	Cc1cc(C#N)c(F)c(-c2cc(-c3cc(C4CC4)cs3)c3ccncc3c2)c1	0.013863
rxn:5:198748:229009:228215	Cc1ccc(-c2cc(-c3cc(C4CC4)cs3)c3ccncc3c2)c(F)c1C#N	0.013863
rxn:5:198513:229075:223164	Cc1cc(-c2cc3cc[nH]c3cc2-c2cc(F)c(F)c(NC3CC3)c2)sc1C#N	0.013863
rxn:5:198513:229076:223164	Cc1cc(C#N)sc1-c1cc2cc[nH]c2cc1-c1cc(F)c(F)c(NC2CC2)c1	0.013863
rxn:5:195522:225610:229088	CCc1cc(-c2cc(C(C)=O)cs2)c(-c2ccn(C(=O)c3ccccc3)c2)cn1	0.013860
rxn:5:195792:227089:227115	Cc1cc(-c2c(-c3ccncc3C3CCCC3)cncc2C2CC2)c(F)cc1C1CC1	0.013856
rxn:5:195792:227094:227115	Cc1cc(-c2c(-c3cnccc3C3CCCC3)cncc2C2CC2)c(F)cc1C1CC1	0.013856
rxn:5:198417:228694:223390	CCN(C)c1csc(-c2cc3nccc(-c4ccc5cc[nH]c5c4)c3s2)c1	0.013852
rxn:5:198417:229270:225705	COc1cnc2c(-c3ccnc4cc(-c5cnc(C#N)s5)sc34)cc(C)cc2n1	0.013850
rxn:5:181071:226431:228435	COc1cccc(-c2c(SC)ccc(F)c2F)c1-c1ccc(N2CCCC2)c(F)c1	0.013849
rxn:5:181071:226420:228435	COc1cccc(-c2c(SC)ccc(F)c2F)c1-c1ccc(F)c(N2CCCC2)c1	0.013849
rxn:5:182654:227902:229008	CCc1cc(-c2ccc3ccsc3c2-c2ccc(CF)cc2)ccc1C#N	0.013848
rxn:5:182654:227911:229008	CCc1ccc(-c2ccc3ccsc3c2-c2ccc(CF)cc2)cc1C#N	0.013848
rxn:5:179756:229338:223320	Cc1cc(-c2cccc(Oc3ccccc3-c3ccns3)c2)c2cn[nH]c2c1	0.013845
rxn:5:179755:229338:223320	Cc1cc(-c2ccc(Oc3ccccc3-c3ccns3)cc2)c2cn[nH]c2c1	0.013845
rxn:5:198417:228393:227278	COc1c(F)cc(F)cc1-c1cc2nccc(-c3ccc(C4(C#N)CC4)nc3)c2s1	0.013841
rxn:5:182825:229009:228574	Cc1ccc(-c2cc(-c3cc(C4CC4)cs3)c3ccccc3c2)c(C#N)c1	0.013841
rxn:5:182817:229009:228574	Cc1ccc(-c2ccc3c(-c4cc(C5CC5)cs4)cccc3c2)c(C#N)c1	0.013841
rxn:5:182654:228597:228511	Cc1cccc(C#N)c1-c1ccc2ccsc2c1-c1ccc(C2CC2)cc1	0.013841
rxn:5:182654:227947:229008	Cc1cc(C#N)cc(C)c1-c1ccc2ccsc2c1-c1ccc(CF)cc1	0.013838
rxn:5:182654:227952:229008	Cc1cc(-c2ccc3ccsc3c2-c2ccc(CF)cc2)c(C)cc1C#N	0.013838
rxn:5:182654:227949:229008	Cc1cc(-c2ccc3ccsc3c2-c2ccc(CF)cc2)cc(C)c1C#N	0.013838
rxn:5:179840:228411:228338	COc1ccc(-c2ccc(O[C@@H]3CCOC3)cc2-c2cnc(OC3CCC3)s2)c(F)c1F	0.013837
rxn:5:198513:229270:225498	N#Cc1ncc(-c2cc3cc[nH]c3cc2-c2cc(C3CCCCC3)ccc2F)s1	0.013828
rxn:5:197428:229296:226200	CC(=O)c1c[nH]c2cc(-c3ccc4c(c3)ncn4C(C)C)c(-c3cnn(C)c3)cc12	0.013822
rxn:5:198748:229009:228121	CCOc1nccc(C)c1-c1cc(-c2cc(C3CC3)cs2)c2ccncc2c1	0.013821
rxn:5:181076:228888:225499	CSc1cc(-c2ccc(C3CCCCC3)cc2F)cc(-c2cc(C#N)ncc2F)c1	0.013817
rxn:5:195792:228040:227812	CC(C)Cc1cccc(-c2c(-c3ccnc4ccncc34)cncc2C2CC2)c1	0.013816
rxn:5:195792:228040:227614	c1ccc(-c2c(-c3ccnc4ccncc34)cncc2C2CC2)c(-c2ncon2)c1	0.013813
rxn:5:198748:229009:227892	CN(C)Cc1ccc(-c2cc(-c3cc(C4CC4)cs3)c3ccncc3c2)cc1	0.013813
rxn:5:199060:223464:226695	Cc1cc2c(-c3cc[nH]c3)ccnc2cc1-c1ccc(-c2cncs2)cc1F	0.013811
rxn:5:199092:223464:226695	Cc1cc(-c2cc[nH]c2)c2nccc(-c3ccc(-c4cncs4)cc3F)c2c1	0.013811
rxn:5:199066:223464:226695	Cc1ccc2nccc(-c3cc[nH]c3)c2c1-c1ccc(-c2cncs2)cc1F	0.013811
rxn:5:199098:223464:226695	Cc1c(-c2cc[nH]c2)ccc2c(-c3ccc(-c4cncs4)cc3F)ccnc12	0.013811
rxn:5:199100:223464:226695	Cc1ccc(-c2cc[nH]c2)c2c(-c3ccc(-c4cncs4)cc3F)ccnc12	0.013811
rxn:5:199090:223464:226695	Cc1cc2nccc(-c3ccc(-c4cncs4)cc3F)c2cc1-c1cc[nH]c1	0.013811
rxn:5:199091:223464:226695	Cc1cc2c(-c3ccc(-c4cncs4)cc3F)ccnc2cc1-c1cc[nH]c1	0.013811
rxn:5:199062:223464:226695	Cc1c(-c2ccc(-c3cncs3)cc2F)ccc2c(-c3cc[nH]c3)ccnc12	0.013811
rxn:5:199058:223464:226695	Cc1ccc2c(-c3ccc(-c4cncs4)cc3F)ccnc2c1-c1cc[nH]c1	0.013811
rxn:5:199089:223464:226695	Cc1cc(-c2cc[nH]c2)cc2c(-c3ccc(-c4cncs4)cc3F)ccnc12	0.013811
rxn:5:199102:223464:226695	Cc1c(-c2ccc(-c3cncs3)cc2F)cc(-c2cc[nH]c2)c2cccnc12	0.013811
rxn:5:199069:223464:226695	Cc1ccc2c(-c3cc[nH]c3)ccnc2c1-c1ccc(-c2cncs2)cc1F	0.013811
rxn:5:199106:223464:226697	Cc1c(-c2cc[nH]c2)ccc2nccc(-c3ccc(-c4cscn4)cc3F)c12	0.013811
rxn:5:180096:229344:227144	COc1cccc2cc(-c3cc(-c4cocn4)ccc3OC3CCCC3)sc12	0.013810
rxn:5:182656:227807:223271	CC(=O)Nc1cc(-c2c(-c3cccc4c3CCCC4)ccc3ccoc23)ccc1F	0.013809
rxn:5:179400:229272:228616	COc1ncc(-c2cc(C(=O)C3CC3)ccc2-c2ccc(SC)cc2C)s1	0.013809
rxn:5:195463:226412:227341	Cc1cc(-c2cc(F)cc(N3CCCC3)c2)c(-c2cccc(OC(C)C)c2F)cc1C#N	0.013798
rxn:5:182654:228597:228195	Cc1cccc(C#N)c1-c1ccc2ccsc2c1-c1cn(C(C)(C)C)nc1C	0.013795
rxn:5:199106:229296:225508	Cc1c(-c2cnn(C)c2)ccc2nccc(-c3ccc4c(c3)c(C3CC3)nn4C)c12	0.013790
rxn:5:194141:229270:223113	COC(=O)c1c[nH]c2cc(-c3ccc4c(c3)C(C)(C)C(=O)N4)c(-c3cnc(C#N)s3)cc12	0.013789
rxn:5:181071:226085:228435	COc1cccc(-c2c(SC)ccc(F)c2F)c1-c1ccc2c(c1)CCC(C)(C)O2	0.013781
rxn:5:176993:229272:227108	CCCC(=O)c1ccc(-c2cc(C3CCC3)ccc2F)c(-c2cnc(OC)s2)c1	0.013776
rxn:5:176993:229272:227120	CCCC(=O)c1ccc(-c2ccc(C3CCC3)cc2F)c(-c2cnc(OC)s2)c1	0.013776
rxn:5:198748:228279:228574	CCc1cc(F)c(-c2cc(-c3ccc(C)cc3C#N)cc3cnccc23)c(F)c1	0.013774
rxn:5:198417:226583:223411	c1cnc2[nH]c(-c3ccnc4cc(-c5ccc(CN6CCOCC6)s5)sc34)cc2c1	0.013770
rxn:5:199106:223462:226036	COc1c(F)cc(C(F)(F)F)cc1-c1ccnc2ccc(-c3cc(C)[nH]n3)c(C)c12	0.013768
rxn:5:198417:229009:223327	Cc1nc2ccc(-c3ccnc4cc(-c5cc(C6CC6)cs5)sc34)cc2[nH]1	0.013767
rxn:5:198417:229009:223317	Cc1n[nH]c2cc(-c3ccnc4cc(-c5cc(C6CC6)cs5)sc34)ccc12	0.013767
rxn:5:198417:229009:223316	Cc1n[nH]c2ccc(-c3ccnc4cc(-c5cc(C6CC6)cs5)sc34)cc12	0.013767
rxn:5:177279:228977:228435	CSc1ccc(F)c(F)c1-c1cccc(OCC(C)C)c1-c1ccc2c(c1)CC2	0.013758
rxn:5:177278:228977:228435	CSc1ccc(F)c(F)c1-c1c(OCC(C)C)cccc1-c1ccc2c(c1)CC2	0.013758
rxn:5:182656:227575:223271	COc1ccc(OC)c(-c2ccc3ccoc3c2-c2ccc(F)c(NC(C)=O)c2)c1F	0.013755
rxn:5:182656:227562:223271	COc1ccc(F)c(-c2ccc3ccoc3c2-c2ccc(F)c(NC(C)=O)c2)c1OC	0.013755
rxn:5:182656:227569:223271	COc1ccc(F)c(OC)c1-c1ccc2ccoc2c1-c1ccc(F)c(NC(C)=O)c1	0.013755
rxn:5:182656:227588:223271	COc1cc(F)cc(OC)c1-c1ccc2ccoc2c1-c1ccc(F)c(NC(C)=O)c1	0.013755
rxn:5:182656:227568:223271	COc1cc(F)c(-c2ccc3ccoc3c2-c2ccc(F)c(NC(C)=O)c2)c(OC)c1	0.013755
rxn:5:176594:228381:228661	CC(=O)COc1ccc(-c2c(F)cc(C#N)cc2F)c(-c2ccc3ncsc3c2)c1	0.013751
rxn:5:198748:229009:227277	CN(C)c1ccc(-c2cc(-c3cc(C4CC4)cs3)c3ccncc3c2)cc1C#N	0.013751
rxn:5:181071:226135:228435	COc1cccc(-c2c(SC)ccc(F)c2F)c1-c1cc(C2CC2)c(C#N)cc1C	0.013750
rxn:5:190586:228411:229311	CCOC(=O)c1cc2c(-c3ccc(OC)c(F)c3F)c(-c3cnc(C)s3)ccc2[nH]1	0.013748
rxn:5:182654:228597:229006	CSc1ccc(-c2c(-c3c(C)cccc3C#N)ccc3ccsc23)cc1	0.013746
rxn:5:198748:229009:228844	Cc1c(-c2cc(-c3cc(C4CC4)cs3)c3ccncc3c2)ccc(F)c1F	0.013746
rxn:5:182654:228597:227904	CCN(C)c1ccc(-c2c(-c3c(C)cccc3C#N)ccc3ccsc23)cc1	0.013745
rxn:5:183228:228977:228435	CSc1ccc(F)c(F)c1-c1cc(-c2ccc3c(c2)CC3)cc2c1OC(C)(C)CC2	0.013736
rxn:5:179840:228411:227934	CCOc1ccc(C)c(-c2cc(O[C@@H]3CCOC3)ccc2-c2ccc(OC)c(F)c2F)c1	0.013735
rxn:5:195900:229270:227668	COc1c(F)cc(-c2nc(-c3cccc(-c4cnc(C#N)s4)c3)cs2)c(C)c1F	0.013734
rxn:5:198417:223113:227278	CC1(C)C(=O)Nc2ccc(-c3cc4nccc(-c5ccc(C6(C#N)CC6)nc5)c4s3)cc21	0.013734
rxn:5:198417:223316:227278	Cc1n[nH]c2ccc(-c3cc4nccc(-c5ccc(C6(C#N)CC6)nc5)c4s3)cc12	0.013734
rxn:5:198417:223317:227278	Cc1n[nH]c2cc(-c3cc4nccc(-c5ccc(C6(C#N)CC6)nc5)c4s3)ccc12	0.013734
rxn:5:182654:228597:227446	Cc1cccc(C#N)c1-c1ccc2ccsc2c1-c1ccc(C2OCCO2)cc1	0.013733
rxn:5:182637:229080:227668	COc1c(F)cc(-c2cc3ccoc3cc2-c2cnc(C3CC3)s2)c(C)c1F	0.013731
rxn:5:196189:223183:225932	CNS(=O)(=O)c1ccc(-c2ccc(C3=NCCO3)cc2-c2ccc(N(C)C)c(C(F)(F)F)c2)c(C)c1	0.013726
rxn:5:196414:229270:228332	COc1cc(SC)c(-c2ccc(-c3ccncc3-c3cnc(C#N)s3)cc2)cn1	0.013726
rxn:5:198748:229009:227902	CCc1cc(-c2cc(-c3cc(C4CC4)cs3)c3ccncc3c2)ccc1C#N	0.013724
rxn:5:198748:229009:227911	CCc1ccc(-c2cc(-c3cc(C4CC4)cs3)c3ccncc3c2)cc1C#N	0.013724
rxn:5:195792:228040:222959	Cc1cc(-c2c(-c3ccnc4ccncc34)cncc2C2CC2)ccc1C1CCNCC1	0.013721
rxn:5:195792:228040:222958	Cc1ccc(-c2c(-c3ccnc4ccncc34)cncc2C2CC2)cc1C1CCNCC1	0.013721
rxn:5:195324:227034:227508	COC(=O)c1cc(-c2nc(SC)ccc2-c2c(C#N)cccc2C2CC2)cc(C)n1	0.013715
rxn:5:197125:226769:229270	COC(=O)c1cc(F)c(F)c(-c2nc3c(-c4cnc(C#N)s4)cc(OC)cc3s2)c1	0.013712
rxn:5:198417:228020:223411	Fc1cccc(C2CC2)c1-c1cc2nccc(-c3cc4cccnc4[nH]3)c2s1	0.013710
rxn:5:195792:223318:227115	Cc1cc2c(-c3cncc(C4CC4)c3-c3cc(C)c(C4CC4)cc3F)ccnc2[nH]1	0.013707
rxn:5:198748:229009:227947	Cc1cc(C#N)cc(C)c1-c1cc(-c2cc(C3CC3)cs2)c2ccncc2c1	0.013702
rxn:5:199071:229009:228574	Cc1ccc(-c2c(C)cc(-c3cc(C4CC4)cs3)c3ccncc23)c(C#N)c1	0.013702
rxn:5:199128:229009:228574	Cc1ccc(-c2cc(-c3cc(C4CC4)cs3)c3nc(C)ccc3c2)c(C#N)c1	0.013702
rxn:5:199086:229009:228574	Cc1ccc(-c2ccc3c(-c4cc(C5CC5)cs4)cc(C)nc3c2)c(C#N)c1	0.013702
rxn:5:199088:229009:228574	Cc1ccc(-c2ccc3nc(C)cc(-c4cc(C5CC5)cs4)c3c2)c(C#N)c1	0.013702
rxn:5:199097:229009:228574	Cc1ccc(-c2cc(C)c3nccc(-c4cc(C5CC5)cs4)c3c2)c(C#N)c1	0.013702
rxn:5:198748:229009:227952	Cc1cc(-c2cc(-c3cc(C4CC4)cs3)c3ccncc3c2)c(C)cc1C#N	0.013702
rxn:5:198748:229009:227949	Cc1cc(-c2cc(-c3cc(C4CC4)cs3)c3ccncc3c2)cc(C)c1C#N	0.013702
rxn:5:182654:228597:227948	Cc1cccc(C#N)c1-c1ccc2ccsc2c1-c1cc(C2CC2)cnc1C	0.013702
rxn:5:179840:228411:227998	COc1ccc(-c2ccc(O[C@@H]3CCOC3)cc2-c2ccc(F)cc2C2CC2)c(F)c1F	0.013701
rxn:5:198417:228976:227278	N#CC1(c2ccc(-c3ccnc4cc(-c5ccc6c(c5)C=C6)sc34)cn2)CC1	0.013701
rxn:5:182654:227446:229008	FCc1ccc(-c2c(-c3ccc(C4OCCO4)cc3)ccc3ccsc23)cc1	0.013701
rxn:5:182650:228990:223411	CCCc1ccc(-c2cc3cccc(-c4cc5cccnc5[nH]4)c3s2)s1	0.013697
rxn:5:198417:228990:223391	CCCc1ccc(-c2cc3nccc(-c4cc5ccccc5[nH]4)c3s2)s1	0.013697
rxn:5:179883:229270:223263	CNC(=O)c1ccc(F)c(-c2ccc(C(=O)c3ccccc3)cc2-c2cnc(C#N)s2)c1	0.013689
rxn:5:182656:228127:227340	COC(=O)c1cc(-c2c(-c3c(C#N)cccc3OC)ccc3ccoc23)ccc1C	0.013684
rxn:5:182656:228127:227342	COC(=O)c1ccc(-c2c(-c3c(C#N)cccc3OC)ccc3ccoc23)cc1C	0.013684
rxn:5:181076:228888:228386	CSc1cc(-c2cc(-c3nccs3)cs2)cc(-c2cc(C#N)ncc2F)c1	0.013682
rxn:5:179400:229272:225455	COc1ncc(-c2cc(C(=O)C3CC3)ccc2-c2cc(N3CCCCC3)ccc2C)s1	0.013681
rxn:5:182654:228597:228505	CCCc1ccc(-c2c(-c3c(C)cccc3C#N)ccc3ccsc23)cc1	0.013677
rxn:5:179400:229272:227186	COc1ncc(-c2cc(C(=O)C3CC3)ccc2-c2ccc3cccnc3c2F)s1	0.013676
rxn:5:179400:229272:227193	COc1ncc(-c2cc(C(=O)C3CC3)ccc2-c2ccc3ncccc3c2F)s1	0.013676
rxn:5:182654:228597:227916	Cc1cccc(C#N)c1-c1ccc2ccsc2c1-c1ccc(OC2CC2)cc1	0.013671
rxn:5:199106:227339:229061	COC(=O)c1cc(C)ccc1-c1ccc2nccc(-c3cnn(C(C)C)c3)c2c1C	0.013670
rxn:5:198417:223341:226316	O=C1Cc2cc(-c3cc4nccc(-c5cncn5Cc5ccccc5)c4s3)ccc2N1	0.013664
rxn:5:195324:227034:226382	CSc1ccc(-c2c(C#N)cccc2C2CC2)c(-c2cnc(C3CCCCC3)nc2)n1	0.013663
rxn:5:195792:228040:227067	COc1ccc(-c2c(-c3ccnc4ccncc34)cncc2C2CC2)c(C2CC2)c1	0.013653
rxn:5:195792:228040:227054	COc1cc(-c2c(-c3ccnc4ccncc34)cncc2C2CC2)ccc1C1CC1	0.013653
rxn:5:195792:228040:227055	COc1ccc(-c2c(-c3ccnc4ccncc34)cncc2C2CC2)cc1C1CC1	0.013653
rxn:5:195792:228040:227078	COc1ccc(C2CC2)c(-c2c(-c3ccnc4ccncc34)cncc2C2CC2)c1	0.013653
rxn:5:195792:228040:227072	COc1cc(C2CC2)ccc1-c1c(-c2ccnc3ccncc23)cncc1C1CC1	0.013653
rxn:5:182654:228597:228565	CSCc1ccc(-c2c(-c3c(C)cccc3C#N)ccc3ccsc23)cc1	0.013646
rxn:5:194141:229270:227093	COC(=O)c1c[nH]c2cc(-c3cccnc3C3CCCC3)c(-c3cnc(C#N)s3)cc12	0.013643
rxn:5:182654:228403:229008	COc1c(F)ccc(-c2ccc3ccsc3c2-c2ccc(CF)cc2)c1F	0.013641
rxn:5:182656:228127:228013	COc1cccc(C#N)c1-c1ccc2ccoc2c1-c1ccc(F)c(C2CC2)c1	0.013640
rxn:5:182656:228127:228009	COc1cccc(C#N)c1-c1ccc2ccoc2c1-c1ccc(C2CC2)c(F)c1	0.013640
rxn:5:179400:229080:223000	O=C(c1ccc(-c2ccc(C3CCCNC3)c(F)c2)c(-c2cnc(C3CC3)s2)c1)C1CC1	0.013640
rxn:5:198620:226662:223421	CNC(C)c1ccc(-c2ccnc3ccc(-c4ccc(N5CCN(C)CC5)s4)cc23)s1	0.013639
rxn:5:198417:228629:223411	c1cnc2[nH]c(-c3ccnc4cc(-c5ccc(C6CCC6)s5)sc34)cc2c1	0.013639
rxn:5:176993:229231:223000	CCCC(=O)c1ccc(-c2ccc(C3CCCNC3)c(F)c2)c(-c2cnc(CC)s2)c1	0.013639
rxn:5:198620:223464:226184	Cc1ccc(-c2ccc(-c3ccnc4ccc(-c5cc[nH]c5)cc34)s2)cc1	0.013636
rxn:5:198620:223464:226194	Cc1ccccc1-c1ccc(-c2ccnc3ccc(-c4cc[nH]c4)cc23)s1	0.013636
rxn:5:180146:228888:229177	COc1ccc(-c2cc(-c3cc(C#N)ncc3F)cc(-c3c(F)cncc3F)c2)cc1	0.013635
rxn:5:198748:229009:228639	Cc1ccc(-c2cc(-c3cc(C4CC4)cs3)c3ccncc3c2)c(C)c1F	0.013630
rxn:5:198436:223341:226200	CC(C)n1cnc2cc(-c3c(-c4ccc5c(c4)CC(=O)N5)ccc4ocnc34)ccc21	0.013629
rxn:5:198405:223341:226200	CC(C)n1cnc2cc(-c3nccc4occ(-c5ccc6c(c5)CC(=O)N6)c34)ccc21	0.013629
rxn:5:198513:228964:223164	COC(=O)c1ncc(-c2cc3cc[nH]c3cc2-c2cc(F)c(F)c(NC3CC3)c2)s1	0.013625
rxn:5:179400:228324:223000	COc1cc(-c2cc(C(=O)C3CC3)ccc2-c2ccc(C3CCCNC3)c(F)c2)c(OC)cn1	0.013621
rxn:5:179400:228325:223000	COc1cc(OC)c(-c2cc(C(=O)C3CC3)ccc2-c2ccc(C3CCCNC3)c(F)c2)cn1	0.013621
rxn:5:179400:228327:223000	COc1cc(-c2cc(C(=O)C3CC3)ccc2-c2ccc(C3CCCNC3)c(F)c2)cnc1OC	0.013621
rxn:5:195463:226412:227069	COc1ccc(-c2cc(C#N)c(C)cc2-c2cc(F)cc(N3CCCC3)c2)c(C(C)C)c1	0.013621
rxn:5:179400:229272:227792	COc1ncc(-c2cc(C(=O)C3CC3)ccc2-c2ccnc(C(F)(F)F)c2F)s1	0.013620
rxn:5:182143:228127:223271	COc1cccc(C#N)c1-c1cc(-c2ccc(F)c(NC(C)=O)c2)c2occc2c1OC	0.013612
rxn:5:197125:227818:229270	CCC(C)c1cccc(-c2nc3c(-c4cnc(C#N)s4)cc(OC)cc3s2)c1	0.013611
rxn:5:198748:229009:227943	Cc1ccc(N(C)C)c(-c2cc(-c3cc(C4CC4)cs3)c3ccncc3c2)c1	0.013608
rxn:5:182654:228636:229008	Cc1cc(F)cc(C)c1-c1ccc2ccsc2c1-c1ccc(CF)cc1	0.013606
rxn:5:195435:226747:223320	CCc1ncc(-c2cc(-c3cc(C)cc4[nH]ncc34)cc(C(C)=O)n2)cc1C(F)(F)F	0.013605
rxn:5:196350:228597:229008	Cc1cccc(C#N)c1-c1ccnc(-c2cccc(-c3ccc(CF)cc3)c2)c1	0.013605
rxn:5:198748:228018:228574	Cc1ccc(-c2cc(-c3cc(F)cc(C4CC4)c3)c3ccncc3c2)c(C#N)c1	0.013604
rxn:5:198748:227980:228574	Cc1ccc(-c2cc(-c3ccc(C4CC4)cc3F)c3ccncc3c2)c(C#N)c1	0.013604
rxn:5:198748:227997:228574	Cc1ccc(-c2cc(-c3cc(C4CC4)ccc3F)c3ccncc3c2)c(C#N)c1	0.013604
rxn:5:198417:225407:223462	Cc1cc(-c2ccnc3cc(-c4ccc(C5CCCCCC5)cc4)sc23)n[nH]1	0.013603
rxn:5:195792:228040:226764	COC(=O)c1c(F)ccc(-c2c(-c3ccnc4ccncc34)cncc2C2CC2)c1F	0.013603
rxn:5:197125:227591:229270	COc1cc(-c2cnc(C#N)s2)c2nc(-c3ccc(C(F)F)cc3OC)sc2c1	0.013596
rxn:5:198748:228628:228574	Cc1ccc(-c2cc(-c3cc(C4CCC4)cs3)c3ccncc3c2)c(C#N)c1	0.013596
rxn:5:198748:228629:228574	Cc1ccc(-c2cc(-c3ccc(C4CCC4)s3)c3ccncc3c2)c(C#N)c1	0.013596
rxn:5:195792:228040:227356	CCOc1cc(F)c(C)cc1-c1c(-c2ccnc3ccncc23)cncc1C1CC1	0.013595
rxn:5:182654:228597:228781	Cc1cccc(C#N)c1-c1ccc2ccsc2c1-c1ccc(C(F)F)cc1	0.013593
rxn:5:198417:225398:223462	Cc1ccc(-c2ccc(-c3cc4nccc(-c5cc(C)[nH]n5)c4s3)cc2)cc1	0.013593
rxn:5:199106:223464:226433	Cc1cc(-c2cncs2)cc(-c2ccnc3ccc(-c4cc[nH]c4)c(C)c23)c1	0.013593
rxn:5:192661:228381:229311	Cc1ncc(-c2cc(C(=O)c3ccncc3)ccc2-c2c(F)cc(C#N)cc2F)s1	0.013593
rxn:5:179840:228411:228802	COc1ccc(-c2ccc(O[C@@H]3CCOC3)cc2-c2ccccc2C(F)F)c(F)c1F	0.013591
rxn:5:198748:228563:228574	Cc1ccc(-c2cc(-c3cc(CC(C)C)cs3)c3ccncc3c2)c(C#N)c1	0.013590
rxn:5:182654:223321:229008	Cc1ccc(-c2ccc3ccsc3c2-c2ccc(CF)cc2)c2cn[nH]c12	0.013589
rxn:5:179400:229272:226189	COc1ncc(-c2cc(C(=O)C3CC3)ccc2-c2ccc(C3CCCC3)c(F)c2)s1	0.013584
rxn:5:179400:229272:226190	COc1ncc(-c2cc(C(=O)C3CC3)ccc2-c2ccc(C3CCCC3)cc2F)s1	0.013584
rxn:5:179400:229272:226191	COc1ncc(-c2cc(C(=O)C3CC3)ccc2-c2cc(C3CCCC3)ccc2F)s1	0.013584
rxn:5:182654:228597:228509	Cc1cccc(C#N)c1-c1ccc2ccsc2c1-c1ccc(C(C)C)cc1	0.013584
rxn:5:198417:229270:227400	N#Cc1ncc(-c2cc3nccc(-c4ccc(-c5nccs5)cc4)c3s2)s1	0.013581
rxn:5:198417:223341:226809	O=C1Cc2cc(-c3cc4nccc(-c5cc(-c6ncon6)ccc5F)c4s3)ccc2N1	0.013580
rxn:5:198417:229009:223217	O=c1[nH]ccc2cc(-c3ccnc4cc(-c5cc(C6CC6)cs5)sc34)ccc12	0.013579
rxn:5:176993:229272:228758	CCCC(=O)c1ccc(-c2cc(C)cnc2SC)c(-c2cnc(OC)s2)c1	0.013577
rxn:5:181076:227400:229177	CSc1cc(-c2ccc(-c3nccs3)cc2)cc(-c2c(F)cncc2F)c1	0.013570
rxn:5:176993:229272:227038	CCCC(=O)c1ccc(-c2cc(C(C)C)ccc2OC)c(-c2cnc(OC)s2)c1	0.013561
rxn:5:198620:229009:223390	c1cc(-c2ccc3cc[nH]c3c2)c2cc(-c3cc(C4CC4)cs3)ccc2n1	0.013560
rxn:5:198622:229009:223390	c1cc(-c2ccc3cc[nH]c3c2)c2ccc(-c3cc(C4CC4)cs3)cc2n1	0.013560
rxn:5:198679:229009:223390	c1cc(-c2cc(C3CC3)cs2)c2c(-c3ccc4cc[nH]c4c3)ccnc2c1	0.013560
rxn:5:198646:229009:223390	c1cc(-c2cc(C3CC3)cs2)c2cc(-c3ccc4cc[nH]c4c3)ccc2n1	0.013560
rxn:5:198653:229009:223390	c1cc(-c2ccc3cc[nH]c3c2)c2c(-c3cc(C4CC4)cs3)ccnc2c1	0.013560
rxn:5:198655:229009:223390	c1cc(-c2cc(C3CC3)cs2)c2ccc(-c3ccc4cc[nH]c4c3)cc2n1	0.013560
rxn:5:198667:229009:223390	c1cnc2cc(-c3ccc4cc[nH]c4c3)c(-c3cc(C4CC4)cs3)cc2c1	0.013560
rxn:5:198686:229009:223390	c1cnc2cc(-c3cc(C4CC4)cs3)cc(-c3ccc4cc[nH]c4c3)c2c1	0.013560
rxn:5:198417:228511:223390	c1cc(-c2ccc3cc[nH]c3c2)c2sc(-c3ccc(C4CC4)cc3)cc2n1	0.013560
rxn:5:198417:228514:223390	c1cc(-c2cc3nccc(-c4ccc5cc[nH]c5c4)c3s2)cc(C2CC2)c1	0.013560
rxn:5:198417:229010:223390	CC(C)c1csc(-c2cc3nccc(-c4ccc5cc[nH]c5c4)c3s2)c1	0.013560
rxn:5:182637:229270:225944	CC(C)Oc1c(F)cc(F)c(-c2cc3ccoc3cc2-c2cnc(C#N)s2)c1F	0.013559
rxn:5:197446:229272:223000	COc1ncc(-c2cn(C(C)=O)c3ccc(-c4ccc(C5CCCNC5)c(F)c4)cc23)s1	0.013556
rxn:5:196343:229270:227668	COc1c(F)cc(-c2nccc(-c3ccccc3)c2-c2cnc(C#N)s2)c(C)c1F	0.013556
rxn:5:181076:226975:229177	CSc1cc(-c2cc3ccccc3cc2F)cc(-c2c(F)cncc2F)c1	0.013554
rxn:5:198417:228990:223318	CCCc1ccc(-c2cc3nccc(-c4ccnc5[nH]c(C)cc45)c3s2)s1	0.013552
rxn:5:182654:228597:228159	CCOc1cc(-c2c(-c3c(C)cccc3C#N)ccc3ccsc23)ccc1F	0.013548
rxn:5:182654:228597:228171	CCOc1ccc(-c2c(-c3c(C)cccc3C#N)ccc3ccsc23)cc1F	0.013548
rxn:5:179840:228411:228628	COc1ccc(-c2ccc(O[C@@H]3CCOC3)cc2-c2cc(C3CCC3)cs2)c(F)c1F	0.013547
rxn:5:194049:228259:229270	COC(=O)c1cc(-c2cc(C)cc(OC)c2F)c2nc(-c3cnc(C#N)s3)sc2c1	0.013546
rxn:5:182654:228519:229008	Cc1cc(C)c(-c2ccc3ccsc3c2-c2ccc(CF)cc2)c(C)c1	0.013544
rxn:5:194141:229270:227715	COC(=O)c1c[nH]c2cc(-c3cc(F)cc(OC(F)F)c3)c(-c3cnc(C#N)s3)cc12	0.013544
rxn:5:198417:229009:228672	c1cc(-c2ccc3cnoc3c2)c2sc(-c3cc(C4CC4)cs3)cc2n1	0.013544
rxn:5:198417:229009:228670	c1cc(-c2ccc3oncc3c2)c2sc(-c3cc(C4CC4)cs3)cc2n1	0.013544
rxn:5:176993:229272:227843	CCCC(=O)c1ccc(-c2cncc3ccccc23)c(-c2cnc(OC)s2)c1	0.013543
rxn:5:176993:229272:227845	CCCC(=O)c1ccc(-c2cccc3cnccc23)c(-c2cnc(OC)s2)c1	0.013543
rxn:5:198748:229009:228519	Cc1cc(C)c(-c2cc(-c3cc(C4CC4)cs3)c3ccncc3c2)c(C)c1	0.013543
rxn:5:193542:229270:226593	CC(C)Oc1ccc(F)c(-c2c(CN3CCCCC3)cccc2-c2cnc(C#N)s2)c1F	0.013541
rxn:5:193807:226412:229270	CC1CCN(Cc2cccc(-c3cnc(C#N)s3)c2-c2cc(F)cc(N3CCCC3)c2)CC1	0.013540
rxn:5:176993:229272:226919	CCCC(=O)c1ccc(-c2cccc(C3CCCC3)c2)c(-c2cnc(OC)s2)c1	0.013538
rxn:5:176993:229272:226915	CCCC(=O)c1ccc(-c2ccc(C3CCCC3)cc2)c(-c2cnc(OC)s2)c1	0.013538
rxn:5:181076:228888:226976	CSc1cc(-c2cc(C#N)ncc2F)cc(-c2c(F)ccc3ccccc23)c1	0.013535
rxn:5:198417:223346:226462	CCn1cnc2cc(-c3ccnc4cc(-c5ccc6c(c5)CNC6=O)sc34)c(F)cc21	0.013535
rxn:5:198417:223348:226462	CCn1cnc2cc(-c3ccnc4cc(-c5ccc6c(c5)C(=O)NC6)sc34)c(F)cc21	0.013535
rxn:5:199106:223247:229061	Cc1n[nH]c2cc(F)c(-c3ccc4nccc(-c5cnn(C(C)C)c5)c4c3C)cc12	0.013534
rxn:5:182654:228515:229008	CCc1cccc(C)c1-c1ccc2ccsc2c1-c1ccc(CF)cc1	0.013530
rxn:5:196189:226900:229270	N#Cc1ncc(-c2cc(C3=NCCO3)ccc2-c2ccc(S(F)(F)(F)(F)F)cc2)s1	0.013526
rxn:5:182654:226586:229008	FCc1ccc(-c2c(-c3ccnc(OC4CCOC4)c3)ccc3ccsc23)cc1	0.013525
rxn:5:194141:229270:225870	COC(=O)c1c[nH]c2cc(-c3cc(F)cc(N4CCOCC4)c3)c(-c3cnc(C#N)s3)cc12	0.013521
rxn:5:194141:229270:225879	COC(=O)c1c[nH]c2cc(-c3ccc(N4CCOCC4)cc3F)c(-c3cnc(C#N)s3)cc12	0.013521
rxn:5:198417:229009:227203	c1cc(-c2ccc3c(c2)OCCCO3)c2sc(-c3cc(C4CC4)cs3)cc2n1	0.013520
rxn:5:176993:229233:223000	CCCC(=O)c1ccc(-c2ccc(C3CCCNC3)c(F)c2)c(-c2ccc(OC)s2)c1	0.013519
rxn:5:176993:229236:223000	CCCC(=O)c1ccc(-c2ccc(C3CCCNC3)c(F)c2)c(-c2cc(OC)cs2)c1	0.013519
rxn:5:198620:223464:225624	COc1ccc(-c2ccc(-c3ccnc4ccc(-c5cc[nH]c5)cc34)s2)cc1	0.013518
rxn:5:182656:227350:223271	COc1cc(C)cc(OC)c1-c1ccc2ccoc2c1-c1ccc(F)c(NC(C)=O)c1	0.013516
rxn:5:182656:227353:223271	COc1cc(C)c(-c2ccc3ccoc3c2-c2ccc(F)c(NC(C)=O)c2)c(OC)c1	0.013516
rxn:5:182654:228267:229008	COc1c(C)ccc(F)c1-c1ccc2ccsc2c1-c1ccc(CF)cc1	0.013513
rxn:5:197420:223464:226695	COc1ccc(-c2cc[nH]c2)c2nccc(-c3ccc(-c4cncs4)cc3F)c12	0.013512
rxn:5:197409:223464:226695	COc1cc2nccc(-c3ccc(-c4cncs4)cc3F)c2cc1-c1cc[nH]c1	0.013512
rxn:5:197430:223464:226695	COc1cc2c(-c3ccc(-c4cncs4)cc3F)ccnc2cc1-c1cc[nH]c1	0.013512
rxn:5:197413:223464:226695	COc1cc2c(-c3cc[nH]c3)ccnc2cc1-c1ccc(-c2cncs2)cc1F	0.013512
rxn:5:197414:223464:226695	COc1ccc(-c2ccc(-c3cncs3)cc2F)c2nccc(-c3cc[nH]c3)c12	0.013512
rxn:5:197426:223464:226695	COc1ccc(-c2cc[nH]c2)c2ccnc(-c3ccc(-c4cncs4)cc3F)c12	0.013512
rxn:5:197417:223464:226695	COc1cccc2c(-c3ccc(-c4cncs4)cc3F)c(-c3cc[nH]c3)cnc12	0.013512
rxn:5:199106:223464:225499	Cc1c(-c2cc[nH]c2)ccc2nccc(-c3ccc(C4CCCCC4)cc3F)c12	0.013508
rxn:5:198417:223341:223210	COc1cccc2[nH]c(-c3ccnc4cc(-c5ccc6c(c5)CC(=O)N6)sc34)cc12	0.013506
rxn:5:198417:223341:227633	O=C1Cc2cc(-c3cc4nccc(-c5ccc(-c6ncccn6)s5)c4s3)ccc2N1	0.013505
rxn:5:197125:227063:229270	COc1cc(-c2cnc(C#N)s2)c2nc(-c3ccc(C)cc3OC(C)C)sc2c1	0.013501
rxn:5:198417:227948:223390	Cc1ncc(C2CC2)cc1-c1cc2nccc(-c3ccc4cc[nH]c4c3)c2s1	0.013501
rxn:5:198417:227838:223411	Cc1ccc(C2CC2)c(-c2cc3nccc(-c4cc5cccnc5[nH]4)c3s2)c1	0.013501
rxn:5:198620:228013:223421	CNC(C)c1ccc(-c2ccnc3ccc(-c4ccc(F)c(C5CC5)c4)cc23)s1	0.013500
rxn:5:181076:228888:227756	CSc1cc(-c2cc(C#N)ncc2F)cc(-c2c(F)cccc2C(F)(F)F)c1	0.013500
rxn:5:180096:229344:225643	Cc1cc(-c2cc(-c3cocn3)ccc2OC2CCCC2)cc(-n2cnc(C)c2)c1	0.013495
rxn:5:198748:229009:227524	COc1cc(-c2cc(-c3cc(C4CC4)cs3)c3ccncc3c2)c(F)cc1C#N	0.013493
rxn:5:198748:229009:227518	COc1ccc(-c2cc(-c3cc(C4CC4)cs3)c3ccncc3c2)c(F)c1C#N	0.013493
rxn:5:195435:227633:223320	CC(=O)c1cc(-c2cc(C)cc3[nH]ncc23)cc(-c2ccc(-c3ncccn3)s2)n1	0.013486
rxn:5:177518:229270:223263	CNC(=O)c1ccc(F)c(-c2ccc(OCc3ccccc3)cc2-c2cnc(C#N)s2)c1	0.013481
rxn:5:198748:227035:228574	Cc1ccc(-c2cc(-c3cc(C#N)cc(C4CC4)c3)c3ccncc3c2)c(C#N)c1	0.013479
rxn:5:198748:227031:228574	Cc1ccc(-c2cc(-c3ccc(C4CC4)cc3C#N)c3ccncc3c2)c(C#N)c1	0.013479
rxn:5:198748:227036:228574	Cc1ccc(-c2cc(-c3cc(C4CC4)ccc3C#N)c3ccncc3c2)c(C#N)c1	0.013479
rxn:5:198417:227656:223390	c1cc(-c2ccc3cc[nH]c3c2)c2sc(-c3cc(N4CCOCC4)cs3)cc2n1	0.013476
rxn:5:198417:229009:228976	C1=Cc2cc(-c3ccnc4cc(-c5cc(C6CC6)cs5)sc34)ccc21	0.013475
rxn:5:198620:223390:223421	CNC(C)c1ccc(-c2ccnc3ccc(-c4ccc5cc[nH]c5c4)cc23)s1	0.013475
rxn:5:198620:223392:223421	CNC(C)c1ccc(-c2ccnc3ccc(-c4ccc5[nH]ccc5c4)cc23)s1	0.013475
rxn:5:197123:229272:223000	COc1ncc(-c2c(OC)ccc3nc(-c4ccc(C5CCCNC5)c(F)c4)sc23)s1	0.013475
rxn:5:176572:228977:228435	COC(=O)Cc1c(-c2ccc3c(c2)CC3)cccc1-c1c(SC)ccc(F)c1F	0.013474
rxn:5:176569:228977:228435	COC(=O)Cc1cccc(-c2c(SC)ccc(F)c2F)c1-c1ccc2c(c1)CC2	0.013474
rxn:5:179840:228411:227833	CCc1cc(C)cc(C)c1-c1cc(O[C@@H]2CCOC2)ccc1-c1ccc(OC)c(F)c1F	0.013469
rxn:5:198417:223397:225514	c1cc2c(c(-c3ccnc4cc(-c5ccc6c(c5)CCN6)sc34)c1)OCC1(CC1)CO2	0.013467
rxn:5:198417:228212:223411	c1cnc2[nH]c(-c3ccnc4cc(-c5ccc(-n6cccc6)s5)sc34)cc2c1	0.013464
rxn:5:198417:228351:223390	c1cn(-c2csc(-c3cc4nccc(-c5ccc6cc[nH]c6c5)c4s3)c2)cn1	0.013464
rxn:5:198417:228355:223390	c1cnn(-c2csc(-c3cc4nccc(-c5ccc6cc[nH]c6c5)c4s3)c2)c1	0.013464
rxn:5:198417:223341:226666	O=C1Cc2cc(-c3cc4nccc(-c5cnc(-n6cccc6)cc5F)c4s3)ccc2N1	0.013463
rxn:5:198417:223341:226680	O=C1Cc2cc(-c3cc4nccc(-c5cc(-n6cccc6)ncc5F)c4s3)ccc2N1	0.013463
rxn:5:181071:228534:228435	COc1cccc(-c2c(SC)ccc(F)c2F)c1-c1ccc2ccoc2c1	0.013463
rxn:5:181071:228533:228435	COc1cccc(-c2c(SC)ccc(F)c2F)c1-c1ccc2occc2c1	0.013463
rxn:5:194143:223183:229270	CNS(=O)(=O)c1ccc(-c2cc(-c3cnc(C#N)s3)c3cc(C(=O)OC)[nH]c3c2)c(C)c1	0.013460
rxn:5:197428:229270:226412	CC(=O)c1c[nH]c2cc(-c3cc(F)cc(N4CCCC4)c3)c(-c3cnc(C#N)s3)cc12	0.013456
rxn:5:197429:229270:226412	CC(=O)c1c[nH]c2c(-c3cnc(C#N)s3)ccc(-c3cc(F)cc(N4CCCC4)c3)c12	0.013456
rxn:5:181076:228888:227399	CSc1cc(-c2cccc(-c3nccs3)c2)cc(-c2cc(C#N)ncc2F)c1	0.013456
rxn:5:181076:228888:227436	CSc1cc(-c2ccc(-c3cncs3)cc2)cc(-c2cc(C#N)ncc2F)c1	0.013456
rxn:5:198417:223377:226200	CC(C)n1cnc2cc(-c3ccnc4cc(-c5cnc6c(c5)CC(=O)N6)sc34)ccc21	0.013455
rxn:5:195460:229065:225624	COc1ccc(-c2ccc(-c3cc(-c4ccnc(C#N)c4)cc(C)c3C#N)s2)cc1	0.013449
rxn:5:195460:229065:225626	COc1ccccc1-c1ccc(-c2cc(-c3ccnc(C#N)c3)cc(C)c2C#N)s1	0.013449
rxn:5:195439:228040:227115	CC(=O)c1ccc(-c2cc(C)c(C3CC3)cc2F)c(-c2ccnc3ccncc23)n1	0.013440
rxn:5:197410:227034:229057	COc1cccc2c(-c3cnn(C4CC4)c3)ncc(-c3c(C#N)cccc3C3CC3)c12	0.013435
rxn:5:194141:229270:223065	COC(=O)c1c[nH]c2cc(-c3ccc(N4CCNCC4)cc3F)c(-c3cnc(C#N)s3)cc12	0.013435
rxn:5:181076:228888:226198	CCCn1ncc2cc(-c3cc(SC)cc(-c4cc(C#N)ncc4F)c3)ccc21	0.013434
rxn:5:198748:227827:228574	Cc1ccc(-c2cc(-c3cc(C4CC4)ccc3C)c3ccncc3c2)c(C#N)c1	0.013431
rxn:5:198748:227832:228574	Cc1ccc(-c2cc(-c3ccc(C4CC4)cc3C)c3ccncc3c2)c(C#N)c1	0.013431
rxn:5:198748:227837:228574	Cc1cc(-c2cc(-c3ccc(C)cc3C#N)cc3cnccc23)cc(C2CC2)c1	0.013431
rxn:5:198417:228970:223411	FC(F)(F)c1ccc(-c2cc3nccc(-c4cc5cccnc5[nH]4)c3s2)s1	0.013431
rxn:5:179400:229272:226929	COc1ncc(-c2cc(C(=O)C3CC3)ccc2-c2ccc(C)c3ncccc23)s1	0.013427
rxn:5:179400:229272:226955	COc1ncc(-c2cc(C(=O)C3CC3)ccc2-c2ccc(C)c3cccnc23)s1	0.013427
rxn:5:179400:229272:226947	COc1ncc(-c2cc(C(=O)C3CC3)ccc2-c2cccc3ccc(C)nc23)s1	0.013427
rxn:5:197125:228127:223271	COc1cc(-c2ccc(F)c(NC(C)=O)c2)c2nc(-c3c(C#N)cccc3OC)sc2c1	0.013420
rxn:5:182654:228597:227912	COC(C)c1ccc(-c2c(-c3c(C)cccc3C#N)ccc3ccsc23)cc1	0.013415
rxn:5:179400:223320:228821	Cc1cc(-c2cc(C(=O)C3CC3)ccc2-c2ccc(C)c(F)c2F)c2cn[nH]c2c1	0.013414
rxn:5:182654:227993:229008	COc1ccc(C)c(-c2ccc3ccsc3c2-c2ccc(CF)cc2)c1C	0.013413
rxn:5:182654:227974:229008	COc1cc(C)c(-c2ccc3ccsc3c2-c2ccc(CF)cc2)c(C)c1	0.013413
rxn:5:194141:229270:227328	COC(=O)c1c[nH]c2cc(-c3cc(F)cc(OC(C)C)c3)c(-c3cnc(C#N)s3)cc12	0.013411
rxn:5:198911:229270:226847	CSc1ncc(C(F)(F)F)cc1-c1cc2c(C)c[nH]c2cc1-c1cnc(C#N)s1	0.013411
rxn:5:182654:228597:227022	Cc1cccc(C#N)c1-c1ccc2ccsc2c1-c1ccc(CN2CCC2)cc1	0.013405
rxn:5:182654:228597:222991	Cc1cccc(C#N)c1-c1ccc2ccsc2c1-c1ccc(N2CCCC(O)C2)cc1	0.013394
rxn:5:191508:228040:227115	COC(=O)c1cncc(-c2ccnc3ccncc23)c1-c1cc(C)c(C2CC2)cc1F	0.013393
rxn:5:197125:227107:229270	COc1cc(-c2cnc(C#N)s2)c2nc(-c3cc(C)cc(C4CC4)c3F)sc2c1	0.013392
rxn:5:198417:226461:228455	COc1ncc(-c2ccnc3cc(-c4cncc5c4ccn5C(C)=O)sc23)c(OC)n1	0.013390
rxn:5:182656:228478:223271	CC(=O)Nc1cc(-c2c(-c3cncc(C(F)(F)F)c3)ccc3ccoc23)ccc1F	0.013389
rxn:5:198417:223397:228532	c1cc(-c2ccc3sccc3c2)c2sc(-c3ccc4c(c3)CCN4)cc2n1	0.013384
rxn:5:176993:229272:226746	CCCC(=O)c1ccc(-c2cc(C(F)(F)F)ncc2CC)c(-c2cnc(OC)s2)c1	0.013380
rxn:5:190721:223464:223421	CCCCc1cc(-c2ccc(C(C)NC)s2)c2cc(-c3cc[nH]c3)ccc2n1	0.013379
rxn:5:198417:223397:227643	c1csc(-c2ccc(-c3ccnc4cc(-c5ccc6c(c5)CCN6)sc34)cn2)n1	0.013378
rxn:5:198417:223397:227632	c1csc(-c2ncc(-c3ccnc4cc(-c5ccc6c(c5)CCN6)sc34)cn2)c1	0.013378
rxn:5:197491:229270:223164	CCc1c[nH]c2cc(-c3cc(F)c(F)c(NC4CC4)c3)c(-c3cnc(C#N)s3)cc12	0.013378
rxn:5:182654:228597:228341	Cc1cccc(C#N)c1-c1ccc2ccsc2c1-c1ccc(OC(F)F)cc1	0.013376
rxn:5:198417:229009:227437	c1cc(-c2ccnc3cc(-c4cc(C5CC5)cs4)sc23)cc(C2CCCO2)n1	0.013371
rxn:5:198417:228158:223390	CCOc1cc(F)cc(-c2cc3nccc(-c4ccc5cc[nH]c5c4)c3s2)c1	0.013365
rxn:5:199106:229271:227137	CCn1cnc2cc(-c3ccnc4ccc(-c5cc(OC)ns5)c(C)c34)ccc21	0.013364
rxn:5:179400:229272:226765	COC(=O)c1ccc(-c2ccc(C(=O)C3CC3)cc2-c2cnc(OC)s2)c(F)c1F	0.013362
rxn:5:179400:229272:226764	COC(=O)c1c(F)ccc(-c2ccc(C(=O)C3CC3)cc2-c2cnc(OC)s2)c1F	0.013362
rxn:5:198417:227995:223390	COc1c(C)cc(C)cc1-c1cc2nccc(-c3ccc4cc[nH]c4c3)c2s1	0.013359
rxn:5:179400:229272:226069	COc1ncc(-c2cc(C(=O)C3CC3)ccc2-c2cccc(C3CCCCC3)c2)s1	0.013354
rxn:5:179400:229272:226064	COc1ncc(-c2cc(C(=O)C3CC3)ccc2-c2ccc(C3CCCCC3)cc2)s1	0.013354
rxn:5:194145:229270:226412	COC(=O)c1cc2c(-c3cnc(C#N)s3)cc(-c3cc(F)cc(N4CCCC4)c3)cc2[nH]1	0.013348
rxn:5:194146:229270:226412	COC(=O)c1cc2c(-c3cc(F)cc(N4CCCC4)c3)ccc(-c3cnc(C#N)s3)c2[nH]1	0.013348
rxn:5:194150:229270:226412	COC(=O)c1ccc2c(-c3cc(F)cc(N4CCCC4)c3)c(-c3cnc(C#N)s3)[nH]c2c1	0.013348
rxn:5:194144:229270:226412	COC(=O)c1cc(-c2cnc(C#N)s2)c2c(-c3cc(F)cc(N4CCCC4)c3)c[nH]c2c1	0.013348
rxn:5:194147:229270:226412	COC(=O)c1c[nH]c2c(-c3cnc(C#N)s3)ccc(-c3cc(F)cc(N4CCCC4)c3)c12	0.013348
rxn:5:194143:229270:226412	COC(=O)c1cc2c(-c3cc(F)cc(N4CCCC4)c3)cc(-c3cnc(C#N)s3)cc2[nH]1	0.013348
rxn:5:194142:229270:226412	COC(=O)c1cc2c(-c3cnc(C#N)s3)ccc(-c3cc(F)cc(N4CCCC4)c3)c2[nH]1	0.013348
rxn:5:194148:229270:226412	COC(=O)c1cc2c(-c3cnc(C#N)s3)c(-c3cc(F)cc(N4CCCC4)c3)ccc2[nH]1	0.013348
rxn:5:194149:229270:226412	COC(=O)c1c(-c2cc(F)cc(N3CCCC3)c2)c(-c2cnc(C#N)s2)cc2cc[nH]c12	0.013348
rxn:5:194141:229270:226441	COC(=O)c1c[nH]c2cc(-c3ccc(N4CCCC4)cc3F)c(-c3cnc(C#N)s3)cc12	0.013348
rxn:5:194141:229270:226420	COC(=O)c1c[nH]c2cc(-c3ccc(F)c(N4CCCC4)c3)c(-c3cnc(C#N)s3)cc12	0.013348
rxn:5:194141:229270:226431	COC(=O)c1c[nH]c2cc(-c3ccc(N4CCCC4)c(F)c3)c(-c3cnc(C#N)s3)cc12	0.013348
rxn:5:194141:229270:226422	COC(=O)c1c[nH]c2cc(-c3cc(F)ccc3N3CCCC3)c(-c3cnc(C#N)s3)cc12	0.013348
rxn:5:198417:229009:227496	CCN(C)c1cc(F)c(-c2ccnc3cc(-c4cc(C5CC5)cs4)sc23)cn1	0.013347
rxn:5:194141:229270:222409	COC(=O)c1c[nH]c2cc(-c3ccc(OC)c(S(N)(=O)=O)c3)c(-c3cnc(C#N)s3)cc12	0.013344
rxn:5:198513:229080:223164	Fc1cc(-c2cc3[nH]ccc3cc2-c2cnc(C3CC3)s2)cc(NC2CC2)c1F	0.013343
rxn:5:198748:228972:228574	Cc1ccc(-c2cc(-c3cc(C(F)(F)F)cs3)c3ccncc3c2)c(C#N)c1	0.013342
rxn:5:182637:229270:225812	Cc1cc(-c2cc3ccoc3cc2-c2cnc(C#N)s2)c(F)c(OC(C)C)c1F	0.013340
rxn:5:182637:229270:225813	Cc1c(-c2cc3ccoc3cc2-c2cnc(C#N)s2)cc(F)c(OC(C)C)c1F	0.013340
rxn:5:197125:228259:223358	COc1cc(-c2ccc(NC(C)=O)cc2)c2nc(-c3cc(C)cc(OC)c3F)sc2c1	0.013339
rxn:5:182656:228127:228798	COc1cccc(C#N)c1-c1ccc2ccoc2c1-c1ccc(F)c(SC)c1	0.013336
rxn:5:182656:228127:228792	COc1cccc(C#N)c1-c1ccc2ccoc2c1-c1ccc(SC)c(F)c1	0.013336
rxn:5:182656:228127:228812	COc1cccc(C#N)c1-c1ccc2ccoc2c1-c1c(F)cccc1SC	0.013336
rxn:5:181076:226178:229177	CSc1cc(-c2ccccc2-c2ccncc2)cc(-c2c(F)cncc2F)c1	0.013327
rxn:5:182656:228127:228417	COc1cccc(C#N)c1-c1ccc2ccoc2c1-c1ccc(F)c(C(F)F)c1	0.013325
rxn:5:182656:228127:228434	COc1cccc(C#N)c1-c1ccc2ccoc2c1-c1ccc(C(F)F)c(F)c1	0.013325
rxn:5:182654:228597:227913	Cc1cccc(C#N)c1-c1ccc2ccsc2c1-c1ccc(OC(C)C)cc1	0.013324
rxn:5:198417:223397:225633	c1cc(-c2ccc(N3CCCCCC3)nc2)c2sc(-c3ccc4c(c3)CCN4)cc2n1	0.013322
rxn:5:198748:227824:228574	Cc1ccc(-c2cc(-c3ccc(C4CCC4)cc3)c3ccncc3c2)c(C#N)c1	0.013321
rxn:5:198748:227825:228574	Cc1ccc(-c2cc(-c3cccc(C4CCC4)c3)c3ccncc3c2)c(C#N)c1	0.013321
rxn:5:198417:227633:223411	c1cnc(-c2ccc(-c3cc4nccc(-c5cc6cccnc6[nH]5)c4s3)s2)nc1	0.013320
rxn:5:196770:228259:229270	COc1cc(C)cc(-c2cc(-c3cnc(C#N)s3)c(-c3ccc(C)cc3)cn2)c1F	0.013318
rxn:5:197125:228539:229270	COc1cc(-c2cnc(C#N)s2)c2nc(-c3ccc4ccsc4c3)sc2c1	0.013312
rxn:5:198417:226211:227278	CC(=O)N1CCc2cc(-c3cc4nccc(-c5ccc(C6(C#N)CC6)nc5)c4s3)ccc21	0.013306
rxn:5:195792:228040:227447	Fc1ccc(C2CC2)c(F)c1-c1c(-c2ccnc3ccncc23)cncc1C1CC1	0.013299
rxn:5:182656:228127:226026	COc1cccc(C#N)c1-c1ccc2ccoc2c1-c1ccc(S(=O)(=O)N(C)C)c(F)c1	0.013298
rxn:5:182656:228127:226027	COc1cccc(C#N)c1-c1ccc2ccoc2c1-c1ccc(F)c(S(=O)(=O)N(C)C)c1	0.013298
rxn:5:197422:229009:228574	COc1ccc(-c2cc(C3CC3)cs2)c2cc(-c3ccc(C)cc3C#N)ncc12	0.013297
rxn:5:177449:228977:228435	COc1cc(-c2ccc3c(c2)CC3)c(-c2c(SC)ccc(F)c2F)cc1OC(C)C	0.013296
rxn:5:177447:228977:228435	COc1cc(-c2ccc3c(c2)CC3)cc(-c2c(SC)ccc(F)c2F)c1OC(C)C	0.013296
rxn:5:177448:228977:228435	COc1ccc(-c2ccc3c(c2)CC3)c(OC(C)C)c1-c1c(SC)ccc(F)c1F	0.013296
rxn:5:194141:229306:226412	COC(=O)c1c[nH]c2cc(-c3cc(F)cc(N4CCCC4)c3)c(-c3ncc(C)s3)cc12	0.013296
rxn:5:194141:229311:226412	COC(=O)c1c[nH]c2cc(-c3cc(F)cc(N4CCCC4)c3)c(-c3cnc(C)s3)cc12	0.013296
rxn:5:181282:225824:223263	CCc1ccc(-c2cc(C(=O)NC)ccc2F)c(-c2cc(C3CC3)cc(C(F)(F)F)c2)c1	0.013295
rxn:5:176993:228897:223000	CCCC(=O)c1ccc(-c2ccc(C3CCCNC3)c(F)c2)c(-c2cc(F)cnc2OC)c1	0.013293
rxn:5:176993:228908:223000	CCCC(=O)c1ccc(-c2ccc(C3CCCNC3)c(F)c2)c(-c2cc(OC)ncc2F)c1	0.013293
rxn:5:176993:228933:223000	CCCC(=O)c1ccc(-c2ccc(C3CCCNC3)c(F)c2)c(-c2cnc(OC)cc2F)c1	0.013293
rxn:5:197418:228127:223271	COc1cc(-c2ccc(F)c(NC(C)=O)c2)c2cc(-c3c(C#N)cccc3OC)ccc2n1	0.013292
rxn:5:198417:223251:226133	Cc1c(C#N)cc(C2CC2)cc1-c1ccnc2cc(-c3ccc4c(c3)OCC(=O)N4)sc12	0.013290
rxn:5:181076:228888:226218	CSc1cc(-c2cc(C#N)ncc2F)cc(-c2c(F)ccc3ccc(C)nc23)c1	0.013289
rxn:5:199090:228990:223411	CCCc1ccc(-c2cc3c(-c4cc5cccnc5[nH]4)ccnc3cc2C)s1	0.013287
rxn:5:199089:228990:223411	CCCc1ccc(-c2cc(C)c3nccc(-c4cc5cccnc5[nH]4)c3c2)s1	0.013287
rxn:5:199092:228990:223411	CCCc1ccc(-c2cc(C)cc3c(-c4cc5cccnc5[nH]4)ccnc23)s1	0.013287
rxn:5:199093:228990:223411	CCCc1ccc(-c2cnc3ccc(C)cc3c2-c2cc3cccnc3[nH]2)s1	0.013287
rxn:5:199108:228990:223411	CCCc1ccc(-c2c(C)ccc3cnc(-c4cc5cccnc5[nH]4)cc23)s1	0.013287
rxn:5:199091:228990:223411	CCCc1ccc(-c2cc3nccc(-c4cc5cccnc5[nH]4)c3cc2C)s1	0.013287
rxn:5:199106:228990:223411	CCCc1ccc(-c2ccc3nccc(-c4cc5cccnc5[nH]4)c3c2C)s1	0.013287
rxn:5:199060:228990:223411	CCCc1ccc(-c2ccnc3cc(-c4cc5cccnc5[nH]4)c(C)cc23)s1	0.013287
rxn:5:198417:227816:223411	CCCc1ccc(-c2cc3nccc(-c4cc5cccnc5[nH]4)c3s2)c(C)c1	0.013287
rxn:5:182814:229270:226593	CC(C)Oc1ccc(F)c(-c2c(-c3cnc(C#N)s3)ccc3ccccc23)c1F	0.013280
rxn:5:182817:229270:226593	CC(C)Oc1ccc(F)c(-c2ccc3c(-c4cnc(C#N)s4)cccc3c2)c1F	0.013280
rxn:5:182816:229270:226593	CC(C)Oc1ccc(F)c(-c2cccc3c(-c4cnc(C#N)s4)cccc23)c1F	0.013280
rxn:5:182820:229270:226593	CC(C)Oc1ccc(F)c(-c2cccc3cccc(-c4cnc(C#N)s4)c23)c1F	0.013280
rxn:5:182821:229270:226593	CC(C)Oc1ccc(F)c(-c2ccc3cccc(-c4cnc(C#N)s4)c3c2)c1F	0.013280
rxn:5:199106:223464:225807	COc1cc(-c2cncs2)cc(-c2ccnc3ccc(-c4cc[nH]c4)c(C)c23)c1	0.013276
rxn:5:195792:227344:227115	Cc1cc(-c2c(-c3ccc(OC(C)C)c(F)c3)cncc2C2CC2)c(F)cc1C1CC1	0.013276
rxn:5:180377:229272:223000	COc1ncc(-c2c(C(C)C)cc(-c3ccc(C4CCCNC4)c(F)c3)cc2C(C)C)s1	0.013274
rxn:5:198417:223397:226375	Cn1ccnc1-c1cccc(-c2ccnc3cc(-c4ccc5c(c4)CCN5)sc23)c1	0.013271
rxn:5:182656:227034:223271	CC(=O)Nc1cc(-c2c(-c3c(C#N)cccc3C3CC3)ccc3ccoc23)ccc1F	0.013271
rxn:5:182656:227032:223271	CC(=O)Nc1cc(-c2c(-c3cccc(C#N)c3C3CC3)ccc3ccoc23)ccc1F	0.013271
rxn:5:198417:228610:223411	CC(C)(C)c1ccc(-c2cc3nccc(-c4cc5cccnc5[nH]4)c3s2)s1	0.013258
rxn:5:198417:226957:228455	COc1ncc(-c2ccnc3cc(-c4cnc(C)c5ccccc45)sc23)c(OC)n1	0.013257
rxn:5:197125:228259:228704	CCn1nc(C)c(-c2cc(OC)cc3sc(-c4cc(C)cc(OC)c4F)nc23)c1C	0.013257
rxn:5:195435:225595:223320	CC(=O)c1cc(-c2cc(C)cc3[nH]ncc23)cc(-c2ccc(F)c(CN3CCCC3)c2)n1	0.013257
rxn:5:198417:223397:226181	C1=C(c2ccc(-c3ccnc4cc(-c5ccc6c(c5)CCN6)sc34)cn2)CCCC1	0.013257
rxn:5:198620:222980:223421	CNC(C)c1ccc(-c2ccnc3ccc(-c4ccc(CN5CCNCC5)cc4)cc23)s1	0.013257
rxn:5:182656:228127:225804	COc1cccc(C#N)c1-c1ccc2ccoc2c1-c1ccc(C(=O)N2CCC2)c(F)c1	0.013252
rxn:5:182656:228127:223211	COc1cccc(C#N)c1-c1ccc2ccoc2c1-c1ccc(OC)c2[nH]ccc12	0.013251
rxn:5:176993:229272:225456	CCCC(=O)c1ccc(-c2ccc(C3CCN(C)CC3)cc2)c(-c2cnc(OC)s2)c1	0.013246
rxn:5:195903:229270:223164	N#Cc1ncc(-c2nc(-c3ccccc3)sc2-c2cc(F)c(F)c(NC3CC3)c2)s1	0.013246
rxn:5:195927:229270:223164	N#Cc1ncc(-c2csc(-c3cccc(-c4cc(F)c(F)c(NC5CC5)c4)c3)n2)s1	0.013246
rxn:5:176993:228460:223000	CCCC(=O)c1ccc(-c2ccc(C3CCCNC3)c(F)c2)c(-c2c(OC)ncnc2OC)c1	0.013237
rxn:5:176993:228455:223000	CCCC(=O)c1ccc(-c2ccc(C3CCCNC3)c(F)c2)c(-c2cnc(OC)nc2OC)c1	0.013237
rxn:5:195792:227792:227115	Cc1cc(-c2c(-c3ccnc(C(F)(F)F)c3F)cncc2C2CC2)c(F)cc1C1CC1	0.013232
rxn:5:199106:229296:225506	Cc1c(-c2cnn(C)c2)ccc2nccc(-c3ccc4c(cnn4CC(C)C)c3)c12	0.013231
rxn:5:198748:228562:228574	CCC(C)c1csc(-c2cc(-c3ccc(C)cc3C#N)cc3cnccc23)c1	0.013231
rxn:5:197125:228259:229075	COc1cc(-c2cc(C)c(C#N)s2)c2nc(-c3cc(C)cc(OC)c3F)sc2c1	0.013231
rxn:5:197125:228259:229076	COc1cc(-c2sc(C#N)cc2C)c2nc(-c3cc(C)cc(OC)c3F)sc2c1	0.013231
rxn:5:198417:223341:228059	Cc1nc2cc(-c3ccnc4cc(-c5ccc6c(c5)CC(=O)N6)sc34)ccc2s1	0.013228
rxn:5:193537:223464:226695	Fc1cc(-c2cncs2)ccc1-c1cccc(CN2CCCCC2)c1-c1cc[nH]c1	0.013226
rxn:5:198417:227623:223411	Cc1ccn(-c2ccc(-c3cc4nccc(-c5cc6cccnc6[nH]5)c4s3)s2)n1	0.013221
rxn:5:182656:228127:227985	COc1cccc(C#N)c1-c1ccc2ccoc2c1-c1ccc(F)c(C(C)C)c1	0.013219
rxn:5:197125:226138:229270	COc1cc(-c2cnc(C#N)s2)c2nc(-c3c(C)cc(C#N)cc3C3CC3)sc2c1	0.013218
rxn:5:195324:227034:225638	CSc1ccc(-c2c(C#N)cccc2C2CC2)c(-c2ccc(N3CCC(C)CC3)nc2)n1	0.013215
rxn:5:195324:227034:225655	CSc1ccc(-c2c(C#N)cccc2C2CC2)c(-c2cncc(N3CCC(C)CC3)c2)n1	0.013215
rxn:5:194141:229060:226412	COC(=O)c1c[nH]c2cc(-c3cc(F)cc(N4CCCC4)c3)c(-c3ccc(C#N)nc3)cc12	0.013210
rxn:5:179400:229053:223000	COCc1ccc(-c2cc(C(=O)C3CC3)ccc2-c2ccc(C3CCCNC3)c(F)c2)s1	0.013208
rxn:5:198417:228564:223411	CCC(C)c1ccc(-c2cc3nccc(-c4cc5cccnc5[nH]4)c3s2)s1	0.013208
rxn:5:199106:229296:226827	Cc1c(C(F)(F)F)ccc(-c2ccnc3ccc(-c4cnn(C)c4)c(C)c23)c1F	0.013198
rxn:5:198417:223397:226370	c1ccc(-c2ccc(-c3ccnc4cc(-c5ccc6c(c5)CCN6)sc34)cn2)nc1	0.013196
rxn:5:198417:223397:226384	c1cc(-c2ccc(-c3ccnc4cc(-c5ccc6c(c5)CCN6)sc34)cn2)ccn1	0.013196
rxn:5:198417:223397:226386	c1ccc(-c2ncccc2-c2ccnc3cc(-c4ccc5c(c4)CCN5)sc23)nc1	0.013196
rxn:5:182506:227047:226593	Cc1cccc(-c2cccc(SC3CCC3)c2)c1-c1c(F)ccc(OC(C)C)c1F	0.013196
rxn:5:198417:229009:227385	Cc1nc(C(C)(C)C)ncc1-c1ccnc2cc(-c3cc(C4CC4)cs3)sc12	0.013195
rxn:5:198748:227025:228574	CCc1ncc(C2CC2)cc1-c1cc(-c2ccc(C)cc2C#N)cc2cnccc12	0.013193
rxn:5:182656:228127:225874	COc1cccc(C#N)c1-c1ccc2ccoc2c1-c1ccc(F)c(N2CCOCC2)c1	0.013190
rxn:5:177086:229009:223390	CCCCc1ccc(-c2ccc3cc[nH]c3c2)c(-c2cc(C3CC3)cs2)c1	0.013183
rxn:5:176993:229036:223000	CCCC(=O)c1ccc(-c2ccc(C3CCCNC3)c(F)c2)c(-c2ccc(F)cc2C)c1	0.013182
rxn:5:198417:223251:223332	O=C1COc2cc(-c3cc4nccc(-c5cc6cc(F)ccc6[nH]5)c4s3)ccc2N1	0.013181
rxn:5:198417:229009:228026	Cn1ncc2ccc(-c3ccnc4cc(-c5cc(C6CC6)cs5)sc34)cc21	0.013176
rxn:5:198417:229009:228029	Cn1cc2ccc(-c3ccnc4cc(-c5cc(C6CC6)cs5)sc34)cc2n1	0.013176
rxn:5:180097:228977:228435	CSc1ccc(F)c(F)c1-c1cc(OC2CCCC2)cc(-c2ccc3c(c2)CC3)c1	0.013173
rxn:5:198417:229009:227808	c1cc(-c2ccc3c(c2)CCCC3)c2sc(-c3cc(C4CC4)cs3)cc2n1	0.013171
rxn:5:195792:228040:225880	Fc1cnc(C2CCOCC2)cc1-c1c(-c2ccnc3ccncc23)cncc1C1CC1	0.013159
rxn:5:198417:228023:227278	N#CC1(c2ccc(-c3ccnc4cc(-c5ccc6nccnc6c5)sc34)cn2)CC1	0.013159
rxn:5:194141:229270:222995	COC(=O)c1c[nH]c2cc(-c3cccc(N4CCCC(O)C4)c3)c(-c3cnc(C#N)s3)cc12	0.013158
rxn:5:194141:229270:222991	COC(=O)c1c[nH]c2cc(-c3ccc(N4CCCC(O)C4)cc3)c(-c3cnc(C#N)s3)cc12	0.013158
rxn:5:194141:229270:222994	COC(=O)c1c[nH]c2cc(-c3cccc(N4CCC(O)CC4)c3)c(-c3cnc(C#N)s3)cc12	0.013158
rxn:5:194141:229270:222990	COC(=O)c1c[nH]c2cc(-c3ccc(N4CCC(O)CC4)cc3)c(-c3cnc(C#N)s3)cc12	0.013158
rxn:5:198417:229009:228023	c1cnc2cc(-c3ccnc4cc(-c5cc(C6CC6)cs5)sc34)ccc2n1	0.013152
rxn:5:198417:229009:228027	c1ncc2ccc(-c3ccnc4cc(-c5cc(C6CC6)cs5)sc34)cc2n1	0.013152
rxn:5:198417:229009:228052	c1cc2cc(-c3ccnc4cc(-c5cc(C6CC6)cs5)sc34)ccc2nn1	0.013152
rxn:5:198911:228554:228332	CCOc1ccccc1-c1cc2[nH]cc(C)c2cc1-c1cnc(OC)cc1SC	0.013147
rxn:5:181076:226745:229177	CCc1ncc(C(F)(F)F)cc1-c1cc(SC)cc(-c2c(F)cncc2F)c1	0.013146
rxn:5:198417:227901:227278	CC(C)Cc1ccc(-c2cc3nccc(-c4ccc(C5(C#N)CC5)nc4)c3s2)cn1	0.013145
rxn:5:194141:229270:226172	COC(=O)c1c[nH]c2cc(-c3cc(N4CCCC4)ccc3C)c(-c3cnc(C#N)s3)cc12	0.013144
rxn:5:194141:229270:226175	COC(=O)c1c[nH]c2cc(-c3ccc(N4CCCC4)cc3C)c(-c3cnc(C#N)s3)cc12	0.013144
rxn:5:179760:223466:227137	CCn1cnc2cc(-c3cccc(Sc4ccc(-c5cn[nH]c5)cc4)c3)ccc21	0.013139
rxn:5:198620:227307:223421	CNC(C)c1ccc(-c2ccnc3ccc(-c4ccc(C)nc4OC(C)C)cc23)s1	0.013138
rxn:5:195792:226325:227115	Cc1cc(-c2c(-c3ccc(C(C)(C)C#N)cc3F)cncc2C2CC2)c(F)cc1C1CC1	0.013136
rxn:5:194141:229270:227404	COC(=O)c1c[nH]c2cc(-c3cc(N4CCCCC4)cs3)c(-c3cnc(C#N)s3)cc12	0.013127
rxn:5:179400:229272:227083	COc1ncc(-c2cc(C(=O)C3CC3)ccc2-c2cccc(-n3cccc3)c2)s1	0.013114
rxn:5:199106:229299:226695	Cc1c(-c2ccn(C)n2)ccc2nccc(-c3ccc(-c4cncs4)cc3F)c12	0.013109
rxn:5:195792:228046:227115	Cc1cc(-c2c(-c3ccnc4c3ccn4C)cncc2C2CC2)c(F)cc1C1CC1	0.013106
rxn:5:195792:228024:227115	Cc1cc(-c2c(-c3cccc4cnn(C)c34)cncc2C2CC2)c(F)cc1C1CC1	0.013106
rxn:5:195792:228048:227115	Cc1cc(-c2c(-c3cnc4c(ccn4C)c3)cncc2C2CC2)c(F)cc1C1CC1	0.013106
rxn:5:196340:229296:226200	Cc1onc(-c2ccc(-c3ccc4c(c3)ncn4C(C)C)cc2)c1-c1cnn(C)c1	0.013106
rxn:5:182656:228127:227817	COc1cccc(C#N)c1-c1ccc2ccoc2c1-c1ccccc1CC(C)C	0.013097
rxn:5:194139:229270:226412	CC(=O)Oc1c[nH]c2cc(-c3cc(F)cc(N4CCCC4)c3)c(-c3cnc(C#N)s3)cc12	0.013095
rxn:5:198417:223397:226174	c1cc(-c2ccc(C3CCCCC3)nc2)c2sc(-c3ccc4c(c3)CCN4)cc2n1	0.013090
rxn:5:182656:228127:223006	COc1cccc(C#N)c1-c1ccc2ccoc2c1-c1ccc(F)c(C2CCNCC2)c1	0.013088
rxn:5:196403:229270:223164	N#Cc1ncc(-c2cncc(-c3ccc(-c4cc(F)c(F)c(NC5CC5)c4)cc3)c2)s1	0.013088
rxn:5:195795:228040:227115	Cc1cc(-c2cc(C3CC3)c(-c3ccnc4ccncc34)cn2)c(F)cc1C1CC1	0.013087
rxn:5:195790:228040:227115	Cc1cc(-c2cnc(-c3ccnc4ccncc34)cc2C2CC2)c(F)cc1C1CC1	0.013087
rxn:5:195794:228040:227115	Cc1cc(-c2cc(-c3ccnc4ccncc34)ncc2C2CC2)c(F)cc1C1CC1	0.013087
rxn:5:195798:228040:227115	Cc1cc(-c2ncc(-c3ccnc4ccncc34)cc2C2CC2)c(F)cc1C1CC1	0.013087
rxn:5:195791:228040:227115	Cc1cc(-c2cc(C3CC3)ncc2-c2ccnc3ccncc23)c(F)cc1C1CC1	0.013087
rxn:5:195799:228040:227115	Cc1cc(-c2nccc(C3CC3)c2-c2ccnc3ccncc23)c(F)cc1C1CC1	0.013087
rxn:5:195800:228040:227115	Cc1cc(-c2nccc(-c3ccnc4ccncc34)c2C2CC2)c(F)cc1C1CC1	0.013087
rxn:5:195792:228041:227115	Cc1cc(-c2c(-c3ccnc4cnccc34)cncc2C2CC2)c(F)cc1C1CC1	0.013087
rxn:5:195792:228034:227115	Cc1cc(-c2c(-c3cccc4nccnc34)cncc2C2CC2)c(F)cc1C1CC1	0.013087
rxn:5:195792:228040:227113	Cc1cc(F)c(C2CC2)cc1-c1c(-c2ccnc3ccncc23)cncc1C1CC1	0.013087
rxn:5:195792:228040:227107	Cc1cc(-c2c(-c3ccnc4ccncc34)cncc2C2CC2)c(F)c(C2CC2)c1	0.013087
rxn:5:195792:228040:227117	Cc1cc(C2CC2)cc(-c2c(-c3ccnc4ccncc34)cncc2C2CC2)c1F	0.013087
rxn:5:195792:228040:227100	Cc1cc(C2CC2)cc(F)c1-c1c(-c2ccnc3ccncc23)cncc1C1CC1	0.013087
rxn:5:195792:228054:227115	Cc1cc(-c2c(-c3cnc4ncccc4c3)cncc2C2CC2)c(F)cc1C1CC1	0.013087
rxn:5:195792:228040:227106	Cc1cc(F)c(-c2c(-c3ccnc4ccncc34)cncc2C2CC2)cc1C1CC1	0.013087
rxn:5:197127:228259:229270	COc1cc(C)cc(-c2cc(-c3cnc(C#N)s3)cc3sc(SC)nc23)c1F	0.013085
rxn:5:198748:227058:228574	COc1ccc(C2CC2)cc1-c1cc(-c2ccc(C)cc2C#N)cc2cnccc12	0.013084
rxn:5:198748:227072:228574	COc1cc(C2CC2)ccc1-c1cc(-c2ccc(C)cc2C#N)cc2cnccc12	0.013084
rxn:5:198748:227073:228574	COc1cc(-c2cc(-c3ccc(C)cc3C#N)cc3cnccc23)cc(C2CC2)c1	0.013084
rxn:5:179840:226080:229311	COc1ccc(-c2ccc(O[C@@H]3CCOC3)cc2-c2cnc(C)s2)c2ccccc12	0.013082
rxn:5:179840:226078:229311	COc1cc2ccccc2cc1-c1ccc(O[C@@H]2CCOC2)cc1-c1cnc(C)s1	0.013082
rxn:5:194246:223183:229270	CNS(=O)(=O)c1ccc(-c2c(C(=O)OC)nc3ccccc3c2-c2cnc(C#N)s2)c(C)c1	0.013082
rxn:5:194141:229270:229006	COC(=O)c1c[nH]c2cc(-c3ccc(SC)cc3)c(-c3cnc(C#N)s3)cc12	0.013079
rxn:5:194141:229270:225576	COC(=O)c1c[nH]c2cc(-c3ccc(N4CCCC4)c(C#N)c3)c(-c3cnc(C#N)s3)cc12	0.013079
rxn:5:194141:229270:225577	COC(=O)c1c[nH]c2cc(-c3ccc(N4CCCC4)cc3C#N)c(-c3cnc(C#N)s3)cc12	0.013079
rxn:5:195463:226412:225621	Cc1cc(-c2cc(F)cc(N3CCCC3)c2)c(-c2ccc(OC3CCOC3)c(C)c2)cc1C#N	0.013078
rxn:5:198417:223341:226214	COc1ccc2ccc(-c3ccnc4cc(-c5ccc6c(c5)CC(=O)N6)sc34)cc2n1	0.013076
rxn:5:198417:223341:226208	COc1cc2ccc(-c3ccnc4cc(-c5ccc6c(c5)CC(=O)N6)sc34)cc2cn1	0.013076
rxn:5:176993:228727:223000	CCCC(=O)c1ccc(-c2ccc(C3CCCNC3)c(F)c2)c(-c2cc(C)cnc2OC)c1	0.013076
rxn:5:176993:228733:223000	CCCC(=O)c1ccc(-c2ccc(C3CCCNC3)c(F)c2)c(-c2cnc(C)cc2OC)c1	0.013076
rxn:5:176993:228739:223000	CCCC(=O)c1ccc(-c2ccc(C3CCCNC3)c(F)c2)c(-c2cc(OC)ncc2C)c1	0.013076
rxn:5:176993:228748:223000	CCCC(=O)c1ccc(-c2ccc(C3CCCNC3)c(F)c2)c(-c2cnc(OC)cc2C)c1	0.013076
rxn:5:176993:228757:223000	CCCC(=O)c1ccc(-c2ccc(C3CCCNC3)c(F)c2)c(-c2cc(C)ncc2OC)c1	0.013076
rxn:5:176993:228728:223000	CCCC(=O)c1ccc(-c2ccc(C3CCCNC3)c(F)c2)c(-c2cnc(OC)c(C)c2)c1	0.013076
rxn:5:176993:228761:223000	CCCC(=O)c1ccc(-c2ccc(C3CCCNC3)c(F)c2)c(-c2cnc(C)c(OC)c2)c1	0.013076
rxn:5:179760:228888:229177	N#Cc1cc(-c2ccc(Sc3cccc(-c4c(F)cncc4F)c3)cc2)c(F)cn1	0.013075
rxn:5:198748:229009:227942	CCc1ccc(-c2cc(-c3cc(C4CC4)cs3)c3ccncc3c2)c(OC)c1	0.013075
rxn:5:182654:228597:228976	Cc1cccc(C#N)c1-c1ccc2ccsc2c1-c1ccc2c(c1)C=C2	0.013074
rxn:5:179400:228228:223000	COc1ncc(C)c(-c2cc(C(=O)C3CC3)ccc2-c2ccc(C3CCCNC3)c(F)c2)c1C	0.013070
rxn:5:199106:229296:225706	Cc1c(-c2cnn(C)c2)ccc2nccc(-c3cc4ncn(C(C)C)c4cc3F)c12	0.013069
rxn:5:179757:228381:229311	Cc1ncc(-c2cc(Oc3ccccc3)ccc2-c2c(F)cc(C#N)cc2F)s1	0.013065
rxn:5:181071:227850:228435	COc1cccc(-c2c(SC)ccc(F)c2F)c1-c1ccc2cnccc2c1	0.013064
rxn:5:181071:227856:228435	COc1cccc(-c2c(SC)ccc(F)c2F)c1-c1ccc2ccncc2c1	0.013064
rxn:5:198431:223341:226462	CCn1cnc2cc(-c3nccc4cc(-c5ccc6c(c5)CC(=O)N6)sc34)c(F)cc21	0.013062
rxn:5:198437:223341:226462	CCn1cnc2cc(-c3ccnc4c(-c5ccc6c(c5)CC(=O)N6)csc34)c(F)cc21	0.013062
rxn:5:198410:223341:226462	CCn1cnc2cc(-c3cccc4nc(-c5ccc6c(c5)CC(=O)N6)sc34)c(F)cc21	0.013062
rxn:5:198443:223341:226462	CCn1cnc2cc(-c3ccnc4scc(-c5ccc6c(c5)CC(=O)N6)c34)c(F)cc21	0.013062
rxn:5:198417:223343:226462	CCn1cnc2cc(-c3ccnc4cc(-c5ccc6c(c5)NC(=O)C6)sc34)c(F)cc21	0.013062
rxn:5:198417:223344:226462	CCn1cnc2cc(-c3ccnc4cc(-c5cccc6c5CC(=O)N6)sc34)c(F)cc21	0.013062
rxn:5:198417:223345:226462	CCn1cnc2cc(-c3ccnc4cc(-c5cccc6c5NC(=O)C6)sc34)c(F)cc21	0.013062
rxn:5:198404:223341:226462	CCn1cnc2cc(-c3nccc4sc(-c5ccc6c(c5)CC(=O)N6)cc34)c(F)cc21	0.013062
rxn:5:198409:223341:226462	CCn1cnc2cc(-c3ccc4cc(-c5ccc6c(c5)CC(=O)N6)sc4n3)c(F)cc21	0.013062
rxn:5:198513:229270:226456	N#Cc1ncc(-c2cc3cc[nH]c3cc2-c2ccc(-c3ccccc3F)s2)s1	0.013061
rxn:5:199106:228616:229061	CSc1ccc(-c2ccc3nccc(-c4cnn(C(C)C)c4)c3c2C)c(C)c1	0.013061
rxn:5:198417:223341:222958	Cc1ccc(-c2ccnc3cc(-c4ccc5c(c4)CC(=O)N5)sc23)cc1C1CCNCC1	0.013057
rxn:5:179400:228868:228821	COC(=O)c1ccc(-c2cc(C(=O)C3CC3)ccc2-c2ccc(C)c(F)c2F)s1	0.013054
rxn:5:180723:228888:229177	CC(C)Oc1ccc2cc(-c3cc(C#N)ncc3F)ccc2c1-c1c(F)cncc1F	0.013053
rxn:5:198748:228351:228574	Cc1ccc(-c2cc(-c3cc(-n4ccnc4)cs3)c3ccncc3c2)c(C#N)c1	0.013052
rxn:5:198748:228355:228574	Cc1ccc(-c2cc(-c3cc(-n4cccn4)cs3)c3ccncc3c2)c(C#N)c1	0.013052
rxn:5:198748:228354:228574	Cc1ccc(-c2cc(-c3ccc(-n4ccnc4)s3)c3ccncc3c2)c(C#N)c1	0.013052
rxn:5:198417:227808:227278	N#CC1(c2ccc(-c3ccnc4cc(-c5ccc6c(c5)CCCC6)sc34)cn2)CC1	0.013050
rxn:5:198417:223341:226958	Cc1ccc2ccc(-c3ccnc4cc(-c5ccc6c(c5)CC(=O)N6)sc34)cc2n1	0.013050
rxn:5:198417:223341:226944	Cc1ccc2cc(-c3ccnc4cc(-c5ccc6c(c5)CC(=O)N6)sc34)ccc2n1	0.013050
rxn:5:182654:227938:229008	CCOc1c(C)cccc1-c1ccc2ccsc2c1-c1ccc(CF)cc1	0.013044
rxn:5:181071:227854:228435	COc1cccc(-c2c(SC)ccc(F)c2F)c1-c1ccc2c(ccn2C)c1	0.013043
rxn:5:181071:227859:228435	COc1cccc(-c2c(SC)ccc(F)c2F)c1-c1ccc2ccn(C)c2c1	0.013043
rxn:5:198417:226369:223411	Cc1ccccc1-n1cc(-c2cc3nccc(-c4cc5cccnc5[nH]4)c3s2)cn1	0.013043
rxn:5:177739:229270:226593	CC(C)Oc1ccc(F)c(-c2c(C(=O)OC(C)(C)C)cccc2-c2cnc(C#N)s2)c1F	0.013040
rxn:5:190721:229270:228455	CCCCc1cc(-c2cnc(OC)nc2OC)c2cc(-c3cnc(C#N)s3)ccc2n1	0.013038
rxn:5:190097:229272:223000	COc1ncc(-c2ccc(-c3ccc(C4CCCNC4)c(F)c3)c(CCN3CCCCC3)c2)s1	0.013029
rxn:5:196353:229296:226200	CC(C)n1cnc2cc(-c3ccccc3-c3cccnc3-c3cnn(C)c3)ccc21	0.013024
rxn:5:198911:228153:228332	COc1cc(OC)cc(-c2cc3[nH]cc(C)c3cc2-c2cnc(OC)cc2SC)c1	0.013017
rxn:5:180096:226884:229270	N#Cc1ncc(-c2cc(-c3c(F)cc(C(F)(F)F)cc3F)ccc2OC2CCCC2)s1	0.013017
rxn:5:198417:227587:227278	COc1cc(-c2cc3nccc(-c4ccc(C5(C#N)CC5)nc4)c3s2)cc(F)c1OC	0.013007
rxn:5:195792:228040:228419	CSc1cc(F)c(-c2c(-c3ccnc4ccncc34)cncc2C2CC2)cc1F	0.013000
rxn:5:198417:226971:227278	N#CC1(c2ccc(-c3ccnc4cc(-c5ccc6c(c5)CCCOC6)sc34)cn2)CC1	0.012994
rxn:5:197125:228259:223413	COc1cc(-c2cncc3[nH]ccc23)c2nc(-c3cc(C)cc(OC)c3F)sc2c1	0.012992
rxn:5:181071:228406:228435	COc1ccc(F)c(-c2c(OC)cccc2-c2c(SC)ccc(F)c2F)c1F	0.012992
rxn:5:194141:229270:226159	COC(=O)c1c[nH]c2cc(-c3cccc(N4CCCCC4)c3)c(-c3cnc(C#N)s3)cc12	0.012990
rxn:5:194141:229270:226164	COC(=O)c1c[nH]c2cc(-c3ccc(N4CCCCC4)cc3)c(-c3cnc(C#N)s3)cc12	0.012990
rxn:5:176993:229272:226177	CCCC(=O)c1ccc(-c2ccnc(C3CCCCC3)c2)c(-c2cnc(OC)s2)c1	0.012988
rxn:5:195957:229270:226593	CC(C)Oc1ccc(F)c(-c2cc(-c3cnco3)cc(-c3cnc(C#N)s3)c2)c1F	0.012986
rxn:5:195324:227034:227855	CSc1ccc(-c2c(C#N)cccc2C2CC2)c(-c2cc3ccccc3n2C)n1	0.012986
rxn:5:199084:229270:226593	Cc1cc(-c2c(F)ccc(OC(C)C)c2F)nc2c(-c3cnc(C#N)s3)cccc12	0.012986
rxn:5:199079:229270:226593	Cc1cc2cccc(-c3cnc(C#N)s3)c2c(-c2c(F)ccc(OC(C)C)c2F)n1	0.012986
rxn:5:199099:229270:226593	Cc1nc(-c2c(F)ccc(OC(C)C)c2F)cc2c(-c3cnc(C#N)s3)cccc12	0.012986
rxn:5:199056:229270:226593	Cc1cc(-c2c(F)ccc(OC(C)C)c2F)c2cccc(-c3cnc(C#N)s3)c2n1	0.012986
rxn:5:199095:229270:226593	Cc1nc2ccccc2c(-c2cnc(C#N)s2)c1-c1c(F)ccc(OC(C)C)c1F	0.012986
rxn:5:199094:229270:226593	Cc1cccc2c(-c3c(F)ccc(OC(C)C)c3F)c(-c3cnc(C#N)s3)cnc12	0.012986
rxn:5:199074:229270:226593	Cc1cccc2c(-c3c(F)ccc(OC(C)C)c3F)ncc(-c3cnc(C#N)s3)c12	0.012986
rxn:5:199075:229270:226593	Cc1cccc2c(-c3cnc(C#N)s3)cnc(-c3c(F)ccc(OC(C)C)c3F)c12	0.012986
rxn:5:199066:229270:226593	Cc1ccc2nccc(-c3cnc(C#N)s3)c2c1-c1c(F)ccc(OC(C)C)c1F	0.012986
rxn:5:199078:229270:226593	Cc1cc2c(-c3cnc(C#N)s3)cccc2c(-c2c(F)ccc(OC(C)C)c2F)n1	0.012986
rxn:5:199069:229270:226593	Cc1ccc2c(-c3cnc(C#N)s3)ccnc2c1-c1c(F)ccc(OC(C)C)c1F	0.012986
rxn:5:181071:228977:226193	COc1cccc(-c2cc(-c3ccc(C)cc3)cs2)c1-c1ccc2c(c1)CC2	0.012985
rxn:5:181071:228977:226196	COc1cccc(-c2cc(-c3ccccc3)sc2C)c1-c1ccc2c(c1)CC2	0.012985
rxn:5:181076:225645:229177	CSc1cc(-c2ccc(-n3ccc(C)n3)cc2C)cc(-c2c(F)cncc2F)c1	0.012981
rxn:5:199106:229286:226200	Cc1c(-c2ccn(C)c2)ccc2nccc(-c3ccc4c(c3)ncn4C(C)C)c12	0.012980
rxn:5:199106:229296:226070	Cc1c(-c2cnn(C)c2)ccc2nccc(-c3ccc4c(ccn4C(C)C)c3)c12	0.012980
rxn:5:179400:229272:226350	COC(=O)c1c(C)ccc(-c2ccc(C(=O)C3CC3)cc2-c2cnc(OC)s2)c1C	0.012978
rxn:5:182506:226426:226593	Cc1cccc(-c2ccc(N3CCC(C)CC3)s2)c1-c1c(F)ccc(OC(C)C)c1F	0.012977
rxn:5:195435:226346:223320	CC(=O)c1cc(-c2cc(C)cc3[nH]ncc23)cc(-c2cc(C)cc(OC(C)C)c2F)n1	0.012974
rxn:5:195792:228040:226135	Cc1cc(C#N)c(C2CC2)cc1-c1c(-c2ccnc3ccncc23)cncc1C1CC1	0.012971
rxn:5:195792:228040:226138	Cc1cc(C#N)cc(C2CC2)c1-c1c(-c2ccnc3ccncc23)cncc1C1CC1	0.012971
rxn:5:195792:228040:226136	Cc1cc(C#N)c(-c2c(-c3ccnc4ccncc34)cncc2C2CC2)cc1C1CC1	0.012971
rxn:5:195792:228040:226134	Cc1c(-c2c(-c3ccnc4ccncc34)cncc2C2CC2)cc(C#N)cc1C1CC1	0.012971
rxn:5:194141:229270:227670	COC(=O)c1c[nH]c2cc(-c3cc(F)cc(C(C)(F)F)c3)c(-c3cnc(C#N)s3)cc12	0.012969
rxn:5:198670:228977:228435	CSc1ccc(F)c(F)c1-c1cccc2c(-c3ccc4c(c3)CC4)cncc12	0.012968
rxn:5:182654:228597:227814	Cc1cccc(C#N)c1-c1ccc2ccsc2c1-c1ccc(CC2CC2)cc1	0.012965
rxn:5:179400:229272:226386	COc1ncc(-c2cc(C(=O)C3CC3)ccc2-c2cccnc2-c2ccccn2)s1	0.012955
rxn:5:195792:228040:227108	Fc1ccc(C2CCC2)cc1-c1c(-c2ccnc3ccncc23)cncc1C1CC1	0.012952
rxn:5:195792:228040:227120	Fc1cc(C2CCC2)ccc1-c1c(-c2ccnc3ccncc23)cncc1C1CC1	0.012952
rxn:5:198417:228990:228042	CCCc1ccc(-c2cc3nccc(-c4cc5cccnc5n4C)c3s2)s1	0.012951
rxn:5:176594:226065:229311	CC(=O)COc1ccc(-c2cccc(-c3ccccc3)c2)c(-c2cnc(C)s2)c1	0.012946
rxn:5:199106:223462:223089	Cc1cc(-c2ccc3nccc(-c4ccc5[nH]c(C(F)(F)F)nc5c4)c3c2C)n[nH]1	0.012943
rxn:5:181415:228040:227115	COc1cc(-c2ccnc3ccncc23)cc(C)c1-c1cc(C)c(C2CC2)cc1F	0.012937
rxn:5:182654:228597:227830	Cc1cccc(C#N)c1-c1ccc2ccsc2c1-c1ccc(C2(C)CC2)cc1	0.012932
rxn:5:198417:229009:228009	Fc1cc(-c2ccnc3cc(-c4cc(C5CC5)cs4)sc23)ccc1C1CC1	0.012932
rxn:5:198417:229009:228013	Fc1ccc(-c2ccnc3cc(-c4cc(C5CC5)cs4)sc23)cc1C1CC1	0.012932
rxn:5:198417:228990:228054	CCCc1ccc(-c2cc3nccc(-c4cnc5ncccc5c4)c3s2)s1	0.012931
rxn:5:198417:228990:228032	CCCc1ccc(-c2cc3nccc(-c4cnc5cccnc5c4)c3s2)s1	0.012931
rxn:5:198417:228283:223390	CC(=O)c1cc(F)ccc1-c1cc2nccc(-c3ccc4cc[nH]c4c3)c2s1	0.012930
rxn:5:198417:226969:227278	N#CC1(c2ccc(-c3ccnc4cc(-c5ccc6c(c5)CCCC6=O)sc34)cn2)CC1	0.012930
rxn:5:198417:226966:227278	N#CC1(c2ccc(-c3ccnc4cc(-c5ccc6c(c5)C(=O)CCC6)sc34)cn2)CC1	0.012930
rxn:5:198417:227409:223411	CC(C)(C)c1cc(-c2cc3nccc(-c4cc5cccnc5[nH]4)c3s2)c(F)cn1	0.012926
rxn:5:198748:229009:227929	CCOc1cc(C)ccc1-c1cc(-c2cc(C3CC3)cs2)c2ccncc2c1	0.012922
rxn:5:198748:229009:227923	CCOc1ccc(C)cc1-c1cc(-c2cc(C3CC3)cs2)c2ccncc2c1	0.012922
rxn:5:198748:229009:227939	COC(C)c1ccccc1-c1cc(-c2cc(C3CC3)cs2)c2ccncc2c1	0.012922
rxn:5:198686:223341:226462	CCn1cnc2cc(-c3cc(-c4ccc5c(c4)CC(=O)N5)cc4ncccc34)c(F)cc21	0.012918
rxn:5:198621:223341:226462	CCn1cnc2cc(-c3ccnc4c(-c5ccc6c(c5)CC(=O)N6)cccc34)c(F)cc21	0.012918
rxn:5:198620:223341:226462	CCn1cnc2cc(-c3ccnc4ccc(-c5ccc6c(c5)CC(=O)N6)cc34)c(F)cc21	0.012918
rxn:5:198622:223341:226462	CCn1cnc2cc(-c3ccnc4cc(-c5ccc6c(c5)CC(=O)N6)ccc34)c(F)cc21	0.012918
rxn:5:198679:223341:226462	CCn1cnc2cc(-c3ccnc4cccc(-c5ccc6c(c5)CC(=O)N6)c34)c(F)cc21	0.012918
rxn:5:198646:223341:226462	CCn1cnc2cc(-c3ccc4nccc(-c5ccc6c(c5)CC(=O)N6)c4c3)c(F)cc21	0.012918
rxn:5:198653:223341:226462	CCn1cnc2cc(-c3cccc4nccc(-c5ccc6c(c5)CC(=O)N6)c34)c(F)cc21	0.012918
rxn:5:198655:223341:226462	CCn1cnc2cc(-c3ccc4c(-c5ccc6c(c5)CC(=O)N6)ccnc4c3)c(F)cc21	0.012918
rxn:5:198667:223341:226462	CCn1cnc2cc(-c3cc4ncccc4cc3-c3ccc4c(c3)CC(=O)N4)c(F)cc21	0.012918
rxn:5:182654:228939:229008	FCc1ccc(-c2c(-c3c(F)cc(F)cc3F)ccc3ccsc23)cc1	0.012917
rxn:5:182656:225879:223271	CC(=O)Nc1cc(-c2c(-c3ccc(N4CCOCC4)cc3F)ccc3ccoc23)ccc1F	0.012916
rxn:5:179400:228024:228821	Cc1ccc(-c2ccc(C(=O)C3CC3)cc2-c2cccc3cnn(C)c23)c(F)c1F	0.012915
rxn:5:198417:223397:226462	CCn1cnc2cc(-c3ccnc4cc(-c5ccc6c(c5)CCN6)sc34)c(F)cc21	0.012915
rxn:5:198417:223396:226462	CCn1cnc2cc(-c3ccnc4cc(-c5ccc6c(c5)NCC6)sc34)c(F)cc21	0.012915
rxn:5:192661:229272:228821	COc1ncc(-c2ccc(C(=O)c3ccncc3)cc2-c2ccc(C)c(F)c2F)s1	0.012913
rxn:5:198417:228211:223390	c1cc(-c2ccc3cc[nH]c3c2)c2sc(-c3cc(N4CCCC4)cs3)cc2n1	0.012911
rxn:5:198417:229009:227834	Cc1cc(-c2ccnc3cc(-c4cc(C5CC5)cs4)sc23)ccc1C1CC1	0.012911
rxn:5:198417:229009:227835	Cc1ccc(-c2ccnc3cc(-c4cc(C5CC5)cs4)sc23)cc1C1CC1	0.012911
rxn:5:198417:222416:226462	CCn1cnc2cc(-c3ccnc4cc(-c5ccc6[nH]c(=O)[nH]c6c5)sc34)c(F)cc21	0.012909
rxn:5:197125:228259:228964	COC(=O)c1ncc(-c2cc(OC)cc3sc(-c4cc(C)cc(OC)c4F)nc23)s1	0.012907
rxn:5:182654:228597:228182	Cc1cccc(C#N)c1-c1ccc2ccsc2c1-c1cccc(CC(F)F)c1	0.012903
rxn:5:198417:223397:226955	Cc1ccc(-c2ccnc3cc(-c4ccc5c(c4)CCN5)sc23)c2ncccc12	0.012902
rxn:5:196189:225405:229270	Cc1cc(-c2ccccc2)ccc1-c1ccc(C2=NCCO2)cc1-c1cnc(C#N)s1	0.012900
rxn:5:195792:228040:226923	Cc1cc(C2CC2)c(C)cc1-c1c(-c2ccnc3ccncc23)cncc1C1CC1	0.012900
rxn:5:195792:228040:226921	Cc1cc(C)c(C2CC2)cc1-c1c(-c2ccnc3ccncc23)cncc1C1CC1	0.012900
rxn:5:195792:228040:226922	Cc1cc(C2CC2)cc(C)c1-c1c(-c2ccnc3ccncc23)cncc1C1CC1	0.012900
rxn:5:195792:228040:226924	Cc1cc(-c2c(-c3ccnc4ccncc34)cncc2C2CC2)c(C)c(C2CC2)c1	0.012900
rxn:5:195792:228040:226925	Cc1cc(C2CC2)cc(-c2c(-c3ccnc4ccncc34)cncc2C2CC2)c1C	0.012900
rxn:5:195918:223464:226695	Fc1cc(-c2cncs2)ccc1-c1cccc(-c2scnc2-c2cc[nH]c2)c1	0.012899
rxn:5:197573:228259:229270	COc1cc(C)cc(-c2cc(-c3cnc(C#N)s3)c3nc(C(C)C)sc3c2)c1F	0.012895
rxn:5:182650:229009:223390	c1cc(-c2ccc3cc[nH]c3c2)c2sc(-c3cc(C4CC4)cs3)cc2c1	0.012884
rxn:5:182654:228597:228009	Cc1cccc(C#N)c1-c1ccc2ccsc2c1-c1ccc(C2CC2)c(F)c1	0.012882
rxn:5:179753:229338:223320	Cc1cc(-c2ccc(Sc3ccc(-c4ccns4)cc3)cc2)c2cn[nH]c2c1	0.012881
rxn:5:182656:228127:227380	COc1cccc(C#N)c1-c1ccc2ccoc2c1-c1ccc(-n2cccc2)nc1	0.012881
rxn:5:195792:226176:227115	Cc1cc(-c2c(-c3ccncc3C3CCCCC3)cncc2C2CC2)c(F)cc1C1CC1	0.012880
rxn:5:195792:226183:227115	Cc1cc(-c2c(-c3cnccc3C3CCCCC3)cncc2C2CC2)c(F)cc1C1CC1	0.012880
rxn:5:198417:228990:225873	CCCc1ccc(-c2cc3nccc(-c4cccc(N5CCOCC5=O)c4)c3s2)s1	0.012880
rxn:5:176594:228381:227764	CC(=O)COc1ccc(-c2c(F)cc(C#N)cc2F)c(-c2cc(F)c(C(F)F)c(F)c2)c1	0.012877
rxn:5:182654:228597:227081	Cc1cccc(C#N)c1-c1ccc2ccsc2c1-c1ccc(N2CCCC2)cc1	0.012874
rxn:5:198417:223251:223247	Cc1n[nH]c2cc(F)c(-c3ccnc4cc(-c5ccc6c(c5)OCC(=O)N6)sc34)cc12	0.012873
rxn:5:198417:223402:226462	CCn1cnc2cc(-c3ccnc4cc(-c5ccc6[nH]ncc6c5)sc34)c(F)cc21	0.012872
rxn:5:198417:223403:226462	CCn1cnc2cc(-c3ccnc4cc(-c5ccc6cn[nH]c6c5)sc34)c(F)cc21	0.012872
rxn:5:198417:227126:227278	N#CC1(c2ccc(-c3ccnc4cc(-c5ccc(C6CCOC6)cc5)sc34)cn2)CC1	0.012864
rxn:5:179400:229272:228443	COc1ncc(-c2cc(C(=O)C3CC3)ccc2-c2ccc(F)c(SC)c2F)s1	0.012856
rxn:5:181071:228364:228435	COc1cccc(-c2c(SC)ccc(F)c2F)c1-c1cnn(-c2cccs2)c1	0.012853
rxn:5:198417:226661:223390	CN1CCN(c2csc(-c3cc4nccc(-c5ccc6cc[nH]c6c5)c4s3)c2)CC1	0.012851
rxn:5:198417:229009:223337	Fc1cc2[nH]ccc2cc1-c1ccnc2cc(-c3cc(C4CC4)cs3)sc12	0.012847
rxn:5:198417:229009:223331	Fc1cc(-c2ccnc3cc(-c4cc(C5CC5)cs4)sc23)cc2cc[nH]c12	0.012847
rxn:5:198417:229009:223338	Fc1cc(-c2ccnc3cc(-c4cc(C5CC5)cs4)sc23)c2cc[nH]c2c1	0.012847
rxn:5:198417:229009:223335	Fc1ccc2[nH]ccc2c1-c1ccnc2cc(-c3cc(C4CC4)cs3)sc12	0.012847
rxn:5:198417:229009:223334	Fc1ccc2cc(-c3ccnc4cc(-c5cc(C6CC6)cs5)sc34)[nH]c2c1	0.012847
rxn:5:198417:229009:223336	Fc1c(-c2ccnc3cc(-c4cc(C5CC5)cs4)sc23)ccc2[nH]ccc12	0.012847
rxn:5:181071:226067:228435	COc1cccc(-c2c(SC)ccc(F)c2F)c1-c1ccc(C2=CCCCC2)cc1	0.012847
rxn:5:198417:223379:226462	CCn1cnc2cc(-c3ccnc4cc(-c5ccc6[nH]c(=O)oc6c5)sc34)c(F)cc21	0.012839
rxn:5:198417:223380:226462	CCn1cnc2cc(-c3ccnc4cc(-c5ccc6oc(=O)[nH]c6c5)sc34)c(F)cc21	0.012839
rxn:5:198417:223346:226200	CC(C)n1cnc2cc(-c3ccnc4cc(-c5ccc6c(c5)CNC6=O)sc34)ccc21	0.012835
rxn:5:198417:223348:226200	CC(C)n1cnc2cc(-c3ccnc4cc(-c5ccc6c(c5)C(=O)NC6)sc34)ccc21	0.012835
rxn:5:199106:227091:229061	Cc1c(-c2cncc(C3CCCC3)c2)ccc2nccc(-c3cnn(C(C)C)c3)c12	0.012834
rxn:5:179840:225510:229311	COc1ccc(-c2ccc(O[C@@H]3CCOC3)cc2-c2cnc(C)s2)c2ccc(C)nc12	0.012832
rxn:5:199274:229296:226200	Cc1cc(-c2ccc3c(c2)ncn3C(C)C)c2ccc(-c3cnn(C)c3)c(C)c2n1	0.012831
rxn:5:199275:229296:226200	Cc1cc(-c2ccc3c(c2)ncn3C(C)C)nc2c(C)c(-c3cnn(C)c3)ccc12	0.012831
rxn:5:199106:229241:226200	Cc1c(-c2cnn(C)c2C)ccc2nccc(-c3ccc4c(c3)ncn4C(C)C)c12	0.012831
rxn:5:199106:229243:226200	Cc1nn(C)cc1-c1ccc2nccc(-c3ccc4c(c3)ncn4C(C)C)c2c1C	0.012831
rxn:5:199106:229247:226200	Cc1cn(C)nc1-c1ccc2nccc(-c3ccc4c(c3)ncn4C(C)C)c2c1C	0.012831
rxn:5:199106:229248:226200	Cc1cnn(C)c1-c1ccc2nccc(-c3ccc4c(c3)ncn4C(C)C)c2c1C	0.012831
rxn:5:198911:227379:228332	COc1cc(SC)c(-c2cc3c(C)c[nH]c3cc2-c2cccnc2N2CCCC2)cn1	0.012829
rxn:5:182656:228127:227667	COc1cccc(C#N)c1-c1ccc2ccoc2c1-c1c(F)ccc(C(C)=O)c1F	0.012825
rxn:5:199106:222959:229061	Cc1cc(-c2ccc3nccc(-c4cnn(C(C)C)c4)c3c2C)ccc1C1CCNCC1	0.012825
rxn:5:195792:228040:226085	CC1(C)CCc2cc(-c3c(-c4ccnc5ccncc45)cncc3C3CC3)ccc2O1	0.012823
rxn:5:181499:229272:223000	COc1ncc(-c2ccc(-c3ccccc3-c3ccc(C4CCCNC4)c(F)c3)o2)s1	0.012821
rxn:5:195928:226412:229270	N#Cc1ncc(-c2cccc(-c3cnc(-c4cc(F)cc(N5CCCC5)c4)s3)c2)s1	0.012819
rxn:5:194141:229270:225834	COC(=O)c1c[nH]c2cc(-c3cc(N4CCCCC4)ncc3F)c(-c3cnc(C#N)s3)cc12	0.012816
rxn:5:194141:229270:225849	COC(=O)c1c[nH]c2cc(-c3cnc(N4CCCCC4)cc3F)c(-c3cnc(C#N)s3)cc12	0.012816
rxn:5:194141:229270:225833	COC(=O)c1c[nH]c2cc(-c3ccnc(N4CCCCC4)c3F)c(-c3cnc(C#N)s3)cc12	0.012816
rxn:5:195324:227034:226781	CSc1ccc(-c2c(C#N)cccc2C2CC2)c(-c2cc(C)cc(OC(F)(F)F)c2)n1	0.012816
rxn:5:182654:227034:229008	N#Cc1cccc(C2CC2)c1-c1ccc2ccsc2c1-c1ccc(CF)cc1	0.012814
rxn:5:182654:227032:229008	N#Cc1cccc(-c2ccc3ccsc3c2-c2ccc(CF)cc2)c1C1CC1	0.012814
rxn:5:182654:227033:229008	N#Cc1cc(-c2ccc3ccsc3c2-c2ccc(CF)cc2)ccc1C1CC1	0.012814
rxn:5:182654:227031:229008	N#Cc1cc(C2CC2)ccc1-c1ccc2ccsc2c1-c1ccc(CF)cc1	0.012814
rxn:5:182654:227036:229008	N#Cc1ccc(C2CC2)cc1-c1ccc2ccsc2c1-c1ccc(CF)cc1	0.012814
rxn:5:197125:226748:229270	COc1cc(-c2cnc(C#N)s2)c2nc(-c3ccc(C(F)(F)F)cc3OC)sc2c1	0.012805
rxn:5:197125:226750:229270	COc1cc(-c2cnc(C#N)s2)c2nc(-c3cc(C(F)(F)F)ccc3OC)sc2c1	0.012805
rxn:5:179400:228133:223000	N#CCc1cc(-c2cc(C(=O)C3CC3)ccc2-c2ccc(C3CCCNC3)c(F)c2)ccc1F	0.012804
rxn:5:182654:228597:227808	Cc1cccc(C#N)c1-c1ccc2ccsc2c1-c1ccc2c(c1)CCCC2	0.012802
rxn:5:182654:228597:227819	CCc1cc(CC)cc(-c2c(-c3c(C)cccc3C#N)ccc3ccsc23)c1	0.012787
rxn:5:196189:223183:223237	CNS(=O)(=O)c1ccc(-c2ccc(C3=NCCO3)cc2-c2[nH]ncc2-c2ccccc2)c(C)c1	0.012783
rxn:5:182654:228597:227824	Cc1cccc(C#N)c1-c1ccc2ccsc2c1-c1ccc(C2CCC2)cc1	0.012782
rxn:5:198417:227364:227278	COc1ccc(-c2cc3nccc(-c4ccc(C5(C#N)CC5)nc4)c3s2)c(OC)c1C	0.012781
rxn:5:195792:228040:228274	CSc1cc(-c2c(-c3ccnc4ccncc34)cncc2C2CC2)c(F)cc1C	0.012781
rxn:5:182656:228127:226760	COC(=O)c1cc(-c2c(-c3c(C#N)cccc3OC)ccc3ccoc23)cc(F)c1F	0.012781
rxn:5:182656:228127:226763	COC(=O)c1c(F)cc(-c2c(-c3c(C#N)cccc3OC)ccc3ccoc23)cc1F	0.012781
rxn:5:182656:228127:226764	COC(=O)c1c(F)ccc(-c2c(-c3c(C#N)cccc3OC)ccc3ccoc23)c1F	0.012781
rxn:5:182656:228127:227711	COc1cccc(C#N)c1-c1ccc2ccoc2c1-c1ccc(F)c(OC(F)F)c1	0.012779
rxn:5:182656:228127:227712	COc1cccc(C#N)c1-c1ccc2ccoc2c1-c1ccc(OC(F)F)c(F)c1	0.012779
rxn:5:189665:228977:228435	CSc1ccc(F)c(F)c1-c1cc(-c2ccc3c(c2)CC3)cnc1OCC1CCOCC1	0.012778
rxn:5:181499:228127:223271	COc1cccc(C#N)c1-c1ccc(-c2ccccc2-c2ccc(F)c(NC(C)=O)c2)o1	0.012773
rxn:5:181071:226189:228435	COc1cccc(-c2c(SC)ccc(F)c2F)c1-c1ccc(C2CCCC2)c(F)c1	0.012770
rxn:5:198417:223306:226462	CCn1cnc2cc(-c3ccnc4cc(-c5ccc6c(c5)CNCC6)sc34)c(F)cc21	0.012768
rxn:5:198417:223307:226462	CCn1cnc2cc(-c3ccnc4cc(-c5ccc6c(c5)CCNC6)sc34)c(F)cc21	0.012768
rxn:5:198417:229009:223301	Cc1cc2ccc(-c3ccnc4cc(-c5cc(C6CC6)cs5)sc34)cc2[nH]1	0.012765
rxn:5:198417:229009:223305	Cc1c[nH]c2cc(-c3ccnc4cc(-c5cc(C6CC6)cs5)sc34)ccc12	0.012765
rxn:5:198417:229009:223304	Cc1cc2cc(-c3ccnc4cc(-c5cc(C6CC6)cs5)sc34)ccc2[nH]1	0.012765
rxn:5:198417:229009:223296	Cc1ccc2cc(-c3ccnc4cc(-c5cc(C6CC6)cs5)sc34)[nH]c2c1	0.012765
rxn:5:198417:229009:223300	Cc1c[nH]c2ccc(-c3ccnc4cc(-c5cc(C6CC6)cs5)sc34)cc12	0.012765
rxn:5:198417:229009:223302	Cc1ccc2[nH]ccc2c1-c1ccnc2cc(-c3cc(C4CC4)cs3)sc12	0.012765
rxn:5:199106:229112:226200	Cc1c(-c2ccc(=O)n(C)c2)ccc2nccc(-c3ccc4c(c3)ncn4C(C)C)c12	0.012764
rxn:5:179840:228411:227737	COc1ccc(-c2ccc(O[C@@H]3CCOC3)cc2-c2cnc(C(F)(F)F)cc2C)c(F)c1F	0.012761
rxn:5:180296:229270:223263	CCc1cccc(-c2c(-c3cnc(C#N)s3)cccc2-c2cc(C(=O)NC)ccc2F)c1	0.012760
rxn:5:198911:228670:228332	COc1cc(SC)c(-c2cc3c(C)c[nH]c3cc2-c2ccc3oncc3c2)cn1	0.012757
rxn:5:180096:229344:226430	Cc1ccc(-c2nccs2)cc1-c1cc(-c2cocn2)ccc1OC1CCCC1	0.012753
rxn:5:182654:228597:227023	Cc1cccc(C#N)c1-c1ccc2ccsc2c1-c1ccc(C(C)N(C)C)cc1	0.012753
rxn:5:194141:229270:225655	COC(=O)c1c[nH]c2cc(-c3cncc(N4CCC(C)CC4)c3)c(-c3cnc(C#N)s3)cc12	0.012751
rxn:5:194141:229270:225652	COC(=O)c1c[nH]c2cc(-c3cncc(N4CCCC(C)C4)c3)c(-c3cnc(C#N)s3)cc12	0.012751
rxn:5:198417:229009:226974	CC1(C)OCc2cc(-c3ccnc4cc(-c5cc(C6CC6)cs5)sc34)ccc21	0.012750
rxn:5:194141:229270:222993	COC(=O)c1c[nH]c2cc(-c3cccc(N4CCCCC4O)c3)c(-c3cnc(C#N)s3)cc12	0.012750
rxn:5:199106:229240:226200	Cc1ncc(-c2ccc3nccc(-c4ccc5c(c4)ncn5C(C)C)c3c2C)cn1	0.012749
rxn:5:198748:226320:228574	Cc1ccc(-c2cc(-c3cc(C4(C#N)CC4)ccc3F)c3ccncc3c2)c(C#N)c1	0.012749
rxn:5:182654:228597:227920	CCC(=O)c1ccc(-c2c(-c3c(C)cccc3C#N)ccc3ccsc23)cc1	0.012742
rxn:5:182654:228597:227811	Cc1cccc(C#N)c1-c1ccc2ccsc2c1-c1ccc(CC(C)C)cc1	0.012736
rxn:5:198417:229009:228534	c1cc(-c2ccc3ccoc3c2)c2sc(-c3cc(C4CC4)cs3)cc2n1	0.012735
rxn:5:198417:229009:228533	c1cc(-c2ccc3occc3c2)c2sc(-c3cc(C4CC4)cs3)cc2n1	0.012735
rxn:5:198417:226401:228455	COc1ncc(-c2ccnc3cc(-c4cccc(-c5cnccn5)c4)sc23)c(OC)n1	0.012730
rxn:5:182654:223205:229008	N#Cc1cccc2[nH]c(-c3ccc4ccsc4c3-c3ccc(CF)cc3)cc12	0.012729
rxn:5:198748:229009:228346	COC(=O)c1cc(-c2cc(-c3cc(C4CC4)cs3)c3ccncc3c2)c(C)s1	0.012722
rxn:5:197125:228259:229080	COc1cc(-c2cnc(C3CC3)s2)c2nc(-c3cc(C)cc(OC)c3F)sc2c1	0.012719
rxn:5:198513:228591:223164	CC(C)c1cnccc1-c1cc2cc[nH]c2cc1-c1cc(F)c(F)c(NC2CC2)c1	0.012718
rxn:5:182656:228127:228560	CCSc1ccccc1-c1c(-c2c(C#N)cccc2OC)ccc2ccoc12	0.012718
rxn:5:197758:228259:229270	COc1cc(C)cc(-c2ccc3nc(C(C)C)cc(-c4cnc(C#N)s4)c3c2)c1F	0.012713
rxn:5:182637:229270:226030	COc1c(F)cc(-c2cc3ccoc3cc2-c2cnc(C#N)s2)cc1C(F)(F)F	0.012708
rxn:5:182637:229270:226032	COc1cc(-c2cc3ccoc3cc2-c2cnc(C#N)s2)c(F)c(C(F)(F)F)c1	0.012708
rxn:5:182637:229270:226036	COc1c(F)cc(C(F)(F)F)cc1-c1cc2ccoc2cc1-c1cnc(C#N)s1	0.012708
rxn:5:182637:229270:226037	COc1c(C(F)(F)F)ccc(-c2cc3ccoc3cc2-c2cnc(C#N)s2)c1F	0.012708
rxn:5:182637:229270:226038	COc1cc(C(F)(F)F)c(F)cc1-c1cc2ccoc2cc1-c1cnc(C#N)s1	0.012708
rxn:5:197430:228990:223411	CCCc1ccc(-c2cc3nccc(-c4cc5cccnc5[nH]4)c3cc2OC)s1	0.012706
rxn:5:197413:228990:223411	CCCc1ccc(-c2ccnc3cc(-c4cc5cccnc5[nH]4)c(OC)cc23)s1	0.012706
rxn:5:197409:228990:223411	CCCc1ccc(-c2cc3c(-c4cc5cccnc5[nH]4)ccnc3cc2OC)s1	0.012706
rxn:5:195324:227034:228350	CSc1ccc(-c2c(C#N)cccc2C2CC2)c(-c2cnn(-c3ccsc3)c2)n1	0.012705
rxn:5:195324:227034:228364	CSc1ccc(-c2c(C#N)cccc2C2CC2)c(-c2cnn(-c3cccs3)c2)n1	0.012705
rxn:5:197125:226600:229270	CCOc1c(F)c(C)cc(-c2nc3c(-c4cnc(C#N)s4)cc(OC)cc3s2)c1F	0.012704
rxn:5:179400:229272:226462	CCn1cnc2cc(-c3ccc(C(=O)C4CC4)cc3-c3cnc(OC)s3)c(F)cc21	0.012703
rxn:5:194141:229272:226412	COC(=O)c1c[nH]c2cc(-c3cc(F)cc(N4CCCC4)c3)c(-c3cnc(OC)s3)cc12	0.012700
rxn:5:176993:229272:228538	CCCC(=O)c1ccc(-c2cccc3sccc23)c(-c2cnc(OC)s2)c1	0.012698
rxn:5:198417:228628:223390	c1cc(-c2ccc3cc[nH]c3c2)c2sc(-c3cc(C4CCC4)cs3)cc2n1	0.012695
rxn:5:198417:228629:223390	c1cc(-c2ccc3cc[nH]c3c2)c2sc(-c3ccc(C4CCC4)s3)cc2n1	0.012695
rxn:5:196351:229009:228574	Cc1ccc(-c2ccc(-c3cnccc3-c3cc(C4CC4)cs3)cc2)c(C#N)c1	0.012690
rxn:5:196414:229009:228574	Cc1ccc(-c2ccc(-c3ccncc3-c3cc(C4CC4)cs3)cc2)c(C#N)c1	0.012690
rxn:5:196339:229009:228574	Cc1ccc(-c2cccc(-c3cnccc3-c3cc(C4CC4)cs3)c2)c(C#N)c1	0.012690
rxn:5:196407:229009:228574	Cc1ccc(-c2cccc(-c3ccncc3-c3cc(C4CC4)cs3)c2)c(C#N)c1	0.012690
rxn:5:196415:229009:228574	Cc1ccc(-c2cc(-c3cccnc3)cc(-c3cc(C4CC4)cs3)c2)c(C#N)c1	0.012690
rxn:5:196338:229009:228574	Cc1ccc(-c2ccccc2-c2cnccc2-c2cc(C3CC3)cs2)c(C#N)c1	0.012690
rxn:5:196418:229009:228574	Cc1ccc(-c2ccccc2-c2ccncc2-c2cc(C3CC3)cs2)c(C#N)c1	0.012690
rxn:5:198417:223397:225597	c1cc(-c2ccc(OC3CCCCC3)nc2)c2sc(-c3ccc4c(c3)CCN4)cc2n1	0.012689
rxn:5:198417:223251:226181	O=C1COc2cc(-c3cc4nccc(-c5ccc(C6=CCCCC6)nc5)c4s3)ccc2N1	0.012688
rxn:5:182654:228597:228263	Cc1cccc(C#N)c1-c1ccc2ccsc2c1-c1ccc(C(C)(F)F)cc1	0.012686
rxn:5:176993:229272:228792	CCCC(=O)c1ccc(-c2ccc(SC)c(F)c2)c(-c2cnc(OC)s2)c1	0.012685
rxn:5:178120:229296:226200	CC(C)n1cnc2cc(-c3c(OCC4CCOCC4)cccc3-c3cnn(C)c3)ccc21	0.012683
rxn:5:196338:223464:226695	Fc1cc(-c2cncs2)ccc1-c1ccccc1-c1cnccc1-c1cc[nH]c1	0.012680
rxn:5:182654:228597:228970	Cc1cccc(C#N)c1-c1ccc2ccsc2c1-c1ccc(C(F)(F)F)s1	0.012680
rxn:5:198417:228990:223332	CCCc1ccc(-c2cc3nccc(-c4cc5cc(F)ccc5[nH]4)c3s2)s1	0.012679
rxn:5:198417:228990:223334	CCCc1ccc(-c2cc3nccc(-c4cc5ccc(F)cc5[nH]4)c3s2)s1	0.012679
rxn:5:198417:223214:226462	CCn1cnc2cc(-c3ccnc4cc(-c5ccc6c(c5)CCNC6=O)sc34)c(F)cc21	0.012675
rxn:5:180421:229272:223000	COc1ncc(-c2cc(CC3CCCCC3)ccc2-c2ccc(C3CCCNC3)c(F)c2)s1	0.012675
rxn:5:194141:229270:226913	CCc1cc(-c2cc3[nH]cc(C(=O)OC)c3cc2-c2cnc(C#N)s2)cc(C2CC2)c1	0.012674
rxn:5:198417:228009:227278	N#CC1(c2ccc(-c3ccnc4cc(-c5ccc(C6CC6)c(F)c5)sc34)cn2)CC1	0.012673
rxn:5:198417:229009:223232	c1cc(-c2cc[nH]n2)cc(-c2ccnc3cc(-c4cc(C5CC5)cs4)sc23)c1	0.012672
rxn:5:198417:229009:223234	c1c[nH]c(-c2ccc(-c3ccnc4cc(-c5cc(C6CC6)cs5)sc34)cc2)n1	0.012672
rxn:5:198417:229009:223236	c1cc(-c2ncc[nH]2)cc(-c2ccnc3cc(-c4cc(C5CC5)cs4)sc23)c1	0.012672
rxn:5:198417:228250:223411	c1coc(-c2ccc(-c3cc4nccc(-c5cc6cccnc6[nH]5)c4s3)s2)c1	0.012671
rxn:5:196333:226412:229270	N#Cc1ncc(-c2cccc(-c3ccc(-c4cc(F)cc(N5CCCC5)c4)nc3)c2)s1	0.012667
rxn:5:196414:226412:229270	N#Cc1ncc(-c2ccc(-c3ccncc3-c3cc(F)cc(N4CCCC4)c3)cc2)s1	0.012667
rxn:5:176993:229272:225590	CCCC(=O)c1ccc(-c2ccc(CN3CCCC3)c(F)c2)c(-c2cnc(OC)s2)c1	0.012665
rxn:5:198417:228563:223390	CC(C)Cc1csc(-c2cc3nccc(-c4ccc5cc[nH]c5c4)c3s2)c1	0.012663
rxn:5:196189:223183:228074	CNS(=O)(=O)c1ccc(-c2ccc(C3=NCCO3)cc2-c2cc3cccc(F)c3s2)c(C)c1	0.012659
rxn:5:198417:228718:226462	CCn1cnc2cc(-c3ccnc4cc(-c5cc(C#N)cnc5C)sc34)c(F)cc21	0.012655
rxn:5:182656:227057:223271	COc1cccc(-c2ccc3ccoc3c2-c2ccc(F)c(NC(C)=O)c2)c1C1CC1	0.012651
rxn:5:182656:227056:223271	COc1cccc(C2CC2)c1-c1ccc2ccoc2c1-c1ccc(F)c(NC(C)=O)c1	0.012651
rxn:5:198417:223397:227758	Fc1ccc(C(F)(F)F)c(-c2ccnc3cc(-c4ccc5c(c4)CCN5)sc23)c1	0.012650
rxn:5:194141:229270:225634	COC(=O)c1c[nH]c2cc(-c3cnc(N4CCCCC4)c(C)c3)c(-c3cnc(C#N)s3)cc12	0.012648
rxn:5:182654:227839:229008	Cc1cccc(C2CC2)c1-c1ccc2ccsc2c1-c1ccc(CF)cc1	0.012648
rxn:5:182654:227840:229008	Cc1cccc(-c2ccc3ccsc3c2-c2ccc(CF)cc2)c1C1CC1	0.012648
rxn:5:195324:227034:227351	COC(=O)c1c(C)cccc1-c1nc(SC)ccc1-c1c(C#N)cccc1C1CC1	0.012648
rxn:5:195324:227034:227343	COC(=O)c1cc(C)cc(-c2nc(SC)ccc2-c2c(C#N)cccc2C2CC2)c1	0.012648
rxn:5:197125:226647:229270	COc1cc(-c2cnc(C#N)s2)c2nc(-c3cccc(-c4nnc(C)o4)c3)sc2c1	0.012647
rxn:5:182656:228127:227354	COc1cccc(C#N)c1-c1ccc2ccoc2c1-c1ccc(F)c(OC(C)C)c1	0.012643
rxn:5:182656:228127:227344	COc1cccc(C#N)c1-c1ccc2ccoc2c1-c1ccc(OC(C)C)c(F)c1	0.012643
rxn:5:182654:227841:229008	Cc1cc(C)c(C)c(-c2ccc3ccsc3c2-c2ccc(CF)cc2)c1C	0.012640
rxn:5:198748:229009:227031	N#Cc1cc(C2CC2)ccc1-c1cc(-c2cc(C3CC3)cs2)c2ccncc2c1	0.012634
rxn:5:198748:229009:227036	N#Cc1ccc(C2CC2)cc1-c1cc(-c2cc(C3CC3)cs2)c2ccncc2c1	0.012634
rxn:5:198748:229009:227030	N#Cc1ccc(-c2cc(-c3cc(C4CC4)cs3)c3ccncc3c2)c(C2CC2)c1	0.012634
rxn:5:198748:229009:227026	N#Cc1ccc(-c2cc(-c3cc(C4CC4)cs3)c3ccncc3c2)cc1C1CC1	0.012634
rxn:5:198748:229009:227033	N#Cc1cc(-c2cc(-c3cc(C4CC4)cs3)c3ccncc3c2)ccc1C1CC1	0.012634
rxn:5:198748:229009:227037	N#Cc1ccc(C2CC2)c(-c2cc(-c3cc(C4CC4)cs3)c3ccncc3c2)c1	0.012634
rxn:5:198748:229009:227032	N#Cc1cccc(-c2cc(-c3cc(C4CC4)cs3)c3ccncc3c2)c1C1CC1	0.012634
rxn:5:179400:229272:228268	COc1ncc(-c2cc(C(=O)C3CC3)ccc2-c2ccc(C)c(F)c2SC)s1	0.012634
rxn:5:193460:228990:223411	CCCc1ccc(-c2cccc(C(=O)N3CCCCC3)c2-c2cc3cccnc3[nH]2)s1	0.012633
rxn:5:198417:223341:226198	CCCn1ncc2cc(-c3ccnc4cc(-c5ccc6c(c5)CC(=O)N6)sc34)ccc21	0.012632
rxn:5:198417:227449:223411	c1cnc2[nH]c(-c3ccnc4cc(-c5ccc(C6CCOCC6)s5)sc34)cc2c1	0.012631
rxn:5:198417:228990:223204	CCCc1ccc(-c2cc3nccc(-c4cc5cc(C#N)ccc5[nH]4)c3s2)s1	0.012631
rxn:5:198417:228990:223206	CCCc1ccc(-c2cc3nccc(-c4cc5ccc(C#N)cc5[nH]4)c3s2)s1	0.012631
rxn:5:195928:229272:223000	COc1ncc(-c2ncc(-c3cccc(-c4ccc(C5CCCNC5)c(F)c4)c3)s2)s1	0.012630
rxn:5:180422:228127:223271	COc1cccc(C#N)c1-c1ccc(CC2CCCCC2)cc1-c1ccc(F)c(NC(C)=O)c1	0.012630
rxn:5:180677:228259:229270	CCOc1ccc2cc(-c3cc(C)cc(OC)c3F)ccc2c1-c1cnc(C#N)s1	0.012618
rxn:5:198417:228990:223298	CCCc1ccc(-c2cc3nccc(-c4cc5cccc(C)c5[nH]4)c3s2)s1	0.012610
rxn:5:198417:228990:223296	CCCc1ccc(-c2cc3nccc(-c4cc5ccc(C)cc5[nH]4)c3s2)s1	0.012610
rxn:5:198417:228990:223297	CCCc1ccc(-c2cc3nccc(-c4cc5cc(C)ccc5[nH]4)c3s2)s1	0.012610
rxn:5:198417:228990:223299	CCCc1ccc(-c2cc3nccc(-c4cc5c(C)cccc5[nH]4)c3s2)s1	0.012610
rxn:5:176993:227199:223000	CCCC(=O)c1ccc(-c2ccc(C3CCCNC3)c(F)c2)c(-c2ccc3c(c2)N(C)C(=O)C3)c1	0.012605
rxn:5:196189:223183:227643	CNS(=O)(=O)c1ccc(-c2ccc(C3=NCCO3)cc2-c2ccc(-c3nccs3)nc2)c(C)c1	0.012604
rxn:5:182506:226321:226593	Cc1cccc(-c2ccc(SC3CCCC3)nc2)c1-c1c(F)ccc(OC(C)C)c1F	0.012604
rxn:5:198748:229009:227838	Cc1ccc(C2CC2)c(-c2cc(-c3cc(C4CC4)cs3)c3ccncc3c2)c1	0.012603
rxn:5:198748:229009:227836	Cc1ccc(-c2cc(-c3cc(C4CC4)cs3)c3ccncc3c2)c(C2CC2)c1	0.012603
rxn:5:195435:228384:223320	CC(=O)c1cc(-c2cc(C)cc3[nH]ncc23)cc(-c2ccc(-c3nccs3)s2)n1	0.012601
rxn:5:198417:223397:226321	c1cc(-c2ccc(SC3CCCC3)nc2)c2sc(-c3ccc4c(c3)CCN4)cc2n1	0.012596
rxn:5:197125:228259:228787	COc1cc(F)cc(-c2cc(OC)cc3sc(-c4cc(C)cc(OC)c4F)nc23)c1	0.012596
rxn:5:182654:228597:227408	Cc1cccc(C#N)c1-c1ccc2ccsc2c1-c1cc(C2CCC2)ncc1F	0.012595
rxn:5:182654:228597:227918	Cc1cccc(C#N)c1-c1ccc2ccsc2c1-c1ccc(SC2CC2)cc1	0.012593
rxn:5:182637:229270:226049	N#Cc1ncc(-c2cc3occc3cc2-c2cc(F)c(OC(F)(F)F)c(F)c2)s1	0.012593
rxn:5:195463:226412:226067	Cc1cc(-c2cc(F)cc(N3CCCC3)c2)c(-c2ccc(C3=CCCCC3)cc2)cc1C#N	0.012592
rxn:5:198417:227035:223390	N#Cc1cc(-c2cc3nccc(-c4ccc5cc[nH]c5c4)c3s2)cc(C2CC2)c1	0.012589
rxn:5:198417:227031:223390	N#Cc1cc(C2CC2)ccc1-c1cc2nccc(-c3ccc4cc[nH]c4c3)c2s1	0.012589
rxn:5:198417:227036:223390	N#Cc1ccc(C2CC2)cc1-c1cc2nccc(-c3ccc4cc[nH]c4c3)c2s1	0.012589
rxn:5:198521:223341:226200	CC(C)n1cnc2cc(-c3cc4cc[nH]c4cc3-c3ccc4c(c3)CC(=O)N4)ccc21	0.012586
rxn:5:176592:228977:228435	CCOC(=O)c1cccc(-c2c(SC)ccc(F)c2F)c1-c1ccc2c(c1)CC2	0.012583
rxn:5:196352:227034:229057	N#Cc1cccc(C2CC2)c1-c1cccnc1-c1ccccc1-c1cnn(C2CC2)c1	0.012581
rxn:5:198417:223397:225440	N#CC1(c2ccc(-c3ccnc4cc(-c5ccc6c(c5)CCN6)sc34)cc2)CCCC1	0.012578
rxn:5:182070:228888:229177	Cc1ccc(-c2cc(-c3cc(C#N)ncc3F)cc(-c3c(F)cncc3F)c2)c(C)c1	0.012577
rxn:5:182069:228888:229177	Cc1cccc(-c2cc(-c3cc(C#N)ncc3F)cc(-c3c(F)cncc3F)c2)c1C	0.012577
rxn:5:182656:228127:226420	COc1cccc(C#N)c1-c1ccc2ccoc2c1-c1ccc(F)c(N2CCCC2)c1	0.012576
rxn:5:182656:228127:226431	COc1cccc(C#N)c1-c1ccc2ccoc2c1-c1ccc(N2CCCC2)c(F)c1	0.012576
rxn:5:194141:229078:226412	COC(=O)c1c[nH]c2cc(-c3cc(F)cc(N4CCCC4)c3)c(-c3cncc(OC)c3)cc12	0.012575
rxn:5:198417:228018:223390	Fc1cc(-c2cc3nccc(-c4ccc5cc[nH]c5c4)c3s2)cc(C2CC2)c1	0.012575
rxn:5:198417:227980:223390	Fc1cc(C2CC2)ccc1-c1cc2nccc(-c3ccc4cc[nH]c4c3)c2s1	0.012575
rxn:5:198417:227997:223390	Fc1ccc(C2CC2)cc1-c1cc2nccc(-c3ccc4cc[nH]c4c3)c2s1	0.012575
rxn:5:181076:229198:229177	CSc1cc(-c2cnc(F)nc2F)cc(-c2c(F)cncc2F)c1	0.012573
rxn:5:182654:228597:227810	CCC(C)c1ccc(-c2c(-c3c(C)cccc3C#N)ccc3ccsc23)cc1	0.012569
rxn:5:198911:229270:226443	Cc1nc(-c2cccs2)ccc1-c1cc2c(C)c[nH]c2cc1-c1cnc(C#N)s1	0.012563
rxn:5:197125:226152:229270	COc1cc(-c2cnc(C#N)s2)c2nc(-c3cc(C4CC4)cc(OC)c3C)sc2c1	0.012562
rxn:5:197125:226153:229270	COc1cc(-c2cnc(C#N)s2)c2nc(-c3cc(C4CC4)c(OC)cc3C)sc2c1	0.012562
rxn:5:176594:228381:228459	COc1ncc(-c2cc(OCC(C)=O)ccc2-c2c(F)cc(C#N)cc2F)c(SC)n1	0.012561
rxn:5:195463:226412:226068	Cc1cc(-c2cc(F)cc(N3CCCC3)c2)c(-c2c(C)cc(C(C)(C)C)cc2C)cc1C#N	0.012559
rxn:5:182654:228597:228553	CCSc1ccc(-c2c(-c3c(C)cccc3C#N)ccc3ccsc23)cc1	0.012556
rxn:5:195792:228040:226437	Fc1cnc(C2CCCC2)cc1-c1c(-c2ccnc3ccncc23)cncc1C1CC1	0.012550
rxn:5:195792:228040:226438	Fc1cc(C2CCCC2)ncc1-c1c(-c2ccnc3ccncc23)cncc1C1CC1	0.012550
rxn:5:182821:229009:223390	c1cc(-c2cc(C3CC3)cs2)c2cc(-c3ccc4cc[nH]c4c3)ccc2c1	0.012547
rxn:5:198417:229270:226032	COc1cc(-c2ccnc3cc(-c4cnc(C#N)s4)sc23)c(F)c(C(F)(F)F)c1	0.012540
rxn:5:198417:223251:226958	Cc1ccc2ccc(-c3ccnc4cc(-c5ccc6c(c5)OCC(=O)N6)sc34)cc2n1	0.012538
rxn:5:198417:229009:228660	c1cc(-c2ccc3nscc3c2)c2sc(-c3cc(C4CC4)cs3)cc2n1	0.012537
rxn:5:182654:228597:225581	Cc1cccc(C#N)c1-c1ccc2ccsc2c1-c1ccc(CN2CCOCC2)cc1	0.012534
rxn:5:179400:229272:226975	COc1ncc(-c2cc(C(=O)C3CC3)ccc2-c2cc3ccccc3cc2F)s1	0.012534
rxn:5:179400:229272:226962	COc1ncc(-c2cc(C(=O)C3CC3)ccc2-c2ccc3ccccc3c2F)s1	0.012534
rxn:5:179400:229272:226960	COc1ncc(-c2cc(C(=O)C3CC3)ccc2-c2ccc(F)c3ccccc23)s1	0.012534
rxn:5:195324:227034:227378	CSc1ccc(-c2c(C#N)cccc2C2CC2)c(-c2cnn(-c3ccccc3)c2)n1	0.012533
rxn:5:199274:223464:226695	Cc1cc(-c2ccc(-c3cncs3)cc2F)c2ccc(-c3cc[nH]c3)c(C)c2n1	0.012530
rxn:5:199275:223464:226695	Cc1cc(-c2ccc(-c3cncs3)cc2F)nc2c(C)c(-c3cc[nH]c3)ccc12	0.012530
rxn:5:199106:223397:227137	CCn1cnc2cc(-c3ccnc4ccc(-c5ccc6c(c5)CCN6)c(C)c34)ccc21	0.012529
rxn:5:198417:226959:227278	CC1(C)Cc2cc(-c3cc4nccc(-c5ccc(C6(C#N)CC6)nc5)c4s3)ccc2O1	0.012524
rxn:5:198417:223251:226462	CCn1cnc2cc(-c3ccnc4cc(-c5ccc6c(c5)OCC(=O)N6)sc34)c(F)cc21	0.012521
rxn:5:198417:223250:226462	CCn1cnc2cc(-c3ccnc4cc(-c5ccc6c(c5)NC(=O)CO6)sc34)c(F)cc21	0.012521
rxn:5:198417:223251:226757	Cc1cc(-c2ccnc3cc(-c4ccc5c(c4)OCC(=O)N5)sc23)ccc1OC(F)(F)F	0.012521
rxn:5:179412:228977:228435	COc1cc(-c2ccc3c(c2)CC3)c(C(C)=O)cc1-c1c(SC)ccc(F)c1F	0.012521
rxn:5:182654:227822:229008	Cc1cccc(C(C)C)c1-c1ccc2ccsc2c1-c1ccc(CF)cc1	0.012520
rxn:5:198417:227026:227278	N#Cc1ccc(-c2cc3nccc(-c4ccc(C5(C#N)CC5)nc4)c3s2)cc1C1CC1	0.012518
rxn:5:182654:223305:229008	Cc1c[nH]c2cc(-c3ccc4ccsc4c3-c3ccc(CF)cc3)ccc12	0.012516
rxn:5:194141:229270:225656	COC(=O)c1c[nH]c2cc(-c3cncc(N4CCCCC4C)c3)c(-c3cnc(C#N)s3)cc12	0.012513
rxn:5:198748:229009:227339	COC(=O)c1cc(C)ccc1-c1cc(-c2cc(C3CC3)cs2)c2ccncc2c1	0.012511
rxn:5:198748:229009:227352	COC(=O)c1ccc(C)cc1-c1cc(-c2cc(C3CC3)cs2)c2ccncc2c1	0.012511
rxn:5:194141:229270:225633	COC(=O)c1c[nH]c2cc(-c3ccc(N4CCCCCC4)nc3)c(-c3cnc(C#N)s3)cc12	0.012510
rxn:5:176993:229272:226189	CCCC(=O)c1ccc(-c2ccc(C3CCCC3)c(F)c2)c(-c2cnc(OC)s2)c1	0.012509
rxn:5:176993:229272:226190	CCCC(=O)c1ccc(-c2ccc(C3CCCC3)cc2F)c(-c2cnc(OC)s2)c1	0.012509
rxn:5:176993:229272:226191	CCCC(=O)c1ccc(-c2cc(C3CCCC3)ccc2F)c(-c2cnc(OC)s2)c1	0.012509
rxn:5:198417:223249:226462	CCn1cnc2cc(-c3ccnc4cc(-c5ccc6nc[nH]c(=O)c6c5)sc34)c(F)cc21	0.012509
rxn:5:176872:228977:228435	COC(=O)c1cc(OC)c(-c2ccc3c(c2)CC3)c(-c2c(SC)ccc(F)c2F)c1	0.012503
rxn:5:176862:228977:228435	COC(=O)c1ccc(-c2ccc3c(c2)CC3)c(-c2c(SC)ccc(F)c2F)c1OC	0.012503
rxn:5:176860:228977:228435	COC(=O)c1c(-c2ccc3c(c2)CC3)ccc(OC)c1-c1c(SC)ccc(F)c1F	0.012503
rxn:5:176857:228977:228435	COC(=O)c1cc(OC)c(-c2c(SC)ccc(F)c2F)cc1-c1ccc2c(c1)CC2	0.012503
rxn:5:176861:228977:228435	COC(=O)c1ccc(-c2c(SC)ccc(F)c2F)c(-c2ccc3c(c2)CC3)c1OC	0.012503
rxn:5:176871:228977:228435	COC(=O)c1cc(-c2c(SC)ccc(F)c2F)c(OC)cc1-c1ccc2c(c1)CC2	0.012503
rxn:5:182506:226753:226593	COc1ccc(-c2cccc(C)c2-c2c(F)ccc(OC(C)C)c2F)c(C(F)(F)F)c1	0.012502
rxn:5:196336:229272:223000	COc1ncc(-c2cc(-c3cccc(-c4ccc(C5CCCNC5)c(F)c4)c3)ccn2)s1	0.012500
rxn:5:198620:227450:223421	CNC(C)c1ccc(-c2ccnc3ccc(-c4cccc(C5CC5(F)F)c4)cc23)s1	0.012490
rxn:5:198417:227403:223411	c1cnc2[nH]c(-c3ccnc4cc(-c5ccc(N6CCCCC6)s5)sc34)cc2c1	0.012490
rxn:5:194141:229270:225611	COC(=O)c1c[nH]c2cc(-c3ccc(N4CCCC4)cc3OC)c(-c3cnc(C#N)s3)cc12	0.012489
rxn:5:181745:229270:227668	COc1c(F)cc(-c2cc(-c3ccccc3)ccc2-c2cnc(C#N)s2)c(C)c1F	0.012484
rxn:5:199106:223402:227137	CCn1cnc2cc(-c3ccnc4ccc(-c5ccc6[nH]ncc6c5)c(C)c34)ccc21	0.012483
rxn:5:199106:223403:227137	CCn1cnc2cc(-c3ccnc4ccc(-c5ccc6cn[nH]c6c5)c(C)c34)ccc21	0.012483
rxn:5:198417:228384:223411	c1cnc2[nH]c(-c3ccnc4cc(-c5ccc(-c6nccs6)s5)sc34)cc2c1	0.012482
rxn:5:199106:228864:227137	CCOc1ncc(-c2ccc3nccc(-c4ccc5c(c4)ncn5CC)c3c2C)cn1	0.012480
rxn:5:198748:229009:223296	Cc1ccc2cc(-c3cc(-c4cc(C5CC5)cs4)c4ccncc4c3)[nH]c2c1	0.012480
rxn:5:199060:229009:223390	Cc1cc2c(-c3cc(C4CC4)cs3)ccnc2cc1-c1ccc2cc[nH]c2c1	0.012480
rxn:5:199089:229009:223390	Cc1cc(-c2cc(C3CC3)cs2)cc2c(-c3ccc4cc[nH]c4c3)ccnc12	0.012480
rxn:5:199092:229009:223390	Cc1cc(-c2cc(C3CC3)cs2)c2nccc(-c3ccc4cc[nH]c4c3)c2c1	0.012480
rxn:5:199086:229009:223390	Cc1cc(-c2cc(C3CC3)cs2)c2ccc(-c3ccc4cc[nH]c4c3)cc2n1	0.012480
rxn:5:198417:227827:223390	Cc1ccc(C2CC2)cc1-c1cc2nccc(-c3ccc4cc[nH]c4c3)c2s1	0.012480
rxn:5:198417:227832:223390	Cc1cc(C2CC2)ccc1-c1cc2nccc(-c3ccc4cc[nH]c4c3)c2s1	0.012480
rxn:5:198748:229009:223297	Cc1ccc2[nH]c(-c3cc(-c4cc(C5CC5)cs4)c4ccncc4c3)cc2c1	0.012480
rxn:5:199090:229009:223390	Cc1cc2nccc(-c3ccc4cc[nH]c4c3)c2cc1-c1cc(C2CC2)cs1	0.012480
rxn:5:199091:229009:223390	Cc1cc2c(-c3ccc4cc[nH]c4c3)ccnc2cc1-c1cc(C2CC2)cs1	0.012480
rxn:5:199106:229009:223390	Cc1c(-c2cc(C3CC3)cs2)ccc2nccc(-c3ccc4cc[nH]c4c3)c12	0.012480
rxn:5:198417:227837:223390	Cc1cc(-c2cc3nccc(-c4ccc5cc[nH]c5c4)c3s2)cc(C2CC2)c1	0.012480
rxn:5:195792:228040:226396	c1cnnc(-c2ccccc2-c2c(-c3ccnc4ccncc34)cncc2C2CC2)c1	0.012478
rxn:5:179400:229272:227745	COc1ncc(-c2cc(C(=O)C3CC3)ccc2-c2ccc(C(F)(F)F)c(F)c2)s1	0.012476
rxn:5:179400:229272:227746	COc1ncc(-c2cc(C(=O)C3CC3)ccc2-c2cccc(C(F)(F)F)c2F)s1	0.012476
rxn:5:181071:227679:228435	COc1cccc(-c2c(SC)ccc(F)c2F)c1-c1ccc2c(c1)OC(F)(F)O2	0.012473
rxn:5:198911:228694:228332	CCN(C)c1csc(-c2cc3[nH]cc(C)c3cc2-c2cnc(OC)cc2SC)c1	0.012472
rxn:5:179876:228381:229311	Cc1ncc(-c2ccccc2C(=O)c2ccccc2-c2c(F)cc(C#N)cc2F)s1	0.012471
rxn:5:199106:228992:227137	CCn1cnc2cc(-c3ccnc4ccc(-c5cccc(C#N)c5)c(C)c34)ccc21	0.012470
rxn:5:196189:223183:227138	CNS(=O)(=O)c1ccc(-c2ccc(C3=NCCO3)cc2-c2cc3ccc(C#N)cc3s2)c(C)c1	0.012469
rxn:5:196189:223183:227141	CNS(=O)(=O)c1ccc(-c2ccc(C3=NCCO3)cc2-c2cc3cc(C#N)ccc3s2)c(C)c1	0.012469
rxn:5:196189:223183:227139	CNS(=O)(=O)c1ccc(-c2ccc(C3=NCCO3)cc2-c2cc3c(C#N)cccc3s2)c(C)c1	0.012469
rxn:5:196189:223183:227140	CNS(=O)(=O)c1ccc(-c2ccc(C3=NCCO3)cc2-c2cc3cccc(C#N)c3s2)c(C)c1	0.012469
rxn:5:197125:226766:229270	COc1cc(-c2cnc(C#N)s2)c2nc(-c3cc(C)ccc3OC(F)(F)F)sc2c1	0.012467
rxn:5:198417:228927:226462	CCn1cnc2cc(-c3ccnc4cc(-c5c(F)ccnc5OC)sc34)c(F)cc21	0.012461
rxn:5:181497:228990:223411	CCCc1ccc(-c2ccc(-c3ccc(-c4cc5cccnc5[nH]4)cc3)o2)s1	0.012458
rxn:5:198748:228016:228574	Cc1ccc(-c2cc(-c3cc(C4CCCC4)cs3)c3ccncc3c2)c(C#N)c1	0.012457
rxn:5:179400:229272:225821	COc1ncc(-c2cc(C(=O)C3CC3)ccc2-c2ccc(C3CC3)c(C(F)(F)F)c2)s1	0.012456
rxn:5:179400:229272:225817	COc1ncc(-c2cc(C(=O)C3CC3)ccc2-c2ccc(C(F)(F)F)c(C3CC3)c2)s1	0.012456
rxn:5:199106:229159:226200	COc1ncc(-c2ccc3nccc(-c4ccc5c(c4)ncn5C(C)C)c3c2C)cn1	0.012456
rxn:5:198748:227117:228574	Cc1ccc(-c2cc(-c3cc(C4CC4)cc(C)c3F)c3ccncc3c2)c(C#N)c1	0.012454
rxn:5:198748:227100:228574	Cc1ccc(-c2cc(-c3c(C)cc(C4CC4)cc3F)c3ccncc3c2)c(C#N)c1	0.012454
rxn:5:197566:227034:229057	CCc1cc2ccc(-c3c(C#N)cccc3C3CC3)cc2nc1-c1cnn(C2CC2)c1	0.012451
rxn:5:195792:228675:227115	Cc1cc(-c2c(-c3cccc4scnc34)cncc2C2CC2)c(F)cc1C1CC1	0.012451
rxn:5:199106:229225:226200	CCn1cc(-c2ccc3nccc(-c4ccc5c(c4)ncn5C(C)C)c3c2C)cn1	0.012451
rxn:5:182654:228597:227820	Cc1cccc(C#N)c1-c1ccc2ccsc2c1-c1ccc(C(C)(C)C)cc1	0.012450
rxn:5:182656:227331:223271	CC(=O)Nc1cc(-c2c(-c3c(F)cccc3OC(C)C)ccc3ccoc23)ccc1F	0.012449
rxn:5:176993:229149:223000	CCCC(=O)c1ccc(-c2ccc(C3CCCNC3)c(F)c2)c(-c2csc(OCC)n2)c1	0.012448
rxn:5:198748:227404:228574	Cc1ccc(-c2cc(-c3cc(N4CCCCC4)cs3)c3ccncc3c2)c(C#N)c1	0.012447
rxn:5:180096:226648:229270	Cc1nc(-c2cccc(-c3ccc(OC4CCCC4)c(-c4cnc(C#N)s4)c3)c2)no1	0.012446
rxn:5:196920:223397:227278	Cc1ccc(C)n1-c1ccc(-c2ccc(C3(C#N)CC3)nc2)cc1-c1ccc2c(c1)CCN2	0.012442
rxn:5:179840:228411:227328	COc1ccc(-c2ccc(O[C@@H]3CCOC3)cc2-c2cc(F)cc(OC(C)C)c2)c(F)c1F	0.012440
rxn:5:198417:227138:228455	COc1ncc(-c2ccnc3cc(-c4cc5ccc(C#N)cc5s4)sc23)c(OC)n1	0.012439
rxn:5:198417:227141:228455	COc1ncc(-c2ccnc3cc(-c4cc5cc(C#N)ccc5s4)sc23)c(OC)n1	0.012439
rxn:5:198417:227139:228455	COc1ncc(-c2ccnc3cc(-c4cc5c(C#N)cccc5s4)sc23)c(OC)n1	0.012439
rxn:5:197125:226210:229270	COc1cc(-c2cnc(C#N)s2)c2nc(-c3ccc4nc(OC)ccc4c3)sc2c1	0.012439
rxn:5:198417:227140:228455	COc1ncc(-c2ccnc3cc(-c4cc5cccc(C#N)c5s4)sc23)c(OC)n1	0.012439
rxn:5:176993:229080:223000	CCCC(=O)c1ccc(-c2ccc(C3CCCNC3)c(F)c2)c(-c2cnc(C3CC3)s2)c1	0.012437
rxn:5:198417:228562:223390	CCC(C)c1csc(-c2cc3nccc(-c4ccc5cc[nH]c5c4)c3s2)c1	0.012436
rxn:5:179757:228411:229311	COc1ccc(-c2ccc(Oc3ccccc3)cc2-c2cnc(C)s2)c(F)c1F	0.012434
rxn:5:195435:227410:223320	CC(=O)c1cc(-c2cc(C)cc3[nH]ncc23)cc(-c2cc(-c3ccncc3)cs2)n1	0.012433
rxn:5:195435:227414:223320	CC(=O)c1cc(-c2cc(C)cc3[nH]ncc23)cc(-c2ccc(-c3ccncc3)s2)n1	0.012433
rxn:5:195435:227421:223320	CC(=O)c1cc(-c2cc(C)cc3[nH]ncc23)cc(-c2ccc(-c3ccccn3)s2)n1	0.012433
rxn:5:198417:226974:227278	CC1(C)OCc2cc(-c3cc4nccc(-c5ccc(C6(C#N)CC6)nc5)c4s3)ccc21	0.012432
rxn:5:199106:229166:226200	CC(=O)n1cc(-c2ccc3nccc(-c4ccc5c(c4)ncn5C(C)C)c3c2C)cn1	0.012430
rxn:5:198748:229009:227322	COc1c(-c2cc(-c3cc(C4CC4)cs3)c3ccncc3c2)cncc1C(C)C	0.012428
rxn:5:198748:229009:228621	CSc1cc(C)ccc1-c1cc(-c2cc(C3CC3)cs2)c2ccncc2c1	0.012425
rxn:5:198748:229009:228615	CSc1ccc(C)cc1-c1cc(-c2cc(C3CC3)cs2)c2ccncc2c1	0.012425
rxn:5:176594:228381:226190	CC(=O)COc1ccc(-c2c(F)cc(C#N)cc2F)c(-c2ccc(C3CCCC3)cc2F)c1	0.012417
rxn:5:176590:223341:226200	CCOC(=O)c1c(-c2ccc3c(c2)CC(=O)N3)cccc1-c1ccc2c(c1)ncn2C(C)C	0.012412
rxn:5:198417:229009:227370	Fc1cc(-c2ccnc3cc(-c4cc(C5CC5)cs4)sc23)ccc1OC1CC1	0.012411
rxn:5:197408:229270:226593	COc1ccc2c(-c3c(F)ccc(OC(C)C)c3F)ncc(-c3cnc(C#N)s3)c2c1	0.012410
rxn:5:198417:223342:226462	CCn1cnc2cc(-c3ccnc4cc(-c5ccc6c(c5)OCCN6)sc34)c(F)cc21	0.012409
rxn:5:198417:223340:226462	CCn1cnc2cc(-c3ccnc4cc(-c5ccc6c(c5)NCCO6)sc34)c(F)cc21	0.012409
rxn:5:181071:228532:228435	COc1cccc(-c2c(SC)ccc(F)c2F)c1-c1ccc2sccc2c1	0.012408
rxn:5:181071:228539:228435	COc1cccc(-c2c(SC)ccc(F)c2F)c1-c1ccc2ccsc2c1	0.012408
rxn:5:198417:227824:223390	c1cc(-c2ccc3cc[nH]c3c2)c2sc(-c3ccc(C4CCC4)cc3)cc2n1	0.012408
rxn:5:198417:227825:223390	c1cc(-c2cc3nccc(-c4ccc5cc[nH]c5c4)c3s2)cc(C2CCC2)c1	0.012408
rxn:5:194141:229270:226668	COC(=O)c1c[nH]c2cc(-c3cc(F)cc(-n4ccnc4)c3)c(-c3cnc(C#N)s3)cc12	0.012404
rxn:5:194141:229270:226670	COC(=O)c1c[nH]c2cc(-c3cc(F)cc(-n4cccn4)c3)c(-c3cnc(C#N)s3)cc12	0.012404
rxn:5:194141:229270:226671	COC(=O)c1c[nH]c2cc(-c3cnn(-c4cccc(F)c4)c3)c(-c3cnc(C#N)s3)cc12	0.012404
rxn:5:195792:228040:223112	CC(C)c1ccc2[nH]ncc2c1-c1c(-c2ccnc3ccncc23)cncc1C1CC1	0.012401
rxn:5:182654:228597:228392	Cc1cccc(C#N)c1-c1ccc2ccsc2c1-c1ccc(C(F)(F)F)cc1	0.012401
rxn:5:198417:228977:226462	CCn1cnc2cc(-c3ccnc4cc(-c5ccc6c(c5)CC6)sc34)c(F)cc21	0.012400
rxn:5:198417:229009:226366	c1cc(-c2ccnc3cc(-c4cc(C5CC5)cs4)sc23)cc(N2CCCCC2)n1	0.012396
rxn:5:176993:229272:226064	CCCC(=O)c1ccc(-c2ccc(C3CCCCC3)cc2)c(-c2cnc(OC)s2)c1	0.012394
rxn:5:176993:229272:226069	CCCC(=O)c1ccc(-c2cccc(C3CCCCC3)c2)c(-c2cnc(OC)s2)c1	0.012394
rxn:5:197428:229270:223164	CC(=O)c1c[nH]c2cc(-c3cc(F)c(F)c(NC4CC4)c3)c(-c3cnc(C#N)s3)cc12	0.012392
rxn:5:198417:223341:227396	O=C1Cc2cc(-c3cc4nccc(-c5ccnc(-c6cccs6)c5)c4s3)ccc2N1	0.012391
rxn:5:199106:223464:225482	Cc1c(-c2cc[nH]c2)ccc2nccc(-c3ccc(-c4ccccc4)cc3F)c12	0.012388
rxn:5:199106:223464:225492	Cc1c(-c2cc[nH]c2)ccc2nccc(-c3cc(-c4ccccc4)ccc3F)c12	0.012388
rxn:5:199106:228974:226200	Cc1c(-c2cnn(S(C)(=O)=O)c2)ccc2nccc(-c3ccc4c(c3)ncn4C(C)C)c12	0.012386
rxn:5:177506:229065:229272	COc1ncc(-c2ccc(SCc3cccc(-c4ccnc(C#N)c4)c3)cc2)s1	0.012383
rxn:5:192430:228597:229008	Cc1cccc(C#N)c1-c1ccc(Oc2ccccc2-c2ccc(CF)cc2)nc1	0.012382
rxn:5:182637:229270:225422	CN(C)c1ccc(-c2cc3ccoc3cc2-c2cnc(C#N)s2)c2ccccc12	0.012376
rxn:5:198417:228990:228668	CCCc1ccc(-c2cc3nccc(-c4cc5cccnc5s4)c3s2)s1	0.012371
rxn:5:198417:228990:228667	CCCc1ccc(-c2cc3nccc(-c4cc5ncccc5s4)c3s2)s1	0.012371
rxn:5:177496:228381:229311	Cc1ncc(-c2cc(OCc3ccccc3)ccc2-c2c(F)cc(C#N)cc2F)s1	0.012363
rxn:5:177518:228381:229311	Cc1ncc(-c2ccc(OCc3ccccc3)cc2-c2c(F)cc(C#N)cc2F)s1	0.012363
rxn:5:198748:226913:228574	CCc1cc(-c2cc(-c3ccc(C)cc3C#N)cc3cnccc23)cc(C2CC2)c1	0.012362
rxn:5:182654:227813:229008	CCc1cccc(CC)c1-c1ccc2ccsc2c1-c1ccc(CF)cc1	0.012361
rxn:5:198446:223341:226200	CC(C)n1cnc2cc(-c3c(-c4ccc5c(c4)CC(=O)N5)ccc4cnsc34)ccc21	0.012360
rxn:5:198431:223341:226200	CC(C)n1cnc2cc(-c3nccc4cc(-c5ccc6c(c5)CC(=O)N6)sc34)ccc21	0.012360
rxn:5:198437:223341:226200	CC(C)n1cnc2cc(-c3ccnc4c(-c5ccc6c(c5)CC(=O)N6)csc34)ccc21	0.012360
rxn:5:198404:223341:226200	CC(C)n1cnc2cc(-c3nccc4sc(-c5ccc6c(c5)CC(=O)N6)cc34)ccc21	0.012360
rxn:5:198410:223341:226200	CC(C)n1cnc2cc(-c3cccc4nc(-c5ccc6c(c5)CC(=O)N6)sc34)ccc21	0.012360
rxn:5:198443:223341:226200	CC(C)n1cnc2cc(-c3ccnc4scc(-c5ccc6c(c5)CC(=O)N6)c34)ccc21	0.012360
rxn:5:198409:223341:226200	CC(C)n1cnc2cc(-c3ccc4cc(-c5ccc6c(c5)CC(=O)N6)sc4n3)ccc21	0.012360
rxn:5:198416:223341:226200	CC(C)n1cnc2cc(-c3ncc(-c4ccc5c(c4)CC(=O)N5)c4sccc34)ccc21	0.012360
rxn:5:198417:223343:226200	CC(C)n1cnc2cc(-c3ccnc4cc(-c5ccc6c(c5)NC(=O)C6)sc34)ccc21	0.012360
rxn:5:198417:223344:226200	CC(C)n1cnc2cc(-c3ccnc4cc(-c5cccc6c5CC(=O)N6)sc34)ccc21	0.012360
rxn:5:198417:223345:226200	CC(C)n1cnc2cc(-c3ccnc4cc(-c5cccc6c5NC(=O)C6)sc34)ccc21	0.012360
rxn:5:198417:223341:226199	CC(C)n1ncc2cc(-c3ccnc4cc(-c5ccc6c(c5)CC(=O)N6)sc34)ccc21	0.012360
rxn:5:198417:223341:226201	CC(C)n1cc2cc(-c3ccnc4cc(-c5ccc6c(c5)CC(=O)N6)sc34)ccc2n1	0.012360
rxn:5:181076:228888:226884	CSc1cc(-c2cc(C#N)ncc2F)cc(-c2c(F)cc(C(F)(F)F)cc2F)c1	0.012359
rxn:5:181076:228888:226883	CSc1cc(-c2cc(C#N)ncc2F)cc(-c2c(F)ccc(C(F)(F)F)c2F)c1	0.012359
rxn:5:182637:229270:226433	Cc1cc(-c2cncs2)cc(-c2cc3ccoc3cc2-c2cnc(C#N)s2)c1	0.012359
rxn:5:182506:228538:226593	Cc1cccc(-c2cccc3sccc23)c1-c1c(F)ccc(OC(C)C)c1F	0.012358
rxn:5:198417:228972:223390	FC(F)(F)c1csc(-c2cc3nccc(-c4ccc5cc[nH]c5c4)c3s2)c1	0.012357
rxn:5:198748:226922:228574	Cc1ccc(-c2cc(-c3c(C)cc(C4CC4)cc3C)c3ccncc3c2)c(C#N)c1	0.012355
rxn:5:198748:226925:228574	Cc1ccc(-c2cc(-c3cc(C4CC4)cc(C)c3C)c3ccncc3c2)c(C#N)c1	0.012355
rxn:5:196189:223183:226811	CNS(=O)(=O)c1ccc(-c2ccc(C3=NCCO3)cc2-c2ccc(F)cc2-c2ncon2)c(C)c1	0.012353
rxn:5:194141:229270:223007	COC(=O)c1c[nH]c2cc(-c3cc(F)cc(C4CCNCC4)c3)c(-c3cnc(C#N)s3)cc12	0.012348
rxn:5:194141:229270:222998	COC(=O)c1c[nH]c2cc(-c3cc(F)cc(C4CCCNC4)c3)c(-c3cnc(C#N)s3)cc12	0.012348
rxn:5:198417:223397:227405	c1csc(-c2ccc(-c3ccnc4cc(-c5ccc6c(c5)CCN6)sc34)cn2)c1	0.012342
rxn:5:198417:223397:227424	c1cc(-c2ccc(-c3ccsc3)nc2)c2sc(-c3ccc4c(c3)CCN4)cc2n1	0.012342
rxn:5:198417:227068:223411	CC(C)Cc1ccc(-c2cc3nccc(-c4cc5cccnc5[nH]4)c3s2)c(F)c1	0.012342
rxn:5:197125:226346:229270	COc1cc(-c2cnc(C#N)s2)c2nc(-c3cc(C)cc(OC(C)C)c3F)sc2c1	0.012339
rxn:5:198417:227025:223390	CCc1ncc(C2CC2)cc1-c1cc2nccc(-c3ccc4cc[nH]c4c3)c2s1	0.012336
rxn:5:179400:229272:225498	COc1ncc(-c2cc(C(=O)C3CC3)ccc2-c2cc(C3CCCCC3)ccc2F)s1	0.012335
rxn:5:179400:229272:225499	COc1ncc(-c2cc(C(=O)C3CC3)ccc2-c2ccc(C3CCCCC3)cc2F)s1	0.012335
rxn:5:179400:229272:226904	COc1ncc(-c2cc(C(=O)C3CC3)ccc2-c2ccc(C)c3ccccc23)s1	0.012335
rxn:5:195792:228040:226153	COc1cc(C)c(-c2c(-c3ccnc4ccncc34)cncc2C2CC2)cc1C1CC1	0.012334
rxn:5:195792:228040:226152	COc1cc(C2CC2)cc(-c2c(-c3ccnc4ccncc34)cncc2C2CC2)c1C	0.012334
rxn:5:188962:223341:226200	CC(C)COc1ncc(-c2ccc3c(c2)ncn3C(C)C)cc1-c1ccc2c(c1)CC(=O)N2	0.012325
rxn:5:198417:227927:227278	CCC(=O)c1cccc(-c2cc3nccc(-c4ccc(C5(C#N)CC5)nc4)c3s2)c1	0.012318
rxn:5:194141:229270:225590	COC(=O)c1c[nH]c2cc(-c3ccc(CN4CCCC4)c(F)c3)c(-c3cnc(C#N)s3)cc12	0.012305
rxn:5:194141:229270:225593	COC(=O)c1c[nH]c2cc(-c3cc(F)cc(CN4CCCC4)c3)c(-c3cnc(C#N)s3)cc12	0.012305
rxn:5:194141:229270:225595	COC(=O)c1c[nH]c2cc(-c3ccc(F)c(CN4CCCC4)c3)c(-c3cnc(C#N)s3)cc12	0.012305
rxn:5:194141:229270:225592	COC(=O)c1c[nH]c2cc(-c3cc(F)ccc3CN3CCCC3)c(-c3cnc(C#N)s3)cc12	0.012305
rxn:5:194141:229270:225594	COC(=O)c1c[nH]c2cc(-c3ccc(F)cc3CN3CCCC3)c(-c3cnc(C#N)s3)cc12	0.012305
rxn:5:198417:228657:226462	CCn1cnc2cc(-c3ccnc4cc(-c5cccn6nccc56)sc34)c(F)cc21	0.012303
rxn:5:194141:229270:223164	COC(=O)c1c[nH]c2cc(-c3cc(F)c(F)c(NC4CC4)c3)c(-c3cnc(C#N)s3)cc12	0.012302
rxn:5:194149:229270:223164	COC(=O)c1c(-c2cc(F)c(F)c(NC3CC3)c2)c(-c2cnc(C#N)s2)cc2cc[nH]c12	0.012302
rxn:5:179400:229272:226219	COc1ncc(-c2cc(C(=O)C3CC3)ccc2-c2ccc3ccc(C)nc3c2F)s1	0.012299
rxn:5:194141:229226:226412	COC(=O)c1c[nH]c2cc(-c3cc(F)cc(N4CCCC4)c3)c(-c3ccc(C#N)s3)cc12	0.012299
rxn:5:194141:229230:226412	COC(=O)c1c[nH]c2cc(-c3cc(F)cc(N4CCCC4)c3)c(-c3cc(C#N)cs3)cc12	0.012299
rxn:5:198417:227978:223390	CC(C)c1ccc(F)c(-c2cc3nccc(-c4ccc5cc[nH]c5c4)c3s2)c1	0.012297
rxn:5:182654:228597:227039	Cc1cccc(C#N)c1-c1ccc2ccsc2c1-c1ccc(OC(C)(C)C)cc1	0.012295
rxn:5:182654:227369:229008	FCc1ccc(-c2c(-c3cc(F)ccc3OC3CC3)ccc3ccsc23)cc1	0.012288
rxn:5:198417:227414:223411	c1cnc2[nH]c(-c3ccnc4cc(-c5ccc(-c6ccncc6)s5)sc34)cc2c1	0.012281
rxn:5:198417:227638:223390	c1cnc(-c2csc(-c3cc4nccc(-c5ccc6cc[nH]c6c5)c4s3)c2)nc1	0.012281
rxn:5:198417:227630:223390	c1cnc(-c2csc(-c3cc4nccc(-c5ccc6cc[nH]c6c5)c4s3)c2)cn1	0.012281
rxn:5:198417:228213:223390	c1ccn(-c2csc(-c3cc4nccc(-c5ccc6cc[nH]c6c5)c4s3)c2)c1	0.012279
rxn:5:182656:228127:226328	COc1cccc(C#N)c1-c1ccc2ccoc2c1-c1ccc(C(C)(C)C#N)c(F)c1	0.012277
rxn:5:197125:226341:229270	COc1cc(-c2cnc(C#N)s2)c2nc(-c3cc(C(C)C)c(F)cc3OC)sc2c1	0.012274
rxn:5:182656:228127:227663	COc1cccc(C#N)c1-c1ccc2ccoc2c1-c1ccc(C)c(C(F)(F)F)c1	0.012274
rxn:5:182656:228127:227665	COc1cccc(C#N)c1-c1ccc2ccoc2c1-c1ccc(C(F)(F)F)c(C)c1	0.012274
rxn:5:194240:229270:227668	COC(=O)c1cc2ccc(-c3cnc(C#N)s3)cc2nc1-c1cc(F)c(OC)c(F)c1C	0.012271
rxn:5:198417:229009:227329	COc1ccc(C(C)=O)cc1-c1ccnc2cc(-c3cc(C4CC4)cs3)sc12	0.012269
rxn:5:198513:228200:223164	Fc1cc(-c2cc3[nH]ccc3cc2-c2ccnn2C2CCCC2)cc(NC2CC2)c1F	0.012269
rxn:5:198748:226133:228574	Cc1ccc(-c2cc(-c3cc(C4CC4)cc(C#N)c3C)c3ccncc3c2)c(C#N)c1	0.012264
rxn:5:179755:228259:229270	COc1cc(C)cc(-c2ccccc2Oc2ccc(-c3cnc(C#N)s3)cc2)c1F	0.012262
rxn:5:198417:228990:223238	CCCc1ccc(-c2cc3nccc(-c4cccc(-c5cn[nH]c5)c4)c3s2)s1	0.012257
rxn:5:198417:222416:226200	CC(C)n1cnc2cc(-c3ccnc4cc(-c5ccc6[nH]c(=O)[nH]c6c5)sc34)ccc21	0.012256
rxn:5:198417:223397:226200	CC(C)n1cnc2cc(-c3ccnc4cc(-c5ccc6c(c5)CCN6)sc34)ccc21	0.012256
rxn:5:198417:223396:226200	CC(C)n1cnc2cc(-c3ccnc4cc(-c5ccc6c(c5)NCC6)sc34)ccc21	0.012256
rxn:5:198417:229009:227850	c1cc2cc(-c3ccnc4cc(-c5cc(C6CC6)cs5)sc34)ccc2cn1	0.012255
rxn:5:198417:229009:227856	c1cc2ccc(-c3ccnc4cc(-c5cc(C6CC6)cs5)sc34)cc2cn1	0.012255
rxn:5:198417:229009:227852	c1cnc2cc(-c3ccnc4cc(-c5cc(C6CC6)cs5)sc34)ccc2c1	0.012255
rxn:5:198417:229009:227844	c1cnc2ccc(-c3ccnc4cc(-c5cc(C6CC6)cs5)sc34)cc2c1	0.012255
rxn:5:191907:228040:227115	Cc1cc(-c2cc(C)c(C3CC3)cc2F)c(CC#N)cc1-c1ccnc2ccncc12	0.012252
rxn:5:182654:228597:227708	Cc1cccc(C#N)c1-c1ccc2ccsc2c1-c1ccc(OC(F)(F)F)cc1	0.012250
rxn:5:197409:229009:223390	COc1cc2nccc(-c3ccc4cc[nH]c4c3)c2cc1-c1cc(C2CC2)cs1	0.012245
rxn:5:197430:229009:223390	COc1cc2c(-c3ccc4cc[nH]c4c3)ccnc2cc1-c1cc(C2CC2)cs1	0.012245
rxn:5:197413:229009:223390	COc1cc2c(-c3cc(C4CC4)cs3)ccnc2cc1-c1ccc2cc[nH]c2c1	0.012245
rxn:5:198417:227058:223390	COc1ccc(C2CC2)cc1-c1cc2nccc(-c3ccc4cc[nH]c4c3)c2s1	0.012245
rxn:5:198417:227072:223390	COc1cc(C2CC2)ccc1-c1cc2nccc(-c3ccc4cc[nH]c4c3)c2s1	0.012245
rxn:5:198417:227073:223390	COc1cc(-c2cc3nccc(-c4ccc5cc[nH]c5c4)c3s2)cc(C2CC2)c1	0.012245
rxn:5:194141:229270:225872	COC(=O)c1c[nH]c2cc(-c3cc(F)c(F)c(N4CCCC4)c3)c(-c3cnc(C#N)s3)cc12	0.012235
rxn:5:198417:223251:227755	O=C1COc2cc(-c3cc4nccc(-c5cc(C(F)(F)F)ccc5F)c4s3)ccc2N1	0.012233
rxn:5:198686:223341:226200	CC(C)n1cnc2cc(-c3cc(-c4ccc5c(c4)CC(=O)N5)cc4ncccc34)ccc21	0.012225
rxn:5:198655:223341:226200	CC(C)n1cnc2cc(-c3ccc4c(-c5ccc6c(c5)CC(=O)N6)ccnc4c3)ccc21	0.012225
rxn:5:198679:223341:226200	CC(C)n1cnc2cc(-c3ccnc4cccc(-c5ccc6c(c5)CC(=O)N6)c34)ccc21	0.012225
rxn:5:198667:223341:226200	CC(C)n1cnc2cc(-c3cc4ncccc4cc3-c3ccc4c(c3)CC(=O)N4)ccc21	0.012225
rxn:5:198620:223341:226200	CC(C)n1cnc2cc(-c3ccnc4ccc(-c5ccc6c(c5)CC(=O)N6)cc34)ccc21	0.012225
rxn:5:198622:223341:226200	CC(C)n1cnc2cc(-c3ccnc4cc(-c5ccc6c(c5)CC(=O)N6)ccc34)ccc21	0.012225
rxn:5:198646:223341:226200	CC(C)n1cnc2cc(-c3ccc4nccc(-c5ccc6c(c5)CC(=O)N6)c4c3)ccc21	0.012225
rxn:5:198653:223341:226200	CC(C)n1cnc2cc(-c3cccc4nccc(-c5ccc6c(c5)CC(=O)N6)c34)ccc21	0.012225
rxn:5:198757:223341:226200	CC(C)n1cnc2cc(-c3cncc4ccc(-c5ccc6c(c5)CC(=O)N6)cc34)ccc21	0.012225
rxn:5:198643:223341:226200	CC(C)n1cnc2cc(-c3cccc4ccc(-c5ccc6c(c5)CC(=O)N6)nc34)ccc21	0.012225
rxn:5:181411:228040:227115	Cc1cc(-c2ccc(C3CC3)c(-c3ccnc4ccncc34)c2)c(F)cc1C1CC1	0.012223
rxn:5:181432:228040:227115	Cc1cc(-c2cccc(C3CC3)c2-c2ccnc3ccncc23)c(F)cc1C1CC1	0.012223
rxn:5:181408:228040:227115	Cc1cc(-c2ccc(-c3ccnc4ccncc34)c(C3CC3)c2)c(F)cc1C1CC1	0.012223
rxn:5:181407:228040:227115	Cc1cc(-c2ccc(-c3ccnc4ccncc34)cc2C2CC2)c(F)cc1C1CC1	0.012223
rxn:5:181409:228040:227115	Cc1cc(-c2cc(-c3ccnc4ccncc34)ccc2C2CC2)c(F)cc1C1CC1	0.012223
rxn:5:195792:227849:227115	Cc1cc(-c2c(-c3ccnc4ccccc34)cncc2C2CC2)c(F)cc1C1CC1	0.012223
rxn:5:195792:227851:227115	Cc1cc(-c2c(-c3cccc4ccncc34)cncc2C2CC2)c(F)cc1C1CC1	0.012223
rxn:5:195792:227842:227115	Cc1cc(-c2c(-c3cccc4ncccc34)cncc2C2CC2)c(F)cc1C1CC1	0.012223
rxn:5:195792:227845:227115	Cc1cc(-c2c(-c3cccc4cnccc34)cncc2C2CC2)c(F)cc1C1CC1	0.012223
rxn:5:195792:227843:227115	Cc1cc(-c2c(-c3cncc4ccccc34)cncc2C2CC2)c(F)cc1C1CC1	0.012223
rxn:5:197125:225437:229270	COc1cc(-c2cnc(C#N)s2)c2nc(-c3cccc(CN4CCCCC4)c3)sc2c1	0.012221
rxn:5:197428:229270:228332	COc1cc(SC)c(-c2cc3[nH]cc(C(C)=O)c3cc2-c2cnc(C#N)s2)cn1	0.012214
rxn:5:198748:226915:228574	Cc1ccc(-c2cc(-c3ccc(C4CCCC4)cc3)c3ccncc3c2)c(C#N)c1	0.012210
rxn:5:198748:226919:228574	Cc1ccc(-c2cc(-c3cccc(C4CCCC4)c3)c3ccncc3c2)c(C#N)c1	0.012210
rxn:5:176993:228324:223000	CCCC(=O)c1ccc(-c2ccc(C3CCCNC3)c(F)c2)c(-c2cc(OC)ncc2OC)c1	0.012201
rxn:5:176993:228325:223000	CCCC(=O)c1ccc(-c2ccc(C3CCCNC3)c(F)c2)c(-c2cnc(OC)cc2OC)c1	0.012201
rxn:5:176993:228327:223000	CCCC(=O)c1ccc(-c2ccc(C3CCCNC3)c(F)c2)c(-c2cnc(OC)c(OC)c2)c1	0.012201
rxn:5:176993:228335:223000	CCCC(=O)c1ccc(-c2ccc(C3CCCNC3)c(F)c2)c(-c2c(OC)ccnc2OC)c1	0.012201
rxn:5:196768:229270:227668	COc1c(F)cc(-c2ccc(-c3ccc(-c4cnc(C#N)s4)cc3C)cn2)c(C)c1F	0.012198
rxn:5:196772:229270:227668	COc1c(F)cc(-c2cc(-c3cnc(C#N)s3)ncc2-c2cccc(C)c2)c(C)c1F	0.012198
rxn:5:198417:223402:226200	CC(C)n1cnc2cc(-c3ccnc4cc(-c5ccc6[nH]ncc6c5)sc34)ccc21	0.012198
rxn:5:198417:223403:226200	CC(C)n1cnc2cc(-c3ccnc4cc(-c5ccc6cn[nH]c6c5)sc34)ccc21	0.012198
rxn:5:198748:229009:226839	N#Cc1cnc(C(F)(F)F)cc1-c1cc(-c2cc(C3CC3)cs2)c2ccncc2c1	0.012192
rxn:5:194141:229270:226349	COC(=O)c1c[nH]c2cc(-c3cc(F)cc(OC(C)(C)C)c3)c(-c3cnc(C#N)s3)cc12	0.012189
rxn:5:198417:228864:226200	CCOc1ncc(-c2cc3nccc(-c4ccc5c(c4)ncn5C(C)C)c3s2)cn1	0.012187
rxn:5:182654:223002:229008	FCc1ccc(-c2c(-c3ccc(C4CCNCC4)cc3F)ccc3ccsc23)cc1	0.012186
rxn:5:182654:223006:229008	FCc1ccc(-c2c(-c3ccc(F)c(C4CCNCC4)c3)ccc3ccsc23)cc1	0.012186
rxn:5:198417:228990:226838	CCCc1ccc(-c2cc3nccc(-c4cnc(C#N)c(C(F)(F)F)c4)c3s2)s1	0.012185
rxn:5:182656:228127:227357	CCC(=O)c1cc(-c2c(-c3c(C#N)cccc3OC)ccc3ccoc23)ccc1F	0.012180
rxn:5:198417:227859:227278	Cn1ccc2ccc(-c3cc4nccc(-c5ccc(C6(C#N)CC6)nc5)c4s3)cc21	0.012173
rxn:5:199106:229146:226200	COCn1cc(-c2ccc3nccc(-c4ccc5c(c4)ncn5C(C)C)c3c2C)cn1	0.012169
rxn:5:182654:227582:229008	CCOc1c(-c2ccc3ccsc3c2-c2ccc(CF)cc2)ccc(F)c1F	0.012167
rxn:5:198417:223341:226975	O=C1Cc2cc(-c3cc4nccc(-c5cc6ccccc6cc5F)c4s3)ccc2N1	0.012165
rxn:5:192427:229270:227668	COc1c(F)cc(-c2ccc(Oc3cncc(-c4cnc(C#N)s4)c3)cc2)c(C)c1F	0.012165
rxn:5:182637:227966:227668	COc1c(F)cc(-c2cc3ccoc3cc2-c2cccnc2C(C)(C)C)c(C)c1F	0.012159
rxn:5:198417:223397:226156	c1ccc(-c2ccc(-c3ccnc4cc(-c5ccc6c(c5)CCN6)sc34)cn2)cc1	0.012154
rxn:5:198417:223379:226200	CC(C)n1cnc2cc(-c3ccnc4cc(-c5ccc6[nH]c(=O)oc6c5)sc34)ccc21	0.012152
rxn:5:198417:223380:226200	CC(C)n1cnc2cc(-c3ccnc4cc(-c5ccc6oc(=O)[nH]c6c5)sc34)ccc21	0.012152
rxn:5:181076:228888:225700	CSc1cc(-c2cncc(-c3ccccc3F)c2)cc(-c2cc(C#N)ncc2F)c1	0.012151
rxn:5:181076:228888:225697	CSc1cc(-c2cncc(-c3ccc(F)cc3)c2)cc(-c2cc(C#N)ncc2F)c1	0.012151
rxn:5:181071:227805:228435	COc1cccc(-c2c(SC)ccc(F)c2F)c1-c1ccc2ccccc2c1	0.012148
rxn:5:176993:228128:223000	CCCC(=O)c1ccc(-c2ccc(C3CCCNC3)c(F)c2)c(-c2ccc(OC)c(C#N)c2)c1	0.012144
rxn:5:177284:223341:226462	CCn1cnc2cc(-c3ccc(-c4ccc5c(c4)CC(=O)N5)cc3COC(C)C)c(F)cc21	0.012142
rxn:5:198748:226461:228574	CC(=O)n1ccc2c(-c3cc(-c4ccc(C)cc4C#N)cc4cnccc34)cncc21	0.012140
rxn:5:195792:228040:226347	Cc1cc(-c2c(-c3ccnc4ccncc34)cncc2C2CC2)c(OC(C)C)cc1F	0.012132
rxn:5:198417:223341:225843	Cc1cn(-c2ccc(-c3ccnc4cc(-c5ccc6c(c5)CC(=O)N6)sc34)c(F)c2)cn1	0.012129
rxn:5:180421:229270:226593	CC(C)Oc1ccc(F)c(-c2ccc(CC3CCCCC3)cc2-c2cnc(C#N)s2)c1F	0.012127
rxn:5:198417:223397:228306	CC(C)Sc1ncc(-c2ccnc3cc(-c4ccc5c(c4)CCN5)sc23)cn1	0.012124
rxn:5:195463:226412:226754	CCOc1c(F)cc(F)c(-c2cc(C#N)c(C)cc2-c2cc(F)cc(N3CCCC3)c2)c1F	0.012121
rxn:5:192426:229270:228332	COc1cc(SC)c(-c2cccc(Oc3cncc(-c4cnc(C#N)s4)c3)c2)cn1	0.012118
rxn:5:192964:229272:228821	COc1ncc(-c2ccc(Oc3ccccc3-c3ccc(C)c(F)c3F)nc2C)s1	0.012117
rxn:5:179400:228000:223000	COc1cc(C)c(C)cc1-c1cc(C(=O)C2CC2)ccc1-c1ccc(C2CCCNC2)c(F)c1	0.012109
rxn:5:198417:223004:227278	N#CC1(c2ccc(-c3ccnc4cc(-c5ccc(C6CCNCC6)c(F)c5)sc34)cn2)CC1	0.012108
rxn:5:198417:223006:227278	N#CC1(c2ccc(-c3ccnc4cc(-c5ccc(F)c(C6CCNCC6)c5)sc34)cn2)CC1	0.012108
rxn:5:198417:223000:227278	N#CC1(c2ccc(-c3ccnc4cc(-c5ccc(C6CCCNC6)c(F)c5)sc34)cn2)CC1	0.012108
rxn:5:182654:228597:226130	Cc1cccc(C#N)c1-c1ccc2ccsc2c1-c1ccc(CN2CCCC2)cc1	0.012099
rxn:5:198911:228964:228332	COC(=O)c1ncc(-c2cc3[nH]cc(C)c3cc2-c2cnc(OC)cc2SC)s1	0.012093
rxn:5:198417:228990:227844	CCCc1ccc(-c2cc3nccc(-c4ccc5ncccc5c4)c3s2)s1	0.012091
rxn:5:198417:228990:227852	CCCc1ccc(-c2cc3nccc(-c4ccc5cccnc5c4)c3s2)s1	0.012091
rxn:5:198417:228990:227848	CCCc1ccc(-c2cc3nccc(-c4cccc5cccnc45)c3s2)s1	0.012091
rxn:5:199106:225683:229061	Cc1nc(C2CCCOC2)ccc1-c1ccc2nccc(-c3cnn(C(C)C)c3)c2c1C	0.012089
rxn:5:182656:223337:223271	CC(=O)Nc1cc(-c2c(-c3cc4cc[nH]c4cc3F)ccc3ccoc23)ccc1F	0.012087
rxn:5:182656:228069:223271	CC(=O)Nc1cc(-c2c(-c3ccc(F)c4ccoc34)ccc3ccoc23)ccc1F	0.012083
rxn:5:198417:223306:226200	CC(C)n1cnc2cc(-c3ccnc4cc(-c5ccc6c(c5)CNCC6)sc34)ccc21	0.012082
rxn:5:198417:223307:226200	CC(C)n1cnc2cc(-c3ccnc4cc(-c5ccc6c(c5)CCNC6)sc34)ccc21	0.012082
rxn:5:198748:229009:223006	Fc1ccc(-c2cc(-c3cc(C4CC4)cs3)c3ccncc3c2)cc1C1CCNCC1	0.012079
rxn:5:197125:228259:227861	COc1cc(-c2cnc3c(c2)CCCC3)c2nc(-c3cc(C)cc(OC)c3F)sc2c1	0.012077
rxn:5:198417:228990:223209	CCCc1ccc(-c2cc3nccc(-c4cc5cccc(OC)c5[nH]4)c3s2)s1	0.012075
rxn:5:198417:228990:223208	CCCc1ccc(-c2cc3nccc(-c4cc5cc(OC)ccc5[nH]4)c3s2)s1	0.012075
rxn:5:195792:228040:225806	Fc1cc(OC2CCCC2)ncc1-c1c(-c2ccnc3ccncc23)cncc1C1CC1	0.012072
rxn:5:177970:229270:226593	CC(C)Oc1ccc(F)c(-c2cc(OCC3CCCC3)cc(-c3cnc(C#N)s3)c2)c1F	0.012071
rxn:5:198417:227363:223390	CC(C)Oc1c(F)cccc1-c1cc2nccc(-c3ccc4cc[nH]c4c3)c2s1	0.012071
rxn:5:198748:229009:227058	COc1ccc(C2CC2)cc1-c1cc(-c2cc(C3CC3)cs2)c2ccncc2c1	0.012070
rxn:5:182654:228597:227044	Cc1cccc(C#N)c1-c1ccc2ccsc2c1-c1ccc(C(=O)C2CC2)cc1	0.012067
rxn:5:197125:225705:229270	COc1cc(-c2cnc(C#N)s2)c2nc(-c3cc(C)cc4nc(OC)cnc34)sc2c1	0.012061
rxn:5:198513:226794:223164	Fc1cc(-c2cc3[nH]ccc3cc2-c2cnc(N3CCSCC3)nc2)cc(NC2CC2)c1F	0.012055
rxn:5:195792:228040:225617	c1cc2nccc(-c3cncc(C4CC4)c3-c3ccc(OC4CCCCO4)cc3)c2cn1	0.012055
rxn:5:198748:226139:228574	Cc1ccc(-c2cc(-c3cc(C4CC4)cnc3C3CC3)c3ccncc3c2)c(C#N)c1	0.012053
rxn:5:179400:223286:223000	CS(=O)(=O)Nc1cccc(-c2cc(C(=O)C3CC3)ccc2-c2ccc(C3CCCNC3)c(F)c2)c1	0.012050
rxn:5:195435:225642:223320	CC(=O)c1cc(-c2cc(C)cc3[nH]ncc23)cc(-c2cc(C)cc(-c3cnccn3)c2)n1	0.012035
rxn:5:196337:228990:223411	CCCc1ccc(-c2cc(-c3ccc(-c4cc5cccnc5[nH]4)cc3)ccn2)s1	0.012031
rxn:5:196415:228990:223411	CCCc1ccc(-c2cc(-c3cccnc3)cc(-c3cc4cccnc4[nH]3)c2)s1	0.012031
rxn:5:181071:228341:228435	COc1cccc(-c2c(SC)ccc(F)c2F)c1-c1ccc(OC(F)F)cc1	0.012031
rxn:5:198417:227579:227278	CCOc1c(F)cc(-c2cc3nccc(-c4ccc(C5(C#N)CC5)nc4)c3s2)cc1F	0.012027
rxn:5:198417:229233:226200	COc1ccc(-c2cc3nccc(-c4ccc5c(c4)ncn5C(C)C)c3s2)s1	0.012027
rxn:5:199106:229292:226200	Cc1occc1-c1ccc2nccc(-c3ccc4c(c3)ncn4C(C)C)c2c1C	0.012026
rxn:5:181071:228392:228435	COc1cccc(-c2c(SC)ccc(F)c2F)c1-c1ccc(C(F)(F)F)cc1	0.012026
rxn:5:198417:223214:226200	CC(C)n1cnc2cc(-c3ccnc4cc(-c5ccc6c(c5)CCNC6=O)sc34)ccc21	0.012017
rxn:5:198417:225438:228455	COc1ncc(-c2ccnc3cc(-c4ccc(C(C)N5CCCC5)cc4)sc23)c(OC)n1	0.012016
rxn:5:198417:226199:228455	COc1ncc(-c2ccnc3cc(-c4ccc5c(cnn5C(C)C)c4)sc23)c(OC)n1	0.012015
rxn:5:198748:229009:225930	Cc1ccc(S(=O)(=O)N(C)C)c(-c2cc(-c3cc(C4CC4)cs3)c3ccncc3c2)c1	0.012015
rxn:5:198417:229009:227859	Cn1ccc2ccc(-c3ccnc4cc(-c5cc(C6CC6)cs5)sc34)cc21	0.012014
rxn:5:198417:229009:227854	Cn1ccc2cc(-c3ccnc4cc(-c5cc(C6CC6)cs5)sc34)ccc21	0.012014
rxn:5:193466:229009:223390	C[C@@H]1CCCN1C(=O)c1ccc(-c2ccc3cc[nH]c3c2)cc1-c1cc(C2CC2)cs1	0.012009
rxn:5:193465:229009:223390	C[C@H]1CCCN1C(=O)c1cccc(-c2ccc3cc[nH]c3c2)c1-c1cc(C2CC2)cs1	0.012009
rxn:5:198620:226836:223421	CNC(C)c1ccc(-c2ccnc3ccc(-c4cn(C(C)C)nc4C(F)(F)F)cc23)s1	0.012004
rxn:5:179400:229272:225394	COc1ncc(-c2cc(C(=O)C3CC3)ccc2-c2cc(C3CCC3)cc(C3CC3)c2)s1	0.012003
rxn:5:198417:227637:227278	Cc1nn(-c2ccoc2)cc1-c1cc2nccc(-c3ccc(C4(C#N)CC4)nc3)c2s1	0.012003
rxn:5:182654:228597:227451	Cc1cccc(C#N)c1-c1ccc2ccsc2c1-c1ccc(C2CC2(F)F)cc1	0.011993
rxn:5:198417:223341:225508	Cn1nc(C2CC2)c2cc(-c3ccnc4cc(-c5ccc6c(c5)CC(=O)N6)sc34)ccc21	0.011989
rxn:5:199106:229286:226695	Cc1c(-c2ccn(C)c2)ccc2nccc(-c3ccc(-c4cncs4)cc3F)c12	0.011987
rxn:5:198748:228213:228574	Cc1ccc(-c2cc(-c3cc(-n4cccc4)cs3)c3ccncc3c2)c(C#N)c1	0.011984
rxn:5:194141:229270:228808	COC(=O)c1c[nH]c2cc(-c3cc(F)cc(SC)c3)c(-c3cnc(C#N)s3)cc12	0.011980
rxn:5:182656:223205:223271	CC(=O)Nc1cc(-c2c(-c3cc4c(C#N)cccc4[nH]3)ccc3ccoc23)ccc1F	0.011975
rxn:5:199106:229048:226200	Cc1c(-c2cnn3c2CCC3)ccc2nccc(-c3ccc4c(c3)ncn4C(C)C)c12	0.011974
rxn:5:199106:229283:226695	Cc1c(-c2ccncc2)ccc2nccc(-c3ccc(-c4cncs4)cc3F)c12	0.011969
rxn:5:198417:228716:226200	Cc1cc(-c2cc3nccc(-c4ccc5c(c4)ncn5C(C)C)c3s2)cnc1C#N	0.011969
rxn:5:198417:227384:227278	N#CC1(c2ccc(-c3ccnc4cc(-c5ccc(-n6ccnc6)cc5)sc34)cn2)CC1	0.011968
rxn:5:179400:225621:228821	Cc1cc(-c2cc(C(=O)C3CC3)ccc2-c2ccc(C)c(F)c2F)ccc1OC1CCOC1	0.011967
rxn:5:198417:227664:223411	Cc1cc(-c2cc3nccc(-c4cc5cccnc5[nH]4)c3s2)cc(C(F)(F)F)c1	0.011965
rxn:5:198417:227661:223411	Cc1cc(C(F)(F)F)ccc1-c1cc2nccc(-c3cc4cccnc4[nH]3)c2s1	0.011965
rxn:5:196189:223183:227425	CNS(=O)(=O)c1ccc(-c2ccc(C3=NCCO3)cc2-c2cccc(-c3cncs3)c2)c(C)c1	0.011965
rxn:5:198417:228529:226462	CCn1cnc2cc(-c3ccnc4cc(-c5ccc6c(c5)CCO6)sc34)c(F)cc21	0.011960
rxn:5:198417:228530:226462	CCn1cnc2cc(-c3ccnc4cc(-c5ccc6c(c5)OCC6)sc34)c(F)cc21	0.011960
rxn:5:194141:229270:225806	COC(=O)c1c[nH]c2cc(-c3cnc(OC4CCCC4)cc3F)c(-c3cnc(C#N)s3)cc12	0.011960
rxn:5:182650:223341:226462	CCn1cnc2cc(-c3cccc4cc(-c5ccc6c(c5)CC(=O)N6)sc34)c(F)cc21	0.011952
rxn:5:196348:229270:223164	Cc1sc(-c2ccc(-c3cc(F)c(F)c(NC4CC4)c3)cc2)nc1-c1cnc(C#N)s1	0.011952
rxn:5:199106:227398:229061	Cc1c(-c2cccnc2-c2ccco2)ccc2nccc(-c3cnn(C(C)C)c3)c12	0.011945
rxn:5:176993:229053:223000	CCCC(=O)c1ccc(-c2ccc(C3CCCNC3)c(F)c2)c(-c2ccc(COC)s2)c1	0.011940
rxn:5:198417:226930:223390	Cc1cccc2cc(-c3cc4nccc(-c5ccc6cc[nH]c6c5)c4s3)cnc12	0.011939
rxn:5:198748:226740:228574	Cc1ccc(-c2cc(-c3cccc(C(F)(F)F)c3C#N)c3ccncc3c2)c(C#N)c1	0.011938
rxn:5:194141:228714:226412	COC(=O)c1c[nH]c2cc(-c3cc(F)cc(N4CCCC4)c3)c(-c3cnc(C#N)cc3C)cc12	0.011937
rxn:5:194141:228711:226412	COC(=O)c1c[nH]c2cc(-c3cc(F)cc(N4CCCC4)c3)c(-c3cc(C)cnc3C#N)cc12	0.011937
rxn:5:194141:228718:226412	COC(=O)c1c[nH]c2cc(-c3cc(F)cc(N4CCCC4)c3)c(-c3cc(C#N)cnc3C)cc12	0.011937
rxn:5:194141:228719:226412	COC(=O)c1c[nH]c2cc(-c3cc(F)cc(N4CCCC4)c3)c(-c3cc(C#N)ncc3C)cc12	0.011937
rxn:5:198417:225805:223411	CC(c1ccc(-c2cc3nccc(-c4cc5cccnc5[nH]4)c3s2)s1)N1CCOCC1	0.011935
rxn:5:198748:226152:228574	COc1cc(C2CC2)cc(-c2cc(-c3ccc(C)cc3C#N)cc3cnccc23)c1C	0.011931
rxn:5:198911:227299:228332	COc1cc(SC)c(-c2cc3c(C)c[nH]c3cc2-c2cc(F)cc(CN(C)C)c2)cn1	0.011924
rxn:5:176594:228381:227636	CC(=O)COc1ccc(-c2c(F)cc(C#N)cc2F)c(-c2ccc(-c3cnccn3)s2)c1	0.011919
rxn:5:176594:228381:227633	CC(=O)COc1ccc(-c2c(F)cc(C#N)cc2F)c(-c2ccc(-c3ncccn3)s2)c1	0.011919
rxn:5:198911:228338:228332	COc1cc(SC)c(-c2cc3c(C)c[nH]c3cc2-c2cnc(OC3CCC3)s2)cn1	0.011918
rxn:5:198417:222958:227278	Cc1ccc(-c2cc3nccc(-c4ccc(C5(C#N)CC5)nc4)c3s2)cc1C1CCNCC1	0.011913
rxn:5:198417:222959:227278	Cc1cc(-c2cc3nccc(-c4ccc(C5(C#N)CC5)nc4)c3s2)ccc1C1CCNCC1	0.011913
rxn:5:198620:223238:223421	CNC(C)c1ccc(-c2ccnc3ccc(-c4cccc(-c5cn[nH]c5)c4)cc23)s1	0.011912
rxn:5:195792:227160:227115	Cc1cc(-c2c(-c3cccc4c(C)n(C)nc34)cncc2C2CC2)c(F)cc1C1CC1	0.011906
rxn:5:198417:228990:226927	CCCc1ccc(-c2cc3nccc(-c4c(C)c(C)c(C)c(C)c4C)c3s2)s1	0.011905
rxn:5:182654:226135:229008	Cc1cc(C#N)c(C2CC2)cc1-c1ccc2ccsc2c1-c1ccc(CF)cc1	0.011898
rxn:5:182654:226136:229008	Cc1cc(C#N)c(-c2ccc3ccsc3c2-c2ccc(CF)cc2)cc1C1CC1	0.011898
rxn:5:182654:226138:229008	Cc1cc(C#N)cc(C2CC2)c1-c1ccc2ccsc2c1-c1ccc(CF)cc1	0.011898
rxn:5:182654:228597:226915	Cc1cccc(C#N)c1-c1ccc2ccsc2c1-c1ccc(C2CCCC2)cc1	0.011897
rxn:5:194141:229270:225679	COC(=O)c1c[nH]c2cc(-c3ccc(N4CCCCC4)cc3F)c(-c3cnc(C#N)s3)cc12	0.011893
rxn:5:194141:229270:225666	COC(=O)c1c[nH]c2cc(-c3cc(F)cc(N4CCCCC4)c3)c(-c3cnc(C#N)s3)cc12	0.011893
rxn:5:198748:229009:227040	Cc1ccc(OC(C)C)c(-c2cc(-c3cc(C4CC4)cs3)c3ccncc3c2)c1	0.011879
rxn:5:198748:229009:227063	Cc1ccc(-c2cc(-c3cc(C4CC4)cs3)c3ccncc3c2)c(OC(C)C)c1	0.011879
rxn:5:182654:228597:227590	Cc1cccc(C#N)c1-c1ccc2ccsc2c1-c1ccc(CC(F)(F)F)cc1	0.011878
rxn:5:182654:228597:227563	Cc1cccc(C#N)c1-c1ccc2ccsc2c1-c1cccc(CC(F)(F)F)c1	0.011878
rxn:5:182816:228977:228435	CSc1ccc(F)c(F)c1-c1cccc2c(-c3ccc4c(c3)CC4)cccc12	0.011876
rxn:5:182820:228977:228435	CSc1ccc(F)c(F)c1-c1cccc2cccc(-c3ccc4c(c3)CC4)c12	0.011876
rxn:5:194141:229270:228332	COC(=O)c1c[nH]c2cc(-c3cnc(OC)cc3SC)c(-c3cnc(C#N)s3)cc12	0.011867
rxn:5:198417:223249:226200	CC(C)n1cnc2cc(-c3ccnc4cc(-c5ccc6nc[nH]c(=O)c6c5)sc34)ccc21	0.011866
rxn:5:181071:226958:228435	COc1cccc(-c2c(SC)ccc(F)c2F)c1-c1ccc2ccc(C)nc2c1	0.011866
rxn:5:198417:223251:226200	CC(C)n1cnc2cc(-c3ccnc4cc(-c5ccc6c(c5)OCC(=O)N6)sc34)ccc21	0.011865
rxn:5:198417:223250:226200	CC(C)n1cnc2cc(-c3ccnc4cc(-c5ccc6c(c5)NC(=O)CO6)sc34)ccc21	0.011865
rxn:5:198620:226950:223421	CNC(C)c1ccc(-c2ccnc3ccc(-c4cc(C)c5ncccc5c4)cc23)s1	0.011865
rxn:5:193154:223341:226200	CC(C)n1cnc2cc(-c3cc(-c4ccc5c(c4)CC(=O)N5)ccc3CN3CCCC3)ccc21	0.011858
rxn:5:196189:223183:226162	CNS(=O)(=O)c1ccc(-c2ccc(C3=NCCO3)cc2-c2ccc(-c3cccnc3)cc2)c(C)c1	0.011855
rxn:5:198748:227638:228574	Cc1ccc(-c2cc(-c3cc(-c4ncccn4)cs3)c3ccncc3c2)c(C#N)c1	0.011852
rxn:5:198748:227630:228574	Cc1ccc(-c2cc(-c3cc(-c4cnccn4)cs3)c3ccncc3c2)c(C#N)c1	0.011852
rxn:5:176594:228381:227616	CC(=O)COc1ccc(-c2c(F)cc(C#N)cc2F)c(-c2ccc(-n3cc(C)cn3)s2)c1	0.011845
rxn:5:176594:228381:227618	CC(=O)COc1ccc(-c2c(F)cc(C#N)cc2F)c(-c2ccc(-n3cnc(C)c3)s2)c1	0.011845
rxn:5:176594:228381:227621	CC(=O)COc1ccc(-c2c(F)cc(C#N)cc2F)c(-c2ccc(-n3ccnc3C)s2)c1	0.011845
rxn:5:199106:228878:226200	Cc1c(-c2cnn(C3COC3)c2)ccc2nccc(-c3ccc4c(c3)ncn4C(C)C)c12	0.011839
rxn:5:182656:223237:223271	CC(=O)Nc1cc(-c2c(-c3[nH]ncc3-c3ccccc3)ccc3ccoc23)ccc1F	0.011836
rxn:5:198417:229009:227663	Cc1ccc(-c2ccnc3cc(-c4cc(C5CC5)cs4)sc23)cc1C(F)(F)F	0.011834
rxn:5:198417:223390:226462	CCn1cnc2cc(-c3ccnc4cc(-c5ccc6cc[nH]c6c5)sc34)c(F)cc21	0.011832
rxn:5:179883:229272:228821	COc1ncc(-c2cc(C(=O)c3ccccc3)ccc2-c2ccc(C)c(F)c2F)s1	0.011831
rxn:5:179879:229272:228821	COc1ncc(-c2ccc(C(=O)c3ccccc3-c3ccc(C)c(F)c3F)cc2)s1	0.011831
rxn:5:176993:228228:223000	CCCC(=O)c1ccc(-c2ccc(C3CCCNC3)c(F)c2)c(-c2c(C)cnc(OC)c2C)c1	0.011828
rxn:5:182814:223341:226462	CCn1cnc2cc(-c3c(-c4ccc5c(c4)CC(=O)N5)ccc4ccccc34)c(F)cc21	0.011821
rxn:5:198748:229009:226132	Cc1cc(C2(C#N)CC2)ccc1-c1cc(-c2cc(C3CC3)cs2)c2ccncc2c1	0.011819
rxn:5:178121:228977:228435	CSc1ccc(F)c(F)c1-c1cccc(OCC2CCOCC2)c1-c1ccc2c(c1)CC2	0.011817
rxn:5:194245:229296:226200	COC(=O)c1cnc(-c2ccc3c(c2)ncn3C(C)C)c2ccc(-c3cnn(C)c3)cc12	0.011815
rxn:5:190532:228259:229270	CCOC(=O)c1sc2c(-c3cc(C)cc(OC)c3F)nccc2c1-c1cnc(C#N)s1	0.011814
rxn:5:199062:228977:228435	CSc1ccc(F)c(F)c1-c1ccc2c(-c3ccc4c(c3)CC4)ccnc2c1C	0.011808
rxn:5:196242:228040:227115	Cc1cc(-c2nccc(C3CCC3)c2-c2ccnc3ccncc23)c(F)cc1C1CC1	0.011804
rxn:5:196240:228040:227115	Cc1cc(-c2cc(-c3ccnc4ccncc34)ncc2C2CCC2)c(F)cc1C1CC1	0.011804
rxn:5:198911:225637:228332	COc1cc(SC)c(-c2cc3c(C)c[nH]c3cc2-c2ccccc2N2CCN(C)CC2)cn1	0.011802
rxn:5:182654:228597:226910	CCC(C)(C)c1ccc(-c2c(-c3c(C)cccc3C#N)ccc3ccsc23)cc1	0.011801
rxn:5:194141:229270:225464	COC(=O)c1c[nH]c2cc(-c3cccc(N4CCCC(C)C4)c3)c(-c3cnc(C#N)s3)cc12	0.011801
rxn:5:194141:229270:225470	COC(=O)c1c[nH]c2cc(-c3ccc(N4CCC(C)CC4)cc3)c(-c3cnc(C#N)s3)cc12	0.011801
rxn:5:194141:229270:225462	COC(=O)c1c[nH]c2cc(-c3cccc(N4CCC(C)CC4)c3)c(-c3cnc(C#N)s3)cc12	0.011801
rxn:5:198417:229009:228539	c1cc(-c2ccc3ccsc3c2)c2sc(-c3cc(C4CC4)cs3)cc2n1	0.011800
rxn:5:198417:229009:228532	c1cc(-c2ccc3sccc3c2)c2sc(-c3cc(C4CC4)cs3)cc2n1	0.011800
rxn:5:192653:228597:229008	Cc1cccc(C#N)c1-c1ccc(C(=O)c2ccccc2-c2ccc(CF)cc2)cn1	0.011798
rxn:5:179400:227496:223000	CCN(C)c1cc(F)c(-c2cc(C(=O)C3CC3)ccc2-c2ccc(C3CCCNC3)c(F)c2)cn1	0.011796
rxn:5:198417:228541:226462	CCn1cnc2cc(-c3ccnc4cc(-c5ccc6c(c5)COC6)sc34)c(F)cc21	0.011793
rxn:5:176594:225417:229311	CCOc1ccc2ccccc2c1-c1ccc(OCC(C)=O)cc1-c1cnc(C)s1	0.011791
rxn:5:198417:223251:226442	Cc1nc(-c2ccco2)ccc1-c1ccnc2cc(-c3ccc4c(c3)OCC(=O)N4)sc12	0.011790
rxn:5:198417:228977:226200	CC(C)n1cnc2cc(-c3ccnc4cc(-c5ccc6c(c5)CC6)sc34)ccc21	0.011789
rxn:5:194141:229231:226412	CCc1ncc(-c2cc3c(C(=O)OC)c[nH]c3cc2-c2cc(F)cc(N3CCCC3)c2)s1	0.011785
rxn:5:195324:227034:226771	COC(=O)c1cc(F)c(F)cc1-c1nc(SC)ccc1-c1c(C#N)cccc1C1CC1	0.011782
rxn:5:180568:223397:227278	COC(=O)c1sc2cccc(-c3ccc(C4(C#N)CC4)nc3)c2c1-c1ccc2c(c1)CCN2	0.011780
rxn:5:182637:228338:227668	COc1c(F)cc(-c2cc3ccoc3cc2-c2cnc(OC3CCC3)s2)c(C)c1F	0.011779
rxn:5:198474:228040:227115	Cc1cc(-c2cc(-c3ccnc4ccncc34)cc3ocnc23)c(F)cc1C1CC1	0.011772
rxn:5:198748:226375:228574	Cc1ccc(-c2cc(-c3cccc(-c4nccn4C)c3)c3ccncc3c2)c(C#N)c1	0.011772
rxn:5:182654:228597:227048	Cc1cccc(C#N)c1-c1ccc2ccsc2c1-c1ccc(C(=O)C(C)C)cc1	0.011770
rxn:5:179400:226145:228821	Cc1ccc(-c2ccc(C(=O)C3CC3)cc2-c2ccc(OC3CCCC3)cc2)c(F)c1F	0.011768
rxn:5:198417:228386:223390	c1csc(-c2csc(-c3cc4nccc(-c5ccc6cc[nH]c6c5)c4s3)c2)n1	0.011766
rxn:5:198417:228240:223411	c1csc(-c2ccc(-c3cc4nccc(-c5cc6cccnc6[nH]5)c4s3)s2)c1	0.011766
rxn:5:177732:229009:223390	CC(C)(C)OC(=O)c1ccc(-c2cc(C3CC3)cs2)c(-c2ccc3cc[nH]c3c2)c1	0.011764
rxn:5:182654:228597:226164	Cc1cccc(C#N)c1-c1ccc2ccsc2c1-c1ccc(N2CCCCC2)cc1	0.011762
rxn:5:198417:223251:226156	O=C1COc2cc(-c3cc4nccc(-c5ccc(-c6ccccc6)nc5)c4s3)ccc2N1	0.011755
rxn:5:198417:223342:226200	CC(C)n1cnc2cc(-c3ccnc4cc(-c5ccc6c(c5)OCCN6)sc34)ccc21	0.011754
rxn:5:198417:223340:226200	CC(C)n1cnc2cc(-c3ccnc4cc(-c5ccc6c(c5)NCCO6)sc34)ccc21	0.011754
rxn:5:198417:223341:225704	CCn1c(C)nc2cc(-c3ccnc4cc(-c5ccc6c(c5)CC(=O)N6)sc34)c(F)cc21	0.011751
rxn:5:181071:228263:228435	COc1cccc(-c2c(SC)ccc(F)c2F)c1-c1ccc(C(C)(F)F)cc1	0.011746
rxn:5:179756:228597:229008	Cc1cccc(C#N)c1-c1ccccc1Oc1cccc(-c2ccc(CF)cc2)c1	0.011746
rxn:5:194141:228292:226412	COC(=O)c1c[nH]c2cc(-c3cc(F)cc(N4CCCC4)c3)c(-c3ccnc4c3OCCO4)cc12	0.011745
rxn:5:196765:229296:226200	Cc1cc(-c2ccnc(-c3ccc4c(c3)ncn4C(C)C)c2)ccc1-c1cnn(C)c1	0.011742
rxn:5:179400:228964:223000	COC(=O)c1ncc(-c2cc(C(=O)C3CC3)ccc2-c2ccc(C3CCCNC3)c(F)c2)s1	0.011740
rxn:5:176594:228381:226398	CC(=O)COc1ccc(-c2c(F)cc(C#N)cc2F)c(-c2cccc(-n3ccnc3C)c2)c1	0.011734
rxn:5:198748:226137:228574	Cc1ccc(-c2cc(-c3cc(C4CC4)cnc3C(C)C)c3ccncc3c2)c(C#N)c1	0.011728
rxn:5:198748:226179:228574	Cc1ccc(-c2cc(-c3cncc(C4CCCCC4)c3)c3ccncc3c2)c(C#N)c1	0.011727
rxn:5:182654:228003:229008	CSc1cc(C)c(-c2ccc3ccsc3c2-c2ccc(CF)cc2)c(C)c1	0.011726
rxn:5:198748:229009:226926	Cc1cc(C(C)(C)C)ccc1-c1cc(-c2cc(C3CC3)cs2)c2ccncc2c1	0.011725
rxn:5:198417:228016:223390	c1cc(-c2ccc3cc[nH]c3c2)c2sc(-c3cc(C4CCCC4)cs3)cc2n1	0.011725
rxn:5:181076:228888:226050	CSc1cc(-c2cc(C#N)ncc2F)cc(-c2c(F)cc(OC(F)(F)F)cc2F)c1	0.011721
rxn:5:182654:228597:227846	Cc1cccc(C#N)c1-c1ccc2ccsc2c1-c1cn(C)c2ccccc12	0.011716
rxn:5:194141:229270:226964	COC(=O)c1c[nH]c2cc(-c3ccc4cc(F)ccc4c3)c(-c3cnc(C#N)s3)cc12	0.011716
rxn:5:196799:229009:228574	Cc1ccc(-c2cc(-c3ccc(C)nc3)cc(-c3cc(C4CC4)cs3)c2)c(C#N)c1	0.011716
rxn:5:196797:229009:228574	Cc1ccc(-c2cc(-c3cc(C4CC4)cs3)cc(-c3cnccc3C)c2)c(C#N)c1	0.011716
rxn:5:198417:228990:227662	CCCc1ccc(-c2cc3nccc(-c4ccc(C)cc4C(F)(F)F)c3s2)s1	0.011714
rxn:5:199106:229208:226200	Cc1cncc(-c2ccc3nccc(-c4ccc5c(c4)ncn5C(C)C)c3c2C)c1	0.011712
rxn:5:199106:229210:226200	Cc1ccc(-c2ccc3nccc(-c4ccc5c(c4)ncn5C(C)C)c3c2C)cn1	0.011712
rxn:5:194139:229270:228332	COc1cc(SC)c(-c2cc3[nH]cc(OC(C)=O)c3cc2-c2cnc(C#N)s2)cn1	0.011711
rxn:5:195792:228040:226190	Fc1cc(C2CCCC2)ccc1-c1c(-c2ccnc3ccncc23)cncc1C1CC1	0.011709
rxn:5:195792:228040:226191	Fc1ccc(C2CCCC2)cc1-c1c(-c2ccnc3ccncc23)cncc1C1CC1	0.011709
rxn:5:195792:228040:226189	Fc1cc(-c2c(-c3ccnc4ccncc34)cncc2C2CC2)ccc1C1CCCC1	0.011709
rxn:5:182637:228211:227668	COc1c(F)cc(-c2cc3ccoc3cc2-c2cc(N3CCCC3)cs2)c(C)c1F	0.011706
rxn:5:198417:228326:226462	CCn1cnc2cc(-c3ccnc4cc(-c5cc(OC)nc(OC)c5)sc34)c(F)cc21	0.011705
rxn:5:181741:226412:229270	N#Cc1ncc(-c2ccccc2-c2ccccc2-c2cc(F)cc(N3CCCC3)c2)s1	0.011703
rxn:5:195792:227391:227115	Cc1cc(-c2c(-c3ccccc3-n3ccnc3)cncc2C2CC2)c(F)cc1C1CC1	0.011699
rxn:5:195792:228040:226975	Fc1cc2ccccc2cc1-c1c(-c2ccnc3ccncc23)cncc1C1CC1	0.011699
rxn:5:181071:228417:228435	COc1cccc(-c2c(SC)ccc(F)c2F)c1-c1ccc(F)c(C(F)F)c1	0.011698
rxn:5:181071:228434:228435	COc1cccc(-c2c(SC)ccc(F)c2F)c1-c1ccc(C(F)F)c(F)c1	0.011698
rxn:5:198748:226376:228574	Cc1ccc(-c2cc(-c3cnc(-c4ccccc4)nc3)c3ccncc3c2)c(C#N)c1	0.011697
rxn:5:181071:227648:228435	COc1cccc(-c2c(SC)ccc(F)c2F)c1-c1ccnc(-c2cncs2)c1	0.011695
rxn:5:198417:229045:226462	CCn1cnc2cc(-c3ccnc4cc(-c5cc(C)cc(F)c5)sc34)c(F)cc21	0.011693
rxn:5:194141:229270:225455	COC(=O)c1c[nH]c2cc(-c3cc(N4CCCCC4)ccc3C)c(-c3cnc(C#N)s3)cc12	0.011691
rxn:5:194141:229270:225461	COC(=O)c1c[nH]c2cc(-c3ccc(N4CCCCC4)cc3C)c(-c3cnc(C#N)s3)cc12	0.011691
rxn:5:198911:229270:225479	Cc1c[nH]c2cc(-c3cnc(C#N)s3)c(-c3ccc(-c4ccccc4)c(F)c3)cc12	0.011688
rxn:5:181742:227034:229057	N#Cc1cccc(C2CC2)c1-c1ccccc1-c1cccc(-c2cnn(C3CC3)c2)c1	0.011687
rxn:5:198513:228830:223164	Cc1c(F)ccc(-c2cc3cc[nH]c3cc2-c2cc(F)c(F)c(NC3CC3)c2)c1F	0.011683
rxn:5:198513:228359:223164	Fc1cc(-c2cc3[nH]ccc3cc2-c2cnn(-c3ccco3)c2)cc(NC2CC2)c1F	0.011683
rxn:5:198417:227404:223390	c1cc(-c2ccc3cc[nH]c3c2)c2sc(-c3cc(N4CCCCC4)cs3)cc2n1	0.011683
rxn:5:198748:229009:226133	Cc1c(C#N)cc(C2CC2)cc1-c1cc(-c2cc(C3CC3)cs2)c2ccncc2c1	0.011679
rxn:5:198748:229009:226136	Cc1cc(C#N)c(-c2cc(-c3cc(C4CC4)cs3)c3ccncc3c2)cc1C1CC1	0.011679
rxn:5:198748:229009:226135	Cc1cc(C#N)c(C2CC2)cc1-c1cc(-c2cc(C3CC3)cs2)c2ccncc2c1	0.011679
rxn:5:194141:229270:225438	COC(=O)c1c[nH]c2cc(-c3ccc(C(C)N4CCCC4)cc3)c(-c3cnc(C#N)s3)cc12	0.011679
rxn:5:176993:229272:226390	CCCC(=O)c1ccc(-c2cccc(-c3cncnc3)c2)c(-c2cnc(OC)s2)c1	0.011677
rxn:5:196405:229270:226593	CC(C)Oc1ccc(F)c(-c2ccccc2-c2cncc(-c3cnc(C#N)s3)c2)c1F	0.011664
rxn:5:196334:229270:226593	CC(C)Oc1ccc(F)c(-c2ccc(-c3ccc(-c4cnc(C#N)s4)nc3)cc2)c1F	0.011664
rxn:5:197123:228977:228435	COc1ccc2nc(-c3c(SC)ccc(F)c3F)sc2c1-c1ccc2c(c1)CC2	0.011662
rxn:5:180569:228597:229008	COC(=O)c1cc2ccc(-c3c(C)cccc3C#N)c(-c3ccc(CF)cc3)c2s1	0.011658
rxn:5:179400:227150:228821	Cc1ccc(-c2ccc(C(=O)C3CC3)cc2-c2cc(C)c3c(cnn3C)c2)c(F)c1F	0.011650
rxn:5:198417:223341:226895	O=C1Cc2cc(-c3cc4nccc(-c5cc(F)c(C(F)(F)F)cc5F)c4s3)ccc2N1	0.011649
rxn:5:199090:223341:226462	CCn1cnc2cc(-c3ccnc4cc(C)c(-c5ccc6c(c5)CC(=O)N6)cc34)c(F)cc21	0.011642
rxn:5:199089:223341:226462	CCn1cnc2cc(-c3ccnc4c(C)cc(-c5ccc6c(c5)CC(=O)N6)cc34)c(F)cc21	0.011642
rxn:5:199092:223341:226462	CCn1cnc2cc(-c3ccnc4c(-c5ccc6c(c5)CC(=O)N6)cc(C)cc34)c(F)cc21	0.011642
rxn:5:199055:223341:226462	CCn1cnc2cc(-c3cc(C)c4ccc(-c5ccc6c(c5)CC(=O)N6)cc4n3)c(F)cc21	0.011642
rxn:5:199105:223341:226462	CCn1cnc2cc(-c3cc4ccc(-c5ccc6c(c5)CC(=O)N6)cc4c(C)n3)c(F)cc21	0.011642
rxn:5:199091:223341:226462	CCn1cnc2cc(-c3ccnc4cc(-c5ccc6c(c5)CC(=O)N6)c(C)cc34)c(F)cc21	0.011642
rxn:5:199106:223341:226462	CCn1cnc2cc(-c3ccnc4ccc(-c5ccc6c(c5)CC(=O)N6)c(C)c34)c(F)cc21	0.011642
rxn:5:199060:223341:226462	CCn1cnc2cc(-c3cc4nccc(-c5ccc6c(c5)CC(=O)N6)c4cc3C)c(F)cc21	0.011642
rxn:5:198748:229009:226325	CC(C)(C#N)c1ccc(-c2cc(-c3cc(C4CC4)cs3)c3ccncc3c2)c(F)c1	0.011632
rxn:5:190583:229270:226412	CCOC(=O)c1cc2cc(-c3cnc(C#N)s3)c(-c3cc(F)cc(N4CCCC4)c3)cc2[nH]1	0.011631
rxn:5:199106:226182:229061	Cc1c(-c2cccnc2C2CCCCC2)ccc2nccc(-c3cnn(C(C)C)c3)c12	0.011624
rxn:5:198417:228990:227059	CCCc1ccc(-c2cc3nccc(-c4ccc(OC)c(C(C)C)c4)c3s2)s1	0.011623
rxn:5:182654:228597:227926	Cc1cccc(C#N)c1-c1ccc2ccsc2c1-c1ccc(SC(C)C)cc1	0.011622
rxn:5:182656:228127:226409	COc1cccc(C#N)c1-c1ccc2ccoc2c1-c1cn(-c2ccccc2)nc1C	0.011617
rxn:5:196354:229009:223390	c1cc(-c2cc(C3CC3)cs2)nc(-c2ccccc2-c2ccc3cc[nH]c3c2)c1	0.011615
rxn:5:196337:229009:223390	c1cc(-c2ccc(-c3ccc4cc[nH]c4c3)cc2)cc(-c2cc(C3CC3)cs2)n1	0.011615
rxn:5:179840:228411:227641	COc1ccc(-c2ccc(O[C@@H]3CCOC3)cc2-c2cn(-c3ccco3)nc2C)c(F)c1F	0.011615
rxn:5:198417:226843:227278	N#CC1(c2ccc(-c3ccnc4cc(-c5ccc(C(=O)C(F)(F)F)nc5)sc34)cn2)CC1	0.011614
rxn:5:197521:226412:229270	CC(=O)c1cnc2ccc(-c3cc(F)cc(N4CCCC4)c3)cc2c1-c1cnc(C#N)s1	0.011610
rxn:5:198417:223216:226462	CCn1cnc2cc(-c3ccnc4cc(-c5ccc6c(c5)CCC(=O)N6)sc34)c(F)cc21	0.011608
rxn:5:198417:223215:226462	CCn1cnc2cc(-c3ccnc4cc(-c5ccc6c(c5)NC(=O)CC6)sc34)c(F)cc21	0.011608
rxn:5:182656:223210:223271	COc1cccc2[nH]c(-c3ccc4ccoc4c3-c3ccc(F)c(NC(C)=O)c3)cc12	0.011607
rxn:5:182656:223209:223271	COc1cccc2cc(-c3ccc4ccoc4c3-c3ccc(F)c(NC(C)=O)c3)[nH]c12	0.011607
rxn:5:182656:228127:227748	COc1cccc(C#N)c1-c1ccc2ccoc2c1-c1ccc(F)c(C(F)(F)F)c1	0.011607
rxn:5:182656:228127:227745	COc1cccc(C#N)c1-c1ccc2ccoc2c1-c1ccc(C(F)(F)F)c(F)c1	0.011607
rxn:5:182656:228127:225595	COc1cccc(C#N)c1-c1ccc2ccoc2c1-c1ccc(F)c(CN2CCCC2)c1	0.011606
rxn:5:198748:229009:226172	Cc1ccc(N2CCCC2)cc1-c1cc(-c2cc(C3CC3)cs2)c2ccncc2c1	0.011598
rxn:5:177496:228411:229311	COc1ccc(-c2ccc(OCc3ccccc3)cc2-c2cnc(C)s2)c(F)c1F	0.011595
rxn:5:198417:223319:226462	CCn1cnc2cc(-c3ccnc4cc(-c5cc(C)c6[nH]ncc6c5)sc34)c(F)cc21	0.011590
rxn:5:198417:227117:223390	Cc1cc(C2CC2)cc(-c2cc3nccc(-c4ccc5cc[nH]c5c4)c3s2)c1F	0.011589
rxn:5:198417:227100:223390	Cc1cc(C2CC2)cc(F)c1-c1cc2nccc(-c3ccc4cc[nH]c4c3)c2s1	0.011589
rxn:5:199106:226594:229061	Cc1c(-c2c(F)cc(OC(C)C)cc2F)ccc2nccc(-c3cnn(C(C)C)c3)c12	0.011583
rxn:5:198748:229009:227662	Cc1ccc(-c2cc(-c3cc(C4CC4)cs3)c3ccncc3c2)c(C(F)(F)F)c1	0.011581
rxn:5:198748:229009:227677	Cc1ccc(C(F)(F)F)c(-c2cc(-c3cc(C4CC4)cs3)c3ccncc3c2)c1	0.011581
rxn:5:189126:228597:229008	Cc1cccc(C#N)c1-c1ncc(OCc2ccccc2)cc1-c1ccc(CF)cc1	0.011581
rxn:5:194141:229270:225606	COC(=O)c1c[nH]c2cc(-c3cccc(C(=O)n4cccc4)c3)c(-c3cnc(C#N)s3)cc12	0.011580
rxn:5:180402:229272:223000	COc1ncc(-c2ccc(C(=O)C3CCCCC3)c(-c3ccc(C4CCCNC4)c(F)c3)c2)s1	0.011575
rxn:5:194246:223464:226695	COC(=O)c1nc2ccccc2c(-c2ccc(-c3cncs3)cc2F)c1-c1cc[nH]c1	0.011574
rxn:5:194141:229270:226434	COC(=O)c1c[nH]c2cc(-c3cc(F)cc(-n4cccc4)c3)c(-c3cnc(C#N)s3)cc12	0.011568
rxn:5:182637:228802:227668	COc1c(F)cc(-c2cc3ccoc3cc2-c2ccccc2C(F)F)c(C)c1F	0.011567
rxn:5:198417:228990:225931	CCCc1ccc(-c2cc3nccc(-c4cc(C)cc(S(=O)(=O)N(C)C)c4)c3s2)s1	0.011562
rxn:5:194141:229270:227405	COC(=O)c1c[nH]c2cc(-c3ccc(-c4cccs4)nc3)c(-c3cnc(C#N)s3)cc12	0.011561
rxn:5:194270:227034:229057	CCOc1ccc2ncc(-c3c(C#N)cccc3C3CC3)c(-c3cnn(C4CC4)c3)c2c1	0.011558
rxn:5:198417:226922:223390	Cc1cc(C2CC2)cc(C)c1-c1cc2nccc(-c3ccc4cc[nH]c4c3)c2s1	0.011555
rxn:5:199275:229009:223390	Cc1cc(-c2ccc3cc[nH]c3c2)nc2c(C)c(-c3cc(C4CC4)cs3)ccc12	0.011555
rxn:5:198417:226925:223390	Cc1cc(C2CC2)cc(-c2cc3nccc(-c4ccc5cc[nH]c5c4)c3s2)c1C	0.011555
rxn:5:194141:229270:225472	COC(=O)c1c[nH]c2cc(-c3cccc(N4CCCCC4C)c3)c(-c3cnc(C#N)s3)cc12	0.011551
rxn:5:194141:228964:226412	COC(=O)c1ncc(-c2cc3c(C(=O)OC)c[nH]c3cc2-c2cc(F)cc(N3CCCC3)c2)s1	0.011550
rxn:5:196765:223464:226695	Cc1cc(-c2ccnc(-c3ccc(-c4cncs4)cc3F)c2)ccc1-c1cc[nH]c1	0.011549
rxn:5:199106:229067:226200	CCc1ncc(-c2ccc3nccc(-c4ccc5c(c4)ncn5C(C)C)c3c2C)cn1	0.011545
rxn:5:198417:226913:223390	CCc1cc(-c2cc3nccc(-c4ccc5cc[nH]c5c4)c3s2)cc(C2CC2)c1	0.011544
rxn:5:182654:228597:228344	Cc1cccc(C#N)c1-c1ccc2ccsc2c1-c1ccc(SC(F)F)cc1	0.011543
rxn:5:198417:227410:223390	c1cc(-c2csc(-c3cc4nccc(-c5ccc6cc[nH]c6c5)c4s3)c2)ccn1	0.011542
rxn:5:198417:227422:223390	c1cncc(-c2csc(-c3cc4nccc(-c5ccc6cc[nH]c6c5)c4s3)c2)c1	0.011542
rxn:5:198417:227099:223411	c1ccc(-c2ccc(-c3cc4nccc(-c5cc6cccnc6[nH]5)c4s3)s2)cc1	0.011542
rxn:5:198748:229009:226742	N#Cc1ccc(-c2cc(-c3cc(C4CC4)cs3)c3ccncc3c2)c(C(F)(F)F)c1	0.011541
rxn:5:198748:229009:226732	N#Cc1ccc(-c2cc(-c3cc(C4CC4)cs3)c3ccncc3c2)cc1C(F)(F)F	0.011541
rxn:5:198748:229009:226737	N#Cc1cc(-c2cc(-c3cc(C4CC4)cs3)c3ccncc3c2)ccc1C(F)(F)F	0.011541
rxn:5:198748:229009:226736	N#Cc1cc(C(F)(F)F)ccc1-c1cc(-c2cc(C3CC3)cs2)c2ccncc2c1	0.011541
rxn:5:198748:229009:226741	N#Cc1ccc(C(F)(F)F)cc1-c1cc(-c2cc(C3CC3)cs2)c2ccncc2c1	0.011541
rxn:5:181742:229272:223000	COc1ncc(-c2ccccc2-c2cccc(-c3ccc(C4CCCNC4)c(F)c3)c2)s1	0.011540
rxn:5:198417:223341:223016	COC(=O)c1cc(-c2ccnc3cc(-c4ccc5c(c4)CC(=O)N5)sc23)cc2[nH]ccc12	0.011536
rxn:5:198417:226133:223390	Cc1c(C#N)cc(C2CC2)cc1-c1cc2nccc(-c3ccc4cc[nH]c4c3)c2s1	0.011527
rxn:5:198748:227119:228574	Cc1ccc(-c2cc(-c3cc(C4CCCCC4)cs3)c3ccncc3c2)c(C#N)c1	0.011527
rxn:5:182654:228597:226174	Cc1cccc(C#N)c1-c1ccc2ccsc2c1-c1ccc(C2CCCCC2)nc1	0.011527
rxn:5:181282:225392:223263	CCc1ccc(-c2cc(C(=O)NC)ccc2F)c(-c2cccc(Cc3ccccc3)c2)c1	0.011516
rxn:5:194237:229270:226412	COC(=O)c1cc(-c2cc(F)cc(N3CCCC3)c2)nc2c(-c3cnc(C#N)s3)cccc12	0.011513
rxn:5:194234:229270:226412	COC(=O)c1cc(-c2cc(F)cc(N3CCCC3)c2)nc2ccc(-c3cnc(C#N)s3)cc12	0.011513
rxn:5:194235:229270:226412	COC(=O)c1cc(-c2cc(F)cc(N3CCCC3)c2)c2cccc(-c3cnc(C#N)s3)c2n1	0.011513
rxn:5:194232:229270:226412	COC(=O)c1cc(-c2cc(F)cc(N3CCCC3)c2)c2cc(-c3cnc(C#N)s3)ccc2n1	0.011513
rxn:5:194241:229270:226412	COC(=O)c1cc(-c2cc(F)cc(N3CCCC3)c2)c2c(-c3cnc(C#N)s3)cccc2n1	0.011513
rxn:5:194242:229270:226412	COC(=O)c1cc(-c2cc(F)cc(N3CCCC3)c2)c2ccc(-c3cnc(C#N)s3)cc2n1	0.011513
rxn:5:194233:229270:226412	COC(=O)c1cc(-c2cnc(C#N)s2)cc2c(-c3cc(F)cc(N4CCCC4)c3)ccnc12	0.011513
rxn:5:194238:229270:226412	COC(=O)c1cc2cc(-c3cnc(C#N)s3)ccc2nc1-c1cc(F)cc(N2CCCC2)c1	0.011513
rxn:5:194240:229270:226412	COC(=O)c1cc2ccc(-c3cnc(C#N)s3)cc2nc1-c1cc(F)cc(N2CCCC2)c1	0.011513
rxn:5:194239:229270:226412	COC(=O)c1cc2c(-c3cnc(C#N)s3)cccc2c(-c2cc(F)cc(N3CCCC3)c2)n1	0.011513
rxn:5:194245:229270:226412	COC(=O)c1cnc(-c2cc(F)cc(N3CCCC3)c2)c2ccc(-c3cnc(C#N)s3)cc12	0.011513
rxn:5:199106:228818:226200	Cc1cc(-c2ccc3nccc(-c4ccc5c(c4)ncn5C(C)C)c3c2C)cn(C)c1=O	0.011511
rxn:5:198748:229009:225577	N#Cc1cc(N2CCCC2)ccc1-c1cc(-c2cc(C3CC3)cs2)c2ccncc2c1	0.011509
rxn:5:198748:229009:225576	N#Cc1cc(-c2cc(-c3cc(C4CC4)cs3)c3ccncc3c2)ccc1N1CCCC1	0.011509
rxn:5:197125:228259:227491	COc1cc(-c2cnc(OC3CCC3)nc2)c2nc(-c3cc(C)cc(OC)c3F)sc2c1	0.011507
rxn:5:198417:223217:226462	CCn1cnc2cc(-c3ccnc4cc(-c5ccc6c(=O)[nH]ccc6c5)sc34)c(F)cc21	0.011505
rxn:5:176993:229272:225821	CCCC(=O)c1ccc(-c2ccc(C3CC3)c(C(F)(F)F)c2)c(-c2cnc(OC)s2)c1	0.011504
rxn:5:176993:229272:225817	CCCC(=O)c1ccc(-c2ccc(C(F)(F)F)c(C3CC3)c2)c(-c2cnc(OC)s2)c1	0.011504
rxn:5:198417:229009:227805	c1ccc2cc(-c3ccnc4cc(-c5cc(C6CC6)cs5)sc34)ccc2c1	0.011503
rxn:5:198620:225611:223421	CNC(C)c1ccc(-c2ccnc3ccc(-c4ccc(N5CCCC5)cc4OC)cc23)s1	0.011502
rxn:5:195792:228040:225938	FC(F)(F)c1cc(-c2c(-c3ccnc4ccncc34)cncc2C2CC2)c(C2CC2)cn1	0.011501
rxn:5:199106:229148:226200	Cc1c(-c2cnn(CCF)c2)ccc2nccc(-c3ccc4c(c3)ncn4C(C)C)c12	0.011497
rxn:5:176993:229272:225498	CCCC(=O)c1ccc(-c2cc(C3CCCCC3)ccc2F)c(-c2cnc(OC)s2)c1	0.011492
rxn:5:176993:229272:225499	CCCC(=O)c1ccc(-c2ccc(C3CCCCC3)cc2F)c(-c2cnc(OC)s2)c1	0.011492
rxn:5:197412:228977:228435	COc1cccc2c(-c3ccc4c(c3)CC4)cnc(-c3c(SC)ccc(F)c3F)c12	0.011491
rxn:5:197413:228977:228435	COc1cc2c(-c3ccc4c(c3)CC4)ccnc2cc1-c1c(SC)ccc(F)c1F	0.011491
rxn:5:197420:228977:228435	COc1ccc(-c2ccc3c(c2)CC3)c2nccc(-c3c(SC)ccc(F)c3F)c12	0.011491
rxn:5:197453:228977:228435	COc1cc2ncc(-c3ccc4c(c3)CC4)cc2cc1-c1c(SC)ccc(F)c1F	0.011491
rxn:5:197410:228977:228435	COc1cccc2c(-c3c(SC)ccc(F)c3F)ncc(-c3ccc4c(c3)CC4)c12	0.011491
rxn:5:197417:228977:228435	COc1cccc2c(-c3c(SC)ccc(F)c3F)c(-c3ccc4c(c3)CC4)cnc12	0.011491
rxn:5:197414:228977:228435	COc1ccc(-c2c(SC)ccc(F)c2F)c2nccc(-c3ccc4c(c3)CC4)c12	0.011491
rxn:5:197409:228977:228435	COc1cc2nccc(-c3c(SC)ccc(F)c3F)c2cc1-c1ccc2c(c1)CC2	0.011491
rxn:5:197430:228977:228435	COc1cc2c(-c3c(SC)ccc(F)c3F)ccnc2cc1-c1ccc2c(c1)CC2	0.011491
rxn:5:176993:229272:225813	CCCC(=O)c1ccc(-c2cc(F)c(OC(C)C)c(F)c2C)c(-c2cnc(OC)s2)c1	0.011489
rxn:5:179400:229272:226862	COc1ncc(-c2cc(C(=O)C3CC3)ccc2-c2cccc(OC(F)(F)F)c2F)s1	0.011486
rxn:5:195324:227034:226653	CSc1ccc(-c2c(C#N)cccc2C2CC2)c(-c2cnn(-c3ccc(F)cc3)c2)n1	0.011484
rxn:5:195324:227034:226660	CSc1ccc(-c2c(C#N)cccc2C2CC2)c(-c2cnn(-c3ccccc3F)c2)n1	0.011484
rxn:5:195324:227034:226671	CSc1ccc(-c2c(C#N)cccc2C2CC2)c(-c2cnn(-c3cccc(F)c3)c2)n1	0.011484
rxn:5:177523:228259:229270	COc1cc(C)cc(-c2cccc(-c3cnc(C#N)s3)c2OCc2ccccc2)c1F	0.011481
rxn:5:179400:228338:223000	O=C(c1ccc(-c2ccc(C3CCCNC3)c(F)c2)c(-c2cnc(OC3CCC3)s2)c1)C1CC1	0.011473
rxn:5:198417:223341:225506	CC(C)Cn1ncc2cc(-c3ccnc4cc(-c5ccc6c(c5)CC(=O)N6)sc34)ccc21	0.011472
rxn:5:198417:226915:223390	c1cc(-c2ccc3cc[nH]c3c2)c2sc(-c3ccc(C4CCCC4)cc3)cc2n1	0.011467
rxn:5:198417:226919:223390	c1cc(-c2cc3nccc(-c4ccc5cc[nH]c5c4)c3s2)cc(C2CCCC2)c1	0.011467
rxn:5:199106:227926:229061	Cc1c(-c2ccc(SC(C)C)cc2)ccc2nccc(-c3cnn(C(C)C)c3)c12	0.011466
rxn:5:198748:226060:228574	Cc1ccc(-c2cc(-c3cc(C4CC4)cc(C4CC4)c3)c3ccncc3c2)c(C#N)c1	0.011464
rxn:5:198417:226330:223411	CC(c1ccc(-c2cc3nccc(-c4cc5cccnc5[nH]4)c3s2)s1)N1CCCC1	0.011464
rxn:5:199106:223370:227137	CCn1cnc2cc(-c3ccnc4ccc(-c5ccc(F)c6[nH]ncc56)c(C)c34)ccc21	0.011460
rxn:5:197125:226078:229270	COc1cc(-c2cnc(C#N)s2)c2nc(-c3cc4ccccc4cc3OC)sc2c1	0.011458
rxn:5:198620:226316:223421	CNC(C)c1ccc(-c2ccnc3ccc(-c4cncn4Cc4ccccc4)cc23)s1	0.011456
rxn:5:194141:229270:226060	COC(=O)c1c[nH]c2cc(-c3cc(C4CC4)cc(C4CC4)c3)c(-c3cnc(C#N)s3)cc12	0.011451
rxn:5:198417:228990:227730	CCCc1ccc(-c2cc3nccc(-c4cn(-c5nccs5)nc4C)c3s2)s1	0.011450
rxn:5:182506:227138:226593	Cc1cccc(-c2cc3ccc(C#N)cc3s2)c1-c1c(F)ccc(OC(C)C)c1F	0.011447
rxn:5:182506:227141:226593	Cc1cccc(-c2cc3cc(C#N)ccc3s2)c1-c1c(F)ccc(OC(C)C)c1F	0.011447
rxn:5:182506:227139:226593	Cc1cccc(-c2cc3c(C#N)cccc3s2)c1-c1c(F)ccc(OC(C)C)c1F	0.011447
rxn:5:182506:227140:226593	Cc1cccc(-c2cc3cccc(C#N)c3s2)c1-c1c(F)ccc(OC(C)C)c1F	0.011447
rxn:5:195324:227034:226383	CSc1ccc(-c2c(C#N)cccc2C2CC2)c(-c2cccc(-c3cnn(C)c3)c2)n1	0.011447
rxn:5:176594:228381:227139	CC(=O)COc1ccc(-c2c(F)cc(C#N)cc2F)c(-c2cc3c(C#N)cccc3s2)c1	0.011437
rxn:5:198748:226427:228574	Cc1ccc(-c2cc(-c3cc(N4CCC(C)CC4)cs3)c3ccncc3c2)c(C#N)c1	0.011434
rxn:5:198748:226424:228574	Cc1ccc(-c2cc(-c3cc(N4CCCC(C)C4)cs3)c3ccncc3c2)c(C#N)c1	0.011434
rxn:5:182654:228597:226748	COc1cc(C(F)(F)F)ccc1-c1c(-c2c(C)cccc2C#N)ccc2ccsc12	0.011431
rxn:5:179552:228040:227115	CCOc1c(C)ccc(-c2cc(C)c(C3CC3)cc2F)c1-c1ccnc2ccncc12	0.011421
rxn:5:196767:229270:226412	Cc1cc(-c2ccc(-c3cc(F)cc(N4CCCC4)c3)nc2)ccc1-c1cnc(C#N)s1	0.011421
rxn:5:190580:223397:227278	CCOC(=O)c1[nH]c2ccc(-c3ccc(C4(C#N)CC4)nc3)cc2c1-c1ccc2c(c1)CCN2	0.011415
rxn:5:194141:229270:225981	COC(=O)c1c[nH]c2cc(-c3cnn(-c4cc(F)cc(F)c4)c3)c(-c3cnc(C#N)s3)cc12	0.011413
rxn:5:179400:229272:226882	COc1ncc(-c2cc(C(=O)C3CC3)ccc2-c2ccc(C(F)(F)F)c(F)c2F)s1	0.011411
rxn:5:179400:229272:226887	COc1ncc(-c2cc(C(=O)C3CC3)ccc2-c2ccc(F)c(C(F)(F)F)c2F)s1	0.011411
rxn:5:198417:226426:223411	CC1CCN(c2ccc(-c3cc4nccc(-c5cc6cccnc6[nH]5)c4s3)s2)CC1	0.011402
rxn:5:179400:228333:228821	COc1nccc(SC)c1-c1cc(C(=O)C2CC2)ccc1-c1ccc(C)c(F)c1F	0.011398
rxn:5:198620:228459:223421	CNC(C)c1ccc(-c2ccnc3ccc(-c4cnc(OC)nc4SC)cc23)s1	0.011385
rxn:5:183066:228040:227115	Cc1cc(-c2c(-c3ccnc4ccncc34)ccc3c2CCCC3=O)c(F)cc1C1CC1	0.011383
rxn:5:176993:229272:227745	CCCC(=O)c1ccc(-c2ccc(C(F)(F)F)c(F)c2)c(-c2cnc(OC)s2)c1	0.011383
rxn:5:182506:226361:226593	Cc1ccc(-c2cccc(C)c2-c2c(F)ccc(OC(C)C)c2F)c(-n2cccn2)c1	0.011383
rxn:5:199106:223443:226695	CNc1ccc(-c2ccc3nccc(-c4ccc(-c5cncs5)cc4F)c3c2C)cn1	0.011380
rxn:5:179840:228411:225598	COc1ccc(-c2ccc(O[C@@H]3CCOC3)cc2-c2cccc(CN3CCSCC3)c2)c(F)c1F	0.011379
rxn:5:198513:228462:223164	Fc1cc(-c2cc3[nH]ccc3cc2-c2ccnc(OC(F)F)c2)cc(NC2CC2)c1F	0.011376
rxn:5:182650:223341:226200	CC(C)n1cnc2cc(-c3cccc4cc(-c5ccc6c(c5)CC(=O)N6)sc34)ccc21	0.011374
rxn:5:198417:223341:226070	CC(C)n1ccc2cc(-c3ccnc4cc(-c5ccc6c(c5)CC(=O)N6)sc34)ccc21	0.011374
rxn:5:198417:223390:226200	CC(C)n1cnc2cc(-c3ccnc4cc(-c5ccc6cc[nH]c6c5)sc34)ccc21	0.011372
rxn:5:195435:225706:223320	CC(=O)c1cc(-c2cc(C)cc3[nH]ncc23)cc(-c2cc3ncn(C(C)C)c3cc2F)n1	0.011371
rxn:5:197410:223341:226462	CCn1cnc2cc(-c3ncc(-c4ccc5c(c4)CC(=O)N5)c4c(OC)cccc34)c(F)cc21	0.011368
rxn:5:197409:223341:226462	CCn1cnc2cc(-c3ccnc4cc(OC)c(-c5ccc6c(c5)CC(=O)N6)cc34)c(F)cc21	0.011368
rxn:5:197430:223341:226462	CCn1cnc2cc(-c3ccnc4cc(-c5ccc6c(c5)CC(=O)N6)c(OC)cc34)c(F)cc21	0.011368
rxn:5:197413:223341:226462	CCn1cnc2cc(-c3cc4nccc(-c5ccc6c(c5)CC(=O)N6)c4cc3OC)c(F)cc21	0.011368
rxn:5:198417:223341:226047	O=C1Cc2cc(-c3cc4nccc(-c5ccc(OC(F)(F)F)c(F)c5F)c4s3)ccc2N1	0.011364
rxn:5:182506:227123:226593	Cc1cccc(-c2ccc(-c3ccco3)cc2)c1-c1c(F)ccc(OC(C)C)c1F	0.011357
rxn:5:181498:228977:228435	CSc1ccc(F)c(F)c1-c1cccc(-c2ccc(-c3ccc4c(c3)CC4)o2)c1	0.011353
rxn:5:198417:226139:223390	c1cc(-c2ccc3cc[nH]c3c2)c2sc(-c3cc(C4CC4)cnc3C3CC3)cc2n1	0.011349
rxn:5:198417:228529:226200	CC(C)n1cnc2cc(-c3ccnc4cc(-c5ccc6c(c5)CCO6)sc34)ccc21	0.011344
rxn:5:198417:228530:226200	CC(C)n1cnc2cc(-c3ccnc4cc(-c5ccc6c(c5)OCC6)sc34)ccc21	0.011344
rxn:5:198417:223341:226695	O=C1Cc2cc(-c3cc4nccc(-c5ccc(-c6cncs6)cc5F)c4s3)ccc2N1	0.011342
rxn:5:198748:226155:228574	CC(=O)c1cc(-c2cc(-c3ccc(C)cc3C#N)cc3cnccc23)cc(C2CC2)c1	0.011342
rxn:5:198748:229009:226149	COc1ccc(-c2cc(-c3cc(C4CC4)cs3)c3ccncc3c2)cc1C(C)(C)C	0.011339
rxn:5:182654:227103:229008	FCc1ccc(-c2c(-c3sccc3C3CCCCC3)ccc3ccsc23)cc1	0.011337
rxn:5:195792:226460:227115	COc1ccc2nccc(-c3cncc(C4CC4)c3-c3cc(C)c(C4CC4)cc3F)c2n1	0.011337
rxn:5:198417:227745:223411	Fc1cc(-c2cc3nccc(-c4cc5cccnc5[nH]4)c3s2)ccc1C(F)(F)F	0.011335
rxn:5:195792:227201:227115	Cc1cc(-c2c(-c3ccnc4ccc(F)cc34)cncc2C2CC2)c(F)cc1C1CC1	0.011331
rxn:5:195792:227172:227115	Cc1cc(-c2c(-c3ccc(F)c4cnccc34)cncc2C2CC2)c(F)cc1C1CC1	0.011331
rxn:5:195792:227193:227115	Cc1cc(-c2c(-c3ccc4ncccc4c3F)cncc2C2CC2)c(F)cc1C1CC1	0.011331
rxn:5:195792:227184:227115	Cc1cc(-c2c(-c3cnc4ccccc4c3F)cncc2C2CC2)c(F)cc1C1CC1	0.011331
rxn:5:195792:227195:227115	Cc1cc(-c2c(-c3cc(F)cc4ccncc34)cncc2C2CC2)c(F)cc1C1CC1	0.011331
rxn:5:195792:227196:227115	Cc1cc(-c2c(-c3cc(F)c4cnccc4c3)cncc2C2CC2)c(F)cc1C1CC1	0.011331
rxn:5:198513:228338:223164	Fc1cc(-c2cc3[nH]ccc3cc2-c2cnc(OC3CCC3)s2)cc(NC2CC2)c1F	0.011325
rxn:5:198417:227199:226462	CCn1cnc2cc(-c3ccnc4cc(-c5ccc6c(c5)N(C)C(=O)C6)sc34)c(F)cc21	0.011325
rxn:5:198513:227554:223164	COC(=O)c1c(F)cccc1-c1cc2cc[nH]c2cc1-c1cc(F)c(F)c(NC2CC2)c1	0.011318
rxn:5:198417:223341:225706	CC(C)n1cnc2cc(-c3ccnc4cc(-c5ccc6c(c5)CC(=O)N6)sc34)c(F)cc21	0.011317
rxn:5:195324:227034:226314	CSc1ccc(-c2c(C#N)cccc2C2CC2)c(-c2cnn(Cc3ccccc3)c2)n1	0.011313
rxn:5:179400:229272:226028	COc1ncc(-c2cc(C(=O)C3CC3)ccc2-c2ccc(C(F)(F)F)c(C#N)c2F)s1	0.011308
rxn:5:181071:226204:228435	COc1cccc(-c2c(SC)ccc(F)c2F)c1-c1cc2ccccc2nc1OC	0.011305
rxn:5:182656:228127:226189	COc1cccc(C#N)c1-c1ccc2ccoc2c1-c1ccc(C2CCCC2)c(F)c1	0.011303
rxn:5:195324:227034:226365	CSc1ccc(-c2c(C#N)cccc2C2CC2)c(-c2cnn(-c3ccc(C)cc3)c2)n1	0.011296
rxn:5:195324:227034:226369	CSc1ccc(-c2c(C#N)cccc2C2CC2)c(-c2cnn(-c3ccccc3C)c2)n1	0.011296
rxn:5:195324:227034:226381	CSc1ccc(-c2c(C#N)cccc2C2CC2)c(-c2cnn(-c3cccc(C)c3)c2)n1	0.011296
rxn:5:195324:227034:226357	CSc1ccc(-c2c(C#N)cccc2C2CC2)c(-c2ccc(-n3cc(C)cn3)cc2)n1	0.011296
rxn:5:197759:227034:229057	CCc1cc2ccc(-c3c(C#N)cccc3C3CC3)c(C)c2nc1-c1cnn(C2CC2)c1	0.011293
rxn:5:198748:226428:228574	Cc1ccc(-c2cc(-c3cc(N4CCCCC4C)cs3)c3ccncc3c2)c(C#N)c1	0.011290
rxn:5:195792:226949:227115	Cc1ccc2nccc(-c3cncc(C4CC4)c3-c3cc(C)c(C4CC4)cc3F)c2c1	0.011284
rxn:5:195792:226937:227115	Cc1cc(-c2c(-c3cccc4c(C)nccc34)cncc2C2CC2)c(F)cc1C1CC1	0.011284
rxn:5:195792:226956:227115	Cc1cc(-c2c(-c3cccc4c(C)ccnc34)cncc2C2CC2)c(F)cc1C1CC1	0.011284
rxn:5:195792:226941:227115	Cc1cc2c(-c3cncc(C4CC4)c3-c3cc(C)c(C4CC4)cc3F)cccc2cn1	0.011284
rxn:5:195792:226943:227115	Cc1cc2cccc(-c3cncc(C4CC4)c3-c3cc(C)c(C4CC4)cc3F)c2cn1	0.011284
rxn:5:195792:226933:227115	Cc1cc(-c2c(-c3cnc4ccccc4c3C)cncc2C2CC2)c(F)cc1C1CC1	0.011284
rxn:5:195792:226931:227115	Cc1cc(-c2c(-c3c(C)ccc4ncccc34)cncc2C2CC2)c(F)cc1C1CC1	0.011284
rxn:5:195792:226929:227115	Cc1cc(-c2c(-c3ccc(C)c4ncccc34)cncc2C2CC2)c(F)cc1C1CC1	0.011284
rxn:5:195792:226957:227115	Cc1cc(-c2c(-c3cnc(C)c4ccccc34)cncc2C2CC2)c(F)cc1C1CC1	0.011284
rxn:5:198748:226061:228574	Cc1ccc(-c2cc(-c3cc(C(C)C)cc(C4CC4)c3)c3ccncc3c2)c(C#N)c1	0.011282
rxn:5:197125:225812:229270	COc1cc(-c2cnc(C#N)s2)c2nc(-c3cc(C)c(F)c(OC(C)C)c3F)sc2c1	0.011281
rxn:5:198417:229009:226958	Cc1ccc2ccc(-c3ccnc4cc(-c5cc(C6CC6)cs5)sc34)cc2n1	0.011277
rxn:5:198417:229009:226944	Cc1ccc2cc(-c3ccnc4cc(-c5cc(C6CC6)cs5)sc34)ccc2n1	0.011277
rxn:5:198417:229009:226942	Cc1cc2cc(-c3ccnc4cc(-c5cc(C6CC6)cs5)sc34)ccc2cn1	0.011277
rxn:5:198417:229009:226951	Cc1cc2ccc(-c3ccnc4cc(-c5cc(C6CC6)cs5)sc34)cc2cn1	0.011277
rxn:5:198417:229009:226935	Cc1cncc2ccc(-c3ccnc4cc(-c5cc(C6CC6)cs5)sc34)cc12	0.011277
rxn:5:198417:229009:226939	Cc1nccc2ccc(-c3ccnc4cc(-c5cc(C6CC6)cs5)sc34)cc12	0.011277
rxn:5:197125:226826:229270	COc1cc(-c2cnc(C#N)s2)c2nc(-c3cc(C)cc(C(F)(F)F)c3F)sc2c1	0.011272
rxn:5:195792:228040:225671	Fc1cnc(C2CCCCC2)cc1-c1c(-c2ccnc3ccncc23)cncc1C1CC1	0.011272
rxn:5:195792:228040:225674	Fc1cc(C2CCCCC2)ncc1-c1c(-c2ccnc3ccncc23)cncc1C1CC1	0.011272
rxn:5:194141:229270:225862	COC(=O)c1c[nH]c2cc(-c3cc(F)cc(-n4cc(C)cn4)c3)c(-c3cnc(C#N)s3)cc12	0.011271
rxn:5:194141:229270:225841	COC(=O)c1c[nH]c2cc(-c3cc(F)cc(-n4cnc(C)c4)c3)c(-c3cnc(C#N)s3)cc12	0.011271
rxn:5:194141:229270:225851	COC(=O)c1c[nH]c2cc(-c3cc(F)cc(-n4ccnc4C)c3)c(-c3cnc(C#N)s3)cc12	0.011271
rxn:5:194141:229270:225857	COC(=O)c1c[nH]c2cc(-c3cc(F)cc(-n4ccc(C)n4)c3)c(-c3cnc(C#N)s3)cc12	0.011271
rxn:5:199106:229057:226200	Cc1c(-c2cnn(C3CC3)c2)ccc2nccc(-c3ccc4c(c3)ncn4C(C)C)c12	0.011265
rxn:5:195792:228040:226895	Fc1cc(C(F)(F)F)c(F)cc1-c1c(-c2ccnc3ccncc23)cncc1C1CC1	0.011256
rxn:5:198911:225587:228332	COc1cc(SC)c(-c2cc3c(C)c[nH]c3cc2-c2cccc(CN3CCOCC3)c2)cn1	0.011248
rxn:5:177185:228977:228435	CSc1ccc(F)c(F)c1-c1ccc(-c2ccc3c(c2)CC3)cc1C(=O)OC(C)C	0.011245
rxn:5:198417:226152:223390	COc1cc(C2CC2)cc(-c2cc3nccc(-c4ccc5cc[nH]c5c4)c3s2)c1C	0.011243
rxn:5:181071:226964:228435	COc1cccc(-c2c(SC)ccc(F)c2F)c1-c1ccc2cc(F)ccc2c1	0.011241
rxn:5:179400:229272:226827	COc1ncc(-c2cc(C(=O)C3CC3)ccc2-c2ccc(C(F)(F)F)c(C)c2F)s1	0.011241
rxn:5:198417:223341:225421	CN(C)c1cccc2c(-c3ccnc4cc(-c5ccc6c(c5)CC(=O)N6)sc34)cccc12	0.011232
rxn:5:197125:228259:227960	COc1cc(-c2ccncc2C2CCC2)c2nc(-c3cc(C)cc(OC)c3F)sc2c1	0.011230
rxn:5:182656:228127:223067	COc1cccc(C#N)c1-c1ccc2ccoc2c1-c1ccc2nc(NC(C)=O)sc2c1	0.011229
rxn:5:194144:228990:223411	CCCc1ccc(-c2cc(C(=O)OC)cc3[nH]cc(-c4cc5cccnc5[nH]4)c23)s1	0.011227
rxn:5:181071:225507:228435	COC(=O)C1CCc2cc(-c3c(OC)cccc3-c3c(SC)ccc(F)c3F)ccc21	0.011224
rxn:5:198417:223341:225609	O=C1Cc2cc(-c3cc4nccc(-c5cccc(Oc6ccccn6)c5)c4s3)ccc2N1	0.011223
rxn:5:198417:227183:226462	CCn1cnc2cc(-c3ccnc4cc(-c5ccc6c(c5)CN(C)C6=O)sc34)c(F)cc21	0.011214
rxn:5:198417:227197:226462	CCn1cnc2cc(-c3ccnc4cc(-c5ccc6c(c5)C(=O)N(C)C6)sc34)c(F)cc21	0.011214
rxn:5:179840:228411:226743	CCc1cc(-c2cc(O[C@@H]3CCOC3)ccc2-c2ccc(OC)c(F)c2F)cc(C(F)(F)F)n1	0.011211
rxn:5:197125:228259:228006	COc1cc(-c2cc(OC)c(C)cc2C)c2nc(-c3cc(C)cc(OC)c3F)sc2c1	0.011208
rxn:5:199106:228988:227137	CCn1cnc2cc(-c3ccnc4ccc(-c5ccc(C)c(C)c5)c(C)c34)ccc21	0.011203
rxn:5:198417:228541:226200	CC(C)n1cnc2cc(-c3ccnc4cc(-c5ccc6c(c5)COC6)sc34)ccc21	0.011203
rxn:5:198417:226085:227278	CC1(C)CCc2cc(-c3cc4nccc(-c5ccc(C6(C#N)CC6)nc5)c4s3)ccc2O1	0.011201
rxn:5:181071:226905:228435	COc1cccc(-c2c(SC)ccc(F)c2F)c1-c1ccc2cc(C)ccc2c1	0.011197
rxn:5:182654:228597:226067	Cc1cccc(C#N)c1-c1ccc2ccsc2c1-c1ccc(C2=CCCCC2)cc1	0.011189
rxn:5:198417:229009:227643	c1csc(-c2ccc(-c3ccnc4cc(-c5cc(C6CC6)cs5)sc34)cn2)n1	0.011188
rxn:5:198417:228990:227168	CCCc1ccc(-c2cc3nccc(-c4cc(F)cc5cccnc45)c3s2)s1	0.011187
rxn:5:198417:228990:227169	CCCc1ccc(-c2cc3nccc(-c4cc(F)c5ncccc5c4)c3s2)s1	0.011187
rxn:5:198417:228990:227186	CCCc1ccc(-c2cc3nccc(-c4ccc5cccnc5c4F)c3s2)s1	0.011187
rxn:5:198513:227296:223164	Fc1cc(-c2cc3[nH]ccc3cc2-c2ccc(OC3CCC3)nc2)cc(NC2CC2)c1F	0.011186
rxn:5:198417:223397:225658	Fc1ccc(-c2ccc(-c3ccnc4cc(-c5ccc6c(c5)CCN6)sc34)cn2)cc1	0.011185
rxn:5:198748:228386:228574	Cc1ccc(-c2cc(-c3cc(-c4nccs4)cs3)c3ccncc3c2)c(C#N)c1	0.011185
rxn:5:193809:229009:223390	CC1CCN(Cc2ccc(-c3cc(C4CC4)cs3)cc2-c2ccc3cc[nH]c3c2)CC1	0.011184
rxn:5:182654:226931:229008	Cc1ccc2ncccc2c1-c1ccc2ccsc2c1-c1ccc(CF)cc1	0.011183
rxn:5:182654:226953:229008	Cc1ccc2cccnc2c1-c1ccc2ccsc2c1-c1ccc(CF)cc1	0.011183
rxn:5:182654:228597:226315	Cc1cccc(C#N)c1-c1ccc2ccsc2c1-c1ccc(Cn2ccnc2)cc1	0.011179
rxn:5:182654:228597:226317	Cc1cccc(C#N)c1-c1ccc2ccsc2c1-c1ccc(Cn2cccn2)cc1	0.011179
rxn:5:198417:227860:226462	CCn1cnc2cc(-c3ccnc4cc(-c5ccc6c(c5)CCN6C)sc34)c(F)cc21	0.011179
rxn:5:198417:227805:227278	N#CC1(c2ccc(-c3ccnc4cc(-c5ccc6ccccc6c5)sc34)cn2)CC1	0.011177
rxn:5:181071:226084:228435	COc1cccc(-c2c(SC)ccc(F)c2F)c1-c1ccc2c(c1)C(=O)CCCC2	0.011174
rxn:5:196915:229272:223000	COc1ncc(-c2cc(-n3c(C)ccc3C)ccc2-c2ccc(C3CCCNC3)c(F)c2)s1	0.011174
rxn:5:182637:228660:227668	COc1c(F)cc(-c2cc3ccoc3cc2-c2ccc3nscc3c2)c(C)c1F	0.011167
rxn:5:198748:227122:228574	Cc1ccc(-c2cc(-c3cccc(-c4ccco4)c3)c3ccncc3c2)c(C#N)c1	0.011167
rxn:5:198417:226692:223411	Cc1noc(C)c1-c1ccc(-c2cc3nccc(-c4cc5cccnc5[nH]4)c3s2)s1	0.011166
rxn:5:199106:229282:226695	Cc1c(-c2ccccc2)ccc2nccc(-c3ccc(-c4cncs4)cc3F)c12	0.011166
rxn:5:179400:229272:227096	COc1ncc(-c2cc(C(=O)C3CC3)ccc2-c2cc(-c3ccccc3)cs2)s1	0.011159
rxn:5:195792:228040:225625	Fc1ccc(OC2CCCC2)cc1-c1c(-c2ccnc3ccncc23)cncc1C1CC1	0.011158
rxn:5:193541:223341:226462	CCn1cnc2cc(-c3cc(CN4CCCCC4)cc(-c4ccc5c(c4)CC(=O)N5)c3)c(F)cc21	0.011151
rxn:5:193540:223341:226462	CCn1cnc2cc(-c3cc(-c4ccc5c(c4)CC(=O)N5)ccc3CN3CCCCC3)c(F)cc21	0.011151
rxn:5:195324:227034:226206	COc1cc2c(-c3nc(SC)ccc3-c3c(C#N)cccc3C3CC3)cccc2cn1	0.011148
rxn:5:198417:228990:226945	CCCc1ccc(-c2cc3nccc(-c4cc(C)cc5cccnc45)c3s2)s1	0.011142
rxn:5:198417:228990:226950	CCCc1ccc(-c2cc3nccc(-c4cc(C)c5ncccc5c4)c3s2)s1	0.011142
rxn:5:198417:228990:226952	CCCc1ccc(-c2cc3nccc(-c4ccc5cccnc5c4C)c3s2)s1	0.011142
rxn:5:198417:228990:226953	CCCc1ccc(-c2cc3nccc(-c4c(C)ccc5cccnc45)c3s2)s1	0.011142
rxn:5:198417:228990:227077	CCCc1ccc(-c2cc3nccc(-c4ccc(C(C)CC)cc4F)c3s2)s1	0.011141
rxn:5:198417:225507:227278	COC(=O)C1CCc2cc(-c3cc4nccc(-c5ccc(C6(C#N)CC6)nc5)c4s3)ccc21	0.011137
rxn:5:182654:228597:226064	Cc1cccc(C#N)c1-c1ccc2ccsc2c1-c1ccc(C2CCCCC2)cc1	0.011132
rxn:5:198748:229009:226766	Cc1ccc(OC(F)(F)F)c(-c2cc(-c3cc(C4CC4)cs3)c3ccncc3c2)c1	0.011131
rxn:5:197759:228127:223271	CCc1cc2ccc(-c3c(C#N)cccc3OC)c(C)c2nc1-c1ccc(F)c(NC(C)=O)c1	0.011131
rxn:5:182656:225679:223271	CC(=O)Nc1cc(-c2c(-c3ccc(N4CCCCC4)cc3F)ccc3ccoc23)ccc1F	0.011131
rxn:5:199106:228304:227137	CCn1cnc2cc(-c3ccnc4ccc(-c5cnc(OC(C)C)nc5)c(C)c34)ccc21	0.011128
rxn:5:198748:229009:226142	c1cc(OC2CCCC2)cc(-c2cc(-c3cc(C4CC4)cs3)c3ccncc3c2)c1	0.011124
rxn:5:198417:226137:223390	CC(C)c1ncc(C2CC2)cc1-c1cc2nccc(-c3ccc4cc[nH]c4c3)c2s1	0.011120
rxn:5:181071:226073:228435	COc1cccc(-c2c(SC)ccc(F)c2F)c1-c1ccc2cc(C#N)ccc2c1	0.011116
rxn:5:182656:228127:226964	COc1cccc(C#N)c1-c1ccc2ccoc2c1-c1ccc2cc(F)ccc2c1	0.011116
rxn:5:176993:229272:225394	CCCC(=O)c1ccc(-c2cc(C3CCC3)cc(C3CC3)c2)c(-c2cnc(OC)s2)c1	0.011112
rxn:5:198417:227097:228455	COc1ncc(-c2ccnc3cc(-c4sccc4-c4ccccc4)sc23)c(OC)n1	0.011107
rxn:5:198417:228990:226758	CCCc1ccc(-c2cc3nccc(-c4ccc(OC)c(C(F)(F)F)c4)c3s2)s1	0.011106
rxn:5:179400:227819:223000	CCc1cc(CC)cc(-c2cc(C(=O)C3CC3)ccc2-c2ccc(C3CCCNC3)c(F)c2)c1	0.011105
rxn:5:198417:227442:227278	N#CC1(c2ccc(-c3ccnc4cc(-c5cncc(-c6ccoc6)c5)sc34)cn2)CC1	0.011101
rxn:5:179410:228040:227115	COC(=O)c1c(-c2cc(C)c(C3CC3)cc2F)ccc(C)c1-c1ccnc2ccncc12	0.011100
rxn:5:179399:228040:227115	COC(=O)c1cc(C)c(-c2ccnc3ccncc23)c(-c2cc(C)c(C3CC3)cc2F)c1	0.011100
rxn:5:179400:227304:223000	Cc1cc(OC(C)C)ncc1-c1cc(C(=O)C2CC2)ccc1-c1ccc(C2CCCNC2)c(F)c1	0.011097
rxn:5:180568:229296:226200	COC(=O)c1sc2cccc(-c3ccc4c(c3)ncn4C(C)C)c2c1-c1cnn(C)c1	0.011094
rxn:5:198417:227458:226200	CC(C)n1cnc2cc(-c3ccnc4cc(-c5cnc6c(c5)OCCN6C)sc34)ccc21	0.011092
rxn:5:182654:226068:229008	Cc1cc(C(C)(C)C)cc(C)c1-c1ccc2ccsc2c1-c1ccc(CF)cc1	0.011090
rxn:5:181071:227745:228435	COc1cccc(-c2c(SC)ccc(F)c2F)c1-c1ccc(C(F)(F)F)c(F)c1	0.011082
rxn:5:181071:227748:228435	COc1cccc(-c2c(SC)ccc(F)c2F)c1-c1ccc(F)c(C(F)(F)F)c1	0.011082
rxn:5:198417:228503:226462	CCn1cnc2cc(-c3ccnc4cc(-c5ccc6c(c5)CCC6)sc34)c(F)cc21	0.011080
rxn:5:181071:226778:228435	COc1cc(-c2c(OC)cccc2-c2c(SC)ccc(F)c2F)c(F)c(F)c1OC	0.011078
rxn:5:194141:229075:226412	COC(=O)c1c[nH]c2cc(-c3cc(F)cc(N4CCCC4)c3)c(-c3cc(C)c(C#N)s3)cc12	0.011070
rxn:5:194141:229076:226412	COC(=O)c1c[nH]c2cc(-c3cc(F)cc(N4CCCC4)c3)c(-c3sc(C#N)cc3C)cc12	0.011070
rxn:5:198417:223397:225476	Cc1ccc(-c2ccc(-c3ccnc4cc(-c5ccc6c(c5)CCN6)sc34)cn2)cc1	0.011068
rxn:5:182654:228597:225589	Cc1cccc(C#N)c1-c1ccc2ccsc2c1-c1ccc(CN2CCSCC2)cc1	0.011064
rxn:5:182506:226772:226593	COC(=O)c1cc(F)c(-c2cccc(C)c2-c2c(F)ccc(OC(C)C)c2F)c(F)c1	0.011062
rxn:5:182654:228597:225436	Cc1cccc(C#N)c1-c1ccc2ccsc2c1-c1ccc(CN2CCCCC2)cc1	0.011047
rxn:5:199106:228584:227137	CCn1cnc2cc(-c3ccnc4ccc(-c5ccnc(C6CC6)c5)c(C)c34)ccc21	0.011046
rxn:5:198748:229009:226949	Cc1ccc2nccc(-c3cc(-c4cc(C5CC5)cs4)c4ccncc4c3)c2c1	0.011046
rxn:5:198417:223341:226762	CSc1cc(-c2ccnc3cc(-c4ccc5c(c4)CC(=O)N5)sc23)cc(C(F)(F)F)c1	0.011043
rxn:5:182654:228597:227186	Cc1cccc(C#N)c1-c1ccc2ccsc2c1-c1ccc2cccnc2c1F	0.011035
rxn:5:198911:225583:228332	COc1cc(SC)c(-c2cc3c(C)c[nH]c3cc2-c2cccc(C(=O)N3CCCC3)c2)cn1	0.011033
rxn:5:182654:228597:227090	Cc1cccc(C#N)c1-c1ccc2ccsc2c1-c1ccc(-n2cccc2)cc1	0.011032
rxn:5:181071:227663:228435	COc1cccc(-c2c(SC)ccc(F)c2F)c1-c1ccc(C)c(C(F)(F)F)c1	0.011025
rxn:5:181071:227665:228435	COc1cccc(-c2c(SC)ccc(F)c2F)c1-c1ccc(C(F)(F)F)c(C)c1	0.011025
rxn:5:199089:223341:226200	Cc1cc(-c2ccc3c(c2)CC(=O)N3)cc2c(-c3ccc4c(c3)ncn4C(C)C)ccnc12	0.011023
rxn:5:199106:223341:226200	Cc1c(-c2ccc3c(c2)CC(=O)N3)ccc2nccc(-c3ccc4c(c3)ncn4C(C)C)c12	0.011023
rxn:5:199060:223341:226200	Cc1cc2c(-c3ccc4c(c3)CC(=O)N4)ccnc2cc1-c1ccc2c(c1)ncn2C(C)C	0.011023
rxn:5:199092:223341:226200	Cc1cc(-c2ccc3c(c2)CC(=O)N3)c2nccc(-c3ccc4c(c3)ncn4C(C)C)c2c1	0.011023
rxn:5:199090:223341:226200	Cc1cc2nccc(-c3ccc4c(c3)ncn4C(C)C)c2cc1-c1ccc2c(c1)CC(=O)N2	0.011023
rxn:5:199091:223341:226200	Cc1cc2c(-c3ccc4c(c3)ncn4C(C)C)ccnc2cc1-c1ccc2c(c1)CC(=O)N2	0.011023
rxn:5:195792:226032:227115	COc1cc(-c2cncc(C3CC3)c2-c2cc(C)c(C3CC3)cc2F)c(F)c(C(F)(F)F)c1	0.011016
rxn:5:195324:227034:226203	CSc1ccc(-c2c(C#N)cccc2C2CC2)c(-c2ccc3c(cnn3C3CC3)c2)n1	0.011010
rxn:5:198417:223216:226200	CC(C)n1cnc2cc(-c3ccnc4cc(-c5ccc6c(c5)CCC(=O)N6)sc34)ccc21	0.011009
rxn:5:198417:223215:226200	CC(C)n1cnc2cc(-c3ccnc4cc(-c5ccc6c(c5)NC(=O)CC6)sc34)ccc21	0.011009
rxn:5:176594:228381:225939	CC(=O)COc1ccc(-c2c(F)cc(C#N)cc2F)c(-c2cnc(C(F)(F)F)c(C(C)C)c2)c1	0.011008
rxn:5:182654:227629:229008	Cc1nn(-c2ccsc2)cc1-c1ccc2ccsc2c1-c1ccc(CF)cc1	0.011004
rxn:5:182654:228597:226399	Cc1cccc(C#N)c1-c1ccc2ccsc2c1-c1ccc(-c2ncccn2)cc1	0.011003
rxn:5:182654:228597:226408	Cc1cccc(C#N)c1-c1ccc2ccsc2c1-c1ccc(-c2cncnc2)cc1	0.011003
rxn:5:198748:227410:228574	Cc1ccc(-c2cc(-c3cc(-c4ccncc4)cs3)c3ccncc3c2)c(C#N)c1	0.011003
rxn:5:198748:227422:228574	Cc1ccc(-c2cc(-c3cc(-c4cccnc4)cs3)c3ccncc3c2)c(C#N)c1	0.011003
rxn:5:198417:227872:226462	CCn1cnc2cc(-c3ccnc4cc(-c5ccc6c(c5)CCC6=O)sc34)c(F)cc21	0.011000
rxn:5:198417:227870:226462	CCn1cnc2cc(-c3ccnc4cc(-c5ccc6c(c5)C(=O)CC6)sc34)c(F)cc21	0.011000
rxn:5:182656:228127:226870	COc1cccc(C#N)c1-c1ccc2ccoc2c1-c1ccc(F)c(OC(F)(F)F)c1	0.010995
rxn:5:182656:228127:226861	COc1cccc(C#N)c1-c1ccc2ccoc2c1-c1ccc(OC(F)(F)F)c(F)c1	0.010995
rxn:5:198748:229009:227643	c1cc2c(-c3cc(C4CC4)cs3)cc(-c3ccc(-c4nccs4)nc3)cc2cn1	0.010988
rxn:5:199106:223398:226200	CNCc1ccc(-c2ccc3nccc(-c4ccc5c(c4)ncn5C(C)C)c3c2C)cc1	0.010986
rxn:5:182654:226740:229008	N#Cc1c(-c2ccc3ccsc3c2-c2ccc(CF)cc2)cccc1C(F)(F)F	0.010985
rxn:5:182654:226736:229008	N#Cc1cc(C(F)(F)F)ccc1-c1ccc2ccsc2c1-c1ccc(CF)cc1	0.010985
rxn:5:182654:226741:229008	N#Cc1ccc(C(F)(F)F)cc1-c1ccc2ccsc2c1-c1ccc(CF)cc1	0.010985
rxn:5:197125:228259:227916	COc1cc(-c2ccc(OC3CC3)cc2)c2nc(-c3cc(C)cc(OC)c3F)sc2c1	0.010985
rxn:5:198417:229009:227877	Cc1cc2cc(-c3ccnc4cc(-c5cc(C6CC6)cs5)sc34)ccc2s1	0.010980
rxn:5:182654:228597:226779	Cc1cccc(C#N)c1-c1ccc2ccsc2c1-c1ccc(C(=O)C(F)(F)F)cc1	0.010979
rxn:5:181736:229009:223390	c1ccc(-c2cc(C3CC3)cs2)c(-c2ccc(-c3ccc4cc[nH]c4c3)cc2)c1	0.010977
rxn:5:194141:228579:226412	COC(=O)c1c[nH]c2cc(-c3cc(F)cc(N4CCCC4)c3)c(-c3cc(C)ccc3C#N)cc12	0.010977
rxn:5:182637:227846:227668	COc1c(F)cc(-c2cc3ccoc3cc2-c2cn(C)c3ccccc23)c(C)c1F	0.010975
rxn:5:178226:228977:228435	CSc1ccc(F)c(F)c1-c1cccc(OCC2CCCCC2)c1-c1ccc2c(c1)CC2	0.010972
rxn:5:199106:226711:229061	Cc1c(-c2ccc3cnn(C(F)F)c3c2)ccc2nccc(-c3cnn(C(C)C)c3)c12	0.010966
rxn:5:199106:229197:226200	Cc1c(-c2cnn(C(F)F)c2)ccc2nccc(-c3ccc4c(c3)ncn4C(C)C)c12	0.010966
rxn:5:197521:228990:223411	CCCc1ccc(-c2ccc3ncc(C(C)=O)c(-c4cc5cccnc5[nH]4)c3c2)s1	0.010964
rxn:5:198748:225441:228574	Cc1ccc(-c2cc(-c3cc(C4CC4)cnc3C(C)(C)C)c3ccncc3c2)c(C#N)c1	0.010962
rxn:5:195792:227646:227115	Cc1cc(-c2c(-c3cnccc3-c3nccs3)cncc2C2CC2)c(F)cc1C1CC1	0.010961
rxn:5:198417:228078:226462	CCn1cnc2cc(-c3ccnc4cc(-c5ccc6c(c5)COC6=O)sc34)c(F)cc21	0.010960
rxn:5:198417:228077:226462	CCn1cnc2cc(-c3ccnc4cc(-c5ccc6c(c5)C(=O)OC6)sc34)c(F)cc21	0.010960
rxn:5:176594:228381:227433	CC(=O)COc1ccc(-c2c(F)cc(C#N)cc2F)c(-c2cccc(-c3cscn3)c2)c1	0.010956
rxn:5:182654:228597:226958	Cc1ccc2ccc(-c3c(-c4c(C)cccc4C#N)ccc4ccsc34)cc2n1	0.010953
rxn:5:182654:228597:226936	Cc1cccc(C#N)c1-c1ccc2ccsc2c1-c1ccc2c(C)cncc2c1	0.010953
rxn:5:182656:227139:223271	CC(=O)Nc1cc(-c2c(-c3cc4c(C#N)cccc4s3)ccc3ccoc23)ccc1F	0.010948
rxn:5:182656:227140:223271	CC(=O)Nc1cc(-c2c(-c3cc4cccc(C#N)c4s3)ccc3ccoc23)ccc1F	0.010948
rxn:5:198417:227096:223390	c1ccc(-c2csc(-c3cc4nccc(-c5ccc6cc[nH]c6c5)c4s3)c2)cc1	0.010942
rxn:5:197125:226033:229270	COc1cc(-c2cnc(C#N)s2)c2nc(-c3cc(OC)c(F)c(C(F)(F)F)c3)sc2c1	0.010940
rxn:5:197125:226035:229270	COc1cc(-c2cnc(C#N)s2)c2nc(-c3c(OC)ccc(C(F)(F)F)c3F)sc2c1	0.010940
rxn:5:197125:226032:229270	COc1cc(-c2nc3c(-c4cnc(C#N)s4)cc(OC)cc3s2)c(F)c(C(F)(F)F)c1	0.010940
rxn:5:197125:226038:229270	COc1cc(-c2cnc(C#N)s2)c2nc(-c3cc(F)c(C(F)(F)F)cc3OC)sc2c1	0.010940
rxn:5:198417:226465:226462	CCn1cnc2cc(-c3ccnc4cc(-c5ccc6c(c5)n(C)c(=O)n6C)sc34)c(F)cc21	0.010939
rxn:5:182656:226749:223271	COc1cccc(C(F)(F)F)c1-c1ccc2ccoc2c1-c1ccc(F)c(NC(C)=O)c1	0.010922
rxn:5:181741:229270:226593	CC(C)Oc1ccc(F)c(-c2ccccc2-c2ccccc2-c2cnc(C#N)s2)c1F	0.010917
rxn:5:198417:226939:227278	Cc1nccc2ccc(-c3cc4nccc(-c5ccc(C6(C#N)CC6)nc5)c4s3)cc12	0.010912
rxn:5:198417:229009:225461	Cc1cc(N2CCCCC2)ccc1-c1ccnc2cc(-c3cc(C4CC4)cs3)sc12	0.010912
rxn:5:176993:229272:227410	CCCC(=O)c1ccc(-c2cc(-c3ccncc3)cs2)c(-c2cnc(OC)s2)c1	0.010911
rxn:5:198417:227119:223390	c1cc(-c2ccc3cc[nH]c3c2)c2sc(-c3cc(C4CCCCC4)cs3)cc2n1	0.010909
rxn:5:182654:227672:229008	Cc1cccc(-c2ccc3ccsc3c2-c2ccc(CF)cc2)c1C(F)(F)F	0.010906
rxn:5:182654:227671:229008	Cc1cccc(C(F)(F)F)c1-c1ccc2ccsc2c1-c1ccc(CF)cc1	0.010906
rxn:5:198417:223217:226200	CC(C)n1cnc2cc(-c3ccnc4cc(-c5ccc6c(=O)[nH]ccc6c5)sc34)ccc21	0.010905
rxn:5:182654:228597:227130	Cc1cccc(C#N)c1-c1ccc2ccsc2c1-c1ccc(-c2ccoc2)cc1	0.010903
rxn:5:197125:228259:227935	CCc1cc(-c2cc(OC)cc3sc(-c4cc(C)cc(OC)c4F)nc23)ccc1OC	0.010900
rxn:5:198417:223134:226462	CCn1cnc2cc(-c3ccnc4cc(-c5cnccc5C5CCCNC5)sc34)c(F)cc21	0.010896
rxn:5:198417:228787:226200	COc1cc(F)cc(-c2cc3nccc(-c4ccc5c(c4)ncn5C(C)C)c3s2)c1	0.010875
rxn:5:182654:228597:227052	Cc1cccc(C#N)c1-c1ccc2ccsc2c1-c1ccc(SC(C)(C)C)cc1	0.010872
rxn:5:199106:229051:226200	CCCn1cc(-c2ccc3nccc(-c4ccc5c(c4)ncn5C(C)C)c3c2C)cn1	0.010861
rxn:5:199106:229061:226200	Cc1c(-c2cnn(C(C)C)c2)ccc2nccc(-c3ccc4c(c3)ncn4C(C)C)c12	0.010856
rxn:5:182637:227106:227668	COc1c(F)cc(-c2cc3ccoc3cc2-c2cc(C3CC3)c(C)cc2F)c(C)c1F	0.010851
rxn:5:198417:227453:223411	Cc1ccc(-c2ccc(-c3cc4nccc(-c5cc6cccnc6[nH]5)c4s3)s2)s1	0.010844
rxn:5:182654:227140:229008	N#Cc1cccc2cc(-c3ccc4ccsc4c3-c3ccc(CF)cc3)sc12	0.010843
rxn:5:182654:227139:229008	N#Cc1cccc2sc(-c3ccc4ccsc4c3-c3ccc(CF)cc3)cc12	0.010843
rxn:5:195463:226412:226977	Cc1cc(-c2cc(F)cc(N3CCCC3)c2)c(-c2cccc3cc(F)ccc23)cc1C#N	0.010836
rxn:5:198748:226962:228574	Cc1ccc(-c2cc(-c3ccc4ccccc4c3F)c3ccncc3c2)c(C#N)c1	0.010835
rxn:5:176993:227838:223000	CCCC(=O)c1ccc(-c2ccc(C3CCCNC3)c(F)c2)c(-c2cc(C)ccc2C2CC2)c1	0.010834
rxn:5:197125:225816:229270	COc1cc(-c2cnc(C#N)s2)c2nc(-c3cc(C4CC4)ccc3C(F)(F)F)sc2c1	0.010831
rxn:5:196970:223341:226200	CC(C)n1cnc2cc(-c3nccc(C4CCCCC4)c3-c3ccc4c(c3)CC(=O)N4)ccc21	0.010831
rxn:5:197125:228259:223205	COc1cc(-c2cc3c(C#N)cccc3[nH]2)c2nc(-c3cc(C)cc(OC)c3F)sc2c1	0.010830
rxn:5:198417:229009:226214	COc1ccc2ccc(-c3ccnc4cc(-c5cc(C6CC6)cs5)sc34)cc2n1	0.010820
rxn:5:198417:229009:226210	COc1ccc2cc(-c3ccnc4cc(-c5cc(C6CC6)cs5)sc34)ccc2n1	0.010820
rxn:5:198417:229009:226207	COc1cc2cc(-c3ccnc4cc(-c5cc(C6CC6)cs5)sc34)ccc2cn1	0.010820
rxn:5:198417:229009:226208	COc1cc2ccc(-c3ccnc4cc(-c5cc(C6CC6)cs5)sc34)cc2cn1	0.010820
rxn:5:195463:226412:227138	Cc1cc(-c2cc(F)cc(N3CCCC3)c2)c(-c2cc3ccc(C#N)cc3s2)cc1C#N	0.010805
rxn:5:195463:226412:227141	Cc1cc(-c2cc(F)cc(N3CCCC3)c2)c(-c2cc3cc(C#N)ccc3s2)cc1C#N	0.010805
rxn:5:195463:226412:227139	Cc1cc(-c2cc(F)cc(N3CCCC3)c2)c(-c2cc3c(C#N)cccc3s2)cc1C#N	0.010805
rxn:5:195463:226412:227140	Cc1cc(-c2cc(F)cc(N3CCCC3)c2)c(-c2cc3cccc(C#N)c3s2)cc1C#N	0.010805
rxn:5:195792:226393:227115	Cc1cc(-c2c(-c3cccnc3-c3cccnc3)cncc2C2CC2)c(F)cc1C1CC1	0.010803
rxn:5:195792:226406:227115	Cc1cc(-c2c(-c3ccccc3-c3cnccn3)cncc2C2CC2)c(F)cc1C1CC1	0.010803
rxn:5:195792:226410:227115	Cc1cc(-c2c(-c3cccnc3-c3ccncc3)cncc2C2CC2)c(F)cc1C1CC1	0.010803
rxn:5:195792:226388:227115	Cc1cc(-c2c(-c3ccccc3-c3ccncn3)cncc2C2CC2)c(F)cc1C1CC1	0.010803
rxn:5:182656:226074:223271	CC(=O)Nc1cc(-c2c(-c3cccc4c(C#N)cccc34)ccc3ccoc23)ccc1F	0.010799
rxn:5:182656:226072:223271	CC(=O)Nc1cc(-c2c(-c3cccc4cccc(C#N)c34)ccc3ccoc23)ccc1F	0.010799
rxn:5:182656:226071:223271	CC(=O)Nc1cc(-c2c(-c3ccc(C#N)c4ccccc34)ccc3ccoc23)ccc1F	0.010799
rxn:5:178225:229296:226200	CC(C)n1cnc2cc(-c3c(OCC4CCCCC4)cccc3-c3cnn(C)c3)ccc21	0.010798
rxn:5:179400:228868:223000	COC(=O)c1ccc(-c2cc(C(=O)C3CC3)ccc2-c2ccc(C3CCCNC3)c(F)c2)s1	0.010795
rxn:5:198417:226427:223390	CC1CCN(c2csc(-c3cc4nccc(-c5ccc6cc[nH]c6c5)c4s3)c2)CC1	0.010790
rxn:5:198417:226424:223390	CC1CCCN(c2csc(-c3cc4nccc(-c5ccc6cc[nH]c6c5)c4s3)c2)C1	0.010790
rxn:5:198417:223145:226462	CCn1cnc2cc(-c3ccnc4cc(-c5ccc(C6CCC(=O)N6)cc5)sc34)c(F)cc21	0.010787
rxn:5:195463:226412:226904	Cc1cc(-c2cc(F)cc(N3CCCC3)c2)c(-c2ccc(C)c3ccccc23)cc1C#N	0.010786
rxn:5:198417:226084:227278	N#CC1(c2ccc(-c3ccnc4cc(-c5ccc6c(c5)C(=O)CCCC6)sc34)cn2)CC1	0.010782
rxn:5:195792:228040:225819	FC(F)(F)c1ccc(C2CC2)c(-c2c(-c3ccnc4ccncc34)cncc2C2CC2)c1	0.010778
rxn:5:195792:228040:225815	FC(F)(F)c1cc(C2CC2)ccc1-c1c(-c2ccnc3ccncc23)cncc1C1CC1	0.010778
rxn:5:195792:228040:225816	FC(F)(F)c1ccc(C2CC2)cc1-c1c(-c2ccnc3ccncc23)cncc1C1CC1	0.010778
rxn:5:195792:228040:225818	FC(F)(F)c1ccc(-c2c(-c3ccnc4ccncc34)cncc2C2CC2)c(C2CC2)c1	0.010778
rxn:5:195792:228040:225817	FC(F)(F)c1ccc(-c2c(-c3ccnc4ccncc34)cncc2C2CC2)cc1C1CC1	0.010778
rxn:5:195792:228040:225821	FC(F)(F)c1cc(-c2c(-c3ccnc4ccncc34)cncc2C2CC2)ccc1C1CC1	0.010778
rxn:5:198417:228131:226462	CCn1cnc2cc(-c3ccnc4cc(-c5cc(F)cc(CC#N)c5)sc34)c(F)cc21	0.010777
rxn:5:182654:226058:229008	CC(C)c1cccc(C(C)C)c1-c1ccc2ccsc2c1-c1ccc(CF)cc1	0.010771
rxn:5:198417:226060:223390	c1cc(-c2ccc3cc[nH]c3c2)c2sc(-c3cc(C4CC4)cc(C4CC4)c3)cc2n1	0.010770
rxn:5:196668:228040:227115	Cc1cc(-c2cc(-c3ccnc4ccncc34)ncc2C2CCCC2)c(F)cc1C1CC1	0.010767
rxn:5:197413:223341:226200	COc1cc2c(-c3ccc4c(c3)CC(=O)N4)ccnc2cc1-c1ccc2c(c1)ncn2C(C)C	0.010763
rxn:5:197409:223341:226200	COc1cc2nccc(-c3ccc4c(c3)ncn4C(C)C)c2cc1-c1ccc2c(c1)CC(=O)N2	0.010763
rxn:5:197430:223341:226200	COc1cc2c(-c3ccc4c(c3)ncn4C(C)C)ccnc2cc1-c1ccc2c(c1)CC(=O)N2	0.010763
rxn:5:177738:223341:226462	CCn1cnc2cc(-c3cc(OC)c(OC4CCC4)cc3-c3ccc4c(c3)CC(=O)N4)c(F)cc21	0.010761
rxn:5:182637:227149:227668	COc1c(F)cc(-c2cc3ccoc3cc2-c2c(C)ccc3c2cnn3C)c(C)c1F	0.010749
rxn:5:195928:223341:226462	CCn1cnc2cc(-c3cccc(-c4cnc(-c5ccc6c(c5)CC(=O)N6)s4)c3)c(F)cc21	0.010741
rxn:5:197450:223341:226200	CC(=O)n1ccc2cc(-c3ccc4c(c3)CC(=O)N4)cc(-c3ccc4c(c3)ncn4C(C)C)c21	0.010726
rxn:5:194141:229270:225447	COC(=O)c1c[nH]c2cc(-c3ccc(OC4CCCCC4)cc3)c(-c3cnc(C#N)s3)cc12	0.010725
rxn:5:198748:229009:227864	Cc1ccc2cc(-c3cc(-c4cc(C5CC5)cs4)c4ccncc4c3)sc2c1	0.010719
rxn:5:198748:229009:227873	Cc1ccc2scc(-c3cc(-c4cc(C5CC5)cs4)c4ccncc4c3)c2c1	0.010719
rxn:5:198748:229009:227866	Cc1ccc2sc(-c3cc(-c4cc(C5CC5)cs4)c4ccncc4c3)cc2c1	0.010719
rxn:5:198417:229009:226905	Cc1ccc2cc(-c3ccnc4cc(-c5cc(C6CC6)cs5)sc34)ccc2c1	0.010719
rxn:5:198417:227199:226200	CC(C)n1cnc2cc(-c3ccnc4cc(-c5ccc6c(c5)N(C)C(=O)C6)sc34)ccc21	0.010718
rxn:5:197125:228259:228338	COc1cc(-c2cnc(OC3CCC3)s2)c2nc(-c3cc(C)cc(OC)c3F)sc2c1	0.010716
rxn:5:180567:229270:226412	COC(=O)c1cc2cc(-c3cnc(C#N)s3)c(-c3cc(F)cc(N4CCCC4)c3)cc2s1	0.010711
rxn:5:198911:227560:228332	COc1cc(SC)c(-c2cc3c(C)c[nH]c3cc2-c2ccc(OC)c(C(F)F)c2)cn1	0.010710
rxn:5:195792:228040:225498	Fc1ccc(C2CCCCC2)cc1-c1c(-c2ccnc3ccncc23)cncc1C1CC1	0.010708
rxn:5:195792:228040:225499	Fc1cc(C2CCCCC2)ccc1-c1c(-c2ccnc3ccncc23)cncc1C1CC1	0.010708
rxn:5:198417:229009:226964	Fc1ccc2cc(-c3ccnc4cc(-c5cc(C6CC6)cs5)sc34)ccc2c1	0.010704
rxn:5:195324:227034:225888	CSc1ccc(-c2c(C#N)cccc2C2CC2)c(-c2cc3nc(C)n(C)c3c(F)c2F)n1	0.010699
rxn:5:182637:227759:227668	COc1c(F)cc(-c2cc3ccoc3cc2-c2c(F)cc(F)c(OC)c2F)c(C)c1F	0.010699
rxn:5:182654:228597:227714	Cc1cccc(C#N)c1-c1ccc2ccsc2c1-c1ccc(SC(F)(F)F)cc1	0.010699
rxn:5:198748:229009:226361	Cc1ccc(-c2cc(-c3cc(C4CC4)cs3)c3ccncc3c2)c(-n2cccn2)c1	0.010699
rxn:5:198417:226428:223390	CC1CCCCN1c1csc(-c2cc3nccc(-c4ccc5cc[nH]c5c4)c3s2)c1	0.010697
rxn:5:182656:228127:226882	COc1cccc(C#N)c1-c1ccc2ccoc2c1-c1ccc(C(F)(F)F)c(F)c1F	0.010690
rxn:5:192661:229272:223000	COc1ncc(-c2ccc(C(=O)c3ccncc3)cc2-c2ccc(C3CCCNC3)c(F)c2)s1	0.010680
rxn:5:199106:228592:227137	CCn1cnc2cc(-c3ccnc4ccc(-c5cncc(C(C)C)c5)c(C)c34)ccc21	0.010673
rxn:5:195324:227034:225792	COc1ccc(-n2cc(-c3nc(SC)ccc3-c3c(C#N)cccc3C3CC3)cn2)cc1	0.010668
rxn:5:195324:227034:225791	COc1ccccc1-n1cc(-c2nc(SC)ccc2-c2c(C#N)cccc2C2CC2)cn1	0.010668
rxn:5:195324:227034:225793	COc1cccc(-n2cc(-c3nc(SC)ccc3-c3c(C#N)cccc3C3CC3)cn2)c1	0.010668
rxn:5:199106:226173:229061	Cc1cc(-n2cccc2)ccc1-c1ccc2nccc(-c3cnn(C(C)C)c3)c2c1C	0.010667
rxn:5:182656:227144:223271	COc1cccc2cc(-c3ccc4ccoc4c3-c3ccc(F)c(NC(C)=O)c3)sc12	0.010662
rxn:5:182656:227145:223271	COc1cccc2sc(-c3ccc4ccoc4c3-c3ccc(F)c(NC(C)=O)c3)cc12	0.010662
rxn:5:198417:226155:223390	CC(=O)c1cc(-c2cc3nccc(-c4ccc5cc[nH]c5c4)c3s2)cc(C2CC2)c1	0.010661
rxn:5:182654:228597:227400	Cc1cccc(C#N)c1-c1ccc2ccsc2c1-c1ccc(-c2nccs2)cc1	0.010658
rxn:5:198417:227869:226462	CCn1cnc2cc(-c3ccnc4cc(-c5ccc6c(c5)CC(C)O6)sc34)c(F)cc21	0.010654
rxn:5:198417:227863:226462	CCn1cnc2cc(-c3ccnc4cc(-c5ccc6c(c5)CCCO6)sc34)c(F)cc21	0.010652
rxn:5:198417:228503:226200	CC(C)n1cnc2cc(-c3ccnc4cc(-c5ccc6c(c5)CCC6)sc34)ccc21	0.010652
rxn:5:196337:223341:226462	CCn1cnc2cc(-c3ccc(-c4ccnc(-c5ccc6c(c5)CC(=O)N6)c4)cc3)c(F)cc21	0.010652
rxn:5:198417:226061:223390	CC(C)c1cc(-c2cc3nccc(-c4ccc5cc[nH]c5c4)c3s2)cc(C2CC2)c1	0.010650
rxn:5:194141:229080:226412	COC(=O)c1c[nH]c2cc(-c3cc(F)cc(N4CCCC4)c3)c(-c3cnc(C4CC4)s3)cc12	0.010647
rxn:5:198417:228990:226656	CCCc1ccc(-c2cc3nccc(-c4cc(-c5ncon5)ccc4C)c3s2)s1	0.010646
rxn:5:198417:226184:223411	Cc1ccc(-c2ccc(-c3cc4nccc(-c5cc6cccnc6[nH]5)c4s3)s2)cc1	0.010642
rxn:5:198417:226194:223411	Cc1ccccc1-c1ccc(-c2cc3nccc(-c4cc5cccnc5[nH]4)c3s2)s1	0.010642
rxn:5:194141:229270:227104	COC(=O)c1c[nH]c2cc(-c3cccc(-c4ccsc4)c3)c(-c3cnc(C#N)s3)cc12	0.010641
rxn:5:195792:226213:227115	COc1ncc(-c2cncc(C3CC3)c2-c2cc(C)c(C3CC3)cc2F)c2ccccc12	0.010639
rxn:5:198748:225394:228574	Cc1ccc(-c2cc(-c3cc(C4CCC4)cc(C4CC4)c3)c3ccncc3c2)c(C#N)c1	0.010632
rxn:5:198417:228990:226404	CCCc1ccc(-c2cc3nccc(-c4cccc(-c5ncccn5)c4)c3s2)s1	0.010631
rxn:5:198417:228990:226367	CCCc1ccc(-c2cc3nccc(-c4cncc(-c5cccnc5)c4)c3s2)s1	0.010631
rxn:5:198417:225438:223390	CC(c1ccc(-c2cc3nccc(-c4ccc5cc[nH]c5c4)c3s2)cc1)N1CCCC1	0.010631
rxn:5:199106:228876:226200	Cc1c(-c2cnn(C3CC3F)c2)ccc2nccc(-c3ccc4c(c3)ncn4C(C)C)c12	0.010627
rxn:5:198417:229009:226073	N#Cc1ccc2cc(-c3ccnc4cc(-c5cc(C6CC6)cs5)sc34)ccc2c1	0.010626
rxn:5:182654:228597:227865	Cc1cccc(C#N)c1-c1ccc2ccsc2c1-c1sc2ccccc2c1C	0.010624
rxn:5:198748:225395:228574	Cc1ccc(-c2cc(-c3cc(C4CC4)cc(C(C)(C)C)c3)c3ccncc3c2)c(C#N)c1	0.010622
rxn:5:182654:228597:228075	Cc1cccc(C#N)c1-c1ccc2ccsc2c1-c1cc2c(F)cccc2s1	0.010619
rxn:5:198417:227860:226200	CC(C)n1cnc2cc(-c3ccnc4cc(-c5ccc6c(c5)CCN6C)sc34)ccc21	0.010617
rxn:5:198417:223397:225443	c1ccc(Oc2ccc(-c3ccnc4cc(-c5ccc6c(c5)CCN6)sc34)cc2)cc1	0.010614
rxn:5:198417:227183:226200	CC(C)n1cnc2cc(-c3ccnc4cc(-c5ccc6c(c5)CN(C)C6=O)sc34)ccc21	0.010612
rxn:5:198417:227197:226200	CC(C)n1cnc2cc(-c3ccnc4cc(-c5ccc6c(c5)C(=O)N(C)C6)sc34)ccc21	0.010612
rxn:5:198417:223148:226200	CC(C)n1cnc2cc(-c3ccnc4cc(-c5ccccc5C5CNCCO5)sc34)ccc21	0.010610
rxn:5:176993:228173:223000	CCCC(=O)c1ccc(-c2ccc(C3CCCNC3)c(F)c2)c(-c2ccc(F)cc2OCC)c1	0.010608
rxn:5:182654:226074:229008	N#Cc1cccc2c(-c3ccc4ccsc4c3-c3ccc(CF)cc3)cccc12	0.010606
rxn:5:182654:226072:229008	N#Cc1cccc2cccc(-c3ccc4ccsc4c3-c3ccc(CF)cc3)c12	0.010606
rxn:5:182654:226071:229008	N#Cc1ccc(-c2ccc3ccsc3c2-c2ccc(CF)cc2)c2ccccc12	0.010606
rxn:5:182656:228127:225812	COc1cccc(C#N)c1-c1ccc2ccoc2c1-c1cc(C)c(F)c(OC(C)C)c1F	0.010603
rxn:5:179400:229272:226037	COc1ncc(-c2cc(C(=O)C3CC3)ccc2-c2ccc(C(F)(F)F)c(OC)c2F)s1	0.010601
rxn:5:197125:228259:227295	COc1cc(-c2ccnc(OC3CCC3)c2)c2nc(-c3cc(C)cc(OC)c3F)sc2c1	0.010600
rxn:5:198417:229009:223016	COC(=O)c1cc(-c2ccnc3cc(-c4cc(C5CC5)cs4)sc23)cc2[nH]ccc12	0.010590
rxn:5:198417:229009:223012	COC(=O)c1cc2cc(-c3ccnc4cc(-c5cc(C6CC6)cs5)sc34)ccc2[nH]1	0.010590
rxn:5:198417:223251:225471	Cc1nc(-c2ccccc2)ccc1-c1ccnc2cc(-c3ccc4c(c3)OCC(=O)N4)sc12	0.010590
rxn:5:176993:228964:223000	CCCC(=O)c1ccc(-c2ccc(C3CCCNC3)c(F)c2)c(-c2cnc(C(=O)OC)s2)c1	0.010585
rxn:5:179840:228411:227636	COc1ccc(-c2ccc(O[C@@H]3CCOC3)cc2-c2ccc(-c3cnccn3)s2)c(F)c1F	0.010583
rxn:5:179840:228411:227633	COc1ccc(-c2ccc(O[C@@H]3CCOC3)cc2-c2ccc(-c3ncccn3)s2)c(F)c1F	0.010583
rxn:5:179840:228411:227643	COc1ccc(-c2ccc(O[C@@H]3CCOC3)cc2-c2ccc(-c3nccs3)nc2)c(F)c1F	0.010583
rxn:5:190583:229270:223164	CCOC(=O)c1cc2cc(-c3cnc(C#N)s3)c(-c3cc(F)c(F)c(NC4CC4)c3)cc2[nH]1	0.010574
rxn:5:181071:226075:228435	COc1ccc2cc(-c3c(OC)cccc3-c3c(SC)ccc(F)c3F)ccc2c1	0.010572
rxn:5:196788:229270:226593	Cc1cc(-c2cccc(-c3c(F)ccc(OC(C)C)c3F)c2)ncc1-c1cnc(C#N)s1	0.010567
rxn:5:182654:226903:229008	Cc1ccc2ccccc2c1-c1ccc2ccsc2c1-c1ccc(CF)cc1	0.010539
rxn:5:182654:226906:229008	Cc1cccc2cccc(-c3ccc4ccsc4c3-c3ccc(CF)cc3)c12	0.010539
rxn:5:199106:228349:226200	Cc1c(-c2cnn(C3CCOC3)c2)ccc2nccc(-c3ccc4c(c3)ncn4C(C)C)c12	0.010538
rxn:5:198417:226946:226462	CCn1cnc2cc(-c3ccnc4cc(-c5ccc6c(c5)CCN(C)C6)sc34)c(F)cc21	0.010537
rxn:5:195435:227453:223320	CC(=O)c1cc(-c2cc(C)cc3[nH]ncc23)cc(-c2ccc(-c3ccc(C)s3)s2)n1	0.010536
rxn:5:199106:229073:226695	COc1cnccc1-c1ccc2nccc(-c3ccc(-c4cncs4)cc3F)c2c1C	0.010534
rxn:5:176993:227325:223000	CCCC(=O)c1ccc(-c2ccc(C3CCCNC3)c(F)c2)c(-c2ccc(OC(C)(C)C)nc2)c1	0.010529
rxn:5:182506:225644:226593	Cc1cccc(-c2ncc(-c3cccc(C)c3-c3c(F)ccc(OC(C)C)c3F)cn2)c1	0.010528
rxn:5:195324:227034:225981	CSc1ccc(-c2c(C#N)cccc2C2CC2)c(-c2cnn(-c3cc(F)cc(F)c3)c2)n1	0.010520
rxn:5:195324:227034:225983	CSc1ccc(-c2c(C#N)cccc2C2CC2)c(-c2cnn(-c3ccc(F)c(F)c3)c2)n1	0.010520
rxn:5:198417:229009:223089	FC(F)(F)c1nc2cc(-c3ccnc4cc(-c5cc(C6CC6)cs5)sc34)ccc2[nH]1	0.010520
rxn:5:199106:227684:226200	Cc1c(-c2cnn(CC3OCCO3)c2)ccc2nccc(-c3ccc4c(c3)ncn4C(C)C)c12	0.010516
rxn:5:182656:226080:223271	COc1ccc(-c2ccc3ccoc3c2-c2ccc(F)c(NC(C)=O)c2)c2ccccc12	0.010512
rxn:5:182656:226077:223271	COc1ccc2ccccc2c1-c1ccc2ccoc2c1-c1ccc(F)c(NC(C)=O)c1	0.010512
rxn:5:182656:226078:223271	COc1cc2ccccc2cc1-c1ccc2ccoc2c1-c1ccc(F)c(NC(C)=O)c1	0.010512
rxn:5:182637:226164:227668	COc1c(F)cc(-c2cc3ccoc3cc2-c2ccc(N3CCCCC3)cc2)c(C)c1F	0.010512
rxn:5:182637:226159:227668	COc1c(F)cc(-c2cc3ccoc3cc2-c2cccc(N3CCCCC3)c2)c(C)c1F	0.010512
rxn:5:198417:228990:226073	CCCc1ccc(-c2cc3nccc(-c4ccc5cc(C#N)ccc5c4)c3s2)s1	0.010506
rxn:5:179840:228411:227616	COc1ccc(-c2ccc(O[C@@H]3CCOC3)cc2-c2ccc(-n3cc(C)cn3)s2)c(F)c1F	0.010504
rxn:5:179840:228411:227618	COc1ccc(-c2ccc(O[C@@H]3CCOC3)cc2-c2ccc(-n3cnc(C)c3)s2)c(F)c1F	0.010504
rxn:5:179840:228411:227621	COc1ccc(-c2ccc(O[C@@H]3CCOC3)cc2-c2ccc(-n3ccnc3C)s2)c(F)c1F	0.010504
rxn:5:198748:225824:228574	Cc1ccc(-c2cc(-c3cc(C4CC4)cc(C(F)(F)F)c3)c3ccncc3c2)c(C#N)c1	0.010502
rxn:5:198748:225815:228574	Cc1ccc(-c2cc(-c3ccc(C4CC4)cc3C(F)(F)F)c3ccncc3c2)c(C#N)c1	0.010502
rxn:5:198748:225816:228574	Cc1ccc(-c2cc(-c3cc(C4CC4)ccc3C(F)(F)F)c3ccncc3c2)c(C#N)c1	0.010502
rxn:5:179400:229272:226047	COc1ncc(-c2cc(C(=O)C3CC3)ccc2-c2ccc(OC(F)(F)F)c(F)c2F)s1	0.010499
rxn:5:179400:229272:226053	COc1ncc(-c2cc(C(=O)C3CC3)ccc2-c2ccc(F)c(OC(F)(F)F)c2F)s1	0.010499
rxn:5:199275:223341:226462	CCn1cnc2cc(-c3cc(C)c4ccc(-c5ccc6c(c5)CC(=O)N6)c(C)c4n3)c(F)cc21	0.010488
rxn:5:198417:229009:226200	CC(C)n1cnc2cc(-c3ccnc4cc(-c5cc(C6CC6)cs5)sc34)ccc21	0.010487
rxn:5:198417:227872:226200	CC(C)n1cnc2cc(-c3ccnc4cc(-c5ccc6c(c5)CCC6=O)sc34)ccc21	0.010475
rxn:5:198417:227870:226200	CC(C)n1cnc2cc(-c3ccnc4cc(-c5ccc6c(c5)C(=O)CC6)sc34)ccc21	0.010475
rxn:5:198748:229009:226905	Cc1ccc2cc(-c3cc(-c4cc(C5CC5)cs4)c4ccncc4c3)ccc2c1	0.010475
rxn:5:198417:228990:226205	CCCc1ccc(-c2cc3nccc(-c4cc(OC)cc5cccnc45)c3s2)s1	0.010474
rxn:5:197757:229270:226593	CCc1c(C)nc2c(-c3cnc(C#N)s3)cccc2c1-c1c(F)ccc(OC(C)C)c1F	0.010466
rxn:5:182654:228597:226166	Cc1cccc(C#N)c1-c1ccc2ccsc2c1-c1ccc(-c2ccncc2)cc1	0.010453
rxn:5:198748:227096:228574	Cc1ccc(-c2cc(-c3cc(-c4ccccc4)cs3)c3ccncc3c2)c(C#N)c1	0.010453
rxn:5:194241:229009:223390	COC(=O)c1cc(-c2ccc3cc[nH]c3c2)c2c(-c3cc(C4CC4)cs3)cccc2n1	0.010443
rxn:5:197125:226217:229270	COc1cc(-c2cnc(C#N)s2)c2nc(-c3cc4cc(C)cc(OC)c4s3)sc2c1	0.010441
rxn:5:198417:225441:223390	CC(C)(C)c1ncc(C2CC2)cc1-c1cc2nccc(-c3ccc4cc[nH]c4c3)c2s1	0.010425
rxn:5:181071:226756:228435	COc1cc(-c2c(OC)cccc2-c2c(SC)ccc(F)c2F)ccc1C(F)(F)F	0.010423
rxn:5:176993:228338:223000	CCCC(=O)c1ccc(-c2ccc(C3CCCNC3)c(F)c2)c(-c2cnc(OC3CCC3)s2)c1	0.010421
rxn:5:179840:228411:226373	COc1ccc(-c2ccc(O[C@@H]3CCOC3)cc2-c2ccc(-n3ccc(C)n3)cc2)c(F)c1F	0.010419
rxn:5:198748:229009:226071	N#Cc1ccc(-c2cc(-c3cc(C4CC4)cs3)c3ccncc3c2)c2ccccc12	0.010419
rxn:5:198748:229009:226074	N#Cc1cccc2c(-c3cc(-c4cc(C5CC5)cs4)c4ccncc4c3)cccc12	0.010419
rxn:5:198748:229009:226072	N#Cc1cccc2cccc(-c3cc(-c4cc(C5CC5)cs4)c4ccncc4c3)c12	0.010419
rxn:5:198417:226189:227278	N#CC1(c2ccc(-c3ccnc4cc(-c5ccc(C6CCCC6)c(F)c5)sc34)cn2)CC1	0.010415
rxn:5:182656:228127:227098	COc1cccc(C#N)c1-c1ccc2ccoc2c1-c1ccc(-c2cccs2)cc1	0.010407
rxn:5:198417:223113:226462	CCn1cnc2cc(-c3ccnc4cc(-c5ccc6c(c5)C(C)(C)C(=O)N6)sc34)c(F)cc21	0.010400
rxn:5:179759:229009:223390	c1ccc(-c2ccc3cc[nH]c3c2)c(Oc2ccc(-c3cc(C4CC4)cs3)cc2)c1	0.010390
rxn:5:198911:226931:228332	COc1cc(SC)c(-c2cc3c(C)c[nH]c3cc2-c2c(C)ccc3ncccc23)cn1	0.010388
rxn:5:182654:228597:226964	Cc1cccc(C#N)c1-c1ccc2ccsc2c1-c1ccc2cc(F)ccc2c1	0.010387
rxn:5:198417:226465:226200	CC(C)n1cnc2cc(-c3ccnc4cc(-c5ccc6c(c5)n(C)c(=O)n6C)sc34)ccc21	0.010386
rxn:5:195435:225489:223320	CC(=O)c1cc(-c2cc(C)cc3[nH]ncc23)cc(-c2cc(F)cc(-c3ccccc3)c2)n1	0.010384
rxn:5:179879:229296:226200	CC(C)n1cnc2cc(-c3ccccc3C(=O)c3ccc(-c4cnn(C)c4)cc3)ccc21	0.010372
rxn:5:198417:228078:226200	CC(C)n1cnc2cc(-c3ccnc4cc(-c5ccc6c(c5)COC6=O)sc34)ccc21	0.010372
rxn:5:198417:228077:226200	CC(C)n1cnc2cc(-c3ccnc4cc(-c5ccc6c(c5)C(=O)OC6)sc34)ccc21	0.010372
rxn:5:198417:229009:226082	COc1ccc2ccc(-c3ccnc4cc(-c5cc(C6CC6)cs5)sc34)cc2c1	0.010366
rxn:5:198417:229009:226075	COc1ccc2cc(-c3ccnc4cc(-c5cc(C6CC6)cs5)sc34)ccc2c1	0.010366
rxn:5:195324:227034:225847	CSc1ccc(-c2c(C#N)cccc2C2CC2)c(-c2cnn(-c3ccc(F)cc3C)c2)n1	0.010362
rxn:5:197125:228259:228057	COc1cc(-c2ccc3oc(C)nc3c2)c2nc(-c3cc(C)cc(OC)c3F)sc2c1	0.010362
rxn:5:176993:227562:223000	CCCC(=O)c1ccc(-c2ccc(C3CCCNC3)c(F)c2)c(-c2c(F)ccc(OC)c2OC)c1	0.010358
rxn:5:199106:223235:227137	CCn1cnc2cc(-c3ccnc4ccc(-c5ccc(-c6cn[nH]c6)cc5)c(C)c34)ccc21	0.010357
rxn:5:199106:223238:227137	CCn1cnc2cc(-c3ccnc4ccc(-c5cccc(-c6cn[nH]c6)c5)c(C)c34)ccc21	0.010357
rxn:5:182654:228597:225811	Cc1cccc(C#N)c1-c1ccc2ccsc2c1-c1ccc(C2(C(F)(F)F)CC2)cc1	0.010353
rxn:5:182656:227098:223271	CC(=O)Nc1cc(-c2c(-c3ccc(-c4cccs4)cc3)ccc3ccoc23)ccc1F	0.010352
rxn:5:195324:227034:225651	CSc1ccc(-c2c(C#N)cccc2C2CC2)c(-c2cc(C)cc(-c3cnn(C)c3)c2)n1	0.010343
rxn:5:194141:229270:227749	COC(=O)c1c[nH]c2cc(-c3cc(F)cc(C(F)(F)F)c3)c(-c3cnc(C#N)s3)cc12	0.010341
rxn:5:194141:229270:227746	COC(=O)c1c[nH]c2cc(-c3cccc(C(F)(F)F)c3F)c(-c3cnc(C#N)s3)cc12	0.010341
rxn:5:195792:226168:227115	Cc1cc(-c2c(-c3ccccc3-c3cccnc3)cncc2C2CC2)c(F)cc1C1CC1	0.010337
rxn:5:195792:226178:227115	Cc1cc(-c2c(-c3ccccc3-c3ccncc3)cncc2C2CC2)c(F)cc1C1CC1	0.010337
rxn:5:195792:226161:227115	Cc1cc(-c2c(-c3cnccc3-c3ccccc3)cncc2C2CC2)c(F)cc1C1CC1	0.010337
rxn:5:199106:229217:226695	Cc1c(-c2ccc(F)cc2)ccc2nccc(-c3ccc(-c4cncs4)cc3F)c12	0.010333
rxn:5:195324:227034:223068	CSc1ccc(-c2c(C#N)cccc2C2CC2)c(-c2ccc3[nH]c(C(F)(F)F)cc3c2)n1	0.010332
rxn:5:182654:228597:226083	COc1c(-c2c(-c3c(C)cccc3C#N)ccc3ccsc23)ccc2ccccc12	0.010329
rxn:5:199106:227491:227137	CCn1cnc2cc(-c3ccnc4ccc(-c5cnc(OC6CCC6)nc5)c(C)c34)ccc21	0.010313
rxn:5:194141:229270:225471	COC(=O)c1c[nH]c2cc(-c3ccc(-c4ccccc4)nc3C)c(-c3cnc(C#N)s3)cc12	0.010296
rxn:5:179400:226206:228821	COc1cc2c(-c3cc(C(=O)C4CC4)ccc3-c3ccc(C)c(F)c3F)cccc2cn1	0.010289
rxn:5:199106:229199:226695	Cc1ccc(-c2ccc3nccc(-c4ccc(-c5cncs5)cc4F)c3c2C)cc1	0.010288
rxn:5:199106:228679:226200	Cc1c(-c2cnn(CC3CC3)c2)ccc2nccc(-c3ccc4c(c3)ncn4C(C)C)c12	0.010287
rxn:5:182637:227119:227668	COc1c(F)cc(-c2cc3ccoc3cc2-c2cc(C3CCCCC3)cs2)c(C)c1F	0.010282
rxn:5:198911:229270:228458	CSc1ncc(-c2cc3c(C)c[nH]c3cc2-c2cnc(C#N)s2)c(SC)n1	0.010266
rxn:5:198417:225812:223390	Cc1cc(-c2cc3nccc(-c4ccc5cc[nH]c5c4)c3s2)c(F)c(OC(C)C)c1F	0.010266
rxn:5:198417:225927:227278	CN(C)c1ccc(C(F)(F)F)cc1-c1cc2nccc(-c3ccc(C4(C#N)CC4)nc3)c2s1	0.010263
rxn:5:194141:229270:225394	COC(=O)c1c[nH]c2cc(-c3cc(C4CCC4)cc(C4CC4)c3)c(-c3cnc(C#N)s3)cc12	0.010260
rxn:5:198748:229009:225813	Cc1c(-c2cc(-c3cc(C4CC4)cs3)c3ccncc3c2)cc(F)c(OC(C)C)c1F	0.010258
rxn:5:194141:228921:226412	COC(=O)c1c[nH]c2cc(-c3cc(F)cc(N4CCCC4)c3)c(-c3ccc(C(F)F)nc3)cc12	0.010252
rxn:5:176993:227353:223000	CCCC(=O)c1ccc(-c2ccc(C3CCCNC3)c(F)c2)c(-c2c(C)cc(OC)cc2OC)c1	0.010251
rxn:5:198417:223145:226200	CC(C)n1cnc2cc(-c3ccnc4cc(-c5ccc(C6CCC(=O)N6)cc5)sc34)ccc21	0.010242
rxn:5:181071:226065:228435	COc1cccc(-c2c(SC)ccc(F)c2F)c1-c1cccc(-c2ccccc2)c1	0.010240
rxn:5:179400:227346:223000	CCCc1cc(F)c(-c2cc(C(=O)C3CC3)ccc2-c2ccc(C3CCCNC3)c(F)c2)c(F)c1	0.010234
rxn:5:198417:228990:223017	CCCc1ccc(-c2cc3nccc(-c4cc5cccc(C(=O)OC)c5[nH]4)c3s2)s1	0.010232
rxn:5:198417:228990:223013	CCCc1ccc(-c2cc3nccc(-c4cc5ccc(C(=O)OC)cc5[nH]4)c3s2)s1	0.010232
rxn:5:198417:228990:223015	CCCc1ccc(-c2cc3nccc(-c4cc5cc(C(=O)OC)ccc5[nH]4)c3s2)s1	0.010232
rxn:5:176594:228381:225983	CC(=O)COc1ccc(-c2c(F)cc(C#N)cc2F)c(-c2cnn(-c3ccc(F)c(F)c3)c2)c1	0.010227
rxn:5:199106:228967:226200	Cc1c(-c2cn(C)nc2C(F)F)ccc2nccc(-c3ccc4c(c3)ncn4C(C)C)c12	0.010226
rxn:5:194237:229270:228332	COC(=O)c1cc(-c2cnc(OC)cc2SC)nc2c(-c3cnc(C#N)s3)cccc12	0.010222
rxn:5:182637:225655:227668	COc1c(F)cc(-c2cc3ccoc3cc2-c2cncc(N3CCC(C)CC3)c2)c(C)c1F	0.010216
rxn:5:198417:226193:223390	Cc1ccc(-c2csc(-c3cc4nccc(-c5ccc6cc[nH]c6c5)c4s3)c2)cc1	0.010205
rxn:5:198417:226192:223390	Cc1ccccc1-c1csc(-c2cc3nccc(-c4ccc5cc[nH]c5c4)c3s2)c1	0.010205
rxn:5:198417:226195:223390	Cc1cccc(-c2csc(-c3cc4nccc(-c5ccc6cc[nH]c6c5)c4s3)c2)c1	0.010205
rxn:5:182654:228597:227132	Cc1cccc(C#N)c1-c1ccc2ccsc2c1-c1ccc(-c2ccsc2)cc1	0.010205
rxn:5:176993:223412:223000	CCCC(=O)c1ccc(-c2ccc(C3CCCNC3)c(F)c2)c(-c2nc3ccccc3[nH]2)c1	0.010197
rxn:5:198417:227869:226200	CC1Cc2cc(-c3cc4nccc(-c5ccc6c(c5)ncn6C(C)C)c4s3)ccc2O1	0.010197
rxn:5:198417:227863:226200	CC(C)n1cnc2cc(-c3ccnc4cc(-c5ccc6c(c5)CCCO6)sc34)ccc21	0.010195
rxn:5:182654:226709:229008	Cc1cc(C(F)(F)F)cc(C)c1-c1ccc2ccsc2c1-c1ccc(CF)cc1	0.010193
rxn:5:198417:228990:226163	CCCc1ccc(-c2cc3nccc(-c4cccc(-c5cccnc5)c4)c3s2)s1	0.010185
rxn:5:199106:228975:226200	Cc1c(-c2cnn(C(F)(F)F)c2)ccc2nccc(-c3ccc4c(c3)ncn4C(C)C)c12	0.010183
rxn:5:182654:228597:225450	Cc1cccc(C#N)c1-c1ccc2ccsc2c1-c1ccc(C(=O)C2CCCC2)cc1	0.010179
rxn:5:194141:227625:226412	COC(=O)c1c[nH]c2cc(-c3cc(F)cc(N4CCCC4)c3)c(-c3cnc(C4CCCO4)nc3)cc12	0.010176
rxn:5:198417:226454:223390	Fc1ccc(-c2csc(-c3cc4nccc(-c5ccc6cc[nH]c6c5)c4s3)c2)cc1	0.010174
rxn:5:198417:226455:223390	Fc1cccc(-c2csc(-c3cc4nccc(-c5ccc6cc[nH]c6c5)c4s3)c2)c1	0.010174
rxn:5:198417:226453:223390	Fc1ccccc1-c1csc(-c2cc3nccc(-c4ccc5cc[nH]c5c4)c3s2)c1	0.010174
rxn:5:182654:225579:229008	N#Cc1cc(-n2cccc2)ccc1-c1ccc2ccsc2c1-c1ccc(CF)cc1	0.010171
rxn:5:198417:227971:226462	CCn1cnc2cc(-c3ccnc4cc(-c5cnccc5C(C)(C)C)sc34)c(F)cc21	0.010160
rxn:5:199106:226038:229061	COc1cc(C(F)(F)F)c(F)cc1-c1ccc2nccc(-c3cnn(C(C)C)c3)c2c1C	0.010156
rxn:5:198417:225624:223411	COc1ccc(-c2ccc(-c3cc4nccc(-c5cc6cccnc6[nH]5)c4s3)s2)cc1	0.010155
rxn:5:198417:225626:223411	COc1ccccc1-c1ccc(-c2cc3nccc(-c4cc5cccnc5[nH]4)c3s2)s1	0.010155
rxn:5:198417:227276:226462	CCc1cc(N(C)C)ncc1-c1cc2nccc(-c3cc4ncn(CC)c4cc3F)c2s1	0.010153
rxn:5:197125:228259:227157	COc1cc(-c2cc(C)cc3c2cnn3C)c2nc(-c3cc(C)cc(OC)c3F)sc2c1	0.010151
rxn:5:198417:226861:227278	N#CC1(c2ccc(-c3ccnc4cc(-c5ccc(OC(F)(F)F)c(F)c5)sc34)cn2)CC1	0.010147
rxn:5:190588:229272:223000	CCOC(=O)c1cc2c(-c3ccc(C4CCCNC4)c(F)c3)ccc(-c3cnc(OC)s3)c2[nH]1	0.010133
rxn:5:190587:229272:223000	CCOC(=O)c1cc2c(-c3cnc(OC)s3)ccc(-c3ccc(C4CCCNC4)c(F)c3)c2[nH]1	0.010133
rxn:5:182637:227711:227668	COc1c(F)cc(-c2cc3ccoc3cc2-c2ccc(F)c(OC(F)F)c2)c(C)c1F	0.010131
rxn:5:199106:229037:226200	Cc1ccc(-c2ccc3nccc(-c4ccc5c(c4)ncn5C(C)C)c3c2C)cc1F	0.010128
rxn:5:199106:227490:227137	CCn1cnc2cc(-c3ccnc4ccc(-c5cnc(OC(C)(C)C)nc5)c(C)c34)ccc21	0.010126
rxn:5:198417:226319:226462	CCn1cnc2cc(-c3ccnc4cc(-c5ccc(C(=O)N6CCC6)cc5)sc34)c(F)cc21	0.010122
rxn:5:176993:226924:223000	CCCC(=O)c1ccc(-c2ccc(C3CCCNC3)c(F)c2)c(-c2cc(C)cc(C3CC3)c2C)c1	0.010119
rxn:5:179400:229272:225479	COc1ncc(-c2cc(C(=O)C3CC3)ccc2-c2ccc(-c3ccccc3)c(F)c2)s1	0.010114
rxn:5:179400:229272:225481	COc1ncc(-c2cc(C(=O)C3CC3)ccc2-c2cccc(-c3ccccc3)c2F)s1	0.010114
rxn:5:197125:228259:225581	COc1cc(-c2ccc(CN3CCOCC3)cc2)c2nc(-c3cc(C)cc(OC)c3F)sc2c1	0.010113
rxn:5:196337:223341:226200	CC(C)n1cnc2cc(-c3ccc(-c4ccnc(-c5ccc6c(c5)CC(=O)N6)c4)cc3)ccc21	0.010112
rxn:5:196336:223341:226200	CC(C)n1cnc2cc(-c3cccc(-c4ccnc(-c5ccc6c(c5)CC(=O)N6)c4)c3)ccc21	0.010112
rxn:5:196350:223341:226200	CC(C)n1cnc2cc(-c3cccc(-c4cc(-c5ccc6c(c5)CC(=O)N6)ccn4)c3)ccc21	0.010112
rxn:5:198620:226030:223421	CNC(C)c1ccc(-c2ccnc3ccc(-c4cc(F)c(OC)c(C(F)(F)F)c4)cc23)s1	0.010105
rxn:5:199106:228703:226200	Cc1c(-c2cnn(C3CCC3)c2)ccc2nccc(-c3ccc4c(c3)ncn4C(C)C)c12	0.010099
rxn:5:198513:226350:223164	COC(=O)c1c(C)ccc(-c2cc3cc[nH]c3cc2-c2cc(F)c(F)c(NC3CC3)c2)c1C	0.010097
rxn:5:199106:228710:226200	Cc1c(-c2cnc(C(C)C)nc2)ccc2nccc(-c3ccc4c(c3)ncn4C(C)C)c12	0.010096
rxn:5:182823:228040:227115	Cc1cc(-c2cc3ccccc3cc2-c2ccnc3ccncc23)c(F)cc1C1CC1	0.010069
rxn:5:198417:227149:226462	CCn1cnc2cc(-c3ccnc4cc(-c5c(C)ccc6c5cnn6C)sc34)c(F)cc21	0.010069
rxn:5:198417:226211:226462	CCn1cnc2cc(-c3ccnc4cc(-c5ccc6c(c5)CCN6C(C)=O)sc34)c(F)cc21	0.010066
rxn:5:198911:226378:228332	COc1cc(SC)c(-c2cc3c(C)c[nH]c3cc2-c2ccnc(-c3ccncc3)c2)cn1	0.010064
rxn:5:182656:226035:223271	COc1ccc(C(F)(F)F)c(F)c1-c1ccc2ccoc2c1-c1ccc(F)c(NC(C)=O)c1	0.010064
rxn:5:199106:228707:226200	Cc1c(-c2cnn(C(C)(C)C)c2)ccc2nccc(-c3ccc4c(c3)ncn4C(C)C)c12	0.010064
rxn:5:198417:229009:226768	CSc1ccc(-c2ccnc3cc(-c4cc(C5CC5)cs4)sc23)cc1C(F)(F)F	0.010062
rxn:5:198417:229009:223068	FC(F)(F)c1cc2cc(-c3ccnc4cc(-c5cc(C6CC6)cs5)sc34)ccc2[nH]1	0.010062
rxn:5:196764:228977:228435	CSc1ccc(F)c(F)c1-c1cc(-c2ccc(-c3ccc4c(c3)CC4)cc2C)ccn1	0.010057
rxn:5:182637:226778:227668	COc1cc(-c2cc3occc3cc2-c2cc(F)c(OC)c(F)c2C)c(F)c(F)c1OC	0.010053
rxn:5:198417:225394:223390	c1cc(-c2ccc3cc[nH]c3c2)c2sc(-c3cc(C4CCC4)cc(C4CC4)c3)cc2n1	0.010044
rxn:5:197125:228259:222959	COc1cc(-c2ccc(C3CCNCC3)c(C)c2)c2nc(-c3cc(C)cc(OC)c3F)sc2c1	0.010039
rxn:5:198417:225395:223390	CC(C)(C)c1cc(-c2cc3nccc(-c4ccc5cc[nH]c5c4)c3s2)cc(C2CC2)c1	0.010038
rxn:5:181963:229270:226593	Cc1ccc(-c2ccc(-c3c(F)ccc(OC(C)C)c3F)cc2)cc1-c1cnc(C#N)s1	0.010032
rxn:5:181962:229270:226593	Cc1ccc(-c2cccc(-c3cnc(C#N)s3)c2)cc1-c1c(F)ccc(OC(C)C)c1F	0.010032
rxn:5:181964:229270:226593	Cc1ccccc1-c1cc(-c2cnc(C#N)s2)cc(-c2c(F)ccc(OC(C)C)c2F)c1	0.010032
rxn:5:198748:229009:225579	N#Cc1cc(-n2cccc2)ccc1-c1cc(-c2cc(C3CC3)cs2)c2ccncc2c1	0.010030
rxn:5:179400:226732:228821	Cc1ccc(-c2ccc(C(=O)C3CC3)cc2-c2ccc(C#N)c(C(F)(F)F)c2)c(F)c1F	0.010011
rxn:5:179400:227459:223000	Cn1ncc2cc(F)c(-c3cc(C(=O)C4CC4)ccc3-c3ccc(C4CCCNC4)c(F)c3)cc21	0.010010
rxn:5:198417:226946:226200	CC(C)n1cnc2cc(-c3ccnc4cc(-c5ccc6c(c5)CCN(C)C6)sc34)ccc21	0.010009
rxn:5:198748:229009:226028	N#Cc1c(C(F)(F)F)ccc(-c2cc(-c3cc(C4CC4)cs3)c3ccncc3c2)c1F	0.009998
rxn:5:198513:225833:223164	Fc1cc(-c2cc3[nH]ccc3cc2-c2ccnc(N3CCCCC3)c2F)cc(NC2CC2)c1F	0.009995
rxn:5:179400:227750:228821	Cc1ccc(-c2ccc(C(=O)C3CC3)cc2-c2cccc(F)c2C(F)(F)F)c(F)c1F	0.009993
rxn:5:179400:227748:228821	Cc1ccc(-c2ccc(C(=O)C3CC3)cc2-c2ccc(F)c(C(F)(F)F)c2)c(F)c1F	0.009993
rxn:5:198417:227808:226462	CCn1cnc2cc(-c3ccnc4cc(-c5ccc6c(c5)CCCC6)sc34)c(F)cc21	0.009992
rxn:5:182654:228597:226066	Cc1cccc(C#N)c1-c1ccc2ccsc2c1-c1ccc(-c2ccccc2)cc1	0.009987
rxn:5:192423:228977:228435	CSc1ccc(F)c(F)c1-c1ccccc1Oc1ncccc1-c1ccc2c(c1)CC2	0.009982
rxn:5:182637:227649:227668	COc1c(F)cc(-c2cc3ccoc3cc2-c2ccnc(-c3nccs3)c2)c(C)c1F	0.009978
rxn:5:198911:226591:228332	COc1cc(SC)c(-c2cc3c(C)c[nH]c3cc2-c2ccc(OC(C)C)c(F)c2F)cn1	0.009959
rxn:5:198417:229270:228458	CSc1ncc(-c2ccnc3cc(-c4cnc(C#N)s4)sc23)c(SC)n1	0.009950
rxn:5:195324:227034:225578	CCc1ccc(-n2cc(-c3nc(SC)ccc3-c3c(C#N)cccc3C3CC3)cn2)cc1	0.009943
rxn:5:176993:228024:223000	CCCC(=O)c1ccc(-c2ccc(C3CCCNC3)c(F)c2)c(-c2cccc3cnn(C)c23)c1	0.009936
rxn:5:196971:228040:227115	Cc1cc(-c2cc(-c3ccnc4ccncc34)ncc2C2CCCCC2)c(F)cc1C1CC1	0.009933
rxn:5:198417:223113:226200	CC(C)n1cnc2cc(-c3ccnc4cc(-c5ccc6c(c5)C(C)(C)C(=O)N6)sc34)ccc21	0.009932
rxn:5:192645:226412:229270	Cc1cnc(C(=O)c2cc(-c3cc(F)cc(N4CCCC4)c3)cc(-c3cnc(C#N)s3)c2)s1	0.009932
rxn:5:199106:228677:226200	Cc1c(-c2cnn(CC(C)C)c2)ccc2nccc(-c3ccc4c(c3)ncn4C(C)C)c12	0.009921
rxn:5:199106:227963:227137	CCn1cnc2cc(-c3ccnc4ccc(-c5ccnc(C(C)(C)C)c5)c(C)c34)ccc21	0.009920
rxn:5:195324:227034:226695	CSc1ccc(-c2c(C#N)cccc2C2CC2)c(-c2ccc(-c3cncs3)cc2F)n1	0.009915
rxn:5:198417:223018:226462	CCn1cnc2cc(-c3ccnc4cc(-c5ccc6c(c5)NC(=O)C(C)(C)O6)sc34)c(F)cc21	0.009914
rxn:5:198911:222959:228332	COc1cc(SC)c(-c2cc3c(C)c[nH]c3cc2-c2ccc(C3CCNCC3)c(C)c2)cn1	0.009909
rxn:5:199106:227458:226200	Cc1c(-c2cnc3c(c2)OCCN3C)ccc2nccc(-c3ccc4c(c3)ncn4C(C)C)c12	0.009897
rxn:5:198417:228057:226200	Cc1nc2cc(-c3cc4nccc(-c5ccc6c(c5)ncn6C(C)C)c4s3)ccc2o1	0.009887
rxn:5:195792:223088:227115	Cc1cc(-c2c(-c3ccnc4[nH]c(C(F)(F)F)cc34)cncc2C2CC2)c(F)cc1C1CC1	0.009887
rxn:5:198748:229009:225857	Cc1ccn(-c2cc(F)cc(-c3cc(-c4cc(C5CC5)cs4)c4ccncc4c3)c2)n1	0.009880
rxn:5:198417:225815:223390	FC(F)(F)c1cc(C2CC2)ccc1-c1cc2nccc(-c3ccc4cc[nH]c4c3)c2s1	0.009873
rxn:5:198417:225816:223390	FC(F)(F)c1ccc(C2CC2)cc1-c1cc2nccc(-c3ccc4cc[nH]c4c3)c2s1	0.009873
rxn:5:198417:225824:223390	FC(F)(F)c1cc(-c2cc3nccc(-c4ccc5cc[nH]c5c4)c3s2)cc(C2CC2)c1	0.009873
rxn:5:194141:228155:226412	COC(=O)c1c[nH]c2cc(-c3cc(F)cc(N4CCCC4)c3)c(-c3ccc(OC)c(OC)c3)cc12	0.009859
rxn:5:199106:228759:226200	CC(=O)c1ccc(-c2ccc3nccc(-c4ccc5c(c4)ncn5C(C)C)c3c2C)cn1	0.009857
rxn:5:198911:226906:228332	COc1cc(SC)c(-c2cc3c(C)c[nH]c3cc2-c2cccc3cccc(C)c23)cn1	0.009855
rxn:5:179400:227142:228821	COc1ccc2sc(-c3cc(C(=O)C4CC4)ccc3-c3ccc(C)c(F)c3F)cc2c1	0.009855
rxn:5:179400:227143:228821	COc1ccc2cc(-c3cc(C(=O)C4CC4)ccc3-c3ccc(C)c(F)c3F)sc2c1	0.009855
rxn:5:179400:227144:228821	COc1cccc2cc(-c3cc(C(=O)C4CC4)ccc3-c3ccc(C)c(F)c3F)sc12	0.009855
rxn:5:179400:227145:228821	COc1cccc2sc(-c3cc(C(=O)C4CC4)ccc3-c3ccc(C)c(F)c3F)cc12	0.009855
rxn:5:198417:226971:226462	CCn1cnc2cc(-c3ccnc4cc(-c5ccc6c(c5)CCCOC6)sc34)c(F)cc21	0.009853
rxn:5:182506:225582:226593	Cc1cccc(-c2cncc(Oc3ccccc3)c2)c1-c1c(F)ccc(OC(C)C)c1F	0.009851
rxn:5:180570:229270:226593	COC(=O)c1sc2cc(-c3c(F)ccc(OC(C)C)c3F)ccc2c1-c1cnc(C#N)s1	0.009844
rxn:5:198417:226969:226462	CCn1cnc2cc(-c3ccnc4cc(-c5ccc6c(c5)CCCC6=O)sc34)c(F)cc21	0.009830
rxn:5:198417:226966:226462	CCn1cnc2cc(-c3ccnc4cc(-c5ccc6c(c5)C(=O)CCC6)sc34)c(F)cc21	0.009830
rxn:5:198911:227138:228332	COc1cc(SC)c(-c2cc3c(C)c[nH]c3cc2-c2cc3ccc(C#N)cc3s2)cn1	0.009818
rxn:5:198911:227141:228332	COc1cc(SC)c(-c2cc3c(C)c[nH]c3cc2-c2cc3cc(C#N)ccc3s2)cn1	0.009818
rxn:5:198911:227139:228332	COc1cc(SC)c(-c2cc3c(C)c[nH]c3cc2-c2cc3c(C#N)cccc3s2)cn1	0.009818
rxn:5:198911:227140:228332	COc1cc(SC)c(-c2cc3c(C)c[nH]c3cc2-c2cc3cccc(C#N)c3s2)cn1	0.009818
rxn:5:198417:225629:223390	COc1ccc(-c2csc(-c3cc4nccc(-c5ccc6cc[nH]c6c5)c4s3)c2)cc1	0.009814
rxn:5:198417:225628:223390	COc1ccccc1-c1csc(-c2cc3nccc(-c4ccc5cc[nH]c5c4)c3s2)c1	0.009814
rxn:5:179883:229272:223000	COc1ncc(-c2cc(C(=O)c3ccccc3)ccc2-c2ccc(C3CCCNC3)c(F)c2)s1	0.009812
rxn:5:179879:229272:223000	COc1ncc(-c2ccc(C(=O)c3ccccc3-c3ccc(C4CCCNC4)c(F)c3)cc2)s1	0.009812
rxn:5:181736:223341:226462	CCn1cnc2cc(-c3ccc(-c4ccccc4-c4ccc5c(c4)CC(=O)N5)cc3)c(F)cc21	0.009811
rxn:5:180096:225444:229270	N#Cc1ncc(-c2cc(-c3cccc(Oc4ccccc4)c3)ccc2OC2CCCC2)s1	0.009793
rxn:5:182656:225459:223271	CC(=O)Nc1cc(-c2c(-c3ccnc(-c4cccc(C)c4)c3)ccc3ccoc23)ccc1F	0.009793
rxn:5:179840:228411:225793	COc1cccc(-n2cc(-c3cc(O[C@@H]4CCOC4)ccc3-c3ccc(OC)c(F)c3F)cn2)c1	0.009791
rxn:5:194141:229270:226869	COC(=O)c1c[nH]c2cc(-c3cc(F)cc(OC(F)(F)F)c3)c(-c3cnc(C#N)s3)cc12	0.009790
rxn:5:199106:228388:227137	CCn1cnc2cc(-c3ccnc4ccc(-c5cc(C(F)F)ncc5C)c(C)c34)ccc21	0.009784
rxn:5:182654:228597:225407	Cc1cccc(C#N)c1-c1ccc2ccsc2c1-c1ccc(C2CCCCCC2)cc1	0.009775
rxn:5:199106:227922:227137	CCc1cc(OC)ccc1-c1ccc2nccc(-c3ccc4c(c3)ncn4CC)c2c1C	0.009769
rxn:5:198417:227980:226462	CCn1cnc2cc(-c3ccnc4cc(-c5ccc(C6CC6)cc5F)sc34)c(F)cc21	0.009752
rxn:5:198417:229009:225463	Cc1ccccc1-c1cncc(-c2ccnc3cc(-c4cc(C5CC5)cs4)sc23)c1	0.009751
rxn:5:176993:228868:223000	CCCC(=O)c1ccc(-c2ccc(C3CCCNC3)c(F)c2)c(-c2ccc(C(=O)OC)s2)c1	0.009741
rxn:5:198417:229009:225694	Fc1ccccc1-c1ncccc1-c1ccnc2cc(-c3cc(C4CC4)cs3)sc12	0.009737
rxn:5:198417:227808:226200	CC(C)n1cnc2cc(-c3ccnc4cc(-c5ccc6c(c5)CCCC6)sc34)ccc21	0.009735
rxn:5:182654:228597:225615	Cc1cccc(C#N)c1-c1ccc2ccsc2c1-c1ccc(Oc2ccncc2)cc1	0.009733
rxn:5:182654:228597:225614	Cc1cccc(C#N)c1-c1ccc2ccsc2c1-c1ccc(Oc2cccnc2)cc1	0.009733
rxn:5:194141:227528:226412	COC(=O)c1ccc(-c2cc3c(C(=O)OC)c[nH]c3cc2-c2cc(F)cc(N3CCCC3)c2)cc1F	0.009723
rxn:5:194141:228428:226412	COC(=O)c1c[nH]c2cc(-c3cc(F)cc(N4CCCC4)c3)c(-c3cc(OC)cc(F)c3F)cc12	0.009717
rxn:5:194141:228412:226412	COC(=O)c1c[nH]c2cc(-c3cc(F)cc(N4CCCC4)c3)c(-c3cc(OC)c(F)cc3F)cc12	0.009717
rxn:5:198748:226454:228574	Cc1ccc(-c2cc(-c3cc(-c4ccc(F)cc4)cs3)c3ccncc3c2)c(C#N)c1	0.009709
rxn:5:198748:226455:228574	Cc1ccc(-c2cc(-c3cc(-c4cccc(F)c4)cs3)c3ccncc3c2)c(C#N)c1	0.009709
rxn:5:198748:226453:228574	Cc1ccc(-c2cc(-c3cc(-c4ccccc4F)cs3)c3ccncc3c2)c(C#N)c1	0.009709
rxn:5:198748:226195:228574	Cc1cccc(-c2csc(-c3cc(-c4ccc(C)cc4C#N)cc4cnccc34)c2)c1	0.009706
rxn:5:198748:226193:228574	Cc1ccc(-c2csc(-c3cc(-c4ccc(C)cc4C#N)cc4cnccc34)c2)cc1	0.009706
rxn:5:198748:226192:228574	Cc1ccc(-c2cc(-c3cc(-c4ccccc4C)cs3)c3ccncc3c2)c(C#N)c1	0.009706
rxn:5:199106:223390:226695	Cc1c(-c2ccc3cc[nH]c3c2)ccc2nccc(-c3ccc(-c4cncs4)cc3F)c12	0.009705
rxn:5:199106:223392:226695	Cc1c(-c2ccc3[nH]ccc3c2)ccc2nccc(-c3ccc(-c4cncs4)cc3F)c12	0.009705
rxn:5:195435:223012:223320	COC(=O)c1cc2cc(-c3cc(-c4cc(C)cc5[nH]ncc45)cc(C(C)=O)n3)ccc2[nH]1	0.009681
rxn:5:198417:226886:223390	Fc1cc(-c2cc3nccc(-c4ccc5cc[nH]c5c4)c3s2)cc(F)c1C(F)(F)F	0.009679
rxn:5:198417:228990:226430	CCCc1ccc(-c2cc3nccc(-c4cc(-c5nccs5)ccc4C)c3s2)s1	0.009670
rxn:5:179400:229272:225407	COc1ncc(-c2cc(C(=O)C3CC3)ccc2-c2ccc(C3CCCCCC3)cc2)s1	0.009653
rxn:5:194141:229270:225489	COC(=O)c1c[nH]c2cc(-c3cc(F)cc(-c4ccccc4)c3)c(-c3cnc(C#N)s3)cc12	0.009650
rxn:5:179753:229272:223000	COc1ncc(-c2ccc(Sc3ccc(-c4ccc(C5CCCNC5)c(F)c4)cc3)cc2)s1	0.009635
rxn:5:182656:226184:223271	CC(=O)Nc1cc(-c2c(-c3ccc(-c4ccc(C)cc4)s3)ccc3ccoc23)ccc1F	0.009622
rxn:5:182637:227138:227668	COc1c(F)cc(-c2cc3ccoc3cc2-c2cc3ccc(C#N)cc3s2)c(C)c1F	0.009613
rxn:5:182637:227141:227668	COc1c(F)cc(-c2cc3ccoc3cc2-c2cc3cc(C#N)ccc3s2)c(C)c1F	0.009613
rxn:5:182637:227139:227668	COc1c(F)cc(-c2cc3ccoc3cc2-c2cc3c(C#N)cccc3s2)c(C)c1F	0.009613
rxn:5:182637:227140:227668	COc1c(F)cc(-c2cc3ccoc3cc2-c2cc3cccc(C#N)c3s2)c(C)c1F	0.009613
rxn:5:181071:226035:228435	COc1cccc(-c2c(SC)ccc(F)c2F)c1-c1c(OC)ccc(C(F)(F)F)c1F	0.009603
rxn:5:179759:228977:228435	CSc1ccc(F)c(F)c1-c1ccccc1Oc1ccc(-c2ccc3c(c2)CC3)cc1	0.009598
rxn:5:199106:226453:229061	Cc1c(-c2cc(-c3ccccc3F)cs2)ccc2nccc(-c3cnn(C(C)C)c3)c12	0.009575
rxn:5:194141:228258:226412	COC(=O)c1c[nH]c2cc(-c3cc(F)cc(N4CCCC4)c3)c(-c3c(C)ccc(F)c3OC)cc12	0.009570
rxn:5:198417:226959:226462	CCn1cnc2cc(-c3ccnc4cc(-c5ccc6c(c5)CC(C)(C)O6)sc34)c(F)cc21	0.009563
rxn:5:198417:226968:226462	CCn1cnc2cc(-c3ccnc4cc(-c5ccc6c(c5)OC(C)(C)C6)sc34)c(F)cc21	0.009563
rxn:5:198748:229009:225691	Fc1cccc(-c2ncccc2-c2cc(-c3cc(C4CC4)cs3)c3ccncc3c2)c1	0.009560
rxn:5:198417:226211:226200	CC(=O)N1CCc2cc(-c3cc4nccc(-c5ccc6c(c5)ncn6C(C)C)c4s3)ccc21	0.009551
rxn:5:198417:227921:226200	COC(C)c1cccc(-c2cc3nccc(-c4ccc5c(c4)ncn5C(C)C)c3s2)c1	0.009550
rxn:5:199106:228358:226200	Cc1c(-c2cnn(-c3ccoc3)c2)ccc2nccc(-c3ccc4c(c3)ncn4C(C)C)c12	0.009537
rxn:5:199106:228359:226200	Cc1c(-c2cnn(-c3ccco3)c2)ccc2nccc(-c3ccc4c(c3)ncn4C(C)C)c12	0.009537
rxn:5:181071:225396:228435	COc1cccc(-c2c(SC)ccc(F)c2F)c1-c1ccc(-c2ccccc2C)cc1	0.009531
rxn:5:181071:225402:228435	COc1cccc(-c2c(SC)ccc(F)c2F)c1-c1cccc(-c2ccccc2)c1C	0.009531
rxn:5:180662:228040:227115	COC(=O)C1=Cc2cc(-c3cc(C)c(C4CC4)cc3F)cc(-c3ccnc4ccncc34)c2OC1	0.009526
rxn:5:179400:227728:223000	O=C(c1ccc(-c2ccc(C3CCCNC3)c(F)c2)c(-c2cnc(-c3nccs3)nc2)c1)C1CC1	0.009526
rxn:5:182654:228597:225443	Cc1cccc(C#N)c1-c1ccc2ccsc2c1-c1ccc(Oc2ccccc2)cc1	0.009518
rxn:5:198513:227138:223164	N#Cc1ccc2cc(-c3cc4cc[nH]c4cc3-c3cc(F)c(F)c(NC4CC4)c3)sc2c1	0.009514
rxn:5:198513:227141:223164	N#Cc1ccc2sc(-c3cc4cc[nH]c4cc3-c3cc(F)c(F)c(NC4CC4)c3)cc2c1	0.009514
rxn:5:198513:227139:223164	N#Cc1cccc2sc(-c3cc4cc[nH]c4cc3-c3cc(F)c(F)c(NC4CC4)c3)cc12	0.009514
rxn:5:198513:227140:223164	N#Cc1cccc2cc(-c3cc4cc[nH]c4cc3-c3cc(F)c(F)c(NC4CC4)c3)sc12	0.009514
rxn:5:198417:226974:226462	CCn1cnc2cc(-c3ccnc4cc(-c5ccc6c(c5)COC6(C)C)sc34)c(F)cc21	0.009510
rxn:5:198911:225439:228332	COc1cc(SC)c(-c2cc3c(C)c[nH]c3cc2-c2cccc(C(C)N3CCCC3)c2)cn1	0.009508
rxn:5:198620:225402:223421	CNC(C)c1ccc(-c2ccnc3ccc(-c4cccc(-c5ccccc5)c4C)cc23)s1	0.009504
rxn:5:182654:228597:226900	Cc1cccc(C#N)c1-c1ccc2ccsc2c1-c1ccc(S(F)(F)(F)(F)F)cc1	0.009501
rxn:5:199106:228498:226200	Cc1c(-c2cn(C)nc2C(F)(F)F)ccc2nccc(-c3ccc4c(c3)ncn4C(C)C)c12	0.009497
rxn:5:199106:228501:226200	Cc1c(-c2cnn(C)c2C(F)(F)F)ccc2nccc(-c3ccc4c(c3)ncn4C(C)C)c12	0.009497
rxn:5:199106:228026:226200	Cc1c(-c2ccc3cnn(C)c3c2)ccc2nccc(-c3ccc4c(c3)ncn4C(C)C)c12	0.009497
rxn:5:199106:228029:226200	Cc1c(-c2ccc3cn(C)nc3c2)ccc2nccc(-c3ccc4c(c3)ncn4C(C)C)c12	0.009497
rxn:5:199106:228030:226200	Cc1c(-c2ccc3c(cnn3C)c2)ccc2nccc(-c3ccc4c(c3)ncn4C(C)C)c12	0.009497
rxn:5:199106:228031:226200	Cc1c(-c2ccc3nn(C)cc3c2)ccc2nccc(-c3ccc4c(c3)ncn4C(C)C)c12	0.009497
rxn:5:199106:228045:226200	Cc1c(-c2cnc3ccn(C)c3c2)ccc2nccc(-c3ccc4c(c3)ncn4C(C)C)c12	0.009497
rxn:5:199106:228048:226200	Cc1c(-c2cnc3c(ccn3C)c2)ccc2nccc(-c3ccc4c(c3)ncn4C(C)C)c12	0.009497
rxn:5:182656:228127:225486	COc1cccc(C#N)c1-c1ccc2ccoc2c1-c1ccc(F)c(-c2ccccc2)c1	0.009493
rxn:5:182656:228127:225479	COc1cccc(C#N)c1-c1ccc2ccoc2c1-c1ccc(-c2ccccc2)c(F)c1	0.009493
rxn:5:179400:225808:223000	O=C(c1ccc(-c2ccc(C3CCCNC3)c(F)c2)c(-c2cc(OC3CCCC3)ncc2F)c1)C1CC1	0.009488
rxn:5:192956:228977:228435	COc1ccccc1-c1cnc(-c2ccc3c(c2)CC3)cc1-c1c(SC)ccc(F)c1F	0.009487
rxn:5:177495:228990:223411	CCCc1ccc(-c2ccccc2OCc2ccc(-c3cc4cccnc4[nH]3)cc2)s1	0.009478
rxn:5:198417:226971:226200	CC(C)n1cnc2cc(-c3ccnc4cc(-c5ccc6c(c5)CCCOC6)sc34)ccc21	0.009471
rxn:5:194141:228176:226412	COCc1ccc(-c2cc3c(C(=O)OC)c[nH]c3cc2-c2cc(F)cc(N3CCCC3)c2)cc1F	0.009467
rxn:5:198417:226969:226200	CC(C)n1cnc2cc(-c3ccnc4cc(-c5ccc6c(c5)CCCC6=O)sc34)ccc21	0.009466
rxn:5:198417:226966:226200	CC(C)n1cnc2cc(-c3ccnc4cc(-c5ccc6c(c5)C(=O)CCC6)sc34)ccc21	0.009466
rxn:5:199106:228496:226200	Cc1c(-c2cnn(CC(F)(F)F)c2)ccc2nccc(-c3ccc4c(c3)ncn4C(C)C)c12	0.009452
rxn:5:181071:223013:228435	COC(=O)c1ccc2cc(-c3c(OC)cccc3-c3c(SC)ccc(F)c3F)[nH]c2c1	0.009451
rxn:5:198417:223018:226200	CC(C)n1cnc2cc(-c3ccnc4cc(-c5ccc6c(c5)NC(=O)C(C)(C)O6)sc34)ccc21	0.009441
rxn:5:176594:228381:227453	CC(=O)COc1ccc(-c2c(F)cc(C#N)cc2F)c(-c2ccc(-c3ccc(C)s3)s2)c1	0.009426
rxn:5:179400:226766:228821	Cc1ccc(OC(F)(F)F)c(-c2cc(C(=O)C3CC3)ccc2-c2ccc(C)c(F)c2F)c1	0.009419
rxn:5:199106:228056:226200	Cc1c(-c2cc(C)c3nccn3c2)ccc2nccc(-c3ccc4c(c3)ncn4C(C)C)c12	0.009418
rxn:5:198417:229009:225418	CCOc1ccc2cc(-c3ccnc4cc(-c5cc(C6CC6)cs5)sc34)ccc2c1	0.009414
rxn:5:182654:228597:225391	Cc1cccc(C#N)c1-c1ccc2ccsc2c1-c1ccc(Cc2ccccc2)cc1	0.009405
rxn:5:198911:226170:228332	COc1cc(SC)c(-c2cc3c(C)c[nH]c3cc2-c2cccc(-c3ccccn3)c2)cn1	0.009402
rxn:5:180143:228127:223271	COc1cccc(C#N)c1-c1ccc(C)c(Oc2ccc(-c3ccc(F)c(NC(C)=O)c3)cc2)c1	0.009400
rxn:5:199106:227613:226200	Cc1c(-c2cnn(C3CCOCC3)c2)ccc2nccc(-c3ccc4c(c3)ncn4C(C)C)c12	0.009387
rxn:5:198513:226073:223164	N#Cc1ccc2cc(-c3cc4cc[nH]c4cc3-c3cc(F)c(F)c(NC4CC4)c3)ccc2c1	0.009376
rxn:5:199106:228197:226200	Cc1c(-c2cnc(C(C)(C)C)nc2)ccc2nccc(-c3ccc4c(c3)ncn4C(C)C)c12	0.009375
rxn:5:179400:228336:223000	COc1ncc(-c2cc(C(=O)C3CC3)ccc2-c2ccc(C3CCCNC3)c(F)c2)cc1SC	0.009362
rxn:5:182654:228597:225398	Cc1ccc(-c2ccc(-c3c(-c4c(C)cccc4C#N)ccc4ccsc34)cc2)cc1	0.009359
rxn:5:198417:229009:225482	Fc1cc(-c2ccccc2)ccc1-c1ccnc2cc(-c3cc(C4CC4)cs3)sc12	0.009354
rxn:5:197125:228259:222981	COc1cc(-c2ccnc(NC3CCCCC3)c2)c2nc(-c3cc(C)cc(OC)c3F)sc2c1	0.009332
rxn:5:182654:225604:229008	FCc1ccc(-c2c(-c3ccc(Sc4ccccc4)nc3)ccc3ccsc23)cc1	0.009332
rxn:5:178412:229270:226412	CCOC(=O)c1cc2c(-c3cnc(C#N)s3)ccc(-c3cc(F)cc(N4CCCC4)c3)c2s1	0.009330
rxn:5:182654:228597:225480	Cc1cccc(C#N)c1-c1ccc2ccsc2c1-c1ccc(-c2ccc(F)cc2)cc1	0.009319
rxn:5:182654:228597:225490	Cc1cccc(C#N)c1-c1ccc2ccsc2c1-c1ccc(-c2ccccc2F)cc1	0.009319
rxn:5:176993:229272:225479	CCCC(=O)c1ccc(-c2ccc(-c3ccccc3)c(F)c2)c(-c2cnc(OC)s2)c1	0.009315
rxn:5:179400:228391:223000	O=C(c1ccc(-c2ccc(C3CCCNC3)c(F)c2)c(-c2cccc(C(F)(F)F)c2)c1)C1CC1	0.009312
rxn:5:198417:227035:226200	CC(C)n1cnc2cc(-c3ccnc4cc(-c5cc(C#N)cc(C6CC6)c5)sc34)ccc21	0.009309
rxn:5:176594:228381:226184	CC(=O)COc1ccc(-c2c(F)cc(C#N)cc2F)c(-c2ccc(-c3ccc(C)cc3)s2)c1	0.009302
rxn:5:182069:229270:226593	Cc1cccc(-c2cc(-c3cnc(C#N)s3)cc(-c3c(F)ccc(OC(C)C)c3F)c2)c1C	0.009288
rxn:5:198417:226959:226200	CC(C)n1cnc2cc(-c3ccnc4cc(-c5ccc6c(c5)CC(C)(C)O6)sc34)ccc21	0.009269
rxn:5:198417:226968:226200	CC(C)n1cnc2cc(-c3ccnc4cc(-c5ccc6c(c5)OC(C)(C)C6)sc34)ccc21	0.009269
rxn:5:198748:225628:228574	COc1ccccc1-c1csc(-c2cc(-c3ccc(C)cc3C#N)cc3cnccc23)c1	0.009235
rxn:5:198748:225629:228574	COc1ccc(-c2csc(-c3cc(-c4ccc(C)cc4C#N)cc4cnccc34)c2)cc1	0.009235
rxn:5:198417:226974:226200	CC(C)n1cnc2cc(-c3ccnc4cc(-c5ccc6c(c5)COC6(C)C)sc34)ccc21	0.009233
rxn:5:192964:228977:228435	CSc1ccc(F)c(F)c1-c1ccccc1Oc1ccc(-c2ccc3c(c2)CC3)c(C)n1	0.009223
rxn:5:198417:223004:226462	CCn1cnc2cc(-c3ccnc4cc(-c5ccc(C6CCNCC6)c(F)c5)sc34)c(F)cc21	0.009220
rxn:5:198417:226314:226462	CCn1cnc2cc(-c3ccnc4cc(-c5cnn(Cc6ccccc6)c5)sc34)c(F)cc21	0.009216
rxn:5:198748:229009:225403	Cc1ccc(-c2ccccc2)c(-c2cc(-c3cc(C4CC4)cs3)c3ccncc3c2)c1	0.009212
rxn:5:176594:228381:225401	CC(=O)COc1ccc(-c2c(F)cc(C#N)cc2F)c(-c2cc(-c3ccccc3)ccc2C)c1	0.009190
rxn:5:199106:226572:227137	CCn1cnc2cc(-c3ccnc4ccc(-c5cnc(OC6CCCC6)nc5)c(C)c34)ccc21	0.009187
rxn:5:179877:229270:226593	CC(C)Oc1ccc(F)c(-c2cccc(C(=O)c3ccc(-c4cnc(C#N)s4)cc3)c2)c1F	0.009166
rxn:5:198417:228990:225396	CCCc1ccc(-c2cc3nccc(-c4ccc(-c5ccccc5C)cc4)c3s2)s1	0.009150
rxn:5:199106:228193:226200	Cc1c(-c2cnn(C3CCCC3)c2)ccc2nccc(-c3ccc4c(c3)ncn4C(C)C)c12	0.009148
rxn:5:194141:228161:226412	CCOc1ccc(-c2cc3c(C(=O)OC)c[nH]c3cc2-c2cc(F)cc(N3CCCC3)c2)c(F)c1	0.009146
rxn:5:197125:228259:226666	COc1cc(-c2cnc(-n3cccc3)cc2F)c2nc(-c3cc(C)cc(OC)c3F)sc2c1	0.009146
rxn:5:176993:228472:223000	CCCC(=O)c1ccc(-c2ccc(C3CCCNC3)c(F)c2)c(-c2ccc(C(F)(F)F)nc2)c1	0.009143
rxn:5:177490:229270:228332	COc1cc(SC)c(-c2ccc(SCc3ccc(-c4cnc(C#N)s4)cc3)cc2)cn1	0.009135
rxn:5:179400:226217:228821	COc1cc(C)cc2cc(-c3cc(C(=O)C4CC4)ccc3-c3ccc(C)c(F)c3F)sc12	0.009126
rxn:5:179400:225612:228821	COc1cc(-n2cccc2)ccc1-c1cc(C(=O)C2CC2)ccc1-c1ccc(C)c(F)c1F	0.009107
rxn:5:178412:229272:223000	CCOC(=O)c1cc2c(-c3cnc(OC)s3)ccc(-c3ccc(C4CCCNC4)c(F)c3)c2s1	0.009105
rxn:5:179400:225421:228821	Cc1ccc(-c2ccc(C(=O)C3CC3)cc2-c2cccc3c(N(C)C)cccc23)c(F)c1F	0.009104
rxn:5:194141:226662:226412	COC(=O)c1c[nH]c2cc(-c3cc(F)cc(N4CCCC4)c3)c(-c3ccc(N4CCN(C)CC4)s3)cc12	0.009095
rxn:5:180148:228977:228435	COc1ccccc1-c1ccc(-c2ccc3c(c2)CC3)cc1-c1c(SC)ccc(F)c1F	0.009079
rxn:5:180145:228977:228435	COc1ccccc1-c1cc(-c2ccc3c(c2)CC3)cc(-c2c(SC)ccc(F)c2F)c1	0.009079
rxn:5:180149:228977:228435	COc1cccc(-c2ccc(-c3ccc4c(c3)CC4)cc2-c2c(SC)ccc(F)c2F)c1	0.009079
rxn:5:180142:228977:228435	COc1ccc(-c2c(SC)ccc(F)c2F)cc1-c1cccc(-c2ccc3c(c2)CC3)c1	0.009079
rxn:5:198513:226709:223164	Cc1cc(C(F)(F)F)cc(C)c1-c1cc2cc[nH]c2cc1-c1cc(F)c(F)c(NC2CC2)c1	0.009072
rxn:5:199106:227640:227137	CCn1cnc2cc(-c3ccnc4ccc(-c5cc(-c6ccncn6)cs5)c(C)c34)ccc21	0.009071
rxn:5:176993:226351:223000	CCCC(=O)c1ccc(-c2ccc(C3CCCNC3)c(F)c2)c(-c2cc(C)c(F)c(OC(C)C)c2)c1	0.009062
rxn:5:179875:229270:228332	COc1cc(SC)c(-c2ccc(-c3cnc(C#N)s3)cc2C(=O)c2ccccc2)cn1	0.009058
rxn:5:176993:229272:225407	CCCC(=O)c1ccc(-c2ccc(C3CCCCCC3)cc2)c(-c2cnc(OC)s2)c1	0.009052
rxn:5:199106:227278:226200	Cc1c(-c2ccc(C3(C#N)CC3)nc2)ccc2nccc(-c3ccc4c(c3)ncn4C(C)C)c12	0.009051
rxn:5:196354:228040:227115	Cc1cc(-c2ccccc2-c2cccc(-c3ccnc4ccncc34)n2)c(F)cc1C1CC1	0.009046
rxn:5:189125:223341:226462	CCn1cnc2cc(-c3ncc(-c4ccc5c(c4)CC(=O)N5)cc3OCc3ccccc3)c(F)cc21	0.009031
rxn:5:194141:228338:226412	COC(=O)c1c[nH]c2cc(-c3cc(F)cc(N4CCCC4)c3)c(-c3cnc(OC4CCC4)s3)cc12	0.009016
rxn:5:179400:226772:223000	COC(=O)c1cc(F)c(-c2cc(C(=O)C3CC3)ccc2-c2ccc(C3CCCNC3)c(F)c2)c(F)c1	0.009006
rxn:5:198417:227331:226462	CCn1cnc2cc(-c3ccnc4cc(-c5c(F)cccc5OC(C)C)sc34)c(F)cc21	0.009006
rxn:5:177522:229270:226593	CC(C)Oc1ccc(F)c(-c2c(OCc3ccccc3)cccc2-c2cnc(C#N)s2)c1F	0.008997
rxn:5:199106:227612:226200	Cc1c(-c2cnn(C3CCCCO3)c2)ccc2nccc(-c3ccc4c(c3)ncn4C(C)C)c12	0.008967
rxn:5:198417:227651:226200	CC(C)n1cnc2cc(-c3ccnc4cc(-c5cncc(-c6nccs6)c5)sc34)ccc21	0.008941
rxn:5:182222:228040:227115	COc1ccc2cc(-c3ccnc4ccncc34)ccc2c1-c1cc(C)c(C2CC2)cc1F	0.008927
rxn:5:197125:228259:226060	COc1cc(-c2cc(C3CC3)cc(C3CC3)c2)c2nc(-c3cc(C)cc(OC)c3F)sc2c1	0.008913
rxn:5:199106:226409:227137	CCn1cnc2cc(-c3ccnc4ccc(-c5cn(-c6ccccc6)nc5C)c(C)c34)ccc21	0.008913
rxn:5:197125:228259:227138	COc1cc(-c2cc3ccc(C#N)cc3s2)c2nc(-c3cc(C)cc(OC)c3F)sc2c1	0.008905
rxn:5:197125:228259:227141	COc1cc(-c2cc3cc(C#N)ccc3s2)c2nc(-c3cc(C)cc(OC)c3F)sc2c1	0.008905
rxn:5:197125:228259:227139	COc1cc(-c2cc3c(C#N)cccc3s2)c2nc(-c3cc(C)cc(OC)c3F)sc2c1	0.008905
rxn:5:197125:228259:227140	COc1cc(-c2cc3cccc(C#N)c3s2)c2nc(-c3cc(C)cc(OC)c3F)sc2c1	0.008905
rxn:5:198417:227532:226200	CCOc1ccc(-c2cc3nccc(-c4ccc5c(c4)ncn5C(C)C)c3s2)c(F)c1F	0.008873
rxn:5:194141:228263:226412	COC(=O)c1c[nH]c2cc(-c3cc(F)cc(N4CCCC4)c3)c(-c3ccc(C(C)(F)F)cc3)cc12	0.008864
rxn:5:198513:225974:223164	Cc1nnc(-c2ccc(-c3cc4cc[nH]c4cc3-c3cc(F)c(F)c(NC4CC4)c3)cc2F)o1	0.008852
rxn:5:199106:228539:226200	Cc1c(-c2ccc3ccsc3c2)ccc2nccc(-c3ccc4c(c3)ncn4C(C)C)c12	0.008837
rxn:5:198417:223011:226462	CCn1cnc2cc(-c3ccnc4cc(-c5cc6[nH]ncc6cc5OC(C)C)sc34)c(F)cc21	0.008827
rxn:5:199106:226210:227137	CCn1cnc2cc(-c3ccnc4ccc(-c5ccc6nc(OC)ccc6c5)c(C)c34)ccc21	0.008820
rxn:5:177521:228977:228435	CSc1ccc(F)c(F)c1-c1cccc(OCc2ccccc2)c1-c1ccc2c(c1)CC2	0.008809
rxn:5:177517:228977:228435	CSc1ccc(F)c(F)c1-c1ccccc1OCc1cccc(-c2ccc3c(c2)CC3)c1	0.008809
rxn:5:177500:228977:228435	CSc1ccc(F)c(F)c1-c1ccccc1COc1ccccc1-c1ccc2c(c1)CC2	0.008809
rxn:5:177502:228977:228435	CSc1ccc(F)c(F)c1-c1ccccc1OCc1ccccc1-c1ccc2c(c1)CC2	0.008809
rxn:5:177516:228977:228435	CSc1ccc(F)c(F)c1-c1ccccc1OCc1ccc(-c2ccc3c(c2)CC3)cc1	0.008809
rxn:5:199106:228027:226695	Cc1c(-c2ccc3cncnc3c2)ccc2nccc(-c3ccc(-c4cncs4)cc3F)c12	0.008792
rxn:5:199106:228350:226200	Cc1c(-c2cnn(-c3ccsc3)c2)ccc2nccc(-c3ccc4c(c3)ncn4C(C)C)c12	0.008773
rxn:5:199106:228364:226200	Cc1c(-c2cnn(-c3cccs3)c2)ccc2nccc(-c3ccc4c(c3)ncn4C(C)C)c12	0.008773
rxn:5:194141:227846:226412	COC(=O)c1c[nH]c2cc(-c3cc(F)cc(N4CCCC4)c3)c(-c3cn(C)c4ccccc34)cc12	0.008750
rxn:5:176993:225805:223000	CCCC(=O)c1ccc(-c2ccc(C3CCCNC3)c(F)c2)c(-c2ccc(C(C)N3CCOCC3)s2)c1	0.008725
rxn:5:198417:226085:226462	CCn1cnc2cc(-c3ccnc4cc(-c5ccc6c(c5)CCC(C)(C)O6)sc34)c(F)cc21	0.008684
rxn:5:199106:227066:227137	CCn1cnc2cc(-c3ccnc4ccc(-c5cccc(C(=O)C6CC6)c5)c(C)c34)ccc21	0.008675
rxn:5:199106:228758:226200	CSc1ncc(C)cc1-c1ccc2nccc(-c3ccc4c(c3)ncn4C(C)C)c2c1C	0.008674
rxn:5:199106:227378:226200	Cc1c(-c2cnn(-c3ccccc3)c2)ccc2nccc(-c3ccc4c(c3)ncn4C(C)C)c12	0.008672
rxn:5:199106:227150:226200	Cc1c(-c2cc(C)c3c(cnn3C)c2)ccc2nccc(-c3ccc4c(c3)ncn4C(C)C)c12	0.008662
rxn:5:199106:227155:226200	Cc1cc(-c2ccc3nccc(-c4ccc5c(c4)ncn5C(C)C)c3c2C)cc2c1cnn2C	0.008662
rxn:5:199106:223011:227137	CCn1cnc2cc(-c3ccnc4ccc(-c5cc6[nH]ncc6cc5OC(C)C)c(C)c34)ccc21	0.008652
rxn:5:198417:227431:226200	CC(C)n1cnc2cc(-c3ccnc4cc(-c5ccc(-c6cscn6)cc5)sc34)ccc21	0.008605
rxn:5:198417:227410:226200	CC(C)n1cnc2cc(-c3ccnc4cc(-c5cc(-c6ccncc6)cs5)sc34)ccc21	0.008605
rxn:5:197125:228259:226882	COc1cc(-c2ccc(C(F)(F)F)c(F)c2F)c2nc(-c3cc(C)cc(OC)c3F)sc2c1	0.008598
rxn:5:199106:228210:226200	Cc1c(-c2ccc(N3CCCC3)s2)ccc2nccc(-c3ccc4c(c3)ncn4C(C)C)c12	0.008592
rxn:5:199106:228674:226695	Cc1c(-c2cnc3sccc3c2)ccc2nccc(-c3ccc(-c4cncs4)cc3F)c12	0.008591
rxn:5:199106:226571:226200	Cc1c(-c2cnn(CC3CCOCC3)c2)ccc2nccc(-c3ccc4c(c3)ncn4C(C)C)c12	0.008572
rxn:5:179840:228411:227453	COc1ccc(-c2ccc(O[C@@H]3CCOC3)cc2-c2ccc(-c3ccc(C)s3)s2)c(F)c1F	0.008558
rxn:5:199106:228156:226695	COc1ccc(OC)c(-c2ccc3nccc(-c4ccc(-c5cncs5)cc4F)c3c2C)c1	0.008530
rxn:5:176993:223247:223000	CCCC(=O)c1ccc(-c2ccc(C3CCCNC3)c(F)c2)c(-c2cc3c(C)n[nH]c3cc2F)c1	0.008529
rxn:5:198417:226085:226200	CC(C)n1cnc2cc(-c3ccnc4cc(-c5ccc6c(c5)CCC(C)(C)O6)sc34)ccc21	0.008527
rxn:5:198911:226455:228332	COc1cc(SC)c(-c2cc3c(C)c[nH]c3cc2-c2cc(-c3cccc(F)c3)cs2)cn1	0.008497
rxn:5:179881:223341:226462	CCn1cnc2cc(-c3cccc(C(=O)c4cccc(-c5ccc6c(c5)CC(=O)N6)c4)c3)c(F)cc21	0.008486
rxn:5:176993:228336:223000	CCCC(=O)c1ccc(-c2ccc(C3CCCNC3)c(F)c2)c(-c2cnc(OC)c(SC)c2)c1	0.008446
rxn:5:198513:225468:223164	Cc1ccccc1-c1ccc(-c2cc3cc[nH]c3cc2-c2cc(F)c(F)c(NC3CC3)c2)cn1	0.008444
rxn:5:179840:228411:226184	COc1ccc(-c2ccc(O[C@@H]3CCOC3)cc2-c2ccc(-c3ccc(C)cc3)s2)c(F)c1F	0.008440
rxn:5:190588:228977:228435	CCOC(=O)c1cc2c(-c3c(SC)ccc(F)c3F)ccc(-c3ccc4c(c3)CC4)c2[nH]1	0.008432
rxn:5:199106:227853:226695	Cc1c(-c2cccc3c2ccn3C)ccc2nccc(-c3ccc(-c4cncs4)cc3F)c12	0.008424
rxn:5:199106:227386:226200	Cc1c(-c2cnn(C3CCCCC3)c2)ccc2nccc(-c3ccc4c(c3)ncn4C(C)C)c12	0.008387
rxn:5:198417:226836:226200	CC(C)n1cc(-c2cc3nccc(-c4ccc5c(c4)ncn5C(C)C)c3s2)c(C(F)(F)F)n1	0.008373
rxn:5:197651:228040:227115	Cc1cc(-c2nc3ccc(-c4ccnc5ccncc45)cc3cc2C2CC2)c(F)cc1C1CC1	0.008360
rxn:5:179400:227396:223000	O=C(c1ccc(-c2ccc(C3CCCNC3)c(F)c2)c(-c2ccnc(-c3cccs3)c2)c1)C1CC1	0.008353
rxn:5:198513:225822:223164	Fc1cc(-c2cc3[nH]ccc3cc2-c2cccc(C(F)(F)F)c2C2CC2)cc(NC2CC2)c1F	0.008343
rxn:5:199106:227401:226200	Cc1c(-c2cccc(-c3cnco3)c2)ccc2nccc(-c3ccc4c(c3)ncn4C(C)C)c12	0.008325
rxn:5:199106:227169:226200	Cc1c(-c2cc(F)c3ncccc3c2)ccc2nccc(-c3ccc4c(c3)ncn4C(C)C)c12	0.008315
rxn:5:199106:227172:226200	Cc1c(-c2ccc(F)c3cnccc23)ccc2nccc(-c3ccc4c(c3)ncn4C(C)C)c12	0.008315
rxn:5:199106:226753:227137	CCn1cnc2cc(-c3ccnc4ccc(-c5ccc(OC)cc5C(F)(F)F)c(C)c34)ccc21	0.008308
rxn:5:198417:226084:226462	CCn1cnc2cc(-c3ccnc4cc(-c5ccc6c(c5)C(=O)CCCC6)sc34)c(F)cc21	0.008302
rxn:5:182637:228443:227668	COc1c(F)cc(-c2cc3ccoc3cc2-c2ccc(F)c(SC)c2F)c(C)c1F	0.008281
rxn:5:179400:225624:228821	COc1ccc(-c2ccc(-c3cc(C(=O)C4CC4)ccc3-c3ccc(C)c(F)c3F)s2)cc1	0.008275
rxn:5:179400:225626:228821	COc1ccccc1-c1ccc(-c2cc(C(=O)C3CC3)ccc2-c2ccc(C)c(F)c2F)s1	0.008275
rxn:5:182637:225989:227668	COc1c(F)cc(-c2cc3ccoc3cc2-c2ccc3nc(C(F)(F)F)cn3c2)c(C)c1F	0.008263
rxn:5:192431:228040:227115	Cc1cc(-c2cc(-c3ccnc4ccncc34)cnc2Oc2ccccc2)c(F)cc1C1CC1	0.008242
rxn:5:179400:227142:223000	COc1ccc2sc(-c3cc(C(=O)C4CC4)ccc3-c3ccc(C4CCCNC4)c(F)c3)cc2c1	0.008241
rxn:5:179400:227143:223000	COc1ccc2cc(-c3cc(C(=O)C4CC4)ccc3-c3ccc(C4CCCNC4)c(F)c3)sc2c1	0.008241
rxn:5:179400:227144:223000	COc1cccc2cc(-c3cc(C(=O)C4CC4)ccc3-c3ccc(C4CCCNC4)c(F)c3)sc12	0.008241
rxn:5:179400:227145:223000	COc1cccc2sc(-c3cc(C(=O)C4CC4)ccc3-c3ccc(C4CCCNC4)c(F)c3)cc12	0.008241
rxn:5:199106:227978:226695	Cc1c(-c2cc(C(C)C)ccc2F)ccc2nccc(-c3ccc(-c4cncs4)cc3F)c12	0.008220
rxn:5:198513:225608:223164	Fc1cc(-c2cc3[nH]ccc3cc2-c2ccc(Oc3ccccn3)cc2)cc(NC2CC2)c1F	0.008211
rxn:5:178224:228040:227115	Cc1cc(-c2cc(OCC3CCCCC3)cc(-c3ccnc4ccncc34)c2)c(F)cc1C1CC1	0.008197
rxn:5:199106:227914:226695	Cc1c(-c2ccccc2OC(C)C)ccc2nccc(-c3ccc(-c4cncs4)cc3F)c12	0.008195
rxn:5:199106:225631:226200	Cc1c(-c2ccc(N3CCN(C)CC3)cc2)ccc2nccc(-c3ccc4c(c3)ncn4C(C)C)c12	0.008194
rxn:5:198513:226764:223164	COC(=O)c1c(F)ccc(-c2cc3cc[nH]c3cc2-c2cc(F)c(F)c(NC3CC3)c2)c1F	0.008192
rxn:5:199106:227373:226695	Cc1c(-c2cccc(-n3cccn3)c2)ccc2nccc(-c3ccc(-c4cncs4)cc3F)c12	0.008104
rxn:5:198513:225489:223164	Fc1cc(-c2ccccc2)cc(-c2cc3cc[nH]c3cc2-c2cc(F)c(F)c(NC3CC3)c2)c1	0.008101
rxn:5:198417:226084:226200	CC(C)n1cnc2cc(-c3ccnc4cc(-c5ccc6c(c5)C(=O)CCCC6)sc34)ccc21	0.008101
rxn:5:179876:223341:226200	CC(C)n1cnc2cc(-c3ccccc3C(=O)c3ccccc3-c3ccc4c(c3)CC(=O)N4)ccc21	0.008083
rxn:5:198417:226425:226200	CC1CCCCN1c1ccc(-c2cc3nccc(-c4ccc5c(c4)ncn5C(C)C)c3s2)s1	0.008049
rxn:5:199106:226840:226200	Cc1c(-c2cc(C#N)nc(C(F)(F)F)c2)ccc2nccc(-c3ccc4c(c3)ncn4C(C)C)c12	0.008047
rxn:5:199106:229160:226200	CSc1ncc(-c2ccc3nccc(-c4ccc5c(c4)ncn5C(C)C)c3c2C)cn1	0.008034
rxn:5:199106:226383:226200	Cc1c(-c2cccc(-c3cnn(C)c3)c2)ccc2nccc(-c3ccc4c(c3)ncn4C(C)C)c12	0.008028
rxn:5:199106:226359:226200	Cc1c(-c2ccc(-c3ccnn3C)cc2)ccc2nccc(-c3ccc4c(c3)ncn4C(C)C)c12	0.008028
rxn:5:199106:226363:226200	Cc1c(-c2ccc(-c3nccn3C)cc2)ccc2nccc(-c3ccc4c(c3)ncn4C(C)C)c12	0.008028
rxn:5:199106:227656:226695	Cc1c(-c2cc(N3CCOCC3)cs2)ccc2nccc(-c3ccc(-c4cncs4)cc3F)c12	0.008016
rxn:5:199106:226653:226200	Cc1c(-c2cnn(-c3ccc(F)cc3)c2)ccc2nccc(-c3ccc4c(c3)ncn4C(C)C)c12	0.008014
rxn:5:199106:226660:226200	Cc1c(-c2cnn(-c3ccccc3F)c2)ccc2nccc(-c3ccc4c(c3)ncn4C(C)C)c12	0.008014
rxn:5:199106:226671:226200	Cc1c(-c2cnn(-c3cccc(F)c3)c2)ccc2nccc(-c3ccc4c(c3)ncn4C(C)C)c12	0.008014
rxn:5:199106:226369:226200	Cc1ccccc1-n1cc(-c2ccc3nccc(-c4ccc5c(c4)ncn5C(C)C)c3c2C)cn1	0.007970
rxn:5:199106:226357:226200	Cc1cnn(-c2ccc(-c3ccc4nccc(-c5ccc6c(c5)ncn6C(C)C)c4c3C)cc2)c1	0.007970
rxn:5:199106:226358:226200	Cc1cnn(-c2cccc(-c3ccc4nccc(-c5ccc6c(c5)ncn6C(C)C)c4c3C)c2)c1	0.007970
rxn:5:199106:226365:226200	Cc1ccc(-n2cc(-c3ccc4nccc(-c5ccc6c(c5)ncn6C(C)C)c4c3C)cn2)cc1	0.007970
rxn:5:199106:226381:226200	Cc1cccc(-n2cc(-c3ccc4nccc(-c5ccc6c(c5)ncn6C(C)C)c4c3C)cn2)c1	0.007970
rxn:5:199106:226314:226200	Cc1c(-c2cnn(Cc3ccccc3)c2)ccc2nccc(-c3ccc4c(c3)ncn4C(C)C)c12	0.007959
rxn:5:199106:228800:226695	CSc1ccc(F)cc1-c1ccc2nccc(-c3ccc(-c4cncs4)cc3F)c2c1C	0.007942
rxn:5:199106:225618:227137	CCn1cnc2cc(-c3ccnc4ccc(-c5cccc(OC6CCCCO6)c5)c(C)c34)ccc21	0.007932
rxn:5:199106:222986:226695	Cc1cc(-c2ccc3nccc(-c4ccc(-c5cncs5)cc4F)c3c2C)cc(C2CCCNC2)n1	0.007905
rxn:5:179400:226766:223000	Cc1ccc(OC(F)(F)F)c(-c2cc(C(=O)C3CC3)ccc2-c2ccc(C3CCCNC3)c(F)c2)c1	0.007900
rxn:5:180568:228977:228435	COC(=O)c1sc2cccc(-c3c(SC)ccc(F)c3F)c2c1-c1ccc2c(c1)CC2	0.007856
rxn:5:197125:228259:225944	COc1cc(-c2c(F)cc(F)c(OC(C)C)c2F)c2nc(-c3cc(C)cc(OC)c3F)sc2c1	0.007809
rxn:5:176993:227399:223000	CCCC(=O)c1ccc(-c2ccc(C3CCCNC3)c(F)c2)c(-c2cccc(-c3nccs3)c2)c1	0.007798
rxn:5:199106:223087:226200	Cc1c(-c2cc(C(F)(F)F)cc3[nH]ncc23)ccc2nccc(-c3ccc4c(c3)ncn4C(C)C)c12	0.007760
rxn:5:177497:229270:226593	CC(C)Oc1ccc(F)c(-c2c(SCc3ccccc3)cccc2-c2cnc(C#N)s2)c1F	0.007736
rxn:5:198417:225481:226200	CC(C)n1cnc2cc(-c3ccnc4cc(-c5cccc(-c6ccccc6)c5F)sc34)ccc21	0.007731
rxn:5:176993:227142:223000	CCCC(=O)c1ccc(-c2ccc(C3CCCNC3)c(F)c2)c(-c2cc3cc(OC)ccc3s2)c1	0.007714
rxn:5:176993:227143:223000	CCCC(=O)c1ccc(-c2ccc(C3CCCNC3)c(F)c2)c(-c2cc3ccc(OC)cc3s2)c1	0.007714
rxn:5:176993:227144:223000	CCCC(=O)c1ccc(-c2ccc(C3CCCNC3)c(F)c2)c(-c2cc3cccc(OC)c3s2)c1	0.007714
rxn:5:176993:227145:223000	CCCC(=O)c1ccc(-c2ccc(C3CCCNC3)c(F)c2)c(-c2cc3c(OC)cccc3s2)c1	0.007714
rxn:5:199106:226139:226200	Cc1c(-c2cc(C3CC3)cnc2C2CC2)ccc2nccc(-c3ccc4c(c3)ncn4C(C)C)c12	0.007664
rxn:5:179400:226217:223000	COc1cc(C)cc2cc(-c3cc(C(=O)C4CC4)ccc3-c3ccc(C4CCCNC4)c(F)c3)sc12	0.007658
rxn:5:179400:225474:223000	Cc1cccc(-c2cncc(-c3cc(C(=O)C4CC4)ccc3-c3ccc(C4CCCNC4)c(F)c3)c2)c1	0.007654
rxn:5:176993:227713:223000	CCCC(=O)c1ccc(-c2ccc(C3CCCNC3)c(F)c2)c(-c2cc(F)ccc2OC(F)F)c1	0.007652
rxn:5:199106:226198:226200	CCCn1ncc2cc(-c3ccc4nccc(-c5ccc6c(c5)ncn6C(C)C)c4c3C)ccc21	0.007631
rxn:5:180141:228040:227115	COc1ccc(-c2cc(C)c(C3CC3)cc2F)cc1-c1ccc(-c2ccnc3ccncc23)cc1	0.007622
rxn:5:198417:225420:226200	CCOc1c(-c2cc3nccc(-c4ccc5c(c4)ncn5C(C)C)c3s2)ccc2ccccc12	0.007622
rxn:5:199106:225392:227137	CCn1cnc2cc(-c3ccnc4ccc(-c5cccc(Cc6ccccc6)c5)c(C)c34)ccc21	0.007604
rxn:5:199106:227558:226695	Cc1cc(OC(F)F)ccc1-c1ccc2nccc(-c3ccc(-c4cncs4)cc3F)c2c1C	0.007570
rxn:5:199106:227560:226695	COc1ccc(-c2ccc3nccc(-c4ccc(-c5cncs5)cc4F)c3c2C)cc1C(F)F	0.007563
rxn:5:199106:226751:226200	Cc1cc(OC(F)(F)F)ccc1-c1ccc2nccc(-c3ccc4c(c3)ncn4C(C)C)c2c1C	0.007550
rxn:5:199106:225792:226200	COc1ccc(-n2cc(-c3ccc4nccc(-c5ccc6c(c5)ncn6C(C)C)c4c3C)cn2)cc1	0.007511
rxn:5:199106:225791:226200	COc1ccccc1-n1cc(-c2ccc3nccc(-c4ccc5c(c4)ncn5C(C)C)c3c2C)cn1	0.007511
rxn:5:199106:225793:226200	COc1cccc(-n2cc(-c3ccc4nccc(-c5ccc6c(c5)ncn6C(C)C)c4c3C)cn2)c1	0.007511
rxn:5:194141:227138:226412	COC(=O)c1c[nH]c2cc(-c3cc(F)cc(N4CCCC4)c3)c(-c3cc4ccc(C#N)cc4s3)cc12	0.007493
rxn:5:194141:227141:226412	COC(=O)c1c[nH]c2cc(-c3cc(F)cc(N4CCCC4)c3)c(-c3cc4cc(C#N)ccc4s3)cc12	0.007493
rxn:5:194141:227139:226412	COC(=O)c1c[nH]c2cc(-c3cc(F)cc(N4CCCC4)c3)c(-c3cc4c(C#N)cccc4s3)cc12	0.007493
rxn:5:194141:227140:226412	COC(=O)c1c[nH]c2cc(-c3cc(F)cc(N4CCCC4)c3)c(-c3cc4cccc(C#N)c4s3)cc12	0.007493
rxn:5:179400:225501:223000	O=C(c1ccc(-c2ccc(C3CCCNC3)c(F)c2)c(-c2cccc(-c3cccc(F)c3)c2)c1)C1CC1	0.007448
rxn:5:199106:225651:226200	Cc1cc(-c2cnn(C)c2)cc(-c2ccc3nccc(-c4ccc5c(c4)ncn5C(C)C)c3c2C)c1	0.007420
rxn:5:199106:225981:226200	Cc1c(-c2cnn(-c3cc(F)cc(F)c3)c2)ccc2nccc(-c3ccc4c(c3)ncn4C(C)C)c12	0.007420
rxn:5:199106:225983:226200	Cc1c(-c2cnn(-c3ccc(F)c(F)c3)c2)ccc2nccc(-c3ccc4c(c3)ncn4C(C)C)c12	0.007420
rxn:5:199106:226167:226695	Cc1c(-c2ccc(-c3ccccn3)cc2)ccc2nccc(-c3ccc(-c4cncs4)cc3F)c12	0.007398
rxn:5:199106:225847:226200	Cc1cc(F)ccc1-n1cc(-c2ccc3nccc(-c4ccc5c(c4)ncn5C(C)C)c3c2C)cn1	0.007393
rxn:5:199106:225862:226200	Cc1cnn(-c2cc(F)cc(-c3ccc4nccc(-c5ccc6c(c5)ncn6C(C)C)c4c3C)c2)c1	0.007393
rxn:5:177504:228040:227115	Cc1cc(-c2ccc(OCc3ccccc3-c3ccnc4ccncc34)cc2)c(F)cc1C1CC1	0.007388
rxn:5:177494:228040:227115	Cc1cc(-c2cc(OCc3ccccc3)cc(-c3ccnc4ccncc34)c2)c(F)cc1C1CC1	0.007388
rxn:5:199106:225787:226200	Cc1c(-c2cnn(Cc3cccc(F)c3)c2)ccc2nccc(-c3ccc4c(c3)ncn4C(C)C)c12	0.007363
rxn:5:199106:225464:226200	Cc1c(-c2cccc(N3CCCC(C)C3)c2)ccc2nccc(-c3ccc4c(c3)ncn4C(C)C)c12	0.007339
rxn:5:198417:226038:226462	CCn1cnc2cc(-c3ccnc4cc(-c5cc(F)c(C(F)(F)F)cc5OC)sc34)c(F)cc21	0.007315
rxn:5:192645:228977:228435	CSc1ccc(F)c(F)c1-c1cc(C(=O)c2ncc(C)s2)cc(-c2ccc3c(c2)CC3)c1	0.007288
rxn:5:179400:225392:223000	O=C(c1ccc(-c2ccc(C3CCCNC3)c(F)c2)c(-c2cccc(Cc3ccccc3)c2)c1)C1CC1	0.007251
rxn:5:199106:225691:226200	Cc1c(-c2cccnc2-c2cccc(F)c2)ccc2nccc(-c3ccc4c(c3)ncn4C(C)C)c12	0.007249
rxn:5:199106:225578:226200	CCc1ccc(-n2cc(-c3ccc4nccc(-c5ccc6c(c5)ncn6C(C)C)c4c3C)cn2)cc1	0.007240
rxn:5:199106:225622:226200	Cc1c(-c2ccccc2OC2CCCCO2)ccc2nccc(-c3ccc4c(c3)ncn4C(C)C)c12	0.007223
rxn:5:176993:226217:223000	CCCC(=O)c1ccc(-c2ccc(C3CCCNC3)c(F)c2)c(-c2cc3cc(C)cc(OC)c3s2)c1	0.007216
rxn:5:194141:226166:226412	COC(=O)c1c[nH]c2cc(-c3cc(F)cc(N4CCCC4)c3)c(-c3ccc(-c4ccncc4)cc3)cc12	0.007209
rxn:5:199106:225396:226200	Cc1ccccc1-c1ccc(-c2ccc3nccc(-c4ccc5c(c4)ncn5C(C)C)c3c2C)cc1	0.007203
rxn:5:199106:226036:227137	CCn1cnc2cc(-c3ccnc4ccc(-c5cc(C(F)(F)F)cc(F)c5OC)c(C)c34)ccc21	0.007201
rxn:5:179400:225624:223000	COc1ccc(-c2ccc(-c3cc(C(=O)C4CC4)ccc3-c3ccc(C4CCCNC4)c(F)c3)s2)cc1	0.006916
rxn:5:179400:225626:223000	COc1ccccc1-c1ccc(-c2cc(C(=O)C3CC3)ccc2-c2ccc(C3CCCNC3)c(F)c2)s1	0.006916
rxn:5:199106:225491:226695	Cc1c(-c2cc(F)ccc2-c2ccccc2)ccc2nccc(-c3ccc(-c4cncs4)cc3F)c12	0.006846
rxn:5:199106:225580:226695	CCn1cc(-c2cccc(-c3ccc4nccc(-c5ccc(-c6cncs6)cc5F)c4c3C)c2)cn1	0.006825
rxn:5:199106:225394:226695	Cc1c(-c2cc(C3CCC3)cc(C3CC3)c2)ccc2nccc(-c3ccc(-c4cncs4)cc3F)c12	0.006812
rxn:5:176993:225624:223000	CCCC(=O)c1ccc(-c2ccc(C3CCCNC3)c(F)c2)c(-c2ccc(-c3ccc(OC)cc3)s2)c1	0.006505
rxn:5:176993:225626:223000	CCCC(=O)c1ccc(-c2ccc(C3CCCNC3)c(F)c2)c(-c2ccc(-c3ccccc3OC)s2)c1	0.006505
rxn:5:194141:225406:226412	COC(=O)c1c[nH]c2cc(-c3cc(F)cc(N4CCCC4)c3)c(-c3cccc(-c4ccc(C)cc4)c3)cc12	0.006492
rxn:5:199106:225940:226695	Cc1c(-c2cc(C(F)(F)F)cnc2C2CC2)ccc2nccc(-c3ccc(-c4cncs4)cc3F)c12	0.006393
rxn:5:194141:226747:226412	CCc1ncc(-c2cc3c(C(=O)OC)c[nH]c3cc2-c2cc(F)cc(N3CCCC3)c2)cc1C(F)(F)F	0.006256
rxn:5:194141:227045:226412	COC(=O)c1c[nH]c2cc(-c3cc(F)cc(N4CCCC4)c3)c(-c3cccc(SC(C)(C)C)c3)cc12	0.006177
