name	smiles	heuristic
rxn:2:67607:74805	c1nc(NC2CCSC2)ns1	0.069118
rxn:2:66976:90439	CSC1CCC1Nc1ncon1	0.064208
rxn:2:66976:78993	FC1CC(Nc2ncon2)C1	0.063166
rxn:2:67607:96149	CC1CSCCC1Nc1ncsn1	0.063041
rxn:2:66976:83206	CC(Nc1ncon1)c1cnsc1	0.062228
rxn:2:66976:100841	CCC1CCC1Nc1ncon1	0.061962
rxn:2:66976:123060	CSC1CCC(Nc2ncon2)C1	0.061813
rxn:2:85600:122702	CC[C@@H]1CCC(Nc2cscn2)C1	0.061772
rxn:2:66976:138812	FC1CCC(Nc2ncon2)C1	0.060809
rxn:2:66976:114468	CC1CCC(Nc2ncon2)C1	0.060626
rxn:2:66976:119549	C[C@H]1CCC(Nc2ncon2)C1	0.060626
rxn:2:66976:129126	C[C@@H]1CCC(Nc2ncon2)C1	0.060626
rxn:2:66976:136912	c1nc(NC2CCCSCC2)no1	0.060482
rxn:2:67607:86078	c1nc(NC2CCCC3CC32)ns1	0.060408
rxn:2:67607:107686	c1nc(NC2CC3CCC3C2)ns1	0.060408
rxn:2:103296:96265	CSC1CC(NCc2ncon2)C1	0.060404
rxn:2:67050:94654	c1csc(NC2CC3(CCO3)C2)n1	0.060294
rxn:2:66976:87032	COC1CC(Nc2ncon2)C1	0.059979
rxn:2:67607:94288	Cc1cc(C(C)Nc2ncsn2)on1	0.059932
rxn:2:66976:119515	CC(F)C1CC(Nc2ncon2)C1	0.059763
rxn:2:66976:83447	c1nc(NC2C[C@@H]3C[C@@H]3C2)no1	0.059731
rxn:2:66976:94855	c1nc(NC2CC3CC3C2)no1	0.059731
rxn:2:66976:83505	CSC1CCCC(Nc2ncon2)C1	0.059531
rxn:2:66976:131509	CSC1CCC(Nc2ncon2)CC1	0.059531
rxn:2:66976:68275	CC(C)C1CC(Nc2ncon2)C1	0.059502
rxn:2:67607:107564	Cc1cc(C(C)Nc2ncsn2)c(C)s1	0.059455
rxn:2:66976:122185	CCCC1CCC1Nc1ncon1	0.059387
rxn:2:67607:110382	C[C@H]1CCOC(CNc2ncsn2)C1	0.059347
rxn:2:67607:94441	CCC(Nc1ncsn1)c1ccsc1C	0.059160
rxn:2:66976:90296	c1nc(NC2CC(C3CC3)C2)no1	0.058953
rxn:2:67607:126975	CCC(Nc1ncsn1)C1CCSCC1	0.058811
rxn:2:122497:96265	CSC1CC(NC(C)c2ncon2)C1	0.058801
rxn:2:67607:130975	CN1CCCCC1CNc1ncsn1	0.058769
rxn:2:66976:85103	COC1CCC(Nc2ncon2)C1	0.058345
rxn:2:66976:104388	CC1CCC(Nc2ncon2)CC1	0.058332
rxn:2:66976:96851	C[C@H]1CCCC(Nc2ncon2)C1	0.058332
rxn:2:66976:116579	C[C@@H]1CCCC(Nc2ncon2)C1	0.058332
rxn:2:66976:141545	CC1CCCC(Nc2ncon2)C1	0.058332
rxn:2:66976:79616	C[C@@H]1CC(Nc2ncon2)C[C@H](C)S1	0.058246
rxn:2:66976:109325	CC1CC(Nc2ncon2)CC(C)S1	0.058246
rxn:2:67607:138429	Cc1cc2c(s1)CCC2Nc1ncsn1	0.058145
rxn:2:67607:88955	Cc1ccc(C(C)Nc2ncsn2)[nH]1	0.058120
rxn:2:66976:72918	CCOC1CC(Nc2ncon2)C1	0.058119
rxn:2:67607:114787	c1nc(NC2C[C@H]3CCCC[C@H]23)ns1	0.058072
rxn:2:67607:113803	Cc1n[nH]cc1C(C)Nc1ncsn1	0.057693
rxn:2:66976:105657	c1nc(NC2C[C@H]3CC[C@H]3C2)no1	0.057682
rxn:2:66976:107686	c1nc(NC2CC3CCC3C2)no1	0.057682
rxn:2:66976:129328	c1nc(NC2C[C@@H]3CC[C@H]3C2)no1	0.057682
rxn:2:66976:139295	c1nc(NC2CC3CC(C3)C2)no1	0.057682
rxn:2:66976:113292	c1nc(NC2CCC3CC3C2)no1	0.057682
rxn:2:66976:94931	CCC1CCC(Nc2ncon2)CC1	0.057461
rxn:2:66976:77015	CCC1CCCC(Nc2ncon2)C1	0.057461
rxn:2:66976:89477	CC[C@@H]1CCCC(Nc2ncon2)C1	0.057461
rxn:2:66976:100408	CC[C@H]1CCCC(Nc2ncon2)C1	0.057461
rxn:2:66976:120087	CC(C)C1CCC(Nc2ncon2)C1	0.057404
rxn:2:129110:87143	CC(CCc1cnsc1)NC1COC1	0.057281
rxn:2:66976:109937	CCCC1CCCC1Nc1ncon1	0.057238
rxn:2:66976:133085	CCC[C@@H]1CCCC1Nc1ncon1	0.057238
rxn:2:66976:88146	CC(C)CC1CCC1Nc1ncon1	0.057182
rxn:2:66976:126014	CCCC1CC(Nc2ncon2)CCS1	0.057086
rxn:2:66976:82685	CCSC1CCC(Nc2ncon2)CC1	0.057086
rxn:2:66976:71787	c1nc(NC2CCC(C3CC3)C2)no1	0.056992
rxn:2:66976:108555	CN(C)C1CC(Nc2ncon2)C1	0.056956
rxn:2:81263:78993	CSCc1cncc(NC2CC(F)C2)c1	0.056947
rxn:2:67607:94751	CCC(Nc1ncsn1)C1=NCCCC1	0.056917
rxn:2:141758:141943	CCC(Nc1nc(C)cn1C)C1CSC1	0.056823
rxn:2:103296:122702	CC[C@@H]1CCC(NCc2ncon2)C1	0.056761
rxn:2:66976:107346	CCC1CC(Nc2ncon2)CCO1	0.056716
rxn:2:134110:96265	CSC1CC(NCCc2ncon2)C1	0.056667
rxn:2:65902:96265	CSC1CC(NC(C)(C)c2ncon2)C1	0.056635
rxn:2:139270:141943	CCC(Nc1cccnc1C)C1CSC1	0.056504
rxn:2:100022:141943	CCC(Nc1cccc(C)n1)C1CSC1	0.056504
rxn:2:66976:90622	CC(C)OC1CC(Nc2ncon2)C1	0.056494
rxn:2:81263:75685	CSCc1cncc(NC2CC(C)C2)c1	0.056453
rxn:2:70926:91066	Cc1ccsc1CNC1COc2ccsc21	0.056441
rxn:2:66976:72770	CC(CCc1ccsc1)Nc1ncon1	0.056400
rxn:2:66976:138386	CC(CCc1cccs1)Nc1ncon1	0.056400
rxn:2:66976:102620	COCC1CCC(Nc2ncon2)C1	0.056274
rxn:2:66976:110791	C[C@@H]1CC(Nc2ncon2)C[C@H](C)C1	0.056166
rxn:2:66976:121622	CC1CC(C)CC(Nc2ncon2)C1	0.056166
rxn:2:66976:78122	CC(C)(C)C1CC(Nc2ncon2)C1	0.056166
rxn:2:66976:102430	CC1CCC(Nc2ncon2)CC1C	0.056166
rxn:2:101812:96265	CSC1CC(NC2(c3ncon3)CC2)C1	0.056139
rxn:2:67607:80351	Cn1ccc2c1CCC2Nc1ncsn1	0.056076
rxn:2:66976:78845	CC(CCc1nccs1)Nc1ncon1	0.056044
rxn:2:67607:103045	c1ccc2c(c1)CCC2Nc1ncsn1	0.055996
rxn:2:67607:135605	CC(C)(C)C1CCCC1Nc1ncsn1	0.055987
rxn:2:90909:141943	CCc1csc(NC(CC)C2CSC2)c1	0.055985
rxn:2:67187:91066	c1ncc(NC2COc3ccsc32)cn1	0.055979
rxn:2:66976:86289	CCCCC1CCC1Nc1ncon1	0.055975
rxn:2:67607:73239	c1cnc2c(c1)C(Nc1ncsn1)CC2	0.055840
rxn:2:66976:104325	CCC1CCC(Nc2ncon2)C(F)C1	0.055813
rxn:2:90909:91066	CCc1csc(NC2COc3ccsc32)c1	0.055779
rxn:2:66976:70877	c1nc(NC2CCC3CCC3C2)no1	0.055762
rxn:2:66976:85950	c1nc(NC2CC[C@H]3CC[C@H]3C2)no1	0.055762
rxn:2:88722:94654	c1cc2nc(NC3CC4(CCO4)C3)sc2s1	0.055720
rxn:2:66976:89044	CC1(C)C2CC(Nc3ncon3)CC21	0.055654
rxn:2:66976:128881	CC1(C)[C@@H]2CC(Nc3ncon3)C[C@@H]21	0.055654
rxn:2:66976:90591	c1ccc2c(c1)CC2Nc1ncon1	0.055579
rxn:2:122259:96265	CCC(NC1CC(SC)C1)c1ncon1	0.055567
rxn:2:66976:83573	Cc1ccc(C(C)Nc2ncon2)n1C	0.055516
rxn:2:66976:86871	CC1CC(Nc2ncon2)CC(C)O1	0.055491
rxn:2:66976:113016	C[C@H]1CC(Nc2ncon2)C[C@H](C)O1	0.055491
rxn:2:66976:114399	C[C@@H]1CC(Nc2ncon2)C[C@H](C)O1	0.055491
rxn:2:66976:117008	C[C@@H]1CC(Nc2ncon2)C[C@@H](C)O1	0.055491
rxn:2:103214:141943	CCC(N[C@@H]1CCC[C@H]1F)C1CSC1	0.055473
rxn:2:66976:100227	CCC1CC(Nc2ncon2)CCC1C	0.055411
rxn:2:66976:137094	CCC1CCC(Nc2ncon2)CC1C	0.055411
rxn:2:93519:109315	CC(NC1C(F)CC2CC21)c1cnco1	0.055303
rxn:2:66976:132096	CCCOC1CC(Nc2ncon2)C1	0.055249
rxn:2:109243:96265	CSC1CC(NCC(C)c2ncon2)C1	0.055247
rxn:2:67607:103753	CCc1cc(C(C)Nc2ncsn2)n(C)n1	0.055213
rxn:2:66976:81796	CCC[C@@H]1CCCCC1Nc1ncon1	0.055201
rxn:2:66976:85629	CCCC1CCCCC1Nc1ncon1	0.055201
rxn:2:66976:96655	CCCC1CCC(Nc2ncon2)CC1	0.055201
rxn:2:98524:83447	Cc1cc(NC2C[C@@H]3C[C@@H]3C2)cnn1	0.055201
rxn:2:75155:83447	Cc1cnnc(NC2C[C@@H]3C[C@@H]3C2)c1	0.055201
rxn:2:123522:140522	CCCC1CCC(Nc2nc(C)no2)C1	0.055200
rxn:2:66976:98811	CC(C)CC1CCCC1Nc1ncon1	0.055196
rxn:2:66976:128872	CC(C)CC1CCC(Nc2ncon2)C1	0.055196
rxn:2:66976:101298	CCC(C)C1CCC(Nc2ncon2)C1	0.055196
rxn:2:135211:94654	c1ccc(NC2CC3(CCO3)C2)nc1	0.055140
rxn:2:122497:122702	CC[C@@H]1CCC(NC(C)c2ncon2)C1	0.055086
rxn:2:67607:122449	CCC(Nc1ncsn1)c1nnn[nH]1	0.054966
rxn:2:67607:102401	c1nc(NC2CCOC3(CCSC3)C2)ns1	0.054867
rxn:2:66976:74146	CCOC1CCCC(Nc2ncon2)C1	0.054857
rxn:2:66976:121666	CCCC1CC(Nc2ncon2)CCO1	0.054857
rxn:2:97885:83206	CC(N[C@H]1[C@@H]2CC[C@H]1COC2)c1cnsc1	0.054780
rxn:2:74325:83206	CC(N[C@@H]1[C@@H]2CC[C@H]1COC2)c1cnsc1	0.054780
rxn:2:67607:114038	CN1CC2CC(Nc3ncsn3)CC2C1	0.054776
rxn:2:66976:120694	COCC1CCC(Nc2ncon2)CC1	0.054715
rxn:2:66976:101566	COCC1CCCC(Nc2ncon2)C1	0.054715
rxn:2:66976:121865	CCOC1CC(Nc2ncon2)C1(C)C	0.054714
rxn:2:67607:78139	CC(Nc1ncsn1)c1ccn(C)c(=O)c1	0.054686
rxn:2:135338:96265	CSc1cc(NC2CC(SC)C2)cnn1	0.054660
rxn:2:67607:125930	COc1cnn(C)c1C(C)Nc1ncsn1	0.054657
rxn:2:83471:141943	CCC(NC[C@H]1CC1(F)F)C1CSC1	0.054619
rxn:2:98524:90296	Cc1cc(NC2CC(C3CC3)C2)cnn1	0.054617
rxn:2:75155:90296	Cc1cnnc(NC2CC(C3CC3)C2)c1	0.054617
rxn:2:122310:83447	CCc1cc(NC2C[C@@H]3C[C@@H]3C2)cnn1	0.054559
rxn:2:67607:81352	c1nc(NC2CCCc3c[nH]cc32)ns1	0.054433
rxn:2:67607:88823	c1cc2c([nH]1)C(Nc1ncsn1)CCC2	0.054433
rxn:2:78560:83447	COc1cc(NC2C[C@@H]3C[C@@H]3C2)cnn1	0.054361
rxn:2:142127:96265	CSC1CC(NC2(c3ncon3)CCC2)C1	0.054361
rxn:2:67607:105313	Cc1nc(C(Nc2ncsn2)C2CC2)sc1C	0.054302
rxn:2:140730:112403	FC1(F)CC(Nc2ccnc3ccsc23)C1	0.054282
rxn:2:130913:141943	CCC(Nc1c(C)nn2ccsc12)C1CSC1	0.054220
rxn:2:66976:71078	CC(C)(C)[C@@H]1CCC(Nc2ncon2)C1	0.054216
rxn:2:66976:121110	CC(C)(C)C1CCC(Nc2ncon2)C1	0.054216
rxn:2:66976:137825	CC(C)(C)[C@H]1CCC(Nc2ncon2)C1	0.054216
rxn:2:67607:111389	c1nc(NC(c2cnn[nH]2)C2CC2)ns1	0.054179
rxn:2:66976:77267	CS(=O)(=O)C1CCC(Nc2ncon2)C1	0.054161
rxn:2:67607:70861	Cc1noc2c1CCCC2Nc1ncsn1	0.054158
rxn:2:67607:131741	Cc1nc2c(o1)CCCC2Nc1ncsn1	0.054158
rxn:2:81263:83447	CSCc1cncc(NC2C[C@@H]3C[C@@H]3C2)c1	0.054123
rxn:2:81263:94855	CSCc1cncc(NC2CC3CC3C2)c1	0.054123
rxn:2:67607:105054	c1cc2n(n1)CCCCC2Nc1ncsn1	0.054089
rxn:2:66976:131094	Cc1ncsc1CCC(C)Nc1ncon1	0.054079
rxn:2:66976:65992	Cc1nc(CCC(C)Nc2ncon2)cs1	0.054079
rxn:2:67607:110174	c1nc(NC2CCCc3[nH]ncc32)ns1	0.054028
rxn:2:66976:124075	CCCCC1CCCC1Nc1ncon1	0.053983
rxn:2:67607:132362	c1cc2c(cn1)CCCC2Nc1ncsn1	0.053974
rxn:2:67607:130379	c1cc2c(cn1)C(Nc1ncsn1)CCC2	0.053974
rxn:2:67607:88549	c1cnc2c(c1)C(Nc1ncsn1)CCC2	0.053974
rxn:2:67607:124762	Cc1ccc2c(c1)C(Nc1ncsn1)CC2	0.053947
rxn:2:67607:87887	Cc1cccc2c1C(Nc1ncsn1)CC2	0.053947
rxn:2:67607:77899	Cc1cncc2c1CCC2Nc1ncsn1	0.053944
rxn:2:67607:137943	Cc1ccc2c(n1)CCC2Nc1ncsn1	0.053944
rxn:2:66976:107755	Cc1ccc2n1CCC2Nc1ncon1	0.053936
rxn:2:66976:122379	CSCC(Nc1ncon1)c1ccccc1	0.053928
rxn:2:66976:115662	c1nc(NC2CC[C@@H]3CCC[C@@H]3C2)no1	0.053926
rxn:2:66976:117197	c1nc(NC2CCC3CCCC3C2)no1	0.053926
rxn:2:66976:87828	CC1CC2CC(Nc3ncon3)CC2C1	0.053873
rxn:2:66976:103224	O=S1(=O)CCC(Nc2ncon2)CC1	0.053822
rxn:2:103296:140522	CCCC1CCC(NCc2ncon2)C1	0.053782
rxn:2:67607:101777	CC(CCc1cnn(C)c1)Nc1ncsn1	0.053732
rxn:2:66976:119102	c1nc(NC2CCOc3cocc32)no1	0.053715
rxn:2:103296:72771	CC(C)CC1CC(NCc2ncon2)C1	0.053687
rxn:2:66976:139987	CN1C2CC(Nc3ncon3)CC1C2	0.053665
rxn:2:66976:134101	CCCSC1CCC(Nc2ncon2)CC1	0.053663
rxn:2:131639:87143	CC(CCc1cnsc1)N[C@H]1C[C@](C)(F)C1	0.053651
rxn:2:119407:83447	CSc1cc(NC2C[C@@H]3C[C@@H]3C2)[nH]n1	0.053621
rxn:2:113151:87143	CC(CCc1cnsc1)NCC1(C)CC1	0.053564
rxn:2:67607:89633	c1nc(NC2CCCc3cnncc32)ns1	0.053548
rxn:2:123138:96265	CSC1CC(NC(c2ncon2)C(C)C)C1	0.053535
rxn:2:134110:122702	CC[C@@H]1CCC(NCCc2ncon2)C1	0.053518
rxn:2:67607:95426	c1nc(NC2C[C@@H]3C[C@H]4C[C@@H](C3)[C@@H]2C4)ns1	0.053514
rxn:2:66976:132707	CC(Nc1ncon1)c1ccc(C2CC2)o1	0.053499
rxn:2:123930:96265	CCC(C)(NC1CC(SC)C1)c1ncon1	0.053498
rxn:2:93519:113297	FC1CC2CC2C1NC1COc2cscc21	0.053496
rxn:2:66976:73601	CC(C)C1CCC(Nc2ncon2)CC1C	0.053474
rxn:2:95164:87143	CC(CCc1cnsc1)N[C@H]1COC[C@H]1C	0.053467
rxn:2:103707:87143	CC(CCc1cnsc1)NC1COCC1C	0.053467
rxn:2:104281:87143	CC(CCc1cnsc1)N[C@H]1COC[C@@H]1C	0.053467
rxn:2:107650:87143	CC(CCc1cnsc1)N[C@@H]1COC[C@H]1C	0.053467
rxn:2:66976:92362	CC(C)(C)CC1CCC(Nc2ncon2)C1	0.053446
rxn:2:66976:99478	CCC1CC(Nc2ncon2)CCC1(C)C	0.053446
rxn:2:67607:81859	CC12CCCN1CCC(Nc1ncsn1)C2	0.053436
rxn:2:67607:70454	c1nc(NC2CCC3CCCCN3C2)ns1	0.053436
rxn:2:66976:123787	c1nc(NC2COC3(CCCC3)C2)no1	0.053395
rxn:2:66976:79977	c1nc(NC2CCC3(CCC3)OC2)no1	0.053395
rxn:2:66976:92059	CC(C)(C)OC1CCC(Nc2ncon2)C1	0.053390
rxn:2:95501:109246	CCC(NC1CCC1(F)F)C1(F)CC1	0.053350
rxn:2:67607:136278	CCn1ncc2c1CCCC2Nc1ncsn1	0.053299
rxn:2:119084:91066	c1cc2c(s1)C(Nc1ncc(C3CC3)o1)CO2	0.053292
rxn:2:66976:139228	c1nc(NC2CCC(C3CCCC3)C2)no1	0.053269
rxn:2:67607:103801	COc1cccc2c1CCC2Nc1ncsn1	0.053260
rxn:2:67607:77199	COc1ccc2c(c1)CCC2Nc1ncsn1	0.053260
rxn:2:112572:91066	CCc1cnc(NC2COc3ccsc32)nc1	0.053260
rxn:2:122310:91066	CCc1cc(NC2COc3ccsc32)cnn1	0.053260
rxn:2:92754:91066	CCc1ncc(NC2COc3ccsc32)cn1	0.053260
rxn:2:67607:88797	COc1cccc2c1C(Nc1ncsn1)CC2	0.053260
rxn:2:67607:111968	COc1ccc2c(c1)C(Nc1ncsn1)CC2	0.053260
rxn:2:97314:91066	CCc1cnnc(NC2COc3ccsc32)c1	0.053260
rxn:2:72790:91066	CCc1cncc(NC2COc3ccsc32)n1	0.053260
rxn:2:97174:84854	CCC(CSC)Nn1sc2ccccc2c1=O	0.053242
rxn:2:66976:88663	CCCC1CC(Nc2ncon2)CCC1C	0.053239
rxn:2:66976:127771	CCC1CCC(Nc2ncon2)CC1CC	0.053239
rxn:2:66976:127611	CCC(C)(C)C1CCC(Nc2ncon2)C1	0.053239
rxn:2:66976:73181	CC(C)CC1CCC(Nc2ncon2)CC1	0.053239
rxn:2:66976:101264	CC(C)CC1CCCC(Nc2ncon2)C1	0.053239
rxn:2:66976:95150	CC(C)CC1CCCCC1Nc1ncon1	0.053239
rxn:2:140730:85103	COC1CCC(Nc2ccnc3ccsc23)C1	0.053225
rxn:2:65902:122702	CC[C@@H]1CCC(NC(C)(C)c2ncon2)C1	0.053224
rxn:2:66976:126839	Cc1nc(C(C)Nc2ncon2)[nH]c1C	0.053222
rxn:2:66976:134591	CC1CC(Nc2ncon2)CC(C)N1C	0.053216
rxn:2:140730:138926	c1cc(NC2CC3(CC3)C2)c2sccc2n1	0.053215
rxn:2:126608:96265	CSC1CC(NC(c2ncon2)C2CC2)C1	0.053214
rxn:2:66976:105180	c1nc(NC2CCC3(CC2)COC3)no1	0.053214
rxn:2:67607:99531	c1nc(NC2CC[C@@H]3[C@H]4OCC[C@H]4[C@H]23)ns1	0.053199
rxn:2:87725:83447	CSc1cc(NC2C[C@@H]3C[C@@H]3C2)n(C)n1	0.053184
rxn:2:66976:139236	CC(C)OC1CCC(Nc2ncon2)CC1	0.053183
rxn:2:67607:76195	CN1CC2CCCC(Nc3ncsn3)C2C1	0.053180
rxn:2:84276:91066	Cc1cncc(CNC2COc3ccsc32)c1	0.053163
rxn:2:66976:91906	CC(C)CC1CC(Nc2ncon2)CCO1	0.053103
rxn:2:135338:111440	CCC1CC(Nc2cnnc(SC)c2)C1	0.053100
rxn:2:67607:96245	COc1nc(C)ccc1C(C)Nc1ncsn1	0.053096
rxn:2:66976:78904	CC1CC(Nc2ncon2)CC(C)C1(F)F	0.053086
rxn:2:139914:91066	CCc1ccc(NC2COc3ccsc32)nc1	0.053078
rxn:2:108325:91066	CCc1ccnc(NC2COc3ccsc32)c1	0.053078
rxn:2:99134:113297	CCc1cncc(NC2COc3cscc32)c1	0.053078
rxn:2:140730:93969	CC1(C)CC(Nc2ccnc3ccsc23)C1	0.053072
rxn:2:67607:69533	CC(C)c1ccnc(C(C)Nc2ncsn2)c1	0.053068
rxn:2:66976:117042	CCCC1CC2(C1)CC(Nc1ncon1)C2	0.053062
rxn:2:66976:71825	c1nc(NC2CCC(CC3CC3)CC2)no1	0.053062
rxn:2:67607:130039	CCc1cccc2c1CCC2Nc1ncsn1	0.053060
rxn:2:67607:116064	CCc1ccc2c(c1)CCC2Nc1ncsn1	0.053060
rxn:2:67607:91712	CCc1cccc2c1C(Nc1ncsn1)CC2	0.053060
rxn:2:67607:69829	CCc1ccc2c(c1)C(Nc1ncsn1)CC2	0.053060
rxn:2:66976:109244	CC(C)C(Nc1ncon1)c1cn[nH]c1	0.053038
rxn:2:114273:96265	CCn1nnc(C)c1CNC1CC(SC)C1	0.053034
rxn:2:73269:83447	CSc1cnnc(NC2C[C@@H]3C[C@@H]3C2)c1	0.053026
rxn:2:105363:83447	CSc1cnc(NC2C[C@@H]3C[C@@H]3C2)cn1	0.053026
rxn:2:95522:83447	CSc1cncc(NC2C[C@@H]3C[C@@H]3C2)n1	0.053026
rxn:2:112923:83447	CSc1ccc(NC2C[C@@H]3C[C@@H]3C2)nn1	0.053026
rxn:2:138936:141943	CCC(Nc1nnn2ccccc12)C1CSC1	0.053007
rxn:2:92957:141943	CCC(Nc1ncnn2cccc12)C1CSC1	0.053007
rxn:2:93854:141943	CCC(Nc1cccn2nncc12)C1CSC1	0.053007
rxn:2:76525:141943	CCC(Nc1cnc2cccnn12)C1CSC1	0.053007
rxn:2:111777:141943	CCC(Nc1cn2ncccc2n1)C1CSC1	0.053007
rxn:2:95907:141943	CCC(Nc1ccnc2ccnn12)C1CSC1	0.053007
rxn:2:135619:141943	CCC(Nc1cccc2ncnn12)C1CSC1	0.053007
rxn:2:134710:141943	CCC(Nc1cccc2nncn12)C1CSC1	0.053007
rxn:2:66976:134050	CC(C)CC1COCCC1Nc1ncon1	0.053003
rxn:2:67607:118297	c1csc(OCC2CC(Nc3ncsn3)C2)n1	0.053002
rxn:2:70182:141943	CCC(Nc1cnn2ccccc12)C1CSC1	0.052972
rxn:2:132986:141943	CCC(Nc1cc2ccccn2n1)C1CSC1	0.052972
rxn:2:131464:141943	CCC(Nc1ccnn2cccc12)C1CSC1	0.052972
rxn:2:114404:141943	CCC(Nc1ncn2ccccc12)C1CSC1	0.052972
rxn:2:88528:141943	CCC(Nc1cccc2ccnn12)C1CSC1	0.052972
rxn:2:95675:141943	CCC(Nc1cccc2cncn12)C1CSC1	0.052972
rxn:2:67191:87143	CC(CCc1cnsc1)N[C@H]1[C@@H]2COC[C@@H]21	0.052971
rxn:2:89952:87143	CC(CCc1cnsc1)NC1C2COCC21	0.052971
rxn:2:112704:87143	CC(CCc1cnsc1)N[C@@H]1[C@@H]2COC[C@@H]21	0.052971
rxn:2:121384:87143	CC(CCc1cnsc1)NC1[C@H]2COC[C@H]12	0.052971
rxn:2:67607:113191	COc1ccc2c(n1)CCC2Nc1ncsn1	0.052961
rxn:2:66976:102615	c1ccc(SC2CC(Nc3ncon3)C2)cc1	0.052937
rxn:2:67607:98748	Cc1cccc2c1SCCC2Nc1ncsn1	0.052922
rxn:2:67607:119677	Cc1ccc2c(c1)SCCC2Nc1ncsn1	0.052922
rxn:2:101812:122702	CC[C@@H]1CCC(NC2(c3ncon3)CC2)C1	0.052918
rxn:2:138600:95509	CCC1(NC2CCc3ncsc32)CC(F)(F)C1	0.052911
rxn:2:106272:94654	CCc1nc(NC2CC3(CCO3)C2)c[nH]1	0.052858
rxn:2:67607:121605	c1ccc2c(c1)SCCCC2Nc1ncsn1	0.052850
rxn:2:67304:83447	CSc1cc(NC2C[C@@H]3C[C@@H]3C2)ccn1	0.052840
rxn:2:87903:83447	CSc1cncc(NC2C[C@@H]3C[C@@H]3C2)c1	0.052840
rxn:2:107810:83447	CSc1ccc(NC2C[C@@H]3C[C@@H]3C2)cn1	0.052840
rxn:2:66976:131030	CO[C@H]1CC(Nc2ncon2)C[C@H]1OC	0.052833
rxn:2:66976:81672	Cc1cnc(C(C)Nc2ncon2)nc1C	0.052832
rxn:2:66976:80566	CC(C)(C)SC1CCCC(Nc2ncon2)C1	0.052795
rxn:2:135338:87032	COC1CC(Nc2cnnc(SC)c2)C1	0.052769
rxn:2:66976:121852	CCN(C)C1CCC(Nc2ncon2)CC1	0.052748
rxn:2:66976:85904	CCCN1CCC(Nc2ncon2)CC1C	0.052748
rxn:2:84577:71213	Cc1nocc1C(C)N[C@H]1CC[C@@H]1N(C)C	0.052730
rxn:2:112245:141943	CCC(N[C@@]1(C)[C@@H]2COC[C@@H]21)C1CSC1	0.052698
rxn:2:67607:93557	Cc1ccc(C(Nc2ncsn2)C(C)C)cc1	0.052688
rxn:2:67607:91473	COCC1CCC(Nc2ncsn2)C2CCC12	0.052636
rxn:2:122310:90296	CCc1cc(NC2CC(C3CC3)C2)cnn1	0.052635
rxn:2:78560:90296	COc1cc(NC2CC(C3CC3)C2)cnn1	0.052619
rxn:2:101515:83447	CCOc1cc(NC2C[C@@H]3C[C@@H]3C2)cnn1	0.052619
rxn:2:111877:91066	c1cc2c(s1)C(Nc1cc(C3CC3)cs1)CO2	0.052607
rxn:2:100928:91066	c1cc2c(s1)C(Nc1csc(C3CC3)c1)CO2	0.052607
rxn:2:74467:83447	c1nnc(C2CC2)cc1NC1C[C@@H]2C[C@@H]2C1	0.052606
rxn:2:66976:75974	CCCC1CN(C)CCC1Nc1ncon1	0.052598
rxn:2:66976:114860	CN(C)CC1CCC(Nc2ncon2)CC1	0.052598
rxn:2:66976:111089	CN(C)CC1CCCC(Nc2ncon2)C1	0.052598
rxn:2:66976:103149	CN1[C@@H]2CC[C@H]1CC(Nc1ncon1)C2	0.052571
rxn:2:66976:113715	CN1C2CCC1CC(Nc1ncon1)C2	0.052571
rxn:2:121033:141943	CCC(Nc1nnc2cccnn12)C1CSC1	0.052535
rxn:2:114106:91509	CN1CCC(Nc2cncc(C3CC3)c2)C1	0.052490
rxn:2:110866:96265	CSC1CC(NC2(c3ncon3)CCCC2)C1	0.052479
rxn:2:66976:96662	CCN1C2CCC1CC(Nc1ncon1)C2	0.052469
rxn:2:67970:96265	CSC1CC(NC2COc3ccc(C)cc32)C1	0.052337
rxn:2:131055:141943	CCC(Nc1cccc2cccn12)C1CSC1	0.052279
rxn:2:99134:141008	CCc1cncc(NC2CCc3ccsc32)c1	0.052226
rxn:2:66976:66938	CC(CCc1ccccc1)Nc1ncon1	0.052225
rxn:2:81263:73775	CSCc1cncc(NC2CCCC(F)C2)c1	0.052217
rxn:2:127714:91066	CCc1cccc(NC2COc3ccsc32)c1	0.052137
rxn:2:69178:91066	CCc1ccc(NC2COc3ccsc32)cc1	0.052137
rxn:2:125738:130954	CSC1CCC1NC1CCC2(CC1)CSC2	0.052126
rxn:2:67607:84942	Cc1cccc2c1OCCC2Nc1ncsn1	0.052123
rxn:2:67607:115631	Cc1ccc2c(c1)OCCC2Nc1ncsn1	0.052123
rxn:2:67607:117762	c1ccc2c(c1)OCCCC2Nc1ncsn1	0.052122
rxn:2:66976:101017	c1nc(NC2CCC3CCCCC3C2)no1	0.052120
rxn:2:126539:91066	c1cc2c(s1)C(Nc1cc3n(n1)CCC3)CO2	0.052092
rxn:2:122497:140522	CCCC1CCC(NC(C)c2ncon2)C1	0.052091
rxn:2:122259:122702	CCC(NC1CC[C@@H](CC)C1)c1ncon1	0.052091
rxn:2:122497:72771	CC(C)CC1CC(NC(C)c2ncon2)C1	0.052068
rxn:2:108714:94654	c1nc(NC2CC3(CCO3)C2)c2sccc2n1	0.052060
rxn:2:70195:94654	c1cc2nncc(NC3CC4(CCO4)C3)c2s1	0.052060
rxn:2:71868:94654	c1cc2ncsc2c(NC2CC3(CCO3)C2)n1	0.052060
rxn:2:93173:94654	c1cc2nc(NC3CC4(CCO4)C3)ncc2s1	0.052060
rxn:2:136847:94654	c1cc2ncc(NC3CC4(CCO4)C3)nc2s1	0.052060
rxn:2:118188:94654	c1nc2cncc(NC3CC4(CCO4)C3)c2s1	0.052060
rxn:2:140730:99593	c1cc(NC2CC3(COC3)C2)c2sccc2n1	0.052023
rxn:2:66976:132461	CCCCC1CCCCC1Nc1ncon1	0.052015
rxn:2:66976:88240	CCCCC1CCC(Nc2ncon2)CC1	0.052015
rxn:2:66976:117971	CCCOC1CCC(Nc2ncon2)CC1	0.052010
rxn:2:109243:122702	CC[C@@H]1CCC(NCC(C)c2ncon2)C1	0.052006
rxn:2:114690:94654	c1cc(NC2CC3(CCO3)C2)c2ccsc2n1	0.052004
rxn:2:66062:94654	c1cc2ccsc2c(NC2CC3(CCO3)C2)n1	0.052004
rxn:2:94463:94654	c1cc(NC2CC3(CCO3)C2)c2scnc2c1	0.052004
rxn:2:133826:94654	c1cc2ncc(NC3CC4(CCO4)C3)cc2s1	0.052004
rxn:2:125183:94654	c1cc2nc(NC3CC4(CCO4)C3)ccc2s1	0.052004
rxn:2:140730:68152	c1cc(NC2COC3(CC3)C2)c2sccc2n1	0.052004
rxn:2:126172:94654	c1cc2cncc(NC3CC4(CCO4)C3)c2s1	0.052004
rxn:2:134694:94654	c1cc2sccc2c(NC2CC3(CCO3)C2)n1	0.052004
rxn:2:76062:142184	c1ncc(-c2nnc(NC3C[C@@H]4CC[C@H]3C4)s2)s1	0.051997
rxn:2:66976:114038	CN1CC2CC(Nc3ncon3)CC2C1	0.051969
rxn:2:138600:114659	CCC1(NC(C)c2ncc(C)o2)CC(F)(F)C1	0.051962
rxn:2:103296:105764	CCCCC1CC(NCc2ncon2)C1	0.051960
rxn:2:67607:132054	CCCc1cccc(C(C)Nc2ncsn2)n1	0.051952
rxn:2:66976:85662	COCCC1CCC(Nc2ncon2)CC1	0.051931
rxn:2:66976:111274	CCOCC1CCC(Nc2ncon2)CC1	0.051931
rxn:2:67607:112880	COc1cccc2c1SCCC2Nc1ncsn1	0.051923
rxn:2:67607:69985	COc1ccc2c(c1)SCCC2Nc1ncsn1	0.051923
rxn:2:66204:91939	CN1CCC(Nc2nn(C)c(=O)s2)C1(C)C	0.051919
rxn:2:97174:65874	O=c1c2ccccc2sn1NC1CC[C@@H]2C[C@H]12	0.051917
rxn:2:66976:85938	CC1CC(Nc2ncon2)CC(C)S1(=O)=O	0.051907
rxn:2:66976:90476	C[C@@H]1CC(Nc2ncon2)C[C@H](C)S1(=O)=O	0.051907
rxn:2:67607:71185	Cc1cc2c(cc1C)C(Nc1ncsn1)CC2	0.051893
rxn:2:81263:105657	CSCc1cncc(NC2C[C@H]3CC[C@H]3C2)c1	0.051873
rxn:2:81263:107686	CSCc1cncc(NC2CC3CCC3C2)c1	0.051873
rxn:2:81263:129328	CSCc1cncc(NC2C[C@@H]3CC[C@H]3C2)c1	0.051873
rxn:2:81263:93592	CSCc1cncc(NC2CC3CCCC32)c1	0.051873
rxn:2:81263:111269	CSCc1cncc(NC2C[C@H]3CCC[C@@H]23)c1	0.051873
rxn:2:81263:113292	CSCc1cncc(NC2CCC3CC3C2)c1	0.051873
rxn:2:81263:139295	CSCc1cncc(NC2CC3CC(C3)C2)c1	0.051873
rxn:2:81263:67418	CSCc1cncc(NC2CCC[C@H]3C[C@@H]23)c1	0.051873
rxn:2:81263:86078	CSCc1cncc(NC2CCCC3CC32)c1	0.051873
rxn:2:81263:133882	CSCc1cncc(NC2CCC[C@@H]3C[C@H]23)c1	0.051873
rxn:2:66976:102542	CC(CCc1ccncc1)Nc1ncon1	0.051869
rxn:2:66976:133700	CC(CCc1cccnc1)Nc1ncon1	0.051869
rxn:2:66976:76485	CC(CCc1ccccn1)Nc1ncon1	0.051869
rxn:2:66976:136193	CCC1CCCC(Nc2ncon2)CC1	0.051840
rxn:2:66976:101333	CC(C)CC1COC(CNc2ncon2)C1	0.051833
rxn:2:67607:78907	c1nc(NC2CCc3cc4c(cc32)CC4)ns1	0.051822
rxn:2:94763:96265	CCCC(NC1CC(SC)C1)c1ncon1	0.051779
rxn:2:103296:87143	CC(CCc1cnsc1)NCc1ncon1	0.051777
rxn:2:67607:121798	c1nnn(C2CCCC(Nc3ncsn3)C2)n1	0.051764
rxn:2:81263:131775	CSCc1cncc(NC2CC(C)C(C)C2)c1	0.051750
rxn:2:81263:135680	CSCc1cncc(NC2C[C@@H](C)[C@@H](C)C2)c1	0.051750
rxn:2:93189:94654	Cc1nccc(NC2CC3(CCO3)C2)c1C	0.051718
rxn:2:66976:68282	COc1cc(C)ccc1C(C)Nc1ncon1	0.051702
rxn:2:112985:87143	CC(CCc1cnsc1)NCC1CCOC1	0.051657
rxn:2:105315:110337	CCC(Nc1c(C)nc2cccnn12)C1CC1	0.051623
rxn:2:135338:73775	CSc1cc(NC2CCCC(F)C2)cnn1	0.051607
rxn:2:66976:82980	CSc1ccccc1C(C)Nc1ncon1	0.051597
rxn:2:67607:116764	CC1(C)CCC2CC(Nc3ncsn3)CCN21	0.051589
rxn:2:66976:69558	CCCCN1CCC(Nc2ncon2)CC1	0.051585
rxn:2:67607:75600	CCC1CCCC(CNc2ncsn2)N1CC	0.051569
rxn:2:98693:137914	CSCCC1CC(NC2(C)CC(C)C2)C1	0.051550
rxn:2:81263:96851	CSCc1cncc(NC2CCC[C@H](C)C2)c1	0.051528
rxn:2:81263:116579	CSCc1cncc(NC2CCC[C@@H](C)C2)c1	0.051528
rxn:2:81263:141545	CSCc1cncc(NC2CCCC(C)C2)c1	0.051528
rxn:2:124541:91066	FC(F)(CNC1COc2ccsc21)c1ccsc1	0.051499
rxn:2:67607:140049	CCc1cccc2c1SCCC2Nc1ncsn1	0.051497
rxn:2:66976:124900	CCS(=O)(=O)C1CCC(Nc2ncon2)CC1	0.051465
rxn:2:66976:67083	c1ccc(CC2CC(Nc3ncon3)C2)cc1	0.051456
rxn:2:141811:96265	CSC1CC(Nc2nonc2-c2ncon2)C1	0.051447
rxn:2:66976:134622	CCC12CCC(CC1Nc1ncon1)C2(C)C	0.051430
rxn:2:78527:141943	CCC(NC1CC(c2ccon2)C1)C1CSC1	0.051414
rxn:2:119407:90296	CSc1cc(NC2CC(C3CC3)C2)[nH]n1	0.051406
rxn:2:66976:101777	CC(CCc1cnn(C)c1)Nc1ncon1	0.051383
rxn:2:66976:113943	c1nc(NC2CCCC2C2CCCCC2)no1	0.051382
rxn:2:67607:115527	CC(C)n1ncc2c1CCCC2Nc1ncsn1	0.051379
rxn:2:67607:95281	O=c1ccc2c([nH]1)CCC2Nc1ncsn1	0.051370
rxn:2:66976:128155	CN1C2CCC(Nc3ncon3)CC1CC2	0.051337
rxn:2:99134:138263	CCc1cncc(NC(C)c2ccn(C)c2)c1	0.051319
rxn:2:66976:127451	CCC1CC(Nc2ncon2)CCC1C(C)C	0.051311
rxn:2:127944:94654	c1cc(NC2CC3(CCO3)C2)c2sccc2c1	0.051290
rxn:2:100556:110337	CCC(Nc1c(C)nn2ccccc12)C1CC1	0.051277
rxn:2:92374:110337	CCC(Nc1cccc2nc(C)cn12)C1CC1	0.051277
rxn:2:129911:122702	CC[C@@H]1CCC(Nc2nc3c([nH]2)CCC3)C1	0.051271
rxn:2:142127:122702	CC[C@@H]1CCC(NC2(c3ncon3)CCC2)C1	0.051249
rxn:2:67607:71110	COc1cc(C)c2c(c1)C(Nc1ncsn1)CC2	0.051246
rxn:2:67607:109462	COc1ccc2c(c1C)C(Nc1ncsn1)CC2	0.051246
rxn:2:67607:122108	COc1ccc(C)c2c1C(Nc1ncsn1)CC2	0.051246
rxn:2:67607:104956	COc1cc2c(cc1C)C(Nc1ncsn1)CC2	0.051246
rxn:2:67607:77754	COc1cc(C)cc2c1C(Nc1ncsn1)CC2	0.051246
rxn:2:67607:78211	COc1c(C)ccc2c1C(Nc1ncsn1)CC2	0.051246
rxn:2:67607:137427	COc1ccc(C)c2c1CCC2Nc1ncsn1	0.051246
rxn:2:67607:98834	COc1cc2c(cc1C)CCC2Nc1ncsn1	0.051246
rxn:2:67607:118981	COc1ccc2c(c1)C(Nc1ncsn1)CCC2	0.051233
rxn:2:67607:128174	CCc1cccc2c1OCCC2Nc1ncsn1	0.051233
rxn:2:67607:115202	COc1cccc2c1CCC(Nc1ncsn1)C2	0.051219
rxn:2:66976:114800	CCC(C)(C)C1CCC(Nc2ncon2)CC1	0.051217
rxn:2:66976:98297	CS(=O)(=O)CC1CCC(Nc2ncon2)CC1	0.051217
rxn:2:75307:105732	Cc1cncc(NC2C[C@H]3CCC[C@H]3C2)c1	0.051213
rxn:2:135338:96851	CSc1cc(NC2CCC[C@H](C)C2)cnn1	0.051207
rxn:2:135338:116579	CSc1cc(NC2CCC[C@@H](C)C2)cnn1	0.051207
rxn:2:135338:141545	CSc1cc(NC2CCCC(C)C2)cnn1	0.051207
rxn:2:67607:119575	COc1cccc2c1OCCC2Nc1ncsn1	0.051200
rxn:2:67607:127878	COc1ccc2c(c1)OCCC2Nc1ncsn1	0.051200
rxn:2:67607:105740	CCc1cnc2c(c1)C(Nc1ncsn1)CCC2	0.051190
rxn:2:66976:87490	c1nc(NC2CCC(CC3CCC3)CC2)no1	0.051183
rxn:2:67607:102868	Cc1nc(C(C)Nc2ncsn2)c(C)n1C1CC1	0.051179
rxn:2:139840:91066	COc1ncc(C)nc1NC1COc2ccsc21	0.051175
rxn:2:128821:94654	c1cc(CNC2CC3(CCO3)C2)c2sccc2n1	0.051170
rxn:2:67607:66310	CN(C)c1ccc2c(c1)CCC2Nc1ncsn1	0.051164
rxn:2:66976:124056	c1c[nH]c(C(Nc2ncon2)C2CCC2)n1	0.051148
rxn:2:70889:117115	Cc1ccc2c(c1C)CCC2NCc1ncsn1	0.051147
rxn:2:78850:105732	COc1cncc(NC2C[C@H]3CCC[C@H]3C2)c1	0.051132
rxn:2:67607:125240	CCc1cccc2c1CCC(Nc1ncsn1)C2	0.051124
rxn:2:118147:91066	c1ncc(C2CC2)c(NC2COc3ccsc32)n1	0.051123
rxn:2:127947:91066	c1cc2c(s1)C(Nc1ncc(C3CC3)cn1)CO2	0.051123
rxn:2:90274:91066	c1cc2c(s1)C(Nc1cc(C3CC3)cnn1)CO2	0.051123
rxn:2:74467:91066	c1cc2c(s1)C(Nc1cnnc(C3CC3)c1)CO2	0.051123
rxn:2:121403:91066	c1cc2c(s1)C(Nc1cncc(C3CC3)n1)CO2	0.051123
rxn:2:76704:91066	c1cc2c(s1)C(Nc1cnc(C3CC3)nc1)CO2	0.051123
rxn:2:75165:91066	c1cc2c(s1)C(Nc1ccc(C3CC3)nn1)CO2	0.051123
rxn:2:73072:91066	c1ncc(NC2COc3ccsc32)c(C2CC2)n1	0.051123
rxn:2:126071:91066	c1cc2c(s1)C(Nc1cnncc1C1CC1)CO2	0.051123
rxn:2:67607:104546	COc1ccnc2c1CCCC2Nc1ncsn1	0.051122
rxn:2:76776:72604	CC1CSCC(NC2CC2C2CCOC2)C1	0.051114
rxn:2:67607:129878	COc1cccc2c1COCC2Nc1ncsn1	0.051107
rxn:2:135338:67418	CSc1cc(NC2CCC[C@H]3C[C@@H]23)cnn1	0.051096
rxn:2:135338:86078	CSc1cc(NC2CCCC3CC32)cnn1	0.051096
rxn:2:135338:133882	CSc1cc(NC2CCC[C@@H]3C[C@H]23)cnn1	0.051096
rxn:2:67222:91066	Cc1cnccc1C(C)NC1COc2ccsc21	0.051091
rxn:2:67607:119142	CCCn1ccc2c1CCCC2Nc1ncsn1	0.051083
rxn:2:89284:141943	CCC(Nc1c(C)nn2cccnc12)C1CSC1	0.051077
rxn:2:135322:141943	CCC(Nc1nc(C)nn2cccc12)C1CSC1	0.051077
rxn:2:83060:141943	CCC(Nc1nc2c(C)cccn2n1)C1CSC1	0.051077
rxn:2:101499:141943	CCC(Nc1cccn2nc(C)nc12)C1CSC1	0.051077
rxn:2:74258:141943	CCC(Nc1cc(C)nc2ccnn12)C1CSC1	0.051077
rxn:2:71904:141943	CCC(Nc1cc(C)n2nccc2n1)C1CSC1	0.051077
rxn:2:131429:141943	CCC(Nc1nc2cccc(C)n2n1)C1CSC1	0.051077
rxn:2:97058:141943	CCC(Nc1nc(C)cc2ccnn12)C1CSC1	0.051077
rxn:2:84454:141943	CCC(Nc1ccnc2cc(C)nn12)C1CSC1	0.051077
rxn:2:68915:141943	CCC(Nc1ccc2nc(C)cn2n1)C1CSC1	0.051077
rxn:2:134338:141943	CCC(Nc1cn2cc(C)nc2cn1)C1CSC1	0.051077
rxn:2:116386:141943	CCC(Nc1cc(C)nc2cncn12)C1CSC1	0.051077
rxn:2:117134:141943	CCC(Nc1nnc2cccc(C)n12)C1CSC1	0.051077
rxn:2:69786:141943	CCC(Nc1cccn2c(C)nnc12)C1CSC1	0.051077
rxn:2:66976:129286	CC(C)N1C2CCC1CC(Nc1ncon1)C2	0.051067
rxn:2:79495:74805	Cn1cnc(C2CC2CCNC2CCSC2)c1	0.051057
rxn:2:121279:91066	CCn1cnnc1C(C)NC1COc2ccsc21	0.051054
rxn:2:135338:68275	CSc1cc(NC2CC(C(C)C)C2)cnn1	0.051050
rxn:2:67607:99129	CCC(Nc1ncsn1)c1ccc2c(c1)OCO2	0.051046
rxn:2:87725:90296	CSc1cc(NC2CC(C3CC3)C2)n(C)n1	0.051041
rxn:2:67607:79735	COc1ccc(C(C)Nc2ncsn2)c(C)c1C	0.051040
rxn:2:67607:85999	CCOc1cccc2c1CCC2Nc1ncsn1	0.051034
rxn:2:80601:87143	CC(CCc1cnsc1)NC1CC2CCC2C1	0.051030
rxn:2:128225:87143	CC(CCc1cnsc1)NC1C[C@@H]2CC[C@H]2C1	0.051030
rxn:2:137021:87143	CC(CCc1cnsc1)N[C@H]1C[C@H]2CC[C@H]2C1	0.051030
rxn:2:120547:83447	CC(C)Oc1cc(NC2C[C@@H]3C[C@@H]3C2)cnn1	0.051030
rxn:2:66976:140049	CCc1cccc2c1SCCC2Nc1ncon1	0.051027
rxn:2:67607:96295	c1nc(NC2CCC23CCCCCCC3)ns1	0.051024
rxn:2:98247:91066	COc1cncc(CNC2COc3ccsc32)c1	0.051022
rxn:2:66976:74850	CC(CCc1cncnc1)Nc1ncon1	0.051009
rxn:2:66976:101274	CC(CCc1ncccn1)Nc1ncon1	0.051009
rxn:2:66976:114010	CC(CCc1ccncn1)Nc1ncon1	0.051009
rxn:2:101515:91066	CCOc1cc(NC2COc3ccsc32)cnn1	0.051001
rxn:2:93169:91066	Cc1cncc(CCNC2COc3ccsc32)c1	0.050973
rxn:2:128636:91066	CCc1cncc(CNC2COc3ccsc32)c1	0.050971
rxn:2:90177:91066	CCc1cnc(CNC2COc3ccsc32)nc1	0.050959
rxn:2:87881:141943	CCC(Nc1nn(C)c2ccccc12)C1CSC1	0.050932
rxn:2:66976:118508	CN1CC2CCC(Nc3ncon3)CC2C1	0.050927
rxn:2:67607:141510	COc1ccc(OC)c2c1CC2Nc1ncsn1	0.050924
rxn:2:67607:114840	COc1cc2c(cc1OC)C(Nc1ncsn1)C2	0.050924
rxn:2:82126:130555	CC(Nc1cncc(C(C)(F)F)c1)c1nccs1	0.050913
rxn:2:89378:96265	CSC1CC(Nc2ccc(-c3ncon3)cc2)C1	0.050910
rxn:2:74648:96265	CSC1CC(Nc2ccccc2-c2ncon2)C1	0.050910
rxn:2:74754:96265	CSC1CC(Nc2cccc(-c3ncon3)c2)C1	0.050910
rxn:2:116005:141943	CCC(Nc1ccc2nc(C)cn2c1)C1CSC1	0.050900
rxn:2:105768:141943	CCC(Nc1cccc2ncc(C)n12)C1CSC1	0.050900
rxn:2:90228:141943	CCC(Nc1ccn2cc(C)nc2c1)C1CSC1	0.050900
rxn:2:100708:141943	CCC(Nc1cnc2cccc(C)n12)C1CSC1	0.050900
rxn:2:113375:141943	CCC(Nc1cnc2ccc(C)cn12)C1CSC1	0.050900
rxn:2:116091:141943	CCC(Nc1cccn2cc(C)nc12)C1CSC1	0.050900
rxn:2:73269:90296	CSc1cnnc(NC2CC(C3CC3)C2)c1	0.050898
rxn:2:105363:90296	CSc1cnc(NC2CC(C3CC3)C2)cn1	0.050898
rxn:2:112923:90296	CSc1ccc(NC2CC(C3CC3)C2)nn1	0.050898
rxn:2:95522:90296	CSc1cncc(NC2CC(C3CC3)C2)n1	0.050898
rxn:2:135338:87770	CSc1cc(NC2CCC2C2CC2)cnn1	0.050898
rxn:2:138871:91066	CCc1cnc(C)c(NC2COc3ccsc32)c1	0.050884
rxn:2:85473:91066	CCc1cc(NC2COc3ccsc32)cnc1C	0.050884
rxn:2:102210:91066	CCc1ncc(NC2COc3ccsc32)cc1C	0.050884
rxn:2:99895:91066	CCc1cncc(NC2COc3ccsc32)c1C	0.050884
rxn:2:110976:92418	CC(NC1CCCc2snnc21)c1cnccn1	0.050881
rxn:2:99134:112634	CCc1cncc(NC2CN=Cc3ccsc32)c1	0.050876
rxn:2:66976:72598	CCCN1C2CCC1CC(Nc1ncon1)C2	0.050870
rxn:2:66976:79525	CCCN1[C@@H]2CC[C@H]1CC(Nc1ncon1)C2	0.050870
rxn:2:108892:91066	CC(C)(C)C1(NC2COc3ccsc32)CCC1	0.050839
rxn:2:67607:81021	CCc1ccc2c(c1)C(Nc1ncsn1)CCC2	0.050834
rxn:2:67607:66477	CCc1cccc2c1C(Nc1ncsn1)CCC2	0.050834
rxn:2:67607:103733	CSc1ccc2c(n1)CCC2Nc1ncsn1	0.050816
rxn:2:66976:67878	Cc1[nH]c(=O)ccc1C(C)Nc1ncon1	0.050783
rxn:2:120009:96265	COC(C)c1nc(CNC2CC(SC)C2)cs1	0.050781
rxn:2:67607:76835	c1cc(C2CC2)c2c(c1)C(Nc1ncsn1)CC2	0.050774
rxn:2:110091:141943	CCC(Nc1nc2cnc(C)cn2n1)C1CSC1	0.050772
rxn:2:66976:117049	CC(C)CC(Nc1ncon1)c1ccc[nH]1	0.050771
rxn:2:67607:89091	CC(Nc1ncsn1)c1cnn(C2CCOC2)c1	0.050771
rxn:2:84276:105732	Cc1cncc(CNC2C[C@H]3CCC[C@H]3C2)c1	0.050761
rxn:2:66976:104995	COc1c(C(C)Nc2ncon2)c(C)nn1C	0.050761
rxn:2:138906:83447	CSc1cc(C)c(NC2C[C@@H]3C[C@@H]3C2)cn1	0.050756
rxn:2:142085:83447	CSc1ncc(NC2C[C@@H]3C[C@@H]3C2)cc1C	0.050756
rxn:2:94174:91066	c1cc(C2CC2)cc(NC2COc3ccsc32)n1	0.050754
rxn:2:130064:91066	c1cc(C2CC2)c(NC2COc3ccsc32)cn1	0.050754
rxn:2:114106:113297	c1ncc(C2CC2)cc1NC1COc2cscc21	0.050754
rxn:2:101132:91066	c1cc2c(s1)C(Nc1ccc(C3CC3)cn1)CO2	0.050754
rxn:2:127522:91066	c1cc2c(s1)C(Nc1ccc(C3CC3)nc1)CO2	0.050754
rxn:2:72302:91066	c1cc(NC2COc3ccsc32)c(C2CC2)cn1	0.050754
rxn:2:121686:91066	c1cc(NC2COc3ccsc32)cc(C2CC2)n1	0.050754
rxn:2:66976:71859	c1nc(NC2CC(CN3CCCCC3)C2)no1	0.050749
rxn:2:74325:74227	CC(N[C@@H]1[C@@H]2CC[C@H]1COC2)c1ccnn1C	0.050740
rxn:2:81263:90296	CSCc1cncc(NC2CC(C3CC3)C2)c1	0.050728
rxn:2:67607:81613	CC1(N2CCCC2)CCC(Nc2ncsn2)CC1	0.050728
rxn:2:74467:90296	c1nnc(C2CC2)cc1NC1CC(C2CC2)C1	0.050718
rxn:2:66976:111867	CC1CCC(Nc2ncon2)CC(C)C1	0.050717
rxn:2:140730:98767	c1cc(NC2CC3(CCC3)C2)c2sccc2n1	0.050707
rxn:2:81871:96265	CCOc1ccc(NC2CC(SC)C2)c(C)c1	0.050700
rxn:2:67607:106742	CSc1ccc2c(c1)CCC2Nc1ncsn1	0.050689
rxn:2:81263:93522	CSCc1cncc(NC2CC3CSCC3C2)c1	0.050683
rxn:2:81263:107088	CSCc1cncc(NC2C[C@H]3CSC[C@@H]3C2)c1	0.050683
rxn:2:81263:110232	CSCc1cncc(NC2C[C@H]3CSC[C@H]3C2)c1	0.050683
rxn:2:67607:134483	CC(C)c1cccc2c1C(Nc1ncsn1)CC2	0.050646
rxn:2:67607:116676	CC(C)c1ccc2c(c1)C(Nc1ncsn1)CC2	0.050646
rxn:2:67607:81238	CC(C)c1ccc2c(c1)CCC2Nc1ncsn1	0.050646
rxn:2:82821:94654	c1cc(NC2CC3(CCO3)C2)c2occc2n1	0.050641
rxn:2:96951:94654	c1cc(NC2CC3(CCO3)C2)c2ccoc2n1	0.050641
rxn:2:67607:107161	CCCc1cccc2c1CCC2Nc1ncsn1	0.050637
rxn:2:66000:141943	CCC(Nc1nonc1-c1cccs1)C1CSC1	0.050583
rxn:2:66976:83036	Cc1cccc2c1CCCC2Nc1ncon1	0.050580
rxn:2:66976:139462	CCOc1ccc(C(C)Nc2ncon2)cc1	0.050575
rxn:2:83292:91066	CN(C)[C@H]1CCCC[C@H]1NC1COc2ccsc21	0.050557
rxn:2:66976:90390	Cc1ccc(CCC(C)Nc2ncon2)cc1	0.050545
rxn:2:66976:87313	Cc1cccc(CCC(C)Nc2ncon2)c1	0.050545
rxn:2:66976:124285	Cc1ccccc1CCC(C)Nc1ncon1	0.050545
rxn:2:135338:108555	CSc1cc(NC2CC(N(C)C)C2)cnn1	0.050541
rxn:2:117398:91939	Cc1ncc(C2CC2NC2CCN(C)C2(C)C)s1	0.050516
rxn:2:67304:90296	CSc1cc(NC2CC(C3CC3)C2)ccn1	0.050512
rxn:2:87903:90296	CSc1cncc(NC2CC(C3CC3)C2)c1	0.050512
rxn:2:107810:90296	CSc1ccc(NC2CC(C3CC3)C2)cn1	0.050512
rxn:2:66976:100324	CC(Nc1ncon1)c1ccc(C(C)(F)F)nc1	0.050465
rxn:2:66976:141897	COC(C)C(Nc1ncon1)c1ccccc1	0.050463
rxn:2:66976:140169	O=S(=O)(F)C1CCCCC1Nc1ncon1	0.050440
rxn:2:139418:91066	COC1(C2(NC3COc4ccsc43)CC2)CCC1	0.050432
rxn:2:99134:105732	CCc1cncc(NC2C[C@H]3CCC[C@H]3C2)c1	0.050428
rxn:2:107684:141943	CCC(NC1CN2CCCC1C2)C1CSC1	0.050419
rxn:2:66976:95409	c1nc(NC2CCc3[nH]ncc3C2)no1	0.050417
rxn:2:93519:123417	FC1CC2CC2C1NC1CCCCOC1	0.050404
rxn:2:66976:116418	CC1CC(Nc2ncon2)CCC1C(C)(C)C	0.050400
rxn:2:66976:86042	CCc1ccc(CCC(C)Nc2ncon2)s1	0.050390
rxn:2:81263:108573	CSCc1cncc(NC2CC3CCC(C2)S3)c1	0.050389
rxn:2:112668:94654	c1csc(C23CC(NC4CC5(CCO5)C4)(C2)C3)n1	0.050377
rxn:2:81263:75186	CSCc1cncc(NC2C[C@H]3COC[C@H]3C2)c1	0.050363
rxn:2:81263:103008	CSCc1cncc(NC2C[C@H]3COC[C@@H]3C2)c1	0.050363
rxn:2:81263:132619	CSCc1cncc(NC2C[C@@H]3COC[C@H]3C2)c1	0.050363
rxn:2:81263:139856	CSCc1cncc(NC2CC3COCC3C2)c1	0.050363
rxn:2:66976:80534	Cc1cccc(CCC(C)Nc2ncon2)n1	0.050341
rxn:2:81263:69603	CSCc1cncc(NC2CC3CCC(C2)O3)c1	0.050335
rxn:2:122497:105764	CCCCC1CC(NC(C)c2ncon2)C1	0.050327
rxn:2:65902:140522	CCCC1CCC(NC(C)(C)c2ncon2)C1	0.050306
rxn:2:123930:122702	CC[C@@H]1CCC(NC(C)(CC)c2ncon2)C1	0.050306
rxn:2:65902:72771	CC(C)CC1CC(NC(C)(C)c2ncon2)C1	0.050303
rxn:2:123138:122702	CC[C@@H]1CCC(NC(c2ncon2)C(C)C)C1	0.050300
rxn:2:112606:83447	c1[nH]c2cnnc-2cc1NC1C[C@@H]2C[C@@H]2C1	0.050295
rxn:2:66976:78054	CCCC1CCC(Nc2ncon2)C(OC)C1	0.050288
rxn:2:66976:133797	CC(C)OCC1CCC(Nc2ncon2)CC1	0.050288
rxn:2:66976:104314	c1ccc2c(c1)CC(Nc1ncon1)CCO2	0.050270
rxn:2:66976:133657	c1nc(NC2CCC3(CCCOC3)CC2)no1	0.050248
rxn:2:122497:87143	CC(CCc1cnsc1)NC(C)c1ncon1	0.050205
rxn:2:66976:96295	c1nc(NC2CCC23CCCCCCC3)no1	0.050202
rxn:2:112668:105657	c1csc(C23CC(NC4C[C@H]5CC[C@H]5C4)(C2)C3)n1	0.050171
rxn:2:134110:140522	CCCC1CCC(NCCc2ncon2)C1	0.050168
rxn:2:67607:135161	CCC(Nc1ncsn1)c1cc(C)c(C)cc1C	0.050151
rxn:2:135519:94654	Cc1nnc2ccsc2c1NC1CC2(CCO2)C1	0.050147
rxn:2:135338:79616	CSc1cc(NC2C[C@@H](C)S[C@@H](C)C2)cnn1	0.050143
rxn:2:135338:109325	CSc1cc(NC2CC(C)SC(C)C2)cnn1	0.050143
rxn:2:126608:122702	CC[C@@H]1CCC(NC(c2ncon2)C2CC2)C1	0.050127
rxn:2:101812:140522	CCCC1CCC(NC2(c3ncon3)CC2)C1	0.050117
rxn:2:99134:111214	CCc1cncc(NC2CCSc3ccsc32)c1	0.050089
rxn:2:66976:79427	CCCCC1CC(Nc2ncon2)CCC1C	0.050087
rxn:2:101812:72771	CC(C)CC1CC(NC2(c3ncon3)CC2)C1	0.050086
rxn:2:134110:72771	CC(C)CC1CC(NCCc2ncon2)C1	0.050085
rxn:2:66976:90042	CCN(CC)C1CCC(Nc2ncon2)CC1	0.050079
rxn:2:140730:108825	c1cc(NC2COC3(COC3)C2)c2sccc2n1	0.050073
rxn:2:91084:96265	CSC1CC(Nc2nccnc2-c2ncon2)C1	0.050069
rxn:2:67607:104705	CN1CCCC(Nc2ncsn2)c2ccccc21	0.050061
rxn:2:66976:136794	Cc1c(CCC(C)Nc2ncon2)cnn1C	0.050060
rxn:2:67607:93660	CC(C)(C)CCC(Nc1ncsn1)c1cscn1	0.050059
rxn:2:66976:120189	CCCCC1CC(Nc2ncon2)C12CCC2	0.050053
rxn:2:99134:84526	CCc1cncc(NCC2CC(CC)CO2)c1	0.050018
rxn:2:67607:93585	Cc1ccc(C)c2c1CCC(Nc1ncsn1)C2	0.050007
rxn:2:100556:127089	CCC(Nc1c(C)nn2ccccc12)C1CCO1	0.049975
rxn:2:92374:127089	CCC(Nc1cccc2nc(C)cn12)C1CCO1	0.049975
rxn:2:140730:90879	c1cc(NC2C[C@H]3OCCC[C@@H]23)c2sccc2n1	0.049972
rxn:2:140730:91159	c1cc(NC2CC3(CCOC3)C2)c2sccc2n1	0.049971
rxn:2:66976:113546	Cc1ccc(C2CCC(Nc3ncon3)C2)cc1	0.049968
rxn:2:100556:74582	CCC(Nc1c(C)nn2ccccc12)C1COC1	0.049945
rxn:2:92374:74582	CCC(Nc1cccc2nc(C)cn12)C1COC1	0.049945
rxn:2:71447:94654	Cc1c(NC2CC3(CCO3)C2)ccc2ncsc12	0.049940
rxn:2:77419:94654	Cc1csc2c(NC3CC4(CCO4)C3)ccnc12	0.049940
rxn:2:86504:94654	Cc1ccnc2scc(NC3CC4(CCO4)C3)c12	0.049940
rxn:2:105315:96055	CCC(Nc1c(C)nc2cccnn12)C1CC1C	0.049937
rxn:2:105315:74734	CCC(Nc1c(C)nc2cccnn12)C1CCC1	0.049919
rxn:2:67607:101506	O=c1cc2c(c[nH]1)C(Nc1ncsn1)CCC2	0.049913
rxn:2:67607:76257	c1cnc(N2CCCC2CNc2ncsn2)cn1	0.049905
rxn:2:101515:90296	CCOc1cc(NC2CC(C3CC3)C2)cnn1	0.049904
rxn:2:112606:90296	c1[nH]c2cnnc-2cc1NC1CC(C2CC2)C1	0.049900
rxn:2:140730:139812	c1cc(NC2CCOC3(CC3)C2)c2sccc2n1	0.049892
rxn:2:140730:103095	c1cc(NC2COC3(CCC3)C2)c2sccc2n1	0.049892
rxn:2:140730:119249	c1cc(NC2CCC3(CC3)OC2)c2sccc2n1	0.049892
rxn:2:67607:66192	c1nc(NC2CCc3ccc4c(c32)CCC4)ns1	0.049882
rxn:2:67607:111574	c1nc(NC2CCc3cc4c(cc32)CCC4)ns1	0.049882
rxn:2:66976:84760	CCc1nnc(C(Nc2ncon2)C(C)C)o1	0.049862
rxn:2:99134:95473	CCc1cncc(NC2COc3cccnc32)c1	0.049824
rxn:2:99134:102802	CCc1cncc(NC2COc3ccncc32)c1	0.049824
rxn:2:99134:136400	CCc1cncc(NC2COc3cnccc32)c1	0.049824
rxn:2:86274:141943	CCC(NCc1cnn2ccccc12)C1CSC1	0.049818
rxn:2:93519:105016	FC1CC2CC2C1NC1COc2ccccc21	0.049816
rxn:2:66976:67213	c1ccc(CC2CCC(Nc3ncon3)C2)cc1	0.049815
rxn:2:140730:133854	CC1(C)CC(Nc2ccnc3ccsc23)CCO1	0.049800
rxn:2:118139:141943	CCC(NCc1nc(C(C)C)co1)C1CSC1	0.049798
rxn:2:105315:127089	CCC(Nc1c(C)nc2cccnn12)C1CCO1	0.049796
rxn:2:66976:71315	c1ccc(OC2CCCC2Nc2ncon2)cc1	0.049791
rxn:2:66976:76785	CCCC1CCCC(Nc2ncon2)CC1	0.049756
rxn:2:67607:83311	Cc1cccc2c1CC(C)CC2Nc1ncsn1	0.049745
rxn:2:76302:96265	CSC1CC(NC2(c3ncon3)CCOCC2)C1	0.049713
rxn:2:66976:107592	CN1CCC2CC(Nc3ncon3)CCC2C1	0.049705
rxn:2:105315:74582	CCC(Nc1c(C)nc2cccnn12)C1COC1	0.049695
rxn:2:135338:75426	CSc1cc(NC2CC3C(C2)C3(F)F)cnn1	0.049692
rxn:2:99134:105016	CCc1cncc(NC2COc3ccccc32)c1	0.049681
rxn:2:66976:70721	CCC1OCCC2CC(Nc3ncon3)CCC21	0.049657
rxn:2:78172:105732	CO[C@@H]1CC[C@@H](NC2C[C@H]3CCC[C@H]3C2)C1	0.049630
rxn:2:132789:91066	COCC(C)(COC)NC1COc2ccsc21	0.049626
rxn:2:114106:141008	c1cc2c(s1)C(Nc1cncc(C3CC3)c1)CC2	0.049622
rxn:2:81135:91066	CCc1cc(C)cc(NC2COc3ccsc32)c1	0.049618
rxn:2:84577:107821	COCCC(C)N[C@H]1CC[C@@H]1N(C)C	0.049609
rxn:2:138600:73239	CCC1(NC2CCc3ncccc32)CC(F)(F)C1	0.049608
rxn:2:97885:73202	CC(C)C1CCC1N[C@H]1[C@@H]2CC[C@H]1COC2	0.049576
rxn:2:99134:119277	CCc1cncc(NC2CCCc3ccsc32)c1	0.049576
rxn:2:66976:79384	C=C=CC(Nc1ncon1)c1ccccc1	0.049553
rxn:2:122777:94654	Cc1nc(C)n(C2CC2)c1NC1CC2(CCO2)C1	0.049551
rxn:2:66976:80403	CC(C)N1C2CCCC1CC(Nc1ncon1)C2	0.049531
rxn:2:130142:87143	CC(CCc1cnsc1)NC1C(C)COCC1C	0.049520
rxn:2:99134:73411	CCc1cncc(NC2COC(C(C)(C)C)C2)c1	0.049511
rxn:2:127756:83447	Cn1c(NC2C[C@@H]3C[C@@H]3C2)cnc1CS(C)(=O)=O	0.049504
rxn:2:67607:124133	c1ccc2c(c1)CCCCCC2Nc1ncsn1	0.049493
rxn:2:110866:122702	CC[C@@H]1CCC(NC2(c3ncon3)CCCC2)C1	0.049492
rxn:2:112819:91066	c1cc(NC2COc3ccsc32)cc(C2CC2)c1	0.049480
rxn:2:127068:91066	c1cc2c(s1)C(Nc1ccc(C3CC3)cc1)CO2	0.049480
rxn:2:100556:96055	CCC(Nc1c(C)nn2ccccc12)C1CC1C	0.049463
rxn:2:92374:96055	CCC(Nc1cccc2nc(C)cn12)C1CC1C	0.049463
rxn:2:115312:91939	CCCc1nn(C)cc1NC1CCN(C)C1(C)C	0.049424
rxn:2:74349:105732	CSCc1ccnc(NC2C[C@H]3CCC[C@H]3C2)c1	0.049417
rxn:2:106210:105732	CSCc1cc(NC2C[C@H]3CCC[C@H]3C2)ccn1	0.049417
rxn:2:81263:91527	CSCc1cncc(NC2CC3CCCC3C2)c1	0.049417
rxn:2:81263:70877	CSCc1cncc(NC2CCC3CCC3C2)c1	0.049417
rxn:2:81263:85950	CSCc1cncc(NC2CC[C@H]3CC[C@H]3C2)c1	0.049417
rxn:2:81263:113464	CSCc1cncc(NC2C[C@@H]3CCCC[C@H]23)c1	0.049417
rxn:2:81263:114787	CSCc1cncc(NC2C[C@H]3CCCC[C@H]23)c1	0.049417
rxn:2:81263:133004	CSCc1cncc(NC2CC3CCCCC32)c1	0.049417
rxn:2:81263:120152	CSCc1cncc(NC2CC3CCC(C3)C2)c1	0.049417
rxn:2:81263:75785	CSCc1cncc(NC2CC[C@@H]3CCC[C@H]23)c1	0.049417
rxn:2:81263:122503	CSCc1cncc(NC2CCC3CCCC32)c1	0.049417
rxn:2:81263:128705	CSCc1cncc(NC2CC[C@H]3CCC[C@@H]23)c1	0.049417
rxn:2:81263:84812	CSCc1cncc(NC2CCC[C@@H]3CC[C@H]23)c1	0.049417
rxn:2:81263:92737	CSCc1cncc(NC2CCCC3CCC32)c1	0.049417
rxn:2:134433:91939	CC(C)c1cc(NC2CCN(C)C2(C)C)ccn1	0.049407
rxn:2:66976:79041	CCC1CC(Nc2ncon2)CCC1C(C)(C)C	0.049395
rxn:2:125954:87143	CC(CCc1cnsc1)NC1C2CCC1COC2	0.049378
rxn:2:134768:87143	CC(CCc1cnsc1)NC1CC2COCC1C2	0.049378
rxn:2:97885:78845	CC(CCc1nccs1)N[C@H]1[C@@H]2CC[C@H]1COC2	0.049378
rxn:2:74325:78845	CC(CCc1nccs1)N[C@@H]1[C@@H]2CC[C@H]1COC2	0.049378
rxn:2:101515:105732	CCOc1cc(NC2C[C@H]3CCC[C@H]3C2)cnn1	0.049355
rxn:2:135338:86871	CSc1cc(NC2CC(C)OC(C)C2)cnn1	0.049347
rxn:2:135338:113016	CSc1cc(NC2C[C@H](C)O[C@@H](C)C2)cnn1	0.049347
rxn:2:135338:114399	CSc1cc(NC2C[C@@H](C)O[C@@H](C)C2)cnn1	0.049347
rxn:2:135338:117008	CSc1cc(NC2C[C@@H](C)O[C@H](C)C2)cnn1	0.049347
rxn:2:66656:96050	c1cnn(C[C@H]2C[C@H](NC[C@@H]3CCCO3)C2)c1	0.049346
rxn:2:112668:113167	Cc1cnc(C(C)NC23CC(c4nccs4)(C2)C3)s1	0.049343
rxn:2:66976:85501	CCCN1C2CCCC1CC(Nc1ncon1)C2	0.049339
rxn:2:66976:91644	CCC(C)N1C2CCC1CC(Nc1ncon1)C2	0.049339
rxn:2:100556:74734	CCC(Nc1c(C)nn2ccccc12)C1CCC1	0.049339
rxn:2:92374:74734	CCC(Nc1cccc2nc(C)cn12)C1CCC1	0.049339
rxn:2:84173:74734	CCC(Nc1c(C)nc2ccccn12)C1CCC1	0.049339
rxn:2:67607:127335	c1cncc(C(Nc2ncsn2)C2CCSCC2)c1	0.049332
rxn:2:93519:69555	CCN1CCCC(NC2C(F)CC3CC32)C1	0.049330
rxn:2:93779:94654	O=c1c2sccc2ncn1NC1CC2(CCO2)C1	0.049313
rxn:2:66285:87143	CC(CCc1cnsc1)NC1CC1C1CCC1	0.049301
rxn:2:75695:87143	CC(CCc1cnsc1)N[C@@H]1C[C@H]1C1CCC1	0.049301
rxn:2:138285:83447	c1c(CNC2C[C@@H]3C[C@@H]3C2)nnn1CC1CC1	0.049282
rxn:2:137222:91066	CC(C)(F)c1cncc(NC2COc3ccsc32)n1	0.049275
rxn:2:95536:91066	CC(C)(F)c1ncc(NC2COc3ccsc32)cn1	0.049275
rxn:2:66976:82270	c1nc(NC2CC(CN3CCCCCC3)C2)no1	0.049272
rxn:2:66976:116008	CC(C)CN1[C@@H]2CC[C@H]1CC(Nc1ncon1)C2	0.049271
rxn:2:66976:127985	CC(C)CN1C2CCC1CC(Nc1ncon1)C2	0.049271
rxn:2:141811:122702	CC[C@@H]1CCC(Nc2nonc2-c2ncon2)C1	0.049267
rxn:2:106840:105732	CN(C)c1cncc(NC2C[C@H]3CCC[C@H]3C2)c1	0.049246
rxn:2:125645:91939	CCCc1ncccc1NC1CCN(C)C1(C)C	0.049245
rxn:2:87725:105732	CSc1cc(NC2C[C@H]3CCC[C@H]3C2)n(C)n1	0.049239
rxn:2:128064:94654	COc1c(NC2CC3(CCO3)C2)cnc2ccsc12	0.049235
rxn:2:67607:83602	COc1nc[nH]c(=O)c1C(C)Nc1ncsn1	0.049233
rxn:2:67607:141123	COc1ccc2c(c1C)CC(Nc1ncsn1)CC2	0.049232
rxn:2:67607:140852	COc1ccc(C)c2c1CC(Nc1ncsn1)CC2	0.049232
rxn:2:134110:137914	CSCCC1CC(NCCc2ncon2)C1	0.049229
rxn:2:141728:141943	CCC(Nc1cc2cc[nH]c2nc1C)C1CSC1	0.049203
rxn:2:67607:82393	COc1cccc2c1CCC(Nc1ncsn1)C2C	0.049202
rxn:2:139681:105732	COCc1cncc(NC2C[C@H]3CCC[C@H]3C2)c1	0.049189
rxn:2:67607:132079	COc1cc2c(cc1C)C(Nc1ncsn1)CCO2	0.049188
rxn:2:67607:93051	Cc1cc(C(C)Nc2ncsn2)cc2c1OCCO2	0.049188
rxn:2:67607:87795	COc1cc2c(cc1C)OCCC2Nc1ncsn1	0.049188
rxn:2:67607:110925	COc1ccc(C)c2c1OCCC2Nc1ncsn1	0.049188
rxn:2:67607:122857	COc1cc(C)cc2c1OCCC2Nc1ncsn1	0.049188
rxn:2:137139:105732	Cc1cc(CCNC2C[C@H]3CCC[C@H]3C2)ncn1	0.049187
rxn:2:67607:117300	COc1cccc2c1OCCCC2Nc1ncsn1	0.049186
rxn:2:66976:133925	c1nc(NC2CCC(CC3CCCC3)CC2)no1	0.049170
rxn:2:74972:103571	CC(NCc1nnn[nH]1)c1cc2c(s1)CCCC2	0.049168
rxn:2:135338:89044	CSc1cc(NC2CC3C(C2)C3(C)C)cnn1	0.049151
rxn:2:135338:128881	CSc1cc(NC2C[C@@H]3[C@H](C2)C3(C)C)cnn1	0.049151
rxn:2:97174:74959	CCC(Nn1sc2ccccc2c1=O)C1(C)COC1	0.049146
rxn:2:135338:69603	CSc1cc(NC2CC3CCC(C2)O3)cnn1	0.049140
rxn:2:67607:112203	COc1c(C)cc2c(c1C)CCC2Nc1ncsn1	0.049139
rxn:2:67607:94218	CN(C)c1ccc2c(c1)CCCC2Nc1ncsn1	0.049132
rxn:2:74467:105732	c1nnc(C2CC2)cc1NC1C[C@H]2CCC[C@H]2C1	0.049132
rxn:2:135338:110791	CSc1cc(NC2C[C@@H](C)C[C@@H](C)C2)cnn1	0.049128
rxn:2:135338:121622	CSc1cc(NC2CC(C)CC(C)C2)cnn1	0.049128
rxn:2:135338:78122	CSc1cc(NC2CC(C(C)(C)C)C2)cnn1	0.049128
rxn:2:67607:99964	CCn1c2c(ccc1=O)C(Nc1ncsn1)CCC2	0.049127
rxn:2:135338:124303	CSc1cc(NC[C@@H]2C[C@@H](C)CCO2)cnn1	0.049121
rxn:2:93079:111716	Cc1n[nH]c(CNC(C)c2nc3c(s2)CCC3)n1	0.049111
rxn:2:73269:105732	CSc1cnnc(NC2C[C@H]3CCC[C@H]3C2)c1	0.049111
rxn:2:105363:105732	CSc1cnc(NC2C[C@H]3CCC[C@H]3C2)cn1	0.049111
rxn:2:112923:105732	CSc1ccc(NC2C[C@H]3CCC[C@H]3C2)nn1	0.049111
rxn:2:95522:105732	CSc1cncc(NC2C[C@H]3CCC[C@H]3C2)n1	0.049111
rxn:2:135338:91527	CSc1cc(NC2CC3CCCC3C2)cnn1	0.049111
rxn:2:135338:70877	CSc1cc(NC2CCC3CCC3C2)cnn1	0.049111
rxn:2:135338:85950	CSc1cc(NC2CC[C@H]3CC[C@H]3C2)cnn1	0.049111
rxn:2:135338:113464	CSc1cc(NC2C[C@@H]3CCCC[C@H]23)cnn1	0.049111
rxn:2:135338:114787	CSc1cc(NC2C[C@H]3CCCC[C@H]23)cnn1	0.049111
rxn:2:135338:133004	CSc1cc(NC2CC3CCCCC32)cnn1	0.049111
rxn:2:135338:120152	CSc1cc(NC2CC3CCC(C3)C2)cnn1	0.049111
rxn:2:135338:75785	CSc1cc(NC2CC[C@@H]3CCC[C@H]23)cnn1	0.049111
rxn:2:135338:122503	CSc1cc(NC2CCC3CCCC32)cnn1	0.049111
rxn:2:135338:128705	CSc1cc(NC2CC[C@H]3CCC[C@@H]23)cnn1	0.049111
rxn:2:135338:84812	CSc1cc(NC2CCC[C@@H]3CC[C@H]23)cnn1	0.049111
rxn:2:135338:92737	CSc1cc(NC2CCCC3CCC32)cnn1	0.049111
rxn:2:73468:91066	CC(F)(CNC1COc2ccsc21)c1cccnc1	0.049109
rxn:2:67607:142228	COc1ccc2c(c1C)C(Nc1ncsn1)CCC2	0.049100
rxn:2:67607:140528	COc1cc2c(cc1C)C(Nc1ncsn1)CCC2	0.049100
rxn:2:67607:92533	COc1cc(C)c2c(c1)C(Nc1ncsn1)CCC2	0.049100
rxn:2:67607:68687	COc1c(C)ccc2c1CCCC2Nc1ncsn1	0.049100
rxn:2:67607:89544	COc1ccc2c(c1C)CCCC2Nc1ncsn1	0.049100
rxn:2:67607:141698	COc1ccc(C)c2c1CCCC2Nc1ncsn1	0.049100
rxn:2:67607:138506	COc1cc2c(cc1C)CCCC2Nc1ncsn1	0.049100
rxn:2:67607:100381	c1nc(NC2CCCCc3c[nH]cc32)ns1	0.049095
rxn:2:70889:112899	c1nc(CNC2CCc3c2ccc2c3CCC2)ns1	0.049081
rxn:2:97885:72770	CC(CCc1ccsc1)N[C@H]1[C@@H]2CC[C@H]1COC2	0.049064
rxn:2:74325:72770	CC(CCc1ccsc1)N[C@@H]1[C@@H]2CC[C@H]1COC2	0.049064
rxn:2:97885:138386	CC(CCc1cccs1)N[C@H]1[C@@H]2CC[C@H]1COC2	0.049064
rxn:2:74325:138386	CC(CCc1cccs1)N[C@@H]1[C@@H]2CC[C@H]1COC2	0.049064
rxn:2:88570:141943	CCC(Nc1c(C)nn2ccc(C)nc12)C1CSC1	0.049059
rxn:2:79312:141943	CCC(Nc1c(C)nn2cc(C)cnc12)C1CSC1	0.049059
rxn:2:107303:141943	CCC(Nc1c(C)nc2ccc(C)nn12)C1CSC1	0.049059
rxn:2:68226:141943	CCC(Nc1cc(C)nc2cc(C)nn12)C1CSC1	0.049059
rxn:2:88541:141943	CCC(Nc1cc(C)nc2cnc(C)n12)C1CSC1	0.049059
rxn:2:71146:141943	CCC(Nc1cn2cc(C)nc(C)c2n1)C1CSC1	0.049059
rxn:2:106231:141943	CCC(Nc1cn2cc(C)nc2c(C)n1)C1CSC1	0.049059
rxn:2:123549:141943	CCC(Nc1cc2nc(C)cc(C)n2n1)C1CSC1	0.049059
rxn:2:66976:98878	CC1C(Nc2ncon2)c2ccccc2S1(=O)=O	0.049055
rxn:2:67607:95687	CC(C)N1CCC(Nc2ncsn2)c2ccccc21	0.049053
rxn:2:114672:105732	CCOc1cncc(NC2C[C@H]3CCC[C@H]3C2)c1	0.049052
rxn:2:67607:125233	CCN1CCCC(Nc2ncsn2)c2ccccc21	0.049052
rxn:2:105315:134854	CCC(Nc1c(C)nc2cccnn12)C1CCSC1	0.049050
rxn:2:70889:111998	Cc1ccc2c(c1C)CCCC2NCc1ncsn1	0.049048
rxn:2:81263:110791	CSCc1cncc(NC2C[C@@H](C)C[C@@H](C)C2)c1	0.049041
rxn:2:81263:121622	CSCc1cncc(NC2CC(C)CC(C)C2)c1	0.049041
rxn:2:67607:69762	c1ccc(CC2CC(Nc3ncsn3)CCO2)cc1	0.049039
rxn:2:70889:118518	COc1ccc2c(c1C)CCC2NCc1ncsn1	0.049028
rxn:2:68475:141943	CCC(NCc1nnc2cccnn12)C1CSC1	0.049020
rxn:2:135338:77275	CSc1cc(NC2CC3CCC4C3C24)cnn1	0.049019
rxn:2:124195:91066	c1cc2c(s1)C(Nc1ncc(C3CCC3)cn1)CO2	0.049014
rxn:2:135338:100377	CSc1cc(NC(C)c2noc(C)n2)cnn1	0.049012
rxn:2:108005:91066	Cc1cncc(C(C)(C)NC2COc3ccsc32)c1	0.049002
rxn:2:67607:93870	CC(Nc1ncsn1)c1cn(C2CCCCC2)nn1	0.049000
rxn:2:135338:75186	CSc1cc(NC2C[C@H]3COC[C@H]3C2)cnn1	0.048998
rxn:2:135338:103008	CSc1cc(NC2C[C@H]3COC[C@@H]3C2)cnn1	0.048998
rxn:2:135338:132619	CSc1cc(NC2C[C@@H]3COC[C@H]3C2)cnn1	0.048998
rxn:2:135338:139856	CSc1cc(NC2CC3COCC3C2)cnn1	0.048998
rxn:2:67607:98382	COc1cc(OC)c2c(c1)C(Nc1ncsn1)CC2	0.048987
rxn:2:67607:115212	COc1cc2c(cc1OC)C(Nc1ncsn1)CC2	0.048987
rxn:2:67607:69988	COc1ccc2c(c1OC)C(Nc1ncsn1)CC2	0.048987
rxn:2:67607:128988	COc1cc2c(c(OC)c1)C(Nc1ncsn1)CC2	0.048987
rxn:2:67607:68203	COc1ccc2c(c1OC)CCC2Nc1ncsn1	0.048987
rxn:2:67607:91577	COc1ccc(OC)c2c1CCC2Nc1ncsn1	0.048987
rxn:2:140180:87143	CC(CCc1cnsc1)NC1C2C3CCC(C3)C12	0.048987
rxn:2:126346:91066	CN(C)Cc1cncc(NC2COc3ccsc32)c1	0.048987
rxn:2:67607:103806	COCc1ccc2c(c1)C(Nc1ncsn1)CCC2	0.048983
rxn:2:67607:127182	COCc1ccc2c(c1)CCCC2Nc1ncsn1	0.048983
rxn:2:98766:91066	Cc1cc(C)nc(CCNC2COc3ccsc32)n1	0.048980
rxn:2:91610:94654	c1cc(-c2nccs2)nc(NC2CC3(CCO3)C2)n1	0.048975
rxn:2:81115:83447	FC1(F)CCC[C@H](CNC2C[C@@H]3C[C@@H]3C2)C1	0.048957
rxn:2:120445:91066	c1cc2c(s1)C(NCc1ncc(C3CC3)cn1)CO2	0.048947
rxn:2:115942:117115	Cc1ccc2c(c1C)CCC2NC(C)c1ncsn1	0.048941
rxn:2:67607:120112	COc1ccc(C2CCC(Nc3ncsn3)C2)cc1	0.048934
rxn:2:67607:116312	COc1cccc([C@@H]2CCC(Nc3ncsn3)C2)c1	0.048934
rxn:2:119190:91066	CN(C)c1cncc(CNC2COc3ccsc32)c1	0.048931
rxn:2:135338:125438	CSc1cc(NC2CC(C3CCC3)C2)cnn1	0.048920
rxn:2:135338:71787	CSc1cc(NC2CCC(C3CC3)C2)cnn1	0.048920
rxn:2:135338:67774	CSc1cc(NC2CCC2C2CCC2)cnn1	0.048920
rxn:2:66976:71280	CC(Nc1ncon1)c1ccc(=O)n(C(C)C)n1	0.048919
rxn:2:67607:109271	CC(C)c1cccc2c1OCCC2Nc1ncsn1	0.048918
rxn:2:116217:91066	CC(F)(F)c1ccc(NC2COc3ccsc32)nc1	0.048916
rxn:2:115870:91066	CC(F)(F)c1ccnc(NC2COc3ccsc32)c1	0.048916
rxn:2:116103:91066	CC(F)(F)c1ccc(NC2COc3ccsc32)cn1	0.048916
rxn:2:114808:91066	CC(F)(F)c1cc(NC2COc3ccsc32)ccn1	0.048916
rxn:2:82126:113297	CC(F)(F)c1cncc(NC2COc3cscc32)c1	0.048916
rxn:2:69380:141943	CCC(Nc1cnc2ccccn2c1=O)C1CSC1	0.048915
rxn:2:75620:83447	CC(CCNC1C[C@@H]2C[C@@H]2C1)S(=O)(=O)F	0.048911
rxn:2:125074:91066	c1cc2c(s1)C(Nc1cncc(OC3CC3)c1)CO2	0.048908
rxn:2:90440:102600	Cc1nsc2cc(NC3CCN(C(C)C)C3)ccc12	0.048894
rxn:2:85395:105732	c1cc2ncc(NC3C[C@H]4CCC[C@H]4C3)cn2n1	0.048894
rxn:2:138600:113292	CCC1(NC2CCC3CC3C2)CC(F)(F)C1	0.048893
rxn:2:135338:79558	CSc1cc(NC2COC(C3CC3)C2)cnn1	0.048887
rxn:2:70889:103705	CCc1cccc2c1CCCC2NCc1ncsn1	0.048883
rxn:2:97174:101881	CCC(Nn1sc2ccccc2c1=O)C12CC(C1)C2	0.048883
rxn:2:84057:141943	CCC(Nc1nn2cccc2c(=O)[nH]1)C1CSC1	0.048877
rxn:2:135338:138712	CSc1cc(NC2CC(S(C)(=O)=O)C2)cnn1	0.048868
rxn:2:67607:133030	CC(C)Oc1ccc2c(c1)CCC2Nc1ncsn1	0.048862
rxn:2:67607:135185	CCOc1ccc2c(c1)C(Nc1ncsn1)CCC2	0.048861
rxn:2:67607:73562	CCOc1cccc2c1CCCC2Nc1ncsn1	0.048861
rxn:2:67607:101897	CCOc1ccc2c(c1)CCCC2Nc1ncsn1	0.048861
rxn:2:92125:91066	CC(C)Oc1cncc(NC2COc3ccsc32)c1	0.048852
rxn:2:70997:94654	c1cc(NC2CC3(CCO3)C2)c2[nH]ccc2n1	0.048844
rxn:2:66976:77025	CC(CCCc1ccccc1)Nc1ncon1	0.048830
rxn:2:66976:141269	Cc1cc(C)cc(CCC(C)Nc2ncon2)c1	0.048829
rxn:2:79369:94654	c1ccc(-c2nccs2)c(NC2CC3(CCO3)C2)c1	0.048821
rxn:2:110531:94654	c1csc(-c2ccc(NC3CC4(CCO4)C3)cc2)n1	0.048821
rxn:2:105315:104380	CCCC(Nc1c(C)nc2cccnn12)C1CC1	0.048817
rxn:2:95412:91066	c1cc2c(s1)C(NCc1cncc(C3CC3)c1)CO2	0.048813
rxn:2:73526:91066	c1cc2c(s1)C(NCc1ccc(C3CC3)cn1)CO2	0.048813
rxn:2:128636:105732	CCc1cncc(CNC2C[C@H]3CCC[C@H]3C2)c1	0.048813
rxn:2:70889:138214	CC(C)c1cccc2c1CCC2NCc1ncsn1	0.048790
rxn:2:83692:87143	CC(CCc1cnsc1)NC1C2CCCC1CC2	0.048785
rxn:2:68182:101743	Cc1ccc(C(C)N[C@@H]2CCN(CC(C)C)C2)s1	0.048781
rxn:2:73184:141943	CCC(Nc1cccc2c1c(C)nn2C)C1CSC1	0.048778
rxn:2:80214:92418	CC(C)[C@H](NC1CCCc2snnc21)c1cccs1	0.048778
rxn:2:66976:126725	c1ccc2c(c1)C1CCC(Nc3ncon3)C2C1	0.048772
rxn:2:135338:139987	CSc1cc(NC2CC3CC(C2)N3C)cnn1	0.048772
rxn:2:89882:91066	CC(C)c1cncc(CNC2COc3ccsc32)c1	0.048758
rxn:2:66976:136476	Cc1ccc(C(C)CC(C)Nc2ncon2)cc1	0.048724
rxn:2:94622:141943	CCC(Nc1c(C)nc2cccc(C)n12)C1CSC1	0.048720
rxn:2:84380:141943	CCC(Nc1c(C)nc2ccc(C)cn12)C1CSC1	0.048720
rxn:2:116999:141943	CCC(Nc1c(C)nc2cc(C)ccn12)C1CSC1	0.048720
rxn:2:114057:141943	CCC(Nc1c(C)nc2c(C)cccn12)C1CSC1	0.048720
rxn:2:115531:141943	CCC(Nc1ccc2nc(C)c(C)n2c1)C1CSC1	0.048720
rxn:2:106438:141943	CCC(Nc1cccn2c(C)c(C)nc12)C1CSC1	0.048720
rxn:2:116614:126385	CC1(C)CC(Nc2cccn([C@H]3C[C@H]3F)c2=O)CS1	0.048705
rxn:2:117575:91066	CN(C)c1ncc(CNC2COc3ccsc32)n1C	0.048704
rxn:2:67607:87532	c1cc2c(cn1)CCCCC2Nc1ncsn1	0.048694
rxn:2:67607:123124	c1cc2c(cn1)C(Nc1ncsn1)CCCC2	0.048694
rxn:2:67607:96624	c1cnc2c(c1)C(Nc1ncsn1)CCCC2	0.048694
rxn:2:102595:94654	c1cnc2c(NC3CC4(CCO4)C3)ccnc2c1	0.048691
rxn:2:109612:94654	c1cc2c(NC3CC4(CCO4)C3)ccnc2cn1	0.048691
rxn:2:137359:94654	c1cc2nccc(NC3CC4(CCO4)C3)c2cn1	0.048691
rxn:2:69329:141943	CCC(Nc1nc2ccccc2nc1C)C1CSC1	0.048687
rxn:2:91661:103571	CC(NCc1nncnn1)c1cc2c(s1)CCCC2	0.048684
rxn:2:66976:99300	CC(CCCc1cccnc1)Nc1ncon1	0.048671
rxn:2:106981:94654	c1ccc2c(NC3CC4(CCO4)C3)ccnc2c1	0.048662
rxn:2:90210:91066	CC(C)(F)c1cncc(NC2COc3ccsc32)c1	0.048654
rxn:2:115579:91066	CC(C)(F)c1ccc(NC2COc3ccsc32)cn1	0.048654
rxn:2:133319:91066	CC(C)(F)c1cc(NC2COc3ccsc32)ccn1	0.048654
rxn:2:100556:134854	CCC(Nc1c(C)nn2ccccc12)C1CCSC1	0.048653
rxn:2:84173:134854	CCC(Nc1c(C)nc2ccccn12)C1CCSC1	0.048653
rxn:2:92374:134854	CCC(Nc1cccc2nc(C)cn12)C1CCSC1	0.048653
rxn:2:67607:78434	COc1ccc2c(c1OC)OCC2Nc1ncsn1	0.048645
rxn:2:66976:67498	COc1c(C(C)Nc2ncon2)cnn1C(C)C	0.048643
rxn:2:126218:132476	Cc1cnc(NC(C)c2cc(C)c(C)s2)c(C)c1	0.048633
rxn:2:114106:112634	C1=NCC(Nc2cncc(C3CC3)c2)c2sccc21	0.048628
rxn:2:111682:105732	CS(=O)(=O)c1cncc(NC2C[C@H]3CCC[C@H]3C2)c1	0.048620
rxn:2:65902:105764	CCCCC1CC(NC(C)(C)c2ncon2)C1	0.048601
rxn:2:109243:140522	CCCC1CCC(NCC(C)c2ncon2)C1	0.048600
rxn:2:122259:72771	CCC(NC1CC(CC(C)C)C1)c1ncon1	0.048596
rxn:2:79495:112403	Cn1cnc(C2CC2CCNC2CC(F)(F)C2)c1	0.048590
rxn:2:109243:72771	CC(C)CC1CC(NCC(C)c2ncon2)C1	0.048582
rxn:2:111856:96265	COCc1nc(CCNC2CC(SC)C2)cs1	0.048578
rxn:2:122259:140522	CCCC1CCC(NC(CC)c2ncon2)C1	0.048572
rxn:2:94763:122702	CCCC(NC1CC[C@@H](CC)C1)c1ncon1	0.048572
rxn:2:66976:69366	c1ccc2c(c1)OCC1C(Nc3ncon3)CC21	0.048569
rxn:2:114747:92418	CSc1ccnc(NC2CCCc3snnc32)c1	0.048560
rxn:2:66976:93067	CCn1cc(CCC(C)Nc2ncon2)cn1	0.048541
rxn:2:139790:74191	COc1ccnc(C(Nn2ccnc2)C2CC2)c1	0.048525
rxn:2:76950:94654	Cn1ncc2nccc(NC3CC4(CCO4)C3)c21	0.048516
rxn:2:102258:115675	c1ncn(C2CC(NC3CCCC34CCCS4)C2)n1	0.048510
rxn:2:135122:96265	CSC1CC(NC2CC(C)(C)Cc3ncncc32)C1	0.048501
rxn:2:67607:128008	CCc1cc2c(cc1CC)C(Nc1ncsn1)CC2	0.048490
rxn:2:116614:111739	CC(Nc1cccn([C@H]2C[C@H]2F)c1=O)c1ccco1	0.048483
rxn:2:138772:83447	c1nnc(OC2COC2)cc1NC1C[C@@H]2C[C@@H]2C1	0.048483
rxn:2:127875:87143	CC(CCc1cnsc1)Nc1cnn(C(C)C)n1	0.048458
rxn:2:67607:128360	c1ccc2c(c1)CCCCC2Nc1ncsn1	0.048458
rxn:2:119398:94654	c1cc(NC2CC3(CCO3)C2)c2[nH]ncc2n1	0.048455
rxn:2:134167:91066	COc1cc(C)c(NC2COc3ccsc32)c(C)c1	0.048455
rxn:2:87903:105732	CSc1cncc(NC2C[C@H]3CCC[C@H]3C2)c1	0.048454
rxn:2:67304:105732	CSc1cc(NC2C[C@H]3CCC[C@H]3C2)ccn1	0.048454
rxn:2:107810:105732	CSc1ccc(NC2C[C@H]3CCC[C@H]3C2)cn1	0.048454
rxn:2:128052:91939	CN1CCC(Nc2nnc(CC3CCC3)s2)C1(C)C	0.048450
rxn:2:92374:123516	COC1CCC(Nc2cccc3nc(C)cn23)CC1	0.048449
rxn:2:72246:91066	Cc1ncc(NC2COc3ccsc32)cc1C1CC1	0.048448
rxn:2:99090:91066	Cc1c(NC2COc3ccsc32)cncc1C1CC1	0.048448
rxn:2:120318:91066	Cc1ncc(C2CC2)cc1NC1COc2ccsc21	0.048448
rxn:2:65865:91066	Cc1cc(C2CC2)cc(NC2COc3ccsc32)n1	0.048448
rxn:2:102658:91066	CCc1cncc(CC)c1NC1COc2ccsc21	0.048429
rxn:2:135710:91066	CSc1cncc(CNC2COc3ccsc32)c1	0.048420
rxn:2:101812:105764	CCCCC1CC(NC2(c3ncon3)CC2)C1	0.048419
rxn:2:139592:91358	CCN1CCc2nc(NC3CCC[C@@H]3OC)sc2C1	0.048417
rxn:2:93519:69351	FC1CC2CC2C1NC1CCOCC12CC2	0.048414
rxn:2:142127:72771	CC(C)CC1CC(NC2(c3ncon3)CCC2)C1	0.048414
rxn:2:67607:112555	O=S1(=O)CCCC(Nc2ncsn2)c2ccccc21	0.048409
rxn:2:113253:87143	Cc1ccc(NC(C)CCc2cnsc2)c(=O)[nH]1	0.048409
rxn:2:142127:140522	CCCC1CCC(NC2(c3ncon3)CCC2)C1	0.048399
rxn:2:67607:89408	c1nc(NC2CCCc3ccc(C4CC4)cc32)ns1	0.048396
rxn:2:66976:124582	CCC(Nc1ncon1)c1ccccc1C(C)C	0.048392
rxn:2:126458:90296	C1CC2(C1)CC(NC1CC(C3CC3)C1)CCS2	0.048386
rxn:2:93079:83745	Cc1n[nH]c(CNC(C)c2ccc(C3CC3)s2)n1	0.048379
rxn:2:138906:90296	CSc1cc(C)c(NC2CC(C3CC3)C2)cn1	0.048364
rxn:2:142085:90296	CSc1ncc(NC2CC(C3CC3)C2)cc1C	0.048364
rxn:2:93519:130456	CC(NC1C(F)CC2CC21)c1cn2ccncc2n1	0.048363
rxn:2:99115:91066	CCCc1nnsc1C(C)NC1COc2ccsc21	0.048357
rxn:2:112333:83650	CC(NCc1nc(=O)[nH][nH]1)c1ccsc1	0.048355
rxn:2:121193:91066	CCc1cc(NC2COc3ccsc32)cc(OC)c1	0.048349
rxn:2:78527:132476	Cc1cc(C(C)NC2CC(c3ccon3)C2)sc1C	0.048344
rxn:2:81263:125438	CSCc1cncc(NC2CC(C3CCC3)C2)c1	0.048326
rxn:2:81263:71787	CSCc1cncc(NC2CCC(C3CC3)C2)c1	0.048326
rxn:2:81263:67774	CSCc1cncc(NC2CCC2C2CCC2)c1	0.048326
rxn:2:86080:91066	CC(C)Cc1cncc(NC2COc3ccsc32)c1	0.048325
rxn:2:118440:71823	Cc1nsc(C)c1NC(C)c1nc2c(s1)CCCC2	0.048322
rxn:2:87193:91066	c1cc2c(s1)C(Nc1cncc(C3CCC3)c1)CO2	0.048321
rxn:2:114887:91066	c1cc2c(s1)C(Nc1ccc(C3CCC3)cn1)CO2	0.048321
rxn:2:66976:138506	COc1cc2c(cc1C)CCCC2Nc1ncon1	0.048314
rxn:2:86864:109246	CCC(Nn1cnc2ccccc2c1=O)C1(F)CC1	0.048296
rxn:2:66976:156643	CC(Nc1ncon1)c1cccc2c1CCS2(=O)=O	0.048296
rxn:2:65902:87143	CC(CCc1cnsc1)NC(C)(C)c1ncon1	0.048294
rxn:2:93079:114414	Cc1n[nH]c(CNC2CCN(C)C(C)C2C)n1	0.048292
rxn:2:100556:68556	CCC(Nc1c(C)nn2ccccc12)C1CCOC1	0.048276
rxn:2:84173:68556	CCC(Nc1c(C)nc2ccccn12)C1CCOC1	0.048276
rxn:2:92374:68556	CCC(Nc1cccc2nc(C)cn12)C1CCOC1	0.048276
rxn:2:81263:102434	CSCc1cncc(NC2CC[C@H]3COC[C@H]3C2)c1	0.048267
rxn:2:120547:90296	CC(C)Oc1cc(NC2CC(C3CC3)C2)cnn1	0.048265
rxn:2:87675:83447	CC(C)COc1cc(NC2C[C@@H]3C[C@@H]3C2)cnn1	0.048263
rxn:2:100556:90441	CCC(Nc1c(C)nn2ccccc12)C1CCCO1	0.048261
rxn:2:84173:90441	CCC(Nc1c(C)nc2ccccn12)C1CCCO1	0.048261
rxn:2:92374:90441	CCC(Nc1cccc2nc(C)cn12)C1CCCO1	0.048261
rxn:2:126814:118998	Cc1cc(C)c2c(c1)C(N[C@H]1C[C@@H](F)C1)CCO2	0.048257
rxn:2:105315:90441	CCC(Nc1c(C)nc2cccnn12)C1CCCO1	0.048255
rxn:2:82458:109246	CCC(Nn1ccc2ccccc2c1=O)C1(F)CC1	0.048254
rxn:2:66976:110943	CCCCN1C2CCC1CC(Nc1ncon1)C2	0.048250
rxn:2:100556:104380	CCCC(Nc1c(C)nn2ccccc12)C1CC1	0.048249
rxn:2:84173:104380	CCCC(Nc1c(C)nc2ccccn12)C1CC1	0.048249
rxn:2:92374:104380	CCCC(Nc1cccc2nc(C)cn12)C1CC1	0.048249
rxn:2:88863:109246	CCC(Nc1cc(=O)c2ccccc2s1)C1(F)CC1	0.048229
rxn:2:106333:109246	CCC(Nc1csc2ccccc2c1=O)C1(F)CC1	0.048229
rxn:2:114106:105732	c1ncc(C2CC2)cc1NC1C[C@H]2CCC[C@H]2C1	0.048210
rxn:2:105315:68556	CCC(Nc1c(C)nc2cccnn12)C1CCOC1	0.048203
rxn:2:67607:135679	CC1Cc2[nH]c(=O)ccc2C(Nc2ncsn2)C1	0.048202
rxn:2:81263:114038	CSCc1cncc(NC2CC3CN(C)CC3C2)c1	0.048196
rxn:2:81263:103149	CSCc1cncc(NC2C[C@H]3CC[C@@H](C2)N3C)c1	0.048189
rxn:2:81263:113715	CSCc1cncc(NC2CC3CCC(C2)N3C)c1	0.048189
rxn:2:93519:128223	Cc1ccc2c(c1)OCC2NC1C(F)CC2CC21	0.048186
rxn:2:93519:102961	Cc1ccc2c(c1)C(NC1C(F)CC3CC31)CO2	0.048186
rxn:2:140730:85910	c1cc(NC2CC3(COCCO3)C2)c2sccc2n1	0.048185
rxn:2:140730:112897	c1cc(NC2CCOC3(COC3)C2)c2sccc2n1	0.048185
rxn:2:140730:74622	c1cc(NC2COC3(CCOC3)C2)c2sccc2n1	0.048185
rxn:2:67607:125299	CSc1ccc2c(c1)C(Nc1ncsn1)CCC2	0.048173
rxn:2:67607:133406	CSc1ccc2c(c1)CCCC2Nc1ncsn1	0.048173
rxn:2:67607:86726	CCCc1ccc2c(c1)CCCC2Nc1ncsn1	0.048172
rxn:2:67607:87340	CCCc1ccc2c(c1)C(Nc1ncsn1)CCC2	0.048172
rxn:2:125422:141943	CCC(Nc1cnn2c1S(=O)(=O)CCC2)C1CSC1	0.048169
rxn:2:67607:75927	Cc1ccc(C)c2c1CCOCC2Nc1ncsn1	0.048168
rxn:2:105315:141702	CCC(Nc1c(C)nc2cccnn12)C1CC(C)C1	0.048148
rxn:2:105315:127812	CCC(Nc1c(C)nc2cccnn12)C1CC1(C)C	0.048148
rxn:2:87506:140522	CCCC1CCC(NC2(c3ccnn3C)CC2)C1	0.048147
rxn:2:138600:101494	CCC1(NC2CCOc3ncccc32)CC(F)(F)C1	0.048128
rxn:2:114461:130954	Cc1cnc(C(C)CNC2CCC3(CC2)CSC3)s1	0.048108
rxn:2:84577:99378	COc1cccc(C(C)N[C@H]2CC[C@@H]2N(C)C)c1	0.048107
rxn:2:105315:89167	CCC(Nc1c(C)nc2cccnn12)C1CC12CC2	0.048102
rxn:2:138600:76523	CCC1(NC2CCSc3ncccc32)CC(F)(F)C1	0.048100
rxn:2:101812:87143	CC(CCc1cnsc1)NC1(c2ncon2)CC1	0.048085
rxn:2:134110:105764	CCCCC1CC(NCCc2ncon2)C1	0.048085
rxn:2:117446:141943	CCC(NCc1csc(C(C)(C)C)c1)C1CSC1	0.048085
rxn:2:76062:114589	CC(CC12CC(C1)C2)Nc1nnc(-c2cncs2)s1	0.048082
rxn:2:108714:70439	c1nc(NC2CC3OC(C2)C2CC32)c2sccc2n1	0.048081
rxn:2:90367:94654	O=c1[nH]c(NC2CC3(CCO3)C2)nc2ccsc12	0.048079
rxn:2:66034:83447	c1nnc(OCC2CC2)cc1NC1C[C@@H]2C[C@@H]2C1	0.048076
rxn:2:67607:67965	c1nc(NC2Cc3cnoc3C3(CCCC3)C2)ns1	0.048073
rxn:2:105315:95040	CCC(Nc1c(C)nc2cccnn12)C1CCCC1	0.048071
rxn:2:114106:95473	c1cnc2c(c1)OCC2Nc1cncc(C2CC2)c1	0.048067
rxn:2:114106:102802	c1cc2c(cn1)C(Nc1cncc(C3CC3)c1)CO2	0.048067
rxn:2:114106:136400	c1cc2c(cn1)OCC2Nc1cncc(C2CC2)c1	0.048067
rxn:2:92962:137914	CSCCC1CC(Nc2nc(S(C)(=O)=O)ns2)C1	0.048057
rxn:2:137102:105732	CCCc1cncc(NC2C[C@H]3CCC[C@H]3C2)c1	0.048045
rxn:2:121310:90879	c1cc(CN2CC(NC3C[C@H]4OCCC[C@@H]34)C2)cs1	0.048028
rxn:2:67607:127153	CC(C)c1ccc2c(c1)C(Nc1ncsn1)CCC2	0.048027
rxn:2:111626:87143	CC(CCc1cnsc1)Nc1ncc2n1CCCC2	0.048009
rxn:2:66976:133585	CC(C)C(Nc1ncon1)c1ccc2c(c1)CCC2	0.048000
rxn:2:66976:100411	C=C=CC(Nc1ncon1)c1cccc(C)c1	0.047990
rxn:2:141888:141943	CCC(Nc1c(OC)nn2ccccc12)C1CSC1	0.047989
rxn:2:128550:141943	CCC(Nc1cc2c(OC)cccn2n1)C1CSC1	0.047989
rxn:2:72338:141943	CCC(Nc1cn2c(OC)cccc2n1)C1CSC1	0.047989
rxn:2:84384:91066	CCOc1cncc(CNC2COc3ccsc32)c1	0.047982
rxn:2:79950:91066	COCCc1cncc(NC2COc3ccsc32)c1	0.047981
rxn:2:93519:125149	CC(=O)n1ncc(C(C)NC2C(F)CC3CC32)c1C	0.047972
rxn:2:103651:109246	CCC(NC1CCCc2[nH]c(C)nc21)C1(F)CC1	0.047968
rxn:2:67607:132151	COc1ccc(C(C)Nc2ncsn2)c(OC)c1C	0.047965
rxn:2:67607:90523	Cc1ccc2c(c1C)OC(C)CC2Nc1ncsn1	0.047958
rxn:2:67607:123453	Cc1ccc2c(c1C)OCCCC2Nc1ncsn1	0.047957
rxn:2:67607:142232	Cc1cc2c(cc1C)C(Nc1ncsn1)CCCO2	0.047957
rxn:2:66976:114668	CC(Nc1ncon1)c1cc(C2CCCC2)ccn1	0.047956
rxn:2:127034:91066	COCc1cncc(CNC2COc3ccsc32)c1	0.047948
rxn:2:114928:72918	CCOC1CC(Nc2nnc(-c3cc(C)cs3)o2)C1	0.047948
rxn:2:67940:141943	CCC(NC(C)c1nnc2ccccn12)C1CSC1	0.047946
rxn:2:86216:141943	CCC(N[C@@H](C)c1nnc2ccccn12)C1CSC1	0.047946
rxn:2:129947:141943	CCC(N[C@H](C)c1nnc2ccccn12)C1CSC1	0.047946
rxn:2:140730:70439	c1cc(NC2CC3OC(C2)C2CC32)c2sccc2n1	0.047934
rxn:2:67607:100834	Cc1cccc(C(Nc2ncsn2)C2CCC2)c1C	0.047931
rxn:2:96853:91066	CCOCc1cncc(NC2COc3ccsc32)c1	0.047908
rxn:2:67607:136850	CCCC(F)C(Nc1ncsn1)c1ccccc1	0.047901
rxn:2:66976:66576	CCC1CCC2(CC1)CC(Nc1ncon1)CCO2	0.047894
rxn:2:99134:102961	CCc1cncc(NC2COc3ccc(C)cc32)c1	0.047891
rxn:2:99134:115889	CCc1cncc(NC2COc3cccc(C)c32)c1	0.047891
rxn:2:99134:128223	CCc1cncc(NC2COc3cc(C)ccc32)c1	0.047891
rxn:2:130278:105732	CC(C)c1cncc(NC2C[C@H]3CCC[C@H]3C2)c1	0.047878
rxn:2:117761:141943	CCC(NCc1nc(C)c2ccccn12)C1CSC1	0.047873
rxn:2:101306:141943	CCC(NCc1nc(C)n2ccccc12)C1CSC1	0.047873
rxn:2:91459:141943	CCC(NCc1c(C)nc2ccccn12)C1CSC1	0.047873
rxn:2:97743:141943	CCC(NCc1cn2c(C)cccc2n1)C1CSC1	0.047873
rxn:2:96298:141943	CCC(NCc1ccc2nc(C)cn2c1)C1CSC1	0.047873
rxn:2:103848:141943	CCC(NCc1ccn2cc(C)nc2c1)C1CSC1	0.047873
rxn:2:114603:141943	CCC(NCc1c(C)nn2cccnc12)C1CSC1	0.047866
rxn:2:84792:141943	CCC(NCc1ccc2nc(C)cn2n1)C1CSC1	0.047866
rxn:2:115084:141943	CCC(NCc1ccnc2nc(C)cn12)C1CSC1	0.047866
rxn:2:140730:121657	c1cc(NC2CC3(CCCC3)C2)c2sccc2n1	0.047863
rxn:2:123426:109246	CCC(Nn1nnc2ccccc2c1=O)C1(F)CC1	0.047850
rxn:2:97256:141943	CCC(Nc1nc2cccc(OC)n2n1)C1CSC1	0.047850
rxn:2:139059:87143	CCC1COCCC1NC(C)CCc1cnsc1	0.047844
rxn:2:135338:96723	CSc1cc(NC2CC(CC3CC3)C2)cnn1	0.047841
rxn:2:67607:112416	CCCC(Nc1ncsn1)C1CCCN(CC)C1	0.047840
rxn:2:77500:96265	CSC1CC(NCc2ccc(-c3ncon3)cc2)C1	0.047839
rxn:2:111173:141943	CCC(NC(C)c1cnc2ccccn12)C1CSC1	0.047833
rxn:2:132793:141943	CCC(N[C@H](C)c1cnc2ccccn12)C1CSC1	0.047833
rxn:2:112322:141943	CCC(N[C@@H](C)c1cn2ccccc2n1)C1CSC1	0.047833
rxn:2:116569:141943	CCC(N[C@H](C)c1cn2ccccc2n1)C1CSC1	0.047833
rxn:2:118452:141943	CCC(NC(C)c1cn2ccccc2n1)C1CSC1	0.047833
rxn:2:91434:96265	CSC1CC(NC(c2ccccc2)c2ncon2)C1	0.047831
rxn:2:91084:122702	CC[C@@H]1CCC(Nc2nccnc2-c2ncon2)C1	0.047826
rxn:2:114737:83447	c1ccc(-c2cc(NC3C[C@@H]4C[C@@H]4C3)cnn2)cc1	0.047823
rxn:2:77694:83447	c1csc(-c2cc(CCNC3C[C@@H]4C[C@@H]4C3)no2)c1	0.047815
rxn:2:112040:132309	CCCC1CC(Nc2nc(-c3cnccn3)ns2)C1	0.047814
rxn:2:93519:137537	COc1ccc2c(c1)OCC2NC1C(F)CC2CC21	0.047811
rxn:2:93519:70645	COc1ccc2c(c1)C(NC1C(F)CC3CC31)CO2	0.047811
rxn:2:139953:70439	c1csc(N2CC(NC3CC4OC(C3)C3CC43)C2)n1	0.047794
rxn:2:86465:91066	CN1Cc2ccc(NC3COc4ccsc43)cc2C1	0.047791
rxn:2:67607:77095	c1nc(NC2CCc3ccc4c(c32)CCCC4)ns1	0.047783
rxn:2:66976:79439	CN(CC1CCC(Nc2ncon2)CC1)C(C)(C)C	0.047781
rxn:2:97630:91066	CCCOc1cncc(NC2COc3ccsc32)c1	0.047773
rxn:2:134110:87143	CC(CCc1cnsc1)NCCc1ncon1	0.047760
rxn:2:114106:105016	c1ccc2c(c1)OCC2Nc1cncc(C2CC2)c1	0.047756
rxn:2:136722:122702	CC[C@@H]1CCC(Nc2ncnc3sc(C)c(C)c23)C1	0.047750
rxn:2:135338:88899	CSc1cc(NC2CC3CCCC(C2)S3)cnn1	0.047738
rxn:2:140730:121424	c1cc(NC2CC3(CCOCC3)C2)c2sccc2n1	0.047738
rxn:2:140730:71589	c1cc(NC2CC3(CCCOC3)C2)c2sccc2n1	0.047738
rxn:2:108826:87143	CC(CCc1cnsc1)NC1COC(C2CC2)C1	0.047734
rxn:2:141232:87143	CC(CCc1cnsc1)NC1CC1C1CCCO1	0.047734
rxn:2:122259:137914	CCC(NC1CC(CCSC)C1)c1ncon1	0.047731
rxn:2:66976:136997	c1nc(NC2CCC(CC3CCOCC3)CC2)no1	0.047721
rxn:2:91201:87143	CC(CCc1cnsc1)NC1COCC1C1CC1	0.047705
rxn:2:76776:78845	CC(CCc1nccs1)NC1CC1C1CCOC1	0.047705
rxn:2:89378:122702	CC[C@@H]1CCC(Nc2ccc(-c3ncon3)cc2)C1	0.047704
rxn:2:74648:122702	CC[C@@H]1CCC(Nc2ccccc2-c2ncon2)C1	0.047704
rxn:2:74754:122702	CC[C@@H]1CCC(Nc2cccc(-c3ncon3)c2)C1	0.047704
rxn:2:71716:141943	CCc1nc(NC(CC)C2CSC2)c2ccccn12	0.047683
rxn:2:116125:141943	CCC(Nc1c(C)n(C)c2ccccc12)C1CSC1	0.047680
rxn:2:142127:137914	CSCCC1CC(NC2(c3ncon3)CCC2)C1	0.047678
rxn:2:97885:119687	CC(N[C@H]1[C@@H]2CC[C@H]1COC2)c1coc(C2CC2)n1	0.047675
rxn:2:129426:76082	CO[C@H]1COCC[C@H]1NC(C)c1cccc(C)c1C	0.047674
rxn:2:84577:114357	CN(C)[C@H]1CC[C@@H]1NC(c1ccnn1C)C1CC1	0.047673
rxn:2:81263:109651	CSCc1cncc(NC2CC3CCC(C2)C3F)c1	0.047664
rxn:2:67607:102520	COc1ccc(C)cc1C(Nc1ncsn1)C(C)C	0.047664
rxn:2:88753:87143	CC(CCc1cnsc1)NCC1C2CCOCC21	0.047662
rxn:2:66976:93630	CCCN1CCC[C@H]2CC(Nc3ncon3)CC[C@@H]21	0.047648
rxn:2:109243:137914	CSCCC1CC(NCC(C)c2ncon2)C1	0.047640
rxn:2:67607:85353	Cc1cc(C)c(C(Nc2ncsn2)C(C)C)c(C)c1	0.047633
rxn:2:93519:141644	COc1ccc2c(n1)OCC2NC1C(F)CC2CC21	0.047614
rxn:2:66976:89588	CCc1nc(CC2CC(Nc3ncon3)C2)no1	0.047613
rxn:2:66976:70456	CC1(C(Nc2ncon2)c2ccccc2)CCCC1	0.047612
rxn:2:76302:122702	CC[C@@H]1CCC(NC2(c3ncon3)CCOCC2)C1	0.047599
rxn:2:67607:96975	CCC(Nc1ncsn1)c1ccc(OC)c(C)c1C	0.047597
rxn:2:79585:87143	COC1COCCC1NC(C)CCc1cnsc1	0.047591
rxn:2:82896:87143	CO[C@@H]1COCC[C@@H]1NC(C)CCc1cnsc1	0.047591
rxn:2:89248:87143	COC1CCOCC1NC(C)CCc1cnsc1	0.047591
rxn:2:93237:87143	CO[C@H]1CCOC[C@@H]1NC(C)CCc1cnsc1	0.047591
rxn:2:99663:87143	CO[C@@H]1CCOC[C@H]1NC(C)CCc1cnsc1	0.047591
rxn:2:108991:87143	CO[C@@H]1CCOC[C@@H]1NC(C)CCc1cnsc1	0.047591
rxn:2:116092:87143	CO[C@@H]1COCC[C@H]1NC(C)CCc1cnsc1	0.047591
rxn:2:129426:87143	CO[C@H]1COCC[C@H]1NC(C)CCc1cnsc1	0.047591
rxn:2:134608:87143	CO[C@H]1CCOC[C@H]1NC(C)CCc1cnsc1	0.047591
rxn:2:135318:87143	CO[C@H]1COCC[C@@H]1NC(C)CCc1cnsc1	0.047591
rxn:2:140730:83449	c1cc(NC2CC3(CCCCO3)C2)c2sccc2n1	0.047574
rxn:2:140730:110686	c1cc(NC2CCC3(CCO3)CC2)c2sccc2n1	0.047574
rxn:2:140730:68991	c1cc(NC2CCOC3(CCC3)C2)c2sccc2n1	0.047574
rxn:2:140730:123787	c1cc(NC2COC3(CCCC3)C2)c2sccc2n1	0.047574
rxn:2:140730:79977	c1cc(NC2CCC3(CCC3)OC2)c2sccc2n1	0.047574
rxn:2:100556:86288	Cc1nn2ccccc2c1NC1CCC[C@@H]1C(C)C	0.047570
rxn:2:100556:89167	CCC(Nc1c(C)nn2ccccc12)C1CC12CC2	0.047556
rxn:2:84173:89167	CCC(Nc1c(C)nc2ccccn12)C1CC12CC2	0.047556
rxn:2:92374:89167	CCC(Nc1cccc2nc(C)cn12)C1CC12CC2	0.047556
rxn:2:82126:141008	CC(F)(F)c1cncc(NC2CCc3ccsc32)c1	0.047554
rxn:2:120547:105732	CC(C)Oc1cc(NC2C[C@H]3CCC[C@H]3C2)cnn1	0.047548
rxn:2:138600:88549	CCC1(NC2CCCc3ncccc32)CC(F)(F)C1	0.047546
rxn:2:114788:105732	Cc1cnc(CC(C)NC2C[C@H]3CCC[C@H]3C2)nc1	0.047537
rxn:2:100197:91939	CC(C)c1cc(CNC2CCN(C)C2(C)C)ccn1	0.047531
rxn:2:93519:108118	CCc1ccc2c(c1)OCC2NC1C(F)CC2CC21	0.047514
rxn:2:123745:103571	Cc1nc(CNC(C)c2cc3c(s2)CCCC3)n[nH]1	0.047501
rxn:2:99134:132884	CCc1cncc(NC(C)c2c(C)cncc2C)c1	0.047469
rxn:2:95949:91939	CCCc1nccc(C)c1NC1CCN(C)C1(C)C	0.047453
rxn:2:135338:109651	CSc1cc(NC2CC3CCC(C2)C3F)cnn1	0.047434
rxn:2:119738:92418	CC(CNC1CCCc2snnc21)CC1CCCO1	0.047432
rxn:2:71062:105732	CSCc1cccc(NC2C[C@H]3CCC[C@H]3C2)c1	0.047426
rxn:2:124606:105732	CSCc1ccc(NC2C[C@H]3CCC[C@H]3C2)cc1	0.047426
rxn:2:74364:105732	Cn1ccnc1C1CC1CNC1C[C@H]2CCC[C@H]2C1	0.047407
rxn:2:76776:72770	CC(CCc1ccsc1)NC1CC1C1CCOC1	0.047402
rxn:2:76776:138386	CC(CCc1cccs1)NC1CC1C1CCOC1	0.047402
rxn:2:81263:88899	CSCc1cncc(NC2CC3CCCC(C2)S3)c1	0.047397
rxn:2:108049:117115	Cc1ccc2c(c1C)CCC2NCCc1ccoc1	0.047394
rxn:2:67607:140542	CC(C)(C)c1cccc2c1CCC2Nc1ncsn1	0.047391
rxn:2:67607:113762	CC(C)(C)c1ccc2c(c1)CCC2Nc1ncsn1	0.047391
rxn:2:67607:139483	CC(C)(C)c1ccc2c(c1)C(Nc1ncsn1)CC2	0.047391
rxn:2:97885:131094	Cc1ncsc1CCC(C)N[C@H]1[C@@H]2CC[C@H]1COC2	0.047386
rxn:2:74325:131094	Cc1ncsc1CCC(C)N[C@@H]1[C@@H]2CC[C@H]1COC2	0.047386
rxn:2:97885:65992	Cc1nc(CCC(C)N[C@H]2[C@@H]3CC[C@H]2COC3)cs1	0.047386
rxn:2:74325:65992	Cc1nc(CCC(C)N[C@@H]2[C@@H]3CC[C@H]2COC3)cs1	0.047386
rxn:2:100556:141702	CCC(Nc1c(C)nn2ccccc12)C1CC(C)C1	0.047386
rxn:2:84173:141702	CCC(Nc1c(C)nc2ccccn12)C1CC(C)C1	0.047386
rxn:2:100556:127812	CCC(Nc1c(C)nn2ccccc12)C1CC1(C)C	0.047386
rxn:2:92374:141702	CCC(Nc1cccc2nc(C)cn12)C1CC(C)C1	0.047386
rxn:2:92374:127812	CCC(Nc1cccc2nc(C)cn12)C1CC1(C)C	0.047386
rxn:2:84173:127812	CCC(Nc1c(C)nc2ccccn12)C1CC1(C)C	0.047386
rxn:2:133794:87143	CC(CCc1cnsc1)NC1C2CCCC1COC2	0.047385
rxn:2:126346:105732	CN(C)Cc1cncc(NC2C[C@H]3CCC[C@H]3C2)c1	0.047375
rxn:2:66976:73579	CC(CC(C)SC1CCCCC1)Nc1ncon1	0.047375
rxn:2:67607:110372	Cc1ccc(C)c2c1SCCCC2Nc1ncsn1	0.047361
rxn:2:97128:70439	CC[C@@H](NC1CC2OC(C1)C1CC21)c1nc(C)no1	0.047357
rxn:2:66976:136850	CCCC(F)C(Nc1ncon1)c1ccccc1	0.047357
rxn:2:78737:91066	CC(F)(F)c1cccc(NC2COc3ccsc32)c1	0.047351
rxn:2:119565:91066	CC(F)(F)c1ccc(NC2COc3ccsc32)cc1	0.047351
rxn:2:93079:71823	Cc1n[nH]c(CNC(C)c2nc3c(s2)CCCC3)n1	0.047350
rxn:2:84173:100408	CC[C@H]1CCCC(Nc2c(C)nc3ccccn23)C1	0.047337
rxn:2:67607:102572	Cc1cccc2c1CC(C)(C)CC2Nc1ncsn1	0.047330
rxn:2:69953:91066	CC(C)(C)c1cncc(NC2COc3ccsc32)c1	0.047311
rxn:2:136496:73156	Cc1ccncc1C(C)NCc1cnn(C)c(=O)c1	0.047295
rxn:2:112040:78769	COCC1CC(Nc2nc(-c3cnccn3)ns2)C1	0.047294
rxn:2:135338:134591	CSc1cc(NC2CC(C)N(C)C(C)C2)cnn1	0.047293
rxn:2:104680:141943	CCC(Nc1cc(=O)n(C(=O)C(C)C)o1)C1CSC1	0.047286
rxn:2:121310:97359	CC(NC1CN(Cc2ccsc2)C1)c1ccccc1	0.047280
rxn:2:112606:105732	c1[nH]c2cnnc-2cc1NC1C[C@H]2CCC[C@H]2C1	0.047278
rxn:2:66976:97129	Cc1cc(C)c2c(c1)OC(C)CC2Nc1ncon1	0.047258
rxn:2:133089:105732	c1ccc2c(c1)CC(CNC1C[C@H]3CCC[C@H]3C1)O2	0.047254
rxn:2:135338:102434	CSc1cc(NC2CC[C@H]3COC[C@H]3C2)cnn1	0.047251
rxn:2:109269:105732	CSCc1ncc(CNC2C[C@H]3CCC[C@H]3C2)cn1	0.047242
rxn:2:98632:91066	CN(C)CC1CCC(CNC2COc3ccsc32)C1	0.047229
rxn:2:136496:71450	CC1CCC(NCc2cnn(C)c(=O)c2)c2sccc21	0.047221
rxn:2:75883:87143	CC(CCc1cnsc1)N[C@H]1[C@@H]2CC[C@H]1CN(C)C2	0.047203
rxn:2:113591:87143	CC(CCc1cnsc1)NC1C2CCC1CN(C)C2	0.047203
rxn:2:113791:87143	CC(CCc1cnsc1)N[C@@H]1[C@@H]2CC[C@H]1CN(C)C2	0.047203
rxn:2:67607:75736	CC(C)n1c2c(ccc1=O)C(Nc1ncsn1)CCC2	0.047199
rxn:2:66976:107924	COc1ccc(CCC(C)Nc2ncon2)cc1	0.047193
rxn:2:66976:117442	COc1cccc(CCC(C)Nc2ncon2)c1	0.047193
rxn:2:66976:78675	CCc1ccccc1CCC(C)Nc1ncon1	0.047188
rxn:2:110745:96265	CSC1CC(NCC2(N3CCCC3)COC2)C1	0.047179
rxn:2:87189:103571	Cc1c[nH]c(CNC(C)c2cc3c(s2)CCCC3)n1	0.047168
rxn:2:114846:103571	Cc1cc(CNC(C)c2cc3c(s2)CCCC3)[nH]n1	0.047168
rxn:2:142424:141943	CCC(Nc1c(C)nc2sc(C)cn2c1=O)C1CSC1	0.047154
rxn:2:100556:95040	CCC(Nc1c(C)nn2ccccc12)C1CCCC1	0.047153
rxn:2:84173:95040	CCC(Nc1c(C)nc2ccccn12)C1CCCC1	0.047153
rxn:2:92374:95040	CCC(Nc1cccc2nc(C)cn12)C1CCCC1	0.047153
rxn:2:135338:110690	CSc1cc(NC2CC3C4CCC(C4)C23)cnn1	0.047150
rxn:2:135338:122183	CSc1cc(NC2C[C@H]3[C@@H]4CC[C@@H](C4)[C@@H]23)cnn1	0.047150
rxn:2:66976:123601	CCCC(Cc1ccc(C)cc1)Nc1ncon1	0.047150
rxn:2:74325:123351	CC(C)C(N[C@@H]1[C@@H]2CC[C@H]1COC2)c1ncnn1C	0.047144
rxn:2:131910:91066	COc1cccc2c1C(NC1COc3ccsc31)CO2	0.047142
rxn:2:129548:66377	CCc1n[nH]c2sc(CNC3CC(C)C3C)c(C)c12	0.047142
rxn:2:129548:122226	CCc1n[nH]c2sc(CNC3C[C@H](C)[C@H]3C)c(C)c12	0.047142
rxn:2:70718:141943	CCC(Nc1c(C)c(C2CC2C)nn1C)C1CSC1	0.047136
rxn:2:87386:87143	CC(CCc1cnsc1)NC1CC1C1CCCC1	0.047132
rxn:2:81263:141384	CSCc1cncc(NC2CCCC(N(C)C)C2)c1	0.047131
rxn:2:67607:145700	CS(=O)(=O)c1ccc2c(c1)CCCC2Nc1ncsn1	0.047126
rxn:2:68374:92418	c1csc(N2CCC(NC3CCCc4snnc43)C2)n1	0.047114
rxn:2:135338:141384	CSc1cc(NC2CCCC(N(C)C)C2)cnn1	0.047110
rxn:2:135338:103149	CSc1cc(NC2C[C@H]3CC[C@@H](C2)N3C)cnn1	0.047109
rxn:2:135338:113715	CSc1cc(NC2CC3CCC(C2)N3C)cnn1	0.047109
rxn:2:135338:95068	CSc1cc(NC2CCOC(C3CC3)C2)cnn1	0.047102
rxn:2:135338:87828	CSc1cc(NC2CC3CC(C)CC3C2)cnn1	0.047101
rxn:2:66976:97348	CCc1ccc(CCC(C)Nc2ncon2)nc1	0.047101
rxn:2:67607:89842	COc1cccc2c1CCC(Nc1ncsn1)C2(C)C	0.047096
rxn:2:67607:133736	COc1ccc(C)c2c1CCOCC2Nc1ncsn1	0.047083
rxn:2:84173:75823	Cc1nc2ccccn2c1NC1CC2CCCN2C1	0.047082
rxn:2:139592:123952	CCN1CCc2nc(NC3CCn4cncc43)sc2C1	0.047069
rxn:2:66976:102572	Cc1cccc2c1CC(C)(C)CC2Nc1ncon1	0.047061
rxn:2:67607:118498	COc1ccc2c(c1)CN(C)CCC2Nc1ncsn1	0.047056
rxn:2:66976:109108	Cc1ccccc1OCC1CC(Nc2ncon2)C1	0.047056
rxn:2:66976:78351	Cc1ccc(OCC2CC(Nc3ncon3)C2)cc1	0.047056
rxn:2:135338:70439	CSc1cc(NC2CC3OC(C2)C2CC32)cnn1	0.047053
rxn:2:67607:132767	COc1cc(C)cc2c1OCCCC2Nc1ncsn1	0.047046
rxn:2:66976:76633	Cc1cc(C)c(CCC(C)Nc2ncon2)cc1C	0.047022
rxn:2:66976:129380	Cc1cc(C)c(CCC(C)Nc2ncon2)c(C)c1	0.047022
rxn:2:67607:68918	COc1cccc2c1C(Nc1ncsn1)CC(C)(C)O2	0.047016
rxn:2:109739:91066	CCc1c(CNC2COc3ccsc32)nn2c1CCC2	0.047016
rxn:2:130402:141943	CCC(Nc1c2c(nc3ccnn13)CSC2)C1CSC1	0.047011
rxn:2:67607:119065	c1nc(NC2CCc3cc(N4CCCC4)ccc32)ns1	0.047010
rxn:2:66976:86138	Cn1ncc2c1C(Nc1ncon1)CCCC2	0.047008
rxn:2:82179:92418	CC1(c2nccc(NC3CCCc4snnc43)n2)CC1	0.047005
rxn:2:80366:91066	Cc1cncc(C(F)(F)CNC2COc3ccsc32)c1	0.047001
rxn:2:132418:81260	Cc1c[nH]c2ncnc(NC3CCOC4CC34)c12	0.047000
rxn:2:129648:83447	CCn1nc(C)cc1-c1nnc(NC2C[C@@H]3C[C@@H]3C2)s1	0.046997
rxn:2:135338:115515	CSc1cc(NC2CC3CCCCC3C2)cnn1	0.046995
rxn:2:135338:115662	CSc1cc(NC2CC[C@@H]3CCC[C@@H]3C2)cnn1	0.046995
rxn:2:135338:117197	CSc1cc(NC2CCC3CCCC3C2)cnn1	0.046995
rxn:2:135338:123401	CSc1cc(NC2CC3CCCC(C3)C2)cnn1	0.046995
rxn:2:135338:70601	CSc1cc(NC2CCCC3CC3CC2)cnn1	0.046995
rxn:2:135338:100219	CSc1cc(NC2CCCC3CCCC32)cnn1	0.046995
rxn:2:135338:101831	CSc1cc(NC2CCC3CCCCC32)cnn1	0.046995
rxn:2:112375:91066	c1cc2c(s1)C(Nc1cncc(N3CCCC3)c1)CO2	0.046986
rxn:2:86825:94654	Cc1ccc2c(NC3CC4(CCO4)C3)ccnc2c1	0.046985
rxn:2:106346:94654	Cc1ccc2nccc(NC3CC4(CCO4)C3)c2c1	0.046985
rxn:2:88647:91066	COc1cc[nH]c(=O)c1CNC1COc2ccsc21	0.046984
rxn:2:81263:87828	CSCc1cncc(NC2CC3CC(C)CC3C2)c1	0.046982
rxn:2:80623:87143	CC(CCc1cnsc1)NC1C2CCC1CC(F)C2	0.046980
rxn:2:162171:141943	CCC(Nc1c(C)nc2ccccn2c1=O)C1CSC1	0.046970
rxn:2:154429:141943	CCC(Nc1cc(=O)nc2c(C)cccn12)C1CSC1	0.046970
rxn:2:78373:91066	CCS(=O)(=O)c1cncc(NC2COc3ccsc32)c1	0.046968
rxn:2:99223:91066	COc1cncc(C(C)(C)NC2COc3ccsc32)c1	0.046967
rxn:2:115942:112899	CC(NC1CCc2c1ccc1c2CCC1)c1ncsn1	0.046967
rxn:2:92125:105732	CC(C)Oc1cncc(NC2C[C@H]3CCC[C@H]3C2)c1	0.046962
rxn:2:76800:141943	CCC(Nc1c2c(nc3ccnn13)CCC2)C1CSC1	0.046958
rxn:2:135338:114038	CSc1cc(NC2CC3CN(C)CC3C2)cnn1	0.046953
rxn:2:115942:118518	COc1ccc2c(c1C)CCC2NC(C)c1ncsn1	0.046935
rxn:2:66976:139085	c1nc(NC2CCCCc3[nH]ncc32)no1	0.046931
rxn:2:102258:115773	Cn1ncc2c1CCC2NC1CC(n2cncn2)C1	0.046930
rxn:2:117873:91066	CC(C)(F)c1cccc(NC2COc3ccsc32)c1	0.046928
rxn:2:126959:91066	CC(C)(F)c1ccc(NC2COc3ccsc32)cc1	0.046928
rxn:2:67607:127675	COc1ccc2c(c1OC)CC(C)C2Nc1ncsn1	0.046918
rxn:2:67607:140965	COc1ccc(OC)c2c1CC(C)C2Nc1ncsn1	0.046918
rxn:2:67607:100025	CCc1cccc2c1OCC(OC)C2Nc1ncsn1	0.046912
rxn:2:66976:130614	c1nc(NC2CCC(CC3CCCCC3)CC2)no1	0.046912
rxn:2:67607:85124	COc1cc2c(c(OC)c1C)CCC2Nc1ncsn1	0.046912
rxn:2:82126:118277	CC(F)(F)c1cncc(NC2CCCn3cnnc32)c1	0.046912
rxn:2:136496:109536	Cc1ccc2c(c1)SCC2NCc1cnn(C)c(=O)c1	0.046903
rxn:2:136496:124383	Cc1ccc2c(c1)C(NCc1cnn(C)c(=O)c1)CS2	0.046903
rxn:2:66976:85532	CCC(CSc1ccccc1)Nc1ncon1	0.046902
rxn:2:67607:136899	COc1ccc2c(c1OC)CCCC2Nc1ncsn1	0.046899
rxn:2:67607:122743	COc1ccc(OC)c2c1CCCC2Nc1ncsn1	0.046899
rxn:2:67607:75811	COc1cc(OC)c2c(c1)C(Nc1ncsn1)CCC2	0.046899
rxn:2:67607:71476	COc1cc2c(cc1OC)C(Nc1ncsn1)CCC2	0.046899
rxn:2:67607:71784	CCc1ccccc1N1CCC(Nc2ncsn2)CC1	0.046894
rxn:2:107667:72771	COC[C@H]1CC[C@H]1NC1CC(CC(C)C)C1	0.046894
rxn:2:67607:119305	COc1ccc(OC)c2c1CCC(Nc1ncsn1)C2	0.046890
rxn:2:67607:102076	COc1ccc2c(c1OC)CCC(Nc1ncsn1)C2	0.046890
rxn:2:120080:91066	CC(F)(F)c1cncc(CNC2COc3ccsc32)c1	0.046884
rxn:2:111708:91066	CC(F)(F)c1ccc(CNC2COc3ccsc32)nc1	0.046884
rxn:2:75765:96149	Cc1cc(NC2CCSCC2C)cc2cccnc12	0.046882
rxn:2:123930:72771	CCC(C)(NC1CC(CC(C)C)C1)c1ncon1	0.046872
rxn:2:105315:126975	CCC(Nc1c(C)nc2cccnn12)C1CCSCC1	0.046859
rxn:2:95788:140522	CCCC1CCC(Nc2nc(C)c3n2CCCC3)C1	0.046857
rxn:2:68167:87143	CC(CCc1cnsc1)NC1CC2C3CCC(C3)C12	0.046855
rxn:2:68379:87143	CC(CCc1cnsc1)N[C@H]1C[C@H]2[C@H]3CC[C@H](C3)[C@H]21	0.046855
rxn:2:67607:132810	CCC(Nc1ncsn1)c1ccc2c(c1)OC(F)(F)O2	0.046855
rxn:2:67607:124989	COc1ccc(OC)c2c1C(C)CC2Nc1ncsn1	0.046852
rxn:2:123138:72771	CC(C)CC1CC(NC(c2ncon2)C(C)C)C1	0.046851
rxn:2:69748:91066	CCc1cc(CC)cc(NC2COc3ccsc32)c1	0.046848
rxn:2:98998:91066	CCc1ccc(CC)c(NC2COc3ccsc32)c1	0.046848
rxn:2:93079:98059	Cc1n[nH]c(CNCC2CCCn3cncc32)n1	0.046843
rxn:2:135338:126405	CSc1cc(NC2CC(C)(C)CC2(C)C)cnn1	0.046834
rxn:2:67607:126004	COc1cc(C)c2c(c1C)C(Nc1ncsn1)CCC2	0.046828
rxn:2:67607:78817	COc1cc(C)c(C)c2c1CCCC2Nc1ncsn1	0.046828
rxn:2:123930:140522	CCCC1CCC(NC(C)(CC)c2ncon2)C1	0.046825
rxn:2:66976:85095	CC(CCc1ccc2c(c1)OCO2)Nc1ncon1	0.046824
rxn:2:135338:96396	CSc1cc(NC2CC(C3CCCC3)C2)cnn1	0.046812
rxn:2:135338:138205	CSc1cc(NC2CCCC(C3CC3)C2)cnn1	0.046812
rxn:2:135338:139679	CSc1cc(NC2CCC(C3CC3)CC2)cnn1	0.046812
rxn:2:135338:101617	CSc1cc(NC2CCC2C2CCCC2)cnn1	0.046812
rxn:2:67607:126642	COc1cccc2c1CC(C)(C)CC2Nc1ncsn1	0.046809
rxn:2:107217:91939	CN1CCC(NC2(C)C(C)(C)C2(C)C)C1(C)C	0.046800
rxn:2:82126:95473	CC(F)(F)c1cncc(NC2COc3cccnc32)c1	0.046796
rxn:2:82126:102802	CC(F)(F)c1cncc(NC2COc3ccncc32)c1	0.046796
rxn:2:82126:136400	CC(F)(F)c1cncc(NC2COc3cnccc32)c1	0.046796
rxn:2:123138:140522	CCCC1CCC(NC(c2ncon2)C(C)C)C1	0.046792
rxn:2:66976:71052	Cc1cc(N2CCC(Nc3ncon3)CC2)ncn1	0.046791
rxn:2:66976:130341	CCCCC1Cc2ccccc2C1Nc1ncon1	0.046790
rxn:2:67607:119171	COc1cc2c(cc1OC)C(Nc1ncsn1)CCS2	0.046787
rxn:2:76788:91066	CC(C)(C)c1cncc(CNC2COc3ccsc32)c1	0.046777
rxn:2:100987:93200	CC(NC1CCN(C2CC2)C1)c1cc[nH]c(=O)c1	0.046773
rxn:2:126608:72771	CC(C)CC1CC(NC(c2ncon2)C2CC2)C1	0.046769
rxn:2:142127:105764	CCCCC1CC(NC2(c3ncon3)CCC2)C1	0.046760
rxn:2:66976:69864	c1nc(NC2CCCCC23CCC2CC2CO3)no1	0.046757
rxn:2:94227:91066	Cc1ccc(C2CC2)cc1NC1COc2ccsc21	0.046757
rxn:2:138051:91066	Cc1cc(C2CC2)ccc1NC1COc2ccsc21	0.046757
rxn:2:81263:133849	CSCc1cncc(NC2CCc3ncccc3C2)c1	0.046750
rxn:2:126608:140522	CCCC1CCC(NC(c2ncon2)C2CC2)C1	0.046746
rxn:2:114106:111214	c1cc2c(s1)C(Nc1cncc(C3CC3)c1)CCS2	0.046743
rxn:2:135710:105732	CSc1cncc(CNC2C[C@H]3CCC[C@H]3C2)c1	0.046726
rxn:2:97885:101716	CC12CCCC(N[C@H]3[C@@H]4CC[C@H]3COC4)C1C2	0.046710
rxn:2:74325:140289	CC1CC2(CCC2N[C@@H]2[C@@H]3CC[C@H]2COC3)C1	0.046710
rxn:2:81323:91939	CCCc1nn(CC)cc1NC1CCN(C)C1(C)C	0.046709
rxn:2:80992:91939	CCCCc1nn(C)cc1NC1CCN(C)C1(C)C	0.046701
rxn:2:67607:137444	COc1cc2c(cc1OC)C(Nc1ncsn1)CCO2	0.046699
rxn:2:67607:128034	COc1ccc(OC)c2c1OCCC2Nc1ncsn1	0.046699
rxn:2:114106:119277	c1cc2c(s1)C(Nc1cncc(C3CC3)c1)CCC2	0.046698
rxn:2:67607:115752	CCc1ccc(OC)c2c1C(Nc1ncsn1)CCC2	0.046696
rxn:2:82126:105732	CC(F)(F)c1cncc(NC2C[C@H]3CCC[C@H]3C2)c1	0.046695
rxn:2:67607:103339	COc1ccc(C2CCC(Nc3ncsn3)C2)c(C)c1	0.046692
rxn:2:81263:96723	CSCc1cncc(NC2CC(CC3CC3)C2)c1	0.046689
rxn:2:122144:109246	CCC(Nc1c(C)ccc2cccnc12)C1(F)CC1	0.046686
rxn:2:93519:84436	CCCC(NC1C(F)CC2CC21)c1cc(C)nn1C	0.046677
rxn:2:82126:112634	CC(F)(F)c1cncc(NC2CN=Cc3ccsc32)c1	0.046661
rxn:2:95852:125321	Cc1c[nH]nc1NC(C)c1ccnc(C(C)(C)F)c1	0.046653
rxn:2:135338:110072	CCC1CCC(C)CC1Nc1cnnc(SC)c1	0.046652
rxn:2:162624:109246	CCC(Nc1nn(C)c(=O)c2ccccc12)C1(F)CC1	0.046636
rxn:2:81263:115515	CSCc1cncc(NC2CC3CCCCC3C2)c1	0.046629
rxn:2:81263:115662	CSCc1cncc(NC2CC[C@@H]3CCC[C@@H]3C2)c1	0.046629
rxn:2:81263:117197	CSCc1cncc(NC2CCC3CCCC3C2)c1	0.046629
rxn:2:81263:123401	CSCc1cncc(NC2CC3CCCC(C3)C2)c1	0.046629
rxn:2:81263:70601	CSCc1cncc(NC2CCCC3CC3CC2)c1	0.046629
rxn:2:81263:100219	CSCc1cncc(NC2CCCC3CCCC32)c1	0.046629
rxn:2:81263:101831	CSCc1cncc(NC2CCC3CCCCC32)c1	0.046629
rxn:2:66976:139730	CCCCN1C2CCCC1CC(Nc1ncon1)C2	0.046619
rxn:2:148739:109246	CCC(Nn1nc(C)c2ccccc2c1=O)C1(F)CC1	0.046619
rxn:2:159529:109246	CCC(Nn1c(C)nc2ccccc2c1=O)C1(F)CC1	0.046619
rxn:2:102258:138442	CC1CCc2ccoc2C1NC1CC(n2cncn2)C1	0.046617
rxn:2:141811:140522	CCCC1CCC(Nc2nonc2-c2ncon2)C1	0.046616
rxn:2:110866:72771	CC(C)CC1CC(NC2(c3ncon3)CCCC2)C1	0.046612
rxn:2:138600:100170	CCC1(NC2CCc3[nH]nc(C)c3C2)CC(F)(F)C1	0.046607
rxn:2:109243:105764	CCCCC1CC(NCC(C)c2ncon2)C1	0.046582
rxn:2:135481:91066	c1cc2c(s1)C(NCc1cncc(C3CCC3)c1)CO2	0.046579
rxn:2:141811:72771	CC(C)CC1CC(Nc2nonc2-c2ncon2)C1	0.046575
rxn:2:142478:141943	CCC(Nc1nn(C)c(=O)c2ncccc12)C1CSC1	0.046571
rxn:2:122259:105764	CCCCC1CC(NC(CC)c2ncon2)C1	0.046556
rxn:2:67607:125290	COc1cccc2c1OCC(OC)C2Nc1ncsn1	0.046553
rxn:2:105315:98640	CCC(Nc1c(C)nc2cccnn12)C1CCOCC1	0.046547
rxn:2:105315:100179	CCC(Nc1c(C)nc2cccnn12)C1CCCOC1	0.046547
rxn:2:93799:118090	Cc1nnc(NC2CC(C3(C)CCC3)n3nccc32)o1	0.046543
rxn:2:110866:140522	CCCC1CCC(NC2(c3ncon3)CCCC2)C1	0.046541
rxn:2:115942:111998	Cc1ccc2c(c1C)CCCC2NC(C)c1ncsn1	0.046527
rxn:2:84577:71196	CC(N[C@H]1CC[C@@H]1N(C)C)c1cnc2ccc[nH]c1-2	0.046518
rxn:2:73620:76082	Cc1cccc(C(C)NC2(c3ccoc3)CC2)c1C	0.046515
rxn:2:102258:124762	Cc1ccc2c(c1)C(NC1CC(n3cncn3)C1)CC2	0.046502
rxn:2:93079:123626	Cc1n[nH]c(CNC(C)c2ccc3c(c2)CCC3)n1	0.046483
rxn:2:130362:91066	c1cc(NC2COc3ccsc32)cc(C2CCC2)c1	0.046482
rxn:2:108006:91066	c1cc2c(s1)C(Nc1ccc(C3CCC3)cc1)CO2	0.046482
rxn:2:93519:139149	Cc1cc2c(cc1C)C(NC1C(F)CC3CC31)CO2	0.046478
rxn:2:84577:75559	COc1cnc(C)c(C(C)N[C@H]2CC[C@@H]2N(C)C)c1	0.046472
rxn:2:84577:136796	COc1cc(C)c(C(C)N[C@H]2CC[C@@H]2N(C)C)cn1	0.046472
rxn:2:67607:89119	CC(C)Oc1cccc2c1CCCC2Nc1ncsn1	0.046465
rxn:2:67607:75601	CC(C)Oc1ccc2c(c1)CCCC2Nc1ncsn1	0.046465
rxn:2:67607:125909	CC(C)Oc1ccc2c(c1)C(Nc1ncsn1)CCC2	0.046465
rxn:2:74325:68744	Cc1[nH]nc2c1CCC2N[C@@H]1[C@@H]2CC[C@H]1COC2	0.046465
rxn:2:84577:78519	COc1ccc(C)c(C(C)N[C@H]2CC[C@@H]2N(C)C)c1	0.046464
rxn:2:84577:140270	COc1ccc(C(C)N[C@H]2CC[C@@H]2N(C)C)c(C)c1	0.046464
rxn:2:97885:102542	CC(CCc1ccncc1)N[C@H]1[C@@H]2CC[C@H]1COC2	0.046452
rxn:2:97885:133700	CC(CCc1cccnc1)N[C@H]1[C@@H]2CC[C@H]1COC2	0.046452
rxn:2:74325:102542	CC(CCc1ccncc1)N[C@@H]1[C@@H]2CC[C@H]1COC2	0.046452
rxn:2:74325:133700	CC(CCc1cccnc1)N[C@@H]1[C@@H]2CC[C@H]1COC2	0.046452
rxn:2:97885:76485	CC(CCc1ccccn1)N[C@H]1[C@@H]2CC[C@H]1COC2	0.046452
rxn:2:74325:76485	CC(CCc1ccccn1)N[C@@H]1[C@@H]2CC[C@H]1COC2	0.046452
rxn:2:100556:98640	CCC(Nc1c(C)nn2ccccc12)C1CCOCC1	0.046447
rxn:2:100556:100179	CCC(Nc1c(C)nn2ccccc12)C1CCCOC1	0.046447
rxn:2:92374:101566	COCC1CCCC(Nc2cccc3nc(C)cn23)C1	0.046447
rxn:2:84173:98640	CCC(Nc1c(C)nc2ccccn12)C1CCOCC1	0.046447
rxn:2:84173:100179	CCC(Nc1c(C)nc2ccccn12)C1CCCOC1	0.046447
rxn:2:92374:98640	CCC(Nc1cccc2nc(C)cn12)C1CCOCC1	0.046447
rxn:2:92374:100179	CCC(Nc1cccc2nc(C)cn12)C1CCCOC1	0.046447
rxn:2:102258:125572	CC1CCCC(NC2CC(n3cncn3)C2)CC1	0.046440
rxn:2:66976:97702	CCCCC1CC(Nc2ncon2)c2ccccc21	0.046430
rxn:2:107684:105764	CCCCC1CC(NC2CN3CCCC2C3)C1	0.046426
rxn:2:79950:105732	COCCc1cncc(NC2C[C@H]3CCC[C@H]3C2)c1	0.046423
rxn:2:115942:103705	CCc1cccc2c1CCCC2NC(C)c1ncsn1	0.046421
rxn:2:66976:131370	CC(C)c1nc(CC2CC(Nc3ncon3)C2)no1	0.046412
rxn:2:66976:122384	Cc1nn(C(C)C)c2c1C(Nc1ncon1)CCCO2	0.046412
rxn:2:136496:99881	C[C@H]1CC(NCc2cnn(C)c(=O)c2)c2ccccc21	0.046406
rxn:2:136496:121109	C[C@@H]1CC(NCc2cnn(C)c(=O)c2)c2ccccc21	0.046406
rxn:2:136496:135289	CC1CC(NCc2cnn(C)c(=O)c2)c2ccccc21	0.046406
rxn:2:72317:94654	CCc1nc([C@H](CC)NC2CC3(CCO3)C2)n[nH]1	0.046395
rxn:2:67607:83189	Cc1cccc2c1CCCCC2Nc1ncsn1	0.046395
rxn:2:67607:102043	Cc1ccc2c(c1)C(Nc1ncsn1)CCCC2	0.046395
rxn:2:67607:110852	Cc1ccc2c(c1)CCCCC2Nc1ncsn1	0.046395
rxn:2:67607:89884	CC(C)c1cccc2c1OCCCC2Nc1ncsn1	0.046393
rxn:2:67607:71495	CC(C)c1ccc2c(c1)C(Nc1ncsn1)CCCO2	0.046393
rxn:2:83946:141943	CCC(Nc1cc2nc(C)c(C)n2cc1C)C1CSC1	0.046386
rxn:2:78277:91066	O=S(=O)(F)c1cncc(NC2COc3ccsc32)c1	0.046382
rxn:2:67607:126032	CCC(Nc1ncsn1)c1ccn(CC2CCC2)n1	0.046379
rxn:2:79536:91939	CN1CCC(NCC2CCOCC2(C)C)C1(C)C	0.046376
rxn:2:78373:105732	CCS(=O)(=O)c1cncc(NC2C[C@H]3CCC[C@H]3C2)c1	0.046368
rxn:2:67607:124774	Cc1cc(C)cc(C(CC(C)C)Nc2ncsn2)c1	0.046367
rxn:2:123971:83447	CN1CCCC2CC(NC3C[C@@H]4C[C@@H]4C3)CC21	0.046361
rxn:2:66976:112495	CCCc1csc(CCC(C)Nc2ncon2)n1	0.046358
rxn:2:102258:134208	Cc1ccc(C(C)NC2CC(n3cncn3)C2)c(C)n1	0.046354
rxn:2:93519:98960	COC1CCC(NC2C(F)CC3CC32)C2CCC12	0.046348
rxn:2:82126:105016	CC(F)(F)c1cncc(NC2COc3ccccc32)c1	0.046346
rxn:2:122259:87143	CCC(NC(C)CCc1cnsc1)c1ncon1	0.046342
rxn:2:66976:130552	CC(C)CCCC1CCC(Nc2ncon2)CC1	0.046309
rxn:2:113218:125321	Cc1cncnc1NC(C)c1ccnc(C(C)(C)F)c1	0.046292
rxn:2:97885:101777	CC(CCc1cnn(C)c1)N[C@H]1[C@@H]2CC[C@H]1COC2	0.046292
rxn:2:74325:101777	CC(CCc1cnn(C)c1)N[C@@H]1[C@@H]2CC[C@H]1COC2	0.046292
rxn:2:66976:72473	CC(Nc1ncon1)c1cccc(N2CCCCC2)c1	0.046283
rxn:2:142127:87143	CC(CCc1cnsc1)NC1(c2ncon2)CCC1	0.046279
rxn:2:90210:105732	CC(C)(F)c1cncc(NC2C[C@H]3CCC[C@H]3C2)c1	0.046276
rxn:2:136854:130954	Cn1cc(C(C)(C)CNC2CCC3(CC2)CSC3)cn1	0.046271
rxn:2:81263:66082	CSCc1cncc(NC2CC3CCC(C2)S3(=O)=O)c1	0.046264
rxn:2:136496:73133	Cc1ccc2c(c1)CCC2NCc1cnn(C)c(=O)c1	0.046248
rxn:2:136496:124762	Cc1ccc2c(c1)C(NCc1cnn(C)c(=O)c1)CC2	0.046248
rxn:2:68182:85589	CC(C)CN1CC[C@@H](NC2CC[C@@H]3[C@H]2C3(F)F)C1	0.046248
rxn:2:80954:87143	CC(CCc1cnsc1)Nc1ccc(N(C)C)nn1	0.046242
rxn:2:109243:87143	CC(CCc1cnsc1)NCC(C)c1ncon1	0.046241
rxn:2:131010:141943	CCC(NCCc1cnn2ccccc12)C1CSC1	0.046237
rxn:2:112602:141943	CCC(NCCc1cnc2ccccn12)C1CSC1	0.046237
rxn:2:67053:122702	CC[C@@H]1CCC(Nc2cccc(-c3cnn(C)n3)c2)C1	0.046233
rxn:2:76647:80762	Cc1ccc2c(c1)C(C)CCC2NCc1cnn(C)c1	0.046226
rxn:2:139089:94654	O=c1c2sccc2ncn1CCNC1CC2(CCO2)C1	0.046208
rxn:2:97885:74850	CC(CCc1cncnc1)N[C@H]1[C@@H]2CC[C@H]1COC2	0.046206
rxn:2:97885:101274	CC(CCc1ncccn1)N[C@H]1[C@@H]2CC[C@H]1COC2	0.046206
rxn:2:97885:114010	CC(CCc1ccncn1)N[C@H]1[C@@H]2CC[C@H]1COC2	0.046206
rxn:2:74325:74850	CC(CCc1cncnc1)N[C@@H]1[C@@H]2CC[C@H]1COC2	0.046206
rxn:2:74325:101274	CC(CCc1ncccn1)N[C@@H]1[C@@H]2CC[C@H]1COC2	0.046206
rxn:2:74325:114010	CC(CCc1ccncn1)N[C@@H]1[C@@H]2CC[C@H]1COC2	0.046206
rxn:2:96853:105732	CCOCc1cncc(NC2C[C@H]3CCC[C@H]3C2)c1	0.046203
rxn:2:140730:96396	c1cc(NC2CC(C3CCCC3)C2)c2sccc2n1	0.046179
rxn:2:97885:66938	CC(CCc1ccccc1)N[C@H]1[C@@H]2CC[C@H]1COC2	0.046178
rxn:2:74325:66938	CC(CCc1ccccc1)N[C@@H]1[C@@H]2CC[C@H]1COC2	0.046178
rxn:2:115942:138214	CC(C)c1cccc2c1CCC2NC(C)c1ncsn1	0.046166
rxn:2:81263:129332	CSCc1cncc(NC2C[C@@H]3CS(=O)(=O)C[C@@H]3C2)c1	0.046161
rxn:2:115725:93200	CCC(CNC(C)c1cc[nH]c(=O)c1)C1CSC1	0.046161
rxn:2:105315:126911	Cc1nc2cccnn2c1NC(CC(C)(C)C)C1CC1	0.046158
rxn:2:136496:99344	Cn1ncc(CNC2CC(C)(C)CC(C)(C)C2)cc1=O	0.046151
rxn:2:100556:126975	CCC(Nc1c(C)nn2ccccc12)C1CCSCC1	0.046149
rxn:2:92374:126975	CCC(Nc1cccc2nc(C)cn12)C1CCSCC1	0.046149
rxn:2:84173:126975	CCC(Nc1c(C)nc2ccccn12)C1CCSCC1	0.046149
rxn:2:140730:67549	c1cc(NC2CCOC3(CCOC3)C2)c2sccc2n1	0.046148
rxn:2:140730:85879	c1cc(NC2COC3(CCOCC3)C2)c2sccc2n1	0.046148
rxn:2:66976:84095	Cc1ccc(CC2CCC(Nc3ncon3)CC2)cc1	0.046144
rxn:2:66976:82743	CN1CCC(Nc2ncon2)C(Cc2ccccc2)C1	0.046141
rxn:2:81263:118508	CSCc1cncc(NC2CCC3CN(C)CC3C2)c1	0.046127
rxn:2:68374:70439	c1csc(N2CCC(NC3CC4OC(C3)C3CC43)C2)n1	0.046124
rxn:2:138772:90296	c1nnc(OC2COC2)cc1NC1CC(C2CC2)C1	0.046124
rxn:2:137916:94654	CC1CC(CNC2CC3(CCO3)C2)CC(C)(C)C1	0.046123
rxn:2:138906:105732	CSc1cc(C)c(NC2C[C@H]3CCC[C@H]3C2)cn1	0.046115
rxn:2:142085:105732	CSc1ncc(NC2C[C@H]3CCC[C@H]3C2)cc1C	0.046115
rxn:2:81263:113553	CSCc1cncc(NC2CC3C4CCC(O4)C3C2)c1	0.046113
rxn:2:82917:141943	CCC(NCCc1cn2ncccc2n1)C1CSC1	0.046111
rxn:2:90382:141943	CCC(NCCc1nnc2ccccn12)C1CSC1	0.046111
rxn:2:84577:131260	Cc1c(C(C)N[C@H]2CC[C@@H]2N(C)C)cnc2ccnn12	0.046107
rxn:2:116614:71557	O=c1c(NC2CCOC23CCC3)cccn1[C@H]1C[C@H]1F	0.046097
rxn:2:74325:83009	CC(N[C@@H]1[C@@H]2CC[C@H]1COC2)c1cc2ccccc2s1	0.046089
rxn:2:112668:135892	COc1ncc(C(C)NC23CC(c4nccs4)(C2)C3)s1	0.046084
rxn:2:132267:76082	Cc1cccc(C(C)NC(C)C2CC2(C)C)c1C	0.046074
rxn:2:93519:86045	COc1cc(C)c2c(c1)OCC2NC1C(F)CC2CC21	0.046063
rxn:2:93519:127878	COc1ccc2c(c1)OCCC2NC1C(F)CC2CC21	0.046063
rxn:2:93519:107137	COc1ccc2c(c1)C(NC1C(F)CC3CC31)CCO2	0.046063
rxn:2:112333:112865	CCC(NCc1nc(=O)[nH][nH]1)c1ccsc1	0.046053
rxn:2:67607:79782	CC1CCCC(Nc2ncsn2)c2ccccc21	0.046053
rxn:2:67607:83121	COc1cccc2c1CCC(Nc1ncsn1)CC2	0.046051
rxn:2:93519:127752	COc1ccc2c(c1)COCC2NC1C(F)CC2CC21	0.046047
rxn:2:93519:79546	COc1ccc2c(c1)C(NC1C(F)CC3CC31)COC2	0.046047
rxn:2:66976:77244	CC(C)CC1CC(C(C)C)CCC1Nc1ncon1	0.046047
rxn:2:66976:108099	COc1cc2c(c(OC)c1)CC(Nc1ncon1)CC2	0.046033
rxn:2:81263:119498	CSCc1cncc(NC2C[C@H]3CCC[C@@H](C2)N3C)c1	0.046019
rxn:2:81263:134122	CSCc1cncc(NC2CC3CCCC(C2)N3C)c1	0.046019
rxn:2:114106:96234	c1ncc(C2CC2)cc1NC1CCCOC12CCOC2	0.046004
rxn:2:105315:127110	CCC(Nc1c(C)nc2cccnn12)C1CCCCC1	0.045998
rxn:2:81263:82826	CSCc1cncc(NC2CCC3COCCC3C2)c1	0.045992
rxn:2:67607:126783	c1nc(NC2CCOc3c2ccc2c3CCCC2)ns1	0.045992
rxn:2:72820:92418	CCSc1ccc(NC2CCCc3snnc32)cn1	0.045978
rxn:2:117997:87143	CC(CCc1cnsc1)NCC1(C)CCCS1(=O)=O	0.045959
rxn:2:135146:112899	CCc1cnc(NC2CCc3c2ccc2c3CCC2)o1	0.045956
rxn:2:99134:139149	CCc1cncc(NC2COc3cc(C)c(C)cc32)c1	0.045943
rxn:2:97630:105732	CCCOc1cncc(NC2C[C@H]3CCC[C@H]3C2)c1	0.045923
rxn:2:74550:141943	CCc1cc2nc(C)cc(NC(CC)C3CSC3)n2n1	0.045914
rxn:2:114919:91066	CCC(F)(F)c1cncc(NC2COc3ccsc32)c1	0.045913
rxn:2:93186:70439	COc1nn(C(C)C)cc1NC1CC2OC(C1)C1CC21	0.045905
rxn:2:117583:122702	CC[C@@H]1CCC(NCc2ccoc2CS(C)(=O)=O)C1	0.045901
rxn:2:86080:105732	CC(C)Cc1cncc(NC2C[C@H]3CCC[C@H]3C2)c1	0.045896
rxn:2:75041:141943	CCC(Nc1cn2cc(C)nc2cc1OC)C1CSC1	0.045893
rxn:2:132864:141943	CCC(Nc1c(C)nc2ccc(OC)nn12)C1CSC1	0.045887
rxn:2:67607:121913	COc1ccc2c(c1)C(Nc1ncsn1)CCCC2	0.045885
rxn:2:67607:115620	COc1cccc2c1CCCCC2Nc1ncsn1	0.045885
rxn:2:67607:78367	COc1ccc2c(c1)CCCCC2Nc1ncsn1	0.045885
rxn:2:93519:79518	CCOc1ccc2c(c1)C(NC1C(F)CC3CC31)CO2	0.045885
rxn:2:93519:66591	CCOc1ccc2c(c1)OCC2NC1C(F)CC2CC21	0.045885
rxn:2:68599:141943	CCC(Nc1nn(-c2ccccc2)nc1C)C1CSC1	0.045883
rxn:2:115302:141943	CCC(Nc1ccnn1-c1cccc(C)n1)C1CSC1	0.045883
rxn:2:126452:141943	CCC(Nc1cc(C2CC2)nc2ccnn12)C1CSC1	0.045872
rxn:2:81153:94654	C1CCC(C(NC2CC3(CCO3)C2)C2CCC2)C1	0.045861
rxn:2:99134:71450	CCc1cncc(NC2CCC(C)c3ccsc32)c1	0.045860
rxn:2:135338:118945	CSc1cc(NC2COCc3ccccc32)cnn1	0.045859
rxn:2:93735:87143	CC(CCc1cnsc1)NCCC1CCOCC1	0.045858
rxn:2:96303:114780	CC(C)(C)C(NC1CC2(CCCCO2)C1)c1nccs1	0.045857
rxn:2:107041:109246	CCc1ccc(C(C)NC(CC)C2(F)CC2)[nH]1	0.045857
rxn:2:114106:102961	Cc1ccc2c(c1)C(Nc1cncc(C3CC3)c1)CO2	0.045842
rxn:2:114106:115889	Cc1cccc2c1C(Nc1cncc(C3CC3)c1)CO2	0.045842
rxn:2:114106:128223	Cc1ccc2c(c1)OCC2Nc1cncc(C2CC2)c1	0.045842
rxn:2:66976:127781	Cc1ccc(OCC2CC(Nc3ncon3)C2)nn1	0.045836
rxn:2:66976:106343	O=S(=O)(C1CCCC1)C1CCC(Nc2ncon2)CC1	0.045830
rxn:2:70385:141943	CCC(NC1CC(C)CN(C2CC2)C1)C1CSC1	0.045829
rxn:2:66976:69690	CN(CC1CCC(Nc2ncon2)CC1)c1cccs1	0.045828
rxn:2:67607:70074	CCCC(Cn1nc(C)ccc1=O)Nc1ncsn1	0.045827
rxn:2:107601:141943	CCC(NCc1c(C)nc2cccc(C)n12)C1CSC1	0.045822
rxn:2:107557:141943	CCC(NCc1c(C)nc2ccc(C)cn12)C1CSC1	0.045822
rxn:2:88634:141943	CCC(NCc1c(C)nc2cc(C)ccn12)C1CSC1	0.045822
rxn:2:99079:141943	CCC(NCc1c(C)nc2c(C)cccn12)C1CSC1	0.045822
rxn:2:138189:141943	CCC(NCc1ccn2c(C)c(C)nc2c1)C1CSC1	0.045822
rxn:2:89688:141943	CCC(NCc1cccn2c(C)c(C)nc12)C1CSC1	0.045822
rxn:2:75010:122702	CC[C@@H]1CCC(NC(C)c2cccc3cnn(C)c23)C1	0.045814
rxn:2:123930:137914	CCC(C)(NC1CC(CCSC)C1)c1ncon1	0.045811
rxn:2:123138:137914	CSCCC1CC(NC(c2ncon2)C(C)C)C1	0.045809
rxn:2:67607:94467	CC(C)OCCC(Nc1ncsn1)C1CCCC1	0.045809
rxn:2:87863:141943	CCC(Nc1cc(C(C)C)nc2ccnn12)C1CSC1	0.045806
rxn:2:124346:141943	CCC(Nc1nc2cccc(C(C)C)n2n1)C1CSC1	0.045806
rxn:2:66976:78875	CC(C)(C)OC1CC(Nc2ncon2)C12CCOCC2	0.045797
rxn:2:100202:96265	CCC(CC)C(NC1CC(SC)C1)c1ncon1	0.045792
rxn:2:114845:78603	CCc1nnsc1CNC1CC(c2ccccc2)C1C	0.045790
rxn:2:140730:102401	c1cc(NC2CCOC3(CCSC3)C2)c2sccc2n1	0.045789
rxn:2:76776:65992	Cc1nc(CCC(C)NC2CC2C2CCOC2)cs1	0.045781
rxn:2:76776:131094	Cc1ncsc1CCC(C)NC1CC1C1CCOC1	0.045781
rxn:2:126115:87143	CC(CCc1cnsc1)N[C@@H]1C[C@@H]1C1CCOCC1	0.045780
rxn:2:134515:87143	CC(CCc1cnsc1)NC1CC1C1CCOCC1	0.045780
rxn:2:141349:87143	CC(CCc1cnsc1)N[C@@H]1C[C@H]1C1CCOCC1	0.045780
rxn:2:110084:87143	CC(CCc1cnsc1)NC1CC1C1CCCOC1	0.045780
rxn:2:73730:87143	CC(CCc1cnsc1)NCC1CC2COCC2C1	0.045778
rxn:2:105257:141943	CCC(NC(C)(C)c1cnn2ccccc12)C1CSC1	0.045777
rxn:2:83960:141943	CCC(N[C@]1(C)C[C@H](c2ccccc2)C1)C1CSC1	0.045772
rxn:2:112668:97828	CCc1cnc(C(C)NC23CC(c4nccs4)(C2)C3)s1	0.045765
rxn:2:97885:121833	C1CC(N[C@H]2[C@@H]3CC[C@H]2COC3)CN(C2CC2)C1	0.045762
rxn:2:112040:72771	CC(C)CC1CC(Nc2nc(-c3cnccn3)ns2)C1	0.045759
rxn:2:67607:98744	CCCC1(CN(C)C)CCC(Nc2ncsn2)CC1	0.045758
rxn:2:66976:141542	CCCC1CCC2(CC1)CC(Nc1ncon1)CCO2	0.045753
rxn:2:66976:124667	CCC1CN(CCOC)CCC1Nc1ncon1	0.045748
rxn:2:100588:91939	CN1CCC(NCC2CCc3[nH]cnc3C2)C1(C)C	0.045747
rxn:2:73687:91066	COc1cc(NC2COc3ccsc32)cc(C2CC2)c1	0.045737
rxn:2:90440:79616	Cc1nsc2cc(NC3C[C@@H](C)S[C@@H](C)C3)ccc12	0.045734
rxn:2:76776:80152	CCc1ccc2c(c1)C(NC1CC1C1CCOC1)CO2	0.045734
rxn:2:114737:90296	c1ccc(-c2cc(NC3CC(C4CC4)C3)cnn2)cc1	0.045732
rxn:2:81263:119527	CSCc1cncc(NC(C)c2ccc(=O)n(C)n2)c1	0.045730
rxn:2:113265:137914	CCn1nccc1C(C)NC1CC(CCSC)C1	0.045729
rxn:2:67607:113353	CC(C)Cc1ccc2c(c1)C(Nc1ncsn1)CCC2	0.045715
rxn:2:67607:136429	CC(C)Cc1ccc2c(c1)CCCC2Nc1ncsn1	0.045715
rxn:2:136496:128223	Cc1ccc2c(c1)OCC2NCc1cnn(C)c(=O)c1	0.045713
rxn:2:136496:102961	Cc1ccc2c(c1)C(NCc1cnn(C)c(=O)c1)CO2	0.045713
rxn:2:110866:137914	CSCCC1CC(NC2(c3ncon3)CCCC2)C1	0.045711
rxn:2:126608:137914	CSCCC1CC(NC(c2ncon2)C2CC2)C1	0.045710
rxn:2:135338:131030	CO[C@H]1CC(Nc2cnnc(SC)c2)C[C@H]1OC	0.045705
rxn:2:67607:119938	CC(C)(C)c1cccc2c1OCCC2Nc1ncsn1	0.045693
rxn:2:71232:109246	CCC(Nc1nc(C(C)(F)F)cc(=O)[nH]1)C1(F)CC1	0.045683
rxn:2:118901:93200	CC(NCCN(C)C1CC1)c1cc[nH]c(=O)c1	0.045679
rxn:2:122740:137914	COc1cnn(C)c1CNC1CC(CCSC)C1	0.045673
rxn:2:72032:141943	CCC(NCc1cc(=O)n2ccccc2n1)C1CSC1	0.045669
rxn:2:91808:91066	CC(C)Cc1cncc(CNC2COc3ccsc32)c1	0.045655
rxn:2:138772:105732	c1nnc(OC2COC2)cc1NC1C[C@H]2CCC[C@H]2C1	0.045650
rxn:2:140730:106386	CC(Nc1ccnc2ccsc12)c1cncs1	0.045650
rxn:2:68182:112157	COc1ccc(C(C)N[C@@H]2CCN(CC(C)C)C2)s1	0.045647
rxn:2:121310:117197	c1cc(CN2CC(NC3CCC4CCCC4C3)C2)cs1	0.045647
rxn:2:92943:71823	CCOc1cc(NC(C)c2nc3c(s2)CCCC3)no1	0.045633
rxn:2:86270:130954	c1ccc2c(NC3CCC4(CC3)CSC4)ncnc2c1	0.045618
rxn:2:66976:112102	CC(CCc1ncc(C(C)C)[nH]1)Nc1ncon1	0.045615
rxn:2:81263:96396	CSCc1cncc(NC2CC(C3CCCC3)C2)c1	0.045600
rxn:2:81263:138205	CSCc1cncc(NC2CCCC(C3CC3)C2)c1	0.045600
rxn:2:81263:139679	CSCc1cncc(NC2CCC(C3CC3)CC2)c1	0.045600
rxn:2:81263:101617	CSCc1cncc(NC2CCC2C2CCCC2)c1	0.045600
rxn:2:80636:141943	CCc1cc2ccc(NC(CC)C3CSC3)cc2o1	0.045598
rxn:2:81307:115775	CC(CCCC1CC1)N[C@@H](C)c1ccccn1	0.045591
rxn:2:86966:115775	CC(CCCC1CC1)NC(C)c1ccccn1	0.045591
rxn:2:98849:115775	CC(CCCC1CC1)N[C@H](C)c1ccccn1	0.045591
rxn:2:97885:69917	c1n[nH]c2c1C(N[C@H]1[C@@H]3CC[C@H]1COC3)COC2	0.045586
rxn:2:80863:87143	CC(CCc1cnsc1)Nc1cccc2c1CN(C)C2	0.045585
rxn:2:135338:123008	CSc1cc(NC(C)c2cc(C)cc(C)n2)cnn1	0.045585
rxn:2:66976:70735	COc1cc(C)cc(CCC(C)Nc2ncon2)c1	0.045580
rxn:2:66976:113196	COc1ccc(CCC(C)Nc2ncon2)cc1C	0.045580
rxn:2:82798:87143	CC(CCc1cnsc1)N[C@@H]1C[C@H]1C1CC(F)(F)C1	0.045561
rxn:2:116422:87143	CC(CCc1cnsc1)NC1CC1C1CC(F)(F)C1	0.045561
rxn:2:88141:141943	CCC(Nc1ccc(-c2noc(C)n2)cc1)C1CSC1	0.045556
rxn:2:66976:104252	CCC(Nc1ncon1)C(C)c1ccc(OC)cc1	0.045553
rxn:2:96303:141382	CC1(C)COCC(NC2CC3(CCCCO3)C2)C1	0.045552
rxn:2:138600:80191	CCC1(NC2CCc3c(C)cccc32)CC(F)(F)C1	0.045546
rxn:2:66900:140522	CCCC1CCC(Nc2ccc3c(c2)N=NC3)C1	0.045536
rxn:2:128138:141943	CCC(NCC(OC)c1cnn(C)c1)C1CSC1	0.045535
rxn:2:126850:91066	c1cc2c(s1)C(Nc1ccc(C3CCCC3)cn1)CO2	0.045535
rxn:2:102258:135742	c1ncn(C2CC(NCC3CCCN3C3CC3)C2)n1	0.045520
rxn:2:129548:84081	CCc1n[nH]c2sc(CNC3CC(C)N(C)C3)c(C)c12	0.045519
rxn:2:66976:127851	CC(CCc1ccc(N(C)C)cc1)Nc1ncon1	0.045514
rxn:2:81557:141943	CCC(NCCc1nnc2cccnn12)C1CSC1	0.045511
rxn:2:113412:91066	CCc1cnc(NC2COc3ccsc32)c(SC)c1	0.045504
rxn:2:67607:117648	CC(CCN(C)CC1CCCO1)Nc1ncsn1	0.045504
rxn:2:108969:107408	CC(N[C@H]1CCN(C)[C@H]1C)c1ccc(-c2ccsc2)s1	0.045479
rxn:2:114056:72771	CCO[C@@H]1COC[C@H]1NC1CC(CC(C)C)C1	0.045478
rxn:2:135202:70439	c1nnc(N2CCC(NC3CC4OC(C3)C3CC43)C2)s1	0.045455
rxn:2:66976:130579	CCC(Nc1ncon1)c1cc(OC)cc(OC)c1	0.045454
rxn:2:67607:116678	c1nc(NC2CCCc3cc4c(cc32)CCCC4)ns1	0.045443
rxn:2:135338:92306	CSc1cc(NC2C[C@@H]3CC(F)(F)C[C@@H]3C2)cnn1	0.045442
rxn:2:135338:131230	CSc1cc(NC2CC3CC(F)(F)CC3C2)cnn1	0.045442
rxn:2:67607:136497	CCCOc1ccc2c(c1)C(Nc1ncsn1)CCC2	0.045438
rxn:2:67607:68676	CCCOc1cccc2c1CCCC2Nc1ncsn1	0.045438
rxn:2:67607:91246	CCCOc1ccc2c(c1)CCCC2Nc1ncsn1	0.045438
rxn:2:98489:105732	CSCc1ccc(CNC2C[C@H]3CCC[C@H]3C2)cc1	0.045438
rxn:2:92490:105732	CSCc1cccc(CNC2C[C@H]3CCC[C@H]3C2)c1	0.045438
rxn:2:84577:135540	CN1C[C@@H]2CCCC(N[C@H]3CC[C@@H]3N(C)C)[C@@H]2C1	0.045435
rxn:2:80960:141943	CCC(Nc1cn(-c2ccccc2)nc1C)C1CSC1	0.045419
rxn:2:111565:141943	CCC(Nc1cc(C)nn1-c1ccccc1)C1CSC1	0.045419
rxn:2:113385:141943	CCC(Nc1ccc(-n2cccc2)nc1C)C1CSC1	0.045419
rxn:2:111881:141943	CCC(Nc1ccnn1-c1cccc(C)c1)C1CSC1	0.045419
rxn:2:108648:141943	CCC(Nc1nc(C)cn1-c1ccccc1)C1CSC1	0.045419
rxn:2:108417:141943	CCC(Nc1cnn(-c2cccc(C)c2)c1)C1CSC1	0.045419
rxn:2:82126:138090	CCC(Nc1cncc(C(C)(F)F)c1)c1ncccn1	0.045419
rxn:2:117134:115775	Cc1cccc2nnc(NC(C)CCCC3CC3)n12	0.045418
rxn:2:138641:141943	CCC(Nc1nc(C2CC2)n2ccccc12)C1CSC1	0.045377
rxn:2:135338:82826	CSc1cc(NC2CCC3COCCC3C2)cnn1	0.045376
rxn:2:99134:131945	CCc1cncc(NC2CC(C)(C)Oc3ccsc32)c1	0.045374
rxn:2:70548:91021	CCCCC(Nc1cc(C)ncn1)c1cnccn1	0.045349
rxn:2:84577:105881	Cc1c(C(C)N[C@H]2CC[C@@H]2N(C)C)cnc2ncnn12	0.045345
rxn:2:114106:113097	CC1(C)OC2(CCCC2)C1Nc1cncc(C2CC2)c1	0.045344
rxn:2:74037:103571	Cc1n[nH]c(C(C)NC(C)c2cc3c(s2)CCCC3)n1	0.045316
rxn:2:92794:103571	Cc1n[nH]c([C@@H](C)NC(C)c2cc3c(s2)CCCC3)n1	0.045316
rxn:2:99352:103571	Cc1n[nH]c([C@H](C)NC(C)c2cc3c(s2)CCCC3)n1	0.045316
rxn:2:135338:119498	CSc1cc(NC2C[C@H]3CCC[C@@H](C2)N3C)cnn1	0.045307
rxn:2:135338:134122	CSc1cc(NC2CC3CCCC(C2)N3C)cnn1	0.045307
rxn:2:137418:122702	CC[C@@H]1CCC(Nc2cnn(Cc3ccncc3)c2)C1	0.045300
rxn:2:91434:122702	CC[C@@H]1CCC(NC(c2ccccc2)c2ncon2)C1	0.045297
rxn:2:67607:103965	C=C=Cc1cccc2c1CCCC2Nc1ncsn1	0.045295
rxn:2:67607:116010	C=C=Cc1ccc2c(c1)C(Nc1ncsn1)CCC2	0.045295
rxn:2:135338:85938	CSc1cc(NC2CC(C)S(=O)(=O)C(C)C2)cnn1	0.045294
rxn:2:135338:90476	CSc1cc(NC2C[C@@H](C)S(=O)(=O)[C@@H](C)C2)cnn1	0.045294
rxn:2:86046:141943	CCC(Nc1nn(C(C)C2CC2)cc1C)C1CSC1	0.045291
rxn:2:135338:113553	CSc1cc(NC2CC3C4CCC(O4)C3C2)cnn1	0.045287
rxn:2:66976:108457	CC(CCc1ccc(C(C)C)cc1)Nc1ncon1	0.045281
rxn:2:126993:91021	CCCCC(NC1CC(F)(F)C1C)c1cnccn1	0.045281
rxn:2:135338:71623	CSc1cc(NC2CC3CCCC(C2)C3F)cnn1	0.045273
rxn:2:141811:137914	CSCCC1CC(Nc2nonc2-c2ncon2)C1	0.045271
rxn:2:77500:122702	CC[C@@H]1CCC(NCc2ccc(-c3ncon3)cc2)C1	0.045256
rxn:2:67607:72545	COc1ccc(C(Nc2ncsn2)C(C)C)c(C)c1C	0.045254
rxn:2:136628:87143	CC(CCc1cnsc1)NC1CCC2COCCC2C1	0.045243
rxn:2:138600:103801	CCC1(NC2CCc3c(OC)cccc32)CC(F)(F)C1	0.045240
rxn:2:135338:118508	CSc1cc(NC2CCC3CN(C)CC3C2)cnn1	0.045240
rxn:2:135338:67459	CSc1cc(NC2CC3CC(C2)CN(C)C3)cnn1	0.045240
rxn:2:67607:82361	CCc1ccc2c(c1)C(Nc1ncsn1)CCCC2	0.045239
rxn:2:67607:95933	CCc1ccc2c(c1)CCCCC2Nc1ncsn1	0.045239
rxn:2:140730:86661	CC1CC2(C1)CC(Nc1ccnc3ccsc13)CCO2	0.045236
rxn:2:93447:96265	CSC1CC(NC2(c3ncon3)CCCCCC2)C1	0.045234
rxn:2:140730:134920	c1cc(NC2CCC3(CCOCC3)C2)c2sccc2n1	0.045233
rxn:2:112040:87728	CN(C)CC1CC(Nc2nc(-c3cnccn3)ns2)C1	0.045231
rxn:2:129128:138146	CCC(Cc1cccnc1)Nc1cc(=O)[nH]c(C)n1	0.045213
rxn:2:132862:76082	COc1cc(NC(C)c2cccc(C)c2C)cnc1C	0.045212
rxn:2:140510:76082	COc1cc(C)ncc1NC(C)c1cccc(C)c1C	0.045212
rxn:2:140790:76082	COc1cnc(C)cc1NC(C)c1cccc(C)c1C	0.045212
rxn:2:135338:68823	COC1CC2CC(Nc3cnnc(SC)c3)CC2C1	0.045200
rxn:2:135338:118665	CO[C@@H]1C[C@H]2CC(Nc3cnnc(SC)c3)C[C@H]2C1	0.045200
rxn:2:135338:137344	CO[C@H]1C[C@H]2CC(Nc3cnnc(SC)c3)C[C@H]2C1	0.045200
rxn:2:135338:105898	CSc1cc(NC2CC(C3CCOCC3)C2)cnn1	0.045200
rxn:2:135338:126228	CSc1cc(NC2CCC(C3COC3)CC2)cnn1	0.045200
rxn:2:80740:70439	CC1(C)COCCC1NC1CC2OC(C1)C1CC21	0.045198
rxn:2:82132:91021	CCCCC(Nc1cc(C)ccn1)c1cnccn1	0.045196
rxn:2:82635:91021	CCCCC(Nc1ccc(C)cn1)c1cnccn1	0.045196
rxn:2:93519:81430	CSc1ccc2c(c1)OCC2NC1C(F)CC2CC21	0.045196
rxn:2:97474:94654	Cc1cc2nccc(NC3CC4(CCO4)C3)c2cc1C	0.045177
rxn:2:109624:94654	Cc1cc(C)c2c(NC3CC4(CCO4)C3)ccnc2c1	0.045177
rxn:2:67494:94654	O=c1ccc2nccc(NC3CC4(CCO4)C3)c2[nH]1	0.045170
rxn:2:121310:138254	Cc1cccc(C(C)NC2CN(Cc3ccsc3)C2)c1	0.045168
rxn:2:103426:87143	CC(CCc1cnsc1)NC1CN(C2CCOC2)C1	0.045151
rxn:2:138359:87143	CC(CCc1cnsc1)NC1CN([C@H]2CCOC2)C1	0.045151
rxn:2:99896:91066	c1cc2c(s1)C(Nc1cc3c(cn1)C1CCC3C1)CO2	0.045146
rxn:2:101672:96265	CSC1CC(NCc2nc(C(C)C)n3c2CCCC3)C1	0.045145
rxn:2:68811:122702	CC[C@@H]1CCC(NCc2cnc(OC)cc2OC)C1	0.045143
rxn:2:135338:118256	CSc1cc(NC2C[C@H]3C[C@@H]2C2CCCC23)cnn1	0.045138
rxn:2:135338:138688	CSc1cc(NC2CC3CC2C2CCCC32)cnn1	0.045138
rxn:2:107734:90296	FC1(F)C2CCC1CC(NC1CC(C3CC3)C1)C2	0.045131
rxn:2:130161:96265	CSC1CC(Nc2ncc(-c3ccccc3)cc2C)C1	0.045125
rxn:2:66976:101933	CC(CCc1ccc2c(c1)OCCO2)Nc1ncon1	0.045119
rxn:2:81263:92306	CSCc1cncc(NC2C[C@@H]3CC(F)(F)C[C@@H]3C2)c1	0.045117
rxn:2:81263:131230	CSCc1cncc(NC2CC3CC(F)(F)CC3C2)c1	0.045117
rxn:2:91084:72771	CC(C)CC1CC(Nc2nccnc2-c2ncon2)C1	0.045112
rxn:2:91084:140522	CCCC1CCC(Nc2nccnc2-c2ncon2)C1	0.045110
rxn:2:135338:66082	CSc1cc(NC2CC3CCC(C2)S3(=O)=O)cnn1	0.045099
rxn:2:117118:140522	CCCC1CCC(N[C@H]2C[C@@H](Cn3cncn3)C2)C1	0.045089
rxn:2:84577:105334	CC[C@@H](F)C(N[C@H]1CC[C@@H]1N(C)C)c1ccccn1	0.045081
rxn:2:136151:141943	CCC(Nc1c(C(C)C)nc2ccccn12)C1CSC1	0.045074
rxn:2:86774:141943	CCC(Nc1cccc2c(C)nc(C)cc12)C1CSC1	0.045057
rxn:2:66301:92418	c1ccc(N2CC[C@H](NC3CCCc4snnc43)C2)cc1	0.045055
rxn:2:83213:92418	c1ccc(N2CCC(NC3CCCc4snnc43)C2)cc1	0.045055
rxn:2:93514:92418	c1ccc(N2CC[C@@H](NC3CCCc4snnc43)C2)cc1	0.045055
rxn:2:72207:83447	c1nc(N2CCC(NC3C[C@@H]4C[C@@H]4C3)C2)c2sccc2n1	0.045046
rxn:2:72207:94855	c1nc(N2CCC(NC3CC4CC4C3)C2)c2sccc2n1	0.045046
rxn:2:141811:105764	CCCCC1CC(Nc2nonc2-c2ncon2)C1	0.045037
rxn:2:135338:107673	CSc1cc(NC2C[C@@H]3CC4(CC4)C[C@@H]3C2)cnn1	0.045036
rxn:2:135338:128472	CSc1cc(NC2CC3CC4(CC4)CC3C2)cnn1	0.045036
rxn:2:67607:76576	Cc1ccc2c(c1)C(C(C)C)CCC2Nc1ncsn1	0.045035
rxn:2:68182:142133	CCn1cnc(C(C)N[C@@H]2CCN(CC(C)C)C2)c1	0.045028
rxn:2:136496:119677	Cc1ccc2c(c1)SCCC2NCc1cnn(C)c(=O)c1	0.045027
rxn:2:136496:121961	Cc1ccc2c(c1)C(NCc1cnn(C)c(=O)c1)CCS2	0.045027
rxn:2:110478:80762	Cc1ccc2c(c1)C(C)CCC2NC(C)c1nnn[nH]1	0.045026
rxn:2:99134:80485	CCCC(Nc1cncc(CC)c1)C1CC1(C)C	0.045025
rxn:2:80339:91939	CN1C[C@H](NC2CCN(C)C2(C)C)CC(F)(F)C1	0.045021
rxn:2:106765:132476	Cc1cc(C(C)Nc2c(C3CC3)c(C)nn2C)sc1C	0.045021
rxn:2:96303:95409	c1n[nH]c2c1CC(NC1CC3(CCCCO3)C1)CC2	0.045019
rxn:2:96303:97356	c1n[nH]c2c1CCC(NC1CC3(CCCCO3)C1)C2	0.045019
rxn:2:96303:119081	c1cc2c(cn1)C(NC1CC3(CCCCO3)C1)CCO2	0.044999
rxn:2:93079:121754	Cc1n[nH]c(CNC2CCOc3c2ccc(C)c3C)n1	0.044998
rxn:2:91846:141943	CCC(Nc1nc(SC)nc2ccnn12)C1CSC1	0.044996
rxn:2:92698:141943	CCC(Nc1nc(SC)n2nccc2n1)C1CSC1	0.044996
rxn:2:66976:74665	CC(CCc1ccc(C(C)(C)C)cc1)Nc1ncon1	0.044994
rxn:2:68182:92890	CCc1ccc(C(C)N[C@@H]2CCN(CC(C)C)C2)s1	0.044984
rxn:2:81263:68823	COC1CC2CC(Nc3cncc(CSC)c3)CC2C1	0.044978
rxn:2:81263:118665	CO[C@@H]1C[C@H]2CC(Nc3cncc(CSC)c3)C[C@H]2C1	0.044978
rxn:2:81263:137344	CO[C@H]1C[C@H]2CC(Nc3cncc(CSC)c3)C[C@H]2C1	0.044978
rxn:2:81263:105898	CSCc1cncc(NC2CC(C3CCOCC3)C2)c1	0.044977
rxn:2:114106:101671	Cc1nc2c([nH]1)CCC(Nc1cncc(C3CC3)c1)C2	0.044976
rxn:2:100556:126911	Cc1nn2ccccc2c1NC(CC(C)(C)C)C1CC1	0.044975
rxn:2:92374:126911	Cc1cn2c(NC(CC(C)(C)C)C3CC3)cccc2n1	0.044975
rxn:2:84173:126911	Cc1nc2ccccn2c1NC(CC(C)(C)C)C1CC1	0.044975
rxn:2:87497:91066	c1cc2c(s1)C(Nc1ncc(C3CCOCC3)cn1)CO2	0.044973
rxn:2:87675:90296	CC(C)COc1cc(NC2CC(C3CC3)C2)cnn1	0.044969
rxn:2:81263:118256	CSCc1cncc(NC2C[C@H]3C[C@@H]2C2CCCC23)c1	0.044967
rxn:2:81263:138688	CSCc1cncc(NC2CC3CC2C2CCCC32)c1	0.044967
rxn:2:110866:105764	CCCCC1CC(NC2(c3ncon3)CCCC2)C1	0.044964
rxn:2:93519:99415	FC1CC2CC2C1NC1COc2cc3c(cc21)OCO3	0.044960
rxn:2:140730:73215	CC12CCC(C)(CC(Nc3ccnc4ccsc34)C1)O2	0.044952
rxn:2:140730:69267	c1cc(NC2CCOC3(CCCC3)C2)c2sccc2n1	0.044949
rxn:2:140730:96639	c1cc(NC2CCC3(CCCO3)CC2)c2sccc2n1	0.044949
rxn:2:84577:75221	Cc1cc2[nH]cc(C(C)N[C@H]3CC[C@@H]3N(C)C)c2cn1	0.044948
rxn:2:129069:91066	c1cc2c(s1)C(Nc1cncc(N3CCOCC3)c1)CO2	0.044947
rxn:2:115357:134526	Cc1nc(NC(C)c2cc3c([nH]c2=O)CCC3)cn1C	0.044945
rxn:2:121762:134526	Cc1ncc(NC(C)c2cc3c([nH]c2=O)CCC3)n1C	0.044945
rxn:2:112245:118998	Cc1cc(C)c2c(c1)C(N[C@@]1(C)[C@@H]3COC[C@@H]31)CCO2	0.044926
rxn:2:96303:139115	c1cc2c(cn1)CCC(NC1CC3(CCCCO3)C1)C2	0.044921
rxn:2:74325:74528	Cc1nn(C)c2c1C(N[C@@H]1[C@@H]3CC[C@H]1COC3)CCC2	0.044919
rxn:2:78665:94554	COc1ccc(C2CC(NCC3CC3OC)C2)cc1	0.044919
rxn:2:156680:141943	CCC(Nc1c(C)nc2ccc(C)cn2c1=O)C1CSC1	0.044915
rxn:2:150853:141943	CCC(Nc1c(C)nc2c(C)cccn2c1=O)C1CSC1	0.044915
rxn:2:153108:141943	CCC(Nc1c(C)nc2cc(C)ccn2c1=O)C1CSC1	0.044915
rxn:2:140730:92796	COC1CC2(CC(Nc3ccnc4ccsc34)CCO2)C1	0.044913
rxn:2:107660:103571	Cc1nc(CNC(C)c2cc3c(s2)CCCC3)[nH]c1C	0.044906
rxn:2:83790:103571	Cc1n[nH]c(CNC(C)c2cc3c(s2)CCCC3)c1C	0.044906
rxn:2:106952:103571	Cc1n[nH]c(C)c1CNC(C)c1cc2c(s1)CCCC2	0.044906
rxn:2:93079:113405	Cc1n[nH]c(CNC(C)c2ccc3c(c2)CCCC3)n1	0.044896
rxn:2:93079:130817	Cc1n[nH]c(CNC(C)c2cccc3c2CCCC3)n1	0.044896
rxn:2:66034:90296	c1nnc(OCC2CC2)cc1NC1CC(C2CC2)C1	0.044896
rxn:2:112795:118090	Cc1csc(NC2CC(C3(C)CCC3)n3nccc32)c1	0.044888
rxn:2:75177:91939	CC(C)c1cc2nccc(NC3CCN(C)C3(C)C)n2n1	0.044886
rxn:2:123930:105764	CCCCC1CC(NC(C)(CC)c2ncon2)C1	0.044881
rxn:2:76776:102542	CC(CCc1ccncc1)NC1CC1C1CCOC1	0.044878
rxn:2:76776:133700	CC(CCc1cccnc1)NC1CC1C1CCOC1	0.044878
rxn:2:76776:76485	CC(CCc1ccccn1)NC1CC1C1CCOC1	0.044878
rxn:2:96453:96265	CSC1CC(NCC2CN(C)CC2c2ccccc2)C1	0.044877
rxn:2:76302:140522	CCCC1CCC(NC2(c3ncon3)CCOCC2)C1	0.044875
rxn:2:141525:78148	CCC1CCC(CC(C)NCC2CC2)CC1	0.044871
rxn:2:81263:71623	CSCc1cncc(NC2CC3CCCC(C2)C3F)c1	0.044861
rxn:2:74325:106051	CC(N[C@@H]1[C@@H]2CC[C@H]1COC2)c1nccc2[nH]ncc12	0.044859
rxn:2:74325:97171	CC(N[C@@H]1[C@@H]2CC[C@H]1COC2)c1ccc2[nH]ncc2n1	0.044859
rxn:2:85386:91066	CN1CCCC1c1cncc(NC2COc3ccsc32)c1	0.044853
rxn:2:123138:105764	CCCCC1CC(NC(c2ncon2)C(C)C)C1	0.044850
rxn:2:94763:72771	CCCC(NC1CC(CC(C)C)C1)c1ncon1	0.044850
rxn:2:76302:72771	CC(C)CC1CC(NC2(c3ncon3)CCOCC2)C1	0.044849
rxn:2:160725:141943	CCC(Nc1cc2cccc3c2n(c1=O)CC3)C1CSC1	0.044849
rxn:2:136800:141943	CCC(Nc1c2c(nc3ccnn13)CCCC2)C1CSC1	0.044848
rxn:2:67607:107573	CCC(C)c1ccc2c(c1)C(Nc1ncsn1)CCC2	0.044834
rxn:2:97564:92418	c1ccc(N2CCC(NC3CCCc4snnc43)C2)nc1	0.044833
rxn:2:103200:92418	c1ccc(N2CC[C@H](NC3CCCc4snnc43)C2)nc1	0.044833
rxn:2:117774:92418	c1ccc(N2CC[C@@H](NC3CCCc4snnc43)C2)nc1	0.044833
rxn:2:126189:92418	c1cncc(N2CCC(NC3CCCc4snnc43)C2)c1	0.044833
rxn:2:75518:92418	c1cc(N2CCC(NC3CCCc4snnc43)C2)ccn1	0.044833
rxn:2:107667:80762	COC[C@H]1CC[C@H]1NC1CCC(C)c2cc(C)ccc21	0.044832
rxn:2:107954:83447	CCCCN1CCC(CNC2C[C@@H]3C[C@@H]3C2)C1	0.044828
rxn:2:69953:105732	CC(C)(C)c1cncc(NC2C[C@H]3CCC[C@H]3C2)c1	0.044827
rxn:2:136496:75587	CC1CCC(NCc2cnn(C)c(=O)c2)c2ccccc21	0.044820
rxn:2:136496:87302	C[C@H]1CCC(NCc2cnn(C)c(=O)c2)c2ccccc21	0.044820
rxn:2:135338:129332	CSc1cc(NC2C[C@@H]3CS(=O)(=O)C[C@@H]3C2)cnn1	0.044813
rxn:2:72049:91066	c1cc2c(s1)C(Nc1cncc(OC3CCOC3)c1)CO2	0.044812
rxn:2:95339:91066	c1cncc(CN2CC[C@@H](NC3COc4ccsc43)C2)c1	0.044811
rxn:2:102258:71185	Cc1cc2c(cc1C)C(NC1CC(n3cncn3)C1)CC2	0.044811
rxn:2:97885:80534	Cc1cccc(CCC(C)N[C@H]2[C@@H]3CC[C@H]2COC3)n1	0.044810
rxn:2:74325:80534	Cc1cccc(CCC(C)N[C@@H]2[C@@H]3CC[C@H]2COC3)n1	0.044810
rxn:2:67607:92210	COc1cccc(N2CCC(Nc3ncsn3)CC2)c1C	0.044806
rxn:2:126608:105764	CCCCC1CC(NC(c2ncon2)C2CC2)C1	0.044805
rxn:2:93079:128174	CCc1cccc2c1OCCC2NCc1nc(C)n[nH]1	0.044805
rxn:2:74865:91066	c1cc2c(s1)C(Nc1cncc(C3CCOCC3)c1)CO2	0.044802
rxn:2:111596:91066	c1cc2c(s1)C(Nc1ccc(C3CCOCC3)cn1)CO2	0.044802
rxn:2:66070:91939	Cc1nn(-c2ccncc2)cc1NC1CCN(C)C1(C)C	0.044800
rxn:2:136496:66804	Cc1ccc2c(c1)C(C)CC2NCc1cnn(C)c(=O)c1	0.044800
rxn:2:136496:122164	Cc1ccc2c(c1)C(NCc1cnn(C)c(=O)c1)CC2C	0.044800
rxn:2:112333:67418	O=c1nc(CNC2CCC[C@H]3C[C@@H]23)[nH][nH]1	0.044790
rxn:2:90103:105764	CCCCC1CC(NC2CC2OC2CC2)C1	0.044771
rxn:2:94763:140522	CCCC1CCC(NC(CCC)c2ncon2)C1	0.044770
rxn:2:97885:136794	Cc1c(CCC(C)N[C@H]2[C@@H]3CC[C@H]2COC3)cnn1C	0.044762
rxn:2:74325:136794	Cc1c(CCC(C)N[C@@H]2[C@@H]3CC[C@H]2COC3)cnn1C	0.044762
rxn:2:159259:141943	CCC(Nc1c(C)c2ccccc2n(C)c1=O)C1CSC1	0.044745
rxn:2:67607:85094	COC1COc2c(C(C)C)cccc2C1Nc1ncsn1	0.044744
rxn:2:139592:71180	CCN1CCc2nc(NC(C)c3ccc(C)cn3)sc2C1	0.044743
rxn:2:136496:92158	Cc1ccc2c(c1)CCCC2NCc1cnn(C)c(=O)c1	0.044743
rxn:2:136496:98629	Cc1ccc2c(c1)C(NCc1cnn(C)c(=O)c1)CCC2	0.044743
rxn:2:67607:121548	c1nc(NC2CCCc3ccc(N4CCCC4)cc32)ns1	0.044741
rxn:2:67607:129843	c1nc(NC2CCCc3cc(N4CCCC4)ccc32)ns1	0.044741
rxn:2:67607:135714	c1nc(NC2CCc3cc(N4CCCCC4)ccc32)ns1	0.044741
rxn:2:128284:141943	CCC(Nc1c2c(nc3ccnn13)CCOC2)C1CSC1	0.044738
rxn:2:93079:118876	Cc1n[nH]c(CNC(C)c2cnc3c(c2)CCCC3)n1	0.044734
rxn:2:93079:133986	Cc1n[nH]c(CNC(C)c2ccc3c(n2)CCCC3)n1	0.044734
rxn:2:99793:94654	CC(C)Cc1ccnc(C(C)NC2CC3(CCO3)C2)c1	0.044733
rxn:2:120872:105764	CCCCC1CC(NC2COC3(CCCC3)C2)C1	0.044729
rxn:2:141595:87143	CC(CCc1cnsc1)NC1CCC(C2CC2)CC1	0.044725
rxn:2:91267:87143	CC(CCc1cnsc1)N[C@@H]1C[C@H]1C1CCCCC1	0.044725
rxn:2:115977:87143	CC(CCc1cnsc1)N[C@H]1C[C@@H]1C1CCCCC1	0.044725
rxn:2:137399:87143	CC(CCc1cnsc1)NC1CC1C1CCCCC1	0.044725
rxn:2:76776:101777	CC(CCc1cnn(C)c1)NC1CC1C1CCOC1	0.044723
rxn:2:106133:91939	CCCc1ccnc(C(C)NC2CCN(C)C2(C)C)c1	0.044720
rxn:2:67607:131671	COc1ccc(OC)c2c1CC(C)(C)C2Nc1ncsn1	0.044717
rxn:2:136496:76983	CC1CCc2ccccc2C1NCc1cnn(C)c(=O)c1	0.044717
rxn:2:136496:81468	C[C@H]1CCc2ccccc2C1NCc1cnn(C)c(=O)c1	0.044717
rxn:2:66034:105732	c1nnc(OCC2CC2)cc1NC1C[C@H]2CCC[C@H]2C1	0.044711
rxn:2:99134:99415	CCc1cncc(NC2COc3cc4c(cc32)OCO4)c1	0.044707
rxn:2:74325:132435	Cc1ccc2c(c1)OC(N[C@@H]1[C@@H]3CC[C@H]1COC3)C2=O	0.044696
rxn:2:67607:128488	COc1cc(C)c2c(c1OC)C(Nc1ncsn1)CCC2	0.044688
rxn:2:136496:110962	Cc1ccc2c(c1)CC(C)C2NCc1cnn(C)c(=O)c1	0.044678
rxn:2:136496:99260	Cc1ccc2c(c1)C(NCc1cnn(C)c(=O)c1)[C@H](C)C2	0.044678
rxn:2:136496:116170	Cc1ccc2c(c1)C(NCc1cnn(C)c(=O)c1)C(C)C2	0.044678
rxn:2:136496:135047	Cc1ccc2c(c1)C(NCc1cnn(C)c(=O)c1)[C@@H](C)C2	0.044678
rxn:2:111350:91066	c1cc2c(s1)C(Nc1cncc(N3CCCCC3)c1)CO2	0.044675
rxn:2:89378:72771	CC(C)CC1CC(Nc2ccc(-c3ncon3)cc2)C1	0.044675
rxn:2:74648:72771	CC(C)CC1CC(Nc2ccccc2-c2ncon2)C1	0.044675
rxn:2:74754:72771	CC(C)CC1CC(Nc2cccc(-c3ncon3)c2)C1	0.044675
rxn:2:67607:65884	COc1ccc(OC)c2c1C(Nc1ncsn1)CC2(C)C	0.044669
rxn:2:67607:134926	CC(C)(C)c1ccc2c(c1)C(Nc1ncsn1)CCC2	0.044664
rxn:2:66976:72475	CC[C@H]1CC[C@H](C2CCC(Nc3ncon3)CC2)CC1	0.044660
rxn:2:66976:73401	CCC1CCC(C2CCC(Nc3ncon3)CC2)CC1	0.044660
rxn:2:87675:105732	CC(C)COc1cc(NC2C[C@H]3CCC[C@H]3C2)cnn1	0.044654
rxn:2:135338:90234	CSc1cc(NC2CC3CCCCCC3C2)cnn1	0.044652
rxn:2:135338:101017	CSc1cc(NC2CCC3CCCCC3C2)cnn1	0.044652
rxn:2:135338:92854	CSc1cc(NC2CCC[C@@H]3CCCC[C@@H]23)cnn1	0.044652
rxn:2:135338:108063	CSc1cc(NC2CCC[C@H]3CCCC[C@H]23)cnn1	0.044652
rxn:2:135338:129473	CSc1cc(NC2CCCC3CCCCC32)cnn1	0.044652
rxn:2:135338:83210	COCC(CC(C)C)Nc1cnnc(SC)c1	0.044648
rxn:2:93519:79355	CC12CC1Oc1ccccc1C2NC1C(F)CC2CC21	0.044646
rxn:2:71665:141943	CCC(Nc1c2c(nc3ccnn13)CCSC2)C1CSC1	0.044645
rxn:2:76776:74850	CC(CCc1cncnc1)NC1CC1C1CCOC1	0.044641
rxn:2:76776:101274	CC(CCc1ncccn1)NC1CC1C1CCOC1	0.044641
rxn:2:76776:114010	CC(CCc1ccncn1)NC1CC1C1CCOC1	0.044641
rxn:2:102258:69829	CCc1ccc2c(c1)C(NC1CC(n3cncn3)C1)CC2	0.044638
rxn:2:66656:132362	c1cnn(C[C@H]2C[C@H](NC3CCCc4cnccc43)C2)c1	0.044635
rxn:2:66656:130379	c1cnn(C[C@H]2C[C@H](NC3CCCc4ccncc43)C2)c1	0.044635
rxn:2:130627:105732	Cc1cn(Cc2cnoc2)nc1NC1C[C@H]2CCC[C@H]2C1	0.044633
rxn:2:78854:141943	CCC(Nc1cc(C(C)(C)C)nc2ccnn12)C1CSC1	0.044631
rxn:2:84691:141943	CCC(Nc1c(C(C)(C)C)nc2ncccn12)C1CSC1	0.044631
rxn:2:81263:107673	CSCc1cncc(NC2C[C@@H]3CC4(CC4)C[C@@H]3C2)c1	0.044629
rxn:2:81263:128472	CSCc1cncc(NC2CC3CC4(CC4)CC3C2)c1	0.044629
rxn:2:66656:91504	Cc1cc2c(cn1)C(N[C@H]1C[C@H](Cn3cccn3)C1)CC2	0.044628
rxn:2:76776:66938	CC(CCc1ccccc1)NC1CC1C1CCOC1	0.044613
rxn:2:68559:133012	CCCSc1ccc(NC[C@@H]2CCCCO2)nn1	0.044608
rxn:2:66395:143157	COc1csc(-c2ccc3c(c2)OCC3N[C@@H]2C[C@H]2F)c1	0.044605
rxn:2:104708:143157	COc1csc(-c2ccc3c(c2)OCC3N[C@H]2C[C@@H]2F)c1	0.044605
rxn:2:108745:143157	COc1csc(-c2ccc3c(c2)OCC3N[C@@H]2C[C@@H]2F)c1	0.044605
rxn:2:127225:143157	COc1csc(-c2ccc3c(c2)OCC3N[C@H]2C[C@H]2F)c1	0.044605
rxn:2:127495:143157	COc1csc(-c2ccc3c(c2)OCC3NC2CC2F)c1	0.044605
rxn:2:128145:143157	COc1csc(-c2ccc3c(c2)OCC3NC2C[C@@H]2F)c1	0.044605
rxn:2:81847:94654	c1nc(N2CC(NC3CC4(CCO4)C3)C2)c2sccc2n1	0.044600
rxn:2:140730:71047	c1cc(NC2CC3(CCCCC3)C2)c2sccc2n1	0.044598
rxn:2:140730:70059	c1cc(NC2CCCCCC23CC3)c2sccc2n1	0.044598
rxn:2:100556:127110	CCC(Nc1c(C)nn2ccccc12)C1CCCCC1	0.044598
rxn:2:92374:127110	CCC(Nc1cccc2nc(C)cn12)C1CCCCC1	0.044598
rxn:2:84173:127110	CCC(Nc1c(C)nc2ccccn12)C1CCCCC1	0.044598
rxn:2:76388:132476	Cc1cc(C(C)Nc2ccnn2C2CCN(C)C2)sc1C	0.044593
rxn:2:139370:91066	CC(C)S(=O)(=O)c1cncc(NC2COc3ccsc32)c1	0.044590
rxn:2:66976:123239	C[C@@H]1CC(Nc2ncon2)C[C@H](C)N1Cc1ccccc1	0.044583
rxn:2:127924:122702	CC[C@@H]1CCC(NC(C)C(C)CC(C)C)C1	0.044578
rxn:2:67437:91066	CC(C)CCc1cncc(NC2COc3ccsc32)c1	0.044574
rxn:2:96303:127472	c1ccc2c(c1)CCC(NC1CC3(CCCCO3)C1)C2	0.044570
rxn:2:84173:121852	CCN(C)C1CCC(Nc2c(C)nc3ccccn23)CC1	0.044553
rxn:2:102258:111968	COc1ccc2c(c1)C(NC1CC(n3cncn3)C1)CC2	0.044546
rxn:2:74578:105732	CC(C)N1C[C@H](F)C[C@@H](NC2C[C@H]3CCC[C@H]3C2)C1	0.044543
rxn:2:65970:106709	CCN1CCCc2cc(NC3CC[C@H]4CC[C@H]34)ccc21	0.044538
rxn:2:84577:151350	Cc1cc2ncc(C(C)N[C@H]3CC[C@@H]3N(C)C)c(C)n2n1	0.044527
rxn:2:98016:90296	Cc1c(-c2cn(C)nn2)nn(C)c1NC1CC(C2CC2)C1	0.044525
rxn:2:67607:126514	COc1cc2c(cc1OC)C(Nc1ncsn1)CCC2C	0.044520
rxn:2:82972:83447	C(Cc1nc(C2CCOCC2)no1)NC1C[C@@H]2C[C@@H]2C1	0.044518
rxn:2:129548:85103	CCc1n[nH]c2sc(CNC3CCC(OC)C3)c(C)c12	0.044505
rxn:2:118577:87143	CC(CCc1cnsc1)NC1C2CCC3CC2CCC31	0.044498
rxn:2:95779:103571	Cc1nc(CCNC(C)c2cc3c(s2)CCCC3)n[nH]1	0.044496
rxn:2:112040:113700	CC(C)(C)CC1CC(Nc2nc(-c3cnccn3)ns2)C1	0.044488
rxn:2:125119:105732	c1ncc(-c2cncc(NC3C[C@H]4CCC[C@H]4C3)c2)cn1	0.044482
rxn:2:99867:105732	c1cc(-c2ccnnc2NC2C[C@H]3CCC[C@H]3C2)ccn1	0.044482
rxn:2:76776:137344	CO[C@H]1C[C@H]2CC(NC3CC3C3CCOC3)C[C@H]2C1	0.044481
rxn:2:135338:129455	CSc1cc(NC2CC(C3CCCCC3)C2)cnn1	0.044479
rxn:2:135338:139228	CSc1cc(NC2CCC(C3CCCC3)C2)cnn1	0.044479
rxn:2:135338:67015	CSc1cc(NC2CCC(C3CCC3)CC2)cnn1	0.044479
rxn:2:135338:126322	CSc1cc(NC2CCCC2C2CCCC2)cnn1	0.044479
rxn:2:135338:131677	CSc1cc(NC2CCC2C2CCCCC2)cnn1	0.044479
rxn:2:67607:128323	CCCn1ncc(C(C)Nc2ncsn2)c1OCC	0.044474
rxn:2:116316:91066	Cc1[nH]ncc1C1CC1CCNC1COc2ccsc21	0.044469
rxn:2:67607:92127	CC(C)c1ccccc1N1CCC(Nc2ncsn2)CC1	0.044466
rxn:2:134866:103571	CCc1nc(CNC(C)c2cc3c(s2)CCCC3)n[nH]1	0.044455
rxn:2:82126:106364	CCn1ccc(C(C)Nc2cncc(C(C)(F)F)c2)c1	0.044455
rxn:2:66656:89633	c1cnn(C[C@H]2C[C@H](NC3CCCc4cnncc43)C2)c1	0.044455
rxn:2:123138:87143	CC(CCc1cnsc1)NC(c1ncon1)C(C)C	0.044452
rxn:2:123930:87143	CCC(C)(NC(C)CCc1cnsc1)c1ncon1	0.044451
rxn:2:96473:137914	CSCCC1CC(Nc2cc3cc(C)ccc3[nH]2)C1	0.044442
rxn:2:66976:131671	COc1ccc(OC)c2c1CC(C)(C)C2Nc1ncon1	0.044429
rxn:2:96725:109246	CCC(NCCn1sc2ccccc2c1=O)C1(F)CC1	0.044428
rxn:2:89378:140522	CCCC1CCC(Nc2ccc(-c3ncon3)cc2)C1	0.044423
rxn:2:74648:140522	CCCC1CCC(Nc2ccccc2-c2ncon2)C1	0.044423
rxn:2:74754:140522	CCCC1CCC(Nc2cccc(-c3ncon3)c2)C1	0.044423
rxn:2:88371:91066	CCCCc1ncc(NC2COc3ccsc32)cc1C	0.044418
rxn:2:87171:141943	CCC(NCC1CC1c1cc(C)sc1C)C1CSC1	0.044417
rxn:2:97885:87313	Cc1cccc(CCC(C)N[C@H]2[C@@H]3CC[C@H]2COC3)c1	0.044413
rxn:2:97885:124285	Cc1ccccc1CCC(C)N[C@H]1[C@@H]2CC[C@H]1COC2	0.044413
rxn:2:74325:87313	Cc1cccc(CCC(C)N[C@@H]2[C@@H]3CC[C@H]2COC3)c1	0.044413
rxn:2:74325:124285	Cc1ccccc1CCC(C)N[C@@H]1[C@@H]2CC[C@H]1COC2	0.044413
rxn:2:97885:90390	Cc1ccc(CCC(C)N[C@H]2[C@@H]3CC[C@H]2COC3)cc1	0.044413
rxn:2:74325:90390	Cc1ccc(CCC(C)N[C@@H]2[C@@H]3CC[C@H]2COC3)cc1	0.044413
rxn:2:76776:109191	C1CC(NC2CC2C2CCOC2)CC2CCCN2C1	0.044411
rxn:2:66976:66592	CC(C)Cc1csc(CCC(C)Nc2ncon2)n1	0.044404
rxn:2:136496:115631	Cc1ccc2c(c1)OCCC2NCc1cnn(C)c(=O)c1	0.044398
rxn:2:136496:84952	Cc1ccc2c(c1)C(NCc1cnn(C)c(=O)c1)CCO2	0.044398
rxn:2:122643:117115	Cc1ccc2c(c1C)CCC2NC1CCN(C)C1(C)C	0.044391
rxn:2:66656:73133	Cc1ccc2c(c1)CCC2N[C@H]1C[C@H](Cn2cccn2)C1	0.044384
rxn:2:93430:141943	CCC(NCc1cn2c(OC)cccc2n1)C1CSC1	0.044380
rxn:2:92080:78603	CC1C(NC(C)(C)c2cccnn2)CC1c1ccccc1	0.044374
rxn:2:126608:87143	CC(CCc1cnsc1)NC(c1ncon1)C1CC1	0.044371
rxn:2:140730:84163	CC1(C)CC(Nc2ccnc3ccsc23)CC(C)(C)O1	0.044364
rxn:2:102258:122379	CSCC(NC1CC(n2cncn2)C1)c1ccccc1	0.044362
rxn:2:102481:92418	Cn1ccc(N2CCC(NC3CCCc4snnc43)C2)n1	0.044354
rxn:2:132519:92418	Cn1ccnc1N1CCC(NC2CCCc3snnc32)C1	0.044354
rxn:2:67607:121590	CCCCc1ccc2c(c1)C(Nc1ncsn1)CCC2	0.044350
rxn:2:66656:77623	c1ccc2c(c1)CCCC2N[C@H]1C[C@H](Cn2cccn2)C1	0.044349
rxn:2:131433:141943	CCC(NC(C)Cc1nnc2ccccn12)C1CSC1	0.044342
rxn:2:113100:105732	Cn1ncc(-c2nn[nH]n2)c1NC1C[C@H]2CCC[C@H]2C1	0.044341
rxn:2:110866:87143	CC(CCc1cnsc1)NC1(c2ncon2)CCCC1	0.044329
rxn:2:66976:72380	CSc1ccccc1C(Nc1ncon1)C1CCC1	0.044329
rxn:2:125961:141943	CCCc1nnc2cnc(NC(CC)C3CSC3)cn12	0.044321
rxn:2:86067:141943	CCC(NCCc1nc(C)c2ccccn12)C1CSC1	0.044320
rxn:2:131450:141943	CCC(NCCc1c(C)nc2ccccn12)C1CSC1	0.044320
rxn:2:134028:141943	CCC(NCCc1cn2c(C)cccc2n1)C1CSC1	0.044320
rxn:2:115040:141943	CCC(NCCc1nc(C)n2ccccc12)C1CSC1	0.044320
rxn:2:106135:70439	CC(NC1CC2OC(C1)C1CC21)C1CCCN(C)C1	0.044319
rxn:2:72899:141943	CCC(NC(C)Cc1cnn2ccccc12)C1CSC1	0.044312
rxn:2:80666:141943	CCC(NC(C)Cc1cnc2ccccn12)C1CSC1	0.044312
rxn:2:131921:141943	CCOc1nn2ccccc2c1NC(CC)C1CSC1	0.044308
rxn:2:83006:80762	Cc1ccc2c(c1)C(C)CCC2NCCc1cnn(C)c1	0.044307
rxn:2:66976:85978	CCCC1CCC2(CC1)CCC(Nc1ncon1)CC2	0.044291
rxn:2:102693:141943	CCc1nc2ccccn2c1CNC(CC)C1CSC1	0.044285
rxn:2:139953:138146	CCC(Cc1cccnc1)NC1CN(c2nccs2)C1	0.044280
rxn:2:97885:95847	CCc1[nH]c(C)c(C(C)N[C@H]2[C@@H]3CC[C@H]2COC3)c1C	0.044268
rxn:2:114945:70439	c1csc(N2CCC(NC3CC4OC(C3)C3CC43)CC2)n1	0.044258
rxn:2:105155:70439	c1csc(N2CCCC(NC3CC4OC(C3)C3CC43)C2)n1	0.044258
rxn:2:67607:80313	Cc1nc(N2CCCC(C)C2)sc1C(C)Nc1ncsn1	0.044251
rxn:2:71204:70439	c1csc(N2CCC(NC3CC4OC(C3)C3CC43)CC2)c1	0.044244
rxn:2:84577:111206	CC1CC(C(C)(C)C)CCC1N[C@H]1CC[C@@H]1N(C)C	0.044243
rxn:2:103776:80762	Cc1ccc2c(c1)C(C)CCC2NCc1cnn(C)c1C	0.044243
rxn:2:101794:80762	Cc1ccc2c(c1)C(C)CCC2NCc1c(C)cnn1C	0.044243
rxn:2:104386:91066	Cc1cc(NC2COc3ccsc32)cc(C(C)(F)F)c1	0.044240
rxn:2:96753:91066	Cc1ccc(C(C)(F)F)cc1NC1COc2ccsc21	0.044240
rxn:2:87326:137914	CSCCC1CC(Nc2n[nH]c3nc(C)c(C)cc23)C1	0.044220
rxn:2:140730:131923	CC1(C)CC(Nc2ccnc3ccsc23)CC1(C)C	0.044219
rxn:2:73232:134526	Cc1ncnc(NC(C)c2cc3c([nH]c2=O)CCC3)n1	0.044207
rxn:2:93519:127802	COc1ccc2c(c1)OC(NC1C(F)CC3CC31)CC2=O	0.044201
rxn:2:67097:92418	c1cnc(N2CC[C@H](NC3CCCc4snnc43)C2)nc1	0.044200
rxn:2:102623:92418	c1cnc(N2CCC(NC3CCCc4snnc43)C2)nc1	0.044200
rxn:2:130548:92418	c1cnc(N2CC[C@@H](NC3CCCc4snnc43)C2)nc1	0.044200
rxn:2:73909:92418	c1cc(N2CC[C@H](NC3CCCc4snnc43)C2)ncn1	0.044200
rxn:2:102551:92418	c1cc(N2CCC(NC3CCCc4snnc43)C2)ncn1	0.044200
rxn:2:110342:92418	c1cc(N2CC[C@@H](NC3CCCc4snnc43)C2)ncn1	0.044200
rxn:2:104055:92418	c1ncc(N2CCC(NC3CCCc4snnc43)C2)cn1	0.044200
rxn:2:101497:92418	c1cnnc(N2CCC(NC3CCCc4snnc43)C2)c1	0.044200
rxn:2:102418:92418	c1cnnc(N2CC[C@@H](NC3CCCc4snnc43)C2)c1	0.044200
rxn:2:81158:92418	c1cnc(N2CC[C@H](NC3CCCc4snnc43)C2)cn1	0.044200
rxn:2:93104:92418	c1cnc(N2CC[C@@H](NC3CCCc4snnc43)C2)cn1	0.044200
rxn:2:93774:92418	c1cnc(N2CCC(NC3CCCc4snnc43)C2)cn1	0.044200
rxn:2:70791:78603	CCc1n[nH]c(NC2CC(c3ccccc3)C2C)c1C	0.044194
rxn:2:105315:127554	CCC(Nc1c(C)nc2cccnn12)C1CC2(CCC2)C1	0.044191
rxn:2:82126:119277	CC(F)(F)c1cncc(NC2CCCc3ccsc32)c1	0.044187
rxn:2:66976:81806	CC1(C)CCC(Nc2ncon2)Cc2ccccc21	0.044186
rxn:2:67607:86428	Cc1cc2c(cc1C)C(Nc1ncsn1)CCCC2	0.044174
rxn:2:67607:137001	Cc1ccc(C)c2c1CCCCC2Nc1ncsn1	0.044174
rxn:2:67607:129001	Cc1cc(C)c2c(c1)C(Nc1ncsn1)CCCC2	0.044174
rxn:2:103068:125321	Cc1ncnc(NC(C)c2ccnc(C(C)(C)F)c2)c1C	0.044173
rxn:2:112333:84829	O=c1nc(CNC(c2ccsc2)C2CC2)[nH][nH]1	0.044158
rxn:2:139370:105732	CC(C)S(=O)(=O)c1cncc(NC2C[C@H]3CCC[C@H]3C2)c1	0.044157
rxn:2:93519:67269	COc1ccc2c(c1)OC(C)CC2NC1C(F)CC2CC21	0.044148
rxn:2:93519:113716	COc1ccc2c(c1)OCCCC2NC1C(F)CC2CC21	0.044147
rxn:2:94306:105732	c1ccc(OC[C@@H]2C[C@H]2NC2C[C@H]3CCC[C@H]3C2)cc1	0.044142
rxn:2:109742:130954	c1ccc2nc(CNC3CCC4(CC3)CSC4)ccc2c1	0.044135
rxn:2:140748:105732	COc1cc(CCNC2C[C@H]3CCC[C@H]3C2)ccc1C	0.044134
rxn:2:134457:70439	Cc1cccnc1C(F)(F)CNC1CC2OC(C1)C1CC21	0.044130
rxn:2:125555:70439	COc1c(NC2CC3OC(C2)C2CC32)c(C)nn1C(C)C	0.044116
rxn:2:68182:123401	CC(C)CN1CC[C@@H](NC2CC3CCCC(C3)C2)C1	0.044112
rxn:2:67607:165176	O=S(=O)(F)c1ccc2c(c1)C(Nc1ncsn1)CCC2	0.044106
rxn:2:97885:124273	CC(N[C@H]1[C@@H]2CC[C@H]1COC2)c1ccc(-c2cnsc2)s1	0.044099
rxn:2:74325:124273	CC(N[C@@H]1[C@@H]2CC[C@H]1COC2)c1ccc(-c2cnsc2)s1	0.044099
rxn:2:100768:91939	CC(C)Cn1nc2c(c1NC1CCN(C)C1(C)C)CSC2	0.044092
rxn:2:136496:81436	CC1CCC(NCc2cnn(C)c(=O)c2)c2cn[nH]c21	0.044085
rxn:2:82126:102961	Cc1ccc2c(c1)C(Nc1cncc(C(C)(F)F)c1)CO2	0.044083
rxn:2:82126:115889	Cc1cccc2c1C(Nc1cncc(C(C)(F)F)c1)CO2	0.044083
rxn:2:82126:128223	Cc1ccc2c(c1)OCC2Nc1cncc(C(C)(F)F)c1	0.044083
rxn:2:137620:91066	c1cc2c(s1)C(Nc1ncc(C3CCCCC3)cn1)CO2	0.044076
rxn:2:119799:91066	c1cc2c(s1)C(NCc1cncc(C3CCCC3)c1)CO2	0.044076
rxn:2:138359:103571	CC(NC1CN([C@H]2CCOC2)C1)c1cc2c(s1)CCCC2	0.044074
rxn:2:93519:111423	COc1cc2c(cc1OC)C(NC1C(F)CC3CC31)CO2	0.044073
rxn:2:93519:142109	COc1cc(OC)c2c(c1)OCC2NC1C(F)CC2CC21	0.044073
rxn:2:93519:78434	COc1ccc2c(c1OC)OCC2NC1C(F)CC2CC21	0.044073
rxn:2:66976:110511	CCCC(Nc1ncon1)c1ccc(C(C)(C)C)cc1	0.044051
rxn:2:76062:83650	CC(Nc1nnc(-c2cncs2)s1)c1ccsc1	0.044038
rxn:2:76062:123388	CC(Nc1nnc(-c2cncs2)s1)c1cccs1	0.044038
rxn:2:97885:129807	CC(N[C@H]1[C@@H]2CC[C@H]1COC2)c1ncccc1C(C)(C)C	0.044033
rxn:2:82132:125732	CCC(Nc1cc(C)ccn1)c1cc(C)cc(OC)c1	0.044031
rxn:2:84577:70187	CN(C)[C@H]1CC[C@@H]1NC1CC(C)(C)CC1c1ccnn1C	0.044001
rxn:2:66976:124273	CC(Nc1ncon1)c1ccc(-c2cnsc2)s1	0.043988
rxn:2:84577:164839	Cc1nc2ncc(C(C)N[C@H]3CC[C@@H]3N(C)C)c(C)n2n1	0.043969
rxn:2:81263:128655	CSCc1cncc(NC2CC3CC4CCCN3C4C2)c1	0.043946
rxn:2:140730:124652	c1cc(NC2CCOC3(CCOCC3)C2)c2sccc2n1	0.043943
rxn:2:140730:134466	c1cc(NC2CCOC3(CCCOC3)C2)c2sccc2n1	0.043943
rxn:2:140730:126508	c1cc(NC2CCC3(CC2)COCCO3)c2sccc2n1	0.043943
rxn:2:89378:137914	CSCCC1CC(Nc2ccc(-c3ncon3)cc2)C1	0.043940
rxn:2:74648:137914	CSCCC1CC(Nc2ccccc2-c2ncon2)C1	0.043940
rxn:2:74754:137914	CSCCC1CC(Nc2cccc(-c3ncon3)c2)C1	0.043940
rxn:2:67607:67445	CC(C)(C)Oc1ccc2c(c1)CCCC2Nc1ncsn1	0.043934
rxn:2:66976:111058	CCC1CCC(N2CCC(Nc3ncon3)CC2C)CC1	0.043926
rxn:2:66301:70439	c1ccc(N2CC[C@H](NC3CC4OC(C3)C3CC43)C2)cc1	0.043922
rxn:2:83213:70439	c1ccc(N2CCC(NC3CC4OC(C3)C3CC43)C2)cc1	0.043922
rxn:2:93514:70439	c1ccc(N2CC[C@@H](NC3CC4OC(C3)C3CC43)C2)cc1	0.043922
rxn:2:93519:90158	COc1ccc2c(c1)N=C(C)CC2NC1C(F)CC2CC21	0.043915
rxn:2:75891:91066	c1cc2c(s1)C(NCC1CCN(C3CCCCC3)C1)CO2	0.043914
rxn:2:131924:130954	Cc1ccc2nc(NC3CCC4(CC3)CSC4)[nH]c2c1	0.043906
rxn:2:68516:130954	Cc1ccc2c(NC3CCC4(CC3)CSC4)n[nH]c2c1	0.043906
rxn:2:102507:130954	Cc1cc(NC2CCC3(CC2)CSC3)c2cn[nH]c2c1	0.043906
rxn:2:128197:130954	Cc1nc2ccc(NC3CCC4(CC3)CSC4)cc2[nH]1	0.043906
rxn:2:66976:88830	CC(C)c1cc(N2CCC(Nc3ncon3)CC2)ncn1	0.043900
rxn:2:105919:91066	c1cc(NC2COc3ccsc32)cc(C2CCOCC2)c1	0.043900
rxn:2:106441:91939	CCN1CCc2c(cccc2NC2CCN(C)C2(C)C)C1	0.043899
rxn:2:67607:91206	c1nc(NC(CC2CCCC2)CC2CCCC2)ns1	0.043895
rxn:2:81263:134589	CSCc1cncc(NC2CC3CCCC(C2)S3(=O)=O)c1	0.043894
rxn:2:81263:107592	CSCc1cncc(NC2CCC3CN(C)CCC3C2)c1	0.043889
rxn:2:97013:91066	COc1cncc(C(F)(F)CNC2COc3ccsc32)c1	0.043887
rxn:2:92441:94654	CCn1cc(-c2nc(CNC3CC4(CCO4)C3)cs2)cn1	0.043886
rxn:2:67014:87143	CCO[C@@H]1COCC[C@@H]1NC(C)CCc1cnsc1	0.043884
rxn:2:74677:87143	CCO[C@@H]1COCC[C@H]1NC(C)CCc1cnsc1	0.043884
rxn:2:88926:87143	CCOC1COCCC1NC(C)CCc1cnsc1	0.043884
rxn:2:133445:87143	CCO[C@H]1COCC[C@H]1NC(C)CCc1cnsc1	0.043884
rxn:2:89847:87143	CC(CCc1cnsc1)NCCC1COCC(C)O1	0.043884
rxn:2:137057:87143	CC(CCc1cnsc1)NCC1CC1C1CCOC1	0.043878
rxn:2:122841:95192	CC1(Oc2ccc(NC3CCC4(CSC4)C3)cc2)COC1	0.043871
rxn:2:98845:90296	c1ccc2oc(C3(NC4CC(C5CC5)C4)CCC3)nc2c1	0.043869
rxn:2:66656:99531	c1cnn(C[C@H]2C[C@H](NC3CC[C@@H]4[C@H]5OCC[C@H]5[C@H]34)C2)c1	0.043865
rxn:2:105697:80762	CCn1cc(CNC2CCC(C)c3cc(C)ccc32)cn1	0.043847
rxn:2:85732:80762	Cc1ccc2c(c1)C(C)CCC2Nc1cnn(C)c(=O)c1	0.043844
rxn:2:121968:91066	COc1ncc(C2CC2)cc1CNC1COc2ccsc21	0.043833
rxn:2:66976:125420	c1ccc(COCC2CCC(Nc3ncon3)C2)cc1	0.043829
rxn:2:116614:131335	COc1ccoc1C(C)Nc1cccn([C@H]2C[C@H]2F)c1=O	0.043824
rxn:2:76776:94638	CSc1cccc(C(C)NC2CC2C2CCOC2)c1	0.043820
rxn:2:101000:141943	CCC(Nc1ccnn1-c1nc(C)cc(C)n1)C1CSC1	0.043820
rxn:2:109043:141943	CCC(Nc1c(C)nc(-n2cccn2)nc1C)C1CSC1	0.043820
rxn:2:134864:109191	Cn1cnc2cncc(NC3CCCN4CCCC4C3)c21	0.043815
rxn:2:71141:141943	CCOc1cnc(OC)c(NC(CC)C2CSC2)c1	0.043811
rxn:2:135338:78279	CSc1cc(NC[C@H]2CCc3ccccc3O2)cnn1	0.043797
rxn:2:135369:141943	CCC(Nc1c(-c2ccncc2)c(C)nn1C)C1CSC1	0.043791
rxn:2:134864:138688	Cn1cnc2cncc(NC3CC4CC3C3CCCC43)c21	0.043784
rxn:2:91084:137914	CSCCC1CC(Nc2nccnc2-c2ncon2)C1	0.043780
rxn:2:66976:87999	CCOc1c(C(C)Nc2ncon2)c(C)nn1C(C)C	0.043780
rxn:2:98249:72771	CC(C)CC1CC(Nc2cc(-c3cnn(C)c3)nn2C)C1	0.043768
rxn:2:84402:71823	Cc1ccc(NC(C)c2nc3c(s2)CCCC3)cc1C	0.043768
rxn:2:118442:91066	Cc1cc(C2CC2)cc(C)c1NC1COc2ccsc21	0.043764
rxn:2:67607:68327	CC(Nc1ncsn1)c1n[nH]c2ccccc12	0.043762
rxn:2:97564:70439	c1ccc(N2CCC(NC3CC4OC(C3)C3CC43)C2)nc1	0.043762
rxn:2:103200:70439	c1ccc(N2CC[C@H](NC3CC4OC(C3)C3CC43)C2)nc1	0.043762
rxn:2:117774:70439	c1ccc(N2CC[C@@H](NC3CC4OC(C3)C3CC43)C2)nc1	0.043762
rxn:2:75518:70439	c1cc(N2CCC(NC3CC4OC(C3)C3CC43)C2)ccn1	0.043762
rxn:2:126189:70439	c1cncc(N2CCC(NC3CC4OC(C3)C3CC43)C2)c1	0.043762
rxn:2:70599:141943	CCC(NCCc1nccc(C2CC2)n1)C1CSC1	0.043748
rxn:2:107946:141943	CCC(Nc1cnn(-c2ccc(C)nc2C)c1)C1CSC1	0.043741
rxn:2:77863:141943	CCC(Nc1cc(C)nn1-c1cncc(C)c1)C1CSC1	0.043741
rxn:2:160240:109246	CCC(NCc1nn(C)c(=O)c2ccccc12)C1(F)CC1	0.043738
rxn:2:68390:118518	COc1ccc2c(c1C)CCC2NCC(C)(C)C1CC1	0.043735
rxn:2:67607:72000	COc1cc2c(cc1C)CCCCC2Nc1ncsn1	0.043726
rxn:2:77539:112899	c1cc2c(c3c1CCC3)CCC2NCC1CC12CCC2	0.043717
rxn:2:90250:87143	CC(CCc1cnsc1)NCC1CCC2COCC2O1	0.043710
rxn:2:114106:139149	Cc1cc2c(cc1C)C(Nc1cncc(C3CC3)c1)CO2	0.043710
rxn:2:112931:96265	CCOc1c(NC2CC(SC)C2)cnn(C(C)C)c1=O	0.043709
rxn:2:105315:85132	CCC(Nc1c(C)nc2cccnn12)C1CCN(CC)C1	0.043706
rxn:2:67607:116873	C=C=Cc1cc2c(cc1OC)C(Nc1ncsn1)CC2	0.043705
rxn:2:66976:134704	CCC(Nc1ncon1)c1cnc(N(C)CC)cc1C	0.043702
rxn:2:108832:87143	CC(CCc1cnsc1)NC1CC1C1CCN(C)CC1	0.043699
rxn:2:135543:87143	CC(CCc1cnsc1)N[C@@H]1C[C@H]1C1CCN(C)CC1	0.043699
rxn:2:92660:105732	CSCc1ncc(CCNC2C[C@H]3CCC[C@H]3C2)cn1	0.043699
rxn:2:134197:87143	CC(CCc1cnsc1)NCC1CCC2(CC2)CN1C	0.043694
rxn:2:80412:94554	COc1ccc(C2CC(N[C@@H](C)c3cnn(C)c3)C2)cc1	0.043692
rxn:2:100902:94554	COc1ccc(C2CC(NC(C)c3cnn(C)c3)C2)cc1	0.043692
rxn:2:128978:94554	COc1ccc(C2CC(N[C@H](C)c3cnn(C)c3)C2)cc1	0.043692
rxn:2:80597:105732	c1cc(-c2cncc(NC3C[C@H]4CCC[C@H]4C3)c2)ccn1	0.043689
rxn:2:114737:105732	c1ccc(-c2cc(NC3C[C@H]4CCC[C@H]4C3)cnn2)cc1	0.043689
rxn:2:66976:112142	CCOc1ccc(CCC(C)Nc2ncon2)cc1	0.043685
rxn:2:79974:66368	Cn1c2c(ccc1=O)C(Nc1ccc3c(c1)CC3)CCC2	0.043684
rxn:2:97885:134014	Cc1cc(C(C)N[C@H]2[C@@H]3CC[C@H]2COC3)c(C)n1C1CC1	0.043679
rxn:2:66976:70626	COCc1ccc(CCC(C)Nc2ncon2)cc1	0.043679
rxn:2:66976:110439	COCc1cccc(CCC(C)Nc2ncon2)c1	0.043679
rxn:2:112668:139826	CC(CCN1CCCC1)NC12CC(c3nccs3)(C1)C2	0.043668
rxn:2:77454:141943	CCC(Nc1cc(C2CCC2)nc2ccnn12)C1CSC1	0.043663
rxn:2:114919:105732	CCC(F)(F)c1cncc(NC2C[C@H]3CCC[C@H]3C2)c1	0.043662
rxn:2:66976:104785	COc1ccc(C(C)Nc2ncon2)cc1CN(C)C	0.043661
rxn:2:94763:137914	CCCC(NC1CC(CCSC)C1)c1ncon1	0.043658
rxn:2:67607:89673	Cc1ccc(C)c(CCC(Nc2ncsn2)C2CC2)c1	0.043651
rxn:2:71615:87143	CC(CCc1cnsc1)NC[C@@H]1OC[C@@H]2COCC[C@@H]21	0.043647
rxn:2:68182:68556	CCC(N[C@@H]1CCN(CC(C)C)C1)C1CCOC1	0.043646
rxn:2:67607:98808	CSc1nc(C(C)Nc2ncsn2)cc2c1CCCC2	0.043637
rxn:2:71356:118090	Cc1csc(CNC2CC(C3(C)CCC3)n3nccc32)c1	0.043623
rxn:2:100556:85132	CCC(Nc1c(C)nn2ccccc12)C1CCN(CC)C1	0.043622
rxn:2:92374:85132	CCC(Nc1cccc2nc(C)cn12)C1CCN(CC)C1	0.043622
rxn:2:84173:85132	CCC(Nc1c(C)nc2ccccn12)C1CCN(CC)C1	0.043622
rxn:2:67607:128463	COc1cc2c(c(OC)c1OC)CCC2Nc1ncsn1	0.043613
rxn:2:128132:91066	O=S(=O)(F)Oc1cncc(NC2COc3ccsc32)c1	0.043603
rxn:2:122841:137621	CC1(Oc2ccc(NC3CCC4C3C4(C)C)cc2)COC1	0.043602
rxn:2:100556:139365	Cc1nn2ccccc2c1NC1CCN2CCOCC2C1	0.043601
rxn:2:67607:137712	CC(C)c1ccc(C(Nc2ncsn2)C2CCC2)cc1	0.043598
rxn:2:82126:111214	CC(F)(F)c1cncc(NC2CCSc3ccsc32)c1	0.043597
rxn:2:65977:141943	CCC(N[C@H](c1ccc[nH]1)C(C)CC)C1CSC1	0.043594
rxn:2:91084:105764	CCCCC1CC(Nc2nccnc2-c2ncon2)C1	0.043582
rxn:2:72605:141943	CCC(NCC1(Cc2cccnc2)CC1)C1CSC1	0.043578
rxn:2:79737:96265	COc1ccc(OC)c2c(NC3CC(SC)C3)ccnc12	0.043557
rxn:2:105912:87143	CCCc1sc(NC(C)CCc2cnsc2)nc1C	0.043556
rxn:2:83244:140522	CCCC1CCC(Nc2cc3c(cc2C)SCC3)C1	0.043545
rxn:2:81888:90296	COc1cc(NC2CC(C3CC3)C2)c2nccc(C)c2c1	0.043537
rxn:2:108904:83447	CCOc1cc(C)nc2cc(NC3C[C@@H]4C[C@@H]4C3)ccc12	0.043537
rxn:2:70292:141943	CCC(Nc1cc(C)nc2cc(C(C)C)nn12)C1CSC1	0.043525
rxn:2:136496:112944	CSCC(NCc1cnn(C)c(=O)c1)c1ccncc1	0.043524
rxn:2:84172:83447	c1ccc(COc2cc(NC3C[C@@H]4C[C@@H]4C3)cnn2)cc1	0.043497
rxn:2:118275:141943	CCC(NCc1c(C(C)(C)C)oc(C)c1C)C1CSC1	0.043497
rxn:2:119918:83447	C[C@H](CN1CCCc2ccccc2C1)NC1C[C@@H]2C[C@@H]2C1	0.043481
rxn:2:93079:121798	Cc1n[nH]c(CNC2CCCC(n3ncnn3)C2)n1	0.043477
rxn:2:93385:103571	Cc1cc(=O)[nH]c(CNC(C)c2cc3c(s2)CCCC3)n1	0.043470
rxn:2:79235:90296	O=c1c2ccnn2cnn1CCNC1CC(C2CC2)C1	0.043469
rxn:2:80976:90296	COc1cnccc1-n1ncnc1NC1CC(C2CC2)C1	0.043458
rxn:2:67607:96373	Cc1cc2c(n1C(C)C(C)C)CCCC2Nc1ncsn1	0.043457
rxn:2:139727:109246	CCC(NCCc1nc(C(C)C)nn1C)C1(F)CC1	0.043431
rxn:2:81263:90234	CSCc1cncc(NC2CC3CCCCCC3C2)c1	0.043428
rxn:2:81263:101017	CSCc1cncc(NC2CCC3CCCCC3C2)c1	0.043428
rxn:2:81263:92854	CSCc1cncc(NC2CCC[C@@H]3CCCC[C@@H]23)c1	0.043428
rxn:2:81263:108063	CSCc1cncc(NC2CCC[C@H]3CCCC[C@H]23)c1	0.043428
rxn:2:81263:129473	CSCc1cncc(NC2CCCC3CCCCC32)c1	0.043428
rxn:2:83350:109246	CCC(N[C@H]1CCC[C@H](C(C)(C)C)C1)C1(F)CC1	0.043427
rxn:2:66976:121923	CC(Nc1ncon1)c1ccccc1SC1CCOCC1	0.043421
rxn:2:67607:135092	c1cc(OCC2CC2)c2c(c1)C(Nc1ncsn1)CCC2	0.043419
rxn:2:76302:137914	CSCCC1CC(NC2(c3ncon3)CCOCC2)C1	0.043419
rxn:2:114503:127742	CCC(C)NCC1CCC(c2nnc(C)n2CC)CC1	0.043409
rxn:2:84577:70434	CN(C)[C@H]1CC[C@@H]1NC1CC(CCS(C)(=O)=O)C1	0.043394
rxn:2:98854:83447	CN(Cc1ccco1)c1ncccc1NC1C[C@@H]2C[C@@H]2C1	0.043393
rxn:2:66976:91775	CN(CC1CC1)CC(Nc1ncon1)c1ccco1	0.043388
rxn:2:78225:125321	Cc1c[nH]c(C)c1NC(C)c1ccnc(C(C)(C)F)c1	0.043384
rxn:2:135338:107592	CSc1cc(NC2CCC3CN(C)CCC3C2)cnn1	0.043381
rxn:2:135338:117115	CSc1cc(NC2CCc3c2ccc(C)c3C)cnn1	0.043378
rxn:2:110358:90296	CC(C)(Cc1ncc2ccccn12)NC1CC(C2CC2)C1	0.043363
rxn:2:67607:114657	CN1CCCN(CC(Nc2ncsn2)c2ccco2)CC1	0.043363
rxn:2:76302:105764	CCCCC1CC(NC2(c3ncon3)CCOCC2)C1	0.043355
rxn:2:67607:135404	Cc1cc2ncc(C(C)Nc3ncsn3)cn2n1	0.043354
rxn:2:67607:85681	Cc1nc2cnccn2c1C(C)Nc1ncsn1	0.043354
rxn:2:124203:70439	C[C@@H](NC1CC2OC(C1)C1CC21)c1ccc2cn[nH]c2c1	0.043353
rxn:2:135453:134526	Cc1nc(C)n(C)c1NC(C)c1cc2c([nH]c1=O)CCC2	0.043351
rxn:2:75623:130954	Cn1ncnc1-c1cn[nH]c1NC1CCC2(CC1)CSC2	0.043339
rxn:2:135338:128655	CSc1cc(NC2CC3CC4CCCN3C4C2)cnn1	0.043337
rxn:2:136570:78603	CC1C(NCC2CCC23CCCO3)CC1c1ccccc1	0.043330
rxn:2:97885:93067	CCn1cc(CCC(C)N[C@H]2[C@@H]3CC[C@H]2COC3)cn1	0.043326
rxn:2:74325:93067	CCn1cc(CCC(C)N[C@@H]2[C@@H]3CC[C@H]2COC3)cn1	0.043326
rxn:2:89158:130954	c1cc(-c2cn[nH]c2NC2CCC3(CC2)CSC3)ccn1	0.043324
rxn:2:66992:115775	CC(CCCC1CC1)NC(C)c1nccc(=O)[nH]1	0.043322
rxn:2:66976:100288	CCCCC(C)N1C2CCC1CC(Nc1ncon1)C2	0.043321
rxn:2:84577:89655	COc1ccc(OC)c(C(C)N[C@H]2CC[C@@H]2N(C)C)c1	0.043321
rxn:2:84577:112021	COc1ccc(C(C)N[C@H]2CC[C@@H]2N(C)C)c(OC)c1	0.043321
rxn:2:96303:91155	Cc1nc2c(n1C)C(NC1CC3(CCCCO3)C1)CCC2	0.043319
rxn:2:66976:124477	Cc1ccc(S(=O)(=O)CC2CC(Nc3ncon3)C2)cc1	0.043314
rxn:2:99134:88076	CCc1cncc(NC2CCc3cccnc3CC2)c1	0.043306
rxn:2:78936:109246	CCC(NC(C)(C)CCc1nccn1C)C1(F)CC1	0.043304
rxn:2:96303:133809	CC(NC1CC2(CCCCO2)C1)c1cccc2[nH]ncc12	0.043300
rxn:2:97885:99300	CC(CCCc1cccnc1)N[C@H]1[C@@H]2CC[C@H]1COC2	0.043295
rxn:2:74325:99300	CC(CCCc1cccnc1)N[C@@H]1[C@@H]2CC[C@H]1COC2	0.043295
rxn:2:121361:71205	Cc1ccc(NC(C)CCC2(C3CCC3)COC2)nn1	0.043294
rxn:2:70838:130954	Cc1ccc2nc(CNC3CCC4(CC3)CSC4)[nH]c2c1	0.043294
rxn:2:76776:80534	Cc1cccc(CCC(C)NC2CC2C2CCOC2)n1	0.043292
rxn:2:93519:128278	CC(NC1C(F)CC2CC21)c1ccc(CS(C)(=O)=O)cc1	0.043290
rxn:2:66976:74669	c1ccc(C(Nc2ncon2)c2ccsn2)cc1	0.043286
rxn:2:82021:94554	COc1ccc(C2CC(NC(C)CC3COC3)C2)cc1	0.043279
rxn:2:76776:122242	c1ncc(N2CCC(NC3CC3C3CCOC3)CC2)cn1	0.043277
rxn:2:93519:143882	FC1CC2CC2C1NC1COc2cc3ccccc3cc21	0.043276
rxn:2:66976:107624	CCCC(C)N1CCCC1C(CC)Nc1ncon1	0.043266
rxn:2:66976:133167	CCCN(CCC)C1CCC(Nc2ncon2)CC1	0.043266
rxn:2:132496:90296	CC(C)Cn1cc(CNC2CC(C3CC3)C2)ccc1=O	0.043262
rxn:2:97885:135540	CN1C[C@@H]2CCCC(N[C@H]3[C@@H]4CC[C@H]3COC4)[C@@H]2C1	0.043259
rxn:2:70375:130954	Cc1ccc2nc(NC3CCC4(CC3)CSC4)cnc2c1	0.043258
rxn:2:109069:130954	Cc1ccc2ncc(NC3CCC4(CC3)CSC4)nc2c1	0.043258
rxn:2:131835:130954	Cc1ccc2nc(NC3CCC4(CC3)CSC4)ncc2c1	0.043258
rxn:2:76776:136794	Cc1c(CCC(C)NC2CC2C2CCOC2)cnn1C	0.043246
rxn:2:71312:125321	Cc1c[nH]c(=O)nc1NC(C)c1ccnc(C(C)(C)F)c1	0.043239
rxn:2:68182:107702	CCc1ccc(C(C)N[C@@H]2CCN(CC(C)C)C2)cn1	0.043237
rxn:2:67607:133549	CC(C)(C)c1nc(C2CCC(Nc3ncsn3)CC2)cs1	0.043234
rxn:2:114892:103571	CC(NC1(Cc2nncs2)CC1)c1cc2c(s1)CCCC2	0.043234
rxn:2:103068:134526	Cc1ncnc(NC(C)c2cc3c([nH]c2=O)CCC3)c1C	0.043233
rxn:2:138600:113325	CCC1(NC2c3cccc(C)c3CC2C)CC(F)(F)C1	0.043232
rxn:2:87345:80762	CCc1cnn(C)c1NC1CCC(C)c2cc(C)ccc21	0.043224
rxn:2:138600:70775	CCOc1ncccc1C(C)NC1(CC)CC(F)(F)C1	0.043220
rxn:2:107810:115775	CSc1ccc(NC(C)CCCC2CC2)cn1	0.043216
rxn:2:77035:122702	CC[C@@H]1CCC(NCc2cn(CC3CCOC3)nn2)C1	0.043215
rxn:2:97885:86042	CCc1ccc(CCC(C)N[C@H]2[C@@H]3CC[C@H]2COC3)s1	0.043214
rxn:2:74325:86042	CCc1ccc(CCC(C)N[C@@H]2[C@@H]3CC[C@H]2COC3)s1	0.043214
rxn:2:112018:132476	Cc1cc(C(C)NC2CC3COCC(C2)C3(F)F)sc1C	0.043211
rxn:2:135338:92530	CCN1C2CCCC1CC(Nc1cnnc(SC)c1)C2	0.043199
rxn:2:135338:66570	CSc1cc(NC2CCCC(C3CCOC3)C2)cnn1	0.043191
rxn:2:93519:137279	FC1CC2CC2C1NC1COc2cc3c(cc21)OCCO3	0.043181
rxn:2:93079:110638	Cc1n[nH]c(CNC(C)c2ccc3c(c2)CCCCO3)n1	0.043181
rxn:2:135338:86439	CSc1cc(NC2CC3CCC(C2)N3C2CC2)cnn1	0.043181
rxn:2:73561:141943	CCC(Nc1c(C)nc(-c2ccccc2)n1C)C1CSC1	0.043174
rxn:2:93079:76495	Cc1cc(C)cc(C2CCCC2NCc2nc(C)n[nH]2)c1	0.043167
rxn:2:126230:103571	Cc1n[nH]c(C(C)(C)NC(C)c2cc3c(s2)CCCC3)n1	0.043165
rxn:2:112333:139833	CCCC(NCc1nc(=O)[nH][nH]1)c1ccsc1	0.043148
rxn:2:102481:70439	Cn1ccc(N2CCC(NC3CC4OC(C3)C3CC43)C2)n1	0.043144
rxn:2:132519:70439	Cn1ccnc1N1CCC(NC2CC3OC(C2)C2CC32)C1	0.043144
rxn:2:135338:77038	CSc1cc(NC(c2ccc[nH]2)C2CCC2)cnn1	0.043137
rxn:2:135338:94286	CSc1cc(NC2CCOC(C3CCCC3)C2)cnn1	0.043134
rxn:2:97885:69366	c1ccc2c(c1)OCC1C(N[C@H]3[C@@H]4CC[C@H]3COC4)CC21	0.043128
rxn:2:76776:124273	CC(NC1CC1C1CCOC1)c1ccc(-c2cnsc2)s1	0.043126
rxn:2:76725:91066	c1cc2c(s1)C(Nc1c(C3CC3)cncc1C1CC1)CO2	0.043122
rxn:2:99134:116552	CCc1cncc(NC2CCOC3(CCC(C)(C)C3)C2)c1	0.043120
rxn:2:112668:106229	CC(NC12CC(c3nccs3)(C1)C2)c1ncc(C2CC2)s1	0.043117
rxn:2:116273:76082	COc1cc(NC(C)c2cccc(C)c2C)cnc1OC	0.043109
rxn:2:92236:141943	CCC(Nc1nc(C)cc(-c2ccccc2)n1)C1CSC1	0.043101
rxn:2:73909:70439	c1cc(N2CC[C@H](NC3CC4OC(C3)C3CC43)C2)ncn1	0.043093
rxn:2:102551:70439	c1cc(N2CCC(NC3CC4OC(C3)C3CC43)C2)ncn1	0.043093
rxn:2:110342:70439	c1cc(N2CC[C@@H](NC3CC4OC(C3)C3CC43)C2)ncn1	0.043093
rxn:2:67097:70439	c1cnc(N2CC[C@H](NC3CC4OC(C3)C3CC43)C2)nc1	0.043093
rxn:2:102623:70439	c1cnc(N2CCC(NC3CC4OC(C3)C3CC43)C2)nc1	0.043093
rxn:2:130548:70439	c1cnc(N2CC[C@@H](NC3CC4OC(C3)C3CC43)C2)nc1	0.043093
rxn:2:104055:70439	c1ncc(N2CCC(NC3CC4OC(C3)C3CC43)C2)cn1	0.043093
rxn:2:81158:70439	c1cnc(N2CC[C@H](NC3CC4OC(C3)C3CC43)C2)cn1	0.043093
rxn:2:93104:70439	c1cnc(N2CC[C@@H](NC3CC4OC(C3)C3CC43)C2)cn1	0.043093
rxn:2:93774:70439	c1cnc(N2CCC(NC3CC4OC(C3)C3CC43)C2)cn1	0.043093
rxn:2:101497:70439	c1cnnc(N2CCC(NC3CC4OC(C3)C3CC43)C2)c1	0.043093
rxn:2:102418:70439	c1cnnc(N2CC[C@@H](NC3CC4OC(C3)C3CC43)C2)c1	0.043093
rxn:2:82135:96265	CSC1CC(NC(C)(C)Cc2c(C)cc(C)cc2C)C1	0.043090
rxn:2:135338:134589	CSc1cc(NC2CC3CCCC(C2)S3(=O)=O)cnn1	0.043089
rxn:2:66976:122673	CCC1CCC(Nc2ncon2)C(CCC(C)(C)C)C1	0.043083
rxn:2:79411:87143	CC(CCc1cnsc1)NC(CC1CC1)C1CC1	0.043071
rxn:2:67607:140941	CC(C)COc1cccc2c1CCCC2Nc1ncsn1	0.043070
rxn:2:67607:69858	CC(C)COc1ccc2c(c1)CCCC2Nc1ncsn1	0.043070
rxn:2:93519:122871	COCCc1ccc2c(c1)C(NC1C(F)CC3CC31)CO2	0.043069
rxn:2:81410:80762	Cc1ccc2c(c1)C(C)CCC2NCc1ccc(=O)n(C)n1	0.043062
rxn:2:136496:131668	Cc1ccc2c(c1)C(NCc1cnn(C)c(=O)c1)CCC2C	0.043062
rxn:2:114274:91066	c1cc(NC2COc3ccsc32)cc(C2CCCC2)c1	0.043053
rxn:2:112732:91066	c1cc2c(s1)C(Nc1ccc(C3CCCC3)cc1)CO2	0.043053
rxn:2:77934:76082	COc1cc(NC(C)c2cccc(C)c2C)ccc1C	0.043050
rxn:2:130590:76082	COc1ccc(NC(C)c2cccc(C)c2C)cc1C	0.043050
rxn:2:93519:88324	FC1CC2CC2C1NC(CN1CCOCC1)c1cccs1	0.043048
rxn:2:93519:130127	CSc1ccc2c(c1)OCCC2NC1C(F)CC2CC21	0.043048
rxn:2:105670:94654	CC(CNC1CC2(CCO2)C1)N(c1ncco1)C1CC1	0.043047
rxn:2:136496:77101	Cc1ccc2c(c1)C(C)(C)CC2NCc1cnn(C)c(=O)c1	0.043047
rxn:2:136496:88664	Cc1ccc2c(c1)C(NCc1cnn(C)c(=O)c1)CC2(C)C	0.043047
rxn:2:138600:130039	CCc1cccc2c1CCC2NC1(CC)CC(F)(F)C1	0.043043
rxn:2:84577:121344	COc1cnc(OC)c(C(C)N[C@H]2CC[C@@H]2N(C)C)c1	0.043038
rxn:2:91041:125321	CC(NC[C@]1(F)CCCOC1)c1ccnc(C(C)(C)F)c1	0.043035
rxn:2:136496:140743	Cc1ccc2c(c1)C(NCc1cnn(C)c(=O)c1)CC(C)C2	0.043029
rxn:2:136496:137328	Cc1ccc2c(c1)CC(C)(C)C2NCc1cnn(C)c(=O)c1	0.043029
rxn:2:83628:67395	COC1CCCC[C@H]1NC1CC(c2nc(C3CC3)no2)C1	0.043028
rxn:2:88931:141943	CCC(Nc1c(C)nn(-c2ccccc2)c1C)C1CSC1	0.043026
rxn:2:110643:141943	CCC(Nc1c(C)c(C)nn1-c1ccccc1)C1CSC1	0.043026
rxn:2:126061:141943	CCC(Nc1cc(C)nn1-c1cccc(C)c1)C1CSC1	0.043026
rxn:2:113134:141943	CCC(Nc1cnn(-c2ccc(C)cc2)c1C)C1CSC1	0.043026
rxn:2:69714:70439	CC(C)c1c(NC2CC3OC(C2)C2CC32)nn2cccnc12	0.043020
rxn:2:117302:91939	Cc1cn(-c2ccnc(NC3CCN(C)C3(C)C)c2)nc1C	0.043019
rxn:2:76776:115258	CC(NC1CC1C1CCOC1)c1sccc1-c1ccco1	0.043018
rxn:2:112859:94654	Cc1nn(-c2ccnc(C)c2C)cc1NC1CC2(CCO2)C1	0.043016
rxn:2:93519:83311	Cc1cccc2c1CC(C)CC2NC1C(F)CC2CC21	0.042996
rxn:2:99134:73486	CCc1cncc(NC(c2nc(C)c(C)o2)C(C)(C)C)c1	0.042969
rxn:2:136496:135192	Cc1ccc2c(c1)C(NCc1cnn(C)c(=O)c1)C(F)CC2	0.042965
rxn:2:72207:139295	c1nc(N2CCC(NC3CC4CC(C4)C3)C2)c2sccc2n1	0.042965
rxn:2:67607:83524	CC(C)CC(Nc1ncsn1)C(C)(C)c1ccccc1	0.042958
rxn:2:79044:92418	Cc1ccccc1N1CCC(NC2CCCc3snnc32)C1	0.042956
rxn:2:68287:92418	Cc1ccc(N2CCC(NC3CCCc4snnc43)C2)cc1	0.042956
rxn:2:135117:92418	Cc1cccc(N2CCC(NC3CCCc4snnc43)C2)c1	0.042956
rxn:2:66976:133968	CCCC1CCN(C2CCCCC2Nc2ncon2)CC1	0.042956
rxn:2:100202:122702	CCC(CC)C(NC1CC[C@@H](CC)C1)c1ncon1	0.042953
rxn:2:131560:70439	Cn1cnc(-c2cc(NC3CC4OC(C3)C3CC43)[nH]n2)c1	0.042948
rxn:2:68960:66379	CCc1cc(OC)nc(C(C)Nc2n[nH]c(=O)n2C)c1	0.042939
rxn:2:104774:92418	c1ccc(N2CCCC(NC3CCCc4snnc43)C2)cc1	0.042935
rxn:2:126968:92418	c1ccc(N2CCC(NC3CCCc4snnc43)CC2)cc1	0.042935
rxn:2:101957:66368	Cn1c2c(ccc1=O)C(Nc1nnc(C3(F)CC3)s1)CCC2	0.042928
rxn:2:74561:117115	Cc1ccc2c(c1C)CCC2NCc1cnc2c(c1)OCO2	0.042923
rxn:2:93079:75727	Cc1n[nH]c(CNC2CCN(C)C3(CCOCC3)C2)n1	0.042918
rxn:2:89378:105764	CCCCC1CC(Nc2ccc(-c3ncon3)cc2)C1	0.042918
rxn:2:74648:105764	CCCCC1CC(Nc2ccccc2-c2ncon2)C1	0.042918
rxn:2:74754:105764	CCCCC1CC(Nc2cccc(-c3ncon3)c2)C1	0.042918
rxn:2:76776:87313	Cc1cccc(CCC(C)NC2CC2C2CCOC2)c1	0.042908
rxn:2:76776:124285	Cc1ccccc1CCC(C)NC1CC1C1CCOC1	0.042908
rxn:2:76776:90390	Cc1ccc(CCC(C)NC2CC2C2CCOC2)cc1	0.042908
rxn:2:140730:76757	c1cc(NC2CCOC3(CCSCC3)C2)c2sccc2n1	0.042907
rxn:2:140730:141084	c1cc(NC2CCOC3(CCCSC3)C2)c2sccc2n1	0.042907
rxn:2:99134:137279	CCc1cncc(NC2COc3cc4c(cc32)OCCO4)c1	0.042903
rxn:2:81263:86439	CSCc1cncc(NC2CC3CCC(C2)N3C2CC2)c1	0.042892
rxn:2:67553:92418	c1ccc(N2CCCC(NC3CCCc4snnc43)C2)nc1	0.042875
rxn:2:85958:92418	c1ccc(N2CCC(NC3CCCc4snnc43)CC2)nc1	0.042875
rxn:2:65970:115773	CCN1CCCc2cc(NC3CCc4c3cnn4C)ccc21	0.042874
rxn:2:97885:77025	CC(CCCc1ccccc1)N[C@H]1[C@@H]2CC[C@H]1COC2	0.042867
rxn:2:74325:77025	CC(CCCc1ccccc1)N[C@@H]1[C@@H]2CC[C@H]1COC2	0.042867
rxn:2:100556:127554	CCC(Nc1c(C)nn2ccccc12)C1CC2(CCC2)C1	0.042859
rxn:2:92374:127554	CCC(Nc1cccc2nc(C)cn12)C1CC2(CCC2)C1	0.042859
rxn:2:84173:127554	CCC(Nc1c(C)nc2ccccn12)C1CC2(CCC2)C1	0.042859
rxn:2:124329:92418	Cc1ncccc1N1CCC(NC2CCCc3snnc32)C1	0.042859
rxn:2:97501:92418	Cc1cccc(N2CCC(NC3CCCc4snnc43)C2)n1	0.042859
rxn:2:95590:83447	CC(C)c1cc(NC2C[C@@H]3C[C@@H]3C2)n(C2CCSCC2)n1	0.042854
rxn:2:66656:135402	Cc1cc2c(cn1)C(N[C@H]1C[C@H](Cn3cccn3)C1)CCC2	0.042854
rxn:2:66656:91584	Cc1cnc2c(c1)C(N[C@H]1C[C@H](Cn3cccn3)C1)CCC2	0.042854
rxn:2:66656:103915	Cc1cnc2c(c1)CCCC2N[C@H]1C[C@H](Cn2cccn2)C1	0.042854
rxn:2:66656:122162	Cc1ccc2c(n1)CCCC2N[C@H]1C[C@H](Cn2cccn2)C1	0.042854
rxn:2:66656:74125	Cc1ccc2c(n1)C(N[C@H]1C[C@H](Cn3cccn3)C1)CCC2	0.042854
rxn:2:131158:83447	CCN1CC2CCCC(NC3C[C@@H]4C[C@@H]4C3)(C1)C2(F)F	0.042853
rxn:2:96709:91939	CCc1nn(-c2ccncc2)cc1NC1CCN(C)C1(C)C	0.042850
rxn:2:119105:91939	CCc1nn(-c2cccnc2)cc1NC1CCN(C)C1(C)C	0.042850
rxn:2:105759:91939	CCc1ccn(-c2ccnc(NC3CCN(C)C3(C)C)c2)n1	0.042850
rxn:2:93334:91939	CCc1cc(-n2cc(NC3CCN(C)C3(C)C)cn2)ccn1	0.042850
rxn:2:136496:97056	Cc1ccc2c(c1)OCCCC2NCc1cnn(C)c(=O)c1	0.042849
rxn:2:136496:76353	Cc1ccc2c(c1)C(NCc1cnn(C)c(=O)c1)CCCO2	0.042849
rxn:2:136496:84548	Cc1ccc2c(c1)OC(C)CC2NCc1cnn(C)c(=O)c1	0.042849
rxn:2:136496:130026	Cc1ccc2c(c1)C(NCc1cnn(C)c(=O)c1)CC(C)O2	0.042849
rxn:2:140408:92418	FC1CCN(c2ncccc2NC2CCCc3snnc32)C1	0.042837
rxn:2:84276:80762	Cc1cncc(CNC2CCC(C)c3cc(C)ccc32)c1	0.042834
rxn:2:83147:130954	Cc1csc(-c2cn[nH]c2NC2CCC3(CC2)CSC3)n1	0.042834
rxn:2:136496:78834	Cn1ncc(CNC2CCOC23CCOCC3)cc1=O	0.042825
rxn:2:136496:131763	Cn1ncc(CNC2CCc3cc(C4CC4)ccc32)cc1=O	0.042824
rxn:2:81263:72130	CSCc1cncc(NC(C)c2ccc3c(c2)COC3)c1	0.042824
rxn:2:114106:99415	c1ncc(C2CC2)cc1NC1COc2cc3c(cc21)OCO3	0.042821
rxn:2:102998:92418	c1ccc(CN2CC[C@H](NC3CCCc4snnc43)C2)cc1	0.042819
rxn:2:104694:92418	c1ccc(CN2CC[C@@H](NC3CCCc4snnc43)C2)cc1	0.042819
rxn:2:135004:92418	c1ccc(CN2CCC(NC3CCCc4snnc43)C2)cc1	0.042819
rxn:2:138600:83036	CCC1(NC2CCCc3c(C)cccc32)CC(F)(F)C1	0.042811
rxn:2:86486:91066	CN1CCN(c2cncc(NC3COc4ccsc43)c2)CC1	0.042806
rxn:2:138600:67510	CCOc1cccc2c1OCC2NC1(CC)CC(F)(F)C1	0.042806
rxn:2:67607:137610	CC(C)(C)Cc1ccc2c(c1)C(Nc1ncsn1)CCC2	0.042802
rxn:2:97885:77279	c1ccc(C(N[C@H]2[C@@H]3CC[C@H]2COC3)c2cncnc2)cc1	0.042798
rxn:2:66656:79765	Cc1ncc2c(n1)CCCC2N[C@H]1C[C@H](Cn2cccn2)C1	0.042793
rxn:2:133557:80762	Cc1ccc2c(c1)C(C)CCC2NCc1ccn(C)c(=O)c1	0.042790
rxn:2:106725:80762	Cc1ccc2c(c1)C(C)CCC2NCc1ccc(=O)n(C)c1	0.042790
rxn:2:93079:70866	Cc1n[nH]c(CNC(C)c2cc3sccc3s2)n1	0.042780
rxn:2:157393:83447	c1ccc2c(c1)CCCN2c1nonc1NC1C[C@@H]2C[C@@H]2C1	0.042767
rxn:2:102258:123709	CN(C)c1ccc2c(c1)C(NC1CC(n3cncn3)C1)CC2	0.042754
rxn:2:118013:94654	COc1cc2nccc(NC3CC4(CCO4)C3)c2cc1OC	0.042749
rxn:2:72207:94654	c1nc(N2CCC(NC3CC4(CCO4)C3)C2)c2sccc2n1	0.042748
rxn:2:97885:70209	CC(N[C@H]1[C@@H]2CC[C@H]1COC2)c1ccc(-c2cnsc2)cn1	0.042744
rxn:2:74325:70209	CC(N[C@@H]1[C@@H]2CC[C@H]1COC2)c1ccc(-c2cnsc2)cn1	0.042744
rxn:2:112333:116123	Cc1ccc(C(NCc2nc(=O)[nH][nH]2)C2CC2)s1	0.042744
rxn:2:102258:116676	CC(C)c1ccc2c(c1)C(NC1CC(n3cncn3)C1)CC2	0.042738
rxn:2:67607:110041	CC(Nc1ncsn1)c1csc(-c2ccsc2)c1	0.042736
rxn:2:129297:91066	Cc1cc(C)n(CC(C)(C)NC2COc3ccsc32)c(=O)n1	0.042735
rxn:2:122461:130954	Cc1ccc(-c2cn[nH]c2NC2CCC3(CC2)CSC3)o1	0.042730
rxn:2:96303:119227	Cc1ccc2c(c1)CCC(NC1CC3(CCCCO3)C1)C2	0.042719
rxn:2:105315:107092	CCC(Nc1c(C)nc2cccnn12)C1CC(C)OC(C)C1	0.042718
rxn:2:105315:126736	CCC(Nc1c(C)nc2cccnn12)[C@H]1C[C@@H](C)O[C@@H](C)C1	0.042718
rxn:2:105315:89815	CCC(Nc1c(C)nc2cccnn12)C1CCOC(C)(C)C1	0.042717
rxn:2:135338:77099	CSc1cc(NC(C)c2cc(N(C)C)ccn2)cnn1	0.042713
rxn:2:75765:93175	Cc1cc(NC2CCN(C3CC3)CC2F)cc2cccnc12	0.042705
rxn:2:138600:74278	CCC1(NC2CCCc3c(OC)cccc32)CC(F)(F)C1	0.042703
rxn:2:102869:112899	C[C@@H]1[C@H](NC2CCc3c2ccc2c3CCC2)CCCN1C	0.042701
rxn:2:134496:111998	CCCc1nc(NC2CCCc3c2ccc(C)c3C)ns1	0.042701
rxn:2:136496:96424	COc1ccc2c(c1)C(C)CC2NCc1cnn(C)c(=O)c1	0.042700
rxn:2:72124:80762	COc1c(CNC2CCC(C)c3cc(C)ccc32)cnn1C	0.042699
rxn:2:122740:80762	COc1cnn(C)c1CNC1CCC(C)c2cc(C)ccc21	0.042699
rxn:2:135338:91214	COc1ncc(C)cc1C(C)Nc1cnnc(SC)c1	0.042697
rxn:2:136937:87143	CSCCn1cc(NC(C)CCc2cnsc2)nn1	0.042695
rxn:2:76776:153088	Cc1cccc2c1cc1n2CCC1NC1CC1C1CCOC1	0.042689
rxn:2:67607:118167	Cc1nnc2c(C(C)Nc3ncsn3)nccn12	0.042686
rxn:2:94763:105764	CCCCC1CC(NC(CCC)c2ncon2)C1	0.042684
rxn:2:81263:92530	CCN1C2CCCC1CC(Nc1cncc(CSC)c1)C2	0.042681
rxn:2:70470:91066	c1cc2c(s1)C(Nc1cncc(CN3CCOCC3)c1)CO2	0.042670
rxn:2:136496:90232	CCCCC(NCc1cnn(C)c(=O)c1)c1cccs1	0.042651
rxn:2:138600:88795	CCC1(NC2CCC(C)(C)c3ncccc32)CC(F)(F)C1	0.042645
rxn:2:136496:84235	Cc1ccc2c(c1)C(NCc1cnn(C)c(=O)c1)CCN2C	0.042632
rxn:2:75700:92418	Cc1nn(C)c(C)c1C(F)(F)CNC1CCCc2snnc21	0.042630
rxn:2:98515:80762	COc1cc(CNC2CCC(C)c3cc(C)ccc32)cnn1	0.042621
rxn:2:93519:111492	CC(C)(C)c1ccc2c(c1)C(NC1C(F)CC3CC31)CO2	0.042617
rxn:2:103798:122702	CC[C@@H]1CCC(NC2CC3(CCCCCC3)C2)C1	0.042608
rxn:2:84173:120583	Cc1nc2ccccn2c1NC(C)c1ccno1	0.042606
rxn:2:140259:91066	c1cc2c(c([C@@H]3C[C@H]3CNC3COc4ccsc43)c1)CCO2	0.042581
rxn:2:138474:76082	Cc1cccc(C(C)Nc2cn3c(n2)C(C)CCC3)c1C	0.042565
rxn:2:115194:71823	Cc1coc(C)c1C(C)NC(C)c1nc2c(s1)CCCC2	0.042554
rxn:2:84036:130954	c1ccc(-c2cn[nH]c2NC2CCC3(CC2)CSC3)cc1	0.042554
rxn:2:67607:124337	c1nc(NC2CCc3cc(C4CCCCC4)ccc32)ns1	0.042547
rxn:2:127234:87143	CSCc1nc(CNC(C)CCc2cnsc2)cs1	0.042540
rxn:2:93447:122702	CC[C@@H]1CCC(NC2(c3ncon3)CCCCCC2)C1	0.042537
rxn:2:120202:141943	CCC(CN1CCC(C)C1)NC(CC)C1CSC1	0.042537
rxn:2:114106:71450	CC1CCC(Nc2cncc(C3CC3)c2)c2sccc21	0.042535
rxn:2:81263:66570	CSCc1cncc(NC2CCCC(C3CCOC3)C2)c1	0.042518
rxn:2:93079:67870	Cc1n[nH]c(CNC2CC3(C(C)C)CCC2(C)C3(C)C)n1	0.042514
rxn:2:81263:99260	CSCc1cncc(NC2c3cc(C)ccc3C[C@H]2C)c1	0.042512
rxn:2:67607:99820	CCOc1c(C(C)Nc2ncsn2)cnn1CC1CC1	0.042500
rxn:2:97885:141269	Cc1cc(C)cc(CCC(C)N[C@H]2[C@@H]3CC[C@H]2COC3)c1	0.042500
rxn:2:74325:141269	Cc1cc(C)cc(CCC(C)N[C@@H]2[C@@H]3CC[C@H]2COC3)c1	0.042500
rxn:2:105496:91066	Cc1cnccc1C1C(CNC2COc3ccsc32)C1(F)F	0.042500
rxn:2:136496:72584	CC(C)C1CCC(NCc2cnn(C)c(=O)c2)c2ccnn21	0.042499
rxn:2:168239:83447	COc1ccccc1-n1nc(C)c(C)c1NC1C[C@@H]2C[C@@H]2C1	0.042491
rxn:2:112040:98176	CC1(C2CC2)CC(Nc2nc(-c3cnccn3)ns2)CCO1	0.042479
rxn:2:81263:129455	CSCc1cncc(NC2CC(C3CCCCC3)C2)c1	0.042469
rxn:2:81263:139228	CSCc1cncc(NC2CCC(C3CCCC3)C2)c1	0.042469
rxn:2:81263:67015	CSCc1cncc(NC2CCC(C3CCC3)CC2)c1	0.042469
rxn:2:81263:126322	CSCc1cncc(NC2CCCC2C2CCCC2)c1	0.042469
rxn:2:81263:131677	CSCc1cncc(NC2CCC2C2CCCCC2)c1	0.042469
rxn:2:122941:141943	CCC(NC(C)c1ncc(-c2ccsc2)[nH]1)C1CSC1	0.042465
rxn:2:66976:74209	Cc1cccc2cc(C(C)Nc3ncon3)oc12	0.042455
rxn:2:67468:91066	c1cc2c(s1)C(Nc1cncc(CN3CCCCC3)c1)CO2	0.042447
rxn:2:93079:79783	Cc1n[nH]c(CNC(C)c2ccc(N3CCCCC3)s2)n1	0.042445
rxn:2:138655:141943	CCC(Nc1c(C)nn(Cn2cccn2)c1C)C1CSC1	0.042442
rxn:2:95981:92418	c1cnc(N2CCCC(NC3CCCc4snnc43)C2)nc1	0.042436
rxn:2:100429:92418	c1cnc(N2CCC[C@H](NC3CCCc4snnc43)C2)nc1	0.042436
rxn:2:118149:92418	c1cc(N2CCC(NC3CCCc4snnc43)CC2)ncn1	0.042436
rxn:2:140979:92418	c1cnc(N2CCC(NC3CCCc4snnc43)CC2)nc1	0.042436
rxn:2:123924:134526	Cc1ccc(CCNC(C)c2cc3c([nH]c2=O)CCC3)s1	0.042432
rxn:2:112668:101274	CC(CCc1ncccn1)NC12CC(c3nccs3)(C1)C2	0.042427
rxn:2:67607:125958	CCCc1ccc2c(c1)C(Nc1ncsn1)CCCC2	0.042424
rxn:2:67607:111940	CCCc1ccc2c(c1)CCCCC2Nc1ncsn1	0.042424
rxn:2:86095:118131	Cc1cnc(C2CC(NC(Cn3ccnc3)C(C)C)C2)s1	0.042423
rxn:2:96303:125713	c1cncc(C(NC2CC3(CCCCO3)C2)c2nnco2)c1	0.042423
rxn:2:102277:141943	CCC(NCC(C)(C)c1nnc2ccccn12)C1CSC1	0.042422
rxn:2:116614:125235	O=c1c(NC2CCOC23CCCCC3)cccn1[C@H]1C[C@H]1F	0.042419
rxn:2:132418:140137	Cc1c[nH]c2ncnc(NC3CCC4C3COC4(C)C)c12	0.042419
rxn:2:111169:78603	CCCn1ncc(C)c1NC1CC(c2ccccc2)C1C	0.042414
rxn:2:66656:92158	Cc1ccc2c(c1)CCCC2N[C@H]1C[C@H](Cn2cccn2)C1	0.042412
rxn:2:66656:98629	Cc1ccc2c(c1)C(N[C@H]1C[C@H](Cn3cccn3)C1)CCC2	0.042412
rxn:2:68374:138146	CCC(Cc1cccnc1)NC1CCN(c2nccs2)C1	0.042410
rxn:2:126044:103571	Cc1n[nH]c(CC(C)NC(C)c2cc3c(s2)CCCC3)n1	0.042408
rxn:2:97679:78603	CCc1nc(C)sc1CNC1CC(c2ccccc2)C1C	0.042402
rxn:2:83023:78603	CCc1nc(C)c(CNC2CC(c3ccccc3)C2C)s1	0.042402
rxn:2:120324:78603	CCc1sc(CNC2CC(c3ccccc3)C2C)nc1C	0.042402
rxn:2:96303:83009	CC(NC1CC2(CCCCO2)C1)c1cc2ccccc2s1	0.042402
rxn:2:121690:92418	Cc1nccnc1N1CCC(NC2CCCc3snnc32)C1	0.042385
rxn:2:94683:92418	Cc1cc(N2CCC(NC3CCCc4snnc43)C2)ncn1	0.042385
rxn:2:106387:92418	Cc1cc(N2CC[C@H](NC3CCCc4snnc43)C2)ncn1	0.042385
rxn:2:108230:92418	Cc1cc(N2CC[C@@H](NC3CCCc4snnc43)C2)ncn1	0.042385
rxn:2:130319:92418	Cc1nccc(N2CCC(NC3CCCc4snnc43)C2)n1	0.042385
rxn:2:111804:92418	Cc1ccc(N2CCC(NC3CCCc4snnc43)C2)nn1	0.042385
rxn:2:89900:141943	CCC(NC(c1nnc2ccccn12)C(C)C)C1CSC1	0.042379
rxn:2:95530:141943	CCC(N[C@@H](c1nnc2ccccn12)C(C)C)C1CSC1	0.042379
rxn:2:140730:113188	CC1(C)CC2(CC(Nc3ccnc4ccsc34)CCO2)C1	0.042375
rxn:2:140730:68174	CC1CCC2(C1)CC(Nc1ccnc3ccsc13)CCO2	0.042375
rxn:2:94763:87143	CCCC(NC(C)CCc1cnsc1)c1ncon1	0.042371
rxn:2:76721:141943	CCC(Nc1cnn(Cc2cccc(C)n2)c1)C1CSC1	0.042367
rxn:2:134165:105732	c1c[nH]c(Cc2cncc(NC3C[C@H]4CCC[C@H]4C3)c2)c1	0.042347
rxn:2:92508:92418	c1ccc(C2(NC3CCCc4snnc43)CC3(CC3)C2)cc1	0.042346
rxn:2:67607:127625	COc1cccc(C(CN2CCCC2)Nc2ncsn2)c1	0.042338
rxn:2:114106:131945	CC1(C)CC(Nc2cncc(C3CC3)c2)c2sccc2O1	0.042338
rxn:2:127269:87143	CC1CCC(C2CC2NC(C)CCc2cnsc2)CC1	0.042337
rxn:2:91411:91066	c1cc2c(s1)C(Nc1ccc(C3CCCCC3)cn1)CO2	0.042332
rxn:2:129412:90296	CC(CNC1CC(C2CC2)C1)SCc1ccccc1	0.042329
rxn:2:133270:92418	Cc1ncnc(N2CC(NC3CCCc4snnc43)C2)c1C	0.042329
rxn:2:129837:103571	CC(NCc1nc(C2CC2)n[nH]1)c1cc2c(s1)CCCC2	0.042328
rxn:2:67607:79177	CN(C)CCOc1cccc2c1CCC2Nc1ncsn1	0.042319
rxn:2:135338:117900	CSc1cc(NC2CCC3CC(C)CCC3C2)cnn1	0.042318
rxn:2:138600:96624	CCC1(NC2CCCCc3ncccc32)CC(F)(F)C1	0.042299
rxn:2:100217:141943	CCC(NCCc1c(C)nc2cccc(C)n12)C1CSC1	0.042297
rxn:2:81263:94286	CSCc1cncc(NC2CCOC(C3CCCC3)C2)c1	0.042289
rxn:2:138600:69526	CCC1(NC2CC(C)c3c(OC)cccc32)CC(F)(F)C1	0.042287
rxn:2:68182:123089	CC(C)CN1CC[C@@H](NC(C)c2nccc3[nH]ccc23)C1	0.042283
rxn:2:67607:84899	CCC(C(C)C)n1ccc2c1CCCC2Nc1ncsn1	0.042281
rxn:2:77469:90296	CC1CCc2nn(CC3CC3)c(NC3CC(C4CC4)C3)c21	0.042269
rxn:2:75792:80762	Cc1ccc2c(c1)C(C)CCC2NCCc1cnn(C)c1C	0.042264
rxn:2:96335:91066	CC(C)(C)CCn1ccc(=O)c(NC2COc3ccsc32)c1	0.042262
rxn:2:74493:117115	Cc1ccc2c(c1C)CCC2N[C@@H]1CCc2[nH]ncc2C1	0.042261
rxn:2:135338:104810	CSc1cc(NC2CCN(CC3CC3)CC2C)cnn1	0.042258
rxn:2:97885:90829	CC(N[C@H]1[C@@H]2CC[C@H]1COC2)c1ccccc1-c1cnsc1	0.042252
rxn:2:74325:90829	CC(N[C@@H]1[C@@H]2CC[C@H]1COC2)c1ccccc1-c1cnsc1	0.042252
rxn:2:96303:123180	COc1ccc2c(c1)CCC(NC1CC3(CCCCO3)C1)C2	0.042248
rxn:2:120167:111998	CCn1ccc(NC2CCCc3c2ccc(C)c3C)cc1=O	0.042248
rxn:2:112937:94654	Cc1cnn(C(C)C2CCOCC2)c1NC1CC2(CCO2)C1	0.042226
rxn:2:102258:124285	Cc1ccccc1CCC(C)NC1CC(n2cncn2)C1	0.042222
rxn:2:79495:102566	Cc1cnccc1C(C)NCCC1CC1c1cn(C)cn1	0.042216
rxn:2:79495:73156	Cc1ccncc1C(C)NCCC1CC1c1cn(C)cn1	0.042216
rxn:2:79495:108850	Cc1ncccc1C(C)NCCC1CC1c1cn(C)cn1	0.042216
rxn:2:79495:72591	Cc1ccc(C(C)NCCC2CC2c2cn(C)cn2)cn1	0.042216
rxn:2:116614:118256	O=c1c(NC2C[C@H]3C[C@@H]2C2CCCC23)cccn1[C@H]1C[C@H]1F	0.042211
rxn:2:146165:141943	CCC(Nc1cc(C)nc2cc(C(C)(C)C)nn12)C1CSC1	0.042204
rxn:2:130219:141943	CCc1nc2cc(C)ccn2c1CNC(CC)C1CSC1	0.042202
rxn:2:68287:70439	Cc1ccc(N2CCC(NC3CC4OC(C3)C3CC43)C2)cc1	0.042201
rxn:2:135117:70439	Cc1cccc(N2CCC(NC3CC4OC(C3)C3CC43)C2)c1	0.042201
rxn:2:79044:70439	Cc1ccccc1N1CCC(NC2CC3OC(C2)C2CC32)C1	0.042201
rxn:2:68182:71029	CC(C)CN1CC[C@@H](NC(C)c2n[nH]c3ccncc23)C1	0.042191
rxn:2:71439:141943	CCC(NCc1c(C2CC2)nc2ccccn12)C1CSC1	0.042190
rxn:2:139592:75178	CCN1CCc2nc(NC(C)CCc3ccco3)sc2C1	0.042188
rxn:2:121310:99378	COc1cccc(C(C)NC2CN(Cc3ccsc3)C2)c1	0.042188
rxn:2:120765:132476	Cc1cc(NC(C)c2cc(C)c(C)s2)ncc1C1CC1	0.042178
rxn:2:135377:132476	Cc1cnc(C2CC2)c(NC(C)c2cc(C)c(C)s2)c1	0.042178
rxn:2:70288:132476	Cc1cnc(NC(C)c2cc(C)c(C)s2)cc1C1CC1	0.042178
rxn:2:72246:132476	Cc1cc(C(C)Nc2cnc(C)c(C3CC3)c2)sc1C	0.042178
rxn:2:72989:132476	Cc1cc(C(C)Nc2nccc(C)c2C2CC2)sc1C	0.042178
rxn:2:99401:132476	Cc1cc(C2CC2)ncc1NC(C)c1cc(C)c(C)s1	0.042178
rxn:2:120318:132476	Cc1cc(C(C)Nc2cc(C3CC3)cnc2C)sc1C	0.042178
rxn:2:124313:72771	Cc1cc(C)c(NC2CC(CC(C)C)C2)c(N(C)C)c1	0.042173
rxn:2:90531:91066	CCN(CC)Cc1cncc(NC2COc3ccsc32)c1	0.042172
rxn:2:70470:105732	c1ncc(NC2C[C@H]3CCC[C@H]3C2)cc1CN1CCOCC1	0.042168
rxn:2:66976:114032	CCC(C)(C)OCC(Nc1ncon1)c1cccn1C	0.042164
rxn:2:124329:70439	Cc1ncccc1N1CCC(NC2CC3OC(C2)C2CC32)C1	0.042163
rxn:2:97501:70439	Cc1cccc(N2CCC(NC3CC4OC(C3)C3CC43)C2)n1	0.042163
rxn:2:66976:137893	Cc1ccc(C(CN(C)C2CCCC2)Nc2ncon2)s1	0.042161
rxn:2:93519:78092	COc1ccc2c(c1)OCC(OC)C2NC1C(F)CC2CC21	0.042159
rxn:2:109641:91066	Cc1ccc2c(c1)C(CNC1COc3ccsc31)CCCO2	0.042145
rxn:2:67437:105732	CC(C)CCc1cncc(NC2C[C@H]3CCC[C@H]3C2)c1	0.042143
rxn:2:79495:110366	Cc1ncncc1C(C)NCCC1CC1c1cn(C)cn1	0.042142
rxn:2:71240:91939	CCOc1nn(C(C)(C)C)c(C)c1NC1CCN(C)C1(C)C	0.042138
rxn:2:65823:132476	Cc1cc(NC(C)c2cc(C)c(C)s2)n(CCN(C)C)n1	0.042138
rxn:2:136142:111998	CCOc1cnnc(NC2CCCc3c2ccc(C)c3C)c1	0.042132
rxn:2:131874:87143	CCCn1ccc(CNC(C)CCc2cnsc2)c1	0.042132
rxn:2:139592:118131	CCN1CCc2nc(NC3CC(c4ncc(C)s4)C3)sc2C1	0.042118
rxn:2:66976:85885	O=c1ccc2c([nH]1)CC1CCCCC1C2Nc1ncon1	0.042116
rxn:2:65970:80351	CCN1CCCc2cc(NC3CCc4c3ccn4C)ccc21	0.042116
rxn:2:117508:90296	C[C@@H]1CN(c2cc(NC3CC(C4CC4)C3)ncn2)C[C@H](C)O1	0.042113
rxn:2:105315:110887	Cc1nc2cccnn2c1NC1CCN(C(C)(C)C)CC1F	0.042106
rxn:2:67607:130581	CC(C)c1ccc2c(c1)C(Nc1ncsn1)CCCC2	0.042104
rxn:2:67607:121847	CC(CCC1CCN(c2ccccc2)C1)Nc1ncsn1	0.042103
rxn:2:105315:91308	CCC(Nc1c(C)nc2cccnn12)C1CCC(F)(F)CC1	0.042096
rxn:2:100556:107092	CCC(Nc1c(C)nn2ccccc12)C1CC(C)OC(C)C1	0.042094
rxn:2:100556:126736	CCC(Nc1c(C)nn2ccccc12)[C@H]1C[C@@H](C)O[C@@H](C)C1	0.042094
rxn:2:92374:107092	CCC(Nc1cccc2nc(C)cn12)C1CC(C)OC(C)C1	0.042094
rxn:2:92374:126736	CCC(Nc1cccc2nc(C)cn12)[C@H]1C[C@@H](C)O[C@@H](C)C1	0.042094
rxn:2:84173:107092	CCC(Nc1c(C)nc2ccccn12)C1CC(C)OC(C)C1	0.042094
rxn:2:84173:126736	CCC(Nc1c(C)nc2ccccn12)[C@H]1C[C@@H](C)O[C@@H](C)C1	0.042094
rxn:2:100556:89815	CCC(Nc1c(C)nn2ccccc12)C1CCOC(C)(C)C1	0.042092
rxn:2:92374:89815	CCC(Nc1cccc2nc(C)cn12)C1CCOC(C)(C)C1	0.042092
rxn:2:84173:89815	CCC(Nc1c(C)nc2ccccn12)C1CCOC(C)(C)C1	0.042092
rxn:2:106791:70439	Cc1cc(N2CCC(NC3CC4OC(C3)C3CC43)C2)[nH]n1	0.042087
rxn:2:72786:71635	Cc1nc2c(NC3CCC4C5CCC(C5)C34)ncnc2n1C	0.042080
rxn:2:96303:135846	c1ccc2c(c1)C(NC1CC3(CCCCO3)C1)c1cncn1-2	0.042071
rxn:2:112668:71239	CC1(C2CC(NC34CC(c5nccs5)(C3)C4)CCO2)COC1	0.042069
rxn:2:112333:103571	CC(NCc1nc(=O)[nH][nH]1)c1cc2c(s1)CCCC2	0.042069
rxn:2:118337:141943	CCC(Nc1c(OC(C)C)nn2ccccc12)C1CSC1	0.042069
rxn:2:129354:91066	c1cc(NC2COc3ccsc32)cc(OCC2CCC2)c1	0.042066
rxn:2:66976:138539	Cc1cc(C)c(N(C)CCC(C)Nc2ncon2)cc1C	0.042065
rxn:2:141354:109246	CCC(Nc1cc(C)n(CCC(C)(C)C)n1)C1(F)CC1	0.042062
rxn:2:68559:126386	CCCSc1ccc(NC(C)CC2CCC2)nn1	0.042057
rxn:2:123016:132476	Cc1cc(C(C)NCCc2c[nH]nc2C(C)C)sc1C	0.042040
rxn:2:93519:102886	COc1ccc2c(c1)OC(C)(C)CC2NC1C(F)CC2CC21	0.042033
rxn:2:93519:101737	COc1ccc2c(c1)OCCCCC2NC1C(F)CC2CC21	0.042031
rxn:2:108540:103571	Cc1cnc2c(n1)N=NC2NC(C)c1cc2c(s1)CCCC2	0.042028
rxn:2:112040:97031	CS(=O)(=O)CC1CC(Nc2nc(-c3cnccn3)ns2)C1	0.042025
rxn:2:100489:141943	CCC(NCc1nc2ccccn2c1C(C)C)C1CSC1	0.042014
rxn:2:127453:141943	CCC(NCc1c(C(C)C)nc2ccccn12)C1CSC1	0.042014
rxn:2:123455:117115	Cc1ccc2c(c1C)CCC2NCCN1CC2COCC2C1	0.042012
rxn:2:97885:88416	CC(C)c1ccc2c(c1)C(N[C@H]1[C@@H]3CC[C@H]1COC3)C(C)O2	0.042010
rxn:2:66976:122227	CCCn1cc(C(Nc2ncon2)C2CCCCC2)cn1	0.042009
rxn:2:66976:125510	CC(CCc1ccc(OC(C)C)cc1)Nc1ncon1	0.041991
rxn:2:76006:103571	CC[C@H](NC(C)c1cc2c(s1)CCCC2)c1nc(C)n[nH]1	0.041988
rxn:2:118308:103571	CCC(NC(C)c1cc2c(s1)CCCC2)c1nc(C)n[nH]1	0.041988
rxn:2:121941:103571	CC[C@@H](NC(C)c1cc2c(s1)CCCC2)c1nc(C)n[nH]1	0.041988
rxn:2:135338:116534	CSc1cc(NC2CC3(CCC(C)(C)CC3)C2)cnn1	0.041986
rxn:2:75765:85879	Cc1cc(NC2COC3(CCOCC3)C2)cc2cccnc12	0.041985
rxn:2:66976:73803	c1ccc(C(CCC2CCOCC2)Nc2ncon2)cc1	0.041983
rxn:2:102258:107159	CSc1ccc2c(c1)C(NC1CC(n3cncn3)C1)CC2	0.041982
rxn:2:74325:114126	CCCCC1(C)CC(N[C@@H]2[C@@H]3CC[C@H]2COC3)CCO1	0.041981
rxn:2:67607:91138	Cc1ccc2[nH]cc(C(C)Nc3ncsn3)c2c1	0.041980
rxn:2:116215:80762	CCc1cnn(C)c1CNC1CCC(C)c2cc(C)ccc21	0.041976
rxn:2:93519:75643	CCC1COc2cc(OC)ccc2C1NC1C(F)CC2CC21	0.041974
rxn:2:101015:80762	Cc1ccc2c(c1)C(C)CCC2Nc1nn(C)c(=O)cc1C	0.041967
rxn:2:76302:87143	CC(CCc1cnsc1)NC1(c2ncon2)CCOCC1	0.041962
rxn:2:91434:72771	CC(C)CC1CC(NC(c2ccccc2)c2ncon2)C1	0.041960
rxn:2:67607:155887	CC(Nc1ncsn1)c1cccc2oc(=O)[nH]c12	0.041953
rxn:2:83951:94554	COc1ccc(C2CC(NCCc3ncn(C)n3)C2)cc1	0.041953
rxn:2:97885:125042	c1ccc2c(c1)-c1ccncc1C2N[C@H]1[C@@H]2CC[C@H]1COC2	0.041952
rxn:2:127443:91066	CN1CCC(c2cccc(NC3COc4ccsc43)c2)CC1	0.041944
rxn:2:107112:87143	CC(CCc1cnsc1)NCC1CC1C1CCCOC1	0.041939
rxn:2:75157:87143	CC(CCc1cnsc1)NC[C@@H]1C[C@H]1C1CCOCC1	0.041939
rxn:2:78822:87143	CC(CCc1cnsc1)NCC1CC1C1CCOCC1	0.041939
rxn:2:140730:67518	c1cc(NC2CCOC3(CCCCC3)C2)c2sccc2n1	0.041938
rxn:2:140730:128369	c1cc(NC2CCC3(CCCCO3)CC2)c2sccc2n1	0.041938
rxn:2:105315:141084	Cc1nc2cccnn2c1NC1CCOC2(CCCSC2)C1	0.041933
rxn:2:138513:138146	CCC(Cc1cccnc1)NC1CC(C)(C)c2sccc21	0.041932
rxn:2:116614:76230	COc1cccnc1C(C)Nc1cccn([C@H]2C[C@H]2F)c1=O	0.041931
rxn:2:116614:136020	COc1ccncc1C(C)Nc1cccn([C@H]2C[C@H]2F)c1=O	0.041931
rxn:2:66976:128119	COc1cc(CCC(C)Nc2ncon2)cc(OC)c1	0.041915
rxn:2:66976:135051	COc1ccc(CCC(C)Nc2ncon2)cc1OC	0.041915
rxn:2:127963:91021	CCCCC(NCc1cc(C)ncn1)c1cnccn1	0.041913
rxn:2:105315:74344	CCC(Nc1c(C)nc2cccnn12)C1CCN(C(C)C)C1	0.041910
rxn:2:105315:120148	CCC(Nc1c(C)nc2cccnn12)C1CCN(CC)CC1	0.041910
rxn:2:105315:66774	CCC(Nc1c(C)nc2cccnn12)C1CCCN(CC)C1	0.041910
rxn:2:66656:77199	COc1ccc2c(c1)CCC2N[C@H]1C[C@H](Cn2cccn2)C1	0.041909
rxn:2:105315:95340	CCC(Nc1c(C)nc2cccnn12)C1CCN(C2CC2)C1	0.041902
rxn:2:77500:72771	CC(C)CC1CC(NCc2ccc(-c3ncon3)cc2)C1	0.041897
rxn:2:121310:99478	CCC1CC(NC2CN(Cc3ccsc3)C2)CCC1(C)C	0.041895
rxn:2:115137:141943	CCC(NCC1(c2ncccc2OC)CC1)C1CSC1	0.041889
rxn:2:140730:141518	CN1CCC2(CC1)CC(Nc1ccnc3ccsc13)CCO2	0.041887
rxn:2:84897:91021	CCCCC(Nc1cc(CC)ncn1)c1cnccn1	0.041880
rxn:2:90755:91066	CC(C)c1ccc(S(C)(=O)=O)cc1NC1COc2ccsc21	0.041877
rxn:2:76062:130414	CC(Nc1nnc(-c2cncs2)s1)c1ncccn1	0.041877
rxn:2:93519:152617	COc1ccc2c(C)coc2c1C(C)NC1C(F)CC2CC21	0.041874
rxn:2:79477:66368	Cn1c2c(ccc1=O)C(Nc1ccc3c(c1)CCC3)CCC2	0.041874
rxn:2:73201:83447	CSc1cc(NC2C[C@@H]3C[C@@H]3C2)ncn1	0.041871
rxn:2:101346:83447	CSc1ncc(NC2C[C@@H]3C[C@@H]3C2)cn1	0.041871
rxn:2:84577:138567	Cc1c(C(C)N[C@H]2CC[C@@H]2N(C)C)cnn1-c1ccccc1	0.041870
rxn:2:66976:133201	CCCOc1ccc(C2CCC(Nc3ncon3)C2)cc1	0.041864
rxn:2:98247:80762	COc1cncc(CNC2CCC(C)c3cc(C)ccc32)c1	0.041862
rxn:2:84577:149142	COc1cnc2cccc(C(C)N[C@H]3CC[C@@H]3N(C)C)c2c1	0.041854
rxn:2:84577:154169	COc1cc(C(C)N[C@H]2CC[C@@H]2N(C)C)c2ncccc2c1	0.041854
rxn:2:91434:140522	CCCC1CCC(NC(c2ccccc2)c2ncon2)C1	0.041836
rxn:2:84577:90157	Cc1c(C(C)N[C@H]2CC[C@@H]2N(C)C)cnn1-c1ccccn1	0.041826
rxn:2:135338:104907	CSc1cc(NC2CCCC(C3CCCC3)C2)cnn1	0.041823
rxn:2:135338:138030	CSc1cc(NC2CCC(C3CCCCC3)C2)cnn1	0.041823
rxn:2:135338:131618	CSc1cc(NC2CCC(C3CCCC3)CC2)cnn1	0.041823
rxn:2:140146:141943	CCC(Nc1cc2nc(C(C)C)[nH]c2nc1C)C1CSC1	0.041816
rxn:2:112333:135967	O=c1nc(CNC2c3ccccc3CC2F)[nH][nH]1	0.041815
rxn:2:79495:72146	Cc1ccccc1C(C)NCCC1CC1c1cn(C)cn1	0.041810
rxn:2:76776:70209	CC(NC1CC1C1CCOC1)c1ccc(-c2cnsc2)cn1	0.041801
rxn:2:76789:87143	CC(C)CC1COCCC1NC(C)CCc1cnsc1	0.041795
rxn:2:122389:87143	CC(C)C[C@@H]1COCC[C@@H]1NC(C)CCc1cnsc1	0.041795
rxn:2:135338:107746	CSc1cc(NC2CCN(c3ccccc3)CC2)cnn1	0.041792
rxn:2:114928:123598	CCC(CC1CCCO1)Nc1nnc(-c2cc(C)cs2)o1	0.041792
rxn:2:126949:76082	COc1ccc(NC(C)c2cccc(C)c2C)cc1OC	0.041782
rxn:2:140347:91021	CCCCC(Nc1cc(OC)ncn1)c1cnccn1	0.041782
rxn:2:137304:91066	CCCCN(C)c1cncc(NC2COc3ccsc32)c1	0.041775
rxn:2:105315:71242	CCC(Nc1c(C)nc2cccnn12)C1CCC(OC)CC1	0.041774
rxn:2:109527:103571	Cc1nc(C)c(CNC(C)c2cc3c(s2)CCCC3)c(C)n1	0.041769
rxn:2:112668:74602	COc1cnc(C)nc1C(C)NC12CC(c3nccs3)(C1)C2	0.041768
rxn:2:100556:95340	CCC(Nc1c(C)nn2ccccc12)C1CCN(C2CC2)C1	0.041768
rxn:2:92374:95340	CCC(Nc1cccc2nc(C)cn12)C1CCN(C2CC2)C1	0.041768
rxn:2:84173:95340	CCC(Nc1c(C)nc2ccccn12)C1CCN(C2CC2)C1	0.041768
rxn:2:89597:87143	CC(CCc1cnsc1)NCC1CCC2COCCC2O1	0.041764
rxn:2:67607:118381	COc1ccc2c(c1OC)CCCCC2Nc1ncsn1	0.041762
rxn:2:67607:94003	COc1ccc(OC)c2c1CCCCC2Nc1ncsn1	0.041762
rxn:2:67607:112585	COc1cc(OC)c2c(c1)C(Nc1ncsn1)CCCC2	0.041762
rxn:2:67607:113598	COc1cc2c(cc1OC)C(Nc1ncsn1)CCCC2	0.041762
rxn:2:138600:94721	CCOc1cccc2c1C(NC1(CC)CC(F)(F)C1)CC2	0.041761
rxn:2:138600:131581	CCOc1ccc2c(c1)C(NC1(CC)CC(F)(F)C1)CC2	0.041761
rxn:2:138600:85999	CCOc1cccc2c1CCC2NC1(CC)CC(F)(F)C1	0.041761
rxn:2:138600:140384	CCOc1ccc2c(c1)CCC2NC1(CC)CC(F)(F)C1	0.041761
rxn:2:118149:70439	c1cc(N2CCC(NC3CC4OC(C3)C3CC43)CC2)ncn1	0.041760
rxn:2:89567:70439	c1cc(N2CCCC(NC3CC4OC(C3)C3CC43)C2)ncn1	0.041760
rxn:2:87192:115775	CC(CCCC1CC1)Nc1nc(C(C)C)cc(=O)[nH]1	0.041760
rxn:2:112668:70732	COc1cc(C)cnc1C(C)NC12CC(c3nccs3)(C1)C2	0.041757
rxn:2:112668:100079	COc1cnc(C(C)NC23CC(c4nccs4)(C2)C3)c(C)c1	0.041757
rxn:2:112668:106702	COc1ncc(C(C)NC23CC(c4nccs4)(C2)C3)cc1C	0.041757
rxn:2:112668:136796	COc1cc(C)c(C(C)NC23CC(c4nccs4)(C2)C3)cn1	0.041757
rxn:2:102385:105732	c1ccc(-c2cncc(NC3C[C@H]4CCC[C@H]4C3)c2)cc1	0.041756
rxn:2:77500:140522	CCCC1CCC(NCc2ccc(-c3ncon3)cc2)C1	0.041756
rxn:2:116614:90234	O=c1c(NC2CC3CCCCCC3C2)cccn1[C@H]1C[C@H]1F	0.041755
rxn:2:80770:94654	CCOc1ccc(-n2cnnc2)c(NC2CC3(CCO3)C2)c1	0.041749
rxn:2:65970:116616	CCN1CCCc2cc(NC3CCOCC34CCC4)ccc21	0.041723
rxn:2:97885:80616	CCN(CC)c1nc(C(C)N[C@H]2[C@@H]3CC[C@H]2COC3)cs1	0.041722
rxn:2:117811:70439	Cc1cc(N2CCC(NC3CC4OC(C3)C3CC43)C2)n(C)n1	0.041721
rxn:2:139592:74638	CCN1CCc2nc(NC(C)c3ccc(OC)cn3)sc2C1	0.041720
rxn:2:129507:80762	COc1csc(CNC2CCC(C)c3cc(C)ccc32)c1	0.041719
rxn:2:114708:140522	CCCC1CCC(NC23CC(c4ccccc4)(C2)C3)C1	0.041706
rxn:2:114014:87143	CC(CCc1cnsc1)NC1C2CCC1CN(C1CC1)C2	0.041700
rxn:2:67607:90829	CC(Nc1ncsn1)c1ccccc1-c1cnsc1	0.041700
rxn:2:117512:66368	CC(CNC1CCCc2c1ccc(=O)n2C)Cn1cccn1	0.041689
rxn:2:94683:70439	Cc1cc(N2CCC(NC3CC4OC(C3)C3CC43)C2)ncn1	0.041683
rxn:2:106387:70439	Cc1cc(N2CC[C@H](NC3CC4OC(C3)C3CC43)C2)ncn1	0.041683
rxn:2:108230:70439	Cc1cc(N2CC[C@@H](NC3CC4OC(C3)C3CC43)C2)ncn1	0.041683
rxn:2:121690:70439	Cc1nccnc1N1CCC(NC2CC3OC(C2)C2CC32)C1	0.041683
rxn:2:130319:70439	Cc1nccc(N2CCC(NC3CC4OC(C3)C3CC43)C2)n1	0.041683
rxn:2:111804:70439	Cc1ccc(N2CCC(NC3CC4OC(C3)C3CC43)C2)nn1	0.041683
rxn:2:93519:167458	FC1CC2CC2C1NC1COc2cc(-c3ccsc3)ccc21	0.041683
rxn:2:120575:91066	c1cc2c(s1)C(Nc1cncc(OCC3CCCO3)c1)CO2	0.041679
rxn:2:88686:124477	Cc1ccc(S(=O)(=O)CC2CC(Nc3cnccn3)C2)cc1	0.041675
rxn:2:125735:132476	Cc1cc(C(C)Nc2c(C3CCC3)c(C)nn2C)sc1C	0.041662
rxn:2:99774:87143	CC(CCc1cnsc1)NC1CCOCC1N1CCCC1	0.041660
rxn:2:132684:87143	CC(CCc1cnsc1)NC1COCCC1N1CCCC1	0.041660
rxn:2:132418:91782	Cc1c[nH]c2ncnc(NC3CC4CCCCC4(C)C3)c12	0.041659
rxn:2:96303:109872	CCc1ccc2c(c1)CCC(NC1CC3(CCCCO3)C1)C2	0.041657
rxn:2:89640:130954	Cc1ccc2nc(NC3CCC4(CC3)CSC4)ccc2c1	0.041649
rxn:2:78488:130954	Cc1ccc2ncc(NC3CCC4(CC3)CSC4)cc2c1	0.041649
rxn:2:88645:130954	Cc1ccc2ccc(NC3CCC4(CC3)CSC4)nc2c1	0.041649
rxn:2:68182:74903	CCOc1ccsc1C(C)N[C@@H]1CCN(CC(C)C)C1	0.041643
rxn:2:100556:74344	CCC(Nc1c(C)nn2ccccc12)C1CCN(C(C)C)C1	0.041641
rxn:2:92374:74344	CCC(Nc1cccc2nc(C)cn12)C1CCN(C(C)C)C1	0.041641
rxn:2:84173:74344	CCC(Nc1c(C)nc2ccccn12)C1CCN(C(C)C)C1	0.041641
rxn:2:135338:92020	CSc1cc(NC2c3ccccc3OCC2(C)C)cnn1	0.041640
rxn:2:100556:120148	CCC(Nc1c(C)nn2ccccc12)C1CCN(CC)CC1	0.041640
rxn:2:100556:66774	CCC(Nc1c(C)nn2ccccc12)C1CCCN(CC)C1	0.041640
rxn:2:84173:120148	CCC(Nc1c(C)nc2ccccn12)C1CCN(CC)CC1	0.041640
rxn:2:84173:66774	CCC(Nc1c(C)nc2ccccn12)C1CCCN(CC)C1	0.041640
rxn:2:92374:120148	CCC(Nc1cccc2nc(C)cn12)C1CCN(CC)CC1	0.041640
rxn:2:92374:66774	CCC(Nc1cccc2nc(C)cn12)C1CCCN(CC)C1	0.041640
rxn:2:93519:110503	CCC(NC1C(F)CC2CC21)C1CCN(C(C)C)CC1	0.041634
rxn:2:72001:103571	CCc1[nH]c(CNC(C)c2cc3c(s2)CCCC3)nc1C	0.041611
rxn:2:66976:69186	CCCC(Nc1ncon1)c1ccccc1OC(C)C	0.041610
rxn:2:114297:134526	CC(Nc1cccc2c1OCC2)c1cc2c([nH]c1=O)CCC2	0.041604
rxn:2:67607:140337	CSc1nccc(C(C)Nc2ncsn2)n1	0.041600
rxn:2:97885:97348	CCc1ccc(CCC(C)N[C@H]2[C@@H]3CC[C@H]2COC3)nc1	0.041600
rxn:2:74325:97348	CCc1ccc(CCC(C)N[C@@H]2[C@@H]3CC[C@H]2COC3)nc1	0.041600
rxn:2:133270:70439	Cc1ncnc(N2CC(NC3CC4OC(C3)C3CC43)C2)c1C	0.041599
rxn:2:66976:88715	CC(CCc1nc(C2CCCCC2)cs1)Nc1ncon1	0.041588
rxn:2:76776:87934	CCOc1c(C(C)NC2CC2C2CCOC2)c(C)nn1C	0.041588
rxn:2:66976:134081	CCCC1CCC(Nc2ncon2)C(CN(C)CC)C1	0.041588
rxn:2:121755:125321	COc1ncnc(NC(C)c2ccnc(C(C)(C)F)c2)c1C	0.041582
rxn:2:126969:125321	COc1c(C)ncnc1NC(C)c1ccnc(C(C)(C)F)c1	0.041582
rxn:2:82126:139149	Cc1cc2c(cc1C)C(Nc1cncc(C(C)(F)F)c1)CO2	0.041581
rxn:2:108325:91021	CCCCC(Nc1cc(CC)ccn1)c1cnccn1	0.041578
rxn:2:66656:116064	CCc1ccc2c(c1)CCC2N[C@H]1C[C@H](Cn2cccn2)C1	0.041576
rxn:2:123800:87143	CC(CCc1cnsc1)NCC1CCC2COCCC2C1	0.041574
rxn:2:97885:107924	COc1ccc(CCC(C)N[C@H]2[C@@H]3CC[C@H]2COC3)cc1	0.041569
rxn:2:97885:117442	COc1cccc(CCC(C)N[C@H]2[C@@H]3CC[C@H]2COC3)c1	0.041569
rxn:2:74325:107924	COc1ccc(CCC(C)N[C@@H]2[C@@H]3CC[C@H]2COC3)cc1	0.041569
rxn:2:74325:117442	COc1cccc(CCC(C)N[C@@H]2[C@@H]3CC[C@H]2COC3)c1	0.041569
rxn:2:67607:130002	CCCC(C)N1CCCCC1C(CC)Nc1ncsn1	0.041564
rxn:2:74325:141820	CC(CCCC1CCCC1)N[C@@H]1[C@@H]2CC[C@H]1COC2	0.041553
rxn:2:107918:141943	CCC(Nc1ccc(-c2nnc(C)n2C)cc1C)C1CSC1	0.041549
rxn:2:88394:83447	Cc1cc(CNC2C[C@@H]3C[C@@H]3C2)nc(C2CCC(C)CC2)n1	0.041544
rxn:2:139592:133362	CCc1ccc(C(C)Nc2nc3c(s2)CN(CC)CC3)nc1	0.041542
rxn:2:102258:80869	CC(C)(C)CC(NC1CC(n2cncn2)C1)c1ccccc1	0.041541
rxn:2:140986:87143	CC(CCc1cnsc1)NC1CN(C)CC1C1CCOC1	0.041536
rxn:2:129578:91939	CCCc1nn(CC(C)C)cc1NC1CCN(C)C1(C)C	0.041536
rxn:2:76776:93067	CCn1cc(CCC(C)NC2CC2C2CCOC2)cn1	0.041527
rxn:2:100556:80975	CCC(CC)N1CCC(Nc2c(C)nn3ccccc23)CC1	0.041521
rxn:2:67607:101570	CC(Nc1ncsn1)c1ncn(-c2ccccc2)n1	0.041519
rxn:2:142106:91021	CCCCC(NCc1ccc(C)cc1)c1cnccn1	0.041517
rxn:2:139592:82031	CCN1CCc2nc(NC(C)c3cnc(OC)cn3)sc2C1	0.041517
rxn:2:134760:66368	CN1CCn2nc(NC3CCCc4c3ccc(=O)n4C)cc21	0.041516
rxn:2:66976:128437	Cc1cccc(CCC(Nc2ncon2)C2CCCC2)c1	0.041515
rxn:2:77808:134526	CC(NC1CCCn2cncc21)c1cc2c([nH]c1=O)CCC2	0.041513
rxn:2:121310:84719	CCc1cccc(C(C)NC2CN(Cc3ccsc3)C2)c1	0.041505
rxn:2:67607:67399	Cc1ccc(C(Nc2ncsn2)c2ccc(C)o2)o1	0.041503
rxn:2:66976:90829	CC(Nc1ncon1)c1ccccc1-c1cnsc1	0.041502
rxn:2:97174:91308	CCC(Nn1sc2ccccc2c1=O)C1CCC(F)(F)CC1	0.041500
rxn:2:76776:99300	CC(CCCc1cccnc1)NC1CC1C1CCOC1	0.041498
rxn:2:84577:165908	COc1ccc2cccc(C(C)N[C@H]3CC[C@@H]3N(C)C)c2c1	0.041486
rxn:2:84577:167946	COc1ccc2c(C(C)N[C@H]3CC[C@@H]3N(C)C)cccc2c1	0.041486
rxn:2:80230:130954	COC(C)c1noc(CCNC2CCC3(CC2)CSC3)n1	0.041483
rxn:2:109010:103571	CCCn1cc(CNC(C)c2cc3c(s2)CCCC3)cn1	0.041477
rxn:2:135338:136794	CSc1cc(NC(C)CCc2cnn(C)c2C)cnn1	0.041464
rxn:2:76776:113658	CCc1nc(C2CC2)c(C(C)NC2CC2C2CCOC2)s1	0.041462
rxn:2:141612:141943	CCC(Nc1c(C)c(C)nn1-c1cccc(C)n1)C1CSC1	0.041462
rxn:2:66976:123357	COc1cccc(C2CCCCCC2Nc2ncon2)c1	0.041450
rxn:2:93079:80496	Cc1n[nH]c(CNC(C)c2c3c(cc4c2CCC4)CCC3)n1	0.041446
rxn:2:132006:105764	CCCCC1CC(NCCC2CCOC2(C)C)C1	0.041437
rxn:2:66976:70209	CC(Nc1ncon1)c1ccc(-c2cnsc2)cn1	0.041435
rxn:2:66976:118240	CCCCC(C)N1C2CCCC1CC(Nc1ncon1)C2	0.041431
rxn:2:98572:83447	Cc1cc(NC2C[C@@H]3C[C@@H]3C2)ccc1C(F)(F)c1nnn[nH]1	0.041422
rxn:2:76776:86042	CCc1ccc(CCC(C)NC2CC2C2CCOC2)s1	0.041420
rxn:2:66976:118397	Cc1ccccc1C(Nc1ncon1)c1ccsc1	0.041407
rxn:2:84577:136498	Cc1c(C(C)N[C@H]2CC[C@@H]2N(C)C)cnn1-c1ncccn1	0.041400
rxn:2:95477:140522	CCCC1CCC(NCCc2nc(C)cc(CC)n2)C1	0.041399
rxn:2:165699:91939	Cc1cc2c(=O)n(CCNC3CCN(C)C3(C)C)ccn2n1	0.041398
rxn:2:144337:141943	CCC(NC(C)c1cnc2c(c1)cc1n2CCC1)C1CSC1	0.041389
rxn:2:93519:88748	CC(C)CC(Cc1ccccc1)NC1C(F)CC2CC21	0.041389
rxn:2:105394:130954	Cc1nnc(-c2cn[nH]c2NC2CCC3(CC2)CSC3)n1C	0.041364
rxn:2:84577:122871	COCCc1ccc2c(c1)C(N[C@H]1CC[C@@H]1N(C)C)CO2	0.041362
rxn:2:137469:118131	COc1ccc(C2CC2NC2CC(c3ncc(C)s3)C2)cc1	0.041361
rxn:2:121310:101506	O=c1cc2c(c[nH]1)C(NC1CN(Cc3ccsc3)C1)CCC2	0.041361
rxn:2:70438:141943	CCC(NCc1cccc2cc(OC)ccc12)C1CSC1	0.041355
rxn:2:67607:109961	CCCC(Nc1ncsn1)C1CCCN(C2CCCC2)C1	0.041344
rxn:2:96303:105165	COc1c(C)cc(C)cc1C(C)NC1CC2(CCCCO2)C1	0.041339
rxn:2:76776:90829	CC(NC1CC1C1CCOC1)c1ccccc1-c1cnsc1	0.041319
rxn:2:135338:79651	CSc1cc(NC2C[C@@H]3C[C@H](C2)c2ccccc23)cnn1	0.041313
rxn:2:135338:95262	CSc1cc(NC2CC3CC(C2)c2ccccc23)cnn1	0.041313
rxn:2:66976:141484	CCCC1CCC(Nc2ncon2)C(CC2CCCO2)C1	0.041306
rxn:2:117890:109246	CCC(Nc1ccc(=O)n(C2CCN(C)CC2)c1)C1(F)CC1	0.041305
rxn:2:116614:91906	CC(C)CC1CC(Nc2cccn([C@H]3C[C@H]3F)c2=O)CCO1	0.041298
rxn:2:67468:105732	c1ncc(NC2C[C@H]3CCC[C@H]3C2)cc1CN1CCCCC1	0.041297
rxn:2:75648:103705	CCc1cccc2c1CCCC2NC1CCC1N1CCCC1	0.041284
rxn:2:76062:101743	Cc1ccc(C(C)Nc2nnc(-c3cncs3)s2)s1	0.041281
rxn:2:66976:129368	CCCC(CN1CCN(C(C)(C)C)CC1)Nc1ncon1	0.041276
rxn:2:81263:110775	CSCc1cncc(NC(C)CCC2CCOCC2)c1	0.041269
rxn:2:97885:85095	CC(CCc1ccc2c(c1)OCO2)N[C@H]1[C@@H]2CC[C@H]1COC2	0.041262
rxn:2:74325:85095	CC(CCc1ccc2c(c1)OCO2)N[C@@H]1[C@@H]2CC[C@H]1COC2	0.041262
rxn:2:83835:141943	CCC(NCc1c(C(C)(C)C)nc2ccccn12)C1CSC1	0.041259
rxn:2:66656:95574	c1cnn(C[C@H]2C[C@H](NC3CCCC3N3CCCCC3)C2)c1	0.041253
rxn:2:66656:101506	O=c1cc2c(c[nH]1)C(N[C@H]1C[C@H](Cn3cccn3)C1)CCC2	0.041249
rxn:2:97401:141943	CCC(Nc1cc(C2CCCC2)nc2ccnn12)C1CSC1	0.041228
rxn:2:68182:121979	CC(C)CN1CC[C@@H](NC(C)c2ccc(C(C)(C)C)s2)C1	0.041219
rxn:2:100551:103571	COCC1(C)CCCC1NC(C)c1cc2c(s1)CCCC2	0.041217
rxn:2:138600:93491	CCC1(NC(C)c2ccnc(OC3CC3)c2)CC(F)(F)C1	0.041213
rxn:2:135338:124463	CSc1cc(NC2CC3CCCC(C2)N3C2CC2)cnn1	0.041211
rxn:2:136496:78681	Cc1ccc2c(c1)C(C)(C)CCC2NCc1cnn(C)c(=O)c1	0.041204
rxn:2:136496:128203	Cc1ccc2c(c1)C(NCc1cnn(C)c(=O)c1)CCC2(C)C	0.041204
rxn:2:112668:74326	COc1cc(C(C)NC23CC(c4nccs4)(C2)C3)ccc1C	0.041183
rxn:2:112668:84542	COc1ccc(C(C)NC23CC(c4nccs4)(C2)C3)cc1C	0.041183
rxn:2:112668:119697	COc1ccc(C)cc1C(C)NC12CC(c3nccs3)(C1)C2	0.041183
rxn:2:112668:68282	COc1cc(C)ccc1C(C)NC12CC(c3nccs3)(C1)C2	0.041183
rxn:2:112668:75718	COc1cccc(C)c1C(C)NC12CC(c3nccs3)(C1)C2	0.041183
rxn:2:112668:78519	COc1ccc(C)c(C(C)NC23CC(c4nccs4)(C2)C3)c1	0.041183
rxn:2:124487:80762	Cc1ccc2c(c1)C(C)CCC2NCc1cc(C)nn(C)c1=O	0.041179
rxn:2:93519:144502	Cn1nccc1-c1ccc2c(c1)OCC2NC1C(F)CC2CC21	0.041169
rxn:2:93519:154160	Cn1cc(-c2ccc3c(c2)C(NC2C(F)CC4CC42)CO3)cn1	0.041169
rxn:2:116614:105249	CC1Cc2c(cnn2C)C(Nc2cccn([C@H]3C[C@H]3F)c2=O)C1	0.041165
rxn:2:100556:71242	CCC(Nc1c(C)nn2ccccc12)C1CCC(OC)CC1	0.041163
rxn:2:92374:71242	CCC(Nc1cccc2nc(C)cn12)C1CCC(OC)CC1	0.041163
rxn:2:84173:71242	CCC(Nc1c(C)nc2ccccn12)C1CCC(OC)CC1	0.041163
rxn:2:108421:122702	CC[C@@H]1CCC(Nc2ncc(CCc3cccs3)n2C)C1	0.041141
rxn:2:67607:92411	CCSC(C)C(Nc1ncsn1)c1ccc(CC)cc1	0.041136
rxn:2:65970:94599	CCN1CCCc2cc(NC3CCCc4c3nnn4C)ccc21	0.041132
rxn:2:67607:137420	c1cc2c3c(c[nH]c3c1)CCC2Nc1ncsn1	0.041132
rxn:2:142178:94654	CC1CCN(Cc2ccccc2)C1CNC1CC2(CCO2)C1	0.041126
rxn:2:67997:115775	CC(CCCC1CC1)NCCc1cc(=O)n(C)[nH]1	0.041119
rxn:2:135338:80403	CSc1cc(NC2CC3CCCC(C2)N3C(C)C)cnn1	0.041117
rxn:2:136496:117095	Cc1ccc2c(c1)OC(C)(C)CC2NCc1cnn(C)c(=O)c1	0.041115
rxn:2:82126:116404	Cc1cccc2c1CCC(Nc1cncc(C(C)(F)F)c1)C2	0.041113
rxn:2:97885:78675	CCc1ccccc1CCC(C)N[C@H]1[C@@H]2CC[C@H]1COC2	0.041103
rxn:2:74325:78675	CCc1ccccc1CCC(C)N[C@@H]1[C@@H]2CC[C@H]1COC2	0.041103
rxn:2:76995:130954	Cc1ccc2nc(CCNC3CCC4(CC3)CSC4)[nH]c2c1	0.041093
rxn:2:93595:96265	CSC1CC(Nc2ccc(SCc3ncon3)cc2)C1	0.041093
rxn:2:92049:96265	CSC1CC(Nc2ccccc2SCc2ncon2)C1	0.041093
rxn:2:76776:77025	CC(CCCc1ccccc1)NC1CC1C1CCOC1	0.041087
rxn:2:68182:111998	Cc1ccc2c(c1C)CCCC2N[C@@H]1CCN(CC(C)C)C1	0.041086
rxn:2:66976:147160	Cc1ccn2c(C(C)Nc3ncon3)c(C)nc2c1	0.041073
rxn:2:138835:112899	c1cc(N2CC(NC3CCc4c3ccc3c4CCC3)C2)ccn1	0.041067
rxn:2:73817:109246	CCC(NC(C)CCN(C)c1cccs1)C1(F)CC1	0.041062
rxn:2:76776:141269	Cc1cc(C)cc(CCC(C)NC2CC2C2CCOC2)c1	0.041060
rxn:2:96303:138334	CC1(N2CCC(NC3CC4(CCCCO4)C3)CC2)COC1	0.041059
rxn:2:98184:66379	CCc1cc(OC)nc(C(C)NC2CCC(C3CC3)C2)c1	0.041059
rxn:2:93519:72378	CCN(CC)c1ccc2c(c1)OCC2NC1C(F)CC2CC21	0.041049
rxn:2:107719:138146	CCC(Cc1cccnc1)NC1CCC2(CCCCC2)C1	0.041049
rxn:2:77007:130954	Cc1ccc(NC2CCC3(CC2)CSC3)c(-c2ncn[nH]2)c1	0.041038
rxn:2:114083:91066	COC(C)(C)CN1CCC(C)(NC2COc3ccsc32)CC1	0.041022
rxn:2:129567:103571	CCc1nc(CCNC(C)c2cc3c(s2)CCCC3)n[nH]1	0.041021
rxn:2:123275:110382	C[C@H]1CCOC(CNc2ccc(SC34CC(C3)C4)cc2)C1	0.041021
rxn:2:105923:118998	Cc1cc(C)c2c(c1)C(NCc1ncc3n1CCCC3)CCO2	0.041019
rxn:2:120086:70439	Cc1cccc(C)c1-n1ccnc1NC1CC2OC(C1)C1CC21	0.041018
rxn:2:135338:84299	CSc1cc(NC2CCCC(C3CCOCC3)C2)cnn1	0.041015
rxn:2:135338:132754	CSc1cc(NC2CCC(C3CCOCC3)CC2)cnn1	0.041015
rxn:2:102954:125321	CCc1c(C)ncnc1NC(C)c1ccnc(C(C)(C)F)c1	0.041015
rxn:2:109514:137914	CCn1nc(C2CCC2)cc1NC1CC(CCSC)C1	0.041004
rxn:2:131385:81393	Cc1ccc(Cc2cc(NC3CCN4CCC3C4)ncn2)cc1	0.040990
rxn:2:114106:137279	c1ncc(C2CC2)cc1NC1COc2cc3c(cc21)OCCO3	0.040985
rxn:2:107619:78603	CCc1nnc(SC)n1NC1CC(c2ccccc2)C1C	0.040984
rxn:2:92593:89151	c1nc2n(n1)CCC(CNC1CCc3cc4c(cc31)OCC4)C2	0.040982
rxn:2:74325:133531	CCCC(N[C@@H]1[C@@H]2CC[C@H]1COC2)c1ccc2c(c1)COC2	0.040982
rxn:2:66976:137543	c1cnc2c(c1)C(Nc1ncon1)c1cccn1-2	0.040982
rxn:2:73976:140522	CCCC1CCC(N[C@H](c2ccc[nH]2)C2CCC2)C1	0.040976
rxn:2:102258:139483	CC(C)(C)c1ccc2c(c1)C(NC1CC(n3cncn3)C1)CC2	0.040975
rxn:2:80845:91939	CCc1nn(-c2ccnc(C)c2)cc1NC1CCN(C)C1(C)C	0.040967
rxn:2:122603:91939	CCc1cc(-n2cc(NC3CCN(C)C3(C)C)c(C)n2)ccn1	0.040967
rxn:2:76534:91939	CCc1nn(-c2ccc(C)nc2)cc1NC1CCN(C)C1(C)C	0.040967
rxn:2:91140:91939	CCc1nn(-c2cncc(C)c2)cc1NC1CCN(C)C1(C)C	0.040967
rxn:2:94754:91939	CCc1nn(-c2cccnc2C)cc1NC1CCN(C)C1(C)C	0.040967
rxn:2:128631:91939	CCc1nn(-c2cnccc2C)cc1NC1CCN(C)C1(C)C	0.040967
rxn:2:136757:91939	CCc1nn(-c2ccncc2C)cc1NC1CCN(C)C1(C)C	0.040967
rxn:2:66023:72771	Cc1cc(NC2CC(CC(C)C)C2)n2ncc(C3CC3)c2n1	0.040967
rxn:2:116614:92203	CC(Nc1cccn([C@H]2C[C@H]2F)c1=O)c1ccc2c(n1)CCO2	0.040964
rxn:2:123681:80762	CCn1ncc(CNC2CCC(C)c3cc(C)ccc32)cc1=O	0.040964
rxn:2:140730:125820	c1cc(NC2CC3(CCCCCC3)C2)c2sccc2n1	0.040963
rxn:2:140356:91021	CCCCC(N[C@@H](C)c1ccc(C)s1)c1cnccn1	0.040957
rxn:2:99134:129870	CCc1cncc(NCC2CCN(CC)c3ccccc32)c1	0.040953
rxn:2:65970:87875	CCN1CCCc2cc(NC3CCCc4occc43)ccc21	0.040952
rxn:2:93519:164962	FC1CC2CC2C1NC1COc2cc(-c3cccnc3)ccc21	0.040943
rxn:2:113422:91939	Cc1cc(-n2cc(CNC3CCN(C)C3(C)C)c(C)n2)ccn1	0.040943
rxn:2:149062:72112	C[C@@H]1COCCC1N[C@@H]1CCN(c2ncnc3ccccc23)C1	0.040941
rxn:2:67607:69189	CC(C)Oc1ccc2c(c1)CCCCC2Nc1ncsn1	0.040939
rxn:2:66656:95090	Cc1cc2c(c(C)n1)C(N[C@H]1C[C@H](Cn3cccn3)C1)CCC2	0.040939
rxn:2:66976:155830	Cc1cc2c(C(C)Nc3ncon3)cccc2cn1	0.040929
rxn:2:90531:105732	CCN(CC)Cc1cncc(NC2C[C@H]3CCC[C@H]3C2)c1	0.040925
rxn:2:130034:80762	Cc1ccc2c(c1)C(C)CCC2NCc1cnn(C(C)C)c1	0.040915
rxn:2:84173:114126	CCCCC1(C)CC(Nc2c(C)nc3ccccn23)CCO1	0.040908
rxn:2:103378:83447	CC(C)(C)c1ccc(C2CC2CNC2C[C@@H]3C[C@@H]3C2)cc1	0.040908
rxn:2:101796:91066	Cc1cc(C(C)(F)F)cc(C)c1NC1COc2ccsc21	0.040907
rxn:2:135338:87490	CSc1cc(NC2CCC(CC3CCC3)CC2)cnn1	0.040900
rxn:2:94874:91939	CC(C)c1cc(-n2cc(NC3CCN(C)C3(C)C)cn2)ccn1	0.040899
rxn:2:96971:91939	CC(C)c1ccn(-c2ccnc(NC3CCN(C)C3(C)C)c2)n1	0.040899
rxn:2:88949:91939	CC(C)c1nn(-c2ccncc2)cc1NC1CCN(C)C1(C)C	0.040899
rxn:2:96032:91939	CC(C)c1nn(-c2cccnc2)cc1NC1CCN(C)C1(C)C	0.040899
rxn:2:102091:91939	CC(C)c1ccn(-c2cc(NC3CCN(C)C3(C)C)ccn2)n1	0.040899
rxn:2:112333:123626	CC(NCc1nc(=O)[nH][nH]1)c1ccc2c(c1)CCC2	0.040871
rxn:2:136496:131894	COc1ccc2c(c1)CCC(C)C2NCc1cnn(C)c(=O)c1	0.040870
rxn:2:95991:91939	CC(C)c1cc(-n2ncnc2NC2CCN(C)C2(C)C)ccn1	0.040870
rxn:2:136496:84536	CCC[C@@]12CCCN1CCCC2NCc1cnn(C)c(=O)c1	0.040855
rxn:2:66976:88214	CCCC1CCC(C2CCC(Nc3ncon3)CC2)CC1	0.040847
rxn:2:66976:116804	CCC[C@H]1CC[C@H](C2CCC(Nc3ncon3)CC2)CC1	0.040847
rxn:2:66656:97056	Cc1ccc2c(c1)OCCCC2N[C@H]1C[C@H](Cn2cccn2)C1	0.040845
rxn:2:77411:91939	CN1CCC(NC(C)(c2ccccc2)c2ncnn2C)C1(C)C	0.040842
rxn:2:105656:91939	COc1cc(-n2cc(NC3CCN(C)C3(C)C)c(C)n2)ccn1	0.040834
rxn:2:131655:78148	CCC1CCC(CC(C)Nc2nnc(C3CC3)n2C)CC1	0.040830
rxn:2:96303:105370	CC1CC(NC2CC3(CCCCO3)C2)c2ccsc2S1(=O)=O	0.040826
rxn:2:93079:106161	Cc1n[nH]c(CNC(C)c2cc3c(n(C)c2=O)CCCC3)n1	0.040819
rxn:2:94545:105732	Cc1cc(-c2cccnc2)nc(CNC2C[C@H]3CCC[C@H]3C2)n1	0.040814
rxn:2:114232:122702	CC[C@@H]1CCC(NCc2ccc(-n3nc(C)cc3C)cc2)C1	0.040813
rxn:2:70620:94654	CCOc1ccccc1C1(NC2CC3(CCO3)C2)CCCC1	0.040812
rxn:2:93519:146194	COc1ccc2c3c(cccc13)OCC2NC1C(F)CC2CC21	0.040811
rxn:2:66976:67399	Cc1ccc(C(Nc2ncon2)c2ccc(C)o2)o1	0.040810
rxn:2:105315:134435	CCC(Nc1c(C)nc2cccnn12)C1CCCCCCC1	0.040806
rxn:2:65970:111788	CCN1CCCc2cc(NC3CCCc4c3cnn4C)ccc21	0.040805
rxn:2:65970:129809	CCN1CCCc2cc(NC3CCCc4nn(C)cc43)ccc21	0.040805
rxn:2:82126:80324	CC(F)(F)c1cncc(NC2CCN(c3cnccn3)CC2)c1	0.040802
rxn:2:82126:99415	CC(F)(F)c1cncc(NC2COc3cc4c(cc32)OCO4)c1	0.040797
rxn:2:130597:92418	Cc1cccnc1N1CCCC(NC2CCCc3snnc32)C1	0.040793
rxn:2:79604:92418	Cc1cccnc1N1CCC(NC2CCCc3snnc32)CC1	0.040793
rxn:2:103760:89151	CC(NC1CCc2cc3c(cc21)OCC3)c1nnnn1C1CC1	0.040792
rxn:2:105315:120644	CCC(Nc1c(C)nc2cccnn12)C1CCCCCC1	0.040788
rxn:2:144340:118314	CCCC(C)NC(C)c1cc(=O)[nH]c(-c2ccccn2)n1	0.040771
rxn:2:66656:111574	c1cnn(C[C@H]2C[C@H](NC3CCc4cc5c(cc43)CCC5)C2)c1	0.040768
rxn:2:93079:118280	Cc1n[nH]c(CNC(CC2CCCC2)c2cccnc2)n1	0.040767
rxn:2:95345:91939	CCCc1nn(C2CCCC2)cc1NC1CCN(C)C1(C)C	0.040765
rxn:2:123223:80762	Cc1ccc2c(c1)C(C)CCC2NCc1cnn(C)c1N(C)C	0.040759
rxn:2:121232:92418	Cc1cccc(N2CCC(NC3CCCc4snnc43)C2)c1C	0.040757
rxn:2:134960:90296	c1ccc2c(C3CC3CNC3CC(C4CC4)C3)nccc2c1	0.040751
rxn:2:84850:94654	c1nc(N2CCC(NC3CC4(CCO4)C3)CC2)c2sccc2n1	0.040750
rxn:2:72207:69603	c1nc(N2CCC(NC3CC4CCC(C3)O4)C2)c2sccc2n1	0.040750
rxn:2:68182:120353	CCCc1ccc(C(C)N[C@@H]2CCN(CC(C)C)C2)s1	0.040744
rxn:2:72207:120152	c1nc(N2CCC(NC3CC4CCC(C4)C3)C2)c2sccc2n1	0.040737
rxn:2:93079:137631	Cc1n[nH]c(CNC2CCCC2OCc2ccccc2)n1	0.040730
rxn:2:82796:117115	Cc1ccc2c(c1C)CCC2Nc1ccnc(OC(C)C)c1	0.040729
rxn:2:72207:86871	CC1CC(NC2CCN(c3ncnc4ccsc34)C2)CC(C)O1	0.040718
rxn:2:72207:113016	C[C@H]1CC(NC2CCN(c3ncnc4ccsc34)C2)C[C@H](C)O1	0.040718
rxn:2:72207:114399	C[C@@H]1CC(NC2CCN(c3ncnc4ccsc34)C2)C[C@H](C)O1	0.040718
rxn:2:72207:117008	C[C@@H]1CC(NC2CCN(c3ncnc4ccsc34)C2)C[C@@H](C)O1	0.040718
rxn:2:123347:91066	FC1Cc2cc3c(c(NC4COc5ccsc54)c2C1)CCC3	0.040716
rxn:2:74291:118998	Cc1cc(C)c2c(c1)C(Nc1ncn(CC3CCC3)n1)CCO2	0.040713
rxn:2:135619:92418	c1cc(NC2CCCc3snnc32)n2ncnc2c1	0.040693
rxn:2:122841:93350	CC1(Oc2ccc(NC3CCC4(CCC4)CC3)cc2)COC1	0.040681
rxn:2:72207:75186	c1nc(N2CCC(NC3C[C@H]4COC[C@H]4C3)C2)c2sccc2n1	0.040679
rxn:2:72207:103008	c1nc(N2CCC(NC3C[C@H]4COC[C@@H]4C3)C2)c2sccc2n1	0.040679
rxn:2:72207:132619	c1nc(N2CCC(NC3C[C@@H]4COC[C@H]4C3)C2)c2sccc2n1	0.040679
rxn:2:72207:139856	c1nc(N2CCC(NC3CC4COCC4C3)C2)c2sccc2n1	0.040679
rxn:2:134003:91939	CCc1nn(-c2ccc(C)cc2)cc1NC1CCN(C)C1(C)C	0.040674
rxn:2:84992:141943	CCC(NCC(OC)C1CCCCC1C)C1CSC1	0.040664
rxn:2:66656:117345	c1ccc2c(c1)CCCCC(N[C@H]1C[C@H](Cn3cccn3)C1)C2	0.040659
rxn:2:116255:141943	CCC(NCc1c(COC)nc2ccccn12)C1CSC1	0.040641
rxn:2:74027:105764	CCCCC1CC(Nc2ccc(CC)c(OC)c2)C1	0.040622
rxn:2:81847:70439	c1nc(N2CC(NC3CC4OC(C3)C3CC43)C2)c2sccc2n1	0.040621
rxn:2:125580:91066	CSc1cc(NC2COc3ccsc32)cc(C2CC2)c1	0.040615
rxn:2:133822:92418	COc1ccccc1N1CCC(NC2CCCc3snnc32)C1	0.040611
rxn:2:73793:118131	COCCn1cncc1CNC1CC(c2ncc(C)s2)C1	0.040611
rxn:2:103129:83447	c1ccc(CO[C@H]2C[C@@H]3C[C@@H](NC4C[C@@H]5C[C@@H]5C4)[C@@H]3C2)cc1	0.040604
rxn:2:67749:118998	CCc1ccc(C(C)NC2CCOc3c(C)cc(C)cc32)o1	0.040602
rxn:2:83493:118090	Cc1csc(CCNC2CC(C3(C)CCC3)n3nccc32)c1	0.040597
rxn:2:68125:91066	c1cc2c(s1)C(Nc1cc(C3CC3)cc(C3CC3)c1)CO2	0.040594
rxn:2:66839:91066	c1cc2c(s1)C(Nc1cc(C3CC3)ccc1C1CC1)CO2	0.040594
rxn:2:116731:91066	c1cc2c(s1)C(Nc1ccc(C3CC3)cc1C1CC1)CO2	0.040594
rxn:2:87956:91066	c1cc2c(s1)C(Nc1ccc(C3CC3)c(C3CC3)c1)CO2	0.040594
rxn:2:67607:115689	COc1cccc(C(CN(C)C2CC2)Nc2ncsn2)c1	0.040580
rxn:2:85309:141943	CCCC(NC(CC)C1CSC1)c1nnc2ccccn12	0.040572
rxn:2:149296:130954	Cc1ccc2[nH]c(=O)c(NC3CCC4(CC3)CSC4)nc2c1	0.040564
rxn:2:162521:130954	Cc1ccc2nc(NC3CCC4(CC3)CSC4)[nH]c(=O)c2c1	0.040564
rxn:2:72207:79558	c1nc(N2CCC(NC3COC(C4CC4)C3)C2)c2sccc2n1	0.040563
rxn:2:125749:141943	CCc1nc2ccccn2c1CCNC(CC)C1CSC1	0.040557
rxn:2:110537:141943	CCC(Nc1ccc(-c2cccc(C)n2)nc1C)C1CSC1	0.040552
rxn:2:94582:141943	CCC(Nc1nccc(-c2ccc(C)c(C)c2)n1)C1CSC1	0.040552
rxn:2:104255:72771	CC(C)CC1CC(NCc2ccc(N3CCCC3C)o2)C1	0.040551
rxn:2:88491:115775	CC(CCCC1CC1)Nc1nnc(-c2ccccn2)[nH]1	0.040546
rxn:2:101528:141943	CCC(Nc1ccc(OC)c(-c2ccco2)c1)C1CSC1	0.040535
rxn:2:115472:130954	Cc1ccc2nc([C@H](C)NC3CCC4(CC3)CSC4)[nH]c2c1	0.040532
rxn:2:72207:110791	C[C@@H]1CC(NC2CCN(c3ncnc4ccsc34)C2)C[C@H](C)C1	0.040514
rxn:2:72207:121622	CC1CC(C)CC(NC2CCN(c3ncnc4ccsc34)C2)C1	0.040514
rxn:2:81263:124463	CSCc1cncc(NC2CC3CCCC(C2)N3C2CC2)c1	0.040508
rxn:2:99665:91066	c1cc2c(s1)C(N[C@@H]1CCO[C@H]1c1cncc(C3CC3)c1)CO2	0.040504
rxn:2:81263:117900	CSCc1cncc(NC2CCC3CC(C)CCC3C2)c1	0.040504
rxn:2:91434:137914	CSCCC1CC(NC(c2ccccc2)c2ncon2)C1	0.040496
rxn:2:105315:119178	CCCN1CCC(C(CC)Nc2c(C)nc3cccnn23)C1	0.040490
rxn:2:67607:84786	Cc1cc(CC(C)C)nc(CCC(C)Nc2ncsn2)n1	0.040490
rxn:2:79495:81672	Cc1cnc(C(C)NCCC2CC2c2cn(C)cn2)nc1C	0.040488
rxn:2:79495:136753	Cc1ncc(C(C)NCCC2CC2c2cn(C)cn2)c(C)n1	0.040488
rxn:2:79495:82997	Cc1ncc(C(C)NCCC2CC2c2cn(C)cn2)nc1C	0.040488
rxn:2:79495:89348	Cc1cnc(C)c(C(C)NCCC2CC2c2cn(C)cn2)n1	0.040488
rxn:2:105525:92418	Cc1nccnc1N1CCCC(NC2CCCc3snnc32)C1	0.040483
rxn:2:84577:131788	Cc1nc(C(C)N[C@H]2CC[C@@H]2N(C)C)[nH]c1-c1cccnc1	0.040479
rxn:2:98745:118090	CN1CC2CCC(NC3CC(C4(C)CCC4)n4nccc43)C2C1	0.040474
rxn:2:82126:126500	Cc1cc(C)c(C(C)Nc2cncc(C(C)(F)F)c2)c(C)n1	0.040473
rxn:2:74325:136817	CCC(CCN1CCCCC1)N[C@@H]1[C@@H]2CC[C@H]1COC2	0.040467
rxn:2:77500:137914	CSCCC1CC(NCc2ccc(-c3ncon3)cc2)C1	0.040464
rxn:2:139188:80762	Cc1ccc2c(c1)C(C)CCC2Nc1nccc(C2CC2)n1	0.040454
rxn:2:130763:92418	Cc1cnc(C)c(N2CCC(NC3CCCc4snnc43)C2)n1	0.040453
rxn:2:128100:92418	Cc1cc(C)nc(N2CCC(NC3CCCc4snnc43)C2)n1	0.040453
rxn:2:92374:91308	CCC(Nc1cccc2nc(C)cn12)C1CCC(F)(F)CC1	0.040452
rxn:2:100556:91308	CCC(Nc1c(C)nn2ccccc12)C1CCC(F)(F)CC1	0.040452
rxn:2:84173:91308	CCC(Nc1c(C)nc2ccccn12)C1CCC(F)(F)CC1	0.040452
rxn:2:109010:80762	CCCn1cc(CNC2CCC(C)c3cc(C)ccc32)cn1	0.040451
rxn:2:130597:70439	Cc1cccnc1N1CCCC(NC2CC3OC(C2)C2CC32)C1	0.040448
rxn:2:79495:75108	Cc1cc(C(C)NCCC2CC2c2cn(C)cn2)cnc1C	0.040442
rxn:2:79495:103762	Cc1cc(C)c(C(C)NCCC2CC2c2cn(C)cn2)cn1	0.040442
rxn:2:79495:134832	Cc1cnc(C)c(C(C)NCCC2CC2c2cn(C)cn2)c1	0.040442
rxn:2:79495:134208	Cc1ccc(C(C)NCCC2CC2c2cn(C)cn2)c(C)n1	0.040442
rxn:2:79495:76464	Cc1nccc(C(C)NCCC2CC2c2cn(C)cn2)c1C	0.040442
rxn:2:79495:108484	Cc1cncc(C(C)NCCC2CC2c2cn(C)cn2)c1C	0.040442
rxn:2:79495:70546	Cc1ccnc(C)c1C(C)NCCC1CC1c1cn(C)cn1	0.040442
rxn:2:79495:97831	Cc1cnc(C(C)NCCC2CC2c2cn(C)cn2)c(C)c1	0.040442
rxn:2:111875:141943	CCC(Nc1c(C)nn(-c2ccccc2C)c1C)C1CSC1	0.040423
rxn:2:138389:141943	CCC(Nc1c(C)nn(-c2ccc(C)cc2)c1C)C1CSC1	0.040423
rxn:2:116077:141943	CCC(Nc1c(C)nn(-c2cccc(C)c2)c1C)C1CSC1	0.040423
rxn:2:123575:91939	CC(C)c1nn(-c2ccccc2)cc1NC1CCN(C)C1(C)C	0.040414
rxn:2:88731:78603	COC(CNC1CC(c2ccccc2)C1C)c1cn(C)nn1	0.040412
rxn:2:97885:76633	Cc1cc(C)c(CCC(C)N[C@H]2[C@@H]3CC[C@H]2COC3)cc1C	0.040408
rxn:2:97885:129380	Cc1cc(C)c(CCC(C)N[C@H]2[C@@H]3CC[C@H]2COC3)c(C)c1	0.040408
rxn:2:74325:76633	Cc1cc(C)c(CCC(C)N[C@@H]2[C@@H]3CC[C@H]2COC3)cc1C	0.040408
rxn:2:74325:129380	Cc1cc(C)c(CCC(C)N[C@@H]2[C@@H]3CC[C@H]2COC3)c(C)c1	0.040408
rxn:2:94869:138146	CCC(Cc1cccnc1)NC1CC(C)(C)Cc2[nH]ncc21	0.040405
rxn:2:114945:138146	CCC(Cc1cccnc1)NC1CCN(c2nccs2)CC1	0.040402
rxn:2:89859:141943	CCCc1nc2ccccn2c1CNC(CC)C1CSC1	0.040401
rxn:2:113701:141943	CCC(N[C@H](c1cccs1)c1ccc(C)s1)C1CSC1	0.040398
rxn:2:93519:155977	Cc1ccc(-c2ccc3c(c2)C(NC2C(F)CC4CC42)CO3)o1	0.040390
rxn:2:121310:86777	CCC(NC1CN(Cc2ccsc2)C1)c1c(C)nn(C)c1C	0.040390
rxn:2:114115:92418	CCn1cc(CC(C)(CC)NC2CCCc3snnc32)cn1	0.040388
rxn:2:87713:80762	CCn1ccc(CNC2CCC(C)c3cc(C)ccc32)cc1=O	0.040387
rxn:2:102258:113658	CCc1nc(C2CC2)c(C(C)NC2CC(n3cncn3)C2)s1	0.040386
rxn:2:67607:164085	c1cc2c3c(cccc3c1)C(Nc1ncsn1)CC2	0.040384
rxn:2:120241:130954	c1nnc(-c2cn[nH]c2NC2CCC3(CC2)CSC3)[nH]1	0.040381
rxn:2:111356:96265	CCCC1c2[nH]cnc2CC(CNC2CC(SC)C2)N1C	0.040365
rxn:2:70851:72771	CC(C)CC1CC(N[C@H]2C[C@@H](Cc3ccccc3)C2)C1	0.040361
rxn:2:111077:70439	Cc1ccc(N2CCC(NC3CC4OC(C3)C3CC43)C2)cc1C	0.040360
rxn:2:139506:70439	Cc1ccc(N2CCC(NC3CC4OC(C3)C3CC43)C2)c(C)c1	0.040360
rxn:2:105524:132476	CCn1nc(C)c(C2CC2)c1NC(C)c1cc(C)c(C)s1	0.040358
rxn:2:93079:83009	Cc1n[nH]c(CNC(C)c2cc3ccccc3s2)n1	0.040352
rxn:2:106869:83447	CSc1cc(C)nc(NC2C[C@@H]3C[C@@H]3C2)n1	0.040344
rxn:2:66976:125833	CCN(CC)C(C)C(Nc1ncon1)c1ccc(C)cc1	0.040342
rxn:2:93079:94792	Cc1n[nH]c(CNC(C)c2cc3ccncc3s2)n1	0.040339
rxn:2:93079:119437	Cc1n[nH]c(CNC(C)c2cc3cccnc3s2)n1	0.040339
rxn:2:93079:125091	Cc1n[nH]c(CNC(C)c2cc3cnccc3s2)n1	0.040339
rxn:2:97885:112102	CC(CCc1ncc(C(C)C)[nH]1)N[C@H]1[C@@H]2CC[C@H]1COC2	0.040338
rxn:2:74325:112102	CC(CCc1ncc(C(C)C)[nH]1)N[C@@H]1[C@@H]2CC[C@H]1COC2	0.040338
rxn:2:99134:139581	CCc1cncc(NC2CCOc3ccc(C(C)C)cc32)c1	0.040337
rxn:2:132678:72771	CC(C)CC1CC(NCc2nc3cc(C4CC4)ccn3n2)C1	0.040316
rxn:2:99437:141943	CCC(NCc1nnc(CS(C)(=O)=O)[nH]1)C1CSC1	0.040316
rxn:2:94725:94554	CCn1cc(C(C)NC2CC(c3ccc(OC)cc3)C2)cn1	0.040315
rxn:2:96303:97161	Cc1ccc(C(NC2CC3(CCCCO3)C2)C2CC2)c(C)c1	0.040311
rxn:2:110745:105764	CCCCC1CC(NCC2(N3CCCC3)COC2)C1	0.040298
rxn:2:116614:127611	CCC(C)(C)C1CCC(Nc2cccn([C@H]3C[C@H]3F)c2=O)C1	0.040295
rxn:2:86127:118131	CCn1cc(C(C)(C)CNC2CC(c3ncc(C)s3)C2)cn1	0.040294
rxn:2:138600:76835	CCC1(NC2CCc3c(C4CC4)cccc32)CC(F)(F)C1	0.040293
rxn:2:86465:66368	CN1Cc2ccc(NC3CCCc4c3ccc(=O)n4C)cc2C1	0.040291
rxn:2:112040:122080	CC(CCS(=O)(=O)F)Nc1nc(-c2cnccn2)ns1	0.040291
rxn:2:80716:66368	CN1CCc2cc(NC3CCCc4c3ccc(=O)n4C)ccc21	0.040291
rxn:2:86933:66368	CN1CCc2ccc(NC3CCCc4c3ccc(=O)n4C)cc21	0.040291
rxn:2:116355:112899	CCC(NC1CCc2c1ccc1c2CCC1)c1cn(C)nc1C	0.040290
rxn:2:66656:132034	Cc1cc2c(cc1C)C(N[C@H]1C[C@H](Cn3cccn3)C1)CCC2	0.040290
rxn:2:66656:111998	Cc1ccc2c(c1C)CCCC2N[C@H]1C[C@H](Cn2cccn2)C1	0.040290
rxn:2:66656:131320	Cc1cc(C)c2c(c1)C(N[C@H]1C[C@H](Cn3cccn3)C1)CCC2	0.040290
rxn:2:66656:135255	Cc1cc(C)c2c(c1)CCCC2N[C@H]1C[C@H](Cn2cccn2)C1	0.040290
rxn:2:112040:83653	CC1C(F)(F)C12CCC(Nc1nc(-c3cnccn3)ns1)CC2	0.040287
rxn:2:96303:99729	CCOc1ccc(C(C)NC2CC3(CCCCO3)C2)c(C)c1	0.040286
rxn:2:140730:81578	FC1(F)CCOC12CCC(Nc1ccnc3ccsc13)CC2	0.040285
rxn:2:97885:81963	CC(CCc1ccc2[nH]ccc2c1)N[C@H]1[C@@H]2CC[C@H]1COC2	0.040281
rxn:2:74325:81963	CC(CCc1ccc2[nH]ccc2c1)N[C@@H]1[C@@H]2CC[C@H]1COC2	0.040281
rxn:2:89592:92418	COc1cccnc1N1CCC(NC2CCCc3snnc32)C1	0.040281
rxn:2:136496:79782	CC1CCCC(NCc2cnn(C)c(=O)c2)c2ccccc21	0.040281
rxn:2:116369:90296	COc1ccccc1Cn1ccnc1NC1CC(C2CC2)C1	0.040278
rxn:2:136496:110852	Cc1ccc2c(c1)CCCCC2NCc1cnn(C)c(=O)c1	0.040274
rxn:2:136496:102043	Cc1ccc2c(c1)C(NCc1cnn(C)c(=O)c1)CCCC2	0.040274
rxn:2:88954:92418	CCc1cc(N2CCC(NC3CCCc4snnc43)C2)ncn1	0.040273
rxn:2:127406:105732	CCc1ccc([C@H](CC)NC2C[C@H]3CCC[C@H]3C2)cc1	0.040272
rxn:2:121329:105732	c1ccc(Cc2cncc(NC3C[C@H]4CCC[C@H]4C3)c2)cc1	0.040271
rxn:2:88152:66368	Cn1c2c(ccc1=O)C(Nc1ccc3c(c1)CCCO3)CCC2	0.040266
rxn:2:68789:70439	Cn1ncc(CN2CCCCC2)c1NC1CC2OC(C1)C1CC21	0.040261
rxn:2:139844:141943	CCC(Nc1c(C)nn(Cc2ccccn2)c1C)C1CSC1	0.040254
rxn:2:133238:141943	CCC(Nc1cn(Cc2cccc(C)n2)nc1C)C1CSC1	0.040254
rxn:2:136496:109187	CC(NCc1cnn(C)c(=O)c1)c1ccc2c(c1)N(C)CCO2	0.040248
rxn:2:65970:81352	CCN1CCCc2cc(NC3CCCc4c[nH]cc43)ccc21	0.040245
rxn:2:65970:124439	CCN1CCCc2cc(NC3CCCc4[nH]ccc43)ccc21	0.040245
rxn:2:128636:80762	CCc1cncc(CNC2CCC(C)c3cc(C)ccc32)c1	0.040239
rxn:2:100556:119178	CCCN1CCC(C(CC)Nc2c(C)nn3ccccc23)C1	0.040229
rxn:2:92374:119178	CCCN1CCC(C(CC)Nc2cccc3nc(C)cn23)C1	0.040229
rxn:2:84173:119178	CCCN1CCC(C(CC)Nc2c(C)nc3ccccn23)C1	0.040229
rxn:2:84173:69916	CCCC(CN1CCC(C)C1)Nc1c(C)nc2ccccn12	0.040229
rxn:2:137304:105732	CCCCN(C)c1cncc(NC2C[C@H]3CCC[C@H]3C2)c1	0.040229
rxn:2:66976:134106	CC(Nc1ncon1)c1cnn(C(C)C)c1OCC1CC1	0.040229
rxn:2:136496:108854	CC1CCC(NCc2cnn(C)c(=O)c2)Cc2ccccc21	0.040223
rxn:2:93276:118131	COC1(CNC2CC(c3ncc(C)s3)C2)CCCC(C)C1C	0.040222
rxn:2:129642:70439	CCc1noc(C2CCC(NC3CC4OC(C3)C3CC43)CC2)n1	0.040221
rxn:2:135338:85501	CCCN1C2CCCC1CC(Nc1cnnc(SC)c1)C2	0.040208
rxn:2:114773:80762	Cc1ccc2c(c1)C(C)CCC2NCc1cnc(C)c(C)c1	0.040204
rxn:2:73201:90296	CSc1cc(NC2CC(C3CC3)C2)ncn1	0.040190
rxn:2:101346:90296	CSc1ncc(NC2CC(C3CC3)C2)cn1	0.040190
rxn:2:95390:103571	Cc1n[nH]c(C(F)(F)CNC(C)c2cc3c(s2)CCCC3)n1	0.040186
rxn:2:67607:121571	COc1ccc(C(CC(C)C)Nc2ncsn2)cc1OC	0.040185
rxn:2:66976:166485	Cn1c2c(c3ccccc31)CCC2Nc1ncon1	0.040184
rxn:2:104566:143157	COc1csc(-c2ccc3c(c2)OCC3NC2C3CC2C3F)c1	0.040182
rxn:2:93802:91021	CCCCC(Nc1cc(N(C)C)ncn1)c1cnccn1	0.040180
rxn:2:72029:103571	Cc1n[nH]c(C(C)(C)CNC(C)c2cc3c(s2)CCCC3)n1	0.040179
rxn:2:102108:87143	CC(CCc1cnsc1)N[C@@H]1COCC[C@@H]1c1ccccc1	0.040160
rxn:2:67883:107408	CC(Nc1cncs1)c1ccc(-c2ccsc2)s1	0.040156
rxn:2:106240:70439	Cc1cc(N2CCC(NC3CC4OC(C3)C3CC43)CC2)ncn1	0.040150
rxn:2:141119:70439	Cc1cc(N2CCCC(NC3CC4OC(C3)C3CC43)C2)ncn1	0.040150
rxn:2:105525:70439	Cc1nccnc1N1CCCC(NC2CC3OC(C2)C2CC32)C1	0.040150
rxn:2:84172:90296	c1ccc(COc2cc(NC3CC(C4CC4)C3)cnn2)cc1	0.040148
rxn:2:66976:100695	CC(C)CN(c1ncc(C(C)Nc2ncon2)s1)C(C)C	0.040146
rxn:2:110559:103571	Cc1n[nH]c(CC(C)(C)NC(C)c2cc3c(s2)CCCC3)n1	0.040139
rxn:2:81263:80403	CSCc1cncc(NC2CC3CCCC(C2)N3C(C)C)c1	0.040102
rxn:2:91434:105764	CCCCC1CC(NC(c2ccccc2)c2ncon2)C1	0.040100
rxn:2:130763:70439	Cc1cnc(C)c(N2CCC(NC3CC4OC(C3)C3CC43)C2)n1	0.040098
rxn:2:128100:70439	Cc1cc(C)nc(N2CCC(NC3CC4OC(C3)C3CC43)C2)n1	0.040098
rxn:2:74620:70439	Cc1cc(N2CCC(NC3CC4OC(C3)C3CC43)C2)nc(C)n1	0.040098
rxn:2:68559:71485	CCCSc1ccc(NC(C)CCC2CC2)nn1	0.040097
rxn:2:130096:96265	CCc1ccc2c(c1)C(C)(NC1CC(SC)C1)CC(C)(C)O2	0.040095
rxn:2:66656:113035	COc1cc2c(cn1)C(N[C@H]1C[C@H](Cn3cccn3)C1)CCC2	0.040093
rxn:2:97885:113992	CC(CCc1cnc2ccccc2n1)N[C@H]1[C@@H]2CC[C@H]1COC2	0.040087
rxn:2:74325:113992	CC(CCc1cnc2ccccc2n1)N[C@@H]1[C@@H]2CC[C@H]1COC2	0.040087
rxn:2:76776:90157	Cc1c(C(C)NC2CC2C2CCOC2)cnn1-c1ccccn1	0.040087
rxn:2:121310:139714	CC(NC1CN(Cc2ccsc2)C1)c1cccc(N(C)C)c1	0.040080
rxn:2:126404:91939	CC(C)OC1CCCCCC1NC1CCN(C)C1(C)C	0.040078
rxn:2:96303:118592	CC(C)COC1CC(NC2CC3(CCCCO3)C2)C1(C)C	0.040076
rxn:2:67607:75664	Cc1cnn(C)c1-c1csc(C(C)Nc2ncsn2)c1	0.040075
rxn:2:66656:87532	c1cnn(C[C@H]2C[C@H](NC3CCCCc4cnccc43)C2)c1	0.040072
rxn:2:66656:123124	c1cnn(C[C@H]2C[C@H](NC3CCCCc4ccncc43)C2)c1	0.040072
rxn:2:93079:120346	CSc1cccc(C(NCc2nc(C)n[nH]2)C(C)C)c1	0.040068
rxn:2:68658:94654	COc1ccc(C(NC2CC3(CCO3)C2)c2ccncc2)cc1	0.040063
rxn:2:114928:73522	CCCCC(Nc1nnc(-c2cc(C)cs2)o1)C(C)C	0.040061
rxn:2:66656:66310	CN(C)c1ccc2c(c1)CCC2N[C@H]1C[C@H](Cn2cccn2)C1	0.040061
rxn:2:102258:152995	CS(=O)(=O)c1ccc2c(c1)C(NC1CC(n3cncn3)C1)CC2	0.040057
rxn:2:84577:118424	CCC(N[C@H]1CC[C@@H]1N(C)C)c1ccc(-n2cncn2)cn1	0.040057
rxn:2:105315:102111	CCC(Nc1c(C)nc2cccnn12)C1CCN(C2CC2)CC1	0.040049
rxn:2:105315:111082	CCC(Nc1c(C)nc2cccnn12)C1CCCN(C2CC2)C1	0.040049
rxn:2:105315:128645	CCC(Nc1c(C)nc2cccnn12)C1CCN(C2CCC2)C1	0.040049
rxn:2:138600:103705	CCc1cccc2c1CCCC2NC1(CC)CC(F)(F)C1	0.040048
rxn:2:119763:91939	CCCc1nn(-c2ccncc2)cc1NC1CCN(C)C1(C)C	0.040047
rxn:2:125034:91939	CCCc1nn(-c2cccnc2)cc1NC1CCN(C)C1(C)C	0.040047
rxn:2:69828:91939	CCCc1ccn(-c2ccnc(NC3CCN(C)C3(C)C)c2)n1	0.040047
rxn:2:84651:91939	CCCc1ccnn1-c1ccnc(NC2CCN(C)C2(C)C)c1	0.040047
rxn:2:109399:94654	COc1ccccc1-c1ccnc(CNC2CC3(CCO3)C2)c1	0.040044
rxn:2:67607:67695	c1ccc2nn(C3CCCC3Nc3ncsn3)nc2c1	0.040041
rxn:2:66656:124133	c1ccc2c(c1)CCCCCC2N[C@H]1C[C@H](Cn2cccn2)C1	0.040038
rxn:2:116614:70732	COc1cc(C)cnc1C(C)Nc1cccn([C@H]2C[C@H]2F)c1=O	0.040035
rxn:2:116614:100079	COc1cnc(C(C)Nc2cccn([C@H]3C[C@H]3F)c2=O)c(C)c1	0.040035
rxn:2:116614:98371	COc1ccc(C)nc1C(C)Nc1cccn([C@H]2C[C@H]2F)c1=O	0.040035
rxn:2:116614:111895	COc1c(C)ccnc1C(C)Nc1cccn([C@H]2C[C@H]2F)c1=O	0.040035
rxn:2:106875:141943	CCC(NCCc1cnn(C(C)C)c1OC)C1CSC1	0.040032
rxn:2:83532:87143	COC(CNC(C)CCc1cnsc1)c1cnn(C)n1	0.040030
rxn:2:115965:91066	CCc1cc(CC)c(NC2COc3ccsc32)c(CC)c1	0.040027
rxn:2:84577:163643	Cc1c(-c2cnn(C)c2)cccc1C(C)N[C@H]1CC[C@@H]1N(C)C	0.040024
rxn:2:77500:105764	CCCCC1CC(NCc2ccc(-c3ncon3)cc2)C1	0.040022
rxn:2:81406:141943	CCC(Nc1cc(-c2cccc(OC)c2)ncn1)C1CSC1	0.040017
rxn:2:118713:127799	COc1cc(NC2C[C@H]3CC[C@@H]2CC3)ccc1-n1cnc(C)c1	0.040017
rxn:2:118043:103571	CC(NCc1nc(C2CCC2)n[nH]1)c1cc2c(s1)CCCC2	0.040016
rxn:2:66656:68545	COc1ccc2c(c1)CCCC2N[C@H]1C[C@H](Cn2cccn2)C1	0.040013
rxn:2:66656:118981	COc1ccc2c(c1)C(N[C@H]1C[C@H](Cn3cccn3)C1)CCC2	0.040013
rxn:2:78513:96141	CC(NC[C@H]1C[C@]2(C)C[C@@H]1CO2)c1cccc(-n2cccn2)c1	0.040013
rxn:2:67357:119102	c1occ2c1OCCC2NC1CC2CCC(C1)C21SCCS1	0.040010
rxn:2:93079:131845	Cc1n[nH]c(CNC(C)c2cc3cncnc3s2)n1	0.040003
rxn:2:140730:110943	CCCCN1C2CCC1CC(Nc1ccnc3ccsc13)C2	0.040001
rxn:2:84577:158333	Cc1cccc(-n2ncc(C(C)N[C@H]3CC[C@@H]3N(C)C)c2C)c1	0.039998
rxn:2:84590:132476	Cc1cc(C(C)Nc2cc(=O)[nH]n2CC2CC2(F)F)sc1C	0.039996
rxn:2:93519:106446	COc1ccc2c(c1)OC(C1CC1)CC2NC1C(F)CC2CC21	0.039983
rxn:2:68182:137331	CC(C)CN1CC[C@@H](NC(C)c2ccc(-c3ccon3)s2)C1	0.039976
rxn:2:67607:79522	Cc1nccn1-c1cccc(C(C)Nc2ncsn2)c1	0.039973
rxn:2:127811:91021	CCCCC(Nc1cc(C(C)C)ncn1)c1cnccn1	0.039969
rxn:2:93079:81090	Cc1n[nH]c(CNC(C)c2ccc(N3CCN(C)CC3)s2)n1	0.039965
rxn:2:145401:96265	CSC1CC(Nc2nc(Cc3nc(C4CC4)nn3C)cs2)C1	0.039962
rxn:2:90440:141084	Cc1nsc2cc(NC3CCOC4(CCCSC4)C3)ccc12	0.039954
rxn:2:105315:110503	CCC(Nc1c(C)nc2cccnn12)C1CCN(C(C)C)CC1	0.039952
rxn:2:105315:70037	CCC(Nc1c(C)nc2cccnn12)C1CCCN(C(C)C)C1	0.039952
rxn:2:86457:141943	CCC(NCC(C)c1c(C)nc2ccc(C)cn12)C1CSC1	0.039947
rxn:2:134580:141943	CCC(C)Oc1ccc(CNC(CC)C2CSC2)nn1	0.039942
rxn:2:87737:91066	c1ncc(-c2ccc(NC3COc4ccsc43)cn2)s1	0.039940
rxn:2:112333:137035	CCCCC(NCc1nc(=O)[nH][nH]1)c1ccsc1	0.039936
rxn:2:96303:104769	CCCC(Cn1ccccc1=O)NC1CC2(CCCCO2)C1	0.039934
rxn:2:74325:72382	CC(N[C@@H]1[C@@H]2CC[C@H]1COC2)c1ccc2c(c1)CCC(C)(C)O2	0.039930
rxn:2:118713:127378	COc1cc(NC2CC(OC)C2(C)C)ccc1-n1cnc(C)c1	0.039927
rxn:2:89592:70439	COc1cccnc1N1CCC(NC2CC3OC(C2)C2CC32)C1	0.039926
rxn:2:70003:96265	CSC1CC(NCc2ccc(OCC3(C)COC3)cc2)C1	0.039924
rxn:2:135122:138146	CCC(Cc1cccnc1)NC1CC(C)(C)Cc2ncncc21	0.039919
rxn:2:67607:116292	Cc1nc(-c2cnccn2)sc1C(C)Nc1ncsn1	0.039917
rxn:2:96177:141943	CCC(NCCc1nnn(C2CCCCC2)n1)C1CSC1	0.039916
rxn:2:66976:164904	CC(Nc1ncon1)c1cc2cc3c(cc2s1)OCO3	0.039912
rxn:2:119190:80762	Cc1ccc2c(c1)C(C)CCC2NCc1cncc(N(C)C)c1	0.039908
rxn:2:89273:130954	Cc1ccc(-c2cn[nH]c2NC2CCC3(CC2)CSC3)cc1	0.039906
rxn:2:68182:75336	CCOc1ccnc(C(C)N[C@@H]2CCN(CC(C)C)C2)c1	0.039906
rxn:2:68182:85274	CCOc1cccnc1C(C)N[C@@H]1CCN(CC(C)C)C1	0.039906
rxn:2:88954:70439	CCc1cc(N2CCC(NC3CC4OC(C3)C3CC43)C2)ncn1	0.039905
rxn:2:67607:167876	Cc1ccn(-c2cc(C(C)Nc3ncsn3)ccn2)n1	0.039905
rxn:2:89813:134526	CC(NCC(C)N1CCCCC1)c1cc2c([nH]c1=O)CCC2	0.039904
rxn:2:84387:94554	COc1ccc(C2CC(NCc3ccc4c(c3)OCO4)C2)cc1	0.039902
rxn:2:97885:112495	CCCc1csc(CCC(C)N[C@H]2[C@@H]3CC[C@H]2COC3)n1	0.039892
rxn:2:74325:112495	CCCc1csc(CCC(C)N[C@@H]2[C@@H]3CC[C@H]2COC3)n1	0.039892
rxn:2:84577:128047	CCOc1cc(OC)ccc1C(C)N[C@H]1CC[C@@H]1N(C)C	0.039890
rxn:2:67607:80572	CC(C)Cc1ccc2c(c1)CCCCC2Nc1ncsn1	0.039884
rxn:2:149062:83403	COCC1CCC1N[C@@H]1CCN(c2ncnc3ccccc23)C1	0.039882
rxn:2:76776:97348	CCc1ccc(CCC(C)NC2CC2C2CCOC2)nc1	0.039873
rxn:2:91685:67395	CC(C)OCC(C)(C)NC1CC(c2nc(C3CC3)no2)C1	0.039865
rxn:2:76776:85095	CC(CCc1ccc2c(c1)OCO2)NC1CC1C1CCOC1	0.039864
rxn:2:112333:84542	COc1ccc(C(C)NCc2nc(=O)[nH][nH]2)cc1C	0.039862
rxn:2:112333:74326	COc1cc(C(C)NCc2nc(=O)[nH][nH]2)ccc1C	0.039862
rxn:2:112333:119697	COc1ccc(C)cc1C(C)NCc1nc(=O)[nH][nH]1	0.039862
rxn:2:112668:98726	F[C@H]1COC2(CCC(NC34CC(c5nccs5)(C3)C4)CC2)[C@H]1F	0.039858
rxn:2:116614:74602	COc1cnc(C)nc1C(C)Nc1cccn([C@H]2C[C@H]2F)c1=O	0.039854
rxn:2:116614:116608	COc1cnc(C(C)Nc2cccn([C@H]3C[C@H]3F)c2=O)c(C)n1	0.039854
rxn:2:73355:71205	COc1ccc(NC(C)CCC2(C3CCC3)COC2)nn1	0.039850
rxn:2:97885:138605	CC(CCc1cnc2ccccc2c1)N[C@H]1[C@@H]2CC[C@H]1COC2	0.039848
rxn:2:97885:112718	CC(CCc1cncc2ccccc12)N[C@H]1[C@@H]2CC[C@H]1COC2	0.039848
rxn:2:74325:138605	CC(CCc1cnc2ccccc2c1)N[C@@H]1[C@@H]2CC[C@H]1COC2	0.039848
rxn:2:74325:112718	CC(CCc1cncc2ccccc12)N[C@@H]1[C@@H]2CC[C@H]1COC2	0.039848
rxn:2:135073:66368	Cn1c2c(ccc1=O)C(Nc1ccc3c(c1)CCCC3)CCC2	0.039846
rxn:2:79495:116063	Cc1ccc(C(C)NCCC2CC2c2cn(C)cn2)c(C)c1	0.039846
rxn:2:79495:119174	Cc1ccc(C)c(C(C)NCCC2CC2c2cn(C)cn2)c1	0.039846
rxn:2:79495:114486	Cc1ccc(C(C)NCCC2CC2c2cn(C)cn2)cc1C	0.039846
rxn:2:76776:107924	COc1ccc(CCC(C)NC2CC2C2CCOC2)cc1	0.039844
rxn:2:76776:117442	COc1cccc(CCC(C)NC2CC2C2CCOC2)c1	0.039844
rxn:2:133796:93200	CC(NCC1(CC2CCCC2)CCC1)c1cc[nH]c(=O)c1	0.039834
rxn:2:106078:72771	CC(C)CC1CC(NC2CC(C)CN(CC(C)C)C2)C1	0.039830
rxn:2:141661:78148	CCC1CCC(CC(C)NCC2Cc3nnc(C)n3C2)CC1	0.039829
rxn:2:74713:78148	CCC1CCC(CC(C)NCCn2c(C)nnc2C)CC1	0.039828
rxn:2:66976:135290	CCC1CCC(Nc2ncon2)C(CN(CC)C2CC2)C1	0.039825
rxn:2:97885:139585	CCC(N[C@H]1[C@@H]2CC[C@H]1COC2)c1ccc(OC)c(OC)c1	0.039823
rxn:2:141824:76082	COc1cc(NC(C)c2cccc(C)c2C)ccc1N(C)C	0.039820
rxn:2:162702:141943	CCC(Nc1c2c(nc3ccnn13)CCCCC2)C1CSC1	0.039819
rxn:2:140881:91021	CCCCC(Nc1cc(C(C)(C)C)ncn1)c1cnccn1	0.039812
rxn:2:119997:105764	CCCCC1CC(NCCN2CCC(C)CC2C)C1	0.039802
rxn:2:93519:164637	Cc1n[nH]cc1-c1ccc2c(c1)OCC2NC1C(F)CC2CC21	0.039782
rxn:2:112047:105732	CCC(NC1C[C@H]2CCC[C@H]2C1)c1ccc2c(c1)CC(C)O2	0.039771
rxn:2:122841:116059	CC1(Oc2ccc(NC(c3ccco3)C3CC3)cc2)COC1	0.039770
rxn:2:130607:71205	CCc1ccc(NC(C)CCC2(C3CCC3)COC2)nn1	0.039764
rxn:2:81263:84299	CSCc1cncc(NC2CCCC(C3CCOCC3)C2)c1	0.039763
rxn:2:103824:138146	CCC(Cc1cccnc1)NC1CC(C)(C)Cc2[nH]ccc21	0.039744
rxn:2:140730:68597	COC1CCC2(CC1)CC(Nc1ccnc3ccsc13)CCO2	0.039738
rxn:2:97885:70735	COc1cc(C)cc(CCC(C)N[C@H]2[C@@H]3CC[C@H]2COC3)c1	0.039732
rxn:2:97885:113196	COc1ccc(CCC(C)N[C@H]2[C@@H]3CC[C@H]2COC3)cc1C	0.039732
rxn:2:74325:70735	COc1cc(C)cc(CCC(C)N[C@@H]2[C@@H]3CC[C@H]2COC3)c1	0.039732
rxn:2:74325:113196	COc1ccc(CCC(C)N[C@@H]2[C@@H]3CC[C@H]2COC3)cc1C	0.039732
rxn:2:135338:81705	CSc1cc(NC(C)c2ccc(C3(F)CC3)cc2)cnn1	0.039729
rxn:2:137031:115775	CC(CCCC1CC1)NC(C)c1cc2c[nH]ccc-2n1	0.039725
rxn:2:97885:127851	CC(CCc1ccc(N(C)C)cc1)N[C@H]1[C@@H]2CC[C@H]1COC2	0.039716
rxn:2:74325:127851	CC(CCc1ccc(N(C)C)cc1)N[C@@H]1[C@@H]2CC[C@H]1COC2	0.039716
rxn:2:66976:168163	Cc1cncnc1-c1ccc(C(C)Nc2ncon2)s1	0.039716
rxn:2:92374:111082	CCC(Nc1cccc2nc(C)cn12)C1CCCN(C2CC2)C1	0.039711
rxn:2:100556:102111	CCC(Nc1c(C)nn2ccccc12)C1CCN(C2CC2)CC1	0.039711
rxn:2:100556:111082	CCC(Nc1c(C)nn2ccccc12)C1CCCN(C2CC2)C1	0.039711
rxn:2:100556:128645	CCC(Nc1c(C)nn2ccccc12)C1CCN(C2CCC2)C1	0.039711
rxn:2:92374:102111	CCC(Nc1cccc2nc(C)cn12)C1CCN(C2CC2)CC1	0.039711
rxn:2:92374:128645	CCC(Nc1cccc2nc(C)cn12)C1CCN(C2CCC2)C1	0.039711
rxn:2:84173:102111	CCC(Nc1c(C)nc2ccccn12)C1CCN(C2CC2)CC1	0.039711
rxn:2:84173:111082	CCC(Nc1c(C)nc2ccccn12)C1CCCN(C2CC2)C1	0.039711
rxn:2:84173:128645	CCC(Nc1c(C)nc2ccccn12)C1CCN(C2CCC2)C1	0.039711
rxn:2:144829:141943	CCC(Nc1ncccc1-n1ncc2c1CC1CC21)C1CSC1	0.039710
rxn:2:82016:91939	CCCc1nn(-c2ccccc2)cc1NC1CCN(C)C1(C)C	0.039705
rxn:2:87724:91939	CCCc1cn(-c2ccccc2)nc1NC1CCN(C)C1(C)C	0.039705
rxn:2:68884:132476	Cc1cc(C(C)NC2CCC(S(=O)(=O)C(C)C)CC2)sc1C	0.039699
rxn:2:76968:103705	CCc1cccc2c1CCCC2NCCc1csc(C)c1	0.039698
rxn:2:92883:87143	CC(CCc1cnsc1)NCCN(C)CC1CCC1	0.039696
rxn:2:71016:87143	CC(CCc1cnsc1)NC1CCOCC1N1CCCCC1	0.039695
rxn:2:80695:87143	CC(CCc1cnsc1)NC1COCCC1N1CCCCC1	0.039695
rxn:2:135338:122867	CSc1cc(NC2CC3CCC2(C(C)C)C3(C)C)cnn1	0.039685
rxn:2:92795:92418	O=c1[nH]ccnc1N1CCC(NC2CCCc3snnc32)C1	0.039683
rxn:2:116614:109976	O=c1c(NC2CCC3(CCC[C@H](F)C3)C2)cccn1[C@H]1C[C@H]1F	0.039681
rxn:2:65970:122940	CCN1CCCc2cc(NC3CCCc4c3ccn4C)ccc21	0.039678
rxn:2:99134:118920	CCc1cncc(NC2CC3CC2N(Cc2ccccc2)C3)c1	0.039665
rxn:2:84577:99638	CC1CN(CC2CCCO2)CCC1N[C@H]1CC[C@@H]1N(C)C	0.039662
rxn:2:77677:103705	CCc1cccc2c1CCCC2NC(COC)c1cscn1	0.039655
rxn:2:94257:103571	Cc1n[nH]c([C@H](NC(C)c2cc3c(s2)CCCC3)C(C)C)n1	0.039653
rxn:2:130371:122702	CC[C@@H]1CCC(Nc2ccc3c(c2)N(CC)CCN3CC)C1	0.039652
rxn:2:96349:141943	CCC(NCC1(c2ccc(C)c(C)c2)CCC1)C1CSC1	0.039651
rxn:2:67522:105732	CC(C)c1cc2ccc(NC3C[C@H]4CCC[C@H]4C3)cn2c1	0.039649
rxn:2:168251:130954	Cn1ccn2c(CCNC3CCC4(CC3)CSC4)nnc2c1=O	0.039644
rxn:2:80436:141943	CCC(Nc1cccnc1OCC1CC1(F)F)C1CSC1	0.039644
rxn:2:165253:141943	CCC(Nc1c(N2CCOCC2)nn2ccccc12)C1CSC1	0.039641
rxn:2:68015:115775	CC(CCCC1CC1)NC(C)c1cc2cccnc2[nH]1	0.039636
rxn:2:139592:87139	CCN1CCc2nc(NC(C)c3ccc(N(C)C)cn3)sc2C1	0.039636
rxn:2:114503:111440	CCC1CC(NCC2CCC(c3nnc(C)n3CC)CC2)C1	0.039633
rxn:2:132418:113202	Cc1c[nH]c2ncnc(NC(C)c3ccncc3)c12	0.039625
rxn:2:132418:127910	Cc1c[nH]c2ncnc(NC(C)c3cccnc3)c12	0.039625
rxn:2:88479:76082	Cc1cccc(C(C)Nc2cncc3ncnn23)c1C	0.039621
rxn:2:93447:72771	CC(C)CC1CC(NC2(c3ncon3)CCCCCC2)C1	0.039620
rxn:2:68182:72156	CCOc1ccccc1C(C)N[C@@H]1CCN(CC(C)C)C1	0.039619
rxn:2:132584:72771	CCC1(CC)C(NC2CC(CC(C)C)C2)CC1OC	0.039616
rxn:2:137871:91066	Cc1cc2[nH]nc(NC3COc4ccsc43)c2cn1	0.039615
rxn:2:76062:126420	c1ncc(-c2nnc(NC(CC3CC3)C3=NCCCC3)s2)s1	0.039613
rxn:2:117040:87143	CC(CCc1cnsc1)Nc1ccc2c(c1)N(C)CC(C)S2	0.039609
rxn:2:84173:108680	CCc1ncsc1C(C)Nc1c(C)nc2ccccn12	0.039609
rxn:2:95343:80762	CCOc1c(CNC2CCC(C)c3cc(C)ccc32)cnn1C	0.039605
rxn:2:66656:128360	c1ccc2c(c1)CCCCC2N[C@H]1C[C@H](Cn2cccn2)C1	0.039604
rxn:2:121310:84770	CN1CC(NC2CN(Cc3ccsc3)C2)CC1c1ccccc1	0.039597
rxn:2:102078:92418	COc1cc(N2CCC(NC3CCCc4snnc43)C2)ncn1	0.039597
rxn:2:66976:167048	COc1ccc2sc(C(C)Nc3ncon3)c(C)c2c1	0.039590
rxn:2:67607:161499	c1coc(-c2cccc3c2CCC3Nc2ncsn2)c1	0.039589
rxn:2:67607:149553	c1cc(-c2ccoc2)c2c(c1)C(Nc1ncsn1)CC2	0.039589
rxn:2:82126:71450	CC1CCC(Nc2cncc(C(C)(F)F)c2)c2sccc21	0.039588
rxn:2:75012:80762	Cc1ccc2c(c1)C(C)CCC2NCc1c(C2CC2)cnn1C	0.039588
rxn:2:127721:80762	Cc1ccc2c(c1)C(C)CCC2NCc1cnn(C)c1C1CC1	0.039588
rxn:2:118801:105732	Cc1nc(NC2C[C@H]3CCC[C@H]3C2)c2cn(CC(C)C)cc2n1	0.039582
rxn:2:84577:166802	Cc1cc(-c2ccccc2)ncc1C(C)N[C@H]1CC[C@@H]1N(C)C	0.039579
rxn:2:84577:142798	Cc1cccc(-c2ncccc2C(C)N[C@H]2CC[C@@H]2N(C)C)c1	0.039579
rxn:2:69321:115775	CC(CCCC1CC1)N[C@H](c1ccccn1)C(C)C	0.039575
rxn:2:87542:115775	CC(CCCC1CC1)NC(c1ccccn1)C(C)C	0.039575
rxn:2:135424:115775	CC(CCCC1CC1)N[C@@H](c1ccccn1)C(C)C	0.039575
rxn:2:126230:118090	Cc1n[nH]c(C(C)(C)NC2CC(C3(C)CCC3)n3nccc32)n1	0.039555
rxn:2:66976:73911	CCOc1ccc(C(CS(C)(=O)=O)Nc2ncon2)cc1	0.039555
rxn:2:82403:80441	CCCS(=O)(=O)c1cnc(C)nc1NC(C)c1csc(C)n1	0.039551
rxn:2:96090:141943	CCC(Nc1c(C)nn(Cc2ccccc2)c1C)C1CSC1	0.039549
rxn:2:121613:141943	CCC(Nc1c(C)nc(C)n1Cc1ccccc1)C1CSC1	0.039549
rxn:2:79495:137724	Cn1cnc(C2CC2CCNC2c3ccccc3CC2(C)C)c1	0.039545
rxn:2:82592:130954	Cc1cc(CNC2CCC3(CC2)CSC3)cnc1N1CCCC1	0.039532
rxn:2:97174:89170	CCc1cc(C(C)Nn2sc3ccccc3c2=O)cs1	0.039524
rxn:2:114106:98077	c1ncc(C2CC2)cc1NC1CCCc2oc(C3CC3)cc21	0.039522
rxn:2:98168:70439	CC(C)c1cc(NC2CC3OC(C2)C2CC32)nn1C1CCCC1	0.039520
rxn:2:110906:141943	CCOCc1ccc(NC(CC)C2CSC2)cc1OC	0.039515
rxn:2:112040:125295	O=S(=O)(F)CC1CC(Nc2nc(-c3cnccn3)ns2)C1	0.039511
rxn:2:100508:105732	CC1CCC1COc1ccc(NC2C[C@H]3CCC[C@H]3C2)cn1	0.039510
rxn:2:84864:87143	CC(CCc1cnsc1)NC(C)C1(c2ccccc2)CC1	0.039510
rxn:2:105315:71666	CCC(Nc1c(C)nc2cccnn12)c1ccn(C)n1	0.039508
rxn:2:75765:127941	Cc1cc(NC(C)c2ncc[nH]2)cc2cccnc12	0.039495
rxn:2:84727:111998	COCCn1ncc(NC2CCCc3c2ccc(C)c3C)c1C	0.039494
rxn:2:66996:66368	Cn1c2c(ccc1=O)C(Nc1ccc3c(c1)CCCS3)CCC2	0.039489
rxn:2:74027:76082	CCc1ccc(NC(C)c2cccc(C)c2C)cc1OC	0.039474
rxn:2:123146:76082	CCc1cc(NC(C)c2cccc(C)c2C)ccc1OC	0.039474
rxn:2:74325:123244	c1ccc2c(c1)COC21CCC(N[C@@H]2[C@@H]3CC[C@H]2COC3)CC1	0.039473
rxn:2:138600:145700	CCC1(NC2CCCc3cc(S(C)(=O)=O)ccc32)CC(F)(F)C1	0.039473
rxn:2:93079:99410	Cc1n[nH]c(CNC2CCCN(c3ncc[nH]3)C2)n1	0.039471
rxn:2:90440:125657	CCCN1C(C)CCCC1CNc1ccc2c(C)nsc2c1	0.039470
rxn:2:66656:141039	CCc1ccc2c(c1)CCCC2N[C@H]1C[C@H](Cn2cccn2)C1	0.039470
rxn:2:66656:81021	CCc1ccc2c(c1)C(N[C@H]1C[C@H](Cn3cccn3)C1)CCC2	0.039470
rxn:2:67607:156440	Cc1cccc2c3c([nH]c12)C(Nc1ncsn1)CC3	0.039465
rxn:2:129548:115662	CCc1n[nH]c2sc(CNC3CC[C@@H]4CCC[C@@H]4C3)c(C)c12	0.039456
rxn:2:86064:87143	CC(CCc1cnsc1)NCc1ccc(C2(F)CC2)cc1	0.039451
rxn:2:116742:141943	CCC(NCCc1c(OC)ncnc1OC)C1CSC1	0.039450
rxn:2:132418:91644	CCC(C)N1C2CCC1CC(Nc1ncnc3[nH]cc(C)c13)C2	0.039444
rxn:2:74047:90296	C1CCC(N2CCC(CNC3CC(C4CC4)C3)CC2)CC1	0.039432
rxn:2:134864:108131	Cn1cnc2cncc(NCC(C3CCCCC3)S(C)(=O)=O)c21	0.039431
rxn:2:139592:139443	CCN1CCc2nc(NC(C)c3cnc(C(C)C)cn3)sc2C1	0.039430
rxn:2:92374:70037	CCC(Nc1cccc2nc(C)cn12)C1CCCN(C(C)C)C1	0.039420
rxn:2:100556:110503	CCC(Nc1c(C)nn2ccccc12)C1CCN(C(C)C)CC1	0.039420
rxn:2:100556:70037	CCC(Nc1c(C)nn2ccccc12)C1CCCN(C(C)C)C1	0.039420
rxn:2:92374:110503	CCC(Nc1cccc2nc(C)cn12)C1CCN(C(C)C)CC1	0.039420
rxn:2:84173:110503	CCC(Nc1c(C)nc2ccccn12)C1CCN(C(C)C)CC1	0.039420
rxn:2:84173:70037	CCC(Nc1c(C)nc2ccccn12)C1CCCN(C(C)C)C1	0.039420
rxn:2:67607:161296	c1cc2c3c(ccc2[nH]1)C(Nc1ncsn1)CCC3	0.039418
rxn:2:67607:163561	c1ccc2c3c([nH]c2c1)C(Nc1ncsn1)CCC3	0.039418
rxn:2:66976:66741	Cc1ccn(-c2ccc(C(C)Nc3ncon3)cc2)n1	0.039416
rxn:2:132418:85971	Cc1c[nH]c2ncnc(NC(C)c3ccnnc3)c12	0.039414
rxn:2:84894:105732	CC(c1ccc(NC2C[C@H]3CCC[C@H]3C2)cc1)N1CCOCC1	0.039409
rxn:2:74659:83447	CSc1cc(SC)nc(NC2C[C@@H]3C[C@@H]3C2)n1	0.039408
rxn:2:97885:101933	CC(CCc1ccc2c(c1)OCCO2)N[C@H]1[C@@H]2CC[C@H]1COC2	0.039407
rxn:2:74325:101933	CC(CCc1ccc2c(c1)OCCO2)N[C@@H]1[C@@H]2CC[C@H]1COC2	0.039407
rxn:2:140874:91066	CC(C)c1cc(NC2COc3ccsc32)cc(C2CC2)c1	0.039400
rxn:2:153648:94654	c1ccc2c(c1)OCc1cc(NC3CC4(CCO4)C3)ccc1O2	0.039400
rxn:2:76776:78675	CCc1ccccc1CCC(C)NC1CC1C1CCOC1	0.039397
rxn:2:112668:94554	COc1ccc(C2CC(NC34CC(c5nccs5)(C3)C4)C2)cc1	0.039380
rxn:2:93447:140522	CCCC1CCC(NC2(c3ncon3)CCCCCC2)C1	0.039377
rxn:2:138600:138214	CCC1(NC2CCc3c(C(C)C)cccc32)CC(F)(F)C1	0.039361
rxn:2:84172:105732	c1ccc(COc2cc(NC3C[C@H]4CCC[C@H]4C3)cnn2)cc1	0.039348
rxn:2:67607:125730	CCC(CC)(CC)C(Nc1ncsn1)c1ccccc1	0.039341
rxn:2:82126:131945	CC1(C)CC(Nc2cncc(C(C)(F)F)c2)c2sccc2O1	0.039336
rxn:2:79267:118998	Cc1cc(C)c2c(c1)C(NCC1CCc3ccccc31)CCO2	0.039325
rxn:2:108620:91939	CC(C)C1CCC(n2nccc2NC2CCN(C)C2(C)C)CC1	0.039324
rxn:2:122927:89151	Cc1cn2c(n1)CC(CNC1CCc3cc4c(cc31)OCC4)CC2	0.039322
rxn:2:140935:66368	Cn1c2c(ccc1=O)C(NCN1CCCc3ccccc31)CCC2	0.039317
rxn:2:75765:126800	Cc1cc(NC(C)c2ccncn2)cc2cccnc12	0.039309
rxn:2:101889:91066	c1cc(NC2COc3ccsc32)cc(C2CCCCC2)c1	0.039309
rxn:2:91439:91066	c1cc2c(s1)C(Nc1ccc(C3CCCCC3)cc1)CO2	0.039309
rxn:2:73520:66368	CN1CCc2cc(CNC3CCCc4c3ccc(=O)n4C)ccc21	0.039295
rxn:2:85749:115775	CC(CCCC1CC1)NC(C)c1ccc2cccnc2n1	0.039295
rxn:2:84274:105732	CC(C)C(NC1C[C@H]2CCC[C@H]2C1)c1c2c(nn1C)CCCC2	0.039293
rxn:2:80903:115775	COc1cc(C2(NC(C)CCCC3CC3)CC2)ccn1	0.039281
rxn:2:111805:105732	CC(C)Oc1nn(C2(C)COC2)cc1NC1C[C@H]2CCC[C@H]2C1	0.039277
rxn:2:70682:138146	CCC(Cc1cccnc1)NC1CC(C)(C)Cc2ncccc21	0.039273
rxn:2:125767:87143	CC(CCc1cnsc1)NC1CC1C1CCCCCC1	0.039273
rxn:2:125201:66368	CCN1Cc2ccc(NC3CCCc4c3ccc(=O)n4C)cc2C1	0.039262
rxn:2:84577:99564	CCCC(N[C@H]1CC[C@@H]1N(C)C)c1cc2cccc(C)c2o1	0.039253
rxn:2:123270:70439	Cc1cc(-n2nc(C)cc2NC2CC3OC(C2)C2CC32)c(C)cn1	0.039252
rxn:2:82403:92401	CCCS(=O)(=O)c1cnc(C)nc1NC1CCCC(OC)C1	0.039249
rxn:2:124366:66368	CCN1CCc2cc(NC3CCCc4c3ccc(=O)n4C)ccc21	0.039247
rxn:2:110118:66368	CCN1CCc2ccc(NC3CCCc4c3ccc(=O)n4C)cc21	0.039247
rxn:2:68071:66368	CCN1CCc2c(NC3CCCc4c3ccc(=O)n4C)cccc21	0.039247
rxn:2:117040:105764	CCCCC1CC(Nc2ccc3c(c2)N(C)CC(C)S3)C1	0.039239
rxn:2:66656:81238	CC(C)c1ccc2c(c1)CCC2N[C@H]1C[C@H](Cn2cccn2)C1	0.039231
rxn:2:66976:138194	CC(Nc1ncon1)c1ccc(-c2ccccc2)cn1	0.039225
rxn:2:96091:91066	CC(F)(F)c1cc(NC2COc3ccsc32)cc(S(C)(=O)=O)c1	0.039214
rxn:2:135741:76082	COc1cc(NC(C)c2cccc(C)c2C)ccc1S(C)(=O)=O	0.039207
rxn:2:67607:115682	COc1ccc(C(Nc2ncsn2)c2cccs2)cn1	0.039204
rxn:2:66976:136136	c1ccc(C(Cn2cncn2)Nc2ncon2)cc1	0.039202
rxn:2:139592:115970	CCN1CCc2nc(NC(C)c3ccc(C4CC4)cn3)sc2C1	0.039200
rxn:2:128804:118998	Cc1cc(C)c2c(c1)C(Nc1nccc3c1C(C)OC3)CCO2	0.039192
rxn:2:122550:138214	CC(C)c1cccc2c1CCC2NCc1nc(C(C)(F)F)no1	0.039185
rxn:2:102078:70439	COc1cc(N2CCC(NC3CC4OC(C3)C3CC43)C2)ncn1	0.039182
rxn:2:67607:150173	Cc1cccc2c3c(n(C)c12)C(Nc1ncsn1)CC3	0.039181
rxn:2:82126:100381	CC(F)(F)c1cncc(NC2CCCCc3c[nH]cc32)c1	0.039181
rxn:2:140730:99252	c1cc(NC2CC3(CCC4(CC4)CC3)C2)c2sccc2n1	0.039180
rxn:2:74876:91066	c1cc2c(s1)C(NCc1cc(C3CC3)cc(C3CC3)c1)CO2	0.039179
rxn:2:138600:107161	CCCc1cccc2c1CCC2NC1(CC)CC(F)(F)C1	0.039164
rxn:2:84577:141873	CN(C)[C@H]1CC[C@@H]1NC1CCC(c2ccccc2)(N(C)C)CC1	0.039162
rxn:2:99134:126638	CCc1cncc(NC2CCC(C)N(Cc3ccccc3)C2)c1	0.039160
rxn:2:128656:70439	c1cc2occc2c(N2CCC(NC3CC4OC(C3)C3CC43)C2)n1	0.039158
rxn:2:121310:132995	CC(NC1CN(Cc2ccsc2)C1)c1cccc(C2CC2)c1	0.039153
rxn:2:86270:92418	c1ccc2c(NC3CCCc4snnc43)ncnc2c1	0.039152
rxn:2:68917:96265	COc1ccc(NC2CC(SC)C2)c(OCC(C)(F)F)c1	0.039150
rxn:2:68442:105764	CCCCC1CC(NC(c2ncccc2C)C(C)C)C1	0.039142
rxn:2:98078:80762	Cc1ccc2c(c1)C(C)CCC2NCc1cc(=O)n(C)c(=O)n1C	0.039140
rxn:2:66976:106384	CC(Nc1ncon1)c1cncnc1-c1ccccc1	0.039139
rxn:2:115936:71205	CCc1cccc(NC(C)CCC2(C3CCC3)COC2)n1	0.039137
rxn:2:67607:154580	Cn1c2c(c3ccccc31)CCCC2Nc1ncsn1	0.039134
rxn:2:140730:87109	O=S1(=O)CCC2(CC1)CC(Nc1ccnc3ccsc13)CCO2	0.039131
rxn:2:140730:116552	CC1(C)CCC2(CC(Nc3ccnc4ccsc34)CCO2)C1	0.039131
rxn:2:140730:123207	CC1CCC2(CC1)CC(Nc1ccnc3ccsc13)CCO2	0.039131
rxn:2:140730:109094	CC1(C)OCCC12CCC(Nc1ccnc3ccsc13)CC2	0.039131
rxn:2:86762:122702	CC[C@@H]1CCC(Nc2cnn(-c3cccnc3C(C)(C)C)c2)C1	0.039128
rxn:2:155432:105732	Cc1ccnc2c(NC3C[C@H]4CCC[C@H]4C3)cc3c(c12)OCO3	0.039117
rxn:2:66976:141149	Cn1cc(C(Nc2ncon2)c2cnn(C)c2)cn1	0.039117
rxn:2:100202:72771	CCC(CC)C(NC1CC(CC(C)C)C1)c1ncon1	0.039111
rxn:2:66656:84739	c1cnn(C[C@H]2C[C@H](NC3CCCc4cc5c(cc43)OCO5)C2)c1	0.039102
rxn:2:67607:113969	c1c[nH]c(C(Cc2ccncn2)Nc2ncsn2)c1	0.039095
rxn:2:122841:102564	CC1(Oc2ccc(NC(c3cn[nH]c3)C3CC3)cc2)COC1	0.039094
rxn:2:72110:92418	Cn1ccnc(N2CCC(NC3CCCc4snnc43)C2)c1=O	0.039090
rxn:2:135338:68151	CSc1cc(NC2CC3CCC(C2)N3C2CCCC2)cnn1	0.039087
rxn:2:135338:72960	CSc1cc(NC2C[C@H]3CC[C@@H](C2)N3C2CCCC2)cnn1	0.039087
rxn:2:79515:78148	CCC1CCC(CC(C)Nc2ncnc3sc(C)nc23)CC1	0.039086
rxn:2:144340:86866	CC(CC1CC1)NC(C)c1cc(=O)[nH]c(-c2ccccn2)n1	0.039085
rxn:2:66552:76082	COc1cc(NC(C)c2cccc(C)c2C)cc(OC)c1C	0.039079
rxn:2:97394:87143	CC(CCc1cnsc1)NC1CCOCC1N1CCOCC1	0.039075
rxn:2:94477:91066	CC(C)(C)C(CNC1COc2ccsc21)C1CCS(=O)(=O)CC1	0.039067
rxn:2:124431:70439	CC(C)(C)c1cc(NC2CC3OC(C2)C2CC32)n(C(C)(C)C)n1	0.039067
rxn:2:159496:91939	CN1CCC(Nc2cnccc2-c2ccc3c(c2)OCO3)C1(C)C	0.039055
rxn:2:124061:91066	Cc1c(NC2COc3ccsc32)ccc2nccnc12	0.039054
rxn:2:76776:76633	Cc1cc(C)c(CCC(C)NC2CC2C2CCOC2)cc1C	0.039039
rxn:2:76776:129380	Cc1cc(C)c(CCC(C)NC2CC2C2CCOC2)c(C)c1	0.039039
rxn:2:101138:141943	CCC(NC1CCc2nc(N3CCCC3)ncc2C1)C1CSC1	0.039028
rxn:2:70372:80762	CSc1cnn(C)c1CNC1CCC(C)c2cc(C)ccc21	0.039024
rxn:2:67607:150465	c1ccc2nc3c(cc2c1)CCCC3Nc1ncsn1	0.039015
rxn:2:136496:76576	Cc1ccc2c(c1)C(C(C)C)CCC2NCc1cnn(C)c(=O)c1	0.039014
rxn:2:148493:91939	Cc1cc(-n2cc(NC3CCN(C)C3(C)C)c(C3CC3)n2)ccn1	0.039011
rxn:2:152013:91939	Cc1nn(-c2ccnc(C3CC3)c2)cc1NC1CCN(C)C1(C)C	0.039011
rxn:2:66718:70439	c1ccc2c(N3CC(NC4CC5OC(C4)C4CC54)C3)ncnc2c1	0.039010
rxn:2:66490:87143	CC(CCc1cnsc1)NC1CCC(C2CCOCC2)CC1	0.039004
rxn:2:89148:87143	CC(CCc1cnsc1)NC1CCCC(C2CCOCC2)C1	0.039004
rxn:2:135338:70685	CSc1cc(NC2CC(S(=O)(=O)F)C2)cnn1	0.039001
rxn:2:132616:115775	Cc1cc(C)c2c(c1)[C@@H](NC(C)CCCC1CC1)CC2	0.038983
rxn:2:89725:91939	CCc1nn(-c2cc(C)nc(C)c2)cc1NC1CCN(C)C1(C)C	0.038974
rxn:2:135475:91939	CCc1nn(-c2c(C)ccnc2C)cc1NC1CCN(C)C1(C)C	0.038974
rxn:2:143863:91939	CCc1nn(-c2ccnc(C)c2C)cc1NC1CCN(C)C1(C)C	0.038974
rxn:2:163645:91939	CCc1nn(-c2cnc(C)c(C)c2)cc1NC1CCN(C)C1(C)C	0.038974
rxn:2:142726:91939	CCc1nn(-c2cc(C)cnc2C)cc1NC1CCN(C)C1(C)C	0.038974
rxn:2:146264:91939	CCc1nn(-c2cc(C)ncc2C)cc1NC1CCN(C)C1(C)C	0.038974
rxn:2:161679:91939	CCc1nn(-c2cnc(C)cc2C)cc1NC1CCN(C)C1(C)C	0.038974
rxn:2:93079:134526	Cc1n[nH]c(CNC(C)c2cc3c([nH]c2=O)CCC3)n1	0.038970
rxn:2:81263:104907	CSCc1cncc(NC2CCCC(C3CCCC3)C2)c1	0.038969
rxn:2:81263:138030	CSCc1cncc(NC2CCC(C3CCCCC3)C2)c1	0.038969
rxn:2:81263:131618	CSCc1cncc(NC2CCC(C3CCCC3)CC2)c1	0.038969
rxn:2:112276:115775	CC(CCCC1CC1)Nc1oc(=O)[nH]c1-c1ccccn1	0.038967
rxn:2:139506:130954	Cc1ccc(N2CCC(NC3CCC4(CC3)CSC4)C2)c(C)c1	0.038966
rxn:2:67607:165107	CCC(Nc1ncsn1)c1nc2sccc2c(C)c1C	0.038963
rxn:2:145392:91939	Cc1ccc(-n2nc(CNC3CCN(C)C3(C)C)[nH]c2=O)cc1	0.038953
rxn:2:86800:89151	c1cc(NC2CCc3cc4c(cc32)OCC4)c(N2CCCC2)cn1	0.038952
rxn:2:68559:98003	CCCSc1ccc(NC(C)CC2CCCOC2)nn1	0.038943
rxn:2:65970:88455	CCN1CCCc2cc(NC3CCCc4sccc43)ccc21	0.038942
rxn:2:91912:90296	Cc1ccc2c(c1)N(CC(C)(C)NC1CC(C3CC3)C1)CCO2	0.038939
rxn:2:127034:80762	COCc1cncc(CNC2CCC(C)c3cc(C)ccc32)c1	0.038935
rxn:2:93519:145028	Cc1cc(-c2ccc3c(c2)C(NC2C(F)CC4CC42)CO3)cs1	0.038933
rxn:2:93519:144755	Cc1ccc(-c2ccc3c(c2)C(NC2C(F)CC4CC42)CO3)s1	0.038933
rxn:2:108976:80762	Cc1ccc2c(c1)C(C)CCC2NCc1c(C(C)C)cnn1C	0.038930
rxn:2:95071:87143	Cc1c(CNC(C)CCc2cnsc2)cccc1C1CC1	0.038925
rxn:2:100556:120644	CCC(Nc1c(C)nn2ccccc12)C1CCCCCC1	0.038918
rxn:2:92374:120644	CCC(Nc1cccc2nc(C)cn12)C1CCCCCC1	0.038918
rxn:2:84173:120644	CCC(Nc1c(C)nc2ccccn12)C1CCCCCC1	0.038918
rxn:2:140275:105732	Cc1ccc(-c2cncc(NC3C[C@H]4CCC[C@H]4C3)c2)cc1	0.038916
rxn:2:76776:81963	CC(CCc1ccc2[nH]ccc2c1)NC1CC1C1CCOC1	0.038916
rxn:2:96303:122119	CC(C)c1ccc2c(c1)CCC(NC1CC3(CCCCO3)C1)C2	0.038916
rxn:2:68182:81125	CC(C)CN1CC[C@@H](NC(C)c2ccc(-c3ccco3)s2)C1	0.038912
rxn:2:93519:67923	CCc1cccc(C2CCCCC2NC2C(F)CC3CC32)c1	0.038908
rxn:2:138600:73562	CCOc1cccc2c1CCCC2NC1(CC)CC(F)(F)C1	0.038907
rxn:2:97885:125045	CC(CCc1ccc2ccccc2c1)N[C@H]1[C@@H]2CC[C@H]1COC2	0.038894
rxn:2:74325:125045	CC(CCc1ccc2ccccc2c1)N[C@@H]1[C@@H]2CC[C@H]1COC2	0.038894
rxn:2:100202:140522	CCCC1CCC(NC(c2ncon2)C(CC)CC)C1	0.038894
rxn:2:112333:106299	COCCC(NCc1nc(=O)[nH][nH]1)c1ccsc1	0.038893
rxn:2:138600:116640	CCCC(NC1(CC)CC(F)(F)C1)c1cn(CC)nc1C	0.038889
rxn:2:140730:110305	CC1(C)CC2(CCO1)CC(Nc1ccnc3ccsc13)CCO2	0.038881
rxn:2:122534:91066	c1csc(-c2cncc(NC3COc4ccsc43)c2)c1	0.038867
rxn:2:68182:124273	CC(C)CN1CC[C@@H](NC(C)c2ccc(-c3cnsc3)s2)C1	0.038867
rxn:2:131576:78603	CCc1n[nH]c(C)c1CCNC1CC(c2ccccc2)C1C	0.038863
rxn:2:94135:105764	CCCCC1CC(Nc2cn(CC3CC3(F)F)nc2C)C1	0.038859
rxn:2:67607:134320	CC(C)(C)c1ccc2c(c1)C(Nc1ncsn1)CCCC2	0.038853
rxn:2:167852:91939	CCc1nn(-c2ccn(C)c(=O)c2)cc1NC1CCN(C)C1(C)C	0.038851
rxn:2:148226:91939	CCc1nn(-c2ccc(=O)n(C)c2)cc1NC1CCN(C)C1(C)C	0.038851
rxn:2:66656:106742	CSc1ccc2c(c1)CCC2N[C@H]1C[C@H](Cn2cccn2)C1	0.038838
rxn:2:119066:105732	CC(C)Oc1ccc2nc(NC3C[C@H]4CCC[C@H]4C3)sc2c1	0.038835
rxn:2:67607:152416	CC(Nc1ncsn1)c1ccc(-c2cccs2)[nH]c1=O	0.038831
rxn:2:82207:91939	Cc1nn(-c2ccnc(C(C)C)c2)cc1NC1CCN(C)C1(C)C	0.038831
rxn:2:133490:91939	Cc1cc(NC2CCN(C)C2(C)C)n(-c2ccnc(C(C)C)c2)n1	0.038831
rxn:2:132425:91939	Cc1cc(-n2cc(NC3CCN(C)C3(C)C)c(C(C)C)n2)ccn1	0.038831
rxn:2:77040:91939	Cc1c(NC2CCN(C)C2(C)C)cnn1-c1ccnc(C(C)C)c1	0.038831
rxn:2:105305:91939	Cc1nn(-c2ccc(C(C)C)nc2)cc1NC1CCN(C)C1(C)C	0.038831
rxn:2:125694:91939	Cc1cc(-n2nc(C(C)C)cc2NC2CCN(C)C2(C)C)ccn1	0.038831
rxn:2:68261:91939	Cc1ccc(-n2cc(NC3CCN(C)C3(C)C)c(C(C)C)n2)cn1	0.038831
rxn:2:101746:91939	Cc1cncc(-n2cc(NC3CCN(C)C3(C)C)c(C(C)C)n2)c1	0.038831
rxn:2:111158:91939	Cc1nn(-c2cncc(C(C)C)c2)cc1NC1CCN(C)C1(C)C	0.038831
rxn:2:103409:137914	CCC(C)CCC(C)NC1CC(CCSC)C1	0.038818
rxn:2:67607:166830	COc1cccc2c3c([nH]c12)C(Nc1ncsn1)CC3	0.038811
rxn:2:68559:72219	CCCSc1ccc(NC2CC3CC2C(C)C3(C)C)nn1	0.038809
rxn:2:90354:83447	Cc1cc(C)c([C@H](CC2CC2)NC2C[C@@H]3C[C@@H]3C2)c(C)c1	0.038807
rxn:2:102258:111315	CCC(Cc1ccc(OC)cc1)NC1CC(n2cncn2)C1	0.038807
rxn:2:66976:155933	CC(Nc1ncon1)c1ccc2c(=O)[nH]cnc2c1	0.038802
rxn:2:111808:105732	COc1ccc(C)cc1-c1cc(NC2C[C@H]3CCC[C@H]3C2)no1	0.038802
rxn:2:112040:70434	CS(=O)(=O)CCC1CC(Nc2nc(-c3cnccn3)ns2)C1	0.038802
rxn:2:124234:70439	c1cc2sccc2c(N2CCC(NC3CC4OC(C3)C3CC43)C2)n1	0.038796
rxn:2:80027:70439	c1ccc2sc(N3CCC(NC4CC5OC(C4)C4CC54)C3)nc2c1	0.038796
rxn:2:135338:101661	CSc1cc(NC2CCCC(C3CCCCC3)C2)cnn1	0.038793
rxn:2:135338:113099	CSc1cc(NC2CCC(C3CCCCC3)CC2)cnn1	0.038793
rxn:2:121310:106780	CC(F)c1cccc(C(C)NC2CN(Cc3ccsc3)C2)c1	0.038791
rxn:2:84324:80762	Cc1ccc2c(c1)C(C)CCC2NCc1cnn(C(C)(C)C)c1	0.038785
rxn:2:82126:137279	CC(F)(F)c1cncc(NC2COc3cc4c(cc32)OCCO4)c1	0.038784
rxn:2:73201:105732	CSc1cc(NC2C[C@H]3CCC[C@H]3C2)ncn1	0.038779
rxn:2:101346:105732	CSc1ncc(NC2C[C@H]3CCC[C@H]3C2)cn1	0.038779
rxn:2:139592:71833	CCN1CCc2nc(NC(C)c3ccc(C(C)C)cn3)sc2C1	0.038752
rxn:2:139592:69533	CCN1CCc2nc(NC(C)c3cc(C(C)C)ccn3)sc2C1	0.038752
rxn:2:131385:67774	Cc1ccc(Cc2cc(NC3CCC3C3CCC3)ncn2)cc1	0.038749
rxn:2:122841:84829	CC1(Oc2ccc(NC(c3ccsc3)C3CC3)cc2)COC1	0.038744
rxn:2:122841:82937	CC1(Oc2ccc(NC(c3cccs3)C3CC3)cc2)COC1	0.038744
rxn:2:66976:81963	CC(CCc1ccc2[nH]ccc2c1)Nc1ncon1	0.038742
rxn:2:81263:85501	CCCN1C2CCCC1CC(Nc1cncc(CSC)c1)C2	0.038741
rxn:2:97885:108457	CC(CCc1ccc(C(C)C)cc1)N[C@H]1[C@@H]2CC[C@H]1COC2	0.038735
rxn:2:74325:108457	CC(CCc1ccc(C(C)C)cc1)N[C@@H]1[C@@H]2CC[C@H]1COC2	0.038735
rxn:2:93079:101730	Cc1n[nH]c(CNC2CCC(c3ccc(N(C)C)cc3)CC2)n1	0.038729
rxn:2:76776:113992	CC(CCc1cnc2ccccc2n1)NC1CC1C1CCOC1	0.038729
rxn:2:93519:76279	FC1CC2CC2C1NC1CC[C@@H](OCc2ccccc2)C[C@H]1F	0.038720
rxn:2:114503:96851	CCn1c(C)nnc1C1CCC(CNC2CCC[C@H](C)C2)CC1	0.038714
rxn:2:93268:103571	CC(C)Cc1nc(CNC(C)c2cc3c(s2)CCCC3)n[nH]1	0.038713
rxn:2:134864:105016	Cn1cnc2cncc(NC3COc4ccccc43)c21	0.038702
rxn:2:112333:80295	COc1cc(C)c(C(C)NCc2nc(=O)[nH][nH]2)cc1C	0.038695
rxn:2:84577:150872	COc1cccc(-n2cc(C(C)N[C@H]3CC[C@@H]3N(C)C)cn2)c1	0.038691
rxn:2:93079:132382	COc1c(C(C)NCc2nc(C)n[nH]2)cc2c(c1C)CCCC2	0.038681
rxn:2:127104:103705	CCc1cccc2c1CCCC2NC1CCCc2ncccc21	0.038681
rxn:2:113313:70439	c1nc(N2CCC(NC3CC4OC(C3)C3CC43)C2)c2ccsc2n1	0.038681
rxn:2:133607:87143	CC(CCc1cnsc1)Nc1cn(CCC2CCC2)nn1	0.038679
rxn:2:92795:70439	O=c1[nH]ccnc1N1CCC(NC2CC3OC(C2)C2CC32)C1	0.038679
rxn:2:100306:70439	O=c1cc(N2CCC(NC3CC4OC(C3)C3CC43)C2)nc[nH]1	0.038679
rxn:2:85717:78603	CCc1n[nH]c(CC)c1CNC1CC(c2ccccc2)C1C	0.038673
rxn:2:138600:127135	CCC1(NC(C)c2cc(-c3ccccc3)nn2C)CC(F)(F)C1	0.038673
rxn:2:84906:91066	O=S1(=O)CCC(N2CCCC(CNC3COc4ccsc43)C2)C1	0.038665
rxn:2:116614:85274	CCOc1cccnc1C(C)Nc1cccn([C@H]2C[C@H]2F)c1=O	0.038665
rxn:2:124559:74191	COc1ccnc(C(NCN2CCc3ccccc32)C2CC2)c1	0.038665
rxn:2:76776:112102	CC(CCc1ncc(C(C)C)[nH]1)NC1CC1C1CCOC1	0.038663
rxn:2:114106:134408	Cc1nc(C)n(CCCC(C)Nc2cncc(C3CC3)c2)n1	0.038660
rxn:2:84968:118518	COc1ccc2c(c1C)CCC2NC1(c2ccc(C)cc2)COC1	0.038659
rxn:2:66656:140384	CCOc1ccc2c(c1)CCC2N[C@H]1C[C@H](Cn2cccn2)C1	0.038657
rxn:2:105315:85766	CCC(Nc1c(C)nc2cccnn12)C1CCN(CC(C)C)C1	0.038649
rxn:2:106869:90296	CSc1cc(C)nc(NC2CC(C3CC3)C2)n1	0.038649
rxn:2:112668:128925	COc1cc(C)c(C)cc1C(C)NC12CC(c3nccs3)(C1)C2	0.038638
rxn:2:112668:126537	COc1cc(C)cc(C)c1C(C)NC12CC(c3nccs3)(C1)C2	0.038638
rxn:2:112668:80295	COc1cc(C)c(C(C)NC23CC(c4nccs4)(C2)C3)cc1C	0.038638
rxn:2:136496:115767	CCC(COc1cccc(C)c1)NCc1cnn(C)c(=O)c1	0.038638
rxn:2:136572:130954	Cc1ccc2nc(NC3CCC4(CC3)CSC4)cc(C)c2c1	0.038635
rxn:2:72207:135341	CC1=NOC2CC(NC3CCN(c4ncnc5ccsc45)C3)CC12	0.038633
rxn:2:110243:141943	CCC(NCc1cnn(-c2ccccc2OC)n1)C1CSC1	0.038633
rxn:2:114106:94692	CC(C)CCC(Nc1cncc(C2CC2)c1)c1ncco1	0.038632
rxn:2:93447:137914	CSCCC1CC(NC2(c3ncon3)CCCCCC2)C1	0.038631
rxn:2:72852:94554	COc1ccc(C2CC(NCc3cnc(N(C)C)nc3)C2)cc1	0.038621
rxn:2:75765:122913	Cc1cc(NC(C)c2ccccn2)cc2cccnc12	0.038617
rxn:2:121310:124713	CC(C)c1cccc(C(C)NC2CN(Cc3ccsc3)C2)c1	0.038617
rxn:2:88968:141943	CCC(Nc1nc(N(CC)CC)nn2cccc12)C1CSC1	0.038605
rxn:2:65970:125689	CCN1CCCc2cc(NC3CCCc4c3nc(C)n4C)ccc21	0.038604
rxn:2:65970:74528	CCN1CCCc2cc(NC3CCCc4c3c(C)nn4C)ccc21	0.038604
rxn:2:105712:141943	CCC(NCC1CN(C)CCC(C)N1C1CC1)C1CSC1	0.038602
rxn:2:105315:93712	CCC(Nc1c(C)nc2cccnn12)C1CCN(C(C)CC)C1	0.038598
rxn:2:105315:89337	CCCN1CCC(C(CC)Nc2c(C)nc3cccnn23)CC1	0.038597
rxn:2:105315:115732	CCCN1CCCC(C(CC)Nc2c(C)nc3cccnn23)C1	0.038597
rxn:2:87195:91939	CN1CCC(Nc2c(S(C)(=O)=O)cnn2CC2CCC2)C1(C)C	0.038594
rxn:2:88184:66379	CCc1cc(OC)nc(C(C)N[C@@H]2CCC[C@@H]2n2ccnn2)c1	0.038593
rxn:2:121310:94638	CSc1cccc(C(C)NC2CN(Cc3ccsc3)C2)c1	0.038590
rxn:2:84577:149547	COc1cccc(C(N[C@H]2CC[C@@H]2N(C)C)c2cnn(C)c2)c1	0.038587
rxn:2:81263:89501	CCOCC(Nc1cncc(CSC)c1)c1cccn1C	0.038587
rxn:2:93079:123403	Cc1ccc2cc(C(C)NCc3nc(C)n[nH]3)sc2c1	0.038584
rxn:2:93079:126659	Cc1ccc2sc(C(C)NCc3nc(C)n[nH]3)cc2c1	0.038584
rxn:2:93079:75079	Cc1n[nH]c(CNC(C)c2cc3cccc(C)c3s2)n1	0.038584
rxn:2:93079:115113	Cc1n[nH]c(CNC(C)c2cc3c(C)cccc3s2)n1	0.038584
rxn:2:128212:141943	CCC(Nc1nc(CCN(C)C)nn2cccc12)C1CSC1	0.038584
rxn:2:88306:70439	c1cn2nccc2c(N2CCC(NC3CC4OC(C3)C3CC43)C2)n1	0.038581
rxn:2:138538:138146	CCC(Cc1cccnc1)NCc1cc2n(n1)CC(F)(F)CO2	0.038578
rxn:2:121310:66477	CCc1cccc2c1C(NC1CN(Cc3ccsc3)C1)CCC2	0.038578
rxn:2:129474:71205	CC(CCC1(C2CCC2)COC1)Nc1ccnc2[nH]ccc12	0.038570
rxn:2:95170:137914	CSCCC1CC(Nc2cc([C@H]3CC[C@H](C)CC3)no2)C1	0.038565
rxn:2:102258:131331	COc1ccc(C(C)C)cc1C(C)NC1CC(n2cncn2)C1	0.038560
rxn:2:84577:78679	CCc1ccccc1C(N[C@H]1CC[C@@H]1N(C)C)C1CCCC1	0.038559
rxn:2:67607:155405	CCc1cccc2c3c([nH]c12)C(Nc1ncsn1)CC3	0.038554
rxn:2:140730:132627	c1cc(NC2CCOC3(CCCCCC3)C2)c2sccc2n1	0.038552
rxn:2:67607:143770	c1cc(-c2cc[nH]c2)c2c(c1)C(Nc1ncsn1)CC2	0.038547
rxn:2:67607:146874	c1c[nH]c(-c2cccc3c2CCC3Nc2ncsn2)c1	0.038547
rxn:2:76062:112157	COc1ccc(C(C)Nc2nnc(-c3cncs3)s2)s1	0.038547
rxn:2:162356:109246	CCC(Nc1ncnn1-c1c(C)cnc(OC)c1C)C1(F)CC1	0.038545
rxn:2:66656:104729	CC1CC(N[C@H]2C[C@H](Cn3cccn3)C2)c2ccccc2S1(=O)=O	0.038537
rxn:2:79495:96420	Cc1cc(C(C)NCCC2CC2c2cn(C)cn2)c(C)nc1C	0.038532
rxn:2:67607:81562	Cc1c(C(C)Nc2ncsn2)c[nH]c1-c1ccncc1	0.038531
rxn:2:76621:109246	CCc1ccccc1-c1noc(CNC(CC)C2(F)CC2)n1	0.038530
rxn:2:128525:91066	CCc1cc2cc(NC3COc4ccsc43)cnc2[nH]1	0.038529
rxn:2:85449:141943	CCC(N[C@@H](CC(C)C)c1nnc2ccccn12)C1CSC1	0.038527
rxn:2:102173:141943	CCC(NC(CC(C)C)c1nnc2ccccn12)C1CSC1	0.038527
rxn:2:81923:80762	COCCn1cc(CNC2CCC(C)c3cc(C)ccc32)cn1	0.038520
rxn:2:66976:138605	CC(CCc1cnc2ccccc2c1)Nc1ncon1	0.038506
rxn:2:66976:112718	CC(CCc1cncc2ccccc12)Nc1ncon1	0.038506
rxn:2:76776:138605	CC(CCc1cnc2ccccc2c1)NC1CC1C1CCOC1	0.038498
rxn:2:76776:112718	CC(CCc1cncc2ccccc12)NC1CC1C1CCOC1	0.038498
rxn:2:121314:80762	Cc1ccc2c(c1)C(C)CCC2NCc1c(S(C)(=O)=O)cnn1C	0.038483
rxn:2:66976:84746	COc1nc(C(C)Nc2ncon2)cn2ncnc12	0.038481
rxn:2:73449:130954	C[C@H](NC1CCC2(CC1)CSC2)c1ncc(-c2ccccc2)o1	0.038480
rxn:2:156935:91939	CCc1nn(-c2cc(C)ccc2C)cc1NC1CCN(C)C1(C)C	0.038477
rxn:2:94742:91939	CCc1nn(-c2c(C)cccc2C)cc1NC1CCN(C)C1(C)C	0.038477
rxn:2:125231:66368	CN1CCc2ccc(NC3CCCc4c3ccc(=O)n4C)cc2C1	0.038470
rxn:2:119780:66368	CN1CCc2cc(NC3CCCc4c3ccc(=O)n4C)ccc2C1	0.038470
rxn:2:127488:115775	CC(CCCC1CC1)NC(C)C1CC1c1ccccn1	0.038466
rxn:2:74325:73770	CCCc1c(C(C)N[C@@H]2[C@@H]3CC[C@H]2COC3)oc2ccccc12	0.038463
rxn:2:111381:156750	COc1cc(-c2ccco2)cnc1C(C)NC[C@@H]1CCCOC1	0.038462
rxn:2:131492:141943	CCC(Nc1cc2c(n(C3CCCC3)c1=O)CCC2)C1CSC1	0.038459
rxn:2:112594:92418	Cc1ncnc(N2CCCC(NC3CCCc4snnc43)C2)c1C	0.038459
rxn:2:108568:140522	CCCC1CCC(NC2(c3ccco3)CCN3CCC2CC3)C1	0.038452
rxn:2:131329:91066	CC(C)Oc1ccc(NC2COc3ccsc32)cc1C1CC1	0.038445
rxn:2:136496:107916	COc1ncc(C(C)C)cc1C(C)NCc1cnn(C)c(=O)c1	0.038444
rxn:2:96022:76082	Cc1cccc(C(C)NC2CCN(C3CCSCC3)CC2)c1C	0.038439
rxn:2:67607:167898	COc1cccc2c3c(n(C)c12)C(Nc1ncsn1)CC3	0.038435
rxn:2:112668:128290	c1ccc(CN2CC[C@@H]2CNC23CC(c4nccs4)(C2)C3)cc1	0.038435
rxn:2:67607:159590	Cn1nccc1-c1cccc2c1CCC2Nc1ncsn1	0.038432
rxn:2:74722:91066	Cn1cc(-c2cncc(NC3COc4ccsc43)c2)cn1	0.038432
rxn:2:132068:91066	Cn1ccc(-c2cncc(NC3COc4ccsc43)c2)n1	0.038432
rxn:2:131343:105732	CCC(NC1C[C@H]2CCC[C@H]2C1)c1cc(C)ccc1S(C)(=O)=O	0.038429
rxn:2:84577:160830	COc1cccc(-n2ncc(C(C)N[C@H]3CC[C@@H]3N(C)C)n2)c1	0.038421
rxn:2:84577:157860	COc1cccc(-n2cnc(C(C)N[C@H]3CC[C@@H]3N(C)C)n2)c1	0.038421
rxn:2:134657:130954	COc1ccc(-c2cn[nH]c2NC2CCC3(CC2)CSC3)cc1	0.038418
rxn:2:115053:130954	COc1cccc(-c2cn[nH]c2NC2CCC3(CC2)CSC3)c1	0.038418
rxn:2:103780:130954	COc1ccccc1-c1cn[nH]c1NC1CCC2(CC1)CSC2	0.038418
rxn:2:102656:138146	CCC(Cc1cccnc1)NC(COC)c1ccccc1	0.038412
rxn:2:112594:70439	Cc1ncnc(N2CCCC(NC3CC4OC(C3)C3CC43)C2)c1C	0.038412
rxn:2:78035:80762	Cc1ccc2c(c1)C(C)CCC2NCc1cncc(S(C)(=O)=O)c1	0.038407
rxn:2:134864:121122	CCC(C)CC(CS(C)(=O)=O)Nc1cncc2ncn(C)c12	0.038405
rxn:2:95859:91066	c1cc2c(s1)C(Nc1cnn3cc(C4CC4)cnc13)CO2	0.038401
rxn:2:68182:101815	CC(C)Cc1ccc(C(C)N[C@@H]2CCN(CC(C)C)C2)s1	0.038401
rxn:2:123136:66368	CN1CCCc2cc(NC3CCCc4c3ccc(=O)n4C)ccc21	0.038400
rxn:2:119546:66368	CN1CCCc2ccc(NC3CCCc4c3ccc(=O)n4C)cc21	0.038400
rxn:2:134864:102802	Cn1cnc2cncc(NC3COc4ccncc43)c21	0.038400
rxn:2:134864:136400	Cn1cnc2cncc(NC3COc4cnccc43)c21	0.038400
rxn:2:70401:91066	Cc1[nH]c(CCNC2COc3ccsc32)nc1C1CCOCC1	0.038397
rxn:2:132418:75080	Cc1cc(C(C)Nc2ncnc3[nH]cc(C)c23)n(C)c1	0.038393
rxn:2:119136:125732	CCC(Nc1cn(CC(C)C)nn1)c1cc(C)cc(OC)c1	0.038391
rxn:2:139693:125732	CCC(Nc1ncnn1CC(C)C)c1cc(C)cc(OC)c1	0.038391
rxn:2:120700:115775	CCc1cc(=O)[nH]c(C(C)NC(C)CCCC2CC2)n1	0.038391
rxn:2:93079:113123	Cc1n[nH]c(CNC2CCN(C(C)c3ccc(C)s3)CC2C)n1	0.038386
rxn:2:67607:168733	CC(Nc1ncsn1)n1cc2c3c(cccc31)C(=O)CC2	0.038383
rxn:2:118019:109246	CCC(NC1CCN(CC2(F)CCCC2)CC1)C1(F)CC1	0.038382
rxn:2:93081:92418	c1nc2c(c(N3CCC(NC4CCCc5snnc54)C3)n1)CCC2	0.038372
rxn:2:78692:92418	c1nc(C2CC2)cc(N2CCC(NC3CCCc4snnc43)C2)n1	0.038355
rxn:2:125217:92418	c1cc(N2CCC(NC3CCCc4snnc43)C2)nc(C2CC2)n1	0.038355
rxn:2:84577:114701	COc1ccc(-c2ccco2)c(C(C)N[C@H]2CC[C@@H]2N(C)C)c1	0.038350
rxn:2:129330:141943	CCC(NCc1c(N2CCCC2)nc2ccccn12)C1CSC1	0.038336
rxn:2:94966:93200	CN=S(=O)(c1ccc(NC(C)c2cc[nH]c(=O)c2)cc1)N(C)C	0.038333
rxn:2:97108:67395	CSCc1cc(CNC2CC(c3nc(C4CC4)no3)C2)co1	0.038327
rxn:2:83379:76082	COCc1ccc(NC(C)c2cccc(C)c2C)cc1OC	0.038325
rxn:2:121310:126265	CCOc1cccc(C(C)NC2CN(Cc3ccsc3)C2)c1	0.038322
rxn:2:132111:92418	CC(C)c1cc(N2CCC(NC3CCCc4snnc43)C2)ncn1	0.038322
rxn:2:112668:133044	COc1cnc(C(C)NC23CC(c4nccs4)(C2)C3)c(OC)c1	0.038322
rxn:2:93519:81015	CCC(NC1C(F)CC2CC21)c1ccc(N2CC[C@H](F)C2)cc1	0.038316
rxn:2:66976:113992	CC(CCc1cnc2ccccc2n1)Nc1ncon1	0.038313
rxn:2:90403:94554	COc1ccc(C2CC(NC(C)c3cnn(C4CC4)c3)C2)cc1	0.038311
rxn:2:103538:141943	CCC(NCc1c(CC(C)C)nc2ccccn12)C1CSC1	0.038310
rxn:2:121357:91021	CCCCC(Nc1cc(COC)ncn1)c1cnccn1	0.038310
rxn:2:66976:125045	CC(CCc1ccc2ccccc2c1)Nc1ncon1	0.038309
rxn:2:66868:89151	FC1(F)CN2CCC[C@@]2(CNC2CCc3cc4c(cc32)OCC4)C1	0.038307
rxn:2:135338:104568	CSc1cc(NC2CC3CCCC(C2)N3CC2CC2)cnn1	0.038305
rxn:2:86922:91066	CCc1ncc2ncc(NC3COc4ccsc43)cc2n1	0.038303
rxn:2:156652:132668	CN1CCCC1CNC1CC(C)(C)Cc2c1ccn2-c1nccs1	0.038303
rxn:2:74325:149228	O=c1ccccn1CC(N[C@@H]1[C@@H]2CC[C@H]1COC2)c1ccccc1	0.038302
rxn:2:132111:70439	CC(C)c1cc(N2CCC(NC3CC4OC(C3)C3CC43)C2)ncn1	0.038301
rxn:2:67607:146194	COc1ccc2c3c(cccc13)OCC2Nc1ncsn1	0.038300
rxn:2:125119:91066	c1ncc(-c2cncc(NC3COc4ccsc43)c2)cn1	0.038298
rxn:2:81366:91021	CCCCC(Nc1cc(OCC)ncn1)c1cnccn1	0.038298
rxn:2:122841:74901	CC1(Oc2ccc(NC(c3cccnc3)C3CC3)cc2)COC1	0.038296
rxn:2:122841:112014	CC1(Oc2ccc(NC(c3ccncc3)C3CC3)cc2)COC1	0.038296
rxn:2:122841:69383	CC1(Oc2ccc(NC(c3ccccn3)C3CC3)cc2)COC1	0.038296
rxn:2:74325:85094	COC1COc2c(C(C)C)cccc2C1N[C@@H]1[C@@H]2CC[C@H]1COC2	0.038294
rxn:2:67607:151269	c1cc(-c2cncnc2)c2c(c1)C(Nc1ncsn1)CC2	0.038292
rxn:2:72110:70439	Cn1ccnc(N2CCC(NC3CC4OC(C3)C3CC43)C2)c1=O	0.038289
rxn:2:90722:141943	CCC(NC(c1c(C)cccc1C)C1(C)CC1)C1CSC1	0.038281
rxn:2:139592:121486	CCN1CCc2nc(NC(C)c3ccc(SC)cn3)sc2C1	0.038280
rxn:2:93595:122702	CC[C@@H]1CCC(Nc2ccc(SCc3ncon3)cc2)C1	0.038279
rxn:2:92049:122702	CC[C@@H]1CCC(Nc2ccccc2SCc2ncon2)C1	0.038279
rxn:2:67607:151034	Cc1csc(-n2ncc3c2CCCC3Nc2ncsn2)n1	0.038277
rxn:2:67607:163245	c1ccc2c3c(ccc2c1)C(Nc1ncsn1)CCC3	0.038269
rxn:2:84577:162105	Cc1cccc(-c2ccccc2C(C)N[C@H]2CC[C@@H]2N(C)C)c1	0.038268
rxn:2:139592:92712	CCN1CCc2nc(NC(C)c3ccc(COC)cn3)sc2C1	0.038258
rxn:2:102258:103044	CCCC(Cn1nc(C)nc1C)NC1CC(n2cncn2)C1	0.038257
rxn:2:78692:70439	c1nc(C2CC2)cc(N2CCC(NC3CC4OC(C3)C3CC43)C2)n1	0.038252
rxn:2:125217:70439	c1cc(N2CCC(NC3CC4OC(C3)C3CC43)C2)nc(C2CC2)n1	0.038252
rxn:2:100556:85766	CCC(Nc1c(C)nn2ccccc12)C1CCN(CC(C)C)C1	0.038251
rxn:2:92374:85766	CCC(Nc1cccc2nc(C)cn12)C1CCN(CC(C)C)C1	0.038251
rxn:2:84173:85766	CCC(Nc1c(C)nc2ccccn12)C1CCN(CC(C)C)C1	0.038251
rxn:2:123222:91021	CCCCC(Nc1cc(CCC)ncn1)c1cnccn1	0.038241
rxn:2:96274:103705	CCc1cccc2c1CCCC2NCCc1ccc(OC)cn1	0.038236
rxn:2:132418:104589	Cc1cc(C(C)Nc2ncnc3[nH]cc(C)c23)ccn1	0.038236
rxn:2:132418:98062	Cc1ccnc(C(C)Nc2ncnc3[nH]cc(C)c23)c1	0.038236
rxn:2:132418:72591	Cc1ccc(C(C)Nc2ncnc3[nH]cc(C)c23)cn1	0.038236
rxn:2:100556:134435	CCC(Nc1c(C)nn2ccccc12)C1CCCCCCC1	0.038231
rxn:2:92374:134435	CCC(Nc1cccc2nc(C)cn12)C1CCCCCCC1	0.038231
rxn:2:84173:134435	CCC(Nc1c(C)nc2ccccn12)C1CCCCCCC1	0.038231
rxn:2:140730:106071	c1cc(NC2CCOC3(CCN(C4CC4)CC3)C2)c2sccc2n1	0.038229
rxn:2:114724:141943	CCC(Nc1nnc(CCn2nc(C)cc2C)s1)C1CSC1	0.038226
rxn:2:92374:102617	Cc1cn2c(NC(c3c[nH]cn3)C(C)C)cccc2n1	0.038225
rxn:2:67607:166176	CC(Nc1ncsn1)c1ccc(-c2cccs2)n(C)c1=O	0.038221
rxn:2:168833:109246	CCC(Nc1ccc2cccnc2c1N1CCCC1)C1(F)CC1	0.038214
rxn:2:97885:150872	COc1cccc(-n2cc(C(C)N[C@H]3[C@@H]4CC[C@H]3COC4)cn2)c1	0.038214
rxn:2:114928:70822	Cc1csc(-c2nnc(NC3CC(C)n4nccc43)o2)c1	0.038211
rxn:2:71227:91939	CCc1nn(-c2ccnc(C)c2)cc1CNC1CCN(C)C1(C)C	0.038211
rxn:2:96824:91939	CCc1cc(-n2cc(CNC3CCN(C)C3(C)C)c(C)n2)ccn1	0.038211
rxn:2:121229:91939	CC(C)c1cc(-n2cc(CNC3CCN(C)C3(C)C)cn2)ccn1	0.038207
rxn:2:84577:106486	CC(C)C(N[C@H]1CC[C@@H]1N(C)C)c1ncc(-c2ccncc2)s1	0.038206
rxn:2:68182:82933	CC(C)CN1CC[C@@H](NC(C)c2ccc(-c3cnccn3)s2)C1	0.038205
rxn:2:84817:118131	Cc1cnc(C2CC(N[C@@H](c3ccccc3C)C(C)C)C2)s1	0.038201
rxn:2:120182:118131	Cc1cnc(C2CC(NC(c3ccccc3C)C(C)C)C2)s1	0.038201
rxn:2:120675:118131	Cc1cnc(C2CC(N[C@H](c3ccccc3C)C(C)C)C2)s1	0.038201
rxn:2:101277:141943	CCC(Nc1ccc(-c2nc(C(C)C)n[nH]2)cc1)C1CSC1	0.038201
rxn:2:121310:90810	COc1cccc(C2CC(NC3CN(Cc4ccsc4)C3)C2)c1	0.038197
rxn:2:66976:166653	c1c[nH]c(-c2ccc3c(c2)C(Nc2ncon2)CC3)c1	0.038189
rxn:2:68182:141436	CC(C)CN1CC[C@@H](NC(C)c2ccc(-c3cnn(C)c3)s2)C1	0.038188
rxn:2:68182:67917	CC(C)CN1CC[C@@H](NC(C)c2ccc(-c3ccnn3C)s2)C1	0.038188
rxn:2:65970:136278	CCN1CCCc2cc(NC3CCCc4c3cnn4CC)ccc21	0.038179
rxn:2:67607:160362	CCc1cccc2c3c(n(C)c12)CCC3Nc1ncsn1	0.038172
rxn:2:93081:70439	c1nc2c(c(N3CCC(NC4CC5OC(C4)C4CC54)C3)n1)CCC2	0.038172
rxn:2:76051:92418	CC(C)C(NC1CCCc2snnc21)c1ccc2c(c1)OCCO2	0.038169
rxn:2:79333:87143	CC(CCc1cnsc1)NC1CCOCC1OCC1CC1	0.038165
rxn:2:104378:73581	CCOc1nonc1NC(c1cccc(C2CC2)c1)C1CC1	0.038164
rxn:2:162428:72771	Cc1ccccc1-c1cc(=O)[nH]c(NC2CC(CC(C)C)C2)n1	0.038164
rxn:2:67357:100634	c1cc2c(cn1)OCCC2NC1CC2CCC(C1)C21SCCS1	0.038161
rxn:2:67357:101494	c1cnc2c(c1)C(NC1CC3CCC(C1)C31SCCS1)CCO2	0.038161
rxn:2:67357:119081	c1cc2c(cn1)C(NC1CC3CCC(C1)C31SCCS1)CCO2	0.038161
rxn:2:98598:91066	CN(C)CC(C)(C)Oc1cncc(NC2COc3ccsc32)c1	0.038160
rxn:2:87105:91066	Cc1nc2c(CCNC3COc4ccsc43)cccc2o1	0.038157
rxn:2:67607:163799	COc1cc2c(c3nc(C)oc13)CCC2Nc1ncsn1	0.038151
rxn:2:68182:113626	CC(C)CN1CC[C@@H](NC(C)c2ccc(-c3cc[nH]c3)s2)C1	0.038151
rxn:2:68182:141812	CC(C)CN1CC[C@@H](NC(C)c2ccc(-c3ccc[nH]3)s2)C1	0.038151
rxn:2:139592:75336	CCOc1ccnc(C(C)Nc2nc3c(s2)CN(CC)CC3)c1	0.038147
rxn:2:93519:133432	COc1csc(-c2csc(C(C)NC3C(F)CC4CC43)c2)c1	0.038146
rxn:2:165198:141943	CCC(Nc1ccc2nc3ccccn3c2n1)C1CSC1	0.038143
rxn:2:80954:71205	CC(CCC1(C2CCC2)COC1)Nc1ccc(N(C)C)nn1	0.038141
rxn:2:68182:141118	CCC(N[C@@H]1CCN(CC(C)C)C1)c1ccc(N(C)C)nc1	0.038141
rxn:2:97885:70626	COCc1ccc(CCC(C)N[C@H]2[C@@H]3CC[C@H]2COC3)cc1	0.038139
rxn:2:97885:110439	COCc1cccc(CCC(C)N[C@H]2[C@@H]3CC[C@H]2COC3)c1	0.038139
rxn:2:74325:70626	COCc1ccc(CCC(C)N[C@@H]2[C@@H]3CC[C@H]2COC3)cc1	0.038139
rxn:2:74325:110439	COCc1cccc(CCC(C)N[C@@H]2[C@@H]3CC[C@H]2COC3)c1	0.038139
rxn:2:142063:91939	CCc1cc(-n2cc(NC3CCN(C)C3(C)C)c(CC)n2)ccn1	0.038135
rxn:2:95748:91939	CCc1cncc(-n2cc(NC3CCN(C)C3(C)C)c(CC)n2)c1	0.038135
rxn:2:131766:91939	CCc1ccc(-n2cc(NC3CCN(C)C3(C)C)c(CC)n2)cn1	0.038135
rxn:2:85392:140522	CCCC1CCC(NCC(F)(F)c2cccc3[nH]cnc23)C1	0.038132
rxn:2:137530:141943	CCC(Nc1ccc(-c2cnn(C(C)C)c2)cc1)C1CSC1	0.038128
rxn:2:66656:94218	CN(C)c1ccc2c(c1)CCCC2N[C@H]1C[C@H](Cn2cccn2)C1	0.038124
rxn:2:72207:125172	c1nc(N2CCC(NC3CC4COCC(C3)O4)C2)c2sccc2n1	0.038109
rxn:2:91163:91939	CC(C)Cc1nn(-c2ccncc2)cc1NC1CCN(C)C1(C)C	0.038105
rxn:2:93486:91939	CC(C)Cc1nn(-c2cccnc2)cc1NC1CCN(C)C1(C)C	0.038105
rxn:2:124542:91939	CC(C)Cc1ccn(-c2ccnc(NC3CCN(C)C3(C)C)c2)n1	0.038105
rxn:2:67607:162409	Cc1oncc1-c1cccc2c1CCC2Nc1ncsn1	0.038099
rxn:2:66656:73823	c1ccc2c(c1)OC(C1CC1)CC2N[C@H]1C[C@H](Cn2cccn2)C1	0.038098
rxn:2:76776:145100	Cc1ccc(-c2cc(C(C)NC3CC3C3CCOC3)ccn2)cn1	0.038094
rxn:2:112333:104196	COc1ccc2c(n1)CCCC2NCc1nc(=O)[nH][nH]1	0.038093
rxn:2:67607:143599	c1cc(-c2ccncc2)c2c(c1)C(Nc1ncsn1)CC2	0.038093
rxn:2:67607:145223	c1cncc(-c2cccc3c2CCC3Nc2ncsn2)c1	0.038093
rxn:2:66976:162403	c1ccc2c(c1)cnn2C1CCCC(Nc2ncon2)C1	0.038088
rxn:2:100556:93712	CCC(Nc1c(C)nn2ccccc12)C1CCN(C(C)CC)C1	0.038084
rxn:2:92374:93712	CCC(Nc1cccc2nc(C)cn12)C1CCN(C(C)CC)C1	0.038084
rxn:2:84173:93712	CCC(Nc1c(C)nc2ccccn12)C1CCN(C(C)CC)C1	0.038084
rxn:2:131600:80762	Cc1ccc2c(c1)C(C)CCC2NCc1cnn(CC(C)C)c1	0.038084
rxn:2:76776:70735	COc1cc(C)cc(CCC(C)NC2CC2C2CCOC2)c1	0.038083
rxn:2:76776:113196	COc1ccc(CCC(C)NC2CC2C2CCOC2)cc1C	0.038083
rxn:2:100556:89337	CCCN1CCC(C(CC)Nc2c(C)nn3ccccc23)CC1	0.038082
rxn:2:100556:115732	CCCN1CCCC(C(CC)Nc2c(C)nn3ccccc23)C1	0.038082
rxn:2:92374:89337	CCCN1CCC(C(CC)Nc2cccc3nc(C)cn23)CC1	0.038082
rxn:2:92374:115732	CCCN1CCCC(C(CC)Nc2cccc3nc(C)cn23)C1	0.038082
rxn:2:84173:89337	CCCN1CCC(C(CC)Nc2c(C)nc3ccccn23)CC1	0.038082
rxn:2:84173:115732	CCCN1CCCC(C(CC)Nc2c(C)nc3ccccn23)C1	0.038082
rxn:2:99524:91939	CCOc1cc(-n2cc(NC3CCN(C)C3(C)C)c(C)n2)ccn1	0.038082
rxn:2:73026:91939	CCOc1cncc(-n2cc(NC3CCN(C)C3(C)C)c(C)n2)c1	0.038082
rxn:2:93037:91939	CCc1nn(-c2ccnc(OC)c2)cc1NC1CCN(C)C1(C)C	0.038081
rxn:2:77614:91939	CCc1nn(-c2cncc(OC)c2)cc1NC1CCN(C)C1(C)C	0.038081
rxn:2:79690:91939	CCc1nn(-c2ccc(OC)nc2)cc1NC1CCN(C)C1(C)C	0.038081
rxn:2:81492:91939	CCc1nn(-c2cccnc2OC)cc1NC1CCN(C)C1(C)C	0.038081
rxn:2:73282:91939	Cc1cccc(-n2cc(NC3CCN(C)C3(C)C)c(C(C)C)n2)c1	0.038081
rxn:2:104831:91939	Cc1nn(-c2ccc(C(C)C)cc2)cc1NC1CCN(C)C1(C)C	0.038081
rxn:2:75027:91939	CCCc1nn(-c2ccnc(C)c2)cc1NC1CCN(C)C1(C)C	0.038076
rxn:2:101370:91939	CCCc1nn(-c2cncc(C)c2)cc1NC1CCN(C)C1(C)C	0.038076
rxn:2:128735:91939	CCCc1nn(-c2ccc(C)nc2)cc1NC1CCN(C)C1(C)C	0.038076
rxn:2:106599:91939	CCCc1nn(-c2cccnc2C)cc1NC1CCN(C)C1(C)C	0.038076
rxn:2:79372:91939	CCCc1nn(-c2cnccc2C)cc1NC1CCN(C)C1(C)C	0.038076
rxn:2:94231:91939	CCCc1nn(-c2ccncc2C)cc1NC1CCN(C)C1(C)C	0.038076
rxn:2:112289:91939	CCCc1cc(NC2CCN(C)C2(C)C)n(-c2ccnc(C)c2)n1	0.038076
rxn:2:122029:91939	CCCc1c(NC2CCN(C)C2(C)C)cnn1-c1ccnc(C)c1	0.038076
rxn:2:76776:101933	CC(CCc1ccc2c(c1)OCCO2)NC1CC1C1CCOC1	0.038072
rxn:2:76776:127851	CC(CCc1ccc(N(C)C)cc1)NC1CC1C1CCOC1	0.038067
rxn:2:122273:91021	CCCCC(NCCc1ccc(C)cc1)c1cnccn1	0.038066
rxn:2:80597:91066	c1cc(-c2cncc(NC3COc4ccsc43)c2)ccn1	0.038053
rxn:2:105184:91066	c1cncc(-c2cncc(NC3COc4ccsc43)c2)c1	0.038053
rxn:2:93519:137327	CCc1cccc(OC2CCCCC2NC2C(F)CC3CC32)c1	0.038053
rxn:2:97885:112142	CCOc1ccc(CCC(C)N[C@H]2[C@@H]3CC[C@H]2COC3)cc1	0.038046
rxn:2:74325:112142	CCOc1ccc(CCC(C)N[C@@H]2[C@@H]3CC[C@H]2COC3)cc1	0.038046
rxn:2:93447:105764	CCCCC1CC(NC2(c3ncon3)CCCCCC2)C1	0.038043
rxn:2:105315:140582	CCC(Nc1c(C)nc2cccnn12)C1CCN(C2CCC2)CC1	0.038037
rxn:2:105315:81944	CCC(Nc1c(C)nc2cccnn12)C1CCN(C2CCCC2)C1	0.038037
rxn:2:105315:136707	CCC(Nc1c(C)nc2cccnn12)C1CCCN(C2CCC2)C1	0.038037
rxn:2:66976:168579	c1ccc(-c2nc3c(s2)C(Nc2ncon2)CCC3)cc1	0.038035
rxn:2:76776:112495	CCCc1csc(CCC(C)NC2CC2C2CCOC2)n1	0.038033
rxn:2:121053:91066	c1cc2c(s1)C(Nc1cnc3oc(C4CC4)nc3c1)CO2	0.038029
rxn:2:67607:167274	COc1ccc2cccc3c2c1CCC3Nc1ncsn1	0.038025
rxn:2:67607:161593	COc1cc2c(c3ccccc13)CCC2Nc1ncsn1	0.038025
rxn:2:114277:94654	CCOc1ccccc1CN1CC[C@H](NC2CC3(CCO3)C2)C1	0.038020
rxn:2:67666:80762	Cc1ccc2c(c1)C(C)CCC2NCc1cnn(C)c1CN(C)C	0.038020
rxn:2:123275:87594	CCCCC(C)Nc1ccc(SC23CC(C2)C3)cc1	0.038015
rxn:2:121310:107159	CSc1ccc2c(c1)C(NC1CN(Cc3ccsc3)C1)CC2	0.038015
rxn:2:84577:72331	COc1cccc(OCCC(C)N[C@H]2CC[C@@H]2N(C)C)c1	0.038008
rxn:2:131268:130954	CC(C)(C)N1CCC(CCNC2CCC3(CC2)CSC3)CC1	0.038001
rxn:2:66656:113762	CC(C)(C)c1ccc2c(c1)CCC2N[C@H]1C[C@H](Cn2cccn2)C1	0.038000
rxn:2:112040:69608	CCCC(C)CCC(C)Nc1nc(-c2cnccn2)ns1	0.037998
rxn:2:66656:138506	COc1cc2c(cc1C)CCCC2N[C@H]1C[C@H](Cn2cccn2)C1	0.037997
rxn:2:66656:140528	COc1cc2c(cc1C)C(N[C@H]1C[C@H](Cn3cccn3)C1)CCC2	0.037997
rxn:2:102165:141943	CCC(NC(C)CCCc1ccc(C)cc1)C1CSC1	0.037991
rxn:2:114503:86866	CCn1c(C)nnc1C1CCC(CNC(C)CC2CC2)CC1	0.037988
rxn:2:81073:94554	COc1ccc(C2CC(NC(C)c3cnn(C(C)C)c3)C2)cc1	0.037979
rxn:2:82052:94554	COc1ccc(C2CC(N[C@H](C)c3cnn(C(C)C)c3)C2)cc1	0.037979
rxn:2:137289:94554	COc1ccc(C2CC(N[C@@H](C)c3cnn(C(C)C)c3)C2)cc1	0.037979
rxn:2:97885:74665	CC(CCc1ccc(C(C)(C)C)cc1)N[C@H]1[C@@H]2CC[C@H]1COC2	0.037978
rxn:2:74325:74665	CC(CCc1ccc(C(C)(C)C)cc1)N[C@@H]1[C@@H]2CC[C@H]1COC2	0.037978
rxn:2:66976:152799	c1csc(CC2Cc3ccccc3C2Nc2ncon2)c1	0.037976
rxn:2:66173:67395	CCOC1CC(NC2CC(c3nc(C4CC4)no3)C2)C12CCC2	0.037967
rxn:2:84173:136516	Cc1nnc(C(Nc2c(C)nc3ccccn23)C(C)C)o1	0.037962
rxn:2:81079:87143	CC(CCc1cnsc1)NCC1CN(C)CC1C1CCOC1	0.037962
rxn:2:136243:105732	c1ccc(COc2cncc(NC3C[C@H]4CCC[C@H]4C3)c2)cc1	0.037941
rxn:2:132418:138254	Cc1cccc(C(C)Nc2ncnc3[nH]cc(C)c23)c1	0.037940
rxn:2:90440:80745	Cc1nsc2cc(NC(C)c3cnn4c3CCC4)ccc12	0.037936
rxn:2:114106:73323	Cc1ccc2c(c1)CC(Nc1cncc(C3CC3)c1)CCC2	0.037931
rxn:2:105195:91939	CCCC(C)N(C)c1c(NC2CCN(C)C2(C)C)c(C)nn1C	0.037931
rxn:2:121310:107059	FC1(F)CCOc2ccccc2C1NC1CN(Cc2ccsc2)C1	0.037931
rxn:2:66976:158812	c1cncc(-c2cccc3c2C(Nc2ncon2)CC3)c1	0.037928
rxn:2:135338:117949	CSc1cc(NC2CC3CC(c4cnn(C)c4)CC3C2)cnn1	0.037922
rxn:2:139986:122702	CC[C@@H]1CCC(NCC2CC(Cc3ccc(C)cc3)C2)C1	0.037921
rxn:2:67607:103582	Cc1cc(C(Nc2ncsn2)c2ccccc2)cc(C)n1	0.037920
rxn:2:81759:141943	CCC(Nc1cc(CCCN(C)C)cnc1C)C1CSC1	0.037913
rxn:2:107493:87143	CC(CCc1cnsc1)NCCS(=O)(=O)C1CCCCC1	0.037909
rxn:2:141257:103571	CC(NCCc1nc(C(C)(C)C)n[nH]1)c1cc2c(s1)CCCC2	0.037908
rxn:2:136496:152118	Cc1ccc2c(c1)C(NCc1cnn(C)c(=O)c1)CCCS2(=O)=O	0.037902
rxn:2:99555:70439	c1ccc2[nH]c(N3CCC(NC4CC5OC(C4)C4CC54)C3)nc2c1	0.037898
rxn:2:133355:143157	COc1csc(-c2ccc3c(c2)OCC3NC2C3CC4C(C3)C42)c1	0.037897
rxn:2:84577:128463	COc1cc2c(c(OC)c1OC)CCC2N[C@H]1CC[C@@H]1N(C)C	0.037896
rxn:2:93079:133570	Cc1n[nH]c(CNC(C)c2cc3c([nH]c2=O)CCCC3)n1	0.037890
rxn:2:102258:132810	CCC(NC1CC(n2cncn2)C1)c1ccc2c(c1)OC(F)(F)O2	0.037886
rxn:2:85905:78148	CCC1CCC(CC(C)NCc2nnc(C3CC3)n2C)CC1	0.037883
rxn:2:140451:91066	Cn1nnnc1-c1cncc(NC2COc3ccsc32)c1	0.037881
rxn:2:68182:102299	CCn1ncnc1CCC(C)N[C@@H]1CCN(CC(C)C)C1	0.037880
rxn:2:100556:103104	CCCC(Nc1c(C)nn2ccccc12)C1CCCN1C(C)C	0.037878
rxn:2:72786:113291	Cc1cc(C(C)Nc2ncnc3c2nc(C)n3C)nn1C	0.037865
rxn:2:138600:151269	CCC1(NC2CCc3c(-c4cncnc4)cccc32)CC(F)(F)C1	0.037862
rxn:2:81263:68151	CSCc1cncc(NC2CC3CCC(C2)N3C2CCCC2)c1	0.037861
rxn:2:81263:72960	CSCc1cncc(NC2C[C@H]3CC[C@@H](C2)N3C2CCCC2)c1	0.037861
rxn:2:75165:71205	CC(CCC1(C2CCC2)COC1)Nc1ccc(C2CC2)nn1	0.037860
rxn:2:123275:131475	O=C1CC(Nc2ccc(SC34CC(C3)C4)cc2)Oc2ncccc21	0.037844
rxn:2:68182:68270	CC(C)CN1CC[C@@H](NC(C)c2ccccc2OC2CC2)C1	0.037842
rxn:2:112147:140522	CCCC1CCC(Nc2c(C)nc(N3CCCCC3)nc2C)C1	0.037836
rxn:2:121310:81498	CC(NC1CN(Cc2ccsc2)C1)c1cccc(S(C)(=O)=O)c1	0.037834
rxn:2:127388:132476	Cc1cc(C(C)NCC2CCN(Cc3cccnc3)C2)sc1C	0.037830
rxn:2:138600:159590	CCC1(NC2CCc3c(-c4ccnn4C)cccc32)CC(F)(F)C1	0.037830
rxn:2:67357:96601	C1CN2CCC(NC3CC4CCC(C3)C43SCCS3)[C@H](C2)O1	0.037826
rxn:2:97885:77782	COn1cc(C(C)N[C@H]2[C@@H]3CC[C@H]2COC3)c(=O)[nH]c1=O	0.037826
rxn:2:68182:78013	CCc1cc(C(C)N[C@@H]2CCN(CC(C)C)C2)ccc1OC	0.037825
rxn:2:142401:138926	Cc1ccc2cc(CC(C)(C)CNC3CC4(CC4)C3)ccc2n1	0.037818
rxn:2:68182:87490	CC(C)CN1CC[C@@H](NC2CCC(CC3CCC3)CC2)C1	0.037815
rxn:2:140730:85335	CN(C)C1CCC2(CC1)CC(Nc1ccnc3ccsc13)CCO2	0.037811
rxn:2:66976:162958	CC(Nc1ncon1)c1cc2ccccc2c(N(C)C)n1	0.037801
rxn:2:66976:151641	CC(Nc1ncon1)c1ccc(-c2ccc(=O)n(C)n2)s1	0.037798
rxn:2:97885:66592	CC(C)Cc1csc(CCC(C)N[C@H]2[C@@H]3CC[C@H]2COC3)n1	0.037789
rxn:2:74325:66592	CC(C)Cc1csc(CCC(C)N[C@@H]2[C@@H]3CC[C@H]2COC3)n1	0.037789
rxn:2:80794:78148	CCC1CCC(CC(C)NCC2CCc3nnc(C)n3C2)CC1	0.037772
rxn:2:97239:78148	CCC1CCC(CC(C)NCC2CCn3c(C)nnc3C2)CC1	0.037772
rxn:2:68559:81291	CCCSc1ccc(NC(c2cnn(C)c2)C(C)C)nn1	0.037771
rxn:2:65970:75801	CCN1CCCc2cc(NC3CCCc4[nH]c(=O)ccc43)ccc21	0.037770
rxn:2:68559:72493	CCCSc1ccc(NC(C)CCC2CCC2)nn1	0.037763
rxn:2:97885:165378	CC(N[C@H]1[C@@H]2CC[C@H]1COC2)c1ccccc1-c1cnc[nH]c1=O	0.037762
rxn:2:76315:90296	CCOc1ccccc1-c1csc(NC2CC(C3CC3)C2)n1	0.037755
rxn:2:129528:115775	Cc1cc(-c2ccccn2)nc(NC(C)CCCC2CC2)n1	0.037749
rxn:2:92147:115775	Cc1nc(NC(C)CCCC2CC2)cc(-c2ccccn2)n1	0.037749
rxn:2:100556:68945	Cc1nn2ccccc2c1NC(C)c1cnoc1C1CC1	0.037749
rxn:2:84209:103571	CC(NCc1nc(=O)[nH]c(=O)[nH]1)c1cc2c(s1)CCCC2	0.037746
rxn:2:140730:122551	c1ccc([C@H]2CCC2Nc2ccnc3ccsc23)cc1	0.037740
rxn:2:68115:130954	c1c(NC2CCC3(CC2)CSC3)nc(C2CC2)nc1C1CCC1	0.037737
rxn:2:118881:66368	COc1sc2c(c1CNC1CCCc3c1ccc(=O)n3C)CSC2	0.037733
rxn:2:97885:148530	COc1ccc2[nH]cc(C(C)N[C@H]3[C@@H]4CC[C@H]3COC4)c(=O)c2c1	0.037729
rxn:2:93079:98808	CSc1nc(C(C)NCc2nc(C)n[nH]2)cc2c1CCCC2	0.037728
rxn:2:139592:113165	CCCc1ccc(C(C)Nc2nc3c(s2)CN(CC)CC3)nc1	0.037723
rxn:2:107339:105732	CCc1nc(C(C)(C)CCNC2C[C@H]3CCC[C@H]3C2)[nH]c1C	0.037719
rxn:2:82898:70439	COc1cc(N2CCC(NC3CC4OC(C3)C3CC43)CC2)ncn1	0.037710
rxn:2:68182:87722	CCOc1ccc(C(C)N[C@@H]2CCN(CC(C)C)C2)cc1C	0.037707
rxn:2:68182:141279	CCOc1ccc(C)cc1C(C)N[C@@H]1CCN(CC(C)C)C1	0.037707
rxn:2:68182:68521	CCOc1cc(C)ccc1C(C)N[C@@H]1CCN(CC(C)C)C1	0.037707
rxn:2:68182:69475	CCOc1cc(C(C)N[C@@H]2CCN(CC(C)C)C2)ccc1C	0.037707
rxn:2:132592:103571	Cc1n[nH]c([C@H](NC(C)c2cc3c(s2)CCCC3)C(C)(C)C)n1	0.037696
rxn:2:142141:93200	CCCCC1(CNC(C)c2cc[nH]c(=O)c2)CCCCC1	0.037689
rxn:2:79495:101622	Cc1cc(C)c(C(C)NCCC2CC2c2cn(C)cn2)cc1C	0.037681
rxn:2:100202:137914	CCC(CC)C(NC1CC(CCSC)C1)c1ncon1	0.037672
rxn:2:121310:107140	Cc1ccoc1C(CC(C)C)NC1CN(Cc2ccsc2)C1	0.037668
rxn:2:84577:159634	COCc1nc2ncc(C(C)N[C@H]3CC[C@@H]3N(C)C)c(C)n2n1	0.037668
rxn:2:76062:92890	CCc1ccc(C(C)Nc2nnc(-c3cncs3)s2)s1	0.037665
rxn:2:128300:91066	CC(C)c1c(CNC2COc3ccsc32)cnn1CC1CCC1	0.037665
rxn:2:81263:87490	CSCc1cncc(NC2CCC(CC3CCC3)CC2)c1	0.037649
rxn:2:74325:126428	c1ccc2c(c1)COCC21CCCC(N[C@@H]2[C@@H]3CC[C@H]2COC3)C1	0.037617
rxn:2:90567:168163	Cc1cncnc1-c1ccc(C(C)NCC2CN(C)CC23CC3)s1	0.037614
rxn:2:96746:92418	CCOc1ccccc1N1CCC(NC2CCCc3snnc32)C1	0.037611
rxn:2:144340:75426	CC(NC1CC2C(C1)C2(F)F)c1cc(=O)[nH]c(-c2ccccn2)n1	0.037605
rxn:2:68005:91939	CC(C)Cc1nn(-c2ccccc2)cc1NC1CCN(C)C1(C)C	0.037603
rxn:2:67607:164894	Cc1cccc2c3c([nH]c12)C(Nc1ncsn1)CCC3	0.037597
rxn:2:67607:159509	Cc1ccc2[nH]c3c(c2c1)CCCC3Nc1ncsn1	0.037597
rxn:2:74641:70439	c1cn2cnnc2c(N2CCC(NC3CC4OC(C3)C3CC43)C2)n1	0.037593
rxn:2:91673:71205	CC(CCC1(C2CCC2)COC1)Nc1ccc(C(C)C)nn1	0.037585
rxn:2:66656:110852	Cc1ccc2c(c1)CCCCC2N[C@H]1C[C@H](Cn2cccn2)C1	0.037579
rxn:2:66656:102043	Cc1ccc2c(c1)C(N[C@H]1C[C@H](Cn3cccn3)C1)CCCC2	0.037579
rxn:2:76776:125045	CC(CCc1ccc2ccccc2c1)NC1CC1C1CCOC1	0.037577
rxn:2:88276:91066	CC(F)(F)c1cc(NC2COc3ccsc32)cc(C2CC2)c1	0.037576
rxn:2:95369:91066	CCCN1CCN(c2cc(NC3COc4ccsc43)ccn2)CC1	0.037575
rxn:2:121310:100175	CC(NC1CN(Cc2ccsc2)C1)c1cccc(C(C)(C)C)c1	0.037565
rxn:2:72007:168163	Cc1cncnc1-c1ccc(C(C)NCC2CN(C)CCN2C)s1	0.037562
rxn:2:90440:80514	Cc1nc(C(C)Nc2ccc3c(C)nsc3c2)sc1C	0.037561
rxn:2:112435:105732	CCS(=O)(=O)CCn1cc(NC2C[C@H]3CCC[C@H]3C2)ccc1=O	0.037559
rxn:2:68182:105542	CCS(=O)(=O)c1ccc(C(C)N[C@@H]2CCN(CC(C)C)C2)s1	0.037552
rxn:2:72448:130954	CCC1(c2cc(NC3CCC4(CC3)CSC4)n(C)n2)CCCC1	0.037551
rxn:2:70825:94554	COc1ccc(C2CC(N[C@H](C)c3ccc4c(c3)OCO4)C2)cc1	0.037546
rxn:2:81509:94554	COc1ccc(C2CC(N[C@@H](C)c3ccc4c(c3)OCO4)C2)cc1	0.037546
rxn:2:115403:94554	COc1ccc(C2CC(NC(C)c3ccc4c(c3)OCO4)C2)cc1	0.037546
rxn:2:95402:106386	CC(NCC1CN(C)CC(C)(C)N1c1ccccc1)c1cncs1	0.037533
rxn:2:107734:118998	Cc1cc(C)c2c(c1)C(NC1CC3CCC(C1)C3(F)F)CCO2	0.037532
rxn:2:65970:77623	CCN1CCCc2cc(NC3CCCc4ccccc43)ccc21	0.037520
rxn:2:79184:91939	CCCc1nn(-c2cccc(C)c2)cc1NC1CCN(C)C1(C)C	0.037517
rxn:2:95474:91939	CCCc1cn(-c2cccc(C)c2)nc1NC1CCN(C)C1(C)C	0.037517
rxn:2:96303:150690	COc1ccc2[nH]c3c(c2c1)CCC3NC1CC2(CCCCO2)C1	0.037512
rxn:2:117308:91939	CCCc1nn(CC2CCCC2)cc1NC1CCN(C)C1(C)C	0.037511
rxn:2:151910:141943	CCC(Nc1ccc(S(=O)(=O)CC)c2ncccc12)C1CSC1	0.037510
rxn:2:68752:105732	CN1CC(n2ncc(C3CCC3)c2CNC2C[C@H]3CCC[C@H]3C2)C1	0.037504
rxn:2:66976:165371	Cc1ccc(C)c(C(Nc2ncon2)c2ccccc2)c1	0.037471
rxn:2:144340:87594	CCCCC(C)NC(C)c1cc(=O)[nH]c(-c2ccccn2)n1	0.037462
rxn:2:66656:129440	CC(C)c1ccc(C(C)N[C@H]2C[C@H](Cn3cccn3)C2)c(=O)[nH]1	0.037461
rxn:2:66976:165512	Cc1ccsc1-c1ccc2c(c1)CCC2Nc1ncon1	0.037459
rxn:2:101551:92418	CCCc1cc(N2CCC(NC3CCCc4snnc43)C2)ncn1	0.037456
rxn:2:66176:71823	CC(Nc1ccc2nnsc2c1)c1nc2c(s1)CCCC2	0.037455
rxn:2:134982:71823	CC(Nc1ccc2snnc2c1)c1nc2c(s1)CCCC2	0.037455
rxn:2:139231:71823	CC(Nc1ccc2nsnc2c1)c1nc2c(s1)CCCC2	0.037455
rxn:2:92680:76082	CCOc1ccc(NC(C)c2cccc(C)c2C)cc1OC	0.037453
rxn:2:105592:76082	CCOc1cc(NC(C)c2cccc(C)c2C)ccc1OC	0.037453
rxn:2:112333:81254	CCC(NCc1nc(=O)[nH][nH]1)c1ccc(OC)c(C)c1	0.037449
rxn:2:112333:87722	CCOc1ccc(C(C)NCc2nc(=O)[nH][nH]2)cc1C	0.037449
rxn:2:112333:127420	CCC(NCc1nc(=O)[nH][nH]1)c1ccc(C)c(OC)c1	0.037449
rxn:2:76975:91066	COC1CCN(c2ccc(CNC3COc4ccsc43)cc2)CC1	0.037447
rxn:2:68182:75111	CC(C)CN1CC[C@@H](NC(C)c2ccc(-c3ccncc3)s2)C1	0.037438
rxn:2:68182:85400	CC(C)CN1CC[C@@H](NC(C)c2ccc(-c3cccnc3)s2)C1	0.037438
rxn:2:68182:71150	CC(C)CN1CC[C@@H](NC(C)c2ccc(-c3ccccn3)s2)C1	0.037438
rxn:2:66422:78148	CCC1CCC(CC(C)Nc2[nH]c(=O)nc3c2CCCC3)CC1	0.037430
rxn:2:105035:66368	CN1CCCc2cc(CNC3CCCc4c3ccc(=O)n4C)ccc21	0.037424
rxn:2:128429:66368	CN1CCCc2ccc(CNC3CCCc4c3ccc(=O)n4C)cc21	0.037424
rxn:2:136496:121536	CC(C)C(NCc1cnn(C)c(=O)c1)c1cncnc1N(C)C	0.037418
rxn:2:67660:130954	Cc1ccc(Oc2cn[nH]c2NC2CCC3(CC2)CSC3)cc1	0.037418
rxn:2:115005:115775	CC(CCCC1CC1)Nc1cnc(-c2ccccn2)[nH]c1=O	0.037414
rxn:2:121310:74464	Cc1cccc(N2CCC(NC3CN(Cc4ccsc4)C3)CC2)c1	0.037412
rxn:2:92374:136707	CCC(Nc1cccc2nc(C)cn12)C1CCCN(C2CCC2)C1	0.037406
rxn:2:100556:140582	CCC(Nc1c(C)nn2ccccc12)C1CCN(C2CCC2)CC1	0.037406
rxn:2:100556:81944	CCC(Nc1c(C)nn2ccccc12)C1CCN(C2CCCC2)C1	0.037406
rxn:2:100556:136707	CCC(Nc1c(C)nn2ccccc12)C1CCCN(C2CCC2)C1	0.037406
rxn:2:92374:140582	CCC(Nc1cccc2nc(C)cn12)C1CCN(C2CCC2)CC1	0.037406
rxn:2:92374:81944	CCC(Nc1cccc2nc(C)cn12)C1CCN(C2CCCC2)C1	0.037406
rxn:2:84173:140582	CCC(Nc1c(C)nc2ccccn12)C1CCN(C2CCC2)CC1	0.037406
rxn:2:84173:81944	CCC(Nc1c(C)nc2ccccn12)C1CCN(C2CCCC2)C1	0.037406
rxn:2:84173:136707	CCC(Nc1c(C)nc2ccccn12)C1CCCN(C2CCC2)C1	0.037406
rxn:2:84577:147164	COc1cccc(-c2ccc(C(C)N[C@H]3CC[C@@H]3N(C)C)s2)c1	0.037403
rxn:2:101551:70439	CCCc1cc(N2CCC(NC3CC4OC(C3)C3CC43)C2)ncn1	0.037398
rxn:2:139592:75600	CCC1CCCC(CNc2nc3c(s2)CN(CC)CC3)N1CC	0.037398
rxn:2:66976:163539	Cc1cnc(-c2ccc(C(C)Nc3ncon3)nc2)nc1	0.037396
rxn:2:104634:70439	Cc1c(NC2CC3OC(C2)C2CC32)ccc(N2CCCCC2)c1C	0.037394
rxn:2:104154:125732	CCC(Nc1ccnn1CC(C)C)c1cc(C)cc(OC)c1	0.037388
rxn:2:93447:87143	CC(CCc1cnsc1)NC1(c2ncon2)CCCCCC1	0.037385
rxn:2:144340:126386	CC(CC1CCC1)NC(C)c1cc(=O)[nH]c(-c2ccccn2)n1	0.037381
rxn:2:121310:112506	CCCc1cccc(C(C)NC2CN(Cc3ccsc3)C2)c1	0.037377
rxn:2:122457:91066	Cc1ccc(N2CCCCC2C)cc1NC1COc2ccsc21	0.037376
rxn:2:136971:78603	Cc1cccc(N(C)CCNC2CC(c3ccccc3)C2C)c1	0.037374
rxn:2:129092:122702	CC[C@@H]1CCC(NC2CCC(OC3CCCCC3)CC2)C1	0.037368
rxn:2:79415:118518	COc1ccc2c(c1C)CCC2NCC1(C)CCCC(F)(F)C1	0.037368
rxn:2:122841:139228	CC1(Oc2ccc(NC3CCC(C4CCCC4)C3)cc2)COC1	0.037366
rxn:2:93079:133831	Cc1n[nH]c(CNC(C)c2c(C)nc3ncccn23)n1	0.037363
rxn:2:76219:66368	CCN1CCc2ccc(NC3CCCc4c3ccc(=O)n4C)cc2C1	0.037362
rxn:2:91081:66368	CCN1CCc2cc(NC3CCCc4c3ccc(=O)n4C)ccc2C1	0.037362
rxn:2:66656:131919	Cc1cc(C)c(C2CC(N[C@H]3C[C@H](Cn4cccn4)C3)C2)c(C)c1	0.037362
rxn:2:93640:115775	CC(CCCC1CC1)NC(C)c1cc2ccccc2cn1	0.037361
rxn:2:130470:115775	CC(CCCC1CC1)N[C@@H](C)c1cc2ccccc2cn1	0.037361
rxn:2:136496:110171	Cn1ncc(CNC2CCCOc3cc4c(cc32)CCCC4)cc1=O	0.037360
rxn:2:112333:78013	CCc1cc(C(C)NCc2nc(=O)[nH][nH]2)ccc1OC	0.037337
rxn:2:112333:125248	CCc1ccc(OC)c(C(C)NCc2nc(=O)[nH][nH]2)c1	0.037337
rxn:2:134864:102961	Cc1ccc2c(c1)C(Nc1cncc3ncn(C)c13)CO2	0.037332
rxn:2:134864:128223	Cc1ccc2c(c1)OCC2Nc1cncc2ncn(C)c12	0.037332
rxn:2:94875:168163	Cc1cncnc1-c1ccc(C(C)NCC2CN(C)CC2(F)F)s1	0.037327
rxn:2:72732:91066	Cc1cc(C2CC2)cc(C2CC2)c1NC1COc2ccsc21	0.037306
rxn:2:136593:66368	CN1CCOc2ccc(CNC3CCCc4c3ccc(=O)n4C)cc21	0.037306
rxn:2:84173:127796	Cc1nc2ccccn2c1NC1CCC(C)n2cncc21	0.037301
rxn:2:149062:70439	c1ccc2c(N3CC[C@@H](NC4CC5OC(C4)C4CC54)C3)ncnc2c1	0.037298
rxn:2:151312:70439	c1ccc2c(N3CCC(NC4CC5OC(C4)C4CC54)C3)ncnc2c1	0.037298
rxn:2:163191:70439	c1ccc2c(N3CC[C@H](NC4CC5OC(C4)C4CC54)C3)ncnc2c1	0.037298
rxn:2:123275:123319	CN1CCC(Nc2ccc(SC34CC(C3)C4)cc2)CC12CCC2	0.037289
rxn:2:112133:109246	CCC(Nc1ccccc1CN1CCOCC1(C)C)C1(F)CC1	0.037284
rxn:2:68582:66368	Cn1c2c(ccc1=O)C(NCCN1CCCc3ccccc31)CCC2	0.037284
rxn:2:130383:66368	Cc1ccc2c(c1)CCN2CCNC1CCCc2c1ccc(=O)n2C	0.037282
rxn:2:131708:66368	CCN1CCc2cc(CNC3CCCc4c3ccc(=O)n4C)ccc21	0.037279
rxn:2:127844:66368	CCN1CCc2ccc(CNC3CCCc4c3ccc(=O)n4C)cc21	0.037279
rxn:2:116625:140522	CCCC1CCC(NCCc2n[nH]c3c(OC)cccc23)C1	0.037276
rxn:2:135961:103571	CCCc1n[nH]c(CCNC(C)c2cc3c(s2)CCCC3)n1	0.037275
rxn:2:131888:66368	CN1CCc2cc(CCNC3CCCc4c3ccc(=O)n4C)ccc21	0.037269
rxn:2:102861:91939	COc1cc(CN2CCC(NC3CCN(C)C3(C)C)CC2)ccn1	0.037267
rxn:2:65970:88612	CCN1CCCc2cc(NC3CCC4(CC3)OCC4(F)F)ccc21	0.037267
rxn:2:139592:102868	CCN1CCc2nc(NC(C)c3nc(C)n(C4CC4)c3C)sc2C1	0.037256
rxn:2:122841:124553	CC1(Oc2ccc(NC(c3ccccc3)C3CC3)cc2)COC1	0.037248
rxn:2:66976:157078	CCc1nc2nc(C)c(C(C)Nc3ncon3)c(C)n2n1	0.037246
rxn:2:93079:113277	Cc1n[nH]c(CNC(C)c2cc3[nH]ncc3s2)n1	0.037244
rxn:2:79495:96546	Cc1ccc2c(c1)SCCC(NCCC1CC1c1cn(C)cn1)C2	0.037243
rxn:2:67357:98234	Cc1cccc2c1OCC2NC1CC2CCC(C1)C21SCCS1	0.037234
rxn:2:67357:102961	Cc1ccc2c(c1)C(NC1CC3CCC(C1)C31SCCS1)CO2	0.037234
rxn:2:72297:66379	CCc1cc(OC)nc(C(C)Nc2nc(C)c(CC)c(=O)[nH]2)c1	0.037233
rxn:2:67607:144159	c1ccc(-c2cccc3c2CCC3Nc2ncsn2)cc1	0.037232
rxn:2:76776:122148	CC1CC(NC2CC2C2CCOC2)CCN1[C@@H](C)c1ccccc1	0.037224
rxn:2:138600:115620	CCC1(NC2CCCCc3c(OC)cccc32)CC(F)(F)C1	0.037217
rxn:2:67292:70439	c1cnc2c(N3CC(NC4CC5OC(C4)C4CC54)C3)ncnc2n1	0.037216
rxn:2:139592:119402	CCN1CCc2nc(NC(C)c3ccc(C(C)(C)C)cn3)sc2C1	0.037212
rxn:2:139592:67587	CCN1CCc2nc(NC(C)c3cccc(C(C)(C)C)n3)sc2C1	0.037212
rxn:2:82290:66368	CCCC[C@H](NC1CCCc2c1ccc(=O)n2C)c1ccc[nH]1	0.037203
rxn:2:76628:132476	CCOc1ccc(NC(C)c2cc(C)c(C)s2)c(C)c1C	0.037198
rxn:2:106285:89151	Cn1nccc1N1CCC(CNC2CCc3cc4c(cc32)OCC4)C1	0.037195
rxn:2:66656:104905	c1cnn(C[C@H]2C[C@H](NC3CCCc4cc5c(cc43)OCCO5)C2)c1	0.037193
rxn:2:78512:94554	COc1ccc(C2CC(NC(C)c3cnn(C(C)(C)C)c3)C2)cc1	0.037183
rxn:2:141421:71205	CC(CCC1(C2CCC2)COC1)Nc1ccc(C(C)(C)C)nn1	0.037178
rxn:2:66976:75544	Cc1ccccc1C(Cc1ncc[nH]1)Nc1ncon1	0.037177
rxn:2:82126:123265	CCC(Cc1ccc(C)cc1)Nc1cncc(C(C)(F)F)c1	0.037171
rxn:2:139037:89151	Cc1cc(N2CC(CNC3CCc4cc5c(cc43)OCC5)C2)ncn1	0.037170
rxn:2:135710:80762	CSc1cncc(CNC2CCC(C)c3cc(C)ccc32)c1	0.037169
rxn:2:106869:105732	CSc1cc(C)nc(NC2C[C@H]3CCC[C@H]3C2)n1	0.037159
rxn:2:73757:66368	CC(C)N1CCc2cc(NC3CCCc4c3ccc(=O)n4C)ccc21	0.037155
rxn:2:113507:66368	CC(C)N1CCc2ccc(NC3CCCc4c3ccc(=O)n4C)cc21	0.037155
rxn:2:124113:66368	CCN1CCCc2ccc(NC3CCCc4c3ccc(=O)n4C)cc21	0.037154
rxn:2:112668:127420	CCC(NC12CC(c3nccs3)(C1)C2)c1ccc(C)c(OC)c1	0.037153
rxn:2:112668:69475	CCOc1cc(C(C)NC23CC(c4nccs4)(C2)C3)ccc1C	0.037153
rxn:2:112333:75361	CN(C)CCC(NCc1nc(=O)[nH][nH]1)c1ccsc1	0.037147
rxn:2:65970:122162	CCN1CCCc2cc(NC3CCCc4nc(C)ccc43)ccc21	0.037146
rxn:2:112923:71205	CSc1ccc(NC(C)CCC2(C3CCC3)COC2)nn1	0.037142
rxn:2:134864:87892	Cc1cc2c(cn1)OCC2Nc1cncc2ncn(C)c12	0.037140
rxn:2:89863:137914	COc1cc2[nH]nc(NC3CC(CCSC)C3)c2cc1OC	0.037130
rxn:2:68559:100242	CCCSc1ccc(NC(C)CCC2CCOC2)nn1	0.037128
rxn:2:135930:70439	C[C@H](NC1CC2OC(C1)C1CC21)c1ccccc1-c1ccccc1	0.037128
rxn:2:76776:108457	CC(CCc1ccc(C(C)C)cc1)NC1CC1C1CCOC1	0.037127
rxn:2:136914:91939	CCCc1nn(CCC(C)(C)C)cc1NC1CCN(C)C1(C)C	0.037125
rxn:2:105514:141943	CCC(NC1(Cc2cc(C)c(OC)cc2C)CC1)C1CSC1	0.037123
rxn:2:65970:113125	CCN1CCCc2cc(NC3CCCc4c3c(C)cn4C)ccc21	0.037120
rxn:2:65970:117063	CCN1CCCc2cc(NC3CCCc4cc(C)n(C)c43)ccc21	0.037120
rxn:2:114350:134526	CC(NC1(C2CCOC(C)(C)C2)CC1)c1cc2c([nH]c1=O)CCC2	0.037119
rxn:2:79495:120334	CCc1ncc(C(C)NCCC2CC2c2cn(C)cn2)c(C)n1	0.037117
rxn:2:100124:115775	CC(CCCC1CC1)Nc1ccc(-c2ccccn2)[nH]c1=O	0.037116
rxn:2:76019:115775	CC(CCCC1CC1)Nc1nc(-c2ccccc2)cc(=O)[nH]1	0.037116
rxn:2:103395:115775	CC(CCCC1CC1)Nc1cc(-c2ccccn2)c[nH]c1=O	0.037116
rxn:2:128179:115775	CC(CCCC1CC1)Nc1cc(=O)[nH]c(-c2ccccc2)n1	0.037116
rxn:2:73373:115775	CC(CCCC1CC1)NCc1ncc(-c2ccccn2)[nH]1	0.037115
rxn:2:98416:115775	CC(CCCC1CC1)NCc1cc(-c2ccccn2)n[nH]1	0.037115
rxn:2:85420:89151	Cc1cnc(N2CCC(CNC3CCc4cc5c(cc43)OCC5)C2)o1	0.037114
rxn:2:67607:142960	Cc1ccc2cc3c(nc2c1)CCCC3Nc1ncsn1	0.037111
rxn:2:67607:163608	Cc1nc2ccccc2c2c1C(Nc1ncsn1)CCC2	0.037111
rxn:2:67607:156156	Cc1c2c(nc3ccccc13)CCCC2Nc1ncsn1	0.037111
rxn:2:102385:91066	c1ccc(-c2cncc(NC3COc4ccsc43)c2)cc1	0.037106
rxn:2:79495:136796	COc1cc(C)c(C(C)NCCC2CC2c2cn(C)cn2)cn1	0.037106
rxn:2:79495:75559	COc1cnc(C)c(C(C)NCCC2CC2c2cn(C)cn2)c1	0.037106
rxn:2:79495:73791	COc1ccc(C(C)NCCC2CC2c2cn(C)cn2)c(C)n1	0.037106
rxn:2:79495:91214	COc1ncc(C)cc1C(C)NCCC1CC1c1cn(C)cn1	0.037106
rxn:2:138600:83189	CCC1(NC2CCCCc3c(C)cccc32)CC(F)(F)C1	0.037102
rxn:2:66656:86875	COc1cccc(C(C)N[C@H]2C[C@H](Cn3cccn3)C2)c1OC	0.037088
rxn:2:136287:111998	CCC(CNC1CCCc2c1ccc(C)c2C)c1ccccn1	0.037087
rxn:2:139592:106048	CCN1CCc2nc(NC(C)c3cnc(C(C)C)nc3C)sc2C1	0.037086
rxn:2:99135:80762	Cc1ccc2c(c1)C(C)CCC2NCc1c(S(C)(=N)=O)cnn1C	0.037084
rxn:2:125607:132476	Cc1cc(C(C)Nc2c(C3CC3)c(C)nn2C2CC2)sc1C	0.037082
rxn:2:66976:142668	COc1cccc(-c2ccc(C(C)Nc3ncon3)s2)n1	0.037078
rxn:2:116614:140702	CC(C)(C)C(CC1CCOCC1)Nc1cccn([C@H]2C[C@H]2F)c1=O	0.037077
rxn:2:123602:112899	Cc1noc(C2OCCC2CNC2CCc3c2ccc2c3CCC2)n1	0.037065
rxn:2:87810:105732	CC1(C)CCN(c2cccc(CNC3C[C@H]4CCC[C@H]4C3)n2)CC1	0.037062
rxn:2:138600:140542	CCC1(NC2CCc3c2cccc3C(C)(C)C)CC(F)(F)C1	0.037051
rxn:2:73571:118131	Cc1cnc(C2CC(Nc3c(C)nn(CCC4CC4)c3C)C2)s1	0.037051
rxn:2:68182:136136	CC(C)CN1CC[C@@H](NC(Cn2cncn2)c2ccccc2)C1	0.037048
rxn:2:68182:93716	Cc1nnc(-c2ccc(C(C)N[C@@H]3CCN(CC(C)C)C3)s2)[nH]1	0.037046
rxn:2:112333:98558	O=c1nc(CNC2CCC3(CCCC3)c3ccccc32)[nH][nH]1	0.037045
rxn:2:122993:130954	Cc1ccc(C)c(-c2cn[nH]c2NC2CCC3(CC2)CSC3)c1	0.037044
rxn:2:101062:130954	Cc1ccc(-c2[nH]ncc2NC2CCC3(CC2)CSC3)c(C)c1	0.037044
rxn:2:116417:66368	CCCN1Cc2ccc(NC3CCCc4c3ccc(=O)n4C)cc2C1	0.037044
rxn:2:121310:126794	CC(NC1CN(Cc2ccsc2)C1)c1cccc(C2(F)CC2)c1	0.037044
rxn:2:67607:142460	Cc1[nH]cnc1-c1ccc2c(c1)C(Nc1ncsn1)CC2	0.037042
rxn:2:65970:101298	CCC(C)C1CCC(Nc2ccc3c(c2)CCCN3CC)C1	0.037041
rxn:2:67357:113009	c1ccc2c(c1)OCCC2NC1CC2CCC(C1)C21SCCS1	0.037038
rxn:2:90230:82225	Cc1ncc(C)c(NC(C)c2csc(CN3CCCC(C)C3)n2)n1	0.037038
rxn:2:73623:82225	Cc1ncc(NC(C)c2csc(CN3CCCC(C)C3)n2)c(C)n1	0.037038
rxn:2:93064:66368	Cc1cc(NC2CCCc3c2ccc(=O)n3C)ccc1N1CCCC1	0.037037
rxn:2:70538:66368	Cc1ccc(NC2CCCc3c2ccc(=O)n3C)cc1N1CCCC1	0.037037
rxn:2:136496:93140	CC(NCc1cnn(C)c(=O)c1)c1ccccc1SC(C)(C)C	0.037030
rxn:2:96819:80762	CCC(C)n1cc(CNC2CCC(C)c3cc(C)ccc32)cn1	0.037028
rxn:2:67607:164796	COc1ccc(C)c2c3c([nH]c12)CCC3Nc1ncsn1	0.037027
rxn:2:126361:91066	CCc1ccc2ncc(NC3COc4ccsc43)cc2c1	0.037017
rxn:2:67766:91066	CCc1ccc2cnc(NC3COc4ccsc43)cc2c1	0.037017
rxn:2:68559:95689	CCCSc1ccc(NC(C)CCC2CCCO2)nn1	0.037016
rxn:2:79922:141943	CCC(Nc1nc(SC)nc(-c2ccccn2)n1)C1CSC1	0.037015
rxn:2:76062:72770	CC(CCc1ccsc1)Nc1nnc(-c2cncs2)s1	0.037013
rxn:2:86193:91066	c1cc2c(s1)C(Nc1cnc3[nH]nc(C4CC4)c3c1)CO2	0.037011
rxn:2:133039:91066	c1cc2c(s1)C(Nc1cnc3[nH]c(C4CC4)nc3c1)CO2	0.037011
rxn:2:67607:153074	CCc1cccc2c3c([nH]c12)CCC(Nc1ncsn1)C3	0.037011
rxn:2:130329:66368	CCCN1CCc2ccc(NC3CCCc4c3ccc(=O)n4C)cc21	0.037010
rxn:2:105315:114010	Cc1nc2cccnn2c1NC(C)CCc1ccncn1	0.037006
rxn:2:146462:141943	CCC(Nc1c(C)nn(Cc2ccccc2C)c1C)C1CSC1	0.037006
rxn:2:140730:129275	FC1(F)CCC2(CC1)CC(Nc1ccnc3ccsc13)CCO2	0.037000
rxn:2:67607:102790	Cc1ccc(C(Nc2ncsn2)c2ccc(C)cc2)cc1	0.037000
rxn:2:105315:66844	CCCCN1CCC(C(CC)Nc2c(C)nc3cccnn23)C1	0.036995
rxn:2:99134:68388	CCc1cncc(NC2c3sccc3-c3ccsc32)c1	0.036991
rxn:2:99134:118585	CCc1cncc(NC2c3ccsc3-c3sccc32)c1	0.036991
rxn:2:99134:120297	CCc1cncc(NC2c3ccsc3-c3ccsc32)c1	0.036991
rxn:2:99134:125483	CCc1cncc(NC2c3cscc3-c3ccsc32)c1	0.036991
rxn:2:104431:130954	CC(C)c1nc(-c2cn[nH]c2NC2CCC3(CC2)CSC3)n(C)n1	0.036978
rxn:2:86250:93200	COc1ccc2nc(NC(C)c3cc[nH]c(=O)c3)sc2c1	0.036976
rxn:2:128477:93200	COc1ccc2sc(NC(C)c3cc[nH]c(=O)c3)nc2c1	0.036976
rxn:2:73307:93200	COc1nc2ccc(NC(C)c3cc[nH]c(=O)c3)cc2s1	0.036976
rxn:2:76531:93200	COc1ccc2c(NC(C)c3cc[nH]c(=O)c3)nsc2c1	0.036976
rxn:2:105723:93200	COc1ccc2snc(NC(C)c3cc[nH]c(=O)c3)c2c1	0.036976
rxn:2:115625:105732	CSc1cnn(-c2ccncc2C)c1NC1C[C@H]2CCC[C@H]2C1	0.036974
rxn:2:139469:138146	CCC(Cc1cccnc1)NC1C(c2ccc(C)cc2)C1(C)C	0.036958
rxn:2:75400:92418	CCOc1cc(N2CCC(NC3CCCc4snnc43)C2)ncn1	0.036950
rxn:2:117782:93200	Cc1nc(N2CCCCC2)ccc1CNC(C)c1cc[nH]c(=O)c1	0.036948
rxn:2:100202:105764	CCCCC1CC(NC(c2ncon2)C(CC)CC)C1	0.036946
rxn:2:163011:70439	Cc1cc2c(N3CCC(NC4CC5OC(C4)C4CC54)C3)nccn2n1	0.036946
rxn:2:82126:132675	CCn1ncc(C(Nc2cncc(C(C)(F)F)c2)C(C)C)c1C	0.036938
rxn:2:97885:92778	CCn1cc(CC(N[C@H]2[C@@H]3CC[C@H]2COC3)c2cccnc2)cn1	0.036933
rxn:2:124213:138214	CC(C)c1cccc2c1CCC2NCCC1CCOC2(COC2)C1	0.036933
rxn:2:97885:102888	CC(CCc1cnn(-c2ccccc2)c1)N[C@H]1[C@@H]2CC[C@H]1COC2	0.036928
rxn:2:97885:136088	CC(CCc1ccc(-n2cccn2)cc1)N[C@H]1[C@@H]2CC[C@H]1COC2	0.036928
rxn:2:74325:102888	CC(CCc1cnn(-c2ccccc2)c1)N[C@@H]1[C@@H]2CC[C@H]1COC2	0.036928
rxn:2:74325:136088	CC(CCc1ccc(-n2cccn2)cc1)N[C@@H]1[C@@H]2CC[C@H]1COC2	0.036928
rxn:2:66656:116539	CCOc1ccc2c(c1)COCC2N[C@H]1C[C@H](Cn2cccn2)C1	0.036922
rxn:2:114677:74191	COc1ccnc(C(Nc2cn[nH]c2C2CC(C)C2)C2CC2)c1	0.036920
rxn:2:110514:91939	CCCc1nn(-c2ccncc2)cc1CNC1CCN(C)C1(C)C	0.036920
rxn:2:121128:91939	CCCc1nn(-c2cccnc2)cc1CNC1CCN(C)C1(C)C	0.036920
rxn:2:109495:91021	CCCCC(NCc1c2c(nn1C)COCC2)c1cnccn1	0.036919
rxn:2:139592:100976	CCN1CCc2nc(NC3CC4CCC(C3)N4CC3CC3)sc2C1	0.036915
rxn:2:109425:130954	c1c(NC2CCC3(CC2)CSC3)c(C2CC2)nn1C1CCOCC1	0.036911
rxn:2:79495:140270	COc1ccc(C(C)NCCC2CC2c2cn(C)cn2)c(C)c1	0.036911
rxn:2:84173:120210	Cc1nc2ccccn2c1NC(CCN1CCCCC1)C(C)(C)C	0.036904
rxn:2:96303:152898	c1ccc2cc3c(cc2c1)CCC(NC1CC2(CCCCO2)C1)C3	0.036901
rxn:2:124127:87143	COc1ncccc1CC1(NC(C)CCc2cnsc2)CC1	0.036900
rxn:2:66656:140140	CC1(C)CC(N[C@H]2C[C@H](Cn3cccn3)C2)CN1Cc1ccco1	0.036899
rxn:2:73882:117115	Cc1ccc2c(c1C)CCC2Nc1cccn([C@H]2CCCOC2)c1=O	0.036896
rxn:2:68182:107408	CC(C)CN1CC[C@@H](NC(C)c2ccc(-c3ccsc3)s2)C1	0.036888
rxn:2:68182:122855	CC(C)CN1CC[C@@H](NC(C)c2ccc(-c3cccs3)s2)C1	0.036888
rxn:2:105888:87143	CC(CCc1cnsc1)Nc1cc(-c2cccs2)no1	0.036886
rxn:2:138600:161499	CCC1(NC2CCc3c(-c4ccco4)cccc32)CC(F)(F)C1	0.036882
rxn:2:138600:149553	CCC1(NC2CCc3c(-c4ccoc4)cccc32)CC(F)(F)C1	0.036882
rxn:2:136496:81084	CCOc1cc(C)c(C(C)NCc2cnn(C)c(=O)c2)c(C)c1C	0.036880
rxn:2:75400:70439	CCOc1cc(N2CCC(NC3CC4OC(C3)C3CC43)C2)ncn1	0.036877
rxn:2:131634:66368	COc1c(C)cc([C@@H](C)NC2CCCc3c2ccc(=O)n3C)cc1C	0.036877
rxn:2:137469:103571	COc1ccc(C2CC2NC(C)c2cc3c(s2)CCCC3)cc1	0.036871
rxn:2:93519:144575	COc1csc(-c2ccccc2C(C)NC2C(F)CC3CC32)c1	0.036863
rxn:2:81887:131051	CCc1c(NC2CC(C)(C)C[C@@H]2C)nc(N2CCOCC2)[nH]c1=O	0.036863
rxn:2:138600:126938	CCC1(NC2CCC(Cc3ccccc3)CC2)CC(F)(F)C1	0.036856
rxn:2:81223:141943	CCc1ccc(-c2nc(NC(CC)C3CSC3)sc2C)s1	0.036847
rxn:2:81263:104568	CSCc1cncc(NC2CC3CCCC(C2)N3CC2CC2)c1	0.036841
rxn:2:94840:109246	CCC(CC)C(NC(CC)C1(F)CC1)c1cccs1	0.036840
rxn:2:75765:81068	Cc1cc(NC(C)c2ccc(=O)[nH]n2)cc2cccnc12	0.036839
rxn:2:109085:137914	CSCCC1CC(NC2CCC(N3CCOCC3C)CC2)C1	0.036833
rxn:2:115002:105732	CCc1ccccc1C(C)n1ncnc1NC1C[C@H]2CCC[C@H]2C1	0.036828
rxn:2:134165:91066	c1c[nH]c(Cc2cncc(NC3COc4ccsc43)c2)c1	0.036820
rxn:2:66656:127182	COCc1ccc2c(c1)CCCC2N[C@H]1C[C@H](Cn2cccn2)C1	0.036820
rxn:2:102092:76082	COc1cc(NC(C)c2cccc(C)c2C)ccc1CN(C)C	0.036818
rxn:2:105315:79721	CCC(Nc1c(C)nc2cccnn12)C1CCN(CC2CC2)CC1	0.036817
rxn:2:105315:93421	CCC(Nc1c(C)nc2cccnn12)C1CCCN(CC2CC2)C1	0.036817
rxn:2:135338:131391	CCCC(CC1CCCCC1)Nc1cnnc(SC)c1	0.036810
rxn:2:65970:99881	CCN1CCCc2cc(NC3C[C@H](C)c4ccccc43)ccc21	0.036801
rxn:2:136231:92418	COCc1cc(N2CCC(NC3CCCc4snnc43)C2)ncn1	0.036799
rxn:2:82126:120172	Cc1cc(C)c2c(c1)CC(C)C2Nc1cncc(C(C)(F)F)c1	0.036791
rxn:2:83737:87143	CC(CCc1cnsc1)NC1CN(c2cc(C3CC3)ncn2)C1	0.036787
rxn:2:93079:104165	CCC(C)C(C)N1C2CCCC1CC(NCc1nc(C)n[nH]1)C2	0.036785
rxn:2:135338:91460	CSc1cc(NC2CC3CCCC(C2)N3C2CCCC2)cnn1	0.036779
rxn:2:135338:132479	CSc1cc(NC2CC3CCC(C2)N3C2CCCCC2)cnn1	0.036779
rxn:2:141811:87143	CC(CCc1cnsc1)Nc1nonc1-c1ncon1	0.036777
rxn:2:86176:138146	CCC(Cc1cccnc1)Nc1cncnc1OC1CCCC1	0.036772
rxn:2:75765:128188	Cc1cc(NC(C)c2ccc[nH]c2=O)cc2cccnc12	0.036770
rxn:2:70395:70439	CC(C)Cn1cnc(CC(C)(C)C)c1NC1CC2OC(C1)C1CC21	0.036770
rxn:2:84920:115775	Cc1nc(C(NC(C)CCCC2CC2)C(C)C)cc(=O)[nH]1	0.036767
rxn:2:68559:121644	CCCSc1ccc(NC(C)CCOC(C)(C)C)nn1	0.036765
rxn:2:135338:127675	COc1ccc2c(c1OC)CC(C)C2Nc1cnnc(SC)c1	0.036764
rxn:2:112040:101661	c1cnc(-c2nsc(NC3CCCC(C4CCCCC4)C3)n2)cn1	0.036764
rxn:2:147500:87032	COC1CC(NC(C)c2cnn(Cc3ccc4c(c3)OCO4)c2)C1	0.036761
rxn:2:134248:103705	CCc1cccc2c1CCCC2Nc1cnc(OC2CCC2)nc1	0.036761
rxn:2:69832:94554	COc1ccc(C2CC(NCCc3ccc4c(c3)OCO4)C2)cc1	0.036760
rxn:2:74325:144458	c1ccc(-c2nc(C(N[C@@H]3[C@@H]4CC[C@H]3COC4)C3CC3)cs2)cc1	0.036757
rxn:2:143545:141943	CCC(NCc1c(N(C)C2CC2)nc2ccccn12)C1CSC1	0.036745
rxn:2:76776:92868	c1cc2ccc1CCCCCC(NC1CC1C1CCOC1)CCC2	0.036741
rxn:2:68182:117529	Cc1[nH]cnc1-c1ccc(C(C)N[C@@H]2CCN(CC(C)C)C2)s1	0.036732
rxn:2:68182:114774	Cc1[nH]ncc1-c1ccc(C(C)N[C@@H]2CCN(CC(C)C)C2)s1	0.036732
rxn:2:89561:138146	CCc1nn(CC2CC2)cc1NC(CC)Cc1cccnc1	0.036731
rxn:2:116017:87143	CC(C)Cc1nnc(C2(NC(C)CCc3cnsc3)CC2)o1	0.036731
rxn:2:76492:87143	CC(CCc1cnsc1)Nc1cc(C(C)(C)C)nc(C2CC2)n1	0.036717
rxn:2:129109:125732	CCC(NC1CC1c1ccnn1CC)c1cc(C)cc(OC)c1	0.036715
rxn:2:98646:74191	COc1ccnc(C(NC2CCSC3(CCOCC3)C2)C2CC2)c1	0.036708
rxn:2:121115:93200	COc1ccc2cc(NC(C)c3cc[nH]c(=O)c3)sc2c1	0.036708
rxn:2:88212:93200	COc1ccc2sc(NC(C)c3cc[nH]c(=O)c3)cc2c1	0.036708
rxn:2:92628:93200	COc1ccc2c(NC(C)c3cc[nH]c(=O)c3)csc2c1	0.036708
rxn:2:135338:139730	CCCCN1C2CCCC1CC(Nc1cnnc(SC)c1)C2	0.036707
rxn:2:74353:115775	CC(CCCC1CC1)NC(C)c1nc(C(C)(C)C)cc(=O)[nH]1	0.036706
rxn:2:103835:132476	CCn1nc(C)c(C2CCC2)c1NC(C)c1cc(C)c(C)s1	0.036700
rxn:2:97174:111979	CCC(Nn1sc2ccccc2c1=O)C12CC3CC(CC(C3)C1)C2	0.036699
rxn:2:66656:127153	CC(C)c1ccc2c(c1)C(N[C@H]1C[C@H](Cn3cccn3)C1)CCC2	0.036693
rxn:2:76776:74665	CC(CCc1ccc(C(C)(C)C)cc1)NC1CC1C1CCOC1	0.036692
rxn:2:90839:67395	Cc1cccc(C(C)(C)CNC2CC(c3nc(C4CC4)no3)C2)n1	0.036686
rxn:2:116614:133044	COc1cnc(C(C)Nc2cccn([C@H]3C[C@H]3F)c2=O)c(OC)c1	0.036683
rxn:2:135338:104534	CSc1cc(NC(c2c(C)cccc2C)C2(C)CC2)cnn1	0.036682
rxn:2:132418:129023	Cc1c[nH]c2ncnc(NC(C)c3ccc4c(c3)CC4)c12	0.036676
rxn:2:90318:91021	CCCCC(Nc1cc(CC2CC2)ncn1)c1cnccn1	0.036672
rxn:2:97174:88797	COc1cccc2c1C(Nn1sc3ccccc3c1=O)CC2	0.036670
rxn:2:74659:90296	CSc1cc(SC)nc(NC2CC(C3CC3)C2)n1	0.036670
rxn:2:89756:93200	COc1ccc2noc(NC(C)c3cc[nH]c(=O)c3)c2c1	0.036669
rxn:2:98248:93200	COc1ccc2oc(NC(C)c3cc[nH]c(=O)c3)nc2c1	0.036669
rxn:2:119264:93200	COc1ccc2onc(NC(C)c3cc[nH]c(=O)c3)c2c1	0.036669
rxn:2:125026:93200	COc1ccc2nc(NC(C)c3cc[nH]c(=O)c3)oc2c1	0.036669
rxn:2:78798:93200	COc1ccc2c(NC(C)c3cc[nH]c(=O)c3)noc2c1	0.036669
rxn:2:117235:125732	CCC(Nc1cc(C(C)C)ccn1)c1cc(C)cc(OC)c1	0.036667
rxn:2:72207:115074	O=S1(=O)CCC(NC2CCN(c3ncnc4ccsc34)C2)C(F)C1	0.036664
rxn:2:122841:126895	CC1(Oc2ccc(NC(c3ccccc3)C3COC3)cc2)COC1	0.036659
rxn:2:84850:70439	c1nc(N2CCC(NC3CC4OC(C3)C3CC43)CC2)c2sccc2n1	0.036657
rxn:2:96459:70439	c1nc(N2CCC(NC3CC4OC(C3)C3CC43)CC2)c2ccsc2n1	0.036657
rxn:2:109080:70439	c1cnc2sc(N3CCC(NC4CC5OC(C4)C4CC54)CC3)nc2c1	0.036657
rxn:2:107274:70439	c1cnc2sc(N3CCCC(NC4CC5OC(C4)C4CC54)C3)nc2c1	0.036657
rxn:2:72207:113553	c1nc(N2CCC(NC3CC4C5CCC(O5)C4C3)C2)c2sccc2n1	0.036657
rxn:2:75765:71180	Cc1ccc(C(C)Nc2cc(C)c3ncccc3c2)nc1	0.036655
rxn:2:132418:114510	COc1cc(C(C)Nc2ncnc3[nH]cc(C)c23)ccn1	0.036652
rxn:2:132418:111773	COc1ccnc(C(C)Nc2ncnc3[nH]cc(C)c23)c1	0.036652
rxn:2:152500:115775	CC(CCCC1CC1)NC(C)c1cc2ccccc2[nH]c1=O	0.036652
rxn:2:134864:80152	CCc1ccc2c(c1)C(Nc1cncc3ncn(C)c13)CO2	0.036650
rxn:2:136231:70439	COCc1cc(N2CCC(NC3CC4OC(C3)C3CC43)C2)ncn1	0.036649
rxn:2:66656:101897	CCOc1ccc2c(c1)CCCC2N[C@H]1C[C@H](Cn2cccn2)C1	0.036644
rxn:2:66656:135185	CCOc1ccc2c(c1)C(N[C@H]1C[C@H](Cn3cccn3)C1)CCC2	0.036644
rxn:2:105315:114270	CCC(Nc1c(C)nc2cccnn12)C1CCN(CC(C)C)CC1	0.036643
rxn:2:105315:140271	CCC(Nc1c(C)nc2cccnn12)C1CCCN(CC(C)C)C1	0.036643
rxn:2:102258:71662	CC(NC1CC(n2cncn2)C1)c1ccnc2[nH]ccc12	0.036635
rxn:2:130357:94554	CCCn1cc(C(C)NC2CC(c3ccc(OC)cc3)C2)cn1	0.036627
rxn:2:79543:66368	CN1CCc2ccc(NC3CCCc4c3ccc(=O)n4C)cc2CC1	0.036619
rxn:2:133114:70439	c1cc2sccc2c(N2CCC(NC3CC4OC(C3)C3CC43)CC2)n1	0.036616
rxn:2:132418:80451	CCc1ccnc(C(C)Nc2ncnc3[nH]cc(C)c23)c1	0.036614
rxn:2:135338:106256	CSc1cc(NC(C)c2ccc(SC(C)C)cc2)cnn1	0.036606
rxn:2:93479:80762	Cc1ccc2c(c1)C(C)CCC2NCc1cnc2c(c1)CN(C)CC2	0.036597
rxn:2:112333:106423	COc1ccc(C(C)NCc2nc(=O)[nH][nH]2)cc1OC	0.036594
rxn:2:72786:68923	Cc1nc2c(NC(C)c3cc4c(s3)CCC4)ncnc2n1C	0.036591
rxn:2:144954:94654	c1nc(-n2ccc(NC3CC4(CCO4)C3)n2)c2sccc2n1	0.036591
rxn:2:146579:94654	c1nc(-n2cc(NC3CC4(CCO4)C3)cn2)c2sccc2n1	0.036591
rxn:2:135338:93972	CSc1cc(NC2CCC3CC(C(C)C)CCC3C2)cnn1	0.036589
rxn:2:118713:86661	COc1cc(NC2CCOC3(CC(C)C3)C2)ccc1-n1cnc(C)c1	0.036587
rxn:2:74172:70439	CC(C)(C)c1cc(N2CCC(NC3CC4OC(C3)C3CC43)C2)ncn1	0.036584
rxn:2:140274:70439	c1csc(-c2cc(N3CC(NC4CC5OC(C4)C4CC54)C3)ncn2)c1	0.036577
rxn:2:121310:104935	CC(NC1CN(Cc2ccsc2)C1)c1cccc(C(C)(F)F)c1	0.036576
rxn:2:84173:97388	Cc1cc(C)cc(C(C)Nc2c(C)nc3ccccn23)c1	0.036574
rxn:2:114207:74191	COc1ccnc(C(NC[C@H]2C[C@@H]2c2ccccc2)C2CC2)c1	0.036572
rxn:2:130466:74191	COc1ccnc(C(NC[C@@H]2C[C@H]2c2ccccc2)C2CC2)c1	0.036572
rxn:2:137750:74191	COc1ccnc(C(NCC2CC2c2ccccc2)C2CC2)c1	0.036572
rxn:2:121310:101715	CC(NC1CN(Cc2ccsc2)C1)c1cccc(S(C)(=N)=O)c1	0.036567
rxn:2:134864:70645	COc1ccc2c(c1)C(Nc1cncc3ncn(C)c13)CO2	0.036566
rxn:2:134000:138214	CCn1nc2c(c1NC1CCc3c(C(C)C)cccc31)C1CC1C2	0.036565
rxn:2:122841:109568	CSCC(Nc1ccc(OC2(C)COC2)cc1)c1cncnc1	0.036562
rxn:2:91905:93200	Cc1csc(-c2nonc2NC(C)c2cc[nH]c(=O)c2)n1	0.036558
rxn:2:132392:66368	CN1CCCc2ccc(NC3CCCc4c3ccc(=O)n4C)cc2C1	0.036557
rxn:2:81062:115775	CC(CCCC1CC1)NC(C)c1nc(-c2ccccn2)no1	0.036547
rxn:2:132418:96135	CCC(Nc1ncnc2[nH]cc(C)c12)c1ccnc(C)c1	0.036542
rxn:2:110935:91939	CC(CNC1CCN(C)C1(C)C)C(C1CCN(C)C1)N(C)C	0.036538
rxn:2:133272:72771	CC(C)CC1CC(NCc2ccnc(Cc3ccccc3)n2)C1	0.036537
rxn:2:121310:85669	CC(NC1CN(Cc2ccsc2)C1)c1cccc(CN(C)C)c1	0.036536
rxn:2:66656:133406	CSc1ccc2c(c1)CCCC2N[C@H]1C[C@H](Cn2cccn2)C1	0.036535
rxn:2:66656:125299	CSc1ccc2c(c1)C(N[C@H]1C[C@H](Cn3cccn3)C1)CCC2	0.036535
rxn:2:105315:120806	CCC(Nc1c(C)nc2cccnn12)C1CCN(C(C)CC)CC1	0.036532
rxn:2:67607:160228	c1cc(-c2ccc3c(c2)CCCC3Nc2ncsn2)c[nH]1	0.036532
rxn:2:67607:154327	c1ccc(-c2[nH]cc3c2CCCC3Nc2ncsn2)cc1	0.036532
rxn:2:124443:70439	c1nc2c(c(N3CCCC(NC4CC5OC(C4)C4CC54)C3)n1)CCC2	0.036521
rxn:2:140459:70439	c1nc2c(c(N3CCC(NC4CC5OC(C4)C4CC54)CC3)n1)CCC2	0.036521
rxn:2:104870:70439	c1nc2c(c(N3CCC(NC4CC5OC(C4)C4CC54)C3)n1)CCCC2	0.036521
rxn:2:77708:91066	COn1cnc(-c2ccccc2)c1NC1COc2ccsc21	0.036513
rxn:2:100556:76763	Cc1nn2ccccc2c1NC1CC(Oc2ccccn2)C1	0.036510
rxn:2:66976:123706	CCc1ccc(C(Nc2ncon2)c2ccc(C)s2)cc1	0.036509
rxn:2:131133:70439	c1nc(N2CCC(CNC3CC4OC(C3)C3CC43)C2)c2sccc2n1	0.036509
rxn:2:139592:100940	CCN1CCc2nc(NC(C)c3ccc(S(C)(=O)=O)cn3)sc2C1	0.036508
rxn:2:75088:89151	c1nnc(N2CCC(CNC3CCc4cc5c(cc43)OCC5)CC2)s1	0.036508
rxn:2:108877:80762	Cc1ccc2c(c1)C(C)CCC2NCc1cnn(C)c1N1CCCC1	0.036503
rxn:2:100556:66844	CCCCN1CCC(C(CC)Nc2c(C)nn3ccccc23)C1	0.036501
rxn:2:92374:66844	CCCCN1CCC(C(CC)Nc2cccc3nc(C)cn23)C1	0.036501
rxn:2:84173:66844	CCCCN1CCC(C(CC)Nc2c(C)nc3ccccn23)C1	0.036501
rxn:2:104244:70439	c1nc(C2CCC2)cc(N2CCC(NC3CC4OC(C3)C3CC43)C2)n1	0.036499
rxn:2:137713:70439	c1nc(C2CC2)cc(N2CCC(NC3CC4OC(C3)C3CC43)CC2)n1	0.036499
rxn:2:135398:70439	c1nc(C2CC2)cc(N2CCCC(NC3CC4OC(C3)C3CC43)C2)n1	0.036499
rxn:2:144663:91066	CCn1c(=O)cc(NC2COc3ccsc32)c2ccccc21	0.036496
rxn:2:152677:141943	CCC(Nn1ccc2nc3ccccn3c2c1=O)C1CSC1	0.036496
rxn:2:96303:133125	CCCC(NC1CC2(CCCCO2)C1)c1c[nH]c2ccccc12	0.036494
rxn:2:100202:87143	CCC(CC)C(NC(C)CCc1cnsc1)c1ncon1	0.036491
rxn:2:85807:76082	COc1cc(NC(C)c2cccc(C)c2C)ccc1SC	0.036488
rxn:2:102514:76082	COc1ccc(NC(C)c2cccc(C)c2C)cc1SC	0.036488
rxn:2:125069:91021	CCCCC(Nc1cc(CC(C)C)ncn1)c1cnccn1	0.036487
rxn:2:79293:82225	CC(C)C[C@H](C)NC(C)c1csc(CN2CCCC(C)C2)n1	0.036487
rxn:2:114503:126465	CCn1c(C)nnc1C1CCC(CNC(C)CC2COC2)CC1	0.036484
rxn:2:67607:160658	CCc1ccc2[nH]c3c(c2c1)CCCC3Nc1ncsn1	0.036478
rxn:2:118588:118131	Cc1cnc(C2CC(Nc3cncc(-n4cccn4)c3)C2)s1	0.036464
rxn:2:84375:91066	CCc1cncc(-n2ncnc2NC2COc3ccsc32)c1	0.036461
rxn:2:97885:128119	COc1cc(CCC(C)N[C@H]2[C@@H]3CC[C@H]2COC3)cc(OC)c1	0.036452
rxn:2:74325:128119	COc1cc(CCC(C)N[C@@H]2[C@@H]3CC[C@H]2COC3)cc(OC)c1	0.036452
rxn:2:97885:135051	COc1ccc(CCC(C)N[C@H]2[C@@H]3CC[C@H]2COC3)cc1OC	0.036452
rxn:2:74325:135051	COc1ccc(CCC(C)N[C@@H]2[C@@H]3CC[C@H]2COC3)cc1OC	0.036452
rxn:2:78746:141943	CCC(NC(CSC)Cc1cc(C)ccc1C)C1CSC1	0.036451
rxn:2:135338:92168	CSc1cc(NC(C)c2ccc3c(c2)OC(C)(C)CC3)cnn1	0.036450
rxn:2:105315:72445	COc1cc(C)nc(C(C)Nc2c(C)nc3cccnn23)c1	0.036448
rxn:2:104870:92418	c1nc2c(c(N3CCC(NC4CCCc5snnc54)C3)n1)CCCC2	0.036446
rxn:2:124443:92418	c1nc2c(c(N3CCCC(NC4CCCc5snnc54)C3)n1)CCC2	0.036446
rxn:2:140459:92418	c1nc2c(c(N3CCC(NC4CCCc5snnc54)CC3)n1)CCC2	0.036446
rxn:2:89143:141943	CCC(NCc1cc(C)nn1Cc1ccc(C)cc1)C1CSC1	0.036445
rxn:2:77318:74191	COc1ccnc(C(NCC2CCc3ccccc3C2)C2CC2)c1	0.036442
rxn:2:119683:74191	COc1ccnc(C(NC[C@H]2CCc3ccccc3C2)C2CC2)c1	0.036442
rxn:2:135338:127629	CSc1cc(NC2CCOc3ccc(OC(C)C)cc32)cnn1	0.036441
rxn:2:83001:91066	CCc1cncc(-n2cc(NC3COc4ccsc43)cn2)c1	0.036437
rxn:2:120614:91066	CCc1ccnn1-c1cncc(NC2COc3ccsc32)c1	0.036437
rxn:2:137826:91066	CCc1ccn(-c2cncc(NC3COc4ccsc43)c2)n1	0.036437
rxn:2:104498:70439	CCc1c(C)ncnc1N1CCCC(NC2CC3OC(C2)C2CC32)C1	0.036435
rxn:2:118564:87143	Cc1noc(CN2CCC(NC(C)CCc3cnsc3)CC2)n1	0.036435
rxn:2:67303:132476	CCCCc1ccc(CNC(C)c2cc(C)c(C)s2)c(=O)[nH]1	0.036432
rxn:2:132757:67395	CCC(C)N1CCC(CNC2CC(c3nc(C4CC4)no3)C2)C1	0.036416
rxn:2:101464:76082	COc1cc(NC(C)c2cccc(C)c2C)ccc1C1CC1	0.036415
rxn:2:94042:141943	CCC(Nc1c(C)nn(Cc2ccccc2)c1OC)C1CSC1	0.036410
rxn:2:114928:89989	Cc1csc(-c2nnc(NC3c4ccnn4CC3(C)C)o2)c1	0.036405
rxn:2:95535:72771	CC(C)CC1CC(NCC[C@@H]2CCc3ccc4c(c32)CCO4)C1	0.036400
rxn:2:66976:150735	Cc1cc(C(Cn2cncn2)Nc2ncon2)c(C)n1C	0.036399
rxn:2:74172:92418	CC(C)(C)c1cc(N2CCC(NC3CCCc4snnc43)C2)ncn1	0.036398
rxn:2:102258:131025	CC1CC(NC2CC(n3cncn3)C2)CN(Cc2ccccc2)C1C	0.036391
rxn:2:138600:162409	CCC1(NC2CCc3c(-c4cnoc4C)cccc32)CC(F)(F)C1	0.036391
rxn:2:105315:126872	CCC(Nc1c(C)nc2cccnn12)C1CCCCN1C(C)CC	0.036390
rxn:2:140730:66576	CCC1CCC2(CC1)CC(Nc1ccnc3ccsc13)CCO2	0.036385
rxn:2:104886:134526	CC(NC1CN(CC2CCCCC2)C1)c1cc2c([nH]c1=O)CCC2	0.036382
rxn:2:135459:91066	Cc1oc(-c2cccnc2)nc1CNC1COc2ccsc21	0.036379
rxn:2:136150:70439	COc1ccccc1C(NC1CC2OC(C1)C1CC21)c1ccccn1	0.036376
rxn:2:103192:112899	CC1(NC2CCc3c2ccc2c3CCC2)CCCCCC1	0.036376
rxn:2:105315:122190	Cc1nc2cccnn2c1NC(C)c1cnn2c1COCC2	0.036362
rxn:2:76776:70626	COCc1ccc(CCC(C)NC2CC2C2CCOC2)cc1	0.036362
rxn:2:76776:110439	COCc1cccc(CCC(C)NC2CC2C2CCOC2)c1	0.036362
rxn:2:124157:76082	COc1cc(NC(C)c2cccc(C)c2C)cn2ncnc12	0.036362
rxn:2:132530:80762	CCCCn1cc(CNC2CCC(C)c3cc(C)ccc32)cn1	0.036360
rxn:2:66227:66368	CN1CCCCc2cc(NC3CCCc4c3ccc(=O)n4C)ccc21	0.036353
rxn:2:137361:66368	CN1CCCCc2ccc(NC3CCCc4c3ccc(=O)n4C)cc21	0.036353
rxn:2:139557:141943	CCC(Nc1c(C)nn(C)c1OCc1ccccc1)C1CSC1	0.036349
rxn:2:99134:148629	CCc1cncc(NC2c3ccccc3CC2CCS(C)(=O)=O)c1	0.036348
rxn:2:129060:132476	Cc1cc(C(C)NCC(C)(C)CN2CCCCCC2)sc1C	0.036347
rxn:2:121310:75591	CC(NC1CN(Cc2ccsc2)C1)c1cccc(OC2CC2)c1	0.036347
rxn:2:114928:111591	Cc1csc(-c2nnc(NC3CC(C)(C)n4nccc43)o2)c1	0.036344
rxn:2:104244:92418	c1nc(C2CCC2)cc(N2CCC(NC3CCCc4snnc43)C2)n1	0.036343
rxn:2:92374:79721	CCC(Nc1cccc2nc(C)cn12)C1CCN(CC2CC2)CC1	0.036337
rxn:2:92374:93421	CCC(Nc1cccc2nc(C)cn12)C1CCCN(CC2CC2)C1	0.036337
rxn:2:100556:79721	CCC(Nc1c(C)nn2ccccc12)C1CCN(CC2CC2)CC1	0.036337
rxn:2:100556:93421	CCC(Nc1c(C)nn2ccccc12)C1CCCN(CC2CC2)C1	0.036337
rxn:2:84173:79721	CCC(Nc1c(C)nc2ccccn12)C1CCN(CC2CC2)CC1	0.036337
rxn:2:84173:93421	CCC(Nc1c(C)nc2ccccn12)C1CCCN(CC2CC2)C1	0.036337
rxn:2:67607:158464	Cc1cc(-c2cccc3c2CCC3Nc2ncsn2)cs1	0.036334
rxn:2:67607:165512	Cc1ccsc1-c1ccc2c(c1)CCC2Nc1ncsn1	0.036334
rxn:2:85270:141943	CCC(Nc1c(C)nn(C(C)c2ccccc2)c1C)C1CSC1	0.036326
rxn:2:110857:138146	CCC(Cc1cccnc1)NC1CC(C)(C)Cc2c1ccc(=O)n2C	0.036320
rxn:2:66976:165881	COc1cccc2c(=O)c(C(C)Nc3ncon3)c[nH]c12	0.036310
rxn:2:83470:92418	COc1ccc([C@@H](NC2CCCc3snnc32)C2CCCC2)cc1	0.036307
rxn:2:97885:118489	CC(CCc1nc(-c2ccncc2)cs1)N[C@H]1[C@@H]2CC[C@H]1COC2	0.036307
rxn:2:74325:118489	CC(CCc1nc(-c2ccncc2)cs1)N[C@@H]1[C@@H]2CC[C@H]1COC2	0.036307
rxn:2:89882:80762	Cc1ccc2c(c1)C(C)CCC2NCc1cncc(C(C)C)c1	0.036304
rxn:2:97174:74326	COc1cc(C(C)Nn2sc3ccccc3c2=O)ccc1C	0.036298
rxn:2:133482:71205	CCOc1ccc(NC(C)CCC2(C3CCC3)COC2)nn1	0.036298
rxn:2:124653:103705	CCc1cccc2c1CCCC2Nc1cnc2ccncn12	0.036296
rxn:2:109834:90296	CC(C)(CCc1ccc2ncccc2c1)NC1CC(C2CC2)C1	0.036288
rxn:2:92132:91021	CCCCC(Nc1cc(C(C)CC)nn1C)c1cnccn1	0.036288
rxn:2:131733:103571	CC(NCc1nc(=N)[nH][nH]1)c1cc2c(s1)CCCC2	0.036284
rxn:2:141982:125321	COc1cc(NC(C)c2ccnc(C(C)(C)F)c2)cc(C)c1C	0.036282
rxn:2:66656:116678	c1cnn(C[C@H]2C[C@H](NC3CCCc4cc5c(cc43)CCCC5)C2)c1	0.036280
rxn:2:76776:112142	CCOc1ccc(CCC(C)NC2CC2C2CCOC2)cc1	0.036273
rxn:2:102124:141943	CCC(NCC(C)c1noc(-c2cccc(C)c2)n1)C1CSC1	0.036270
rxn:2:81739:87143	COC1CCCC(n2ccc(NC(C)CCc3cnsc3)n2)C1	0.036265
rxn:2:104498:92418	CCc1c(C)ncnc1N1CCCC(NC2CCCc3snnc32)C1	0.036258
rxn:2:125910:91066	CC1CCC(c2cccc(NC3COc4ccsc43)c2)CC1	0.036250
rxn:2:85237:91066	CC1CCC(c2ccc(NC3COc4ccsc43)cc2)CC1	0.036250
rxn:2:84795:89151	CC(C)S(=O)(=O)c1nn(C)cc1NC1CCc2cc3c(cc21)OCC3	0.036248
rxn:2:70842:138146	CCC(Cc1cccnc1)NC1CC2CCC(C1)N2c1nccs1	0.036246
rxn:2:66656:129483	COc1cccc(C(N[C@H]2C[C@H](Cn3cccn3)C2)C(C)(C)C)c1	0.036244
rxn:2:70954:71823	Cc1ccc(C2C(NC(C)c3nc4c(s3)CCCC4)CCN2C)s1	0.036235
rxn:2:71225:76082	COc1cc(NC(C)c2cccc(C)c2C)ccc1S(=O)(=O)F	0.036223
rxn:2:76307:141943	CCC(NC(Cc1c(C)nc2ccccn12)C(C)C)C1CSC1	0.036220
rxn:2:133365:66800	Cc1c(NC(C)c2cccc(-c3ccsc3)c2)ncn1C	0.036219
rxn:2:109256:73581	CCN1CCCCC(NC(c2cccc(C3CC3)c2)C2CC2)C1	0.036216
rxn:2:132418:114486	Cc1ccc(C(C)Nc2ncnc3[nH]cc(C)c23)cc1C	0.036213
rxn:2:143841:141943	CCC(Nc1nn2cc(C)nc2c2ccccc12)C1CSC1	0.036209
rxn:2:112333:110519	COc1ccc(C(C)NCc2nc(=O)[nH][nH]2)cc1C(C)C	0.036209
rxn:2:105163:90296	COc1ccccc1C1(CNC2CC(C3CC3)C2)CC(C)(C)C1	0.036209
rxn:2:99374:80762	Cc1ccc2c(c1)C(C)CCC2NCCc1c(C(C)C)cnn1C	0.036203
rxn:2:82369:91066	CCn1nnnc1-c1cncc(NC2COc3ccsc32)c1	0.036197
rxn:2:91622:73581	COc1ccc(NC(c2cccc(C3CC3)c2)C2CC2)cc1	0.036195
rxn:2:112333:75435	Cc1cc(C(C)NCc2nc(=O)[nH][nH]2)ccc1OC(C)C	0.036193
rxn:2:74325:126733	CCSCC(N[C@@H]1[C@@H]2CC[C@H]1COC2)c1cc(C)c(C)cc1C	0.036193
rxn:2:70799:141943	CCC(Nc1nn(CCN(C)C)cc1C1CCC1)C1CSC1	0.036191
rxn:2:77427:92418	CCC(CNC1CCCc2snnc21)Cc1ccc2c(c1)CCO2	0.036186
rxn:2:147500:68678	CC(NC1C[C@@H]2COC[C@H]12)c1cnn(Cc2ccc3c(c2)OCO3)c1	0.036184
rxn:2:164228:70439	Cc1nnc2c(N3CCC(NC4CC5OC(C4)C4CC54)C3)nccn12	0.036183
rxn:2:146193:70439	Cc1cc(N2CCC(NC3CC4OC(C3)C3CC43)C2)n2ncnc2n1	0.036183
rxn:2:153872:70439	Cc1cn2nncc2c(N2CCC(NC3CC4OC(C3)C3CC43)C2)n1	0.036183
rxn:2:131324:67395	c1cc2sncc2nc1NC1CC(c2nc(C3CC3)no2)C1	0.036183
rxn:2:76776:166382	Cc1cc(-c2cccc(C(C)NC3CC3C3CCOC3)n2)c(C)s1	0.036182
rxn:2:67607:144754	Cc1ccc2c3c([nH]c2c1C)CC(Nc1ncsn1)CC3	0.036177
rxn:2:112668:119341	CC(NC12CC(c3nccs3)(C1)C2)c1cc2cnccc2o1	0.036173
rxn:2:93079:90451	COc1ccc2sc(C(C)NCc3nc(C)n[nH]3)cc2c1	0.036170
rxn:2:93079:100541	COc1ccc2cc(C(C)NCc3nc(C)n[nH]3)sc2c1	0.036170
rxn:2:132418:123166	Cc1nc2c(s1)C(Nc1ncnc3[nH]cc(C)c13)CCC2	0.036168
rxn:2:90440:111716	Cc1nsc2cc(NC(C)c3nc4c(s3)CCC4)ccc12	0.036166
rxn:2:113550:118131	Cc1cnc(C2CC(NC(c3cc(C)sc3C)C(C)C)C2)s1	0.036165
rxn:2:135338:74065	CCC(Nc1cnnc(SC)c1)C(CC)c1ccccc1	0.036164
rxn:2:122841:97808	Cc1cc(C(Nc2ccc(OC3(C)COC3)cc2)C2CC2)ccn1	0.036159
rxn:2:122841:134978	Cc1ccc(C(Nc2ccc(OC3(C)COC3)cc2)C2CC2)cn1	0.036159
rxn:2:126989:103571	Cc1n[nH]c([C@@H]2CC[C@H](CNC(C)c3cc4c(s3)CCCC4)O2)n1	0.036157
rxn:2:139592:122708	CCN1CCc2nc(NC(C)c3cc(OC(C)C)n(C)n3)sc2C1	0.036155
rxn:2:136496:126514	COc1cc2c(cc1OC)C(NCc1cnn(C)c(=O)c1)CCC2C	0.036145
rxn:2:105315:91024	COCCC(Nc1c(C)nc2cccnn12)c1cccs1	0.036139
rxn:2:102258:88136	CC(NC1CC(n2cncn2)C1)c1cncc(C2=NC(C)(C)CO2)c1	0.036138
rxn:2:67357:71029	CC(NC1CC2CCC(C1)C21SCCS1)c1n[nH]c2ccncc12	0.036133
rxn:2:134771:118131	COc1ccc(NC2CC(c3ncc(C)s3)C2)cc1S(=O)(=O)F	0.036127
rxn:2:139592:90855	CCN1CCc2nc(NC(C)c3ccc(OC4CC4)cn3)sc2C1	0.036127
rxn:2:97885:166879	Cc1[nH]c2ccc(CCC(C)N[C@H]3[C@@H]4CC[C@H]3COC4)cc2c1C	0.036126
rxn:2:74325:166879	Cc1[nH]c2ccc(CCC(C)N[C@@H]3[C@@H]4CC[C@H]3COC4)cc2c1C	0.036126
rxn:2:112333:98449	COc1ccc(C(NCc2nc(=O)[nH][nH]2)C(C)C)cc1C	0.036122
rxn:2:132365:118090	COCCn1sc(NC2CC(C3(C)CCC3)n3nccc32)nc1=O	0.036122
rxn:2:68182:121459	CC(C)CN1CC[C@@H](NC2CCN(Cc3ccco3)C(C)C2C)C1	0.036093
rxn:2:138600:146874	CCC1(NC2CCc3c(-c4ccc[nH]4)cccc32)CC(F)(F)C1	0.036087
rxn:2:138600:143770	CCC1(NC2CCc3c(-c4cc[nH]c4)cccc32)CC(F)(F)C1	0.036087
rxn:2:105594:91021	CCCCC(Nc1cc(C(C)CC)ncn1)c1cnccn1	0.036086
rxn:2:93079:112585	COc1cc(OC)c2c(c1)C(NCc1nc(C)n[nH]1)CCCC2	0.036082
rxn:2:98975:137914	CSCCC1CC(Nc2cc(C)nn2-c2ccc(C)cc2C)C1	0.036080
rxn:2:89220:91021	CCCCC(Nc1cc(CC(C)(C)C)ncn1)c1cnccn1	0.036074
rxn:2:124666:93200	CCN1CCN(c2ncc(NC(C)c3cc[nH]c(=O)c3)cn2)CC1	0.036069
rxn:2:122841:66097	CC1(Oc2ccc(NC3CCOC(c4cccnc4)C3)cc2)COC1	0.036059
rxn:2:97885:125510	CC(CCc1ccc(OC(C)C)cc1)N[C@H]1[C@@H]2CC[C@H]1COC2	0.036058
rxn:2:74325:125510	CC(CCc1ccc(OC(C)C)cc1)N[C@@H]1[C@@H]2CC[C@H]1COC2	0.036058
rxn:2:120194:67395	CC(C)(CNC1CC(c2nc(C3CC3)no2)C1)Cc1ccsc1	0.036053
rxn:2:135338:103431	CSc1cc(NC2CCC(C3CCC(C)CC3)CC2)cnn1	0.036041
rxn:2:135338:132745	CSc1cc(NC2CCC([C@H]3CC[C@H](C)CC3)CC2)cnn1	0.036041
rxn:2:135338:119217	CSc1cc(NC(C)CC(C)Sc2ccccc2)cnn1	0.036035
rxn:2:136496:94297	CC(NCc1cnn(C)c(=O)c1)c1cccc2cnn(C)c12	0.036033
rxn:2:76776:66592	CC(C)Cc1csc(CCC(C)NC2CC2C2CCOC2)n1	0.036028
rxn:2:114928:71365	CCC1CC(Nc2nnc(-c3cc(C)cs3)o2)c2ccnn21	0.036025
rxn:2:122841:116607	CC1(Oc2ccc(NC(c3cccnc3)C3CCC3)cc2)COC1	0.036022
rxn:2:122841:96598	CC1(Oc2ccc(NC(c3ccncc3)C3CCC3)cc2)COC1	0.036022
rxn:2:68182:94543	Cc1cnc(-c2ccc(C(C)N[C@@H]3CCN(CC(C)C)C3)s2)s1	0.036017
rxn:2:89417:94554	COc1ccc(C2CC(NC(C)c3cnn(C4CCC4)c3)C2)cc1	0.036015
rxn:2:67357:139934	c1ccc2c(c1)CCC(CNC1CC3CCC(C1)C31SCCS1)O2	0.036013
rxn:2:133728:118131	Cc1cnc(C2CC(Nc3ccc(-c4ncno4)cc3)C2)s1	0.036011
rxn:2:66976:90988	CCC(Nc1ncon1)c1ccc(-c2ccccc2)cc1	0.036008
rxn:2:121310:79725	CC(C)Oc1cccc(C(C)NC2CN(Cc3ccsc3)C2)c1	0.036002
rxn:2:65970:79065	CCN1CCCc2cc(NC3CCCCc4c3cnn4C)ccc21	0.036000
rxn:2:65970:127877	CCN1CCCc2cc(NC3CCCCc4nn(C)cc43)ccc21	0.036000
rxn:2:139592:79672	CCN1CCc2nc(NC3CCN(c4ccccc4C)CC3)sc2C1	0.035996
rxn:2:112333:72787	COc1ccc(C(NCc2nc(=O)[nH][nH]2)C2CCC2)cc1	0.035991
rxn:2:65970:104196	CCN1CCCc2cc(NC3CCCc4nc(OC)ccc43)ccc21	0.035990
rxn:2:93298:91021	CCCCC(NC(C)Cc1ccc(C)cc1)c1cnccn1	0.035990
rxn:2:73862:87143	CC(CCc1cnsc1)NCC(C)C1c2sccc2CC1C	0.035989
rxn:2:162802:70439	c1cnc2c(N3CCC(NC4CC5OC(C4)C4CC54)C3)ncnc2n1	0.035984
rxn:2:128771:78148	CCC1CCC(CC(C)Nc2cc(OC)ccc2C)CC1	0.035983
rxn:2:138600:143599	CCC1(NC2CCc3c(-c4ccncc4)cccc32)CC(F)(F)C1	0.035957
rxn:2:138600:145223	CCC1(NC2CCc3c(-c4cccnc4)cccc32)CC(F)(F)C1	0.035957
rxn:2:66976:126338	CN(C)CCC(Nc1ncon1)c1nc2ccccc2s1	0.035954
rxn:2:112333:74232	COc1ccc(C(C)NCc2nc(=O)[nH][nH]2)cc1C(C)(C)C	0.035954
rxn:2:68182:121446	Cc1ncc(-c2ccc(C(C)N[C@@H]3CCN(CC(C)C)C3)s2)cn1	0.035954
rxn:2:68182:160850	Cc1ccnc(-c2ccc(C(C)N[C@@H]3CCN(CC(C)C)C3)s2)n1	0.035954
rxn:2:68182:168163	Cc1cncnc1-c1ccc(C(C)N[C@@H]2CCN(CC(C)C)C2)s1	0.035954
rxn:2:68182:154742	Cc1cc(-c2ccc(C(C)N[C@@H]3CCN(CC(C)C)C3)s2)n(C)n1	0.035942
rxn:2:68182:152359	Cc1ncc(-c2ccc(C(C)N[C@@H]3CCN(CC(C)C)C3)s2)n1C	0.035942
rxn:2:79612:103571	Cc1n[nH]c(C2CCC(NC(C)c3cc4c(s3)CCCC4)CC2)n1	0.035936
rxn:2:122408:78603	CC1C(NCC(F)(F)CN2CCOCC2C)CC1c1ccccc1	0.035935
rxn:2:112333:136685	COc1ccc(C(NCc2nc(=O)[nH][nH]2)C2CC2)cc1C	0.035934
rxn:2:114893:98130	CC(C)Cn1nnnc1-c1ccnc(NC2CC[C@H]3CN(C)C[C@@H]23)c1	0.035932
rxn:2:100556:114270	CCC(Nc1c(C)nn2ccccc12)C1CCN(CC(C)C)CC1	0.035931
rxn:2:100556:140271	CCC(Nc1c(C)nn2ccccc12)C1CCCN(CC(C)C)C1	0.035931
rxn:2:92374:114270	CCC(Nc1cccc2nc(C)cn12)C1CCN(CC(C)C)CC1	0.035931
rxn:2:92374:140271	CCC(Nc1cccc2nc(C)cn12)C1CCCN(CC(C)C)C1	0.035931
rxn:2:84173:114270	CCC(Nc1c(C)nc2ccccn12)C1CCN(CC(C)C)CC1	0.035931
rxn:2:84173:140271	CCC(Nc1c(C)nc2ccccn12)C1CCCN(CC(C)C)C1	0.035931
rxn:2:117202:91066	Cc1cc(NC2COc3ccsc32)cc(C2CCCCC2)c1	0.035922
rxn:2:120396:91066	CCc1ccc(-n2cc(NC3COc4ccsc43)cn2)cc1	0.035912
rxn:2:66976:118489	CC(CCc1nc(-c2ccncc2)cs1)Nc1ncon1	0.035898
rxn:2:115821:71823	CC(Nc1ccc2sncc2c1)c1nc2c(s1)CCCC2	0.035896
rxn:2:133219:71823	CC(Nc1ccc2cnsc2c1)c1nc2c(s1)CCCC2	0.035896
rxn:2:69507:71823	CC(Nc1ccc2ncsc2c1)c1nc2c(s1)CCCC2	0.035896
rxn:2:109681:71823	CC(Nc1nsc2ccccc12)c1nc2c(s1)CCCC2	0.035896
rxn:2:111178:87143	COc1ccc(N2CCCC2)cc1NC(C)CCc1cnsc1	0.035892
rxn:2:96303:95405	CC(C)(C)c1ccc2c(c1)CCC(NC1CC3(CCCCO3)C1)C2	0.035888
rxn:2:104131:130954	Cc1ccc(N2CC(NC3CCC4(CC3)CSC4)CC2(C)C)cc1	0.035887
rxn:2:121310:78791	CC(NC1CN(Cc2ccsc2)C1)c1cccc(C2(C)CCO2)c1	0.035877
rxn:2:148403:105732	Cc1ccc(C)c(-c2nn(C)c(NC3C[C@H]4CCC[C@H]4C3)c2C)c1	0.035870
rxn:2:67607:102816	c1csc(C(CSc2nnc[nH]2)Nc2ncsn2)c1	0.035866
rxn:2:76062:127250	CC(Nc1nnc(-c2cncs2)s1)c1ccc2c(c1)OCC2	0.035858
rxn:2:66976:102888	CC(CCc1cnn(-c2ccccc2)c1)Nc1ncon1	0.035854
rxn:2:66976:136088	CC(CCc1ccc(-n2cccn2)cc1)Nc1ncon1	0.035854
rxn:2:89378:87143	CC(CCc1cnsc1)Nc1ccc(-c2ncon2)cc1	0.035851
rxn:2:74648:87143	CC(CCc1cnsc1)Nc1ccccc1-c1ncon1	0.035851
rxn:2:74754:87143	CC(CCc1cnsc1)Nc1cccc(-c2ncon2)c1	0.035851
rxn:2:132758:70439	c1nc(N2CCC[C@@H](NC3CC4OC(C3)C3CC43)C2)c2cc[nH]c2n1	0.035849
rxn:2:141024:70439	c1nc(N2CCC(NC3CC4OC(C3)C3CC43)CC2)c2cc[nH]c2n1	0.035849
rxn:2:114503:126386	CCn1c(C)nnc1C1CCC(CNC(C)CC2CCC2)CC1	0.035849
rxn:2:134864:139149	Cc1cc2c(cc1C)C(Nc1cncc3ncn(C)c13)CO2	0.035849
rxn:2:105315:135534	CCC(Nc1c(C)nc2cccnn12)C1CCN(C2CCCC2)CC1	0.035849
rxn:2:105315:99191	CCC(Nc1c(C)nc2cccnn12)C1CCN(C2CCCCC2)C1	0.035849
rxn:2:105315:125496	CCC(Nc1c(C)nc2cccnn12)C1CCCN(C2CCCC2)C1	0.035849
rxn:2:112333:105546	CC(NCc1nc(=O)[nH][nH]1)c1cnc2sccn12	0.035848
rxn:2:81620:132476	Cc1cc(C(C)Nc2c(C3CC3)c(C)nn2C(C)C)sc1C	0.035848
rxn:2:87430:78148	CCC1CCC(CC(C)NCC2CCN(CC)CC2)CC1	0.035845
rxn:2:112668:138370	COc1cc(C(C)NC23CC(c4nccs4)(C2)C3)c(OC)cc1C	0.035844
rxn:2:112668:83669	COc1ccc(C)c(OC)c1C(C)NC12CC(c3nccs3)(C1)C2	0.035844
rxn:2:112668:122335	COc1cc(C)c(C(C)NC23CC(c4nccs4)(C2)C3)cc1OC	0.035844
rxn:2:97174:108242	CC1(C)CC(Nn2sc3ccccc3c2=O)c2cccnc21	0.035844
rxn:2:69823:80762	Cc1ccc2c(c1)C(C)CCC2NCc1cnn(CC(C)(C)C)c1	0.035843
rxn:2:122841:123659	CC(Nc1ccc(OC2(C)COC2)cc1)c1cncc(C2CC2)c1	0.035840
rxn:2:122841:141558	CC(Nc1ccc(OC2(C)COC2)cc1)c1cc(C2CC2)ccn1	0.035840
rxn:2:139592:141131	CCN1CCc2nc(NC(C)c3ccc(OC(C)C)cn3)sc2C1	0.035840
rxn:2:139592:111207	CCN1CCc2nc(NC(C)c3ccc(OC(C)C)nc3)sc2C1	0.035840
rxn:2:139592:141862	CCN1CCc2nc(NC(C)c3cnccc3OC(C)C)sc2C1	0.035840
rxn:2:139592:126286	CCN1CCc2nc(NC(C)c3ccnc(OC(C)C)c3)sc2C1	0.035840
rxn:2:139592:94450	CCN1CCc2nc(NC(C)c3cccnc3OC(C)C)sc2C1	0.035840
rxn:2:139592:92702	CCN1CCc2nc(NC3CCOc4nc(C(C)C)ccc43)sc2C1	0.035837
rxn:2:121310:86748	CC(NC1CN(Cc2ccsc2)C1)c1cccc(N2CCCC2)c1	0.035833
rxn:2:144340:71485	CC(CCC1CC1)NC(C)c1cc(=O)[nH]c(-c2ccccn2)n1	0.035829
rxn:2:144340:125273	CCC(CC1CC1)NC(C)c1cc(=O)[nH]c(-c2ccccn2)n1	0.035829
rxn:2:122841:121754	Cc1ccc2c(c1C)OCCC2Nc1ccc(OC2(C)COC2)cc1	0.035828
rxn:2:133050:141943	CCC(Nc1cccc(CN2CCN(CC)CC2)c1)C1CSC1	0.035827
rxn:2:96303:158211	c1cc(-c2ccc3c(c2)CCC(NC2CC4(CCCCO4)C2)C3)co1	0.035824
rxn:2:135338:105672	COCc1cc(C(C)Nc2cnnc(SC)c2)ccc1OC	0.035819
rxn:2:66656:86726	CCCc1ccc2c(c1)CCCC2N[C@H]1C[C@H](Cn2cccn2)C1	0.035817
rxn:2:66656:87340	CCCc1ccc2c(c1)C(N[C@H]1C[C@H](Cn3cccn3)C1)CCC2	0.035817
rxn:2:79954:130954	COc1ccc(-c2cn[nH]c2NC2CCC3(CC2)CSC3)cc1C	0.035797
rxn:2:68423:130954	COc1cc(-c2cn[nH]c2NC2CCC3(CC2)CSC3)ccc1C	0.035797
rxn:2:135338:80829	CSc1cc(NC2CC3CCCC(C2)N3C(C)C(C)C)cnn1	0.035787
rxn:2:109125:87143	COc1ccc([C@H](NC(C)CCc2cnsc2)C(C)(C)C)cn1	0.035777
rxn:2:106074:138146	CCC(Cc1cccnc1)NCCc1c(C2CC2)n[nH]c1C	0.035770
rxn:2:132886:89151	c1nc(N2CCC(CNC3CCc4cc5c(cc43)OCC5)CC2)n[nH]1	0.035767
rxn:2:66976:166879	Cc1[nH]c2ccc(CCC(C)Nc3ncon3)cc2c1C	0.035757
rxn:2:134864:127307	CCCn1nc(C)cc1C(C)Nc1cncc2ncn(C)c12	0.035735
rxn:2:90911:78603	CCc1n[nH]c(=O)c(CNC2CC(c3ccccc3)C2C)c1CC	0.035727
rxn:2:82941:103571	Cc1cc(C)c2c(c1)CC(NC(C)c1cc3c(s1)CCCC3)CO2	0.035722
rxn:2:75765:74638	COc1ccc(C(C)Nc2cc(C)c3ncccc3c2)nc1	0.035715
rxn:2:111637:141943	CCC(Nc1c(C)nn(CCc2ccccc2)c1C)C1CSC1	0.035710
rxn:2:92666:140522	CCCOc1c(NC2CCC(CCC)C2)cnn1C(C)(C)C	0.035708
rxn:2:68882:103705	CCc1cccc2c1CCCC2NCc1cn2ccsc2n1	0.035679
rxn:2:113390:70439	CCC(C)c1cc(N2CCC(NC3CC4OC(C3)C3CC43)C2)ncn1	0.035662
rxn:2:88618:94554	COc1ccc(C2CC(N[C@H](C)c3ccc4c(c3)OCCO4)C2)cc1	0.035660
rxn:2:108928:94554	COc1ccc(C2CC(N[C@@H](C)c3ccc4c(c3)OCCO4)C2)cc1	0.035660
rxn:2:127167:94554	COc1ccc(C2CC(NC(C)c3ccc4c(c3)OCCO4)C2)cc1	0.035660
rxn:2:66656:145700	CS(=O)(=O)c1ccc2c(c1)CCCC2N[C@H]1C[C@H](Cn2cccn2)C1	0.035660
rxn:2:100556:120806	CCC(Nc1c(C)nn2ccccc12)C1CCN(C(C)CC)CC1	0.035657
rxn:2:92374:120806	CCC(Nc1cccc2nc(C)cn12)C1CCN(C(C)CC)CC1	0.035657
rxn:2:84173:120806	CCC(Nc1c(C)nc2ccccn12)C1CCN(C(C)CC)CC1	0.035657
rxn:2:122841:139836	CC1(Oc2ccc(NC(c3ccsc3)C3CCC3)cc2)COC1	0.035652
rxn:2:138407:91066	COc1cc(NC2COc3ccsc32)cc(C2CCCCC2)c1	0.035649
rxn:2:68182:77974	CC(C)CN1CC[C@@H](NC(C)c2ccc(-c3ccccc3)s2)C1	0.035630
rxn:2:121271:103705	CCc1cccc2c1CCCC2NCC1CC2(C1)CC(F)(F)C2	0.035627
rxn:2:139025:91021	CCCCC(Nc1cc(CC(C)C)ccn1)c1cnccn1	0.035627
rxn:2:100933:70439	CC(C)Cc1cc(N2CCC(NC3CC4OC(C3)C3CC43)C2)ncn1	0.035618
rxn:2:112668:121837	COc1ccccc1C(NC12CC(c3nccs3)(C1)C2)C(C)(C)C	0.035617
rxn:2:120908:103571	CC[C@H](C)[C@H](NC(C)c1cc2c(s1)CCCC2)c1nc(C)n[nH]1	0.035615
rxn:2:67357:77475	Cc1cc2c(o1)CCCC2NC1CC2CCC(C1)C21SCCS1	0.035614
rxn:2:82153:89151	c1cnc2sc(NC3CCc4cc5c(cc43)OCC5)nc2c1	0.035610
rxn:2:67607:166971	Cc1ccc2c3c([nH]c2c1C)C(Nc1ncsn1)CCC3	0.035609
rxn:2:66262:66800	CC(N[C@@H]1COC[C@H]1N1CCOCC1)c1cccc(-c2ccsc2)c1	0.035607
rxn:2:68468:70439	c1nc(CC2CC2)cc(N2CCC(NC3CC4OC(C3)C3CC43)C2)n1	0.035606
rxn:2:140730:66313	CC1(C)CCC2(CC1)CC(Nc1ccnc3ccsc13)CCO2	0.035600
rxn:2:140730:105973	CC1(C)CCCC2(CC(Nc3ccnc4ccsc34)CCO2)C1	0.035600
rxn:2:108601:141943	CCC(NC(CCOC)c1nc2ccccc2[nH]1)C1CSC1	0.035594
rxn:2:99134:136772	CCc1cncc(NC(c2cc(C)ccc2C)C2CCCOC2)c1	0.035592
rxn:2:91084:87143	CC(CCc1cnsc1)Nc1nccnc1-c1ncon1	0.035591
rxn:2:67357:131887	Cc1cnc2c(c1)C(NC1CC3CCC(C1)C31SCCS1)CCO2	0.035584
rxn:2:67357:101077	Cc1cc2c(cn1)C(NC1CC3CCC(C1)C31SCCS1)CCO2	0.035584
rxn:2:67357:106782	Cc1ccc2c(n1)OCCC2NC1CC2CCC(C1)C21SCCS1	0.035584
rxn:2:135338:131260	CSc1cc(NC(C)c2cnc3ccnn3c2C)cnn1	0.035583
rxn:2:67352:115775	CC(CCCC1CC1)NC(C)c1nc(-c2ccccn2)n[nH]1	0.035582
rxn:2:161022:96265	CSC1CC(Nc2noc(-c3cccc4ccccc34)n2)C1	0.035567
rxn:2:90440:78863	Cc1nsc2cc(NC3CC(C)c4cnccc43)ccc12	0.035565
rxn:2:135364:70439	COc1cc(OC)cc(N2CCC(NC3CC4OC(C3)C3CC43)C2)c1	0.035547
rxn:2:87198:70439	COc1ccc(N2CCC(NC3CC4OC(C3)C3CC43)C2)cc1OC	0.035547
rxn:2:120139:89151	CCC(NC1CCc2cc3c(cc21)OCC3)C1CCC(F)(F)CC1	0.035542
rxn:2:66976:166752	Cc1ccc2c(C(CC3CC3)Nc3ncon3)c[nH]c2c1	0.035541
rxn:2:144340:106900	CC(CC1CCCC1)NC(C)c1cc(=O)[nH]c(-c2ccccn2)n1	0.035531
rxn:2:126962:66368	Cn1c2c(ccc1=O)C(Nc1ccc3c(c1)CCN3C1COC1)CCC2	0.035518
rxn:2:68468:92418	c1nc(CC2CC2)cc(N2CCC(NC3CCCc4snnc43)C2)n1	0.035517
rxn:2:112333:139868	COc1cc(C(C)NCc2nc(=O)[nH][nH]2)cc(C)c1OC	0.035502
rxn:2:112333:122335	COc1cc(C)c(C(C)NCc2nc(=O)[nH][nH]2)cc1OC	0.035502
rxn:2:112333:138370	COc1cc(C(C)NCc2nc(=O)[nH][nH]2)c(OC)cc1C	0.035502
rxn:2:82126:93291	CCc1ccc(C(CC)Nc2cncc(C(C)(F)F)c2)cc1	0.035502
rxn:2:87429:118090	CCn1ccc2c1CCCC2NC1CC(C2(C)CCC2)n2nccc21	0.035499
rxn:2:121329:91066	c1ccc(Cc2cncc(NC3COc4ccsc43)c2)cc1	0.035496
rxn:2:103148:80762	Cc1ccc2c(c1)C(C)CCC2NC1CCN(c2cnn(C)c(=O)c2)C1	0.035492
rxn:2:66656:78367	COc1ccc2c(c1)CCCCC2N[C@H]1C[C@H](Cn2cccn2)C1	0.035481
rxn:2:112333:126146	O=c1nc(CNC(c2ccsc2)c2ccsc2)[nH][nH]1	0.035474
rxn:2:112333:75270	O=c1nc(CNC(c2ccsc2)c2cccs2)[nH][nH]1	0.035474
rxn:2:136496:71708	Cc1ccc(C)c(CC(CC2CC2)NCc2cnn(C)c(=O)c2)c1	0.035471
rxn:2:100933:92418	CC(C)Cc1cc(N2CCC(NC3CCCc4snnc43)C2)ncn1	0.035457
rxn:2:117294:132476	CCCn1nc(C)c(C2CC2)c1NC(C)c1cc(C)c(C)s1	0.035456
rxn:2:67357:124762	Cc1ccc2c(c1)C(NC1CC3CCC(C1)C31SCCS1)CC2	0.035454
rxn:2:67357:73133	Cc1ccc2c(c1)CCC2NC1CC2CCC(C1)C21SCCS1	0.035454
rxn:2:118355:91066	O=c1[nH]nc(-c2ccccc2)cc1NC1COc2ccsc21	0.035454
rxn:2:124513:94554	COc1ccc(C2CC(NC(C)(C)c3ccc4c(c3)OCO4)C2)cc1	0.035453
rxn:2:67607:154037	c1nc(NC2CCCCc3c2ccc2[nH]ncc32)ns1	0.035450
rxn:2:138600:167274	CCC1(NC2CCc3c(OC)ccc4cccc2c34)CC(F)(F)C1	0.035449
rxn:2:67357:87828	CC1CC2CC(NC3CC4CCC(C3)C43SCCS3)CC2C1	0.035437
rxn:2:113390:92418	CCC(C)c1cc(N2CCC(NC3CCCc4snnc43)C2)ncn1	0.035434
rxn:2:74659:105732	CSc1cc(SC)nc(NC2C[C@H]3CCC[C@H]3C2)n1	0.035429
rxn:2:82403:121559	CCCS(=O)(=O)c1cnc(C)nc1NC(C)c1csc(OC)n1	0.035417
rxn:2:114106:95767	c1ncc(C2CC2)cc1NC1CCCC12CCCCCCC2	0.035415
rxn:2:110780:91066	CC(C)CCn1nc2c(c1CNC1COc3ccsc31)C(C)CC2	0.035413
rxn:2:99134:143882	CCc1cncc(NC2COc3cc4ccccc4cc32)c1	0.035396
rxn:2:99134:161264	CCc1cncc(NC2COc3ccc4ccccc4c32)c1	0.035396
rxn:2:76776:102888	CC(CCc1cnn(-c2ccccc2)c1)NC1CC1C1CCOC1	0.035395
rxn:2:76776:136088	CC(CCc1ccc(-n2cccn2)cc1)NC1CC1C1CCOC1	0.035395
rxn:2:139592:122319	CCN1CCc2nc(NC(C)c3sc(C(C)(C)C)nc3C)sc2C1	0.035388
rxn:2:91483:89151	CCCC1(c2cc(NC3CCc4cc5c(cc43)OCC5)n(C)n2)CC1	0.035386
rxn:2:105971:74191	COc1ccnc(C(NCCN2Cc3ccccc3C2)C2CC2)c1	0.035385
rxn:2:109896:70439	c1cc(-c2cc(N3CCC(NC4CC5OC(C4)C4CC54)C3)n[nH]2)cs1	0.035379
rxn:2:99013:70439	c1csc(-c2cc(N3CCC(NC4CC5OC(C4)C4CC54)C3)[nH]n2)c1	0.035379
rxn:2:90473:66368	CC(NC1CCCc2c1ccc(=O)n2C)c1ccc2c(c1)CCCN2C	0.035370
rxn:2:118873:66368	Cc1ccc2c(c1)CCCN2CCNC1CCCc2c1ccc(=O)n2C	0.035369
rxn:2:92374:86557	Cc1cn2c(NC3CC4CCC(C3)N4C3CCCN(C)C3)cccc2n1	0.035367
rxn:2:163191:70204	CCCC1CSCCC1N[C@H]1CCN(c2ncnc3ccccc23)C1	0.035366
rxn:2:147092:98873	Cc1ccc2nc(-c3cn[nH]c3NC3CC3)[nH]c2c1	0.035364
rxn:2:84503:93200	COc1ccc2ccn(C)c2c1NC(C)c1cc[nH]c(=O)c1	0.035358
rxn:2:66656:86428	Cc1cc2c(cc1C)C(N[C@H]1C[C@H](Cn3cccn3)C1)CCCC2	0.035355
rxn:2:144340:72792	CCN1CCCC1CNC(C)c1cc(=O)[nH]c(-c2ccccn2)n1	0.035349
rxn:2:122416:112899	CN1CCc2nc(NC3CCc4c3ccc3c4CCC3)[nH]c(=O)c2C1	0.035347
rxn:2:104556:89151	c1cnc(N2CCC(CNC3CCc4cc5c(cc43)OCC5)CC2)nc1	0.035338
rxn:2:76403:89151	c1ncc(N2CCC(CNC3CCc4cc5c(cc43)OCC5)CC2)cn1	0.035338
rxn:2:101557:89151	c1cc(N2CCC(CNC3CCc4cc5c(cc43)OCC5)CC2)ncn1	0.035338
rxn:2:78073:89151	c1cnc(N2CCC(CNC3CCc4cc5c(cc43)OCC5)CC2)cn1	0.035338
rxn:2:121713:89151	c1cnnc(N2CCC(CNC3CCc4cc5c(cc43)OCC5)CC2)c1	0.035338
rxn:2:116565:87143	CC(C)Cn1nc2c(c1NC(C)CCc1cnsc1)C(C)CC2	0.035337
rxn:2:144340:75989	CC(CCC(C)(C)C)NC(C)c1cc(=O)[nH]c(-c2ccccn2)n1	0.035336
rxn:2:75242:94554	COc1ccc(C2CC(NCC(c3ccccn3)N(C)C)C2)cc1	0.035332
rxn:2:73739:118090	CC1(C2CC(Nc3noc4c3CCCCC4)c3ccnn32)CCC1	0.035329
rxn:2:95402:94404	Cc1ncc(C(C)NCC2CN(C)CC(C)(C)N2c2ccccc2)s1	0.035319
rxn:2:95402:113167	Cc1cnc(C(C)NCC2CN(C)CC(C)(C)N2c2ccccc2)s1	0.035319
rxn:2:141417:66368	CCN1CCCc2cc(CNC3CCCc4c3ccc(=O)n4C)ccc21	0.035310
rxn:2:110423:66368	CCN1CCCc2c(CNC3CCCc4c3ccc(=O)n4C)cccc21	0.035310
rxn:2:90440:71811	Cc1nsc2cc(NC(C)c3nc4c(s3)COCC4)ccc12	0.035310
rxn:2:79495:105376	Cc1cc(C(C)NCCC2CC2c2cn(C)cn2)c(C)c(C)c1C	0.035305
rxn:2:112333:115229	COc1ccc(C(C)NCc2nc(=O)[nH][nH]2)cc1SC	0.035304
rxn:2:119712:74191	COc1ccnc(C(NCc2cnc(N(C)C)c(C)c2)C2CC2)c1	0.035297
rxn:2:112070:66368	CCN1CC(C)Oc2cc(NC3CCCc4c3ccc(=O)n4C)ccc21	0.035293
rxn:2:119876:70439	c1nc(N2CCC(NC3CC4OC(C3)C3CC43)C2)c2[nH]nnc2n1	0.035293
rxn:2:132418:86515	CCC(Nc1ncnc2[nH]cc(C)c12)c1cc[nH]c1	0.035283
rxn:2:102557:66368	CC(C)N1CCc2cc(NC3CCCc4c3ccc(=O)n4C)ccc2C1	0.035279
rxn:2:81263:101661	CSCc1cncc(NC2CCCC(C3CCCCC3)C2)c1	0.035278
rxn:2:81263:113099	CSCc1cncc(NC2CCC(C3CCCCC3)CC2)c1	0.035278
rxn:2:75448:141943	CCC(NCc1cc(Cc2cccc(C)c2)cs1)C1CSC1	0.035270
rxn:2:121310:119938	CC(C)(C)c1cccc2c1OCCC2NC1CN(Cc2ccsc2)C1	0.035267
rxn:2:141570:138214	CCN(CC)c1cc(NC2CCc3c(C(C)C)cccc32)ncn1	0.035266
rxn:2:116589:93200	COc1ccc2nc(NC(C)c3cc[nH]c(=O)c3)ccc2c1	0.035266
rxn:2:129627:93200	COc1ccc2ncc(NC(C)c3cc[nH]c(=O)c3)cc2c1	0.035266
rxn:2:66527:93200	COc1ccc2ccc(NC(C)c3cc[nH]c(=O)c3)nc2c1	0.035266
rxn:2:111564:93200	COc1ccc2nc(NC(C)c3cc[nH]c(=O)c3)n(C)c2c1	0.035263
rxn:2:137858:93200	COc1ccc2c(c1)nc(NC(C)c1cc[nH]c(=O)c1)n2C	0.035263
rxn:2:66656:134926	CC(C)(C)c1ccc2c(c1)C(N[C@H]1C[C@H](Cn3cccn3)C1)CCC2	0.035263
rxn:2:77960:118131	COc1cc(C(C)(C)C)ccc1CNC1CC(c2ncc(C)s2)C1	0.035263
rxn:2:92260:132476	Cc1cc(C(C)NCC(OC(C)(C)C)c2ccncc2)sc1C	0.035260
rxn:2:84577:108897	CCc1ccc(C(CSC(C)C)N[C@H]2CC[C@@H]2N(C)C)cc1	0.035258
rxn:2:120250:89151	c1ccc(N2CCC(CNC3CCc4cc5c(cc43)OCC5)CC2)nc1	0.035251
rxn:2:111427:89151	c1cc(N2CCC(CNC3CCc4cc5c(cc43)OCC5)CC2)ccn1	0.035251
rxn:2:87241:89151	c1cncc(N2CCC(CNC3CCc4cc5c(cc43)OCC5)CC2)c1	0.035251
rxn:2:112333:105562	CCOc1ccc(C(CC)NCc2nc(=O)[nH][nH]2)cn1	0.035243
rxn:2:121310:134989	CC(NC1CN(Cc2ccsc2)C1)c1cccc(S(=O)(=O)F)c1	0.035242
rxn:2:71370:70439	c1nc(N2CCCC(NC3CC4OC(C3)C3CC43)C2)c2[nH]cnc2n1	0.035241
rxn:2:80173:141943	CCC1CN(C(CNC(CC)C2CSC2)C(C)(C)C)CCO1	0.035239
rxn:2:107927:67395	Cn1cc(CC(C)(C)CNC2CC(c3nc(C4CC4)no3)C2)cn1	0.035239
rxn:2:79495:106048	Cc1nc(C(C)C)ncc1C(C)NCCC1CC1c1cn(C)cn1	0.035234
rxn:2:163553:75823	Cc1cc2c(cc1C(NC1CC3CCCN3C1)C(C)C)n(C)c(=O)n2C	0.035225
rxn:2:65970:115333	CCN1CCCc2cc(NC3CCCc4oc(C)c(C)c43)ccc21	0.035218
rxn:2:112040:114966	CCC(Nc1nc(-c2cnccn2)ns1)c1ccc(C)cc1	0.035215
rxn:2:109226:118131	Cc1cnc(C2CC(NCC3(C)C(c4ccccc4)C3(F)F)C2)s1	0.035214
rxn:2:126262:71823	CCCC(CN1CCC(C)C1)NC(C)c1nc2c(s1)CCCC2	0.035213
rxn:2:140212:66368	Cn1c2c(ccc1=O)C(Nc1ccc3c(c1)CCN3CC1CC1)CCC2	0.035210
rxn:2:96303:126848	c1ccc(C2CCCC(NC3CC4(CCCCO4)C3)CC2)cc1	0.035209
rxn:2:135338:106165	CSc1cc(NC2CC3CCCC(C2)N3c2ccccc2)cnn1	0.035203
rxn:2:128196:82225	CC1CCCN(Cc2nc(C(C)NCC3CC(C)OC3C)cs2)C1	0.035202
rxn:2:132418:93562	Cc1c[nH]c2ncnc(NC(C)c3ccnc(N(C)C)c3)c12	0.035202
rxn:2:132418:77099	Cc1c[nH]c2ncnc(NC(C)c3cc(N(C)C)ccn3)c12	0.035202
rxn:2:93742:76082	COc1cc(NC(C)c2cccc(C)c2C)ccc1C(C)C	0.035195
rxn:2:131631:76082	COc1ccc(NC(C)c2cccc(C)c2C)cc1C(C)C	0.035195
rxn:2:135338:118063	CSc1cc(NC(C)c2nc(C)cn3ncnc23)cnn1	0.035195
rxn:2:82403:83036	CCCS(=O)(=O)c1cnc(C)nc1NC1CCCc2c(C)cccc21	0.035189
rxn:2:93079:164904	Cc1n[nH]c(CNC(C)c2cc3cc4c(cc3s2)OCO4)n1	0.035188
rxn:2:67357:125881	O=c1ccc2c([nH]1)OCCC2NC1CC2CCC(C1)C21SCCS1	0.035177
rxn:2:68182:149170	CC(C)CN1CC[C@@H](NC(C)c2ccc(-c3ccc(=O)[nH]n3)s2)C1	0.035177
rxn:2:110106:67395	CC(C)(CNC1CC(c2nc(C3CC3)no2)C1)Cc1ccncc1	0.035171
rxn:2:93989:67395	CC(C)(CNC1CC(c2nc(C3CC3)no2)C1)Cc1cccnc1	0.035171
rxn:2:114928:111773	COc1ccnc(C(C)Nc2nnc(-c3cc(C)cs3)o2)c1	0.035171
rxn:2:114836:141943	CCC(NCC1CC1(C)c1ccc(C(C)C)cc1)C1CSC1	0.035165
rxn:2:140730:115341	CC(C)CN1CCC2(CC1)CC(Nc1ccnc3ccsc13)CCO2	0.035162
rxn:2:113103:125321	CC(Nc1ncnc2[nH]cnc12)c1ccnc(C(C)(C)F)c1	0.035162
rxn:2:142191:125321	CC(Nc1ncnc2[nH]ncc12)c1ccnc(C(C)(C)F)c1	0.035162
rxn:2:134269:66368	COc1cc(NC2CCCc3c2ccc(=O)n3C)ccc1N1CCCC1	0.035155
rxn:2:93271:76082	COc1cc(NC(C)c2cccc(C)c2C)ccc1N1CCOCC1	0.035147
rxn:2:140164:76082	COc1ccc(NC(C)c2cccc(C)c2C)cc1N1CCOCC1	0.035147
rxn:2:131561:87143	CCc1ccc2oc(NC(C)CCc3cnsc3)nc2c1	0.035144
rxn:2:77837:66368	CCCN1CCc2cc(NC3CCCc4c3ccc(=O)n4C)ccc2C1	0.035141
rxn:2:162428:115775	Cc1ccccc1-c1cc(=O)[nH]c(NC(C)CCCC2CC2)n1	0.035138
rxn:2:79294:105764	CCCCC1CC(NC(C)c2cccc(OC3CC3)c2)C1	0.035137
rxn:2:71369:74191	COc1ccnc(C(NCC2Cc3ccccc3CN2C)C2CC2)c1	0.035135
rxn:2:94691:76082	Cc1ccc(O[C@@H]2CCOC2)c(NC(C)c2cccc(C)c2C)c1	0.035135
rxn:2:79414:93200	COc1ccc2ncnc(NC(C)c3cc[nH]c(=O)c3)c2c1	0.035134
rxn:2:72910:93200	COc1ccc2c(NC(C)c3cc[nH]c(=O)c3)ncnc2c1	0.035134
rxn:2:77207:93200	COc1ccc2nc(NC(C)c3cc[nH]c(=O)c3)cnc2c1	0.035134
rxn:2:80338:93200	COc1ccc2ncc(NC(C)c3cc[nH]c(=O)c3)nc2c1	0.035134
rxn:2:91250:93200	COc1ccc2nc(NC(C)c3cc[nH]c(=O)c3)ncc2c1	0.035134
rxn:2:81263:115254	CSCc1cncc(NC(C)c2cc3ccn(C)c3cn2)c1	0.035133
rxn:2:132336:143157	COc1csc(-c2ccc3c(c2)OCC3NC2CC3CC2C2CC32)c1	0.035132
rxn:2:118449:66368	Cn1c2c(ccc1=O)C(Nc1ccc3c(c1)CCCCC3)CCC2	0.035129
rxn:2:138600:160362	CCc1cccc2c3c(n(C)c12)CCC3NC1(CC)CC(F)(F)C1	0.035119
rxn:2:116505:70439	CCN(C)c1cc(N2CCC(NC3CC4OC(C3)C3CC43)C2)ncn1	0.035106
rxn:2:68182:150793	CC(C)CN1CC[C@@H](NC(C)c2ccc(-c3cc(=O)cc[nH]3)s2)C1	0.035104
rxn:2:68182:154412	CC(C)CN1CC[C@@H](NC(C)c2ccc(-c3ccc[nH]c3=O)s2)C1	0.035104
rxn:2:79495:96847	COC1COc2ccc(C)cc2C1NCCC1CC1c1cn(C)cn1	0.035100
rxn:2:68559:138952	CCCSc1ccc(NC(C)CCC2CCCC2)nn1	0.035095
rxn:2:163191:124520	C[C@@H]1C[C@H]2[C@@H](CC1N[C@H]1CCN(c3ncnc4ccccc34)C1)C2(C)C	0.035088
rxn:2:142147:87143	CC(CCc1cnsc1)NCc1cnn(C)c1OCC1CC1	0.035079
rxn:2:75859:74191	COc1ccnc(C(NCC2c3ccccc3CCN2C)C2CC2)c1	0.035079
rxn:2:130891:118090	CC1(C2CC(NC3CCCN(c4cccnc4)C3)c3ccnn32)CCC1	0.035076
rxn:2:96303:104828	CC1CCC(NC2CC3(CCCCO3)C2)C(CN2CCCCC2)C1	0.035074
rxn:2:100947:125321	CC(NC1CC(C2CC2)(C2CC2)C1)c1ccnc(C(C)(C)F)c1	0.035074
rxn:2:79495:95767	Cn1cnc(C2CC2CCNC2CCCC23CCCCCCC3)c1	0.035073
rxn:2:125932:66379	CCc1cc(OC)nc(C(C)Nc2c(CC)c(=O)[nH]c(=O)n2C)c1	0.035062
rxn:2:86346:87143	CCc1cc(CNC(C)CCc2cnsc2)n(C2CCOC2)n1	0.035054
rxn:2:65970:122379	CCN1CCCc2cc(NC(CSC)c3ccccc3)ccc21	0.035049
rxn:2:127197:91939	CCc1nn(-c2ccc(SC)nc2)cc1NC1CCN(C)C1(C)C	0.035049
rxn:2:72786:71179	Cc1nc2c(NC(C)c3cccc4c3CCC4)ncnc2n1C	0.035049
rxn:2:72786:123626	Cc1nc2c(NC(C)c3ccc4c(c3)CCC4)ncnc2n1C	0.035049
rxn:2:68559:93116	CCCSc1ccc(NC(C)CCC2CCCOC2)nn1	0.035040
rxn:2:68559:110775	CCCSc1ccc(NC(C)CCC2CCOCC2)nn1	0.035040
rxn:2:104327:132476	Cc1cc(C(C)NCCc2nc(C3CCCCC3)nn2C)sc1C	0.035040
rxn:2:121310:89120	CC(C)Cc1cccc(C(C)NC2CN(Cc3ccsc3)C2)c1	0.035038
rxn:2:135338:136874	CSc1cc(NC2C[C@H]3C[C@@H](C)CCN3c3ccccc32)cnn1	0.035036
rxn:2:68559:91973	CCCSc1ccc(NC(CCC)c2ccccn2)nn1	0.035030
rxn:2:116505:92418	CCN(C)c1cc(N2CCC(NC3CCCc4snnc43)C2)ncn1	0.035029
rxn:2:135363:92418	O=c1[nH]ncn1-c1ccccc1NC1CCCc2snnc21	0.035028
rxn:2:134864:118171	Cn1cnc2cncc(NC3COc4ccc(C5CC5)cc43)c21	0.035027
rxn:2:113818:91021	CCCCC(NCC1CC1c1ccc(C)nc1)c1cnccn1	0.035017
rxn:2:105315:89475	CCC(Nc1c(C)nc2cccnn12)C1CCN(C(CC)CC)C1	0.035015
rxn:2:105315:96813	CCCC(C)N1CCC(C(CC)Nc2c(C)nc3cccnn23)C1	0.035015
rxn:2:105315:70917	CCCCN1CCC(C(CC)Nc2c(C)nc3cccnn23)CC1	0.035014
rxn:2:105315:103407	CCCCN1CCCC(C(CC)Nc2c(C)nc3cccnn23)C1	0.035014
rxn:2:152151:130954	Cc1cc2n(n1)-c1cccc(NC3CCC4(CC3)CSC4)c1N(C)C2	0.035014
rxn:2:66656:71476	COc1cc2c(cc1OC)C(N[C@H]1C[C@H](Cn3cccn3)C1)CCC2	0.035012
rxn:2:93079:120029	Cc1n[nH]c(CNC(CSC2CCCCC2)c2ccccc2)n1	0.035009
rxn:2:72728:118131	Cc1ccc(C)c([C@@H](NC2CC(c3ncc(C)s3)C2)C(C)C)c1	0.035008
rxn:2:84494:118131	Cc1ccc(C(NC2CC(c3ncc(C)s3)C2)C(C)C)c(C)c1	0.035008
rxn:2:98036:118131	Cc1ccc(C)c([C@H](NC2CC(c3ncc(C)s3)C2)C(C)C)c1	0.035008
rxn:2:99656:118131	Cc1ccc([C@@H](NC2CC(c3ncc(C)s3)C2)C(C)C)c(C)c1	0.035008
rxn:2:105683:118131	Cc1ccc([C@H](NC2CC(c3ncc(C)s3)C2)C(C)C)c(C)c1	0.035008
rxn:2:118624:118131	Cc1ccc(C)c(C(NC2CC(c3ncc(C)s3)C2)C(C)C)c1	0.035008
rxn:2:68913:118131	Cc1cnc(C2CC(NC(c3cccc(C)c3C)C(C)C)C2)s1	0.035008
rxn:2:69792:118131	Cc1cnc(C2CC(N[C@@H](c3cccc(C)c3C)C(C)C)C2)s1	0.035008
rxn:2:125395:118131	Cc1cnc(C2CC(N[C@H](c3cccc(C)c3C)C(C)C)C2)s1	0.035008
rxn:2:140730:111622	CC(Nc1ccnc2ccsc12)c1cnc(C(C)(C)C)cn1	0.035007
rxn:2:152278:130954	Cn1nc(C(C)(C)C)nc1-c1cn[nH]c1NC1CCC2(CC1)CSC2	0.035004
rxn:2:80928:125321	CC(Nc1ncnc2[nH]ccc12)c1ccnc(C(C)(C)F)c1	0.035002
rxn:2:72786:88139	Cc1ccc(C(C)Nc2ncnc3c2nc(C)n3C)c(=O)[nH]1	0.034999
rxn:2:72786:78482	Cc1c[nH]c(=O)c(C(C)Nc2ncnc3c2nc(C)n3C)c1	0.034999
rxn:2:65970:115527	CCN1CCCc2cc(NC3CCCc4c3cnn4C(C)C)ccc21	0.034999
rxn:2:127407:125732	CCC(Nc1ccc(=O)n(CC(C)C)n1)c1cc(C)cc(OC)c1	0.034988
rxn:2:126017:125732	CCC(Nc1ccnn(CC(C)C)c1=O)c1cc(C)cc(OC)c1	0.034988
rxn:2:136816:80762	COCCn1ccc(CNC2CCC(C)c3cc(C)ccc32)cc1=O	0.034987
rxn:2:125371:80762	COCCn1cc(CNC2CCC(C)c3cc(C)ccc32)ccc1=O	0.034987
rxn:2:90777:105732	CC(C)CCN1CCS(=O)(=O)CC1CNC1C[C@H]2CCC[C@H]2C1	0.034982
rxn:2:123275:95873	Cn1cc(N2CCC(Nc3ccc(SC45CC(C4)C5)cc3)CC2)cn1	0.034980
rxn:2:123275:74270	Cn1ccc(N2CCC(Nc3ccc(SC45CC(C4)C5)cc3)CC2)n1	0.034980
rxn:2:84487:66800	CC(NC1CCN(S(C)(=N)=O)CC1)c1cccc(-c2ccsc2)c1	0.034973
rxn:2:153966:70439	O=c1[nH]c(N2CCC(NC3CC4OC(C3)C3CC43)C2)nc2ccsc12	0.034971
rxn:2:66976:86677	Cc1csc(SCC(Nc2ncon2)c2ccco2)n1	0.034970
rxn:2:84173:95062	Cc1nc(C)c(C(Nc2c(C)nc3ccccn23)C(C)C)s1	0.034969
rxn:2:132418:74326	COc1cc(C(C)Nc2ncnc3[nH]cc(C)c23)ccc1C	0.034967
rxn:2:133301:155128	CCOc1ncccc1-c1cccc2c1CCC2NC1(CC)CC1	0.034965
rxn:2:132418:126437	Cc1c[nH]c2ncnc(NC(C)c3ccnc(C4CC4)c3)c12	0.034964
rxn:2:103060:76082	Cc1cccc(C(C)Nc2c(C)ccc3c2CCCC3)c1C	0.034962
rxn:2:147647:91066	CC(C)c1n[nH]c(=O)c2sc(NC3COc4ccsc43)nc12	0.034961
rxn:2:89609:132476	Cc1cc(C(C)Nc2c(C3CC3)c(C)nn2C2CCOC2)sc1C	0.034961
rxn:2:89776:94554	COc1ccc(C2CC(NC(C)c3cnn(CC4CC4)c3)C2)cc1	0.034958
rxn:2:159184:118131	Cc1cnc(C2CC(Nc3ccc4c(c3)n(C)c(=O)n4C)C2)s1	0.034956
rxn:2:112692:125321	CC(Nc1ncnc2[nH]nnc12)c1ccnc(C(C)(C)F)c1	0.034953
rxn:2:140730:99164	c1cc(NC2CCOC3(CCCCCCC3)C2)c2sccc2n1	0.034934
rxn:2:79495:80295	COc1cc(C)c(C(C)NCCC2CC2c2cn(C)cn2)cc1C	0.034932
rxn:2:138600:161843	CCC1(NC(c2ccc(C)cc2)c2ccnc(C)c2)CC(F)(F)C1	0.034931
rxn:2:68182:107277	Cc1ccc(-c2ccoc2)c(C(C)N[C@@H]2CCN(CC(C)C)C2)c1	0.034930
rxn:2:123275:122242	c1ncc(N2CCC(Nc3ccc(SC45CC(C4)C5)cc3)CC2)cn1	0.034927
rxn:2:123275:92177	c1cnc(N2CCC(Nc3ccc(SC45CC(C4)C5)cc3)CC2)nc1	0.034927
rxn:2:123275:80324	c1cnc(N2CCC(Nc3ccc(SC45CC(C4)C5)cc3)CC2)cn1	0.034927
rxn:2:123275:108799	c1cc(N2CCC(Nc3ccc(SC45CC(C4)C5)cc3)CC2)ncn1	0.034927
rxn:2:89025:91021	CCCCC(Nc1nnccc1OC1CCC1)c1cnccn1	0.034927
rxn:2:81263:91460	CSCc1cncc(NC2CC3CCCC(C2)N3C2CCCC2)c1	0.034924
rxn:2:81263:132479	CSCc1cncc(NC2CC3CCC(C2)N3C2CCCCC2)c1	0.034924
rxn:2:167962:141943	CCC(Nc1c(-c2ccco2)nc2ccccn12)C1CSC1	0.034920
rxn:2:80384:66368	CC(C)CN1CCc2cc(NC3CCCc4c3ccc(=O)n4C)ccc21	0.034917
rxn:2:68038:66368	CC(C)CN1CCc2ccc(NC3CCCc4c3ccc(=O)n4C)cc21	0.034917
rxn:2:97174:86002	COc1cnc2c(c1)CCCC2Nn1sc2ccccc2c1=O	0.034915
rxn:2:136951:141943	CCC(NCc1c(N(CC)CC)nc2ccccn12)C1CSC1	0.034906
rxn:2:90954:141943	CCCN(C)c1nc2ccccn2c1CNC(CC)C1CSC1	0.034906
rxn:2:99134:124314	CCc1cncc(NC(CN(CC)C(C)C)c2ccn(C)c2)c1	0.034905
rxn:2:76776:166879	Cc1[nH]c2ccc(CCC(C)NC3CC3C3CCOC3)cc2c1C	0.034902
rxn:2:95211:125732	CCC(Nc1cc(C)n(CC(C)C)n1)c1cc(C)cc(OC)c1	0.034900
rxn:2:98614:125732	CCC(Nc1cc(C)nn1CC(C)C)c1cc(C)cc(OC)c1	0.034900
rxn:2:69426:125732	CCC(Nc1c(C)cnn1CC(C)C)c1cc(C)cc(OC)c1	0.034900
rxn:2:84336:125732	CCC(Nc1cnn(CC(C)C)c1C)c1cc(C)cc(OC)c1	0.034900
rxn:2:102205:92847	O=S1(=O)CCC12CC(NCC1CC1CN1CCc3ccccc3C1)C2	0.034898
rxn:2:134864:79518	CCOc1ccc2c(c1)C(Nc1cncc3ncn(C)c13)CO2	0.034896
rxn:2:79397:91066	c1cc2c(s1)C(NCc1cc3cc(C4CC4)cnc3s1)CO2	0.034894
rxn:2:128262:141943	CCC(Nc1csc(-c2cc(OC)cc(OC)c2)n1)C1CSC1	0.034893
rxn:2:139592:79725	CCN1CCc2nc(NC(C)c3cccc(OC(C)C)c3)sc2C1	0.034890
rxn:2:139592:67188	CCN1CCc2nc(NC(C)c3ccc(OC(C)C)cc3)sc2C1	0.034890
rxn:2:79667:71823	Cc1cc(NC(C)c2nc3c(s2)CCCC3)cc2snnc12	0.034888
rxn:2:114503:94931	CCC1CCC(NCC2CCC(c3nnc(C)n3CC)CC2)CC1	0.034887
rxn:2:117918:66368	CC(C)Cc1nc(NC2CCCc3c2ccc(=O)n3C)cc2c1CCC2	0.034882
rxn:2:68182:160834	Cc1cccnc1-c1ccc(C(C)N[C@@H]2CCN(CC(C)C)C2)s1	0.034870
rxn:2:68182:163278	Cc1cccc(-c2ccc(C(C)N[C@@H]3CCN(CC(C)C)C3)s2)n1	0.034870
rxn:2:68182:146420	Cc1ccncc1-c1ccc(C(C)N[C@@H]2CCN(CC(C)C)C2)s1	0.034870
rxn:2:102205:98062	Cc1ccnc(C(C)NCC2CC2CN2CCc3ccccc3C2)c1	0.034864
rxn:2:105769:160406	Cc1cc(-c2cnc(C)c(C)c2)ccc1C(C)NC1(C(C)F)COC1	0.034858
rxn:2:133471:91021	CCCCC(Nc1cc(COCC)ncn1)c1cnccn1	0.034853
rxn:2:112333:126634	CC(C)(C)OCCC(NCc1nc(=O)[nH][nH]1)c1ccsc1	0.034853
rxn:2:118096:137914	CSCCC1CC(NC2CCCCC2Cc2ccccc2)C1	0.034849
rxn:2:133812:138146	CCC(Cc1cccnc1)NC1CC(C)(C)Cc2c(C)cccc21	0.034846
rxn:2:78328:93200	Cc1ccc(-n2nccc2NC(C)c2cc[nH]c(=O)c2)nn1	0.034842
rxn:2:68559:116513	CCCSc1ccc(NC(C)CCC2CCCCO2)nn1	0.034841
rxn:2:85458:130954	CN(C)C1CCC(N(C)CCNC2CCC3(CC2)CSC3)CC1	0.034834
rxn:2:131037:166390	CCC1CC(NC2CCCc3cc(-c4cncc(C)c4)ccc32)C1	0.034829
rxn:2:138600:164535	CCC1(NC2CCCc3ccc4ccccc4c32)CC(F)(F)C1	0.034828
rxn:2:127758:134526	Cc1cccc(C)c1C1(CNC(C)c2cc3c([nH]c2=O)CCC3)CC1	0.034825
rxn:2:106912:78148	CCc1n[nH]c(CC(C)NC(C)CC2CCC(CC)CC2)n1	0.034819
rxn:2:100939:66379	CCc1cc(OC)nc(C(C)NC2(c3ncccn3)CCOCC2)c1	0.034818
rxn:2:92374:125496	CCC(Nc1cccc2nc(C)cn12)C1CCCN(C2CCCC2)C1	0.034815
rxn:2:100556:135534	CCC(Nc1c(C)nn2ccccc12)C1CCN(C2CCCC2)CC1	0.034815
rxn:2:100556:99191	CCC(Nc1c(C)nn2ccccc12)C1CCN(C2CCCCC2)C1	0.034815
rxn:2:100556:125496	CCC(Nc1c(C)nn2ccccc12)C1CCCN(C2CCCC2)C1	0.034815
rxn:2:92374:135534	CCC(Nc1cccc2nc(C)cn12)C1CCN(C2CCCC2)CC1	0.034815
rxn:2:92374:99191	CCC(Nc1cccc2nc(C)cn12)C1CCN(C2CCCCC2)C1	0.034815
rxn:2:84173:135534	CCC(Nc1c(C)nc2ccccn12)C1CCN(C2CCCC2)CC1	0.034815
rxn:2:84173:99191	CCC(Nc1c(C)nc2ccccn12)C1CCN(C2CCCCC2)C1	0.034815
rxn:2:84173:125496	CCC(Nc1c(C)nc2ccccn12)C1CCCN(C2CCCC2)C1	0.034815
rxn:2:76923:125732	CCC(Nc1cc(OC(C)C)ccn1)c1cc(C)cc(OC)c1	0.034813
rxn:2:135338:94411	CSc1cc(NC2CCC(C(C)(C)C(C)C)CC2C)cnn1	0.034813
rxn:2:122841:131925	CC1(Oc2ccc(NC3CCN(Cc4ccco4)CC3)cc2)COC1	0.034807
rxn:2:147677:96265	CSC1CC(NCc2cnc3scc(-c4ccccc4)n23)C1	0.034803
rxn:2:76776:118489	CC(CCc1nc(-c2ccncc2)cs1)NC1CC1C1CCOC1	0.034799
rxn:2:122800:74191	COc1ccnc(C(NCC2CC2CN2CCCC2)C2CC2)c1	0.034795
rxn:2:89820:92418	c1ccc2c(C3CC3NC3CCCc4snnc43)ccnc2c1	0.034789
rxn:2:105315:77316	CCC(Nc1c(C)nc2cccnn12)C1Cc2ccccc2C1	0.034778
rxn:2:112333:87157	O=c1nc(CNC(c2ccsc2)c2ccco2)[nH][nH]1	0.034778
rxn:2:118713:93992	COc1cc(NC2CCCC34OCCC3CC24)ccc1-n1cnc(C)c1	0.034774
rxn:2:105315:134954	CCC(Nc1c(C)nc2cccnn12)C1CCN(C(C)C2CC2)CC1	0.034771
rxn:2:85176:71823	Cc1noc2cc(NC(C)c3nc4c(s3)CCCC4)ccc12	0.034761
rxn:2:126239:71823	Cc1noc2ccc(NC(C)c3nc4c(s3)CCCC4)cc12	0.034761
rxn:2:99134:69478	CCc1cncc(NC2CC3(CCCCC3)Oc3ccccc32)c1	0.034759
rxn:2:102718:67395	CC(C)(CNC1CC(c2nc(C3CC3)no2)C1)Cc1ccccc1	0.034755
rxn:2:76776:128119	COc1cc(CCC(C)NC2CC2C2CCOC2)cc(OC)c1	0.034754
rxn:2:76776:135051	COc1ccc(CCC(C)NC2CC2C2CCOC2)cc1OC	0.034754
rxn:2:76062:83745	CC(Nc1nnc(-c2cncs2)s1)c1ccc(C2CC2)s1	0.034749
rxn:2:77068:141943	CCCc1[nH]c(C2(CNC(CC)C3CSC3)CCC2)nc1C	0.034748
rxn:2:146233:130954	Cc1ccc(-c2cn[nH]c(=O)c2NC2CCC3(CC2)CSC3)c(C)c1	0.034745
rxn:2:110020:66368	CCCN1CCCc2ccc(NC3CCCc4c3ccc(=O)n4C)cc21	0.034742
rxn:2:137880:66368	CCc1cc(NC2CCCc3c2ccc(=O)n3C)ccc1N1CCCC1	0.034742
rxn:2:132418:123446	Cc1c[nH]c2ncnc(NC(C)c3ccnc(C(C)C)c3)c12	0.034742
rxn:2:132418:69533	Cc1c[nH]c2ncnc(NC(C)c3cc(C(C)C)ccn3)c12	0.034742
rxn:2:90440:91522	Cc1nsc2cc(NC(C)c3ccc4c(n3)CCC4)ccc12	0.034739
rxn:2:122841:121313	Cc1cccc(C(Nc2ccc(OC3(C)COC3)cc2)C2CC2)c1	0.034738
rxn:2:122841:123527	Cc1ccc(C(Nc2ccc(OC3(C)COC3)cc2)C2CC2)cc1	0.034738
rxn:2:122841:119686	Cc1ccccc1C(Nc1ccc(OC2(C)COC2)cc1)C1CC1	0.034738
rxn:2:112953:67395	CC1CCC(Cn2ccnc2NC2CC(c3nc(C4CC4)no3)C2)O1	0.034734
rxn:2:125400:80762	Cc1ccc2c(c1)C(C)CCC2NCc1cc(=O)n(C)nc1C(C)(C)C	0.034730
rxn:2:76776:75086	CC1CN(CC2CCCCN2C)CCC1NC1CC1C1CCOC1	0.034729
rxn:2:72713:80762	Cc1ccc2c(c1)C(C)CCC2NCc1ccn(CC(C)C)c(=O)c1	0.034727
rxn:2:98365:66379	CCc1cc(OC)nc(C(C)Nc2nnc(N3CCOCC3)[nH]2)c1	0.034722
rxn:2:139446:89151	Cc1cccc(N2CCC(CNC3CCc4cc5c(cc43)OCC5)C2)c1	0.034717
rxn:2:101681:89151	Cc1ccc(N2CCC(CNC3CCc4cc5c(cc43)OCC5)C2)cc1	0.034717
rxn:2:123340:89151	Cc1ccccc1N1CCC(CNC2CCc3cc4c(cc32)OCC4)C1	0.034717
rxn:2:124841:93200	COc1ccc2nc(NC(C)c3cc[nH]c(=O)c3)nnc2c1	0.034713
rxn:2:79495:67717	Cc1nc(C(C)C)ccc1C(C)NCCC1CC1c1cn(C)cn1	0.034711
rxn:2:133063:91066	Cc1ccccc1-c1cncc(NC2COc3ccsc32)c1	0.034708
rxn:2:140275:91066	Cc1ccc(-c2cncc(NC3COc4ccsc43)c2)cc1	0.034708
rxn:2:93044:91066	Cc1cccc(-c2cncc(NC3COc4ccsc43)c2)c1	0.034708
rxn:2:138500:91066	c1nc(NC2COc3ccsc32)n(-c2cncc(C3CC3)c2)n1	0.034700
rxn:2:74908:155128	CCOc1ncccc1-c1cccc2c1CCC2NC1(CC)COC1	0.034692
rxn:2:112333:133412	CCCC(NCc1nc(=O)[nH][nH]1)c1ccc(OC)c(C)c1	0.034691
rxn:2:112333:97563	CCOc1ccc(C(CC)NCc2nc(=O)[nH][nH]2)cc1C	0.034691
rxn:2:112333:113826	CCCOc1ccc(C(C)NCc2nc(=O)[nH][nH]2)cc1C	0.034691
rxn:2:116614:102886	COc1ccc2c(c1)OC(C)(C)CC2Nc1cccn([C@H]2C[C@H]2F)c1=O	0.034687
rxn:2:66656:95933	CCc1ccc2c(c1)CCCCC2N[C@H]1C[C@H](Cn2cccn2)C1	0.034681
rxn:2:66976:164181	COc1cccc2[nH]cc(CCC(C)Nc3ncon3)c12	0.034677
rxn:2:112333:141791	CC(C)OCCC(NCc1nc(=O)[nH][nH]1)c1ccsc1	0.034676
rxn:2:124993:66368	Cc1cc(NC2CCCc3c2ccc(=O)n3C)ccc1N1CCCCC1	0.034674
rxn:2:79575:66368	Cc1ccc(NC2CCCc3c2ccc(=O)n3C)cc1N1CCCCC1	0.034674
rxn:2:102190:91066	O=c1cc(N2CC[C@H](NC3COc4ccsc43)C2)[nH]c(=O)[nH]1	0.034672
rxn:2:113541:96141	CCC(CC)(CC)CNC(C)c1cccc(-n2cccn2)c1	0.034670
rxn:2:166860:102939	CCCc1nn(-c2ccnc(C(C)C)c2)cc1NC1CCN(C)CC1	0.034670
rxn:2:92374:138143	Cc1cn2c(NC3c4c(C)cccc4CC3C)cccc2n1	0.034665
rxn:2:72786:115569	Cc1cc2c([nH]1)CCCC2Nc1ncnc2c1nc(C)n2C	0.034661
rxn:2:102258:119492	CCC1CCCN1CCC(NC1CC(n2cncn2)C1)C(C)(C)C	0.034661
rxn:2:72389:143157	COc1csc(-c2ccc3c(c2)OCC3NC2CC3CC2CC3F)c1	0.034659
rxn:2:133335:143157	COc1csc(-c2ccc3c(c2)OCC3NC2C3CCC(C3)C2F)c1	0.034659
rxn:2:119110:76082	Cc1cn(-c2ccc(NC(C)c3cccc(C)c3C)nn2)cn1	0.034656
rxn:2:123910:76082	Cc1cn(-c2cc(NC(C)c3cccc(C)c3C)ncn2)cn1	0.034656
rxn:2:112333:115927	COc1ccc(C(NCc2nc(=O)[nH][nH]2)C2(C)CC2)cc1C	0.034654
rxn:2:165924:94654	Cc1cc(C)c2c(n1)sc1c(NC3CC4(CCO4)C3)snc12	0.034644
rxn:2:136496:85194	Cc1ccc(C)c(C2CCCCCC2NCc2cnn(C)c(=O)c2)c1	0.034635
rxn:2:92331:66368	Cn1c2c(ccc1=O)C(Nc1cc3c4c(c1)CCCN4CCC3)CCC2	0.034634
rxn:2:114503:77716	CCn1c(C)nnc1C1CCC(CNC(C)CC2CCOC2)CC1	0.034634
rxn:2:81674:105764	CCCCC1CC(Nc2cc(C)nn2-c2cc(C)cc(C)c2)C1	0.034629
rxn:2:132095:76082	Cc1cccc(C(C)Nc2nc3nccc(C4CC4)n3n2)c1C	0.034629
rxn:2:91405:155128	CCOc1ncccc1-c1cccc2c1CCC2NC1(C)CC1(F)F	0.034629
rxn:2:94698:155128	CCOc1ncccc1-c1cccc2c1CCC2N[C@@]1(C)CC1(F)F	0.034629
rxn:2:65970:104705	CCN1CCCc2cc(NC3CCCN(C)c4ccccc43)ccc21	0.034619
rxn:2:67607:138451	CC(CCCc1ccc2ccccc2c1)Nc1ncsn1	0.034614
rxn:2:101932:66368	CCN1CCc2cc(CCNC3CCCc4c3ccc(=O)n4C)ccc21	0.034608
rxn:2:67065:66368	CCc1ccc2c(c1)CCN2CCNC1CCCc2c1ccc(=O)n2C	0.034608
rxn:2:65970:99964	CCN1CCCc2cc(NC3CCCc4c3ccc(=O)n4CC)ccc21	0.034608
rxn:2:131385:113537	CCOC1CC(Nc2cc(Cc3ccc(C)cc3)ncn2)C1SC	0.034605
rxn:2:123738:89151	c1ccc(N2CCC(CNC3CCc4cc5c(cc43)OCC5)CC2)cc1	0.034601
rxn:2:80495:94554	COc1ccc(C2CC(N[C@H](C)c3cnn(CC(C)C)c3)C2)cc1	0.034597
rxn:2:132939:94554	COc1ccc(C2CC(NC(C)c3cnn(CC(C)C)c3)C2)cc1	0.034597
rxn:2:140955:138146	CCC(Cc1cccnc1)NC1CCC(Cc2ccncc2)CC1	0.034586
rxn:2:89687:76082	COc1cc(NC(C)c2cccc(C)c2C)cn2c(C)nnc12	0.034579
rxn:2:65970:92158	CCN1CCCc2cc(NC3CCCc4cc(C)ccc43)ccc21	0.034579
rxn:2:65970:83036	CCN1CCCc2cc(NC3CCCc4c(C)cccc43)ccc21	0.034579
rxn:2:65970:98629	CCN1CCCc2cc(NC3CCCc4ccc(C)cc43)ccc21	0.034579
rxn:2:114503:116917	CCn1c(C)nnc1C1CCC(CNC(C)CC2CCCO2)CC1	0.034578
rxn:2:72786:103571	Cc1nc2c(NC(C)c3cc4c(s3)CCCC4)ncnc2n1C	0.034570
rxn:2:68182:97242	CCOc1ccc(C(C)N[C@@H]2CCN(CC(C)C)C2)cc1OC	0.034566
rxn:2:68182:127795	CCOc1cc(C(C)N[C@@H]2CCN(CC(C)C)C2)ccc1OC	0.034566
rxn:2:68182:109444	CCOc1ccc(OC)cc1C(C)N[C@@H]1CCN(CC(C)C)C1	0.034566
rxn:2:68182:128047	CCOc1cc(OC)ccc1C(C)N[C@@H]1CCN(CC(C)C)C1	0.034566
rxn:2:68182:121770	CCOc1ccc(OC)c(C(C)N[C@@H]2CCN(CC(C)C)C2)c1	0.034566
rxn:2:116332:76082	COc1ccc(NC(C)c2cccc(C)c2C)cc1N1CCCC1	0.034553
rxn:2:134269:76082	COc1cc(NC(C)c2cccc(C)c2C)ccc1N1CCCC1	0.034553
rxn:2:133974:66368	CN1CCc2cc(NC3CCCc4c3ccc(=O)n4C)ccc2C1(C)C	0.034547
rxn:2:114106:86664	COc1ccc(CC2COCCC2Nc2cncc(C3CC3)c2)cc1	0.034543
rxn:2:76219:74191	CCN1CCc2ccc(NC(c3cc(OC)ccn3)C3CC3)cc2C1	0.034536
rxn:2:91081:74191	CCN1CCc2cc(NC(c3cc(OC)ccn3)C3CC3)ccc2C1	0.034536
rxn:2:109822:66368	COCCN1CCc2cc(NC3CCCc4c3ccc(=O)n4C)ccc21	0.034533
rxn:2:124130:93200	COc1ccc2nc(CNC(C)c3cc[nH]c(=O)c3)sc2c1	0.034526
rxn:2:127732:93200	COc1ccc2sc(CNC(C)c3cc[nH]c(=O)c3)nc2c1	0.034526
rxn:2:115685:71823	CC(Nc1ccc2c(=O)[nH]sc2c1)c1nc2c(s1)CCCC2	0.034525
rxn:2:113074:71823	CC(Nc1ccc2[nH]c(=O)sc2c1)c1nc2c(s1)CCCC2	0.034525
rxn:2:75703:105764	CCCCC1CC(NCc2cc3c(c(OC)c2OC)OCO3)C1	0.034524
rxn:2:104709:91066	c1cc(C2CC2)n(-c2cncc(NC3COc4ccsc43)c2)n1	0.034517
rxn:2:126607:91066	c1cc(C2CC2)cc(-n2cc(NC3COc4ccsc43)cn2)n1	0.034517
rxn:2:101718:96141	Cc1ncc(CCNC(C)c2cccc(-n3cccn3)c2)o1	0.034513
rxn:2:105998:91021	CCCCc1cc(NC(CCCC)c2cnccn2)ncn1	0.034508
rxn:2:101573:125321	CCC1(NC(C)c2ccnc(C(C)(C)F)c2)CCC(F)(F)CC1	0.034506
rxn:2:112040:91582	Cc1ccc(C2CC(Nc3nc(-c4cnccn4)ns3)C2)cc1	0.034504
rxn:2:114928:107138	Cc1csc(-c2nnc(NC3CC4(CCC4)n4nccc43)o2)c1	0.034497
rxn:2:138600:68676	CCCOc1cccc2c1CCCC2NC1(CC)CC(F)(F)C1	0.034496
rxn:2:103492:118518	COc1ccc2c(c1C)CCC2NCc1ccc(N(C)C(C)C)cn1	0.034496
rxn:2:75956:91066	CCc1cncc(-n2nc(C)cc2NC2COc3ccsc32)c1	0.034489
rxn:2:97579:91066	CCc1cncc(-n2ncc(NC3COc4ccsc43)c2C)c1	0.034489
rxn:2:107909:91066	CCc1cncc(-n2cc(NC3COc4ccsc43)c(C)n2)c1	0.034489
rxn:2:112333:85335	CN(C)C1CCC2(CC1)CC(NCc1nc(=O)[nH][nH]1)CCO2	0.034479
rxn:2:149424:130954	Cc1cc2c(cc1-c1cn[nH]c1NC1CCC3(CC1)CSC3)OCO2	0.034479
rxn:2:122841:110934	CC1(Oc2ccc(NC(c3ccccc3)C3CCOC3)cc2)COC1	0.034479
rxn:2:122841:138883	CC1(Oc2ccc(NC(c3ccccc3)C3CCC3)cc2)COC1	0.034478
rxn:2:75765:133362	CCc1ccc(C(C)Nc2cc(C)c3ncccc3c2)nc1	0.034477
rxn:2:135132:118518	COc1ccc2c(c1C)CCC2NC1CCC(C(C)(C)C)CC1F	0.034474
rxn:2:129724:115775	CC(CCCC1CC1)NC(C)c1csc(-c2ccccn2)n1	0.034468
rxn:2:104725:89151	CCN(CCNC1CCc2cc3c(cc21)OCC3)c1ccccc1C	0.034468
rxn:2:66440:118998	Cc1cc(C)c2c(c1)C(NC1CC3CCCC(C1)C3(F)F)CCO2	0.034466
rxn:2:111961:93200	COc1ccc2sc(CNC(C)c3cc[nH]c(=O)c3)cc2c1	0.034464
rxn:2:81263:139730	CCCCN1C2CCCC1CC(Nc1cncc(CSC)c1)C2	0.034461
rxn:2:130605:105732	CCC1COCCN1CC1CCCCC1NC1C[C@H]2CCC[C@H]2C1	0.034456
rxn:2:67357:98106	COc1cnc2c(c1)C(NC1CC3CCC(C1)C31SCCS1)CCO2	0.034453
rxn:2:101534:94554	COc1ccc(C2CC(NCC(C)c3ccc4c(c3)OCO4)C2)cc1	0.034452
rxn:2:99334:71823	Cc1nnc2ccc(NC(C)c3nc4c(s3)CCCC4)cc2n1	0.034452
rxn:2:95378:80762	Cc1ccc2c(c1)C(C)CCC2NCc1cnn(C2CCN(C)CC2)c1	0.034449
rxn:2:85826:93200	COCc1ccc2nc(NC(C)c3cc[nH]c(=O)c3)sc2c1	0.034448
rxn:2:92406:93200	COCc1nc2ccc(NC(C)c3cc[nH]c(=O)c3)cc2s1	0.034448
rxn:2:86576:89151	COc1ccc2c(c1)CCC(F)C2NC1CCc2cc3c(cc21)OCC3	0.034446
rxn:2:130768:156750	COc1cc(-c2ccco2)cnc1C(C)NCC12CCC(C)(C1)OC2	0.034439
rxn:2:82403:141707	CCCS(=O)(=O)c1cnc(C)nc1NC1CSCCc2ccccc21	0.034433
rxn:2:95402:76314	Cc1cncnc1C(C)NCC1CN(C)CC(C)(C)N1c1ccccc1	0.034424
rxn:2:95402:110366	Cc1ncncc1C(C)NCC1CN(C)CC(C)(C)N1c1ccccc1	0.034424
rxn:2:86058:143157	CCC1CCCC1NC1COc2cc(-c3cc(OC)cs3)ccc21	0.034423
rxn:2:68182:151641	CC(C)CN1CC[C@@H](NC(C)c2ccc(-c3ccc(=O)n(C)n3)s2)C1	0.034422
rxn:2:66656:75601	CC(C)Oc1ccc2c(c1)CCCC2N[C@H]1C[C@H](Cn2cccn2)C1	0.034418
rxn:2:118769:66379	CCC[C@@H](NC(C)c1cc(CC)cc(OC)n1)c1ccncc1	0.034418
rxn:2:95402:101743	Cc1ccc(C(C)NCC2CN(C)CC(C)(C)N2c2ccccc2)s1	0.034411
rxn:2:77184:67395	c1ccc(SC2CC2CNC2CC(c3nc(C4CC4)no3)C2)cc1	0.034410
rxn:2:140730:96902	c1cnc(C23CCC(Nc4ccnc5ccsc45)CC2C3)nc1	0.034409
rxn:2:102205:77899	Cc1cncc2c1CCC2NCC1CC1CN1CCc2ccccc2C1	0.034406
rxn:2:118893:91021	CCCCC(NCC(C)(C)N1CCC(C)CC1)c1cnccn1	0.034399
rxn:2:77925:111998	CCN1Cc2ccccc2C1CNC1CCCc2c1ccc(C)c2C	0.034395
rxn:2:135338:85635	CSc1cc(NC2CCc3[nH]c4ccccc4c32)cnn1	0.034392
rxn:2:92377:125321	Cc1noc2ncnc(NC(C)c3ccnc(C(C)(C)F)c3)c12	0.034383
rxn:2:93595:72771	CC(C)CC1CC(Nc2ccc(SCc3ncon3)cc2)C1	0.034382
rxn:2:92049:72771	CC(C)CC1CC(Nc2ccccc2SCc2ncon2)C1	0.034382
rxn:2:76776:125510	CC(CCc1ccc(OC(C)C)cc1)NC1CC1C1CCOC1	0.034378
rxn:2:112333:113196	COc1ccc(CCC(C)NCc2nc(=O)[nH][nH]2)cc1C	0.034375
rxn:2:68182:79541	CCOc1cccc2cc(C(C)N[C@@H]3CCN(CC(C)C)C3)oc12	0.034373
rxn:2:68182:113463	CCC(N[C@@H]1CCN(CC(C)C)C1)c1ccc(-c2cncnc2)s1	0.034368
rxn:2:88378:87143	Cc1ccc(-c2nsc(NC(C)CCc3cnsc3)n2)s1	0.034362
rxn:2:66467:89151	Cc1cc(NC2CCc3cc4c(cc32)OCC4)n2ncnc2c1	0.034362
rxn:2:91586:130954	Cc1ccc(C2C(CCNC3CCC4(CC3)CSC4)C2(F)F)s1	0.034360
rxn:2:67357:91584	Cc1cnc2c(c1)C(NC1CC3CCC(C1)C31SCCS1)CCC2	0.034359
rxn:2:72207:85132	CCC(NC1CCN(c2ncnc3ccsc23)C1)C1CCN(CC)C1	0.034358
rxn:2:67607:67040	CCC(CSc1nc(C)cc(C)n1)Nc1ncsn1	0.034358
rxn:2:70477:93200	COc1ccc2oc(CNC(C)c3cc[nH]c(=O)c3)nc2c1	0.034354
rxn:2:136496:84000	CC(NCc1cnn(C)c(=O)c1)c1nc(-c2cccs2)c[nH]1	0.034350
rxn:2:79495:140473	Cc1cccc(C(NCCC2CC2c2cn(C)cn2)C2CC2)c1C	0.034349
rxn:2:67357:93695	Cc1cc(C)c2c(c1)C(NC1CC3CCC(C1)C31SCCS1)CO2	0.034348
rxn:2:67357:81541	Cc1cc(C)c2c(c1)OCC2NC1CC2CCC(C1)C21SCCS1	0.034348
rxn:2:67357:139149	Cc1cc2c(cc1C)C(NC1CC3CCC(C1)C31SCCS1)CO2	0.034348
rxn:2:76062:95041	CSc1ccc(C(C)Nc2nnc(-c3cncs3)s2)s1	0.034347
rxn:2:135078:141943	CCCC(Cc1c(C)nc2ccccn12)NC(CC)C1CSC1	0.034347
rxn:2:132418:90815	CSc1ccc(C(C)Nc2ncnc3[nH]cc(C)c23)cn1	0.034337
rxn:2:93292:78148	CCC1CCC(CC(C)NCC2Cc3nnc(C4CC4)n3C2)CC1	0.034332
rxn:2:68861:91066	FC1(F)CCC(c2cccc(NC3COc4ccsc43)c2)CC1	0.034332
rxn:2:108112:93200	CCOc1ccc2nc(NC(C)c3cc[nH]c(=O)c3)sc2c1	0.034332
rxn:2:96883:93200	CCOc1nc2ccc(NC(C)c3cc[nH]c(=O)c3)cc2s1	0.034332
rxn:2:121310:101216	CCCOc1cccc(C(C)NC2CN(Cc3ccsc3)C2)c1	0.034322
rxn:2:114928:125296	Cc1csc(-c2nnc(NC3c4ccnn4CCC3(C)C)o2)c1	0.034320
rxn:2:126712:138214	Cc1cccc(C2(CNC3CCc4c(C(C)C)cccc43)COC2)c1	0.034305
rxn:2:114928:118472	Cc1csc(-c2nnc(NC3CC(C4CC4)n4nccc43)o2)c1	0.034299
rxn:2:119192:71823	Cc1n[nH]c2ccc(NC(C)c3nc4c(s3)CCCC4)cc12	0.034289
rxn:2:137638:71823	Cc1n[nH]c2cc(NC(C)c3nc4c(s3)CCCC4)ccc12	0.034289
rxn:2:96871:71823	Cc1nc2cc(NC(C)c3nc4c(s3)CCCC4)ccc2[nH]1	0.034289
rxn:2:139567:71205	CC(CCC1(C2CCC2)COC1)Nc1cccnc1C1CCC1	0.034287
rxn:2:76901:141943	CCC(Nc1cnc(CCCc2ccccc2)nc1)C1CSC1	0.034267
rxn:2:121310:105110	CCCCC(NC1CN(Cc2ccsc2)C1)c1ncccc1C	0.034267
rxn:2:152209:105764	CCCCC1CC(Nc2c(C)c(C)nn2-c2cc(C)nc(C)c2)C1	0.034261
rxn:2:140730:67353	CC1(C)CCC(C)(C)CC(Nc2ccnc3ccsc23)C1	0.034255
rxn:2:93079:150696	Cc1n[nH]c(CNC(C)c2nc(-n3cnc(C)c3C)cs2)n1	0.034254
rxn:2:69386:130954	Cc1cc(-c2ccccc2CNC2CCC3(CC2)CSC3)cs1	0.034247
rxn:2:134682:141943	CCC(Nc1[nH]c(=O)[nH]c2nc(=O)[nH]c1-2)C1CSC1	0.034241
rxn:2:125236:76082	COc1cc(NC(C)c2cccc(C)c2C)ccc1OC(C)C	0.034239
rxn:2:139742:76082	COc1ccc(NC(C)c2cccc(C)c2C)cc1OC(C)C	0.034239
rxn:2:95402:102566	Cc1cnccc1C(C)NCC1CN(C)CC(C)(C)N1c1ccccc1	0.034236
rxn:2:84838:140522	CCCC1CCC(NCC(C)N2CCN(c3ccccc3)CC2)C1	0.034235
rxn:2:93079:121818	Cc1n[nH]c(CNC(C)c2cc3c([nH]c2=O)CCCCC3)n1	0.034230
rxn:2:72099:70439	c1nc(N2CCC(NC3CC4OC(C3)C3CC43)CC2)c2[nH]nnc2n1	0.034229
rxn:2:81847:92418	c1nc(N2CC(NC3CCCc4snnc43)C2)c2sccc2n1	0.034213
rxn:2:79495:138728	CSc1cnc(C(C)NCCC2CC2c2cn(C)cn2)c(C)c1	0.034190
rxn:2:114928:110148	CCC1CC(Nc2nnc(-c3cc(C)cs3)o2)c2ccnn2C1	0.034187
rxn:2:112333:94293	CCCOc1ccc2c(c1)C(NCc1nc(=O)[nH][nH]1)CCO2	0.034180
rxn:2:101290:78148	CCC1CCC(CC(C)NCCn2c(C)nnc2C2CC2)CC1	0.034179
rxn:2:114503:125273	CCC(CC1CC1)NCC1CCC(c2nnc(C)n2CC)CC1	0.034179
rxn:2:114503:71485	CCn1c(C)nnc1C1CCC(CNC(C)CCC2CC2)CC1	0.034179
rxn:2:100556:89475	CCC(Nc1c(C)nn2ccccc12)C1CCN(C(CC)CC)C1	0.034177
rxn:2:100556:96813	CCCC(C)N1CCC(C(CC)Nc2c(C)nn3ccccc23)C1	0.034177
rxn:2:92374:89475	CCC(Nc1cccc2nc(C)cn12)C1CCN(C(CC)CC)C1	0.034177
rxn:2:92374:96813	CCCC(C)N1CCC(C(CC)Nc2cccc3nc(C)cn23)C1	0.034177
rxn:2:84173:89475	CCC(Nc1c(C)nc2ccccn12)C1CCN(C(CC)CC)C1	0.034177
rxn:2:84173:96813	CCCC(C)N1CCC(C(CC)Nc2c(C)nc3ccccn23)C1	0.034177
rxn:2:148803:115775	CC(CCCC1CC1)NCc1cc(=O)[nH]c(-c2ccccn2)n1	0.034177
rxn:2:159895:115775	CC(CCCC1CC1)NCc1cc(-c2ccccn2)n[nH]c1=O	0.034177
rxn:2:100556:70917	CCCCN1CCC(C(CC)Nc2c(C)nn3ccccc23)CC1	0.034174
rxn:2:100556:103407	CCCCN1CCCC(C(CC)Nc2c(C)nn3ccccc23)C1	0.034174
rxn:2:92374:103407	CCCCN1CCCC(C(CC)Nc2cccc3nc(C)cn23)C1	0.034174
rxn:2:84173:70917	CCCCN1CCC(C(CC)Nc2c(C)nc3ccccn23)CC1	0.034174
rxn:2:84173:103407	CCCCN1CCCC(C(CC)Nc2c(C)nc3ccccn23)C1	0.034174
rxn:2:92374:70917	CCCCN1CCC(C(CC)Nc2cccc3nc(C)cn23)CC1	0.034174
rxn:2:97885:88715	CC(CCc1nc(C2CCCCC2)cs1)N[C@H]1[C@@H]2CC[C@H]1COC2	0.034173
rxn:2:74325:88715	CC(CCc1nc(C2CCCCC2)cs1)N[C@@H]1[C@@H]2CC[C@H]1COC2	0.034173
rxn:2:65970:79384	C=C=CC(Nc1ccc2c(c1)CCCN2CC)c1ccccc1	0.034172
rxn:2:78023:138214	Cc1cnc2ccc(NC3CCc4c(C(C)C)cccc43)nn12	0.034168
rxn:2:96303:154037	c1cc2[nH]ncc2c2c1C(NC1CC3(CCCCO3)C1)CCCC2	0.034165
rxn:2:65970:74278	CCN1CCCc2cc(NC3CCCc4c(OC)cccc43)ccc21	0.034164
rxn:2:65970:68545	CCN1CCCc2cc(NC3CCCc4cc(OC)ccc43)ccc21	0.034164
rxn:2:65970:118981	CCN1CCCc2cc(NC3CCCc4ccc(OC)cc43)ccc21	0.034164
rxn:2:66976:153588	c1ccc2c3c(ccc2c1)C(Nc1ncon1)CCCC3	0.034161
rxn:2:122841:132995	CC(Nc1ccc(OC2(C)COC2)cc1)c1cccc(C2CC2)c1	0.034147
rxn:2:122841:108213	CC(Nc1ccc(OC2(C)COC2)cc1)c1ccc(C2CC2)cc1	0.034147
rxn:2:114106:66372	Cc1ccc(C(Nc2cncc(C3CC3)c2)C2(C)CC2)cc1C	0.034146
rxn:2:114106:106722	Cc1ccc(C(Nc2cncc(C3CC3)c2)C2CCC2)cc1C	0.034146
rxn:2:159840:115775	CC(CCCC1CC1)Nc1cc(=O)[nH]c(Cc2ccccn2)n1	0.034146
rxn:2:128435:87143	CC(CCc1cnsc1)NCC12CCC(C)(c3nccnc31)C2(C)C	0.034137
rxn:2:121610:89151	Cc1cc(N2CCC(CNC3CCc4cc5c(cc43)OCC5)CC2)n[nH]1	0.034136
rxn:2:75765:87139	Cc1cc(NC(C)c2ccc(N(C)C)cn2)cc2cccnc12	0.034127
rxn:2:112386:93200	COc1cc(C)c(C(CNC(C)c2cc[nH]c(=O)c2)OC)c(C)c1	0.034123
rxn:2:138600:79177	CCC1(NC2CCc3c(OCCN(C)C)cccc32)CC(F)(F)C1	0.034113
rxn:2:73863:105732	CC(Sc1ncn[nH]1)c1cccc(NC2C[C@H]3CCC[C@H]3C2)c1	0.034112
rxn:2:66656:129843	c1cnn(C[C@H]2C[C@H](NC3CCCc4cc(N5CCCC5)ccc43)C2)c1	0.034110
rxn:2:66656:121548	c1cnn(C[C@H]2C[C@H](NC3CCCc4ccc(N5CCCC5)cc43)C2)c1	0.034110
rxn:2:112333:139585	CCC(NCc1nc(=O)[nH][nH]1)c1ccc(OC)c(OC)c1	0.034110
rxn:2:112333:127795	CCOc1cc(C(C)NCc2nc(=O)[nH][nH]2)ccc1OC	0.034110
rxn:2:147092:98801	Cc1ccc2nc(-c3cn[nH]c3NC3CCC3)[nH]c2c1	0.034104
rxn:2:114503:73427	CCn1c(C)nnc1C1CCC(CNC(C)CC2CC2(F)F)CC1	0.034099
rxn:2:67357:84942	Cc1cccc2c1OCCC2NC1CC2CCC(C1)C21SCCS1	0.034099
rxn:2:67357:84952	Cc1ccc2c(c1)C(NC1CC3CCC(C1)C31SCCS1)CCO2	0.034099
rxn:2:67357:115631	Cc1ccc2c(c1)OCCC2NC1CC2CCC(C1)C21SCCS1	0.034099
rxn:2:67357:137089	Cc1cccc2c1C(NC1CC3CCC(C1)C31SCCS1)CCO2	0.034099
rxn:2:93519:85623	Cc1c[nH]c(C(NC2C(F)CC3CC32)c2[nH]cc(C)c2C)c1C	0.034096
rxn:2:140392:70439	CC(C)n1nc(-c2cccs2)cc1CCNC1CC2OC(C1)C1CC21	0.034095
rxn:2:128033:109246	CCc1[nH]nc(-c2cccnc2)c1CCNC(CC)C1(F)CC1	0.034092
rxn:2:86635:141943	CCC(CC)Cc1cc(NC(CC)C2CSC2)n2nccc2n1	0.034089
rxn:2:138043:138214	Cc1ccc(NC2CCc3c(C(C)C)cccc32)c(C)c1C	0.034085
rxn:2:114503:68731	CCn1c(C)nnc1C1CCC(CNCC2CC(C)(C)CCO2)CC1	0.034079
rxn:2:118471:105764	CCCCC1CC(NCC(c2ccc(OC)cc2)N(C)C)C1	0.034073
rxn:2:144340:72493	CC(CCC1CCC1)NC(C)c1cc(=O)[nH]c(-c2ccccn2)n1	0.034056
rxn:2:92374:96424	COc1ccc2c(c1)C(C)CC2Nc1cccc2nc(C)cn12	0.034056
rxn:2:68182:105848	CCOc1ccc(CC)cc1C(C)N[C@@H]1CCN(CC(C)C)C1	0.034045
rxn:2:105075:78603	Cc1cc(NC2CC(c3ccccc3)C2C)cc(N2CCN(C)CC2)c1	0.034043
rxn:2:131385:123226	Cc1ccc(Cc2cc(NC(C)c3cnccn3)ncn2)cc1	0.034043
rxn:2:166860:88988	CCCc1nn(-c2ccnc(C(C)C)c2)cc1NC1CCC1(C)C	0.034041
rxn:2:108474:66368	CCCCN1Cc2ccc(NC3CCCc4c3ccc(=O)n4C)cc2C1	0.034035
rxn:2:86519:130954	Cc1ccc(-c2cn[nH]c2NC2CCC3(CC2)CSC3)c(C)c1C	0.034032
rxn:2:157034:130954	Cc1ccc(S(=O)(=O)c2cn[nH]c2NC2CCC3(CC2)CSC3)cc1	0.034032
rxn:2:87600:132476	Cc1cnc(-n2ncnc2NC(C)c2cc(C)c(C)s2)c(C)c1	0.034025
rxn:2:108497:91066	CCc1cncc(-n2cc(CNC3COc4ccsc43)cn2)c1	0.034025
rxn:2:95402:109400	CN1CC(CNC2CC3COCCN3C2)N(c2ccccc2)C(C)(C)C1	0.034019
rxn:2:131578:125732	CCC(NCc1ccc(C(C)(C)C)nc1)c1cc(C)cc(OC)c1	0.034017
rxn:2:76788:80762	Cc1ccc2c(c1)C(C)CCC2NCc1cncc(C(C)(C)C)c1	0.034014
rxn:2:110651:76082	Cc1ccc(C)c(C2CC2CNC(C)c2cccc(C)c2C)c1	0.034011
rxn:2:127944:132476	Cc1cc(C(C)Nc2cccc3ccsc23)sc1C	0.034009
rxn:2:112356:141943	CCC[C@@H](NC(CC)C1CSC1)c1ccc(SC)cc1	0.034005
rxn:2:82126:82354	CC(Nc1cncc(C(C)(F)F)c1)c1ccnc2c1ccn2C	0.034005
rxn:2:109511:125321	CC(N[C@@H]1C[C@]12CCCc1ccccc12)c1ccnc(C(C)(C)F)c1	0.033997
rxn:2:132313:94554	CCC(C)n1cc(C(C)NC2CC(c3ccc(OC)cc3)C2)cn1	0.033994
rxn:2:135338:76013	CCC(CC(C)(C)c1ccccc1)Nc1cnnc(SC)c1	0.033989
rxn:2:68182:119339	CCC(N[C@@H]1CCN(CC(C)C)C1)c1ccc(-c2cc[nH]c2)s1	0.033986
rxn:2:132356:132476	Cc1cc(C(C)Nc2ncnc3c(C4CC4)c(C)nn23)sc1C	0.033978
rxn:2:83072:66368	CCCCN1CCc2ccc(NC3CCCc4c3ccc(=O)n4C)cc21	0.033975
rxn:2:141997:132476	Cc1cc(C(C)Nc2c(C3CC3)c(C)nn2C(C)(C)C)sc1C	0.033971
rxn:2:93595:140522	CCCC1CCC(Nc2ccc(SCc3ncon3)cc2)C1	0.033968
rxn:2:92049:140522	CCCC1CCC(Nc2ccccc2SCc2ncon2)C1	0.033968
rxn:2:76776:121046	CSc1ccc(C(CC(C)C)NC2CC2C2CCOC2)cc1	0.033963
rxn:2:138600:153014	CCC1(NC(C)c2ccc(C)c(-c3c[nH]nc3C)c2)CC(F)(F)C1	0.033958
rxn:2:114106:120297	c1cc2c(s1)-c1ccsc1C2Nc1cncc(C2CC2)c1	0.033958
rxn:2:114106:68388	c1cc2c(s1)C(Nc1cncc(C3CC3)c1)c1sccc1-2	0.033958
rxn:2:114106:118585	c1cc2c(s1)-c1sccc1C2Nc1cncc(C2CC2)c1	0.033958
rxn:2:114106:125483	c1cc2c(s1)C(Nc1cncc(C3CC3)c1)c1cscc1-2	0.033958
rxn:2:146876:141943	CCC(Nc1c(-c2cnn(C)c2)nc2ccccn12)C1CSC1	0.033958
rxn:2:132418:106780	Cc1c[nH]c2ncnc(NC(C)c3cccc(C(C)F)c3)c12	0.033949
rxn:2:134864:86042	CCc1ccc(CCC(C)Nc2cncc3ncn(C)c23)s1	0.033949
rxn:2:97408:87143	CC(CCc1cnsc1)Nc1ccc2c(c1)CCC(CN(C)C)C2	0.033947
rxn:2:92374:134954	CCC(Nc1cccc2nc(C)cn12)C1CCN(C(C)C2CC2)CC1	0.033947
rxn:2:100556:134954	CCC(Nc1c(C)nn2ccccc12)C1CCN(C(C)C2CC2)CC1	0.033947
rxn:2:84173:134954	CCC(Nc1c(C)nc2ccccn12)C1CCN(C(C)C2CC2)CC1	0.033947
rxn:2:80032:124477	CCCC(NC1CC(CS(=O)(=O)c2ccc(C)cc2)C1)C(C)C	0.033946
rxn:2:92374:77316	CCC(Nc1cccc2nc(C)cn12)C1Cc2ccccc2C1	0.033940
rxn:2:100556:77316	CCC(Nc1c(C)nn2ccccc12)C1Cc2ccccc2C1	0.033940
rxn:2:84173:77316	CCC(Nc1c(C)nc2ccccn12)C1Cc2ccccc2C1	0.033940
rxn:2:130223:70439	CCOCc1cc(N2CCC(NC3CC4OC(C3)C3CC43)C2)ncn1	0.033934
rxn:2:96764:118998	Cc1cc(C)c2c(c1)C(NCC1CC3C(C1)C1CS(=O)(=O)CC31)CCO2	0.033934
rxn:2:105315:139384	Cc1nc2cccnn2c1NC(CN1CCCC1)c1cccs1	0.033933
rxn:2:102258:84776	CC(NC1CC(n2cncn2)C1)c1cccc(-c2cscn2)c1	0.033930
rxn:2:135338:132847	CSc1cc(NC2c3ccccc3-c3cccnc32)cnn1	0.033927
rxn:2:149423:141943	CCC(Nc1nc2ccc(-n3cccn3)c(C)n2n1)C1CSC1	0.033924
rxn:2:120666:93200	CC(NCc1cccnc1OC1CC2CCC1C2)c1cc[nH]c(=O)c1	0.033924
rxn:2:144340:110361	CC(CCC(C)(F)F)NC(C)c1cc(=O)[nH]c(-c2ccccn2)n1	0.033904
rxn:2:95679:73581	c1cnc([C@H](NC(c2cccc(C3CC3)c2)C2CC2)C2CC2)nc1	0.033898
rxn:2:99247:71205	CC(CCC1(C2CCC2)COC1)NC1(CN(C)C)CCOC1	0.033893
rxn:2:167034:141943	CCC(Nc1cc(-c2cccnc2)nc2ccnn12)C1CSC1	0.033891
rxn:2:156926:141943	CCC(Nc1cc(-c2ccccn2)nc2ccnn12)C1CSC1	0.033891
rxn:2:162787:141943	CCC(Nc1c(-c2ccccc2)nnc2ccnn12)C1CSC1	0.033891
rxn:2:162182:141943	CCC(Nc1c(-c2cccnc2)cnc2ccnn12)C1CSC1	0.033891
rxn:2:160811:141943	CCC(Nc1cccc(-c2nnc3ccccn23)n1)C1CSC1	0.033891
rxn:2:143301:141943	CCC(Nc1nccc(-c2cnc3ccccn23)n1)C1CSC1	0.033891
rxn:2:77064:82225	COc1cnc(C)nc1NC(C)c1csc(CN2CCCC(C)C2)n1	0.033886
rxn:2:135338:125433	CSc1cc(NC(CN2CCOCC2)c2ccc(C)cc2)cnn1	0.033884
rxn:2:139592:130132	CCN1CCc2nc(NC3CC(c4ccccc4)N(C)CC3C)sc2C1	0.033882
rxn:2:131966:103571	CCS(=O)(=O)CCn1cnc(NC(C)c2cc3c(s2)CCCC3)n1	0.033878
rxn:2:112040:67083	c1ccc(CC2CC(Nc3nc(-c4cnccn4)ns3)C2)cc1	0.033876
rxn:2:81099:103571	CC(N[C@H]1CCN(CC2CCCCC2)C1)c1cc2c(s1)CCCC2	0.033868
rxn:2:136819:80762	Cc1ccc2c(c1)C(C)CCC2NCc1cnn(CCC(C)C)c1	0.033864
rxn:2:163007:94654	c1cc(-c2n[nH]c3ccc(NC4CC5(CCO5)C4)cc23)ccn1	0.033854
rxn:2:65970:112899	CCN1CCCc2cc(NC3CCc4c3ccc3c4CCC3)ccc21	0.033847
rxn:2:73548:94554	CCC(NC1CC(c2ccc(OC)cc2)C1)c1ccc2c(c1)OCO2	0.033842
rxn:2:119115:94554	CC[C@@H](NC1CC(c2ccc(OC)cc2)C1)c1ccc2c(c1)OCO2	0.033842
rxn:2:119563:94554	CC[C@H](NC1CC(c2ccc(OC)cc2)C1)c1ccc2c(c1)OCO2	0.033842
rxn:2:136598:134526	CC(Nc1ncnc2c1ccn2C)c1cc2c([nH]c1=O)CCC2	0.033840
rxn:2:94058:134526	CC(Nc1ncnc2cn(C)cc12)c1cc2c([nH]c1=O)CCC2	0.033840
rxn:2:112251:76082	Cc1cn(-c2ccc(NC(C)c3cccc(C)c3C)nc2)cn1	0.033836
rxn:2:69592:76082	Cc1cc(NC(C)c2cccc(C)c2C)ccc1-n1cnnc1	0.033836
rxn:2:73707:76082	Cc1ccc(NC(C)c2cccc(C)c2C)cc1-n1cnnc1	0.033836
rxn:2:118623:76082	Cc1cn(-c2ccc(NC(C)c3cccc(C)c3C)cn2)cn1	0.033836
rxn:2:88444:76082	Cc1ccn(-c2cnccc2NC(C)c2cccc(C)c2C)n1	0.033836
rxn:2:138600:98737	CCC1(NC(c2cc(C)c(OC)c(C)c2)C(C)C)CC(F)(F)C1	0.033835
rxn:2:128660:105732	COc1ccc(C(C)(C)C)cc1CC(C)NC1C[C@H]2CCC[C@H]2C1	0.033832
rxn:2:81263:92624	COc1ccc(C(Nc2cncc(CSC)c2)C2CCCO2)cc1	0.033821
rxn:2:138600:92801	CCC(CN(C)C(C)c1cccs1)NC1(CC)CC(F)(F)C1	0.033813
rxn:2:121922:91066	c1cc(NC2COc3ccsc32)cc(C2CCC3(CC2)CC3)c1	0.033811
rxn:2:72656:115775	CC(CCCC1CC1)NCCc1cnc(-c2ccccn2)[nH]1	0.033811
rxn:2:95629:76082	COc1cc(NC(C)c2cccc(C)c2C)cc2ncn(C)c12	0.033803
rxn:2:79223:72771	CC(C)CC1CC(NCCN(C2CC2)C2CCCN(C)C2)C1	0.033801
rxn:2:103292:125321	Cc1coc2ncnc(NC(C)c3ccnc(C(C)(C)F)c3)c12	0.033799
rxn:2:120752:103705	CCc1cccc2c1CCCC2NCC(C)(CC)c1ccncc1	0.033798
rxn:2:161664:92418	O=c1c2cncnc2ccn1CCNC1CCCc2snnc21	0.033785
rxn:2:124137:91066	CCc1ccc(-c2cnc(NC3COc4ccsc43)nc2)cc1	0.033776
rxn:2:65970:97056	CCN1CCCc2cc(NC3CCCOc4cc(C)ccc43)ccc21	0.033775
rxn:2:68559:106568	CCCSc1ccc(NC2CCCCC(C)C2)nn1	0.033775
rxn:2:75595:87143	COc1ccc2cccc(NC(C)CCc3cnsc3)c2n1	0.033771
rxn:2:118150:94554	CCCN1CC2CCCC(C1)C2NC1CC(c2ccc(OC)cc2)C1	0.033769
rxn:2:114928:72985	CCC1CCC(Nc2nnc(-c3cc(C)cs3)o2)c2ccnn21	0.033765
rxn:2:67357:112262	COc1cc(C)cc2c1OCC2NC1CC2CCC(C1)C21SCCS1	0.033759
rxn:2:120264:162733	CC(NC1(COC(C)(C)C)CC1)c1ccc(-c2ncc[nH]c2=O)cn1	0.033747
rxn:2:119724:91066	CC(C)(C)c1nc2ccc(NC3COc4ccsc43)cc2o1	0.033746
rxn:2:135338:117043	CSc1cc(NC2CC3CCCC(C2)N3CC2CCCC2)cnn1	0.033744
rxn:2:144340:115501	CC(CC1CCOCC1)NC(C)c1cc(=O)[nH]c(-c2ccccn2)n1	0.033743
rxn:2:144340:98003	CC(CC1CCCOC1)NC(C)c1cc(=O)[nH]c(-c2ccccn2)n1	0.033743
rxn:2:101903:71823	Cc1nn(C)c2cc(NC(C)c3nc4c(s3)CCCC4)ccc12	0.033739
rxn:2:85248:71823	Cc1c2ccc(NC(C)c3nc4c(s3)CCCC4)cc2nn1C	0.033739
rxn:2:115075:71823	Cc1nn(C)c2ccc(NC(C)c3nc4c(s3)CCCC4)cc12	0.033739
rxn:2:118031:80762	Cc1ccc2c(c1)C(C)CCC2NCc1cnn(C2CCCCN2C)c1	0.033738
rxn:2:110794:132476	Cc1cc(C(C)Nc2c(C3CC3)c(C)nn2CC2CC2)sc1C	0.033737
rxn:2:140730:102026	CC1(C)CC(Nc2ccnc3ccsc23)c2ccccc21	0.033731
rxn:2:74412:134526	CC(NCCn1cc(C2CC2(F)F)cn1)c1cc2c([nH]c1=O)CCC2	0.033730
rxn:2:74012:91066	CCCn1nnnc1-c1cncc(NC2COc3ccsc32)c1	0.033730
rxn:2:114790:71205	Cc1cnc2[nH]c(CNC(C)CCC3(C4CCC4)COC3)cc2c1	0.033728
rxn:2:67607:88359	CCC(Nc1ncsn1)c1ccc(-c2cscc2C)cc1	0.033727
rxn:2:114893:92584	CC(C)Cn1nnnc1-c1ccnc(NC2CCC3(CC2)CC3(F)F)c1	0.033723
rxn:2:138600:65817	CCC1(NC2CC3(CCCC3)Oc3cc(C)ccc32)CC(F)(F)C1	0.033718
rxn:2:121310:117186	CC(NC1CN(Cc2ccsc2)C1)c1ccc2sccc2c1	0.033717
rxn:2:121310:130267	CC(NC1CN(Cc2ccsc2)C1)c1ccc2ccsc2c1	0.033717
rxn:2:109186:140522	CCCC1CCC(N[C@@H](CCC(C)C)c2cccn2C)C1	0.033703
rxn:2:68182:141988	Cc1cc(-c2ccc(C(C)N[C@@H]3CCN(CC(C)C)C3)s2)cs1	0.033691
rxn:2:68182:68807	Cc1ccsc1-c1ccc(C(C)N[C@@H]2CCN(CC(C)C)C2)s1	0.033691
rxn:2:95693:93200	COc1ccc2nc(NC(C)c3cc[nH]c(=O)c3)c(C)cc2c1	0.033686
rxn:2:71296:93200	COc1ccc2cc(C)c(NC(C)c3cc[nH]c(=O)c3)nc2c1	0.033686
rxn:2:69926:93200	COc1ccc2nc(C)cc(NC(C)c3cc[nH]c(=O)c3)c2c1	0.033686
rxn:2:135909:93200	COc1ccc2nc(NC(C)c3cc[nH]c(=O)c3)cc(C)c2c1	0.033686
rxn:2:69269:105732	CN(C)C[C@@H](NC1C[C@H]2CCC[C@H]2C1)C12CC3CC(CC(C3)C1)C2	0.033677
rxn:2:97092:74191	COc1ccnc(C(NCCN2CCc3ccccc3C2)C2CC2)c1	0.033676
rxn:2:69034:94554	COCCn1cc(C(C)NC2CC(c3ccc(OC)cc3)C2)cn1	0.033674
rxn:2:103687:70439	COCCc1cc(N2CCC(NC3CC4OC(C3)C3CC43)C2)ncn1	0.033671
rxn:2:73003:93200	COc1ccc2nc(NC(C)c3cc[nH]c(=O)c3)nc(C)c2c1	0.033666
rxn:2:77444:125321	CC(NCc1cc(=O)[nH]n1C1CCOC1)c1ccnc(C(C)(C)F)c1	0.033665
rxn:2:147532:141943	CCC(Nc1c(-c2cccs2)nc2ccccn12)C1CSC1	0.033665
rxn:2:67872:91066	CCCc1ccn(-c2cncc(NC3COc4ccsc43)c2)n1	0.033656
rxn:2:139963:91066	CCCc1ccnn1-c1cncc(NC2COc3ccsc32)c1	0.033656
rxn:2:136496:155640	Cc1ccc2c(c1)-c1ccccc1C2NCc1cnn(C)c(=O)c1	0.033656
rxn:2:136496:164135	Cc1ccc2c(c1)C(NCc1cnn(C)c(=O)c1)c1ccccc1-2	0.033656
rxn:2:122841:134410	Cc1cc(C(Nc2ccc(OC3(C)COC3)cc2)C2CCC2)ccn1	0.033655
rxn:2:95658:162733	Cc1cccnc1NC(C)c1ccc(-c2ncc[nH]c2=O)cn1	0.033653
rxn:2:139270:162733	Cc1ncccc1NC(C)c1ccc(-c2ncc[nH]c2=O)cn1	0.033653
rxn:2:122814:76082	COc1cc(NC(C)c2cccc(C)c2C)cn2cc(C)nc12	0.033652
rxn:2:75041:76082	COc1cc2nc(C)cn2cc1NC(C)c1cccc(C)c1C	0.033652
rxn:2:83594:91066	COc1ccc(-c2cncc(NC3COc4ccsc43)c2)cc1	0.033652
rxn:2:90440:68923	Cc1nsc2cc(NC(C)c3cc4c(s3)CCC4)ccc12	0.033651
rxn:2:100556:104933	Cc1cc(C)c2c(c1C)OCC2Nc1c(C)nn2ccccc12	0.033651
rxn:2:82403:97201	CCCS(=O)(=O)c1cnc(C)nc1NC(C)c1csc(C2CC2)n1	0.033642
rxn:2:103687:92418	COCCc1cc(N2CCC(NC3CCCc4snnc43)C2)ncn1	0.033642
rxn:2:90529:78603	CCc1n[nH]c2ncnc(NC3CC(c4ccccc4)C3C)c12	0.033639
rxn:2:117619:66368	Cn1c2c(ccc1=O)C(Nc1ccc3c(c1)CCCN3C1COC1)CCC2	0.033639
rxn:2:79495:82263	CCOc1ccc(C(C)NCCC2CC2c2cn(C)cn2)c(C)n1	0.033629
rxn:2:132418:98170	Cc1c[nH]c2ncnc(NC(C)c3cnc(C(C)(C)C)nc3)c12	0.033626
rxn:2:102205:100687	c1ccc2c(c1)CCN(CC1CC1CNC(c1cocn1)C1CC1)C2	0.033622
rxn:2:76062:68868	CC(Nc1nnc(-c2cncs2)s1)c1ccc(S(C)(=O)=O)s1	0.033616
rxn:2:65970:73161	CCN1CCCc2cc(NC3CCCc4c3ccn4C3CC3)ccc21	0.033603
rxn:2:88253:93200	Cc1ccc(-c2nonc2NC(C)c2cc[nH]c(=O)c2)cc1C	0.033597
rxn:2:79515:134526	Cc1nc2c(NC(C)c3cc4c([nH]c3=O)CCC4)ncnc2s1	0.033592
rxn:2:73605:134526	Cc1nc2ncnc(NC(C)c3cc4c([nH]c3=O)CCC4)c2s1	0.033592
rxn:2:68182:88749	COc1ncccc1C(N[C@@H]1CCN(CC(C)C)C1)c1ccccn1	0.033592
rxn:2:112333:139875	O=c1nc(CNC(c2ccccc2)c2ccsc2)[nH][nH]1	0.033586
rxn:2:92427:66368	Cc1cc(NC2CCCc3c2ccc(=O)n3C)ccc1N1CCN(C)CC1	0.033584
rxn:2:91808:80762	Cc1ccc2c(c1)C(C)CCC2NCc1cncc(CC(C)C)c1	0.033580
rxn:2:67357:119575	COc1cccc2c1OCCC2NC1CC2CCC(C1)C21SCCS1	0.033579
rxn:2:67357:107137	COc1ccc2c(c1)C(NC1CC3CCC(C1)C31SCCS1)CCO2	0.033579
rxn:2:67357:127878	COc1ccc2c(c1)OCCC2NC1CC2CCC(C1)C21SCCS1	0.033579
rxn:2:125696:70439	CC1CCC(N2CCC(F)(CNC3CC4OC(C3)C3CC43)CC2)CC1	0.033578
rxn:2:77581:76082	COc1ccc(NC(C)c2cccc(C)c2C)cc1C(C)(C)C	0.033571
rxn:2:124999:76082	COc1cc(NC(C)c2cccc(C)c2C)ccc1C(C)(C)C	0.033571
rxn:2:90440:114549	Cc1nsc2cc(NC(C)c3nc4c(s3)CCN(C)C4)ccc12	0.033571
rxn:2:66656:136429	CC(C)Cc1ccc2c(c1)CCCC2N[C@H]1C[C@H](Cn2cccn2)C1	0.033570
rxn:2:120274:66800	CC(NCc1ccsc1)c1cccc(-c2ccsc2)c1	0.033569
rxn:2:140411:112899	COC(CNC1CCc2c1ccc1c2CCC1)C1CCC(F)(F)CC1	0.033568
rxn:2:146080:141943	CCC(Nc1cc(-c2ccccc2)nc2ccnn12)C1CSC1	0.033542
rxn:2:144646:141943	CCC(Nc1c(-c2ccncc2)nc2ccccn12)C1CSC1	0.033542
rxn:2:161560:141943	CCC(Nc1c(-c2ccccn2)nc2ccccn12)C1CSC1	0.033542
rxn:2:164779:141943	CCC(Nc1c(-c2cccnc2)nc2ccccn12)C1CSC1	0.033542
rxn:2:159746:141943	CCC(Nc1ccc(-c2nnc3ccccn23)cc1)C1CSC1	0.033542
rxn:2:144617:141943	CCC(Nc1cccc(-c2nnc3ccccn23)c1)C1CSC1	0.033542
rxn:2:167742:141943	CCC(Nc1c(-c2ccccc2)nc2cnccn12)C1CSC1	0.033542
rxn:2:91824:80762	Cc1ccc2c(c1)C(C)CCC2NC1CCN(c2cnn(C)c(=O)c2)CC1	0.033542
rxn:2:122542:80762	Cc1ccc2c(c1)C(C)CCC2NC1CCCN(c2cnn(C)c(=O)c2)C1	0.033542
rxn:2:92682:74191	COc1ccnc(C(NC(C)CN2Cc3ccccc3C2)C2CC2)c1	0.033541
rxn:2:95972:130954	COc1ccc(-c2cn[nH]c2NC2CCC3(CC2)CSC3)cc1OC	0.033540
rxn:2:167725:91939	CN1CCC(Nc2ncc(-c3csc4ccccc34)o2)C1(C)C	0.033540
rxn:2:107521:168163	Cc1cncnc1-c1ccc(C(C)NCC2CN(C)C(C)(C)CN2C)s1	0.033537
rxn:2:108696:141943	CCC(NC1CCC(c2ccc(OC(C)C)cc2)C1)C1CSC1	0.033529
rxn:2:136496:122625	Cc1cc(C)c(C)c(CCCC(C)NCc2cnn(C)c(=O)c2)c1C	0.033524
rxn:2:71943:125321	Cc1n[nH]c2ncnc(NC(C)c3ccnc(C(C)(C)F)c3)c12	0.033520
rxn:2:74950:125321	Cc1[nH]nc2c(NC(C)c3ccnc(C(C)(C)F)c3)ncnc12	0.033520
rxn:2:110495:125321	Cc1nc2ncnc(NC(C)c3ccnc(C(C)(C)F)c3)c2[nH]1	0.033520
rxn:2:144340:96089	CC(CC1CCCCC1)NC(C)c1cc(=O)[nH]c(-c2ccccn2)n1	0.033518
rxn:2:83830:90296	CCCc1ccnc(-c2ccc(CNC3CC(C4CC4)C3)s2)c1	0.033509
rxn:2:135338:129666	CCOc1cccc(C(Nc2cnnc(SC)c2)C(C)(C)C)c1	0.033509
rxn:2:67607:153588	c1ccc2c3c(ccc2c1)C(Nc1ncsn1)CCCC3	0.033507
rxn:2:67607:157452	c1ccc2cc3c(cc2c1)CCCCC3Nc1ncsn1	0.033507
rxn:2:67357:97067	CC(NC1CC2CCC(C1)C21SCCS1)c1ccc(S(C)(=O)=O)nc1	0.033504
rxn:2:135338:121285	CCC(Nc1cnnc(SC)c1)c1cc(OC)c(C)cc1OC	0.033494
rxn:2:134416:138146	CCC(Cc1cccnc1)NCC1CCCN1Cc1ccccc1	0.033477
rxn:2:154196:66390	Cc1cnc(-n2nc(C)c(C3CC3)c2NC2CCC2S(C)(=O)=O)c(C)c1	0.033473
rxn:2:68721:76082	COc1ccc(NC(C)c2cccc(C)c2C)cc1N1CCN(C)CC1	0.033468
rxn:2:72134:76082	COc1cc(NC(C)c2cccc(C)c2C)ccc1N1CCN(C)CC1	0.033468
rxn:2:133665:134526	Cc1cn2ncnc2c(NC(C)c2cc3c([nH]c2=O)CCC3)n1	0.033465
rxn:2:102284:80762	Cc1ccc2c(c1)C(C)CCC2NCc1cnc2c(c1)nnn2C	0.033463
rxn:2:71682:67395	Cc1cc(CC(C)(C)CNC2CC(c3nc(C4CC4)no3)C2)n(C)n1	0.033459
rxn:2:105315:109488	CCC(Nc1c(C)nc2cccnn12)C1CCCN(C2CCCCC2)C1	0.033451
rxn:2:105315:112206	CCC(Nc1c(C)nc2cccnn12)C1CCN(C2CCCCC2)CC1	0.033451
rxn:2:122841:106635	CC1(Oc2ccc(NC(c3cccnc3)C3CCCC3)cc2)COC1	0.033450
rxn:2:122841:135799	CC1(Oc2ccc(NC(c3ccncc3)C3CCCC3)cc2)COC1	0.033450
rxn:2:134864:79973	COC1COc2cc(C)ccc2C1Nc1cncc2ncn(C)c12	0.033441
rxn:2:139592:80011	CCN1CCc2nc(NC3CN(c4cccc(C)c4)C(C)(C)C3)sc2C1	0.033440
rxn:2:114503:106900	CCn1c(C)nnc1C1CCC(CNC(C)CC2CCCC2)CC1	0.033438
rxn:2:106979:105732	CN(Cc1ccccc1NC1C[C@H]2CCC[C@H]2C1)c1ccccc1	0.033437
rxn:2:94632:89151	Cc1cc(N2CCC(CNC3CCc4cc5c(cc43)OCC5)CC2)ncn1	0.033435
rxn:2:87702:89151	Cc1ccc(N2CCC(CNC3CCc4cc5c(cc43)OCC5)CC2)nn1	0.033435
rxn:2:91593:89151	Cc1cncc(N2CCC(CNC3CCc4cc5c(cc43)OCC5)CC2)n1	0.033435
rxn:2:111719:89151	Cc1cnc(N2CCCC(CNC3CCc4cc5c(cc43)OCC5)C2)nc1	0.033435
rxn:2:66656:72000	COc1cc2c(cc1C)CCCCC2N[C@H]1C[C@H](Cn2cccn2)C1	0.033435
rxn:2:139592:132913	CCN1CCc2nc(NC(C)c3c[nH]c4cnccc34)sc2C1	0.033435
rxn:2:93357:91066	CC(CNC1COc2ccsc21)c1nc(-c2cccs2)nn1C	0.033430
rxn:2:72786:117216	Cc1cc2c(cc1C(C)Nc1ncnc3c1nc(C)n3C)CCO2	0.033425
rxn:2:77723:94554	COc1ccc(C2CC(NC(C)c3cnn(C4CCCC4)c3)C2)cc1	0.033422
rxn:2:140418:132476	Cc1cc(C(C)Nc2c(C3CC3)c(C)nn2CCN(C)C)sc1C	0.033422
rxn:2:106741:134526	CC(Nc1ncnc2c1ncn2C)c1cc2c([nH]c1=O)CCC2	0.033420
rxn:2:77142:134526	CC(Nc1ncnc2cn(C)nc12)c1cc2c([nH]c1=O)CCC2	0.033420
rxn:2:129063:134526	CC(Nc1ncnc2c1cnn2C)c1cc2c([nH]c1=O)CCC2	0.033420
rxn:2:94400:134526	CC(Nc1ncnc2ncn(C)c12)c1cc2c([nH]c1=O)CCC2	0.033420
rxn:2:86712:132476	Cc1cc(C(C)Nc2c(C3CC3)c(C)nn2C2CCC2)sc1C	0.033409
rxn:2:120627:132476	Cc1cc(C(C)Nc2c(C3CCC3)c(C)nn2C2CC2)sc1C	0.033409
rxn:2:121310:133871	CSCC(NC1CN(Cc2ccsc2)C1)c1ccc2c(c1)CCC2	0.033399
rxn:2:82403:141800	CCCS(=O)(=O)c1cnc(C)nc1NC(C)c1csc(C(C)C)n1	0.033397
rxn:2:140730:90536	CCn1nc(C(C)C)cc1C(C)Nc1ccnc2ccsc12	0.033394
rxn:2:97174:125826	Cc1cc2c(cc1C)C(Nn1sc3ccccc3c1=O)C(C)C2	0.033388
rxn:2:68182:74854	CCCSc1ccc(C(C)N[C@@H]2CCN(CC(C)C)C2)s1	0.033388
rxn:2:100644:134526	CC(Nc1ncn(C)c2ncnc1-2)c1cc2c([nH]c1=O)CCC2	0.033388
rxn:2:140730:69839	c1cc(NC2CC(Cc3noc(C4CC4)n3)C2)c2sccc2n1	0.033383
rxn:2:132418:81498	Cc1c[nH]c2ncnc(NC(C)c3cccc(S(C)(=O)=O)c3)c12	0.033383
rxn:2:68182:81084	CCOc1cc(C)c(C(C)N[C@@H]2CCN(CC(C)C)C2)c(C)c1C	0.033382
rxn:2:121310:72473	CC(NC1CN(Cc2ccsc2)C1)c1cccc(N2CCCCC2)c1	0.033382
rxn:2:149062:127910	CC(N[C@@H]1CCN(c2ncnc3ccccc23)C1)c1cccnc1	0.033379
rxn:2:81263:80829	CSCc1cncc(NC2CC3CCCC(C2)N3C(C)C(C)C)c1	0.033371
rxn:2:109067:66368	Cc1ccc2c(c1)CCCN2CC(C)NC1CCCc2c1ccc(=O)n2C	0.033370
rxn:2:101341:66368	CCc1cc(NC2CCCc3c2ccc(=O)n3C)ccc1N1CCOCC1	0.033368
rxn:2:74678:91066	CCc1ccc(Cn2cc(NC3COc4ccsc43)cn2)cc1	0.033365
rxn:2:128593:109246	CCC(NCc1cn(-c2ccc(SC)cc2)nc1C)C1(F)CC1	0.033365
rxn:2:122097:71823	CC(Nc1nnc(C2CCC(F)(F)CC2)o1)c1nc2c(s1)CCCC2	0.033357
rxn:2:91926:71205	CCSc1ccc(NC(C)CCC2(C3CCC3)COC2)nn1	0.033351
rxn:2:77407:118131	COc1ccc(C(NC2CC(c3ncc(C)s3)C2)C(C)C)c(C)c1	0.033349
rxn:2:102205:124510	CCC(NCC1CC1CN1CCc2ccccc2C1)c1ccccn1	0.033347
rxn:2:87582:134526	CC(Nc1cc(C(C)(C)C(C)(C)C)nn1C)c1cc2c([nH]c1=O)CCC2	0.033347
rxn:2:65970:129950	CCN1CCCc2cc(NC(C)CCCN3CCSCC3)ccc21	0.033345
rxn:2:69396:91066	CCc1ccc(-c2cc(NC3COc4ccsc43)cs2)nc1	0.033329
rxn:2:89603:118998	Cc1cc(C)c2c(c1)C(NC1CC3CCC(C1)N3c1ncccn1)CCO2	0.033325
rxn:2:139025:125732	CCC(Nc1cc(CC(C)C)ccn1)c1cc(C)cc(OC)c1	0.033324
rxn:2:100556:112163	COc1cccc(N2CCC(Nc3c(C)nn4ccccc34)C2)c1	0.033324
rxn:2:136222:66368	Cn1c2c(ccc1=O)C(NCCN1CCCCCc3ccccc31)CCC2	0.033323
rxn:2:134922:92418	Cc1nn(C(C)C(C)(C)C)c(NC2CCCc3snnc32)c1C1CC1	0.033313
rxn:2:66656:78952	CCN(CC)c1ccc(C(C)N[C@H]2C[C@H](Cn3cccn3)C2)cc1	0.033312
rxn:2:80792:82225	CCN1CC(NC(C)c2csc(CN3CCCC(C)C3)n2)C(C)(C)C1	0.033311
rxn:2:112333:70154	COc1ccc(C(CC(C)C)NCc2nc(=O)[nH][nH]2)cc1C	0.033304
rxn:2:112333:96382	Cc1cc(C(C)NCc2nc(=O)[nH][nH]2)ccc1OCC(C)C	0.033304
rxn:2:99134:131002	CCCC(Nc1cncc(CC)c1)C1CCCN1C(C)C1CC1	0.033304
rxn:2:99134:91984	CCc1cncc(NC(C)c2oc(-c3ccccn3)nc2C)c1	0.033299
rxn:2:79579:141943	CCC(Nc1nccn1CCC(C)c1ccccc1)C1CSC1	0.033284
rxn:2:76062:120353	CCCc1ccc(C(C)Nc2nnc(-c3cncs3)s2)s1	0.033284
rxn:2:67050:153606	COc1cc(-c2cnc(C(C)Nc3nccs3)s2)ccc1C	0.033283
rxn:2:78430:71823	CC(Nc1ccc2ccsc2c1)c1nc2c(s1)CCCC2	0.033282
rxn:2:130371:66368	CCN1CCN(CC)c2cc(NC3CCCc4c3ccc(=O)n4C)ccc21	0.033278
rxn:2:122611:137914	CCCOc1ccnc2c1CCCC2NC1CC(CCSC)C1	0.033276
rxn:2:82403:132416	CCCS(=O)(=O)c1cnc(C)nc1NC1CCCCC1C1CCCO1	0.033275
rxn:2:100556:71487	Cc1nn2ccccc2c1NCC1CCCCN1c1cccnc1	0.033274
rxn:2:72786:130817	Cc1nc2c(NC(C)c3cccc4c3CCCC4)ncnc2n1C	0.033272
rxn:2:72786:113405	Cc1nc2c(NC(C)c3ccc4c(c3)CCCC4)ncnc2n1C	0.033272
rxn:2:80107:134526	CC(Nc1ncnc2nccnc12)c1cc2c([nH]c1=O)CCC2	0.033270
rxn:2:149062:97359	CC(N[C@@H]1CCN(c2ncnc3ccccc23)C1)c1ccccc1	0.033268
rxn:2:99134:139451	CCc1cncc(NC(C)c2csc(-c3cnoc3C)c2)c1	0.033266
rxn:2:75765:116135	Cc1cc(NC2CC(C)Cc3occc32)cc2cccnc12	0.033264
rxn:2:75765:92712	COCc1ccc(C(C)Nc2cc(C)c3ncccc3c2)nc1	0.033257
rxn:2:73280:71205	CC(CCC1(C2CCC2)COC1)Nc1ccc(C2CCCC2)nn1	0.033252
rxn:2:97174:67188	CC(C)Oc1ccc(C(C)Nn2sc3ccccc3c2=O)cc1	0.033251
rxn:2:132418:100324	Cc1c[nH]c2ncnc(NC(C)c3ccc(C(C)(F)F)nc3)c12	0.033239
rxn:2:132418:141393	Cc1c[nH]c2ncnc(NC(C)c3cc(C(C)(F)F)ccn3)c12	0.033239
rxn:2:132418:88608	Cc1c[nH]c2ncnc(NC(C)c3cccc(C(C)(F)F)n3)c12	0.033239
rxn:2:122592:66368	CC(C)N1CCCc2cc(CNC3CCCc4c3ccc(=O)n4C)ccc21	0.033235
rxn:2:141570:91021	CCCCC(Nc1cc(N(CC)CC)ncn1)c1cnccn1	0.033233
rxn:2:68182:87817	CCC(N[C@@H]1CCN(CC(C)C)C1)c1ccc(-c2ccncc2)s1	0.033222
rxn:2:110968:74191	COc1ccnc(C(Nc2c(C)c3c([nH]c2=O)CCN(C)C3)C2CC2)c1	0.033222
rxn:2:104361:74191	COc1ccnc(C(NCC2CC2Cc2ccccc2)C2CC2)c1	0.033216
rxn:2:133868:74191	COc1ccnc(C(NC[C@@H]2C[C@H]2Cc2ccccc2)C2CC2)c1	0.033216
rxn:2:79495:99729	CCOc1ccc(C(C)NCCC2CC2c2cn(C)cn2)c(C)c1	0.033214
rxn:2:114106:143882	c1ccc2cc3c(cc2c1)OCC3Nc1cncc(C2CC2)c1	0.033213
rxn:2:114106:161264	c1ccc2c3c(ccc2c1)OCC3Nc1cncc(C2CC2)c1	0.033213
rxn:2:122841:79348	COc1cc(C(Nc2ccc(OC3(C)COC3)cc2)C2CC2)ccn1	0.033210
rxn:2:125761:141943	CCC(NCC(c1csc2ccccc12)C(C)C)C1CSC1	0.033209
rxn:2:130786:91066	c1cc2c(s1)C(Nc1ccc(C3CCCCCC3)cc1)CO2	0.033201
rxn:2:141217:90296	CCN(c1ccccc1)c1cccc(NC2CC(C3CC3)C2)c1	0.033201
rxn:2:65970:100147	CCN1CCCc2cc(NC3CCCCc4c3cnn4CC)ccc21	0.033200
rxn:2:99037:132476	Cc1cc(NC(C)c2cc(C)c(C)s2)cnc1N1CCC(C)CC1	0.033197
rxn:2:107883:89151	Cc1cc(N2CCC(CNC3CCc4cc5c(cc43)OCC5)CC2)ccn1	0.033189
rxn:2:85410:89151	Cc1ccc(N2CCC(CNC3CCc4cc5c(cc43)OCC5)CC2)cn1	0.033189
rxn:2:132418:125887	Cc1cc(C(Nc2ncnc3[nH]cc(C)c23)C(C)C)c(C)s1	0.033188
rxn:2:132418:78696	Cc1c[nH]c2ncnc(NC(C)c3csc(C(C)(C)C)c3)c12	0.033180
rxn:2:74352:92418	c1ccc2nc(N3CC(NC4CCCc5snnc54)C3)ccc2c1	0.033177
rxn:2:132418:78697	Cc1c[nH]c2ncnc(NC(C)c3ccc(C(C)(C)C)nc3)c12	0.033177
rxn:2:132418:141963	Cc1c[nH]c2ncnc(NC(C)c3cc(C(C)(C)C)ccn3)c12	0.033177
rxn:2:132418:91298	Cc1c[nH]c2ncnc(NC(C)c3cncc(C(C)(C)C)c3)c12	0.033177
rxn:2:132418:129807	Cc1c[nH]c2ncnc(NC(C)c3ncccc3C(C)(C)C)c12	0.033177
rxn:2:141825:130954	Cc1ccc(C)c(-c2cn[nH]c2CCNC2CCC3(CC2)CSC3)c1	0.033177
rxn:2:74325:86611	CC1(C)[C@H]2CC[C@]3(C2)[C@H]1C(N[C@@H]1[C@@H]2CC[C@H]1COC2)CCC3(C)C	0.033175
rxn:2:65970:121252	CCN1CCCc2cc(NC(C)c3cncc4nccn34)ccc21	0.033172
rxn:2:123275:122221	Cc1cc(=O)[nH]c2c1C(Nc1ccc(SC34CC(C3)C4)cc1)CCC2	0.033169
rxn:2:94936:111998	Cc1ccc2c(c1C)CCCC2NC1CCc2cc3c(cc2C1)OCO3	0.033164
rxn:2:70467:125321	Cc1c[nH]c2nc(NC(C)c3ccnc(C(C)(C)F)c3)ncc12	0.033159
rxn:2:67688:125321	Cc1cc2c(NC(C)c3ccnc(C(C)(C)F)c3)ncnc2[nH]1	0.033159
rxn:2:83401:125321	Cc1ccnc2[nH]nc(NC(C)c3ccnc(C(C)(C)F)c3)c12	0.033159
rxn:2:140610:125321	Cc1ncc2c(NC(C)c3ccnc(C(C)(C)F)c3)c[nH]c2n1	0.033159
rxn:2:137871:125321	Cc1cc2[nH]nc(NC(C)c3ccnc(C(C)(C)F)c3)c2cn1	0.033159
rxn:2:132418:70801	Cc1c[nH]c2ncnc(NC(C)c3ccc(C(C)(C)F)nc3)c12	0.033159
rxn:2:66976:89005	Cc1ccc(SCC(Nc2ncon2)c2ccco2)cc1	0.033154
rxn:2:88308:94554	COc1ccc(C2CC(N[C@@H](C)c3ccc4c(c3)OCCCO4)C2)cc1	0.033146
rxn:2:92630:94554	COc1ccc(C2CC(N[C@H](C)c3ccc4c(c3)OCCCO4)C2)cc1	0.033146
rxn:2:126694:94554	COc1ccc(C2CC(NC(C)c3ccc4c(c3)OCCCO4)C2)cc1	0.033146
rxn:2:156652:128181	CC1(C)Cc2c(ccn2-c2nccs2)C(NC2CC3CCC2CC3)C1	0.033135
rxn:2:124287:92418	CC(CN1CCOCC1CN1CCCC1)NC1CCCc2snnc21	0.033119
rxn:2:121330:71823	CC(Nc1cc2c(cc1OC1COC1)OCO2)c1nc2c(s1)CCCC2	0.033117
rxn:2:144954:70439	c1nc(-n2ccc(NC3CC4OC(C3)C3CC43)n2)c2sccc2n1	0.033116
rxn:2:146579:70439	c1nc(-n2cc(NC3CC4OC(C3)C3CC43)cn2)c2sccc2n1	0.033116
rxn:2:71993:105764	CCCCC1CC(Nc2cc(C)ccc2N(C)C2CCC2)C1	0.033113
rxn:2:102205:116059	c1coc(C(NCC2CC2CN2CCc3ccccc3C2)C2CC2)c1	0.033113
rxn:2:149165:118131	Cc1cnc(C2CC(Nc3cc4c(cc3C)n(C)c(=O)n4C)C2)s1	0.033099
rxn:2:78314:91021	CCCCC(Nc1cc(OCC(C)C)ncn1)c1cnccn1	0.033099
rxn:2:109856:66368	CCN1Cc2cc(NC3CCCc4c3ccc(=O)n4C)ccc2C(C)(C)C1	0.033098
rxn:2:90268:125321	Cc1c2c(NC(C)c3ccnc(C(C)(C)F)c3)ncnc2nn1C	0.033096
rxn:2:70526:125321	Cc1c2ncnc(NC(C)c3ccnc(C(C)(C)F)c3)c2nn1C	0.033096
rxn:2:72207:119465	CC(C)CCC1CCC(NC2CCN(c3ncnc4ccsc34)C2)C1	0.033093
rxn:2:136243:91066	c1ccc(COc2cncc(NC3COc4ccsc43)c2)cc1	0.033090
rxn:2:134864:118983	CCC1Oc2c(C)cc(C)cc2C1Nc1cncc2ncn(C)c12	0.033089
rxn:2:114106:69433	CCC(CN1CCN(CC2CC2)CC1)Nc1cncc(C2CC2)c1	0.033087
rxn:2:102205:71635	c1ccc2c(c1)CCN(CC1CC1CNC1CCC3C4CCC(C4)C13)C2	0.033082
rxn:2:91102:66368	CC(C)CN1CCc2cc(NC3CCCc4c3ccc(=O)n4C)ccc2C1	0.033079
rxn:2:101834:66368	CC(C)CN1CCc2ccc(NC3CCCc4c3ccc(=O)n4C)cc2C1	0.033079
rxn:2:76776:91835	CCCc1ccc2c(c1)C(NC1CC1C1CCOC1)CC(C)CC2	0.033073
rxn:2:81887:103336	CCc1csc(C(C)Nc2nc(N3CCOCC3)[nH]c(=O)c2CC)c1	0.033067
rxn:2:66656:67445	CC(C)(C)Oc1ccc2c(c1)CCCC2N[C@H]1C[C@H](Cn2cccn2)C1	0.033065
rxn:2:68182:143219	Cc1nc(-c2ccc(C(C)N[C@@H]3CCN(CC(C)C)C3)s2)c(C)s1	0.033061
rxn:2:130048:153276	CC(C)Oc1cncc(-c2ccc(C(C)NC3C4CCOCC43)nc2)c1	0.033060
rxn:2:67756:93200	COc1ccc2ncc(CNC(C)c3cc[nH]c(=O)c3)cc2c1	0.033057
rxn:2:105512:87143	CC(CCc1cnsc1)NCC1CC(F)CN1Cc1ccnn1C	0.033053
rxn:2:132418:110989	Cc1c[nH]c2ncnc(NC(C)c3ccnc(S(C)(=O)=O)c3)c12	0.033051
rxn:2:95598:91066	FC(F)(c1cncc(NC2COc3ccsc32)c1)c1nnn[nH]1	0.033051
rxn:2:108572:80762	Cc1ccc2c(c1)C(C)CCC2NCc1cncc(N2CCN(C)CC2)c1	0.033050
rxn:2:122811:130954	CCCc1ccc(-c2cn[nH]c2NC2CCC3(CC2)CSC3)cc1	0.033045
rxn:2:141119:66379	CCc1cc(OC)nc(C(C)NC2CCCN(c3cc(C)ncn3)C2)c1	0.033043
rxn:2:146398:118131	Cc1cnc(C2CC(NCc3ccc4c(c3)n(C)c(=O)n4C)C2)s1	0.033042
rxn:2:75765:91973	CCCC(Nc1cc(C)c2ncccc2c1)c1ccccn1	0.033038
rxn:2:104121:91066	CC(c1ccc(NC2COc3ccsc32)cc1)N(C)CC(C)(C)C	0.033038
rxn:2:82737:130954	COc1c(C)cc(-c2cn[nH]c2NC2CCC3(CC2)CSC3)cc1C	0.033035
rxn:2:68898:80762	Cc1ccc2c(c1)C(C)CCC2NCc1cnc2cnn(C)c2c1	0.033035
rxn:2:103990:80762	Cc1ccc2c(c1)C(C)CCC2NCc1cnc2c(cnn2C)c1	0.033035
rxn:2:91176:80762	Cc1ccc2c(c1)C(C)CCC2NCc1cc2c(cn1)cnn2C	0.033035
rxn:2:86477:80762	Cc1ccc2c(c1)C(C)CCC2NCc1cncc2cnn(C)c12	0.033035
rxn:2:105207:80762	Cc1ccc2c(c1)C(C)CCC2NCc1ccc2c(c1)nnn2C	0.033035
rxn:2:127667:80762	Cc1ccc2c(c1)C(C)CCC2NCc1ccc2nnn(C)c2c1	0.033035
rxn:2:144313:70439	O=c1[nH]nc2c(N3CCC(NC4CC5OC(C4)C4CC54)C3)nccn12	0.033030
rxn:2:81263:93972	CSCc1cncc(NC2CCC3CC(C(C)C)CCC3C2)c1	0.033030
rxn:2:81887:111040	CCc1c(NC(C)c2cncn2CC)nc(N2CCOCC2)[nH]c1=O	0.033008
rxn:2:139932:66368	CCCN1CCCOc2ccc(NC3CCCc4c3ccc(=O)n4C)cc21	0.032999
rxn:2:99919:66368	COc1cc(NC2CCCc3c2ccc(=O)n3C)ccc1N1CCCCC1	0.032999
rxn:2:164621:94654	c1ccc(-c2nccc3sccc23)c(NC2CC3(CCO3)C2)c1	0.032997
rxn:2:90399:66368	Cn1c2c(ccc1=O)C(Nc1ccc3c(c1)CCN3CC1CCC1)CCC2	0.032993
rxn:2:118075:66368	Cn1c2c(ccc1=O)C(Nc1ccc3c(c1)N(CC1CC1)CCC3)CCC2	0.032993
rxn:2:68182:146827	Cc1cc(-c2ccc(C(C)N[C@@H]3CCN(CC(C)C)C3)s2)cc(=O)[nH]1	0.032992
rxn:2:68182:158018	Cc1cc(-c2ccc(C(C)N[C@@H]3CCN(CC(C)C)C3)s2)c[nH]c1=O	0.032992
rxn:2:68182:166631	Cc1c[nH]c(-c2ccc(C(C)N[C@@H]3CCN(CC(C)C)C3)s2)cc1=O	0.032992
rxn:2:140971:87143	CC(CCc1cnsc1)Nc1cnn(CCC2CCCCC2)c1	0.032991
rxn:2:110631:87143	CC(CCc1cnsc1)NCc1cccc(=O)n1C1CCN(C)CC1	0.032990
rxn:2:141498:118518	COc1ccc2c(c1C)CCC2Nc1cc2[nH]cnc2cc1C	0.032989
rxn:2:135338:119200	CSc1cc(NC(c2cncnc2)c2ccccn2)cnn1	0.032987
rxn:2:93595:137914	CSCCC1CC(Nc2ccc(SCc3ncon3)cc2)C1	0.032987
rxn:2:92049:137914	CSCCC1CC(Nc2ccccc2SCc2ncon2)C1	0.032987
rxn:2:66656:91246	CCCOc1ccc2c(c1)CCCC2N[C@H]1C[C@H](Cn2cccn2)C1	0.032987
rxn:2:66656:136497	CCCOc1ccc2c(c1)C(N[C@H]1C[C@H](Cn3cccn3)C1)CCC2	0.032987
rxn:2:91434:87143	CC(CCc1cnsc1)NC(c1ccccc1)c1ncon1	0.032962
rxn:2:94888:138146	CCC(Cc1cccnc1)NC1CC(C)(C)Cc2c1ccc(=O)n2CC	0.032960
rxn:2:65970:73879	CCN1CCCc2cc(NC3CCCc4c3cnn4CCOC)ccc21	0.032959
rxn:2:69510:71823	Cc1ccc2c(NC(C)c3nc4c(s3)CCCC4)nsc2c1	0.032958
rxn:2:123852:71823	Cc1ccc2snc(NC(C)c3nc4c(s3)CCCC4)c2c1	0.032958
rxn:2:138798:71823	Cc1nc2ccc(NC(C)c3nc4c(s3)CCCC4)cc2s1	0.032958
rxn:2:131482:71823	Cc1nc2cc(NC(C)c3nc4c(s3)CCCC4)ccc2s1	0.032958
rxn:2:104499:71823	Cc1cccc2snc(NC(C)c3nc4c(s3)CCCC4)c12	0.032958
rxn:2:105124:71823	Cc1nsc2ccc(NC(C)c3nc4c(s3)CCCC4)cc12	0.032958
rxn:2:103711:91066	Cc1cc(NC2COc3ccsc32)cc(C2CCC(C)CC2)c1	0.032956
rxn:2:102258:120265	c1cc(C(NC2CC(n3cncn3)C2)c2nnc[nH]2)ccn1	0.032953
rxn:2:135338:107696	CSc1cc(NC(c2cccc(C)c2)c2ccon2)cnn1	0.032946
rxn:2:71983:71823	CCC(F)(F)c1ccc(NC(C)c2nc3c(s2)CCCC3)cc1	0.032943
rxn:2:66718:92418	c1ccc2c(N3CC(NC4CCCc5snnc54)C3)ncnc2c1	0.032940
rxn:2:127054:92418	c1ccc2nc(N3CC(NC4CCCc5snnc54)C3)cnc2c1	0.032940
rxn:2:77500:87143	CC(CCc1cnsc1)NCc1ccc(-c2ncon2)cc1	0.032939
rxn:2:71139:66379	CCc1cc(OC)nc(C(C)Nc2nc(C)ccc2N2CCOCC2)c1	0.032936
rxn:2:81263:106165	CSCc1cncc(NC2CC3CCCC(C2)N3c2ccccc2)c1	0.032934
rxn:2:72638:74191	COc1ccnc(C(NCC2CC2CN2CCOCC2)C2CC2)c1	0.032932
rxn:2:135338:94804	COc1nc(C(C)Nc2cnnc(SC)c2)cn2ccnc12	0.032920
rxn:2:128656:92418	c1cc2occc2c(N2CCC(NC3CCCc4snnc43)C2)n1	0.032916
rxn:2:72786:133007	Cc1nc2c(NC3CCN(Cc4ccsc4)CC3)ncnc2n1C	0.032915
rxn:2:112333:128292	COc1ccc(C(NCc2nc(=O)[nH][nH]2)C(C)(C)C)cc1OC	0.032907
rxn:2:105315:124191	Cc1nc2cccnn2c1NC1CCCCCCCCCCCC1	0.032905
rxn:2:107183:94554	COc1ccc(C2CC(NC(C)c3cnn(C4CCOCC4)c3)C2)cc1	0.032893
rxn:2:139433:91066	CC1CCCC(OCc2cccc(NC3COc4ccsc43)c2)C1	0.032893
rxn:2:121310:135440	Cc1cc2[nH]nc(C(C)NC3CN(Cc4ccsc4)C3)c2cn1	0.032890
rxn:2:167830:130954	Cc1ccc2nc(C3(NC4CCC5(CC4)CSC5)CCCC3)[nH]c2c1	0.032882
rxn:2:154196:107088	Cc1cnc(-n2nc(C)c(C3CC3)c2NC2C[C@H]3CSC[C@@H]3C2)c(C)c1	0.032875
rxn:2:97496:89151	CSc1cc(C)nc(SC)c1NC1CCc2cc3c(cc21)OCC3	0.032873
rxn:2:81887:123008	CCc1c(NC(C)c2cc(C)cc(C)n2)nc(N2CCOCC2)[nH]c1=O	0.032872
rxn:2:121310:76382	CC(NC1CN(Cc2ccsc2)C1)c1ccc2c(c1)C(C)(C)CCC2	0.032865
rxn:2:114503:136834	CCn1c(C)nnc1C1CCC(CNC(C)C[C@H]2CCCN2C)CC1	0.032863
rxn:2:122841:102712	CC1(Oc2ccc(NC(c3cccnc3)C3CCOCC3)cc2)COC1	0.032860
rxn:2:68182:163383	Cc1ccc(C(N[C@@H]2CCN(CC(C)C)C2)c2ccccc2)cc1C	0.032858
rxn:2:134934:138146	CCC(Cc1cccnc1)Nc1ccc(CC2CCCC2)cc1	0.032851
rxn:2:99648:94554	COc1ccc(C2CC(N[C@H](C)Cc3ccc4c(c3)OCCO4)C2)cc1	0.032847
rxn:2:122817:94554	COc1ccc(C2CC(NC(C)Cc3ccc4c(c3)OCCO4)C2)cc1	0.032847
rxn:2:132418:93491	Cc1c[nH]c2ncnc(NC(C)c3ccnc(OC4CC4)c3)c12	0.032844
rxn:2:132418:80455	CCOC1CC(Nc2ncnc3[nH]cc(C)c23)C1n1cccn1	0.032840
rxn:2:112333:70680	COc1ccc(C(NCc2nc(=O)[nH][nH]2)C(C)C)cc1OC	0.032839
rxn:2:105315:101629	CCCC(C)N1CCC(C(CC)Nc2c(C)nc3cccnn23)CC1	0.032837
rxn:2:105315:103841	CCC(Nc1c(C)nc2cccnn12)C1CCN(C(CC)CC)CC1	0.032837
rxn:2:76776:73670	CCC(NC1CC1C1CCOC1)c1cnc(N(CC)CC)cc1C	0.032832
rxn:2:138600:135092	CCC1(NC2CCCc3c(OCC4CC4)cccc32)CC(F)(F)C1	0.032831
rxn:2:110728:91066	CC(C)(C)n1nnnc1-c1cncc(NC2COc3ccsc32)c1	0.032830
rxn:2:102810:125321	CCOc1cc2c(nn1)CCC(NC(C)c1ccnc(C(C)(C)F)c1)C2	0.032824
rxn:2:72786:112899	Cc1nc2c(NC3CCc4c3ccc3c4CCC3)ncnc2n1C	0.032814
rxn:2:72786:121421	Cc1nc2c(NC(C)c3c[nH][nH]c3=O)ncnc2n1C	0.032813
rxn:2:130012:76082	CCCOc1ccc(NC(C)c2cccc(C)c2C)cc1OC	0.032811
rxn:2:93079:152594	Cc1n[nH]c(CNC(c2ccccc2)c2cc3c(s2)CCC3)n1	0.032807
rxn:2:106830:87143	CCCn1ncc2cc(NC(C)CCc3cnsc3)cnc21	0.032798
rxn:2:65970:107943	CCN1CCCc2cc(NC3CCCc4c3cnn4C(C)(C)C)ccc21	0.032796
rxn:2:112668:121363	Cc1cccc2sc(C(C)NC34CC(c5nccs5)(C3)C4)nc12	0.032794
rxn:2:109349:105732	CCC(C)[C@@H](NC1C[C@H]2CCC[C@H]2C1)c1ccnc2ccccc12	0.032791
rxn:2:67357:89151	c1c2c(cc3c1CCC3NC1CC3CCC(C1)C31SCCS1)OCC2	0.032789
rxn:2:76062:103868	C=C=Cc1ccc(C(C)Nc2nnc(-c3cncs3)s2)s1	0.032782
rxn:2:132849:130954	CCCC(C)(NC1CCC2(CC1)CSC2)c1ncc(C(C)(C)C)[nH]1	0.032781
rxn:2:137916:103705	CCc1cccc2c1CCCC2NCC1CC(C)CC(C)(C)C1	0.032779
rxn:2:100556:135138	Cc1nn2ccccc2c1NC1CCC(C(C)C)CC1CN1CCCC1	0.032775
rxn:2:97174:119432	COCC(CCc1ccsc1)Nn1sc2ccccc2c1=O	0.032760
rxn:2:156572:91066	CC1CCc2c1cnn2-c1cncc(NC2COc3ccsc32)c1	0.032758
rxn:2:68894:118090	CC1(C2CC(Nc3nnc(-c4ccno4)o3)c3ccnn32)CCC1	0.032758
rxn:2:121316:118090	CC1(C2CC(Nc3nnc(-c4ccon4)o3)c3ccnn32)CCC1	0.032758
rxn:2:77738:134526	COc1sc(C2CCC2)cc1CNC(C)c1cc2c([nH]c1=O)CCC2	0.032756
rxn:2:76776:88715	CC(CCc1nc(C2CCCCC2)cs1)NC1CC1C1CCOC1	0.032754
rxn:2:88218:118518	COc1ccc2c(c1C)CCC2Nc1c(C)nn(C(C)C(C)C)c1C	0.032754
rxn:2:93079:167954	Cc1n[nH]c(CNC(C)c2cccnc2-c2c(C)cnn2C)n1	0.032752
rxn:2:75765:100940	Cc1cc(NC(C)c2ccc(S(C)(=O)=O)cn2)cc2cccnc12	0.032750
rxn:2:138241:94554	CCCCn1cc(C(C)NC2CC(c3ccc(OC)cc3)C2)cn1	0.032749
rxn:2:102205:70399	c1ccc2c(c1)CCN(CC1CC1CNC(c1cscn1)C1CC1)C2	0.032748
rxn:2:102205:92646	c1ccc2c(c1)CCN(CC1CC1CNC(c1nccs1)C1CC1)C2	0.032748
rxn:2:109233:132476	Cc1cnc(-n2nccc2NC(C)c2cc(C)c(C)s2)c(C)c1	0.032743
rxn:2:107198:115775	CC(CCCC1CC1)Nc1cc(-c2ccccn2)nn1C(C)C	0.032742
rxn:2:118713:85662	COCCC1CCC(Nc2ccc(-n3cnc(C)c3)c(OC)c2)CC1	0.032741
rxn:2:132418:69848	C=C=Cc1cc(C(C)Nc2ncnc3[nH]cc(C)c23)ccn1	0.032740
rxn:2:110790:67395	Cc1cc(OCC(C)C)ncc1NC1CC(c2nc(C3CC3)no2)C1	0.032734
rxn:2:130752:93200	COc1ccc2nc(C(C)NC(C)c3cc[nH]c(=O)c3)sc2c1	0.032724
rxn:2:71422:66368	CN(C)CCN1CCc2cc(NC3CCCc4c3ccc(=O)n4C)ccc21	0.032720
rxn:2:109799:71205	CCCOc1ccc(NC(C)CCC2(C3CCC3)COC2)nn1	0.032718
rxn:2:115372:118090	CC1(C2CC(Nc3nnc(-c4ccco4)o3)c3ccnn32)CCC1	0.032714
rxn:2:132418:126286	Cc1c[nH]c2ncnc(NC(C)c3ccnc(OC(C)C)c3)c12	0.032712
rxn:2:102632:94554	COc1ccc(C2CC(NC(C)c3cnn(CC4CCC4)c3)C2)cc1	0.032712
rxn:2:68182:139599	Cc1ccc(-c2ccc(C(C)N[C@@H]3CCN(CC(C)C)C3)s2)cc1	0.032711
rxn:2:68182:108201	Cc1cccc(-c2ccc(C(C)N[C@@H]3CCN(CC(C)C)C3)s2)c1	0.032711
rxn:2:68182:104136	Cc1ccccc1-c1ccc(C(C)N[C@@H]2CCN(CC(C)C)C2)s1	0.032711
rxn:2:83596:103571	CC(Nc1ccnn1C(C)C1CCOCC1)c1cc2c(s1)CCCC2	0.032711
rxn:2:138600:101531	CCOc1cc2c(cc1OCC)C(NC1(CC)CC(F)(F)C1)CC2	0.032706
rxn:2:68182:157995	COc1ncc(-c2ccc(C(C)N[C@@H]3CCN(CC(C)C)C3)s2)cn1	0.032702
rxn:2:68182:157403	COc1cncnc1-c1ccc(C(C)N[C@@H]2CCN(CC(C)C)C2)s1	0.032702
rxn:2:68182:164517	COc1ccnc(-c2ccc(C(C)N[C@@H]3CCN(CC(C)C)C3)s2)n1	0.032702
rxn:2:123275:80152	CCc1ccc2c(c1)C(Nc1ccc(SC34CC(C3)C4)cc1)CO2	0.032701
rxn:2:76776:94565	CCCSC(C)C(NC1CC1C1CCOC1)c1ccc(C)cc1	0.032699
rxn:2:67436:93200	COc1ccc(-c2nonc2NC(C)c2cc[nH]c(=O)c2)cc1	0.032695
rxn:2:80331:66368	CCN1CCc2cc(CC(C)NC3CCCc4c3ccc(=O)n4C)ccc21	0.032693
rxn:2:109020:66368	CCN1CCc2cc(C[C@@H](C)NC3CCCc4c3ccc(=O)n4C)ccc21	0.032693
rxn:2:105802:66368	CCC(Cc1ccc2c(c1)CCN2C)NC1CCCc2c1ccc(=O)n2C	0.032693
rxn:2:157580:91066	c1cc2c(s1)C(NCc1cnnn1-c1ccc3c(c1)OCO3)CO2	0.032681
rxn:2:91078:78148	CCC1CCC(CC(C)NCc2c[nH]nc2-c2ccccn2)CC1	0.032675
rxn:2:163191:71859	c1ccc2c(N3CC[C@H](NC4CC(CN5CCCCC5)C4)C3)ncnc2c1	0.032674
rxn:2:79376:89151	COc1ccc(N2CCC(CNC3CCc4cc5c(cc43)OCC5)C2)cn1	0.032670
rxn:2:152668:141943	CCC(Nc1c(-c2ccco2)nc2cc(C)ccn12)C1CSC1	0.032665
rxn:2:114503:115501	CCn1c(C)nnc1C1CCC(CNC(C)CC2CCOCC2)CC1	0.032665
rxn:2:114503:98003	CCn1c(C)nnc1C1CCC(CNC(C)CC2CCCOC2)CC1	0.032665
rxn:2:115416:66368	CC(CNC1CCCc2c1ccc(=O)n2C)CN1CCCc2ccccc21	0.032662
rxn:2:136983:134526	CC(Nc1ncnc2c1nnn2C)c1cc2c([nH]c1=O)CCC2	0.032656
rxn:2:120412:134526	CC(Nc1ncnc2nn(C)nc12)c1cc2c([nH]c1=O)CCC2	0.032656
rxn:2:102205:115226	c1ccc2c(c1)CCN(CC1CC1CNC(c1ncc[nH]1)C1CC1)C2	0.032651
rxn:2:88306:92418	c1cn2nccc2c(N2CCC(NC3CCCc4snnc43)C2)n1	0.032648
rxn:2:149062:108002	c1ccc2c(N3CC[C@@H](NCC4CCCCN4C4CCC4)C3)ncnc2c1	0.032646
rxn:2:68182:73685	CCOc1ccccc1CCC(C)N[C@@H]1CCN(CC(C)C)C1	0.032640
rxn:2:112333:99473	COc1ccc(C(NCc2nc(=O)[nH][nH]2)C2CC2)cc1OC	0.032638
rxn:2:93079:161514	Cc1n[nH]c(CNC(C)c2cc(-c3ccc4c(c3)CC4)cs2)n1	0.032633
rxn:2:85853:66368	COCCN1CCCc2ccc(NC3CCCc4c3ccc(=O)n4C)cc21	0.032631
rxn:2:82403:72749	CCCS(=O)(=O)c1cnc(C)nc1NC(C)c1csc(C(C)(C)C)n1	0.032621
rxn:2:96978:66368	CC(C)c1ccc2c(c1)CCN2CCNC1CCCc2c1ccc(=O)n2C	0.032614
rxn:2:103323:66368	CCC(CNC1CCCc2c1ccc(=O)n2C)c1ccc2c(c1)CCN2C	0.032614
rxn:2:103007:80762	CCC(CC)n1cc(CNC2CCC(C)c3cc(C)ccc32)cn1	0.032613
rxn:2:112602:111998	Cc1ccc2c(c1C)CCCC2NCCc1cnc2ccccn12	0.032591
rxn:2:83328:66368	CCC(CN1CCCc2ccccc21)NC1CCCc2c1ccc(=O)n2C	0.032589
rxn:2:83454:66368	CC(CCN1CCCc2ccccc21)NC1CCCc2c1ccc(=O)n2C	0.032589
rxn:2:131747:91021	CCCCC(NC1CCc2c(OCC)cccc21)c1cnccn1	0.032584
rxn:2:140730:141542	CCCC1CCC2(CC1)CC(Nc1ccnc3ccsc13)CCO2	0.032575
rxn:2:114503:96208	CCn1c(C)nnc1C1CCC(CNC(CC2CC2)C2CC2)CC1	0.032574
rxn:2:134864:122871	COCCc1ccc2c(c1)C(Nc1cncc3ncn(C)c13)CO2	0.032572
rxn:2:99626:67395	Cc1ccc2cc(NC3CC(c4nc(C5CC5)no4)C3)ccc2n1	0.032570
rxn:2:112061:67395	Cc1ccc2ccc(NC3CC(c4nc(C5CC5)no4)C3)cc2n1	0.032570
rxn:2:66993:87143	CC(CCc1cnsc1)NCC1(C2(c3cccs3)COC2)COC1	0.032568
rxn:2:110267:67395	Cc1ccc(CC(C)(C)CNC2CC(c3nc(C4CC4)no3)C2)cc1	0.032565
rxn:2:71765:67395	Cc1cccc(CC(C)(C)CNC2CC(c3nc(C4CC4)no3)C2)c1	0.032565
rxn:2:79027:67395	Cc1ccccc1CC(C)(C)CNC1CC(c2nc(C3CC3)no2)C1	0.032565
rxn:2:99058:132476	Cc1cc(C(C)Nc2c(C3CC3)c(C)nn2CC(C)C)sc1C	0.032563
rxn:2:78269:93200	CC(N[C@H](C)c1ccc2nn[nH]c2c1)c1cc[nH]c(=O)c1	0.032559
rxn:2:139592:71542	CCN1CCc2nc(NC(C)c3ccc(OCC4CC4)cn3)sc2C1	0.032557
rxn:2:140382:91066	CC1(C)CCC(c2cccc(NC3COc4ccsc43)c2)CC1	0.032553
rxn:2:118713:129955	COc1cc(NC(C)c2c[nH]cc2C)ccc1-n1cnc(C)c1	0.032552
rxn:2:114503:66287	CCn1c(C)nnc1C1CCC(CNC(C)CC2CCCCO2)CC1	0.032551
rxn:2:163191:113722	FC1(F)CCC2(CC1)CC(N[C@H]1CCN(c3ncnc4ccccc34)C1)C2	0.032539
rxn:2:150018:141943	CCC(Nc1nc(-c2c(C)nc3ccccn23)cs1)C1CSC1	0.032537
rxn:2:107825:66368	CC(C)CN1CCCc2ccc(NC3CCCc4c3ccc(=O)n4C)cc21	0.032535
rxn:2:71127:91021	CCCCC(N[C@H]1CC[C@@H](N(CC)CC)CC1)c1cnccn1	0.032534
rxn:2:69145:125321	Cc1csc2c(NC(C)c3ccnc(C(C)(C)F)c3)ncnc12	0.032533
rxn:2:87051:125321	Cc1csc2ncnc(NC(C)c3ccnc(C(C)(C)F)c3)c12	0.032533
rxn:2:122841:133681	COc1cccc2c1C(Nc1ccc(OC3(C)COC3)cc1)CC2(C)C	0.032533
rxn:2:138600:144159	CCC1(NC2CCc3c(-c4ccccc4)cccc32)CC(F)(F)C1	0.032529
rxn:2:111018:71823	Cc1c[nH]c2cc(NC(C)c3nc4c(s3)CCCC4)ccc12	0.032525
rxn:2:72786:77398	Cc1nc2c(NC3CCCCC3Cc3cccs3)ncnc2n1C	0.032525
rxn:2:65970:119142	CCCn1ccc2c1CCCC2Nc1ccc2c(c1)CCCN2CC	0.032519
rxn:2:138047:66368	CCCN1CCCc2cc(CNC3CCCc4c3ccc(=O)n4C)ccc21	0.032500
rxn:2:71129:160053	Cc1scnc1CNC1CCN(c2ncnc3c2cnn3C)CC1	0.032495
rxn:2:123343:156750	COc1cc(-c2ccco2)cnc1C(C)Nc1cccn(C)c1=O	0.032492
rxn:2:114106:131675	COc1ccc2c(C(C)Nc3cncc(C4CC4)c3)n[nH]c2c1	0.032483
rxn:2:155595:71823	Cc1noc(=O)c2ccc(NC(C)c3nc4c(s3)CCCC4)cc12	0.032481
rxn:2:121310:111053	CC(NC1CN(Cc2ccsc2)C1)c1ccc2ccccc2c1	0.032481
rxn:2:72143:134526	CC(Nc1ncnc2nncnc12)c1cc2c([nH]c1=O)CCC2	0.032471
rxn:2:166379:91066	Cc1cc(NC2COc3ccsc32)n(-c2cncc(C3CC3)c2)n1	0.032470
rxn:2:159576:91066	Cc1c(NC2COc3ccsc32)cnn1-c1cncc(C2CC2)c1	0.032470
rxn:2:155013:91066	Cc1nn(-c2cncc(C3CC3)c2)cc1NC1COc2ccsc21	0.032470
rxn:2:134864:111492	Cn1cnc2cncc(NC3COc4ccc(C(C)(C)C)cc43)c21	0.032470
rxn:2:145206:115775	CC(CCCC1CC1)NC(C)c1cc(-c2ccccn2)n[nH]c1=O	0.032469
rxn:2:112668:115927	COc1ccc(C(NC23CC(c4nccs4)(C2)C3)C2(C)CC2)cc1C	0.032463
rxn:2:141965:134526	CCOc1ccc(CNC(C)c2cc3c([nH]c2=O)CCC3)cc1OC	0.032457
rxn:2:158273:141943	CCC(Nc1c(-c2ccccc2)nc2ccccn12)C1CSC1	0.032454
rxn:2:144683:141943	CCC(Nc1nc2ccccn2c1-c1ccccc1)C1CSC1	0.032454
rxn:2:162099:141943	CCC(Nc1nc(-c2ccccc2)n2ccccc12)C1CSC1	0.032454
rxn:2:159554:141943	CCC(Nc1nc(-c2ccccc2)c2ccccn12)C1CSC1	0.032454
rxn:2:138358:76082	COc1cc(NC(C)c2cccc(C)c2C)ccc1-n1cnnn1	0.032448
rxn:2:81092:76082	COc1ccc(NC(C)c2cccc(C)c2C)cc1-n1cnnn1	0.032448
rxn:2:121310:81757	CC(NC1CN(Cc2ccsc2)C1)c1cccc(N2CCN(C)CC2)c1	0.032446
rxn:2:96429:103571	CC(NCc1nc(-c2ccco2)n[nH]1)c1cc2c(s1)CCCC2	0.032445
rxn:2:116758:118090	COCC[C@@H](NC1CC(C2(C)CCC2)n2nccc21)c1ccccc1	0.032443
rxn:2:124234:92418	c1cc2sccc2c(N2CCC(NC3CCCc4snnc43)C2)n1	0.032440
rxn:2:80027:92418	c1ccc2sc(N3CCC(NC4CCCc5snnc54)C3)nc2c1	0.032440
rxn:2:111714:117115	CCn1nc(CCN2CCCC2)cc1NC1CCc2c1ccc(C)c2C	0.032432
rxn:2:86462:91066	CCC1CCC(c2cccc(NC3COc4ccsc43)c2)CC1	0.032427
rxn:2:161760:91066	CCc1cncc(-n2nc(C)c(C)c2NC2COc3ccsc32)c1	0.032426
rxn:2:139889:89151	Cc1ccc(N2CCC(CNC3CCc4cc5c(cc43)OCC5)C2)c(C)c1	0.032425
rxn:2:110155:89151	Cc1ccc(N2CCC(CNC3CCc4cc5c(cc43)OCC5)C2)cc1C	0.032425
rxn:2:123275:71052	Cc1cc(N2CCC(Nc3ccc(SC45CC(C4)C5)cc3)CC2)ncn1	0.032424
rxn:2:123275:105231	Cc1cnc(N2CCC(Nc3ccc(SC45CC(C4)C5)cc3)CC2)nc1	0.032424
rxn:2:123275:99481	Cc1cnc(N2CCC(Nc3ccc(SC45CC(C4)C5)cc3)CC2)cn1	0.032424
rxn:2:85207:71823	CC(Nc1ccc(-c2cccnc2)nn1)c1nc2c(s1)CCCC2	0.032417
rxn:2:113638:134526	Cc1nc2c(NC(C)c3cc4c([nH]c3=O)CCC4)cccc2n1C	0.032417
rxn:2:84173:80111	Cc1nc2ccccn2c1NC1CC2(CCC2)Oc2ncccc21	0.032414
rxn:2:112040:88106	Cc1ccc([C@@H]2CCC(Nc3nc(-c4cnccn4)ns3)C2)cc1	0.032411
rxn:2:112040:97710	Cc1ccc([C@H]2CCC(Nc3nc(-c4cnccn4)ns3)C2)cc1	0.032411
rxn:2:112040:113546	Cc1ccc(C2CCC(Nc3nc(-c4cnccn4)ns3)C2)cc1	0.032411
rxn:2:137585:163676	COc1ccc(C(Nc2c(C)o[nH]c2=O)c2ccsc2)cc1C	0.032407
rxn:2:136782:66368	CC(C)C(CCNC1CCCc2c1ccc(=O)n2C)N1CCN(C)CC1	0.032406
rxn:2:122841:102464	COc1cccc(C(Nc2ccc(OC3(C)COC3)cc2)C2CC2)c1	0.032405
rxn:2:122841:129100	COc1ccc(C(Nc2ccc(OC3(C)COC3)cc2)C2CC2)cc1	0.032405
rxn:2:106438:94554	COc1ccc(C2CC(Nc3cccn4c(C)c(C)nc34)C2)cc1	0.032402
rxn:2:75144:162733	CC(NC1CCN(C2COC2)CC1)c1ccc(-c2ncc[nH]c2=O)cn1	0.032397
rxn:2:131385:78263	Cc1ccc(Cc2cc(NC(C)c3cnnc(C)c3)ncn2)cc1	0.032396
rxn:2:116605:91066	CC(C)(C)c1cncc(-n2cc(NC3COc4ccsc43)cn2)c1	0.032386
rxn:2:72570:118518	COc1ccc2c(c1C)CCC2NC(C)c1ccc(C2COC2)c(C)c1	0.032386
rxn:2:93595:105764	CCCCC1CC(Nc2ccc(SCc3ncon3)cc2)C1	0.032385
rxn:2:92049:105764	CCCCC1CC(Nc2ccccc2SCc2ncon2)C1	0.032385
rxn:2:132085:155128	CCOc1ncccc1-c1cccc2c1CCC2NC1(CC)CCOC1	0.032384
rxn:2:166860:117733	CCCc1nn(-c2ccnc(C(C)C)c2)cc1NC1CN(C)C(C)(C)C1	0.032378
rxn:2:82126:80041	CC(F)(F)c1cncc(NC(c2ccccc2)c2c[nH]cn2)c1	0.032377
rxn:2:118345:78148	CCC1CCC(CC(C)NC2CCC(c3nnc(C)n3C)CC2)CC1	0.032367
rxn:2:114928:115578	Cc1csc(-c2nnc(NC3CC[C@@H](c4ccccc4)C3)o2)c1	0.032365
rxn:2:118185:134526	Cc1nc2c(NC(C)c3cc4c([nH]c3=O)CCC4)ccnc2n1C	0.032365
rxn:2:141675:134526	Cc1nc2nccc(NC(C)c3cc4c([nH]c3=O)CCC4)c2n1C	0.032365
rxn:2:144340:132800	CC(CCCN(C)C)NC(C)c1cc(=O)[nH]c(-c2ccccn2)n1	0.032360
rxn:2:83557:94554	COc1ccc(C2CC(NC(C)(C)Cc3ccc4c(c3)OCO4)C2)cc1	0.032358
rxn:2:118098:91066	c1cc(C2CCC2)n(-c2cncc(NC3COc4ccsc43)c2)n1	0.032357
rxn:2:89880:91066	c1cc2c(s1)C(Nc1cncc(-n3ccc(C4CCC4)n3)c1)CO2	0.032357
rxn:2:112333:126307	Cn1cc(C(NCc2nc(=O)[nH][nH]2)c2ccsc2)cn1	0.032355
rxn:2:72207:92418	c1nc(N2CCC(NC3CCCc4snnc43)C2)c2sccc2n1	0.032355
rxn:2:113313:92418	c1nc(N2CCC(NC3CCCc4snnc43)C2)c2ccsc2n1	0.032355
rxn:2:144340:95689	CC(CCC1CCCO1)NC(C)c1cc(=O)[nH]c(-c2ccccn2)n1	0.032346
rxn:2:162427:118131	Cc1cnc(C2CC(Nn3cc4c(=O)n(C)c(=O)n(C)c4c3)C2)s1	0.032346
rxn:2:166310:141943	CCC(NCc1csc(-c2nnc3ccccn23)n1)C1CSC1	0.032345
rxn:2:144340:100242	CC(CCC1CCOC1)NC(C)c1cc(=O)[nH]c(-c2ccccn2)n1	0.032342
rxn:2:135338:103417	CCn1cc(C(C)Nc2cnnc(SC)c2)c2ccccc21	0.032338
rxn:2:119066:93200	CC(C)Oc1ccc2nc(NC(C)c3cc[nH]c(=O)c3)sc2c1	0.032336
rxn:2:122841:136398	CC1(Oc2ccc(NC(c3ccsc3)C3CCCC3)cc2)COC1	0.032330
rxn:2:102258:166003	c1ncn(C2CC(NC3CCc4ccc(-c5cc[nH]c5)cc43)C2)n1	0.032328
rxn:2:102258:166653	c1c[nH]c(-c2ccc3c(c2)C(NC2CC(n4cncn4)C2)CC3)c1	0.032328
rxn:2:102205:108380	COc1ccsc1C(C)NCC1CC1CN1CCc2ccccc2C1	0.032327
rxn:2:81887:104034	CCc1c(NC(C)c2c(C)ncnc2C)nc(N2CCOCC2)[nH]c1=O	0.032322
rxn:2:109069:91021	CCCCC(Nc1cnc2ccc(C)cc2n1)c1cnccn1	0.032320
rxn:2:93515:91021	CCCCC(Nc1ncnc2ccc(C)cc12)c1cnccn1	0.032320
rxn:2:106073:91021	CCCCC(Nc1ncnc2cc(C)ccc12)c1cnccn1	0.032320
rxn:2:114928:89072	Cc1csc(-c2nnc(NC3CC4(CCCC4)n4nccc43)o2)c1	0.032315
rxn:2:128698:80762	Cc1ccc2c(c1)C(C)CCC2Nc1cc(C)nn1CCC(C)C	0.032314
rxn:2:65970:94149	CCN1CCCc2cc(NC3CCCc4c3ccc(=O)n4C3CC3)ccc21	0.032303
rxn:2:132418:68521	CCOc1cc(C)ccc1C(C)Nc1ncnc2[nH]cc(C)c12	0.032303
rxn:2:144340:119061	CC(C)CCCC(C)NC(C)c1cc(=O)[nH]c(-c2ccccn2)n1	0.032291
rxn:2:72820:71205	CCSc1ccc(NC(C)CCC2(C3CCC3)COC2)cn1	0.032289
rxn:2:112060:71205	CCSc1ccc(NC(C)CCC2(C3CCC3)COC2)nc1	0.032289
rxn:2:120909:71205	CCSc1cc(NC(C)CCC2(C3CCC3)COC2)ccn1	0.032289
rxn:2:68374:96141	CC(NC1CCN(c2nccs2)C1)c1cccc(-n2cccn2)c1	0.032289
rxn:2:102205:98070	CCC(NCC1CC1CN1CCc2ccccc2C1)c1nc(C)cs1	0.032288
rxn:2:67357:90279	Cc1cc(C)c2c(c1)C(NC1CC3CCC(C1)C31SCCS1)CC2	0.032284
rxn:2:67357:71185	Cc1cc2c(cc1C)C(NC1CC3CCC(C1)C31SCCS1)CC2	0.032284
rxn:2:67357:74240	Cc1cc(C)c2c(c1)CCC2NC1CC2CCC(C1)C21SCCS1	0.032284
rxn:2:72786:93151	Cc1c(C(C)Nc2ncnc3c2nc(C)n3C)[nH]c2c1CCCC2	0.032281
rxn:2:116614:134304	CC(Nc1cccn([C@H]2C[C@H]2F)c1=O)c1ncc(-c2ccco2)o1	0.032279
rxn:2:121310:126146	c1cc(CN2CC(NC(c3ccsc3)c3ccsc3)C2)cs1	0.032271
rxn:2:132418:104935	Cc1c[nH]c2ncnc(NC(C)c3cccc(C(C)(F)F)c3)c12	0.032267
rxn:2:132418:85034	Cc1c[nH]c2ncnc(NC(C)c3ccc(C(C)(F)F)cc3)c12	0.032267
rxn:2:88786:91066	c1cc2c(s1)C(NCc1cnn(-c3cncc(C4CC4)c3)c1)CO2	0.032261
rxn:2:157058:122702	CC[C@@H]1CCC(Nc2nc(-c3c[nH]c4ccccc34)cn2C)C1	0.032258
rxn:2:90526:66368	CCc1cc(NC2CCCc3c2ccc(=O)n3C)ccc1N1CCCCC1	0.032257
rxn:2:81887:75403	CCc1c(NC(C)c2cc(OC)ns2)nc(N2CCOCC2)[nH]c1=O	0.032253
rxn:2:81887:121559	CCc1c(NC(C)c2csc(OC)n2)nc(N2CCOCC2)[nH]c1=O	0.032253
rxn:2:88538:91066	CC(C)(C)c1cc(NC2COc3ccsc32)cc(C(C)(C)C)c1	0.032243
rxn:2:112333:118164	Cc1ccc(C(NCc2nc(=O)[nH][nH]2)c2ccsc2)cc1	0.032235
rxn:2:112333:70287	Cc1cccc(C(NCc2nc(=O)[nH][nH]2)c2ccsc2)c1	0.032235
rxn:2:112333:118397	Cc1ccccc1C(NCc1nc(=O)[nH][nH]1)c1ccsc1	0.032235
rxn:2:92228:72771	CCCn1cc(CNC2CC(CC(C)C)C2)c(C2CCCC2)n1	0.032235
rxn:2:132021:118131	Cc1cnc(C2CC(NCC3(N4CCCCCCC4)CCOCC3)C2)s1	0.032235
rxn:2:112279:138146	CCC(Cc1cccnc1)NCC(CC)N(C)C(C)C(C)(C)C	0.032232
rxn:2:102322:66368	Cn1c2c(ccc1=O)C(Nc1c(C3CC3)cnn1CC1CC1(F)F)CCC2	0.032222
rxn:2:129700:87143	Cc1cc(NC(C)CCc2cnsc2)n2c(C(C)C)ncc2n1	0.032219
rxn:2:92374:89087	Cc1ccc(C2CCC(Nc3cccc4nc(C)cn34)CC2)nc1	0.032217
rxn:2:141054:91066	CN(C)Cc1cnn(-c2cncc(NC3COc4ccsc43)c2)c1	0.032216
rxn:2:136612:91066	CCc1cncc(-n2ncc(CNC3COc4ccsc43)c2C)c1	0.032212
rxn:2:117394:91066	CCc1cncc(-n2cc(CNC3COc4ccsc43)c(C)n2)c1	0.032212
rxn:2:93293:118998	Cc1cc(C)c2c(c1)C(NC1CCC(C)CC1N1CCOC(C)C1)CCO2	0.032210
rxn:2:75697:71205	CCCCc1ccc(NC(C)CCC2(C3CCC3)COC2)nn1	0.032203
rxn:2:112333:137543	O=c1nc(CNC2c3cccnc3-n3cccc32)[nH][nH]1	0.032194
rxn:2:66656:73856	CCOc1ccc2c(c1)CCCCC2N[C@H]1C[C@H](Cn2cccn2)C1	0.032194
rxn:2:81887:119179	CCc1c(NC(C)c2cc(OC)no2)nc(N2CCOCC2)[nH]c1=O	0.032189
rxn:2:81887:128784	CCc1c(NC(C)c2coc(OC)n2)nc(N2CCOCC2)[nH]c1=O	0.032189
rxn:2:134987:118998	Cc1cc(C)c2c(c1)C(NC1CCN(Cc3noc(C(C)C)n3)C1)CCO2	0.032189
rxn:2:129548:80194	CCc1n[nH]c2sc(CNC3c4ccccc4C[C@H]3C)c(C)c12	0.032187
rxn:2:129548:95914	CCc1n[nH]c2sc(CNC3c4ccccc4CC3C)c(C)c12	0.032187
rxn:2:129548:120130	CCc1n[nH]c2sc(CNC3c4ccccc4C[C@@H]3C)c(C)c12	0.032187
rxn:2:163621:91066	c1cc2c(s1)C(Nc1cnc3c(c1)nc(C1CC1)n3C1CC1)CO2	0.032187
rxn:2:112668:86764	Cc1ccccc1C(CCS(C)(=O)=O)NC12CC(c3nccs3)(C1)C2	0.032185
rxn:2:113034:91066	CCc1cccc(-c2ccc(NC3COc4ccsc43)cn2)c1	0.032183
rxn:2:136317:91066	CCc1ccc(-c2ccncc2NC2COc3ccsc32)cc1	0.032183
rxn:2:86066:91066	CCc1cccc(-c2ccncc2NC2COc3ccsc32)c1	0.032183
rxn:2:99134:165128	CCc1cncc(NC2COc3cccc(-c4ccsc4)c32)c1	0.032183
rxn:2:99134:167458	CCc1cncc(NC2COc3cc(-c4ccsc4)ccc32)c1	0.032183
rxn:2:139592:118732	CCN1CCc2nc(NC(C)c3ccc(OC(C)C)cc3C)sc2C1	0.032181
rxn:2:68944:94554	COc1ccc(C2CC(N[C@@H](c3ccc4c(c3)OCO4)C3CC3)C2)cc1	0.032180
rxn:2:104960:94554	COc1ccc(C2CC(N[C@H](c3ccc4c(c3)OCO4)C3CC3)C2)cc1	0.032180
rxn:2:132578:94554	COc1ccc(C2CC(NC(c3cccc4c3OCO4)C3CC3)C2)cc1	0.032180
rxn:2:139592:115064	CCN1CCc2nc(NC(C)c3cc4ccccc4cn3)sc2C1	0.032178
rxn:2:72207:76064	Cc1csc2c1C(NC1CCN(c3ncnc4ccsc34)C1)CC2	0.032177
rxn:2:121184:118518	COc1ccccc1[C@H](NC1CCc2c1ccc(OC)c2C)C(C)C	0.032175
rxn:2:65970:94218	CCN1CCCc2cc(NC3CCCc4cc(N(C)C)ccc43)ccc21	0.032171
rxn:2:72047:71823	Cc1ccc2snc(CNC(C)c3nc4c(s3)CCCC4)c2c1	0.032168
rxn:2:109081:118090	CC1(C)CCC(Cn2cnc(NC3CC(C4(C)CCC4)n4nccc43)n2)O1	0.032168
rxn:2:84065:132476	Cc1cc(C(C)Nc2c(C3CCC3)c(C)nn2C(C)C)sc1C	0.032168
rxn:2:68182:153346	Cc1cc(C)nc(-c2ccc(C(C)N[C@@H]3CCN(CC(C)C)C3)s2)c1	0.032165
rxn:2:121310:118190	CC(C)COc1cccc(C(C)NC2CN(Cc3ccsc3)C2)c1	0.032158
rxn:2:95402:132884	Cc1cncc(C)c1C(C)NCC1CN(C)CC(C)(C)N1c1ccccc1	0.032155
rxn:2:68182:142668	COc1cccc(-c2ccc(C(C)N[C@@H]3CCN(CC(C)C)C3)s2)n1	0.032155
rxn:2:68182:153591	COc1ccc(-c2ccc(C(C)N[C@@H]3CCN(CC(C)C)C3)s2)cn1	0.032155
rxn:2:129187:89151	O=c1[nH]ccnc1N1CCC(CNC2CCc3cc4c(cc32)OCC4)CC1	0.032153
rxn:2:152281:141943	CCC(Nc1nc(-c2ccc3ccccc3c2)n[nH]1)C1CSC1	0.032135
rxn:2:68559:66852	CCCSc1ccc(NC(C)CCC2CCCCC2)nn1	0.032134
rxn:2:66976:85482	CCC(CSc1nc(=O)cc(C)[nH]1)Nc1ncon1	0.032134
rxn:2:144340:138952	CC(CCC1CCCC1)NC(C)c1cc(=O)[nH]c(-c2ccccn2)n1	0.032127
rxn:2:138600:125599	CCC1(NC2c3ccccc3CCC2(CC)CC)CC(F)(F)C1	0.032126
rxn:2:73404:137914	CSCCC1CC(NCc2ncccc2CN2CCCC(C)C2)C1	0.032124
rxn:2:94564:143157	COc1csc(-c2ccc3c(c2)OCC3NC2C3CCC4C(C3)CC42)c1	0.032124
rxn:2:82668:66379	CCc1cc(OC)nc(C(C)NC(CC)c2c(C)cccc2C)c1	0.032123
rxn:2:78189:71205	Cc1cc(C)c2c(NC(C)CCC3(C4CCC4)COC3)csc2n1	0.032117
rxn:2:68182:101621	CCCC(N[C@@H]1CCN(CC(C)C)C1)c1cccc(SC)c1	0.032109
rxn:2:112933:80762	Cc1ccc2c(c1)C(C)CCC2Nc1ccc2occc2n1	0.032104
rxn:2:126227:66379	CCc1cc(OC)nc(C(C)Nc2nc(N(C)C)[nH]c(=O)c2CC)c1	0.032091
rxn:2:92374:66738	Cc1cn2c(NC(C)c3cnn(CC4CCC4C)c3)cccc2n1	0.032086
rxn:2:122841:133736	COc1ccc(C)c2c1CCOCC2Nc1ccc(OC2(C)COC2)cc1	0.032084
rxn:2:114928:114543	Cc1csc(-c2nnc(NC3CC(C4(C)CC4)n4nccc43)o2)c1	0.032083
rxn:2:114928:128606	Cc1csc(-c2nnc(NC3CCC(C4CC4)n4nccc43)o2)c1	0.032083
rxn:2:122841:75591	CC(Nc1ccc(OC2(C)COC2)cc1)c1cccc(OC2CC2)c1	0.032082
rxn:2:86000:94554	COc1ccc(C2CC(NCc3c(C)c(C)c(C)c(C)c3C)C2)cc1	0.032078
rxn:2:79932:66368	Cc1cc(NC2CCCc3c2ccc(=O)n3C)ccc1N1CCCCCC1	0.032076
rxn:2:75765:115970	Cc1cc(NC(C)c2ccc(C3CC3)cn2)cc2cccnc12	0.032071
rxn:2:140730:84038	COc1cc2c(cc1OC)CC(Nc1ccnc3ccsc13)CC2	0.032067
rxn:2:122876:74191	COc1ccnc(C(NC2CCc3ncn(C)c(=O)c3CC2)C2CC2)c1	0.032064
rxn:2:122841:109124	CC1(Oc2ccc(NC(c3ccccc3)C3CCOCC3)cc2)COC1	0.032063
rxn:2:113451:91021	CCCCC(Nc1cc(C(CC)CC)ncn1)c1cnccn1	0.032062
rxn:2:135682:91066	CCc1cncc(-n2ncc(OC)c2NC2COc3ccsc32)c1	0.032060
rxn:2:75189:125321	Cc1c[nH]c2nccc(NC(C)c3ccnc(C(C)(C)F)c3)c12	0.032060
rxn:2:139486:125321	Cc1ccnc2[nH]cc(NC(C)c3ccnc(C(C)(C)F)c3)c12	0.032060
rxn:2:111690:125321	Cc1c[nH]c2ncc(NC(C)c3ccnc(C(C)(C)F)c3)cc12	0.032060
rxn:2:109910:125321	Cc1c[nH]c2nc(NC(C)c3ccnc(C(C)(C)F)c3)ccc12	0.032060
rxn:2:69399:125321	Cc1cnc2[nH]cc(NC(C)c3ccnc(C(C)(C)F)c3)c2c1	0.032060
rxn:2:132418:116282	Cc1c[nH]c2ncnc(NC(C)c3ccc(C(C)(C)F)cc3)c12	0.032060
rxn:2:132418:137865	Cc1c[nH]c2ncnc(NC(C)c3ccccc3C(C)(C)F)c12	0.032060
rxn:2:151003:115775	CC(CCCC1CC1)NC(C)c1ccc(-c2ccccn2)[nH]c1=O	0.032058
rxn:2:103555:134526	Cc1nc2ncnc(NC(C)c3cc4c([nH]c3=O)CCC4)c2n1C	0.032055
rxn:2:70526:134526	Cc1c2ncnc(NC(C)c3cc4c([nH]c3=O)CCC4)c2nn1C	0.032055
rxn:2:84535:134526	Cc1nn(C)c2c(NC(C)c3cc4c([nH]c3=O)CCC4)ncnc12	0.032055
rxn:2:128629:134526	Cc1cnc2c(n1)c(NC(C)c1cc3c([nH]c1=O)CCC3)nn2C	0.032055
rxn:2:90268:134526	Cc1c2c(NC(C)c3cc4c([nH]c3=O)CCC4)ncnc2nn1C	0.032055
rxn:2:112146:134526	Cc1cnc2c(NC(C)c3cc4c([nH]c3=O)CCC4)nn(C)c2n1	0.032055
rxn:2:122841:127803	Cc1ccc(C(Nc2ccc(OC3(C)COC3)cc2)C2CC2)cc1C	0.032054
rxn:2:122841:132178	Cc1cc(C)cc(C(Nc2ccc(OC3(C)COC3)cc2)C2CC2)c1	0.032054
rxn:2:122841:70782	Cc1cccc(C)c1C(Nc1ccc(OC2(C)COC2)cc1)C1CC1	0.032054
rxn:2:122841:140473	Cc1cccc(C(Nc2ccc(OC3(C)COC3)cc2)C2CC2)c1C	0.032054
rxn:2:122841:97161	Cc1ccc(C(Nc2ccc(OC3(C)COC3)cc2)C2CC2)c(C)c1	0.032054
rxn:2:122841:127316	Cc1ccc(C)c(C(Nc2ccc(OC3(C)COC3)cc2)C2CC2)c1	0.032054
rxn:2:72786:129440	Cc1nc2c(NC(C)c3ccc(C(C)C)[nH]c3=O)ncnc2n1C	0.032053
rxn:2:83066:76082	COc1cc(NC(C)c2cccc(C)c2C)ccc1-n1cnnc1	0.032052
rxn:2:96880:76082	COc1ccc(NC(C)c2cccc(C)c2C)cc1-n1cnnc1	0.032052
rxn:2:118713:108850	COc1cc(NC(C)c2cccnc2C)ccc1-n1cnc(C)c1	0.032052
rxn:2:118713:73156	COc1cc(NC(C)c2cnccc2C)ccc1-n1cnc(C)c1	0.032052
rxn:2:118713:102566	COc1cc(NC(C)c2ccncc2C)ccc1-n1cnc(C)c1	0.032052
rxn:2:118713:120667	COc1cc(NC(C)c2ncccc2C)ccc1-n1cnc(C)c1	0.032052
rxn:2:102280:76082	Cc1cn(-c2cccc(NC(C)c3cccc(C)c3C)c2)cn1	0.032051
rxn:2:132144:76082	Cc1cn(-c2ccccc2NC(C)c2cccc(C)c2C)cn1	0.032051
rxn:2:105179:76082	Cc1cc(NC(C)c2cccc(C)c2C)ccc1-n1ccnc1	0.032051
rxn:2:136341:76082	Cc1cn(-c2ccc(NC(C)c3cccc(C)c3C)cc2)cn1	0.032051
rxn:2:79495:88534	Cn1cnc(C2CC2CCNC(CN2CCCC2)c2ccccc2)c1	0.032050
rxn:2:76449:91066	CC(F)(F)c1cc(NC2COc3ccsc32)cc(C(C)(F)F)c1	0.032049
rxn:2:136496:150796	Cc1ccc2c(c1)C(NCc1cnn(C)c(=O)c1)c1cc(C)ccc1-2	0.032049
rxn:2:136496:161687	Cc1ccc2c(c1)-c1ccc(C)cc1C2NCc1cnn(C)c(=O)c1	0.032049
rxn:2:72786:135964	Cc1nc2c(NC(C)c3ccc(C4CC4)[nH]c3=O)ncnc2n1C	0.032049
rxn:2:83979:125321	CC(Nc1ncnc2[nH]ccc(=O)c12)c1ccnc(C(C)(C)F)c1	0.032048
rxn:2:150373:93200	CC(Nc1cnc2c(c1)n(C)c(=O)n2C(C)C)c1cc[nH]c(=O)c1	0.032042
rxn:2:158110:115775	CC(CCCC1CC1)NCc1ccc(=O)n(Cc2ccncc2)c1	0.032038
rxn:2:76531:71823	COc1ccc2c(NC(C)c3nc4c(s3)CCCC4)nsc2c1	0.032031
rxn:2:73307:71823	COc1nc2ccc(NC(C)c3nc4c(s3)CCCC4)cc2s1	0.032031
rxn:2:105723:71823	COc1ccc2snc(NC(C)c3nc4c(s3)CCCC4)c2c1	0.032031
rxn:2:68559:125685	CCCSc1ccc(NC2CCN(Cc3ccccc3)CC2)nn1	0.032030
rxn:2:81887:136634	CCc1ccc(C(C)Nc2nc(N3CCOCC3)[nH]c(=O)c2CC)cc1	0.032029
rxn:2:81887:84719	CCc1cccc(C(C)Nc2nc(N3CCOCC3)[nH]c(=O)c2CC)c1	0.032029
rxn:2:102205:137784	Cn1ncnc1C(NCC1CC1CN1CCc2ccccc2C1)C1CC1	0.032027
rxn:2:103355:155128	CCOc1ncccc1-c1cccc2c1CCC2NC1(CC)CCC1	0.032027
rxn:2:68182:135664	CCCC(N[C@@H]1CCN(CC(C)C)C1)c1ccc(OCC)cc1	0.032026
rxn:2:102205:114357	Cn1nccc1C(NCC1CC1CN1CCc2ccccc2C1)C1CC1	0.032025
rxn:2:102205:133015	Cn1ccnc1C(NCC1CC1CN1CCc2ccccc2C1)C1CC1	0.032025
rxn:2:79495:66943	CCC(Cc1ccc2c(c1)OCO2)NCCC1CC1c1cn(C)cn1	0.032024
rxn:2:76209:78148	CCC1CCC(CC(C)NC[C@H]2CC[C@H](c3nnco3)CC2)CC1	0.032023
rxn:2:120972:66368	Cn1c2c(ccc1=O)C(Nc1c3c(cc4c1C1(CC4)CC1)CCC3)CCC2	0.032010
rxn:2:112668:87803	CCc1ccc(C2CCCC(NC34CC(c5nccs5)(C3)C4)C2)cc1	0.032010
rxn:2:125695:76082	COc1cc(NC(C)c2cccc(C)c2C)ccc1OC(C)(C)C	0.032002
rxn:2:136496:142960	Cc1ccc2cc3c(nc2c1)CCCC3NCc1cnn(C)c(=O)c1	0.032001
rxn:2:135612:134526	CCn1cnc2c(NC(C)c3cc4c([nH]c3=O)CCC4)ncnc21	0.031994
rxn:2:86833:134526	CCn1ncc2c(NC(C)c3cc4c([nH]c3=O)CCC4)ncnc21	0.031994
rxn:2:69494:115775	CCC1(Oc2ccc(NC(C)CCCC3CC3)c(C)n2)COC1	0.031992
rxn:2:106085:118998	Cc1cc(C)c2c(c1)C(NCC(C)C1CCCc3c1c(C)nn3C)CCO2	0.031991
rxn:2:103146:91066	CCc1ccc(CC)c2ncc(NC3COc4ccsc43)cc12	0.031989
rxn:2:150870:93200	COc1ccc2nc(C)c(C)c(NC(C)c3cc[nH]c(=O)c3)c2c1	0.031987
rxn:2:167409:93200	COc1ccc2c(NC(C)c3cc[nH]c(=O)c3)c(C)c(C)nc2c1	0.031987
rxn:2:67357:128174	CCc1cccc2c1OCCC2NC1CC2CCC(C1)C21SCCS1	0.031986
rxn:2:67357:76716	CCc1ccc2c(c1)C(NC1CC3CCC(C1)C31SCCS1)CCO2	0.031986
rxn:2:125988:132476	Cc1cc(C(C)Nc2cccc(-c3ccsn3)c2)sc1C	0.031984
rxn:2:122841:102335	CC1CC(C(Nc2ccc(OC3(C)COC3)cc2)c2ccccc2)C1	0.031983
rxn:2:93079:131453	Cc1n[nH]c(CNC(c2cccs2)c2cc3c(s2)CCCC3)n1	0.031981
rxn:2:136496:161811	Cn1ncc(CNC2c3ccccc3CC2c2ccccc2)cc1=O	0.031978
rxn:2:167585:137914	CCc1cc(NC2CC(CCSC)C2)nn1-c1cc(C)ccc1C	0.031977
rxn:2:72026:125732	CCC(C)c1ccnc(NC(CC)c2cc(C)cc(OC)c2)c1	0.031967
rxn:2:91654:74191	COc1ccnc(C(NCCN2CCc3ccccc3CC2)C2CC2)c1	0.031961
rxn:2:99555:92418	c1ccc2[nH]c(N3CCC(NC4CCCc5snnc54)C3)nc2c1	0.031959
rxn:2:76062:121979	CC(Nc1nnc(-c2cncs2)s1)c1ccc(C(C)(C)C)s1	0.031953
rxn:2:86850:118090	CC1(C2CC(Nc3nnc(-c4cccs4)o3)c3ccnn32)CCC1	0.031948
rxn:2:88014:118090	CC1(C2CC(Nc3nnc(-c4ccsc4)o3)c3ccnn32)CCC1	0.031948
rxn:2:100556:109488	CCC(Nc1c(C)nn2ccccc12)C1CCCN(C2CCCCC2)C1	0.031946
rxn:2:92374:112206	CCC(Nc1cccc2nc(C)cn12)C1CCN(C2CCCCC2)CC1	0.031946
rxn:2:92374:109488	CCC(Nc1cccc2nc(C)cn12)C1CCCN(C2CCCCC2)C1	0.031946
rxn:2:84173:109488	CCC(Nc1c(C)nc2ccccn12)C1CCCN(C2CCCCC2)C1	0.031946
rxn:2:100556:112206	CCC(Nc1c(C)nn2ccccc12)C1CCN(C2CCCCC2)CC1	0.031946
rxn:2:84173:112206	CCC(Nc1c(C)nc2ccccn12)C1CCN(C2CCCCC2)CC1	0.031946
rxn:2:97499:138146	CCC(Cc1cccnc1)NCc1cc(C)nc(N(CC)CC)n1	0.031944
rxn:2:132418:100175	Cc1c[nH]c2ncnc(NC(C)c3cccc(C(C)(C)C)c3)c12	0.031944
rxn:2:132418:66965	Cc1c[nH]c2ncnc(NC(C)c3ccc(C(C)(C)C)cc3)c12	0.031944
rxn:2:67357:98629	Cc1ccc2c(c1)C(NC1CC3CCC(C1)C31SCCS1)CCC2	0.031942
rxn:2:95978:132476	Cc1nc(C)n(-c2ccc(CNC(C)c3cc(C)c(C)s3)cn2)n1	0.031941
rxn:2:126536:71823	Cc1cn(C)c2cc(NC(C)c3nc4c(s3)CCCC4)ccc12	0.031937
rxn:2:102205:83574	COc1nccc(C(C)NCC2CC2CN2CCc3ccccc3C2)n1	0.031936
rxn:2:74360:118090	CC(CN1CCN2CCCCC2C1)NC1CC(C2(C)CCC2)n2nccc21	0.031935
rxn:2:97174:88653	O=c1c2ccccc2sn1NC1CCC12CCCc1ccccc12	0.031921
rxn:2:74641:92418	c1cn2cnnc2c(N2CCC(NC3CCCc4snnc43)C2)n1	0.031915
rxn:2:80442:72771	CCC(C)[C@@H](NC1CC(CC(C)C)C1)c1cccc2c1OCCO2	0.031910
rxn:2:95402:103587	Cc1[nH]cc2c1C(NCC1CN(C)CC(C)(C)N1c1ccccc1)CCC2	0.031905
rxn:2:139816:74191	COc1ccnc(C(NCC2CCc3ccccc3CC2)C2CC2)c1	0.031902
rxn:2:138450:91021	CCCCC(NC(C)CCc1ccc(C)cc1)c1cnccn1	0.031895
rxn:2:135338:72475	CC[C@H]1CC[C@H](C2CCC(Nc3cnnc(SC)c3)CC2)CC1	0.031893
rxn:2:135338:73401	CCC1CCC(C2CCC(Nc3cnnc(SC)c3)CC2)CC1	0.031893
rxn:2:102205:111773	COc1ccnc(C(C)NCC2CC2CN2CCc3ccccc3C2)c1	0.031892
rxn:2:102205:74638	COc1ccc(C(C)NCC2CC2CN2CCc3ccccc3C2)nc1	0.031892
rxn:2:102205:114510	COc1cc(C(C)NCC2CC2CN2CCc3ccccc3C2)ccn1	0.031892
rxn:2:126853:76082	COc1ccnc2ccc(NC(C)c3cccc(C)c3C)cc12	0.031891
rxn:2:124212:76082	COc1ccnc2cc(NC(C)c3cccc(C)c3C)ccc12	0.031891
rxn:2:96303:79814	CCN(c1ncc(C(C)NC2CC3(CCCCO3)C2)s1)C1CCCC1	0.031888
rxn:2:74923:132476	CCCn1nc(C)c(C2CCC2)c1NC(C)c1cc(C)c(C)s1	0.031883
rxn:2:114928:131913	CCCC(Nc1nnc(-c2cc(C)cs2)o1)C1CCN(CCC)C1	0.031882
rxn:2:117109:78148	CCC1CCC(CC(C)NCCn2c(C)nnc2C2CCC2)CC1	0.031880
rxn:2:114503:72493	CCn1c(C)nnc1C1CCC(CNC(C)CCC2CCC2)CC1	0.031880
rxn:2:102258:161420	Cn1cc(-c2ccc3c(c2)CCC3NC2CC(n3cncn3)C2)cn1	0.031870
rxn:2:102258:150651	Cn1cc(-c2ccc3c(c2)C(NC2CC(n4cncn4)C2)CC3)cn1	0.031870
rxn:2:102258:165214	Cn1ccnc1-c1ccc2c(c1)C(NC1CC(n3cncn3)C1)CC2	0.031870
rxn:2:102258:156133	Cn1cnc(-c2ccc3c(c2)C(NC2CC(n4cncn4)C2)CC3)c1	0.031870
rxn:2:133445:166390	CCO[C@H]1COCC[C@H]1NC1CCCc2cc(-c3cncc(C)c3)ccc21	0.031869
rxn:2:103563:72771	COc1ccccc1C(NC1CC(CC(C)C)C1)C1CCCC1	0.031867
rxn:2:102258:153235	c1cncc(-c2ccc3c(c2)CCC3NC2CC(n3cncn3)C2)c1	0.031867
rxn:2:102258:147215	c1cncc(-c2ccc3c(c2)C(NC2CC(n4cncn4)C2)CC3)c1	0.031867
rxn:2:102258:155274	c1ccc(-c2ccc3c(c2)C(NC2CC(n4cncn4)C2)CC3)nc1	0.031867
rxn:2:82255:115775	COc1ccc(-c2ncccc2NC(C)CCCC2CC2)cc1	0.031867
rxn:2:109456:67395	CCn1cc(CC(C)(C)CNC2CC(c3nc(C4CC4)no3)C2)cn1	0.031861
rxn:2:113069:103571	Cc1cc2cccnc2c(NC(C)c2cc3c(s2)CCCC3)n1	0.031850
rxn:2:137370:71823	Cc1nccc2cc(NC(C)c3nc4c(s3)CCCC4)ccc12	0.031850
rxn:2:66451:71823	Cc1ccnc2cc(NC(C)c3nc4c(s3)CCCC4)ccc12	0.031850
rxn:2:74214:71823	Cc1nccc2ccc(NC(C)c3nc4c(s3)CCCC4)cc12	0.031850
rxn:2:68205:71823	Cc1cncc2ccc(NC(C)c3nc4c(s3)CCCC4)cc12	0.031850
rxn:2:105276:71823	Cc1ccnc2ccc(NC(C)c3nc4c(s3)CCCC4)cc12	0.031850
rxn:2:90440:133986	Cc1nsc2cc(NC(C)c3ccc4c(n3)CCCC4)ccc12	0.031850
rxn:2:90440:118876	Cc1nsc2cc(NC(C)c3cnc4c(c3)CCCC4)ccc12	0.031850
rxn:2:95402:112157	COc1ccc(C(C)NCC2CN(C)CC(C)(C)N2c2ccccc2)s1	0.031848
rxn:2:99210:143157	COc1csc(-c2ccc3c(c2)OCC3NCC2CC3CC2C2CC32)c1	0.031845
rxn:2:98198:66800	CC[C@H](NC(C)c1cccc(-c2ccsc2)c1)c1cn(C)nn1	0.031838
rxn:2:68182:165843	CCOc1ccc2ccccc2c1C(C)N[C@@H]1CCN(CC(C)C)C1	0.031832
rxn:2:75765:121486	CSc1ccc(C(C)Nc2cc(C)c3ncccc3c2)nc1	0.031830
rxn:2:95402:132476	Cc1cc(C(C)NCC2CN(C)CC(C)(C)N2c2ccccc2)sc1C	0.031829
rxn:2:116614:114101	CC(Nc1cccn([C@H]2C[C@H]2F)c1=O)c1ccc(-c2ccco2)o1	0.031829
rxn:2:116591:78148	CCC1CCC(CC(C)NCc2nc(N(C)C)n3c2CCCC3)CC1	0.031826
rxn:2:79495:122335	COc1cc(C)c(C(C)NCCC2CC2c2cn(C)cn2)cc1OC	0.031826
rxn:2:73053:80762	Cc1ccc2c(c1)C(C)CCC2NCc1ccc2cnn(C)c2c1	0.031824
rxn:2:109920:80762	Cc1ccc2c(c1)C(C)CCC2NCc1ccc2c(cnn2C)c1	0.031824
rxn:2:105678:80762	Cc1ccc2c(c1)C(C)CCC2NCc1cnc2c(ccn2C)c1	0.031824
rxn:2:108407:80762	Cc1ccc2c(c1)C(C)CCC2NCc1cccc2cnn(C)c12	0.031824
rxn:2:120280:80762	Cc1ccc2c(c1)C(C)CCC2NCc1cccc2c1cnn2C	0.031824
rxn:2:138600:140941	CCC1(NC2CCCc3c(OCC(C)C)cccc32)CC(F)(F)C1	0.031821
rxn:2:69894:74191	COc1ccnc(C(NC(C)CN2CCc3ccccc3C2)C2CC2)c1	0.031820
rxn:2:99748:74191	COc1ccnc(C(NCC(C)N2CCc3ccccc3C2)C2CC2)c1	0.031820
rxn:2:124270:74191	CCN1Cc2ccccc2CC1CNC(c1cc(OC)ccn1)C1CC1	0.031820
rxn:2:102258:147706	c1ncc(-c2ccc3c(c2)C(NC2CC(n4cncn4)C2)CC3)cn1	0.031818
rxn:2:82403:129273	CCCS(=O)(=O)c1cnc(C)nc1NC(C)c1csc(COC)n1	0.031802
rxn:2:84577:117776	CCCC(C)CC(N[C@H]1CC[C@@H]1N(C)C)C1CCCC(C)C1	0.031798
rxn:2:71576:168163	Cc1cncnc1-c1ccc(C(C)NCC(C)(C)N(C)C2CCC2)s1	0.031798
rxn:2:90440:73879	COCCn1ncc2c1CCCC2Nc1ccc2c(C)nsc2c1	0.031791
rxn:2:112333:79296	COc1ccc(C(C)(C)CC(C)NCc2nc(=O)[nH][nH]2)cc1C	0.031787
rxn:2:122344:66368	CCCn1nnc2cccc(NC3CCCc4c3ccc(=O)n4C)c21	0.031786
rxn:2:112333:134909	CCCOc1ccc(C(CC)NCc2nc(=O)[nH][nH]2)cc1C	0.031785
rxn:2:130755:91066	CCc1cncc(-n2ncc(NC3COc4ccsc43)c2CC)c1	0.031776
rxn:2:135232:91066	CCc1cncc(-n2nc(CC)cc2NC2COc3ccsc32)c1	0.031776
rxn:2:95748:91066	CCc1cncc(-n2cc(NC3COc4ccsc43)c(CC)n2)c1	0.031776
rxn:2:120482:138146	CCC(Cc1cccnc1)NC1CC(C)(C)Cc2c1ccn2C(C)C	0.031774
rxn:2:163191:138050	c1ccc2c(N3CC[C@H](NC4CCCC45CCCCCC5)C3)ncnc2c1	0.031763
rxn:2:149062:104589	Cc1cc(C(C)N[C@@H]2CCN(c3ncnc4ccccc34)C2)ccn1	0.031763
rxn:2:114503:68384	CCn1c(C)nnc1C1CCC(CNC(C)CC2CC(F)(F)C2)CC1	0.031761
rxn:2:129653:80762	Cc1ccc2c(c1)C(C)CCC2NCc1cnn(C(C)C(C)(C)C)c1	0.031752
rxn:2:122841:136539	Cc1cccc(C(Nc2ccc(OC3(C)COC3)cc2)C2CCC2)c1	0.031751
rxn:2:122841:104273	Cc1ccc(C(Nc2ccc(OC3(C)COC3)cc2)C2CCC2)cc1	0.031751
rxn:2:72786:138010	Cc1nc2c(NC3CCCN(Cc4ccccc4)C3)ncnc2n1C	0.031750
rxn:2:109310:134526	CCc1nc2c(NC(C)c3cc4c([nH]c3=O)CCC4)ncnc2s1	0.031750
rxn:2:78027:94554	COc1ccc(C2CC(NC(C)c3cnn(CC4CCOC4)c3)C2)cc1	0.031748
rxn:2:81887:80451	CCc1ccnc(C(C)Nc2nc(N3CCOCC3)[nH]c(=O)c2CC)c1	0.031745
rxn:2:81887:133362	CCc1ccc(C(C)Nc2nc(N3CCOCC3)[nH]c(=O)c2CC)nc1	0.031745
rxn:2:81887:116143	CCc1cccc(C(C)Nc2nc(N3CCOCC3)[nH]c(=O)c2CC)n1	0.031745
rxn:2:81887:91807	CCc1cccnc1C(C)Nc1nc(N2CCOCC2)[nH]c(=O)c1CC	0.031745
rxn:2:102205:69383	c1ccc(C(NCC2CC2CN2CCc3ccccc3C2)C2CC2)nc1	0.031741
rxn:2:102205:112014	c1ccc2c(c1)CCN(CC1CC1CNC(c1ccncc1)C1CC1)C2	0.031741
rxn:2:102205:74901	c1cncc(C(NCC2CC2CN2CCc3ccccc3C2)C2CC2)c1	0.031741
rxn:2:90440:100029	Cc1nsc2cc(NC(C)c3cc(C4CC4)cs3)ccc12	0.031724
rxn:2:96303:82488	CCCC(NC1CC2(CCCCO2)C1)c1cccc(S(=O)(=O)CC)c1	0.031720
rxn:2:139592:122118	CCN1CCc2nc(NC(C)c3ccc(SC(C)C)cn3)sc2C1	0.031720
rxn:2:72786:140458	Cc1nc2c(NC3CCOCC3Cc3ccccc3)ncnc2n1C	0.031716
rxn:2:124219:78603	CC(C)c1cc(N2CCC(NC3CC(c4ccccc4)C3C)CC2)ncn1	0.031712
rxn:2:65970:81021	CCc1ccc2c(c1)C(Nc1ccc3c(c1)CCCN3CC)CCC2	0.031709
rxn:2:65970:141039	CCc1ccc2c(c1)CCCC2Nc1ccc2c(c1)CCCN2CC	0.031709
rxn:2:65970:103705	CCc1cccc2c1CCCC2Nc1ccc2c(c1)CCCN2CC	0.031709
rxn:2:100703:155128	CCOc1ncccc1-c1cccc2c1CCC2NC1(C)CC(F)(F)C1	0.031707
rxn:2:102258:150276	Cc1oncc1-c1ccc2c(c1)C(NC1CC(n3cncn3)C1)CC2	0.031706
rxn:2:84051:66368	Cn1c2c(ccc1=O)C(Nc1ncc(C3CCCC(C)(C)C3)s1)CCC2	0.031705
rxn:2:114928:70856	Cc1csc(-c2nnc(NC3CC(C(C)(C)C)n4nccc43)o2)c1	0.031701
rxn:2:136496:162515	Cn1ncc(CNC2CCOc3cc(-c4ccoc4)ccc32)cc1=O	0.031701
rxn:2:99686:89151	COc1cnc2c(NC3CCc4cc5c(cc43)OCC5)nccc2c1	0.031694
rxn:2:65940:118998	Cc1cc(C)c2c(c1)C(Nc1ccnc(-c3nnnn3C)c1)CCO2	0.031692
rxn:2:66441:66368	CC1Cc2cc(NC3CCCc4c3ccc(=O)n4C)ccc2N1C(C)(C)C	0.031691
rxn:2:72824:91066	CCc1ccc(-n2ncc(OC)c2NC2COc3ccsc32)cc1	0.031685
rxn:2:102205:77506	c1ccc2c(c1)CCN(CC1CC1CNC(c1ncco1)C1CCC1)C2	0.031682
rxn:2:72786:96603	Cc1nc2c(NC(C)c3cc(C(C)C)n[nH]c3=O)ncnc2n1C	0.031679
rxn:2:83483:71823	CC(Nc1cnn(C(C)(C)C)c1C(C)(C)C)c1nc2c(s1)CCCC2	0.031674
rxn:2:73724:66368	Cc1cc(NC2CCCc3c2ccc(=O)n3C)ccc1N1CCCN(C)CC1	0.031672
rxn:2:79495:108344	CC(NCCC1CC1c1cn(C)cn1)c1c[nH]c2ccccc12	0.031667
rxn:2:102242:94554	COc1ccc(C2CC(NC(C)c3cnn(CC4CCCO4)c3)C2)cc1	0.031663
rxn:2:76062:82829	CC(Nc1nnc(-c2cncs2)s1)c1ccc(C(C)(F)F)s1	0.031663
rxn:2:76832:118131	Cc1cnc(C2CC(NC(C)C(c3ccn(C)c3)N3CCCCC3)C2)s1	0.031660
rxn:2:93079:163676	COc1ccc(C(NCc2nc(C)n[nH]2)c2ccsc2)cc1C	0.031656
rxn:2:84584:93200	CC(Nc1nnc(-c2cnn(C)c2)[nH]1)c1cc[nH]c(=O)c1	0.031655
rxn:2:129233:138146	CCC(Cc1cccnc1)NC1(COC)CC2(CCC(F)(F)CC2)C1	0.031651
rxn:2:110443:87143	CC(CCc1cnsc1)NCc1nc(C2(S(C)(=O)=O)CCC2)no1	0.031634
rxn:2:70426:66368	Cn1c2c(ccc1=O)C(Nc1ccc3c(c1)CCN3CC1CCOC1)CCC2	0.031632
rxn:2:65970:75736	CCN1CCCc2cc(NC3CCCc4c3ccc(=O)n4C(C)C)ccc21	0.031624
rxn:2:112668:91639	CC(NC12CC(c3nccs3)(C1)C2)c1ncc(-c2cnn(C)c2)s1	0.031622
rxn:2:124271:89151	Cc1cc(CN2CCC(CNC3CCc4cc5c(cc43)OCC5)CC2)[nH]n1	0.031614
rxn:2:100341:78148	CCC1CCC(CC(C)NCc2nnc(C3CC3)n2C2CC2)CC1	0.031613
rxn:2:84209:66368	Cn1c2c(ccc1=O)C(NCc1nc(=O)[nH]c(=O)[nH]1)CCC2	0.031613
rxn:2:68182:108287	COc1ccsc1-c1ccc(C(C)N[C@@H]2CCN(CC(C)C)C2)s1	0.031612
rxn:2:116614:80888	CC(Nc1cccn([C@H]2C[C@H]2F)c1=O)c1cnc(-c2ccco2)s1	0.031608
rxn:2:102205:84829	c1ccc2c(c1)CCN(CC1CC1CNC(c1ccsc1)C1CC1)C2	0.031602
rxn:2:101949:132476	Cc1cc(C(C)Nc2c(C3CC3)c(C)nn2C2CCOCC2)sc1C	0.031601
rxn:2:129916:132476	Cc1cc(C(C)Nc2c(C3CC3)c(C)nn2C2CCCOC2)sc1C	0.031601
rxn:2:94013:91066	CCCc1cc(NC2COc3ccsc32)n(-c2ccc(C)nc2)n1	0.031601
rxn:2:92456:94554	COc1ccc(C2CC(NCC(OC)c3ccc4c(c3)OCO4)C2)cc1	0.031598
rxn:2:67292:92418	c1cnc2c(N3CC(NC4CCCc5snnc54)C3)ncnc2n1	0.031597
rxn:2:70031:66368	CCc1cc(NC2CCCc3c2ccc(=O)n3C)ccc1N1CCN(C)CC1	0.031587
rxn:2:65970:111998	CCN1CCCc2cc(NC3CCCc4c3ccc(C)c4C)ccc21	0.031586
rxn:2:65970:132034	CCN1CCCc2cc(NC3CCCc4cc(C)c(C)cc43)ccc21	0.031586
rxn:2:65970:131320	CCN1CCCc2cc(NC3CCCc4c(C)cc(C)cc43)ccc21	0.031586
rxn:2:114928:72584	Cc1csc(-c2nnc(NC3CCC(C(C)C)n4nccc43)o2)c1	0.031578
rxn:2:100008:73581	CCOc1ccc(NC(c2cccc(C3CC3)c2)C2CC2)cc1	0.031577
rxn:2:132418:107983	Cc1c[nH]c2ncnc(NC(C)c3ccnc(OC(C)(C)C)c3)c12	0.031571
rxn:2:132418:121582	Cc1c[nH]c2ncnc(NC(C)c3ccc(OC(C)(C)C)nc3)c12	0.031571
rxn:2:100556:103841	CCC(Nc1c(C)nn2ccccc12)C1CCN(C(CC)CC)CC1	0.031563
rxn:2:100556:101629	CCCC(C)N1CCC(C(CC)Nc2c(C)nn3ccccc23)CC1	0.031563
rxn:2:92374:103841	CCC(Nc1cccc2nc(C)cn12)C1CCN(C(CC)CC)CC1	0.031563
rxn:2:92374:101629	CCCC(C)N1CCC(C(CC)Nc2cccc3nc(C)cn23)CC1	0.031563
rxn:2:84173:103841	CCC(Nc1c(C)nc2ccccn12)C1CCN(C(CC)CC)CC1	0.031563
rxn:2:84173:101629	CCCC(C)N1CCC(C(CC)Nc2c(C)nc3ccccn23)CC1	0.031563
rxn:2:79495:127869	Cc1cc2nccn2cc1C(C)NCCC1CC1c1cn(C)cn1	0.031562
rxn:2:79495:128391	Cc1cc2cncn2cc1C(C)NCCC1CC1c1cn(C)cn1	0.031562
rxn:2:111438:125321	Cc1oc2ncnc(NC(C)c3ccnc(C(C)(C)F)c3)c2c1C	0.031554
rxn:2:129301:143157	COc1csc(-c2ccc3c(c2)OCC3NC2CC3CCC2CC3F)c1	0.031554
rxn:2:80623:143157	COc1csc(-c2ccc3c(c2)OCC3NC2C3CCC2CC(F)C3)c1	0.031554
rxn:2:121310:84930	CCC(NC1CN(Cc2ccsc2)C1)C1CCCN1C1CCCCC1	0.031550
rxn:2:140546:163676	COc1ccc(C(NCc2nc(=O)o[nH]2)c2ccsc2)cc1C	0.031550
rxn:2:132077:66368	CCN1CCN(c2ccc(NC3CCCc4c3ccc(=O)n4C)cc2C)CC1	0.031549
rxn:2:149062:128969	Cc1nc(C)c(C(C)N[C@@H]2CCN(c3ncnc4ccccc34)C2)o1	0.031546
rxn:2:102441:74191	COc1ccnc(C(NC(C)(C)CN2Cc3ccccc3C2)C2CC2)c1	0.031546
rxn:2:112592:66368	CCCCN1CCCc2c(NC3CCCc4c3ccc(=O)n4C)cccc21	0.031545
rxn:2:79495:121440	Cc1cc2ncnn2cc1C(C)NCCC1CC1c1cn(C)cn1	0.031543
rxn:2:138600:145570	CCC1(NC(c2ccccc2)c2ccc(C)cc2C)CC(F)(F)C1	0.031541
rxn:2:139592:68604	CCC(Nc1nc2c(s1)CN(CC)CC2)C(c1cccnc1)C(C)C	0.031536
rxn:2:65970:145700	CCN1CCCc2cc(NC3CCCc4cc(S(C)(=O)=O)ccc43)ccc21	0.031528
rxn:2:93079:167309	COc1cc2cc(C(C)NCc3nc(C)n[nH]3)sc2cc1OC	0.031528
rxn:2:102258:155186	c1ccc(-c2ccc3c(c2)C(NC2CC(n4cncn4)C2)CC3)cc1	0.031525
rxn:2:118713:128188	COc1cc(NC(C)c2ccc[nH]c2=O)ccc1-n1cnc(C)c1	0.031520
rxn:2:89911:115775	CC(CCCC1CC1)NC(C)Cc1ccnc(-c2ccccn2)n1	0.031519
rxn:2:96244:89151	Cc1cc(C)nc(N2CCC(CNC3CCc4cc5c(cc43)OCC5)CC2)n1	0.031505
rxn:2:132914:89151	Cc1cc(N2CCC(CNC3CCc4cc5c(cc43)OCC5)CC2)nc(C)n1	0.031505
rxn:2:110813:89151	Cc1ncc(N2CCC(CNC3CCc4cc5c(cc43)OCC5)CC2)nc1C	0.031505
rxn:2:158935:132476	Cc1cc(C(C)Nc2ncnc3c(C4CCC4)c(C)nn23)sc1C	0.031504
rxn:2:120479:103571	CC(NCc1nc(-c2cccs2)n[nH]1)c1cc2c(s1)CCCC2	0.031496
rxn:2:149062:138254	Cc1cccc(C(C)N[C@@H]2CCN(c3ncnc4ccccc34)C2)c1	0.031494
rxn:2:76776:136292	CCCCC(NC1CC1C1CCOC1)c1ccc(C(C)C)cc1	0.031481
rxn:2:87378:89151	Cn1ccnc(N2CCC(CNC3CCc4cc5c(cc43)OCC5)CC2)c1=O	0.031476
rxn:2:126479:134526	CCn1nnc2c(NC(C)c3cc4c([nH]c3=O)CCC4)ncnc21	0.031466
rxn:2:72134:66368	COc1cc(NC2CCCc3c2ccc(=O)n3C)ccc1N1CCN(C)CC1	0.031465
rxn:2:102258:68421	c1cncc(C(Cc2ccncc2)NC2CC(n3cncn3)C2)c1	0.031452
rxn:2:129733:125321	Cc1cccc2ncnc(NC(C)c3ccnc(C(C)(C)F)c3)c12	0.031451
rxn:2:100040:125321	Cc1cccc2c(NC(C)c3ccnc(C(C)(C)F)c3)ncnc12	0.031451
rxn:2:141655:118090	Cn1ccnc1-c1nnc(NC2CC(C3(C)CCC3)n3nccc32)o1	0.031450
rxn:2:101048:118090	Cn1ccc(-c2nnc(NC3CC(C4(C)CCC4)n4nccc43)o2)n1	0.031450
rxn:2:128719:118090	Cn1nccc1-c1nnc(NC2CC(C3(C)CCC3)n3nccc32)o1	0.031450
rxn:2:107128:118090	Cn1cc(-c2nnc(NC3CC(C4(C)CCC4)n4nccc43)o2)cn1	0.031450
rxn:2:129548:122352	CCc1n[nH]c2sc(CNC3CCC3c3ccccc3)c(C)c12	0.031448
rxn:2:129548:122551	CCc1n[nH]c2sc(CNC3CC[C@@H]3c3ccccc3)c(C)c12	0.031448
rxn:2:129548:115092	CCc1n[nH]c2sc(CNC3CC(c4ccccc4)C3)c(C)c12	0.031448
rxn:2:97174:102702	O=c1c2ccccc2sn1NC(c1ccsc1)C1CCCCC1	0.031448
rxn:2:76062:70247	CC(Nc1nnc(-c2cncs2)s1)c1ccc(CC2CC2)s1	0.031443
rxn:2:122841:90181	CC1(Oc2ccc(NC(c3ccccc3)C3CCCC3)cc2)COC1	0.031436
rxn:2:136013:74191	COc1ccnc(C(NC2CC(N3CCc4ccccc4C3)C2)C2CC2)c1	0.031435
rxn:2:102695:78603	CC1C(Nc2cnnc3[nH]c(=O)[nH]c23)CC1c1ccccc1	0.031429
rxn:2:74355:66368	Cn1c2c(ccc1=O)C(NCCN1CCc3cc(C(C)(C)C)ccc31)CCC2	0.031423
rxn:2:163191:70257	c1ccc2c(N3CC[C@H](NC4CCCc5nonc54)C3)ncnc2c1	0.031422
rxn:2:147092:130805	Cc1ccc2nc(-c3cn[nH]c3NC3CCSCC3)[nH]c2c1	0.031419
rxn:2:68513:91066	FC(F)(c1cc[nH]c1)c1cccc(NC2COc3ccsc32)c1	0.031413
rxn:2:122485:93200	COc1ccc2nc(OC)c(NC(C)c3cc[nH]c(=O)c3)cc2c1	0.031400
rxn:2:112333:92741	CCCC(NCc1nc(=O)[nH][nH]1)c1ccc(OC)c(OC)c1	0.031399
rxn:2:112333:81111	CCOc1cc(C(CC)NCc2nc(=O)[nH][nH]2)ccc1OC	0.031399
rxn:2:156928:92418	Cc1cc(N2CC(NC3CCCc4snnc43)C2)c2ccccc2n1	0.031397
rxn:2:99456:80762	Cc1ccc2c(c1)C(C)CCC2NCc1ccc(C2(C)CC2)cc1	0.031396
rxn:2:130437:87143	CC(CCc1cnsc1)Nc1cc(C(C)C)nn1C1CCCSC1	0.031396
rxn:2:132418:95975	CCc1ccccc1C(Nc1ncnc2[nH]cc(C)c12)C(C)C	0.031382
rxn:2:131812:103705	CCc1cccc2c1CCCC2Nc1nc2ccccc2c(=O)s1	0.031378
rxn:2:168654:92418	c1cc(N2CC[C@@H](NC3CCCc4snnc43)C2)c2ccncc2c1	0.031373
rxn:2:163191:69805	c1ccc2c(N3CC[C@H](NC4CCCc5scnc54)C3)ncnc2c1	0.031373
rxn:2:66656:119935	c1cnn(C[C@H]2C[C@H](NC3CCCc4cc(OCC5CC5)ccc43)C2)c1	0.031367
rxn:2:102205:99378	COc1cccc(C(C)NCC2CC2CN2CCc3ccccc3C2)c1	0.031366
rxn:2:138145:115775	Cc1oc(-c2ccccn2)cc1C(C)NC(C)CCCC1CC1	0.031362
rxn:2:70503:92418	CC(CCNC1CCCc2snnc21)Cc1ccc(C(C)(C)C)cc1	0.031359
rxn:2:133141:74191	COc1ccnc(C(NCC2CC2CN2CCC(C)CC2)C2CC2)c1	0.031353
rxn:2:158108:132476	Cc1cnc(-n2[nH]c(=O)cc2NC(C)c2cc(C)c(C)s2)c(C)c1	0.031347
rxn:2:67357:68912	c1c2c(cc3c1OCCC3NC1CC3CCC(C1)C31SCCS1)OCO2	0.031345
rxn:2:129548:99881	CCc1n[nH]c2sc(CNC3C[C@H](C)c4ccccc43)c(C)c12	0.031341
rxn:2:129548:121109	CCc1n[nH]c2sc(CNC3C[C@@H](C)c4ccccc43)c(C)c12	0.031341
rxn:2:129548:135289	CCc1n[nH]c2sc(CNC3CC(C)c4ccccc43)c(C)c12	0.031341
rxn:2:66656:118634	CC(N[C@H]1C[C@H](Cn2cccn2)C1)c1ccc(-c2ccoc2)cn1	0.031340
rxn:2:127876:118090	CC1(C2CC(Nc3nnc(-c4ccncc4)o3)c3ccnn32)CCC1	0.031340
rxn:2:101827:118090	CC1(C2CC(Nc3nnc(-c4ccccn4)o3)c3ccnn32)CCC1	0.031340
rxn:2:138529:137914	COC1CC2CN(C)CC(CNC3CC(CCSC)C3)(C1)C2(F)F	0.031339
rxn:2:102205:75225	CCC(NCC1CC1CN1CCc2ccccc2C1)c1cc(C)ccn1	0.031334
rxn:2:129518:130954	Cc1cc(Oc2ccccc2)ccc1NC1CCC2(CC1)CSC2	0.031328
rxn:2:78038:132476	Cc1cc(C(C)Nc2c(C3CC3)c(C)nn2C2CCSC2)sc1C	0.031321
rxn:2:117340:73581	CC1(Oc2ncncc2NC(c2cccc(C3CC3)c2)C2CC2)COC1	0.031319
rxn:2:74844:73581	CC1(Oc2nccnc2NC(c2cccc(C3CC3)c2)C2CC2)COC1	0.031319
rxn:2:74949:76082	COc1cc(NC(C)c2cccc(C)c2C)ccc1OCC1CC1	0.031317
rxn:2:66656:135581	CCN(CC)c1ccc(C(C)N[C@H]2C[C@H](Cn3cccn3)C2)cc1C	0.031315
rxn:2:115946:71823	CC(NC1CC(COCc2ccccc2)C1)c1nc2c(s1)CCCC2	0.031312
rxn:2:120655:112899	c1cc2c(c3c1CCC3)CCC2Nc1c2c(nn1C1CCCSC1)COC2	0.031308
rxn:2:68559:123917	CCCSc1ccc(NC(c2ccccc2OC)C2CC2)nn1	0.031301
rxn:2:79641:80762	Cc1ccc2c(c1)C(C)CCC2NCc1cnn(CCOC(C)(C)C)c1	0.031295
rxn:2:67245:78148	CCC1CCC(CC(C)Nc2c(C3CC3)nc(C)n2CC)CC1	0.031293
rxn:2:67844:115775	Cc1cccc(-c2nc(C(C)NC(C)CCCC3CC3)c[nH]2)c1	0.031287
rxn:2:168791:118131	Cc1cnc(C2CC(Nc3ccc4c(=O)n(C)c(=O)n(C)c4c3)C2)s1	0.031286
rxn:2:92500:115775	CC(CCCC1CC1)NCC(C)c1nccc(-c2ccccn2)n1	0.031284
rxn:2:66613:93200	CC(Nc1ccn(CCn2ccsc2=O)n1)c1cc[nH]c(=O)c1	0.031279
rxn:2:65970:68687	CCN1CCCc2cc(NC3CCCc4c3ccc(C)c4OC)ccc21	0.031278
rxn:2:65970:89544	CCN1CCCc2cc(NC3CCCc4c3ccc(OC)c4C)ccc21	0.031278
rxn:2:120108:74191	COc1ccnc(C(NCC2CC2CN2CCCCCC2)C2CC2)c1	0.031273
rxn:2:149062:92418	c1ccc2c(N3CC[C@@H](NC4CCCc5snnc54)C3)ncnc2c1	0.031269
rxn:2:151312:92418	c1ccc2c(N3CCC(NC4CCCc5snnc54)C3)ncnc2c1	0.031269
rxn:2:66352:118090	CC1(C2CC(Nc3nnc(-c4cnccn4)o3)c3ccnn32)CCC1	0.031264
rxn:2:99919:76082	COc1cc(NC(C)c2cccc(C)c2C)ccc1N1CCCCC1	0.031261
rxn:2:95870:76082	COc1ccc(NC(C)c2cccc(C)c2C)cc1N1CCCCC1	0.031261
rxn:2:90440:122871	COCCc1ccc2c(c1)C(Nc1ccc3c(C)nsc3c1)CO2	0.031260
rxn:2:102258:144126	Cc1nnc(-c2ccc3c(c2)C(NC2CC(n4cncn4)C2)CC3)s1	0.031255
rxn:2:88204:71205	CC(CCC1(C2CCC2)COC1)Nc1ccc(N2CC(F)(F)C2)cc1	0.031252
rxn:2:121310:134155	CC(NC1CN(Cc2ccsc2)C1)c1cccc(-n2cnnc2)c1	0.031252
rxn:2:73460:74191	COc1ccnc(C(NCC2CC2CN2CCN(C)CC2)C2CC2)c1	0.031249
rxn:2:109020:115775	CCN1CCc2cc(C[C@@H](C)NC(C)CCCC3CC3)ccc21	0.031246
rxn:2:68559:93291	CCCSc1ccc(NC(CC)c2ccc(CC)cc2)nn1	0.031244
rxn:2:131385:79313	CCC(Nc1cc(Cc2ccc(C)cc2)ncn1)c1cnccn1	0.031242
rxn:2:65970:127182	CCN1CCCc2cc(NC3CCCc4cc(COC)ccc43)ccc21	0.031240
rxn:2:130876:93200	CCCOc1ccc2nc(NC(C)c3cc[nH]c(=O)c3)sc2c1	0.031238
rxn:2:73549:94554	COc1ccc(C2CC(NCC(C)Cc3ccc4c(c3)OCO4)C2)cc1	0.031234
rxn:2:92228:66368	CCCn1cc(CNC2CCCc3c2ccc(=O)n3C)c(C2CCCC2)n1	0.031233
rxn:2:93190:91021	CCCCC(Nc1cc2ccc(C)cc2cn1)c1cnccn1	0.031231
rxn:2:115395:91021	CCCCC(Nc1cc2cc(C)ccc2cn1)c1cnccn1	0.031231
rxn:2:97761:87143	CC(CCc1cnsc1)NCc1cn2c(C3CC3)cccc2n1	0.031231
rxn:2:66541:118518	COc1ccc2c(c1C)CCC2NC1(CCN(C)C(C)C)CCCC1	0.031228
rxn:2:99199:87143	Cc1ccc(C2(CNC(C)CCc3cnsc3)CCCC2)c(C)c1	0.031227
rxn:2:68962:125321	Cc1c[nH]c2ncnc(CNC(C)c3ccnc(C(C)(C)F)c3)c12	0.031225
rxn:2:98405:125321	Cc1c[nH]c2nc(CNC(C)c3ccnc(C(C)(C)F)c3)ncc12	0.031225
rxn:2:76129:71205	CCCn1ccnc1CCNC(C)CCC1(C2CCC2)COC1	0.031223
rxn:2:75612:72771	CC(C)CC1CC(Nc2cc(C(C)C)nn2Cc2ccccc2)C1	0.031216
rxn:2:128414:66368	CCn1ccc(-c2cnc(NC3CCCc4c3ccc(=O)n4C)s2)n1	0.031215
rxn:2:138218:67395	Cc1ccc2nc(CNC3CC(c4nc(C5CC5)no4)C3)[nH]c2n1	0.031213
rxn:2:93605:66368	Cn1c2c(ccc1=O)C(Nc1ccc3c(c1)CN(CC1CCC1)CC3)CCC2	0.031213
rxn:2:110659:66379	CCc1cc(OC)nc(C(C)Nc2nc(N3CCOCC3)cc(=O)[nH]2)c1	0.031212
rxn:2:129321:66379	CCc1cc(OC)nc(C(C)Nc2cc(=O)[nH]c(N3CCOCC3)n2)c1	0.031212
rxn:2:81887:107085	CCc1c(NC(C)c2cccc(OC)n2)nc(N2CCOCC2)[nH]c1=O	0.031212
rxn:2:81887:111773	CCc1c(NC(C)c2cc(OC)ccn2)nc(N2CCOCC2)[nH]c1=O	0.031212
rxn:2:81887:114510	CCc1c(NC(C)c2ccnc(OC)c2)nc(N2CCOCC2)[nH]c1=O	0.031212
rxn:2:81887:74638	CCc1c(NC(C)c2ccc(OC)cn2)nc(N2CCOCC2)[nH]c1=O	0.031212
rxn:2:81887:140867	CCc1c(NC(C)c2ccc(OC)nc2)nc(N2CCOCC2)[nH]c1=O	0.031212
rxn:2:110446:115775	CC(CCCC1CC1)Nc1ccccc1CN1CC(C)OC(C)C1	0.031209
rxn:2:122841:75038	CN1CCC(C(Nc2ccc(OC3(C)COC3)cc2)c2cccnc2)CC1	0.031208
rxn:2:163553:90285	Cc1cc2c(cc1C(NCC1CC(C(C)C)CO1)C(C)C)n(C)c(=O)n2C	0.031206
rxn:2:82038:73581	c1cc(C2CC2)cc(C(Nc2ccc(OC3COC3)cc2)C2CC2)c1	0.031203
rxn:2:88397:132476	Cc1cc(C(C)Nc2cc(C3CC3)nn2-c2ncccn2)sc1C	0.031199
rxn:2:153172:118131	Cc1cnc(C2CC(Nc3c(C)c(C)cc4c3n(C)c(=O)n4C)C2)s1	0.031191
rxn:2:148567:118131	Cc1cnc(C2CC(Nc3cc4c(c(C)c3C)n(C)c(=O)n4C)C2)s1	0.031191
rxn:2:78640:78148	CCC1CCC(CC(C)NCC2CCC(c3nncn3C)CC2)CC1	0.031188
rxn:2:84019:137914	CSCCC1CC(Nc2cnn(CC3CCC3)c2CC2CC2)C1	0.031183
rxn:2:78744:71823	Cc1nc2ccc(NC(C)c3nc4c(s3)CCCC4)cc2nc1C	0.031175
rxn:2:139592:124315	CCN1CCc2nc(NC(C)c3ccc(S(=O)(=O)C(C)C)cn3)sc2C1	0.031169
rxn:2:81263:117043	CSCc1cncc(NC2CC3CCCC(C2)N3CC2CCCC2)c1	0.031166
rxn:2:67740:76082	CCN(CC)CC1CC(C)CCC1NC(C)c1cccc(C)c1C	0.031164
rxn:2:69593:132476	Cc1cnc(-n2cc(CNC(C)c3cc(C)c(C)s3)cn2)c(C)c1	0.031157
rxn:2:121310:139875	c1ccc(C(NC2CN(Cc3ccsc3)C2)c2ccsc2)cc1	0.031154
rxn:2:97564:96141	CC(NC1CCN(c2ccccn2)C1)c1cccc(-n2cccn2)c1	0.031151
rxn:2:103200:96141	CC(N[C@H]1CCN(c2ccccn2)C1)c1cccc(-n2cccn2)c1	0.031151
rxn:2:117774:96141	CC(N[C@@H]1CCN(c2ccccn2)C1)c1cccc(-n2cccn2)c1	0.031151
rxn:2:126189:96141	CC(NC1CCN(c2cccnc2)C1)c1cccc(-n2cccn2)c1	0.031151
rxn:2:75518:96141	CC(NC1CCN(c2ccncc2)C1)c1cccc(-n2cccn2)c1	0.031151
rxn:2:147517:118131	COc1cc2c(cc1NC1CC(c3ncc(C)s3)C1)n(C)c(=O)n2C	0.031151
rxn:2:102258:160972	Cc1cnc(-c2ccc3c(c2)C(NC2CC(n4cncn4)C2)CC3)s1	0.031150
rxn:2:75765:71833	Cc1cc(NC(C)c2ccc(C(C)C)cn2)cc2cccnc12	0.031150
rxn:2:119023:125321	Cc1cc(C)c2c(NC(C)c3ccnc(C(C)(C)F)c3)n[nH]c2n1	0.031147
rxn:2:91371:125321	Cc1[nH]c2ncnc(NC(C)c3ccnc(C(C)(C)F)c3)c2c1C	0.031147
rxn:2:157350:129732	Cc1cc(N2CCC(CNC3C[C@@H]4[C@H](C[C@@H]3C)C4(C)C)CC2)n2ncnc2c1	0.031143
rxn:2:120769:78148	CCC1CCC(CC(C)NCCn2c(C)nnc2C2CCOC2)CC1	0.031143
rxn:2:73201:91021	CCCCC(Nc1cc(SC)ncn1)c1cnccn1	0.031141
rxn:2:128902:118090	COC(C)(C)C(NC1CC(C2(C)CCC2)n2nccc21)c1ccccc1	0.031132
rxn:2:129827:107408	CC(CNC(C)c1ccc(-c2ccsc2)s1)c1nccs1	0.031130
rxn:2:132418:134989	Cc1c[nH]c2ncnc(NC(C)c3cccc(S(=O)(=O)F)c3)c12	0.031127
rxn:2:132418:71442	Cc1c[nH]c2ncnc(NC(C)c3ccc(S(=O)(=O)F)cc3)c12	0.031127
rxn:2:72786:80484	Cc1nc2c(NC(C)c3cn(C)c(=O)[nH]c3=O)ncnc2n1C	0.031118
rxn:2:114106:139358	CCOc1ccc(C(CC)Nc2cncc(C3CC3)c2)cc1OC	0.031116
rxn:2:102481:96141	CC(NC1CCN(c2ccn(C)n2)C1)c1cccc(-n2cccn2)c1	0.031114
rxn:2:132519:96141	CC(NC1CCN(c2nccn2C)C1)c1cccc(-n2cccn2)c1	0.031114
rxn:2:88224:71205	CCN(CC)c1ccc(NC(C)CCC2(C3CCC3)COC2)nn1	0.031113
rxn:2:110529:103705	CCc1cccc2c1CCCC2Nc1cc(C)ccc1OC(C)C	0.031112
rxn:2:67357:69906	Cc1cc(C)c2c(c1)C(NC1CC3CCC(C1)C31SCCS1)C(C)O2	0.031107
rxn:2:90529:125321	CCc1n[nH]c2ncnc(NC(C)c3ccnc(C(C)(C)F)c3)c12	0.031106
rxn:2:121171:154155	CS(=O)(=O)n1cc(-c2ccc3c(c2)C(NC[C@@H]2C[C@@H]4C[C@H]2CO4)CO3)cn1	0.031105
rxn:2:119198:125321	CC(NCc1cccn(C2CCOCC2)c1=O)c1ccnc(C(C)(C)F)c1	0.031102
rxn:2:75765:113165	CCCc1ccc(C(C)Nc2cc(C)c3ncccc3c2)nc1	0.031102
rxn:2:67357:125744	Cc1cc2c(cc1C)C(NC1CC3CCC(C1)C31SCCS1)CCO2	0.031101
rxn:2:67357:105013	Cc1ccc2c(c1C)C(NC1CC3CCC(C1)C31SCCS1)CCO2	0.031101
rxn:2:67357:101467	Cc1cc(C)c2c(c1)OCCC2NC1CC2CCC(C1)C21SCCS1	0.031101
rxn:2:67357:121754	Cc1ccc2c(c1C)OCCC2NC1CC2CCC(C1)C21SCCS1	0.031101
rxn:2:67357:139335	Cc1ccc(C)c2c1OCCC2NC1CC2CCC(C1)C21SCCS1	0.031101
rxn:2:112668:70415	CC(NC12CC(c3nccs3)(C1)C2)c1ncc(-c2ccncc2)s1	0.031101
rxn:2:112668:100098	CC(NC12CC(c3nccs3)(C1)C2)c1cnc(-c2cccnc2)s1	0.031101
rxn:2:154281:140522	CCCC1CCC(Nc2nc(-c3ccc(C)c(C)c3C)cs2)C1	0.031100
rxn:2:68182:142273	CC(C)CN1CC[C@@H](NC(C)c2ccc(-c3cnc(N(C)C)s3)s2)C1	0.031098
rxn:2:82126:68388	CC(F)(F)c1cncc(NC2c3sccc3-c3ccsc32)c1	0.031095
rxn:2:82126:118585	CC(F)(F)c1cncc(NC2c3ccsc3-c3sccc32)c1	0.031095
rxn:2:82126:120297	CC(F)(F)c1cncc(NC2c3ccsc3-c3ccsc32)c1	0.031095
rxn:2:82126:125483	CC(F)(F)c1cncc(NC2c3cscc3-c3ccsc32)c1	0.031095
rxn:2:109245:92418	c1ccc2oc(N3CCC(NC4CCCc5snnc54)CC3)nc2c1	0.031094
rxn:2:92179:92418	c1ccc2oc(N3CCCC(NC4CCCc5snnc54)C3)nc2c1	0.031094
rxn:2:139834:92418	c1cc2occc2c(N2CCC(NC3CCCc4snnc43)CC2)n1	0.031094
rxn:2:99265:96141	CC(Nc1ccnc(OC2CC2)c1)c1cccc(-n2cccn2)c1	0.031090
rxn:2:102258:164464	c1ncn(C2CC(NC3CCCc4ccc(-c5cnsc5)cc43)C2)n1	0.031090
rxn:2:93079:67721	Cc1n[nH]c(CNC(Cc2ccsc2)c2cc3c(s2)CCC3)n1	0.031088
rxn:2:74099:103571	CC(NCc1nc(-c2cnccn2)n[nH]1)c1cc2c(s1)CCCC2	0.031088
rxn:2:168286:92418	c1nc(N2CCCC2)c2cc(NC3CCCc4snnc43)ccc2n1	0.031087
rxn:2:122841:127335	CC1(Oc2ccc(NC(c3cccnc3)C3CCSCC3)cc2)COC1	0.031086
rxn:2:89889:130954	CCCC(C)(NC1CCC2(CC1)CSC2)c1nc2ccc(C)cc2[nH]1	0.031084
rxn:2:67097:96141	CC(N[C@H]1CCN(c2ncccn2)C1)c1cccc(-n2cccn2)c1	0.031083
rxn:2:102623:96141	CC(NC1CCN(c2ncccn2)C1)c1cccc(-n2cccn2)c1	0.031083
rxn:2:130548:96141	CC(N[C@@H]1CCN(c2ncccn2)C1)c1cccc(-n2cccn2)c1	0.031083
rxn:2:73909:96141	CC(N[C@H]1CCN(c2ccncn2)C1)c1cccc(-n2cccn2)c1	0.031083
rxn:2:102551:96141	CC(NC1CCN(c2ccncn2)C1)c1cccc(-n2cccn2)c1	0.031083
rxn:2:110342:96141	CC(N[C@@H]1CCN(c2ccncn2)C1)c1cccc(-n2cccn2)c1	0.031083
rxn:2:104055:96141	CC(NC1CCN(c2cncnc2)C1)c1cccc(-n2cccn2)c1	0.031083
rxn:2:101497:96141	CC(NC1CCN(c2cccnn2)C1)c1cccc(-n2cccn2)c1	0.031083
rxn:2:102418:96141	CC(N[C@@H]1CCN(c2cccnn2)C1)c1cccc(-n2cccn2)c1	0.031083
rxn:2:81158:96141	CC(N[C@H]1CCN(c2cnccn2)C1)c1cccc(-n2cccn2)c1	0.031083
rxn:2:93104:96141	CC(N[C@@H]1CCN(c2cnccn2)C1)c1cccc(-n2cccn2)c1	0.031083
rxn:2:93774:96141	CC(NC1CCN(c2cnccn2)C1)c1cccc(-n2cccn2)c1	0.031083
rxn:2:160058:71823	Cc1cc(=O)[nH]c2cc(NC(C)c3nc4c(s3)CCCC4)ccc12	0.031079
rxn:2:87209:132476	CCC(C)n1nc(C)c(C2CC2)c1NC(C)c1cc(C)c(C)s1	0.031078
rxn:2:157691:92418	c1ccc2c(N3CCC(NC4CCCc5snnc54)C3)cccc2c1	0.031072
rxn:2:163191:88455	c1ccc2c(N3CC[C@H](NC4CCCc5sccc54)C3)ncnc2c1	0.031072
rxn:2:99134:168139	CCc1cncc(NC(C)c2nccn2-c2c(C)cccc2C)c1	0.031070
rxn:2:150373:118131	Cc1cnc(C2CC(Nc3cnc4c(c3)n(C)c(=O)n4C(C)C)C2)s1	0.031070
rxn:2:120046:92418	c1cn2nccc2c(N2CCCC(NC3CCCc4snnc43)C2)n1	0.031068
rxn:2:89441:67395	c1ccc(-c2nscc2NC2CC(c3nc(C4CC4)no3)C2)cc1	0.031060
rxn:2:132418:124930	Cc1c[nH]c2ncnc(NC(C)c3ccc4c(c3)C(F)(F)CC4)c12	0.031054
rxn:2:67357:82980	CSc1ccccc1C(C)NC1CC2CCC(C1)C21SCCS1	0.031052
rxn:2:66656:111940	CCCc1ccc2c(c1)CCCCC2N[C@H]1C[C@H](Cn2cccn2)C1	0.031051
rxn:2:88035:93200	CC(NCCC1(n2ccnn2)CCS(=O)(=O)CC1)c1cc[nH]c(=O)c1	0.031046
rxn:2:68182:112607	CCC(N[C@@H]1CCN(CC(C)C)C1)c1ccc(-c2ccccc2)s1	0.031044
rxn:2:107320:118090	Cc1cc(-c2nnc(NC3CC(C4(C)CCC4)n4nccc43)o2)no1	0.031044
rxn:2:163011:92418	Cc1cc2c(N3CCC(NC4CCCc5snnc54)C3)nccn2n1	0.031043
rxn:2:79495:113561	CSc1cc(C(C)NCCC2CC2c2cn(C)cn2)c(C)cc1C	0.031042
rxn:2:114893:94663	COC1CCCCC12CC(Nc1cc(-c3nnnn3CC(C)C)ccn1)C2	0.031033
rxn:2:124954:80762	Cc1ccc2c(c1)C(C)CCC2NCc1cnc2c(c1)c(C)nn2C	0.031032
rxn:2:111276:80762	Cc1ccc2c(c1)C(C)CCC2NCc1cc(C)nc2c1cnn2C	0.031032
rxn:2:103876:91066	CCc1ccc(Oc2cncc(NC3COc4ccsc43)n2)cc1	0.031027
rxn:2:117409:103571	CC(NCc1nc(-c2ccncc2)n[nH]1)c1cc2c(s1)CCCC2	0.031015
rxn:2:121889:103571	CC(NCc1nc(-c2ccccn2)n[nH]1)c1cc2c(s1)CCCC2	0.031015
rxn:2:94923:103571	CC(NCc1nc(-c2cccnc2)n[nH]1)c1cc2c(s1)CCCC2	0.031015
rxn:2:73126:94554	COc1ccc(C2CC(NC(C)CCc3ccc4c(c3)OCO4)C2)cc1	0.031015
rxn:2:116614:116314	COc1ccc(C2CCC(Nc3cccn([C@H]4C[C@H]4F)c3=O)CC2)cc1C	0.031011
rxn:2:79495:118732	Cc1cc(OC(C)C)ccc1C(C)NCCC1CC1c1cn(C)cn1	0.031008
rxn:2:115614:103571	CC(NCc1nc(N(C(C)C)C(C)C)n[nH]1)c1cc2c(s1)CCCC2	0.031006
rxn:2:98074:71205	Cc1nc(NC(C)CCC2(C3CCC3)COC2)n(-c2ccccc2C)n1	0.031005
rxn:2:112040:116269	Cc1cccc(C(CNc2nc(-c3cnccn3)ns2)N(C)C)c1	0.030996
rxn:2:112512:76082	CCN(CC)c1ccc(NC(C)c2cccc(C)c2C)cc1OC	0.030995
rxn:2:82126:143882	CC(F)(F)c1cncc(NC2COc3cc4ccccc4cc32)c1	0.030990
rxn:2:82126:161264	CC(F)(F)c1cncc(NC2COc3ccc4ccccc4c32)c1	0.030990
rxn:2:148977:130954	c1ccc2oc(-c3cn[nH]c3NC3CCC4(CC3)CSC4)nc2c1	0.030988
rxn:2:68182:159510	CCc1cccc(-c2ncc(C(C)N[C@@H]3CCN(CC(C)C)C3)s2)c1	0.030986
rxn:2:79904:66379	CCc1cc(OC)nc(C(C)Nc2nc(C)c(N3CCOCC3)c(C)n2)c1	0.030979
rxn:2:108055:66379	CCc1cc(OC)nc(C(C)Nc2c(C)nc(N3CCOCC3)nc2C)c1	0.030979
rxn:2:145212:141943	CCC(Nc1c(-c2cccs2)nc2cc(C)ccn12)C1CSC1	0.030976
rxn:2:145833:141943	CCC(Nc1nc(-c2c(C)cc3ccccn23)cs1)C1CSC1	0.030976
rxn:2:121458:89151	COC[C@H](NC1CCc2cc3c(cc21)OCC3)c1nnc(C2CCCO2)o1	0.030976
rxn:2:68182:117355	CCOc1ccc(C(C)N[C@@H]2CCN(CC(C)C)C2)cc1OCC	0.030970
rxn:2:68182:66706	CCOc1ccc(OCC)c(C(C)N[C@@H]2CCN(CC(C)C)C2)c1	0.030970
rxn:2:68182:81604	CCOc1ccc(C(C)N[C@@H]2CCN(CC(C)C)C2)c(OCC)c1	0.030970
rxn:2:68182:68313	CCOc1cccc(OCC)c1C(C)N[C@@H]1CCN(CC(C)C)C1	0.030970
rxn:2:75765:90855	Cc1cc(NC(C)c2ccc(OC3CC3)cn2)cc2cccnc12	0.030967
rxn:2:68321:172564	CCOc1ccc(-c2ccc(C(C)NC3CCN(C)C3)s2)cc1CC	0.030967
rxn:2:95674:172564	CCOc1ccc(-c2ccc(C(C)N[C@H]3CCN(C)C3)s2)cc1CC	0.030967
rxn:2:128934:172564	CCOc1ccc(-c2ccc(C(C)N[C@@H]3CCN(C)C3)s2)cc1CC	0.030967
rxn:2:106633:118131	Cc1cnc(C2CC(NCc3ccccc3-c3ccccn3)C2)s1	0.030965
rxn:2:143032:115775	CC(CCCC1CC1)NCCc1cc(=O)[nH]c(-c2ccccn2)n1	0.030963
rxn:2:87179:80762	Cc1ccc2c(c1)C(C)CCC2NCc1cnn(C)c1-n1cccc1	0.030960
rxn:2:96303:119800	Cc1ccccc1CSC(C)CC(C)NC1CC2(CCCCO2)C1	0.030934
rxn:2:144340:141454	CC(NC(CC1CC1)CC1CC1)c1cc(=O)[nH]c(-c2ccccn2)n1	0.030929
rxn:2:100556:70112	Cc1cccc(N2CCC(Nc3c(C)nn4ccccc34)CC2)c1C	0.030927
rxn:2:134864:159032	Cn1cnc2cncc(NC3CCOc4ccc(S(C)(=O)=O)cc43)c21	0.030926
rxn:2:118713:72146	COc1cc(NC(C)c2ccccc2C)ccc1-n1cnc(C)c1	0.030914
rxn:2:72226:118090	CC1(C2CC(Nc3nnc(-c4ccccc4)o3)c3ccnn32)CCC1	0.030913
rxn:2:71034:71823	CCC1CCCN1c1ncccc1CNC(C)c1nc2c(s1)CCCC2	0.030911
rxn:2:122841:100663	CCc1ccc(C(Nc2ccc(OC3(C)COC3)cc2)C2CC2)cc1	0.030910
rxn:2:122841:141942	CCc1ccccc1C(Nc1ccc(OC2(C)COC2)cc1)C1CC1	0.030910
rxn:2:122841:85128	CCc1cccc(C(Nc2ccc(OC3(C)COC3)cc2)C2CC2)c1	0.030910
rxn:2:114503:124390	CCn1c(C)nnc1C1CCC(CNC(C)CC2CCCCN2C)CC1	0.030909
rxn:2:88725:140522	CCCC1CCC(NC(Cc2ccc(CC)cc2)C(C)C)C1	0.030907
rxn:2:76062:133888	CC(CC1OCCc2ccccc21)Nc1nnc(-c2cncs2)s1	0.030906
rxn:2:66656:69858	CC(C)COc1ccc2c(c1)CCCC2N[C@H]1C[C@H](Cn2cccn2)C1	0.030905
rxn:2:136974:76082	Cc1cn(-c2ccccc2CNC(C)c2cccc(C)c2C)cn1	0.030905
rxn:2:91158:76082	Cc1cn(-c2ccc(CNC(C)c3cccc(C)c3C)cc2)cn1	0.030905
rxn:2:128294:89151	Cc1c(CN2CCC(CNC3CCc4cc5c(cc43)OCC5)CC2)cnn1C	0.030904
rxn:2:101144:66368	Cn1c2c(ccc1=O)C(NCC1(CN3CCCc4ccccc43)CC1)CCC2	0.030903
rxn:2:95265:91066	CC(F)(F)c1cc(CNC2COc3ccsc32)cc(C(C)(F)F)c1	0.030899
rxn:2:102769:80762	Cc1ccc2c(c1)C(C)CCC2NCc1cnc(N2CCN(C)CC2)c(C)c1	0.030887
rxn:2:114928:126707	Cc1csc(-c2nnc(NC3CC(CC(C)C)n4nccc43)o2)c1	0.030881
rxn:2:95402:92890	CCc1ccc(C(C)NCC2CN(C)CC(C)(C)N2c2ccccc2)s1	0.030881
rxn:2:128483:107408	CC(N[C@@H]1COc2ccccc2C1)c1ccc(-c2ccsc2)s1	0.030871
rxn:2:81263:160679	CSCc1cncc(NC2CCc3nnc(C)n3-c3ccccc32)c1	0.030865
rxn:2:141541:125732	CCC(Nc1cc(OCC(C)C)ccn1)c1cc(C)cc(OC)c1	0.030858
rxn:2:66656:113598	COc1cc2c(cc1OC)C(N[C@H]1C[C@H](Cn3cccn3)C1)CCCC2	0.030854
rxn:2:66301:96141	CC(N[C@H]1CCN(c2ccccc2)C1)c1cccc(-n2cccn2)c1	0.030852
rxn:2:83213:96141	CC(NC1CCN(c2ccccc2)C1)c1cccc(-n2cccn2)c1	0.030852
rxn:2:93514:96141	CC(N[C@@H]1CCN(c2ccccc2)C1)c1cccc(-n2cccn2)c1	0.030852
rxn:2:129254:80762	Cc1ccc2c(c1)C(C)CCC2NCc1cc2cnn(C)c2[nH]c1=O	0.030851
rxn:2:136496:151188	Cc1ccc2[nH]c3c(c2c1)C(C)CCC3NCc1cnn(C)c(=O)c1	0.030851
rxn:2:68766:112899	Cc1ccccc1C(F)C(C)(C)NC1CCc2c1ccc1c2CCC1	0.030842
rxn:2:103013:91021	CCCCC(NCC(c1cccs1)N1CCCC1)c1cnccn1	0.030841
rxn:2:116614:76601	CC(Nc1cccn([C@H]2C[C@H]2F)c1=O)c1ncc(-c2ccco2)cn1	0.030837
rxn:2:72207:133317	COCC(CC1CCOCC1)NC1CCN(c2ncnc3ccsc23)C1	0.030837
rxn:2:112668:79788	COc1cccc2sc(C(C)NC34CC(c5nccs5)(C3)C4)nc12	0.030834
rxn:2:112668:85897	COc1ccc2sc(C(C)NC34CC(c5nccs5)(C3)C4)nc2c1	0.030834
rxn:2:112668:128871	COc1ccc2nc(C(C)NC34CC(c5nccs5)(C3)C4)sc2c1	0.030834
rxn:2:107896:125732	CCC(NC1(c2cccc(OC)c2)CC1C)c1cc(C)cc(OC)c1	0.030833
rxn:2:78967:115775	CC(CCCC1CC1)NC(C)c1cccc(-c2ccccn2)c1	0.030827
rxn:2:121008:78148	CCC1CCC(CC(C)NCCn2c(C)nnc2C2CCCO2)CC1	0.030827
rxn:2:82126:95739	CC(Nc1cncc(C(C)(F)F)c1)c1cccc(OCCN(C)C)c1	0.030827
rxn:2:78808:71205	CCCSc1n[nH]c(NC(C)CCC2(C3CCC3)COC2)n1	0.030824
rxn:2:94445:80762	Cc1ccc2c(c1)C(C)CCC2NCc1nc2c(cnn2C)c(=O)[nH]1	0.030815
rxn:2:111095:134526	Cc1cnc2c(nc(NC(C)c3cc4c([nH]c3=O)CCC4)n2C)c1C	0.030815
rxn:2:74723:107408	CCc1nc2n(n1)CC(NC(C)c1ccc(-c3ccsc3)s1)CC2	0.030811
rxn:2:67357:122857	COc1cc(C)cc2c1OCCC2NC1CC2CCC(C1)C21SCCS1	0.030808
rxn:2:67357:87795	COc1cc2c(cc1C)OCCC2NC1CC2CCC(C1)C21SCCS1	0.030808
rxn:2:67357:132079	COc1cc2c(cc1C)C(NC1CC3CCC(C1)C31SCCS1)CCO2	0.030808
rxn:2:67357:110925	COc1ccc(C)c2c1OCCC2NC1CC2CCC(C1)C21SCCS1	0.030808
rxn:2:112333:69488	Cc1ccc(C(NCc2nc(=O)[nH][nH]2)c2ccsc2)cc1C	0.030802
rxn:2:112333:100930	Cc1cc(C)cc(C(NCc2nc(=O)[nH][nH]2)c2ccsc2)c1	0.030802
rxn:2:112333:106462	Cc1ccc(C(NCc2nc(=O)[nH][nH]2)c2ccsc2)c(C)c1	0.030802
rxn:2:112333:115988	Cc1cccc(C)c1C(NCc1nc(=O)[nH][nH]1)c1ccsc1	0.030802
rxn:2:112333:104326	Cc1ccc(C)c(C(NCc2nc(=O)[nH][nH]2)c2ccsc2)c1	0.030802
rxn:2:112333:123171	Cc1cccc(C(NCc2nc(=O)[nH][nH]2)c2ccsc2)c1C	0.030802
rxn:2:112333:78951	Cc1ccc(C(NCc2nc(=O)[nH][nH]2)c2cccs2)cc1C	0.030802
rxn:2:67357:76353	Cc1ccc2c(c1)C(NC1CC3CCC(C1)C31SCCS1)CCCO2	0.030798
rxn:2:67357:97056	Cc1ccc2c(c1)OCCCC2NC1CC2CCC(C1)C21SCCS1	0.030798
rxn:2:67357:127272	Cc1cccc2c1OCCCC2NC1CC2CCC(C1)C21SCCS1	0.030798
rxn:2:68182:122372	CCOc1ccc(C(C)(C)C)cc1C(C)N[C@@H]1CCN(CC(C)C)C1	0.030796
rxn:2:84668:166390	Cc1cncc(-c2ccc3c(c2)CCCC3NCCn2cccn2)c1	0.030795
rxn:2:72270:71205	CC(CCC1(C2CCC2)COC1)NC1COc2ccc(C(C)C)cc21	0.030794
rxn:2:105315:110364	Cc1ccc(C(C)C)c2c1C(Nc1c(C)nc3cccnn13)CCO2	0.030791
rxn:2:116614:68369	COc1cn2nccc2nc1C(C)Nc1cccn([C@H]2C[C@H]2F)c1=O	0.030791
rxn:2:102258:142460	Cc1[nH]cnc1-c1ccc2c(c1)C(NC1CC(n3cncn3)C1)CC2	0.030775
rxn:2:96773:115775	CC(CCCC1CC1)Nc1cc(C(C)C)nc(-c2ccccn2)n1	0.030774
rxn:2:122397:89151	CC1C(CNC2CCc3cc4c(cc32)OCC4)S(=O)(=O)c2ccccc2N1C	0.030772
rxn:2:68182:103900	Cc1ccc(C(CCOC(C)(C)C)N[C@@H]2CCN(CC(C)C)C2)s1	0.030770
rxn:2:135338:107236	CSc1cc(NC(C)c2cn(C)cc2-c2ccccc2)cnn1	0.030758
rxn:2:110994:73581	c1cc(C2CC2)cc(C(Nc2ccc3c(c2)CC2(COC2)C3)C2CC2)c1	0.030758
rxn:2:68182:108784	COc1ccc(-c2ccc(C(C)N[C@@H]3CCN(CC(C)C)C3)s2)cc1	0.030758
rxn:2:68182:147164	COc1cccc(-c2ccc(C(C)N[C@@H]3CCN(CC(C)C)C3)s2)c1	0.030758
rxn:2:68182:147044	COc1ccccc1-c1ccc(C(C)N[C@@H]2CCN(CC(C)C)C2)s1	0.030758
rxn:2:65970:72715	CCN1CCCc2cc(NC3CCCc4cccc(OC)c4C3)ccc21	0.030756
rxn:2:114503:96089	CCn1c(C)nnc1C1CCC(CNC(C)CC2CCCCC2)CC1	0.030752
rxn:2:110886:66368	CCN1CCN(COC)c2cc(NC3CCCc4c3ccc(=O)n4C)ccc21	0.030752
rxn:2:93245:89151	COc1cc(N2CCC(CNC3CCc4cc5c(cc43)OCC5)CC2)ncn1	0.030741
rxn:2:124663:89151	COc1ccnc(N2CCC(CNC3CCc4cc5c(cc43)OCC5)CC2)n1	0.030741
rxn:2:161962:70439	c1ccc(-c2ccc3oc(NC4CC5OC(C4)C4CC54)nc3c2)cc1	0.030737
rxn:2:139592:79170	CCN1CCc2nc(NC(C)c3cccc4ccccc34)sc2C1	0.030735
rxn:2:125953:71205	Cc1cc(C)c([C@@H](C)NC(C)CCC2(C3CCC3)COC2)cc1C	0.030735
rxn:2:116614:122502	COc1cc(C(C)Nc2cccn([C@H]3C[C@H]3F)c2=O)cc2ncoc12	0.030731
rxn:2:102205:124225	CC1C(NCC2CC2CN2CCc3ccccc3C2)CCN(C2CC2)C1C	0.030730
rxn:2:122841:110421	CC1(Oc2ccc(NC(c3ccc4c(c3)OCCO4)C3CC3)cc2)COC1	0.030727
rxn:2:99014:138146	CCC(Cc1cccnc1)N[C@H](c1cccnc1)c1cccs1	0.030720
rxn:2:166860:114121	CCCc1nn(-c2ccnc(C(C)C)c2)cc1NC1CCN2CCC1(C)C2	0.030720
rxn:2:106377:67395	Cc1ccc2cc(CNC3CC(c4nc(C5CC5)no4)C3)ccc2n1	0.030714
rxn:2:129323:67395	Cc1ccc2ccc(CNC3CC(c4nc(C5CC5)no4)C3)cc2n1	0.030714
rxn:2:93513:67395	Cc1ccc2nc(CNC3CC(c4nc(C5CC5)no4)C3)ccc2c1	0.030714
rxn:2:104282:67395	Cc1cc2ccc(CNC3CC(c4nc(C5CC5)no4)C3)cc2cn1	0.030714
rxn:2:129871:67395	Cc1cc2cc(CNC3CC(c4nc(C5CC5)no4)C3)ccc2cn1	0.030714
rxn:2:95402:70645	COc1ccc2c(c1)C(NCC1CN(C)CC(C)(C)N1c1ccccc1)CO2	0.030713
rxn:2:137675:125732	CCC(NCC(c1ccco1)N1CCCC1)c1cc(C)cc(OC)c1	0.030708
rxn:2:83706:66800	CC(NCCc1ccsc1)c1cccc(-c2ccsc2)c1	0.030708
rxn:2:99496:134526	Cc1ccc(C)c2c(NC(C)c3cc4c([nH]c3=O)CCC4)ncnc12	0.030706
rxn:2:129548:105727	CCc1n[nH]c2sc(CNC3CCCCC3n3ccnc3)c(C)c12	0.030705
rxn:2:141532:76082	COc1ccc(NC(C)c2cccc(C)c2C)cc1-n1nnnc1C	0.030704
rxn:2:135705:89151	Cc1ccc(CN2CCC(CNC3CCc4cc5c(cc43)OCC5)CC2)cn1	0.030703
rxn:2:135338:147815	CSc1cc(NC(C)c2ccc3[nH]c(=O)[nH]c3c2)cnn1	0.030699
rxn:2:95402:96468	CN1CC(CNC[C@@H]2CCc3ccccc3O2)N(c2ccccc2)C(C)(C)C1	0.030698
rxn:2:102205:124553	c1ccc(C(NCC2CC2CN2CCc3ccccc3C2)C2CC2)cc1	0.030698
rxn:2:97090:74191	CCS(=O)(=O)c1cc(C)c(C)nc1NC(c1cc(OC)ccn1)C1CC1	0.030696
rxn:2:138672:94554	COc1ccc(C2CC(NCCC(C)c3ccc4c(c3)OCO4)C2)cc1	0.030693
rxn:2:113851:94554	CCC(CNC1CC(c2ccc(OC)cc2)C1)c1ccc2c(c1)OCO2	0.030693
rxn:2:89529:93200	COc1ccc(-c2nc(NC(C)c3cc[nH]c(=O)c3)c(C)s2)cc1	0.030677
rxn:2:81263:98344	CSCc1cncc(NC(C)c2ccc3c(c2)CCN3CC2CC2)c1	0.030677
rxn:2:112333:158199	COc1ccc(C(C)NCc2nc(=O)[nH][nH]2)c2scc(C)c12	0.030670
rxn:2:72786:136110	CCc1sc(C(C)C)cc1C(C)Nc1ncnc2c1nc(C)n2C	0.030660
rxn:2:112333:129852	COc1ncc(C(NCc2nc(=O)[nH][nH]2)C2CCC2)[nH]1	0.030657
rxn:2:76563:94554	COc1ccc(C2CC(NC(C)c3cnn(CCC(C)C)c3)C2)cc1	0.030651
rxn:2:76062:74304	c1ccc2c(c1)CCCCC2CNc1nnc(-c2cncs2)s1	0.030651
rxn:2:144340:110775	CC(CCC1CCOCC1)NC(C)c1cc(=O)[nH]c(-c2ccccn2)n1	0.030648
rxn:2:144340:93116	CC(CCC1CCCOC1)NC(C)c1cc(=O)[nH]c(-c2ccccn2)n1	0.030648
rxn:2:122841:89199	CN(C)c1ccc(C(Nc2ccc(OC3(C)COC3)cc2)C2CC2)cc1	0.030628
rxn:2:120979:87143	CC(CCc1cnsc1)Nc1cc(C2CCC2)nn1CC1CCCO1	0.030627
rxn:2:124592:138214	CCn1cnnc1-c1nonc1NC1CCc2c(C(C)C)cccc21	0.030627
rxn:2:144340:116513	CC(CCC1CCCCO1)NC(C)c1cc(=O)[nH]c(-c2ccccn2)n1	0.030620
rxn:2:72786:133570	Cc1nc2c(NC(C)c3cc4c([nH]c3=O)CCCC4)ncnc2n1C	0.030619
rxn:2:72786:126727	Cc1nc2c(NC(C)c3c4c(c[nH]c3=O)CCCC4)ncnc2n1C	0.030619
rxn:2:81634:73581	COc1ccc(C2(NC(c3cccc(C4CC4)c3)C3CC3)COC2)cc1	0.030615
rxn:2:135338:117734	CSc1cc(NC(C)c2ccc(-c3ccccn3)cc2)cnn1	0.030612
rxn:2:122841:74575	CC1(Oc2ccc(NC(c3cccnc3)C3CCCCC3)cc2)COC1	0.030610
rxn:2:122841:107922	CC1(Oc2ccc(NC(c3ccncc3)C3CCCCC3)cc2)COC1	0.030610
rxn:2:129548:86515	CCc1n[nH]c2sc(CNC(CC)c3cc[nH]c3)c(C)c12	0.030609
rxn:2:72786:115738	Cc1nc2c(NC(C)c3ccc(C(C)(C)C)[nH]c3=O)ncnc2n1C	0.030609
rxn:2:129548:71630	CCc1n[nH]c2sc(CNC3CC(C)Oc4ccccc43)c(C)c12	0.030607
rxn:2:129548:74861	CCc1n[nH]c2sc(CNC3C[C@@H](C)Oc4ccccc43)c(C)c12	0.030607
rxn:2:131385:124510	CCC(Nc1cc(Cc2ccc(C)cc2)ncn1)c1ccccn1	0.030607
rxn:2:131385:94413	CCC(Nc1cc(Cc2ccc(C)cc2)ncn1)c1cccnc1	0.030607
rxn:2:101172:134526	Cc1nc2c(NC(C)c3cc4c([nH]c3=O)CCC4)nn(C)c2nc1C	0.030601
rxn:2:68432:66368	COc1ccc(C2CCCC2NC2CCCc3c2ccc(=O)n3C)c(OC)c1	0.030593
rxn:2:84173:92624	COc1ccc(C(Nc2c(C)nc3ccccn23)C2CCCO2)cc1	0.030592
rxn:2:83271:87143	CC(CCc1cnsc1)NCc1ccc(-c2cccnc2)cc1	0.030592
rxn:2:102205:130269	Cc1csc(C(NCC2CC2CN2CCc3ccccc3C2)C2CC2)n1	0.030591
rxn:2:116614:81125	CC(Nc1cccn([C@H]2C[C@H]2F)c1=O)c1ccc(-c2ccco2)s1	0.030591
rxn:2:116614:92027	CC(Nc1cccn([C@H]2C[C@H]2F)c1=O)c1csc(-c2ccco2)c1	0.030591
rxn:2:116614:115258	CC(Nc1cccn([C@H]2C[C@H]2F)c1=O)c1sccc1-c1ccco1	0.030591
rxn:2:90747:66368	Cn1c2c(ccc1=O)C(Nc1ccc3c(c1)CCN3CC1CCCC1)CCC2	0.030590
rxn:2:87855:71205	CCCSc1nc(NC(C)CCC2(C3CCC3)COC2)ns1	0.030590
rxn:2:112993:71205	CCCSc1nsc(NC(C)CCC2(C3CCC3)COC2)n1	0.030590
rxn:2:78384:71205	CCCSc1nnc(NC(C)CCC2(C3CCC3)COC2)s1	0.030590
rxn:2:134864:98195	CC(C)CCCC(C)N1CCC(Nc2cncc3ncn(C)c23)CC1C	0.030583
rxn:2:129548:87553	CCc1n[nH]c2sc(CNC3COC(c4ccccc4)C3)c(C)c12	0.030581
rxn:2:142140:118090	Cc1nsc(-c2nnc(NC3CC(C4(C)CCC4)n4nccc43)o2)n1	0.030581
rxn:2:92374:98504	CCOc1ncc(C(CC)Nc2cccc3nc(C)cn23)cc1C	0.030581
rxn:2:88577:125321	Cc1c[nH]c2nccc(CNC(C)c3ccnc(C(C)(C)F)c3)c12	0.030579
rxn:2:126371:125321	Cc1c[nH]c2nc(CNC(C)c3ccnc(C(C)(C)F)c3)ccc12	0.030579
rxn:2:119152:125321	Cc1c[nH]c2ncc(CNC(C)c3ccnc(C(C)(C)F)c3)cc12	0.030579
rxn:2:122841:135788	CC(Nc1ccc(OC2(C)COC2)cc1)c1cccc2ncncc12	0.030576
rxn:2:122841:105856	CC1(Oc2ccc(NC3CCCCN(Cc4ccccc4)C3)cc2)COC1	0.030572
rxn:2:116614:105749	CC(Nc1cccn([C@H]2C[C@H]2F)c1=O)c1ccc(-c2ccco2)cn1	0.030570
rxn:2:80308:93200	CC[C@H](NC(C)c1cc[nH]c(=O)c1)c1cccc2[nH]ccc12	0.030567
rxn:2:126231:143157	COc1csc(-c2ccc3c(c2)OCC3NC2C(C)CC(C)CC2F)c1	0.030565
rxn:2:128242:118090	CC1(C2CC(NCc3nc(CN4CCOCC4)cs3)c3ccnn32)CCC1	0.030565
rxn:2:103782:134526	CC(Nc1ncnc2c1ncn2C1CC1)c1cc2c([nH]c1=O)CCC2	0.030564
rxn:2:114928:95318	CCCC1CCC(Nc2nnc(-c3cc(C)cs3)o2)c2ccnn21	0.030562
rxn:2:111757:66368	CCN1CCS(=O)(=O)c2ccc(NC3CCCc4c3ccc(=O)n4C)cc2C1	0.030557
rxn:2:76062:101815	CC(C)Cc1ccc(C(C)Nc2nnc(-c3cncs3)s2)s1	0.030553
rxn:2:71664:115775	CCn1c(C(C)NC(C)CCCC2CC2)cnc1-c1ccccn1	0.030540
rxn:2:92448:134526	CC(Nc1ncnc2c1ncn2C(C)C)c1cc2c([nH]c1=O)CCC2	0.030539
rxn:2:83294:66379	CCc1cc(OC)nc(C(C)Nc2nc(C(C)(C)C)c(S(C)(=O)=O)s2)c1	0.030532
rxn:2:142155:134526	COc1ccc(CN2CCC(NC(C)c3cc4c([nH]c3=O)CCC4)C2)cc1	0.030531
rxn:2:140109:134526	Cc1nccn1-c1cc(NC(C)c2cc3c([nH]c2=O)CCC3)ncn1	0.030527
rxn:2:121310:94410	CC(NC1CN(Cc2ccsc2)C1)c1cnc(-c2ccsc2)s1	0.030525
rxn:2:68559:141820	CCCSc1ccc(NC(C)CCCC2CCCC2)nn1	0.030524
rxn:2:81887:107081	CCc1c(NC(C)c2cc(OC)n(C)n2)nc(N2CCOCC2)[nH]c1=O	0.030522
rxn:2:83643:71205	CC(CCC1(C2CCC2)COC1)Nc1ccc(C2CCCCC2)nn1	0.030520
rxn:2:102258:159076	Cc1cscc1-c1ccc2c(c1)C(NC1CC(n3cncn3)C1)CC2	0.030517
rxn:2:113360:134526	CCn1c(C)nc2c(NC(C)c3cc4c([nH]c3=O)CCC4)ncnc21	0.030516
rxn:2:93948:138146	CCC(Cc1cccnc1)Nc1[nH]n(C)c(=O)c1-c1ccccc1	0.030514
rxn:2:131456:66368	CC(C)CN1CCCc2ccc(CNC3CCCc4c3ccc(=O)n4C)cc21	0.030512
rxn:2:96232:78148	CCC1CCC(CC(C)NC2CCC(c3nncn3CC)CC2)CC1	0.030506
rxn:2:102205:118650	COCC(NCC1CC1CN1CCc2ccccc2C1)c1ccccn1	0.030506
rxn:2:118390:73581	CC1(c2ccc(NC(c3cccc(C4CC4)c3)C3CC3)cc2)COC1	0.030496
rxn:2:129497:125321	Cc1cc(C)c2c(NC(C)c3ccnc(C(C)(C)F)c3)ncnc2n1	0.030496
rxn:2:68559:94384	CCCSc1ccc(NC(C)CCC2(C(C)(C)C)COC2)nn1	0.030490
rxn:2:108902:134526	Cc1nc2ncnc(NC(C)c3cc4c([nH]c3=O)CCC4)c2nc1C	0.030486
rxn:2:122841:141889	Cc1cccc(C2CCC(Nc3ccc(OC4(C)COC4)cc3)CC2)c1	0.030485
rxn:2:72786:110727	Cc1cc(C(C)Nc2ncnc3c2nc(C)n3C)c(=O)[nH]c1C(C)C	0.030484
rxn:2:72786:119077	Cc1ccsc1CC(C)CC(C)Nc1ncnc2c1nc(C)n2C	0.030483
rxn:2:84173:75385	Cc1nc2ccccn2c1NC[C@@H]1CCCCN1Cc1ccccc1	0.030481
rxn:2:93392:141943	CCC(Nc1ccc(SCc2ccccc2)cc1)C1CSC1	0.030479
rxn:2:97083:155128	CCOc1ncccc1-c1cccc2c1CCC2NC12CC(CC)(C1)C2	0.030477
rxn:2:121310:82968	CC(NC1CN(Cc2ccsc2)C1)c1cccc(-n2cccc2)c1	0.030477
rxn:2:139592:90586	CCN1CCc2nc(NC(C)c3ccc(-n4ccnc4)cn3)sc2C1	0.030477
rxn:2:166860:129772	CCCc1nn(-c2ccnc(C(C)C)c2)cc1NC1CCN(C)C12CCC2	0.030474
rxn:2:166860:123606	CCCc1nn(-c2ccnc(C(C)C)c2)cc1NC1CCN(C)C2(CC2)C1	0.030474
rxn:2:90440:112972	Cc1ncc2c(n1)CCCCC2Nc1ccc2c(C)nsc2c1	0.030473
rxn:2:65970:72408	CCCC(Nc1ccc2c(c1)CCCN2CC)c1cccc(C)c1	0.030472
rxn:2:102990:87143	COC1CCN(C2CCCCC2CNC(C)CCc2cnsc2)CC1	0.030468
rxn:2:164228:92418	Cc1nnc2c(N3CCC(NC4CCCc5snnc54)C3)nccn12	0.030467
rxn:2:153872:92418	Cc1cn2nncc2c(N2CCC(NC3CCCc4snnc43)C2)n1	0.030467
rxn:2:84850:92418	c1nc(N2CCC(NC3CCCc4snnc43)CC2)c2sccc2n1	0.030465
rxn:2:96459:92418	c1nc(N2CCC(NC3CCCc4snnc43)CC2)c2ccsc2n1	0.030465
rxn:2:109080:92418	c1cnc2sc(N3CCC(NC4CCCc5snnc54)CC3)nc2c1	0.030465
rxn:2:122841:125797	CC1(Oc2ccc(NC(c3ccccc3)C3CCS(=O)(=O)C3)cc2)COC1	0.030464
rxn:2:67357:121961	Cc1ccc2c(c1)C(NC1CC3CCC(C1)C31SCCS1)CCS2	0.030462
rxn:2:135338:88514	CSc1cc(NC(C)c2sc(-c3ccncc3)nc2C)cnn1	0.030461
rxn:2:80290:125321	COc1ccnc2[nH]cc(NC(C)c3ccnc(C(C)(C)F)c3)c12	0.030457
rxn:2:81064:154155	Cn1cncc1NC1COc2ccc(-c3cnn(S(C)(=O)=O)c3)cc21	0.030456
rxn:2:81370:94554	COc1ccc(C2CC(NC3(Cc4ccc5c(c4)OCO5)CCC3)C2)cc1	0.030455
rxn:2:67357:67441	CCOc1ccc2c(c1)C(NC1CC3CCC(C1)C31SCCS1)CCO2	0.030447
rxn:2:98421:118090	Cc1nc(-c2nnc(NC3CC(C4(C)CCC4)n4nccc43)o2)cs1	0.030445
rxn:2:166762:71823	Cc1cc(=O)c2ccc(NC(C)c3nc4c(s3)CCCC4)cc2n1C	0.030444
rxn:2:116438:103571	CC(NCc1nc(-c2ccccc2)n[nH]1)c1cc2c(s1)CCCC2	0.030440
rxn:2:68559:134252	CCCSc1ccc(NC(CCN(C)C)c2ccc(C)o2)nn1	0.030434
rxn:2:66656:155258	c1coc(-c2ccc3c(c2)CCC3N[C@H]2C[C@H](Cn3cccn3)C2)c1	0.030434
rxn:2:141966:103571	Cc1occc1-c1n[nH]c(CNC(C)c2cc3c(s2)CCCC3)n1	0.030430
rxn:2:79495:75221	Cc1cc2[nH]cc(C(C)NCCC3CC3c3cn(C)cn3)c2cn1	0.030429
rxn:2:90440:82570	Cc1nc(C(C)Nc2ccc3c(C)nsc3c2)sc1C(C)C	0.030428
rxn:2:113357:71823	CC(NC1C2CCC1CN(Cc1ccccc1)C2)c1nc2c(s1)CCCC2	0.030421
rxn:2:77399:94554	CCCC(C)c1nnc(C(C)NC2CC(c3ccc(OC)cc3)C2)o1	0.030403
rxn:2:75895:66368	Cn1c2c(ccc1=O)C(Nc1ccc3c(c1)CCCN3C1CCCC1)CCC2	0.030403
rxn:2:76432:141943	CCC(NC1CCCN(CCCC2CCCCC2)C1)C1CSC1	0.030398
rxn:2:107471:168163	CCN1CC(C)(C)N(C)CC1CNC(C)c1ccc(-c2ncncc2C)s1	0.030397
rxn:2:70428:168163	Cc1cncnc1-c1ccc(C(C)NCCC2CN(C)CC(C)(C)N2C)s1	0.030397
rxn:2:102645:168163	CCN1C(CNC(C)c2ccc(-c3ncncc3C)s2)CN(C)CC1(C)C	0.030397
rxn:2:99134:121393	CCc1cncc(NC(c2ccc(OC)cc2)c2cccs2)c1	0.030388
rxn:2:66656:137335	CCCC(CSc1ccccc1)N[C@H]1C[C@H](Cn2cccn2)C1	0.030387
rxn:2:81887:90578	CCc1c(NC(C)c2cncc(OC)n2)nc(N2CCOCC2)[nH]c1=O	0.030387
rxn:2:81887:90727	CCc1c(NC(C)c2ccc(OC)nn2)nc(N2CCOCC2)[nH]c1=O	0.030387
rxn:2:81887:82031	CCc1c(NC(C)c2cnc(OC)cn2)nc(N2CCOCC2)[nH]c1=O	0.030387
rxn:2:81887:83574	CCc1c(NC(C)c2ccnc(OC)n2)nc(N2CCOCC2)[nH]c1=O	0.030387
rxn:2:81887:85827	CCc1c(NC(C)c2nccc(OC)n2)nc(N2CCOCC2)[nH]c1=O	0.030387
rxn:2:121310:118439	CC(NC1CN(Cc2ccsc2)C1)c1ncc(-c2ccsc2)cn1	0.030386
rxn:2:121310:138839	CC(NC1CN(Cc2ccsc2)C1)c1cnc(-c2ccsc2)cn1	0.030386
rxn:2:116614:84456	COc1cc(C(C)Nc2cccn([C@H]3C[C@H]3F)c2=O)cc2ccoc12	0.030385
rxn:2:116614:86915	COc1cc2occc2cc1C(C)Nc1cccn([C@H]2C[C@H]2F)c1=O	0.030385
rxn:2:73464:132476	Cc1cc(C(C)Nc2c(C3CCC3)c(C)nn2C(C)(C)C)sc1C	0.030376
rxn:2:134322:87143	CC(CCc1cnsc1)NCc1cn2nc(C3CCC3)[nH]c2n1	0.030376
rxn:2:125451:87143	CC(CCc1cnsc1)Nc1cnc(OCc2ccco2)s1	0.030371
rxn:2:114106:85031	CC1(C(Nc2cncc(C3CC3)c2)c2ccccc2C2CC2)CC1	0.030370
rxn:2:131133:92418	c1nc(N2CCC(CNC3CCCc4snnc43)C2)c2sccc2n1	0.030370
rxn:2:123402:118518	COc1ccc2c(c1C)CCC2Nc1cccc(C(OC)C(C)C)c1	0.030370
rxn:2:76401:92418	c1ccc2sc(N3CCCC(NC4CCCc5snnc54)C3)nc2c1	0.030367
rxn:2:133114:92418	c1cc2sccc2c(N2CCC(NC3CCCc4snnc43)CC2)n1	0.030367
rxn:2:82084:92418	c1ccc2c(N3CCC(NC4CCCc5snnc54)CC3)nsc2c1	0.030367
rxn:2:80754:92418	c1ccc2sc(N3CCC(NC4CCCc5snnc54)CC3)nc2c1	0.030367
rxn:2:76062:138786	CC(Nc1nnc(-c2cncs2)s1)c1ccc(N2CCOCC2)s1	0.030361
rxn:2:135968:117115	Cc1cccnc1N1CCC(CCNC2CCc3c2ccc(C)c3C)CC1	0.030355
rxn:2:121310:68298	CC(NC1CN(Cc2ccsc2)C1)c1c(-c2ccsc2)cnn1C	0.030355
rxn:2:112668:133413	Cc1n[nH]cc1-c1cnc(C(C)NC23CC(c4nccs4)(C2)C3)s1	0.030347
rxn:2:139592:125770	CCN1CCc2nc(NC(C)c3ccc(-n4cncn4)cn3)sc2C1	0.030344
rxn:2:138600:158464	CCC1(NC2CCc3c(-c4csc(C)c4)cccc32)CC(F)(F)C1	0.030343
rxn:2:154196:97205	Cc1cnc(-n2nc(C)c(C3CC3)c2NC2CCC3CCCN3CC2)c(C)c1	0.030342
rxn:2:144100:134526	CC(Nc1ncnc2c1c(=O)ccn2C)c1cc2c([nH]c1=O)CCC2	0.030337
rxn:2:112040:83241	Cc1ccc(C(CC2CC2)Nc2nc(-c3cnccn3)ns2)cc1	0.030335
rxn:2:129166:111998	Cc1ccc2c(c1C)CCCC2NCc1csc(-c2ncccn2)n1	0.030333
rxn:2:122841:83572	Cn1ccc(C(CCC(C)(C)C)Nc2ccc(OC3(C)COC3)cc2)n1	0.030330
rxn:2:114099:162733	Cc1cc(NC(C)c2ccc(-c3ncc[nH]c3=O)cn2)cc(C)c1C	0.030329
rxn:2:114928:76874	Cc1csc(-c2nnc(NC(c3ccccc3C)C(C)C)o2)c1	0.030321
rxn:2:65825:160406	Cc1cc(-c2cnc(C)c(C)c2)ccc1C(C)NCc1cn(C)cn1	0.030320
rxn:2:95402:94656	CC(C)C1(F)CCC(NCC2CN(C)CC(C)(C)N2c2ccccc2)CC1	0.030311
rxn:2:104200:89151	COc1ccccc1N1CCC(CNC2CCc3cc4c(cc32)OCC4)CC1	0.030302
rxn:2:103640:82225	CCOc1cnc(C)nc1NC(C)c1csc(CN2CCCC(C)C2)n1	0.030297
rxn:2:73423:82225	COCc1nnc(CNC(C)c2csc(CN3CCCC(C)C3)n2)s1	0.030296
rxn:2:118933:87143	Cc1oc(CN2CCCC(C)C2)cc1CNC(C)CCc1cnsc1	0.030284
rxn:2:114503:115775	CCn1c(C)nnc1C1CCC(CNC(C)CCCC2CC2)CC1	0.030284
rxn:2:117149:115775	CC(CCCC1CC1)NC(c1nc(-c2ccccn2)n[nH]1)C(C)C	0.030282
rxn:2:123275:106896	CCC(C)CN1CCC(Nc2ccc(SC34CC(C3)C4)cc2)CC1	0.030279
rxn:2:112668:129459	Cc1ccc(C(C)NC23CC(c4nccs4)(C2)C3)cc1OCC(C)C	0.030277
rxn:2:95175:132476	Cc1cc(C(C)Nc2c(C3CC3)c(C)nn2CC2CCC2)sc1C	0.030277
rxn:2:138403:132476	Cc1cc(C(C)Nc2c(C3CCC3)c(C)nn2CC2CC2)sc1C	0.030277
rxn:2:66650:87143	CC(CCc1cnsc1)Nc1cnc2[nH]c(CN(C)C)cc2c1	0.030272
rxn:2:140034:103571	CC(C)Oc1ncc(NC(C)c2cc3c(s2)CCCC3)cc1S(C)(=O)=O	0.030272
rxn:2:140730:114251	CCC(CN(C)c1ccccc1C)Nc1ccnc2ccsc12	0.030268
rxn:2:162802:92418	c1cnc2c(N3CCC(NC4CCCc5snnc54)C3)ncnc2n1	0.030267
rxn:2:82126:117403	Cc1ccccc1C(CN1CCC(C)C1)Nc1cncc(C(C)(F)F)c1	0.030264
rxn:2:141301:66379	CCc1cc(OC)nc(C(C)Nc2ncn(C3CCCCC3CC)n2)c1	0.030262
rxn:2:65970:101897	CCOc1ccc2c(c1)CCCC2Nc1ccc2c(c1)CCCN2CC	0.030261
rxn:2:82337:92418	c1ccc2[nH]c(N3CCCC(NC4CCCc5snnc54)C3)nc2c1	0.030258
rxn:2:128585:92418	c1ccc2[nH]c(N3CCC(NC4CCCc5snnc54)CC3)nc2c1	0.030258
rxn:2:122841:94799	CC1(Oc2ccc(NC(c3ccc(C4CC4)nc3)C3CC3)cc2)COC1	0.030254
rxn:2:100957:73581	CC1(Oc2cnccc2NC(c2cccc(C3CC3)c2)C2CC2)COC1	0.030254
rxn:2:125288:73581	CC1(Oc2ccncc2NC(c2cccc(C3CC3)c2)C2CC2)COC1	0.030254
rxn:2:66956:73581	CC1(Oc2ncccc2NC(c2cccc(C3CC3)c2)C2CC2)COC1	0.030254
rxn:2:102075:76082	COc1ccc(NC(C)c2cccc(C)c2C)cc1OCC(C)C	0.030252
rxn:2:124777:76082	COc1cc(NC(C)c2cccc(C)c2C)ccc1OCC(C)C	0.030252
rxn:2:111692:89151	Cc1ccnc(N2CCC(CCNC3CCc4cc5c(cc43)OCC5)CC2)c1	0.030250
rxn:2:75765:141131	Cc1cc(NC(C)c2ccc(OC(C)C)cn2)cc2cccnc12	0.030247
rxn:2:163191:115445	c1ccc2c(N3CC[C@H](NC4CCCc5nccnc54)C3)ncnc2c1	0.030246
rxn:2:135338:103875	CSc1cc(NC(Cc2ccccc2)c2ccncc2)cnn1	0.030238
rxn:2:65970:146938	CCN1CCCc2cc(NC3CCCc4c3cnc3ncnn43)ccc21	0.030237
rxn:2:76062:105542	CCS(=O)(=O)c1ccc(C(C)Nc2nnc(-c3cncs3)s2)s1	0.030232
rxn:2:82977:71823	Cc1cc2cc(NC(C)c3nc4c(s3)CCCC4)ccc2s1	0.030229
rxn:2:97941:71823	Cc1csc2cc(NC(C)c3nc4c(s3)CCCC4)ccc12	0.030229
rxn:2:124847:71823	Cc1cc2ccc(NC(C)c3nc4c(s3)CCCC4)cc2s1	0.030229
rxn:2:89630:71823	Cc1csc2ccc(NC(C)c3nc4c(s3)CCCC4)cc12	0.030229
rxn:2:90440:103571	Cc1nsc2cc(NC(C)c3cc4c(s3)CCCC4)ccc12	0.030229
rxn:2:91369:67395	Cc1ccc(CC(C)(C)CNC2CC(c3nc(C4CC4)no3)C2)cc1C	0.030224
rxn:2:85928:67395	Cc1ccc(C)c(CC(C)(C)CNC2CC(c3nc(C4CC4)no3)C2)c1	0.030224
rxn:2:102040:92418	O=c1[nH]nc(N2CCC(NC3CCCc4snnc43)C2)c(=O)[nH]1	0.030220
rxn:2:139779:94554	COc1ccc(C2CC(NC(C)c3cnn(CC4CCCC4)c3)C2)cc1	0.030210
rxn:2:131385:116059	Cc1ccc(Cc2cc(NC(c3ccco3)C3CC3)ncn2)cc1	0.030204
rxn:2:84512:134526	CC(Nc1ncnc2c1nnn2C(C)C)c1cc2c([nH]c1=O)CCC2	0.030204
rxn:2:114503:93210	CCn1c(C)nnc1C1CCC(CNC(C)CC2SCCCS2)CC1	0.030190
rxn:2:166860:130996	CCCc1nn(-c2ccnc(C(C)C)c2)cc1NC1CCN(C)CC1(C)C	0.030187
rxn:2:164332:80762	Cc1ccc2c(c1)C(C)CCC2NCCn1cnc2c(cnn2C)c1=O	0.030185
rxn:2:66656:155572	c1cnn(C[C@H]2C[C@H](NC3CCc4cc(-c5nccs5)ccc43)C2)c1	0.030176
rxn:2:114503:72788	CCn1c(C)nnc1C1CCC(CNC(C)CC2CCCS2(=O)=O)CC1	0.030175
rxn:2:138424:134526	CC(Nc1ccc2oc(C3CC3)nc2c1)c1cc2c([nH]c1=O)CCC2	0.030170
rxn:2:94585:132476	Cc1cc(C(C)Nc2c(C3CC3)c(C)nn2CC(C)(C)C)sc1C	0.030149
rxn:2:107862:134526	CC(NCc1ccnc2[nH]ccc12)c1cc2c([nH]c1=O)CCC2	0.030147
rxn:2:131012:91021	CCCCC(NCn1cnc2ccccc2c1=O)c1cnccn1	0.030145
rxn:2:70358:115775	Cc1[nH]c(CC(C)NC(C)CCCC2CC2)nc1-c1ccccn1	0.030139
rxn:2:103003:163676	COc1ccc(C(NCc2nccc(=O)[nH]2)c2ccsc2)cc1C	0.030130
rxn:2:110538:93200	CCOc1ccc(-c2nonc2NC(C)c2cc[nH]c(=O)c2)cc1	0.030130
rxn:2:90440:133167	CCCN(CCC)C1CCC(Nc2ccc3c(C)nsc3c2)CC1	0.030125
rxn:2:94328:132476	Cc1cncc(-n2nc(C)c(C)c2NC(C)c2cc(C)c(C)s2)c1	0.030124
rxn:2:119235:132476	Cc1cnc(C)c(-n2nc(C)cc2NC(C)c2cc(C)c(C)s2)c1	0.030124
rxn:2:82170:132476	Cc1ccc(-n2nc(C)c(C)c2NC(C)c2cc(C)c(C)s2)nc1	0.030124
rxn:2:72786:106161	Cc1nc2c(NC(C)c3cc4c(n(C)c3=O)CCCC4)ncnc2n1C	0.030123
rxn:2:87349:71205	CCCSc1ncnc(NC(C)CCC2(C3CCC3)COC2)n1	0.030119
rxn:2:129548:132663	CCc1n[nH]c2sc(CNC(c3ccc(C)o3)C3CC3)c(C)c12	0.030113
rxn:2:106731:80762	Cc1ccc2c(c1)C(C)CCC2NCCc1ccc2cnn(C)c2c1	0.030113
rxn:2:76144:80762	Cc1ccc2c(c1)C(C)CCC2NCCc1ccc2c(cnn2C)c1	0.030113
rxn:2:91554:91021	CCCCC(Nc1cc(CC2CCCCC2)ncn1)c1cnccn1	0.030113
rxn:2:132983:78148	CCC1CCC(CC(C)NC2CC(Cc3nnc(C)n3CC)C2)CC1	0.030111
rxn:2:104410:105764	CCCCC1CC(NC(C)(C)Cc2nc(C3CCOCC3)cs2)C1	0.030109
rxn:2:149062:78139	CC(N[C@@H]1CCN(c2ncnc3ccccc23)C1)c1ccn(C)c(=O)c1	0.030105
rxn:2:84917:103571	CC(NCc1nc(Cn2cccn2)n[nH]1)c1cc2c(s1)CCCC2	0.030103
rxn:2:112040:128669	Cc1ccc(C2CCC(Nc3nc(-c4cnccn4)ns3)CC2)cc1	0.030103
rxn:2:112040:81809	Cc1ccc(C2CCCC(Nc3nc(-c4cnccn4)ns3)C2)cc1	0.030103
rxn:2:114893:129768	Cc1cn[nH]c1C(C)Nc1cc(-c2nnnn2CC(C)C)ccn1	0.030101
rxn:2:121310:92856	CCCSc1cccc(C(C)NC2CN(Cc3ccsc3)C2)c1	0.030097
rxn:2:72786:80496	Cc1nc2c(NC(C)c3c4c(cc5c3CCC5)CCC4)ncnc2n1C	0.030092
rxn:2:89407:71823	CCc1nc2ccc(NC(C)c3nc4c(s3)CCCC4)cc2s1	0.030090
rxn:2:132115:78603	CC1C(Nc2c3c(nn2-c2ncccn2)CCC3)CC1c1ccccc1	0.030085
rxn:2:165167:130954	Cc1ccc2nc3[nH]nc(NC4CCC5(CC4)CSC5)c3cc2c1	0.030076
rxn:2:112040:67441	CCOc1ccc2c(c1)C(Nc1nc(-c3cnccn3)ns1)CCO2	0.030059
rxn:2:121310:124686	CC(NC1CN(Cc2ccsc2)C1)c1cccc(-c2nnn[nH]2)c1	0.030054
rxn:2:82978:76082	COc1cc(NC(C)c2cccc(C)c2C)cnc1-n1cnc(C)c1	0.030053
rxn:2:86374:76082	COc1cc(NC(C)c2cccc(C)c2C)ccc1-n1cnc(C)n1	0.030053
rxn:2:140705:76082	COc1nc(NC(C)c2cccc(C)c2C)ccc1-n1cnc(C)c1	0.030053
rxn:2:139632:76082	COc1cc(NC(C)c2cccc(C)c2C)ccc1-n1ncnc1C	0.030053
rxn:2:135088:76082	COc1ccc(NC(C)c2cccc(C)c2C)c(-n2cnc(C)c2)n1	0.030053
rxn:2:96526:76082	COc1cc(C)ccc1-n1ncnc1NC(C)c1cccc(C)c1C	0.030053
rxn:2:118713:108484	COc1cc(NC(C)c2cncc(C)c2C)ccc1-n1cnc(C)c1	0.030053
rxn:2:118713:76464	COc1cc(NC(C)c2ccnc(C)c2C)ccc1-n1cnc(C)c1	0.030053
rxn:2:118713:71036	COc1cc(NC(C)c2nccc(C)c2C)ccc1-n1cnc(C)c1	0.030053
rxn:2:102205:72445	COc1cc(C)nc(C(C)NCC2CC2CN2CCc3ccccc3C2)c1	0.030036
rxn:2:132758:92418	c1nc(N2CCC[C@@H](NC3CCCc4snnc43)C2)c2cc[nH]c2n1	0.030035
rxn:2:141024:92418	c1nc(N2CCC(NC3CCCc4snnc43)CC2)c2cc[nH]c2n1	0.030035
rxn:2:122747:125321	Cc1c[nH]c2cccc(NC(C)c3ccnc(C(C)(C)F)c3)c12	0.030030
rxn:2:122841:136685	COc1ccc(C(Nc2ccc(OC3(C)COC3)cc2)C2CC2)cc1C	0.030028
rxn:2:121310:131807	CC(NC1CN(Cc2ccsc2)C1)c1cccc(-c2cn[nH]c2)c1	0.030024
rxn:2:121310:106463	CC(NC1CN(Cc2ccsc2)C1)c1cccc(-c2cc[nH]n2)c1	0.030024
rxn:2:68182:96460	CCCC(C)C(N[C@@H]1CCN(CC(C)C)C1)c1ccc2c(c1)COC2	0.030022
rxn:2:144340:83573	Cc1ccc(C(C)NC(C)c2cc(=O)[nH]c(-c3ccccn3)n2)n1C	0.030020
rxn:2:165642:132476	Cc1cc(NC(C)c2cc(C)c(C)s2)n2nc(C)c(C3CC3)c2n1	0.030015
rxn:2:144340:88240	CCCCC1CCC(NC(C)c2cc(=O)[nH]c(-c3ccccn3)n2)CC1	0.030014
rxn:2:144340:66852	CC(CCC1CCCCC1)NC(C)c1cc(=O)[nH]c(-c2ccccn2)n1	0.030014
rxn:2:144340:132461	CCCCC1CCCCC1NC(C)c1cc(=O)[nH]c(-c2ccccn2)n1	0.030014
rxn:2:114503:136193	CCC1CCCC(NCC2CCC(c3nnc(C)n3CC)CC2)CC1	0.030013
rxn:2:65970:136899	CCN1CCCc2cc(NC3CCCc4c3ccc(OC)c4OC)ccc21	0.030012
rxn:2:119876:92418	c1nc(N2CCC(NC3CCCc4snnc43)C2)c2[nH]nnc2n1	0.030010
rxn:2:112040:156643	CC(Nc1nc(-c2cnccn2)ns1)c1cccc2c1CCS2(=O)=O	0.030003
rxn:2:69367:163676	COc1ccc(C(NCc2nc(=O)n(C)[nH]2)c2ccsc2)cc1C	0.030002
rxn:2:112668:126112	CC(C)Oc1ccccc1C(NC12CC(c3nccs3)(C1)C2)C(C)C	0.030001
rxn:2:100196:132476	Cc1cc(C(C)Nc2csc(Cc3c(C)noc3C)n2)sc1C	0.029993
rxn:2:85965:76082	COc1cc(NC(C)c2cccc(C)c2C)ccc1N1CCC(F)(F)C1	0.029992
rxn:2:163191:94599	Cn1nnc2c1CCCC2N[C@H]1CCN(c2ncnc3ccccc23)C1	0.029992
rxn:2:136496:82489	CC(NCc1cnn(C)c(=O)c1)c1ccc(Oc2ccccc2)cc1	0.029991
rxn:2:141211:134526	COc1nc(NC(C)c2cc3c([nH]c2=O)CCC3)c2ncnc-2n1C	0.029988
rxn:2:101929:94554	COc1ccc(C2CC(NCC(c3ccc4c(c3)OCO4)N(C)C)C2)cc1	0.029978
rxn:2:79337:115775	COc1cc(COC(C)C)cc(NC(C)CCCC2CC2)c1	0.029978
rxn:2:96802:91021	CCCCC(Nc1nn(C)nc1-c1ccccc1)c1cnccn1	0.029973
rxn:2:65970:86724	CCN1CCCc2cc(NC3CCCc4c3ccn4C3CCN(C)C3)ccc21	0.029972
rxn:2:155066:124134	COc1ccc2nc(-c3nonc3NC3CCCC34CC4C)sc2c1	0.029971
rxn:2:122841:65854	CC1(Oc2ccc(NC3c4ncccc4-c4cccnc43)cc2)COC1	0.029954
rxn:2:132418:86683	Cc1c[nH]c2ncnc(NC(c3ncn4c3C(C)CCC4)C(C)C)c12	0.029951
rxn:2:79495:147583	Cc1ccc(C(C)NCCC2CC2c2cn(C)cn2)c2nccnc12	0.029950
rxn:2:79495:155902	Cc1nc2ccncc2cc1C(C)NCCC1CC1c1cn(C)cn1	0.029950
rxn:2:79495:156241	Cc1nc2cccnc2cc1C(C)NCCC1CC1c1cn(C)cn1	0.029950
rxn:2:79495:159648	Cc1nc2ncccc2cc1C(C)NCCC1CC1c1cn(C)cn1	0.029950
rxn:2:68559:123018	CCCSc1ccc(NC(C)c2cc3c(c(SC)n2)CCC3)nn1	0.029945
rxn:2:89605:66368	CCc1cc(NC2CCCc3c2ccc(=O)n3C)ccc1N1CCC(C)CC1	0.029945
rxn:2:84679:66368	CCc1cc(NC2CCCc3c2ccc(=O)n3C)ccc1N1CCCC(C)C1	0.029945
rxn:2:146398:80762	Cc1ccc2c(c1)C(C)CCC2NCc1ccc2c(c1)n(C)c(=O)n2C	0.029940
rxn:2:112354:117115	Cc1nc(-c2ccc(CNC3CCc4c3ccc(C)c4C)o2)cs1	0.029939
rxn:2:97174:90449	Cc1ccncc1C(CCC(C)C)Nn1sc2ccccc2c1=O	0.029939
rxn:2:85609:72771	CSc1ccc(-c2ccc(NC3CC(CC(C)C)C3)nc2)cc1	0.029934
rxn:2:88872:103571	CC(NCc1nc(CCN2CCOCC2)n[nH]1)c1cc2c(s1)CCCC2	0.029932
rxn:2:147092:88151	Cc1ccc2nc(-c3cn[nH]c3NC3CC4(CSC4)C3)[nH]c2c1	0.029931
rxn:2:65970:149415	CCN1CCCc2cc(NC3CCCc4c3cnc3ccnn43)ccc21	0.029923
rxn:2:139352:94554	COc1ccc(C2CC(NC3CCN(Cc4ccccc4OC)C3)C2)cc1	0.029919
rxn:2:114928:68690	Cc1csc(-c2nnc(NC3CCCC4(CCC4)n4nccc43)o2)c1	0.029918
rxn:2:166827:105732	c1csc(-c2nc3cc(NC4C[C@H]5CCC[C@H]5C4)ccc3[nH]2)c1	0.029914
rxn:2:123275:75224	COc1ncncc1N1CCC(Nc2ccc(SC34CC(C3)C4)cc2)CC1	0.029911
rxn:2:83549:134526	CC(C)c1nc2c(NC(C)c3cc4c([nH]c3=O)CCC4)ncnc2s1	0.029899
rxn:2:150484:93200	COc1ccc2nc(C(C)(C)NC(C)c3cc[nH]c(=O)c3)ccc2c1	0.029898
rxn:2:112668:160400	COc1ccc2ncccc2c1C(C)NC12CC(c3nccs3)(C1)C2	0.029894
rxn:2:110685:132476	Cc1cc(C(C)Nc2c(C3CC3)c(C)nn2C2CCCC2)sc1C	0.029894
rxn:2:107648:132476	Cc1cc(C(C)Nc2c(C3CCC3)c(C)nn2C2CCC2)sc1C	0.029894
rxn:2:97907:118998	COc1cc(NC2CCOc3c(C)cc(C)cc32)c2ccccc2n1	0.029892
rxn:2:154196:79406	Cc1cnc(-n2nc(C)c(C3CC3)c2NC(C)c2cnns2)c(C)c1	0.029883
rxn:2:66656:69189	CC(C)Oc1ccc2c(c1)CCCCC2N[C@H]1C[C@H](Cn2cccn2)C1	0.029883
rxn:2:92733:91021	CCCCC(Nc1cncnc1OCCN(C)C)c1cnccn1	0.029881
rxn:2:116614:109423	COc1cccc2c(C(C)Nc3cccn([C@H]4C[C@H]4F)c3=O)n[nH]c12	0.029875
rxn:2:88350:103571	CC(NCc1nc(Cn2cncn2)n[nH]1)c1cc2c(s1)CCCC2	0.029871
rxn:2:99149:93200	COc1ccc(Oc2nonc2NC(C)c2cc[nH]c(=O)c2)cc1	0.029871
rxn:2:81797:93200	COc1cccc(Oc2nonc2NC(C)c2cc[nH]c(=O)c2)c1	0.029871
rxn:2:71943:134526	Cc1n[nH]c2ncnc(NC(C)c3cc4c([nH]c3=O)CCC4)c12	0.029869
rxn:2:110495:134526	Cc1nc2ncnc(NC(C)c3cc4c([nH]c3=O)CCC4)c2[nH]1	0.029869
rxn:2:74950:134526	Cc1[nH]nc2c(NC(C)c3cc4c([nH]c3=O)CCC4)ncnc12	0.029869
rxn:2:136722:125321	Cc1sc2ncnc(NC(C)c3ccnc(C(C)(C)F)c3)c2c1C	0.029867
rxn:2:166860:78766	CCCc1nn(-c2ccnc(C(C)C)c2)cc1NC1CCN(C)C(C)(C)C1	0.029866
rxn:2:166860:78436	CCCc1nn(-c2ccnc(C(C)C)c2)cc1NC1CCC(C)(C)N(C)C1	0.029866
rxn:2:82927:115775	COc1ccc(Cn2ccnc2CNC(C)CCCC2CC2)cc1	0.029865
rxn:2:112988:134526	COc1cnc2c(NC(C)c3cc4c([nH]c3=O)CCC4)ncnc2n1	0.029865
rxn:2:71282:89151	Cc1nccn1CCN1CCC(CNC2CCc3cc4c(cc32)OCC4)CC1	0.029863
rxn:2:81263:85304	CSCc1cncc(NC(C)c2cc(C)c(OC(C)C)c(C)c2)c1	0.029863
rxn:2:135388:89151	Cc1ccc(CN2CCC(CNC3CCc4cc5c(cc43)OCC5)CC2)cc1	0.029857
rxn:2:82769:89151	Cc1cccc(CN2CCC(CNC3CCc4cc5c(cc43)OCC5)CC2)c1	0.029857
rxn:2:107122:134526	CCCn1cnc2c(NC(C)c3cc4c([nH]c3=O)CCC4)ncnc21	0.029853
rxn:2:129731:134526	CCCn1ncc2c(NC(C)c3cc4c([nH]c3=O)CCC4)ncnc21	0.029853
rxn:2:90440:85567	Cc1nsc2cc(NC(c3nc4c(s3)COCC4)C(C)C)ccc12	0.029848
rxn:2:68182:85685	CCOc1ccc(C(C)N[C@@H]2CCN(CC(C)C)C2)cc1CSC	0.029847
rxn:2:95402:141908	CC(NCC1CN(C)CC(C)(C)N1c1ccccc1)c1cnc(C2CC2)s1	0.029846
rxn:2:144300:105732	c1cc(-c2nc3ccc(NC4C[C@H]5CCC[C@H]5C4)cc3o2)cs1	0.029845
rxn:2:77153:94554	CCC[C@H](NC1CC(c2ccc(OC)cc2)C1)c1ccc2c(c1)OCO2	0.029845
rxn:2:93084:94554	CCC[C@@H](NC1CC(c2ccc(OC)cc2)C1)c1ccc2c(c1)OCO2	0.029845
rxn:2:119661:94554	CCCC(NC1CC(c2ccc(OC)cc2)C1)c1ccc2c(c1)OCO2	0.029845
rxn:2:105739:155128	CCOc1ncccc1-c1cccc2c1CCC2NC1(CC)CCOCC1	0.029845
rxn:2:107870:71823	Cc1[nH]c2ccc(NC(C)c3nc4c(s3)CCCC4)cc2c1C	0.029843
rxn:2:124147:71823	Cc1[nH]c2cc(NC(C)c3nc4c(s3)CCCC4)ccc2c1C	0.029843
rxn:2:107739:74191	COc1ccnc(C(NC(C)(C)CN2CCc3ccccc3C2)C2CC2)c1	0.029838
rxn:2:132880:74191	COc1ccnc(C(NCC(C)(C)N2CCc3ccccc3C2)C2CC2)c1	0.029838
rxn:2:75384:74191	COc1ccnc(C(NC(C)CN2CCCc3ccccc3C2)C2CC2)c1	0.029838
rxn:2:119918:74191	COc1ccnc(C(N[C@H](C)CN2CCCc3ccccc3C2)C2CC2)c1	0.029838
rxn:2:88449:125321	CC(Nc1ncnc2[nH][nH]c(=O)c12)c1ccnc(C(C)(C)F)c1	0.029836
rxn:2:114928:131254	COC(C)C1CCC(Nc2nnc(-c3cc(C)cs3)o2)c2ccnn21	0.029836
rxn:2:65970:103720	CCN1CCCc2cc(NC3CCCCc4c3cnn4C(C)C)ccc21	0.029836
rxn:2:106146:78148	CCC1CCC(CNC(C)CC2CCC(CC)CC2)CC1	0.029829
rxn:2:117807:78148	CCC1CCC(CC(C)NC[C@H]2CC[C@H](CC)CC2)CC1	0.029829
rxn:2:166735:130954	Cn1cc(-c2nc3ccc(NC4CCC5(CC4)CSC5)cc3[nH]2)cn1	0.029827
rxn:2:142970:130954	Cn1ccc(-c2nc3ccc(NC4CCC5(CC4)CSC5)cc3[nH]2)n1	0.029827
rxn:2:156959:130954	Cn1cnc(-c2nc3ccc(NC4CCC5(CC4)CSC5)cc3[nH]2)c1	0.029827
rxn:2:145776:130954	Cn1cncc1-c1nc2ccc(NC3CCC4(CC3)CSC4)cc2[nH]1	0.029827
rxn:2:143504:130954	Cn1nccc1-c1nc2ccc(NC3CCC4(CC3)CSC4)cc2[nH]1	0.029827
rxn:2:159219:130954	Cn1cnc2cc(-c3cn[nH]c3NC3CCC4(CC3)CSC4)ccc21	0.029827
rxn:2:144070:130954	Cn1ncc(-c2nc3ccccc3[nH]2)c1NC1CCC2(CC1)CSC2	0.029827
rxn:2:138406:115775	CC(C)COc1n[nH]c2ccc(NC(C)CCCC3CC3)cc12	0.029825
rxn:2:70556:87143	Cc1cc(NC(C)CCc2cnsc2)nn1CCn1cncn1	0.029819
rxn:2:68354:93200	COCc1nc(-c2nonc2NC(C)c2cc[nH]c(=O)c2)no1	0.029813
rxn:2:82065:94554	CCCn1nc(CC(C)C)cc1NC1CC(c2ccc(OC)cc2)C1	0.029807
rxn:2:122841:68974	COc1cccc(C(Nc2ccc(OC3(C)COC3)cc2)C2CCC2)c1	0.029801
rxn:2:147092:103105	Cc1ccc2nc(-c3cn[nH]c3NC3CCCC3(C)F)[nH]c2c1	0.029800
rxn:2:147500:131030	CO[C@H]1CC(NC(C)c2cnn(Cc3ccc4c(c3)OCO4)c2)C[C@H]1OC	0.029794
rxn:2:128149:118090	Cc1cc(-c2nnc(NC3CC(C4(C)CCC4)n4nccc43)o2)nn1C	0.029791
rxn:2:141539:118090	Cc1cc(-c2nnc(NC3CC(C4(C)CCC4)n4nccc43)o2)n(C)n1	0.029791
rxn:2:141617:66800	CC(NC1CN(Cc2ccco2)C1)c1cccc(-c2ccsc2)c1	0.029790
rxn:2:121310:120988	CC(NC1CN(Cc2ccsc2)C1)c1cccc(-c2ccoc2)c1	0.029790
rxn:2:121310:94008	CC(NC1CN(Cc2ccsc2)C1)c1cccc(-c2ccco2)c1	0.029790
rxn:2:131385:79058	COc1nccnc1C(C)Nc1cc(Cc2ccc(C)cc2)ncn1	0.029784
rxn:2:87702:78148	CCC1CCC(CC(C)NCC2CCN(c3ccc(C)nn3)CC2)CC1	0.029771
rxn:2:102205:100818	Cc1ccnc(C(NCC2CC2CN2CCc3ccccc3C2)C2CC2)c1	0.029770
rxn:2:102205:97808	Cc1cc(C(NCC2CC2CN2CCc3ccccc3C2)C2CC2)ccn1	0.029770
rxn:2:102205:134978	Cc1ccc(C(NCC2CC2CN2CCc3ccccc3C2)C2CC2)cn1	0.029770
rxn:2:102205:70570	COc1cccc2c1C(NCC1CC1CN1CCc3ccccc3C1)COC2	0.029769
rxn:2:86327:94554	COc1ccc(C2CC(NC(C)c3cnn(CC4CCOCC4)c3)C2)cc1	0.029767
rxn:2:128219:94554	COc1ccc(C2CC(NC(C)c3cnn(CC4CCCOC4)c3)C2)cc1	0.029767
rxn:2:147092:105131	Cc1ccc2nc(-c3cn[nH]c3NC3CCC4(CC4)C3)[nH]c2c1	0.029765
rxn:2:112040:94522	c1ccc(C(Nc2nc(-c3cnccn3)ns2)C2CCCCC2)nc1	0.029762
rxn:2:70035:91021	CCCCC(NC(Cc1ccc(C)cc1)C(C)C)c1cnccn1	0.029761
rxn:2:68182:169937	Cc1cc(C)cc(-c2ccc(C(C)N[C@@H]3CCN(CC(C)C)C3)s2)c1	0.029759
rxn:2:68182:173134	Cc1ccc(C)c(-c2ccc(C(C)N[C@@H]3CCN(CC(C)C)C3)s2)c1	0.029759
rxn:2:122841:136837	CCC(Nc1ccc(OC2(C)COC2)cc1)c1cccc(C2CC2)c1	0.029758
rxn:2:122841:118071	CCC(Nc1ccc(OC2(C)COC2)cc1)c1ccc(C2CC2)cc1	0.029758
rxn:2:123667:132476	Cc1cc(C(C)Nc2cn(C3CCSCC3)nc2C(C)C)sc1C	0.029758
rxn:2:111174:67395	COc1ccc(CC(C)(C)CNC2CC(c3nc(C4CC4)no3)C2)cc1	0.029755
rxn:2:116012:67395	COc1cccc(CC(C)(C)CNC2CC(c3nc(C4CC4)no3)C2)c1	0.029755
rxn:2:102258:83450	COc1cccc(-c2ccco2)c1C(C)NC1CC(n2cncn2)C1	0.029751
rxn:2:75387:125732	CCC(Nc1cc(-c2nnnn2C)ccn1)c1cc(C)cc(OC)c1	0.029750
rxn:2:65940:125732	CCC(Nc1ccnc(-c2nnnn2C)c1)c1cc(C)cc(OC)c1	0.029750
rxn:2:65970:87796	CCN1CCCc2cc(NC3CCCc4c3cnn4C3CCCC3)ccc21	0.029745
rxn:2:78510:89151	c1c(N2CCC(CNC3CCc4cc5c(cc43)OCC5)CC2)n[nH]c1C1CC1	0.029739
rxn:2:89299:94554	COc1ccc(C2CC(N[C@H](c3ccc4c(c3)OCO4)C(C)(C)C)C2)cc1	0.029738
rxn:2:93666:94554	COc1ccc(C2CC(N[C@@H](c3ccc4c(c3)OCO4)C(C)(C)C)C2)cc1	0.029738
rxn:2:135338:84466	COc1ccc(C(C)Nc2cnnc(SC)c2)cc1OCC(C)C	0.029738
rxn:2:66656:149890	c1c[nH]c(-c2ccc3c(c2)CCC3N[C@H]2C[C@H](Cn3cccn3)C2)c1	0.029734
rxn:2:105477:118518	COc1ccc2c(c1C)CCC2NC(C)Cc1ncn2c1CC(N(C)C)CC2	0.029734
rxn:2:68632:137914	CSCCC1CC(N[C@H](c2cccc(C)c2)C2CCCCC2)C1	0.029726
rxn:2:67207:66368	Cn1c2c(ccc1=O)C(Nc1ccc3c(c1)CCN3CCS(C)(=O)=O)CCC2	0.029726
rxn:2:97662:66368	Cn1c2c(ccc1=O)C(Nc1ccc3c(c1)N(CCS(C)(=O)=O)CC3)CCC2	0.029726
rxn:2:65970:135696	CCN1CCCc2cc(NC3CCCc4c3ccc(=O)n4CC3CC3)ccc21	0.029726
rxn:2:102137:156750	COc1cc(-c2ccco2)cnc1C(C)Nc1cccn(OC)c1=O	0.029706
rxn:2:81263:107331	CSCc1cncc(NC2CC3CCC(C2)N3C2CCCCCC2)c1	0.029704
rxn:2:126475:66379	CCc1cc(OC)nc(C(C)Nc2ccn(-c3ccc(C)cn3)n2)c1	0.029703
rxn:2:68699:125321	Cc1cc(C)c2c(NC(C)c3ccnc(C(C)(C)F)c3)c[nH]c2n1	0.029701
rxn:2:102205:90156	CCC(NCC1CC1CN1CCc2ccccc2C1)C(C)CN(C)C	0.029698
rxn:2:67357:82183	CCCC(NC1CC2CCC(C1)C21SCCS1)c1ccc(C)cc1	0.029690
rxn:2:68559:106037	CCCSc1ccc(NC2c3cccnc3-c3ncccc32)nn1	0.029681
rxn:2:131850:80762	CCN(CC)CC1CCCC(NC2CCC(C)c3cc(C)ccc32)C1	0.029678
rxn:2:93313:91066	CCc1cccc(-c2cccc(NC3COc4ccsc43)c2)c1	0.029678
rxn:2:87761:91066	CCc1ccc(-c2ccc(NC3COc4ccsc43)cc2)cc1	0.029678
rxn:2:115163:125732	CCC(Nc1cc(-c2nncn2C)ccn1)c1cc(C)cc(OC)c1	0.029672
rxn:2:123587:125732	CCC(Nc1cccc(-c2nnnn2C)c1)c1cc(C)cc(OC)c1	0.029672
rxn:2:153065:93200	CC1CCCc2sc(-c3nonc3NC(C)c3cc[nH]c(=O)c3)nc21	0.029669
rxn:2:70036:132476	Cc1cc(C(C)NCC(c2ccccc2)c2ncccn2)sc1C	0.029667
rxn:2:89027:143157	COc1csc(-c2ccc3c(c2)OCC3N[C@H]2CCCCC[C@H]2C)c1	0.029666
rxn:2:103436:67395	CC(C)(CNC1CC(c2nc(C3CC3)no2)C1)Cc1ccc2c(c1)OCO2	0.029664
rxn:2:140004:74191	COc1ccnc(C(Nc2cc3cncnc3cc2OC)C2CC2)c1	0.029660
rxn:2:116614:94008	CC(Nc1cccn([C@H]2C[C@H]2F)c1=O)c1cccc(-c2ccco2)c1	0.029658
rxn:2:116614:139886	CC(Nc1cccn([C@H]2C[C@H]2F)c1=O)c1ccc(-c2ccco2)cc1	0.029658
rxn:2:116614:97167	CC(Nc1cccn([C@H]2C[C@H]2F)c1=O)c1ccccc1-c1ccco1	0.029658
rxn:2:102205:126319	c1ccc(C(NCC2CC2CN2CCc3ccccc3C2)C2CCC2)nc1	0.029657
rxn:2:102205:96598	c1ccc2c(c1)CCN(CC1CC1CNC(c1ccncc1)C1CCC1)C2	0.029657
rxn:2:116614:73401	CCC1CCC(C2CCC(Nc3cccn([C@H]4C[C@H]4F)c3=O)CC2)CC1	0.029656
rxn:2:119418:156750	CCn1cccc(NC(C)c2ncc(-c3ccco3)cc2OC)c1=O	0.029653
rxn:2:124753:66379	CCc1cc(OC)nc(C(C)Nc2nc(N3CCOCC3)[nH]c(=O)c2C)c1	0.029647
rxn:2:81887:85020	CCc1c(NC(C)c2cc(C)cc(OC)n2)nc(N2CCOCC2)[nH]c1=O	0.029647
rxn:2:81887:72445	CCc1c(NC(C)c2cc(OC)cc(C)n2)nc(N2CCOCC2)[nH]c1=O	0.029647
rxn:2:81887:116546	CCc1c(NC(C)c2cc(C)nc(OC)c2)nc(N2CCOCC2)[nH]c1=O	0.029647
rxn:2:81887:73791	CCc1c(NC(C)c2ccc(OC)nc2C)nc(N2CCOCC2)[nH]c1=O	0.029647
rxn:2:81887:81134	CCc1c(NC(C)c2ccc(OC)c(C)n2)nc(N2CCOCC2)[nH]c1=O	0.029647
rxn:2:81887:136796	CCc1c(NC(C)c2cnc(OC)cc2C)nc(N2CCOCC2)[nH]c1=O	0.029647
rxn:2:93254:118998	Cc1cc(C)c2c(c1)C(NCc1nn(C3CCSC3)c3c1C1CC1C3)CCO2	0.029646
rxn:2:157350:120117	Cc1cc(N2CCC(CNC3CCC4(CCCN4C)CC3)CC2)n2ncnc2c1	0.029644
rxn:2:68591:118090	Cc1ccc(-c2nnc(NC3CC(C4(C)CCC4)n4nccc43)o2)s1	0.029642
rxn:2:114928:69455	Cc1csc(-c2nnc(NC3CCC(C4(C)CC4)n4nccc43)o2)c1	0.029642
rxn:2:114928:120577	Cc1csc(-c2nnc(NC3CC(C4CCCC4)n4nccc43)o2)c1	0.029642
rxn:2:74714:118090	Cc1cc(-c2nnc(NC3CC(C4(C)CCC4)n4nccc43)o2)cs1	0.029642
rxn:2:135655:118090	Cc1ccsc1-c1nnc(NC2CC(C3(C)CCC3)n3nccc32)o1	0.029642
rxn:2:129548:69366	CCc1n[nH]c2sc(CNC3CC4c5ccccc5OCC34)c(C)c12	0.029629
rxn:2:129548:93031	CCc1n[nH]c2sc(CNC3C[C@@H]4c5ccccc5OC[C@H]34)c(C)c12	0.029629
rxn:2:113217:103705	CCc1cccc2c1CCCC2NCc1cnc(N2CCCCC2)c(C)c1	0.029627
rxn:2:66656:142960	Cc1ccc2cc3c(nc2c1)CCCC3N[C@H]1C[C@H](Cn2cccn2)C1	0.029627
rxn:2:148855:71205	CCc1[nH]c2ccccc2c(=O)c1NC(C)CCC1(C2CCC2)COC1	0.029625
rxn:2:108913:66368	CC(C)OCCN1CCc2ccc(NC3CCCc4c3ccc(=O)n4C)cc21	0.029624
rxn:2:81887:81238	CCc1c(NC2CCc3cc(C(C)C)ccc32)nc(N2CCOCC2)[nH]c1=O	0.029624
rxn:2:158488:93200	COc1c(C)cc(C)cc1-c1nonc1NC(C)c1cc[nH]c(=O)c1	0.029624
rxn:2:99077:71205	CCCSc1cc(NC(C)CCC2(C3CCC3)COC2)n(C)n1	0.029619
rxn:2:132418:87289	Cc1c[nH]c2ncnc(NC(C)c3ccc(N4CCCCC4)cc3)c12	0.029616
rxn:2:156652:127910	CC(NC1CC(C)(C)Cc2c1ccn2-c1nccs1)c1cccnc1	0.029615
rxn:2:117739:94554	COc1ccc(C2CC(NC(C)c3cnn(CC4CCCCO4)c3)C2)cc1	0.029614
rxn:2:66656:147706	c1cnn(C[C@H]2C[C@H](NC3CCc4ccc(-c5cncnc5)cc43)C2)c1	0.029614
rxn:2:66656:163795	c1cnc(-c2ccc3c(c2)CCC3N[C@H]2C[C@H](Cn3cccn3)C2)nc1	0.029614
rxn:2:66656:161420	Cn1cc(-c2ccc3c(c2)CCC3N[C@H]2C[C@H](Cn3cccn3)C2)cn1	0.029614
rxn:2:66656:150651	Cn1cc(-c2ccc3c(c2)C(N[C@H]2C[C@H](Cn4cccn4)C2)CC3)cn1	0.029614
rxn:2:66656:121345	CCS(=O)(=O)C(C)C(N[C@H]1C[C@H](Cn2cccn2)C1)c1ccccc1C	0.029611
rxn:2:135338:69213	CSc1cc(NC(C)c2oc(Cc3cscn3)nc2C)cnn1	0.029609
rxn:2:166860:68946	CCCc1nn(-c2ccnc(C(C)C)c2)cc1NC1CCC1(C)CC	0.029606
rxn:2:82126:133413	Cc1n[nH]cc1-c1cnc(C(C)Nc2cncc(C(C)(F)F)c2)s1	0.029605
rxn:2:168791:71823	CC(Nc1ccc2c(=O)n(C)c(=O)n(C)c2c1)c1nc2c(s1)CCCC2	0.029603
rxn:2:136026:76082	CCOc1cc(NC(C)c2cccc(C)c2C)ccc1-n1cnnn1	0.029597
rxn:2:114928:115399	Cc1csc(-c2nnc(NC3CCC(C(C)(F)F)n4nccc43)o2)c1	0.029594
rxn:2:84563:78148	CCC1CCC(CC(C)NCC2CCN(Cc3nnc(C)n3C)C2)CC1	0.029589
rxn:2:68182:121711	CC(C)CN1CC[C@@H](NC(C)c2ccc(OCc3ccccc3)s2)C1	0.029584
rxn:2:122841:82387	CCC(COCc1ccccc1)Nc1ccc(OC2(C)COC2)cc1	0.029584
rxn:2:102205:102282	c1ccc2c(c1)CCN(CC1CC1CNC(c1ncco1)C1CCCC1)C2	0.029583
rxn:2:121310:127233	CC(NC1CN(Cc2ccsc2)C1)c1cccc(-c2ccsn2)c1	0.029580
rxn:2:121310:136188	CC(NC1CN(Cc2ccsc2)C1)c1cc(-c2ccsc2)ccn1	0.029580
rxn:2:121310:90126	CC(NC1CN(Cc2ccsc2)C1)c1ccc(-c2ccsc2)cn1	0.029580
rxn:2:121310:114159	CC(NC1CN(Cc2ccsc2)C1)c1csc(-c2ccncc2)c1	0.029580
rxn:2:121310:84776	CC(NC1CN(Cc2ccsc2)C1)c1cccc(-c2cscn2)c1	0.029580
rxn:2:121310:119537	CC(NC1CN(Cc2ccsc2)C1)c1cccnc1-c1ccsc1	0.029580
rxn:2:114503:105405	CCn1c(C)nnc1C1CCC(CNC(C)CC2CC3CCC2C3)CC1	0.029579
rxn:2:71262:73581	c1cc(C2CC2)cc(C(Nc2ccc(OC3CC3)cc2)C2CC2)c1	0.029576
rxn:2:131385:96327	Cc1ccc(Cc2cc(NC(c3cnccn3)C(C)C)ncn2)cc1	0.029566
rxn:2:114106:109961	CCCC(Nc1cncc(C2CC2)c1)C1CCCN(C2CCCC2)C1	0.029565
rxn:2:71370:92418	c1nc(N2CCCC(NC3CCCc4snnc43)C2)c2[nH]cnc2n1	0.029563
rxn:2:159122:92418	Cc1cc(=O)[nH]c2c3c(c(NC4CCCc5snnc54)cc12)CCO3	0.029563
rxn:2:101763:66368	CCc1cc(NC2CCCc3c2ccc(=O)n3C)ccc1N1CCCCC1C	0.029562
rxn:2:113978:87143	CC(CCc1cnsc1)Nc1cccnc1Oc1ccccc1	0.029561
rxn:2:65970:104081	CCN1CCCc2cc(NC3CCCc4c3ccc(=O)n4CCOC)ccc21	0.029560
rxn:2:144841:130954	Cc1ccc2[nH]c(-c3nonc3NC3CCC4(CC3)CSC4)nc2c1	0.029555
rxn:2:133270:96141	Cc1ncnc(N2CC(NC(C)c3cccc(-n4cccn4)c3)C2)c1C	0.029548
rxn:2:121690:96141	Cc1nccnc1N1CCC(NC(C)c2cccc(-n3cccn3)c2)C1	0.029546
rxn:2:94683:96141	Cc1cc(N2CCC(NC(C)c3cccc(-n4cccn4)c3)C2)ncn1	0.029546
rxn:2:106387:96141	Cc1cc(N2CC[C@H](NC(C)c3cccc(-n4cccn4)c3)C2)ncn1	0.029546
rxn:2:108230:96141	Cc1cc(N2CC[C@@H](NC(C)c3cccc(-n4cccn4)c3)C2)ncn1	0.029546
rxn:2:130319:96141	Cc1nccc(N2CCC(NC(C)c3cccc(-n4cccn4)c3)C2)n1	0.029546
rxn:2:111804:96141	Cc1ccc(N2CCC(NC(C)c3cccc(-n4cccn4)c3)C2)nn1	0.029546
rxn:2:66656:147239	c1cnn(C[C@H]2C[C@H](NC3CCCc4cc(-n5ccnc5)ccc43)C2)c1	0.029545
rxn:2:140979:96141	CC(NC1CCN(c2ncccn2)CC1)c1cccc(-n2cccn2)c1	0.029541
rxn:2:95981:96141	CC(NC1CCCN(c2ncccn2)C1)c1cccc(-n2cccn2)c1	0.029541
rxn:2:100429:96141	CC(N[C@H]1CCCN(c2ncccn2)C1)c1cccc(-n2cccn2)c1	0.029541
rxn:2:118149:96141	CC(NC1CCN(c2ccncn2)CC1)c1cccc(-n2cccn2)c1	0.029541
rxn:2:129548:92422	CCc1n[nH]c2sc(CNC3CC(C)Cc4ccccc43)c(C)c12	0.029541
rxn:2:73849:112899	Cc1ccc2cc(NC3CCc4c3ccc3c4CCC3)cnc2c1	0.029538
rxn:2:114106:167458	c1cc(-c2ccc3c(c2)OCC3Nc2cncc(C3CC3)c2)cs1	0.029537
rxn:2:114106:165128	c1cc2c(c(-c3ccsc3)c1)C(Nc1cncc(C3CC3)c1)CO2	0.029537
rxn:2:68435:76082	Cc1cccc(C(C)N[C@@H]2CCCN(CC(C)c3ccccc3)C2)c1C	0.029537
rxn:2:112333:127128	COc1ccc(C(NCc2nc(=O)[nH][nH]2)c2ccsc2)cc1	0.029536
rxn:2:112333:83989	COc1cccc(C(NCc2nc(=O)[nH][nH]2)c2ccsc2)c1	0.029536
rxn:2:112333:139158	COc1ccccc1C(NCc1nc(=O)[nH][nH]1)c1ccsc1	0.029536
rxn:2:163191:116529	Cc1nc2c(s1)CCCC2N[C@H]1CCN(c2ncnc3ccccc23)C1	0.029534
rxn:2:125889:91021	CCCCC(NC1CCOCC1N1CCC(CC)CC1)c1cnccn1	0.029532
rxn:2:73691:118090	Cc1ccc(-c2nnc(NC3CC(C4(C)CCC4)n4nccc43)o2)cn1	0.029528
rxn:2:122178:118090	Cc1cccc(-c2nnc(NC3CC(C4(C)CCC4)n4nccc43)o2)n1	0.029528
rxn:2:82403:80532	CCCS(=O)(=O)c1cnc(C)nc1NC1CCC(C)(CC(C)CC)C1	0.029528
rxn:2:139592:118634	CCN1CCc2nc(NC(C)c3ccc(-c4ccoc4)cn3)sc2C1	0.029525
rxn:2:139592:105749	CCN1CCc2nc(NC(C)c3ccc(-c4ccco4)cn3)sc2C1	0.029525
rxn:2:129570:168163	Cc1cncnc1-c1ccc(C(C)NC(C)C2CCCCC2(C)C)s1	0.029520
rxn:2:113848:91066	CCc1ccc(-c2cc(NC3COc4ccsc43)ccc2C)nc1	0.029519
rxn:2:99134:145028	CCc1cncc(NC2COc3ccc(-c4csc(C)c4)cc32)c1	0.029519
rxn:2:118651:94554	COc1ccc(C2CC(NCC(C)Cc3ccc4c(c3)OCCO4)C2)cc1	0.029513
rxn:2:139461:103705	CCc1cccc2c1CCCC2Nc1c(CC)c(C(C)C)nn1CC	0.029509
rxn:2:124329:96141	Cc1ncccc1N1CCC(NC(C)c2cccc(-n3cccn3)c2)C1	0.029507
rxn:2:97501:96141	Cc1cccc(N2CCC(NC(C)c3cccc(-n4cccn4)c3)C2)n1	0.029507
rxn:2:102205:141558	CC(NCC1CC1CN1CCc2ccccc2C1)c1cc(C2CC2)ccn1	0.029506
rxn:2:140959:155128	CCOc1ncccc1-c1cccc2c1CCC2NC1(CC)CC(C)C1	0.029505
rxn:2:85609:137914	CSCCC1CC(Nc2ccc(-c3ccc(SC)cc3)cn2)C1	0.029501
rxn:2:131385:90639	CCC(Nc1cc(Cc2ccc(C)cc2)ncn1)c1ncc(C)cn1	0.029498
rxn:2:156169:138214	CCc1[nH]c(=O)c(S(C)(=O)=O)cc1CNC1CCc2c(C(C)C)cccc21	0.029489
rxn:2:79495:167350	Cc1ccc(C(C)NCCC2CC2c2cn(C)cn2)c2ccncc12	0.029487
rxn:2:79495:155830	Cc1cc2c(C(C)NCCC3CC3c3cn(C)cn3)cccc2cn1	0.029487
rxn:2:79495:158909	Cc1cc2cccc(C(C)NCCC3CC3c3cn(C)cn3)c2cn1	0.029487
rxn:2:79495:166778	Cc1nc2ccccc2cc1C(C)NCCC1CC1c1cn(C)cn1	0.029487
rxn:2:110631:67395	CN1CCC(n2c(CNC3CC(c4nc(C5CC5)no4)C3)cccc2=O)CC1	0.029485
rxn:2:112333:163383	Cc1ccc(C(NCc2nc(=O)[nH][nH]2)c2ccccc2)cc1C	0.029482
rxn:2:68182:84225	CCc1ccc(-c2ccc(C(C)N[C@@H]3CCN(CC(C)C)C3)s2)s1	0.029470
rxn:2:85958:96141	CC(NC1CCN(c2ccccn2)CC1)c1cccc(-n2cccn2)c1	0.029466
rxn:2:67553:96141	CC(NC1CCCN(c2ccccn2)C1)c1cccc(-n2cccn2)c1	0.029466
rxn:2:112333:100271	COc1ccc(SCCC(C)NCc2nc(=O)[nH][nH]2)cc1C	0.029464
rxn:2:116614:95954	Cc1nc(-c2ccco2)sc1C(C)Nc1cccn([C@H]2C[C@H]2F)c1=O	0.029462
rxn:2:135338:122766	CSc1cc(NC(Cc2ncc[nH]2)c2cccc(C)c2)cnn1	0.029459
rxn:2:86570:80762	Cc1ccc2c(c1)C(C)CCC2NCc1ccn(CCN2CCCC2)c(=O)c1	0.029458
rxn:2:92374:67102	CCCCn1c(C)ccc(C(C)Nc2cccc3nc(C)cn23)c1=O	0.029458
rxn:2:152332:118131	Cc1cnc(C2CC(Nc3cc4c(cc3N(C)C)n(C)c(=O)n4C)C2)s1	0.029453
rxn:2:79495:84847	CCCOc1ccc(C(C)NCCC2CC2c2cn(C)cn2)c(C)c1	0.029453
rxn:2:98072:103705	CCc1cccc2c1CCCC2NCc1ccc(N2CCN(CC)CC2)nc1	0.029450
rxn:2:120975:94554	COc1ccc(C2CC(NC(C)c3cnn(CCC(C)(C)C)c3)C2)cc1	0.029448
rxn:2:79495:96442	COc1cc(C(C)NCCC2CC2c2cn(C)cn2)ccc1S(C)(=O)=O	0.029447
rxn:2:69210:71823	CCc1nn(C2CCCCN2C)c(NC(C)c2nc3c(s2)CCCC3)c1C	0.029421
rxn:2:112040:113185	c1ccc(CN2CCC[C@H]2CNc2nc(-c3cnccn3)ns2)cc1	0.029413
rxn:2:121310:102923	CC(NC1CN(Cc2ccsc2)C1)c1cccc(-c2cncnc2)c1	0.029408
rxn:2:121310:76520	CC(NC1CN(Cc2ccsc2)C1)c1cccc(-c2ncccn2)c1	0.029408
rxn:2:121310:139895	CC(NC1CN(Cc2ccsc2)C1)c1ccnc(-c2ccncc2)c1	0.029408
rxn:2:134512:87143	COCc1c(CNC(C)CCc2cnsc2)sc2ncc(C)n12	0.029402
rxn:2:134864:65911	Cn1cnc2cncc(NC3CCC(OCc4ccccc4)COC3)c21	0.029396
rxn:2:67357:159032	CS(=O)(=O)c1ccc2c(c1)C(NC1CC3CCC(C1)C31SCCS1)CCO2	0.029386
rxn:2:67357:84306	COc1cc(OC)c2c(c1)C(NC1CC3CCC(C1)C31SCCS1)CCO2	0.029384
rxn:2:67357:137444	COc1cc2c(cc1OC)C(NC1CC3CCC(C1)C31SCCS1)CCO2	0.029384
rxn:2:67357:128034	COc1ccc(OC)c2c1OCCC2NC1CC2CCC(C1)C21SCCS1	0.029384
rxn:2:121310:74733	CC(NC1CN(Cc2ccsc2)C1)c1cccc(-c2cnn(C)c2)c1	0.029380
rxn:2:121310:138466	CC(NC1CN(Cc2ccsc2)C1)c1cccc(-c2ccnn2C)c1	0.029380
rxn:2:121310:118529	CC(NC1CN(Cc2ccsc2)C1)c1cccc(-c2nccn2C)c1	0.029380
rxn:2:149062:99378	COc1cccc(C(C)N[C@@H]2CCN(c3ncnc4ccccc34)C2)c1	0.029378
rxn:2:125250:118131	Cc1cnc(C2CC(NC(C)COc3c[nH]c4ccccc34)C2)s1	0.029377
rxn:2:108340:66368	CC(CNC1CCCc2c1ccc(=O)n2C)c1cccc2ccccc12	0.029374
rxn:2:107201:162733	Cc1csc(C(C)(C)NC(C)c2ccc(-c3ncc[nH]c3=O)cn2)n1	0.029371
rxn:2:112333:151174	COc1ccc2cc(C(C)NCc3nc(=O)[nH][nH]3)ccc2c1C	0.029368
rxn:2:122841:136900	COc1cccc(C(Nc2ccc(OC3(C)COC3)cc2)C2CCCO2)c1	0.029363
rxn:2:139592:131321	CCN1CCc2nc(NC(C)c3ccc(-c4cnc[nH]4)cn3)sc2C1	0.029360
rxn:2:99382:74191	COc1ccnc(C(NC2CCC(N3CCc4ccccc4C3)C2)C2CC2)c1	0.029358
rxn:2:116614:139723	CC(CC(c1ccco1)N1CCCCC1)Nc1cccn([C@H]2C[C@H]2F)c1=O	0.029348
rxn:2:116614:72869	CCC(Nc1cccn([C@H]2C[C@H]2F)c1=O)c1ncc(-c2ccco2)o1	0.029347
rxn:2:71738:103571	Cc1cc2nc(CNC(C)c3cc4c(s3)CCCC4)[nH]c2cc1C	0.029346
rxn:2:137204:94554	COc1ccc(C2CC(Nc3cc(-c4nnn(C)n4)ccc3C)C2)cc1	0.029345
rxn:2:145656:76082	Cc1cccc(C(C)NCCc2nc3c(C)cccc3c(=O)n2C)c1C	0.029345
rxn:2:122520:73581	COC1(c2ccc(NC(c3cccc(C4CC4)c3)C3CC3)cc2)COC1	0.029345
rxn:2:133867:105764	CCCCC1CC(NC(C)CCc2c[nH]c3cccc(C)c23)C1	0.029341
rxn:2:90440:100968	CCSCC(Nc1ccc2c(C)nsc2c1)c1ccccc1	0.029340
rxn:2:69605:76082	COc1cc(C)nc2cc(NC(C)c3cccc(C)c3C)ccc12	0.029338
rxn:2:75919:76082	COc1cc(C)nc2ccc(NC(C)c3cccc(C)c3C)cc12	0.029338
rxn:2:122841:98763	CC1(Oc2ccc(NC(c3ccccc3)C3CCSCC3)cc2)COC1	0.029332
rxn:2:123736:67395	CC(C)(C)c1cc(N2CCCC(NC3CC(c4nc(C5CC5)no4)C3)C2)[nH]n1	0.029330
rxn:2:112040:66693	O=S(=O)(c1ccccc1)C1CC(Nc2nc(-c3cnccn3)ns2)C1	0.029327
rxn:2:72076:78148	CCC1CCC(CC(C)NCCn2c(C)nnc2C2CCCC2)CC1	0.029319
rxn:2:114503:109459	CCC(CC1CCCC1)NCC1CCC(c2nnc(C)n2CC)CC1	0.029319
rxn:2:114503:138952	CCn1c(C)nnc1C1CCC(CNC(C)CCC2CCCC2)CC1	0.029319
rxn:2:76748:78148	CCC1CCC(CC(C)NC[C@H]2CC[C@H](c3nnc(C)o3)CC2)CC1	0.029316
rxn:2:68305:78148	CCC1CCC(CC(C)NCC2CCC(c3nc(C)no3)CC2)CC1	0.029316
rxn:2:82261:66379	CCc1cc(OC)nc(C(C)Nc2ccc(N3CCOCC3)cc2CC)c1	0.029315
rxn:2:101341:66379	CCc1cc(OC)nc(C(C)Nc2ccc(N3CCOCC3)c(CC)c2)c1	0.029315
rxn:2:121310:67691	CC(NC1CN(Cc2ccsc2)C1)c1cccc(-c2ccc[nH]2)c1	0.029306
rxn:2:121310:68311	CC(NC1CN(Cc2ccsc2)C1)c1c[nH]c(-c2ccccc2)c1	0.029306
rxn:2:112333:168901	Cc1ccc(C(NCc2nc(=O)[nH][nH]2)c2sccc2C)cc1C	0.029304
rxn:2:68512:94554	COc1ccc(C2CC(NC(C)CCc3ccc4c(c3)OCCO4)C2)cc1	0.029294
rxn:2:121310:143457	Cc1nnc(-c2cccc(C(C)NC3CN(Cc4ccsc4)C3)c2)o1	0.029293
rxn:2:144340:72692	CC(CCCN1CCCC1)NC(C)c1cc(=O)[nH]c(-c2ccccn2)n1	0.029292
rxn:2:123275:74278	COc1cccc2c1CCCC2Nc1ccc(SC23CC(C2)C3)cc1	0.029286
rxn:2:102040:70439	O=c1[nH]nc(N2CCC(NC3CC4OC(C3)C3CC43)C2)c(=O)[nH]1	0.029278
rxn:2:65970:127629	CCN1CCCc2cc(NC3CCOc4ccc(OC(C)C)cc43)ccc21	0.029268
rxn:2:123151:71823	Cc1cccc2cc(NC(C)c3nc4c(s3)CCCC4)ccc12	0.029264
rxn:2:79431:91066	COc1ccc(Oc2ccccc2)cc1NC1COc2ccsc21	0.029262
rxn:2:75107:74191	COc1ccnc(C(Nc2ccc3c(c2)CN(CC2CC2)CC3)C2CC2)c1	0.029260
rxn:2:133149:74191	COc1ccnc(C(Nc2cccc3c2CCN(CC2CC2)C3)C2CC2)c1	0.029260
rxn:2:73849:118090	Cc1ccc2cc(NC3CC(C4(C)CCC4)n4nccc43)cnc2c1	0.029257
rxn:2:66656:165896	c1ccc(-c2ccc3c(c2)CCC3N[C@H]2C[C@H](Cn3cccn3)C2)nc1	0.029254
rxn:2:66656:153235	c1cncc(-c2ccc3c(c2)CCC3N[C@H]2C[C@H](Cn3cccn3)C2)c1	0.029254
rxn:2:66656:147215	c1cncc(-c2ccc3c(c2)C(N[C@H]2C[C@H](Cn4cccn4)C2)CC3)c1	0.029254
rxn:2:112668:113162	CC(NC12CC(c3nccs3)(C1)C2)c1ccc(OCC2CC2(F)F)cc1	0.029246
rxn:2:112333:170499	Cc1cc(-c2ccsc2)cc(C)c1C(C)NCc1nc(=O)[nH][nH]1	0.029246
rxn:2:112333:153395	Cc1ccc(C(NCc2nc(=O)[nH][nH]2)c2ccncc2)cc1C	0.029239
rxn:2:131385:142021	CCCC(Nc1cc(Cc2ccc(C)cc2)ncn1)c1ncco1	0.029237
rxn:2:87979:125321	COc1nc(NC(C)c2ccnc(C(C)(C)F)c2)nc2[nH]cc(C)c12	0.029234
rxn:2:66656:84447	c1cnn(C[C@H]2C[C@H](NC(c3ncc[nH]3)c3ncc[nH]3)C2)c1	0.029229
rxn:2:118626:67395	CC1CC(NC2CC(c3nc(C4CC4)no3)C2)C(C)N(Cc2ccccc2)C1	0.029223
rxn:2:75765:119402	Cc1cc(NC(C)c2ccc(C(C)(C)C)cn2)cc2cccnc12	0.029218
rxn:2:66656:150276	Cc1oncc1-c1ccc2c(c1)C(N[C@H]1C[C@H](Cn3cccn3)C1)CC2	0.029216
rxn:2:157350:118010	Cc1cc(N2CCC(CNC3CCc4c[nH]cc43)CC2)n2ncnc2c1	0.029212
rxn:2:114503:127604	CCn1c(C)nnc1C1CCC(CNC(C)CC2CCC(F)(F)C2)CC1	0.029212
rxn:2:112040:78351	Cc1ccc(OCC2CC(Nc3nc(-c4cnccn4)ns3)C2)cc1	0.029208
rxn:2:112040:73313	Cc1cccc(OCC2CC(Nc3nc(-c4cnccn4)ns3)C2)c1	0.029208
rxn:2:112040:109108	Cc1ccccc1OCC1CC(Nc2nc(-c3cnccn3)ns2)C1	0.029208
rxn:2:81887:129273	CCc1c(NC(C)c2csc(COC)n2)nc(N2CCOCC2)[nH]c1=O	0.029208
rxn:2:81887:87694	CCc1c(NC2CCCCC2c2cnn(C)c2)nc(N2CCOCC2)[nH]c1=O	0.029201
rxn:2:123758:70439	CSc1ccnc(N2CCC(NC3CC4OC(C3)C3CC43)C2)n1	0.029200
rxn:2:65970:110852	CCN1CCCc2cc(NC3CCCCc4cc(C)ccc43)ccc21	0.029199
rxn:2:65970:83189	CCN1CCCc2cc(NC3CCCCc4c(C)cccc43)ccc21	0.029199
rxn:2:113037:73581	Cc1ncc(NC(c2cccc(C3CC3)c2)C2CC2)c(OC2(C)COC2)n1	0.029198
rxn:2:123758:92418	CSc1ccnc(N2CCC(NC3CCCc4snnc43)C2)n1	0.029196
rxn:2:112668:167244	c1ccc2c3c(sc2c1)C(NC12CC(c4nccs4)(C1)C2)CCC3	0.029196
rxn:2:132190:67395	Cc1nc2ccc(CNC3CC(c4nc(C5CC5)no4)C3)cc2nc1C	0.029194
rxn:2:129054:138146	CCC(Cc1cccnc1)NC1(c2ccc(OC)c(OC)c2)CCCC1	0.029192
rxn:2:140730:135594	CC(C)(C)C1CCC2(CC1)CC(Nc1ccnc3ccsc13)CCO2	0.029184
rxn:2:135338:156477	COc1cc(C)c2[nH]c3c(c2c1)CCC3Nc1cnnc(SC)c1	0.029180
rxn:2:68182:144543	CSc1cnc(-c2ccc(C(C)N[C@@H]3CCN(CC(C)C)C3)s2)nc1	0.029178
rxn:2:68182:142664	CSc1cnc(-c2ccc(C(C)N[C@@H]3CCN(CC(C)C)C3)s2)cn1	0.029178
rxn:2:114756:73581	c1cc(C2CC2)cc(C(Nc2ccc(N3CC4(COC4)C3)cc2)C2CC2)c1	0.029168
rxn:2:134864:117510	Cc1ccc(C(CN2CCCCC2)Nc2cncc3ncn(C)c23)cc1	0.029168
rxn:2:85751:87143	CCC(C)n1c(NC(C)CCc2cnsc2)nc2ccccc21	0.029164
rxn:2:135338:154807	CSc1cc(NC(c2ccc3[nH]c(=O)oc3c2)C(C)(C)C)cnn1	0.029160
rxn:2:128412:66368	CCC1CCCCN1c1ccc(NC2CCCc3c2ccc(=O)n3C)cc1C	0.029157
rxn:2:102205:131175	Cc1csc(C(NCC2CC2CN2CCc3ccccc3C2)C2CC2)c1	0.029141
rxn:2:114503:97249	CCC(CC1CCOCC1)NCC1CCC(c2nnc(C)n2CC)CC1	0.029131
rxn:2:67692:78148	CCC1CCC(CC(C)NCCn2c(C)nnc2C2CCOCC2)CC1	0.029131
rxn:2:137233:132476	Cc1cc(C(C)Nc2c(C3CCC3)c(C)nn2CC(C)C)sc1C	0.029128
rxn:2:112040:131043	Cc1ccc(OCC2CC(Nc3nc(-c4cnccn4)ns3)C2)nc1	0.029123
rxn:2:112040:83605	Cc1ccnc(OCC2CC(Nc3nc(-c4cnccn4)ns3)C2)c1	0.029123
rxn:2:73885:71823	Cc1cc(C)c2cc(NC(C)c3nc4c(s3)CCCC4)ccc2n1	0.029121
rxn:2:139592:70209	CCN1CCc2nc(NC(C)c3ccc(-c4cnsc4)cn3)sc2C1	0.029116
rxn:2:139592:86408	CCN1CCc2nc(NC(C)c3ccc(-c4nccs4)cn3)sc2C1	0.029116
rxn:2:88148:93200	CCC(C)Oc1ccc2nc(NC(C)c3cc[nH]c(=O)c3)sc2c1	0.029113
rxn:2:116614:148705	COc1ccc2c(C(C)Nc3cccn([C@H]4C[C@H]4F)c3=O)nccc2c1	0.029103
rxn:2:116614:154798	COc1ccc2ccnc(C(C)Nc3cccn([C@H]4C[C@H]4F)c3=O)c2c1	0.029103
rxn:2:131586:134526	CC(Nc1ncnc2c1ncn2C(C)(C)C)c1cc2c([nH]c1=O)CCC2	0.029096
rxn:2:131406:134526	CC(Nc1ncnc2c1cnn2C(C)(C)C)c1cc2c([nH]c1=O)CCC2	0.029096
rxn:2:132418:98268	Cc1cc(C(C)(C)C)cc2c1OCC2Nc1ncnc2[nH]cc(C)c12	0.029084
rxn:2:129548:84770	CCc1n[nH]c2sc(CNC3CC(c4ccccc4)N(C)C3)c(C)c12	0.029078
rxn:2:71223:118131	Cc1cnc(C2CC(NC(c3cc(C)c(C)cc3C)C(C)(C)C)C2)s1	0.029059
rxn:2:135259:160053	CSc1ccc(NC2CCN(c3ncnc4c3cnn4C)CC2)cc1	0.029057
rxn:2:97107:125732	CCC(Nc1cc(-c2ccn(C)n2)ccn1)c1cc(C)cc(OC)c1	0.029056
rxn:2:105889:125732	CCC(Nc1cc(-c2cnn(C)c2)ccn1)c1cc(C)cc(OC)c1	0.029056
rxn:2:66656:162515	c1cnn(C[C@H]2C[C@H](NC3CCOc4cc(-c5ccoc5)ccc43)C2)c1	0.029052
rxn:2:79417:80762	Cc1ccc2c(c1)C(C)CCC2NCC(F)(F)c1cnc2cnccn12	0.029050
rxn:2:86070:134526	Cc1nc2c(NC(C)c3cc4c([nH]c3=O)CCC4)ncnc2n1C1CC1	0.029047
rxn:2:78716:82225	Cc1nc(NC(C)c2csc(CN3CCCC(C)C3)n2)ncc1S(C)(=O)=O	0.029047
rxn:2:132308:82225	Cc1ncc(S(C)(=O)=O)c(NC(C)c2csc(CN3CCCC(C)C3)n2)n1	0.029047
rxn:2:109708:80762	Cc1ccc2c(c1)C(C)CCC2NCc1cncc(-c2cnn(C)c2)c1	0.029046
rxn:2:68645:80762	Cc1ccc2c(c1)C(C)CCC2NCc1ccc(-c2cnn(C)n2)cc1	0.029046
rxn:2:77114:134526	CC(Nc1ncnc2c1ncn2C1CCC1)c1cc2c([nH]c1=O)CCC2	0.029045
rxn:2:67357:102966	c1cc2c(cc1C1CC1)C(NC1CC3CCC(C1)C31SCCS1)CCO2	0.029040
rxn:2:114928:113962	Cc1csc(-c2nnc(NC3CCCCCC3N3CCCCCC3)o2)c1	0.029039
rxn:2:114928:86110	Cc1csc(-c2nnc(NC3c4cc5c(cc4CC3C)CCC5)o2)c1	0.029038
rxn:2:116614:101423	CCC(C(Nc1cccn([C@H]2C[C@H]2F)c1=O)c1ccccc1C)S(C)(=O)=O	0.029037
rxn:2:140408:96141	CC(Nc1cccnc1N1CCC(F)C1)c1cccc(-n2cccn2)c1	0.029037
rxn:2:138983:134526	CC(C)c1cn(C)c2ncnc(NC(C)c3cc4c([nH]c3=O)CCC4)c12	0.029033
rxn:2:79044:96141	Cc1ccccc1N1CCC(NC(C)c2cccc(-n3cccn3)c2)C1	0.029023
rxn:2:68287:96141	Cc1ccc(N2CCC(NC(C)c3cccc(-n4cccn4)c3)C2)cc1	0.029023
rxn:2:135117:96141	Cc1cccc(N2CCC(NC(C)c3cccc(-n4cccn4)c3)C2)c1	0.029023
rxn:2:113102:125321	Cc1cc(C)c2c(NC(C)c3ccnc(C(C)(C)F)c3)ncnc2c1	0.029022
rxn:2:99496:125321	Cc1ccc(C)c2c(NC(C)c3ccnc(C(C)(C)F)c3)ncnc12	0.029022
rxn:2:107561:71205	CCCSc1cnc(NC(C)CCC2(C3CCC3)COC2)s1	0.029020
rxn:2:79495:67585	CC(NCCC1CC1c1cn(C)cn1)c1cccc(OC2CCCC2)c1	0.029020
rxn:2:66656:159692	c1csc(-c2ccc3c(c2)CCC3N[C@H]2C[C@H](Cn3cccn3)C2)c1	0.029018
rxn:2:118713:93326	COc1ccccc1C(C)Nc1ccc(-n2cnc(C)c2)c(OC)c1	0.029017
rxn:2:163191:134947	Cc1cc2c(s1)CCCC2N[C@H]1CCN(c2ncnc3ccccc23)C1	0.029016
rxn:2:68182:155096	CCc1nc(C)c(-c2ccc(C(C)N[C@@H]3CCN(CC(C)C)C3)s2)s1	0.029016
rxn:2:149062:84719	CCc1cccc(C(C)N[C@@H]2CCN(c3ncnc4ccccc34)C2)c1	0.029013
rxn:2:97174:102302	CCCC(Nn1sc2ccccc2c1=O)c1ccc(COC)cc1	0.029010
rxn:2:97507:66379	CCCc1c(NC(C)c2cc(CC)cc(OC)n2)nc(N(C)C)[nH]c1=O	0.028998
rxn:2:75484:118131	CCC(C)c1nnc2ccc(CNC3CC(c4ncc(C)s4)C3)cn12	0.028993
rxn:2:81887:116608	CCc1c(NC(C)c2ncc(OC)nc2C)nc(N2CCOCC2)[nH]c1=O	0.028988
rxn:2:114928:115902	Cc1csc(-c2nnc(NC3CCC(CC4CC4)n4nccc43)o2)c1	0.028988
rxn:2:97174:137302	Cc1ccc(C(C)N2CCC(Nn3sc4ccccc4c3=O)C(C)C2)o1	0.028986
rxn:2:116482:132476	Cc1cc(C(C)Nc2c(C3CC3)c(C)nn2CC2CC2(F)F)sc1C	0.028981
rxn:2:107076:125321	CC(C)c1n[nH]c2ncnc(NC(C)c3ccnc(C(C)(C)F)c3)c12	0.028979
rxn:2:112333:146225	Cc1nc(-c2ccc(C)n2C)sc1C(C)NCc1nc(=O)[nH][nH]1	0.028979
rxn:2:122841:121598	CC1(Oc2ccc(NC(c3cccc(S(C)(=O)=O)c3)C3CC3)cc2)COC1	0.028977
rxn:2:81313:134526	Cc1nc2c(NC(C)c3cc4c([nH]c3=O)CCC4)ncnc2n1C(C)C	0.028970
rxn:2:122841:106722	Cc1ccc(C(Nc2ccc(OC3(C)COC3)cc2)C2CCC2)cc1C	0.028967
rxn:2:122841:96279	Cc1cc(C)cc(C(Nc2ccc(OC3(C)COC3)cc2)C2CCC2)c1	0.028967
rxn:2:122841:82694	Cc1cccc(C)c1C(Nc1ccc(OC2(C)COC2)cc1)C1CCC1	0.028967
rxn:2:114893:99881	CC(C)Cn1nnnc1-c1ccnc(NC2C[C@H](C)c3ccccc32)c1	0.028967
rxn:2:81263:112206	CCC(Nc1cncc(CSC)c1)C1CCN(C2CCCCC2)CC1	0.028965
rxn:2:123275:83331	CCc1cc(N2CCC(Nc3ccc(SC45CC(C4)C5)cc3)CC2)ncn1	0.028965
rxn:2:123275:120561	CCc1cnc(N2CCC(Nc3ccc(SC45CC(C4)C5)cc3)CC2)nc1	0.028965
rxn:2:97174:67998	COc1ccc(SC2CCCC2Nn2sc3ccccc3c2=O)cc1	0.028958
rxn:2:130692:73581	CC1(c2ccc(CNC(c3cccc(C4CC4)c3)C3CC3)cc2)COC1	0.028955
rxn:2:75765:87947	CCC(Cc1cccc(OC)c1)Nc1cc(C)c2ncccc2c1	0.028954
rxn:2:122781:76082	Cc1cc(NC(C)c2cccc(C)c2C)ccc1-n1cccc1	0.028953
rxn:2:110168:155128	CCOc1ncccc1-c1cccc2c1CCC2NCC1(F)CC(F)(F)C1	0.028951
rxn:2:65970:78367	CCN1CCCc2cc(NC3CCCCc4cc(OC)ccc43)ccc21	0.028947
rxn:2:102258:123102	CSc1ccccc1CCC(NC1CC(n2cncn2)C1)C1CCC1	0.028937
rxn:2:136522:155128	CCOc1ncccc1-c1cccc2c1CCC2NC1(CC)CCCC1	0.028935
rxn:2:83907:67395	c1cc(-c2ccc(CNC3CC(c4nc(C5CC5)no4)C3)cn2)cs1	0.028930
rxn:2:114052:91066	CCc1cncc(-n2ncc(SC)c2NC2COc3ccsc32)c1	0.028926
rxn:2:82126:125936	CC(Nc1cncc(C(C)(F)F)c1)c1cccc(-c2ccccn2)n1	0.028923
rxn:2:95402:66192	CN1CC(CNC2CCc3ccc4c(c32)CCC4)N(c2ccccc2)C(C)(C)C1	0.028916
rxn:2:126968:96141	CC(NC1CCN(c2ccccc2)CC1)c1cccc(-n2cccn2)c1	0.028915
rxn:2:104774:96141	CC(NC1CCCN(c2ccccc2)C1)c1cccc(-n2cccn2)c1	0.028915
rxn:2:134864:140726	Cn1cnc2cncc(NC3CC4CCCCCN4c4ccccc43)c21	0.028912
rxn:2:72786:71294	Cc1nc2c(NC(C)c3c[nH]c(=O)[nH]c3=O)ncnc2n1C	0.028911
rxn:2:103436:94554	COc1ccc(C2CC(NCC(C)(C)Cc3ccc4c(c3)OCO4)C2)cc1	0.028908
rxn:2:118512:154155	Cc1ncn(C)c1NC1COc2ccc(-c3cnn(S(C)(=O)=O)c3)cc21	0.028907
rxn:2:133365:154155	Cc1c(NC2COc3ccc(-c4cnn(S(C)(=O)=O)c4)cc32)ncn1C	0.028907
rxn:2:72786:83374	CCCc1ccc(C(Nc2ncnc3c2nc(C)n3C)C(C)C)cc1	0.028904
rxn:2:129548:124871	CCc1n[nH]c2sc(CNC3CCOCC3c3ccccc3)c(C)c12	0.028900
rxn:2:154691:118131	Cc1ccc2cc(C(C)NC3CC(c4ncc(C)s4)C3)c(=O)n(C)c2c1	0.028898
rxn:2:79516:118090	Cc1nonc1Cn1cc(NC2CC(C3(C)CCC3)n3nccc32)nn1	0.028891
rxn:2:151737:132476	Cc1cc(C(C)Nc2ncnn2-c2nccc(C)c2C2CC2)sc1C	0.028888
rxn:2:154196:106386	Cc1cnc(-n2nc(C)c(C3CC3)c2NC(C)c2cncs2)c(C)c1	0.028888
rxn:2:154196:115044	Cc1cnc(-n2nc(C)c(C3CC3)c2NC(C)c2ccns2)c(C)c1	0.028888
rxn:2:134548:76082	CCOc1cc(NC(C)c2cccc(C)c2C)ccc1-n1cnnc1	0.028883
rxn:2:122841:109820	COc1cccc(C2CCC(Nc3ccc(OC4(C)COC4)cc3)CC2)c1	0.028879
rxn:2:111401:111998	COc1nc2cc(NC3CCCc4c3ccc(C)c4C)ccc2s1	0.028875
rxn:2:103655:76082	COc1cc(NC(C)c2cccc(C)c2C)ccc1-c1cnn(C)c1	0.028866
rxn:2:99298:76082	COc1ccc(NC(C)c2cccc(C)c2C)cc1-c1cnn(C)c1	0.028866
rxn:2:69597:147610	COc1cccc(-c2cnn3c(C)c(C(C)N[C@H]4CC[C@@H]4C)cnc23)c1	0.028865
rxn:2:85702:147610	COc1cccc(-c2cnn3c(C)c(C(C)N[C@@H]4CC[C@@H]4C)cnc23)c1	0.028865
rxn:2:90411:147610	COc1cccc(-c2cnn3c(C)c(C(C)N[C@@H]4CC[C@H]4C)cnc23)c1	0.028865
rxn:2:139211:147610	COc1cccc(-c2cnn3c(C)c(C(C)NC4CCC4C)cnc23)c1	0.028865
rxn:2:140590:147610	COc1cccc(-c2cnn3c(C)c(C(C)N[C@H]4CC[C@H]4C)cnc23)c1	0.028865
rxn:2:90440:117674	Cc1nsc2cc(NC3CC(c4nc5c(s4)CCCC5)C3)ccc12	0.028865
rxn:2:114893:114252	CCC(Nc1cc(-c2nnnn2CC(C)C)ccn1)c1cn[nH]c1	0.028858
rxn:2:112040:101737	COc1ccc2c(c1)OCCCCC2Nc1nc(-c2cnccn2)ns1	0.028858
rxn:2:125843:76082	COc1cc(NC(C)c2cccc(C)c2C)ccc1-c1nnc(C)o1	0.028856
rxn:2:112075:76082	COc1cc(NC(C)c2cccc(C)c2C)ccc1-c1nc(C)no1	0.028856
rxn:2:67357:104533	CC(CCN(C)Cc1ccncc1)NC1CC2CCC(C1)C21SCCS1	0.028855
rxn:2:129548:95004	CCc1n[nH]c2sc(CNC3CCC(c4ccccc4)C3)c(C)c12	0.028850
rxn:2:129548:96906	CCc1n[nH]c2sc(CNC3CC[C@H](c4ccccc4)C3)c(C)c12	0.028850
rxn:2:129548:115578	CCc1n[nH]c2sc(CNC3CC[C@@H](c4ccccc4)C3)c(C)c12	0.028850
rxn:2:129548:141567	CCc1n[nH]c2sc(CNC3CCCC3c3ccccc3)c(C)c12	0.028850
rxn:2:156652:67202	CCC(NC1CC(C)(C)Cc2c1ccn2-c1nccs1)c1cnco1	0.028850
rxn:2:86656:76082	COc1cc(NC(C)c2cccc(C)c2C)ccc1-n1cccc1	0.028847
rxn:2:135099:76082	COc1ccc(NC(C)c2cccc(C)c2C)cc1-n1cccc1	0.028847
rxn:2:78066:80762	Cc1cncc(-n2cc(CNC3CCC(C)c4cc(C)ccc43)cn2)c1	0.028841
rxn:2:81887:77910	CCCc1ccnc(C(C)Nc2nc(N3CCOCC3)[nH]c(=O)c2CC)c1	0.028836
rxn:2:67357:131320	Cc1cc(C)c2c(c1)C(NC1CC3CCC(C1)C31SCCS1)CCC2	0.028831
rxn:2:67357:135255	Cc1cc(C)c2c(c1)CCCC2NC1CC2CCC(C1)C21SCCS1	0.028831
rxn:2:67357:132034	Cc1cc2c(cc1C)C(NC1CC3CCC(C1)C31SCCS1)CCC2	0.028831
rxn:2:132418:89750	COc1cc(C(C)Nc2ncnc3[nH]cc(C)c23)ccc1C(C)(C)C	0.028828
rxn:2:132418:74232	COc1ccc(C(C)Nc2ncnc3[nH]cc(C)c23)cc1C(C)(C)C	0.028828
rxn:2:146350:132476	Cc1cnc(-n2cc(CNC(C)c3cc(C)c(C)s3)c(C)n2)c(C)c1	0.028826
rxn:2:104438:162733	CC(NCc1ccnn1C(C)C)c1ccc(-c2ncc[nH]c2=O)cn1	0.028825
rxn:2:112668:166809	Cc1cncc(-c2cnc(C(C)NC34CC(c5nccs5)(C3)C4)s2)c1	0.028822
rxn:2:112668:158569	Cc1ncccc1-c1cnc(C(C)NC23CC(c4nccs4)(C2)C3)s1	0.028822
rxn:2:112668:121446	Cc1ncc(-c2ccc(C(C)NC34CC(c5nccs5)(C3)C4)s2)cn1	0.028822
rxn:2:72099:92418	c1nc(N2CCC(NC3CCCc4snnc43)CC2)c2[nH]nnc2n1	0.028821
rxn:2:129975:118090	Cc1ccc(-c2nnc(NC3CC(C4(C)CCC4)n4nccc43)o2)cc1	0.028818
rxn:2:127892:118090	Cc1cccc(-c2nnc(NC3CC(C4(C)CCC4)n4nccc43)o2)c1	0.028818
rxn:2:133298:118090	Cc1ccccc1-c1nnc(NC2CC(C3(C)CCC3)n3nccc32)o1	0.028818
rxn:2:92110:118090	COc1ccc2c(c1)cc(C)n2NC1CC(C2(C)CCC2)n2nccc21	0.028815
rxn:2:159872:71823	Cc1c(C)c2cc(NC(C)c3nc4c(s3)CCCC4)ccc2[nH]c1=O	0.028809
rxn:2:161257:71823	Cc1[nH]c(=O)c2ccc(NC(C)c3nc4c(s3)CCCC4)cc2c1C	0.028809
rxn:2:66656:80572	CC(C)Cc1ccc2c(c1)CCCCC2N[C@H]1C[C@H](Cn2cccn2)C1	0.028804
rxn:2:114503:141454	CCn1c(C)nnc1C1CCC(CNC(CC2CC2)CC2CC2)CC1	0.028801
rxn:2:147092:101906	Cc1ccc2nc(-c3cn[nH]c3NC3CCC4(COC4)C3)[nH]c2c1	0.028801
rxn:2:121310:70287	Cc1cccc(C(NC2CN(Cc3ccsc3)C2)c2ccsc2)c1	0.028801
rxn:2:144340:78575	CCC(C)CCCC(C)NC(C)c1cc(=O)[nH]c(-c2ccccn2)n1	0.028798
rxn:2:149876:132476	Cc1cc(C(C)Nc2ncnc3c(C4CCCC4)c(C)nn23)sc1C	0.028795
rxn:2:132418:91315	CCC(CCc1ccc(C)c(C)c1)Nc1ncnc2[nH]cc(C)c12	0.028792
rxn:2:81130:166390	Cc1cncc(-c2ccc3c(c2)CCCC3NC(C)Cn2cccn2)c1	0.028787
rxn:2:84623:166390	Cc1cncc(-c2ccc3c(c2)CCCC3N[C@@H](C)Cn2cccn2)c1	0.028787
rxn:2:101259:166390	Cc1cncc(-c2ccc3c(c2)CCCC3N[C@H](C)Cn2cccn2)c1	0.028787
rxn:2:118713:78224	COc1cc(NC(C)c2c(C)oc(C)c2C)ccc1-n1cnc(C)c1	0.028782
rxn:2:123275:122746	COc1ccc(N2CCC(Nc3ccc(SC45CC(C4)C5)cc3)CC2)cn1	0.028767
rxn:2:116614:88176	CC1CCC(OCC(Nc2cccn([C@H]3C[C@H]3F)c2=O)c2ccco2)CC1	0.028766
rxn:2:127904:134526	CC(NCc1cn(C2CCCOC2)nc1C1CC1)c1cc2c([nH]c1=O)CCC2	0.028754
rxn:2:132263:78603	CC1CN(C2CCCCCC2)CCC1NC1CC(c2ccccc2)C1C	0.028751
rxn:2:102205:67965	c1ccc2c(c1)CCN(CC1CC1CNC1Cc3cnoc3C3(CCCC3)C1)C2	0.028747
rxn:2:167246:93200	CCOc1nc2ccc(OC)cc2cc1NC(C)c1cc[nH]c(=O)c1	0.028746
rxn:2:164736:130954	Cc1nc2cc(-c3cn[nH]c3NC3CCC4(CC3)CSC4)ccc2o1	0.028743
rxn:2:123275:76549	CC(Nc1ccc(SC23CC(C2)C3)cc1)c1ccnc2c1cnn2C	0.028743
rxn:2:140037:118998	Cc1cc(C)c2c(c1)C(Nc1nc(C(C)C)nc3cn(C)cc13)CCO2	0.028740
rxn:2:102205:100063	COCc1ccnc(C(C)NCC2CC2CN2CCc3ccccc3C2)c1	0.028739
rxn:2:68182:169927	CCc1cccc(-c2ccc(C(C)N[C@@H]3CCN(CC(C)C)C3)s2)c1	0.028735
rxn:2:117402:168163	Cc1cncnc1-c1ccc(C(C)NC2CCCc3ccsc32)s1	0.028733
rxn:2:131385:99378	COc1cccc(C(C)Nc2cc(Cc3ccc(C)cc3)ncn2)c1	0.028732
rxn:2:87869:118090	Cc1cc(-c2nnc(NC3CC(C4(C)CCC4)n4nccc43)o2)c(C)o1	0.028729
rxn:2:82302:80762	COc1cc(CNC2CCC(C)c3cc(C)ccc32)cc2cnn(C)c12	0.028729
rxn:2:122559:71823	Cc1cc(-n2ncc(CNC(C)c3nc4c(s3)CCCC4)c2C)ncn1	0.028722
rxn:2:142488:130954	c1ccc2[nH]c(-c3ccncc3NC3CCC4(CC3)CSC4)nc2c1	0.028719
rxn:2:67357:94327	CC12CCC(C)(C(NC3CC4CCC(C3)C43SCCS3)C1)C2(C)C	0.028717
rxn:2:69205:80762	CCOc1c(OC)cc(NC2CCC(C)c3cc(C)ccc32)cc1OC	0.028714
rxn:2:119236:160053	Cn1ncc2c(N3CCC(Nc4nnnn4C(C)(C)C)CC3)ncnc21	0.028705
rxn:2:83156:117115	CCc1c(C)sc2nc(C)c(CNC3CCc4c3ccc(C)c4C)n12	0.028698
rxn:2:131385:81881	CCCC(Nc1cc(Cc2ccc(C)cc2)ncn1)c1c[nH]cn1	0.028695
rxn:2:121310:110041	CC(NC1CN(Cc2ccsc2)C1)c1csc(-c2ccsc2)c1	0.028688
rxn:2:121310:92488	CC(NC1CN(Cc2ccsc2)C1)c1cc(-c2ccsc2)cs1	0.028688
rxn:2:121310:107408	CC(NC1CN(Cc2ccsc2)C1)c1ccc(-c2ccsc2)s1	0.028688
rxn:2:121310:85686	CC(NC1CN(Cc2ccsc2)C1)c1csc(-c2cccs2)c1	0.028688
rxn:2:121310:126798	CC(NC1CN(Cc2ccsc2)C1)c1cccc(-c2ccncc2)c1	0.028688
rxn:2:121310:140555	CC(NC1CN(Cc2ccsc2)C1)c1cccc(-c2cccnc2)c1	0.028688
rxn:2:121310:140023	CC(NC1CN(Cc2ccsc2)C1)c1cccc(-c2ccccn2)c1	0.028688
rxn:2:121310:94894	CC(NC1CN(Cc2ccsc2)C1)c1ccnc(-c2ccccc2)c1	0.028688
rxn:2:121310:122735	CC(NC1CN(Cc2ccsc2)C1)c1cc(-c2ccccc2)ccn1	0.028688
rxn:2:148004:93200	Cc1cccc(-c2nc(NC(C)c3cc[nH]c(=O)c3)cc(=O)[nH]2)c1	0.028685
rxn:2:81203:74191	COc1ccnc(C(NCC2CC2CN2Cc3ccccc3C2)C2CC2)c1	0.028682
rxn:2:118713:101777	COc1cc(NC(C)CCc2cnn(C)c2)ccc1-n1cnc(C)c1	0.028681
rxn:2:118713:107559	CCC(CSC1CCOCC1)Nc1ccc(-n2cnc(C)c2)c(OC)c1	0.028680
rxn:2:153634:132476	COc1cnn(-c2ncc(C)cc2C)c1NC(C)c1cc(C)c(C)s1	0.028680
rxn:2:157750:132476	COc1ccncc1-n1nc(C)c(C)c1NC(C)c1cc(C)c(C)s1	0.028680
rxn:2:97158:117115	Cc1ccc2c(c1C)CCC2Nc1ccc2cn(CCN(C)C)nc2c1	0.028675
rxn:2:93419:78148	CCC1CCC(CC(C)NCC2CCC(c3nnc(C)n3C)CC2)CC1	0.028666
rxn:2:130412:87143	Cc1cccc2c1C(C1CC1)CCC2CNC(C)CCc1cnsc1	0.028663
rxn:2:109489:74191	COc1ccnc(C(NCC2CC2CN2CCc3ccccc32)C2CC2)c1	0.028645
rxn:2:157350:117783	Cc1cc(N2CCC(CNC3CCc4cn(C)cc43)CC2)n2ncnc2c1	0.028645
rxn:2:153085:93200	COc1ccc(-c2nc(NC(C)c3cc[nH]c(=O)c3)sc2C)c(C)c1	0.028643
rxn:2:139693:160053	CC(C)Cn1ncnc1NC1CCN(c2ncnc3c2cnn3C)CC1	0.028642
rxn:2:102814:168163	Cc1cncnc1-c1ccc(C(C)NCC2CN(C3CC3)CC(C)(C)N2C)s1	0.028642
rxn:2:149062:109011	c1ccc2c(c1)CC1(CC1)C2N[C@@H]1CCN(c2ncnc3ccccc23)C1	0.028640
rxn:2:113864:138146	CCC(Cc1cccnc1)Nc1ccccc1-c1nnnn1C1CC1	0.028639
rxn:2:122841:97469	Cc1cccc(C(Nc2ccc(OC3(C)COC3)cc2)C2CCCC2)c1	0.028638
rxn:2:122841:119158	Cc1ccc(C(Nc2ccc(OC3(C)COC3)cc2)C2CCCC2)cc1	0.028638
rxn:2:67244:111998	Cc1ccc2c(c1C)CCCC2NCC1CN(c2nccn3nccc23)C1	0.028633
rxn:2:113395:76082	COc1cc(NC(C)c2cccc(C)c2C)ccc1N1CCC(C)CC1	0.028632
rxn:2:73904:155128	CCOc1ncccc1-c1cccc2c1CCC2NC1(C)CCC(F)(F)C1	0.028631
rxn:2:68711:76082	COc1ccc(NC(C)c2cccc(C)c2C)cc1-c1nc(C)n[nH]1	0.028630
rxn:2:116614:108127	Cc1nc(-c2ccco2)ccc1C(C)Nc1cccn([C@H]2C[C@H]2F)c1=O	0.028621
rxn:2:131385:66368	Cc1ccc(Cc2cc(NC3CCCc4c3ccc(=O)n4C)ncn2)cc1	0.028620
rxn:2:144340:141820	CC(CCCC1CCCC1)NC(C)c1cc(=O)[nH]c(-c2ccccn2)n1	0.028616
rxn:2:144340:118255	CCC(CCC1CCCC1)NC(C)c1cc(=O)[nH]c(-c2ccccn2)n1	0.028616
rxn:2:108323:87143	CCC1CCCN(Cc2occc2CNC(C)CCc2cnsc2)C1	0.028615
rxn:2:82018:67395	Cc1ccc(CC(C)(C)CCNC2CC(c3nc(C4CC4)no3)C2)cc1	0.028611
rxn:2:76062:81090	CC(Nc1nnc(-c2cncs2)s1)c1ccc(N2CCN(C)CC2)s1	0.028610
rxn:2:128586:73581	Cc1cc(OC2COC2)ccc1NC(c1cccc(C2CC2)c1)C1CC1	0.028610
rxn:2:137710:118131	Cc1cnc(C2CC(NCc3cn(CCC(C)(C)C)nc3C3CC3)C2)s1	0.028606
rxn:2:103663:91021	CCCCC(Nc1cc(CCC2CCCC2)ncn1)c1cnccn1	0.028604
rxn:2:92948:78148	CCC1CCC(CC(C)NCCn2c(C)nnc2CC2CCC2)CC1	0.028599
rxn:2:129548:84855	CCc1n[nH]c2sc(CNC3CC4c5ccccc5CCC34)c(C)c12	0.028598
rxn:2:112668:109702	CC(C)CCOc1ccc(C(C)NC23CC(c4nccs4)(C2)C3)cc1	0.028598
rxn:2:157350:103045	Cc1cc(N2CCC(CNC3CCc4ccccc43)CC2)n2ncnc2c1	0.028597
rxn:2:129243:66800	CC(NC1CN(Cc2cccn2C)C1)c1cccc(-c2ccsc2)c1	0.028594
rxn:2:121310:75829	CC(NC1CN(Cc2ccsc2)C1)c1cccc(-c2cccn2C)c1	0.028594
rxn:2:76062:79783	CC(Nc1nnc(-c2cncs2)s1)c1ccc(N2CCCCC2)s1	0.028590
rxn:2:84385:78603	CCc1nn(C)c2sc(CNC3CC(c4ccccc4)C3C)c(C)c12	0.028589
rxn:2:72207:113393	CC(NC1CCN(c2ncnc3ccsc23)C1)c1cccc(C2CC2)n1	0.028586
rxn:2:76062:82298	CC(C)c1cc(C(C)Nc2nnc(-c3cncs3)s2)n(C(C)C)n1	0.028584
rxn:2:106544:76082	COc1cc(C)ccc1-n1cc(NC(C)c2cccc(C)c2C)cn1	0.028583
rxn:2:118524:76082	COc1ccc(C)cc1-n1cc(NC(C)c2cccc(C)c2C)cn1	0.028583
rxn:2:113757:76082	COc1cc(-n2cnc(C)c2)ccc1NC(C)c1cccc(C)c1C	0.028583
rxn:2:125300:76082	COc1cc(NC(C)c2cccc(C)c2C)ccc1-n1ccnc1C	0.028583
rxn:2:108445:76082	COc1cc(C)ccc1-n1nccc1NC(C)c1cccc(C)c1C	0.028583
rxn:2:95577:76082	COc1ccccc1-n1nc(C)cc1NC(C)c1cccc(C)c1C	0.028583
rxn:2:118713:70379	COc1cc(NC(C)c2c(C)cccc2C)ccc1-n1cnc(C)c1	0.028583
rxn:2:118713:116063	COc1cc(NC(C)c2ccc(C)cc2C)ccc1-n1cnc(C)c1	0.028583
rxn:2:118713:119174	COc1cc(NC(C)c2cc(C)ccc2C)ccc1-n1cnc(C)c1	0.028583
rxn:2:163191:129406	CC(C)c1nnsc1C(C)N[C@H]1CCN(c2ncnc3ccccc23)C1	0.028577
rxn:2:102205:86744	CCC(NCC1CC1CN1CCc2ccccc2C1)c1cc(OC)ccn1	0.028575
rxn:2:102205:133342	CCC(NCC1CC1CN1CCc2ccccc2C1)c1ccc(OC)cn1	0.028575
rxn:2:102205:99516	CCC(NCC1CC1CN1CCc2ccccc2C1)c1ccnc(OC)c1	0.028575
rxn:2:102205:75336	CCOc1ccnc(C(C)NCC2CC2CN2CCc3ccccc3C2)c1	0.028575
rxn:2:77767:93200	CC(C)Oc1ccc(-c2nonc2NC(C)c2cc[nH]c(=O)c2)cc1	0.028574
rxn:2:163191:71450	CC1CCC(N[C@H]2CCN(c3ncnc4ccccc34)C2)c2sccc21	0.028574
rxn:2:122841:95128	CCCN(C)CC(Nc1ccc(OC2(C)COC2)cc1)c1cccn1C	0.028571
rxn:2:114503:132003	CCCC(NCC1CCC(c2nnc(C)n2CC)CC1)c1cccs1	0.028570
rxn:2:128921:134526	CC(Nc1ncnc2c1nc(N(C)C)n2C)c1cc2c([nH]c1=O)CCC2	0.028569
rxn:2:148014:80762	Cc1ccc2c(c1)C(C)CCC2NCc1cnn(-c2ccn(C)c(=O)c2)c1	0.028569
rxn:2:162629:80762	Cc1ccc2c(c1)C(C)CCC2NCc1cnn(-c2ccc(=O)n(C)c2)c1	0.028569
rxn:2:153620:80762	Cc1ccc2c(c1)C(C)CCC2NCc1cnn(-c2cccn(C)c2=O)c1	0.028569
rxn:2:131385:75225	CCC(Nc1cc(Cc2ccc(C)cc2)ncn1)c1cc(C)ccn1	0.028564
rxn:2:131385:90751	CCC(Nc1cc(Cc2ccc(C)cc2)ncn1)c1ccc(C)cn1	0.028564
rxn:2:139592:162967	CCN1CCc2nc(NC(C)c3cn4cc(C)nc4c(OC)n3)sc2C1	0.028555
rxn:2:68559:107079	CCCSc1ccc(NC(C)CC2(C3CCCCC3)COC2)nn1	0.028554
rxn:2:83883:67395	c1c2c(cc3[nH]c(NC4CC(c5nc(C6CC6)no5)C4)nc13)CCCC2	0.028552
rxn:2:65970:68059	CCN1CCCc2cc(NC(c3ccncc3)c3ccccn3)ccc21	0.028549
rxn:2:65970:133406	CCN1CCCc2cc(NC3CCCc4cc(SC)ccc43)ccc21	0.028548
rxn:2:65970:125299	CCN1CCCc2cc(NC3CCCc4ccc(SC)cc43)ccc21	0.028548
rxn:2:82126:95504	COCC(Nc1cncc(C(C)(F)F)c1)c1cccc2ncccc12	0.028546
rxn:2:133787:112899	c1cnc(-c2nnc(CCNC3CCc4c3ccc3c4CCC3)[nH]2)cn1	0.028545
rxn:2:68429:125321	Cc1c[nH]c2nc(NC(C)c3ccnc(C(C)(C)F)c3)[nH]c(=O)c12	0.028544
rxn:2:90693:67395	CCC1CCCN1CC1(NC2CC(c3nc(C4CC4)no3)C2)CCCCC1	0.028539
rxn:2:147092:85894	Cc1ccc2nc(-c3cn[nH]c3NC3CCC4(CC3)N=N4)[nH]c2c1	0.028539
rxn:2:129548:121208	CCOc1ncc(C(C)NCc2sc3[nH]nc(CC)c3c2C)cn1	0.028538
rxn:2:135338:144861	CSc1cc(NC2CCc3cc(-c4ccccc4)ccc32)cnn1	0.028521
rxn:2:106249:71823	CCc1cccc(C2C(CNC(C)c3nc4c(s3)CCCC4)C2(F)F)c1	0.028518
rxn:2:66656:156385	Cc1ccccc1-c1scnc1C(C)N[C@H]1C[C@H](Cn2cccn2)C1	0.028513
rxn:2:68559:74704	CCCSc1ccc(NC2c3ccccc3CCCCC2(F)F)nn1	0.028503
rxn:2:113557:78603	CC1C(NCCn2nc(-n3ccnc3)ccc2=O)CC1c1ccccc1	0.028500
rxn:2:98301:73581	CC(C)Oc1ccc(NC(c2cccc(C3CC3)c2)C2CC2)cc1	0.028489
rxn:2:69605:71823	COc1cc(C)nc2cc(NC(C)c3nc4c(s3)CCCC4)ccc12	0.028480
rxn:2:134864:83827	CC(Nc1cncc2ncn(C)c12)c1cccn2cnnc12	0.028479
rxn:2:125221:138214	CC(C)c1cccc2c1CCC2Nc1c(C2CC2)c(C2CCC2)nn1C	0.028477
rxn:2:114893:141827	CCC(Nc1cc(-c2nnnn2CC(C)C)ccn1)c1ccncc1	0.028474
rxn:2:84468:125321	CSc1nc2c(NC(C)c3ccnc(C(C)(C)F)c3)ncnc2[nH]1	0.028470
rxn:2:97080:125321	CSc1n[nH]c2ncnc(NC(C)c3ccnc(C(C)(C)F)c3)c12	0.028470
rxn:2:114928:115973	CCC(Nc1nnc(-c2cc(C)cs2)o1)c1ccc(OC)cc1C	0.028469
rxn:2:67357:136955	CSc1cccc2c1OCCC2NC1CC2CCC(C1)C21SCCS1	0.028468
rxn:2:67357:130127	CSc1ccc2c(c1)OCCC2NC1CC2CCC(C1)C21SCCS1	0.028468
rxn:2:67357:117727	CSc1ccc2c(c1)C(NC1CC3CCC(C1)C31SCCS1)CCO2	0.028468
rxn:2:93385:163676	COc1ccc(C(NCc2nc(C)cc(=O)[nH]2)c2ccsc2)cc1C	0.028466
rxn:2:114349:168163	Cc1cncnc1-c1ccc(C(C)NCCC2CN(C)CC(C)(C)CN2C)s1	0.028464
rxn:2:79495:115428	Cn1cnc(C2CC2CCNC2CCCC2c2ccc(C(C)(C)C)cc2)c1	0.028453
rxn:2:103154:156750	CCn1nc(C)c(CNC(C)c2ncc(-c3ccco3)cc2OC)n1	0.028450
rxn:2:98702:91066	CCCC[C@H](NC1COc2ccsc21)c1ccc2[nH]ccc2c1	0.028450
rxn:2:112561:118131	COc1cc(C)c(C(NC2CC(c3ncc(C)s3)C2)C(C)C)cc1OC	0.028450
rxn:2:81471:74191	CCC(CN1CCc2ccccc2C1)NC(c1cc(OC)ccn1)C1CC1	0.028448
rxn:2:104476:74191	COc1ccnc(C(NC(C)CCN2CCc3ccccc3C2)C2CC2)c1	0.028448
rxn:2:139754:74191	CCC(CNC(c1cc(OC)ccn1)C1CC1)N1CCc2ccccc2C1	0.028448
rxn:2:81887:72181	CCOc1cccc(C(C)Nc2nc(N3CCOCC3)[nH]c(=O)c2CC)n1	0.028443
rxn:2:81887:91071	CCc1c(NC(CC)c2cccc(OC)n2)nc(N2CCOCC2)[nH]c1=O	0.028443
rxn:2:81887:75336	CCOc1ccnc(C(C)Nc2nc(N3CCOCC3)[nH]c(=O)c2CC)c1	0.028443
rxn:2:81887:86744	CCc1c(NC(CC)c2cc(OC)ccn2)nc(N2CCOCC2)[nH]c1=O	0.028443
rxn:2:67357:118983	CCC1Oc2c(C)cc(C)cc2C1NC1CC2CCC(C1)C21SCCS1	0.028442
rxn:2:66656:162886	c1cnn(C[C@H]2C[C@H](NC3CCCc4ccc(-c5ncc[nH]5)cc43)C2)c1	0.028440
rxn:2:102205:123527	Cc1ccc(C(NCC2CC2CN2CCc3ccccc3C2)C2CC2)cc1	0.028436
rxn:2:102205:121313	Cc1cccc(C(NCC2CC2CN2CCc3ccccc3C2)C2CC2)c1	0.028436
rxn:2:102205:119686	Cc1ccccc1C(NCC1CC1CN1CCc2ccccc2C1)C1CC1	0.028436
rxn:2:106200:96141	Cc1[nH]c(NC(C)c2cccc(-n3cccn3)c2)nc1C1CCN(C)C1	0.028434
rxn:2:158963:93200	COc1ccc2nc(C3CC3CNC(C)c3cc[nH]c(=O)c3)sc2c1	0.028427
rxn:2:120410:115775	CC(CCCC1CC1)NC(C)CCc1nc(-c2ccccn2)c[nH]1	0.028426
rxn:2:80505:66368	Cc1ccc([C@H](CCC(C)C)NC2CCCc3c2ccc(=O)n3C)cc1C	0.028417
rxn:2:95402:83745	CC(NCC1CN(C)CC(C)(C)N1c1ccccc1)c1ccc(C2CC2)s1	0.028415
rxn:2:135338:142798	CSc1cc(NC(C)c2cccnc2-c2cccc(C)c2)cnn1	0.028413
rxn:2:122841:96516	CCOc1ccc(C(Nc2ccc(OC3(C)COC3)cc2)C2CC2)cc1	0.028413
rxn:2:90440:114841	Cc1nsc2cc(NC(C)CCC3(C4CCCCC4)COC3)ccc12	0.028410
rxn:2:133000:87143	CCc1nn(-c2ccccc2)c(NC(C)CCc2cnsc2)c1C	0.028398
rxn:2:72797:134526	CC(Nc1ncnc2c1ncn2CC1CC1)c1cc2c([nH]c1=O)CCC2	0.028394
rxn:2:88974:132476	Cc1cc(C(C)Nc2c(C3CC3)c(C)nn2C(C)C(C)C)sc1C	0.028394
rxn:2:68182:157206	CC(C)CN1CC[C@@H](NC(C)c2ccc(-c3nn4ccnc4s3)s2)C1	0.028387
rxn:2:118562:93200	COc1ccc(-c2nonc2NC(C)c2cc[nH]c(=O)c2)cc1OC	0.028384
rxn:2:66384:125732	CCC(Nc1cc(-c2n[nH]c(C)n2)ccn1)c1cc(C)cc(OC)c1	0.028374
rxn:2:114928:85567	Cc1csc(-c2nnc(NC(c3nc4c(s3)COCC4)C(C)C)o2)c1	0.028373
rxn:2:67950:118090	Cc1nc(C)c(-c2nnc(NC3CC(C4(C)CCC4)n4nccc43)o2)s1	0.028364
rxn:2:165574:87143	Cc1cc(C(C)(C)C)c2oc(NC(C)CCc3cnsc3)nc2c1	0.028360
rxn:2:115201:103705	CCc1cccc2c1CCCC2Nc1cnc(-n2cccc2)c(C)c1	0.028358
rxn:2:66656:166568	Cc1cncc(-c2cccnc2C(C)N[C@H]2C[C@H](Cn3cccn3)C2)c1	0.028354
rxn:2:81887:100063	CCc1c(NC(C)c2cc(COC)ccn2)nc(N2CCOCC2)[nH]c1=O	0.028349
rxn:2:81887:92712	CCc1c(NC(C)c2ccc(COC)cn2)nc(N2CCOCC2)[nH]c1=O	0.028349
rxn:2:96154:134526	CC(C)Cn1cnc2c(NC(C)c3cc4c([nH]c3=O)CCC4)ncnc21	0.028346
rxn:2:102998:96141	CC(N[C@H]1CCN(Cc2ccccc2)C1)c1cccc(-n2cccn2)c1	0.028344
rxn:2:104694:96141	CC(N[C@@H]1CCN(Cc2ccccc2)C1)c1cccc(-n2cccn2)c1	0.028344
rxn:2:135004:96141	CC(NC1CCN(Cc2ccccc2)C1)c1cccc(-n2cccn2)c1	0.028344
rxn:2:92313:115775	CC(CCCC1CC1)NCC1CCN(CCc2ccccc2)CC1	0.028339
rxn:2:115799:168163	Cc1cncnc1-c1ccc(C(C)NCC2CN(C(C)C)C(C)(C)CN2C)s1	0.028338
rxn:2:102205:85735	CC(C)c1nc(C2CC(NCC3CC3CN3CCc4ccccc4C3)C2)no1	0.028332
rxn:2:71107:94554	COc1ccc(C2CC(N[C@H](CC3CC3)c3ccc4c(c3)OCO4)C2)cc1	0.028331
rxn:2:79745:94554	COc1ccc(C2CC(N[C@@H](CC3CC3)c3ccc4c(c3)OCO4)C2)cc1	0.028331
rxn:2:130307:153276	COCC(NC(C)c1ccc(-c2cncc(OC(C)C)c2)cn1)C1CC1	0.028327
rxn:2:163553:113167	Cc1cnc(C(C)NC(c2cc3c(cc2C)n(C)c(=O)n3C)C(C)C)s1	0.028325
rxn:2:129548:76477	CCc1n[nH]c2sc(CNC3CCO[C@H](c4ccccc4)C3)c(C)c12	0.028323
rxn:2:129548:97068	CCc1n[nH]c2sc(CNC3CCOC(c4ccccc4)C3)c(C)c12	0.028323
rxn:2:129548:141292	CCc1n[nH]c2sc(CNC3CCO[C@@H](c4ccccc4)C3)c(C)c12	0.028323
rxn:2:155852:93200	CC(Nc1nc2ccc(OC3CCCC3)cc2s1)c1cc[nH]c(=O)c1	0.028322
rxn:2:157350:119102	Cc1cc(N2CCC(CNC3CCOc4cocc43)CC2)n2ncnc2c1	0.028321
rxn:2:75933:134526	CCC(C)n1cnc2c(NC(C)c3cc4c([nH]c3=O)CCC4)ncnc21	0.028318
rxn:2:116614:157627	CC(Nc1cccn([C@H]2C[C@H]2F)c1=O)c1ccc(-c2ccco2)[nH]c1=O	0.028315
rxn:2:166860:122025	CCCc1nn(-c2ccnc(C(C)C)c2)cc1NC1CC(C)(C)C1(C)C	0.028313
rxn:2:86636:73581	c1cc(C2CC2)cc(C(Nc2ccc(OC3CCOC3)cc2)C2CC2)c1	0.028311
rxn:2:111923:73581	CC1(Oc2ccccc2NC(c2cccc(C3CC3)c2)C2CC2)COC1	0.028311
rxn:2:122841:124368	CC1(Oc2ccc(NC(c3ccc(C4CC4)cc3)C3CC3)cc2)COC1	0.028311
rxn:2:122841:66175	CC1(Oc2ccc(NC(c3ccccc3C3CC3)C3CC3)cc2)COC1	0.028311
rxn:2:107431:91021	CCCCC(Nc1cc(-c2cnc(C)cn2)ncn1)c1cnccn1	0.028305
rxn:2:122841:97281	CC1(Oc2ccc(NC(c3ccccc3)C3CCCCC3)cc2)COC1	0.028305
rxn:2:114928:98720	CCC(C)C1CCC(Nc2nnc(-c3cc(C)cs3)o2)c2ccnn21	0.028304
rxn:2:114893:78435	CCC(Nc1cc(-c2nnnn2CC(C)C)ccn1)c1cncnc1	0.028300
rxn:2:166860:103657	CCCc1nn(-c2ccnc(C(C)C)c2)cc1NC1CCC12CCN(C)CC2	0.028299
rxn:2:135474:66368	CCCC(C)CN1CCc2ccc(NC3CCCc4c3ccc(=O)n4C)cc21	0.028292
rxn:2:114893:71259	CCC(Nc1cc(-c2nnnn2CC(C)C)ccn1)c1ccccc1	0.028289
rxn:2:114503:89815	CCC(NCC1CCC(c2nnc(C)n2CC)CC1)C1CCOC(C)(C)C1	0.028278
rxn:2:72055:71205	COC(C)(C)c1ccc(CNC(C)CCC2(C3CCC3)COC2)cc1	0.028276
rxn:2:132391:82225	COc1cc(C(C)(C)NC(C)c2csc(CN3CCCC(C)C3)n2)ccn1	0.028275
rxn:2:122841:91152	COc1cccc(C(Nc2ccc(OC3(C)COC3)cc2)C2CC2(F)F)c1	0.028272
rxn:2:79495:75017	Cc1ccc(C(C)NCCC2CC2c2cn(C)cn2)c2ccccc12	0.028272
rxn:2:167185:125321	Cc1nc2ncnc(NC(C)c3ccnc(C(C)(C)F)c3)c2c(C)c1C	0.028267
rxn:2:79495:144451	Cc1nc2nccc(C)c2cc1C(C)NCCC1CC1c1cn(C)cn1	0.028262
rxn:2:92795:96141	CC(NC1CCN(c2ncc[nH]c2=O)C1)c1cccc(-n2cccn2)c1	0.028252
rxn:2:116614:72409	COc1ccc(C(Nc2cccn([C@H]3C[C@H]3F)c2=O)c2ccco2)cn1	0.028249
rxn:2:65970:119423	CCN1CCCc2cc(NC3CCCc4c3cc(C)n4CCN(C)C)ccc21	0.028246
rxn:2:90440:68535	Cc1sc(C(C)Nc2ccc3c(C)nsc3c2)nc1C1CCC1	0.028231
rxn:2:112333:164974	COc1cccc(-c2ccsc2)c1C(C)NCc1nc(=O)[nH][nH]1	0.028208
rxn:2:66656:144861	c1ccc(-c2ccc3c(c2)CCC3N[C@H]2C[C@H](Cn3cccn3)C2)cc1	0.028202
rxn:2:114928:117155	Cc1csc(-c2nnc(NC(c3ccccc3)C(C)S(C)(=O)=O)o2)c1	0.028201
rxn:2:130201:91021	CCCCC(Nc1cc(SCC)ncn1)c1cnccn1	0.028194
rxn:2:82126:104858	Cc1ccc(C(CCOC(C)C)Nc2cncc(C(C)(F)F)c2)s1	0.028187
rxn:2:94202:117115	COc1ncccc1-c1ncccc1NC1CCc2c1ccc(C)c2C	0.028184
rxn:2:72786:77782	COn1cc(C(C)Nc2ncnc3c2nc(C)n3C)c(=O)[nH]c1=O	0.028182
rxn:2:131385:123043	CCCC(Nc1cc(Cc2ccc(C)cc2)ncn1)c1cnccn1	0.028178
rxn:2:131385:91789	CCCC(Nc1cc(Cc2ccc(C)cc2)ncn1)c1cncnc1	0.028178
rxn:2:166266:118131	Cc1cnc(C2CC(NC(c3ccc4c(c3)oc(=O)n4C)C(C)C)C2)s1	0.028174
rxn:2:97174:101621	CCCC(Nn1sc2ccccc2c1=O)c1cccc(SC)c1	0.028167
rxn:2:73117:155128	CCOc1ncccc1-c1cccc2c1CCC2NCC1(C)CC(F)(F)C1	0.028166
rxn:2:112668:104958	CCCS(=O)(=O)c1ccc(C(CC)NC23CC(c4nccs4)(C2)C3)cc1	0.028164
rxn:2:79083:91021	CCCCC(Nc1ncnc(-c2ccc(C)cc2)n1)c1cnccn1	0.028162
rxn:2:69501:67395	Cc1ccc2ccc(CCNC3CC(c4nc(C5CC5)no4)C3)cc2n1	0.028162
rxn:2:83330:67395	Cc1ccc2nc(CCNC3CC(c4nc(C5CC5)no4)C3)ccc2c1	0.028162
rxn:2:72786:135664	CCCC(Nc1ncnc2c1nc(C)n2C)c1ccc(OCC)cc1	0.028161
rxn:2:99134:165426	CCc1cncc(NC(c2ccccc2)c2cccc(C)c2C)c1	0.028149
rxn:2:163191:89418	CC1(C)CCc2occc2C1N[C@H]1CCN(c2ncnc3ccccc23)C1	0.028147
rxn:2:147092:95192	Cc1ccc2nc(-c3cn[nH]c3NC3CCC4(CSC4)C3)[nH]c2c1	0.028143
rxn:2:67357:119538	Cc1cc(C)c2c(c1C)OCCC2NC1CC2CCC(C1)C21SCCS1	0.028139
rxn:2:68559:93234	CCCSc1ccc(NC(C)CCC2(c3ccc[nH]3)COC2)nn1	0.028135
rxn:2:135338:146198	CSc1cc(NC(C)c2ccc3c4c([nH]c3c2)CCCC4)cnn1	0.028134
rxn:2:114893:110660	CCC(Nc1cc(-c2nnnn2CC(C)C)ccn1)c1cc(C)co1	0.028128
rxn:2:144313:92418	O=c1[nH]nc2c(N3CCC(NC4CCCc5snnc54)C3)nccn12	0.028121
rxn:2:65970:79782	CCN1CCCc2cc(NC3CCCC(C)c4ccccc43)ccc21	0.028121
rxn:2:149759:76082	COc1cc(NC(C)c2cccc(C)c2C)ccc1-c1nnc(C)n1C	0.028120
rxn:2:166506:76082	COc1cc(NC(C)c2cccc(C)c2C)ccc1-c1nc(C)nn1C	0.028120
rxn:2:105827:94554	CCC(COc1ccc2c(c1)OCO2)NC1CC(c2ccc(OC)cc2)C1	0.028095
rxn:2:158767:93200	COc1ccc2nc(C(F)(F)CNC(C)c3cc[nH]c(=O)c3)sc2c1	0.028091
rxn:2:117879:71205	CCCSc1cccc(NC(C)CCC2(C3CCC3)COC2)n1	0.028078
rxn:2:120818:71205	CCCSc1ccncc1NC(C)CCC1(C2CCC2)COC1	0.028078
rxn:2:142375:130954	c1ccc2[nH]c(-c3cn[nH]c3NC3CCC4(CC3)CSC4)nc2c1	0.028059
rxn:2:153419:130954	c1cc(-c2nc3ccc(NC4CCC5(CC4)CSC5)cc3[nH]2)n[nH]1	0.028059
rxn:2:67357:124876	COc1ccc(C2CCC(NC3CC4CCC(C3)C43SCCS3)CC2)nc1	0.028059
rxn:2:129835:134526	COc1nc2c(NC(C)c3cc4c([nH]c3=O)CCC4)ncnc2[nH]1	0.028056
rxn:2:121730:67395	CN1CCc2cc(CC(C)(C)CNC3CC(c4nc(C5CC5)no4)C3)ccc21	0.028052
rxn:2:84446:78603	CCCc1n[nH]c2sc(CNC3CC(c4ccccc4)C3C)cc12	0.028051
rxn:2:77861:94554	COc1ccc(C2CC(NC(C)C(c3ccc4c(c3)OCO4)N(C)C)C2)cc1	0.028050
rxn:2:129548:138170	CCc1n[nH]c2sc(CNC3CC(C)Sc4ccccc43)c(C)c12	0.028050
rxn:2:131385:73125	CCCC(Nc1cc(Cc2ccc(C)cc2)ncn1)c1cscn1	0.028042
rxn:2:131385:134009	CCCC(Nc1cc(Cc2ccc(C)cc2)ncn1)c1nccs1	0.028042
rxn:2:124699:87143	Cc1ccnc(C)c1-n1ncc(CNC(C)CCc2cnsc2)c1C	0.028040
rxn:2:140502:71205	CC(CCC1(C2CCC2)COC1)NCc1ccnc(N2CCOC(C)C2)c1	0.028032
rxn:2:90219:76082	COc1cc(NC(C)c2cccc(C)c2C)ccc1N1CCCCC1C	0.028029
rxn:2:103658:94554	COc1ccc(C2CC(NCC(C)Sc3ccc4c(c3)OCO4)C2)cc1	0.028029
rxn:2:74510:125321	Cc1ccnc2[nH]cc(CCNC(C)c3ccnc(C(C)(C)F)c3)c12	0.028027
rxn:2:88275:149207	c1cc(-c2ccc3c(c2)CCC(NC2CC4(CC4)C2)C3)c2cn[nH]c2c1	0.028016
rxn:2:144340:132685	CC(CCS(=O)(=O)C1CC1)NC(C)c1cc(=O)[nH]c(-c2ccccn2)n1	0.028011
rxn:2:81263:149877	CSCc1cncc(NC2CCc3cccc(-c4cnoc4C)c32)c1	0.028011
rxn:2:121310:110985	Cc1nc(-c2ccsc2)sc1C(C)NC1CN(Cc2ccsc2)C1	0.028005
rxn:2:132418:84135	Cc1c[nH]c2ncnc(NC(C)c3ccc4c(c3)CN(C(C)(C)C)C4)c12	0.028000
rxn:2:78958:71205	CCN1CCN(c2ccc(NC(C)CCC3(C4CCC4)COC3)nn2)CC1	0.027998
rxn:2:144340:130174	CC1CCC(CCC(C)NC(C)c2cc(=O)[nH]c(-c3ccccn3)n2)CC1	0.027996
rxn:2:144340:78148	CCC1CCC(CC(C)NC(C)c2cc(=O)[nH]c(-c3ccccn3)n2)CC1	0.027996
rxn:2:79495:136392	Cc1cc(OCC2CC2)ccc1C(C)NCCC1CC1c1cn(C)cn1	0.027993
rxn:2:72786:132382	COc1c(C(C)Nc2ncnc3c2nc(C)n3C)cc2c(c1C)CCCC2	0.027992
rxn:2:147092:78982	Cc1ccc2nc(-c3cn[nH]c3NC3CCC(F)(F)CC3)[nH]c2c1	0.027991
rxn:2:110056:66379	CCc1cc(OC)nc(C(C)Nc2nc(N3CCOCC3)nc(C)c2CC)c1	0.027987
rxn:2:124394:66379	CCc1cc(OC)nc(C(C)Nc2nc(C)c(CC)c(N3CCOCC3)n2)c1	0.027987
rxn:2:153749:87143	COc1ccccc1-n1cnc(=O)c(NC(C)CCc2cnsc2)n1	0.027986
rxn:2:65970:156068	CCN1CCCc2cc(NC3CCCc4c3cnc3cc(C)nn43)ccc21	0.027978
rxn:2:103830:103571	CC(NCc1n[nH]c(Cc2ccccc2)n1)c1cc2c(s1)CCCC2	0.027975
rxn:2:122841:87470	CCc1cccc(C(Nc2ccc(OC3(C)COC3)cc2)C2CCC2)c1	0.027972
rxn:2:130763:96141	Cc1cnc(C)c(N2CCC(NC(C)c3cccc(-n4cccn4)c3)C2)n1	0.027971
rxn:2:128100:96141	Cc1cc(C)nc(N2CCC(NC(C)c3cccc(-n4cccn4)c3)C2)n1	0.027971
rxn:2:67357:109271	CC(C)c1cccc2c1OCCC2NC1CC2CCC(C1)C21SCCS1	0.027968
rxn:2:67357:139581	CC(C)c1ccc2c(c1)C(NC1CC3CCC(C1)C31SCCS1)CCO2	0.027968
rxn:2:76062:85758	CCC(Nc1nnc(-c2cncs2)s1)c1ccc(SC)nc1C	0.027966
rxn:2:66656:164464	c1cnn(C[C@H]2C[C@H](NC3CCCc4ccc(-c5cnsc5)cc43)C2)c1	0.027965
rxn:2:139592:90126	CCN1CCc2nc(NC(C)c3ccc(-c4ccsc4)cn3)sc2C1	0.027965
rxn:2:139592:142192	CCN1CCc2nc(NC(C)c3ccc(-c4cccs4)cn3)sc2C1	0.027965
rxn:2:142401:78987	Cc1ccc2cc(CC(C)(C)CNC3CC(c4nnco4)C3)ccc2n1	0.027961
rxn:2:142401:101611	Cc1ccc2cc(CC(C)(C)CNC3CC(c4ncon4)C3)ccc2n1	0.027961
rxn:2:122841:86776	CN1CCCc2ccc(C(Nc3ccc(OC4(C)COC4)cc3)C3CC3)cc21	0.027958
rxn:2:117969:118090	Cc1csc(-c2cc(NC3CC(C4(C)CCC4)n4nccc43)[nH]n2)c1	0.027956
rxn:2:166860:85671	CCCc1nn(-c2ccnc(C(C)C)c2)cc1NC1CCN(C)C12CCCC2	0.027952
rxn:2:166860:123319	CCCc1nn(-c2ccnc(C(C)C)c2)cc1NC1CCN(C)C2(CCC2)C1	0.027952
rxn:2:105525:96141	Cc1nccnc1N1CCCC(NC(C)c2cccc(-n3cccn3)c2)C1	0.027951
rxn:2:89247:73581	CC1(c2ccc(NC(c3cccc(C4CC4)c3)C3CC3)cc2)CC1	0.027942
rxn:2:79743:94554	COc1ccc(C2CC(NC(C)c3cnn(CC4CC(C)(C)C4)c3)C2)cc1	0.027942
rxn:2:82116:76082	CCc1nnnn1-c1ccc(NC(C)c2cccc(C)c2C)cc1OC	0.027939
rxn:2:112333:161321	COc1ccc(C(C)NCc2nc(=O)[nH][nH]2)cc1-c1cscn1	0.027938
rxn:2:112333:165959	COc1cc(-c2ccsc2)cnc1C(C)NCc1nc(=O)[nH][nH]1	0.027938
rxn:2:107869:156750	COc1cc(-c2ccco2)cnc1C(C)Nc1cccn(C2CC2)c1=O	0.027934
rxn:2:75765:124315	Cc1cc(NC(C)c2ccc(S(=O)(=O)C(C)C)cn2)cc2cccnc12	0.027927
rxn:2:117353:111998	CCN1CCN(CC2(CNC3CCCc4c3ccc(C)c4C)CCCC2)CC1	0.027924
rxn:2:140879:94554	COc1ccc(C2CC(NCC3C(c4c(C)cccc4C)C3(F)F)C2)cc1	0.027920
rxn:2:120299:132476	Cc1cc(C(C)Nc2c(C3CC3)c(C)nn2CCC(C)C)sc1C	0.027919
rxn:2:134864:119467	CCC(Nc1cncc2ncn(C)c12)c1ccc(OCC2CC2)cc1	0.027918
rxn:2:115612:89151	CC(CN1CCCCC1)c1nc(CNC2CCc3cc4c(cc32)OCC4)cs1	0.027917
rxn:2:147092:137442	Cc1ccc2nc(-c3cn[nH]c3NC3CCC(C)(F)CC3)[nH]c2c1	0.027911
rxn:2:150961:76082	COc1cc(NC(C)c2cccc(C)c2C)cnc1-n1cnc(C)c1C	0.027907
rxn:2:131385:92177	Cc1ccc(Cc2cc(NC3CCN(c4ncccn4)CC3)ncn2)cc1	0.027902
rxn:2:147092:74804	Cc1ccc2nc(-c3cn[nH]c3NC3CCC4(CC3)CC4)[nH]c2c1	0.027900
rxn:2:147092:136929	Cc1ccc2nc(-c3cn[nH]c3NC3CCC4(CCC4)C3)[nH]c2c1	0.027900
rxn:2:79495:132805	CCCc1ccncc1C(CCC)NCCC1CC1c1cn(C)cn1	0.027890
rxn:2:66656:69151	CCCCc1ccc(C(N[C@H]2C[C@H](Cn3cccn3)C2)C(C)C)cc1	0.027888
rxn:2:82403:107559	CCCS(=O)(=O)c1cnc(C)nc1NC(CC)CSC1CCOCC1	0.027886
rxn:2:67357:89946	CC1CN(CC2CCOCC2)CCC1NC1CC2CCC(C1)C21SCCS1	0.027883
rxn:2:71307:78148	CCC1CCC(CC(C)NC2CCC(c3nnc(C)n3CC)CC2)CC1	0.027882
rxn:2:71534:66800	CC(NC1CN(Cc2cccs2)C1)c1cccc(-c2ccsc2)c1	0.027880
rxn:2:121310:96010	CC(NC1CN(Cc2ccsc2)C1)c1ccc(-c2ccsc2)cc1	0.027880
rxn:2:121310:119985	CC(NC1CN(Cc2ccsc2)C1)c1cccc(-c2cccs2)c1	0.027880
rxn:2:121310:101065	CC(NC1CN(Cc2ccsc2)C1)c1ccccc1-c1ccsc1	0.027880
rxn:2:121310:108959	CC(NC1CN(Cc2ccsc2)C1)c1ccc(-c2cccs2)cc1	0.027880
rxn:2:121310:82538	CC(NC1CN(Cc2ccsc2)C1)c1cc(-c2ccccc2)cs1	0.027880
rxn:2:68559:96975	CCCSc1ccc(NC(CC)c2ccc(OC)c(C)c2C)nn1	0.027876
rxn:2:72207:112589	c1nc(N2CCC(NC3CCc4cc5c(cc43)OCO5)C2)c2sccc2n1	0.027873
rxn:2:122841:110306	CSc1cccc(C(Nc2ccc(OC3(C)COC3)cc2)C2CC2)c1	0.027871
rxn:2:122841:100758	CSc1ccc(C(Nc2ccc(OC3(C)COC3)cc2)C2CC2)cc1	0.027871
rxn:2:79401:103705	CCc1cccc2c1CCCC2NCc1cn(C2CCC2)nc1C1CCOC1	0.027870
rxn:2:112333:74518	O=c1nc(CNC(c2ncc(-c3ccco3)o2)C2CCC2)[nH][nH]1	0.027862
rxn:2:80855:82225	CCS(=O)(=O)c1cccnc1NC(C)c1csc(CN2CCCC(C)C2)n1	0.027859
rxn:2:68559:98768	CCCSc1ccc(NC(CC)C2CCCN2C(C)C2CC2)nn1	0.027856
rxn:2:98469:118090	Cc1csc(-c2nnc(NC3CC(C4(C)CCC4)n4nccc43)s2)c1	0.027853
rxn:2:70940:78148	CCC1CCC(CC(C)NCCn2c(C)nnc2C2CC(F)(F)C2)CC1	0.027851
rxn:2:149062:139714	CC(N[C@@H]1CCN(c2ncnc3ccccc23)C1)c1cccc(N(C)C)c1	0.027845
rxn:2:80006:132476	Cc1cc(C(C)Nc2c(C3CC3)c(C)nn2C2CCSCC2)sc1C	0.027842
rxn:2:81302:132476	Cc1cc(C(C)Nc2c(C3CC3)c(C)nn2C2CCCSC2)sc1C	0.027842
rxn:2:81887:100021	CCOc1cncc(C(C)Nc2nc(N3CCOCC3)[nH]c(=O)c2CC)n1	0.027840
rxn:2:114928:78965	Cc1csc(-c2nnc(NC(CC3CCOCC3)c3ncc[nH]3)o2)c1	0.027831
rxn:2:131838:82225	CCS(=O)(=O)c1cncnc1NC(C)c1csc(CN2CCCC(C)C2)n1	0.027829
rxn:2:104201:82225	CCS(=O)(=O)c1cnc(NC(C)c2csc(CN3CCCC(C)C3)n2)nc1	0.027829
rxn:2:65955:94554	COc1ccc(C2CC(NC(C)c3cnn(CCOC(C)(C)C)c3)C2)cc1	0.027828
rxn:2:68559:76539	CCCSc1ccc(NC(C)CCCN(C)C2CCCC2)nn1	0.027826
rxn:2:67357:83528	Cc1cc(C)c2c(c1)C(NC1CC3CCC(C1)C31SCCS1)CCCO2	0.027823
rxn:2:67357:123453	Cc1ccc2c(c1C)OCCCC2NC1CC2CCC(C1)C21SCCS1	0.027823
rxn:2:67357:125153	Cc1cc(C)c2c(c1)OCCCC2NC1CC2CCC(C1)C21SCCS1	0.027823
rxn:2:67357:142232	Cc1cc2c(cc1C)C(NC1CC3CCC(C1)C31SCCS1)CCCO2	0.027823
rxn:2:65970:86726	CCCc1ccc2c(c1)CCCC2Nc1ccc2c(c1)CCCN2CC	0.027820
rxn:2:144340:133016	CC(CCN(C)CC1CC1)NC(C)c1cc(=O)[nH]c(-c2ccccn2)n1	0.027816
rxn:2:137976:125321	CC(Nc1ncnc2[nH]nc(C(C)(C)C)c12)c1ccnc(C(C)(C)F)c1	0.027811
rxn:2:163553:138377	Cc1cc2c(cc1C(NC(C)c1cnn(C)c1C)C(C)C)n(C)c(=O)n2C	0.027809
rxn:2:81628:73581	Cc1nc(OC2(C)COC2)ccc1NC(c1cccc(C2CC2)c1)C1CC1	0.027809
rxn:2:90824:73581	Cc1cc(OC2(C)COC2)c(NC(c2cccc(C3CC3)c2)C2CC2)cn1	0.027809
rxn:2:134995:132476	CCC(C)n1nc(C)c(C2CCC2)c1NC(C)c1cc(C)c(C)s1	0.027803
rxn:2:66656:160228	c1cnn(C[C@H]2C[C@H](NC3CCCc4cc(-c5cc[nH]c5)ccc43)C2)c1	0.027784
rxn:2:156652:79313	CCC(NC1CC(C)(C)Cc2c1ccn2-c1nccs1)c1cnccn1	0.027783
rxn:2:96421:67395	CCc1ccc2nc(C)cc(NC3CC(c4nc(C5CC5)no4)C3)c2c1	0.027782
rxn:2:93570:74191	COc1ccnc(C(NCC2CCCC2N2CCc3ccccc32)C2CC2)c1	0.027778
rxn:2:118713:79583	CCc1ccccc1C(C)Nc1ccc(-n2cnc(C)c2)c(OC)c1	0.027776
rxn:2:79314:67395	Cc1cc(C)c(CC(C)(C)CNC2CC(c3nc(C4CC4)no3)C2)c(C)c1	0.027776
rxn:2:88377:91066	c1cc2c(s1)C(Nc1csc(-c3ccc(C4CC4)cc3)c1)CO2	0.027773
rxn:2:114893:97388	Cc1cc(C)cc(C(C)Nc2cc(-c3nnnn3CC(C)C)ccn2)c1	0.027772
rxn:2:102205:124291	CCC(NCC1CC1CN1CCc2ccccc2C1)c1cccc(OC)c1	0.027771
rxn:2:80330:160406	Cc1cc(-c2cnc(C)c(C)c2)ccc1C(C)NCCc1cn(C)cn1	0.027771
rxn:2:144340:110698	CC(CCCN(C)C(C)C)NC(C)c1cc(=O)[nH]c(-c2ccccn2)n1	0.027754
rxn:2:67357:132767	COc1cc(C)cc2c1OCCCC2NC1CC2CCC(C1)C21SCCS1	0.027753
rxn:2:162147:76082	COc1cc(C)ccc1-n1[nH]c(=O)cc1NC(C)c1cccc(C)c1C	0.027749
rxn:2:72110:96141	CC(NC1CCN(c2nccn(C)c2=O)C1)c1cccc(-n2cccn2)c1	0.027736
rxn:2:138818:118998	Cc1cc(C)c2c(c1)C(Nc1ccccc1-n1cc(C)c(C)n1)CCO2	0.027736
rxn:2:121310:104784	CCC(CC)Oc1cccc(C(C)NC2CN(Cc3ccsc3)C2)c1	0.027732
rxn:2:130597:96141	Cc1cccnc1N1CCCC(NC(C)c2cccc(-n3cccn3)c2)C1	0.027730
rxn:2:79604:96141	Cc1cccnc1N1CCC(NC(C)c2cccc(-n3cccn3)c2)CC1	0.027730
rxn:2:140531:156750	COc1cc(-c2ccco2)cnc1C(C)NCc1c(C)cc2n1CCC2	0.027729
rxn:2:65970:127153	CCN1CCCc2cc(NC3CCCc4ccc(C(C)C)cc43)ccc21	0.027728
rxn:2:92567:134526	CC(Nc1ncnc2c1[nH]c(=O)n2C)c1cc2c([nH]c1=O)CCC2	0.027725
rxn:2:144340:79121	CCN1CCC(CCC(C)NC(C)c2cc(=O)[nH]c(-c3ccccn3)n2)C1	0.027712
rxn:2:163553:78987	Cc1cc2c(cc1C(NC1CC(c3nnco3)C1)C(C)C)n(C)c(=O)n2C	0.027711
rxn:2:163553:101611	Cc1cc2c(cc1C(NC1CC(c3ncon3)C1)C(C)C)n(C)c(=O)n2C	0.027711
rxn:2:95402:95041	CSc1ccc(C(C)NCC2CN(C)CC(C)(C)N2c2ccccc2)s1	0.027706
rxn:2:105329:78148	CCC1CCC(CC(C)NCC2CCN(Cc3nnc(C)n3C)CC2)CC1	0.027701
rxn:2:112040:84095	Cc1ccc(CC2CCC(Nc3nc(-c4cnccn4)ns3)CC2)cc1	0.027700
rxn:2:121310:113269	CC(C)CSc1cccc(C(C)NC2CN(Cc3ccsc3)C2)c1	0.027694
rxn:2:144340:126131	CC(CCCN1CCCCC1)NC(C)c1cc(=O)[nH]c(-c2ccccn2)n1	0.027694
rxn:2:66656:162066	Cc1cncc(-c2ccccc2C(C)N[C@H]2C[C@H](Cn3cccn3)C2)c1	0.027692
rxn:2:76062:95128	CCCN(C)CC(Nc1nnc(-c2cncs2)s1)c1cccn1C	0.027690
rxn:2:105315:138539	Cc1cc(C)c(N(C)CCC(C)Nc2c(C)nc3cccnn23)cc1C	0.027672
rxn:2:115108:91021	CCCCC(Nc1cc(Cc2ccsc2)ncn1)c1cnccn1	0.027669
rxn:2:82451:91021	CCCCC(Nc1cc(Cc2cccs2)ncn1)c1cnccn1	0.027669
rxn:2:95402:68868	CC(NCC1CN(C)CC(C)(C)N1c1ccccc1)c1ccc(S(C)(=O)=O)s1	0.027669
rxn:2:79495:122377	CC1CC(NCCC2CC2c2cn(C)cn2)c2cc(C(C)(C)C)ccc2S1	0.027660
rxn:2:112040:77782	COn1cc(C(C)Nc2nc(-c3cnccn3)ns2)c(=O)[nH]c1=O	0.027660
rxn:2:167558:118131	Cc1cnc(C2CC(Nc3c(-n4nccc4C4CC4)ccnc3C)C2)s1	0.027659
rxn:2:132418:134274	Cc1c[nH]c2ncnc(NC(C)c3ccn4ccnc4c3)c12	0.027658
rxn:2:132418:72040	Cc1c[nH]c2ncnc(NC(C)c3ccn4nccc4c3)c12	0.027658
rxn:2:139592:130581	CCN1CCc2nc(NC3CCCCc4ccc(C(C)C)cc43)sc2C1	0.027649
rxn:2:116614:116038	COc1ccc(C(CC(C)C)Nc2cccn([C@H]3C[C@H]3F)c2=O)c(OC)c1	0.027646
rxn:2:82403:71940	CCCS(=O)(=O)c1cnc(C)nc1NC(C)c1csc(C2CCOCC2)n1	0.027645
rxn:2:135338:114746	CSc1cc(NC(C)c2cnn(CCc3ccccc3)c2)cnn1	0.027643
rxn:2:132418:73276	Cc1c[nH]c2ncnc(NC(C)c3ccc(OCC(C)(F)F)cc3)c12	0.027640
rxn:2:132418:86858	Cc1c[nH]c2ncnc(NC(C)c3cccc(OCC(C)(F)F)c3)c12	0.027640
rxn:2:135338:136088	CSc1cc(NC(C)CCc2ccc(-n3cccn3)cc2)cnn1	0.027638
rxn:2:126173:71205	CCCCN(C)c1ccc(NC(C)CCC2(C3CCC3)COC2)nn1	0.027630
rxn:2:90117:125321	COc1ccc(C)c2c(NC(C)c3ccnc(C(C)(C)F)c3)ncnc12	0.027626
rxn:2:99586:87143	CC(CCc1cnsc1)Nc1ccc(OC(C)C)c2cccnc12	0.027625
rxn:2:82403:128459	CCCS(=O)(=O)c1cnc(C)nc1NC(C)c1cnn(CCC(C)C)c1	0.027622
rxn:2:122841:99473	COc1ccc(C(Nc2ccc(OC3(C)COC3)cc2)C2CC2)cc1OC	0.027617
rxn:2:122841:88808	COc1cccc(OC)c1C(Nc1ccc(OC2(C)COC2)cc1)C1CC1	0.027617
rxn:2:97592:160053	Cc1ccc(C(NC2CCN(c3ncnc4c3cnn4C)CC2)C(C)C)o1	0.027610
rxn:2:161131:130954	c1cc(-c2nc3ccc(NC4CCC5(CC4)CSC5)cc3[nH]2)cs1	0.027608
rxn:2:135338:88214	CCCC1CCC(C2CCC(Nc3cnnc(SC)c3)CC2)CC1	0.027597
rxn:2:135338:116804	CCC[C@H]1CC[C@H](C2CCC(Nc3cnnc(SC)c3)CC2)CC1	0.027597
rxn:2:147092:125354	Cc1ccc2nc(-c3cn[nH]c3NC3CCCSCCC3)[nH]c2c1	0.027596
rxn:2:110188:153606	COc1cc(-c2cnc(C(C)NC3(C)CCCC(F)(F)C3)s2)ccc1C	0.027595
rxn:2:166860:128952	CCCc1nn(-c2ccnc(C(C)C)c2)cc1NC1CC(C)CN(C)C1(C)C	0.027592
rxn:2:112333:99350	CSc1ccc(C(NCc2nc(=O)[nH][nH]2)c2ccsc2)cc1	0.027589
rxn:2:112333:129973	CSc1ccccc1C(NCc1nc(=O)[nH][nH]1)c1ccsc1	0.027589
rxn:2:88858:160053	CCOc1ccsc1CNC1CCN(c2ncnc3c2cnn3C)CC1	0.027588
rxn:2:68455:66800	CC(N[C@@H](C)Cc1ccsc1)c1cccc(-c2ccsc2)c1	0.027583
rxn:2:69054:66800	CC(N[C@H](C)Cc1ccsc1)c1cccc(-c2ccsc2)c1	0.027583
rxn:2:69642:66800	CC(Cc1ccsc1)NC(C)c1cccc(-c2ccsc2)c1	0.027583
rxn:2:139592:105552	CCN1CCc2nc(NC(C)c3ccc(-c4nc(C)ns4)cn3)sc2C1	0.027573
rxn:2:118713:71179	COc1cc(NC(C)c2cccc3c2CCC3)ccc1-n1cnc(C)c1	0.027572
rxn:2:67607:166540	c1nc(NC2CCc3c2ccc2[nH]c4sccc4c32)ns1	0.027568
rxn:2:133388:156750	COc1cc(-c2ccco2)cnc1C(C)Nc1cccn(C(C)C)c1=O	0.027565
rxn:2:93282:94554	COc1ccc(C2CC(NCC(C)CCc3ccc4c(c3)OCO4)C2)cc1	0.027561
rxn:2:116447:153606	COc1cc(-c2cnc(C(C)N[C@H]3CCn4cccc4C3)s2)ccc1C	0.027559
rxn:2:134864:118093	Cn1cnc2cncc(NC(c3ccc[nH]3)c3ccco3)c21	0.027558
rxn:2:97174:81604	CCOc1ccc(C(C)Nn2sc3ccccc3c2=O)c(OCC)c1	0.027552
rxn:2:102205:134410	Cc1cc(C(NCC2CC2CN2CCc3ccccc3C2)C2CCC2)ccn1	0.027549
rxn:2:102205:75432	Cc1cccnc1C(NCC1CC1CN1CCc2ccccc2C1)C1CCC1	0.027549
rxn:2:105315:99483	Cc1nc2cccnn2c1NC(C)c1c[nH]c2nccnc12	0.027546
rxn:2:132418:73532	Cc1c[nH]c2ncnc(NC(C)c3ccn4ncnc4c3)c12	0.027546
rxn:2:83784:66800	CC(NC1(Cc2ccsc2)COC1)c1cccc(-c2ccsc2)c1	0.027541
rxn:2:110101:78148	CCC1CCC(CC(C)NC2CCC(C)(C)c3ccccc32)CC1	0.027541
rxn:2:116614:109549	CC(C)C(Nc1cccn([C@H]2C[C@H]2F)c1=O)c1ncc(-c2ccco2)o1	0.027540
rxn:2:86986:125321	COc1ccccc1OC1COCCC1NC(C)c1ccnc(C(C)(C)F)c1	0.027539
rxn:2:101010:94554	COc1ccc(C2CC(N[C@H](CC(C)C)c3ccc4c(c3)OCO4)C2)cc1	0.027538
rxn:2:126813:94554	COc1ccc(C2CC(N[C@@H](CC(C)C)c3ccc4c(c3)OCO4)C2)cc1	0.027538
rxn:2:84267:94554	CCC(C)[C@H](NC1CC(c2ccc(OC)cc2)C1)c1ccc2c(c1)OCO2	0.027538
rxn:2:112278:94554	CCC(C)[C@@H](NC1CC(c2ccc(OC)cc2)C1)c1ccc2c(c1)OCO2	0.027538
rxn:2:132418:66076	Cc1c[nH]c2ncnc(NC(C)c3ccc4nsnc4c3)c12	0.027532
rxn:2:77858:149207	c1cc(-c2ccc3c(c2)CCC(NC2CC4(CCO4)C2)C3)c2cn[nH]c2c1	0.027524
rxn:2:129127:149207	c1cc(-c2ccc3c(c2)CCC(NC2COC4(CC4)C2)C3)c2cn[nH]c2c1	0.027524
rxn:2:106415:71205	CCC(C)(CC)c1ccc(NC(C)CCC2(C3CCC3)COC2)nn1	0.027503
rxn:2:85725:125732	CCC(Nc1cc(-c2ccncc2)ccn1)c1cc(C)cc(OC)c1	0.027502
rxn:2:108709:125732	CCC(Nc1cc(-c2cccnc2)ccn1)c1cc(C)cc(OC)c1	0.027502
rxn:2:72750:125732	CCC(Nc1cc(-c2ccccn2)ccn1)c1cc(C)cc(OC)c1	0.027502
rxn:2:106376:94554	COc1ccc(C2CC(NC(C)c3cnn(CC4CCCCC4)c3)C2)cc1	0.027501
rxn:2:157475:134526	Cc1cc(NC(C)c2cc3c([nH]c2=O)CCC3)n(-c2ccn(C)c(=O)c2)n1	0.027500
rxn:2:162630:138146	CCC(Cc1cccnc1)NC1CCCc2c1c(C)nn2-c1nccs1	0.027493
rxn:2:86517:160053	CCSc1csc(NC2CCN(c3ncnc4c3cnn4C)CC2)n1	0.027493
rxn:2:121310:114022	Cc1ccc(-c2cccc(C(C)NC3CN(Cc4ccsc4)C3)c2)o1	0.027487
rxn:2:86987:94554	COc1ccc(C2CC(NC(C)c3cnn(-c4ccccc4)c3)C2)cc1	0.027483
rxn:2:133561:125321	Cc1ccc(NC(C)c2ccnc(C(C)(C)F)c2)c2[nH]cc(C)c12	0.027471
rxn:2:118713:71248	COc1cc(NC(C)c2ccccc2N(C)C)ccc1-n1cnc(C)c1	0.027466
rxn:2:67420:71823	Cc1cc(-c2cccc(NC(C)c3nc4c(s3)CCCC4)c2)sn1	0.027465
rxn:2:68228:134526	CC(Nc1ncnc2c1ncn2C1CCCC1)c1cc2c([nH]c1=O)CCC2	0.027463
rxn:2:70478:78148	CCC1CCC(CC(C)Nc2ccc(C(F)CN(C)C)cc2)CC1	0.027462
rxn:2:79495:103473	Cc1cc(OCC(C)C)ccc1C(C)NCCC1CC1c1cn(C)cn1	0.027458
rxn:2:152859:132476	Cc1cnc(C)c(-n2nc(C)c(C)c2NC(C)c2cc(C)c(C)s2)c1	0.027453
rxn:2:167944:132476	Cc1cc(-n2nc(C)c(C)c2NC(C)c2cc(C)c(C)s2)cnc1C	0.027453
rxn:2:147678:132476	Cc1cnc(-n2nc(C)c(C)c2NC(C)c2cc(C)c(C)s2)cc1C	0.027453
rxn:2:159260:132476	Cc1cc(NC(C)c2cc(C)c(C)s2)n(-c2ncc(C)c(C)c2C)n1	0.027453
rxn:2:164278:132476	Cc1cc(C(C)Nc2c(C)c(C)nn2-c2nccc(C)c2C)sc1C	0.027453
rxn:2:154866:132476	Cc1cnc(-n2nc(C)c(C)c2NC(C)c2cc(C)c(C)s2)c(C)c1	0.027453
rxn:2:84173:85681	Cc1nc2ccccn2c1NC(C)c1c(C)nc2cnccn12	0.027452
rxn:2:127721:160053	Cn1ncc(CNC2CCN(c3ncnc4c3cnn4C)CC2)c1C1CC1	0.027448
rxn:2:129548:72805	CCc1n[nH]c2sc(CNC3CCN(C)CC3c3ccccc3)c(C)c12	0.027436
rxn:2:134471:107408	CC(Nc1ccnc(N2CCN(C)CC2)n1)c1ccc(-c2ccsc2)s1	0.027435
rxn:2:68559:132304	CCCSc1ccc(NC(C)CCC2(c3ccncc3)COC2)nn1	0.027426
rxn:2:82405:125732	CCC(Nc1cc(COCC(C)C)ccn1)c1cc(C)cc(OC)c1	0.027420
rxn:2:132418:114921	Cc1c[nH]c2ncnc(NC(C)c3cnc4occc4c3)c12	0.027420
rxn:2:132418:103995	Cc1c[nH]c2ncnc(NC(C)c3ccc4ocnc4c3)c12	0.027420
rxn:2:132418:138673	Cc1c[nH]c2ncnc(NC(C)c3ccc4ncoc4c3)c12	0.027420
rxn:2:132418:80204	Cc1c[nH]c2ncnc(NC(C)c3cnc4ccoc4c3)c12	0.027420
rxn:2:96684:153606	COc1cc(-c2cnc(C(C)NC3CCc4c[nH]nc4C3)s2)ccc1C	0.027418
rxn:2:132418:87367	Cc1c[nH]c2ncnc(NC(C)c3ccc4nonc4c3)c12	0.027416
rxn:2:134864:70566	COc1ccccc1CCC(Nc1cncc2ncn(C)c12)C(C)(C)C	0.027408
rxn:2:97174:93337	Cc1ccc(C(COCC(C)C)Nn2sc3ccccc3c2=O)cc1	0.027406
rxn:2:120684:91021	CCCCC(Nc1cc(-c2ccc(C)cc2)ncn1)c1cnccn1	0.027405
rxn:2:92031:91021	CCCCC(Nc1cc(-c2cccc(C)c2)ncn1)c1cnccn1	0.027405
rxn:2:68008:91021	CCCCC(Nc1cc(-c2ccccc2C)ncn1)c1cnccn1	0.027405
rxn:2:139563:125732	CCC(NCc1c2c(nn1C1CCOC1)CCC2C)c1cc(C)cc(OC)c1	0.027401
rxn:2:69802:87143	CCc1nc(NC(C)CCc2cnsc2)n(-c2cc(C)cc(C)c2)n1	0.027399
rxn:2:116614:91563	Cc1cc(-c2ccco2)ccc1C(C)Nc1cccn([C@H]2C[C@H]2F)c1=O	0.027396
rxn:2:116614:100837	Cc1c(-c2ccco2)cccc1C(C)Nc1cccn([C@H]2C[C@H]2F)c1=O	0.027396
rxn:2:77359:166390	Cc1cncc(-c2ccc3c(c2)CCCC3N[C@H]2C[C@H](n3cccn3)C2)c1	0.027394
rxn:2:130683:166390	Cc1cncc(-c2ccc3c(c2)CCCC3NC2CC(n3cccn3)C2)c1	0.027394
rxn:2:139124:166390	Cc1cncc(-c2ccc3c(c2)CCCC3N[C@H]2C[C@@H](n3cccn3)C2)c1	0.027394
rxn:2:129548:89245	CCc1n[nH]c2sc(CNC3CC(c4ccccc4)C34CC4)c(C)c12	0.027390
rxn:2:107218:93200	CCCOc1ccc(-c2nonc2NC(C)c2cc[nH]c(=O)c2)cc1	0.027387
rxn:2:147092:85311	Cc1ccc2nc(-c3cn[nH]c3NC3CCC(C)(C)CC3)[nH]c2c1	0.027387
rxn:2:102205:75709	c1ccc(C(NCC2CC2CN2CCc3ccccc3C2)C2CCCC2)nc1	0.027381
rxn:2:102205:135799	c1ccc2c(c1)CCN(CC1CC1CNC(c1ccncc1)C1CCCC1)C2	0.027381
rxn:2:142056:134526	CCCCn1cnc2c(NC(C)c3cc4c([nH]c3=O)CCC4)ncnc21	0.027380
rxn:2:111384:134526	CCCCn1ncc2c(NC(C)c3cc4c([nH]c3=O)CCC4)ncnc21	0.027380
rxn:2:106602:166390	Cc1cncc(-c2ccc3c(c2)CCCC3N[C@@H]2C[C@H]2Cn2cccn2)c1	0.027369
rxn:2:67357:127629	CC(C)Oc1ccc2c(c1)C(NC1CC3CCC(C1)C31SCCS1)CCO2	0.027368
rxn:2:118713:68891	CCC(Nc1ccc(-n2cnc(C)c2)c(OC)c1)c1ccccc1C	0.027363
rxn:2:96857:115775	CC(CCCC1CC1)NC(c1nc(-c2ccccn2)cs1)C(C)C	0.027361
rxn:2:135338:165550	CSc1cc(NC2CCSc3ccc(-c4cc[nH]c4)cc32)cnn1	0.027355
rxn:2:67357:97528	Cc1cc(C)c2c(c1)C(NC1CC3CCC(C1)C31SCCS1)CCS2	0.027346
rxn:2:67357:123015	Cc1cc2c(cc1C)C(NC1CC3CCC(C1)C31SCCS1)CCS2	0.027346
rxn:2:101308:92418	COc1cnn(-c2ccc(SC)cc2)c1NC1CCCc2snnc21	0.027339
rxn:2:104945:125732	CCC(Nc1cc(C(C)C)n(CC(C)C)n1)c1cc(C)cc(OC)c1	0.027338
rxn:2:92183:125732	CCC(Nc1cc(C(C)C)nn1CC(C)C)c1cc(C)cc(OC)c1	0.027338
rxn:2:89280:80762	Cc1ccc2c(c1)C(C)CCC2NCc1ccc(-c2cnn(C)c2)cc1	0.027337
rxn:2:94919:80762	Cc1ccc2c(c1)C(C)CCC2NCc1ccc(-c2ccnn2C)cc1	0.027337
rxn:2:80467:80762	Cc1ccc2c(c1)C(C)CCC2NCc1cccc(-c2cnn(C)c2)c1	0.027337
rxn:2:129707:80762	Cc1ccc2c(c1)C(C)CCC2NCc1cccc(-c2ccnn2C)c1	0.027337
rxn:2:123739:80762	Cc1ccc2c(c1)C(C)CCC2NCc1c(-c2ccccc2)cnn1C	0.027337
rxn:2:122841:97524	CCC(Nc1ccc(OC2(C)COC2)cc1)c1ccc(N(C)CC)nc1C	0.027335
rxn:2:81887:121905	CCc1cc(CC)cc(C(C)Nc2nc(N3CCOCC3)[nH]c(=O)c2CC)c1	0.027319
rxn:2:81887:85182	CCc1ccc(CC)c(C(C)Nc2nc(N3CCOCC3)[nH]c(=O)c2CC)c1	0.027319
rxn:2:126214:118090	Cc1csc(-c2cc(NC3CC(C4(C)CCC4)n4nccc43)n(C)n2)c1	0.027316
rxn:2:89792:134526	CSc1nnc2c(NC(C)c3cc4c([nH]c3=O)CCC4)ncnc2n1	0.027316
rxn:2:122841:95544	CC(C)C(Nc1ccc(OC2(C)COC2)cc1)c1cccc(C2CC2)c1	0.027313
rxn:2:122841:81490	CC(C)c1ccc(C(Nc2ccc(OC3(C)COC3)cc2)C2CC2)cc1	0.027313
rxn:2:122841:97198	CC(C)C(Nc1ccc(OC2(C)COC2)cc1)c1ccc(C2CC2)cc1	0.027313
rxn:2:102205:97116	c1ccc(C(NCC2CC2CN2CCc3ccccc3C2)C2CCSC2)nc1	0.027304
rxn:2:112668:104330	Cc1cc(-c2cc[nH]c2)ccc1C(C)NC12CC(c3nccs3)(C1)C2	0.027300
rxn:2:129548:104729	CCc1n[nH]c2sc(CNC3CC(C)S(=O)(=O)c4ccccc43)c(C)c12	0.027299
rxn:2:114893:97480	CCC(Nc1cc(-c2nnnn2CC(C)C)ccn1)c1cc(C)cs1	0.027298
rxn:2:102205:91079	COc1cc(C(NCC2CC2CN2CCc3ccccc3C2)C2CC2)ncn1	0.027298
rxn:2:134864:96950	CCCOc1ccc(C)cc1C(CC)Nc1cncc2ncn(C)c12	0.027292
rxn:2:162269:74191	COc1ccnc(C(Nc2nccc3c2c(=O)n(C)c(=O)n3C)C2CC2)c1	0.027279
rxn:2:135338:159130	COc1nc(-c2ccccc2)sc1C(C)Nc1cnnc(SC)c1	0.027275
rxn:2:105676:115775	CCCC(NC(C)CCCC1CC1)c1ncc(-c2ccccn2)[nH]1	0.027275
rxn:2:147092:105180	Cc1ccc2nc(-c3cn[nH]c3NC3CCC4(CC3)COC4)[nH]c2c1	0.027270
rxn:2:147092:86491	Cc1ccc2nc(-c3cn[nH]c3NC3CCC4(CCOC4)C3)[nH]c2c1	0.027270
rxn:2:121310:166231	Cc1cc(-c2cc(C(C)NC3CN(Cc4ccsc4)C3)ccn2)cs1	0.027265
rxn:2:121310:129654	Cc1nc(-c2ccsc2)ccc1C(C)NC1CN(Cc2ccsc2)C1	0.027265
rxn:2:112668:129572	Cc1ccc(-c2cnc(C(C)NC34CC(c5nccs5)(C3)C4)s2)cc1	0.027264
rxn:2:112668:164106	Cc1cccc(-c2cnc(C(C)NC34CC(c5nccs5)(C3)C4)s2)c1	0.027264
rxn:2:112668:153978	Cc1ccccc1-c1cnc(C(C)NC23CC(c4nccs4)(C2)C3)s1	0.027264
rxn:2:112668:136123	Cc1ccc(-c2cc(C(C)NC34CC(c5nccs5)(C3)C4)cs2)cn1	0.027264
rxn:2:106193:71823	CCc1[nH]c2ccc(NC(C)c3nc4c(s3)CCCC4)cc2c1C	0.027262
rxn:2:139592:138194	CCN1CCc2nc(NC(C)c3ccc(-c4ccccc4)cn3)sc2C1	0.027262
rxn:2:110014:66800	CC(NC1CCN(Cc2ccoc2)C1)c1cccc(-c2ccsc2)c1	0.027259
rxn:2:91060:112899	Cc1cccnc1-c1cncc(CNC2CCc3c2ccc2c3CCC2)c1	0.027255
rxn:2:151189:105764	CCCCC1CC(N[C@H](c2c(C)[nH]c3ccccc23)C2CCC2)C1	0.027254
rxn:2:144340:77506	CC(NC(c1ncco1)C1CCC1)c1cc(=O)[nH]c(-c2ccccn2)n1	0.027249
rxn:2:136867:162733	CCOc1ccc(NC(C)c2ccc(-c3ncc[nH]c3=O)cn2)cc1C	0.027241
rxn:2:100294:103705	CCc1cccc2c1CCCC2Nc1cc(C)nn1-c1cc(C)nc(C)n1	0.027237
rxn:2:110031:87143	Cc1n[nH]c(COc2cccc(NC(C)CCc3cnsc3)c2)n1	0.027236
rxn:2:73480:66379	CCc1cc(OC)nc(C(C)NC2CCN(c3nc(CC)cc(=O)[nH]3)CC2)c1	0.027226
rxn:2:79103:66379	CCc1cc(OC)nc(C(C)NC2CCCN(c3nc(CC)cc(=O)[nH]3)C2)c1	0.027226
rxn:2:132418:103810	Cc1c[nH]c2ncnc(NC(C)c3ccc4ncsc4c3)c12	0.027225
rxn:2:132418:129487	Cc1c[nH]c2ncnc(NC(C)c3ccc4scnc4c3)c12	0.027225
rxn:2:100540:94554	COc1ccc(C2CC(Nc3cnn(Cc4ccc(C)cc4)c3)C2)cc1	0.027223
rxn:2:123929:94554	COc1ccc(C2CC(Nc3ccc(Cn4cc(C)cn4)cc3)C2)cc1	0.027223
rxn:2:94659:94554	COc1ccc(C2CC(Nc3cnn(Cc4cccc(C)c4)c3)C2)cc1	0.027223
rxn:2:72786:121818	Cc1nc2c(NC(C)c3cc4c([nH]c3=O)CCCCC4)ncnc2n1C	0.027221
rxn:2:102205:94218	CN(C)c1ccc2c(c1)CCCC2NCC1CC1CN1CCc2ccccc2C1	0.027215
rxn:2:79495:99429	CC(NCCC1CC1c1cn(C)cn1)c1ccc(-c2cncnc2)cc1	0.027215
rxn:2:79495:106271	CC(NCCC1CC1c1cn(C)cn1)c1ncc(-c2ccccc2)cn1	0.027215
rxn:2:126054:115775	CC(CCCC1CC1)NC(C)CCc1csc(-c2ccccn2)n1	0.027214
rxn:2:75765:66145	Cc1cc(NC(C)c2cccn3ncnc23)cc2cccnc12	0.027213
rxn:2:124277:78603	Cc1ccc(C(CC(C)(C)C)NC2CC(c3ccccc3)C2C)cc1	0.027211
rxn:2:127661:71205	CC(CCC1(C2CCC2)COC1)Nc1ccc(Sc2ccccc2)nn1	0.027207
rxn:2:92912:107408	CC(NC1CN(C)CC1c1cccs1)c1ccc(-c2ccsc2)s1	0.027204
rxn:2:81887:78013	CCc1cc(C(C)Nc2nc(N3CCOCC3)[nH]c(=O)c2CC)ccc1OC	0.027204
rxn:2:81887:125248	CCc1ccc(OC)c(C(C)Nc2nc(N3CCOCC3)[nH]c(=O)c2CC)c1	0.027204
rxn:2:81887:103108	CCc1cc(OC)ccc1C(C)Nc1nc(N2CCOCC2)[nH]c(=O)c1CC	0.027204
rxn:2:86352:168163	COc1c(NC(C)c2ccc(-c3ncncc3C)s2)cnn1C(C)(C)C	0.027202
rxn:2:72207:79139	c1ccc2c(c1)C(NC1CCN(c3ncnc4ccsc34)C1)CCC21CC1	0.027197
rxn:2:127490:66379	CCc1cc(OC)nc(C(C)Nc2nc(C)[nH]c(=O)c2CN2CCCCC2)c1	0.027197
rxn:2:131385:91973	CCCC(Nc1cc(Cc2ccc(C)cc2)ncn1)c1ccccn1	0.027188
rxn:2:131385:70222	CCCC(Nc1cc(Cc2ccc(C)cc2)ncn1)c1cccnc1	0.027188
rxn:2:131385:121219	CCCC(Nc1cc(Cc2ccc(C)cc2)ncn1)c1ccncc1	0.027188
rxn:2:147092:110686	Cc1ccc2nc(-c3cn[nH]c3NC3CCC4(CCO4)CC3)[nH]c2c1	0.027182
rxn:2:81887:115275	CCCCC(Nc1nc(N2CCOCC2)[nH]c(=O)c1CC)c1ncccn1	0.027178
rxn:2:70013:94554	COc1ccc(C2CC(NCc3coc(CN(C)C4CCSC4)c3)C2)cc1	0.027172
rxn:2:102205:140084	CC(NCC1CC1CN1CCc2ccccc2C1)c1cc(C2CCC2)ccn1	0.027163
rxn:2:128105:168163	CCCN1CC(C)(C)N(C)CC1CNC(C)c1ccc(-c2ncncc2C)s1	0.027160
rxn:2:89513:168163	CCCN1C(CNC(C)c2ccc(-c3ncncc3C)s2)CN(C)CC1(C)C	0.027160
rxn:2:166337:134526	Cc1c(C)n(C(C)C)c2ncnc(NC(C)c3cc4c([nH]c3=O)CCC4)c12	0.027156
rxn:2:93623:73581	CCCOc1ccc(NC(c2cccc(C3CC3)c2)C2CC2)cc1	0.027155
rxn:2:118100:132476	COc1ccc([C@@H](NC(C)c2cc(C)c(C)s2)c2cccs2)cn1	0.027150
rxn:2:90440:138682	Cc1nsc2cc(NC(C)c3nc4c(n3C(C)C)CCCC4)ccc12	0.027150
rxn:2:78477:74191	COc1ccnc(C(NCc2c3c(c(C(C)C)[nH]c2=O)CCCC3)C2CC2)c1	0.027146
rxn:2:79495:81784	CSc1ncc(C(C)NCCC2CC2c2cn(C)cn2)c(C)n1	0.027131
rxn:2:80159:134526	CCCCn1nnc2c(NC(C)c3cc4c([nH]c3=O)CCC4)ncnc21	0.027129
rxn:2:65970:75601	CCN1CCCc2cc(NC3CCCc4cc(OC(C)C)ccc43)ccc21	0.027127
rxn:2:81263:109549	CSCc1cncc(NC(c2ncc(-c3ccco3)o2)C(C)C)c1	0.027123
rxn:2:164354:89151	COc1ccc2c(c1)cc(CNC1CCc3cc4c(cc31)OCC4)c(=O)n2C	0.027123
rxn:2:84091:91021	CCCCC(Nc1cn(Cc2ccc(C)cc2)nn1)c1cnccn1	0.027120
rxn:2:97104:91021	CCCCC(Nc1ncn(Cc2ccc(C)cc2)n1)c1cnccn1	0.027120
rxn:2:123720:91021	CCCCC(Nc1cnn(Cc2ccc(C)cc2)n1)c1cnccn1	0.027120
rxn:2:115401:138214	Cc1[nH]nc(-c2cccnc2)c1CNC1CCc2c(C(C)C)cccc21	0.027118
rxn:2:149062:132995	CC(N[C@@H]1CCN(c2ncnc3ccccc23)C1)c1cccc(C2CC2)c1	0.027116
rxn:2:141246:66800	CC(NC1CN(Cc2ccccc2)C1)c1cccc(-c2ccsc2)c1	0.027115
rxn:2:121310:137108	CC(NC1CN(Cc2ccsc2)C1)c1cccc(-c2ccccc2)c1	0.027115
rxn:2:121310:67655	CC(NC1CN(Cc2ccsc2)C1)c1ccc(-c2ccccc2)cc1	0.027115
rxn:2:151760:118090	Cn1cnc(-c2nc(=O)nc(NC3CC(C4(C)CCC4)n4nccc43)[nH]2)c1	0.027106
rxn:2:102205:87785	COc1cc(OC)nc(C(C)NCC2CC2CN2CCc3ccccc3C2)c1	0.027105
rxn:2:102205:79348	COc1cc(C(NCC2CC2CN2CCc3ccccc3C2)C2CC2)ccn1	0.027098
rxn:2:79495:155503	Cn1cnc(C2CC2CCNC2CCN(c3ccc4ncccc4c3)C2)c1	0.027092
rxn:2:123275:125648	CC1(C)C(Nc2ccc(SC34CC(C3)C4)cc2)CC1c1ccccc1	0.027084
rxn:2:66656:153408	Cc1cccc(C(N[C@H]2C[C@H](Cn3cccn3)C2)c2ccccc2C)c1	0.027083
rxn:2:121232:96141	Cc1cccc(N2CCC(NC(C)c3cccc(-n4cccn4)c3)C2)c1C	0.027079
rxn:2:167894:132476	Cc1cc(C(C)Nc2c(C3CC3)c(C)nn2-c2ccccn2)sc1C	0.027078
rxn:2:163445:132476	Cc1cc(C(C)Nc2c(C3CC3)c(C)nn2-c2ccncc2)sc1C	0.027078
rxn:2:156338:132476	Cc1cc(C(C)Nc2c(C3CC3)c(C)nn2-c2cccnc2)sc1C	0.027078
rxn:2:166756:132476	Cc1cnccc1-n1nc(C2CC2)cc1NC(C)c1cc(C)c(C)s1	0.027078
rxn:2:160123:132476	Cc1cnc(-n2nccc2NC(C)c2cc(C)c(C)s2)cc1C1CC1	0.027078
rxn:2:168329:132476	Cc1ccncc1-n1nc(C2CC2)cc1NC(C)c1cc(C)c(C)s1	0.027078
rxn:2:166379:132476	Cc1cc(NC(C)c2cc(C)c(C)s2)n(-c2cncc(C3CC3)c2)n1	0.027078
rxn:2:144641:132476	Cc1cncc(-n2nc(C3CC3)cc2NC(C)c2cc(C)c(C)s2)c1	0.027078
rxn:2:150916:132476	Cc1cc(NC(C)c2cc(C)c(C)s2)n(-c2ccc(C3CC3)nc2)n1	0.027078
rxn:2:161301:132476	Cc1ccc(-n2nc(C3CC3)cc2NC(C)c2cc(C)c(C)s2)cn1	0.027078
rxn:2:166641:132476	Cc1cncc(-n2ncc(NC(C)c3cc(C)c(C)s3)c2C2CC2)c1	0.027078
rxn:2:154196:123388	Cc1cnc(-n2nc(C)c(C3CC3)c2NC(C)c2cccs2)c(C)c1	0.027078
rxn:2:121310:152120	CC(NC1CN(Cc2ccsc2)C1)c1cccc(-c2cnc(=O)[nH]c2)c1	0.027075
rxn:2:156652:97600	CCC(NC1CC(C)(C)Cc2c1ccn2-c1nccs1)c1ccco1	0.027073
rxn:2:81263:166112	CCC(Nc1cncc(CSC)c1)c1cc(C)c2[nH]c(=O)ccc2c1	0.027067
rxn:2:110971:94554	COc1ccc(C2CC(NC(Cc3ccc4c(c3)OCO4)CN(C)C)C2)cc1	0.027061
rxn:2:99806:82225	CCOCc1cnc(C)nc1NC(C)c1csc(CN2CCCC(C)C2)n1	0.027057
rxn:2:100556:132595	Cc1nn2ccccc2c1NC(c1ccccn1)c1ccco1	0.027056
rxn:2:157350:91504	Cc1cc(N2CCC(CNC3CCc4cc(C)ncc43)CC2)n2ncnc2c1	0.027055
rxn:2:74468:160053	Cn1ncc2c(N3CCC(Nc4ccc(C56CC(C5)C6)cc4)CC3)ncnc21	0.027051
rxn:2:139592:157008	CCN1CCc2nc(NC(Cn3ccccc3=O)c3cccs3)sc2C1	0.027049
rxn:2:135338:107331	CSc1cc(NC2CC3CCC(C2)N3C2CCCCCC2)cnn1	0.027043
rxn:2:144118:132476	CCc1c(C)nn(-c2cncc(C)c2)c1NC(C)c1cc(C)c(C)s1	0.027042
rxn:2:163191:104705	CN1CCCC(N[C@H]2CCN(c3ncnc4ccccc34)C2)c2ccccc21	0.027040
rxn:2:96303:129749	CCC(NC1CC2(CCCCO2)C1)c1ccc(C(C)C)cc1C(C)C	0.027040
rxn:2:88954:96141	CCc1cc(N2CCC(NC(C)c3cccc(-n4cccn4)c3)C2)ncn1	0.027033
rxn:2:153196:132476	Cc1cc(NC(C)c2cc(C)c(C)s2)n2nc(C)c(C3CCC3)c2n1	0.027031
rxn:2:86658:160406	CCC(NC(C)c1ccc(-c2cnc(C)c(C)c2)cc1C)C1CCCOC1	0.027027
rxn:2:68121:132476	Cc1cc(C(C)Nc2c(C3CCC3)c(C)nn2CC2CCC2)sc1C	0.027025
rxn:2:87398:80762	Cc1ccc(-n2cc(CNC3CCC(C)c4cc(C)ccc43)cn2)cc1	0.027024
rxn:2:129401:160053	Cn1ncc2c(N3CCC(NCc4[nH]nc5c4C4CC4C5)CC3)ncnc21	0.027021
rxn:2:112668:156750	COc1cc(-c2ccco2)cnc1C(C)NC12CC(c3nccs3)(C1)C2	0.027020
rxn:2:122841:120190	COc1cccc(C(Nc2ccc(OC3(C)COC3)cc2)C2CCCC2)c1	0.027017
rxn:2:129364:155128	CCOc1ncccc1-c1cccc2c1CCC2NC1(COC)CC(F)(F)C1	0.027014
rxn:2:82322:155128	CCOc1ncccc1-c1cccc2c1CCC2NCC1(OC)CC(F)(F)C1	0.027014
rxn:2:112333:112261	CCOc1ccccc1C(NCc1nc(=O)[nH][nH]1)c1ccsc1	0.027010
rxn:2:146193:89151	Cc1cc(N2CCC(NC3CCc4cc5c(cc43)OCC5)C2)n2ncnc2n1	0.027004
rxn:2:132418:74816	Cc1c[nH]c2ncnc(NC(C)c3ccc4ccoc4c3)c12	0.027001
rxn:2:132418:96094	Cc1c[nH]c2ncnc(NC(C)c3ccc4occc4c3)c12	0.027001
rxn:2:91874:118090	COc1ccc(-c2nnc(NC3CC(C4(C)CCC4)n4nccc43)o2)cc1	0.026997
rxn:2:82435:118090	COc1cccc(-c2nnc(NC3CC(C4(C)CCC4)n4nccc43)o2)c1	0.026997
rxn:2:114467:118090	COc1ccccc1-c1nnc(NC2CC(C3(C)CCC3)n3nccc32)o1	0.026997
rxn:2:89592:96141	COc1cccnc1N1CCC(NC(C)c2cccc(-n3cccn3)c2)C1	0.026993
rxn:2:65970:129843	CCN1CCCc2cc(NC3CCCc4cc(N5CCCC5)ccc43)ccc21	0.026993
rxn:2:65970:121548	CCN1CCCc2cc(NC3CCCc4ccc(N5CCCC5)cc43)ccc21	0.026993
rxn:2:156652:137784	Cn1ncnc1C(NC1CC(C)(C)Cc2c1ccn2-c1nccs1)C1CC1	0.026990
rxn:2:150621:130954	Cc1ccc2nc(-c3csc(NC4CCC5(CC4)CSC5)n3)[nH]c2c1	0.026989
rxn:2:92339:94554	COc1ccc(C2CC(NCC(CN(C)C)c3ccc4c(c3)OCO4)C2)cc1	0.026985
rxn:2:157350:113009	Cc1cc(N2CCC(CNC3CCOc4ccccc43)CC2)n2ncnc2c1	0.026983
rxn:2:102205:93491	CC(NCC1CC1CN1CCc2ccccc2C1)c1ccnc(OC2CC2)c1	0.026977
rxn:2:96606:74191	COc1ccnc(C(NCC2(CN3CCc4ccccc4C3)CC2)C2CC2)c1	0.026976
rxn:2:115533:160053	Cn1ncc2c(N3CCC(Nc4ccc(SC5CC5)cc4)CC3)ncnc21	0.026975
rxn:2:136927:93200	COCC(C)Oc1ccc2nc(NC(C)c3cc[nH]c(=O)c3)sc2c1	0.026974
rxn:2:86543:71823	CSc1nc2ccc(NC(C)c3nc4c(s3)CCCC4)cc2s1	0.026972
rxn:2:122841:70743	CC1(Oc2ccc(NC(c3ccc4c(c3)CCCO4)C3CCC3)cc2)COC1	0.026964
rxn:2:131385:134435	CCC(Nc1cc(Cc2ccc(C)cc2)ncn1)C1CCCCCCC1	0.026961
rxn:2:163553:93371	Cc1cc2c(cc1C(NC1CC(c3ncc[nH]3)C1)C(C)C)n(C)c(=O)n2C	0.026960
rxn:2:82659:134526	COCCn1cnc2c(NC(C)c3cc4c([nH]c3=O)CCC4)ncnc21	0.026950
rxn:2:115336:156750	COCn1cccc(NC(C)c2ncc(-c3ccco3)cc2OC)c1=O	0.026946
rxn:2:118713:76708	COc1cc(NC(C)c2cccc(C)c2OC)ccc1-n1cnc(C)c1	0.026939
rxn:2:118713:97981	COc1cc(NC(C)c2cccc(OC)c2C)ccc1-n1cnc(C)c1	0.026939
rxn:2:118713:75718	COc1cc(NC(C)c2c(C)cccc2OC)ccc1-n1cnc(C)c1	0.026939
rxn:2:104411:76082	COc1ccc(-n2cc(NC(C)c3cccc(C)c3C)cn2)c(OC)c1	0.026939
rxn:2:74802:76082	COc1ccc(-n2ccnc2NC(C)c2cccc(C)c2C)c(OC)c1	0.026939
rxn:2:68559:77307	CCCSc1ccc(NC(C)CCCN2C(C)CCCC2C)nn1	0.026938
rxn:2:139592:147719	CCN1CCc2nc(NC(C)c3ccc(-c4cnc(C)n4C)cn3)sc2C1	0.026937
rxn:2:114893:99378	COc1cccc(C(C)Nc2cc(-c3nnnn3CC(C)C)ccn2)c1	0.026933
rxn:2:76449:137914	CSCCC1CC(Nc2cc(C(C)(F)F)cc(C(C)(F)F)c2)C1	0.026932
rxn:2:148637:132476	CCc1cc(NC(C)c2cc(C)c(C)s2)n2nc(C)c(C3CC3)c2n1	0.026930
rxn:2:117876:132476	Cc1cc(C(C)Nc2c(C3CCC3)c(C)nn2CC(C)(C)C)sc1C	0.026927
rxn:2:132418:117355	CCOc1ccc(C(C)Nc2ncnc3[nH]cc(C)c23)cc1OCC	0.026921
rxn:2:163191:114976	COc1ccc2c(c1)C(N[C@H]1CCN(c3ncnc4ccccc34)C1)C(C)O2	0.026920
rxn:2:89020:94554	CCC(Cc1ccc2c(c1)OCCCO2)NC1CC(c2ccc(OC)cc2)C1	0.026918
rxn:2:93736:76082	COc1cc(NC(C)c2cccc(C)c2C)ccc1-c1cnc(C)o1	0.026917
rxn:2:138397:76082	COc1ccc(NC(C)c2cccc(C)c2C)cc1-c1ncc(C)o1	0.026917
rxn:2:163553:101494	Cc1cc2c(cc1C(NC1CCOc3ncccc31)C(C)C)n(C)c(=O)n2C	0.026917
rxn:2:67357:94808	COc1cc(OC)c2c(c1C)OCCC2NC1CC2CCC(C1)C21SCCS1	0.026916
rxn:2:90440:124623	Cc1nsc2cc(NC(c3nc4c(s3)CCCC4)C(C)C)ccc12	0.026912
rxn:2:139592:166809	CCN1CCc2nc(NC(C)c3ncc(-c4cncc(C)c4)s3)sc2C1	0.026909
rxn:2:137286:67395	C1CC(CC2(CNC3CC(c4nc(C5CC5)no4)C3)CC3CCC2C3)CCO1	0.026909
rxn:2:126084:118090	CC1(C2CC(Nc3nnc(-c4cc(C5CC5)on4)o3)c3ccnn32)CCC1	0.026907
rxn:2:114893:78183	CCC(Nc1cc(-c2nnnn2CC(C)C)ccn1)c1cncc(C)c1	0.026903
rxn:2:114893:96135	CCC(Nc1cc(-c2nnnn2CC(C)C)ccn1)c1ccnc(C)c1	0.026903
rxn:2:114893:79491	CCC(Nc1cc(-c2nnnn2CC(C)C)ccn1)c1ccc(C)nc1	0.026903
rxn:2:163553:137366	Cc1cc2c(cc1C(NC1CC(c3nccs3)C1)C(C)C)n(C)c(=O)n2C	0.026902
rxn:2:80060:78148	CCC1CCC(CC(C)Nc2nc(-c3ccccc3)sc2C)CC1	0.026901
rxn:2:128189:91021	CCCCC(Nc1cnn(-c2ccccc2)c1OC)c1cnccn1	0.026901
rxn:2:99137:125732	CCC(Nc1cc(-c2nnnn2CC)ccn1)c1cc(C)cc(OC)c1	0.026901
rxn:2:141360:125732	CCC(Nc1ccnc(-c2nnnn2CC)c1)c1cc(C)cc(OC)c1	0.026901
rxn:2:82369:125732	CCC(Nc1cncc(-c2nnnn2CC)c1)c1cc(C)cc(OC)c1	0.026901
rxn:2:86497:125732	CCC(Nc1ncccc1-c1nnnn1CC)c1cc(C)cc(OC)c1	0.026901
rxn:2:135685:125732	CCC(Nc1cccnc1-c1nnnn1CC)c1cc(C)cc(OC)c1	0.026901
rxn:2:89056:125732	CCC(Nc1cccc(-c2nnnn2CC)n1)c1cc(C)cc(OC)c1	0.026901
rxn:2:78554:125732	CCC(Nc1ccc(-c2nnnn2CC)nc1)c1cc(C)cc(OC)c1	0.026901
rxn:2:72417:125732	CCC(Nc1cnccc1-c1nnnn1CC)c1cc(C)cc(OC)c1	0.026901
rxn:2:142271:130954	c1ccc(-c2nc3ccccc3[nH]2)c(NC2CCC3(CC2)CSC3)c1	0.026895
rxn:2:122859:66379	CCc1cc(OC)nc(C(C)Nc2cc(=O)[nH]c(N3CCN(CC)CC3)n2)c1	0.026895
rxn:2:81887:74505	CCc1ccc(OC)c(C(C)Nc2nc(N3CCOCC3)[nH]c(=O)c2CC)n1	0.026893
rxn:2:81887:67968	CCc1cc(C(C)Nc2nc(N3CCOCC3)[nH]c(=O)c2CC)c(OC)cn1	0.026893
rxn:2:157350:100634	Cc1cc(N2CCC(CNC3CCOc4cnccc43)CC2)n2ncnc2c1	0.026893
rxn:2:157350:119081	Cc1cc(N2CCC(CNC3CCOc4ccncc43)CC2)n2ncnc2c1	0.026893
rxn:2:65970:90744	CCN1CCCc2cc(NC3CCCc4c3ccn4CCCN(C)C)ccc21	0.026890
rxn:2:122841:163743	CC1(Oc2ccc(NC(c3cccc(S(C)(=O)=O)c3)C3CCC3)cc2)COC1	0.026887
rxn:2:157350:73133	Cc1ccc2c(c1)CCC2NCC1CCN(c2cc(C)cc3ncnn23)CC1	0.026877
rxn:2:157350:124762	Cc1ccc2c(c1)C(NCC1CCN(c3cc(C)cc4ncnn34)CC1)CC2	0.026877
rxn:2:114106:145028	Cc1cc(-c2ccc3c(c2)C(Nc2cncc(C4CC4)c2)CO3)cs1	0.026873
rxn:2:144340:129950	CC(CCCN1CCSCC1)NC(C)c1cc(=O)[nH]c(-c2ccccn2)n1	0.026870
rxn:2:111868:82225	CC1CCCN(Cc2nc(C(C)Nc3cccc4nscc34)cs2)C1	0.026867
rxn:2:82126:167458	CC(F)(F)c1cncc(NC2COc3cc(-c4ccsc4)ccc32)c1	0.026866
rxn:2:82126:165128	CC(F)(F)c1cncc(NC2COc3cccc(-c4ccsc4)c32)c1	0.026866
rxn:2:80994:155128	CCOc1ncccc1-c1cccc2c1CCC2NC1(CC)CCSCC1	0.026859
rxn:2:163553:122536	Cc1cc2c(cc1C(NC1CC(c3ncn[nH]3)C1)C(C)C)n(C)c(=O)n2C	0.026858
rxn:2:102078:96141	COc1cc(N2CCC(NC(C)c3cccc(-n4cccn4)c3)C2)ncn1	0.026857
rxn:2:139592:163539	CCN1CCc2nc(NC(C)c3ccc(-c4ncc(C)cn4)cn3)sc2C1	0.026854
rxn:2:139592:161266	CCN1CCc2nc(NC(C)c3ccc(-c4cncnc4C)cn3)sc2C1	0.026854
rxn:2:139592:151343	CCN1CCc2nc(NC(C)c3ccc(-c4nccc(C)n4)cn3)sc2C1	0.026854
rxn:2:114893:95846	COc1cncc(C(C)Nc2cc(-c3nnnn3CC(C)C)ccn2)c1	0.026847
rxn:2:123275:88106	Cc1ccc([C@@H]2CCC(Nc3ccc(SC45CC(C4)C5)cc3)C2)cc1	0.026847
rxn:2:143456:118131	Cc1ccc2c(c1)nc(C(NC1CC(c3ncc(C)s3)C1)C(C)C)n2C	0.026839
rxn:2:102205:117059	c1ccc(C(NCC2CC2CN2CCc3ccccc3C2)C2CCOCC2)nc1	0.026838
rxn:2:81263:142005	CCc1ccc(CC(CC(C)C)Nc2cncc(CSC)c2)cc1	0.026835
rxn:2:90440:70192	Cc1ccc(OCCC(C)Nc2ccc3c(C)nsc3c2)c(C)c1	0.026831
rxn:2:93605:74191	COc1ccnc(C(Nc2ccc3c(c2)CN(CC2CCC2)CC3)C2CC2)c1	0.026828
rxn:2:147092:110629	COC1(C)CCC(Nc2[nH]ncc2-c2nc3ccc(C)cc3[nH]2)CC1	0.026825
rxn:2:123275:102349	COCc1cc(N2CCC(Nc3ccc(SC45CC(C4)C5)cc3)CC2)ncn1	0.026819
rxn:2:163191:128174	CCc1cccc2c1OCCC2N[C@H]1CCN(c2ncnc3ccccc23)C1	0.026819
rxn:2:144918:80762	Cc1ccc2c(c1)C(C)CCC2NCc1cnn(-c2cc(C)c(=O)n(C)c2)c1	0.026818
rxn:2:133822:96141	COc1ccccc1N1CCC(NC(C)c2cccc(-n3cccn3)c2)C1	0.026816
rxn:2:77879:168163	Cc1cncnc1-c1ccc(C(C)NC2CCCC(N3CCCC(C)C3)C2)s1	0.026813
rxn:2:126313:105764	CCCCC1CC(NCC2(N3CCCSCC3)CCCCCC2)C1	0.026812
rxn:2:150269:115775	CC(CCCC1CC1)Nc1ccc2[nH]c(-c3ccccn3)nc2c1	0.026811
rxn:2:144704:115775	CC(CCCC1CC1)Nc1cccc2nc(-c3ccccn3)[nH]c12	0.026811
rxn:2:122841:138344	CC1(Oc2ccc(NC(c3ccc4[nH]ncc4c3)C3CC3)cc2)COC1	0.026797
rxn:2:144340:123605	CC(NC(C)c1cc(=O)[nH]c(-c2ccccn2)n1)c1ccc2c(c1)OCO2	0.026796
rxn:2:102205:102773	COc1ccnc(C(NCC2CC2CN2CCc3ccccc3C2)C(C)C)c1	0.026791
rxn:2:79495:81604	CCOc1ccc(C(C)NCCC2CC2c2cn(C)cn2)c(OCC)c1	0.026787
rxn:2:128485:118090	CCc1ccc(-c2nnc(NC3CC(C4(C)CCC4)n4nccc43)o2)s1	0.026785
rxn:2:71391:78148	CCC1CCC(CC(C)NCC2CCC(c3nncn3CC)CC2)CC1	0.026784
rxn:2:65970:152574	CCN1CCCc2cc(NC3CCCc4c3cnn4-c3ncccn3)ccc21	0.026782
rxn:2:87675:82225	CC(C)COc1cc(NC(C)c2csc(CN3CCCC(C)C3)n2)cnn1	0.026781
rxn:2:142401:133657	Cc1ccc2cc(CC(C)(C)CNC3CCC4(CCCOC4)CC3)ccc2n1	0.026775
rxn:2:89512:91021	CCCCC(Nc1cc(Cc2ccccc2)ncn1)c1cnccn1	0.026764
rxn:2:129086:91021	CCCCC(Nc1nccc(Cc2ccccc2)n1)c1cnccn1	0.026764
rxn:2:114928:109907	Cc1csc(-c2nnc(NC(C)c3cccn4ccnc34)o2)c1	0.026764
rxn:2:167225:71823	Cc1cc(N(C)C)nc2cc(NC(C)c3nc4c(s3)CCCC4)ccc12	0.026764
rxn:2:68159:172564	CCOc1ccc(-c2ccc(C(C)N[C@H]3CCN(CC)C3)s2)cc1CC	0.026762
rxn:2:74381:172564	CCOc1ccc(-c2ccc(C(C)N[C@@H]3CCN(CC)C3)s2)cc1CC	0.026762
rxn:2:91883:172564	CCOc1ccc(-c2ccc(C(C)NC3CCN(CC)C3)s2)cc1CC	0.026762
rxn:2:73814:80762	Cc1ccc2c(c1)C(C)CCC2Nc1ccc(Sc2ncn[nH]2)cc1	0.026757
rxn:2:105271:76082	CCC(C)(NC(C)c1cccc(C)c1C)c1noc(-c2cnoc2C)n1	0.026750
rxn:2:80458:87143	CC(CCc1cnsc1)Nc1cnc(-c2cnn(CC3CC3)c2)cn1	0.026749
rxn:2:131540:125732	CCC(NCCn1nnnc1-c1ccsc1)c1cc(C)cc(OC)c1	0.026749
rxn:2:97622:163676	COc1ccc(C(NC(C)c2nc(=O)[nH][nH]2)c2ccsc2)cc1C	0.026749
rxn:2:93595:87143	CC(CCc1cnsc1)Nc1ccc(SCc2ncon2)cc1	0.026747
rxn:2:92049:87143	CC(CCc1cnsc1)Nc1ccccc1SCc1ncon1	0.026747
rxn:2:75344:94554	COc1ccc(C2CC(NC(CCN(C)C)c3ccc4c(c3)OCO4)C2)cc1	0.026742
rxn:2:98885:94554	COc1ccc(C2CC(NCCC(c3ccc4c(c3)OCO4)N(C)C)C2)cc1	0.026742
rxn:2:123908:94554	CCN(C)CC(NC1CC(c2ccc(OC)cc2)C1)c1ccc2c(c1)OCO2	0.026742
rxn:2:109675:163676	CCc1c(NC(c2ccsc2)c2ccc(OC)c(C)c2)ccc(=O)n1C	0.026738
rxn:2:161581:94554	COc1ccc(C2CC(NC(C)Cn3cnc4c(cnn4C)c3=O)C2)cc1	0.026737
rxn:2:108102:76082	COc1cc(NC(C)c2cccc(C)c2C)ccc1Sc1nnc[nH]1	0.026737
rxn:2:71808:156750	COc1cc(-c2ccco2)cnc1C(C)Nc1cccn(C(C)(C)C)c1=O	0.026736
rxn:2:136961:160053	CCSc1ccc(NC2CCN(c3ncnc4c3cnn4C)CC2)cc1	0.026735
rxn:2:115589:76082	COc1ccc2cc(NC(C)c3cccc(C)c3C)ccc2c1C	0.026734
rxn:2:138152:132476	Cc1cc(C(C)Nc2c(C3CC3)c(C)nn2C2CCCCC2)sc1C	0.026733
rxn:2:100136:132476	Cc1cc(C(C)Nc2c(C3CCC3)c(C)nn2C2CCCC2)sc1C	0.026733
rxn:2:111952:154155	COC1(CNC2COc3ccc(-c4cnn(S(C)(=O)=O)c4)cc32)CCCC(C)C1	0.026730
rxn:2:71369:168163	Cc1cncnc1-c1ccc(C(C)NCC2Cc3ccccc3CN2C)s1	0.026727
rxn:2:94944:73581	CC(C)(C)Oc1ccc(NC(c2cccc(C3CC3)c2)C2CC2)cc1	0.026726
rxn:2:67357:126783	c1cc2c(c3c1CCCC3)OCCC2NC1CC2CCC(C1)C21SCCS1	0.026715
rxn:2:67357:104921	c1c2c(cc3c1OCCC3NC1CC3CCC(C1)C31SCCS1)CCCC2	0.026715
rxn:2:121310:83989	COc1cccc(C(NC2CN(Cc3ccsc3)C2)c2ccsc2)c1	0.026713
rxn:2:76246:153606	COc1cc(-c2cnc(C(C)NC3(c4nccs4)CC3)s2)ccc1C	0.026709
rxn:2:103933:125321	CC(C)Oc1n[nH]c2ncnc(NC(C)c3ccnc(C(C)(C)F)c3)c12	0.026706
rxn:2:67823:82225	Cc1ncc2c(NC(C)c3csc(CN4CCCC(C)C4)n3)ncnc2n1	0.026703
rxn:2:122841:90147	CC1(Oc2ccc(NC(c3ccc(S(=O)(=O)F)cc3)C3CC3)cc2)COC1	0.026699
rxn:2:112040:99502	O=S(=O)(CC1CC(Nc2nc(-c3cnccn3)ns2)C1)c1ccccc1	0.026699
rxn:2:168112:103705	CCc1cccc2c1CCCC2Nc1cc(-c2ccc(C)s2)n[nH]c1=O	0.026697
rxn:2:102205:86949	CC(C)n1nccc1C(NCC1CC1CN1CCc2ccccc2C1)C1CC1	0.026689
rxn:2:67357:168733	CC(NC1CC2CCC(C1)C21SCCS1)n1cc2c3c(cccc31)C(=O)CC2	0.026684
rxn:2:115884:156750	COc1cc(-c2ccco2)cnc1C(C)Nc1cccn(C2COC2)c1=O	0.026684
rxn:2:116614:166964	Cc1nc(-c2ccco2)[nH]c(=O)c1C(C)Nc1cccn([C@H]2C[C@H]2F)c1=O	0.026677
rxn:2:123580:91021	CCCCC(Nc1nnc(Cc2ccc(C)cc2)o1)c1cnccn1	0.026664
rxn:2:93172:91021	CCCCC(Nc1nc(Cc2ccc(C)cc2)no1)c1cnccn1	0.026664
rxn:2:82403:80616	CCCS(=O)(=O)c1cnc(C)nc1NC(C)c1csc(N(CC)CC)n1	0.026658
rxn:2:81887:80885	CCc1c(NC(C)c2nc(C3CCC3)c[nH]2)nc(N2CCOCC2)[nH]c1=O	0.026658
rxn:2:66656:165512	Cc1ccsc1-c1ccc2c(c1)CCC2N[C@H]1C[C@H](Cn2cccn2)C1	0.026655
rxn:2:105289:132476	CCC(CC)n1nc(C)c(C2CC2)c1NC(C)c1cc(C)c(C)s1	0.026649
rxn:2:122841:66129	CC1(Oc2ccc(NC(c3ccc4c(c3)COC4)C3CCCC3)cc2)COC1	0.026648
rxn:2:67357:102043	Cc1ccc2c(c1)C(NC1CC3CCC(C1)C31SCCS1)CCCC2	0.026647
rxn:2:145003:134526	Cc1nc2c(=O)nc(NC(C)c3cc4c([nH]c3=O)CCC4)[nH]c2n1C	0.026645
rxn:2:76062:135404	Cc1cc2ncc(C(C)Nc3nnc(-c4cncs4)s3)cn2n1	0.026643
rxn:2:127891:67395	CCCc1ccc2cc(NC3CC(c4nc(C5CC5)no4)C3)ccc2n1	0.026640
rxn:2:149062:126265	CCOc1cccc(C(C)N[C@@H]2CCN(c3ncnc4ccccc34)C2)c1	0.026640
rxn:2:91867:156750	CCCn1cccc(NC(C)c2ncc(-c3ccco3)cc2OC)c1=O	0.026637
rxn:2:79495:138194	CC(NCCC1CC1c1cn(C)cn1)c1ccc(-c2ccccc2)cn1	0.026631
rxn:2:122841:98739	CC1(Oc2ccc(NC(CCN3CCS(=O)(=O)CC3)C(C)(C)C)cc2)COC1	0.026627
rxn:2:76161:118090	Cc1csc(-c2[nH]ncc2CNC2CC(C3(C)CCC3)n3nccc32)c1	0.026625
rxn:2:149062:106780	CC(F)c1cccc(C(C)N[C@@H]2CCN(c3ncnc4ccccc34)C2)c1	0.026625
rxn:2:139624:74191	COc1ccnc(C(NCC(C(C)C)N2CCc3ccccc3C2)C2CC2)c1	0.026620
rxn:2:113797:160053	Cn1ncc2c(N3CCC(Nc4ccc(C5CC5(F)F)cc4)CC3)ncnc21	0.026618
rxn:2:130995:66379	CCc1cc(OC)nc(C(C)Nc2nc(N3CCCC3)[nH]c(=O)c2N=O)c1	0.026612
rxn:2:65970:95933	CCc1ccc2c(c1)CCCCC2Nc1ccc2c(c1)CCCN2CC	0.026612
rxn:2:79692:76082	COc1cc(NC(C)c2cccc(C)c2C)ccc1-c1ccccn1	0.026607
rxn:2:138073:76082	COc1cc(NC(C)c2cccc(C)c2C)ccc1-c1ccncc1	0.026607
rxn:2:67321:140522	CCCC1CCC(Nc2ccccc2-c2ccc(SC)cc2)C1	0.026604
rxn:2:70511:118090	Cc1cc(C)cc(-c2nnc(NC3CC(C4(C)CCC4)n4nccc43)o2)c1	0.026603
rxn:2:83970:118090	Cc1ccc(C)c(-c2nnc(NC3CC(C4(C)CCC4)n4nccc43)o2)c1	0.026603
rxn:2:133533:118090	Cc1ccc(-c2nnc(NC3CC(C4(C)CCC4)n4nccc43)o2)c(C)c1	0.026603
rxn:2:85626:118090	Cc1ccc(-c2nnc(NC3CC(C4(C)CCC4)n4nccc43)o2)cc1C	0.026603
rxn:2:124892:118090	Cc1cccc(-c2nnc(NC3CC(C4(C)CCC4)n4nccc43)o2)c1C	0.026603
rxn:2:114503:133016	CCn1c(C)nnc1C1CCC(CNC(C)CCN(C)CC2CC2)CC1	0.026603
rxn:2:75118:115775	Cc1cccc(C)c1[C@H](NC(C)CCCC1CC1)C1CCCC1	0.026599
rxn:2:102086:73581	c1cc(C2CC2)cc(C(Nc2ccc(OC3CCC3)cc2)C2CC2)c1	0.026594
rxn:2:70643:138214	CCn1cc(-c2ccc(NC3CCc4c(C(C)C)cccc43)nc2)cn1	0.026589
rxn:2:107836:80762	Cc1ccc2c(c1)C(C)CCC2NCc1cnn(-c2cc(C)nc(C)c2)c1	0.026589
rxn:2:74092:80762	Cc1ccc2c(c1)C(C)CCC2NCc1cnn(-c2cc(C)c(C)cn2)c1	0.026589
rxn:2:84951:80762	Cc1ccc2c(c1)C(C)CCC2NCc1cnn(-c2c(C)cncc2C)c1	0.026589
rxn:2:69593:80762	Cc1cnc(-n2cc(CNC3CCC(C)c4cc(C)ccc43)cn2)c(C)c1	0.026589
rxn:2:91306:80762	Cc1cc(C)nc(-n2cc(CNC3CCC(C)c4cc(C)ccc43)cn2)c1	0.026589
rxn:2:95147:80762	Cc1ccc2c(c1)C(C)CCC2NCc1cnn(-c2cc(C)cnc2C)c1	0.026589
rxn:2:101747:80762	Cc1ccc2c(c1)C(C)CCC2NCc1cnn(-c2cnc(C)c(C)c2)c1	0.026589
rxn:2:104883:80762	Cc1ccc2c(c1)C(C)CCC2NCc1cnn(-c2cc(C)ncc2C)c1	0.026589
rxn:2:121505:80762	Cc1ccc2c(c1)C(C)CCC2NCc1cnn(-c2cnc(C)cc2C)c1	0.026589
rxn:2:82403:97977	CCCS(=O)(=O)c1cnc(C)nc1NC(C)c1csc(C2CCCCC2)n1	0.026588
rxn:2:67357:138605	CC(CCc1cnc2ccccc2c1)NC1CC2CCC(C1)C21SCCS1	0.026580
rxn:2:142599:134526	CC(Nc1nc(=N)c2nccnc2n1C)c1cc2c([nH]c1=O)CCC2	0.026579
rxn:2:66539:78148	CCC1CCC(CC(C)NCCn2c(C)nnc2C2CCCCC2)CC1	0.026577
rxn:2:114503:96018	CCC(CC1CCCCC1)NCC1CCC(c2nnc(C)n2CC)CC1	0.026577
rxn:2:114503:66852	CCn1c(C)nnc1C1CCC(CNC(C)CCC2CCCCC2)CC1	0.026577
rxn:2:129548:123195	CCc1n[nH]c2sc(CNC3CC(C)(C)C3c3ccccc3)c(C)c12	0.026576
rxn:2:129548:125648	CCc1n[nH]c2sc(CNC3CC(c4ccccc4)C3(C)C)c(C)c12	0.026576
rxn:2:68182:122997	CCCC(N[C@@H]1CCN(CC(C)C)C1)c1ccc(-c2ccccc2)s1	0.026575
rxn:2:67357:82416	CC1(C)CC(NC2CC3CCC(C2)C32SCCS2)C1OCc1ccccc1	0.026569
rxn:2:146240:125321	CC(Nc1ncnc2[nH]c(=O)[nH]c(=O)c12)c1ccnc(C(C)(C)F)c1	0.026566
rxn:2:82093:124477	Cc1ccc(S(=O)(=O)CC2CC(Nc3nc(-c4ccco4)ns3)C2)cc1	0.026564
rxn:2:121310:143071	Cc1ccc(-c2cccc(C(C)NC3CN(Cc4ccsc4)C3)c2)cn1	0.026563
rxn:2:121310:158230	Cc1cccc(-c2ccc(C(C)NC3CN(Cc4ccsc4)C3)cn2)c1	0.026563
rxn:2:121310:142553	Cc1cccc(-c2cc(C(C)NC3CN(Cc4ccsc4)C3)ccn2)c1	0.026563
rxn:2:121310:155253	Cc1cnccc1-c1cccc(C(C)NC2CN(Cc3ccsc3)C2)c1	0.026563
rxn:2:93081:96141	CC(NC1CCN(c2ncnc3c2CCC3)C1)c1cccc(-n2cccn2)c1	0.026561
rxn:2:149062:124713	CC(C)c1cccc(C(C)N[C@@H]2CCN(c3ncnc4ccccc34)C2)c1	0.026555
rxn:2:103970:91021	CCCCC(Nc1ccn(Cc2ccc(C)cc2)n1)c1cnccn1	0.026553
rxn:2:141109:91021	CCCCC(Nc1nccn1Cc1ccc(C)cc1)c1cnccn1	0.026553
rxn:2:112668:153413	COc1cc(-c2cnc(C(C)NC34CC(c5nccs5)(C3)C4)s2)ccn1	0.026549
rxn:2:112668:157995	COc1ncc(-c2ccc(C(C)NC34CC(c5nccs5)(C3)C4)s2)cn1	0.026549
rxn:2:112668:157403	COc1cncnc1-c1ccc(C(C)NC23CC(c4nccs4)(C2)C3)s1	0.026549
rxn:2:112668:159758	COc1ccc(-c2ncc(C(C)NC34CC(c5nccs5)(C3)C4)s2)cn1	0.026549
rxn:2:140730:155423	c1cc(NC2CCCc3c2nnc2ncnn32)c2sccc2n1	0.026547
rxn:2:138220:162733	Cc1n[nH]c(NC(C)c2ccc(-c3ncc[nH]c3=O)cn2)c1C(C)C	0.026537
rxn:2:116614:156549	CCC(Nc1cccn([C@H]2C[C@H]2F)c1=O)c1ccc2cc(C)ccc2c1	0.026532
rxn:2:129548:135643	CCc1n[nH]c2sc(CNC3CCC(Oc4ncccn4)CC3)c(C)c12	0.026532
rxn:2:118201:87143	CCc1n[nH]c(NC(C)CCc2cnsc2)c1Cc1ccccc1	0.026529
rxn:2:99357:118090	Cn1ncc2ccc(C3CC3)c(NC3CC(C4(C)CCC4)n4nccc43)c21	0.026526
rxn:2:85678:67395	COc1cc(C)nc2ccc(CNC3CC(c4nc(C5CC5)no4)C3)cc12	0.026525
rxn:2:91873:125732	CCC(Nc1cccc(-c2nnnn2CC)c1)c1cc(C)cc(OC)c1	0.026522
rxn:2:108922:125732	CCC(Nc1ccc(-c2nnnn2CC)cc1)c1cc(C)cc(OC)c1	0.026522
rxn:2:82403:70975	CCCS(=O)(=O)c1cnc(C)nc1NC(C)c1cc(CN2CCCC2)cs1	0.026519
rxn:2:123275:112856	c1nc(C2CC2)cc(N2CCC(Nc3ccc(SC45CC(C4)C5)cc3)CC2)n1	0.026513
rxn:2:121377:160053	COc1ccc2c(c1)OC[C@H]2NC1CCN(c2ncnc3c2cnn3C)CC1	0.026511
rxn:2:114893:119230	CCC(Nc1cc(-c2nnnn2CC(C)C)ccn1)c1cccc(C)c1	0.026510
rxn:2:114893:114966	CCC(Nc1cc(-c2nnnn2CC(C)C)ccn1)c1ccc(C)cc1	0.026510
rxn:2:114503:89012	CCn1c(C)nnc1C1CCC(CNC(C)CC2CCC(F)(F)CC2)CC1	0.026500
rxn:2:154196:87859	Cc1cnc(-n2nc(C)c(C3CC3)c2NC(C)c2cc(C)ns2)c(C)c1	0.026489
rxn:2:154196:94404	Cc1cnc(-n2nc(C)c(C3CC3)c2NC(C)c2cnc(C)s2)c(C)c1	0.026489
rxn:2:154196:113167	Cc1cnc(-n2nc(C)c(C3CC3)c2NC(C)c2ncc(C)s2)c(C)c1	0.026489
rxn:2:132418:119666	Cc1c[nH]c2ncnc(NC(C)c3ccc4c(c3)ncn4C)c12	0.026471
rxn:2:97653:153606	COc1cc(-c2cnc(C(C)NC3(c4nccs4)COC3)s2)ccc1C	0.026470
rxn:2:102205:101185	c1ccc2c(c1)CCN(CC1CC1CNC(c1ccc3c(n1)CCC3)C1CC1)C2	0.026465
rxn:2:88730:155128	CCOc1ncccc1-c1cccc2c1CCC2NC1(CC)CC(C)(C)C1	0.026461
rxn:2:121310:135748	CC(NC1CN(Cc2ccsc2)C1)c1cccc(Oc2ncccn2)c1	0.026459
rxn:2:132418:96532	Cc1c[nH]c2ncnc(NC(C)c3ccn4c(C)cnc4c3)c12	0.026451
rxn:2:129548:88744	CCc1n[nH]c2sc(CNC(C)c3cnn(C4CCOCC4)c3)c(C)c12	0.026450
rxn:2:76062:70866	CC(Nc1nnc(-c2cncs2)s1)c1cc2sccc2s1	0.026449
rxn:2:166860:81324	CCCc1nn(-c2ccnc(C(C)C)c2)cc1NC1CCN(CC)CC1(C)C	0.026442
rxn:2:118713:65966	COc1cc(NC(c2ccnn2C)C2CC(C)C2)ccc1-n1cnc(C)c1	0.026436
rxn:2:112040:71193	CC(C)CC(COc1ccccc1)Nc1nc(-c2cnccn2)ns1	0.026421
rxn:2:112668:164150	CCn1ncc(C)c1-c1cnc(C(C)NC23CC(c4nccs4)(C2)C3)s1	0.026409
rxn:2:96889:105764	CCCCC1CC(NCc2csc(CSc3ccccc3)n2)C1	0.026408
rxn:2:81887:108255	CCc1c(NC(c2cc(OC)ncn2)C(C)C)nc(N2CCOCC2)[nH]c1=O	0.026408
rxn:2:144340:117820	CCC(CCC1CCCCC1)NC(C)c1cc(=O)[nH]c(-c2ccccn2)n1	0.026407
rxn:2:116614:130166	Cc1cccc(CC(Nc2cccn([C@H]3C[C@H]3F)c2=O)c2cccnc2)c1	0.026402
rxn:2:113699:168163	Cc1cncnc1-c1ccc(C(C)NCC2CN(C)CC(C)(C)CN2C(C)C)s1	0.026393
rxn:2:163553:85747	Cc1cc2c(cc1C(NC1CC(c3cnn(C)c3)C1)C(C)C)n(C)c(=O)n2C	0.026379
rxn:2:81887:87785	CCc1c(NC(C)c2cc(OC)cc(OC)n2)nc(N2CCOCC2)[nH]c1=O	0.026379
rxn:2:81887:105282	CCc1c(NC(C)c2cc(OC)nc(OC)c2)nc(N2CCOCC2)[nH]c1=O	0.026379
rxn:2:81887:107149	CCc1c(NC(C)c2ccc(OC)c(OC)n2)nc(N2CCOCC2)[nH]c1=O	0.026379
rxn:2:81887:132603	CCc1c(NC(C)c2ccc(OC)nc2OC)nc(N2CCOCC2)[nH]c1=O	0.026379
rxn:2:110219:66800	CC(N[C@@H]1CCN(Cc2ccncc2)C1)c1cccc(-c2ccsc2)c1	0.026377
rxn:2:115247:66800	CC(NC1CCN(Cc2ccncc2)C1)c1cccc(-c2ccsc2)c1	0.026377
rxn:2:138645:66800	CC(N[C@H]1CCN(Cc2ccncc2)C1)c1cccc(-c2ccsc2)c1	0.026377
rxn:2:91233:156750	COc1cc(-c2ccco2)cnc1C(C)Nc1cccn([C@@H]2C[C@H]2F)c1=O	0.026371
rxn:2:108771:156750	COc1cc(-c2ccco2)cnc1C(C)Nc1cccn([C@@H]2C[C@@H]2F)c1=O	0.026371
rxn:2:140998:156750	COc1cc(-c2ccco2)cnc1C(C)Nc1cccn([C@H]2C[C@@H]2F)c1=O	0.026371
rxn:2:121310:115988	Cc1cccc(C)c1C(NC1CN(Cc2ccsc2)C1)c1ccsc1	0.026371
rxn:2:121310:100930	Cc1cc(C)cc(C(NC2CN(Cc3ccsc3)C2)c2ccsc2)c1	0.026371
rxn:2:121310:123171	Cc1cccc(C(NC2CN(Cc3ccsc3)C2)c2ccsc2)c1C	0.026371
rxn:2:132418:75791	Cc1c[nH]c2ncnc(NC(C)c3ccc4nccnc4c3)c12	0.026361
rxn:2:132418:138357	Cc1c[nH]c2ncnc(NC(C)c3ccc4nnccc4c3)c12	0.026361
rxn:2:132418:66545	Cc1c[nH]c2ncnc(NC(C)c3ccc4cnncc4c3)c12	0.026361
rxn:2:132418:95838	Cc1c[nH]c2ncnc(NC(C)c3cnc4cccnc4c3)c12	0.026361
rxn:2:132418:136560	Cc1c[nH]c2ncnc(NC(C)c3ccc4ccnnc4c3)c12	0.026361
rxn:2:132418:139213	Cc1c[nH]c2ncnc(NC(C)c3ccc4ncncc4c3)c12	0.026361
rxn:2:67869:149207	c1cc(-c2ccc3c(c2)CCC(NC2COC4(COC4)C2)C3)c2cn[nH]c2c1	0.026354
rxn:2:102256:154155	Cn1cncc(NC2COc3ccc(-c4cnn(S(C)(=O)=O)c4)cc32)c1=O	0.026343
rxn:2:102205:102464	COc1cccc(C(NCC2CC2CN2CCc3ccccc3C2)C2CC2)c1	0.026341
rxn:2:102205:129100	COc1ccc(C(NCC2CC2CN2CCc3ccccc3C2)C2CC2)cc1	0.026341
rxn:2:102205:123917	COc1ccccc1C(NCC1CC1CN1CCc2ccccc2C1)C1CC1	0.026341
rxn:2:112668:167167	COc1ccc2[nH]nc(C(NC34CC(c5nccs5)(C3)C4)C(C)C)c2c1	0.026337
rxn:2:112594:96141	Cc1ncnc(N2CCCC(NC(C)c3cccc(-n4cccn4)c3)C2)c1C	0.026331
rxn:2:72786:122899	Cc1nc2c(NC3CCCCCCCCCCCCCC3)ncnc2n1C	0.026329
rxn:2:161952:76082	COc1cc(NC(C)c2cccc(C)c2C)ccc1-c1cncnc1C	0.026328
rxn:2:149062:94638	CSc1cccc(C(C)N[C@@H]2CCN(c3ncnc4ccccc34)C2)c1	0.026325
rxn:2:156652:94413	CCC(NC1CC(C)(C)Cc2c1ccn2-c1nccs1)c1cccnc1	0.026320
rxn:2:156652:141827	CCC(NC1CC(C)(C)Cc2c1ccn2-c1nccs1)c1ccncc1	0.026320
rxn:2:122841:128208	CC1(Oc2ccc(NC(c3ccc(C(C)(C)C)cc3)C3CC3)cc2)COC1	0.026316
rxn:2:134922:132476	Cc1cc(C(C)Nc2c(C3CC3)c(C)nn2C(C)C(C)(C)C)sc1C	0.026306
rxn:2:95402:121979	CC(NCC1CN(C)CC(C)(C)N1c1ccccc1)c1ccc(C(C)(C)C)s1	0.026296
rxn:2:121310:166049	Cc1ccc(C)n1-c1cccc(C(C)NC2CN(Cc3ccsc3)C2)c1	0.026296
rxn:2:143391:115775	CC(CCCC1CC1)Nc1cccc(-n2cnc3ccccc32)c1	0.026296
rxn:2:163553:131815	Cc1cc2c(cc1C(NC1CC(c3ncnn3C)C1)C(C)C)n(C)c(=O)n2C	0.026294
rxn:2:66656:157452	c1ccc2cc3c(cc2c1)CCCCC3N[C@H]1C[C@H](Cn2cccn2)C1	0.026292
rxn:2:67357:154025	c1ccc2c3c(ccc2c1)C(NC1CC2CCC(C1)C21SCCS1)CCO3	0.026288
rxn:2:77589:96141	COc1cccc(C(C)(F)CNC(C)c2cccc(-n3cccn3)c2)c1	0.026288
rxn:2:88628:94554	COc1ccc(C2CC(NC(CCSC)c3ccc4c(c3)OCO4)C2)cc1	0.026286
rxn:2:137870:125732	CCC(Nc1nn(CC(C)C)c2nccnc12)c1cc(C)cc(OC)c1	0.026285
rxn:2:132418:122402	Cc1c[nH]c2ncnc(NC(C)c3cnc4nccnc4c3)c12	0.026278
rxn:2:79495:79640	Cc1ccsc1-c1cnc(C(C)NCCC2CC2c2cn(C)cn2)nc1	0.026278
rxn:2:79495:78178	Cc1ccc(-c2ncc(C(C)NCCC3CC3c3cn(C)cn3)s2)cn1	0.026278
rxn:2:139592:162685	CCN1CCc2nc(NC(C)c3cc(-c4ccc(C)nc4)ccn3)sc2C1	0.026268
rxn:2:139592:149076	CCN1CCc2nc(NC(C)c3cnc(-c4ccc(C)cc4)cn3)sc2C1	0.026268
rxn:2:102205:129852	COc1ncc(C(NCC2CC2CN2CCc3ccccc3C2)C2CCC2)[nH]1	0.026266
rxn:2:122841:160214	Cn1cc2ccc(C(Nc3ccc(OC4(C)COC4)cc3)C3CC3)cc2n1	0.026264
rxn:2:73451:156750	COc1cc(-c2ccco2)cnc1C(C)Nc1cccn(C2(C)CC2)c1=O	0.026263
rxn:2:75207:93200	CCCOc1cc(-c2nccs2)ccc1NC(C)c1cc[nH]c(=O)c1	0.026260
rxn:2:84468:134526	CSc1nc2c(NC(C)c3cc4c([nH]c3=O)CCC4)ncnc2[nH]1	0.026243
rxn:2:121522:66379	CCc1cc(OC)nc(C(C)NC(Cc2ccccc2)CC2CCCO2)c1	0.026239
rxn:2:163553:76305	Cc1cc2c(cc1C(NC1CC(c3ccccn3)C1)C(C)C)n(C)c(=O)n2C	0.026228
rxn:2:139701:103571	COc1ccc(-c2n[nH]c(CNC(C)c3cc4c(s3)CCCC4)n2)cc1	0.026227
rxn:2:162522:80762	Cc1ccc2c(c1)C(C)CCC2Nc1nc2n[nH]c(=O)nc2c(=O)[nH]1	0.026217
rxn:2:124492:160053	CC(C)N(C)c1ccccc1NC1CCN(c2ncnc3c2cnn3C)CC1	0.026214
rxn:2:81594:73581	CC1(Cn2cc(NC(c3cccc(C4CC4)c3)C3CC3)ccc2=O)CCC1	0.026206
rxn:2:126503:71823	CC(C)c1nc2ccc(NC(C)c3nc4c(s3)CCCC4)cc2s1	0.026200
rxn:2:89435:71823	CC(C)c1nc2cc(NC(C)c3nc4c(s3)CCCC4)ccc2s1	0.026200
rxn:2:82702:138146	CCC(Cc1cccnc1)NCC1CCc2sc(-c3ccncc3)nc21	0.026198
rxn:2:116614:93152	CCCC(Nc1cccn([C@H]2C[C@H]2F)c1=O)c1ncc(-c2ccco2)o1	0.026197
rxn:2:102205:103871	CC(NCC1CC1CN1CCc2ccccc2C1)c1[nH]nc2cnccc12	0.026195
rxn:2:144252:78603	CCS(=O)(=O)c1sc2[nH]nc(NC3CC(c4ccccc4)C3C)c2c1C	0.026191
rxn:2:99626:124477	Cc1ccc(S(=O)(=O)CC2CC(Nc3ccc4nc(C)ccc4c3)C2)cc1	0.026190
rxn:2:138158:168163	Cc1cncnc1-c1ccc(C(C)NCC2CN(C(C)C)C(C)(C)CCN2C)s1	0.026189
rxn:2:147092:104190	Cc1ccc2nc(-c3cn[nH]c3NC3CC4(CCSCC4)C3)[nH]c2c1	0.026186
rxn:2:131133:89151	c1nc(N2CCC(CNC3CCc4cc5c(cc43)OCC5)C2)c2sccc2n1	0.026186
rxn:2:76944:125321	Cc1cc(NC(C)c2ccnc(C(C)(C)F)c2)nn1C1CCCCCC1	0.026184
rxn:2:125784:78148	CCC1CCC(CC(C)NCCn2c(C)nnc2CC2CCCC2)CC1	0.026178
rxn:2:152872:103571	Cc1sc2nc(CCNC(C)c3cc4c(s3)CCCC4)[nH]c(=O)c2c1C	0.026176
rxn:2:116614:158024	COc1cc(OC)c2ccoc2c1C(C)Nc1cccn([C@H]2C[C@H]2F)c1=O	0.026171
rxn:2:135338:130922	CSc1cc(NC(CCCn2cccn2)c2ccccc2)cnn1	0.026168
rxn:2:152814:76082	COc1cc(NC(C)c2cccc(C)c2C)ccc1-n1cc(C)nc1C	0.026164
rxn:2:145973:76082	COc1cc(NC(C)c2cccc(C)c2C)ccc1-n1nc(C)cc1C	0.026164
rxn:2:160478:76082	COc1cc(C)ccc1-n1ncc(NC(C)c2cccc(C)c2C)c1C	0.026164
rxn:2:118713:81749	COc1cc(NC(C)c2c(C)ccc(C)c2C)ccc1-n1cnc(C)c1	0.026164
rxn:2:118713:101622	COc1cc(NC(C)c2cc(C)c(C)cc2C)ccc1-n1cnc(C)c1	0.026164
rxn:2:130628:103571	CC(NCCN1CCC(N(C)c2cccs2)CC1)c1cc2c(s1)CCCC2	0.026159
rxn:2:70657:111998	Cc1ccc2c(c1C)CCCC2NCc1cccnc1OCC1CC(F)(F)C1	0.026159
rxn:2:163553:122317	Cc1nnc(C2CC(NC(c3cc4c(cc3C)n(C)c(=O)n4C)C(C)C)C2)o1	0.026158
rxn:2:112668:112817	COc1ccsc1-c1ncc(C(C)NC23CC(c4nccs4)(C2)C3)s1	0.026153
rxn:2:125435:118090	CCc1ccc(-c2nnc(NC3CC(C4(C)CCC4)n4nccc43)o2)cc1	0.026152
rxn:2:108497:80762	CCc1cncc(-n2cc(CNC3CCC(C)c4cc(C)ccc43)cn2)c1	0.026148
rxn:2:68629:140522	CCCC1CCC(N[C@@H](CC2CC2)c2cccc(C(C)C)c2)C1	0.026146
rxn:2:81489:76082	COc1cc2ccc(NC(C)c3cccc(C)c3C)cc2cc1OC	0.026145
rxn:2:81887:69876	CCc1c(NC2CC(COc3ncccn3)C2)nc(N2CCOCC2)[nH]c1=O	0.026143
rxn:2:112040:85031	CC1(C(Nc2nc(-c3cnccn3)ns2)c2ccccc2C2CC2)CC1	0.026142
rxn:2:71165:118998	COc1ccccc1-n1nnnc1C(C)NC1CCOc2c(C)cc(C)cc21	0.026134
rxn:2:139592:154362	CCN1CCc2nc(NC(C)c3ccc(-c4cc(=O)[nH]cn4)cn3)sc2C1	0.026133
rxn:2:139592:162733	CCN1CCc2nc(NC(C)c3ccc(-c4ncc[nH]c4=O)cn3)sc2C1	0.026133
rxn:2:81829:166390	Cc1cncc(-c2ccc3c(c2)CCCC3NC2CC(Cn3ccnn3)C2)c1	0.026131
rxn:2:116476:166390	Cc1cncc(-c2ccc3c(c2)CCCC3N[C@H]2C[C@H](Cn3ccnn3)C2)c1	0.026131
rxn:2:121102:166390	Cc1cncc(-c2ccc3c(c2)CCCC3N[C@H]2C[C@@H](Cn3ccnn3)C2)c1	0.026131
rxn:2:117118:166390	Cc1cncc(-c2ccc3c(c2)CCCC3N[C@H]2C[C@@H](Cn3cncn3)C2)c1	0.026131
rxn:2:125935:166390	Cc1cncc(-c2ccc3c(c2)CCCC3N[C@H]2C[C@H](Cn3cncn3)C2)c1	0.026131
rxn:2:128683:166390	Cc1cncc(-c2ccc3c(c2)CCCC3NC2CC(Cn3cncn3)C2)c1	0.026131
rxn:2:84682:91021	CCCCC(Nc1n[nH]c(Cc2ccc(C)cc2)n1)c1cnccn1	0.026129
rxn:2:97942:111998	Cc1cccc(-c2cc(NC3CCCc4c3ccc(C)c4C)n(C)n2)c1	0.026111
rxn:2:96282:125732	CCC(Nc1cc(-c2ccsc2)ccn1)c1cc(C)cc(OC)c1	0.026111
rxn:2:113423:94554	COc1ccc(C2CC(NCC(OC(C)C)c3ccc4c(c3)OCO4)C2)cc1	0.026105
rxn:2:144340:109227	CC(CCCC1CCCN(C)C1)NC(C)c1cc(=O)[nH]c(-c2ccccn2)n1	0.026105
rxn:2:142401:68225	Cc1ccc2cc(CC(C)(C)CNC3CC(c4nc(C)no4)C3)ccc2n1	0.026104
rxn:2:142401:117056	Cc1ccc2cc(CC(C)(C)CNC3CC(c4noc(C)n4)C3)ccc2n1	0.026104
rxn:2:142401:122317	Cc1ccc2cc(CC(C)(C)CNC3CC(c4nnc(C)o4)C3)ccc2n1	0.026104
rxn:2:75765:120877	Cc1cc(NC(C)c2cnc3[nH]ccc3n2)cc2cccnc12	0.026103
rxn:2:132418:82325	Cc1c[nH]c2ncnc(NC(C)c3ccc4ncccc4c3)c12	0.026103
rxn:2:132418:126689	Cc1c[nH]c2ncnc(NC(C)c3ccc4cccnc4c3)c12	0.026103
rxn:2:132418:83539	Cc1c[nH]c2ncnc(NC(C)c3ccc4ccncc4c3)c12	0.026103
rxn:2:132418:122239	Cc1c[nH]c2ncnc(NC(C)c3ccc4cnccc4c3)c12	0.026103
rxn:2:66957:163676	COc1ccc(C(N[C@@H]2CCN(C3CCOCC3)C[C@@H]2F)c2ccsc2)cc1C	0.026100
rxn:2:68559:134520	CCCSc1ccc(NC(C)CCc2cn3ccccc3n2)nn1	0.026093
rxn:2:129548:73283	CCc1n[nH]c2sc(CNC3CCCCC3c3ccccc3)c(C)c12	0.026092
rxn:2:129548:75715	CCc1n[nH]c2sc(CNC3CCCC(c4ccccc4)C3)c(C)c12	0.026092
rxn:2:129548:116641	CCc1n[nH]c2sc(CNC3CCC[C@@H](c4ccccc4)C3)c(C)c12	0.026092
rxn:2:129548:116994	CCc1n[nH]c2sc(CNC3CCC[C@H](c4ccccc4)C3)c(C)c12	0.026092
rxn:2:129548:70812	CCc1n[nH]c2sc(CNC3CCC(c4ccccc4)CC3)c(C)c12	0.026092
rxn:2:102205:70782	Cc1cccc(C)c1C(NCC1CC1CN1CCc2ccccc2C1)C1CC1	0.026085
rxn:2:102205:127803	Cc1ccc(C(NCC2CC2CN2CCc3ccccc3C2)C2CC2)cc1C	0.026085
rxn:2:102205:132178	Cc1cc(C)cc(C(NCC2CC2CN2CCc3ccccc3C2)C2CC2)c1	0.026085
rxn:2:102205:97161	Cc1ccc(C(NCC2CC2CN2CCc3ccccc3C2)C2CC2)c(C)c1	0.026085
rxn:2:102205:127316	Cc1ccc(C)c(C(NCC2CC2CN2CCc3ccccc3C2)C2CC2)c1	0.026085
rxn:2:82126:107153	CC(F)(F)c1cncc(NC(c2ccccc2)C23CCCC(CC2)C3)c1	0.026083
rxn:2:112108:118090	Cc1c(C2(C)CC2)nn(CC(C)C)c1NC1CC(C2(C)CCC2)n2nccc21	0.026079
rxn:2:80798:115775	CSc1nnc(COc2ccc(NC(C)CCCC3CC3)cc2)o1	0.026076
rxn:2:65970:153437	CCN1CCCc2cc(NC3CCCc4c3cnn4-c3ccccn3)ccc21	0.026065
rxn:2:144261:80762	CCn1cc(-n2cc(CNC3CCC(C)c4cc(C)ccc43)cn2)ccc1=O	0.026058
rxn:2:69128:82225	CCS(=O)(=O)c1cnc(C)nc1NC(C)c1csc(CN2CCCC(C)C2)n1	0.026057
rxn:2:89569:82225	CCS(=O)(=O)c1cnc(NC(C)c2csc(CN3CCCC(C)C3)n2)nc1C	0.026057
rxn:2:96211:168163	Cc1cncnc1-c1ccc(C(C)NCC2CCc3ccccc3N2C)s1	0.026057
rxn:2:87047:91021	CCCCC(Nc1cc(CCC2CCCCC2)ncn1)c1cnccn1	0.026054
rxn:2:144340:138435	CC(CCCN1CCCCC1C)NC(C)c1cc(=O)[nH]c(-c2ccccn2)n1	0.026052
rxn:2:144340:105408	CC(CCCN1CCCCCC1)NC(C)c1cc(=O)[nH]c(-c2ccccn2)n1	0.026052
rxn:2:118713:89833	COc1cc(NC(c2ccc(C)o2)C(C)(C)C)ccc1-n1cnc(C)c1	0.026037
rxn:2:138896:82225	CCS(=O)(=O)c1ncc(NC(C)c2csc(CN3CCCC(C)C3)n2)cn1	0.026033
rxn:2:86030:78148	CCC1CCC(CC(C)Nc2c3c(nn2CC(C)(C)C)CC2CC32)CC1	0.026032
rxn:2:83329:82225	COCc1cn([C@H]2C[C@@H](NC(C)c3csc(CN4CCCC(C)C4)n3)C2)nn1	0.026031
rxn:2:106905:138146	CCC(Cc1cccnc1)NCc1ncccc1Cn1nc(C)nc1C	0.026018
rxn:2:108945:132476	Cc1cc(C(C)Nc2c(C3CC3)c(C)nn2CCC(C)(C)C)sc1C	0.026015
rxn:2:149062:112506	CCCc1cccc(C(C)N[C@@H]2CCN(c3ncnc4ccccc34)C2)c1	0.026001
rxn:2:138587:78603	Cc1c(CNC2CC(c3ccccc3)C2C)sc2[nH]nc(C(C)C)c12	0.026000
rxn:2:114928:140474	Cc1csc(-c2nnc(NC(C)c3ccc4ccoc4n3)o2)c1	0.025998
rxn:2:134173:107408	CC(Nc1nc2c(s1)C(F)(F)CC2)c1ccc(-c2ccsc2)s1	0.025990
rxn:2:133670:71205	CCCSc1ccc(CNC(C)CCC2(C3CCC3)COC2)cn1	0.025988
rxn:2:73818:89151	Cc1ccccc1CC(NC1CCc2cc3c(cc21)OCC3)c1cnn(C)c1	0.025986
rxn:2:131649:118518	COc1ccc2c(c1C)CCC2NCc1cn(C2CCSCC2)nc1C(C)C	0.025977
rxn:2:78582:93200	CC(C)CCOc1ccc2nc(NC(C)c3cc[nH]c(=O)c3)sc2c1	0.025970
rxn:2:162489:87143	COc1cccc(Cn2[nH]c(=O)cc2NC(C)CCc2cnsc2)c1	0.025956
rxn:2:117512:166390	Cc1cncc(-c2ccc3c(c2)CCCC3NCC(C)Cn2cccn2)c1	0.025955
rxn:2:102370:138146	CCC(Cc1cccnc1)NC1CCCc2c1ccn2Cc1nccs1	0.025955
rxn:2:109859:156750	COc1cc(-c2ccco2)cnc1C(C)Nc1cccn(C2CCC2)c1=O	0.025949
rxn:2:131629:67395	CC(C)(CNC1CC(c2nc(C3CC3)no2)C1)Cc1ccc(S(C)(=O)=O)cc1	0.025948
rxn:2:147092:88126	Cc1ccc2nc(-c3cn[nH]c3NC3CCC4(CCS4)CC3)[nH]c2c1	0.025947
rxn:2:122841:95673	CC1(Oc2ccc(NC(c3cccc(CN4CCC4)c3)C3CC3)cc2)COC1	0.025947
rxn:2:122841:104452	CC1(Oc2ccc(NC(c3ccc(CN4CCC4)cc3)C3CC3)cc2)COC1	0.025947
rxn:2:122841:113154	Cc1ccc(C(Nc2ccc(OC3(C)COC3)cc2)C2CCCC2)cc1C	0.025928
rxn:2:122841:120542	Cc1cc(C)cc(C(Nc2ccc(OC3(C)COC3)cc2)C2CCCC2)c1	0.025928
rxn:2:122841:106259	Cc1cccc(C)c1C(Nc1ccc(OC2(C)COC2)cc1)C1CCCC1	0.025928
rxn:2:86978:143157	COc1csc(-c2ccc3c(c2)OCC3Nc2cnccc2S(C)(=O)=O)c1	0.025928
rxn:2:164646:71823	CC(Nc1cnc2[nH]nc(C3CCOCC3)c2c1)c1nc2c(s1)CCCC2	0.025925
rxn:2:98236:160053	Cn1ncc2c(N3CCC(NCc4cccc(C(C)(F)F)n4)CC3)ncnc21	0.025919
rxn:2:69141:82225	CCS(=O)(=O)c1cnc(NC(C)c2csc(CN3CCCC(C)C3)n2)c(C)c1	0.025914
rxn:2:121615:82225	CCS(=O)(=O)c1ccc(NC(C)c2csc(CN3CCCC(C)C3)n2)nc1C	0.025914
rxn:2:119873:82225	CCS(=O)(=O)c1ncc(NC(C)c2csc(CN3CCCC(C)C3)n2)cc1C	0.025914
rxn:2:144340:71520	CC(CCC1CCCCCC1)NC(C)c1cc(=O)[nH]c(-c2ccccn2)n1	0.025910
rxn:2:90395:155128	CCOc1ncccc1-c1cccc2c1CCC2NC1(CC)CCCCC1	0.025899
rxn:2:118713:87508	COc1cc(NC(C)c2ccccc2S(C)(=O)=O)ccc1-n1cnc(C)c1	0.025898
rxn:2:84155:76082	COc1cc(NC(C)c2cccc(C)c2C)ccc1Oc1ccncn1	0.025898
rxn:2:144340:67539	CC(NC(CCC1CCOCC1)C(C)C)c1cc(=O)[nH]c(-c2ccccn2)n1	0.025897
rxn:2:137790:134526	CC(C)CCn1cnc2c(NC(C)c3cc4c([nH]c3=O)CCC4)ncnc21	0.025895
rxn:2:111057:71205	CCCSc1ccc(NC(C)CCC2(C3CCC3)COC2)cc1	0.025893
rxn:2:80841:71205	CCCSc1cccc(NC(C)CCC2(C3CCC3)COC2)c1	0.025893
rxn:2:104120:71205	CCCSc1ccccc1NC(C)CCC1(C2CCC2)COC1	0.025893
rxn:2:81887:68815	CCc1c(NC2CCCC2CCc2ccccc2)nc(N2CCOCC2)[nH]c1=O	0.025890
rxn:2:82649:67395	CC(C)c1ccc(CC(C)(C)CNC2CC(c3nc(C4CC4)no3)C2)cc1	0.025878
rxn:2:129548:99419	CCc1n[nH]c2sc(CNC3CC(c4ccccc4)OC3(C)C)c(C)c12	0.025878
rxn:2:137976:134526	CC(Nc1ncnc2[nH]nc(C(C)(C)C)c12)c1cc2c([nH]c1=O)CCC2	0.025877
rxn:2:143648:74191	COc1ccnc(C(Nc2cccn(Cc3cccnc3)c2=O)C2CC2)c1	0.025875
rxn:2:94476:91021	CCCCC(Nc1ccc(-c2ccc(C)cc2)cn1)c1cnccn1	0.025865
rxn:2:167325:80762	Cc1ccc2c(c1)C(C)CCC2NCc1ccn(Cc2ccncc2)c(=O)c1	0.025861
rxn:2:143926:80762	Cc1ccc2c(c1)C(C)CCC2NCc1ccn(Cc2cccnc2)c(=O)c1	0.025861
rxn:2:143606:134526	Cc1nc2c(NC(C)c3cc4c([nH]c3=O)CCC4)ncnc2n1C1CCCC1	0.025860
rxn:2:75765:133373	Cc1cc(NC(C)c2cnc3cnn(C)c3c2)cc2cccnc12	0.025849
rxn:2:110110:87143	Cc1cccc(N(C)c2ccncc2NC(C)CCc2cnsc2)c1	0.025842
rxn:2:129548:108481	CCc1n[nH]c2sc(CNC3CCSC(c4ccccc4)C3)c(C)c12	0.025829
rxn:2:79495:149246	Cc1nc(-c2ccncc2)ncc1C(C)NCCC1CC1c1cn(C)cn1	0.025827
rxn:2:79495:161266	Cc1ncncc1-c1ccc(C(C)NCCC2CC2c2cn(C)cn2)nc1	0.025827
rxn:2:79495:163539	Cc1cnc(-c2ccc(C(C)NCCC3CC3c3cn(C)cn3)nc2)nc1	0.025827
rxn:2:116614:153413	COc1cc(-c2cnc(C(C)Nc3cccn([C@H]4C[C@H]4F)c3=O)s2)ccn1	0.025824
rxn:2:101919:124477	Cc1ccc(S(=O)(=O)CC2CC(Nc3cc(-c4cnccn4)no3)C2)cc1	0.025818
rxn:2:83561:134526	CC(Nc1ncnc2c1ncn2C1CCCCC1)c1cc2c([nH]c1=O)CCC2	0.025817
rxn:2:108869:163676	COc1ccc(C(NCCc2nnc3n2CCS3)c2ccsc2)cc1C	0.025815
rxn:2:80768:96141	COc1cnc(OC(C)CNC(C)c2cccc(-n3cccn3)c2)nc1	0.025815
rxn:2:131385:82035	CCCCC(Nc1cc(Cc2ccc(C)cc2)ncn1)c1ncco1	0.025813
rxn:2:112040:97171	CC(Nc1nc(-c2cnccn2)ns1)c1ccc2[nH]ncc2n1	0.025811
rxn:2:74332:94554	CCCC[C@@H](NC1CC(c2ccc(OC)cc2)C1)c1ccc2c(c1)OCO2	0.025807
rxn:2:124936:94554	CCCC[C@H](NC1CC(c2ccc(OC)cc2)C1)c1ccc2c(c1)OCO2	0.025807
rxn:2:102205:91364	CCCC(Cc1ccccc1)NCC1CC1CN1CCc2ccccc2C1	0.025797
rxn:2:144340:139529	CC(C)c1ccncc1C(C)NC(C)c1cc(=O)[nH]c(-c2ccccn2)n1	0.025797
rxn:2:139592:161843	CCN1CCc2nc(NC(c3ccc(C)cc3)c3ccnc(C)c3)sc2C1	0.025796
rxn:2:145300:134526	Cc1nc2c(NC(C)c3cc4c([nH]c3=O)CCC4)ncnc2n1C1CCCO1	0.025795
rxn:2:163191:100354	c1ccc2c(N3CC[C@H](NC4CCCc5sc(C6CC6)nc54)C3)ncnc2c1	0.025785
rxn:2:147092:93350	Cc1ccc2nc(-c3cn[nH]c3NC3CCC4(CCC4)CC3)[nH]c2c1	0.025782
rxn:2:147092:128949	Cc1ccc2nc(-c3cn[nH]c3NC3CCCC4(CC3)CC4)[nH]c2c1	0.025782
rxn:2:147092:86370	Cc1ccc2nc(-c3cn[nH]c3NC3CCC4(CCCC4)C3)[nH]c2c1	0.025782
rxn:2:132418:113277	Cc1c[nH]c2ncnc(NC(C)c3cc4[nH]ncc4s3)c12	0.025776
rxn:2:124322:149207	c1cc(-c2ccc3c(c2)CCC(NC2CC4(CCOC4)C2)C3)c2cn[nH]c2c1	0.025775
rxn:2:67357:115550	Cc1cc(C)c2c(c1)C(NC1CC3CCC(C1)C31SCCS1)CC2(C)C	0.025775
rxn:2:86270:96141	CC(Nc1ncnc2ccccc12)c1cccc(-n2cccn2)c1	0.025771
rxn:2:140455:125321	CC(Cc1ccnc2ccccc12)NC(C)c1ccnc(C(C)(C)F)c1	0.025768
rxn:2:122841:136993	CC(C)Oc1ccc(C(Nc2ccc(OC3(C)COC3)cc2)C2CC2)cc1	0.025763
rxn:2:122841:70262	CCOc1cccc(C(Nc2ccc(OC3(C)COC3)cc2)C2CCC2)c1	0.025758
rxn:2:110931:103571	Cc1ccc(-c2n[nH]c(CCNC(C)c3cc4c(s3)CCCC4)n2)cc1	0.025750
rxn:2:96038:118090	Cc1csc(-c2csc(NC3CC(C4(C)CCC4)n4nccc43)n2)c1	0.025749
rxn:2:81263:158651	CSCc1cncc(NC(C)c2ccccc2-c2c(C)noc2C)c1	0.025749
rxn:2:122294:78603	CC(CCc1nc2ccccc2s1)NC1CC(c2ccccc2)C1C	0.025749
rxn:2:81887:106042	CCc1c(NC2c3ccccc3-n3ccnc32)nc(N2CCOCC2)[nH]c1=O	0.025737
rxn:2:135572:74191	CCc1cc(N2CCC(F)(F)C2)ccc1NC(c1cc(OC)ccn1)C1CC1	0.025731
rxn:2:85568:91021	CCCCC(Nc1ccnc(Cc2ccccc2)c1)c1cnccn1	0.025728
rxn:2:75866:91021	CCCCC(Nc1ccc(Cc2ccccn2)cc1)c1cnccn1	0.025728
rxn:2:140729:91021	CCCCC(Nc1cc(Cc2ccccc2)ccn1)c1cnccn1	0.025728
rxn:2:76062:74854	CCCSc1ccc(C(C)Nc2nnc(-c3cncs3)s2)s1	0.025726
rxn:2:65970:134926	CCN1CCCc2cc(NC3CCCc4ccc(C(C)(C)C)cc43)ccc21	0.025718
rxn:2:97174:91901	CC(Nn1sc2ccccc2c1=O)c1ncc(-c2ccccn2)o1	0.025713
rxn:2:103939:67395	CC(C1CCC1)n1nc(C2CCC2)cc1NC1CC(c2nc(C3CC3)no2)C1	0.025709
rxn:2:68182:116842	CSc1ccc(-c2ccc(C(C)N[C@@H]3CCN(CC(C)C)C3)s2)cc1	0.025705
rxn:2:68182:172650	CSc1cccc(-c2ccc(C(C)N[C@@H]3CCN(CC(C)C)C3)s2)c1	0.025705
rxn:2:123009:134526	CCOc1nc2c(NC(C)c3cc4c([nH]c3=O)CCC4)ncnc2n1CC	0.025703
rxn:2:102394:91021	CCCCC(Nc1nnc(Cc2ccc(C)cc2)s1)c1cnccn1	0.025699
rxn:2:112878:91021	CCCCC(Nc1cc(Cc2ccsc2)nc(C)n1)c1cnccn1	0.025699
rxn:2:88063:66368	Cc1ccc(C)c(Oc2ccc(NC3CCCc4c3ccc(=O)n4C)nc2)c1	0.025692
rxn:2:93743:149207	c1cc(-c2ccc3c(c2)CCC(NCC2CC4(CCO4)C2)C3)c2cn[nH]c2c1	0.025675
rxn:2:131385:114107	COCCC(Nc1cc(Cc2ccc(C)cc2)ncn1)c1ccccn1	0.025675
rxn:2:166456:66368	CCn1c2c(c3cc(NC4CCCc5c4ccc(=O)n5C)ccc31)CCCC2	0.025672
rxn:2:89883:94554	CCC(CCc1ccc2c(c1)OCCO2)NC1CC(c2ccc(OC)cc2)C1	0.025664
rxn:2:141692:94554	COc1ccc(C2CC(NC(C)CCCc3ccc4c(c3)OCCO4)C2)cc1	0.025664
rxn:2:108890:78148	CCCC1CCC(CNC(C)CC2CCC(CC)CC2)CC1	0.025660
rxn:2:115186:78148	CCC[C@H]1CC[C@H](CNC(C)CC2CCC(CC)CC2)CC1	0.025660
rxn:2:122841:81752	CC1(Oc2ccc(NC(c3cc4ccccc4o3)C3CC3)cc2)COC1	0.025659
rxn:2:88251:166390	Cc1cncc(-c2ccc3c(c2)CCCC3NC(C)CCn2cccn2)c1	0.025658
rxn:2:79495:112718	CC(CCc1cncc2ccccc12)NCCC1CC1c1cn(C)cn1	0.025657
rxn:2:72145:118090	CC1CCN(Cc2ccccc2CNC2CC(C3(C)CCC3)n3nccc32)CC1	0.025655
rxn:2:100043:125732	CCC(NCCn1cc(-c2cccnc2)cn1)c1cc(C)cc(OC)c1	0.025653
rxn:2:81887:131891	CCc1c(NC(C)c2cc(OC)nnc2OC)nc(N2CCOCC2)[nH]c1=O	0.025650
rxn:2:116614:67628	COc1cc(-c2ccco2)ccc1C(C)Nc1cccn([C@H]2C[C@H]2F)c1=O	0.025640
rxn:2:116614:83450	COc1cccc(-c2ccco2)c1C(C)Nc1cccn([C@H]2C[C@H]2F)c1=O	0.025640
rxn:2:116614:114701	COc1ccc(-c2ccco2)c(C(C)Nc2cccn([C@H]3C[C@H]3F)c2=O)c1	0.025640
rxn:2:116614:124813	COc1c(-c2ccco2)cccc1C(C)Nc1cccn([C@H]2C[C@H]2F)c1=O	0.025640
rxn:2:118713:72156	CCOc1ccccc1C(C)Nc1ccc(-n2cnc(C)c2)c(OC)c1	0.025636
rxn:2:72786:146619	Cc1nc2c(NC3CCCc4[nH]c(=O)c(S(C)(=O)=O)cc43)ncnc2n1C	0.025635
rxn:2:143325:117115	Cc1ccc2c(c1C)CCC2NCC1c2ccc3ccccc3c2CN1C	0.025629
rxn:2:123275:88830	CC(C)c1cc(N2CCC(Nc3ccc(SC45CC(C4)C5)cc3)CC2)ncn1	0.025623
rxn:2:117026:73581	FC1(F)CC1Oc1ccc(NC(c2cccc(C3CC3)c2)C2CC2)cc1	0.025621
rxn:2:95064:168163	Cc1cncnc1-c1ccc(C(C)NC2c3ccccc3CC2(C)C)s1	0.025618
rxn:2:123470:134526	COCCn1c(C)nc2c(NC(C)c3cc4c([nH]c3=O)CCC4)ncnc21	0.025618
rxn:2:95019:149207	c1cc(-c2ccc3c(c2)CCC(NC2CC4(CCC4)C2)C3)c2cn[nH]c2c1	0.025617
rxn:2:122841:141485	Cc1cccc(C(Nc2ccc(OC3(C)COC3)cc2)C2CCCCC2)c1	0.025612
rxn:2:122841:105102	Cc1ccc(C(Nc2ccc(OC3(C)COC3)cc2)C2CCCCC2)cc1	0.025612
rxn:2:130318:125321	CCSc1n[nH]c2ncnc(NC(C)c3ccnc(C(C)(C)F)c3)c12	0.025611
rxn:2:134657:66379	CCc1cc(OC)nc(C(C)Nc2[nH]ncc2-c2ccc(OC)cc2)c1	0.025609
rxn:2:147092:121996	Cc1ccc2nc(-c3cn[nH]c3NC3CCC4(CCOC4)CC3)[nH]c2c1	0.025606
rxn:2:147092:134920	Cc1ccc2nc(-c3cn[nH]c3NC3CCC4(CCOCC4)C3)[nH]c2c1	0.025606
rxn:2:157350:78907	Cc1cc(N2CCC(CNC3CCc4cc5c(cc43)CC5)CC2)n2ncnc2c1	0.025606
rxn:2:78337:156750	COc1cc(-c2ccco2)cnc1C(C)NCc1cccn(C2CC2)c1=O	0.025606
rxn:2:119867:163676	COc1ccc(C(NCCc2nc(=O)[nH][nH]2)c2ccsc2)cc1C	0.025605
rxn:2:144340:113689	CC(NC(CCC1CCCC1)C(C)(C)C)c1cc(=O)[nH]c(-c2ccccn2)n1	0.025597
rxn:2:110592:154155	CN(C)CCC(NC1COc2ccc(-c3cnn(S(C)(=O)=O)c3)cc21)C(C)(C)C	0.025596
rxn:2:103528:78603	COc1ccc2c(CC(C)NC3CC(c4ccccc4)C3C)c[nH]c2c1	0.025592
rxn:2:147500:71586	CC(NC1CC(c2ccsc2)C1)c1cnn(Cc2ccc3c(c2)OCO3)c1	0.025587
rxn:2:79495:157459	Cc1cc(-c2ccnn2C)ccc1C(C)NCCC1CC1c1cn(C)cn1	0.025584
rxn:2:66026:125732	CCC(Nc1ccc2nc(N(C)C)ccc2c1)c1cc(C)cc(OC)c1	0.025581
rxn:2:75765:122118	Cc1cc(NC(C)c2ccc(SC(C)C)cn2)cc2cccnc12	0.025580
rxn:2:156652:112998	CCC(Cc1nccn1C)NC1CC(C)(C)Cc2c1ccn2-c1nccs1	0.025578
rxn:2:76062:104467	CC(Nc1nnc(-c2cncs2)s1)c1csc2ccccc12	0.025578
rxn:2:160059:134526	CC(Nc1ncnc2c1c(=O)n(C)c(=O)n2C)c1cc2c([nH]c1=O)CCC2	0.025577
rxn:2:147092:123131	Cc1ccc2nc(-c3cn[nH]c3NC3CCC(C)(N(C)C)CC3)[nH]c2c1	0.025576
rxn:2:103265:78148	CCc1noc(C2CCC(CNC(C)CC3CCC(CC)CC3)CC2)n1	0.025573
rxn:2:89121:78148	CCc1nnc([C@H]2CC[C@H](CNC(C)CC3CCC(CC)CC3)CC2)o1	0.025573
rxn:2:134167:156750	COc1cc(C)c(NC(C)c2ncc(-c3ccco3)cc2OC)c(C)c1	0.025569
rxn:2:78692:96141	CC(NC1CCN(c2cc(C3CC3)ncn2)C1)c1cccc(-n2cccn2)c1	0.025568
rxn:2:125217:96141	CC(NC1CCN(c2ccnc(C3CC3)n2)C1)c1cccc(-n2cccn2)c1	0.025568
rxn:2:68017:149207	c1cc(-c2ccc3c(c2)CCC(N[C@H]2C[C@]4(CCCO4)C2)C3)c2cn[nH]c2c1	0.025568
rxn:2:110520:149207	c1cc(-c2ccc3c(c2)CCC(NC2CC4(CCCO4)C2)C3)c2cn[nH]c2c1	0.025568
rxn:2:87564:149207	c1cc(-c2ccc3c(c2)CCC(NC2CCOC4(CC4)C2)C3)c2cn[nH]c2c1	0.025568
rxn:2:95317:149207	c1cc(-c2ccc3c(c2)CCC(NC2COC4(CCC4)C2)C3)c2cn[nH]c2c1	0.025568
rxn:2:100378:149207	c1cc(-c2ccc3c(c2)CCC(N[C@@H]2CCCOC24CC4)C3)c2cn[nH]c2c1	0.025568
rxn:2:86074:149207	c1cc(-c2ccc3c(c2)CCC(NC2CCC24CCCO4)C3)c2cn[nH]c2c1	0.025568
rxn:2:79495:145100	Cc1ccc(-c2cc(C(C)NCCC3CC3c3cn(C)cn3)ccn2)cn1	0.025563
rxn:2:79495:162685	Cc1ccc(-c2ccnc(C(C)NCCC3CC3c3cn(C)cn3)c2)cn1	0.025563
rxn:2:79495:143914	Cc1ccccc1-c1cnc(C(C)NCCC2CC2c2cn(C)cn2)nc1	0.025563
rxn:2:79495:165890	Cc1nnc(-c2ccccc2)cc1C(C)NCCC1CC1c1cn(C)cn1	0.025563
rxn:2:79495:143746	Cc1ccc(-c2cccnc2C(C)NCCC2CC2c2cn(C)cn2)cn1	0.025563
rxn:2:79495:147857	Cc1ncc(C(C)NCCC2CC2c2cn(C)cn2)c(-c2ccccc2)n1	0.025563
rxn:2:79495:156554	Cc1ccc(C(C)NCCC2CC2c2cn(C)cn2)cc1-c1cncnc1	0.025563
rxn:2:121310:107935	CCn1cc(C(Cc2cccnc2)NC2CN(Cc3ccsc3)C2)cn1	0.025556
rxn:2:67357:147582	Cc1cc(C)c2c(c1)C(NC1CC3CCC(C1)C31SCCS1)CC(C)S2(=O)=O	0.025552
rxn:2:126167:107408	CC(NCCC1C2CCC1(C)C2(C)C)c1ccc(-c2ccsc2)s1	0.025551
rxn:2:156652:85547	COCC(NC1CC(C)(C)Cc2c1ccn2-c1nccs1)c1cccnc1	0.025547
rxn:2:156652:86094	CCC(Cc1cccnn1)NC1CC(C)(C)Cc2c1ccn2-c1nccs1	0.025543
rxn:2:156652:122722	CCC(Cc1ncccn1)NC1CC(C)(C)Cc2c1ccn2-c1nccs1	0.025543
rxn:2:112668:165959	COc1cc(-c2ccsc2)cnc1C(C)NC12CC(c3nccs3)(C1)C2	0.025542
rxn:2:112668:153591	COc1ccc(-c2ccc(C(C)NC34CC(c5nccs5)(C3)C4)s2)cn1	0.025542
rxn:2:112668:162233	COc1ccc(-c2cc(C(C)NC34CC(c5nccs5)(C3)C4)cs2)cn1	0.025542
rxn:2:112668:157648	COc1ccc(-c2ncc(C(C)NC34CC(c5nccs5)(C3)C4)s2)cc1	0.025542
rxn:2:112668:168566	COc1ccccc1-c1ncc(C(C)NC23CC(c4nccs4)(C2)C3)s1	0.025542
rxn:2:112668:167378	COc1ccncc1-c1csc(C(C)NC23CC(c4nccs4)(C2)C3)c1	0.025542
rxn:2:81263:149110	CSCc1cncc(NC(C)c2ncccc2-c2ccc(C)cc2)c1	0.025542
rxn:2:93103:124477	Cc1ccc(S(=O)(=O)CC2CC(Nc3nc(-c4ccsc4)ns3)C2)cc1	0.025540
rxn:2:114324:124477	Cc1ccc(S(=O)(=O)CC2CC(Nc3nc(-c4cccs4)ns3)C2)cc1	0.025540
rxn:2:79495:117232	Cc1cc(-c2ccoc2)ccc1C(C)NCCC1CC1c1cn(C)cn1	0.025539
rxn:2:79495:91563	Cc1cc(-c2ccco2)ccc1C(C)NCCC1CC1c1cn(C)cn1	0.025539
rxn:2:134864:143882	Cn1cnc2cncc(NC3COc4cc5ccccc5cc43)c21	0.025539
rxn:2:96362:134526	CC(Nc1ncnc2c1ncn2CCN(C)C)c1cc2c([nH]c1=O)CCC2	0.025536
rxn:2:113576:91021	CCCCC(Nc1nc(Cc2ccc(C)cc2)c[nH]1)c1cnccn1	0.025535
rxn:2:131385:129427	CCCCC(Nc1cc(Cc2ccc(C)cc2)ncn1)c1c[nH]cn1	0.025535
rxn:2:112668:106486	CC(C)C(NC12CC(c3nccs3)(C1)C2)c1ncc(-c2ccncc2)s1	0.025530
rxn:2:138158:66800	CC(NCC1CN(C(C)C)C(C)(C)CCN1C)c1cccc(-c2ccsc2)c1	0.025527
rxn:2:149062:81498	CC(N[C@@H]1CCN(c2ncnc3ccccc23)C1)c1cccc(S(C)(=O)=O)c1	0.025523
rxn:2:109917:94554	COc1ccc(C2CC(NCC(Cc3ccc4c(c3)OCO4)C(C)C)C2)cc1	0.025523
rxn:2:114106:92414	Cc1ccc(C(CNc2cncc(C3CC3)c2)Cc2ccco2)cc1	0.025515
rxn:2:102066:124477	Cc1ccc(S(=O)(=O)CC2CC(Nc3noc(-c4cnccn4)n3)C2)cc1	0.025514
rxn:2:66352:124477	Cc1ccc(S(=O)(=O)CC2CC(Nc3nnc(-c4cnccn4)o3)C2)cc1	0.025514
rxn:2:67357:106994	CCC(C(NC1CC2CCC(C1)C21SCCS1)c1ccc(C)cc1)N(C)C	0.025507
rxn:2:73107:66379	CCc1cc(OC)nc(C(C)NCC2CCN(C(C)c3ccccc3)CC2)c1	0.025507
rxn:2:112040:125742	Cc1ccc(S(=O)(=O)CCC(C)Nc2nc(-c3cnccn3)ns2)cc1	0.025507
rxn:2:72498:118090	CN(C)c1ccc(-c2nnc(NC3CC(C4(C)CCC4)n4nccc43)o2)cc1	0.025504
rxn:2:129593:118090	CN(C)c1cccc(-c2nnc(NC3CC(C4(C)CCC4)n4nccc43)o2)c1	0.025504
rxn:2:126435:87143	CC(CCc1cnsc1)NCc1cn(C(C)C)nc1-c1ccccc1	0.025501
rxn:2:82403:72443	CCCS(=O)(=O)c1cnc(C)nc1NC1C[C@H](C)N(Cc2ccccc2)[C@@H](C)C1	0.025499
rxn:2:114893:84818	CCCn1cc(C(C)Nc2cc(-c3nnnn3CC(C)C)ccn2)nn1	0.025486
rxn:2:75765:110576	CCC(C)(C)C(Nc1cc(C)c2ncccc2c1)c1ccccc1	0.025481
rxn:2:92374:90308	CCCC1CC(Cn2cc(C(C)Nc3cccc4nc(C)cn34)cn2)C1	0.025480
rxn:2:122841:99377	CC1(Oc2ccc(NC(c3cccc(C4CC4)c3)C(C)(C)C)cc2)COC1	0.025478
rxn:2:122841:95277	CC1(Oc2ccc(NC(c3ccc(C4CC4)cc3)C(C)(C)C)cc2)COC1	0.025478
rxn:2:147500:107536	CC(NC1CC(c2ccnn2C)C1)c1cnn(Cc2ccc3c(c2)OCO3)c1	0.025473
rxn:2:147500:138733	CC(NC1CC(c2ccn(C)n2)C1)c1cnn(Cc2ccc3c(c2)OCO3)c1	0.025473
rxn:2:147500:85747	CC(NC1CC(c2cnn(C)c2)C1)c1cnn(Cc2ccc3c(c2)OCO3)c1	0.025473
rxn:2:139592:133087	CCN1CCc2nc(NC(C)c3ccc(-c4cscc4C)cn3)sc2C1	0.025472
rxn:2:139592:139176	CCN1CCc2nc(NC(C)c3ccc(-c4sccc4C)cn3)sc2C1	0.025472
rxn:2:149062:85669	CC(N[C@@H]1CCN(c2ncnc3ccccc23)C1)c1cccc(CN(C)C)c1	0.025459
rxn:2:102763:76082	CCc1cn(-c2ccc(NC(C)c3cccc(C)c3C)cc2OC)cn1	0.025456
rxn:2:166860:75727	CCCc1nn(-c2ccnc(C(C)C)c2)cc1NC1CCN(C)C2(CCOCC2)C1	0.025452
rxn:2:73379:82225	CCCS(=O)(=O)c1n[nH]c(NC(C)c2csc(CN3CCCC(C)C3)n2)n1	0.025438
rxn:2:75390:118090	Cn1cc(Sc2ccc(CNC3CC(C4(C)CCC4)n4nccc43)o2)cn1	0.025428
rxn:2:105380:82225	CCCOc1cc(C)c(NC(C)c2csc(CN3CCCC(C)C3)n2)cn1	0.025422
rxn:2:65970:136429	CCN1CCCc2cc(NC3CCCc4cc(CC(C)C)ccc43)ccc21	0.025419
rxn:2:82566:132476	Cc1cc(C(C)Nc2c(C3CCC3)c(C)nn2C(C)C(C)C)sc1C	0.025415
rxn:2:84547:66368	Cn1c2c(ccc1=O)C(Nc1ccc3c(c1)CCN3Cc1ccsc1)CCC2	0.025412
rxn:2:147500:127633	CC(NC1CC(c2ccncc2)C1)c1cnn(Cc2ccc3c(c2)OCO3)c1	0.025411
rxn:2:147500:135288	CC(NC1CC(c2cccnc2)C1)c1cnn(Cc2ccc3c(c2)OCO3)c1	0.025411
rxn:2:123275:162154	c1cnc2c(N3CCC(Nc4ccc(SC56CC(C5)C6)cc4)C3)ncnc2n1	0.025408
rxn:2:105315:84746	COc1nc(C(C)Nc2c(C)nc3cccnn23)cn2ncnc12	0.025405
rxn:2:77063:82225	CCCS(=O)(=O)c1nsc(NC(C)c2csc(CN3CCCC(C)C3)n2)n1	0.025403
rxn:2:94500:125732	CCC(Nc1cc(-c2ccccc2)ccn1)c1cc(C)cc(OC)c1	0.025403
rxn:2:102512:73581	c1cc(C2CC2)cc(C(Nc2ccc(OC3CCCOC3)cc2)C2CC2)c1	0.025401
rxn:2:77423:73581	c1cc(C2CC2)cc(C(Nc2ccc(OC3CCOCC3)cc2)C2CC2)c1	0.025401
rxn:2:122841:81081	CC1(Oc2ccc(NC(c3ccc(C4CC4)cc3)C3CCC3)cc2)COC1	0.025401
rxn:2:122841:135697	CC1(Oc2ccc(NC(c3ccccc3C3CC3)C3CCC3)cc2)COC1	0.025401
rxn:2:122841:94460	CC1(Oc2ccc(NC(c3cccc(C4CC4)c3)C3CCC3)cc2)COC1	0.025401
rxn:2:122841:116852	CC1(Oc2ccc(NC(c3cccc(C4CC4)c3)C3(C)CC3)cc2)COC1	0.025401
rxn:2:144340:93207	CC(CCCC1SCCCS1)NC(C)c1cc(=O)[nH]c(-c2ccccn2)n1	0.025399
rxn:2:147500:71171	COc1ccc2c(c1)C(NC(C)c1cnn(Cc3ccc4c(c3)OCO4)c1)C2	0.025396
rxn:2:87599:89151	COc1cccc(C(Cn2ccnc2)NC2CCc3cc4c(cc32)OCC4)c1	0.025395
rxn:2:142267:94554	COc1ccc(C2CC(NCc3cnn(-c4ccc5c(c4)OCO5)n3)C2)cc1	0.025392
rxn:2:149062:126794	CC(N[C@@H]1CCN(c2ncnc3ccccc23)C1)c1cccc(C2(F)CC2)c1	0.025390
rxn:2:103470:147610	COc1cccc(-c2cnn3c(C)c(C(C)N[C@@H]4CC[C@H]4N(C)C)cnc23)c1	0.025387
rxn:2:140639:147610	COc1cccc(-c2cnn3c(C)c(C(C)NC4CCC4N(C)C)cnc23)c1	0.025387
rxn:2:102205:78304	CN1CCC(C(NCC2CC2CN2CCc3ccccc3C2)c2ccccn2)CC1	0.025387
rxn:2:148634:91066	c1ccc(-c2csc3nnc(CNC4COc5ccsc54)n23)nc1	0.025384
rxn:2:67357:98268	Cc1cc(C(C)(C)C)cc2c1OCC2NC1CC2CCC(C1)C21SCCS1	0.025381
rxn:2:157350:101077	Cc1cc(N2CCC(CNC3CCOc4cc(C)ncc43)CC2)n2ncnc2c1	0.025381
rxn:2:157350:106782	Cc1cc(N2CCC(CNC3CCOc4nc(C)ccc43)CC2)n2ncnc2c1	0.025381
rxn:2:157350:119900	Cc1cc(N2CCC(CNC3CCOc4ccc(C)nc43)CC2)n2ncnc2c1	0.025381
rxn:2:81887:74623	CCc1c(NCC2CCN(C(C)C)c3ccccc32)nc(N2CCOCC2)[nH]c1=O	0.025379
rxn:2:125614:118998	Cc1cc(C)c2c(c1)C(NCCC1CCCCN(CC3CCCC3)C1)CCO2	0.025379
rxn:2:132111:96141	CC(C)c1cc(N2CCC(NC(C)c3cccc(-n4cccn4)c3)C2)ncn1	0.025377
rxn:2:105604:91021	CCCCC(NCc1cc(-c2ccc(C)cc2)ncn1)c1cnccn1	0.025360
rxn:2:157350:84952	Cc1ccc2c(c1)C(NCC1CCN(c3cc(C)cc4ncnn34)CC1)CCO2	0.025356
rxn:2:157350:115631	Cc1ccc2c(c1)OCCC2NCC1CCN(c2cc(C)cc3ncnn23)CC1	0.025356
rxn:2:116614:122349	CC(Nc1cccn([C@H]2C[C@H]2F)c1=O)c1cc(OCc2ccccc2)no1	0.025356
rxn:2:116614:126836	CC(Nc1cccn([C@H]2C[C@H]2F)c1=O)c1cnccc1OCc1ccco1	0.025356
rxn:2:79495:136123	Cc1ccc(-c2cc(C(C)NCCC3CC3c3cn(C)cn3)cs2)cn1	0.025352
rxn:2:79495:133087	Cc1cscc1-c1ccc(C(C)NCCC2CC2c2cn(C)cn2)nc1	0.025352
rxn:2:79495:139176	Cc1ccsc1-c1ccc(C(C)NCCC2CC2c2cn(C)cn2)nc1	0.025352
rxn:2:88160:111998	CCCn1cnnc1C(NC1CCCc2c1ccc(C)c2C)C1CCCCC1	0.025349
rxn:2:159304:138214	CC(C)c1cccc2c1CCC2Nc1cc(-c2cccc3c2OCO3)[nH]n1	0.025344
rxn:2:124346:73581	CC(C)c1cccc2nc(NC(c3cccc(C4CC4)c3)C3CC3)nn12	0.025344
rxn:2:100556:82565	COc1ccc(OC)c(C(CC(C)C)Nc2c(C)nn3ccccc23)c1	0.025342
rxn:2:114893:122452	CCC(C)CN1CCCCC1CNc1cc(-c2nnnn2CC(C)C)ccn1	0.025339
rxn:2:97774:91021	CCCCC(Nc1cc(-c2cc(C)cc(C)c2)ncn1)c1cnccn1	0.025338
rxn:2:72769:91021	CCCCC(Nc1cc(-c2ccc(C)c(C)c2)ncn1)c1cnccn1	0.025338
rxn:2:121310:65814	Cc1ccc(-c2cccc(C(C)NC3CN(Cc4ccsc4)C3)c2)s1	0.025332
rxn:2:121310:85327	Cc1ccc(-c2cc(C(C)NC3CN(Cc4ccsc4)C3)cs2)cc1	0.025332
rxn:2:141494:66800	Cc1ccsc1CN1CC(NC(C)c2cccc(-c3ccsc3)c2)C1	0.025332
rxn:2:76804:66800	Cc1ccc(CN2CC(NC(C)c3cccc(-c4ccsc4)c3)C2)s1	0.025332
rxn:2:121310:129489	Cc1sccc1-c1cccc(C(C)NC2CN(Cc3ccsc3)C2)c1	0.025332
rxn:2:121310:140317	Cc1ccsc1-c1cccc(C(C)NC2CN(Cc3ccsc3)C2)c1	0.025332
rxn:2:121310:117855	Cc1ccc(-c2ccsc2)c(C(C)NC2CN(Cc3ccsc3)C2)c1	0.025332
rxn:2:95204:78148	CCC1CCC(CC(C)NC2CCC(c3nnc(C)n3C3CC3)CC2)CC1	0.025328
rxn:2:114893:83911	COc1cc(C)cc(C(C)Nc2cc(-c3nnnn3CC(C)C)ccn2)c1	0.025318
rxn:2:95402:131845	CC(NCC1CN(C)CC(C)(C)N1c1ccccc1)c1cc2cncnc2s1	0.025316
rxn:2:153464:94554	COc1ccc(C2CC(Nc3ncn(Cc4ccc5c(c4)OCO5)n3)C2)cc1	0.025312
rxn:2:79699:118090	Cc1cc(-c2nnc(NC3CC(C4(C)CCC4)n4nccc43)o2)nn1C(C)C	0.025310
rxn:2:83633:82225	Cc1nc(NC(C)c2csc(CN3CCCC(C)C3)n2)cc(N2CCSCC2)n1	0.025310
rxn:2:157350:117762	Cc1cc(N2CCC(CNC3CCCOc4ccccc43)CC2)n2ncnc2c1	0.025308
rxn:2:119908:91021	CCCCC(Nc1cc(N2Cc3ccccc3C2)ncn1)c1cnccn1	0.025305
rxn:2:144340:88113	CC(NC(CCC1CCOCC1)C(C)(C)C)c1cc(=O)[nH]c(-c2ccccn2)n1	0.025303
rxn:2:125932:163676	CCc1c(NC(c2ccsc2)c2ccc(OC)c(C)c2)n(C)c(=O)[nH]c1=O	0.025301
rxn:2:166860:138282	CCCc1nn(-c2ccnc(C(C)C)c2)cc1NC1CCN(C)C2(CCCC2)C1	0.025294
rxn:2:166860:120117	CCCc1nn(-c2ccnc(C(C)C)c2)cc1NC1CCC2(CCCN2C)CC1	0.025294
rxn:2:149062:100175	CC(N[C@@H]1CCN(c2ncnc3ccccc23)C1)c1cccc(C(C)(C)C)c1	0.025292
rxn:2:114893:79384	C=C=CC(Nc1cc(-c2nnnn2CC(C)C)ccn1)c1ccccc1	0.025288
rxn:2:75765:92669	Cc1cc(NC(C)c2cc3[nH]ccc3cn2)cc2cccnc12	0.025287
rxn:2:75765:109487	Cc1cc(NC(C)c2ccc3[nH]ccc3n2)cc2cccnc12	0.025287
rxn:2:75765:97537	Cc1cc(NC(C)c2ccc3cc[nH]c3n2)cc2cccnc12	0.025287
rxn:2:132418:111053	Cc1c[nH]c2ncnc(NC(C)c3ccc4ccccc4c3)c12	0.025287
rxn:2:89333:156750	COc1cc(-c2ccco2)cnc1C(C)Nc1cccn(CC2CC2)c1=O	0.025286
rxn:2:83492:74191	COc1ccnc(C(NCC(C)CCN2CCc3ccccc3C2)C2CC2)c1	0.025284
rxn:2:102205:134206	CCCOc1ccnc(C(C)NCC2CC2CN2CCc3ccccc3C2)c1	0.025284
rxn:2:129402:94554	COc1ccc(C2CC(NCc3ccc(Cn4cc(C)cn4)cc3)C2)cc1	0.025276
rxn:2:127009:94554	COc1ccc(C2CC(NCc3cnn(Cc4ccc(C)cc4)c3)C2)cc1	0.025276
rxn:2:75412:138214	COc1ccc(C2C(CCNC3CCc4c(C(C)C)cccc43)C2(F)F)nc1	0.025268
rxn:2:79495:104330	Cc1cc(-c2cc[nH]c2)ccc1C(C)NCCC1CC1c1cn(C)cn1	0.025266
rxn:2:73066:103571	CC(NCc1nc(COc2ccccc2)n[nH]1)c1cc2c(s1)CCCC2	0.025261
rxn:2:116614:165959	COc1cc(-c2ccsc2)cnc1C(C)Nc1cccn([C@H]2C[C@H]2F)c1=O	0.025249
rxn:2:90440:80041	Cc1nsc2cc(NC(c3ccccc3)c3c[nH]cn3)ccc12	0.025247
rxn:2:90440:141160	Cc1nsc2cc(NC(c3ccccc3)c3ncc[nH]3)ccc12	0.025247
rxn:2:114503:97737	CCCC(CC1CCCC1)NCC1CCC(c2nnc(C)n2CC)CC1	0.025246
rxn:2:114503:141820	CCn1c(C)nnc1C1CCC(CNC(C)CCCC2CCCC2)CC1	0.025246
rxn:2:87322:91021	CCCCC(NCc1cc(Cc2ccsc2)ncn1)c1cnccn1	0.025245
rxn:2:112532:124477	Cc1ccc(S(=O)(=O)CC2CC(Nc3nc(-n4cccn4)c(C)s3)C2)cc1	0.025241
rxn:2:66573:168163	Cc1cncnc1-c1ccc(C(C)NCC2CN(C)c3ccccc3N2C)s1	0.025229
rxn:2:71636:87143	COc1cccc(Oc2ccc(NC(C)CCc3cnsc3)cn2)c1	0.025220
rxn:2:132492:124477	Cc1ccc(S(=O)(=O)CC2CC(Nc3nc(-c4ccccn4)ns3)C2)cc1	0.025215
rxn:2:77256:124477	Cc1ccc(S(=O)(=O)CC2CC(Nc3nc(-c4cnccn4)cs3)C2)cc1	0.025215
rxn:2:121395:124477	Cc1ccc(S(=O)(=O)CC2CC(Nc3nc(-c4cccnc4)ns3)C2)cc1	0.025215
rxn:2:82847:124477	Cc1ccc(S(=O)(=O)CC2CC(Nc3nc(-c4ccncc4)ns3)C2)cc1	0.025215
rxn:2:137340:124477	Cc1ccc(S(=O)(=O)CC2CC(Nc3ncc(-c4cnccn4)s3)C2)cc1	0.025215
rxn:2:116142:124477	Cc1ccc(S(=O)(=O)CC2CC(Nc3nnccc3OC3CCCCC3)C2)cc1	0.025214
rxn:2:102880:103571	Cc1n[nH]c(COc2ccccc2NC(C)c2cc3c(s2)CCCC3)n1	0.025214
rxn:2:110031:103571	Cc1n[nH]c(COc2cccc(NC(C)c3cc4c(s3)CCCC4)c2)n1	0.025214
rxn:2:118713:76874	COc1cc(NC(c2ccccc2C)C(C)C)ccc1-n1cnc(C)c1	0.025214
rxn:2:73784:166390	Cc1cncc(-c2ccc3c(c2)CCCC3NC2CC(Cn3cccn3)C2)c1	0.025209
rxn:2:132453:166390	Cc1cncc(-c2ccc3c(c2)CCCC3N[C@H]2C[C@@H](Cn3cccn3)C2)c1	0.025209
rxn:2:98668:166390	Cc1cncc(-c2ccc3c(c2)CCCC3N[C@H]2C[C@@H](Cn3ccnc3)C2)c1	0.025209
rxn:2:108660:166390	Cc1cncc(-c2ccc3c(c2)CCCC3N[C@H]2C[C@H](Cn3ccnc3)C2)c1	0.025209
rxn:2:125661:166390	Cc1cncc(-c2ccc3c(c2)CCCC3NC2CC(Cn3ccnc3)C2)c1	0.025209
rxn:2:137552:124477	Cc1ccc(S(=O)(=O)CC2CC(Nc3nc(-c4cnn(C)c4)ns3)C2)cc1	0.025208
rxn:2:90197:73581	Cc1csc(C2(NC(c3cccc(C4CC4)c3)C3CC3)CCCCC2)n1	0.025205
rxn:2:68559:90737	CCCSc1ccc(NC(C)CCC2(c3sccc3C)COC2)nn1	0.025201
rxn:2:101277:67395	CC(C)c1n[nH]c(-c2ccc(NC3CC(c4nc(C5CC5)no4)C3)cc2)n1	0.025200
rxn:2:135884:118090	Cc1csc(-c2ccc(NC3CC(C4(C)CCC4)n4nccc43)nc2)c1	0.025183
rxn:2:134272:78148	CCC1CCCC(CNC(C)CC2CCC(CC)CC2)CC1	0.025177
rxn:2:106818:162733	CC(N[C@@H](C)c1ccc2c(c1)CCCC2)c1ccc(-c2ncc[nH]c2=O)cn1	0.025165
rxn:2:132418:91297	Cc1c[nH]c2ncnc(NC(C)c3ccnc(-n4cccn4)c3)c12	0.025159
rxn:2:132418:113595	Cc1c[nH]c2ncnc(NC(C)c3ccnc(-n4ccnc4)c3)c12	0.025159
rxn:2:157350:125930	COc1cnn(C)c1C(C)NCC1CCN(c2cc(C)cc3ncnn23)CC1	0.025159
rxn:2:129270:89151	COCc1ccccc1-c1cnc(NC2CCc3cc4c(cc32)OCC4)s1	0.025153
rxn:2:73304:111998	CCn1c(C)nc(-c2cccnc2)c1NC1CCCc2c1ccc(C)c2C	0.025151
rxn:2:66501:73581	Cn1nc(-c2cccs2)cc1NC(c1cccc(C2CC2)c1)C1CC1	0.025142
rxn:2:117578:124477	Cc1ccc(S(=O)(=O)CC2CC(Nc3cc(-c4cnccn4)n[nH]3)C2)cc1	0.025140
rxn:2:111799:124477	Cc1ccc(S(=O)(=O)CC2CC(Nc3cn[nH]c3-c3cnccn3)C2)cc1	0.025140
rxn:2:106589:80762	COc1ccc(C2CCC(NC3CCC(C)c4cc(C)ccc43)C2)c(OC)c1	0.025139
rxn:2:121310:165959	COc1cc(-c2ccsc2)cnc1C(C)NC1CN(Cc2ccsc2)C1	0.025132
rxn:2:156652:110410	CCC(Cc1ccco1)NC1CC(C)(C)Cc2c1ccn2-c1nccs1	0.025122
rxn:2:67357:110364	Cc1ccc(C(C)C)c2c1C(NC1CC3CCC(C1)C31SCCS1)CCO2	0.025117
rxn:2:105315:121916	Cc1nc2cccnn2c1NC(C)c1cc(-c2cccnc2)cs1	0.025117
rxn:2:149982:67395	c1cc(NC2CC(c3nc(C4CC4)no3)C2)n(Cc2ccc3c(c2)OCO3)n1	0.025111
rxn:2:157350:71185	Cc1cc(N2CCC(CNC3CCc4cc(C)c(C)cc43)CC2)n2ncnc2c1	0.025109
rxn:2:114237:124477	Cc1ccc(S(=O)(=O)CC2CC(Nc3nc(-c4ncccn4)ns3)C2)cc1	0.025108
rxn:2:95836:124477	Cc1ccc(S(=O)(=O)CC2CC(Nc3nnc(-c4cnccn4)s3)C2)cc1	0.025108
rxn:2:156286:67395	Cc1nnc(-c2c(NC3CC(c4nc(C5CC5)no4)C3)sc3c2CCC3)n1C	0.025105
rxn:2:147343:94554	COc1ccc(C2CC(Nc3cnn(Cc4ccc5c(c4)OCO5)c3)C2)cc1	0.025105
rxn:2:149982:94554	COc1ccc(C2CC(Nc3ccnn3Cc3ccc4c(c3)OCO4)C2)cc1	0.025105
rxn:2:123275:121352	CCCc1cc(N2CCC(Nc3ccc(SC45CC(C4)C5)cc3)CC2)ncn1	0.025100
rxn:2:114062:91021	CCCCC(Nc1nc(Cc2ccc(C)cc2)cn1C)c1cnccn1	0.025096
rxn:2:131385:70236	CCCCC(Nc1cc(Cc2ccc(C)cc2)ncn1)c1cnn(C)c1	0.025096
rxn:2:119751:94554	COc1ccc(C2CC(Nc3cnn(Cc4ccc(C)c(C)c4)c3)C2)cc1	0.025095
rxn:2:116248:74191	CCCC(CN1CCc2ccccc2C1)NC(c1cc(OC)ccn1)C1CC1	0.025088
rxn:2:114928:95161	Cc1csc(-c2nnc(NC(C)c3cc(C(C)(C)C)nn3C(C)C)o2)c1	0.025088
rxn:2:83485:125732	CCC(Nc1cccc2nnn(CC(C)C)c12)c1cc(C)cc(OC)c1	0.025087
rxn:2:147739:132476	Cc1ccc(-n2nc(C)c(C)c2NC(C)c2cc(C)c(C)s2)c(C)c1	0.025087
rxn:2:144340:140837	CCCC(CCC1CCCC1)NC(C)c1cc(=O)[nH]c(-c2ccccn2)n1	0.025085
rxn:2:132418:147166	Cc1cnc2ccc(C(C)Nc3ncnc4[nH]cc(C)c34)cc2n1	0.025084
rxn:2:132418:163150	Cc1cnc2cc(C(C)Nc3ncnc4[nH]cc(C)c34)ccc2n1	0.025084
rxn:2:118713:82980	COc1cc(NC(C)c2ccccc2SC)ccc1-n1cnc(C)c1	0.025081
rxn:2:129081:156750	COc1cc(-c2ccco2)cnc1C(C)Nc1cccn(C2CCOC2)c1=O	0.025080
rxn:2:67357:93821	CC(C)(C)c1ccc2c(c1)OCCC2NC1CC2CCC(C1)C21SCCS1	0.025075
rxn:2:67357:119938	CC(C)(C)c1cccc2c1OCCC2NC1CC2CCC(C1)C21SCCS1	0.025075
rxn:2:67357:66382	CC(C)(C)c1ccc2c(c1)C(NC1CC3CCC(C1)C31SCCS1)CCO2	0.025075
rxn:2:74014:66379	CCc1cc(OC)nc(C(C)Nc2nc(N3CCCCC3)[nH]c(=O)c2N=O)c1	0.025073
rxn:2:131385:141797	CCCC(Nc1cc(Cc2ccc(C)cc2)ncn1)c1cc(C)ccn1	0.025058
rxn:2:79495:146765	CC(NCCC1CC1c1cn(C)cn1)c1ccc(-c2cnc(=O)[nH]c2)cc1	0.025057
rxn:2:76005:66800	CC(NC1CCN(Cc2ccsc2)C1)c1cccc(-c2ccsc2)c1	0.025055
rxn:2:92207:66800	CC(NC1CCN(Cc2cccs2)C1)c1cccc(-c2ccsc2)c1	0.025055
rxn:2:114106:120531	CCC(C)(C)C(Nc1cncc(C2CC2)c1)c1ccccc1SC	0.025050
rxn:2:105887:117115	Cc1cccc(Sc2ccncc2NC2CCc3c2ccc(C)c3C)n1	0.025047
rxn:2:163553:68482	Cc1csc(C2CC(NC(c3cc4c(cc3C)n(C)c(=O)n4C)C(C)C)C2)n1	0.025046
rxn:2:83598:118090	COc1ccc(C)cc1-c1nnc(NC2CC(C3(C)CCC3)n3nccc32)o1	0.025043
rxn:2:81042:117115	CCCc1c(NC2CCc3c2ccc(C)c3C)cnn1-c1cc(C)ccn1	0.025039
rxn:2:112668:65814	Cc1ccc(-c2cccc(C(C)NC34CC(c5nccs5)(C3)C4)c2)s1	0.025035
rxn:2:95270:73581	Cc1cc2ccc(NC(c3cccc(C4CC4)c3)C3CC3)cc2[nH]1	0.025033
rxn:2:114928:141791	Cc1csc(-c2nnc(NC(CCOC(C)C)c3ccsc3)o2)c1	0.025023
rxn:2:101894:103705	CCc1cccc2c1CCCC2NCC1C(c2cc(C)ccc2OC)C1(F)F	0.025022
rxn:2:81887:90160	CCc1c(NC(c2ccc(OC)cc2C)C(C)(C)C)nc(N2CCOCC2)[nH]c1=O	0.025020
rxn:2:98691:82225	CC1CCCN(Cc2nc(C(C)Nc3ccc(N4CCCC(F)C4)nc3)cs2)C1	0.025019
rxn:2:116930:168163	Cc1cncnc1-c1ccc(C(C)NCC2CCN(c3ccccc3)C2)s1	0.025018
rxn:2:108387:94554	COc1ccc(C2CC(NC(C)(C)CC(F)(F)c3sccc3C)C2)cc1	0.025012
rxn:2:73115:125732	CCC(Nc1cc(-c2nnnn2C(C)C)ccn1)c1cc(C)cc(OC)c1	0.025008
rxn:2:104675:125732	CCC(Nc1ccnc(-c2nnnn2C(C)C)c1)c1cc(C)cc(OC)c1	0.025008
rxn:2:103852:125732	CCC(Nc1cccc(-c2nnnn2C(C)C)n1)c1cc(C)cc(OC)c1	0.025008
rxn:2:132718:125732	CCC(Nc1ncccc1-c1nnnn1C(C)C)c1cc(C)cc(OC)c1	0.025008
rxn:2:137800:125732	CCC(Nc1cccnc1-c1nnnn1C(C)C)c1cc(C)cc(OC)c1	0.025008
rxn:2:104870:96141	CC(NC1CCN(c2ncnc3c2CCCC3)C1)c1cccc(-n2cccn2)c1	0.025008
rxn:2:124443:96141	CC(NC1CCCN(c2ncnc3c2CCC3)C1)c1cccc(-n2cccn2)c1	0.025008
rxn:2:140459:96141	CC(NC1CCN(c2ncnc3c2CCC3)CC1)c1cccc(-n2cccn2)c1	0.025008
rxn:2:118713:130817	COc1cc(NC(C)c2cccc3c2CCCC3)ccc1-n1cnc(C)c1	0.025008
rxn:2:118713:136034	CCC(Nc1ccc(-n2cnc(C)c2)c(OC)c1)c1cccc(C)c1C	0.025005
rxn:2:77871:76082	CCc1nn(C)c(NC(C)c2cccc(C)c2C)c1Cc1ccccc1	0.025002
rxn:2:147092:136843	CCC1(C)CCC(Nc2[nH]ncc2-c2nc3ccc(C)cc3[nH]2)CC1	0.025000
rxn:2:86644:125732	CCOC1CN(Cc2ccccc2)CC1NC(CC)c1cc(C)cc(OC)c1	0.024990
rxn:2:93100:80762	CCCCc1ccc([C@H](C)NC2CCC(C)c3cc(C)ccc32)cc1	0.024987
rxn:2:134279:160053	CC(C)Sc1ccc(NC2CCN(c3ncnc4c3cnn4C)CC2)cc1	0.024984
rxn:2:147500:115092	CC(NC1CC(c2ccccc2)C1)c1cnn(Cc2ccc3c(c2)OCO3)c1	0.024980
rxn:2:137897:71823	CC(Nc1cnn(-c2ccncc2)c1C1CCC1)c1nc2c(s1)CCCC2	0.024977
rxn:2:105157:91021	CCCCC(Nc1cc(Cc2cccc(C)c2)ncn1)c1cnccn1	0.024976
rxn:2:139141:91021	CCCCC(Nc1cc(Cc2ccccc2)nc(C)n1)c1cnccn1	0.024976
rxn:2:131385:115275	CCCCC(Nc1cc(Cc2ccc(C)cc2)ncn1)c1ncccn1	0.024976
rxn:2:132040:67395	CC(C)(Cc1ccc2ccccc2c1)NC1CC(c2nc(C3CC3)no2)C1	0.024973
rxn:2:122841:151749	CC1(Oc2ccc(NC(c3cnc4ccccc4c3)C3CC3)cc2)COC1	0.024971
rxn:2:129548:131960	CCc1n[nH]c2sc(CNC3CCN(C)C(c4ccccc4)C3C)c(C)c12	0.024965
rxn:2:129548:77003	CCc1n[nH]c2sc(CNC3C[C@H](c4ccccc4)N(C)C[C@H]3C)c(C)c12	0.024965
rxn:2:129548:130132	CCc1n[nH]c2sc(CNC3CC(c4ccccc4)N(C)CC3C)c(C)c12	0.024965
rxn:2:134864:90166	Cc1nc(-c2cc[nH]n2)oc1C(C)Nc1cncc2ncn(C)c12	0.024964
rxn:2:75765:76414	CCC(CCCc1ccccc1)Nc1cc(C)c2ncccc2c1	0.024963
rxn:2:94765:149207	CC1(CNC2CCc3cc(-c4cccc5[nH]ncc45)ccc3C2)CCCCO1	0.024950
rxn:2:166926:94554	COc1ccc(C2CC(Nc3nnc(Cc4ccc5c(c4)OCO5)o3)C2)cc1	0.024948
rxn:2:123823:76082	Cc1cccc(C(C)NCC2CC2c2ccccc2-c2cc[nH]n2)c1C	0.024948
rxn:2:135568:166390	Cc1cncc(-c2ccc3c(c2)CCCC3NCC(C)(C(C)C)N2CCOCC2)c1	0.024945
rxn:2:90440:91468	Cc1nsc2cc(NC(C)c3nc4ccccc4s3)ccc12	0.024943
rxn:2:102205:94522	c1ccc(C(NCC2CC2CN2CCc3ccccc3C2)C2CCCCC2)nc1	0.024938
rxn:2:103162:118090	Cc1ccc(NC2CC(C3(C)CCC3)n3nccc32)cc1N(C)C(C)C1CC1	0.024938
rxn:2:139592:114890	CCN1CCc2nc(NC(C)c3ccc(-c4ccc(C)cc4)cn3)sc2C1	0.024936
rxn:2:119340:124477	Cc1ccc(S(=O)(=O)CC2CC(Nc3nc(-c4ccccc4)ns3)C2)cc1	0.024934
rxn:2:156652:74901	CC1(C)Cc2c(ccn2-c2nccs2)C(NC(c2cccnc2)C2CC2)C1	0.024921
rxn:2:136008:80762	Cc1ccc2c(c1)C(C)CCC2NCc1c(-c2ccccc2C)cnn1C	0.024918
rxn:2:84209:163676	COc1ccc(C(NCc2nc(=O)[nH]c(=O)[nH]2)c2ccsc2)cc1C	0.024917
rxn:2:100556:115354	COc1c(C(C)Nc2c(C)nn3ccccc23)oc2ccccc12	0.024916
rxn:2:100556:67801	COc1ccc2cc(C(C)Nc3c(C)nn4ccccc34)oc2c1	0.024916
rxn:2:115695:82225	CCCS(=O)(=O)c1nn(C)cc1NC(C)c1csc(CN2CCCC(C)C2)n1	0.024913
rxn:2:154196:73601	Cc1cnc(-n2nc(C)c(C3CC3)c2NC2CCC(C(C)C)C(C)C2)c(C)c1	0.024911
rxn:2:89113:156750	COc1cc(-c2ccco2)cnc1C(C)Nc1cccn(CC(C)C)c1=O	0.024910
rxn:2:131385:65853	CCCCC(Nc1cc(Cc2ccc(C)cc2)ncn1)c1noc(C)n1	0.024907
rxn:2:120300:78148	CCC1CCC(CC(C)NC2CC(Sc3ccc(OC)cc3)C2)CC1	0.024894
rxn:2:82403:117385	CCCS(=O)(=O)c1cnc(C)nc1NC(C)c1ccccc1N1CCCC(C)C1	0.024894
rxn:2:131385:112841	Cc1ccc(Cc2cc(NC3c4sc(C)nc4CCC3(C)C)ncn2)cc1	0.024893
rxn:2:166860:127872	CCCc1nn(-c2ccnc(C(C)C)c2)cc1NC1CCN(C)C(C)(C)C1(C)C	0.024886
rxn:2:136062:78148	CCC1CCC(CC(C)NC2CCC(Cc3nnc(C)n3CC)CC2)CC1	0.024884
rxn:2:65970:159156	CCN1CCCc2cc(NC3CCCc4c3c3ccccc3n4C)ccc21	0.024880
rxn:2:65970:154580	CCN1CCCc2cc(NC3CCCc4c3n(C)c3ccccc43)ccc21	0.024880
rxn:2:141223:166390	Cc1cncc(-c2ccc3c(c2)CCCC3NC2(Cn3cccn3)CCC2)c1	0.024876
rxn:2:83763:94554	COc1ccc(C2CC(NC(C)c3cnn(Cc4ccccc4)c3)C2)cc1	0.024873
rxn:2:84582:94554	COc1ccc(C2CC(N[C@H](C)c3cnn(Cc4ccccc4)c3)C2)cc1	0.024873
rxn:2:142083:94554	COc1ccc(C2CC(N[C@@H](C)c3cnn(Cc4ccccc4)c3)C2)cc1	0.024873
rxn:2:118713:86875	COc1cc(NC(C)c2cccc(OC)c2OC)ccc1-n1cnc(C)c1	0.024871
rxn:2:100556:77004	COc1nc(SC)ncc1C(C)Nc1c(C)nn2ccccc12	0.024870
rxn:2:149062:104935	CC(N[C@@H]1CCN(c2ncnc3ccccc23)C1)c1cccc(C(C)(F)F)c1	0.024864
rxn:2:135515:160053	Cn1ncc2c(N3CCC(Nc4ccc(C5CC(F)(F)C5)cc4)CC3)ncnc21	0.024863
rxn:2:93008:118090	Cc1csc(-c2nn(C)c(NC3CC(C4(C)CCC4)n4nccc43)c2C)c1	0.024862
rxn:2:157350:77199	COc1ccc2c(c1)CCC2NCC1CCN(c2cc(C)cc3ncnn23)CC1	0.024861
rxn:2:157350:79566	Cc1cc(N2CCC(CNC(C)c3ccc4c(c3)CCO4)CC2)n2ncnc2c1	0.024861
rxn:2:157350:111968	COc1ccc2c(c1)C(NCC1CCN(c3cc(C)cc4ncnn34)CC1)CC2	0.024861
rxn:2:157350:127250	Cc1cc(N2CCC(CNC(C)c3ccc4c(c3)OCC4)CC2)n2ncnc2c1	0.024861
rxn:2:71629:66800	CC(Nc1ccnc(C2CCC2)c1)c1cccc(-c2ccsc2)c1	0.024842
rxn:2:67357:81184	C=C=Cc1cc(C)cc2c1OCCC2NC1CC2CCC(C1)C21SCCS1	0.024832
rxn:2:157350:94458	Cc1cc(N2CCC(CNC(C)c3cc4c(cn3)OCC4)CC2)n2ncnc2c1	0.024832
rxn:2:117208:125732	CCC(Nc1cccc(CN2CCC(C)CC2)c1)c1cc(C)cc(OC)c1	0.024820
rxn:2:110069:78148	CCC1CCC(CC(C)NC2CC(Cc3nnc(C)n3CC3CC3)C2)CC1	0.024818
rxn:2:114503:101897	CCOc1ccc2c(c1)CCCC2NCC1CCC(c2nnc(C)n2CC)CC1	0.024815
rxn:2:72786:159648	Cc1nc2ncccc2cc1C(C)Nc1ncnc2c1nc(C)n2C	0.024812
rxn:2:66806:166390	Cc1cncc(-c2ccc3c(c2)CCCC3NCC2CC(n3cccn3)C2)c1	0.024806
rxn:2:80480:166390	Cc1cncc(-c2ccc3c(c2)CCCC3NC[C@H]2C[C@@H](n3cccn3)C2)c1	0.024806
rxn:2:124566:166390	Cc1cncc(-c2ccc3c(c2)CCCC3NC[C@H]2C[C@H](n3cccn3)C2)c1	0.024806
rxn:2:103669:124477	Cc1ccc(S(=O)(=O)CC2CC(Nc3nc(-c4cnccn4)n[nH]3)C2)cc1	0.024805
rxn:2:121310:123855	CC(NC1CN(Cc2ccsc2)C1)c1cccc(Cc2ccccc2)c1	0.024796
rxn:2:125150:78148	CCC1CCC(CC(C)NCC(C)(c2cc(C)ccc2C)N(C)C)CC1	0.024782
rxn:2:132852:76082	COc1ccc(NC(C)c2cccc(C)c2C)cc1-c1ccc(C)[nH]1	0.024781
rxn:2:121511:149207	c1cc(-c2ccc3c(c2)CCC(NC2CC4(COCCO4)C2)C3)c2cn[nH]c2c1	0.024769
rxn:2:98383:149207	c1cc(-c2ccc3c(c2)CCC(NC2CCOC4(COC4)C2)C3)c2cn[nH]c2c1	0.024769
rxn:2:81150:149207	c1cc(-c2ccc3c(c2)CCC(NC2COC4(CCOC4)C2)C3)c2cn[nH]c2c1	0.024769
rxn:2:112333:166158	CC(NCc1nc(=O)[nH][nH]1)c1ccccc1-c1cc(=O)cc[nH]1	0.024765
rxn:2:162864:132476	Cc1cc(C(C)Nc2c(C3CC3)c(C)nn2-c2ccccc2)sc1C	0.024764
rxn:2:147724:132476	Cc1ccc(-n2nc(C3CC3)cc2NC(C)c2cc(C)c(C)s2)cc1	0.024764
rxn:2:118713:79735	COc1cc(NC(C)c2ccc(OC)c(C)c2C)ccc1-n1cnc(C)c1	0.024763
rxn:2:149062:79725	CC(C)Oc1cccc(C(C)N[C@@H]2CCN(c3ncnc4ccccc34)C2)c1	0.024757
rxn:2:110822:156750	COc1cc(-c2ccco2)cnc1C(C)N[C@@H](c1ccoc1)C(C)(C)C	0.024756
rxn:2:72786:84830	CCCN(c1ccccc1C(C)Nc1ncnc2c1nc(C)n2C)C(C)C	0.024756
rxn:2:144340:76539	CC(CCCN(C)C1CCCC1)NC(C)c1cc(=O)[nH]c(-c2ccccn2)n1	0.024748
rxn:2:129004:66800	Cc1cccc(CN2CC(NC(C)c3cccc(-c4ccsc4)c3)C2)c1	0.024747
rxn:2:121310:155791	Cc1cccc(-c2cccc(C(C)NC3CN(Cc4ccsc4)C3)c2)c1	0.024747
rxn:2:121310:142811	Cc1ccc(-c2cccc(C(C)NC3CN(Cc4ccsc4)C3)c2)cc1	0.024747
rxn:2:121310:150537	Cc1ccccc1-c1cccc(C(C)NC2CN(Cc3ccsc3)C2)c1	0.024747
rxn:2:121310:147379	Cc1cccc(-c2ccc(C(C)NC3CN(Cc4ccsc4)C3)cc2)c1	0.024747
rxn:2:121310:155508	Cc1ccc(C(C)NC2CN(Cc3ccsc3)C2)cc1-c1ccccc1	0.024747
rxn:2:130273:66800	Cc1ccc(CN2CC(NC(C)c3cccc(-c4ccsc4)c3)C2)cc1	0.024747
rxn:2:108981:66800	Cc1ccccc1CN1CC(NC(C)c2cccc(-c3ccsc3)c2)C1	0.024747
rxn:2:65970:67445	CCN1CCCc2cc(NC3CCCc4cc(OC(C)(C)C)ccc43)ccc21	0.024744
rxn:2:154196:75403	COc1cc(C(C)Nc2c(C3CC3)c(C)nn2-c2ncc(C)cc2C)sn1	0.024733
rxn:2:154196:135892	COc1ncc(C(C)Nc2c(C3CC3)c(C)nn2-c2ncc(C)cc2C)s1	0.024733
rxn:2:129548:71979	CCc1n[nH]c2sc(CNC3CC(c4ccccc4)C34CCC4)c(C)c12	0.024732
rxn:2:154196:125464	CCCN1CCC(Nc2c(C3CC3)c(C)nn2-c2ncc(C)cc2C)C(CC)C1	0.024728
rxn:2:79495:143071	Cc1ccc(-c2cccc(C(C)NCCC3CC3c3cn(C)cn3)c2)cn1	0.024726
rxn:2:79495:114890	Cc1ccc(-c2ccc(C(C)NCCC3CC3c3cn(C)cn3)nc2)cc1	0.024726
rxn:2:79495:74305	Cc1ccc(-c2ccc(C(C)NCCC3CC3c3cn(C)cn3)cn2)cc1	0.024726
rxn:2:79495:107287	Cc1ccc(-c2ccc(C(C)NCCC3CC3c3cn(C)cn3)cc2)nc1	0.024726
rxn:2:79495:149690	Cc1nc(-c2ccccc2)ccc1C(C)NCCC1CC1c1cn(C)cn1	0.024726
rxn:2:79495:144413	Cc1ncccc1-c1ccc(C(C)NCCC2CC2c2cn(C)cn2)cc1	0.024726
rxn:2:79495:147206	Cc1cc(-c2ccccc2C(C)NCCC2CC2c2cn(C)cn2)ccn1	0.024726
rxn:2:79495:162066	Cc1cncc(-c2ccccc2C(C)NCCC2CC2c2cn(C)cn2)c1	0.024726
rxn:2:79495:149110	Cc1ccc(-c2cccnc2C(C)NCCC2CC2c2cn(C)cn2)cc1	0.024726
rxn:2:79495:166802	Cc1cc(-c2ccccc2)ncc1C(C)NCCC1CC1c1cn(C)cn1	0.024726
rxn:2:137472:155128	CCOc1ncccc1-c1cccc2c1CCC2NC1(CC)CCC(F)(F)C1	0.024722
rxn:2:84511:66379	CCc1cc(OC)nc(C(C)Nc2nc(N3CCOCC3)[nH]c(=O)c2N=O)c1	0.024715
rxn:2:139592:160197	CCN1CCc2nc(NC(C)c3cnc(-c4cncc(OC)c4)s3)sc2C1	0.024709
rxn:2:76062:126146	c1cc(C(Nc2nnc(-c3cncs3)s2)c2ccsc2)cs1	0.024704
rxn:2:117875:80762	Cc1ccc2c(c1)C(C)CCC2NCC(c1ccco1)N1CCCC(C)C1C	0.024703
rxn:2:78140:154155	COc1ncc(C)c(NC2COc3ccc(-c4cnn(S(C)(=O)=O)c4)cc32)n1	0.024702
rxn:2:129548:95635	CCc1n[nH]c2sc(CNC3CCC(c4ccccc4)CC3F)c(C)c12	0.024700
rxn:2:129548:96187	CCc1n[nH]c2sc(CNC3CC[C@@H](c4ccccc4)C[C@H]3F)c(C)c12	0.024700
rxn:2:112668:149026	Cc1ccc(C)c(-c2cnc(C(C)NC34CC(c5nccs5)(C3)C4)s2)c1	0.024697
rxn:2:112668:146279	Cc1cccc(-c2cnc(C(C)NC34CC(c5nccs5)(C3)C4)s2)c1C	0.024697
rxn:2:74172:96141	CC(NC1CCN(c2cc(C(C)(C)C)ncn2)C1)c1cccc(-n2cccn2)c1	0.024696
rxn:2:124691:168163	Cc1cncnc1-c1ccc(C(C)NCC2CCCN2c2ccccc2)s1	0.024693
rxn:2:72132:118518	COc1ccc2c(c1C)CCC2Nc1ccc(N(C2CC2)C2CCSC2)cc1	0.024693
rxn:2:129979:71205	CC(CCC1(C2CCC2)COC1)NCc1occc1CN1CCOC(C)(C)C1	0.024692
rxn:2:116832:94554	COc1ccc(C2CC(NCC(CC(C)C)c3ccc4c(c3)OCO4)C2)cc1	0.024691
rxn:2:119049:156750	CCOc1ccc(CNC(C)c2ncc(-c3ccco3)cc2OC)cc1	0.024691
rxn:2:82403:94756	CCCS(=O)(=O)c1cnc(C)nc1NC(C)CCSc1ccc(C)cc1	0.024689
rxn:2:154197:93200	CC(Nc1nonc1-c1nc2ccccc2s1)c1cc[nH]c(=O)c1	0.024686
rxn:2:167868:67395	Cc1ccc2cc(C3CC3CNC3CC(c4nc(C5CC5)no4)C3)ccc2n1	0.024672
rxn:2:102205:114668	CC(NCC1CC1CN1CCc2ccccc2C1)c1cc(C2CCCC2)ccn1	0.024665
rxn:2:96803:91021	CCCCC(Nc1cc(C)n(Cc2ccc(C)cc2)n1)c1cnccn1	0.024665
rxn:2:105446:91021	CCCCC(Nc1cc(C)nn1Cc1ccc(C)cc1)c1cnccn1	0.024665
rxn:2:129548:126013	CCc1n[nH]c2sc(CNC3C[C@@H](OCc4ccccc4)[C@H]3C)c(C)c12	0.024649
rxn:2:129548:138162	CCc1n[nH]c2sc(CNC3C[C@H](OCc4ccccc4)[C@H]3C)c(C)c12	0.024649
rxn:2:87323:66800	CC(NC(C)(C)Cc1ccsc1)c1cccc(-c2ccsc2)c1	0.024647
rxn:2:118728:71205	CCc1ccc(-c2ccco2)cc1NC(C)CCC1(C2CCC2)COC1	0.024645
rxn:2:72395:125732	CCC(Nc1ccc(-c2nnnn2CC)cc1C)c1cc(C)cc(OC)c1	0.024643
rxn:2:67357:71520	CC(CCC1CCCCCC1)NC1CC2CCC(C1)C21SCCS1	0.024640
rxn:2:149062:101715	CC(N[C@@H]1CCN(c2ncnc3ccccc23)C1)c1cccc(S(C)(=N)=O)c1	0.024636
rxn:2:140730:73670	CCC(Nc1ccnc2ccsc12)c1cnc(N(CC)CC)cc1C	0.024633
rxn:2:164094:125321	CC(NCc1noc(-c2ccc3c(c2)OCO3)n1)c1ccnc(C(C)(C)F)c1	0.024632
rxn:2:79495:104326	Cc1ccc(C)c(C(NCCC2CC2c2cn(C)cn2)c2ccsc2)c1	0.024631
rxn:2:132418:151649	Cc1nccc2cc(C(C)Nc3ncnc4[nH]cc(C)c34)ccc12	0.024631
rxn:2:132418:143312	Cc1cc2cc(C(C)Nc3ncnc4[nH]cc(C)c34)ccc2cn1	0.024631
rxn:2:132418:156070	Cc1cc2ccc(C(C)Nc3ncnc4[nH]cc(C)c34)cc2cn1	0.024631
rxn:2:132418:149557	Cc1cnc2cc(C(C)Nc3ncnc4[nH]cc(C)c34)ccc2c1	0.024631
rxn:2:132418:155216	Cc1nccc2ccc(C(C)Nc3ncnc4[nH]cc(C)c34)cc12	0.024631
rxn:2:114893:120004	CCC(Nc1cc(-c2nnnn2CC(C)C)ccn1)c1cc(C)cc(C)c1	0.024625
rxn:2:114893:111203	CCC(Nc1cc(-c2nnnn2CC(C)C)ccn1)c1ccc(C)c(C)c1	0.024625
rxn:2:114893:80445	CCC(Nc1cc(-c2nnnn2CC(C)C)ccn1)c1ccc(C)cc1C	0.024625
rxn:2:114893:133921	CCC(Nc1cc(-c2nnnn2CC(C)C)ccn1)c1cc(C)ccc1C	0.024625
rxn:2:71340:82225	CCCS(=O)(=O)c1cccnc1NC(C)c1csc(CN2CCCC(C)C2)n1	0.024622
rxn:2:149945:91021	CCCCC(Nc1o[nH]c(=O)c1Cc1ccc(C)cc1)c1cnccn1	0.024616
rxn:2:130154:76082	COc1cc(NC(C)c2cccc(C)c2C)ccc1-c1c(C)n[nH]c1C	0.024614
rxn:2:90821:76082	COc1ccc(NC(C)c2cccc(C)c2C)cc1-c1c(C)n[nH]c1C	0.024614
rxn:2:157350:69829	CCc1ccc2c(c1)C(NCC1CCN(c3cc(C)cc4ncnn34)CC1)CC2	0.024613
rxn:2:157350:116064	CCc1ccc2c(c1)CCC2NCC1CCN(c2cc(C)cc3ncnn23)CC1	0.024613
rxn:2:129548:70772	CCc1n[nH]c2sc(CNC(CC)C3CC3c3ccccc3)c(C)c12	0.024610
rxn:2:118713:129897	COc1cc(NC(C)c2ccccc2C(C)C)ccc1-n1cnc(C)c1	0.024606
rxn:2:65970:162060	CCN1CCCc2cc(NC3CCCc4c3cnn4-c3ccccc3)ccc21	0.024598
rxn:2:129513:124477	Cc1ccc(S(=O)(=O)CC2CC(Nc3cccc(-c4cnccn4)n3)C2)cc1	0.024594
rxn:2:81602:124477	Cc1ccc(S(=O)(=O)CC2CC(Nc3ccc(-c4cnccn4)cn3)C2)cc1	0.024594
rxn:2:147092:92584	Cc1ccc2nc(-c3cn[nH]c3NC3CCC4(CC3)CC4(F)F)[nH]c2c1	0.024593
rxn:2:133682:71205	CCC1CN(C(CNC(C)CCC2(C3CCC3)COC2)C(C)C)CCO1	0.024583
rxn:2:132418:113210	Cc1c[nH]c2ncnc(NC(C)c3ccc4[nH]cnc4c3)c12	0.024580
rxn:2:68559:114841	CCCSc1ccc(NC(C)CCC2(C3CCCCC3)COC2)nn1	0.024574
rxn:2:131385:110447	Cc1ccc(Cc2cc(NC(CCN(C)C)c3cnccn3)ncn2)cc1	0.024567
rxn:2:106509:124477	Cc1ccc(S(=O)(=O)CC2CC(Nc3cc(-c4cnccn4)nn3C)C2)cc1	0.024567
rxn:2:75649:124477	Cc1ccc(S(=O)(=O)CC2CC(Nc3cnn(C)c3-c3cnccn3)C2)cc1	0.024567
rxn:2:112464:124477	Cc1ccc(S(=O)(=O)CC2CC(Nc3cn(C)nc3-c3cnccn3)C2)cc1	0.024567
rxn:2:75765:84836	Cc1cc(NC2CCCc3nc(C4CCOCC4)sc32)cc2cccnc12	0.024566
rxn:2:149062:86748	CC(N[C@@H]1CCN(c2ncnc3ccccc23)C1)c1cccc(N2CCCC2)c1	0.024557
rxn:2:155183:94554	COc1ccc(C2CC(Nc3ncc(Cc4ccc5c(c4)OCO5)o3)C2)cc1	0.024552
rxn:2:129223:162733	CCC(CC)n1ncc(C)c1NC(C)c1ccc(-c2ncc[nH]c2=O)cn1	0.024537
rxn:2:131143:155128	CCOc1ncccc1-c1cccc2c1CCC2NC1(CC)CCC(F)CC1	0.024535
rxn:2:144340:131199	CC1CC(C)CN(CCCC(C)NC(C)c2cc(=O)[nH]c(-c3ccccn3)n2)C1	0.024535
rxn:2:154196:101743	Cc1cnc(-n2nc(C)c(C3CC3)c2NC(C)c2ccc(C)s2)c(C)c1	0.024528
rxn:2:154196:74829	Cc1csc(C(C)Nc2c(C3CC3)c(C)nn2-c2ncc(C)cc2C)c1	0.024528
rxn:2:154196:108657	Cc1cnc(-n2nc(C)c(C3CC3)c2NC(C)c2cscc2C)c(C)c1	0.024528
rxn:2:154196:87539	Cc1cnc(-n2nc(C)c(C3CC3)c2NC(C)c2csc(C)c2)c(C)c1	0.024528
rxn:2:154196:104436	Cc1cnc(-n2nc(C)c(C3CC3)c2NC(C)c2sccc2C)c(C)c1	0.024528
rxn:2:154196:106425	Cc1cnc(-n2nc(C)c(C3CC3)c2NC(C)c2ccsc2C)c(C)c1	0.024528
rxn:2:128031:78148	CCC1CCC(CC(C)Nc2nc(CC3CCCCC3)c(C)[nH]2)CC1	0.024524
rxn:2:72207:104766	CCc1cc(C)cc(C(CC)NC2CCN(c3ncnc4ccsc34)C2)c1	0.024500
rxn:2:68701:160406	Cc1cc(-c2cnc(C)c(C)c2)ccc1C(C)NC[C@H]1C[C@@H](n2cncn2)C1	0.024490
rxn:2:107771:89151	CC(CCC1C2CC3CC(C2)CC1C3)CNC1CCc2cc3c(cc21)OCC3	0.024489
rxn:2:83823:66800	CC(NC1CN(CCc2ccccc2)C1)c1cccc(-c2ccsc2)c1	0.024487
rxn:2:132418:88447	Cc1nc2[nH]c(C(C)Nc3ncnc4[nH]cc(C)c34)cc2s1	0.024485
rxn:2:102998:66800	CC(N[C@H]1CCN(Cc2ccccc2)C1)c1cccc(-c2ccsc2)c1	0.024483
rxn:2:104694:66800	CC(N[C@@H]1CCN(Cc2ccccc2)C1)c1cccc(-c2ccsc2)c1	0.024483
rxn:2:135004:66800	CC(NC1CCN(Cc2ccccc2)C1)c1cccc(-c2ccsc2)c1	0.024483
rxn:2:106391:76082	COc1cc(NC(C)c2cccc(C)c2C)ccc1Sc1nnc(C)[nH]1	0.024477
rxn:2:104610:91021	CCCCC(NCc1cc(Cc2ccccc2)ncn1)c1cnccn1	0.024473
rxn:2:160221:93200	CC(Nc1nonc1-c1nc2cccnc2s1)c1cc[nH]c(=O)c1	0.024473
rxn:2:76751:91021	CCCCC(Nc1cc(C(C)c2ccccc2)ncn1)c1cnccn1	0.024469
rxn:2:78782:124477	Cc1ccc(S(=O)(=O)CC2CC(Nc3nccc(-c4cnccn4)n3)C2)cc1	0.024468
rxn:2:123893:124477	Cc1ccc(S(=O)(=O)CC2CC(Nc3cc(-c4cnccn4)ncn3)C2)cc1	0.024468
rxn:2:122841:102220	CCCOc1ccc(C(Nc2ccc(OC3(C)COC3)cc2)C2CC2)cc1	0.024468
rxn:2:139592:98060	CCN1CCc2nc(NC(C)c3ccc(Oc4ccccc4)cn3)sc2C1	0.024456
rxn:2:67357:140703	CC(C)(C)Oc1ccc2c(c1)C(NC1CC3CCC(C1)C31SCCS1)CCO2	0.024455
rxn:2:122841:142845	CC1(Oc2ccc(NC(Cn3cccnc3=O)c3ccccc3)cc2)COC1	0.024451
rxn:2:129548:135594	CCc1n[nH]c2sc(CNC3CCOC4(CCC(C(C)(C)C)CC4)C3)c(C)c12	0.024440
rxn:2:131385:123982	Cc1ccc(Cc2cc(NC(CCN(C)C)c3ccccn3)ncn2)cc1	0.024439
rxn:2:94152:156750	COc1cc(-c2ccco2)cnc1C(C)Nc1cccn(C2CC2(F)F)c1=O	0.024438
rxn:2:138819:125732	CCC(Nc1cc(-c2nnnn2C(C)(C)C)ccn1)c1cc(C)cc(OC)c1	0.024431
rxn:2:73067:125732	CCC(Nc1ccnc(-c2nnnn2C(C)(C)C)c1)c1cc(C)cc(OC)c1	0.024431
rxn:2:76062:137331	CC(Nc1nnc(-c2cncs2)s1)c1ccc(-c2ccon2)s1	0.024424
rxn:2:122841:99889	CC(C)c1cccc(C(Nc2ccc(OC3(C)COC3)cc2)C2CCC2)c1	0.024421
rxn:2:166860:93946	CCCc1nn(-c2ccnc(C(C)C)c2)cc1NC1CCN(C(C)(C)C)C1(C)C	0.024418
rxn:2:101551:96141	CCCc1cc(N2CCC(NC(C)c3cccc(-n4cccn4)c3)C2)ncn1	0.024406
rxn:2:79495:162343	Cc1ccc(-c2nc(C)c(C(C)NCCC3CC3c3cn(C)cn3)s2)cn1	0.024406
rxn:2:137034:112899	CCc1nn(-c2ccccc2C)cc1CNC1CCc2c1ccc1c2CCC1	0.024400
rxn:2:67357:120346	CSc1cccc(C(NC2CC3CCC(C2)C32SCCS2)C(C)C)c1	0.024393
rxn:2:120082:155128	CCOc1ncccc1-c1cccc2c1CCC2NC1(CSC)CC(F)(F)C1	0.024393
rxn:2:91031:78148	CCOc1ccc(NC(C)CC2CCC(CC)CC2)c2ccccc12	0.024392
rxn:2:112128:66800	CCc1ccc2c(c1)CC(NC(C)c1cccc(-c3ccsc3)c1)CO2	0.024384
rxn:2:95402:82673	CN1CC(CNC2CCCCCC2Cn2ccnc2)N(c2ccccc2)C(C)(C)C1	0.024376
rxn:2:85077:78148	CCC1CCC(CC(C)NC2CCC(c3nnc(C)n3C(C)C)CC2)CC1	0.024361
rxn:2:105988:124477	Cc1ccc(S(=O)(=O)CC2CC(Nc3cccc(-c4cnccn4)c3)C2)cc1	0.024361
rxn:2:127866:78148	CCC1CCC(CC(C)NCC2CCC(c3nncn3C3CC3)CC2)CC1	0.024356
rxn:2:156652:141935	CCC(Cc1ccncc1)NC1CC(C)(C)Cc2c1ccn2-c1nccs1	0.024355
rxn:2:156652:133700	CC(CCc1cccnc1)NC1CC(C)(C)Cc2c1ccn2-c1nccs1	0.024355
rxn:2:156652:84018	CCC(Cc1ccccn1)NC1CC(C)(C)Cc2c1ccn2-c1nccs1	0.024355
rxn:2:144340:77307	CC(CCCN1C(C)CCCC1C)NC(C)c1cc(=O)[nH]c(-c2ccccn2)n1	0.024355
rxn:2:118429:66379	CCc1cc(OC)nc(C(C)NC2CCCCCC2Cc2ccccc2)c1	0.024353
rxn:2:93968:166390	Cc1cncc(-c2ccc3c(c2)CCCC3NCC2(Cn3cccn3)CC2)c1	0.024352
rxn:2:136231:96141	COCc1cc(N2CCC(NC(C)c3cccc(-n4cccn4)c3)C2)ncn1	0.024351
rxn:2:92374:123556	Cc1cn2c(NC(Cc3ccccc3)c3nccs3)cccc2n1	0.024348
rxn:2:75400:96141	CCOc1cc(N2CCC(NC(C)c3cccc(-n4cccn4)c3)C2)ncn1	0.024346
rxn:2:131733:163676	COc1ccc(C(NCc2nc(=N)[nH][nH]2)c2ccsc2)cc1C	0.024345
rxn:2:121310:140130	CC(NC1CN(Cc2ccsc2)C1)c1cccc(Oc2ccccc2)c1	0.024344
rxn:2:100199:82225	CC1CCCN(Cc2nc(C(C)Nc3nc(N(C)C)ncc3S(C)(=O)=O)cs2)C1	0.024331
rxn:2:156652:108823	CCc1cnccc1C(C)NC1CC(C)(C)Cc2c1ccn2-c1nccs1	0.024325
rxn:2:156652:110873	CCc1ccncc1C(C)NC1CC(C)(C)Cc2c1ccn2-c1nccs1	0.024325
rxn:2:157465:67395	Cc1ccc2cc(C(F)(F)CNC3CC(c4nc(C5CC5)no4)C3)ccc2n1	0.024324
rxn:2:131385:85435	Cc1ccc(Cc2cc(NC(c3ccnc(C)c3C)C(C)C)ncn2)cc1	0.024315
rxn:2:131060:78148	CCC1CCC(CC(C)NCCn2c(C)nnc2C2CCC(C)CC2)CC1	0.024309
rxn:2:114503:130174	CCn1c(C)nnc1C1CCC(CNC(C)CCC2CCC(C)CC2)CC1	0.024309
rxn:2:102205:85371	c1ccc2c(c1)CCN(CC1CC1CNC(c1ccc3c(n1)CCCC3)C1CC1)C2	0.024304
rxn:2:140515:156750	COCCn1cccc(NC(C)c2ncc(-c3ccco3)cc2OC)c1=O	0.024301
rxn:2:102205:68523	COc1ccc(C(NCC2CC2CN2CCc3ccccc3C2)C2CC2)c(C)c1	0.024297
rxn:2:102205:136685	COc1ccc(C(NCC2CC2CN2CCc3ccccc3C2)C2CC2)cc1C	0.024297
rxn:2:155598:66379	CCc1cc(OC)nc(C(C)Nc2ccc3[nH]c(N4CCOCC4)nc3c2)c1	0.024295
rxn:2:154196:136712	Cc1cnc(-n2nc(C)c(C3CC3)c2NC(C)c2[nH]c(C)cc2C)c(C)c1	0.024290
rxn:2:88511:91021	CCCCC(Nc1cc(-c2ccc(CC)cc2)ncn1)c1cnccn1	0.024290
rxn:2:94252:91021	CCCCC(Nc1ncc(Cc2ccc(C)cc2)s1)c1cnccn1	0.024281
rxn:2:131385:107412	CCCCC(Nc1cc(Cc2ccc(C)cc2)ncn1)c1cscn1	0.024281
rxn:2:79580:91021	CCCCC(Nc1nc(Cc2ccc(C)cc2)cs1)c1cnccn1	0.024281
rxn:2:107635:166390	Cc1cncc(-c2ccc3c(c2)CCCC3NCC(F)(F)Cn2cccn2)c1	0.024279
rxn:2:72786:120399	COc1ccc2c(C(C)Nc3ncnc4c3nc(C)n4C)cnn2n1	0.024277
rxn:2:111397:154155	CCOc1cccnc1NC1COc2ccc(-c3cnn(S(C)(=O)=O)c3)cc21	0.024271
rxn:2:75765:67839	Cc1cc(NC(C)c2ccc(-n3cccn3)cn2)cc2cccnc12	0.024257
rxn:2:75765:90586	Cc1cc(NC(C)c2ccc(-n3ccnc3)cn2)cc2cccnc12	0.024257
rxn:2:82126:145028	Cc1cc(-c2ccc3c(c2)C(Nc2cncc(C(C)(F)F)c2)CO3)cs1	0.024256
rxn:2:168683:76082	COc1ccc(NC(C)c2cccc(C)c2C)cc1-c1ccc(C)n1C	0.024251
rxn:2:148706:78148	CCC1CCC(CC(C)NC(C)c2ccc(-c3c(C)nn(C)c3C)o2)CC1	0.024240
rxn:2:121310:107267	CC(NC1CN(Cc2ccsc2)C1)c1cccc(S(F)(F)(F)(F)F)c1	0.024238
rxn:2:77415:80762	CCc1ccccc1-n1cc(CNC2CCC(C)c3cc(C)ccc32)cn1	0.024235
rxn:2:131385:113132	CCCCC(Nc1cc(Cc2ccc(C)cc2)ncn1)c1ccco1	0.024228
rxn:2:147092:105994	Cc1ccc2nc(-c3cn[nH]c3NC3CCCC(F)(F)CC3)[nH]c2c1	0.024228
rxn:2:166337:125321	Cc1c(C)n(C(C)C)c2ncnc(NC(C)c3ccnc(C(C)(C)F)c3)c12	0.024219
rxn:2:100705:155128	CCOc1ncccc1-c1cccc2c1CCC2NC1(C)CC2(CC(F)(F)C2)C1	0.024217
rxn:2:122841:132052	CC(C)(C)Oc1ccc(C(Nc2ccc(OC3(C)COC3)cc2)C2CC2)cc1	0.024216
rxn:2:122841:107074	COc1cccc(C(Nc2ccc(OC3(C)COC3)cc2)C2CCCCC2)c1	0.024211
rxn:2:154196:88007	Cc1cnc(-n2nc(C)c(C3CC3)c2NC(C)c2oc(C)cc2C)c(C)c1	0.024208
rxn:2:154196:137244	Cc1cnc(-n2nc(C)c(C3CC3)c2NC(C)c2cc(C)c(C)o2)c(C)c1	0.024208
rxn:2:123962:76082	COc1cc(NC(C)c2cccc(C)c2C)ccc1-c1ccccc1	0.024199
rxn:2:158838:78148	CCC1CCC(CC(C)Nc2cccc3c2nc(C2CC2)n3CC)CC1	0.024196
rxn:2:111267:155128	CCOc1ncccc1-c1cccc2c1CCC2NCC1(CC)CC(F)(F)C1	0.024193
rxn:2:74678:94554	CCc1ccc(Cn2cc(NC3CC(c4ccc(OC)cc4)C3)cn2)cc1	0.024187
rxn:2:138140:94554	CCc1cccc(Cn2cc(NC3CC(c4ccc(OC)cc4)C3)cn2)c1	0.024187
rxn:2:164775:74191	COCCn1cc(NC(c2cc(OC)ccn2)C2CC2)cc(S(C)(=O)=O)c1=O	0.024187
rxn:2:118001:67395	CC(C)(CNC1CC(c2nc(C3CC3)no2)C1)Cc1ccc(C(C)(F)F)cc1	0.024186
rxn:2:129548:79040	CCc1n[nH]c2sc(CNC3CCN(Cc4ccc(C)o4)C(C)C3)c(C)c12	0.024184
rxn:2:149337:94554	COc1ccc(C2CC(Nc3nc(Cc4ccc5c(c4)OCO5)c[nH]3)C2)cc1	0.024179
rxn:2:117449:166390	Cc1cncc(-c2ccc3c(c2)CCCC3N[C@H]2CC[C@@H](Cn3ccnn3)C2)c1	0.024173
rxn:2:130011:166390	Cc1cncc(-c2ccc3c(c2)CCCC3N[C@H]2CC[C@@H](Cn3cncn3)C2)c1	0.024173
rxn:2:165095:76082	COc1cc(NC(C)c2cccc(C)c2C)ccc1-c1cnccc1C	0.024173
rxn:2:114893:99516	CCC(Nc1cc(-c2nnnn2CC(C)C)ccn1)c1ccnc(OC)c1	0.024170
rxn:2:114893:86744	CCC(Nc1cc(-c2nnnn2CC(C)C)ccn1)c1cc(OC)ccn1	0.024170
rxn:2:114893:118896	CCC(Nc1cc(-c2nnnn2CC(C)C)ccn1)c1ccc(OC)nc1	0.024170
rxn:2:114893:133342	CCC(Nc1cc(-c2nnnn2CC(C)C)ccn1)c1ccc(OC)cn1	0.024170
rxn:2:119607:73581	Cc1cc(OC2(C)CC2)ccc1NC(c1cccc(C2CC2)c1)C1CC1	0.024168
rxn:2:81140:156750	CCOCn1cccc(NC(C)c2ncc(-c3ccco3)cc2OC)c1=O	0.024168
rxn:2:155633:132476	CSc1cnn(-c2ncc(C)cc2C)c1NC(C)c1cc(C)c(C)s1	0.024167
rxn:2:111653:71823	CC(Nc1ccc2nc(C(C)(C)C)sc2c1)c1nc2c(s1)CCCC2	0.024163
rxn:2:97674:67395	Cc1ccn2nc(CC(C)(C)CNC3CC(c4nc(C5CC5)no4)C3)nc2c1	0.024160
rxn:2:139960:124477	Cc1ccc(S(=O)(=O)CC2CC(Nc3cc(C)nc(-c4ccoc4)n3)C2)cc1	0.024150
rxn:2:122841:85699	CC1(Oc2ccc(NC(c3ccccc3)C3CCC(F)(F)CC3)cc2)COC1	0.024146
rxn:2:72207:105836	CC(C)n1ncc2c1OC(C)(C)CC2NC1CCN(c2ncnc3ccsc23)C1	0.024140
rxn:2:72364:78603	COc1cc(C)cc(-c2cc(NC3CC(c4ccccc4)C3C)cs2)n1	0.024134
rxn:2:120412:168163	Cc1cncnc1-c1ccc(C(C)Nc2ncnc3nn(C)nc23)s1	0.024130
rxn:2:159659:125321	Cc1cnc(-n2cc(CNC(C)c3ccnc(C(C)(C)F)c3)c(C)n2)cc1C	0.024128
rxn:2:149062:89120	CC(C)Cc1cccc(C(C)N[C@@H]2CCN(c3ncnc4ccccc34)C2)c1	0.024123
rxn:2:97652:125732	CCC(Nc1cccc(-c2nnnn2C(C)C)c1)c1cc(C)cc(OC)c1	0.024122
rxn:2:102205:68974	COc1cccc(C(NCC2CC2CN2CCc3ccccc3C2)C2CCC2)c1	0.024113
rxn:2:102205:72787	COc1ccc(C(NCC2CC2CN2CCc3ccccc3C2)C2CCC2)cc1	0.024113
rxn:2:102205:138148	COc1ccccc1C(NCC1CC1CN1CCc2ccccc2C1)C1CCC1	0.024113
rxn:2:106705:87143	COc1cnn(-c2ccc(SC)nc2)c1NC(C)CCc1cnsc1	0.024111
rxn:2:137009:156750	COc1cc(-c2ccco2)cnc1C(C)NC1(c2ccc(C)cc2)CC1C	0.024108
rxn:2:157350:130591	Cc1cc(N2CCC(CNC3CCc4ccc5c(c43)CCO5)CC2)n2ncnc2c1	0.024100
rxn:2:91124:156750	COc1cc(-c2ccco2)cnc1C(C)Nc1cccn(C2CC2(C)C)c1=O	0.024097
rxn:2:156652:115836	CC(C)C(NC1CC(C)(C)Cc2c1ccn2-c1nccs1)c1cccnc1	0.024091
rxn:2:128735:118998	CCCc1nn(-c2ccc(C)nc2)cc1NC1CCOc2c(C)cc(C)cc21	0.024089
rxn:2:160554:91021	CCCCC(Nc1ncn(-c2cc(C)nc(C(C)C)n2)n1)c1cnccn1	0.024086
rxn:2:131385:123332	Cc1ccc(Cc2cc(NC(Cc3cnccn3)CC(C)C)ncn2)cc1	0.024081
rxn:2:67108:74191	COc1ccnc(C(NCC(c2ccccc2)c2cccn2C)C2CC2)c1	0.024076
rxn:2:154196:80514	Cc1cnc(-n2nc(C)c(C3CC3)c2NC(C)c2nc(C)c(C)s2)c(C)c1	0.024074
rxn:2:154196:97871	Cc1cnc(-n2nc(C)c(C3CC3)c2NC(C)c2nc(C)sc2C)c(C)c1	0.024074
rxn:2:114893:124291	CCC(Nc1cc(-c2nnnn2CC(C)C)ccn1)c1cccc(OC)c1	0.024074
rxn:2:114893:111413	CCC(Nc1cc(-c2nnnn2CC(C)C)ccn1)c1ccc(OC)cc1	0.024074
rxn:2:114893:110070	CCC(Nc1cc(-c2nnnn2CC(C)C)ccn1)c1ccccc1OC	0.024074
rxn:2:154502:94554	COc1ccc(C2CC(Nc3nnc(Cc4ccc5c(c4)OCO5)s3)C2)cc1	0.024071
rxn:2:77168:134526	CCC(CC)c1nn2cc(CNC(C)c3cc4c([nH]c3=O)CCC4)nc2s1	0.024070
rxn:2:122841:86475	CC(C)c1cc(C2CC2)cc(C(C)Nc2ccc(OC3(C)COC3)cc2)c1	0.024067
rxn:2:114503:83241	CCn1c(C)nnc1C1CCC(CNC(CC2CC2)c2ccc(C)cc2)CC1	0.024065
rxn:2:72786:121761	CSc1ncc(C(C)Nc2ncnc3c2nc(C)n3C)c(=O)[nH]1	0.024062
rxn:2:134864:167458	Cn1cnc2cncc(NC3COc4cc(-c5ccsc5)ccc43)c21	0.024060
rxn:2:134864:75754	CC(Nc1cncc2ncn(C)c12)c1cccn1Cc1ccccc1	0.024054
rxn:2:115873:163676	CCc1c(C)nc(CNC(c2ccsc2)c2ccc(OC)c(C)c2)[nH]c1=O	0.024050
rxn:2:99392:156750	COc1cc(-c2ccco2)cnc1C(C)Nc1cccn([C@@H]2C[C@H]2OC)c1=O	0.024039
rxn:2:115187:125732	CCCn1nnnc1-c1ccnc(NC(CC)c2cc(C)cc(OC)c2)c1	0.024020
rxn:2:104084:125732	CCCn1nnnc1-c1cc(NC(CC)c2cc(C)cc(OC)c2)ccn1	0.024020
rxn:2:74012:125732	CCCn1nnnc1-c1cncc(NC(CC)c2cc(C)cc(OC)c2)c1	0.024020
rxn:2:74989:125732	CCCn1nnnc1-c1ncccc1NC(CC)c1cc(C)cc(OC)c1	0.024020
rxn:2:87543:125732	CCCn1nnnc1-c1cccnc1NC(CC)c1cc(C)cc(OC)c1	0.024020
rxn:2:67488:125732	CCCn1nnnc1-c1cccc(NC(CC)c2cc(C)cc(OC)c2)n1	0.024020
rxn:2:140730:116292	Cc1nc(-c2cnccn2)sc1C(C)Nc1ccnc2ccsc12	0.024017
rxn:2:121310:92400	CCC(NC1CN(Cc2ccsc2)C1)c1cccc(-c2cccs2)c1	0.024015
rxn:2:121310:69508	CCC(NC1CN(Cc2ccsc2)C1)c1ccc(-c2ccsc2)cc1	0.024015
rxn:2:72699:153276	CC(C)Oc1cncc(-c2ccc(C(C)Nc3nc4c(s3)CCC4)nc2)c1	0.024014
rxn:2:71490:91021	CCCCC(Nc1cc(COc2ccccc2)ncn1)c1cnccn1	0.024013
rxn:2:66473:91021	CCCCC(Nc1cc(OCc2ccccc2)ncn1)c1cnccn1	0.024013
rxn:2:163553:102373	Cc1ccc(C2CC(NC(c3cc4c(cc3C)n(C)c(=O)n4C)C(C)C)C2)s1	0.024011
rxn:2:104520:153606	COc1cc(-c2cnc(C(C)NC3(c4nccs4)CCC3)s2)ccc1C	0.024009
rxn:2:82403:80313	CCCS(=O)(=O)c1cnc(C)nc1NC(C)c1sc(N2CCCC(C)C2)nc1C	0.024004
rxn:2:125074:163676	COc1ccc(C(Nc2cncc(OC3CC3)c2)c2ccsc2)cc1C	0.023993
rxn:2:142401:133671	Cc1ccc2cc(CC(C)(C)CNC3CCC(c4nc(C)no4)C3)ccc2n1	0.023990
rxn:2:67357:161924	Cc1ccsc1-c1ncccc1C(C)NC1CC2CCC(C1)C21SCCS1	0.023982
rxn:2:127494:80762	Cc1ccc2c(c1)C(C)CCC2NC1CC(c2nc(C3CCCC3)cs2)C1	0.023981
rxn:2:139363:67395	COc1ccc(Cn2nc(NC3CC(c4nc(C5CC5)no4)C3)cc2C)cc1	0.023980
rxn:2:97090:82225	CCS(=O)(=O)c1cc(C)c(C)nc1NC(C)c1csc(CN2CCCC(C)C2)n1	0.023974
rxn:2:97715:172564	CCOc1ccc(-c2ccc(C(C)NC3CCN(C(C)C)C3)s2)cc1CC	0.023974
rxn:2:123443:172564	CCOc1ccc(-c2ccc(C(C)N[C@@H]3CCN(C(C)C)C3)s2)cc1CC	0.023974
rxn:2:139014:172564	CCOc1ccc(-c2ccc(C(C)N[C@H]3CCN(C(C)C)C3)s2)cc1CC	0.023974
rxn:2:137059:172564	CCOc1ccc(-c2ccc(C(C)NC3CCN(CC)CC3)s2)cc1CC	0.023968
rxn:2:74222:172564	CCOc1ccc(-c2ccc(C(C)NC3CCCN(CC)C3)s2)cc1CC	0.023968
rxn:2:129403:172564	CCOc1ccc(-c2ccc(C(C)N[C@H]3CCCN(CC)C3)s2)cc1CC	0.023968
rxn:2:137588:172564	CCOc1ccc(-c2ccc(C(C)N[C@@H]3CCCN(CC)C3)s2)cc1CC	0.023968
rxn:2:96505:96141	CC(C)Cc1c(NC(C)c2cccc(-n3cccn3)c2)n[nH]c1C(C)C	0.023966
rxn:2:96746:96141	CCOc1ccccc1N1CCC(NC(C)c2cccc(-n3cccn3)c2)C1	0.023965
rxn:2:157350:112589	Cc1cc(N2CCC(CNC3CCc4cc5c(cc43)OCO5)CC2)n2ncnc2c1	0.023963
rxn:2:104244:96141	CC(NC1CCN(c2cc(C3CCC3)ncn2)C1)c1cccc(-n2cccn2)c1	0.023960
rxn:2:119002:76082	COc1cc(NC(C)c2cccc(C)c2C)ccc1Oc1ccccn1	0.023957
rxn:2:67719:76082	COc1cc(NC(C)c2cccc(C)c2C)ccc1Oc1ccncc1	0.023957
rxn:2:95402:155887	CC(NCC1CN(C)CC(C)(C)N1c1ccccc1)c1cccc2oc(=O)[nH]c12	0.023954
rxn:2:70111:67395	CC(C)(CNC1CC(c2nc(C3CC3)no2)C1)Cc1cc2ccccc2nn1	0.023953
rxn:2:67357:129001	Cc1cc(C)c2c(c1)C(NC1CC3CCC(C1)C31SCCS1)CCCC2	0.023949
rxn:2:67357:86428	Cc1cc2c(cc1C)C(NC1CC3CCC(C1)C31SCCS1)CCCC2	0.023949
rxn:2:147500:70655	COc1ccc(C(C)NC(C)c2cnn(Cc3ccc4c(c3)OCO4)c2)cc1	0.023939
rxn:2:81647:168163	Cc1cncnc1-c1ccc(C(C)NC[C@@H]2CN(C)C[C@H]2c2ccccc2)s1	0.023932
rxn:2:96453:168163	Cc1cncnc1-c1ccc(C(C)NCC2CN(C)CC2c2ccccc2)s1	0.023932
rxn:2:132418:167876	Cc1ccn(-c2cc(C(C)Nc3ncnc4[nH]cc(C)c34)ccn2)n1	0.023931
rxn:2:132418:163762	Cc1c[nH]c2ncnc(NC(C)c3ccnc(-n4ccnc4C)c3)c12	0.023931
rxn:2:81877:160406	Cc1cc(-c2cnc(C)c(C)c2)ccc1C(C)NCC1CC1c1cn(C)cn1	0.023921
rxn:2:67271:160406	Cc1cc(-c2cnc(C)c(C)c2)ccc1C(C)NCC1CC1c1ccn(C)n1	0.023921
rxn:2:105315:157627	Cc1nc2cccnn2c1NC(C)c1ccc(-c2ccco2)[nH]c1=O	0.023917
rxn:2:157350:111524	Cc1cc(N2CCC(CNC(C)c3ccc(N(C)C)cc3)CC2)n2ncnc2c1	0.023917
rxn:2:113413:132476	CCC(CC)n1nc(C)c(C2CCC2)c1NC(C)c1cc(C)c(C)s1	0.023915
rxn:2:135853:66800	CC(NC1CCCN(Cc2ccncc2)C1)c1cccc(-c2ccsc2)c1	0.023915
rxn:2:95221:76082	COc1ccc(NC(C)c2cccc(C)c2C)cc1-n1c(C)ccc1C	0.023913
rxn:2:128416:76082	COc1cc(NC(C)c2cccc(C)c2C)ccc1-n1c(C)ccc1C	0.023913
rxn:2:157350:111574	Cc1cc(N2CCC(CNC3CCc4cc5c(cc43)CCC5)CC2)n2ncnc2c1	0.023908
rxn:2:81531:91021	CCCCC(Nc1cc(CCc2ccccc2)ncn1)c1cnccn1	0.023907
rxn:2:93006:134526	Cc1ccc(C(C)NC(C)c2cc3c([nH]c2=O)CCC3)n1Cc1ccccc1	0.023907
rxn:2:124408:73581	c1cc(C2CC2)cc(C(Nc2ccc(OC3CCCC3)cc2)C2CC2)c1	0.023896
rxn:2:82126:129625	CCCc1ccc(C(Nc2cncc(C(C)(F)F)c2)c2cc[nH]n2)cc1	0.023896
rxn:2:131283:118518	COc1ccc2c(c1C)CCC2NCCC(C)c1nc(C2CCCC2)c(C)[nH]1	0.023895
rxn:2:132418:114159	Cc1c[nH]c2ncnc(NC(C)c3csc(-c4ccncc4)c3)c12	0.023894
rxn:2:156652:68692	CCC(NC1CC(C)(C)Cc2c1ccn2-c1nccs1)c1ncccc1C	0.023890
rxn:2:156652:134774	CCC(NC1CC(C)(C)Cc2c1ccn2-c1nccs1)c1cccnc1C	0.023890
rxn:2:104498:96141	CCc1c(C)ncnc1N1CCCC(NC(C)c2cccc(-n3cccn3)c2)C1	0.023886
rxn:2:159882:66379	CCc1cc(OC)nc(C(C)Nc2ncnc3[nH]c(N4CCOCC4)nc23)c1	0.023886
rxn:2:114106:153588	c1ccc2c3c(ccc2c1)C(Nc1cncc(C2CC2)c1)CCCC3	0.023886
rxn:2:67179:147610	COc1cccc(-c2cnn3c(C)c(C(C)N[C@H]4COC[C@@H]4N(C)C)cnc23)c1	0.023876
rxn:2:107199:147610	COc1cccc(-c2cnn3c(C)c(C(C)NC4COCC4N(C)C)cnc23)c1	0.023876
rxn:2:65970:158782	CCN1CCCc2cc(NC(C)c3cn(C(C)C)c4cnccc34)ccc21	0.023874
rxn:2:87847:112899	CCc1nc(-c2cccc(NC3CCc4c3ccc3c4CCC3)c2)cs1	0.023872
rxn:2:155066:110920	COc1ccc2nc(-c3nonc3NC(C)c3cc[nH]c3)sc2c1	0.023871
rxn:2:155066:126296	COc1ccc2nc(-c3nonc3NC(C)c3ccc[nH]3)sc2c1	0.023871
rxn:2:91027:118998	Cc1cc(C)c2c(c1)C(Nc1csc(-c3cc(C)c(C)cn3)c1)CCO2	0.023870
rxn:2:157350:113393	Cc1cc(N2CCC(CNC(C)c3cccc(C4CC4)n3)CC2)n2ncnc2c1	0.023869
rxn:2:130455:156750	COc1cc(-c2ccco2)cnc1C(C)Nc1cccn(CC(C)(C)C)c1=O	0.023868
rxn:2:112789:154155	CS(=O)(=O)n1cc(-c2ccc3c(c2)C(Nc2ccc(C4CCC4)nc2)CO3)cn1	0.023865
rxn:2:147500:137537	COc1ccc2c(c1)OCC2NC(C)c1cnn(Cc2ccc3c(c2)OCO3)c1	0.023861
rxn:2:137563:91021	CCCCC(NCc1ccnc(Cc2ccccc2)c1)c1cnccn1	0.023860
rxn:2:147500:87553	CC(NC1COC(c2ccccc2)C1)c1cnn(Cc2ccc3c(c2)OCO3)c1	0.023858
rxn:2:147500:72342	CC(NC1CCC(n2cccn2)CC1)c1cnn(Cc2ccc3c(c2)OCO3)c1	0.023857
rxn:2:147500:116600	CC(NC(C)c1cnc2n1CCOC2)c1cnn(Cc2ccc3c(c2)OCO3)c1	0.023855
rxn:2:99308:160053	CC(C)Cn1cc([C@@H]2C[C@H]2NC2CCN(c3ncnc4c3cnn4C)CC2)cn1	0.023845
rxn:2:131385:108633	Cc1ccc(Cc2cc(NC3CCCC4C3c3ccccc3N4C)ncn2)cc1	0.023845
rxn:2:127609:78148	CCC1CCC(CC(C)Nc2c(C)c(C3(C)CC3)nn2CCN(C)C)CC1	0.023844
rxn:2:129548:102437	CCc1n[nH]c2sc(CNC3CC(C)CC(c4ccccc4)C3)c(C)c12	0.023842
rxn:2:129548:96972	CCc1n[nH]c2sc(CNC3CCC(c4ccccc4)CC3C)c(C)c12	0.023842
rxn:2:84801:82225	CCCS(=O)(=O)c1ccccc1NC(C)c1csc(CN2CCCC(C)C2)n1	0.023837
rxn:2:125122:82225	CCCS(=O)(=O)c1ccc(NC(C)c2csc(CN3CCCC(C)C3)n2)cc1	0.023837
rxn:2:164360:92418	Cc1ccc2nc3c(cc2c1)c(NC1CCCc2snnc21)nn3C	0.023835
rxn:2:72099:66379	CCc1cc(OC)nc(C(C)NC2CCN(c3ncnc4nn[nH]c34)CC2)c1	0.023830
rxn:2:69957:94554	COc1ccc(C2CC(NC(C)c3cnn(Cc4c(C)noc4C)c3)C2)cc1	0.023830
rxn:2:130619:67395	Cc1ccc2ccc(OC(C)CNC3CC(c4nc(C5CC5)no4)C3)cc2n1	0.023822
rxn:2:85436:78148	CCCn1c(C)nnc1C1CCC(NC(C)CC2CCC(CC)CC2)CC1	0.023819
rxn:2:132418:118529	Cc1c[nH]c2ncnc(NC(C)c3cccc(-c4nccn4C)c3)c12	0.023819
rxn:2:112668:147164	COc1cccc(-c2ccc(C(C)NC34CC(c5nccs5)(C3)C4)s2)c1	0.023817
rxn:2:112668:108784	COc1ccc(-c2ccc(C(C)NC34CC(c5nccs5)(C3)C4)s2)cc1	0.023817
rxn:2:147092:140659	Cc1ccc2nc(-c3cn[nH]c3NC3CCC4(CC3)CS(=O)(=O)C4)[nH]c2c1	0.023811
rxn:2:150824:94554	COc1ccc(C2CC(Nc3cc(=O)[nH]n3C(C)c3ccc(C)cc3)C2)cc1	0.023810
rxn:2:78032:155502	Cc1cc(-c2ccc3c(c2)C(Nn2cncn2)CC3)cc2cnn(C)c12	0.023805
rxn:2:121310:149505	COc1ccsc1-c1cccc(C(C)NC2CN(Cc3ccsc3)C2)c1	0.023804
rxn:2:121310:164974	COc1cccc(-c2ccsc2)c1C(C)NC1CN(Cc2ccsc2)C1	0.023804
rxn:2:141220:138214	CC(C)Oc1ccc2cnn(C)c2c1NC1CCc2c(C(C)C)cccc21	0.023803
rxn:2:72207:127675	COc1ccc2c(c1OC)CC(C)C2NC1CCN(c2ncnc3ccsc23)C1	0.023802
rxn:2:82403:70209	CCCS(=O)(=O)c1cnc(C)nc1NC(C)c1ccc(-c2cnsc2)cn1	0.023802
rxn:2:111210:156750	COc1cc(-c2ccco2)cnc1C(C)Nc1cccn(C2CCSC2)c1=O	0.023798
rxn:2:65970:122231	CCN1CCCc2cc(NC(C)c3c(-c4ccccc4)noc3C)ccc21	0.023796
rxn:2:96670:156750	COc1cc(-c2ccco2)cnc1C(C)Nc1cccn(C2CCCC2)c1=O	0.023790
rxn:2:147500:139226	Cc1coc2c1C(NC(C)c1cnn(Cc3ccc4c(c3)OCO4)c1)CC(C)C2	0.023785
rxn:2:147092:118303	Cc1ccc2nc(-c3cn[nH]c3NC3CCC4(CCOCC4)CC3)[nH]c2c1	0.023784
rxn:2:147092:133657	Cc1ccc2nc(-c3cn[nH]c3NC3CCC4(CCCOC4)CC3)[nH]c2c1	0.023784
rxn:2:141804:118518	COc1ccc2c(c1C)CCC2Nc1ncccc1-n1nccc1CC(C)C	0.023783
rxn:2:96182:115775	CC1CC(C)(C)CC(Cc2cccs2)(NC(C)CCCC2CC2)C1	0.023782
rxn:2:68559:116737	CCCSc1ccc(NC(C)c2c(C)noc2-c2ccccc2)nn1	0.023780
rxn:2:134864:161420	Cn1cc(-c2ccc3c(c2)CCC3Nc2cncc3ncn(C)c23)cn1	0.023774
rxn:2:134864:150651	Cn1cc(-c2ccc3c(c2)C(Nc2cncc4ncn(C)c24)CC3)cn1	0.023774
rxn:2:106465:147610	COc1cccc(-c2cnn3c(C)c(C(C)N[C@H]4CCC[C@@H]4N(C)C)cnc23)c1	0.023774
rxn:2:107917:147610	COc1cccc(-c2cnn3c(C)c(C(C)NC4CCCC4N(C)C)cnc23)c1	0.023774
rxn:2:110052:147610	COc1cccc(-c2cnn3c(C)c(C(C)N[C@@H]4CCC[C@H]4N(C)C)cnc23)c1	0.023774
rxn:2:113490:147610	COc1cccc(-c2cnn3c(C)c(C(C)N[C@H]4CCC[C@H]4N(C)C)cnc23)c1	0.023774
rxn:2:78034:147610	COc1cccc(-c2cnn3c(C)c(C(C)NC4CCC(N(C)C)C4)cnc23)c1	0.023774
rxn:2:108619:147610	COc1cccc(-c2cnn3c(C)c(C(C)N[C@H]4CC[C@H](N(C)C)C4)cnc23)c1	0.023774
rxn:2:121821:147610	COc1cccc(-c2cnn3c(C)c(C(C)N[C@@H]4CC[C@@H](N(C)C)C4)cnc23)c1	0.023774
rxn:2:136189:147610	COc1cccc(-c2cnn3c(C)c(C(C)N[C@@H]4CC[C@H](N(C)C)C4)cnc23)c1	0.023774
rxn:2:140601:147610	COc1cccc(-c2cnn3c(C)c(C(C)N[C@H]4CC[C@@H](N(C)C)C4)cnc23)c1	0.023774
rxn:2:131385:128331	CCCCC(Nc1cc(Cc2ccc(C)cc2)ncn1)c1cc(C)on1	0.023773
rxn:2:72786:152915	Cc1nc2c(NC(C)c3cc4cnccc4[nH]c3=O)ncnc2n1C	0.023771
rxn:2:72786:165421	Cc1nc2c(NC(C)c3cc4ncccc4[nH]c3=O)ncnc2n1C	0.023771
rxn:2:147092:94656	Cc1ccc2nc(-c3cn[nH]c3NC3CCC(F)(C(C)C)CC3)[nH]c2c1	0.023770
rxn:2:147048:93200	COc1ccc2ncc3c(NC(C)c4cc[nH]c(=O)c4)onc3c2c1	0.023765
rxn:2:72518:71823	Cc1[nH]c2ccc(NC(C)c3nc4c(s3)CCCC4)cc2c1C(C)C	0.023761
rxn:2:115919:71823	Cc1c(C(C)C)[nH]c2ccc(NC(C)c3nc4c(s3)CCCC4)cc12	0.023761
rxn:2:118713:105376	COc1cc(NC(C)c2cc(C)c(C)c(C)c2C)ccc1-n1cnc(C)c1	0.023759
rxn:2:122841:103466	Cc1ccc(C(Nc2ccc(OC3(C)COC3)cc2)C2CC2)cc1C(C)(C)C	0.023757
rxn:2:118713:140473	COc1cc(NC(c2cccc(C)c2C)C2CC2)ccc1-n1cnc(C)c1	0.023757
rxn:2:134864:144502	Cn1nccc1-c1ccc2c(c1)OCC2Nc1cncc2ncn(C)c12	0.023754
rxn:2:134864:154160	Cn1cc(-c2ccc3c(c2)C(Nc2cncc4ncn(C)c24)CO3)cn1	0.023754
rxn:2:132418:79522	Cc1c[nH]c2ncnc(NC(C)c3cccc(-n4ccnc4C)c3)c12	0.023750
rxn:2:102205:136900	COc1cccc(C(NCC2CC2CN2CCc3ccccc3C2)C2CCCO2)c1	0.023748
rxn:2:72641:124477	Cc1ccc(S(=O)(=O)CC2CC(Nc3cc(-c4ccc(C)s4)n[nH]3)C2)cc1	0.023745
rxn:2:98238:149207	c1cc(-c2ccc3c(c2)CCC(NC2CC4(CCOCC4)C2)C3)c2cn[nH]c2c1	0.023742
rxn:2:147500:78222	CC(NC1CCC(c2ccncc2)C1)c1cnn(Cc2ccc3c(c2)OCO3)c1	0.023732
rxn:2:147500:77199	COc1ccc2c(c1)CCC2NC(C)c1cnn(Cc2ccc3c(c2)OCO3)c1	0.023729
rxn:2:147500:111968	COc1ccc2c(c1)C(NC(C)c1cnn(Cc3ccc4c(c3)OCO4)c1)CC2	0.023729
rxn:2:132418:139895	Cc1c[nH]c2ncnc(NC(C)c3ccnc(-c4ccncc4)c3)c12	0.023726
rxn:2:132418:76520	Cc1c[nH]c2ncnc(NC(C)c3cccc(-c4ncccn4)c3)c12	0.023726
rxn:2:132418:109941	Cc1c[nH]c2ncnc(NC(C)c3cc(-c4ccncc4)ccn3)c12	0.023726
rxn:2:79495:116819	Cc1cc(OCCC(C)C)ccc1C(C)NCCC1CC1c1cn(C)cn1	0.023724
rxn:2:114670:78148	CCC1CCC(CC(C)NCC2CCC(c3ccccc3)CC2)CC1	0.023722
rxn:2:120692:166390	Cc1cncc(-c2ccc3c(c2)CCCC3NC(Cn2cccn2)C(C)C)c1	0.023716
rxn:2:157350:125744	Cc1cc(N2CCC(CNC3CCOc4cc(C)c(C)cc43)CC2)n2ncnc2c1	0.023715
rxn:2:157350:101467	Cc1cc(C)c2c(c1)OCCC2NCC1CCN(c2cc(C)cc3ncnn23)CC1	0.023715
rxn:2:157350:118998	Cc1cc(C)c2c(c1)C(NCC1CCN(c3cc(C)cc4ncnn34)CC1)CCO2	0.023715
rxn:2:124459:166390	Cc1cncc(-c2ccc3c(c2)CCCC3NCC(C)(C)Cn2cccn2)c1	0.023712
rxn:2:132418:164849	Cc1nc2ccc(C(C)Nc3ncnc4[nH]cc(C)c34)cc2nc1C	0.023705
rxn:2:145550:91066	O=c1[nH]c2cccc(-c3ccc(NC4COc5ccsc54)s3)c2o1	0.023699
rxn:2:134864:164962	Cn1cnc2cncc(NC3COc4cc(-c5cccnc5)ccc43)c21	0.023688
rxn:2:142401:127985	Cc1ccc2cc(CC(C)(C)CNC3CC4CCC(C3)N4CC(C)C)ccc2n1	0.023685
rxn:2:89949:82225	CC1CCCN(Cc2nc(C(C)N[C@H](c3ccc4c(c3)CCO4)C3CC3)cs2)C1	0.023682
rxn:2:149062:134989	CC(N[C@@H]1CCN(c2ncnc3ccccc23)C1)c1cccc(S(=O)(=O)F)c1	0.023682
rxn:2:86545:91021	CCCCC(Nc1cc(Cc2ccccn2)ccc1C)c1cnccn1	0.023665
rxn:2:91840:91021	CCCCC(Nc1ccc(Cc2ccc(C)nc2)cc1)c1cnccn1	0.023665
rxn:2:131385:129240	CCCCC(Nc1cc(Cc2ccc(C)cc2)ncn1)c1ccccn1	0.023665
rxn:2:131385:72271	CCCCC(Nc1cc(Cc2ccc(C)cc2)ncn1)c1cccnc1	0.023665
rxn:2:131385:75851	CCCCC(Nc1cc(Cc2ccc(C)cc2)ncn1)c1ccncc1	0.023665
rxn:2:81263:74202	CSCc1cncc(NC(COCc2ccco2)c2ccccc2)c1	0.023665
rxn:2:87706:124477	Cc1ccc(-c2n[nH]c(NC3CC(CS(=O)(=O)c4ccc(C)cc4)C3)n2)cc1	0.023659
rxn:2:98239:160053	Cn1ncc2c(N3CCC(Nc4ccc(SC(C)(C)C)cc4)CC3)ncnc21	0.023657
rxn:2:100330:149207	c1cc(-c2ccc3c(c2)CCC(NCC2CC4(CCCO4)C2)C3)c2cn[nH]c2c1	0.023650
rxn:2:105315:150838	COc1ccc2[nH]c(C)c(C(C)Nc3c(C)nc4cccnn34)c2c1	0.023648
rxn:2:114893:90955	COc1cc(C)c(C(C)Nc2cc(-c3nnnn3CC(C)C)ccn2)c(C)c1	0.023647
rxn:2:72207:78817	COc1cc(C)c(C)c2c1CCCC2NC1CCN(c2ncnc3ccsc23)C1	0.023643
rxn:2:114893:102780	CC(C)Cn1nnnc1-c1ccnc(NC2CCC(c3n[nH]c(=O)o3)CC2)c1	0.023641
rxn:2:157350:97056	Cc1ccc2c(c1)OCCCC2NCC1CCN(c2cc(C)cc3ncnn23)CC1	0.023641
rxn:2:157350:76353	Cc1ccc2c(c1)C(NCC1CCN(c3cc(C)cc4ncnn34)CC1)CCCO2	0.023641
rxn:2:147500:82984	CCC1CN(C2CCCC2NC(C)c2cnn(Cc3ccc4c(c3)OCO4)c2)CCO1	0.023639
rxn:2:163553:141908	Cc1cc2c(cc1C(NC(C)c1cnc(C3CC3)s1)C(C)C)n(C)c(=O)n2C	0.023636
rxn:2:123078:66800	CC(N[C@@H]1[C@@H]2CN(Cc3ccccc3)C[C@@H]21)c1cccc(-c2ccsc2)c1	0.023635
rxn:2:129702:66800	CC(NC1C2CN(Cc3ccccc3)CC21)c1cccc(-c2ccsc2)c1	0.023635
rxn:2:132128:66800	CC(N[C@H]1[C@@H]2CN(Cc3ccccc3)C[C@@H]21)c1cccc(-c2ccsc2)c1	0.023635
rxn:2:166463:78148	CCCn1c(=O)cc(C)c2cc(NC(C)CC3CCC(CC)CC3)ccc21	0.023626
rxn:2:104228:162733	Cc1c(CS(C)(=O)=O)cccc1NC(C)c1ccc(-c2ncc[nH]c2=O)cn1	0.023625
rxn:2:99954:66800	CC(CCc1ccsc1)NC(C)c1cccc(-c2ccsc2)c1	0.023624
rxn:2:147500:102373	Cc1ccc(C2CC(NC(C)c3cnn(Cc4ccc5c(c4)OCO5)c3)C2)s1	0.023615
rxn:2:109409:94554	COc1ccc(C2CC(N[C@H](CCC(C)C)c3ccc4c(c3)OCO4)C2)cc1	0.023611
rxn:2:139055:94554	COc1ccc(C2CC(N[C@@H](CCC(C)C)c3ccc4c(c3)OCO4)C2)cc1	0.023611
rxn:2:147893:103571	Cc1cccc(C(C)n2[nH]c(=O)cc2NC(C)c2cc3c(s2)CCCC3)c1	0.023610
rxn:2:157447:125732	CCC(Nc1ccc2nnn(CC(C)C)c(=O)c2c1)c1cc(C)cc(OC)c1	0.023596
rxn:2:75687:162733	CC(Nc1noc2cccnc12)c1ccc(-c2ncc[nH]c2=O)cn1	0.023595
rxn:2:67073:117115	CCC(CC)C(NC1CCc2c1ccc(C)c2C)c1ccc(C)c(C)c1	0.023595
rxn:2:144340:115275	CCCCC(NC(C)c1cc(=O)[nH]c(-c2ccccn2)n1)c1ncccn1	0.023594
rxn:2:126821:118090	CC1(C2CC(Nc3nnc(-c4cc5c(s4)CCCC5)o3)c3ccnn32)CCC1	0.023591
rxn:2:132418:73296	Cc1ccnc(C(Nc2ncnc3[nH]cc(C)c23)c2ccccc2)c1	0.023581
rxn:2:99028:124477	Cc1ccc(S(=O)(=O)CC2CC(NCc3cc4n(C(C)C)ccn4n3)C2)cc1	0.023580
rxn:2:142721:91021	CCCCC(NCc1cc(-c2cc(C)ccc2C)ncn1)c1cnccn1	0.023574
rxn:2:114893:93291	CCc1ccc(C(CC)Nc2cc(-c3nnnn3CC(C)C)ccn2)cc1	0.023572
rxn:2:65970:96373	CCN1CCCc2cc(NC3CCCc4c3cc(C)n4C(C)C(C)C)ccc21	0.023569
rxn:2:122841:98376	COc1ccc(C(Nc2ccc(OC3(C)COC3)cc2)c2ccncc2)cc1	0.023564
rxn:2:131385:103806	COCc1ccc2c(c1)C(Nc1cc(Cc3ccc(C)cc3)ncn1)CCC2	0.023556
rxn:2:104137:66379	CCc1cc(OC)nc(C(C)Nc2c(C3(C)CC3)c(CC)nn2CC2CC2)c1	0.023555
rxn:2:163553:113058	Cc1ccccc1C1CC(NC(c2cc3c(cc2C)n(C)c(=O)n3C)C(C)C)C1	0.023553
rxn:2:163553:91582	Cc1ccc(C2CC(NC(c3cc4c(cc3C)n(C)c(=O)n4C)C(C)C)C2)cc1	0.023553
rxn:2:118713:135871	COc1cc(NC(C)c2ccccc2C(C)(C)C)ccc1-n1cnc(C)c1	0.023539
rxn:2:76062:67411	CC(C)Cc1nc2c(s1)C(Nc1nnc(-c3cncs3)s1)CC(C)(C)C2	0.023538
rxn:2:139480:71205	CCc1nccn1-c1ccc(C(C)NC(C)CCC2(C3CCC3)COC2)cc1	0.023533
rxn:2:79356:156750	CCCCn1cccc(NC(C)c2ncc(-c3ccco3)cc2OC)c1=O	0.023532
rxn:2:82543:73581	c1cc(C2CC2)cc(C(Nc2ccc(N3CCC4(CC3)COC4)cc2)C2CC2)c1	0.023531
rxn:2:107902:124477	Cc1ccc(S(=O)(=O)CC2CC(Nc3nc(-c4cc(C)ccn4)ns3)C2)cc1	0.023529
rxn:2:68318:124477	Cc1ccc(S(=O)(=O)CC2CC(Nc3nc(-c4ccc(C)cn4)ns3)C2)cc1	0.023529
rxn:2:67289:124477	Cc1ccc(S(=O)(=O)CC2CC(Nc3nc(-c4cccc(C)n4)ns3)C2)cc1	0.023529
rxn:2:104160:124477	Cc1ccc(S(=O)(=O)CC2CC(Nc3nc(-c4ncccc4C)ns3)C2)cc1	0.023529
rxn:2:118713:120005	CCOc1c(C)cccc1C(C)Nc1ccc(-n2cnc(C)c2)c(OC)c1	0.023517
rxn:2:121549:162733	CC(Nc1cc2cccnc2s1)c1ccc(-c2ncc[nH]c2=O)cn1	0.023514
rxn:2:146304:93200	CC(Nc1nccnc1-c1nc2ccccc2s1)c1cc[nH]c(=O)c1	0.023514
rxn:2:144340:74396	CC(CCC1C(C)CCCC1(C)C)NC(C)c1cc(=O)[nH]c(-c2ccccn2)n1	0.023511
rxn:2:102205:132792	CCC(NCC1CC1CN1CCc2ccccc2C1)c1cc(OC)ccc1OC	0.023510
rxn:2:88378:124477	Cc1ccc(S(=O)(=O)CC2CC(Nc3nc(-c4ccc(C)s4)ns3)C2)cc1	0.023505
rxn:2:81910:124477	Cc1ccc(S(=O)(=O)CC2CC(Nc3nc(-c4sccc4C)ns3)C2)cc1	0.023505
rxn:2:76062:68298	CC(Nc1nnc(-c2cncs2)s1)c1c(-c2ccsc2)cnn1C	0.023502
rxn:2:76062:141436	CC(Nc1nnc(-c2cncs2)s1)c1ccc(-c2cnn(C)c2)s1	0.023502
rxn:2:76062:67917	CC(Nc1nnc(-c2cncs2)s1)c1ccc(-c2ccnn2C)s1	0.023502
rxn:2:68559:70287	CCCSc1ccc(NC(c2ccsc2)c2cccc(C)c2)nn1	0.023495
rxn:2:149062:116938	CC(N[C@@H]1CCN(c2ncnc3ccccc23)C1)c1cccc(N2CCOCC2)c1	0.023493
rxn:2:147782:118090	CC1(C2CC(Nc3nnc(-c4ccc(S(C)(=O)=O)cc4)o3)c3ccnn32)CCC1	0.023488
rxn:2:157999:118090	CC1(C2CC(Nc3nnc(-c4cccc(S(C)(=O)=O)c4)o3)c3ccnn32)CCC1	0.023488
rxn:2:129548:135719	CCc1n[nH]c2sc(CNC3CCC(c4ccccc4)CC3OC)c(C)c12	0.023482
rxn:2:147092:101693	Cc1ccc2nc(-c3cn[nH]c3NC3CCCC(C)(C)CC3)[nH]c2c1	0.023477
rxn:2:147092:139923	Cc1ccc2nc(-c3cn[nH]c3NC3CCC4(CCCC4)CC3)[nH]c2c1	0.023473
rxn:2:147092:134479	Cc1ccc2nc(-c3cn[nH]c3NC3CCC4(CCCCC4)C3)[nH]c2c1	0.023473
rxn:2:157350:123709	Cc1cc(N2CCC(CNC3CCc4ccc(N(C)C)cc43)CC2)n2ncnc2c1	0.023472
rxn:2:157350:66310	Cc1cc(N2CCC(CNC3CCc4cc(N(C)C)ccc43)CC2)n2ncnc2c1	0.023472
rxn:2:121310:73342	CCC(NC1CN(Cc2ccsc2)C1)c1cccc(-c2ccccc2)c1	0.023467
rxn:2:86933:166390	Cc1cncc(-c2ccc3c(c2)CCCC3Nc2ccc3c(c2)N(C)CC3)c1	0.023463
rxn:2:130558:103705	CCc1cccc2c1CCCC2NC(c1ccccn1)c1ccccc1C	0.023454
rxn:2:111611:149207	c1cc(-c2ccc3c(c2)CCC(NC2CCC4(CCCO4)C2)C3)c2cn[nH]c2c1	0.023449
rxn:2:69959:149207	c1cc(-c2ccc3c(c2)CCC(N[C@H]2CC[C@]4(CCO4)CC2)C3)c2cn[nH]c2c1	0.023449
rxn:2:98462:149207	c1cc(-c2ccc3c(c2)CCC(N[C@H]2CC[C@@]4(CCO4)CC2)C3)c2cn[nH]c2c1	0.023449
rxn:2:112150:149207	c1cc(-c2ccc3c(c2)CCC(NC2CCC4(CCO4)CC2)C3)c2cn[nH]c2c1	0.023449
rxn:2:104505:149207	c1cc(-c2ccc3c(c2)CCC(NC2CCC4(CCC4)OC2)C3)c2cn[nH]c2c1	0.023449
rxn:2:112892:149207	c1cc(-c2ccc3c(c2)CCC(N[C@@H]2CCC[C@]24CCCO4)C3)c2cn[nH]c2c1	0.023449
rxn:2:124321:149207	c1cc(-c2ccc3c(c2)CCC(NC2CCCC24CCCO4)C3)c2cn[nH]c2c1	0.023449
rxn:2:69330:149207	c1cc(-c2ccc3c(c2)CCC(N[C@@H]2CCOC4(CCC4)C2)C3)c2cn[nH]c2c1	0.023449
rxn:2:128816:149207	c1cc(-c2ccc3c(c2)CCC(NC2CCOC4(CCC4)C2)C3)c2cn[nH]c2c1	0.023449
rxn:2:133594:149207	c1cc(-c2ccc3c(c2)CCC(N[C@H]2CCOC4(CCC4)C2)C3)c2cn[nH]c2c1	0.023449
rxn:2:120872:149207	c1cc(-c2ccc3c(c2)CCC(NC2COC4(CCCC4)C2)C3)c2cn[nH]c2c1	0.023449
rxn:2:140913:149207	c1cc(-c2ccc3c(c2)CCC(NC2CCOC24CCCC4)C3)c2cn[nH]c2c1	0.023449
rxn:2:98997:149207	c1cc(-c2ccc3c(c2)CCC(NC2CCCOC24CCC4)C3)c2cn[nH]c2c1	0.023449
rxn:2:130462:82225	Cc1ncc(S(=O)(=O)C(C)(C)C)c(NC(C)c2csc(CN3CCCC(C)C3)n2)n1	0.023444
rxn:2:97566:94554	COc1ccc(C2CC(NCc3cnn(Cc4ccc(C)c(C)c4)c3)C2)cc1	0.023438
rxn:2:136401:80762	Cc1ccc2c(c1)C(C)CCC2NCc1ccc(OCc2cnn(C)c2)cc1	0.023437
rxn:2:105438:78148	CCC1CCC(CC(C)NCC2CCC(c3nncn3C(C)C)CC2)CC1	0.023437
rxn:2:144896:66379	CCc1cc(OC)nc(C(C)Nc2nc3nc(N4CCCC4)[nH]c(=O)c3s2)c1	0.023434
rxn:2:76286:96141	CCC(C)Oc1cc(NC(C)c2cccc(-n3cccn3)c2)ccc1C	0.023434
rxn:2:140331:78603	CCc1ccc(-c2[nH]nc(CNC3CC(c4ccccc4)C3C)c2C)cc1	0.023429
rxn:2:154196:125076	CCc1ncc(C(C)Nc2c(C3CC3)c(C)nn2-c2ncc(C)cc2C)s1	0.023425
rxn:2:123275:119676	c1cnc2c(c1)C(Nc1ccc(SC34CC(C3)C4)cc1)CC1(CCCCC1)O2	0.023424
rxn:2:72786:149142	COc1cnc2cccc(C(C)Nc3ncnc4c3nc(C)n4C)c2c1	0.023420
rxn:2:135775:66800	CC(NCc1ncc2ccccn12)c1cccc(-c2ccsc2)c1	0.023413
rxn:2:118713:75138	COc1cc(NC(c2ccccc2C)C(C)(C)C)ccc1-n1cnc(C)c1	0.023411
rxn:2:91546:156750	COc1cc(-c2ccco2)cnc1C(C)Nc1cccn(C2CCOCC2)c1=O	0.023405
rxn:2:73882:156750	COc1cc(-c2ccco2)cnc1C(C)Nc1cccn([C@H]2CCCOC2)c1=O	0.023405
rxn:2:81506:156750	COc1cc(-c2ccco2)cnc1C(C)Nc1cccn(C2CCCOC2)c1=O	0.023405
rxn:2:104043:156750	COc1cc(-c2ccco2)cnc1C(C)Nc1cccn([C@@H]2CCCOC2)c1=O	0.023405
rxn:2:156652:127900	CSCC(NC1CC(C)(C)Cc2c1ccn2-c1nccs1)c1cccnc1	0.023402
rxn:2:92374:168403	Cc1cn2c(NC(C)c3cc(-c4cn(C)nc4C)cs3)cccc2n1	0.023400
rxn:2:116808:156750	COc1cc(-c2ccco2)cnc1C(C)Nc1cccn(CC2CCC2)c1=O	0.023399
rxn:2:65970:95452	CCN1CCCc2cc(NC(c3ccc(C)cc3)C3CC4CCC3C4)ccc21	0.023398
rxn:2:137581:73581	Cc1cccc(C(F)C(C)(C)NC(c2cccc(C3CC3)c2)C2CC2)c1	0.023391
rxn:2:128383:153276	CC(C)Oc1cncc(-c2ccc(C(C)Nc3nc4c(s3)COCC4)nc2)c1	0.023390
rxn:2:91854:118090	CSc1ccc(-c2nnc(NC3CC(C4(C)CCC4)n4nccc43)o2)cc1	0.023378
rxn:2:93153:118090	CSc1cccc(-c2nnc(NC3CC(C4(C)CCC4)n4nccc43)o2)c1	0.023378
rxn:2:76062:118439	CC(Nc1nnc(-c2cncs2)s1)c1ncc(-c2ccsc2)cn1	0.023376
rxn:2:76062:82933	CC(Nc1nnc(-c2cncs2)s1)c1ccc(-c2cnccn2)s1	0.023376
rxn:2:76062:138839	CC(Nc1nnc(-c2cncs2)s1)c1cnc(-c2ccsc2)cn1	0.023376
rxn:2:76062:125314	CC(Nc1nnc(-c2cncs2)s1)c1cnc(-c2ccncc2)s1	0.023376
rxn:2:120863:156750	COc1cc(-c2ccco2)cnc1C(C)Nc1cccn(CCSC)c1=O	0.023366
rxn:2:147500:138873	CC(NC[C@H]1CCCc2ccccc21)c1cnn(Cc2ccc3c(c2)OCO3)c1	0.023362
rxn:2:105887:74191	COc1ccnc(C(Nc2cnccc2Sc2cccc(C)n2)C2CC2)c1	0.023360
rxn:2:94879:149207	c1cc(-c2ccc3c(c2)CCC(NCC2CC4(CCCC4)O2)C3)c2cn[nH]c2c1	0.023358
rxn:2:114893:132178	Cc1cc(C)cc(C(Nc2cc(-c3nnnn3CC(C)C)ccn2)C2CC2)c1	0.023357
rxn:2:144340:112021	COc1ccc(C(C)NC(C)c2cc(=O)[nH]c(-c3ccccn3)n2)c(OC)c1	0.023356
rxn:2:67357:140863	Cc1ccc(CCC(NC2CC3CCC(C2)C32SCCS2)C2CC2)cc1C	0.023354
rxn:2:67731:103571	CCc1ccc([C@H](NC(C)c2cc3c(s2)CCCC3)C2CCCCC2)o1	0.023345
rxn:2:123275:111296	CCn1c(C)cc2c1CC(C)(C)CC2Nc1ccc(SC23CC(C2)C3)cc1	0.023341
rxn:2:108209:168163	Cc1cncnc1-c1ccc(C(C)NCc2c3c(nn2C(C)C)CC2CC32)s1	0.023336
rxn:2:83250:94554	COc1ccc(C2CC(NC(C)Cc3cnn(Cc4cnn(C)c4)c3)C2)cc1	0.023331
rxn:2:82403:125009	CCCS(=O)(=O)c1cnc(C)nc1NC(c1ccc(C)cc1)c1ncccn1	0.023329
rxn:2:105315:115846	CCSc1ccc(C(CN2CCCC2)Nc2c(C)nc3cccnn23)s1	0.023328
rxn:2:72786:165474	Cc1nc2c(NC3CCn4c(=O)[nH]c5cccc3c54)ncnc2n1C	0.023328
rxn:2:139592:152703	CCN1CCc2nc(NC(C)c3cc4cc(OC(C)C)ccc4o3)sc2C1	0.023323
rxn:2:139592:160498	CCN1CCc2nc(NC(C)c3coc4ccc(OC(C)C)cc34)sc2C1	0.023323
rxn:2:152256:87143	Cc1cc(C)c(-c2nc(C)c(NC(C)CCc3cnsc3)s2)cc1C	0.023322
rxn:2:157350:107137	COc1ccc2c(c1)C(NCC1CCN(c3cc(C)cc4ncnn34)CC1)CCO2	0.023321
rxn:2:157350:127878	COc1ccc2c(c1)OCCC2NCC1CCN(c2cc(C)cc3ncnn23)CC1	0.023321
rxn:2:89671:94554	COc1ccc(C2CC(Nc3cnn(Cc4ccc(OC)c(C)c4)c3)C2)cc1	0.023318
rxn:2:115867:94554	COc1ccc(C2CC(Nc3cnn(Cc4ccc(C)c(OC)c4)c3)C2)cc1	0.023318
rxn:2:84173:155020	Cc1cncnc1-c1ccsc1C(C)Nc1c(C)nc2ccccn12	0.023315
rxn:2:72168:67395	CC(C)(CNC1CC(c2nc(C3CC3)no2)C1)Cc1ccc2ccncc2c1	0.023314
rxn:2:140870:67395	CC(C)(CNC1CC(c2nc(C3CC3)no2)C1)Cc1cnc2ccccc2c1	0.023314
rxn:2:95093:124477	Cc1ccc(S(=O)(=O)CC2CC(N[C@H](c3c(C)cccc3C)C(C)(C)C)C2)cc1	0.023312
rxn:2:147500:140786	CC(NC1CCN(C)Cc2ccccc21)c1cnn(Cc2ccc3c(c2)OCO3)c1	0.023310
rxn:2:93061:71205	CCCSc1ncc(NC(C)CCC2(C3CCC3)COC2)cn1	0.023304
rxn:2:103012:156750	COc1cc(-c2ccco2)cnc1C(C)Nc1cc(CCC(C)C)no1	0.023302
rxn:2:118713:79474	COc1cc(NC(C)c2ccccc2OC(C)C)ccc1-n1cnc(C)c1	0.023295
rxn:2:157350:98834	COc1cc2c(cc1C)CCC2NCC1CCN(c2cc(C)cc3ncnn23)CC1	0.023294
rxn:2:157350:117216	Cc1cc(N2CCC(CNC(C)c3cc4c(cc3C)OCC4)CC2)n2ncnc2c1	0.023294
rxn:2:157350:104956	COc1cc2c(cc1C)C(NCC1CCN(c3cc(C)cc4ncnn34)CC1)CC2	0.023294
rxn:2:66991:66800	COc1ccc(CN2CC(NC(C)c3cccc(-c4ccsc4)c3)C2)cc1	0.023292
rxn:2:123469:66800	COc1cccc(CN2CC(NC(C)c3cccc(-c4ccsc4)c3)C2)c1	0.023292
rxn:2:67333:66800	COc1ccccc1CN1CC(NC(C)c2cccc(-c3ccsc3)c2)C1	0.023292
rxn:2:157123:66379	CCc1cc(OC)nc(C(C)Nc2cncc(C)c2-n2nccc2C2CC2)c1	0.023292
rxn:2:97451:124477	Cc1ccc(S(=O)(=O)CC2CC(Nc3cnn(Cc4ncnn4C)c3)C2)cc1	0.023289
rxn:2:134864:155977	Cc1ccc(-c2ccc3c(c2)C(Nc2cncc4ncn(C)c24)CO3)o1	0.023283
rxn:2:112333:146412	CC(NCc1nc(=O)[nH][nH]1)c1cnc2ccc3ccccc3n12	0.023282
rxn:2:114503:75962	CCC(NCC1CCC(c2nnc(C)n2CC)CC1)c1ccc(N(C)CC)nc1	0.023280
rxn:2:91352:80762	Cc1ccc2c(c1)C(C)CCC2NCC1CCCCN1CC1CCC(C)CC1	0.023272
rxn:2:72207:129380	Cc1cc(C)c(CCC(C)NC2CCN(c3ncnc4ccsc34)C2)c(C)c1	0.023270
rxn:2:155066:113202	COc1ccc2nc(-c3nonc3NC(C)c3ccncc3)sc2c1	0.023266
rxn:2:129616:134526	CC(Nc1ncnc2c1ncn2CCCN(C)C)c1cc2c([nH]c1=O)CCC2	0.023264
rxn:2:142401:78241	CCc1nc(C2CC(NCC(C)(C)Cc3ccc4nc(C)ccc4c3)C2)no1	0.023256
rxn:2:129548:133509	CCc1n[nH]c2sc(CNC3c4ccc(OC)cc4CCC3(C)C)c(C)c12	0.023253
rxn:2:147092:83322	Cc1ccc2nc(-c3cn[nH]c3NC3CCC4(CC3)SCCS4)[nH]c2c1	0.023251
rxn:2:89806:73581	CC(Oc1ccc(NC(c2cccc(C3CC3)c2)C2CC2)cc1)C1CC1	0.023246
rxn:2:140730:97508	COc1ccc(C)cc1SCCC(C)Nc1ccnc2ccsc12	0.023242
rxn:2:99539:124477	Cc1ccc(S(=O)(=O)CC2CC(N[C@@H]3CCO[C@H]3c3cnn(CC4CC4)c3)C2)cc1	0.023240
rxn:2:163553:85338	Cc1cc2c(cc1C(NC(C)c1cn(C(C)C)nc1C)C(C)C)n(C)c(=O)n2C	0.023237
rxn:2:102136:168163	Cc1cncnc1-c1ccc(C(C)NCCC2(C)COc3ccccc3O2)s1	0.023236
rxn:2:107055:91021	CCCCC(Nc1ccccc1-c1nc(CC)cs1)c1cnccn1	0.023236
rxn:2:157350:76716	CCc1ccc2c(c1)C(NCC1CCN(c3cc(C)cc4ncnn34)CC1)CCO2	0.023235
rxn:2:154196:121038	COc1csc(C(C)Nc2c(C3CC3)c(C)nn2-c2ncc(C)cc2C)c1	0.023234
rxn:2:154196:112157	COc1ccc(C(C)Nc2c(C3CC3)c(C)nn2-c2ncc(C)cc2C)s1	0.023234
rxn:2:154196:121542	Cc1cnc(-n2nc(C)c(C3CC3)c2NC(C)c2cnc(N(C)C)s2)c(C)c1	0.023234
rxn:2:142401:137275	Cc1ccc2cc(CC(C)(C)CNC(CC(C)C)C3CCOCC3)ccc2n1	0.023230
rxn:2:144340:110396	CCC1CCCN(CCCC(C)NC(C)c2cc(=O)[nH]c(-c3ccccn3)n2)C1	0.023230
rxn:2:101240:172564	CCOc1ccc(-c2ccc(C(C)NC3CN(CC(C)C)C3)s2)cc1CC	0.023227
rxn:2:131385:124183	CCCCC(Cc1ncc[nH]1)Nc1cc(Cc2ccc(C)cc2)ncn1	0.023226
rxn:2:138082:111998	COc1ccc(-c2ccc(CNC3CCCc4c3ccc(C)c4C)s2)cn1	0.023226
rxn:2:107607:168163	CCC(C)N1CC(C)(C)CN(C)CC1CNC(C)c1ccc(-c2ncncc2C)s1	0.023217
rxn:2:98022:168163	Cc1cncnc1-c1ccc(C(C)NCCC2CN(C)CC(C)(C)CN2C(C)C)s1	0.023217
rxn:2:67357:130051	CC(C)C(NC1CC2CCC(C1)C21SCCS1)c1ccc(-c2ncco2)cc1	0.023215
rxn:2:79495:165092	Cc1nc(-c2ccc(C(C)NCCC3CC3c3cn(C)cn3)cc2)sc1C	0.023213
rxn:2:79495:153016	Cc1cc(-c2ccsc2C(C)NCCC2CC2c2cn(C)cn2)cnc1C	0.023213
rxn:2:131385:120416	CCCCC(Nc1cc(Cc2ccc(C)cc2)ncn1)c1cc(C)nn1C	0.023211
rxn:2:81786:74191	COc1ccnc(C(Nc2cc(CC(C)C)nn2C2CCCCC2)C2CC2)c1	0.023208
rxn:2:70003:73581	CC1(COc2ccc(CNC(c3cccc(C4CC4)c3)C3CC3)cc2)COC1	0.023206
rxn:2:72207:83966	CC(NC1CCN(c2ncnc3ccsc23)C1)c1ccc(C2CCOCC2)cc1	0.023203
rxn:2:150060:111998	COc1ncccc1-c1ccc(NC2CCCc3c2ccc(C)c3C)nc1C	0.023200
rxn:2:134418:118090	CC(C)c1ccc(-c2nnc(NC3CC(C4(C)CCC4)n4nccc43)o2)cc1	0.023193
rxn:2:77169:66800	CC(NC1CN(Cc2ccc3c(c2)CCO3)C1)c1cccc(-c2ccsc2)c1	0.023172
rxn:2:96644:82225	CCCS(=O)(=O)c1sc(NC(C)c2csc(CN3CCCC(C)C3)n2)nc1C	0.023172
rxn:2:163483:93200	CC(Nc1ccc2nc(-c3ccncc3)sc2c1)c1cc[nH]c(=O)c1	0.023167
rxn:2:83300:160053	Cn1ncc2c(N3CCC(Nc4ccc(SC5CCCC5)cc4)CC3)ncnc21	0.023163
rxn:2:133822:66800	COc1ccccc1N1CCC(NC(C)c2cccc(-c3ccsc3)c2)C1	0.023162
rxn:2:122837:107408	CC(Nc1nnc(-c2ccon2)s1)c1ccc(-c2ccsc2)s1	0.023159
rxn:2:136453:107408	CC(Nc1nnc(-c2ncco2)s1)c1ccc(-c2ccsc2)s1	0.023159
rxn:2:76062:81125	CC(Nc1nnc(-c2cncs2)s1)c1ccc(-c2ccco2)s1	0.023159
rxn:2:157350:132034	Cc1cc(N2CCC(CNC3CCCc4cc(C)c(C)cc43)CC2)n2ncnc2c1	0.023158
rxn:2:83940:66800	CC(N[C@H]1CN(Cc2ccccc2)C[C@@H]1F)c1cccc(-c2ccsc2)c1	0.023153
rxn:2:98173:66800	CC(N[C@@H]1CN(Cc2ccccc2)C[C@H]1F)c1cccc(-c2ccsc2)c1	0.023153
rxn:2:139534:66800	CC(NC1CN(Cc2ccccc2)CC1F)c1cccc(-c2ccsc2)c1	0.023153
rxn:2:129329:103571	Cc1ccccc1CCc1nc(CNC(C)c2cc3c(s2)CCCC3)n[nH]1	0.023153
rxn:2:79495:147379	Cc1cccc(-c2ccc(C(C)NCCC3CC3c3cn(C)cn3)cc2)c1	0.023150
rxn:2:79495:107956	Cc1ccc(-c2ccc(C(C)NCCC3CC3c3cn(C)cn3)cc2)cc1	0.023150
rxn:2:79495:153414	Cc1cc(-c2ccccc2)ccc1C(C)NCCC1CC1c1cn(C)cn1	0.023150
rxn:2:80302:168163	Cc1cncnc1-c1ccc(C(C)NCC2CN(C)CC(C)(C)N2CCN(C)C)s1	0.023146
rxn:2:90891:125321	CC1CCc2nn(CCC(C)(C)C)c(NC(C)c3ccnc(C(C)(C)F)c3)c21	0.023145
rxn:2:163553:104196	COc1ccc2c(n1)CCCC2NC(c1cc2c(cc1C)n(C)c(=O)n2C)C(C)C	0.023145
rxn:2:147500:91582	Cc1ccc(C2CC(NC(C)c3cnn(Cc4ccc5c(c4)OCO5)c3)C2)cc1	0.023142
rxn:2:147500:103126	Cc1cccc(C2CC(NC(C)c3cnn(Cc4ccc5c(c4)OCO5)c3)C2)c1	0.023142
rxn:2:147500:113058	Cc1ccccc1C1CC(NC(C)c2cnn(Cc3ccc4c(c3)OCO4)c2)C1	0.023142
rxn:2:100066:107408	CC(Nc1nc(-c2cncs2)n[nH]1)c1ccc(-c2ccsc2)s1	0.023139
rxn:2:121371:107408	CC(Nc1nnc(-c2c[nH]cn2)s1)c1ccc(-c2ccsc2)s1	0.023139
rxn:2:76062:113626	CC(Nc1nnc(-c2cncs2)s1)c1ccc(-c2cc[nH]c2)s1	0.023139
rxn:2:76062:141812	CC(Nc1nnc(-c2cncs2)s1)c1ccc(-c2ccc[nH]2)s1	0.023139
rxn:2:132418:127428	Cc1cc(C(C)Nc2ncnc3[nH]cc(C)c23)ccc1-c1ccon1	0.023134
rxn:2:120040:111998	Cc1ccc2c(c1C)CCCC2NC1CCN(C(c2cccs2)C(C)C)CC1	0.023131
rxn:2:68468:96141	CC(NC1CCN(c2cc(CC3CC3)ncn2)C1)c1cccc(-n2cccn2)c1	0.023131
rxn:2:75765:131321	Cc1cc(NC(C)c2ccc(-c3cnc[nH]3)cn2)cc2cccnc12	0.023131
rxn:2:132418:94894	Cc1c[nH]c2ncnc(NC(C)c3ccnc(-c4ccccc4)c3)c12	0.023131
rxn:2:132418:140023	Cc1c[nH]c2ncnc(NC(C)c3cccc(-c4ccccn4)c3)c12	0.023131
rxn:2:132418:126798	Cc1c[nH]c2ncnc(NC(C)c3cccc(-c4ccncc4)c3)c12	0.023131
rxn:2:132418:140555	Cc1c[nH]c2ncnc(NC(C)c3cccc(-c4cccnc4)c3)c12	0.023131
rxn:2:132418:120038	Cc1c[nH]c2ncnc(NC(C)c3ccc(-c4ccncc4)cc3)c12	0.023131
rxn:2:132418:122735	Cc1c[nH]c2ncnc(NC(C)c3cc(-c4ccccc4)ccn3)c12	0.023131
rxn:2:132418:104221	Cc1c[nH]c2ncnc(NC(C)c3ccccc3-c3ccncc3)c12	0.023131
rxn:2:122841:131855	Cc1ccc(C(Nc2ccc(OC3(C)COC3)cc2)C2CCCCC2)cc1C	0.023127
rxn:2:122841:95960	Cc1cc(C)cc(C(Nc2ccc(OC3(C)COC3)cc2)C2CCCCC2)c1	0.023127
rxn:2:122841:111827	Cc1cccc(C)c1C(Nc1ccc(OC2(C)COC2)cc1)C1CCCCC1	0.023127
rxn:2:100630:80762	CCc1nn(CC(C)C)c(NC2CCC(C)c3cc(C)ccc32)c1C(C)C	0.023125
rxn:2:84173:67711	Cc1n[nH]cc1-c1ccccc1C(C)Nc1c(C)nc2ccccn12	0.023124
rxn:2:107467:149207	c1cc(-c2ccc3c(c2)CCC(NC2CCOC4(CCOC4)C2)C3)c2cn[nH]c2c1	0.023122
rxn:2:109962:149207	c1cc(-c2ccc3c(c2)CCC(NC2COC4(CCOCC4)C2)C3)c2cn[nH]c2c1	0.023122
rxn:2:86721:149207	c1cc(-c2ccc3c(c2)CCC(NC2CC4(CCCC4)C2)C3)c2cn[nH]c2c1	0.023110
rxn:2:143544:125321	CC(Nc1ncnc2c1[nH]c(=O)n2CCN(C)C)c1ccnc(C(C)(C)F)c1	0.023109
rxn:2:122841:156697	CC1(Oc2ccc(NC(c3ccc4ccccc4c3)C3CC3)cc2)COC1	0.023108
rxn:2:122841:164091	CC1(Oc2ccc(NC(c3cccc4ccccc34)C3CC3)cc2)COC1	0.023108
rxn:2:118713:118670	COc1cc(NC(C)CCc2cccc(C)c2C)ccc1-n1cnc(C)c1	0.023105
rxn:2:105315:142586	Cc1cc(C)c2[nH]c3c(c2c1)CCC3Nc1c(C)nc2cccnn12	0.023104
rxn:2:77131:91021	CCCCC(Nc1cc(Cc2ccc(C)cc2)nc(C)n1)c1cnccn1	0.023080
rxn:2:133853:91021	CCCCC(Nc1cc(Cc2cccc(C)c2)nc(C)n1)c1cnccn1	0.023080
rxn:2:100052:125732	CCC(Nc1cc(-c2ccccc2C)ccn1)c1cc(C)cc(OC)c1	0.023069
rxn:2:133190:156750	COc1cc(-c2ccco2)cnc1C(C)Nc1ccccc1N1CCC(F)C1	0.023067
rxn:2:67285:111998	CSc1nc(NC2CCCc3c2ccc(C)c3C)c2cn[nH]c2n1	0.023056
rxn:2:98520:73581	CC(NC(c1cccc(C2CC2)c1)C1CC1)c1cccc(C(C)(F)F)c1	0.023053
rxn:2:82403:122986	CCCS(=O)(=O)c1cnc(C)nc1NC(C)c1csc(CN2CCCCC2C)n1	0.023042
rxn:2:67052:138214	COc1ccc(-c2cnc(NC3CCc4c(C(C)C)cccc43)s2)cc1	0.023037
rxn:2:109834:67395	CC(C)(CCc1ccc2ncccc2c1)NC1CC(c2nc(C3CC3)no2)C1	0.023036
rxn:2:147092:78736	Cc1ccc2nc(-c3cn[nH]c3NC3CCC(C)(C(C)C)CC3)[nH]c2c1	0.023034
rxn:2:116505:96141	CCN(C)c1cc(N2CCC(NC(C)c3cccc(-n4cccn4)c3)C2)ncn1	0.023033
rxn:2:109898:118090	COc1cc(OC)cc(-c2nnc(NC3CC(C4(C)CCC4)n4nccc43)o2)c1	0.023028
rxn:2:83765:118090	COc1ccc(OC)c(-c2nnc(NC3CC(C4(C)CCC4)n4nccc43)o2)c1	0.023028
rxn:2:111030:118090	COc1ccc(-c2nnc(NC3CC(C4(C)CCC4)n4nccc43)o2)cc1OC	0.023028
rxn:2:136182:118090	COc1ccc(-c2nnc(NC3CC(C4(C)CCC4)n4nccc43)o2)c(OC)c1	0.023028
rxn:2:128125:156750	COc1cc(-c2ccco2)cnc1C(C)Nc1cccn(CCN(C)C)c1=O	0.023028
rxn:2:140470:118090	COc1c(C)cc(-c2nnc(NC3CC(C4(C)CCC4)n4nccc43)o2)cc1C	0.023026
rxn:2:99180:124477	Cc1ccc(-c2nsc(NC3CC(CS(=O)(=O)c4ccc(C)cc4)C3)n2)cc1	0.023026
rxn:2:139592:164232	CCN1CCc2nc(NC(C)c3nc(-c4ccccc4C)c(C)s3)sc2C1	0.023025
rxn:2:163553:105230	CCCN1C(CC)CCCC1CNC(c1cc2c(cc1C)n(C)c(=O)n2C)C(C)C	0.023024
rxn:2:72786:75754	Cc1nc2c(NC(C)c3cccn3Cc3ccccc3)ncnc2n1C	0.023021
rxn:2:121281:124477	Cc1ccc(S(=O)(=O)CC2CC(Nc3cc(-c4cnccn4)nc(C)n3)C2)cc1	0.023013
rxn:2:84374:162733	Cc1cc(C2C(CNC(C)c3ccc(-c4ncc[nH]c4=O)cn3)C2(F)F)ccn1	0.023009
rxn:2:92374:70000	COc1cncc(C(Nc2cccc3nc(C)cn23)c2ccncc2)c1	0.023005
rxn:2:76062:124273	CC(Nc1nnc(-c2cncs2)s1)c1ccc(-c2cnsc2)s1	0.022997
rxn:2:76062:94410	CC(Nc1nnc(-c2cncs2)s1)c1cnc(-c2ccsc2)s1	0.022997
rxn:2:147500:95004	CC(NC1CCC(c2ccccc2)C1)c1cnn(Cc2ccc3c(c2)OCO3)c1	0.022994
rxn:2:147500:96906	CC(NC1CC[C@H](c2ccccc2)C1)c1cnn(Cc2ccc3c(c2)OCO3)c1	0.022994
rxn:2:147500:115578	CC(NC1CC[C@@H](c2ccccc2)C1)c1cnn(Cc2ccc3c(c2)OCO3)c1	0.022994
rxn:2:123275:133293	COc1ccc(C2CC(Nc3ccc(SC45CC(C4)C5)cc3)C(C)(C)O2)cc1	0.022994
rxn:2:87321:94554	COc1ccc(C2CC(NCc3noc(C(C4CC4)n4cccc4)n3)C2)cc1	0.022988
rxn:2:78771:124477	Cc1ccc(S(=O)(=O)CC2CC(NCc3nc(-c4cnccn4)no3)C2)cc1	0.022981
rxn:2:118713:115667	COc1cc(NC(C)c2ccc(OC)c(OC)c2C)ccc1-n1cnc(C)c1	0.022981
rxn:2:81263:76855	CSCc1cncc(NC(C)c2ccccc2Oc2ccccc2)c1	0.022968
rxn:2:156652:120813	CCC(Cc1cccs1)NC1CC(C)(C)Cc2c1ccn2-c1nccs1	0.022949
rxn:2:125267:73581	CC1(c2ccc(NC(c3cccc(C4CC4)c3)C3CC3)cc2)CCCC1	0.022942
rxn:2:100933:96141	CC(C)Cc1cc(N2CCC(NC(C)c3cccc(-n4cccn4)c3)C2)ncn1	0.022934
rxn:2:121310:99606	CC(NC1CN(Cc2ccsc2)C1)c1cccc(OCc2cccs2)c1	0.022934
rxn:2:157350:131763	Cc1cc(N2CCC(CNC3CCc4cc(C5CC5)ccc43)CC2)n2ncnc2c1	0.022930
rxn:2:157350:98379	Cc1cc(N2CCC(CNC3CCc4ccc(C5CC5)cc43)CC2)n2ncnc2c1	0.022930
rxn:2:108795:91021	CCCCC(NCc1cc(Cc2ccc(C)cc2)ncn1)c1cnccn1	0.022930
rxn:2:102944:91021	CCCCC(NCc1cc(Cc2cccc(C)c2)ncn1)c1cnccn1	0.022930
rxn:2:131144:91021	CCCCC(NCc1ccnc(Cc2ccc(C)cc2)n1)c1cnccn1	0.022930
rxn:2:68559:71520	CCCSc1ccc(NC(C)CCC2CCCCCC2)nn1	0.022928
rxn:2:129548:68451	CCc1n[nH]c2sc(CNC3CCN(C4CC4c4ccccc4)CC3)c(C)c12	0.022923
rxn:2:164360:78148	CCC1CCC(CC(C)Nc2nn(C)c3nc4ccc(C)cc4cc23)CC1	0.022908
rxn:2:102205:96516	CCOc1ccc(C(NCC2CC2CN2CCc3ccccc3C2)C2CC2)cc1	0.022905
rxn:2:102205:117845	CCOc1ccccc1C(NCC1CC1CN1CCc2ccccc2C1)C1CC1	0.022905
rxn:2:134864:164637	Cc1n[nH]cc1-c1ccc2c(c1)OCC2Nc1cncc2ncn(C)c12	0.022895
rxn:2:118713:92797	COc1cc(NC(c2cccc(C)c2C)C(C)C)ccc1-n1cnc(C)c1	0.022890
rxn:2:123275:132033	c1ccc2c(c1)CC1(CCCCC1)C2Nc1ccc(SC23CC(C2)C3)cc1	0.022879
rxn:2:122647:147610	COc1cccc(-c2cnn3c(C)c(C(C)N[C@H]4CC[C@@H]4CN(C)C)cnc23)c1	0.022871
rxn:2:121310:173077	Cc1cscc1-c1cc(C(C)NC2CN(Cc3ccsc3)C2)ccc1C	0.022859
rxn:2:121310:170499	Cc1cc(-c2ccsc2)cc(C)c1C(C)NC1CN(Cc2ccsc2)C1	0.022859
rxn:2:114928:117638	CCCC(Nc1nnc(-c2cc(C)cs2)o1)c1cc(OC)cc(OC)c1	0.022842
rxn:2:72207:78952	CCN(CC)c1ccc(C(C)NC2CCN(c3ncnc4ccsc34)C2)cc1	0.022839
rxn:2:69416:118518	COc1ccc2c(c1C)CCC2N[C@@H](C)CCc1c[nH]c2c(C)cccc12	0.022837
rxn:2:144340:95162	CCCC(CCC1CCCCC1)NC(C)c1cc(=O)[nH]c(-c2ccccn2)n1	0.022831
rxn:2:69318:153276	CCOCC1(CNC(C)c2ccc(-c3cncc(OC(C)C)c3)cn2)CCC1	0.022831
rxn:2:76062:93716	Cc1nnc(-c2ccc(C(C)Nc3nnc(-c4cncs4)s3)s2)[nH]1	0.022826
rxn:2:114893:102464	COc1cccc(C(Nc2cc(-c3nnnn3CC(C)C)ccn2)C2CC2)c1	0.022826
rxn:2:123964:78148	CCCn1cnnc1C1CCC(CNC(C)CC2CCC(CC)CC2)CC1	0.022826
rxn:2:93737:160053	Cn1ncc2c(N3CCC(Nc4ccc(SCC5CC5)cc4)CC3)ncnc21	0.022825
rxn:2:116243:91021	CCCCC(Nc1cc(OCc2ccc(C)cn2)ncn1)c1cnccn1	0.022821
rxn:2:156652:70222	CCCC(NC1CC(C)(C)Cc2c1ccn2-c1nccs1)c1cccnc1	0.022821
rxn:2:127176:124477	Cc1ccc(S(=O)(=O)CC2CC(NCc3csc(-c4cnccn4)n3)C2)cc1	0.022814
rxn:2:147500:67918	CC(NC1CC(Oc2ccccc2)C1)c1cnn(Cc2ccc3c(c2)OCO3)c1	0.022812
rxn:2:95756:96141	COc1ccccc1CCC(C)(C)NC(C)c1cccc(-n2cccn2)c1	0.022808
rxn:2:92374:120029	Cc1cn2c(NC(CSC3CCCCC3)c3ccccc3)cccc2n1	0.022804
rxn:2:111137:66379	CCc1cc(OC)nc(C(C)Nc2cc(C)ccc2Oc2cccnc2)c1	0.022793
rxn:2:124471:124477	Cc1ccc(S(=O)(=O)CC2CC(NCc3cc(C4CCC4)nc(C4CC4)n3)C2)cc1	0.022790
rxn:2:164953:117115	Cc1ccc2c(c1C)CCC2NC(C)(C)c1nc2c(C(C)C)cccc2[nH]1	0.022776
rxn:2:108340:111998	Cc1ccc2c(c1C)CCCC2NCC(C)c1cccc2ccccc12	0.022773
rxn:2:131122:172564	CCCN1CCC(NC(C)c2ccc(-c3ccc(OCC)c(CC)c3)s2)C1	0.022768
rxn:2:121310:99350	CSc1ccc(C(NC2CN(Cc3ccsc3)C2)c2ccsc2)cc1	0.022766
rxn:2:95353:162733	CC(Nc1ccc2ncccc2c1)c1ccc(-c2ncc[nH]c2=O)cn1	0.022765
rxn:2:136289:162733	CC(Nc1cccc2cccnc12)c1ccc(-c2ncc[nH]c2=O)cn1	0.022765
rxn:2:71346:162733	CC(Nc1ccc2cccnc2c1)c1ccc(-c2ncc[nH]c2=O)cn1	0.022765
rxn:2:101487:125732	CCC(Nc1ncccc1OCc1ccccn1)c1cc(C)cc(OC)c1	0.022758
rxn:2:155066:97359	COc1ccc2nc(-c3nonc3NC(C)c3ccccc3)sc2c1	0.022753
rxn:2:114893:128014	COc1cc(OC)cc(C(C)Nc2cc(-c3nnnn3CC(C)C)ccn2)c1	0.022748
rxn:2:157350:71173	CCCc1ccncc1C(C)NCC1CCN(c2cc(C)cc3ncnn23)CC1	0.022747
rxn:2:107762:143157	COc1csc(-c2ccc3c(c2)OCC3NC2CCOC(c3ccncc3)C2)c1	0.022742
rxn:2:95194:91021	CCCCC(NCc1ccc(Cc2ccc(C)cc2)o1)c1cnccn1	0.022736
rxn:2:107731:91021	CCCCC(Nc1cc(Cc2ccc(OC)cc2)ncn1)c1cnccn1	0.022735
rxn:2:100709:91021	CCCCC(Nc1cc(Cc2cccc(OC)c2)ncn1)c1cnccn1	0.022735
rxn:2:72422:91021	CCCCC(Nc1cc(Cc2ccccc2OC)ncn1)c1cnccn1	0.022735
rxn:2:100125:91021	CCCCC(Nc1cc(N(C)Cc2ccccc2)ncn1)c1cnccn1	0.022734
rxn:2:114893:113571	CCC(Nc1cc(-c2nnnn2CC(C)C)ccn1)c1cnc(OC)c(C)c1	0.022730
rxn:2:114893:119491	CCC(Nc1cc(-c2nnnn2CC(C)C)ccn1)c1cnc(OC)cc1C	0.022730
rxn:2:155066:101191	COc1ccc2nc(-c3nonc3NC3CCC(C)(CC(C)C)C3)sc2c1	0.022729
rxn:2:114503:67001	CCn1c(C)nnc1C1CCC(CNC(CC2CCCCC2)C(C)(C)C)CC1	0.022729
rxn:2:134864:157694	Cn1cnc2cncc(NC3CCOc4ccc(-c5ccc[nH]5)cc43)c21	0.022725
rxn:2:122841:155042	CC(Nc1ccc(OC2(C)COC2)cc1)c1nc2cc(C(C)(C)C)ccc2o1	0.022725
rxn:2:102205:91152	COc1cccc(C(NCC2CC2CN2CCc3ccccc3C2)C2CC2(F)F)c1	0.022722
rxn:2:116833:162733	CC(Nc1cnc2ncccc2c1)c1ccc(-c2ncc[nH]c2=O)cn1	0.022720
rxn:2:134192:162733	CC(Nc1nccc2cccnc12)c1ccc(-c2ncc[nH]c2=O)cn1	0.022720
rxn:2:142206:162733	CC(Nc1cncc2cccnc12)c1ccc(-c2ncc[nH]c2=O)cn1	0.022720
rxn:2:110319:162733	CC(Nc1cc2cccnc2cn1)c1ccc(-c2ncc[nH]c2=O)cn1	0.022720
rxn:2:133771:162733	CC(Nc1cc2ncccc2cn1)c1ccc(-c2ncc[nH]c2=O)cn1	0.022720
rxn:2:65970:152889	CCN1CCCc2cc(NC3CCC(c4c[nH]c5ncccc45)CC3)ccc21	0.022713
rxn:2:91203:71205	CCC1CCCCN1c1nc(C)ccc1NC(C)CCC1(C2CCC2)COC1	0.022710
rxn:2:95402:89937	CC(NCC1CN(C)CC(C)(C)N1c1ccccc1)c1cnn(-c2ccccn2)c1	0.022709
rxn:2:81887:96441	CCc1c(NC(C)c2c(C)nn(CC3CC3)c2OC)nc(N2CCOCC2)[nH]c1=O	0.022707
rxn:2:76062:109941	CC(Nc1nnc(-c2cncs2)s1)c1cc(-c2ccncc2)ccn1	0.022705
rxn:2:76823:160406	Cc1cc(-c2cnc(C)c(C)c2)ccc1C(C)NC1CCN(C)C1c1cn(C)cn1	0.022705
rxn:2:107546:71823	CC(C)Cc1nc(-c2ccc(NC(C)c3nc4c(s3)CCCC4)s2)n(C)n1	0.022694
rxn:2:81887:86980	CCc1c(NC(c2ccc(CC(C)C)cc2)C(C)C)nc(N2CCOCC2)[nH]c1=O	0.022691
rxn:2:113390:96141	CCC(C)c1cc(N2CCC(NC(C)c3cccc(-n4cccn4)c3)C2)ncn1	0.022689
rxn:2:82403:71423	CCCS(=O)(=O)c1cnc(C)nc1NC(C)CCCN1CCN(C2CC2)CC1	0.022688
rxn:2:97297:118518	COc1ccc2c(c1C)CCC2Nc1ccccc1OC1CCCCCCC1	0.022681
rxn:2:74564:71823	CCOc1ccc(-c2csc(NC(C)c3nc4c(s3)CCCC4)n2)cc1	0.022677
rxn:2:120847:143157	CCCOc1ncccc1NC1COc2cc(-c3cc(OC)cs3)ccc21	0.022671
rxn:2:122841:116497	CC1(Oc2ccc(NC(c3ccc(C4CCCC4)cc3)C3CC3)cc2)COC1	0.022664
rxn:2:122841:88183	CC1(Oc2ccc(NC(c3ccc(C4CCC4)cc3)C3CCC3)cc2)COC1	0.022664
rxn:2:140730:168733	CC(Nc1ccnc2ccsc12)n1cc2c3c(cccc31)C(=O)CC2	0.022660
rxn:2:114893:135161	CCC(Nc1cc(-c2nnnn2CC(C)C)ccn1)c1cc(C)c(C)cc1C	0.022659
rxn:2:114893:111467	CCC(Nc1cc(-c2nnnn2CC(C)C)ccn1)c1c(C)cc(C)cc1C	0.022659
rxn:2:100556:157903	Cc1nn2ccccc2c1NC(C)c1sccc1-c1cn(C)ccc1=O	0.022658
rxn:2:110485:73581	Cc1cc(NC(c2cccc(C3CC3)c2)C2CC2)c2cccnc2c1C	0.022652
rxn:2:86233:156750	COc1cc(-c2ccco2)cnc1C(C)Nc1cccn(CC2CCOC2)c1=O	0.022651
rxn:2:149062:72473	CC(N[C@@H]1CCN(c2ncnc3ccccc23)C1)c1cccc(N2CCCCC2)c1	0.022649
rxn:2:102205:88047	CCC(COc1cccc(OC)c1)NCC1CC1CN1CCc2ccccc2C1	0.022647
rxn:2:99421:166390	Cc1cncc(-c2ccc3c(c2)CCCC3Nc2cccc(N3CCC3)c2)c1	0.022639
rxn:2:166860:109635	CCCc1nn(-c2ccnc(C(C)C)c2)cc1NC1CCN(C)C2(CCCCC2)C1	0.022636
rxn:2:72786:110883	Cc1cc(C(C)Nc2ncnc3c2nc(C)n3C)ccc1-c1ncn[nH]1	0.022631
rxn:2:83988:74191	COc1ccnc(C(NC(CC(C)C)C2C3CC4CC(C3)CC2C4)C2CC2)c1	0.022630
rxn:2:114503:104850	CCn1c(C)nnc1C1CCC(CNC(C)c2cn3ccnc3cc2OC)CC1	0.022625
rxn:2:114503:131391	CCCC(CC1CCCCC1)NCC1CCC(c2nnc(C)n2CC)CC1	0.022621
rxn:2:125138:168163	Cc1cncnc1-c1ccc(C(C)NCc2ccc3[nH]ncc3c2)s1	0.022617
rxn:2:75765:76238	Cc1cc(NC(C)c2ccc(-n3ccnc3C)cn2)cc2cccnc12	0.022614
rxn:2:123275:162416	COc1ccc(C(Nc2ccc(SC34CC(C3)C4)cc2)c2cncn2C)cn1	0.022614
rxn:2:107132:82225	CCCS(=O)(=O)c1cc(NC(C)c2csc(CN3CCCC(C)C3)n2)c[nH]c1=O	0.022610
rxn:2:125621:91021	CCCCC(NCc1cnc(Cc2ccc(C)cc2)s1)c1cnccn1	0.022608
rxn:2:83061:82225	CC1CCCN(Cc2nc(C(C)N[C@@H](C)c3c[nH]c4ccccc34)cs2)C1	0.022607
rxn:2:102205:89913	CCn1c(C)cc(C(CN(C)C)NCC2CC2CN2CCc3ccccc3C2)c1C	0.022603
rxn:2:80813:73581	COc1ccc(C2C(CCNC(c3cccc(C4CC4)c3)C3CC3)C2(F)F)nn1	0.022597
rxn:2:72882:91021	CCCCC(NCC(F)(F)c1ccc(-n2cccn2)cc1)c1cnccn1	0.022596
rxn:2:95402:123972	CC(C)C(NCC1CN(C)CC(C)(C)N1c1ccccc1)c1cn2nccnc2n1	0.022594
rxn:2:137378:103571	Cc1cccc(C(Cn2cc(C)cn2)NC(C)c2cc3c(s2)CCCC3)c1	0.022589
rxn:2:137374:162733	CC(Nc1nn(C)c2cccnc12)c1ccc(-c2ncc[nH]c2=O)cn1	0.022585
rxn:2:157350:99038	Cc1cc(N2CCC(CNC3CCc4cc5c(cc43)OCCO5)CC2)n2ncnc2c1	0.022585
rxn:2:148942:91021	CCCCC(NCc1cc(C)cc2c3c([nH]c12)CCCC3)c1cnccn1	0.022584
rxn:2:112040:162911	c1cnc(-c2nsc(NC3CCc4cc(-n5cnnn5)ccc43)n2)cn1	0.022579
rxn:2:65970:163245	CCN1CCCc2cc(NC3CCCc4c3ccc3ccccc43)ccc21	0.022579
rxn:2:97566:80762	Cc1ccc2c(c1)C(C)CCC2NCc1cnn(Cc2ccc(C)c(C)c2)c1	0.022575
rxn:2:74002:124477	Cc1ccc(S(=O)(=O)CC2CC(Nc3cc(-c4cnccn4)ccc3C)C2)cc1	0.022573
rxn:2:107276:156750	COc1cc(-c2ccco2)cnc1C(C)Nc1cccn(CC2CCCO2)c1=O	0.022566
rxn:2:159733:80762	Cc1ccc(-c2cnn(C)c2CNC2CCC(C)c3cc(C)ccc32)c(C)c1	0.022563
rxn:2:72620:125732	CCC(Nc1cc(-c2cnn(C(C)C)c2)ccn1)c1cc(C)cc(OC)c1	0.022562
rxn:2:76062:90377	CCOc1ccc(C2CC2C(CC)Nc2nnc(-c3cncs3)s2)cc1	0.022561
rxn:2:125447:160406	Cc1cc(-c2cnc(C)c(C)c2)ccc1C(C)NCCC1CC1c1nc[nH]n1	0.022551
rxn:2:116351:76082	Cc1cccc(C(C)Nc2ccc(OC(C)C)c(-n3cccc3)c2)c1C	0.022549
rxn:2:84582:125732	CCC(N[C@H](C)c1cnn(Cc2ccccc2)c1)c1cc(C)cc(OC)c1	0.022539
rxn:2:65970:164942	CCN1CCCc2cc(NC3CCCc4c3ccn4-c3ccccc3)ccc21	0.022535
rxn:2:103054:168163	Cc1cncnc1-c1ccc(C(C)NCc2ccccc2C23CC2CN(C)C3)s1	0.022535
rxn:2:112668:170246	Cc1ccc(-c2cc(C(C)NC34CC(c5nccs5)(C3)C4)cs2)cc1C	0.022532
rxn:2:82403:113836	CCCS(=O)(=O)c1cnc(C)nc1NC(c1ccc(SC)cc1)C12CC(C1)C2	0.022528
rxn:2:102040:96141	CC(NC1CCN(c2n[nH]c(=O)[nH]c2=O)C1)c1cccc(-n2cccn2)c1	0.022518
rxn:2:82403:142912	CCCS(=O)(=O)c1cnc(C)nc1NCC1c2ccccc2Oc2ccccc21	0.022518
rxn:2:98743:107408	CC(Nc1nnc(-c2cncn2C)s1)c1ccc(-c2ccsc2)s1	0.022516
rxn:2:91035:107408	CC(Nc1nnc(-c2cnn(C)c2)s1)c1ccc(-c2ccsc2)s1	0.022516
rxn:2:85249:107408	CC(Nc1nnc(-c2nccn2C)s1)c1ccc(-c2ccsc2)s1	0.022516
rxn:2:101652:107408	CC(Nc1nnc(-c2ccn(C)n2)s1)c1ccc(-c2ccsc2)s1	0.022516
rxn:2:124895:107408	CC(Nc1nnc(-c2ccnn2C)s1)c1ccc(-c2ccsc2)s1	0.022516
rxn:2:102205:68088	Cc1ccc(C(C)N2CCC(NCC3CC3CN3CCc4ccccc4C3)CC2)cc1	0.022509
rxn:2:65970:84899	CCC(C(C)C)n1ccc2c1CCCC2Nc1ccc2c(c1)CCCN2CC	0.022507
rxn:2:73440:91021	CCCCC(NC(C)c1noc(Cc2ccc(C)cc2)n1)c1cnccn1	0.022507
rxn:2:102478:91021	CCCCC(NC(C)c1nnc(Cc2ccc(C)cc2)o1)c1cnccn1	0.022507
rxn:2:156652:121298	CCC(Cc1ccccc1)NC1CC(C)(C)Cc2c1ccn2-c1nccs1	0.022506
rxn:2:68478:166390	Cc1cncc(-c2ccc3c(c2)CCCC3N[C@H]2CC[C@@H](n3cccn3)CC2)c1	0.022493
rxn:2:129548:91111	CCc1n[nH]c2sc(CNC3CCC(Sc4ccccc4)C3C)c(C)c12	0.022492
rxn:2:147500:115233	COc1ccc2c(c1)CC(NC(C)c1cnn(Cc3ccc4c(c3)OCO4)c1)CC2	0.022486
rxn:2:147500:123180	COc1ccc2c(c1)CCC(NC(C)c1cnn(Cc3ccc4c(c3)OCO4)c1)C2	0.022486
rxn:2:149062:72040	CC(N[C@@H]1CCN(c2ncnc3ccccc23)C1)c1ccn2nccc2c1	0.022482
rxn:2:149062:77406	CC(N[C@@H]1CCN(c2ncnc3ccccc23)C1)c1cc2cccnn2c1	0.022482
rxn:2:149062:134274	CC(N[C@@H]1CCN(c2ncnc3ccccc23)C1)c1ccn2ccnc2c1	0.022482
rxn:2:149062:80322	CC(N[C@@H]1CCN(c2ncnc3ccccc23)C1)c1cccn2nccc12	0.022482
rxn:2:149062:126193	CC(N[C@@H]1CCN(c2ncnc3ccccc23)C1)c1ccc2ccnn2c1	0.022482
rxn:2:142401:80680	Cc1ccc2cc(CC(C)(C)CNC3CC(c4nnc(N(C)C)o4)C3)ccc2n1	0.022479
rxn:2:90440:89327	Cc1sc(C(C)Nc2ccc3c(C)nsc3c2)nc1C1CCCCC1	0.022475
rxn:2:97928:73581	c1ccc(C2CC2C2CC2CNC(c2cccc(C3CC3)c2)C2CC2)cc1	0.022471
rxn:2:79407:74191	COc1cccc(-c2nc(CNC(c3cc(OC)ccn3)C3CC3)c(C)o2)c1	0.022469
rxn:2:157350:84739	Cc1cc(N2CCC(CNC3CCCc4cc5c(cc43)OCO5)CC2)n2ncnc2c1	0.022468
rxn:2:87146:87143	CC(CCc1cnsc1)NCCc1c(-c2ccsc2)n[nH]c1C(C)C	0.022463
rxn:2:114503:92300	CCN(CC)CC(NCC1CCC(c2nnc(C)n2CC)CC1)c1cccs1	0.022462
rxn:2:75445:168163	Cc1cncnc1-c1ccc(C(C)NCCC2CN(C)c3ccccc3N2C)s1	0.022459
rxn:2:75609:125732	CCC(Nc1ccnc(-c2nnnn2CC(C)C)c1)c1cc(C)cc(OC)c1	0.022452
rxn:2:82473:125732	CCC(Nc1cncc(-c2nnnn2CC(C)C)c1)c1cc(C)cc(OC)c1	0.022452
rxn:2:89356:125732	CCC(Nc1cccnc1-c1nnnn1CC(C)C)c1cc(C)cc(OC)c1	0.022452
rxn:2:124087:125732	CCC(Nc1ncccc1-c1nnnn1CC(C)C)c1cc(C)cc(OC)c1	0.022452
rxn:2:109879:125732	CCC(Nc1cccc(-c2nnnn2CC(C)C)n1)c1cc(C)cc(OC)c1	0.022452
rxn:2:127399:125732	CCC(Nc1ccc(-c2nnnn2CC(C)C)nc1)c1cc(C)cc(OC)c1	0.022452
rxn:2:109483:125732	CCC(Nc1cnccc1-c1nnnn1CC(C)C)c1cc(C)cc(OC)c1	0.022452
rxn:2:114893:81254	CCC(Nc1cc(-c2nnnn2CC(C)C)ccn1)c1ccc(OC)c(C)c1	0.022452
rxn:2:114893:112303	CCC(Nc1cc(-c2nnnn2CC(C)C)ccn1)c1cc(OC)ccc1C	0.022452
rxn:2:114893:115973	CCC(Nc1cc(-c2nnnn2CC(C)C)ccn1)c1ccc(OC)cc1C	0.022452
rxn:2:114893:127420	CCC(Nc1cc(-c2nnnn2CC(C)C)ccn1)c1ccc(C)c(OC)c1	0.022452
rxn:2:114893:89586	CCC(Nc1cc(-c2nnnn2CC(C)C)ccn1)c1cc(C)ccc1OC	0.022452
rxn:2:114893:112307	CCC(Nc1cc(-c2nnnn2CC(C)C)ccn1)c1ccc(C)cc1OC	0.022452
rxn:2:114893:102087	CCC(Nc1cc(-c2nnnn2CC(C)C)ccn1)c1cccc(C)c1OC	0.022452
rxn:2:124725:125732	CCC(NCc1cn(CCc2scnc2C)nn1)c1cc(C)cc(OC)c1	0.022449
rxn:2:157350:119786	CCC(NCC1CCN(c2cc(C)cc3ncnn23)CC1)c1ccc2c(c1)CCO2	0.022448
rxn:2:97440:156750	COc1cc(-c2ccco2)cnc1C(C)Nc1cccn(C2CC(F)(F)C2)c1=O	0.022444
rxn:2:157350:81238	Cc1cc(N2CCC(CNC3CCc4cc(C(C)C)ccc43)CC2)n2ncnc2c1	0.022442
rxn:2:157350:116676	Cc1cc(N2CCC(CNC3CCc4ccc(C(C)C)cc43)CC2)n2ncnc2c1	0.022442
rxn:2:156652:112755	COCCC(NC1CC(C)(C)Cc2c1ccn2-c1nccs1)c1cccnc1	0.022441
rxn:2:128450:73581	CC(C)C(C)Oc1ccc(NC(c2cccc(C3CC3)c2)C2CC2)cc1	0.022430
rxn:2:129548:68456	CCc1n[nH]c2sc(CNC3CCCCC3c3ccc(OC)cc3)c(C)c12	0.022428
rxn:2:86540:66800	Cc1ccc(CN2CC(NC(C)c3cccc(-c4ccsc4)c3)C2)cc1C	0.022413
rxn:2:84966:66800	Cc1ccc(C)c(CN2CC(NC(C)c3cccc(-c4ccsc4)c3)C2)c1	0.022413
rxn:2:94317:66800	Cc1ccc(CN2CC(NC(C)c3cccc(-c4ccsc4)c3)C2)c(C)c1	0.022413
rxn:2:157350:132751	Cc1cc(N2CCC(CNC3CC(c4noc(C5CC5)n4)C3)CC2)n2ncnc2c1	0.022405
rxn:2:157350:137279	Cc1cc(N2CCC(CNC3COc4cc5c(cc43)OCCO5)CC2)n2ncnc2c1	0.022400
rxn:2:147500:120553	CC(NC1CCC(c2ncccn2)CC1)c1cnn(Cc2ccc3c(c2)OCO3)c1	0.022398
rxn:2:135924:156750	COc1cc(-c2ccco2)cnc1C(C)NCc1cccn(C2CC2(F)F)c1=O	0.022395
rxn:2:147092:98329	Cc1ccc2nc(-c3cn[nH]c3NC3CCC4(CC3)CC(F)(F)C4)[nH]c2c1	0.022393
rxn:2:157519:80762	CCc1c(C)nn(-c2cccc(C)n2)c1NC1CCC(C)c2cc(C)ccc21	0.022389
rxn:2:93372:162733	Cc1cc(NC(C)c2ccc(-c3ncc[nH]c3=O)cn2)cc2ccoc12	0.022386
rxn:2:157350:68912	Cc1cc(N2CCC(CNC3CCOc4cc5c(cc43)OCO5)CC2)n2ncnc2c1	0.022385
rxn:2:104457:107408	CC(Nc1nnc(-c2cncnc2)s1)c1ccc(-c2ccsc2)s1	0.022381
rxn:2:95836:107408	CC(Nc1nnc(-c2cnccn2)s1)c1ccc(-c2ccsc2)s1	0.022381
rxn:2:102680:107408	CC(Nc1nnc(-c2ccncn2)s1)c1ccc(-c2ccsc2)s1	0.022381
rxn:2:76062:75111	CC(Nc1nnc(-c2cncs2)s1)c1ccc(-c2ccncc2)s1	0.022381
rxn:2:76062:85400	CC(Nc1nnc(-c2cncs2)s1)c1ccc(-c2cccnc2)s1	0.022381
rxn:2:76062:136188	CC(Nc1nnc(-c2cncs2)s1)c1cc(-c2ccsc2)ccn1	0.022381
rxn:2:76062:71150	CC(Nc1nnc(-c2cncs2)s1)c1ccc(-c2ccccn2)s1	0.022381
rxn:2:76062:90126	CC(Nc1nnc(-c2cncs2)s1)c1ccc(-c2ccsc2)cn1	0.022381
rxn:2:76062:119537	CC(Nc1nnc(-c2cncs2)s1)c1cccnc1-c1ccsc1	0.022381
rxn:2:112040:115743	CCc1ccc(OCC(C)C)c(C(C)Nc2nc(-c3cnccn3)ns2)c1	0.022377
rxn:2:142401:140101	Cc1ccc2cc(CC(C)(C)CNC(c3ccccn3)C(C)C)ccc2n1	0.022376
rxn:2:149062:73532	CC(N[C@@H]1CCN(c2ncnc3ccccc23)C1)c1ccn2ncnc2c1	0.022366
rxn:2:149062:92044	CC(N[C@@H]1CCN(c2ncnc3ccccc23)C1)c1cnn2ncccc12	0.022366
rxn:2:147500:79651	CC(NC1C[C@@H]2C[C@H](C1)c1ccccc12)c1cnn(Cc2ccc3c(c2)OCO3)c1	0.022354
rxn:2:147500:95262	CC(NC1CC2CC(C1)c1ccccc12)c1cnn(Cc2ccc3c(c2)OCO3)c1	0.022354
rxn:2:68144:66800	CC(N[C@H]1CN(Cc2ccccc2)C[C@H]1C)c1cccc(-c2ccsc2)c1	0.022351
rxn:2:80817:66800	CC(NC1CN(Cc2ccccc2)CC1C)c1cccc(-c2ccsc2)c1	0.022351
rxn:2:94312:66800	CC(N[C@H]1CN(Cc2ccccc2)C[C@@H]1C)c1cccc(-c2ccsc2)c1	0.022351
rxn:2:123320:66800	CC(N[C@@H]1CN(Cc2ccccc2)C[C@@H]1C)c1cccc(-c2ccsc2)c1	0.022351
rxn:2:129898:66800	CC(N[C@@H]1CN(Cc2ccccc2)C[C@H]1C)c1cccc(-c2ccsc2)c1	0.022351
rxn:2:131385:137035	CCCCC(Nc1cc(Cc2ccc(C)cc2)ncn1)c1ccsc1	0.022349
rxn:2:131385:90232	CCCCC(Nc1cc(Cc2ccc(C)cc2)ncn1)c1cccs1	0.022349
rxn:2:87588:125321	COC(c1ccccc1)c1noc(CNC(C)c2ccnc(C(C)(C)F)c2)n1	0.022346
rxn:2:155066:94952	COc1ccc2nc(-c3nonc3NC(C)c3c[nH]c(C)c3)sc2c1	0.022342
rxn:2:155066:119657	COc1ccc2nc(-c3nonc3NC(C)c3[nH]ccc3C)sc2c1	0.022342
rxn:2:155066:127227	COc1ccc2nc(-c3nonc3NC(C)c3cc[nH]c3C)sc2c1	0.022342
rxn:2:149062:118411	CC(N[C@@H]1CCN(c2ncnc3ccccc23)C1)c1ccn2cccc2c1	0.022340
rxn:2:134864:144755	Cc1ccc(-c2ccc3c(c2)C(Nc2cncc4ncn(C)c24)CO3)s1	0.022338
rxn:2:134864:145028	Cc1cc(-c2ccc3c(c2)C(Nc2cncc4ncn(C)c24)CO3)cs1	0.022338
rxn:2:147500:127878	COc1ccc2c(c1)OCCC2NC(C)c1cnn(Cc2ccc3c(c2)OCO3)c1	0.022324
rxn:2:112040:99429	CC(Nc1nc(-c2cnccn2)ns1)c1ccc(-c2cncnc2)cc1	0.022323
rxn:2:82403:144193	CCCS(=O)(=O)c1cnc(C)nc1NC(C)c1c[nH]c2nccc(C3CC3)c12	0.022318
rxn:2:74099:124477	Cc1ccc(S(=O)(=O)CC2CC(NCc3nc(-c4cnccn4)n[nH]3)C2)cc1	0.022314
rxn:2:85129:66800	CC(NC1CCN(Cc2ccsc2)CC1)c1cccc(-c2ccsc2)c1	0.022313
rxn:2:78080:66800	CC(NC1CCCN(Cc2ccsc2)C1)c1cccc(-c2ccsc2)c1	0.022313
rxn:2:111048:115775	CC(CCCC1CC1)NCC(Cc1csc2ccccc12)C(C)C	0.022313
rxn:2:166860:133263	CCCc1nn(-c2ccnc(C(C)C)c2)cc1NC1CCN(C)C(CC)(CC)C1	0.022309
rxn:2:119257:156750	COc1cc(-c2ccco2)cnc1C(C)Nc1cccn(CCC2CC2)c1=O	0.022308
rxn:2:147500:129614	COc1ccc2c(c1)C(NC(C)c1cnn(Cc3ccc4c(c3)OCO4)c1)C1CC21	0.022308
rxn:2:84173:131340	Cc1cccc(C(Nc2c(C)nc3ccccn23)C2CCCCCC2)c1	0.022306
rxn:2:132418:145100	Cc1ccc(-c2cc(C(C)Nc3ncnc4[nH]cc(C)c34)ccn2)cn1	0.022297
rxn:2:132418:147163	Cc1ccc(-c2cc(C(C)Nc3ncnc4[nH]cc(C)c34)ccn2)nc1	0.022297
rxn:2:132418:168906	Cc1cc(C(C)Nc2ncnc3[nH]cc(C)c23)ccc1-c1ncccn1	0.022297
rxn:2:155066:87175	COc1ccc2nc(-c3nonc3NC3CCCC34CCC(C)CC4)sc2c1	0.022287
rxn:2:73132:82225	Cc1ccc(C2(C(C)(C)NC(C)c3csc(CN4CCCC(C)C4)n3)COC2)cc1	0.022283
rxn:2:90214:74191	CCOc1ccccc1-c1cc(NC(c2cc(OC)ccn2)C2CC2)ncn1	0.022278
rxn:2:102350:66800	CCCC(C)c1cc(NC(C)c2cccc(-c3ccsc3)c2)no1	0.022278
rxn:2:129548:79093	CCc1n[nH]c2sc(CNC3CC(C)CN(Cc4ccccc4)C3C)c(C)c12	0.022278
rxn:2:129548:84145	CCc1n[nH]c2sc(CNC3CC(C)N(Cc4ccccc4)CC3C)c(C)c12	0.022278
rxn:2:129548:104879	CCc1n[nH]c2sc(CNC3CCN(Cc4ccccc4)C(C)C3C)c(C)c12	0.022278
rxn:2:114503:71520	CCn1c(C)nnc1C1CCC(CNC(C)CCC2CCCCCC2)CC1	0.022277
rxn:2:83811:155128	CCOc1ncccc1-c1cccc2c1CCC2NC1(CS(C)(=N)=O)CC(F)(F)C1	0.022272
rxn:2:147500:132067	COc1ccc2c(c1)C(NC(C)c1cnn(Cc3ccc4c(c3)OCO4)c1)C(F)C2	0.022269
rxn:2:147500:119388	COc1ccc2c(c1)CC(F)C2NC(C)c1cnn(Cc2ccc3c(c2)OCO3)c1	0.022269
rxn:2:68559:82415	CCCSc1ccc(NC(c2cc(C)ccc2C)C2CCCCC2)nn1	0.022260
rxn:2:102205:99473	COc1ccc(C(NCC2CC2CN2CCc3ccccc3C2)C2CC2)cc1OC	0.022253
rxn:2:102205:88808	COc1cccc(OC)c1C(NCC1CC1CN1CCc2ccccc2C1)C1CC1	0.022253
rxn:2:105519:80762	Cc1cc(C)c(-n2cc(CNC3CCC(C)c4cc(C)ccc43)cn2)c(C)c1	0.022250
rxn:2:91918:124477	Cc1ccc(S(=O)(=O)CC2CC(NCc3ccc(-c4cnccn4)cc3)C2)cc1	0.022243
rxn:2:168712:93200	CC(Nc1ccc2nc(-c3ccccc3)sc2c1)c1cc[nH]c(=O)c1	0.022242
rxn:2:76062:114774	Cc1[nH]ncc1-c1ccc(C(C)Nc2nnc(-c3cncs3)s2)s1	0.022241
rxn:2:76062:117529	Cc1[nH]cnc1-c1ccc(C(C)Nc2nnc(-c3cncs3)s2)s1	0.022241
rxn:2:149062:94293	CCCOc1ccc2c(c1)C(N[C@@H]1CCN(c3ncnc4ccccc34)C1)CCO2	0.022240
rxn:2:156652:83610	CC1(C)Cc2c(ccn2-c2nccs2)C(NC(CS(C)(=O)=O)c2cccnc2)C1	0.022240
rxn:2:75765:106646	CCN(CC(Nc1cc(C)c2ncccc2c1)c1ccc[nH]1)C1CCCC1	0.022227
rxn:2:71562:153276	CC(C)Oc1cncc(-c2ccc(C(C)Nc3nc4c(s3)CN(C)CC4)nc2)c1	0.022222
rxn:2:84427:153276	CC(C)Oc1cncc(-c2ccc(C(C)Nc3nc4c(s3)CCN(C)C4)nc2)c1	0.022222
rxn:2:102205:125129	COc1cc(C)c(C)cc1C(NCC1CC1CN1CCc2ccccc2C1)C1CC1	0.022216
rxn:2:149062:81757	CC(N[C@@H]1CCN(c2ncnc3ccccc23)C1)c1cccc(N2CCN(C)CC2)c1	0.022215
rxn:2:119983:160053	Cn1ncc2c(N3CCC(NC4CC5CC5N(Cc5ccccc5)C4)CC3)ncnc21	0.022212
rxn:2:76062:86546	CCn1cc(C(Nc2nnc(-c3cncs3)s2)c2ccccc2)cn1	0.022212
rxn:2:77327:172564	CCOc1ccc(-c2ccc(C(C)N[C@H]3CCN(CCOC)C3)s2)cc1CC	0.022211
rxn:2:92619:172564	CCOc1ccc(-c2ccc(C(C)N[C@@H]3CCN(CCOC)C3)s2)cc1CC	0.022211
rxn:2:112071:172564	CCOc1ccc(-c2ccc(C(C)NC3CCN(CCOC)C3)s2)cc1CC	0.022211
rxn:2:126345:156750	COc1cc(-c2ccco2)cnc1C(C)Nc1cccn(C2CCN(C)CC2)c1=O	0.022194
rxn:2:156562:71823	CC(Nc1cnc2cc(-c3ccoc3)nn2c1)c1nc2c(s1)CCCC2	0.022180
rxn:2:79667:162733	Cc1cc(NC(C)c2ccc(-c3ncc[nH]c3=O)cn2)cc2snnc12	0.022175
rxn:2:147092:93985	Cc1ccc2nc(-c3cn[nH]c3NC(CC3CCOCC3)C(C)C)[nH]c2c1	0.022172
rxn:2:100595:71823	CCCCC(NC(C)c1nc2c(s1)CCCC2)c1nc2ccccc2o1	0.022167
rxn:2:67071:66800	Cc1ccc(CN2CCC(NC(C)c3cccc(-c4ccsc4)c3)C2)cc1	0.022148
rxn:2:111763:66800	Cc1ccc(CN2CC[C@H](NC(C)c3cccc(-c4ccsc4)c3)C2)cc1	0.022148
rxn:2:124530:66800	Cc1ccc(CN2CC[C@@H](NC(C)c3cccc(-c4ccsc4)c3)C2)cc1	0.022148
rxn:2:147500:74469	COc1ccc2c(c1)CC(C)C2NC(C)c1cnn(Cc2ccc3c(c2)OCO3)c1	0.022145
rxn:2:147500:136864	COc1ccc2c(c1)C(NC(C)c1cnn(Cc3ccc4c(c3)OCO4)c1)C(C)C2	0.022145
rxn:2:139331:168163	Cc1cncnc1-c1ccc(C(C)NCC2CN(C)CC(C)(C)N2CCC(C)C)s1	0.022135
rxn:2:127169:166390	Cc1cncc(-c2ccc3c(c2)CCCC3NC(Cn2cccn2)C(C)(C)C)c1	0.022131
rxn:2:102205:135835	CC(NCC1CC1CN1CCc2ccccc2C1)c1cc(C2CCCCC2)ccn1	0.022130
rxn:2:69844:155128	CCOc1ncccc1-c1cccc2c1CCC2NCc1cnn2c1CC1(CC1)C2	0.022129
rxn:2:157350:77187	Cc1cc(N2CCC(CNC3CC(c4ccc5c(c4)CCO5)C3)CC2)n2ncnc2c1	0.022118
rxn:2:123778:155128	CCOc1ncccc1-c1cccc2c1CCC2NC1(COC)CCC(F)(F)CC1	0.022118
rxn:2:102757:96141	CC(NCCS(=O)(=O)c1ccc2c(c1)OCCO2)c1cccc(-n2cccn2)c1	0.022118
rxn:2:154196:107564	Cc1cnc(-n2nc(C)c(C3CC3)c2NC(C)c2cc(C)sc2C)c(C)c1	0.022116
rxn:2:154196:137786	Cc1cnc(-n2nc(C)c(C3CC3)c2NC(C)c2sc(C)cc2C)c(C)c1	0.022116
rxn:2:127432:107408	CCC1(Cn2cc(C)c(NC(C)c3ccc(-c4ccsc4)s3)n2)COC1	0.022114
rxn:2:146807:125732	CCC(Nc1cc(Cn2nc(C)c(C)c2C)ccn1)c1cc(C)cc(OC)c1	0.022106
rxn:2:100556:161593	COc1cc2c(c3ccccc13)CCC2Nc1c(C)nn2ccccc12	0.022102
rxn:2:149062:119288	c1ccc(CN2[C@@H]3CCC(N[C@@H]4CCN(c5ncnc6ccccc56)C4)[C@H]2CC3)cc1	0.022101
rxn:2:129548:70894	CCc1n[nH]c2sc(CNC3CC(c4ccccc4)C34CCCC4)c(C)c12	0.022100
rxn:2:119159:94554	CCn1cc(-c2ccc(C(C)NC3CC(c4ccc(OC)cc4)C3)cc2)cn1	0.022096
rxn:2:147092:65819	CCC1(CC)CCC(Nc2[nH]ncc2-c2nc3ccc(C)cc3[nH]2)CC1	0.022095
rxn:2:157350:106742	CSc1ccc2c(c1)CCC2NCC1CCN(c2cc(C)cc3ncnn23)CC1	0.022093
rxn:2:157350:107159	CSc1ccc2c(c1)C(NCC1CCN(c3cc(C)cc4ncnn34)CC1)CC2	0.022093
rxn:2:95402:137331	CC(NCC1CN(C)CC(C)(C)N1c1ccccc1)c1ccc(-c2ccon2)s1	0.022091
rxn:2:92947:94554	COc1ccc(C2CC(NC(C)c3cnn(CCc4ccccc4)c3)C2)cc1	0.022089
rxn:2:95440:87143	CC(CCc1cnsc1)Nc1c(C(C)C)cc(C(C)C)cc1C(C)C	0.022087
rxn:2:83292:147610	COc1cccc(-c2cnn3c(C)c(C(C)N[C@@H]4CCCC[C@@H]4N(C)C)cnc23)c1	0.022082
rxn:2:85988:147610	COc1cccc(-c2cnn3c(C)c(C(C)N[C@@H]4CCCC[C@H]4N(C)C)cnc23)c1	0.022082
rxn:2:102597:147610	COc1cccc(-c2cnn3c(C)c(C(C)N[C@H]4CCCC[C@H]4N(C)C)cnc23)c1	0.022082
rxn:2:103578:147610	COc1cccc(-c2cnn3c(C)c(C(C)NC4CCCCC4N(C)C)cnc23)c1	0.022082
rxn:2:135101:147610	COc1cccc(-c2cnn3c(C)c(C(C)N[C@H]4CCCC[C@@H]4N(C)C)cnc23)c1	0.022082
rxn:2:91531:147610	COc1cccc(-c2cnn3c(C)c(C(C)N[C@H]4CC[C@@H](N(C)C)CC4)cnc23)c1	0.022082
rxn:2:111450:147610	COc1cccc(-c2cnn3c(C)c(C(C)NC4CCC(N(C)C)CC4)cnc23)c1	0.022082
rxn:2:115426:147610	COc1cccc(-c2cnn3c(C)c(C(C)N[C@H]4CC[C@H](N(C)C)CC4)cnc23)c1	0.022082
rxn:2:111118:162733	Cc1cc(NC(C)c2ccc(-c3ncc[nH]c3=O)cn2)cc2scnc12	0.022077
rxn:2:70118:73581	c1cc(C2CC2)cc(C(Nc2ccc(OCC3CCOCC3)cc2)C2CC2)c1	0.022074
rxn:2:95402:140850	Cc1nc(-c2ncco2)oc1C(C)NCC1CN(C)CC(C)(C)N1c1ccccc1	0.022074
rxn:2:102205:71803	COc1ccc(C(NCC2CC2CN2CCc3ccccc3C2)C2CCOCC2)cc1	0.022073
rxn:2:113793:153606	COc1cc(-c2cnc(C(C)NC3(c4nccs4)CCOCC3)s2)ccc1C	0.022068
rxn:2:154196:126806	Cc1cnc(-n2nc(C)c(C3CC3)c2NC(C)c2nc(C3CCC3)n[nH]2)c(C)c1	0.022067
rxn:2:79852:87143	CCC(C)[C@@H](NC(C)CCc1cnsc1)c1csc2ccccc12	0.022063
rxn:2:132418:166231	Cc1cc(-c2cc(C(C)Nc3ncnc4[nH]cc(C)c34)ccn2)cs1	0.022056
rxn:2:132418:138996	Cc1cc(C(C)Nc2ncnc3[nH]cc(C)c23)ccc1-c1nccs1	0.022056
rxn:2:105315:167167	COc1ccc2[nH]nc(C(Nc3c(C)nc4cccnn34)C(C)C)c2c1	0.022044
rxn:2:71965:160053	Cn1ncc2c(N3CCC(NCc4ccc5ncoc5c4)CC3)ncnc21	0.022043
rxn:2:121310:151179	CC(NC1CN(Cc2ccsc2)C1)c1ccc2c(c1)-c1ccccc1-2	0.022042
rxn:2:144340:71423	CC(CCCN1CCN(C2CC2)CC1)NC(C)c1cc(=O)[nH]c(-c2ccccn2)n1	0.022041
rxn:2:70530:91021	CCCCC(Nc1nc(C)c(Cc2ccc(C)cc2)s1)c1cnccn1	0.022039
rxn:2:108909:125732	CCC(Nc1nnc(-c2ccnn2CC(C)C)s1)c1cc(C)cc(OC)c1	0.022036
rxn:2:69972:76082	COc1ccc(NC(C)c2cccc(C)c2C)cc1-c1ccc(C)cc1	0.022026
rxn:2:141198:162733	Cc1noc(C[C@H](CC(C)C)NC(C)c2ccc(-c3ncc[nH]c3=O)cn2)n1	0.022009
rxn:2:99376:67395	CC(C)(CNC1CC(c2nc(C3CC3)no2)C1)Cc1ccc2ccccc2c1	0.022006
rxn:2:139613:124477	CCC(C)C(NC1CC(CS(=O)(=O)c2ccc(C)cc2)C1)c1n[nH]c(C(C)C)n1	0.022005
rxn:2:142223:155128	CCOc1ncccc1-c1cccc2c1CCC2NCC1(C(C)C)CC(F)(F)C1	0.022005
rxn:2:102205:117106	COc1ccc(C(NCC2CC2CN2CCc3ccccc3C2)C2CCC2)c(C)c1	0.022004
rxn:2:135785:125732	CCCn1cc(-c2ccnc(NC(CC)c3cc(C)cc(OC)c3)c2)cn1	0.022003
rxn:2:114315:78148	CCC1CCC(CC(C)NC(C)CN(C)c2ccc3ccccc3c2)CC1	0.021995
rxn:2:126541:156750	COc1cc(-c2ccco2)cnc1C(C)Nc1cccn(CC2CC2(F)F)c1=O	0.021995
rxn:2:101573:155128	CCOc1ncccc1-c1cccc2c1CCC2NC1(CC)CCC(F)(F)CC1	0.021992
rxn:2:85791:78148	CCc1nc(C2CCCC2)n(CC)c1NC(C)CC1CCC(CC)CC1	0.021984
rxn:2:132841:80762	CCc1ccccc1Cn1cc(CNC2CCC(C)c3cc(C)ccc32)cn1	0.021982
rxn:2:136311:166390	Cc1cncc(-c2ccc3c(c2)CCCC3NC2CC(Cc3cccnc3)C2)c1	0.021978
rxn:2:156652:80124	CC1(C)Cc2c(ccn2-c2nccs2)C(NC(c2cccnc2)C(C)(C)C)C1	0.021975
rxn:2:118713:74143	C=C=Cc1cccc(C(C)Nc2ccc(-n3cnc(C)c3)c(OC)c2)c1C	0.021975
rxn:2:75765:86408	Cc1cc(NC(C)c2ccc(-c3nccs3)cn2)cc2cccnc12	0.021969
rxn:2:75765:70209	Cc1cc(NC(C)c2ccc(-c3cnsc3)cn2)cc2cccnc12	0.021969
rxn:2:68182:170892	CC(C)CN1CC[C@@H](NC(C)c2ccc(-c3cc4sccc4s3)s2)C1	0.021966
rxn:2:147500:135690	CC(NC1CCCC(c2ccncc2)C1)c1cnn(Cc2ccc3c(c2)OCO3)c1	0.021949
rxn:2:157350:142232	Cc1cc(N2CCC(CNC3CCCOc4cc(C)c(C)cc43)CC2)n2ncnc2c1	0.021947
rxn:2:116435:71205	CCCSc1ccc(OC)c(NC(C)CCC2(C3CCC3)COC2)c1	0.021943
rxn:2:102205:135873	c1ccc2c(c1)CCN(CC1CC1CNC(c1ccc3cc[nH]c3n1)C1CC1)C2	0.021942
rxn:2:115964:96141	CC(N[C@H](c1cccc2c1OC(F)(F)O2)C1CC1)c1cccc(-n2cccn2)c1	0.021940
rxn:2:129548:72443	CCc1n[nH]c2sc(CNC3C[C@H](C)N(Cc4ccccc4)[C@@H](C)C3)c(C)c12	0.021940
rxn:2:129548:73056	CCc1n[nH]c2sc(CNC3C[C@@H](C)N(Cc4ccccc4)[C@H](C)C3)c(C)c12	0.021940
rxn:2:129548:93611	CCc1n[nH]c2sc(CNC3CC(C)N(Cc4ccccc4)C(C)C3)c(C)c12	0.021940
rxn:2:129548:123239	CCc1n[nH]c2sc(CNC3C[C@@H](C)N(Cc4ccccc4)[C@@H](C)C3)c(C)c12	0.021940
rxn:2:101699:82225	CCCCS(=O)(=O)c1cnc(NC(C)c2csc(CN3CCCC(C)C3)n2)nc1	0.021933
rxn:2:103687:96141	COCCc1cc(N2CCC(NC(C)c3cccc(-n4cccn4)c3)C2)ncn1	0.021925
rxn:2:102205:97608	c1ccc2c(c1)CCN(CC1CC1CNC1c3ccccc3Cc3ccccc31)C2	0.021921
rxn:2:123275:77742	c1ccc(C(Cc2ncccn2)Nc2ccc(SC34CC(C3)C4)cc2)cc1	0.021921
rxn:2:125179:149207	CN1CCC2(CC(NC3CCc4cc(-c5cccc6[nH]ncc56)ccc4C3)CCO2)C1	0.021914
rxn:2:155066:104979	COc1ccc2nc(-c3nonc3NC(C)c3ccc(=O)oc3)sc2c1	0.021899
rxn:2:155066:79084	COc1ccc2nc(-c3nonc3NC3CC4C(CC3C)[C@@H]3CC[C@H]4C3)sc2c1	0.021897
rxn:2:75765:138667	Cc1cc(NC(C)c2ccc(-c3ncc[nH]3)cc2)cc2cccnc12	0.021895
rxn:2:75765:90726	Cc1cc(NC(C)c2cc(-c3cc[nH]c3)ccn2)cc2cccnc12	0.021895
rxn:2:75765:129327	Cc1cc(NC(C)c2c[nH]c(-c3ccccc3)n2)cc2cccnc12	0.021895
rxn:2:102052:66800	CC(NC1CCCN(Cc2ccccc2)C1)c1cccc(-c2ccsc2)c1	0.021883
rxn:2:103610:66800	CC(N[C@@H]1CCCN(Cc2ccccc2)C1)c1cccc(-c2ccsc2)c1	0.021883
rxn:2:110646:66800	CC(N[C@H]1CCCN(Cc2ccccc2)C1)c1cccc(-c2ccsc2)c1	0.021883
rxn:2:92374:166918	COc1ccc2[nH]c3c(c2c1)C(Nc1cccc2nc(C)cn12)CCC3	0.021881
rxn:2:130004:125732	CCC(Nc1cc(-c2cccc(OC)c2)ccn1)c1cc(C)cc(OC)c1	0.021880
rxn:2:104906:125732	CCC(Nc1ccc(OC)cc1-c1cccnc1)c1cc(C)cc(OC)c1	0.021880
rxn:2:112857:118090	CC(C)Oc1ccc(-c2nnc(NC3CC(C4(C)CCC4)n4nccc43)o2)cc1	0.021872
rxn:2:157350:87795	COc1cc2c(cc1C)OCCC2NCC1CCN(c2cc(C)cc3ncnn23)CC1	0.021872
rxn:2:157350:132079	COc1cc2c(cc1C)C(NCC1CCN(c3cc(C)cc4ncnn34)CC1)CCO2	0.021872
rxn:2:91828:118090	CC(C)(C)c1ccc(-c2nnc(NC3CC(C4(C)CCC4)n4nccc43)o2)cc1	0.021867
rxn:2:97494:168163	CCCCN1C(CNC(C)c2ccc(-c3ncncc3C)s2)CN(C)CCC1(C)C	0.021867
rxn:2:66213:71205	CCCSc1nc(NC(C)CCC2(C3CCC3)COC2)cc(=O)[nH]1	0.021865
rxn:2:81887:71181	CCc1c(NC(c2ccccc2)c2cccc(C)c2)nc(N2CCOCC2)[nH]c1=O	0.021863
rxn:2:75765:118634	Cc1cc(NC(C)c2ccc(-c3ccoc3)cn2)cc2cccnc12	0.021862
rxn:2:75765:105749	Cc1cc(NC(C)c2ccc(-c3ccco3)cn2)cc2cccnc12	0.021862
rxn:2:95402:131279	CC(NCC1CN(C)CC(C)(C)N1c1ccccc1)c1cnc(-c2cc[nH]c2)s1	0.021860
rxn:2:91274:153606	COc1cc(-c2cnc(C(C)Nc3nnc(OC4CCOC4)s3)s2)ccc1C	0.021859
rxn:2:94464:124477	Cc1ccc(S(=O)(=O)CC2CC(Nc3nc(-c4cc(C)cc(C)n4)ns3)C2)cc1	0.021850
rxn:2:106926:71823	CC(Nc1nnc(C(C)(C)Cc2ccccc2)s1)c1nc2c(s1)CCCC2	0.021847
rxn:2:116749:66800	CC(NCC1CCN(Cc2ccsc2)C1)c1cccc(-c2ccsc2)c1	0.021844
rxn:2:129548:131009	CCc1n[nH]c2sc(CNC3CCCCCC3c3ccccc3)c(C)c12	0.021839
rxn:2:129548:91915	CCc1n[nH]c2sc(CNC3CCCCC(c4ccccc4)C3)c(C)c12	0.021839
rxn:2:107510:162733	Cc1ccnc(C2(CNC(C)c3ccc(-c4ncc[nH]c4=O)cn3)CCOCC2)c1	0.021835
rxn:2:68559:138556	CCCSc1ccc(NC(C)CCc2c[nH]c3ccc(C)cc23)nn1	0.021833
rxn:2:82736:71205	CC(CCC1(C2CCC2)COC1)Nc1ccc(COCC2CCOCC2)cc1	0.021833
rxn:2:120394:66800	CC(Nc1cc2c[nH]nc2c(=O)[nH]1)c1cccc(-c2ccsc2)c1	0.021830
rxn:2:82403:164905	CCCS(=O)(=O)c1cnc(C)nc1NC(C)c1ccccc1-c1cc(C)nn1C	0.021817
rxn:2:131385:75352	CCCCC(Nc1cc(Cc2ccc(C)cc2)ncn1)c1ccccc1	0.021817
rxn:2:132418:135748	Cc1c[nH]c2ncnc(NC(C)c3cccc(Oc4ncccn4)c3)c12	0.021816
rxn:2:94372:96141	CCc1cc(CNC(C)c2cccc(-n3cccn3)c2)n(C(C)C2(C)CC2)n1	0.021812
rxn:2:120685:156750	COc1cc(-c2ccco2)cnc1C(C)Nc1cccn(CCC(C)C)c1=O	0.021812
rxn:2:141006:96141	CC(Nc1ccc(N(C)C2CCSCC2)cc1)c1cccc(-n2cccn2)c1	0.021810
rxn:2:123275:153609	c1nc(N2CCC(Nc3ccc(SC45CC(C4)C5)cc3)CC2)c2ccsc2n1	0.021809
rxn:2:147092:84406	Cc1ccc2nc(-c3cn[nH]c3NC3CCC4(CC3)COC(C)(C)C4)[nH]c2c1	0.021807
rxn:2:156652:75691	CC1(C)Cc2c(ccn2-c2nccs2)C(NC2CCN(Cc3cccnc3)CC2)C1	0.021805
rxn:2:118430:91021	CCCCC(NCCc1nnc(Cc2ccc(C)cc2)o1)c1cnccn1	0.021793
rxn:2:83203:162733	COc1cc(NC(C)c2ccc(-c3ncc[nH]c3=O)cn2)c(OC)c(C)c1OC	0.021789
rxn:2:102205:120190	COc1cccc(C(NCC2CC2CN2CCc3ccccc3C2)C2CCCC2)c1	0.021784
rxn:2:102205:122842	COc1ccccc1C(NCC1CC1CN1CCc2ccccc2C1)C1CCCC1	0.021784
rxn:2:102205:132836	COc1ccc(C(NCC2CC2CN2CCc3ccccc3C2)C2CCCC2)cc1	0.021784
rxn:2:161810:118131	Cc1cnc(C2CC(Nc3c(C)sc4c(-c5ncco5)noc34)C2)s1	0.021781
rxn:2:114567:125321	CC(C)c1c(NC(C)c2ccnc(C(C)(C)F)c2)nnn1Cc1ccccc1	0.021762
rxn:2:75582:166390	CCOC1CC(NC2CCCc3cc(-c4cncc(C)c4)ccc32)C1n1cccn1	0.021754
rxn:2:149062:81838	CC(N[C@@H]1CCN(c2ncnc3ccccc23)C1)c1cccc2nsnc12	0.021754
rxn:2:131385:119075	Cc1ccc(Cc2cc(NC(CCC(C)C)c3ccccn3)ncn2)cc1	0.021753
rxn:2:142401:140234	Cc1ccc2cc(CC(C)(C)CNC3CCC(c4nc(C)no4)CC3)ccc2n1	0.021748
rxn:2:165768:96141	CC(NC(C)c1nnc2c(=O)n(C)ccn12)c1cccc(-n2cccn2)c1	0.021727
rxn:2:114893:104766	CCc1cc(C)cc(C(CC)Nc2cc(-c3nnnn3CC(C)C)ccn2)c1	0.021720
rxn:2:155066:104589	COc1ccc2nc(-c3nonc3NC(C)c3ccnc(C)c3)sc2c1	0.021717
rxn:2:154196:97388	Cc1cc(C)cc(C(C)Nc2c(C3CC3)c(C)nn2-c2ncc(C)cc2C)c1	0.021717
rxn:2:154196:116063	Cc1ccc(C(C)Nc2c(C3CC3)c(C)nn2-c2ncc(C)cc2C)c(C)c1	0.021717
rxn:2:154196:114486	Cc1cnc(-n2nc(C)c(C3CC3)c2NC(C)c2ccc(C)c(C)c2)c(C)c1	0.021717
rxn:2:154196:119174	Cc1cnc(-n2nc(C)c(C3CC3)c2NC(C)c2cc(C)ccc2C)c(C)c1	0.021717
rxn:2:112123:82225	CCS(=O)(=O)c1cnc(NC(C)c2csc(CN3CCCC(C)C3)n2)nc1C1CC1	0.021709
rxn:2:114893:87947	CCC(Cc1cccc(OC)c1)Nc1cc(-c2nnnn2CC(C)C)ccn1	0.021706
rxn:2:114893:111315	CCC(Cc1ccc(OC)cc1)Nc1cc(-c2nnnn2CC(C)C)ccn1	0.021706
rxn:2:147500:81385	COc1ccc2c(c1)C(NC(C)c1cnn(Cc3ccc4c(c3)OCO4)c1)CC2C	0.021705
rxn:2:147500:96424	COc1ccc2c(c1)C(C)CC2NC(C)c1cnn(Cc2ccc3c(c2)OCO3)c1	0.021705
rxn:2:157350:102966	Cc1cc(N2CCC(CNC3CCOc4ccc(C5CC5)cc43)CC2)n2ncnc2c1	0.021703
rxn:2:97833:125732	CCC(Nc1cc(-c2nnnn2CCOC)ccn1)c1cc(C)cc(OC)c1	0.021701
rxn:2:91427:125732	CCC(Nc1ccnc(-c2nnnn2CCOC)c1)c1cc(C)cc(OC)c1	0.021701
rxn:2:117035:125732	CCC(Nc1cncc(-c2nnnn2CCOC)c1)c1cc(C)cc(OC)c1	0.021701
rxn:2:129548:71256	CCc1n[nH]c2sc(CNC3CC(COCc4ccccc4)C3C)c(C)c12	0.021699
rxn:2:129548:109807	CCc1n[nH]c2sc(CNC3C[C@H](COCc4ccccc4)[C@H]3C)c(C)c12	0.021699
rxn:2:136451:82225	CCCS(=O)(=O)c1ccc(NC(C)c2csc(CN3CCCC(C)C3)n2)c(C)c1	0.021699
rxn:2:90440:165586	COc1ncnn2c(C(Nc3ccc4c(C)nsc4c3)C(C)C)ccc12	0.021688
rxn:2:95402:135408	COc1cccc2[nH]c(C(C)NCC3CN(C)CC(C)(C)N3c3ccccc3)nc12	0.021686
rxn:2:75765:108104	COc1cc(C)c(C)cc1C(Nc1cc(C)c2ncccc2c1)C(C)(C)C	0.021685
rxn:2:144340:109866	Cc1c(C(C)NC(C)c2cc(=O)[nH]c(-c3ccccn3)n2)cnn1C1CCOCC1	0.021681
rxn:2:157350:67313	Cc1cc(N2CCC(CNC(c3ccccc3)C(C)N(C)C)CC2)n2ncnc2c1	0.021681
rxn:2:144340:92936	CC(NC(c1nnc[nH]1)C1CCCCC1)c1cc(=O)[nH]c(-c2ccccn2)n1	0.021677
rxn:2:65970:129654	CCN1CCCc2cc(NC(C)c3ccc(-c4ccsc4)nc3C)ccc21	0.021675
rxn:2:65970:139176	CCN1CCCc2cc(NC(C)c3ccc(-c4sccc4C)cn3)ccc21	0.021675
rxn:2:72256:94554	CCC(NC1CC(c2ccc(OC)cc2)C1)c1cnn(Cc2ccccc2)c1	0.021674
rxn:2:89003:91021	CCCCC(Nc1cc(CC)nn1Cc1ccc(C)cc1)c1cnccn1	0.021673
rxn:2:76690:91021	CCCCC(Nc1nc(Cc2ccc(C)cc2)cn1CC)c1cnccn1	0.021673
rxn:2:76062:149170	CC(Nc1nnc(-c2cncs2)s1)c1ccc(-c2ccc(=O)[nH]n2)s1	0.021667
rxn:2:76062:148125	CC(Nc1nnc(-c2cncs2)s1)c1ccc(-c2cnc[nH]c2=O)s1	0.021667
rxn:2:163553:110989	Cc1cc2c(cc1C(NC(C)c1ccnc(S(C)(=O)=O)c1)C(C)C)n(C)c(=O)n2C	0.021655
rxn:2:80138:66800	CCc1ccc(CN2CC(NC(C)c3cccc(-c4ccsc4)c3)C2)cc1	0.021650
rxn:2:116587:125732	CCC(NCCN(c1ncnc2ocnc12)C1CC1)c1cc(C)cc(OC)c1	0.021650
rxn:2:75765:85265	Cc1ccsc1C(Nc1cc(C)c2ncccc2c1)c1ccoc1	0.021643
rxn:2:76062:152359	Cc1ncc(-c2ccc(C(C)Nc3nnc(-c4cncs4)s3)s2)n1C	0.021632
rxn:2:76062:154742	Cc1cc(-c2ccc(C(C)Nc3nnc(-c4cncs4)s3)s2)n(C)n1	0.021632
rxn:2:95402:84552	CN1CC(CNC(Cc2ccncn2)c2ccco2)N(c2ccccc2)C(C)(C)C1	0.021629
rxn:2:122841:167734	CC1(Oc2ccc(NC(c3ccc4[nH]c(=O)[nH]c4c3)C3CCC3)cc2)COC1	0.021618
rxn:2:135059:155128	CCOc1ncccc1-c1cccc2c1CCC2NC1(CC)CCCCCC1	0.021617
rxn:2:76062:165128	c1cc2c(c(-c3ccsc3)c1)C(Nc1nnc(-c3cncs3)s1)CO2	0.021607
rxn:2:118642:91021	CCCCC(NCCc1nc2ccccc2n1CC1CC1)c1cnccn1	0.021607
rxn:2:72786:162491	Cc1nc2c(NC(C)c3ccc(-c4ccccc4)[nH]c3=O)ncnc2n1C	0.021606
rxn:2:118345:143157	COc1csc(-c2ccc3c(c2)OCC3NC2CCC(c3nnc(C)n3C)CC2)c1	0.021602
rxn:2:114928:74198	COc1ccc(C(C)Nc2nnc(-c3cc(C)cs3)o2)cc1OCC1CC1	0.021602
rxn:2:83754:82225	COc1ccc2cc(CNC(C)c3csc(CN4CCCC(C)C4)n3)[nH]c2c1	0.021601
rxn:2:118974:163676	COc1ccc(C(Nc2cc3ncnn3cc2C)c2ccsc2)cc1C	0.021593
rxn:2:157350:114454	CCS(=O)(=O)C(CNCC1CCN(c2cc(C)cc3ncnn23)CC1)C1CCCCC1	0.021590
rxn:2:132418:107267	Cc1c[nH]c2ncnc(NC(C)c3cccc(S(F)(F)(F)(F)F)c3)c12	0.021589
rxn:2:156652:106983	CC1(C)Cc2c(ccn2-c2nccs2)C(NC(CC2CC2)c2cccnc2)C1	0.021588
rxn:2:134864:161064	Cc1ccc(-c2nc(C(C)Nc3cncc4ncn(C)c34)cs2)cc1C	0.021586
rxn:2:119969:125732	CCC(Nc1cccc(-c2nnnn2CC(C)C)c1)c1cc(C)cc(OC)c1	0.021585
rxn:2:136809:125732	CCC(Nc1cc(-c2cnn(CC(C)C)c2)ncn1)c1cc(C)cc(OC)c1	0.021585
rxn:2:133998:73581	CC1(Oc2ccc(NC(c3cccc(C4CC4)c3)C3CC3)cc2)CCCC1	0.021584
rxn:2:72786:164637	Cc1n[nH]cc1-c1ccc2c(c1)OCC2Nc1ncnc2c1nc(C)n2C	0.021582
rxn:2:112757:91021	CCCCC(Nc1ccc(Cc2cc(C)nc(C)c2)cc1)c1cnccn1	0.021569
rxn:2:131385:105110	CCCCC(Nc1cc(Cc2ccc(C)cc2)ncn1)c1ncccc1C	0.021569
rxn:2:130801:154155	CS(=O)(=O)n1cc(-c2ccc3c(c2)C(NCCc2nncn2C2CC2)CO3)cn1	0.021567
rxn:2:118713:80526	CCOc1c(C(C)Nc2ccc(-n3cnc(C)c3)c(OC)c2)cnn1C(C)(C)C	0.021559
rxn:2:81887:93503	CCc1c(NC(C)CCCc2ccc3c(c2)OCCO3)nc(N2CCOCC2)[nH]c1=O	0.021558
rxn:2:81887:165043	CCc1c(NC(C)c2ccc3ccc(OC)cc3n2)nc(N2CCOCC2)[nH]c1=O	0.021554
rxn:2:81887:146868	CCc1c(NC(C)c2ccc3cc(OC)ccc3n2)nc(N2CCOCC2)[nH]c1=O	0.021554
rxn:2:154196:92890	CCc1ccc(C(C)Nc2c(C3CC3)c(C)nn2-c2ncc(C)cc2C)s1	0.021542
rxn:2:154196:103336	CCc1csc(C(C)Nc2c(C3CC3)c(C)nn2-c2ncc(C)cc2C)c1	0.021542
rxn:2:86541:153276	CC(C)Oc1cncc(-c2ccc(C(C)Nc3nc4c(s3)CCCC4)nc2)c1	0.021542
rxn:2:147092:83002	Cc1ccc2nc(-c3cn[nH]c3NC3CCC4(CCC(C)C4)CC3)[nH]c2c1	0.021540
rxn:2:163553:87151	Cc1cc2c(cc1C(NC1CC(c3cccc(C)c3C)C1)C(C)C)n(C)c(=O)n2C	0.021538
rxn:2:96728:94554	COc1ccc(C2CC(Nc3nnc(COc4cccc(C)c4C)s3)C2)cc1	0.021537
rxn:2:166860:79514	CCCc1nn(-c2ccnc(C(C)C)c2)cc1NC1CCCC1CN1CCOC(C)C1	0.021530
rxn:2:113069:162733	Cc1cc2cccnc2c(NC(C)c2ccc(-c3ncc[nH]c3=O)cn2)n1	0.021525
rxn:2:101804:162733	Cc1cc2ncccc2nc1NC(C)c1ccc(-c2ncc[nH]c2=O)cn1	0.021525
rxn:2:112655:162733	Cc1nc2ncccc2cc1NC(C)c1ccc(-c2ncc[nH]c2=O)cn1	0.021525
rxn:2:120155:162733	Cc1cc(NC(C)c2ccc(-c3ncc[nH]c3=O)cn2)nc2cccnc12	0.021525
rxn:2:78415:162733	Cc1cc(NC(C)c2ccc(-c3ncc[nH]c3=O)cn2)cc2nccnc12	0.021525
rxn:2:119567:162733	Cc1cc(NC(C)c2ccc(-c3ncc[nH]c3=O)cn2)c2ncccc2n1	0.021525
rxn:2:139108:162733	Cc1cncc2cc(NC(C)c3ccc(-c4ncc[nH]c4=O)cn3)cnc12	0.021525
rxn:2:81255:162733	Cc1cc(NC(C)c2ccc(-c3ncc[nH]c3=O)cn2)c2cccnc2n1	0.021525
rxn:2:94688:162733	Cc1ccc(NC(C)c2ccc(-c3ncc[nH]c3=O)cn2)c2nccnc12	0.021525
rxn:2:96845:162733	Cc1cccc2cnc(NC(C)c3ccc(-c4ncc[nH]c4=O)cn3)nc12	0.021525
rxn:2:128453:73581	CCOc1cccc(C2(C(C)NC(c3cccc(C4CC4)c3)C3CC3)COC2)c1	0.021521
rxn:2:78955:162733	Cc1cc(NC(C)c2ccc(-c3ncc[nH]c3=O)cn2)cc2ccsc12	0.021520
rxn:2:87434:172564	CCOc1ccc(-c2ccc(C(C)N[C@H]3CCN(CC4CC4)C3)s2)cc1CC	0.021519
rxn:2:111199:172564	CCOc1ccc(-c2ccc(C(C)NC3CCN(CC4CC4)C3)s2)cc1CC	0.021519
rxn:2:114484:172564	CCOc1ccc(-c2ccc(C(C)N[C@@H]3CCN(CC4CC4)C3)s2)cc1CC	0.021519
rxn:2:77554:156750	COc1cc(-c2ccco2)cnc1C(C)Nc1cccn(C2CCCCC2)c1=O	0.021518
rxn:2:167962:89151	c1coc(-c2nc3ccccn3c2NC2CCc3cc4c(cc32)OCC4)c1	0.021512
rxn:2:138123:73581	CCC(CCc1ccc(C)cc1)NC(c1cccc(C2CC2)c1)C1CC1	0.021503
rxn:2:114893:123692	CCC(Nc1cc(-c2nnnn2CC(C)C)ccn1)c1ccc(COC)cc1	0.021503
rxn:2:123275:71484	COc1c(C(C)Nc2ccc(SC34CC(C3)C4)cc2)ccc2occc12	0.021499
rxn:2:82403:144580	CCCS(=O)(=O)c1cnc(C)nc1NC1CCCc2nc(-c3cnoc3C)sc21	0.021496
rxn:2:82675:149207	c1cc(-c2ccc3c(c2)CCC(NCC2CCOC4(CCC4)C2)C3)c2cn[nH]c2c1	0.021496
rxn:2:76062:121446	Cc1ncc(-c2ccc(C(C)Nc3nnc(-c4cncs4)s3)s2)cn1	0.021495
rxn:2:76062:160850	Cc1ccnc(-c2ccc(C(C)Nc3nnc(-c4cncs4)s3)s2)n1	0.021495
rxn:2:76062:168163	Cc1cncnc1-c1ccc(C(C)Nc2nnc(-c3cncs3)s2)s1	0.021495
rxn:2:149062:102518	CC(N[C@@H]1CCN(c2ncnc3ccccc23)C1)c1cccc2scnc12	0.021487
rxn:2:118713:141727	CCCC(Nc1ccc(-n2cnc(C)c2)c(OC)c1)c1cccc(C)c1C	0.021479
rxn:2:102149:149207	c1cc(-c2ccc3c(c2)CCC(NC2CCOC4(CCSC4)C2)C3)c2cn[nH]c2c1	0.021477
rxn:2:132418:142553	Cc1cccc(-c2cc(C(C)Nc3ncnc4[nH]cc(C)c34)ccn2)c1	0.021458
rxn:2:132418:156671	Cc1ccc(C(C)Nc2ncnc3[nH]cc(C)c23)cc1-c1ccncc1	0.021458
rxn:2:132418:153319	Cc1ccc(C(C)Nc2ncnc3[nH]cc(C)c23)cc1-c1ccccn1	0.021458
rxn:2:70355:162733	Cc1cccc2cc(NC(C)c3ccc(-c4ncc[nH]c4=O)cn3)cnc12	0.021456
rxn:2:95307:162733	Cc1cc(NC(C)c2ccc(-c3ncc[nH]c3=O)cn2)c2ncccc2c1	0.021456
rxn:2:122144:162733	Cc1ccc2cccnc2c1NC(C)c1ccc(-c2ncc[nH]c2=O)cn1	0.021456
rxn:2:87813:162733	Cc1c(NC(C)c2ccc(-c3ncc[nH]c3=O)cn2)ccc2cccnc12	0.021456
rxn:2:77264:162733	Cc1cc2ncccc2cc1NC(C)c1ccc(-c2ncc[nH]c2=O)cn1	0.021456
rxn:2:93068:162733	Cc1cc2cccnc2cc1NC(C)c1ccc(-c2ncc[nH]c2=O)cn1	0.021456
rxn:2:114446:162733	Cc1ccc(NC(C)c2ccc(-c3ncc[nH]c3=O)cn2)c2ncccc12	0.021456
rxn:2:131100:162733	Cc1ccc(NC(C)c2ccc(-c3ncc[nH]c3=O)cn2)c2cccnc12	0.021456
rxn:2:128093:162733	Cc1cnc2c(NC(C)c3ccc(-c4ncc[nH]c4=O)cn3)cccc2c1	0.021456
rxn:2:68447:162733	Cc1ccc2ncccc2c1NC(C)c1ccc(-c2ncc[nH]c2=O)cn1	0.021456
rxn:2:76845:162733	Cc1ccnc2c(NC(C)c3ccc(-c4ncc[nH]c4=O)cn3)cccc12	0.021456
rxn:2:119922:162733	Cc1cccc2ccnc(NC(C)c3ccc(-c4ncc[nH]c4=O)cn3)c12	0.021456
rxn:2:137370:162733	Cc1nccc2cc(NC(C)c3ccc(-c4ncc[nH]c4=O)cn3)ccc12	0.021456
rxn:2:141884:162733	Cc1cccc2c(NC(C)c3ccc(-c4ncc[nH]c4=O)cn3)ccnc12	0.021456
rxn:2:75765:154362	Cc1cc(NC(C)c2ccc(-c3cc(=O)[nH]cn3)cn2)cc2cccnc12	0.021456
rxn:2:75765:105552	Cc1nsc(-c2ccc(C(C)Nc3cc(C)c4ncccc4c3)nc2)n1	0.021452
rxn:2:125350:155128	CCOc1ncccc1-c1cccc2c1CCC2NC12CC(C1)Oc1ccccc12	0.021451
rxn:2:118713:102408	COc1cc(NC(C)CCSc2ccccc2)ccc1-n1cnc(C)c1	0.021440
rxn:2:125610:168163	Cc1cccc(N2CCN(C)C(CNC(C)c3ccc(-c4ncncc4C)s3)C2)c1	0.021437
rxn:2:92247:125732	CCCn1nnnc1-c1ccc(CNC(CC)c2cc(C)cc(OC)c2)cc1	0.021433
rxn:2:81847:96141	CC(NC1CN(c2ncnc3ccsc23)C1)c1cccc(-n2cccn2)c1	0.021421
rxn:2:114893:104184	CCCC(Nc1cc(-c2nnnn2CC(C)C)ccn1)c1cc(C)cc(C)c1	0.021420
rxn:2:142401:132751	Cc1ccc2cc(CC(C)(C)CNC3CC(c4noc(C5CC5)n4)C3)ccc2n1	0.021414
rxn:2:121630:154155	CC[C@H](NC1COc2ccc(-c3cnn(S(C)(=O)=O)c3)cc21)c1c(C)cccc1C	0.021410
rxn:2:66676:82225	CC1CCCN(Cc2nc(C(C)N[C@H]3CCC4CN(Cc5ccccc5)CC43)cs2)C1	0.021409
rxn:2:164700:156750	COc1cc(-c2ccco2)cnc1C(C)Nc1cccn(C2CCS(=O)(=O)C2)c1=O	0.021407
rxn:2:129582:91021	CCCCC(Nc1cc(COCc2ccccc2)ncn1)c1cnccn1	0.021407
rxn:2:75765:66141	Cc1cc(NC(C)c2cnc(-c3ccccc3)cn2)cc2cccnc12	0.021401
rxn:2:136481:94554	COc1ccc(C2CC(Nc3cnn(Cc4ccc(C(C)C)cc4)c3)C2)cc1	0.021395
rxn:2:90357:94554	COc1ccc(C2CC(Nc3cnn(Cc4cccc(C(C)C)c4)c3)C2)cc1	0.021395
rxn:2:155066:128188	COc1ccc2nc(-c3nonc3NC(C)c3ccc[nH]c3=O)sc2c1	0.021391
rxn:2:155066:112230	COc1ccc2nc(-c3nonc3NC(C)c3cccc(=O)[nH]3)sc2c1	0.021391
rxn:2:76062:150793	CC(Nc1nnc(-c2cncs2)s1)c1ccc(-c2cc(=O)cc[nH]2)s1	0.021389
rxn:2:76062:154412	CC(Nc1nnc(-c2cncs2)s1)c1ccc(-c2ccc[nH]c2=O)s1	0.021389
rxn:2:66559:107408	CC(Nc1nnc(-c2ccco2)s1)c1ccc(-c2ccsc2)s1	0.021389
rxn:2:122492:107408	CC(Nc1nnc(-c2ccoc2)s1)c1ccc(-c2ccsc2)s1	0.021389
rxn:2:129548:112142	CCOc1ccc(CCC(C)NCc2sc3[nH]nc(CC)c3c2C)cc1	0.021387
rxn:2:106157:149207	c1cc(-c2ccc3c(c2)CCC(NC2CCC4(CC2)COCCO4)C3)c2cn[nH]c2c1	0.021386
rxn:2:102667:149207	c1cc(-c2ccc3c(c2)CCC(NC2CCOC4(CCCOC4)C2)C3)c2cn[nH]c2c1	0.021386
rxn:2:71005:149207	c1cc(-c2ccc3c(c2)CCC(NC2CCOC4(CCOCC4)C2)C3)c2cn[nH]c2c1	0.021386
rxn:2:114503:117072	CCC(NCC1CCC(c2nnc(C)n2CC)CC1)c1cccc2occc12	0.021384
rxn:2:122841:131340	Cc1cccc(C(Nc2ccc(OC3(C)COC3)cc2)C2CCCCCC2)c1	0.021380
rxn:2:122841:126196	Cc1ccc(C(Nc2ccc(OC3(C)COC3)cc2)C2CCCCCC2)cc1	0.021380
rxn:2:77669:153606	COc1cc(-c2cnc(C(C)NC3(c4nccs4)CCCC3)s2)ccc1C	0.021375
rxn:2:127178:156750	COc1cc(-c2ccco2)cnc1C(C)Nc1cccn(CC2CCCC2)c1=O	0.021372
rxn:2:79824:156750	COc1cc(-c2ccco2)cnc1C(C)Nc1cccn(CC2(C)CCC2)c1=O	0.021372
rxn:2:108663:112899	CCc1ccc(-c2cc(NC3CCc4c3ccc3c4CCC3)cs2)cc1	0.021370
rxn:2:81887:143215	CCc1c(NC(C)c2oc3ccc(OC)cc3c2C)nc(N2CCOCC2)[nH]c1=O	0.021363
rxn:2:73868:124477	Cc1ccc(S(=O)(=O)CC2CC(NCc3sc(-c4cnccn4)nc3C)C2)cc1	0.021357
rxn:2:114893:118830	COCC(Nc1cc(-c2nnnn2CC(C)C)ccn1)c1c(C)cc(C)cc1C	0.021354
rxn:2:168419:66368	Cn1c2c(ccc1=O)C(NCc1ccc3c(c1)c1cnccc1n3C)CCC2	0.021353
rxn:2:72786:150997	Cc1[nH]c2cc3c(cc2c1C(C)Nc1ncnc2c1nc(C)n2C)CCC3	0.021346
rxn:2:116763:162733	Cc1nc(NC(C)c2ccc(-c3ncc[nH]c3=O)cn2)c2ncccc2n1	0.021343
rxn:2:97882:162733	Cc1nnc(NC(C)c2ccc(-c3ncc[nH]c3=O)cn2)c2cccnc12	0.021343
rxn:2:121462:162733	CC(Nc1cc2cccnc2[nH]1)c1ccc(-c2ncc[nH]c2=O)cn1	0.021340
rxn:2:120698:168163	Cc1cncnc1-c1ccc(C(C)NCC2CN(C)C(C)CN2c2ccccc2)s1	0.021338
rxn:2:149062:128724	CC(N[C@@H]1CCN(c2ncnc3ccccc23)C1)c1nc2cncnc2[nH]1	0.021333
rxn:2:114210:107408	CC(Nc1nnc(-c2nccs2)s1)c1ccc(-c2ccsc2)s1	0.021333
rxn:2:68775:107408	CC(Nc1nnc(-c2cscn2)s1)c1ccc(-c2ccsc2)s1	0.021333
rxn:2:76062:92488	CC(Nc1nnc(-c2cncs2)s1)c1cc(-c2ccsc2)cs1	0.021333
rxn:2:76062:110041	CC(Nc1nnc(-c2cncs2)s1)c1csc(-c2ccsc2)c1	0.021333
rxn:2:76062:122855	CC(Nc1nnc(-c2cncs2)s1)c1ccc(-c2cccs2)s1	0.021333
rxn:2:154196:68923	Cc1cnc(-n2nc(C)c(C3CC3)c2NC(C)c2cc3c(s2)CCC3)c(C)c1	0.021327
rxn:2:123275:165214	Cn1ccnc1-c1ccc2c(c1)C(Nc1ccc(SC34CC(C3)C4)cc1)CC2	0.021326
rxn:2:137927:166390	Cc1cncc(-c2ccc3c(c2)CCCC3NC2(Cn3cccn3)CC(F)(F)C2)c1	0.021319
rxn:2:127834:172564	CCOc1ccc(-c2ccc(C(C)NC3CCN(C(C)C)CC3)s2)cc1CC	0.021318
rxn:2:109256:172564	CCOc1ccc(-c2ccc(C(C)NC3CCCCN(CC)C3)s2)cc1CC	0.021313
rxn:2:155541:93200	COc1ccc2nc3[nH]nc(NC(C)c4cc[nH]c(=O)c4)c3cc2c1	0.021309
rxn:2:142401:135431	COCc1nc(C2CC(NCC(C)(C)Cc3ccc4nc(C)ccc4c3)C2)no1	0.021307
rxn:2:98982:147610	COc1cccc(-c2cnn3c(C)c(C(C)NCC4CCCC4N(C)C)cnc23)c1	0.021306
rxn:2:118713:80217	COc1cc(NC(C)c2cccc3nccnc23)ccc1-n1cnc(C)c1	0.021306
rxn:2:108760:125732	CCC(NC1(c2ccccc2)Cc2ccccc2C1)c1cc(C)cc(OC)c1	0.021306
rxn:2:157350:113762	Cc1cc(N2CCC(CNC3CCc4cc(C(C)(C)C)ccc43)CC2)n2ncnc2c1	0.021306
rxn:2:157350:139483	Cc1cc(N2CCC(CNC3CCc4ccc(C(C)(C)C)cc43)CC2)n2ncnc2c1	0.021306
rxn:2:157350:139581	Cc1cc(N2CCC(CNC3CCOc4ccc(C(C)C)cc43)CC2)n2ncnc2c1	0.021300
rxn:2:155066:91421	COc1ccc2nc(-c3nonc3NC3c4cncn4CC3(C)C)sc2c1	0.021285
rxn:2:72786:146198	Cc1nc2c(NC(C)c3ccc4c5c([nH]c4c3)CCCC5)ncnc2n1C	0.021265
rxn:2:118713:126068	C=C=Cc1cnn(C2CCC(Nc3ccc(-n4cnc(C)c4)c(OC)c3)CC2)c1	0.021262
rxn:2:118713:130245	COc1cc(NC(c2cccc(C)c2C)C2(C)CC2)ccc1-n1cnc(C)c1	0.021259
rxn:2:118713:100834	COc1cc(NC(c2cccc(C)c2C)C2CCC2)ccc1-n1cnc(C)c1	0.021259
rxn:2:118713:104534	COc1cc(NC(c2c(C)cccc2C)C2(C)CC2)ccc1-n1cnc(C)c1	0.021259
rxn:2:81887:147091	CCc1c(NC(C)c2ccc3nc(OC)cnc3c2)nc(N2CCOCC2)[nH]c1=O	0.021258
rxn:2:81887:158906	CCc1c(NC(C)c2ccc3ncc(OC)nc3c2)nc(N2CCOCC2)[nH]c1=O	0.021258
rxn:2:147500:87151	Cc1cccc(C2CC(NC(C)c3cnn(Cc4ccc5c(c4)OCO5)c3)C2)c1C	0.021255
rxn:2:95402:141436	CC(NCC1CN(C)CC(C)(C)N1c1ccccc1)c1ccc(-c2cnn(C)c2)s1	0.021253
rxn:2:95402:67917	CC(NCC1CN(C)CC(C)(C)N1c1ccccc1)c1ccc(-c2ccnn2C)s1	0.021253
rxn:2:103072:155128	CCOc1ncccc1-c1cccc2c1CCC2NCC1(C)CC2(CC(F)(F)C2)C1	0.021251
rxn:2:157350:152995	Cc1cc(N2CCC(CNC3CCc4ccc(S(C)(=O)=O)cc43)CC2)n2ncnc2c1	0.021243
rxn:2:87680:91021	CCCCC(Nc1cc(COc2ccc(C)cc2)ccn1)c1cnccn1	0.021242
rxn:2:109185:168163	Cc1cncnc1-c1ccc(C(C)NCC2CC(Cc3ccccc3)N(C)C2)s1	0.021240
rxn:2:102205:113949	CCc1cc(OC)ccc1C(NCC1CC1CN1CCc2ccccc2C1)C1CC1	0.021232
rxn:2:114893:122654	CCOc1cccc(C(CC)Nc2cc(-c3nnnn3CC(C)C)ccn2)c1	0.021230
rxn:2:114893:112669	CCCC(Nc1cc(-c2nnnn2CC(C)C)ccn1)c1cccc(OC)c1	0.021230
rxn:2:114893:104390	CCOc1ccc(C(CC)Nc2cc(-c3nnnn3CC(C)C)ccn2)cc1	0.021230
rxn:2:114893:114018	CCCC(Nc1cc(-c2nnnn2CC(C)C)ccn1)c1ccc(OC)cc1	0.021230
rxn:2:139659:160406	Cc1cc(-c2cnc(C)c(C)c2)ccc1C(C)NCCC1CC1c1c[nH]cn1	0.021228
rxn:2:89454:160406	Cc1cc(-c2cnc(C)c(C)c2)ccc1C(C)NCCC1CC1c1cc[nH]n1	0.021228
rxn:2:116138:160406	Cc1cc(-c2cnc(C)c(C)c2)ccc1C(C)NCCC1CC1c1ncc[nH]1	0.021228
rxn:2:114429:160406	Cc1cc(-c2cnc(C)c(C)c2)ccc1C(C)NCCC1CC1c1cn[nH]c1	0.021228
rxn:2:95402:82933	CC(NCC1CN(C)CC(C)(C)N1c1ccccc1)c1ccc(-c2cnccn2)s1	0.021227
rxn:2:95402:125314	CC(NCC1CN(C)CC(C)(C)N1c1ccccc1)c1cnc(-c2ccncc2)s1	0.021227
rxn:2:95402:70415	CC(NCC1CN(C)CC(C)(C)N1c1ccccc1)c1ncc(-c2ccncc2)s1	0.021227
rxn:2:95402:100098	CC(NCC1CN(C)CC(C)(C)N1c1ccccc1)c1cnc(-c2cccnc2)s1	0.021227
rxn:2:110181:149207	c1cc(-c2ccc3c(c2)CCC(NC2CCC4(CCCO4)CC2)C3)c2cn[nH]c2c1	0.021220
rxn:2:124440:149207	c1cc(-c2ccc3c(c2)CCC(NC2CCCC24CCCCO4)C3)c2cn[nH]c2c1	0.021220
rxn:2:100442:149207	c1cc(-c2ccc3c(c2)CCC(NC2CCOC4(CCCC4)C2)C3)c2cn[nH]c2c1	0.021220
rxn:2:109282:149207	c1cc(-c2ccc3c(c2)CCC(N[C@H]2CCOC4(CCCC4)C2)C3)c2cn[nH]c2c1	0.021220
rxn:2:131633:149207	c1cc(-c2ccc3c(c2)CCC(N[C@@H]2CCOC4(CCCC4)C2)C3)c2cn[nH]c2c1	0.021220
rxn:2:92420:149207	c1cc(-c2ccc3c(c2)CCC(NC2COC4(CCCCC4)C2)C3)c2cn[nH]c2c1	0.021220
rxn:2:89553:149207	c1cc(-c2ccc3c(c2)CCC(NC2CCOC24CCCCC4)C3)c2cn[nH]c2c1	0.021220
rxn:2:154196:141908	Cc1cnc(-n2nc(C)c(C3CC3)c2NC(C)c2cnc(C3CC3)s2)c(C)c1	0.021218
rxn:2:114503:131807	CCn1c(C)nnc1C1CCC(CNC(C)c2cccc(-c3cn[nH]c3)c2)CC1	0.021217
rxn:2:135530:162733	CC(NCc1cccc2cccnc12)c1ccc(-c2ncc[nH]c2=O)cn1	0.021217
rxn:2:106104:73581	CC(C)c1cc(OC2(C)COC2)c(NC(c2cccc(C3CC3)c2)C2CC2)cn1	0.021215
rxn:2:149062:136054	Cc1cc2cc(C(C)N[C@@H]3CCN(c4ncnc5ccccc45)C3)ccn2n1	0.021214
rxn:2:147092:141971	Cc1ccc2nc(-c3cn[nH]c3NC3CCC4(CC3)C(F)(F)C43CC3)[nH]c2c1	0.021214
rxn:2:147500:90810	COc1cccc(C2CC(NC(C)c3cnn(Cc4ccc5c(c4)OCO5)c3)C2)c1	0.021211
rxn:2:147500:108304	COc1ccc(C2CCC2NC(C)c2cnn(Cc3ccc4c(c3)OCO4)c2)cc1	0.021211
rxn:2:147500:125067	COc1ccccc1C1CC(NC(C)c2cnn(Cc3ccc4c(c3)OCO4)c2)C1	0.021211
rxn:2:147500:114201	COc1cccc(C2CCC2NC(C)c2cnn(Cc3ccc4c(c3)OCO4)c2)c1	0.021211
rxn:2:122750:125732	CCC(Nc1cc(-c2cnn(CCOC)c2)ccn1)c1cc(C)cc(OC)c1	0.021190
rxn:2:157350:115212	COc1cc2c(cc1OC)C(NCC1CCN(c3cc(C)cc4ncnn34)CC1)CC2	0.021187
rxn:2:157350:120541	COc1cc2c(cc1C(C)NCC1CCN(c3cc(C)cc4ncnn34)CC1)OCC2	0.021187
rxn:2:149062:75791	CC(N[C@@H]1CCN(c2ncnc3ccccc23)C1)c1ccc2nccnc2c1	0.021179
rxn:2:114503:117415	CCc1ccc(C(CC2CC2)NCC2CCC(c3nnc(C)n3CC)CC2)s1	0.021163
rxn:2:157350:104905	Cc1cc(N2CCC(CNC3CCCc4cc5c(cc43)OCCO5)CC2)n2ncnc2c1	0.021159
rxn:2:73558:66800	CC(NC1C2CC1CN(Cc1ccccc1)C2)c1cccc(-c2ccsc2)c1	0.021156
rxn:2:105813:66800	CC(N[C@H]1[C@@H]2C[C@H]1CN(Cc1ccccc1)C2)c1cccc(-c2ccsc2)c1	0.021156
rxn:2:129929:66800	CC(N[C@@H]1[C@@H]2C[C@H]1CN(Cc1ccccc1)C2)c1cccc(-c2ccsc2)c1	0.021156
rxn:2:118713:101612	COc1cc(NC(C)c2cccc(C)c2OC(C)C)ccc1-n1cnc(C)c1	0.021151
rxn:2:118713:77699	COc1cc(NC(C)c2c(C)cccc2OC(C)C)ccc1-n1cnc(C)c1	0.021151
rxn:2:118713:109097	COc1cc(NC(c2cccc(C)c2C)C(C)(C)C)ccc1-n1cnc(C)c1	0.021144
rxn:2:129899:149207	c1cc(-c2ccc3c(c2)CCC(NCC2CC4(CCCCC4)O2)C3)c2cn[nH]c2c1	0.021138
rxn:2:103471:66800	CC(NC(C)(C)CCc1ccsc1)c1cccc(-c2ccsc2)c1	0.021135
rxn:2:108602:160406	Cc1cc(-c2cnc(C)c(C)c2)ccc1C(C)NCCC1CC1c1cnoc1	0.021134
rxn:2:154196:68868	Cc1cnc(-n2nc(C)c(C3CC3)c2NC(C)c2ccc(S(C)(=O)=O)s2)c(C)c1	0.021133
rxn:2:90440:151269	Cc1nsc2cc(NC3CCc4c(-c5cncnc5)cccc43)ccc12	0.021130
rxn:2:144841:93200	Cc1ccc2[nH]c(-c3nonc3NC(C)c3cc[nH]c(=O)c3)nc2c1	0.021123
rxn:2:114036:160053	Cn1ncc2c(N3CCC(Nc4ccc(S(=O)(=O)C56CC(C5)C6)cc4)CC3)ncnc21	0.021118
rxn:2:100527:124477	COc1ccnc(-c2nsc(NC3CC(CS(=O)(=O)c4ccc(C)cc4)C3)n2)c1	0.021107
rxn:2:120707:124477	COc1ccc(-c2nsc(NC3CC(CS(=O)(=O)c4ccc(C)cc4)C3)n2)nc1	0.021107
rxn:2:87814:124477	COc1cccc(-c2nsc(NC3CC(CS(=O)(=O)c4ccc(C)cc4)C3)n2)n1	0.021107
rxn:2:100653:124477	COc1cccnc1-c1nsc(NC2CC(CS(=O)(=O)c3ccc(C)cc3)C2)n1	0.021107
rxn:2:147092:90590	Cc1ccc2nc(-c3cn[nH]c3NC3CCC4(CCCCC4)CC3)[nH]c2c1	0.021106
rxn:2:147500:111413	CCC(NC(C)c1cnn(Cc2ccc3c(c2)OCO3)c1)c1ccc(OC)cc1	0.021099
rxn:2:114503:110396	CCC1CCCN(CCCC(C)NCC2CCC(c3nnc(C)n3CC)CC2)C1	0.021091
rxn:2:157350:67441	CCOc1ccc2c(c1)C(NCC1CCN(c3cc(C)cc4ncnn34)CC1)CCO2	0.021090
rxn:2:124004:156750	COc1cc(-c2ccco2)cnc1C(C)Nc1cccn(CC2CCOCC2)c1=O	0.021089
rxn:2:76062:151641	CC(Nc1nnc(-c2cncs2)s1)c1ccc(-c2ccc(=O)n(C)n2)s1	0.021088
rxn:2:146705:134526	CC(Nc1ncnc2c1ncn2-c1ccsc1)c1cc2c([nH]c1=O)CCC2	0.021079
rxn:2:147500:88106	Cc1ccc([C@@H]2CCC(NC(C)c3cnn(Cc4ccc5c(c4)OCO5)c3)C2)cc1	0.021075
rxn:2:147500:97710	Cc1ccc([C@H]2CCC(NC(C)c3cnn(Cc4ccc5c(c4)OCO5)c3)C2)cc1	0.021075
rxn:2:147500:113546	Cc1ccc(C2CCC(NC(C)c3cnn(Cc4ccc5c(c4)OCO5)c3)C2)cc1	0.021075
rxn:2:75765:147719	Cc1cc(NC(C)c2ccc(-c3cnc(C)n3C)cn2)cc2cccnc12	0.021066
rxn:2:89820:96141	CC(NC1CC1c1ccnc2ccccc12)c1cccc(-n2cccn2)c1	0.021046
rxn:2:117210:74191	COc1ccnc(C(Nc2ncc(-c3ccc(OC)c(OC)c3)s2)C2CC2)c1	0.021046
rxn:2:109083:91021	CCCCC(NCc1cc(Cc2ccc(C)cc2)cs1)c1cnccn1	0.021042
rxn:2:123842:153276	CC(C)Oc1cncc(-c2ccc(C(C)Nc3nc4c(s3)CSCC4)nc2)c1	0.021030
rxn:2:147500:77187	CC(NC1CC(c2ccc3c(c2)CCO3)C1)c1cnn(Cc2ccc3c(c2)OCO3)c1	0.021024
rxn:2:97973:66800	CC(NC1CN(CCCc2ccccc2)C1)c1cccc(-c2ccsc2)c1	0.021017
rxn:2:159997:134526	CC(Nc1cccn2nc(-c3cccs3)nc12)c1cc2c([nH]c1=O)CCC2	0.021003
rxn:2:166860:75846	CCCc1nn(-c2ccnc(C(C)C)c2)cc1NC(CC)CCC1CCCO1	0.021003
rxn:2:136101:168163	Cc1cncnc1-c1ccc(C(C)NCC2CN(c3ccccc3)CCS2(=O)=O)s1	0.021003
rxn:2:119944:153276	CCOC(C)(CNC(C)c1ccc(-c2cncc(OC(C)C)c2)cn1)C1CC1C	0.021003
rxn:2:119228:124477	CCc1ccnc(-c2nsc(NC3CC(CS(=O)(=O)c4ccc(C)cc4)C3)n2)c1	0.020996
rxn:2:85930:124477	CCc1ccc(-c2nsc(NC3CC(CS(=O)(=O)c4ccc(C)cc4)C3)n2)nc1	0.020996
rxn:2:125638:124477	CCc1cccc(-c2nsc(NC3CC(CS(=O)(=O)c4ccc(C)cc4)C3)n2)n1	0.020996
rxn:2:132680:124477	CCc1cccnc1-c1nsc(NC2CC(CS(=O)(=O)c3ccc(C)cc3)C2)n1	0.020996
rxn:2:156652:99300	CC(CCCc1cccnc1)NC1CC(C)(C)Cc2c1ccn2-c1nccs1	0.020993
rxn:2:140730:99619	CCCC(CSc1ccc(C)c(C)c1)Nc1ccnc2ccsc12	0.020992
rxn:2:123275:154798	COc1ccc2ccnc(C(C)Nc3ccc(SC45CC(C4)C5)cc3)c2c1	0.020992
rxn:2:70081:73581	Cc1cccc2cc(C(C)NC(c3cccc(C4CC4)c3)C3CC3)cnc12	0.020989
rxn:2:102205:66415	c1ccc(C(NCC2CC2CN2CCc3ccccc3C2)C2CCCCCC2)nc1	0.020982
rxn:2:106286:160406	Cc1cc(-c2cnc(C)c(C)c2)ccc1C(C)NCCN1CCCC(C(C)(F)F)C1	0.020981
rxn:2:132418:136047	Cc1cc(C(C)Nc2ncnc3[nH]cc(C)c23)ccc1-c1ncc[nH]1	0.020977
rxn:2:73928:73581	CCC1(COc2ccc(NC(c3cccc(C4CC4)c3)C3CC3)cc2)COC1	0.020969
rxn:2:94695:160053	C[C@H](NC1CCN(c2ncnc3c2cnn3C)CC1)c1cccc(OC2CCCC2)c1	0.020968
rxn:2:112114:76082	COc1ccc(NC(C)c2cccc(C)c2C)cc1OCc1cccs1	0.020964
rxn:2:130870:107408	CC(NCC1(c2cccc(N(C)C)c2)CC1)c1ccc(-c2ccsc2)s1	0.020964
rxn:2:110622:162733	Cc1cc(NC(C)c2ccc(-c3ncc[nH]c3=O)cn2)cc2ccccc12	0.020963
rxn:2:75765:146765	Cc1cc(NC(C)c2ccc(-c3cnc(=O)[nH]c3)cc2)cc2cccnc12	0.020963
rxn:2:123151:162733	Cc1cccc2cc(NC(C)c3ccc(-c4ncc[nH]c4=O)cn3)ccc12	0.020963
rxn:2:118713:95401	COc1cc(NC(C)c2cccc3occc23)ccc1-n1cnc(C)c1	0.020962
rxn:2:118713:138272	COc1cc(NC(C)c2cccc3ccoc23)ccc1-n1cnc(C)c1	0.020962
rxn:2:157350:88169	Cc1cc(N2CCC(CNC(c3ccc4c(c3)CCO4)C(C)C)CC2)n2ncnc2c1	0.020959
rxn:2:155066:138254	COc1ccc2nc(-c3nonc3NC(C)c3cccc(C)c3)sc2c1	0.020959
rxn:2:155066:104878	COc1ccc2nc(-c3nonc3NC(C)c3ccc(C)cc3)sc2c1	0.020959
rxn:2:149062:82325	CC(N[C@@H]1CCN(c2ncnc3ccccc23)C1)c1ccc2ncccc2c1	0.020954
rxn:2:149062:126689	CC(N[C@@H]1CCN(c2ncnc3ccccc23)C1)c1ccc2cccnc2c1	0.020954
rxn:2:99826:66800	COc1ccc(CN2CC[C@H](NC(C)c3cccc(-c4ccsc4)c3)C2)cc1	0.020950
rxn:2:125571:66800	COc1ccc(CN2CC[C@@H](NC(C)c3cccc(-c4ccsc4)c3)C2)cc1	0.020950
rxn:2:142155:66800	COc1ccc(CN2CCC(NC(C)c3cccc(-c4ccsc4)c3)C2)cc1	0.020950
rxn:2:108554:160053	Cn1ncc2c(N3CCC(N[C@@H]4CCC5CN(Cc6ccccc6)CC54)CC3)ncnc21	0.020949
rxn:2:102205:146868	COc1ccc2nc(C(C)NCC3CC3CN3CCc4ccccc4C3)ccc2c1	0.020947
rxn:2:102205:148705	COc1ccc2c(C(C)NCC3CC3CN3CCc4ccccc4C3)nccc2c1	0.020947
rxn:2:102205:154798	COc1ccc2ccnc(C(C)NCC3CC3CN3CCc4ccccc4C3)c2c1	0.020947
rxn:2:102205:165043	COc1ccc2ccc(C(C)NCC3CC3CN3CCc4ccccc4C3)nc2c1	0.020947
rxn:2:74740:156750	COc1cc(-c2ccco2)cnc1C(C)Nc1cccn(CC2CCCCO2)c1=O	0.020946
rxn:2:72207:118774	Cc1nn(C)c2sc(C(C)NC3CCN(c4ncnc5ccsc45)C3)cc12	0.020938
rxn:2:75765:163539	Cc1cnc(-c2ccc(C(C)Nc3cc(C)c4ncccc4c3)nc2)nc1	0.020937
rxn:2:75765:151343	Cc1ccnc(-c2ccc(C(C)Nc3cc(C)c4ncccc4c3)nc2)n1	0.020937
rxn:2:75765:161266	Cc1ncncc1-c1ccc(C(C)Nc2cc(C)c3ncccc3c2)nc1	0.020937
rxn:2:129347:91021	CCCCC(Nc1cc(-c2ccc(CCC)cc2)ncn1)c1cnccn1	0.020935
rxn:2:96308:107408	CC(Nc1cc(-c2cncs2)nn1C)c1ccc(-c2ccsc2)s1	0.020933
rxn:2:155066:78139	COc1ccc2nc(-c3nonc3NC(C)c3ccn(C)c(=O)c3)sc2c1	0.020932
rxn:2:67697:124477	Cc1ccc(S(=O)(=O)CC2CC(NCc3cn(-c4cnccc4C)nc3C)C2)cc1	0.020927
rxn:2:154196:130512	Cc1cnc(-n2nc(C)c(C3CC3)c2NC2CCc3nc(C(C)(C)C)[nH]c32)c(C)c1	0.020921
rxn:2:157350:104921	Cc1cc(N2CCC(CNC3CCOc4cc5c(cc43)CCCC5)CC2)n2ncnc2c1	0.020920
rxn:2:157350:115563	Cc1cc(N2CCC(CNC3CCCOc4cc5c(cc43)CCC5)CC2)n2ncnc2c1	0.020920
rxn:2:127137:107408	Cc1oncc1-c1nnc(NC(C)c2ccc(-c3ccsc3)s2)s1	0.020919
rxn:2:79831:107408	Cc1ocnc1-c1nnc(NC(C)c2ccc(-c3ccsc3)s2)s1	0.020919
rxn:2:140880:107408	Cc1cc(-c2nnc(NC(C)c3ccc(-c4ccsc4)s3)s2)no1	0.020919
rxn:2:105566:124477	COc1ccc(-c2nsc(NC3CC(CS(=O)(=O)c4ccc(C)cc4)C3)n2)cc1	0.020917
rxn:2:113838:91021	CCCCC(Nc1nc(C)c(CCc2ccc(C)cc2)o1)c1cnccn1	0.020907
rxn:2:102205:94041	CCOc1ccc(C)cc1C(NCC1CC1CN1CCc2ccccc2C1)C1CC1	0.020902
rxn:2:118713:131671	COc1cc(NC2c3c(OC)ccc(OC)c3CC2(C)C)ccc1-n1cnc(C)c1	0.020902
rxn:2:118713:76631	COc1cc(NC(C)c2cccc3[nH]ccc23)ccc1-n1cnc(C)c1	0.020898
rxn:2:118713:117928	COc1cc(NC(C)c2cccc3cc[nH]c23)ccc1-n1cnc(C)c1	0.020898
rxn:2:83437:147610	COc1cccc(-c2cnn3c(C)c(C(C)NC4CC5(C4)CN(C(C)C)C5)cnc23)c1	0.020896
rxn:2:156652:107576	CC(CC1(c2cccnc2)COC1)NC1CC(C)(C)Cc2c1ccn2-c1nccs1	0.020891
rxn:2:147500:75715	CC(NC1CCCC(c2ccccc2)C1)c1cnn(Cc2ccc3c(c2)OCO3)c1	0.020886
rxn:2:147500:116641	CC(NC1CCC[C@@H](c2ccccc2)C1)c1cnn(Cc2ccc3c(c2)OCO3)c1	0.020886
rxn:2:147500:116994	CC(NC1CCC[C@H](c2ccccc2)C1)c1cnn(Cc2ccc3c(c2)OCO3)c1	0.020886
rxn:2:75248:156750	COc1cc(-c2ccco2)cnc1C(C)Nc1ccnc2c1[nH]c(=O)n2C	0.020885
rxn:2:74265:82225	CC1CCCN(Cc2nc(C(C)Nc3nc(C(C)(C)C)c(C(C)C)s3)cs2)C1	0.020885
rxn:2:163553:94450	Cc1cc2c(cc1C(NC(C)c1cccnc1OC(C)C)C(C)C)n(C)c(=O)n2C	0.020883
rxn:2:155066:66840	COc1ccc2nc(-c3nonc3NC3CCCC3CN3CC4CCC3C4)sc2c1	0.020879
rxn:2:147500:88113	CC(NC(CCC1CCOCC1)C(C)(C)C)c1cnn(Cc2ccc3c(c2)OCO3)c1	0.020876
rxn:2:127538:82225	CCS(=O)(=O)c1cnc(NC(C)c2csc(CN3CCCC(C)C3)n2)nc1C(C)(C)C	0.020870
rxn:2:90836:103571	CCc1ccc(N(C)c2c[nH]nc2NC(C)c2cc3c(s2)CCCC3)cc1	0.020864
rxn:2:95402:106384	CC(NCC1CN(C)CC(C)(C)N1c1ccccc1)c1cncnc1-c1ccccc1	0.020862
rxn:2:154515:93200	Cc1ccc(-c2nc3ccc(NC(C)c4cc[nH]c(=O)c4)cc3s2)s1	0.020858
rxn:2:100276:153276	CC(C)Oc1cncc(-c2ccc(C(C)Nc3nc4c(s3)CCN(C)CC4)nc2)c1	0.020853
rxn:2:66718:96141	CC(NC1CN(c2ncnc3ccccc23)C1)c1cccc(-n2cccn2)c1	0.020849
rxn:2:127054:96141	CC(NC1CN(c2cnc3ccccc3n2)C1)c1cccc(-n2cccn2)c1	0.020849
rxn:2:100556:92808	Cc1nn2ccccc2c1NC(CSc1nncn1C)c1ccc[nH]1	0.020847
rxn:2:134864:143701	CCCc1c(C(C)Nc2cncc3ncn(C)c23)oc2ccc(C)cc12	0.020840
rxn:2:97535:168163	Cc1cncnc1-c1ccc(C(C)NCC2CN(C)CCN2Cc2ccccc2)s1	0.020838
rxn:2:118713:158005	COc1cc(NC(C)c2cccc3[nH]c(=O)oc23)ccc1-n1cnc(C)c1	0.020837
rxn:2:134883:91021	CCCCC(Nc1cc(CCCc2ccccc2)ncn1)c1cnccn1	0.020837
rxn:2:76062:133379	CCCC(Nc1nnc(-c2cncs2)s1)c1cc(C)cc(C)c1OCC	0.020835
rxn:2:105315:167542	Cc1cscc1-c1nc2c(s1)C(Nc1c(C)nc3cccnn13)CCC2	0.020817
rxn:2:88306:96141	CC(NC1CCN(c2nccn3nccc23)C1)c1cccc(-n2cccn2)c1	0.020815
rxn:2:92374:154377	Cc1cn2c(NC(c3ccc(C)c(C)c3)c3occc3C)cccc2n1	0.020811
rxn:2:131385:128463	COc1cc2c(c(OC)c1OC)CCC2Nc1cc(Cc2ccc(C)cc2)ncn1	0.020810
rxn:2:87936:107408	CC(Nc1nnc(-c2ccncc2)s1)c1ccc(-c2ccsc2)s1	0.020804
rxn:2:107913:107408	CC(Nc1nnc(-c2cccnc2)s1)c1ccc(-c2ccsc2)s1	0.020804
rxn:2:96594:107408	CC(Nc1ccnc(-c2cncs2)n1)c1ccc(-c2ccsc2)s1	0.020804
rxn:2:126270:107408	CC(Nc1nnc(-c2ccccn2)s1)c1ccc(-c2ccsc2)s1	0.020804
rxn:2:76062:77974	CC(Nc1nnc(-c2cncs2)s1)c1ccc(-c2ccccc2)s1	0.020804
rxn:2:76062:96010	CC(Nc1nnc(-c2cncs2)s1)c1ccc(-c2ccsc2)cc1	0.020804
rxn:2:76062:101065	CC(Nc1nnc(-c2cncs2)s1)c1ccccc1-c1ccsc1	0.020804
rxn:2:76062:66800	CC(Nc1nnc(-c2cncs2)s1)c1cccc(-c2ccsc2)c1	0.020804
rxn:2:76062:82538	CC(Nc1nnc(-c2cncs2)s1)c1cc(-c2ccccc2)cs1	0.020804
rxn:2:95402:93716	Cc1nnc(-c2ccc(C(C)NCC3CN(C)CC(C)(C)N3c3ccccc3)s2)[nH]1	0.020803
rxn:2:157350:130127	CSc1ccc2c(c1)OCCC2NCC1CCN(c2cc(C)cc3ncnn23)CC1	0.020802
rxn:2:157350:117727	CSc1ccc2c(c1)C(NCC1CCN(c3cc(C)cc4ncnn34)CC1)CCO2	0.020802
rxn:2:76062:160978	CC(Nc1nnc(-c2cncs2)s1)c1ccc(-c2cn(C)ccc2=O)s1	0.020801
rxn:2:80146:124477	Cc1ccc(S(=O)(=O)CC2CC(NCc3cnc(-c4cnccn4)nc3C)C2)cc1	0.020795
rxn:2:95402:113626	CC(NCC1CN(C)CC(C)(C)N1c1ccccc1)c1ccc(-c2cc[nH]c2)s1	0.020784
rxn:2:95402:141812	CC(NCC1CN(C)CC(C)(C)N1c1ccccc1)c1ccc(-c2ccc[nH]2)s1	0.020784
rxn:2:90813:118090	Cc1cc(C)cc(-c2cc(NC3CC(C4(C)CCC4)n4nccc43)cs2)c1	0.020776
rxn:2:114893:81716	CCC(Nc1cc(-c2nnnn2CC(C)C)ccn1)c1cc(C)c(OC)c(C)c1	0.020775
rxn:2:114893:126337	CCC(Nc1cc(-c2nnnn2CC(C)C)ccn1)c1cc(C)c(C)cc1OC	0.020775
rxn:2:114893:96975	CCC(Nc1cc(-c2nnnn2CC(C)C)ccn1)c1ccc(OC)c(C)c1C	0.020775
rxn:2:95770:143157	COc1csc(-c2ccc3c(c2)OCC3Nc2c3c(nn2C2CC2)CCC3C)c1	0.020769
rxn:2:156652:98150	CC(C)CC(NC1CC(C)(C)Cc2c1ccn2-c1nccs1)c1cccnc1	0.020762
rxn:2:140476:118090	COc1ccc(-c2nc(CNC3CC(C4(C)CCC4)n4nccc43)cs2)c(C)c1	0.020761
rxn:2:100671:66379	CCc1cc(OC)nc(C(C)NCc2nnc(COc3ccccc3C)s2)c1	0.020761
rxn:2:117697:153606	CCC(C)N1CCC(CNC(C)c2ncc(-c3ccc(C)c(OC)c3)s2)C1(C)C	0.020760
rxn:2:142401:105261	Cc1ccc2cc(CC(C)(C)CNC3CC(c4nc(C(C)C)no4)C3)ccc2n1	0.020758
rxn:2:142401:85735	Cc1ccc2cc(CC(C)(C)CNC3CC(c4noc(C(C)C)n4)C3)ccc2n1	0.020758
rxn:2:76062:94543	Cc1cnc(-c2ccc(C(C)Nc3nnc(-c4cncs4)s3)s2)s1	0.020756
rxn:2:76062:110985	Cc1nc(-c2ccsc2)sc1C(C)Nc1nnc(-c2cncs2)s1	0.020756
rxn:2:76062:122772	Cc1ccc(-c2ncc(C(C)Nc3nnc(-c4cncs4)s3)s2)s1	0.020756
rxn:2:67357:110261	CC(C)c1ccc(C2CCCCC2NC2CC3CCC(C2)C32SCCS2)cc1	0.020755
rxn:2:95402:81125	CC(NCC1CN(C)CC(C)(C)N1c1ccccc1)c1ccc(-c2ccco2)s1	0.020754
rxn:2:166860:109152	CCCc1nn(-c2ccnc(C(C)C)c2)cc1NC1CCN(CCN(C)C)CC1(C)C	0.020751
rxn:2:160319:125321	Cc1ccc(N(C)c2cc(C)c(NC(C)c3ccnc(C(C)(C)F)c3)cn2)o1	0.020749
rxn:2:101221:168163	Cc1cncnc1-c1ccc(C(C)Nc2ccn(CC3CCCC(C)C3)n2)s1	0.020739
rxn:2:71104:156750	COc1cc(-c2ccco2)cnc1C(C)NCc1cccn(C2CC(F)(F)C2)c1=O	0.020733
rxn:2:119020:156750	COc1cc(-c2ccco2)cnc1C(C)Nc1cccn(CCC(C)(C)C)c1=O	0.020728
rxn:2:147500:67269	COc1ccc2c(c1)OC(C)CC2NC(C)c1cnn(Cc2ccc3c(c2)OCO3)c1	0.020726
rxn:2:102205:74150	COc1ccc(CCC(NCC2CC2CN2CCc3ccccc3C2)C2CC2)cc1	0.020722
rxn:2:102205:113615	COc1cccc(CCC(NCC2CC2CN2CCc3ccccc3C2)C2CC2)c1	0.020722
rxn:2:82667:156750	COc1cc(-c2ccco2)cnc1C(C)Nc1cccn(CCS(C)(=O)=O)c1=O	0.020721
rxn:2:95584:80762	CCC[C@H](NC1CCC(C)c2cc(C)ccc21)c1ccc2[nH]ccc2c1	0.020720
rxn:2:74737:160406	Cc1cc(-c2cnc(C)c(C)c2)ccc1C(C)NCCC1CC1c1ccn(C)n1	0.020719
rxn:2:127713:160406	Cc1cc(-c2cnc(C)c(C)c2)ccc1C(C)NCCC1CC1c1cnn(C)c1	0.020719
rxn:2:94642:160406	Cc1cc(-c2cnc(C)c(C)c2)ccc1C(C)NCCC1CC1c1cncn1C	0.020719
rxn:2:109895:160406	Cc1cc(-c2cnc(C)c(C)c2)ccc1C(C)NCCC1CC1c1nccn1C	0.020719
rxn:2:103765:160406	Cc1cc(-c2cnc(C)c(C)c2)ccc1C(C)NCCC1CC1c1ccnn1C	0.020719
rxn:2:96453:143157	COc1csc(-c2ccc3c(c2)OCC3NCC2CN(C)CC2c2ccccc2)c1	0.020719
rxn:2:71091:147610	COc1cccc(-c2cnn3c(C)c(C(C)N[C@@H]4CC[C@@H](N(C)C)C(F)C4)cnc23)c1	0.020710
rxn:2:72418:156750	COc1cc(-c2ccco2)cnc1C(C)Nc1ccccc1N1CCC(F)CC1	0.020704
rxn:2:163553:108589	Cc1cc2c(cc1C(NC1CC(c3nc(C4CC4)cs3)C1)C(C)C)n(C)c(=O)n2C	0.020703
rxn:2:102205:136993	CC(C)Oc1ccc(C(NCC2CC2CN2CCc3ccccc3C2)C2CC2)cc1	0.020697
rxn:2:102205:70262	CCOc1cccc(C(NCC2CC2CN2CCc3ccccc3C2)C2CCC2)c1	0.020693
rxn:2:147500:108854	CC1CCC(NC(C)c2cnn(Cc3ccc4c(c3)OCO4)c2)Cc2ccccc21	0.020691
rxn:2:72762:172564	CCOc1ccc(-c2ccc(C(C)N[C@H]3CCN(CC(C)C)C3)s2)cc1CC	0.020688
rxn:2:103474:172564	CCOc1ccc(-c2ccc(C(C)NC3CCN(CC(C)C)C3)s2)cc1CC	0.020688
rxn:2:134190:82225	Cc1ncc(-c2ccccc2)c(NC(C)c2csc(CN3CCCC(C)C3)n2)n1	0.020680
rxn:2:70876:66800	CC(N[C@@H]1C[C@@H](F)CN(Cc2ccccc2)C1)c1cccc(-c2ccsc2)c1	0.020667
rxn:2:78132:66800	CC(NC1CC(F)CN(Cc2ccccc2)C1)c1cccc(-c2ccsc2)c1	0.020667
rxn:2:79902:66800	CC(N[C@H]1C[C@@H](F)CN(Cc2ccccc2)C1)c1cccc(-c2ccsc2)c1	0.020667
rxn:2:109695:66800	CC(N[C@@H]1C[C@H](F)CN(Cc2ccccc2)C1)c1cccc(-c2ccsc2)c1	0.020667
rxn:2:115468:66800	CC(N[C@H]1C[C@H](F)CN(Cc2ccccc2)C1)c1cccc(-c2ccsc2)c1	0.020667
rxn:2:74352:96141	CC(NC1CN(c2ccc3ccccc3n2)C1)c1cccc(-n2cccn2)c1	0.020657
rxn:2:112488:149207	c1cc(-c2ccc3c(c2)CCC(NC2CC4(CCCCC4)C2)C3)c2cn[nH]c2c1	0.020655
rxn:2:147500:142160	COc1ccc2c(c1)C(C)C(NC(C)c1cnn(Cc3ccc4c(c3)OCO4)c1)CC2	0.020653
rxn:2:142207:94554	COc1ccc(C2CC(N[C@H](CC(C)C)c3ccc4cc[nH]c4c3)C2)cc1	0.020637
rxn:2:68559:110238	CCCSc1ccc(NC(C)c2sccc2-c2cc(C)cs2)nn1	0.020636
rxn:2:119915:124477	Cc1ccc(S(=O)(=O)CC2CC(NCCc3nc(-c4cnccn4)no3)C2)cc1	0.020634
rxn:2:149062:141496	CC(N[C@@H]1CCN(c2ncnc3ccccc23)C1)c1cccc(N2CCCCC2C)c1	0.020630
rxn:2:77016:156750	COc1cc(-c2ccco2)cnc1C(C)NCc1cnc2cccnc2c1	0.020627
rxn:2:76062:113463	CCC(Nc1nnc(-c2cncs2)s1)c1ccc(-c2cncnc2)s1	0.020621
rxn:2:74641:96141	CC(NC1CCN(c2nccn3cnnc23)C1)c1cccc(-n2cccn2)c1	0.020620
rxn:2:84871:160406	Cc1cc(-c2cnc(C)c(C)c2)ccc1C(C)NCCC1CC1c1cnccn1	0.020616
rxn:2:132396:160406	Cc1cc(-c2cnc(C)c(C)c2)ccc1C(C)NCCC1CC1c1ncccn1	0.020616
rxn:2:91127:160406	Cc1cc(-c2cnc(C)c(C)c2)ccc1C(C)NCCC1CC1c1cncnc1	0.020616
rxn:2:81887:142514	CCc1c(NC(C)CCS(=O)(=O)c2ccc(C)c(C)c2)nc(N2CCOCC2)[nH]c1=O	0.020616
rxn:2:128885:143157	COc1csc(-c2ccc3c(c2)OCC3NCC2CC2(OC)c2ccccc2)c1	0.020611
rxn:2:157350:119065	Cc1cc(N2CCC(CNC3CCc4cc(N5CCCC5)ccc43)CC2)n2ncnc2c1	0.020610
rxn:2:122841:92656	CC1(Oc2ccc(NC(c3ccc(-c4ccco4)cc3)C3CC3)cc2)COC1	0.020610
rxn:2:71077:168163	Cc1cncnc1-c1ccc(C(C)NCC2CN(C)CCCN2Cc2ccco2)s1	0.020610
rxn:2:125891:168163	Cc1cncnc1-c1ccc(C(C)NC2CCC(C)(C)N(c3ccccc3)C2)s1	0.020609
rxn:2:131385:131331	COc1ccc(C(C)C)cc1C(C)Nc1cc(Cc2ccc(C)cc2)ncn1	0.020604
rxn:2:76062:153395	Cc1ccc(C(Nc2nnc(-c3cncs3)s2)c2ccncc2)cc1C	0.020599
rxn:2:66506:71205	CC(CCC1(C2CCC2)COC1)Nc1ccc(SCCC(C)(C)C)nc1	0.020592
rxn:2:139148:91021	CCCCC(NCc1ccccc1Cc1ccc(C)cc1)c1cnccn1	0.020590
rxn:2:114893:117309	COc1cc(C(C)C)cc(C(C)Nc2cc(-c3nnnn3CC(C)C)ccn2)c1	0.020579
rxn:2:162407:117115	Cc1ccc2c(c1C)CCC2Nc1cccc(-c2cn3cccnc3n2)c1	0.020578
rxn:2:157350:118273	COc1ccc2c(c1)CC(NCC1CCN(c3cc(C)cc4ncnn34)CC1)CCC2	0.020573
rxn:2:82403:78538	CCCS(=O)(=O)c1cnc(C)nc1NC(C)c1ccc(-c2sccc2C)cc1	0.020558
rxn:2:110074:66800	CC(CCc1ccsc1)CNC(C)c1cccc(-c2ccsc2)c1	0.020543
rxn:2:132418:65814	Cc1ccc(-c2cccc(C(C)Nc3ncnc4[nH]cc(C)c34)c2)s1	0.020542
rxn:2:123352:111998	Cc1ccc2c(c1C)CCCC2NCC(c1ccc(C(C)(F)F)cc1)C(C)C	0.020535
rxn:2:163191:128728	Cc1ccc(SC2CCCC(N[C@H]3CCN(c4ncnc5ccccc45)C3)C2)cc1	0.020530
rxn:2:147500:98454	CC(NC(c1ccncc1)C1CCSC1)c1cnn(Cc2ccc3c(c2)OCO3)c1	0.020526
rxn:2:114503:132941	CCn1c(C)nnc1C1CCC(CNC(C)c2oc(-c3ccncc3)nc2C)CC1	0.020523
rxn:2:67292:96141	CC(NC1CN(c2ncnc3nccnc23)C1)c1cccc(-n2cccn2)c1	0.020515
rxn:2:160456:134526	CC(Nc1ncnc2c1ncn2-c1ccccc1)c1cc2c([nH]c1=O)CCC2	0.020514
rxn:2:127198:147610	COc1cccc(-c2cnn3c(C)c(C(C)N[C@@H]4CC[C@@H](N(C)C)[C@@H](C)C4)cnc23)c1	0.020511
rxn:2:101935:125732	CCC(Nc1cc(-n2nccc2CC(C)C)ccn1)c1cc(C)cc(OC)c1	0.020509
rxn:2:124542:125732	CCC(Nc1cc(-n2ccc(CC(C)C)n2)ccn1)c1cc(C)cc(OC)c1	0.020509
rxn:2:128656:96141	CC(NC1CCN(c2nccc3occc23)C1)c1cccc(-n2cccn2)c1	0.020504
rxn:2:93650:82225	CCC[C@H](NC(C)c1csc(CN2CCCC(C)C2)n1)c1ccc(C)c(C)c1	0.020498
rxn:2:153072:117115	Cc1cccc(Oc2cccc(C)c2NC2CCc3c2ccc(C)c3C)c1	0.020498
rxn:2:102205:79862	COc1cccc(C(NCC2CC2CN2CCc3ccccc3C2)c2ncco2)c1	0.020493
rxn:2:102205:83701	COc1ccc(C(NCC2CC2CN2CCc3ccccc3C2)c2ncco2)cc1	0.020493
rxn:2:97174:149508	Cc1ccccc1-c1ccc(C(C)Nn2sc3ccccc3c2=O)cc1	0.020487
rxn:2:102205:114082	COc1cc(C)c(C(NCC2CC2CN2CCc3ccccc3C2)C2CC2)c(OC)c1	0.020481
rxn:2:83764:160406	Cc1cc(-c2cnc(C)c(C)c2)ccc1C(C)NCC1C(c2cn(C)cn2)C1(F)F	0.020477
rxn:2:156652:68886	CC1(C)Cc2c(ccn2-c2nccs2)C(NC2c3ccccc3C[C@H]3CC[C@@H]23)C1	0.020463
rxn:2:110483:124477	Cc1ccc(S(=O)(=O)CC2CC(NC(C)(C)CCC3(c4ccccn4)COC3)C2)cc1	0.020461
rxn:2:157350:128008	CCc1cc2c(cc1CC)C(NCC1CCN(c3cc(C)cc4ncnn34)CC1)CC2	0.020445
rxn:2:108805:153276	CC(C)Oc1cncc(-c2ccc(C(C)Nc3nc4c(s3)CS(=O)(=O)CC4)nc2)c1	0.020442
rxn:2:144340:107186	CC(NC(CCC1CCCCC1)C1CCCC1)c1cc(=O)[nH]c(-c2ccccn2)n1	0.020441
rxn:2:145497:124477	Cc1ccc(S(=O)(=O)CC2CC(Nc3nc(-c4cnccn4)nc4c3CCC4)C2)cc1	0.020439
rxn:2:95402:124273	CC(NCC1CN(C)CC(C)(C)N1c1ccccc1)c1ccc(-c2cnsc2)s1	0.020436
rxn:2:95402:134530	CC(NCC1CN(C)CC(C)(C)N1c1ccccc1)c1cnc(-c2cccs2)s1	0.020436
rxn:2:90994:124477	Cc1ccc(S(=O)(=O)CC2CC(NCCc3csc(-c4cnccn4)n3)C2)cc1	0.020434
rxn:2:115674:124477	Cc1ccc(S(=O)(=O)CC2CC(NCCc3cnc(-c4cnccn4)s3)C2)cc1	0.020434
rxn:2:118713:104156	COc1cc(NC(C)c2cccc3nc(C)oc23)ccc1-n1cnc(C)c1	0.020433
rxn:2:88794:107408	Cc1cnn(C)c1-c1nnc(NC(C)c2ccc(-c3ccsc3)s2)s1	0.020424
rxn:2:131823:107408	Cc1c(-c2nnc(NC(C)c3ccc(-c4ccsc4)s3)s2)cnn1C	0.020424
rxn:2:77496:107408	Cc1cc(-c2nnc(NC(C)c3ccc(-c4ccsc4)s3)s2)n(C)n1	0.020424
rxn:2:101538:107408	Cc1nn(C)cc1-c1nnc(NC(C)c2ccc(-c3ccsc3)s2)s1	0.020424
rxn:2:116227:107408	Cc1cc(-c2nnc(NC(C)c3ccc(-c4ccsc4)s3)s2)nn1C	0.020424
rxn:2:95402:93176	CN1CC(CNC(Cc2ccncc2)c2ccccn2)N(c2ccccc2)C(C)(C)C1	0.020420
rxn:2:113376:82225	CCCCS(=O)(=O)c1ccccc1NC(C)c1csc(CN2CCCC(C)C2)n1	0.020416
rxn:2:155066:123424	COc1ccc2nc(-c3nonc3NC(C)c3[nH]ccc3OC)sc2c1	0.020415
rxn:2:71084:82225	CCCS(=O)(=O)c1cc(NC(C)c2csc(CN3CCCC(C)C3)n2)cnc1OC	0.020402
rxn:2:76493:153276	CCN1CCc2n[nH]c(NC(C)c3ccc(-c4cncc(OC(C)C)c4)cn3)c2C1	0.020402
rxn:2:118713:78218	COc1cc(NC(C)c2cccc3cccnc23)ccc1-n1cnc(C)c1	0.020393
rxn:2:132418:159537	Cc1c[nH]c2ncnc(NC(C)c3ccc4c(c3)sc3nccn34)c12	0.020392
rxn:2:154196:90896	Cc1cnc(-n2nc(C)c(C3CC3)c2NC(C)c2cnc(C(C)C)s2)c(C)c1	0.020391
rxn:2:112040:154327	c1ccc(-c2[nH]cc3c2CCCC3Nc2nc(-c3cnccn3)ns2)cc1	0.020389
rxn:2:75765:152644	Cc1ccc(C(Nc2cc(C)c3ncccc3c2)c2ncccn2)cc1C	0.020385
rxn:2:147092:118520	Cc1ccc2nc(-c3cn[nH]c3NC3CCc4cccnc4C3)[nH]c2c1	0.020383
rxn:2:119253:156750	COc1cc(-c2ccco2)cnc1C(C)Nc1cccn(CCC2CCC2)c1=O	0.020376
rxn:2:122047:156750	COc1cc(-c2ccco2)cnc1C(C)Nc1cccn(C2CC3(CCC3)C2)c1=O	0.020370
rxn:2:114503:159886	CCn1c(C)nnc1C1CCC(CNC(C)c2oc(-c3nocc3C)nc2C)CC1	0.020355
rxn:2:71791:118518	COc1ccc(-c2cc(CCNC3CCc4c3ccc(OC)c4C)cs2)cc1	0.020355
rxn:2:102205:75277	CCOc1ccc(OC)cc1C(CC)NCC1CC1CN1CCc2ccccc2C1	0.020352
rxn:2:102205:142126	CCOc1cc(OC)ccc1C(CC)NCC1CC1CN1CCc2ccccc2C1	0.020352
rxn:2:111480:156750	COc1cc(-c2ccco2)cnc1C(C)Nc1cccn(C2CCC(F)(F)C2)c1=O	0.020349
rxn:2:114503:152513	CCn1c(C)nnc1C1CCC(CNC(C)c2c(C)nn(CCS(C)(=O)=O)c2C)CC1	0.020348
rxn:2:122667:96141	CC(NCCn1cnnc1-c1ccccc1)c1cccc(-n2cccn2)c1	0.020348
rxn:2:147500:98399	COc1ccc2c(c1)CC(C)CC2NC(C)c1cnn(Cc2ccc3c(c2)OCO3)c1	0.020344
rxn:2:81887:165967	CCc1c(NC(C)c2cc(C)c3cccc(CC)c3n2)nc(N2CCOCC2)[nH]c1=O	0.020341
rxn:2:102205:151749	c1ccc2c(c1)CCN(CC1CC1CNC(c1cnc3ccccc3c1)C1CC1)C2	0.020335
rxn:2:147500:80008	COc1ccc(N2CCC(NC(C)c3cnn(Cc4ccc5c(c4)OCO5)c3)C2)cc1	0.020333
rxn:2:129995:124477	CCc1ccc(-c2nsc(NC3CC(CS(=O)(=O)c4ccc(C)cc4)C3)n2)cc1	0.020330
rxn:2:100556:109098	Cc1nn2ccccc2c1NC(CSc1nncn1C)c1ccccc1	0.020328
rxn:2:144340:85006	COc1cc2c(c(OC)c1)C(NC(C)c1cc(=O)[nH]c(-c3ccccn3)n1)C(C)(C)C2	0.020328
rxn:2:163553:102593	Cc1cc2c(cc1C(NC(C)c1cnn(CC3CCOC3)c1)C(C)C)n(C)c(=O)n2C	0.020308
rxn:2:69724:149207	CN1CCCC2(CC(NC3CCc4cc(-c5cccc6[nH]ncc56)ccc4C3)CCO2)C1	0.020307
rxn:2:113176:149207	CN1CCC2(CC1)CC(NC1CCc3cc(-c4cccc5[nH]ncc45)ccc3C1)CCO2	0.020307
rxn:2:166860:137419	CCCc1nn(-c2ccnc(C(C)C)c2)cc1NC1CCCN(CC(C)C)C1(C)C	0.020306
rxn:2:79163:162733	Cc1cnc2cc(NC(C)c3ccc(-c4ncc[nH]c4=O)cn3)cc(C)c2n1	0.020302
rxn:2:129836:153276	CC(C)Oc1cncc(-c2ccc(C(C)Nc3nc4c(s3)CC(F)CC4)nc2)c1	0.020288
rxn:2:76062:163278	Cc1cccc(-c2ccc(C(C)Nc3nnc(-c4cncs4)s3)s2)n1	0.020284
rxn:2:76062:146420	Cc1ccncc1-c1ccc(C(C)Nc2nnc(-c3cncs3)s2)s1	0.020284
rxn:2:122369:107408	Cc1ncc(-c2nnc(NC(C)c3ccc(-c4ccsc4)s3)s2)cn1	0.020284
rxn:2:66042:107408	Cc1nccnc1-c1nnc(NC(C)c2ccc(-c3ccsc3)s2)s1	0.020284
rxn:2:76062:129654	Cc1nc(-c2ccsc2)ccc1C(C)Nc1nnc(-c2cncs2)s1	0.020284
rxn:2:76062:160834	Cc1cccnc1-c1ccc(C(C)Nc2nnc(-c3cncs3)s2)s1	0.020284
rxn:2:144340:65833	CC(CCCN1CCCC1C1CCCC1)NC(C)c1cc(=O)[nH]c(-c2ccccn2)n1	0.020284
rxn:2:156652:117079	CCC(Cc1ccccc1C)NC1CC(C)(C)Cc2c1ccn2-c1nccs1	0.020276
rxn:2:156652:78199	CCC(Cc1cccc(C)c1)NC1CC(C)(C)Cc2c1ccn2-c1nccs1	0.020276
rxn:2:156652:123265	CCC(Cc1ccc(C)cc1)NC1CC(C)(C)Cc2c1ccn2-c1nccs1	0.020276
rxn:2:154625:134526	Cc1ccc(-n2cnc3c(NC(C)c4cc5c([nH]c4=O)CCC5)ncnc32)o1	0.020269
rxn:2:104310:162733	Cc1cc(NC(C)c2ccc(-c3ncc[nH]c3=O)cn2)cc2cn[nH]c12	0.020265
rxn:2:142401:83911	COc1cc(C)cc(C(C)NCC(C)(C)Cc2ccc3nc(C)ccc3c2)c1	0.020265
rxn:2:114893:70735	COc1cc(C)cc(CCC(C)Nc2cc(-c3nnnn3CC(C)C)ccn2)c1	0.020262
rxn:2:157350:66382	Cc1cc(N2CCC(CNC3CCOc4ccc(C(C)(C)C)cc43)CC2)n2ncnc2c1	0.020258
rxn:2:157350:93821	Cc1cc(N2CCC(CNC3CCOc4cc(C(C)(C)C)ccc43)CC2)n2ncnc2c1	0.020258
rxn:2:93906:172564	CCOc1ccc(-c2ccc(C(C)NC3CCN(C(C)CC)C3)s2)cc1CC	0.020250
rxn:2:66911:172564	CCCN1CCC(NC(C)c2ccc(-c3ccc(OCC)c(CC)c3)s2)CC1	0.020246
rxn:2:84954:172564	CCCN1CCC[C@@H](NC(C)c2ccc(-c3ccc(OCC)c(CC)c3)s2)C1	0.020246
rxn:2:93614:172564	CCCN1CCCC(NC(C)c2ccc(-c3ccc(OCC)c(CC)c3)s2)C1	0.020246
rxn:2:118713:105830	CCCCC(Nc1ccc(-n2cnc(C)c2)c(OC)c1)c1ccc(C)cc1	0.020229
rxn:2:131385:106409	CCCC(Nc1cc(Cc2ccc(C)cc2)ncn1)C1CCN(c2cnccn2)C1	0.020227
rxn:2:132611:78148	CCc1ccc(C(NC(C)CC2CCC(CC)CC2)C2CCCC2)cc1	0.020223
rxn:2:157350:116678	Cc1cc(N2CCC(CNC3CCCc4cc5c(cc43)CCCC5)CC2)n2ncnc2c1	0.020221
rxn:2:155066:129023	COc1ccc2nc(-c3nonc3NC(C)c3ccc4c(c3)CC4)sc2c1	0.020219
rxn:2:75765:119599	Cc1ccccc1C(CSCC(C)C)Nc1cc(C)c2ncccc2c1	0.020204
rxn:2:77174:124477	COc1cccc(-c2csc(NC3CC(CS(=O)(=O)c4ccc(C)cc4)C3)n2)c1	0.020202
rxn:2:140864:162733	Cc1cc(NC(C)c2ccc(-c3ncc[nH]c3=O)cn2)cc2cc[nH]c12	0.020194
rxn:2:75765:90126	Cc1cc(NC(C)c2ccc(-c3ccsc3)cn2)cc2cccnc12	0.020190
rxn:2:75765:142192	Cc1cc(NC(C)c2ccc(-c3cccs3)cn2)cc2cccnc12	0.020190
rxn:2:114893:130579	CCC(Nc1cc(-c2nnnn2CC(C)C)ccn1)c1cc(OC)cc(OC)c1	0.020186
rxn:2:114893:139585	CCC(Nc1cc(-c2nnnn2CC(C)C)ccn1)c1ccc(OC)c(OC)c1	0.020186
rxn:2:114893:98994	CCC(Nc1cc(-c2nnnn2CC(C)C)ccn1)c1ccc(OC)cc1OC	0.020186
rxn:2:114893:132792	CCC(Nc1cc(-c2nnnn2CC(C)C)ccn1)c1cc(OC)ccc1OC	0.020186
rxn:2:114893:115900	CCC(Nc1cc(-c2nnnn2CC(C)C)ccn1)c1c(OC)cccc1OC	0.020186
rxn:2:67427:154155	CS(=O)(=O)n1cc(-c2ccc3c(c2)C(Nc2cccnc2OC2CCCC2)CO3)cn1	0.020174
rxn:2:163553:117674	Cc1cc2c(cc1C(NC1CC(c3nc4c(s3)CCCC4)C1)C(C)C)n(C)c(=O)n2C	0.020167
rxn:2:77996:163676	COc1ccc(C(NCC(C)(C)c2nc(C)c(C)s2)c2ccsc2)cc1C	0.020166
rxn:2:131885:66800	CC(Nc1ncn(Cc2ccsc2)n1)c1cccc(-c2ccsc2)c1	0.020163
rxn:2:83775:66800	CC(Nc1cn(Cc2ccsc2)nn1)c1cccc(-c2ccsc2)c1	0.020163
rxn:2:118713:107281	CCCOc1c(C)cccc1C(C)Nc1ccc(-n2cnc(C)c2)c(OC)c1	0.020161
rxn:2:75765:165546	Cc1n[nH]cc1-c1nc(C)c(C(C)Nc2cc(C)c3ncccc3c2)s1	0.020160
rxn:2:132418:154402	Cc1cc(-c2cc(C(C)Nc3ncnc4[nH]cc(C)c34)ccn2)c(C)s1	0.020160
rxn:2:132418:143725	Cc1nccc(-c2cc(C(C)Nc3ncnc4[nH]cc(C)c34)cs2)c1C	0.020160
rxn:2:66383:78148	CCC1CCC(CC(C)Nc2c(CC(C)(C)C)nc(C3CC3)n2CC)CC1	0.020158
rxn:2:67064:153276	COC[C@H](NC(C)c1ccc(-c2cncc(OC(C)C)c2)cn1)c1nnc(C)o1	0.020152
rxn:2:107024:168163	Cc1cncnc1-c1ccc(C(C)NCC2CC(C)(C)N2Cc2ccccc2)s1	0.020144
rxn:2:114893:98504	CCOc1ncc(C(CC)Nc2cc(-c3nnnn3CC(C)C)ccn2)cc1C	0.020142
rxn:2:114503:102766	CCn1c(C)nnc1C1CCC(CNC2CCc3cc(OCC4CCC4)ccc32)CC1	0.020132
rxn:2:127707:125732	CCC(Nc1cc(-c2cnn(CC(C)C)c2)ccn1)c1cc(C)cc(OC)c1	0.020131
rxn:2:70205:125732	CCC(Nc1cc(-c2ccncc2)nn1CC(C)C)c1cc(C)cc(OC)c1	0.020131
rxn:2:94108:125732	CCC(Nc1cc(-c2cccnc2)nn1CC(C)C)c1cc(C)cc(OC)c1	0.020131
rxn:2:90702:125732	CCC(Nc1cc(-c2ccccn2)nn1CC(C)C)c1cc(C)cc(OC)c1	0.020131
rxn:2:95402:75111	CC(NCC1CN(C)CC(C)(C)N1c1ccccc1)c1ccc(-c2ccncc2)s1	0.020131
rxn:2:95402:85400	CC(NCC1CN(C)CC(C)(C)N1c1ccccc1)c1ccc(-c2cccnc2)s1	0.020131
rxn:2:95402:71150	CC(NCC1CN(C)CC(C)(C)N1c1ccccc1)c1ccc(-c2ccccn2)s1	0.020131
rxn:2:95402:87651	CC(NCC1CN(C)CC(C)(C)N1c1ccccc1)c1cnc(-c2ccccc2)s1	0.020131
rxn:2:149062:110026	CC(N[C@@H]1CCN(c2ncnc3ccccc23)C1)c1nc(-n2cccn2)cs1	0.020117
rxn:2:163553:117301	Cc1cc2c(cc1C(NC1CC(c3nc(C(C)C)cs3)C1)C(C)C)n(C)c(=O)n2C	0.020117
rxn:2:95402:117529	Cc1[nH]cnc1-c1ccc(C(C)NCC2CN(C)CC(C)(C)N2c2ccccc2)s1	0.020116
rxn:2:95402:114774	Cc1[nH]ncc1-c1ccc(C(C)NCC2CN(C)CC(C)(C)N2c2ccccc2)s1	0.020116
rxn:2:155066:75937	CCc1cc[nH]c1C(C)Nc1nonc1-c1nc2ccc(OC)cc2s1	0.020113
rxn:2:82947:74191	COc1ccnc(C(N[C@H](c2ccsc2)c2ccc(OC)c(C)c2)C2CC2)c1	0.020108
rxn:2:155066:137236	COc1ccc2nc(-c3nonc3NC(C)c3c(C)cc[nH]c3=O)sc2c1	0.020108
rxn:2:76062:119339	CCC(Nc1nnc(-c2cncs2)s1)c1ccc(-c2cc[nH]c2)s1	0.020097
rxn:2:103438:162733	Cc1ccc2cc(NC(C)c3ccc(-c4ncc[nH]c4=O)cn3)cc(C)c2n1	0.020087
rxn:2:130289:162733	Cc1c(NC(C)c2ccc(-c3ncc[nH]c3=O)cn2)cc(C)c2ncccc12	0.020087
rxn:2:100867:162733	Cc1cc(C)c2cccnc2c1NC(C)c1ccc(-c2ncc[nH]c2=O)cn1	0.020087
rxn:2:79048:162733	Cc1cc(NC(C)c2ccc(-c3ncc[nH]c3=O)cn2)c2ncccc2c1C	0.020087
rxn:2:110485:162733	Cc1cc(NC(C)c2ccc(-c3ncc[nH]c3=O)cn2)c2cccnc2c1C	0.020087
rxn:2:69354:162733	Cc1cc(C)c2ncc(NC(C)c3ccc(-c4ncc[nH]c4=O)cn3)cc2c1	0.020087
rxn:2:84971:162733	Cc1ccc2cc(NC(C)c3ccc(-c4ncc[nH]c4=O)cn3)cnc2c1C	0.020087
rxn:2:84978:162733	Cc1cc2cccc(C)c2nc1NC(C)c1ccc(-c2ncc[nH]c2=O)cn1	0.020087
rxn:2:76396:162733	Cc1cc(C)c2nccc(NC(C)c3ccc(-c4ncc[nH]c4=O)cn3)c2c1	0.020087
rxn:2:95402:143092	CC(NCC1CN(C)CC(C)(C)N1c1ccccc1)c1cc2ccc(N(C)C)cc2o1	0.020085
rxn:2:82403:125675	CCCS(=O)(=O)c1cnc(C)nc1NC(c1ccccc1)c1cccc(CC)c1	0.020072
rxn:2:114503:91605	CCC(NCC1CCC(c2nnc(C)n2CC)CC1)C1CCCN1Cc1ccccc1	0.020071
rxn:2:104305:168163	Cc1cncnc1-c1ccc(C(C)NC[C@@H]2CCN([C@H](C)c3ccccc3)C2)s1	0.020067
rxn:2:124941:168163	Cc1cncnc1-c1ccc(C(C)NCC2CCN(C(C)c3ccccc3)C2)s1	0.020067
rxn:2:135851:168163	Cc1cncnc1-c1ccc(C(C)NC[C@H]2CCN([C@@H](C)c3ccccc3)C2)s1	0.020067
rxn:2:135319:124477	Cc1ccc(S(=O)(=O)CC2CC(Nc3nc(-c4ccc(C)s4)c(C)s3)C2)cc1	0.020061
rxn:2:131385:124776	CCCC(Nc1cc(Cc2ccc(C)cc2)ncn1)C1CCCN1c1cnccn1	0.020058
rxn:2:72207:96141	CC(NC1CCN(c2ncnc3ccsc23)C1)c1cccc(-n2cccn2)c1	0.020056
rxn:2:113313:96141	CC(NC1CCN(c2ncnc3sccc23)C1)c1cccc(-n2cccn2)c1	0.020056
rxn:2:91343:153606	COc1cc(-c2cnc(C(C)NC3CCC(S(=O)(=O)CC(C)C)CC3)s2)ccc1C	0.020052
rxn:2:131385:93300	CCCC(Nc1cc(Cc2ccc(C)cc2)ncn1)c1cnccc1OCC	0.020048
rxn:2:156652:121605	CC1(C)Cc2c(ccn2-c2nccs2)C(NC2CCCSc3ccccc32)C1	0.020048
rxn:2:95267:166390	Cc1cncc(-c2ccc3c(c2)CCCC3Nc2c(C)nn(CC(C)C)c2C)c1	0.020047
rxn:2:92946:124477	Cc1ccc(S(=O)(=O)CC2CC(NCCc3nc(-c4cnccn4)n[nH]3)C2)cc1	0.020042
rxn:2:77159:166390	Cc1cncc(-c2ccc3c(c2)CCCC3NC[C@H]2c3nc(C)ccc3OC23CC3)c1	0.020041
rxn:2:99555:96141	CC(NC1CCN(c2nc3ccccc3[nH]2)C1)c1cccc(-n2cccn2)c1	0.020036
rxn:2:131385:100462	Cc1ccc(Cc2cc(NC(c3cnn(C)c3)c3cnccn3)ncn2)cc1	0.020030
rxn:2:79153:96141	COCc1cccc2cc(NC(C)c3cccc(-n4cccn4)c3)cnc12	0.020030
rxn:2:83414:162733	Cc1cc(CNC(C)c2ccc(-c3ncc[nH]c3=O)cn2)c2ncccc2c1	0.020020
rxn:2:108324:162733	Cc1ccc2cccnc2c1CNC(C)c1ccc(-c2ncc[nH]c2=O)cn1	0.020020
rxn:2:85010:162733	Cc1cccc2cc(CNC(C)c3ccc(-c4ncc[nH]c4=O)cn3)cnc12	0.020020
rxn:2:140605:162733	Cc1ccc(CNC(C)c2ccc(-c3ncc[nH]c3=O)cn2)c2cccnc12	0.020020
rxn:2:114893:115778	CCC(Nc1cc(-c2nnnn2CC(C)C)ccn1)c1cc(OC)c2c(c1)OCO2	0.020019
rxn:2:81887:87883	CCc1ccc(C(Nc2nc(N3CCOCC3)[nH]c(=O)c2CC)c2ccccc2)s1	0.020002
rxn:2:149062:116446	Cc1ccc2c(C(C)N[C@@H]3CCN(c4ncnc5ccccc45)C3)c[nH]c2c1	0.019998
rxn:2:142251:112899	O=c1cc(NC2CCc3c2ccc2c3CCC2)n2nc(-c3cccs3)nc2[nH]1	0.019993
rxn:2:82403:149475	CCCS(=O)(=O)c1cnc(C)nc1NC(CC)c1cccc(-c2cnoc2C)c1	0.019982
rxn:2:142401:106950	Cc1ccc2cc(CC(C)(C)CNC3CC(c4nc(C(C)(C)C)no4)C3)ccc2n1	0.019981
rxn:2:147500:129100	COc1ccc(C(NC(C)c2cnn(Cc3ccc4c(c3)OCO4)c2)C2CC2)cc1	0.019974
rxn:2:81975:66800	CCOc1ccccc1CN1CC(NC(C)c2cccc(-c3ccsc3)c2)C1	0.019973
rxn:2:80266:66800	CCOc1ccc(CN2CC(NC(C)c3cccc(-c4ccsc4)c3)C2)cc1	0.019973
rxn:2:129548:135294	CCc1n[nH]c2sc(CNC3CC(C)CCC3Sc3ccccc3)c(C)c12	0.019971
rxn:2:66408:156750	COc1cc(-c2ccco2)cnc1C(C)Nc1cccn(CCC2CCCO2)c1=O	0.019970
rxn:2:144954:138214	CC(C)c1cccc2c1CCC2Nc1ccn(-c2ncnc3ccsc23)n1	0.019966
rxn:2:79495:161540	Cc1c(C(C)NCCC2CC2c2cn(C)cn2)sc2nc3ccccc3n12	0.019957
rxn:2:86738:107408	CC(NCc1ccnn1C(C)C1CCCC1)c1ccc(-c2ccsc2)s1	0.019957
rxn:2:131385:114899	CCCCC(Nc1cc(Cc2ccc(C)cc2)ncn1)c1cc(C)oc1C	0.019955
rxn:2:126329:66800	Cc1ccc(CN2CCC(NC(C)c3cccc(-c4ccsc4)c3)C2)cc1C	0.019955
rxn:2:75765:121064	Cc1cnc(-c2ccsc2C(C)Nc2cc(C)c3ncccc3c2)nc1	0.019952
rxn:2:131385:89281	Cc1ccc(Cc2cc(NC(c3cccnc3)c3cnccn3)ncn2)cc1	0.019940
rxn:2:126666:74191	COc1ccnc(C(Nc2ccccc2SCc2cc(C)on2)C2CC2)c1	0.019940
rxn:2:114893:121763	CC(C)Cn1nnnc1-c1ccnc(NC(CC2CCCC2)c2ccccc2)c1	0.019921
rxn:2:82553:162733	CC(N[C@@H](C)c1cccc2cccnc12)c1ccc(-c2ncc[nH]c2=O)cn1	0.019913
rxn:2:102630:162733	CC(N[C@H](C)c1cccc2cccnc12)c1ccc(-c2ncc[nH]c2=O)cn1	0.019913
rxn:2:124701:162733	CC(NC(C)c1cccc2cccnc12)c1ccc(-c2ncc[nH]c2=O)cn1	0.019913
rxn:2:80574:168163	Cc1cncnc1-c1ccc(C(C)NCC2CCCC(C)N2c2ccccc2)s1	0.019911
rxn:2:123050:66800	CC1CC(NC(C)c2cccc(-c3ccsc3)c2)CN(Cc2ccccc2)C1	0.019898
rxn:2:75765:154878	Cc1cc(NC(C)c2ccc(-c3ccc[nH]c3=O)cc2)cc2cccnc12	0.019893
rxn:2:118713:71269	COc1cc(NC(C)CCN(C)c2cccc(C)c2C)ccc1-n1cnc(C)c1	0.019889
rxn:2:114928:80925	CCC(Nc1nnc(-c2cc(C)cs2)o1)c1nc2ccccc2n1CC	0.019882
rxn:2:84173:149026	Cc1ccc(C)c(-c2cnc(C(C)Nc3c(C)nc4ccccn34)s2)c1	0.019882
rxn:2:166860:104142	CCCc1nn(-c2ccnc(C(C)C)c2)cc1NC1CCCN(C(C)CC)C1(C)C	0.019882
rxn:2:81320:162733	CCc1nc(NC(C)c2ccc(-c3ncc[nH]c3=O)cn2)cc2cccnc12	0.019872
rxn:2:129548:76111	CCc1n[nH]c2sc(CNC3CCC(SCc4ccccc4)C3C)c(C)c12	0.019868
rxn:2:95402:161266	Cc1ncncc1-c1ccc(C(C)NCC2CN(C)CC(C)(C)N2c2ccccc2)nc1	0.019860
rxn:2:110192:162733	COc1cccc2cc(NC(C)c3ccc(-c4ncc[nH]c4=O)cn3)cnc12	0.019843
rxn:2:79157:162733	COc1cc(NC(C)c2ccc(-c3ncc[nH]c3=O)cn2)cc2cccnc12	0.019843
rxn:2:75008:162733	COc1cc(NC(C)c2ccc(-c3ncc[nH]c3=O)cn2)c2ncccc2c1	0.019843
rxn:2:114302:162733	COc1ccc2cccnc2c1NC(C)c1ccc(-c2ncc[nH]c2=O)cn1	0.019843
rxn:2:95402:148125	CC(NCC1CN(C)CC(C)(C)N1c1ccccc1)c1ccc(-c2cnc[nH]c2=O)s1	0.019838
rxn:2:95402:149170	CC(NCC1CN(C)CC(C)(C)N1c1ccccc1)c1ccc(-c2ccc(=O)[nH]n2)s1	0.019838
rxn:2:138383:162733	CC(NCc1cc2cc[nH]c2cn1)c1ccc(-c2ncc[nH]c2=O)cn1	0.019833
rxn:2:152892:91021	CCCCC(NC(c1cccc(OC)c1)c1n[nH]c(=O)[nH]1)c1cnccn1	0.019831
rxn:2:101124:166390	COc1ccc(C)cc1C(C)NC1CCCc2cc(-c3cncc(C)c3)ccc21	0.019826
rxn:2:114893:88580	CCc1cc(OC)ccc1C(CC)Nc1cc(-c2nnnn2CC(C)C)ccn1	0.019815
rxn:2:72786:121711	Cc1nc2c(NC(C)c3ccc(OCc4ccccc4)s3)ncnc2n1C	0.019808
rxn:2:157350:137444	COc1cc2c(cc1OC)C(NCC1CCN(c3cc(C)cc4ncnn34)CC1)CCO2	0.019803
rxn:2:91216:153276	CCN1CCc2nc(NC(C)c3ccc(-c4cncc(OC(C)C)c4)cn3)ncc2C1	0.019802
rxn:2:85289:153276	CCN1CCc2ncnc(NC(C)c3ccc(-c4cncc(OC(C)C)c4)cn3)c2C1	0.019802
rxn:2:142663:118090	CC1(C2CC(Nc3nnc(-c4ccc5nsnc5c4)o3)c3ccnn32)CCC1	0.019798
rxn:2:156652:75190	CCC(CC)C(NC1CC(C)(C)Cc2c1ccn2-c1nccs1)c1ncco1	0.019797
rxn:2:147500:91345	COc1ccc(C2(C)CC(NC(C)c3cnn(Cc4ccc5c(c4)OCO5)c3)C2)cc1	0.019794
rxn:2:147500:141122	CC(NC1CC(c2ccc3c(c2)OCCO3)C1)c1cnn(Cc2ccc3c(c2)OCO3)c1	0.019790
rxn:2:78273:71205	CCSc1ccc(-c2cccc(NC(C)CCC3(C4CCC4)COC3)c2)nn1	0.019780
rxn:2:134227:149207	c1cc(-c2ccc3c(c2)CCC(NCCN2CCC4(CCCCO4)C2)C3)c2cn[nH]c2c1	0.019780
rxn:2:157350:159032	Cc1cc(N2CCC(CNC3CCOc4ccc(S(C)(=O)=O)cc43)CC2)n2ncnc2c1	0.019775
rxn:2:71926:138214	CC(C)c1cccc2c1CCC2Nc1[nH]nc(C2CC2C)c1-c1cccs1	0.019768
rxn:2:92374:124221	CCC(Nc1cccc2nc(C)cn12)c1ccc(-c2ccnn2CC)s1	0.019763
rxn:2:131385:105830	CCCCC(Nc1cc(Cc2ccc(C)cc2)ncn1)c1ccc(C)cc1	0.019763
rxn:2:131385:105089	CCCCC(Nc1cc(Cc2ccc(C)cc2)ncn1)c1cccc(C)c1	0.019763
rxn:2:131385:76381	CCCCC(Nc1cc(Cc2ccc(C)cc2)ncn1)c1ccccc1C	0.019763
rxn:2:83012:162733	COc1nc(NC(C)c2ccc(-c3ncc[nH]c3=O)cn2)cc2cccnc12	0.019752
rxn:2:139093:154155	Cn1ncc(NC2COc3ccc(-c4cnn(S(C)(=O)=O)c4)cc32)c1CS(C)(=O)=O	0.019743
rxn:2:157350:86428	Cc1cc(N2CCC(CNC3CCCCc4cc(C)c(C)cc43)CC2)n2ncnc2c1	0.019731
rxn:2:134325:82225	CC1CCCN(Cc2nc(C(C)NCCc3cn(Cc4ccco4)cn3)cs2)C1	0.019729
rxn:2:114893:90674	CCOc1ccccc1C1CCCC1Nc1cc(-c2nnnn2CC(C)C)ccn1	0.019726
rxn:2:76062:157995	COc1ncc(-c2ccc(C(C)Nc3nnc(-c4cncs4)s3)s2)cn1	0.019715
rxn:2:76062:164517	COc1ccnc(-c2ccc(C(C)Nc3nnc(-c4cncs4)s3)s2)n1	0.019715
rxn:2:76062:157403	COc1cncnc1-c1ccc(C(C)Nc2nnc(-c3cncs3)s2)s1	0.019715
rxn:2:116815:66800	Cc1ccc(CN2CCCC(NC(C)c3cccc(-c4ccsc4)c3)C2)cc1	0.019712
rxn:2:114503:68892	CCn1c(C)nnc1C1CCC(CNC(C)CCn2c(C)nc3ccccc32)CC1	0.019712
rxn:2:114893:125247	COc1cccc(C(CC(C)C)Nc2cc(-c3nnnn3CC(C)C)ccn2)c1	0.019705
rxn:2:106290:156750	CCN1CCC(n2cccc(NC(C)c3ncc(-c4ccco4)cc3OC)c2=O)CC1	0.019697
rxn:2:76062:146827	Cc1cc(-c2ccc(C(C)Nc3nnc(-c4cncs4)s3)s2)cc(=O)[nH]1	0.019696
rxn:2:76062:158018	Cc1cc(-c2ccc(C(C)Nc3nnc(-c4cncs4)s3)s2)c[nH]c1=O	0.019696
rxn:2:76062:166631	Cc1c[nH]c(-c2ccc(C(C)Nc3nnc(-c4cncs4)s3)s2)cc1=O	0.019696
rxn:2:75765:138194	Cc1cc(NC(C)c2ccc(-c3ccccc3)cn2)cc2cccnc12	0.019695
rxn:2:114893:135404	Cc1cc2ncc(C(C)Nc3cc(-c4nnnn4CC(C)C)ccn3)cn2n1	0.019693
rxn:2:71994:162733	CCc1ccc2cccnc2c1NC(C)c1ccc(-c2ncc[nH]c2=O)cn1	0.019692
rxn:2:136403:162733	CCc1cccc2cc(NC(C)c3ccc(-c4ncc[nH]c4=O)cn3)cnc12	0.019692
rxn:2:95402:166175	CC(C)c1ccc2nc3n(c2c1)CCC3NCC1CN(C)CC(C)(C)N1c1ccccc1	0.019686
rxn:2:142176:66800	COc1cc(CN2CC(NC(C)c3cccc(-c4ccsc4)c3)C2)cc(OC)c1	0.019680
rxn:2:106023:162733	Cc1cccc(-c2nc(NC(C)c3ccc(-c4ncc[nH]c4=O)cn3)no2)c1	0.019678
rxn:2:72141:73581	CC1(Oc2cccc(NC(c3cccc(C4CC4)c3)C3CC3)c2)CCCCC1	0.019677
rxn:2:141688:143157	COc1csc(-c2ccc3c(c2)OCC3NCC(F)CCc2ccccc2)c1	0.019667
rxn:2:103696:124477	Cc1ccc(S(=O)(=O)CC2CC(Nc3nc(-c4ccc(N(C)C)cc4)ns3)C2)cc1	0.019658
rxn:2:94145:147610	COc1cccc(-c2cnn3c(C)c(C(C)NC[C@@H]4CCCC[C@@H]4N(C)C)cnc23)c1	0.019657
rxn:2:157350:93584	Cc1cc(N2CCC(CNC3CCc4cc(N5CCOCC5)ccc43)CC2)n2ncnc2c1	0.019655
rxn:2:114893:124774	Cc1cc(C)cc(C(CC(C)C)Nc2cc(-c3nnnn3CC(C)C)ccn2)c1	0.019654
rxn:2:163011:96141	Cc1cc2c(N3CCC(NC(C)c4cccc(-n5cccn5)c4)C3)nccn2n1	0.019653
rxn:2:114318:103571	Cc1ccc(-c2csc(CNC(C)c3cc4c(s3)CCCC4)c2)cc1C	0.019651
rxn:2:83647:91021	CCCCC(Nc1ccc(OCc2ccc(C)cc2)cc1)c1cnccn1	0.019642
rxn:2:92970:91021	CCCCC(Nc1ccc(COc2ccc(C)cc2)cc1)c1cnccn1	0.019642
rxn:2:103046:91021	CCCCC(Nc1cccc(OCc2ccc(C)cc2)c1)c1cnccn1	0.019642
rxn:2:120046:96141	CC(NC1CCCN(c2nccn3nccc23)C1)c1cccc(-n2cccn2)c1	0.019642
rxn:2:99657:172564	CCOc1ccc(-c2ccc(C(C)NC3CCN(CC4CCCO4)C3)s2)cc1CC	0.019637
rxn:2:72785:66800	CC(NC1(CCc2ccsc2)CCC1)c1cccc(-c2ccsc2)c1	0.019630
rxn:2:157350:164897	Cc1cc(N2CCC(CNC(c3cc(=O)n(C)c(=O)n3C)C(C)C)CC2)n2ncnc2c1	0.019629
rxn:2:128080:156750	COc1cc(-c2ccco2)cnc1C(C)NC1CCN(Cc2nnc(C(C)(C)C)o2)C1	0.019629
rxn:2:149062:115580	CC(N[C@@H]1CCN(c2ncnc3ccccc23)C1)c1cccc(-n2ccnn2)c1	0.019623
rxn:2:149062:91297	CC(N[C@@H]1CCN(c2ncnc3ccccc23)C1)c1ccnc(-n2cccn2)c1	0.019623
rxn:2:149062:98289	CC(N[C@@H]1CCN(c2ncnc3ccccc23)C1)c1cccc(-n2cncn2)c1	0.019623
rxn:2:149062:134155	CC(N[C@@H]1CCN(c2ncnc3ccccc23)C1)c1cccc(-n2cnnc2)c1	0.019623
rxn:2:149062:67839	CC(N[C@@H]1CCN(c2ncnc3ccccc23)C1)c1ccc(-n2cccn2)cn1	0.019623
rxn:2:149062:136793	CC(N[C@@H]1CCN(c2ncnc3ccccc23)C1)c1ccc(-n2cccn2)nc1	0.019623
rxn:2:149062:111683	CC(N[C@@H]1CCN(c2ncnc3ccccc23)C1)c1cccnc1-n1cccn1	0.019623
rxn:2:149062:101722	CC(N[C@@H]1CCN(c2ncnc3ccccc23)C1)c1ccc(-n2ccnn2)cc1	0.019623
rxn:2:149062:66495	CC(N[C@@H]1CCN(c2ncnc3ccccc23)C1)c1ccc(-n2cncn2)cc1	0.019623
rxn:2:149062:89937	CC(N[C@@H]1CCN(c2ncnc3ccccc23)C1)c1cnn(-c2ccccn2)c1	0.019623
rxn:2:149062:113595	CC(N[C@@H]1CCN(c2ncnc3ccccc23)C1)c1ccnc(-n2ccnc2)c1	0.019623
rxn:2:129548:73911	CCOc1ccc(C(CS(C)(=O)=O)NCc2sc3[nH]nc(CC)c3c2C)cc1	0.019622
rxn:2:133078:156750	COc1cc(-c2ccco2)cnc1C(C)Nc1cccn(CC2CC(C)(C)C2)c1=O	0.019618
rxn:2:124234:96141	CC(NC1CCN(c2nccc3sccc23)C1)c1cccc(-n2cccn2)c1	0.019611
rxn:2:80027:96141	CC(NC1CCN(c2nc3ccccc3s2)C1)c1cccc(-n2cccn2)c1	0.019611
rxn:2:118188:154155	CS(=O)(=O)n1cc(-c2ccc3c(c2)C(Nc2cncc4ncsc24)CO3)cn1	0.019610
rxn:2:119876:96141	CC(NC1CCN(c2ncnc3nn[nH]c23)C1)c1cccc(-n2cccn2)c1	0.019608
rxn:2:157350:127629	Cc1cc(N2CCC(CNC3CCOc4ccc(OC(C)C)cc43)CC2)n2ncnc2c1	0.019608
rxn:2:102205:102220	CCCOc1ccc(C(NCC2CC2CN2CCc3ccccc3C2)C2CC2)cc1	0.019606
rxn:2:114893:70750	CCOc1cc(C)cc(C(CC)Nc2cc(-c3nnnn3CC(C)C)ccn2)c1	0.019606
rxn:2:114893:97563	CCOc1ccc(C(CC)Nc2cc(-c3nnnn3CC(C)C)ccn2)cc1C	0.019606
rxn:2:114893:98838	CCOc1cc(C(CC)Nc2cc(-c3nnnn3CC(C)C)ccn2)ccc1C	0.019606
rxn:2:114893:116320	CCCC(Nc1cc(-c2nnnn2CC(C)C)ccn1)c1ccc(OC)cc1C	0.019606
rxn:2:114893:108718	CCC(Nc1cc(-c2nnnn2CC(C)C)ccn1)c1ccc(C(C)OC)cc1	0.019605
rxn:2:128416:125732	CCC(Nc1ccc(-n2c(C)ccc2C)c(OC)c1)c1cc(C)cc(OC)c1	0.019604
rxn:2:144340:88070	COc1cc(C(C)NC(C)c2cc(=O)[nH]c(-c3ccccn3)n2)cc(OC)c1OC	0.019600
rxn:2:154196:100712	Cc1cnc(-n2nc(C)c(C3CC3)c2NC(C)c2cc(C)c(C)c(C)c2)c(C)c1	0.019597
rxn:2:154196:101622	Cc1cnc(-n2nc(C)c(C3CC3)c2NC(C)c2cc(C)c(C)cc2C)c(C)c1	0.019597
rxn:2:154196:122639	Cc1cnc(-n2nc(C)c(C3CC3)c2NC(C)c2c(C)cc(C)cc2C)c(C)c1	0.019597
rxn:2:102205:162134	CC(=O)n1cc(-c2ncc(C(C)NCC3CC3CN3CCc4ccccc4C3)s2)cn1	0.019597
rxn:2:136710:156750	CCc1nc(CNC(C)c2ncc(-c3ccco3)cc2OC)ccc1OC1CC1	0.019595
rxn:2:83119:153276	CC(C)Oc1cncc(-c2ccc(C(C)Nc3nc4c(s3)C[C@H](C)CC4)nc2)c1	0.019587
rxn:2:87354:153276	CC1CCc2nc(NC(C)c3ccc(-c4cncc(OC(C)C)c4)cn3)sc2C1	0.019587
rxn:2:92005:153276	CC(C)Oc1cncc(-c2ccc(C(C)Nc3nc4c(s3)C[C@@H](C)CC4)nc2)c1	0.019587
rxn:2:136068:153276	CC1CCc2sc(NC(C)c3ccc(-c4cncc(OC(C)C)c4)cn3)nc2C1	0.019587
rxn:2:157350:102071	Cc1cc(N2CCC(CNC3CCCCc4cc5c(cc43)OCO5)CC2)n2ncnc2c1	0.019587
rxn:2:132418:112261	CCOc1ccccc1C(Nc1ncnc2[nH]cc(C)c12)c1ccsc1	0.019585
rxn:2:151312:96141	CC(NC1CCN(c2ncnc3ccccc23)C1)c1cccc(-n2cccn2)c1	0.019584
rxn:2:163191:96141	CC(N[C@H]1CCN(c2ncnc3ccccc23)C1)c1cccc(-n2cccn2)c1	0.019584
rxn:2:149062:94968	CC(N[C@@H]1CCN(c2ncnc3ccccc23)C1)c1ccc(-n2cccn2)cc1	0.019584
rxn:2:149062:108354	CC(N[C@@H]1CCN(c2ncnc3ccccc23)C1)c1cccc(-n2ccnc2)c1	0.019584
rxn:2:149062:107963	CC(N[C@@H]1CCN(c2ncnc3ccccc23)C1)c1ccccc1-n1cccn1	0.019584
rxn:2:149062:79137	CC(N[C@@H]1CCN(c2ncnc3ccccc23)C1)c1cnn(-c2ccccc2)c1	0.019584
rxn:2:149062:79113	CC(N[C@@H]1CCN(c2ncnc3ccccc23)C1)c1ccn(-c2ccccc2)n1	0.019584
rxn:2:149062:132251	CC(N[C@@H]1CCN(c2ncnc3ccccc23)C1)c1ccnn1-c1ccccc1	0.019584
rxn:2:149062:103282	CC(N[C@@H]1CCN(c2ncnc3ccccc23)C1)c1ccc(-n2ccnc2)cc1	0.019584
rxn:2:149062:114109	CC(N[C@@H]1CCN(c2ncnc3ccccc23)C1)c1nccn1-c1ccccc1	0.019584
rxn:2:118713:97126	COc1cc(NC(CC(C)C)c2cccc(C)c2C)ccc1-n1cnc(C)c1	0.019580
rxn:2:84173:142811	Cc1ccc(-c2cccc(C(C)Nc3c(C)nc4ccccn34)c2)cc1	0.019569
rxn:2:132418:165447	Cc1c[nH]c2ncnc(NC(CSc3nncn3C)c3cccn3C)c12	0.019567
rxn:2:161788:118131	Cc1cnc(C2CC(Nc3cccc(-c4cn5cc(C)sc5n4)c3)C2)s1	0.019562
rxn:2:102368:66800	CC(NC1CCN(Cc2ccc(N(C)C)cc2)C1)c1cccc(-c2ccsc2)c1	0.019559
rxn:2:147372:71823	Cc1nsc2ccc3nc(NC(C)c4nc5c(s4)CCCC5)sc3c12	0.019556
rxn:2:95402:152359	Cc1ncc(-c2ccc(C(C)NCC3CN(C)CC(C)(C)N3c3ccccc3)s2)n1C	0.019550
rxn:2:95402:154742	Cc1cc(-c2ccc(C(C)NCC3CN(C)CC(C)(C)N3c3ccccc3)s2)n(C)n1	0.019550
rxn:2:163553:131919	Cc1cc(C)c(C2CC(NC(c3cc4c(cc3C)n(C)c(=O)n4C)C(C)C)C2)c(C)c1	0.019545
rxn:2:132369:107408	CC(Nc1nnc(-c2cccs2)s1)c1ccc(-c2ccsc2)s1	0.019528
rxn:2:127636:107408	CC(Nc1nnc(-c2ccsc2)s1)c1ccc(-c2ccsc2)s1	0.019528
rxn:2:164228:96141	Cc1nnc2c(N3CCC(NC(C)c4cccc(-n5cccn5)c4)C3)nccn12	0.019526
rxn:2:153872:96141	Cc1cn2nncc2c(N2CCC(NC(C)c3cccc(-n4cccn4)c3)C2)n1	0.019526
rxn:2:147500:99472	COc1ccc2c(c1)CCC(NC(C)c1cnn(Cc3ccc4c(c3)OCO4)c1)CC2	0.019517
rxn:2:147500:93088	COc1ccc2c(c1)CCCC(NC(C)c1cnn(Cc3ccc4c(c3)OCO4)c1)C2	0.019517
rxn:2:147500:118273	COc1ccc2c(c1)CC(NC(C)c1cnn(Cc3ccc4c(c3)OCO4)c1)CCC2	0.019517
rxn:2:75765:162685	Cc1ccc(-c2ccnc(C(C)Nc3cc(C)c4ncccc4c3)c2)cn1	0.019517
rxn:2:75765:149076	Cc1ccc(-c2cnc(C(C)Nc3cc(C)c4ncccc4c3)cn2)cc1	0.019517
rxn:2:156652:66943	CCC(Cc1ccc2c(c1)OCO2)NC1CC(C)(C)Cc2c1ccn2-c1nccs1	0.019515
rxn:2:141638:166390	COCCn1nc(C2CC2)cc1NC1CCCc2cc(-c3cncc(C)c3)ccc21	0.019503
rxn:2:95402:121446	Cc1ncc(-c2ccc(C(C)NCC3CN(C)CC(C)(C)N3c3ccccc3)s2)cn1	0.019502
rxn:2:95402:160850	Cc1ccnc(-c2ccc(C(C)NCC3CN(C)CC(C)(C)N3c3ccccc3)s2)n1	0.019502
rxn:2:95402:78178	Cc1ccc(-c2ncc(C(C)NCC3CN(C)CC(C)(C)N3c3ccccc3)s2)cn1	0.019502
rxn:2:95402:155020	Cc1cncnc1-c1ccsc1C(C)NCC1CN(C)CC(C)(C)N1c1ccccc1	0.019502
rxn:2:95402:155906	Cc1cccnc1-c1ncc(C(C)NCC2CN(C)CC(C)(C)N2c2ccccc2)s1	0.019502
rxn:2:147500:98366	CCC1Cc2ccc(OC)cc2C1NC(C)c1cnn(Cc2ccc3c(c2)OCO3)c1	0.019499
rxn:2:113672:160406	Cc1cc(-c2cnc(C)c(C)c2)ccc1C(C)NCCC1CC1c1cc[nH]c1	0.019483
rxn:2:102205:132052	CC(C)(C)Oc1ccc(C(NCC2CC2CN2CCc3ccccc3C2)C2CC2)cc1	0.019481
rxn:2:147500:103589	COc1ccc(C2CCCC2NC(C)c2cnn(Cc3ccc4c(c3)OCO4)c2)cc1	0.019479
rxn:2:147500:74231	COc1cccc([C@H]2CCC(NC(C)c3cnn(Cc4ccc5c(c4)OCO5)c3)C2)c1	0.019479
rxn:2:147500:96489	COc1cccc(C2CCC(NC(C)c3cnn(Cc4ccc5c(c4)OCO5)c3)C2)c1	0.019479
rxn:2:147500:116312	COc1cccc([C@@H]2CCC(NC(C)c3cnn(Cc4ccc5c(c4)OCO5)c3)C2)c1	0.019479
rxn:2:147500:69061	COc1ccccc1[C@H]1CCC(NC(C)c2cnn(Cc3ccc4c(c3)OCO4)c2)C1	0.019479
rxn:2:147500:97195	COc1ccccc1[C@@H]1CCC(NC(C)c2cnn(Cc3ccc4c(c3)OCO4)c2)C1	0.019479
rxn:2:147500:109180	COc1ccccc1C1CCC(NC(C)c2cnn(Cc3ccc4c(c3)OCO4)c2)C1	0.019479
rxn:2:147500:95843	COc1ccc([C@H]2CCC(NC(C)c3cnn(Cc4ccc5c(c4)OCO5)c3)C2)cc1	0.019479
rxn:2:147500:104369	COc1ccc([C@@H]2CCC(NC(C)c3cnn(Cc4ccc5c(c4)OCO5)c3)C2)cc1	0.019479
rxn:2:147500:120112	COc1ccc(C2CCC(NC(C)c3cnn(Cc4ccc5c(c4)OCO5)c3)C2)cc1	0.019479
rxn:2:156652:72271	CCCCC(NC1CC(C)(C)Cc2c1ccn2-c1nccs1)c1cccnc1	0.019476
rxn:2:102205:107074	COc1cccc(C(NCC2CC2CN2CCc3ccccc3C2)C2CCCCC2)c1	0.019476
rxn:2:102205:91763	COc1ccc(C(NCC2CC2CN2CCc3ccccc3C2)C2CCCCC2)cc1	0.019476
rxn:2:102205:76731	COc1ccccc1C(NCC1CC1CN1CCc2ccccc2C1)C1CCCCC1	0.019476
rxn:2:141374:66800	CC(NC1CCCCN(Cc2ccccc2)C1)c1cccc(-c2ccsc2)c1	0.019474
rxn:2:121479:124477	Cc1ccc(S(=O)(=O)CC2CC(NCC(C)c3nc(-c4cnccn4)no3)C2)cc1	0.019472
rxn:2:114893:98477	CCC(Nc1cc(-c2nnnn2CC(C)C)ccn1)c1cccc(OC(C)C)c1	0.019470
rxn:2:114893:70693	CCC(Nc1cc(-c2nnnn2CC(C)C)ccn1)c1ccc(OC(C)C)cc1	0.019470
rxn:2:149062:73519	Cn1cccc1C(COCC1CCOC1)N[C@@H]1CCN(c2ncnc3ccccc23)C1	0.019465
rxn:2:95402:150793	CC(NCC1CN(C)CC(C)(C)N1c1ccccc1)c1ccc(-c2cc(=O)cc[nH]2)s1	0.019455
rxn:2:95402:154412	CC(NCC1CN(C)CC(C)(C)N1c1ccccc1)c1ccc(-c2ccc[nH]c2=O)s1	0.019455
rxn:2:81887:127550	CCc1c(NC(Cc2cc(C)cc(C)c2)c2ccco2)nc(N2CCOCC2)[nH]c1=O	0.019452
rxn:2:162802:96141	CC(NC1CCN(c2ncnc3nccnc23)C1)c1cccc(-n2cccn2)c1	0.019451
rxn:2:149062:98527	CC(N[C@@H]1CCN(c2ncnc3ccccc23)C1)c1cccc(-n2cnnn2)c1	0.019451
rxn:2:149062:83719	CC(N[C@@H]1CCN(c2ncnc3ccccc23)C1)c1cnn(-c2ncccn2)c1	0.019451
rxn:2:165746:124477	Cc1ccc(S(=O)(=O)CC2CC(Nc3cc(-c4cnccn4)nc(C4CC4)n3)C2)cc1	0.019448
rxn:2:154196:83745	Cc1cnc(-n2nc(C)c(C3CC3)c2NC(C)c2ccc(C3CC3)s2)c(C)c1	0.019441
rxn:2:132418:151179	Cc1c[nH]c2ncnc(NC(C)c3ccc4c(c3)-c3ccccc3-4)c12	0.019422
rxn:2:95402:121923	CC(NCC1CN(C)CC(C)(C)N1c1ccccc1)c1ccccc1SC1CCOCC1	0.019419
rxn:2:132720:94554	COc1ccc(C2CC(NC(C)c3nnc(SCc4ccccc4)o3)C2)cc1	0.019417
rxn:2:155066:99378	COc1cccc(C(C)Nc2nonc2-c2nc3ccc(OC)cc3s2)c1	0.019414
rxn:2:128332:149207	c1cc(-c2ccc3c(c2)CCC(NC2CCOC4(CCSCC4)C2)C3)c2cn[nH]c2c1	0.019413
rxn:2:157603:96141	Cc1c[nH]c(=O)n1-c1ccc(CNC(C)c2cccc(-n3cccn3)c2)cc1	0.019409
rxn:2:100467:153276	CCN1CCc2nc(NC(C)c3ccc(-c4cncc(OC(C)C)c4)cn3)oc2CC1	0.019395
rxn:2:95925:66800	CC(NCC1CCN(Cc2ccsc2)CC1)c1cccc(-c2ccsc2)c1	0.019394
rxn:2:128694:66800	CC(NCC1CCCN(Cc2ccsc2)C1)c1cccc(-c2ccsc2)c1	0.019394
rxn:2:76062:87817	CCC(Nc1nnc(-c2cncs2)s1)c1ccc(-c2ccncc2)s1	0.019388
rxn:2:85121:160406	CC[C@H](NC(C)c1ccc(-c2cnc(C)c(C)c2)cc1C)c1nnc(C2CC2)[nH]1	0.019382
rxn:2:95402:111172	CCc1nccn1-c1csc(C(C)NCC2CN(C)CC(C)(C)N2c2ccccc2)n1	0.019380
rxn:2:155936:118518	COc1ccc2c(c1C)CCC2Nc1ccc2[nH]c(-c3ccco3)nc2c1	0.019370
rxn:2:156908:118090	CC1(C2CC(Nc3nnc(-c4cc5ccccc5o4)o3)c3ccnn32)CCC1	0.019370
rxn:2:123758:96141	CSc1ccnc(N2CCC(NC(C)c3cccc(-n4cccn4)c3)C2)n1	0.019369
rxn:2:154196:90111	Cc1cnc(-n2nc(C)c(C3CC3)c2NC(C)c2cnc(C(C)(C)C)s2)c(C)c1	0.019365
rxn:2:147500:131919	Cc1cc(C)c(C2CC(NC(C)c3cnn(Cc4ccc5c(c4)OCO5)c3)C2)c(C)c1	0.019361
rxn:2:102143:155128	CCOc1ncccc1-c1cccc2c1CCC2NC1(CC)Cc2ccccc2C1	0.019355
rxn:2:118713:106287	COc1cc(NC(C)c2cccc3sccc23)ccc1-n1cnc(C)c1	0.019353
rxn:2:118713:128808	COc1cc(NC(C)c2cccc3ccsc23)ccc1-n1cnc(C)c1	0.019353
rxn:2:75765:167946	COc1ccc2c(C(C)Nc3cc(C)c4ncccc4c3)cccc2c1	0.019340
rxn:2:66048:172564	CCOc1ccc(-c2ccc(C(C)NC3CCN(CC(C)(C)C)C3)s2)cc1CC	0.019336
rxn:2:74662:172564	CCOc1ccc(-c2ccc(C(C)N[C@@H]3CCN(CC(C)(C)C)C3)s2)cc1CC	0.019336
rxn:2:81840:172564	CCOc1ccc(-c2ccc(C(C)N[C@H]3CCN(CC(C)(C)C)C3)s2)cc1CC	0.019336
rxn:2:73848:71205	CC(CCC1(C2CCC2)COC1)NCC1CCCCN1CCC1CCCCC1	0.019334
rxn:2:95402:151641	CC(NCC1CN(C)CC(C)(C)N1c1ccccc1)c1ccc(-c2ccc(=O)n(C)n2)s1	0.019329
rxn:2:114893:120517	COCCC(Nc1cc(-c2nnnn2CC(C)C)ccn1)c1cccc(OC)c1	0.019318
rxn:2:142401:120702	Cc1ccc2cc(CC(C)(C)CNC3CCC4(CC3)C(C(C)C)C4(F)F)ccc2n1	0.019317
rxn:2:80782:163676	COc1ccc(C(Nc2c(C)c(C)nn2C2CCCN(C)C2)c2ccsc2)cc1C	0.019314
rxn:2:142401:115521	COc1cncc(N2CCC(NCC(C)(C)Cc3ccc4nc(C)ccc4c3)CC2)c1	0.019313
rxn:2:111521:163676	COc1ccc(C(NC2CCN(Cc3ccccn3)CC2C)c2ccsc2)cc1C	0.019309
rxn:2:147500:105516	COCn1c(C)ccc(C(C)NC(C)c2cnn(Cc3ccc4c(c3)OCO4)c2)c1=O	0.019307
rxn:2:117535:149207	c1cc(-c2ccc3c(c2)CCC(NCC2CCOC4(CCCC4)C2)C3)c2cn[nH]c2c1	0.019305
rxn:2:142401:131791	Cc1ccc2cc(CC(C)(C)CNC3CC(c4noc(C5CCC5)n4)C3)ccc2n1	0.019298
rxn:2:163191:127749	COc1ccc(C(CN(C)C(C)C)N[C@H]2CCN(c3ncnc4ccccc34)C2)cc1	0.019287
rxn:2:139954:107408	CCn1cc(-c2nnc(NC(C)c3ccc(-c4ccsc4)s3)s2)cn1	0.019286
rxn:2:123517:66800	CCc1ccc(CN2CCC(NC(C)c3cccc(-c4ccsc4)c3)C2)cc1	0.019284
rxn:2:156928:96141	Cc1cc(N2CC(NC(C)c3cccc(-n4cccn4)c3)C2)c2ccccc2n1	0.019279
rxn:2:163553:83535	Cc1cc2c(cc1C(NC(C)c1cnc(C3CCCC3)s1)C(C)C)n(C)c(=O)n2C	0.019272
rxn:2:97146:156750	COc1cc(-c2ccco2)cnc1C(C)Nc1cccn(CC2CCCCC2)c1=O	0.019269
rxn:2:138564:155128	CCOc1ncccc1-c1cccc2c1CCC2NC1(CC)CC(C)CC(C)(C)C1	0.019268
rxn:2:163191:141934	CC(N[C@H]1CCN(c2ncnc3ccccc23)C1)c1nc(-c2cccnc2)no1	0.019262
rxn:2:75765:130481	COc1ccc(-c2nc(C(C)Nc3cc(C)c4ncccc4c3)c[nH]2)cc1	0.019258
rxn:2:102205:99948	COc1ccc(OCC2CC2)c(C(C)NCC2CC2CN2CCc3ccccc3C2)c1	0.019257
rxn:2:102205:72159	CCOc1ccc(OC)c(C(NCC2CC2CN2CCc3ccccc3C2)C2CC2)c1	0.019257
rxn:2:147092:102652	Cc1ccc2nc(-c3cn[nH]c3NC3CCC4(CCC(C)CC4)CC3)[nH]c2c1	0.019253
rxn:2:77971:66800	CSc1ccc(CN2CC(NC(C)c3cccc(-c4ccsc4)c3)C2)cc1	0.019247
rxn:2:154196:85181	CCCC(Nc1c(C2CC2)c(C)nn1-c1ncc(C)cc1C)C1CCCN1C1CCC1	0.019246
rxn:2:132071:160406	Cc1cc(-c2cnc(C)c(C)c2)ccc1C(C)NCCC1CC1c1cscn1	0.019237
rxn:2:83624:160406	Cc1cc(-c2cnc(C)c(C)c2)ccc1C(C)NCCC1CC1c1nccs1	0.019237
rxn:2:135915:160406	Cc1cc(-c2cnc(C)c(C)c2)ccc1C(C)NCCC1CC1c1[nH]cnc1C	0.019235
rxn:2:116316:160406	Cc1cc(-c2cnc(C)c(C)c2)ccc1C(C)NCCC1CC1c1cn[nH]c1C	0.019235
rxn:2:82519:160406	Cc1nc(C2CC2CCNC(C)c2ccc(-c3cnc(C)c(C)c3)cc2C)c[nH]1	0.019235
rxn:2:147500:135867	COc1ccc2c(c1)C(C)(C)C(NC(C)c1cnn(Cc3ccc4c(c3)OCO4)c1)CC2	0.019224
rxn:2:147500:138342	COc1ccc2c(c1)CCC(NC(C)c1cnn(Cc3ccc4c(c3)OCO4)c1)C2(C)C	0.019224
rxn:2:157350:110171	Cc1cc(N2CCC(CNC3CCCOc4cc5c(cc43)CCCC5)CC2)n2ncnc2c1	0.019220
rxn:2:141906:154155	Cn1cnc2cccc(NC3COc4ccc(-c5cnn(S(C)(=O)=O)c5)cc43)c21	0.019219
rxn:2:67377:154155	Cn1cnc2cc(NC3COc4ccc(-c5cnn(S(C)(=O)=O)c5)cc43)ccc21	0.019219
rxn:2:119764:154155	Cn1cnc2ccc(NC3COc4ccc(-c5cnn(S(C)(=O)=O)c5)cc43)cc21	0.019219
rxn:2:137362:154155	Cn1cnc2c(NC3COc4ccc(-c5cnn(S(C)(=O)=O)c5)cc43)cccc21	0.019219
rxn:2:136852:154155	Cn1ccc2c(NC3COc4ccc(-c5cnn(S(C)(=O)=O)c5)cc43)cncc21	0.019219
rxn:2:114503:137605	CCn1c(C)nnc1C1CCC(CNC(c2cccc(OC)c2)c2ccco2)CC1	0.019217
rxn:2:131385:67000	CCc1ccc(C(CN(C)CC)Nc2cc(Cc3ccc(C)cc3)ncn2)cc1	0.019216
rxn:2:84934:107408	Cc1ccoc1-c1nnc(NC(C)c2ccc(-c3ccsc3)s2)s1	0.019214
rxn:2:101776:107408	Cc1occc1-c1nnc(NC(C)c2ccc(-c3ccsc3)s2)s1	0.019214
rxn:2:99804:156750	COc1cc(-c2ccco2)cnc1C(C)Nc1cccn(CCN2CCOCC2)c1=O	0.019201
rxn:2:68917:162733	COc1ccc(NC(C)c2ccc(-c3ncc[nH]c3=O)cn2)c(OCC(C)(F)F)c1	0.019201
rxn:2:156652:76741	COCCC(Cc1ccccc1)NC1CC(C)(C)Cc2c1ccn2-c1nccs1	0.019199
rxn:2:156652:91364	CCCC(Cc1ccccc1)NC1CC(C)(C)Cc2c1ccn2-c1nccs1	0.019197
rxn:2:156652:130950	CCC(CCc1ccccc1)NC1CC(C)(C)Cc2c1ccn2-c1nccs1	0.019197
rxn:2:156652:103431	CC1CCC(C2CCC(NC3CC(C)(C)Cc4c3ccn4-c3nccs3)CC2)CC1	0.019194
rxn:2:168654:96141	CC(N[C@@H]1CCN(c2cccc3cnccc23)C1)c1cccc(-n2cccn2)c1	0.019190
rxn:2:149062:82968	CC(N[C@@H]1CCN(c2ncnc3ccccc23)C1)c1cccc(-n2cccc2)c1	0.019190
rxn:2:149062:116441	CC(N[C@@H]1CCN(c2ncnc3ccccc23)C1)c1ccc(-n2cccc2)cc1	0.019190
rxn:2:99955:172564	CCCCN1CCC(NC(C)c2ccc(-c3ccc(OCC)c(CC)c3)s2)C1	0.019182
rxn:2:147500:120492	COc1ccc(OC2CCC2NC(C)c2cnn(Cc3ccc4c(c3)OCO4)c2)cc1	0.019179
rxn:2:129548:84786	CCc1n[nH]c2sc(CNC(C)CCc3nc(C)cc(CC(C)C)n3)c(C)c12	0.019171
rxn:2:118713:71198	COc1cc(NC(C)c2cccc3[nH]cc(C)c23)ccc1-n1cnc(C)c1	0.019157
rxn:2:118713:73299	COc1cc(NC(C)c2c[nH]c3c(C)cccc23)ccc1-n1cnc(C)c1	0.019157
rxn:2:118713:95208	COc1cc(NC(C)c2cccc3c(C)c[nH]c23)ccc1-n1cnc(C)c1	0.019157
rxn:2:118713:110901	COc1cc(NC(C)c2c[nH]c3cccc(C)c23)ccc1-n1cnc(C)c1	0.019157
rxn:2:97174:129407	Cc1ccc(C(CSc2nnc[nH]2)Nn2sc3ccccc3c2=O)cc1	0.019154
rxn:2:89344:154155	CS(=O)(=O)n1cc(-c2ccc3c(c2)C(Nc2cncc4ncccc24)CO3)cn1	0.019147
rxn:2:166860:87490	CCCc1nn(-c2ccnc(C(C)C)c2)cc1NC1CCC(CC2CCC2)CC1	0.019144
rxn:2:75765:162819	Cc1cc(NC(C)c2ccc3c4c(cccc24)CC3)cc2cccnc12	0.019144
rxn:2:90211:166390	Cc1cncc(-c2ccc3c(c2)CCCC3Nc2ccc(C(C)C)cc2C)c1	0.019133
rxn:2:88520:172564	CCOc1ccc(-c2ccc(C(C)N[C@H]3CCN(CC4CCC4)C3)s2)cc1CC	0.019127
rxn:2:111337:172564	CCOc1ccc(-c2ccc(C(C)N[C@@H]3CCN(CC4CCC4)C3)s2)cc1CC	0.019127
rxn:2:114704:172564	CCOc1ccc(-c2ccc(C(C)NC3CCN(CC4CCC4)C3)s2)cc1CC	0.019127
rxn:2:146728:118090	CC1(C2CC(Nc3nnc(-c4ccc5ncsc5c4)o3)c3ccnn32)CCC1	0.019127
rxn:2:155066:114486	COc1ccc2nc(-c3nonc3NC(C)c3ccc(C)c(C)c3)sc2c1	0.019126
rxn:2:155066:97388	COc1ccc2nc(-c3nonc3NC(C)c3cc(C)cc(C)c3)sc2c1	0.019126
rxn:2:156652:87947	CCC(Cc1cccc(OC)c1)NC1CC(C)(C)Cc2c1ccn2-c1nccs1	0.019125
rxn:2:156652:111315	CCC(Cc1ccc(OC)cc1)NC1CC(C)(C)Cc2c1ccn2-c1nccs1	0.019125
rxn:2:156652:127216	CCC(Cc1ccccc1OC)NC1CC(C)(C)Cc2c1ccn2-c1nccs1	0.019125
rxn:2:114503:72475	CCn1c(C)nnc1C1CCC(CNC2CCC([C@H]3CC[C@H](CC)CC3)CC2)CC1	0.019121
rxn:2:114503:73401	CCC1CCC(C2CCC(NCC3CCC(c4nnc(C)n4CC)CC3)CC2)CC1	0.019121
rxn:2:147092:88788	Cc1ccc2nc(-c3cn[nH]c3NC3CCC(n4ccnn4)CC3)[nH]c2c1	0.019118
rxn:2:137927:155128	CCOc1ncccc1-c1cccc2c1CCC2NC1(Cn2cccn2)CC(F)(F)C1	0.019118
rxn:2:83384:155128	CCOc1ncccc1-c1cccc2c1CCC2NC1(Cn2ccnc2)CC(F)(F)C1	0.019118
rxn:2:133449:153606	CCc1cccc2c1OCCC2NC(C)c1ncc(-c2ccc(C)c(OC)c2)s1	0.019116
rxn:2:147500:102437	CC1CC(NC(C)c2cnn(Cc3ccc4c(c3)OCO4)c2)CC(c2ccccc2)C1	0.019114
rxn:2:142401:69839	Cc1ccc2cc(CC(C)(C)CNC3CC(Cc4noc(C5CC5)n4)C3)ccc2n1	0.019112
rxn:2:155066:123605	COc1ccc2nc(-c3nonc3NC(C)c3ccc4c(c3)OCO4)sc2c1	0.019110
rxn:2:149062:84899	CCC(C(C)C)n1ccc2c1CCCC2N[C@@H]1CCN(c2ncnc3ccccc23)C1	0.019107
rxn:2:76062:87629	CC(Nc1nnc(-c2cncs2)s1)c1ccc(Cc2ccccc2)s1	0.019106
rxn:2:105162:107408	Cc1ncsc1-c1nnc(NC(C)c2ccc(-c3ccsc3)s2)s1	0.019104
rxn:2:76062:141988	Cc1cc(-c2ccc(C(C)Nc3nnc(-c4cncs4)s3)s2)cs1	0.019104
rxn:2:67943:107408	Cc1nc(-c2nnc(NC(C)c3ccc(-c4ccsc4)s3)s2)cs1	0.019104
rxn:2:76062:68807	Cc1ccsc1-c1ccc(C(C)Nc2nnc(-c3cncs3)s2)s1	0.019104
rxn:2:118713:118142	COc1cc(NC(C)c2coc3c(C)cccc23)ccc1-n1cnc(C)c1	0.019103
rxn:2:154406:71823	CC(Nc1ccc2c3ccccc3n(C)c2c1)c1nc2c(s1)CCCC2	0.019102
rxn:2:71724:103571	CCc1nc2cc(NC(C)c3cc4c(s3)CCCC4)ccc2n1C(C)CC	0.019100
rxn:2:118713:97999	COc1cc(NC(C)c2cccc(C)c2OCC2CC2)ccc1-n1cnc(C)c1	0.019099
rxn:2:103961:91021	CCCCC(Nc1ccc(CCc2ccc(C)cc2)cc1)c1cnccn1	0.019097
rxn:2:156652:98548	CC(C)(C)CC(NC1CC(C)(C)Cc2c1ccn2-c1nccs1)c1cccnc1	0.019094
rxn:2:156652:87469	CC1(C)Cc2c(ccn2-c2nccs2)C(NC2CCC(Cc3cccnc3)CC2)C1	0.019093
rxn:2:92930:153276	COc1cncc(C2(NC(C)c3ccc(-c4cncc(OC(C)C)c4)cn3)COC2)c1	0.019092
rxn:2:102205:100970	COc1cccc(C(NCC2CC2CN2CCc3ccccc3C2)c2ccccn2)c1	0.019081
rxn:2:102205:122946	COc1ccc(C(NCC2CC2CN2CCc3ccccc3C2)c2ccccn2)cc1	0.019081
rxn:2:154196:95041	CSc1ccc(C(C)Nc2c(C3CC3)c(C)nn2-c2ncc(C)cc2C)s1	0.019078
rxn:2:102205:75286	CCc1cc(C(NCC2CC2CN2CCc3ccccc3C2)C2CCC2)ccc1OC	0.019077
rxn:2:138258:153276	CCN1CCc2nc(NC(C)c3ccc(-c4cncc(OC(C)C)c4)cn3)ccc2C1	0.019074
rxn:2:99110:153276	CCN1CCc2ncc(NC(C)c3ccc(-c4cncc(OC(C)C)c4)cn3)cc2C1	0.019074
rxn:2:129989:172564	CCOc1ccc(-c2ccc(C(C)NC3CCN(CC(C)F)CC3)s2)cc1CC	0.019062
rxn:2:127138:172564	CCOc1ccc(-c2ccc(C(C)NC3CCN(CC(C)(C)F)C3)s2)cc1CC	0.019062
rxn:2:113585:172564	CCOc1ccc(-c2ccc(C(C)NC(C)CN3CCC(F)CC3)s2)cc1CC	0.019062
rxn:2:114503:91206	CCn1c(C)nnc1C1CCC(CNC(CC2CCCC2)CC2CCCC2)CC1	0.019058
rxn:2:147092:123461	Cc1ccc2nc(-c3cn[nH]c3NC3CCC4(CC3)C(F)(F)C43CCC3)[nH]c2c1	0.019053
rxn:2:83041:166390	Cc1cncc(-c2ccc3c(c2)CCCC3Nc2ccn(Cn3cccn3)n2)c1	0.019047
rxn:2:129548:144530	CCc1n[nH]c2sc(CNC(C)c3cn(C(C)=O)c4ccccc34)c(C)c12	0.019046
rxn:2:121514:107408	CC(Nc1nnc(-c2ccccc2)s1)c1ccc(-c2ccsc2)s1	0.019045
rxn:2:87737:107408	CC(Nc1ccc(-c2cncs2)nc1)c1ccc(-c2ccsc2)s1	0.019045
rxn:2:136878:107408	CC(Nc1cccc(-c2cncs2)n1)c1ccc(-c2ccsc2)s1	0.019045
rxn:2:109245:96141	CC(NC1CCN(c2nc3ccccc3o2)CC1)c1cccc(-n2cccn2)c1	0.019041
rxn:2:92179:96141	CC(NC1CCCN(c2nc3ccccc3o2)C1)c1cccc(-n2cccn2)c1	0.019041
rxn:2:139834:96141	CC(NC1CCN(c2nccc3occc23)CC1)c1cccc(-n2cccn2)c1	0.019041
rxn:2:140642:107408	CC(NCC1CCCN(CC2CCCCC2)CC1)c1ccc(-c2ccsc2)s1	0.019041
rxn:2:142401:106663	CCc1noc(C2CCC(NCC(C)(C)Cc3ccc4nc(C)ccc4c3)CC2)n1	0.019036
rxn:2:115995:124477	CCc1nc(-c2cnccn2)sc1CNC1CC(CS(=O)(=O)c2ccc(C)cc2)C1	0.019032
rxn:2:149062:89662	c1ccc(C(Cn2cccn2)N[C@@H]2CCN(c3ncnc4ccccc34)C2)cc1	0.019030
rxn:2:92374:143701	CCCc1c(C(C)Nc2cccc3nc(C)cn23)oc2ccc(C)cc12	0.019009
rxn:2:118713:87510	COc1cc(NC(C)c2cccc3nc(C)sc23)ccc1-n1cnc(C)c1	0.019008
rxn:2:118713:139009	COc1cc(NC(C)c2cccc3sc(C)nc23)ccc1-n1cnc(C)c1	0.019008
rxn:2:157350:135714	Cc1cc(N2CCC(CNC3CCc4cc(N5CCCCC5)ccc43)CC2)n2ncnc2c1	0.018999
rxn:2:124338:149207	c1cc(-c2ccc3c(c2)CCC(NC2CCC4(CCCCO4)CC2)C3)c2cn[nH]c2c1	0.018995
rxn:2:80931:149207	c1cc(-c2ccc3c(c2)CCC(NC2CCOC4(CCCCC4)C2)C3)c2cn[nH]c2c1	0.018995
rxn:2:114893:91621	Cc1ccc2nc(C(C)Nc3cc(-c4nnnn4CC(C)C)ccn3)[nH]c2c1	0.018994
rxn:2:100237:160406	Cc1cc(-c2cnc(C)c(C)c2)ccc1C(C)NCCC1CC1c1cccn1C	0.018979
rxn:2:155066:72130	COc1ccc2nc(-c3nonc3NC(C)c3ccc4c(c3)COC4)sc2c1	0.018974
rxn:2:147500:131220	COc1ccc(N2CCC(NC(C)c3cnn(Cc4ccc5c(c4)OCO5)c3)CC2)cc1	0.018965
rxn:2:114503:90347	CCOc1ccc(C(CC2CC2)NCC2CCC(c3nnc(C)n3CC)CC2)cc1	0.018963
rxn:2:114893:100343	CCc1ccc(C(CC)Nc2cc(-c3nnnn3CC(C)C)ccn2)cc1CC	0.018962
rxn:2:83645:154155	Cn1cnc2ccnc(NC3COc4ccc(-c5cnn(S(C)(=O)=O)c5)cc43)c21	0.018960
rxn:2:89422:154155	Cn1ncc2cncc(NC3COc4ccc(-c5cnn(S(C)(=O)=O)c5)cc43)c21	0.018960
rxn:2:112419:154155	Cn1cnc2cc(NC3COc4ccc(-c5cnn(S(C)(=O)=O)c5)cc43)cnc21	0.018960
rxn:2:65993:154155	Cn1cnc2cnc(NC3COc4ccc(-c5cnn(S(C)(=O)=O)c5)cc43)cc21	0.018960
rxn:2:81853:154155	Cn1cnc2nccc(NC3COc4ccc(-c5cnn(S(C)(=O)=O)c5)cc43)c21	0.018960
rxn:2:91313:154155	Cn1cc2c(NC3COc4ccc(-c5cnn(S(C)(=O)=O)c5)cc43)cncc2n1	0.018960
rxn:2:129320:154155	Cn1cnc2ccc(NC3COc4ccc(-c5cnn(S(C)(=O)=O)c5)cc43)nc21	0.018960
rxn:2:76950:154155	Cn1ncc2nccc(NC3COc4ccc(-c5cnn(S(C)(=O)=O)c5)cc43)c21	0.018960
rxn:2:132606:154155	Cn1ncc2c(NC3COc4ccc(-c5cnn(S(C)(=O)=O)c5)cc43)cncc21	0.018960
rxn:2:79803:154155	Cn1cnc2c(NC3COc4ccc(-c5cnn(S(C)(=O)=O)c5)cc43)ccnc21	0.018960
rxn:2:116803:154155	Cn1cnc2ncc(NC3COc4ccc(-c5cnn(S(C)(=O)=O)c5)cc43)cc21	0.018960
rxn:2:147500:81809	Cc1ccc(C2CCCC(NC(C)c3cnn(Cc4ccc5c(c4)OCO5)c3)C2)cc1	0.018957
rxn:2:147500:128669	Cc1ccc(C2CCC(NC(C)c3cnn(Cc4ccc5c(c4)OCO5)c3)CC2)cc1	0.018957
rxn:2:154196:103571	Cc1cnc(-n2nc(C)c(C3CC3)c2NC(C)c2cc3c(s2)CCCC3)c(C)c1	0.018956
rxn:2:89500:153606	COc1cc(-c2cnc(C(C)NC3(c4nccs4)CCCCC3)s2)ccc1C	0.018955
rxn:2:146509:138214	CC(C)c1cccc2c1CCC2Nn1c(-c2cncs2)nc2ccccc21	0.018953
rxn:2:149062:91107	CCCC(C)N(C)c1ncc(C(C)N[C@@H]2CCN(c3ncnc4ccccc34)C2)s1	0.018948
rxn:2:118713:120234	COc1cc(NC(c2cccc(C)c2C)C2CCCC2)ccc1-n1cnc(C)c1	0.018946
rxn:2:78687:156750	COc1cc(-c2ccco2)cnc1C(C)Nc1cccn([C@H]2CC[C@H](OC)CC2)c1=O	0.018944
rxn:2:118713:79170	COc1cc(NC(C)c2cccc3ccccc23)ccc1-n1cnc(C)c1	0.018939
rxn:2:154196:126286	Cc1cnc(-n2nc(C)c(C3CC3)c2NC(C)c2ccnc(OC(C)C)c2)c(C)c1	0.018935
rxn:2:138078:66800	CC(NCc1cn(Cc2ccsc2)nn1)c1cccc(-c2ccsc2)c1	0.018934
rxn:2:92374:138451	Cc1cn2c(NC(C)CCCc3ccc4ccccc4c3)cccc2n1	0.018932
rxn:2:121883:160406	Cc1cc(-c2cnc(C)c(C)c2)ccc1C(C)NCCC1CC1c1ccccn1	0.018930
rxn:2:77749:160406	Cc1cc(-c2cnc(C)c(C)c2)ccc1C(C)NCCC1CC1c1ccncc1	0.018930
rxn:2:97876:160406	Cc1cc(-c2cnc(C)c(C)c2)ccc1C(C)NCCC1CC1c1cccnc1	0.018930
rxn:2:95402:160978	CC(NCC1CN(C)CC(C)(C)N1c1ccccc1)c1ccc(-c2cn(C)ccc2=O)s1	0.018928
rxn:2:68045:149207	c1cc(-c2ccc3c(c2)CCC(NCC2CC4(CCCCCC4)O2)C3)c2cn[nH]c2c1	0.018921
rxn:2:76062:153591	COc1ccc(-c2ccc(C(C)Nc3nnc(-c4cncs4)s3)s2)cn1	0.018917
rxn:2:76062:142668	COc1cccc(-c2ccc(C(C)Nc3nnc(-c4cncs4)s3)s2)n1	0.018917
rxn:2:76062:165959	COc1cc(-c2ccsc2)cnc1C(C)Nc1nnc(-c2cncs2)s1	0.018917
rxn:2:149062:69835	CC(N[C@@H]1CCN(c2ncnc3ccccc23)C1)c1cnc(-c2ccnn2C)s1	0.018917
rxn:2:132758:96141	CC(N[C@@H]1CCCN(c2ncnc3[nH]ccc23)C1)c1cccc(-n2cccn2)c1	0.018914
rxn:2:141024:96141	CC(NC1CCN(c2ncnc3[nH]ccc23)CC1)c1cccc(-n2cccn2)c1	0.018914
rxn:2:131385:86003	Cc1ccc(Cc2cc(NC3CCCCC3Oc3cc(C)ccc3C)ncn2)cc1	0.018913
rxn:2:163553:80204	Cc1cc2c(cc1C(NC(C)c1cnc3ccoc3c1)C(C)C)n(C)c(=O)n2C	0.018881
rxn:2:101434:149207	c1cc(-c2ccc3c(c2)CCC(NCCC2CCOC4(CCC4)C2)C3)c2cn[nH]c2c1	0.018878
rxn:2:114503:144408	CCn1c(C)nnc1C1CCC(CNC(C)c2ccccc2-c2cncc(C)n2)CC1	0.018868
rxn:2:116918:154155	CS(=O)(=O)n1cc(-c2ccc3c(c2)C(Nc2cncc4nccnc24)CO3)cn1	0.018867
rxn:2:141440:168163	Cc1cncnc1-c1ccc(C(C)NC2CN(CCc3ccccc3)C(C)(C)C2)s1	0.018867
rxn:2:135257:160053	CCOc1cnc(C2CCCO2)cc1CNC1CCN(c2ncnc3c2cnn3C)CC1	0.018860
rxn:2:114893:75521	COc1cccc(C(CC(C)(C)C)Nc2cc(-c3nnnn3CC(C)C)ccn2)c1	0.018858
rxn:2:109301:73581	CCc1c(C2(C)CC2)nn(C2CCC2)c1NC(c1cccc(C2CC2)c1)C1CC1	0.018852
rxn:2:71370:96141	CC(NC1CCCN(c2ncnc3nc[nH]c23)C1)c1cccc(-n2cccn2)c1	0.018849
rxn:2:152928:82225	CCS(=O)(=O)c1nc2c(NC(C)c3csc(CN4CCCC(C)C4)n3)ncnc2[nH]1	0.018843
rxn:2:90440:153086	CCCC(Nc1ccc2c(C)nsc2c1)c1ccc2c(c1)nc(C)n2C	0.018843
rxn:2:147092:82234	Cc1ccc2nc(-c3cn[nH]c3NC3CCC4(CCCCCC4)CC3)[nH]c2c1	0.018841
rxn:2:154196:120808	Cc1cnc(-n2nc(C)c(C3CC3)c2NC(C)c2ncc(C3CC3)cc2C)c(C)c1	0.018833
rxn:2:147500:78351	Cc1ccc(OCC2CC(NC(C)c3cnn(Cc4ccc5c(c4)OCO5)c3)C2)cc1	0.018824
rxn:2:113357:66800	CC(NC1C2CCC1CN(Cc1ccccc1)C2)c1cccc(-c2ccsc2)c1	0.018821
rxn:2:154196:67870	Cc1cnc(-n2nc(C)c(C3CC3)c2NC2CC3(C(C)C)CCC2(C)C3(C)C)c(C)c1	0.018820
rxn:2:93496:154155	Cc1nc2cncc(NC3COc4ccc(-c5cnn(S(C)(=O)=O)c5)cc43)c2o1	0.018811
rxn:2:75376:107408	Cc1c(-c2cncs2)nn(C)c1NC(C)c1ccc(-c2ccsc2)s1	0.018806
rxn:2:168286:96141	CC(Nc1ccc2ncnc(N3CCCC3)c2c1)c1cccc(-n2cccn2)c1	0.018805
rxn:2:149062:106463	CC(N[C@@H]1CCN(c2ncnc3ccccc23)C1)c1cccc(-c2cc[nH]n2)c1	0.018801
rxn:2:149062:131807	CC(N[C@@H]1CCN(c2ncnc3ccccc23)C1)c1cccc(-c2cn[nH]c2)c1	0.018801
rxn:2:127362:66800	CC(C)c1ccc(CN2CC(NC(C)c3cccc(-c4ccsc4)c3)C2)cc1	0.018796
rxn:2:157350:94293	CCCOc1ccc2c(c1)C(NCC1CCN(c3cc(C)cc4ncnn34)CC1)CCO2	0.018793
rxn:2:89752:155128	CCCC1(NC2CCc3c(-c4cccnc4OCC)cccc32)CCC(F)(F)CC1	0.018784
rxn:2:110353:96141	Cc1csc(-c2ccc(CNC(C)c3cccc(-n4cccn4)c3)cc2)n1	0.018782
rxn:2:102205:139493	COc1cccc(CCC(NCC2CC2CN2CCc3ccccc3C2)C2CCC2)c1	0.018782
rxn:2:107452:125732	CCC(Nc1cc(-c2ccsc2)nn1CC(C)C)c1cc(C)cc(OC)c1	0.018780
rxn:2:114893:130953	CCC(Nc1cc(-c2nnnn2CC(C)C)ccn1)c1cc(OC)c(OC)cc1C	0.018774
rxn:2:114893:121285	CCC(Nc1cc(-c2nnnn2CC(C)C)ccn1)c1cc(OC)c(C)cc1OC	0.018774
rxn:2:149062:124686	CC(N[C@@H]1CCN(c2ncnc3ccccc23)C1)c1cccc(-c2nnn[nH]2)c1	0.018772
rxn:2:97943:162733	CCc1ccc(C(CN2CCCC2)NC(C)c2ccc(-c3ncc[nH]c3=O)cn2)cc1	0.018768
rxn:2:95402:122855	CC(NCC1CN(C)CC(C)(C)N1c1ccccc1)c1ccc(-c2cccs2)s1	0.018768
rxn:2:95402:107408	CC(NCC1CN(C)CC(C)(C)N1c1ccccc1)c1ccc(-c2ccsc2)s1	0.018768
rxn:2:85055:160406	Cc1cc(-c2cnc(C)c(C)c2)ccc1C(C)NCCC1CC1c1cn(C)nc1C	0.018749
rxn:2:76759:160406	Cc1cc(-c2cnc(C)c(C)c2)ccc1C(C)NCCC1CC1c1cnn(C)c1C	0.018749
rxn:2:124798:162733	Cc1ccc(-c2ncccn2)cc1NC(C)c1ccc(-c2ncc[nH]c2=O)cn1	0.018747
rxn:2:144340:90343	CC(CC1CCCCCCCCCCC1)NC(C)c1cc(=O)[nH]c(-c2ccccn2)n1	0.018727
rxn:2:84097:149207	Cc1nccnc1C(C)NC1CCc2cc(-c3cccc4[nH]ncc34)ccc2C1	0.018726
rxn:2:100326:155502	Cc1cc(-c2ccc3c(c2)C(N[C@H]2C[C@H](n4cncn4)C2)CC3)cc2cnn(C)c12	0.018724
rxn:2:125386:155502	Cc1cc(-c2ccc3c(c2)C(N[C@H]2C[C@@H](n4cncn4)C2)CC3)cc2cnn(C)c12	0.018724
rxn:2:104354:155502	Cc1cc(-c2ccc3c(c2)C(NC2CC(n4cnnc4)C2)CC3)cc2cnn(C)c12	0.018724
rxn:2:73454:155502	Cc1cc(-c2ccc3c(c2)C(NC2CC(n4ccnn4)C2)CC3)cc2cnn(C)c12	0.018724
rxn:2:107657:155502	Cc1cc(-c2ccc3c(c2)C(N[C@H]2C[C@H](n4ccnn4)C2)CC3)cc2cnn(C)c12	0.018724
rxn:2:127044:155502	Cc1cc(-c2ccc3c(c2)C(N[C@H]2C[C@@H](n4ccnn4)C2)CC3)cc2cnn(C)c12	0.018724
rxn:2:94134:107408	Cc1ccc([C@@H](NC(C)c2ccc(-c3ccsc3)s2)C2CCOCC2)cc1	0.018724
rxn:2:88603:124477	CCOc1ccnc(-c2nsc(NC3CC(CS(=O)(=O)c4ccc(C)cc4)C3)n2)c1	0.018721
rxn:2:91373:124477	CCOc1cccc(-c2nsc(NC3CC(CS(=O)(=O)c4ccc(C)cc4)C3)n2)n1	0.018721
rxn:2:100059:162733	Cc1cccnc1-c1ccnc(NC(C)c2ccc(-c3ncc[nH]c3=O)cn2)n1	0.018720
rxn:2:128585:96141	CC(NC1CCN(c2nc3ccccc3[nH]2)CC1)c1cccc(-n2cccn2)c1	0.018717
rxn:2:82337:96141	CC(NC1CCCN(c2nc3ccccc3[nH]2)C1)c1cccc(-n2cccn2)c1	0.018717
rxn:2:147500:88228	COc1ccc(C2CC(NC(C)c3cnn(Cc4ccc5c(c4)OCO5)c3)CCO2)cc1	0.018715
rxn:2:102205:156697	c1ccc2c(c1)CCN(CC1CC1CNC(c1ccc3ccccc3c1)C1CC1)C2	0.018705
rxn:2:131385:132805	CCCc1ccncc1C(CCC)Nc1cc(Cc2ccc(C)cc2)ncn1	0.018700
rxn:2:157350:120144	COc1cc2c(cc1OC)C(NCC1CCN(c3cc(C)cc4ncnn34)CC1)COCC2	0.018700
rxn:2:157350:140703	Cc1cc(N2CCC(CNC3CCOc4ccc(OC(C)(C)C)cc43)CC2)n2ncnc2c1	0.018691
rxn:2:72362:107408	Cc1ccncc1-c1nnc(NC(C)c2ccc(-c3ccsc3)s2)s1	0.018690
rxn:2:127496:107408	Cc1ncccc1-c1nnc(NC(C)c2ccc(-c3ccsc3)s2)s1	0.018690
rxn:2:76062:139599	Cc1ccc(-c2ccc(C(C)Nc3nnc(-c4cncs4)s3)s2)cc1	0.018690
rxn:2:76062:108201	Cc1cccc(-c2ccc(C(C)Nc3nnc(-c4cncs4)s3)s2)c1	0.018690
rxn:2:76062:104136	Cc1ccccc1-c1ccc(C(C)Nc2nnc(-c3cncs3)s2)s1	0.018690
rxn:2:76062:120822	Cc1ccc(-c2ccc(C(C)Nc3nnc(-c4cncs4)s3)cc2)s1	0.018690
rxn:2:119088:107408	Cc1cncc(-c2nnc(NC(C)c3ccc(-c4ccsc4)s3)s2)c1	0.018690
rxn:2:124704:107408	Cc1ccc(-c2nnc(NC(C)c3ccc(-c4ccsc4)s3)s2)cn1	0.018690
rxn:2:97772:107408	Cc1cccc(-c2nnc(NC(C)c3ccc(-c4ccsc4)s3)s2)n1	0.018690
rxn:2:78708:107408	Cc1cccnc1-c1nnc(NC(C)c2ccc(-c3ccsc3)s2)s1	0.018690
rxn:2:132139:107408	Cc1cc(-c2nnc(NC(C)c3ccc(-c4ccsc4)s3)s2)ccn1	0.018690
rxn:2:76062:117855	Cc1ccc(-c2ccsc2)c(C(C)Nc2nnc(-c3cncs3)s2)c1	0.018690
rxn:2:166434:125321	CC(Nc1ncnc2[nH]nc(-c3ccccc3)c12)c1ccnc(C(C)(C)F)c1	0.018690
rxn:2:155066:93562	COc1ccc2nc(-c3nonc3NC(C)c3ccnc(N(C)C)c3)sc2c1	0.018688
rxn:2:154197:138214	CC(C)c1cccc2c1CCC2Nc1nonc1-c1nc2ccccc2s1	0.018681
rxn:2:78700:172564	CCOc1ccc(-c2ccc(C(C)NC3(C)CC(C)(C)OC3(C)C)s2)cc1CC	0.018674
rxn:2:129548:114765	CCc1n[nH]c2sc(CNC(C)c3ccc(-n4cnc(C)c4)cc3)c(C)c12	0.018662
rxn:2:128547:124477	Cc1ccc(S(=O)(=O)CC2CC(NCCc3cc(C)nc(-c4cnccn4)n3)C2)cc1	0.018661
rxn:2:89481:168163	COC1CCN(c2ccc(NC(C)c3ccc(-c4ncncc4C)s3)cc2C)CC1	0.018648
rxn:2:76608:160406	Cc1cncc(C2CC2CCNC(C)c2ccc(-c3cnc(C)c(C)c3)cc2C)n1	0.018646
rxn:2:67092:160406	Cc1ccc(C2CC2CCNC(C)c2ccc(-c3cnc(C)c(C)c3)cc2C)nn1	0.018646
rxn:2:118165:160406	Cc1ncc(C2CC2CCNC(C)c2ccc(-c3cnc(C)c(C)c3)cc2C)cn1	0.018646
rxn:2:69970:160406	Cc1ccnc(C2CC2CCNC(C)c2ccc(-c3cnc(C)c(C)c3)cc2C)n1	0.018646
rxn:2:114893:107710	CC(C)Cn1nnnc1-c1ccnc(NC(c2ccc(C3CC3)cc2)C2(C)CC2)c1	0.018640
rxn:2:118713:120843	COc1cc(NC(C)c2cccc3cncc(C)c23)ccc1-n1cnc(C)c1	0.018636
rxn:2:118713:150321	COc1cc(NC(C)c2cccc3ccc(C)nc23)ccc1-n1cnc(C)c1	0.018636
rxn:2:118713:142993	COc1cc(NC(C)c2cccc3c(C)nccc23)ccc1-n1cnc(C)c1	0.018636
rxn:2:118713:156921	COc1cc(NC(C)c2cccc3nc(C)ccc23)ccc1-n1cnc(C)c1	0.018636
rxn:2:118713:135821	COc1cc(NC(C)c2cccc3ccnc(C)c23)ccc1-n1cnc(C)c1	0.018636
rxn:2:129548:112961	CCc1n[nH]c2sc(CNC(C)c3cc4c(C)cccc4[nH]3)c(C)c12	0.018636
rxn:2:70081:162733	Cc1cccc2cc(C(C)NC(C)c3ccc(-c4ncc[nH]c4=O)cn3)cnc12	0.018632
rxn:2:84850:96141	CC(NC1CCN(c2ncnc3ccsc23)CC1)c1cccc(-n2cccn2)c1	0.018631
rxn:2:96459:96141	CC(NC1CCN(c2ncnc3sccc23)CC1)c1cccc(-n2cccn2)c1	0.018631
rxn:2:109080:96141	CC(NC1CCN(c2nc3cccnc3s2)CC1)c1cccc(-n2cccn2)c1	0.018631
rxn:2:114559:162733	CCC[C@@H](NC(C)c1ccc(-c2ncc[nH]c2=O)cn1)c1ccc(C(C)(C)C)cc1	0.018630
rxn:2:76062:143219	Cc1nc(-c2ccc(C(C)Nc3nnc(-c4cncs4)s3)s2)c(C)s1	0.018624
rxn:2:87223:162733	COc1c(C)cc(NC(C)c2ccc(-c3ncc[nH]c3=O)cn2)c2ncccc12	0.018620
rxn:2:78121:162733	COc1cc(C)c2ncc(NC(C)c3ccc(-c4ncc[nH]c4=O)cn3)cc2c1	0.018620
rxn:2:72099:96141	CC(NC1CCN(c2ncnc3nn[nH]c23)CC1)c1cccc(-n2cccn2)c1	0.018615
rxn:2:155066:84719	CCc1cccc(C(C)Nc2nonc2-c2nc3ccc(OC)cc3s2)c1	0.018598
rxn:2:74498:125732	CCC(Nc1cc(-c2ccoc2C)nn1CC(C)C)c1cc(C)cc(OC)c1	0.018598
rxn:2:109095:160053	CC(C)c1csc2nnc(CNC3CCN(c4ncnc5c4cnn5C)CC3)n12	0.018590
rxn:2:128003:66379	CCc1cc(OC)nc(C(C)Nc2nnc(SC(C)c3ccccc3)s2)c1	0.018581
rxn:2:135053:73581	c1cc(C2CC2)cc(C(Nc2ccc(C3(c4ccco4)COC3)cc2)C2CC2)c1	0.018572
rxn:2:111817:125732	CCC(NCC(C)(C)c1c(C)sc2ccccc12)c1cc(C)cc(OC)c1	0.018562
rxn:2:144340:76731	COc1ccccc1C(NC(C)c1cc(=O)[nH]c(-c2ccccn2)n1)C1CCCCC1	0.018561
rxn:2:144340:121847	CC(CCC1CCN(c2ccccc2)C1)NC(C)c1cc(=O)[nH]c(-c2ccccn2)n1	0.018555
rxn:2:114893:119636	CCC(Nc1cc(-c2nnnn2CC(C)C)ccn1)c1ccc(OC(C)(C)C)cc1	0.018551
rxn:2:84428:154155	Cn1nnc2cncc(NC3COc4ccc(-c5cnn(S(C)(=O)=O)c5)cc43)c21	0.018549
rxn:2:107829:154155	Cn1cnc2cnc(NC3COc4ccc(-c5cnn(S(C)(=O)=O)c5)cc43)nc21	0.018549
rxn:2:94400:154155	Cn1cnc2ncnc(NC3COc4ccc(-c5cnn(S(C)(=O)=O)c5)cc43)c21	0.018549
rxn:2:94253:154155	Cn1cnc2nc(NC3COc4ccc(-c5cnn(S(C)(=O)=O)c5)cc43)cnc21	0.018549
rxn:2:75638:154155	Cn1ncc2ncnc(NC3COc4ccc(-c5cnn(S(C)(=O)=O)c5)cc43)c21	0.018549
rxn:2:95402:113463	CCC(NCC1CN(C)CC(C)(C)N1c1ccccc1)c1ccc(-c2cncnc2)s1	0.018548
rxn:2:166860:116126	CCCc1nn(-c2ccnc(C(C)C)c2)cc1NC(CS(C)(=O)=O)c1ccncc1	0.018545
rxn:2:122274:149207	CCN1CCC2(CC1)CC(NC1CCc3cc(-c4cccc5[nH]ncc45)ccc3C1)CCO2	0.018544
rxn:2:105558:149207	CCN1CCCC2(CC(NC3CCc4cc(-c5cccc6[nH]ncc56)ccc4C3)CCO2)C1	0.018544
rxn:2:110415:147610	CCN(CC)[C@@H]1CCC[C@H]1NC(C)c1cnc2c(-c3cccc(OC)c3)cnn2c1C	0.018543
rxn:2:163553:84264	COc1ccccc1C(CNC(c1cc2c(cc1C)n(C)c(=O)n2C)C(C)C)C1CC1	0.018540
rxn:2:114893:96307	CCC(Nc1cc(-c2nnnn2CC(C)C)ccn1)c1ccc(C)c(C(C)(C)C)c1	0.018538
rxn:2:131385:90953	CCCCC(Nc1cc(Cc2ccc(C)cc2)ncn1)c1ccc(OC)cc1	0.018531
rxn:2:131385:91932	CCCCC(Nc1cc(Cc2ccc(C)cc2)ncn1)c1ccccc1OC	0.018531
rxn:2:147500:124876	COc1ccc(C2CCC(NC(C)c3cnn(Cc4ccc5c(c4)OCO5)c3)CC2)nc1	0.018526
rxn:2:147500:75590	COc1cncc(C2CCC(NC(C)c3cnn(Cc4ccc5c(c4)OCO5)c3)CC2)c1	0.018526
rxn:2:95402:77974	CC(NCC1CN(C)CC(C)(C)N1c1ccccc1)c1ccc(-c2ccccc2)s1	0.018522
rxn:2:81507:66800	CC(C)c1nc(C(NC(C)c2cccc(-c3ccsc3)c2)C2CCOCC2)no1	0.018520
rxn:2:144313:96141	CC(NC1CCN(c2nccn3c(=O)[nH]nc23)C1)c1cccc(-n2cccn2)c1	0.018503
rxn:2:102205:78866	COc1cccc(C(CC2CCCC2)NCC2CC2CN2CCc3ccccc3C2)c1	0.018501
rxn:2:156652:104454	CC1(C)Cc2c(ccn2-c2nccs2)C(NC2CC3(CCOCC3)c3ccccc32)C1	0.018492
rxn:2:86667:156750	COc1cc(-c2ccco2)cnc1C(C)Nc1cccn(-c2cccnc2)c1=O	0.018489
rxn:2:98961:156750	COc1cc(-c2ccco2)cnc1C(C)Nc1cccn(-c2ccccn2)c1=O	0.018489
rxn:2:76728:66800	CC(N[C@@H]1CN(Cc2ccccc2)CC(F)(F)C1)c1cccc(-c2ccsc2)c1	0.018486
rxn:2:134175:66800	CC(N[C@H]1CN(Cc2ccccc2)CC(F)(F)C1)c1cccc(-c2ccsc2)c1	0.018486
rxn:2:163234:82225	CCS(=O)(=O)c1cc2cnn(C)c2nc1NC(C)c1csc(CN2CCCC(C)C2)n1	0.018486
rxn:2:149062:167876	Cc1ccn(-c2cc(C(C)N[C@@H]3CCN(c4ncnc5ccccc45)C3)ccn2)n1	0.018474
rxn:2:149062:163762	Cc1nccn1-c1cc(C(C)N[C@@H]2CCN(c3ncnc4ccccc34)C2)ccn1	0.018474
rxn:2:75380:168163	Cc1cncnc1-c1ccc(C(C)NCC2CN(c3ccccc3)CCC2(C)C)s1	0.018463
rxn:2:95402:94543	Cc1cnc(-c2ccc(C(C)NCC3CN(C)CC(C)(C)N3c3ccccc3)s2)s1	0.018458
rxn:2:95402:122772	Cc1ccc(-c2ncc(C(C)NCC3CN(C)CC(C)(C)N3c3ccccc3)s2)s1	0.018458
rxn:2:95402:141213	Cc1ccsc1-c1ncc(C(C)NCC2CN(C)CC(C)(C)N2c2ccccc2)s1	0.018458
rxn:2:71912:166390	Cc1cncc(-c2ccc3c(c2)CCCC3NC2CC(Cn3cc(C(C)(C)C)nn3)C2)c1	0.018456
rxn:2:165719:118090	Cc1csc(-c2nnc3c(NC4CC(C5(C)CCC5)n5nccc54)nccn23)c1	0.018453
rxn:2:168633:118090	Cc1csc(-c2nnc3cnc(NC4CC(C5(C)CCC5)n5nccc54)cn23)c1	0.018453
rxn:2:67674:66800	CC(Nc1ccn(Cc2ccsc2)n1)c1cccc(-c2ccsc2)c1	0.018450
rxn:2:125802:66800	CC(Nc1ccnn1Cc1ccsc1)c1cccc(-c2ccsc2)c1	0.018450
rxn:2:73914:66800	CC(Nc1cnn(Cc2ccsc2)c1)c1cccc(-c2ccsc2)c1	0.018450
rxn:2:104609:66800	CC(Nc1nccn1Cc1ccsc1)c1cccc(-c2ccsc2)c1	0.018450
rxn:2:147092:100827	CCC(CNc1[nH]ncc1-c1nc2ccc(C)cc2[nH]1)c1ccsc1	0.018450
rxn:2:114893:129379	CCCOc1cccc(C(CC)Nc2cc(-c3nnnn3CC(C)C)ccn2)c1	0.018445
rxn:2:114893:91541	CCCOc1ccc(C(CC)Nc2cc(-c3nnnn3CC(C)C)ccn2)cc1	0.018445
rxn:2:114893:110960	CCCCC(Nc1cc(-c2nnnn2CC(C)C)ccn1)c1cccc(OC)c1	0.018445
rxn:2:114893:90953	CCCCC(Nc1cc(-c2nnnn2CC(C)C)ccn1)c1ccc(OC)cc1	0.018445
rxn:2:75608:125732	CCC(Nc1cc(-c2ccccc2)nn1CC(C)C)c1cc(C)cc(OC)c1	0.018443
rxn:2:114893:114611	Cc1cc(C)cc(C(CC(C)(C)C)Nc2cc(-c3nnnn3CC(C)C)ccn2)c1	0.018439
rxn:2:76062:163676	COc1ccc(C(Nc2nnc(-c3cncs3)s2)c2ccsc2)cc1C	0.018439
rxn:2:78365:82225	CSc1ncc(S(C)(=O)=O)c(NC(C)c2csc(CN3CCCC(C)C3)n2)n1	0.018434
rxn:2:102205:165267	Cc1ccnc(-c2ccsc2C(C)NCC2CC2CN2CCc3ccccc3C2)c1	0.018431
rxn:2:139803:162733	Cc1cccnc1-c1cccc(NC(C)c2ccc(-c3ncc[nH]c3=O)cn2)c1	0.018428
rxn:2:103360:162733	Cc1cccnc1-c1ccc(NC(C)c2ccc(-c3ncc[nH]c3=O)cn2)cc1	0.018428
rxn:2:85339:162733	Cc1ccc(NC(C)c2ccc(-c3ncc[nH]c3=O)cn2)cc1-c1ccccn1	0.018428
rxn:2:94241:162733	Cc1cc(NC(C)c2ccc(-c3ncc[nH]c3=O)cn2)cc(-c2ccccn2)c1	0.018428
rxn:2:141975:162733	Cc1ncccc1-c1ccc(NC(C)c2ccc(-c3ncc[nH]c3=O)cn2)cc1	0.018428
rxn:2:70940:163676	COc1ccc(C(NCCn2c(C)nnc2C2CC(F)(F)C2)c2ccsc2)cc1C	0.018417
rxn:2:68781:138214	Cc1ccccc1-c1cccc(CCNC2CCc3c(C(C)C)cccc32)c1	0.018415
rxn:2:131130:154155	Cc1nc2cncc(NC3COc4ccc(-c5cnn(S(C)(=O)=O)c5)cc43)c2s1	0.018406
rxn:2:103798:149207	c1cc(-c2ccc3c(c2)CCC(NC2CC4(CCCCCC4)C2)C3)c2cn[nH]c2c1	0.018400
rxn:2:121917:124477	CSc1nc(NC2CC(CS(=O)(=O)c3ccc(C)cc3)C2)nc(-c2cnccn2)n1	0.018397
rxn:2:120602:124477	CCCc1ccnc(-c2nsc(NC3CC(CS(=O)(=O)c4ccc(C)cc4)C3)n2)c1	0.018394
rxn:2:144340:115113	Cc1cccc2sc(C(C)NC(C)c3cc(=O)[nH]c(-c4ccccn4)n3)cc12	0.018394
rxn:2:102666:155502	Cc1noc([C@@H]2C[C@H]2NC2CCc3ccc(-c4cc(C)c5c(cnn5C)c4)cc32)n1	0.018391
rxn:2:76062:162355	CC1Cc2c(-c3cccs3)cccc2C1Nc1nnc(-c2cncs2)s1	0.018388
rxn:2:149062:138466	CC(N[C@@H]1CCN(c2ncnc3ccccc23)C1)c1cccc(-c2ccnn2C)c1	0.018381
rxn:2:149062:118529	CC(N[C@@H]1CCN(c2ncnc3ccccc23)C1)c1cccc(-c2nccn2C)c1	0.018381
rxn:2:149062:74733	CC(N[C@@H]1CCN(c2ncnc3ccccc23)C1)c1cccc(-c2cnn(C)c2)c1	0.018381
rxn:2:157350:134725	Cc1cc(N2CCC(CNC(C)c3nn(C)c4ccncc34)CC2)n2ncnc2c1	0.018374
rxn:2:98890:172564	CCOc1ccc(-c2ccc(C(C)NC3CCN(C(C)C(C)C)C3)s2)cc1CC	0.018372
rxn:2:118713:83915	COc1cc(NC(C)c2cccc(C)c2OCC(C)C)ccc1-n1cnc(C)c1	0.018371
rxn:2:118713:107672	COc1ccc(C(CC(C)C)Nc2ccc(-n3cnc(C)c3)c(OC)c2)c(C)c1	0.018371
rxn:2:154196:120353	CCCc1ccc(C(C)Nc2c(C3CC3)c(C)nn2-c2ncc(C)cc2C)s1	0.018369
rxn:2:157350:86927	Cc1cc(N2CCC(CNC3CCCOc4ccc(C(C)(C)C)cc43)CC2)n2ncnc2c1	0.018369
rxn:2:77324:172564	CCOc1ccc(-c2ccc(C(C)N[C@@H]3CCCN(CC(C)C)C3)s2)cc1CC	0.018367
rxn:2:83912:172564	CCOc1ccc(-c2ccc(C(C)NC3CCCN(CC(C)C)C3)s2)cc1CC	0.018367
rxn:2:94136:172564	CCOc1ccc(-c2ccc(C(C)NC3CCN(CC(C)C)CC3)s2)cc1CC	0.018367
rxn:2:155066:123626	COc1ccc2nc(-c3nonc3NC(C)c3ccc4c(c3)CCC4)sc2c1	0.018365
rxn:2:134493:66800	Cc1ccc(-c2nccc(NC(C)c3cccc(-c4ccsc4)c3)n2)o1	0.018358
rxn:2:155066:97201	COc1ccc2nc(-c3nonc3NC(C)c3csc(C4CC4)n3)sc2c1	0.018342
rxn:2:75146:124477	Cc1ccc(S(=O)(=O)CC2CC(Nc3ccc(Oc4nc(C)cc(C)n4)cc3)C2)cc1	0.018340
rxn:2:141441:153276	CCN1CCc2nc(NC(C)c3ccc(-c4cncc(OC(C)C)c4)cn3)[nH]c(=O)c2C1	0.018338
rxn:2:141004:112899	CCC(C)c1ccc(-c2csc(NC3CCc4c3ccc3c4CCC3)n2)cc1	0.018335
rxn:2:114893:69504	CCSCC(Nc1cc(-c2nnnn2CC(C)C)ccn1)c1cccc(OC)c1	0.018331
rxn:2:114893:76175	CCSCC(Nc1cc(-c2nnnn2CC(C)C)ccn1)c1ccc(OC)cc1	0.018331
rxn:2:102205:150513	Cc1ccc(C(C)NCC2CC2CN2CCc3ccccc3C2)cc1-c1cnoc1C	0.018330
rxn:2:156652:115761	CC1C(NC2CC(C)(C)Cc3c2ccn3-c2nccs2)CCCN1Cc1ccccc1	0.018328
rxn:2:156652:82387	CCC(COCc1ccccc1)NC1CC(C)(C)Cc2c1ccn2-c1nccs1	0.018324
rxn:2:114893:66220	CCCCC(Nc1cc(-c2nnnn2CC(C)C)ccn1)c1cc(C)cc(C)c1	0.018323
rxn:2:149062:76520	CC(N[C@@H]1CCN(c2ncnc3ccccc23)C1)c1cccc(-c2ncccn2)c1	0.018322
rxn:2:149062:102923	CC(N[C@@H]1CCN(c2ncnc3ccccc23)C1)c1cccc(-c2cncnc2)c1	0.018322
rxn:2:149062:139895	CC(N[C@@H]1CCN(c2ncnc3ccccc23)C1)c1ccnc(-c2ccncc2)c1	0.018322
rxn:2:102216:153276	CC(C)Oc1cncc(-c2ccc(C(C)NCCc3nc4c(s3)CN(C)CC4)nc2)c1	0.018318
rxn:2:149062:121802	Cc1ccn(-c2cccc(C(C)N[C@@H]3CCN(c4ncnc5ccccc45)C3)c2)n1	0.018317
rxn:2:149062:122101	Cc1cnn(-c2cccc(C(C)N[C@@H]3CCN(c4ncnc5ccccc45)C3)c2)c1	0.018317
rxn:2:149062:79522	Cc1nccn1-c1cccc(C(C)N[C@@H]2CCN(c3ncnc4ccccc34)C2)c1	0.018317
rxn:2:149062:141260	Cc1cccc(-n2cc(C(C)N[C@@H]3CCN(c4ncnc5ccccc45)C3)cn2)c1	0.018317
rxn:2:149062:115679	Cc1ccccc1-n1cc(C(C)N[C@@H]2CCN(c3ncnc4ccccc34)C2)cn1	0.018317
rxn:2:149062:66741	Cc1ccn(-c2ccc(C(C)N[C@@H]3CCN(c4ncnc5ccccc45)C3)cc2)n1	0.018317
rxn:2:76062:155508	Cc1ccc(C(C)Nc2nnc(-c3cncs3)s2)cc1-c1ccccc1	0.018307
rxn:2:85462:124477	CCOc1ccc(-c2nsc(NC3CC(CS(=O)(=O)c4ccc(C)cc4)C3)n2)cc1	0.018298
rxn:2:149062:67691	CC(N[C@@H]1CCN(c2ncnc3ccccc23)C1)c1cccc(-c2ccc[nH]2)c1	0.018298
rxn:2:140595:168163	Cc1cccc(N2CC(CNC(C)c3ccc(-c4ncncc4C)s3)CC2(C)C)c1	0.018297
rxn:2:134593:168163	Cc1ccccc1N1CC(CNC(C)c2ccc(-c3ncncc3C)s2)CC1(C)C	0.018297
rxn:2:124090:153276	CCN1CCc2nc(NC(C)c3ccc(-c4cncc(OC(C)C)c4)cn3)nc(C)c2C1	0.018296
rxn:2:114441:168163	Cc1cncnc1-c1ccc(C(C)NC2CN(C(C)c3ccccc3)C(C)(C)C2)s1	0.018295
rxn:2:95186:143157	COc1csc(-c2ccc3c(c2)OCC3NC2CC(C(C)C)Oc3ccccc32)c1	0.018294
rxn:2:114893:131033	COc1cccc(C(CCN(C)C)Nc2cc(-c3nnnn3CC(C)C)ccn2)c1	0.018290
rxn:2:114893:94783	COc1ccc(C(CCN(C)C)Nc2cc(-c3nnnn3CC(C)C)ccn2)cc1	0.018290
rxn:2:139032:172564	CCOc1ccc(-c2ccc(C(C)NCC3CN(CC(C)C)CCO3)s2)cc1CC	0.018278
rxn:2:127381:162733	Cc1cccc2cc(CCNC(C)c3ccc(-c4ncc[nH]c4=O)cn3)cnc12	0.018275
rxn:2:156652:133618	CN(C)CCC(Cc1ccccc1)NC1CC(C)(C)Cc2c1ccn2-c1nccs1	0.018273
rxn:2:118713:71749	CCCCC(Nc1ccc(-n2cnc(C)c2)c(OC)c1)c1cccc(C)c1C	0.018271
rxn:2:157691:96141	CC(NC1CCN(c2cccc3ccccc23)C1)c1cccc(-n2cccn2)c1	0.018270
rxn:2:155066:139714	COc1ccc2nc(-c3nonc3NC(C)c3cccc(N(C)C)c3)sc2c1	0.018264
rxn:2:75765:133087	Cc1cscc1-c1ccc(C(C)Nc2cc(C)c3ncccc3c2)nc1	0.018263
rxn:2:75765:139176	Cc1ccsc1-c1ccc(C(C)Nc2cc(C)c3ncccc3c2)nc1	0.018263
rxn:2:76062:153346	Cc1cc(C)nc(-c2ccc(C(C)Nc3nnc(-c4cncs4)s3)s2)c1	0.018262
rxn:2:85975:107408	COc1cc(NC(C)c2ccc(-c3ccsc3)s2)nc2ccccc12	0.018241
rxn:2:106034:156750	COc1cc(-c2ccco2)cnc1C(C)Nc1cccn(C2CCC(F)(F)CC2)c1=O	0.018240
rxn:2:95402:160834	Cc1cccnc1-c1ccc(C(C)NCC2CN(C)CC(C)(C)N2c2ccccc2)s1	0.018233
rxn:2:95402:146420	Cc1ccncc1-c1ccc(C(C)NCC2CN(C)CC(C)(C)N2c2ccccc2)s1	0.018233
rxn:2:95402:163278	Cc1cccc(-c2ccc(C(C)NCC3CN(C)CC(C)(C)N3c3ccccc3)s2)n1	0.018233
rxn:2:95402:142299	Cc1ccccc1-c1ncc(C(C)NCC2CN(C)CC(C)(C)N2c2ccccc2)s1	0.018233
rxn:2:95402:153978	Cc1ccccc1-c1cnc(C(C)NCC2CN(C)CC(C)(C)N2c2ccccc2)s1	0.018233
rxn:2:95402:129572	Cc1ccc(-c2cnc(C(C)NCC3CN(C)CC(C)(C)N3c3ccccc3)s2)cc1	0.018233
rxn:2:125485:160053	CC(NC1CCN(c2ncnc3c2cnn3C)CC1)c1ncc(-c2ccccc2)o1	0.018232
rxn:2:118713:99935	COc1cc(NC(CC(C)(C)C)c2cccc(C)c2C)ccc1-n1cnc(C)c1	0.018227
rxn:2:147500:72787	COc1ccc(C(NC(C)c2cnn(Cc3ccc4c(c3)OCO4)c2)C2CCC2)cc1	0.018227
rxn:2:147500:131973	COc1ccc(C(NC(C)c2cnn(Cc3ccc4c(c3)OCO4)c2)C2(C)CC2)cc1	0.018227
rxn:2:86076:155128	CCOc1ncccc1-c1cccc2c1CCC2NCC1(C)CC(C)(C)CC(F)(F)C1	0.018210
rxn:2:127895:162733	CCc1cc(=O)[nH]c(C2(NC(C)c3ccc(-c4ncc[nH]c4=O)cn3)CCCCC2)n1	0.018208
rxn:2:118713:160194	COc1cc(NC(C)c2c[nH]c3c(C)cccc3c2=O)ccc1-n1cnc(C)c1	0.018191
rxn:2:144340:66495	CC(NC(C)c1cc(=O)[nH]c(-c2ccccn2)n1)c1ccc(-n2cncn2)cc1	0.018190
rxn:2:68559:171172	CCCSc1ccc(NC(C)c2ccc(C)c(-c3csc(C)c3)c2)nn1	0.018182
rxn:2:105517:153276	Cc1nc2c(s1)CN(CCNC(C)c1ccc(-c3cncc(OC(C)C)c3)cn1)CC2	0.018174
rxn:2:127719:153276	CC(C)Oc1cncc(-c2ccc(C(C)Nc3nc4c(s3)CC(F)(F)CC4)nc2)c1	0.018160
rxn:2:67623:107408	CC(NCc1cncc(-c2cncs2)c1)c1ccc(-c2ccsc2)s1	0.018159
rxn:2:109482:153276	CCN1CCc2nc(NC(C)c3ccc(-c4cncc(OC(C)C)c4)cn3)sc2CC1	0.018140
rxn:2:149062:127233	CC(N[C@@H]1CCN(c2ncnc3ccccc23)C1)c1cccc(-c2ccsn2)c1	0.018140
rxn:2:149062:84776	CC(N[C@@H]1CCN(c2ncnc3ccccc23)C1)c1cccc(-c2cscn2)c1	0.018140
rxn:2:99754:96141	Cc1cn(CCc2ccccc2)nc1NC(C)c1cccc(-n2cccn2)c1	0.018138
rxn:2:163553:82694	Cc1cc2c(cc1C(NC(c1c(C)cccc1C)C1CCC1)C(C)C)n(C)c(=O)n2C	0.018137
rxn:2:155066:120176	COc1ccc2nc(-c3nonc3NC(C)c3c(OC)[nH]ccc3=O)sc2c1	0.018134
rxn:2:155066:136156	COc1ccc2nc(-c3nonc3NC(C)c3c(OC)cc[nH]c3=O)sc2c1	0.018134
rxn:2:136862:149207	c1cc(-c2ccc3c(c2)CCC(NCCN2CCC4(CCCCO4)CC2)C3)c2cn[nH]c2c1	0.018132
rxn:2:73762:149207	c1cc(-c2ccc3c(c2)CCC(NCCN2CCCC4(CCCCO4)C2)C3)c2cn[nH]c2c1	0.018132
rxn:2:100556:170089	Cc1cccc(C)c1-c1ccsc1C(C)Nc1c(C)nn2ccccc12	0.018132
rxn:2:84700:66800	CCN1CC(Cc2ccsc2)CC(NC(C)c2cccc(-c3ccsc3)c2)C1	0.018129
rxn:2:149062:143457	Cc1nnc(-c2cccc(C(C)N[C@@H]3CCN(c4ncnc5ccccc45)C3)c2)o1	0.018126
rxn:2:131385:81002	CCCCC(Cc1ccc(C)cc1)Nc1cc(Cc2ccc(C)cc2)ncn1	0.018123
rxn:2:111585:153276	CC(C)Oc1cncc(-c2ccc(C(C)Nc3nc4c(s3)CC3(CC4)CC3)nc2)c1	0.018120
rxn:2:131133:96141	CC(NCC1CCN(c2ncnc3ccsc23)C1)c1cccc(-n2cccn2)c1	0.018113
rxn:2:142401:108589	Cc1ccc2cc(CC(C)(C)CNC3CC(c4nc(C5CC5)cs4)C3)ccc2n1	0.018109
rxn:2:147500:111176	CC(C)c1ccc(C2CC(NC(C)c3cnn(Cc4ccc5c(c4)OCO5)c3)C2)cc1	0.018085
rxn:2:78711:154155	Cc1cc(NC2COc3ccc(-c4cnn(S(C)(=O)=O)c4)cc32)cc2ncn(C)c12	0.018081
rxn:2:122206:66800	CC(NC1C(C)CN(Cc2ccccc2)CC1C)c1cccc(-c2ccsc2)c1	0.018080
rxn:2:75765:142960	Cc1ccc2cc3c(nc2c1)CCCC3Nc1cc(C)c2ncccc2c1	0.018080
rxn:2:111919:168163	Cc1cncnc1-c1ccc(C(C)NCC2CCCN(c3ccccc3)C2(C)C)s1	0.018074
rxn:2:130707:172564	CCOc1ccc(-c2ccc(C(C)NC3CCN(CC4CC45CC5)C3)s2)cc1CC	0.018072
rxn:2:79153:162733	COCc1cccc2cc(NC(C)c3ccc(-c4ncc[nH]c4=O)cn3)cnc12	0.018070
rxn:2:84191:160406	CCC(CC)n1cc(NC(C)c2ccc(-c3cnc(C)c(C)c3)cc2C)c(=O)[nH]c1=O	0.018063
rxn:2:77359:155502	Cc1cc(-c2ccc3c(c2)C(N[C@H]2C[C@H](n4cccn4)C2)CC3)cc2cnn(C)c12	0.018057
rxn:2:130683:155502	Cc1cc(-c2ccc3c(c2)C(NC2CC(n4cccn4)C2)CC3)cc2cnn(C)c12	0.018057
rxn:2:139124:155502	Cc1cc(-c2ccc3c(c2)C(N[C@H]2C[C@@H](n4cccn4)C2)CC3)cc2cnn(C)c12	0.018057
rxn:2:77024:155502	Cc1cc(-c2ccc3c(c2)C(NC2CC(n4ccnc4)C2)CC3)cc2cnn(C)c12	0.018057
rxn:2:103247:155502	Cc1cc(-c2ccc3c(c2)C(N[C@H]2C[C@H](n4ccnc4)C2)CC3)cc2cnn(C)c12	0.018057
rxn:2:80919:82225	Cc1ccc([C@H](C)NC(C)c2csc(CN3CCCC(C)C3)n2)c2ccccc12	0.018049
rxn:2:95402:80572	CC(C)Cc1ccc2c(c1)CCCCC2NCC1CN(C)CC(C)(C)N1c1ccccc1	0.018041
rxn:2:76062:142273	CC(Nc1nnc(-c2cncs2)s1)c1ccc(-c2cnc(N(C)C)s2)s1	0.018031
rxn:2:114893:82124	COc1cccc(C(COC(C)C)Nc2cc(-c3nnnn3CC(C)C)ccn2)c1	0.018028
rxn:2:67637:162733	Cc1noc(C(NC(C)c2ccc(-c3ncc[nH]c3=O)cn2)c2ccccc2)n1	0.018015
rxn:2:102580:66800	CC(NC1CN(Cc2ccc(C(C)(C)C)cc2)C1)c1cccc(-c2ccsc2)c1	0.018014
rxn:2:110379:153276	CC(C)Oc1cncc(-c2ccc(C(C)Nc3nc4c(s3)CN(C3CC3)CC4)nc2)c1	0.018009
rxn:2:68753:163676	COc1ccc(C(NCc2cnnn2-c2ccccc2)c2ccsc2)cc1C	0.017995
rxn:2:131460:162733	CCOc1cc2cccnc2c(NC(C)c2ccc(-c3ncc[nH]c3=O)cn2)n1	0.017988
rxn:2:131385:136743	Cc1ccc(Cc2cc(NC(C)c3cc(-c4ccnn4C)cs3)ncn2)cc1	0.017982
rxn:2:131385:69073	Cc1ccc(Cc2cc(NC(Cc3cnccn3)c3ccncc3)ncn2)cc1	0.017979
rxn:2:76062:108287	COc1ccsc1-c1ccc(C(C)Nc2nnc(-c3cncs3)s2)s1	0.017973
rxn:2:113030:162733	CC(C)c1ccc2cccnc2c1NC(C)c1ccc(-c2ncc[nH]c2=O)cn1	0.017973
rxn:2:136058:162733	CC(C)c1cccc2cc(NC(C)c3ccc(-c4ncc[nH]c4=O)cn3)cnc12	0.017973
rxn:2:81317:168163	Cc1cncnc1-c1ccc(C(C)NCC2CN(C(C)c3ccccc3)CCS2)s1	0.017965
rxn:2:104545:154155	CC(C)CC(C)(CNC1COc2ccc(-c3cnn(S(C)(=O)=O)c3)cc21)N1CCCN(C)CC1	0.017964
rxn:2:66254:73581	CC(NC(c1cccc(C2CC2)c1)C1CC1)c1ccc(OC2(C)CCCC2)cc1	0.017957
rxn:2:155066:111485	COc1ccc2nc(-c3nonc3NC(C)c3ccc4c(c3)OCCO4)sc2c1	0.017955
rxn:2:166860:135192	CCCc1nn(-c2ccnc(C(C)C)c2)cc1NC1c2cc(C)ccc2CCC1F	0.017954
rxn:2:114893:74223	CCOc1c(C)cc(C(CC)Nc2cc(-c3nnnn3CC(C)C)ccn2)cc1C	0.017951
rxn:2:114893:105037	CCOc1c(C)cc(C)cc1C(CC)Nc1cc(-c2nnnn2CC(C)C)ccn1	0.017951
rxn:2:114893:97777	CCOc1cc(C)c(C(CC)Nc2cc(-c3nnnn3CC(C)C)ccn2)c(C)c1	0.017951
rxn:2:114893:135526	CCCC(Nc1cc(-c2nnnn2CC(C)C)ccn1)c1c(C)cc(OC)cc1C	0.017951
rxn:2:114893:114793	CCCC(Nc1cc(-c2nnnn2CC(C)C)ccn1)c1cc(C)c(OC)c(C)c1	0.017951
rxn:2:105067:156750	COc1cc(-c2ccco2)cnc1C(C)Nc1cccn(-c2ccccc2)c1=O	0.017946
rxn:2:147500:83169	COc1ccc(C2CC(NC(C)c3cnn(Cc4ccc5c(c4)OCO5)c3)C2(C)C)cc1	0.017945
rxn:2:147092:111042	Cc1ccc2nc(-c3cn[nH]c3NC3CCC4(CC3)CCC(F)(F)CC4)[nH]c2c1	0.017943
rxn:2:103784:162733	CCOc1cc(NC(C)c2ccc(-c3ncc[nH]c3=O)cn2)c2ncccc2c1	0.017942
rxn:2:94512:162733	CCOc1cccc2cc(NC(C)c3ccc(-c4ncc[nH]c4=O)cn3)cnc12	0.017942
rxn:2:157350:92086	Cc1cc(N2CCC(CNC(CCC(C)(C)C)c3ccccc3)CC2)n2ncnc2c1	0.017935
rxn:2:133704:153276	CC(C)Oc1cncc(-c2ccc(C(C)Nc3nc4c(s3)CCCCC4)nc2)c1	0.017934
rxn:2:82084:96141	CC(NC1CCN(c2nsc3ccccc23)CC1)c1cccc(-n2cccn2)c1	0.017925
rxn:2:80754:96141	CC(NC1CCN(c2nc3ccccc3s2)CC1)c1cccc(-n2cccn2)c1	0.017925
rxn:2:76401:96141	CC(NC1CCCN(c2nc3ccccc3s2)C1)c1cccc(-n2cccn2)c1	0.017925
rxn:2:133114:96141	CC(NC1CCN(c2nccc3sccc23)CC1)c1cccc(-n2cccn2)c1	0.017925
rxn:2:160231:118090	CC1(C2CC(Nc3nnc(-c4cc5ccccc5s4)o3)c3ccnn32)CCC1	0.017923
rxn:2:92374:78077	CCC(Nc1cccc2nc(C)cn12)c1ccc(-c2cscc2C)s1	0.017922
rxn:2:95402:158018	Cc1cc(-c2ccc(C(C)NCC3CN(C)CC(C)(C)N3c3ccccc3)s2)c[nH]c1=O	0.017920
rxn:2:95402:166631	Cc1c[nH]c(-c2ccc(C(C)NCC3CN(C)CC(C)(C)N3c3ccccc3)s2)cc1=O	0.017920
rxn:2:95402:146827	Cc1cc(-c2ccc(C(C)NCC3CN(C)CC(C)(C)N3c3ccccc3)s2)cc(=O)[nH]1	0.017920
rxn:2:75765:98060	Cc1cc(NC(C)c2ccc(Oc3ccccc3)cn2)cc2cccnc12	0.017917
rxn:2:114893:105152	CCC(C)(C)C(Nc1cc(-c2nnnn2CC(C)C)ccn1)c1cccc(OC)c1	0.017913
rxn:2:147500:122316	CC(NC[C@H]1CCCCN1Cc1ccccc1)c1cnn(Cc2ccc3c(c2)OCO3)c1	0.017907
rxn:2:90488:166390	CCC1CC(Cn2cc(NC3CCCc4cc(-c5cncc(C)c5)ccc43)cn2)C1	0.017906
rxn:2:91933:156750	CC[C@@H](NC(C)c1ncc(-c2ccco2)cc1OC)c1ccc(C(C)C)cc1	0.017902
rxn:2:91219:154155	Cc1nn(C)c2c(NC3COc4ccc(-c5cnn(S(C)(=O)=O)c5)cc43)cncc12	0.017889
rxn:2:117961:154155	Cc1nc2c(cc1NC1COc3ccc(-c4cnn(S(C)(=O)=O)c4)cc31)ncn2C	0.017889
rxn:2:95402:157403	COc1cncnc1-c1ccc(C(C)NCC2CN(C)CC(C)(C)N2c2ccccc2)s1	0.017884
rxn:2:95402:157995	COc1ncc(-c2ccc(C(C)NCC3CN(C)CC(C)(C)N3c3ccccc3)s2)cn1	0.017884
rxn:2:95402:164517	COc1ccnc(-c2ccc(C(C)NCC3CN(C)CC(C)(C)N3c3ccccc3)s2)n1	0.017884
rxn:2:131385:71749	CCCCC(Nc1cc(Cc2ccc(C)cc2)ncn1)c1cccc(C)c1C	0.017883
rxn:2:131385:66220	CCCCC(Nc1cc(Cc2ccc(C)cc2)ncn1)c1cc(C)cc(C)c1	0.017883
rxn:2:131385:118877	CCCCC(Nc1cc(Cc2ccc(C)cc2)ncn1)c1cc(C)ccc1C	0.017883
rxn:2:131385:124909	CCCCC(Nc1cc(Cc2ccc(C)cc2)ncn1)c1ccc(C)cc1C	0.017883
rxn:2:131385:73236	CCCCC(Nc1cc(Cc2ccc(C)cc2)ncn1)c1ccc(C)c(C)c1	0.017883
rxn:2:72207:114103	Cc1n[nH]cc1-c1ccc(C(C)NC2CCN(c3ncnc4ccsc34)C2)cc1	0.017876
rxn:2:75765:114890	Cc1ccc(-c2ccc(C(C)Nc3cc(C)c4ncccc4c3)nc2)cc1	0.017870
rxn:2:149062:75829	CC(N[C@@H]1CCN(c2ncnc3ccccc23)C1)c1cccc(-c2cccn2C)c1	0.017868
rxn:2:68697:172564	CCOc1ccc(-c2ccc(C(C)N[C@@H]3CCN(CC4CCOCC4)C3)s2)cc1CC	0.017863
rxn:2:69169:172564	CCOc1ccc(-c2ccc(C(C)N[C@H]3CCN(CC4CCOCC4)C3)s2)cc1CC	0.017863
rxn:2:113597:172564	CCOc1ccc(-c2ccc(C(C)NC3CCN(CC4CCOCC4)C3)s2)cc1CC	0.017863
rxn:2:103114:172564	CCOc1ccc(-c2ccc(C(C)NC3CCN(CCN4CCOCC4)C3)s2)cc1CC	0.017848
rxn:2:130713:124477	Cc1ccc(S(=O)(=O)CC2CC(NC(c3nc(-c4cnccn4)n[nH]3)C(C)C)C2)cc1	0.017842
rxn:2:76062:69508	CCC(Nc1nnc(-c2cncs2)s1)c1ccc(-c2ccsc2)cc1	0.017837
rxn:2:76062:112607	CCC(Nc1nnc(-c2cncs2)s1)c1ccc(-c2ccccc2)s1	0.017837
rxn:2:147500:103339	COc1ccc(C2CCC(NC(C)c3cnn(Cc4ccc5c(c4)OCO5)c3)C2)c(C)c1	0.017828
rxn:2:149062:82059	CCC(N[C@@H]1CCN(c2ncnc3ccccc23)C1)c1ccc(-n2cccn2)cn1	0.017826
rxn:2:149062:137353	CCC(N[C@@H]1CCN(c2ncnc3ccccc23)C1)c1cccc(-n2cncn2)c1	0.017826
rxn:2:154196:121979	Cc1cnc(-n2nc(C)c(C3CC3)c2NC(C)c2ccc(C(C)(C)C)s2)c(C)c1	0.017823
rxn:2:76219:153276	CCN1CCc2ccc(NC(C)c3ccc(-c4cncc(OC(C)C)c4)cn3)cc2C1	0.017822
rxn:2:91081:153276	CCN1CCc2cc(NC(C)c3ccc(-c4cncc(OC(C)C)c4)cn3)ccc2C1	0.017822
rxn:2:106441:153276	CCN1CCc2c(cccc2NC(C)c2ccc(-c3cncc(OC(C)C)c3)cn2)C1	0.017822
rxn:2:147092:98473	COc1cnc2c(c1)C(Nc1[nH]ncc1-c1nc3ccc(C)cc3[nH]1)CCC2	0.017820
rxn:2:155066:74326	COc1ccc2nc(-c3nonc3NC(C)c3ccc(C)c(OC)c3)sc2c1	0.017819
rxn:2:155066:84542	COc1ccc2nc(-c3nonc3NC(C)c3ccc(OC)c(C)c3)sc2c1	0.017819
rxn:2:147500:95256	COc1ccc(C2CC(NC(C)c3cnn(Cc4ccc5c(c4)OCO5)c3)C2)cc1OC	0.017810
rxn:2:149062:126798	CC(N[C@@H]1CCN(c2ncnc3ccccc23)C1)c1cccc(-c2ccncc2)c1	0.017810
rxn:2:149062:140023	CC(N[C@@H]1CCN(c2ncnc3ccccc23)C1)c1cccc(-c2ccccn2)c1	0.017810
rxn:2:149062:140555	CC(N[C@@H]1CCN(c2ncnc3ccccc23)C1)c1cccc(-c2cccnc2)c1	0.017810
rxn:2:149062:94894	CC(N[C@@H]1CCN(c2ncnc3ccccc23)C1)c1ccnc(-c2ccccc2)c1	0.017810
rxn:2:164506:71823	CC(Nc1ccc2c(c1)sc1ccccc12)c1nc2c(s1)CCCC2	0.017797
rxn:2:118713:100632	COc1cc(NC(C)c2ccc(SC3CCOCC3)cc2)ccc1-n1cnc(C)c1	0.017778
rxn:2:66549:172564	CCOc1ccc(-c2ccc(C(C)NCC3CCN(CC(C)C)C3)s2)cc1CC	0.017776
rxn:2:147092:98629	Cc1ccc2c(c1)C(Nc1[nH]ncc1-c1nc3ccc(C)cc3[nH]1)CCC2	0.017774
rxn:2:117953:82225	CCc1cnc(-c2cnc(C)nc2NC(C)c2csc(CN3CCCC(C)C3)n2)s1	0.017773
rxn:2:73298:73581	COc1cc(C)cc(C)c1C(CNC(c1cccc(C2CC2)c1)C1CC1)C(C)C	0.017767
rxn:2:156652:71948	CC1(C)Cc2c(ccn2-c2nccs2)C(NC2CCN(Cc3cccnc3)C(C)(C)C2)C1	0.017762
rxn:2:114503:146420	CCn1c(C)nnc1C1CCC(CNC(C)c2ccc(-c3cnccc3C)s2)CC1	0.017746
rxn:2:147092:84542	COc1ccc(C(C)Nc2[nH]ncc2-c2nc3ccc(C)cc3[nH]2)cc1C	0.017746
rxn:2:97505:66800	CC(Nc1ncn(CCc2ccsc2)n1)c1cccc(-c2ccsc2)c1	0.017741
rxn:2:96958:96141	COc1ccccc1C(NC(C)c1cccc(-n2cccn2)c1)c1noc(C)n1	0.017741
rxn:2:83269:66800	CC(NC1(CCc2ccsc2)CCCC1)c1cccc(-c2ccsc2)c1	0.017737
rxn:2:102205:119395	CCCOc1ccc(C(NCC2CC2CN2CCc3ccccc3C2)C2CC2)c(C)c1	0.017736
rxn:2:114503:138514	CCn1c(C)nnc1C1CCC(CNC2c3ccccc3CCC2CCC(C)C)CC1	0.017735
rxn:2:109464:147610	COc1cccc(-c2cnn3c(C)c(C(C)NCC4CCn5ccnc54)cnc23)c1	0.017732
rxn:2:104860:172564	CCOc1ccc(-c2ccc(C(C)NC3C4CC3CN(CC(C)C)C4)s2)cc1CC	0.017728
rxn:2:120063:156750	COc1cc(-c2ccco2)cnc1C(C)Nc1cc(C)nn1-c1ccnc(C)c1	0.017725
rxn:2:111003:162733	CSc1ccc2cccnc2c1NC(C)c1ccc(-c2ncc[nH]c2=O)cn1	0.017712
rxn:2:102205:164209	COc1ccc2[nH]cc(C(NCC3CC3CN3CCc4ccccc4C3)C3CC3)c2c1	0.017712
rxn:2:131593:153276	CCCN1Cc2nc(NC(C)c3ccc(-c4cncc(OC(C)C)c4)cn3)sc2C1	0.017712
rxn:2:111830:66800	CC(NC1CN(Cc2ccccc2)CC(C)(C)C1)c1cccc(-c2ccsc2)c1	0.017711
rxn:2:113763:66800	CC(N[C@@H]1CN(Cc2ccccc2)CC(C)(C)C1)c1cccc(-c2ccsc2)c1	0.017711
rxn:2:156652:76052	CC1(C)Cc2c(ccn2-c2nccs2)C(NC(CCc2cccnc2)C(C)(C)C)C1	0.017709
rxn:2:154196:113852	Cc1cnc(-n2nc(C)c(C3CC3)c2NC(C)c2c(C)c(C)cc(C)c2C)c(C)c1	0.017706
rxn:2:154196:105376	Cc1cnc(-n2nc(C)c(C3CC3)c2NC(C)c2cc(C)c(C)c(C)c2C)c(C)c1	0.017706
rxn:2:114893:117638	CCCC(Nc1cc(-c2nnnn2CC(C)C)ccn1)c1cc(OC)cc(OC)c1	0.017705
rxn:2:114893:81111	CCOc1cc(C(CC)Nc2cc(-c3nnnn3CC(C)C)ccn2)ccc1OC	0.017705
rxn:2:114893:139358	CCOc1ccc(C(CC)Nc2cc(-c3nnnn3CC(C)C)ccn2)cc1OC	0.017705
rxn:2:114893:142126	CCOc1cc(OC)ccc1C(CC)Nc1cc(-c2nnnn2CC(C)C)ccn1	0.017705
rxn:2:114893:75277	CCOc1ccc(OC)cc1C(CC)Nc1cc(-c2nnnn2CC(C)C)ccn1	0.017705
rxn:2:114893:140589	CCOc1ccc(C(CC)Nc2cc(-c3nnnn3CC(C)C)ccn2)c(OC)c1	0.017705
rxn:2:105049:163676	CCn1cc(NC(c2ccsc2)c2ccc(OC)c(C)c2)c(-n2cccn2)n1	0.017705
rxn:2:131385:124658	CCC(CSc1cccc(OC)c1)Nc1cc(Cc2ccc(C)cc2)ncn1	0.017696
rxn:2:163191:76851	c1ccc(CC(N[C@H]2CCN(c3ncnc4ccccc34)C2)c2cccnc2)cc1	0.017695
rxn:2:157350:71697	COc1cc2c(cc1C(NCC1CCN(c3cc(C)cc4ncnn34)CC1)C(C)C)OCC2	0.017689
rxn:2:121781:154155	Cn1cnc2cccc(CNC3COc4ccc(-c5cnn(S(C)(=O)=O)c5)cc43)c21	0.017677
rxn:2:147500:83097	COc1ccc(C2CCCC(NC(C)c3cnn(Cc4ccc5c(c4)OCO5)c3)C2)cc1	0.017667
rxn:2:147500:72767	COc1ccc(C2CCC(NC(C)c3cnn(Cc4ccc5c(c4)OCO5)c3)CC2)cc1	0.017667
rxn:2:147500:68456	COc1ccc(C2CCCCC2NC(C)c2cnn(Cc3ccc4c(c3)OCO4)c2)cc1	0.017667
rxn:2:147500:85412	COc1cccc(C2CCCC(NC(C)c3cnn(Cc4ccc5c(c4)OCO5)c3)C2)c1	0.017667
rxn:2:147500:109820	COc1cccc(C2CCC(NC(C)c3cnn(Cc4ccc5c(c4)OCO5)c3)CC2)c1	0.017667
rxn:2:87353:124477	COc1ccc(-c2csc(CNC3CC(CS(=O)(=O)c4ccc(C)cc4)C3)c2)cc1	0.017666
rxn:2:168327:125732	CCC(Nc1ccc2c(c1)S(=O)(=O)c1ccccc1-2)c1cc(C)cc(OC)c1	0.017661
rxn:2:95903:166390	Cc1cncc(-c2ccc3c(c2)CCCC3Nc2ncn(CCn3cccn3)n2)c1	0.017659
rxn:2:69803:166390	Cc1cncc(-c2ccc3c(c2)CCCC3Nc2cn(CCn3cccn3)nn2)c1	0.017659
rxn:2:88838:73581	COc1ccc(-c2ccc(NC(c3cccc(C4CC4)c3)C3CC3)cc2)cc1	0.017648
rxn:2:154419:118090	Cc1ccc2oc(-c3nnc(NC4CC(C5(C)CCC5)n5nccc54)o3)cc2c1	0.017639
rxn:2:135012:155502	Cc1cc(-c2ccc3c(c2)C(N[C@H](C)c2ccc[nH]c2=O)CC3)cc2cnn(C)c12	0.017636
rxn:2:149062:109602	CCC(N[C@@H]1CCN(c2ncnc3ccccc23)C1)c1cccc(-n2cccn2)c1	0.017636
rxn:2:149062:106309	CCC(N[C@@H]1CCN(c2ncnc3ccccc23)C1)c1ccc(-n2cccn2)cc1	0.017636
rxn:2:149062:115394	CCC(N[C@@H]1CCN(c2ncnc3ccccc23)C1)c1cccc(-n2ccnc2)c1	0.017636
rxn:2:121312:107408	COc1ccc(-c2nnc(NC(C)c3ccc(-c4ccsc4)s3)s2)cn1	0.017625
rxn:2:73712:107408	COc1cnccc1-c1nnc(NC(C)c2ccc(-c3ccsc3)s2)s1	0.017625
rxn:2:76062:108784	COc1ccc(-c2ccc(C(C)Nc3nnc(-c4cncs4)s3)s2)cc1	0.017625
rxn:2:76062:147164	COc1cccc(-c2ccc(C(C)Nc3nnc(-c4cncs4)s3)s2)c1	0.017625
rxn:2:76062:147044	COc1ccccc1-c1ccc(C(C)Nc2nnc(-c3cncs3)s2)s1	0.017625
rxn:2:76062:164974	COc1cccc(-c2ccsc2)c1C(C)Nc1nnc(-c2cncs2)s1	0.017625
rxn:2:153778:118090	CC1(C2CC(Nc3nnc(-c4ccc5ccccc5c4)o3)c3ccnn32)CCC1	0.017622
rxn:2:114893:123327	COc1ccc(C(COC(C)(C)C)Nc2cc(-c3nnnn3CC(C)C)ccn2)cc1	0.017603
rxn:2:122264:162733	CCCc1cccc2cc(NC(C)c3ccc(-c4ncc[nH]c4=O)cn3)cnc12	0.017596
rxn:2:146342:162733	Cc1cc(NC(C)c2ccc(-c3ncc[nH]c3=O)cn2)cc2cn(C(C)(C)C)nc12	0.017584
rxn:2:114893:142123	CCC(C)(C)C(Nc1cc(-c2nnnn2CC(C)C)ccn1)c1cc(C)cc(C)c1	0.017580
rxn:2:127704:160406	Cc1cc(-c2cnc(C)c(C)c2)ccc1C(C)NCCC1C(c2cn(C)cn2)C1(F)F	0.017575
rxn:2:144340:120988	CC(NC(C)c1cc(=O)[nH]c(-c2ccccn2)n1)c1cccc(-c2ccoc2)c1	0.017570
rxn:2:114077:154155	Cc1nc(NC2COc3ccc(-c4cnn(S(C)(=O)=O)c4)cc32)c2c(ncn2C)n1	0.017560
rxn:2:133966:107408	Cc1sccc1-c1nnc(NC(C)c2ccc(-c3ccsc3)s2)s1	0.017544
rxn:2:98469:107408	Cc1csc(-c2nnc(NC(C)c3ccc(-c4ccsc4)s3)s2)c1	0.017544
rxn:2:104417:107408	Cc1ccsc1-c1nnc(NC(C)c2ccc(-c3ccsc3)s2)s1	0.017544
rxn:2:147500:91915	CC(NC1CCCCC(c2ccccc2)C1)c1cnn(Cc2ccc3c(c2)OCO3)c1	0.017538
rxn:2:131385:82922	Cc1ccc(Cc2cc(NC(Cc3cnccn3)c3ccccc3)ncn2)cc1	0.017527
rxn:2:154196:113277	Cc1cnc(-n2nc(C)c(C3CC3)c2NC(C)c2cc3[nH]ncc3s2)c(C)c1	0.017527
rxn:2:149062:165357	CC(N[C@@H]1CCN(c2ncnc3ccccc23)C1)c1nn(-c2ccccc2)ccc1=O	0.017513
rxn:2:142372:125321	CC(Nc1ncnc2[nH]cc(-c3ccccc3)c12)c1ccnc(C(C)(C)F)c1	0.017507
rxn:2:75089:107408	CC(Nc1ccc(-c2cncs2)cc1)c1ccc(-c2ccsc2)s1	0.017505
rxn:2:125907:107408	CC(Nc1cccc(-c2cncs2)c1)c1ccc(-c2ccsc2)s1	0.017505
rxn:2:155066:107053	COc1ccc2nc(-c3nonc3NC(C)c3cc(=O)[nH]c(=O)[nH]3)sc2c1	0.017503
rxn:2:134210:162733	Cc1cccnc1-c1n[nH]c(NC(C)c2ccc(-c3ncc[nH]c3=O)cn2)n1	0.017496
rxn:2:89144:160406	Cc1ccc(C2CC2CCNC(C)c2ccc(-c3cnc(C)c(C)c3)cc2C)o1	0.017495
rxn:2:118713:136750	CCC(C)(C)C(Nc1ccc(-n2cnc(C)c2)c(OC)c1)c1cccc(C)c1C	0.017471
rxn:2:122826:160053	Cn1ncc2c(N3CCC(Nc4ccc(SCC5CCCCC5)cc4)CC3)ncnc21	0.017470
rxn:2:118713:94314	COc1cc(NC(C)c2csc3c(C)cccc23)ccc1-n1cnc(C)c1	0.017464
rxn:2:122436:168163	Cc1cncnc1-c1ccc(C(C)NC(C)(C)c2nc3ccccc3s2)s1	0.017444
rxn:2:156652:88748	CC(C)CC(Cc1ccccc1)NC1CC(C)(C)Cc2c1ccn2-c1nccs1	0.017435
rxn:2:91928:160406	CCn1cc(C2CC2CCNC(C)c2ccc(-c3cnc(C)c(C)c3)cc2C)cn1	0.017425
rxn:2:76468:160406	CCn1ccnc1C1CC1CCNC(C)c1ccc(-c2cnc(C)c(C)c2)cc1C	0.017425
rxn:2:128688:124477	COc1ccc(-c2nsc(NC3CC(CS(=O)(=O)c4ccc(C)cc4)C3)n2)cc1OC	0.017417
rxn:2:118713:164585	COc1cc(NC(C)c2[nH]c3c(C)cccc3c2C)ccc1-n1cnc(C)c1	0.017413
rxn:2:115991:149207	CN1C2CCC1CC1(CC(NC3CCc4cc(-c5cccc6[nH]ncc56)ccc4C3)CCO1)C2	0.017399
rxn:2:72457:153276	CC(C)Oc1cncc(-c2ccc(C(C)Nc3nc4c(s3)CC(C)(C)CC4)nc2)c1	0.017396
rxn:2:105521:153276	CC(C)Oc1cncc(-c2ccc(C(C)Nc3nc4c(s3)CN(C(C)C)CC4)nc2)c1	0.017393
rxn:2:154196:82829	Cc1cnc(-n2nc(C)c(C3CC3)c2NC(C)c2ccc(C(C)(F)F)s2)c(C)c1	0.017392
rxn:2:155066:80634	COc1ccc2nc(-c3nonc3NC(CC3CC3)c3ccncc3)sc2c1	0.017384
rxn:2:118375:155502	Cc1cn(C2CC(NC3CCc4ccc(-c5cc(C)c6c(cnn6C)c5)cc43)C2)nn1	0.017377
rxn:2:90256:160406	COc1ccc(C2CC2CCNC(C)c2ccc(-c3cnc(C)c(C)c3)cc2C)nn1	0.017377
rxn:2:137662:160406	COc1ncc(C2CC2CCNC(C)c2ccc(-c3cnc(C)c(C)c3)cc2C)cn1	0.017377
rxn:2:118713:83056	COc1cc(NC(c2ncco2)c2cccc(C)c2C)ccc1-n1cnc(C)c1	0.017370
rxn:2:149062:79209	Cc1cc(C(C)N[C@@H]2CCN(c3ncnc4ccccc34)C2)ccc1OCCC(C)C	0.017368
rxn:2:83464:66800	CC(NC1CCCCCN(Cc2ccccc2)C1)c1cccc(-c2ccsc2)c1	0.017365
rxn:2:114893:133824	Cc1cccc2cccc(C(C)Nc3cc(-c4nnnn4CC(C)C)ccn3)c12	0.017361
rxn:2:147500:67630	CC(NC1CC(c2ccc(C(C)(C)C)cc2)C1)c1cnn(Cc2ccc3c(c2)OCO3)c1	0.017360
rxn:2:152411:160406	CCc1nc(NC(C)c2ccc(-c3cnc(C)c(C)c3)cc2C)n(C2(C)CCS(=O)(=O)C2)n1	0.017353
rxn:2:142401:70782	Cc1ccc2cc(CC(C)(C)CNC(c3c(C)cccc3C)C3CC3)ccc2n1	0.017352
rxn:2:119747:160406	Cc1cc(-c2cnc(C)c(C)c2)ccc1C(C)NCCC1CC1c1c(C)n[nH]c1C	0.017348
rxn:2:155066:89581	COc1ccc2nc(-c3nonc3NC3CCCc4nc(C5CC5)[nH]c43)sc2c1	0.017346
rxn:2:76062:146888	CC(C)c1[nH]ncc1-c1ccc(C(C)Nc2nnc(-c3cncs3)s2)s1	0.017334
rxn:2:133515:107408	CCn1ncc(-c2nnc(NC(C)c3ccc(-c4ccsc4)s3)s2)c1C	0.017331
rxn:2:131338:153276	CCCN1CCc2nc(NC(C)c3ccc(-c4cncc(OC(C)C)c4)cn3)ncc2C1	0.017330
rxn:2:149062:149727	Cc1nc(C)n(-c2cccc(C(C)N[C@@H]3CCN(c4ncnc5ccccc45)C3)c2)n1	0.017329
rxn:2:156652:136214	CC1CCC(NC2CC(C)(C)Cc3c2ccn3-c2nccs2)C(Cc2cccnc2)C1	0.017325
rxn:2:122304:160406	Cc1cnc(C2CC2CCNC(C)c2ccc(-c3cnc(C)c(C)c3)cc2C)s1	0.017320
rxn:2:106222:124477	CCCC(NC1CC(CS(=O)(=O)c2ccc(C)cc2)C1)c1nc(-c2cnccn2)no1	0.017319
rxn:2:155066:100712	COc1ccc2nc(-c3nonc3NC(C)c3cc(C)c(C)c(C)c3)sc2c1	0.017318
rxn:2:156652:97164	CC(C)OCCC(NC1CC(C)(C)Cc2c1ccn2-c1nccs1)c1cccnc1	0.017318
rxn:2:147500:81771	COc1ccc(C(CC2CC2)NC(C)c2cnn(Cc3ccc4c(c3)OCO4)c2)cc1	0.017314
rxn:2:118713:84841	COc1cc(NC(c2c[nH]cn2)c2cccc(C)c2C)ccc1-n1cnc(C)c1	0.017304
rxn:2:114893:91470	Cc1ccc(C(Nc2cc(-c3nnnn3CC(C)C)ccn2)c2ncc[nH]2)cc1	0.017302
rxn:2:166860:113977	CCCc1nn(-c2ccnc(C(C)C)c2)cc1NC(C)c1cnc2ccnn2c1	0.017295
rxn:2:123024:160406	Cc1cc(-c2cnc(C)c(C)c2)ccc1C(C)NCCC1CC1c1ccccc1	0.017294
rxn:2:118713:149393	COc1cc(NC(C)c2oc3c(C)cccc3c2C)ccc1-n1cnc(C)c1	0.017293
rxn:2:75306:124477	Cc1ccc(S(=O)(=O)CC2CC(Nc3nc(-c4cc(OC(C)C)ccn4)ns3)C2)cc1	0.017285
rxn:2:70934:172564	CCOc1ccc(-c2ccc(C(C)NC3CCN(CC(C)C)CC3F)s2)cc1CC	0.017281
rxn:2:156652:89281	CC1(C)Cc2c(ccn2-c2nccs2)C(NC(c2cccnc2)c2cnccn2)C1	0.017277
rxn:2:156652:84335	CCCC(Cc1cccc(C)c1)NC1CC(C)(C)Cc2c1ccn2-c1nccs1	0.017277
rxn:2:156652:121347	CCC(CCc1cccc(C)c1)NC1CC(C)(C)Cc2c1ccn2-c1nccs1	0.017277
rxn:2:100662:149207	CC1CCC(NC2CCc3cc(-c4cccc5[nH]ncc45)ccc3C2)C2(CCCCO2)C1	0.017273
rxn:2:119777:155128	CCOc1ncccc1-c1cccc2c1CCC2NCc1cc(N2CCCCC2)ccn1	0.017271
rxn:2:155066:91425	COc1ccc2nc(-c3nonc3NC3CCCC3Cc3ccccn3)sc2c1	0.017268
rxn:2:126029:107408	Cc1cc(-c2nnc(NC(C)c3ccc(-c4ccsc4)s3)s2)c(C)o1	0.017266
rxn:2:155066:72559	COc1ccc2nc(-c3nonc3NC(C)c3ccn4nncc4c3)sc2c1	0.017260
rxn:2:147500:84046	COc1ccc(C(NC(C)c2cnn(Cc3ccc4c(c3)OCO4)c2)C23CC(C2)C3)cc1	0.017249
rxn:2:154196:95128	CCCN(C)CC(Nc1c(C2CC2)c(C)nn1-c1ncc(C)cc1C)c1cccn1C	0.017248
rxn:2:100305:66800	CC(NC(C)C1CCCN(Cc2ccsc2)C1)c1cccc(-c2ccsc2)c1	0.017243
rxn:2:142401:114388	Cc1ccc2cc(CC(C)(C)CNC3CC(c4noc(C5CCCC5)n4)C3)ccc2n1	0.017226
rxn:2:90682:172564	CCOc1ccc(-c2ccc(C(C)NC3CCN(CC(C)(C)C)CC3)s2)cc1CC	0.017222
rxn:2:117118:155502	Cc1cc(-c2ccc3c(c2)C(N[C@H]2C[C@@H](Cn4cncn4)C2)CC3)cc2cnn(C)c12	0.017219
rxn:2:125935:155502	Cc1cc(-c2ccc3c(c2)C(N[C@H]2C[C@H](Cn4cncn4)C2)CC3)cc2cnn(C)c12	0.017219
rxn:2:128683:155502	Cc1cc(-c2ccc3c(c2)C(NC2CC(Cn4cncn4)C2)CC3)cc2cnn(C)c12	0.017219
rxn:2:76062:157206	CC(Nc1nnc(-c2cncs2)s1)c1ccc(-c2nn3ccnc3s2)s1	0.017215
rxn:2:154196:101933	Cc1cnc(-n2nc(C)c(C3CC3)c2NC(C)CCc2ccc3c(c2)OCCO3)c(C)c1	0.017211
rxn:2:73009:149207	COc1ccc(C)nc1CNC1CCc2cc(-c3cccc4[nH]ncc34)ccc2C1	0.017205
rxn:2:99582:149207	c1cc(-c2ccc3c(c2)CCC(NCC2CCOC4(CCCCC4)C2)C3)c2cn[nH]c2c1	0.017202
rxn:2:140416:160406	Cc1cc(-c2cnc(C)c(C)c2)ccc1C(C)NCCC1CC1c1c(C)noc1C	0.017198
rxn:2:147500:133293	COc1ccc(C2CC(NC(C)c3cnn(Cc4ccc5c(c4)OCO5)c3)C(C)(C)O2)cc1	0.017195
rxn:2:147092:68295	Cc1cc(C)c2c(c1)OC(C)C2Nc1[nH]ncc1-c1nc2ccc(C)cc2[nH]1	0.017191
rxn:2:142401:122570	Cc1ccc2cc(CC(C)(C)CNC3CC(Cc4noc(C5CCC5)n4)C3)ccc2n1	0.017176
rxn:2:142401:106778	Cc1ccc2cc(CC(C)(C)CNC3c4ccccc4[C@H]4CCCC[C@H]34)ccc2n1	0.017174
rxn:2:163553:115553	Cc1cc2c(cc1C(NC(C)c1cnc(C3CCCCC3)s1)C(C)C)n(C)c(=O)n2C	0.017156
rxn:2:114884:66800	CCc1ccc(CN2CCCC(NC(C)c3cccc(-c4ccsc4)c3)C2)cc1	0.017154
rxn:2:110730:155128	CCOc1ncccc1-c1cccc2c1CCC2NC1(CC(C)C)CCC(F)(F)CC1	0.017147
rxn:2:104266:107408	Cc1ccc(-c2nnc(NC(C)c3ccc(-c4ccsc4)s3)s2)cc1	0.017145
rxn:2:96068:107408	Cc1ccccc1-c1nnc(NC(C)c2ccc(-c3ccsc3)s2)s1	0.017145
rxn:2:71673:107408	Cc1cccc(-c2nnc(NC(C)c3ccc(-c4ccsc4)s3)s2)c1	0.017145
rxn:2:118713:133697	COc1cc(NC(C)c2cccc3c(C)cccc23)ccc1-n1cnc(C)c1	0.017144
rxn:2:118713:133824	COc1cc(NC(C)c2cccc3cccc(C)c23)ccc1-n1cnc(C)c1	0.017144
rxn:2:118713:75017	COc1cc(NC(C)c2ccc(C)c3ccccc23)ccc1-n1cnc(C)c1	0.017144
rxn:2:118713:98332	COc1cc(NC(C)c2cccc3cc(C)ccc23)ccc1-n1cnc(C)c1	0.017144
rxn:2:147500:69607	COc1ccc(C(NC(C)c2cnn(Cc3ccc4c(c3)OCO4)c2)C2CC2(F)F)cc1	0.017140
rxn:2:66404:166390	Cc1cncc(-c2ccc3c(c2)CCCC3Nc2cnn(CCn3cccn3)c2)c1	0.017133
rxn:2:95654:166390	Cc1cncc(-c2ccc3c(c2)CCCC3Nc2ccn(CCn3cccn3)n2)c1	0.017133
rxn:2:131385:99696	CCCCC(Nc1cc(Cc2ccc(C)cc2)ncn1)c1ccc(CC)cc1	0.017120
rxn:2:131385:102980	CCCCC(Nc1cc(Cc2ccc(C)cc2)ncn1)c1ccccc1CC	0.017120
rxn:2:95826:166390	Cc1cncc(-c2ccc3c(c2)CCCC3NCc2ccc3nc(C)[nH]c3c2)c1	0.017109
rxn:2:104854:160053	Cn1ncc2c(N3CCC(Nc4ccc(Sc5ccccc5)cc4)CC3)ncnc21	0.017109
rxn:2:73569:107408	Cc1nc(C)c(-c2nnc(NC(C)c3ccc(-c4ccsc4)s3)s2)s1	0.017100
rxn:2:157350:104452	Cc1cc(N2CCC(CNC(c3ccc(CN4CCC4)cc3)C3CC3)CC2)n2ncnc2c1	0.017100
rxn:2:79300:66800	CSc1ccc(CN2CCC(NC(C)c3cccc(-c4ccsc4)c3)C2)cc1	0.017081
rxn:2:82192:162733	CC(Nc1cc(C(C)(C)C)cc2cccnc12)c1ccc(-c2ncc[nH]c2=O)cn1	0.017080
rxn:2:157350:165123	Cc1cc(N2CCC(CNC3CCc4cc5ccccc5cc43)CC2)n2ncnc2c1	0.017078
rxn:2:65990:160406	Cc1cc(-c2cnc(C)c(C)c2)ccc1C(C)NCCC1CC1c1ncccc1C	0.017074
rxn:2:139609:160406	Cc1cc(-c2cnc(C)c(C)c2)ccc1C(C)NCCC1CC1c1cccnc1C	0.017074
rxn:2:69796:160406	Cc1cncc(C2CC2CCNC(C)c2ccc(-c3cnc(C)c(C)c3)cc2C)c1	0.017074
rxn:2:87704:160406	Cc1cc(-c2cnc(C)c(C)c2)ccc1C(C)NCCC1CC1c1ccncc1C	0.017074
rxn:2:141064:160406	Cc1cc(-c2cnc(C)c(C)c2)ccc1C(C)NCCC1CC1c1cnccc1C	0.017074
rxn:2:78868:160406	Cc1ccc(C2CC2CCNC(C)c2ccc(-c3cnc(C)c(C)c3)cc2C)nc1	0.017074
rxn:2:68794:160406	Cc1ccnc(C2CC2CCNC(C)c2ccc(-c3cnc(C)c(C)c3)cc2C)c1	0.017074
rxn:2:69974:160406	Cc1cccc(C2CC2CCNC(C)c2ccc(-c3cnc(C)c(C)c3)cc2C)n1	0.017074
rxn:2:86113:160406	Cc1ccc(C2CC2CCNC(C)c2ccc(-c3cnc(C)c(C)c3)cc2C)cn1	0.017074
rxn:2:126461:160406	Cc1cc(C2CC2CCNC(C)c2ccc(-c3cnc(C)c(C)c3)cc2C)ccn1	0.017074
rxn:2:87299:153276	CCN1CCN(c2nnc(NC(C)c3ccc(-c4cncc(OC(C)C)c4)cn3)s2)CC1	0.017068
rxn:2:118713:145992	COc1cc(NC(C)c2cnn(-c3cccc(C)c3C)n2)ccc1-n1cnc(C)c1	0.017065
rxn:2:118713:166170	COc1cc(NC(C)c2ncn(-c3cccc(C)c3C)n2)ccc1-n1cnc(C)c1	0.017065
rxn:2:68701:155502	Cc1cc(-c2ccc3c(c2)C(NC[C@H]2C[C@@H](n4cncn4)C2)CC3)cc2cnn(C)c12	0.017059
rxn:2:117242:155502	Cc1cc(-c2ccc3c(c2)C(NC[C@H]2C[C@H](n4cncn4)C2)CC3)cc2cnn(C)c12	0.017059
rxn:2:141587:155502	Cc1cc(-c2ccc3c(c2)C(NCC2CC(n4cncn4)C2)CC3)cc2cnn(C)c12	0.017059
rxn:2:67472:153606	COc1cc(-c2cnc(C(C)Nc3c(C(C)(F)F)nn(C)c3N3CCC3)s2)ccc1C	0.017057
rxn:2:147500:79736	COc1ccc(CN2CCC(NC(C)c3cnn(Cc4ccc5c(c4)OCO5)c3)CC2)cc1	0.017045
rxn:2:67232:172564	CCOc1ccc(-c2ccc(C(C)NC3CCN(C(CC)CC)C3)s2)cc1CC	0.017045
rxn:2:90695:172564	CCOc1ccc(-c2ccc(C(C)N[C@@H]3CCN(C(CC)CC)C3)s2)cc1CC	0.017045
rxn:2:105861:172564	CCOc1ccc(-c2ccc(C(C)N[C@H]3CCN(C(CC)CC)C3)s2)cc1CC	0.017045
rxn:2:149062:168906	Cc1cc(C(C)N[C@@H]2CCN(c3ncnc4ccccc34)C2)ccc1-c1ncccn1	0.017045
rxn:2:129548:119599	CCc1n[nH]c2sc(CNC(CSCC(C)C)c3ccccc3C)c(C)c12	0.017044
rxn:2:147500:79284	CC(NC(C)c1cnn(Cc2ccc3c(c2)OCO3)c1)c1ccc2c(c1)CCCC2(C)C	0.017031
rxn:2:123870:153276	CC(C)Oc1cncc(-c2ccc(C(C)Nc3nc4c(s3)CCCCCC4)nc2)c1	0.017030
rxn:2:105477:153606	COc1cc(-c2cnc(C(C)NC(C)Cc3ncn4c3CC(N(C)C)CC4)s2)ccc1C	0.017029
rxn:2:149062:156573	Cc1cc(C)n(-c2cccc(C(C)N[C@@H]3CCN(c4ncnc5ccccc45)C3)c2)n1	0.017023
rxn:2:149062:167882	Cc1ncn(-c2cccc(C(C)N[C@@H]3CCN(c4ncnc5ccccc45)C3)c2)c1C	0.017023
rxn:2:149062:144558	Cc1cc(C)n(-c2ccc(C(C)N[C@@H]3CCN(c4ncnc5ccccc45)C3)cc2)n1	0.017023
rxn:2:119345:162733	Cc1cc(C)cc(-c2ncccc2NC(C)c2ccc(-c3ncc[nH]c3=O)cn2)c1	0.017021
rxn:2:95402:153591	COc1ccc(-c2ccc(C(C)NCC3CN(C)CC(C)(C)N3c3ccccc3)s2)cn1	0.017010
rxn:2:95402:142668	COc1cccc(-c2ccc(C(C)NCC3CN(C)CC(C)(C)N3c3ccccc3)s2)n1	0.017010
rxn:2:72207:98661	CC(C)c1ccc(CCC(NC2CCN(c3ncnc4ccsc34)C2)C(C)C)cc1	0.016997
rxn:2:101803:172564	CCOc1ccc(-c2ccc(C(C)N[C@H]3CCN(CC4CCCC4)C3)s2)cc1CC	0.016990
rxn:2:115513:172564	CCOc1ccc(-c2ccc(C(C)N[C@@H]3CCN(CC4CCCC4)C3)s2)cc1CC	0.016990
rxn:2:139135:172564	CCOc1ccc(-c2ccc(C(C)NC3CCN(CC4CCCC4)C3)s2)cc1CC	0.016990
rxn:2:161368:96141	CCc1nc2ccccc2c2nc(NC(C)c3cccc(-n4cccn4)c3)nn12	0.016979
rxn:2:156652:82412	Cc1nc(CCC(C)NC2CC(C)(C)Cc3c2ccn3-c2nccs2)[nH]c1C(C)C	0.016979
rxn:2:114893:116884	CCC(Nc1cc(-c2nnnn2CC(C)C)ccn1)c1ccc(OCC(C)C)cc1	0.016972
rxn:2:154196:131845	Cc1cnc(-n2nc(C)c(C3CC3)c2NC(C)c2cc3cncnc3s2)c(C)c1	0.016968
rxn:2:118713:166003	COc1cc(NC2CCc3ccc(-c4cc[nH]c4)cc32)ccc1-n1cnc(C)c1	0.016962
rxn:2:92212:168163	CCC1CCCC(CNC(C)c2ccc(-c3ncncc3C)s2)N1c1ccccc1	0.016957
rxn:2:168228:162733	CC(Nc1cnc2c(S(C)(=O)=O)cccc2c1)c1ccc(-c2ncc[nH]c2=O)cn1	0.016952
rxn:2:121257:156750	COc1ccc2nc(CNC(C)c3ncc(-c4ccco4)cc3OC)ccc2c1	0.016949
rxn:2:157350:124337	Cc1cc(N2CCC(CNC3CCc4cc(C5CCCCC5)ccc43)CC2)n2ncnc2c1	0.016945
rxn:2:154196:70097	Cc1cnc(-n2nc(C)c(C3CC3)c2NC(C)c2cc(C)sc2C(C)C)c(C)c1	0.016936
rxn:2:86031:73581	Cc1ccc(Oc2ccc(NC(c3cccc(C4CC4)c3)C3CC3)cc2)cc1	0.016936
rxn:2:150608:166390	Cc1cncc(-c2ccc3c(c2)CCCC3Nc2cc(C)cc3oc(=O)n(C)c23)c1	0.016927
rxn:2:118713:109040	COc1cc(NC(c2cccc(C)c2C)C2CCCCC2)ccc1-n1cnc(C)c1	0.016926
rxn:2:113931:155502	Cc1cc(-c2ccc3c(c2)C(NCc2n[nH]c4c2CCS4)CC3)cc2cnn(C)c12	0.016912
rxn:2:94364:162733	COc1cc2cccnc2c(NC(C)c2ccc(-c3ncc[nH]c3=O)cn2)c1OC	0.016910
rxn:2:155066:81498	COc1ccc2nc(-c3nonc3NC(C)c3cccc(S(C)(=O)=O)c3)sc2c1	0.016904
rxn:2:131424:149207	c1cc(-c2ccc3c(c2)CCC(NC2CCOC4(CCCCCC4)C2)C3)c2cn[nH]c2c1	0.016904
rxn:2:166860:139233	CCCc1nn(-c2ccnc(C(C)C)c2)cc1NC(CCC)c1cn(C)nc1OC	0.016901
rxn:2:118713:159146	COc1cc(NC(C)c2cccc3c(C)cc(C)nc23)ccc1-n1cnc(C)c1	0.016899
rxn:2:141467:160406	Cc1cc(-c2cnc(C)c(C)c2)ccc1C(C)NCCC1CC1c1c(C)nn(C)c1C	0.016896
rxn:2:139362:107408	CCC(C)n1nc(C2(C)CC2)c(C)c1NC(C)c1ccc(-c2ccsc2)s1	0.016885
rxn:2:156652:118456	CC1(C)Cc2c(ccn2-c2nccs2)C(NC(c2cccnc2)c2ccco2)C1	0.016876
rxn:2:74153:154155	CN(C)C1CCN(c2ncccc2NC2COc3ccc(-c4cnn(S(C)(=O)=O)c4)cc32)CC1	0.016867
rxn:2:85159:162733	CC(C)Oc1cc2cccnc2c(NC(C)c2ccc(-c3ncc[nH]c3=O)cn2)n1	0.016867
rxn:2:118034:153276	CC(C)Oc1cncc(-c2ccc(C(C)Nc3nc(=O)c4ncccc4[nH]3)nc2)c1	0.016867
rxn:2:92866:162733	CC(C)Oc1c(NC(C)c2ccc(-c3ncc[nH]c3=O)cn2)ncc2cccnc12	0.016867
rxn:2:155066:133936	CCCn1ccc(C(C)Nc2nonc2-c2nc3ccc(OC)cc3s2)cc1=O	0.016864
rxn:2:98353:107408	CC(Nc1ccc(CCc2nnco2)cc1)c1ccc(-c2ccsc2)s1	0.016856
rxn:2:114893:134909	CCCOc1ccc(C(CC)Nc2cc(-c3nnnn3CC(C)C)ccn2)cc1C	0.016854
rxn:2:156652:131033	COc1cccc(C(CCN(C)C)NC2CC(C)(C)Cc3c2ccn3-c2nccs2)c1	0.016849
rxn:2:95402:141988	Cc1cc(-c2ccc(C(C)NCC3CN(C)CC(C)(C)N3c3ccccc3)s2)cs1	0.016847
rxn:2:95402:68807	Cc1ccsc1-c1ccc(C(C)NCC2CN(C)CC(C)(C)N2c2ccccc2)s1	0.016847
rxn:2:163191:144428	Cc1ccc(C(N[C@H]2CCN(c3ncnc4ccccc34)C2)c2ncccc2C)cc1	0.016841
rxn:2:149062:91563	Cc1cc(-c2ccco2)ccc1C(C)N[C@@H]1CCN(c2ncnc3ccccc23)C1	0.016839
rxn:2:71366:149207	c1cc(-c2ccc3c(c2)CCC(NCC2CC4(CCCCCCC4)O2)C3)c2cn[nH]c2c1	0.016838
rxn:2:76062:144543	CSc1cnc(-c2ccc(C(C)Nc3nnc(-c4cncs4)s3)s2)nc1	0.016838
rxn:2:76062:142664	CSc1cnc(-c2ccc(C(C)Nc3nnc(-c4cncs4)s3)s2)cn1	0.016838
rxn:2:114893:151877	CC(C)Cn1nnnc1-c1ccnc(NC(C)c2cc(-c3cnn(C)c3)ccn2)c1	0.016832
rxn:2:109565:147610	CCN(CC)C1CCCCC1NC(C)c1cnc2c(-c3cccc(OC)c3)cnn2c1C	0.016830
rxn:2:114820:147610	CCN(CC)[C@@H]1CCCC[C@H]1NC(C)c1cnc2c(-c3cccc(OC)c3)cnn2c1C	0.016830
rxn:2:127367:147610	CCN(CC)[C@H]1CCCC[C@@H]1NC(C)c1cnc2c(-c3cccc(OC)c3)cnn2c1C	0.016830
rxn:2:155066:87367	COc1ccc2nc(-c3nonc3NC(C)c3ccc4nonc4c3)sc2c1	0.016830
rxn:2:165199:156750	COc1cc(-c2ccco2)cnc1C(C)Nc1cccn(Cc2ncccn2)c1=O	0.016811
rxn:2:146995:154155	Cn1cnc2ccc(NC3COc4ccc(-c5cnn(S(C)(=O)=O)c5)cc43)cc2c1=O	0.016810
rxn:2:164284:154155	Cn1ccc2cncc(NC3COc4ccc(-c5cnn(S(C)(=O)=O)c5)cc43)c2c1=O	0.016810
rxn:2:167319:154155	Cn1cnc2cc(NC3COc4ccc(-c5cnn(S(C)(=O)=O)c5)cc43)ccc2c1=O	0.016810
rxn:2:134001:82225	Cc1ncc(OCc2ccccc2)c(NC(C)c2csc(CN3CCCC(C)C3)n2)n1	0.016802
rxn:2:163553:107666	Cc1cc2c(cc1C(NC(c1ccc3c(c1)CCCC3)C(C)C)C(C)C)n(C)c(=O)n2C	0.016801
rxn:2:112879:124477	Cc1ccc(S(=O)(=O)CC2CC(Nc3cnc4cc(OCC(C)C)ccc4c3)C2)cc1	0.016796
rxn:2:147500:90160	COc1ccc(C(NC(C)c2cnn(Cc3ccc4c(c3)OCO4)c2)C(C)(C)C)c(C)c1	0.016792
rxn:2:114893:122218	COc1ccccc1C(CSC(C)C)Nc1cc(-c2nnnn2CC(C)C)ccn1	0.016785
rxn:2:149062:137108	CC(N[C@@H]1CCN(c2ncnc3ccccc23)C1)c1cccc(-c2ccccc2)c1	0.016780
rxn:2:114893:138206	CCC(Nc1cc(-c2nnnn2CC(C)C)ccn1)c1cc(OC)c(OC)c(OC)c1	0.016774
rxn:2:114893:84953	CCC(Nc1cc(-c2nnnn2CC(C)C)ccn1)c1cc(OC)c(OC)cc1OC	0.016774
rxn:2:154196:83535	Cc1cnc(-n2nc(C)c(C3CC3)c2NC(C)c2cnc(C3CCCC3)s2)c(C)c1	0.016773
rxn:2:76062:169937	Cc1cc(C)cc(-c2ccc(C(C)Nc3nnc(-c4cncs4)s3)s2)c1	0.016768
rxn:2:76062:170499	Cc1cc(-c2ccsc2)cc(C)c1C(C)Nc1nnc(-c2cncs2)s1	0.016768
rxn:2:76062:173134	Cc1ccc(C)c(-c2ccc(C(C)Nc3nnc(-c4cncs4)s3)s2)c1	0.016768
rxn:2:137414:107408	Cc1cc(-c2nnc(NC(C)c3ccc(-c4ccsc4)s3)s2)cc(C)n1	0.016768
rxn:2:139219:154155	Cc1nc2cncc(NC3COc4ccc(-c5cnn(S(C)(=O)=O)c5)cc43)c2nc1C	0.016766
rxn:2:129145:66800	CC(C)c1ccc(CN2CCC(NC(C)c3cccc(-c4ccsc4)c3)C2)cc1	0.016750
rxn:2:149062:162318	CCc1nnnn1-c1cccc(C(C)N[C@@H]2CCN(c3ncnc4ccccc34)C2)c1	0.016738
rxn:2:157350:101531	CCOc1cc2c(cc1OCC)C(NCC1CCN(c3cc(C)cc4ncnn34)CC1)CC2	0.016738
rxn:2:125502:156750	COc1cc(-c2ccco2)cnc1C(C)NC(C)c1ccc(-n2cccn2)cc1	0.016735
rxn:2:76062:103844	CC(Nc1nnc(-c2cncs2)s1)c1ccc(CCc2ccccc2)s1	0.016728
rxn:2:157350:142126	CCOc1cc(OC)ccc1C(CC)NCC1CCN(c2cc(C)cc3ncnn23)CC1	0.016727
rxn:2:149062:150872	COc1cccc(-n2cc(C(C)N[C@@H]3CCN(c4ncnc5ccccc45)C3)cn2)c1	0.016718
rxn:2:131385:123215	CCCCC(Nc1cc(Cc2ccc(C)cc2)ncn1)c1ccc(C)cc1OC	0.016717
rxn:2:149062:157860	COc1cccc(-n2cnc(C(C)N[C@@H]3CCN(c4ncnc5ccccc45)C3)n2)c1	0.016711
rxn:2:114893:69186	CCCC(Nc1cc(-c2nnnn2CC(C)C)ccn1)c1ccccc1OC(C)C	0.016696
rxn:2:78410:107408	CC(Nc1nnc(-c2cnn(C(C)C)c2)s1)c1ccc(-c2ccsc2)s1	0.016689
rxn:2:144130:156750	COc1cc(-c2ccco2)cnc1C(C)Nc1cccn(Cc2ccncc2)c1=O	0.016685
rxn:2:97057:172564	CCOc1ccc(-c2ccc(C(C)NC3CCN(CC(C)C)CC3C)s2)cc1CC	0.016682
rxn:2:106078:172564	CCOc1ccc(-c2ccc(C(C)NC3CC(C)CN(CC(C)C)C3)s2)cc1CC	0.016682
rxn:2:135467:153276	CCC1CCc2nc(NC(C)c3ccc(-c4cncc(OC(C)C)c4)cn3)sc2C1	0.016674
rxn:2:90440:112607	CCC(Nc1ccc2c(C)nsc2c1)c1ccc(-c2ccccc2)s1	0.016664
rxn:2:95402:108201	Cc1cccc(-c2ccc(C(C)NCC3CN(C)CC(C)(C)N3c3ccccc3)s2)c1	0.016655
rxn:2:95402:104136	Cc1ccccc1-c1ccc(C(C)NCC2CN(C)CC(C)(C)N2c2ccccc2)s1	0.016655
rxn:2:95402:139599	Cc1ccc(-c2ccc(C(C)NCC3CN(C)CC(C)(C)N3c3ccccc3)s2)cc1	0.016655
rxn:2:76062:84225	CCc1ccc(-c2ccc(C(C)Nc3nnc(-c4cncs4)s3)s2)s1	0.016653
rxn:2:166860:134989	CCCc1nn(-c2ccnc(C(C)C)c2)cc1NC(C)c1cccc(S(=O)(=O)F)c1	0.016624
rxn:2:105115:66800	Cc1cnn(Cc2ccsc2)c1NC(C)c1cccc(-c2ccsc2)c1	0.016612
rxn:2:106636:66800	Cc1cc(NC(C)c2cccc(-c3ccsc3)c2)n(Cc2ccsc2)n1	0.016612
rxn:2:111105:66800	Cc1cc(NC(C)c2cccc(-c3ccsc3)c2)nn1Cc1ccsc1	0.016612
rxn:2:120069:66800	Cc1cn(Cc2ccsc2)nc1NC(C)c1cccc(-c2ccsc2)c1	0.016612
rxn:2:95402:143219	Cc1nc(-c2ccc(C(C)NCC3CN(C)CC(C)(C)N3c3ccccc3)s2)c(C)s1	0.016603
rxn:2:84216:166390	Cc1cncc(-c2ccc3c(c2)CCCC3Nc2c(C)nn(CC3CCCC3)c2C)c1	0.016600
rxn:2:114503:129625	CCCc1ccc(C(NCC2CCC(c3nnc(C)n3CC)CC2)c2cc[nH]n2)cc1	0.016598
rxn:2:147500:137475	CC(NC1CCCC(c2ccc(N(C)C)cc2)C1)c1cnn(Cc2ccc3c(c2)OCO3)c1	0.016577
rxn:2:147500:101730	CC(NC1CCC(c2ccc(N(C)C)cc2)CC1)c1cnn(Cc2ccc3c(c2)OCO3)c1	0.016577
rxn:2:115384:107408	CC(NCc1ccc(-c2cncs2)cc1)c1ccc(-c2ccsc2)s1	0.016572
rxn:2:163191:138556	Cc1ccc2[nH]cc(CCC(C)N[C@H]3CCN(c4ncnc5ccccc45)C3)c2c1	0.016571
rxn:2:129233:155128	CCOc1ncccc1-c1cccc2c1CCC2NC1(COC)CC2(CCC(F)(F)CC2)C1	0.016570
rxn:2:147500:71803	COc1ccc(C(NC(C)c2cnn(Cc3ccc4c(c3)OCO4)c2)C2CCOCC2)cc1	0.016568
rxn:2:129548:161811	CCc1n[nH]c2sc(CNC3c4ccccc4CC3c3ccccc3)c(C)c12	0.016549
rxn:2:156652:68604	CCC(NC1CC(C)(C)Cc2c1ccn2-c1nccs1)C(c1cccnc1)C(C)C	0.016547
rxn:2:155066:90942	COc1ccc2nc(-c3nonc3NC(C)c3ccc4nn[nH]c4c3)sc2c1	0.016546
rxn:2:74722:154155	Cn1cc(-c2cncc(NC3COc4ccc(-c5cnn(S(C)(=O)=O)c5)cc43)c2)cn1	0.016545
rxn:2:142401:90257	Cc1ccc2cc(CC(C)(C)CNC3CCC(c4nc(C(C)C)no4)CC3)ccc2n1	0.016540
rxn:2:147500:87803	CCc1ccc(C2CCCC(NC(C)c3cnn(Cc4ccc5c(c4)OCO5)c3)C2)cc1	0.016531
rxn:2:147500:100209	CCc1ccc(C2CCC(NC(C)c3cnn(Cc4ccc5c(c4)OCO5)c3)CC2)cc1	0.016531
rxn:2:97711:162733	Cc1cc(NC(C)c2ccc(-c3ncc[nH]c3=O)cn2)ccc1Oc1ccccn1	0.016528
rxn:2:93391:162733	Cc1cccnc1Oc1ccc(NC(C)c2ccc(-c3ncc[nH]c3=O)cn2)cc1	0.016528
rxn:2:100293:162733	Cc1cc(NC(C)c2ccc(-c3ncc[nH]c3=O)cn2)ccc1Oc1cccnc1	0.016528
rxn:2:142401:95256	COc1ccc(C2CC(NCC(C)(C)Cc3ccc4nc(C)ccc4c3)C2)cc1OC	0.016522
rxn:2:72207:68486	COc1cccc(C(NC2CCN(c3ncnc4ccsc34)C2)c2ccccc2)c1	0.016517
rxn:2:87554:66800	CC(Nc1ccc(=O)n(Cc2ccsc2)c1)c1cccc(-c2ccsc2)c1	0.016513
rxn:2:76435:66800	CC(Nc1cccn(Cc2ccsc2)c1=O)c1cccc(-c2ccsc2)c1	0.016513
rxn:2:114893:100719	CCC(Nc1cc(-c2nnnn2CC(C)C)ccn1)c1ccc2ccccc2c1	0.016484
rxn:2:155066:113405	COc1ccc2nc(-c3nonc3NC(C)c3ccc4c(c3)CCCC4)sc2c1	0.016478
rxn:2:167375:162733	Cc1c(NC(C)c2ccc(-c3ncc[nH]c3=O)cn2)cc(C(C)C)c2cccnc12	0.016471
rxn:2:155066:94638	COc1ccc2nc(-c3nonc3NC(C)c3cccc(SC)c3)sc2c1	0.016469
rxn:2:95629:154155	COc1cc(NC2COc3ccc(-c4cnn(S(C)(=O)=O)c4)cc32)cc2ncn(C)c12	0.016462
rxn:2:149062:135748	CC(N[C@@H]1CCN(c2ncnc3ccccc23)C1)c1cccc(Oc2ncccn2)c1	0.016450
rxn:2:165203:156750	COc1cc(-c2ccco2)cnc1C(C)Nc1cccn(-c2ccc(C)cc2)c1=O	0.016443
rxn:2:114640:147610	COc1cccc(-c2cnn3c(C)c(C(C)NC4CCC(C(C)C)CC4N(C)C)cnc23)c1	0.016443
rxn:2:87523:156750	COc1cc(-c2ccco2)cnc1C(C)Nc1cccn(Cc2cccs2)c1=O	0.016440
rxn:2:114893:78490	COc1c(C)cc(C(CC(C)C)Nc2cc(-c3nnnn3CC(C)C)ccn2)cc1C	0.016438
rxn:2:95402:153346	Cc1cc(C)nc(-c2ccc(C(C)NCC3CN(C)CC(C)(C)N3c3ccccc3)s2)c1	0.016434
rxn:2:95402:153064	Cc1ccc(-c2ncc(C(C)NCC3CN(C)CC(C)(C)N3c3ccccc3)s2)c(C)c1	0.016434
rxn:2:95402:162534	Cc1cccc(-c2ncc(C(C)NCC3CN(C)CC(C)(C)N3c3ccccc3)s2)c1C	0.016434
rxn:2:95402:146279	Cc1cccc(-c2cnc(C(C)NCC3CN(C)CC(C)(C)N3c3ccccc3)s2)c1C	0.016434
rxn:2:95402:149026	Cc1ccc(C)c(-c2cnc(C(C)NCC3CN(C)CC(C)(C)N3c3ccccc3)s2)c1	0.016434
rxn:2:156652:131078	CC(C)(C)CCC(NC1CC(C)(C)Cc2c1ccn2-c1nccs1)c1cccnc1	0.016430
rxn:2:147500:132836	COc1ccc(C(NC(C)c2cnn(Cc3ccc4c(c3)OCO4)c2)C2CCCC2)cc1	0.016429
rxn:2:85200:149207	CCCN1CCC2(CC1)CC(NC1CCc3cc(-c4cccc5[nH]ncc45)ccc3C1)CCO2	0.016427
rxn:2:102205:144458	c1ccc(-c2nc(C(NCC3CC3CN3CCc4ccccc4C3)C3CC3)cs2)cc1	0.016423
rxn:2:160333:82225	CCCS(=O)(=O)c1ccc2[nH]c(NC(C)c3csc(CN4CCCC(C)C4)n3)nc2c1	0.016422
rxn:2:166860:116791	CCCc1nn(-c2ccnc(C(C)C)c2)cc1NC1CCN(c2ncc(C(C)(C)C)cn2)C1	0.016420
rxn:2:114608:124477	CCCOc1ccnc(-c2nsc(NC3CC(CS(=O)(=O)c4ccc(C)cc4)C3)n2)c1	0.016418
rxn:2:81332:124477	CCCOc1cccnc1-c1nsc(NC2CC(CS(=O)(=O)c3ccc(C)cc3)C2)n1	0.016418
rxn:2:137074:163676	COc1ccc(C(Nc2ccc(-c3ccccc3)nn2)c2ccsc2)cc1C	0.016404
rxn:2:156652:98302	CC1(C)Cc2c(ccn2-c2nccs2)C(NC(c2cccnc2)c2cccnc2)C1	0.016390
rxn:2:156652:127003	CC1(C)Cc2c(ccn2-c2nccs2)C(NC(c2ccncc2)c2cccnc2)C1	0.016390
rxn:2:114893:103027	CCS(=O)(=O)CC(Nc1cc(-c2nnnn2CC(C)C)ccn1)c1ccc(OC)cc1	0.016383
rxn:2:155422:107408	CC(Nc1nnc(-c2ccc3c(c2)OCO3)s1)c1ccc(-c2ccsc2)s1	0.016354
rxn:2:72207:127690	CCc1ccc(C(Cn2cccn2)NC2CCN(c3ncnc4ccsc34)C2)cc1	0.016349
rxn:2:157350:159156	Cc1cc(N2CCC(CNC3CCCc4c3c3ccccc3n4C)CC2)n2ncnc2c1	0.016345
rxn:2:149062:143071	Cc1ccc(-c2cccc(C(C)N[C@@H]3CCN(c4ncnc5ccccc45)C3)c2)cn1	0.016339
rxn:2:149062:142553	Cc1cccc(-c2cc(C(C)N[C@@H]3CCN(c4ncnc5ccccc45)C3)ccn2)c1	0.016339
rxn:2:149062:155253	Cc1cnccc1-c1cccc(C(C)N[C@@H]2CCN(c3ncnc4ccccc34)C2)c1	0.016339
rxn:2:149062:153319	Cc1ccc(C(C)N[C@@H]2CCN(c3ncnc4ccccc34)C2)cc1-c1ccccn1	0.016339
rxn:2:147092:91141	CCCC1(CCC)CCC(Nc2[nH]ncc2-c2nc3ccc(C)cc3[nH]2)CC1	0.016335
rxn:2:118713:163643	COc1cc(NC(C)c2cccc(-c3cnn(C)c3)c2C)ccc1-n1cnc(C)c1	0.016332
rxn:2:76062:169927	CCc1cccc(-c2ccc(C(C)Nc3nnc(-c4cncs4)s3)s2)c1	0.016331
rxn:2:76062:78077	CCC(Nc1nnc(-c2cncs2)s1)c1ccc(-c2cscc2C)s1	0.016328
rxn:2:140484:154155	Cn1cnc2nc(NC3COc4ccc(-c5cnn(S(C)(=O)=O)c5)cc43)[nH]c(=O)c21	0.016319
rxn:2:155066:71961	COc1ccc2nc(-c3nonc3NC(C)c3cnc4cc[nH]c4c3)sc2c1	0.016314
rxn:2:155066:79718	COc1ccc2nc(-c3nonc3NC(C)c3cnc4[nH]ccc4c3)sc2c1	0.016314
rxn:2:155066:113210	COc1ccc2nc(-c3nonc3NC(C)c3ccc4[nH]cnc4c3)sc2c1	0.016314
rxn:2:155066:83289	COc1ccc2nc(-c3nonc3NC(C)c3ccc4[nH]ncc4c3)sc2c1	0.016314
rxn:2:155066:89258	COc1ccc2nc(-c3nonc3NC(C)c3ccc4cn[nH]c4c3)sc2c1	0.016314
rxn:2:155066:92669	COc1ccc2nc(-c3nonc3NC(C)c3cc4[nH]ccc4cn3)sc2c1	0.016314
rxn:2:155066:97537	COc1ccc2nc(-c3nonc3NC(C)c3ccc4cc[nH]c4n3)sc2c1	0.016314
rxn:2:109530:149207	Cc1nc(C(C)NC2CCc3cc(-c4cccc5[nH]ncc45)ccc3C2)c(C)s1	0.016312
rxn:2:155066:106423	COc1ccc2nc(-c3nonc3NC(C)c3ccc(OC)c(OC)c3)sc2c1	0.016304
rxn:2:90719:160406	Cc1cc(-c2cnc(C)c(C)c2)ccc1C(C)NCCC1CC1c1cnc(N(C)C)nc1	0.016292
rxn:2:150687:118090	Cc1csc(-c2nc(NC3CC(C4(C)CCC4)n4nccc43)nc3[nH]ccc23)c1	0.016290
rxn:2:82717:153276	CC(C)Oc1cncc(-c2ccc(C(C)Nc3nc4c(s3)CCN(C(C)C)CC4)nc2)c1	0.016282
rxn:2:156652:76414	CCC(CCCc1ccccc1)NC1CC(C)(C)Cc2c1ccn2-c1nccs1	0.016280
rxn:2:156652:83715	CCCCC(Cc1ccccc1)NC1CC(C)(C)Cc2c1ccn2-c1nccs1	0.016280
rxn:2:106508:154155	CC(C)n1nnc2cncc(NC3COc4ccc(-c5cnn(S(C)(=O)=O)c5)cc43)c21	0.016269
rxn:2:155066:124713	COc1ccc2nc(-c3nonc3NC(C)c3cccc(C(C)C)c3)sc2c1	0.016263
rxn:2:171818:138146	CCC(Cc1cccnc1)NC(c1ccsc1)c1csc2ccccc12	0.016261
rxn:2:95683:172564	CCOc1ccc(-c2ccc(C(C)NCC3CCN(CC(C)C)CCO3)s2)cc1CC	0.016259
rxn:2:149062:155531	Cc1ccc(C)n1-c1ccc(C(C)N[C@@H]2CCN(c3ncnc4ccccc34)C2)cc1	0.016252
rxn:2:149062:166049	Cc1ccc(C)n1-c1cccc(C(C)N[C@@H]2CCN(c3ncnc4ccccc34)C2)c1	0.016252
rxn:2:118713:166211	COc1cc(NC(C)c2cccc(-c3cncnc3)c2C)ccc1-n1cnc(C)c1	0.016233
rxn:2:76062:155096	CCc1nc(C)c(-c2ccc(C(C)Nc3nnc(-c4cncs4)s3)s2)s1	0.016231
rxn:2:131385:116618	CCCCC(Nc1cc(Cc2ccc(C)cc2)ncn1)c1c(C)cc(C)cc1C	0.016219
rxn:2:131385:74779	CCCCC(Nc1cc(Cc2ccc(C)cc2)ncn1)c1cc(C)c(C)cc1C	0.016219
rxn:2:157350:149760	CCC(NCC1CCN(c2cc(C)cc3ncnn23)CC1)c1cc(C)ccc1S(=O)(=O)CC	0.016216
rxn:2:73693:154155	COc1ncc(NC2COc3ccc(-c4cnn(S(C)(=O)=O)c4)cc32)c2ncn(C)c12	0.016210
rxn:2:114893:112934	CCC(Nc1cc(-c2nnnn2CC(C)C)ccn1)c1ccc(OC)c(OC(C)C)c1	0.016206
rxn:2:131385:155884	COc1ccccc1-n1cc(C(C)Nc2cc(Cc3ccc(C)cc3)ncn2)cn1	0.016203
rxn:2:156652:94829	CCOc1cccc(CC(CC)NC2CC(C)(C)Cc3c2ccn3-c2nccs2)c1	0.016200
rxn:2:156652:70540	CCCC(Cc1cccc(OC)c1)NC1CC(C)(C)Cc2c1ccn2-c1nccs1	0.016200
rxn:2:156652:92074	CCC(CCc1cccc(OC)c1)NC1CC(C)(C)Cc2c1ccn2-c1nccs1	0.016200
rxn:2:147500:67998	COc1ccc(SC2CCCC2NC(C)c2cnn(Cc3ccc4c(c3)OCO4)c2)cc1	0.016196
rxn:2:129358:153606	COc1cc(-c2cnc(C(C)NC[C@@H]3CCN(Cc4ccccc4)CCO3)s2)ccc1C	0.016193
rxn:2:156652:130674	CC(C)CCC(Cc1ccncc1)NC1CC(C)(C)Cc2c1ccn2-c1nccs1	0.016183
rxn:2:96726:107408	COc1ccc(-c2nnc(NC(C)c3ccc(-c4ccsc4)s3)s2)cc1	0.016178
rxn:2:85059:107408	COc1ccccc1-c1nnc(NC(C)c2ccc(-c3ccsc3)s2)s1	0.016178
rxn:2:120579:91021	CCCCC(Nc1ccccc1SCc1ccc(C)cc1)c1cnccn1	0.016170
rxn:2:73701:149207	c1cc(-c2ccc3c(c2)CCC(NC2(c4cnccn4)CCCC2)C3)c2cn[nH]c2c1	0.016167
rxn:2:113718:153276	CC(C)Oc1cncc(-c2ccc(C(C)Nc3nc4c(s3)CN(C(C)(C)C)CC4)nc2)c1	0.016166
rxn:2:114503:157669	CCn1c(C)nnc1C1CCC(CNC(C)c2cccc(-c3ccc(C)o3)c2C)CC1	0.016163
rxn:2:95415:107408	CC(Nc1ccc(-c2ccsc2)cc1)c1ccc(-c2ccsc2)s1	0.016161
rxn:2:156282:156750	COc1cc(-c2ccco2)cnc1C(C)Nc1cccn(Cc2ccccc2)c1=O	0.016156
rxn:2:136596:147610	COc1cccc(-c2cnn3c(C)c(C(C)NC4CCCC4N(C)CC(C)(C)C)cnc23)c1	0.016151
rxn:2:156652:92675	CC1(C)Cc2c(ccn2-c2nccs2)C(NC(CCOC(C)(C)C)c2cccnc2)C1	0.016145
rxn:2:163191:160658	CCc1ccc2[nH]c3c(c2c1)CCCC3N[C@H]1CCN(c2ncnc3ccccc23)C1	0.016144
rxn:2:157350:75413	COc1ccccc1SC1CCCCC1NCC1CCN(c2cc(C)cc3ncnn23)CC1	0.016137
rxn:2:114893:66933	CCC(Nc1cc(-c2nnnn2CC(C)C)ccn1)c1cc(C)c(OC(C)C)c(C)c1	0.016135
rxn:2:118713:109347	COc1cc(NC(Cc2cccs2)c2cccs2)ccc1-n1cnc(C)c1	0.016135
rxn:2:149062:81282	COc1cccc(C(Cn2cccn2)N[C@@H]2CCN(c3ncnc4ccccc34)C2)c1	0.016118
rxn:2:155066:66076	COc1ccc2nc(-c3nonc3NC(C)c3ccc4nsnc4c3)sc2c1	0.016108
rxn:2:163191:69488	Cc1ccc(C(N[C@H]2CCN(c3ncnc4ccccc34)C2)c2ccsc2)cc1C	0.016107
rxn:2:95402:142273	CC(NCC1CN(C)CC(C)(C)N1c1ccccc1)c1ccc(-c2cnc(N(C)C)s2)s1	0.016102
rxn:2:75617:155128	CCOc1ncccc1-c1cccc2c1CCC2Nc1cnc2nc(C)ccc2c1	0.016090
rxn:2:86863:153276	CC(C)Oc1cncc(-c2ccc(C(C)Nc3nc4c(s3)CN(CCN(C)C)C4)nc2)c1	0.016089
rxn:2:114503:90343	CCn1c(C)nnc1C1CCC(CNC(C)CC2CCCCCCCCCCC2)CC1	0.016077
rxn:2:123275:155499	CSCCC(Nc1ccc(SC23CC(C2)C3)cc1)c1ccc2[nH]c(C)nc2c1	0.016076
rxn:2:129548:168105	CCc1n[nH]c2sc(CNC3CC(c4ccccc4)c4ccccc43)c(C)c12	0.016074
rxn:2:156652:66282	CCC(Cc1ccc(OC)c(OC)c1)NC1CC(C)(C)Cc2c1ccn2-c1nccs1	0.016066
rxn:2:150767:162733	CC(Nc1nc2c3ncccc3ccc2n1C)c1ccc(-c2ncc[nH]c2=O)cn1	0.016057
rxn:2:91828:162733	CC(Nc1nnc(-c2ccc(C(C)(C)C)cc2)o1)c1ccc(-c2ncc[nH]c2=O)cn1	0.016048
rxn:2:132184:155128	CCOc1ncccc1-c1cccc2c1CCC2Nc1ccc(N2CCOCC2)c(C)c1C	0.016045
rxn:2:137542:163676	CCC[C@H](NC(c1ccsc1)c1ccc(OC)c(C)c1)c1cc(C)cc(C)c1	0.016041
rxn:2:149062:136088	CC(CCc1ccc(-n2cccn2)cc1)N[C@@H]1CCN(c2ncnc3ccccc23)C1	0.016036
rxn:2:120695:149207	FC1(F)CCC2(CC1)CC(NC1CCc3cc(-c4cccc5[nH]ncc45)ccc3C1)CCO2	0.016026
rxn:2:147500:116314	COc1ccc(C2CCC(NC(C)c3cnn(Cc4ccc5c(c4)OCO5)c3)CC2)cc1C	0.016024
rxn:2:118713:72921	COc1cc(NC(c2ccccc2)c2ccccc2C)ccc1-n1cnc(C)c1	0.016006
rxn:2:125585:160406	COc1ccc(C2CC2CCNC(C)c2ccc(-c3cnc(C)c(C)c3)cc2C)nc1	0.015995
rxn:2:70012:160406	COc1ccc(C2CC2CCNC(C)c2ccc(-c3cnc(C)c(C)c3)cc2C)cn1	0.015995
rxn:2:121670:160406	COc1cccc(C2CC2CCNC(C)c2ccc(-c3cnc(C)c(C)c3)cc2C)n1	0.015995
rxn:2:111246:160406	COc1cc(C2CC2CCNC(C)c2ccc(-c3cnc(C)c(C)c3)cc2C)ccn1	0.015995
rxn:2:110251:160406	COc1ncccc1C1CC1CCNC(C)c1ccc(-c2cnc(C)c(C)c2)cc1C	0.015995
rxn:2:136293:160406	COc1cccnc1C1CC1CCNC(C)c1ccc(-c2cnc(C)c(C)c2)cc1C	0.015995
rxn:2:133184:160406	COc1cncc(C2CC2CCNC(C)c2ccc(-c3cnc(C)c(C)c3)cc2C)c1	0.015995
rxn:2:75765:124318	CCc1ccc(C(Nc2cc(C)c3ncccc3c2)c2sccc2C)s1	0.015995
rxn:2:94046:160406	Cc1ccc(C2CC2CCNC(C)c2ccc(-c3cnc(C)c(C)c3)cc2C)s1	0.015989
rxn:2:139531:160406	Cc1cc(-c2cnc(C)c(C)c2)ccc1C(C)NCCC1CC1c1cscc1C	0.015989
rxn:2:65919:160406	Cc1csc(C2CC2CCNC(C)c2ccc(-c3cnc(C)c(C)c3)cc2C)c1	0.015989
rxn:2:67114:160406	Cc1cc(-c2cnc(C)c(C)c2)ccc1C(C)NCCC1CC1c1sccc1C	0.015989
rxn:2:122945:160406	Cc1cc(C2CC2CCNC(C)c2ccc(-c3cnc(C)c(C)c3)cc2C)cs1	0.015989
rxn:2:123923:160406	Cc1cc(-c2cnc(C)c(C)c2)ccc1C(C)NCCC1CC1c1ccsc1C	0.015989
rxn:2:88673:154155	Cc1cc(NC2COc3ccc(-c4cnn(S(C)(=O)=O)c4)cc32)ccc1OCC1CCOCC1	0.015962
rxn:2:160930:154155	Cn1cnc2c1c(=O)nc(NC1COc3ccc(-c4cnn(S(C)(=O)=O)c4)cc31)n2C	0.015959
rxn:2:161395:154155	Cn1c(NC2COc3ccc(-c4cnn(S(C)(=O)=O)c4)cc32)nc2ncn(C)c2c1=O	0.015959
rxn:2:119614:153276	CCN1CCc2nc(CCNC(C)c3ccc(-c4cncc(OC(C)C)c4)cn3)sc2C1	0.015955
rxn:2:77581:155128	CCOc1ncccc1-c1cccc2c1CCC2Nc1ccc(OC)c(C(C)(C)C)c1	0.015953
rxn:2:90148:107408	Cc1ccc(-c2cncs2)cc1NC(C)c1ccc(-c2ccsc2)s1	0.015947
rxn:2:119962:107408	Cc1cc(NC(C)c2ccc(-c3ccsc3)s2)cc(-c2cncs2)c1	0.015947
rxn:2:80789:153276	CCC1CCCc2sc(NC(C)c3ccc(-c4cncc(OC(C)C)c4)cn3)nc21	0.015929
rxn:2:77238:147610	COc1cccc(-c2cnn3c(C)c(C(C)NC4CCCC4N(C)CC4CCC4)cnc23)c1	0.015928
rxn:2:90722:163676	COc1ccc(C(NC(c2c(C)cccc2C)C2(C)CC2)c2ccsc2)cc1C	0.015908
rxn:2:120328:160406	Cc1cc(C)c(C2CC2CCNC(C)c2ccc(-c3cnc(C)c(C)c3)cc2C)[nH]1	0.015887
rxn:2:120838:124477	CCCCc1ccc(-c2nsc(NC3CC(CS(=O)(=O)c4ccc(C)cc4)C3)n2)nc1	0.015875
rxn:2:95402:108287	COc1ccsc1-c1ccc(C(C)NCC2CN(C)CC(C)(C)N2c2ccccc2)s1	0.015870
rxn:2:153747:154155	Cc1c(NC2COc3ccc(-c4cnn(S(C)(=O)=O)c4)cc32)ccc2ncn(C)c(=O)c12	0.015866
rxn:2:112562:153276	CCCN1CCc2nc(NC(C)c3ccc(-c4cncc(OC(C)C)c4)cn3)nc(C)c2C1	0.015860
rxn:2:147500:141514	COc1cncc2ncc(C(C)NC(C)c3cnn(Cc4ccc5c(c4)OCO5)c3)n12	0.015852
rxn:2:130011:155502	Cc1cc(-c2ccc3c(c2)C(N[C@H]2CC[C@@H](Cn4cncn4)C2)CC3)cc2cnn(C)c12	0.015850
rxn:2:142401:79901	Cc1ccc2cc(CC(C)(C)CNC3CCC(c4nc(C(C)(C)C)no4)CC3)ccc2n1	0.015846
rxn:2:156652:73345	CC(C)C(NC1CC(C)(C)Cc2c1ccn2-c1nccs1)c1ccccc1C1CC1	0.015846
rxn:2:66993:155128	CCOc1ncccc1-c1cccc2c1CCC2NCC1(C2(c3cccs3)COC2)COC1	0.015837
rxn:2:149062:107267	CC(N[C@@H]1CCN(c2ncnc3ccccc23)C1)c1cccc(S(F)(F)(F)(F)F)c1	0.015826
rxn:2:144340:69650	CCOc1ccc2oc(C(C)NC(C)c3cc(=O)[nH]c(-c4ccccn4)n3)cc2c1	0.015818
rxn:2:154196:110364	Cc1cnc(-n2nc(C)c(C3CC3)c2NC2CCOc3c(C(C)C)ccc(C)c32)c(C)c1	0.015816
rxn:2:94693:107408	COCc1nc(-c2nnc(NC(C)c3ccc(-c4ccsc4)s3)s2)cs1	0.015811
rxn:2:105703:172564	CCOc1ccc(-c2ccc(C(C)NC(C)C3CCN(CC(C)C)C3)s2)cc1CC	0.015805
rxn:2:92692:172564	CCOc1ccc(-c2ccc(C(C)NCC3CCCN(CC(C)C)C3)s2)cc1CC	0.015802
rxn:2:126887:172564	CCOc1ccc(-c2ccc(C(C)NCC3CCN(CC(C)C)CC3)s2)cc1CC	0.015802
rxn:2:155066:66545	COc1ccc2nc(-c3nonc3NC(C)c3ccc4cnncc4c3)sc2c1	0.015792
rxn:2:155066:75791	COc1ccc2nc(-c3nonc3NC(C)c3ccc4nccnc4c3)sc2c1	0.015792
rxn:2:111875:168163	Cc1ccccc1-n1nc(C)c(NC(C)c2ccc(-c3ncncc3C)s2)c1C	0.015780
rxn:2:75003:149207	CC(C)C(CN(C)C1CCN(C)CC1)NC1CCc2cc(-c3cccc4[nH]ncc34)ccc2C1	0.015776
rxn:2:147500:132805	CCCc1ccncc1C(CCC)NC(C)c1cnn(Cc2ccc3c(c2)OCO3)c1	0.015756
rxn:2:134305:155502	Cc1cc(-c2ccc3c(c2)C(N[C@H]2CC[C@@H](n4cncn4)CC2)CC3)cc2cnn(C)c12	0.015754
rxn:2:156652:120048	CC(NC1CC(C)(C)Cc2c1ccn2-c1nccs1)c1cc(-c2cccnc2)no1	0.015743
rxn:2:118713:142562	COc1cc(NC(c2ccccn2)c2cccc(C)c2C)ccc1-n1cnc(C)c1	0.015742
rxn:2:118713:148903	COc1cc(NC(c2cccnc2)c2cccc(C)c2C)ccc1-n1cnc(C)c1	0.015742
rxn:2:72379:107408	CCOc1ccc2nccc(NC(C)c3ccc(-c4ccsc4)s3)c2c1	0.015739
rxn:2:147500:103617	COc1ccc(CC2CCCC(NC(C)c3cnn(Cc4ccc5c(c4)OCO5)c3)C2)cc1	0.015738
rxn:2:147500:124163	COc1ccc(CC2CCCCC2NC(C)c2cnn(Cc3ccc4c(c3)OCO4)c2)cc1	0.015738
rxn:2:147500:115153	COc1ccc(CC2CCC(NC(C)c3cnn(Cc4ccc5c(c4)OCO5)c3)CC2)cc1	0.015738
rxn:2:118713:165373	COc1cc(NC(C)c2sc3c(C)cccc3c2C)ccc1-n1cnc(C)c1	0.015732
rxn:2:101029:160406	Cc1ccc(C2CC2CCNC(C)c2ccc(-c3cnc(C)c(C)c3)cc2C)cc1	0.015727
rxn:2:123231:160406	Cc1cc(-c2cnc(C)c(C)c2)ccc1C(C)NCCC1CC1c1ccccc1C	0.015727
rxn:2:76003:160406	Cc1cccc(C2CC2CCNC(C)c2ccc(-c3cnc(C)c(C)c3)cc2C)c1	0.015727
rxn:2:111218:73581	COc1ccc(Oc2ccc(NC(c3cccc(C4CC4)c3)C3CC3)cc2)cc1	0.015724
rxn:2:95402:147164	COc1cccc(-c2ccc(C(C)NCC3CN(C)CC(C)(C)N3c3ccccc3)s2)c1	0.015708
rxn:2:95402:108784	COc1ccc(-c2ccc(C(C)NCC3CN(C)CC(C)(C)N3c3ccccc3)s2)cc1	0.015708
rxn:2:95402:147044	COc1ccccc1-c1ccc(C(C)NCC2CN(C)CC(C)(C)N2c2ccccc2)s1	0.015708
rxn:2:118713:149022	COc1cc(NCC(c2nc3ccccc3[nH]2)S(C)(=O)=O)ccc1-n1cnc(C)c1	0.015707
rxn:2:140262:160406	COc1cccc2oc(NC(C)c3ccc(-c4cnc(C)c(C)c4)cc3C)nc12	0.015696
rxn:2:120758:153276	CCCn1cnnc1CC1CC(NC(C)c2ccc(-c3cncc(OC(C)C)c3)cn2)C1	0.015696
rxn:2:80871:149207	CC1CC(C)C2(CCCCO2)C(NC2CCc3cc(-c4cccc5[nH]ncc45)ccc3C2)C1	0.015695
rxn:2:85071:73581	Cc1cc(C)cc(Oc2ccc(NC(c3cccc(C4CC4)c3)C3CC3)cc2)c1	0.015687
rxn:2:114566:160053	Cc1ccc(Sc2ccc(NC3CCN(c4ncnc5c4cnn5C)CC3)cc2)cc1	0.015670
rxn:2:101243:155128	CCOc1ncccc1-c1cccc2c1CCC2NCc1cccn(C2CCCCC2)c1=O	0.015668
rxn:2:147976:103571	CC(Nc1nc2c(cc3c4c(cccc42)CC3)s1)c1cc2c(s1)CCCC2	0.015661
rxn:2:147500:74150	COc1ccc(CCC(NC(C)c2cnn(Cc3ccc4c(c3)OCO4)c2)C2CC2)cc1	0.015654
rxn:2:154196:94792	Cc1cnc(-n2nc(C)c(C3CC3)c2NC(C)c2cc3ccncc3s2)c(C)c1	0.015650
rxn:2:154196:119437	Cc1cnc(-n2nc(C)c(C3CC3)c2NC(C)c2cc3cccnc3s2)c(C)c1	0.015650
rxn:2:154196:125091	Cc1cnc(-n2nc(C)c(C3CC3)c2NC(C)c2cc3cnccc3s2)c(C)c1	0.015650
rxn:2:132149:160406	Cc1cc(-c2cnc(C)c(C)c2)ccc1C(C)NCCc1cn(C)c2ncccc12	0.015643
rxn:2:118717:160406	Cc1cc(-c2cnc(C)c(C)c2)ccc1C(C)NCCC1CC1c1nc(C)c(C)s1	0.015639
rxn:2:130999:160406	Cc1nc(C)c(C2CC2CCNC(C)c2ccc(-c3cnc(C)c(C)c3)cc2C)s1	0.015639
rxn:2:155066:77210	COc1ccc2nc(-c3nonc3NC(C)c3ccc4[nH]ccc4c3)sc2c1	0.015634
rxn:2:155066:135636	COc1ccc2nc(-c3nonc3NC(C)c3ccc4cc[nH]c4c3)sc2c1	0.015634
rxn:2:155066:76631	COc1ccc2nc(-c3nonc3NC(C)c3cccc4[nH]ccc34)sc2c1	0.015634
rxn:2:156652:86336	COc1cc(OC)c(C(C)NC2CC(C)(C)Cc3c2ccn3-c2nccs2)c(OC)c1C	0.015630
rxn:2:141253:163676	COc1ccc(C(NCc2cccc(-c3n[nH]c(C)n3)c2)c2ccsc2)cc1C	0.015622
rxn:2:155066:77969	COc1ccc2nc(-c3nonc3NC(C)CCN(C)c3ccccc3)sc2c1	0.015607
rxn:2:94681:66800	CC(NCCc1nccn1Cc1ccsc1)c1cccc(-c2ccsc2)c1	0.015603
rxn:2:66418:147610	COc1cccc(-c2cnn3c(C)c(C(C)NC45CN(C)CC(CC(C)(C)C4)C5(F)F)cnc23)c1	0.015601
rxn:2:156652:121471	CCC(Cc1ccc(SC)cc1)NC1CC(C)(C)Cc2c1ccn2-c1nccs1	0.015579
rxn:2:129548:166112	CCc1n[nH]c2sc(CNC(CC)c3cc(C)c4[nH]c(=O)ccc4c3)c(C)c12	0.015572
rxn:2:155066:74816	COc1ccc2nc(-c3nonc3NC(C)c3ccc4ccoc4c3)sc2c1	0.015558
rxn:2:155066:96094	COc1ccc2nc(-c3nonc3NC(C)c3ccc4occc4c3)sc2c1	0.015558
rxn:2:166400:82225	CCCS(=O)(=O)c1cc(NC(C)c2csc(CN3CCCC(C)C3)n2)cc2[nH]ccc12	0.015556
rxn:2:111276:153276	Cc1cc(CNC(C)c2ccc(-c3cncc(OC(C)C)c3)cn2)c2cnn(C)c2n1	0.015547
rxn:2:136549:107408	CC(C)Oc1ccc(CNC(C)c2ccc(-c3ccsc3)s2)cc1C(C)(C)C	0.015541
rxn:2:95402:146888	CC(C)c1[nH]ncc1-c1ccc(C(C)NCC2CN(C)CC(C)(C)N2c2ccccc2)s1	0.015534
rxn:2:90850:166390	Cc1cncc(-c2ccc3c(c2)CCCC3Nc2ccc(Cn3cccn3)cc2)c1	0.015523
rxn:2:118418:166390	Cc1cncc(-c2ccc3c(c2)CCCC3Nc2ccccc2Cn2cccn2)c1	0.015523
rxn:2:157350:155258	Cc1cc(N2CCC(CNC3CCc4cc(-c5ccco5)ccc43)CC2)n2ncnc2c1	0.015506
rxn:2:105748:172564	CCOc1ccc(-c2ccc(C(C)NC3CCN(C(C)CC(C)C)C3)s2)cc1CC	0.015503
rxn:2:132339:172564	CCOc1ccc(-c2ccc(C(C)NC3CCN(CCC(C)C)CC3)s2)cc1CC	0.015500
rxn:2:131027:172564	CCOc1ccc(-c2ccc(C(C)NC3CCCN(CCC(C)C)C3)s2)cc1CC	0.015500
rxn:2:141479:107408	Cc1ccc(-c2nnc(NC(C)c3ccc(-c4ccsc4)s3)s2)cc1C	0.015498
rxn:2:91778:107408	Cc1cc(C)cc(-c2nnc(NC(C)c3ccc(-c4ccsc4)s3)s2)c1	0.015498
rxn:2:98116:107408	Cc1cccc(C)c1-c1nnc(NC(C)c2ccc(-c3ccsc3)s2)s1	0.015498
rxn:2:87474:107408	Cc1ccc(C)c(-c2nnc(NC(C)c3ccc(-c4ccsc4)s3)s2)c1	0.015498
rxn:2:114839:107408	Cc1ccc(-c2nnc(NC(C)c3ccc(-c4ccsc4)s3)s2)c(C)c1	0.015498
rxn:2:120001:107408	Cc1cccc(-c2nnc(NC(C)c3ccc(-c4ccsc4)s3)s2)c1C	0.015498
rxn:2:166860:116965	CCCc1nn(-c2ccnc(C(C)C)c2)cc1NC1CCN(Cc2ccco2)CC1(C)C	0.015483
rxn:2:156652:69073	CC1(C)Cc2c(ccn2-c2nccs2)C(NC(Cc2cnccn2)c2ccncc2)C1	0.015481
rxn:2:93038:155128	CCOc1ncccc1-c1cccc2c1CCC2NCC12CC1CCN2Cc1ccccc1	0.015476
rxn:2:137238:154155	CC1CCC(C(Cc2ccccc2)NC2COc3ccc(-c4cnn(S(C)(=O)=O)c4)cc32)CC1	0.015472
rxn:2:87307:153276	COc1ccc(C2(NC(C)c3ccc(-c4cncc(OC(C)C)c4)cn3)CC2)cc1OC	0.015461
rxn:2:149062:123855	CC(N[C@@H]1CCN(c2ncnc3ccccc23)C1)c1cccc(Cc2ccccc2)c1	0.015452
rxn:2:155066:100175	COc1ccc2nc(-c3nonc3NC(C)c3cccc(C(C)(C)C)c3)sc2c1	0.015452
rxn:2:93119:153606	COc1cc(-c2cnc(C(C)NC(C)Cn3c(=O)oc4ccccc43)s2)ccc1C	0.015450
rxn:2:74663:155502	Cc1n[nH]c(C)c1CC(C)NC1CCc2ccc(-c3cc(C)c4c(cnn4C)c3)cc21	0.015442
rxn:2:166860:129641	CCCc1nn(-c2ccnc(C(C)C)c2)cc1NC1CCN(Cc2cccs2)C1(C)C	0.015440
rxn:2:154196:118774	Cc1cnc(-n2nc(C)c(C3CC3)c2NC(C)c2cc3c(C)nn(C)c3s2)c(C)c1	0.015435
rxn:2:98007:66800	CC1CCN(C(C)(Cc2ccsc2)NC(C)c2cccc(-c3ccsc3)c2)CC1	0.015435
rxn:2:74482:66800	CC1CCCN(C(C)(Cc2ccsc2)NC(C)c2cccc(-c3ccsc3)c2)C1	0.015435
rxn:2:155066:159646	COc1ccc2nc(-c3nonc3NC(C)c3ccc4[nH]c(=O)oc4c3)sc2c1	0.015434
rxn:2:155066:165045	COc1ccc2nc(-c3nonc3NC(C)c3ccc4oc(=O)[nH]c4c3)sc2c1	0.015434
rxn:2:96122:160406	Cc1cc(C2CC2CCNC(C)c2ccc(-c3cnc(C)c(C)c3)cc2C)cc(C)n1	0.015431
rxn:2:108309:160406	Cc1cnc(C2CC2CCNC(C)c2ccc(-c3cnc(C)c(C)c3)cc2C)c(C)c1	0.015431
rxn:2:118913:160406	Cc1ccc(C2CC2CCNC(C)c2ccc(-c3cnc(C)c(C)c3)cc2C)c(C)n1	0.015431
rxn:2:149062:65814	Cc1ccc(-c2cccc(C(C)N[C@@H]3CCN(c4ncnc5ccccc45)C3)c2)s1	0.015390
rxn:2:147092:79595	Cc1ccc2nc(-c3cn[nH]c3NC3CCN(c4nc(C(C)C)no4)CC3)[nH]c2c1	0.015381
rxn:2:166860:134954	CCCc1nn(-c2ccnc(C(C)C)c2)cc1NC(CC)C1CCN(C(C)C2CC2)CC1	0.015368
rxn:2:140961:166390	CCCC1CCC(NC2CCCc3cc(-c4cncc(C)c4)ccc32)C(n2cccn2)C1	0.015368
rxn:2:147500:132393	CCC(C)CC(NC(C)c1cnn(Cc2ccc3c(c2)OCO3)c1)c1ccccc1C	0.015366
rxn:2:94019:147610	COc1cccc(-c2cnn3c(C)c(C(C)NC4CCC(C(C)(C)C)CC4N(C)C)cnc23)c1	0.015365
rxn:2:118713:163216	COc1cc(NC(Cc2ncc[nH]2)c2cccc(C)c2C)ccc1-n1cnc(C)c1	0.015365
rxn:2:140151:149207	CC1(C)CCC(NC2CCc3cc(-c4cccc5[nH]ncc45)ccc3C2)C2(CCCCO2)C1	0.015364
rxn:2:118713:100837	COc1cc(NC(C)c2cccc(-c3ccco3)c2C)ccc1-n1cnc(C)c1	0.015357
rxn:2:155066:105562	CCOc1ccc(C(CC)Nc2nonc2-c2nc3ccc(OC)cc3s2)cn1	0.015353
rxn:2:73691:155128	CCOc1ncccc1-c1cccc2c1CCC2Nc1nnc(-c2ccc(C)nc2)o1	0.015352
rxn:2:100290:172564	CCOc1ccc(-c2ccc(C(C)NC3(c4cccs4)CC3C)s2)cc1CC	0.015347
rxn:2:144340:139515	CCc1ccccc1C(NC(C)c1cc(=O)[nH]c(-c2ccccn2)n1)c1ccccn1	0.015338
rxn:2:114893:135496	CCCOc1c(C)cc(C(CC)Nc2cc(-c3nnnn3CC(C)C)ccn2)cc1C	0.015284
rxn:2:114893:90225	CCCOc1cc(C)c(C(CC)Nc2cc(-c3nnnn3CC(C)C)ccn2)c(C)c1	0.015284
rxn:2:166860:69181	CCCc1nn(-c2ccnc(C(C)C)c2)cc1NC1CCN(Cc2ccccc2)C1(C)C	0.015279
rxn:2:132448:153276	CCN1CCN(Cc2nnc(NC(C)c3ccc(-c4cncc(OC(C)C)c4)cn3)s2)CC1	0.015274
rxn:2:72226:153276	CC(C)Oc1cncc(-c2ccc(C(C)Nc3nnc(-c4ccccc4)o3)nc2)c1	0.015264
rxn:2:142401:72773	CCC(CC(C)c1ccccc1)NCC(C)(C)Cc1ccc2nc(C)ccc2c1	0.015255
rxn:2:146396:107408	CC(Nc1nnc(-c2ccc3c(c2)OCCO3)s1)c1ccc(-c2ccsc2)s1	0.015254
rxn:2:111969:143157	COc1csc(-c2ccc3c(c2)OCC3NC(C)Cc2c[nH]c3ccccc23)c1	0.015250
rxn:2:118713:112761	COc1cc(NC(C)c2ccccc2-c2ccccc2)ccc1-n1cnc(C)c1	0.015234
rxn:2:155066:79725	COc1ccc2nc(-c3nonc3NC(C)c3cccc(OC(C)C)c3)sc2c1	0.015229
rxn:2:118713:138996	COc1cc(NC(C)c2ccc(-c3nccs3)c(C)c2)ccc1-n1cnc(C)c1	0.015226
rxn:2:131385:115507	CCCCC(Nc1cc(Cc2ccc(C)cc2)ncn1)c1ccc(SC)cc1	0.015210
rxn:2:157138:162733	Cc1ccc(Oc2ncccc2NC(C)c2ccc(-c3ncc[nH]c3=O)cn2)c(C)c1	0.015201
rxn:2:149062:155791	Cc1cccc(-c2cccc(C(C)N[C@@H]3CCN(c4ncnc5ccccc45)C3)c2)c1	0.015195
rxn:2:149062:142811	Cc1ccc(-c2cccc(C(C)N[C@@H]3CCN(c4ncnc5ccccc45)C3)c2)cc1	0.015195
rxn:2:149062:150537	Cc1ccccc1-c1cccc(C(C)N[C@@H]2CCN(c3ncnc4ccccc34)C2)c1	0.015195
rxn:2:129979:160406	Cc1cc(-c2cnc(C)c(C)c2)ccc1C(C)NCc1occc1CN1CCOC(C)(C)C1	0.015191
rxn:2:145174:124477	Cc1ccc(S(=O)(=O)CC2CC(Nc3nc(-c4ccc5cnccc5n4)ns3)C2)cc1	0.015186
rxn:2:153369:124477	Cc1ccc(S(=O)(=O)CC2CC(Nc3nc(-c4ccc5cccnc5n4)ns3)C2)cc1	0.015186
rxn:2:168315:124477	Cc1ccc(S(=O)(=O)CC2CC(Nc3nc(-c4ccc5ncccc5n4)ns3)C2)cc1	0.015186
rxn:2:161977:124477	Cc1ccc(S(=O)(=O)CC2CC(Nc3nc(-c4nccc5ncccc45)ns3)C2)cc1	0.015186
rxn:2:75337:172564	CCOc1ccc(-c2ccc(C(C)NC3CCN(C(C)C4CCCC4)C3)s2)cc1CC	0.015179
rxn:2:81099:172564	CCOc1ccc(-c2ccc(C(C)N[C@H]3CCN(CC4CCCCC4)C3)s2)cc1CC	0.015176
rxn:2:99225:172564	CCOc1ccc(-c2ccc(C(C)N[C@@H]3CCN(CC4CCCCC4)C3)s2)cc1CC	0.015176
rxn:2:103017:172564	CCOc1ccc(-c2ccc(C(C)NC3CCN(CC4CCCCC4)C3)s2)cc1CC	0.015176
rxn:2:103877:172564	CCOc1ccc(-c2ccc(C(C)N[C@@H]3CCCN(CC4CCCC4)C3)s2)cc1CC	0.015176
rxn:2:114722:172564	CCOc1ccc(-c2ccc(C(C)NC3CCCN(CC4CCCC4)C3)s2)cc1CC	0.015176
rxn:2:135195:172564	CCOc1ccc(-c2ccc(C(C)NC3CCN(CC4CCCC4)CC3)s2)cc1CC	0.015176
rxn:2:75812:155128	CCOc1ncccc1-c1cccc2c1CCC2NC1(Cc2ccccc2)CC(F)(F)C1	0.015168
rxn:2:76062:122997	CCCC(Nc1nnc(-c2cncs2)s1)c1ccc(-c2ccccc2)s1	0.015166
rxn:2:163553:144573	Cc1cnc2[nH]c(C3CC(NC(c4cc5c(cc4C)n(C)c(=O)n5C)C(C)C)C3)cc2c1	0.015161
rxn:2:65942:66800	CC1CCC(C(Cc2ccsc2)NC(C)c2cccc(-c3ccsc3)c2)CC1	0.015151
rxn:2:115308:153276	CC(C)Oc1cncc(-c2ccc(C(C)Nc3nc4c(s3)CC(C(C)C)CC4)nc2)c1	0.015142
rxn:2:156652:88452	CC1(C)Cc2c(ccn2-c2nccs2)C(NC(c2ccccc2)c2cccnc2)C1	0.015133
rxn:2:91848:160406	CCOc1ccccc1C1CN(C)CC1NC(C)c1ccc(-c2cnc(C)c(C)c2)cc1C	0.015126
rxn:2:155066:104935	COc1ccc2nc(-c3nonc3NC(C)c3cccc(C(C)(F)F)c3)sc2c1	0.015121
rxn:2:121292:160406	Cc1cc(-c2cnc(C)c(C)c2)ccc1C(C)NCCC1CC1c1cnn(C(C)C)c1	0.015120
rxn:2:125906:162733	Cc1ccc(NC(C)c2ccc(-c3ncc[nH]c3=O)cn2)cc1Sc1ncccn1	0.015117
rxn:2:139583:153276	CC(C)Oc1cncc(-c2ccc(C(C)Nc3nc4c(s3)CN(CC3CCCO3)C4)nc2)c1	0.015112
rxn:2:147500:88368	CCOc1ccc(C2CCC(NC(C)c3cnn(Cc4ccc5c(c4)OCO5)c3)CC2)cc1	0.015108
rxn:2:95402:144543	CSc1cnc(-c2ccc(C(C)NCC3CN(C)CC(C)(C)N3c3ccccc3)s2)nc1	0.015105
rxn:2:95402:142664	CSc1cnc(-c2ccc(C(C)NCC3CN(C)CC(C)(C)N3c3ccccc3)s2)cn1	0.015105
rxn:2:141512:153606	CCSc1nc2ncnc(NC(C)c3ncc(-c4ccc(C)c(OC)c4)s3)n2n1	0.015103
rxn:2:72786:157269	CSc1ncc2cc(C(C)Nc3ncnc4c3nc(C)n4C)c(=O)[nH]c2n1	0.015102
rxn:2:97248:168163	Cc1cncnc1-c1ccc(C(C)Nc2nnc(-c3ccccc3C(C)C)[nH]2)s1	0.015086
rxn:2:99027:107408	CC(Nc1nnc(-c2ccc(N(C)C)cc2)s1)c1ccc(-c2ccsc2)s1	0.015082
rxn:2:118713:168875	COc1cc(NC(C)c2cccc(-c3cnoc3C)c2C)ccc1-n1cnc(C)c1	0.015081
rxn:2:143523:168163	Cc1cncnc1-c1ccc(C(C)Nc2cnn(-c3ccc(C4CC4)nc3)c2C)s1	0.015079
rxn:2:65948:107408	CCc1ccc(-c2nnc(NC(C)c3ccc(-c4ccsc4)s3)s2)cc1	0.015068
rxn:2:85869:107408	CCc1ccccc1-c1nnc(NC(C)c2ccc(-c3ccsc3)s2)s1	0.015068
rxn:2:154841:162733	Cc1cc2ncccc2c2nc(NC(C)c3ccc(-c4ncc[nH]c4=O)cn3)n(C)c12	0.015066
rxn:2:95944:91021	CCCCC(Nc1cc(SCc2ccccc2C)ncn1)c1cnccn1	0.015059
rxn:2:131385:136292	CCCCC(Nc1cc(Cc2ccc(C)cc2)ncn1)c1ccc(C(C)C)cc1	0.015051
rxn:2:149062:165092	Cc1nc(-c2ccc(C(C)N[C@@H]3CCN(c4ncnc5ccccc45)C3)cc2)sc1C	0.015049
rxn:2:163191:122032	CC(CCCn1nnc(-c2ccco2)n1)N[C@H]1CCN(c2ncnc3ccccc23)C1	0.015046
rxn:2:163553:114100	Cc1cc(C)c(C(CC(C)C)NC(c2cc3c(cc2C)n(C)c(=O)n3C)C(C)C)cc1C	0.015026
rxn:2:148898:162733	CC(Nc1ccc2[nH]c3cccnc3c2c1)c1ccc(-c2ncc[nH]c2=O)cn1	0.015024
rxn:2:155066:121751	COc1ccc2nc(-c3nonc3NC(C)c3ccc4nc(C)[nH]c4c3)sc2c1	0.015020
rxn:2:102205:139311	CC(C)Sc1ccc(C(NCC2CC2CN2CCc3ccccc3C2)C2(C)CC2)cc1	0.015015
rxn:2:144295:162733	Cc1cc2sc(NC(C)c3ccc(-c4ncc[nH]c4=O)cn3)nc2c2cccnc12	0.015011
rxn:2:114893:72517	CCC(Nc1cc(-c2nnnn2CC(C)C)ccn1)c1c[nH]c2ccc(OC)cc12	0.014998
rxn:2:76859:154155	CN(C)c1nc(NC2COc3ccc(-c4cnn(S(C)(=O)=O)c4)cc32)c2c(ncn2C)n1	0.014992
rxn:2:83829:153606	COc1cc(-c2cnc(C(C)Nc3ccn(Cc4nc(C)cs4)n3)s2)ccc1C	0.014987
rxn:2:100589:168163	Cc1cncnc1-c1ccc(C(C)Nc2ccc(Sc3ncccn3)cc2)s1	0.014987
rxn:2:142401:140156	Cc1ccc2cc(CC(C)(C)CNC(C)c3ccc4c(c3)C(C)(C)CCN4C)ccc2n1	0.014986
rxn:2:95402:172683	Cc1ccc(C)c(-c2csc(C(C)NCC3CN(C)CC(C)(C)N3c3ccccc3)c2)c1	0.014985
rxn:2:95402:173134	Cc1ccc(C)c(-c2ccc(C(C)NCC3CN(C)CC(C)(C)N3c3ccccc3)s2)c1	0.014985
rxn:2:95402:169937	Cc1cc(C)cc(-c2ccc(C(C)NCC3CN(C)CC(C)(C)N3c3ccccc3)s2)c1	0.014985
rxn:2:96162:66800	Cc1nn(Cc2ccsc2)c(C)c1NC(C)c1cccc(-c2ccsc2)c1	0.014980
rxn:2:149062:140130	CC(N[C@@H]1CCN(c2ncnc3ccccc23)C1)c1cccc(Oc2ccccc2)c1	0.014975
rxn:2:74764:160406	Cc1cc(-c2cnc(C)c(C)c2)ccc1C(C)NCCC1CC1c1ccc(N(C)C)nc1	0.014973
rxn:2:114673:160053	Cn1cc(CCc2ccncc2)nc1CNC1CCN(c2ncnc3c2cnn3C)CC1	0.014965
rxn:2:131900:153276	CC(C)Oc1cncc(-c2ccc(C(C)Nc3nc4c(s3)CC3(CCOCC3)CC4)nc2)c1	0.014962
rxn:2:114893:156549	CCC(Nc1cc(-c2nnnn2CC(C)C)ccn1)c1ccc2cc(C)ccc2c1	0.014958
rxn:2:154904:156750	COc1cc(-c2ccco2)cnc1C(C)Nc1cccn(-c2cc(C)cc(C)c2)c1=O	0.014945
rxn:2:147092:85978	CCCC1CCC2(CC1)CCC(Nc1[nH]ncc1-c1nc3ccc(C)cc3[nH]1)CC2	0.014938
rxn:2:73523:172564	CCOc1ccc(-c2ccc(C(C)NC3CN(CC(C)C)CCC3(C)C)s2)cc1CC	0.014932
rxn:2:118431:160406	CCC(CC)(CNC(C)c1ccc(-c2cnc(C)c(C)c2)cc1C)N1CCCCCCC1	0.014907
rxn:2:100422:160053	Cc1ncc(NC2CCN(c3ncnc4c3cnn4C)CC2)cc1C(F)(F)c1nnn[nH]1	0.014894
rxn:2:118713:163260	COc1cc(NC(C)c2ccccc2-n2c(C)ccc2C)ccc1-n1cnc(C)c1	0.014892
rxn:2:92144:73581	c1cc(C2CC2)cc(C(N[C@H](CC2CC2)c2ccc3ccccc3c2)C2CC2)c1	0.014879
rxn:2:89846:153606	COc1ccc([C@H](NC(C)c2ncc(-c3ccc(C)c(OC)c3)s2)C2CCCC2)cn1	0.014854
rxn:2:79955:162733	Cc1ccc(C[C@@H](NC(C)c2ccc(-c3ncc[nH]c3=O)cn2)c2ccccc2)cc1	0.014844
rxn:2:139359:166390	Cc1cncc(-c2ccc3c(c2)CCCC3NCc2ccc(Cn3cccn3)cc2)c1	0.014840
rxn:2:136296:166390	Cc1cncc(-c2ccc3c(c2)CCCC3NCc2ccccc2Cn2cccn2)c1	0.014840
rxn:2:166396:66800	Cc1cc(=O)n(Cc2ccsc2)cc1NC(C)c1cccc(-c2ccsc2)c1	0.014838
rxn:2:99617:147610	COc1cccc(-c2cnn3c(C)c(C(C)NC4CCCCCC4N(C)C(C)C)cnc23)c1	0.014824
rxn:2:147500:129966	COc1ccc(C2CCCCCC2NC(C)c2cnn(Cc3ccc4c(c3)OCO4)c2)cc1	0.014824
rxn:2:147500:113234	CCC(NC(C)c1cnn(Cc2ccc3c(c2)OCO3)c1)C(C)SCc1ccccc1	0.014821
rxn:2:144340:102888	CC(CCc1cnn(-c2ccccc2)c1)NC(C)c1cc(=O)[nH]c(-c2ccccn2)n1	0.014808
rxn:2:155066:81090	COc1ccc2nc(-c3nonc3NC(C)c3ccc(N4CCN(C)CC4)s3)sc2c1	0.014806
rxn:2:109791:66800	CC(Cc1csc2ccccc12)NC(C)c1cccc(-c2ccsc2)c1	0.014797
rxn:2:155066:159239	COc1ccc2nc(-c3nonc3NC(C)c3ccc4[nH]c(=O)sc4c3)sc2c1	0.014790
rxn:2:155066:144944	COc1ccc2nc(-c3nonc3NC(C)c3ccc4sc(=O)[nH]c4c3)sc2c1	0.014790
rxn:2:154515:71823	Cc1ccc(-c2nc3ccc(NC(C)c4nc5c(s4)CCCC5)cc3s2)s1	0.014788
rxn:2:163553:142810	Cc1cnc2c(c1)cc(C1CC(NC(c3cc4c(cc3C)n(C)c(=O)n4C)C(C)C)C1)n2C	0.014786
rxn:2:154954:156750	COc1cc(-c2ccco2)cnc1C(C)Nc1cccn(Cc2ccc(C)cc2)c1=O	0.014769
rxn:2:136457:160053	CSc1ccc(-c2ccc(NC3CCN(c4ncnc5c4cnn5C)CC3)cc2)cc1	0.014763
rxn:2:144931:124477	Cc1ccc(S(=O)(=O)CC2CC(Nc3nc(-c4ccc5ccccc5n4)ns3)C2)cc1	0.014751
rxn:2:149526:124477	Cc1ccc(S(=O)(=O)CC2CC(Nc3nc(-c4cc5ccccc5cn4)ns3)C2)cc1	0.014751
rxn:2:145644:124477	Cc1ccc(S(=O)(=O)CC2CC(Nc3nc(-c4nccc5ccccc45)ns3)C2)cc1	0.014751
rxn:2:72957:156750	COc1cc(-c2ccco2)cnc1C(C)Nc1cncc(Oc2ccccc2C)n1	0.014739
rxn:2:134511:147610	COc1cccc(-c2cnn3c(C)c(C(C)NCc4ccc5nnnn5c4)cnc23)c1	0.014721
rxn:2:157350:162515	Cc1cc(N2CCC(CNC3CCOc4cc(-c5ccoc5)ccc43)CC2)n2ncnc2c1	0.014703
rxn:2:155066:155933	COc1ccc2nc(-c3nonc3NC(C)c3ccc4c(=O)[nH]cnc4c3)sc2c1	0.014702
rxn:2:131385:118119	CCCCC(Nc1cc(Cc2ccc(C)cc2)ncn1)c1ccc(C(C)(C)C)cc1	0.014689
rxn:2:81890:160406	COc1ccc(C2CC2CCNC(C)c2ccc(-c3cnc(C)c(C)c3)cc2C)cc1	0.014680
rxn:2:147500:91763	COc1ccc(C(NC(C)c2cnn(Cc3ccc4c(c3)OCO4)c2)C2CCCCC2)cc1	0.014672
rxn:2:159091:82225	CC1CCCN(Cc2nc(C(C)NCc3csc(-c4nnc5sccn45)n3)cs2)C1	0.014671
rxn:2:127696:153276	CCC(C)(NC(C)c1ccc(-c2cncc(OC(C)C)c2)cn1)c1nc2c(s1)CN(C)CC2	0.014658
rxn:2:117787:156750	COc1cc(-c2ccco2)cnc1C(C)NCCc1ccc(OC(C)C(C)(C)C)cc1	0.014656
rxn:2:118713:123171	COc1cc(NC(c2ccsc2)c2cccc(C)c2C)ccc1-n1cnc(C)c1	0.014643
rxn:2:95402:84225	CCc1ccc(-c2ccc(C(C)NCC3CN(C)CC(C)(C)N3c3ccccc3)s2)s1	0.014629
rxn:2:136783:160406	Cc1cc(C2CC2CCNC(C)c2ccc(-c3cnc(C)c(C)c3)cc2C)c(C)s1	0.014626
rxn:2:155066:113595	COc1ccc2nc(-c3nonc3NC(C)c3ccnc(-n4ccnc4)c3)sc2c1	0.014617
rxn:2:142401:70680	COc1ccc(C(NCC(C)(C)Cc2ccc3nc(C)ccc3c2)C(C)C)cc1OC	0.014615
rxn:2:154196:70866	Cc1cnc(-n2nc(C)c(C3CC3)c2NC(C)c2cc3sccc3s2)c(C)c1	0.014596
rxn:2:126086:107408	Cc1cccc(Cc2ncc(CNC(C)c3ccc(-c4ccsc4)s3)cn2)c1	0.014594
rxn:2:120158:160406	Cc1cc(-c2cnc(C)c(C)c2)ccc1C(C)NCCC1CC1c1cnn(C(C)(C)C)c1	0.014593
rxn:2:154196:97906	Cc1cnc(-n2nc(C)c(C3CC3)c2NC(C)c2c(C)cc(C(C)(C)C)cc2C)c(C)c1	0.014591
rxn:2:72097:107408	Cc1cnn(CCc2ccccc2)c1NC(C)c1ccc(-c2ccsc2)s1	0.014582
rxn:2:71459:107408	CC(NC(C)c1ccc(-c2ccsc2)s1)c1ccc(-c2cncs2)cc1	0.014574
rxn:2:109067:153276	Cc1ccc2c(c1)CCCN2CC(C)NC(C)c1ccc(-c2cncc(OC(C)C)c2)cn1	0.014567
rxn:2:157350:157694	Cc1cc(N2CCC(CNC3CCOc4ccc(-c5ccc[nH]5)cc43)CC2)n2ncnc2c1	0.014562
rxn:2:105533:156750	COc1ccc(Cc2cc(NC(C)c3ncc(-c4ccco4)cc3OC)[nH]n2)cc1	0.014561
rxn:2:156652:78651	CC1(C)Cc2c(ccn2-c2nccs2)C(NC(Cc2cccnc2)c2cccnc2)C1	0.014554
rxn:2:156652:68421	CC1(C)Cc2c(ccn2-c2nccs2)C(NC(Cc2ccncc2)c2cccnc2)C1	0.014554
rxn:2:156652:94045	CC1(C)Cc2c(ccn2-c2nccs2)C(NC(Cc2ccccn2)c2cccnc2)C1	0.014554
rxn:2:156652:77760	CC1(C)Cc2c(ccn2-c2nccs2)C(NC(Cc2ccccc2)c2cncnc2)C1	0.014554
rxn:2:156652:82922	CC1(C)Cc2c(ccn2-c2nccs2)C(NC(Cc2cnccn2)c2ccccc2)C1	0.014554
rxn:2:81279:66800	CC(NC1CN(Cc2cccc3ccccc23)C1)c1cccc(-c2ccsc2)c1	0.014547
rxn:2:106504:107408	COc1cc(-c2nnc(NC(C)c3ccc(-c4ccsc4)s3)s2)ccc1C	0.014540
rxn:2:67702:166390	Cc1cncc(-c2ccc3c(c2)CCCC3Nc2cnc(OCCn3cccn3)nc2)c1	0.014528
rxn:2:155066:158486	COc1ccc2nc(-c3nonc3NC(C)c3ccc4[nH]ccc(=O)c4c3)sc2c1	0.014521
rxn:2:155066:144677	COc1ccc2nc(-c3nonc3NC(C)c3ccc4[nH]c(=O)ccc4c3)sc2c1	0.014521
rxn:2:155066:149798	COc1ccc2nc(-c3nonc3NC(C)c3cccc4c(=O)[nH]ccc34)sc2c1	0.014521
rxn:2:155066:144358	COc1ccc2nc(-c3nonc3NC(C)c3cccc4c(=O)cc[nH]c34)sc2c1	0.014521
rxn:2:137178:156750	COc1cc(-c2ccco2)cnc1C(C)NC(Cn1cncn1)c1ccc(C)c(C)c1	0.014503
rxn:2:156652:123797	CC(NC1CC(C)(C)Cc2c1ccn2-c1nccs1)c1ccc(-c2cccnc2)o1	0.014494
rxn:2:156652:136776	CCC(Cc1nc2ccccc2o1)NC1CC(C)(C)Cc2c1ccn2-c1nccs1	0.014489
rxn:2:102237:160406	Cc1cc(-c2cnc(C)c(C)c2)ccc1C(C)Nc1ccccc1S(=O)(=O)C1CCCC1	0.014488
rxn:2:157350:91511	Cc1cc(N2CCC(CNC(C)c3csc(-c4ccc(C)o4)c3)CC2)n2ncnc2c1	0.014486
rxn:2:95402:169927	CCc1cccc(-c2ccc(C(C)NCC3CN(C)CC(C)(C)N3c3ccccc3)s2)c1	0.014476
rxn:2:74705:163676	COc1ccc(C(Nc2c(OC)c(C)cc3ccncc23)c2ccsc2)cc1C	0.014470
rxn:2:100731:66800	CC(Nc1ccc(=O)n(CCc2ccsc2)c1)c1cccc(-c2ccsc2)c1	0.014465
rxn:2:112927:153276	CC(C)Oc1cncc(-c2ccc(C(C)NCCc3nc4c(s3)CN(C(C)C)CC4)nc2)c1	0.014463
rxn:2:155066:147392	COc1ccc2nc(-c3nonc3NC(C)c3ccc4c(c3)n(C)c(=O)n4C)sc2c1	0.014456
rxn:2:118713:165426	COc1cc(NC(c2ccccc2)c2cccc(C)c2C)ccc1-n1cnc(C)c1	0.014437
rxn:2:118713:100399	COc1cc(NC(c2ccccc2C)c2ccccc2C)ccc1-n1cnc(C)c1	0.014437
rxn:2:113336:166390	Cc1cncc(-c2ccc3c(c2)CCCC3NC(Cn2cccn2)c2ccccc2)c1	0.014434
rxn:2:95402:155096	CCc1nc(C)c(-c2ccc(C(C)NCC3CN(C)CC(C)(C)N3c3ccccc3)s2)s1	0.014415
rxn:2:76062:116842	CSc1ccc(-c2ccc(C(C)Nc3nnc(-c4cncs4)s3)s2)cc1	0.014407
rxn:2:76062:172650	CSc1cccc(-c2ccc(C(C)Nc3nnc(-c4cncs4)s3)s2)c1	0.014407
rxn:2:69293:160406	COc1ncc(C2CC2CCNC(C)c2ccc(-c3cnc(C)c(C)c3)cc2C)cc1C	0.014405
rxn:2:98115:160406	COc1cc(C)c(C2CC2CCNC(C)c2ccc(-c3cnc(C)c(C)c3)cc2C)cn1	0.014405
rxn:2:145740:162733	CC(Nc1cc(-c2cccc3cccnc23)no1)c1ccc(-c2ncc[nH]c2=O)cn1	0.014405
rxn:2:156652:69812	CCC(Cc1ccc(OC(C)C)cc1)NC1CC(C)(C)Cc2c1ccn2-c1nccs1	0.014402
rxn:2:132693:160406	Cc1cc(C)cc(C2CC2CCNC(C)c2ccc(-c3cnc(C)c(C)c3)cc2C)c1	0.014391
rxn:2:123995:160406	Cc1cc(-c2cnc(C)c(C)c2)ccc1C(C)NCCC1CC1c1c(C)cccc1C	0.014391
rxn:2:125947:160406	Cc1ccc(C2CC2CCNC(C)c2ccc(-c3cnc(C)c(C)c3)cc2C)cc1C	0.014391
rxn:2:91960:160406	Cc1cc(-c2cnc(C)c(C)c2)ccc1C(C)NCCC1CC1c1cccc(C)c1C	0.014391
rxn:2:121639:160406	Cc1ccc(C2CC2CCNC(C)c2ccc(-c3cnc(C)c(C)c3)cc2C)c(C)c1	0.014391
rxn:2:123160:160406	Cc1ccc(C)c(C2CC2CCNC(C)c2ccc(-c3cnc(C)c(C)c3)cc2C)c1	0.014391
rxn:2:163191:158681	Cc1cccc2[nH]cc(C(CC(C)C)N[C@H]3CCN(c4ncnc5ccccc45)C3)c12	0.014381
rxn:2:154196:83009	Cc1cnc(-n2nc(C)c(C3CC3)c2NC(C)c2cc3ccccc3s2)c(C)c1	0.014364
rxn:2:147500:133201	CCCOc1ccc(C2CCC(NC(C)c3cnn(Cc4ccc5c(c4)OCO5)c3)C2)cc1	0.014352
rxn:2:111342:147610	CCCCN(C)C1CCCCC1NC(C)c1cnc2c(-c3cccc(OC)c3)cnn2c1C	0.014349
rxn:2:163553:92140	Cc1cc2c(cc1C(NC(C)c1nc(-c3ccccc3)cs1)C(C)C)n(C)c(=O)n2C	0.014342
rxn:2:155066:95128	CCCN(C)CC(Nc1nonc1-c1nc2ccc(OC)cc2s1)c1cccn1C	0.014324
rxn:2:97483:153276	Cc1ccc2c(c1NC(C)c1ccc(-c3cncc(OC(C)C)c3)cn1)CCCC2(C)C	0.014280
rxn:2:147092:82569	Cc1ccc2nc(-c3cn[nH]c3NC(C)c3c[nH]c4cccnc34)[nH]c2c1	0.014263
rxn:2:142401:138169	Cc1ccc2cc(CC(C)(C)CNC(C)c3sc(N(C)CC4CC4)nc3C)ccc2n1	0.014246
rxn:2:115453:153276	CC(C)Oc1cncc(-c2ccc(C(C)NC(C)c3nc4c(s3)CN(C(C)C)CC4)nc2)c1	0.014227
rxn:2:147092:141727	CCCC(Nc1[nH]ncc1-c1nc2ccc(C)cc2[nH]1)c1cccc(C)c1C	0.014215
rxn:2:155521:143157	COc1csc(-c2ccc3c(c2)OCC3NCCn2c(=O)sc3cc(C)cc(C)c32)c1	0.014197
rxn:2:155066:99690	COc1ccc2nc(-c3nonc3NC(C)c3ccc4c(C)c[nH]c4c3)sc2c1	0.014188
rxn:2:155066:136237	COc1ccc2nc(-c3nonc3NC(C)c3ccc4[nH]cc(C)c4c3)sc2c1	0.014188
rxn:2:65981:153276	CC(C)Oc1cncc(-c2ccc(C(C)Nc3ccc(C(F)C(C)(C)C)cc3)nc2)c1	0.014178
rxn:2:151338:143157	COc1csc(-c2ccc3c(c2)OCC3Nc2nn3c(-c4ccco4)nnc3s2)c1	0.014178
rxn:2:135638:153276	CC(C)Oc1cncc(-c2ccc(C(C)NCCN3CCc4nc(C(C)C)sc4C3)nc2)c1	0.014165
rxn:2:135076:149207	CC(NC1CCc2cc(-c3cccc4[nH]ncc34)ccc2C1)c1nc(C2CCC2)n[nH]1	0.014152
rxn:2:84736:153276	CCCC1CCc2nc(NC(C)c3ccc(-c4cncc(OC(C)C)c4)cn3)sc2C1	0.014150
rxn:2:91101:172564	CCOc1ccc(-c2ccc(C(C)NC3CC(CC)CN(CC(C)C)C3)s2)cc1CC	0.014148
rxn:2:89519:172564	CCOc1ccc(-c2ccc(C(C)NC(C)C3CCN(CC(C)C)CC3)s2)cc1CC	0.014148
rxn:2:156652:131323	CC(NC1CC(C)(C)Cc2c1ccn2-c1nccs1)c1ncccc1-c1cccnc1	0.014144
rxn:2:156652:80319	CC(NC1CC(C)(C)Cc2c1ccn2-c1nccs1)c1ccc(-c2cccnc2)nc1	0.014144
rxn:2:156652:113274	CC(NC1CC(C)(C)Cc2c1ccn2-c1nccs1)c1cccc(-c2cccnc2)n1	0.014144
rxn:2:157350:144861	Cc1cc(N2CCC(CNC3CCc4cc(-c5ccccc5)ccc43)CC2)n2ncnc2c1	0.014128
rxn:2:157350:155186	Cc1cc(N2CCC(CNC3CCc4ccc(-c5ccccc5)cc43)CC2)n2ncnc2c1	0.014128
rxn:2:71454:153276	CC(C)Oc1cncc(-c2ccc(C(C)Nc3nc4c(s3)CC(C(C)(C)C)CC4)nc2)c1	0.014126
rxn:2:80560:153276	CC(C)Oc1cncc(-c2ccc(C(C)Nc3nc4c(s3)CCC(C(C)(C)C)C4)nc2)c1	0.014126
rxn:2:156652:141772	CCC(Cc1cnnc2ccccc12)NC1CC(C)(C)Cc2c1ccn2-c1nccs1	0.014123
rxn:2:124464:107408	Cc1cc(C)c(-c2nnc(NC(C)c3ccc(-c4ccsc4)s3)s2)c(C)c1	0.014098
rxn:2:155066:124686	COc1ccc2nc(-c3nonc3NC(C)c3cccc(-c4nnn[nH]4)c3)sc2c1	0.014077
rxn:2:146452:162733	CC(NCc1cn2nc(-c3ccco3)n(C)c2n1)c1ccc(-c2ncc[nH]c2=O)cn1	0.014062
rxn:2:155066:111053	COc1ccc2nc(-c3nonc3NC(C)c3ccc4ccccc4c3)sc2c1	0.014055
rxn:2:172678:107408	CC(Nc1nonc1-c1nnc(-c2cncs2)o1)c1ccc(-c2ccsc2)s1	0.014044
rxn:2:104257:166390	COc1ccc(-n2cnc(CNC3CCCc4cc(-c5cncc(C)c5)ccc43)c2)cc1	0.014035
rxn:2:166860:77224	CCCc1nn(-c2ccnc(C(C)C)c2)cc1NC(CCC)c1cc(C)ccc1C	0.014034
rxn:2:147500:143698	CC(NC1CC(c2ccc3ccccc3c2)C1)c1cnn(Cc2ccc3c(c2)OCO3)c1	0.014023
rxn:2:69116:155128	CCOc1ncccc1-c1cccc2c1CCC2NCc1ncn(Cc2ccccc2)n1	0.014006
rxn:2:124479:160406	Cc1cc(-c2cnc(C)c(C)c2)ccc1C(C)NC1CCCN(Cc2ccco2)C1C1CC1	0.013975
rxn:2:155066:147815	COc1ccc2nc(-c3nonc3NC(C)c3ccc4[nH]c(=O)[nH]c4c3)sc2c1	0.013974
rxn:2:97317:160406	CCN(C1CCCC1)C1(CNC(C)c2ccc(-c3cnc(C)c(C)c3)cc2C)CCCSC1	0.013972
rxn:2:156652:73961	CCC(NC1CC(C)(C)Cc2c1ccn2-c1nccs1)c1cccc2ccncc12	0.013962
rxn:2:156652:129574	CCC(NC1CC(C)(C)Cc2c1ccn2-c1nccs1)c1cccc2cnccc12	0.013962
rxn:2:156652:137899	CCC(NC1CC(C)(C)Cc2c1ccn2-c1nccs1)c1ccc2cnccc2c1	0.013962
rxn:2:156652:76574	CCC(NC1CC(C)(C)Cc2c1ccn2-c1nccs1)c1ccnc2ccccc12	0.013962
rxn:2:118713:70956	COc1cc(NC(C)c2cccc(-c3cccs3)c2C)ccc1-n1cnc(C)c1	0.013959
rxn:2:154196:128292	COc1ccc(C(Nc2c(C3CC3)c(C)nn2-c2ncc(C)cc2C)C(C)(C)C)cc1OC	0.013951
rxn:2:147500:85423	COc1ccc(C(CC2CCCC2)NC(C)c2cnn(Cc3ccc4c(c3)OCO4)c2)cc1	0.013938
rxn:2:136403:153606	CCc1cccc2cc(NC(C)c3ncc(-c4ccc(C)c(OC)c4)s3)cnc12	0.013929
rxn:2:95797:172564	CCOc1ccc(-c2ccc(C(C)NC3CCN(C(C)CC(C)C)CC3)s2)cc1CC	0.013929
rxn:2:116494:153276	Cc1cnn(Cc2cc(NC(C)c3ccc(-c4cncc(OC(C)C)c4)cn3)n(C)n2)c1	0.013922
rxn:2:142117:166390	CSCCC(NC1CCCc2cc(-c3cncc(C)c3)ccc21)c1ccc(C)c(C)c1	0.013910
rxn:2:80353:172564	CCOc1ccc(-c2ccc(C(C)NC3CCN(CC4CCCCC4C)C3)s2)cc1CC	0.013893
rxn:2:139751:172564	CCOc1ccc(-c2ccc(C(C)N[C@H]3CCN(CC4CCC(C)CC4)C3)s2)cc1CC	0.013893
rxn:2:107901:172564	CCOc1ccc(-c2ccc(C(C)NC(C)CN3CCC4CCCCC4C3)s2)cc1CC	0.013893
rxn:2:166860:70351	CCCc1nn(-c2ccnc(C(C)C)c2)cc1NC1CCN(Cc2ccccc2)CC1(C)C	0.013878
rxn:2:81400:160406	Cc1cc(-c2cnc(C)c(C)c2)ccc1C(C)NC(CCC1CCC1)c1cccnc1	0.013876
rxn:2:116151:153606	COc1cc(-c2cnc(C(C)NC(C)(C)CCOc3ccc4c(c3)OCO4)s2)ccc1C	0.013872
rxn:2:68677:172564	CCOc1ccc(-c2ccc(C(C)Nc3ccn(CS(=O)(=O)C(C)C)n3)s2)cc1CC	0.013867
rxn:2:95402:157206	CC(NCC1CN(C)CC(C)(C)N1c1ccccc1)c1ccc(-c2nn3ccnc3s2)s1	0.013863
rxn:2:114893:145606	CCC(Nc1cc(-c2nnnn2CC(C)C)ccn1)c1ccc2cc(OC)ccc2c1	0.013861
rxn:2:118713:157669	COc1cc(NC(C)c2cccc(-c3ccc(C)o3)c2C)ccc1-n1cnc(C)c1	0.013848
rxn:2:114893:165696	CCC(Nc1cc(-c2nnnn2CC(C)C)ccn1)C1CC1c1c[nH]c2ccccc12	0.013838
rxn:2:142401:85817	CCc1cccc(C(CC(C)C)NCC(C)(C)Cc2ccc3nc(C)ccc3c2)c1	0.013819
rxn:2:118077:143157	COCCn1c(NC2COc3cc(-c4cc(OC)cs4)ccc32)nc2cc(C)ccc21	0.013817
rxn:2:166860:68456	CCCc1nn(-c2ccnc(C(C)C)c2)cc1NC1CCCCC1c1ccc(OC)cc1	0.013809
rxn:2:99274:168163	CCCc1cc(C)nc2c(NC(C)c3ccc(-c4ncncc4C)s3)cccc12	0.013794
rxn:2:85339:143157	COc1csc(-c2ccc3c(c2)OCC3Nc2ccc(C)c(-c3ccccn3)c2)c1	0.013792
rxn:2:166860:108546	CCCc1nn(-c2ccnc(C(C)C)c2)cc1NC1CCN(c2ccc(C)c(C)c2)C1(C)C	0.013791
rxn:2:102998:172564	CCOc1ccc(-c2ccc(C(C)N[C@H]3CCN(Cc4ccccc4)C3)s2)cc1CC	0.013791
rxn:2:104694:172564	CCOc1ccc(-c2ccc(C(C)N[C@@H]3CCN(Cc4ccccc4)C3)s2)cc1CC	0.013791
rxn:2:135004:172564	CCOc1ccc(-c2ccc(C(C)NC3CCN(Cc4ccccc4)C3)s2)cc1CC	0.013791
rxn:2:79047:160406	CCc1ccc(C2CC2CCNC(C)c2ccc(-c3cnc(C)c(C)c3)cc2C)cc1	0.013787
rxn:2:104316:160406	CCc1ccccc1C1CC1CCNC(C)c1ccc(-c2cnc(C)c(C)c2)cc1C	0.013787
rxn:2:72643:107408	CCOc1ccc(-c2nnc(NC(C)c3ccc(-c4ccsc4)s3)s2)cc1	0.013787
rxn:2:166860:126337	CCCc1nn(-c2ccnc(C(C)C)c2)cc1NC(CC)c1cc(C)c(C)cc1OC	0.013785
rxn:2:125562:66800	CC(Nc1nc2cc(OCC3CC3)ncc2s1)c1cccc(-c2ccsc2)c1	0.013783
rxn:2:119361:172564	CCOc1ccc(-c2ccc(C(C)NCC3CN(CC(C)C)CCC(C)N3C)s2)cc1CC	0.013774
rxn:2:113980:154155	CS(=O)(=O)n1cc(-c2ccc3c(c2)C(NCc2cccc(Oc4nccs4)c2)CO3)cn1	0.013762
rxn:2:108694:147610	COc1cccc(-c2cnn3c(C)c(C(C)Nc4nc(C)c(C(C)C)c(C)n4)cnc23)c1	0.013758
rxn:2:118713:153992	COc1cc(NC(C)c2ccccc2-c2ccc(C)cc2)ccc1-n1cnc(C)c1	0.013755
rxn:2:118713:164950	COc1cc(NC(C)c2ccccc2-c2ccccc2C)ccc1-n1cnc(C)c1	0.013755
rxn:2:118713:166733	COc1cc(NC(C)c2cccc(-c3ccccc3)c2C)ccc1-n1cnc(C)c1	0.013755
rxn:2:118713:162105	COc1cc(NC(C)c2ccccc2-c2cccc(C)c2)ccc1-n1cnc(C)c1	0.013755
rxn:2:118713:153414	COc1cc(NC(C)c2ccc(-c3ccccc3)cc2C)ccc1-n1cnc(C)c1	0.013755
rxn:2:166860:138057	CCCc1nn(-c2ccnc(C(C)C)c2)cc1NC1CCN(Cc2cccc(C)c2)C1(C)C	0.013753
rxn:2:127682:154155	Cc1cc(Oc2ccccc2)ncc1NC1COc2ccc(-c3cnn(S(C)(=O)=O)c3)cc21	0.013750
rxn:2:69524:82225	Cc1ncc(CSc2ccccc2)c(NC(C)c2csc(CN3CCCC(C)C3)n2)n1	0.013746
rxn:2:163553:132717	Cc1cc2c(cc1C(NC(C)c1ccccc1OCCC(C)(C)C)C(C)C)n(C)c(=O)n2C	0.013744
rxn:2:152179:107408	CC(Nc1nnc(-c2ccc3[nH]ncc3c2)s1)c1ccc(-c2ccsc2)s1	0.013742
rxn:2:113511:160406	Cc1cc(-c2cnc(C)c(C)c2)ccc1C(C)NCCC1CC1c1ccc(N(C)C)cc1	0.013742
rxn:2:91986:166390	Cc1cncc(-c2ccc3c(c2)CCCC3NC2CC(Cc3nc(CC(C)C)cs3)C2)c1	0.013736
rxn:2:155066:71055	CCN(CC)c1ncc(C(C)Nc2nonc2-c2nc3ccc(OC)cc3s2)c(C)n1	0.013733
rxn:2:80877:147610	CCN1CCC(N(C)C2CCCC2NC(C)c2cnc3c(-c4cccc(OC)c4)cnn3c2C)CC1	0.013721
rxn:2:166860:83818	CCCc1nn(-c2ccnc(C(C)C)c2)cc1NC1CCCN(Cc2cccs2)C1(C)C	0.013718
rxn:2:91737:172564	CCOc1ccc(-c2ccc(C(C)NC3CCN(C(C)C4CCCCC4)C3)s2)cc1CC	0.013700
rxn:2:118713:146279	COc1cc(NC(C)c2ncc(-c3cccc(C)c3C)s2)ccc1-n1cnc(C)c1	0.013694
rxn:2:118713:162534	COc1cc(NC(C)c2cnc(-c3cccc(C)c3C)s2)ccc1-n1cnc(C)c1	0.013694
rxn:2:157350:148097	Cc1cc(N2CCC(CNC3CCOc4ccc(-c5ccsc5)cc43)CC2)n2ncnc2c1	0.013643
rxn:2:114893:165749	C=C=Cc1ccc(C(Nc2cc(-c3nnnn3CC(C)C)ccn2)c2ncc[nH]2)cc1	0.013637
rxn:2:156652:106095	Cc1cccc(C(NC2CC(C)(C)Cc3c2ccn3-c2nccs2)c2cccnc2)c1	0.013611
rxn:2:156652:122858	Cc1ccccc1C(NC1CC(C)(C)Cc2c1ccn2-c1nccs1)c1cccnc1	0.013611
rxn:2:156652:74824	Cc1ccc(C(NC2CC(C)(C)Cc3c2ccn3-c2nccs2)c2cccnc2)cc1	0.013611
rxn:2:104649:153276	CC(C)CCN1Cc2nc(NC(C)c3ccc(-c4cncc(OC(C)C)c4)cn3)sc2C1	0.013609
rxn:2:157350:158024	COc1cc(OC)c2ccoc2c1C(C)NCC1CCN(c2cc(C)cc3ncnn23)CC1	0.013604
rxn:2:91989:107408	CC(Nc1nnc(-c2cc3c(s2)CCCC3)s1)c1ccc(-c2ccsc2)s1	0.013601
rxn:2:158175:66800	CC(NCc1c2n(c3ccccc13)CCC1CC21)c1cccc(-c2ccsc2)c1	0.013599
rxn:2:166860:67650	CCCc1nn(-c2ccnc(C(C)C)c2)cc1NC1CCCN(Cc2ccccc2)C1(C)C	0.013589
rxn:2:141627:107408	COc1ccc(-c2nnc(NC(C)c3ccc(-c4ccsc4)s3)s2)cc1OC	0.013563
rxn:2:136086:107408	COc1cc(OC)cc(-c2nnc(NC(C)c3ccc(-c4ccsc4)s3)s2)c1	0.013563
rxn:2:74687:107408	COc1cccc(OC)c1-c1nnc(NC(C)c2ccc(-c3ccsc3)s2)s1	0.013563
rxn:2:115081:172564	CCOc1ccc(-c2ccc(C(C)NCc3cccn(CC(C)C)c3=O)s2)cc1CC	0.013525
rxn:2:118713:76855	COc1cc(NC(C)c2ccccc2Oc2ccccc2)ccc1-n1cnc(C)c1	0.013485
rxn:2:75939:153606	COc1cc(-c2cnc(C(C)NC3(c4nccs4)CCC(C(C)C)CC3)s2)ccc1C	0.013468
rxn:2:114740:172564	CCOc1ccc(-c2ccc(C(C)NCC3CC34CCc3ccccc34)s2)cc1CC	0.013464
rxn:2:156652:138329	Cc1cnccc1CC(NC1CC(C)(C)Cc2c1ccn2-c1nccs1)c1ccco1	0.013458
rxn:2:115538:155128	CCOc1ncccc1-c1cccc2c1CCC2Nc1cc(CC)nc(C2CCCCC2)n1	0.013453
rxn:2:155066:106463	COc1ccc2nc(-c3nonc3NC(C)c3cccc(-c4cc[nH]n4)c3)sc2c1	0.013450
rxn:2:155066:131807	COc1ccc2nc(-c3nonc3NC(C)c3cccc(-c4cn[nH]c4)c3)sc2c1	0.013450
rxn:2:155066:138667	COc1ccc2nc(-c3nonc3NC(C)c3ccc(-c4ncc[nH]4)cc3)sc2c1	0.013450
rxn:2:142256:143157	COc1csc(-c2ccc3c(c2)OCC3NCc2cc(C(C)C)c3c(n2)c(C)nn3C)c1	0.013444
rxn:2:155066:82968	COc1ccc2nc(-c3nonc3NC(C)c3cccc(-n4cccc4)c3)sc2c1	0.013430
rxn:2:163553:161052	Cc1ccc(C(NC(c2cc3c(cc2C)n(C)c(=O)n3C)C(C)C)c2ccccn2)c(C)c1	0.013404
rxn:2:139472:107408	CC(C)c1ccc(-c2nnc(NC(C)c3ccc(-c4ccsc4)s3)s2)cc1	0.013399
rxn:2:71143:107408	CC(C)c1ccccc1-c1nnc(NC(C)c2ccc(-c3ccsc3)s2)s1	0.013399
rxn:2:163553:142336	Cc1cc2c(cc1C(NC1CC(c3nc(-c4ccncc4)cs3)C1)C(C)C)n(C)c(=O)n2C	0.013390
rxn:2:147092:116120	Cc1ccc2nc(-c3cn[nH]c3NC3CCN([C@H](C)c4ccccc4)[C@@H](C)C3)[nH]c2c1	0.013386
rxn:2:84104:107408	CSc1ccccc1-c1nnc(NC(C)c2ccc(-c3ccsc3)s2)s1	0.013382
rxn:2:156652:137560	CC1(C)Cc2c(ccn2-c2nccs2)C(NC(Cc2cccnc2)c2ccccc2)C1	0.013377
rxn:2:156652:76851	CC1(C)Cc2c(ccn2-c2nccs2)C(NC(Cc2ccccc2)c2cccnc2)C1	0.013377
rxn:2:156652:103875	CC1(C)Cc2c(ccn2-c2nccs2)C(NC(Cc2ccccc2)c2ccncc2)C1	0.013377
rxn:2:156652:92778	CCn1cc(CC(NC2CC(C)(C)Cc3c2ccn3-c2nccs2)c2cccnc2)cn1	0.013355
rxn:2:156652:107935	CCn1cc(C(Cc2cccnc2)NC2CC(C)(C)Cc3c2ccn3-c2nccs2)cn1	0.013355
rxn:2:142401:104697	CCN(c1nc2c(s1)C(NCC(C)(C)Cc1ccc3nc(C)ccc3c1)CCC2)C(C)C	0.013340
rxn:2:113829:160406	Cc1cc(-c2cnc(C)c(C)c2)ccc1C(C)NCCC1CC1c1ncnc2[nH]cnc12	0.013293
rxn:2:142334:66800	CC(NC(C)(C)c1cc2cccc3c2n1CCC3)c1cccc(-c2ccsc2)c1	0.013287
rxn:2:142401:140698	CCC(C)(C)C(NCC(C)(C)Cc1ccc2nc(C)ccc2c1)c1cc(C)ccc1C	0.013262
rxn:2:83252:160406	Cc1cc(C)c(C2CC2CCNC(C)c2ccc(-c3cnc(C)c(C)c3)cc2C)c(C)c1	0.013262
rxn:2:104375:160406	Cc1cc(C)c(C2CC2CCNC(C)c2ccc(-c3cnc(C)c(C)c3)cc2C)cc1C	0.013262
rxn:2:166860:69349	CCCc1nn(-c2ccnc(C(C)C)c2)cc1NC1CCN(C(C)c2ccccc2)C1(C)C	0.013259
rxn:2:156286:154155	Cc1nnc(-c2c(NC3COc4ccc(-c5cnn(S(C)(=O)=O)c5)cc43)sc3c2CCC3)n1C	0.013251
rxn:2:142691:107408	CC(Nc1nnc(-c2ccc3nccnc3c2)s1)c1ccc(-c2ccsc2)s1	0.013241
rxn:2:155066:164849	COc1ccc2nc(-c3nonc3NC(C)c3ccc4nc(C)c(C)nc4c3)sc2c1	0.013227
rxn:2:70179:160406	Cc1nc(NC(C)c2ccc(-c3cnc(C)c(C)c3)cc2C)cc(-c2ccsc2)n1	0.013197
rxn:2:155022:154155	Cn1c2ccccc2c2nnc(NC3COc4ccc(-c5cnn(S(C)(=O)=O)c5)cc43)nc21	0.013159
rxn:2:91769:160406	Cc1cc(-c2cnc(C)c(C)c2)ccc1C(C)NCCC1CC1c1cnn2cccnc12	0.013158
rxn:2:91887:160406	Cc1cc(-c2cnc(C)c(C)c2)ccc1C(C)NCCC1CC1c1cnc2cnccn12	0.013158
rxn:2:91916:160406	Cc1cc(-c2cnc(C)c(C)c2)ccc1C(C)NCCC1CC1c1cnc2ncccn12	0.013158
rxn:2:83429:160406	Cc1cc(-c2cnc(C)c(C)c2)ccc1C(C)NCCC1CC1c1cnc2cccnn12	0.013158
rxn:2:142401:141260	Cc1cccc(-n2cc(C(C)NCC(C)(C)Cc3ccc4nc(C)ccc4c3)cn2)c1	0.013141
rxn:2:135295:107408	COc1cc(C)c(-c2nnc(NC(C)c3ccc(-c4ccsc4)s3)s2)c(C)c1	0.013133
rxn:2:156652:85400	CC(NC1CC(C)(C)Cc2c1ccn2-c1nccs1)c1ccc(-c2cccnc2)s1	0.013131
rxn:2:155009:154155	COc1cccc(-c2cc(C)c(NC3COc4ccc(-c5cnn(S(C)(=O)=O)c5)cc43)cn2)c1	0.013050
rxn:2:166860:87157	CCCc1nn(-c2ccnc(C(C)C)c2)cc1NC(c1ccsc1)c1ccco1	0.013050
rxn:2:93769:147610	CCN1CCCC(n2cc(NC(C)c3cnc4c(-c5cccc(OC)c5)cnn4c3C)nn2)C1	0.013049
rxn:2:70666:147610	COc1cccc(-c2cnn3c(C)c(C(C)NC4CCC(C)CC4N(C)C(C)C4CC4)cnc23)c1	0.013032
rxn:2:94332:107408	CCCc1ccc(-c2nnc(NC(C)c3ccc(-c4ccsc4)s3)s2)cc1	0.013024
rxn:2:154196:75079	Cc1cnc(-n2nc(C)c(C3CC3)c2NC(C)c2cc3cccc(C)c3s2)c(C)c1	0.013014
rxn:2:154196:115113	Cc1cnc(-n2nc(C)c(C3CC3)c2NC(C)c2cc3c(C)cccc3s2)c(C)c1	0.013014
rxn:2:154196:123403	Cc1cnc(-n2nc(C)c(C3CC3)c2NC(C)c2cc3ccc(C)cc3s2)c(C)c1	0.013014
rxn:2:154196:126659	Cc1cnc(-n2nc(C)c(C3CC3)c2NC(C)c2cc3cc(C)ccc3s2)c(C)c1	0.013014
rxn:2:110092:155128	CCOc1ncccc1-c1cccc2c1CCC2NCCC1C(c2ccccc2C)C1(F)F	0.012992
rxn:2:95594:155502	Cc1cc(-c2ccc3c(c2)C(NC2CC4CCC(C2)N4c2ccncn2)CC3)cc2cnn(C)c12	0.012986
rxn:2:155066:76520	COc1ccc2nc(-c3nonc3NC(C)c3cccc(-c4ncccn4)c3)sc2c1	0.012981
rxn:2:155066:102923	COc1ccc2nc(-c3nonc3NC(C)c3cccc(-c4cncnc4)c3)sc2c1	0.012981
rxn:2:142401:168786	COc1cnc2cc(C(C)NCC(C)(C)Cc3ccc4nc(C)ccc4c3)ccc2c1	0.012980
rxn:2:74151:172564	CCOc1ccc(-c2ccc(C(C)N[C@H](CN3CCC(C)C(C)C3)C(C)C)s2)cc1CC	0.012976
rxn:2:156652:131067	CC(NC1CC(C)(C)Cc2c1ccn2-c1nccs1)c1ccc(-c2cccnc2)cc1	0.012971
rxn:2:156652:95597	CC(NC1CC(C)(C)Cc2c1ccn2-c1nccs1)c1ccccc1-c1cccnc1	0.012971
rxn:2:156652:140555	CC(NC1CC(C)(C)Cc2c1ccn2-c1nccs1)c1cccc(-c2cccnc2)c1	0.012971
rxn:2:128860:66800	Cc1ccc(N(C)c2ccc(NC(C)c3cccc(-c4ccsc4)c3)nc2)cc1	0.012967
rxn:2:66464:163676	COc1ccc(-n2ccnc2CNC(c2ccsc2)c2ccc(OC)c(C)c2)c(C)c1	0.012953
rxn:2:156652:94059	CCC(Cc1nccc2ccccc12)NC1CC(C)(C)Cc2c1ccn2-c1nccs1	0.012950
rxn:2:101902:153276	CC(C)Oc1cncc(-c2ccc(C(C)Nc3nc4c(s3)CC3(CCCCC3)CC4)nc2)c1	0.012947
rxn:2:103797:149207	Cc1cc[nH]c2c(NC3CCc4cc(-c5cccc6[nH]ncc56)ccc4C3)cnc1-2	0.012923
rxn:2:100437:166390	Cc1cncc(-c2ccc3c(c2)CCCC3Nc2ccc(-c3ccc(C)nc3)cc2)c1	0.012918
rxn:2:143728:168163	Cc1cncnc1-c1ccc(C(C)Nc2nsnc2-c2ccc3c(c2)CCCS3)s1	0.012907
rxn:2:156652:133692	COc1ccc(C(NC2CC(C)(C)Cc3c2ccn3-c2nccs2)c2cccnc2)cc1	0.012894
rxn:2:126407:107408	CC(Nc1nnc(-c2ccc(C(C)(C)C)cc2)s1)c1ccc(-c2ccsc2)s1	0.012868
rxn:2:117614:155502	CCC(C)(C)OC1CC(C)CCC1NC1CCc2ccc(-c3cc(C)c4c(cnn4C)c3)cc21	0.012830
rxn:2:104646:149207	CCCc1cc(NC2CCc3cc(-c4cccc5[nH]ncc45)ccc3C2)nc(C2CC2)n1	0.012815
rxn:2:124645:153276	CC(C)Oc1cncc(-c2ccc(C(C)Nc3nc4c(s3)CN(C3CCCCC3)CC4)nc2)c1	0.012759
rxn:2:157350:146376	Cc1cc(N2CCC(CNC(C)c3cccnc3-c3cc(C)sc3C)CC2)n2ncnc2c1	0.012744
rxn:2:95402:116842	CSc1ccc(-c2ccc(C(C)NCC3CN(C)CC(C)(C)N3c3ccccc3)s2)cc1	0.012736
rxn:2:95402:172650	CSc1cccc(-c2ccc(C(C)NCC3CN(C)CC(C)(C)N3c3ccccc3)s2)c1	0.012736
rxn:2:156652:162685	Cc1ccc(-c2ccnc(C(C)NC3CC(C)(C)Cc4c3ccn4-c3nccs3)c2)cn1	0.012720
rxn:2:76062:170892	CC(Nc1nnc(-c2cncs2)s1)c1ccc(-c2cc3sccc3s2)s1	0.012701
rxn:2:76062:172618	CC(Nc1nnc(-c2cncs2)s1)c1cc(-c2cc3sccc3s2)cs1	0.012701
rxn:2:89263:153276	CCC1(CC)CCc2nc(NC(C)c3ccc(-c4cncc(OC(C)C)c4)cn3)sc2C1	0.012697
rxn:2:94644:166390	Cc1cncc(-c2ccc3c(c2)CCCC3Nc2ccc(OCCn3cccn3)cc2)c1	0.012687
rxn:2:154196:105264	Cc1cnc(-n2nc(C)c(C3CC3)c2NC(CC(C)C)c2ccccc2C(C)C)c(C)c1	0.012653
rxn:2:155066:110334	COc1ccc2nc(-c3nonc3NC(C)c3ccc4cc(C)ccc4c3)sc2c1	0.012644
rxn:2:118713:172163	COc1cc(NC(C)c2cccc(-c3cc(C)cs3)c2C)ccc1-n1cnc(C)c1	0.012631
rxn:2:155066:67691	COc1ccc2nc(-c3nonc3NC(C)c3cccc(-c4ccc[nH]4)c3)sc2c1	0.012598
rxn:2:155066:105101	COc1ccc2nc(-c3nonc3NC(C)c3ccc(-c4ccc[nH]4)cc3)sc2c1	0.012598
rxn:2:155066:68311	COc1ccc2nc(-c3nonc3NC(C)c3c[nH]c(-c4ccccc4)c3)sc2c1	0.012598
rxn:2:74548:163676	COc1ccc(C(Nc2cccc(Cc3c(C)n[nH]c3C)c2)c2ccsc2)cc1C	0.012548
rxn:2:109123:160406	Cc1cc(-c2cnc(C)c(C)c2)ccc1C(C)NCCC1CC1c1ccc(C(C)C)cc1	0.012504
rxn:2:155066:154362	COc1ccc2nc(-c3nonc3NC(C)c3ccc(-c4cc(=O)[nH]cn4)cn3)sc2c1	0.012498
rxn:2:154196:136188	Cc1cnc(-n2nc(C)c(C3CC3)c2NC(C)c2cc(-c3ccsc3)ccn2)c(C)c1	0.012484
rxn:2:155066:149311	COc1ccc2nc(-c3nonc3NCC(c3ccc4c(c3)ncn4C)N(C)C)sc2c1	0.012471
rxn:2:166696:107408	CC(Nc1nnc(-c2ccc3cnsc3c2)s1)c1ccc(-c2ccsc2)s1	0.012463
rxn:2:67071:172564	CCOc1ccc(-c2ccc(C(C)NC3CCN(Cc4ccc(C)cc4)C3)s2)cc1CC	0.012454
rxn:2:111763:172564	CCOc1ccc(-c2ccc(C(C)N[C@H]3CCN(Cc4ccc(C)cc4)C3)s2)cc1CC	0.012454
rxn:2:124530:172564	CCOc1ccc(-c2ccc(C(C)N[C@@H]3CCN(Cc4ccc(C)cc4)C3)s2)cc1CC	0.012454
rxn:2:67730:172564	CCOc1ccc(-c2ccc(C(C)N[C@H]3CCN(Cc4ccccc4C)C3)s2)cc1CC	0.012454
rxn:2:82891:172564	CCOc1ccc(-c2ccc(C(C)N[C@@H]3CCN(Cc4ccccc4C)C3)s2)cc1CC	0.012454
rxn:2:111311:172564	CCOc1ccc(-c2ccc(C(C)NC3CCN(Cc4ccccc4C)C3)s2)cc1CC	0.012454
rxn:2:163553:156794	Cc1cc2c(cc1C(NC1CC(c3nc(-c4ccccc4)cs3)C1)C(C)C)n(C)c(=O)n2C	0.012451
rxn:2:155066:94008	COc1ccc2nc(-c3nonc3NC(C)c3cccc(-c4ccco4)c3)sc2c1	0.012449
rxn:2:155066:120988	COc1ccc2nc(-c3nonc3NC(C)c3cccc(-c4ccoc4)c3)sc2c1	0.012449
rxn:2:155066:97167	COc1ccc2nc(-c3nonc3NC(C)c3ccccc3-c3ccco3)sc2c1	0.012449
rxn:2:71360:172564	CCOc1ccc(-c2ccc(C(C)Nc3c(C)c(C)nn3CC3CCC3)s2)cc1CC	0.012444
rxn:2:155066:156297	COc1ccc2nc(-c3nonc3NC(C)c3ccc(-n4c(C)c[nH]c4=O)cc3)sc2c1	0.012437
rxn:2:156652:70930	CC1(C)Cc2c(ccn2-c2nccs2)C(NC(CCc2ccncc2)c2cccnc2)C1	0.012436
rxn:2:155066:96368	COc1ccc2nc(-c3nonc3NC(C)c3ccc4c(c3)C(C)CCC4C)sc2c1	0.012417
rxn:2:104761:153276	CCC(CC)(NC(C)c1ccc(-c2cncc(OC(C)C)c2)cn1)c1nc2c(s1)CN(C)CC2	0.012415
rxn:2:93781:153276	CCN1CCc2nc(C(C)(CC)NC(C)c3ccc(-c4cncc(OC(C)C)c4)cn3)sc2C1	0.012415
rxn:2:155066:152120	COc1ccc2nc(-c3nonc3NC(C)c3cccc(-c4cnc(=O)[nH]c4)c3)sc2c1	0.012397
rxn:2:77896:66800	CC(Nc1nnc(CCSc2ccccc2)o1)c1cccc(-c2ccsc2)c1	0.012395
rxn:2:142401:150793	Cc1ccc2cc(CC(C)(C)CNC(C)c3ccc(-c4cc(=O)cc[nH]4)s3)ccc2n1	0.012391
rxn:2:154196:164904	Cc1cnc(-n2nc(C)c(C3CC3)c2NC(C)c2cc3cc4c(cc3s2)OCO4)c(C)c1	0.012382
rxn:2:134201:107408	CC(C)Oc1ccc(-c2nnc(NC(C)c3ccc(-c4ccsc4)s3)s2)cc1	0.012370
rxn:2:117359:147610	COc1cccc(-c2cnn3c(C)c(C(C)NC4CCC(OCCN5CCCCC5)CC4)cnc23)c1	0.012365
rxn:2:104132:149207	Cc1nn(C(C)(C)C)c(C)c1C(C)NC1CCc2cc(-c3cccc4[nH]ncc34)ccc2C1	0.012360
rxn:2:115178:147610	COc1cccc(-c2cnn3c(C)c(C(C)NC(CCSC)c4nc(C)no4)cnc23)c1	0.012360
rxn:2:72654:160406	CCCc1nc(C(C)(C)C)c(NC(C)c2ccc(-c3cnc(C)c(C)c3)cc2C)n1C1CC1	0.012340
rxn:2:150472:107408	Cc1n[nH]c2ccc(-c3nnc(NC(C)c4ccc(-c5ccsc5)s4)s3)cc12	0.012337
rxn:2:84547:66800	CC(Nc1ccc2c(c1)CCN2Cc1ccsc1)c1cccc(-c2ccsc2)c1	0.012312
rxn:2:83470:153276	COc1ccc([C@@H](NC(C)c2ccc(-c3cncc(OC(C)C)c3)cn2)C2CCCC2)cc1	0.012308
rxn:2:74751:160406	Cc1cc(-c2cnc(C)c(C)c2)ccc1C(C)NCCC1CC1c1c(C)c(C)cc(C)c1C	0.012304
rxn:2:154196:154742	Cc1cnc(-n2nc(C)c(C3CC3)c2NC(C)c2ccc(-c3cc(C)nn3C)s2)c(C)c1	0.012304
rxn:2:154196:98517	Cc1cnc(-n2nc(C)c(C3CC3)c2NC(C)CCc2cn(C)c3ccccc23)c(C)c1	0.012304
rxn:2:101926:160406	CSc1ccc(C2CC2CCNC(C)c2ccc(-c3cnc(C)c(C)c3)cc2C)cc1	0.012298
rxn:2:115323:160406	Cc1cc(-c2cnc(C)c(C)c2)ccc1C(C)NCCC1CC1c1cc2cn[nH]c2cn1	0.012289
rxn:2:93306:160406	Cc1cc(-c2cnc(C)c(C)c2)ccc1C(C)NCCC1CC1c1cnc2[nH]ccc2n1	0.012289
rxn:2:155066:116515	COc1ccc2nc(-c3nonc3NC(C)c3ccc(-c4cccs4)nc3)sc2c1	0.012287
rxn:2:130794:156750	COc1ccccc1-c1scnc1CCNC(C)c1ncc(-c2ccco2)cc1OC	0.012286
rxn:2:155066:85498	CCCC(Nc1nonc1-c1nc2ccc(OC)cc2s1)c1cccc(OCC)c1	0.012284
rxn:2:67720:172564	CCOc1ccc(-c2ccc(C(C)NC3CCN(Cc4nc(C(C)C)no4)C3)s2)cc1CC	0.012279
rxn:2:134987:172564	CCOc1ccc(-c2ccc(C(C)NC3CCN(Cc4noc(C(C)C)n4)C3)s2)cc1CC	0.012279
rxn:2:79227:160406	Cc1cc(-c2cnc(C)c(C)c2)ccc1C(C)NCCC1CC1c1ccc(C(C)(C)C)cc1	0.012272
rxn:2:156652:103514	Cc1cccc(C)c1C(NC1CC(C)(C)Cc2c1ccn2-c1nccs1)c1cccnc1	0.012255
rxn:2:156652:90808	Cc1cc(C)cc(C(NC2CC(C)(C)Cc3c2ccn3-c2nccs2)c2cccnc2)c1	0.012255
rxn:2:156652:149717	Cc1ccc(C(NC2CC(C)(C)Cc3c2ccn3-c2nccs2)c2cccnc2)cc1C	0.012255
rxn:2:163688:107408	CC(Nc1nnc(-c2cnc3ccccc3c2)s1)c1ccc(-c2ccsc2)s1	0.012248
rxn:2:147138:107408	CC(Nc1nnc(-c2ccc3ccccc3n2)s1)c1ccc(-c2ccsc2)s1	0.012248
rxn:2:155066:139451	COc1ccc2nc(-c3nonc3NC(C)c3csc(-c4cnoc4C)c3)sc2c1	0.012247
rxn:2:154196:90451	COc1ccc2sc(C(C)Nc3c(C4CC4)c(C)nn3-c3ncc(C)cc3C)cc2c1	0.012241
rxn:2:154196:100541	COc1ccc2cc(C(C)Nc3c(C4CC4)c(C)nn3-c3ncc(C)cc3C)sc2c1	0.012241
rxn:2:141579:166390	COc1ccccc1C(Cn1ccnc1)NC1CCCc2cc(-c3cncc(C)c3)ccc21	0.012238
rxn:2:155066:136047	COc1ccc2nc(-c3nonc3NC(C)c3ccc(-c4ncc[nH]4)c(C)c3)sc2c1	0.012221
rxn:2:155066:121063	COc1ccc2nc(-c3nonc3NC(C)c3ccc(-c4cnc[nH]4)c(C)c3)sc2c1	0.012221
rxn:2:160009:153606	COc1cc(-c2cnc(C(C)NC34CC(c5nc6ccccc6s5)(C3)C4)s2)ccc1C	0.012219
rxn:2:154196:121446	Cc1cnc(-n2nc(C)c(C3CC3)c2NC(C)c2ccc(-c3cnc(C)nc3)s2)c(C)c1	0.012213
rxn:2:154196:155906	Cc1cnc(-n2nc(C)c(C3CC3)c2NC(C)c2cnc(-c3ncccc3C)s2)c(C)c1	0.012213
rxn:2:154196:168163	Cc1cnc(-n2nc(C)c(C3CC3)c2NC(C)c2ccc(-c3ncncc3C)s2)c(C)c1	0.012213
rxn:2:109850:154155	CCc1cc(-c2cccnc2)nn1CCNC1COc2ccc(-c3cnn(S(C)(=O)=O)c3)cc21	0.012213
rxn:2:83310:66800	CC(C)c1sc(CNC(C)c2cccc(-c3ccsc3)c2)nc1-c1cccnc1	0.012194
rxn:2:147092:141985	COc1ncccc1C(Nc1[nH]ncc1-c1nc2ccc(C)cc2[nH]1)c1cccs1	0.012170
rxn:2:161421:160406	Cc1cc(-c2cnc(C)c(C)c2)ccc1C(C)NCc1cc(-c2ccc3c(c2)OCO3)no1	0.012158
rxn:2:166613:147610	COc1cccc(-c2cnn3c(C)c(C(C)Nc4cc(=O)[nH]c5cccc(C)c45)cnc23)c1	0.012150
rxn:2:155066:126798	COc1ccc2nc(-c3nonc3NC(C)c3cccc(-c4ccncc4)c3)sc2c1	0.012143
rxn:2:155066:140023	COc1ccc2nc(-c3nonc3NC(C)c3cccc(-c4ccccn4)c3)sc2c1	0.012143
rxn:2:155066:140555	COc1ccc2nc(-c3nonc3NC(C)c3cccc(-c4cccnc4)c3)sc2c1	0.012143
rxn:2:155066:150793	COc1ccc2nc(-c3nonc3NC(C)c3ccc(-c4cc(=O)cc[nH]4)s3)sc2c1	0.012140
rxn:2:155066:145546	COc1ccc2nc(-c3nonc3NC(C)c3sccc3-c3cc(=O)cc[nH]3)sc2c1	0.012140
rxn:2:96829:147610	COc1cccc(-c2cnn3c(C)c(C(C)NCc4cccc(C5CCCCO5)n4)cnc23)c1	0.012093
rxn:2:109036:160406	Cc1cc(-c2cnc(C)c(C)c2)ccc1C(C)NCCC1CC1c1cnc2ccccn12	0.012060
rxn:2:156652:130166	Cc1cccc(CC(NC2CC(C)(C)Cc3c2ccn3-c2nccs2)c2cccnc2)c1	0.012036
rxn:2:156652:130406	Cc1ccccc1C(Cc1cccnc1)NC1CC(C)(C)Cc2c1ccn2-c1nccs1	0.012036
rxn:2:156652:89107	Cc1ccc(CC(NC2CC(C)(C)Cc3c2ccn3-c2nccs2)c2cccnc2)cc1	0.012036
rxn:2:156652:119703	Cc1ccccc1CC(NC1CC(C)(C)Cc2c1ccn2-c1nccs1)c1cccnc1	0.012036
rxn:2:156652:67861	Cc1cccnc1C(Cc1ccccc1)NC1CC(C)(C)Cc2c1ccn2-c1nccs1	0.012036
rxn:2:156652:74762	Cc1ccc(C(Cc2cccnc2)NC2CC(C)(C)Cc3c2ccn3-c2nccs2)cc1	0.012036
rxn:2:131385:115745	CCSCC(Nc1cc(Cc2ccc(C)cc2)ncn1)c1cccc2ccccc12	0.012028
rxn:2:132727:155502	Cc1cc(-c2ccc3c(c2)C(NC2CC4CCC(C2)N4c2ccncc2)CC3)cc2cnn(C)c12	0.012012
rxn:2:72207:172650	CSc1cccc(-c2ccc(C(C)NC3CCN(c4ncnc5ccsc45)C3)s2)c1	0.011986
rxn:2:155066:152949	COc1ccc2nc(-c3nonc3NC(C)c3ccc(-c4cc(=O)cc[nH]4)cc3)sc2c1	0.011983
rxn:2:155066:154878	COc1ccc2nc(-c3nonc3NC(C)c3ccc(-c4ccc[nH]c4=O)cc3)sc2c1	0.011983
rxn:2:155066:166158	COc1ccc2nc(-c3nonc3NC(C)c3ccccc3-c3cc(=O)cc[nH]3)sc2c1	0.011983
rxn:2:135635:172564	CCOc1ccc(-c2ccc(C(C)NCCc3nnc4cccc(C)n34)s2)cc1CC	0.011980
rxn:2:84485:172564	CCOc1ccc(-c2ccc(C(C)N[C@@H](c3ccc(C)cc3)C3CCC3)s2)cc1CC	0.011950
rxn:2:114893:68234	CCC(Nc1cc(-c2nnnn2CC(C)C)ccn1)c1ccc(-c2cc(C)cs2)cc1	0.011942
rxn:2:116636:153606	COc1ccc(OC)c(-n2ccnc2NC(C)c2ncc(-c3ccc(C)c(OC)c3)s2)c1	0.011939
rxn:2:156652:91671	CCc1ccc(C(NC2CC(C)(C)Cc3c2ccn3-c2nccs2)c2cccnc2)cc1	0.011932
rxn:2:156652:84039	CC(NC1CC(C)(C)Cc2c1ccn2-c1nccs1)c1cnccc1Cc1ccccc1	0.011932
rxn:2:129548:122997	CCCC(NCc1sc2[nH]nc(CC)c2c1C)c1ccc(-c2ccccc2)s1	0.011921
rxn:2:142401:133866	Cc1ccc2cc(CC(C)(C)CNC(CCC(C)(C)C)Cc3ccccc3C)ccc2n1	0.011913
rxn:2:155066:150703	COc1ccc2cc(C(C)Nc3nonc3-c3nc4ccc(OC)cc4s3)ccc2c1	0.011903
rxn:2:156652:81152	CCC(Cc1ccc2ccccc2c1)NC1CC(C)(C)Cc2c1ccn2-c1nccs1	0.011902
rxn:2:156652:128834	CCC(Cc1cccc2ccccc12)NC1CC(C)(C)Cc2c1ccn2-c1nccs1	0.011902
rxn:2:147092:168695	Cc1ccc2nc(-c3cn[nH]c3NC3CCCc4nccc(-c5ccco5)c43)[nH]c2c1	0.011882
rxn:2:125524:147610	CCCN(C)C1CC(C(C)C)CCC1NC(C)c1cnc2c(-c3cccc(OC)c3)cnn2c1C	0.011881
rxn:2:156652:158018	Cc1cc(-c2ccc(C(C)NC3CC(C)(C)Cc4c3ccn4-c3nccs3)s2)c[nH]c1=O	0.011856
rxn:2:104656:149207	c1cc(-c2ccc3c(c2)CCC(NCC2(Oc4ccc5c(c4)OCCO5)CC2)C3)c2cn[nH]c2c1	0.011855
rxn:2:166860:103466	CCCc1nn(-c2ccnc(C(C)C)c2)cc1NC(c1ccc(C)c(C(C)(C)C)c1)C1CC1	0.011840
rxn:2:156652:153805	Cc1nc(Cc2cccnc2)sc1C(C)NC1CC(C)(C)Cc2c1ccn2-c1nccs1	0.011818
rxn:2:150021:107408	CC(Nc1nnc(-c2cc3ccccc3s2)s1)c1ccc(-c2ccsc2)s1	0.011816
rxn:2:167288:107408	CC(Nc1nnc(-c2csc3ccccc23)s1)c1ccc(-c2ccsc2)s1	0.011816
rxn:2:119033:107408	CCCOc1ccc(-c2nnc(NC(C)c3ccc(-c4ccsc4)s3)s2)cc1	0.011791
rxn:2:131385:83943	CCCCC(Nc1cc(Cc2ccc(C)cc2)ncn1)c1cccc2ccccc12	0.011784
rxn:2:131385:110310	CCCCC(Nc1cc(Cc2ccc(C)cc2)ncn1)c1ccc2ccccc2c1	0.011784
rxn:2:166860:154380	CCCc1nn(-c2ccnc(C(C)C)c2)cc1NC(C)c1c(C)ccc2c1cnn2C(C)=O	0.011748
rxn:2:79433:155502	Cc1cc(-c2ccc3c(c2)C(NC24CC5CC(C2)CC(n2cncn2)(C5)C4)CC3)cc2cnn(C)c12	0.011745
rxn:2:125258:166390	Cc1cncc(-c2ccc3c(c2)CCCC3Nc2cc3cc(C(C)(C)C)ccc3cn2)c1	0.011705
rxn:2:126830:155502	Cc1cc(-c2ccc3c(c2)C(NC2CC4CCC(C2)N4CCn2ccnc2)CC3)cc2cnn(C)c12	0.011699
rxn:2:134386:153276	CCC(C)(C)C1CCc2nc(NC(C)c3ccc(-c4cncc(OC(C)C)c4)cn3)sc2C1	0.011669
rxn:2:154196:77974	Cc1cnc(-n2nc(C)c(C3CC3)c2NC(C)c2ccc(-c3ccccc3)s2)c(C)c1	0.011627
rxn:2:156652:77065	CCC(C)SC(C)C(NC1CC(C)(C)Cc2c1ccn2-c1nccs1)c1ccc(C)cc1	0.011615
rxn:2:154546:107408	CC(Nc1nnc(-c2ccc3ccccc3c2)s1)c1ccc(-c2ccsc2)s1	0.011577
rxn:2:151804:107408	CC(Nc1nnc(-c2cccc3ccccc23)s1)c1ccc(-c2ccsc2)s1	0.011577
rxn:2:147092:83381	COc1cccc(CCC(Nc2[nH]ncc2-c2nc3ccc(C)cc3[nH]2)C(C)(C)C)c1	0.011573
rxn:2:96461:153276	COc1ccc(-c2nc(C)no2)cc1NC(C)c1ccc(-c2cncc(OC(C)C)c2)cn1	0.011557
rxn:2:118622:160406	COc1ccc(C)c(-n2cc(CNC(C)c3ccc(-c4cnc(C)c(C)c4)cc3C)cn2)c1	0.011555
rxn:2:83830:168163	CCCc1ccnc(-c2ccc(CNC(C)c3ccc(-c4ncncc4C)s3)s2)c1	0.011553
rxn:2:139119:153276	CC(C)Oc1cncc(-c2ccc(C(C)Nc3nc4c(s3)CCCCCCCCCC4)nc2)c1	0.011524
rxn:2:79988:147610	COc1cccc(-c2cnn3c(C)c(C(C)NCc4nccnc4-c4ccncc4)cnc23)c1	0.011523
rxn:2:109710:147610	COc1cccc(-c2cnn3c(C)c(C(C)Nc4c(C)ccnc4OCC(C)C)cnc23)c1	0.011490
rxn:2:85558:154155	CSc1nc(NC2COc3ccc(-c4cnn(S(C)(=O)=O)c4)cc32)c2c(ncn2C)n1	0.011476
rxn:2:147092:109702	Cc1ccc2nc(-c3cn[nH]c3NC(C)c3ccc(OCCC(C)C)cc3)[nH]c2c1	0.011475
rxn:2:111594:155502	Cc1n[nH]c(NC2CCc3ccc(-c4cc(C)c5c(cnn5C)c4)cc32)c1-c1ccncc1	0.011462
rxn:2:116976:153606	COc1cc(-c2cnc(C(C)NCCn3ccc4cccc(C5CC5)c43)s2)ccc1C	0.011459
rxn:2:114662:147610	COc1cccc(-c2cnn3c(C)c(C(C)NC4CCCCCCC4N(C)CC(C)(C)C)cnc23)c1	0.011458
rxn:2:155066:151179	COc1ccc2nc(-c3nonc3NC(C)c3ccc4c(c3)-c3ccccc3-4)sc2c1	0.011453
rxn:2:166860:102015	CCCc1nn(-c2ccnc(C(C)C)c2)cc1NCC1c2ccccc2-c2ccccc21	0.011447
rxn:2:154196:122772	Cc1cnc(-n2nc(C)c(C3CC3)c2NC(C)c2cnc(-c3ccc(C)s3)s2)c(C)c1	0.011426
rxn:2:154196:141213	Cc1cnc(-n2nc(C)c(C3CC3)c2NC(C)c2cnc(-c3sccc3C)s2)c(C)c1	0.011426
rxn:2:156652:88410	CC1(C)Cc2c(ccn2-c2nccs2)C(NC(CCc2cccnc2)c2ccccc2)C1	0.011401
rxn:2:156652:111657	CC1(C)Cc2c(ccn2-c2nccs2)C(NC(CCc2ccccc2)c2cccnc2)C1	0.011401
rxn:2:166860:83148	CCCc1nn(-c2ccnc(C(C)C)c2)cc1NC(C)CCC(C)c1cccc(C)c1C	0.011380
rxn:2:141969:155502	Cc1cc(-c2ccc3c(c2)C(NC2c4ccccc4CC2n2cncn2)CC3)cc2cnn(C)c12	0.011362
rxn:2:154871:166390	Cc1cncc(-c2ccc3c(c2)CCCC3Nc2cccc(-c3cn(C)c(C4CC4)n3)c2)c1	0.011348
rxn:2:94646:155128	CCOc1ncccc1-c1cccc2c1CCC2N[C@@H](c1ccc(CC)s1)C1CCCCC1	0.011345
rxn:2:155066:95801	COc1ccc2nc(-c3nonc3NC(C)c3ccc(-c4cc[nH]c4)c(C)c3)sc2c1	0.011339
rxn:2:155066:66800	COc1ccc2nc(-c3nonc3NC(C)c3cccc(-c4ccsc4)c3)sc2c1	0.011338
rxn:2:155066:119985	COc1ccc2nc(-c3nonc3NC(C)c3cccc(-c4cccs4)c3)sc2c1	0.011338
rxn:2:134431:107408	CCCCc1ccc(-c2nnc(NC(C)c3ccc(-c4ccsc4)s3)s2)cc1	0.011330
rxn:2:83443:147610	COc1cccc(-c2cnn3c(C)c(C(C)NC(C)(C)c4ccccc4C4CC4)cnc23)c1	0.011302
rxn:2:154196:142299	Cc1cnc(-n2nc(C)c(C3CC3)c2NC(C)c2cnc(-c3ccccc3C)s2)c(C)c1	0.011289
rxn:2:154196:146420	Cc1cnc(-n2nc(C)c(C3CC3)c2NC(C)c2ccc(-c3cnccc3C)s2)c(C)c1	0.011289
rxn:2:154196:160834	Cc1cnc(-n2nc(C)c(C3CC3)c2NC(C)c2ccc(-c3ncccc3C)s2)c(C)c1	0.011289
rxn:2:154196:158018	Cc1cnc(-n2nc(C)c(C3CC3)c2NC(C)c2ccc(-c3c[nH]c(=O)c(C)c3)s2)c(C)c1	0.011288
rxn:2:154196:166631	Cc1cnc(-n2nc(C)c(C3CC3)c2NC(C)c2ccc(-c3cc(=O)c(C)c[nH]3)s2)c(C)c1	0.011288
rxn:2:154196:146827	Cc1cnc(-n2nc(C)c(C3CC3)c2NC(C)c2ccc(-c3cc(C)[nH]c(=O)c3)s2)c(C)c1	0.011288
rxn:2:154196:91671	CCc1ccc(C(Nc2c(C3CC3)c(C)nn2-c2ncc(C)cc2C)c2cccnc2)cc1	0.011284
rxn:2:75668:153606	COc1cc(-c2cnc(C(C)Nc3nccnc3Oc3ccccc3OC)s2)ccc1C	0.011247
rxn:2:123416:166390	CSc1ccc(-n2cc(CNC3CCCc4cc(-c5cncc(C)c5)ccc43)c(C)n2)cn1	0.011227
rxn:2:156652:117863	CCC(NC1CC(C)(C)Cc2c1ccn2-c1nccs1)c1ccc(-c2cccnc2)cc1	0.011220
rxn:2:133194:160406	CSc1ncc(C2CC2CCNC(C)c2ccc(-c3cnc(C)c(C)c3)cc2C)cn1	0.011219
rxn:2:73517:155502	Cc1cc(-c2ccc3c(c2)C(NCc2noc(Cc4ccccc4)n2)CC3)cc2cnn(C)c12	0.011205
rxn:2:155066:137108	COc1ccc2nc(-c3nonc3NC(C)c3cccc(-c4ccccc4)c3)sc2c1	0.011204
rxn:2:147092:161725	CCc1c(C(C)Nc2[nH]ncc2-c2nc3ccc(C)cc3[nH]2)oc2c(C)cccc12	0.011193
rxn:2:91109:172564	CCOc1ccc(-c2ccc(C(C)Nc3cccc(S(=O)(=O)CC4CC4)c3)s2)cc1CC	0.011171
rxn:2:155066:149133	COc1ccc2nc(-c3nonc3NC(C)c3ccc(-n4c(=O)[nH][nH]c4=O)cc3)sc2c1	0.011170
rxn:2:119157:147610	COc1cccc(-c2cnn3c(C)c(C(C)Nc4nn(CC(C)C)c5c4C(C)CC5)cnc23)c1	0.011166
rxn:2:139831:160406	CCc1ccccc1-c1cnc(NC(C)c2ccc(-c3cnc(C)c(C)c3)cc2C)s1	0.011142
rxn:2:122077:172564	CCOc1ccc(-c2ccc(C(C)NC(CN3CCC4CCCCC4C3)C(C)C)s2)cc1CC	0.011116
rxn:2:155066:140706	COc1ccc2nc(-c3nonc3NC(CCCc3ccc(C)s3)C(C)C)sc2c1	0.011113
rxn:2:84977:153606	COc1cc(-c2cnc(C(C)NC3(c4nccs4)CCCc4ccccc43)s2)ccc1C	0.011103
rxn:2:71839:155128	CCOc1ncccc1-c1cccc2c1CCC2NC(c1ccc(CC(C)C)cc1)C(C)(C)C	0.011082
rxn:2:155066:144338	COc1ccc2nc(-c3nonc3NC(C)c3ccc(-c4c[nH]c(C)n4)c(C)c3)sc2c1	0.011038
rxn:2:150189:160406	Cc1cc(-c2cnc(C)c(C)c2)ccc1C(C)NCCC1CC1c1ccc2cnn(C)c2c1	0.010991
rxn:2:115593:149207	CC(C)(C)c1cc(NC2CCc3cc(-c4cccc5[nH]ncc45)ccc3C2)n(C[C@H]2CCCO2)n1	0.010955
rxn:2:148724:160406	Cc1cc(-c2cnc(C)c(C)c2)ccc1C(C)NCCC1CC1c1cnc2ccccc2n1	0.010941
rxn:2:153097:160406	Cc1cc(-c2cnc(C)c(C)c2)ccc1C(C)NCCC1CC1c1ccc2nccnc2c1	0.010941
rxn:2:120970:147610	COc1cccc(-c2cnn3c(C)c(C(C)NC4CCCCC4N(C)C4CCCCCC4)cnc23)c1	0.010920
rxn:2:154196:171365	Cc1cnc(-n2nc(C)c(C3CC3)c2NC(C)c2sc3c(C)cc(C)cc3c2C)c(C)c1	0.010906
rxn:2:128662:155128	CCOc1ncccc1-c1cccc2c1CCC2NCCc1ccc2cc(OC)ccc2c1	0.010891
rxn:2:147092:108409	Cc1ccc2nc(-c3cn[nH]c3NC(CCC3CCCCC3)c3ccccn3)[nH]c2c1	0.010891
rxn:2:166860:166158	CCCc1nn(-c2ccnc(C(C)C)c2)cc1NC(C)c1ccccc1-c1cc(=O)cc[nH]1	0.010861
rxn:2:154196:68807	Cc1cnc(-n2nc(C)c(C3CC3)c2NC(C)c2ccc(-c3sccc3C)s2)c(C)c1	0.010819
rxn:2:154196:141988	Cc1cnc(-n2nc(C)c(C3CC3)c2NC(C)c2ccc(-c3csc(C)c3)s2)c(C)c1	0.010819
rxn:2:154196:66791	Cc1csc(-c2csc(C(C)Nc3c(C4CC4)c(C)nn3-c3ncc(C)cc3C)c2)c1	0.010819
rxn:2:91551:147610	COc1cccc(-c2cnn3c(C)c(C(C)NC4CCC(C(C)C)CC4N(C)CC(C)C)cnc23)c1	0.010814
rxn:2:156652:164232	Cc1ccccc1-c1nc(C(C)NC2CC(C)(C)Cc3c2ccn3-c2nccs2)sc1C	0.010807
rxn:2:123517:172564	CCOc1ccc(-c2ccc(C(C)NC3CCN(Cc4ccc(CC)cc4)C3)s2)cc1CC	0.010787
rxn:2:96470:155128	CCOc1ncccc1-c1cccc2c1CCC2Nc1cnc(N(C)c2ccccn2)cc1C	0.010752
rxn:2:104012:172564	CCOc1ccc(-c2ccc(C(C)NC3CCN(CC(C)c4ccccc4)C3)s2)cc1CC	0.010739
rxn:2:95711:155502	Cc1cc(-c2ccc3c(c2)C(NCC(C)(C)c2nc4cccc(C)n4n2)CC3)cc2cnn(C)c12	0.010728
rxn:2:123251:149207	CC(C)CC(C)N(C)C1CCCCCC1NC1CCc2cc(-c3cccc4[nH]ncc34)ccc2C1	0.010688
rxn:2:136002:163676	COc1ccc(C(NCc2ccc(C)cc2OCc2ccco2)c2ccsc2)cc1C	0.010662
rxn:2:134076:172564	CCOc1ccc(-c2ccc(C(C)Nc3cccc(C4CCCN4C4CC4)c3)s2)cc1CC	0.010660
rxn:2:154196:139599	Cc1ccc(-c2ccc(C(C)Nc3c(C4CC4)c(C)nn3-c3ncc(C)cc3C)s2)cc1	0.010658
rxn:2:154196:108201	Cc1cccc(-c2ccc(C(C)Nc3c(C4CC4)c(C)nn3-c3ncc(C)cc3C)s2)c1	0.010658
rxn:2:154196:104136	Cc1cnc(-n2nc(C)c(C3CC3)c2NC(C)c2ccc(-c3ccccc3C)s2)c(C)c1	0.010658
rxn:2:154196:81912	Cc1cnc(-n2nc(C)c(C3CC3)c2NC(C)c2cc(-c3ccccc3C)cs2)c(C)c1	0.010658
rxn:2:154196:69499	Cc1cnc(-n2nc(C)c(C3CC3)c2NC(C)c2cc(-c3ccccc3)sc2C)c(C)c1	0.010658
rxn:2:137433:155128	CCOc1ncccc1-c1cccc2c1CCC2Nc1[nH]ncc1Oc1ccc(C)c(C)c1	0.010572
rxn:2:139268:155502	Cc1cc(-c2ccc3c(c2)C(NC2c4ccccc4C(F)(F)C2(C)C)CC3)cc2cnn(C)c12	0.010558
rxn:2:147092:117863	CCC(Nc1[nH]ncc1-c1nc2ccc(C)cc2[nH]1)c1ccc(-c2cccnc2)cc1	0.010557
rxn:2:141466:149207	COc1cccc2c(C(C)NC3CCc4cc(-c5cccc6[nH]ncc56)ccc4C3)n[nH]c12	0.010532
rxn:2:90696:147610	COc1cccc(-c2cnn3c(C)c(C(C)NCC(C)(C)CC4(C5CCCCC5)COC4)cnc23)c1	0.010478
rxn:2:124002:147610	COc1cccc(-c2cnn3c(C)c(C(C)NC(c4ccncc4)c4cccs4)cnc23)c1	0.010471
rxn:2:106892:172564	CCOc1ccc(-c2ccc(C(C)NC3CN(C(C)C)CCC3c3cccs3)s2)cc1CC	0.010450
rxn:2:145301:66800	CC(Nc1ccc2c(ccn2Cc2ccsc2)c1)c1cccc(-c2ccsc2)c1	0.010406
rxn:2:154196:143219	Cc1cnc(-n2nc(C)c(C3CC3)c2NC(C)c2ccc(-c3nc(C)sc3C)s2)c(C)c1	0.010404
rxn:2:155066:146281	COc1ccc2nc(-c3nonc3NC(C)c3ccc4[nH]c5ccccc5c4c3)sc2c1	0.010403
rxn:2:155066:151170	COc1ccc2nc(-c3nonc3NC(C)c3ccc4c(c3)[nH]c3ccccc34)sc2c1	0.010403
rxn:2:105048:172564	CCOc1ccc(-c2ccc(C(C)N[C@H]3CCN(Cc4cc(C)c(C)cc4C)C3)s2)cc1CC	0.010369
rxn:2:115747:172564	CCOc1ccc(-c2ccc(C(C)NC3CCN(Cc4cc(C)c(C)cc4C)C3)s2)cc1CC	0.010369
rxn:2:114487:160406	Cc1cc(-c2cnc(C)c(C)c2)ccc1C(C)NCCC1CC1c1nc2ccccc2s1	0.010358
rxn:2:147092:165843	CCOc1ccc2ccccc2c1C(C)Nc1[nH]ncc1-c1nc2ccc(C)cc2[nH]1	0.010348
rxn:2:154196:167309	COc1cc2cc(C(C)Nc3c(C4CC4)c(C)nn3-c3ncc(C)cc3C)sc2cc1OC	0.010326
rxn:2:95323:153276	CC(C)Oc1cncc(-c2ccc(C(C)Nc3nc4c(s3)CN(c3ccccc3)CC4)nc2)c1	0.010299
rxn:2:94346:172564	CCOc1ccc(-c2ccc(C(C)Nc3cc(-c4cccs4)ccn3)s2)cc1CC	0.010293
rxn:2:154196:143361	Cc1cc(C)cc(-c2ncc(C(C)Nc3c(C4CC4)c(C)nn3-c3ncc(C)cc3C)s2)c1	0.010277
rxn:2:154196:153064	Cc1ccc(-c2ncc(C(C)Nc3c(C4CC4)c(C)nn3-c3ncc(C)cc3C)s2)c(C)c1	0.010277
rxn:2:154196:153346	Cc1cc(C)nc(-c2ccc(C(C)Nc3c(C4CC4)c(C)nn3-c3ncc(C)cc3C)s2)c1	0.010277
rxn:2:154196:162534	Cc1cnc(-n2nc(C)c(C3CC3)c2NC(C)c2cnc(-c3cccc(C)c3C)s2)c(C)c1	0.010277
rxn:2:131300:155502	Cc1nn(C)c(N2CCC(C)(C)CC2)c1NC1CCc2ccc(-c3cc(C)c4c(cnn4C)c3)cc21	0.010277
rxn:2:110728:155502	Cc1cc(-c2ccc3c(c2)C(Nc2cncc(-c4nnnn4C(C)(C)C)c2)CC3)cc2cnn(C)c12	0.010265
rxn:2:105899:149207	c1cc(-c2ccc3c(c2)CCC(NCc2cnn(-c4ccnc(C5CC5)c4)c2)C3)c2cn[nH]c2c1	0.010258
rxn:2:75925:155502	Cc1cc(-c2ccc3c(c2)C(NC(C)c2cccc(OC4CCN(C)C4)c2)CC3)cc2cnn(C)c12	0.010256
rxn:2:90502:149207	c1ccc(Oc2ccc(NC3CCc4cc(-c5cccc6[nH]ncc56)ccc4C3)nc2)cc1	0.010240
rxn:2:166860:75880	CCCc1nn(-c2ccnc(C(C)C)c2)cc1NC(c1ccc(C)cc1)c1ccc(C)cn1	0.010238
rxn:2:71822:149207	CCc1ccc(-n2nnc(CNC3CCc4cc(-c5cccc6[nH]ncc56)ccc4C3)c2C)cc1	0.010225
rxn:2:164337:160406	Cc1cc(-c2cnc(C)c(C)c2)ccc1C(C)NCCC1CC1c1ccc2ccccc2n1	0.010223
rxn:2:154848:160406	Cc1cc(-c2cnc(C)c(C)c2)ccc1C(C)NCCC1CC1c1nccc2ccccc12	0.010223
rxn:2:159300:160406	Cc1cc(-c2cnc(C)c(C)c2)ccc1C(C)NCCC1CC1c1cccc2cccnc12	0.010223
rxn:2:124434:153606	COc1cc(-c2cnc(C(C)NCc3ccc(-c4ccc(C)cc4C)cc3)s2)ccc1C	0.010216
rxn:2:149168:160406	Cc1cc(-c2cnc(C)c(C)c2)ccc1C(C)NCCC1CC1c1cn(C)c2ccccc12	0.010209
rxn:2:142437:160406	Cc1cc(-c2cnc(C)c(C)c2)ccc1C(C)NCCC1CC1c1ccc2c(ccn2C)c1	0.010209
rxn:2:154196:112607	CCC(Nc1c(C2CC2)c(C)nn1-c1ncc(C)cc1C)c1ccc(-c2ccccc2)s1	0.010156
rxn:2:147500:131697	CC(C)CCC(NC(C)c1cnn(Cc2ccc3c(c2)OCO3)c1)c1c[nH]c2ccccc12	0.010116
rxn:2:106688:147610	COc1cccc(-c2cnn3c(C)c(C(C)NCC4CC4c4ccccc4SC)cnc23)c1	0.010114
rxn:2:155066:155791	COc1ccc2nc(-c3nonc3NC(C)c3cccc(-c4cccc(C)c4)c3)sc2c1	0.010106
rxn:2:155066:142811	COc1ccc2nc(-c3nonc3NC(C)c3cccc(-c4ccc(C)cc4)c3)sc2c1	0.010106
rxn:2:155066:150537	COc1ccc2nc(-c3nonc3NC(C)c3cccc(-c4ccccc4C)c3)sc2c1	0.010106
rxn:2:92475:143157	COc1ccc(-c2csc(C(C)NC3COc4cc(-c5cc(OC)cs5)ccc43)c2)cc1	0.010064
rxn:2:95402:170892	CC(NCC1CN(C)CC(C)(C)N1c1ccccc1)c1ccc(-c2cc3sccc3s2)s1	0.010052
rxn:2:154196:171597	Cc1cnc(-n2nc(C)c(C3CC3)c2NC(C)c2cc(-c3cc(C)sc3C)cs2)c(C)c1	0.009996
rxn:2:154196:173134	Cc1cnc(-n2nc(C)c(C3CC3)c2NC(C)c2ccc(-c3cc(C)ccc3C)s2)c(C)c1	0.009846
rxn:2:154196:169937	Cc1cc(C)cc(-c2ccc(C(C)Nc3c(C4CC4)c(C)nn3-c3ncc(C)cc3C)s2)c1	0.009846
rxn:2:154196:173190	Cc1cc(C)cc(-c2csc(C(C)Nc3c(C4CC4)c(C)nn3-c3ncc(C)cc3C)c2)c1	0.009846
rxn:2:154196:172683	Cc1cnc(-n2nc(C)c(C3CC3)c2NC(C)c2cc(-c3cc(C)ccc3C)cs2)c(C)c1	0.009846
rxn:2:154196:171669	Cc1cnc(-n2nc(C)c(C3CC3)c2NC(C)c2ccc(-c3cc(C)sc3C)cc2)c(C)c1	0.009846
rxn:2:154196:171089	Cc1cnc(-n2nc(C)c(C3CC3)c2NC(C)c2ccccc2-c2cc(C)sc2C)c(C)c1	0.009846
rxn:2:125037:147610	COc1cccc(-c2cnn3c(C)c(C(C)NCc4cc5cccc(OC)c5nc4C)cnc23)c1	0.009832
rxn:2:105415:149207	COc1ccc(CCNC2CCc3cc(-c4cccc5[nH]ncc45)ccc3C2)c2cc(C)oc12	0.009800
rxn:2:68435:172564	CCOc1ccc(-c2ccc(C(C)N[C@@H]3CCCN(CC(C)c4ccccc4)C3)s2)cc1CC	0.009773
rxn:2:79014:172564	CCOc1ccc(-c2ccc(C(C)NC3CCCN(CC(C)c4ccccc4)C3)s2)cc1CC	0.009773
rxn:2:80316:147610	COc1cccc(-c2cnn3c(C)c(C(C)NC(C)c4nc(-c5ccncc5)cs4)cnc23)c1	0.009750
rxn:2:119724:172564	CCOc1ccc(-c2ccc(C(C)Nc3ccc4nc(C(C)(C)C)oc4c3)s2)cc1CC	0.009723
rxn:2:129145:172564	CCOc1ccc(-c2ccc(C(C)NC3CCN(Cc4ccc(C(C)C)cc4)C3)s2)cc1CC	0.009685
rxn:2:155066:107267	COc1ccc2nc(-c3nonc3NC(C)c3cccc(S(F)(F)(F)(F)F)c3)sc2c1	0.009545
rxn:2:93317:172564	CCOc1ccc(-c2ccc(C(C)Nc3ncn(Cc4ccn(C(C)C)n4)n3)s2)cc1CC	0.009491
rxn:2:124728:172564	CCOc1ccc(-c2ccc(C(C)Nc3ccc(C4CCN(CC(C)C)C4)cc3)s2)cc1CC	0.009434
rxn:2:88380:153276	CC(C)Oc1cncc(-c2ccc(C(C)Nc3nnc(CCCc4cccs4)s3)nc2)c1	0.009403
rxn:2:130057:155502	Cc1nc(C2C(CCNC3CCc4ccc(-c5cc(C)c6c(cnn6C)c5)cc43)C2(F)F)sc1C	0.009376
rxn:2:76227:155502	Cc1ccsc1[C@@H](CCC(C)C)NC1CCc2ccc(-c3cc(C)c4c(cnn4C)c3)cc21	0.009346
rxn:2:71310:149207	c1cc(-c2ccc3c(c2)CCC(NC(c2ccsc2)C2CCCCCC2)C3)c2cn[nH]c2c1	0.009298
rxn:2:162107:153276	CC(C)Oc1cncc(-c2ccc(C(C)Nc3ccc(-c4cccs4)n(C(C)C)c3=O)nc2)c1	0.009192
rxn:2:125805:172564	CCOc1ccc(-c2ccc(C(C)Nc3c(OCC)ccc4scnc34)s2)cc1CC	0.009177
rxn:2:100573:153276	COc1cc(-c2nc(CNC(C)c3ccc(-c4cncc(OC(C)C)c4)cn3)cs2)ccc1C	0.009131
rxn:2:107542:147610	COc1cccc(-c2cnn3c(C)c(C(C)Nc4cc(C5CCC(C)CC5)ccc4C)cnc23)c1	0.009098
rxn:2:130194:149207	c1ccc(Oc2ccccc2CNC2CCc3cc(-c4cccc5[nH]ncc45)ccc3C2)cc1	0.009025
rxn:2:106641:155502	Cc1cc(-c2ccc3c(c2)C(Nc2nc(-c4cccs4)nc4c2CCC4)CC3)cc2cnn(C)c12	0.008989
rxn:2:118429:155502	Cc1cc(-c2ccc3c(c2)C(NC2CCCCCC2Cc2ccccc2)CC3)cc2cnn(C)c12	0.008981
rxn:2:166705:155502	Cc1nccc(-n2ccc(C3CC3)n2)c1NC1CCc2ccc(-c3cc(C)c4c(cnn4C)c3)cc21	0.008875
rxn:2:144465:155128	CCOc1ncccc1-c1cccc2c1CCC2Nc1cn[nH]c1-c1ccc2ccccc2c1	0.008864
rxn:2:78833:147610	COc1cccc(-c2cnn3c(C)c(C(C)N[C@@H](c4ccc(C)cc4)c4cccs4)cnc23)c1	0.008684
rxn:2:166860:102419	CCCc1nn(-c2ccnc(C(C)C)c2)cc1NC(CCC)Cc1ccc2ccccc2c1	0.008510
rxn:2:143132:155502	Cc1cc(-c2ccc3c(c2)C(Nc2ccc4c(c2)ncn4-c2ccccc2)CC3)cc2cnn(C)c12	0.008409
rxn:2:137291:172564	CCOc1ccc(-c2ccc(C(C)Nc3ccc(Sc4ccc(C)nn4)cc3)s2)cc1CC	0.008107
rxn:2:87456:147610	COc1cccc(-c2cnn3c(C)c(C(C)Nc4ncc(-c5nnc(C6CCCC6)o5)s4)cnc23)c1	0.007983
rxn:2:83005:172564	CCOc1ccc(-c2ccc(C(C)NC3CC(c4nc(-c5ccccc5)c[nH]4)C3)s2)cc1CC	0.007882
rxn:2:134867:172564	CCC[C@@H](NC(C)c1ccc(-c2ccc(OCC)c(CC)c2)s1)c1ccc2ccccc2c1	0.007787
rxn:2:109504:172564	CCOc1ccc(-c2ccc(C(C)NCC(C)(C)c3ncc(-c4cc[nH]c4)[nH]3)s2)cc1CC	0.007422
rxn:2:86719:155502	Cc1cc(-c2ccc3c(c2)C(NCc2cn(CC(C)C)nc2-c2cccs2)CC3)cc2cnn(C)c12	0.007415
