name	smiles	heuristic
rxn:5:182505:228574:223460	Cc1ccc(-c2ccc(C)cc2-c2c[nH]c(C)n2)c(C#N)c1	0.034177
rxn:5:181329:229235:229346	COc1ccsc1-c1cccc(S(C)(=O)=O)c1-c1cnon1	0.033109
rxn:5:198125:229078:229037	COc1cncc(-c2ccnc(-c3ccc(C)c(F)c3)c2)c1	0.032882
rxn:5:181285:229020:222422	CCc1cccc(-c2cc(C)nc(C)c2)c1-c1c[nH]c(=O)[nH]c1=O	0.032425
rxn:5:198125:228749:229068	COc1ccncc1-c1cc(-c2cc(C#N)ccc2F)ccn1	0.032070
rxn:5:182503:228867:223447	CCc1nc(OC)c(-c2cc(C)ccc2-c2cc(C)[nH]c(=O)c2)s1	0.031995
rxn:5:182506:229341:228472	Cc1cccc(-c2ccon2)c1-c1ccc(C(F)(F)F)nc1	0.031213
rxn:5:181066:229076:229306	COc1cc(-c2sc(C#N)cc2C)ccc1-c1ncc(C)s1	0.030793
rxn:5:198281:223445:228844	COc1cc[nH+]cc1-c1cnc(C)c(-c2ccc(F)c(F)c2C)c1	0.030206
rxn:5:191553:228563:223468	COc1cc(-c2c[nH]cn2)c(-c2cc(CC(C)C)cs2)cc1C#N	0.030051
rxn:5:195323:228349:229293	COc1nccc(-c2cnn(C3CCOC3)c2)c1-c1csc(C)c1	0.030033
rxn:5:198226:229057:228587	Cc1cc(C#N)cc(-c2cnc(-c3cnn(C4CC4)c3)c(C)c2)c1	0.029920
rxn:5:191499:229055:229334	COC(=O)c1ccc(-c2cncc(C#N)c2)nc1-c1cnoc1	0.029767
rxn:5:198238:229335:228610	Cc1cnc(-c2cscn2)cc1-c1ccc(C(C)(C)C)s1	0.029543
rxn:5:191336:229301:223309	CC(C)Nc1ccc(-c2cc(CC#N)cc(-c3cccnn3)c2)cc1	0.029495
rxn:5:196680:229310:229250	Cc1cncc(-c2cc(-c3csc(C)n3)ccc2N2CCCC2)n1	0.029451
rxn:5:198127:229177:228254	COc1ccc(-c2ccnc(-c3c(F)cncc3F)c2)c(C)c1F	0.029450
rxn:5:195302:229009:229282	COc1cnc(-c2ccccc2)cc1-c1cc(C2CC2)cs1	0.029399
rxn:5:181325:223454:228780	COc1c(F)cccc1-c1ccc(S(C)(=O)=O)cc1-c1ccc[nH]c1=O	0.029292
rxn:5:195521:228491:229258	CCc1ccc(-c2cn(C)c(=O)n(C)c2=O)c(-c2cncc(F)c2)n1	0.029209
rxn:5:198247:229223:229024	Cc1cc(-c2c(C)csc2C)c(-c2cnc(C)c(C)c2)cn1	0.028725
rxn:5:195461:229271:222420	COc1cc(-c2cc(C#N)cc(-c3ccccc3S(N)(=O)=O)c2C)sn1	0.028516
rxn:5:178995:229344:228388	COCc1cc(-c2cocn2)ccc1-c1cc(C(F)F)ncc1C	0.028096
rxn:5:188633:229304:229313	COC(=O)c1c(-c2ccncn2)cnc(OC)c1-c1cc(C)ns1	0.028071
rxn:5:198422:229052:223463	CCCn1nccc1-c1cccc2nc(-c3ccc[nH]3)oc12	0.027992
rxn:5:194948:229314:227863	Cc1ncsc1-c1ccc(C#N)cc1-c1ccc2c(c1)CCCO2	0.027687
rxn:5:198226:227892:229197	Cc1cc(-c2cnn(C(F)F)c2)cnc1-c1ccc(CN(C)C)cc1	0.027602
rxn:5:181536:227277:229334	CN(C)c1ccc(-c2ccc(C3COC3)c(-c3cnoc3)c2)cc1C#N	0.027439
rxn:5:198231:228018:229272	COc1ncc(-c2cc(C)ncc2-c2cc(F)cc(C3CC3)c2)s1	0.027256
rxn:5:198120:222418:227039	CC(C)(C)Oc1ccc(-c2ccc(-c3ccc(S(N)(=O)=O)cc3)cn2)cc1	0.027094
rxn:5:198242:227458:229177	Cc1ccc(-c2c(F)cncc2F)nc1-c1cnc2c(c1)OCCN2C	0.027058
rxn:5:188069:228597:223437	Cc1cccc(C#N)c1-c1ccc(OCC#N)c(-c2cc(C#N)[nH]c(=O)c2)c1	0.027024
rxn:5:198325:229159:227893	COc1ncc(-c2c(-c3cccc(CN(C)C)c3)ncc(C)c2C)cn1	0.026922
rxn:5:198126:228833:228239	COc1nc(C)c(-c2ccncc2-c2c(F)ccc(C)c2F)cc1C	0.026847
rxn:5:195303:229229:227432	COc1cnc(-c2ccc(C3COC3)nc2C)c(-c2cscc2C#N)c1	0.026755
rxn:5:198086:226916:229066	CCc1ncncc1-c1ncsc1-c1cccc(C2=CCCC2)c1	0.026737
rxn:5:181628:229342:228918	FC(F)c1ccncc1-c1ccc(-c2cnsc2)cc1C1OCCO1	0.026671
rxn:5:192709:228775:229299	COc1ccc(-c2cc(CN3CCC3)ccc2-c2ccn(C)n2)cc1F	0.026654
rxn:5:191502:229330:228821	COC(=O)c1cc(-c2ccc(C)c(F)c2F)cnc1-c1ccsc1	0.026546
rxn:5:198279:228106:228997	CCc1ccc(-c2cncc(-c3cnc(C(C)CC)nc3)c2C)cn1	0.026425
rxn:5:198231:223442:225982	CNc1ccc(-c2cnc(C)cc2-c2cnc(N3CCOCC3)cc2F)cc1	0.026413
rxn:5:198140:226332:222418	NS(=O)(=O)c1ccc(-c2cncc(-c3ccccc3C(=O)N3CCC3)c2)cc1	0.026338
rxn:5:195316:228173:229094	CCOc1cc(F)ccc1-c1ccc(-c2cnc(C)nc2C)nc1OC	0.026218
rxn:5:198526:229224:229102	CCn1nccc1-c1c(-c2ccn(C)c(=O)c2)ccc2cc[nH]c12	0.026213
rxn:5:192569:229335:228595	CCc1ncc(C)cc1-c1ccc(C(=O)N2CCC2)cc1-c1cscn1	0.026193
rxn:5:181422:229112:228775	COc1ccc(-c2cccc(-c3ccc(=O)n(C)c3)c2C2CC2)cc1F	0.026188
rxn:5:198683:223467:223056	O=C1CCc2cc(-c3ncc[nH]3)c(-c3ccc(N4CCC(O)CC4)nc3)nc21	0.026097
rxn:5:196240:228877:229212	Cc1ccncc1-c1cc(-c2ccnn2C2CC2F)ncc1C1CCC1	0.025990
rxn:5:182500:228165:223349	CCOc1ccc(F)c(-c2ccc(-c3cccc4c3C(=O)NC4)cc2C)c1	0.025969
rxn:5:181621:228215:223455	Cc1ccc(-c2cc(-c3cnccn3)cc(C3OCCO3)c2)c(F)c1C#N	0.025931
rxn:5:195678:227070:223461	CCOc1cc(C)c(C)cc1-c1cccc(-c2cn[nH]c2C)c1S(N)(=O)=O	0.025898
rxn:5:191234:229281:228683	CCCc1ncc(-c2nc(C(=O)OC)c(-c3cnc(F)cn3)s2)cn1	0.025875
rxn:5:198239:227185:228735	COc1cncc(C)c1-c1ccc(C)nc1-c1ccc2c(c1)N(C)CCO2	0.025827
rxn:5:182840:229035:229062	Cc1c(F)cccc1-c1c(-c2ccc(C#N)n2C)ccc2c1C(=O)CC2	0.025759
rxn:5:198683:228586:229280	CC(C)c1ncccc1-c1cc2c(nc1-c1cnc(F)nc1)C(=O)CC2	0.025750
rxn:5:195308:226441:229241	COc1nc(-c2ccc(N3CCCC3)cc2F)ccc1-c1cnn(C)c1C	0.025699
rxn:5:188396:223250:229331	CCOC(=O)c1cc(-c2ccc3c(c2)NC(=O)CO3)nc(-c2cccs2)c1	0.025660
rxn:5:182505:223348:228481	Cc1ccc(-c2ccc3c(c2)C(=O)NC3)c(-c2ccnc(C(F)(F)F)c2)c1	0.025655
rxn:5:195433:229112:228516	CCc1cc(C)cc(-c2ccc(-c3ccc(=O)n(C)c3)c(C(C)=O)n2)c1	0.025606
rxn:5:195303:228717:228583	COc1cnc(-c2ccnc(C(C)C)c2)c(-c2cn(C3CC3)nc2C)c1	0.025597
rxn:5:179393:229283:228379	N#Cc1cc(F)c(F)cc1-c1cc(OC2COC2)cc(-c2ccncc2)c1	0.025590
rxn:5:181068:229051:228612	CCCn1cc(-c2cccc(OC)c2-c2cccc(OC)c2C)cn1	0.025546
rxn:5:199100:223466:229048	Cc1ccc(-c2cn[nH]c2)c2c(-c3cnn4c3CCC4)ccnc12	0.025531
rxn:5:195681:228608:228544	COc1cc(C)ccc1-c1cc(-c2ccc(CC#N)cc2)ccc1S(N)(=O)=O	0.025310
rxn:5:198120:227927:223294	CCC(=O)c1cccc(-c2ccc(-c3csc(N4CCNCC4)n3)nc2)c1	0.025300
rxn:5:191499:228679:229218	COC(=O)c1ccc(-c2cnn(CC3CC3)c2)nc1-c1cccc(F)c1	0.025127
rxn:5:191684:229296:228336	CCOc1cc(-c2cnc(OC)c(SC)c2)nc(-c2cnn(C)c2)c1	0.025123
rxn:5:176755:228198:229298	CCOCc1cc(-c2cnccn2)ccc1-c1cnc(C(C)C)nc1C	0.025111
rxn:5:195444:223401:229140	CNc1cc(-c2cnc(-c3cccc(F)c3F)cc2C(C)=O)ccc1C	0.025095
rxn:5:191553:229248:227808	COc1cc(-c2ccc3c(c2)CCCC3)c(-c2c(C)cnn2C)cc1C#N	0.025000
rxn:5:179190:227705:229334	COc1cc(-c2cnc(C(F)F)cc2OC)c(OC)cc1-c1cnoc1	0.024953
rxn:5:181576:228702:229255	CC(C)c1ccc(-c2cncnc2C(C)C)cc1-c1ccncc1F	0.024939
rxn:5:196082:228110:229273	CCc1cnc(C#N)cc1-c1ccc(-c2scnc2OC)nc1C(C)C	0.024924
rxn:5:176859:228685:223457	COCc1cncc(-c2cc(-c3cc(C)n[nH]3)c(C(=O)OC)cc2OC)c1	0.024898
rxn:5:195529:227092:229166	CCc1c(-c2ccc(C3CCC3)nc2C)ccnc1-c1cnn(C(C)=O)c1	0.024815
rxn:5:198086:228765:227579	CCOc1c(F)cc(-c2ncsc2-c2cnc(CC)cc2F)cc1F	0.024805
rxn:5:192712:227952:229338	Cc1cc(-c2cc(CN3CCC3)cc(-c3ccns3)c2)c(C)cc1C#N	0.024804
rxn:5:181075:223453:228825	CSc1c(-c2cccnc2)cccc1-c1cc(F)c(C)cc1F	0.024795
rxn:5:194941:222988:229078	COc1cncc(-c2cc(-c3cc(C)nc(C4CCNCC4)c3)ccc2C#N)c1	0.024783
rxn:5:177729:223465:228680	CCCn1nc(C)cc1-c1cc(-c2ccn[nH]2)ccc1C(=O)OC(C)(C)C	0.024783
rxn:5:177002:229060:229100	CCOc1cc(-c2ccnc(C)c2F)c(-c2ccc(C#N)nc2)cc1OC	0.024657
rxn:5:195028:229292:227709	CCc1nc(-c2cccc(OC(F)(F)F)c2)sc1-c1ccoc1C	0.024624
rxn:5:195307:228701:228099	CCN(C)c1cncc(-c2cc(OC)cnc2-c2cnc(C3CC3)nc2)c1	0.024536
rxn:5:181577:229315:228150	COC(=O)c1ccc(-c2cc(C(C)C)ccc2-c2ocnc2C)cc1	0.024514
rxn:5:191681:223082:229301	CCOc1cc(-c2cccnn2)cnc1-c1cc(C)c(S(=O)(=O)NC)c(C)c1	0.024484
rxn:5:198410:229225:229270	CCn1cc(-c2nc3cccc(-c4cnc(C#N)s4)c3s2)cn1	0.024452
rxn:5:192570:229255:228717	Cc1nn(C2CC2)cc1-c1cc(C(=O)N2CCC2)ccc1-c1ccncc1F	0.024440
rxn:5:195362:229137:227944	COc1ncc(-c2cncc(C(C)(C)C)c2)cc1-c1c(F)cccc1F	0.024308
rxn:5:198324:228685:228132	COCc1cncc(-c2cnc(C)c(C)c2-c2cccc(CC#N)c2F)c1	0.024302
rxn:5:198559:229316:228158	CCOc1cc(F)cc(C2=NS(=O)(=O)c3ccc(-c4nc(C)cs4)cc32)c1	0.024297
rxn:5:194944:228818:227287	COc1nc(C(C)C)ccc1-c1cc(C#N)cc(-c2cc(C)c(=O)n(C)c2)c1	0.024233
rxn:5:195314:227612:223358	COc1cc(-c2ccc(NC(C)=O)cc2)c(-c2cnn(C3CCCCO3)c2)cn1	0.024179
rxn:5:198125:228254:227203	COc1ccc(-c2ccnc(-c3ccc4c(c3)OCCCO4)c2)c(C)c1F	0.024165
rxn:5:195529:228987:229202	CCc1ccc(-c2nccc(-c3cc(C)cc(C)c3)c2CC)s1	0.024161
rxn:5:198845:223389:228319	COc1nccc(-c2nc3c(cc2-c2c(C)n[nH]c2C(F)(F)F)CCC3)c1OC	0.024113
rxn:5:177001:229271:229121	CCOc1c(-c2cc(OC)ns2)ccc(OC)c1-c1cncc(F)c1C	0.023999
rxn:5:194949:227709:229273	COc1ncsc1-c1cccc(C#N)c1-c1cccc(OC(F)(F)F)c1	0.023983
rxn:5:177275:229221:229342	Cc1cc(C)c(-c2cc(OCC(C)C)ccc2-c2cnsc2)s1	0.023948
rxn:5:195680:228711:228100	CCCn1nc(C)c(-c2c(-c3cc(C)cnc3C#N)cccc2S(N)(=O)=O)c1C	0.023888
rxn:5:195315:229250:228860	COc1cc(-c2cccc3nonc23)ncc1-c1cncc(C)n1	0.023884
rxn:5:191558:228897:229031	COC(=O)c1c(-c2ccc(C)cc2F)cncc1-c1cc(F)cnc1OC	0.023874
rxn:5:198125:229227:227749	N#Cc1cc(-c2ccnc(-c3cc(F)cc(C(F)(F)F)c3)c2)cs1	0.023872
rxn:5:191555:229164:228214	COc1cncc(-c2cc(C#N)cc(OC)c2-c2cnc(C3CC3)cc2F)n1	0.023804
rxn:5:191700:228115:223349	COCc1ncc(-c2ccc(OC(C)C)nc2)cc1-c1cccc2c1C(=O)NC2	0.023797
rxn:5:181066:229057:226685	COc1cc(-c2cnn(C3CC3)c2)ccc1-c1cnc(C2CCOCC2)nc1	0.023796
rxn:5:198513:227657:229334	c1cc2cc(-c3ccc(N4CCOCC4)s3)c(-c3cnoc3)cc2[nH]1	0.023790
rxn:5:181625:223281:229273	COc1ncsc1-c1ccc(-c2ccc(C3(O)COC3)nc2)c(C2OCCO2)c1	0.023767
rxn:5:198250:223384:228523	CNC(=O)c1ccc(-c2cc(-c3ccc4cccn4c3)cc(C)n2)cn1	0.023732
rxn:5:195307:227995:228575	COc1cnc(-c2cc(C)cc(C)c2OC)c(-c2ccc(C#N)c(C)c2)c1	0.023729
rxn:5:195923:229346:229070	COc1ccc(-c2cc(-c3cnon3)ncc2-c2ccco2)cn1	0.023696
rxn:5:181630:223140:229244	Cc1nccc(-c2c(-c3ccnc(C4CCCNC4)c3)cccc2C2OCCO2)n1	0.023690
rxn:5:195327:229131:228063	CSc1cnc(-c2ccc(F)cc2F)c(-c2cnc3c(c2)COCC3)c1	0.023673
rxn:5:198543:223465:227933	CCc1ccc(OC)cc1-c1cc(-c2ccn[nH]2)cc2cc[nH]c12	0.023669
rxn:5:181279:227851:223460	CCc1cccc(-c2c[nH]c(C)n2)c1-c1cccc2ccncc12	0.023632
rxn:5:198495:223267:228879	CNC(=O)c1ccc(-c2cc(-c3ccnn3C3COC3)c3c(c2)=NC(=O)C=3)cc1F	0.023628
rxn:5:182505:226794:229203	CCc1ccsc1-c1cc(C)ccc1-c1cnc(N2CCSCC2)nc1	0.023593
rxn:5:196969:229244:229177	Cc1nccc(-c2cnc(C3CCCCC3)cc2-c2c(F)cncc2F)n1	0.023571
rxn:5:195675:229294:222987	Cc1cc(-c2cc(S(N)(=O)=O)ccc2-c2ccc(C3CCNCC3)nc2C)co1	0.023497
rxn:5:181424:228719:228929	COc1c(C)ccc(-c2cncc(C(F)F)c2)c1-c1cc(C#N)ncc1C	0.023477
rxn:5:183066:229299:227293	Cn1ccc(-c2ccc3c(c2-c2cncc(OC(C)(C)C)c2)CCCC3=O)n1	0.023459
rxn:5:198243:227952:223202	Cc1cc(-c2ccnc(-c3ccc(C4(O)CCC4)cc3)c2C)c(C)cc1C#N	0.023429
rxn:5:196098:228501:228757	COc1cnc(C)cc1-c1cc(-c2cnn(C)c2C(F)(F)F)cc(N(C)C)c1	0.023412
rxn:5:198120:228141:223403	CCCc1cc(F)c(-c2ccc(-c3ccc4cn[nH]c4c3)nc2)cn1	0.023401
rxn:5:182710:227942:229218	CCc1ccc(-c2cc3c(c(-c4cccc(F)c4)c2)OCC3=O)c(OC)c1	0.023379
rxn:5:189540:229346:228190	COC1CN(Cc2cc(-c3cnon3)ccc2-c2cnc(N(C)C)cc2C)C1	0.023288
rxn:5:192488:229070:228827	COc1ccc(-c2cc(-c3cc(F)c(F)cc3C)ccc2CN(C)C)cn1	0.023277
rxn:5:198521:229071:229000	CCc1ccncc1-c1cc2cc[nH]c2cc1-c1ccnc(OC)c1	0.023254
rxn:5:195330:228753:223010	COc1c(-c2ccc(C3(O)CCOCC3)cc2)ccnc1-c1cccc(F)c1C#N	0.023204
rxn:5:195365:223342:229238	CSc1ncc(-c2ccsc2SC)cc1-c1ccc2c(c1)OCCN2	0.023186
rxn:5:179410:229059:228718	COC(=O)c1c(-c2cc(C#N)cnc2C)ccc(C)c1-c1cnccc1C#N	0.023174
rxn:5:181201:229029:229218	CC(=O)c1cc(-c2ccc(F)c(C)c2)ccc1-c1cccc(F)c1	0.023172
rxn:5:191918:228574:229114	CCc1cc(C#N)c(-c2cc(C)ncc2F)c(-c2ccc(C)cc2C#N)c1	0.023150
rxn:5:198244:228202:229237	CSc1cc(-c2c(C)cncc2-c2ccc(F)c(N(C)C)c2)cs1	0.023148
rxn:5:182502:228784:228120	CCOc1ncc(C)cc1-c1ccc(-c2ccc(F)c(OC)c2)cc1C	0.023126
rxn:5:195310:229102:227772	CSc1cc(-c2cncc(OC(F)(F)F)c2)cnc1-c1ccn(C)c(=O)c1	0.023116
rxn:5:198128:227845:229051	CCCn1cc(-c2cnccc2-c2cccc3cnccc23)cn1	0.023082
rxn:5:182844:227792:229300	Cn1cncc1-c1c(-c2ccnc(C(F)(F)F)c2F)ccc2c1CCC2=O	0.023059
rxn:5:181549:229346:227665	CC(=O)c1c(C)cc(-c2cnon2)cc1-c1ccc(C(F)(F)F)c(C)c1	0.023053
rxn:5:195328:228497:223399	CNCc1ccccc1-c1ncc(SC)cc1-c1ccnn1CC(F)(F)F	0.023040
rxn:5:182009:229312:228335	COc1ccnc(OC)c1-c1ccc(-c2conc2C)c(C2CCOCC2)c1	0.022972
rxn:5:196084:223384:228176	CNC(=O)c1ccc(-c2cnc(C(C)C)cc2-c2ccc(COC)c(F)c2)cn1	0.022960
rxn:5:195674:223445:227338	COc1cc[nH+]cc1-c1ccc(-c2cc(OC(C)C)ccc2F)c(S(N)(=O)=O)c1	0.022935
rxn:5:198753:223346:229284	O=C1NCc2cc(-c3ccc4cnccc4c3-c3cccnc3)ccc21	0.022926
rxn:5:196415:223462:229147	COCn1ccc(-c2cc(-c3cccnc3)cc(-c3cc(C)[nH]n3)c2)n1	0.022893
rxn:5:195682:229016:228321	COC(=O)c1cncc(-c2ccc(-c3ccsc3C3CC3)c(S(N)(=O)=O)c2)c1	0.022875
rxn:5:194399:223460:228478	Cc1nc(-c2ccc(C(=O)N3CC4CC4C3)cc2-c2cncc(C(F)(F)F)c2)c[nH]1	0.022874
rxn:5:198242:227351:228312	COC(=O)c1c(C)cccc1-c1nc(-c2cc(C#N)ncc2OC)ccc1C	0.022870
rxn:5:178989:228032:229336	COCc1c(-c2cnc3cccnc3c2)cccc1-c1cncs1	0.022870
rxn:5:179418:223405:229307	Cc1oncc1-c1ccc(CS(C)(=O)=O)cc1-c1ccc2[nH]cnc2c1	0.022825
rxn:5:191683:229199:227497	CCOc1ccc(-c2cnc(OC(C)C)nc2C)nc1-c1ccc(C)cc1	0.022819
rxn:5:198413:229241:228708	Cc1c(-c2ccc3c(-c4cncnc4C4CC4)noc3c2)cnn1C	0.022791
rxn:5:198244:223148:228342	Cc1cncc(-c2ccccc2C2CNCCO2)c1-c1cccc(OC(F)F)c1	0.022764
rxn:5:198325:226661:229021	Cc1cnc(-c2ccnc(C)c2C)c(-c2cc(N3CCN(C)CC3)cs2)c1C	0.022759
rxn:5:195028:223347:226132	CCc1nc(-c2ccc(C3(C#N)CC3)cc2C)sc1-c1cccc2c1CNC2=O	0.022758
rxn:5:198237:222989:228153	COc1cc(OC)cc(-c2cnc(-c3ccc(N4CCNCC4)cc3C)cc2C)c1	0.022719
rxn:5:195650:228160:229021	CCOc1cccc(F)c1-c1cnc(-c2ccnc(C)c2C)c(S(C)(=O)=O)c1	0.022719
rxn:5:183096:223455:227525	CCc1cnc(C(F)F)cc1C1CCCc2ccc(-c3cnccn3)cc21	0.022670
rxn:5:181282:229204:228590	CCc1ccc(-c2cccc(C)c2C#N)c(-c2ccsc2CC)c1	0.022640
rxn:5:181856:223457:227029	Cc1cc(-c2cc(-c3ccccc3C(C)(C)C#N)cc(C(C)(C)C)c2)[nH]n1	0.022625
rxn:5:182949:226971:223444	CNc1cc(-c2c(-c3ccc4c(c3)CCCOC4)ccc3c2OCCC3=O)ccn1	0.022620
rxn:5:181283:229211:228507	CCCc1cccc(-c2cccc(-c3cccnc3C)c2CC)c1	0.022620
rxn:5:188389:228865:229256	CCOC(=O)c1cc(-c2cnc(OCC)cn2)ncc1-c1c(C)noc1C	0.022609
rxn:5:181209:228698:229210	CCC(=O)c1ccc(-c2cccc(C(C)=O)c2-c2ccc(C)nc2)s1	0.022594
rxn:5:182503:229019:227909	CCC(C)c1cc(-c2ccc(C)cc2-c2ccc(C)nc2C)ccn1	0.022593
rxn:5:181630:223401:228527	CNc1cc(-c2cccc(C3OCCO3)c2-c2cccc3c2OCC3)ccc1C	0.022584
rxn:5:179190:223203:229289	COc1cc(-c2cscc2C)c(OC)cc1-c1cccc(C2(O)CCC2)c1	0.022582
rxn:5:182896:229303:225806	Fc1cc(OC2CCCC2)ncc1-c1ccc(-c2ncccn2)c2c1CCC2	0.022582
rxn:5:195434:229054:228062	COCc1cc(-c2ccc(C(C)=O)nc2-c2cncc3c2CCCO3)cs1	0.022519
rxn:5:191557:229244:226326	COc1ccc(-c2ccnc(C)n2)c(-c2cccc(C3(C#N)CC3)c2F)c1C#N	0.022462
rxn:5:198912:229305:223401	CNc1cc(-c2cc(-c3cn(C)cn3)cc3[nH]c(C)cc23)ccc1C	0.022455
rxn:5:180022:223340:229112	COc1c(-c2ccc(=O)n(C)c2)ccc(-c2ccc3c(c2)NCCO3)c1C1OCCO1	0.022446
rxn:5:176565:228878:229131	COC(=O)Cc1ccc(-c2cnn(C3COC3)c2)c(-c2ccc(F)cc2F)c1	0.022446
rxn:5:195651:223454:226772	COC(=O)c1cc(F)c(-c2ncc(S(C)(=O)=O)cc2-c2ccc[nH]c2=O)c(F)c1	0.022433
rxn:5:181207:228064:228704	CCn1nc(C)c(-c2ccc(C(C)=O)c(-c3cnc4c(c3)C(=O)CC4)c2)c1C	0.022429
rxn:5:176567:227432:229309	COC(=O)Cc1ccc(-c2ccc(C3COC3)nc2C)cc1-c1cnc(C)o1	0.022428
rxn:5:176756:223250:228718	CCCOc1cc(-c2cc(C#N)cnc2C)ccc1-c1ccc2c(c1)NC(=O)CO2	0.022377
rxn:5:178976:228547:223281	CCCc1ccncc1-c1cc(-c2ccc(C3(O)COC3)nc2)ccc1OCC	0.022364
rxn:5:198327:228972:229289	Cc1cscc1-c1cc(C)c(-c2cc(C(F)(F)F)cs2)nc1C	0.022325
rxn:5:195437:227808:229177	CC(=O)c1nc(-c2ccc3c(c2)CCCC3)ccc1-c1c(F)cncc1F	0.022307
rxn:5:182440:227829:229200	Cc1cccc(-c2ccccc2-c2ccccc2C2CCC2)c1	0.022215
rxn:5:182710:223356:228610	CNC(=O)c1cccc(-c2cc3c(c(-c4ccc(C(C)(C)C)s4)c2)OCC3=O)c1	0.022139
rxn:5:181067:229029:225873	COc1ccc(-c2ccc(F)c(C)c2)c(-c2cccc(N3CCOCC3=O)c2)c1	0.022029
rxn:5:195525:227054:223435	CCc1cc(-c2ccc(C(=O)OC)[nH]2)ncc1-c1ccc(C2CC2)c(OC)c1	0.022016
rxn:5:198408:228761:229243	COc1cc(-c2nc3cc(-c4cn(C)nc4C)ccc3s2)cnc1C	0.021999
rxn:5:196082:228443:229309	CSc1c(F)ccc(-c2ccc(-c3cnc(C)o3)nc2C(C)C)c1F	0.021934
rxn:5:181413:229094:228013	COc1c(C)cc(-c2ccc(F)c(C3CC3)c2)cc1-c1cnc(C)nc1C	0.021912
rxn:5:176993:229302:228644	CCCC(=O)c1ccc(-c2cc(C)c(F)c(C)c2)c(-c2ccnnc2)c1	0.021839
rxn:5:198683:227891:228387	COc1cc(=O)n(C)cc1-c1nc2c(cc1-c1ccccc1CN(C)C)CCC2=O	0.021800
rxn:5:198423:228502:223453	Cn1cc(C(F)(F)F)c(-c2cccc3oc(-c4cccnc4)nc23)n1	0.021747
rxn:5:181621:226980:229292	Cc1occc1-c1cc(-c2cccc3c2C(=O)CCC3)cc(C2OCCO2)c1	0.021731
rxn:5:196916:229229:229267	Cc1nc(-c2ccc(N3CCCCC3=O)c(-c3cscc3C#N)c2)sc1C	0.021724
rxn:5:195524:223259:227956	CCc1cc(-c2cnc(NC(C)=O)cc2C)cnc1-c1cc(C)nc(C(C)C)c1	0.021706
rxn:5:198633:223467:228358	c1cnc2c(-c3ncc[nH]3)ccc(-c3cnn(-c4ccoc4)c3)c2c1	0.021679
rxn:5:195800:229271:228447	COc1cc(-c2ccnc(-c3cccc(C(F)F)c3F)c2C2CC2)sn1	0.021596
rxn:5:181066:227424:229337	COc1cc(-c2ccc(-c3ccsc3)nc2)ccc1-c1cnco1	0.021594
rxn:5:182947:228868:229177	COC(=O)c1ccc(-c2cc3c(c(-c4c(F)cncc4F)c2)OCCC3=O)s1	0.021591
rxn:5:198558:228689:228606	CCOc1ccncc1-c1ccc2c(c1)S(=O)(=O)N=C2c1cc(CC)ccc1F	0.021574
rxn:5:178120:223460:228190	Cc1nc(-c2cccc(OCC3CCOCC3)c2-c2cnc(N(C)C)cc2C)c[nH]1	0.021559
rxn:5:195799:228400:222415	COc1c(-c2c(C3CC3)ccnc2-c2ccc(F)c(S(N)(=O)=O)c2)ccc(F)c1F	0.021557
rxn:5:182814:229310:228878	Cc1nc(-c2ccc3ccccc3c2-c2cnn(C3COC3)c2)cs1	0.021555
rxn:5:198233:223401:226138	CNc1cc(-c2cc(C)cnc2-c2c(C)cc(C#N)cc2C2CC2)ccc1C	0.021538
rxn:5:181411:229263:228245	CC(=O)c1ccc(-c2ccc(C3CC3)c(-c3cnccc3F)c2)cc1F	0.021516
rxn:5:196618:223441:229084	CNc1ccccc1-c1ccc(-c2scnc2C(C)C)c(N2CCCC2=O)c1	0.021446
rxn:5:197572:223340:228732	CC(=O)N1CCc2cc(-c3ccc4c(c3)NCCO4)cc(-c3cccc(C#N)c3F)c21	0.021253
rxn:5:191335:223354:227306	CNC(=O)c1ccc(-c2ccc(-c3ccc(OC(C)C)nc3C)c(CC#N)c2)cc1	0.021239
rxn:5:198123:227901:223004	CC(C)Cc1ccc(-c2cccc(-c3ccc(C4CCNCC4)c(F)c3)n2)cn1	0.021233
rxn:5:181079:229248:227025	CCc1ncc(C2CC2)cc1-c1ccc(-c2c(C)cnn2C)cc1SC	0.021204
rxn:5:181276:227868:228572	CCc1cc(-c2ccc3c(c2)OCCC3)ccc1-c1ccc(C)c(C#N)c1	0.021140
rxn:5:197650:228701:223467	c1cc(-c2cnc(C3CC3)nc2)c2nc(C3CC3)cc(-c3ncc[nH]3)c2c1	0.021115
rxn:5:198128:228411:227050	COc1ccc(-c2ccncc2-c2ccc(OC(C)C)c(C)c2)c(F)c1F	0.021098
rxn:5:194949:223447:225815	Cc1cc(-c2c(C#N)cccc2-c2ccc(C3CC3)cc2C(F)(F)F)cc(=O)[nH]1	0.021093
rxn:5:179191:227033:229208	CC(=O)Cc1cc(-c2ccc(C3CC3)c(C#N)c2)ccc1-c1cncc(C)c1	0.021073
rxn:5:198243:228770:223236	COc1c(C)cncc1-c1ccnc(-c2cccc(-c3ncc[nH]3)c2)c1C	0.021072
rxn:5:194948:222988:222420	Cc1cc(-c2ccc(C#N)cc2-c2ccccc2S(N)(=O)=O)cc(C2CCNCC2)n1	0.021070
rxn:5:181421:229073:228698	CCC(=O)c1ccc(-c2cc(C)c(-c3ccncc3OC)c(OC)c2)s1	0.021066
rxn:5:177276:229163:228710	COc1cc(-c2ccc(-c3cnc(C(C)C)nc3)cc2OCC(C)C)cnn1	0.021066
rxn:5:179197:228154:229230	COc1cccc(OC)c1-c1ccc(OC2CC2)c(-c2cc(C#N)cs2)c1	0.021040
rxn:5:195652:228079:228733	COc1cc(C)ncc1-c1ccc(S(C)(=O)=O)c(-c2cccc3c2COC3=O)n1	0.021020
rxn:5:199063:229312:228864	CCOc1ncc(-c2c(-c3conc3C)cc3cccnc3c2C)cn1	0.021015
rxn:5:182580:228137:223143	CCOc1ncc(-c2ccc(C)c(-c3cccc(N4CCC(O)C4)c3)c2C)cc1C	0.020937
rxn:5:196169:229271:223145	COc1cc(-c2cc(C)c(-c3ccc(C4CCC(=O)N4)cc3)cc2S(N)(=O)=O)sn1	0.020927
rxn:5:195439:223212:223457	COc1ccc2c(-c3nc(C(C)=O)ccc3-c3cc(C)n[nH]3)c[nH]c2c1	0.020924
rxn:5:182578:227680:223241	Cc1c(-c2cncc(C3CCNC3)c2)ccc(-c2cccc3c2OC(F)(F)O3)c1C	0.020919
rxn:5:195429:229288:225587	CC(=O)c1ncc(-c2ccc(C)s2)cc1-c1cccc(CN2CCOCC2)c1	0.020856
rxn:5:182821:228170:229346	CCOc1ccc(F)cc1-c1cccc2ccc(-c3cnon3)cc12	0.020845
rxn:5:178977:229271:227340	CCOc1ccc(-c2cc(OC)ns2)c(-c2ccc(C)c(C(=O)OC)c2)c1	0.020816
rxn:5:179554:223441:228322	CCOc1ncc(-c2cc(-c3ccccc3NC)cc(OC)c2CC)cc1F	0.020792
rxn:5:195315:223213:229002	COc1ccc(-c2cc(OC)c(-c3c(C)ccc4[nH]nc(C)c34)cn2)cc1	0.020792
rxn:5:181063:228137:228105	CCOc1ncc(-c2cc(OC)ccc2-c2ccnc(N(C)CC)c2)cc1C	0.020746
rxn:5:195300:228102:227933	CCc1ccc(OC)cc1-c1cnc(-c2cncnc2CC(C)C)cc1OC	0.020745
rxn:5:179410:228789:228885	COC(=O)c1c(-c2cnc(C#N)c(F)c2)ccc(C)c1-c1ccc(F)cc1OC	0.020744
rxn:5:195923:228775:223455	COc1ccc(-c2cc(-c3cnccn3)c(-c3ccco3)cn2)cc1F	0.020740
rxn:5:198916:223457:228200	Cc1cc(-c2ccc(-c3ccnn3C3CCCC3)c3c(C)c[nH]c23)[nH]n1	0.020730
rxn:5:198230:227970:223402	Cc1cc(-c2ccc3[nH]ncc3c2)ncc1-c1ccncc1C(C)(C)C	0.020697
rxn:5:198238:226413:222982	Cc1cnc(-c2cccc(N3CCOCC3)c2)cc1-c1ccc(CN2CC[C@@H](O)C2)cc1	0.020657
rxn:5:178981:228145:223352	COCc1ccc(-c2cc(OC)ccc2C#N)cc1-c1ccc(NC(C)C)nc1	0.020643
rxn:5:196668:229290:228327	COc1cc(-c2cc(-c3ccsc3C)ncc2C2CCCC2)cnc1OC	0.020605
rxn:5:198405:227303:229312	Cc1nocc1-c1nccc2occ(-c3cccc(CN(C)C)c3F)c12	0.020584
rxn:5:182848:227059:229314	COc1ccc(-c2ccc3c(c2-c2scnc2C)C(=O)CC3)cc1C(C)C	0.020582
rxn:5:189448:228108:229245	CCc1ncc(C#N)cc1-c1ccc(C(=O)N2CC(OC)C2)cc1-c1cc(C)nn1C	0.020580
rxn:5:188521:228454:228721	CCCOc1ncc(-c2ccnn2C(C)(C)C)cc1-c1cc(OC)nnc1OC	0.020565
rxn:5:195462:227544:228739	COC(=O)c1ccc(F)cc1-c1ccc(C#N)c(C)c1-c1cc(OC)ncc1C	0.020563
rxn:5:195674:228345:228555	COCc1ccccc1-c1ccc(-c2cc(C)sc2C(=O)OC)cc1S(N)(=O)=O	0.020550
rxn:5:193332:228580:229217	Fc1ccc(-c2ccc(CN3CCOCC3)c(-c3cccnc3C3CC3)c2)cc1	0.020544
rxn:5:178845:228269:228977	COC(=O)c1cccc(-c2ccc3c(c2)CC3)c1-c1cc(OC)c(C)cc1F	0.020537
rxn:5:181577:227290:229018	Cc1ccnc(C)c1-c1cc(C(C)C)ccc1-c1cccc(C(=O)N(C)C)c1	0.020526
rxn:5:181540:229345:227406	c1cc(-c2ccc(-c3ccnc(-c4ccoc4)c3)cc2C2COC2)on1	0.020506
rxn:5:198086:227428:223259	CC(=O)Nc1cc(C)c(-c2ncsc2-c2cncc(-c3ccco3)c2)cn1	0.020501
rxn:5:181063:228252:228839	COc1ccc(-c2cc(F)cc(C)c2F)c(-c2c(OC)ccc(C)c2F)c1	0.020488
rxn:5:191334:222413:223281	Cc1cc(S(N)(=O)=O)ccc1-c1cc(-c2ccc(C3(O)COC3)nc2)ccc1CC#N	0.020465
rxn:5:191333:228111:227022	N#CCc1ccc(-c2ccc(C#N)c(C#N)c2)cc1-c1ccc(CN2CCC2)cc1	0.020462
rxn:5:179839:229241:228239	COc1nc(C)c(-c2cc(C(C)=O)c(OC)c(-c3cnn(C)c3C)c2C)cc1C	0.020438
rxn:5:178845:223400:227967	CNCc1cccc(-c2c(C(=O)OC)cccc2-c2cccnc2C2CCC2)c1	0.020432
rxn:5:195467:228516:229031	CCc1cc(C)cc(-c2c(C)cc(C#N)cc2-c2ccc(C)cc2F)c1	0.020420
rxn:5:181410:228395:223340	COc1cc(F)c(F)cc1-c1cc(C2CC2)ccc1-c1ccc2c(c1)NCCO2	0.020367
rxn:5:181420:228102:228981	CCc1cccc(-c2c(OC)cc(C)cc2-c2cncnc2CC(C)C)c1	0.020360
rxn:5:198234:225620:228568	Cc1ccnc(-c2cccc(N(C)C)c2)c1-c1ccc(OC2CCOCC2)cc1	0.020353
rxn:5:179548:229066:229234	CCOc1c(-c2cncnc2CC)ccc(C)c1-c1ccc(SC)s1	0.020352
rxn:5:191517:229051:227835	CCCn1cc(-c2nccc(C(=O)OC)c2-c2ccc(C)c(C3CC3)c2)cn1	0.020334
rxn:5:198122:227071:227371	COCc1cc(C)c(-c2ccc(-c3ccc(C)c(OC)c3OC)cn2)c(C)c1	0.020296
rxn:5:198422:227709:229300	Cn1cncc1-c1nc2cccc(-c3cccc(OC(F)(F)F)c3)c2o1	0.020290
rxn:5:191506:228753:227387	COC(=O)c1ccc(-c2ccnc(N3CCCC3)c2)c(-c2cccc(F)c2C#N)n1	0.020285
rxn:5:199281:229008:229080	CN1C(=O)CCc2cc(-c3ccc(CF)cc3)c(-c3cnc(C4CC4)s3)cc21	0.020277
rxn:5:195963:228680:223454	CCCn1nc(C)cc1-c1cc(-c2nccs2)ccc1-c1ccc[nH]c1=O	0.020249
rxn:5:192234:228681:228508	COc1c(-c2cccc(C(C)C)c2)cc(-c2ccnn2CC2CC2)cc1S(N)(=O)=O	0.020249
rxn:5:181069:223214:222982	COc1c(-c2ccc(CN3CC[C@@H](O)C3)cc2)cccc1-c1ccc2c(c1)CCNC2=O	0.020234
rxn:5:195793:228319:223186	COc1nccc(-c2cnc(-c3cnn(C4CCCCO4)c3)c(OC)c2C)c1OC	0.020219
rxn:5:178991:229025:223373	COCc1cc(-c2cc(C)n(C)c2C)cc(-c2c(F)ccc3[nH]ncc23)c1	0.020207
rxn:5:198758:229332:228202	CN(C)c1cc(-c2ccc3cncc(-c4ccoc4)c3c2)ccc1F	0.020205
rxn:5:191339:228047:229067	CCc1ncc(-c2ccc(-c3ccc(C)n4ccnc34)c(CC#N)c2)cn1	0.020200
rxn:5:182948:228337:228865	CCOc1cnc(-c2cc3c(c(-c4cnc(OCC)cc4F)c2)OCCC3=O)cn1	0.020194
rxn:5:195318:228305:222996	COc1cc(-c2cnc(OC(C)C)cn2)cc(-c2ccc(F)cc2C2CCCNC2)n1	0.020187
rxn:5:195362:228078:226664	COc1ncc(-c2cc(N3CCCC3)ncc2F)cc1-c1ccc2c(c1)COC2=O	0.020186
rxn:5:198526:223466:223142	c1cc2ccc(-c3ccc(C4CCCNC4)nc3)c(-c3cn[nH]c3)c2[nH]1	0.020181
rxn:5:198129:228808:227426	CSc1cc(F)cc(-c2nc(-c3ccc(C4CCCO4)nc3)sc2C)c1	0.020136
rxn:5:198247:228126:228024	COc1ccc(-c2cc(C)ncc2-c2cccc3cnn(C)c23)c(C#N)c1	0.020134
rxn:5:181428:226783:229066	CCc1ncncc1-c1c(OC)ccc(-c2c(OC)cc(F)c(F)c2OC)c1C	0.020131
rxn:5:191980:228641:228319	CCCc1ccnc(-c2ccnc(OC)c2OC)c1-c1cc(C)c(C)cc1F	0.020122
rxn:5:195461:227513:228335	COc1ccnc(OC)c1-c1cc(C#N)cc(-c2cc(C)c(OC)nc2OC)c1C	0.020100
rxn:5:182894:227280:223264	CNC(=O)c1cc(-c2cc3c(cc2-c2cc(C#N)ncc2C(C)C)CCC3)ccc1F	0.020094
rxn:5:183063:228933:228318	COC(=O)c1ccncc1-c1ccc2c(c1-c1cnc(OC)cc1F)CCCC2=O	0.020085
rxn:5:195913:228991:223461	CCCc1sccc1-c1cc(-c2ccc(-c3cn[nH]c3C)cc2)no1	0.020042
rxn:5:195435:227290:228126	COc1ccc(-c2cc(C(C)=O)nc(-c3cccc(C(=O)N(C)C)c3)c2)c(C#N)c1	0.020019
rxn:5:198245:226743:228987	CCc1cc(-c2c(-c3cc(C)cc(C)c3)ccnc2C)cc(C(F)(F)F)n1	0.019973
rxn:5:192338:229244:228858	Cc1nccc(-c2ccc(C(C)(C)C#N)c(-c3ccc4nonc4c3)c2)n1	0.019965
rxn:5:188374:228692:228653	COC(=O)Cc1cc(-c2cnn3c2CCCC3)ncc1-c1ccc(CN(C)C)s1	0.019961
rxn:5:194942:223105:228155	CNS(=O)(=O)c1cc(-c2cc(C#N)ccc2-c2ccc(OC)c(OC)c2)c(F)cc1C	0.019955
rxn:5:198088:228500:227152	Cc1nn(C)c2cccc(-c3csc(-c4cnc(C(F)(F)F)nc4)n3)c12	0.019935
rxn:5:195795:229200:227830	Cc1cccc(-c2cnc(-c3ccc(C4(C)CC4)cc3)cc2C2CC2)c1	0.019928
rxn:5:198414:223451:228765	CCc1cc(F)c(-c2nccc3scc(-c4ccccc4)c23)cn1	0.019925
rxn:5:194948:228571:226431	CN(C)c1ccc(-c2ccc(C#N)cc2-c2ccc(N3CCCC3)c(F)c2)cc1	0.019904
rxn:5:192334:229217:227988	CN(C)C(=O)c1cccc(-c2ccc(F)cc2)c1-c1cccc(C2CC2)c1F	0.019860
rxn:5:195675:228320:228341	COC(=O)c1cc(-c2cc(S(N)(=O)=O)ccc2-c2ccc(OC(F)F)cc2)ccn1	0.019850
rxn:5:182851:223438:227087	Cc1cnc(C(C)(C)C)c(-c2cc3c(c(-c4cn[nH]c4C(F)(F)F)c2)OCCO3)c1	0.019842
rxn:5:196793:228685:229080	COCc1cncc(-c2ccc(N3CCOCC3=O)cc2-c2cnc(C3CC3)s2)c1	0.019836
rxn:5:182948:223240:227948	Cc1ncc(C2CC2)cc1-c1cc2c(c(-c3ccc(C4CCNC4)nc3)c1)OCCC2=O	0.019829
rxn:5:199168:227285:229081	CN(C)c1ccc(-c2ncc(-c3cc(C#N)cnc3C3CC3)c3c2CCCC3)s1	0.019818
rxn:5:195791:229344:227866	Cc1ccc2sc(-c3cc(C4CC4)ncc3-c3cocn3)cc2c1	0.019810
rxn:5:193468:228818:228878	Cc1cc(-c2cccc(-c3cnn(C4COC4)c3)c2C(=O)N2CCC[C@@H]2C)cn(C)c1=O	0.019798
rxn:5:198122:227732:228112	COc1ccc(C#N)cc1-c1ccc(-c2cn(-c3cncs3)nc2C)nc1	0.019795
rxn:5:193151:229299:223217	Cn1ccc(-c2c(CN3CCCC3)cccc2-c2ccc3c(=O)[nH]ccc3c2)n1	0.019791
rxn:5:198225:227707:228502	Cc1cc(-c2ccccc2OC(F)(F)F)cnc1-c1nn(C)cc1C(F)(F)F	0.019782
rxn:5:188071:227033:228715	Cc1nc(C#N)ccc1-c1cc(OCC#N)cc(-c2ccc(C3CC3)c(C#N)c2)c1	0.019772
rxn:5:181622:227452:229051	CCCn1cc(-c2ccc(C3OCCO3)cc2-c2cccc(C3OCCO3)c2)cn1	0.019767
rxn:5:183066:229258:227037	N#Cc1ccc(C2CC2)c(-c2c(-c3cncc(F)c3)ccc3c2CCCC3=O)c1	0.019765
rxn:5:178616:227962:228825	COC(=O)c1cc(-c2cc(C)nc(C3CC3)c2)c(-c2cc(F)c(C)cc2F)o1	0.019751
rxn:5:177177:228318:229018	COC(=O)Cc1cc(C)c(-c2cnccc2C(=O)OC)cc1-c1c(C)ccnc1C	0.019737
rxn:5:195322:223323:222418	COc1nccc(-c2ccc(S(N)(=O)=O)cc2)c1-c1cc2[nH]ncc2cc1C	0.019709
rxn:5:178982:227637:229243	COCc1ccc(-c2cn(C)nc2C)cc1-c1cn(-c2ccoc2)nc1C	0.019673
rxn:5:192494:228403:223267	CNC(=O)c1ccc(-c2c(CN(C)C)cccc2-c2ccc(F)c(OC)c2F)cc1F	0.019655
rxn:5:196081:228099:229072	CCN(C)c1cncc(-c2cnc(-c3cncc(SC)c3)c(C(C)C)c2)c1	0.019604
rxn:5:189909:228918:229316	Cc1csc(-c2ccc(-c3cnccc3C(F)F)c(CCN3CCOCC3)c2)n1	0.019599
rxn:5:192335:228689:227943	CCOc1ccncc1-c1ccc(C(=O)N(C)C)c(-c2cc(C)ccc2N(C)C)c1	0.019594
rxn:5:182891:223135:222413	Cc1cc(S(N)(=O)=O)ccc1C1CCc2c(-c3cccnc3C3CCCNC3)cccc21	0.019567
rxn:5:182580:228595:227984	CCc1ncc(C)cc1-c1ccc(C)c(-c2ccc(OC)c(C)c2C)c1C	0.019564
rxn:5:181426:227893:229069	COc1ncccc1-c1ccc(C)c(-c2cccc(CN(C)C)c2)c1SC	0.019546
rxn:5:179193:228658:223384	CNC(=O)c1ccc(-c2cc(OC)c(OC)cc2-c2cn3ccccc3n2)cn1	0.019541
rxn:5:198670:229266:229137	Cc1nc(C)c(-c2cncc3c(-c4c(F)cccc4F)cccc23)o1	0.019533
rxn:5:195528:228133:227125	CCc1cnc(-c2ccc(F)c(CC#N)c2)cc1-c1ccccc1C1CCOC1	0.019518
rxn:5:182838:229131:223419	O=C1CCc2cc(-c3ccc(F)cc3F)c(-c3cc4ccncc4[nH]3)cc21	0.019515
rxn:5:198523:228073:229299	Cn1ccc(-c2c(-c3c(F)ccc4ccoc34)ccc3[nH]ccc23)n1	0.019513
rxn:5:192488:223447:228526	Cc1cc(-c2cc(-c3cccc4ccsc34)ccc2CN(C)C)cc(=O)[nH]1	0.019501
rxn:5:191515:223394:228718	COC(=O)c1cc(-c2cc(C#N)cnc2C)c(-c2cccc3cc[nH]c23)cn1	0.019487
rxn:5:199272:223466:228161	CCOc1ccc(-c2cc(C)nc3c(-c4cn[nH]c4)cc(C)cc23)c(F)c1	0.019481
rxn:5:195800:223288:227835	CNS(=O)(=O)c1cccc(-c2ccnc(-c3ccc(C)c(C4CC4)c3)c2C2CC2)c1	0.019468
rxn:5:198250:226920:223200	Cc1cc(-c2ccc(C3CCNC3)cc2)cc(-c2cc(C(C)(C)C)ccc2C)n1	0.019464
rxn:5:198247:226645:226323	Cc1cc(-c2ccnc(N3CCOCC3)c2)c(-c2ccc(OC3CCCC3)nc2)cn1	0.019428
rxn:5:195815:228921:227529	COC(=O)c1ccc(-c2cnc(OC)c(-c3ccc(C(F)F)nc3)c2C)c(F)c1	0.019409
rxn:5:179981:228992:223284	Cc1cc(-c2cccc(C#N)c2)c(-c2ccc(NS(C)(=O)=O)cc2)cc1OC(C)C	0.019406
rxn:5:181073:228710:226649	CSc1ccc(-c2cnc(C(C)C)nc2)cc1-c1cccnc1N1CCOCC1	0.019400
rxn:5:196171:229125:227761	Cc1cc(-c2ccc(F)cc2C(F)(F)F)c(S(N)(=O)=O)c(-c2cncc(C)c2F)c1	0.019399
rxn:5:182442:228897:227639	COc1ncc(F)cc1-c1ccc(-c2cn(-c3cccs3)nc2C)cc1	0.019382
rxn:5:193681:229002:223397	COc1ccc(-c2ccc(-c3ccc4c(c3)CCN4)c(OC3CCN(C)CC3)c2)cc1	0.019362
rxn:5:182574:223367:222419	Cc1cc(-c2cccc(S(N)(=O)=O)c2)c(-c2cnc3[nH]ccc3c2F)cc1C	0.019356
rxn:5:181430:228406:229069	COc1ccc(F)c(-c2ccc(SC)c(C)c2-c2cccnc2OC)c1F	0.019351
rxn:5:198912:228591:223452	Cc1cc2c(-c3c(C)n[nH]c3C)cc(-c3ccncc3C(C)C)cc2[nH]1	0.019345
rxn:5:182432:229012:227750	CC(C)c1ccsc1-c1ccoc1-c1cccc(F)c1C(F)(F)F	0.019315
rxn:5:198123:227918:227030	N#Cc1ccc(-c2cccc(-c3ccc(SC4CC4)cc3)n2)c(C2CC2)c1	0.019306
rxn:5:188255:226611:229345	CCc1ccc(C(F)(F)F)cc1-c1cc(C#N)c(-c2ccno2)cc1C(=O)OC	0.019290
rxn:5:198239:228118:226149	COc1ccc(-c2ccc(C)nc2-c2cccc(OC)c2C#N)cc1C(C)(C)C	0.019281
rxn:5:195300:227120:228595	CCc1ncc(C)cc1-c1cnc(-c2ccc(C3CCC3)cc2F)cc1OC	0.019279
rxn:5:181577:228231:228755	COc1cncc(-c2cc(C(C)C)ccc2-c2ccc(N(C)C)cc2F)c1C	0.019264
rxn:5:192072:228584:228839	COC(=O)c1cc(-c2ccnc(C3CC3)c2)c(-c2cc(F)cc(C)c2F)nc1C	0.019257
rxn:5:188380:225620:229296	CCOC(=O)c1ccc(-c2ccc(OC3CCOCC3)cc2)c(-c2cnn(C)c2)n1	0.019246
rxn:5:182846:226211:228981	CCc1cccc(-c2cc(-c3ccc4c(c3)CCN4C(C)=O)cc3c2C(=O)CC3)c1	0.019235
rxn:5:198244:228528:228727	COc1ncc(C)cc1-c1c(C)cncc1-c1csc2ccccc12	0.019224
rxn:5:195901:229309:222415	Cc1ncc(-c2ccc(-c3csc(-c4ccc(F)c(S(N)(=O)=O)c4)n3)cc2)o1	0.019206
rxn:5:194949:225656:228682	CCCc1ncncc1-c1cccc(C#N)c1-c1cncc(N2CCCCC2C)c1	0.019196
rxn:5:181320:229061:227547	Cc1cc(-c2ccc(-c3cnn(C(C)C)c3)cc2S(C)(=O)=O)ccc1OC(F)F	0.019169
rxn:5:188957:229296:227843	CC(C)COc1cc(-c2cncc3ccccc23)ncc1-c1cnn(C)c1	0.019161
rxn:5:198753:229200:228933	COc1cc(F)c(-c2c(-c3cccc(C)c3)ccc3cnccc23)cn1	0.019140
rxn:5:182636:228985:229060	Cc1ccc(-c2ccc(-c3ccc(C#N)nc3)c3ccoc23)c(C)c1	0.019139
rxn:5:183063:226836:229244	Cc1nccc(-c2ccc3c(c2-c2cn(C(C)C)nc2C(F)(F)F)CCCC3=O)n1	0.019102
rxn:5:192493:228896:223010	COc1ncc(-c2ccc(-c3ccc(C4(O)CCOCC4)cc3)c(CN(C)C)c2)cc1F	0.019094
rxn:5:198559:226643:228744	N#Cc1cc(C2=NS(=O)(=O)c3ccc(-c4ccc(N5CCOCC5)nc4)cc32)ccc1F	0.019092
rxn:5:181577:228326:229072	COc1cc(-c2ccc(C(C)C)cc2-c2cncc(SC)c2)cc(OC)n1	0.019086
rxn:5:195528:225616:228585	CCc1cnc(-c2ccccc2C(=O)N2CCCC2)cc1-c1cnccc1C1CC1	0.019070
rxn:5:182845:227282:228587	Cc1cc(C#N)cc(-c2ccc(-c3cc(C#N)cnc3C(C)C)c3c2C(=O)CC3)c1	0.019065
rxn:5:195317:227862:222419	COc1ccc(-c2cc3cccc(C)c3s2)c(-c2cccc(S(N)(=O)=O)c2)n1	0.019042
rxn:5:195675:227574:228122	CCOc1nc(C)ccc1-c1ccc(S(N)(=O)=O)cc1-c1ccc(F)c(OC)c1OC	0.019041
rxn:5:195028:228146:228812	CCc1cncc(-c2sc(-c3c(F)cccc3SC)nc2CC)c1OC	0.019039
rxn:5:182815:229061:223451	CC(C)n1cc(-c2ccc3cccc(-c4ccccc4)c3c2)cn1	0.019031
rxn:5:179536:227984:229287	COc1ccc(-c2ccc(OC(C)C)c(-c3sccc3C)c2)c(C)c1C	0.019000
rxn:5:181581:225936:229341	CC(C)c1cc(-c2ccon2)cc(-c2cc(C(F)(F)F)cnc2C(C)C)c1	0.018957
rxn:5:178986:228723:228656	CCOc1cc(-c2ccc(C#N)c(F)c2)cc(-c2cccn3ccnc23)c1	0.018956
rxn:5:181535:228052:229071	COc1cc(-c2cc(C3COC3)ccc2-c2ccc3nnccc3c2)ccn1	0.018955
rxn:5:178988:228104:227361	COCc1ccc(-c2cc(OC)c(C)cc2OC)c(-c2c(C#N)cccc2C#N)c1	0.018927
rxn:5:182432:227427:228132	N#CCc1cccc(-c2occc2-c2cccnc2-c2ccoc2)c1F	0.018925
rxn:5:182710:228752:228184	COc1ccc(-c2cc(-c3cc(F)ccc3C#N)cc3c2OCC3=O)cc1SC	0.018922
rxn:5:194399:223146:229218	O=C(c1ccc(-c2cccc(C3CNCCO3)c2)c(-c2cccc(F)c2)c1)N1CC2CC2C1	0.018914
rxn:5:191699:228680:227740	CCCn1nc(C)cc1-c1cc(-c2cc(C)nc(C(F)(F)F)c2)cnc1OCC	0.018900
rxn:5:189676:228195:229055	Cc1nn(C(C)(C)C)cc1-c1cc(CC(=O)N2CCCC2)ccc1-c1cncc(C#N)c1	0.018880
rxn:5:198437:229147:228630	CCc1cc(F)cc(-c2ccnc3c(-c4ccn(COC)n4)csc23)c1	0.018874
rxn:5:183066:228683:228646	CCCc1ncc(-c2ccc3c(c2-c2cc(C)c(C)c(F)c2)CCCC3=O)cn1	0.018872
rxn:5:195794:227934:229204	CCOc1ccc(C)c(-c2cc(-c3ccsc3CC)c(C3CC3)cn2)c1	0.018867
rxn:5:191912:227503:228735	COc1cncc(C)c1-c1cnc(OC)c(OC)c1-c1cc(OC(C)C)ncc1F	0.018858
rxn:5:182948:227321:228738	COc1cc(-c2cc3c(c(-c4cncc(C5CC5)c4OC)c2)OCCC3=O)cc(C)n1	0.018848
rxn:5:198251:229212:225642	Cc1cc(-c2cnccn2)cc(-c2nc(-c3cnccc3C)ccc2C)c1	0.018846
rxn:5:182582:223113:228403	COc1c(F)ccc(-c2cc(C)cc(-c3ccc4c(c3)C(C)(C)C(=O)N4)c2C)c1F	0.018838
rxn:5:198140:227187:225447	CN1Cc2c(cccc2-c2cncc(-c3ccc(OC4CCCCC4)cc3)c2)C1=O	0.018833
rxn:5:194944:228062:226914	Cc1cc(CC(C)C)ccc1-c1cc(C#N)cc(-c2cncc3c2CCCO3)c1	0.018827
rxn:5:182841:228342:223133	O=C1CCc2cc(-c3ccccc3N3CCNCC3)c(-c3cccc(OC(F)F)c3)cc21	0.018824
rxn:5:195319:228430:228589	COc1ccnc(-c2ccc(C(C)C)nc2)c1-c1c(F)cc(SC)cc1F	0.018823
rxn:5:195327:228713:227304	CSc1cnc(-c2ccn(C(C)(C)C)n2)c(-c2cnc(OC(C)C)cc2C)c1	0.018822
rxn:5:195792:226968:228571	CN(C)c1ccc(-c2c(-c3ccc4c(c3)OC(C)(C)C4)cncc2C2CC2)cc1	0.018812
rxn:5:198240:226939:229216	Cc1ccnc(-c2ccc3ccnc(C)c3c2)c1-c1ccccc1F	0.018806
rxn:5:176753:229212:222992	CCCOc1ccc(-c2ccc(N3CCCCC3O)cc2)cc1-c1cnccc1C	0.018803
rxn:5:182581:225987:228319	COc1nccc(-c2ccc(C)c(-c3ccc(N4CCCS4(=O)=O)cc3)c2C)c1OC	0.018800
rxn:5:196098:227033:223286	CN(C)c1cc(-c2cccc(NS(C)(=O)=O)c2)cc(-c2ccc(C3CC3)c(C#N)c2)c1	0.018762
rxn:5:182949:223411:228979	CCc1ccccc1-c1c(-c2cc3cccnc3[nH]2)ccc2c1OCCC2=O	0.018746
rxn:5:191554:228506:228204	CCCc1ccccc1-c1cnc(C(=O)OC)c(-c2cc(C)cc(C#N)c2F)c1	0.018742
rxn:5:192491:229140:227965	Cc1ccnc(C(C)C)c1-c1cc(CN(C)C)cc(-c2cccc(F)c2F)c1	0.018742
rxn:5:177274:228454:228749	COc1cc(-c2ccc(COC(C)C)c(-c3cc(C#N)ccc3F)c2)c(OC)nn1	0.018726
rxn:5:196243:223318:229057	Cc1cc2c(-c3ccnc(-c4cnn(C5CC5)c4)c3C3CCC3)ccnc2[nH]1	0.018710
rxn:5:178977:227852:229059	CCOc1ccc(-c2ccc3cccnc3c2)c(-c2cnccc2C#N)c1	0.018694
rxn:5:195929:228554:229285	CCOc1ccccc1-c1ccc(-c2cccc(-c3cccn3C)n2)o1	0.018680
rxn:5:178979:227341:229070	CCOc1ccc(-c2ccc(OC)nc2)c(-c2cccc(OC(C)C)c2F)c1	0.018660
rxn:5:188120:226898:229263	Cc1nn(S(=O)(=O)N(C)C)cc1-c1cc(C(=O)CC#N)cc(-c2cnccc2F)c1	0.018660
rxn:5:177278:229334:228668	CC(C)COc1cccc(-c2cnoc2)c1-c1cc2cccnc2s1	0.018651
rxn:5:196619:228530:227185	CN1CCOc2ccc(-c3cc(N4CCCC4=O)ccc3-c3ccc4c(c3)OCC4)cc21	0.018650
rxn:5:181550:227665:229285	CC(=O)c1cc(C)c(-c2cccn2C)c(-c2ccc(C(F)(F)F)c(C)c2)c1	0.018619
rxn:5:176759:229216:228279	CCc1cc(F)c(-c2ccc(-c3ccccc3F)c(CCOC)c2)c(F)c1	0.018618
rxn:5:193225:229031:228127	COc1cccc(C#N)c1-c1ccc(-c2ccc(C)cc2F)cc1C(=O)N1CCOCC1	0.018605
rxn:5:198683:228198:226586	Cc1nc(C(C)C)ncc1-c1cc2c(nc1-c1ccnc(OC3CCOC3)c1)C(=O)CC2	0.018603
rxn:5:176861:223131:229220	COC(=O)c1ccc(-c2cc(C)sc2C)c(-c2ccc(N3CCNCC3)cc2)c1OC	0.018597
rxn:5:191683:228601:227437	CCOc1ccc(-c2ccnc(C3CCCO3)c2)nc1-c1ccccc1C(C)=O	0.018583
rxn:5:198227:226882:222409	COc1ccc(-c2ccc(-c3ccc(C(F)(F)F)c(F)c3F)c(C)n2)cc1S(N)(=O)=O	0.018583
rxn:5:198659:228770:229026	COc1c(C)cncc1-c1cc2ccccc2nc1-c1cc(C)ncc1C	0.018544
rxn:5:199096:223140:229286	Cc1cc(-c2ccnc(C3CCCNC3)c2)nc2ccc(-c3ccn(C)c3)cc12	0.018530
rxn:5:195312:223321:223415	COc1cncc(-c2ccc(C)c3[nH]ncc23)c1-c1cccc2[nH]cnc12	0.018511
rxn:5:191495:227150:223443	CNc1ccc(-c2ncc(-c3cc(C)c4c(cnn4C)c3)cc2C(=O)OC)cn1	0.018484
rxn:5:198558:228044:229273	COc1ncsc1C1=NS(=O)(=O)c2cc(-c3cc(C)cn4ccnc34)ccc21	0.018471
rxn:5:191501:228611:227772	COC(=O)c1ccc(-c2cncc(OC(F)(F)F)c2)nc1-c1cc(OC)ccc1C	0.018465
rxn:5:195679:225632:223312	CN1CCN(c2cccc(-c3cc(-c4ccc(C5CNC5)cc4)cc(S(N)(=O)=O)c3)c2)CC1	0.018462
rxn:5:180602:229246:227039	COC(=O)C1Cc2cc(-c3ccc(OC(C)(C)C)cc3)cc(-c3cnc(C)n3C)c2O1	0.018448
rxn:5:198250:222988:223407	Cc1cc(-c2cnc3cc[nH]c3c2)cc(-c2cc(C)nc(C3CCNCC3)c2)n1	0.018438
rxn:5:194949:228598:227664	COc1ccc(C)cc1-c1c(C#N)cccc1-c1cc(C)cc(C(F)(F)F)c1	0.018436
rxn:5:192492:229090:228649	CC(=O)c1cc(-c2ccc(CN(C)C)cc2-c2c(C)cc(C)cc2F)cs1	0.018429
rxn:5:199278:226946:228527	CN1CCc2cc(-c3cc4c(c(-c5cccc6c5OCC6)c3)N(C)C(=O)CC4)ccc2C1	0.018421
rxn:5:179983:229198:229273	COc1ncsc1-c1ccc(-c2cnc(F)nc2F)c(OC(C)C)c1C	0.018404
rxn:5:196083:222420:227848	CC(C)c1cc(-c2cccc3cccnc23)ncc1-c1ccccc1S(N)(=O)=O	0.018394
rxn:5:181856:228710:223270	CC(=O)Nc1cc(F)ccc1-c1cc(-c2cnc(C(C)C)nc2)cc(C(C)(C)C)c1	0.018392
rxn:5:196792:223348:227656	O=C1NCc2ccc(-c3ccc(-c4cc(N5CCOCC5)cs4)cc3N3CCOCC3=O)cc21	0.018392
rxn:5:199079:226325:223466	Cc1cc2cccc(-c3ccc(C(C)(C)C#N)cc3F)c2c(-c2cn[nH]c2)n1	0.018384
rxn:5:195925:227082:223456	O=c1ccc(-c2ccccc2-c2cnc(-c3ccccc3N3CCCC3)s2)n[nH]1	0.018382
rxn:5:191502:228826:227574	COC(=O)c1cc(-c2ccc(F)c(OC)c2OC)cnc1-c1cc(C)c(F)cc1F	0.018346
rxn:5:191517:223319:228527	COC(=O)c1ccnc(-c2cc(C)c3[nH]ncc3c2)c1-c1cccc2c1OCC2	0.018329
rxn:5:195961:223446:228744	Cc1cc(-c2cc(-c3ccc(F)c(C#N)c3)ccc2-c2cnco2)ccn1	0.018303
rxn:5:181577:223348:226588	CC(C)c1ccc(-c2ccc3c(c2)C(=O)NC3)c(-c2cc(OC3CCC3)ncc2F)c1	0.018302
rxn:5:182846:227490:228200	CC(C)(C)Oc1ncc(-c2cc3c(c(-c4ccnn4C4CCCC4)c2)C(=O)CC3)cn1	0.018298
rxn:5:182952:229035:227913	Cc1c(F)cccc1-c1ccc(-c2ccc(OC(C)C)cc2)c2c1C(=O)CCO2	0.018289
rxn:5:198434:223105:229246	CNS(=O)(=O)c1cc(-c2csc3cnc(-c4cnc(C)n4C)cc23)c(F)cc1C	0.018289
rxn:5:195302:225581:228317	COC(=O)c1ccc(-c2cc(-c3ccc(CN4CCOCC4)cc3)c(OC)cn2)cn1	0.018284
rxn:5:188375:226946:228690	CCOc1cncc(-c2ccc(-c3ccc4c(c3)CCN(C)C4)c(CC(=O)OC)n2)c1	0.018284
rxn:5:198448:228665:229240	Cc1ncc(-c2cc(-c3ccc4ncoc4c3)c3cnsc3c2)cn1	0.018279
rxn:5:188520:229341:226214	CCCOc1ncc(-c2ccon2)cc1-c1ccc2ccc(OC)nc2c1	0.018278
rxn:5:198424:228839:228998	CCc1ncccc1-c1noc2cccc(-c3cc(F)cc(C)c3F)c12	0.018278
rxn:5:198085:225600:228219	CC(C)c1cc(F)c(-c2cnc(-c3cccnc3OC3CCCCC3)s2)cn1	0.018253
rxn:5:192566:223135:229115	Cc1ncc(F)cc1-c1cc(-c2cccnc2C2CCCNC2)cc(C2(C#N)CCC2)c1	0.018244
rxn:5:192335:223455:226810	CN(C)C(=O)c1ccc(-c2cnccn2)cc1-c1cc(F)ccc1-c1ncon1	0.018244
rxn:5:199101:229114:228817	Cc1cc(-c2nc3ccccc3c(-c3ccc(C)n(C)c3=O)c2C)c(F)cn1	0.018230
rxn:5:198123:225784:225623	c1cc(OC2CCOCC2)cc(-c2cccc(-c3ccc(CN4CCOCC4)nc3)n2)c1	0.018222
rxn:5:198327:228879:226368	Cc1cc(-c2cnn(C)c2-c2ccccc2)c(C)nc1-c1ccnn1C1COC1	0.018215
rxn:5:181416:228591:226582	COc1c(C)cc(-c2ccncc2C(C)C)cc1-c1ccc(C(=O)N(C)C)cc1F	0.018201
rxn:5:192712:229003:229010	COc1cccc(-c2cc(CN3CCC3)cc(-c3cc(C(C)C)cs3)c2)c1	0.018197
rxn:5:179395:229005:227343	COC(=O)c1cc(C)cc(-c2c(C)cc(C(=O)OC)cc2-c2ccccc2OC)c1	0.018193
rxn:5:181203:228363:227956	CC(=O)c1ccc(-c2cnc(N(C)C)cc2F)c(-c2cc(C)nc(C(C)C)c2)c1	0.018185
rxn:5:195794:225392:229346	c1ccc(Cc2cccc(-c3cc(-c4cnon4)c(C4CC4)cn3)c2)cc1	0.018168
rxn:5:192880:229338:227716	Fc1cccc(-c2c(-c3ccns3)ccnc2OC2CCCC2)c1OC(F)F	0.018165
rxn:5:195524:223010:223230	CCc1cc(-c2ccc(C3(O)CCOCC3)cc2)cnc1-c1ccc(NC(C)=O)cc1C	0.018139
rxn:5:195317:228508:228028	COc1ccc(-c2cccc(C(C)C)c2)c(-c2cccc3nn(C)cc23)n1	0.018093
rxn:5:181068:227812:226729	COc1cccc(-c2cccc(CC(C)C)c2)c1-c1cnc(OC2CCOC2)nc1	0.018089
rxn:5:198280:225806:227875	Cc1ncc(-c2cccc3c2CCCO3)cc1-c1cnc(OC2CCCC2)cc1F	0.018088
rxn:5:195677:227922:227319	CCc1cc(OC)ccc1-c1c(-c2cc(CC(C)C)ncc2F)cccc1S(N)(=O)=O	0.018062
rxn:5:176870:228059:223462	COC(=O)c1c(OC)cc(-c2ccc3sc(C)nc3c2)cc1-c1cc(C)[nH]n1	0.018060
rxn:5:192427:228598:223463	COc1ccc(C)cc1-c1cncc(Oc2ccc(-c3ccc[nH]3)cc2)c1	0.018058
rxn:5:197429:228760:229251	CC(=O)c1c[nH]c2c(-c3cnc(C(C)(C)C)o3)ccc(-c3cc(C)ncn3)c12	0.018036
rxn:5:179417:226449:229018	CCS(=O)(=O)c1ccc(-c2ccccc2C2(C)OCCO2)c(-c2c(C)ccnc2C)c1	0.018036
rxn:5:195468:228338:223419	Cc1c(C#N)cc(-c2cc3ccncc3[nH]2)cc1-c1cnc(OC2CCC2)s1	0.018032
rxn:5:195301:227380:228775	COc1ccc(-c2cc(-c3ccc(-n4cccc4)nc3)ncc2OC)cc1F	0.018026
rxn:5:195801:227662:223340	Cc1ccc(-c2nccc(-c3ccc4c(c3)NCCO4)c2C2CC2)c(C(F)(F)F)c1	0.018022
rxn:5:188388:228181:229168	CCOC(=O)c1cnc(-c2ccc(F)cc2COC)c(-c2sc(C)nc2OC)c1	0.018010
rxn:5:182892:228154:228509	COc1cccc(OC)c1-c1ccc2c(c1)CCC2c1ccc(C(C)C)cc1	0.017999
rxn:5:196620:229121:226414	Cc1c(F)cncc1-c1cc(-c2ccc(C3=NCCCO3)cc2)ccc1N1CCCC1=O	0.017997
rxn:5:179206:223288:228545	CNS(=O)(=O)c1cccc(-c2ccc(OC)c(-c3cccc(CC#N)c3)c2SC)c1	0.017995
rxn:5:181537:228699:226741	CN(C)c1cncc(-c2cc(C3COC3)ccc2-c2cc(C(F)(F)F)ccc2C#N)c1	0.017973
rxn:5:182894:228685:227449	COCc1cncc(-c2cc3c(cc2-c2ccc(C4CCOCC4)s2)CCC3)c1	0.017969
rxn:5:198514:228063:228626	CCc1cccc(-c2cccc3c(-c4cnc5c(c4)COCC5)c[nH]c23)c1F	0.017964
rxn:5:198232:228062:227427	Cc1ccc(-c2cncc3c2CCCO3)c(-c2cccnc2-c2ccoc2)n1	0.017955
rxn:5:192572:227954:228581	Cc1c(C#N)cccc1-c1cc(-c2ccc(C3CCC3)nc2)ccc1C(=O)N1CCC1	0.017954
rxn:5:180566:229245:229162	COC(=O)c1cc2cc(-c3cnc(OC)cn3)cc(-c3cc(C)nn3C)c2o1	0.017950
rxn:5:179405:228591:229083	COc1c(-c2ccncc2C(C)C)ccc(-c2cnc(C(C)C)o2)c1C(C)=O	0.017948
rxn:5:178995:228540:228055	COCc1cc(-c2cccc3c2COC3)ccc1-c1nc2ccccc2n1C	0.017940
rxn:5:183062:228569:227905	CC(C)Cc1cc(-c2cc(-c3ccccc3N(C)C)cc3c2OCCCO3)ccn1	0.017893
rxn:5:195799:229300:227105	Cn1cncc1-c1c(C2CC2)ccnc1-c1ccccc1-c1ccsc1	0.017888
rxn:5:198402:227497:229065	Cc1nc(OC(C)C)ncc1-c1ccc2nc(-c3ccnc(C#N)c3)sc2c1	0.017885
rxn:5:195675:228609:228351	COc1cc(-c2cc(S(N)(=O)=O)ccc2-c2cc(-n3ccnc3)cs2)ccc1C	0.017871
rxn:5:195466:227382:229061	Cc1cc(C#N)c(-c2cnn(C(C)C)c2)cc1-c1ccnn1-c1ccccc1	0.017864
rxn:5:182839:223401:228045	CNc1cc(-c2c(-c3cnc4ccn(C)c4c3)ccc3c2CCC3=O)ccc1C	0.017853
rxn:5:178982:229035:226769	COCc1ccc(-c2cc(C(=O)OC)cc(F)c2F)cc1-c1cccc(F)c1C	0.017833
rxn:5:195364:227967:227039	COc1c(-c2ccc(OC(C)(C)C)cc2)cncc1-c1cccnc1C1CCC1	0.017828
rxn:5:182645:228630:229161	CCc1cc(F)cc(-c2cc(-c3cncnc3OC)cc3ccsc23)c1	0.017822
rxn:5:198244:228669:223232	Cc1cncc(-c2cnc3ccoc3c2)c1-c1cccc(-c2cc[nH]n2)c1	0.017818
rxn:5:183065:228628:223294	O=C1CCCc2cc(-c3csc(N4CCNCC4)n3)c(-c3cc(C4CCC4)cs3)cc21	0.017808
rxn:5:192572:225634:229280	Cc1cc(-c2ccc(C(=O)N3CCC3)c(-c3cnc(F)nc3)c2)cnc1N1CCCCC1	0.017808
rxn:5:194398:228715:228825	Cc1cc(F)c(-c2cc(-c3ccc(C#N)nc3C)ccc2C(=O)N2CC3CC3C2)cc1F	0.017802
rxn:5:181537:228669:223263	CNC(=O)c1ccc(F)c(-c2ccc(C3COC3)cc2-c2cnc3ccoc3c2)c1	0.017796
rxn:5:196081:223336:229217	CC(C)c1cc(-c2ccc3[nH]ccc3c2F)cnc1-c1ccc(F)cc1	0.017784
rxn:5:196919:228721:228327	COc1cc(-c2cc(-c3ccnn3C(C)(C)C)ccc2C2=NC(C)(C)CO2)cnc1OC	0.017776
rxn:5:199082:223389:229306	Cc1cnc(-c2nc3cc(-c4c(C)n[nH]c4C(F)(F)F)ccc3cc2C)s1	0.017768
rxn:5:177278:228896:228682	CCCc1ncncc1-c1c(OCC(C)C)cccc1-c1cnc(OC)c(F)c1	0.017765
rxn:5:182648:222422:223259	CC(=O)Nc1cc(C)c(-c2ccc3sccc3c2-c2c[nH]c(=O)[nH]c2=O)cn1	0.017756
rxn:5:179197:229205:228613	CCc1csc(-c2ccc(OC3CC3)c(-c3ccc(CC)c(F)c3)c2)c1	0.017750
rxn:5:197492:223469:227155	CCc1c[nH]c2c(-c3cc[nH]n3)ccc(-c3cc(C)c4cnn(C)c4c3)c12	0.017748
rxn:5:176569:229070:223004	COC(=O)Cc1cccc(-c2ccc(C3CCNCC3)c(F)c2)c1-c1ccc(OC)nc1	0.017744
rxn:5:195447:226175:223216	CC(=O)c1cnc(-c2ccc3c(c2)CCC(=O)N3)cc1-c1ccc(N2CCCC2)cc1C	0.017743
rxn:5:177001:228245:229287	CCOc1c(-c2ccc(C(C)=O)c(F)c2)ccc(OC)c1-c1sccc1C	0.017740
rxn:5:193227:228021:223440	CC(=O)c1cc(C)cc(-c2cc(C(=O)N3CCOCC3)cc(-c3ccc(C4CC4)[nH]3)c2)c1	0.017739
rxn:5:180203:229089:229064	CC(=O)c1sccc1-c1cc(OC2CCOCC2)cc(-c2ccnn2C2CC2)c1	0.017738
rxn:5:182646:223379:228877	O=c1[nH]c2ccc(-c3ccc4occc4c3-c3ccnn3C3CC3F)cc2o1	0.017737
rxn:5:198087:226335:225940	N#Cc1cc(-c2csc(-c3cc(C(F)(F)F)cnc3C3CC3)n2)ccc1C1COC1	0.017723
rxn:5:181078:229200:227582	CCOc1c(-c2ccc(-c3cccc(C)c3)c(SC)c2)ccc(F)c1F	0.017717
rxn:5:181625:229302:225498	Fc1ccc(C2CCCCC2)cc1-c1ccc(-c2ccnnc2)c(C2OCCO2)c1	0.017716
rxn:5:181277:227614:228718	CCc1ccc(-c2ccccc2-c2ncon2)c(-c2cc(C#N)cnc2C)c1	0.017698
rxn:5:198525:228984:223242	Cc1ccc(C)c(-c2ccc3cc[nH]c3c2-c2ccnc(C3CCNC3)c2)c1	0.017692
rxn:5:191355:223379:228239	COC(=O)c1cc(-c2ccc3[nH]c(=O)oc3c2)c(-c2cc(C)c(OC)nc2C)[nH]1	0.017684
rxn:5:198400:228717:223142	Cc1nn(C2CC2)cc1-c1ccc2oc(-c3ccc(C4CCCNC4)nc3)nc2c1	0.017683
rxn:5:177190:228019:223445	CCS(=O)(=O)Cc1ccc(-c2c[nH+]ccc2OC)c(-c2cc(C(C)=O)ccc2C)c1	0.017682
rxn:5:198619:223190:228992	CNS(=O)(=O)c1ccc(F)cc1-c1cccc2c(-c3cccc(C#N)c3)nccc12	0.017681
rxn:5:181744:229251:223214	Cc1cc(-c2cc(-c3ccccc3)cc(-c3ccc4c(c3)CCNC4=O)c2)ncn1	0.017677
rxn:5:197422:223462:223140	COc1ccc(-c2cc(C)[nH]n2)c2cc(-c3ccnc(C4CCCNC4)c3)ncc12	0.017649
rxn:5:181418:223383:228354	COc1cc(-c2ccc(NC(C)=O)nc2)c(C)cc1-c1ccc(-n2ccnc2)s1	0.017641
rxn:5:193335:228550:228734	CCCc1cc(-c2cccc(-c3c(C)ccnc3OC)c2CN2CCOCC2)ccn1	0.017629
rxn:5:191679:227185:226733	CCOc1nc(-c2ccc(S(=O)(=O)N(C)C)cc2)ccc1-c1ccc2c(c1)N(C)CCO2	0.017621
rxn:5:191510:227205:227942	CCc1ccc(-c2ccnc(-c3cccc4c3OCCCO4)c2C(=O)OC)c(OC)c1	0.017620
rxn:5:176567:223365:229021	COC(=O)Cc1ccc(-c2cc3[nH]ncc3cc2F)cc1-c1ccnc(C)c1C	0.017620
rxn:5:199302:227463:229340	CN1CCCc2cc(-c3ncco3)cc(-c3cc(F)c(F)c4ccoc34)c21	0.017605
rxn:5:191907:226027:229035	Cc1cc(-c2cccc(F)c2C)c(CC#N)cc1-c1ccc(F)c(S(=O)(=O)N(C)C)c1	0.017602
rxn:5:191979:227846:223396	CCCc1cc(-c2ccc3c(c2)NCC3)c(-c2cn(C)c3ccccc23)cn1	0.017566
rxn:5:182817:223469:226402	Cc1cn(-c2ccc(-c3ccc4c(-c5cc[nH]n5)cccc4c3)cc2)cn1	0.017556
rxn:5:194145:223399:223467	CNCc1ccccc1-c1cc(-c2ncc[nH]2)cc2[nH]c(C(=O)OC)cc12	0.017544
rxn:5:189910:229022:228840	Cc1cncc(-c2ccc(-c3c(F)ccc(F)c3C)c(CCN3CCOCC3)c2)c1C	0.017529
rxn:5:198120:225650:228768	CCc1cc(-c2ccc(-c3cnc(-c4ccccc4C)nc3)cn2)c(F)cn1	0.017518
rxn:5:181403:228689:222960	CCOc1ccncc1-c1cc(-c2cc(C)cc(C3CCNCC3)c2)c(OC)cc1C	0.017506
rxn:5:197420:228691:229266	CCOc1ccc(-c2ccc(OC)c3c(-c4oc(C)nc4C)ccnc23)cn1	0.017503
rxn:5:183062:228872:227911	CCc1ccc(-c2cc(-c3ccsc3C(=O)OC)cc3c2OCCCO3)cc1C#N	0.017503
rxn:5:198326:223140:227048	Cc1cc(-c2ccnc(C3CCCNC3)c2)c(C)nc1-c1ccc(C(=O)C(C)C)cc1	0.017502
rxn:5:181069:227963:227409	COc1c(-c2ccnc(C(C)(C)C)c2)cccc1-c1cc(C(C)(C)C)ncc1F	0.017469
rxn:5:176752:227355:229159	CCCOc1ccc(-c2c(OCC)ccc(C)c2F)c(-c2cnc(OC)nc2)c1	0.017463
rxn:5:199074:229334:223001	Cc1cccc2c(-c3cc(C4CCCNC4)ccc3F)ncc(-c3cnoc3)c12	0.017459
rxn:5:198246:228611:226809	COc1ccc(C)c(-c2nccc(-c3cc(-c4ncon4)ccc3F)c2C)c1	0.017453
rxn:5:182442:225438:228199	Cc1nn(C2CCC2)cc1-c1ccc(-c2ccc(C(C)N3CCCC3)cc2)cc1	0.017449
rxn:5:181622:228779:223061	COc1ccc(F)cc1-c1cc(C2OCCO2)ccc1-c1cc(C2CCNCC2)ncc1F	0.017446
rxn:5:179199:228416:228323	CCOc1nccc(-c2cc(-c3c(F)cc(F)cc3OC)c(OC)cc2OC)c1F	0.017437
rxn:5:182013:227957:223347	Cc1nc(C(C)C)ccc1-c1ccc(-c2cccc3c2CNC3=O)c(C2CCOCC2)c1	0.017433
rxn:5:196240:228599:222983	COc1ccc(-c2cc(-c3cccc(CN4CCC(O)C4)c3)c(C3CCC3)cn2)cc1C	0.017430
rxn:5:181201:229009:223403	CC(=O)c1cc(-c2cc(C3CC3)cs2)ccc1-c1ccc2cn[nH]c2c1	0.017390
rxn:5:198280:226204:229030	COc1nc2ccccc2cc1-c1cc(-c2cc(F)ccc2C)cnc1C	0.017375
rxn:5:181409:227980:226898	Cc1nn(S(=O)(=O)N(C)C)cc1-c1cc(-c2ccc(C3CC3)cc2F)ccc1C1CC1	0.017374
rxn:5:198421:228156:223264	CNC(=O)c1cc(-c2ccc3occ(-c4cc(OC)ccc4OC)c3n2)ccc1F	0.017369
rxn:5:198438:229200:227448	Cc1cccc(-c2nc3ccc(-c4ccc(C5COC5)c(F)c4)cc3o2)c1	0.017369
rxn:5:193331:229115:227126	Cc1ncc(F)cc1-c1ccc(CN2CCOCC2)c(-c2ccc(C3CCOC3)cc2)c1	0.017348
rxn:5:196792:228739:227082	COc1cc(-c2ccc(-c3ccccc3N3CCCC3)cc2N2CCOCC2=O)c(C)cn1	0.017345
rxn:5:198524:229210:226324	Cc1ccc(-c2c(-c3cccnc3OC3CCCC3)ccc3[nH]ccc23)cn1	0.017340
rxn:5:198655:229240:228024	Cc1ncc(-c2ccnc3cc(-c4cccc5cnn(C)c45)ccc23)cn1	0.017331
rxn:5:181202:225986:223360	CNCc1cccc(-c2ccc(-c3ccccc3N3CCCS3(=O)=O)c(C(C)=O)c2)c1F	0.017325
rxn:5:192488:223324:228720	Cc1cnn(C(C)C)c1-c1ccc(CN(C)C)c(-c2cc(C)c3cn[nH]c3c2)c1	0.017307
rxn:5:192478:228817:225803	CCC(C)c1ccnc(-c2ccnc(OC3CCOCC3)c2)c1-c1ccc(C)n(C)c1=O	0.017305
rxn:5:195914:228376:229294	Cc1cc(-c2cc(-c3ccc(-c4cc(F)c(C#N)c(F)c4)cc3)no2)co1	0.017297
rxn:5:198674:229064:228137	CCOc1ncc(-c2c(-c3ccnn3C3CC3)ccc3cccnc23)cc1C	0.017296
rxn:5:179709:228678:228691	CCOc1ccc(-c2ccc(OC3CCC3)c(-c3ccnn3CC(C)C)c2)cn1	0.017295
rxn:5:178843:227634:229245	COC(=O)c1cccc(-c2cnc(-c3ccsc3)nc2)c1-c1cc(C)nn1C	0.017290
rxn:5:190579:228996:229244	CCOC(=O)c1[nH]c2ccc(-c3ccnc(CC)c3)cc2c1-c1ccnc(C)n1	0.017290
rxn:5:191517:228868:227552	COC(=O)c1ccc(-c2nccc(C(=O)OC)c2-c2ccccc2CC(F)(F)F)s1	0.017284
rxn:5:181540:222985:229088	CC(=O)c1csc(-c2ccc(-c3ccc(C4CCCNC4)nc3C)c(C3COC3)c2)c1	0.017282
rxn:5:193152:228539:229300	Cn1cncc1-c1ccc(CN2CCCC2)cc1-c1ccc2ccsc2c1	0.017279
rxn:5:177190:222413:228778	CCS(=O)(=O)Cc1ccc(-c2cccc(OC)c2F)c(-c2ccc(S(N)(=O)=O)cc2C)c1	0.017273
rxn:5:198435:228683:223248	CCCc1ncc(-c2cc(-c3cnc4[nH]c(=O)ccc4c3)cc3oncc23)cn1	0.017269
rxn:5:182507:228248:223000	CC(=O)c1ccc(-c2c(C)cccc2-c2ccc(C3CCCNC3)c(F)c2)c(F)c1	0.017264
rxn:5:183066:227904:229008	CCN(C)c1ccc(-c2ccc3c(c2-c2ccc(CF)cc2)CCCC3=O)cc1	0.017250
rxn:5:182503:228106:226187	CCC(C)c1ncc(-c2cc(C)ccc2-c2cccc(C3CCOCC3)c2)cn1	0.017244
rxn:5:177737:229226:228590	Cc1cccc(-c2ccc(-c3ccc(C#N)s3)c(C(=O)OC(C)(C)C)c2)c1C#N	0.017197
rxn:5:181403:223134:226840	COc1cc(C)c(-c2cnccc2C2CCCNC2)cc1-c1cc(C#N)nc(C(F)(F)F)c1	0.017190
rxn:5:193337:227183:228939	CN1Cc2cc(-c3ccc(-c4c(F)cc(F)cc4F)c(CN4CCOCC4)c3)ccc2C1=O	0.017188
rxn:5:177180:228267:228974	CCOC(=O)c1c(C)cc(-c2c(F)ccc(C)c2OC)cc1-c1cnn(S(C)(=O)=O)c1	0.017186
rxn:5:179709:228777:228763	CCc1c(F)cncc1-c1ccc(OC2CCC2)c(-c2ccc(OC)cc2F)c1	0.017179
rxn:5:176564:228257:228869	COC(=O)Cc1ccc(-c2csc(C(=O)OC)c2)cc1-c1c(F)cc(C)cc1OC	0.017164
rxn:5:198433:229288:228024	Cc1ccc(-c2ccc(-c3cccc4cnn(C)c34)c3ncoc23)s1	0.017161
rxn:5:182738:227949:226839	Cc1cc(-c2cc3c(cc2-c2cc(C(F)(F)F)ncc2C#N)OCC3)cc(C)c1C#N	0.017160
rxn:5:195312:225661:228631	COc1cncc(-c2ccc(N3CCOCC3)cc2C)c1-c1ccsc1C1CCC1	0.017159
rxn:5:196677:228659:228737	COc1ccc(-c2ccc(-c3ccc4cncn4c3)cc2N2CCCC2)c(C)n1	0.017159
rxn:5:194941:223342:226942	Cc1cc2cc(-c3cc(-c4ccc5c(c4)OCCN5)ccc3C#N)ccc2cn1	0.017147
rxn:5:195315:227738:228670	COc1cc(-c2ccc3oncc3c2)ncc1-c1cc(C(F)(F)F)ncc1C	0.017132
rxn:5:193231:228817:223134	Cc1ccc(-c2ccc(C(=O)N3CCSCC3)c(-c3cnccc3C3CCCNC3)c2)c(=O)n1C	0.017130
rxn:5:181415:228787:225584	COc1cc(F)cc(-c2cc(C)c(-c3ccc(C(=O)N4CCCC4)cc3)c(OC)c2)c1	0.017123
rxn:5:198242:227957:225656	Cc1ccc(-c2cncc(N3CCCCC3C)c2)nc1-c1ccc(C(C)C)nc1C	0.017114
rxn:5:196242:228927:223000	COc1nccc(F)c1-c1c(C2CCC2)ccnc1-c1ccc(C2CCCNC2)c(F)c1	0.017113
rxn:5:196859:229137:227993	COc1ccc(C)c(-c2nccc(C3CCOCC3)c2-c2c(F)cccc2F)c1C	0.017103
rxn:5:195331:227092:228777	COc1ccc(-c2cc(SC)c(-c3ccc(C4CCC4)nc3C)cn2)c(F)c1	0.017098
rxn:5:188380:223289:228126	CCOC(=O)c1ccc(-c2ccccc2S(=O)(=O)NC)c(-c2ccc(OC)cc2C#N)n1	0.017097
rxn:5:181623:229263:227732	Cc1nn(-c2cncs2)cc1-c1ccc(C2OCCO2)c(-c2cnccc2F)c1	0.017094
rxn:5:177737:228827:228878	Cc1cc(F)c(F)cc1-c1ccc(-c2cnn(C3COC3)c2)cc1C(=O)OC(C)(C)C	0.017076
rxn:5:193152:228986:228496	Cc1cccc(-c2cc(CN3CCCC3)ccc2-c2cnn(CC(F)(F)F)c2)c1C	0.017071
rxn:5:198086:228354:226131	c1ccc(-c2ncsc2-c2ccc(-n3ccnc3)s2)c(CN2CCCC2)c1	0.017069
rxn:5:191678:225804:223310	CCOc1cc(-c2ccc(C(=O)N3CCC3)c(F)c2)cnc1-c1ccc(NC2CC2)cc1	0.017069
rxn:5:191683:226839:227452	CCOc1ccc(-c2cccc(C3OCCO3)c2)nc1-c1cc(C(F)(F)F)ncc1C#N	0.017043
rxn:5:176764:228357:227979	CCOCc1c(-c2c(C)cc(C)cc2OC)cccc1-c1c(C)nc(OC)nc1C	0.017042
rxn:5:195318:226414:228560	CCSc1ccccc1-c1cc(-c2ccc(C3=NCCCO3)cc2)cc(OC)n1	0.017041
rxn:5:199068:228141:229242	CCCc1cc(F)c(-c2c(C)nc(-c3cncnc3C)c3ccccc23)cn1	0.017038
rxn:5:192175:226365:229244	Cc1ccc(-n2cc(-c3cc(-c4ccnc(C)n4)cnc3OC(C)C)cn2)cc1	0.017029
rxn:5:198474:228529:228830	Cc1c(F)ccc(-c2cc(-c3ccc4c(c3)CCO4)cc3ocnc23)c1F	0.017012
rxn:5:181856:229092:227311	CCC(C)c1cc(F)c(-c2cc(-c3c(C)nn(C)c3C)cc(C(C)(C)C)c2)cn1	0.016988
rxn:5:195793:227988:227530	COC(=O)c1ccc(F)c(-c2ncc(-c3cccc(C4CC4)c3F)c(C)c2OC)c1	0.016976
rxn:5:182503:227023:227035	Cc1ccc(-c2cc(C#N)cc(C3CC3)c2)c(-c2ccc(C(C)N(C)C)cc2)c1	0.016973
rxn:5:191684:228700:225622	CCOc1cc(-c2ccc(N(C)C)nc2)nc(-c2ccccc2OC2CCCCO2)c1	0.016964
rxn:5:198417:228341:229094	Cc1ncc(-c2ccnc3cc(-c4ccc(OC(F)F)cc4)sc23)c(C)n1	0.016949
rxn:5:176756:229002:227974	CCCOc1cc(-c2c(C)cc(OC)cc2C)ccc1-c1ccc(OC)cc1	0.016948
rxn:5:188385:225446:229336	CCOC(=O)c1cc(-c2cc(C)cc(OC3CCCC3)c2)cnc1-c1cncs1	0.016939
rxn:5:191339:227346:228987	CCCc1cc(F)c(-c2ccc(-c3cc(C)cc(C)c3)cc2CC#N)c(F)c1	0.016928
rxn:5:182582:226750:229082	COc1ccc(C(F)(F)F)cc1-c1cc(C)cc(-c2cc(N(C)C)cs2)c1C	0.016916
rxn:5:192336:226582:228511	CN(C)C(=O)c1ccc(-c2ccc(C(=O)N(C)C)cc2-c2ccc(C3CC3)cc2)c(F)c1	0.016899
rxn:5:195328:227816:228335	CCCc1ccc(-c2cc(SC)cnc2-c2c(OC)ccnc2OC)c(C)c1	0.016898
rxn:5:182847:227626:226778	COc1cc(-c2ccc(-c3cnc(C4CCOC4)nc3)c3c2CCC3=O)c(F)c(F)c1OC	0.016882
rxn:5:197414:229320:223259	COc1ccc(-c2cnc(NC(C)=O)cc2C)c2nccc(-c3cc(F)cs3)c12	0.016870
rxn:5:197521:228114:229305	COc1cc(-c2ccc3ncc(C(C)=O)c(-c4cn(C)cn4)c3c2)ccc1C#N	0.016870
rxn:5:198648:229146:223246	COCn1cc(-c2nc3ccccc3cc2-c2ccc(OC)c3[nH]ncc23)cn1	0.016870
rxn:5:195448:229079:227701	COC(=O)c1cc(-c2nccc(-c3csc(C4CC4)n3)c2C(C)=O)c(F)cn1	0.016866
rxn:5:198519:228154:228375	COc1cccc(OC)c1-c1c[nH]c2ccc(-c3c(F)ccc(C#N)c3F)cc12	0.016844
rxn:5:195303:223239:227639	COc1cnc(-c2cn(-c3cccs3)nc2C)c(-c2cncc(C3CCCN3)c2)c1	0.016844
rxn:5:181276:227074:228197	CCOc1c(C)cc(C)cc1-c1ccc(-c2cnc(C(C)(C)C)nc2)c(CC)c1	0.016843
rxn:5:179205:228309:225868	COc1cc(-c2cc(C#N)nc(OC)c2)c(OC)c(-c2ccc(N3CCOCC3)c(F)c2)c1	0.016838
rxn:5:199060:229120:222980	Cc1cc2c(-c3cccn(C)c3=O)ccnc2cc1-c1ccc(CN2CCNCC2)cc1	0.016826
rxn:5:182635:228042:229069	COc1ncccc1-c1ccc(-c2cc3cccnc3n2C)c2ccoc12	0.016814
rxn:5:198240:227064:227545	CCOc1ccc(F)c(-c2c(C)ccnc2-c2ccccc2OC(C)(C)C)c1F	0.016804
rxn:5:177193:229000:227290	CCOC(=O)c1cc(C)c(-c2cnccc2CC)cc1-c1cccc(C(=O)N(C)C)c1	0.016794
rxn:5:181625:223316:229008	Cc1n[nH]c2ccc(-c3ccc(-c4ccc(CF)cc4)cc3C3OCCO3)cc12	0.016769
rxn:5:196794:228153:228138	COc1cc(OC)cc(-c2ccc(-c3ccc(CC#N)c(F)c3)c(N3CCOCC3=O)c2)c1	0.016764
rxn:5:191918:227084:228569	CCc1cc(C#N)c(-c2ccccc2N(C)C)c(-c2ccc(C(C)(C)C)nc2C)c1	0.016762
rxn:5:198436:227352:228992	COC(=O)c1ccc(C)cc1-c1ccc2ocnc2c1-c1cccc(C#N)c1	0.016739
rxn:5:179407:223407:229149	CCOc1nc(-c2cc(OC)c(-c3cnc4cc[nH]c4c3)cc2C(C)=O)cs1	0.016729
rxn:5:198443:223295:228361	CN(C)c1cc(-c2ccnc3scc(-c4cncc(NS(C)(=O)=O)c4)c23)c(F)cn1	0.016723
rxn:5:193542:229310:228656	Cc1nc(-c2cccc(CN3CCCCC3)c2-c2cccn3ccnc23)cs1	0.016715
rxn:5:195462:226181:228324	COc1cc(-c2c(-c3ccc(C4=CCCCC4)nc3)ccc(C#N)c2C)c(OC)cn1	0.016698
rxn:5:182638:223418:229132	Fc1ccc(-c2cc(-c3c[nH]cc4nccc3-4)c3occc3c2)cc1F	0.016693
rxn:5:181422:228140:223360	CNCc1cccc(-c2cccc(-c3ccc(C(C)N(C)C)s3)c2C2CC2)c1F	0.016682
rxn:5:181404:226465:223421	CNC(C)c1ccc(-c2c(C)ccc(-c3ccc4c(c3)n(C)c(=O)n4C)c2OC)s1	0.016670
rxn:5:195362:223210:228025	COc1ncc(-c2cccc3c2cnn3C)cc1-c1cc2c(OC)cccc2[nH]1	0.016666
rxn:5:181207:228324:227279	COc1cc(-c2cc(-c3cc(C4CC4)nn3C(C)C)ccc2C(C)=O)c(OC)cn1	0.016659
rxn:5:181276:222986:223270	CCc1cc(-c2cc(C)nc(C3CCCNC3)c2)ccc1-c1ccc(F)cc1NC(C)=O	0.016647
rxn:5:192174:228406:228830	COc1ccc(F)c(-c2cnc(OC(C)C)c(-c3ccc(F)c(C)c3F)c2)c1F	0.016639
rxn:5:191557:222998:223353	COc1ccc(-c2cc(F)cc(C3CCCNC3)c2)c(-c2cccc(NC(C)=O)c2)c1C#N	0.016629
rxn:5:192076:228613:227982	CCc1ccc(-c2c(-c3cc(C)cc(OC)c3C)ncc(C(=O)OC)c2C)cc1F	0.016628
rxn:5:181541:225831:228481	Cc1cc(-c2cc(-c3ccnc(C(F)(F)F)c3)cc(C3COC3)c2)cnc1N1CCOCC1	0.016627
rxn:5:182499:229006:227661	CSc1ccc(-c2cc(-c3ccc(C(F)(F)F)cc3C)ccc2C)cc1	0.016626
rxn:5:192563:223296:229167	Cc1ccc2cc(-c3cc(C(=O)N4CCC4)cc(-c4csc(N(C)C)n4)c3)[nH]c2c1	0.016625
rxn:5:196097:227384:228753	CN(C)c1ccc(-c2ccc(-n3ccnc3)cc2)cc1-c1cccc(F)c1C#N	0.016625
rxn:5:199068:226572:229342	Cc1nc(-c2cnsc2)c2ccccc2c1-c1cnc(OC2CCCC2)nc1	0.016622
rxn:5:199168:223305:229017	Cc1cnc(C)c(-c2ncc(-c3ccc4c(C)c[nH]c4c3)c3c2CCCC3)c1	0.016615
rxn:5:193052:227964:228712	CC1(c2cncc(-c3ccc(C(=O)N4CCCC4)c(-c4ccnn4C4CCC4)c3)c2)CC1	0.016614
rxn:5:195438:228658:228279	CCc1cc(F)c(-c2cc(C(C)=O)ncc2-c2cn3ccccc3n2)c(F)c1	0.016594
rxn:5:182651:225873:229290	Cc1sccc1-c1cccc2cc(-c3cccc(N4CCOCC4=O)c3)oc12	0.016593
rxn:5:193329:229082:228927	COc1nccc(F)c1-c1c(-c2cc(N(C)C)cs2)ccnc1OC1CCCCC1	0.016590
rxn:5:198123:226408:227655	CN(C)c1cc(-c2cccc(-c3ccc(-c4cncnc4)cc3)n2)cc(F)c1F	0.016582
rxn:5:192714:227592:228679	COc1cc(F)cc(-c2ccc(CN3CCC3)cc2-c2cnn(CC3CC3)c2)c1OC	0.016574
rxn:5:191918:228067:229285	CCc1cc(C#N)c(-c2cccn2C)c(-c2cc3ccc(F)cc3s2)c1	0.016569
rxn:5:198917:223249:228699	CN(C)c1cncc(-c2ccc(-c3ccc4nc[nH]c(=O)c4c3)c3ccn(C)c23)c1	0.016565
rxn:5:195028:227918:226319	CCc1nc(-c2ccc(C(=O)N3CCC3)cc2)sc1-c1ccc(SC2CC2)cc1	0.016556
rxn:5:182711:223341:226033	COc1cc(-c2cc3c(cc2-c2ccc4c(c2)CC(=O)N4)OCC3=O)cc(C(F)(F)F)c1F	0.016532
rxn:5:178121:228337:229316	CCOc1cc(F)c(-c2c(OCC3CCOCC3)cccc2-c2nc(C)cs2)cn1	0.016522
rxn:5:192650:227942:223469	CCc1ccc(-c2ccc(C(=O)c3ccc(-c4cc[nH]n4)nc3)cc2)c(OC)c1	0.016515
rxn:5:179554:228325:226580	CCc1c(OC)cc(-c2cnc(OC)cc2OC)cc1-c1cc(C(=O)N(C)C)ccc1F	0.016502
rxn:5:182822:229071:228337	CCOc1cc(F)c(-c2ccc3ccccc3c2-c2ccnc(OC)c2)cn1	0.016498
rxn:5:181210:227977:229010	COc1cc(C)c(-c2c(C(C)=O)cccc2-c2cc(C(C)C)cs2)cc1C	0.016493
rxn:5:198247:227653:228122	CCOc1nc(C)ccc1-c1cnc(C)cc1-c1cncc(-c2cscn2)c1	0.016480
rxn:5:181627:228872:227931	COC(=O)c1sccc1-c1ccc(C2OCCO2)cc1-c1ccccc1OC1CC1	0.016474
rxn:5:195791:223314:227949	Cc1cc(-c2cc(C3CC3)ncc2-c2ccc3[nH]ncc3c2C)cc(C)c1C#N	0.016474
rxn:5:182636:223216:223341	O=C1CCc2cc(-c3ccc(-c4ccc5c(c4)CC(=O)N5)c4ccoc34)ccc2N1	0.016471
rxn:5:196097:228343:223105	CNS(=O)(=O)c1cc(-c2cc(-c3cc(C)c(C(=O)OC)s3)ccc2N(C)C)c(F)cc1C	0.016454
rxn:5:176765:229223:223373	CCOCc1ccc(-c2c(C)csc2C)cc1-c1c(F)ccc2[nH]ncc12	0.016452
rxn:5:191683:226918:228126	CCOc1ccc(-c2ccc(OC)cc2C#N)nc1-c1ccc(C2=CCCC2)cc1	0.016440
rxn:5:198242:227916:226137	Cc1ccc(-c2cc(C3CC3)cnc2C(C)C)nc1-c1ccc(OC2CC2)cc1	0.016428
rxn:5:188388:228596:226582	CCOC(=O)c1cnc(-c2ccc(CC)nc2C)c(-c2ccc(C(=O)N(C)C)cc2F)c1	0.016407
rxn:5:192882:228197:228327	COc1cc(-c2cc(-c3cnc(C(C)(C)C)nc3)cnc2OC2CCCC2)cnc1OC	0.016406
rxn:5:195321:225581:228239	COc1nc(C)c(-c2ncc(-c3ccc(CN4CCOCC4)cc3)cc2SC)cc1C	0.016404
rxn:5:191517:227049:223285	CCOc1c(C)cc(-c2nccc(C(=O)OC)c2-c2ccccc2NS(C)(=O)=O)cc1C	0.016404
rxn:5:196872:229246:227645	Cc1ncc(-c2cc(-c3ccc(-c4ccncn4)s3)ccc2N2CCOCC2)n1C	0.016402
rxn:5:195679:228630:228213	CCc1cc(F)cc(-c2cc(-c3cc(-n4cccc4)cs3)cc(S(N)(=O)=O)c2)c1	0.016391
rxn:5:198435:229165:225456	COc1nccc(-c2cc(-c3ccc(C4CCN(C)CC4)cc3)cc3oncc23)n1	0.016389
rxn:5:193467:226185:229343	C[C@H]1CCCN1C(=O)c1cc(-c2ccsn2)ccc1-c1ccc(C2CCOCC2)cc1	0.016389
rxn:5:195678:228593:226401	NS(=O)(=O)c1c(-c2cccc(-c3cnccn3)c2)cccc1-c1ccncc1C1CC1	0.016386
rxn:5:191917:228716:228268	COc1ncc(-c2cnc(C#N)c(C)c2)c(SC)c1-c1ccc(C)c(F)c1SC	0.016383
rxn:5:195306:226751:228990	CCCc1ccc(-c2ccc(OC)c(-c3ccc(OC(F)(F)F)cc3C)n2)s1	0.016380
rxn:5:196791:226685:228589	CC(C)c1ccc(-c2c(-c3cnc(C4CCOCC4)nc3)cccc2N2CCOCC2=O)cn1	0.016374
rxn:5:197606:223340:226844	CCN1CCc2c1ccc(-c1ccc3c(c1)NCCO3)c2-c1ccnc(C(=O)C(F)(F)F)c1	0.016371
rxn:5:182643:227657:223306	c1cc2c(-c3ccc(N4CCOCC4)s3)c(-c3ccc4c(c3)CNCC4)ccc2o1	0.016370
rxn:5:176766:225813:229336	CCOCc1ccc(-c2cncs2)cc1-c1cc(F)c(OC(C)C)c(F)c1C	0.016362
rxn:5:199068:229205:228700	CCc1csc(-c2c(C)nc(-c3ccc(N(C)C)nc3)c3ccccc23)c1	0.016359
rxn:5:198088:228340:225824	COc1nc(C2CC2)sc1-c1nc(-c2cc(C3CC3)cc(C(F)(F)F)c2)cs1	0.016356
rxn:5:196083:228816:226757	Cc1nc(C)c(-c2cnc(-c3ccc(OC(F)(F)F)c(C)c3)cc2C(C)C)c(C)n1	0.016350
rxn:5:195364:223018:222956	COc1c(-c2ccc3c(c2)NC(=O)C(C)(C)O3)cncc1-c1ccc(C)cc1C1CCCNC1	0.016341
rxn:5:188725:223364:228864	CCOc1ncc(-c2cc(-c3cnc4[nH]cc(F)c4c3)cnc2OCC2CC2)cn1	0.016340
rxn:5:182849:227293:227497	Cc1nc(OC(C)C)ncc1-c1cc2c(c(-c3cncc(OC(C)(C)C)c3)c1)C(=O)CC2	0.016340
rxn:5:192236:225446:229073	COc1cc(-c2ccncc2OC)c(S(N)(=O)=O)cc1-c1cc(C)cc(OC2CCCC2)c1	0.016331
rxn:5:181575:227912:227875	CCc1cc(-c2cccc3c2CCCO3)c(C)cc1-c1ccc(C(C)OC)cc1	0.016327
rxn:5:192075:223259:223137	COC(=O)c1nc(-c2cncc(C3CCCNC3)c2)c(C)cc1-c1cnc(NC(C)=O)cc1C	0.016320
rxn:5:182949:228781:228506	CCCc1ccccc1-c1c(-c2ccc(C(F)F)cc2)ccc2c1OCCC2=O	0.016317
rxn:5:182847:228206:227823	CN(C)c1cc(F)cc(-c2ccc(-c3ccccc3C(C)(C)C)c3c2C(=O)CC3)c1	0.016316
rxn:5:191918:228833:227293	CCc1cc(C#N)c(-c2cncc(OC(C)(C)C)c2)c(-c2c(F)ccc(C)c2F)c1	0.016314
rxn:5:198667:228129:228686	CCOc1cc(-c2cc3ncccc3cc2-c2ccc(C#N)cc2OC)ccn1	0.016298
rxn:5:182501:228351:228194	Cc1ccc(-c2cc(-n3ccnc3)cs2)cc1-c1c(C)nn(C(C)C)c1C	0.016285
rxn:5:198524:228685:227302	COCc1cncc(-c2c(-c3cnc(OC(C)C)c(C)c3)ccc3[nH]ccc23)c1	0.016283
rxn:5:199106:228885:228753	Cc1c(-c2cnc(C#N)c(F)c2)ccc2nccc(-c3cccc(F)c3C#N)c12	0.016271
rxn:5:176753:229114:228049	CCCOc1ccc(-c2ccc3nc(C)cn3c2)cc1-c1cc(C)ncc1F	0.016257
rxn:5:193152:228498:228548	CCCc1cncc(-c2ccc(CN3CCCC3)cc2-c2cn(C)nc2C(F)(F)F)c1	0.016253
rxn:5:195524:226318:226838	CCc1cc(-c2cc(C3CC3)nc(N(C)C)c2)cnc1-c1cnc(C#N)c(C(F)(F)F)c1	0.016241
rxn:5:182739:227508:228861	COC(=O)c1cc(-c2ccc3c(c2-c2cnc4scnc4c2)OCC3)cc(C)n1	0.016229
rxn:5:196083:228454:227461	COc1cc(-c2cnc(-c3cc(F)c4nc(C)cn4c3)cc2C(C)C)c(OC)nn1	0.016229
rxn:5:193154:226670:229297	Fc1cc(-c2ccc(CN3CCCC3)c(-c3cncnc3)c2)cc(-n2cccn2)c1	0.016224
rxn:5:181628:228612:223325	COc1cccc(-c2ccc(-c3cccc4[nH]nc(C)c34)c(C3OCCO3)c2)c1C	0.016223
rxn:5:192168:227042:228738	CCOc1cc(C)c(-c2cnc(-c3cc(C)nc(OC)c3)c(OC(C)C)c2)c(C)c1	0.016221
rxn:5:181852:227737:228866	COCc1noc(C)c1-c1ccc(-c2cnc(C(F)(F)F)cc2C)cc1C(C)(C)C	0.016210
rxn:5:176760:228139:226665	CCOCc1cccc(-c2cc(C#N)cc(OC)c2)c1-c1cnc(C2CCCOC2)nc1	0.016208
rxn:5:181905:223307:226778	COc1cc(-c2ccc(C)c(-c3ccc4c(c3)CCNC4)c2C2OCCO2)c(F)c(F)c1OC	0.016201
rxn:5:198920:226214:223464	COc1ccc2ccc(-c3cc4cc[nH]c4c(C)c3-c3cc[nH]c3)cc2n1	0.016197
rxn:5:194398:228125:229037	Cc1ccc(-c2cc(-c3ccnc(OC(C)C)c3)ccc2C(=O)N2CC3CC3C2)cc1F	0.016193
rxn:5:195792:226411:227914	CC(C)Oc1ccccc1-c1c(-c2ccc(N3CCOCC3)cc2)cncc1C1CC1	0.016182
rxn:5:196621:227834:228540	Cc1cc(-c2cc(N3CCCC3=O)ccc2-c2cccc3c2COC3)ccc1C1CC1	0.016176
rxn:5:198427:228108:223284	CCc1ncc(C#N)cc1-c1csc2c(-c3ccc(NS(C)(=O)=O)cc3)nccc12	0.016175
rxn:5:182505:227559:223369	Cc1ccc(-c2ccc(C)c(OC(F)F)c2)c(-c2cc(F)c3cn[nH]c3c2)c1	0.016167
rxn:5:191980:228255:227542	CCCc1ccnc(-c2ccc(F)cc2C(=O)OC)c1-c1ccc(C)c(F)c1OC	0.016159
rxn:5:179551:227993:228379	CCOc1ccc(-c2c(C)ccc(OC)c2C)c(C)c1-c1cc(F)c(F)cc1C#N	0.016152
rxn:5:192570:226851:229076	COc1cc(-c2ccc(C(=O)N3CCC3)cc2-c2sc(C#N)cc2C)c(C(F)(F)F)cn1	0.016148
rxn:5:192707:229051:223298	CCCn1cc(-c2c(CN3CCC3)cccc2-c2cc3cccc(C)c3[nH]2)cn1	0.016143
rxn:5:176593:223468:226049	CCOC(=O)c1cc(-c2cc(F)c(OC(F)(F)F)c(F)c2)ccc1-c1c[nH]cn1	0.016140
rxn:5:176855:229285:227196	COC(=O)c1cc(-c2cc(F)c3cnccc3c2)c(-c2cccn2C)cc1OC	0.016138
rxn:5:191335:228254:227667	COc1ccc(-c2ccc(-c3c(F)ccc(C(C)=O)c3F)c(CC#N)c2)c(C)c1F	0.016136
rxn:5:181431:226159:228578	COc1ccc(-c2ccc(C3CC3)nc2)c(C)c1-c1cccc(N2CCCCC2)c1	0.016133
rxn:5:176570:227992:227967	COC(=O)Cc1ccc(-c2cccnc2C2CCC2)c(-c2ccc(C3COC3)cc2)c1	0.016127
rxn:5:176566:227126:228584	COC(=O)Cc1cc(-c2ccnc(C3CC3)c2)ccc1-c1ccc(C2CCOC2)cc1	0.016127
rxn:5:179544:229134:228610	CC(C)(C)c1ccc(-c2ccc(CC3CC3)cc2-c2cc(F)ccc2F)s1	0.016126
rxn:5:181630:225621:229001	CCc1cnccc1-c1c(-c2ccc(OC3CCOC3)c(C)c2)cccc1C1OCCO1	0.016120
rxn:5:188393:228516:227554	CCOC(=O)c1ccnc(-c2cccc(F)c2C(=O)OC)c1-c1cc(C)cc(CC)c1	0.016113
rxn:5:181580:228781:227946	CC(C)c1ccc(-c2ccc(C(C)(C)C)nc2)cc1-c1ccc(C(F)F)cc1	0.016105
rxn:5:176994:228304:228114	COc1cc(-c2ccc(-c3cnc(OC(C)C)nc3)cc2OCC2CC2)ccc1C#N	0.016094
rxn:5:197428:229340:223061	CC(=O)c1c[nH]c2cc(-c3cc(C4CCNCC4)ncc3F)c(-c3ncco3)cc12	0.016070
rxn:5:181422:227752:228718	Cc1ncc(C#N)cc1-c1cccc(-c2ccc(C(F)(F)F)cc2F)c1C1CC1	0.016068
rxn:5:199168:223414:223140	c1cc(-c2ncc(-c3ccnc4[nH]ccc34)c3c2CCCC3)cc(C2CCCNC2)n1	0.016060
rxn:5:195306:227498:226955	COc1cc(N(C)C)ncc1-c1nc(-c2ccc(C)c3cccnc23)ccc1OC	0.016059
rxn:5:198225:228194:226028	Cc1cc(-c2c(C)nn(C(C)C)c2C)cnc1-c1ccc(C(F)(F)F)c(C#N)c1F	0.016050
rxn:5:195527:226331:227342	CCc1cc(-c2ccc(C3(C#N)CC3)cc2F)c(-c2ccc(C(=O)OC)c(C)c2)cn1	0.016049
rxn:5:180203:229166:227660	CC(=O)n1cc(-c2cc(OC3CCOCC3)cc(-c3cc(C(F)(F)F)ccc3C)c2)cn1	0.016041
rxn:5:182634:229029:223189	Cc1cc(-c2cc(-c3ccc(NS(C)(=O)=O)cc3F)c3occc3c2)ccc1F	0.016039
rxn:5:181283:226782:223415	CCc1c(-c2cc(F)c(C(=O)OC)cc2F)cccc1-c1cccc2[nH]cnc12	0.016039
rxn:5:195681:223309:228119	CC(C)Nc1ccc(-c2cc(-c3ccc(SC(C)C)nc3)ccc2S(N)(=O)=O)cc1	0.016021
rxn:5:191496:228666:228267	COC(=O)c1cnc(-c2c(F)ccc(C)c2OC)c(-c2ccc3ocnc3c2)c1	0.016021
rxn:5:196790:229010:223414	CC(C)c1csc(-c2cc(-c3ccnc4[nH]ccc34)ccc2N2CCOCC2=O)c1	0.016021
rxn:5:194414:226971:228387	COc1cc(=O)n(C)cc1-c1c(-c2ccc3c(c2)CCCOC3)ccc2c1CCN2CC1CC1	0.016005
rxn:5:191502:228214:226326	COC(=O)c1cc(-c2cccc(C3(C#N)CC3)c2F)cnc1-c1cnc(C2CC2)cc1F	0.016002
rxn:5:182952:227380:229018	Cc1ccnc(C)c1-c1ccc(-c2ccc(-n3cccc3)nc2)c2c1OCCC2=O	0.015979
rxn:5:179194:229126:227712	Cc1cc(F)c(-c2ccc(-c3ccc(OC(F)F)c(F)c3)cc2OC2CC2)cn1	0.015970
rxn:5:195468:227614:228556	COCc1ccc(-c2cc(C#N)c(C)c(-c3ccccc3-c3ncon3)c2)cc1	0.015962
rxn:5:182708:226608:228104	CC(C)Oc1c(-c2ccc3c(c2-c2c(C#N)cccc2C#N)C(=O)OC3)ccc(F)c1F	0.015956
rxn:5:181855:229029:227292	Cc1cc(-c2cc(-c3ccc(F)c(CN(C)C)c3)ccc2C(C)(C)C)ccc1F	0.015955
rxn:5:191908:223410:227924	CCOc1ccc(-c2cc(CC#N)cc(-c3c[nH]c4cnccc34)c2C)c(C)c1	0.015949
rxn:5:192082:227659:229089	CC(=O)c1sccc1-c1cc(-c2cccc(C(F)(F)F)c2C)cnc1OC1COC1	0.015949
rxn:5:195907:227426:223453	c1cncc(-c2cccc(-c3ncc(-c4ccc(C5CCCO5)nc4)s3)c2)c1	0.015939
rxn:5:196414:229036:229070	COc1ccc(-c2ccc(-c3ccncc3-c3ccc(F)cc3C)cc2)cn1	0.015937
rxn:5:176996:228703:227946	CC(C)(C)c1ccc(-c2cc(OCC3CC3)cc(-c3cnn(C4CCC4)c3)c2)cn1	0.015937
rxn:5:198241:228667:223301	Cc1cc(-c2ccc3cc(C)[nH]c3c2)nc(-c2cc3ncccc3s2)c1	0.015927
rxn:5:198085:223300:226940	Cc1c[nH]c2ccc(-c3ncc(-c4cccc5ccnc(C)c45)s3)cc12	0.015927
rxn:5:188412:226332:222413	CCOC(=O)c1c(-c2ccc(S(N)(=O)=O)cc2C)cncc1-c1ccccc1C(=O)N1CCC1	0.015922
rxn:5:198247:223394:227164	Cc1cc(-c2cccc3cc[nH]c23)c(-c2cnc3ccc(F)cc3c2)cn1	0.015912
rxn:5:176567:228397:223411	COC(=O)Cc1ccc(-c2cc(F)c(F)c(OC)c2)cc1-c1cc2cccnc2[nH]1	0.015911
rxn:5:198665:228349:228400	COc1c(-c2ccc3cc(-c4cnn(C5CCOC5)c4)ncc3c2)ccc(F)c1F	0.015901
rxn:5:181069:226329:227339	COC(=O)c1cc(C)ccc1-c1cccc(-c2ccc(C3(C#N)CC3)c(F)c2)c1OC	0.015901
rxn:5:198327:228580:227163	Cc1cc(-c2cnc3c(F)cccc3c2)c(C)nc1-c1cccnc1C1CC1	0.015892
rxn:5:197761:223468:227287	COc1nc(C(C)C)ccc1-c1cc2c(C(C)C)ccc(-c3c[nH]cn3)c2cn1	0.015888
rxn:5:195316:226891:228644	COc1nc(-c2cc(C)c(F)c(C)c2)ccc1-c1cc(C(F)(F)F)cc(F)c1F	0.015883
rxn:5:188079:225462:229066	CCOC(=O)c1nc(-c2cncnc2CC)sc1-c1cccc(N2CCC(C)CC2)c1	0.015877
rxn:5:177736:227297:229255	CN(C)Cc1ccc(F)c(-c2cc(C(=O)OC(C)(C)C)ccc2-c2ccncc2F)c1	0.015876
rxn:5:189081:223186:227967	CN(C)C(=O)Cc1ccc(-c2cccnc2C2CCC2)cc1-c1cnn(C2CCCCO2)c1	0.015869
rxn:5:176565:228098:227543	CCN(C)c1ccc(-c2ccc(CC(=O)OC)cc2-c2ccc(F)c(C(=O)OC)c2)cn1	0.015867
rxn:5:181906:227296:228062	Cc1ccc(-c2ccc(OC3CCC3)nc2)c(C2OCCO2)c1-c1cncc2c1CCCO2	0.015867
rxn:5:198451:229317:227147	Cc1nn(C)c2ccc(-c3ccc(-c4ccc(F)s4)c4cnoc34)cc12	0.015864
rxn:5:180097:227443:223465	c1cc(-c2cc(OC3CCCC3)cc(-c3cncc(-c4ccsc4)c3)c2)[nH]n1	0.015863
rxn:5:182738:225843:228817	Cc1cn(-c2ccc(-c3cc4c(cc3-c3ccc(C)n(C)c3=O)OCC4)c(F)c2)cn1	0.015857
rxn:5:178994:223136:226741	COCc1cccc(-c2ccncc2C2CCCNC2)c1-c1cc(C(F)(F)F)ccc1C#N	0.015856
rxn:5:188868:226769:223355	CNC(=O)c1ccccc1-c1nccc(C(=O)OC(C)C)c1-c1cc(C(=O)OC)cc(F)c1F	0.015853
rxn:5:192174:228396:228241	COc1cc(F)c(-c2cnc(OC(C)C)c(-c3ccc(F)c(C(C)=O)c3)c2)c(F)c1	0.015846
rxn:5:198401:226129:229310	Cc1nc(-c2nc3c(-c4cccc(CN5CCCC5)c4)cccc3s2)cs1	0.015840
rxn:5:198251:227019:227845	Cc1ccc(-c2cccc(C(C)(C)C#N)c2)nc1-c1cccc2cnccc12	0.015839
rxn:5:195526:228756:228344	CCc1nc(-c2ccc(SC(F)F)cc2)ccc1-c1ccc(SC)nc1C	0.015837
rxn:5:198750:226158:229102	Cn1ccc(-c2cccc3cc(-c4ccccc4N4CCCCC4)cnc23)cc1=O	0.015833
rxn:5:178839:226027:228649	COC(=O)c1cc(-c2ccc(F)c(S(=O)(=O)N(C)C)c2)ccc1-c1c(C)cc(C)cc1F	0.015830
rxn:5:181429:227714:222420	NS(=O)(=O)c1ccccc1-c1cc(-c2ccc(SC(F)(F)F)cc2)cc(C2CC2)c1	0.015830
rxn:5:199066:222416:229002	COc1ccc(-c2c(C)ccc3nccc(-c4ccc5[nH]c(=O)[nH]c5c4)c23)cc1	0.015830
rxn:5:199060:228765:228349	CCc1cc(F)c(-c2ccnc3cc(-c4cnn(C5CCOC5)c4)c(C)cc23)cn1	0.015825
rxn:5:176996:225985:228718	Cc1ncc(C#N)cc1-c1cc(OCC2CC2)cc(-c2cccc(N3CCCS3(=O)=O)c2)c1	0.015824
rxn:5:198911:229217:227317	Cc1c[nH]c2cc(-c3ccc(F)cc3)c(-c3ccnc(OC(C)(C)C)c3)cc12	0.015824
rxn:5:194941:227184:223136	N#Cc1ccc(-c2cnc3ccccc3c2F)cc1-c1ccncc1C1CCCNC1	0.015813
rxn:5:199060:228878:227962	Cc1cc(-c2cc3nccc(-c4cnn(C5COC5)c4)c3cc2C)cc(C2CC2)n1	0.015806
rxn:5:181074:228039:229042	CSc1ccc(-c2cccc(C)c2F)cc1-c1cnc2ccccc2n1	0.015801
rxn:5:189083:229078:227857	CCN(C)C(=O)c1cccc(-c2cncc(OC)c2)c1-c1cccc2ccn(C)c12	0.015801
rxn:5:176858:228713:226974	COC(=O)c1cc(-c2ccn(C(C)(C)C)n2)c(OC)cc1-c1ccc2c(c1)COC2(C)C	0.015787
rxn:5:191514:223186:227590	COC(=O)c1nc(-c2cnn(C3CCCCO3)c2)ccc1-c1ccc(CC(F)(F)F)cc1	0.015785
rxn:5:189540:226053:229300	COC1CN(Cc2cc(-c3ccc(F)c(OC(F)(F)F)c3F)ccc2-c2cncn2C)C1	0.015777
rxn:5:182819:228604:229236	COc1cc(C)cc(-c2ccc3ccc(-c4cc(OC)cs4)cc3c2)c1	0.015773
rxn:5:176591:228312:227925	CCOC(=O)c1cc(-c2cccc(OC(C)C)c2)cc(-c2cc(C#N)ncc2OC)c1	0.015768
rxn:5:181408:227893:227574	COc1c(F)ccc(-c2ccc(-c3cccc(CN(C)C)c3)c(C3CC3)c2)c1OC	0.015763
rxn:5:191510:223358:225600	COC(=O)c1c(-c2cccnc2OC2CCCCC2)ccnc1-c1ccc(NC(C)=O)cc1	0.015763
rxn:5:199104:222988:229162	COc1cnc(-c2cc3cc(-c4cc(C)nc(C5CCNCC5)c4)ccc3c(C)n2)cn1	0.015752
rxn:5:192073:223054:228796	COC(=O)c1cc(-c2ccc(C(C)N3CCC(O)C3)s2)c(C)nc1-c1cc(OC)ccc1F	0.015747
rxn:5:198420:228387:227321	COc1cc(=O)n(C)cc1-c1cnc2ccsc2c1-c1cncc(C2CC2)c1OC	0.015742
rxn:5:198666:228707:228137	CCOc1ncc(-c2cccc3cc(-c4cnn(C(C)(C)C)c4)ncc23)cc1C	0.015742
rxn:5:194522:223245:229102	COc1c(-c2ccc3c(c2-c2ccn(C)c(=O)c2)CCN3CC(C)C)ccc2[nH]ncc12	0.015741
rxn:5:191978:227833:223411	CCCc1cnc(-c2c(C)cc(C)cc2CC)cc1-c1cc2cccnc2[nH]1	0.015737
rxn:5:176568:228602:228897	COC(=O)Cc1cc(-c2ccc(C(C)=O)cc2)ccc1-c1cc(F)cnc1OC	0.015734
rxn:5:179753:223259:229345	CC(=O)Nc1cc(C)c(-c2ccc(Sc3ccc(-c4ccno4)cc3)cc2)cn1	0.015730
rxn:5:196098:228500:227392	CN(C)c1cc(-c2cnc(C(F)(F)F)nc2)cc(-c2cncc(-n3cccc3)c2)c1	0.015720
rxn:5:181578:229204:227354	CCc1sccc1-c1cc(C(C)C)ccc1-c1ccc(F)c(OC(C)C)c1	0.015716
rxn:5:191340:229083:226937	Cc1nccc2c(-c3cccc(CC#N)c3-c3cnc(C(C)C)o3)cccc12	0.015715
rxn:5:193462:223242:227950	Cc1ccc(N(C)C)cc1-c1ccc(-c2ccnc(C3CCNC3)c2)cc1CN1CCC(=O)CC1	0.015708
rxn:5:191508:226760:227131	COC(=O)c1cc(-c2cncc(C(=O)OC)c2-c2cccc(C3CCOC3)c2)cc(F)c1F	0.015707
rxn:5:195524:226748:228824	CCc1cc(-c2ccc(C(F)(F)F)cc2OC)cnc1-c1c(F)cc(C)cc1F	0.015697
rxn:5:191506:228651:227999	COC(=O)c1ccc(-c2ccc(C(C)C)cc2F)c(-c2cnn3ccccc23)n1	0.015694
rxn:5:181627:226887:229073	COc1cnccc1-c1cc(C2OCCO2)ccc1-c1ccc(F)c(C(F)(F)F)c1F	0.015692
rxn:5:182009:229069:227091	COc1ncccc1-c1ccc(-c2cncc(C3CCCC3)c2)cc1C1CCOCC1	0.015691
rxn:5:181857:229014:227959	Cc1cnc(C2CC2)c(-c2cc(-c3ccc(C(C)C)s3)ccc2C(C)(C)C)c1	0.015686
rxn:5:178977:228275:227298	CCOc1ccc(-c2cc(C)cc(F)c2OC)c(-c2cc(F)ccc2CN(C)C)c1	0.015685
rxn:5:181403:227209:227838	COc1cc(C)c(-c2ccc3c(c2)OC(C)(C)O3)cc1-c1cc(C)ccc1C1CC1	0.015679
rxn:5:192170:228685:226084	COCc1cncc(-c2nc(-c3ccc4c(c3)C(=O)CCCC4)ccc2OC(C)C)c1	0.015671
rxn:5:178983:223399:225470	CCOc1cc(-c2ccc(N3CCC(C)CC3)cc2)ccc1-c1ccccc1CNC	0.015668
rxn:5:195462:227126:222996	Cc1c(C#N)ccc(-c2ccc(C3CCOC3)cc2)c1-c1ccc(F)cc1C1CCCNC1	0.015666
rxn:5:181903:228275:228870	COC(=O)c1csc(-c2ccc(C3(C)OCCO3)cc2-c2cc(C)cc(F)c2OC)c1	0.015661
rxn:5:177180:227043:229330	CCOC(=O)c1c(C)cc(-c2ccc(OC(C)C)cc2C)cc1-c1ccsc1	0.015657
rxn:5:178990:226409:229115	COCc1ccc(-c2cn(-c3ccccc3)nc2C)c(-c2cc(F)cnc2C)c1	0.015644
rxn:5:199168:225684:228112	COc1ccc(C#N)cc1-c1ncc(-c2ccc(C3CCOCC3)nc2C)c2c1CCCC2	0.015636
rxn:5:191912:226214:229018	COc1ccc2ccc(-c3c(-c4c(C)ccnc4C)cnc(OC)c3OC)cc2n1	0.015625
rxn:5:177515:223131:229340	c1cc(COc2ccc(-c3ccc(N4CCNCC4)cc3)cc2)cc(-c2ncco2)c1	0.015614
rxn:5:198328:227498:226883	COc1cc(N(C)C)ncc1-c1cnc(-c2c(F)ccc(C(F)(F)F)c2F)c(C)c1C	0.015609
rxn:5:178840:228138:229087	COC(=O)c1ccc(-c2ccc(CC#N)c(F)c2)cc1-c1sccc1C(C)=O	0.015609
rxn:5:179554:228012:228378	CCc1c(OC)cc(-c2cccc(F)c2C2CC2)cc1-c1ccc(C#N)c(F)c1F	0.015606
rxn:5:180098:229126:227958	Cc1cc(F)c(-c2ccc(-c3ccnc(C4CCC4)c3)cc2OC2CCCC2)cn1	0.015605
rxn:5:194946:228754:227155	CSc1ncc(-c2cccc(-c3cc(C)c4cnn(C)c4c3)c2C#N)cc1C	0.015604
rxn:5:198518:223321:228677	Cc1ccc(-c2c[nH]c3cccc(-c4cnn(CC(C)C)c4)c23)c2cn[nH]c12	0.015601
rxn:5:181210:226679:222984	CC(=O)c1cccc(-c2ccc(CN3CCC(O)C3)cc2)c1-c1cnc(N2CCCC2)cc1F	0.015597
rxn:5:193467:228796:227858	COc1ccc(F)c(-c2ccc(-c3cccc4c3CN(C)C4)cc2C(=O)N2CCC[C@@H]2C)c1	0.015594
rxn:5:176998:223446:223235	Cc1cc(-c2cccc(OCC3CC3)c2-c2ccc(-c3cn[nH]c3)cc2)ccn1	0.015589
rxn:5:198675:223449:228447	Cc1ccc(-c2cccc(C(F)F)c2F)c2sc(-c3cc(=O)[nH]cc3F)nc12	0.015572
rxn:5:176856:227543:228832	COC(=O)c1cc(-c2cc(-c3cc(C)cc(F)c3F)cc(C(=O)OC)c2OC)ccc1F	0.015569
rxn:5:178986:228545:227854	CCOc1cc(-c2cccc(CC#N)c2)cc(-c2ccc3c(ccn3C)c2)c1	0.015565
rxn:5:182948:227033:228269	COc1cc(-c2cc3c(c(-c4ccc(C5CC5)c(C#N)c4)c2)OCCC3=O)c(F)cc1C	0.015563
rxn:5:179981:223343:226444	Cc1cc(-c2ccc3c(c2)NC(=O)C3)c(-c2ccc(C3CCCO3)nc2C)cc1OC(C)C	0.015563
rxn:5:193331:228130:228500	N#CCc1ccc(-c2ccc(CN3CCOCC3)c(-c3cnc(C(F)(F)F)nc3)c2)c(F)c1	0.015548
rxn:5:183229:229125:228123	CCOc1cncc(C)c1-c1cc(-c2cncc(C)c2F)cc2c1SCCC2(C)C	0.015545
rxn:5:176863:227348:229076	COC(=O)c1cc(-c2ccc(OC)c(OC)c2C)cc(OC)c1-c1sc(C#N)cc1C	0.015540
rxn:5:177446:228632:223271	COc1c(OC(C)C)cc(-c2c(C)cc(C)nc2C)cc1-c1ccc(F)c(NC(C)=O)c1	0.015539
rxn:5:198413:223417:227349	COc1cc(C)cc(-c2noc3cc(-c4n[nH]c5ccccc45)ccc23)c1OC	0.015536
rxn:5:195467:227066:227807	Cc1cc(C#N)cc(-c2cccc3c2CCCC3)c1-c1cccc(C(=O)C2CC2)c1	0.015530
rxn:5:177287:228181:229131	COCc1cc(F)ccc1-c1ccc(-c2ccc(F)cc2F)cc1COC(C)C	0.015521
rxn:5:181424:227750:228984	COc1c(C)ccc(-c2cc(C)ccc2C)c1-c1cccc(F)c1C(F)(F)F	0.015515
rxn:5:199094:229335:227086	Cc1cccc2c(-c3ccnc(C4CCCC4)c3)c(-c3cscn3)cnc12	0.015514
rxn:5:189539:228817:226855	COc1cc(C(F)(F)F)c(-c2c(C(=O)N(C)C(C)C)cccc2-c2ccc(C)n(C)c2=O)cn1	0.015506
rxn:5:193465:228568:228497	C[C@H]1CCCN1C(=O)c1cccc(-c2ccnn2CC(F)(F)F)c1-c1cccc(N(C)C)c1	0.015495
rxn:5:195303:227859:227736	COc1cnc(-c2cc(C(F)(F)F)cnc2C)c(-c2ccc3ccn(C)c3c2)c1	0.015492
rxn:5:182636:225509:229298	Cn1nc(C2CC2)c2ccc(-c3ccc(-c4cnccn4)c4ccoc34)cc21	0.015482
rxn:5:176853:223056:228871	COC(=O)c1cc(-c2ccc(N3CCC(O)CC3)nc2)c(-c2sccc2C(=O)OC)cc1OC	0.015480
rxn:5:194947:225934:223186	N#Cc1cccc(-c2cnc(C(F)(F)F)c(C3CC3)c2)c1-c1cnn(C2CCCCO2)c1	0.015478
rxn:5:188957:226910:229165	CCC(C)(C)c1ccc(-c2cnc(-c3ccnc(OC)n3)cc2OCC(C)C)cc1	0.015477
rxn:5:182579:227529:227822	COC(=O)c1ccc(-c2cc(C)cc(C)c2-c2c(C)cccc2C(C)C)c(F)c1	0.015468
rxn:5:177447:229235:227969	COc1ccsc1-c1cc(OC)c(OC(C)C)c(-c2ccnc(C)c2C2CC2)c1	0.015464
rxn:5:181412:227021:227834	COc1cc(C)c(-c2ccc(C3CC3)c(C)c2)cc1-c1ccc(C2(C#N)CC2)cc1	0.015463
rxn:5:195318:228519:225814	COc1cc(-c2c(C)cc(C)cc2C)cc(-c2cccc(C3(C(F)(F)F)CC3)c2)n1	0.015457
rxn:5:191355:227833:227849	CCc1cc(C)cc(C)c1-c1cc(C(=O)OC)[nH]c1-c1ccnc2ccccc12	0.015456
rxn:5:195363:227582:225833	CCOc1c(-c2cnc(OC)c(-c3ccnc(N4CCCCC4)c3F)c2)ccc(F)c1F	0.015454
rxn:5:192072:228491:223208	COC(=O)c1cc(-c2cn(C)c(=O)n(C)c2=O)c(-c2cc3cc(OC)ccc3[nH]2)nc1C	0.015448
rxn:5:189668:223200:228320	COC(=O)c1cc(-c2ccc(CC(=O)N3CCCC3)c(-c3ccc(C4CCNC4)cc3)c2)ccn1	0.015444
rxn:5:199062:228747:222409	COc1ccc(-c2ccc3c(-c4c(F)cccc4C#N)ccnc3c2C)cc1S(N)(=O)=O	0.015443
rxn:5:195908:229293:228575	Cc1cc(-c2cnc(-c3ccc(-c4ccc(C#N)c(C)c4)cc3)s2)cs1	0.015436
rxn:5:182011:228714:226395	Cc1cc(C#N)ncc1-c1ccc(C2CCOCC2)cc1-c1cncc(N2CCCCC2)c1	0.015434
rxn:5:192169:228678:227356	CCOc1cc(F)c(C)cc1-c1cnc(-c2ccnn2CC(C)C)c(OC(C)C)c1	0.015429
rxn:5:176565:228340:227992	COC(=O)Cc1ccc(-c2sc(C3CC3)nc2OC)c(-c2ccc(C3COC3)cc2)c1	0.015420
rxn:5:188932:227276:228644	CCc1cc(N(C)C)ncc1-c1cc(C(=O)OC)cc(-c2cc(C)c(F)c(C)c2)c1S(N)(=O)=O	0.015420
rxn:5:181064:227840:227718	COc1cc(-c2ccc(OC(F)F)cc2F)ccc1-c1cccc(C)c1C1CC1	0.015414
rxn:5:195799:227062:228155	CCOc1ccc(-c2c(C3CC3)ccnc2-c2ccc(OC)c(OC)c2)c(C)c1C	0.015412
rxn:5:190585:228829:229251	CCOC(=O)c1[nH]c2cc(-c3cc(C)ncn3)ccc2c1-c1cc(F)c(C)c(F)c1	0.015412
rxn:5:194139:229069:228149	COC(=O)c1ccccc1-c1cc2[nH]cc(OC(C)=O)c2cc1-c1cccnc1OC	0.015409
rxn:5:199105:229334:226358	Cc1cnn(-c2cccc(-c3cc4ccc(-c5cnoc5)cc4c(C)n3)c2)c1	0.015402
rxn:5:195793:223203:227732	COc1c(-c2cn(-c3cncs3)nc2C)ncc(-c2cccc(C3(O)CCC3)c2)c1C	0.015402
rxn:5:199066:228621:229247	CSc1cc(C)ccc1-c1ccnc2ccc(C)c(-c3nn(C)cc3C)c12	0.015400
rxn:5:195907:228699:228866	COCc1noc(C)c1-c1cccc(-c2ncc(-c3cncc(N(C)C)c3)s2)c1	0.015397
rxn:5:189244:228756:228583	CSc1ccc(-c2ccc(-c3ccnc(C(C)C)c3)c(CCN(C)C)c2)c(C)n1	0.015388
rxn:5:191699:228673:227379	CCOc1ncc(-c2cccnc2N2CCCC2)cc1-c1cccc2nscc12	0.015383
rxn:5:198421:223299:223400	CNCc1cccc(-c2ccc3occ(-c4cc5c(C)cccc5[nH]4)c3n2)c1	0.015362
rxn:5:182578:226761:229233	COc1ccc(-c2ccc(-c3ccc(SC)cc3C(F)(F)F)c(C)c2C)s1	0.015360
rxn:5:189448:227982:228126	COc1ccc(-c2cc(C(=O)N3CC(OC)C3)ccc2-c2cc(C)cc(OC)c2C)c(C#N)c1	0.015358
rxn:5:195677:228800:225603	CSc1ccc(F)cc1-c1c(-c2cccc(C3(C#N)CCC3)c2F)cccc1S(N)(=O)=O	0.015349
rxn:5:189448:228218:223147	COC1CN(C(=O)c2ccc(-c3cc(C4CC4)ncc3F)c(-c3ccc(C4CNCCO4)cc3)c2)C1	0.015340
rxn:5:176852:223407:228641	COC(=O)c1cc(-c2cnc3cc[nH]c3c2)c(OC)c(-c2cc(C)c(C)cc2F)c1	0.015322
rxn:5:198225:226026:228069	Cc1cc(-c2ccc(S(=O)(=O)N(C)C)c(F)c2)cnc1-c1ccc(F)c2ccoc12	0.015300
rxn:5:197421:228774:223342	COc1cc2c(-c3ccc4c(c3)OCCN4)nccc2cc1-c1c(F)cccc1OC	0.015294
rxn:5:198415:223056:227969	Cc1nccc(-c2ncc(-c3ccc(N4CCC(O)CC4)nc3)c3occc23)c1C1CC1	0.015293
rxn:5:176570:228461:227340	COC(=O)Cc1ccc(-c2ccc(C)c(C(=O)OC)c2)c(-c2cccnc2OC(F)F)c1	0.015290
rxn:5:193226:228320:227830	COC(=O)c1cc(-c2ccc(C(=O)N3CCOCC3)cc2-c2ccc(C3(C)CC3)cc2)ccn1	0.015282
rxn:5:196873:229217:225440	N#CC1(c2ccc(-c3cc(N4CCOCC4)ccc3-c3ccc(F)cc3)cc2)CCCC1	0.015279
rxn:5:196792:228985:227403	Cc1ccc(-c2ccc(-c3ccc(N4CCCCC4)s3)cc2N2CCOCC2=O)c(C)c1	0.015277
rxn:5:188389:226452:228608	CCOC(=O)c1cc(-c2ccc(C3OCCCO3)cc2)ncc1-c1ccc(C)cc1OC	0.015272
rxn:5:198230:227547:227855	Cc1cc(-c2cnc(-c3cc4ccccc4n3C)cc2C)ccc1OC(F)F	0.015262
rxn:5:195444:227444:229238	CSc1sccc1-c1cc(C(C)=O)c(-c2cncc(C3CCCO3)c2)cn1	0.015261
rxn:5:195816:227635:229237	COc1ncc(-c2cnc(-c3ccco3)nc2)c(C)c1-c1csc(SC)c1	0.015259
rxn:5:195522:228713:227431	CCc1cc(-c2ccc(-c3cscn3)cc2)c(-c2ccn(C(C)(C)C)n2)cn1	0.015254
rxn:5:198683:225632:225870	CN1CCN(c2cccc(-c3cc4c(nc3-c3cc(F)cc(N5CCOCC5)c3)C(=O)CC4)c2)CC1	0.015252
rxn:5:181852:227728:229073	COc1cnccc1-c1ccc(-c2cnc(-c3nccs3)nc2)cc1C(C)(C)C	0.015251
rxn:5:198441:227160:229059	Cc1c2cccc(-c3cccc4c(-c5cnccc5C#N)nsc34)c2nn1C	0.015248
rxn:5:192488:228260:228376	CN(C)Cc1ccc(-c2cc(F)c(C#N)c(F)c2)cc1-c1cccc(C(C)(F)F)c1	0.015238
rxn:5:195526:228279:223302	CCc1cc(F)c(-c2ccc(-c3c(C)ccc4[nH]ccc34)nc2CC)c(F)c1	0.015233
rxn:5:199167:226850:228515	CCc1cccc(C)c1-c1nc2c(cc1-c1cc(OC)nc(C(F)(F)F)c1)CCCC2	0.015231
rxn:5:181325:228259:225880	COc1cc(C)cc(-c2cc(S(C)(=O)=O)ccc2-c2cc(C3CCOCC3)ncc2F)c1F	0.015231
rxn:5:182579:226085:227973	COc1c(C)cc(-c2c(C)cc(C)cc2-c2ccc3c(c2)CCC(C)(C)O3)cc1C	0.015230
rxn:5:195902:229202:223307	CCc1ccc(-c2sc(-c3ccc4c(c3)CCNC4)nc2-c2ccccc2)s1	0.015225
rxn:5:189130:223136:229304	c1ccc(COc2ccc(-c3ccncn3)nc2-c2ccncc2C2CCCNC2)cc1	0.015213
rxn:5:199092:229060:226322	Cc1cc(-c2ccc(C#N)nc2)c2nccc(-c3ccc(C(=O)N(C)C)cc3C)c2c1	0.015209
rxn:5:195465:225874:227029	Cc1c(-c2ccc(F)c(N3CCOCC3)c2)ccc(C#N)c1-c1ccccc1C(C)(C)C#N	0.015209
rxn:5:198085:227547:226385	Cc1cc(-c2ncc(-c3ccc(-c4cccnc4)nc3)s2)ccc1OC(F)F	0.015202
rxn:5:195958:228120:223281	CCOc1ncc(C)cc1-c1ccc(-c2cnco2)cc1-c1ccc(C2(O)COC2)nc1	0.015188
rxn:5:196623:226069:229058	N#Cc1ncccc1-c1cc(-c2cccc(C3CCCCC3)c2)cc(N2CCCC2=O)c1	0.015172
rxn:5:198749:228717:228242	COc1cc(F)c(C)cc1-c1ccc2ncc(-c3cn(C4CC4)nc3C)cc2c1	0.015170
rxn:5:195307:227433:228079	COc1cnc(-c2cccc(-c3cscn3)c2)c(-c2cccc3c2COC3=O)c1	0.015163
rxn:5:196614:223444:227522	CNc1cc(-c2cc(-c3ccc(C(=O)OC)nc3C)ccc2-c2cccn2C)ccn1	0.015152
rxn:5:198911:226649:228656	Cc1c[nH]c2cc(-c3cccnc3N3CCOCC3)c(-c3cccn4ccnc34)cc12	0.015151
rxn:5:198621:225436:229285	Cn1cccc1-c1ccnc2c(-c3ccc(CN4CCCCC4)cc3)cccc12	0.015144
rxn:5:191683:226931:228964	CCOc1ccc(-c2cnc(C(=O)OC)s2)nc1-c1c(C)ccc2ncccc12	0.015143
rxn:5:198248:226081:223056	COc1ccc2c(-c3ccnc(C)c3-c3ccc(N4CCC(O)CC4)nc3)cccc2c1	0.015138
rxn:5:178994:227389:227197	COCc1cccc(-c2ccnc(-n3cccc3)c2)c1-c1ccc2c(c1)C(=O)N(C)C2	0.015134
rxn:5:182838:229086:226915	CC(=O)c1ccc(-c2cc3c(cc2-c2ccc(C4CCCC4)cc2)C(=O)CC3)s1	0.015133
rxn:5:181405:228038:228592	CC(C)c1cncc(-c2cc(C3CC3)ccc2-c2ccc3c(c2)ncn3C)c1	0.015122
rxn:5:181423:223288:228035	CNS(=O)(=O)c1cccc(-c2cc(C)c(-c3cn(C)c4ncccc34)c(SC)c2)c1	0.015122
rxn:5:191497:228976:227839	COC(=O)c1cc(-c2c(C)cccc2C2CC2)ncc1-c1ccc2c(c1)C=C2	0.015121
rxn:5:195679:227657:227388	NS(=O)(=O)c1cc(-c2ccn(-c3ccccc3)n2)cc(-c2ccc(N3CCOCC3)s2)c1	0.015118
rxn:5:178986:227822:223406	CCOc1cc(-c2c(C)cccc2C(C)C)cc(-c2cncc3cc[nH]c23)c1	0.015104
rxn:5:193155:229255:226596	CC(C)Oc1c(F)ccc(-c2ccc(-c3ccncc3F)cc2CN2CCCC2)c1F	0.015102
rxn:5:183228:228864:226583	CCOc1ncc(-c2cc3c(c(-c4ccc(CN5CCOCC5)s4)c2)OC(C)(C)CC3)cn1	0.015101
rxn:5:196618:223010:228214	O=C1CCCN1c1cc(-c2ccc(C3(O)CCOCC3)cc2)ccc1-c1cnc(C2CC2)cc1F	0.015097
rxn:5:177273:223410:223251	CC(C)COc1ccc(-c2c[nH]c3cnccc23)cc1-c1ccc2c(c1)OCC(=O)N2	0.015089
rxn:5:198647:228585:229087	CC(=O)c1ccsc1-c1ccc2ccnc(-c3cnccc3C3CC3)c2c1	0.015086
rxn:5:195327:226610:228587	CCc1cc(-c2ncc(SC)cc2-c2cc(C)cc(C#N)c2)cc(C(F)(F)F)c1	0.015085
rxn:5:198322:226383:229088	CC(=O)c1csc(-c2c(C)cc(-c3cccc(-c4cnn(C)c4)c3)nc2C)c1	0.015080
rxn:5:198281:226177:226923	Cc1cc(C2CC2)c(C)cc1-c1cc(-c2ccnc(C3CCCCC3)c2)cnc1C	0.015072
rxn:5:198441:229015:228723	CC(C)c1sccc1-c1cccc2c(-c3ccc(C#N)c(F)c3)nsc12	0.015069
rxn:5:198430:228695:223018	CN(C)Cc1cc(-c2cc(-c3ccc4c(c3)NC(=O)C(C)(C)O4)cc3ncoc23)cs1	0.015067
rxn:5:191499:226579:229077	COC(=O)c1ccc(-c2cc(F)cc(C(=O)N(C)C)c2)nc1-c1ccc(SC)nc1	0.015051
rxn:5:176759:228986:227818	CCC(C)c1cccc(-c2ccc(-c3cccc(C)c3C)c(CCOC)c2)c1	0.015049
rxn:5:192338:227946:227610	CC(C)(C)c1ccc(-c2ccc(C(C)(C)C#N)c(-c3ccn(C4CCCCO4)n3)c2)cn1	0.015048
rxn:5:176758:223200:223352	CCCOc1cc(-c2ccc(C3CCNC3)cc2)cc(-c2ccc(NC(C)C)nc2)c1	0.015047
rxn:5:198227:227974:225819	COc1cc(C)c(-c2ccc(-c3cc(C(F)(F)F)ccc3C3CC3)nc2C)c(C)c1	0.015039
rxn:5:178840:229107:226931	COC(=O)c1ccc(-c2c(C)cncc2F)cc1-c1c(C)ccc2ncccc12	0.015034
rxn:5:198626:229042:228372	Cc1cccc(-c2ccc3nc(-c4cc(F)c(C#N)cc4F)ccc3c2)c1F	0.015031
rxn:5:199302:227073:223271	COc1cc(-c2cc(-c3ccc(F)c(NC(C)=O)c3)cc3c2N(C)CCC3)cc(C2CC2)c1	0.015030
rxn:5:179980:228755:227739	COc1cncc(-c2ccc(OC(C)(C)C)cc2-c2cnc(C(F)(F)F)c(C)c2)c1C	0.015028
rxn:5:198628:228267:223360	CNCc1cccc(-c2ccc3c(-c4c(F)ccc(C)c4OC)cccc3n2)c1F	0.015026
rxn:5:192565:228981:227932	CCc1cccc(-c2ccc(C3(C#N)CCC3)c(-c3cc(COC)ccc3C)c2)c1	0.015025
rxn:5:182574:227613:227136	CCn1ccc2cc(-c3cc(C)c(C)cc3-c3cnn(C4CCOCC4)c3)cnc21	0.015025
rxn:5:191681:223111:228697	CCOc1cc(-c2ccnc(COC)c2)cnc1-c1cccc2[nH]nc(C(C)C)c12	0.015023
rxn:5:193158:227950:229077	CSc1ccc(-c2c(CN3CCCC3)cccc2-c2cc(N(C)C)ccc2C)cn1	0.015022
rxn:5:177373:227624:229306	Cc1cnc(-c2ccc(OCC3OCCO3)c(-c3ccc(-c4nnco4)cc3)c2)s1	0.015017
rxn:5:193227:227508:228549	CCCc1ccc(-c2cc(C(=O)N3CCOCC3)cc(-c3cc(C)nc(C(=O)OC)c3)c2)cn1	0.015016
rxn:5:194150:228712:228707	COC(=O)c1ccc2c(-c3cnn(C(C)(C)C)c3)c(-c3ccnn3C3CCC3)[nH]c2c1	0.015009
rxn:5:176588:226895:229303	CCOC(=O)c1ccc(-c2ncccn2)c(-c2cc(F)c(C(F)(F)F)cc2F)c1	0.015008
rxn:5:178976:228505:227081	CCCc1ccc(-c2cc(-c3ccc(N4CCCC4)cc3)ccc2OCC)cc1	0.015007
rxn:5:178991:222956:228655	COCc1cc(-c2ccc(C)cc2C2CCCNC2)cc(-c2cnc3ccccn23)c1	0.015006
rxn:5:197572:223442:227623	CNc1ccc(-c2cc3c(c(-c4ccc(-n5ccc(C)n5)s4)c2)N(C(C)=O)CC3)cc1	0.015004
rxn:5:195928:229306:227446	Cc1cnc(-c2ncc(-c3cccc(-c4ccc(C5OCCO5)cc4)c3)s2)s1	0.014990
rxn:5:198656:228653:227304	Cc1cc(OC(C)C)ncc1-c1cnc(-c2cnn3c2CCCC3)c2ccccc12	0.014981
rxn:5:182851:228662:228412	COc1cc(-c2cc3c(c(-c4cc5cnccc5s4)c2)OCCO3)c(F)cc1F	0.014979
rxn:5:191558:225479:229246	COC(=O)c1c(-c2ccc(-c3ccccc3)c(F)c2)cncc1-c1cnc(C)n1C	0.014972
rxn:5:179981:227932:228632	COCc1ccc(C)c(-c2cc(C)c(OC(C)C)cc2-c2c(C)cc(C)nc2C)c1	0.014962
rxn:5:195799:228584:226425	CC1CCCCN1c1ccc(-c2nccc(C3CC3)c2-c2ccnc(C3CC3)c2)s1	0.014961
rxn:5:198280:226910:226187	CCC(C)(C)c1ccc(-c2cc(-c3cccc(C4CCOCC4)c3)cnc2C)cc1	0.014957
rxn:5:181075:226130:228780	COc1c(F)cccc1-c1cccc(-c2ccc(CN3CCCC3)cc2)c1SC	0.014953
rxn:5:196083:228189:228678	CCSc1ccc(F)c(-c2cnc(-c3ccnn3CC(C)C)cc2C(C)C)c1	0.014948
rxn:5:198438:228114:227528	COC(=O)c1ccc(-c2ccc3nc(-c4ccc(C#N)c(OC)c4)oc3c2)cc1F	0.014943
rxn:5:181536:225454:226649	CN1CC=C(c2ccc(-c3ccc(C4COC4)c(-c4cccnc4N4CCOCC4)c3)cc2)CC1	0.014940
rxn:5:191699:228191:226954	CCOc1ncc(-c2cnc3cc(C)ccc3c2)cc1-c1cnc(N(C)C)c(C)c1	0.014932
rxn:5:194414:228762:227674	CCn1cc(-c2ccc3c(c2-c2cc(C)c(F)c(F)c2OC)CCN3CC2CC2)ccc1=O	0.014924
rxn:5:195433:228024:223301	CC(=O)c1nc(-c2ccc3cc(C)[nH]c3c2)ccc1-c1cccc2cnn(C)c12	0.014909
rxn:5:181418:228447:228252	COc1cc(-c2cccc(C(F)F)c2F)c(C)cc1-c1c(OC)ccc(C)c1F	0.014901
rxn:5:198666:229246:226945	Cc1cc(-c2cccc3cc(-c4cnc(C)n4C)ncc23)c2ncccc2c1	0.014901
rxn:5:181737:227082:223455	c1cc(-c2ccc(-c3ccccc3N3CCCC3)cc2)cc(-c2cnccn2)c1	0.014883
rxn:5:198918:227875:227288	Cc1cc(-c2ccccc2C(=O)N(C)C)cc2c(-c3cccc4c3CCCO4)c[nH]c12	0.014881
rxn:5:195365:223296:228428	COc1cc(F)c(F)c(-c2cnc(SC)c(-c3cc4ccc(C)cc4[nH]3)c2)c1	0.014878
rxn:5:178975:226735:227893	CCOc1ccc(-c2cc(C#N)cc(C(F)(F)F)c2)cc1-c1cccc(CN(C)C)c1	0.014878
rxn:5:192492:229062:225635	Cc1cc(C)n(-c2cccc(-c3cc(CN(C)C)ccc3-c3ccc(C#N)n3C)c2)n1	0.014871
rxn:5:193334:228257:228151	COC(=O)c1cccc(-c2cccc(CN3CCOCC3)c2-c2c(F)cc(C)cc2OC)c1	0.014864
rxn:5:195527:227346:227088	CCCc1cc(F)c(-c2cc(CC)ncc2-c2cc(C)nc(C(C)(C)C)c2)c(F)c1	0.014855
rxn:5:198911:227875:227492	COc1ncnc(C2CC2)c1-c1cc2c(C)c[nH]c2cc1-c1cccc2c1CCCO2	0.014846
rxn:5:179542:228748:227673	COc1cc(C)c(-c2ccc(-c3cccc(C(C)(F)F)c3F)cc2OC(C)C)cn1	0.014838
rxn:5:198749:228019:228454	COc1cc(-c2ccc3ncc(-c4cc(C(C)=O)ccc4C)cc3c2)c(OC)nn1	0.014836
rxn:5:195677:227140:228277	COc1ccc(F)c(C)c1-c1cccc(S(N)(=O)=O)c1-c1cc2cccc(C#N)c2s1	0.014836
rxn:5:198516:226386:229115	Cc1ncc(F)cc1-c1cc(-c2cccnc2-c2ccccn2)cc2[nH]ccc12	0.014835
rxn:5:191681:226319:225652	CCOc1cc(-c2cncc(N3CCCC(C)C3)c2)cnc1-c1ccc(C(=O)N2CCC2)cc1	0.014833
rxn:5:182840:227409:228020	CC(C)(C)c1cc(-c2c(-c3c(F)cccc3C3CC3)ccc3c2C(=O)CC3)c(F)cn1	0.014815
rxn:5:196187:223417:228574	Cc1ccc(-c2cc(-c3n[nH]c4ccccc34)ccc2-n2cccc2)c(C#N)c1	0.014807
rxn:5:176858:228612:227381	COC(=O)c1cc(-c2cccc(OC)c2C)c(OC)cc1-c1cnc(C2CCCC2)nc1	0.014802
rxn:5:199090:229228:223394	Cc1cc2nccc(-c3cccc4cc[nH]c34)c2cc1-c1ccsc1C#N	0.014794
rxn:5:192169:226580:227934	CCOc1ccc(C)c(-c2cnc(-c3cc(C(=O)N(C)C)ccc3F)c(OC(C)C)c2)c1	0.014786
rxn:5:181903:227817:228571	CC(C)Cc1ccccc1-c1cc(C2(C)OCCO2)ccc1-c1ccc(N(C)C)cc1	0.014784
rxn:5:195430:225929:227033	CC(=O)c1ncc(-c2ccc(C3CC3)c(C#N)c2)cc1-c1ccc(S(=O)(=O)N(C)C)c(C)c1	0.014781
rxn:5:195911:222984:229020	Cc1cc(-c2ccc(-c3cocn3)c(-c3ccc(CN4CCC(O)C4)cc3)c2)cc(C)n1	0.014778
rxn:5:179542:223202:227835	Cc1ccc(-c2ccc(-c3ccc(C4(O)CCC4)cc3)c(OC(C)C)c2)cc1C1CC1	0.014774
rxn:5:198448:223413:223131	c1cc2c(-c3cc(-c4ccc(N5CCNCC5)cc4)cc4sncc34)cncc2[nH]1	0.014754
rxn:5:192084:226751:229001	CCc1cnccc1-c1cc(-c2ccc(OC(F)(F)F)cc2C)ccc1C1(C#N)CC1	0.014754
rxn:5:194949:229072:227862	CSc1cncc(-c2c(C#N)cccc2-c2cc3cccc(C)c3s2)c1	0.014750
rxn:5:196188:229060:226198	CCCn1ncc2cc(-c3ccc(C4=NOCC4)c(-c4ccc(C#N)nc4)c3)ccc21	0.014748
rxn:5:192493:227625:227050	Cc1cc(-c2ccc(-c3cnc(C4CCCO4)nc3)cc2CN(C)C)ccc1OC(C)C	0.014741
rxn:5:196333:223377:228477	O=C1Cc2cc(-c3ccc(-c4cccc(-c5cnccc5C(F)(F)F)c4)cn3)cnc2N1	0.014740
rxn:5:191917:223346:228060	COc1ncc(-c2ccc3c(c2)CNC3=O)c(SC)c1-c1ccc2nc(C)sc2c1	0.014738
rxn:5:195449:226365:228702	CC(=O)c1c(-c2cncnc2C(C)C)ccnc1-c1cnn(-c2ccc(C)cc2)c1	0.014729
rxn:5:180203:228401:223218	COc1c(F)ccc(F)c1-c1cc(OC2CCOCC2)cc(-c2ccc3c(c2C)NCCO3)c1	0.014720
rxn:5:195313:227808:226943	COc1cc(-c2cccc3cc(C)ncc23)cc(-c2ccc3c(c2)CCCC3)n1	0.014719
rxn:5:182842:226597:228105	CCN(C)c1cc(-c2cc3c(c(-c4cc(F)c(OC(C)C)c(F)c4)c2)CCC3=O)ccn1	0.014708
rxn:5:179205:228789:225620	COc1cc(-c2ccc(OC3CCOCC3)cc2)c(OC)c(-c2ccc(F)cc2OC)c1	0.014704
rxn:5:197408:227091:229251	COc1ccc2c(-c3cc(C)ncn3)ncc(-c3cncc(C4CCCC4)c3)c2c1	0.014695
rxn:5:198403:229011:227495	CCN(C)c1cc(-c2cc(-c3ccc(C4CC4)s3)cc3ncoc23)c(F)cn1	0.014691
rxn:5:178975:223141:227059	CCOc1ccc(-c2cncc(C3CCNCC3)c2)cc1-c1ccc(OC)c(C(C)C)c1	0.014689
rxn:5:179840:229024:227845	Cc1cc(-c2ccc(O[C@@H]3CCOC3)cc2-c2cccc3cnccc23)cnc1C	0.014687
rxn:5:198921:229280:225465	CN1CCC(c2cccc(-c3cccc4c3c(-c3cnc(F)nc3)cn4C)c2)CC1	0.014685
rxn:5:181403:228499:225600	COc1cc(C)c(-c2cc(C(F)(F)F)nn2C)cc1-c1cccnc1OC1CCCCC1	0.014670
rxn:5:182578:228108:227634	CCc1ncc(C#N)cc1-c1ccc(-c2cnc(-c3ccsc3)nc2)c(C)c1C	0.014664
rxn:5:198439:225470:229240	Cc1ncc(-c2nsc3cc(-c4ccc(N5CCC(C)CC5)cc4)ccc23)cn1	0.014658
rxn:5:196793:228125:227326	COC(=O)c1ccc(C)c(-c2cc(N3CCOCC3=O)ccc2-c2ccnc(OC(C)C)c2)c1	0.014649
rxn:5:191553:227953:227051	CCC(=O)c1ccc(-c2cc(OC)c(C#N)cc2-c2ccc(N(C)C)cc2C)c(C)c1	0.014644
rxn:5:196923:229062:227156	Cc1nn(C)c2c(-c3cc(N4CCCCC4=O)ccc3-c3ccc(C#N)n3C)cccc12	0.014643
rxn:5:198236:225595:227040	Cc1ccc(OC(C)C)c(-c2cc(-c3ccc(F)c(CN4CCCC4)c3)cc(C)n2)c1	0.014630
rxn:5:191234:226572:226765	COC(=O)c1ccc(-c2nc(C(=O)OC)c(-c3cnc(OC4CCCC4)nc3)s2)c(F)c1F	0.014624
rxn:5:178990:228566:227554	COCc1ccc(-c2ccsc2CC(C)C)c(-c2cccc(F)c2C(=O)OC)c1	0.014624
rxn:5:198682:227566:228713	COc1ccc(-c2c(-c3ccn(C(C)(C)C)n3)ccc3ncccc23)c(OC)c1F	0.014616
rxn:5:191494:223111:229037	CC(=O)Oc1cnc(-c2ccc(C)c(F)c2)c(-c2cccc3[nH]nc(C(C)C)c23)c1	0.014605
rxn:5:197424:226320:229251	COc1cc(-c2cc(C3(C#N)CC3)ccc2F)c(-c2cc(C)ncn2)c2ncccc12	0.014589
rxn:5:181202:227973:226444	COc1c(C)cc(-c2ccc(-c3ccc(C4CCCO4)nc3C)cc2C(C)=O)cc1C	0.014588
rxn:5:181410:229243:226445	Cc1nc(-c2ccsc2)ccc1-c1ccc(C2CC2)cc1-c1cn(C)nc1C	0.014586
rxn:5:182841:227130:229056	CC(C)n1nccc1-c1cc2c(cc1-c1ccc(-c3ccoc3)cc1)C(=O)CC2	0.014582
rxn:5:181498:223082:229256	CNS(=O)(=O)c1c(C)cc(-c2ccc(-c3cccc(-c4c(C)noc4C)c3)o2)cc1C	0.014582
rxn:5:195528:225616:226186	CCc1cnc(-c2ccccc2C(=O)N2CCCC2)cc1-c1ccccc1C1CCOCC1	0.014569
rxn:5:177186:227079:229210	CCOC(=O)c1cc(-c2ccc(C)nc2)c(-c2cc(CC(C)C)ccc2F)cc1C	0.014559
rxn:5:195526:226397:227432	CCc1nc(-c2ccc(C3COC3)nc2C)ccc1-c1ccccc1-c1cncnc1	0.014554
rxn:5:192417:228063:229227	N#Cc1cc(-c2cc(Oc3ccc(-c4cnc5c(c4)COCC5)cc3)ccn2)cs1	0.014554
rxn:5:192169:223289:227876	CNS(=O)(=O)c1ccccc1-c1ncc(-c2c(C)oc3ccccc23)cc1OC(C)C	0.014554
rxn:5:183066:226192:223458	Cc1ccccc1-c1csc(-c2ccc3c(c2-c2c[nH]nc2C)CCCC3=O)c1	0.014552
rxn:5:189323:229084:223136	CC(C)c1ncsc1-c1cnc(-c2ccncc2C2CCCNC2)cc1C(=O)OC(C)(C)C	0.014547
rxn:5:191337:228511:226151	Cc1cc(OC(C)C)c(-c2cccc(-c3ccc(C4CC4)cc3)c2CC#N)cc1C	0.014546
rxn:5:180022:228066:227738	COc1c(-c2cc(C(F)(F)F)ncc2C)ccc(-c2ccc3c(c2)OCCO3)c1C1OCCO1	0.014531
rxn:5:182648:227666:229314	CC(=O)c1ccc(-c2c(-c3scnc3C)ccc3sccc23)c(F)c1F	0.014530
rxn:5:188632:226380:229210	COC(=O)c1nc(OC)c(-c2ccc(-n3ccnc3)cc2C)cc1-c1ccc(C)nc1	0.014525
rxn:5:181320:227755:228277	COc1ccc(F)c(C)c1-c1ccc(-c2cc(C(F)(F)F)ccc2F)cc1S(C)(=O)=O	0.014515
rxn:5:179709:225987:229008	O=S1(=O)CCCN1c1ccc(-c2cc(-c3ccc(CF)cc3)ccc2OC2CCC2)cc1	0.014514
rxn:5:198451:227390:228556	COCc1ccc(-c2ccc(-c3ccnn3C3CCCCC3)c3cnoc23)cc1	0.014507
rxn:5:189081:227522:227814	COC(=O)c1ccc(-c2cc(-c3ccc(CC4CC4)cc3)ccc2CC(=O)N(C)C)c(C)n1	0.014490
rxn:5:183190:227085:228979	CCc1ccccc1-c1cc2c(c(-c3ccc(C4CCCC4)nc3)c1)CC(C)(C)C2=O	0.014489
rxn:5:198409:227560:223345	COc1ccc(-c2cc3ccc(-c4cccc5c4NC(=O)C5)nc3s2)cc1C(F)F	0.014473
rxn:5:181903:227298:228156	COc1ccc(OC)c(-c2ccc(C3(C)OCCO3)cc2-c2cc(F)ccc2CN(C)C)c1	0.014462
rxn:5:198638:229293:227728	Cc1cc(-c2ccc3ccc(-c4cnc(-c5nccs5)nc4)nc3c2)cs1	0.014446
rxn:5:198662:227736:223343	Cc1ncc(C(F)(F)F)cc1-c1nccc2cc(-c3ccc4c(c3)NC(=O)C4)ccc12	0.014444
rxn:5:183190:227827:228557	COCc1cccc(-c2cc3c(c(-c4cc(C5CC5)ccc4C)c2)CC(C)(C)C3=O)c1	0.014438
rxn:5:195902:228896:228978	CCc1ccc(-c2nc(-c3ccccc3)c(-c3cnc(OC)c(F)c3)s2)cc1	0.014427
rxn:5:188253:225639:229222	COC(=O)c1cc(C#N)cc(-c2cccnc2N2CCC(C)CC2)c1-c1cc(C)c(C)s1	0.014427
rxn:5:181406:228339:226953	COC(=O)c1cnccc1-c1ccc(OC)c(C)c1-c1c(C)ccc2cccnc12	0.014408
rxn:5:198913:227844:229107	Cc1cc2c(-c3ccc4ncccc4c3)cc(-c3c(C)cncc3F)cc2[nH]1	0.014408
rxn:5:182641:229210:225591	Cc1ccc(-c2coc3cc(-c4cc(CN5CCCC5)ccc4F)ccc23)cn1	0.014406
rxn:5:181074:227839:225873	CSc1ccc(-c2cccc(N3CCOCC3=O)c2)cc1-c1c(C)cccc1C1CC1	0.014399
rxn:5:180569:223396:229291	COC(=O)c1cc2ccc(-c3ccc4c(c3)NCC4)c(-c3cc(C)cs3)c2s1	0.014396
rxn:5:191356:226151:226366	COC(=O)c1[nH]cc(-c2cc(C)c(C)cc2OC(C)C)c1-c1ccnc(N2CCCCC2)c1	0.014389
rxn:5:182502:228606:226036	CCc1ccc(F)c(-c2ccc(-c3cc(C(F)(F)F)cc(F)c3OC)c(C)c2)c1	0.014363
rxn:5:182640:228257:228738	COc1cc(-c2ccc3scc(-c4c(F)cc(C)cc4OC)c3c2)cc(C)n1	0.014348
rxn:5:197169:227978:228198	Cc1nc(C(C)C)ncc1-c1cc2c(c(-c3cc(C(C)C)ccc3F)c1)OCC(C#N)=C2	0.014347
rxn:5:196332:223442:228635	CNc1ccc(-c2ccc(-c3ccccc3-c3ccc(F)c(C)c3C)cn2)cc1	0.014345
rxn:5:195300:226919:228261	COc1cc(-c2cccc(C3CCCC3)c2)ncc1-c1c(SC)ccc(F)c1C	0.014339
rxn:5:181417:223201:228539	COc1cc(-c2ccc3ccsc3c2)c(C)cc1-c1ccccc1C1CCNC1	0.014337
rxn:5:189082:227084:228258	COc1c(F)ccc(C)c1-c1ccc(CC(=O)N(C)C)cc1-c1ccc(C(C)(C)C)nc1C	0.014334
rxn:5:199105:229256:226973	Cc1noc(C)c1-c1ccc2cc(-c3ccc4c(c3)C(C)(C)CO4)nc(C)c2c1	0.014333
rxn:5:192083:228690:228667	CCOc1cncc(-c2ccc(C3(C#N)CC3)cc2-c2cc3ncccc3s2)c1	0.014331
rxn:5:192488:227107:228315	CCOc1cc(-c2ccc(CN(C)C)c(-c3cc(C)cc(C4CC4)c3F)c2)c(F)cn1	0.014329
rxn:5:196971:227587:229133	COc1cc(-c2cc(-c3cc(F)cc(F)c3)c(C3CCCCC3)cn2)cc(F)c1OC	0.014319
rxn:5:196243:227916:227034	N#Cc1cccc(C2CC2)c1-c1nccc(-c2ccc(OC3CC3)cc2)c1C1CCC1	0.014315
rxn:5:193230:223315:222422	Cc1ccc2[nH]ncc2c1-c1ccc(C(=O)N2CCOCC2)c(-c2c[nH]c(=O)[nH]c2=O)c1	0.014314
rxn:5:195320:228067:227971	COc1ccc(-c2cnccc2C(C)(C)C)c(-c2cc3ccc(F)cc3s2)n1	0.014309
rxn:5:196668:227670:229218	CC(F)(F)c1cc(F)cc(-c2cc(-c3cccc(F)c3)c(C3CCCC3)cn2)c1	0.014307
rxn:5:198418:227912:228322	CCOc1ncc(-c2noc3c(-c4ccc(C(C)OC)cc4)cccc23)cc1F	0.014306
rxn:5:191498:227529:228472	COC(=O)c1ccc(-c2ncc(C(=O)OC)cc2-c2ccc(C(F)(F)F)nc2)c(F)c1	0.014298
rxn:5:195523:227021:225808	CCc1ccnc(-c2cc(OC3CCCC3)ncc2F)c1-c1ccc(C2(C#N)CC2)cc1	0.014292
rxn:5:188868:228349:226837	Cc1nn(CC(F)(F)F)c(C)c1-c1nccc(C(=O)OC(C)C)c1-c1cnn(C2CCOC2)c1	0.014290
rxn:5:193225:228740:223299	Cc1cccc2[nH]c(-c3ccc(-c4ccc(C#N)cc4F)cc3C(=O)N3CCOCC3)cc12	0.014284
rxn:5:199279:227657:227336	CC(C)Oc1cc(F)ccc1-c1cc2c(c(-c3ccc(N4CCOCC4)s3)c1)CCN(C)C2=O	0.014280
rxn:5:189249:225583:228545	CCN(C)Cc1ccc(-c2cccc(CC#N)c2)cc1-c1cccc(C(=O)N2CCCC2)c1	0.014275
rxn:5:199101:227959:228722	Cc1cnc(C2CC2)c(-c2nc3ccccc3c(-c3cncc(C#N)c3C)c2C)c1	0.014272
rxn:5:181427:228511:227909	CCC(C)c1cc(-c2cc(SC)c(C)c(-c3ccc(C4CC4)cc3)c2)ccn1	0.014270
rxn:5:193334:228064:226844	O=C1CCc2ncc(-c3c(CN4CCOCC4)cccc3-c3ccnc(C(=O)C(F)(F)F)c3)cc21	0.014269
rxn:5:191552:225508:229024	COC(=O)c1ncc(-c2cnc(C)c(C)c2)cc1-c1ccc2c(c1)c(C1CC1)nn2C	0.014269
rxn:5:177086:229042:228672	CCCCc1ccc(-c2ccc3cnoc3c2)c(-c2cccc(C)c2F)c1	0.014264
rxn:5:182892:223210:228671	COc1cccc2[nH]c(-c3ccc4c(c3)CCC4c3cccc4oncc34)cc12	0.014263
rxn:5:191514:228075:229045	COC(=O)c1nc(-c2cc3c(F)cccc3s2)ccc1-c1cc(C)cc(F)c1	0.014260
rxn:5:191915:223310:228443	CSc1c(F)ccc(-c2cc(-c3ccc(NC4CC4)cc3)ccc2C(C)C#N)c1F	0.014254
rxn:5:198407:223310:223202	OC1(c2ccc(-c3noc4ccc(-c5ccc(NC6CC6)cc5)cc34)cc2)CCC1	0.014246
rxn:5:198444:228032:228846	Cc1cc(-c2ccnc3occ(-c4cnc5cccnc5c4)c23)cc(F)c1F	0.014241
rxn:5:196352:228590:223260	CNC(=O)c1cc(F)cc(-c2ccccc2-c2ncccc2-c2cccc(C)c2C#N)c1	0.014233
rxn:5:198670:227969:226898	Cc1nn(S(=O)(=O)N(C)C)cc1-c1cccc2c(-c3ccnc(C)c3C3CC3)cncc12	0.014231
rxn:5:199097:227534:229208	CCOc1cc(F)c(-c2ccnc3c(C)cc(-c4cncc(C)c4)cc23)c(F)c1	0.014228
rxn:5:199099:228692:229035	Cc1c(F)cccc1-c1cc2c(-c3ccc(CN(C)C)s3)cccc2c(C)n1	0.014217
rxn:5:192072:222987:223130	COC(=O)c1cc(-c2ccc(C3CCNCC3)nc2C)c(-c2ccc(CN3CC(O)C3)cc2)nc1C	0.014217
rxn:5:196871:223002:227519	COC(=O)c1cc(C)c(-c2ccc(-c3ccc(C4CCNCC4)cc3F)c(N3CCOCC3)c2)cn1	0.014216
rxn:5:189335:223329:228548	CCCc1cncc(-c2c(OC)cc(C(=O)N(C)C)cc2-c2c(C)ccc3cn[nH]c23)c1	0.014203
rxn:5:181427:227611:227965	CSc1cc(-c2c(C)ccnc2C(C)C)cc(-c2ccnn2C2CCCCO2)c1C	0.014202
rxn:5:176565:227910:227946	CCC(C)c1ccc(-c2ccc(CC(=O)OC)cc2-c2ccc(C(C)(C)C)nc2)cn1	0.014200
rxn:5:191552:229000:226083	CCc1ccncc1-c1cc(-c2ccc3ccccc3c2OC)cnc1C(=O)OC	0.014193
rxn:5:195905:228114:229005	COc1cc(-c2ncc(-c3ccc(-c4ccccc4OC)cc3)s2)ccc1C#N	0.014193
rxn:5:176856:226382:229037	COC(=O)c1cc(-c2ccc(C)c(F)c2)cc(-c2cnc(C3CCCCC3)nc2)c1OC	0.014191
rxn:5:182891:228637:223338	Cc1cc(-c2cccc3c2CCC3c2cc(F)cc3[nH]ccc23)c(C)cc1F	0.014187
rxn:5:182842:225874:223319	Cc1cc(-c2cc3c(c(-c4ccc(F)c(N5CCOCC5)c4)c2)CCC3=O)cc2cn[nH]c12	0.014187
rxn:5:182825:227648:229102	Cn1ccc(-c2cc(-c3ccnc(-c4cncs4)c3)c3ccccc3c2)cc1=O	0.014186
rxn:5:181852:227141:229163	COc1cc(-c2ccc(-c3cc4cc(C#N)ccc4s3)cc2C(C)(C)C)cnn1	0.014180
rxn:5:192491:229227:226170	CN(C)Cc1cc(-c2cccc(-c3ccccn3)c2)cc(-c2csc(C#N)c2)c1	0.014179
rxn:5:198681:229126:227300	Cc1cc(F)c(-c2sc3ccnc(-c4cncc(OC5CCC5)c4)c3c2C)cn1	0.014175
rxn:5:177731:223383:228341	CC(=O)Nc1ccc(-c2cc(-c3ccc(OC(F)F)cc3)ccc2C(=O)OC(C)(C)C)cn1	0.014159
rxn:5:181431:228562:227102	CCC(C)c1csc(-c2c(OC)ccc(-c3cc(C(C)(C)C)ccc3F)c2C)c1	0.014154
rxn:5:196188:228537:228549	CCCc1ccc(-c2ccc(C3=NOCC3)c(-c3cccc4occc34)c2)cn1	0.014153
rxn:5:191514:228490:227376	COC(=O)c1nc(-c2cccc(S(=O)(=O)F)c2)ccc1-c1cncc(N2CCCC2)c1	0.014153
rxn:5:179629:223391:227930	COc1ccc(-c2cc3ccccc3[nH]2)c(S(C)(=O)=O)c1-c1cccc(OC2CC2)c1	0.014151
rxn:5:197213:222995:229019	COc1c(-c2ccc(C)nc2C)cc(-c2cccc(N3CCCC(O)C3)c2)c2[nH]ccc12	0.014141
rxn:5:194148:229064:227491	COC(=O)c1cc2c(-c3ccnn3C3CC3)c(-c3cnc(OC4CCC4)nc3)ccc2[nH]1	0.014133
rxn:5:179549:226575:228745	CSc1cc(C)c(-c2c(OC(C)C)cccc2-c2ccc(C(=O)N(C)C)c(F)c2)cn1	0.014127
rxn:5:191908:222416:225988	Cc1c(-c2ccc3[nH]c(=O)[nH]c3c2)cc(CC#N)cc1-c1c(F)cc(C2OCCO2)cc1F	0.014126
rxn:5:196416:227522:229271	COC(=O)c1ccc(-c2ccc(-c3cccnc3)c(-c3cc(OC)ns3)c2)c(C)n1	0.014125
rxn:5:191514:229242:226031	COC(=O)c1nc(-c2cncnc2C)ccc1-c1ccc(C(F)(F)F)cc1C(F)F	0.014111
rxn:5:193460:225784:228739	COc1cc(-c2c(C(=O)N3CCCCC3)cccc2-c2ccc(CN3CCOCC3)nc2)c(C)cn1	0.014109
rxn:5:181739:229297:227843	c1cc(-c2ccc(-c3cncc4ccccc34)cc2)cc(-c2cncnc2)c1	0.014104
rxn:5:196087:227647:229203	CCc1ccsc1-c1cc(-c2ccnc(-c3cscn3)c2)ncc1C(C)C	0.014099
rxn:5:194944:223135:226690	Cc1nc(-c2cscn2)ccc1-c1cc(C#N)cc(-c2cccnc2C2CCCNC2)c1	0.014093
rxn:5:181418:226596:223407	COc1cc(-c2ccc(F)c(OC(C)C)c2F)c(C)cc1-c1cnc2cc[nH]c2c1	0.014092
rxn:5:196085:226747:227490	CCc1ncc(-c2cc(C(C)C)cnc2-c2cnc(OC(C)(C)C)nc2)cc1C(F)(F)F	0.014080
rxn:5:182013:225636:229265	Cc1nc(C)c(-c2ccc(-c3ccnc(N4CCC(C)CC4)c3)cc2C2CCOCC2)s1	0.014076
rxn:5:195325:228455:226059	COc1ncc(-c2ccnc(-c3ccc(C(C)C)cc3C(C)C)c2SC)c(OC)n1	0.014076
rxn:5:182847:228117:225805	CC(C)Oc1cncc(-c2ccc(-c3ccc(C(C)N4CCOCC4)s3)c3c2C(=O)CC3)c1	0.014070
rxn:5:195525:226383:228278	CCc1cc(-c2cc(F)c(C)cc2OC)ncc1-c1cccc(-c2cnn(C)c2)c1	0.014069
rxn:5:183190:223147:226840	CC1(C)Cc2c(cc(-c3cc(C#N)nc(C(F)(F)F)c3)cc2-c2ccc(C3CNCCO3)cc2)C1=O	0.014067
rxn:5:178848:228472:226921	COC(=O)c1c(-c2ccc(C(F)(F)F)nc2)cccc1-c1cc(C2CC2)c(C)cc1C	0.014063
rxn:5:179183:228670:227289	COc1cc(OC)c(-c2cccnc2OC(C)(C)C)c(-c2ccc3oncc3c2)c1	0.014060
rxn:5:194522:226840:228700	CC(C)CN1CCc2c1ccc(-c1cc(C#N)nc(C(F)(F)F)c1)c2-c1ccc(N(C)C)nc1	0.014051
rxn:5:198229:227329:226357	COc1ccc(C(C)=O)cc1-c1ncc(C)cc1-c1ccc(-n2cc(C)cn2)cc1	0.014049
rxn:5:195679:227839:225813	Cc1cccc(C2CC2)c1-c1cc(-c2cc(F)c(OC(C)C)c(F)c2C)cc(S(N)(=O)=O)c1	0.014044
rxn:5:199273:229246:228447	Cc1cc(-c2cccc(C(F)F)c2F)c2cc(-c3cnc(C)n3C)cc(C)c2n1	0.014044
rxn:5:195445:228591:226931	CC(=O)c1cc(-c2ccncc2C(C)C)cnc1-c1c(C)ccc2ncccc12	0.014044
rxn:5:191558:225857:228885	COC(=O)c1c(-c2cc(F)cc(-n3ccc(C)n3)c2)cncc1-c1cnc(C#N)c(F)c1	0.014026
rxn:5:196859:229146:226387	COCn1cc(-c2c(C3CCOCC3)ccnc2-c2cncc(-c3ccncc3)c2)cn1	0.014026
rxn:5:199104:227522:228727	COC(=O)c1ccc(-c2ccc3c(C)nc(-c4cc(C)cnc4OC)cc3c2)c(C)n1	0.014017
rxn:5:182891:228641:223298	Cc1cc(F)c(-c2cccc3c2CCC3c2cc3cccc(C)c3[nH]2)cc1C	0.014010
rxn:5:192880:223438:225456	CN1CCC(c2ccc(-c3c(-c4cn[nH]c4C(F)(F)F)ccnc3OC3CCCC3)cc2)CC1	0.014009
rxn:5:198542:227084:228134	CCOc1ccc(-c2cc(-c3ccc(C(C)(C)C)nc3C)c3[nH]ccc3c2)c(C)n1	0.014007
rxn:5:196621:229218:226646	Cc1nnc(-c2ccc(-c3ccc(N4CCCC4=O)cc3-c3cccc(F)c3)cc2)o1	0.014003
rxn:5:198229:228074:227330	COC(=O)c1ccc(-c2cc(C)cnc2-c2cc3cccc(F)c3s2)c(C)c1	0.013998
rxn:5:199083:228757:229237	COc1cnc(C)cc1-c1ccc2ncc(C)c(-c3csc(SC)c3)c2c1	0.013995
rxn:5:181077:228759:223320	CSc1ccc(-c2cc(C)cc3[nH]ncc23)c(-c2ccc(C(C)=O)nc2)c1	0.013986
rxn:5:192337:227900:223238	CC(C#N)c1ccccc1-c1cc(C(=O)N(C)C)cc(-c2cccc(-c3cn[nH]c3)c2)c1	0.013981
rxn:5:177188:228580:226580	CCOC(=O)c1ccc(-c2cccnc2C2CC2)c(-c2cc(C(=O)N(C)C)ccc2F)c1C	0.013980
rxn:5:179195:227892:227126	CCC(=O)c1ccc(-c2ccc(CN(C)C)cc2)c(-c2ccc(C3CCOC3)cc2)c1	0.013978
rxn:5:181420:226600:228839	CCOc1c(F)c(C)cc(-c2cc(C)cc(OC)c2-c2cc(F)cc(C)c2F)c1F	0.013977
rxn:5:188371:228636:223302	COc1c(CC#N)ccc(-c2c(C)cc(F)cc2C)c1-c1c(C)ccc2[nH]ccc12	0.013958
rxn:5:195318:227439:228025	COc1cc(-c2cccnc2-c2ccsc2)cc(-c2cccc3c2cnn3C)n1	0.013957
rxn:5:179416:227328:226468	COC(=O)c1c(C)cc(-c2cccc3c2OCC(=O)N3C)cc1-c1cc(F)cc(OC(C)C)c1	0.013954
rxn:5:198640:227019:223267	CNC(=O)c1ccc(-c2nccc3cc(-c4cccc(C(C)(C)C#N)c4)ccc23)cc1F	0.013952
rxn:5:178122:223389:226468	Cc1n[nH]c(C(F)(F)F)c1-c1ccc(COC2CCCCO2)c(-c2cccc3c2OCC(=O)N3C)c1	0.013942
rxn:5:176870:226349:229056	COC(=O)c1c(OC)cc(-c2cc(F)cc(OC(C)(C)C)c2)cc1-c1ccnn1C(C)C	0.013939
rxn:5:182505:227061:226151	Cc1ccc(-c2cc(OC(C)C)ccc2C)c(-c2cc(C)c(C)cc2OC(C)C)c1	0.013937
rxn:5:179839:228991:228939	CCCc1sccc1-c1c(C)c(-c2c(F)cc(F)cc2F)cc(C(C)=O)c1OC	0.013934
rxn:5:179406:227082:226333	COC(=O)c1cc(-c2cccc(C(=O)N3CCC3)c2)c(C)cc1-c1ccccc1N1CCCC1	0.013931
rxn:5:183061:226781:229054	COCc1cc(-c2cc3c(c(-c4cc(C)cc(OC(F)(F)F)c4)c2)CC(C)C3=O)cs1	0.013931
rxn:5:195299:226357:227830	COc1cc(-c2ccc(-n3cc(C)cn3)cc2)cnc1-c1ccc(C2(C)CC2)cc1	0.013929
rxn:5:196677:228864:227169	CCOc1ncc(-c2ccc(-c3cc(F)c4ncccc4c3)c(N3CCCC3)c2)cn1	0.013928
rxn:5:198435:229140:226134	Cc1c(-c2cc(-c3cccc(F)c3F)c3cnoc3c2)cc(C#N)cc1C1CC1	0.013926
rxn:5:177738:229069:227704	COc1cc(-c2cc(C(F)F)ncc2OC)c(-c2cccnc2OC)cc1OC1CCC1	0.013926
rxn:5:179400:228554:227972	CCOc1ccccc1-c1cc(C(=O)C2CC2)ccc1-c1cncc(C2CCC2)c1	0.013924
rxn:5:195319:223008:223237	COc1ccnc(-c2[nH]ncc2-c2ccccc2)c1-c1cc(C2CCNCC2)ccc1F	0.013923
rxn:5:196171:227853:226583	Cc1cc(-c2ccc(CN3CCOCC3)s2)c(S(N)(=O)=O)c(-c2cccc3c2ccn3C)c1	0.013922
rxn:5:195677:227996:226084	CC(=O)c1ccc(-c2c(-c3ccc4c(c3)C(=O)CCCC4)cccc2S(N)(=O)=O)c(C)c1	0.013914
rxn:5:192478:228976:229238	CCC(C)c1ccnc(-c2ccsc2SC)c1-c1ccc2c(c1)C=C2	0.013911
rxn:5:199097:229090:228587	CC(=O)c1cc(-c2ccnc3c(C)cc(-c4cc(C)cc(C#N)c4)cc23)cs1	0.013911
rxn:5:198682:222960:228998	CCc1ncccc1-c1ccc2ncccc2c1-c1cc(C)cc(C2CCNCC2)c1	0.013909
rxn:5:181905:225661:227803	Cc1cc(N2CCOCC2)ccc1-c1c(C)ccc(-c2ccnn2S(=O)(=O)N(C)C)c1C1OCCO1	0.013905
rxn:5:182505:226434:222980	Cc1ccc(-c2cc(F)cc(-n3cccc3)c2)c(-c2ccc(CN3CCNCC3)cc2)c1	0.013905
rxn:5:199055:223413:228050	Cc1cc(-c2cncc3ccn(C)c23)nc2cc(-c3cncc4[nH]ccc34)ccc12	0.013894
rxn:5:182839:223403:226380	Cc1cc(-n2ccnc2)ccc1-c1ccc2c(c1-c1ccc3cn[nH]c3c1)CCC2=O	0.013890
rxn:5:191518:229168:226075	COC(=O)c1cc(-c2ccc3cc(OC)ccc3c2)nc(-c2sc(C)nc2OC)c1	0.013887
rxn:5:199129:225510:223440	COc1ccc(-c2cc3c(c(-c4ccc(C5CC5)[nH]4)c2)OCCN=C3)c2ccc(C)nc12	0.013886
rxn:5:196978:223307:227051	CCC(=O)c1ccc(-c2cc(-c3ccc4c(c3)CCNC4)ccc2N2CCCCC2)c(C)c1	0.013880
rxn:5:179410:227566:226411	COC(=O)c1c(-c2ccc(N3CCOCC3)cc2)ccc(C)c1-c1ccc(OC)c(F)c1OC	0.013879
rxn:5:182823:223348:228437	O=C1NCc2ccc(-c3cc4ccccc4cc3-c3ccc(C(F)F)cc3F)cc21	0.013866
rxn:5:177180:228346:228639	CCOC(=O)c1c(C)cc(-c2cc(C(=O)OC)sc2C)cc1-c1ccc(C)c(F)c1C	0.013865
rxn:5:194398:228019:223269	CC(=O)Nc1ccc(-c2cc(-c3cc(C(C)=O)ccc3C)ccc2C(=O)N2CC3CC3C2)cc1F	0.013861
rxn:5:191552:227574:227842	COC(=O)c1ncc(-c2cccc3ncccc23)cc1-c1ccc(F)c(OC)c1OC	0.013846
rxn:5:192565:223458:225609	Cc1n[nH]cc1-c1ccc(C2(C#N)CCC2)c(-c2cccc(Oc3ccccn3)c2)c1	0.013840
rxn:5:195682:226343:225944	CC(C)Oc1c(F)cc(F)c(-c2ccc(-c3ccc(OC4CCOC4)cc3)c(S(N)(=O)=O)c2)c1F	0.013835
rxn:5:182502:226836:227715	Cc1cc(-c2cn(C(C)C)nc2C(F)(F)F)ccc1-c1cc(F)cc(OC(F)F)c1	0.013834
rxn:5:196794:226449:227830	CC1(c2ccc(-c3ccc(-c4ccccc4C4(C)OCCO4)cc3N3CCOCC3=O)cc2)CC1	0.013834
rxn:5:182892:228566:228043	CC(C)Cc1sccc1-c1ccc2c(c1)CCC2c1cccc2ncn(C)c12	0.013832
rxn:5:176568:227512:227313	CCC(C)c1cc(-c2ccc(-c3cc(C(=O)OC)ncc3C)cc2CC(=O)OC)c(F)cn1	0.013826
rxn:5:195466:226426:228969	Cc1cc(C#N)c(-c2cscc2C(F)(F)F)cc1-c1ccc(N2CCC(C)CC2)s1	0.013819
rxn:5:198411:223346:226390	O=C1NCc2cc(-c3nc4ccc(-c5cccc(-c6cncnc6)c5)cc4s3)ccc21	0.013817
rxn:5:181903:228979:225638	CCc1ccccc1-c1cc(C2(C)OCCO2)ccc1-c1ccc(N2CCC(C)CC2)nc1	0.013810
rxn:5:176998:228321:227909	CCC(C)c1cc(-c2c(OCC3CC3)cccc2-c2cncc(C(=O)OC)c2)ccn1	0.013804
rxn:5:182993:229207:226436	Cc1cc(-c2cscn2)cc(C2CCOc3ccc(-c4ccnc(C)c4)cc32)c1	0.013801
rxn:5:179550:228979:226751	CCc1ccccc1-c1c(OC(C)C)cccc1-c1ccc(OC(F)(F)F)cc1C	0.013796
rxn:5:192234:228009:227665	COc1c(-c2ccc(C(F)(F)F)c(C)c2)cc(-c2ccc(C3CC3)c(F)c2)cc1S(N)(=O)=O	0.013793
rxn:5:176586:222415:223004	CCOC(=O)c1cccc(-c2ccc(F)c(S(N)(=O)=O)c2)c1-c1ccc(C2CCNCC2)c(F)c1	0.013790
rxn:5:176994:226431:228764	COc1nccc(-c2ccc(-c3ccc(N4CCCC4)c(F)c3)cc2OCC2CC2)c1C	0.013790
rxn:5:194944:227647:225637	CN1CCN(c2ccccc2-c2cc(C#N)cc(-c3ccnc(-c4cscn4)c3)c2)CC1	0.013789
rxn:5:176567:228757:225806	COC(=O)Cc1ccc(-c2cc(C)ncc2OC)cc1-c1cnc(OC2CCCC2)cc1F	0.013785
rxn:5:189334:227850:229092	Cc1nn(C)c(C)c1-c1cc(-c2ccc3cnccc3c2)cnc1C(=O)OC(C)(C)C	0.013782
rxn:5:182143:227711:229212	COc1c(-c2ccc(F)c(OC(F)F)c2)cc(-c2cnccc2C)c2occc12	0.013782
rxn:5:182953:225988:228172	CCOc1cccc(-c2ccc3c(c2-c2c(F)cc(C4OCCO4)cc2F)OCCC3=O)c1F	0.013781
rxn:5:198427:227028:223352	CC(C)Nc1ccc(-c2nccc3c(-c4cccc(C5(C#N)CC5)c4)csc23)cn1	0.013779
rxn:5:196169:228535:225576	Cc1cc(-c2coc3ccccc23)c(S(N)(=O)=O)cc1-c1ccc(N2CCCC2)c(C#N)c1	0.013764
rxn:5:181277:223008:226916	CCc1ccc(-c2cc(C3CCNCC3)ccc2F)c(-c2cccc(C3=CCCC3)c2)c1	0.013762
rxn:5:192563:228574:226155	CC(=O)c1cc(-c2cc(C(=O)N3CCC3)cc(-c3ccc(C)cc3C#N)c2)cc(C2CC2)c1	0.013762
rxn:5:179546:228908:227874	CCOc1cc(-c2cc(C)c3occc3c2)c(-c2cc(OC)ncc2F)cc1C	0.013757
rxn:5:199069:229197:226446	Cc1ccc2c(-c3cnn(C(F)F)c3)ccnc2c1-c1ccc(C2CCOC2)nc1C	0.013757
rxn:5:193152:228002:228524	c1cc(C2CCCC2)c(-c2cc(CN3CCCC3)ccc2-c2cnc3c(c2)CCC3)s1	0.013753
rxn:5:179416:227641:229045	COC(=O)c1c(C)cc(-c2cc(C)cc(F)c2)cc1-c1cn(-c2ccco2)nc1C	0.013751
rxn:5:179840:228859:228550	CCCc1cc(-c2cc(O[C@@H]3CCOC3)ccc2-c2cccc3nsnc23)ccn1	0.013739
rxn:5:182441:226945:227461	Cc1cc(-c2cccc(-c3cc(F)c4nc(C)cn4c3)c2)c2ncccc2c1	0.013734
rxn:5:181621:223200:227733	c1ncc(-c2ncc(-c3cc(-c4ccc(C5CCNC5)cc4)cc(C4OCCO4)c3)cn2)s1	0.013725
rxn:5:196622:228050:228116	CC(C)Oc1ncccc1-c1c(-c2cncc3ccn(C)c23)cccc1N1CCCC1=O	0.013724
rxn:5:192084:227870:223302	Cc1ccc2[nH]ccc2c1-c1cc(-c2ccc3c(c2)C(=O)CC3)ccc1C1(C#N)CC1	0.013724
rxn:5:181277:227449:225930	CCc1ccc(-c2ccc(C3CCOCC3)s2)c(-c2cc(C)ccc2S(=O)(=O)N(C)C)c1	0.013698
rxn:5:181407:227052:223289	CNS(=O)(=O)c1ccccc1-c1ccc(-c2ccc(SC(C)(C)C)cc2)cc1C1CC1	0.013689
rxn:5:182947:229203:226363	CCc1ccsc1-c1cc2c(c(-c3ccc(-c4nccn4C)cc3)c1)OCCC2=O	0.013689
rxn:5:194522:223186:223200	CC(C)CN1CCc2c1ccc(-c1cnn(C3CCCCO3)c1)c2-c1ccc(C2CCNC2)cc1	0.013684
rxn:5:195800:223211:228243	COc1ccc(-c2ccnc(-c3cccc(C(C)=O)c3F)c2C2CC2)c2cc[nH]c12	0.013680
rxn:5:181072:225602:228129	COc1cc(C#N)ccc1-c1c(SC)cccc1-c1cc(C2(C#N)CCC2)ccc1F	0.013677
rxn:5:181076:228860:227073	COc1cc(-c2cc(SC)cc(-c3cccc4nonc34)c2)cc(C2CC2)c1	0.013677
rxn:5:193466:228576:228279	CCc1cc(F)c(-c2ccc(C(=O)N3CCC[C@H]3C)c(-c3cc(C#N)ccc3C)c2)c(F)c1	0.013675
rxn:5:198522:227835:228277	COc1ccc(F)c(C)c1-c1c[nH]c2ccc(-c3ccc(C)c(C4CC4)c3)cc12	0.013673
rxn:5:196331:229204:228682	CCCc1ncncc1-c1ccc(-c2cccc(-c3ccsc3CC)n2)cc1	0.013669
rxn:5:177001:227276:226971	CCOc1c(-c2cnc(N(C)C)cc2CC)ccc(OC)c1-c1ccc2c(c1)CCCOC2	0.013669
rxn:5:176584:227893:226449	CCOC(=O)c1ccc(-c2cccc(CN(C)C)c2)c(-c2ccccc2C2(C)OCCO2)c1	0.013665
rxn:5:192492:228460:226047	COc1ncnc(OC)c1-c1ccc(CN(C)C)cc1-c1ccc(OC(F)(F)F)c(F)c1F	0.013663
rxn:5:180402:228738:223241	COc1cc(-c2ccc(C(=O)C3CCCCC3)c(-c3cncc(C4CCNC4)c3)c2)cc(C)n1	0.013653
rxn:5:194397:227995:228395	COc1cc(F)c(F)cc1-c1ccc(C(=O)N2CC3CC3C2)c(-c2cc(C)cc(C)c2OC)c1	0.013652
rxn:5:195800:225666:229007	CSc1cccc(-c2nccc(-c3cc(F)cc(N4CCCCC4)c3)c2C2CC2)c1	0.013651
rxn:5:191680:225599:228994	CCOc1ccnc(-c2ccccc2C#N)c1-c1ccnc(Oc2ccccc2)c1	0.013650
rxn:5:196242:228871:228667	COC(=O)c1ccsc1-c1c(C2CCC2)ccnc1-c1cc2ncccc2s1	0.013642
rxn:5:198408:223130:228791	CSc1ccc(-c2ccc3sc(-c4ccc(CN5CC(O)C5)cc4)nc3c2)c(F)c1	0.013640
rxn:5:193469:229263:227670	C[C@@H]1CCCN1C(=O)c1ccc(-c2cnccc2F)cc1-c1cc(F)cc(C(C)(F)F)c1	0.013638
rxn:5:195679:228081:228260	CC(F)(F)c1cccc(-c2cc(-c3csc4ccc(F)cc34)cc(S(N)(=O)=O)c2)c1	0.013629
rxn:5:192714:228048:228177	COCc1ccc(F)cc1-c1cc(CN2CCC2)ccc1-c1cnc2c(ccn2C)c1	0.013628
rxn:5:198753:223416:228698	CCC(=O)c1ccc(-c2c(-c3c[nH]c4ncccc34)ccc3cnccc23)s1	0.013626
rxn:5:198406:228626:227029	CCc1cccc(-c2ccc3nc(-c4ccccc4C(C)(C)C#N)oc3c2)c1F	0.013619
rxn:5:181206:228041:223296	CC(=O)c1ccc(-c2cc3ccc(C)cc3[nH]2)c(-c2ccnc3cnccc23)c1	0.013618
rxn:5:198279:226952:227461	Cc1cn2cc(-c3cncc(-c4ccc5cccnc5c4C)c3C)cc(F)c2n1	0.013609
rxn:5:197123:227845:228818	COc1ccc2nc(-c3cc(C)c(=O)n(C)c3)sc2c1-c1cccc2cnccc12	0.013607
rxn:5:189081:225439:228581	Cc1c(C#N)cccc1-c1ccc(CC(=O)N(C)C)c(-c2cccc(C(C)N3CCCC3)c2)c1	0.013605
rxn:5:198749:223245:228692	COc1c(-c2cnc3ccc(-c4ccc(CN(C)C)s4)cc3c2)ccc2[nH]ncc12	0.013602
rxn:5:176997:226906:229166	CC(=O)n1cc(-c2cc(-c3cccc4cccc(C)c34)ccc2OCC2CC2)cn1	0.013588
rxn:5:191337:226883:228991	CCCc1sccc1-c1cccc(-c2c(F)ccc(C(F)(F)F)c2F)c1CC#N	0.013584
rxn:5:178995:228546:223066	CCCc1cnccc1-c1ccc(-c2ccc3c(C(=O)OC)n[nH]c3c2)c(COC)c1	0.013583
rxn:5:199068:228013:223294	Cc1nc(-c2csc(N3CCNCC3)n2)c2ccccc2c1-c1ccc(F)c(C2CC2)c1	0.013578
rxn:5:179187:225816:228455	COc1ncc(-c2c(OC)ccc(-c3cc(C4CC4)ccc3C(F)(F)F)c2OC)c(OC)n1	0.013578
rxn:5:177187:228630:227529	CCOC(=O)c1cc(C)cc(-c2cc(F)cc(CC)c2)c1-c1ccc(C(=O)OC)cc1F	0.013575
rxn:5:189078:228066:227460	CCN(C)C(=O)c1cc(-c2ccc3c(c2)OCCO3)ccc1-c1cc2ncn(C)c2cc1F	0.013575
rxn:5:177181:226924:223355	CNC(=O)c1ccccc1-c1cc(C(=O)OC(C)C)ccc1-c1cc(C)cc(C2CC2)c1C	0.013574
rxn:5:191916:227145:228679	COc1nc(OC)c(-c2cc3c(OC)cccc3s2)cc1-c1cnn(CC2CC2)c1	0.013574
rxn:5:193336:227196:228974	CS(=O)(=O)n1cc(-c2c(CN3CCOCC3)cccc2-c2cc(F)c3cnccc3c2)cn1	0.013570
rxn:5:198327:228067:227868	Cc1cc(-c2ccc3c(c2)OCCC3)c(C)nc1-c1cc2ccc(F)cc2s1	0.013570
rxn:5:198637:228649:227521	COC(=O)c1cnc(C)c(-c2ccc(-c3c(C)cc(C)cc3F)c3ccncc23)c1	0.013568
rxn:5:181421:226330:228322	CCOc1ncc(-c2cc(C)c(-c3ccc(C(C)N4CCCC4)s3)c(OC)c2)cc1F	0.013568
rxn:5:182652:226580:228712	CN(C)C(=O)c1ccc(F)c(-c2csc3c(-c4ccnn4C4CCC4)cccc23)c1	0.013566
rxn:5:193155:228529:225641	CC1CCCN(c2cc(-c3ccc(-c4ccc5c(c4)CCO5)cc3CN3CCCC3)ccn2)C1	0.013559
rxn:5:196681:228832:226922	Cc1cc(F)c(F)c(-c2cc(-c3c(C)cc(C4CC4)cc3C)ccc2N2CCCC2)c1	0.013557
rxn:5:178847:227903:227311	CCC(C)c1cc(F)c(-c2ccc(C(=O)OC)cc2-c2cccc(N(C)CC)c2)cn1	0.013551
rxn:5:199275:226424:229341	Cc1cc(-c2ccon2)nc2c(C)c(-c3cc(N4CCCC(C)C4)cs3)ccc12	0.013550
rxn:5:193158:228510:228781	CC(C)c1ccccc1-c1cccc(CN2CCCC2)c1-c1ccc(C(F)F)cc1	0.013548
rxn:5:192561:228505:225925	CCCc1ccc(-c2ccc(-c3cc(S(=O)(=O)N(C)C)ccc3C)cc2C(=O)N2CCC2)cc1	0.013534
rxn:5:182820:222958:229057	Cc1ccc(-c2cccc3cccc(-c4cnn(C5CC5)c4)c23)cc1C1CCNCC1	0.013531
rxn:5:195466:227931:225940	Cc1cc(C#N)c(-c2cc(C(F)(F)F)cnc2C2CC2)cc1-c1ccccc1OC1CC1	0.013528
rxn:5:195364:229050:227662	COc1c(-c2cc3sccc3s2)cncc1-c1ccc(C)cc1C(F)(F)F	0.013521
rxn:5:195681:223370:225929	Cc1cc(-c2ccc(S(N)(=O)=O)c(-c3ccc(F)c4[nH]ncc34)c2)ccc1S(=O)(=O)N(C)C	0.013514
rxn:5:192566:229085:226925	Cc1cc(C2CC2)cc(-c2cc(-c3scnc3C3CC3)cc(C3(C#N)CCC3)c2)c1C	0.013512
rxn:5:192560:225640:228551	CCCc1ncccc1-c1ccc(-c2ccnc(N3CCCCC3C)c2)cc1C(=O)N1CCC1	0.013504
rxn:5:176859:228035:228586	COC(=O)c1cc(OC)c(-c2cn(C)c3ncccc23)cc1-c1cccnc1C(C)C	0.013489
rxn:5:176870:226573:228132	COC(=O)c1c(OC)cc(-c2cnc(OC(C)(C)C)nc2C)cc1-c1cccc(CC#N)c1F	0.013474
rxn:5:179200:228876:227424	COc1cc(OC)c(-c2cnn(C3CC3F)c2)c(-c2ccc(-c3ccsc3)nc2)c1	0.013473
rxn:5:193538:229249:226956	Cc1cc(-c2cc(CN3CCCCC3)ccc2-c2cccc3c(C)ccnc23)cnn1	0.013472
rxn:5:188069:228039:227147	Cc1nn(C)c2ccc(-c3cc(-c4cnc5ccccc5n4)ccc3OCC#N)cc12	0.013470
rxn:5:193226:229307:226418	Cc1nc(-c2ccccc2)sc1-c1cc(C(=O)N2CCOCC2)ccc1-c1cnoc1C	0.013460
rxn:5:179401:228597:228057	COc1cc(C(C)=O)cc(-c2c(C)cccc2C#N)c1-c1ccc2oc(C)nc2c1	0.013459
rxn:5:181536:227311:227824	CCC(C)c1cc(F)c(-c2ccc(C3COC3)c(-c3ccc(C4CCC4)cc3)c2)cn1	0.013451
rxn:5:182503:225418:228063	CCOc1ccc2cc(-c3cc(C)ccc3-c3cnc4c(c3)COCC4)ccc2c1	0.013449
rxn:5:199107:229017:225926	Cc1cnc(C)c(-c2ccc(C)c3cnc(-c4ccc(S(=O)(=O)N5CCC5)cc4)cc23)c1	0.013446
rxn:5:199092:228499:229134	Cc1cc(-c2cc(C(F)(F)F)nn2C)c2nccc(-c3cc(F)ccc3F)c2c1	0.013444
rxn:5:188520:227979:225925	CCCOc1ncc(-c2c(C)cc(C)cc2OC)cc1-c1cc(S(=O)(=O)N(C)C)ccc1C	0.013437
rxn:5:197122:228689:223321	CCOc1ccncc1-c1cc2sc(-c3ccc(C)c4[nH]ncc34)nc2cc1OC	0.013422
rxn:5:192568:227819:227543	CCc1cc(CC)cc(-c2cc(-c3ccc(F)c(C(=O)OC)c3)ccc2C(=O)N2CCC2)c1	0.013419
rxn:5:198513:223402:228213	c1ccn(-c2csc(-c3cc4[nH]ccc4cc3-c3ccc4[nH]ncc4c3)c2)c1	0.013412
rxn:5:198436:229077:227451	CSc1ccc(-c2ccc3ocnc3c2-c2ccc(C3CC3(F)F)cc2)cn1	0.013409
rxn:5:196243:228477:223297	Cc1ccc2[nH]c(-c3nccc(-c4cnccc4C(F)(F)F)c3C3CCC3)cc2c1	0.013395
rxn:5:191508:226214:223379	COC(=O)c1cncc(-c2ccc3ccc(OC)nc3c2)c1-c1ccc2[nH]c(=O)oc2c1	0.013391
rxn:5:198649:223412:227035	N#Cc1cc(-c2ccc3nc(-c4nc5ccccc5[nH]4)ccc3c2)cc(C2CC2)c1	0.013390
rxn:5:195437:228675:227370	CC(=O)c1nc(-c2cccc3scnc23)ccc1-c1ccc(OC2CC2)c(F)c1	0.013387
rxn:5:191496:226375:228455	COC(=O)c1cnc(-c2cnc(OC)nc2OC)c(-c2cccc(-c3nccn3C)c2)c1	0.013382
rxn:5:192713:228812:228507	CCCc1cccc(-c2ccc(CN3CCC3)c(-c3c(F)cccc3SC)c2)c1	0.013374
rxn:5:179550:227027:227914	CC(C)Oc1ccccc1-c1cccc(OC(C)C)c1-c1ccccc1C1(C#N)CC1	0.013369
rxn:5:193157:223260:228419	CNC(=O)c1cc(F)cc(-c2cc(-c3cc(F)c(SC)cc3F)ccc2CN2CCCC2)c1	0.013365
rxn:5:178225:228867:229229	CCc1nc(OC)c(-c2cccc(OCC3CCCCC3)c2-c2cscc2C#N)s1	0.013359
rxn:5:195325:225930:227545	CCOc1ccc(F)c(-c2nccc(-c3cc(C)ccc3S(=O)(=O)N(C)C)c2SC)c1F	0.013353
rxn:5:181070:226187:226154	COc1cc(-c2cccc(C3CCOCC3)c2)cc(-c2ccc(C(C)(C)C)cc2OC)c1	0.013351
rxn:5:198232:227119:225679	Cc1ccc(-c2cc(C3CCCCC3)cs2)c(-c2ccc(N3CCCCC3)cc2F)n1	0.013351
rxn:5:188394:229034:226936	CCOC(=O)c1cnc(-c2cc(C)ccc2F)cc1-c1ccc2c(C)cncc2c1	0.013351
rxn:5:192493:226175:227546	COC(=O)c1cccc(-c2ccc(-c3ccc(N4CCCC4)cc3C)cc2CN(C)C)c1F	0.013346
rxn:5:198913:228516:223413	CCc1cc(C)cc(-c2cc(-c3cncc4[nH]ccc34)cc3[nH]c(C)cc23)c1	0.013343
rxn:5:192645:229346:227581	CCOc1c(F)ccc(-c2cc(C(=O)c3ncc(C)s3)cc(-c3cnon3)c2)c1F	0.013322
rxn:5:182503:227184:227838	Cc1ccc(-c2cc(C)ccc2C2CC2)c(-c2cnc3ccccc3c2F)c1	0.013318
rxn:5:196790:227195:223259	CC(=O)Nc1cc(C)c(-c2ccc(N3CCOCC3=O)c(-c3cc(F)cc4ccncc34)c2)cn1	0.013317
rxn:5:177730:227022:229076	Cc1cc(C#N)sc1-c1ccc(-c2ccc(CN3CCC3)cc2)cc1C(=O)OC(C)(C)C	0.013312
rxn:5:198542:225851:228995	CCc1cncc(-c2cc(-c3cc(F)cc(-n4ccnc4C)c3)c3[nH]ccc3c2)c1	0.013312
rxn:5:182635:225874:228110	CCc1cnc(C#N)cc1-c1ccc(-c2ccc(F)c(N3CCOCC3)c2)c2ccoc12	0.013312
rxn:5:181072:226130:226332	CSc1cccc(-c2ccc(CN3CCCC3)cc2)c1-c1ccccc1C(=O)N1CCC1	0.013303
rxn:5:198514:226415:228673	c1ccc(N2CCOCC2)c(-c2c[nH]c3c(-c4cccc5nscc45)cccc23)c1	0.013297
rxn:5:181278:227070:228431	CCOc1cc(C)c(C)cc1-c1cc(-c2cc(F)cc(F)c2SC)ccc1CC	0.013295
rxn:5:179199:226396:223288	CNS(=O)(=O)c1cccc(-c2cc(-c3ccccc3-c3cccnn3)c(OC)cc2OC)c1	0.013293
rxn:5:195904:227592:229071	COc1cc(-c2cccc(-c3csc(-c4cc(F)cc(OC)c4OC)n3)c2)ccn1	0.013290
rxn:5:198641:228340:229089	COc1nc(C2CC2)sc1-c1cc(-c2ccsc2C(C)=O)c2cnccc2c1	0.013273
rxn:5:177284:228103:228220	CC(C)Cc1ncc(-c2ccc(-c3cc(C(C)C)ncc3F)c(COC(C)C)c2)cn1	0.013273
rxn:5:191333:227733:227030	N#CCc1ccc(-c2cnc(-c3cncs3)nc2)cc1-c1ccc(C#N)cc1C1CC1	0.013259
rxn:5:192075:228811:227290	COC(=O)c1nc(-c2cccc(C(=O)N(C)C)c2)c(C)cc1-c1cc(SC)ccc1F	0.013259
rxn:5:177283:228457:227847	COC(=O)c1ncc(-c2cc(COC(C)C)ccc2-c2cnc3ccccc3c2)cn1	0.013257
rxn:5:180567:228552:223444	CCOc1cccc(-c2cc3cc(C(=O)OC)sc3cc2-c2ccnc(NC)c2)c1	0.013255
rxn:5:199101:228696:227554	COCc1ccc(-c2nc3ccccc3c(-c3cccc(F)c3C(=O)OC)c2C)cn1	0.013254
rxn:5:192570:226583:223365	O=C(c1ccc(-c2ccc(CN3CCOCC3)s2)c(-c2cc3[nH]ncc3cc2F)c1)N1CCC1	0.013253
rxn:5:198747:226654:229000	CCc1ccncc1-c1cnc2ccc(-c3csc(N4CCC(C)CC4)n3)cc2c1	0.013250
rxn:5:179409:229081:226346	COC(=O)c1cc(-c2ccc(N(C)C)s2)c(C)cc1-c1cc(C)cc(OC(C)C)c1F	0.013245
rxn:5:199094:227530:223242	COC(=O)c1ccc(F)c(-c2cnc3c(C)cccc3c2-c2ccnc(C3CCNC3)c2)c1	0.013243
rxn:5:197169:227929:228140	CCOc1cc(C)ccc1-c1cc(-c2ccc(C(C)N(C)C)s2)cc2c1OCC(C#N)=C2	0.013242
rxn:5:196969:228826:227126	Cc1cc(-c2cnc(C3CCCCC3)cc2-c2ccc(C3CCOC3)cc2)c(F)cc1F	0.013238
rxn:5:199069:229209:225621	Cc1cc(-c2c(C)ccc3c(-c4ccncc4C)ccnc23)ccc1OC1CCOC1	0.013237
rxn:5:195464:228071:225508	Cc1cc(-c2ccc3c(c2)c(C2CC2)nn3C)c(C#N)c(-c2cccc3c2OCCO3)c1	0.013233
rxn:5:198438:223215:223212	COc1ccc2c(-c3ccc4nc(-c5ccc6c(c5)NC(=O)CC6)oc4c3)c[nH]c2c1	0.013232
rxn:5:182656:226462:223341	CCn1cnc2cc(-c3ccc4ccoc4c3-c3ccc4c(c3)CC(=O)N4)c(F)cc21	0.013225
rxn:5:182643:228064:227136	CCn1ccc2cc(-c3ccc4occc4c3-c3cnc4c(c3)C(=O)CC4)cnc21	0.013225
rxn:5:198666:228572:227548	CCOc1ccc(F)c(F)c1-c1cccc2cc(-c3ccc(C)c(C#N)c3)ncc12	0.013224
rxn:5:179193:227414:228701	COc1cc(-c2cnc(C3CC3)nc2)c(-c2ccc(-c3ccncc3)s2)cc1OC	0.013219
rxn:5:176758:227377:228623	CCCOc1cc(-c2cncnc2C2CCCC2)cc(-c2sccc2C2CCC2)c1	0.013212
rxn:5:194398:226317:229060	N#Cc1ccc(-c2cc(-c3ccc(Cn4cccn4)cc3)ccc2C(=O)N2CC3CC3C2)cn1	0.013209
rxn:5:182737:227345:227849	CC(C)Oc1ccc(-c2cc3c(cc2-c2ccnc4ccccc24)CCO3)c(F)c1	0.013207
rxn:5:192339:225687:223348	CC(=O)N(C)c1ccc(-c2cccnc2-c2ccc(F)cc2)c(-c2ccc3c(c2)C(=O)NC3)c1	0.013205
rxn:5:192564:227841:227612	Cc1cc(C)c(C)c(-c2cc(-c3cnn(C4CCCCO4)c3)ccc2C2(C#N)CCC2)c1C	0.013203
rxn:5:182840:226935:228462	Cc1cncc2ccc(-c3c(-c4ccnc(OC(F)F)c4)ccc4c3C(=O)CC4)cc12	0.013203
rxn:5:179415:227070:228559	CCOc1ccc(-c2c(C)ccc(-c3cc(C)c(C)cc3OCC)c2C(=O)OC)cc1	0.013202
rxn:5:188961:228016:228599	COc1ccc(-c2cc(-c3cc(C4CCCC4)cs3)cnc2OCC(C)C)cc1C	0.013198
rxn:5:181622:226920:227988	Cc1ccc(C(C)(C)C)cc1-c1cc(C2OCCO2)ccc1-c1cccc(C2CC2)c1F	0.013198
rxn:5:182578:226373:222984	Cc1ccn(-c2ccc(-c3ccc(-c4ccc(CN5CCC(O)C5)cc4)c(C)c3C)cc2)n1	0.013198
rxn:5:181576:226973:226181	CC(C)c1ccc(-c2ccc3c(c2)C(C)(C)CO3)cc1-c1ccc(C2=CCCCC2)nc1	0.013189
rxn:5:198513:228278:227388	COc1cc(C)c(F)cc1-c1cc2cc[nH]c2cc1-c1ccn(-c2ccccc2)n1	0.013185
rxn:5:178616:227376:226378	COC(=O)c1cc(-c2cncc(N3CCCC3)c2)c(-c2ccnc(-c3ccncc3)c2)o1	0.013185
rxn:5:197413:227102:223384	CNC(=O)c1ccc(-c2cc3nccc(-c4cc(C(C)(C)C)ccc4F)c3cc2OC)cn1	0.013182
rxn:5:177447:227079:229124	COc1cc(-c2cc(CC(C)C)ccc2F)cc(-c2cnc(C)c(F)c2)c1OC(C)C	0.013176
rxn:5:181576:228003:228159	CCOc1cc(-c2cc(-c3c(C)cc(SC)cc3C)ccc2C(C)C)ccc1F	0.013168
rxn:5:195902:228920:228714	CSc1nccc(-c2sc(-c3cnc(C#N)cc3C)nc2-c2ccccc2)c1F	0.013167
rxn:5:198228:228068:222958	Cc1ccc(-c2ccc(-c3cc4cc(F)ccc4s3)nc2C)cc1C1CCNCC1	0.013160
rxn:5:195462:225461:227817	Cc1cc(N2CCCCC2)ccc1-c1ccc(C#N)c(C)c1-c1ccccc1CC(C)C	0.013159
rxn:5:192427:229243:226839	Cc1nn(C)cc1-c1cncc(Oc2ccc(-c3cc(C(F)(F)F)ncc3C#N)cc2)c1	0.013155
rxn:5:176758:226969:223319	CCCOc1cc(-c2ccc3c(c2)CCCC3=O)cc(-c2cc(C)c3[nH]ncc3c2)c1	0.013154
rxn:5:179537:225982:228970	CCOc1cc(C)c(-c2cnc(N3CCOCC3)cc2F)cc1-c1ccc(C(F)(F)F)s1	0.013152
rxn:5:179549:222416:225576	CC(C)Oc1cccc(-c2ccc3[nH]c(=O)[nH]c3c2)c1-c1ccc(N2CCCC2)c(C#N)c1	0.013149
rxn:5:198663:228046:228601	CC(=O)c1ccccc1-c1ccc2cnc(-c3ccnc4c3ccn4C)cc2c1	0.013149
rxn:5:177737:229309:227186	Cc1ncc(-c2ccc(-c3ccc4cccnc4c3F)cc2C(=O)OC(C)(C)C)o1	0.013143
rxn:5:179402:228026:229012	COC(=O)c1cc(-c2ccc3cnn(C)c3c2)cc(C)c1-c1sccc1C(C)C	0.013142
rxn:5:188070:227384:226980	N#CCOc1ccc(-c2cccc3c2C(=O)CCC3)cc1-c1ccc(-n2ccnc2)cc1	0.013142
rxn:5:188385:226173:229293	CCOC(=O)c1cc(-c2ccc(-n3cccc3)cc2C)cnc1-c1csc(C)c1	0.013141
rxn:5:176854:227808:227317	COC(=O)c1cc(OC)c(-c2ccnc(OC(C)(C)C)c2)c(-c2ccc3c(c2)CCCC3)c1	0.013136
rxn:5:196918:222421:227130	NS(=O)(=O)c1cncc(-c2cccc(N3CCCCC3=O)c2-c2ccc(-c3ccoc3)cc2)c1	0.013128
rxn:5:192339:227663:227300	CC(=O)N(C)c1ccc(-c2ccc(C)c(C(F)(F)F)c2)c(-c2cncc(OC3CCC3)c2)c1	0.013125
rxn:5:176762:227131:227837	CCOCc1ccc(-c2cc(C)cc(C3CC3)c2)c(-c2cccc(C3CCOC3)c2)c1	0.013125
rxn:5:181904:228811:227982	COc1cc(C)cc(-c2c(-c3cc(SC)ccc3F)ccc(C3OCCO3)c2C)c1C	0.013122
rxn:5:197169:225462:228363	CC1CCN(c2cccc(-c3cc(-c4cnc(N(C)C)cc4F)cc4c3OCC(C#N)=C4)c2)CC1	0.013121
rxn:5:196667:228620:227205	CSc1ccc(-c2c(C3CCCC3)ccnc2-c2cccc3c2OCCCO3)cc1C	0.013119
rxn:5:198085:227086:225691	Fc1cccc(-c2ncccc2-c2cnc(-c3ccnc(C4CCCC4)c3)s2)c1	0.013118
rxn:5:176564:228128:226153	COC(=O)Cc1ccc(-c2cc(C3CC3)c(OC)cc2C)cc1-c1ccc(OC)c(C#N)c1	0.013117
rxn:5:182845:228018:228673	O=C1CCc2c(-c3cc(F)cc(C4CC4)c3)ccc(-c3cccc4nscc34)c21	0.013109
rxn:5:198676:228616:228979	CCc1ccccc1-c1ccc2ccncc2c1-c1ccc(SC)cc1C	0.013107
rxn:5:182504:225459:228600	COc1ccc(-c2cc(C)cc(-c3ccnc(-c4cccc(C)c4)c3)c2)c(C)c1	0.013107
rxn:5:195801:227627:228013	Fc1ccc(-c2ccnc(-c3cnc(-c4ccoc4)nc3)c2C2CC2)cc1C1CC1	0.013105
rxn:5:198125:227929:226455	CCOc1cc(C)ccc1-c1ccnc(-c2cc(-c3cccc(F)c3)cs2)c1	0.013102
rxn:5:181579:226912:227893	Cc1cc(CC(C)C)cc(-c2ccc(-c3cccc(CN(C)C)c3)c(C(C)C)c2)c1	0.013101
rxn:5:193157:228745:228654	CSc1cc(C)c(-c2cc(-c3ccn4nccc4c3)ccc2CN2CCCC2)cn1	0.013098
rxn:5:179548:228340:226371	CCOc1c(-c2sc(C3CC3)nc2OC)ccc(C)c1-c1cnc(N2CCCC2)cc1C	0.013098
rxn:5:196873:229239:225832	CSc1ccsc1-c1ccc(N2CCOCC2)cc1-c1c(C)nn(C2CCCCO2)c1C	0.013094
rxn:5:178991:229168:225785	COCc1cc(-c2ccc(Oc3cccnc3)nc2)cc(-c2sc(C)nc2OC)c1	0.013092
rxn:5:181578:228675:228276	COc1c(-c2ccc(C(C)C)cc2-c2cccc3scnc23)ccc(F)c1C	0.013091
rxn:5:198416:223232:228928	FC(F)c1ncccc1-c1ncc(-c2cccc(-c3cc[nH]n3)c2)c2sccc12	0.013087
rxn:5:188520:227659:226411	CCCOc1ncc(-c2cccc(C(F)(F)F)c2C)cc1-c1ccc(N2CCOCC2)cc1	0.013086
rxn:5:179407:228784:223232	COc1cc(-c2cc(C(C)=O)c(-c3cccc(-c4cc[nH]n4)c3)cc2OC)ccc1F	0.013078
rxn:5:188384:227427:228077	CCOC(=O)c1cnc(-c2ccc3c(c2)C(=O)OC3)c(-c2cccnc2-c2ccoc2)c1	0.013076
rxn:5:196414:228009:223348	O=C1NCc2ccc(-c3ccc(-c4ccncc4-c4ccc(C5CC5)c(F)c4)cc3)cc21	0.013075
rxn:5:199278:226917:227977	COc1cc(C)c(-c2cc(-c3cc(C)cc(C(C)(C)C)c3)cc3c2N(C)C(=O)CC3)cc1C	0.013073
rxn:5:196187:228655:228603	CC(=O)c1cccc(-c2cc(-c3cnc4ccccn34)ccc2-n2cccc2)c1	0.013071
rxn:5:176994:229010:226575	CC(C)c1csc(-c2ccc(-c3ccc(C(=O)N(C)C)c(F)c3)c(OCC3CC3)c2)c1	0.013068
rxn:5:198559:223015:223348	COC(=O)c1ccc2[nH]c(-c3ccc4c(c3)C(c3ccc5c(c3)C(=O)NC5)=NS4(=O)=O)cc2c1	0.013066
rxn:5:176996:228195:227811	Cc1nn(C(C)(C)C)cc1-c1cc(OCC2CC2)cc(-c2ccc(CC(C)C)cc2)c1	0.013060
rxn:5:195332:223357:226083	COc1c(-c2nccc(SC)c2-c2ccccc2NC(C)=O)ccc2ccccc12	0.013060
rxn:5:179402:227838:227561	COC(=O)c1cc(-c2cc(C)ccc2C2CC2)cc(C)c1-c1cc(OC)c(OC)cc1F	0.013059
rxn:5:181280:228018:228355	CCc1cc(-c2cc(-n3cccn3)cs2)ccc1-c1cc(F)cc(C2CC2)c1	0.013057
rxn:5:196340:223286:228789	COc1cc(F)ccc1-c1ccc(-c2noc(C)c2-c2cccc(NS(C)(=O)=O)c2)cc1	0.013049
rxn:5:194942:226066:227288	CN(C)C(=O)c1ccccc1-c1ccc(C#N)cc1-c1ccc(-c2ccccc2)cc1	0.013040
rxn:5:193158:227825:228478	FC(F)(F)c1cncc(-c2c(CN3CCCC3)cccc2-c2cccc(C3CCC3)c2)c1	0.013037
rxn:5:198513:227767:222984	CCn1cc(-c2cc3cc[nH]c3cc2-c2ccc(CN3CCC(O)C3)cc2)c(C(F)(F)F)n1	0.013034
rxn:5:189320:222983:228153	COc1cc(OC)cc(-c2ncc(C(=O)OC(C)(C)C)cc2-c2cccc(CN3CCC(O)C3)c2)c1	0.013034
rxn:5:198646:229198:227611	Fc1ncc(-c2ccnc3ccc(-c4ccnn4C4CCCCO4)cc23)c(F)n1	0.013030
rxn:5:198325:228069:227374	Cc1cnc(-c2ccc(-n3cccn3)cc2)c(-c2ccc(F)c3ccoc23)c1C	0.013029
rxn:5:198916:227432:227302	Cc1cc(-c2ccc(-c3ccc(C4COC4)nc3C)c3[nH]cc(C)c23)cnc1OC(C)C	0.013027
rxn:5:188961:228928:227113	Cc1cc(F)c(C2CC2)cc1-c1cc(-c2cccnc2C(F)F)cnc1OCC(C)C	0.013027
rxn:5:194239:222959:229339	COC(=O)c1cc2c(-c3ccc(C4CCNCC4)c(C)c3)cccc2c(-c2nccs2)n1	0.013026
rxn:5:181906:228662:228501	Cc1ccc(-c2cc3cnccc3s2)c(C2OCCO2)c1-c1cnn(C)c1C(F)(F)F	0.013025
rxn:5:181905:223404:227667	CC(=O)c1ccc(F)c(-c2ccc(C)c(-c3cccc4[nH]ncc34)c2C2OCCO2)c1F	0.013022
rxn:5:198678:226442:228879	Cc1nc(-c2ccco2)ccc1-c1c(-c2ccnn2C2COC2)ncc2ccccc12	0.013022
rxn:5:199091:227635:223415	Cc1cc2c(-c3cccc4[nH]cnc34)ccnc2cc1-c1cnc(-c2ccco2)nc1	0.013020
rxn:5:199094:223328:228139	COc1cc(C#N)cc(-c2c(-c3cnc4[nH]cc(C)c4c3)cnc3c(C)cccc23)c1	0.013019
rxn:5:179195:229073:227761	CCC(=O)c1ccc(-c2ccncc2OC)c(-c2ccc(F)cc2C(F)(F)F)c1	0.013017
rxn:5:182502:225601:228537	Cc1cc(-c2ccc(C3(C#N)CCC3)cc2F)ccc1-c1cccc2occc12	0.013014
rxn:5:188520:228201:226139	CCCOc1ncc(-c2cnc(C3CCC3)nc2)cc1-c1cc(C2CC2)cnc1C1CC1	0.013009
rxn:5:177177:229227:227630	COC(=O)Cc1cc(C)c(-c2csc(C#N)c2)cc1-c1cc(-c2cnccn2)cs1	0.013009
rxn:5:199169:227870:225819	CN1CCc2c1ccc(-c1ccc3c(c1)C(=O)CC3)c2-c1cc(C(F)(F)F)ccc1C1CC1	0.013008
rxn:5:195301:226324:226936	COc1cnc(-c2cccnc2OC2CCCC2)cc1-c1ccc2c(C)cncc2c1	0.013007
rxn:5:181064:226863:227089	COc1cc(-c2ccncc2C2CCCC2)ccc1-c1ccc(OC(F)(F)F)cc1F	0.013007
rxn:5:192707:225834:228411	COc1ccc(-c2cccc(CN3CCC3)c2-c2cc(N3CCCCC3)ncc2F)c(F)c1F	0.013005
rxn:5:195957:228632:228509	Cc1cc(C)c(-c2cc(-c3ccc(C(C)C)cc3)cc(-c3cnco3)c2)c(C)n1	0.013002
rxn:5:195962:229009:228648	Cc1cc(C)c(F)c(-c2cccc(-c3cc(C4CC4)cs3)c2-c2cnco2)c1	0.013001
rxn:5:176860:228379:228826	COC(=O)c1c(-c2cc(F)c(F)cc2C#N)ccc(OC)c1-c1cc(C)c(F)cc1F	0.012999
rxn:5:181432:226172:226840	Cc1ccc(N2CCCC2)cc1-c1c(-c2cc(C#N)nc(C(F)(F)F)c2)cccc1C1CC1	0.012986
rxn:5:195923:228372:228215	Cc1ccc(-c2cc(-c3cc(F)c(C#N)cc3F)ncc2-c2ccco2)c(F)c1C#N	0.012986
rxn:5:197491:228570:227903	CCc1c[nH]c2cc(-c3cccc(N(C)CC)c3)c(-c3cncc(C4CC4)c3)cc12	0.012984
rxn:5:195445:226742:229006	CSc1ccc(-c2ncc(-c3ccc(C#N)cc3C(F)(F)F)cc2C(C)=O)cc1	0.012982
rxn:5:180202:223341:226141	O=C1Cc2cc(-c3ccc(OC4CCOCC4)c(-c4ccccc4OC4CCCC4)c3)ccc2N1	0.012977
rxn:5:197521:228979:228312	CCc1ccccc1-c1ccc2ncc(C(C)=O)c(-c3cc(C#N)ncc3OC)c2c1	0.012969
rxn:5:188071:228304:226358	Cc1cnn(-c2cccc(-c3cc(OCC#N)cc(-c4cnc(OC(C)C)nc4)c3)c2)c1	0.012950
rxn:5:198753:228691:226457	CCOc1ccc(-c2ccc3cnccc3c2-c2ccc(C3CCOC3)c(F)c2)cn1	0.012948
rxn:5:188391:228698:228840	CCOC(=O)c1cncc(-c2ccc(C(=O)CC)s2)c1-c1c(F)ccc(F)c1C	0.012940
rxn:5:179186:227707:227322	COc1c(-c2ccc(CC(C)=O)c(-c3ccccc3OC(F)(F)F)c2)cncc1C(C)C	0.012937
rxn:5:196357:223453:226680	Fc1cnc(-n2cccc2)cc1-c1ccc(-c2cccnc2-c2cccnc2)cc1	0.012935
rxn:5:198233:225983:227315	Cc1cnc(-c2cnc(CC(C)C)cc2F)c(-c2cnn(-c3ccc(F)c(F)c3)c2)c1	0.012934
rxn:5:178976:226180:228248	CCOc1ccc(-c2ccc(C(C)=O)cc2F)cc1-c1cc(C)nc(C2CCCC2)c1	0.012929
rxn:5:195908:228202:228723	CN(C)c1cc(-c2cnc(-c3ccc(-c4ccc(C#N)c(F)c4)cc3)s2)ccc1F	0.012928
rxn:5:198658:223018:228200	CC1(C)Oc2ccc(-c3cc(-c4ccnn4C4CCCC4)c4ccccc4n3)cc2NC1=O	0.012925
rxn:5:195963:228697:229011	COCc1cc(-c2cc(-c3nccs3)ccc2-c2ccc(C3CC3)s2)ccn1	0.012925
rxn:5:196408:226744:229006	CCc1cc(-c2cc(-c3ccc(SC)cc3)ccc2C2=NOCCO2)cnc1C(F)(F)F	0.012925
rxn:5:189139:229314:223328	Cc1ncsc1-c1cc(-c2cnc3[nH]cc(C)c3c2)cnc1OCc1ccccc1	0.012923
rxn:5:181411:228457:225858	COC(=O)c1ncc(-c2cc(-c3ccc(-n4cc(C)cn4)cc3F)ccc2C2CC2)cn1	0.012919
rxn:5:179403:228120:227041	CCOc1cc(C)c(-c2cc(-c3cc(C)cnc3OCC)cc(C)c2C(=O)OC)cc1C	0.012915
rxn:5:197126:228321:228396	COC(=O)c1cncc(-c2cc3nc(-c4c(F)cc(OC)cc4F)sc3cc2OC)c1	0.012914
rxn:5:194144:225831:229056	COC(=O)c1cc(-c2cnc(N3CCOCC3)c(C)c2)c2c(-c3ccnn3C(C)C)c[nH]c2c1	0.012912
rxn:5:193156:228661:229204	CCc1sccc1-c1cc(CN2CCCC2)cc(-c2ccc3ncsc3c2)c1	0.012910
rxn:5:181325:226083:228502	COc1c(-c2cc(S(C)(=O)=O)ccc2-c2nn(C)cc2C(F)(F)F)ccc2ccccc12	0.012895
rxn:5:191683:227610:226975	CCOc1ccc(-c2cc3ccccc3cc2F)nc1-c1ccn(C2CCCCO2)n1	0.012885
rxn:5:195313:225822:226920	COc1cc(-c2cc(C(C)(C)C)ccc2C)cc(-c2cccc(C(F)(F)F)c2C2CC2)n1	0.012868
rxn:5:198521:226643:227616	Cc1cnn(-c2ccc(-c3cc4cc[nH]c4cc3-c3ccc(N4CCOCC4)nc3)s2)c1	0.012867
rxn:5:188380:223240:227066	CCOC(=O)c1ccc(-c2ccc(C3CCNC3)nc2)c(-c2cccc(C(=O)C3CC3)c2)n1	0.012859
rxn:5:191512:227843:225581	COC(=O)c1cc(-c2cncc3ccccc23)c(-c2ccc(CN3CCOCC3)cc2)cn1	0.012855
rxn:5:192644:223252:228885	N#Cc1ncc(-c2ccc(C(=O)c3cccc(-c4cc(F)c5c(c4)NCCO5)c3)nc2)cc1F	0.012854
rxn:5:193332:228342:228991	CCCc1sccc1-c1ccc(CN2CCOCC2)c(-c2cccc(OC(F)F)c2)c1	0.012849
rxn:5:182710:227672:223238	Cc1cccc(-c2cc3c(c(-c4cccc(-c5cn[nH]c5)c4)c2)OCC3=O)c1C(F)(F)F	0.012843
rxn:5:176590:228800:228575	CCOC(=O)c1c(-c2ccc(C#N)c(C)c2)cccc1-c1cc(F)ccc1SC	0.012842
rxn:5:177190:223449:225506	CCS(=O)(=O)Cc1ccc(-c2ccc3c(cnn3CC(C)C)c2)c(-c2cc(=O)[nH]cc2F)c1	0.012836
rxn:5:193465:228524:227591	COc1cc(C(F)F)ccc1-c1cccc(C(=O)N2CCC[C@@H]2C)c1-c1cnc2c(c1)CCC2	0.012827
rxn:5:182820:228685:227846	COCc1cncc(-c2cccc3cccc(-c4cn(C)c5ccccc45)c23)c1	0.012821
rxn:5:198648:226329:228750	CC(=O)c1cncc(-c2cc3ccccc3nc2-c2ccc(C3(C#N)CC3)c(F)c2)c1	0.012821
rxn:5:197404:227679:223439	COc1ccc2ncc(-c3cc(C(F)(F)F)[nH]n3)c(-c3ccc4c(c3)OC(F)(F)O4)c2c1	0.012818
rxn:5:196086:228750:227400	CC(=O)c1cncc(-c2c(C(C)C)ccnc2-c2ccc(-c3nccs3)cc2)c1	0.012817
rxn:5:182654:223452:227128	Cc1n[nH]c(C)c1-c1ccc2ccsc2c1-c1ccccc1-c1cccs1	0.012815
rxn:5:179195:227157:228118	CCC(=O)c1ccc(-c2cc(C)cc3c2cnn3C)c(-c2cccc(OC)c2C#N)c1	0.012814
rxn:5:180565:228561:229249	COC(=O)c1sc2cccc(-c3cccc(CSC)c3)c2c1-c1cnnc(C)c1	0.012814
rxn:5:195904:228569:227166	CN(C)c1ccccc1-c1nc(-c2cccc(-c3ccc4c(c3)OCCN4C)c2)cs1	0.012807
rxn:5:195320:226695:226794	COc1ccc(-c2cnc(N3CCSCC3)nc2)c(-c2ccc(-c3cncs3)cc2F)n1	0.012799
rxn:5:181430:229091:227413	CSc1ccc(-c2ccoc2C(C)=O)c(-c2cnc(C3CCC3)cc2F)c1C	0.012797
rxn:5:199079:228491:226199	Cc1cc2cccc(-c3cn(C)c(=O)n(C)c3=O)c2c(-c2ccc3c(cnn3C(C)C)c2)n1	0.012793
rxn:5:181063:227390:227083	COc1ccc(-c2cccc(-n3cccc3)c2)c(-c2ccnn2C2CCCCC2)c1	0.012792
rxn:5:182896:225419:229148	CCOc1cc2ccccc2cc1-c1ccc(-c2cnn(CCF)c2)c2c1CCC2	0.012790
rxn:5:195307:227062:226646	CCOc1ccc(-c2ncc(OC)cc2-c2ccc(-c3nnc(C)o3)cc2)c(C)c1C	0.012788
rxn:5:179543:228531:225499	CC(C)Oc1ccc(-c2ccc(C3CCCCC3)cc2F)c(-c2cccc3c2CCO3)c1	0.012783
rxn:5:192572:228844:226460	COc1ccc2nccc(-c3cc(-c4ccc(F)c(F)c4C)ccc3C(=O)N3CCC3)c2n1	0.012783
rxn:5:191334:227019:228069	CC(C)(C#N)c1cccc(-c2cc(-c3ccc(F)c4ccoc34)ccc2CC#N)c1	0.012782
rxn:5:191496:226411:226954	COC(=O)c1cnc(-c2cnc3cc(C)ccc3c2)c(-c2ccc(N3CCOCC3)cc2)c1	0.012782
rxn:5:193054:223340:225938	O=C(c1cccc(-c2ccc3c(c2)NCCO3)c1-c1cc(C(F)(F)F)ncc1C1CC1)N1CCCC1	0.012781
rxn:5:197566:223281:223136	CCc1cc2ccc(-c3ccc(C4(O)COC4)nc3)cc2nc1-c1ccncc1C1CCCNC1	0.012780
rxn:5:199073:229314:226346	Cc1cc(OC(C)C)c(F)c(-c2nc(C)cc3cc(-c4scnc4C)ccc23)c1	0.012778
rxn:5:179547:227826:228261	CCOc1ccc(-c2cccc(C(C)(C)C)c2)c(-c2c(SC)ccc(F)c2C)c1C	0.012775
rxn:5:176993:229340:226418	CCCC(=O)c1ccc(-c2sc(-c3ccccc3)nc2C)c(-c2ncco2)c1	0.012767
rxn:5:182841:226740:226679	N#Cc1c(-c2cc3c(cc2-c2cnc(N4CCCC4)cc2F)CCC3=O)cccc1C(F)(F)F	0.012766
rxn:5:198523:223148:223229	CC(=O)Nc1ccc(C)c(-c2c(-c3ccccc3C3CNCCO3)ccc3[nH]ccc23)c1	0.012764
rxn:5:194943:228231:225701	CN(C)c1ccc(-c2ccc(-c3ccc(-c4cccc(F)c4)nc3)c(C#N)c2)c(F)c1	0.012764
rxn:5:182953:227434:228541	O=C1CCOc2c1ccc(-c1ccc3c(c1)COC3)c2-c1ccccc1-c1cncs1	0.012761
rxn:5:199070:228697:227740	COCc1cc(-c2c(C)nc3ccccc3c2-c2cc(C)nc(C(F)(F)F)c2)ccn1	0.012760
rxn:5:196097:225943:227136	CCn1ccc2cc(-c3cc(-c4ccc(C(=O)N5CCOCC5)s4)ccc3N(C)C)cnc21	0.012759
rxn:5:198450:229169:227150	Cc1cc(-c2nccc3cc(-c4cscc4C(F)F)oc23)cc2cnn(C)c12	0.012756
rxn:5:192705:227356:227206	CCOc1cc(F)c(C)cc1-c1cnc(OC(C)(C)C)cc1-c1ccc2c(c1C)COC2=O	0.012755
rxn:5:196404:226898:228839	Cc1cc(F)cc(-c2cccc(-c3cncc(-c4cn(S(=O)(=O)N(C)C)nc4C)c3)c2)c1F	0.012753
rxn:5:188931:228336:229075	COC(=O)c1cc(-c2cnc(OC)c(SC)c2)cc(S(N)(=O)=O)c1-c1cc(C)c(C#N)s1	0.012753
rxn:5:199301:228136:226389	CN1CCc2c(cc(-c3ccccc3-c3ncccn3)cc2-c2ccc(OC3CC3)nc2)C1	0.012753
rxn:5:179202:227892:227348	COc1ccc(-c2cc(-c3ccc(CN(C)C)cc3)cc(SC)c2OC)c(C)c1OC	0.012750
rxn:5:192563:228255:228003	COc1c(-c2cc(C(=O)N3CCC3)cc(-c3c(C)cc(SC)cc3C)c2)ccc(C)c1F	0.012748
rxn:5:193462:228986:227662	Cc1ccc(-c2ccc(-c3cccc(C)c3C)cc2CN2CCC(=O)CC2)c(C(F)(F)F)c1	0.012744
rxn:5:199086:223341:226844	Cc1cc(-c2ccc3c(c2)CC(=O)N3)c2ccc(-c3ccnc(C(=O)C(F)(F)F)c3)cc2n1	0.012742
rxn:5:195332:223235:228419	CSc1cc(F)c(-c2nccc(SC)c2-c2ccc(-c3cn[nH]c3)cc2)cc1F	0.012735
rxn:5:181420:225798:227050	COc1cc(C)cc(-c2ccc(OC3CCOCC3)nc2)c1-c1ccc(OC(C)C)c(C)c1	0.012733
rxn:5:191683:228620:226593	CCOc1ccc(-c2c(F)ccc(OC(C)C)c2F)nc1-c1ccc(SC)c(C)c1	0.012732
rxn:5:196678:223417:228435	CSc1ccc(F)c(F)c1-c1cc(N2CCCC2)ccc1-c1n[nH]c2ccccc12	0.012731
rxn:5:194143:229168:223270	COC(=O)c1cc2c(-c3ccc(F)cc3NC(C)=O)cc(-c3sc(C)nc3OC)cc2[nH]1	0.012729
rxn:5:188520:228393:227450	CCCOc1ncc(-c2cc(F)cc(F)c2OC)cc1-c1cccc(C2CC2(F)F)c1	0.012723
rxn:5:189908:223130:228611	COc1ccc(C)c(-c2ncc(-c3ccc(CN4CC(O)C4)cc3)cc2OCC2CCCCC2)c1	0.012699
rxn:5:198409:223010:229007	CSc1cccc(-c2ccc3cc(-c4ccc(C5(O)CCOCC5)cc4)sc3n2)c1	0.012695
rxn:5:182651:228048:228661	Cn1ccc2cc(-c3cc4cccc(-c5ccc6ncsc6c5)c4o3)cnc21	0.012689
rxn:5:181578:227813:226437	CCc1cccc(CC)c1-c1cc(C(C)C)ccc1-c1cc(C2CCCC2)ncc1F	0.012687
rxn:5:196978:227740:228505	CCCc1ccc(-c2cc(-c3cc(C)nc(C(F)(F)F)c3)ccc2N2CCCCC2)cc1	0.012686
rxn:5:199100:226368:229212	Cc1ccncc1-c1ccnc2c(C)ccc(-c3cnn(C)c3-c3ccccc3)c12	0.012682
rxn:5:191508:227862:227438	COC(=O)c1cncc(-c2cc3cccc(C)c3s2)c1-c1ccnc(C2CCOC2)c1	0.012681
rxn:5:176763:228155:226925	CCOCc1cc(-c2ccc(OC)c(OC)c2)ccc1-c1cc(C2CC2)cc(C)c1C	0.012677
rxn:5:176855:228557:227853	COCc1cccc(-c2cc(OC)c(C(=O)OC)cc2-c2cccc3c2ccn3C)c1	0.012672
rxn:5:193052:225651:229316	Cc1cc(-c2ccc(C(=O)N3CCCC3)c(-c3nc(C)cs3)c2)cc(-c2cnn(C)c2)c1	0.012671
rxn:5:192567:225810:228304	COc1ccc(-c2ccc(-c3cnc(OC(C)C)nc3)c(C3(C#N)CCC3)c2)c(C2OCCO2)c1	0.012668
rxn:5:198744:227854:228581	Cc1c(C#N)cccc1-c1ccc2c(-c3ccc4c(ccn4C)c3)cncc2c1	0.012668
rxn:5:198522:228047:227412	Cc1ccc(-c2ccc3[nH]cc(-c4cnc(C(C)(C)C)cc4F)c3c2)c2nccn12	0.012659
rxn:5:194143:227626:228319	COC(=O)c1cc2c(-c3ccnc(OC)c3OC)cc(-c3cnc(C4CCOC4)nc3)cc2[nH]1	0.012658
rxn:5:197407:226652:228876	COc1cc(-c2cnn(C3CC3F)c2)cc2c(-c3cc(C)nn3C3CCCCO3)ccnc12	0.012650
rxn:5:198685:227377:227379	Cc1cc2oc(-c3cccnc3N3CCCC3)nc2cc1-c1cncnc1C1CCCC1	0.012645
rxn:5:195322:225667:228026	COc1nccc(-c2ccc3cnn(C)c3c2)c1-c1ccnc(-c2ccc(F)cc2)c1	0.012642
rxn:5:192565:228680:225833	CCCn1nc(C)cc1-c1ccc(C2(C#N)CCC2)c(-c2ccnc(N3CCCCC3)c2F)c1	0.012629
rxn:5:182851:227922:226399	CCc1cc(OC)ccc1-c1cc(-c2ccc(-c3ncccn3)cc2)cc2c1OCCO2	0.012626
rxn:5:197446:227766:229125	CCn1nc(C(F)(F)F)cc1-c1cn(C(C)=O)c2ccc(-c3cncc(C)c3F)cc12	0.012620
rxn:5:181077:227944:225588	CSc1ccc(-c2ccccc2CN2CCSCC2)c(-c2cncc(C(C)(C)C)c2)c1	0.012614
rxn:5:195795:223082:227119	CNS(=O)(=O)c1c(C)cc(-c2cnc(-c3cc(C4CCCCC4)cs3)cc2C2CC2)cc1C	0.012611
rxn:5:199069:228009:229223	Cc1csc(C)c1-c1c(C)ccc2c(-c3ccc(C4CC4)c(F)c3)ccnc12	0.012610
rxn:5:179206:228677:227560	COc1ccc(-c2c(OC)ccc(-c3cnn(CC(C)C)c3)c2SC)cc1C(F)F	0.012609
rxn:5:182658:227868:227903	CCN(C)c1cccc(-c2cc(-c3ccc4c(c3)OCCC4)cc3sccc23)c1	0.012607
rxn:5:199103:228580:226580	Cc1ccc2c(-c3cc(C(=O)N(C)C)ccc3F)ccc(-c3cccnc3C3CC3)c2n1	0.012606
rxn:5:191916:223213:226159	COc1nc(OC)c(-c2c(C)ccc3[nH]nc(C)c23)cc1-c1cccc(N2CCCCC2)c1	0.012601
rxn:5:181204:227355:227447	CCOc1ccc(C)c(F)c1-c1cc(C(C)=O)cc(-c2c(F)ccc(C3CC3)c2F)c1	0.012595
rxn:5:196679:223129:228126	COc1ccc(-c2ccc(-c3cn[nH]c3Cc3ccccc3)c(N3CCCC3)c2)c(C#N)c1	0.012593
rxn:5:198403:227328:227490	CC(C)Oc1cc(F)cc(-c2cc(-c3cnc(OC(C)(C)C)nc3)c3ocnc3c2)c1	0.012591
rxn:5:197413:226734:229204	CCc1sccc1-c1cc2nccc(-c3cccc(S(=O)(=O)N(C)C)c3)c2cc1OC	0.012587
rxn:5:194946:225644:222988	Cc1cccc(-c2ncc(-c3cccc(-c4cc(C)nc(C5CCNCC5)c4)c3C#N)cn2)c1	0.012584
rxn:5:191555:226943:228026	COc1cc(C#N)cc(-c2cccc3cc(C)ncc23)c1-c1ccc2cnn(C)c2c1	0.012583
rxn:5:195918:226591:229249	Cc1cc(-c2cccc(-c3scnc3-c3ccc(OC(C)C)c(F)c3F)c2)cnn1	0.012583
rxn:5:191495:227706:228971	COC(=O)c1cc(-c2cc(OC)cnc2C(F)F)cnc1-c1csc(C(F)(F)F)c1	0.012582
rxn:5:182842:226379:227523	COC(=O)c1cnc(C)cc1-c1cc2c(c(-c3ccnc(-c4cccnc4)c3)c1)CCC2=O	0.012579
rxn:5:191333:227052:227772	CC(C)(C)Sc1ccc(-c2ccc(CC#N)c(-c3cncc(OC(F)(F)F)c3)c2)cc1	0.012577
rxn:5:177285:228639:227355	CCOc1ccc(C)c(F)c1-c1cccc(-c2ccc(C)c(F)c2C)c1COC(C)C	0.012574
rxn:5:192562:226061:229148	CC(C)c1cc(-c2ccc(C3(C#N)CCC3)cc2-c2cnn(CCF)c2)cc(C2CC2)c1	0.012570
rxn:5:198619:227891:223237	CN(C)Cc1ccccc1-c1cccc2c(-c3[nH]ncc3-c3ccccc3)nccc12	0.012564
rxn:5:177274:227587:228407	COc1cc(-c2ccc(COC(C)C)c(-c3c(OC)ccc(F)c3F)c2)cc(F)c1OC	0.012559
rxn:5:178994:228644:227864	COCc1cccc(-c2cc(C)c(F)c(C)c2)c1-c1cc2ccc(C)cc2s1	0.012556
rxn:5:182947:227021:226145	N#CC1(c2ccc(-c3cc4c(c(-c5ccc(OC6CCCC6)cc5)c3)OCCC4=O)cc2)CC1	0.012551
rxn:5:193231:228119:228540	CC(C)Sc1ccc(-c2ccc(C(=O)N3CCSCC3)c(-c3cccc4c3COC4)c2)cn1	0.012551
rxn:5:182645:227718:228755	COc1cncc(-c2cc(-c3ccc(OC(F)F)cc3F)c3sccc3c2)c1C	0.012551
rxn:5:182574:228784:227128	COc1cc(-c2cc(C)c(C)cc2-c2ccccc2-c2cccs2)ccc1F	0.012546
rxn:5:182657:226424:222420	CC1CCCN(c2csc(-c3sc4ccccc4c3-c3ccccc3S(N)(=O)=O)c2)C1	0.012544
rxn:5:182899:227093:225592	Fc1ccc(CN2CCCC2)c(-c2ccc3c(c2-c2cccnc2C2CCCC2)CCC3)c1	0.012540
rxn:5:198679:227409:228146	CCc1cncc(-c2ccnc3cccc(-c4cc(C(C)(C)C)ncc4F)c23)c1OC	0.012539
rxn:5:193225:227877:223397	Cc1cc2cc(-c3ccc(-c4ccc5c(c4)CCN5)c(C(=O)N4CCOCC4)c3)ccc2s1	0.012539
rxn:5:198633:228763:227918	CCc1c(F)cncc1-c1ccc(-c2ccc(SC3CC3)cc2)c2cccnc12	0.012536
rxn:5:196770:228679:228569	Cc1ccc(-c2cnc(-c3cnn(CC4CC4)c3)cc2-c2ccccc2N(C)C)cc1	0.012535
rxn:5:198404:228697:227750	COCc1cc(-c2cc3c(-c4cccc(F)c4C(F)(F)F)nccc3s2)ccn1	0.012531
rxn:5:194398:225809:228570	O=C(c1ccc(-c2cc(F)ccc2OC2CCOC2)cc1-c1cncc(C2CC2)c1)N1CC2CC2C1	0.012528
rxn:5:193153:226333:225985	O=C(c1cccc(-c2ccc(CN3CCCC3)cc2-c2cccc(N3CCCS3(=O)=O)c2)c1)N1CCC1	0.012528
rxn:5:191494:227096:228712	CC(=O)Oc1cnc(-c2ccnn2C2CCC2)c(-c2cc(-c3ccccc3)cs2)c1	0.012523
rxn:5:198919:226430:223449	Cc1ccc(-c2nccs2)cc1-c1cc2cc(-c3cc(=O)[nH]cc3F)cc(C)c2[nH]1	0.012522
rxn:5:198423:227817:223332	CC(C)Cc1ccccc1-c1cccc2oc(-c3cc4cc(F)ccc4[nH]3)nc12	0.012518
rxn:5:181077:228582:226935	CSc1ccc(-c2ccc3cncc(C)c3c2)c(-c2cnccc2C(C)C)c1	0.012513
rxn:5:198238:227195:226955	Cc1cnc(-c2cc(F)cc3ccncc23)cc1-c1ccc(C)c2cccnc12	0.012512
rxn:5:182820:223246:228591	COc1ccc(-c2cccc3cccc(-c4ccncc4C(C)C)c23)c2cn[nH]c12	0.012508
rxn:5:181535:226049:226645	Fc1cc(-c2ccc(C3COC3)cc2-c2ccnc(N3CCOCC3)c2)cc(F)c1OC(F)(F)F	0.012507
rxn:5:182641:228622:228675	CCc1cc(F)ccc1-c1coc2cc(-c3cccc4scnc34)ccc12	0.012506
rxn:5:196771:229302:226381	Cc1cccc(-n2cc(-c3cc(-c4ccnnc4)ncc3-c3ccccc3C)cn2)c1	0.012503
rxn:5:182655:228908:227591	COc1cc(-c2ccc3sc(-c4ccc(C(F)F)cc4OC)cc3c2)c(F)cn1	0.012496
rxn:5:196172:225836:223404	Cc1c(S(N)(=O)=O)ccc(-c2cnc(-c3ccccc3F)nc2)c1-c1cccc2[nH]ncc12	0.012488
rxn:5:182841:226870:228659	O=C1CCc2cc(-c3ccc4cncn4c3)c(-c3ccc(F)c(OC(F)(F)F)c3)cc21	0.012486
rxn:5:188521:226741:225986	CCCOc1ncc(-c2ccccc2N2CCCS2(=O)=O)cc1-c1cc(C(F)(F)F)ccc1C#N	0.012483
rxn:5:182646:228031:227461	Cc1cn2cc(-c3c(-c4ccc5nn(C)cc5c4)ccc4occc34)cc(F)c2n1	0.012482
rxn:5:181404:222959:227844	COc1c(-c2ccc(C3CCNCC3)c(C)c2)ccc(C)c1-c1ccc2ncccc2c1	0.012473
rxn:5:198685:229045:226164	Cc1cc(F)cc(-c2cc3nc(-c4ccc(N5CCCCC5)cc4)oc3cc2C)c1	0.012472
rxn:5:195957:227634:229068	COc1ccncc1-c1cc(-c2cnc(-c3ccsc3)nc2)cc(-c2cnco2)c1	0.012472
rxn:5:193156:228681:226176	c1cc(-c2cc(CN3CCCC3)cc(-c3ccnn3CC3CC3)c2)c(C2CCCCC2)cn1	0.012471
rxn:5:195451:228161:228417	CCOc1ccc(-c2nccc(C(C)=O)c2-c2ccc(F)c(C(F)F)c2)c(F)c1	0.012470
rxn:5:180421:228882:223316	COc1ncc(-c2cc(CC3CCCCC3)ccc2-c2ccc3[nH]nc(C)c3c2)c(C)n1	0.012469
rxn:5:194947:226346:227372	Cc1cc(OC(C)C)c(F)c(-c2cccc(C#N)c2-c2ccccc2-n2cccn2)c1	0.012467
rxn:5:179401:228077:227929	CCOc1cc(C)ccc1-c1c(OC)cc(C(C)=O)cc1-c1ccc2c(c1)C(=O)OC2	0.012455
rxn:5:198325:228199:225700	Cc1cnc(-c2cncc(-c3ccccc3F)c2)c(-c2cn(C3CCC3)nc2C)c1C	0.012454
rxn:5:198407:223438:226975	Fc1cc2ccccc2cc1-c1noc2ccc(-c3cn[nH]c3C(F)(F)F)cc12	0.012454
rxn:5:193228:225804:227185	CN1CCOc2ccc(-c3cc(C(=O)N4CCSCC4)cc(-c4ccc(C(=O)N5CCC5)c(F)c4)c3)cc21	0.012453
rxn:5:189676:223347:226676	O=C1NCc2c1cccc2-c1cc(CC(=O)N2CCCC2)ccc1-c1ccc(-n2cccn2)cc1F	0.012450
rxn:5:182647:227913:227654	CC(C)Oc1ccc(-c2cc3ccc(-c4ccc(C5OCCO5)nc4)cc3s2)cc1	0.012448
rxn:5:199065:227996:223239	CC(=O)c1ccc(-c2ccc3nc(-c4cncc(C5CCCN5)c4)c(C)cc3c2)c(C)c1	0.012444
rxn:5:181066:226763:226060	COC(=O)c1c(F)cc(-c2ccc(-c3cc(C4CC4)cc(C4CC4)c3)c(OC)c2)cc1F	0.012443
rxn:5:196765:229229:227523	COC(=O)c1cnc(C)cc1-c1cc(-c2ccc(-c3cscc3C#N)c(C)c2)ccn1	0.012435
rxn:5:196187:228040:228048	Cn1ccc2cc(-c3cc(-c4ccnc5ccncc45)ccc3-n3cccc3)cnc21	0.012434
rxn:5:188408:223142:226068	Cc1cc(C(C)(C)C)cc(C)c1-c1cc(-c2ccc(C3CCCNC3)nc2)ccc1OC(C)C#N	0.012433
rxn:5:196039:229050:227984	COc1ccc(-c2nc(C)c(C(C)=O)cc2-c2cc3sccc3s2)c(C)c1C	0.012433
rxn:5:192572:225449:228544	N#CCc1ccc(-c2cc(-c3cccc(OC4CCCCC4)c3)ccc2C(=O)N2CCC2)cc1	0.012433
rxn:5:193227:226446:223249	Cc1nc(C2CCOC2)ccc1-c1cc(C(=O)N2CCOCC2)cc(-c2ccc3nc[nH]c(=O)c3c2)c1	0.012427
rxn:5:195433:228675:226158	CC(=O)c1nc(-c2ccccc2N2CCCCC2)ccc1-c1cccc2scnc12	0.012425
rxn:5:198412:228762:226168	CCn1cc(-c2nc3c(-c4ccccc4-c4cccnc4)cccc3s2)ccc1=O	0.012423
rxn:5:197446:228063:227359	COC(=O)c1cccc(-c2ccc3c(c2)c(-c2cnc4c(c2)COCC4)cn3C(C)=O)c1C	0.012417
rxn:5:176763:226920:226415	CCOCc1cc(-c2cc(C(C)(C)C)ccc2C)ccc1-c1ccccc1N1CCOCC1	0.012404
rxn:5:179544:229221:226033	COc1cc(-c2ccc(CC3CC3)cc2-c2sc(C)cc2C)cc(C(F)(F)F)c1F	0.012402
rxn:5:177285:227947:227666	CC(=O)c1ccc(-c2cccc(-c3c(C)cc(C#N)cc3C)c2COC(C)C)c(F)c1F	0.012398
rxn:5:192168:226367:228557	COCc1cccc(-c2ncc(-c3cncc(-c4cccnc4)c3)cc2OC(C)C)c1	0.012395
rxn:5:198521:228162:222986	CCOc1c(F)cccc1-c1cc2[nH]ccc2cc1-c1cc(C)nc(C2CCCNC2)c1	0.012390
rxn:5:182951:223208:228537	COc1ccc2[nH]c(-c3ccc(-c4cccc5occc45)c4c3OCCC4=O)cc2c1	0.012389
rxn:5:182222:228462:223358	COc1ccc2cc(-c3ccnc(OC(F)F)c3)ccc2c1-c1ccc(NC(C)=O)cc1	0.012380
rxn:5:188632:227621:228632	COC(=O)c1nc(OC)c(-c2ccc(-n3ccnc3C)s2)cc1-c1c(C)cc(C)nc1C	0.012374
rxn:5:180267:229273:227365	CCOc1cc(-c2c(SC)cc(C(C)(C)C)cc2-c2scnc2OC)cc(C)c1F	0.012373
rxn:5:196620:227376:227147	Cc1nn(C)c2ccc(-c3ccc(N4CCCC4=O)c(-c4cncc(N5CCCC5)c4)c3)cc12	0.012365
rxn:5:196977:227317:227657	CC(C)(C)Oc1cc(-c2ccc(N3CCCCC3)cc2-c2ccc(N3CCOCC3)s2)ccn1	0.012363
rxn:5:192564:228737:225435	COc1ccc(-c2cc(-c3ccccc3CN3CCCCC3)ccc2C2(C#N)CCC2)c(C)n1	0.012359
rxn:5:181065:226387:227279	COc1ccc(-c2cncc(-c3ccncc3)c2)cc1-c1cc(C2CC2)nn1C(C)C	0.012354
rxn:5:198447:228485:228019	CC(=O)c1ccc(C)c(-c2snc3ccc(-c4ccncc4C(F)(F)F)cc23)c1	0.012352
rxn:5:181278:226756:225684	CCc1ccc(-c2ccc(C3CCOCC3)nc2C)cc1-c1ccc(C(F)(F)F)c(OC)c1	0.012345
rxn:5:181210:223054:226925	CC(=O)c1cccc(-c2cc(C3CC3)cc(C)c2C)c1-c1ccc(C(C)N2CCC(O)C2)s1	0.012344
rxn:5:198431:227993:222987	COc1ccc(C)c(-c2cc3ccnc(-c4ccc(C5CCNCC5)nc4C)c3s2)c1C	0.012342
rxn:5:192076:225930:227056	COC(=O)c1cnc(-c2c(OC)cccc2C2CC2)c(-c2cc(C)ccc2S(=O)(=O)N(C)C)c1C	0.012341
rxn:5:192707:226406:228689	CCOc1ccncc1-c1cccc(CN2CCC2)c1-c1ccccc1-c1cnccn1	0.012339
rxn:5:196175:227856:226346	Cc1cc(OC(C)C)c(F)c(-c2cc(-c3ccc4ccncc4c3)c(C)c(S(N)(=O)=O)c2)c1	0.012336
rxn:5:197651:223344:228519	Cc1cc(C)c(-c2nc3ccc(-c4cccc5c4CC(=O)N5)cc3cc2C2CC2)c(C)c1	0.012329
rxn:5:196171:226214:223136	COc1ccc2ccc(-c3cc(C)cc(-c4ccncc4C4CCCNC4)c3S(N)(=O)=O)cc2n1	0.012323
rxn:5:198443:228074:227684	Fc1cccc2cc(-c3csc4nccc(-c5cnn(CC6OCCO6)c5)c34)sc12	0.012323
rxn:5:181417:222993:226155	COc1cc(-c2cc(C(C)=O)cc(C3CC3)c2)c(C)cc1-c1cccc(N2CCCCC2O)c1	0.012322
rxn:5:182817:228504:227910	CCC(C)c1ccc(-c2ccc3c(-c4cccc5c4CCC5)cccc3c2)cn1	0.012317
rxn:5:177287:226182:223295	CC(C)OCc1cc(-c2cncc(NS(C)(=O)=O)c2)ccc1-c1cccnc1C1CCCCC1	0.012315
rxn:5:178975:226145:227939	CCOc1ccc(-c2ccc(OC3CCCC3)cc2)cc1-c1ccccc1C(C)OC	0.012309
rxn:5:182850:227869:228196	Cc1cc2sccc2c(-c2c(C)ncnc2C2CC2)c1-c1ccc2c(c1)CC(C)O2	0.012309
rxn:5:192491:226927:228038	Cc1c(C)c(C)c(-c2cc(CN(C)C)cc(-c3ccc4c(c3)ncn4C)c2)c(C)c1C	0.012307
rxn:5:198524:222985:227808	Cc1nc(C2CCCNC2)ccc1-c1c(-c2ccc3c(c2)CCCC3)ccc2[nH]ccc12	0.012301
rxn:5:199092:229199:226921	Cc1ccc(-c2cc(C)cc3c(-c4cc(C5CC5)c(C)cc4C)ccnc23)cc1	0.012297
rxn:5:188515:228639:226954	CCCOc1nccc(-c2ccc(C)c(F)c2C)c1-c1cnc2cc(C)ccc2c1	0.012291
rxn:5:198923:227032:228861	Cc1cc(-c2cccc(C#N)c2C2CC2)c2[nH]ccc2c1-c1cnc2scnc2c1	0.012289
rxn:5:177273:223400:225593	CNCc1cccc(-c2ccc(OCC(C)C)c(-c3cc(F)cc(CN4CCCC4)c3)c2)c1	0.012287
rxn:5:191513:227959:225817	COC(=O)c1cnc(-c2ccc(C(F)(F)F)c(C3CC3)c2)cc1-c1cc(C)cnc1C1CC1	0.012285
rxn:5:178981:228388:227397	COCc1ccc(-c2cc(C(F)F)ncc2C)cc1-c1ccnc(-c2ccco2)c1	0.012283
rxn:5:197572:223249:223082	CNS(=O)(=O)c1c(C)cc(-c2cc(-c3ccc4nc[nH]c(=O)c4c3)cc3c2N(C(C)=O)CC3)cc1C	0.012279
rxn:5:196355:228361:223323	Cc1cc2cn[nH]c2cc1-c1ccccc1-c1ccc(-c2cc(N(C)C)ncc2F)cn1	0.012278
rxn:5:182577:227293:226761	CSc1ccc(-c2c(C)cc(-c3cncc(OC(C)(C)C)c3)cc2C)c(C(F)(F)F)c1	0.012274
rxn:5:181582:228712:225835	CCc1cc(-c2ccnn2C2CCC2)cc(C)c1-c1cnc(-c2ccc(F)cc2)nc1	0.012271
rxn:5:179550:226182:223407	CC(C)Oc1cccc(-c2cnc3cc[nH]c3c2)c1-c1cccnc1C1CCCCC1	0.012258
rxn:5:192705:225798:228019	CC(=O)c1ccc(C)c(-c2cc(OC(C)(C)C)ncc2-c2ccc(OC3CCOCC3)nc2)c1	0.012257
rxn:5:196355:229263:226164	Fc1ccncc1-c1ccc(-c2ccccc2-c2ccc(N3CCCCC3)cc2)nc1	0.012253
rxn:5:178846:227730:227126	COC(=O)c1ccc(-c2ccc(C3CCOC3)cc2)cc1-c1cn(-c2nccs2)nc1C	0.012252
rxn:5:197122:228964:226582	COC(=O)c1ncc(-c2cc3sc(-c4ccc(C(=O)N(C)C)cc4F)nc3cc2OC)s1	0.012245
rxn:5:179757:229221:228573	Cc1cc(C)c(-c2ccc(Oc3ccccc3)cc2-c2ccc(C#N)cc2C)s1	0.012241
rxn:5:177182:227089:229011	CCOC(=O)c1cc(C)cc(-c2ccc(C3CC3)s2)c1-c1ccncc1C1CCCC1	0.012238
rxn:5:182848:228040:227642	O=C1CCc2ccc(-c3ccnc4ccncc34)c(-c3ccc(-c4cncs4)nc3)c21	0.012237
rxn:5:196331:227651:229224	CCn1nccc1-c1ccc(-c2cccc(-c3cncc(-c4nccs4)c3)n2)cc1	0.012236
rxn:5:195436:228318:225935	COC(=O)c1ccncc1-c1cc(C(C)=O)nc(-c2cc(C(C)C)nc(C(F)(F)F)c2)c1	0.012227
rxn:5:179840:226333:227715	O=C(c1cccc(-c2ccc(O[C@@H]3CCOC3)cc2-c2cc(F)cc(OC(F)F)c2)c1)N1CCC1	0.012226
rxn:5:188391:227124:226371	CCOC(=O)c1cncc(-c2ccc(C(C)(C)C)cc2F)c1-c1cnc(N2CCCC2)cc1C	0.012221
rxn:5:180421:225467:223467	Cc1cccc(-c2ncccc2-c2cc(CC3CCCCC3)ccc2-c2ncc[nH]2)c1	0.012219
rxn:5:178845:223318:223001	COC(=O)c1cccc(-c2cc(C3CCCNC3)ccc2F)c1-c1ccnc2[nH]c(C)cc12	0.012218
rxn:5:192337:226671:227900	CC(C#N)c1ccccc1-c1cc(C(=O)N(C)C)cc(-c2cnn(-c3cccc(F)c3)c2)c1	0.012214
rxn:5:179205:226407:228552	CCOc1cccc(-c2cc(OC)cc(-c3ccc(-c4ccncn4)cc3)c2OC)c1	0.012212
rxn:5:198084:227589:227722	Cc1cc(OC(F)F)cc(-c2cnc(-c3cccc(SC(F)(F)F)c3)s2)c1	0.012209
rxn:5:193334:229205:223066	CCc1csc(-c2c(CN3CCOCC3)cccc2-c2ccc3c(C(=O)OC)n[nH]c3c2)c1	0.012208
rxn:5:198416:227921:227206	COC(C)c1cccc(-c2cnc(-c3ccc4c(c3C)COC4=O)c3ccsc23)c1	0.012206
rxn:5:178121:228376:227657	N#Cc1c(F)cc(-c2c(OCC3CCOCC3)cccc2-c2ccc(N3CCOCC3)s2)cc1F	0.012201
rxn:5:178119:229078:226329	COc1cncc(-c2cc(C(=O)OC(C)(C)C)cc(C)c2-c2ccc(C3(C#N)CC3)c(F)c2)c1	0.012200
rxn:5:196676:228689:227623	CCOc1ccncc1-c1cc(-c2ccc(-n3ccc(C)n3)s2)cc(N2CCCC2)c1	0.012191
rxn:5:198646:226711:223403	FC(F)n1ncc2ccc(-c3ccnc4ccc(-c5ccc6cn[nH]c6c5)cc34)cc21	0.012184
rxn:5:180565:228127:229018	COC(=O)c1sc2cccc(-c3c(C#N)cccc3OC)c2c1-c1c(C)ccnc1C	0.012183
rxn:5:199057:228099:228383	CCN(C)c1cncc(-c2ccc3nc(C)cc(-c4cnc(C(F)F)c(C)c4)c3c2)c1	0.012182
rxn:5:196917:225976:223369	CC1(C)COC(c2cc(-c3cc(F)c4cn[nH]c4c3)ccc2-c2ccnc(N3CCOCC3)c2F)=N1	0.012182
rxn:5:189080:223203:226883	CN(C)C(=O)Cc1ccc(-c2cccc(C3(O)CCC3)c2)cc1-c1c(F)ccc(C(F)(F)F)c1F	0.012182
rxn:5:198519:223380:225857	Cc1ccn(-c2cc(F)cc(-c3ccc4[nH]cc(-c5ccc6oc(=O)[nH]c6c5)c4c3)c2)n1	0.012181
rxn:5:193230:225448:228738	COc1cc(-c2cc(-c3cc(C)ccc3OC3CCCC3)ccc2C(=O)N2CCOCC2)cc(C)n1	0.012178
rxn:5:176592:223105:226329	CCOC(=O)c1cccc(-c2ccc(C3(C#N)CC3)c(F)c2)c1-c1cc(S(=O)(=O)NC)c(C)cc1F	0.012176
rxn:5:192965:228718:223419	Cc1cc(Oc2cccc(-c3cc4ccncc4[nH]3)c2)ncc1-c1cc(C#N)cnc1C	0.012165
rxn:5:189249:226364:228345	CCN(C)Cc1ccc(-c2cc(C)sc2C(=O)OC)cc1-c1ccc(N2CCCCC2)nc1	0.012163
rxn:5:198916:223294:225456	Cc1c[nH]c2c(-c3csc(N4CCNCC4)n3)ccc(-c3ccc(C4CCN(C)CC4)cc3)c12	0.012160
rxn:5:182819:227701:227982	COC(=O)c1cc(-c2ccc3ccc(-c4cc(C)cc(OC)c4C)cc3c2)c(F)cn1	0.012157
rxn:5:192564:223206:228103	CC(C)Cc1ncc(-c2ccc(C3(C#N)CCC3)c(-c3cc4ccc(C#N)cc4[nH]3)c2)cn1	0.012151
rxn:5:195957:223199:223183	CNS(=O)(=O)c1ccc(-c2cc(-c3cccc(C4CCNC4)c3)cc(-c3cnco3)c2)c(C)c1	0.012150
rxn:5:182638:228579:225591	Cc1ccc(C#N)c(-c2cc(-c3cc(CN4CCCC4)ccc3F)cc3ccoc23)c1	0.012148
rxn:5:196668:226077:229289	COc1ccc2ccccc2c1-c1cc(-c2cscc2C)c(C2CCCC2)cn1	0.012146
rxn:5:188867:227954:228036	Cc1cc2nccn2cc1-c1cc(C(=O)OC(C)C)c(-c2ccc(C3CCC3)nc2)cn1	0.012145
rxn:5:188079:228571:226906	CCOC(=O)c1nc(-c2cccc3cccc(C)c23)sc1-c1ccc(N(C)C)cc1	0.012144
rxn:5:183096:228406:226598	COc1ccc(F)c(-c2ccc3c(c2)C(c2cc(OC(C)C)c(F)cc2F)CCC3)c1F	0.012138
rxn:5:176862:228233:223186	COC(=O)c1ccc(-c2cnc(C(C)=O)cc2C)c(-c2cnn(C3CCCCO3)c2)c1OC	0.012136
rxn:5:181281:223217:225888	CCc1ccc(-c2ccc3c(=O)[nH]ccc3c2)cc1-c1cc2nc(C)n(C)c2c(F)c1F	0.012135
rxn:5:192560:227746:227095	O=C1CC(c2ccc(-c3ccc(-c4cccc(C(F)(F)F)c4F)cc3C(=O)N3CCC3)cc2)C1	0.012135
rxn:5:179553:227960:226734	CCc1cc(SC)c(-c2cccc(S(=O)(=O)N(C)C)c2)c(-c2ccncc2C2CCC2)c1	0.012127
rxn:5:198627:228818:225580	CCn1cc(-c2cccc(-c3c(-c4cc(C)c(=O)n(C)c4)cnc4ccccc34)c2)cn1	0.012123
rxn:5:176589:227352:226465	CCOC(=O)c1ccc(-c2ccc3c(c2)n(C)c(=O)n3C)cc1-c1cc(C)ccc1C(=O)OC	0.012120
rxn:5:177278:227909:227955	CCC(C)c1cc(-c2cccc(OCC(C)C)c2-c2cc(C)cnc2C(C)C)ccn1	0.012120
rxn:5:199068:228337:227982	CCOc1cc(F)c(-c2c(C)nc(-c3cc(C)cc(OC)c3C)c3ccccc23)cn1	0.012120
rxn:5:198432:223364:226359	Cn1nccc1-c1ccc(-c2nsc3ccc(-c4cnc5[nH]cc(F)c5c4)cc23)cc1	0.012118
rxn:5:194235:228694:229125	CCN(C)c1csc(-c2cccc3c(-c4cncc(C)c4F)cc(C(=O)OC)nc23)c1	0.012117
rxn:5:195680:227137:223171	CCn1cnc2cc(-c3cccc(S(N)(=O)=O)c3-c3c[nH]nc3-c3ccc(F)cc3)ccc21	0.012117
rxn:5:199169:226766:228048	Cc1ccc(OC(F)(F)F)c(-c2ccc3c(c2-c2cnc4c(ccn4C)c2)CCN3C)c1	0.012113
rxn:5:177192:227343:227980	CCOC(=O)c1ccc(-c2ccc(C3CC3)cc2F)c(-c2cc(C)cc(C(=O)OC)c2)c1C	0.012107
rxn:5:199103:226644:228028	Cc1ccc2c(-c3cccc4nn(C)cc34)ccc(-c3cncc(N4CCOCC4)c3)c2n1	0.012102
rxn:5:183227:227061:228220	Cc1ccc(OC(C)C)cc1-c1cc(-c2cc(C(C)C)ncc2F)c2c(c1)C(C)(C)CCO2	0.012097
rxn:5:177235:227021:229335	N#CC1(c2ccc(-c3ccc(C(=O)Cc4ccccc4-c4cscn4)o3)cc2)CC1	0.012097
rxn:5:198684:228790:227838	Cc1ccc(C2CC2)c(-c2c(-c3cccc(C(F)F)c3)ccc3ncccc23)c1	0.012095
rxn:5:196679:228250:228729	N#Cc1cc(F)ccc1-c1ccc(-c2ccc(-c3ccco3)s2)c(N2CCCC2)c1	0.012086
rxn:5:178122:223327:222419	Cc1nc2ccc(-c3ccc(COC4CCCCO4)c(-c4cccc(S(N)(=O)=O)c4)c3)cc2[nH]1	0.012084
rxn:5:178975:227925:227731	CCOc1ccc(-c2cccc(OC(C)C)c2)cc1-c1cnc(-c2cscn2)nc1	0.012083
rxn:5:198663:226186:228632	Cc1cc(C)c(-c2ccc3cnc(-c4ccccc4C4CCOCC4)cc3c2)c(C)n1	0.012082
rxn:5:182816:228760:227315	CC(C)Cc1cc(F)c(-c2cccc3c(-c4cnc(C(C)(C)C)o4)cccc23)cn1	0.012081
rxn:5:182837:227058:223399	CNCc1ccccc1-c1ccc2sc(-c3cc(C4CC4)ccc3OC)c(C)c2c1	0.012077
rxn:5:188868:226320:227959	Cc1cnc(C2CC2)c(-c2nccc(C(=O)OC(C)C)c2-c2cc(C3(C#N)CC3)ccc2F)c1	0.012070
rxn:5:196413:228556:223390	COCc1ccc(-c2cc(-c3ccc4cc[nH]c4c3)cnc2-c2ccccc2)cc1	0.012068
rxn:5:192572:227857:228021	CC(=O)c1cc(C)cc(-c2cc(-c3cccc4ccn(C)c34)ccc2C(=O)N2CCC2)c1	0.012067
rxn:5:192076:223352:225449	COC(=O)c1cnc(-c2cccc(OC3CCCCC3)c2)c(-c2ccc(NC(C)C)nc2)c1C	0.012061
rxn:5:181852:227582:227354	CCOc1c(-c2ccc(-c3ccc(F)c(OC(C)C)c3)c(C(C)(C)C)c2)ccc(F)c1F	0.012061
rxn:5:192072:223211:226447	COC(=O)c1cc(-c2ccc(OC)c3[nH]ccc23)c(-c2ccnc(C3CCOCC3)c2)nc1C	0.012058
rxn:5:196341:227892:228580	Cc1onc(-c2ccccc2-c2cccnc2C2CC2)c1-c1ccc(CN(C)C)cc1	0.012056
rxn:5:198643:227049:223270	CCOc1c(C)cc(-c2ccc3cccc(-c4ccc(F)cc4NC(C)=O)c3n2)cc1C	0.012050
rxn:5:181621:228990:225940	CCCc1ccc(-c2cc(-c3cc(C(F)(F)F)cnc3C3CC3)cc(C3OCCO3)c2)s1	0.012050
rxn:5:199064:227673:228455	COc1ncc(-c2cc(C)nc3cc(-c4cccc(C(C)(F)F)c4F)ccc23)c(OC)n1	0.012047
rxn:5:192490:227378:227353	COc1cc(C)c(-c2cc(-c3cnn(-c4ccccc4)c3)ccc2CN(C)C)c(OC)c1	0.012038
rxn:5:199072:227463:223281	Cc1cc2ccc(-c3cc(F)c(F)c4ccoc34)cc2c(-c2ccc(C3(O)COC3)nc2)n1	0.012037
rxn:5:176871:223237:228485	COC(=O)c1cc(-c2ccncc2C(F)(F)F)c(OC)cc1-c1[nH]ncc1-c1ccccc1	0.012033
rxn:5:195917:228613:227993	CCc1ccc(-c2cnc(-c3ccc(-c4c(C)ccc(OC)c4C)cc3)o2)cc1F	0.012032
rxn:5:176856:228366:226147	COC(=O)c1cc(-c2c(C)cc(OC(C)C)cc2C)cc(-c2cnc(N(C)C)c(F)c2)c1OC	0.012032
rxn:5:196173:228240:227948	Cc1cc(-c2cc(C3CC3)cnc2C)cc(-c2ccc(-c3cccs3)s2)c1S(N)(=O)=O	0.012016
rxn:5:183061:227843:228048	CC1Cc2c(cc(-c3cnc4c(ccn4C)c3)cc2-c2cncc3ccccc23)C1=O	0.012016
rxn:5:194149:228651:227903	CCN(C)c1cccc(-c2c(-c3cnn4ccccc34)cc3cc[nH]c3c2C(=O)OC)c1	0.012008
rxn:5:183096:226140:228658	COc1ccc(C(C)(C)C)cc1-c1ccc2c(c1)C(c1cn3ccccc3n1)CCC2	0.012008
rxn:5:196404:228031:228689	CCOc1ccncc1-c1cccc(-c2cncc(-c3ccc4nn(C)cc4c3)c2)c1	0.012005
rxn:5:182650:227543:228824	COC(=O)c1cc(-c2cc3cccc(-c4c(F)cc(C)cc4F)c3s2)ccc1F	0.012004
rxn:5:198758:225798:228868	COC(=O)c1ccc(-c2ccc3cncc(-c4ccc(OC5CCOCC5)nc4)c3c2)s1	0.012000
rxn:5:199060:227713:228685	COCc1cncc(-c2cc3nccc(-c4cc(F)ccc4OC(F)F)c3cc2C)c1	0.011997
rxn:5:181208:228523:227546	COC(=O)c1cccc(-c2cc(-c3ccc4cccn4c3)ccc2C(C)=O)c1F	0.011995
rxn:5:195815:228646:225697	COc1ncc(-c2cncc(-c3ccc(F)cc3)c2)c(C)c1-c1cc(C)c(C)c(F)c1	0.011991
rxn:5:181415:223319:226074	COc1cc(-c2cc(C)c3[nH]ncc3c2)cc(C)c1-c1cccc2c(C#N)cccc12	0.011987
rxn:5:198420:228340:227562	COc1ccc(F)c(-c2c(-c3sc(C4CC4)nc3OC)cnc3ccsc23)c1OC	0.011985
rxn:5:198670:223323:223336	Cc1cc2cn[nH]c2cc1-c1cncc2c(-c3ccc4[nH]ccc4c3F)cccc12	0.011982
rxn:5:181960:228513:228878	Cc1c(-c2cccc(-c3ccccc3C3CC3)c2)cccc1-c1cnn(C2COC2)c1	0.011978
rxn:5:177518:228686:229320	CCOc1cc(-c2cc(OCc3ccccc3)ccc2-c2cc(F)cs2)ccn1	0.011977
rxn:5:180204:229055:227434	N#Cc1cncc(-c2cc(-c3ccccc3-c3cncs3)ccc2OC2CCOCC2)c1	0.011976
rxn:5:195798:226936:223237	Cc1cncc2cc(-c3cnc(-c4[nH]ncc4-c4ccccc4)c(C4CC4)c3)ccc12	0.011976
rxn:5:199088:228715:227051	CCC(=O)c1ccc(-c2ccc3nc(C)cc(-c4ccc(C#N)nc4C)c3c2)c(C)c1	0.011964
rxn:5:198675:222409:226583	COc1ccc(-c2nc3c(C)ccc(-c4ccc(CN5CCOCC5)s4)c3s2)cc1S(N)(=O)=O	0.011961
rxn:5:177192:228641:225799	CCOC(=O)c1ccc(-c2cncc(OC3CCOCC3)c2)c(-c2cc(C)c(C)cc2F)c1C	0.011960
rxn:5:188931:227395:229084	COC(=O)c1cc(-c2ccc(-c3ncco3)cc2)cc(S(N)(=O)=O)c1-c1scnc1C(C)C	0.011950
rxn:5:181853:225987:226326	CC(C)(C)c1ccc(-c2ccc(N3CCCS3(=O)=O)cc2)c(-c2cccc(C3(C#N)CC3)c2F)c1	0.011949
rxn:5:182500:225682:227942	CCc1ccc(-c2ccc(-c3cccc(-c4ccc(F)cn4)c3)c(C)c2)c(OC)c1	0.011940
rxn:5:182504:226437:225936	Cc1cc(-c2cc(C3CCCC3)ncc2F)cc(-c2cc(C(F)(F)F)cnc2C(C)C)c1	0.011937
rxn:5:198663:228263:228496	CC(F)(F)c1ccc(-c2cc3cc(-c4cnn(CC(F)(F)F)c4)ccc3cn2)cc1	0.011931
rxn:5:198250:227122:226938	Cc1cc(-c2ccc3c(C)nccc3c2)cc(-c2cccc(-c3ccco3)c2)n1	0.011927
rxn:5:191510:227582:227172	CCOc1c(-c2nccc(-c3ccc(F)c4cnccc34)c2C(=O)OC)ccc(F)c1F	0.011926
rxn:5:198525:227146:227319	Cc1c(-c2ccc3cc[nH]c3c2-c2cc(CC(C)C)ncc2F)ccc2c1cnn2C	0.011925
rxn:5:176997:226587:228206	CN(C)c1cc(F)cc(-c2cc(-c3cnc(OC4CCC4)cc3F)ccc2OCC2CC2)c1	0.011922
rxn:5:191341:228038:226903	Cc1ccc2ccccc2c1-c1c(CC#N)cccc1-c1ccc2c(c1)ncn2C	0.011920
rxn:5:191336:226028:227073	COc1cc(-c2cc(CC#N)cc(-c3ccc(C(F)(F)F)c(C#N)c3F)c2)cc(C2CC2)c1	0.011918
rxn:5:182824:228696:227120	COCc1ccc(-c2ccc3c(-c4ccc(C5CCC5)cc4F)cccc3c2)cn1	0.011918
rxn:5:177186:228573:226068	CCOC(=O)c1cc(-c2c(C)cc(C(C)(C)C)cc2C)c(-c2ccc(C#N)cc2C)cc1C	0.011917
rxn:5:179840:228920:227206	CSc1nccc(-c2ccc(O[C@@H]3CCOC3)cc2-c2ccc3c(c2C)COC3=O)c1F	0.011914
rxn:5:198625:227113:223248	Cc1cc(F)c(C2CC2)cc1-c1ccc2ccnc(-c3cnc4[nH]c(=O)ccc4c3)c2c1	0.011912
rxn:5:182953:227563:223302	Cc1ccc2[nH]ccc2c1-c1ccc2c(c1-c1cccc(CC(F)(F)F)c1)OCCC2=O	0.011910
rxn:5:182813:228182:228589	CC(C)c1ccc(-c2ccc3cc(-c4cccc(CC(F)F)c4)ccc3c2)cn1	0.011910
rxn:5:199107:227299:228583	Cc1ccc(-c2cc(F)cc(CN(C)C)c2)c2cc(-c3ccnc(C(C)C)c3)ncc12	0.011909
rxn:5:198440:227148:223236	Cc1cc2c(cnn2C)cc1-c1cccc2snc(-c3cccc(-c4ncc[nH]4)c3)c12	0.011909
rxn:5:182648:225943:223056	O=C(c1ccc(-c2c(-c3ccc(N4CCC(O)CC4)nc3)ccc3sccc23)s1)N1CCOCC1	0.011909
rxn:5:197757:228710:228145	CCc1c(C)nc2c(-c3cnc(C(C)C)nc3)cccc2c1-c1cc(OC)ccc1C#N	0.011904
rxn:5:198402:228705:225839	CN(C)c1ncccc1-c1ccc2nc(-c3cnc(-c4cccc(F)c4)nc3)sc2c1	0.011901
rxn:5:198414:227904:227704	CCN(C)c1ccc(-c2csc3ccnc(-c4cc(C(F)F)ncc4OC)c23)cc1	0.011896
rxn:5:182814:228379:228939	N#Cc1cc(F)c(F)cc1-c1ccc2ccccc2c1-c1c(F)cc(F)cc1F	0.011893
rxn:5:179189:223141:225590	CCC(=O)c1ccc(-c2cncc(C3CCNCC3)c2)cc1-c1ccc(CN2CCCC2)c(F)c1	0.011893
rxn:5:195311:226759:226213	COc1cc(-c2ccnc(-c3cnc(OC)c4ccccc34)c2OC)cc(C(F)(F)F)c1	0.011892
rxn:5:180095:226598:229203	CCc1ccsc1-c1ccc(-c2cc(OC(C)C)c(F)cc2F)cc1OC1CCCC1	0.011891
rxn:5:177373:228379:227558	Cc1cc(OC(F)F)ccc1-c1ccc(OCC2OCCO2)c(-c2cc(F)c(F)cc2C#N)c1	0.011889
rxn:5:196858:226778:223325	COc1cc(-c2cnc(C3CCOCC3)cc2-c2cccc3[nH]nc(C)c23)c(F)c(F)c1OC	0.011885
rxn:5:179709:225595:228078	O=C1OCc2cc(-c3ccc(OC4CCC4)c(-c4ccc(F)c(CN5CCCC5)c4)c3)ccc21	0.011884
rxn:5:188374:226138:227362	CCOc1cc(C)cc(F)c1-c1cc(CC(=O)OC)c(-c2c(C)cc(C#N)cc2C2CC2)cn1	0.011884
rxn:5:191332:225853:227971	Cc1nccn1-c1ccc(-c2ccc(CC#N)cc2-c2cnccc2C(C)(C)C)c(F)c1	0.011880
rxn:5:195310:226217:228541	COc1cc(C)cc2cc(-c3ncc(-c4ccc5c(c4)COC5)cc3SC)sc12	0.011879
rxn:5:182739:228534:226321	c1cc2ccc(-c3ccc4c(c3-c3ccc(SC5CCCC5)nc3)OCC4)cc2o1	0.011878
rxn:5:178841:227716:226338	COC(=O)c1ccc(-c2cccc(F)c2OC(F)F)c(-c2ccnc(OC3CCCC3)c2)c1	0.011876
rxn:5:196173:227077:227382	CCC(C)c1ccc(-c2cc(-c3ccnn3-c3ccccc3)cc(C)c2S(N)(=O)=O)c(F)c1	0.011867
rxn:5:182951:226077:228129	COc1cc(C#N)ccc1-c1ccc(-c2c(OC)ccc3ccccc23)c2c1C(=O)CCO2	0.011866
rxn:5:198248:223320:226900	Cc1cc(-c2ccnc(C)c2-c2ccc(S(F)(F)(F)(F)F)cc2)c2cn[nH]c2c1	0.011865
rxn:5:199129:228176:228075	COCc1ccc(-c2cc3c(c(-c4cc5c(F)cccc5s4)c2)OCCN=C3)cc1F	0.011863
rxn:5:177491:222414:228529	Cc1ccc(S(N)(=O)=O)c(-c2ccc(OCc3ccccc3-c3ccc4c(c3)CCO4)cc2)c1	0.011862
rxn:5:195310:225616:225591	CSc1cc(-c2cc(CN3CCCC3)ccc2F)cnc1-c1ccccc1C(=O)N1CCCC1	0.011861
rxn:5:181621:223322:223001	Cc1cc2[nH]ncc2cc1-c1cc(-c2cc(C3CCCNC3)ccc2F)cc(C2OCCO2)c1	0.011859
rxn:5:182898:227028:226768	CSc1ccc(-c2cc(-c3cccc(C4(C#N)CC4)c3)cc3c2CCC3)cc1C(F)(F)F	0.011857
rxn:5:192490:228597:227128	Cc1cccc(C#N)c1-c1ccc(CN(C)C)c(-c2ccccc2-c2cccs2)c1	0.011856
rxn:5:181207:226573:227733	CC(=O)c1ccc(-c2cnc(-c3cncs3)nc2)cc1-c1cnc(OC(C)(C)C)nc1C	0.011850
rxn:5:188932:228447:226324	COC(=O)c1cc(-c2cccnc2OC2CCCC2)c(S(N)(=O)=O)c(-c2cccc(C(F)F)c2F)c1	0.011850
rxn:5:182576:226406:228615	CSc1ccc(C)cc1-c1cc(C)c(-c2ccccc2-c2cnccn2)cc1C	0.011838
rxn:5:197567:222994:229220	CCc1cc(-c2cc(C)sc2C)c2cc(-c3cccc(N4CCC(O)CC4)c3)ccc2n1	0.011836
rxn:5:193542:228079:222958	Cc1ccc(-c2c(CN3CCCCC3)cccc2-c2cccc3c2COC3=O)cc1C1CCNCC1	0.011836
rxn:5:198515:227733:226950	Cc1cc(-c2ccc(-c3cnc(-c4cncs4)nc3)c3cc[nH]c23)cc2cccnc12	0.011836
rxn:5:182851:225976:225936	CC(C)c1ncc(C(F)(F)F)cc1-c1cc2c(c(-c3ccnc(N4CCOCC4)c3F)c1)OCCO2	0.011835
rxn:5:196799:222409:228114	COc1cc(-c2cc(-c3ccc(C)nc3)cc(-c3ccc(OC)c(S(N)(=O)=O)c3)c2)ccc1C#N	0.011832
rxn:5:176861:222985:227532	CCOc1ccc(-c2ccc(C(=O)OC)c(OC)c2-c2ccc(C3CCCNC3)nc2C)c(F)c1F	0.011825
rxn:5:189909:227749:229204	CCc1sccc1-c1ccc(-c2cc(F)cc(C(F)(F)F)c2)c(CCN2CCOCC2)c1	0.011824
rxn:5:197169:223233:227925	CC(C)Oc1cccc(-c2cc3c(c(-c4ccc(-c5ccn[nH]5)cc4)c2)OCC(C#N)=C3)c1	0.011820
rxn:5:181206:229198:226136	CC(=O)c1ccc(-c2cc(C3CC3)c(C)cc2C#N)c(-c2cnc(F)nc2F)c1	0.011819
rxn:5:176859:225472:228097	COC(=O)c1cc(OC)c(-c2cccc(N3CCCCC3C)c2)cc1-c1cncc(CN(C)C)c1	0.011812
rxn:5:176856:229282:226032	COC(=O)c1cc(-c2cc(OC)cc(C(F)(F)F)c2F)cc(-c2ccccc2)c1OC	0.011807
rxn:5:188385:228544:227439	CCOC(=O)c1cc(-c2ccc(CC#N)cc2)cnc1-c1cccnc1-c1ccsc1	0.011805
rxn:5:180377:227546:228780	COC(=O)c1cccc(-c2c(C(C)C)cc(-c3cccc(F)c3OC)cc2C(C)C)c1F	0.011805
rxn:5:198445:225849:226413	Fc1cc(N2CCCCC2)ncc1-c1ccc2cnoc2c1-c1cccc(N2CCOCC2)c1	0.011802
rxn:5:179550:227068:228805	CSc1cccc(-c2cccc(OC(C)C)c2-c2ccc(CC(C)C)cc2F)c1F	0.011797
rxn:5:176569:227048:228768	CCc1cc(-c2cccc(CC(=O)OC)c2-c2ccc(C(=O)C(C)C)cc2)c(F)cn1	0.011795
rxn:5:198407:225392:228387	COc1cc(=O)n(C)cc1-c1noc2ccc(-c3cccc(Cc4ccccc4)c3)cc12	0.011793
rxn:5:195439:227705:226373	COc1cc(C(F)F)ncc1-c1nc(C(C)=O)ccc1-c1ccc(-n2ccc(C)n2)cc1	0.011793
rxn:5:192707:227346:227088	CCCc1cc(F)c(-c2c(CN3CCC3)cccc2-c2cc(C)nc(C(C)(C)C)c2)c(F)c1	0.011789
rxn:5:177280:229088:226328	CCCOc1c(C)cc(-c2cc(C(C)=O)cs2)cc1-c1ccc(C(C)(C)C#N)c(F)c1	0.011783
rxn:5:198672:228768:227634	CCc1cc(-c2ccc3ccc(-c4cnc(-c5ccsc5)nc4)cc3n2)c(F)cn1	0.011781
rxn:5:182897:226416:223317	Cc1onc(-c2ccccc2)c1-c1ccc2c(c1-c1ccc3c(C)n[nH]c3c1)CCC2	0.011780
rxn:5:182649:228132:228562	CCC(C)c1csc(-c2ccc(-c3cccc(CC#N)c3F)c3sccc23)c1	0.011774
rxn:5:179536:226424:227833	CCc1cc(C)cc(C)c1-c1cc(-c2cc(N3CCCC(C)C3)cs2)ccc1OC(C)C	0.011773
rxn:5:193681:227636:229272	COc1ncc(-c2ccc(-c3ccc(-c4cnccn4)s3)cc2OC2CCN(C)CC2)s1	0.011772
rxn:5:177279:228538:223412	CC(C)COc1cccc(-c2nc3ccccc3[nH]2)c1-c1cccc2sccc12	0.011770
rxn:5:176566:228005:227858	COC(=O)Cc1cc(-c2cccc3c2CN(C)C3)ccc1-c1cc(C)c(SC)cc1C	0.011770
rxn:5:198660:228081:229022	Cc1cncc(-c2ccc(-c3csc4ccc(F)cc34)c3cnccc23)c1C	0.011769
rxn:5:177278:227518:228034	COc1ccc(-c2cccc(OCC(C)C)c2-c2cccc3nccnc23)c(F)c1C#N	0.011764
rxn:5:198649:223243:227827	COc1cc2cn[nH]c2cc1-c1ccc2cc(-c3cc(C4CC4)ccc3C)ccc2n1	0.011760
rxn:5:194239:226365:229343	COC(=O)c1cc2c(-c3cnn(-c4ccc(C)cc4)c3)cccc2c(-c2ccsn2)n1	0.011759
rxn:5:198754:226315:228678	CC(C)Cn1nccc1-c1cc2ccncc2cc1-c1ccc(Cn2ccnc2)cc1	0.011759
rxn:5:181625:226656:228401	COc1c(F)ccc(F)c1-c1ccc(-c2cc(-c3ncon3)ccc2C)c(C2OCCO2)c1	0.011757
rxn:5:182952:227613:225836	O=C1CCOc2c(-c3cnc(-c4ccccc4F)nc3)ccc(-c3cnn(C4CCOCC4)c3)c21	0.011757
rxn:5:189140:227870:222414	Cc1ccc(S(N)(=O)=O)c(-c2cc(-c3ccc4c(c3)C(=O)CC4)cnc2OCc2ccccc2)c1	0.011756
rxn:5:188956:223338:227022	CC(C)COc1cc(-c2cc(F)cc3[nH]ccc23)cnc1-c1ccc(CN2CCC2)cc1	0.011751
rxn:5:195461:227639:227071	COCc1cc(C)c(-c2cc(C#N)cc(-c3cn(-c4cccs4)nc3C)c2C)c(C)c1	0.011750
rxn:5:196415:229336:226883	Fc1ccc(C(F)(F)F)c(F)c1-c1cc(-c2cccnc2)cc(-c2cncs2)c1	0.011748
rxn:5:178995:225646:228582	COCc1cc(-c2ccc(-n3cnc(C)c3)cc2C)ccc1-c1cnccc1C(C)C	0.011744
rxn:5:191511:228260:226390	COC(=O)c1c(-c2cccc(C(C)(F)F)c2)ccnc1-c1cccc(-c2cncnc2)c1	0.011732
rxn:5:189319:228495:227918	CC(C)(C)OC(=O)c1nc(-c2ccc(SC3CC3)cc2)ccc1-c1ccn(CC(F)(F)F)n1	0.011731
rxn:5:198429:227824:227828	Cc1c(-c2nc3cccc(-c4ccc(C5CCC5)cc4)c3s2)cccc1C1CC1	0.011729
rxn:5:181741:228031:223311	Cn1cc2cc(-c3ccccc3-c3ccccc3-c3cccc(C4CNC4)c3)ccc2n1	0.011729
rxn:5:198653:223235:223147	c1cc(-c2ccc(C3CNCCO3)cc2)c2c(-c3ccc(-c4cn[nH]c4)cc3)ccnc2c1	0.011725
rxn:5:196622:228132:228059	Cc1nc2cc(-c3c(-c4cccc(CC#N)c4F)cccc3N3CCCC3=O)ccc2s1	0.011717
rxn:5:197405:222413:223338	COc1cc2ccnc(-c3cc(F)cc4[nH]ccc34)c2cc1-c1ccc(S(N)(=O)=O)cc1C	0.011713
rxn:5:197446:228105:228247	CCN(C)c1cc(-c2cn(C(C)=O)c3ccc(-c4cc(C(C)=O)ccc4F)cc23)ccn1	0.011712
rxn:5:179543:227999:228664	CC(C)Oc1ccc(-c2ccc3scnc3c2)c(-c2ccc(C(C)C)cc2F)c1	0.011709
rxn:5:199060:227735:228985	Cc1ccc(-c2cc3nccc(-c4cnc(C)c(C(F)(F)F)c4)c3cc2C)c(C)c1	0.011708
rxn:5:199081:226387:223409	Cc1cc(-c2cnc3[nH]ccc3c2)nc2ccc(-c3cncc(-c4ccncc4)c3)cc12	0.011701
rxn:5:195306:225489:228278	COc1cc(C)c(F)cc1-c1ccc(OC)c(-c2cc(F)cc(-c3ccccc3)c2)n1	0.011698
rxn:5:193157:226920:228394	Cc1ccc(C(C)(C)C)cc1-c1cc(-c2ccccc2C(F)(F)F)ccc1CN1CCCC1	0.011697
rxn:5:198628:227157:228630	CCc1cc(F)cc(-c2ccc3c(-c4cc(C)cc5c4cnn5C)cccc3n2)c1	0.011688
rxn:5:194248:228387:228388	COC(=O)c1ccc2cc(-c3cc(C(F)F)ncc3C)cc(-c3cn(C)c(=O)cc3OC)c2n1	0.011688
rxn:5:176852:227075:222983	COC(=O)c1cc(-c2cccc(CN3CCC(O)C3)c2)c(OC)c(-c2cc(OC)cc(C(C)C)c2)c1	0.011687
rxn:5:182948:227409:227842	CC(C)(C)c1cc(-c2cc(-c3cccc4ncccc34)cc3c2OCCC3=O)c(F)cn1	0.011685
rxn:5:192489:227328:228663	CC(C)Oc1cc(F)cc(-c2ccc(-c3nc4ccccc4s3)cc2CN(C)C)c1	0.011684
rxn:5:198415:223237:226765	COC(=O)c1ccc(-c2ncc(-c3[nH]ncc3-c3ccccc3)c3occc23)c(F)c1F	0.011683
rxn:5:199271:228651:227277	Cc1cc(-c2cnn3ccccc23)c2ccc(-c3ccc(N(C)C)c(C#N)c3)c(C)c2n1	0.011682
rxn:5:198526:223054:227496	CCN(C)c1cc(F)c(-c2ccc3cc[nH]c3c2-c2ccc(C(C)N3CCC(O)C3)s2)cn1	0.011679
rxn:5:198405:228437:223336	Fc1cc(C(F)F)ccc1-c1coc2ccnc(-c3ccc4[nH]ccc4c3F)c12	0.011677
rxn:5:179395:228105:226064	CCN(C)c1cc(-c2cc(C(=O)OC)cc(C)c2-c2ccc(C3CCCCC3)cc2)ccn1	0.011665
rxn:5:182952:226950:228745	CSc1cc(C)c(-c2ccc(-c3cc(C)c4ncccc4c3)c3c2OCCC3=O)cn1	0.011663
rxn:5:199074:226328:228736	COc1nc(C)ccc1-c1ncc(-c2ccc(C(C)(C)C#N)c(F)c2)c2c(C)cccc12	0.011654
rxn:5:198638:226686:227933	CCc1ccc(OC)cc1-c1ccc2ccc(-c3c(C)cnn3C3CCCCO3)cc2n1	0.011645
rxn:5:188392:226925:226345	CCOC(=O)c1cnc(-c2cc(C(=O)OC)c(C)cc2C)cc1-c1cc(C2CC2)cc(C)c1C	0.011644
rxn:5:176858:228544:227642	COC(=O)c1cc(-c2ccc(CC#N)cc2)c(OC)cc1-c1ccc(-c2cncs2)nc1	0.011641
rxn:5:198424:228672:226689	Cc1nc(-c2cncs2)ccc1-c1noc2cccc(-c3ccc4cnoc4c3)c12	0.011639
rxn:5:199075:225657:228321	COC(=O)c1cncc(-c2ncc(-c3ccc(N4CCOCC4)c(C)c3)c3cccc(C)c23)c1	0.011639
rxn:5:199068:229114:227623	Cc1cc(-c2c(C)nc(-c3ccc(-n4ccc(C)n4)s3)c3ccccc23)c(F)cn1	0.011638
rxn:5:192334:228554:226165	CCOc1ccccc1-c1cccc(C(=O)N(C)C)c1-c1ccnc(-c2ccccc2)c1	0.011637
rxn:5:179185:226426:228136	CCC(=O)c1cc(-c2ccc(OC3CC3)nc2)ccc1-c1ccc(N2CCC(C)CC2)s1	0.011637
rxn:5:178985:225809:226187	CCOc1c(-c2cccc(C3CCOCC3)c2)cccc1-c1cc(F)ccc1OC1CCOC1	0.011629
rxn:5:181414:226053:228158	CCOc1cc(F)cc(-c2cc(OC)c(C)cc2-c2ccc(F)c(OC(F)(F)F)c2F)c1	0.011629
rxn:5:178224:227831:223420	CCNc1ccc(-c2cc(OCC3CCCCC3)cc(-c3cc(C)c(CC)c(C)c3)c2)cn1	0.011629
rxn:5:198684:223402:222996	Fc1ccc(-c2c(-c3ccc4[nH]ncc4c3)ccc3ncccc23)c(C2CCCNC2)c1	0.011626
rxn:5:182648:225637:223365	CN1CCN(c2ccccc2-c2c(-c3cc4[nH]ncc4cc3F)ccc3sccc23)CC1	0.011626
rxn:5:197125:228622:227977	CCc1cc(F)ccc1-c1nc2c(-c3cc(C)c(OC)cc3C)cc(OC)cc2s1	0.011625
rxn:5:177191:227336:228149	COC(=O)c1ccccc1-c1ccc(CC(=O)C2CC2)c(-c2ccc(F)cc2OC(C)C)c1	0.011625
rxn:5:193332:223212:228242	COc1ccc2c(-c3cc(-c4cc(C)c(F)cc4OC)ccc3CN3CCOCC3)c[nH]c2c1	0.011622
rxn:5:188387:228268:223270	CCOC(=O)c1nc(-c2ccc(F)cc2NC(C)=O)ccc1-c1ccc(C)c(F)c1SC	0.011617
rxn:5:196916:227670:227961	Cc1nc(C2CC2)ccc1-c1ccc(N2CCCCC2=O)c(-c2cc(F)cc(C(C)(F)F)c2)c1	0.011616
rxn:5:199072:227432:227912	COC(C)c1ccc(-c2nc(C)cc3ccc(-c4ccc(C5COC5)nc4C)cc23)cc1	0.011615
rxn:5:179203:227329:227362	CCOc1cc(C)cc(F)c1-c1cc(C(=O)CC)cc(-c2cc(C(C)=O)ccc2OC)c1	0.011612
rxn:5:193331:227424:229236	COc1csc(-c2cc(-c3ccc(-c4ccsc4)nc3)ccc2CN2CCOCC2)c1	0.011606
rxn:5:179537:225597:223412	CCOc1cc(C)c(-c2ccc(OC3CCCCC3)nc2)cc1-c1nc2ccccc2[nH]1	0.011606
rxn:5:195364:226820:226135	COc1c(-c2cc(C3CC3)c(C#N)cc2C)cncc1-c1cnc(-c2cscn2)cc1F	0.011601
rxn:5:196919:225583:227495	CCN(C)c1cc(-c2cc(-c3cccc(C(=O)N4CCCC4)c3)ccc2C2=NC(C)(C)CO2)c(F)cn1	0.011599
rxn:5:199072:227832:228858	Cc1cc2ccc(-c3ccc(C4CC4)cc3C)cc2c(-c2ccc3nonc3c2)n1	0.011587
rxn:5:196338:227461:229001	CCc1cnccc1-c1ccccc1-c1cnccc1-c1cc(F)c2nc(C)cn2c1	0.011579
rxn:5:192568:226069:228383	Cc1cc(-c2ccc(C(=O)N3CCC3)c(-c3cccc(C4CCCCC4)c3)c2)cnc1C(F)F	0.011578
rxn:5:192652:229021:228976	Cc1nccc(-c2ncccc2C(=O)c2ccc(-c3ccc4c(c3)C=C4)cc2)c1C	0.011574
rxn:5:199078:222980:223136	Cc1cc2c(-c3ccc(CN4CCNCC4)cc3)cccc2c(-c2ccncc2C2CCCNC2)n1	0.011574
rxn:5:181429:228024:225456	CN1CCC(c2ccc(-c3cc(-c4cccc5cnn(C)c45)cc(C4CC4)c3)cc2)CC1	0.011574
rxn:5:199100:228463:228158	CCOc1cc(F)cc(-c2ccnc3c(C)ccc(-c4ccc(OC(F)F)nc4)c23)c1	0.011571
rxn:5:198918:226130:226734	Cc1cc(-c2cccc(S(=O)(=O)N(C)C)c2)cc2c(-c3ccc(CN4CCCC4)cc3)c[nH]c12	0.011568
rxn:5:188411:227847:228445	CCOC(=O)c1ncc(-c2cnc3ccccc3c2)cc1-c1c(F)cccc1C(F)F	0.011567
rxn:5:198660:227949:228002	Cc1cc(-c2ccc(-c3sccc3C3CCCC3)c3ccncc23)cc(C)c1C#N	0.011564
rxn:5:196676:228113:226948	CCc1nc(OC)ccc1-c1cc(-c2cc(C)nc3ccccc23)cc(N2CCCC2)c1	0.011562
rxn:5:198410:226407:228139	COc1cc(C#N)cc(-c2cccc3nc(-c4ccc(-c5ccncn5)cc4)sc23)c1	0.011556
rxn:5:190579:228728:228401	CCOC(=O)c1[nH]c2ccc(-c3cnc(OC)c(C)c3)cc2c1-c1c(F)ccc(F)c1OC	0.011556
rxn:5:191505:225510:228515	CCc1cccc(C)c1-c1cc(-c2ccc(OC)c3nc(C)ccc23)ncc1C(=O)OC	0.011555
rxn:5:181418:226406:227503	COc1cc(-c2ccccc2-c2cnccn2)c(C)cc1-c1cc(OC(C)C)ncc1F	0.011555
rxn:5:192491:227772:226766	Cc1ccc(OC(F)(F)F)c(-c2cc(CN(C)C)cc(-c3cncc(OC(F)(F)F)c3)c2)c1	0.011554
rxn:5:195962:227341:228712	CC(C)Oc1cccc(-c2cccc(-c3ccnn3C3CCC3)c2-c2cnco2)c1F	0.011553
rxn:5:188515:225930:227715	CCCOc1nccc(-c2cc(C)ccc2S(=O)(=O)N(C)C)c1-c1cc(F)cc(OC(F)F)c1	0.011553
rxn:5:179392:226347:227301	Cc1cc(-c2ccc(OC3COC3)c(-c3ccc(F)cc3CN(C)C)c2)c(OC(C)C)cc1F	0.011553
rxn:5:195912:226746:229217	CCc1cnc(C(F)(F)F)cc1-c1ncc(-c2ccc(-c3ccc(F)cc3)cc2)o1	0.011550
rxn:5:178991:227649:227838	COCc1cc(-c2ccnc(-c3nccs3)c2)cc(-c2cc(C)ccc2C2CC2)c1	0.011549
rxn:5:181208:228563:227805	CC(=O)c1ccc(-c2cc(CC(C)C)cs2)cc1-c1ccc2ccccc2c1	0.011540
rxn:5:177449:226441:227288	COc1cc(-c2ccc(N3CCCC3)cc2F)c(-c2ccccc2C(=O)N(C)C)cc1OC(C)C	0.011537
rxn:5:181744:228219:229168	COc1nc(C)sc1-c1cc(-c2ccccc2)cc(-c2cnc(C(C)C)cc2F)c1	0.011535
rxn:5:176752:228384:228574	CCCOc1ccc(-c2ccc(-c3nccs3)s2)c(-c2ccc(C)cc2C#N)c1	0.011533
rxn:5:177086:227677:228399	CCCCc1ccc(-c2cc(F)c(OC)c(F)c2)c(-c2cc(C)ccc2C(F)(F)F)c1	0.011532
rxn:5:199092:227126:228648	Cc1cc(C)c(F)c(-c2ccnc3c(-c4ccc(C5CCOC5)cc4)cc(C)cc23)c1	0.011530
rxn:5:198425:226926:227203	Cc1cc(C(C)(C)C)ccc1-c1cc(-c2ccc3c(c2)OCCCO3)cc2cnoc12	0.011528
rxn:5:195927:227680:228778	COc1cccc(-c2cccc(-c3nc(-c4cccc5c4OC(F)(F)O5)cs3)c2)c1F	0.011522
rxn:5:182576:227147:226671	Cc1cc(-c2cnn(-c3cccc(F)c3)c2)c(C)cc1-c1ccc2c(c1)c(C)nn2C	0.011522
rxn:5:198525:226978:227379	Fc1cccc2cccc(-c3ccc4cc[nH]c4c3-c3cccnc3N3CCCC3)c12	0.011517
rxn:5:199063:223438:226328	Cc1c(-c2ccc(C(C)(C)C#N)c(F)c2)c(-c2cn[nH]c2C(F)(F)F)cc2cccnc12	0.011517
rxn:5:191556:227767:227139	CCn1cc(-c2cc(OC)c(C#N)cc2-c2cc3c(C#N)cccc3s2)c(C(F)(F)F)n1	0.011508
rxn:5:198436:228521:226932	Cc1ccc2ncc(-c3c(-c4cc(C)c(C)c(C)c4)ccc4ocnc34)cc2c1	0.011508
rxn:5:198669:227372:228107	CCC(C)c1ncncc1-c1cc(-c2ccccc2-n2cccn2)c2cccnc2c1	0.011505
rxn:5:196418:227834:228579	Cc1ccc(C#N)c(-c2ccccc2-c2ccncc2-c2ccc(C3CC3)c(C)c2)c1	0.011503
rxn:5:177970:228666:228697	COCc1cc(-c2cc(OCC3CCCC3)cc(-c3ccc4ocnc4c3)c2)ccn1	0.011501
rxn:5:181423:222980:225601	CSc1cc(-c2ccc(CN3CCNCC3)cc2)cc(C)c1-c1ccc(C2(C#N)CCC2)cc1F	0.011499
rxn:5:176569:223417:226321	COC(=O)Cc1cccc(-c2ccc(SC3CCCC3)nc2)c1-c1n[nH]c2ccccc12	0.011497
rxn:5:197422:228995:227060	CCc1cncc(-c2ccc(OC)c3cnc(-c4ccc(C)c(OC(C)C)c4)cc23)c1	0.011497
rxn:5:193331:227092:226027	Cc1nc(C2CCC2)ccc1-c1ccc(CN2CCOCC2)c(-c2ccc(F)c(S(=O)(=O)N(C)C)c2)c1	0.011496
rxn:5:196870:227197:226162	CN1Cc2ccc(-c3cc(-c4ccc(-c5cccnc5)cc4)cc(N4CCOCC4)c3)cc2C1=O	0.011496
rxn:5:196354:228541:227340	COC(=O)c1cc(-c2ccccc2-c2cccc(-c3ccc4c(c3)COC4)n2)ccc1C	0.011493
rxn:5:188396:228567:227532	CCOC(=O)c1cc(-c2ccsc2C(C)CC)nc(-c2ccc(OCC)c(F)c2F)c1	0.011487
rxn:5:198523:228668:226158	c1ccc(N2CCCCC2)c(-c2c(-c3cc4cccnc4s3)ccc3[nH]ccc23)c1	0.011482
rxn:5:182504:226066:227412	Cc1cc(-c2ccc(-c3ccccc3)cc2)cc(-c2cnc(C(C)(C)C)cc2F)c1	0.011478
rxn:5:194947:227382:225989	N#Cc1cccc(-c2ccnn2-c2ccccc2)c1-c1ccc2nc(C(F)(F)F)cn2c1	0.011477
rxn:5:196173:226901:228990	CCCc1ccc(-c2cc(C)c(S(N)(=O)=O)c(-c3cccc(S(F)(F)(F)(F)F)c3)c2)s1	0.011474
rxn:5:192428:226592:229336	CC(C)Oc1cc(F)c(F)cc1-c1cccnc1Oc1ccc(-c2cncs2)cc1	0.011473
rxn:5:178994:227122:228507	CCCc1cccc(-c2c(COC)cccc2-c2cccc(-c3ccco3)c2)c1	0.011468
rxn:5:179400:228117:229007	CSc1cccc(-c2ccc(C(=O)C3CC3)cc2-c2cncc(OC(C)C)c2)c1	0.011468
rxn:5:179206:228713:225819	COc1ccc(-c2ccn(C(C)(C)C)n2)c(SC)c1-c1cc(C(F)(F)F)ccc1C1CC1	0.011467
rxn:5:188393:226397:228552	CCOC(=O)c1ccnc(-c2cccc(OCC)c2)c1-c1ccccc1-c1cncnc1	0.011461
rxn:5:198638:228861:228564	CCC(C)c1ccc(-c2ccc3ccc(-c4cnc5scnc5c4)cc3n2)s1	0.011460
rxn:5:199274:228789:227898	COc1cc(F)ccc1-c1ccc2c(-c3cncc(CC(C)C)c3)cc(C)nc2c1C	0.011458
rxn:5:191334:226326:226359	Cn1nccc1-c1ccc(-c2ccc(CC#N)c(-c3cccc(C4(C#N)CC4)c3F)c2)cc1	0.011457
rxn:5:192562:227048:223186	CC(C)C(=O)c1ccc(-c2ccc(C3(C#N)CCC3)cc2-c2cnn(C3CCCCO3)c2)cc1	0.011456
rxn:5:176759:226201:228097	COCCc1cc(-c2cncc(CN(C)C)c2)ccc1-c1ccc2nn(C(C)C)cc2c1	0.011454
rxn:5:198431:226415:227811	CC(C)Cc1ccc(-c2nccc3cc(-c4ccccc4N4CCOCC4)sc23)cc1	0.011454
rxn:5:195960:228629:227946	CC(C)(C)c1ccc(-c2cc(-c3ccc(C4CCC4)s3)ccc2-c2cnco2)cn1	0.011444
rxn:5:195958:223203:227317	CC(C)(C)Oc1cc(-c2cc(-c3cnco3)ccc2-c2cccc(C3(O)CCC3)c2)ccn1	0.011444
rxn:5:198679:226338:228602	CC(=O)c1ccc(-c2ccnc3cccc(-c4ccnc(OC5CCCC5)c4)c23)cc1	0.011429
rxn:5:196793:228554:226975	CCOc1ccccc1-c1ccc(N2CCOCC2=O)cc1-c1cc2ccccc2cc1F	0.011426
rxn:5:192478:226748:222992	CCC(C)c1ccnc(-c2ccc(N3CCCCC3O)cc2)c1-c1ccc(C(F)(F)F)cc1OC	0.011423
rxn:5:176766:227816:227532	CCCc1ccc(-c2cc(-c3ccc(OCC)c(F)c3F)ccc2COCC)c(C)c1	0.011422
rxn:5:179202:229058:225694	COc1c(SC)cc(-c2cccnc2C#N)cc1-c1cccnc1-c1ccccc1F	0.011419
rxn:5:188379:228871:226156	CCOC(=O)c1cc(-c2ccc(-c3ccccc3)nc2)ncc1-c1sccc1C(=O)OC	0.011419
rxn:5:191678:226772:228260	CCOc1cc(-c2c(F)cc(C(=O)OC)cc2F)cnc1-c1cccc(C(C)(F)F)c1	0.011417
rxn:5:198920:227043:227839	Cc1cc(OC(C)C)ccc1-c1cc2cc[nH]c2c(C)c1-c1c(C)cccc1C1CC1	0.011414
rxn:5:199100:227850:228986	Cc1cccc(-c2ccnc3c(C)ccc(-c4ccc5cnccc5c4)c23)c1C	0.011413
rxn:5:198413:223140:226439	Fc1cc(-n2cccc2)ccc1-c1noc2cc(-c3ccnc(C4CCCNC4)c3)ccc12	0.011410
rxn:5:197423:228100:228461	CCCn1nc(C)c(-c2cnc3ccc(OC)c(-c4cccnc4OC(F)F)c3c2)c1C	0.011409
rxn:5:198652:227369:225982	Fc1ccc(OC2CC2)c(-c2nccc3cccc(-c4cnc(N5CCOCC5)cc4F)c23)c1	0.011404
rxn:5:192570:227306:227614	Cc1nc(OC(C)C)ccc1-c1ccc(C(=O)N2CCC2)cc1-c1ccccc1-c1ncon1	0.011401
rxn:5:179552:228044:227341	CCOc1c(C)ccc(-c2cccc(OC(C)C)c2F)c1-c1cc(C)cn2ccnc12	0.011400
rxn:5:192491:228007:226059	CC(C)c1ccc(-c2cc(CN(C)C)cc(-c3cc(F)ccc3C3CC3)c2)c(C(C)C)c1	0.011395
rxn:5:189319:227554:227535	CCOc1cc(F)c(F)cc1-c1ccc(-c2cccc(F)c2C(=O)OC)c(C(=O)OC(C)(C)C)n1	0.011395
rxn:5:182841:228052:225787	O=C1CCc2cc(-c3cnn(Cc4cccc(F)c4)c3)c(-c3ccc4nnccc4c3)cc21	0.011394
rxn:5:176587:228817:225614	CCOC(=O)c1ccc(-c2ccc(C)n(C)c2=O)cc1-c1ccc(Oc2cccnc2)cc1	0.011394
rxn:5:193467:228115:228050	CC(C)Oc1ccc(-c2ccc(-c3cncc4ccn(C)c34)cc2C(=O)N2CCC[C@@H]2C)cn1	0.011391
rxn:5:179978:227575:226420	COc1ccc(OC)c(-c2cc(-c3ccc(F)c(N4CCCC4)c3)ccc2OC(C)(C)C)c1F	0.011386
rxn:5:179878:229134:228710	CC(C)c1ncc(-c2ccccc2C(=O)c2cccc(-c3cc(F)ccc3F)c2)cn1	0.011383
rxn:5:181424:225622:228537	COc1c(C)ccc(-c2cccc3occc23)c1-c1ccccc1OC1CCCCO1	0.011382
rxn:5:178226:228595:227962	CCc1ncc(C)cc1-c1c(OCC2CCCCC2)cccc1-c1cc(C)nc(C2CC2)c1	0.011376
rxn:5:177287:225849:227701	COC(=O)c1cc(-c2ccc(-c3cnc(N4CCCCC4)cc3F)c(COC(C)C)c2)c(F)cn1	0.011376
rxn:5:195904:229205:226679	CCc1csc(-c2nc(-c3cccc(-c4cnc(N5CCCC5)cc4F)c3)cs2)c1	0.011375
rxn:5:198522:226452:223336	Fc1c(-c2c[nH]c3ccc(-c4ccc(C5OCCCO5)cc4)cc23)ccc2[nH]ccc12	0.011375
rxn:5:193055:226579:228171	CCOc1ccc(-c2cc(-c3cc(F)cc(C(=O)N(C)C)c3)ccc2C2(C#N)CCCC2)cc1F	0.011366
rxn:5:193155:227803:227640	CN(C)S(=O)(=O)n1nccc1-c1ccc(-c2cc(-c3ccncn3)cs2)c(CN2CCCC2)c1	0.011364
rxn:5:195903:228177:223269	COCc1ccc(F)cc1-c1nc(-c2ccccc2)sc1-c1ccc(NC(C)=O)c(F)c1	0.011359
rxn:5:199097:228112:222956	COc1ccc(C#N)cc1-c1ccnc2c(C)cc(-c3ccc(C)cc3C3CCCNC3)cc12	0.011359
rxn:5:192478:228159:227716	CCOc1cc(-c2c(C(C)CC)ccnc2-c2cccc(F)c2OC(F)F)ccc1F	0.011352
rxn:5:176585:225491:229164	CCOC(=O)c1cc(-c2cc(F)ccc2-c2ccccc2)ccc1-c1cncc(OC)n1	0.011351
rxn:5:194397:226028:228335	COc1ccnc(OC)c1-c1ccc(C(=O)N2CC3CC3C2)c(-c2ccc(C(F)(F)F)c(C#N)c2F)c1	0.011349
rxn:5:181739:227544:228700	COC(=O)c1ccc(F)cc1-c1cccc(-c2ccc(-c3ccc(N(C)C)nc3)cc2)c1	0.011348
rxn:5:179754:228777:228590	COc1ccc(-c2ccc(Oc3ccc(-c4cccc(C)c4C#N)cc3)cc2)c(F)c1	0.011345
rxn:5:181581:228703:226695	CC(C)c1cc(-c2cnn(C3CCC3)c2)cc(-c2ccc(-c3cncs3)cc2F)c1	0.011343
rxn:5:195799:226452:226385	c1cncc(-c2ccc(-c3nccc(C4CC4)c3-c3ccc(C4OCCCO4)cc3)cn2)c1	0.011343
rxn:5:182647:228355:228337	CCOc1cc(F)c(-c2ccc3cc(-c4cc(-n5cccn5)cs4)sc3c2)cn1	0.011342
rxn:5:196871:228326:226080	COc1cc(-c2ccc(-c3ccc(OC)c4ccccc34)cc2N2CCOCC2)cc(OC)n1	0.011341
rxn:5:178845:223302:226316	COC(=O)c1cccc(-c2cncn2Cc2ccccc2)c1-c1c(C)ccc2[nH]ccc12	0.011333
rxn:5:196979:226205:229003	COc1cccc(-c2cc(-c3cc(OC)cc4cccnc34)cc(N3CCCCC3)c2)c1	0.011330
rxn:5:177517:228594:223356	CCc1cc(-c2cccc(COc3ccccc3-c3cccc(C(=O)NC)c3)c2)cc(C)n1	0.011329
rxn:5:196678:228036:227336	Cc1cc2nccn2cc1-c1ccc(N2CCCC2)cc1-c1ccc(F)cc1OC(C)C	0.011328
rxn:5:196190:227066:223414	O=C(c1cccc(-c2cc(-c3ccnc4[nH]ccc34)ccc2-n2cccc2)c1)C1CC1	0.011327
rxn:5:197077:223322:228233	CC(=O)c1cc(C)c(-c2c(C#N)sc3cc(-c4cc5cn[nH]c5cc4C)ccc23)cn1	0.011325
rxn:5:195906:228020:223421	CNC(C)c1ccc(-c2ccccc2-c2ncc(-c3c(F)cccc3C3CC3)s2)s1	0.011323
rxn:5:183229:226580:227834	Cc1cc(-c2cc(-c3cc(C(=O)N(C)C)ccc3F)cc3c2SCCC3(C)C)ccc1C1CC1	0.011320
rxn:5:176993:226080:229270	CCCC(=O)c1ccc(-c2cnc(C#N)s2)c(-c2ccc(OC)c3ccccc23)c1	0.011314
rxn:5:197566:229075:227029	CCc1cc2ccc(-c3cc(C)c(C#N)s3)cc2nc1-c1ccccc1C(C)(C)C#N	0.011312
rxn:5:193226:227638:228651	O=C(c1ccc(-c2cc(-c3ncccn3)cs2)c(-c2cnn3ccccc23)c1)N1CCOCC1	0.011308
rxn:5:182441:228003:225458	CSc1cc(C)c(-c2cccc(-c3cc(C)cc(-c4ccccn4)c3)c2)c(C)c1	0.011306
rxn:5:179787:223348:225609	CCc1cc(-c2ccc3c(c2)C(=O)NC3)cc(CC)c1-c1cccc(Oc2ccccn2)c1	0.011304
rxn:5:193226:226166:228681	O=C(c1ccc(-c2ccc(-c3ccncc3)cc2)c(-c2ccnn2CC2CC2)c1)N1CCOCC1	0.011298
rxn:5:197414:228780:227844	COc1c(F)cccc1-c1ccnc2c(-c3ccc4ncccc4c3)ccc(OC)c12	0.011293
rxn:5:193053:227680:226851	COc1cc(-c2cc(C(=O)N3CCCC3)cc(-c3cccc4c3OC(F)(F)O4)c2)c(C(F)(F)F)cn1	0.011291
rxn:5:181278:226368:227582	CCOc1c(-c2ccc(CC)c(-c3cnn(C)c3-c3ccccc3)c2)ccc(F)c1F	0.011291
rxn:5:198626:228274:228511	CSc1cc(-c2ccc3nc(-c4ccc(C5CC5)cc4)ccc3c2)c(F)cc1C	0.011291
rxn:5:178842:226862:228378	COC(=O)c1cc(-c2ccc(C#N)c(F)c2F)ccc1-c1cccc(OC(F)(F)F)c1F	0.011282
rxn:5:193151:226945:226898	Cc1cc(-c2c(CN3CCCC3)cccc2-c2cn(S(=O)(=O)N(C)C)nc2C)c2ncccc2c1	0.011282
rxn:5:181204:228678:225667	CC(=O)c1cc(-c2ccnc(-c3ccc(F)cc3)c2)cc(-c2ccnn2CC(C)C)c1	0.011282
rxn:5:181078:228165:227740	CCOc1ccc(F)c(-c2ccc(-c3cc(C)nc(C(F)(F)F)c3)cc2SC)c1	0.011276
rxn:5:197410:227107:229137	COc1cccc2c(-c3c(F)cccc3F)ncc(-c3cc(C)cc(C4CC4)c3F)c12	0.011274
rxn:5:194414:226349:228363	CN(C)c1cc(F)c(-c2c(-c3cc(F)cc(OC(C)(C)C)c3)ccc3c2CCN3CC2CC2)cn1	0.011273
rxn:5:176871:227623:228787	COC(=O)c1cc(-c2cc(F)cc(OC)c2)c(OC)cc1-c1ccc(-n2ccc(C)n2)s1	0.011271
rxn:5:182651:228375:227629	Cc1nn(-c2ccsc2)cc1-c1cccc2cc(-c3c(F)ccc(C#N)c3F)oc12	0.011264
rxn:5:182011:227665:228219	Cc1cc(-c2ccc(C3CCOCC3)cc2-c2cnc(C(C)C)cc2F)ccc1C(F)(F)F	0.011261
rxn:5:182899:225858:222990	Cc1cnn(-c2ccc(-c3c(-c4ccc(N5CCC(O)CC5)cc4)ccc4c3CCC4)c(F)c2)c1	0.011260
rxn:5:198666:228984:223067	CC(=O)Nc1nc2ccc(-c3cccc4cc(-c5cc(C)ccc5C)ncc34)cc2s1	0.011257
rxn:5:197650:227966:228755	COc1cncc(-c2cc(C3CC3)nc3c(-c4cccnc4C(C)(C)C)cccc23)c1C	0.011251
rxn:5:195450:227354:226809	CC(=O)c1ccnc(-c2cc(-c3ncon3)ccc2F)c1-c1ccc(F)c(OC(C)C)c1	0.011246
rxn:5:181579:227995:226383	COc1c(C)cc(C)cc1-c1ccc(-c2cccc(-c3cnn(C)c3)c2)c(C(C)C)c1	0.011245
rxn:5:181958:229334:226862	Cc1ccc(-c2cccc(OC(F)(F)F)c2F)cc1-c1cccc(-c2cnoc2)c1	0.011243
rxn:5:196621:227022:227764	O=C1CCCN1c1ccc(-c2cc(F)c(C(F)F)c(F)c2)c(-c2ccc(CN3CCC3)cc2)c1	0.011243
rxn:5:197404:226342:223242	COC(=O)c1c(C)cc(-c2c(-c3ccnc(C4CCNC4)c3)cnc3ccc(OC)cc23)cc1C	0.011242
rxn:5:182825:228789:228420	COc1cc(F)ccc1-c1cc(-c2cc(F)c(SC)c(F)c2)cc2ccccc12	0.011241
rxn:5:179399:225849:225585	COC(=O)c1cc(C)c(-c2cnc(N3CCCCC3)cc2F)c(-c2ccccc2CN2CCOCC2)c1	0.011241
rxn:5:176999:227826:228159	CCOc1cc(-c2c(OCC)ccc(-c3cccc(C(C)(C)C)c3)c2SC)ccc1F	0.011240
rxn:5:176762:226934:228411	CCOCc1ccc(-c2ccc(OC)c(F)c2F)c(-c2cccc3nc(C)ccc23)c1	0.011239
rxn:5:196623:226407:228151	COC(=O)c1cccc(-c2cc(-c3ccc(-c4ccncn4)cc3)cc(N3CCCC3=O)c2)c1	0.011237
rxn:5:183065:228678:225785	CC(C)Cn1nccc1-c1cc2c(cc1-c1ccc(Oc3cccnc3)nc1)CCCC2=O	0.011231
rxn:5:177281:223207:228514	CCc1n[nH]c2ccc(-c3cccc(COC(C)C)c3-c3cccc(C4CC4)c3)cc12	0.011225
rxn:5:181324:225650:226576	Cc1ccccc1-c1ncc(-c2cc(-c3ccc(F)c(C(=O)N(C)C)c3)ccc2S(C)(=O)=O)cn1	0.011224
rxn:5:176569:226925:225928	COC(=O)Cc1cccc(-c2ccc(C)c(S(=O)(=O)N(C)C)c2)c1-c1cc(C2CC2)cc(C)c1C	0.011218
rxn:5:198646:227530:223212	COC(=O)c1ccc(F)c(-c2ccnc3ccc(-c4c[nH]c5cc(OC)ccc45)cc23)c1	0.011217
rxn:5:182500:227430:225634	Cc1cc(-c2cnc(N3CCCCC3)c(C)c2)ccc1-c1ccccc1-c1cscn1	0.011214
rxn:5:182644:228673:226027	CN(C)S(=O)(=O)c1cc(-c2ccc3ccoc3c2-c2cccc3nscc23)ccc1F	0.011209
rxn:5:199105:226973:228508	Cc1nc(-c2cccc(C(C)C)c2)cc2ccc(-c3ccc4c(c3)C(C)(C)CO4)cc12	0.011209
rxn:5:179415:228572:225854	COC(=O)c1c(-c2ccc(C)c(C#N)c2)ccc(C)c1-c1cn(-c2ccccc2F)nc1C	0.011205
rxn:5:197452:228790:228254	COc1ccc(-c2ccc3c(-c4cccc(C(F)F)c4)cnc(OC)c3c2)c(C)c1F	0.011203
rxn:5:195324:225406:228723	CSc1ccc(-c2cccc(-c3ccc(C)cc3)c2)c(-c2ccc(C#N)c(F)c2)n1	0.011200
rxn:5:179192:226073:228037	CC(=O)Cc1cc(-c2cccc3cn(C)nc23)ccc1-c1ccc2cc(C#N)ccc2c1	0.011194
rxn:5:176589:223243:228355	CCOC(=O)c1ccc(-c2cc(-n3cccn3)cs2)cc1-c1cc2[nH]ncc2cc1OC	0.011191
rxn:5:195928:226910:223438	CCC(C)(C)c1ccc(-c2ncc(-c3cccc(-c4cn[nH]c4C(F)(F)F)c3)s2)cc1	0.011190
rxn:5:199072:225636:228712	Cc1cc2ccc(-c3ccnc(N4CCC(C)CC4)c3)cc2c(-c2ccnn2C2CCC2)n1	0.011182
rxn:5:182948:227643:227907	CCC(C)c1cncc(-c2cc3c(c(-c4ccc(-c5nccs5)nc4)c2)OCCC3=O)c1	0.011182
rxn:5:182953:226171:227523	COC(=O)c1cnc(C)cc1-c1ccc2c(c1-c1ccccc1-c1ccccn1)OCCC2=O	0.011180
rxn:5:193462:228322:227070	CCOc1cc(C)c(C)cc1-c1ccc(-c2cnc(OCC)c(F)c2)cc1CN1CCC(=O)CC1	0.011178
rxn:5:181419:229267:225706	CSc1c(-c2nc(C)c(C)s2)ccc(C)c1-c1cc2ncn(C(C)C)c2cc1F	0.011175
rxn:5:177181:228529:226945	Cc1cc(-c2cc(C(=O)OC(C)C)ccc2-c2ccc3c(c2)CCO3)c2ncccc2c1	0.011174
rxn:5:179547:227716:228534	CCOc1ccc(-c2cccc(F)c2OC(F)F)c(-c2ccc3ccoc3c2)c1C	0.011172
rxn:5:194150:228878:227414	COC(=O)c1ccc2c(-c3ccc(-c4ccncc4)s3)c(-c3cnn(C4COC4)c3)[nH]c2c1	0.011171
rxn:5:178843:228344:223402	COC(=O)c1cccc(-c2ccc(SC(F)F)cc2)c1-c1ccc2[nH]ncc2c1	0.011170
rxn:5:179188:228668:225631	CCC(=O)c1ccc(-c2ccc(N3CCN(C)CC3)cc2)c(-c2cc3cccnc3s2)c1	0.011167
rxn:5:176755:226767:227295	CCOCc1cc(-c2ccnc(OC3CCC3)c2)ccc1-c1cc(OC)ccc1C(F)(F)F	0.011167
rxn:5:193225:228054:226783	COc1cc(F)c(F)c(OC)c1-c1ccc(-c2cnc3ncccc3c2)cc1C(=O)N1CCOCC1	0.011165
rxn:5:199063:226203:228700	Cc1c(-c2ccc(N(C)C)nc2)c(-c2ccc3c(cnn3C3CC3)c2)cc2cccnc12	0.011161
rxn:5:188725:227939:227154	COC(C)c1ccccc1-c1cnc(OCC2CC2)c(-c2ccc3c(C)n(C)nc3c2)c1	0.011161
rxn:5:191506:225586:223375	COC(=O)c1ccc(-c2cc(F)cc3[nH]ncc23)c(-c2ccc(Oc3ccccc3)nc2)n1	0.011149
rxn:5:183189:225678:229064	CC1(C)OCc2cc(-c3ccnn3C3CC3)cc(-c3ccnc(-c4cccc(F)c4)c3)c2O1	0.011144
rxn:5:195793:225654:226358	COc1c(-c2cccc(-n3cc(C)cn3)c2)ncc(-c2ccc(N3CCCC(C)C3)nc2)c1C	0.011144
rxn:5:198432:223016:228598	COC(=O)c1cc(-c2ccc3snc(-c4cc(C)ccc4OC)c3c2)cc2[nH]ccc12	0.011144
rxn:5:177275:228182:228566	CC(C)COc1ccc(-c2ccsc2CC(C)C)c(-c2cccc(CC(F)F)c2)c1	0.011141
rxn:5:192572:225454:226465	CN1CC=C(c2ccc(-c3ccc(C(=O)N4CCC4)c(-c4ccc5c(c4)n(C)c(=O)n5C)c3)cc2)CC1	0.011141
rxn:5:191683:226444:226964	CCOc1ccc(-c2ccc3cc(F)ccc3c2)nc1-c1ccc(C2CCCO2)nc1C	0.011138
rxn:5:181856:225629:229290	COc1ccc(-c2csc(-c3cc(-c4ccsc4C)cc(C(C)(C)C)c3)c2)cc1	0.011138
rxn:5:191683:226199:223238	CCOc1ccc(-c2cccc(-c3cn[nH]c3)c2)nc1-c1ccc2c(cnn2C(C)C)c1	0.011137
rxn:5:192338:226939:228135	CCOc1cc(C)ncc1-c1cc(-c2ccc3ccnc(C)c3c2)ccc1C(C)(C)C#N	0.011133
rxn:5:181577:227069:225613	COc1ccc(-c2ccc(C(C)C)cc2-c2ccnc(OC3CCCCC3)c2)c(C(C)C)c1	0.011131
rxn:5:181203:228535:226601	CC(=O)c1ccc(-c2coc3ccccc23)c(-c2c(OC(C)C)ccc(F)c2F)c1	0.011130
rxn:5:192713:228673:226850	COc1cc(-c2ccc(CN3CCC3)c(-c3cccc4nscc34)c2)cc(C(F)(F)F)n1	0.011129
rxn:5:194140:228271:223408	COc1cc(C)c(-c2ccc3[nH]cc(OC(C)=O)c3c2-c2cccc3cn[nH]c23)cc1F	0.011128
rxn:5:192572:223412:226032	COc1cc(-c2cc(-c3nc4ccccc4[nH]3)ccc2C(=O)N2CCC2)c(F)c(C(F)(F)F)c1	0.011126
rxn:5:181621:227195:228610	CC(C)(C)c1ccc(-c2cc(-c3cc(F)cc4ccncc34)cc(C3OCCO3)c2)s1	0.011125
rxn:5:188957:223004:226320	CC(C)COc1cc(-c2cc(C3(C#N)CC3)ccc2F)ncc1-c1ccc(C2CCNCC2)c(F)c1	0.011124
rxn:5:196919:229030:226410	Cc1ccc(F)cc1-c1ccc(C2=NC(C)(C)CO2)c(-c2cccnc2-c2ccncc2)c1	0.011123
rxn:5:198514:225603:227293	CC(C)(C)Oc1cncc(-c2cccc3c(-c4cccc(C5(C#N)CCC5)c4F)c[nH]c23)c1	0.011119
rxn:5:179205:227155:228419	COc1cc(-c2cc(C)c3cnn(C)c3c2)c(OC)c(-c2cc(F)c(SC)cc2F)c1	0.011118
rxn:5:177002:226875:228906	CCOc1cc(-c2ccnc(C(F)F)c2)c(-c2cc(F)c(OC(F)F)cc2F)cc1OC	0.011118
rxn:5:182646:227119:227945	Cc1cc(-c2c(-c3cc(C4CCCCC4)cs3)ccc3occc23)ccc1N(C)C	0.011115
rxn:5:176569:227554:226362	COC(=O)Cc1cccc(-c2cccc(-c3ccn(C)n3)c2)c1-c1cccc(F)c1C(=O)OC	0.011112
rxn:5:198280:227140:226146	Cc1ncc(-c2ccc(SC3CCCC3)cc2)cc1-c1cc2cccc(C#N)c2s1	0.011110
rxn:5:179205:227338:226190	COc1cc(-c2ccc(C3CCCC3)cc2F)c(OC)c(-c2cc(OC(C)C)ccc2F)c1	0.011108
rxn:5:182642:225653:223370	CC1CCCCN1c1ccc(-c2coc3ccc(-c4ccc(F)c5[nH]ncc45)cc23)cn1	0.011096
rxn:5:177192:226846:229091	CCOC(=O)c1ccc(-c2ccoc2C(C)=O)c(-c2ccc(C(F)(F)F)nc2OC)c1C	0.011096
rxn:5:196858:227816:226154	CCCc1ccc(-c2cnc(C3CCOCC3)cc2-c2ccc(C(C)(C)C)cc2OC)c(C)c1	0.011093
rxn:5:198636:226371:226973	Cc1cc(N2CCCC2)ncc1-c1cccc2cc(-c3ccc4c(c3)C(C)(C)CO4)ncc12	0.011092
rxn:5:191233:227642:229004	COC(=O)c1nc(-c2ccc(-c3cncs3)nc2)sc1-c1ccccc1SC	0.011090
rxn:5:195903:227998:227199	CN1C(=O)Cc2ccc(-c3sc(-c4ccccc4)nc3-c3ccc(F)cc3C3CC3)cc21	0.011082
rxn:5:188931:229198:228689	CCOc1ccncc1-c1c(C(=O)OC)cc(-c2cnc(F)nc2F)cc1S(N)(=O)=O	0.011080
rxn:5:192073:228213:227325	COC(=O)c1cc(-c2cc(-n3cccc3)cs2)c(C)nc1-c1ccc(OC(C)(C)C)nc1	0.011080
rxn:5:197424:225465:223420	CCNc1ccc(-c2c(-c3cccc(C4CCN(C)CC4)c3)cc(OC)c3cccnc23)cn1	0.011079
rxn:5:199063:227919:227965	CCOc1cc(C)cc(-c2cc3cccnc3c(C)c2-c2c(C)ccnc2C(C)C)c1	0.011078
rxn:5:178985:226324:226426	CCOc1c(-c2ccc(N3CCC(C)CC3)s2)cccc1-c1cccnc1OC1CCCC1	0.011076
rxn:5:176570:225437:228506	CCCc1ccccc1-c1ccc(CC(=O)OC)cc1-c1cccc(CN2CCCCC2)c1	0.011075
rxn:5:176590:227421:228575	CCOC(=O)c1c(-c2ccc(C#N)c(C)c2)cccc1-c1ccc(-c2ccccn2)s1	0.011066
rxn:5:196335:227625:228052	c1ccc(-c2ccc3nnccc3c2)c(-c2ccnc(-c3cnc(C4CCCO4)nc3)c2)c1	0.011065
rxn:5:193152:223337:225943	O=C(c1ccc(-c2ccc(CN3CCCC3)cc2-c2cc3cc[nH]c3cc2F)s1)N1CCOCC1	0.011062
rxn:5:196565:227624:226763	COC(=O)c1c(F)cc(-c2cc(-c3ccc(-c4nnco4)cc3)ncc2C(C)(C)C)cc1F	0.011062
rxn:5:196794:227513:226386	COc1nc(OC)c(-c2ccc(-c3cccnc3-c3ccccn3)c(N3CCOCC3=O)c2)cc1C	0.011059
rxn:5:196679:226072:228196	Cc1ncnc(C2CC2)c1-c1ccc(-c2cccc3cccc(C#N)c23)c(N2CCCC2)c1	0.011059
rxn:5:179392:226199:229009	CC(C)n1ncc2cc(-c3ccc(OC4COC4)c(-c4cc(C5CC5)cs4)c3)ccc21	0.011057
rxn:5:182654:223324:223296	Cc1ccc2cc(-c3c(-c4cc(C)c5cn[nH]c5c4)ccc4ccsc34)[nH]c2c1	0.011056
rxn:5:177447:228263:227093	COc1cc(-c2ccc(C(C)(F)F)cc2)cc(-c2cccnc2C2CCCC2)c1OC(C)C	0.011055
rxn:5:198443:227421:228363	CN(C)c1cc(F)c(-c2ccnc3scc(-c4ccc(-c5ccccn5)s4)c23)cn1	0.011054
rxn:5:195438:226597:226429	CC(=O)c1cc(-c2ccc(N3CCCC(C)C3)s2)c(-c2cc(F)c(OC(C)C)c(F)c2)cn1	0.011047
rxn:5:196410:228636:227830	Cc1cc(F)cc(C)c1-c1cc(-c2cnco2)cc(-c2ccc(C3(C)CC3)cc2)c1C	0.011046
rxn:5:198409:226429:228547	CCCc1ccncc1-c1ccc2cc(-c3ccc(N4CCCC(C)C4)s3)sc2n1	0.011038
rxn:5:182634:228445:228012	Fc1cccc(C(F)F)c1-c1cc(-c2cccc(F)c2C2CC2)c2occc2c1	0.011037
rxn:5:193228:226744:223310	CCc1cc(-c2cc(C(=O)N3CCSCC3)cc(-c3ccc(NC4CC4)cc3)c2)cnc1C(F)(F)F	0.011034
rxn:5:198676:226329:228046	Cn1ccc2c(-c3ccc4ccncc4c3-c3ccc(C4(C#N)CC4)c(F)c3)ccnc21	0.011034
rxn:5:193054:226368:229053	COCc1ccc(-c2c(C(=O)N3CCCC3)cccc2-c2cnn(C)c2-c2ccccc2)s1	0.011032
rxn:5:192432:229235:228279	CCc1cc(F)c(-c2ccc(-c3sccc3OC)cc2Oc2ccccn2)c(F)c1	0.011028
rxn:5:189668:227081:227304	Cc1cc(OC(C)C)ncc1-c1ccc(CC(=O)N2CCCC2)c(-c2ccc(N3CCCC3)cc2)c1	0.011026
rxn:5:179393:223000:228525	Fc1cc(-c2cc(OC3COC3)cc(-c3cc4ccccc4s3)c2)ccc1C1CCCNC1	0.011025
rxn:5:181540:226955:227815	CCC(C)c1ccccc1-c1ccc(-c2ccc(C)c3cccnc23)c(C2COC2)c1	0.011016
rxn:5:182009:222990:228005	CSc1cc(C)c(-c2ccc(-c3ccc(N4CCC(O)CC4)cc3)c(C3CCOCC3)c2)cc1C	0.011010
rxn:5:198625:226946:228430	CSc1cc(F)c(-c2nccc3ccc(-c4ccc5c(c4)CCN(C)C5)cc23)c(F)c1	0.011010
rxn:5:198667:223111:228136	CC(C)c1n[nH]c2cccc(-c3cc4cccnc4cc3-c3ccc(OC4CC4)nc3)c12	0.011006
rxn:5:198684:227644:228846	Cc1cc(-c2c(-c3ccc(-c4cscn4)nc3)ccc3ncccc23)cc(F)c1F	0.011004
rxn:5:198684:228431:223323	CSc1c(F)cc(F)cc1-c1ccc2ncccc2c1-c1cc2[nH]ncc2cc1C	0.011002
rxn:5:176994:227670:228400	COc1c(-c2ccc(-c3cc(F)cc(C(C)(F)F)c3)cc2OCC2CC2)ccc(F)c1F	0.011001
rxn:5:181276:225491:228239	CCc1cc(-c2cc(F)ccc2-c2ccccc2)ccc1-c1cc(C)c(OC)nc1C	0.011001
rxn:5:198413:226376:227381	c1ccc(-c2ncc(-c3ccc4c(-c5cnc(C6CCCC6)nc5)noc4c3)cn2)cc1	0.010999
rxn:5:191557:225417:223248	CCOc1ccc2ccccc2c1-c1ccc(OC)c(C#N)c1-c1cnc2[nH]c(=O)ccc2c1	0.010998
rxn:5:182896:227701:226063	COC(=O)c1cc(-c2ccc(-c3ccccc3-c3ccccc3)c3c2CCC3)c(F)cn1	0.010998
rxn:5:199102:228133:227086	Cc1c(-c2ccnc(C3CCCC3)c2)cc(-c2ccc(F)c(CC#N)c2)c2cccnc12	0.010997
rxn:5:198420:227716:227021	N#CC1(c2ccc(-c3c(-c4cccc(F)c4OC(F)F)cnc4ccsc34)cc2)CC1	0.010997
rxn:5:192954:226590:223383	COc1ccc(-c2cnc(-c3ccc(OC4CCOC4)nc3)cc2-c2ccc(NC(C)=O)nc2)cc1	0.010991
rxn:5:194246:228268:229298	COC(=O)c1nc2ccccc2c(-c2cnccn2)c1-c1ccc(C)c(F)c1SC	0.010990
rxn:5:199094:223140:225803	Cc1cccc2c(-c3ccnc(OC4CCOCC4)c3)c(-c3ccnc(C4CCCNC4)c3)cnc12	0.010990
rxn:5:176585:225880:228669	CCOC(=O)c1cc(-c2cc(C3CCOCC3)ncc2F)ccc1-c1cnc2ccoc2c1	0.010989
rxn:5:192430:227816:223440	CCCc1ccc(-c2ccc(Oc3ccccc3-c3ccc(C4CC4)[nH]3)nc2)c(C)c1	0.010983
rxn:5:197421:228320:228603	COC(=O)c1cc(-c2cc3ccnc(-c4cccc(C(C)=O)c4)c3cc2OC)ccn1	0.010983
rxn:5:198440:227075:228141	CCCc1cc(F)c(-c2nsc3cccc(-c4cc(OC)cc(C(C)C)c4)c23)cn1	0.010981
rxn:5:179399:225986:225590	COC(=O)c1cc(C)c(-c2ccccc2N2CCCS2(=O)=O)c(-c2ccc(CN3CCCC3)c(F)c2)c1	0.010981
rxn:5:199089:228182:226794	Cc1cc(-c2cccc(CC(F)F)c2)cc2c(-c3cnc(N4CCSCC4)nc3)ccnc12	0.010981
rxn:5:196331:228669:227278	N#CC1(c2ccc(-c3ccc(-c4cccc(-c5cnc6ccoc6c5)n4)cc3)cn2)CC1	0.010976
rxn:5:180203:227928:226366	CCOc1cc(-c2cc(OC3CCOCC3)cc(-c3ccnc(N4CCCCC4)c3)c2)ccc1C	0.010975
rxn:5:177282:225821:228578	CC(C)OCc1ccc(-c2ccc(C3CC3)c(C(F)(F)F)c2)c(-c2ccc(C3CC3)nc2)c1	0.010966
rxn:5:198686:226318:228346	COC(=O)c1cc(-c2cc(-c3cc(C4CC4)nc(N(C)C)c3)cc3ncccc23)c(C)s1	0.010963
rxn:5:182892:226580:225817	CN(C)C(=O)c1ccc(F)c(-c2ccc3c(c2)CCC3c2ccc(C(F)(F)F)c(C3CC3)c2)c1	0.010961
rxn:5:181577:227654:225645	Cc1ccn(-c2ccc(-c3cc(C(C)C)ccc3-c3ccc(C4OCCO4)nc3)c(C)c2)n1	0.010959
rxn:5:194238:228721:228037	COC(=O)c1cc2cc(-c3ccnn3C(C)(C)C)ccc2nc1-c1cccc2cn(C)nc12	0.010958
rxn:5:198638:228675:227817	CC(C)Cc1ccccc1-c1ccc2ccc(-c3cccc4scnc34)cc2n1	0.010956
rxn:5:181430:223416:225610	CSc1ccc(-c2c[nH]c3ncccc23)c(-c2ccn(C(=O)c3ccccc3)c2)c1C	0.010952
rxn:5:196676:226189:227529	COC(=O)c1ccc(-c2cc(-c3ccc(C4CCCC4)c(F)c3)cc(N3CCCC3)c2)c(F)c1	0.010950
rxn:5:197213:227039:223144	COc1c(-c2ccc(N3CCC(O)C3)cc2)cc(-c2ccc(OC(C)(C)C)cc2)c2[nH]ccc12	0.010947
rxn:5:195918:229267:226933	Cc1nc(-c2ncsc2-c2cccc(-c3cnc4ccccc4c3C)c2)sc1C	0.010940
rxn:5:194248:228593:223323	COC(=O)c1ccc2cc(-c3cc4[nH]ncc4cc3C)cc(-c3ccncc3C3CC3)c2n1	0.010938
rxn:5:181202:225818:228876	CC(=O)c1cc(-c2cnn(C3CC3F)c2)ccc1-c1ccc(C(F)(F)F)cc1C1CC1	0.010937
rxn:5:197427:228062:227590	COc1ccc2c(-c3cncc4c3CCCO4)c(-c3ccc(CC(F)(F)F)cc3)cnc2c1	0.010934
rxn:5:196349:227067:228747	COc1ccc(-c2cc(-c3c(F)cccc3C#N)c(-c3ccccc3)cn2)c(C2CC2)c1	0.010932
rxn:5:198646:228805:227674	COc1c(-c2ccc3nccc(-c4cccc(SC)c4F)c3c2)cc(C)c(F)c1F	0.010931
rxn:5:177001:227810:227704	CCOc1c(-c2ccc(C(C)CC)cc2)ccc(OC)c1-c1cc(C(F)F)ncc1OC	0.010929
rxn:5:197491:227655:228477	CCc1c[nH]c2cc(-c3cnccc3C(F)(F)F)c(-c3cc(F)c(F)c(N(C)C)c3)cc12	0.010925
rxn:5:191515:225420:228617	CCOc1c(-c2cnc(C(=O)OC)cc2-c2c(C)cccc2OC)ccc2ccccc12	0.010924
rxn:5:176852:226772:226324	COC(=O)c1cc(F)c(-c2cc(C(=O)OC)cc(-c3cccnc3OC3CCCC3)c2OC)c(F)c1	0.010922
rxn:5:199105:229160:228520	CSc1ncc(-c2ccc3cc(-c4cc(C)c(C)cc4C)nc(C)c3c2)cn1	0.010918
rxn:5:198559:225646:223208	COc1ccc2[nH]c(C3=NS(=O)(=O)c4ccc(-c5ccc(-n6cnc(C)c6)cc5C)cc43)cc2c1	0.010913
rxn:5:182898:225500:228190	Cc1cc(N(C)C)ncc1-c1cc(-c2ccccc2-c2ccc(F)cc2)cc2c1CCC2	0.010909
rxn:5:198437:227119:223391	c1ccc2[nH]c(-c3ccnc4c(-c5cc(C6CCCCC6)cs5)csc34)cc2c1	0.010909
rxn:5:198919:227810:227069	CCC(C)c1ccc(-c2cc3cc(-c4ccc(OC)cc4C(C)C)cc(C)c3[nH]2)cc1	0.010905
rxn:5:181421:227669:226842	COc1cc(-c2cncc(C(=O)C(F)(F)F)c2)cc(C)c1-c1cc(C)c(F)c(OC)c1F	0.010903
rxn:5:196920:223400:223394	CNCc1cccc(-c2cc(-c3cccc4cc[nH]c34)ccc2-n2c(C)ccc2C)c1	0.010902
rxn:5:199271:228371:226415	Cc1cc(-c2ccc(F)c(C#N)c2F)c2ccc(-c3ccccc3N3CCOCC3)c(C)c2n1	0.010900
rxn:5:198622:227337:223296	Cc1ccc2cc(-c3ccnc4cc(-c5cc(F)ccc5OC(C)C)ccc34)[nH]c2c1	0.010898
rxn:5:180021:226760:227907	CCC(C)c1cncc(-c2cc(C3OCCO3)cc(-c3cc(F)c(F)c(C(=O)OC)c3)c2OC)c1	0.010898
rxn:5:198623:225941:229018	Cc1ccnc(C)c1-c1nc2c(C)cc(-c3cnc(C4CC4)c(C(F)(F)F)c3)cc2s1	0.010891
rxn:5:176996:226742:227307	Cc1ccc(-c2cc(OCC3CC3)cc(-c3ccc(C#N)cc3C(F)(F)F)c2)c(OC(C)C)n1	0.010875
rxn:5:181424:227563:228212	COc1c(C)ccc(-c2ccc(-n3cccc3)s2)c1-c1cccc(CC(F)(F)F)c1	0.010868
rxn:5:179758:229132:223324	Cc1cc(-c2cc(-c3ccc(F)c(F)c3)ccc2Oc2ccccc2)cc2[nH]ncc12	0.010867
rxn:5:182850:223316:227321	COc1c(-c2c(-c3ccc4[nH]nc(C)c4c3)c(C)cc3sccc23)cncc1C1CC1	0.010866
rxn:5:180662:226903:223397	COC(=O)C1=Cc2cc(-c3ccc4c(c3)CCN4)cc(-c3c(C)ccc4ccccc34)c2OC1	0.010863
rxn:5:189908:227491:228625	CCc1ccc(-c2ncc(-c3cnc(OC4CCC4)nc3)cc2OCC2CCCCC2)c(F)c1	0.010861
rxn:5:199278:227395:228970	CN1C(=O)CCc2cc(-c3ccc(-c4ncco4)cc3)cc(-c3ccc(C(F)(F)F)s3)c21	0.010861
rxn:5:182899:225682:228233	CC(=O)c1cc(C)c(-c2ccc3c(c2-c2cccc(-c4ccc(F)cn4)c2)CCC3)cn1	0.010854
rxn:5:181208:226183:225469	CC(=O)c1ccc(-c2cnccc2C2CCCCC2)cc1-c1ccc(N2CCCC(C)C2)cc1	0.010849
rxn:5:198527:223061:226927	Cc1c(C)c(C)c(-c2c[nH]c3cc(-c4cc(C5CCNCC5)ncc4F)ccc23)c(C)c1C	0.010840
rxn:5:198625:228074:228665	Fc1cccc2cc(-c3ccc4ccnc(-c5ccc6ncoc6c5)c4c3)sc12	0.010838
rxn:5:196241:227032:226761	CSc1ccc(-c2cc(C3CCC3)ncc2-c2cccc(C#N)c2C2CC2)c(C(F)(F)F)c1	0.010829
rxn:5:179554:228323:226218	CCOc1nccc(-c2cc(OC)c(CC)c(-c3c(F)ccc4ccc(C)nc34)c2)c1F	0.010829
rxn:5:195904:223269:227556	COc1cc(-c2cccc(-c3csc(-c4ccc(NC(C)=O)c(F)c4)n3)c2)cc(OC)c1F	0.010828
rxn:5:182737:226184:227963	Cc1ccc(-c2ccc(-c3cc4c(cc3-c3ccnc(C(C)(C)C)c3)CCO4)s2)cc1	0.010826
rxn:5:194240:228401:228327	COC(=O)c1cc2ccc(-c3c(F)ccc(F)c3OC)cc2nc1-c1cnc(OC)c(OC)c1	0.010819
rxn:5:197418:228578:226320	COc1cc(-c2cc(C3(C#N)CC3)ccc2F)c2cc(-c3ccc(C4CC4)nc3)ccc2n1	0.010815
rxn:5:191511:227186:226932	COC(=O)c1c(-c2ccc3cccnc3c2F)ccnc1-c1cnc2ccc(C)cc2c1	0.010813
rxn:5:192083:226931:227939	COC(C)c1ccccc1-c1cc(C2(C#N)CC2)ccc1-c1c(C)ccc2ncccc12	0.010810
rxn:5:179399:225578:223410	CCc1ccc(-n2cc(-c3c(C)cc(C(=O)OC)cc3-c3c[nH]c4cnccc34)cn2)cc1	0.010808
rxn:5:195925:227911:228031	CCc1ccc(-c2ncc(-c3ccccc3-c3ccc4nn(C)cc4c3)s2)cc1C#N	0.010805
rxn:5:183190:226664:226183	CC1(C)Cc2c(cc(-c3cnccc3C3CCCCC3)cc2-c2cc(N3CCCC3)ncc2F)C1=O	0.010800
rxn:5:179195:227993:225937	CCC(=O)c1ccc(-c2c(C)ccc(OC)c2C)c(-c2cc(C(F)(F)F)ncc2C(C)C)c1	0.010800
rxn:5:193332:225706:223398	CNCc1ccc(-c2ccc(CN3CCOCC3)c(-c3cc4ncn(C(C)C)c4cc3F)c2)cc1	0.010798
rxn:5:191518:223112:227404	COC(=O)c1cc(-c2cc(N3CCCCC3)cs2)nc(-c2c(C(C)C)ccc3[nH]ncc23)c1	0.010797
rxn:5:198754:228179:225684	COCc1cc(F)cc(-c2cc3cnccc3cc2-c2ccc(C3CCOCC3)nc2C)c1	0.010793
rxn:5:181411:226393:226449	CC1(c2ccccc2-c2ccc(C3CC3)c(-c3cccnc3-c3cccnc3)c2)OCCO1	0.010790
rxn:5:193468:223345:227873	Cc1ccc2scc(-c3cccc(-c4cccc5c4NC(=O)C5)c3C(=O)N3CCC[C@@H]3C)c2c1	0.010790
rxn:5:181423:227357:227952	CCC(=O)c1cc(-c2cc(C)c(-c3cc(C)c(C#N)cc3C)c(SC)c2)ccc1F	0.010788
rxn:5:193681:223288:225597	CNS(=O)(=O)c1cccc(-c2ccc(-c3ccc(OC4CCCCC4)nc3)c(OC3CCN(C)CC3)c2)c1	0.010785
rxn:5:198414:227556:227738	COc1cc(-c2csc3ccnc(-c4cc(C(F)(F)F)ncc4C)c23)cc(OC)c1F	0.010776
rxn:5:176864:227072:225583	COC(=O)c1cc(-c2ccc(C3CC3)cc2OC)cc(-c2cccc(C(=O)N3CCCC3)c2)c1OC	0.010772
rxn:5:179396:225597:223113	CC1(C)C(=O)Nc2ccc(-c3cc(-c4ccc(OC5CCCCC5)nc4)ccc3C(=O)C3CC3)cc21	0.010770
rxn:5:196971:227517:225594	Fc1ccc(-c2cc(-c3ccc(OC4COC4)nc3)ncc2C2CCCCC2)c(CN2CCCC2)c1	0.010764
rxn:5:198620:226926:227437	Cc1cc(C(C)(C)C)ccc1-c1ccc2nccc(-c3ccnc(C4CCCO4)c3)c2c1	0.010763
rxn:5:189321:227322:226771	COC(=O)c1cc(F)c(F)cc1-c1ccc(-c2cncc(C(C)C)c2OC)nc1C(=O)OC(C)(C)C	0.010763
rxn:5:181427:227909:225824	CCC(C)c1cc(-c2cc(-c3cc(C4CC4)cc(C(F)(F)F)c3)cc(SC)c2C)ccn1	0.010760
rxn:5:195526:226193:227912	CCc1nc(-c2ccc(C(C)OC)cc2)ccc1-c1cc(-c2ccc(C)cc2)cs1	0.010755
rxn:5:197431:226843:227858	COc1ccc2cc(-c3ccc(C(=O)C(F)(F)F)nc3)c(-c3cccc4c3CN(C)C4)nc2c1	0.010753
rxn:5:182850:227091:228379	Cc1cc2sccc2c(-c2cc(F)c(F)cc2C#N)c1-c1cncc(C2CCCC2)c1	0.010746
rxn:5:188078:227633:226968	CCOC(=O)c1nc(-c2ccc(-c3ncccn3)s2)sc1-c1ccc2c(c1)OC(C)(C)C2	0.010746
rxn:5:177274:227910:228268	CCC(C)c1ccc(-c2ccc(COC(C)C)c(-c3ccc(C)c(F)c3SC)c2)cn1	0.010744
rxn:5:198447:226752:222982	COc1c(-c2ccc3nsc(-c4ccc(CN5CC[C@@H](O)C5)cc4)c3c2)cccc1C(F)(F)F	0.010739
rxn:5:192236:225437:225932	COc1cc(-c2ccc(N(C)C)c(C(F)(F)F)c2)c(S(N)(=O)=O)cc1-c1cccc(CN2CCCCC2)c1	0.010735
rxn:5:198665:228200:226657	Cc1cc(-c2ccc3cc(-c4ccnn4C4CCCC4)ncc3c2)ccc1-c1ncon1	0.010735
rxn:5:188383:227689:225605	CCOC(=O)c1cc(-c2cc(C)cnc2OC2CCCC2)cnc1-c1ccc(CC(F)(F)F)nc1	0.010734
rxn:5:195918:226575:228231	CN(C)C(=O)c1ccc(-c2ncsc2-c2cccc(-c3ccc(N(C)C)cc3F)c2)cc1F	0.010730
rxn:5:196346:228597:227999	Cc1cccc(C#N)c1-c1nc(-c2ccccc2-c2ccc(C(C)C)cc2F)sc1C	0.010725
rxn:5:177277:227736:227671	Cc1cccc(C(F)(F)F)c1-c1cc(OCC(C)C)cc(-c2cc(C(F)(F)F)cnc2C)c1	0.010721
rxn:5:179839:226330:228821	COc1c(C(C)=O)cc(-c2ccc(C)c(F)c2F)c(C)c1-c1ccc(C(C)N2CCCC2)s1	0.010717
rxn:5:198916:228338:225634	Cc1cc(-c2ccc(-c3cnc(OC4CCC4)s3)c3[nH]cc(C)c23)cnc1N1CCCCC1	0.010717
rxn:5:192648:228269:229140	COc1cc(-c2ccccc2C(=O)c2ccc(-c3cccc(F)c3F)nc2)c(F)cc1C	0.010716
rxn:5:177278:227355:228792	CCOc1ccc(C)c(F)c1-c1cccc(OCC(C)C)c1-c1ccc(SC)c(F)c1	0.010714
rxn:5:193542:227512:223204	COC(=O)c1cc(-c2cccc(CN3CCCCC3)c2-c2cc3cc(C#N)ccc3[nH]2)c(C)cn1	0.010708
rxn:5:197415:228885:225438	COc1ccc2ncc(-c3cnc(C#N)c(F)c3)c(-c3ccc(C(C)N4CCCC4)cc3)c2c1	0.010704
rxn:5:181854:226131:228061	Cc1noc2cccc(-c3ccc(C(C)(C)C)cc3-c3ccccc3CN3CCCC3)c12	0.010704
rxn:5:181277:226343:226171	CCc1ccc(-c2ccc(OC3CCOC3)cc2)c(-c2ccccc2-c2ccccn2)c1	0.010704
rxn:5:177086:228321:227619	CCCCc1ccc(-c2cc(-n3cc(C)cn3)cs2)c(-c2cncc(C(=O)OC)c2)c1	0.010703
rxn:5:196097:226198:228140	CCCn1ncc2cc(-c3ccc(N(C)C)c(-c4ccc(C(C)N(C)C)s4)c3)ccc21	0.010700
rxn:5:181853:226732:223300	Cc1c[nH]c2ccc(-c3cc(C(C)(C)C)ccc3-c3ccc(C#N)c(C(F)(F)F)c3)cc12	0.010700
rxn:5:177730:226772:227496	CCN(C)c1cc(F)c(-c2ccc(-c3c(F)cc(C(=O)OC)cc3F)cc2C(=O)OC(C)(C)C)cn1	0.010698
rxn:5:181580:227033:226370	CC(C)c1ccc(-c2ccc(-c3ccccn3)nc2)cc1-c1ccc(C2CC2)c(C#N)c1	0.010695
rxn:5:196667:227875:226396	c1cnnc(-c2ccccc2-c2nccc(C3CCCC3)c2-c2cccc3c2CCCO3)c1	0.010692
rxn:5:178225:223289:225637	CNS(=O)(=O)c1ccccc1-c1cccc(OCC2CCCCC2)c1-c1ccccc1N1CCN(C)CC1	0.010687
rxn:5:192488:227398:227382	CN(C)Cc1ccc(-c2ccnn2-c2ccccc2)cc1-c1cccnc1-c1ccco1	0.010685
rxn:5:199067:226732:229009	Cc1c(-c2cc(C3CC3)cs2)nc(-c2ccc(C#N)c(C(F)(F)F)c2)c2ccccc12	0.010681
rxn:5:181405:225687:228549	CCCc1ccc(-c2cc(C3CC3)ccc2-c2cccnc2-c2ccc(F)cc2)cn1	0.010680
rxn:5:182503:228056:225497	Cc1ccc(-c2cccc(-c3ccc(F)cc3)c2)c(-c2cc(C)c3nccn3c2)c1	0.010675
rxn:5:177850:226847:228718	CCOc1ccc(-c2cc(C(F)(F)F)cnc2SC)c(C2OCCO2)c1-c1cc(C#N)cnc1C	0.010675
rxn:5:195652:225399:227946	Cc1cc(-c2ccccc2)cc(-c2nc(-c3ccc(C(C)(C)C)nc3)ccc2S(C)(=O)=O)c1	0.010674
rxn:5:182655:223412:226697	Fc1cc(-c2cscn2)ccc1-c1cc2cc(-c3nc4ccccc4[nH]3)ccc2s1	0.010672
rxn:5:192651:228324:223352	COc1cc(-c2ccc(C(=O)c3ccnc(-c4ccc(NC(C)C)nc4)c3)cc2)c(OC)cn1	0.010671
rxn:5:191918:227068:226862	CCc1cc(C#N)c(-c2cccc(OC(F)(F)F)c2F)c(-c2ccc(CC(C)C)cc2F)c1	0.010668
rxn:5:194149:225985:228858	COC(=O)c1c(-c2ccc3nonc3c2)c(-c2cccc(N3CCCS3(=O)=O)c2)cc2cc[nH]c12	0.010667
rxn:5:178975:223205:227145	CCOc1ccc(-c2cc3c(C#N)cccc3[nH]2)cc1-c1cc2c(OC)cccc2s1	0.010662
rxn:5:181745:226371:229131	Cc1cc(N2CCCC2)ncc1-c1ccc(-c2ccccc2)cc1-c1ccc(F)cc1F	0.010659
rxn:5:188385:226066:228682	CCCc1ncncc1-c1ncc(-c2ccc(-c3ccccc3)cc2)cc1C(=O)OCC	0.010658
rxn:5:189320:223324:228563	Cc1cc(-c2cc(C(=O)OC(C)(C)C)cnc2-c2cc(CC(C)C)cs2)cc2[nH]ncc12	0.010657
rxn:5:189139:223294:227977	COc1cc(C)c(-c2cnc(OCc3ccccc3)c(-c3csc(N4CCNCC4)n3)c2)cc1C	0.010657
rxn:5:197650:229062:226438	Cn1c(C#N)ccc1-c1cccc2c(-c3cnc(C4CCCC4)cc3F)cc(C3CC3)nc12	0.010653
rxn:5:199064:228403:227851	COc1c(F)ccc(-c2ccc3c(-c4cccc5ccncc45)cc(C)nc3c2)c1F	0.010652
rxn:5:199061:226447:227904	CCN(C)c1ccc(-c2nccc3c(-c4ccnc(C5CCOCC5)c4)c(C)ccc23)cc1	0.010652
rxn:5:196419:226924:228541	Cc1cc(-c2cccnc2-c2ccc(-c3ccc4c(c3)COC4)cc2)c(C)c(C2CC2)c1	0.010651
rxn:5:195921:225650:229124	Cc1ccccc1-c1ncc(-c2c(-c3ccoc3)ccnc2-c2cnc(C)c(F)c2)cn1	0.010651
rxn:5:197415:227939:226211	COc1ccc2ncc(-c3ccccc3C(C)OC)c(-c3ccc4c(c3)CCN4C(C)=O)c2c1	0.010649
rxn:5:196352:229057:225603	N#CC1(c2cccc(-c3ccccc3-c3ncccc3-c3cnn(C4CC4)c3)c2F)CCC1	0.010642
rxn:5:178848:225836:227903	CCN(C)c1cccc(-c2cccc(-c3cnc(-c4ccccc4F)nc3)c2C(=O)OC)c1	0.010635
rxn:5:179196:225611:226752	COc1cc(N2CCCC2)ccc1-c1cc(OC)c(-c2cccc(C(F)(F)F)c2OC)c(OC)c1	0.010632
rxn:5:179541:227907:227195	CCC(C)c1cncc(-c2cc(OC(C)C)cc(-c3cc(F)cc4ccncc34)c2)c1	0.010630
rxn:5:176766:228019:225437	CCOCc1ccc(-c2cccc(CN3CCCCC3)c2)cc1-c1cc(C(C)=O)ccc1C	0.010627
rxn:5:182897:226948:226920	Cc1cc(-c2ccc3c(c2-c2cc(C(C)(C)C)ccc2C)CCC3)c2ccccc2n1	0.010625
rxn:5:189244:228387:225486	COc1cc(=O)n(C)cc1-c1ccc(-c2ccc(F)c(-c3ccccc3)c2)c(CCN(C)C)c1	0.010620
rxn:5:180402:227718:229056	CC(C)n1nccc1-c1cc(-c2ccc(OC(F)F)cc2F)ccc1C(=O)C1CCCCC1	0.010619
rxn:5:196350:227136:223391	CCn1ccc2cc(-c3ccnc(-c4cccc(-c5cc6ccccc6[nH]5)c4)c3)cnc21	0.010617
rxn:5:183065:228282:227168	CC(F)(F)c1ccccc1-c1cc2c(cc1-c1cc(F)cc3cccnc13)CCCC2=O	0.010615
rxn:5:195791:225463:227284	Cc1ccccc1-c1cncc(-c2cnc(C3CC3)cc2-c2cc(C#N)ncc2C2CC2)c1	0.010615
rxn:5:181738:228637:227907	CCC(C)c1cncc(-c2ccc(-c3ccc(C)o3)c(-c3cc(C)c(F)cc3C)c2)c1	0.010614
rxn:5:198451:228536:226757	Cc1cc(-c2ccc(-c3cccc4ccoc34)c3cnoc23)ccc1OC(F)(F)F	0.010614
rxn:5:182821:228055:226809	Cn1c(-c2cccc3ccc(-c4cc(-c5ncon5)ccc4F)cc23)nc2ccccc21	0.010611
rxn:5:191556:225933:227717	COc1cc(-c2cc(C3CC3)nc(C(F)(F)F)c2)c(-c2ccc(F)cc2OC(F)F)cc1C#N	0.010607
rxn:5:199169:225398:227654	Cc1ccc(-c2ccc(-c3ccc4c(c3-c3ccc(C5OCCO5)nc3)CCN4C)cc2)cc1	0.010599
rxn:5:178117:225799:228826	Cc1cc(-c2ccc(-c3cncc(OC4CCOCC4)c3)cc2OCC2CCOCC2)c(F)cc1F	0.010597
rxn:5:195450:227519:227138	COC(=O)c1cc(C)c(-c2c(C(C)=O)ccnc2-c2cc3ccc(C#N)cc3s2)cn1	0.010595
rxn:5:178122:227285:228756	CSc1ccc(-c2cc(-c3cc(C#N)cnc3C3CC3)ccc2COC2CCCCO2)c(C)n1	0.010593
rxn:5:197407:223439:227077	CCC(C)c1ccc(-c2cc(OC)c3nccc(-c4cc(C(F)(F)F)[nH]n4)c3c2)c(F)c1	0.010592
rxn:5:199064:229026:227142	COc1ccc2sc(-c3cc(C)nc4cc(-c5cc(C)ncc5C)ccc34)cc2c1	0.010591
rxn:5:199068:228609:226182	COc1cc(-c2c(C)nc(-c3cccnc3C3CCCCC3)c3ccccc23)ccc1C	0.010590
rxn:5:198921:226187:227021	Cn1cc(-c2cccc(C3CCOCC3)c2)c2c(-c3ccc(C4(C#N)CC4)cc3)cccc21	0.010590
rxn:5:195320:226161:225808	COc1ccc(-c2cc(OC3CCCC3)ncc2F)c(-c2cnccc2-c2ccccc2)n1	0.010586
rxn:5:197419:228078:226320	COc1ccc(-c2ccc3c(c2)COC3=O)c2nc(-c3cc(C4(C#N)CC4)ccc3F)ccc12	0.010583
rxn:5:198416:227530:227115	COC(=O)c1ccc(F)c(-c2cnc(-c3cc(C)c(C4CC4)cc3F)c3ccsc23)c1	0.010582
rxn:5:182708:226467:229077	CSc1ccc(-c2c(-c3cc(F)c4ncccc4c3F)ccc3c2C(=O)OC3)cn1	0.010580
rxn:5:181581:225403:228712	Cc1ccc(-c2ccccc2)c(-c2cc(-c3ccnn3C3CCC3)cc(C(C)C)c2)c1	0.010573
rxn:5:199086:229267:225498	Cc1cc(-c2nc(C)c(C)s2)c2ccc(-c3cc(C4CCCCC4)ccc3F)cc2n1	0.010571
rxn:5:197077:228255:227297	COc1c(-c2ccc3c(-c4cc(CN(C)C)ccc4F)c(C#N)sc3c2)ccc(C)c1F	0.010570
rxn:5:193465:228324:226460	COc1cc(-c2c(C(=O)N3CCC[C@@H]3C)cccc2-c2ccnc3ccc(OC)nc23)c(OC)cn1	0.010562
rxn:5:199104:227061:226729	Cc1ccc(OC(C)C)cc1-c1ccc2c(C)nc(-c3cnc(OC4CCOC4)nc3)cc2c1	0.010557
rxn:5:198418:227532:226941	CCOc1ccc(-c2cccc3c(-c4cccc5cnc(C)cc45)noc23)c(F)c1F	0.010556
rxn:5:189130:229336:223090	FC(F)(F)c1n[nH]c2ccc(-c3ccc(OCc4ccccc4)c(-c4cncs4)n3)cc12	0.010553
rxn:5:191556:227836:225853	COc1cc(-c2ccc(C)cc2C2CC2)c(-c2ccc(-n3ccnc3C)cc2F)cc1C#N	0.010551
rxn:5:193229:226644:226410	O=C(c1cccc(-c2cncc(N3CCOCC3)c2)c1-c1cccnc1-c1ccncc1)N1CCOCC1	0.010550
rxn:5:194359:228191:227207	CCCc1cc(-c2cccc3c2OCCC3=O)c2cc(-c3cnc(N(C)C)c(C)c3)ccc2n1	0.010548
rxn:5:188381:226371:225938	CCOC(=O)c1ccc(-c2cnc(N3CCCC3)cc2C)nc1-c1cc(C(F)(F)F)ncc1C1CC1	0.010539
rxn:5:181743:228572:226664	Cc1ccc(-c2ccc(-c3cc(N4CCCC4)ncc3F)cc2-c2ccccc2)cc1C#N	0.010537
rxn:5:179840:226747:228279	CCc1cc(F)c(-c2cc(O[C@@H]3CCOC3)ccc2-c2cnc(CC)c(C(F)(F)F)c2)c(F)c1	0.010536
rxn:5:182649:226734:226841	COc1cc(-c2ccc(-c3cccc(S(=O)(=O)N(C)C)c3)c3sccc23)cnc1C(F)(F)F	0.010536
rxn:5:198630:228371:227758	N#Cc1c(F)ccc(-c2ccc3cc(-c4cc(F)ccc4C(F)(F)F)cnc3c2)c1F	0.010536
rxn:5:198620:228126:226156	COc1ccc(-c2ccc3nccc(-c4ccc(-c5ccccc5)nc4)c3c2)c(C#N)c1	0.010527
rxn:5:198448:227521:226593	COC(=O)c1cnc(C)c(-c2cc(-c3c(F)ccc(OC(C)C)c3F)cc3sncc23)c1	0.010526
rxn:5:183065:226850:225439	COc1cc(-c2cc3c(cc2-c2cccc(C(C)N4CCCC4)c2)CCCC3=O)cc(C(F)(F)F)n1	0.010523
rxn:5:199300:223206:223213	Cc1ccc2[nH]nc(C)c2c1-c1ccc(-c2cc3ccc(C#N)cc3[nH]2)c2c1CCCN2C	0.010515
rxn:5:195918:226415:228115	CC(C)Oc1ccc(-c2cccc(-c3scnc3-c3ccccc3N3CCOCC3)c2)cn1	0.010510
rxn:5:179200:227545:227397	CCOc1ccc(F)c(-c2c(OC)cc(OC)cc2-c2ccnc(-c3ccco3)c2)c1F	0.010509
rxn:5:191332:225406:227432	Cc1ccc(-c2cccc(-c3ccc(CC#N)cc3-c3ccc(C4COC4)nc3C)c2)cc1	0.010504
rxn:5:198447:226204:229238	COc1nc2ccccc2cc1-c1ccc2nsc(-c3ccsc3SC)c2c1	0.010503
rxn:5:192082:226842:226345	COC(=O)c1cc(-c2cc(-c3cncc(C(=O)C(F)(F)F)c3)cnc2OC2COC2)c(C)cc1C	0.010501
rxn:5:188515:223208:226915	CCCOc1nccc(-c2cc3cc(OC)ccc3[nH]2)c1-c1ccc(C2CCCC2)cc1	0.010497
rxn:5:193231:223142:223336	O=C(c1ccc(-c2ccc(C3CCCNC3)nc2)cc1-c1ccc2[nH]ccc2c1F)N1CCSCC1	0.010496
rxn:5:197125:225884:229077	COc1cc(-c2ccc(SC)nc2)c2nc(-c3ccc(C4COCCO4)c(F)c3)sc2c1	0.010495
rxn:5:182845:225847:227838	Cc1ccc(C2CC2)c(-c2ccc(-c3cnn(-c4ccc(F)cc4C)c3)c3c2C(=O)CC3)c1	0.010492
rxn:5:180202:227080:227356	CCOc1cc(F)c(C)cc1-c1cc(-c2cccc(N3CCCC3)c2)ccc1OC1CCOCC1	0.010492
rxn:5:199062:227420:227654	Cc1c(-c2ccc(C3OCCO3)nc2)ccc2c(-c3cccc(-c4ncco4)c3)ccnc12	0.010491
rxn:5:198661:227808:228344	FC(F)Sc1ccc(-c2cccc3c(-c4ccc5c(c4)CCCC5)nccc23)cc1	0.010490
rxn:5:197526:226449:226388	CC(=O)N1CC(=O)c2c1ccc(-c1ccccc1C1(C)OCCO1)c2-c1ccccc1-c1ccncn1	0.010489
rxn:5:176757:227972:227418	CCCOc1ccc(-c2ccc(-c3ccco3)nc2)c(-c2cncc(C3CCC3)c2)c1	0.010488
rxn:5:198677:228777:225847	COc1ccc(-c2cc3ccccc3c(-c3cnn(-c4ccc(F)cc4C)c3)n2)c(F)c1	0.010485
rxn:5:198670:227442:227496	CCN(C)c1cc(F)c(-c2cccc3c(-c4cncc(-c5ccoc5)c4)cncc23)cn1	0.010484
rxn:5:189449:226069:227900	COC1CN(C(=O)c2cc(-c3ccccc3C(C)C#N)ccc2-c2cccc(C3CCCCC3)c2)C1	0.010484
rxn:5:179202:223205:227091	COc1c(SC)cc(-c2cc3c(C#N)cccc3[nH]2)cc1-c1cncc(C2CCCC2)c1	0.010476
rxn:5:179753:228689:223408	CCOc1ccncc1-c1ccc(Sc2ccc(-c3cccc4cn[nH]c34)cc2)cc1	0.010474
rxn:5:179400:228229:226199	CC(C)n1ncc2cc(-c3ccc(C(=O)C4CC4)cc3-c3ccn(C4CC4)c(=O)c3)ccc21	0.010472
rxn:5:178987:227855:226611	CCOc1cccc(-c2cc(C(F)(F)F)ccc2CC)c1-c1cc2ccccc2n1C	0.010460
rxn:5:191553:225667:226733	COc1cc(-c2ccc(S(=O)(=O)N(C)C)cc2)c(-c2ccnc(-c3ccc(F)cc3)c2)cc1C#N	0.010458
rxn:5:189335:226331:226856	COc1cnc(C(F)(F)F)cc1-c1c(OC)cc(C(=O)N(C)C)cc1-c1ccc(C2(C#N)CC2)cc1F	0.010457
rxn:5:189323:228933:227756	COc1cc(F)c(-c2cnc(-c3c(F)cccc3C(F)(F)F)cc2C(=O)OC(C)(C)C)cn1	0.010455
rxn:5:179544:228275:226377	COc1c(F)cc(C)cc1-c1cc(CC2CC2)ccc1-c1ccc(-n2cccn2)cc1C	0.010451
rxn:5:199057:223408:223111	Cc1cc(-c2cccc3[nH]nc(C(C)C)c23)c2cc(-c3cccc4cn[nH]c34)ccc2n1	0.010449
rxn:5:180021:227969:225436	COc1c(-c2ccc(CN3CCCCC3)cc2)cc(C2OCCO2)cc1-c1ccnc(C)c1C1CC1	0.010445
rxn:5:198679:225506:228739	COc1cc(-c2ccnc3cccc(-c4ccc5c(cnn5CC(C)C)c4)c23)c(C)cn1	0.010441
rxn:5:197606:223373:225785	CCN1CCc2c1ccc(-c1c(F)ccc3[nH]ncc13)c2-c1ccc(Oc2cccnc2)nc1	0.010440
rxn:5:192169:228808:226202	CCc1nn(C)c2cc(-c3cnc(-c4cc(F)cc(SC)c4)c(OC(C)C)c3)ccc12	0.010439
rxn:5:194147:227053:229054	COCc1cc(-c2ccc(-c3cccc(OC(C)(C)C)c3)c3[nH]cc(C(=O)OC)c23)cs1	0.010433
rxn:5:198519:227722:223248	O=c1ccc2cc(-c3ccc4[nH]cc(-c5cccc(SC(F)(F)F)c5)c4c3)cnc2[nH]1	0.010433
rxn:5:177192:227093:223008	CCOC(=O)c1ccc(-c2cc(C3CCNCC3)ccc2F)c(-c2cccnc2C2CCCC2)c1C	0.010432
rxn:5:196764:228829:228275	COc1c(F)cc(C)cc1-c1cc(-c2ccc(-c3cc(F)c(C)c(F)c3)cc2C)ccn1	0.010430
rxn:5:198625:228697:225421	COCc1cc(-c2ccc3ccnc(-c4cccc5c(N(C)C)cccc45)c3c2)ccn1	0.010426
rxn:5:197420:226164:228593	COc1ccc(-c2ccc(N3CCCCC3)cc2)c2nccc(-c3ccncc3C3CC3)c12	0.010422
rxn:5:198520:226177:227733	c1cc(-c2ccc(-c3cnc(-c4cncs4)nc3)c3cc[nH]c23)cc(C2CCCCC2)n1	0.010421
rxn:5:192084:223338:226392	Cc1ccn(-c2cccc(-c3cc(-c4cc(F)cc5[nH]ccc45)ccc3C3(C#N)CC3)c2)n1	0.010421
rxn:5:181540:226810:226085	CC1(C)CCc2cc(-c3ccc(-c4cc(F)ccc4-c4ncon4)c(C4COC4)c3)ccc2O1	0.010421
rxn:5:181407:226438:226943	Cc1cc2cccc(-c3ccc(-c4cnc(C5CCCC5)cc4F)cc3C3CC3)c2cn1	0.010419
rxn:5:179536:225401:223400	CNCc1cccc(-c2cc(-c3cc(-c4ccccc4)ccc3C)ccc2OC(C)C)c1	0.010419
rxn:5:199068:227124:228975	Cc1nc(-c2cnn(C(F)(F)F)c2)c2ccccc2c1-c1ccc(C(C)(C)C)cc1F	0.010419
rxn:5:196342:228056:228242	COc1cc(F)c(C)cc1-c1cccc(-c2noc(C)c2-c2cc(C)c3nccn3c2)c1	0.010411
rxn:5:195911:228774:226408	COc1cccc(F)c1-c1cc(-c2ccc(-c3cncnc3)cc2)ccc1-c1cocn1	0.010403
rxn:5:199099:228189:228335	CCSc1ccc(F)c(-c2cccc3c(C)nc(-c4c(OC)ccnc4OC)cc23)c1	0.010401
rxn:5:191698:227168:226903	CCOc1ncc(-c2cc(F)cc3cccnc23)cc1-c1c(C)ccc2ccccc12	0.010395
rxn:5:198645:225808:227893	CN(C)Cc1cccc(-c2ccc3cc(-c4cc(OC5CCCC5)ncc4F)cnc3c2)c1	0.010392
rxn:5:182143:226685:228437	COc1c(-c2cnc(C3CCOCC3)nc2)cc(-c2ccc(C(F)F)cc2F)c2occc12	0.010391
rxn:5:181071:226453:227092	COc1cccc(-c2ccc(C3CCC3)nc2C)c1-c1cc(-c2ccccc2F)cs1	0.010386
rxn:5:196345:223068:229306	Cc1cnc(-c2nccc(-c3ccc4[nH]c(C(F)(F)F)cc4c3)c2-c2ccccc2)s1	0.010384
rxn:5:198921:226326:228616	CSc1ccc(-c2cccc3c2c(-c2cccc(C4(C#N)CC4)c2F)cn3C)c(C)c1	0.010384
rxn:5:179195:228065:226329	CCC(=O)c1ccc(-c2ccc3onc(C)c3c2)c(-c2ccc(C3(C#N)CC3)c(F)c2)c1	0.010378
rxn:5:176861:225649:228455	COC(=O)c1ccc(-c2cnc(OC)nc2OC)c(-c2ccc(-n3ccnc3C)cc2C)c1OC	0.010375
rxn:5:198646:225446:228520	Cc1cc(OC2CCCC2)cc(-c2ccnc3ccc(-c4cc(C)c(C)cc4C)cc23)c1	0.010368
rxn:5:199102:227394:228027	Cc1c(-c2ccc3cncnc3c2)cc(-c2cc(-c3ccccc3)no2)c2cccnc12	0.010367
rxn:5:179629:226063:228500	COc1ccc(-c2ccccc2-c2ccccc2)c(S(C)(=O)=O)c1-c1cnc(C(F)(F)F)nc1	0.010364
rxn:5:181630:226391:228698	CCC(=O)c1ccc(-c2c(-c3ccc(-n4ccnc4C)cc3)cccc2C2OCCO2)s1	0.010364
rxn:5:198656:228047:225636	Cc1ccc(-c2ncc(-c3ccnc(N4CCC(C)CC4)c3)c3ccccc23)c2nccn12	0.010364
rxn:5:198416:228102:227440	CC(C)Cc1ncncc1-c1cnc(-c2cccnc2-c2cccs2)c2ccsc12	0.010363
rxn:5:197492:228392:223392	CCc1c[nH]c2c(-c3ccc(C(F)(F)F)cc3)ccc(-c3ccc4[nH]ccc4c3)c12	0.010362
rxn:5:198410:226589:228839	Cc1cc(F)cc(-c2cccc3nc(-c4cc(C(F)F)ncc4C(C)C)sc23)c1F	0.010349
rxn:5:194233:228761:227845	COC(=O)c1cc(-c2cnc(C)c(OC)c2)cc2c(-c3cccc4cnccc34)ccnc12	0.010346
rxn:5:193227:227615:222958	Cc1ccc(-c2cc(C(=O)N3CCOCC3)cc(-c3cccc(-c4ncon4)c3)c2)cc1C1CCNCC1	0.010346
rxn:5:177182:227573:226371	CCOC(=O)c1cc(C)cc(-c2cnc(N3CCCC3)cc2C)c1-c1cc(F)c(F)c(OCC)c1	0.010346
rxn:5:198414:226903:228106	CCC(C)c1ncc(-c2nccc3scc(-c4c(C)ccc5ccccc45)c23)cn1	0.010346
rxn:5:180677:228569:227950	CCOc1ccc2cc(-c3ccccc3N(C)C)ccc2c1-c1cc(N(C)C)ccc1C	0.010341
rxn:5:189407:227936:227813	CCc1cccc(CC)c1-c1cc(CN(C)C2CC2)ccc1-c1cccc(SC2CC2)c1	0.010339
rxn:5:194049:228535:228690	CCOc1cncc(-c2nc3c(-c4coc5ccccc45)cc(C(=O)OC)cc3s2)c1	0.010339
rxn:5:179709:225605:222995	Cc1cnc(OC2CCCC2)c(-c2cc(-c3cccc(N4CCCC(O)C4)c3)ccc2OC2CCC2)c1	0.010336
rxn:5:199089:228663:227569	COc1ccc(F)c(OC)c1-c1ccnc2c(C)cc(-c3nc4ccccc4s3)cc12	0.010336
rxn:5:176586:227655:225435	CCOC(=O)c1cccc(-c2cc(F)c(F)c(N(C)C)c2)c1-c1ccccc1CN1CCCCC1	0.010335
rxn:5:194150:228128:227547	COC(=O)c1ccc2c(-c3ccc(OC(F)F)c(C)c3)c(-c3ccc(OC)c(C#N)c3)[nH]c2c1	0.010331
rxn:5:179191:225702:227837	COC(=O)n1c(-c2ccc(-c3cc(C)cc(C4CC4)c3)c(CC(C)=O)c2)cc2ccccc21	0.010329
rxn:5:192417:228675:223288	CNS(=O)(=O)c1cccc(-c2cc(Oc3ccc(-c4cccc5scnc45)cc3)ccn2)c1	0.010328
rxn:5:198619:227498:225922	COc1cc(-c2nccc3c(-c4cnc(N(C)C)cc4OC)cccc23)ccc1-c1ncon1	0.010327
rxn:5:179549:225591:228036	Cc1cc2nccn2cc1-c1c(OC(C)C)cccc1-c1cc(CN2CCCC2)ccc1F	0.010325
rxn:5:196678:226190:225515	CC1(C)COc2cccc(-c3cc(N4CCCC4)ccc3-c3ccc(C4CCCC4)cc3F)c2OC1	0.010321
rxn:5:189083:222992:226887	CCN(C)C(=O)c1cccc(-c2ccc(N3CCCCC3O)cc2)c1-c1ccc(F)c(C(F)(F)F)c1F	0.010316
rxn:5:177286:228939:227184	CC(C)OCc1ccc(-c2cnc3ccccc3c2F)cc1-c1c(F)cc(F)cc1F	0.010314
rxn:5:183096:226467:227021	N#CC1(c2ccc(C3CCCc4ccc(-c5cc(F)c6ncccc6c5F)cc43)cc2)CC1	0.010314
rxn:5:194235:227361:228989	COC(=O)c1cc(-c2c(C)cccc2C)c2cccc(-c3cc(OC)c(C)cc3OC)c2n1	0.010314
rxn:5:177515:228732:228556	COCc1ccc(-c2cccc(COc3ccc(-c4cccc(C#N)c4F)cc3)c2)cc1	0.010308
rxn:5:199056:226581:227413	Cc1cc(-c2cnc(C3CCC3)cc2F)c2cccc(-c3cccc(C(=O)N(C)C)c3F)c2n1	0.010308
rxn:5:195920:225792:223439	COc1ccc(-n2cc(-c3ncsc3-c3ccc(-c4cc(C(F)(F)F)[nH]n4)cc3)cn2)cc1	0.010308
rxn:5:195965:222416:226197	O=c1[nH]c2ccc(-c3cc(-c4ccc(C5CCCOC5)cc4)cc(-c4cncs4)c3)cc2[nH]1	0.010301
rxn:5:197417:226412:228239	COc1nc(C)c(-c2c(-c3cc(F)cc(N4CCCC4)c3)cnc3c(OC)cccc23)cc1C	0.010297
rxn:5:198671:227946:227629	Cc1nn(-c2ccsc2)cc1-c1cccc2nc(-c3ccc(C(C)(C)C)nc3)ccc12	0.010296
rxn:5:191698:226406:226140	CCOc1ncc(-c2ccccc2-c2cnccn2)cc1-c1cc(C(C)(C)C)ccc1OC	0.010293
rxn:5:180204:226159:227913	CC(C)Oc1ccc(-c2ccc(OC3CCOCC3)c(-c3cccc(N4CCCCC4)c3)c2)cc1	0.010293
rxn:5:178841:227418:226374	COC(=O)c1ccc(-c2ccc(-c3ccco3)nc2)c(-c2cncnc2C2CCCCC2)c1	0.010292
rxn:5:181957:228671:223321	Cc1ccc(-c2ccc(C)c3[nH]ncc23)cc1-c1ccc(-c2cccc3oncc23)cc1	0.010291
rxn:5:196565:225930:226408	Cc1ccc(S(=O)(=O)N(C)C)c(-c2cc(-c3ccc(-c4cncnc4)cc3)c(C(C)(C)C)cn2)c1	0.010289
rxn:5:182658:227340:227089	COC(=O)c1cc(-c2cc(-c3ccncc3C3CCCC3)c3ccsc3c2)ccc1C	0.010287
rxn:5:195801:226368:227638	Cn1ncc(-c2nccc(-c3cc(-c4ncccn4)cs3)c2C2CC2)c1-c1ccccc1	0.010287
rxn:5:195965:226962:228995	CCc1cncc(-c2cc(-c3cncs3)cc(-c3ccc4ccccc4c3F)c2)c1	0.010284
rxn:5:177283:226596:228745	CSc1cc(C)c(-c2ccc(COC(C)C)cc2-c2ccc(F)c(OC(C)C)c2F)cn1	0.010284
rxn:5:195908:228501:227039	Cn1ncc(-c2cnc(-c3ccc(-c4ccc(OC(C)(C)C)cc4)cc3)s2)c1C(F)(F)F	0.010279
rxn:5:182954:227707:228342	Cc1c2c(cc(-c3cccc(OC(F)F)c3)c1-c1ccccc1OC(F)(F)F)C(=O)OC2	0.010278
rxn:5:182952:227536:226760	CCOc1cc(-c2ccc(-c3cc(F)c(F)c(C(=O)OC)c3)c3c2C(=O)CCO3)c(F)cc1F	0.010275
rxn:5:197759:228792:228749	CCc1cc2ccc(-c3ccc(SC)c(F)c3)c(C)c2nc1-c1cc(C#N)ccc1F	0.010275
rxn:5:199073:223239:226191	Cc1cc2cc(-c3cncc(C4CCCN4)c3)ccc2c(-c2cc(C3CCCC3)ccc2F)n1	0.010269
rxn:5:195962:227355:227959	CCOc1ccc(C)c(F)c1-c1cccc(-c2cc(C)cnc2C2CC2)c1-c1cnco1	0.010265
rxn:5:197423:227028:225831	COc1ccc2ncc(-c3cccc(C4(C#N)CC4)c3)cc2c1-c1cnc(N2CCOCC2)c(C)c1	0.010263
rxn:5:177737:228594:227615	CCc1cc(-c2ccc(-c3cccc(-c4ncon4)c3)cc2C(=O)OC(C)(C)C)cc(C)n1	0.010262
rxn:5:177001:228335:226160	CCOc1c(-c2c(OC)ccnc2OC)ccc(OC)c1-c1cccnc1-c1ccccc1	0.010255
rxn:5:197606:225633:226757	CCN1CCc2c1ccc(-c1ccc(N3CCCCCC3)nc1)c2-c1ccc(OC(F)(F)F)c(C)c1	0.010253
rxn:5:199078:223309:226932	Cc1ccc2ncc(-c3nc(C)cc4c(-c5ccc(NC(C)C)cc5)cccc34)cc2c1	0.010245
rxn:5:180022:227729:227280	COc1c(-c2cc(C#N)ncc2C(C)C)ccc(-c2cn(-c3cscn3)nc2C)c1C1OCCO1	0.010243
rxn:5:179401:227971:228068	COc1cc(C(C)=O)cc(-c2cnccc2C(C)(C)C)c1-c1cc2cc(F)ccc2s1	0.010243
rxn:5:192077:228161:227764	CCOc1ccc(-c2cc(C(=O)OC)nc(-c3cc(F)c(C(F)F)c(F)c3)c2C)c(F)c1	0.010242
rxn:5:176853:228824:228386	COC(=O)c1cc(-c2c(F)cc(C)cc2F)c(-c2cc(-c3nccs3)cs2)cc1OC	0.010239
rxn:5:196678:225940:227049	CCOc1c(C)cc(-c2cc(N3CCCC3)ccc2-c2cc(C(F)(F)F)cnc2C2CC2)cc1C	0.010234
rxn:5:176765:226839:226608	CCOCc1ccc(-c2cc(C(F)(F)F)ncc2C#N)cc1-c1ccc(F)c(F)c1OC(C)C	0.010234
rxn:5:196676:223217:226867	O=c1[nH]ccc2cc(-c3cc(-c4c(F)cccc4OC(F)(F)F)cc(N4CCCC4)c3)ccc12	0.010233
rxn:5:197124:228752:228081	COc1ccc(-c2cc(F)ccc2C#N)c2sc(-c3csc4ccc(F)cc34)nc12	0.010233
rxn:5:196356:229232:226216	CCc1ncsc1-c1ccnc(-c2ccc(-c3cnc4ccc(OC)cc4c3)cc2)c1	0.010230
rxn:5:197127:223210:228659	COc1cccc2[nH]c(-c3cc(-c4ccc5cncn5c4)cc4sc(SC)nc34)cc12	0.010229
rxn:5:199055:226974:227542	COC(=O)c1cc(F)ccc1-c1cc(C)c2ccc(-c3ccc4c(c3)COC4(C)C)cc2n1	0.010229
rxn:5:197761:228986:227322	COc1c(-c2cc3c(C(C)C)ccc(-c4cccc(C)c4C)c3cn2)cncc1C(C)C	0.010226
rxn:5:196765:222982:227875	Cc1cc(-c2ccnc(-c3cccc4c3CCCO4)c2)ccc1-c1ccc(CN2CC[C@@H](O)C2)cc1	0.010224
rxn:5:194397:223133:226165	O=C(c1ccc(-c2ccnc(-c3ccccc3)c2)cc1-c1ccccc1N1CCNCC1)N1CC2CC2C1	0.010223
rxn:5:181072:227442:227336	CSc1cccc(-c2cncc(-c3ccoc3)c2)c1-c1ccc(F)cc1OC(C)C	0.010222
rxn:5:179406:226927:226150	COC(=O)c1cc(-c2cccc(SC3CCCC3)c2)c(C)cc1-c1c(C)c(C)c(C)c(C)c1C	0.010217
rxn:5:197124:227459:227635	COc1ccc(-c2cc3c(cnn3C)cc2F)c2sc(-c3cnc(-c4ccco4)nc3)nc12	0.010217
rxn:5:188383:227018:226360	CCOC(=O)c1cc(-c2cccc(-c3ccnn3C)c2)cnc1-c1ccc(C(C)(C)C#N)cc1	0.010211
rxn:5:179199:225799:227722	COc1cc(OC)c(-c2cccc(SC(F)(F)F)c2)cc1-c1cncc(OC2CCOCC2)c1	0.010210
rxn:5:199106:226761:229057	CSc1ccc(-c2ccc3nccc(-c4cnn(C5CC5)c4)c3c2C)c(C(F)(F)F)c1	0.010208
rxn:5:195904:229050:228052	c1cc(-c2ccc3nnccc3c2)cc(-c2csc(-c3cc4sccc4s3)n2)c1	0.010206
rxn:5:196767:228509:223139	Cc1cc(-c2ccc(-c3ccc(C4CCNCC4)nc3)nc2)ccc1-c1ccc(C(C)C)cc1	0.010200
rxn:5:179542:225986:226956	Cc1ccnc2c(-c3ccc(-c4ccccc4N4CCCS4(=O)=O)c(OC(C)C)c3)cccc12	0.010198
rxn:5:192083:228833:226418	Cc1ccc(F)c(-c2ccc(C3(C#N)CC3)cc2-c2sc(-c3ccccc3)nc2C)c1F	0.010197
rxn:5:188391:227195:228502	CCOC(=O)c1cncc(-c2cc(F)cc3ccncc23)c1-c1nn(C)cc1C(F)(F)F	0.010193
rxn:5:198648:223411:225824	FC(F)(F)c1cc(-c2cc3ccccc3nc2-c2cc3cccnc3[nH]2)cc(C2CC2)c1	0.010185
rxn:5:188255:227155:226324	COC(=O)c1cc(-c2cccnc2OC2CCCC2)c(C#N)cc1-c1cc(C)c2cnn(C)c2c1	0.010178
rxn:5:177275:223017:228361	COC(=O)c1cccc2cc(-c3cc(OCC(C)C)ccc3-c3cc(N(C)C)ncc3F)[nH]c12	0.010176
rxn:5:198450:227018:226902	Cc1c(-c2nccc3cc(-c4ccc(C(C)(C)C#N)cc4)oc23)ccc2ccccc12	0.010170
rxn:5:195959:227404:228507	CCCc1cccc(-c2ccc(-c3cnco3)cc2-c2cc(N3CCCCC3)cs2)c1	0.010170
rxn:5:192426:227203:223138	c1cc(Oc2cncc(-c3ccc4c(c3)OCCCO4)c2)cc(-c2ccnc(C3CCNCC3)c2)c1	0.010167
rxn:5:176586:223355:225479	CCOC(=O)c1cccc(-c2ccccc2C(=O)NC)c1-c1ccc(-c2ccccc2)c(F)c1	0.010164
rxn:5:198430:225635:227149	Cc1cc(C)n(-c2cccc(-c3cc(-c4c(C)ccc5c4cnn5C)cc4ncoc34)c2)n1	0.010161
rxn:5:179754:223326:223307	Cc1n[nH]c2c(-c3ccc(Oc4ccc(-c5ccc6c(c5)CCNC6)cc4)cc3)cccc12	0.010157
rxn:5:181285:225818:226594	CCc1cccc(-c2ccc(C(F)(F)F)cc2C2CC2)c1-c1c(F)cc(OC(C)C)cc1F	0.010151
rxn:5:177193:226608:227385	CCOC(=O)c1cc(C)c(-c2ccc(F)c(F)c2OC(C)C)cc1-c1cnc(C(C)(C)C)nc1C	0.010150
rxn:5:176591:227979:226668	CCOC(=O)c1cc(-c2cc(F)cc(-n3ccnc3)c2)cc(-c2c(C)cc(C)cc2OC)c1	0.010150
rxn:5:199075:227826:228031	Cc1cccc2c(-c3cccc(C(C)(C)C)c3)cnc(-c3ccc4nn(C)cc4c3)c12	0.010148
rxn:5:194270:228445:223231	CCOc1ccc2ncc(-c3c(F)cccc3C(F)F)c(-c3ccc(C(=O)NC)c(C)c3)c2c1	0.010146
rxn:5:194145:227741:227497	COC(=O)c1cc2c(-c3ccc(C(F)(F)F)nc3C)cc(-c3cnc(OC(C)C)nc3C)cc2[nH]1	0.010145
rxn:5:192427:227869:228277	COc1ccc(F)c(C)c1-c1ccc(Oc2cncc(-c3ccc4c(c3)CC(C)O4)c2)cc1	0.010143
rxn:5:197213:226323:227289	COc1c(-c2cccnc2OC(C)(C)C)cc(-c2ccc(OC3CCCC3)nc2)c2[nH]ccc12	0.010141
rxn:5:194248:222418:222982	COC(=O)c1ccc2cc(-c3ccc(CN4CC[C@@H](O)C4)cc3)cc(-c3ccc(S(N)(=O)=O)cc3)c2n1	0.010134
rxn:5:196416:227664:228097	Cc1cc(-c2ccc(-c3cccnc3)c(-c3cncc(CN(C)C)c3)c2)cc(C(F)(F)F)c1	0.010134
rxn:5:198645:227103:227282	CC(C)c1ncc(C#N)cc1-c1ccc2cc(-c3sccc3C3CCCCC3)cnc2c1	0.010131
rxn:5:176860:227330:227634	COC(=O)c1ccc(-c2ccc(OC)c(-c3cnc(-c4ccsc4)nc3)c2C(=O)OC)c(C)c1	0.010130
rxn:5:180602:227610:227749	COC(=O)C1Cc2cc(-c3cc(F)cc(C(F)(F)F)c3)cc(-c3ccn(C4CCCCO4)n3)c2O1	0.010130
rxn:5:181904:226657:228220	Cc1cc(-c2ccc(C3OCCO3)c(C)c2-c2cc(C(C)C)ncc2F)ccc1-c1ncon1	0.010129
rxn:5:199103:228499:225886	Cc1ccc2c(-c3ccc4c(ccn4S(C)(=O)=O)c3)ccc(-c3cc(C(F)(F)F)nn3C)c2n1	0.010126
rxn:5:181581:226079:223289	CNS(=O)(=O)c1ccccc1-c1cc(-c2cc3cc(C(C)C)ccc3s2)cc(C(C)C)c1	0.010122
rxn:5:195909:228584:227068	CC(C)Cc1ccc(-c2ccccc2-c2nc(-c3ccnc(C4CC4)c3)cs2)c(F)c1	0.010116
rxn:5:198650:227999:228189	CCSc1ccc(F)c(-c2cccc3ncc(-c4ccc(C(C)C)cc4F)cc23)c1	0.010108
rxn:5:188384:228407:227926	CCOC(=O)c1cnc(-c2ccc(SC(C)C)cc2)c(-c2c(OC)ccc(F)c2F)c1	0.010104
rxn:5:177276:223326:226753	COc1ccc(-c2ccc(-c3cccc4c(C)n[nH]c34)c(OCC(C)C)c2)c(C(F)(F)F)c1	0.010101
rxn:5:182655:227851:226973	CC1(C)COc2ccc(-c3cc4cc(-c5cccc6ccncc56)ccc4s3)cc21	0.010100
rxn:5:177731:227037:223319	Cc1cc(-c2ccc(C(=O)OC(C)(C)C)c(-c3cc(C#N)ccc3C3CC3)c2)cc2cn[nH]c12	0.010099
rxn:5:176993:226027:228318	CCCC(=O)c1ccc(-c2cnccc2C(=O)OC)c(-c2ccc(F)c(S(=O)(=O)N(C)C)c2)c1	0.010099
rxn:5:179417:227920:227406	CCC(=O)c1ccc(-c2ccc(S(=O)(=O)CC)cc2-c2ccnc(-c3ccoc3)c2)cc1	0.010097
rxn:5:197410:227074:227625	CCOc1c(C)cc(C)cc1-c1cnc(-c2cnc(C3CCCO3)nc2)c2cccc(OC)c12	0.010091
rxn:5:192169:226971:225510	COc1ccc(-c2cnc(-c3ccc4c(c3)CCCOC4)c(OC(C)C)c2)c2ccc(C)nc12	0.010090
rxn:5:195528:227073:226456	CCc1cnc(-c2cc(OC)cc(C3CC3)c2)cc1-c1ccc(-c2ccccc2F)s1	0.010089
rxn:5:177734:228342:223326	Cc1cc(-c2cccc(OC(F)F)c2)c(-c2cccc3c(C)n[nH]c23)cc1C(=O)OC(C)C	0.010088
rxn:5:195912:227299:223208	COc1ccc2[nH]c(-c3ccc(-c4cnc(-c5cc(F)cc(CN(C)C)c5)o4)cc3)cc2c1	0.010086
rxn:5:177373:227647:228395	COc1cc(F)c(F)cc1-c1ccc(OCC2OCCO2)c(-c2ccnc(-c3cscn3)c2)c1	0.010085
rxn:5:181908:227145:227868	COc1cccc2sc(-c3cc(C)c(C4OCCO4)cc3-c3ccc4c(c3)OCCC4)cc12	0.010076
rxn:5:198753:226171:229169	FC(F)c1cscc1-c1c(-c2ccccc2-c2ccccn2)ccc2cnccc12	0.010069
rxn:5:192334:225697:223010	CN(C)C(=O)c1cccc(-c2cncc(-c3ccc(F)cc3)c2)c1-c1ccc(C2(O)CCOCC2)cc1	0.010068
rxn:5:182646:225474:228672	Cc1cccc(-c2cncc(-c3ccc4occc4c3-c3ccc4cnoc4c3)c2)c1	0.010066
rxn:5:179540:227148:228666	Cc1cc2c(cnn2C)cc1-c1c(SC(C)C)cccc1-c1ccc2ocnc2c1	0.010066
rxn:5:191677:223086:227750	CCOc1cc(-c2cccc(F)c2C(F)(F)F)ncc1-c1cc2[nH]ncc2cc1C(F)(F)F	0.010065
rxn:5:198650:227363:227155	Cc1cc(-c2cccc3ncc(-c4cccc(F)c4OC(C)C)cc23)cc2c1cnn2C	0.010062
rxn:5:188255:228601:226143	COC(=O)c1cc(-c2cc(C)c(OC(C)C)c(C)c2)c(C#N)cc1-c1ccccc1C(C)=O	0.010061
rxn:5:197427:227289:227841	COc1ccc2c(-c3cccnc3OC(C)(C)C)c(-c3c(C)c(C)cc(C)c3C)cnc2c1	0.010058
rxn:5:178118:227701:225587	COC(=O)c1cc(-c2ccc(-c3cccc(CN4CCOCC4)c3)cc2OCC2CCCCO2)c(F)cn1	0.010051
rxn:5:192425:229272:226680	COc1ncc(-c2ccc(Oc3ccc(-c4cc(-n5cccc5)ncc4F)cc3)nc2)s1	0.010048
rxn:5:182815:228027:226921	Cc1cc(C)c(C2CC2)cc1-c1cccc2ccc(-c3ccc4cncnc4c3)cc12	0.010042
rxn:5:192565:227117:226850	COc1cc(-c2cc(-c3cc(C4CC4)cc(C)c3F)ccc2C2(C#N)CCC2)cc(C(F)(F)F)n1	0.010041
rxn:5:193329:225872:228202	CN(C)c1cc(-c2c(-c3cc(F)c(F)c(N4CCCC4)c3)ccnc2OC2CCCCC2)ccc1F	0.010035
rxn:5:181963:228702:228159	CCOc1cc(-c2ccc(-c3ccc(C)c(-c4cncnc4C(C)C)c3)cc2)ccc1F	0.010035
rxn:5:198636:228342:227718	Fc1cc(OC(F)F)ccc1-c1cc2cccc(-c3cccc(OC(F)F)c3)c2cn1	0.010032
rxn:5:188388:228698:228537	CCOC(=O)c1cnc(-c2ccc(C(=O)CC)s2)c(-c2cccc3occc23)c1	0.010031
rxn:5:182010:227066:229238	CSc1sccc1-c1ccc(C2CCOCC2)c(-c2cccc(C(=O)C3CC3)c2)c1	0.010029
rxn:5:198240:227453:226402	Cc1cn(-c2ccc(-c3c(C)ccnc3-c3ccc(-c4ccc(C)s4)s3)cc2)cn1	0.010027
rxn:5:182499:226195:226748	COc1cc(C(F)(F)F)ccc1-c1ccc(C)c(-c2cc(-c3cccc(C)c3)cs2)c1	0.010026
rxn:5:198686:226362:227587	COc1cc(-c2cc(-c3cccc(-c4ccn(C)n4)c3)cc3ncccc23)cc(F)c1OC	0.010023
rxn:5:198633:225579:227861	N#Cc1cc(-n2cccc2)ccc1-c1ccc(-c2cnc3c(c2)CCCC3)c2cccnc12	0.010018
rxn:5:181403:227392:225857	COc1cc(C)c(-c2cncc(-n3cccc3)c2)cc1-c1cc(F)cc(-n2ccc(C)n2)c1	0.010008
rxn:5:197492:228252:226837	CCc1c[nH]c2c(-c3c(OC)ccc(C)c3F)ccc(-c3c(C)nn(CC(F)(F)F)c3C)c12	0.010004
rxn:5:195434:225618:226671	CC(=O)c1ccc(-c2cccc(OC3CCCCO3)c2)c(-c2cnn(-c3cccc(F)c3)c2)n1	0.010000
rxn:5:189449:226779:228053	COC1CN(C(=O)c2cc(-c3ccc4ncncc4c3)ccc2-c2ccc(C(=O)C(F)(F)F)cc2)C1	0.009999
rxn:5:198915:223237:223183	CNS(=O)(=O)c1ccc(-c2cc(-c3[nH]ncc3-c3ccccc3)c3cc[nH]c3c2C)c(C)c1	0.009997
rxn:5:198412:226194:228727	COc1ncc(C)cc1-c1cccc2sc(-c3ccc(-c4ccccc4C)s3)nc12	0.009982
rxn:5:188931:229198:227073	COC(=O)c1cc(-c2cnc(F)nc2F)cc(S(N)(=O)=O)c1-c1cc(OC)cc(C2CC2)c1	0.009981
rxn:5:190585:228544:222980	CCOC(=O)c1[nH]c2cc(-c3ccc(CN4CCNCC4)cc3)ccc2c1-c1ccc(CC#N)cc1	0.009978
rxn:5:177739:228755:225447	COc1cncc(-c2cccc(C(=O)OC(C)(C)C)c2-c2ccc(OC3CCCCC3)cc2)c1C	0.009976
rxn:5:179405:228830:226080	COc1c(-c2ccc(F)c(C)c2F)ccc(-c2ccc(OC)c3ccccc23)c1C(C)=O	0.009976
rxn:5:181747:228568:227071	COCc1cc(C)c(-c2ccc(-c3cccc(N(C)C)c3)cc2-c2ccccc2)c(C)c1	0.009974
rxn:5:198629:228252:226905	COc1ccc(C)c(F)c1-c1cnc(-c2ccc3cc(C)ccc3c2)c2ccccc12	0.009971
rxn:5:178982:226592:226591	COCc1ccc(-c2ccc(OC(C)C)c(F)c2F)cc1-c1cc(F)c(F)cc1OC(C)C	0.009968
rxn:5:189322:228550:226936	CCCc1cc(-c2cnc(-c3ccc4c(C)cncc4c3)c(C(=O)OC(C)(C)C)c2)ccn1	0.009966
rxn:5:182643:226848:225576	COc1ccc(-c2c(-c3ccc(N4CCCC4)c(C#N)c3)ccc3occc23)c(C(F)(F)F)n1	0.009960
rxn:5:195791:223086:227365	CCOc1cc(-c2cc(C3CC3)ncc2-c2cc3[nH]ncc3cc2C(F)(F)F)cc(C)c1F	0.009960
rxn:5:198322:225436:225858	Cc1cnn(-c2ccc(-c3c(C)cc(-c4ccc(CN5CCCCC5)cc4)nc3C)c(F)c2)c1	0.009954
rxn:5:197431:227207:227107	COc1ccc2cc(-c3cccc4c3OCCC4=O)c(-c3cc(C)cc(C4CC4)c3F)nc2c1	0.009953
rxn:5:182654:225625:229077	CSc1ccc(-c2c(-c3cc(OC4CCCC4)ccc3F)ccc3ccsc23)cn1	0.009948
rxn:5:198911:225628:228654	COc1ccccc1-c1csc(-c2cc3[nH]cc(C)c3cc2-c2ccn3nccc3c2)c1	0.009944
rxn:5:183189:228445:225806	CC1(C)OCc2cc(-c3cnc(OC4CCCC4)cc3F)cc(-c3c(F)cccc3C(F)F)c2O1	0.009933
rxn:5:181854:227724:225499	CC(C)(C)c1ccc(-c2ccc(C3CCCCC3)cc2F)c(-c2cc(OC(F)F)ccc2F)c1	0.009933
rxn:5:192335:227641:226178	Cc1nn(-c2ccco2)cc1-c1ccc(C(=O)N(C)C)c(-c2ccccc2-c2ccncc2)c1	0.009918
rxn:5:192713:225463:228376	Cc1ccccc1-c1cncc(-c2cc(-c3cc(F)c(C#N)c(F)c3)ccc2CN2CCC2)c1	0.009914
rxn:5:191234:227138:226392	COC(=O)c1nc(-c2cccc(-n3ccc(C)n3)c2)sc1-c1cc2ccc(C#N)cc2s1	0.009913
rxn:5:194049:226587:229137	COC(=O)c1cc(-c2cnc(OC3CCC3)cc2F)c2nc(-c3c(F)cccc3F)sc2c1	0.009911
rxn:5:192654:226060:229242	Cc1ncncc1-c1ncccc1C(=O)c1ccc(-c2cc(C3CC3)cc(C3CC3)c2)cc1	0.009910
rxn:5:192650:228655:229169	O=C(c1ccc(-c2cnc3ccccn23)cc1)c1ccc(-c2cscc2C(F)F)nc1	0.009909
rxn:5:198432:228016:226744	CCc1cc(-c2nsc3ccc(-c4cc(C5CCCC5)cs4)cc23)cnc1C(F)(F)F	0.009908
rxn:5:182656:222989:225841	Cc1cn(-c2cc(F)cc(-c3c(-c4ccc(N5CCNCC5)cc4C)ccc4ccoc34)c2)cn1	0.009907
rxn:5:197452:227748:228139	COc1cc(C#N)cc(-c2ccc3c(-c4ccc(F)c(C(F)(F)F)c4)cnc(OC)c3c2)c1	0.009905
rxn:5:179980:225605:226329	Cc1cnc(OC2CCCC2)c(-c2ccc(OC(C)(C)C)cc2-c2ccc(C3(C#N)CC3)c(F)c2)c1	0.009904
rxn:5:196404:228681:226383	Cn1cc(-c2cccc(-c3cccc(-c4cncc(-c5ccnn5CC5CC5)c4)c3)c2)cn1	0.009904
rxn:5:197761:228861:228861	CC(C)c1ccc(-c2cnc3scnc3c2)c2cnc(-c3cnc4scnc4c3)cc12	0.009898
rxn:5:198642:225831:226180	Cc1cc(-c2cc(-c3cnc(N4CCOCC4)c(C)c3)c3cnccc3c2)cc(C2CCCC2)n1	0.009897
rxn:5:189083:228345:225942	CCN(C)C(=O)c1cccc(-c2cc(C)sc2C(=O)OC)c1-c1cnc(C(C)C)c(C(F)(F)F)c1	0.009894
rxn:5:198515:222992:222988	Cc1cc(-c2ccc(-c3ccc(N4CCCCC4O)cc3)c3cc[nH]c23)cc(C2CCNCC2)n1	0.009889
rxn:5:198924:223140:225666	Cc1cc2c(-c3ccnc(C4CCCNC4)c3)ccc(-c3cc(F)cc(N4CCCCC4)c3)c2[nH]1	0.009888
rxn:5:195905:227877:228740	Cc1cc2cc(-c3ncc(-c4ccc(-c5ccc(C#N)cc5F)cc4)s3)ccc2s1	0.009886
rxn:5:179978:225793:223394	COc1cccc(-n2cc(-c3cc(-c4cccc5cc[nH]c45)ccc3OC(C)(C)C)cn2)c1	0.009886
rxn:5:181622:227384:223012	COC(=O)c1cc2cc(-c3ccc(C4OCCO4)cc3-c3ccc(-n4ccnc4)cc3)ccc2[nH]1	0.009884
rxn:5:176564:228839:226433	COC(=O)Cc1ccc(-c2cc(C)cc(-c3cncs3)c2)cc1-c1cc(F)cc(C)c1F	0.009884
rxn:5:198643:226870:223328	Cc1c[nH]c2ncc(-c3cccc4ccc(-c5ccc(F)c(OC(F)(F)F)c5)nc34)cc12	0.009883
rxn:5:191908:227758:227163	Cc1c(-c2cnc3c(F)cccc3c2)cc(CC#N)cc1-c1cc(F)ccc1C(F)(F)F	0.009883
rxn:5:189908:223284:226441	CS(=O)(=O)Nc1ccc(-c2cnc(-c3ccc(N4CCCC4)cc3F)c(OCC3CCCCC3)c2)cc1	0.009882
rxn:5:192953:223264:223202	CNC(=O)c1cc(-c2c(-c3ccc(OC)cc3)ccnc2-c2ccc(C3(O)CCC3)cc2)ccc1F	0.009880
rxn:5:196349:226652:227491	Cc1cc(-c2cc(-c3cnc(OC4CCC4)nc3)c(-c3ccccc3)cn2)n(C2CCCCO2)n1	0.009879
rxn:5:182894:226077:228274	COc1ccc2ccccc2c1-c1cc2c(cc1-c1cc(SC)c(C)cc1F)CCC2	0.009878
rxn:5:194149:228515:226916	CCc1cccc(C)c1-c1cc2cc[nH]c2c(C(=O)OC)c1-c1cccc(C2=CCCC2)c1	0.009878
rxn:5:177732:228860:227074	CCOc1c(C)cc(C)cc1-c1cc(C(=O)OC(C)(C)C)ccc1-c1cccc2nonc12	0.009877
rxn:5:193461:223332:227023	CC(c1ccc(-c2cc(-c3cc4cc(F)ccc4[nH]3)ccc2C(=O)N2CCCCC2)cc1)N(C)C	0.009876
rxn:5:180142:227383:223349	COc1ccc(-c2cccc3c2C(=O)NC3)cc1-c1cccc(-c2cccc(-n3ccnc3)c2)c1	0.009876
rxn:5:189538:228597:226078	COc1cc2ccccc2cc1-c1cc(C(=O)N(C)C(C)C)ccc1-c1c(C)cccc1C#N	0.009873
rxn:5:192563:227056:226668	COc1cccc(C2CC2)c1-c1cc(C(=O)N2CCC2)cc(-c2cc(F)cc(-n3ccnc3)c2)c1	0.009869
rxn:5:198418:225635:227136	CCn1ccc2cc(-c3noc4c(-c5cccc(-n6nc(C)cc6C)c5)cccc34)cnc21	0.009869
rxn:5:198432:227043:225924	Cc1cc(OC(C)C)ccc1-c1ccc2snc(-c3ccc(S(=O)(=O)N(C)C)cc3C)c2c1	0.009867
rxn:5:181738:228101:226130	Cc1ccc(-c2ccc(-c3ccc(CN4CCCC4)cc3)cc2-c2cc(C#N)cc(C#N)c2)o1	0.009867
rxn:5:182895:226325:227105	CC(C)(C#N)c1ccc(-c2cc(-c3ccccc3-c3ccsc3)cc3c2CCC3)c(F)c1	0.009866
rxn:5:198654:227638:227876	Cc1oc2ccccc2c1-c1cnc2cccc(-c3cc(-c4ncccn4)cs3)c2c1	0.009864
rxn:5:181405:227921:225667	COC(C)c1cccc(-c2ccc(C3CC3)cc2-c2ccnc(-c3ccc(F)cc3)c2)c1	0.009858
rxn:5:196792:226167:228346	COC(=O)c1cc(-c2ccc(-c3ccc(-c4ccccn4)cc3)c(N3CCOCC3=O)c2)c(C)s1	0.009855
rxn:5:179199:223004:227424	COc1cc(OC)c(-c2ccc(C3CCNCC3)c(F)c2)cc1-c1ccc(-c2ccsc2)nc1	0.009853
rxn:5:181062:226936:226768	COc1ccc(-c2ccc(SC)c(C(F)(F)F)c2)cc1-c1ccc2c(C)cncc2c1	0.009849
rxn:5:192562:227315:227459	CC(C)Cc1cc(F)c(-c2ccc(C3(C#N)CCC3)cc2-c2cc3c(cnn3C)cc2F)cn1	0.009846
rxn:5:180095:228184:226449	COc1ccc(-c2ccc(-c3ccccc3C3(C)OCCO3)c(OC3CCCC3)c2)cc1SC	0.009844
rxn:5:198684:226401:223188	CNc1cc(C(F)(F)F)c(-c2c(-c3cccc(-c4cnccn4)c3)ccc3ncccc23)cn1	0.009842
rxn:5:182576:225640:225981	Cc1cc(-c2cnn(-c3cc(F)cc(F)c3)c2)c(C)cc1-c1ccnc(N2CCCCC2C)c1	0.009836
rxn:5:182851:225391:227998	Fc1ccc(-c2cc3c(c(-c4ccc(Cc5ccccc5)cc4)c2)OCCO3)c(C2CC2)c1	0.009833
rxn:5:176996:227361:225611	COc1cc(-c2cc(OCC3CC3)cc(-c3ccc(N4CCCC4)cc3OC)c2)c(OC)cc1C	0.009829
rxn:5:199083:228870:226182	COC(=O)c1csc(-c2ccc3ncc(C)c(-c4cccnc4C4CCCCC4)c3c2)c1	0.009827
rxn:5:179405:227150:227449	COc1c(-c2cc(C)c3c(cnn3C)c2)ccc(-c2ccc(C3CCOCC3)s2)c1C(C)=O	0.009825
rxn:5:178982:225824:228532	COCc1ccc(-c2ccc3sccc3c2)cc1-c1cc(C2CC2)cc(C(F)(F)F)c1	0.009825
rxn:5:182649:226374:223209	COc1cccc2cc(-c3ccc(-c4cncnc4C4CCCCC4)c4sccc34)[nH]c12	0.009818
rxn:5:192563:227321:226416	COc1c(-c2cc(C(=O)N3CCC3)cc(-c3c(-c4ccccc4)noc3C)c2)cncc1C1CC1	0.009817
rxn:5:198436:226969:226895	O=C1CCCc2cc(-c3ccc4ocnc4c3-c3cc(F)c(C(F)(F)F)cc3F)ccc21	0.009816
rxn:5:179413:228274:227587	COC(=O)c1cc(C)cc(-c2cc(SC)c(C)cc2F)c1-c1cc(F)c(OC)c(OC)c1	0.009816
rxn:5:199092:226385:228869	COC(=O)c1cc(-c2ccnc3c(-c4ccc(-c5cccnc5)nc4)cc(C)cc23)cs1	0.009815
rxn:5:195911:227554:228601	COC(=O)c1c(F)cccc1-c1cc(-c2ccccc2C(C)=O)ccc1-c1cocn1	0.009811
rxn:5:189243:228064:225400	Cc1ccc(-c2ccc(-c3cnc4c(c3)C(=O)CC4)c(CCN(C)C)c2)cc1-c1ccccc1	0.009808
rxn:5:176859:226580:226372	COC(=O)c1cc(OC)c(-c2cc(C(=O)N(C)C)ccc2F)cc1-c1ccnc(-c2ccccn2)c1	0.009807
rxn:5:198686:227412:226598	CC(C)Oc1cc(-c2cc(-c3cnc(C(C)(C)C)cc3F)cc3ncccc23)c(F)cc1F	0.009804
rxn:5:198627:225655:228624	CSc1cc(-c2c(-c3cncc(N4CCC(C)CC4)c3)cnc3ccccc23)ccc1C	0.009802
rxn:5:192479:228523:225822	CC(C)Cc1ccnc(-c2cccc(C(F)(F)F)c2C2CC2)c1-c1ccc2cccn2c1	0.009802
rxn:5:182143:228811:228435	COc1c(-c2cc(SC)ccc2F)cc(-c2c(SC)ccc(F)c2F)c2occc12	0.009795
rxn:5:181079:226367:227926	CSc1cc(-c2cncc(-c3cccnc3)c2)ccc1-c1ccc(SC(C)C)cc1	0.009795
rxn:5:181853:225472:226862	CC1CCCCN1c1cccc(-c2ccc(C(C)(C)C)cc2-c2cccc(OC(F)(F)F)c2F)c1	0.009790
rxn:5:195900:227039:228267	COc1c(C)ccc(F)c1-c1nc(-c2cccc(-c3ccc(OC(C)(C)C)cc3)c2)cs1	0.009780
rxn:5:197413:228050:227078	COc1ccc(C2CC2)c(-c2cc3nccc(-c4cncc5ccn(C)c45)c3cc2OC)c1	0.009779
rxn:5:198659:223144:225706	CC(C)n1cnc2cc(-c3nc4ccccc4cc3-c3ccc(N4CCC(O)C4)cc3)c(F)cc21	0.009776
rxn:5:194146:228562:228523	CCC(C)c1csc(-c2ccc(-c3ccc4cccn4c3)c3cc(C(=O)OC)[nH]c23)c1	0.009776
rxn:5:198401:225857:228117	Cc1ccn(-c2cc(F)cc(-c3cccc4sc(-c5cncc(OC(C)C)c5)nc34)c2)n1	0.009773
rxn:5:199271:227378:228138	Cc1cc(-c2cnn(-c3ccccc3)c2)c2ccc(-c3ccc(CC#N)c(F)c3)c(C)c2n1	0.009770
rxn:5:179839:227070:228025	CCOc1cc(C)c(C)cc1-c1c(C)c(-c2cccc3c2cnn3C)cc(C(C)=O)c1OC	0.009770
rxn:5:198428:226085:227066	CC1(C)CCc2cc(-c3ccc4sc(-c5cccc(C(=O)C6CC6)c5)nc4c3)ccc2O1	0.009769
rxn:5:176859:228579:225703	COC(=O)c1cc2cc(-c3cc(-c4cc(C)ccc4C#N)c(OC)cc3C(=O)OC)ccc2s1	0.009767
rxn:5:179549:223244:225791	COc1cc2[nH]ncc2cc1-c1cccc(OC(C)C)c1-c1cnn(-c2ccccc2OC)c1	0.009766
rxn:5:191681:226083:226931	CCOc1cc(-c2c(C)ccc3ncccc23)cnc1-c1ccc2ccccc2c1OC	0.009763
rxn:5:195900:226964:229132	Fc1ccc2cc(-c3cccc(-c4csc(-c5ccc(F)c(F)c5)n4)c3)ccc2c1	0.009762
rxn:5:196771:227911:227385	CCc1ccc(-c2cc(-c3cnc(C(C)(C)C)nc3C)c(-c3ccccc3C)cn2)cc1C#N	0.009761
rxn:5:188374:225498:225925	COC(=O)Cc1cc(-c2cc(S(=O)(=O)N(C)C)ccc2C)ncc1-c1cc(C2CCCCC2)ccc1F	0.009759
rxn:5:190586:228589:223269	CCOC(=O)c1cc2c(-c3ccc(C(C)C)nc3)c(-c3ccc(NC(C)=O)c(F)c3)ccc2[nH]1	0.009758
rxn:5:196681:227438:225704	CCn1c(C)nc2cc(-c3ccc(N4CCCC4)c(-c4ccnc(C5CCOC5)c4)c3)c(F)cc21	0.009758
rxn:5:194049:226345:227858	COC(=O)c1cc(-c2cc(C(=O)OC)c(C)cc2C)c2nc(-c3cccc4c3CN(C)C4)sc2c1	0.009756
rxn:5:182954:227122:227307	Cc1ccc(-c2cc3c(c(C)c2-c2cccc(-c4ccco4)c2)COC3=O)c(OC(C)C)n1	0.009755
rxn:5:176761:226178:227491	CCOCc1ccc(-c2ccccc2-c2ccncc2)c(-c2cnc(OC3CCC3)nc2)c1	0.009753
rxn:5:197407:227529:227910	CCC(C)c1ccc(-c2cc(OC)c3nccc(-c4ccc(C(=O)OC)cc4F)c3c2)cn1	0.009745
rxn:5:196788:223190:228536	CNS(=O)(=O)c1ccc(F)cc1-c1cnc(-c2cccc(-c3cccc4ccoc34)c2)cc1C	0.009745
rxn:5:195906:227843:228219	CC(C)c1cc(F)c(-c2ccccc2-c2ncc(-c3cncc4ccccc34)s2)cn1	0.009744
rxn:5:179548:226771:226952	CCOc1c(-c2cc(F)c(F)cc2C(=O)OC)ccc(C)c1-c1ccc2cccnc2c1C	0.009743
rxn:5:199087:227943:227645	Cc1ccc(N(C)C)c(-c2c(-c3ccc(-c4ccncn4)s3)nc3ccccc3c2C)c1	0.009740
rxn:5:193466:227295:226912	Cc1cc(CC(C)C)cc(-c2ccc(C(=O)N3CCC[C@H]3C)c(-c3ccnc(OC4CCC4)c3)c2)c1	0.009737
rxn:5:177737:227123:228816	Cc1nc(C)c(-c2ccc(-c3ccc(-c4ccco4)cc3)c(C(=O)OC(C)(C)C)c2)c(C)n1	0.009735
rxn:5:178839:228560:226183	CCSc1ccccc1-c1ccc(-c2cnccc2C2CCCCC2)c(C(=O)OC)c1	0.009735
rxn:5:181960:228161:228683	CCCc1ncc(-c2cccc(-c3cccc(-c4ccc(OCC)cc4F)c3)c2C)cn1	0.009733
rxn:5:181066:225658:225641	COc1cc(-c2ccc(-c3ccc(F)cc3)nc2)ccc1-c1ccnc(N2CCCC(C)C2)c1	0.009729
rxn:5:199271:228454:228459	COc1cc(-c2cc(C)nc3c(C)c(-c4cnc(OC)nc4SC)ccc23)c(OC)nn1	0.009725
rxn:5:188520:227845:225435	CCCOc1ncc(-c2cccc3cnccc23)cc1-c1ccccc1CN1CCCCC1	0.009724
rxn:5:196918:225451:227823	CC(C)(C)c1ccccc1-c1c(-c2ccc(SC3CCCCC3)cc2)cccc1N1CCCCC1=O	0.009721
rxn:5:192418:228206:228113	CCc1nc(OC)ccc1-c1ccc(-c2nc(-c3cc(F)cc(N(C)C)c3)cs2)cc1OC	0.009720
rxn:5:197413:228569:226902	COc1cc2c(-c3ccccc3N(C)C)ccnc2cc1-c1ccc2ccccc2c1C	0.009720
rxn:5:196357:223264:226216	CNC(=O)c1cc(-c2ncccc2-c2ccc(-c3cnc4ccc(OC)cc4c3)cc2)ccc1F	0.009719
rxn:5:181577:225698:228159	CCOc1cc(-c2cc(C(C)C)ccc2-c2cncc(-c3cccc(F)c3)c2)ccc1F	0.009716
rxn:5:193807:227029:223319	Cc1cc(-c2cccc(CN3CCC(C)CC3)c2-c2ccccc2C(C)(C)C#N)cc2cn[nH]c12	0.009716
rxn:5:177185:227921:227161	COC(C)c1cccc(-c2ccc(-c3ccc4nn(C)c(C)c4c3)c(C(=O)OC(C)C)c2)c1	0.009709
rxn:5:189079:226654:226779	CCN(C)C(=O)c1ccc(-c2ccc(C(=O)C(F)(F)F)cc2)c(-c2csc(N3CCC(C)CC3)n2)c1	0.009708
rxn:5:176566:225820:226652	COC(=O)Cc1cc(-c2cc(C)nn2C2CCCCO2)ccc1-c1c(C2CC2)cccc1C(F)(F)F	0.009708
rxn:5:182641:225650:228176	COCc1ccc(-c2ccc3c(-c4cnc(-c5ccccc5C)nc4)coc3c2)cc1F	0.009708
rxn:5:198675:226862:227199	Cc1ccc(-c2ccc3c(c2)N(C)C(=O)C3)c2sc(-c3cccc(OC(F)(F)F)c3F)nc12	0.009698
rxn:5:182658:227843:226374	c1ccc2c(-c3cc(-c4cncnc4C4CCCCC4)c4ccsc4c3)cncc2c1	0.009697
rxn:5:181498:227892:227403	CN(C)Cc1ccc(-c2ccc(-c3cccc(-c4ccc(N5CCCCC5)s4)c3)o2)cc1	0.009694
rxn:5:189130:226751:229060	Cc1cc(OC(F)(F)F)ccc1-c1nc(-c2ccc(C#N)nc2)ccc1OCc1ccccc1	0.009685
rxn:5:182009:228261:226347	CSc1ccc(F)c(C)c1-c1ccc(-c2cc(C)c(F)cc2OC(C)C)cc1C1CCOCC1	0.009681
rxn:5:198686:225469:228211	CC1CCCN(c2ccc(-c3cc(-c4cc(N5CCCC5)cs4)c4cccnc4c3)cc2)C1	0.009680
rxn:5:181427:228523:225448	CSc1cc(-c2cc(C)ccc2OC2CCCC2)cc(-c2ccc3cccn3c2)c1C	0.009679
rxn:5:179184:226063:228391	FC(F)(F)c1cccc(-c2ccc(-c3ccccc3-c3ccccc3)cc2OC2CC2)c1	0.009678
rxn:5:189083:226314:227297	CCN(C)C(=O)c1cccc(-c2cnn(Cc3ccccc3)c2)c1-c1cc(CN(C)C)ccc1F	0.009676
rxn:5:198517:223232:223188	CNc1cc(C(F)(F)F)c(-c2cc(-c3cccc(-c4cc[nH]n4)c3)c3cc[nH]c3c2)cn1	0.009670
rxn:5:199169:223089:227460	CN1CCc2c1ccc(-c1ccc3[nH]c(C(F)(F)F)nc3c1)c2-c1cc2ncn(C)c2cc1F	0.009669
rxn:5:196623:228204:225668	Cc1cc(C#N)c(F)c(-c2cc(-c3cccc(-c4cc(F)ccn4)c3)cc(N3CCCC3=O)c2)c1	0.009666
rxn:5:196340:223146:226159	Cc1onc(-c2ccc(-c3cccc(N4CCCCC4)c3)cc2)c1-c1cccc(C2CNCCO2)c1	0.009664
rxn:5:177851:227351:225925	CCOc1c(-c2cc(S(=O)(=O)N(C)C)ccc2C)cc(C2OCCO2)cc1-c1cccc(C)c1C(=O)OC	0.009662
rxn:5:198650:228074:228528	Fc1cccc2cc(-c3cnc4cccc(-c5csc6ccccc56)c4c3)sc12	0.009660
rxn:5:194245:228928:228013	COC(=O)c1cnc(-c2ccc(F)c(C3CC3)c2)c2ccc(-c3cccnc3C(F)F)cc12	0.009659
rxn:5:181629:227150:227405	Cc1cc(S(C)(=O)=O)cc(-c2cc(C)c3c(cnn3C)c2)c1-c1ccc(-c2cccs2)nc1	0.009656
rxn:5:196680:227423:227907	CCC(C)c1cncc(-c2cc(-c3ccc(-c4cccnc4)s3)ccc2N2CCCC2)c1	0.009650
rxn:5:196098:226692:227383	Cc1noc(C)c1-c1ccc(-c2cc(-c3cccc(-n4ccnc4)c3)cc(N(C)C)c2)s1	0.009645
rxn:5:197408:228648:226950	COc1ccc2c(-c3cc(C)c4ncccc4c3)ncc(-c3cc(C)cc(C)c3F)c2c1	0.009643
rxn:5:192425:223113:227823	CC(C)(C)c1ccccc1-c1ccc(Oc2ccc(-c3ccc4c(c3)C(C)(C)C(=O)N4)cn2)cc1	0.009641
rxn:5:198441:226887:227928	CCOc1cc(-c2nsc3c(-c4ccc(F)c(C(F)(F)F)c4F)cccc23)ccc1C	0.009641
rxn:5:194232:223242:227124	COC(=O)c1cc(-c2ccc(C(C)(C)C)cc2F)c2cc(-c3ccnc(C4CCNC4)c3)ccc2n1	0.009640
rxn:5:198619:227618:227304	Cc1cn(-c2ccc(-c3cccc4c(-c5cnc(OC(C)C)cc5C)nccc34)s2)cn1	0.009635
rxn:5:177970:228888:227122	N#Cc1cc(-c2cc(OCC3CCCC3)cc(-c3cccc(-c4ccco4)c3)c2)c(F)cn1	0.009634
rxn:5:198439:227937:227057	COc1cccc(-c2nsc3cc(-c4cccc(SC(C)C)c4)ccc23)c1C1CC1	0.009619
rxn:5:181209:226676:226149	COc1ccc(-c2c(C(C)=O)cccc2-c2ccc(-n3cccn3)cc2F)cc1C(C)(C)C	0.009618
rxn:5:196622:226812:226765	COC(=O)c1ccc(-c2c(-c3ccc(-c4ncon4)cc3F)cccc2N2CCCC2=O)c(F)c1F	0.009617
rxn:5:182222:222409:226748	COc1cc(C(F)(F)F)ccc1-c1c(OC)ccc2cc(-c3ccc(OC)c(S(N)(=O)=O)c3)ccc12	0.009609
rxn:5:198626:227418:226671	Fc1cccc(-n2cc(-c3ccc4cc(-c5ccc(-c6ccco6)nc5)ccc4n3)cn2)c1	0.009606
rxn:5:197418:227984:227717	COc1cc(-c2ccc(F)cc2OC(F)F)c2cc(-c3ccc(OC)c(C)c3C)ccc2n1	0.009606
rxn:5:194242:225805:229107	COC(=O)c1cc(-c2c(C)cncc2F)c2ccc(-c3ccc(C(C)N4CCOCC4)s3)cc2n1	0.009605
rxn:5:192568:228801:226218	CSc1cc(F)ccc1-c1cc(-c2c(F)ccc3ccc(C)nc23)ccc1C(=O)N1CCC1	0.009604
rxn:5:195957:228119:227679	CC(C)Sc1ccc(-c2cc(-c3ccc4c(c3)OC(F)(F)O4)cc(-c3cnco3)c2)cn1	0.009604
rxn:5:178980:226059:227877	COCc1cc(-c2ccc3sc(C)cc3c2)ccc1-c1ccc(C(C)C)cc1C(C)C	0.009603
rxn:5:192705:226049:227663	Cc1ccc(-c2cc(OC(C)(C)C)ncc2-c2cc(F)c(OC(F)(F)F)c(F)c2)cc1C(F)(F)F	0.009599
rxn:5:198409:225847:227948	Cc1cc(F)ccc1-n1cc(-c2cc3ccc(-c4cc(C5CC5)cnc4C)nc3s2)cn1	0.009597
rxn:5:189130:228337:228929	CCOc1cc(F)c(-c2nc(-c3cncc(C(F)F)c3)ccc2OCc2ccccc2)cn1	0.009591
rxn:5:179201:228632:226436	COc1c(SC)ccc(-c2c(C)cc(C)nc2C)c1-c1cc(C)cc(-c2cscn2)c1	0.009589
rxn:5:179401:223210:225833	COc1cc(C(C)=O)cc(-c2cc3c(OC)cccc3[nH]2)c1-c1ccnc(N2CCCCC2)c1F	0.009588
rxn:5:194234:226920:228708	COC(=O)c1cc(-c2cncnc2C2CC2)nc2ccc(-c3cc(C(C)(C)C)ccc3C)cc12	0.009586
rxn:5:198924:227129:226379	Cc1cc2c(-c3ccccc3-c3ccco3)ccc(-c3ccnc(-c4cccnc4)c3)c2[nH]1	0.009585
rxn:5:188412:226462:222959	CCOC(=O)c1c(-c2ccc(C3CCNCC3)c(C)c2)cncc1-c1cc2ncn(CC)c2cc1F	0.009583
rxn:5:196346:228115:227836	Cc1ccc(-c2ccccc2-c2nc(-c3ccc(OC(C)C)nc3)c(C)s2)c(C2CC2)c1	0.009576
rxn:5:182574:226656:226847	CSc1ncc(C(F)(F)F)cc1-c1cc(C)c(C)cc1-c1cc(-c2ncon2)ccc1C	0.009576
rxn:5:181210:225805:227406	CC(=O)c1cccc(-c2ccnc(-c3ccoc3)c2)c1-c1ccc(C(C)N2CCOCC2)s1	0.009574
rxn:5:196352:227905:228615	CSc1ccc(C)cc1-c1ccccc1-c1ncccc1-c1ccnc(CC(C)C)c1	0.009564
rxn:5:198227:226321:225443	Cc1nc(-c2ccc(Oc3ccccc3)cc2)ccc1-c1ccc(SC2CCCC2)nc1	0.009559
rxn:5:194942:227456:227623	CSc1nc2ccc(-c3cc(C#N)ccc3-c3ccc(-n4ccc(C)n4)s3)cc2s1	0.009558
rxn:5:177286:227630:226794	CC(C)OCc1ccc(-c2cnc(N3CCSCC3)nc2)cc1-c1cc(-c2cnccn2)cs1	0.009548
rxn:5:180267:228112:225938	COc1ccc(C#N)cc1-c1cc(C(C)(C)C)cc(SC)c1-c1cc(C(F)(F)F)ncc1C1CC1	0.009542
rxn:5:198677:228189:227100	CCSc1ccc(F)c(-c2cc3ccccc3c(-c3c(C)cc(C4CC4)cc3F)n2)c1	0.009541
rxn:5:198656:225841:227446	Cc1cn(-c2cc(F)cc(-c3ncc(-c4ccc(C5OCCO5)cc4)c4ccccc34)c2)cn1	0.009535
rxn:5:195920:228606:227167	CCc1ccc(F)c(-c2ncsc2-c2ccc(-c3ccc(F)c4cccnc34)cc2)c1	0.009534
rxn:5:198645:226757:223211	COc1ccc(-c2ccc3cc(-c4ccc(OC(F)(F)F)c(C)c4)cnc3c2)c2cc[nH]c12	0.009534
rxn:5:197428:227196:227611	CC(=O)c1c[nH]c2cc(-c3ccnn3C3CCCCO3)c(-c3cc(F)c4cnccc4c3)cc12	0.009533
rxn:5:195915:228939:226168	Fc1cc(F)c(-c2ccccc2-c2cnc(-c3ccccc3-c3cccnc3)o2)c(F)c1	0.009531
rxn:5:182641:225584:225640	CC1CCCCN1c1cc(-c2ccc3c(-c4ccc(C(=O)N5CCCC5)cc4)coc3c2)ccn1	0.009526
rxn:5:196765:228760:225868	Cc1cc(-c2ccnc(-c3ccc(N4CCOCC4)c(F)c3)c2)ccc1-c1cnc(C(C)(C)C)o1	0.009526
rxn:5:195794:225476:227552	Cc1ccc(-c2ccc(-c3cc(-c4ccccc4CC(F)(F)F)c(C4CC4)cn3)cn2)cc1	0.009522
rxn:5:182897:226071:228459	COc1ncc(-c2c(-c3ccc(C#N)c4ccccc34)ccc3c2CCC3)c(SC)n1	0.009520
rxn:5:189335:227834:226401	COc1cc(C(=O)N(C)C)cc(-c2ccc(C3CC3)c(C)c2)c1-c1cccc(-c2cnccn2)c1	0.009520
rxn:5:195912:228528:227169	Fc1cc(-c2ccc(-c3cnc(-c4csc5ccccc45)o3)cc2)cc2cccnc12	0.009517
rxn:5:182822:228526:226811	Fc1ccc(-c2ccc3ccccc3c2-c2cccc3ccsc23)c(-c2ncon2)c1	0.009517
rxn:5:196799:227972:227522	COC(=O)c1ccc(-c2cc(-c3ccc(C)nc3)cc(-c3cncc(C4CCC4)c3)c2)c(C)n1	0.009517
rxn:5:177447:228059:228054	COc1cc(-c2ccc3sc(C)nc3c2)cc(-c2cnc3ncccc3c2)c1OC(C)C	0.009516
rxn:5:193541:223316:225849	Cc1n[nH]c2ccc(-c3cc(CN4CCCCC4)cc(-c4cnc(N5CCCCC5)cc4F)c3)cc12	0.009513
rxn:5:198686:227854:226145	Cn1ccc2cc(-c3cc(-c4ccc(OC5CCCC5)cc4)c4cccnc4c3)ccc21	0.009510
rxn:5:197429:227945:225684	CC(=O)c1c[nH]c2c(-c3ccc(N(C)C)c(C)c3)ccc(-c3ccc(C4CCOCC4)nc3C)c12	0.009509
rxn:5:179879:228122:228979	CCOc1nc(C)ccc1-c1ccc(C(=O)c2ccccc2-c2ccccc2CC)cc1	0.009506
rxn:5:180421:227041:227497	CCOc1cc(C)c(-c2cc(CC3CCCCC3)ccc2-c2cnc(OC(C)C)nc2C)cc1C	0.009503
rxn:5:176852:227624:226130	COC(=O)c1cc(-c2ccc(CN3CCCC3)cc2)c(OC)c(-c2ccc(-c3nnco3)cc2)c1	0.009503
rxn:5:191980:227058:225854	CCCc1ccnc(-c2cn(-c3ccccc3F)nc2C)c1-c1cc(C2CC2)ccc1OC	0.009501
rxn:5:196614:222417:226146	CC(C)c1[nH]c(=O)ncc1-c1cc(-c2ccc(SC3CCCC3)cc2)ccc1-c1cccn1C	0.009501
rxn:5:181204:226837:226747	CCc1ncc(-c2cc(C(C)=O)cc(-c3c(C)nn(CC(F)(F)F)c3C)c2)cc1C(F)(F)F	0.009501
rxn:5:198648:228971:226876	Fc1ccc(-c2cc3ccccc3nc2-c2csc(C(F)(F)F)c2)c(OC(F)(F)F)c1	0.009498
rxn:5:199093:227044:227296	Cc1ccc2ncc(-c3ccc(C(=O)C4CC4)cc3)c(-c3ccc(OC4CCC4)nc3)c2c1	0.009495
rxn:5:197445:227910:227552	CCC(C)c1ccc(-c2cn(C(C)=O)c3cccc(-c4ccccc4CC(F)(F)F)c23)cn1	0.009484
rxn:5:198424:225591:227079	CC(C)Cc1ccc(F)c(-c2noc3cccc(-c4cc(CN5CCCC5)ccc4F)c23)c1	0.009476
rxn:5:199090:226403:228508	Cc1cn(-c2cccc(-c3cc4c(-c5cccc(C(C)C)c5)ccnc4cc3C)c2)cn1	0.009472
rxn:5:196354:223393:227047	c1cc(SC2CCC2)cc(-c2ccccc2-c2cccc(-c3c[nH]c4ccccc34)n2)c1	0.009470
rxn:5:193051:227623:223304	Cc1ccn(-c2ccc(-c3ccc(CN4CCCC4=O)c(-c4ccc5[nH]c(C)cc5c4)c3)s2)n1	0.009468
rxn:5:180662:228625:226378	CCc1ccc(-c2cc(-c3ccnc(-c4ccncc4)c3)cc3c2OCC(C(=O)OC)=C3)c(F)c1	0.009467
rxn:5:182840:223000:225468	Cc1ccccc1-c1ccc(-c2ccc3c(c2-c2ccc(C4CCCNC4)c(F)c2)C(=O)CC3)cn1	0.009466
rxn:5:197404:225501:223441	CNc1ccccc1-c1cnc2ccc(OC)cc2c1-c1cccc(-c2cccc(F)c2)c1	0.009466
rxn:5:198625:225635:228675	Cc1cc(C)n(-c2cccc(-c3ccc4ccnc(-c5cccc6scnc56)c4c3)c2)n1	0.009465
rxn:5:194243:223318:227575	COC(=O)c1cc2ccc(-c3ccnc4[nH]c(C)cc34)cc2c(-c2c(OC)ccc(OC)c2F)n1	0.009464
rxn:5:176762:226593:226153	CCOCc1ccc(-c2cc(C3CC3)c(OC)cc2C)c(-c2c(F)ccc(OC(C)C)c2F)c1	0.009463
rxn:5:198637:229010:225463	Cc1ccccc1-c1cncc(-c2ccc(-c3cc(C(C)C)cs3)c3ccncc23)c1	0.009459
rxn:5:177503:228608:228630	CCc1cc(F)cc(-c2cccc(OCc3ccccc3-c3ccc(C)cc3OC)c2)c1	0.009455
rxn:5:191515:225460:227382	COC(=O)c1cc(-c2ccnn2-c2ccccc2)c(-c2ccnc(-c3ccccc3C)c2)cn1	0.009447
rxn:5:191496:225451:227076	CCC(C)c1ccc(F)c(-c2ncc(C(=O)OC)cc2-c2ccc(SC3CCCCC3)cc2)c1	0.009441
rxn:5:182737:225849:225467	Cc1cccc(-c2ncccc2-c2cc3c(cc2-c2cnc(N4CCCCC4)cc2F)OCC3)c1	0.009438
rxn:5:182013:227082:225607	CC(c1ccc(-c2ccc(-c3ccccc3N3CCCC3)cc2C2CCOCC2)s1)N1CCCCC1	0.009438
rxn:5:196331:228976:226338	C1=Cc2cc(-c3cccc(-c4ccc(-c5ccnc(OC6CCCC6)c5)cc4)n3)ccc21	0.009432
rxn:5:192951:228657:228525	COc1cc(-c2ccnc(-c3cc4ccccc4s3)c2)cc(-c2cccn3nccc23)c1	0.009432
rxn:5:192569:227044:225824	O=C(c1ccc(-c2cc(C(=O)N3CCC3)ccc2-c2cc(C3CC3)cc(C(F)(F)F)c2)cc1)C1CC1	0.009430
rxn:5:198647:226758:227059	COc1ccc(-c2ccc3ccnc(-c4ccc(OC)c(C(F)(F)F)c4)c3c2)cc1C(C)C	0.009428
rxn:5:192175:225706:227898	CC(C)Cc1cncc(-c2cnc(OC(C)C)c(-c3cc4ncn(C(C)C)c4cc3F)c2)c1	0.009422
rxn:5:193153:226324:223235	c1cnc(OC2CCCC2)c(-c2ccc(CN3CCCC3)cc2-c2ccc(-c3cn[nH]c3)cc2)c1	0.009420
rxn:5:182639:225617:222984	OC1CCN(Cc2ccc(-c3ccc4sc(-c5ccc(OC6CCCCO6)cc5)cc4c3)cc2)C1	0.009419
rxn:5:192339:227396:227563	CC(=O)N(C)c1ccc(-c2ccnc(-c3cccs3)c2)c(-c2cccc(CC(F)(F)F)c2)c1	0.009418
rxn:5:197757:227836:228388	CCc1c(C)nc2c(-c3ccc(C)cc3C3CC3)cccc2c1-c1cc(C(F)F)ncc1C	0.009417
rxn:5:196417:225612:228387	COc1cc(-n2cccc2)ccc1-c1ccc(-c2cccc(-c3cn(C)c(=O)cc3OC)c2)nc1	0.009413
rxn:5:192649:227992:228177	COCc1ccc(F)cc1-c1ccc(C(=O)c2cccc(-c3ccc(C4COC4)cc3)c2)cn1	0.009410
rxn:5:188388:228554:226033	CCOC(=O)c1cnc(-c2ccccc2OCC)c(-c2cc(OC)c(F)c(C(F)(F)F)c2)c1	0.009407
rxn:5:179760:223273:226794	CNC(=O)c1cccc(-c2ccc(Sc3cccc(-c4cnc(N5CCSCC5)nc4)c3)cc2)c1F	0.009405
rxn:5:195924:223407:225394	c1cc2ncc(-c3cc(-c4cc(C5CCC5)cc(C5CC5)c4)c(-c4ccoc4)cn3)cc2[nH]1	0.009398
rxn:5:189080:225843:227850	Cc1cn(-c2ccc(-c3ccc(CC(=O)N(C)C)c(-c4ccc5cnccc5c4)c3)c(F)c2)cn1	0.009392
rxn:5:177001:227421:223304	CCOc1c(-c2ccc(-c3ccccn3)s2)ccc(OC)c1-c1ccc2[nH]c(C)cc2c1	0.009386
rxn:5:195325:228031:225442	CSc1c(-c2ccc3nn(C)cc3c2)ccnc1-c1ccccc1Oc1ccccc1	0.009385
rxn:5:176590:226746:228393	CCOC(=O)c1c(-c2cc(C(F)(F)F)ncc2CC)cccc1-c1cc(F)cc(F)c1OC	0.009385
rxn:5:176858:228025:226168	COC(=O)c1cc(-c2cccc3c2cnn3C)c(OC)cc1-c1ccccc1-c1cccnc1	0.009384
rxn:5:179193:226189:227406	COc1cc(-c2ccnc(-c3ccoc3)c2)c(-c2ccc(C3CCCC3)c(F)c2)cc1OC	0.009383
rxn:5:179549:227917:225793	CCc1ccc(OC)c(-c2cccc(OC(C)C)c2-c2cnn(-c3cccc(OC)c3)c2)c1	0.009377
rxn:5:197760:223354:226709	CNC(=O)c1ccc(-c2ccc3nc(-c4c(C)cc(C(F)(F)F)cc4C)c(C(C)C)cc3c2)cc1	0.009374
rxn:5:183096:227541:227098	CCOc1cc(F)c(-c2ccc3c(c2)C(c2ccc(-c4cccs4)cc2)CCC3)cc1F	0.009374
rxn:5:180566:226767:228736	COC(=O)c1cc2cc(-c3ccc(C)nc3OC)cc(-c3cc(OC)ccc3C(F)(F)F)c2o1	0.009371
rxn:5:197408:227568:227091	COc1cc(F)c(-c2cnc(-c3cncc(C4CCCC4)c3)c3ccc(OC)cc23)c(OC)c1	0.009368
rxn:5:191700:226219:227143	COCc1ncc(-c2ccc3ccc(C)nc3c2F)cc1-c1cc2ccc(OC)cc2s1	0.009364
rxn:5:179401:226964:227667	COc1cc(C(C)=O)cc(-c2ccc3cc(F)ccc3c2)c1-c1c(F)ccc(C(C)=O)c1F	0.009355
rxn:5:195795:225397:227025	CCc1ncc(C2CC2)cc1-c1cc(C2CC2)c(-c2ccc(-c3cccc(C)c3)cc2)cn1	0.009354
rxn:5:199271:227980:227844	Cc1cc(-c2ccc(C3CC3)cc2F)c2ccc(-c3ccc4ncccc4c3)c(C)c2n1	0.009352
rxn:5:181622:226168:227389	c1cncc(-c2ccccc2-c2cc(C3OCCO3)ccc2-c2ccnc(-n3cccc3)c2)c1	0.009350
rxn:5:178120:223408:226387	c1cc(OCC2CCOCC2)c(-c2cncc(-c3ccncc3)c2)c(-c2cccc3cn[nH]c23)c1	0.009348
rxn:5:189539:226349:227354	CC(C)Oc1cc(-c2c(C(=O)N(C)C(C)C)cccc2-c2cc(F)cc(OC(C)(C)C)c2)ccc1F	0.009345
rxn:5:197431:228260:227025	CCc1ncc(C2CC2)cc1-c1nc2cc(OC)ccc2cc1-c1cccc(C(C)(F)F)c1	0.009344
rxn:5:177970:228729:227129	N#Cc1cc(F)ccc1-c1cc(OCC2CCCC2)cc(-c2ccccc2-c2ccco2)c1	0.009344
rxn:5:199129:228332:226217	COc1cc(SC)c(-c2cc3c(c(-c4cc5cc(C)cc(OC)c5s4)c2)OCCN=C3)cn1	0.009341
rxn:5:181961:228130:228210	Cc1ccc(-c2ccc(-c3ccc(CC#N)cc3F)cc2)cc1-c1ccc(N2CCCC2)s1	0.009335
rxn:5:178122:227356:228100	CCCn1nc(C)c(-c2cc(-c3cc(C)c(F)cc3OCC)ccc2COC2CCCCO2)c1C	0.009334
rxn:5:180020:228052:227758	O=C1CCCC1Oc1ccc(-c2cc(F)ccc2C(F)(F)F)cc1-c1ccc2nnccc2c1	0.009331
rxn:5:178224:225671:228578	Fc1cnc(C2CCCCC2)cc1-c1cc(OCC2CCCCC2)cc(-c2ccc(C3CC3)nc2)c1	0.009330
rxn:5:195925:227291:227814	CN(C)Cc1ccc(-c2ncc(-c3ccccc3-c3ccc(CC4CC4)cc3)s2)cc1F	0.009328
rxn:5:179398:226196:229054	COCc1cc(-c2cc(C(=O)OC)c(C)c(-c3cc(-c4ccccc4)sc3C)c2)cs1	0.009325
rxn:5:180570:226074:229316	COC(=O)c1sc2cc(-c3nc(C)cs3)ccc2c1-c1cccc2c(C#N)cccc12	0.009325
rxn:5:190721:227409:229001	CCCCc1cc(-c2ccncc2CC)c2cc(-c3cc(C(C)(C)C)ncc3F)ccc2n1	0.009321
rxn:5:182650:226085:228443	CSc1c(F)ccc(-c2cccc3cc(-c4ccc5c(c4)CCC(C)(C)O5)sc23)c1F	0.009321
rxn:5:177277:227930:227427	CC(C)COc1cc(-c2cccc(OC3CC3)c2)cc(-c2cccnc2-c2ccoc2)c1	0.009316
rxn:5:196921:222959:228118	COc1cccc(-c2cc(-c3ccc(C4CCNCC4)c(C)c3)ccc2-n2c(C)ccc2C)c1C#N	0.009315
rxn:5:179395:226035:223135	COC(=O)c1cc(C)c(-c2cccnc2C2CCCNC2)c(-c2c(OC)ccc(C(F)(F)F)c2F)c1	0.009315
rxn:5:196240:225417:228256	CCOc1ccc2ccccc2c1-c1cc(-c2cc(C)c(F)c(OC)c2)c(C2CCC2)cn1	0.009311
rxn:5:195792:223002:225480	Fc1ccc(-c2ccc(-c3c(-c4ccc(C5CCNCC5)cc4F)cncc3C3CC3)cc2)cc1	0.009310
rxn:5:197212:227120:227446	CCc1nc2c(-c3ccc(C4OCCO4)cc3)cc(-c3ccc(C4CCC4)cc3F)cc2s1	0.009308
rxn:5:191510:226690:226392	COC(=O)c1c(-c2cccc(-n3ccc(C)n3)c2)ccnc1-c1ccc(-c2cscn2)nc1C	0.009308
rxn:5:180421:227060:227359	COC(=O)c1cccc(-c2ccc(CC3CCCCC3)cc2-c2ccc(C)c(OC(C)C)c2)c1C	0.009302
rxn:5:183228:227985:226408	CC(C)c1cc(-c2cc3c(c(-c4ccc(-c5cncnc5)cc4)c2)OC(C)(C)CC3)ccc1F	0.009301
rxn:5:177187:226405:229012	CCOC(=O)c1cc(C)cc(-c2cccc(-c3ccncn3)c2)c1-c1sccc1C(C)C	0.009300
rxn:5:181071:226603:226843	COC(=O)c1cc(F)c(C)c(-c2c(OC)cccc2-c2ccc(C(=O)C(F)(F)F)nc2)c1	0.009300
rxn:5:197423:228662:227647	COc1ccc2ncc(-c3cc4cnccc4s3)cc2c1-c1ccnc(-c2cscn2)c1	0.009299
rxn:5:182010:227746:228920	CSc1nccc(-c2ccc(C3CCOCC3)c(-c3cccc(C(F)(F)F)c3F)c2)c1F	0.009298
rxn:5:196348:223132:222988	Cc1cc(-c2ccc(-c3nc(-c4cccc(N5CCNCC5)c4)c(C)s3)cc2)cc(C2CCNCC2)n1	0.009295
rxn:5:182899:227370:225482	Fc1cc(-c2c(-c3ccc(-c4ccccc4)cc3F)ccc3c2CCC3)ccc1OC1CC1	0.009294
rxn:5:181628:225479:227891	CN(C)Cc1ccccc1-c1ccc(-c2ccc(-c3ccccc3)c(F)c2)cc1C1OCCO1	0.009289
rxn:5:181741:228195:226441	Cc1nn(C(C)(C)C)cc1-c1ccccc1-c1ccccc1-c1ccc(N2CCCC2)cc1F	0.009288
rxn:5:197651:229114:226743	CCc1cc(-c2nc3ccc(-c4cc(C)ncc4F)cc3cc2C2CC2)cc(C(F)(F)F)n1	0.009288
rxn:5:177734:225446:227869	Cc1cc(OC2CCCC2)cc(-c2cc(C)c(C(=O)OC(C)C)cc2-c2ccc3c(c2)CC(C)O3)c1	0.009285
rxn:5:195919:226836:227808	CC(C)n1cc(-c2ncsc2-c2ccccc2-c2ccc3c(c2)CCCC3)c(C(F)(F)F)n1	0.009282
rxn:5:182012:227569:228068	COc1ccc(F)c(OC)c1-c1ccc(-c2cc3cc(F)ccc3s2)c(C2CCCOC2)c1	0.009279
rxn:5:195915:225509:223246	COc1ccc(-c2ncc(-c3ccccc3-c3ccc4c(C5CC5)nn(C)c4c3)o2)c2cn[nH]c12	0.009275
rxn:5:178976:222981:226163	CCOc1ccc(-c2cccc(-c3cccnc3)c2)cc1-c1ccnc(NC2CCCCC2)c1	0.009269
rxn:5:198513:226164:226066	c1ccc(-c2ccc(-c3cc4[nH]ccc4cc3-c3ccc(N4CCCCC4)cc3)cc2)cc1	0.009267
rxn:5:192427:223241:226942	Cc1cc2cc(-c3ccc(Oc4cncc(-c5cncc(C6CCNC6)c5)c4)cc3)ccc2cn1	0.009262
rxn:5:196410:228396:226130	COc1cc(F)c(-c2cc(-c3cnco3)cc(-c3ccc(CN4CCCC4)cc3)c2C)c(F)c1	0.009260
rxn:5:195912:226060:227203	c1cc(-c2cnc(-c3cc(C4CC4)cc(C4CC4)c3)o2)ccc1-c1ccc2c(c1)OCCCO2	0.009257
rxn:5:196915:228219:228013	Cc1ccc(C)n1-c1ccc(-c2ccc(F)c(C3CC3)c2)c(-c2cnc(C(C)C)cc2F)c1	0.009249
rxn:5:182820:227126:226386	c1ccc(-c2ncccc2-c2cccc3cccc(-c4ccc(C5CCOC5)cc4)c23)nc1	0.009249
rxn:5:196979:228204:225508	Cc1cc(C#N)c(F)c(-c2cc(-c3ccc4c(c3)c(C3CC3)nn4C)cc(N3CCCCC3)c2)c1	0.009248
rxn:5:198559:228537:225628	COc1ccccc1-c1csc(C2=NS(=O)(=O)c3ccc(-c4cccc5occc45)cc32)c1	0.009246
rxn:5:197412:227351:222958	COC(=O)c1c(C)cccc1-c1cnc(-c2ccc(C)c(C3CCNCC3)c2)c2c(OC)cccc12	0.009245
rxn:5:198633:228434:227144	COc1cccc2cc(-c3ccc(-c4ccc(C(F)F)c(F)c4)c4ncccc34)sc12	0.009243
rxn:5:197124:228420:227821	CCc1c(C)cc(C)cc1-c1nc2c(OC)ccc(-c3cc(F)c(SC)c(F)c3)c2s1	0.009240
rxn:5:193460:225927:222993	CN(C)c1ccc(C(F)(F)F)cc1-c1cccc(C(=O)N2CCCCC2)c1-c1cccc(N2CCCCC2O)c1	0.009240
rxn:5:192335:226588:225510	COc1ccc(-c2cc(-c3cc(OC4CCC4)ncc3F)ccc2C(=O)N(C)C)c2ccc(C)nc12	0.009237
rxn:5:198516:226168:226341	COc1cc(F)c(C(C)C)cc1-c1cc(-c2ccccc2-c2cccnc2)cc2[nH]ccc12	0.009234
rxn:5:192571:225419:229088	CCOc1cc2ccccc2cc1-c1cccc(C(=O)N2CCC2)c1-c1cc(C(C)=O)cs1	0.009231
rxn:5:199056:227067:227792	COc1ccc(-c2cccc3c(-c4ccnc(C(F)(F)F)c4F)cc(C)nc23)c(C2CC2)c1	0.009227
rxn:5:195918:223314:226075	COc1ccc2cc(-c3cccc(-c4scnc4-c4ccc5[nH]ncc5c4C)c3)ccc2c1	0.009227
rxn:5:194049:223442:225841	CNc1ccc(-c2cc(C(=O)OC)cc3sc(-c4cc(F)cc(-n5cnc(C)c5)c4)nc23)cc1	0.009221
rxn:5:177286:226950:227520	Cc1cc(-c2cc(-c3cnc(OC(C)C)cc3F)ccc2COC(C)C)cc2cccnc12	0.009220
rxn:5:195913:225651:228555	COCc1ccccc1-c1ccc(-c2cc(-c3cc(C)cc(-c4cnn(C)c4)c3)on2)cc1	0.009218
rxn:5:180565:229049:226156	COC(=O)c1sc2cccc(-c3cnc4n3CCC4)c2c1-c1ccc(-c2ccccc2)nc1	0.009217
rxn:5:198450:225401:228178	COCc1ccc(F)c(-c2nccc3cc(-c4cc(-c5ccccc5)ccc4C)oc23)c1	0.009217
rxn:5:181742:227835:228662	Cc1ccc(-c2ccccc2-c2cccc(-c3cc4cnccc4s3)c2)cc1C1CC1	0.009212
rxn:5:197428:223418:225642	CC(=O)c1c[nH]c2cc(-c3cc(C)cc(-c4cnccn4)c3)c(-c3c[nH]cc4nccc3-4)cc12	0.009210
rxn:5:181202:226131:225644	CC(=O)c1cc(-c2cnc(-c3cccc(C)c3)nc2)ccc1-c1ccccc1CN1CCCC1	0.009208
rxn:5:190595:227971:227822	CCOC(=O)c1cc2cc(-c3cnccc3C(C)(C)C)cc(-c3c(C)cccc3C(C)C)c2[nH]1	0.009205
rxn:5:177739:226176:227306	Cc1nc(OC(C)C)ccc1-c1c(C(=O)OC(C)(C)C)cccc1-c1ccncc1C1CCCCC1	0.009203
rxn:5:199062:227362:228364	CCOc1cc(C)cc(F)c1-c1ccnc2c(C)c(-c3cnn(-c4cccs4)c3)ccc12	0.009200
rxn:5:180421:227919:226599	CCOc1cc(C)cc(-c2cc(CC3CCCCC3)ccc2-c2cc(F)c(OCC)c(F)c2C)c1	0.009197
rxn:5:195963:227390:227302	Cc1cc(-c2ccc(-c3nccs3)cc2-c2ccnn2C2CCCCC2)cnc1OC(C)C	0.009191
rxn:5:195909:227417:228683	CCCc1ncc(-c2ccccc2-c2nc(-c3ccnc(-c4ccsc4)c3)cs2)cn1	0.009190
rxn:5:182822:227113:227418	Cc1cc(F)c(C2CC2)cc1-c1c(-c2ccc(-c3ccco3)nc2)ccc2ccccc12	0.009177
rxn:5:192953:228556:227655	COCc1ccc(-c2c(-c3ccc(OC)cc3)ccnc2-c2cc(F)c(F)c(N(C)C)c2)cc1	0.009175
rxn:5:197409:227120:227082	COc1cc2nccc(-c3ccccc3N3CCCC3)c2cc1-c1ccc(C2CCC2)cc1F	0.009175
rxn:5:198438:226377:226183	Cc1cc(-n2cccn2)ccc1-c1nc2ccc(-c3cnccc3C3CCCCC3)cc2o1	0.009172
rxn:5:181856:225439:226954	Cc1ccc2cc(-c3cc(-c4cccc(C(C)N5CCCC5)c4)cc(C(C)(C)C)c3)cnc2c1	0.009171
rxn:5:177520:228778:228523	COc1cccc(-c2cccc(COc3cccc(-c4ccc5cccn5c4)c3)c2)c1F	0.009169
rxn:5:197606:227859:226083	CCN1CCc2c1ccc(-c1ccc3ccn(C)c3c1)c2-c1ccc2ccccc2c1OC	0.009167
rxn:5:195433:227076:225650	CCC(C)c1ccc(F)c(-c2ccc(-c3cnc(-c4ccccc4C)nc3)nc2C(C)=O)c1	0.009166
rxn:5:181205:226653:226902	CC(=O)c1c(-c2cnn(-c3ccc(F)cc3)c2)cccc1-c1ccc2ccccc2c1C	0.009162
rxn:5:177519:223358:223392	CC(=O)Nc1ccc(-c2cccc(OCc3ccc(-c4ccc5[nH]ccc5c4)cc3)c2)cc1	0.009161
rxn:5:196417:228098:225809	CCN(C)c1ccc(-c2ccc(-c3cccc(-c4cc(F)ccc4OC4CCOC4)c3)nc2)cn1	0.009161
rxn:5:182949:227163:227439	O=C1CCOc2c1ccc(-c1cnc3c(F)cccc3c1)c2-c1cccnc1-c1ccsc1	0.009157
rxn:5:195960:228332:226918	COc1cc(SC)c(-c2ccc(-c3cnco3)c(-c3ccc(C4=CCCC4)cc3)c2)cn1	0.009156
rxn:5:188255:225697:228117	COC(=O)c1cc(-c2cncc(OC(C)C)c2)c(C#N)cc1-c1cncc(-c2ccc(F)cc2)c1	0.009155
rxn:5:198406:225671:226323	Fc1cnc(C2CCCCC2)cc1-c1ccc2nc(-c3ccc(OC4CCCC4)nc3)oc2c1	0.009153
rxn:5:190586:223054:228997	CCOC(=O)c1cc2c(-c3ccc(C(C)N4CCC(O)C4)s3)c(-c3ccc(CC)nc3)ccc2[nH]1	0.009134
rxn:5:195429:227430:226589	CC(=O)c1ncc(-c2ccccc2-c2cscn2)cc1-c1cc(C(F)F)ncc1C(C)C	0.009131
rxn:5:192955:228000:228672	COc1cccc(-c2cnc(-c3cc(C)c(C)cc3OC)cc2-c2ccc3cnoc3c2)c1	0.009128
rxn:5:198416:226365:227041	CCOc1cc(C)c(-c2ncc(-c3cnn(-c4ccc(C)cc4)c3)c3sccc23)cc1C	0.009128
rxn:5:198632:227849:223068	Cc1nc2cc(-c3ccc4[nH]c(C(F)(F)F)cc4c3)cc(-c3ccnc4ccccc34)c2o1	0.009125
rxn:5:197413:227955:227186	COc1cc2c(-c3cc(C)cnc3C(C)C)ccnc2cc1-c1ccc2cccnc2c1F	0.009123
rxn:5:180677:228016:223394	CCOc1ccc2cc(-c3cc(C4CCCC4)cs3)ccc2c1-c1cccc2cc[nH]c12	0.009122
rxn:5:182822:226977:227418	Fc1ccc2c(-c3c(-c4ccc(-c5ccco5)nc4)ccc4ccccc34)cccc2c1	0.009113
rxn:5:193334:227345:226589	CC(C)Oc1ccc(-c2c(CN3CCOCC3)cccc2-c2cc(C(F)F)ncc2C(C)C)c(F)c1	0.009112
rxn:5:176853:227805:227560	COC(=O)c1cc(-c2ccc3ccccc3c2)c(-c2ccc(OC)c(C(F)F)c2)cc1OC	0.009109
rxn:5:196189:227862:225622	Cc1cccc2cc(-c3ccc(C4=NCCO4)cc3-c3ccccc3OC3CCCCO3)sc12	0.009106
rxn:5:198636:226976:227329	COc1ccc(C(C)=O)cc1-c1cc2cccc(-c3c(F)ccc4ccccc34)c2cn1	0.009104
rxn:5:199100:225622:227837	Cc1cc(-c2ccnc3c(C)ccc(-c4ccccc4OC4CCCCO4)c23)cc(C2CC2)c1	0.009104
rxn:5:197122:228563:227716	COc1cc2nc(-c3cccc(F)c3OC(F)F)sc2cc1-c1cc(CC(C)C)cs1	0.009103
rxn:5:176765:225811:227365	CCOCc1ccc(-c2ccc(C3(C(F)(F)F)CC3)cc2)cc1-c1cc(C)c(F)c(OCC)c1	0.009099
rxn:5:179881:227963:228606	CCc1ccc(F)c(-c2cccc(C(=O)c3cccc(-c4ccnc(C(C)(C)C)c4)c3)c2)c1	0.009098
rxn:5:182846:223089:225834	O=C1CCc2cc(-c3ccc4[nH]c(C(F)(F)F)nc4c3)cc(-c3cc(N4CCCCC4)ncc3F)c21	0.009096
rxn:5:192431:225671:229021	Cc1nccc(-c2cc(-c3cc(C4CCCCC4)ncc3F)cnc2Oc2ccccc2)c1C	0.009094
rxn:5:181423:226167:227371	COc1c(C)ccc(-c2c(C)cc(-c3ccc(-c4ccccn4)cc3)cc2SC)c1OC	0.009094
rxn:5:193459:227535:227843	CCOc1cc(F)c(F)cc1-c1cc(C(=O)N2CCCCC2)cc(-c2cncc3ccccc23)c1	0.009093
rxn:5:197446:227074:227846	CCOc1c(C)cc(C)cc1-c1cn(C(C)=O)c2ccc(-c3cn(C)c4ccccc34)cc12	0.009092
rxn:5:199072:226134:228058	Cc1cc2ccc(-c3cc(C#N)cc(C4CC4)c3C)cc2c(-c2ccc3nc(C)oc3c2)n1	0.009090
rxn:5:177191:227817:225816	CC(C)Cc1ccccc1-c1cc(-c2cc(C3CC3)ccc2C(F)(F)F)ccc1CC(=O)C1CC1	0.009084
rxn:5:198656:225689:228115	CC(C)Oc1ccc(-c2cnc(-c3ccc(-c4ccccc4F)nc3)c3ccccc23)cn1	0.009079
rxn:5:195924:223332:225704	CCn1c(C)nc2cc(-c3cc(-c4cc5cc(F)ccc5[nH]4)ncc3-c3ccoc3)c(F)cc21	0.009079
rxn:5:189130:228526:223315	Cc1ccc2[nH]ncc2c1-c1ccc(OCc2ccccc2)c(-c2cccc3ccsc23)n1	0.009079
rxn:5:195447:228067:226843	CC(=O)c1cnc(-c2ccc(C(=O)C(F)(F)F)nc2)cc1-c1cc2ccc(F)cc2s1	0.009078
rxn:5:182818:226320:227709	N#CC1(c2ccc(F)c(-c3cc(-c4cccc(OC(F)(F)F)c4)c4ccccc4c3)c2)CC1	0.009077
rxn:5:199102:227078:226131	COc1ccc(C2CC2)c(-c2cc(-c3ccccc3CN3CCCC3)c(C)c3ncccc23)c1	0.009061
rxn:5:196342:226891:228357	COc1nc(C)c(-c2cccc(-c3noc(C)c3-c3cc(C(F)(F)F)cc(F)c3F)c2)c(C)n1	0.009049
rxn:5:198642:226575:225788	CCc1nnc(-c2cccc(-c3cc(-c4ccc(C(=O)N(C)C)c(F)c4)c4cnccc4c3)c2)o1	0.009046
rxn:5:182897:226905:226075	COc1ccc2cc(-c3c(-c4ccc5cc(C)ccc5c4)ccc4c3CCC4)ccc2c1	0.009045
rxn:5:181958:223384:226170	CNC(=O)c1ccc(-c2cccc(-c3cc(-c4cccc(-c5ccccn5)c4)ccc3C)c2)cn1	0.009045
rxn:5:181964:228583:228005	CSc1cc(C)c(-c2cc(-c3ccnc(C(C)C)c3)cc(-c3ccccc3C)c2)cc1C	0.009036
rxn:5:176994:226364:227873	Cc1ccc2scc(-c3ccc(-c4ccc(N5CCCCC5)nc4)cc3OCC3CC3)c2c1	0.009034
rxn:5:196771:227140:229035	Cc1ccccc1-c1cnc(-c2cc3cccc(C#N)c3s2)cc1-c1cccc(F)c1C	0.009033
rxn:5:197407:227138:223237	COc1cc(-c2[nH]ncc2-c2ccccc2)cc2c(-c3cc4ccc(C#N)cc4s3)ccnc12	0.009029
rxn:5:180023:223307:227139	N#Cc1cccc2sc(-c3cc(Cc4ccccc4)cc(-c4ccc5c(c4)CCNC5)c3)cc12	0.009028
rxn:5:177518:229091:228007	CC(=O)c1occc1-c1cc(OCc2ccccc2)ccc1-c1cc(F)ccc1C1CC1	0.009027
rxn:5:182819:226943:226921	Cc1cc2cccc(-c3ccc4ccc(-c5cc(C6CC6)c(C)cc5C)cc4c3)c2cn1	0.009022
rxn:5:188380:227286:225403	CCOC(=O)c1ccc(-c2ccc(C(=O)N(C)C)cc2)c(-c2cc(C)ccc2-c2ccccc2)n1	0.009019
rxn:5:198624:227138:227113	Cc1cc(F)c(C2CC2)cc1-c1ccc2cccc(-c3cc4ccc(C#N)cc4s3)c2n1	0.009017
rxn:5:182635:226059:227756	CC(C)c1ccc(-c2ccc(-c3c(F)cccc3C(F)(F)F)c3occc23)c(C(C)C)c1	0.009011
rxn:5:177447:226426:226412	COc1cc(-c2ccc(N3CCC(C)CC3)s2)cc(-c2cc(F)cc(N3CCCC3)c2)c1OC(C)C	0.009010
rxn:5:178121:228504:225453	c1cc(SC2CCCCC2)cc(-c2cccc(OCC3CCOCC3)c2-c2cccc3c2CCC3)c1	0.009010
rxn:5:179396:227581:226930	CCOc1c(F)ccc(-c2ccc(C(=O)C3CC3)c(-c3cnc4c(C)cccc4c3)c2)c1F	0.009006
rxn:5:199094:228419:227069	COc1ccc(-c2c(-c3cc(F)c(SC)cc3F)cnc3c(C)cccc23)c(C(C)C)c1	0.009004
rxn:5:178121:226398:223360	CNCc1cccc(-c2cccc(OCC3CCOCC3)c2-c2cccc(-n3ccnc3C)c2)c1F	0.008996
rxn:5:195905:228065:227918	Cc1noc2ccc(-c3ncc(-c4ccc(-c5ccc(SC6CC6)cc5)cc4)s3)cc12	0.008996
rxn:5:199278:228505:225490	CCCc1ccc(-c2cc3c(c(-c4ccc(-c5ccccc5F)cc4)c2)N(C)C(=O)CC3)cc1	0.008994
rxn:5:176760:225789:227956	CCOCc1cccc(-c2ccc(Oc3ncccn3)cc2)c1-c1cc(C)nc(C(C)C)c1	0.008993
rxn:5:198632:227350:225839	COc1cc(C)cc(OC)c1-c1cc(-c2cnc(-c3cccc(F)c3)nc2)cc2nc(C)oc12	0.008992
rxn:5:188383:226653:227620	CCOC(=O)c1cc(-c2cc(-n3ccnc3C)cs2)cnc1-c1cnn(-c2ccc(F)cc2)c1	0.008992
rxn:5:199270:225857:228530	Cc1ccn(-c2cc(F)cc(-c3ccc4nc(C)c(C)c(-c5ccc6c(c5)OCC6)c4c3)c2)n1	0.008992
rxn:5:179202:228060:228868	COC(=O)c1ccc(-c2cc(-c3ccc4nc(C)sc4c3)cc(SC)c2OC)s1	0.008989
rxn:5:196914:228102:229050	Cc1ccc(C)n1-c1ccc(-c2cncnc2CC(C)C)c(-c2cc3sccc3s2)c1	0.008988
rxn:5:197492:226937:226071	CCc1c[nH]c2c(-c3cccc4c(C)nccc34)ccc(-c3ccc(C#N)c4ccccc34)c12	0.008981
rxn:5:196920:227034:227930	Cc1ccc(C)n1-c1ccc(-c2cccc(OC3CC3)c2)cc1-c1c(C#N)cccc1C1CC1	0.008978
rxn:5:197409:225661:228791	COc1cc2nccc(-c3ccc(SC)cc3F)c2cc1-c1ccc(N2CCOCC2)cc1C	0.008977
rxn:5:181206:226372:225795	COc1cc(-n2cccn2)ccc1-c1ccc(C(C)=O)cc1-c1ccnc(-c2ccccn2)c1	0.008970
rxn:5:195925:223203:226357	Cc1cnn(-c2ccc(-c3ccccc3-c3cnc(-c4cccc(C5(O)CCC5)c4)s3)cc2)c1	0.008969
rxn:5:195928:225849:227995	COc1c(C)cc(C)cc1-c1cccc(-c2cnc(-c3cnc(N4CCCCC4)cc3F)s2)c1	0.008968
rxn:5:182652:222959:228067	Cc1cc(-c2csc3c(-c4cc5ccc(F)cc5s4)cccc23)ccc1C1CCNCC1	0.008965
rxn:5:198746:226836:226068	Cc1cc(C(C)(C)C)cc(C)c1-c1cc(-c2cn(C(C)C)nc2C(F)(F)F)c2ncccc2c1	0.008963
rxn:5:197566:228528:227131	CCc1cc2ccc(-c3csc4ccccc34)cc2nc1-c1cccc(C2CCOC2)c1	0.008958
rxn:5:179759:227373:228101	N#Cc1cc(C#N)cc(-c2ccccc2Oc2ccc(-c3cccc(-n4cccn4)c3)cc2)c1	0.008953
rxn:5:196081:227430:227144	COc1cccc2cc(-c3ncc(-c4ccccc4-c4cscn4)cc3C(C)C)sc12	0.008952
rxn:5:194246:229078:228186	COC(=O)c1nc2ccccc2c(-c2cccc(SC)c2OC)c1-c1cncc(OC)c1	0.008952
rxn:5:182658:228437:223013	COC(=O)c1ccc2cc(-c3cc(-c4ccc(C(F)F)cc4F)cc4sccc34)[nH]c2c1	0.008946
rxn:5:195445:223017:227124	COC(=O)c1cccc2cc(-c3cnc(-c4ccc(C(C)(C)C)cc4F)c(C(C)=O)c3)[nH]c12	0.008945
rxn:5:192567:226362:223211	COc1ccc(-c2ccc(-c3cccc(-c4ccn(C)n4)c3)cc2C2(C#N)CCC2)c2cc[nH]c12	0.008941
rxn:5:197449:227436:223236	CC(=O)n1ccc2cc(-c3cccc(-c4ncc[nH]4)c3)cc(-c3ccc(-c4cncs4)cc3)c21	0.008935
rxn:5:195923:226062:228105	CCN(C)c1cc(-c2cc(-c3cc(C(C)C)cc(C(C)C)c3)ncc2-c2ccco2)ccn1	0.008934
rxn:5:178842:227639:226218	COC(=O)c1cc(-c2c(F)ccc3ccc(C)nc23)ccc1-c1cn(-c2cccs2)nc1C	0.008934
rxn:5:179399:227102:227672	COC(=O)c1cc(C)c(-c2cc(C(C)(C)C)ccc2F)c(-c2cccc(C)c2C(F)(F)F)c1	0.008932
rxn:5:198652:227393:227652	c1ccc(-c2cnc(-c3nccc4cccc(-c5cccnc5-c5cscn5)c34)s2)cc1	0.008932
rxn:5:177447:227149:226732	COc1cc(-c2c(C)ccc3c2cnn3C)cc(-c2ccc(C#N)c(C(F)(F)F)c2)c1OC(C)C	0.008924
rxn:5:181624:226074:226949	Cc1ccc2nccc(-c3cc(-c4cccc5c(C#N)cccc45)ccc3C3OCCO3)c2c1	0.008924
rxn:5:195928:228097:226857	CN(C)Cc1cncc(-c2ncc(-c3cccc(-c4cc(OC(F)(F)F)ccc4F)c3)s2)c1	0.008923
rxn:5:182825:223299:226861	Cc1cccc2[nH]c(-c3cc(-c4ccc(OC(F)(F)F)c(F)c4)cc4ccccc34)cc12	0.008920
rxn:5:179414:225667:226319	COC(=O)c1ccc(-c2ccnc(-c3ccc(F)cc3)c2)c(-c2ccc(C(=O)N3CCC3)cc2)c1C	0.008917
rxn:5:181580:229050:225497	CC(C)c1ccc(-c2cccc(-c3ccc(F)cc3)c2)cc1-c1cc2sccc2s1	0.008916
rxn:5:196351:226363:223213	Cc1ccc2[nH]nc(C)c2c1-c1ccc(-c2cnccc2-c2ccc(-c3nccn3C)cc2)cc1	0.008914
rxn:5:194239:223133:226744	CCc1cc(-c2nc(C(=O)OC)cc3c(-c4ccccc4N4CCNCC4)cccc23)cnc1C(F)(F)F	0.008913
rxn:5:197567:227282:227799	CCc1cc(-c2cnc(C(F)(F)F)c(F)c2)c2cc(-c3cc(C#N)cnc3C(C)C)ccc2n1	0.008912
rxn:5:192880:223189:226818	CS(=O)(=O)Nc1ccc(-c2ccnc(OC3CCCC3)c2-c2cnc(-c3nccs3)cc2F)c(F)c1	0.008910
rxn:5:176588:227733:226202	CCOC(=O)c1ccc(-c2ccc3c(CC)nn(C)c3c2)c(-c2cnc(-c3cncs3)nc2)c1	0.008908
rxn:5:181537:225787:226394	Fc1cccc(Cn2cc(-c3cc(C4COC4)ccc3-c3cncc(-c4ccccn4)c3)cn2)c1	0.008907
rxn:5:198956:228386:227825	Cc1nc2c(-c3cc(-c4nccs4)cs3)ccc(-c3cccc(C4CCC4)c3)c2c(=O)o1	0.008906
rxn:5:177187:226387:223296	CCOC(=O)c1cc(C)cc(-c2cncc(-c3ccncc3)c2)c1-c1cc2ccc(C)cc2[nH]1	0.008899
rxn:5:177514:226460:223417	COc1ccc2nccc(-c3cccc(OCc4ccccc4-c4n[nH]c5ccccc45)c3)c2n1	0.008898
rxn:5:189538:226758:228661	COc1ccc(-c2ccc(C(=O)N(C)C(C)C)cc2-c2ccc3ncsc3c2)cc1C(F)(F)F	0.008895
rxn:5:198627:226587:226147	Cc1cc(OC(C)C)cc(C)c1-c1c(-c2cnc(OC3CCC3)cc2F)cnc2ccccc12	0.008894
rxn:5:197427:227403:227371	COc1ccc2c(-c3ccc(N4CCCCC4)s3)c(-c3ccc(C)c(OC)c3OC)cnc2c1	0.008892
rxn:5:198418:227447:226697	Fc1cc(-c2cscn2)ccc1-c1noc2c(-c3c(F)ccc(C4CC4)c3F)cccc12	0.008889
rxn:5:189127:228034:228462	FC(F)Oc1cc(-c2cccc(COc3ccc(-c4cccc5nccnc45)nc3)c2)ccn1	0.008887
rxn:5:198442:223086:226944	Cc1ccc2cc(-c3cc4sc(-c5cc6[nH]ncc6cc5C(F)(F)F)cc4cn3)ccc2n1	0.008886
rxn:5:188412:227055:227440	CCOC(=O)c1c(-c2ccc(OC)c(C3CC3)c2)cncc1-c1cccnc1-c1cccs1	0.008884
rxn:5:196858:227081:225635	Cc1cc(C)n(-c2cccc(-c3cc(C4CCOCC4)ncc3-c3ccc(N4CCCC4)cc3)c2)n1	0.008878
rxn:5:198432:226377:227410	Cc1cc(-n2cccn2)ccc1-c1ccc2snc(-c3cc(-c4ccncc4)cs3)c2c1	0.008877
rxn:5:177731:227869:226365	Cc1ccc(-n2cc(-c3ccc(C(=O)OC(C)(C)C)c(-c4ccc5c(c4)CC(C)O5)c3)cn2)cc1	0.008877
rxn:5:179873:227954:228555	COCc1ccccc1-c1ccc(C(=O)c2ccccc2-c2ccc(C3CCC3)nc2)cc1	0.008875
rxn:5:192077:225509:227070	CCOc1cc(C)c(C)cc1-c1nc(C(=O)OC)cc(-c2ccc3c(C4CC4)nn(C)c3c2)c1C	0.008872
rxn:5:196916:227820:223067	CC(=O)Nc1nc2ccc(-c3ccc(N4CCCCC4=O)c(-c4ccc(C(C)(C)C)cc4)c3)cc2s1	0.008872
rxn:5:199088:228069:226207	COc1cc2cc(-c3ccc4nc(C)cc(-c5ccc(F)c6ccoc56)c4c3)ccc2cn1	0.008872
rxn:5:179184:228495:226762	CSc1cc(-c2ccc(-c3ccn(CC(F)(F)F)n3)cc2OC2CC2)cc(C(F)(F)F)c1	0.008872
rxn:5:182637:227159:226192	Cc1ccccc1-c1csc(-c2cc3ccoc3cc2-c2ccc(C)c3nccnc23)c1	0.008870
rxn:5:180023:228777:227532	CCOc1ccc(-c2cc(Cc3ccccc3)cc(-c3ccc(OC)cc3F)c2)c(F)c1F	0.008866
rxn:5:189138:227755:223294	Fc1ccc(C(F)(F)F)cc1-c1ccc(OCc2cccc(-c3csc(N4CCNCC4)n3)c2)nc1	0.008866
rxn:5:193156:228364:228212	c1csc(-n2cc(-c3cc(CN4CCCC4)cc(-c4ccc(-n5cccc5)s4)c3)cn2)c1	0.008861
rxn:5:199059:226690:228667	Cc1nc(-c2cscn2)ccc1-c1cc(C)c2nc(-c3cc4ncccc4s3)ccc2c1	0.008859
rxn:5:181741:228177:227055	COCc1ccc(F)cc1-c1ccccc1-c1ccccc1-c1ccc(OC)c(C2CC2)c1	0.008859
rxn:5:196350:227322:225943	COc1c(-c2ccnc(-c3cccc(-c4ccc(C(=O)N5CCOCC5)s4)c3)c2)cncc1C(C)C	0.008852
rxn:5:177182:225582:228575	CCOC(=O)c1cc(C)cc(-c2ccc(C#N)c(C)c2)c1-c1cncc(Oc2ccccc2)c1	0.008850
rxn:5:197449:225587:227136	CCn1ccc2cc(-c3cc(-c4cccc(CN5CCOCC5)c4)c4c(ccn4C(C)=O)c3)cnc21	0.008850
rxn:5:196187:225436:228029	Cn1cc2ccc(-c3cc(-c4ccc(CN5CCCCC5)cc4)ccc3-n3cccc3)cc2n1	0.008846
rxn:5:199072:226445:228552	CCOc1cccc(-c2nc(C)cc3ccc(-c4ccc(-c5ccsc5)nc4C)cc23)c1	0.008842
rxn:5:177279:226953:226382	Cc1ccc2cccnc2c1-c1c(OCC(C)C)cccc1-c1cnc(C2CCCCC2)nc1	0.008841
rxn:5:189662:227340:226593	COC(=O)c1cc(-c2cnc(-c3c(F)ccc(OC(C)C)c3F)c(OCC3CCOCC3)c2)ccc1C	0.008839
rxn:5:181581:225458:227157	Cc1cc(-c2cc(-c3cc(C)cc4c3cnn4C)cc(C(C)C)c2)cc(-c2ccccn2)c1	0.008838
rxn:5:194246:227357:229066	CCC(=O)c1cc(-c2c(C(=O)OC)nc3ccccc3c2-c2cncnc2CC)ccc1F	0.008834
rxn:5:195919:227522:227442	COC(=O)c1ccc(-c2ncsc2-c2ccccc2-c2cncc(-c3ccoc3)c2)c(C)n1	0.008822
rxn:5:199064:225468:228071	Cc1cc(-c2cccc3c2OCCO3)c2ccc(-c3ccc(-c4ccccc4C)nc3)cc2n1	0.008822
rxn:5:191234:227591:227453	COC(=O)c1nc(-c2ccc(-c3ccc(C)s3)s2)sc1-c1ccc(C(F)F)cc1OC	0.008816
rxn:5:177970:227394:228128	COc1ccc(-c2cc(OCC3CCCC3)cc(-c3cc(-c4ccccc4)no3)c2)cc1C#N	0.008813
rxn:5:181962:228562:227840	CCC(C)c1csc(-c2cccc(-c3ccc(C)c(-c4cccc(C)c4C4CC4)c3)c2)c1	0.008812
rxn:5:196339:227287:226918	COc1nc(C(C)C)ccc1-c1ccncc1-c1cccc(-c2ccc(C3=CCCC3)cc2)c1	0.008807
rxn:5:177447:226143:226149	COc1ccc(-c2cc(-c3cc(C)c(OC(C)C)c(C)c3)cc(OC)c2OC(C)C)cc1C(C)(C)C	0.008805
rxn:5:179203:225803:225812	CCC(=O)c1cc(-c2ccnc(OC3CCOCC3)c2)cc(-c2cc(C)c(F)c(OC(C)C)c2F)c1	0.008804
rxn:5:199106:227528:226137	COC(=O)c1ccc(-c2ccc3nccc(-c4cc(C5CC5)cnc4C(C)C)c3c2C)cc1F	0.008803
rxn:5:193151:227130:228058	Cc1nc2ccc(-c3cccc(CN4CCCC4)c3-c3ccc(-c4ccoc4)cc3)cc2o1	0.008801
rxn:5:194140:227845:229089	CC(=O)Oc1c[nH]c2ccc(-c3cccc4cnccc34)c(-c3ccsc3C(C)=O)c12	0.008797
rxn:5:196678:225605:227201	Cc1cnc(OC2CCCC2)c(-c2ccc(N3CCCC3)cc2-c2ccnc3ccc(F)cc23)c1	0.008797
rxn:5:182824:226884:228472	Fc1cc(C(F)(F)F)cc(F)c1-c1ccc2c(-c3ccc(C(F)(F)F)nc3)cccc2c1	0.008795
rxn:5:195914:227646:226944	Cc1ccc2cc(-c3cc(-c4ccc(-c5cnccc5-c5nccs5)cc4)no3)ccc2n1	0.008794
rxn:5:181285:226080:225839	CCc1cccc(-c2ccc(OC)c3ccccc23)c1-c1cnc(-c2cccc(F)c2)nc1	0.008794
rxn:5:195450:228059:223015	COC(=O)c1ccc2[nH]c(-c3nccc(C(C)=O)c3-c3ccc4sc(C)nc4c3)cc2c1	0.008788
rxn:5:195908:227559:225976	Cc1ccc(-c2cnc(-c3ccc(-c4ccnc(N5CCOCC5)c4F)cc3)s2)cc1OC(F)F	0.008786
rxn:5:190721:227452:228829	CCCCc1cc(-c2cc(F)c(C)c(F)c2)c2cc(-c3cccc(C4OCCO4)c3)ccc2n1	0.008776
rxn:5:181746:228778:226357	COc1cccc(-c2ccc(-c3ccccc3-c3ccc(-n4cc(C)cn4)cc3)cc2)c1F	0.008774
rxn:5:199100:227195:223006	Cc1ccc(-c2cc(F)cc3ccncc23)c2c(-c3ccc(F)c(C4CCNCC4)c3)ccnc12	0.008769
rxn:5:198649:227078:225446	COc1ccc(C2CC2)c(-c2ccc3cc(-c4cc(C)cc(OC5CCCC5)c4)ccc3n2)c1	0.008765
rxn:5:181580:225630:226751	Cc1cc(C)n(-c2ccc(-c3cc(-c4ccc(OC(F)(F)F)cc4C)ccc3C(C)C)cc2)n1	0.008762
rxn:5:177510:229085:227913	CC(C)Oc1ccc(-c2ccc(-c3scnc3C3CC3)c(OCc3ccccc3)c2)cc1	0.008762
rxn:5:179206:225583:225819	COc1ccc(-c2cccc(C(=O)N3CCCC3)c2)c(SC)c1-c1cc(C(F)(F)F)ccc1C1CC1	0.008760
rxn:5:179550:222956:225648	Cc1ccc(-c2ncc(-c3cccc(OC(C)C)c3-c3ccc(C)cc3C3CCCNC3)cn2)cc1	0.008760
rxn:5:199167:226167:223012	COC(=O)c1cc2cc(-c3nc4c(cc3-c3ccc(-c5ccccn5)cc3)CCCC4)ccc2[nH]1	0.008759
rxn:5:177511:228977:226931	Cc1ccc2ncccc2c1-c1ccc(OCc2ccc(-c3ccc4c(c3)CC4)cc2)cc1	0.008749
rxn:5:192084:225474:227089	Cc1cccc(-c2cncc(-c3ccc(C4(C#N)CC4)c(-c4ccncc4C4CCCC4)c3)c2)c1	0.008749
rxn:5:198408:226582:226053	CN(C)C(=O)c1ccc(-c2nc3cc(-c4ccc(F)c(OC(F)(F)F)c4F)ccc3s2)c(F)c1	0.008746
rxn:5:177280:225438:228041	CCCOc1c(C)cc(-c2ccc(C(C)N3CCCC3)cc2)cc1-c1ccnc2cnccc12	0.008744
rxn:5:192660:228434:227892	CN(C)Cc1ccc(-c2cc(-c3ccc(C#N)cc3)cc(-c3ccc(C(F)F)c(F)c3)c2)cc1	0.008743
rxn:5:180020:225450:223010	O=C(c1ccc(-c2cc(-c3ccc(C4(O)CCOCC4)cc3)ccc2OC2CCCC2=O)cc1)C1CCCC1	0.008738
rxn:5:194145:228061:227525	CCc1cnc(C(F)F)cc1-c1cc(-c2cccc3onc(C)c23)c2cc(C(=O)OC)[nH]c2c1	0.008738
rxn:5:181622:227764:228386	Fc1cc(-c2cc(C3OCCO3)ccc2-c2cc(-c3nccs3)cs2)cc(F)c1C(F)F	0.008737
rxn:5:196566:226872:226648	Cc1nc(-c2cccc(-c3nccc(C(C)(C)C)c3-c3cc(F)ccc3OC(F)(F)F)c2)no1	0.008734
rxn:5:192423:228613:227559	CCc1ccc(-c2cccnc2Oc2ccccc2-c2ccc(C)c(OC(F)F)c2)cc1F	0.008734
rxn:5:181621:222960:225697	Cc1cc(-c2cc(-c3cncc(-c4ccc(F)cc4)c3)cc(C3OCCO3)c2)cc(C2CCNCC2)c1	0.008732
rxn:5:196921:223392:226169	Cc1ccc(C)n1-c1ccc(-c2ccc3[nH]ccc3c2)cc1-c1cccc(-c2ccncc2)c1	0.008729
rxn:5:177970:223006:227066	O=C(c1cccc(-c2cc(OCC3CCCC3)cc(-c3ccc(F)c(C4CCNCC4)c3)c2)c1)C1CC1	0.008727
rxn:5:193467:228764:225582	COc1nccc(-c2ccc(-c3cncc(Oc4ccccc4)c3)cc2C(=O)N2CCC[C@@H]2C)c1C	0.008721
rxn:5:189908:223007:223413	Fc1cc(-c2cnc(-c3cncc4[nH]ccc34)c(OCC3CCCCC3)c2)cc(C2CCNCC2)c1	0.008719
rxn:5:181852:226058:226358	Cc1cnn(-c2cccc(-c3ccc(-c4c(C(C)C)cccc4C(C)C)cc3C(C)(C)C)c2)c1	0.008717
rxn:5:199058:226359:228808	CSc1cc(F)cc(-c2ccnc3c(-c4ccc(-c5ccnn5C)cc4)c(C)ccc23)c1	0.008716
rxn:5:176858:227806:226809	COC(=O)c1cc(-c2cccc3ccccc23)c(OC)cc1-c1cc(-c2ncon2)ccc1F	0.008714
rxn:5:197417:223112:228171	CCOc1ccc(-c2c(-c3c(C(C)C)ccc4[nH]ncc34)cnc3c(OC)cccc23)cc1F	0.008712
rxn:5:196351:226425:223329	Cc1ccc2cn[nH]c2c1-c1ccc(-c2cnccc2-c2ccc(N3CCCCC3C)s2)cc1	0.008712
rxn:5:179756:227982:228808	COc1cc(C)cc(-c2ccccc2Oc2cccc(-c3cc(F)cc(SC)c3)c2)c1C	0.008709
rxn:5:188253:227650:227636	COC(=O)c1cc(C#N)cc(-c2cncc(-c3cncs3)c2)c1-c1ccc(-c2cnccn2)s1	0.008707
rxn:5:193809:225671:227093	CC1CCN(Cc2ccc(-c3cc(C4CCCCC4)ncc3F)cc2-c2cccnc2C2CCCC2)CC1	0.008705
rxn:5:191680:226901:228467	CCOc1ccnc(-c2cc(C(=O)OC)sc2F)c1-c1cccc(S(F)(F)(F)(F)F)c1	0.008702
rxn:5:180297:228437:225446	COc1cc(-c2ccc(C(F)F)cc2F)c(C2(C)OCCO2)cc1-c1cc(C)cc(OC2CCCC2)c1	0.008700
rxn:5:179193:225687:228560	CCSc1ccccc1-c1cc(OC)c(OC)cc1-c1cccnc1-c1ccc(F)cc1	0.008698
rxn:5:177185:227435:228153	COc1cc(OC)cc(-c2ccc(-c3ccccc3-c3nccs3)cc2C(=O)OC(C)C)c1	0.008696
rxn:5:196799:227067:228151	COC(=O)c1cccc(-c2cc(-c3ccc(C)nc3)cc(-c3ccc(OC)cc3C3CC3)c2)c1	0.008694
rxn:5:196915:226697:222419	Cc1ccc(C)n1-c1ccc(-c2cccc(S(N)(=O)=O)c2)c(-c2ccc(-c3cscn3)cc2F)c1	0.008687
rxn:5:176567:226610:227997	CCc1cc(-c2ccc(CC(=O)OC)c(-c3cc(C4CC4)ccc3F)c2)cc(C(F)(F)F)c1	0.008687
rxn:5:181204:226345:227394	COC(=O)c1cc(-c2cc(C(C)=O)cc(-c3cc(-c4ccccc4)no3)c2)c(C)cc1C	0.008684
rxn:5:198751:225823:223375	CC(C)c1cc(-c2cncc3cccc(-c4cc(F)cc5[nH]ncc45)c23)cc(C(F)(F)F)c1	0.008681
rxn:5:195679:226195:225939	Cc1cccc(-c2csc(-c3cc(-c4cnc(C(F)(F)F)c(C(C)C)c4)cc(S(N)(=O)=O)c3)c2)c1	0.008680
rxn:5:183066:226445:226910	CCC(C)(C)c1ccc(-c2c(-c3ccc(-c4ccsc4)nc3C)ccc3c2CCCC3=O)cc1	0.008678
rxn:5:197492:226205:227106	CCc1c[nH]c2c(-c3cc(OC)cc4cccnc34)ccc(-c3cc(C4CC4)c(C)cc3F)c12	0.008677
rxn:5:197077:225589:227956	Cc1cc(-c2c(C#N)sc3cc(-c4ccc(CN5CCSCC5)cc4)ccc23)cc(C(C)C)n1	0.008673
rxn:5:198636:225585:226168	c1cncc(-c2ccccc2-c2cc3cccc(-c4ccccc4CN4CCOCC4)c3cn2)c1	0.008670
rxn:5:196566:226875:226350	COC(=O)c1c(C)ccc(-c2nccc(C(C)(C)C)c2-c2cc(F)c(OC(F)F)cc2F)c1C	0.008665
rxn:5:179188:228496:225420	CCOc1c(-c2ccc(C(=O)CC)cc2-c2cnn(CC(F)(F)F)c2)ccc2ccccc12	0.008662
rxn:5:193541:227306:225819	Cc1nc(OC(C)C)ccc1-c1cc(CN2CCCCC2)cc(-c2cc(C(F)(F)F)ccc2C2CC2)c1	0.008660
rxn:5:191332:225687:225435	N#CCc1ccc(-c2cccnc2-c2ccc(F)cc2)c(-c2ccccc2CN2CCCCC2)c1	0.008657
rxn:5:195927:223111:223239	CC(C)c1n[nH]c2cccc(-c3csc(-c4cccc(-c5cncc(C6CCCN6)c5)c4)n3)c12	0.008655
rxn:5:177500:228254:228548	CCCc1cncc(-c2ccccc2COc2ccccc2-c2ccc(OC)c(F)c2C)c1	0.008647
rxn:5:189130:228620:228118	COc1cccc(-c2ccc(OCc3ccccc3)c(-c3ccc(SC)c(C)c3)n2)c1C#N	0.008647
rxn:5:197421:226428:228020	COc1cc2c(-c3c(F)cccc3C3CC3)nccc2cc1-c1cc(N2CCCCC2C)cs1	0.008643
rxn:5:181627:226709:226156	Cc1cc(C(F)(F)F)cc(C)c1-c1ccc(C2OCCO2)cc1-c1ccc(-c2ccccc2)nc1	0.008635
rxn:5:197419:226154:227386	COc1cc(C(C)(C)C)ccc1-c1ccc(OC)c2ccc(-c3cnn(C4CCCCC4)c3)nc12	0.008632
rxn:5:180723:228506:228401	CCCc1ccccc1-c1ccc2c(-c3c(F)ccc(F)c3OC)c(OC(C)C)ccc2c1	0.008630
rxn:5:191501:225489:227344	COC(=O)c1ccc(-c2ccc(OC(C)C)c(F)c2)nc1-c1cc(F)cc(-c2ccccc2)c1	0.008627
rxn:5:192956:226083:229067	CCc1ncc(-c2cc(-c3ccc4ccccc4c3OC)ncc2-c2ccccc2OC)cn1	0.008626
rxn:5:178983:226192:227167	CCOc1cc(-c2ccc(F)c3cccnc23)ccc1-c1cc(-c2ccccc2C)cs1	0.008613
rxn:5:177734:226746:226133	CCc1cnc(C(F)(F)F)cc1-c1cc(C)c(C(=O)OC(C)C)cc1-c1cc(C2CC2)cc(C#N)c1C	0.008610
rxn:5:194245:228620:228975	COC(=O)c1cnc(-c2cnn(C(F)(F)F)c2)c2ccc(-c3ccc(SC)c(C)c3)cc12	0.008609
rxn:5:178120:228165:226425	CCOc1ccc(F)c(-c2cccc(OCC3CCOCC3)c2-c2ccc(N3CCCCC3C)s2)c1	0.008609
rxn:5:192661:228987:227401	Cc1cc(C)cc(-c2ccc(C(=O)c3ccncc3)cc2-c2cccc(-c3cnco3)c2)c1	0.008608
rxn:5:179204:228241:227637	COc1c(-c2ccc(F)c(C(C)=O)c2)ccc(-c2cn(-c3ccoc3)nc2C)c1SC	0.008607
rxn:5:197568:226941:227437	CCc1cc(-c2cccc3cnc(C)cc23)cc2c(-c3ccnc(C4CCCO4)c3)ccnc12	0.008606
rxn:5:196407:227657:226956	Cc1ccnc2c(-c3cccc(-c4ccncc4-c4ccc(N5CCOCC5)s4)c3)cccc12	0.008604
rxn:5:195916:227442:227113	Cc1cc(F)c(C2CC2)cc1-c1cc(-c2cncc(-c3ccoc3)c2)ccc1-c1ncco1	0.008600
rxn:5:193231:226462:227544	CCn1cnc2cc(-c3ccc(C(=O)N4CCSCC4)c(-c4cc(F)ccc4C(=O)OC)c3)c(F)cc21	0.008596
rxn:5:199077:226746:228005	CCc1cnc(C(F)(F)F)cc1-c1cnc(-c2cc(C)c(SC)cc2C)c2cc(C)ccc12	0.008593
rxn:5:176853:226906:229086	COC(=O)c1cc(-c2cccc3cccc(C)c23)c(-c2ccc(C(C)=O)s2)cc1OC	0.008592
rxn:5:179400:223244:225630	COc1cc2[nH]ncc2cc1-c1cc(C(=O)C2CC2)ccc1-c1ccc(-n2nc(C)cc2C)cc1	0.008588
rxn:5:197426:226870:228124	CCOc1cc(C)c(-c2nccc3c(-c4ccc(F)c(OC(F)(F)F)c4)ccc(OC)c23)cn1	0.008583
rxn:5:177281:226668:223002	CC(C)OCc1cccc(-c2cc(F)cc(-n3ccnc3)c2)c1-c1ccc(C2CCNCC2)cc1F	0.008583
rxn:5:182816:225579:227080	N#Cc1cc(-n2cccc2)ccc1-c1cccc2c(-c3cccc(N4CCCC4)c3)cccc12	0.008572
rxn:5:192429:226973:227361	COc1cc(-c2cccc(Oc3ccc(-c4ccc5c(c4)C(C)(C)CO5)cn3)c2)c(OC)cc1C	0.008571
rxn:5:191698:227544:226900	CCOc1ncc(-c2cc(F)ccc2C(=O)OC)cc1-c1ccc(S(F)(F)(F)(F)F)cc1	0.008571
rxn:5:198474:227107:225489	Cc1cc(-c2cc(-c3cc(F)cc(-c4ccccc4)c3)c3ncoc3c2)c(F)c(C2CC2)c1	0.008564
rxn:5:198412:226680:225650	Cc1ccccc1-c1ncc(-c2cccc3sc(-c4cc(-n5cccc5)ncc4F)nc23)cn1	0.008564
rxn:5:181427:227155:225824	CSc1cc(-c2cc(C3CC3)cc(C(F)(F)F)c2)cc(-c2cc(C)c3cnn(C)c3c2)c1C	0.008562
rxn:5:196772:225454:228650	Cc1cccc(-c2cnc(-c3ccc(C4=CCN(C)CC4)cc3)cc2-c2ccc3nccn3c2)c1	0.008561
rxn:5:196618:226321:227201	O=C1CCCN1c1cc(-c2ccc(SC3CCCC3)nc2)ccc1-c1ccnc2ccc(F)cc12	0.008559
rxn:5:198675:227451:225435	Cc1ccc(-c2ccccc2CN2CCCCC2)c2sc(-c3ccc(C4CC4(F)F)cc3)nc12	0.008555
rxn:5:181741:225435:228118	COc1cccc(-c2ccccc2-c2ccccc2-c2ccccc2CN2CCCCC2)c1C#N	0.008547
rxn:5:181064:225816:225586	COc1cc(-c2ccc(Oc3ccccc3)nc2)ccc1-c1cc(C2CC2)ccc1C(F)(F)F	0.008547
rxn:5:190587:228684:226377	CCOC(=O)c1cc2c(-c3cccnc3OCC)ccc(-c3ccc(-n4cccn4)cc3C)c2[nH]1	0.008545
rxn:5:192416:228184:228455	COc1ncc(-c2cc(Sc3cccc(-c4ccc(OC)c(SC)c4)c3)ccn2)c(OC)n1	0.008543
rxn:5:193541:225657:225593	Cc1cc(-c2cc(CN3CCCCC3)cc(-c3cc(F)cc(CN4CCCC4)c3)c2)ccc1N1CCOCC1	0.008542
rxn:5:182011:227085:223011	CC(C)Oc1cc2cn[nH]c2cc1-c1cc(C2CCOCC2)ccc1-c1ccc(C2CCCC2)nc1	0.008541
rxn:5:178117:222991:225437	OC1CCCN(c2ccc(-c3ccc(-c4cccc(CN5CCCCC5)c4)c(OCC4CCOCC4)c3)cc2)C1	0.008538
rxn:5:181202:225700:226149	COc1ccc(-c2ccc(-c3cncc(-c4ccccc4F)c3)c(C(C)=O)c2)cc1C(C)(C)C	0.008538
rxn:5:189448:228115:226433	COC1CN(C(=O)c2ccc(-c3ccc(OC(C)C)nc3)c(-c3cc(C)cc(-c4cncs4)c3)c2)C1	0.008533
rxn:5:181625:226887:226647	Cc1nnc(-c2cccc(-c3ccc(-c4ccc(F)c(C(F)(F)F)c4F)c(C4OCCO4)c3)c2)o1	0.008532
rxn:5:182847:226213:226030	COc1c(F)cc(-c2ccc(-c3cnc(OC)c4ccccc34)c3c2CCC3=O)cc1C(F)(F)F	0.008529
rxn:5:176764:226375:227616	CCOCc1c(-c2cccc(-c3nccn3C)c2)cccc1-c1ccc(-n2cc(C)cn2)s1	0.008528
rxn:5:177970:223067:223435	COC(=O)c1ccc(-c2cc(OCC3CCCC3)cc(-c3ccc4nc(NC(C)=O)sc4c3)c2)[nH]1	0.008526
rxn:5:181965:227103:228366	Cc1ccc(-c2ccc(-c3cnc(N(C)C)c(F)c3)cc2)c(-c2sccc2C2CCCCC2)c1	0.008526
rxn:5:196334:227284:227463	N#Cc1cc(-c2ccc(-c3ccc(-c4cc(F)c(F)c5ccoc45)cc3)cn2)c(C2CC2)cn1	0.008525
rxn:5:196670:227431:227755	Fc1ccc(C(F)(F)F)cc1-c1nccc(-c2ccc(-c3cscn3)cc2)c1C1CCCC1	0.008525
rxn:5:191554:227128:225455	COC(=O)c1ncc(-c2ccccc2-c2cccs2)cc1-c1cc(N2CCCCC2)ccc1C	0.008524
rxn:5:193542:226918:226932	Cc1ccc2ncc(-c3c(CN4CCCCC4)cccc3-c3ccc(C4=CCCC4)cc3)cc2c1	0.008521
rxn:5:196332:227359:226736	COC(=O)c1cccc(-c2ccc(-c3ccccc3-c3ccc(C(F)(F)F)cc3C#N)cn2)c1C	0.008519
rxn:5:199068:225981:228826	Cc1cc(-c2nc(C)c(-c3cnn(-c4cc(F)cc(F)c4)c3)c3ccccc23)c(F)cc1F	0.008514
rxn:5:189777:226748:227451	COc1cc(C(F)(F)F)ccc1-c1cc(-c2ccc(C3CC3(F)F)cc2)ccc1CCN1CCCC1	0.008508
rxn:5:181961:228332:227948	COc1cc(SC)c(-c2ccc(-c3ccc(C)c(-c4cc(C5CC5)cnc4C)c3)cc2)cn1	0.008507
rxn:5:198670:226837:225591	Cc1nn(CC(F)(F)F)c(C)c1-c1cncc2c(-c3cc(CN4CCCC4)ccc3F)cccc12	0.008506
rxn:5:196348:228170:227146	CCOc1ccc(F)cc1-c1nc(-c2ccc(-c3ccc4c(cnn4C)c3C)cc2)sc1C	0.008499
rxn:5:177500:228605:228616	COc1c(C)cccc1-c1ccccc1OCc1ccccc1-c1ccc(SC)cc1C	0.008491
rxn:5:196416:227552:227074	CCOc1c(C)cc(C)cc1-c1cc(-c2ccccc2CC(F)(F)F)ccc1-c1cccnc1	0.008490
rxn:5:196920:228156:226172	COc1ccc(OC)c(-c2cc(-c3cc(N4CCCC4)ccc3C)ccc2-n2c(C)ccc2C)c1	0.008488
rxn:5:179758:226208:229167	COc1cc2ccc(-c3ccc(Oc4ccccc4)c(-c4csc(N(C)C)n4)c3)cc2cn1	0.008486
rxn:5:181965:226369:228747	Cc1ccc(-c2ccc(-c3c(F)cccc3C#N)cc2)c(-c2cnn(-c3ccccc3C)c2)c1	0.008485
rxn:5:196918:226646:226846	COc1nc(C(F)(F)F)ccc1-c1c(-c2ccc(-c3nnc(C)o3)cc2)cccc1N1CCCCC1=O	0.008485
rxn:5:192075:228601:225463	COC(=O)c1nc(-c2cncc(-c3ccccc3C)c2)c(C)cc1-c1ccccc1C(C)=O	0.008483
rxn:5:198438:226172:225460	Cc1ccccc1-c1cc(-c2ccc3nc(-c4cc(N5CCCC5)ccc4C)oc3c2)ccn1	0.008477
rxn:5:183227:226935:223111	Cc1cncc2ccc(-c3cc(-c4cccc5[nH]nc(C(C)C)c45)c4c(c3)C(C)(C)CCO4)cc12	0.008475
rxn:5:183066:225925:225689	Cc1ccc(S(=O)(=O)N(C)C)cc1-c1ccc2c(c1-c1ccc(-c3ccccc3F)nc1)CCCC2=O	0.008473
rxn:5:198624:226756:226373	COc1cc(-c2cccc3ccc(-c4ccc(-n5ccc(C)n5)cc4)nc23)ccc1C(F)(F)F	0.008472
rxn:5:196798:228042:227055	COc1ccc(-c2cc(-c3cncc(C)c3)cc(-c3cc4cccnc4n3C)c2)cc1C1CC1	0.008470
rxn:5:198630:225458:226581	Cc1cc(-c2ccc3cc(-c4cccc(C(=O)N(C)C)c4F)cnc3c2)cc(-c2ccccn2)c1	0.008467
rxn:5:188386:226347:227621	CCOC(=O)c1c(-c2cc(C)c(F)cc2OC(C)C)ccnc1-c1ccc(-n2ccnc2C)s1	0.008462
rxn:5:196916:227429:228673	O=C1CCCCN1c1ccc(-c2cccc3nscc23)cc1-c1cncc(-c2cccs2)c1	0.008459
rxn:5:176588:226906:227135	CCOC(=O)c1ccc(-c2ccc3c(cnn3CC)c2)c(-c2cccc3cccc(C)c23)c1	0.008454
rxn:5:199097:227968:225704	CCn1c(C)nc2cc(-c3cc(C)c4nccc(-c5cnccc5C5CCC5)c4c3)c(F)cc21	0.008450
rxn:5:198622:227123:225791	COc1ccccc1-n1cc(-c2ccnc3cc(-c4ccc(-c5ccco5)cc4)ccc23)cn1	0.008446
rxn:5:177730:227350:225820	COc1cc(C)cc(OC)c1-c1ccc(-c2c(C3CC3)cccc2C(F)(F)F)c(C(=O)OC(C)(C)C)c1	0.008443
rxn:5:195901:225643:223244	COc1cc2[nH]ncc2cc1-c1nc(-c2ccc(-c3cc(C)cc(-n4cnc(C)c4)c3)cc2)cs1	0.008440
rxn:5:180570:227930:223010	COC(=O)c1sc2cc(-c3ccc(C4(O)CCOCC4)cc3)ccc2c1-c1cccc(OC2CC2)c1	0.008439
rxn:5:199302:227059:225396	COc1ccc(-c2cc(-c3ccc(-c4ccccc4C)cc3)cc3c2N(C)CCC3)cc1C(C)C	0.008436
rxn:5:176871:227761:227665	COC(=O)c1cc(-c2ccc(C(F)(F)F)c(C)c2)c(OC)cc1-c1ccc(F)cc1C(F)(F)F	0.008436
rxn:5:178117:228478:226030	COc1c(F)cc(-c2ccc(-c3cncc(C(F)(F)F)c3)cc2OCC2CCOCC2)cc1C(F)(F)F	0.008435
rxn:5:198426:226428:226975	CC1CCCCN1c1csc(-c2cnc(-c3cc4ccccc4cc3F)c3sccc23)c1	0.008435
rxn:5:194238:228100:226841	CCCn1nc(C)c(-c2ccc3nc(-c4cnc(C(F)(F)F)c(OC)c4)c(C(=O)OC)cc3c2)c1C	0.008430
rxn:5:196417:226938:227296	Cc1nccc2cc(-c3ccc(-c4cccc(-c5ccc(OC6CCC6)nc5)c4)nc3)ccc12	0.008430
rxn:5:192338:225820:225824	CC(C)(C#N)c1ccc(-c2c(C3CC3)cccc2C(F)(F)F)cc1-c1cc(C2CC2)cc(C(F)(F)F)c1	0.008425
rxn:5:196081:225628:227345	COc1ccccc1-c1csc(-c2cnc(-c3ccc(OC(C)C)cc3F)c(C(C)C)c2)c1	0.008420
rxn:5:196335:228677:226070	CC(C)Cn1cc(-c2cc(-c3ccccc3-c3ccc4c(ccn4C(C)C)c3)ccn2)cn1	0.008417
rxn:5:197122:227167:226361	COc1cc2nc(-c3ccc(C)cc3-n3cccn3)sc2cc1-c1ccc(F)c2cccnc12	0.008413
rxn:5:198404:225399:227131	Cc1cc(-c2ccccc2)cc(-c2cc3c(-c4cccc(C5CCOC5)c4)nccc3s2)c1	0.008409
rxn:5:192336:225814:226203	CN(C)C(=O)c1ccc(-c2cccc(C3(C(F)(F)F)CC3)c2)c(-c2ccc3c(cnn3C3CC3)c2)c1	0.008409
rxn:5:199079:226711:227317	Cc1cc2cccc(-c3ccc4cnn(C(F)F)c4c3)c2c(-c2ccnc(OC(C)(C)C)c2)n1	0.008408
rxn:5:176586:227406:227076	CCOC(=O)c1cccc(-c2ccnc(-c3ccoc3)c2)c1-c1cc(C(C)CC)ccc1F	0.008408
rxn:5:181737:228622:226753	CCc1cc(F)ccc1-c1ccc(-c2cccc(-c3ccc(OC)cc3C(F)(F)F)c2)cc1	0.008406
rxn:5:196337:227286:227431	CN(C)C(=O)c1ccc(-c2cc(-c3ccc(-c4ccc(-c5cscn5)cc4)cc3)ccn2)cc1	0.008403
rxn:5:196190:227345:223111	CC(C)Oc1ccc(-c2cc(-c3cccc4[nH]nc(C(C)C)c34)ccc2-n2cccc2)c(F)c1	0.008403
rxn:5:181497:226452:227748	Fc1ccc(-c2ccc(-c3ccc(-c4ccc(C5OCCCO5)cc4)o3)cc2)cc1C(F)(F)F	0.008403
rxn:5:198450:226846:225820	COc1nc(C(F)(F)F)ccc1-c1cc2ccnc(-c3c(C4CC4)cccc3C(F)(F)F)c2o1	0.008396
rxn:5:182009:227144:227054	COc1cc(-c2ccc(-c3cc4cccc(OC)c4s3)c(C3CCOCC3)c2)ccc1C1CC1	0.008396
rxn:5:196922:227996:226075	COc1ccc2cc(-c3cc(-c4ccc(C(C)=O)cc4C)cc(N4CCCCC4=O)c3)ccc2c1	0.008395
rxn:5:178224:223305:227530	COC(=O)c1ccc(F)c(-c2cc(OCC3CCCCC3)cc(-c3ccc4c(C)c[nH]c4c3)c2)c1	0.008379
rxn:5:193156:228121:225471	CCOc1nccc(C)c1-c1cc(CN2CCCC2)cc(-c2ccc(-c3ccccc3)nc2C)c1	0.008378
rxn:5:181411:227139:225612	COc1cc(-n2cccc2)ccc1-c1ccc(C2CC2)c(-c2cc3c(C#N)cccc3s2)c1	0.008374
rxn:5:177738:223390:225792	COc1ccc(-n2cc(-c3cc(OC)c(OC4CCC4)cc3-c3ccc4cc[nH]c4c3)cn2)cc1	0.008366
rxn:5:188930:225944:228012	COC(=O)c1cc(S(N)(=O)=O)c(-c2c(F)cc(F)c(OC(C)C)c2F)cc1-c1cccc(F)c1C1CC1	0.008360
rxn:5:183227:227821:225482	CCc1c(C)cc(C)cc1-c1cc(-c2ccc(-c3ccccc3)cc2F)c2c(c1)C(C)(C)CCO2	0.008360
rxn:5:182897:226385:225480	Fc1ccc(-c2ccc(-c3c(-c4ccc(-c5cccnc5)nc4)ccc4c3CCC4)cc2)cc1	0.008354
rxn:5:195902:223013:227969	COC(=O)c1ccc2cc(-c3sc(-c4ccnc(C)c4C4CC4)nc3-c3ccccc3)[nH]c2c1	0.008353
rxn:5:178122:228338:227461	Cc1cn2cc(-c3cc(-c4cnc(OC5CCC5)s4)ccc3COC3CCCCO3)cc(F)c2n1	0.008352
rxn:5:181424:225500:226848	COc1ccc(-c2ccc(C)c(OC)c2-c2ccccc2-c2ccc(F)cc2)c(C(F)(F)F)n1	0.008348
rxn:5:192955:226338:228595	CCc1ncc(C)cc1-c1cc(-c2ccnc(OC3CCCC3)c2)ncc1-c1cccc(OC)c1	0.008343
rxn:5:180568:225455:229041	COC(=O)c1sc2cccc(-c3c(C)cccc3F)c2c1-c1cc(N2CCCCC2)ccc1C	0.008342
rxn:5:198677:227084:225614	Cc1nc(C(C)(C)C)ccc1-c1cc2ccccc2c(-c2ccc(Oc3cccnc3)cc2)n1	0.008340
rxn:5:194235:227935:227705	CCc1cc(-c2cccc3c(-c4cnc(C(F)F)cc4OC)cc(C(=O)OC)nc23)ccc1OC	0.008337
rxn:5:197126:227824:225448	COc1cc2sc(-c3cc(C)ccc3OC3CCCC3)nc2cc1-c1ccc(C2CCC2)cc1	0.008336
rxn:5:181961:227612:225985	Cc1ccc(-c2ccc(-c3cnn(C4CCCCO4)c3)cc2)cc1-c1cccc(N2CCCS2(=O)=O)c1	0.008336
rxn:5:180723:228689:226921	CCOc1ccncc1-c1ccc2c(-c3cc(C4CC4)c(C)cc3C)c(OC(C)C)ccc2c1	0.008334
rxn:5:182658:226453:226980	O=C1CCCc2cccc(-c3cc(-c4cc(-c5ccccc5F)cs4)cc4sccc34)c21	0.008331
rxn:5:189539:225800:226939	Cc1nccc2ccc(-c3c(C(=O)N(C)C(C)C)cccc3-c3ccc(C(=O)N4CCSC4)cc3)cc12	0.008324
rxn:5:193151:225420:228515	CCOc1c(-c2c(CN3CCCC3)cccc2-c2c(C)cccc2CC)ccc2ccccc12	0.008323
rxn:5:196354:228419:228321	COC(=O)c1cncc(-c2ccccc2-c2cccc(-c3cc(F)c(SC)cc3F)n2)c1	0.008321
rxn:5:196914:226600:228656	CCOc1c(F)c(C)cc(-c2ccc(-n3c(C)ccc3C)cc2-c2cccn3ccnc23)c1F	0.008320
rxn:5:177520:223331:227438	Fc1cc(-c2cccc(COc3cccc(-c4ccnc(C5CCOC5)c4)c3)c2)cc2cc[nH]c12	0.008315
rxn:5:188255:223087:225640	COC(=O)c1cc(-c2ccnc(N3CCCCC3C)c2)c(C#N)cc1-c1cc(C(F)(F)F)cc2[nH]ncc12	0.008315
rxn:5:176590:225459:228358	CCOC(=O)c1c(-c2ccnc(-c3cccc(C)c3)c2)cccc1-c1cnn(-c2ccoc2)c1	0.008315
rxn:5:181962:227363:228135	CCOc1cc(C)ncc1-c1cc(-c2cccc(-c3cccc(F)c3OC(C)C)c2)ccc1C	0.008313
rxn:5:197449:227833:226157	CCc1cc(C)cc(C)c1-c1cc(-c2cncc(-c3ccccc3)c2)cc2ccn(C(C)=O)c12	0.008310
rxn:5:180569:223334:227136	CCn1ccc2cc(-c3c(-c4cc5ccc(F)cc5[nH]4)ccc4cc(C(=O)OC)sc34)cnc21	0.008309
rxn:5:195964:226322:226864	Cc1cc(C(=O)N(C)C)ccc1-c1cc(-c2ncco2)ccc1-c1cc(F)c(OC(F)F)c(F)c1	0.008309
rxn:5:182634:227041:225580	CCOc1cc(C)c(-c2cc(-c3cccc(-c4cnn(CC)c4)c3)c3occc3c2)cc1C	0.008308
rxn:5:177190:227936:226810	CCS(=O)(=O)Cc1ccc(-c2cc(F)ccc2-c2ncon2)c(-c2cccc(SC3CC3)c2)c1	0.008301
rxn:5:192654:228733:225603	COc1cc(C)ncc1-c1ccc(C(=O)c2cccnc2-c2cccc(C3(C#N)CCC3)c2F)cc1	0.008296
rxn:5:194245:227156:227280	COC(=O)c1cnc(-c2cc(C#N)ncc2C(C)C)c2ccc(-c3cccc4c(C)nn(C)c34)cc12	0.008296
rxn:5:198634:226977:225602	N#CC1(c2ccc(F)c(-c3cc4cc(-c5cccc6cc(F)ccc56)ccc4cn3)c2)CCC1	0.008293
rxn:5:194345:227158:227766	CCn1nc(C(F)(F)F)cc1-c1ccc2c(OC)c(OC)cc(-c3cccc4nn(C)c(C)c34)c2n1	0.008292
rxn:5:197757:226452:226576	CCc1c(C)nc2c(-c3ccc(C4OCCCO4)cc3)cccc2c1-c1ccc(F)c(C(=O)N(C)C)c1	0.008288
rxn:5:192650:225793:223399	CNCc1ccccc1-c1ccc(C(=O)c2ccc(-c3cnn(-c4cccc(OC)c4)c3)cc2)cn1	0.008286
rxn:5:194141:226080:227902	CCc1cc(-c2cc3[nH]cc(C(=O)OC)c3cc2-c2ccc(OC)c3ccccc23)ccc1C#N	0.008286
rxn:5:198652:226360:226191	Cn1nccc1-c1cccc(-c2nccc3cccc(-c4cc(C5CCCC5)ccc4F)c23)c1	0.008286
rxn:5:193807:226347:223300	Cc1cc(-c2c(CN3CCC(C)CC3)cccc2-c2ccc3[nH]cc(C)c3c2)c(OC(C)C)cc1F	0.008283
rxn:5:180422:228673:227163	Fc1cccc2cc(-c3cc(CC4CCCCC4)ccc3-c3cccc4nscc34)cnc12	0.008282
rxn:5:198651:227319:226433	Cc1cc(-c2cncs2)cc(-c2ccc3cccnc3c2-c2cc(CC(C)C)ncc2F)c1	0.008279
rxn:5:180723:227995:227032	COc1c(C)cc(C)cc1-c1ccc2c(-c3cccc(C#N)c3C3CC3)c(OC(C)C)ccc2c1	0.008278
rxn:5:182641:225438:226398	Cc1nccn1-c1cccc(-c2ccc3c(-c4ccc(C(C)N5CCCC5)cc4)coc3c2)c1	0.008268
rxn:5:192418:227823:227311	CCC(C)c1cc(F)c(-c2ccc(-c3nc(-c4ccccc4C(C)(C)C)cs3)cc2OC)cn1	0.008262
rxn:5:197573:226883:223215	CC(C)c1nc2c(-c3ccc4c(c3)NC(=O)CC4)cc(-c3c(F)ccc(C(F)(F)F)c3F)cc2s1	0.008261
rxn:5:196768:226944:228565	CSCc1ccc(-c2ccc(-c3ccc(-c4ccc5nc(C)ccc5c4)cc3C)cn2)cc1	0.008260
rxn:5:188389:225674:223013	CCOC(=O)c1cc(-c2cnc(C3CCCCC3)cc2F)ncc1-c1cc2ccc(C(=O)OC)cc2[nH]1	0.008259
rxn:5:181958:228561:227589	CSCc1cccc(-c2cccc(-c3cc(-c4cc(C)cc(OC(F)F)c4)ccc3C)c2)c1	0.008258
rxn:5:196190:225658:228113	CCc1nc(OC)ccc1-c1ccc(-n2cccc2)c(-c2ccc(-c3ccc(F)cc3)nc2)c1	0.008258
rxn:5:197417:226338:227378	COc1cccc2c(-c3cnn(-c4ccccc4)c3)c(-c3ccnc(OC4CCCC4)c3)cnc12	0.008257
rxn:5:197424:227129:226953	COc1cc(-c2ccccc2-c2ccco2)c(-c2c(C)ccc3cccnc23)c2ncccc12	0.008255
rxn:5:177523:228025:227969	Cc1nccc(-c2cccc(-c3cccc4c3cnn4C)c2OCc2ccccc2)c1C1CC1	0.008254
rxn:5:196621:226176:227132	O=C1CCCN1c1ccc(-c2ccc(-c3ccsc3)cc2)c(-c2ccncc2C2CCCCC2)c1	0.008253
rxn:5:189129:226379:227458	CN1CCOc2cc(-c3cnc(-c4ccnc(-c5cccnc5)c4)c(OCc4ccccc4)c3)cnc21	0.008251
rxn:5:198421:225394:225939	CC(C)c1cc(-c2ccc3occ(-c4cc(C5CCC5)cc(C5CC5)c4)c3n2)cnc1C(F)(F)F	0.008250
rxn:5:193539:227306:226964	Cc1nc(OC(C)C)ccc1-c1ccc(CN2CCCCC2)cc1-c1ccc2cc(F)ccc2c1	0.008249
rxn:5:199073:227041:223086	CCOc1cc(C)c(-c2ccc3c(-c4cc5[nH]ncc5cc4C(F)(F)F)nc(C)cc3c2)cc1C	0.008247
rxn:5:197760:227447:222990	CC(C)c1cc2cc(-c3c(F)ccc(C4CC4)c3F)ccc2nc1-c1ccc(N2CCC(O)CC2)cc1	0.008239
rxn:5:198632:226367:225588	Cc1nc2cc(-c3ccccc3CN3CCSCC3)cc(-c3cncc(-c4cccnc4)c3)c2o1	0.008237
rxn:5:196770:228154:225454	COc1cccc(OC)c1-c1cc(-c2ccc(C3=CCN(C)CC3)cc2)c(-c2ccc(C)cc2)cn1	0.008237
rxn:5:181744:223148:225597	c1ccc(-c2cc(-c3ccc(OC4CCCCC4)nc3)cc(-c3ccccc3C3CNCCO3)c2)cc1	0.008235
rxn:5:177193:227083:227392	CCOC(=O)c1cc(C)c(-c2cccc(-n3cccc3)c2)cc1-c1cncc(-n2cccc2)c1	0.008232
rxn:5:195437:227436:225700	CC(=O)c1nc(-c2ccc(-c3cncs3)cc2)ccc1-c1cncc(-c2ccccc2F)c1	0.008230
rxn:5:179395:228758:226218	COC(=O)c1cc(C)c(-c2c(F)ccc3ccc(C)nc23)c(-c2cc(C)cnc2SC)c1	0.008226
rxn:5:198659:227097:226783	COc1cc(F)c(F)c(OC)c1-c1nc2ccccc2cc1-c1sccc1-c1ccccc1	0.008220
rxn:5:177447:226957:227163	COc1cc(-c2cnc(C)c3ccccc23)cc(-c2cnc3c(F)cccc3c2)c1OC(C)C	0.008218
rxn:5:192951:227450:227203	COc1cc(-c2cccc(C3CC3(F)F)c2)cc(-c2ccnc(-c3ccc4c(c3)OCCCO4)c2)c1	0.008217
rxn:5:180023:227354:228867	CCc1nc(OC)c(-c2cc(Cc3ccccc3)cc(-c3ccc(F)c(OC(C)C)c3)c2)s1	0.008217
rxn:5:199093:225658:227375	Cc1ccc2ncc(-c3ccc(-c4ccc(F)cc4)nc3)c(-c3ccc(N4CCCC4)nc3)c2c1	0.008215
rxn:5:197521:227846:227386	CC(=O)c1cnc2ccc(-c3cn(C)c4ccccc34)cc2c1-c1cnn(C2CCCCC2)c1	0.008210
rxn:5:198417:227439:225843	Cc1cn(-c2ccc(-c3ccnc4cc(-c5cccnc5-c5ccsc5)sc34)c(F)c2)cn1	0.008210
rxn:5:190595:228921:226905	CCOC(=O)c1cc2cc(-c3ccc(C(F)F)nc3)cc(-c3ccc4cc(C)ccc4c3)c2[nH]1	0.008209
rxn:5:177516:227914:228970	CC(C)Oc1ccccc1-c1ccc(COc2ccccc2-c2ccc(C(F)(F)F)s2)cc1	0.008206
rxn:5:182013:228675:225649	Cc1cc(-n2ccnc2C)ccc1-c1ccc(-c2cccc3scnc23)cc1C1CCOCC1	0.008205
rxn:5:178410:228979:226935	CCOC(=O)c1cc2cc(-c3ccc4cncc(C)c4c3)cc(-c3ccccc3CC)c2o1	0.008200
rxn:5:196411:227922:226357	CCc1cc(OC)ccc1-c1c(C)ccc(-c2ccc(-n3cc(C)cn3)cc2)c1-c1cnco1	0.008197
rxn:5:189138:227154:227612	Cc1c2ccc(-c3ccc(OCc4cccc(-c5cnn(C6CCCCO6)c5)c4)nc3)cc2nn1C	0.008195
rxn:5:198403:225783:225467	COc1ccc(-c2cc(-c3cccnc3-c3cccc(C)c3)c3ocnc3c2)c(-n2cccn2)c1	0.008190
rxn:5:188396:226900:223285	CCOC(=O)c1cc(-c2ccc(S(F)(F)(F)(F)F)cc2)nc(-c2ccccc2NS(C)(=O)=O)c1	0.008189
rxn:5:198675:228411:225489	COc1ccc(-c2nc3c(C)ccc(-c4cc(F)cc(-c5ccccc5)c4)c3s2)c(F)c1F	0.008189
rxn:5:189540:225607:228053	COC1CN(Cc2cc(-c3ccc(C(C)N4CCCCC4)s3)ccc2-c2ccc3ncncc3c2)C1	0.008188
rxn:5:177189:227380:227649	CCOC(=O)c1c(-c2ccc(-n3cccc3)nc2)ccc(C)c1-c1ccnc(-c2nccs2)c1	0.008186
rxn:5:183062:225506:226743	CCc1cc(-c2cc(-c3ccc4c(cnn4CC(C)C)c3)cc3c2OCCCO3)cc(C(F)(F)F)n1	0.008186
rxn:5:193227:222958:226900	Cc1ccc(-c2cc(C(=O)N3CCOCC3)cc(-c3ccc(S(F)(F)(F)(F)F)cc3)c2)cc1C1CCNCC1	0.008183
rxn:5:179414:226851:228248	COC(=O)c1ccc(-c2cc(OC)ncc2C(F)(F)F)c(-c2ccc(C(C)=O)cc2F)c1C	0.008175
rxn:5:181746:226178:228130	N#CCc1ccc(-c2ccccc2-c2ccc(-c3ccccc3-c3ccncc3)cc2)c(F)c1	0.008175
rxn:5:190721:223002:228593	CCCCc1cc(-c2ccncc2C2CC2)c2cc(-c3ccc(C4CCNCC4)cc3F)ccc2n1	0.008164
rxn:5:192952:223238:226734	COc1ccc(-c2ccnc(-c3cccc(S(=O)(=O)N(C)C)c3)c2)c(-c2cccc(-c3cn[nH]c3)c2)c1	0.008163
rxn:5:196914:225866:228490	Cc1ccc(C)n1-c1ccc(-c2cncc(-n3ccccc3=O)c2)c(-c2cccc(S(=O)(=O)F)c2)c1	0.008161
rxn:5:194144:223132:223164	COC(=O)c1cc(-c2cccc(N3CCNCC3)c2)c2c(-c3cc(F)c(F)c(NC4CC4)c3)c[nH]c2c1	0.008156
rxn:5:193460:227322:226646	COc1c(-c2cccc(C(=O)N3CCCCC3)c2-c2ccc(-c3nnc(C)o3)cc2)cncc1C(C)C	0.008156
rxn:5:196355:226958:223066	COC(=O)c1n[nH]c2cc(-c3ccccc3-c3ccc(-c4ccc5ccc(C)nc5c4)cn3)ccc12	0.008155
rxn:5:189539:226143:225816	Cc1cc(-c2cccc(C(=O)N(C)C(C)C)c2-c2cc(C3CC3)ccc2C(F)(F)F)cc(C)c1OC(C)C	0.008149
rxn:5:192416:223331:227302	Cc1cc(-c2cc(Sc3cccc(-c4cc(F)c5[nH]ccc5c4)c3)ccn2)cnc1OC(C)C	0.008149
rxn:5:177499:223412:223062	Fc1cc(C2CCNCC2)ncc1-c1ccc(COc2ccc(-c3nc4ccccc4[nH]3)cc2)cc1	0.008148
rxn:5:192564:226201:228429	CSc1ccc(F)c(-c2ccc(C3(C#N)CCC3)c(-c3ccc4nn(C(C)C)cc4c3)c2)c1F	0.008139
rxn:5:195901:225620:227544	COC(=O)c1ccc(F)cc1-c1nc(-c2ccc(-c3ccc(OC4CCOCC4)cc3)cc2)cs1	0.008135
rxn:5:180142:228972:227851	COc1ccc(-c2cccc3ccncc23)cc1-c1cccc(-c2cc(C(F)(F)F)cs2)c1	0.008133
rxn:5:196415:226952:227708	Cc1c(-c2cc(-c3ccc(OC(F)(F)F)cc3)cc(-c3cccnc3)c2)ccc2cccnc12	0.008127
rxn:5:195929:226978:226778	COc1cc(-c2cccc(-c3ccc(-c4cccc5cccc(F)c45)o3)n2)c(F)c(F)c1OC	0.008125
rxn:5:178119:228860:226462	CCn1cnc2cc(-c3c(C)cc(C(=O)OC(C)(C)C)cc3-c3cccc4nonc34)c(F)cc21	0.008124
rxn:5:179877:227062:228696	CCOc1ccc(-c2ccc(C(=O)c3cccc(-c4ccc(COC)nc4)c3)cc2)c(C)c1C	0.008124
rxn:5:180677:226401:228578	CCOc1ccc2cc(-c3cccc(-c4cnccn4)c3)ccc2c1-c1ccc(C2CC2)nc1	0.008122
rxn:5:177739:223418:225582	CC(C)(C)OC(=O)c1cccc(-c2c[nH]cc3nccc2-3)c1-c1cncc(Oc2ccccc2)c1	0.008122
rxn:5:179199:227548:225392	CCOc1ccc(F)c(F)c1-c1cc(-c2cccc(Cc3ccccc3)c2)c(OC)cc1OC	0.008118
rxn:5:181743:226744:228972	CCc1cc(-c2ccc(-c3cc(C(F)(F)F)cs3)cc2-c2ccccc2)cnc1C(F)(F)F	0.008117
rxn:5:197757:227301:228333	CCc1c(C)nc2c(-c3ccc(F)cc3CN(C)C)cccc2c1-c1c(SC)ccnc1OC	0.008117
rxn:5:199302:225419:227716	CCOc1cc2ccccc2cc1-c1cc(-c2cccc(F)c2OC(F)F)cc2c1N(C)CCC2	0.008117
rxn:5:189334:227616:222957	Cc1cc(-c2cc(-c3ccc(-n4cc(C)cn4)s3)cnc2C(=O)OC(C)(C)C)cc(C2CCCNC2)c1	0.008112
rxn:5:193464:227134:227126	N#CC1(c2ccc(-c3cccc(-c4ccoc4)c3)cc2-c2ccc(C3CCOC3)cc2)CCCCC1	0.008105
rxn:5:182143:227387:226053	COc1c(-c2ccnc(N3CCCC3)c2)cc(-c2ccc(F)c(OC(F)(F)F)c2F)c2occc12	0.008102
rxn:5:181965:223089:229012	Cc1ccc(-c2ccc(-c3sccc3C(C)C)cc2)c(-c2ccc3[nH]c(C(F)(F)F)nc3c2)c1	0.008097
rxn:5:178411:227985:228412	CCOC(=O)c1cc2cc(-c3ccc(F)c(C(C)C)c3)cc(-c3cc(OC)c(F)cc3F)c2o1	0.008092
rxn:5:181417:226078:226192	COc1cc(-c2cc(-c3ccccc3C)cs2)c(C)cc1-c1cc2ccccc2cc1OC	0.008091
rxn:5:177000:225581:227143	CCOc1ccc(-c2ccc(CN3CCOCC3)cc2)c(OC)c1-c1cc2ccc(OC)cc2s1	0.008090
rxn:5:192414:227152:227378	COc1ccc(-c2cnn(-c3ccccc3)c2)cc1-c1csc(-c2cccc3c2c(C)nn3C)n1	0.008089
rxn:5:190589:227199:223015	CCOC(=O)c1[nH]c2cccc(-c3cc4cc(C(=O)OC)ccc4[nH]3)c2c1-c1ccc2c(c1)N(C)C(=O)C2	0.008087
rxn:5:199075:225608:227834	Cc1cc(-c2ncc(-c3ccc(Oc4ccccn4)cc3)c3cccc(C)c23)ccc1C1CC1	0.008081
rxn:5:196768:227624:228341	Cc1cc(-c2ccc(-c3nnco3)cc2)ccc1-c1ccc(-c2ccc(OC(F)F)cc2)nc1	0.008080
rxn:5:188389:227864:226199	CCOC(=O)c1cc(-c2cc3ccc(C)cc3s2)ncc1-c1ccc2c(cnn2C(C)C)c1	0.008078
rxn:5:182819:227414:226191	Fc1ccc(C2CCCC2)cc1-c1ccc2ccc(-c3ccc(-c4ccncc4)s3)cc2c1	0.008076
rxn:5:176572:226837:226445	COC(=O)Cc1c(-c2ccc(-c3ccsc3)nc2C)cccc1-c1c(C)nn(CC(F)(F)F)c1C	0.008076
rxn:5:178117:227679:226671	Fc1cccc(-n2cc(-c3ccc(-c4ccc5c(c4)OC(F)(F)O5)cc3OCC3CCOCC3)cn2)c1	0.008075
rxn:5:177448:226342:226929	COC(=O)c1c(C)cc(-c2ccc(OC)c(-c3ccc(C)c4ncccc34)c2OC(C)C)cc1C	0.008073
rxn:5:197412:227649:226386	COc1cccc2c(-c3ccnc(-c4nccs4)c3)cnc(-c3cccnc3-c3ccccn3)c12	0.008072
rxn:5:196346:227652:228255	COc1c(-c2ccccc2-c2nc(-c3cccnc3-c3cscn3)c(C)s2)ccc(C)c1F	0.008070
rxn:5:198675:227378:225597	Cc1ccc(-c2ccc(OC3CCCCC3)nc2)c2sc(-c3cnn(-c4ccccc4)c3)nc12	0.008062
rxn:5:178841:229239:225479	COC(=O)c1ccc(-c2sccc2SC)c(-c2ccc(-c3ccccc3)c(F)c2)c1	0.008060
rxn:5:194147:225463:228929	COC(=O)c1c[nH]c2c(-c3cncc(-c4ccccc4C)c3)ccc(-c3cncc(C(F)F)c3)c12	0.008050
rxn:5:198663:225812:226060	Cc1cc(-c2cc3cc(-c4cc(C5CC5)cc(C5CC5)c4)ccc3cn2)c(F)c(OC(C)C)c1F	0.008048
rxn:5:196798:226946:226404	Cc1cncc(-c2cc(-c3cccc(-c4ncccn4)c3)cc(-c3ccc4c(c3)CCN(C)C4)c2)c1	0.008047
rxn:5:196358:227592:227616	COc1cc(F)cc(-c2ccnc(-c3ccccc3-c3ccc(-n4cc(C)cn4)s3)c2)c1OC	0.008042
rxn:5:177501:226074:228997	CCc1ccc(-c2cccc(COc3ccccc3-c3cccc4c(C#N)cccc34)c2)cn1	0.008038
rxn:5:182657:227119:226891	Fc1cc(C(F)(F)F)cc(-c2c(-c3cc(C4CCCCC4)cs3)sc3ccccc23)c1F	0.008037
rxn:5:199280:225785:228081	CN1C(=O)CCc2c1ccc(-c1ccc(Oc3cccnc3)nc1)c2-c1csc2ccc(F)cc12	0.008035
rxn:5:181747:227847:227051	CCC(=O)c1ccc(-c2ccc(-c3cnc4ccccc4c3)cc2-c2ccccc2)c(C)c1	0.008030
rxn:5:199093:228000:225420	CCOc1c(-c2c(-c3cc(C)c(C)cc3OC)cnc3ccc(C)cc23)ccc2ccccc12	0.008029
rxn:5:198402:227579:225506	CCOc1c(F)cc(-c2ccc3nc(-c4ccc5c(cnn5CC(C)C)c4)sc3c2)cc1F	0.008029
rxn:5:188376:226149:225706	COC(=O)Cc1cnc(-c2cc3ncn(C(C)C)c3cc2F)cc1-c1ccc(OC)c(C(C)(C)C)c1	0.008029
rxn:5:196337:227148:227143	COc1ccc2cc(-c3ccc(-c4ccnc(-c5cc6cnn(C)c6cc5C)c4)cc3)sc2c1	0.008024
rxn:5:177510:227988:228693	CCN(C)c1ccc(-c2ccc(-c3cccc(C4CC4)c3F)c(OCc3ccccc3)c2)s1	0.008022
rxn:5:193468:227127:226839	C[C@H]1CCCN1C(=O)c1c(-c2cc(C(F)(F)F)ncc2C#N)cccc1-c1ccccc1-c1ccoc1	0.008020
rxn:5:197412:223314:226051	COc1cccc2c(-c3ccc4[nH]ncc4c3C)cnc(-c3c(OC(F)(F)F)ccc(F)c3F)c12	0.008010
rxn:5:192333:227558:225442	Cc1cc(OC(F)F)ccc1-c1ccc(-c2ccccc2Oc2ccccc2)cc1C(=O)N(C)C	0.008007
rxn:5:195917:227421:226389	c1ccc(-c2ccc(-c3cnc(-c4ccc(-c5ccccc5-c5ncccn5)cc4)o3)s2)nc1	0.008001
rxn:5:182652:225809:226203	Fc1ccc(OC2CCOC2)c(-c2csc3c(-c4ccc5c(cnn5C5CC5)c4)cccc23)c1	0.007997
rxn:5:195962:225679:226182	Fc1cc(N2CCCCC2)ccc1-c1cccc(-c2cccnc2C2CCCCC2)c1-c1cnco1	0.007993
rxn:5:180421:228215:225700	Cc1ccc(-c2cc(CC3CCCCC3)ccc2-c2cncc(-c3ccccc3F)c2)c(F)c1C#N	0.007991
rxn:5:199102:226754:226457	CCOc1c(F)cc(F)c(-c2cc(-c3ccc(C4CCOC4)c(F)c3)c(C)c3ncccc23)c1F	0.007991
rxn:5:196352:227300:226143	Cc1cc(-c2ccccc2-c2ncccc2-c2cncc(OC3CCC3)c2)cc(C)c1OC(C)C	0.007991
rxn:5:192882:227133:227050	Cc1cc(-c2cc(-c3cccc(-c4cccs4)c3)cnc2OC2CCCC2)ccc1OC(C)C	0.007988
rxn:5:192072:225794:226063	COC(=O)c1cc(-c2cnc(OC3CCCCC3)nc2)c(-c2ccccc2-c2ccccc2)nc1C	0.007980
rxn:5:181962:226367:223130	Cc1ccc(-c2cccc(-c3cncc(-c4cccnc4)c3)c2)cc1-c1ccc(CN2CC(O)C2)cc1	0.007960
rxn:5:192652:225794:228570	O=C(c1ccc(-c2cncc(C3CC3)c2)cc1)c1cccnc1-c1cnc(OC2CCCCC2)nc1	0.007957
rxn:5:193151:225922:227039	COc1cc(-c2c(CN3CCCC3)cccc2-c2ccc(OC(C)(C)C)cc2)ccc1-c1ncon1	0.007955
rxn:5:189319:227076:226955	CCC(C)c1ccc(F)c(-c2ccc(-c3ccc(C)c4cccnc34)nc2C(=O)OC(C)(C)C)c1	0.007955
rxn:5:190586:227410:228827	CCOC(=O)c1cc2c(-c3cc(-c4ccncc4)cs3)c(-c3cc(F)c(F)cc3C)ccc2[nH]1	0.007950
rxn:5:196766:228734:226052	COc1nccc(C)c1-c1ccc(-c2c(F)ccc(OC(F)(F)F)c2F)c(-c2ccc(C)cn2)c1	0.007949
rxn:5:182819:226962:225651	Cc1cc(-c2ccc3ccc(-c4ccc5ccccc5c4F)cc3c2)cc(-c2cnn(C)c2)c1	0.007946
rxn:5:181323:226453:226059	CC(C)c1ccc(-c2cc(-c3cc(-c4ccccc4F)cs3)ccc2S(C)(=O)=O)c(C(C)C)c1	0.007946
rxn:5:195926:226321:227771	FC(F)(F)Oc1ccc(-c2ccc(-c3nc(-c4ccc(SC5CCCC5)nc4)cs3)cc2)cn1	0.007946
rxn:5:177235:228641:227154	Cc1cc(F)c(-c2ccc(C(=O)Cc3ccccc3-c3ccc4c(C)n(C)nc4c3)o2)cc1C	0.007943
rxn:5:196347:227186:228687	CCSc1ccc(-c2cccc(-c3nc(-c4ccc5cccnc5c4F)c(C)s3)c2)cn1	0.007942
rxn:5:192493:225613:225647	Cc1cnn(-c2ccc(-c3ccc(-c4ccnc(OC5CCCCC5)c4)cc3CN(C)C)c(C)c2)c1	0.007940
rxn:5:197758:225465:228323	CCOc1nccc(-c2cc(C(C)C)nc3ccc(-c4cccc(C5CCN(C)CC5)c4)cc23)c1F	0.007937
rxn:5:179415:226901:226980	COC(=O)c1c(-c2cccc(S(F)(F)(F)(F)F)c2)ccc(C)c1-c1cccc2c1C(=O)CCC2	0.007929
rxn:5:198660:226134:225667	Cc1c(-c2ccc(-c3ccnc(-c4ccc(F)cc4)c3)c3ccncc23)cc(C#N)cc1C1CC1	0.007926
rxn:5:196870:226083:227140	COc1c(-c2cc(-c3cc4cccc(C#N)c4s3)cc(N3CCOCC3)c2)ccc2ccccc12	0.007925
rxn:5:198409:227619:225445	Cc1cnn(-c2csc(-c3cc4ccc(-c5ccccc5OC5CCCCC5)nc4s3)c2)c1	0.007924
rxn:5:189908:228275:226051	COc1c(F)cc(C)cc1-c1cnc(-c2c(OC(F)(F)F)ccc(F)c2F)c(OCC2CCCCC2)c1	0.007923
rxn:5:192424:228381:226891	N#Cc1cc(F)c(-c2ccc(Oc3ccc(-c4cc(C(F)(F)F)cc(F)c4F)cn3)cc2)c(F)c1	0.007923
rxn:5:195927:228792:228971	CSc1ccc(-c2csc(-c3cccc(-c4csc(C(F)(F)F)c4)c3)n2)cc1F	0.007921
rxn:5:199070:227866:225611	COc1cc(N2CCCC2)ccc1-c1c(-c2cc3cc(C)ccc3s2)c(C)nc2ccccc12	0.007920
rxn:5:194239:222995:226323	COC(=O)c1cc2c(-c3cccc(N4CCCC(O)C4)c3)cccc2c(-c2ccc(OC3CCCC3)nc2)n1	0.007919
rxn:5:181854:226193:227141	Cc1ccc(-c2csc(-c3cc(C(C)(C)C)ccc3-c3cc4cc(C#N)ccc4s3)c2)cc1	0.007917
rxn:5:180422:226576:226030	COc1c(F)cc(-c2cc(CC3CCCCC3)ccc2-c2ccc(F)c(C(=O)N(C)C)c2)cc1C(F)(F)F	0.007909
rxn:5:181739:228140:226425	CC(c1ccc(-c2cccc(-c3ccc(-c4ccc(N5CCCCC5C)s4)cc3)c2)s1)N(C)C	0.007898
rxn:5:180569:228991:226064	CCCc1sccc1-c1ccc2cc(C(=O)OC)sc2c1-c1ccc(C2CCCCC2)cc1	0.007893
rxn:5:194049:223011:227861	COC(=O)c1cc(-c2cc3[nH]ncc3cc2OC(C)C)c2nc(-c3cnc4c(c3)CCCC4)sc2c1	0.007886
rxn:5:197566:227412:227425	CCc1cc2ccc(-c3cnc(C(C)(C)C)cc3F)cc2nc1-c1cccc(-c2cncs2)c1	0.007884
rxn:5:197451:226079:228039	COc1c(-c2cnc3ccccc3n2)cc(-c2cc3cc(C(C)C)ccc3s2)c2ncccc12	0.007883
rxn:5:195917:226153:226141	COc1cc(C)c(-c2cnc(-c3ccc(-c4ccccc4OC4CCCC4)cc3)o2)cc1C1CC1	0.007883
rxn:5:198660:225853:226139	Cc1nccn1-c1ccc(-c2ccc(-c3cc(C4CC4)cnc3C3CC3)c3ccncc23)c(F)c1	0.007866
rxn:5:189335:227434:226912	COc1cc(C(=O)N(C)C)cc(-c2ccccc2-c2cncs2)c1-c1cc(C)cc(CC(C)C)c1	0.007861
rxn:5:196409:226610:223065	CCc1cc(-c2cccnc2-c2cccc(-c3ccc(N4CCNCC4)cc3F)c2)cc(C(F)(F)F)c1	0.007853
rxn:5:181746:227709:227418	FC(F)(F)Oc1cccc(-c2ccc(-c3ccccc3-c3ccc(-c4ccco4)nc3)cc2)c1	0.007840
rxn:5:180267:227932:227128	COCc1ccc(C)c(-c2cc(C(C)(C)C)cc(SC)c2-c2ccccc2-c2cccs2)c1	0.007837
rxn:5:199085:225451:228065	Cc1cc(-c2ccc(SC3CCCCC3)cc2)c2cccc(-c3ccc4onc(C)c4c3)c2n1	0.007835
rxn:5:189083:225439:226687	CCN(C)C(=O)c1cccc(-c2cccc(C(C)N3CCCC3)c2)c1-c1ccc(-n2cccn2)c(F)c1	0.007829
rxn:5:197413:227141:227663	COc1cc2c(-c3cc4cc(C#N)ccc4s3)ccnc2cc1-c1ccc(C)c(C(F)(F)F)c1	0.007829
rxn:5:190587:226935:227930	CCOC(=O)c1cc2c(-c3ccc4cncc(C)c4c3)ccc(-c3cccc(OC4CC4)c3)c2[nH]1	0.007828
rxn:5:199057:227689:226436	Cc1cc(-c2cscn2)cc(-c2cc(C)nc3ccc(-c4ccc(CC(F)(F)F)nc4)cc23)c1	0.007826
rxn:5:199098:225666:226937	Cc1nccc2c(-c3ccnc4c(C)c(-c5cc(F)cc(N6CCCCC6)c5)ccc34)cccc12	0.007822
rxn:5:197404:227421:223066	COC(=O)c1n[nH]c2cc(-c3cnc4ccc(OC)cc4c3-c3ccc(-c4ccccn4)s3)ccc12	0.007821
rxn:5:176864:227659:226880	COC(=O)c1cc(-c2cccc(C(F)(F)F)c2C)cc(-c2cc(F)c(F)c(C(F)(F)F)c2)c1OC	0.007821
rxn:5:179536:226454:227395	CC(C)Oc1ccc(-c2cc(-c3ccc(F)cc3)cs2)cc1-c1ccc(-c2ncco2)cc1	0.007821
rxn:5:195438:226434:226455	CC(=O)c1cc(-c2cc(-c3cccc(F)c3)cs2)c(-c2cc(F)cc(-n3cccc3)c2)cn1	0.007820
rxn:5:199059:226067:225817	Cc1cc(-c2ccc(C3=CCCCC3)cc2)cc2ccc(-c3ccc(C(F)(F)F)c(C4CC4)c3)nc12	0.007818
rxn:5:195901:227052:226331	CC(C)(C)Sc1ccc(-c2ccc(-c3csc(-c4ccc(C5(C#N)CC5)cc4F)n3)cc2)cc1	0.007816
rxn:5:177503:227153:228132	Cc1nn(C)c2cc(-c3ccccc3COc3cccc(-c4cccc(CC#N)c4F)c3)ccc12	0.007815
rxn:5:196356:227646:227451	FC1(F)CC1c1ccc(-c2ccc(-c3cc(-c4cnccc4-c4nccs4)ccn3)cc2)cc1	0.007809
rxn:5:193334:226062:226942	Cc1cc2cc(-c3cccc(CN4CCOCC4)c3-c3cc(C(C)C)cc(C(C)C)c3)ccc2cn1	0.007806
rxn:5:198409:226369:225447	Cc1ccccc1-n1cc(-c2cc3ccc(-c4ccc(OC5CCCCC5)cc4)nc3s2)cn1	0.007806
rxn:5:181962:227375:226141	Cc1ccc(-c2cccc(-c3ccc(N4CCCC4)nc3)c2)cc1-c1ccccc1OC1CCCC1	0.007802
rxn:5:199274:228547:225392	CCCc1ccncc1-c1ccc2c(-c3cccc(Cc4ccccc4)c3)cc(C)nc2c1C	0.007801
rxn:5:196190:227443:227145	COc1cccc2sc(-c3ccc(-n4cccc4)c(-c4cncc(-c5ccsc5)c4)c3)cc12	0.007796
rxn:5:188961:225785:227927	CCC(=O)c1cccc(-c2cc(-c3ccc(Oc4cccnc4)nc3)cnc2OCC(C)C)c1	0.007794
rxn:5:189319:225879:225610	CC(C)(C)OC(=O)c1nc(-c2ccn(C(=O)c3ccccc3)c2)ccc1-c1ccc(N2CCOCC2)cc1F	0.007793
rxn:5:199081:226940:225458	Cc1cc(-c2ccccn2)cc(-c2cc(C)c3cc(-c4cccc5ccnc(C)c45)ccc3n2)c1	0.007792
rxn:5:195962:227137:225472	CCn1cnc2cc(-c3cccc(-c4cccc(N5CCCCC5C)c4)c3-c3cnco3)ccc21	0.007787
rxn:5:196350:227766:227414	CCn1nc(C(F)(F)F)cc1-c1ccnc(-c2cccc(-c3ccc(-c4ccncc4)s3)c2)c1	0.007786
rxn:5:195915:226074:225810	COc1ccc(-c2ncc(-c3ccccc3-c3cccc4c(C#N)cccc34)o2)c(C2OCCO2)c1	0.007784
rxn:5:179878:227768:228758	CSc1ncc(C)cc1-c1ccccc1C(=O)c1cccc(-c2cccn2S(=O)(=O)N(C)C)c1	0.007783
rxn:5:177739:227974:226869	COc1cc(C)c(-c2cccc(C(=O)OC(C)(C)C)c2-c2cc(F)cc(OC(F)(F)F)c2)c(C)c1	0.007782
rxn:5:199068:225591:225809	Cc1nc(-c2cc(F)ccc2OC2CCOC2)c2ccccc2c1-c1cc(CN2CCCC2)ccc1F	0.007781
rxn:5:194240:223305:227410	COC(=O)c1cc2ccc(-c3ccc4c(C)c[nH]c4c3)cc2nc1-c1cc(-c2ccncc2)cs1	0.007781
rxn:5:180421:227616:227816	CCCc1ccc(-c2ccc(CC3CCCCC3)cc2-c2ccc(-n3cc(C)cn3)s2)c(C)c1	0.007781
rxn:5:197567:227463:227617	CCc1cc(-c2cc(-n3cnc(C)c3)cs2)c2cc(-c3cc(F)c(F)c4ccoc34)ccc2n1	0.007777
rxn:5:180267:226381:228171	CCOc1ccc(-c2c(SC)cc(C(C)(C)C)cc2-c2cnn(-c3cccc(C)c3)c2)cc1F	0.007776
rxn:5:179757:227821:228189	CCSc1ccc(F)c(-c2cc(Oc3ccccc3)ccc2-c2cc(C)cc(C)c2CC)c1	0.007766
rxn:5:192951:225609:229273	COc1cc(-c2cccc(Oc3ccccn3)c2)cc(-c2ccnc(-c3scnc3OC)c2)c1	0.007763
rxn:5:192649:228332:228760	COc1cc(SC)c(-c2cccc(C(=O)c3ccc(-c4cnc(C(C)(C)C)o4)nc3)c2)cn1	0.007763
rxn:5:177187:223088:228501	CCOC(=O)c1cc(C)cc(-c2ccnc3[nH]c(C(F)(F)F)cc23)c1-c1cnn(C)c1C(F)(F)F	0.007762
rxn:5:195957:227746:226400	Fc1c(-c2cc(-c3ccc(-c4cnccn4)cc3)cc(-c3cnco3)c2)cccc1C(F)(F)F	0.007759
rxn:5:193466:227641:227877	Cc1cc2cc(-c3ccc(C(=O)N4CCC[C@H]4C)c(-c4cn(-c5ccco5)nc4C)c3)ccc2s1	0.007757
rxn:5:197411:228006:225474	COc1ccc2c(-c3cc(OC)c(C)cc3C)cnc(-c3cncc(-c4cccc(C)c4)c3)c2c1	0.007749
rxn:5:177519:227330:228407	COC(=O)c1ccc(-c2cccc(OCc3ccc(-c4c(OC)ccc(F)c4F)cc3)c2)c(C)c1	0.007747
rxn:5:179417:226032:226660	CCS(=O)(=O)c1ccc(-c2cc(OC)cc(C(F)(F)F)c2F)c(-c2cnn(-c3ccccc3F)c2)c1	0.007745
rxn:5:179709:225604:228026	Cn1ncc2ccc(-c3ccc(OC4CCC4)c(-c4ccc(Sc5ccccc5)nc4)c3)cc21	0.007743
rxn:5:181420:226184:226036	COc1cc(C)cc(-c2ccc(-c3ccc(C)cc3)s2)c1-c1cc(C(F)(F)F)cc(F)c1OC	0.007742
rxn:5:192429:228869:226605	COC(=O)c1cc(-c2ccc(Oc3cccc(-c4cc(F)c(OC(C)C)cc4F)c3)nc2)cs1	0.007738
rxn:5:193225:226767:228067	COc1ccc(C(F)(F)F)c(-c2ccc(-c3cc4ccc(F)cc4s3)c(C(=O)N3CCOCC3)c2)c1	0.007735
rxn:5:195902:227629:227582	CCOc1c(-c2nc(-c3ccccc3)c(-c3cn(-c4ccsc4)nc3C)s2)ccc(F)c1F	0.007731
rxn:5:176855:227962:225442	COC(=O)c1cc(-c2ccccc2Oc2ccccc2)c(-c2cc(C)nc(C3CC3)c2)cc1OC	0.007726
rxn:5:179185:226080:227130	CCC(=O)c1cc(-c2ccc(-c3ccoc3)cc2)ccc1-c1ccc(OC)c2ccccc12	0.007725
rxn:5:193681:226591:227874	Cc1cc(-c2ccc(-c3ccc(OC(C)C)c(F)c3F)cc2OC2CCN(C)CC2)cc2ccoc12	0.007722
rxn:5:196349:226692:226465	Cc1noc(C)c1-c1ccc(-c2cc(-c3ccc4c(c3)n(C)c(=O)n4C)c(-c3ccccc3)cn2)s1	0.007718
rxn:5:179196:225933:225473	COc1cc(-c2cc(C3CC3)nc(C(F)(F)F)c2)cc(OC)c1-c1cccnc1-c1ccccc1C	0.007717
rxn:5:181407:226079:226314	CC(C)c1ccc2sc(-c3ccc(-c4cnn(Cc5ccccc5)c4)c(C4CC4)c3)cc2c1	0.007714
rxn:5:190533:227668:228610	CCOC(=O)c1cnc2sc(-c3cc(F)c(OC)c(F)c3C)cc2c1-c1ccc(C(C)(C)C)s1	0.007714
rxn:5:194238:227034:227729	COC(=O)c1cc2cc(-c3c(C#N)cccc3C3CC3)ccc2nc1-c1cn(-c2cscn2)nc1C	0.007713
rxn:5:196921:227168:226944	Cc1ccc2cc(-c3cc(-c4cc(F)cc5cccnc45)ccc3-n3c(C)ccc3C)ccc2n1	0.007706
rxn:5:196922:226586:225615	O=C1CCCCN1c1cc(-c2ccc(Oc3ccncc3)cc2)cc(-c2ccnc(OC3CCOC3)c2)c1	0.007706
rxn:5:197427:227134:226134	COc1ccc2c(-c3cccc(-c4ccoc4)c3)c(-c3cc(C#N)cc(C4CC4)c3C)cnc2c1	0.007705
rxn:5:180149:226181:228497	COc1cccc(-c2ccc(-c3ccc(C4=CCCCC4)nc3)cc2-c2ccnn2CC(F)(F)F)c1	0.007704
rxn:5:197417:227634:227423	COc1cccc2c(-c3ccc(-c4cccnc4)s3)c(-c3cnc(-c4ccsc4)nc3)cnc12	0.007698
rxn:5:181903:226319:228458	CSc1ncc(-c2ccc(C3(C)OCCO3)cc2-c2ccc(C(=O)N3CCC3)cc2)c(SC)n1	0.007693
rxn:5:199058:226927:225681	Cc1ccc2c(-c3ccnc(-c4ccccc4F)c3)ccnc2c1-c1c(C)c(C)c(C)c(C)c1C	0.007693
rxn:5:189127:227069:227945	COc1ccc(-c2ccc(OCc3cccc(-c4ccc(N(C)C)c(C)c4)c3)cn2)c(C(C)C)c1	0.007692
rxn:5:196349:227620:226385	Cc1nccn1-c1csc(-c2cc(-c3ccc(-c4cccnc4)nc3)c(-c3ccccc3)cn2)c1	0.007690
rxn:5:190585:223341:228261	CCOC(=O)c1[nH]c2cc(-c3c(SC)ccc(F)c3C)ccc2c1-c1ccc2c(c1)CC(=O)N2	0.007690
rxn:5:194245:228257:226399	COC(=O)c1cnc(-c2ccc(-c3ncccn3)cc2)c2ccc(-c3c(F)cc(C)cc3OC)cc12	0.007688
rxn:5:197453:227070:223090	CCOc1cc(C)c(C)cc1-c1cnc2cc(OC)c(-c3ccc4[nH]nc(C(F)(F)F)c4c3)cc2c1	0.007688
rxn:5:188411:226191:225795	CCOC(=O)c1ncc(-c2cc(C3CCCC3)ccc2F)cc1-c1ccc(-n2cccn2)cc1OC	0.007683
rxn:5:192418:229004:226427	COc1cc(-c2nc(-c3ccccc3SC)cs2)ccc1-c1cc(N2CCC(C)CC2)cs1	0.007681
rxn:5:179787:227133:223011	CCc1cc(-c2cccc(-c3cccs3)c2)cc(CC)c1-c1cc2[nH]ncc2cc1OC(C)C	0.007673
rxn:5:194238:228525:222993	COC(=O)c1cc2cc(-c3cc4ccccc4s3)ccc2nc1-c1cccc(N2CCCCC2O)c1	0.007668
rxn:5:194142:228495:226767	COC(=O)c1cc2c(-c3ccn(CC(F)(F)F)n3)ccc(-c3cc(OC)ccc3C(F)(F)F)c2[nH]1	0.007667
rxn:5:177521:225397:229289	Cc1cccc(-c2ccc(-c3c(OCc4ccccc4)cccc3-c3cscc3C)cc2)c1	0.007662
rxn:5:189130:226135:228277	COc1ccc(F)c(C)c1-c1ccc(OCc2ccccc2)c(-c2cc(C3CC3)c(C#N)cc2C)n1	0.007661
rxn:5:177738:227427:228352	COc1cc(-c2ccc(-n3cccn3)s2)c(-c2cccnc2-c2ccoc2)cc1OC1CCC1	0.007660
rxn:5:177499:228723:225437	N#Cc1ccc(-c2ccc(OCc3ccc(-c4cccc(CN5CCCCC5)c4)cc3)cc2)cc1F	0.007655
rxn:5:178979:225839:226443	CCOc1ccc(-c2ccc(-c3cccs3)nc2C)c(-c2cnc(-c3cccc(F)c3)nc2)c1	0.007653
rxn:5:198523:226453:226895	Fc1ccccc1-c1csc(-c2ccc3[nH]ccc3c2-c2cc(F)c(C(F)(F)F)cc2F)c1	0.007650
rxn:5:194246:223338:229198	COC(=O)c1nc2ccccc2c(-c2cnc(F)nc2F)c1-c1cc(F)cc2[nH]ccc12	0.007637
rxn:5:196417:226081:223062	COc1ccc2c(-c3ccc(-c4cccc(-c5cnc(C6CCNCC6)cc5F)c4)nc3)cccc2c1	0.007637
rxn:5:177183:226670:227442	CCOC(=O)c1cc(C)c(-c2cncc(-c3ccoc3)c2)c(-c2cc(F)cc(-n3cccn3)c2)c1	0.007634
rxn:5:198748:225477:226752	COc1c(-c2cc(-c3ccc(-c4cccc(C)c4)nc3)c3ccncc3c2)cccc1C(F)(F)F	0.007634
rxn:5:188412:226910:226445	CCOC(=O)c1c(-c2ccc(C(C)(C)CC)cc2)cncc1-c1ccc(-c2ccsc2)nc1C	0.007634
rxn:5:192955:227325:227369	COc1cccc(-c2cnc(-c3ccc(OC(C)(C)C)nc3)cc2-c2cc(F)ccc2OC2CC2)c1	0.007627
rxn:5:179403:226209:226688	COC(=O)c1c(C)cc(-c2ccc(OC)c3ncccc23)cc1-c1ccc(-c2nccs2)nc1C	0.007624
rxn:5:177850:225667:228556	CCOc1ccc(-c2ccnc(-c3ccc(F)cc3)c2)c(C2OCCO2)c1-c1ccc(COC)cc1	0.007620
rxn:5:182647:225479:227144	COc1cccc2cc(-c3ccc4cc(-c5ccc(-c6ccccc6)c(F)c5)sc4c3)sc12	0.007620
rxn:5:177732:226359:227071	COCc1cc(C)c(-c2cc(C(=O)OC(C)(C)C)ccc2-c2ccc(-c3ccnn3C)cc2)c(C)c1	0.007615
rxn:5:177446:227640:225834	COc1c(OC(C)C)cc(-c2cc(-c3ccncn3)cs2)cc1-c1cc(N2CCCCC2)ncc1F	0.007612
rxn:5:199271:227346:225613	CCCc1cc(F)c(-c2cc(C)nc3c(C)c(-c4ccnc(OC5CCCCC5)c4)ccc23)c(F)c1	0.007608
rxn:5:192494:225497:226372	CN(C)Cc1cccc(-c2cccc(-c3ccc(F)cc3)c2)c1-c1ccnc(-c2ccccn2)c1	0.007596
rxn:5:189137:227164:228276	COc1c(-c2ccc(-c3cnc4ccc(F)cc4c3)cc2OCc2cccnc2)ccc(F)c1C	0.007592
rxn:5:177509:222418:227673	CC(F)(F)c1cccc(-c2cccc(SCc3cccc(-c4ccc(S(N)(=O)=O)cc4)c3)c2)c1F	0.007591
rxn:5:197419:225401:227166	COc1ccc(-c2cc(-c3ccccc3)ccc2C)c2nc(-c3ccc4c(c3)OCCN4C)ccc12	0.007591
rxn:5:196405:227579:226676	CCOc1c(F)cc(-c2cncc(-c3ccccc3-c3ccc(-n4cccn4)cc3F)c2)cc1F	0.007588
rxn:5:196350:226945:228344	Cc1cc(-c2ccnc(-c3cccc(-c4ccc(SC(F)F)cc4)c3)c2)c2ncccc2c1	0.007577
rxn:5:182825:226880:228745	CSc1cc(C)c(-c2cc(-c3cc(F)c(F)c(C(F)(F)F)c3)c3ccccc3c2)cn1	0.007576
rxn:5:194049:226922:227287	COC(=O)c1cc(-c2c(C)cc(C3CC3)cc2C)c2nc(-c3ccc(C(C)C)nc3OC)sc2c1	0.007574
rxn:5:182070:226444:223206	Cc1ccc(-c2cc(-c3cc4ccc(C#N)cc4[nH]3)cc(-c3ccc(C4CCCO4)nc3C)c2)c(C)c1	0.007570
rxn:5:189662:226571:225646	Cc1cn(-c2ccc(-c3ncc(-c4cnn(CC5CCOCC5)c4)cc3OCC3CCOCC3)c(C)c2)cn1	0.007562
rxn:5:179874:226962:228617	COc1cccc(C)c1-c1ccc(C(=O)c2ccc(-c3ccc4ccccc4c3F)cc2)cc1	0.007556
rxn:5:199273:227379:225457	Cc1ccc(-c2cc(-c3cc(C)nc4c(C)cc(-c5cccnc5N5CCCC5)cc34)ccn2)cc1	0.007552
rxn:5:198622:227542:226880	COC(=O)c1cc(F)ccc1-c1ccc2c(-c3cc(F)c(F)c(C(F)(F)F)c3)ccnc2c1	0.007549
rxn:5:188955:227294:225489	Cc1cnc(OC(C)C)c(-c2ccnc(OCC(C)C)c2-c2cc(F)cc(-c3ccccc3)c2)c1	0.007544
rxn:5:194148:226670:226134	COC(=O)c1cc2c(-c3cc(F)cc(-n4cccn4)c3)c(-c3cc(C#N)cc(C4CC4)c3C)ccc2[nH]1	0.007539
rxn:5:196764:227357:227349	CCC(=O)c1cc(-c2ccc(-c3ccnc(-c4cc(C)cc(OC)c4OC)c3)c(C)c2)ccc1F	0.007538
rxn:5:194248:226213:228254	COC(=O)c1ccc2cc(-c3ccc(OC)c(F)c3C)cc(-c3cnc(OC)c4ccccc34)c2n1	0.007535
rxn:5:196352:226146:227038	COc1ccc(C(C)C)cc1-c1ccccc1-c1ncccc1-c1ccc(SC2CCCC2)cc1	0.007531
rxn:5:197451:223204:226762	COc1c(-c2cc(SC)cc(C(F)(F)F)c2)cc(-c2cc3cc(C#N)ccc3[nH]2)c2ncccc12	0.007520
rxn:5:191552:226846:225698	COC(=O)c1ncc(-c2cncc(-c3cccc(F)c3)c2)cc1-c1ccc(C(F)(F)F)nc1OC	0.007512
rxn:5:180421:228117:226198	CCCn1ncc2cc(-c3ccc(CC4CCCCC4)cc3-c3cncc(OC(C)C)c3)ccc21	0.007509
rxn:5:194447:225491:229161	CCCc1cc(-c2cncnc2OC)c2ccc(-c3cc(F)ccc3-c3ccccc3)c(C)c2n1	0.007503
rxn:5:177192:226032:228018	CCOC(=O)c1ccc(-c2cc(F)cc(C3CC3)c2)c(-c2cc(OC)cc(C(F)(F)F)c2F)c1C	0.007501
rxn:5:197429:226198:227638	CCCn1ncc2cc(-c3ccc(-c4cc(-c5ncccn5)cs4)c4c(C(C)=O)c[nH]c34)ccc21	0.007500
rxn:5:177177:228756:227417	COC(=O)Cc1cc(C)c(-c2ccc(SC)nc2C)cc1-c1ccnc(-c2ccsc2)c1	0.007495
rxn:5:177450:226960:226850	COc1cc(-c2ccc(-c3ccc(F)c4ccccc34)cc2OCC2CCC2)cc(C(F)(F)F)n1	0.007494
rxn:5:190596:226906:228566	CCOC(=O)c1cc2cc(-c3ccsc3CC(C)C)cc(-c3cccc4cccc(C)c34)c2[nH]1	0.007492
rxn:5:180723:225438:228927	COc1nccc(F)c1-c1c(OC(C)C)ccc2cc(-c3ccc(C(C)N4CCCC4)cc3)ccc12	0.007491
rxn:5:179839:225946:226940	COc1c(C(C)=O)cc(-c2cccc3ccnc(C)c23)c(C)c1-c1cc(C(C)=O)cc(C(F)(F)F)c1	0.007489
rxn:5:197453:227434:226742	COc1cc2ncc(-c3ccccc3-c3cncs3)cc2cc1-c1ccc(C#N)cc1C(F)(F)F	0.007486
rxn:5:192966:229258:226779	Cc1cc(Oc2ccc(-c3ccc(C(=O)C(F)(F)F)cc3)cc2)ncc1-c1cncc(F)c1	0.007485
rxn:5:181958:225932:227088	Cc1cc(-c2ccc(C)c(-c3cccc(-c4ccc(N(C)C)c(C(F)(F)F)c4)c3)c2)cc(C(C)(C)C)n1	0.007477
rxn:5:179874:226059:229051	CCCn1cc(-c2ccc(C(=O)c3ccc(-c4ccc(C(C)C)cc4C(C)C)cc3)cc2)cn1	0.007475
rxn:5:194239:228616:223325	COC(=O)c1cc2c(-c3ccc(SC)cc3C)cccc2c(-c2cccc3[nH]nc(C)c23)n1	0.007459
rxn:5:199100:225785:226441	Cc1ccc(-c2ccc(Oc3cccnc3)nc2)c2c(-c3ccc(N4CCCC4)cc3F)ccnc12	0.007458
rxn:5:196767:227038:226975	COc1ccc(C(C)C)cc1-c1ccc(-c2ccc(-c3cc4ccccc4cc3F)nc2)cc1C	0.007451
rxn:5:181742:227764:227590	Fc1cc(-c2ccccc2-c2cccc(-c3ccc(CC(F)(F)F)cc3)c2)cc(F)c1C(F)F	0.007450
rxn:5:196346:226170:227281	Cc1sc(-c2ccccc2-c2cc(C#N)nc(C(C)C)c2)nc1-c1cccc(-c2ccccn2)c1	0.007448
rxn:5:180723:228896:227145	COc1ncc(-c2ccc3c(-c4cc5c(OC)cccc5s4)c(OC(C)C)ccc3c2)cc1F	0.007442
rxn:5:179757:225811:227185	CN1CCOc2ccc(-c3cc(Oc4ccccc4)ccc3-c3ccc(C4(C(F)(F)F)CC4)cc3)cc21	0.007430
rxn:5:199073:225621:225822	Cc1cc2cc(-c3ccc(OC4CCOC4)c(C)c3)ccc2c(-c2cccc(C(F)(F)F)c2C2CC2)n1	0.007426
rxn:5:181961:227913:227629	Cc1ccc(-c2ccc(-c3ccc(OC(C)C)cc3)cc2)cc1-c1cn(-c2ccsc2)nc1C	0.007425
rxn:5:195904:225585:226428	CC1CCCCN1c1csc(-c2cccc(-c3csc(-c4ccccc4CN4CCOCC4)n3)c2)c1	0.007422
rxn:5:179760:227579:228165	CCOc1ccc(F)c(-c2cccc(Sc3ccc(-c4cc(F)c(OCC)c(F)c4)cc3)c2)c1	0.007421
rxn:5:188253:226697:226660	COC(=O)c1cc(C#N)cc(-c2ccc(-c3cscn3)cc2F)c1-c1cnn(-c2ccccc2F)c1	0.007418
rxn:5:199055:227660:226711	Cc1ccc(C(F)(F)F)cc1-c1ccc2c(C)cc(-c3ccc4cnn(C(F)F)c4c3)nc2c1	0.007417
rxn:5:189137:228522:225989	FC(F)(F)c1cn2cc(-c3ccc(-c4ccn5cccc5c4)cc3OCc3cccnc3)ccc2n1	0.007417
rxn:5:194236:225418:229167	CCOc1ccc2cc(-c3nc(C(=O)OC)cc4ccc(-c5csc(N(C)C)n5)cc34)ccc2c1	0.007411
rxn:5:199093:226380:225459	Cc1cccc(-c2cc(-c3c(-c4ccc(-n5ccnc5)cc4C)cnc4ccc(C)cc34)ccn2)c1	0.007411
rxn:5:198686:225506:227926	CC(C)Cn1ncc2cc(-c3cc(-c4ccc(SC(C)C)cc4)c4cccnc4c3)ccc21	0.007409
rxn:5:180566:227525:228501	CCc1cnc(C(F)F)cc1-c1cc(-c2cnn(C)c2C(F)(F)F)cc2cc(C(=O)OC)oc12	0.007407
rxn:5:180143:228594:226403	CCc1cc(-c2ccc(C)c(Oc3ccc(-c4cccc(-n5cnc(C)c5)c4)cc3)c2)cc(C)n1	0.007406
rxn:5:177493:228408:227771	COc1cc(F)c(-c2ccc(-c3ccc(OC(F)(F)F)nc3)c(OCc3ccccc3)c2)cc1F	0.007402
rxn:5:180150:227154:227814	COc1ccc(-c2ccc(-c3ccc4c(C)n(C)nc4c3)cc2-c2ccc(CC3CC3)cc2)cc1	0.007401
rxn:5:196344:225628:223239	COc1ccccc1-c1csc(-c2cccc(-c3cccc(-c4cncc(C5CCCN5)c4)c3)n2)c1	0.007395
rxn:5:189126:226902:227967	Cc1c(-c2ncc(OCc3ccccc3)cc2-c2cccnc2C2CCC2)ccc2ccccc12	0.007392
rxn:5:198629:227761:226195	Cc1cccc(-c2csc(-c3ncc(-c4ccc(F)cc4C(F)(F)F)c4ccccc34)c2)c1	0.007387
rxn:5:177511:227354:227835	Cc1ccc(-c2ccc(OCc3ccc(-c4ccc(F)c(OC(C)C)c4)cc3)cc2)cc1C1CC1	0.007384
rxn:5:189322:227046:226711	Cc1cc(OC(C)C)cc(-c2cnc(-c3ccc4cnn(C(F)F)c4c3)c(C(=O)OC(C)(C)C)c2)c1	0.007377
rxn:5:179874:226154:228198	COc1cc(C(C)(C)C)ccc1-c1ccc(C(=O)c2ccc(-c3cnc(C(C)C)nc3C)cc2)cc1	0.007376
rxn:5:178994:225599:225649	COCc1cccc(-c2ccnc(Oc3ccccc3)c2)c1-c1ccc(-n2ccnc2C)cc1C	0.007373
rxn:5:182011:226453:226130	Fc1ccccc1-c1csc(-c2ccc(C3CCOCC3)cc2-c2ccc(CN3CCCC3)cc2)c1	0.007367
rxn:5:180142:227161:226335	COc1ccc(-c2ccc(C3COC3)c(C#N)c2)cc1-c1cccc(-c2ccc3nn(C)c(C)c3c2)c1	0.007360
rxn:5:198437:225397:226842	Cc1cccc(-c2ccc(-c3csc4c(-c5cncc(C(=O)C(F)(F)F)c5)ccnc34)cc2)c1	0.007359
rxn:5:190582:226136:227059	CCOC(=O)n1cc(-c2cc(C3CC3)c(C)cc2C#N)c2c(-c3ccc(OC)c(C(C)C)c3)cccc21	0.007358
rxn:5:179839:226445:227592	COc1cc(F)cc(-c2cc(C(C)=O)c(OC)c(-c3ccc(-c4ccsc4)nc3C)c2C)c1OC	0.007357
rxn:5:194050:225600:227611	COC(=O)c1cc2c(-c3cccnc3OC3CCCCC3)cnc(-c3ccnn3C3CCCCO3)c2s1	0.007357
rxn:5:182825:226861:226082	COc1ccc2ccc(-c3cc(-c4ccc(OC(F)(F)F)c(F)c4)c4ccccc4c3)cc2c1	0.007349
rxn:5:190532:228021:228796	CCOC(=O)c1sc2c(-c3cc(C)cc(C(C)=O)c3)nccc2c1-c1cc(OC)ccc1F	0.007343
rxn:5:199272:226434:227436	Cc1cc(-c2cc(F)cc(-n3cccc3)c2)c2nc(C)cc(-c3ccc(-c4cncs4)cc3)c2c1	0.007343
rxn:5:196336:227772:225607	CC(c1ccc(-c2cccc(-c3ccnc(-c4cncc(OC(F)(F)F)c4)c3)c2)s1)N1CCCCC1	0.007335
rxn:5:199270:225942:227772	Cc1nc2ccc(-c3cnc(C(C)C)c(C(F)(F)F)c3)cc2c(-c2cncc(OC(F)(F)F)c2)c1C	0.007324
rxn:5:177523:227160:226974	Cc1c2cccc(-c3cccc(-c4ccc5c(c4)COC5(C)C)c3OCc3ccccc3)c2nn1C	0.007324
rxn:5:177285:226402:227421	Cc1cn(-c2ccc(-c3cccc(-c4ccc(-c5ccccn5)s4)c3COC(C)C)cc2)cn1	0.007320
rxn:5:188394:226842:227328	CCOC(=O)c1cnc(-c2cncc(C(=O)C(F)(F)F)c2)cc1-c1cc(F)cc(OC(C)C)c1	0.007320
rxn:5:194147:227556:225788	CCc1nnc(-c2cccc(-c3ccc(-c4cc(OC)c(F)c(OC)c4)c4[nH]cc(C(=O)OC)c34)c2)o1	0.007318
rxn:5:196083:225468:225417	CCOc1ccc2ccccc2c1-c1cc(C(C)C)c(-c2ccc(-c3ccccc3C)nc2)cn1	0.007311
rxn:5:189126:226422:227026	N#Cc1ccc(-c2cc(OCc3ccccc3)cnc2-c2cc(F)ccc2N2CCCC2)cc1C1CC1	0.007296
rxn:5:196344:227637:225706	Cc1nn(-c2ccoc2)cc1-c1cccc(-c2cccc(-c3cc4ncn(C(C)C)c4cc3F)c2)n1	0.007293
rxn:5:196921:226945:226412	Cc1cc(-c2ccc(-n3c(C)ccc3C)c(-c3cc(F)cc(N4CCCC4)c3)c2)c2ncccc2c1	0.007287
rxn:5:181957:227046:227418	Cc1cc(OC(C)C)cc(-c2ccc(-c3cc(-c4ccc(-c5ccco5)nc4)ccc3C)cc2)c1	0.007272
rxn:5:192654:227949:228615	CSc1ccc(C)cc1-c1ncccc1C(=O)c1ccc(-c2cc(C)c(C#N)c(C)c2)cc1	0.007270
rxn:5:196407:226082:227338	COc1ccc2ccc(-c3cnccc3-c3cccc(-c4cc(OC(C)C)ccc4F)c3)cc2c1	0.007270
rxn:5:176753:225607:226361	CCCOc1ccc(-c2ccc(C)cc2-n2cccn2)cc1-c1ccc(C(C)N2CCCCC2)s1	0.007255
rxn:5:177282:227637:225422	Cc1nn(-c2ccoc2)cc1-c1ccc(COC(C)C)cc1-c1ccc(N(C)C)c2ccccc12	0.007252
rxn:5:199098:226884:227186	Cc1c(-c2c(F)cc(C(F)(F)F)cc2F)ccc2c(-c3ccc4cccnc4c3F)ccnc12	0.007252
rxn:5:197077:225813:226975	Cc1c(-c2ccc3c(-c4cc5ccccc5cc4F)c(C#N)sc3c2)cc(F)c(OC(C)C)c1F	0.007251
rxn:5:177272:223012:226657	COC(=O)c1cc2cc(-c3cc(-c4ccc(-c5ncon5)c(C)c4)ccc3OCC(C)C)ccc2[nH]1	0.007244
rxn:5:199071:225501:226810	Cc1cc(-c2cccc(-c3cccc(F)c3)c2)c2ccncc2c1-c1cc(F)ccc1-c1ncon1	0.007230
rxn:5:181744:226920:226433	Cc1cc(-c2cc(-c3ccccc3)cc(-c3cc(C(C)(C)C)ccc3C)c2)cc(-c2cncs2)c1	0.007229
rxn:5:195928:225406:227428	Cc1ccc(-c2cccc(-c3ncc(-c4cccc(-c5cncc(-c6ccco6)c5)c4)s3)c2)cc1	0.007219
rxn:5:196769:227648:227708	Cc1ccc(-c2ccnc(-c3ccc(OC(F)(F)F)cc3)c2-c2ccnc(-c3cncs3)c2)cc1	0.007218
rxn:5:193538:223233:225706	CC(C)n1cnc2cc(-c3ccc(CN4CCCCC4)cc3-c3ccc(-c4ccn[nH]4)cc3)c(F)cc21	0.007215
rxn:5:192965:227902:226388	CCc1cc(-c2cnc(Oc3cccc(-c4ccccc4-c4ccncn4)c3)cc2C)ccc1C#N	0.007207
rxn:5:180569:227495:227346	CCCc1cc(F)c(-c2c(-c3cc(N(C)CC)ncc3F)ccc3cc(C(=O)OC)sc23)c(F)c1	0.007198
rxn:5:182069:225646:223215	Cc1cn(-c2ccc(-c3cc(-c4ccc5c(c4)NC(=O)CC5)cc(-c4cccc(C)c4C)c3)c(C)c2)cn1	0.007196
rxn:5:178843:226152:225626	COC(=O)c1cccc(-c2cc(C3CC3)cc(OC)c2C)c1-c1ccc(-c2ccccc2OC)s1	0.007192
rxn:5:192951:226608:228694	CCN(C)c1csc(-c2cc(-c3cc(OC)cc(-c4ccc(F)c(F)c4OC(C)C)c3)ccn2)c1	0.007190
rxn:5:193681:226401:226812	CN1CCC(Oc2cc(-c3cccc(-c4cnccn4)c3)ccc2-c2ccc(-c3ncon3)cc2F)CC1	0.007189
rxn:5:180143:226466:225634	Cc1ccc(-c2ccc3c(c2)OCC(=O)N3C)cc1Oc1ccc(-c2cnc(N3CCCCC3)c(C)c2)cc1	0.007174
rxn:5:177523:225465:223141	CN1CCC(c2cccc(-c3cccc(-c4cncc(C5CCNCC5)c4)c3OCc3ccccc3)c2)CC1	0.007172
rxn:5:180565:227128:228027	COC(=O)c1sc2cccc(-c3ccccc3-c3cccs3)c2c1-c1ccc2cncnc2c1	0.007168
rxn:5:177505:229131:226073	N#Cc1ccc2cc(-c3ccc(SCc4ccccc4-c4ccc(F)cc4F)cc3)ccc2c1	0.007166
rxn:5:194141:225701:227030	COC(=O)c1c[nH]c2cc(-c3ccc(C#N)cc3C3CC3)c(-c3ccc(-c4cccc(F)c4)nc3)cc12	0.007166
rxn:5:176993:227019:228459	CCCC(=O)c1ccc(-c2cnc(OC)nc2SC)c(-c2cccc(C(C)(C)C#N)c2)c1	0.007162
rxn:5:180569:225656:228032	COC(=O)c1cc2ccc(-c3cncc(N4CCCCC4C)c3)c(-c3cnc4cccnc4c3)c2s1	0.007162
rxn:5:179401:227369:225823	COc1cc(C(C)=O)cc(-c2cc(F)ccc2OC2CC2)c1-c1cc(C(C)C)cc(C(F)(F)F)c1	0.007152
rxn:5:177513:223213:227410	Cc1ccc2[nH]nc(C)c2c1-c1cccc(COc2ccc(-c3cc(-c4ccncc4)cs3)cc2)c1	0.007151
rxn:5:192563:226406:225393	O=C(c1cc(-c2ccccc2Cc2ccccc2)cc(-c2ccccc2-c2cnccn2)c1)N1CCC1	0.007151
rxn:5:189140:225703:229078	COC(=O)c1cc2cc(-c3cnc(OCc4ccccc4)c(-c4cncc(OC)c4)c3)ccc2s1	0.007145
rxn:5:179876:223394:226453	O=C(c1ccccc1-c1cc(-c2ccccc2F)cs1)c1ccccc1-c1cccc2cc[nH]c12	0.007139
rxn:5:181738:225851:227386	Cc1ccc(-c2ccc(-c3cnn(C4CCCCC4)c3)cc2-c2cc(F)cc(-n3ccnc3C)c2)o1	0.007129
rxn:5:197418:225823:228350	COc1cc(-c2cnn(-c3ccsc3)c2)c2cc(-c3cc(C(C)C)cc(C(F)(F)F)c3)ccc2n1	0.007122
rxn:5:199128:225631:225807	COc1cc(-c2cc(-c3ccc(N4CCN(C)CC4)cc3)c3nc(C)ccc3c2)cc(-c2cncs2)c1	0.007119
rxn:5:179982:227070:225629	CCOc1cc(C)c(C)cc1-c1ccc(OC(C)C)c(C)c1-c1cc(-c2ccc(OC)cc2)cs1	0.007110
rxn:5:177522:223246:226320	COc1ccc(-c2cccc(OCc3ccccc3)c2-c2cc(C3(C#N)CC3)ccc2F)c2cn[nH]c12	0.007105
rxn:5:176852:227104:227633	COC(=O)c1cc(-c2cccc(-c3ccsc3)c2)c(OC)c(-c2ccc(-c3ncccn3)s2)c1	0.007101
rxn:5:196342:226415:225468	Cc1ccccc1-c1ccc(-c2cccc(-c3noc(C)c3-c3ccccc3N3CCOCC3)c2)cn1	0.007096
rxn:5:180567:228549:225447	CCCc1ccc(-c2cc3cc(C(=O)OC)sc3cc2-c2ccc(OC3CCCCC3)cc2)cn1	0.007094
rxn:5:192085:225925:225624	COc1ccc(-c2ccc(-c3ccc(-c4cc(S(=O)(=O)N(C)C)ccc4C)c(C4(C#N)CC4)c3)s2)cc1	0.007092
rxn:5:180677:226072:222986	CCOc1ccc2cc(-c3cccc4cccc(C#N)c34)ccc2c1-c1cc(C)nc(C2CCCNC2)c1	0.007091
rxn:5:193537:226067:226070	CC(C)n1ccc2cc(-c3cccc(CN4CCCCC4)c3-c3ccc(C4=CCCCC4)cc3)ccc21	0.007088
rxn:5:196353:226342:225618	COC(=O)c1c(C)cc(-c2ncccc2-c2ccccc2-c2cccc(OC3CCCCO3)c2)cc1C	0.007085
rxn:5:177509:228605:227050	COc1c(C)cccc1-c1cccc(CSc2cccc(-c3ccc(OC(C)C)c(C)c3)c2)c1	0.007085
rxn:5:179874:227117:228358	Cc1cc(C2CC2)cc(-c2ccc(C(=O)c3ccc(-c4cnn(-c5ccoc5)c4)cc3)cc2)c1F	0.007081
rxn:5:197414:227559:225927	COc1ccc(-c2cc(C(F)(F)F)ccc2N(C)C)c2nccc(-c3ccc(C)c(OC(F)F)c3)c12	0.007078
rxn:5:189337:226204:227133	COc1nc2ccccc2cc1-c1cc(C(=O)N(C)C)cc(-c2cccc(-c3cccs3)c2)c1OC	0.007072
rxn:5:193539:227732:225937	Cc1nn(-c2cncs2)cc1-c1ccc(CN2CCCCC2)cc1-c1cc(C(F)(F)F)ncc1C(C)C	0.007070
rxn:5:197759:228065:225598	CCc1cc2ccc(-c3ccc4onc(C)c4c3)c(C)c2nc1-c1cccc(CN2CCSCC2)c1	0.007069
rxn:5:177491:227850:225631	CN1CCN(c2ccc(-c3ccccc3COc3ccc(-c4ccc5cnccc5c4)cc3)cc2)CC1	0.007069
rxn:5:193227:225394:226363	Cn1ccnc1-c1ccc(-c2cc(C(=O)N3CCOCC3)cc(-c3cc(C4CCC4)cc(C4CC4)c3)c2)cc1	0.007067
rxn:5:180146:226407:227967	COc1ccc(-c2cc(-c3ccc(-c4ccncn4)cc3)cc(-c3cccnc3C3CCC3)c2)cc1	0.007065
rxn:5:192964:225843:228784	COc1cc(-c2ccccc2Oc2ccc(-c3ccc(-n4cnc(C)c4)cc3F)c(C)n2)ccc1F	0.007065
rxn:5:193154:223006:225703	COC(=O)c1cc2cc(-c3cc(-c4ccc(F)c(C5CCNCC5)c4)ccc3CN3CCCC3)ccc2s1	0.007061
rxn:5:180149:227410:228218	COc1cccc(-c2ccc(-c3cc(-c4ccncc4)cs3)cc2-c2cc(C3CC3)ncc2F)c1	0.007043
rxn:5:199074:225807:226368	COc1cc(-c2cncs2)cc(-c2cnc(-c3cnn(C)c3-c3ccccc3)c3cccc(C)c23)c1	0.007042
rxn:5:189139:227722:223317	Cc1n[nH]c2cc(-c3cnc(OCc4ccccc4)c(-c4cccc(SC(F)(F)F)c4)c3)ccc12	0.007040
rxn:5:182069:228030:226763	COC(=O)c1c(F)cc(-c2cc(-c3ccc4c(cnn4C)c3)cc(-c3cccc(C)c3C)c2)cc1F	0.007039
rxn:5:196788:225614:228623	Cc1cc(-c2cccc(-c3sccc3C3CCC3)c2)ncc1-c1ccc(Oc2cccnc2)cc1	0.007039
rxn:5:177278:225397:226428	Cc1cccc(-c2ccc(-c3cccc(OCC(C)C)c3-c3cc(N4CCCCC4C)cs3)cc2)c1	0.007029
rxn:5:192425:226411:227443	c1cc(-c2cncc(-c3ccc(Oc4ccc(-c5ccc(N6CCOCC6)cc5)cn4)cc3)c2)cs1	0.007000
rxn:5:195921:225700:226839	N#Cc1cnc(C(F)(F)F)cc1-c1nccc(-c2ccoc2)c1-c1cncc(-c2ccccc2F)c1	0.007000
rxn:5:196870:225681:226689	Cc1nc(-c2cncs2)ccc1-c1cc(-c2ccnc(-c3ccccc3F)c2)cc(N2CCOCC2)c1	0.006997
rxn:5:195918:225611:226407	COc1cc(N2CCCC2)ccc1-c1ncsc1-c1cccc(-c2ccc(-c3ccncn3)cc2)c1	0.006991
rxn:5:197420:226425:226210	COc1ccc2cc(-c3ccnc4c(-c5ccc(N6CCCCC6C)s5)ccc(OC)c34)ccc2n1	0.006987
rxn:5:179874:223212:227127	COc1ccc2c(-c3ccc(C(=O)c4ccc(-c5ccccc5-c5ccoc5)cc4)cc3)c[nH]c2c1	0.006985
rxn:5:189908:225497:223375	Fc1ccc(-c2cccc(-c3cnc(-c4cc(F)cc5[nH]ncc45)c(OCC4CCCCC4)c3)c2)cc1	0.006981
rxn:5:178224:228137:226316	CCOc1ncc(-c2cc(OCC3CCCCC3)cc(-c3cncn3Cc3ccccc3)c2)cc1C	0.006976
rxn:5:194447:227704:227159	CCCc1cc(-c2ccc(C)c3nccnc23)c2ccc(-c3cc(C(F)F)ncc3OC)c(C)c2n1	0.006970
rxn:5:181738:226977:225398	Cc1ccc(-c2ccc(-c3ccc(-c4ccc(C)o4)c(-c4cccc5cc(F)ccc45)c3)cc2)cc1	0.006968
rxn:5:192955:228233:227435	COc1cccc(-c2cnc(-c3cnc(C(C)=O)cc3C)cc2-c2ccccc2-c2nccs2)c1	0.006961
rxn:5:192432:225943:226358	Cc1cnn(-c2cccc(-c3ccc(-c4ccc(C(=O)N5CCOCC5)s4)cc3Oc3ccccn3)c2)c1	0.006953
rxn:5:182069:227164:227642	Cc1cccc(-c2cc(-c3ccc(-c4cncs4)nc3)cc(-c3cnc4ccc(F)cc4c3)c2)c1C	0.006948
rxn:5:197410:226402:227453	COc1cccc2c(-c3ccc(-c4ccc(C)s4)s3)ncc(-c3ccc(-n4cnc(C)c4)cc3)c12	0.006946
rxn:5:194235:225666:227353	COC(=O)c1cc(-c2c(C)cc(OC)cc2OC)c2cccc(-c3cc(F)cc(N4CCCCC4)c3)c2n1	0.006935
rxn:5:196351:227640:225658	Fc1ccc(-c2ccc(-c3ccc(-c4cnccc4-c4cc(-c5ccncn5)cs4)cc3)cn2)cc1	0.006928
rxn:5:177506:223329:227590	Cc1ccc2cn[nH]c2c1-c1cccc(CSc2ccc(-c3ccc(CC(F)(F)F)cc3)cc2)c1	0.006928
rxn:5:194148:227978:225420	CCOc1c(-c2ccc3[nH]c(C(=O)OC)cc3c2-c2cc(C(C)C)ccc2F)ccc2ccccc12	0.006925
rxn:5:183063:225481:228456	COc1nc(SC)ncc1-c1ccc2c(c1-c1cccc(-c3ccccc3)c1F)CCCC2=O	0.006923
rxn:5:197409:226074:225396	COc1cc2nccc(-c3ccc(-c4ccccc4C)cc3)c2cc1-c1cccc2c(C#N)cccc12	0.006916
rxn:5:191978:226976:226761	CCCc1cnc(-c2c(F)ccc3ccccc23)cc1-c1ccc(SC)cc1C(F)(F)F	0.006916
rxn:5:181856:225482:226192	Cc1ccccc1-c1csc(-c2cc(-c3ccc(-c4ccccc4)cc3F)cc(C(C)(C)C)c2)c1	0.006913
rxn:5:181075:225681:225417	CCOc1ccc2ccccc2c1-c1cccc(-c2ccnc(-c3ccccc3F)c2)c1SC	0.006904
rxn:5:177183:227041:225489	CCOC(=O)c1cc(C)c(-c2cc(F)cc(-c3ccccc3)c2)c(-c2cc(C)c(OCC)cc2C)c1	0.006901
rxn:5:182069:228189:227049	CCOc1c(C)cc(-c2cc(-c3cc(SCC)ccc3F)cc(-c3cccc(C)c3C)c2)cc1C	0.006900
rxn:5:177492:227124:226736	CC(C)(C)c1ccc(-c2ccc(OCc3ccccc3)c(-c3ccc(C(F)(F)F)cc3C#N)c2)c(F)c1	0.006886
rxn:5:195959:226037:225462	COc1c(C(F)(F)F)ccc(-c2cc(-c3cnco3)ccc2-c2cccc(N3CCC(C)CC3)c2)c1F	0.006879
rxn:5:188633:226900:226603	COC(=O)c1cc(F)c(C)c(-c2c(OC)ncc(-c3ccc(S(F)(F)(F)(F)F)cc3)c2C(=O)OC)c1	0.006878
rxn:5:176590:226193:225498	CCOC(=O)c1c(-c2cc(-c3ccc(C)cc3)cs2)cccc1-c1cc(C2CCCCC2)ccc1F	0.006875
rxn:5:179760:225636:223235	CC1CCN(c2cc(-c3ccc(Sc4cccc(-c5ccc(-c6cn[nH]c6)cc5)c4)cc3)ccn2)CC1	0.006869
rxn:5:177518:225974:228636	Cc1nnc(-c2ccc(-c3cc(OCc4ccccc4)ccc3-c3c(C)cc(F)cc3C)cc2F)o1	0.006867
rxn:5:177734:229087:225606	CC(=O)c1ccsc1-c1cc(C)c(C(=O)OC(C)C)cc1-c1cccc(C(=O)n2cccc2)c1	0.006861
rxn:5:196418:226382:225511	COc1cc(C)c2cc(-c3ccccc3-c3ccncc3-c3cnc(C4CCCCC4)nc3)ccc2n1	0.006857
rxn:5:181962:226370:226408	Cc1ccc(-c2cccc(-c3ccc(-c4ccccn4)nc3)c2)cc1-c1ccc(-c2cncnc2)cc1	0.006855
rxn:5:190583:227817:228808	CCOC(=O)c1cc2cc(-c3ccccc3CC(C)C)c(-c3cc(F)cc(SC)c3)cc2[nH]1	0.006850
rxn:5:196419:227735:225787	Cc1ncc(-c2cccnc2-c2ccc(-c3cnn(Cc4cccc(F)c4)c3)cc2)cc1C(F)(F)F	0.006835
rxn:5:176856:226657:225668	COC(=O)c1cc(-c2cccc(-c3cc(F)ccn3)c2)cc(-c2ccc(-c3ncon3)c(C)c2)c1OC	0.006833
rxn:5:190589:227395:227718	CCOC(=O)c1[nH]c2cccc(-c3ccc(OC(F)F)cc3F)c2c1-c1ccc(-c2ncco2)cc1	0.006830
rxn:5:177276:225401:226843	Cc1ccc(-c2ccccc2)cc1-c1ccc(-c2ccc(C(=O)C(F)(F)F)nc2)cc1OCC(C)C	0.006829
rxn:5:177285:225628:227566	COc1ccccc1-c1csc(-c2cccc(-c3ccc(OC)c(F)c3OC)c2COC(C)C)c1	0.006814
rxn:5:192951:225599:228593	COc1cc(-c2ccnc(Oc3ccccc3)c2)cc(-c2ccnc(-c3ccncc3C3CC3)c2)c1	0.006812
rxn:5:189130:228261:227940	CCc1cc(SC)cc(-c2ccc(OCc3ccccc3)c(-c3c(SC)ccc(F)c3C)n2)c1	0.006809
rxn:5:190589:227383:225649	CCOC(=O)c1[nH]c2cccc(-c3ccc(-n4ccnc4C)cc3C)c2c1-c1cccc(-n2ccnc2)c1	0.006809
rxn:5:194150:226137:228615	COC(=O)c1ccc2c(-c3cc(C)ccc3SC)c(-c3cc(C4CC4)cnc3C(C)C)[nH]c2c1	0.006809
rxn:5:196772:226593:227704	COc1cnc(C(F)F)cc1-c1cc(-c2c(F)ccc(OC(C)C)c2F)ncc1-c1cccc(C)c1	0.006805
rxn:5:181958:227591:227144	COc1cc(C(F)F)ccc1-c1cccc(-c2cc(-c3cc4cccc(OC)c4s3)ccc2C)c1	0.006805
rxn:5:177512:225884:227934	CCOc1ccc(C)c(-c2cccc(OCc3ccc(-c4ccc(C5COCCO5)c(F)c4)cc3)c2)c1	0.006799
rxn:5:193540:227436:225600	c1cnc(OC2CCCCC2)c(-c2cc(-c3ccc(-c4cncs4)cc3)ccc2CN2CCCCC2)c1	0.006795
rxn:5:189126:225809:225632	CN1CCN(c2cccc(-c3cc(OCc4ccccc4)cnc3-c3cc(F)ccc3OC3CCOC3)c2)CC1	0.006791
rxn:5:196919:226676:225612	COc1cc(-n2cccc2)ccc1-c1cc(-c2ccc(-n3cccn3)cc2F)ccc1C1=NC(C)(C)CO1	0.006777
rxn:5:195901:225511:227745	COc1cc(C)c2cc(-c3ccc(-c4csc(-c5ccc(C(F)(F)F)c(F)c5)n4)cc3)ccc2n1	0.006756
rxn:5:188390:226061:226053	CCOC(=O)c1c(-c2ccc(F)c(OC(F)(F)F)c2F)ccnc1-c1cc(C(C)C)cc(C2CC2)c1	0.006754
rxn:5:177507:227460:223238	Cn1cnc2cc(-c3ccccc3CSc3cccc(-c4cccc(-c5cn[nH]c5)c4)c3)c(F)cc21	0.006752
rxn:5:189127:225592:227513	COc1nc(OC)c(-c2cccc(COc3ccc(-c4cc(F)ccc4CN4CCCC4)nc3)c2)cc1C	0.006747
rxn:5:196799:226173:227718	Cc1ccc(-c2cc(-c3ccc(-n4cccc4)cc3C)cc(-c3ccc(OC(F)F)cc3F)c2)cn1	0.006742
rxn:5:197124:226453:227329	COc1ccc(C(C)=O)cc1-c1nc2c(OC)ccc(-c3cc(-c4ccccc4F)cs3)c2s1	0.006740
rxn:5:196766:226075:226676	COc1ccc2cc(-c3ccc(-c4ccc(-n5cccn5)cc4F)c(-c4ccc(C)cn4)c3)ccc2c1	0.006739
rxn:5:197411:227145:225591	COc1ccc2c(-c3cc4c(OC)cccc4s3)cnc(-c3cc(CN4CCCC4)ccc3F)c2c1	0.006730
rxn:5:192415:225796:227131	COc1cc(-n2ccnc2)ccc1-c1cnc(-c2cccc(C3CCOC3)c2)c(Oc2ccccc2)c1	0.006722
rxn:5:176853:226031:227074	CCOc1c(C)cc(C)cc1-c1cc(OC)c(C(=O)OC)cc1-c1ccc(C(F)(F)F)cc1C(F)F	0.006707
rxn:5:177447:225435:226075	COc1ccc2cc(-c3cc(-c4ccccc4CN4CCCCC4)cc(OC)c3OC(C)C)ccc2c1	0.006704
rxn:5:189139:226924:226152	COc1cc(C2CC2)cc(-c2cnc(OCc3ccccc3)c(-c3cc(C)cc(C4CC4)c3C)c2)c1C	0.006703
rxn:5:189129:227907:225679	CCC(C)c1cncc(-c2ncc(-c3ccc(N4CCCCC4)cc3F)cc2OCc2ccccc2)c1	0.006701
rxn:5:196918:227152:225627	COc1cccc(-c2csc(-c3c(-c4cccc5c4c(C)nn5C)cccc3N3CCCCC3=O)c2)c1	0.006700
rxn:5:193052:225817:225473	Cc1ccccc1-c1ncccc1-c1cc(-c2ccc(C(F)(F)F)c(C3CC3)c2)ccc1C(=O)N1CCCC1	0.006696
rxn:5:197425:227629:225447	COc1cc(-c2cn(-c3ccsc3)nc2C)cc2ccc(-c3ccc(OC4CCCCC4)cc3)nc12	0.006685
rxn:5:196409:226318:226194	Cc1ccccc1-c1ccc(-c2cccc(-c3ncccc3-c3cc(C4CC4)nc(N(C)C)c3)c2)s1	0.006680
rxn:5:177512:228012:226406	Fc1cccc(-c2ccc(COc3cccc(-c4ccccc4-c4cnccn4)c3)cc2)c1C1CC1	0.006671
rxn:5:178226:227909:225467	CCC(C)c1cc(-c2c(OCC3CCCCC3)cccc2-c2cccnc2-c2cccc(C)c2)ccn1	0.006669
rxn:5:180095:225617:226692	Cc1noc(C)c1-c1ccc(-c2ccc(-c3ccc(OC4CCCCO4)cc3)cc2OC2CCCC2)s1	0.006666
rxn:5:177490:229102:225406	Cc1ccc(-c2cccc(-c3ccc(SCc4ccc(-c5ccn(C)c(=O)c5)cc4)cc3)c2)cc1	0.006662
rxn:5:196406:225589:226467	Fc1c(-c2ccc(-c3ccc(-c4ccc(CN5CCSCC5)cc4)cn3)cc2)cc(F)c2ncccc12	0.006647
rxn:5:190588:225459:227832	CCOC(=O)c1cc2c(-c3ccc(C4CC4)cc3C)ccc(-c3ccnc(-c4cccc(C)c4)c3)c2[nH]1	0.006647
rxn:5:177492:226398:227838	Cc1ccc(C2CC2)c(-c2cc(-c3cccc(-n4ccnc4C)c3)ccc2OCc2ccccc2)c1	0.006645
rxn:5:177181:228056:226038	COc1cc(C(F)(F)F)c(F)cc1-c1cc(C(=O)OC(C)C)ccc1-c1cc(C)c2nccn2c1	0.006643
rxn:5:179878:228320:227184	COC(=O)c1cc(-c2cccc(C(=O)c3ccccc3-c3cnc4ccccc4c3F)c2)ccn1	0.006642
rxn:5:192651:227977:226820	COc1cc(C)c(-c2ccc(C(=O)c3ccnc(-c4cnc(-c5cscn5)cc4F)c3)cc2)cc1C	0.006641
rxn:5:179879:227195:226652	Cc1cc(-c2ccccc2C(=O)c2ccc(-c3cc(F)cc4ccncc34)cc2)n(C2CCCCO2)n1	0.006627
rxn:5:192955:226810:227649	COc1cccc(-c2cnc(-c3cc(F)ccc3-c3ncon3)cc2-c2ccnc(-c3nccs3)c2)c1	0.006622
rxn:5:194150:225666:225394	COC(=O)c1ccc2c(-c3cc(C4CCC4)cc(C4CC4)c3)c(-c3cc(F)cc(N4CCCCC4)c3)[nH]c2c1	0.006617
rxn:5:177518:227408:225581	Fc1cnc(C2CCC2)cc1-c1cc(OCc2ccccc2)ccc1-c1ccc(CN2CCOCC2)cc1	0.006616
rxn:5:190584:227792:227390	CCOC(=O)c1cc2c(-c3ccnn3C3CCCCC3)cc(-c3ccnc(C(F)(F)F)c3F)cc2[nH]1	0.006616
rxn:5:178121:226674:226064	Fc1cc(-n2ccnc2)ccc1-c1c(OCC2CCOCC2)cccc1-c1ccc(C2CCCCC2)cc1	0.006616
rxn:5:176752:225450:225397	CCCOc1ccc(-c2ccc(C(=O)C3CCCC3)cc2)c(-c2ccc(-c3cccc(C)c3)cc2)c1	0.006610
rxn:5:181959:227370:223089	Cc1c(-c2ccc(-c3ccc(OC4CC4)c(F)c3)cc2)cccc1-c1ccc2[nH]c(C(F)(F)F)nc2c1	0.006609
rxn:5:194240:227547:227644	COC(=O)c1cc2ccc(-c3ccc(OC(F)F)c(C)c3)cc2nc1-c1ccc(-c2cscn2)nc1	0.006605
rxn:5:177515:225805:223296	Cc1ccc2cc(-c3cccc(COc4ccc(-c5ccc(C(C)N6CCOCC6)s5)cc4)c3)[nH]c2c1	0.006575
rxn:5:192956:227048:227172	COc1ccccc1-c1cnc(-c2ccc(C(=O)C(C)C)cc2)cc1-c1ccc(F)c2cnccc12	0.006573
rxn:5:181957:226758:225394	COc1ccc(-c2ccc(-c3cc(-c4cc(C5CCC5)cc(C5CC5)c4)ccc3C)cc2)cc1C(F)(F)F	0.006571
rxn:5:176864:225645:226842	COC(=O)c1cc(-c2ccc(-n3ccc(C)n3)cc2C)cc(-c2cncc(C(=O)C(F)(F)F)c2)c1OC	0.006564
rxn:5:196338:225884:225820	Fc1cc(-c2ccncc2-c2ccccc2-c2c(C3CC3)cccc2C(F)(F)F)ccc1C1COCCO1	0.006556
rxn:5:196772:225671:225810	COc1ccc(-c2cc(-c3cc(C4CCCCC4)ncc3F)ncc2-c2cccc(C)c2)c(C2OCCO2)c1	0.006553
rxn:5:181426:227745:225612	COc1cc(-n2cccc2)ccc1-c1ccc(C)c(-c2ccc(C(F)(F)F)c(F)c2)c1SC	0.006551
rxn:5:177492:227624:227920	CCC(=O)c1ccc(-c2cc(-c3ccc(-c4nnco4)cc3)ccc2OCc2ccccc2)cc1	0.006524
rxn:5:181736:226900:226743	CCc1cc(-c2ccc(-c3ccccc3-c3ccc(S(F)(F)(F)(F)F)cc3)cc2)cc(C(F)(F)F)n1	0.006513
rxn:5:192432:225501:228162	CCOc1c(F)cccc1-c1ccc(-c2cccc(-c3cccc(F)c3)c2)cc1Oc1ccccn1	0.006509
rxn:5:194237:226195:227521	COC(=O)c1cnc(C)c(-c2cc(C(=O)OC)c3cccc(-c4cc(-c5cccc(C)c5)cs4)c3n2)c1	0.006509
rxn:5:180565:226938:226711	COC(=O)c1sc2cccc(-c3ccc4c(C)nccc4c3)c2c1-c1ccc2cnn(C(F)F)c2c1	0.006504
rxn:5:177501:227918:226427	CC1CCN(c2csc(-c3cccc(COc4ccccc4-c4ccc(SC5CC5)cc4)c3)c2)CC1	0.006498
rxn:5:192965:226322:225436	Cc1cc(C(=O)N(C)C)ccc1-c1cnc(Oc2cccc(-c3ccc(CN4CCCCC4)cc3)c2)cc1C	0.006498
rxn:5:192956:226689:228172	CCOc1cccc(-c2cc(-c3ccc(-c4cncs4)nc3C)ncc2-c2ccccc2OC)c1F	0.006489
rxn:5:194243:227382:225706	COC(=O)c1cc2ccc(-c3ccnn3-c3ccccc3)cc2c(-c2cc3ncn(C(C)C)c3cc2F)n1	0.006488
rxn:5:180565:227143:225873	COC(=O)c1sc2cccc(-c3cc4ccc(OC)cc4s3)c2c1-c1cccc(N2CCOCC2=O)c1	0.006483
rxn:5:177731:225450:226182	CC(C)(C)OC(=O)c1ccc(-c2cccnc2C2CCCCC2)cc1-c1ccc(C(=O)C2CCCC2)cc1	0.006475
rxn:5:177180:227414:225836	CCOC(=O)c1c(C)cc(-c2ccc(-c3ccncc3)s2)cc1-c1cnc(-c2ccccc2F)nc1	0.006462
rxn:5:198637:225821:228344	FC(F)Sc1ccc(-c2ccc(-c3ccc(C4CC4)c(C(F)(F)F)c3)c3ccncc23)cc1	0.006458
rxn:5:181964:226741:226051	Cc1ccccc1-c1cc(-c2cc(C(F)(F)F)ccc2C#N)cc(-c2c(OC(F)(F)F)ccc(F)c2F)c1	0.006456
rxn:5:192645:226437:227936	Cc1cnc(C(=O)c2cc(-c3cccc(SC4CC4)c3)cc(-c3cc(C4CCCC4)ncc3F)c2)s1	0.006446
rxn:5:180296:226332:226401	CCc1cccc(-c2c(-c3cccc(-c4cnccn4)c3)cccc2-c2ccccc2C(=O)N2CCC2)c1	0.006428
rxn:5:180141:228549:227456	CCCc1ccc(-c2ccc(-c3cc(-c4ccc5nc(SC)sc5c4)ccc3OC)cc2)cn1	0.006419
rxn:5:176864:225946:228272	COC(=O)c1cc(-c2cc(C(C)=O)cc(C(F)(F)F)c2)cc(-c2ccc(C)c(OC)c2F)c1OC	0.006414
rxn:5:176997:226430:225843	Cc1cn(-c2ccc(-c3cc(-c4cc(-c5nccs5)ccc4C)ccc3OCC3CC3)c(F)c2)cn1	0.006405
rxn:5:178412:225465:227905	CCOC(=O)c1cc2c(-c3cccc(C4CCN(C)CC4)c3)ccc(-c3ccnc(CC(C)C)c3)c2s1	0.006401
rxn:5:189127:228067:223011	CC(C)Oc1cc2cn[nH]c2cc1-c1cccc(COc2ccc(-c3cc4ccc(F)cc4s3)nc2)c1	0.006399
rxn:5:177193:228391:225989	CCOC(=O)c1cc(C)c(-c2cccc(C(F)(F)F)c2)cc1-c1ccc2nc(C(F)(F)F)cn2c1	0.006393
rxn:5:193463:226863:226066	O=C1CCN(Cc2ccc(-c3ccc(OC(F)(F)F)cc3F)cc2-c2ccc(-c3ccccc3)cc2)CC1	0.006387
rxn:5:189126:228355:226069	c1ccc(COc2cnc(-c3cc(-n4cccn4)cs3)c(-c3cccc(C4CCCCC4)c3)c2)cc1	0.006385
rxn:5:177738:225933:226317	COc1cc(-c2ccc(Cn3cccn3)cc2)c(-c2cc(C3CC3)nc(C(F)(F)F)c2)cc1OC1CCC1	0.006367
rxn:5:189126:227050:227411	Cc1cc(-c2ncc(OCc3ccccc3)cc2-c2ccc(-c3ccoc3)nc2)ccc1OC(C)C	0.006365
rxn:5:196418:226757:225599	Cc1cc(-c2cnccc2-c2ccccc2-c2ccnc(Oc3ccccc3)c2)ccc1OC(F)(F)F	0.006365
rxn:5:177509:228675:227369	Fc1ccc(OC2CC2)c(-c2cccc(SCc3cccc(-c4cccc5scnc45)c3)c2)c1	0.006364
rxn:5:189129:225602:227664	Cc1cc(-c2cnc(-c3cc(C4(C#N)CCC4)ccc3F)c(OCc3ccccc3)c2)cc(C(F)(F)F)c1	0.006363
rxn:5:197414:226418:227714	COc1ccc(-c2ccc(SC(F)(F)F)cc2)c2nccc(-c3sc(-c4ccccc4)nc3C)c12	0.006362
rxn:5:177286:223090:225491	CC(C)OCc1ccc(-c2cc(F)ccc2-c2ccccc2)cc1-c1ccc2[nH]nc(C(F)(F)F)c2c1	0.006353
rxn:5:192418:228564:225501	CCC(C)c1ccc(-c2csc(-c3ccc(-c4cccc(-c5cccc(F)c5)c4)c(OC)c3)n2)s1	0.006353
rxn:5:179753:227133:226367	c1cncc(-c2cncc(-c3ccc(Sc4ccc(-c5cccc(-c6cccs6)c5)cc4)cc3)c2)c1	0.006353
rxn:5:195921:225639:225604	CC1CCN(c2ncccc2-c2c(-c3ccoc3)ccnc2-c2ccc(Sc3ccccc3)nc2)CC1	0.006341
rxn:5:192648:225440:226172	Cc1ccc(N2CCCC2)cc1-c1ccc(C(=O)c2ccccc2-c2ccc(C3(C#N)CCCC3)cc2)cn1	0.006334
rxn:5:196797:227923:225626	CCOc1ccc(C)cc1-c1cc(-c2ccc(-c3ccccc3OC)s2)cc(-c2cnccc2C)c1	0.006328
rxn:5:177373:225691:227410	Fc1cccc(-c2ncccc2-c2cc(-c3cc(-c4ccncc4)cs3)ccc2OCC2OCCO2)c1	0.006320
rxn:5:194143:227495:225938	CCN(C)c1cc(-c2cc(-c3cc(C(F)(F)F)ncc3C3CC3)c3cc(C(=O)OC)[nH]c3c2)c(F)cn1	0.006318
rxn:5:180146:227642:226181	COc1ccc(-c2cc(-c3ccc(C4=CCCCC4)nc3)cc(-c3ccc(-c4cncs4)nc3)c2)cc1	0.006318
rxn:5:194359:226030:226135	CCCc1cc(-c2cc(C3CC3)c(C#N)cc2C)c2cc(-c3cc(F)c(OC)c(C(F)(F)F)c3)ccc2n1	0.006311
rxn:5:189128:225813:227908	Cc1c(-c2cc(OCc3ccccc3)cnc2-c2cccnc2CC(C)C)cc(F)c(OC(C)C)c1F	0.006293
rxn:5:190587:226911:225805	CCOC(=O)c1cc2c(-c3c(CC)cc(C)cc3CC)ccc(-c3ccc(C(C)N4CCOCC4)s3)c2[nH]1	0.006285
rxn:5:180097:223390:228458	CSc1ncc(-c2cc(OC3CCCC3)cc(-c3ccc4cc[nH]c4c3)c2)c(SC)n1	0.006283
rxn:5:197491:225628:225392	CCc1c[nH]c2cc(-c3cccc(Cc4ccccc4)c3)c(-c3cc(-c4ccccc4OC)cs3)cc12	0.006282
rxn:5:177499:226759:226903	COc1cc(-c2ccc(OCc3ccc(-c4c(C)ccc5ccccc45)cc3)cc2)cc(C(F)(F)F)c1	0.006282
rxn:5:178412:227097:227834	CCOC(=O)c1cc2c(-c3sccc3-c3ccccc3)ccc(-c3ccc(C4CC4)c(C)c3)c2s1	0.006281
rxn:5:179758:226404:226428	CC1CCCCN1c1csc(-c2cc(-c3cccc(-c4ncccn4)c3)ccc2Oc2ccccc2)c1	0.006276
rxn:5:192432:227456:222994	CSc1nc2ccc(-c3ccc(-c4cccc(N5CCC(O)CC5)c4)c(Oc4ccccn4)c3)cc2s1	0.006262
rxn:5:198645:225499:227714	Fc1cc(C2CCCCC2)ccc1-c1cnc2cc(-c3ccc(SC(F)(F)F)cc3)ccc2c1	0.006256
rxn:5:190580:225603:227122	CCOC(=O)c1[nH]c2ccc(-c3cccc(-c4ccco4)c3)cc2c1-c1cccc(C2(C#N)CCC2)c1F	0.006250
rxn:5:196790:225689:225479	O=C1COCCN1c1ccc(-c2ccc(-c3ccccc3)c(F)c2)cc1-c1ccc(-c2ccccc2F)nc1	0.006247
rxn:5:180567:227443:227076	CCC(C)c1ccc(F)c(-c2cc3sc(C(=O)OC)cc3cc2-c2cncc(-c3ccsc3)c2)c1	0.006236
rxn:5:194143:226436:225786	COC(=O)c1cc2c(-c3ccc(Cn4cccn4)c(F)c3)cc(-c3cc(C)cc(-c4cscn4)c3)cc2[nH]1	0.006232
rxn:5:177513:226346:227060	Cc1cc(OC(C)C)c(F)c(-c2cccc(COc3ccc(-c4ccc(C)c(OC(C)C)c4)cc3)c2)c1	0.006230
rxn:5:192650:226207:226856	COc1cc2cc(-c3ccc(C(=O)c4ccc(-c5cc(C(F)(F)F)ncc5OC)nc4)cc3)ccc2cn1	0.006226
rxn:5:177503:227855:226857	Cn1c(-c2ccccc2COc2cccc(-c3cc(OC(F)(F)F)ccc3F)c2)cc2ccccc21	0.006221
rxn:5:180566:226219:226351	COC(=O)c1cc2cc(-c3cc(C)c(F)c(OC(C)C)c3)cc(-c3ccc4ccc(C)nc4c3F)c2o1	0.006221
rxn:5:196416:225580:226754	CCOc1c(F)cc(F)c(-c2cc(-c3cccc(-c4cnn(CC)c4)c3)ccc2-c2cccnc2)c1F	0.006204
rxn:5:177494:226686:227617	Cc1cn(-c2csc(-c3cc(OCc4ccccc4)cc(-c4c(C)cnn4C4CCCCO4)c3)c2)cn1	0.006203
rxn:5:196969:226812:225624	COc1ccc(-c2ccc(-c3cc(C4CCCCC4)ncc3-c3ccc(-c4ncon4)cc3F)s2)cc1	0.006191
rxn:5:177494:226424:226752	COc1c(-c2cc(OCc3ccccc3)cc(-c3cc(N4CCCC(C)C4)cs3)c2)cccc1C(F)(F)F	0.006182
rxn:5:180022:228306:227764	COc1c(-c2cc(F)c(C(F)F)c(F)c2)ccc(-c2cnc(SC(C)C)nc2)c1C1OCCO1	0.006180
rxn:5:177511:226371:226393	Cc1cc(N2CCCC2)ncc1-c1ccc(COc2ccc(-c3cccnc3-c3cccnc3)cc2)cc1	0.006174
rxn:5:180145:225617:228075	COc1ccccc1-c1cc(-c2ccc(OC3CCCCO3)cc2)cc(-c2cc3c(F)cccc3s2)c1	0.006166
rxn:5:192954:227063:226316	COc1ccc(-c2cnc(-c3ccc(C)cc3OC(C)C)cc2-c2cncn2Cc2ccccc2)cc1	0.006145
rxn:5:179880:226386:227707	O=C(c1cccc(-c2ccccc2OC(F)(F)F)c1)c1ccccc1-c1cccnc1-c1ccccn1	0.006139
rxn:5:190589:225509:227358	CCOC(=O)c1[nH]c2cccc(-c3cc(C)cc(OCC)c3F)c2c1-c1ccc2c(C3CC3)nn(C)c2c1	0.006133
rxn:5:180566:228211:227045	COC(=O)c1cc2cc(-c3cccc(SC(C)(C)C)c3)cc(-c3cc(N4CCCC4)cs3)c2o1	0.006127
rxn:5:199085:227761:226762	CSc1cc(-c2cccc3c(-c4ccc(F)cc4C(F)(F)F)cc(C)nc23)cc(C(F)(F)F)c1	0.006122
rxn:5:178412:226958:227429	CCOC(=O)c1cc2c(-c3ccc4ccc(C)nc4c3)ccc(-c3cncc(-c4cccs4)c3)c2s1	0.006121
rxn:5:179754:226402:225674	Cc1cn(-c2ccc(-c3ccc(Oc4ccc(-c5cnc(C6CCCCC6)cc5F)cc4)cc3)cc2)cn1	0.006112
rxn:5:177970:223016:226203	COC(=O)c1cc(-c2cc(OCC3CCCC3)cc(-c3ccc4c(cnn4C4CC4)c3)c2)cc2[nH]ccc12	0.006106
rxn:5:180144:223138:223011	COc1cccc(-c2cc(-c3ccnc(C4CCNCC4)c3)cc(-c3cc4[nH]ncc4cc3OC(C)C)c2)c1	0.006101
rxn:5:194245:228165:225614	CCOc1ccc(F)c(-c2ccc3c(-c4ccc(Oc5cccnc5)cc4)ncc(C(=O)OC)c3c2)c1	0.006087
rxn:5:177735:227391:225599	Cc1cc(C(=O)OC(C)C)cc(-c2ccccc2-n2ccnc2)c1-c1ccnc(Oc2ccccc2)c1	0.006081
rxn:5:177285:226883:223014	COC(=O)c1cccc2[nH]c(-c3cccc(-c4c(F)ccc(C(F)(F)F)c4F)c3COC(C)C)cc12	0.006079
rxn:5:177496:227374:226429	CC1CCCN(c2ccc(-c3cc(OCc4ccccc4)ccc3-c3ccc(-n4cccn4)cc3)s2)C1	0.006052
rxn:5:190595:222981:226129	CCOC(=O)c1cc2cc(-c3ccnc(NC4CCCCC4)c3)cc(-c3cccc(CN4CCCC4)c3)c2[nH]1	0.006046
rxn:5:196407:225989:228920	CSc1nccc(-c2cccc(-c3ccncc3-c3ccc4nc(C(F)(F)F)cn4c3)c2)c1F	0.006033
rxn:5:180020:225793:226445	COc1cccc(-n2cc(-c3cc(-c4ccc(-c5ccsc5)nc4C)ccc3OC3CCCC3=O)cn2)c1	0.005989
rxn:5:192645:227646:226409	Cc1cnc(C(=O)c2cc(-c3cnccc3-c3nccs3)cc(-c3cn(-c4ccccc4)nc3C)c2)s1	0.005971
rxn:5:177515:227041:225591	CCOc1cc(C)c(-c2ccc(OCc3cccc(-c4cc(CN5CCCC5)ccc4F)c3)cc2)cc1C	0.005955
rxn:5:181745:225604:226351	Cc1cc(-c2cc(-c3ccccc3)ccc2-c2ccc(Sc3ccccc3)nc2)cc(OC(C)C)c1F	0.005942
rxn:5:192645:222956:226214	COc1ccc2ccc(-c3cc(C(=O)c4ncc(C)s4)cc(-c4ccc(C)cc4C4CCCNC4)c3)cc2n1	0.005930
rxn:5:177519:225592:227752	Fc1ccc(CN2CCCC2)c(-c2cccc(OCc3ccc(-c4ccc(C(F)(F)F)cc4F)cc3)c2)c1	0.005929
rxn:5:192953:225418:228621	CCOc1ccc2cc(-c3c(-c4ccc(OC)cc4)ccnc3-c3ccc(C)cc3SC)ccc2c1	0.005921
rxn:5:180568:226402:225646	COC(=O)c1sc2cccc(-c3ccc(-n4cnc(C)c4)cc3C)c2c1-c1ccc(-n2cnc(C)c2)cc1	0.005906
rxn:5:196332:225392:225816	FC(F)(F)c1ccc(C2CC2)cc1-c1ccccc1-c1ccc(-c2cccc(Cc3ccccc3)c2)nc1	0.005891
rxn:5:179876:227097:226357	Cc1cnn(-c2ccc(-c3ccccc3C(=O)c3ccccc3-c3sccc3-c3ccccc3)cc2)c1	0.005859
rxn:5:192418:225595:226759	COc1cc(-c2ccc(-c3nc(-c4ccc(F)c(CN5CCCC5)c4)cs3)cc2OC)cc(C(F)(F)F)c1	0.005851
rxn:5:189140:227756:223011	CC(C)Oc1cc2cn[nH]c2cc1-c1cc(-c2c(F)cccc2C(F)(F)F)cnc1OCc1ccccc1	0.005841
rxn:5:195902:225401:226033	COc1cc(-c2nc(-c3ccccc3)c(-c3cc(-c4ccccc4)ccc3C)s2)cc(C(F)(F)F)c1F	0.005836
rxn:5:181963:226820:226863	Cc1ccc(-c2ccc(-c3ccc(OC(F)(F)F)cc3F)cc2)cc1-c1cnc(-c2cscn2)cc1F	0.005833
rxn:5:192953:227106:225989	COc1ccc(-c2ccnc(-c3ccc4nc(C(F)(F)F)cn4c3)c2-c2cc(C3CC3)c(C)cc2F)cc1	0.005824
rxn:5:182143:226763:228306	COC(=O)c1c(F)cc(-c2cc(-c3cnc(SC(C)C)nc3)c3occc3c2OC)cc1F	0.005776
rxn:5:189138:227406:225821	FC(F)(F)c1cc(-c2cccc(COc3ccc(-c4ccnc(-c5ccoc5)c4)cn3)c2)ccc1C1CC1	0.005769
rxn:5:190582:226403:225443	CCOC(=O)n1cc(-c2cccc(-n3cnc(C)c3)c2)c2c(-c3ccc(Oc4ccccc4)cc3)cccc21	0.005766
rxn:5:194232:228490:225625	COC(=O)c1cc(-c2cc(OC3CCCC3)ccc2F)c2cc(-c3cccc(S(=O)(=O)F)c3)ccc2n1	0.005749
rxn:5:176993:226037:227542	CCCC(=O)c1ccc(-c2ccc(F)cc2C(=O)OC)c(-c2ccc(C(F)(F)F)c(OC)c2F)c1	0.005734
rxn:5:194234:225841:225623	COC(=O)c1cc(-c2cccc(OC3CCOCC3)c2)nc2ccc(-c3cc(F)cc(-n4cnc(C)c4)c3)cc12	0.005722
rxn:5:179878:225687:227127	O=C(c1cccc(-c2cccnc2-c2ccc(F)cc2)c1)c1ccccc1-c1ccccc1-c1ccoc1	0.005712
rxn:5:176853:226084:225946	COC(=O)c1cc(-c2ccc3c(c2)C(=O)CCCC3)c(-c2cc(C(C)=O)cc(C(F)(F)F)c2)cc1OC	0.005707
rxn:5:189320:227456:227055	COc1ccc(-c2ncc(C(=O)OC(C)(C)C)cc2-c2ccc3nc(SC)sc3c2)cc1C1CC1	0.005689
rxn:5:192953:226207:225788	CCc1nnc(-c2cccc(-c3nccc(-c4ccc(OC)cc4)c3-c3ccc4cnc(OC)cc4c3)c2)o1	0.005683
rxn:5:181961:226754:227544	CCOc1c(F)cc(F)c(-c2ccc(-c3ccc(C)c(-c4cc(F)ccc4C(=O)OC)c3)cc2)c1F	0.005645
rxn:5:179760:225796:227558	COc1cc(-n2ccnc2)ccc1-c1ccc(Sc2cccc(-c3ccc(OC(F)F)cc3C)c2)cc1	0.005643
rxn:5:177519:226139:226081	COc1ccc2c(-c3ccc(COc4cccc(-c5cc(C6CC6)cnc5C5CC5)c4)cc3)cccc2c1	0.005643
rxn:5:190533:227440:226161	CCOC(=O)c1cnc2sc(-c3cccnc3-c3cccs3)cc2c1-c1cnccc1-c1ccccc1	0.005640
rxn:5:194245:228456:227675	COC(=O)c1cnc(-c2cc(OC)c(C)c(F)c2F)c2ccc(-c3cnc(SC)nc3OC)cc12	0.005629
rxn:5:192429:225678:225791	COc1ccccc1-n1cc(-c2cccc(Oc3ccc(-c4ccnc(-c5cccc(F)c5)c4)cn3)c2)cn1	0.005628
rxn:5:180023:225490:225478	Cc1ccc(-c2cncc(-c3cc(Cc4ccccc4)cc(-c4ccc(-c5ccccc5F)cc4)c3)c2)cc1	0.005628
rxn:5:189140:226850:225451	COc1cc(-c2cnc(OCc3ccccc3)c(-c3ccc(SC4CCCCC4)cc3)c2)cc(C(F)(F)F)n1	0.005623
rxn:5:179760:226314:225704	CCn1c(C)nc2cc(-c3cccc(Sc4ccc(-c5cnn(Cc6ccccc6)c5)cc4)c3)c(F)cc21	0.005618
rxn:5:177508:228068:228750	CC(=O)c1cncc(-c2cccc(SCc3ccc(-c4cc5cc(F)ccc5s4)cc3)c2)c1	0.005610
rxn:5:177732:226697:227746	CC(C)(C)OC(=O)c1ccc(-c2ccc(-c3cscn3)cc2F)c(-c2cccc(C(F)(F)F)c2F)c1	0.005599
rxn:5:190595:226910:226882	CCOC(=O)c1cc2cc(-c3ccc(C(C)(C)CC)cc3)cc(-c3ccc(C(F)(F)F)c(F)c3F)c2[nH]1	0.005574
rxn:5:177192:227711:226695	CCOC(=O)c1ccc(-c2ccc(-c3cncs3)cc2F)c(-c2ccc(F)c(OC(F)F)c2)c1C	0.005550
rxn:5:177736:227429:226857	CC(C)(C)OC(=O)c1ccc(-c2cc(OC(F)(F)F)ccc2F)c(-c2cncc(-c3cccs3)c2)c1	0.005524
rxn:5:194447:227453:226844	CCCc1cc(-c2ccnc(C(=O)C(F)(F)F)c2)c2ccc(-c3ccc(-c4ccc(C)s4)s3)c(C)c2n1	0.005496
rxn:5:177503:225812:226346	Cc1cc(OC(C)C)c(F)c(-c2cccc(OCc3ccccc3-c3cc(C)c(F)c(OC(C)C)c3F)c2)c1	0.005493
rxn:5:177494:225815:226396	FC(F)(F)c1cc(C2CC2)ccc1-c1cc(OCc2ccccc2)cc(-c2ccccc2-c2cccnn2)c1	0.005487
rxn:5:179403:227456:225793	COC(=O)c1c(C)cc(-c2ccc3nc(SC)sc3c2)cc1-c1cnn(-c2cccc(OC)c2)c1	0.005483
rxn:5:194248:227761:227411	COC(=O)c1ccc2cc(-c3ccc(-c4ccoc4)nc3)cc(-c3ccc(F)cc3C(F)(F)F)c2n1	0.005462
rxn:5:196764:226037:225405	COc1c(C(F)(F)F)ccc(-c2ccc(-c3ccnc(-c4ccc(-c5ccccc5)cc4C)c3)c(C)c2)c1F	0.005446
rxn:5:179882:225938:226391	Cc1nccn1-c1ccc(-c2ccc(C(=O)c3cccc(-c4cc(C(F)(F)F)ncc4C4CC4)c3)cc2)cc1	0.005429
rxn:5:192644:225475:225884	Cc1ccc(-c2ncccc2-c2cccc(C(=O)c3ccc(-c4ccc(C5COCCO5)c(F)c4)cn3)c2)cc1	0.005415
rxn:5:177505:226076:223192	CNS(=O)(=O)c1cc(-c2ccc(SCc3ccccc3-c3cc(OC)cc4ccccc34)cc2)ccc1F	0.005414
rxn:5:177517:223090:226589	CC(C)c1cnc(C(F)F)cc1-c1ccccc1OCc1cccc(-c2ccc3[nH]nc(C(F)(F)F)c3c2)c1	0.005408
rxn:5:194243:225611:225682	COC(=O)c1cc2ccc(-c3ccc(N4CCCC4)cc3OC)cc2c(-c2cccc(-c3ccc(F)cn3)c2)n1	0.005395
rxn:5:189125:226062:226192	Cc1ccccc1-c1csc(-c2ncc(-c3cc(C(C)C)cc(C(C)C)c3)cc2OCc2ccccc2)c1	0.005373
rxn:5:180568:226430:225438	COC(=O)c1sc2cccc(-c3ccc(C(C)N4CCCC4)cc3)c2c1-c1cc(-c2nccs2)ccc1C	0.005343
rxn:5:189140:227307:225444	Cc1ccc(-c2cnc(OCc3ccccc3)c(-c3cccc(Oc4ccccc4)c3)c2)c(OC(C)C)n1	0.005341
rxn:5:192645:227127:227512	COC(=O)c1cc(-c2cc(C(=O)c3ncc(C)s3)cc(-c3ccccc3-c3ccoc3)c2)c(C)cn1	0.005317
rxn:5:192966:225689:225417	CCOc1ccc2ccccc2c1-c1ccc(Oc2cc(C)c(-c3ccc(-c4ccccc4F)nc3)cn2)cc1	0.005198
rxn:5:177490:229011:223016	COC(=O)c1cc(-c2ccc(SCc3ccc(-c4ccc(C5CC5)s4)cc3)cc2)cc2[nH]ccc12	0.005191
rxn:5:189140:225593:226032	COc1cc(-c2cc(-c3cc(F)cc(CN4CCCC4)c3)cnc2OCc2ccccc2)c(F)c(C(F)(F)F)c1	0.005189
rxn:5:177496:225604:227399	c1ccc(COc2ccc(-c3ccc(Sc4ccccc4)nc3)c(-c3cccc(-c4nccs4)c3)c2)cc1	0.005188
rxn:5:192650:226153:225785	COc1cc(C)c(-c2ccc(C(=O)c3ccc(-c4ccc(Oc5cccnc5)nc4)nc3)cc2)cc1C1CC1	0.005154
rxn:5:177520:226771:227709	COC(=O)c1cc(F)c(F)cc1-c1cccc(COc2cccc(-c3cccc(OC(F)(F)F)c3)c2)c1	0.005097
rxn:5:194238:227722:226427	COC(=O)c1cc2cc(-c3cccc(SC(F)(F)F)c3)ccc2nc1-c1cc(N2CCC(C)CC2)cs1	0.005070
rxn:5:192650:226031:223061	O=C(c1ccc(-c2ccc(C(F)(F)F)cc2C(F)F)cc1)c1ccc(-c2cc(C3CCNCC3)ncc2F)nc1	0.004917
rxn:5:177184:226761:226847	CCOC(=O)c1c(-c2cc(C(F)(F)F)cnc2SC)ccc(C)c1-c1ccc(SC)cc1C(F)(F)F	0.004910
rxn:5:177497:226594:228416	COc1cc(F)cc(F)c1-c1c(SCc2ccccc2)cccc1-c1c(F)cc(OC(C)C)cc1F	0.004829
rxn:5:177504:225578:225605	CCc1ccc(-n2cc(-c3ccccc3COc3ccc(-c4cc(C)cnc4OC4CCCC4)cc3)cn2)cc1	0.004811
rxn:5:177506:229090:225645	CC(=O)c1cc(-c2cccc(CSc3ccc(-c4ccc(-n5ccc(C)n5)cc4C)cc3)c2)cs1	0.004809
rxn:5:180267:225586:226033	COc1cc(-c2c(SC)cc(C(C)(C)C)cc2-c2ccc(Oc3ccccc3)nc2)cc(C(F)(F)F)c1F	0.004730
rxn:5:177190:226761:225681	CCS(=O)(=O)Cc1ccc(-c2ccnc(-c3ccccc3F)c2)c(-c2ccc(SC)cc2C(F)(F)F)c1	0.004729
rxn:5:192646:223017:226069	COC(=O)c1cccc2cc(-c3ccc(C(=O)c4ccc(-c5cccc(C6CCCCC6)c5)cc4)nc3)[nH]c12	0.004724
rxn:5:194234:226217:226052	COC(=O)c1cc(-c2c(F)ccc(OC(F)(F)F)c2F)nc2ccc(-c3cc4cc(C)cc(OC)c4s3)cc12	0.004130
