name	smiles	heuristic
rxn:2:109211:98873	c1cn2c(c1CNC1CC1)CCCC2	0.055131
rxn:2:133355:130805	C1CC(NC2C3CC4C(C3)C42)CCS1	0.053393
rxn:2:133192:76878	Cc1ccnc(C)c1NC(C)c1nnsc1C	0.053338
rxn:2:100584:72754	C[C@H](NC1CCn2cccc2C1)C1CC1	0.053223
rxn:2:95932:131816	CCCN1CCCC(Nc2cc(C)on2)C1	0.053116
rxn:2:121170:110034	Cc1ccc(NC2CCC2F)cc1N(C)C	0.052842
rxn:2:70631:134328	CCC(N[C@@H]1C[C@@H]2CC[C@H]1O2)c1scnc1C	0.052615
rxn:2:92919:141702	CCC(NC1CN(C)C1)C1CC(C)C1	0.052589
rxn:2:131871:96050	Cc1ccc2cc(NC[C@@H]3CCCO3)sc2c1	0.052377
rxn:2:93700:125097	CC1Cc2cocc2C1N[C@H]1CCCOC1	0.051978
rxn:2:117402:138812	FC1CCC(NC2CCCc3ccsc32)C1	0.051944
rxn:2:89033:108687	CC1CC(C)(C)CCC1NCCc1cnoc1	0.051349
rxn:2:105468:78348	Cc1cnc([C@H](C)NC2CC3CCC2C3)[nH]1	0.051247
rxn:2:90202:131335	COc1ccoc1C(C)N[C@H]1CCC[C@H](C)C1	0.051160
rxn:2:133641:72101	C1CC(NC2CCC(OC3CC3)CC2)CS1	0.051074
rxn:2:127234:91066	CSCc1nc(CNC2COc3ccsc32)cs1	0.051015
rxn:2:118843:109493	CC(NC1CC1(C)c1ccccc1)c1nncs1	0.050950
rxn:2:89917:76956	Cc1cnc2c(c1)C(NCC1CCO1)CCO2	0.050720
rxn:2:134569:124705	CC(C)C1CCC(NC2CC23CSC3)CC1	0.050677
rxn:2:93878:102937	c1cncc(C2(NC3CCC4CCC43)CC2)c1	0.050599
rxn:2:106898:110670	COCc1nnc(NC2CCC3SCCSC23)o1	0.050474
rxn:2:103770:98873	c1coc(COc2ccccc2NC2CC2)c1	0.050145
rxn:2:141032:98636	Cc1c[nH]c2c1C(NC[C@H]1C[C@@H]1C)CCC2	0.050113
rxn:2:104270:98062	COc1cn(C)nc1NC(C)c1cc(C)ccn1	0.049946
rxn:2:80687:87373	CC(C)c1cccc(NC(C)c2cn[nH]n2)c1	0.049893
rxn:2:78032:115527	CC(C)n1ncc2c1CCCC2Nn1cncn1	0.049705
rxn:2:134450:107702	CCc1ccc(C(C)NC(C)c2cscn2)cn1	0.049703
rxn:2:111809:99197	COC1CCCC12CC(Nc1c[nH]c(C)c1)C2	0.049587
rxn:2:120803:120152	CC(C)c1cc(NC2CC3CCC(C3)C2)[nH]n1	0.049309
rxn:2:99090:90851	Cc1c(NC2CCCN(C)C2)cncc1C1CC1	0.049292
rxn:2:111624:136912	CCOc1cc(C)ccc1NC1CCCSCC1	0.049202
rxn:2:80985:140950	c1ccc(-c2nc(NC3CC4CCOC43)cs2)nc1	0.049149
rxn:2:90532:136912	c1cc2c(cn1)CCCC2NC1CCCSCC1	0.049147
rxn:2:109079:111338	CC(CN1CCCCC1)NC1CCC12CC2	0.049095
rxn:2:128351:128798	CC(C)C1(NC2CCN(c3cccnc3)C2)CC1	0.049047
rxn:2:97688:94413	CCC(NCc1ncn(C)c1C)c1cccnc1	0.048761
rxn:2:89218:141943	CCC(NCC1(C)CCS(=O)(=O)C1)C1CSC1	0.048701
rxn:2:128276:86217	CCCn1ccc(C(C)N[C@@H]2COCC[C@H]2F)n1	0.048620
rxn:2:138495:140270	COC[C@H](C)NC(C)c1ccc(OC)cc1C	0.048521
rxn:2:68367:103897	CCc1ccc([C@@H](C)NC(C)CC(C)(C)C)o1	0.048520
rxn:2:99022:133007	CCS(=N)(=O)NC1CCN(Cc2ccsc2)CC1	0.048485
rxn:2:74113:103022	CC1Cc2sccc2C1C(C)NC1CC2CC1C2	0.048468
rxn:2:84733:71631	Cn1ncc2c1C(NC1(C3CCC3)CCC1)CCS2	0.048388
rxn:2:114675:101491	CC1CC(Nc2cnc3sncc3c2)CCS1(=O)=O	0.048339
rxn:2:74029:110337	CCC(NCc1cc(C)ncc1OC)C1CC1	0.048318
rxn:2:130048:119233	C1CC2C(CO1)C2NC1C[C@H]2COC[C@@H]12	0.048263
rxn:2:103190:101820	CCn1nc(NCC2CC(F)(F)CCO2)c(C)c1C	0.048237
rxn:2:99498:101820	CC(C)c1cnc(NCC2CC(F)(F)CCO2)cn1	0.048126
rxn:2:66391:82487	Cc1cc2[nH]c(CNC3CCCC[C@H]3F)cc2s1	0.048103
rxn:2:130458:141013	CCn1ncnc1C(C)NC1CC(F)(F)C12CCC2	0.048099
rxn:2:97527:131824	CCOC1CC(N[C@H]2CC[C@@H]2F)C12CCCC2	0.048054
rxn:2:82108:106281	Cc1cc(NC2CCC(F)CC2)nn1CC1COC1	0.047939
rxn:2:127816:85468	Cc1cc(NC2CCC3COCC32)c(=O)n(C)c1	0.047937
rxn:2:110263:73486	Cc1nc(C(N[C@@H](C)C2COC2)C(C)(C)C)oc1C	0.047882
rxn:2:141482:127378	COC1CC(NCC2C[C@@H]3CC[C@H]2O3)C1(C)C	0.047837
rxn:2:88278:85904	CCCN1CCC(N[C@H]2COC[C@@H]2F)CC1C	0.047783
rxn:2:87700:71666	CCC(NC12CCC(C)(CC1)CO2)c1ccn(C)n1	0.047768
rxn:2:124158:96265	CSC1CC(Nc2cc(=O)[nH]c(=O)n2C2CC2)C1	0.047741
rxn:2:117242:79154	CC(C)(C)C1CCC1NC[C@H]1C[C@H](n2cncn2)C1	0.047727
rxn:2:80740:115439	CCc1ncc(C(C)NC2CCOCC2(C)C)cn1	0.047706
rxn:2:133168:93834	Cc1cncc(CNC2CC3(C)CCC2C3(C)C)n1	0.047692
rxn:2:125015:106260	CC(NC12CCC(CC1)OC2)c1ncnn1C(C)C	0.047669
rxn:2:77616:82447	CCn1cc(C(C)NCC23CCOCC2C3)nn1	0.047633
rxn:2:73274:101928	CCCSC1CCCC1Nc1nnc(N(C)C)o1	0.047627
rxn:2:102555:68991	Cc1cc(C)n(CCNC2CCOC3(CCC3)C2)n1	0.047622
rxn:2:67097:133872	C[C@@H]1CCCCC1N[C@H]1CCN(c2ncccn2)C1	0.047608
rxn:2:125474:85894	COc1ccc2c(c1)C(NC1CCC3(CC1)N=N3)C2	0.047602
rxn:2:72947:138712	CCOc1cncnc1NC1CC(S(C)(=O)=O)C1	0.047513
rxn:2:141257:114552	CC(C)(C)c1n[nH]c(CCNC2CCOCC2)n1	0.047240
rxn:2:70995:110686	C1COC(CNC2CCC3(CCO3)CC2)CO1	0.047222
rxn:2:117166:96234	CCC1OCC1NC1CCCOC12CCOC2	0.047219
rxn:2:111034:119185	CC1C(NC2(C)CC2C)CC2CC1C2(C)C	0.047057
rxn:2:107047:106566	COc1nc(C)c(NC(C)c2ccoc2)c(OC)n1	0.047035
rxn:2:125606:97340	CSCC1(NC(C)c2ccc(SC)n2C)CC1	0.047030
rxn:2:124130:122094	COc1ccc2nc(CNC3C[C@@H]4CCO[C@H]34)sc2c1	0.046982
rxn:2:87290:135892	COc1ncc(C(C)NC2CCCC(C3CC3)C2)s1	0.046904
rxn:2:71447:106329	Cc1c(NC2CC3CC2CC3F)ccc2ncsc12	0.046886
rxn:2:87046:127355	CN(C)c1nc(NC2CCS(=O)(=O)c3sccc32)cs1	0.046883
rxn:2:71880:98873	CCc1c(C(C)(C)C)nn(C(C)(C)C)c1NC1CC1	0.046868
rxn:2:105650:126975	CCC(NCc1cc(C)c(C)cn1)C1CCSCC1	0.046764
rxn:2:117870:93040	CCc1noc(NC(c2cccc(C)c2)C(C)C)n1	0.046741
rxn:2:108642:76874	COc1cnoc1NC(c1ccccc1C)C(C)C	0.046729
rxn:2:117677:121501	Cc1nncnc1NC1CCC(Sc2ccccc2)C1	0.046710
rxn:2:133622:112138	CCCc1cnc(NC2CCC(C)CC2OC)cn1	0.046667
rxn:2:102286:87859	Cc1cc(C(C)NCc2cccc3c2OCCC3)sn1	0.046631
rxn:2:66927:116917	COCc1ncc(NC(C)CC2CCCO2)cn1	0.046534
rxn:2:107811:134381	CC1CC(N[C@@H](C)c2ccc3scnc3c2)C(C)(C)O1	0.046527
rxn:2:100171:100550	COC1CC(NC2COCC2F)CN(C)C1	0.046519
rxn:2:130366:82609	Cn1nc(CC2CC2)cc1NC1CSc2ccccc21	0.046501
rxn:2:83951:119081	Cn1cnc(CCNC2CCOc3ccncc32)n1	0.046429
rxn:2:131128:76077	CC1CCCC1CNC(c1ccco1)c1ccco1	0.046421
rxn:2:90264:99808	COCn1cc(NC2CCC2Cc2cccs2)cn1	0.046421
rxn:2:120722:102227	c1cc2nc(C3CC3)cn2nc1NC1CCCC12CC2	0.046394
rxn:2:76007:114233	COCc1nn(C)cc1NC1C=NCc2ccccc21	0.046358
rxn:2:74254:106877	Cc1ccc2c(n1)SCCC2NC(C)(C)[C@H]1CCOC1	0.046319
rxn:2:87841:141281	COCc1nc(NC2CCCN3CCCC23)n(C)n1	0.046314
rxn:2:140590:96018	CCC(CC1CCCCC1)N[C@H]1CC[C@H]1C	0.046183
rxn:2:98861:138254	Cc1cccc(C(C)NC2CN(c3ccccn3)C2)c1	0.046145
rxn:2:138291:81995	CC[C@@H]1CCCCC1NC1C2CCOC2C1(C)C	0.046124
rxn:2:82952:88955	Cc1ccc(C(C)N[C@@H]2C[C@@H](F)CN(C3CC3)C2)[nH]1	0.046123
rxn:2:93561:81352	CN1CCCC(CNC2CCCc3c[nH]cc32)CC1	0.046122
rxn:2:106935:112783	CC1OCc2ccccc2C1Nc1csnc1C1CC1	0.046118
rxn:2:84870:108380	COc1ccsc1C(C)N[C@H]1C2CCN(CC2)C1(C)C	0.046104
rxn:2:122740:109362	COc1cnn(C)c1CNC1CC(n2cccn2)C1	0.046103
rxn:2:88926:83243	CCOC1COCCC1NC1CC(C)Sc2sccc21	0.046100
rxn:2:91288:123438	CC1(c2ccccc2NC2CCC3CC2C3)CC1	0.046100
rxn:2:101728:141123	COc1ccc2c(c1C)CC(NCCC(C)C)CC2	0.046089
rxn:2:117491:131819	CCN1C(C)CCCC1CNCc1nn(C)nc1C	0.046089
rxn:2:118868:83411	c1cnn(C2CCCC(NC3C4CCCCCC43)C2)n1	0.046063
rxn:2:132429:91155	Cc1nc2c(n1C)C(N[C@@H](C)COC(C)(C)C)CCC2	0.046042
rxn:2:83399:75001	CCC(C)(CNC1CC2CC1N(C)C2)N(C)C	0.046013
rxn:2:140109:68152	Cc1nccn1-c1cc(NC2COC3(CC3)C2)ncn1	0.046010
rxn:2:105937:118661	COc1nc(C)nc(NC2CCC[C@@H](C(C)(C)C)C2)n1	0.045983
rxn:2:137000:100377	Cc1nc(C(C)NCC2CCCOC2C(C)(C)C)no1	0.045962
rxn:2:135407:118435	CC12CC1CCCC2NCCC1CC2CCC1O2	0.045908
rxn:2:113302:88126	Cc1cnc2nc(NC3CCC4(CCS4)CC3)sc2n1	0.045900
rxn:2:85958:116579	C[C@@H]1CCCC(NC2CCN(c3ccccn3)CC2)C1	0.045814
rxn:2:72983:116134	CCC(N[C@H](C)Cc1cn(C)cn1)c1cc(C)on1	0.045691
rxn:2:126958:122245	CC(NC1CC2CCC(C1)N2C1COC1)c1csnn1	0.045678
rxn:2:70165:123606	CN1CCC(NCC2CC2c2cnc[nH]2)CC12CC2	0.045595
rxn:2:80864:122379	CSCC(NCC1(F)CCCOC1)c1ccccc1	0.045582
rxn:2:71062:124439	CSCc1cccc(NC2CCCc3[nH]ccc32)c1	0.045516
rxn:2:123020:127402	CCC(CC)Nc1ccn(C(C)C(C)CC)n1	0.045514
rxn:2:140341:86439	CC(NC1CC2CCC(C1)N2C1CC1)c1nc[nH]n1	0.045495
rxn:2:92415:66557	CO[C@H]1CCCCC1NC(c1ccccn1)C(C)(C)C	0.045493
rxn:2:106205:123060	CSC1CCC(Nc2ncn(Cc3ccn(C)n3)n2)C1	0.045480
rxn:2:97734:68678	F[C@H]1CN2CCC[C@@]2(CNC2C[C@@H]3COC[C@H]23)C1	0.045473
rxn:2:88158:82704	COc1ncc(C(C)N[C@H]2CN(C)CCC2(F)F)cn1	0.045411
rxn:2:114235:141013	CCn1ncnc1C(C)Nc1cnc(C)c(C(C)C)c1	0.045391
rxn:2:130407:85103	COC1CCC(Nc2cc(CCC(C)C)n[nH]2)C1	0.045383
rxn:2:86684:121657	Cc1cc(NC2CC3(CCCC3)C2)c2c(c1)OCC2	0.045378
rxn:2:136687:72953	COc1cc(C)cc(OC)c1C(C)NCC(C)(F)F	0.045377
rxn:2:122935:87201	CC1(C)CCC(NC2CCCCCC2)C1	0.045374
rxn:2:88896:130411	CCCCn1ccc(C(C)NC2CCOCC2F)n1	0.045367
rxn:2:78789:100741	Cc1coc(C(C)NC23CCC4CC(CC(C4)C2)C3)n1	0.045263
rxn:2:134172:67508	CC(C)CCC(NCC1(C)COC1)C(C)(C)C	0.045216
rxn:2:106895:91284	Cc1ncoc1C(C)NCc1cc(C2CCC2)ccn1	0.045198
rxn:2:93614:138712	CCCN1CCCC(NC2CC(S(C)(=O)=O)C2)C1	0.045180
rxn:2:109317:77275	c1cncc([C@H](NC2CC3CCC4C3C24)C2CCC2)c1	0.045146
rxn:2:78914:134813	CC1(c2ccccc2)CC(NC[C@H]2C[C@@H](C)C2)CCO1	0.045128
rxn:2:80043:122578	COC[C@H](F)CNC(C)c1cccc(C(C)C)n1	0.045119
rxn:2:116774:94431	Cc1nc(NC2CCC(F)(F)CC2C)nc2c1CCC2	0.045056
rxn:2:120654:77786	COC1CC2CC1CC2Nc1nc2nc(C)ccc2[nH]1	0.045040
rxn:2:109328:99197	COC1CCCC12CC(Nc1cncc3[nH]ccc13)C2	0.045000
rxn:2:129336:79380	CC(NC1CCC2(CC[C@@H](F)C2)C1)C1COCCO1	0.045000
rxn:2:131203:111713	CC(NCC[C@H]1CCO[C@H]1C)c1nccn1C(C)(C)C	0.044995
rxn:2:84874:76570	Cc1cc(C)c(C(C)NC2CCC23CCCO3)cc1C	0.044966
rxn:2:128733:103224	CC(c1cc(NC2CCS(=O)(=O)CC2)[nH]n1)C(C)(C)C	0.044958
rxn:2:111289:89044	CCC1CCC(CCNC2CC3C(C2)C3(C)C)O1	0.044931
rxn:2:130985:111606	COCCN1CCC(Nc2ccc3cnccc3n2)C1	0.044929
rxn:2:66332:78263	COC1(CNC(C)c2cnnc(C)c2)CCCC1(C)C	0.044920
rxn:2:111143:138377	Cc1c(C(C)NC(C)CN2CCC(C)CC2)cnn1C	0.044907
rxn:2:118210:81260	C1CCC(CNC2CCOC3CC23)(CC2CC2)C1	0.044894
rxn:2:123924:127375	CCC1(CC)CC(NCCc2ccc(C)s2)CCO1	0.044889
rxn:2:127245:80986	c1ccc2c(C3CC3NC3CC4COCC43)c[nH]c2c1	0.044884
rxn:2:66645:97443	CS(=O)(=O)[C@H]1C[C@H](CNC2Oc3ccccc3C2=O)C1	0.044847
rxn:2:115896:132988	CN(C)C1CCCC(NC2CCc3conc32)CC1	0.044781
rxn:2:119780:85468	CN1CCc2cc(NC3CCC4COCC43)ccc2C1	0.044753
rxn:2:134657:123032	COc1ccc(-c2cn[nH]c2NC2CC[C@H]3C[C@@H]23)cc1	0.044753
rxn:2:92477:94121	Cc1nn(C)c2cc(CNC3CCN(C)C[C@H]3C)ccc12	0.044750
rxn:2:94367:84739	CCn1cnc(NC2CCCc3cc4c(cc32)OCO4)n1	0.044718
rxn:2:119236:78222	CC(C)(C)n1nnnc1NC1CCC(c2ccncc2)C1	0.044707
rxn:2:83751:66738	CC(NC1(C)CC(F)C1)c1cnn(CC2CCC2C)c1	0.044706
rxn:2:101145:138558	Cc1ccc(C)c(-c2nncnc2NC2CCC[C@H]2F)c1	0.044690
rxn:2:130540:128223	COC(CNC1COc2cc(C)ccc21)CC(C)(C)C	0.044684
rxn:2:95217:76230	COc1cccnc1C(C)Nc1n[nH]c(N(C)C)n1	0.044668
rxn:2:109311:87796	c1cc(CNC2CCCc3c2cnn3C2CCCC2)on1	0.044654
rxn:2:74092:93969	Cc1cnc(-n2cc(CNC3CC(C)(C)C3)cn2)cc1C	0.044643
rxn:2:131846:94065	CC(NC1CCn2cnnc21)c1cnn2c1CCCCC2	0.044628
rxn:2:96005:99165	Cc1c(C(C)NC(C)C2CCCC(F)C2)sc2ncnn12	0.044605
rxn:2:100206:77235	COC1C(NC2CCN(C3CCC3)CC2)CC1(C)C	0.044499
rxn:2:113552:87859	Cc1cc(C(C)NCC2CCc3ccccc3OC2)sn1	0.044470
rxn:2:93024:91024	COCCC(Nc1cncc(OC)n1)c1cccs1	0.044433
rxn:2:96798:87302	CCc1[nH]cnc1CNC1CC[C@H](C)c2ccccc21	0.044410
rxn:2:79536:92001	CC1(C)COCCC1CNC1CCC(C)(C)C2CC12	0.044395
rxn:2:106985:98141	CCOc1cc(C(C)Nc2nsc(C)c2OC)nn1C	0.044393
rxn:2:97260:131475	CCCc1c(C)noc1NC1CC(=O)c2cccnc2O1	0.044347
rxn:2:73722:112138	CCc1c(NC2CCC(C)CC2OC)cccc1OC	0.044293
rxn:2:97329:90476	C[C@@H]1CC(Nc2nccn3ncnc23)C[C@H](C)S1(=O)=O	0.044239
rxn:2:122189:103149	CC(C)c1cc(=O)n(C)cc1NC1C[C@H]2CC[C@@H](C1)N2C	0.044235
rxn:2:106493:107564	Cc1cc(C(C)NCc2c[nH]c(C(C)(C)C)n2)c(C)s1	0.044222
rxn:2:95561:72533	CC12CCC(NCC3CCCCN3C(C)(C)C)C1C2	0.044214
rxn:2:105797:134479	CCCn1cnc(CNC2CCC3(CCCCC3)C2)c1	0.044167
rxn:2:109658:80133	c1cc(NC2CCCCC23CCCC3)c2cncn2c1	0.044141
rxn:2:77240:74331	Cn1c(C(C)(C)C)ccc(CNC2CCCC2(C)C)c1=O	0.044096
rxn:2:111520:99593	O=c1ccn(CC2CCCC2)cc1NC1CC2(COC2)C1	0.044093
rxn:2:105393:121709	COCC(C)(F)CNC(C)c1ccc2cccnc2n1	0.044075
rxn:2:107765:124463	Cc1nnc(C)c(NC2CC3CCCC(C2)N3C2CC2)n1	0.044056
rxn:2:75475:78022	CC1CCn2ncc(NC3C[C@H](C)CC(C)(C)C3)c2C1	0.044032
rxn:2:114458:69126	Cc1cnc(C)c(C(Nc2nccc(C)c2C)C(C)C)n1	0.044016
rxn:2:133322:94654	Cc1nc(-c2ccc(C)c(NC3CC4(CCO4)C3)c2)cs1	0.043995
rxn:2:66248:134379	CCSCC(NC1CCC(F)C1)c1cccc(C)c1	0.043972
rxn:2:109320:97871	Cc1nc(C(C)Nc2ncnn2C(C)C(C)(C)C)c(C)s1	0.043922
rxn:2:75030:101906	CCc1c(C)nc(C(C)C)nc1NC1CCC2(COC2)C1	0.043901
rxn:2:132969:82074	COc1c[nH]nc1NC(C)c1cc(C2CC2)c(C)cn1	0.043860
rxn:2:126021:141384	CC(NC1CCCC(N(C)C)C1)c1ccc2c(c1)OCC2	0.043853
rxn:2:85642:83058	CCCC1(NC2c3ncccc3CCC23CC3)CCOC1	0.043852
rxn:2:140450:85254	CC(C)c1cccnc1CNC1CCCN2CCCCC12	0.043839
rxn:2:92075:134088	Cc1cnn(C2COC2)c1NC1CC(C(C)C)CCC1C	0.043825
rxn:2:119849:73512	CC(C)[C@H]1CC[C@H](C)CC1Nc1cnn(-c2nccs2)c1	0.043818
rxn:2:120447:102702	CCC(F)CNC(c1ccsc1)C1CCCCC1	0.043807
rxn:2:75617:113715	Cc1ccc2cc(NC3CC4CCC(C3)N4C)cnc2n1	0.043769
rxn:2:73545:123382	Cc1nc(C)n(C)c1C(C)NC1CCSC2(CCCC2)C1	0.043732
rxn:2:126279:110366	Cc1ncncc1C(C)Nc1cc(=O)n(C)c(=O)n1C	0.043703
rxn:2:100121:91877	CC(C)C(C)n1cnc(NC2C[C@H]3COC[C@@H](C2)N3C)n1	0.043651
rxn:2:96454:115382	CCSC1CCCC1Nc1cc(C)n(C2CCCC2)n1	0.043638
rxn:2:137879:76523	CN(CCNC1CCSc2ncccc21)c1cncn1C	0.043624
rxn:2:90309:138883	CC(C)c1nsc(NC(c2ccccc2)C2CCC2)n1	0.043598
rxn:2:76722:122536	CCCc1cc(CNC2CC(c3ncn[nH]3)C2)on1	0.043591
rxn:2:119353:100741	Cc1coc(C(C)NC[C@H]2CCO[C@@H]2c2ccccc2)n1	0.043557
rxn:2:81308:127472	CC(C)c1cc(CNC2CCc3ccccc3C2)cs1	0.043535
rxn:2:81337:82958	Cc1nn(C)cc1Cn1cc(NC[C@H]2CCCCO2)cn1	0.043517
rxn:2:132314:70645	COc1ccc2c(c1)C(NCC1CCS(=O)(=O)CC1)CO2	0.043507
rxn:2:80224:90042	CCN(CC)C1CCC(N[C@@H](C)c2cn(C)cn2)CC1	0.043417
rxn:2:110980:107700	CCSC(C)C(NC(C)(C)C)c1cc(C)ccc1C	0.043401
rxn:2:130187:89600	CCC(Nc1noc(C2CCN(C)C2)n1)C(C)(C)CC	0.043369
rxn:2:92082:75031	COc1ccc(NC2CCc3scnc32)cc1C(C)(F)F	0.043365
rxn:2:102761:78927	Cc1ccccc1[C@@H](C)NC1CCN(Cc2ccco2)C1	0.043355
rxn:2:109962:78992	c1cc2c(cn1)C(NC1COC3(CCOCC3)C1)CCS2	0.043306
rxn:2:130159:141027	Cc1nccn1C(C)C(C)NC1C[C@H]2CC[C@@]1(C)C2(C)C	0.043306
rxn:2:135858:102599	CC[C@@]12CC[C@@H](CC1Nc1ccc3ncc(=O)[nH]c3n1)C2	0.043276
rxn:2:124591:93200	COC[C@H](CNC(C)c1cc[nH]c(=O)c1)OC	0.043275
rxn:2:99526:68514	CC(C)c1ccc(CNC2CCC3(CC3)C(C)(C)C2)nn1	0.043218
rxn:2:96494:71622	CC(C)C1CCCCC1Nc1nnc(C2CCCC2)s1	0.043215
rxn:2:129371:81864	C[C@H]1CCC(Nc2cc3cn[nH]c3cc2OC2CC2)CO1	0.043189
rxn:2:98782:123042	C[C@H]1CCCCC1NCc1n[nH]c2c(N(C)C)cccc12	0.043149
rxn:2:105551:111501	Cn1cc(C2CCC(NCC(C3CC3)C3CC3)C2)cn1	0.043148
rxn:2:90833:130805	c1ccc(COc2ccccc2NC2CCSCC2)nc1	0.043134
rxn:2:132953:105898	Cn1cc(CNC2CC(C3CCOCC3)C2)c(C2CC2)n1	0.043112
rxn:2:71072:125659	CC(Cc1cn[nH]c1)NC1COC(C)(C)c2ncccc21	0.043107
rxn:2:92663:141463	Cc1ccc(C(Nc2ccsc2C)C2CCCC2)o1	0.043082
rxn:2:77113:88795	CN1CCC(C)(NC2CCC(C)(C)c3ncccc32)CC1	0.043078
rxn:2:88383:105505	COc1cc(-c2cc(NC3CCCCC3)on2)ccc1C	0.043066
rxn:2:95560:85548	CCOCC1CCCCC1NCC(C)c1ccco1	0.043061
rxn:2:77976:115740	Cc1ccc(C(CCN(C)C)Nc2ccco2)c(C)c1	0.043061
rxn:2:141950:127941	CC(NC1(c2ccncc2)CC2(CCC2)C1)c1ncc[nH]1	0.043058
rxn:2:67501:119498	COCCn1nc(C)cc1NC1C[C@H]2CCC[C@@H](C1)N2C	0.043038
rxn:2:76010:130591	COc1c(NC2CCc3ccc4c(c32)CCO4)c(C)nn1C	0.043024
rxn:2:113693:138640	Cc1nc(NC2CCC3CC2C3(C)C)c2cc(C)oc2n1	0.043004
rxn:2:69050:111893	CC(NCCC1CCC(C)(C)O1)c1scc2c1OCCO2	0.042999
rxn:2:92583:166006	Cc1cc2nnc(C(C)N[C@H]3CCCC4(CC4)C3)c(C)n2n1	0.042993
rxn:2:138028:141509	CCOC1COCCC1NC1C(C)(C)COCC1(C)C	0.042979
rxn:2:118663:123446	CC(C)c1cc(C(C)N[C@@H]2C[C@H]2N2CCOCC2)ccn1	0.042979
rxn:2:70051:86627	CC1Cn2nccc2C1Nc1ccccc1N1CC(F)(F)C1	0.042975
rxn:2:102080:122639	Cc1cc(C)c(C(C)NCC[C@@H]2COCCN2C)c(C)c1	0.042955
rxn:2:130290:79549	Cc1nc2c(cc1C(C)NCc1c[nH]cn1)CN(C)CC2	0.042920
rxn:2:123825:96551	CCc1nc2ccc(NC3CCCC3(CC)CC)cn2n1	0.042898
rxn:2:136966:95843	COc1ccc([C@H]2CCC(NCc3cc(C)co3)C2)cc1	0.042885
rxn:2:107662:128871	COc1ccc2nc(C(C)NC3CCCC3(C)C)sc2c1	0.042882
rxn:2:77086:166802	Cc1cc(-c2ccccc2)ncc1C(C)NCC1CSC1	0.042877
rxn:2:93472:132178	Cc1cc(C)cc(C(NC2CCn3ncnc3C2)C2CC2)c1	0.042865
rxn:2:123222:83305	CCCc1cc(NCC(CC(C)C)OC)ncn1	0.042858
rxn:2:136667:103171	COc1cccnc1NC1CC2(CCOCC2)n2nccc21	0.042843
rxn:2:86599:129410	COCc1ccncc1NC1CC(C)(C)Cc2c1cnn2C	0.042840
rxn:2:94385:113779	Cc1cccc(C)c1-n1nccc1CNC1CC[C@@H](C)OC1	0.042836
rxn:2:79220:108555	CN(C)C1CC(N[C@H](c2ccccn2)C2CCCCC2)C1	0.042836
rxn:2:107290:116745	Cc1ccc(C2CCC2NC2(c3cnn(C)c3)COC2)cc1	0.042826
rxn:2:85494:77277	Cc1cccnc1O[C@H]1C[C@H](NC2CCc3ccncc32)C1	0.042807
rxn:2:111106:74530	COCC1CN(c2ccc(NC3CCOC3)cn2)CC1C	0.042804
rxn:2:126890:115391	CC(C)(C)C1CCCCC1NC1(c2ncc[nH]2)CCOC1	0.042797
rxn:2:123837:120315	CC(Cc1cn(C)nn1)NC1COC(C)(C)c2ccccc21	0.042793
rxn:2:74714:135540	Cc1cc(-c2nnc(NC3CCC[C@H]4CN(C)C[C@@H]34)o2)cs1	0.042785
rxn:2:72235:117522	Cc1cc(C(C)N[C@H]2CCCN(C(C)C)C2)cn2ccnc12	0.042780
rxn:2:95245:138590	CC1CN(CCNC2CCN(c3ccccc3)C(C)C2)C1	0.042754
rxn:2:89813:123088	CC(CCn1cncn1)NCC(C)N1CCCCC1	0.042725
rxn:2:131603:110586	CC1(C)C2CC[C@]1(C)C(NCC1CC1c1cc[nH]c1)C2	0.042696
rxn:2:110910:135951	CC(CC(C)c1ccccc1)NCC1(C)CCN(C)C1	0.042694
rxn:2:70723:65854	F[C@H]1CCCC[C@H]1CNC1c2ncccc2-c2cccnc21	0.042688
rxn:2:102049:90003	CC1(C)CCCCN1CCNC1CC2CC1S(=O)(=O)C2	0.042643
rxn:2:92040:137603	Cc1cccc(C2CCC(NCc3nn(C)c(=O)n3C)C2)c1	0.042608
rxn:2:119272:126386	CC(CC1CCC1)Nc1nnc(SCC2CC2)s1	0.042593
rxn:2:98489:123319	CSCc1ccc(CNC2CCN(C)C3(CCC3)C2)cc1	0.042552
rxn:2:93045:114468	CCN1CCOC(Cn2cnc(NC3CCC(C)C3)n2)C1	0.042545
rxn:2:93621:68152	CC(c1cnccn1)N(C)CCNC1COC2(CC2)C1	0.042523
rxn:2:108783:126839	Cc1nc(C(C)Nc2nc(CS(C)(=O)=O)no2)[nH]c1C	0.042503
rxn:2:124862:89264	COc1[nH]ncc1C(C)NC(c1ccnn1C)C(C)C	0.042456
rxn:2:105353:76668	CCN1CCC(NC(C)c2ccc(C)n2C(C)C)C(C)C1	0.042436
rxn:2:86339:81433	Cc1nnc(-c2ccc(NCC3OCCOC3(C)C)nc2)s1	0.042424
rxn:2:77933:68748	CCc1nc[nH]c1NC1CCCCC1N1CCCCCC1	0.042414
rxn:2:137850:79977	CC1(c2cc(NC3CCC4(CCC4)OC3)[nH]n2)CCCC1	0.042409
rxn:2:74746:91959	CC(CNC1CC2(C1)CS(=O)(=O)C2)Sc1ccccc1	0.042397
rxn:2:124123:109094	Cc1nn(C)nc1C(C)NC1CCC2(CCOC2(C)C)CC1	0.042395
rxn:2:68351:135723	CC1(C)CCOC(CCNC2CCSc3ccccc32)C1	0.042387
rxn:2:86559:164717	Cc1ccc2nc(C(NC3C(F)(F)C34CC4)C(C)C)cn2c1	0.042383
rxn:2:135640:66535	CCC(COC)NCCc1c[nH]c2nc(C)ccc12	0.042344
rxn:2:104544:131895	COCC(NCC(C)c1nc(C)cs1)c1ccccc1	0.042338
rxn:2:107565:95085	CC(NCc1c2c(nn1CC1CC1)CSC2)c1ncco1	0.042336
rxn:2:77001:89168	CCCN1CCC(Nc2cccc3[nH]c(C)cc23)C(C)C1	0.042336
rxn:2:108594:133251	CCN1C2CCC(NCC(C)c3cccc(C)c3)C1CC2	0.042265
rxn:2:80251:96488	CC(C)C[C@@H](NC1CSCc2occc21)c1cc(=O)o[nH]1	0.042243
rxn:2:106019:75112	CN1CCC(Nc2ccccc2N=S(C)(C)=O)C2CCCC21	0.042207
rxn:2:105769:97612	CC(NC1(C(C)F)COC1)c1ncc(-c2cccnc2)[nH]1	0.042205
rxn:2:114301:76464	Cc1nccc(C(C)NCCc2nnc(C(C)C)s2)c1C	0.042199
rxn:2:96019:136071	CCc1nocc1CNCC1Cc2ccccc2N1CC	0.042184
rxn:2:74084:139947	COC(CNC(C)COc1nonc1C)C(C)C	0.042166
rxn:2:134740:73427	CCC1(CNC(C)CC2CC2(F)F)CC2CCC1O2	0.042157
rxn:2:134160:101715	CC(NC1(c2cncs2)CC1)c1cccc(S(C)(=N)=O)c1	0.042156
rxn:2:102450:127013	CCC1CCC(Nc2cccc(CCN(C)C)c2)C1C	0.042118
rxn:2:90608:129239	CCC1CCC(N[C@@H]2CCc3ccccc3-n3ccnc32)C1	0.042104
rxn:2:101031:94654	COc1cc(OC)c2c(c1)[C@H](NC1CC3(CCO3)C1)CCO2	0.042076
rxn:2:100752:114007	CCOC(CNCc1nc(C(C)(C)C)c[nH]1)C(C)C	0.042022
rxn:2:83466:141292	C[C@@H](NC1CCO[C@@H](c2ccccc2)C1)C1CCCCC1	0.042009
rxn:2:70815:112636	c1ccc(Cn2ccnc2CNCC2CCCCO2)nc1	0.042003
rxn:2:138551:79481	COC1CC2(CCC2Nc2ccc(N3CCSCC3)nc2)C1	0.041965
rxn:2:72831:125790	CCCn1ccc(CNC(C)c2cccn2C2CC2)n1	0.041957
rxn:2:108458:130885	CN1CC2CC(NCC3CC34Cc3ccccc3C4)CC1C2	0.041932
rxn:2:113697:127110	CCC(Nc1c2c(cc3c1CC3)CC2)C1CCCCC1	0.041917
rxn:2:80179:74018	c1cc(CN2CCCC2)nc(NC2CCC3(COC3)OC2)c1	0.041914
rxn:2:139059:83002	CCC1COCCC1NC1CCC2(CCC(C)C2)CC1	0.041904
rxn:2:128138:74125	COC(CNC1CCCc2ccc(C)nc21)c1cnn(C)c1	0.041885
rxn:2:93277:74582	CCC(Cc1c(C)n[nH]c1C)NC(CC)C1COC1	0.041868
rxn:2:80860:94968	CC(NCCC1CC(F)C1)c1ccc(-n2cccn2)cc1	0.041828
rxn:2:116201:94121	C[C@@H]1CN(C)CCC1NCc1ccnn1Cc1ccccc1	0.041806
rxn:2:98330:91421	CC(C)COc1cncc(NC2c3cncn3CC2(C)C)n1	0.041800
rxn:2:133285:117884	CCN1CCCCC1CNCC(OC)c1csc(C)c1	0.041800
rxn:2:91355:87150	CCCn1nnnc1-c1ccncc1NC1CC2CC2(C)C1	0.041769
rxn:2:140787:121582	Cc1ncncc1CNC(C)c1ccc(OC(C)(C)C)nc1	0.041750
rxn:2:87311:134947	Cc1cc2c(s1)CCCC2NC[C@H]1C[C@H](OC(C)(C)C)C1	0.041728
rxn:2:77466:128333	CCCN1CCC(NC(C)c2c(C)cc(C)[nH]c2=O)CC1	0.041722
rxn:2:106634:91782	CC12CCCCC1CC(NC1(CS(C)(=N)=O)CCC1)C2	0.041695
rxn:2:68820:114327	Cc1ncccc1C(NC1CSC1C1CCCC1)C(C)C	0.041671
rxn:2:96220:104995	CCOC1CC2(C1)CC2NC(C)c1c(C)nn(C)c1OC	0.041639
rxn:2:124672:126746	Cc1nccnc1C(C)NCC(C)CC1CCCCN1C	0.041635
rxn:2:88114:123131	CCOc1cc(CNC2CCC(C)(N(C)C)CC2)ccn1	0.041635
rxn:2:130078:94931	CCC1CCC(NCc2cncc(-c3cncnc3)c2)CC1	0.041621
rxn:2:96637:132054	CCCc1cccc(C(C)NCC23COCC(F)(C2)C3)n1	0.041620
rxn:2:128665:165037	Cc1ncc(-c2nc(C)c(C(C)NC[C@]34COC[C@H]3C4)o2)o1	0.041594
rxn:2:131930:73507	COC(C)(C)C1CC(NC2CCCc3oc4c(c32)CCC4)C1	0.041575
rxn:2:97316:132309	CCCC1CC(NCc2cn(C)c3cc(OC)ccc23)C1	0.041549
rxn:2:84168:71004	CC(C)C1CC(NC(c2cnn(C)c2)c2ccco2)CCS1	0.041546
rxn:2:129522:141943	CCC(Nc1cccc(-c2ccncc2)c1C)C1CSC1	0.041534
rxn:2:125210:107085	COc1cccc(C(C)Nc2nc(OC)cnc2OC)n1	0.041525
rxn:2:94899:165373	COC[C@@H]1CC[C@H]1NC(C)c1sc2c(C)cccc2c1C	0.041512
rxn:2:81112:147697	CC(NC[C@H]1CC(F)(F)CO1)c1c[nH]c(=O)c2ccccc12	0.041485
rxn:2:134723:71586	C[C@@H](NC1CC(c2ccsc2)C1)c1cccc(C2CC2)n1	0.041482
rxn:2:70024:90042	CCN(CC)C1CCC(Nc2cncc(C)c2OC)CC1	0.041461
rxn:2:69823:100095	Cc1n[nH]c2c1C(NCc1cnn(CC(C)(C)C)c1)CCC2	0.041450
rxn:2:127207:125078	COc1ccccc1-n1cc(NCC2CC(F)CN2C)nn1	0.041434
rxn:2:114874:129258	COCC1C2CCC(N[C@@H]3C[C@@H](C)CC[C@@H]3C(C)C)C21	0.041408
rxn:2:101773:70726	CC(C)(C)C1OCCCC1Nc1nnc(N2CCSCC2)s1	0.041401
rxn:2:130606:75426	COc1cc2c(cc1C)CCC[C@@H]2NC1CC2C(C1)C2(F)F	0.041392
rxn:2:96683:78122	CC(C)Cc1cc(CCNC2CC(C(C)(C)C)C2)n(C)n1	0.041335
rxn:2:103210:74387	CC1CCC([C@@H](C)NC(CC2CCCO2)C(C)C)C1	0.041332
rxn:2:88261:106336	Cc1cc(CC2CCCC2N[C@@H](C)C2CCCOC2)n(C)n1	0.041318
rxn:2:113212:121798	COc1ccncc1C(C)NC1CCCC(n2ncnn2)C1	0.041309
rxn:2:138921:140084	CC(Nc1nc2c([nH]1)COCC2)c1cc(C2CCC2)ccn1	0.041303
rxn:2:85436:117004	CCCn1c(C)nnc1C1CCC(NC2COC(C)C2)CC1	0.041301
rxn:2:73431:134009	CCCC(NCC1CCC2CC1C2(C)C)c1nccs1	0.041274
rxn:2:97278:96601	CN(C)c1ncccc1CCNC1CCN2CCO[C@H]1C2	0.041267
rxn:2:127957:98841	CCOc1cccc2c1OCC(NCC1CC(C)CCO1)C2	0.041266
rxn:2:118196:123438	CC(C)c1cc(CNC2CCC3CC2C3)n(C2CCOC2)n1	0.041243
rxn:2:96749:113208	CC1C(NCc2cnccc2N(C)C)CCN(C(C)C)C1C	0.041190
rxn:2:68382:109462	CCCn1cc(NC2CCc3ccc(OC)c(C)c32)c(C)n1	0.041186
rxn:2:87123:96629	CCC(CNc1cncnc1C1(C)CC1)c1ccccc1	0.041173
rxn:2:101082:120854	Cn1nccc1-c1[nH]nnc1NC1CCC2(CCCOC2)C1	0.041169
rxn:2:137798:76903	CCO[C@H]1CC(N[C@@H]2C[C@@H]3CC[C@H]2C32CC2)[C@@]12CCCO2	0.041130
rxn:2:104055:100677	CCC(C)C(CNC1CCN(c2cncnc2)C1)OC	0.041129
rxn:2:80231:104142	CCC(C)N1CCCC(N[C@@H](C)c2nn(C)cc2C)C1(C)C	0.041119
rxn:2:117041:92282	CN1CCC(C)(C)c2cc(NC3CC(n4ccnn4)C3)ccc21	0.041098
rxn:2:81281:127451	CCC1CC(NC2(C)CC(N(C)C)C2)CCC1C(C)C	0.041059
rxn:2:125001:121920	CC1C(CNC2CC3CCN(CC3)C2)N(C)CCN1C	0.041056
rxn:2:119961:124205	Cc1cc2c(C(C)NCC3COC4(CC4)CO3)n[nH]c2cn1	0.040991
rxn:2:108628:78834	c1cc(Cn2cccn2)cc(NC2CCOC23CCOCC3)c1	0.040984
rxn:2:120628:137825	COc1ccc(C2(NC3CC[C@H](C(C)(C)C)C3)CCC2)cn1	0.040973
rxn:2:108456:92530	CCN1C2CCCC1CC(Nc1ccccc1-n1nccn1)C2	0.040971
rxn:2:83370:116170	CCN1C(C)CCCC1CNC1c2cc(C)ccc2CC1C	0.040958
rxn:2:128577:109976	COc1ccc(CCNC2CCC3(CCC[C@H](F)C3)C2)cn1	0.040953
rxn:2:121334:139016	CN1CCC(NCCc2coc3ccccc23)CC12CCOC2	0.040937
rxn:2:70317:73512	COc1cnc2[nH]nc(NC3C[C@@H](C)CC[C@@H]3C(C)C)c2c1	0.040930
rxn:2:125241:87685	CCO[C@@]1(C)C[C@H]1NC(c1ccccc1)C(F)(F)CC	0.040918
rxn:2:110964:101736	CC1Oc2ccc(CNC3CCc4ccncc4C3)cc2C1C	0.040881
rxn:2:104344:113622	CCc1nn(CC)cc1CNC1CC(CC)C(C)(C)C1C	0.040846
rxn:2:70785:68369	COc1cn2nccc2nc1C(C)NC1C(F)CCCC1(C)C	0.040821
rxn:2:130198:97443	Cc1nc(NC2Oc3ccccc3C2=O)cc(N2CCCC2)n1	0.040815
rxn:2:66324:87594	CCCCC(C)NCc1cc(C)nn1CC1CCC1	0.040813
rxn:2:102722:134920	Cc1noc2cc([C@@H](C)NC3CCC4(CCOCC4)C3)ncc12	0.040810
rxn:2:110902:73153	c1nc(CNC2CCN(C3COC3)CC2)cc(C2CCC2)n1	0.040770
rxn:2:128249:138377	Cc1c(C(C)Nc2cn(C3CC(C)CC(C)C3)nn2)cnn1C	0.040770
rxn:2:124880:75361	CN(C)CCC(NC1(C2CCCC2)CC1)c1ccsc1	0.040763
rxn:2:91590:102336	C1C[C@@H](CNC2CCOC23CC3)[C@@H](c2nc(C3CC3)no2)O1	0.040740
rxn:2:112046:93972	CC(C)C1CCC2CC(N[C@H]3CN4CC[C@H]3C4)CCC2C1	0.040729
rxn:2:116622:86217	CCCn1ccc(C(C)NC[C@@H]2C[C@H]2c2ncc[nH]2)n1	0.040724
rxn:2:127897:112151	CC1Cc2cccnc2C1CNC1CCN(c2nccs2)CC1	0.040711
rxn:2:100319:72704	CC(C)C1CC(Cn2cc(NC3CCCOC3(C)C)cn2)C1	0.040702
rxn:2:76682:129427	CCCCC(NCc1ncc(C)c(C)n1)c1c[nH]cn1	0.040689
rxn:2:93766:89151	COc1ncnc(OC)c1NC1CCc2cc3c(cc21)OCC3	0.040673
rxn:2:141136:141978	CC1CC(NCCc2nc(-c3ncccn3)no2)C(C)CO1	0.040670
rxn:2:66516:111893	CSc1cccnc1CNC(C)c1scc2c1OCCO2	0.040655
rxn:2:76773:119592	CCn1c(C(C)C)c(NC2CC3(C2)CS(=N)(=O)C3)ccc1=O	0.040643
rxn:2:121947:147298	CC(C)(C)C(NC1(C2CC2)COC1)c1ccc2[nH]ccc2c1	0.040642
rxn:2:75005:90368	CCC(CCNC1CCOC[C@H]1F)N1CCC(C)CC1	0.040605
rxn:2:80435:109140	CCC(Cn1nccc1C)NC(COC)c1nccs1	0.040604
rxn:2:69278:107029	Cc1nn(C(C)(C)C)cc1C(C)NCC1COc2ccccc21	0.040590
rxn:2:85291:69476	CC(C)CC(CC(C)C)NCC1COC(C)(C)CO1	0.040575
rxn:2:99891:71635	CN(C)CC1CCC(NC2CCC3C4CCC(C4)C23)CC1	0.040571
rxn:2:131947:141537	CC(C)(NC1CCC(CC2CCCCO2)CC1)c1ccon1	0.040562
rxn:2:126212:131475	Cc1ccnc(C(NC2CC(=O)c3cccnc3O2)C2CC2)n1	0.040554
rxn:2:138560:119388	COc1ccc2c(c1)CC(F)C2Nc1ccnc(C(C)(C)F)n1	0.040541
rxn:2:107815:83782	CCC1(CC)OC(C)(C)C1NC(COC)C1(C)CC1	0.040528
rxn:2:138150:68282	COCCn1nccc1NC(C)c1ccc(C)cc1OC	0.040520
rxn:2:73510:80324	CN1Cc2cc(CNC3CCN(c4cnccn4)CC3)sc2C1	0.040517
rxn:2:77858:114214	CCc1ccc(CC2CCCC2NC2CC3(CCO3)C2)cc1	0.040495
rxn:2:116346:139836	O=S(=O)(F)c1ccc(NC(c2ccsc2)C2CCC2)cn1	0.040482
rxn:2:97878:90578	COc1cncc(C(C)NC(C)CCc2ccc(C)s2)n1	0.040471
rxn:2:106006:85879	CC(C)c1cn2c(n1)C(NC1COC3(CCOCC3)C1)CCC2	0.040458
rxn:2:69768:163557	COc1c(C(C)N[C@@H]2C[C@]2(C)OC)c(=O)[nH]c2ccccc12	0.040446
rxn:2:87234:133352	CCC(N[C@H](C)c1cc(OC)ccn1)c1cc(C)sc1C	0.040406
rxn:2:77719:137080	CCC(CNCC1(c2ncno2)CC1)c1ccccc1C	0.040405
rxn:2:70326:106260	CC(Nc1[nH]nc2c1CCCCC2)c1ncnn1C(C)C	0.040396
rxn:2:117508:122503	C[C@@H]1CN(c2cc(NC3CCC4CCCC43)ncn2)C[C@H](C)O1	0.040369
rxn:2:112481:98225	COc1cccc2c1OCCCC2NC1CC2(C)COCC1C2	0.040358
rxn:2:109069:138465	Cc1ccc2ncc(NC3CCC34CC3(CCC3)C4)nc2c1	0.040355
rxn:2:91598:99881	CCn1nc2c(c1CNC1C[C@H](C)c3ccccc31)C1CC1C2	0.040354
rxn:2:107227:119032	CCCC1COCCC1NCC(OC)C1CCOC1	0.040353
rxn:2:141954:125570	CC1CC(N[C@H](c2ccsc2)c2ccccn2)C2CCCN1C2	0.040349
rxn:2:76074:132522	COCCC(NCc1nc(C)oc1C)c1ccccc1C	0.040343
rxn:2:71925:112505	Cc1ccc(C(C)(C)CC(C)N[C@@H](C)c2cn(C)nn2)cc1	0.040326
rxn:2:87848:87728	CCOc1ccc2cc(NC3CC(CN(C)C)C3)cnc2c1	0.040319
rxn:2:85445:130448	CCc1c[nH]nc1NC(COC(C)(C)C)c1ccccc1	0.040274
rxn:2:141348:123401	c1nn(CC2CCCC2)cc1CNC1CC2CCCC(C2)C1	0.040267
rxn:2:74601:138357	COC1CCCCCCC1NC(C)c1ccc2nnccc2c1	0.040257
rxn:2:105636:79170	CC(N[C@H]1CC[C@H](S(C)(=O)=O)CC1)c1cccc2ccccc12	0.040240
rxn:2:90250:85938	CC1CC(NCC2CCC3COCC3O2)CC(C)S1(=O)=O	0.040240
rxn:2:99901:89044	CC(C)(C)COc1ccc(NC2CC3C(C2)C3(C)C)cc1	0.040235
rxn:2:69834:116989	CN1CC(NC2CCCc3nccc(C4CC4)c32)CC12CCC2	0.040219
rxn:2:109278:119618	Cc1scnc1NC1CC(C)(C)Cc2c1cnn2C(C)(C)C	0.040201
rxn:2:109765:116134	CCC(Nc1c(OC)cnn1C1CCOC1)c1cc(C)on1	0.040191
rxn:2:128215:92009	C[C@@H](NC(CC1COCO1)c1ccccc1)c1cn(C)nn1	0.040171
rxn:2:124451:71323	CCC1CC(C)(NC(C)c2ccc3nscc3c2)C1(C)C	0.040157
rxn:2:102052:109146	CC1CC2(CO1)CC(NC1CCCN(Cc3ccccc3)C1)C2	0.040152
rxn:2:77123:75075	CCC(C)(C)CNCC(OC)C1CCC(F)(F)CC1	0.040151
rxn:2:131128:68151	CC1CCCC1CNC1CC2CCC(C1)N2C1CCCC1	0.040149
rxn:2:83050:130411	Cn1ccnc(N2CC(CNC3CCOCC3F)C2)c1=O	0.040140
rxn:2:96360:110925	COc1ccc(C)c2c1OCCC2NCC1CCC2(COC2)O1	0.040136
rxn:2:108181:77623	CCC(C)(CNC1CCCc2ccccc21)c1ccccn1	0.040130
rxn:2:141528:125790	COc1nc(NC(C)c2cccn2C2CC2)nc(N(C)C)n1	0.040114
rxn:2:88337:109487	Cc1nc(NC(C)c2ccc3[nH]ccc3n2)c(C)s1	0.040105
rxn:2:121628:121770	CCOc1ccc(OC)c(C(C)Nc2c(C)ncnc2C)c1	0.040084
rxn:2:90839:97041	Cc1cccc(C(C)(C)CNC(CC(C)C)C(C)C)n1	0.040081
rxn:2:119655:89087	Cc1ccc(C2CCC(Nc3cc(C)sc3C)CC2)nc1	0.040080
rxn:2:70157:91214	CCCc1coc(CNC(C)c2cc(C)cnc2OC)c1	0.040078
rxn:2:107635:127375	CCC1(CC)CC(NCC(F)(F)Cn2cccn2)CCO1	0.040071
rxn:2:101161:86382	Cc1cccc(-n2cc(CNC3CCCCC3N(C)C)nn2)c1	0.040055
rxn:2:123643:71078	Cc1ccn(-c2cccc(NC3CC[C@@H](C(C)(C)C)C3)c2)n1	0.040044
rxn:2:74772:82334	COC1CC2CCC1(NC(c1cccnc1)c1nnc[nH]1)C2	0.040035
rxn:2:119634:112484	Cc1nscc1C(C)NCc1ccc2ncn(C)c2c1	0.040035
rxn:2:114798:77475	COCC1(NC2CCCc3oc(C)cc32)CCCCCC1	0.040006
rxn:2:102073:116008	CC(C)CN1[C@@H]2CC[C@H]1CC(Nc1ncccc1C(C)C)C2	0.040005
rxn:2:65910:82958	CCc1csc(CC2(CNC[C@H]3CCCCO3)COC2)n1	0.039992
rxn:2:76876:126783	CC(C)n1cncc1NC1CCOc2c1ccc1c2CCCC1	0.039972
rxn:2:89849:101188	CN1CCC2(CCCC2Nc2ccc(OC3CCCC3)cn2)C1	0.039970
rxn:2:84872:141854	CCC(NC1CCc2nc(C)ncc2C1)c1cccc(OC)c1	0.039966
rxn:2:71108:83608	CCn1cnc(C(C)C)c1NC1CCN(CCOC)CC1	0.039953
rxn:2:70943:136045	CCOC1CCCCC1N[C@@H]1COc2ccc(SC)cc21	0.039939
rxn:2:114880:138087	CCN1Cc2ccccc2CC1CNc1nccnc1N(C)C	0.039932
rxn:2:103760:82314	Cc1ccc(C(NC(C)c2nnnn2C2CC2)C(C)(C)C)nc1	0.039908
rxn:2:72840:99531	c1cnc(Cn2cc(NC3CC[C@@H]4[C@H]5OCC[C@H]5[C@H]34)nn2)cn1	0.039905
rxn:2:116848:134163	CCn1cc(CC(C)NC2CCCCC23CCCCC3)cn1	0.039900
rxn:2:90705:78987	COc1ccc(NC2CC(c3nnco3)C2)c(OC)c1OC	0.039898
rxn:2:130118:68328	CC(N[C@@H]1C[C@H]1CN1CC(F)(F)C1)c1ccc2ccccc2n1	0.039895
rxn:2:111378:70546	Cc1ccnc(C)c1C(C)NCC(F)(F)CN(C)C(C)C	0.039852
rxn:2:89757:139895	CC(NC1C(C)OC1C(C)C)c1ccnc(-c2ccncc2)c1	0.039833
rxn:2:99570:123279	CCCCC(CC)Nc1nccn1Cc1cccnc1	0.039817
rxn:2:66226:112961	Cc1cccc2[nH]c(C(C)Nc3ncn(C)n3)cc12	0.039803
rxn:2:131599:100079	COc1cnc(C(C)Nc2cncc(N3CCCC3)n2)c(C)c1	0.039800
rxn:2:110631:83650	CC(NCc1cccc(=O)n1C1CCN(C)CC1)c1ccsc1	0.039780
rxn:2:100978:112506	CCCc1cccc(C(C)NCCC2COCCN2C)c1	0.039773
rxn:2:71976:71540	Cc1nnc2n1CCCC2C(C)NC1CCC[C@H](C(C)(C)C)C1	0.039744
rxn:2:82044:105973	CC(C)O[C@@H](C)CNC1CCOC2(CCCC(C)(C)C2)C1	0.039733
rxn:2:140398:127484	CCC1(OC)CCC(Nc2cc(-c3ncc(C)s3)n[nH]2)CC1	0.039732
rxn:2:95930:79558	c1ccc(N2CCCC2)c(CCNC2COC(C3CC3)C2)c1	0.039723
rxn:2:135207:121728	COCc1cn([C@H]2C[C@H](CNC3CCc4ocnc43)C2)nn1	0.039720
rxn:2:82859:91527	Cc1cccc(-c2noc(CCNC3CC4CCCC4C3)n2)c1	0.039708
rxn:2:140866:69608	CCCC(C)CCC(C)Nc1cnn(C)c1C(C)F	0.039706
rxn:2:81509:120373	C[C@H](NCC1CCc2ccccc2S1)c1ccc2c(c1)OCO2	0.039683
rxn:2:133247:96209	COc1ccc2c(c1)C(NC1C[C@@H]3CCCN(C1)C3)CCCS2	0.039658
rxn:2:139376:94914	COC(C)(CNC(C)c1cnn(C(C)C)c1)C1CCCC1	0.039652
rxn:2:139064:138254	Cc1cccc(C(C)Nc2nc3cnc(C)nc3s2)c1	0.039638
rxn:2:111143:127272	Cc1cccc2c1OCCCC2NC(C)CN1CCC(C)CC1	0.039609
rxn:2:84160:96608	Cc1nn(Cc2occc2CNC2CCCC[C@@H]2F)c(C)c1C	0.039602
rxn:2:77042:131446	COCCC(NC[C@H]1CCCN(C)C1)c1cc(C)nn1C	0.039600
rxn:2:96450:68295	Cc1cc(C)c2c(c1)OC(C)C2Nc1cc(C2CCOC2)[nH]n1	0.039600
rxn:2:132942:112880	COc1cccc2c1SCCC2Nc1ncnn1C1CCSC1	0.039599
rxn:2:98524:71749	CCCCC(Nc1cnnc(C)c1)c1cccc(C)c1C	0.039587
rxn:2:88557:137786	Cc1cc(C)c(C(C)NC2CCCC3(CCN(C)CC3)C2)s1	0.039563
rxn:2:131328:100549	Cc1cc(NC(C)c2ccc(C3(F)COC3)cc2)c(C)nc1C	0.039539
rxn:2:149775:121657	CC(C)Cn1c(=O)[nH]c2c(NC3CC4(CCCC4)C3)ncnc21	0.039538
rxn:2:69536:81436	Cc1cc(NC2CCC(C)c3[nH]ncc32)n(CC2CCCO2)n1	0.039535
rxn:2:140438:130950	CCC(CCc1ccccc1)NC1COc2ccccc2C1	0.039534
rxn:2:70049:86515	CCC(Nc1noc2nc(C)ncc12)c1cc[nH]c1	0.039519
rxn:2:96314:84615	CCC(C)CC(Nc1nccn1C1CCC1)c1ncco1	0.039515
rxn:2:146240:111440	CCC1CC(Nc2ncnc3[nH]c(=O)[nH]c(=O)c23)C1	0.039503
rxn:2:113045:69917	COc1ccc([C@@H](NC2COCc3[nH]ncc32)C(C)(C)C)cc1	0.039479
rxn:2:128638:100382	Cc1ccc(C(C)C)cc1C(C)NC1CC2(COC(C)C2)C1	0.039456
rxn:2:83611:68295	Cc1cc(C)c2c(c1)OC(C)C2NCc1n[nH]c(=O)n1C1CC1	0.039422
rxn:2:69687:113722	CC1CCC(C(C)NC2CC3(CCC(F)(F)CC3)C2)C1	0.039406
rxn:2:102960:88191	CC(NCC1(C)CCCC1)c1cccc2c1CCC2(F)F	0.039401
rxn:2:95163:73579	CC(CC(C)SC1CCCCC1)NC(C)c1c[nH]cn1	0.039399
rxn:2:113653:92901	Cc1nc(C)c(-c2cc(CNC3C(C)(C)SC3(C)C)ncn2)s1	0.039372
rxn:2:89664:86661	Cc1cccc(C(NC2CCOC3(CC(C)C3)C2)C2CCC2)n1	0.039370
rxn:2:98967:86288	CCN1CCC(CNC2CCC[C@@H]2C(C)C)c2ccccc21	0.039363
rxn:2:93383:75356	Cc1ccc(NCC2CC3CCN2CC3)cc1OC1CCOC1	0.039352
rxn:2:99929:80369	Cc1nsc(CNC2CCCC2CN2CCn3ccnc3C2)n1	0.039344
rxn:2:121863:138146	CCC(Cc1cccnc1)Nc1nc2c([nH]1)CCCCC2	0.039340
rxn:2:141946:74270	Cn1ccc(N2CCC(NCCC3CCCC34CCC4)CC2)n1	0.039315
rxn:2:74917:96400	Cc1cc(C)nc(OC2CCC(NCC3(C)CCCO3)CC2)n1	0.039308
rxn:2:85898:134014	Cc1cc(C(C)NCC2CCC3(CCOC3)O2)c(C)n1C1CC1	0.039272
rxn:2:124324:146840	COc1ccc2c(c1)-c1sccc1C2N[C@H]1CCC[C@H](OC)C1	0.039266
rxn:2:115896:127314	CC(C)c1cccc(C(NC2CCc3conc32)C(C)C)c1	0.039252
rxn:2:73762:70877	C1CCC2(CCCN(CCNC3CCC4CCC4C3)C2)OC1	0.039232
rxn:2:71482:67418	c1ccc(CCCc2nnc(NC3CCC[C@H]4C[C@@H]34)s2)cc1	0.039231
rxn:2:81782:94834	CCC(Nc1cnc2c(c1)OCO2)C1CCCN1C1CCCC1	0.039198
rxn:2:139023:131486	CCSc1nncn1NC1CCCC1Sc1ccccc1	0.039194
rxn:2:74029:113405	COc1cnc(C)cc1CNC(C)c1ccc2c(c1)CCCC2	0.039194
rxn:2:104617:83058	CCCOc1cccnc1NC1c2ncccc2CCC12CC2	0.039184
rxn:2:117501:72608	COCCc1noc(C(C)NC2CCN(C3CC3)CC2)n1	0.039178
rxn:2:80187:95531	C[C@@H](Cc1cccs1)NC1CC(C)(C)Sc2ccccc21	0.039172
rxn:2:168748:94656	Cc1nc2c(NC3CCC(F)(C(C)C)CC3)cccc2[nH]c1=O	0.039171
rxn:2:87301:87692	c1cnc2c(c1)C(N[C@@H]1CN3CC[C@H]1C3)CC1(CCOCC1)O2	0.039164
rxn:2:122125:119877	Cc1cc(CNC2CCC(CN3CCOCC3)CC2)nnc1C	0.039156
rxn:2:132910:147187	CC1COC2CCCC(NC3CCc4c3nnc3ncnn43)C12	0.039137
rxn:2:159650:76491	Cc1c(CNC2CC(C)(C)CC2C)cnn1-c1ccn(C)c(=O)c1	0.039117
rxn:2:79075:87656	CO[C@H]1C[C@H](CNC(c2cnc[nH]2)c2ccnc(C)c2C)C1	0.039104
rxn:2:73610:131841	CN1CCC2(CC1)CC(Nc1c(C3CCCC3)cc[nH]c1=O)C2	0.039103
rxn:2:67772:119233	c1ccc(CCc2[nH]cnc2CNC2C[C@H]3COC[C@@H]23)cc1	0.039096
rxn:2:141595:95318	CCCC1CCC(NC2CCC(C3CC3)CC2)c2ccnn21	0.039085
rxn:2:139467:101409	CCc1ccc(CC(C)(C)CNC(C)c2nc(C)n[nH]2)s1	0.039076
rxn:2:79993:112230	COC1(CNC(C)c2cccc(=O)[nH]2)CCCC(C)CC1	0.039061
rxn:2:91385:116518	CCn1nccc1[C@@H]1OCC[C@H]1NC1COc2c(C)ccc(C)c21	0.039060
rxn:2:88767:99942	CN1CC(CNC2CCc3ccc4ncoc4c32)C2(CCCC2)C1	0.039051
rxn:2:124111:106677	Cc1cccc(C(C)NC2CCN(CC3CCCO3)CC2)c1C	0.039049
rxn:2:111500:119527	COc1cnc(CNC(C)c2ccc(=O)n(C)n2)cc1OC	0.039046
rxn:2:67127:129941	CCCC(Cc1nccs1)NC1CCCC(C)(CC)C1	0.039042
rxn:2:94755:98966	CCCn1c(=O)cc(NC2c3ncccc3CC2(F)F)[nH]c1=O	0.039023
rxn:2:107832:119527	CCC(NC(C)c1ccc(=O)n(C)n1)c1nc(C)cc(=O)[nH]1	0.039021
rxn:2:98982:104359	CN(C)C1CCCC1CNC1CC(C)(C)Cc2[nH]c(=O)ccc21	0.039021
rxn:2:131309:135605	CCc1c(-c2ccn[nH]2)nn(C)c1NC1CCCC1C(C)(C)C	0.038970
rxn:2:90990:106687	CCN1CCC(Nc2cc(C)ccc2OCC2CCCC2)C1	0.038956
rxn:2:72854:85671	Cc1noc(C)c1Cn1cc(NC2CCN(C)C23CCCC3)cn1	0.038931
rxn:2:92466:106910	COc1ccc(C(N[C@@H]2CC[C@H]2CSC)C(C)(F)F)cc1	0.038930
rxn:2:77023:93946	CC(C)(C)N1CCC(Nc2cc(-c3cccnc3)ncn2)C1(C)C	0.038925
rxn:2:130299:90552	CCCC(C)(NC(C)c1cn(C)nc1C)c1ccc(C)cc1	0.038924
rxn:2:139366:74125	COc1cc(CNC2CCCc3ccc(C)nc32)cc2c1OCO2	0.038923
rxn:2:105866:90296	Cc1nn(-c2cccnc2)c(NC2CC(C3CC3)C2)c1C(C)C	0.038916
rxn:2:106961:84079	C[C@H](Cn1cnnn1)NC1CCC2(CCc3ccccc3O2)CC1	0.038905
rxn:2:95290:79540	CCC1([C@H](C)NC(C)c2nc3ccc(OC)cc3o2)CCC1	0.038897
rxn:2:69670:127859	CCC(C)Oc1cc(C)c(NC2CCC23CCC32CC2)cn1	0.038881
rxn:2:107491:101191	CCOc1cc(C)c(NC2CCC(C)(CC(C)C)C2)cn1	0.038876
rxn:2:145481:93175	FC1CN(C2CC2)CCC1Nc1ncnc2cc3c(cc12)OCO3	0.038839
rxn:2:106727:123598	CCC(CC1CCCO1)NCCC1CC2(CCO1)CC2	0.038833
rxn:2:99657:111893	CC(NC1CCN(CC2CCCO2)C1)c1scc2c1OCCO2	0.038830
rxn:2:132826:112478	CCC1CCCN(c2ccncc2NC2CC[C@H](CC)C2)C1	0.038828
rxn:2:118927:108124	Cc1cc(CC2CCCCC2NC2CCc3ccccc32)n[nH]1	0.038808
rxn:2:115606:84335	CCCC(Cc1cccc(C)c1)NC12CCCC1C2(F)F	0.038807
rxn:2:70859:87828	Cc1nnc(SCC(C)CNC2CC3CC(C)CC3C2)o1	0.038802
rxn:2:92359:87493	CCC(C)C1CCCCC1NC1CN(CC2CCCO2)C1	0.038795
rxn:2:118434:130086	CCC(Cn1nc(C)nc1C)NC(C)C1CCCCCC1	0.038777
rxn:2:71971:133570	CC(CNC(C)c1cc2c([nH]c1=O)CCCC2)c1ccccn1	0.038775
rxn:2:102051:135834	COCCC(NC1(C2CCOC2)CC1)C1CCOCC1	0.038767
rxn:2:94164:84942	Cc1cccc2c1OCCC2NC1CCN(Cc2ccoc2)CC1	0.038758
rxn:2:67830:108239	COc1ccc(C(NC(C)CC(C)(F)F)C(C)(C)C)cc1	0.038758
rxn:2:82735:90609	Cc1cnc(N2CCC(N[C@@H]3CCO[C@@H](c4cccnc4)C3)C2)o1	0.038754
rxn:2:134195:83807	COCCC(COC)NC1CCN(c2nc(C)ns2)C1	0.038736
rxn:2:81009:124600	CCc1ccc(N2CCC(NCCc3cncnc3)CC2)cc1	0.038722
rxn:2:107094:126420	c1cn(-c2ncc(NC(CC3CC3)C3=NCCCC3)cn2)cn1	0.038720
rxn:2:131223:86777	CCC(NC(COC)c1cnn(C)c1)c1c(C)nn(C)c1C	0.038718
rxn:2:96233:119269	COc1ccc2c(c1)C(NC1CCn3nccc3C1)C(OC)CO2	0.038707
rxn:2:102898:128053	CCN(CC)CC1CCCC1NC(C)c1cn2ncsc2n1	0.038703
rxn:2:94475:103810	CC(CN1CCC(F)(F)CC1)NC(C)c1ccc2ncsc2c1	0.038698
rxn:2:70107:80008	COc1ccc(N2CCC(NCCc3cc(C)ccn3)C2)cc1	0.038696
rxn:2:123878:79725	COc1ccc(CNC(C)c2cccc(OC(C)C)c2)nn1	0.038693
rxn:2:106678:89264	COc1[nH]ncc1C(C)N[C@H]1CCO[C@@](C)(c2ccccc2)C1	0.038678
rxn:2:100070:97201	CC(C)c1ccccc1CNC(C)c1csc(C2CC2)n1	0.038676
rxn:2:78430:109900	c1cc2ccc(NC3CCCc4cn[nH]c43)cc2s1	0.038663
rxn:2:105534:70775	CCOc1ncccc1C(C)NC(C)c1cc(OC)ccn1	0.038641
rxn:2:88092:126895	c1ccc(C(Nc2ccccc2CC2CC2)C2COC2)cc1	0.038633
rxn:2:69029:106275	CSCc1nnc(NC(C)c2cccc3ocnc23)o1	0.038620
rxn:2:136851:154096	CCN1CCC(NC2CCCc3nc4ncnn4cc32)C(F)(F)C1	0.038605
rxn:2:127994:96327	CC(C)C(NC1(Cn2ccnn2)CCCCC1)c1cnccn1	0.038594
rxn:2:90700:81578	FC1(F)CCOC12CCC(Nc1cnc(-n3cnnc3)cn1)CC2	0.038576
rxn:2:97411:118983	CCOc1cccc(NC2c3cc(C)cc(C)c3OC2CC)n1	0.038574
rxn:2:142419:74622	COc1cccc2c(NC3COC4(CCOC4)C3)nc(=O)[nH]c12	0.038572
rxn:2:108404:113918	COc1c(C(Nc2c(C3CC3)cnn2C)C(C)C)occc1=O	0.038542
rxn:2:129309:131581	CCOc1ccc2c(c1)C(NC[C@H]1CCO[C@@H]1C(C)(C)C)CC2	0.038529
rxn:2:150400:106329	FC1CC2CC1CC2Nc1cc(-c2ccncc2)nc(C2CC2)n1	0.038522
rxn:2:112179:77015	CCC1CCCC(NCc2cccc(N3CC4CCC3C4)n2)C1	0.038509
rxn:2:139953:140550	CC(C)(C)SCC(NC1CN(c2nccs2)C1)c1ccc[nH]1	0.038499
rxn:2:96126:140528	COc1cc2c(cc1C)C(N[C@@H]1C[C@H]3COC[C@@H](C1)N3C)CCC2	0.038498
rxn:2:69513:73345	CC(C)C(Nc1nc(N(C)C)n(C)n1)c1ccccc1C1CC1	0.038496
rxn:2:111763:104508	Cc1ccc(CN2CC[C@H](NC(c3ncco3)C(C)C)C2)cc1	0.038495
rxn:2:98611:79788	COc1cccc2sc(C(C)NCC(C(C)C)N(C)C)nc12	0.038463
rxn:2:88156:99294	c1ccc(CO[C@@H]2COC[C@H]2NCC2CCc3scnc32)cc1	0.038451
rxn:2:74752:89191	CCC1CC(C(C)NC(C)c2ccc3c(ccn3C)c2)CCO1	0.038424
rxn:2:109523:113137	COC1C(C)C(NC(c2ccccn2)c2nnc[nH]2)C12CCC2	0.038423
rxn:2:68840:122025	CC1(C)CC(N[C@@H]2CCC(F)(F)c3ccccc32)C1(C)C	0.038396
rxn:2:157729:97087	CC(C)Cn1ccc(=O)c2cccc(NC3CCC(C)(C)OC3)c21	0.038391
rxn:2:142000:125307	C[C@H](CNC1CCC2(CC1)C(C1CCCO1)C2(F)F)N(C)C	0.038360
rxn:2:73659:102771	CC[C@H](NC1CCOCCC1(F)F)c1ccc2ccccc2c1	0.038354
rxn:2:96448:113563	CC(NCCc1csc(=O)n1C)c1ccc(C23CC(C2)C3)cc1	0.038338
rxn:2:121386:121107	COCCC1CSCCC1Nc1ccc(-c2cn(C)nn2)cc1	0.038303
rxn:2:80424:115374	C[C@H]1CCC[C@H](CC(Nc2ccc[nH]c2=O)c2ccccc2)O1	0.038295
rxn:2:128153:115569	Cc1cc2c([nH]1)CCCC2NCc1onc2ncoc12	0.038288
rxn:2:70327:78766	CN1CCC(NC2(c3nnc(-c4ncccn4)o3)CC2)CC1(C)C	0.038286
rxn:2:96303:116938	CC(NC1CC2(CCCCO2)C1)c1cccc(N2CCOCC2)c1	0.038272
rxn:2:87468:131895	COCC(Nc1ncn(C2CCCC(C)C2)n1)c1ccccc1	0.038269
rxn:2:75948:166243	c1cc2nc3c(cn2n1)CCCC3NCCc1cncs1	0.038262
rxn:2:76971:82482	CCC(CN1CCN(C(C)(C)C)CC1)NC12COC(C)(C1)C2	0.038251
rxn:2:77121:136240	CCc1nn(C2CCCOC2)cc1CNC(C)c1sncc1C	0.038234
rxn:2:136018:111788	CCOc1ccc2c(c1)CC(CNC1CCCc3c1cnn3C)O2	0.038220
rxn:2:123113:90390	COC12CCCCC(NC(C)CCc3ccc(C)cc3)(C1)C2	0.038215
rxn:2:95073:133222	CCC(CC)c1nn(C)c(NC(C)c2ccnn2CC)c1C	0.038184
rxn:2:71887:100312	CC(NCCn1nnc2ccccc21)c1c[nH]cn1	0.038183
rxn:2:130965:134666	CC(NCc1nn(C)c2c1COCC2)c1ccc2c(n1)OCCO2	0.038177
rxn:2:77856:69691	CC1CCC(N2CCC(N[C@H]3CCCC(F)(F)C3)CC2)CC1	0.038172
rxn:2:102714:129427	CCCCC(Nc1cc(C2(C)CCC2)on1)c1c[nH]cn1	0.038172
rxn:2:119664:136110	CCc1sc(C(C)C)cc1C(C)Nc1ncnc2c1COCC2	0.038170
rxn:2:79933:69215	CCOCc1nnc(C(C)NC2CC(C)(C)Cc3occc32)o1	0.038143
rxn:2:81408:98356	COC(CNC(C)CCc1cnn(C)c1)C1CCCCC1	0.038132
rxn:2:125016:117258	CC(Nc1ccc(CN2[C@H](C)COC[C@@H]2C)cc1)c1ccn(C)n1	0.038130
rxn:2:114929:166809	Cc1cncc(-c2cnc(C(C)NCCC34CC(CO3)C4)s2)c1	0.038129
rxn:2:104687:106534	CN1C2CCCC1C(Nc1ccn(CCc3ccnn3C)n1)CC2	0.038117
rxn:2:130633:72051	Cc1cc(C(C)Nc2ccnc(-n3cccn3)c2)[nH]n1	0.038109
rxn:2:99160:109137	CC(C)CC(CCC(C)(C)C)NCc1nnc2ccccn12	0.038108
rxn:2:93489:137640	CC(C)C(NC(C)(C)C1CN(C)C1)c1cccc2ccccc12	0.038108
rxn:2:97263:118583	CC(C)OCCC(NCC1CCC2CC12)c1cnn(C)c1	0.038106
rxn:2:101915:128945	CCON1CCC(NCc2ccc(OC(C)C)c(C)c2)CC1	0.038089
rxn:2:121619:115864	COCC(CC(C)(C)C)Nc1cnn(C(C)COC)c1C	0.038088
rxn:2:92600:91332	CCn1cc(CCNC2CC3CCC2CN3C2CCCC2)cn1	0.038083
rxn:2:82999:88480	Cc1cnn(C(C)c2ccsc2)c1NC1CC2CC1CC2(F)F	0.038070
rxn:2:94626:135552	CCCCN1C(C)CCCC1CNC1CCc2nncn2CC1	0.038059
rxn:2:109680:71004	CCn1nc(-c2ccsc2)cc1NC1CCSC(C(C)C)C1	0.038044
rxn:2:102882:69285	Cc1ncc(C(C)Nc2ccc(-c3ccsc3)nc2)[nH]1	0.038032
rxn:2:72196:127941	CC(Nc1cncnc1-c1ccccc1)c1ncc[nH]1	0.038028
rxn:2:117721:125321	CC(N[C@@H]1C[C@H]1CN1CCOCC1)c1ccnc(C(C)(C)F)c1	0.037998
rxn:2:97166:88795	CCCC(C)c1nnc(NC2CCC(C)(C)c3ncccc32)o1	0.037997
rxn:2:96258:115682	COc1ccc(C(NC2CCC(C)(F)CC2)c2cccs2)cn1	0.037996
rxn:2:122254:112607	CCC(NC1COC(C)(C)C1)c1ccc(-c2ccccc2)s1	0.037995
rxn:2:123011:136110	CCc1sc(C(C)C)cc1C(C)NCc1csnc1OC	0.037991
rxn:2:118952:87656	CO[C@H]1CN(C)C[C@@H]1NC(c1cnc[nH]1)c1ccnc(C)c1C	0.037985
rxn:2:113660:159146	CCC1CN(C)CCC1NC(C)c1cccc2c(C)cc(C)nc12	0.037977
rxn:2:109327:115569	CCCCn1cc(NC2CCCc3[nH]c(C)cc32)c(C)cc1=O	0.037977
rxn:2:130005:126794	COC1(CNC(C)c2cccc(C3(F)CC3)c2)CC(C)(C)C1	0.037963
rxn:2:90130:69918	CC(Nc1ccccc1-c1ncccn1)c1cn(C)cn1	0.037961
rxn:2:74473:125583	CC(NCC1CC2CCCC2O1)c1ccc(-c2nccn2C)cc1	0.037957
rxn:2:112835:79765	Cc1ncc2c(n1)CCCC2Nc1ccn(C2CCS(=O)(=O)C2)n1	0.037956
rxn:2:124599:141537	CC1(CNC2CCC(CC3CCCCO3)CC2)CCOCC1	0.037953
rxn:2:90440:97356	Cc1nsc2cc(NC3CCc4cn[nH]c4C3)ccc12	0.037946
rxn:2:137250:124706	CCCC(C)CC(C)NCc1ccccc1SC	0.037944
rxn:2:141482:140679	CCOCC(NCC1C[C@@H]2CC[C@H]1O2)c1ccc(CC)s1	0.037927
rxn:2:72044:124544	CCCN(C)CCC(C)Nc1cccc(N2CCCC2)n1	0.037923
rxn:2:117127:112755	COCCC(NCCc1nc(C)nn1C)c1cccnc1	0.037912
rxn:2:128163:122281	CCCC(CN(C)CC)NCC1CCc2ccccc2O1	0.037907
rxn:2:125618:125233	CCN1CCCC(NCC(F)(F)c2ncccn2)c2ccccc21	0.037895
rxn:2:134433:102423	CC(C)c1cc(NC(C)c2ccc(N3CCOCC3)nc2)ccn1	0.037893
rxn:2:69070:116389	CCC(NCC1CCN1C(C)(C)C)c1ccc(N(C)C)nc1C	0.037879
rxn:2:139302:105843	CC(CC12CC3CC(CC(C3)C1)C2)NCc1ccn2ccnc2n1	0.037878
rxn:2:100051:133831	CCN1CCN(CCNC(C)c2c(C)nc3ncccn23)CC1	0.037872
rxn:2:116049:137311	CCC1CC(C)CCC1NCC1(c2ccccc2OC)CC1	0.037871
rxn:2:106344:76523	Cc1nn(C(C)C)c(N2CCC2)c1NC1CCSc2ncccc21	0.037837
rxn:2:136867:91582	CCOc1ccc(NC2CC(c3ccc(C)cc3)C2)cc1C	0.037823
rxn:2:106856:71205	CC(CCC1(C2CCC2)COC1)Nc1c2c(nn1C)CCCC2	0.037799
rxn:2:137593:110920	CC(Nc1cccc2cn[nH]c12)c1cc[nH]c1	0.037794
rxn:2:127748:85132	CCC(N[C@H](c1ccco1)c1cccs1)C1CCN(CC)C1	0.037793
rxn:2:72223:116772	COc1ncc(C2C(CNC3CCCn4cncc43)C2(F)F)cn1	0.037791
rxn:2:77524:101661	Cn1cnc2c(NC3CCCC(C4CCCCC4)C3)[nH]c(=O)nc21	0.037769
rxn:2:138083:100677	CCC(C)C(CNCc1ccc(OC)cc1OC)OC	0.037766
rxn:2:94461:109191	O=c1[nH]oc(NC2CCCN3CCCC3C2)c1Cc1ccccc1	0.037756
rxn:2:77734:83807	COCCC(COC)NC1(c2nc(C)no2)CCCCC1	0.037756
rxn:2:135735:133488	C[C@@H]1CN(CCNC2c3ccccc3CCC2(C)C)CCS1(=O)=O	0.037746
rxn:2:118656:118584	COCn1c(=O)c(NC2COCc3ccncc32)cn(C)c1=O	0.037745
rxn:2:79843:167690	Cc1ccc(C(NC[C@@]2(C)CCCN2C)c2cccc(C)c2)nc1	0.037724
rxn:2:110044:103753	CCc1cc(C(C)Nc2ccc3cnccc3c2)n(C)n1	0.037715
rxn:2:132592:84770	Cc1n[nH]c([C@H](NC2CC(c3ccccc3)N(C)C2)C(C)(C)C)n1	0.037710
rxn:2:104112:68923	CC(C)Cn1c(NC(C)c2cc3c(s2)CCC3)cc(=O)n(C)c1=O	0.037694
rxn:2:93545:78003	CSc1ccnc(C(C)NC2CC3(CSC3)C2)n1	0.037687
rxn:2:91037:78062	CCn1cccc1CNC(CC1CCCCC1)c1ncco1	0.037680
rxn:2:73154:96294	COc1ccc(C)cc1CC(C)(C)CNC1CC[C@H](C)N(C)C1	0.037669
rxn:2:132210:113091	CC(CNC1CCCCC1Oc1ccccc1)C1CCCN1C	0.037649
rxn:2:111424:134163	CC(C)c1ccnc(CNC2CCCCC23CCCCC3)c1	0.037619
rxn:2:127753:149170	CC1CC(CNC(C)c2ccc(-c3ccc(=O)[nH]n3)s2)CCS1	0.037583
rxn:2:118589:73854	COc1ccc2c(c1)C(C)(C)C(NC(C)c1ccnn1C(C)C)C2	0.037546
rxn:2:98555:112230	CC(N[C@@H](C)CN(C)Cc1ccccc1)c1cccc(=O)[nH]1	0.037537
rxn:2:84047:105016	COc1nccn2nc(NC3COc4ccccc43)nc12	0.037526
rxn:2:86332:119277	CC1(C)CC1(Cc1ccccc1)NC1CCCc2ccsc21	0.037520
rxn:2:77409:78436	CN1CC(NCCc2nc(C3CC3)n3c2CCCC3)CCC1(C)C	0.037518
rxn:2:67980:137030	FC1CCCCCC1NCc1ccn(CC2CCCCC2)n1	0.037513
rxn:2:131442:111578	CCn1cccc1C(C)Nc1ccc(N2CCCC2)cc1OC	0.037497
rxn:2:99882:131677	COc1cc(C)ccc1C(C)NC1CCC1C1CCCCC1	0.037492
rxn:2:86327:68991	CC(NC1CCOC2(CCC2)C1)c1cnn(CC2CCOCC2)c1	0.037482
rxn:2:91883:83586	CCc1ccc(C(COC(C)(C)C)NC2CCN(CC)C2)s1	0.037468
rxn:2:127658:102585	CCc1cc(NC2CC[C@H]3C[C@@H]2C3(C)C)c(OC)cc1N(C)C	0.037459
rxn:2:95255:69181	CCc1cc(CNC2CCN(Cc3ccccc3)C2(C)C)[nH]n1	0.037443
rxn:2:139902:124107	CC(Nc1ccc(C2CCCCO2)cn1)c1nc2c([nH]1)CCCO2	0.037413
rxn:2:74865:131776	CC(C)c1ncsc1C(C)Nc1cncc(C2CCOCC2)c1	0.037403
rxn:2:131986:66610	CC(C)Cc1n[nH]c(CCNC2CCS(=O)(=O)CC2(C)C)n1	0.037401
rxn:2:110332:116835	c1cc(NC2CCN(c3ncc[nH]3)CC2)nc(N2CCCCC2)n1	0.037390
rxn:2:126305:115202	CCc1cc(C(C)C)nc(NC2CCc3c(cccc3OC)C2)n1	0.037386
rxn:2:78126:156529	CN1C2CCC1CC(NC1CCc3cccc(-c4cncnc4)c31)C2	0.037381
rxn:2:83388:78392	COCCN(C)C1CCC(Nc2nc3c(s2)CCC3(C)C)CC1	0.037362
rxn:2:104266:138465	Cc1ccc(-c2nnc(NC3CCC34CC3(CCC3)C4)s2)cc1	0.037346
rxn:2:105852:131816	CCCN1CCCC(Nc2nc(CN3CCC(C)CC3)cs2)C1	0.037342
rxn:2:83018:145001	Cc1ccc2[nH]c(C(C)Nc3ncoc3C)c(C)c2c1	0.037341
rxn:2:135354:69918	CC(Nc1ncnc2[nH]c(=O)ccc12)c1cn(C)cn1	0.037341
rxn:2:115942:146619	CC(NC1CCCc2[nH]c(=O)c(S(C)(=O)=O)cc21)c1ncsn1	0.037340
rxn:2:94347:133004	COc1cccc([C@@H](CC2CC2)NC2CC3CCCCC32)c1	0.037339
rxn:2:71211:111274	CCOCC1CCC(NCC2(S(C)(=O)=O)CCCC2)CC1	0.037323
rxn:2:66335:119388	CCc1ccc2c(c1)[C@H](NC1c3ccc(OC)cc3CC1F)CC2	0.037305
rxn:2:124826:75123	Cc1ccc(C(CCOC(C)(C)C)NC2CC(C)(F)C2)cc1	0.037304
rxn:2:126981:96234	CC(C)c1nn(CC2CCC2)cc1NC1CCCOC12CCOC2	0.037290
rxn:2:114905:88416	Cc1noc(NC2c3cc(C(C)C)ccc3OC2C)c1CN(C)C	0.037279
rxn:2:81215:83539	COc1cc(CNC(C)c2ccc3ccncc3c2)sn1	0.037257
rxn:2:122053:76276	COC(C)c1nc(C)cc(NC2c3ccccc3CC2N=O)n1	0.037256
rxn:2:127168:72181	CCOc1cccc(C(C)NC2(c3cc(C)cc(C)c3)CC2)n1	0.037234
rxn:2:113623:108831	COc1ccc(C(NC2CCc3nc[nH]c3C2)C(C)(C)C)c(C)c1	0.037226
rxn:2:117771:74551	COc1cccc2c1C(N[C@@H](C)c1ccnc(S(C)(=O)=O)c1)CO2	0.037214
rxn:2:107172:112739	CCC(C)C1(C)CC(NC(C)c2ccc3cn(C)nc3c2)CCO1	0.037208
rxn:2:73909:124112	COc1cc(=O)oc(C)c1C(C)N[C@H]1CCN(c2ccncn2)C1	0.037208
rxn:2:123938:110894	CN1CCC(NC2CCCCn3cnnc32)C(Cc2ccccc2)C1	0.037206
rxn:2:160240:133164	Cn1nc(CNC2CCC(C)(C)OC(C)(C)C2)c2ccccc2c1=O	0.037202
rxn:2:101213:108043	Cc1cn(C)cc1C(C)NCCc1ncc2cccn2n1	0.037197
rxn:2:112095:127230	CC(C)C(N[C@@H](C)C1CCCC1)c1csc(N2CCOCC2)n1	0.037197
rxn:2:89755:73791	COc1ccc(C(C)Nc2cc(C3CC3)ccc2OC)c(C)n1	0.037178
rxn:2:141522:120964	CCC1(CC)CC(NC2CN(CC(C)c3ccccc3)C2)C1	0.037162
rxn:2:95706:116008	Cc1c(NC2C[C@H]3CC[C@@H](C2)N3CC(C)C)cnc2c1CCCC2	0.037160
rxn:2:116125:131677	Cc1c(NC2CCC2C2CCCCC2)c2ccccc2n1C	0.037156
rxn:2:70593:94288	Cc1cc(C(C)NC2CCc3[nH]c(C4CCCCC4)nc3C2)on1	0.037135
rxn:2:73984:118508	CN1CC2CCC(Nc3ccc(CC4CCCCC4)cn3)CC2C1	0.037128
rxn:2:94679:68174	CC1CCC2(C1)CC(Nc1cc(C3CCCN(C)C3)[nH]n1)CCO2	0.037123
rxn:2:120895:77385	CN(C)C1CCn2ncc(NC3CCCC(c4ccnn4C)C3)c2C1	0.037118
rxn:2:135586:123424	COc1cc[nH]c1C(C)Nc1ccc(O[C@H]2CCOC2)c(C)c1	0.037110
rxn:2:94461:78156	CCC(Nc1o[nH]c(=O)c1Cc1ccccc1)C1COCCO1	0.037105
rxn:2:80623:147815	CC(NC1C2CCC1CC(F)C2)c1ccc2[nH]c(=O)[nH]c2c1	0.037089
rxn:2:98287:69806	COCCn1cc(C(C)NC[C@@H]2CCc3ccccc3O2)cn1	0.037086
rxn:2:150257:139130	Cc1cccc(-n2cnc(=O)c(NC3CCC4(C(C)C)CC34)n2)c1C	0.037081
rxn:2:101098:115959	COCCN1CCCC(C(C)NC2CC3CCC2C3(C)C)C1	0.037074
rxn:2:92828:135723	Cc1ncnc(C2CCCC2NC2CCSc3ccccc32)c1C	0.037069
rxn:2:90404:120591	Cc1cc(C(C)NCCS(=N)(=O)c2ccccc2)cn(C)c1=O	0.037064
rxn:2:130108:72960	Cc1cc(C)n2ncnc(NC3C[C@H]4CC[C@@H](C3)N4C3CCCC3)c12	0.037044
rxn:2:167516:79994	CC1CN(C)CCC1NCCc1nc(-c2cc[nH]c(=O)c2)no1	0.037033
rxn:2:121964:132994	CCOc1c(C(C)Nc2cc(C)nn2C)c(C)nn1CC1CC1	0.037030
rxn:2:98351:85805	Cc1ccnn1-c1ccc(CNC2C[C@@H]3C[C@H]2CN3C(C)(C)C)cc1	0.037026
rxn:2:93597:127051	CC(C)Cn1cc(C(C)NCCc2ccn(C(C)C)n2)cn1	0.037016
rxn:2:102402:129950	CC(CCCN1CCSCC1)Nc1ccc2c(=O)cc[nH]c2n1	0.037008
rxn:2:157729:133004	CC(C)Cn1ccc(=O)c2cccc(NC3CC4CCCCC43)c21	0.037005
rxn:2:137227:97868	COc1cccc(S(C)(=O)=O)c1NC1CCCC2(CC[C@H](F)C2)C1	0.037003
rxn:2:140826:96106	CCC(NC(C)c1ccn(C)c1C)c1cn2ccsc2n1	0.036984
rxn:2:87633:95426	c1ccc(C(CNC2C[C@@H]3C[C@H]4C[C@@H](C3)[C@@H]2C4)c2nnc[nH]2)cc1	0.036975
rxn:2:135117:86002	COc1cnc2c(c1)CCCC2NC1CCN(c2cccc(C)c2)C1	0.036963
rxn:2:77669:126727	CC(NC1(c2nccs2)CCCC1)c1c2c(c[nH]c1=O)CCCC2	0.036953
rxn:2:84118:85393	Cn1cccc1C(CN1CCCC1)NC1(c2ncccn2)CCC1	0.036947
rxn:2:99513:129023	CC[C@H](NC(C)c1ccc2c(c1)CC2)c1ccc2c(c1)OCCO2	0.036946
rxn:2:122031:99531	C1CCN(CCc2nnc(NC3CC[C@@H]4[C@H]5OCC[C@H]5[C@H]34)s2)CC1	0.036943
rxn:2:102390:108765	CCCC(C)N1Cc2ccc(NC3CCC4C3C4(F)F)cc2C1	0.036938
rxn:2:108028:120189	CCCCC1CC(Nc2cnn([C@@H]3CCOC3)c2C)C12CCC2	0.036926
rxn:2:105316:75709	COc1cnccc1CCNC(c1ccccn1)C1CCCC1	0.036924
rxn:2:83882:109137	CC(C)CC(CCC(C)(C)C)NC1CN(C)CC12CCOC2	0.036907
rxn:2:79251:134304	CC(NCCn1cncn1)c1ncc(-c2ccco2)o1	0.036902
rxn:2:74242:75345	C[C@@H](NC1COCc2nn(C)cc21)c1cccc(OCC2CC2)c1	0.036892
rxn:2:68756:129410	CCC(Cc1ccccc1C)NC1CC(C)(C)Cc2c1cnn2C	0.036889
rxn:2:85866:82693	CC(C)(C)c1cc(C2(CNC3CCCc4ncsc43)CCC2)no1	0.036880
rxn:2:97308:77025	CC(CCCc1ccccc1)NCC1CC1(C)C1CC1	0.036879
rxn:2:137739:130813	c1cc(CC2CC2)c(NC2CCCCCC23CCCC3)cn1	0.036879
rxn:2:78688:76308	Cc1cccc(NC2C[C@H]3CC[C@@H]2C3)c1N(C)Cc1cc[nH]c1	0.036872
rxn:2:110744:77693	CCCn1nc(C2CC2)c(C)c1NC(C)c1nn(CC)nc1C	0.036871
rxn:2:108521:107819	Cc1ncc(NC2CCC(CN3CCCC(F)(F)C3)CC2)c(=O)[nH]1	0.036865
rxn:2:151889:108063	Cc1[nH]c2ccccc2c(=O)c1CNC1CCC[C@H]2CCCC[C@H]12	0.036860
rxn:2:113834:77786	COC1CC2CC1CC2Nc1ccc(C)cc1Oc1ccccn1	0.036860
rxn:2:73563:73153	Cc1c(NC2CCN(C3COC3)CC2)cccc1-n1c(C)ccc1C	0.036855
rxn:2:129804:96078	CCC(NC1CC2CCN(C2)C1)c1nnc(Cc2ccccc2)o1	0.036854
rxn:2:99162:102026	COc1nc2c(cc1NC1CC(C)(C)c3ccccc31)CN(C)CC2	0.036850
rxn:2:135877:123626	CC(NC1CC2CCCC(C1)N2C1CC1)c1ccc2c(c1)CCC2	0.036846
rxn:2:119094:84306	COc1cc(OC)c2c(c1)C(Nc1ccc3c(n1)COCC3)CCO2	0.036846
rxn:2:125878:86777	CCC(NCC1(c2cc(C)ncn2)CCC1)c1c(C)nn(C)c1C	0.036846
rxn:2:93801:87109	Cc1cccc2c(NC3CCOC4(CCS(=O)(=O)CC4)C3)nsc12	0.036843
rxn:2:126652:76757	COCC1(COC)CC(NC2CCOC3(CCSCC3)C2)C1	0.036838
rxn:2:97651:125295	O=S(=O)(F)CC1CC(NCC2CS(=O)(=O)c3ccccc32)C1	0.036837
rxn:2:78474:115644	CCC(CCc1ccco1)NC1CC(Cc2noc(C)n2)C1	0.036836
rxn:2:119613:137784	CN1CCC[C@@H](N(C)CCNC(c2ncnn2C)C2CC2)C1	0.036834
rxn:2:103011:78183	CCC(NCc1ccc2ccoc2n1)c1cncc(C)c1	0.036813
rxn:2:83659:90272	COc1ccc2c(c1)C(Nc1cnn(C3CCOC3)c1C)C(F)CC2	0.036791
rxn:2:108889:124706	CCCC(C)CC(C)Nc1c(C)c(-c2cccs2)nn1C	0.036782
rxn:2:131930:143713	COC(C)(C)C1CC(NC(C)c2cccnc2-n2ccc(C)n2)C1	0.036771
rxn:2:122485:123319	COc1ccc2nc(OC)c(NC3CCN(C)C4(CCC4)C3)cc2c1	0.036762
rxn:2:114281:111495	O=c1nc(NC2CCC(c3ncc(C4CCC4)[nH]3)CC2)s[nH]1	0.036745
rxn:2:86542:95085	COc1ccc(-c2coc(NC(C)c3ncco3)n2)nc1	0.036723
rxn:2:126777:81021	CCc1ccc2c(c1)C(NC(C)c1cc(C)c(C)[nH]c1=O)CCC2	0.036723
rxn:2:74716:105203	Cc1cncc(C(C)NC2CC3CCC(C2)N3c2cc(C)ccn2)c1	0.036716
rxn:2:128642:79705	CCC(CNC(c1cnn(C)c1)C(C)(C)C)c1ccc(C)cc1	0.036715
rxn:2:123198:88113	CC1(C)CC(CNC(CCC2CCOCC2)C(C)(C)C)C1	0.036709
rxn:2:114051:102483	CC1CCCC12CC(NCc1cccc(-c3ccn(C)n3)c1)CCO2	0.036706
rxn:2:94763:97737	CCCC(CC1CCCC1)NC(CCC)c1ncon1	0.036695
rxn:2:121202:100518	CCC(C)[C@H](NC1CCCCC1N1CCCC1)c1ccsc1	0.036691
rxn:2:100914:108555	CC(CCOc1ccc2ccccc2c1)NC1CC(N(C)C)C1	0.036690
rxn:2:119655:120255	Cc1cc(NC2CCN(Cc3ccc(C)c(C)c3)CC2)c(C)s1	0.036688
rxn:2:83972:111258	C1C[C@H]2CC(Nc3c4c(nn3C3CCOCC3)CC3CC43)CCN2C1	0.036682
rxn:2:103532:125744	COc1cnc(NC2CCOc3cc(C)c(C)cc32)c(SC)c1	0.036679
rxn:2:69729:134018	COc1cccc2c1c(NC1CCN(CCC(C)C)CC1)nn2C	0.036669
rxn:2:110158:75336	CCOc1ccnc(C(C)NC2CN(c3c(C)cccc3C)C2)c1	0.036657
rxn:2:71882:132382	COc1c(C(C)Nc2cnc3c(n2)COC3)cc2c(c1C)CCCC2	0.036643
rxn:2:132400:106646	CCN(CC(NCS(C)(=O)=O)c1ccc[nH]1)C1CCCC1	0.036635
rxn:2:142078:115861	Cc1cccc(CCc2oc(NC3CC4CC5C(C4)C35)nc2C)c1	0.036602
rxn:2:99838:76125	CCCC(Cn1nc(C)c(C)c1C)NCC(F)c1ccco1	0.036581
rxn:2:110204:103237	COc1ncc(C(NCc2ncnn2C)C(C)C)c(C2CC2)n1	0.036581
rxn:2:71133:115382	CCSC1CCCC1NCc1cnn(-c2ccc(OC)cc2)c1	0.036545
rxn:2:91707:114510	COc1cc(C(C)Nc2cn(C(C)C)nc2OC(C)C)ccn1	0.036542
rxn:2:69119:137914	COc1ncc(-n2cc(NC3CC(CCSC)C3)cn2)cc1C	0.036542
rxn:2:129895:115439	CCc1ncc(C(C)Nc2cn(C)c3ccsc3c2=O)cn1	0.036525
rxn:2:162923:88280	Cc1ccc2nc(C(C)NC3CCC34CCCC4)cc(C)c2c1	0.036522
rxn:2:66011:141567	COc1cccc([C@@H](C)NC2CCCC2c2ccccc2)c1C	0.036512
rxn:2:103471:117724	CN1c2ccccc2CCC1CNC(C)(C)CCc1ccsc1	0.036508
rxn:2:75933:68505	CCC(C)n1cnc2c(NC3CCn4cccc43)ncnc21	0.036505
rxn:2:70286:140518	Cc1nn(C)c(N2CCC(C)CC2C)c1NC1CCN2CCCC1C2	0.036489
rxn:2:71122:81989	COc1ccc([C@H]2C[C@@H](NC(C)c3cc(C4CC4)nn3C)C2)cc1	0.036467
rxn:2:121861:116513	CC(CCC1CCCCO1)Nc1cc(CC2CCCC2)no1	0.036459
rxn:2:119543:119164	CCCCN(C)CC1CCCCC1N[C@H](C)c1cnnn1C	0.036454
rxn:2:74116:74622	COCC1CCc2cc3c(c(NC4COC5(CCOC5)C4)c21)CCC3	0.036448
rxn:2:130913:72547	Cc1nn2ccsc2c1NC(c1cncnc1)C1CCCO1	0.036447
rxn:2:131106:93870	CCN(CC)C1CC(NC(C)c2cn(C3CCCCC3)nn2)C1	0.036407
rxn:2:106133:124279	CCCc1ccnc(C(C)NC2c3ccccc3O[C@@H]3C[C@]23C)c1	0.036396
rxn:2:101995:136617	COc1ccc([C@H]2C[C@@H]2NC(C)c2c(C)n(C)c(=O)[nH]c2=O)cc1	0.036394
rxn:2:84444:126409	CCCC(CCS(C)(=O)=O)NCc1cn2c(C)c(C)sc2n1	0.036378
rxn:2:136638:139813	Cc1cccc(C(Cc2cccnn2)NCCC2CC(C)C2)c1	0.036377
rxn:2:123455:91567	Cc1cccc(C(C)CC(C)NCCN2CC3COCC3C2)c1	0.036375
rxn:2:130310:93051	Cc1cc(C(C)Nc2cnn(CCC3CC3)c2)cc2c1OCCO2	0.036374
rxn:2:78413:132461	CCCCC1CCCCC1Nc1nc2cccc(OC)c2n1C	0.036363
rxn:2:76159:140734	COc1ncc2cnn(C)c2c1NC(C)c1nn(C)cc1C	0.036344
rxn:2:80198:116051	CCn1c(=O)oc2ccc(NC(C)c3c(C)noc3C)cc21	0.036330
rxn:2:114392:86724	CC1CC(CNC2CCCc3c2ccn3C2CCN(C)C2)C(C)N1C	0.036320
rxn:2:84740:126941	CCc1c(CS(C)(=O)=O)n[nH]c1NC(C)c1c[nH]nn1	0.036314
rxn:2:141682:110102	COCCN1CCC(Nc2nnn(-c3ccccc3)n2)C(C)C1C	0.036303
rxn:2:91326:91214	CCOc1c(NC(C)c2cc(C)cnc2OC)ccc2c1OCO2	0.036302
rxn:2:84600:91090	CC(c1cnccn1)N1CCC(NC2CC3(C2)CC2(CCC2)C3)CC1	0.036286
rxn:2:131674:86726	CCCc1ccc2c(c1)CCCC2NC(C)(C)c1ncc(C)cn1	0.036283
rxn:2:97485:102369	Cc1cccc(C2CCCCCC2Nc2cccs2)c1	0.036266
rxn:2:103544:98147	CCC(C)N1CCCC1CNc1cc(N(C)C)nc2ccccc12	0.036250
rxn:2:72427:83449	CN(C)Cc1cc(NC2CC3(CCCCO3)C2)n(-c2ccccn2)n1	0.036248
rxn:2:81307:85028	CCn1cc(C(CCC(C)C)N[C@@H](C)c2ccccn2)cn1	0.036225
rxn:2:124326:108784	COc1ccc(-c2ccc(C(C)NC[C@H]3COCCN3C)s2)cc1	0.036212
rxn:2:78050:73323	Cc1ccc2c(c1)CC(NCCc1n[nH]c(C(C)C)n1)CCC2	0.036211
rxn:2:79318:121173	CN(C)CCN1CCC(CNC(c2ccccc2)C(C)(C)C)C1	0.036203
rxn:2:101209:69452	CC(Nc1ccc(CCN2CCC2)cc1)c1cnn(C(C)(C)C)c1	0.036201
rxn:2:105155:71219	CC(C)OCCC(NC1CCCN(c2nccs2)C1)C1CC1	0.036200
rxn:2:97458:96018	CCc1ccc(CCNC(CC)CC2CCCCC2)nc1	0.036200
rxn:2:79660:71833	Cc1cc(NC(C)c2ccc(C(C)C)cn2)nn1CC1CCCO1	0.036189
rxn:2:76458:140988	CC(C)C1CC(CNC2CCN(Cc3ccc4c(c3)OCO4)C2)C1	0.036164
rxn:2:110651:141518	Cc1ccc(C)c(C2CC2CNC2CCOC3(CCN(C)CC3)C2)c1	0.036160
rxn:2:88954:83782	CCc1cc(N2CCC(NC3C(C)(C)OC3(CC)CC)C2)ncn1	0.036160
rxn:2:98822:138133	CC(NCC1(F)CCC(F)(F)CC1)c1ccc(N2CCCC2)nc1	0.036155
rxn:2:119622:123606	CN1CCC(N[C@H](c2ccsc2)c2ccc3c(c2)OCO3)CC12CC2	0.036154
rxn:2:115924:120694	COCC1CCC(Nc2ccc(C)c(OCC(C)C)c2)CC1	0.036151
rxn:2:123074:104995	COc1cccc2c1C(NC(C)c1c(C)nn(C)c1OC)CCN2C	0.036145
rxn:2:141148:128620	CCCSc1nnc(C)c(C)c1CNC1CC(C)C12CCC2	0.036133
rxn:2:108504:98485	CC1(C)C[C@H](NC2CCOC(COCc3ccccc3)C2)CCO1	0.036124
rxn:2:115260:132617	FC1(F)CC1c1ccccc1NCC1CCCCN1CC1CC1	0.036123
rxn:2:81464:85716	CCN1CCCc2ccc(C(C)NCC(C)CC3CC3)cc21	0.036122
rxn:2:103395:67639	CN1CCC2(CCCCC2Nc2cc(-c3ccccn3)c[nH]c2=O)C1	0.036105
rxn:2:79726:91644	CCC(C)N1C2CCC1CC(Nc1cccnc1-c1cnn(C)c1)C2	0.036094
rxn:2:120257:121852	CCN(C)C1CCC(Nc2ccc3[nH]c(C(C)(C)C)nc3c2)CC1	0.036087
rxn:2:91455:109976	F[C@H]1CCCC2(CCC(Nc3cn(CC4CCCCC4)nn3)C2)C1	0.036084
rxn:2:84590:84029	CC(C)N1C[C@@H](C)C(Nc2cc(=O)[nH]n2CC2CC2(F)F)C[C@@H]1C	0.036045
rxn:2:128064:132628	COc1c(NCC(F)c2ccccc2)cnc2ccsc12	0.036043
rxn:2:75865:157399	Cc1ccc2c(c1)C(NC1C3CN4CCC(O3)C14)Cc1sc(C)nc1-2	0.036035
rxn:2:89864:86527	COC1COc2ccc(NC(C)c3ccc(N(C)C)nc3)cc2OC1	0.036009
rxn:2:112105:139947	COC(CNC(C)COCc1c(C)cccc1C)C(C)C	0.036001
rxn:2:108901:119350	COC(C)(CNC1CCCCCC1(C)C)C1CCCSC1	0.036000
rxn:2:97104:124706	CCCC(C)CC(C)Nc1ncn(Cc2ccc(C)cc2)n1	0.035988
rxn:2:79434:134050	Cc1ccc(CN(C)CCNC2CCOCC2CC(C)C)s1	0.035980
rxn:2:116055:167058	Cc1ccc2[nH]c3c(c2c1)C(NC[C@@H]1C[C@H]1C1CCC1)CCC3	0.035979
rxn:2:96392:137404	CCCOc1ncncc1NC1CC2(CCOC2)Oc2ccccc21	0.035979
rxn:2:117753:78237	CCN(CC)C1CCCCC1Nc1nnc(CC2CCCC2)o1	0.035927
rxn:2:86710:152428	CC1(C)C[C@@H](NC2c3c(ccc4ccccc34)CC2(C)F)CCO1	0.035922
rxn:2:80641:115551	CCCC(N[C@@H]1CCC[C@H](OC)C1)c1cccc(S(C)(=O)=O)c1	0.035921
rxn:2:125179:99481	Cc1cnc(N2CCC(NC3CCOC4(CCN(C)C4)C3)CC2)cn1	0.035920
rxn:2:105358:115610	Cc1[nH]nnc1C(C)NCCc1nnc(C2CCN(C)CC2)o1	0.035894
rxn:2:91028:82577	COCCC1(CNC(C)c2csc(-c3ccccc3)n2)CC1	0.035871
rxn:2:88464:67250	CC(N[C@H](c1ccco1)C1CC1)c1ccc2cn[nH]c2n1	0.035846
rxn:2:112827:138445	CCC(CC)n1nc(C2CCC2)c(C)c1NC1CCOC12COC2	0.035846
rxn:2:118861:111593	CCC(NCc1nnn(C(C)C)c1C1CCCC1)c1cscn1	0.035837
rxn:2:91638:151360	CCC(CNC(C)c1cn2nc(SC)nc2nc1C)N(C)C	0.035834
rxn:2:135670:138102	Cc1cccc2c1OC(C)(C)CC2NCc1cnc(C(C)(C)C)nc1	0.035831
rxn:2:92196:110232	C[C@@H](CNC1C[C@H]2CSC[C@H]2C1)Cc1ccc(C(C)(C)C)cc1	0.035821
rxn:2:111883:75989	CC(CCC(C)(C)C)NC1CCCC(c2ccccc2)C1	0.035802
rxn:2:133568:77025	COC1Cc2ccccc2C1NC(C)CCCc1ccccc1	0.035788
rxn:2:103548:145505	Cc1nc2c(C(NCC(F)(F)CN(C)C)C3CC3)cccc2[nH]1	0.035787
rxn:2:84471:99881	CC1CCN(C(C)(C)C)CC(CNC2C[C@H](C)c3ccccc32)N1C	0.035768
rxn:2:160359:75186	COc1ccc(C)cc1-c1cc(C)sc1NC1C[C@H]2COC[C@H]2C1	0.035762
rxn:2:141494:103744	Cc1cnccc1C(NC1CN(Cc2sccc2C)C1)C1CCC1	0.035755
rxn:2:79425:137936	CCC(Nc1cnn(C)c1-c1ccncc1)c1ccnn1C	0.035737
rxn:2:131705:128872	CC(C)CC1CCC(NCc2ccc(N3CCN(C)CC3)cc2)C1	0.035729
rxn:2:129364:131972	COCC(NC1(COC)CC(F)(F)C1)c1ccc2[nH]ccc2c1	0.035724
rxn:2:136961:109033	CCSc1ccc(NC(C)c2cn(C3CCCC3)nn2)cc1	0.035723
rxn:2:127419:123226	Cc1ccccc1-n1cc(CNC(C)c2cnccn2)cn1	0.035712
rxn:2:136980:73313	Cc1cccc(OCC2CC(NC(c3nnn[nH]3)C(C)C)C2)c1	0.035709
rxn:2:105449:86110	CC1Cc2cc3c(cc2C1NCc1ncccc1OC1CC1)CCC3	0.035695
rxn:2:113889:101737	COc1ccc2c(c1)OCCCCC2N[C@@H]1CCC[C@H](C2CC2)C1	0.035654
rxn:2:116290:83077	CCC(Cn1cncn1)NCc1ccc2cn(C)nc2c1	0.035651
rxn:2:82567:68991	CCc1ccc(-c2nc(C)c(C)c(NC3CCOC4(CCC4)C3)n2)o1	0.035650
rxn:2:103981:117887	c1cc(-c2nnc(CNC3CCCC(N4CCOCC4)C3)s2)n[nH]1	0.035647
rxn:2:141721:88126	CCCC(CN1CCC(C)CC1)NC1CCC2(CCS2)CC1	0.035646
rxn:2:76067:131668	CCOc1cc(C)c(CNC2CCC(C)c3ccc(C)cc32)cn1	0.035646
rxn:2:93979:136193	CCc1nn(C)c(OC(C)C)c1NC1CCCC(CC)CC1	0.035645
rxn:2:99434:70399	Cc1nnnn1-c1cccc(NC(c2cscn2)C2CC2)c1	0.035642
rxn:2:82189:105779	Cc1ccc(CNC(C)c2ccc3nc(C)cn3c2)c(C)c1	0.035641
rxn:2:131424:71778	CC(NC1CCOC2(CCCCCC2)C1)c1ccnc2cccnc12	0.035632
rxn:2:112488:151791	c1ccc(-c2nc3c([nH]2)C(NC2CC4(CCCCC4)C2)CC3)cc1	0.035622
rxn:2:120142:115578	Cc1ccc2c(c1)OCC2CCNC1CC[C@@H](c2ccccc2)C1	0.035621
rxn:2:117731:122736	Cc1ccc(C(CN(C)C2CC2)NCCc2ncn[nH]2)cc1	0.035610
rxn:2:138505:81272	Cc1nn2c(c1C(C)NC1(C3CCN(C)CC3)CCSCC1)CCC2	0.035596
rxn:2:126697:79808	CC1CCC2(CC1)CCC2NCCc1c(C2CC2)[nH][nH]c1=O	0.035575
rxn:2:80025:136400	Cc1nc2ccc(NC3COc4cnccc43)nc2nc1C	0.035574
rxn:2:73170:116399	CCn1ccc(C(C)Nc2c(C)ccnc2-n2cccc2)n1	0.035568
rxn:2:76558:68129	CCC(CSc1ccccn1)NC[C@@H](F)C1CCOCC1	0.035567
rxn:2:74534:134479	COc1ccc(C)c2c1OCCC2NC1CCC2(CCCCC2)C1	0.035566
rxn:2:85741:83411	Cc1ccsc1CN1CCC(NC2CCCC(n3nccn3)C2)CC1	0.035554
rxn:2:69265:71094	CCC(N[C@@H]1CCC[C@](C)(OC)C1)c1cnc(SC)c(C)c1	0.035544
rxn:2:132684:67441	CCOc1ccc2c(c1)C(NC1COCCC1N1CCCC1)CCO2	0.035520
rxn:2:80846:136837	CCC(Nc1cccn2nnnc12)c1cccc(C2CC2)c1	0.035505
rxn:2:106098:79568	Cc1cc2ccccc2c(CC(C)NC2CCCCC23CCCO3)n1	0.035499
rxn:2:75938:136251	Cc1cnc(C(NC2CCC23CC(c2ccccc2)C3)C2CC2)[nH]1	0.035496
rxn:2:104908:111233	COc1cc(OC)c2c(c1)C(C)(C)CC2NC12COCC(OC)(C1)C2	0.035494
rxn:2:123165:93421	CCC(N[C@@H](C)C1CCOCC1)C1CCCN(CC2CC2)C1	0.035494
rxn:2:69084:93992	CN(C)c1nc(NC2CCCC34OCCC3CC24)ccc1OC1CC1	0.035487
rxn:2:115664:88169	COCC1(NC(c2ccc3c(c2)CCO3)C(C)C)CC2CCC1C2	0.035486
rxn:2:110823:129966	COc1ccc(C2CCCCCC2NC23C4C5C6C4C2C6C53)cc1	0.035472
rxn:2:124820:83320	Cc1cn2ccc(C(C)NC3CCCc4[nH]cnc43)cc2n1	0.035472
rxn:2:101434:121173	CC(C)(C)C(NCCC1CCOC2(CCC2)C1)c1ccccc1	0.035463
rxn:2:76704:95511	COc1ccc(C(C)Nc2cnc(C3CC3)nc2)cc1CSC	0.035463
rxn:2:68625:83450	COc1cccc(-c2ccco2)c1C(C)NC1CN(C)CC(F)(F)C1	0.035447
rxn:2:89561:97818	CCc1nn(CC2CC2)cc1NC1CC2(C1)CC1(CC(F)(F)C1)C2	0.035431
rxn:2:141184:89120	CC(C)Cc1cccc(C(C)NCC2CC3(CCCOC3)CO2)c1	0.035431
rxn:2:135135:79734	CCn1cc(-c2ccc(C(C)NCCC3(F)CCC3)cc2)cn1	0.035429
rxn:2:108901:111295	COC(C)(CNC1CCCCC1c1ccnn1C)C1CCCSC1	0.035421
rxn:2:66573:114697	CCC(C)N1CCC(NCC2CN(C)c3ccccc3N2C)CC1C	0.035415
rxn:2:142207:103947	CC(C)C[C@@H](NC1CC[C@H]2CC[C@@H]1N2C)c1ccc2cc[nH]c2c1	0.035399
rxn:2:73734:128331	CCCCC(Nc1nc(COC)cc(=O)[nH]1)c1cc(C)on1	0.035376
rxn:2:93269:116010	C=C=Cc1ccc2c(c1)C(NC(C)c1cnn3c1CCC3)CCC2	0.035369
rxn:2:91654:101662	CCCn1cc(C(C)NCCN2CCc3ccccc3CC2)cn1	0.035368
rxn:2:74768:136479	CCOC1(CNC2CCSC(C)C2)CCC(C(C)(C)C)CC1	0.035364
rxn:2:134915:117835	CCC1(CC)OC(CC)(CC)C1Nc1nc2c(ncn2C)c(=O)[nH]1	0.035357
rxn:2:134701:156133	COCC(C)(CNC1CCc2ccc(-c3cn(C)cn3)cc21)OC	0.035350
rxn:2:89479:81578	CC1(C)CN2CCC[C@]2(CNC2CCC3(CC2)OCCC3(F)F)C1	0.035350
rxn:2:137667:77801	CCSc1cnccc1NC1CCN(CC(C)(C)OC)CC1	0.035340
rxn:2:83620:66486	CCc1c(C)nc(NC2c3cc[nH]c3CC2C)nc1N1CCCCC1	0.035339
rxn:2:77617:130353	CC1(C)C(CN2CCC(NC3CCN4CCC[C@@H]4C3)CC2)C1(F)F	0.035337
rxn:2:132198:110591	CC(Nc1ccncc1N1CCOCC1)c1cn(C2CCOC2)nn1	0.035335
rxn:2:77568:141537	c1cc(-c2cnc(NC3CCC(CC4CCCCO4)CC3)o2)co1	0.035319
rxn:2:153202:77267	CS(=O)(=O)C1CCC(Nc2ccc3[nH]c4c(c3c2)C2CCN4CC2)C1	0.035317
rxn:2:69696:86002	COc1cnc2c(c1)CCCC2NC(C)(C)C(F)(F)C1CCCC1	0.035317
rxn:2:97499:114039	CCN(CC)c1nc(C)cc(CNC2CCCCCCC2(F)F)n1	0.035296
rxn:2:89643:80455	CCOC1CC(N[C@H](C)c2ccc(C)cc2OC)C1n1cccn1	0.035285
rxn:2:72543:84812	Cc1cc(C)c2c(c1)SCCN2CC(C)NC1CCC[C@@H]2CC[C@H]12	0.035275
rxn:2:122501:120176	COc1[nH]ccc(=O)c1C(C)Nc1cc(C)nn1CC1(C)COC1	0.035271
rxn:2:86576:89697	COc1ccc2c(c1)CCC(F)C2NC(C)c1cc(C(C)C)nn1C	0.035255
rxn:2:98847:98323	Cc1cnn(C2CCCCCC2)c1NC1CCCC2(CC2)C1	0.035250
rxn:2:123513:75643	CCC1COc2cc(OC)ccc2C1NCCc1nncn1CC	0.035225
rxn:2:92944:89363	COc1cnc(SC)nc1NC1CC2(C1)CN(C)C2	0.035222
rxn:2:75996:124705	COc1cc(CCNC2CCC(C(C)C)CC2)cc(OC)c1C	0.035209
rxn:2:126710:71787	CCC(CC)n1nc2c(c1NC1CCC(C3CC3)C1)C1CC1C2	0.035204
rxn:2:74365:78304	CSc1nnc(CNC(c2ccccn2)C2CCN(C)CC2)s1	0.035197
rxn:2:93194:95041	COc1ccc(C)cc1[C@H](C)NC(C)c1ccc(SC)s1	0.035190
rxn:2:104019:95090	Cc1cc2c(c(C)n1)C(NCc1cn(C3CCN(C)CC3)nn1)CCC2	0.035184
rxn:2:79008:102504	CC(NC1CCC2COC1C2)C(C)N1CCN(CC2CC2)CC1	0.035181
rxn:2:77612:84526	CCC1COC(CNc2cccc(OCC3CC(F)(F)C3)c2)C1	0.035168
rxn:2:78120:90449	COc1cc(CNC(CCC(C)C)c2cnccc2C)ncn1	0.035146
rxn:2:106405:78519	COc1ccc(C)c(C(C)Nc2cn(CCC3CCCO3)nn2)c1	0.035146
rxn:2:109727:125024	CC(NC1C[C@H]2CC[C@]1(C)C2(C)C)c1sccc1-c1ncccn1	0.035141
rxn:2:112190:81819	C[C@@H](Cc1cn(C)nn1)NC1CC2CCC(C1)N2Cc1ccccc1	0.035137
rxn:2:116087:141415	C1CC2CC(C1)C(NCC(C1CCCC1)C1CCCC1)C2	0.035126
rxn:2:77311:66435	Cc1ccc(C(C)N[C@@H]2C[C@H]2c2ccn(C)n2)cc1OCC1CC1	0.035125
rxn:2:120631:140822	Cc1cc2n(n1)CCCC2NC(c1ccc(C)c(C)c1)C1COCCO1	0.035125
rxn:2:86244:107982	COc1cc2c(cc1OC)C(CNC1CCCC3C1C3(F)F)CCO2	0.035125
rxn:2:113048:118661	CC(C)(C)[C@@H]1CCCC(NCC2CCOC23CCS(=O)(=O)CC3)C1	0.035118
rxn:2:72525:131254	COCCc1cc(NC2CCC(C(C)OC)n3nccc32)n(C)n1	0.035094
rxn:2:120064:78294	FC1(F)CCCCCC1Nc1cnc(OCc2ccccn2)nc1	0.035092
rxn:2:96888:107376	CC(Nc1cccc(S(C)(=O)=O)c1)c1ccnc2[nH]ncc12	0.035092
rxn:2:83071:130813	CCc1nn(C2CC2)c(NC2CCCCCC23CCCC3)c1C	0.035068
rxn:2:152011:91387	CCC(CC(C)(C)C)NCc1cc(=O)[nH]c(-c2ccc(C)cc2)n1	0.035054
rxn:2:105474:119592	CS(=O)(=O)c1cnn(C2CCCC2)c1NC1CC2(C1)CS(=N)(=O)C2	0.035048
rxn:2:132958:113255	Cc1ccccc1C1CCCC(Nc2nccc(C(C)(C)C)n2)C1	0.035047
rxn:2:79401:120227	Cc1cc(C(C)NCc2cn(C3CCC3)nc2C2CCOC2)n(C)n1	0.035036
rxn:2:68363:118775	CC1CC(NC2CCN(Cc3ccccc3)C[C@@H]2F)c2cccnc2O1	0.035035
rxn:2:94402:72559	CC(NCC1CCC(CN2CCCC2)CC1)c1ccn2nncc2c1	0.035028
rxn:2:113533:80322	CC(NC1CCC(c2nccn2C)C1)c1cccn2nccc12	0.035023
rxn:2:80782:118795	Cc1nn(C2CCCN(C)C2)c(NC(C)c2cnn3c2OCCC3)c1C	0.035021
rxn:2:122267:120117	Cc1ccc2c(c1)nc(NC1CCC3(CCCN3C)CC1)n2C(C)C	0.035021
rxn:2:132889:104828	CC1CCC(NCc2nnc(C(C)C)s2)C(CN2CCCCC2)C1	0.035018
rxn:2:74164:126056	Cc1ccccc1Cc1csc(CNC2CCCC3CCC2O3)c1	0.035011
rxn:2:126560:67213	Cc1cnc(N(C)C(C)CNC2CCC(Cc3ccccc3)C2)o1	0.034978
rxn:2:84178:128120	Cc1ccc2c(c1)C(NC(C)(C)C1CCCCC1)C(C)(C)C2	0.034972
rxn:2:110286:131126	CSCCC(NC1C(C)(C)OC12CCCCC2)c1ccc(C)o1	0.034970
rxn:2:113585:99319	Cc1nnc(C(C)NC(C)CN2CCC(F)CC2)n1-c1ccccc1	0.034961
rxn:2:113855:116064	CCc1ccc2c(c1)CCC2Nc1cc(CC)nn1C1CCCOC1	0.034961
rxn:2:124603:83895	CCC(Nc1cc(CCC2CCCCC2)n[nH]1)c1cnn(C)c1	0.034957
rxn:2:100982:118686	Cc1ccc(NC(C)c2cccn(C)c2=O)c(-n2nccn2)c1	0.034947
rxn:2:111151:134466	FC(F)(CNC1CCOC2(CCCOC2)C1)c1csc2ccccc12	0.034938
rxn:2:85454:99415	CC(C)(C)CCn1cc(NC2COc3cc4c(cc32)OCO4)ccc1=O	0.034906
rxn:2:131689:108380	CCc1cnc(N(C)C(C)CNC(C)c2sccc2OC)nc1	0.034899
rxn:2:89232:85938	CCCN1CC(CNC2CC(C)S(=O)(=O)C(C)C2)Cc2ccccc21	0.034899
rxn:2:126597:91160	Cc1nn(C)c2ccnc(NC3CCC(N(C)CCN(C)C)CC3)c12	0.034896
rxn:2:80460:112929	COc1ccc2c(c1)[C@H](NC(C)CCOc1ccc(C)cc1)CO2	0.034895
rxn:2:120169:114010	CC(CCc1ccncn1)NC1CCN(Cc2ncccn2)CC1	0.034890
rxn:2:73224:71321	Cc1cc(C)n2c(CNC3CC(C)Cc4sccc43)nnc2n1	0.034886
rxn:2:135660:78452	CCc1cccc2c(C)c(C(C)NC3CSCC(C)(C)C3)oc12	0.034876
rxn:2:78911:127142	CCCC(Nc1ccn(C2CCN(C)CC2)n1)c1c(C)nn(C)c1C	0.034874
rxn:2:88267:120176	COc1[nH]ccc(=O)c1C(C)NCC1(n2cccn2)CCOCC1	0.034851
rxn:2:68260:135022	Cc1cc2c([nH]1)CC(C)(C)CC2NCc1cccc(C(C)F)c1	0.034851
rxn:2:112780:123088	CCc1nnc(C[C@@H]2CC[C@H](NC(C)CCn3cncn3)C2)o1	0.034849
rxn:2:140948:98558	c1ccc2c(c1)C(NC1CCC13CCOCC3)CCC21CCCC1	0.034847
rxn:2:128746:109208	CCSC1CCC1NC(CC)C1CCCCN1CC1CC1	0.034844
rxn:2:73175:101017	Cc1ccc(C(NC2CCC3CCCCC3C2)c2nccn2C)cc1	0.034840
rxn:2:148739:97251	Cc1nn(NC2CCC3(CC2)C(C2CC2)C3(F)F)c(=O)c2ccccc12	0.034823
rxn:2:80136:115074	CN1CCCN(c2ccccc2CNC2CCS(=O)(=O)CC2F)CC1	0.034821
rxn:2:83630:66776	CN1CCOC[C@@H]1CCNC1CCC(C2(C(C)(C)C)COC2)CC1	0.034817
rxn:2:142084:167644	Cc1cc2c(cc1C)S(=O)(=O)C(C)CC2NC1CC1(C)c1ccsc1	0.034812
rxn:2:107729:136801	Cc1cccc(C(NCC(F)C2CCCC2)c2cccs2)c1	0.034802
rxn:2:122612:99202	Cc1ccc(C(CSC2COC2)Nc2nnn(C)c2C2CC2)cc1	0.034800
rxn:2:92150:121440	Cc1cc2ncnn2cc1C(C)NCc1ccc2c(n1)CCO2	0.034798
rxn:2:90540:127230	CC(C)C(NC1CCN2CCCCC12)c1csc(N2CCOCC2)n1	0.034798
rxn:2:134593:102430	Cc1ccccc1N1CC(CNC2CCC(C)C(C)C2)CC1(C)C	0.034798
rxn:2:94899:121991	CCC(N[C@@H]1CC[C@H]1COC)c1cnn(CC2CCCCO2)c1	0.034767
rxn:2:94911:116123	Cc1ccc(C(NCC2CC3CC(C2C)C3(C)C)C2CC2)s1	0.034763
rxn:2:141839:87924	CCSC1(CNC(C)c2ccc(Cc3ccc(C)o3)o2)CC1	0.034755
rxn:2:138147:138169	CCn1nccc(NC(C)c2sc(N(C)CC3CC3)nc2C)c1=O	0.034747
rxn:2:103308:106031	CC(C)CC(Nc1cnn(CCC2CCOCC2)c1)C(C)(C)C	0.034746
rxn:2:106822:104933	CCc1nnc2sc(NC3COc4c(C)c(C)cc(C)c43)nn12	0.034744
rxn:2:110618:72547	CCCn1c(NC(c2cncnc2)C2CCCO2)nc2c1CCOC2	0.034741
rxn:2:131877:96468	Cn1nccc1-c1cnc(NC[C@@H]2CCc3ccccc3O2)s1	0.034726
rxn:2:81821:94292	CCC(N[C@H]1CC[C@@H](OC)C1)c1ccc(-c2sccc2C)s1	0.034709
rxn:2:80528:121666	CCCC1CC(Nc2ccnn2-c2cccc(OCC)c2)CCO1	0.034707
rxn:2:83325:85781	CCc1nn(C)cc1NC(CCc1ccc(OC)cc1)C(C)C	0.034704
rxn:2:95367:126996	CC(NCC(F)(F)CN1CCCCCCC1)c1ccc2ncnn2c1	0.034700
rxn:2:97514:72985	CCC1CCC(N[C@@H](CC(C)C)c2cccc(C)n2)c2ccnn21	0.034699
rxn:2:118929:126508	COc1ccc(-c2cnc(NC3CCC4(CC3)COCCO4)cn2)cn1	0.034697
rxn:2:117003:123244	CCN(C)C1(CNC2CCC3(CC2)OCc2ccccc23)CCCC1	0.034696
rxn:2:88115:86295	CCc1c(C)nn(CC)c1NC(C)c1ccc(N2CCOCC2)cc1	0.034693
rxn:2:130346:138831	COC1(C)CC(Nc2ccc(=O)n(CCOC3CCC3)c2)C1(C)C	0.034693
rxn:2:103378:79616	C[C@@H]1CC(NCC2CC2c2ccc(C(C)(C)C)cc2)C[C@H](C)S1	0.034692
rxn:2:116273:89106	COc1cc(NC2CCCC3(C2)OCCc2ccccc23)cnc1OC	0.034683
rxn:2:119731:122867	CC(CCC1CCCO1)NC1CC2CCC1(C(C)C)C2(C)C	0.034664
rxn:2:87723:114821	Cc1nc(CCC(C)NC(c2ccccc2)C(C)(F)F)[nH]c1C	0.034631
rxn:2:69209:98970	CC1CCC(C)(C)CC1NCC1(Oc2ccc3c(c2)CCC3)CC1	0.034627
rxn:2:81462:108968	Cc1cccc(CCC(NC(C)c2ccc(C)[nH]2)C2CC2)c1	0.034622
rxn:2:90684:132808	CC(C)(CN1CCN(C2CCC2)CC1)NC1CCC2CCCC1C2	0.034611
rxn:2:89970:66287	CCCn1cnnc1-c1ccc(NC(C)CC2CCCCO2)cc1	0.034610
rxn:2:68083:82298	CCOC1(CNC(C)c2cc(C(C)C)nn2C(C)C)CCOC1	0.034610
rxn:2:84570:129471	COCCC(Nc1cc(OCC(C)C)ccc1C)C(C)C	0.034607
rxn:2:137833:140323	Cc1nc2c(o1)CCC(Nc1ncc(Cc3cccnc3)s1)C2	0.034606
rxn:2:117434:67015	Cc1cccc(OC2CCOC2)c1NC1CCC(C2CCC2)CC1	0.034596
rxn:2:124897:92074	CCC(CCc1cccc(OC)c1)N[C@@H]1C[C@H]1CC(C)C	0.034564
rxn:2:129812:139714	CC(NCCC1C(C(C)C)OCCN1C)c1cccc(N(C)C)c1	0.034561
rxn:2:131159:76882	CN1CCCC2(CCCCC2Nc2c[nH]c(=O)c3[nH]cnc23)C1	0.034552
rxn:2:87664:74174	CC(CCN1CCC(F)(F)CC1)NCc1ccc(CN(C)C)o1	0.034546
rxn:2:101577:86186	Cn1cc(NC2C[C@@H]3CC[C@@]2(C)C3(C)C)c(OCc2ccccc2)n1	0.034533
rxn:2:80903:130227	CCN1C(CNC2(c3ccnc(OC)c3)CC2)CCCC1C(C)C	0.034530
rxn:2:94509:100962	Cc1ncc(CCNC(c2cc3cncnn3c2)C(C)C)s1	0.034522
rxn:2:159309:132988	CN(C)C1CCCC(Nc2cnc3[nH]c(=O)n(C)c(=O)c3c2)CC1	0.034519
rxn:2:66003:85662	COCCC1CCC(NCc2c[nH]nc2C2CCCCC2)CC1	0.034513
rxn:2:103101:81846	Cc1ccoc1C(C)NCCN1CCN(CC2CCOCC2)CC1	0.034493
rxn:2:68675:119703	CCC1(CC)OCC1NC(Cc1ccccc1C)c1cccnc1	0.034490
rxn:2:135818:97281	COc1ncc(C)cc1CNC(c1ccccc1)C1CCCCC1	0.034489
rxn:2:86028:134912	Cc1[nH]nc(NC(c2nc3cccnc3s2)C(C)(C)C)c1C	0.034489
rxn:2:85356:79705	CCC(CNc1ncc(CC2CCCO2)s1)c1ccc(C)cc1	0.034485
rxn:2:164941:82826	CC(C)(C)c1nc2ccccc2c(=O)n1NC1CCC2COCCC2C1	0.034480
rxn:2:113263:126985	COc1c(C)oc(C(C)Nc2cc(C3CCOCC3)nn2C)c1OC	0.034469
rxn:2:73127:98878	CC1C(NC2(Cc3ccccc3)CCOCC2)c2ccccc2S1(=O)=O	0.034464
rxn:2:85606:116059	Cc1ccnc2ccc(CNC(c3ccco3)C3CC3)cc12	0.034463
rxn:2:95451:127153	CC(C)c1ccc2c(c1)C(NC1CCCN(c3ccnn3C)C1)CCC2	0.034461
rxn:2:140484:90316	Cn1cnc2nc(NC3c4ccccc4C3(F)F)[nH]c(=O)c21	0.034460
rxn:2:99015:81705	CCSc1nc(NC(C)c2ccc(C3(F)CC3)cc2)[nH]c(=O)n1	0.034449
rxn:2:115084:74903	CCOc1ccsc1C(C)NCc1ccnc2nc(C)cn12	0.034433
rxn:2:89371:126895	CCC[C@H](NC(c1ccccc1)C1COC1)c1ccc(C)cc1	0.034432
rxn:2:124498:78062	c1cncc(C2(NC(CC3CCCCC3)c3ncco3)CCOC2)c1	0.034431
rxn:2:70871:115601	c1ccn(C2(CNC(c3cnoc3)c3ccon3)CCC2)c1	0.034431
rxn:2:102459:82035	CCCCC(Nc1cccc(CC(C)C)c1)c1ncco1	0.034426
rxn:2:113150:74387	CC(C)C(CC1CCCO1)N[C@@H](c1cccnc1)C1CCOCC1	0.034418
rxn:2:114752:121979	COCCC1(CNC(C)c2ccc(C(C)(C)C)s2)CCCOC1	0.034414
rxn:2:135453:154262	Cc1nc(C)n(C)c1NC1c2ccccc2C(=O)n2cccc21	0.034413
rxn:2:75327:69918	CC(Nc1ccc2nc(N3CCCC3)sc2c1)c1cn(C)cn1	0.034413
rxn:2:95743:77782	COn1cc(C(C)NCCN2CCCO2)c(=O)[nH]c1=O	0.034399
rxn:2:125168:119032	CCCC1COCCC1NCCc1ccccc1S(=O)(=O)CC	0.034398
rxn:2:108402:74463	CCc1cc(=O)n2nc(NC3CCN(C4CCOCC4)CC3)[nH]c2n1	0.034397
rxn:2:128652:76314	Cc1cncnc1C(C)NC1CCN(c2cc(=O)n(C)c(=O)[nH]2)C1	0.034395
rxn:2:119014:118602	CCC(CC)c1nc2cc(NC3CCC(F)(F)CC3F)cnc2o1	0.034388
rxn:2:97233:110148	CCC1CC(NCc2c(C)nn(C)c2N2CCCC2C)c2ccnn2C1	0.034382
rxn:2:67131:83733	CCOc1c(NC(C)c2nc(-n3ccnc3)cs2)cnn1C	0.034382
rxn:2:74301:111492	Cc1ccc(C(C)(C)NC2COc3ccc(C(C)(C)C)cc32)c(C)n1	0.034367
rxn:2:118530:111021	CCCC(CCc1ccco1)NC1CCOCC12CCCCC2	0.034352
rxn:2:105928:113546	Cc1ccc(C2CCC(NCCc3ncc(S(C)(=O)=O)cn3)C2)cc1	0.034336
rxn:2:121194:135596	COc1cccc(-n2cnnc2CNC2CC(C)(C)C23CCOCC3)c1	0.034323
rxn:2:93952:132884	CCC(COC1CCCC(C)C1)NC(C)c1c(C)cncc1C	0.034322
rxn:2:95852:157539	Cc1ccccc1-c1ccc(C(C)Nc2n[nH]cc2C)cn1	0.034321
rxn:2:136436:89475	CCC(Nc1cc2ccn(C)c2cn1)C1CCN(C(CC)CC)C1	0.034315
rxn:2:93154:133007	Cc1cc(NC2CCN(Cc3ccsc3)CC2)nn1CC1CCOC1	0.034306
rxn:2:105718:76195	CCCOC(C)c1ccc(C)c(NC2CCCC3CN(C)CC32)c1	0.034298
rxn:2:115474:145837	COc1ccc2nc3n(c2c1)CCC3NCCC1COCC2(CCC2)O1	0.034296
rxn:2:133822:95262	COc1ccccc1N1CCC(NC2CC3CC(C2)c2ccccc23)C1	0.034292
rxn:2:135497:125172	COc1cc(C)c(C(NC2CC3COCC(C2)O3)C2CC2)cc1OC	0.034288
rxn:2:87821:82495	COC(CNCc1cn(CCC(C)(C)C)nc1C)C1CCCC1	0.034282
rxn:2:68962:122801	Cc1ccc(C(NCc2ncnc3[nH]cc(C)c23)C(C)C)o1	0.034281
rxn:2:77255:69691	COc1ccc2c(c1)CC(NC1CCN(C3CCC(C)CC3)CC1)CO2	0.034272
rxn:2:106640:103766	Cc1cccc2c1C(NCc1cn(CC3CCCCC3)nn1)CCS2	0.034272
rxn:2:136695:96375	CCC(CN1CCCC1C)NC(CCOC)c1ccccc1	0.034271
rxn:2:102346:132633	CC1CCC(C(C)NC2CCC3(CCCC3C)CC2)CC1	0.034266
rxn:2:75650:138438	CC(C)CCC(C)(C)CNC(c1nccn1C)C1CCOCC1	0.034262
rxn:2:69669:106260	CC(NC(C)c1ncnn1C(C)C)c1ccc2cc[nH]c2c1	0.034260
rxn:2:71785:114657	CN1CCCN(CC(NC[C@H]2CC[C@@H]3CCC[C@@H]32)c2ccco2)CC1	0.034259
rxn:2:128387:77978	CN1CC(Nc2ccccc2-c2ccc[nH]2)c2ccccc21	0.034252
rxn:2:126661:103228	CCC1SC(C)CC(Nc2ccccc2OCC(C)C)C1C	0.034242
rxn:2:133241:80829	CCc1nc(C(C)NC2CC3CCCC(C2)N3C(C)C(C)C)n(C)n1	0.034237
rxn:2:137956:158590	CC1(NC2CCCc3nc4ccccc4cc32)CCCCC1(F)F	0.034229
rxn:2:132505:138435	CC(CCCN1CCCCC1C)NCc1ccc2c(c1)CN(C)C2	0.034227
rxn:2:98081:157433	Cc1ccc(C)c(-n2ncc(C(C)NCC3(C)COCC(C)(C)O3)n2)c1	0.034221
rxn:2:103331:136505	COc1c(C)cc(C2CC2CCNC2CC3(C2)CC3(F)F)cc1C	0.034220
rxn:2:115534:77025	CCc1ccc(NC(C)CCCc2ccccc2)c(C)c1	0.034193
rxn:2:114905:93584	Cc1noc(NC2CCc3cc(N4CCOCC4)ccc32)c1CN(C)C	0.034187
rxn:2:74351:97068	CN1CC2COCC(CNC3CCOC(c4ccccc4)C3)(C1)C2(F)F	0.034173
rxn:2:80246:135748	CC(NC1CCC2OCCOC2C1)c1cccc(Oc2ncccn2)c1	0.034156
rxn:2:84730:116791	CCc1cnc(NC2CCN(c3ncc(C(C)(C)C)cn3)C2)c(CC)n1	0.034145
rxn:2:129109:136110	CCc1sc(C(C)C)cc1C(C)NC1CC1c1ccnn1CC	0.034139
rxn:2:119768:101188	Cc1cc(C)cc(C2(CNC3CCCC34CCN(C)C4)CCOCC2)c1	0.034139
rxn:2:136218:94914	Cc1cc(C)c(C(F)(F)CNC(C)c2cnn(C(C)C)c2)cc1C	0.034129
rxn:2:142203:69417	COc1nscc1C(C)N[C@@H](CC1CC1)c1cccc2c1OCO2	0.034117
rxn:2:124868:110873	CCc1ccncc1C(C)NC1CCC(C)(c2ccccc2)CC1	0.034109
rxn:2:91348:163643	Cc1nc(CNC(C)c2cccc(-c3cnn(C)c3)c2C)no1	0.034102
rxn:2:96206:107003	CC(C)c1cc(CNC2CCC34OCCC3CC24)n(CC2CCC2)n1	0.034099
rxn:2:72721:91473	COCC1CCC(NCc2c3c(nn2C)CCS(=O)(=O)C3)C2CCC12	0.034092
rxn:2:82105:76685	CCc1c(C)cccc1NC1CCN(c2ccc(C)cc2)C(C)C1	0.034067
rxn:2:126820:133085	CCC[C@@H]1CCCC1NC(C)c1nc(-c2ccccc2OC)no1	0.034056
rxn:2:71032:107085	CCCC(F)(CNC(C)c1cccc(OC)n1)c1ccccc1	0.034055
rxn:2:92189:117250	CCC(Nc1c2c(nn1C1CCOC1)CSC2)c1cn(C)nc1OC	0.034049
rxn:2:105511:96089	CC(CC1CCCCC1)NCCc1c2c(nn1C(C)C)CSC2	0.034041
rxn:2:105828:122030	CC(C)C(NC[C@H]1CC[C@H](C)CC1)c1ccn(CC2CCC2)n1	0.034037
rxn:2:141095:71515	COc1cccc(NC(C)c2sccc2-c2cccs2)n1	0.034032
rxn:2:130993:130027	CCC(CCS(C)(=O)=O)N[C@H](CC(C)C)c1cc(C)c(C)o1	0.034031
rxn:2:108824:77047	CC(NCCc1nccn1C(C)C)c1ccc2cnsc2c1	0.034021
rxn:2:110666:88612	CCc1ncc2nc(C(C)C)cc(NC3CCC4(CC3)OCC4(F)F)n12	0.034018
rxn:2:99611:113026	COCC(C)(C)n1cccc(NC2CC(C)Oc3cccc(C)c32)c1=O	0.033989
rxn:2:101674:133585	CC(C)C(Nc1nccn1CC1CCCO1)c1ccc2c(c1)CCC2	0.033989
rxn:2:74975:126806	CC(C)Cc1nc(CCNC(C)c2nc(C3CCC3)n[nH]2)co1	0.033981
rxn:2:67055:72219	CC1C2CC(CC2NC(Cc2ccccc2)c2ccco2)C1(C)C	0.033976
rxn:2:84132:84836	CCCC1CCC(NC2CCCc3nc(C4CCOCC4)sc32)C1	0.033970
rxn:2:141278:66938	CC(CCc1ccccc1)Nc1c[nH]c(=O)c2ccccc12	0.033969
rxn:2:141115:131126	COc1cc(C)cc(OC)c1[C@H](C)NC1C(C)(C)OC12CCCCC2	0.033940
rxn:2:106060:128871	COc1ccc2nc(C(C)NCC(F)CC3CCCOC3)sc2c1	0.033929
rxn:2:66575:117221	Cc1cc2c(cc1NC(C)c1n[nH]c3ccnn13)CN(C)CC2	0.033923
rxn:2:126805:135696	Cc1sc(NC2CCCc3c2ccc(=O)n3CC2CC2)nc1C(C)C	0.033923
rxn:2:70559:113236	CCCC(CNCc1ccc(-c2cccc(OC)c2)s1)OC	0.033913
rxn:2:136563:79705	CCC(CNCc1ccc2nccn2c1)c1ccc(C)cc1	0.033909
rxn:2:114464:136383	CCCC(Nc1nnc(C2CCCOC2)s1)C1CCCN1C1CC1	0.033895
rxn:2:72455:108269	CC[C@@H](NC(C)c1ncnc2[nH]ccc12)c1cccc(C)c1	0.033890
rxn:2:93125:76874	Cc1ccccc1C(Nc1ccc(-n2cncn2)nc1)C(C)C	0.033875
rxn:2:99671:83806	CC1Cc2cccnc2C1NCc1c[nH]cc1-c1cnn(C)c1	0.033870
rxn:2:98415:121109	C[C@@H]1CC(N[C@H](c2ccoc2)C2CCCCC2)c2ccccc21	0.033862
rxn:2:163288:92059	CC1CCc2nn(-c3ccccn3)c(NC3CCC(OC(C)(C)C)C3)c21	0.033857
rxn:2:100816:152230	CCC1COC(CNC(C)c2cccc(-c3sccc3OC)n2)C1	0.033846
rxn:2:73416:116039	Cc1cc(OCCC(C)N[C@H](C)c2nc[nH]n2)cc(C(C)C)c1	0.033845
rxn:2:96584:127877	Cc1ccc2c(c1)C(NC1CCCCc3nn(C)cc31)C(C)CS2	0.033820
rxn:2:107886:113700	Cc1nc(C(CCS(C)(=O)=O)NC2CC(CC(C)(C)C)C2)n(C)n1	0.033819
rxn:2:114937:140654	CC(C)c1cc(NCC2CCCC3(CCC3)O2)nn1C1CCCCO1	0.033794
rxn:2:128004:140638	Cc1ccc(C)c(SCCC(C)NC2CC2c2ccnn2C)c1	0.033791
rxn:2:91673:97420	CCc1ccc(C2CCCCC2Nc2ccc(C(C)C)nn2)cc1	0.033790
rxn:2:119992:88214	CCCC1CCC(C2CCC(Nn3c(C)csc3=N)CC2)CC1	0.033773
rxn:2:66233:131841	CCc1ccc(N(C)CC(C)(C)NC2CC3(CCN(C)CC3)C2)cc1	0.033769
rxn:2:77027:129042	CC1CCCc2ccccc2C1NC1CCCN(C2CCCC2)C1	0.033760
rxn:2:122784:153408	CSC1(CNC(c2cccc(C)c2)c2ccccc2C)CCC1	0.033757
rxn:2:102502:103762	COc1nccn2c(CNC(C)c3cnc(C)cc3C)nnc12	0.033748
rxn:2:69907:78122	C[C@@H](NC1CC(C(C)(C)C)C1)c1ccccc1OC1CCCC1	0.033747
rxn:2:160410:73337	COc1cc(-n2nc(C)c(C)c2NC2CC3CC2(C)CC3(C)C)ccn1	0.033729
rxn:2:75697:88822	CCCCc1ccc(NC2CC(OCC)C2(CC)CC)nn1	0.033725
rxn:2:133230:133601	Cc1nc(C2CC2)sc1CNC(C)c1c(C)oc2c1CC(C)CC2	0.033720
rxn:2:140035:136252	CCCC(C)N1CCCC1CNc1ccccc1N1CC2CC2C1	0.033718
rxn:2:104089:72146	Cc1ccccc1C(C)NC(C)CN1CCCC(N2CCCCC2)C1	0.033703
rxn:2:79367:94833	Cc1ccc(OCC(NC2CCCc3[nH]c(C)nc32)C(C)(C)C)cc1	0.033696
rxn:2:76273:96655	CCCC1CCC(NCCn2nnnc2Cc2ccccc2)CC1	0.033696
rxn:2:98395:91878	Cc1cccc(OCC2CCCCC2)c1NC1COc2ncccc21	0.033694
rxn:2:87185:115662	COc1ccccc1C1CCC(CNC2CC[C@@H]3CCC[C@@H]3C2)C1	0.033688
rxn:2:111056:101715	CC(NC[C@@]1(C)C[C@H]1c1ccccc1)c1cccc(S(C)(=N)=O)c1	0.033665
rxn:2:121782:108204	CC(CNC1CCc2cscc2C1)c1ccc(OC(C)(C)C)cc1	0.033660
rxn:2:104941:122662	Cn1ccnc1C(NCCC1CC2(CCCCC2)C1)c1cccs1	0.033638
rxn:2:126607:94193	c1cc(C2CC2)cc(-n2cc(NCC3CCCN3CC3CC3)cn2)n1	0.033627
rxn:2:139624:137707	CC(C)C(CNC1CCC2CCC1CC2)N1CCc2ccccc2C1	0.033627
rxn:2:119360:78641	CCc1nnc(C)n1CCNC(CCc1ccccc1)C1CC1	0.033621
rxn:2:133188:118007	CCCCc1cnc(NC2CCN(CCOC)C3CCCC23)[nH]1	0.033601
rxn:2:129520:109106	COc1cc2[nH]cc(C(C)NCC3CC3C3(C)CCOCC3)c2cn1	0.033600
rxn:2:71002:75433	Cc1nc(CNC(C)c2cncc3nccnc23)c(C(C)C)s1	0.033597
rxn:2:92753:116010	C=C=Cc1ccc2c(c1)C(Nc1cnn(CC3(F)COC3)c1)CCC2	0.033587
rxn:2:99208:77199	COc1ccc2c(c1)CCC2NCC1CCCN(CC2CCCC2)C1	0.033576
rxn:2:135084:79084	CCOc1ncnc(OCC)c1NC1CC2C(CC1C)[C@@H]1CC[C@H]2C1	0.033572
rxn:2:124515:92329	CCC(NC1(C)CCC(C)C(C)C1)c1cnc(SC)cc1C	0.033568
rxn:2:101882:88932	Cc1ncc(C2CC2CNC(C)c2cn3cnnc3cn2)cn1	0.033567
rxn:2:70848:71154	CCC1(C)OC(C)(CC)C1Nc1nnc(C2CCC(F)(F)CC2)s1	0.033557
rxn:2:95655:74336	CCOC1CCCC1NC(C)C(N1CCCN(C)CC1)C(C)(C)C	0.033544
rxn:2:133132:110670	COc1cc(OC)cc(-c2cc(NC3CCC4SCCSC34)no2)c1	0.033542
rxn:2:124602:92369	c1cncc(C(CC2CCC2)Nc2nn(C3CC3)c3c2C2CC2C3)c1	0.033530
rxn:2:103199:96208	COc1ccc(-c2sccc2NC(CC2CC2)C2CC2)cc1	0.033510
rxn:2:70860:158766	Cc1nc2nnc3c(n2n1)CCCC3Nc1noc2c1CCC2	0.033509
rxn:2:116289:115731	Cc1noc(CSc2ncccc2NC2CCCN(C(C)C)C2)n1	0.033490
rxn:2:115487:91619	CCOC1(CC(C)N[C@@H](c2ccncc2)c2ccsc2)CCC1	0.033489
rxn:2:89834:98070	CCCc1[nH]c(=O)c(CNC(CC)c2nc(C)cs2)cc1CC	0.033487
rxn:2:139787:85320	Cc1nc2ccc(C(C)NCC3CCc4ccccc43)cc2o1	0.033480
rxn:2:107096:74213	COc1cccc2c1OC(C)(C)CC2N[C@@H]1CCCC[C@H]1N1CCCC1	0.033472
rxn:2:122046:132717	Cc1cnc(NC(C)c2ccccc2OCCC(C)(C)C)c(C)n1	0.033471
rxn:2:84403:109662	CCC(NC1(CC(C)C)CCOCC1)C(C)(C)c1ccccc1	0.033470
rxn:2:103189:68945	CC(NCCc1nn(C(C)C)c2c1CN(C)C2)c1cnoc1C1CC1	0.033466
rxn:2:130818:136071	CCN1c2ccccc2CC1CN[C@H](C)c1ccc2c(c1)OC(F)(F)O2	0.033465
rxn:2:66107:72538	CC(C)OCC(NCCc1nnc(C2CC2)o1)c1cccn1C	0.033463
rxn:2:66388:115773	Cc1ccc(-c2nccc(CNC3CCc4c3cnn4C)n2)cc1	0.033462
rxn:2:93344:130338	Cc1cc2c([nH]1)CCCC2NC(C)c1ccc2cnn(C)c2c1	0.033462
rxn:2:108333:73791	COc1ccc(C(C)NC2CCN(CCn3ccnc3C)C2)c(C)n1	0.033445
rxn:2:89788:111573	CCc1c(CNC2CCN(C34CC(C3)C4)CC2)cnn1-c1ccncc1	0.033429
rxn:2:93654:69480	CC(C)C(Cc1cnn(C)c1)C(C)NC1CCCC(n2cccn2)C1	0.033422
rxn:2:70724:141963	CC(Nc1ccc2ncnc(=O)n2c1)c1cc(C(C)(C)C)ccn1	0.033420
rxn:2:114133:77902	CC1CC(NCCc2nc(Cn3cccn3)n[nH]2)CCN1C(C)(C)C	0.033417
rxn:2:94140:110386	C=C=Cc1ccc2c(c1)CCC2N[C@@H](c1ccoc1)C1CCC1	0.033409
rxn:2:96782:97325	CC(C)CC[C@H](NC1CCCN(c2ncccn2)C1)c1ccccn1	0.033401
rxn:2:96994:106694	Cc1cc(C(C)NC23CC4CC(C2)CC(C(C)C)(C4)C3)c2ncnn2c1	0.033396
rxn:2:113572:104315	Cc1nc2c(C(C)NCc3cnn4c3CC(C)CC4)cccn2n1	0.033391
rxn:2:134764:66090	Cc1c(CS(=O)(=O)C(C)(C)C)cccc1NC1CCC12CC(F)(F)C2	0.033380
rxn:2:86265:133936	CCCn1ccc(C(C)NCC2(OC)CCCS(=O)(=O)C2)cc1=O	0.033379
rxn:2:96600:130379	CCC1CCN(C(C)(CNC2CCCc3ccncc32)C2CC2)CC1	0.033364
rxn:2:95641:132126	CCCn1cc(CNC(C)c2ccc(N3CCC(C)C3)nc2)c(C)n1	0.033364
rxn:2:109944:128741	CCC[C@@H](NC1CCC(CC2CCOC2)CC1)c1ccc(C)o1	0.033363
rxn:2:140401:135581	CCN(CC)c1ccc(C(C)NC2(c3cn(C)nn3)CCC2)cc1C	0.033359
rxn:2:91571:132273	Cc1csc(C(NC(Cc2ccccc2)C(C)C)C(C)(C)C)n1	0.033358
rxn:2:81426:85671	CN1CCC(NC2CCN(CCCC3CCCC3)C2)C12CCCC2	0.033354
rxn:2:99552:131323	CC(N[C@@H]1C[C@H]2CC(F)(F)[C@H](F)[C@H]2C1)c1ncccc1-c1cccnc1	0.033350
rxn:2:83463:132205	Cc1ccc(C)c(C(N(C)C)C2(NC3CC(c4nncn4C)C3)CC2)c1	0.033336
rxn:2:97089:141131	CC(C)Oc1ccc(C(C)Nc2cccc3c2OCCC3(F)F)nc1	0.033325
rxn:2:104096:92401	CCc1nn(CC2CC2)c(NC2CCCC(OC)C2)c1C1CCC1	0.033323
rxn:2:132953:84154	CC(NCc1cn(C)nc1C1CC1)c1ccc(N2CCN(C)CC2)cc1	0.033319
rxn:2:131661:73125	CCCC(Nc1c(C(C)C)c(C)nn1CCC)c1cscn1	0.033295
rxn:2:96513:135341	CCC(CC)n1nc(C)c(C(C)(C)C)c1NC1CC2ON=C(C)C2C1	0.033269
rxn:2:139927:100976	Cn1cc(CNC2CC3CCC(C2)N3CC2CC2)c(-c2ncccn2)n1	0.033265
rxn:2:135954:94534	COc1cccc(C2CCCCC2Nc2ccnn2C2CCCOC2)c1	0.033249
rxn:2:71001:96245	COc1nc(C)ccc1C(C)NCCc1cc(C2CCCOC2)no1	0.033244
rxn:2:133340:91784	CCC(CSc1ccc(OC)cc1)NC(C)(C)c1nnc[nH]1	0.033243
rxn:2:95608:89673	Cc1ccc(C)c(CCC(Nc2cc(C3CC3)n(C)n2)C2CC2)c1	0.033230
rxn:2:70761:74595	CCC(CNC1CC[C@@]2(C(C)C)C[C@H]12)OC1CCCCC1C	0.033225
rxn:2:94005:116608	COc1cnc(C(C)NC2CC2c2ccc(OC(C)C)cc2)c(C)n1	0.033210
rxn:2:126002:101716	CCC(C)CC(C)(NC1CCCC2(C)CC12)c1ccccc1	0.033199
rxn:2:126173:97325	CCCCN(C)c1ccc(NC2CCCN(c3ncccn3)C2)nn1	0.033190
rxn:2:95545:133085	CCC[C@@H]1CCCC1Nc1cc(CC)nn1-c1ccc(CC)nc1	0.033187
rxn:2:140326:118795	Cc1cc(N2CCCN(C)CC2)ccc1NC(C)c1cnn2c1OCCC2	0.033186
rxn:2:91879:139743	CC(C)CC(Nc1nc(-c2cn(C)cn2)n[nH]1)c1cscn1	0.033184
rxn:2:99179:130381	Cc1noc(C(C)(C)CNC(C)c2cc(C)c3c(c2C)CCCCO3)n1	0.033172
rxn:2:98076:89119	COc1cn(C)c(CNC2CCCc3c(OC(C)C)cccc32)cc1=O	0.033168
rxn:2:110451:120905	CC(NC1CC(c2ccccc2)C1)c1cc2sccc2n1C	0.033165
rxn:2:97036:118386	CC(NC1CCCN(c2cn(C)nn2)C1)c1ccccc1N(C)C(C)C	0.033163
rxn:2:107362:133325	CCCc1cnc(NC(CCC(C)C)Cc2ccsc2)o1	0.033147
rxn:2:125793:112142	CCOc1ccc(CCC(C)Nc2ccc(C3COC3)cn2)cc1	0.033137
rxn:2:77959:73474	CCCC(Nc1cc(C)cc2oc(CC)nc12)C1CCCN1CC	0.033112
rxn:2:132282:92210	CCCC1(CNC2CCN(c3cccc(OC)c3C)CC2)CCC1	0.033108
rxn:2:122360:114800	CCC(C)(C)C1CCC(Nc2cc(C)cc(S(=O)(=O)F)c2)CC1	0.033107
rxn:2:118535:135929	Cc1cn(C2CCOC2)nc1NC(C)c1sc(CC2CCC2)nc1C	0.033105
rxn:2:110657:168139	Cc1cccc(C)c1-n1ccnc1C(C)NCC12CCCC(C)(CO1)C2	0.033104
rxn:2:114693:132499	CC(C)CN1CC(NCc2cn3nc(C4CC4)ccc3n2)CCC1(C)C	0.033075
rxn:2:113369:99708	CCC(C)N1CCC(NC(c2cccnc2)c2ccncn2)CC1(C)C	0.033074
rxn:2:117270:132495	Cc1ccc(CCC(NCC2CCCCN2C)C2CCC2)c(C)c1	0.033073
rxn:2:85091:134571	Cc1ccccc1C1CCC(NC2CCCn3c2nc2c3CCCC2)C1	0.033071
rxn:2:83072:142021	CCCCN1CCc2ccc(NC(CCC)c3ncco3)cc21	0.033064
rxn:2:84801:81613	CCCS(=O)(=O)c1ccccc1NC1CCC(C)(N2CCCC2)CC1	0.033049
rxn:2:96081:81272	Cc1cccc(CN2CCCC2CNC(C)c2c(C)nn3c2CCC3)c1	0.033045
rxn:2:115408:105906	Cc1ccc2oc(C(C)Nc3ccccc3CN(C)C)cc2n1	0.033024
rxn:2:105691:91703	CC1(C)CN(CC2(CNC3CCCC4(CCC4)C3)CCOC2)CCO1	0.033019
rxn:2:93071:110985	Cc1nc(-c2ccsc2)sc1C(C)NC1CCc2[nH]nnc2C1	0.033013
rxn:2:90669:93300	CCCC(Nc1nc(=O)n(CCC)s1)c1cnccc1OCC	0.033010
rxn:2:84545:112291	CCc1ccc(NC2CCN(C3CCCC(C)C3)CC2)cc1CC	0.033008
rxn:2:76836:121694	CN(C)CCN1CCCC1CNC(CC(C)(C)C)c1ccncc1	0.033007
rxn:2:120080:107059	CC(F)(F)c1cncc(CNC2c3ccccc3OCCC2(F)F)c1	0.032977
rxn:2:111022:89199	COc1ccc2c(c1)OC[C@H](NC(c1ccc(N(C)C)cc1)C1CC1)C2	0.032970
rxn:2:106986:98098	CCn1ccc2cccc(NC(C3=NCN=N3)c3ncn[nH]3)c21	0.032966
rxn:2:131994:141277	CC(NC1(Cc2cscn2)CC1)c1ccc(CN2CCOCC2)cc1	0.032962
rxn:2:122529:105881	CCOc1cccc(CNC(C)c2cnc3ncnn3c2C)c1	0.032958
rxn:2:138359:113115	c1ccc(C(COC2CCCCC2)NC2CN([C@H]3CCOC3)C2)cc1	0.032955
rxn:2:75487:108960	Cc1nc(=O)n(C2CC2)c(C)c1CCNC1CCN(CC(C)C)CC1	0.032954
rxn:2:88961:74957	COc1ccncc1CNC(c1cccn2ncnc12)C(C)C	0.032952
rxn:2:127626:128323	CCCn1ncc(C(C)NC[C@@H]2CCCN2C(C)C)c1OCC	0.032952
rxn:2:122165:67839	CC(NCC1(c2ccon2)CC1)c1ccc(-n2cccn2)cn1	0.032950
rxn:2:95966:116613	COCC(NCc1nc(-c2ccccc2)no1)c1cccs1	0.032947
rxn:2:138176:83404	CC(C)n1cc2c(n1)CCC(NCc1cn(C3CCC3)nc1C1CC1)C2	0.032938
rxn:2:90542:95165	CCC(Nc1ccn(-c2ccnnc2)n1)c1cn(CC)nc1C	0.032934
rxn:2:129758:76719	CN1C2CCC1CC(CNC1CC3CCCN(C3)C1)(N(C)C1CC1)C2	0.032931
rxn:2:66422:122570	O=c1nc2c(c(NC3CC(Cc4noc(C5CCC5)n4)C3)[nH]1)CCCC2	0.032919
rxn:2:103659:131405	CC(NC1CC(C(C)C)CN(c2ccsc2)C1)c1ccc2c(n1)OCO2	0.032918
rxn:2:75914:139904	CCOc1ccc(C)cc1C(COC)Nc1cnc(SC)s1	0.032909
rxn:2:118419:71055	CCN(CC)c1ncc(C(C)Nc2cncc3c2N(C)CCC3)c(C)n1	0.032906
rxn:2:79670:71622	CCn1c(CN(C)C)nc2cc(NC3CCCCC3C(C)C)ccc21	0.032903
rxn:2:84557:106256	CC(C)Sc1ccc(C(C)Nc2cc3n(n2)CCCCC3)cc1	0.032894
rxn:2:130860:140702	Cc1cncc(NC(CC2CCOCC2)C(C)(C)C)c1-n1nccc1C	0.032891
rxn:2:117485:109061	FC1(F)CN(Cc2ccccc2)CCC1NC1(c2nn[nH]n2)CCCC1	0.032890
rxn:2:115418:94517	CCN1CC[C@@H](NC(CCN(C)C)c2ccccc2OC)[C@@H](F)C1	0.032888
rxn:2:110909:82031	COc1cnc(C(C)Nc2c(SC)cnn2C(C)C(C)(C)C)cn1	0.032883
rxn:2:114019:123273	CC(C)CC1(NC(CCOC(C)C)C(C)C)CCCC1	0.032880
rxn:2:76395:70236	CCCCC(NCC1(CN2CCCC2)CCC1)c1cnn(C)c1	0.032879
rxn:2:102757:138465	O=S(=O)(CCNC1CCC12CC1(CCC1)C2)c1ccc2c(c1)OCCO2	0.032873
rxn:2:67536:92553	CO[C@H](CNc1ccccc1SCC1CCOCC1)C(C)C	0.032867
rxn:2:109214:91616	CN(C)CCN(C)c1ncccc1NC1c2ccccc2CCC12CC2	0.032862
rxn:2:134500:75352	CCCCC(N[C@H]1C[C@@H]2C[C@H]([C@H]1C)C2(C)C)c1ccccc1	0.032860
rxn:2:98905:137859	CCn1nc(NC(C)c2cc3ccccc3n2C)cc1C1CC1	0.032855
rxn:2:135182:74464	Cc1cccc(N2CCC(NC(C)C3CCCN(C4CCC4)C3)CC2)c1	0.032830
rxn:2:101860:124533	COCC1C(F)(F)C12CCC(Nc1cnc(OC(C)C)c(C)c1)CC2	0.032827
rxn:2:105547:106896	CCC(C)CN1CCC(NC2(C3CC3)CCCCCC2)CC1	0.032821
rxn:2:73737:124900	CCS(=O)(=O)C1CCC(Nc2c(-c3cccs3)ncn2C2CC2)CC1	0.032818
rxn:2:126761:136061	COc1ccc(C(NC(C)c2ccno2)c2ccccn2)cn1	0.032802
rxn:2:110628:137285	COc1ccc([C@H](C)NC2CCC(N(C)c3ncc(C)cn3)CC2)cc1	0.032797
rxn:2:109074:118971	COc1cnc(CC(C)C)cc1CNC1CC(n2nn[nH]c2=O)C1	0.032780
rxn:2:86466:132211	CC1CN(C(C)C)C(C)CC1Nc1ncnn1-c1ccnc(C(C)(C)C)c1	0.032777
rxn:2:125534:121611	CCCC(NC1CN(Cc2ccccc2)CC12COC2)C(C)CC	0.032774
rxn:2:117285:135605	Cc1nn(CC2CC2)c(NC2CCCC2C(C)(C)C)c1C(C)(C)C	0.032763
rxn:2:81120:94656	CC1CC1COc1ccc(NC2CCC(F)(C(C)C)CC2)cc1	0.032763
rxn:2:141087:70097	COc1cn2c(NC(C)c3cc(C)sc3C(C)C)cnc2cn1	0.032736
rxn:2:136976:102712	Cc1c(NC(c2cccnc2)C2CCOCC2)cnn1C1CCSCC1	0.032727
rxn:2:128755:128228	CC(Nc1nncc2cscc12)c1cc(C2CCCOC2)nn1C	0.032725
rxn:2:97106:126405	CC1(C)CC(Nc2nnc(CCC3CCCCC3)s2)C(C)(C)C1	0.032703
rxn:2:122733:104380	CCCC(NCc1cc(COc2cccnc2)oc1C)C1CC1	0.032703
rxn:2:135762:84923	CC1CC(COc2cccc(C(C)N[C@@H](C)c3cccnc3)c2)C1	0.032701
rxn:2:133562:68328	Cc1ccsc1C(F)CNC(C)c1ccc2ccccc2n1	0.032693
rxn:2:115442:122010	CCCC(NCc1ccc2oc(=O)[nH]c2c1)c1cc(C)cs1	0.032677
rxn:2:121380:99164	CC1(C)CC2(CN(CCNC3CCOC4(CCCCCCC4)C3)C2)C1	0.032671
rxn:2:88538:105846	CC(C)(C)c1cc(NC2CC3CC2(C)C3)cc(C(C)(C)C)c1	0.032659
rxn:2:93009:116989	FC1(F)CC12CCCC(CNC1CCCc3nccc(C4CC4)c31)C2	0.032648
rxn:2:96485:121798	CN(C)C1CCCC(NC2CCCC(n3ncnn3)C2)(c2ncc[nH]2)C1	0.032628
rxn:2:67765:79462	CN(C)C1CCN(C(C)(C)CNC2CCCCC2S(C)(=O)=O)CC1	0.032616
rxn:2:133343:108255	COc1cc(C(NCc2ccn3ncncc23)C(C)C)ncn1	0.032613
rxn:2:97265:96655	CCCC1CCC(NCCC23CC4CCC2(C)C4(C)CO3)CC1	0.032609
rxn:2:71544:126409	CCCC(CCS(C)(=O)=O)NCc1cc(C2CCCC2)n(C)n1	0.032609
rxn:2:88654:104508	Cc1cc(Cn2cc(NC(c3ncco3)C(C)C)nn2)n(C)n1	0.032605
rxn:2:78309:132559	CN1CCC(N2CCC(NCc3cncc4c3CCCCCC4)CC2)CC1	0.032603
rxn:2:115559:114013	CSc1ccccc1C(NCC(C)(C)n1ccncc1=O)C1CC1	0.032603
rxn:2:69162:70454	CCC(C)N(C)c1ccccc1C(C)NC1CCC2CCCCN2C1	0.032595
rxn:2:136279:91367	CC(C)(C)C1CC(Nc2nn(C3CCCC3)c3nccnc23)C12CCC2	0.032588
rxn:2:118895:128614	CCC1CC(Cn2cc(C(C)NC(C)c3cc(C)oc3C)cn2)C1	0.032585
rxn:2:113155:87256	CCn1ncc(NC(C)c2cc(CN3CCOCC3)cs2)c1C1CC1	0.032575
rxn:2:130694:87772	Cc1cncc(C2CC2CNC(C)c2ccn3nc(C)cc3n2)n1	0.032575
rxn:2:74166:88539	CCc1conc1NC(C)CCC(C)c1c(C)cccc1OC	0.032573
rxn:2:77616:76860	Cc1ccc(N(C)CCCC(C)NCC23CCOCC2C3)cc1C	0.032566
rxn:2:107371:69126	Cc1cnc(C)c(C(Nc2ccc(=O)n3cc(C)sc23)C(C)C)n1	0.032558
rxn:2:136970:124247	c1ccc2c(c1)CCN2C1CCC(NCC2CC3(CCOCC3)CO2)CC1	0.032557
rxn:2:78705:68266	CC(C)Oc1ccc(C(N[C@@H]2CCC(C)(C)C2)C(C)(C)C)cc1	0.032546
rxn:2:130088:105727	CC(C)c1ccc(C2CC2CNC2CCCCC2n2ccnc2)cc1	0.032546
rxn:2:113557:129471	COCCC(NCCn1nc(-n2ccnc2)ccc1=O)C(C)C	0.032544
rxn:2:92550:115646	Cc1ccc(C(C)NC(C)CN2CC(C)OC(C)(C)C2)c(=O)n1C1CC1	0.032538
rxn:2:78530:90609	CCc1ccc(OCC(C)C)c(NC2CCN(c3ncc(C)o3)C2)c1	0.032536
rxn:2:114718:125234	Cc1cc(C)nc(O[C@H]2CC[C@H](NC3CC[C@@]4(C)CCC[C@H]4C3)CC2)n1	0.032535
rxn:2:85319:137060	CC(C)CC1(CNC2CCN(Cc3ccccc3)C2C(C)C)N=N1	0.032532
rxn:2:75062:68203	CCCOc1cc(NC2CCc3c2ccc(OC)c3OC)c(C)cn1	0.032523
rxn:2:133543:136237	COc1ccc(C)c(CNC(C)c2ccc3[nH]cc(C)c3c2)n1	0.032505
rxn:2:138330:96135	CCC(NC(C)c1nnc2nc(C)cc(C)n12)c1ccnc(C)c1	0.032503
rxn:2:95590:114510	COc1cc(C(C)Nc2cc(C(C)C)nn2C2CCSCC2)ccn1	0.032495
rxn:2:126247:98427	CS(=O)(=O)c1nccc(NC(c2cccs2)c2cccs2)n1	0.032490
rxn:2:142790:116008	CC(C)CN1[C@@H]2CC[C@H]1CC(NCCn1ncc3c(=O)n(C)cnc31)C2	0.032490
rxn:2:123358:117724	CN1c2ccccc2CCC1CNc1cc(-c2ccncn2)cs1	0.032486
rxn:2:131012:71909	Cc1nc(C(C)C)oc1C(C)NCn1cnc2ccccc2c1=O	0.032485
rxn:2:115917:69852	Cc1ccc(C)c(C(CSC(C)C)NC2CCC3(CC2)COC3)c1	0.032466
rxn:2:133261:122072	COc1ccc2nc(NC(C)c3ccccc3C3COC3)cn2c1	0.032448
rxn:2:92495:109866	COc1ccc(NC(C)c2cnn(C3CCOCC3)c2C)c(OC)c1C	0.032438
rxn:2:98016:94914	Cc1c(-c2cn(C)nn2)nn(C)c1NC(C)c1cnn(C(C)C)c1	0.032427
rxn:2:156974:66209	Cc1ccc2c(c1)c1c(n2C)C(NC2CCCN(C(C)(C)C)C2)CCC1	0.032427
rxn:2:89487:97366	Cc1ccc(-c2cc[nH]c2)c(C(C)NC2C(C)(C)OC23CCCC3)c1	0.032423
rxn:2:116692:104729	CCN1CC(CNC2CC(C)S(=O)(=O)c3ccccc32)Cc2ccccc21	0.032419
rxn:2:134121:79812	CCC(Cc1cc(OC)ccc1OC)NC1CCc2[nH]nc(C)c2C1	0.032417
rxn:2:115823:102299	CCCC[C@H](NC(C)CCc1ncnn1CC)c1ccsc1	0.032416
rxn:2:90087:91473	COCC1CCC(NC2CCCC(N3CCC(C)CC3)C2)C2CCC12	0.032415
rxn:2:138360:73313	Cc1cccc(OCC2CC(NC(C)CN3CCC4(CC3)CC4)C2)c1	0.032410
rxn:2:115072:83613	CCCc1cc(C(C)NC(c2n[nH]c(C3CC3)n2)C(C)C)n(C)n1	0.032409
rxn:2:131535:128053	CCN(CC)CC1CCCC1NCc1cn[nH]c1-c1ccccc1	0.032401
rxn:2:133482:114841	CCOc1ccc(NC(C)CCC2(C3CCCCC3)COC2)nn1	0.032395
rxn:2:75269:106165	CCc1cn(CCNC2CC3CCCC(C2)N3c2ccccc2)c(=O)s1	0.032388
rxn:2:96511:134019	CCOCC(NCC1CC2CS(=O)(=O)CN2C1)c1nnc(C)o1	0.032386
rxn:2:121088:79462	COc1cc(NC2CCCCC2S(C)(=O)=O)cc(-c2ccc(C)cc2)c1	0.032378
rxn:2:84427:88938	CC(C)C(Nc1nc2c(s1)CCN(C)C2)c1cnc(N2CCOCC2)s1	0.032373
rxn:2:120847:127100	CCCOc1ncccc1NC(C)c1sc(C2CC2)nc1CC	0.032349
rxn:2:128337:128598	c1ccc(Cc2noc(CNC3CCCC3N3CCCSCC3)n2)cc1	0.032340
rxn:2:90249:102479	CC(C)c1coc(NC(CCc2ccccc2)C2CCCC2)n1	0.032321
rxn:2:100525:91582	Cc1ccc(C2CC(NCC(F)(F)CN3CCCC(C)C3C)C2)cc1	0.032294
rxn:2:146801:123226	CC(C)c1nn2c(NC(C)c3cnccn3)ncnc2c1C(C)C	0.032278
rxn:2:121710:166167	CN(C)CCN1CCCC(C)(NC2CCc3c(ccc4ccccc34)C2)C1	0.032277
rxn:2:80380:80964	COc1ccccc1CC1(CNC2CCc3[nH]c(=O)ccc3C2)CCC1	0.032272
rxn:2:123283:82350	COc1cc(C(F)(F)CNC(C)c2cnc(C(C)C)nc2)ccc1C	0.032269
rxn:2:124576:120577	Cc1c(NC2CC(C3CCCC3)n3nccc32)cccc1OC(C)C	0.032265
rxn:2:95911:91214	COc1ncc(C)cc1C(C)NCc1nc(CC(C)(C)C)nc(C)c1C	0.032250
rxn:2:87275:123244	CC12CCC(CNC3CCC4(CC3)OCc3ccccc34)(CC1)CC2	0.032244
rxn:2:97488:129379	CCCOc1cccc(C(CC)NCC(C)(C)c2nc[nH]n2)c1	0.032243
rxn:2:112419:70170	CC(C)CC(CNc1cnc2c(c1)ncn2C)c1ccccc1	0.032239
rxn:2:153727:70056	CCc1c(C)nn(-c2ccnc(C)c2)c1NC1CCCCC1OC1CC1	0.032225
rxn:2:113259:116635	COC(CNC1CCN(C2(c3ccccc3)CC2)CC1)c1cccs1	0.032215
rxn:2:134045:93240	CCCC(NC(C)CC(C)(C)C(C)(C)C)c1nncn1C1CC1	0.032214
rxn:2:137702:82593	CCOc1c(C(C)NC2CC3c4ccccc4CCC23)c(C)nn1CC	0.032213
rxn:2:116621:78538	CCCOC1CC(NC(C)c2ccc(-c3sccc3C)cc2)C1	0.032212
rxn:2:124825:85238	Cc1ccc(N2CCOCC2)cc1NC1CCCC1SC1CCOCC1	0.032211
rxn:2:113152:75080	CCc1c(NC(C)c2cc(C)cn2C)cnn1-c1cnccc1C	0.032207
rxn:2:79764:73153	COc1cc(OC)cc(-c2cnc(NC3CCN(C4COC4)CC3)s2)c1	0.032205
rxn:2:72114:115761	CC1C(Nc2cncc3[nH]cnc23)CCCN1Cc1ccccc1	0.032204
rxn:2:98137:96622	CCOC1CCCC1NC(C)c1cc(C)n(C2CCCCC2)c1C	0.032202
rxn:2:140749:82937	CN1CCCC(CCNC(c2cccs2)C2CC2)C2CCCCC21	0.032189
rxn:2:127834:135594	CC(C)N1CCC(NC2CCOC3(CCC(C(C)(C)C)CC3)C2)CC1	0.032187
rxn:2:142191:130327	COc1nc(OC)c2c(n1)C(Nc1ncnc3[nH]ncc13)CC2	0.032187
rxn:2:72044:139177	COc1cc(C(C)C)ccc1C(C)Nc1cccc(N2CCCC2)n1	0.032184
rxn:2:68884:136336	CC(C)S(=O)(=O)C1CCC(NC2CCCCC2N2CCCCC2)CC1	0.032179
rxn:2:82430:106809	Cc1ccc(C(CCN(C)C)Nc2nsc3cccnc23)cc1	0.032179
rxn:2:127315:92796	CCCn1nc(C(C)C)c(CC)c1NC1CCOC2(C1)CC(OC)C2	0.032175
rxn:2:126483:97480	CCC(NCc1cc(-c2cccnc2)ncn1)c1cc(C)cs1	0.032168
rxn:2:115800:98223	COc1ccc(C2CCCC2NC2c3c(C)nn(C)c3CC2C)cc1OC	0.032155
rxn:2:140124:116137	CC(NC(c1ccco1)C(C)(C)C)c1cccc2cnsc12	0.032148
rxn:2:68038:90279	Cc1cc(C)c2c(c1)C(Nc1ccc3c(c1)N(CC(C)C)CC3)CC2	0.032110
rxn:2:157418:75009	CCc1cc2nc3c(c(NC4CCCC4CCC(C)C)n2n1)COCC3	0.032089
rxn:2:72740:126736	CCC(Nc1ccc2c(c1)CCC1(CCC1)O2)[C@H]1C[C@@H](C)O[C@@H](C)C1	0.032058
rxn:2:70244:116994	c1ccc([C@H]2CCCC(Nc3ccc(C4OCN5COCC45)cc3)C2)cc1	0.032048
rxn:2:89660:105230	CCCN1C(CC)CCCC1CNc1cccnc1-c1cccnc1	0.032038
rxn:2:79775:134971	CC1(C)CC(CNc2ccc(OC3CCOCC3)nn2)c2ccccc2O1	0.032035
rxn:2:127798:123215	CCCCC(Nc1cc(CC)[nH]c(=O)n1)c1ccc(C)cc1OC	0.032008
rxn:2:141035:132416	c1ccc(COC[C@H]2C[C@@H](NC3CCCCC3C3CCCO3)C2)cc1	0.032005
rxn:2:125205:130166	Cc1cccc(CC(NCC(C)N2CC3(COC3)C2)c2cccnc2)c1	0.032005
rxn:2:83282:74484	CCC(CN(C)Cc1ccsc1)NCc1[nH]nc2c1CC(C)CC2	0.031979
rxn:2:79216:104454	Cc1nc(OC(C)C)nc(C)c1NC1CC2(CCOCC2)c2ccccc21	0.031963
rxn:2:127646:97420	CCc1ccc(C2CCCCC2Nc2ccnc(S(=O)(=O)F)c2)cc1	0.031960
rxn:2:137063:94272	COc1ccccc1CC1CCCC1NCCC12CCC(C)(C1)OC2	0.031939
rxn:2:86061:166485	Cc1ccc2c(c1)OC[C@H]2NC1CCc2c1n(C)c1ccccc21	0.031930
rxn:2:122595:73810	CN(C)c1cccc(C2CC2CNC2c3ccccc3C(C)(C)C2F)c1	0.031927
rxn:2:166944:109651	FC1C2CCC1CC(Nc1cnn(-c3nc4ccccc4s3)c1)C2	0.031917
rxn:2:72525:92245	COCCc1cc(NC2CC[C@@H]3CCN(Cc4ccccc4)[C@H]23)n(C)n1	0.031913
rxn:2:94713:104380	CCCC(Nc1csc(C23CC4CC(CC(C4)C2)C3)n1)C1CC1	0.031910
rxn:2:73703:122985	CCOCc1cccc(NC(CC(C)C)c2ccccc2)c1	0.031905
rxn:2:108528:100235	Cc1ccc2oc(C(C)Nc3ccnn3CC3CCOC3)cc2c1	0.031897
rxn:2:88672:67347	c1csc(C(Nc2coc3ccncc23)C2CN3CCC2CC3)c1	0.031897
rxn:2:136691:88955	Cc1ccc(Oc2ccc(NC(C)c3ccc(C)[nH]3)cc2)nn1	0.031897
rxn:2:165842:73649	CS(=O)(=O)c1ncnc2ccc(NC(CC3CCCO3)C3CC3)cc12	0.031880
rxn:2:117504:139845	CCc1cc(C(NCC(F)c2c[nH]cn2)C2(C)CC2)ccc1OC	0.031865
rxn:2:119653:100597	CCn1c(C)cc(C(C)NC(C)c2ccc3cn[nH]c3c2)c1C	0.031862
rxn:2:92903:91200	CSc1nc(C)cc(C(C)NCC2CCCCN(C)C2)n1	0.031854
rxn:2:135545:70459	CCN(CC)CC1CCCCC1Nc1ccc2c(n1)CCCC2(F)F	0.031845
rxn:2:103763:87779	N=S1(=O)CCC(Nc2ccn(-c3cncnc3)n2)c2ccccc21	0.031825
rxn:2:84871:90942	CC(NCCC1CC1c1cnccn1)c1ccc2nn[nH]c2c1	0.031803
rxn:2:110723:109037	FC(F)(CNCC1CCCN1C1CCCC1)CN1CCCCCC1	0.031802
rxn:2:85453:126420	CC(C)(CCN1CCCCC1)NC(CC1CC1)C1=NCCCC1	0.031800
rxn:2:113893:158412	Cc1ccc2c(c1)c(C(C)NCC1(c3ccon3)CCC1)cn2C	0.031800
rxn:2:138301:95116	CCN1CC(C)(C)Oc2cccc(NC3CCCCC34CCCCO4)c21	0.031780
rxn:2:68519:102723	CN(C1CCCC1)C1(CNC2CCC(c3ccnn3C)C2)CCCCC1	0.031778
rxn:2:80666:89151	CC(Cc1cnc2ccccn12)NC1CCc2cc3c(cc21)OCC3	0.031774
rxn:2:101471:69398	c1ccc(CC2CCC2NC2CCN(CCc3ccsc3)CC2)cc1	0.031773
rxn:2:76916:113297	Cc1ccc(Cn2nc(C)c(NC3COc4cscc43)c2C)cc1	0.031767
rxn:2:93336:74101	CC(NCCC(F)(F)c1ccncc1)c1cnn(C2CCCCC2)c1	0.031762
rxn:2:75055:88047	CCC(COc1cccc(OC)c1)NC1COc2c(OC)cccc21	0.031750
rxn:2:73332:79309	CCN(CC)c1ccccc1NC1CCC1OCc1ccccc1	0.031750
rxn:2:125804:99752	COC1(c2ccccc2)CC(Nc2cn(CCC3CCOCC3)nn2)C1	0.031744
rxn:2:69549:84863	CCc1c(C(C)(C)C)n[nH]c1NC(C)c1ccc(C2COCCO2)cc1	0.031739
rxn:2:137189:122242	CC(NC1CCN(c2cncnc2)CC1)c1cnc2ccccc2c1	0.031737
rxn:2:77629:129641	COC1(CNC2CCN(Cc3cccs3)C2(C)C)CCC(C)(C)CC1	0.031731
rxn:2:124272:82377	Cc1nn(C2CCOC2)c(NC2c3ccccc3OCC2C)c1C(C)(C)C	0.031730
rxn:2:125959:119465	Cc1cnc(CCNC2CCC(CCC(C)C)C2)cc1C1CC1	0.031728
rxn:2:128632:162409	Cc1oncc1-c1cccc2c1CCC2Nc1cnn2c1COCC2	0.031726
rxn:2:74176:113236	CCCC(CNCc1cnn(-c2cncc(OCC)c2)c1)OC	0.031711
rxn:2:78714:68174	COc1ccc([C@@H](C)NC2CCOC3(CCC(C)C3)C2)c(OC)c1OC	0.031710
rxn:2:98133:123279	CCCCC(CC)NCCc1nc2ccccc2n1CCC	0.031708
rxn:2:102914:126994	Cc1ccc(CC(C)CCNC2CCN(Cc3ccncc3)CC2)o1	0.031708
rxn:2:110531:66637	CC1(C)CC(Nc2ccc(-c3nccs3)cc2)CN1CC1CCCC1	0.031688
rxn:2:99624:111234	CC(C)C(C)n1ccc(NC(CN2CCOCC2C)c2ccn(C)c2)n1	0.031686
rxn:2:108305:71961	COc1ccc(CCNC(C)c2cnc3cc[nH]c3c2)c(C)c1	0.031672
rxn:2:133177:103217	CC(C)c1cc(CNC2CCC(F)(F)CCC2C)nn1CC1CC1	0.031671
rxn:2:77181:141935	CCC(Cc1ccncc1)Nc1cc2nc(C)[nH]c2cc1OC	0.031667
rxn:2:91369:110660	CCC(NCC(C)(C)Cc1ccc(C)c(C)c1)c1cc(C)co1	0.031667
rxn:2:129600:140140	COc1ncc(C2CC2CNC2CN(Cc3ccco3)C(C)(C)C2)cn1	0.031654
rxn:2:128163:93684	Cc1ccc(CN2CCC(NCC3CCc4ccccc4O3)CC2C)cc1	0.031647
rxn:2:119614:113546	CCN1CCc2nc(CCNC3CCC(c4ccc(C)cc4)C3)sc2C1	0.031647
rxn:2:110146:119672	CC(C)(CCNC1CCN(c2cnco2)C1)C1(c2cccnc2)COC1	0.031645
rxn:2:80594:69433	CCC(CN1CCN(CC2CC2)CC1)Nc1cc(=O)n2nccc2[nH]1	0.031638
rxn:2:74968:118584	Cc1cc(CC(C)NC2COCc3ccncc32)c2ccncc2c1	0.031606
rxn:2:79608:92402	CC(NCc1cn(CC2CCN(C)C2)nn1)c1cnn(CC2CC2)c1	0.031605
rxn:2:70932:89760	Cc1ccc2[nH]c(CNC3CCCc4[nH]cnc43)nc2c1C	0.031603
rxn:2:68700:120346	CSc1cccc(C(Nc2ccc3c(c2C)COC3)C(C)C)c1	0.031601
rxn:2:74813:82035	CCCCC(NCCN(C)c1nccc(CC)n1)c1ncco1	0.031584
rxn:2:67967:91784	CCC(CSc1ccc(OC)cc1)Nc1cnc(OC)cc1C	0.031579
rxn:2:122116:123008	Cc1cc(C)nc(C(C)NCCc2cnn(-c3ccccc3)n2)c1	0.031561
rxn:2:81421:117186	CCC(CC)n1cnc(NC(C)c2ccc3sccc3c2)n1	0.031539
rxn:2:123909:122990	CCC(NC1CCCOC12CCOCC2)c1cnc(N2CCCC2)c(C)c1	0.031536
rxn:2:134194:73562	CCOc1cccc2c1CCCC2Nc1ccc(C)cc1OC1COC1	0.031528
rxn:2:75326:111633	CCCC(NCCN(C)[C@H]1CCCN(C)C1)c1ccc2ccoc2c1	0.031515
rxn:2:78789:118585	c1cc2c(s1)-c1sccc1C2NC12CCC3CC(CC(C3)C1)C2	0.031505
rxn:2:73988:126654	CCn1ncc(CNC2CCCc3nnc(C(C)C)cc32)c1CC1CC1	0.031504
rxn:2:133684:87157	CC(C)(CNC(c1ccsc1)c1ccco1)c1ccccc1	0.031496
rxn:2:112254:104369	COc1ccc([C@@H]2CCC(NC(c3nnco3)C3CCCCC3)C2)cc1	0.031490
rxn:2:68236:114454	CCS(=O)(=O)C(CNc1nc(=O)n(CC(C)C)s1)C1CCCCC1	0.031478
rxn:2:70797:120117	Cc1cccc(N2CCCC(C)C2)c1NC1CCC2(CCCN2C)CC1	0.031473
rxn:2:84730:69478	CCc1cnc(NC2CC3(CCCCC3)Oc3ccccc32)c(CC)n1	0.031465
rxn:2:77178:137610	COC(CNC1CCCc2ccc(CC(C)(C)C)cc21)CC1CC1	0.031456
rxn:2:123733:134553	c1ccc2c(c1)-c1sccc1C2NC1CSCC1Cc1cocn1	0.031455
rxn:2:108602:139585	CCC(NCCC1CC1c1cnoc1)c1ccc(OC)c(OC)c1	0.031452
rxn:2:114624:136900	COc1cccc(C(NCC2CC2c2cccnc2C)C2CCCO2)c1	0.031443
rxn:2:157119:87143	CC(CCc1cnsc1)Nc1nc2[nH]c(C3CC3)cc(=O)n2n1	0.031440
rxn:2:136222:132343	CCCC(NCCN1CCCCCc2ccccc21)c1n[nH]cc1C	0.031435
rxn:2:134335:69476	Cc1ccc([C@@H](NC(CC(C)C)CC(C)C)C2CCOCC2)o1	0.031415
rxn:2:139100:118945	CC(C)Cc1cc(NC2COCc3ccccc32)nn1C1CCSCC1	0.031412
rxn:2:67545:92074	CCC(CCc1cccc(OC)c1)NCCN1CCOCC12CC2	0.031411
rxn:2:91658:122119	CCc1n[nH]c([C@H](NC2CCc3cc(C(C)C)ccc3C2)C(C)(C)C)n1	0.031397
rxn:2:121412:91639	CC(Nc1nccn1C1CCSC1)c1ncc(-c2cnn(C)c2)s1	0.031388
rxn:2:90705:72183	COc1ccc(NC(C)CCOc2ccccc2)c(OC)c1OC	0.031373
rxn:2:83762:101305	CCCC(NCC1OCCc2c1cnn2C)C1CCCN1CC(C)C	0.031373
rxn:2:96913:123015	Cc1cc2c(cc1C)C(NCc1ccn(CC3CCCO3)c(=O)c1)CCS2	0.031372
rxn:2:82508:69985	COc1ccc2c(c1)SCCC2NCc1cn(C2CCN(C)CC2)nc1C	0.031360
rxn:2:84179:107137	COc1cccc(CN2CC[C@@H](NC3CCOc4ccc(OC)cc43)C2)c1	0.031356
rxn:2:123083:76464	Cc1nccc(C(C)NCC(F)(F)c2ccc(S(=O)(=O)F)cc2)c1C	0.031356
rxn:2:113893:94829	CCOc1cccc(CC(CC)NCC2(c3ccon3)CCC2)c1	0.031353
rxn:2:118736:134178	COc1ccc(C(NC(C)Cc2ccc(C)cc2C)C(C)C)cc1	0.031348
rxn:2:133724:95441	CCC1CC2CN(C)CC(NC(C)c3cnc4ccccc4c3)(C1)C2(F)F	0.031338
rxn:2:74274:104369	COc1ccc([C@@H]2CCC(NCc3cnc(N4CCOCC4)nc3)C2)cc1	0.031336
rxn:2:90446:74223	CCOc1c(C)cc(C(CC)NC(C)(C)CN2CCCC2)cc1C	0.031322
rxn:2:71322:102382	CC(C)N(CCNC1CCc2c1sc1c2CC(C)(C)C1)[C@H]1CCN(C)C1	0.031319
rxn:2:90294:76406	CC(C)C(N[C@H](c1ccccn1)C1CCOCC1)c1nccn1C1CC1	0.031319
rxn:2:114255:105780	Cc1ccc(C)c(C(CCN(C)C)N[C@H]2CCOc3c(C)cccc32)c1	0.031312
rxn:2:83622:77794	CCn1c(C)cn(NC(c2ncco2)c2ccccc2OC)c1=O	0.031310
rxn:2:83426:147582	COc1cc(CNC2CC(C)S(=O)(=O)c3c(C)cc(C)cc32)cc(OC)n1	0.031305
rxn:2:95466:137712	Cc1cc(NC(c2ccc(C(C)C)cc2)C2CCC2)n(C2CN(C)C2)n1	0.031304
rxn:2:87714:117115	Cc1ccc2c(c1C)CCC2Nc1c2c(nn1CC1CCCC1)CCC2	0.031301
rxn:2:140111:66235	c1ncc2c(n1)C(NC1CCc3nnc(N4CCCC4)cc3C1)CCCC2	0.031297
rxn:2:135630:134666	CC(NCC(c1ccc(N(C)C)o1)N(C)C)c1ccc2c(n1)OCCO2	0.031294
rxn:2:73530:140197	CCc1cc2ncnc(NC3CCCc4c3cnn4C3COC3)n2n1	0.031287
rxn:2:74655:126976	CC1CCc2nn(C3CCCC3)c(NC(CN(C)C)c3ccccc3)c21	0.031281
rxn:2:130694:98259	Cc1cncc(C2CC2CNC2CCN(C(C)(C)c3ccccc3)CC2)n1	0.031279
rxn:2:81860:137108	CC(NCc1nnnn1C(C)C)c1cccc(-c2ccccc2)c1	0.031276
rxn:2:135803:140659	CC(C)(C)CCOc1ccc(CNC2CCC3(CC2)CS(=O)(=O)C3)cc1	0.031272
rxn:2:115806:88788	Cc1nn(CC2CCOC2)c(C)c1C(C)NC1CCC(n2ccnn2)CC1	0.031265
rxn:2:84796:76668	CCN1CCC(Nc2n[nH]cc2N(Cc2cccs2)C(C)C)C(C)C1	0.031264
rxn:2:69871:78237	CCN(CC)C1CCCCC1NC(C)CC1CCC(F)(F)CC1	0.031253
rxn:2:72110:122328	CCCN1c2ccccc2CC1CNC1CCN(c2nccn(C)c2=O)C1	0.031247
rxn:2:85898:119166	c1ccc(CCCN2CCC(NCC3CCC4(CCOC4)O3)CC2)cc1	0.031245
rxn:2:94409:112014	CC(C)Oc1cc(C2CC2)ccc1NC(c1ccncc1)C1CC1	0.031245
rxn:2:137624:88932	CC(NCCc1cc(C2CCCC2)no1)c1cn2cnnc2cn1	0.031243
rxn:2:140944:67425	CCn1cc(CN2CCC(NC(C)c3cn(C(C)(C)C)nc3C)CC2)cn1	0.031237
rxn:2:85174:122799	Cc1cccc2c1S(=O)(=O)CCC2NC(C)c1cn(CC2CCCO2)nn1	0.031233
rxn:2:134869:167082	c1cc(C(NC2CCN(C3CCCCC3)C2)c2ccc3c(c2)CCC3)n[nH]1	0.031230
rxn:2:79820:138733	Cn1ccc(C2CC(NC(C)(C)CCCN3CCN4CCCC4C3)C2)n1	0.031223
rxn:2:124612:107261	CC(CCN1CCN(C)CC1)NCc1ccoc1CN1CCCCC1	0.031211
rxn:2:86168:119350	CC1(C)CCCCCC1Nc1ccc2[nH]cc(C3CC3)c2c1	0.031207
rxn:2:75188:115294	CCc1noc(CN2CCC(NC3CCc4c3ccc(C)c4OC)CC2)n1	0.031204
rxn:2:144854:139454	COc1cc(NC2CCCCCC2C(C)C)cc2c(C)cc(=O)[nH]c12	0.031204
rxn:2:131924:131043	Cc1ccc(OCC2CC(Nc3nc4ccc(C)cc4[nH]3)C2)nc1	0.031203
rxn:2:104760:137973	CCc1nc2[nH]c(=O)cc(NC[C@H]3COc4ccccc4O3)n2n1	0.031189
rxn:2:86550:128945	CCOc1c(CC(C)NC2CCN(OCC)CC2)cnn1C(C)(C)C	0.031177
rxn:2:115081:122384	Cc1nn(C(C)C)c2c1C(NCc1cccn(CC(C)C)c1=O)CCCO2	0.031173
rxn:2:103334:107140	CCc1nc(NC(CC(C)C)c2occc2C)cc2c1CCCC2	0.031167
rxn:2:95372:73906	CC(NC1(C)CCCc2ccccc21)c1ccc2ccsc2n1	0.031164
rxn:2:68729:68298	CC(NC[C@H]1C[C@H](n2ccnn2)C1)c1c(-c2ccsc2)cnn1C	0.031161
rxn:2:84831:67724	Cc1cc(C)c(CNC(C)c2sc(-n3cccc3)nc2C)nc1C	0.031157
rxn:2:98075:92059	CC(C)(C)OC1CCC(NCCC2CC2c2coc3ccccc23)C1	0.031152
rxn:2:111237:141262	COc1nn(C)cc1C(CC(C)C)NC1(CCOC(C)C)CC1	0.031142
rxn:2:102066:123976	Cc1[nH]c(=O)[nH]c1C(C)Nc1noc(-c2cnccn2)n1	0.031129
rxn:2:74765:108536	CCC(C(NCC(C)c1nncn1C)c1cccc(C)c1)S(C)(=O)=O	0.031125
rxn:2:67810:79065	Cn1ncc2c1CCCCC2Nc1nccnc1-c1ccccc1	0.031122
rxn:2:107341:91066	c1ccc(C(NC2COc3ccsc32)c2nc(C3CC3)n[nH]2)cc1	0.031108
rxn:2:122631:128962	CC(NC1CC2CCC(C1)N2Cc1ccccn1)c1ccc(N(C)C)cc1	0.031097
rxn:2:92344:103762	Cc1cc(C)c(C(C)NCC2CCN(C(C)CN3CCOCC3)C2)cn1	0.031097
rxn:2:113905:103872	CC1CCCCN1c1ncncc1NCC(c1ccccc1)C1CCC1	0.031088
rxn:2:82898:89289	COc1ccc2c(c1)SC(NC1CCN(c3cc(OC)ncn3)CC1)C2=O	0.031087
rxn:2:136276:127576	COCCC(Nc1c(OC)nc(C)c(C)c1OC)c1cccc(C)c1	0.031085
rxn:2:88343:123273	Cc1ncc(C2C(CNC(CCOC(C)C)C(C)C)C2(F)F)cn1	0.031080
rxn:2:107184:91704	CCn1cc(C(C)C)c(NC(C)c2cnn(CCOC(C)(C)C)c2)n1	0.031078
rxn:2:121037:136940	CCCC(NCCc1cn(CC)nc1-c1ccccc1)C(C)(C)C	0.031075
rxn:2:89491:118686	Cc1cc(-c2ccc(NC(C)c3cccn(C)c3=O)cc2)c(C)cn1	0.031070
rxn:2:100606:154160	Cn1cc(-c2ccc3c(c2)C(NCC(C)(C)SC2CCCC2)CO3)cn1	0.031061
rxn:2:78045:118105	CCc1c(C)[nH]c2c1C(NCC1CN(C(C)(C)C)CC(C)CN1C)CCC2	0.031059
rxn:2:68586:132791	CCC(C)C(NC1CCOCC1CC)c1ccc(C(C)(C)C)cc1	0.031059
rxn:2:142375:78832	c1ccc2[nH]c(-c3cn[nH]c3NC[C@H]3COCCO3)nc2c1	0.031057
rxn:2:109645:95529	Cc1ccc(NC2CCOCC2CN2CCCCC2)c(C2CCCC2)c1	0.031047
rxn:2:133297:74120	CCCC(Nc1cc(C(C)C)nc2cncn12)C1CCCN1CCC	0.031028
rxn:2:133589:119350	Cc1cccc(Sc2c[nH]nc2NC2CCCCCC2(C)C)c1	0.031005
rxn:2:95343:119026	CCOc1c(CNC(CCOC(C)(C)C)c2cccs2)cnn1C	0.030994
rxn:2:139797:75432	Cc1cc(C)c2c(NC(c3ncccc3C)C3CCC3)nn(C)c2n1	0.030982
rxn:2:129291:139021	C[C@H]1C[C@@H](CNC2CCC2c2ccc(-n3cccn3)cc2)CC(C)(C)C1	0.030967
rxn:2:139725:114576	CC(C)C(Nc1cccc(CC2CC2)c1)c1cccc2c1OCOC2	0.030966
rxn:2:141275:123244	Cc1cc(NC2CCC3(CC2)OCc2ccccc23)c2nncn2c1	0.030959
rxn:2:72193:138949	Cc1cccc2c1CC(NC(Cn1cccc1)c1ccccc1)C2	0.030943
rxn:2:139102:79084	Cc1ccc(C)c(CC2(NC3CC4C(CC3C)[C@@H]3CC[C@H]4C3)CC2)c1	0.030894
rxn:2:83623:81802	COc1cccc2cnc(NC3CCc4ccccc4CC3)nc12	0.030890
rxn:2:93247:103069	Cc1ccc(C)c2c1C(NCc1cc3c([nH]c1=O)CC(C)CC3)CC2(C)C	0.030888
rxn:2:71868:85974	c1ccc(CN2C[C@H]3CC(Nc4nccc5ncsc45)C[C@@H]3C2)cc1	0.030868
rxn:2:131871:84952	Cc1ccc2c(c1)C(Nc1cc3ccc(C)cc3s1)CCO2	0.030863
rxn:2:136930:102335	CC1CC(C(NCc2cccc(N3CCOC(C)C3)n2)c2ccccc2)C1	0.030855
rxn:2:90601:139962	CCc1nccnc1C(C)NC(C)(C)c1oc2ccccc2c1C	0.030853
rxn:2:86031:108960	Cc1ccc(Oc2ccc(NC3CCN(CC(C)C)CC3)cc2)cc1	0.030851
rxn:2:140559:92468	CCC(Nc1cncc2ncc(C)n12)C1CCN(c2ccccc2)C1	0.030844
rxn:2:85824:132810	CCC(NC[C@@H]1CCCN1c1ncccn1)c1ccc2c(c1)OC(F)(F)O2	0.030840
rxn:2:113314:82504	Cc1cccc(C(CN2CCCC2)N[C@@H](c2cccnc2)C(C)(C)C)c1	0.030839
rxn:2:91283:141827	CCC(NC(CC)c1cnc2ccccc2c1)c1ccncc1	0.030830
rxn:2:72635:134821	CSCC(Nc1ccc2c(c1)OCCC2(C)C)c1ccc2c(c1)OCO2	0.030826
rxn:2:135883:107085	COc1cccc(C(C)NC2(c3nnc4cnccn34)CCCC2)n1	0.030821
rxn:2:75143:149188	CC(NC[C@@H]1COc2ncccc2O1)c1c[nH]c(=O)c2nccn12	0.030819
rxn:2:101040:118998	Cc1cc(C)c2c(c1)C(Nc1c(S(C)(=O)=O)cnn1C(C)C(C)C)CCO2	0.030818
rxn:2:126712:127629	Cc1cccc(C2(CNC3CCOc4ccc(OC(C)C)cc43)COC2)c1	0.030816
rxn:2:154847:105131	O=c1[nH]c(NC2CCC3(CC3)C2)nc2cc3[nH]cnc3cc12	0.030811
rxn:2:101492:139371	COc1ccc(CC2COCCC2NC2C[C@H]3C[C@@H](C24CC4)C3(C)C)cc1	0.030809
rxn:2:98291:80869	CC(C)(C)CC(NCc1c[nH]c2cccnc12)c1ccccc1	0.030806
rxn:2:131458:129419	COc1ccc2c(c1)CC(C)(C)C2Nc1n[nH]c2ccn(C)c(=O)c12	0.030798
rxn:2:127069:96947	CCN1CCN(CCC(C)(C)NC(c2ncc[nH]2)c2ccco2)CC1	0.030786
rxn:2:71912:100354	CC(C)(C)c1cn(CC2CC(NC3CCCc4sc(C5CC5)nc43)C2)nn1	0.030777
rxn:2:77297:125067	CCC[C@@H](NC1CC(c2ccccc2OC)C1)c1ccccc1C	0.030762
rxn:2:124024:131668	Cc1ccc2c(c1)C(NCC1(C)CCCC(C)(C)C1)CCC2C	0.030761
rxn:2:117599:83586	CCc1ccc(C(COC(C)(C)C)NC2COc3cc(C)ccc32)s1	0.030757
rxn:2:113958:85878	CCOc1ccc([C@H](C)NC2CC(C)(C)Cc3[nH]c(C)nc32)cc1OC	0.030754
rxn:2:134588:70665	CC(C)C(c1ccc(NCC2Cc3ccccc32)cc1)C(C)C	0.030750
rxn:2:101773:70693	CCC(Nc1nnc(N2CCSCC2)s1)c1ccc(OC(C)C)cc1	0.030739
rxn:2:133038:138793	CCCN1CCCCC1C(CC)NCC(F)(F)c1cccc(C)c1	0.030737
rxn:2:82041:113561	CSc1cc(C(C)NC2CN(C(C)C)CCC2(C)C)c(C)cc1C	0.030737
rxn:2:136264:152915	COc1cc(NC(C)c2cc3cnccc3[nH]c2=O)c(OC)nn1	0.030733
rxn:2:68428:109108	Cc1ccccc1OCC1CC(Nc2nonc2-c2cnon2)C1	0.030729
rxn:2:109825:95309	COC1CCN(c2ccc(NCC3CCCN3C(C)C3CC3)cc2)CC1	0.030725
rxn:2:157881:69917	Cn1cc(-c2ccc3c(c2)CCO3)nc1NC1COCc2[nH]ncc21	0.030700
rxn:2:133158:66477	CCc1cccc2c1C(Nc1n[nH]c3cccc(OC)c13)CCC2	0.030698
rxn:2:88980:90279	Cc1cc(C)c2c(c1)C(Nc1ccc(-c3nncn3C)c(C)c1)CC2	0.030694
rxn:2:68966:100219	CCc1csc(Oc2ccc(NC3CCCC4CCCC43)cc2)n1	0.030694
rxn:2:126298:99066	CCCC(N[C@@H](C)c1cccc2c1OC(F)(F)O2)C(CC)CC	0.030692
rxn:2:130603:73336	COc1cc(C)cc2c1OCCC2NC1CC(C(C)C)Oc2ccccc21	0.030687
rxn:2:79537:82538	CC(Nc1cnn2c1C(C)OCC2)c1cc(-c2ccccc2)cs1	0.030685
rxn:2:101075:91835	CCCc1ccc2c(c1)C(Nc1ccn(C3CC3)c(=O)n1)CC(C)CC2	0.030665
rxn:2:87699:129918	CCc1cc(CNC2CC3CCC(C2)N3CC2CCCO2)nn1C(C)(C)C	0.030664
rxn:2:108804:115294	COc1c(C)ccc2c1CCC2NCCC1C(c2cncc(C)n2)C1(F)F	0.030649
rxn:2:127348:128463	CCc1cccc(NC2CCc3c2cc(OC)c(OC)c3OC)c1OC	0.030641
rxn:2:118589:89586	CCC(NC1Cc2ccc(OC)cc2C1(C)C)c1cc(C)ccc1OC	0.030632
rxn:2:129099:118509	CC1(C)C(NCC2CC2C2CC3CCC2O3)CC1OCc1ccccc1	0.030632
rxn:2:78712:90225	CCCOc1cc(C)c(C(CC)NCC2CC(C)(F)C2)c(C)c1	0.030604
rxn:2:102307:93647	CCCC(NC1CCC(C)C1(C)C)c1ccc2ccccc2c1	0.030601
rxn:2:124179:87511	CCOc1cnccc1C(C)Nc1cccc(OC(C)C(C)C)c1	0.030579
rxn:2:99358:100165	Cc1ccc(CNC2CCC23CCC(F)(F)CC3)c(N(C)CC2CC2)n1	0.030579
rxn:2:78187:79559	CC(F)(F)CC(F)CC(N[C@H]1CC[C@@H]2[C@H](C1)C2(F)F)c1ncco1	0.030576
rxn:2:90532:156014	CCn1c(C)nc2cc(C(C)NC3CCCc4cnccc43)ccc21	0.030574
rxn:2:160126:77671	CC[C@@H]1CCCC1Nc1nc(-c2cccs2)nc2ccccc12	0.030571
rxn:2:104488:101754	CCOC1CCC(CNC(c2cccs2)c2ccccc2C)CC1	0.030557
rxn:2:109706:91071	CCC(Nc1nc2ccccc2n1C1CC1)c1cccc(OC)n1	0.030556
rxn:2:117768:106031	CC(C)CC(NC(C)C(c1ccncc1)N(C)C(C)C)C(C)(C)C	0.030543
rxn:2:85995:160400	COc1ccc2ncccc2c1C(C)Nc1nc(C(C)(C)C)cn1C	0.030542
rxn:2:135118:83011	CCCn1c(=O)c(NC2CCCc3c2c(C)nn3C(C)(C)C)cn(CC)c1=O	0.030536
rxn:2:66283:91619	CCOC1(CC(C)Nc2[nH]nc(-c3ccccc3)c2CC)CCC1	0.030531
rxn:2:110241:70870	CCC(C)CC(CSC)Nc1cccnc1-c1nnnn1C(C)(C)C	0.030531
rxn:2:132134:91024	COCCC(NC(CC(C)(C)C)c1ccsc1)c1cccs1	0.030517
rxn:2:124949:141469	CSC1CCC1n1cc(C(C)Nc2cccc3c2CCN3C2COC2)nn1	0.030503
rxn:2:99476:89690	COc1ccccc1CCc1nnc(NC(C)c2ccsn2)s1	0.030499
rxn:2:129165:100781	CCC1(CC)C(NC(C)Cc2nc(-c3cccnc3)cs2)CC1OC	0.030496
rxn:2:89928:109307	CCn1cc(C(C)Nc2cnn(-c3ccccc3)c2C(C)C)cn1	0.030493
rxn:2:128436:130987	CC(CCN(C)C1CCSC1)Nc1ncccc1CN1CCCCC1	0.030484
rxn:2:71284:78350	CC(Nc1cccnc1OCC(C)(C)C)c1ccc2c(cnn2C)n1	0.030480
rxn:2:141274:67508	CC(C)CCC(Nc1ccc(OCCN(C)C)cc1)C(C)(C)C	0.030473
rxn:2:128221:69433	CCC(CN1CCN(CC2CC2)CC1)NC1CCCN(C(C)(C)C)C1	0.030472
rxn:2:97514:106161	Cc1cccc([C@H](CC(C)C)NC(C)c2cc3c(n(C)c2=O)CCCC3)n1	0.030472
rxn:2:98508:74013	CCC(NC1CCCN(Cc2nccs2)C1)c1ccc(SC)cc1	0.030471
rxn:2:107828:96456	CCN1CCO[C@@H](CNC2CC(C)(C)Oc3cccnc32)[C@@H]1c1ccnn1C	0.030467
rxn:2:132586:109520	COc1ccc2c(c1)C(C(C)NC1CCc3ccccc3[C@H]1C)CCCO2	0.030463
rxn:2:122225:130341	CCCCC1Cc2ccccc2C1Nc1cc2scnc2cn1	0.030452
rxn:2:124775:122894	CCC(C)C(CNC(c1cc(C)ccc1OC)C1CC1C)N(C)C	0.030451
rxn:2:120640:86638	Cc1cccc([C@H](NC2CC3(C2)CN(Cc2ccccc2)C3)C2CCC2)n1	0.030438
rxn:2:121828:103417	CCn1cc(C(C)NCC[C@@H]2CCCN3CCCC[C@H]23)c2ccccc21	0.030436
rxn:2:119928:125087	CCCCC(Nc1nn(C(C)C(C)C)cc1CC)C(C)(C)C	0.030425
rxn:2:68273:85653	CC1(c2ccccc2)CCC(Nc2ccn(CC3CC(F)(F)C3)n2)CC1	0.030422
rxn:2:66659:106343	Cn1cc(CC2(CNC3CCC(S(=O)(=O)C4CCCC4)CC3)CC2)cn1	0.030420
rxn:2:94717:127338	CCc1c(C2CCC2)nn(C2CC2)c1NC1CCc2cccc(C)c2C1	0.030419
rxn:2:86996:90371	CCCOc1ccccc1C(C)NCC1C(c2ccncc2)C1(F)F	0.030407
rxn:2:124304:83408	CCC(CCC(C)C)NCc1ccc(C)n(C2CCCCC2)c1=O	0.030388
rxn:2:86011:96420	Cc1cc(C(C)Nc2c(C3CCOCC3)ncn2C(C)(C)C)c(C)nc1C	0.030384
rxn:2:85726:70877	CC1CCCC(C)C1c1cccc(NC2CCC3CCC3C2)c1	0.030378
rxn:2:80797:70037	CCC(Nc1c2c(nn1C1CCC1)CCN(C)C2)C1CCCN(C(C)C)C1	0.030377
rxn:2:75925:99410	CC(NC1CCCN(c2ncc[nH]2)C1)c1cccc(OC2CCN(C)C2)c1	0.030372
rxn:2:103401:66771	CCc1cccc(C)c1NC1CCCC1Sc1ccccc1OC	0.030371
rxn:2:111582:66372	Cc1ccc(C(Nc2cc3c(=O)nc[nH]c3cn2)C2(C)CC2)cc1C	0.030369
rxn:2:134142:113969	CC(C)(C)O[C@@H]1C[C@H](CNC(Cc2ccncn2)c2ccc[nH]2)C1(C)C	0.030364
rxn:2:66307:127673	Cc1nc(C)c(C(C)NCC(C)(C)c2ccc(C(C)(C)C)cc2)nc1C	0.030364
rxn:2:120634:105334	CC[C@@H](F)C(Nc1ccc(-c2cccnn2)cc1)c1ccccn1	0.030363
rxn:2:72573:93867	Cc1nc(C(C)Nn2cnnc2SCc2ccccc2C)co1	0.030362
rxn:2:119025:68933	CC(NC(Cc1ccccc1)Cn1nccn1)c1nnn[nH]1	0.030361
rxn:2:142673:76903	CCO[C@H]1CC(NCCC(C)n2c(=O)[nH]c3cccnc32)[C@@]12CCCO2	0.030354
rxn:2:73569:127024	Cc1nc(C)c(-c2nnc(NC(C)c3nnccc3C(C)C)s2)s1	0.030338
rxn:2:92156:136263	CCOCc1nnc(CNC(C)c2ccc3nn(C)cc3c2)[nH]1	0.030334
rxn:2:107418:79355	CC12CC1Oc1ccccc1C2Nc1ccn(-c2ccccc2)c(=O)n1	0.030329
rxn:2:119021:101684	c1ccc(C(CC2CC2)Nc2ncc(-c3ccccn3)cn2)cc1	0.030318
rxn:2:66906:66618	CCCc1nc(CCC)nc(NC2c3cc4c(cc3OCC2C)CCC4)n1	0.030313
rxn:2:67297:79640	CCCCN1CCC[C@H]1CNC(C)c1ncc(-c2sccc2C)cn1	0.030313
rxn:2:120946:67667	Cc1cc(C)nc(C(C)NC(C)c2n[nH]cc2-c2ccccc2)c1	0.030312
rxn:2:110471:78092	CCSc1nnc(CC)n1NC1c2ccc(OC)cc2OCC1OC	0.030298
rxn:2:74879:89341	Cc1ccc(OCC(C)C)c(C(C)Nc2cncnc2N2CCCC2)c1	0.030298
rxn:2:116634:130002	CCCC(C)N1CCCCC1C(CC)Nc1cnn2c(C)cc(C)nc12	0.030295
rxn:2:73871:117379	CCC(C)C(Nc1ccc(N2CCN(C)C(C)C2)cc1)c1ccccc1	0.030293
rxn:2:91526:136684	CCCCn1nnnc1NC(CN(C)C1CC1)c1cc(C)ccc1C	0.030290
rxn:2:133454:135708	COc1ccc([C@H](CC(C)C)NC(c2ccncc2)C(C)C)cc1	0.030288
rxn:2:81000:76477	Cc1cc(NC2CCO[C@H](c3ccccc3)C2)cnc1N1CCCCC1C	0.030286
rxn:2:134189:90660	CCC(Nc1cc(-n2cccn2)cnc1OC)C1CCCN1CC1CC1	0.030268
rxn:2:128481:138688	Cc1ccc2oc(C(NC3CC4CC3C3CCCC43)C(C)C)cc2c1	0.030259
rxn:2:139709:112669	CCCC(NCCc1ccc2c(c1)CCCO2)c1cccc(OC)c1	0.030257
rxn:2:100284:91079	CCc1nc(NC(c2cc(OC)ncn2)C2CC2)cc2c1CCCCC2	0.030255
rxn:2:104647:125346	Cc1ccc(C)c(C(CC(C)(C)C)NCc2ccnn(C(C)(C)C)c2=O)c1	0.030249
rxn:2:115442:111306	O=c1[nH]c2cc(CNC3CC4(CCCC4)c4ccccc43)ccc2o1	0.030229
rxn:2:96188:104921	CCN1CCC(NC2CCOc3cc4c(cc32)CCCC4)C1c1ccsc1	0.030218
rxn:2:124270:120084	CCN1Cc2ccccc2CC1CNC(C)c1ccccc1C1CCC1	0.030213
rxn:2:141767:82387	CCC(COCc1ccccc1)NCc1cnc(OC)c(OC)c1	0.030206
rxn:2:67979:83876	Cn1cnc2c(NC3CC(C)(C)Cc4c3cnn4C3COC3)nccc21	0.030186
rxn:2:97510:141908	CC1CN(C(C(C)NC(C)c2cnc(C3CC3)s2)C(C)(C)C)C(C)CO1	0.030180
rxn:2:129959:67375	CCc1cc(=O)[nH]c(N2CCC(NC3CCN(Cc4ccccc4)C3)C2)n1	0.030178
rxn:2:80794:122052	CCCC(NCC1CCc2nnc(C)n2C1)c1cccc(OC)c1OC	0.030172
rxn:2:113956:120386	CC(F)(F)Oc1cccnc1NC1CC[C@H]2CN(Cc3ccccc3)C[C@@H]12	0.030172
rxn:2:127503:75601	CC(C)Oc1ccc2c(c1)CCCC2NCc1c2c(cn(C)c1=O)CCCC2	0.030164
rxn:2:113229:105405	COc1ccc([C@H](NC(C)CC2CC3CCC2C3)c2ccsc2)cn1	0.030160
rxn:2:81736:77782	CCc1ccc([C@@H](NC(C)c2cn(OC)c(=O)[nH]c2=O)C(C)CC)s1	0.030160
rxn:2:106363:109037	Cc1cccc(-n2ncc(C(C)NCC3CCCN3C3CCCC3)c2C)c1	0.030157
rxn:2:76104:131895	COCC(Nc1c(OC)cnn1-c1ccccn1)c1ccccc1	0.030147
rxn:2:128603:112262	COc1cc(C)cc2c1OCC2Nc1cnc2nc3c(n2c1)CCCC3	0.030141
rxn:2:95732:90061	CCCOc1cc(C(C)Nc2cc(C)c(OC)nc2C)ccc1OC	0.030140
rxn:2:99771:130377	COc1cc(OC)c2c(c1)OC(C)C2Nc1cc(=O)n2cc[nH]c2n1	0.030137
rxn:2:132474:93170	Cc1cc(C)c2c(c1)OCC(NC(c1ccccc1)C1CCCO1)C2N(C)C	0.030137
rxn:2:91081:97270	CCCC(COc1ccccc1)Nc1ccc2c(c1)CCN(CC)C2	0.030131
rxn:2:66802:146453	CCCC1CC(CNC(c2cc3cccc(C)c3o2)C(C)C)C1	0.030124
rxn:2:131059:141362	CC(C)N1CCN([C@H]2CC[C@@H](NC3CCCC34CCCN(C)C4)CC2)CC1	0.030123
rxn:2:108926:166527	Cc1ccc(-c2cccnc2)c(C(C)NC(C)(C)C2CCSCC2)c1	0.030122
rxn:2:116466:112589	CC(NC1CCc2cc3c(cc21)OCO3)c1c2c(c[nH]c1=O)CCCCC2	0.030115
rxn:2:134824:74305	Cc1ccc(-c2ccc(C(C)NC3CCCN(C4CCC4C)C3)cn2)cc1	0.030101
rxn:2:100557:121062	CC(C)(C)c1nc2c([nH]1)C(NCc1ccccc1N1CCCCC1)CCC2	0.030060
rxn:2:131772:113125	Cc1cn(C)c2c1C(NC(C)c1cccc(OC3CCCC3)c1)CCC2	0.030051
rxn:2:94239:101693	CCCc1c(NC2CCCC(C)(C)CC2)cnn1-c1cccnc1C	0.030046
rxn:2:98456:99638	CCCc1nnc2c(CNC3CCN(CC4CCCO4)CC3C)cccn12	0.030034
rxn:2:106918:87685	CCC(F)(F)C(Nc1noc2c(C)cccc12)c1ccccc1	0.030029
rxn:2:100675:94639	COc1cnccc1NC(c1ncc(-c2ccccc2)o1)C(C)C	0.030026
rxn:2:108018:71961	Cc1nc(C2(NC(C)c3cnc4cc[nH]c4c3)CCC(C)CC2)no1	0.030022
rxn:2:126661:108481	CC(C)COc1ccccc1NC1CCSC(c2ccccc2)C1	0.030017
rxn:2:140406:71193	CC(C)CC(COc1ccccc1)NC1CCC12CCC(C)CC2	0.030003
rxn:2:96325:85820	CCn1nc(-c2nnc(NC3CCN(c4cccnn4)C3)s2)cc1C	0.030001
rxn:2:135371:114694	CC1CCn2nc(CC(C)NC(C)c3c[nH]c4ccncc34)nc2C1	0.030001
rxn:2:66199:78139	CCc1nccn1-c1cc(CNC(C)c2ccn(C)c(=O)c2)ccn1	0.029998
rxn:2:66405:136753	Cc1ncc(C(C)NC(COC2CCCC2)c2ccccc2C)c(C)n1	0.029997
rxn:2:98275:121219	CCCC(Nc1c(C)c(C2CC2)nn1C1CCSC1)c1ccncc1	0.029989
rxn:2:161748:102920	Cc1cc2nc(C3CCCC3)cc(NC3COCc4cccnc43)n2n1	0.029984
rxn:2:74507:106336	COc1cnc(OCC(C)NC2CCCC2Cc2cc(C)nn2C)nc1	0.029981
rxn:2:94872:103855	CC1(C)C2CC(NCCN3CCCC3CN3CCCCC3)C3(CC3)C1C2	0.029971
rxn:2:72098:91021	CCCCC(NCc1cnn(CC2CC(F)(F)C2)c1)c1cnccn1	0.029968
rxn:2:149759:102920	COc1cc(NC2COCc3cccnc32)ccc1-c1nnc(C)n1C	0.029963
rxn:2:138947:139598	COc1ccc2occ(C(C)NCc3cn4c(n3)CCCC4C)c2c1	0.029962
rxn:2:89917:93414	CCCC(NC1CCOc2ncc(C)cc21)C1CCN(C(C)CC)CC1	0.029946
rxn:2:81500:89853	COc1cc(C(C)NC2CCCC2CC2CC2)ccc1OC(C)C	0.029937
rxn:2:71629:129001	Cc1cc(C)c2c(c1)C(Nc1ccnc(C3CCC3)c1)CCCC2	0.029915
rxn:2:99315:139962	CCc1nccnc1C(C)NC(C)Cc1c[nH]c2ccc(C)cc12	0.029911
rxn:2:68533:140965	COc1ccc(OC)c2c1CC(C)C2Nc1ccc2cn[nH]c2c1C	0.029908
rxn:2:93226:133982	Cc1nccn1C1CCCC(Nc2cc(=O)[nH]c(SC3CCCC3)n2)C1	0.029902
rxn:2:120743:83850	Cc1cc(C(NC(C)(C)CC2CCCC2)c2cccnc2)c(C)s1	0.029899
rxn:2:82648:133509	COc1ccc2c(c1)CCC(C)(C)C2Nc1cnnc2c1c(C)nn2C	0.029896
rxn:2:111648:108058	Cc1cc2n(n1)CCCC2NCCc1c(C)[nH]c2c(C)ccc(C)c12	0.029895
rxn:2:105297:107922	CC(C)CC(NC(c1ccncc1)C1CCCCC1)c1cscn1	0.029889
rxn:2:140064:125913	CCCC(NC1CC(C)(C)Cc2c[nH]cc21)c1cccc(C)c1C	0.029875
rxn:2:111870:67814	CCOc1c(NC(C)c2ccc(C(C)C)n(CC)c2=O)c(CC)nn1C	0.029862
rxn:2:71270:74209	COc1c(C)cc(NC(C)c2cc3cccc(C)c3o2)cc1C	0.029861
rxn:2:87307:124721	COc1ccc(C2(NC(C)c3cnn(CC4CCC4)c3)CC2)cc1OC	0.029857
rxn:2:70243:99260	Cc1ccc2c(c1)C(Nc1nc(CCc3ccccc3)no1)[C@H](C)C2	0.029850
rxn:2:130617:142157	CCCC(C)C(CC)N[C@H](CCC)c1cccc2c1OCCO2	0.029842
rxn:2:139642:112495	CCCc1csc(CCC(C)Nc2cccc(C3COCCO3)c2)n1	0.029842
rxn:2:111772:135022	Cc1cc2c([nH]1)CC(C)(C)CC2NCc1cnccc1OCC1CCCO1	0.029832
rxn:2:96077:165843	CCOc1ccc2ccccc2c1C(C)NC(C)(C)CN1CC[C@@H](F)C1	0.029829
rxn:2:138937:89120	CCc1cc2c(cn1)CCC[C@@H]2NC(C)c1cccc(CC(C)C)c1	0.029824
rxn:2:94936:86724	CN1CCC(n2ccc3c2CCCC3NC2CCc3cc4c(cc3C2)OCO4)C1	0.029812
rxn:2:99932:129712	COCC1CCC(Nc2c(SC)cnn2C(C)C2CCCOC2)CO1	0.029803
rxn:2:103262:133689	Cc1ccc(C(CSc2nncs2)NC2CCN(C3CCC3)C2)cc1	0.029785
rxn:2:123149:126839	Cc1ncccc1Oc1ccc(NC(C)c2nc(C)c(C)[nH]2)cc1	0.029781
rxn:2:152928:121109	CCS(=O)(=O)c1nc2c(NC3C[C@@H](C)c4ccccc43)ncnc2[nH]1	0.029781
rxn:2:108015:71269	Cc1cccc(N(C)CCC(C)NC2CCN(C)C2c2ccncc2)c1C	0.029776
rxn:2:111701:87672	c1cnc(-n2cncn2)c(NC2CCN(C3CCn4ccnc43)CC2)c1	0.029776
rxn:2:102544:76549	CC(Nc1n[nH]cc1N(C)CC(C)(C)C)c1ccnc2c1cnn2C	0.029771
rxn:2:96314:147857	Cc1ncc(C(C)Nc2nccn2C2CCC2)c(-c2ccccc2)n1	0.029768
rxn:2:78319:82804	CC1=Nc2ccccc2C(Nc2nccn2Cc2sc(C)nc2C)C1	0.029758
rxn:2:84248:74438	c1ccc(CN2CC(Nc3cccc(OC4CCOC4)c3)CC23COC3)cc1	0.029747
rxn:2:103460:78247	Cc1ccc([C@@H]2C[C@H]2NC(C)c2cc(-c3ccncc3)no2)cc1C	0.029738
rxn:2:117097:114558	CCCOc1cc(C)ccc1C(C)Nc1cnn(CC2CC2(F)F)c1	0.029733
rxn:2:75078:106343	CC(C)c1ccc2c(c1)OCC2NC1CCC(S(=O)(=O)C2CCCC2)CC1	0.029731
rxn:2:103472:117427	CCC1CN(c2cc(NC(C)c3ccn(C4CCC4)n3)ccc2C)CCO1	0.029707
rxn:2:124257:71423	CC(CCCN1CCN(C2CC2)CC1)NCc1cccc2c1OCCO2	0.029686
rxn:2:78370:133016	CC(CCN(C)CC1CC1)NCC1C(c2ccccn2)OCCN1C	0.029680
rxn:2:97232:91367	C[C@H]1CN(CCNC2CC(C(C)(C)C)C23CCC3)CCN1CC1CCC1	0.029679
rxn:2:92141:122546	CCCC1CCCC(NC(C)Cc2ncc(-c3sccc3C)[nH]2)C1	0.029675
rxn:2:90914:112585	COc1cc(OC)c2c(c1)C(N[C@@H]1COC[C@H]1N1CCCCC1)CCCC2	0.029674
rxn:2:79331:100411	C=C=CC(NCC1(CCN(C)C)CC(F)(F)C1)c1cccc(C)c1	0.029658
rxn:2:81059:73562	CCOc1cccc2c1CCCC2Nc1cnn2c(C)c(C)ccc12	0.029652
rxn:2:114479:91152	COc1cccc(C(Nc2nc(N3CCCC(C)C3)n[nH]2)C2CC2(F)F)c1	0.029641
rxn:2:81500:128417	COc1cc(C(C)NC2CCCC2c2cccnc2)ccc1OC(C)C	0.029641
rxn:2:82418:101283	CCc1ccc(OC)c(C(NC2CC(c3cccs3)C2)C(C)C)c1	0.029634
rxn:2:70169:137865	CC(Nc1ncnc(N2C(C)CCCC2C)n1)c1ccccc1C(C)(C)F	0.029627
rxn:2:128879:132777	O=S1(=O)Cc2ccccc2C(NCC(c2ccsc2)c2ccco2)C1	0.029609
rxn:2:103890:120065	CC1(C)CCOc2cccnc2C1NC1c2ccccc2CC12CCOCC2	0.029585
rxn:2:125345:75768	CCc1nccn1CCC(C)Nc1cc(CS(C)(=O)=O)ccc1OC	0.029584
rxn:2:110582:94487	CC(C)(CNC(CN1CCCCC1)c1cccs1)CC1CC1(F)F	0.029578
rxn:2:67135:75867	CC(C)COc1nn(C)cc1C(C)NC(C)COCC1CCOC1	0.029576
rxn:2:86519:125387	COc1c(C(C)Nc2[nH]ncc2-c2ccc(C)c(C)c2C)cnn1C	0.029569
rxn:2:113111:72493	CCCC(Cc1cccc2c1OCCO2)NC(C)CCC1CCC1	0.029565
rxn:2:80570:73993	CC(Nc1nc(N2CCCCC2)n[nH]1)c1ccc(-c2ccncc2)o1	0.029565
rxn:2:135481:69607	COc1ccc(C(NCc2cncc(C3CCC3)c2)C2CC2(F)F)cc1	0.029564
rxn:2:133756:115569	Cc1cc2c([nH]1)CCCC2NCCn1nc(-c2cccs2)ccc1=O	0.029562
rxn:2:95691:74396	CC(CCC1C(C)CCCC1(C)C)N[C@@H](C)c1ccc2nccn2c1	0.029562
rxn:2:85605:93040	Cc1cccc(C(NCC(c2cccnc2)N2CCCCC2)C(C)C)c1	0.029558
rxn:2:71817:126559	Cc1cnn2c(NC3CCC(C)CC3CN(C)C(C)C)cc(C(C)C)nc12	0.029557
rxn:2:80476:77792	CN(C)CCCN1CC(NC2CCCCC2Cn2cncn2)CC1(C)C	0.029556
rxn:2:69782:66279	COCC1(CNC2CCC2c2cc(OC)c(C)cc2OC)CCOCC1	0.029538
rxn:2:129844:107267	CCn1ncnc1CCNC(C)c1cccc(S(F)(F)(F)(F)F)c1	0.029534
rxn:2:131411:79365	CN(C)CCC1Cc2ccccc2C1NC1CCCN(CC2CCCO2)C1	0.029523
rxn:2:168928:115501	CC(CC1CCOCC1)Nc1nc2ccccc2n1-c1ccccc1	0.029517
rxn:2:113029:109163	CCn1nccc1-c1cc(NC(C)c2cnn(C3CC3(F)F)c2)on1	0.029514
rxn:2:74552:113191	COc1ccc2c(n1)CCC2NC1CC2CCC(C1)N2C(C)CCN(C)C	0.029509
rxn:2:87618:76708	COc1c(C)cccc1C(C)NCC1CC(C)N(C2CCCCC2)C1C	0.029490
rxn:2:121701:83121	COCCn1c(C)cc(CNC2CCc3cccc(OC)c3CC2)c1C	0.029488
rxn:2:96843:114498	CCC(CN1CCC(N(C)C)CC1)Nc1ccc(OC2CCOC2)nc1	0.029487
rxn:2:88590:91160	CN(C)CCN(C)C1CCC(Nc2ccnc(OC3CCOC3)c2)CC1	0.029487
rxn:2:132828:146225	Cc1nc(-c2ccc(C)n2C)sc1C(C)Nc1nccn1S(C)(=O)=O	0.029479
rxn:2:137514:119492	CCC1CCCN1CCC(Nc1cnc(-c2ncccn2)nc1)C(C)(C)C	0.029478
rxn:2:111470:136516	CCC(CNC(c1nnc(C)o1)C(C)C)N1CCN(C2CCCC2)CC1	0.029467
rxn:2:71288:110720	CCOc1ccc(C)cc1C(CC)NCc1cnc(C(C)(F)F)s1	0.029462
rxn:2:116698:132617	CN(Cc1ccccc1)C(C)(C)CNCC1CCCCN1CC1CC1	0.029462
rxn:2:127714:161499	CCc1cccc(NC2CCc3c(-c4ccco4)cccc32)c1	0.029458
rxn:2:90364:94276	COc1ccc2c(c1)SCCCC2Nc1ccc(C)c(C2CCOC2)c1	0.029447
rxn:2:104967:125926	COc1cc(N2CCC(NC(C)c3cccc4cccn34)CC2)cnn1	0.029446
rxn:2:79650:115970	CC(NC1(c2csc(C3CCCN(C)C3)n2)CC1)c1ccc(C2CC2)cn1	0.029437
rxn:2:111767:92261	Cc1cc(C)c(NC(C)c2c(C)ccc3ccccc23)nc1C	0.029428
rxn:2:113637:92702	CC(C)c1ccc2c(n1)OCCC2NCc1ccn(-c2cccnc2)n1	0.029411
rxn:2:86365:119686	Cc1ccccc1C(Nc1cccc(N2CCN(C3CC3)CC2)c1)C1CC1	0.029404
rxn:2:135823:143269	CCc1c(C(C)NC2CCCCC23CCOCC3)oc2ccc(C)cc12	0.029401
rxn:2:95947:85132	CCC(NC[C@@H]1OCCN(CC)[C@H]1c1cnn(C)c1)C1CCN(CC)C1	0.029393
rxn:2:111736:116279	CCOc1c(C)cc(C(C)NC2(CN(CC)CC)CCOC2)cc1C	0.029391
rxn:2:78750:112739	CCC(C)C1(C)CC(NC2CC(C)(C)Cc3nc(COC)sc32)CCO1	0.029384
rxn:2:109320:151332	Cc1nc(C(C)Nc2ncnn2C(C)C(C)(C)C)cc2ccccc12	0.029373
rxn:2:121977:124989	COc1ccc(OC)c2c1C(C)CC2NCc1ncnc2c1ccn2C	0.029352
rxn:2:115313:120210	CC(C)(C)C(CCN1CCCCC1)NCC(F)C1Cc2ccccc2C1	0.029352
rxn:2:94621:66156	CCC(C)Oc1ccc(CNC(C)c2csc(C3CC3)c2)cc1	0.029352
rxn:2:78250:132205	COc1ccc(-n2c(C)ccc2C)cc1NC1CC(c2nncn2C)C1	0.029351
rxn:2:122270:107138	CC(NC1CC2(CCC2)n2nccc21)c1noc(Cc2ccccc2)n1	0.029346
rxn:2:78514:106309	CCC(Nc1nncc2c1OCCN2C)c1ccc(-n2cccn2)cc1	0.029335
rxn:2:95938:69895	CCCC(CC(C)C)NCC1CC2CCC(C1)C2SCC	0.029327
rxn:2:87723:84142	COc1ccccc1C(CNC(C)CCc1nc(C)c(C)[nH]1)N(C)C	0.029324
rxn:2:75296:89245	CCN1CC2CC(OC)CC(NC3CC(c4ccccc4)C34CC4)(C1)C2(F)F	0.029323
rxn:2:125662:92422	Cc1ccccc1-c1cnoc1NC1CC(C)Cc2ccccc21	0.029323
rxn:2:87911:141454	CCCc1c(-c2ccoc2)nn(C)c1NC(CC1CC1)CC1CC1	0.029312
rxn:2:72460:86839	CC(CCN(C)C1CCN(C)CC1)Nc1ccc(N2CCCCCC2)nn1	0.029312
rxn:2:138645:151282	Cc1cccc2cc(C(C)N[C@H]3CCN(Cc4ccncc4)C3)cnc12	0.029288
rxn:2:120017:79298	COc1cccc2c1CCC[C@H]2NC(C)c1ccnc2ccccc12	0.029284
rxn:2:137051:131220	CCC(CC)c1cc(CNC2CCN(c3ccc(OC)cc3)CC2)on1	0.029278
rxn:2:122107:93350	CCC1CCC(N(C)C(C)(C)CNC2CCC3(CCC3)CC2)CC1	0.029267
rxn:2:116275:90726	CC(Nc1ncccc1C1CCC1)c1cc(-c2cc[nH]c2)ccn1	0.029264
rxn:2:114350:136497	CCCOc1ccc2c(c1)C(NC1(C3CCOC(C)(C)C3)CC1)CCC2	0.029259
rxn:2:116642:127322	CCC(NC(C)c1ccc2ccn(C)c2n1)c1nnc2n1CCCCC2	0.029254
rxn:2:83253:81724	COc1c(C(C)NC(C)C2(C3CCN(C)CC3)COC2)c(C)nn1C(C)C	0.029248
rxn:2:69469:97710	CCC(NC1CC[C@H](c2ccc(C)cc2)C1)c1ccc(C)c(OC)c1	0.029239
rxn:2:72063:86527	CCC1CCC(N2CCC(NC(C)c3ccc(N(C)C)nc3)CC2C)CC1	0.029236
rxn:2:93948:94739	Cn1[nH]c(NC2CCN(c3cccnc3)CC2)c(-c2ccccc2)c1=O	0.029234
rxn:2:132002:157648	COc1ccc(-c2ncc(C(C)NC3CC(C4CCN(C)CC4)C3)s2)cc1	0.029226
rxn:2:98353:91801	c1nnc(CCc2ccc(NC3CCCC3CN3CCCCCC3)cc2)o1	0.029224
rxn:2:95836:109108	Cc1ccccc1OCC1CC(Nc2nnc(-c3cnccn3)s2)C1	0.029208
rxn:2:106633:70732	COc1cc(C)cnc1C(C)NCc1ccccc1-c1ccccn1	0.029199
rxn:2:101123:86548	Cc1cc(NC(C)c2cnn(C3CCCCO3)c2)n(-c2cccnc2)n1	0.029191
rxn:2:92289:111172	CCc1nccn1-c1csc(C(C)NCC2(N3CCCC3)CCOCC2)n1	0.029191
rxn:2:117288:139332	CC1CCCCC12CC(NCC13CCC(CN(C4CC4)C1)C3(F)F)CCO2	0.029189
rxn:2:72441:124420	CCN(CC(NCC(C)(OC)C1CCOC1)c1cccs1)C1CC1	0.029185
rxn:2:75078:115900	CCC(NC1COc2cc(C(C)C)ccc21)c1c(OC)cccc1OC	0.029170
rxn:2:125750:103991	CCCc1cccc(NC(c2ccccn2)c2ccccn2)c1C	0.029148
rxn:2:88290:99796	Cc1cc(NC(C)CCSc2n[nH]c(=O)n2C)nn1C1CCCOC1	0.029126
rxn:2:135434:92605	Cc1cccn2c(C(C)Nc3cccc(N(C)CC(C)C)n3)cnc12	0.029126
rxn:2:134559:130639	COC1C(NCc2nc(-c3cc(C)ccn3)no2)c2ccccc2N1C	0.029121
rxn:2:128419:114890	Cc1ccc(-c2ccc(C(C)NC(C)CN3CCCC(F)(F)C3)nc2)cc1	0.029120
rxn:2:66311:141469	CSC1CCC1n1cc(C(C)NC(c2ccccc2C)C2(C)CC2)nn1	0.029107
rxn:2:94999:83331	CCc1cc(N2CCC(Nc3ncc(-c4ccncc4)o3)CC2)ncn1	0.029107
rxn:2:119646:121754	Cc1cc(C)cc(CC(C)C(C)NC2CCOc3c2ccc(C)c3C)c1	0.029106
rxn:2:92171:101800	CC1CCCCN1c1ncc(C(C)(C)NC2CCN(C3CCC3)C(C)C2)s1	0.029106
rxn:2:106947:141567	c1ccc(Cn2ccc(CNC3CCCC3c3ccccc3)n2)cc1	0.029091
rxn:2:102890:85274	CCOc1cccnc1C(C)NC(C)c1nc(-c2ccsc2)no1	0.029089
rxn:2:109695:69608	CCCC(C)CCC(C)N[C@@H]1C[C@H](F)CN(Cc2ccccc2)C1	0.029086
rxn:2:157839:71219	Cc1cc(C)c(-n2nc(C)c(C)c2NC(CCOC(C)C)C2CC2)cn1	0.029082
rxn:2:116960:124390	CC(CC1CCCCN1C)NC(C)(C)c1cnc(Cc2ccccc2)s1	0.029078
rxn:2:104426:142095	CSc1ccc(C(CC(C)(C)C)NC2CCCC(N(C)C)C2)cc1	0.029076
rxn:2:71647:132596	O=c1[nH]ccn2cc(NC3CCC4(c5ncccn5)C(C3)C4(F)F)cc12	0.029059
rxn:2:70682:76633	Cc1cc(C)c(CCC(C)NC2CC(C)(C)Cc3ncccc32)cc1C	0.029059
rxn:2:100475:132137	CC(Nc1cn(CCn2cncn2)nn1)c1cccc2c1OCCO2	0.029056
rxn:2:138051:116677	Cc1cc(C2CC2)ccc1NC(c1ccccc1)c1cscn1	0.029055
rxn:2:68623:84246	CCCN(CC1CCCCCC1NCC(C)n1ccnc1)C1CC1	0.029050
rxn:2:109216:164327	Cc1cnccc1-c1ccsc1C(C)Nc1ncnc2c1CN(C)CC2	0.029047
rxn:2:140600:101815	CC(C)Cc1ccc(C(C)NCC2CC(F)CN2Cc2cnn(C)c2)s1	0.029044
rxn:2:70592:75221	Cc1cc2[nH]cc(C(C)NCc3ccc(=O)n(CC4CC4)c3)c2cn1	0.029036
rxn:2:105400:93326	COc1ccccc1C(C)Nc1ccnn1-c1cc(C)ccc1OC	0.029017
rxn:2:93838:71826	Cc1ccc2sc(NC(C)c3cccc(OC4COC4)c3)cc2c1	0.029010
rxn:2:102618:140337	CSc1nccc(C(C)NC2CC3CCCc4cccc2c43)n1	0.029005
rxn:2:124051:73963	CC(C)COC1CCC(NC(C)c2cncn2Cc2ccccc2)CC1	0.029000
rxn:2:103062:90955	COc1cc(C)c(C(C)Nc2nc(C)nc3cc(C)ccc23)c(C)c1	0.028998
rxn:2:85832:79084	COc1ccc(C(NC2CC3C(CC2C)[C@@H]2CC[C@H]3C2)C2CC2)cc1C	0.028997
rxn:2:112682:126296	CC(Nc1ccc(CSc2ccccc2)cn1)c1ccc[nH]1	0.028994
rxn:2:92902:81706	Cc1cc(C(CN(C)C2CC2)NCc2c[nH]nc2C(C)(F)F)c(C)n1C	0.028991
rxn:2:77480:108131	CS(=O)(=O)C(CNc1cccc(-c2nncn2C2CC2)c1)C1CCCCC1	0.028991
rxn:2:138542:132499	CC(C)CN1CC(Nc2n[nH]c(SCc3ccco3)n2)CCC1(C)C	0.028988
rxn:2:119349:135955	COc1ncc(C(C)NC2(CN(C)CC3CCCC3)CC2)c2cc[nH]c12	0.028987
rxn:2:121223:80677	CCC(Nc1cc(COC)nc(-c2ccsc2)n1)C1CCCN1C1CC1	0.028985
rxn:2:95061:69777	COc1cccc2c1C(C)(C)CC2Nc1cc(C)cc(S(=O)(=O)C(C)C)c1	0.028982
rxn:2:130983:76685	Cc1ccc(N2CCC(NCc3nc(-c4ccco4)no3)CC2C)cc1	0.028982
rxn:2:131607:128014	COc1cc(OC)cc(C(C)Nc2cc(C3CCC3)nn2C2CCC2)c1	0.028980
rxn:2:119060:97340	CSc1ccc(C(C)Nc2ccc(Cc3ccn[nH]3)cc2)n1C	0.028967
rxn:2:97567:115775	CCC(C)(NC(C)CCCC1CC1)c1ccc(OC)c(OC)c1	0.028956
rxn:2:120991:128741	COc1ccc(OC)c(CC(C)NC2CCC(CC3CCOC3)CC2)c1	0.028955
rxn:2:78186:94829	CCCc1n[nH]c([C@@H](C)NC(CC)Cc2cccc(OCC)c2)n1	0.028951
rxn:2:125508:126804	Cn1c(C(C)(C)C)ccc(NC(Cc2ccncc2)c2ccco2)c1=O	0.028951
rxn:2:124763:69480	CCS(=O)(=O)C(C)C(NC1CCCC(n2cccn2)C1)c1cccc(C)c1	0.028948
rxn:2:95241:143682	Cc1ccc2c(n1)c(C(C)NC(CS(C)(=O)=O)c1ccco1)nn2C	0.028944
rxn:2:125298:76424	Cc1ccc(C(Nc2cccn3c(C4CCC4)nnc23)C2CCC2)o1	0.028932
rxn:2:123281:98726	Cc1cc(OC(C)C)c(C)cc1CCNC1CCC2(CC1)OC[C@H](F)[C@@H]2F	0.028908
rxn:2:69580:120261	Cc1cccc2c1c(CCC(C)NC(C)CCN(C)C(C)C)cn2C	0.028896
rxn:2:88552:98379	c1ccc2c(c1)COC21CCC(NC2CCc3ccc(C4CC4)cc32)CC1	0.028894
rxn:2:87986:94286	c1cc(OCCN2CCCCC2)ncc1NC1CCOC(C2CCCC2)C1	0.028879
rxn:2:139461:98013	CCc1c(C(C)C)nn(CC)c1NC1CCC(N2CC(C(C)C)C2)CC1	0.028869
rxn:2:68666:140003	COC1CN(Cc2ccccc2)CCC1NCCc1csc2c1CCCC2	0.028867
rxn:2:157119:71173	CCCc1ccncc1C(C)Nc1nc2[nH]c(C3CC3)cc(=O)n2n1	0.028856
rxn:2:97876:135929	Cc1nc(CC2CCC2)sc1C(C)NCCC1CC1c1cccnc1	0.028848
rxn:2:137115:70568	Cc1cnc(NC(C)CCc2[nH]nc3ccccc23)c(=O)n1C(C)C	0.028847
rxn:2:87339:88452	CCCCn1nc(C)cc1NC(c1ccccc1)c1cccnc1	0.028843
rxn:2:101214:114455	CCCC(Cn1ccnc1)NCCc1nc2cc(C)ccc2n1C	0.028842
rxn:2:67557:88598	COc1cccc(CC(NC2CCCc3nn[nH]c32)c2ccoc2)c1	0.028826
rxn:2:153749:96779	COc1ccccc1-n1cnc(=O)c(NC2CCN(C3CCCCC3C)CC2)n1	0.028825
rxn:2:93860:120420	CSCC(CC1CCCC1)NC(c1nc2ccccc2o1)C(C)C	0.028824
rxn:2:91963:117221	CC(C)Cn1[nH]c(=O)cc1CNC(C)c1n[nH]c2ccnn12	0.028822
rxn:2:106656:161843	Cc1ccc(C(Nc2cc3c(cn2)OCCC3)c2ccnc(C)c2)cc1	0.028822
rxn:2:162729:77502	CCCC(Nc1n[nH]c(CC)c1-c1ccc(C)cc1C)C1CCC1	0.028819
rxn:2:107818:85766	CCC(Nc1cc(C2(C)COC2)nn1C(C)(C)C)C1CCN(CC(C)C)C1	0.028817
rxn:2:109664:166003	c1cc(-c2ccc3c(c2)C(NCC2(N4CCCCC4)CCCC2)CC3)c[nH]1	0.028816
rxn:2:108946:141908	CC(NCCc1nc(-c2ccccn2)n[nH]1)c1cnc(C2CC2)s1	0.028782
rxn:2:90778:82264	Cc1cc(C)c([C@@H](NC2c3cocc3CCC2C)C(C)(C)C)c(C)c1	0.028774
rxn:2:100150:96624	CC(C)CN1C2CCC1CC(CCNC1CCCCc3ncccc31)C2	0.028767
rxn:2:68054:128856	Cc1ccc(CCC(NC(C)(C)CN2C3CCC2CC3)C(C)C)cc1	0.028763
rxn:2:70605:97947	Cc1ccc(C(NCc2cc(C)ccc2C2CC2)C(C)C)c(C)c1	0.028759
rxn:2:101711:133317	CCc1ccc(-n2nccc2CNC(COC)CC2CCOCC2)cc1	0.028753
rxn:2:87462:78173	Cc1ccccc1CCC(NCCc1c(C)nn(C)c1C)C1CCCC1	0.028741
rxn:2:110288:130674	Cc1cc2c(cc1C)C(NC(CCC(C)C)Cc1ccncc1)CCO2	0.028740
rxn:2:91490:128360	CCc1cc(N2CCCC2)ccc1NC1CCCCc2ccccc21	0.028737
rxn:2:130957:122899	COC(C)(C)C(C)NC1CCCCCCCCCCCCCC1	0.028735
rxn:2:74267:82495	CCC1CCCCN1c1ccc(C)cc1NCC(OC)C1CCCC1	0.028734
rxn:2:107037:128041	CCC(NCCc1cn(CC2CC2)nn1)c1cccc(OC)c1OC	0.028714
rxn:2:127398:135022	Cc1cc2c([nH]1)CC(C)(C)CC2NCc1cccc2[nH]c(=O)oc12	0.028713
rxn:2:127610:72165	CCC1Cc2cc(C(C)NCC3CC3c3ccc(C)c(C)c3)ccc2O1	0.028705
rxn:2:133311:124223	CCC(CC)N(C)c1ccc(C(C)NC2(c3cn(C)nc3C)CC2)cc1	0.028699
rxn:2:91974:137285	Cc1cnc(N(C)C2CCC(NC3CCN(Cc4cncs4)CC3)CC2)nc1	0.028690
rxn:2:72901:113664	COc1cncc(N2CCC(Nc3c(C)ccc(N4CCOCC4)c3C)CC2)n1	0.028689
rxn:2:106205:133167	CCCN(CCC)C1CCC(Nc2ncn(Cc3ccn(C)n3)n2)CC1	0.028682
rxn:2:76974:89504	CC(CCCn1ncccc1=O)NCCn1ccc2cccnc21	0.028680
rxn:2:71766:127675	COc1ccc2c(c1)CCC(C)C2NC1c2ccc(OC)c(OC)c2CC1C	0.028676
rxn:2:127039:102440	CC(NCc1cc(=O)[nH]n1C1CCCSC1)c1cc2scnc2cn1	0.028665
rxn:2:138944:138102	Cc1ccc(CNC2CC(C)(C)Oc3c(C)cccc32)c(OC2CCOC2)c1	0.028664
rxn:2:133024:146034	Cn1nc(C(Nc2nc3c([nH]2)CCC(F)(F)C3)c2ccccc2)oc1=O	0.028655
rxn:2:110593:90855	CC(NCc1ccccc1-n1cccn1)c1ccc(OC2CC2)cn1	0.028652
rxn:2:90472:138283	CCCC(NC(C)c1ccccc1-n1ccnc1)c1nc(C)nn1C	0.028644
rxn:2:107433:69876	Cc1cc(-c2cc(NC3CC(COc4ncccn4)C3)n[nH]2)c(C)o1	0.028632
rxn:2:157562:125149	CC(=O)n1ncc(C(C)NCc2nn(C)c3c2CCc2ccccc2-3)c1C	0.028632
rxn:2:82573:85897	COc1ccc2sc(C(C)NC3CCc4ccccc4C3F)nc2c1	0.028627
rxn:2:125929:84253	CCn1cnnc1C1CC(Nc2c(CN(C)CC3CCC3)c(C)nn2C)C1	0.028626
rxn:2:93989:116709	CCc1cc2ncc(C(C)NCC(C)(C)Cc3cccnc3)cn2n1	0.028619
rxn:2:132346:124480	CCn1nc2ccc(NC(C)c3ccc4c(c3)CCOC4)cc2c1OC	0.028616
rxn:2:70592:123497	CCCC(NCc1ccc(=O)n(CC2CC2)c1)c1ccc2c(c1)OCCO2	0.028613
rxn:2:97402:105229	CC1CCc2nn(C3CCOC3)c(NC(C)c3ccnc(N4CCOCC4)n3)c21	0.028608
rxn:2:72175:68445	c1ccc(CN2CC(NCCC34CCC(CC3)CC4)CC2C2CC2)cc1	0.028598
rxn:2:100058:80124	CC1CCC(F)(CN2CCC(NC(c3cccnc3)C(C)(C)C)CC2)CC1	0.028596
rxn:2:101109:85363	CC(C)CC(C)CC(C)Nc1cc(-c2ccccn2)nn1C(C)(C)C	0.028589
rxn:2:128975:68406	CC(NCC12COCC(CN(C3CC3)C1)C2(F)F)c1c[nH]c(=O)n(C)c1=O	0.028582
rxn:2:134728:78733	CCOc1cnc(NC(c2ccc(-n3cncn3)cc2)C2CC2)cn1	0.028578
rxn:2:108803:123591	CCCC(NCc1cnc2n(C)cccc1-2)c1cnn(CCC)c1	0.028573
rxn:2:116868:79350	CCc1nccn1CC(C)NC(C)c1ccccc1OCC1CCCO1	0.028561
rxn:2:67017:97388	Cc1cc(C)cc(C(C)Nc2nc(C)[nH]c2N(C)C2CCCCC2C)c1	0.028557
rxn:2:116956:168137	CCc1ccc2nc3n(c2c1)CCC3Nc1ccc(OC2CC2)nc1C	0.028553
rxn:2:126622:102111	CCC(NCc1nc(C(C)(C)n2cccc2)no1)C1CCN(C2CC2)CC1	0.028542
rxn:2:133052:118971	CCc1nc(CS(C)(=O)=O)sc1C(C)NC1CC(n2nn[nH]c2=O)C1	0.028541
rxn:2:116017:87886	Cc1ccc(OC(C)C)c(C(C)NC2(c3nnc(CC(C)C)o3)CC2)c1	0.028524
rxn:2:116629:129753	CC(NCCc1ncc2n1CCCC2)c1ccc(-c2cnn(C)c2)cc1	0.028488
rxn:2:97841:83373	CCC(NC1CC(Cc2nncn2C2CC2)C1)c1cccc(SC)c1	0.028486
rxn:2:74397:144573	Cc1cnc2[nH]c(C3CC(NCC(C)CC4(C(C)(C)C)COC4)C3)cc2c1	0.028486
rxn:2:90207:127675	COc1ccc2c(c1OC)CC(C)C2Nc1c(C(C)C)cnnc1C(C)C	0.028474
rxn:2:79278:95208	Cc1c[nH]c2c(C(C)NC3CCC(C)CC3N3CC(C)OCC3C)cccc12	0.028469
rxn:2:82100:128459	Cc1cnc(C)c(N2CCCC2CNC(C)c2cnn(CCC(C)C)c2)n1	0.028460
rxn:2:68385:117727	CSc1ccc2c(c1)C(NC1CN(c3cc4c(nn3)CCC(C)C4)C1)CCO2	0.028458
rxn:2:97794:73153	CN1CCC(C(N(C)C)C2(CNC3CCN(C4COC4)CC3)CC2)CC1	0.028451
rxn:2:79684:96135	CCC(NCc1ccccc1-c1nc(C)cs1)c1ccnc(C)c1	0.028448
rxn:2:72959:132994	CCOc1c(C(C)Nc2cc(C3CCOC3)nn2C)c(C)nn1CC1CC1	0.028446
rxn:2:107709:109163	CC(NC1CCCc2c1cccc2C(C)(C)C)c1cnn(C2CC2(F)F)c1	0.028445
rxn:2:112325:100518	c1cc2[nH]c3c(c2cc1NC1CCCCC1N1CCCC1)CCCCC3	0.028442
rxn:2:133484:128798	Cc1ccc(-c2cc(CCNC3CCN(c4cccnc4)C3)no2)cc1	0.028434
rxn:2:139359:124033	COc1cccc2c1OC(C)C2NCc1ccc(Cn2cccn2)cc1	0.028434
rxn:2:165211:96245	COc1nc(C)ccc1C(C)Nc1c(C)nc2scc(C3CC3)n2c1=O	0.028431
rxn:2:80707:79046	CCCn1nncc1CCNC(c1ccccc1)c1ncsc1C	0.028431
rxn:2:127499:102920	CCCc1nc(NC2COCc3cccnc32)n(Cc2ccccc2)n1	0.028429
rxn:2:107852:114295	Cc1cc(C(F)(F)CNC(CC2CCOCC2)CS(C)(=O)=O)cc(C)n1	0.028424
rxn:2:86005:84716	Cc1cc(C)n(C2CCCC(NC3CC4CCC(C3)N4Cc3cc(C)on3)C2)n1	0.028422
rxn:2:124914:107698	CSc1nnc(C(C)Nc2nc(-c3ccc(C)cc3)c(C)s2)n1C	0.028422
rxn:2:141866:90942	Cc1cn(CC(C)C2CCC2)nc1NC(C)c1ccc2nn[nH]c2c1	0.028419
rxn:2:152647:119273	COC(C)(C)CC(C)Nc1ccc(-c2nc3ccccc3[nH]2)cc1	0.028410
rxn:2:108568:90371	CCCOc1ccccc1C(C)NC1(c2ccco2)CCN2CCC1CC2	0.028392
rxn:2:151190:131475	Cn1c(CC2(NC3CC(=O)c4cccnc4O3)CCC2)nc2cnccc21	0.028390
rxn:2:104363:96972	COc1ccccc1C(C)(C)CNC1CCC(c2ccccc2)CC1C	0.028389
rxn:2:73405:131304	CC(C)C(NCc1cccn(CC2CCOC2)c1=O)c1ccc2c(c1)OCO2	0.028388
rxn:2:102643:72704	CCCCc1ccc(-c2ccc(NC3CCCOC3(C)C)s2)cc1	0.028384
rxn:2:109664:109444	CCOc1ccc(OC)cc1C(C)NCC1(N2CCCCC2)CCCC1	0.028372
rxn:2:99389:116448	Cc1cccc([C@H]2C[C@H](NC(CC34CC(C3)C4)c3ccccc3)C2)c1	0.028365
rxn:2:101582:79313	CCCc1c(NC(CC)c2cnccn2)cnn1-c1ccncc1C	0.028356
rxn:2:100516:134312	Cc1c(C2CCCC2NC(c2ccccc2)c2ccccn2)o[nH]c1=O	0.028343
rxn:2:91913:74630	Cc1cc(C)cc(N2CCC(NCc3ccc(C)cc3N3CCCC3)CC2)c1	0.028338
rxn:2:66071:96598	c1cc(C(Nc2cn(C3CCCC3)nc2CC2CC2)C2CCC2)ccn1	0.028335
rxn:2:117082:94467	CC(C)OCCC(N[C@@H]1c2ccccc2CC[C@H]1N(C)C)C1CCCC1	0.028334
rxn:2:122019:122138	C=C=CC(NCC(F)(F)c1ccc(C)cc1C)c1ccccc1OC	0.028333
rxn:2:94992:86454	CCc1nc(C2(NC3CCN(c4ccc(C)cc4C)C3)CCC(C)CC2)n(C)n1	0.028319
rxn:2:140928:85547	CCCCn1cnc2cc(NC(COC)c3cccnc3)ccc21	0.028312
rxn:2:92849:155791	Cc1cccc(-c2cccc(C(C)NCCn3cnc(C)cc3=O)c2)c1	0.028309
rxn:2:111954:107605	COCCn1c(C)cc(C(C)Nc2c(C)nn(CC3CCOC3)c2C)c1C	0.028298
rxn:2:81121:98285	COc1ncc2c(n1)C(NCc1cn(-c3nc(C)c(C)s3)nn1)CCC2	0.028297
rxn:2:118882:113969	Cc1cc(C)c2c(c1)OCCC2NC(Cc1ccncn1)c1ccc[nH]1	0.028297
rxn:2:78693:116210	CCc1cnn(C2CN(C)C2)c1NC(C)c1cn(C(C)C)nc1OC(C)C	0.028291
rxn:2:139074:161035	CC(CNC(c1cccc2cnn(C)c12)C1CC1)C1(C2CCOCC2)COC1	0.028290
rxn:2:122194:89451	CCOc1ccsc1CCNC1CCCc2nc(N3CCCCC3)sc21	0.028282
rxn:2:84612:75178	Cc1cc(NC(C)CCc2ccco2)cnc1N(C)CCC(C)(C)C	0.028280
rxn:2:86059:89281	CCc1cc(C(C)C)ccc1NC(c1cccnc1)c1cnccn1	0.028277
rxn:2:128051:78092	COc1cccc([C@H](NC2c3ccc(OC)cc3OCC2OC)C(C)(C)C)c1	0.028275
rxn:2:75935:93088	COc1ccc2c(c1)CCCC(NC(C)(c1ccccc1)C(C)(C)C)C2	0.028273
rxn:2:157175:72612	CC[C@H](Cn1c(=O)oc2ccccc21)NC(C)c1cc2n(n1)CCCO2	0.028269
rxn:2:74356:112972	CCc1nc(C2(NC3CCCCc4nc(C)ncc43)CCCC2)[nH]c(=O)c1C	0.028260
rxn:2:131233:99267	CC[C@@H](NC1CCN(C(c2cccs2)C(C)C)CC1)c1ccsc1	0.028259
rxn:2:91018:115902	c1cc2n(n1)C(CC1CC1)CCC2NCc1n[nH]c(-n2cnnc2)n1	0.028250
rxn:2:105449:92074	CCC(CCc1cccc(OC)c1)NCc1ncccc1OC1CC1	0.028242
rxn:2:82914:97209	Cc1cc2ccc(NC(C)c3ccnn3C3CCCCC3)cc2o1	0.028239
rxn:2:124724:131009	CC(NC1CCCCCC1c1ccccc1)C(C)c1ccccc1	0.028231
rxn:2:71026:109672	Cc1ccc(-c2c[nH]nc2CNC(CCC(C)(C)C)C(C)(C)C)cc1	0.028226
rxn:2:132846:113965	Cc1cccc(Cn2cnc(NC3CC(c4nncn4C(C)C)C3)n2)n1	0.028216
rxn:2:141166:104879	CC1C(NC[C@@H]2OCC3(CC3)c3sccc32)CCN(Cc2ccccc2)C1C	0.028214
rxn:2:69483:94406	CCCC(NCc1cn(CC)nc1-c1ccccc1)C1CCN(CC)C1	0.028213
rxn:2:126364:142019	CCN(C)C(C)C(Nc1cnn(CC2CCOC2)c1)c1ccc(C)c(C)c1	0.028213
rxn:2:99323:68819	CCS(=O)(=O)c1ncc(C(C)NCc2nc(CC(C)C)nn2C)cn1	0.028212
rxn:2:120868:102566	Cc1cnccc1C(C)NCCn1cc(-c2nc(C3CC3)no2)nn1	0.028209
rxn:2:123887:85409	Cc1cnc(C23CCC(Nc4ccccc4-c4ccnn4C)CC2C3)nc1	0.028209
rxn:2:122393:66840	CN(C1CC1)C(CNC1CCCC1CN1CC2CCC1C2)c1cccnc1	0.028200
rxn:2:78067:102026	Cc1nc(N2CC(C)CC(C)C2)sc1CNC1CC(C)(C)c2ccccc21	0.028191
rxn:2:158661:112189	CS(=O)(=O)c1cc[nH]c1-c1cccc(NC2CCOc3cncnc32)c1	0.028190
rxn:2:108044:114295	Cc1cc(NC(CC2CCOCC2)CS(C)(=O)=O)n(C2CCCCC2C)n1	0.028190
rxn:2:95693:105261	COc1ccc2nc(NC3CC(c4nc(C(C)C)no4)C3)c(C)cc2c1	0.028184
rxn:2:82751:118251	CC1CN(CC2CCCCC2)CCC1Nc1cn(CCC2CCCC2)nn1	0.028180
rxn:2:90818:90749	CCc1c(C)nn(CC(C)(C)C)c1NC(c1cnc(C)nc1OC)C(C)C	0.028178
rxn:2:117904:123474	CCc1c(C(C)C)nn(C)c1NC(CCN(C)C)c1ccc2c(c1)OCO2	0.028170
rxn:2:91751:139085	Cc1cc(C)c2nc(CCNC3CCCCc4[nH]ncc43)ccc2c1	0.028160
rxn:2:87174:66328	c1cc2c(cc1OCC1CC1)C(NC1CN(c3cc4c(nn3)CCCC4)C1)CC2	0.028158
rxn:2:95145:116137	CC(NC[C@H]1[C@H](c2ccccc2)C1(C)C)c1cccc2cnsc12	0.028157
rxn:2:86118:130381	COc1ccc2c(c1)CC[C@H](NC(C)c1cc(C)c3c(c1C)CCCCO3)C2	0.028157
rxn:2:140290:103720	CSc1nnc(NC2CCCCc3c2cnn3C(C)C)c(=O)n1C	0.028156
rxn:2:78820:75361	Cc1[nH]c(C2(CNC(CCN(C)C)c3ccsc3)CC2)nc1C(C)C	0.028146
rxn:2:92033:78920	CCC1CC(NCc2ccnc(CC(C)C)n2)CCN1Cc1ccccc1	0.028141
rxn:2:89118:93051	Cc1cc(C(C)Nc2ccc(COC3CCOCC3)cc2)cc2c1OCCO2	0.028135
rxn:2:153560:93210	Cc1c(C2CC2CNC(C)CC2SCCCS2)sc2ccccc12	0.028131
rxn:2:112483:158919	Cc1ccc2c(C(C)Nc3ncn(CCC4CCOC4)n3)nn(C)c2n1	0.028127
rxn:2:112349:70735	CCC(CC)c1cc(NC(C)CCc2cc(C)cc(OC)c2)no1	0.028123
rxn:2:81647:88136	CC(NC[C@@H]1CN(C)C[C@H]1c1ccccc1)c1cncc(C2=NC(C)(C)CO2)c1	0.028122
rxn:2:79340:82070	CC1(C)CC(Nc2cc(CCc3ccccc3)no2)c2cccnc2O1	0.028117
rxn:2:133174:142706	Cc1ccc2c(c1C)C(NC(C)c1nc3ccc(N(C)C)cc3o1)CC2	0.028115
rxn:2:70998:130986	CSCCC(Nc1c(C)ccc(C)c1C)c1ccc2c(c1)CCCO2	0.028112
rxn:2:78986:85669	CC(NCCc1ccc2ccncc2c1)c1cccc(CN(C)C)c1	0.028103
rxn:2:124821:113658	CCc1nc(C2CC2)c(C(C)NCC(C)(C)CC2(CC)COC2)s1	0.028102
rxn:2:108014:97186	CC(NCc1ccc(OCC2CCCO2)cc1)c1ccnn1C1CC1(F)F	0.028100
rxn:2:130536:129228	CCn1ncnc1-c1ccc(NC2CCC3(c4ccccn4)CC3C2)s1	0.028095
rxn:2:107719:99639	Cc1cc(C)c(C(NC2CCC3(CCCCC3)C2)C(C)C)cc1C	0.028093
rxn:2:161395:73700	CN(C1CCC(Nc2nc3ncn(C)c3c(=O)n2C)CC1)C1CCS(=O)(=O)C1	0.028081
rxn:2:69963:93170	Cc1ccc(Cn2nccc2NC(c2ccccc2)C2CCCO2)s1	0.028077
rxn:2:132844:125296	CCC(C)(NC1c2ccnn2CCC1(C)C)c1noc(-c2cn[nH]c2)n1	0.028074
rxn:2:83080:78875	Cc1cc(=O)n(CC(NC2CC(OC(C)(C)C)C23CCOCC3)C(C)(C)C)cn1	0.028074
rxn:2:79253:114454	CCS(=O)(=O)C(CNc1cccnc1N1CCC(F)CC1)C1CCCCC1	0.028070
rxn:2:80908:138102	CCN(CC)c1cccc(NC2CC(C)(C)Oc3c(C)cccc32)c1C	0.028029
rxn:2:94690:85841	CCCC1Cc2ccccc2C1Nc1nc(C)c(-c2cc[nH]c2)n1C	0.028018
rxn:2:73467:134944	CCC(NC1(C(C2CCN(C)CC2)N(C)C)CC1)c1cc2ccccc2cn1	0.028007
rxn:2:136655:121564	Cc1cc(C)cc(C(NCc2ccc3c(c2)CCCS3)C(C)(C)C)c1	0.028005
rxn:2:89886:108118	CCc1ccc2c(c1)OCC2NCCn1nc(C)c(-c2ccco2)c1C	0.027998
rxn:2:131285:127795	CCOc1cc(C(C)NC(C)c2ccc(C3CC3)cc2)ccc1OC	0.027996
rxn:2:98420:80964	Cc1cc(C)n(C(CNC2CCc3[nH]c(=O)ccc3C2)c2ccsc2)n1	0.027989
rxn:2:122180:66119	CCCC(C)(NC1CCC(N2CC(C)OC(C)C2)CC1)c1ncc(CC)[nH]1	0.027971
rxn:2:125555:88721	COc1c(NC(CN2C(C)CCCC2C)c2ccco2)c(C)nn1C(C)C	0.027963
rxn:2:85858:139585	CCC(NCc1ccc(OC2CCC2)nc1)c1ccc(OC)c(OC)c1	0.027962
rxn:2:161946:93708	C[C@@H]1CCCCC(Nc2ccc(-c3nc4cc[nH]cc-4n3)cc2)C1	0.027951
rxn:2:102967:109124	c1ccc(C(Nc2cccc(-c3cccnn3)c2)C2CCOCC2)cc1	0.027941
rxn:2:83357:132674	CC1CCC(Nc2ccc(C3CCOC3)cc2)C(C(C)(C)C(C)C)C1	0.027931
rxn:2:140452:131486	Cc1cc(-n2ncnc2NC2CCCC2Sc2ccccc2)cc(C)n1	0.027921
rxn:2:104833:96400	Cc1cc(C)nc(OC2CCC(NC3CC(CC4CCCCC4)C3)CC2)n1	0.027910
rxn:2:104120:68119	CCCSc1ccccc1NC(C)c1sc(N(C)C)nc1CC	0.027902
rxn:2:67921:114498	CCC(CN1CCC(N(C)C)CC1)Nc1cc(OC2CCOCC2)ccn1	0.027885
rxn:2:133699:123265	CCC(Cc1ccc(C)cc1)NCc1nc(OC)c(OC)cc1C1CC1	0.027882
rxn:2:130091:111741	CCCn1nc(NC(C)c2cc(C)n(C(C)C)c2C)cc1C1CCC1	0.027870
rxn:2:130673:121001	c1ccc2c(c1)C(Nc1cc(CCC3CCCCO3)n[nH]1)CC1CCCCN21	0.027865
rxn:2:122213:82183	CCCC(Nc1ccc(C(CC)OC)cc1)c1ccc(C)cc1	0.027862
rxn:2:116528:119885	Cc1ccc(CNC2CC(C)(C)Oc3ccccc32)c(OCC2CCOC2)c1	0.027857
rxn:2:97865:128856	Cc1ccc(CCC(NCC2CCCCN2c2cnccn2)C(C)C)cc1	0.027856
rxn:2:101631:81538	Cc1ccc(O[C@H]2C[C@H](NC3CCN(CCCN(C)C)C(C)(C)C3)C2)cc1	0.027855
rxn:2:79527:66730	COc1ccccc1CN1CCCC(NC2c3ccccc3CC2C(C)C)C1	0.027855
rxn:2:98852:106042	Cc1cc(N2CCCCC2)ccc1CNC1c2ccccc2-n2ccnc21	0.027852
rxn:2:120001:100920	COCCn1ccc(C(C)Nc2nnc(-c3cccc(C)c3C)s2)n1	0.027836
rxn:2:96236:135664	CCCC(Nc1cc(C)nc(CCOC)n1)c1ccc(OCC)cc1	0.027834
rxn:2:102631:110130	Cc1ccc(C(NCC2CC3CCCC(C2)N3C(C)C)c2ccco2)cc1	0.027814
rxn:2:95458:86003	CCOc1nc(OC)ccc1NC1CCCCC1Oc1cc(C)ccc1C	0.027798
rxn:2:121572:72195	Cc1cc(C)c(C(C)Nc2ccc(CN(C)[C@H](C)C(C)(C)C)cc2)c(=O)[nH]1	0.027797
rxn:2:67665:86949	CC(c1cccc(NC(c2ccnn2C(C)C)C2CC2)n1)N1CCCCC1	0.027793
rxn:2:77184:103992	CSC(C)(C)[C@H]1CC[C@H](C)CC1NCC1CC1Sc1ccccc1	0.027784
rxn:2:163857:103312	CC[C@H](Cn1nnc2ccccc2c1=O)NC1CCC2(CCC(C)CC2C)CC1	0.027782
rxn:2:151633:112157	COc1ccc(C(C)Nc2c(C)c(C)cc3c2ncn3C(C)C)s1	0.027782
rxn:2:140739:113750	CCC(NCCc1ccc(N2CCCC2)nc1)C(C)Cc1ccccc1	0.027779
rxn:2:141070:75117	Cc1cc2c(cc1C)C(NC(C)Cc1cnc(C3CCCC3)nc1)CC(C)O2	0.027752
rxn:2:79529:120588	Cc1ccc(NC2CCC(C)(C)c3occc32)cc1S(=O)(=O)C1CCCC1	0.027752
rxn:2:101979:137420	COc1cnn(CC2CC2(F)F)c1NC1CCc2c[nH]c3cccc1c23	0.027735
rxn:2:77908:115391	CC(C)(C)C1CCCCC1NCC1CC2(C1)CC(c1ccccc1)C2	0.027717
rxn:2:74502:98254	COc1ccc(-c2cnc(NC(CSC)c3cccs3)n2C)cc1	0.027711
rxn:2:107001:133993	CCOc1cc(C)ccc1C(CC)NCc1ccnn1C(C)C(C)C	0.027697
rxn:2:126982:80680	COc1ccc(N2CCC(NC3CC(c4nnc(N(C)C)o4)C3)C2)c(OC)c1	0.027695
rxn:2:140567:151034	CCc1ccnc(CCNC2CCCc3c2cnn3-c2nc(C)cs2)c1	0.027686
rxn:2:90135:82495	COC(CNC(C)C(OC1CCCCC1)c1ccco1)C1CCCC1	0.027669
rxn:2:78739:91616	c1ccc2c(c1)CCC1(CC1)C2NCC1CC1c1ccc2[nH]ncc2c1	0.027663
rxn:2:97515:114657	CN1CCCN(CC(NCc2ccc3snnc3c2)c2ccco2)CC1	0.027655
rxn:2:88718:129429	Cc1ccc(C2CC2CNC(C[C@H]2CCCN2C)C[C@@H]2CCCN2C)cc1	0.027644
rxn:2:135464:125795	Cc1nn2ncccc2c1C(C)NCC1CCCCC1OC1CCCCC1C	0.027641
rxn:2:106555:154703	Cc1ccc2c(C(C)Nc3ccc(CCS(C)(=O)=O)cc3)cn(C)c2n1	0.027631
rxn:2:138807:112856	CC(C)c1csc(C2(NC3CCN(c4cc(C5CC5)ncn4)CC3)CCC2)n1	0.027629
rxn:2:107035:136634	CCc1ccc(C(C)Nc2cc(C)cn3c(CC(C)C)nnc23)cc1	0.027628
rxn:2:132597:135788	COc1cc(N2CCOCC2)ccc1NC(C)c1cccc2ncncc12	0.027620
rxn:2:96391:66830	CCc1nc2c([nH]1)C(NC(C)c1ccc3[nH]c(C)cc3c1)CCC2	0.027610
rxn:2:118214:87753	Cc1nccn1CCSc1ncccc1NC1CCN(CC2CCC2)C1	0.027600
rxn:2:118118:137212	CCCCN1C(CNC2(c3nncs3)CC(F)(F)C2)CCCC1C(C)C	0.027595
rxn:2:66189:129427	CCCCC(NC1CCC(C)(C)CC1S(=O)(=O)CCC)c1c[nH]cn1	0.027587
rxn:2:136213:68909	CCn1cc(CNC2CCC(c3ccc4c(c3)OCO4)CC2)c(C2CCOC2)n1	0.027580
rxn:2:136679:116038	CCC1CCC(NC(CC(C)C)c2ccc(OC)cc2OC)C(F)C1	0.027578
rxn:2:78714:75600	CCC1CCCC(CN[C@H](C)c2ccc(OC)c(OC)c2OC)N1CC	0.027573
rxn:2:91084:72000	COc1cc2c(cc1C)CCCCC2Nc1nccnc1-c1ncon1	0.027571
rxn:2:102989:152994	CC(C)S(=O)(=O)c1cnc(NC2CCOc3ccc4ccccc4c32)s1	0.027567
rxn:2:112394:81889	Cc1nc(NC2CC(C)(C)Cc3onc(C)c32)ccc1C1CCCN1C(C)C	0.027555
rxn:2:142786:96106	Cc1c(C(C)NCC(C)CCc2ccc3[nH]c(=O)oc3c2)ccn1C	0.027553
rxn:2:98815:109106	COc1cc2[nH]cc(C(C)NCc3cnn(C(C)C)c3OC)c2cn1	0.027549
rxn:2:119190:159720	CN(C)c1cncc(CNC2CCCC(c3c[nH]c4ccccc34)C2)c1	0.027541
rxn:2:84410:103629	CC(NC1CC2CCC(C1)N2CC1CCCOC1)c1ccnn1C(C)C1CC1	0.027537
rxn:2:138504:137126	Cc1cc(C)n2c(CCNC(C)c3ncsc3C3CCCC3)nnc2n1	0.027524
rxn:2:74819:137545	CCC(NC(c1ccc[nH]1)C1CCCN(C)C1)C1CCN(c2cnccn2)C1	0.027522
rxn:2:117187:127675	COc1ccc2c(c1OC)CC(C)C2Nc1cnn(-c2cccnc2)c1C	0.027519
rxn:2:69817:138089	CCc1c(NC2CC(C)Cc3cccnc32)cnn1-c1ccncc1OC	0.027518
rxn:2:117700:67724	COc1ccc(C(C)(C)NC(C)c2sc(-n3cccc3)nc2C)cc1	0.027510
rxn:2:103764:66119	Cc1ccc(-c2cnc(C3(NC4CCC(N5CC(C)OC(C)C5)CC4)CC3)[nH]2)o1	0.027501
rxn:2:68803:73977	CCC(C)N1CCC(Nc2ccc(C)cc2OCCC(C)C)C(C)C1	0.027493
rxn:2:70918:99191	CCC(Nc1ccn(CCC2CCOC2)n1)C1CCN(C2CCCCC2)C1	0.027482
rxn:2:110742:102408	CCCC(C)c1cc(NC(C)CCSc2ccccc2)n(C)n1	0.027469
rxn:2:82198:115356	COc1ccc(C(C)CC(C)N[C@H]2C[C@@H](c3cccc(OC)c3)C2)cc1	0.027469
rxn:2:75359:92020	CCc1cc2c(o1)C(C(C)CNC1c3ccccc3OCC1(C)C)CCC2	0.027467
rxn:2:135057:127307	CCCc1cccc(C(C)C)c1NC(C)c1cc(C)nn1CCC	0.027448
rxn:2:144762:95004	Cc1ccc(-n2c(=O)c(NC3CCC(c4ccccc4)C3)c(C)n2C)cc1	0.027438
rxn:2:75697:143330	CCCCc1ccc(NC2c3ccccc3COc3ccccc32)nn1	0.027436
rxn:2:68770:112206	CCC(Nc1cc(C2(C)CCCO2)nn1C)C1CCN(C2CCCCC2)CC1	0.027435
rxn:2:92968:135719	CCC(C)(CC)c1cc(NC2CCC(c3ccccc3)CC2OC)[nH]n1	0.027420
rxn:2:88851:168579	CC(C)c1cn[nH]c(=O)c1NC1CCCc2nc(-c3ccccc3)sc21	0.027414
rxn:2:106884:74960	CCC(C(NCCc1cn(C2COC2)nn1)c1ccccc1)S(C)(=O)=O	0.027401
rxn:2:128976:125240	CCc1cccc2c1CCC(NCc1ccncc1OCCC(C)(C)C)C2	0.027391
rxn:2:68913:114169	Cc1ccc2ncc(C(C)NC(c3cccc(C)c3C)C(C)C)n2c1	0.027386
rxn:2:131034:128988	COc1cc2c(c(OC)c1)C(N[C@H](c1ccc(C)cc1C)C1CCC1)CC2	0.027383
rxn:2:103009:75779	CC(Nc1cn(C)c2ncccc12)c1ccnc2nccnc12	0.027378
rxn:2:75997:90475	CCCCN1CCC(NC(C)CCc2ccc(C3CC3C)o2)C1(C)C	0.027374
rxn:2:95282:88808	COc1cccc(OC)c1C(NC(CC1CC1)c1cccnc1)C1CC1	0.027363
rxn:2:105580:85635	CC1CN(C2CCCCCC2NC2CCc3[nH]c4ccccc4c32)CCCO1	0.027360
rxn:2:123840:86748	CC(NC(Cc1cccnc1)C1CCCC1)c1cccc(N2CCCC2)c1	0.027357
rxn:2:101033:137921	CC1CCc2nc(NC(C)CCc3nc(-c4ccccc4)c[nH]3)nn2C1	0.027354
rxn:2:150727:127554	CCC(Nc1c(-c2cccs2)nc2ncccn12)C1CC2(CCC2)C1	0.027344
rxn:2:121673:84000	CCN1CCC(NC(C)c2nc(-c3cccs3)c[nH]2)C1c1cscn1	0.027339
rxn:2:82252:93176	O=S(=O)(F)c1ccccc1NC(Cc1ccncc1)c1ccccn1	0.027338
rxn:2:141348:133545	CC(NCc1cnn(CC2CCCC2)c1)c1ccccc1CC(C)(C)C	0.027338
rxn:2:150475:93916	Cc1cc(=O)c2nnc(C(NC(c3ccccc3)C(C)F)C(C)C)n2[nH]1	0.027336
rxn:2:119115:68088	CC[C@@H](NC1CCN(C(C)c2ccc(C)cc2)CC1)c1ccc2c(c1)OCO2	0.027336
rxn:2:125718:137108	CCCc1c(NC(C)c2cccc(-c3ccccc3)c2)c(=O)n(C)n1C	0.027334
rxn:2:93013:162958	CC(NC(C)c1ccn(C(C)C)n1)c1cc2ccccc2c(N(C)C)n1	0.027331
rxn:2:137437:119877	c1cc(OC2CN3CCC2CC3)ncc1NC1CCC(CN2CCOCC2)CC1	0.027327
rxn:2:139466:131404	Cn1nccc1C(NCCc1c[nH]c(=O)[nH]1)c1ccnn1C	0.027322
rxn:2:110109:109307	CCn1cc(C(C)NC(C)c2cc(-c3ccccc3)sc2C)cn1	0.027321
rxn:2:105644:94751	CCC(N[C@@H](c1c(C)cccc1C)C1CCCCC1)C1=NCCCC1	0.027315
rxn:2:133683:107819	COc1cccc2occ(CNC3CCC(CN4CCCC(F)(F)C4)CC3)c12	0.027314
rxn:2:91632:85656	COc1cc(C)c(C)cc1C(CCSC)NC1CN(C2CCSCC2)C1	0.027290
rxn:2:80520:101933	CC(CCc1ccc2c(c1)OCCO2)Nc1cncc(-c2ccn[nH]2)c1	0.027289
rxn:2:70858:119538	Cc1cc(C)c2c(c1C)OCCC2NCc1cn(C)nc1-c1ccccc1	0.027279
rxn:2:109598:137258	CCCC(Cc1ccc(OC)cc1)NC(C)CCC1CCCC1	0.027279
rxn:2:151760:102043	Cc1ccc2c(c1)C(Nc1nc(=O)nc(-c3cn(C)cn3)[nH]1)CCCC2	0.027278
rxn:2:116794:110503	CCC(Nc1cccc(OCCS(C)(=O)=O)c1)C1CCN(C(C)C)CC1	0.027272
rxn:2:135035:119985	CC(NC1CC(C)(C)CC(C)(C)C1)c1cccc(-c2cccs2)c1	0.027270
rxn:2:84559:168046	COc1ncnn2cc(C(NCCC(C)n3ccnc3)C(C)C)cc12	0.027262
rxn:2:100329:106358	CCOc1ccc(C(N[C@H]2C[C@H](c3ccc(C)cc3)C2)C2CCCO2)cc1	0.027258
rxn:2:90857:72823	Cc1sc(C)c2c1CCOC2CNC(CCC(C)C)c1ccccc1	0.027257
rxn:2:94420:121174	Cc1ccc(C)c([C@@H](NC(c2ccnn2C)C2(C)CCC2)C2CCOCC2)c1	0.027250
rxn:2:142494:137198	CCCCC(Cc1ccco1)Nc1cccc(-n2ncccc2=O)n1	0.027241
rxn:2:82272:89466	CC(NCc1cc2ccoc2cn1)c1c2ccccc2nn1C	0.027221
rxn:2:73935:71019	CCC(C)n1cnnc1CC1CC(NC2CCCC(c3ncccc3C)C2)C1	0.027215
rxn:2:166315:130614	COc1cc2c(=O)[nH]ccc2cc1NC1CCC(CC2CCCCC2)CC1	0.027215
rxn:2:85147:72095	CCC(NC(C)CCN(C)C1CCN(C)C1)c1c2c(c[nH]c1=O)CCCC2	0.027207
rxn:2:124256:129487	CC(NCc1cccc2cn[nH]c12)c1ccc2scnc2c1	0.027200
rxn:2:111200:122570	Cc1cc(NC2CC(Cc3noc(C4CCC4)n3)C2)nn1CC1CC(F)(F)C1	0.027186
rxn:2:153185:107758	CCN1CC2CC(Nc3nccnc3Oc3ccc(C)cc3C)CC(C1)C2(F)F	0.027176
rxn:2:122596:95262	CCc1ccc(CN2CCC(CNC3CC4CC(C3)c3ccccc34)CC2)o1	0.027142
rxn:2:100123:85181	CCCC(NCC(C)(C)CCS(C)(=O)=O)C1CCCN1C1CCC1	0.027138
rxn:2:73433:74143	C=C=Cc1cccc(C(C)N[C@H]2CCOc3cc(OC)c(OC)cc32)c1C	0.027136
rxn:2:139386:102093	CCC(C)n1cc(C(C)NCC(C2CC2)N2CCCc3ccccc32)cn1	0.027135
rxn:2:86021:78178	COc1nc(C)nc(OC)c1NC(C)c1cnc(-c2ccc(C)nc2)s1	0.027133
rxn:2:78115:110026	CC(NCc1cc(CC2CCCC2)n[nH]1)c1nc(-n2cccn2)cs1	0.027117
rxn:2:149229:136155	Cc1c(CNC(C)c2ccn(CC(C)C)n2)n2c3c(cccc13)CCC2	0.027114
rxn:2:93402:81454	CCCc1cc(NCC(Cc2cccs2)c2ccccc2)on1	0.027113
rxn:2:132121:137325	CCCC(NCc1nccc2ccccc12)c1ccc(C)c(C)c1	0.027102
rxn:2:85832:122384	COc1ccc(C(NC2CCCOc3c2c(C)nn3C(C)C)C2CC2)cc1C	0.027097
rxn:2:96825:115257	COc1cn(C)nc1C(C)Nc1[nH]ncc1-c1nncn1C1CCCC1	0.027096
rxn:2:67166:140101	CCN(C1CC1)C1(CNC(c2ccccn2)C(C)C)CCCCCC1	0.027091
rxn:2:102271:128034	COc1cc([C@@H](NC2CCOc3c(OC)ccc(OC)c32)C2CC2)ccc1C	0.027073
rxn:2:122982:151325	Cc1cnc2c(c1)nnn2CCC(C)NCC(CC(C)C)N1CCCCC1	0.027071
rxn:2:107548:91400	CC(NCCC1(C2CCSCC2)CCOC1)c1cc(-c2ccccc2)on1	0.027067
rxn:2:98681:154402	CC[C@H](NC(C)c1ccnc(-c2cc(C)sc2C)c1)c1ncccn1	0.027066
rxn:2:102640:136899	CCS(=O)(=O)c1ccc(C)cc1CNC1CCCc2c1ccc(OC)c2OC	0.027061
rxn:2:124615:102419	CCCC(Cc1ccc2ccccc2c1)NCC1CN(CCN(C)C)C1	0.027058
rxn:2:99744:74704	CC1COCCN1Cc1ccoc1CNC1c2ccccc2CCCCC1(F)F	0.027049
rxn:2:136906:144119	CC(NCc1nn(C)c2c1CCCC2)c1ccccc1-c1ccc[nH]c1=O	0.027040
rxn:2:78888:110638	CCCN1CCC(C)N(C)C(CCNC(C)c2ccc3c(c2)CCCCO3)C1	0.027035
rxn:2:97444:126649	CCCOc1c(C(C)NCc2nc(C)c3ccccc3n2)c(C)nn1C	0.027026
rxn:2:113804:87694	COc1cccc(C(COC(C)(C)C)NC2CCCCC2c2cnn(C)c2)c1	0.027021
rxn:2:88196:125648	CC1(C)C(NCc2ccccc2N2CCCCCC2)CC1c1ccccc1	0.027020
rxn:2:147770:125595	CS(=O)(=O)CCC(Nc1cc(-c2cnn3ccccc23)[nH]n1)C1CC1	0.027019
rxn:2:66931:155015	O=C1c2ccccc2C(Nc2nn(C3CCCC3)c3c2CCC3)c2nccn21	0.027018
rxn:2:130626:99886	CCOc1nn(CC)cc1C(C)NCc1cccc(-c2ncco2)c1	0.027015
rxn:2:76236:160689	Cc1ccnc(-c2ccccc2C(C)NC2CCC(CS(=O)(=O)C(C)C)C2)n1	0.027011
rxn:2:99539:126428	c1ccc2c(c1)COCC21CCCC(N[C@@H]2CCO[C@H]2c2cnn(CC3CC3)c2)C1	0.026996
rxn:2:103292:111608	Cc1coc2ncnc(NC(C)c3cnc4nncn4c3C)c12	0.026992
rxn:2:108764:96468	CC(C)Cc1csc(C2CCC(NC[C@@H]3CCc4ccccc4O3)CC2)n1	0.026989
rxn:2:89441:103407	CCCCN1CCCC(C(CC)Nc2csnc2-c2ccccc2)C1	0.026988
rxn:2:136233:73907	CCCC(NCc1nc(C(C)C)ncc1N(C)C1CC1)c1ccccc1	0.026987
rxn:2:106879:136618	c1ccc(CN2C3CCC(Nc4cccc5c4CCC4(CC4)C5)C2CC3)cc1	0.026978
rxn:2:132925:137809	COCCC(N[C@H](c1ccc(S(C)(=O)=O)cc1)C1CC1)C1CCCCC1	0.026971
rxn:2:80198:125797	CCn1c(=O)oc2ccc(NC(c3ccccc3)C3CCS(=O)(=O)C3)cc21	0.026970
rxn:2:113534:138839	CC(NCc1ccc2c(c1)CN(C)CCO2)c1cnc(-c2ccsc2)cn1	0.026960
rxn:2:110223:83653	Cc1cnn(C2CCCCCCC2)c1NC1CCC2(CC1)C(C)C2(F)F	0.026957
rxn:2:84219:157807	COCc1cc(C)[nH]c(=O)c1CNC(C)c1cc2cc(C)cc(C)c2o1	0.026957
rxn:2:130236:122857	CCC(CC)Cn1nc(C)c(C)c1NC1CCOc2c(OC)cc(C)cc21	0.026948
rxn:2:130316:91440	CC(C)COc1ccc(C(C)Nc2ccc(N3CCC(F)(F)C3)nc2)cc1	0.026944
rxn:2:94029:90060	Cc1ccc(NC(C)c2ccc(=O)n(CC3CC3)n2)c(-n2cnnc2)c1C	0.026940
rxn:2:66264:100381	Cc1cc(-c2ccccc2)ncc1NC1CCCCc2c[nH]cc21	0.026937
rxn:2:91428:135788	CC(Nc1cnccc1N(C)C(C)C(C)C)c1cccc2ncncc12	0.026930
rxn:2:76420:114813	CCC(Nc1cc(=O)[nH]n1C(C)C1CCCC1)c1ccc2nccn2c1	0.026915
rxn:2:127157:116518	Cc1cc(COc2ccc(NC3COc4c(C)ccc(C)c43)cc2)n(C)n1	0.026908
rxn:2:145101:112865	CCC(NC(C)(C)c1c(C)n2c3c(cccc13)CC2)c1ccsc1	0.026907
rxn:2:136755:109363	Cc1cccc(C(NCc2cccn(C3CCOC3)c2=O)C(C)N2CCCC2)c1	0.026904
rxn:2:154993:123043	CCCC(Nc1c(C)c(C)nn1-c1ccc(OC)cn1)c1cnccn1	0.026900
rxn:2:118594:162733	COc1cnnc(C(C)NC(C)c2ccc(-c3ncc[nH]c3=O)cn2)c1	0.026888
rxn:2:101073:73823	COCC(C)(CNC1CC(C2CC2)Oc2ccccc21)N1CCC(C)CC1C	0.026887
rxn:2:88674:73508	CCCN1CC(CNc2c(C)c(-c3ncccn3)nn2C)c2ccccc21	0.026882
rxn:2:97656:66840	O=c1ccn(CC(NC2CCCC2CN2CC3CCC2C3)c2ccccc2)cc1	0.026874
rxn:2:95106:115752	CCc1ccc(OC)c2c1C(NCCn1nnc3ccc(C)nc31)CCC2	0.026869
rxn:2:72118:135314	COc1ccc(NC2CC(c3ccccc3)C23CC(F)(F)C3)c2nonc12	0.026867
rxn:2:69446:110447	CCCc1ccc(C(F)(F)CNC(CCN(C)C)c2cnccn2)cc1	0.026842
rxn:2:110331:134622	CCC12CCC(CC1NC(C)(C)CCC1(c3cccnc3)COC1)C2(C)C	0.026838
rxn:2:105912:78184	CCCc1sc(NC(Cc2ccccn2)c2ccccc2)nc1C	0.026838
rxn:2:93069:99393	COC1C2CC1CN(c1ccccc1NC(C)c1ccc3cnoc3c1)C2	0.026838
rxn:2:85777:142228	COc1ccc2c(C)nc(NC3CCCc4ccc(OC)c(C)c43)nc2c1	0.026836
rxn:2:84417:113397	CCc1ccn2cc(CNC(C)CCOc3cccc(C)c3)nc2c1	0.026835
rxn:2:110068:144755	Cc1ccc(-c2ccc3c(c2)C(NCC2CC2c2ccccn2)CO3)s1	0.026829
rxn:2:160083:122245	CC(Nn1ccc2nc3ncnn3cc2c1=O)c1csnn1	0.026827
rxn:2:134253:101629	CCCC(C)N1CCC(C(CC)Nc2cccc3c2C(C)CC3)CC1	0.026826
rxn:2:137361:122842	COc1ccccc1C(Nc1ccc2c(c1)N(C)CCCC2)C1CCCC1	0.026824
rxn:2:96923:76763	CCCCc1nnc2scc(CNC3CC(Oc4ccccn4)C3)n12	0.026818
rxn:2:160041:111892	CCS(=O)(=O)c1ccc2oc(NC3CCCN(C4CCCCCC4)C3)nc2c1	0.026815
rxn:2:69225:116389	CCC(NCc1nn(CC)c2ccccc12)c1ccc(N(C)C)nc1C	0.026807
rxn:2:135652:152320	CC(=O)n1cc(C(C)Nc2nn(CC3CCC3)cc2C)c2cc(C)cnc21	0.026805
rxn:2:72132:71859	c1cc(N(C2CC2)C2CCSC2)ccc1NC1CC(CN2CCCCC2)C1	0.026801
rxn:2:118591:98867	Cc1cn2nc(C)c(C(C)NCC3CCCN(C4CCCCCC4)C3)c2s1	0.026798
rxn:2:102058:144858	CCn1c(C(C)C)c(NC2c3ccccc3-c3cccc(C)c32)c(=O)n1C	0.026794
rxn:2:133868:112505	Cc1ccc(C(C)(C)CC(C)NC[C@@H]2C[C@H]2Cc2ccccc2)cc1	0.026783
rxn:2:117346:147265	COc1cccc2c1c(C(C)NC1CCN(Cc3nncn3C)C1)cn2C	0.026781
rxn:2:106333:113723	Cc1ccc(CC2CN(C)CCC2Nc2csc3ccccc3c2=O)cc1	0.026780
rxn:2:134148:127803	Cc1ccc(C(Nc2ccccc2-n2cccc2)C2CC2)cc1C	0.026777
rxn:2:140697:69061	COc1ccccc1[C@H]1CCC(N[C@@H](CCC(C)C)c2ccoc2)C1	0.026776
rxn:2:130993:131574	Cc1cc([C@@H](CC(C)C)NC(C)c2cncc3c2ccn3C)oc1C	0.026769
rxn:2:85401:79943	CC(C)c1cc(C(C)NCc2ccnn2C2CCSC2)c(C(C)C)s1	0.026760
rxn:2:112702:107569	Cc1ccncc1C(CC(C)C)NCCc1nc(-c2ccco2)no1	0.026753
rxn:2:97791:73498	COc1ccc2c(c1)C(NC1CCC(c3nncn3CC3CC3)CC1)C(C)(C)C2	0.026747
rxn:2:105056:129240	CCCCC(NC(C)CCc1ccc2c(c1)CCN2C)c1ccccn1	0.026736
rxn:2:116416:91246	CCCOc1ccc2c(c1)CCCC2N[C@@H](C)c1ccc2nonc2c1	0.026727
rxn:2:117737:97420	CCc1ccc(C2CCCCC2NC(C)c2ccc(C)c(OC)c2)cc1	0.026725
rxn:2:137836:117049	Cc1cnc2[nH]cc(CCNC(CC(C)C)c3ccc[nH]3)c2c1	0.026724
rxn:2:111972:128463	COc1cc2c(c(OC)c1OC)CCC2NCc1ccnc2c(C)cnn12	0.026722
rxn:2:136146:151131	c1cc(NC2Cc3ccccc3Cc3ccccc32)nc(N2CCOCC2)c1	0.026716
rxn:2:123138:126836	CC(NC(c1ncon1)C(C)C)c1cnccc1OCc1ccco1	0.026715
rxn:2:97301:131574	CC(NCCc1nnc(C2CCCN(C)C2)o1)c1cncc2c1ccn2C	0.026710
rxn:2:139752:70894	COc1cc(NC2CC(c3ccccc3)C23CCCC3)c(C)c(OC)c1C	0.026699
rxn:2:112619:70665	CCc1noc(CSc2cnc(NCC3Cc4ccccc43)s2)n1	0.026697
rxn:2:65888:105037	CCOc1c(C)cc(C)cc1C(CC)N[C@H]1COc2ccc(S(C)(=O)=O)cc21	0.026696
rxn:2:117779:94692	CC(C)CCC(NC(C)c1nc2c(s1)C(C)(C)OC2(C)C)c1ncco1	0.026696
rxn:2:73315:166447	CN1CCCC(CCC(C)(C)NC(c2c3ccccc3nn2C)C(C)(C)C)C1	0.026694
rxn:2:80882:120004	CCC(Nc1cccc(OCC2CC(F)C2)c1)c1cc(C)cc(C)c1	0.026692
rxn:2:123381:124667	CCC1CN(CCOC)CCC1NCC1CC(OCc2ccccc2)C1	0.026691
rxn:2:118648:85501	CCCN1C2CCCC1CC(N[C@H](CC(C)C)c1ccccc1OC)C2	0.026686
rxn:2:93472:165447	Cn1cccc1C(CSc1nncn1C)NC1CCn2ncnc2C1	0.026678
rxn:2:114426:77693	CCCn1cc(C(NC(C)c2nn(CC)nc2C)c2cccs2)cn1	0.026666
rxn:2:124456:168662	CCCC(NCc1nnc2n1CCCC2)c1ccc2c(ccn2CC)c1	0.026660
rxn:2:102261:129044	CC(NCCN1CCC(c2ccccc2)CC1)c1ccc(N2CCCC2)cc1	0.026657
rxn:2:72687:125321	COCC1CCN(c2ccc(NC(C)c3ccnc(C(C)(C)F)c3)cn2)CC1	0.026654
rxn:2:86721:98661	CC(C)c1ccc(CCC(NC2CC3(CCCC3)C2)C(C)C)cc1	0.026654
rxn:2:143282:78736	CCn1nc(C)c(-c2cccc(NC3CCC(C)(C(C)C)CC3)c2)c1C	0.026650
rxn:2:86843:167954	Cc1cnn(C)c1-c1ncccc1C(C)NCCC1CC1c1ccoc1	0.026645
rxn:2:94798:126409	CCCC(CCS(C)(=O)=O)NC1CC(C)(C)Cc2oc(C(C)C)c(C)c21	0.026622
rxn:2:68462:99658	CC(C)c1cc(-c2nnc(NC3C[C@H](C)Sc4sccc43)s2)n(C)n1	0.026620
rxn:2:68639:91851	CCCC(NCc1ncc(C)cc1SC)c1ccccc1OCC	0.026608
rxn:2:106219:105848	CCOc1ccc(CC)cc1C(C)Nc1nn(CCC(C)C)cc1C	0.026595
rxn:2:112527:99820	CCOc1c(C(C)NC2CCN(CC3CCCO3)CC2)cnn1CC1CC1	0.026593
rxn:2:79608:167914	CN1CCC(Cn2cc(CNC3CCc4ccc5ccccc5c4C3)nn2)C1	0.026593
rxn:2:117322:137419	CCc1ccc2scc(CCNC3CCCN(CC(C)C)C3(C)C)c2c1	0.026564
rxn:2:83988:92397	CCOc1[nH]ncc1C(C)NC(CC(C)C)C1C2CC3CC(C2)CC1C3	0.026560
rxn:2:114347:139233	CCCC(NCCC1CN(C2CC2)CC(C)(C)N1C)c1cn(C)nc1OC	0.026553
rxn:2:131266:120973	CCC(NCC(F)(F)c1ccc2c(c1)OCO2)c1ccc2c(c1)N(C)CC(C)O2	0.026547
rxn:2:139725:119459	Cc1ccccc1C(CC(C)(C)C)Nc1cccc(CC2CC2)c1	0.026537
rxn:2:95066:132951	CN(C)c1cccc(-c2cc(NC3CCCCC3c3cncnc3)[nH]n2)c1	0.026514
rxn:2:128386:98813	Cc1ccc(-c2cccc(C(C)NCC(C)(C3CC3)n3ccnc3)n2)o1	0.026509
rxn:2:72848:67600	Cc1ccc([C@@H](NC(c2nc3ccccc3o2)C2CCC2)C2CC2)o1	0.026497
rxn:2:93487:101399	CCn1cc([C@H]2OCC[C@@H]2CNC(c2ccncc2)c2cccs2)cn1	0.026493
rxn:2:130455:131002	CCCC(Nc1cccn(CC(C)(C)C)c1=O)C1CCCN1C(C)C1CC1	0.026486
rxn:2:136782:110421	CC(C)C(CCNC(c1ccc2c(c1)OCCO2)C1CC1)N1CCN(C)CC1	0.026485
rxn:2:117989:119938	COc1ccc2c(c1)C(CCNC1CCOc3c1cccc3C(C)(C)C)CC2	0.026472
rxn:2:128315:76414	CCCOc1ncc(NC(CC)CCCc2ccccc2)cc1C	0.026466
rxn:2:115308:70834	CC(Nc1nc2c(s1)CC(C(C)C)CC2)c1cnc(N2CC3CCC2C3)s1	0.026465
rxn:2:122610:89289	CCC(C)Oc1ccc(C)cc1C(C)NC1Sc2cc(OC)ccc2C1=O	0.026461
rxn:2:122862:69349	Cc1cccc([C@@H](NC2CCN(C(C)c3ccccc3)C2(C)C)C2CC2)c1	0.026450
rxn:2:138551:92741	CCCC(Nc1ccc(N2CCSCC2)nc1)c1ccc(OC)c(OC)c1	0.026442
rxn:2:85166:83526	CCN(CC)c1ccc(C(C)NC(c2ccc(C)cc2)C2(C)CC2)cn1	0.026435
rxn:2:89594:73299	CCN1CCN(c2cc(NC(C)c3c[nH]c4c(C)cccc34)ccn2)CC1	0.026431
rxn:2:105849:91574	CCCCC(Nc1[nH]ncc1N(C)CC(C)C)c1ccc2c(c1)OCO2	0.026430
rxn:2:139550:80514	Cc1ccccc1CCc1cnc(NC(C)c2nc(C)c(C)s2)s1	0.026429
rxn:2:98404:89289	COc1ccc2c(c1)SC(NCc1cn(Cc3nc(C)no3)nn1)C2=O	0.026428
rxn:2:121178:83189	CCCCS(=O)(=O)c1ccc(NC2CCCCc3c(C)cccc32)cc1	0.026423
rxn:2:69741:108269	CC(NCc1cccc2c1C(F)(F)OC2(F)F)c1ncnc2[nH]ccc12	0.026420
rxn:2:93914:115578	Cc1ccccc1C1(CNC2CC[C@@H](c3ccccc3)C2)CCCCC1	0.026404
rxn:2:93196:112755	CCOC1CC(CNC(CCOC)c2cccnc2)(N2CCOCC2)C1	0.026399
rxn:2:111596:117355	CCOc1ccc(C(C)Nc2ccc(C3CCOCC3)cn2)cc1OCC	0.026396
rxn:2:128492:85918	CCCC(C)(CNC1CCCC(c2cccc(C)c2)C1)c1ccncc1	0.026387
rxn:2:75425:119246	CC(NC1CCN(C(C)c2ccncc2)CC1C)c1ccccc1N1CCCC1	0.026372
rxn:2:108331:118726	CCOc1ccc(C(CC)NCc2ncc(-c3ccco3)o2)c(C)n1	0.026366
rxn:2:115347:97528	CCc1c(C)nn(CC2CC2(F)F)c1NC1CCSc2c(C)cc(C)cc21	0.026355
rxn:2:127956:145819	CC(CNC(C)c1ccc(-c2cccnc2)[nH]c1=O)Oc1ccccn1	0.026336
rxn:2:113838:88956	Cc1ccc(CCc2oc(NC3c4cccn4[C@@H](C)[C@H]3C)nc2C)cc1	0.026332
rxn:2:105489:76013	CCC(CC(C)(C)c1ccccc1)Nc1nccnc1N1CCCCC1C	0.026325
rxn:2:126712:66706	CCOc1ccc(OCC)c(C(C)NCC2(c3cccc(C)c3)COC2)c1	0.026319
rxn:2:92432:69876	c1cnc(OCC2CC(Nc3ccc4cnn(C5CCCC5)c4c3)C2)nc1	0.026317
rxn:2:131424:103027	CCS(=O)(=O)CC(NC1CCOC2(CCCCCC2)C1)c1ccc(OC)cc1	0.026302
rxn:2:104130:126265	CCOc1cccc(C(C)Nc2c(SC)cnn2CCC(C)C)c1	0.026293
rxn:2:104177:78274	CC(C)(C)CCn1[nH]c(=O)cc1CNC(CCN1CCC1)c1ccccc1	0.026289
rxn:2:71983:68451	CCC(F)(F)c1ccc(NC2CCN(C3CC3c3ccccc3)CC2)cc1	0.026288
rxn:2:103584:90523	Cc1ccc2c(c1C)OC(C)CC2NCCc1nc(-c2ccco2)cs1	0.026282
rxn:2:136507:165391	CC[C@H](NC(C)c1cnn(-c2nnc(C)s2)c1C)c1ccc(OC)nc1	0.026282
rxn:2:137238:127250	CC1CCC(C(Cc2ccccc2)NC(C)c2ccc3c(c2)OCC3)CC1	0.026282
rxn:2:92024:118251	CCCn1cc(CNC2CCN(CC3CCCCC3)CC2C)c(C(C)C)n1	0.026280
rxn:2:137679:85967	CCc1nc(C2(NC(C)CCN(C)c3c(C)cccc3CC)CCC2)no1	0.026277
rxn:2:107523:73336	CCC1(CC)OC(CC)(CC)C1NC1CC(C(C)C)Oc2ccccc21	0.026273
rxn:2:124868:113770	CC(NC1CCC(C)(c2ccccc2)CC1)c1ccccc1-n1ccnn1	0.026271
rxn:2:83239:74137	CCC(Nc1cccc(-c2ccco2)n1)c1ccc(N2CCOCC2)nc1	0.026270
rxn:2:137971:88216	Cc1ccccc1C(NCC(C)N1CCc2sccc2C1)C(C)N1CCCC1	0.026266
rxn:2:105332:134520	CCSc1nnc(C(C)NC(C)CCc2cn3ccccc3n2)o1	0.026262
rxn:2:125294:80217	CC(C)Cc1c(CNC(C)c2cccc3nccnc23)cnn1C(C)C	0.026262
rxn:2:99128:88220	COc1ccc2c(c1)CCC(F)(F)C2NC1CCCc2c(C)nc(C(C)(C)C)n21	0.026250
rxn:2:101209:74232	COc1ccc(C(C)Nc2ccc(CCN3CCC3)cc2)cc1C(C)(C)C	0.026242
rxn:2:112859:112972	Cc1ncc2c(n1)CCCCC2Nc1cn(-c2ccnc(C)c2C)nc1C	0.026234
rxn:2:129173:131894	COc1ccc2c(c1)CCC(C)C2NCc1cc(-n2cnnn2)cc(C)c1C	0.026228
rxn:2:136812:70570	COc1cccc2c1C(N[C@@H](C)c1c(OC)ccc3ccccc13)COC2	0.026228
rxn:2:89929:159286	Cc1nc(Cc2ccccc2)sc1C(C)Nc1cc(C2CCOC2)on1	0.026226
rxn:2:79759:76716	CCc1ccc2c(c1)C(Nc1ccnc3cc(OC)cc(OC)c13)CCO2	0.026220
rxn:2:106498:137519	Cc1cccc(-c2nc(CNC(C)c3ccn(CC4CCC4)n3)co2)c1	0.026216
rxn:2:84410:151909	Cc1[nH]c2ccccc2c(=O)c1C(C)NC1CC2CCC(C1)N2CC1CCCOC1	0.026206
rxn:2:122588:106521	COc1cccc(C(C)(C)NC(C)c2ccnn2Cc2ccccc2)c1	0.026200
rxn:2:97929:71382	CCCCC(N[C@H](c1ccc2c(c1)OCCO2)C(C)(C)C)C1CCS(=O)(=O)C1	0.026198
rxn:2:66243:152898	CCn1ccnc1[C@@H]1OCCC[C@H]1NC1CCc2cc3ccccc3cc2C1	0.026195
rxn:2:119853:113209	CCC1CCCCN1C1(CNC2CCCc3oc4c(c32)CCCC4)CCOCC1	0.026195
rxn:2:100724:93506	CCc1ccc(CC(CC(C)C)NCC(C)(C)Cc2ccnn2C)s1	0.026191
rxn:2:99446:124667	CCC1CN(CCOC)CCC1NC[C@@H]1C[C@H](F)CN1Cc1cc(C)no1	0.026182
rxn:2:125611:70652	Cc1ccc(CC(NCCc2cccn(C)c2=O)c2sccc2C)cc1	0.026175
rxn:2:92375:110292	CCC(CN(C)C1CCCN(C)C1)Nc1ccccc1Oc1ncccc1C	0.026171
rxn:2:96996:90352	CC(C)CN1CC(CNCC2CCN(C(C)(C)C)C(C)(C)C2)c2ccccc21	0.026165
rxn:2:97262:120696	COc1ccc(-c2nn(C)c(NC(c3ncc[nH]3)C(C)OC)c2C)cc1	0.026147
rxn:2:136087:94228	Cc1cc(C)cc(Oc2cn[nH]c2NC(C)CCCn2cncn2)c1	0.026139
rxn:2:90654:69916	CCCC(CN1CCC(C)C1)Nc1ccc2ccccc2c1C(C)(C)C	0.026136
rxn:2:81822:114103	Cc1n[nH]cc1-c1ccc(C(C)NCc2cccc(C3CCO3)c2)cc1	0.026136
rxn:2:73270:94628	CCc1noc(-c2ccc(CNC3CC(c4cccnc4)C3(C)C)cc2)n1	0.026129
rxn:2:77905:103161	CC(C)CC(Nc1ccc(-c2cccnc2)cc1)c1cccs1	0.026127
rxn:2:106328:73488	Cc1ccccc1C1CCC(NCC2CCC(c3ccccc3)C2)CC1	0.026125
rxn:2:122661:131277	CCn1ccnc1C(NCc1nc(C2CCCC2)nc(C)c1C)C1CCCOC1	0.026121
rxn:2:71930:99466	CCC(C)CC(NC1CCCC1N(C)Cc1cnn(C)c1)c1ccccc1	0.026121
rxn:2:92378:132674	CC1CCC(NC2(COC(C)(C)C)CCOCC2)C(C(C)(C)C(C)C)C1	0.026117
rxn:2:71650:134954	CCC(NC1CC(C)Oc2cc(OC)ccc21)C1CCN(C(C)C2CC2)CC1	0.026097
rxn:2:109601:107281	CCCOc1c(C)cccc1C(C)NC(CSC(C)C)C(C)C	0.026094
rxn:2:87561:132495	Cc1ccc(CCC(NCC2CCCCC2S(C)(=O)=O)C2CCC2)c(C)c1	0.026090
rxn:2:115814:138219	c1ccc(CN2CC3CC(C2)C(NCC2CCN(C4CCSCC4)CC2)C3)cc1	0.026089
rxn:2:69758:117049	CSc1nc2c(c(NC(CC(C)C)c3ccc[nH]3)n1)CCCC2	0.026085
rxn:2:106268:144119	CCn1nc2c(c1CNC(C)c1ccccc1-c1ccc[nH]c1=O)CCC2	0.026083
rxn:2:91259:74811	Cc1cc(-c2ccc(C)c(NC3CCC(N4CCC(C(C)C)C4)CC3)c2)[nH]n1	0.026082
rxn:2:80407:72093	CCSc1cc(CNC2CC3(CCC3)C2OCc2ccccc2)ccn1	0.026080
rxn:2:81045:125049	CCn1nccc1C1OCCC1NC(c1ccc(C)cc1)C(C)S(=O)(=O)CC	0.026075
rxn:2:100124:111768	CCC(C)CC(Nc1ccc(-c2ccccn2)[nH]c1=O)c1ncccn1	0.026053
rxn:2:98779:76381	CCCCC(Nc1cnn(C(C)C2CCCOC2)c1)c1ccccc1C	0.026046
rxn:2:91120:104350	Cc1ccc(-c2noc(C(C)NCC3CCCC(C(C)C)N3C(C)C)n2)cc1	0.026044
rxn:2:69744:111413	CCC(Nc1ccc2nc(N3CCCC3)oc2c1)c1ccc(OC)cc1	0.026043
rxn:2:137162:68682	Cc1cc(NC2CCCC(c3c[nH]c(=O)[nH]c3=O)C2)c2cccnc2c1	0.026038
rxn:2:139643:112499	CC(C)OCc1ccc(CNC2CCCC2c2ccc(N(C)C)cc2)cc1	0.026037
rxn:2:79077:136993	CC(C)Oc1ccc(C(Nc2cc(C3(C)CCCC3)no2)C2CC2)cc1	0.026024
rxn:2:81957:153350	Cc1cccc2nc(C(C)NCC(C)N3CCCC(CN4CCCC4)C3)ccc12	0.026021
rxn:2:95381:131618	CC(CCc1ccc(C2CC2C)o1)NC1CCC(C2CCCC2)CC1	0.026017
rxn:2:119771:139483	CCc1nc(Cn2cc(NC3CCc4ccc(C(C)(C)C)cc43)cn2)n(C)n1	0.026014
rxn:2:123891:98481	CCCn1nc(C)c(C(CC)Nc2ccc(N(C)CCOC)cc2)c1C	0.026006
rxn:2:78026:74458	CCCOc1ccccc1[C@H](C)NC(c1cccc(OC)c1)C(C)C	0.026004
rxn:2:140877:91806	CCCn1ncc(C(C)NCC2CCN(Cc3cc(C)sc3C)CC2)c1C	0.026004
rxn:2:129211:108546	Cc1nc(N2CCCOC(C)C2)c(NC2CCN(c3ccc(C)c(C)c3)C2(C)C)[nH]1	0.025999
rxn:2:134246:115254	CC(Nn1nccc1-c1ccccc1)c1cc2ccn(C)c2cn1	0.025981
rxn:2:114044:86138	Cn1ncc2c1C(Nc1sccc1-c1nc(C(C)(C)C)no1)CCCC2	0.025978
rxn:2:83621:80091	CCS(=O)(=O)c1ccc(C(C)Nc2ccnc(-c3sccc3C)n2)cc1	0.025963
rxn:2:158384:90042	CCN(CC)C1CCC(Nc2ccc3cc(OS(=O)(=O)F)ccc3c2)CC1	0.025963
rxn:2:77085:110519	COc1ccc(C(C)NCCC2CCc3ccccc3OC2)cc1C(C)C	0.025952
rxn:2:108692:74438	CCC1CCCN1CC(NC1CN(Cc2ccccc2)C2(COC2)C1)C(C)(C)C	0.025943
rxn:2:109870:98907	COc1ccc2c(c1)C(C)(C)CCC2NC1CCCc2c(cccc2OC)C1	0.025935
rxn:2:128363:107061	FC1(F)CCc2ccccc2C1Nc1c2c(nn1-c1ccccc1)CCC2	0.025930
rxn:2:65985:113099	CCc1ccc(-c2c[nH]cn2)cc1NC1CCC(C2CCCCC2)CC1	0.025924
rxn:2:101513:87694	Cc1cc(C)cc(C(NC2CCCCC2c2cnn(C)c2)c2nccn2C)c1	0.025917
rxn:2:94631:105313	Cc1cc(-c2nc(C)c(NC(c3nc(C)c(C)s3)C3CC3)s2)ccn1	0.025915
rxn:2:94488:87875	c1ccc(COCc2ccc(NC3CCCc4occc43)cc2)cc1	0.025915
rxn:2:104067:105110	CCCCC(NCC1C(c2ccc(C)cc2)OCCN1C)c1ncccc1C	0.025913
rxn:2:106681:75485	Cc1cc(C)c(N2CCOCC2)c(NC2CCCC2Cc2ccc3c(c2)OCO3)c1	0.025911
rxn:2:137750:158466	Cc1ccc(C2Cc3[nH]ncc3C(NCC3CC3c3ccccc3)C2)s1	0.025910
rxn:2:127159:102966	c1ccc(-c2ccncc2)c(NC2CCOc3ccc(C4CC4)cc32)c1	0.025910
rxn:2:140279:151477	CCc1cc(=O)n(CCNC(c2cc3cc(C)ccc3n2C)C2CC2)cn1	0.025906
rxn:2:66303:114741	CC(C)(C)C(NCC1CCCc2cn[nH]c2C1)c1nc2ccncc2s1	0.025904
rxn:2:127275:102034	CCC(NC[C@@H]1C[C@H]1C1CCCCC1)C1CCCN1C(CC)CC	0.025889
rxn:2:100997:140702	CCc1c2c(nc(OC)c1CNC(CC1CCOCC1)C(C)(C)C)CCCC2	0.025887
rxn:2:66569:114455	CCCC(Cn1ccnc1)NCc1cc(-c2ccccc2)nn1CC	0.025886
rxn:2:137373:123180	COc1ccc2c(c1)CCC(Nc1ccc(C)c(-c3ccc(C)o3)c1)C2	0.025867
rxn:2:96403:106617	Cc1ccc2nc(C(C)NCC3CCCCN3CCn3ccnc3)cn2c1	0.025861
rxn:2:98506:72658	CC1CCC(NCc2cc(C3CC3)n(CC3CC3)n2)C(Cc2ccccn2)C1	0.025847
rxn:2:118621:135679	CC1Cc2[nH]c(=O)ccc2C(Nc2cc(C3CCC3)nn2-c2cccnc2)C1	0.025847
rxn:2:142924:77095	CC(C)n1c(=O)[nH]c2c(NC3CCc4ccc5c(c43)CCCC5)cccc21	0.025844
rxn:2:66778:140049	CCc1cccc2c1SCCC2NC1(c2nc(C(C)C)nn2C)CCCCC1	0.025833
rxn:2:135736:110953	CC(CC(C)(C)c1ccccc1)NCc1ccnc2cc(C(C)C)nn12	0.025827
rxn:2:150338:73879	COCCn1ncc2c1CCCC2Nc1cccc2c1c(=O)n(C)c(=O)n2C	0.025826
rxn:2:111939:85238	COc1ccc(-c2cc(NC3CCCC3SC3CCOCC3)on2)cc1OC	0.025823
rxn:2:120557:83719	COCC(NC(C)c1cnn(-c2ncccn2)c1)c1ccccc1OC	0.025813
rxn:2:111044:83716	CCCCC(CNn1cnc2sc(CC)cc2c1=O)c1ccccc1	0.025810
rxn:2:83478:93215	CC(C)(C)OCCC(NC1Cc2ccccc2C(C)(C)C1)c1ccccc1	0.025805
rxn:2:124026:74089	COc1cc2c(cc1NC(C)c1nc(-c3ccccc3)sc1C)OCC2	0.025804
rxn:2:134757:85547	CCc1nn(-c2cnccc2OC)cc1NC(COC)c1cccnc1	0.025804
rxn:2:106308:75466	CC(NC1c2ccccc2CCC1N(C)C(C)C)c1cc2cccnc2[nH]1	0.025796
rxn:2:132888:169473	CSc1ccccc1-c1cc(C(C)NC(C)(C)c2c[nH]nn2)cs1	0.025796
rxn:2:95469:81771	COc1ccc(C(CC2CC2)NCc2ncnn2-c2ccccc2)cc1	0.025790
rxn:2:157047:131720	Cc1nc2c([nH]1)C(Nc1cccc(-n3ncc(=O)cc3C)c1)C(C(C)C)CC2	0.025784
rxn:2:81054:75138	Cc1nc(C)n(C2CCCCCCC2NC(c2ccccc2C)C(C)(C)C)n1	0.025773
rxn:2:77184:130029	Cc1ccccc1C(NCC1CC1Sc1ccccc1)C(C)CN(C)C	0.025772
rxn:2:78050:153386	Cc1ccc2c(=O)c(C(C)NCCc3n[nH]c(C(C)C)n3)c[nH]c2c1	0.025770
rxn:2:140412:103403	CC(C)C(Nc1nc(-c2cscn2)cs1)c1c2c(c[nH]c1=O)CCCC2	0.025765
rxn:2:76241:108239	CCC1CCCCN1C1CN(C)CCC1NC(c1ccc(OC)cc1)C(C)(C)C	0.025761
rxn:2:128581:83017	CCc1c(C(C)C(C)C)nn(C)c1NC(C)c1ccc(C2(C)CCO2)cc1	0.025748
rxn:2:105995:123479	CCc1nc(NC(C)c2ccc3cncn3c2)c2ccccc2n1	0.025734
rxn:2:98797:67212	CCC1CCCN1C(CNC1c2cccc(OC)c2OC1(F)F)c1ccncc1	0.025725
rxn:2:137221:136047	CC[C@@H](NC(C)c1ccc(-c2ncc[nH]2)c(C)c1)c1sccc1C	0.025721
rxn:2:168597:129171	Cc1ccnnc1C(C)Nc1nc2cc(-n3cnnc3)ccc2o1	0.025715
rxn:2:83854:85644	CC(F)(F)COC1CCC(Nc2ccccc2Oc2ccccc2)CC1	0.025711
rxn:2:79150:159834	c1ccc2nc(C(NCCc3cc(C4CC4)no3)C3CCC3)ccc2c1	0.025711
rxn:2:131736:129820	CCCc1ccc(C(CC)NCc2cc(C)n(C3CCN(C)C3)c2C)cc1	0.025703
rxn:2:101032:116446	COc1c(CNC(C)c2c[nH]c3cc(C)ccc23)c(C)nn1CC1CC1	0.025701
rxn:2:106225:92283	COc1ccc(C(CSC)NCC2(N3CCN(C(C)C)CC3)CCC2)cc1	0.025695
rxn:2:140076:108546	Cc1ccc(N2CCC(NCCN3CCC[C@@H](N(C)C(C)C)C3)C2(C)C)cc1C	0.025692
rxn:2:140750:87790	COc1cccc2c(C(C)NC(C)CCc3ccc(C)o3)csc12	0.025682
rxn:2:111565:117074	Cc1cc(NC2CCC(C)CC2Cc2ccncc2)n(-c2ccccc2)n1	0.025680
rxn:2:93247:133968	CCCC1CCN(C2CCCCC2NCc2cc3c([nH]c2=O)CC(C)CC3)CC1	0.025679
rxn:2:133045:109852	CCN1CCC(CNC(C)c2ccc(C3CCC3)cc2)(N2CCCCC2)CC1	0.025676
rxn:2:87989:126409	CCCC(CCS(C)(=O)=O)NCC1CC1c1ccc(-c2cc[nH]n2)cc1	0.025675
rxn:2:96409:105110	CCCCC(Nc1nnc2sc3c(n12)CCC(C)C3)c1ncccc1C	0.025650
rxn:2:86811:132033	CN1CCC(CC2CCC(NC3c4ccccc4CC34CCCCC4)CC2)C1	0.025642
rxn:2:119092:117724	CCCc1cnn(-c2ccccc2)c1NCC1CCc2ccccc2N1C	0.025640
rxn:2:92091:140313	CCCN(c1ccc(C(C)NCC2(N(C)C)CCCSC2)cc1)C(C)C	0.025634
rxn:2:117411:164464	CC(C)(C)c1cc(NC2CCCc3ccc(-c4cnsc4)cc32)nc(=O)[nH]1	0.025629
rxn:2:82418:78519	CCc1ccc(OC)c(C(NC(C)c2cc(OC)ccc2C)C(C)C)c1	0.025623
rxn:2:77543:138030	Cc1cccc(C)c1[C@H](NC1CCC(C2CCCCC2)C1)C(C)(C)C	0.025598
rxn:2:139742:151806	COc1ccc(NC(CS(C)(=O)=O)c2ccc3c(c2)CCC3)cc1OC(C)C	0.025595
rxn:2:88429:123545	Cc1ccc(Cn2cc(NC3CCCC3Cc3cc(C)on3)cn2)c(C)c1	0.025577
rxn:2:77050:151426	Cc1nn(C)c(C)c1C(NC12CN(C)CC(CN(C3CC3)C1)C2(F)F)c1ccccc1	0.025563
rxn:2:133425:139623	Cc1cc(C(C)NCCN(c2nc3ncccc3o2)C(C)C)c(=O)n(C)c1	0.025560
rxn:2:92864:90270	Cc1ccc(C)c2c1SCCC2Nc1cccc(Oc2cnn(C)c2)c1	0.025559
rxn:2:142147:138528	Cc1cccc(C(CN2CCCCC2)NCc2cnn(C)c2OCC2CC2)c1	0.025558
rxn:2:74799:104523	Cc1cccc(N2CCCC(NC3CCC(OCc4ccccc4)CC3F)C2)c1	0.025558
rxn:2:129045:71349	COCCN1CCCC1CN[C@@H](c1ccc(SC)cc1)C1CCOCC1	0.025557
rxn:2:70981:74795	CC1(C)CC2(CC(Nc3ccc(CCC4CCC4)cc3)C2)CC(C)(C)O1	0.025555
rxn:2:97204:121763	c1ccc(C(CC2CCCC2)NCCc2cc3ccoc3cn2)cc1	0.025539
rxn:2:117576:70262	CCOc1cccc(C(NC2CC(C)(C)CC(C)(C)C2F)C2CCC2)c1	0.025533
rxn:2:117956:87656	Cc1nccc(C(Nc2ccnn2C2CN3CCC2CC3)c2cnc[nH]2)c1C	0.025525
rxn:2:113765:73323	COc1ccc([C@H](NC2CCCc3ccc(C)cc3C2)C2CCC2)cc1C	0.025520
rxn:2:107726:138699	COCCC(NC(c1csc2ccccc12)C(C)(C)C)C1CCCC1	0.025509
rxn:2:116674:82694	Cc1cccc(C)c1C(Nc1nc(Cc2ccccc2)no1)C1CCC1	0.025505
rxn:2:159357:136548	CC(C)Cc1ccnc(C(C)Nc2cccn(Cc3ccccn3)c2=O)c1	0.025501
rxn:2:94372:120004	CCc1cc(CNC(CC)c2cc(C)cc(C)c2)n(C(C)C2(C)CC2)n1	0.025498
rxn:2:77837:112477	CCCN1CCc2cc(NC(CCc3ccc(C)cc3)COC)ccc2C1	0.025492
rxn:2:126533:118398	CCc1ccc([C@@H](NC2c3cccnc3CCC2(C)C)C2CCCCC2)o1	0.025490
rxn:2:79059:84830	CCCN(c1ccccc1C(C)NC(c1nc(C)n(C)n1)C(C)C)C(C)C	0.025476
rxn:2:74073:102461	COc1ccc(-c2cc(CCNC(C)c3cn(C(C)C)cn3)no2)cc1	0.025451
rxn:2:98020:127675	CCCc1cc(N2CC(CNC3c4ccc(OC)c(OC)c4CC3C)C2)ncn1	0.025447
rxn:2:164228:68535	Cc1sc(C(C)NC2CCN(c3nccn4c(C)nnc34)C2)nc1C1CCC1	0.025411
rxn:2:115671:77760	c1ccc(CC(Nc2cc(OC3CCCC3)ncn2)c2cncnc2)cc1	0.025409
rxn:2:121448:132522	COCCC(NCc1cnc2scc(C(C)C)n12)c1ccccc1C	0.025408
rxn:2:80877:109932	CCN1CCC(N(C)C2CCCC2NC2CC(c3cnn(C)c3)CC(C)(C)C2)CC1	0.025386
rxn:2:125212:68545	COc1ccc2c(c1)CCCC2NC(C)(C)COC12CC3CC(CC(C3)C1)C2	0.025383
rxn:2:112971:137597	CSC1(C)CCC(C(C)C)C(NCC2Cc3cc(C(C)(C)C)ccc3O2)C1	0.025371
rxn:2:126059:118643	CCOC1CCCn2cc(CCNC(C)c3ccc4c(c3)C(F)(F)CCO4)nc21	0.025370
rxn:2:135962:119352	CCCC(Nc1cc(-c2scnc2C)[nH]n1)c1cccc(CC)c1	0.025365
rxn:2:136925:143682	Cc1ccc2c(n1)c(C(C)Nc1c3c(nn1CC1CCC1)CCC3C)nn2C	0.025364
rxn:2:65916:108104	COc1cc(C)c(C)cc1C(Nc1cnccc1-n1cccn1)C(C)(C)C	0.025364
rxn:2:79877:139226	Cc1cccc(C(C)n2nccc2CNC2CC(C)Cc3occ(C)c32)c1	0.025348
rxn:2:86021:163390	COc1nc(C)nc(OC)c1NC(c1ccc2cc[nH]c2n1)C1CCCC1	0.025346
rxn:2:115985:119446	CC(C)Cc1c[nH]c(C2(CNC(C)c3cccc4cnccc34)CC2)n1	0.025346
rxn:2:99557:135906	COc1ccc(C(C)CNC(C)c2nc(-c3sccc3C)c[nH]2)cc1	0.025320
rxn:2:165712:94095	COCCC(Nc1c2c(nc3ccccc13)CCOC2)c1ccc(C)cc1	0.025318
rxn:2:108382:128441	CCc1cnn(C(C)C2CCOCC2)c1NC(CCS(=O)(=O)F)C1CC1	0.025317
rxn:2:82148:164626	Cc1cc2c(C(C)Nc3ccccc3OC3CCCN(C)C3)cn(C)c2cn1	0.025299
rxn:2:102453:165843	CCOc1ccc2ccccc2c1C(C)NCC(OC)C1CC2CCC1C2	0.025295
rxn:2:129645:146194	COc1ccc2c3c(cccc13)OCC2Nc1ccc2c(c1)CN(C1CC1)C2	0.025295
rxn:2:81431:120667	COc1cccc(-c2cc(C(C)NC(C)c3ncccc3C)cs2)c1	0.025294
rxn:2:136382:80498	CCC1Oc2c(C)cccc2C1NC(C)c1c(C)cc(OC(C)C)cc1C	0.025293
rxn:2:129482:73599	CC(NCC(CC1CCCC1)C1CCS(=O)(=O)C1)c1cn(C)nc1C1CCC1	0.025290
rxn:2:144879:127771	CCC1CCC(Nc2nc3c(s2)Oc2ccccc2N3CC)CC1CC	0.025288
rxn:2:124728:87302	CC(C)CN1CCC(c2ccc(NC3CC[C@H](C)c4ccccc43)cc2)C1	0.025287
rxn:2:96461:125758	COc1ccc(-c2nc(C)no2)cc1NC1CCN(c2ccc(C)cc2)CC1	0.025284
rxn:2:117405:162105	Cc1cccc(-c2ccccc2C(C)NC2COCC2Oc2cnn(C)c2)c1	0.025284
rxn:2:113316:66943	CCC(Cc1ccc2c(c1)OCO2)NCC1CC(OC)CN1c1cncc(C)n1	0.025282
rxn:2:140210:96813	CCCC(C)N1CCC(C(CC)Nc2ccncc2N2CCCCCC2)C1	0.025280
rxn:2:72013:83795	CCc1ccc(C(NCC2CCC(c3nc(C)no3)O2)c2ncco2)cc1	0.025279
rxn:2:123627:82489	CC(NC1CCCN(c2cnco2)C1)c1ccc(Oc2ccccc2)cc1	0.025278
rxn:2:84470:133672	CCCc1ccnc(-n2cc(CNC3CCOCC3CN3CCOCC3)cn2)c1	0.025276
rxn:2:106844:166820	CCc1nc2cccc(C(NC3(c4nnc(C)n4C)CCCC3)C(C)C)n2n1	0.025269
rxn:2:127536:70956	Cc1nc(CC(C)NC(C)c2cccc(-c3cccs3)c2C)cs1	0.025260
rxn:2:67534:69806	COCCn1cc(C(C)Nc2nccnc2OCCC2CCCCC2)cn1	0.025257
rxn:2:123960:164626	CCc1cc(NC(C)c2cn(C)c3cnc(C)cc23)n(C2CCCSC2)n1	0.025256
rxn:2:88780:114214	CCc1ccc(CC2CCCC2NCC2(c3ccnn3C)CC2C(C)C)cc1	0.025252
rxn:2:88809:163993	CCC(Cc1cc(C)c2sccc2n1)NCc1nc(CCOC)no1	0.025247
rxn:2:101425:139177	COc1cc(C(C)C)ccc1C(C)NCc1ccc(OC(C)(F)F)cc1	0.025240
rxn:2:89910:82058	CCCOc1ccc(NC(c2nccn2C)C2CCCOC2)c2nonc12	0.025239
rxn:2:101806:161072	CCCOc1ccc(NC(C)c2ccc(OC)c(CS(C)(=O)=O)c2)c(C)c1	0.025231
rxn:2:100678:88216	Cc1ccccc1C(N[C@H]1CC[C@H](CCS(C)(=O)=O)CC1)C(C)N1CCCC1	0.025213
rxn:2:108323:117049	CCC1CCCN(Cc2occc2CNC(CC(C)C)c2ccc[nH]2)C1	0.025212
rxn:2:79482:112416	CCCC(Nc1c(C2CC2)c(C(C)C)nn1CC)C1CCCN(CC)C1	0.025212
rxn:2:126341:103357	CCC(Nc1oc(C(C)C)cc1-c1ccncc1)c1c(C)noc1C	0.025199
rxn:2:110696:73313	CCn1ncc2cc([C@@H](C)NC3CC(COc4cccc(C)c4)C3)ncc21	0.025193
rxn:2:97461:167956	CCn1cc(C(NCc2c(OC)nsc2OC)c2ccccc2C)cn1	0.025192
rxn:2:107311:78218	Cc1nn(C2CCCCC2)c(NC(C)c2cccc3cccnc23)c1C	0.025187
rxn:2:104400:66706	CCOc1ccc(OCC)c(C(C)Nc2cccc(C3CCN(C)CC3)n2)c1	0.025185
rxn:2:104643:78696	CC(NCc1ccc(-c2ccncc2)s1)c1csc(C(C)(C)C)c1	0.025184
rxn:2:127168:146669	Cc1cc(C)cc(C2(NC(c3ccc4c(c3)CCO4)c3ccco3)CC2)c1	0.025179
rxn:2:102993:82058	COc1ccc(C(C)NC(c2nccn2C)C2CCCOC2)c2cnccc12	0.025173
rxn:2:102474:86776	Cc1cc(-c2cc(NC(c3ccc4c(c3)N(C)CCC4)C3CC3)[nH]n2)nn1C	0.025170
rxn:2:141398:151115	CCOc1ccc(NC2COCc3nc4ccccc4cc32)c(C2CC2)c1	0.025167
rxn:2:159452:118396	c1ccc(CC2CCCC2Nc2nn(-c3ccccn3)c3c2C2CC2C3)cc1	0.025167
rxn:2:137927:167954	Cc1cnn(C)c1-c1ncccc1C(C)NC1(Cn2cccn2)CC(F)(F)C1	0.025156
rxn:2:98413:91107	CCCC(C)N(C)c1ncc(C(C)NCCC2CCC3(CC2)COC3)s1	0.025149
rxn:2:103627:138162	C[C@H]1C(Nc2nc(C3CC3)nc3ccccc23)C[C@@H]1OCc1ccccc1	0.025148
rxn:2:87610:99564	CCCC(NCc1cnc(OC)c(OC)n1)c1cc2cccc(C)c2o1	0.025139
rxn:2:76015:145060	Cc1cc(C(C)NCCc2nn(C)c3c2CCCC3)c2nc(C)cc(C)c2c1	0.025136
rxn:2:71504:72281	Cc1nnc(C(NC(C)c2cn3c(C)csc3n2)C2CC2)n1C1CCCC1	0.025135
rxn:2:69745:121905	CCc1cc(CC)cc(C(C)NC(C)(C)c2nnc(-c3cn(C)cn3)o2)c1	0.025122
rxn:2:92485:104879	CC[C@@H](NC1CCN(Cc2ccccc2)C(C)C1C)c1ccccc1S(C)(=O)=O	0.025108
rxn:2:131441:168838	Cc1cc(C(C)Nc2ccn(C)c3nccc2-3)nc2ccccc12	0.025106
rxn:2:132473:112567	CC(NCC(c1ccc(N(C)C)cc1)N(C)C)c1ccc(OC(C)(C)C)cc1	0.025099
rxn:2:73311:140337	CSc1nccc(C(C)Nc2ccc3c(c2)C(C)(C)CC3(C)C)n1	0.025095
rxn:2:79667:91784	CCC(CSc1ccc(OC)cc1)Nc1cc(C)c2nnsc2c1	0.025090
rxn:2:118548:162116	CCC(NCC(c1ccon1)C1CC1)c1c(-c2ccncc2)noc1C	0.025089
rxn:2:84286:118381	CCOC1(CNC2CCCCc3c2ccc(OC)c3OC)CCCC(C)C1	0.025087
rxn:2:117156:89451	COc1ccc(CNC2CCCc3nc(N4CCCCC4)sc32)cc1C(C)C	0.025087
rxn:2:114087:73916	CC(Nc1nonc1-c1ccccc1)c1cncc2ccccc12	0.025086
rxn:2:117122:78651	CC(C)C(C)c1ccncc1NC(Cc1cccnc1)c1cccnc1	0.025074
rxn:2:70819:133342	CCc1cccc(Cn2nccc2NC(CC)c2ccc(OC)cn2)c1	0.025059
rxn:2:75068:109106	COc1cc2[nH]cc(C(C)NC3CCC(CN4CCCC(C)C4C)CC3)c2cn1	0.025052
rxn:2:84189:99963	CC(NCC(c1ccccc1)c1cnccn1)c1cccnc1S(C)(=O)=O	0.025048
rxn:2:67076:80998	CCC1Oc2cc(OC)cc(OC)c2C1Nc1ccc(-n2nnc(C)n2)cc1	0.025042
rxn:2:102862:73856	CCOc1ccc2c(c1)CCCCC2NCC(c1cncn1C)N1CCOCC1	0.025030
rxn:2:71258:152383	COc1ccc2c(nc(C)n2C)c1C(C)NCc1cccc(S(C)(=N)=O)c1	0.025023
rxn:2:134442:86769	CCC(NC1(C)CCN(Cc2ccccc2)C1)c1cnc2ccccc2c1	0.025020
rxn:2:105141:100904	C=C=Cc1ccccc1C(C)NCc1cc2cccc(C)c2nc1C	0.025020
rxn:2:78477:107053	CC(C)c1[nH]c(=O)c(CNC(C)c2cc(=O)[nH]c(=O)[nH]2)c2c1CCCC2	0.025020
rxn:2:136882:108104	COc1cc(C)c(C)cc1C(Nc1ncn(Cc2cncn2C)n1)C(C)(C)C	0.025016
rxn:2:124548:81802	COc1ccc(-c2nnn[nH]2)c(NC2CCc3ccccc3CC2)c1OC	0.025014
rxn:2:133709:91298	Cc1cccc(OCC(C)(C)CNC(C)c2cncc(C(C)(C)C)c2)c1C	0.025010
rxn:2:106064:119438	CSc1ccc(Cc2ccc(CNC3COc4nccc(C)c43)o2)cc1	0.025005
rxn:2:70253:116314	COc1cccc(N2CCC(NC3CCC(c4ccc(OC)c(C)c4)CC3)CC2)n1	0.024993
rxn:2:126262:155915	C=C=CC(NC(CCC)CN1CCC(C)C1)c1cccc2ccccc12	0.024976
rxn:2:104082:139371	CN(CC1CCCC(NC2C[C@H]3C[C@@H](C24CC4)C3(C)C)C1)C1CCCCC1	0.024968
rxn:2:126253:168261	Cc1ccc(C(N[C@H]2C[C@H](Oc3ccccc3)C2)c2cccnc2)c(C)c1	0.024967
rxn:2:149853:125464	CCCN1CCC(Nc2nc(C)c(-c3ccc4[nH]cnc4c3)o2)C(CC)C1	0.024945
rxn:2:140193:71419	c1ccc(C(Nc2cc(C3CCCCCC3)[nH]n2)c2ncccn2)cc1	0.024932
rxn:2:68795:69808	CN(c1ccncc1NC1CCCC2(CCc3ccccc32)C1)n1cccc1	0.024923
rxn:2:138455:96467	CCc1ccc(C(CC(C)NCC2CC(C3CCCC3)CO2)N(C)C)cc1	0.024916
rxn:2:98961:119618	CC1(C)Cc2c(cnn2C(C)(C)C)C(Nc2cccn(-c3ccccn3)c2=O)C1	0.024915
rxn:2:67103:133342	CCC(NCC(C)Cc1cnc2ccccc2c1)c1ccc(OC)cn1	0.024907
rxn:2:84505:147245	Cc1nc(NC(C)c2ccc3ccn(C)c(=O)c3c2)c2ccnn2n1	0.024905
rxn:2:66056:140049	CCc1cccc2c1SCCC2Nc1nc(C(F)(F)c2ccccn2)n[nH]1	0.024898
rxn:2:82420:107204	CCOc1cc(C)c(C(CC)NCC2CCN(c3ccccc3OC)C2)cn1	0.024888
rxn:2:85427:76175	CCSCC(Nc1nc2cc(OC)ccc2[nH]1)c1ccc(OC)cc1	0.024883
rxn:2:106022:125648	Cc1cccc(-c2nnc(C(C)NC3CC(c4ccccc4)C3(C)C)o2)c1	0.024880
rxn:2:94871:103421	Cc1cccc(C(CCOC(C)C)NCC2CC2c2nc(C)c(C)s2)c1	0.024879
rxn:2:71920:120210	CC(C)Cc1ccnc(C2CC(NC(CCN3CCCCC3)C(C)(C)C)C2)n1	0.024876
rxn:2:127547:113892	CC(Nc1nc(=O)c2nncn2[nH]1)c1cc2cncnn2c1	0.024875
rxn:2:117764:77618	CCc1c(C)nn(CC(CC)NCC2(Cc3cccs3)CCCC2)c1C	0.024869
rxn:2:127111:97818	CCc1cc(C(F)(F)CNC2CC3(C2)CC2(CC(F)(F)C2)C3)ccc1OC	0.024868
rxn:2:95000:119681	CCc1sc([C@@H](NC(C)c2ccn3ccncc23)C2CCCC2)nc1C	0.024865
rxn:2:161767:124187	CCCC(NCCn1ccn2nc3c(c2c1=O)CCC3)c1c(C)n[nH]c1C	0.024863
rxn:2:94472:105841	Cc1cccc([C@@H]2CCC(NC(C)c3nc4cc5c(cc4[nH]3)OCCO5)C2)c1	0.024855
rxn:2:79805:75564	Cc1ccc(Oc2ccc(NC3CCSc4ccccc4C3)cn2)cc1	0.024818
rxn:2:121184:75435	COc1ccccc1[C@H](NC(C)c1ccc(OC(C)C)c(C)c1)C(C)C	0.024815
rxn:2:90857:143972	Cc1sc(C)c2c1CCOC2CNC(C)c1nc2cc3c(cc2[nH]1)OCCO3	0.024808
rxn:2:122294:99752	COC1(c2ccccc2)CC(NC(C)CCc2nc3ccccc3s2)C1	0.024804
rxn:2:115220:120205	Cc1cncc(C2CCC(Nc3c(C)c(C)nn3-c3cnccc3C)CC2)c1	0.024800
rxn:2:116395:135577	CCSCc1cc(C(C)Nc2cc(C)n(CC(C)(C)C)n2)ccc1OC	0.024800
rxn:2:76456:126124	CCC(NC(CN(C)C)c1ccc(SC)cc1)C1CCCCN1C1CC1	0.024799
rxn:2:139930:88870	CC(CCCN1CCSC(C)(C)C1)NCCc1cnc(-c2ccncc2)nc1	0.024798
rxn:2:87844:117403	Cc1ccccc1C(CN1CCC(C)C1)Nc1cc(C(F)(F)C(C)(C)C)no1	0.024794
rxn:2:108572:148522	Cc1ccc2[nH]c3c(c2c1)CC(NCc1cncc(N2CCN(C)CC2)c1)CC3	0.024793
rxn:2:125653:116775	CCSc1ncc(C)c(NC2CCN(Cc3ccccc3)CC2C)n1	0.024793
rxn:2:141932:79782	CC1CCCC(Nc2ccc(N(C)C3CCN(C)CC3)cc2)c2ccccc21	0.024782
rxn:2:112474:118981	COc1ccc2c(c1)C(Nc1ccc(C)c(N3CCCC(C)C3C)c1)CCC2	0.024773
rxn:2:149851:136071	CCN1c2ccccc2CC1CNc1ccnn1-c1ccc(S(C)(=O)=O)cc1	0.024762
rxn:2:68769:114780	CSCCC(NC(c1nccs1)C(C)(C)C)c1ccc(C)c(C)c1C	0.024756
rxn:2:104230:121711	Cc1cc(CC(C)NC(C)c2ccc(OCc3ccccc3)s2)n[nH]1	0.024749
rxn:2:118034:127749	COc1ccc(C(CN(C)C(C)C)Nc2nc(=O)c3ncccc3[nH]2)cc1	0.024745
rxn:2:128377:110149	CN(C)CCC(NCC(c1cc[nH]c1)c1ncccn1)c1cccs1	0.024736
rxn:2:109027:110102	CCC(NC1CCN(CCOC)C(C)C1C)C(c1ccc(C)o1)N1CCCC1	0.024736
rxn:2:121473:142108	CC(CCOC(C)(C)C)NC(C)c1ccc(Sc2ccccc2)cc1	0.024728
rxn:2:84846:120184	COCc1cccc(OC)c1C(C)NC(c1cccc(OC)c1)C1CCCO1	0.024727
rxn:2:84267:76077	CCC(C)[C@H](NC(c1ccco1)c1ccco1)c1ccc2c(c1)OCO2	0.024719
rxn:2:114607:147583	Cc1ccc(C(C)NCc2ncc3ccccc3n2)c2nccnc12	0.024715
rxn:2:105388:122316	Cc1cc(NC[C@H]2CCCCN2Cc2ccccc2)nn1CC(C)C1CCC1	0.024713
rxn:2:124780:72809	CCC(CCc1cccc2ccccc12)Nc1ccc2c(c1)S(=O)(=O)CO2	0.024709
rxn:2:118943:168786	COc1cnc2cc(C(C)Nc3cn(C4CCCCC4OC)nn3)ccc2c1	0.024705
rxn:2:103411:137420	Cc1cnc2c(NC3CCc4c[nH]c5cccc3c45)nsc2c1	0.024704
rxn:2:86641:147857	Cc1ccc(N2CCC(NC(C)c3cnc(C)nc3-c3ccccc3)CC2)nn1	0.024678
rxn:2:117109:134648	Cc1nnc(C2CCC2)n1CCNC(Cc1ccncn1)c1ccccc1	0.024677
rxn:2:104086:104083	CC(CCC(C)c1ccccc1)NCC1(C)CC(N(C)C)CC(C)(C)C1	0.024672
rxn:2:97673:98744	CCCC1(CN(C)C)CCC(NCC(F)(F)c2ccc3occc3c2)CC1	0.024672
rxn:2:67506:74281	CCc1ccc2c(c1)C(NCc1c(C)nn3ccn(CC4CC4)c13)CC(C)O2	0.024661
rxn:2:132453:158681	Cc1cccc2[nH]cc(C(CC(C)C)N[C@H]3C[C@@H](Cn4cccn4)C3)c12	0.024654
rxn:2:159672:132033	Cc1nc2ccccc2n(CCNC2c3ccccc3CC23CCCCC3)c1=O	0.024647
rxn:2:117608:119024	COc1ccc2c(c1OC)C(NCC(c1ccccn1)N1CCCCCC1)CCO2	0.024646
rxn:2:75131:96906	c1ccc([C@H]2CCC(Nc3nccn4cc(C5CCCCC5)nc34)C2)cc1	0.024646
rxn:2:80244:125926	CC(NCc1ccc(-c2cnco2)cc1)c1cccc2cccn12	0.024638
rxn:2:124120:132636	CCC(N[C@H](c1ccc(C)cc1)C(C)C)c1ccc(C(C)(C)C)cc1	0.024635
rxn:2:137637:93879	Cc1cc(C)c(C(NCC(F)(F)c2ccc3c(c2)CC3)C2(C)CC2)c(C)c1	0.024629
rxn:2:99878:108400	Cc1nccn1-c1ccccc1C(C)Nc1cnc(OC(C)C(C)C)nc1	0.024608
rxn:2:77916:122964	Cc1c(CNC(C)c2cccn2-c2ccccn2)cnn1C1CCS(=O)(=O)C1	0.024606
rxn:2:94436:115887	COc1cc2c(cc1OC)C(NC1CC1C1CC1c1ccc(C)cc1)CC(C)C2	0.024599
rxn:2:91215:133943	Cc1cc(C)c2c(c1C)OCC(C)(C)C2N[C@@H](C)c1cccc2cn[nH]c12	0.024587
rxn:2:69440:106042	Cc1cc(C)c2nc(NC3c4ccccc4-n4ccnc43)[nH]c2c1	0.024583
rxn:2:123307:128008	CCc1cc2c(cc1CC)C(Nc1ccc(CN(C)C3CCN(C)C3)cc1)CC2	0.024575
rxn:2:128626:85681	Cc1nc2cnccn2c1C(C)NCc1cnc(N(C)C2CCN(C)CC2)s1	0.024562
rxn:2:125138:88089	CC(NCc1ccc2[nH]ncc2c1)c1cc2nccnc2[nH]1	0.024539
rxn:2:136089:128728	Cc1ccc(SC2CCCC(Nc3cc(C4CCCC4)nc(C)n3)C2)cc1	0.024536
rxn:2:65901:107634	CCCc1nn(C)c(NC(c2ccccc2)c2cc(C)cc(C)c2)c1C	0.024536
rxn:2:73169:103455	COc1ccccc1C1CCCC1N[C@H](C)c1oc2ccccc2c1C	0.024536
rxn:2:69448:130430	COCCN1C2CCC1CC(NCCC(C)(C)c1ccc(OC)c(C)c1C)C2	0.024535
rxn:2:115284:93445	Cc1ncc(NCC2CCCN2Cc2ccccc2)cc1-c1ccccc1	0.024535
rxn:2:115926:114309	CN1CCN(CC(NCCc2cccc3cccnc23)c2cccn2C)CC1	0.024530
rxn:2:69323:167969	CCC(C)[C@@H](NC1CCCCC1n1nnc2ccccc21)c1cccs1	0.024511
rxn:2:98014:164942	CC(NC1CCCc2c1ccn2-c1ccccc1)C(C)OCc1c[nH]cn1	0.024510
rxn:2:109730:125926	CC(NCCN1CCC(C)(C)C1c1ccccc1)c1cccc2cccn12	0.024506
rxn:2:136977:87934	CCOc1c(C(C)NCc2cnn(-c3ccccc3CC)n2)c(C)nn1C	0.024499
rxn:2:163115:135830	Cc1nccc(-n2ncc(CNC3CCc4c3sc3c4CCCC3)c2C)c1C	0.024497
rxn:2:78594:90561	CCN(C)c1ccc(C(C)NC(c2ccccc2)C(C)N(CC)CC)cn1	0.024474
rxn:2:93217:77699	COc1ccc(NC(C)c2c(C)cccc2OC(C)C)c2ccncc12	0.024470
rxn:2:120150:158612	COc1cc(CNC2CCc3cccc(-c4ccccc4)c32)cc(N(C)C)n1	0.024470
rxn:2:100965:76140	CC1CCC(N(C)CCNC2CCC(C3CCC(C)(C)CC3)CC2)CC1	0.024469
rxn:2:99618:70648	O=c1[nH]nc(CNC2CCCc3[nH]nc(C4CCCO4)c32)c2ccccc12	0.024466
rxn:2:95261:74305	Cc1ccc(-c2ccc(C(C)NC3CCc4c(C)cccc4C3)cn2)cc1	0.024464
rxn:2:132475:116678	CCc1ccnn1-c1cnccc1NC1CCCc2cc3c(cc21)CCCC3	0.024447
rxn:2:141928:93210	CCCn1nc(C2(C)CC2)c(C(C)C)c1NC(C)CC1SCCCS1	0.024443
rxn:2:114527:129380	Cc1cc(C)c(CCC(C)Nc2cc(CC3CCCCC3)nn2C)c(C)c1	0.024441
rxn:2:98384:82945	CCCOc1ccc(C(C)NC[C@]23CC[C@H](CC2)N3Cc2ccccc2)cn1	0.024432
rxn:2:147462:123166	Cc1nc2c(s1)C(NCCC1CC1c1c[nH]c3cccc(C)c13)CCC2	0.024431
rxn:2:128156:126032	CCc1c(C)[nH]c(C(C)(CC)NC(CC)c2ccn(CC3CCC3)n2)nc1=O	0.024425
rxn:2:141541:165128	CC(C)COc1ccnc(NC2COc3cccc(-c4ccsc4)c32)c1	0.024424
rxn:2:133625:107996	COCCC(NCCc1nn(C)c2ccsc12)c1c(C)cc(C)cc1C	0.024418
rxn:2:105286:69140	CCOc1ccc(CCNC(CN(C)C(C)C)c2ccc(C)s2)cc1C	0.024415
rxn:2:73958:119786	CCC(NCCC1CSc2c(OC)ccc(C)c2C1)c1ccc2c(c1)CCO2	0.024414
rxn:2:83324:106343	CC1CN(CC(F)(F)CNC2CCC(S(=O)(=O)C3CCCC3)CC2)C(C)CO1	0.024413
rxn:2:161480:126746	Cc1n[nH]cc1-c1nc2csc(NC(C)c3nccnc3C)c2o1	0.024411
rxn:2:118925:135581	CCN(CC)c1ccc(C(C)Nc2c(OC)cccc2S(=O)(=O)F)cc1C	0.024404
rxn:2:95625:136539	Cc1ccc(-c2c[nH]c(CNC(c3cccc(C)c3)C3CCC3)n2)cc1	0.024393
rxn:2:107856:138327	CCSc1ccc([C@@H](C)NC(CC)c2ccn3nc(C)cc3n2)cc1	0.024382
rxn:2:73179:141262	COc1nn(C)cc1C(CC(C)C)Nc1ncc(Cc2ccncc2)cn1	0.024379
rxn:2:108094:80099	CCC(C)SCC(Nc1cnc2nc(COC)nn2c1)c1ccc[nH]1	0.024379
rxn:2:162003:71382	CCCCC(Nc1ccccc1Cc1nc(C2CC2)no1)C1CCS(=O)(=O)C1	0.024373
rxn:2:128873:105152	CCC(C)(C)C(Nc1cc(C2CCCC2C)nn1C)c1cccc(OC)c1	0.024372
rxn:2:101764:80447	Cc1ccn2cc(CNC(c3ccncc3)c3ccncc3)nc2n1	0.024370
rxn:2:119718:139358	CCOc1ccc(C(CC)NCc2cc3n(CC)ccn3n2)cc1OC	0.024364
rxn:2:164946:118775	CC(C)(C)n1[nH]c(=O)c2c(NC3CCN(Cc4ccccc4)C[C@@H]3F)ncnc21	0.024364
rxn:2:130482:85111	CCCC(NC(C)CN1CCN(c2nccs2)CC1)C1CCCN(C2CC2)C1	0.024356
rxn:2:97456:121923	Cc1nc2cc(NC(C)c3ccccc3SC3CCOCC3)cnc2s1	0.024353
rxn:2:72353:91425	COc1ccc(C)cc1-c1cn(C)c(NC2CCCC2Cc2ccccn2)n1	0.024351
rxn:2:84660:142489	CC(CCC1CCC2C3CCN(CC3)C12)NC1CCc2ccc3ccccc3c21	0.024346
rxn:2:117516:128014	COc1cc(OC)cc(C(C)Nc2cccc(C(CC(C)C)OC)c2)c1	0.024345
rxn:2:125123:129463	Cc1ccccc1SC1CCCC(Nc2nn(CC3CC(C)C3)cc2C)C1	0.024340
rxn:2:138019:97056	CCn1cc(CC(C)NC2CCCOc3cc(C)ccc32)c2ccccc21	0.024340
rxn:2:74152:117510	Cc1ccc(C(CN2CCCCC2)Nc2n[nH]cc2N(C)CC2CCCO2)cc1	0.024338
rxn:2:73186:108953	CCC(Nc1ncn(C23CC4CC(CC(C4)C2)C3)n1)c1cccc(C(C)C)c1	0.024333
rxn:2:136180:114770	CCCC(Nc1nc(CC)c(C(C)(C)C)s1)C1CCCCN1C1CCC1	0.024318
rxn:2:86892:166733	Cc1c(-c2ccccc2)cccc1C(C)NC(C)CCCN1CCCOCC1	0.024313
rxn:2:160000:140049	CCc1cccc2c1SCCC2Nc1nnc(C2COc3ccccc3O2)o1	0.024311
rxn:2:115121:90732	CC(C)c1ccc2c(c1)C(NCC1(N3CCCCCCC3)CCN(C)C1)CCS2	0.024311
rxn:2:85899:144755	Cc1ccc(-c2ccc3c(c2)C(N[C@@H](C)c2cccc4c2OCC4)CO3)s1	0.024310
rxn:2:113699:164643	Cc1csc(=O)n1CC(NCC1CN(C)CC(C)(C)CN1C(C)C)c1ccn(C)c1	0.024310
rxn:2:131837:137989	Cc1nsc(N2C3CCC2CC(Nc2nc4c(s2)CCc2ccccc2-4)C3)n1	0.024307
rxn:2:80163:136864	COc1ccc2c(c1)C(NCc1ccc(C(F)(F)c3nnn[nH]3)cc1)C(C)C2	0.024302
rxn:2:74818:95933	CCc1ccc2c(c1)CCCCC2NCC(c1sccc1C)N(C)CC	0.024300
rxn:2:125801:88015	CCCOc1ccc(C(NCC2CC2(C)c2ccc(C)o2)C(C)C)cc1	0.024299
rxn:2:88922:130086	CCC(Cn1nc(C)nc1C)NCc1cc2ccccc2c(OC(C)C)n1	0.024295
rxn:2:166339:127792	Cc1cc(-n2ncc(NC(c3nc(C)c(C)n3C)C(C)C)c2C2CC2)ccn1	0.024293
rxn:2:99742:94411	CCc1c(NC2CCC(C(C)(C)C(C)C)CC2C)cnn1C1CCCC1	0.024285
rxn:2:68352:154327	CC(C)(C)c1ncc(CNC2CCCc3c2c[nH]c3-c2ccccc2)s1	0.024284
rxn:2:96285:85194	Cc1ccc(C)c(C2CCCCCC2Nc2cc(C)n(C3CCSC3)n2)c1	0.024269
rxn:2:78413:92801	CCC(CN(C)C(C)c1cccs1)Nc1nc2cccc(OC)c2n1C	0.024265
rxn:2:118858:160197	COc1cncc(-c2ncc(C(C)NCCc3ncc(C)c(C)c3C)s2)c1	0.024261
rxn:2:123112:126174	CC(C)C(N[C@@H](c1ccc[nH]1)C1CCOCC1)c1cccc2nn[nH]c12	0.024256
rxn:2:82603:70523	c1coc(-c2n[nH]c(C3CCC3)c2CNC2CCCC2N2CCCCCCC2)c1	0.024251
rxn:2:138367:121598	CC1CCc2nn(C(C)C3CC3)c(NC(c3cccc(S(C)(=O)=O)c3)C3CC3)c21	0.024249
rxn:2:80244:109487	CC(NCc1ccc(-c2cnco2)cc1)c1ccc2[nH]ccc2n1	0.024248
rxn:2:137993:91731	CCCC(Nc1c(SC)cnn1CC1CC1(F)F)C1CCN(C(C)C)C1	0.024245
rxn:2:125708:122148	Cc1cccc2cc(CNC3CCN([C@@H](C)c4ccccc4)C(C)C3)oc12	0.024241
rxn:2:91213:96327	CSc1ccc(C(C)n2ncnc2NC(c2cnccn2)C(C)C)cc1	0.024238
rxn:2:73607:150246	CCC(COc1ccc2ccccc2c1)NCc1cc2c(n(C)c1=O)CCC2	0.024228
rxn:2:74674:74903	CCOc1ccsc1C(C)Nc1ccc(-c2nnc(C(C)C)o2)cc1	0.024215
rxn:2:116465:84333	CCC(Nc1nc(C)nc2ncnn12)C(c1ccc(SC)cc1)C(C)C	0.024207
rxn:2:142996:68868	CC(Nc1ccc(-c2nc(C(C)(C)C)nn2C)s1)c1ccc(S(C)(=O)=O)s1	0.024199
rxn:2:138700:67965	c1ccc2c(C3(CNC4Cc5cnoc5C5(CCCC5)C4)CC3)cccc2c1	0.024191
rxn:2:75192:79791	CSc1ccc(C(CS(C)(=O)=O)Nc2c(C)n[nH]c2CN2CCCC2)cc1	0.024190
rxn:2:110078:145067	Cc1nc(C)c2c(C)c(C(C)Nc3cc(=O)[nH]c(=O)n3C(C)C(C)C)sc2n1	0.024186
rxn:2:103294:73993	CC(C)CCn1c(=O)c(NC(C)c2ccc(-c3ccncc3)o2)cn(C)c1=O	0.024179
rxn:2:106676:97198	CC1CCC(CNC(c2ccc(C3CC3)cc2)C(C)C)(c2ccccn2)C1	0.024178
rxn:2:137469:155186	COc1ccc(C2CC2NC2CCc3ccc(-c4ccccc4)cc32)cc1	0.024178
rxn:2:159424:133417	Cc1cc(N(C)C)nc2c(NC(c3ccccc3)C3CC3(F)F)cccc12	0.024177
rxn:2:130824:79544	CCCn1nc(C)c(C(C)Nc2cnn(-c3ccc(CC)nc3)c2)c1OC	0.024161
rxn:2:123818:114018	CCCC(Nc1c(C(C)C)nc(OC)c2c1CCC2)c1ccc(OC)cc1	0.024161
rxn:2:110527:108104	COc1cc(C)c(C)cc1C(NCc1cc(-c2cnn(C)c2)no1)C(C)(C)C	0.024144
rxn:2:107101:88788	CC(Sc1nncn1C)c1ccc(NC2CCC(n3ccnn3)CC2)cc1	0.024141
rxn:2:65844:80083	CSc1nnc(C2CC(NCC(F)(F)c3ccc4cnccc4c3)C2)n1C	0.024131
rxn:2:77647:79867	CN(C)c1ncc2nc(NC3CC4CCCC(C3)N4Cc3cccs3)sc2n1	0.024102
rxn:2:70254:149246	COc1cc(C)cc2c1OCC[C@@H]2NC(C)c1cnc(-c2ccncc2)nc1C	0.024101
rxn:2:92524:124276	CCN1Cc2ccccc2C(Nc2c(C3CC3)cnn2Cc2ccccc2)C1	0.024099
rxn:2:125434:138927	CCOC1(CNC(CCc2ccccc2)CCC(C)(C)C)CCS(=O)(=O)C1	0.024095
rxn:2:126549:88183	O=c1cc(NC(c2ccc(C3CCC3)cc2)C2CCC2)n(C2CCS(=O)(=O)CC2)[nH]1	0.024086
rxn:2:66829:85182	CCc1ccc(CC)c(C(C)Nc2cc(C)ccc2N2CCOCC2(C)C)c1	0.024079
rxn:2:110319:127905	Cc1ccc(C(C)C)cc1OCCC(C)Nc1cc2cccnc2cn1	0.024077
rxn:2:139917:109271	CC(C)c1cccc2c1OCCC2NCC(Cc1cccnc1)C1CCCC1	0.024076
rxn:2:79081:138162	C[C@H]1C(Nc2ccc(-c3nncn3C3CC3)cn2)C[C@@H]1OCc1ccccc1	0.024071
rxn:2:134460:88359	CCC(Nc1ccc2c(n1)CCOC2)c1ccc(-c2cscc2C)cc1	0.024051
rxn:2:88253:68523	COc1ccc(C(Nc2nonc2-c2ccc(C)c(C)c2)C2CC2)c(C)c1	0.024049
rxn:2:136134:154640	CSc1ccccc1C(C)NC(c1cc2cc(C)ccn2n1)C(C)C	0.024025
rxn:2:74465:124001	Cc1cc2c(C)c(NC3CC4(CSC4)Oc4ccccc43)cc(C)c2o1	0.024006
rxn:2:102681:73137	CCOc1ccc(-c2cn[nH]c2NC(c2cc(C)nn2C)C2CCC2)cc1	0.024004
rxn:2:135814:90259	CN(C)CCOc1ccccc1NC(c1ccccc1C1CC1)C(C)(C)C	0.024001
rxn:2:82810:96706	CC1CC(NCc2ccc(CN(C)C3CCCCC3)o2)CN1Cc1ccccc1	0.023996
rxn:2:109804:72953	CCCCc1nnc2cnc(NC(C)c3c(OC)cc(C)cc3OC)cn12	0.023988
rxn:2:119967:79696	COc1ccc(C(Cn2cncn2)Nc2c(C(C)(C)C)ncn2C2CC2)cc1	0.023985
rxn:2:87291:129729	c1ccc(CCC(NCC2CCN(C3CCOCC3)CC2)c2ccccc2)cc1	0.023984
rxn:2:83040:111111	Cc1ccc(SC(C)C)c(C(C)NC2C3(CCCC3)OC23CCCC3)c1	0.023983
rxn:2:112696:121046	CSc1ccc(C(CC(C)C)Nc2cnccc2OC(C)(C)C)cc1	0.023970
rxn:2:114597:124205	Cc1cc2c(C(C)Nc3ccc(OC4CC4)c(C(C)(C)C)c3)n[nH]c2cn1	0.023946
rxn:2:133134:122233	CCCc1c(NC2CC3CCC(C2)N3c2cccnn2)cnn1-c1ccncc1	0.023938
rxn:2:92098:72377	CCn1ccnc1C1OCCC1CNC(c1ccccc1)C(C)OCC1CC1	0.023937
rxn:2:107890:135197	CCC(Nc1cc2nccn2c(SC)n1)C(C)c1ccncc1	0.023935
rxn:2:158371:68521	CCOc1cc(C)ccc1C(C)NCc1ncn2c1CCc1ccc(C)cc1-2	0.023934
rxn:2:67161:79546	CCc1ccc([C@@H](NC2COCc3ccc(OC)cc32)c2cccs2)s1	0.023920
rxn:2:126879:69243	c1ccc(CN2CC3CC(NCC4(Cc5ccccc5)CCCC4)CC3C2)cc1	0.023903
rxn:2:84801:103617	CCCS(=O)(=O)c1ccccc1NC1CCCC(Cc2ccc(OC)cc2)C1	0.023897
rxn:2:68673:166382	Cc1cc(-c2cccc(C(C)NCC(F)(F)CN3CCOC(C)C3C)n2)c(C)s1	0.023887
rxn:2:135601:68523	COc1ccc(C(Nc2ncc(Oc3cccnc3)s2)C2CC2)c(C)c1	0.023886
rxn:2:102101:128790	Cc1cc(C)cc([C@H](NC2c3ccccc3-c3nccnc32)C2CCOCC2)c1	0.023875
rxn:2:131007:97084	CCCOc1cc(C)ccc1NC(Cc1ccccn1)CC1CCCC1	0.023874
rxn:2:70554:124154	CC(C)c1cc2c(s1)C(Nc1cccc(Oc3ccnnc3)c1)C(C)C2	0.023870
rxn:2:94050:105562	CCC[C@@H](NC(CC)c1ccc(OCC)nc1)c1ccc(OC)c(C)c1	0.023867
rxn:2:84068:78736	CC(C)c1ccc([C@@H](NC2CCC(C)(C(C)C)CC2)C2CCC2)cc1	0.023864
rxn:2:96338:92053	CCCC(NCC(c1cccs1)N1CCOCC1(C)C)C1CCN(C2CC2)C1	0.023861
rxn:2:134377:66669	CCn1c(C)nc(-c2cnn(C)c2)c1NC(C)c1ccccc1N1CCOCC1	0.023859
rxn:2:162292:74232	COc1ccc(C(C)Nc2cc3[nH]c(C)nc(=O)c3cc2C)cc1C(C)(C)C	0.023853
rxn:2:133042:71198	Cc1c[nH]c2cccc(C(C)Nc3[nH]c(=O)ncc3CN3CCCCC3)c12	0.023851
rxn:2:156007:68106	CCCn1c(-c2ccc(NC(CC)c3cccc(C)n3)cc2)csc1=O	0.023845
rxn:2:100769:109941	Cc1nn(C)c(NC(C)c2cc(-c3ccncc3)ccn2)c1CN(C)C(C)C	0.023845
rxn:2:96669:137328	Cc1ccc2c(c1)CC(C)(C)C2NCc1c(N2CCCCC2)nc2sccn12	0.023839
rxn:2:91841:113658	CCc1nc(C2CC2)c(C(C)NCc2cccc(-c3cc[nH]c3)c2)s1	0.023832
rxn:2:96848:93861	CCOc1ccc(C(CSC)Nc2cc3oc(=O)[nH]c3cc2OC)cc1	0.023829
rxn:2:112092:164897	COc1ccc(C(COC(C)(C)C)NC(c2cc(=O)n(C)c(=O)n2C)C(C)C)cc1	0.023828
rxn:2:138046:117871	CC(C)c1ccc(C(NCc2cn(-c3cccnc3)cn2)C2(C)CC2)cc1	0.023817
rxn:2:120308:145149	Cc1cnc(C(C)NCCC2CCN(c3ccncc3)CC2)c2ccccc12	0.023803
rxn:2:98764:124600	CCc1ccc(N2CCC(Nc3ccc(-c4cc(=O)[nH][nH]4)cc3)CC2)cc1	0.023793
rxn:2:161051:72538	Cc1cccc(-n2[nH]c(=O)cc2CNC(COC(C)C)c2cccn2C)c1	0.023787
rxn:2:81275:101648	Cc1ccccc1SC1CCC(Nc2cccc(S(=O)(=O)C3CC3)c2C)C1C	0.023782
rxn:2:109217:102572	Cc1noc(-c2ccc(C)c(NC3CC(C)(C)Cc4c(C)cccc43)c2)n1	0.023761
rxn:2:123220:156709	COc1cccc(C(F)CNC(C)c2sc3ccc(C)cc3c2C)c1	0.023757
rxn:2:120164:122384	Cc1nc(C2(NC3CCCOc4c3c(C)nn4C(C)C)CCCC(C)C2)sc1C	0.023753
rxn:2:103817:118381	CCC1(NC2CCCCc3c2ccc(OC)c3OC)CN(Cc2ccccc2)C1	0.023753
rxn:2:105713:129381	COc1ccc(NC2CCCN(c3ccc(C(C)C)nn3)C2)c2ccc(C)nc12	0.023743
rxn:2:107447:79139	CC(C)(NC1CCC2(CC2)c2ccccc21)C(F)(F)c1ccc2c(c1)CCC2	0.023734
rxn:2:89454:97366	Cc1ccc(-c2cc[nH]c2)c(C(C)NCCC2CC2c2cc[nH]n2)c1	0.023727
rxn:2:93513:92381	CCc1cccc(C(NCc2ccc3cc(C)ccc3n2)C2(C)CC2)c1	0.023726
rxn:2:70841:109590	CCn1c(C(C)(C)C)ccc(C(C)NC2CCn3c(C)nc(C4CCCC4)c3C2)c1=O	0.023718
rxn:2:105111:168115	Cc1nc2nc(C)c(C(C)Nc3nc(CCC4CCCCC4)c(C)o3)cn2n1	0.023714
rxn:2:148688:120541	COc1cc2c(cc1C(C)NCc1nnn(-c3cccc(C)c3C)c1C)OCC2	0.023702
rxn:2:130354:84855	Cc1cc(C)cc(-c2nc(CNC3CC4c5ccccc5CCC34)cs2)c1	0.023687
rxn:2:141682:92488	CC(Nc1nnn(-c2ccccc2)n1)c1cc(-c2ccsc2)cs1	0.023684
rxn:2:126018:84991	Cc1ccc(Sc2ccccc2CNC2CC(C)(C)SC(C)(C)C2)cc1	0.023678
rxn:2:99127:90347	CCOc1ccc(C(CC2CC2)NCCC(C)n2nc(C)c(C)cc2=O)cc1	0.023678
rxn:2:136004:97414	CCc1ccc(C(COC2CCC2)Nc2cc(CC)c(C)cc2C)cc1	0.023676
rxn:2:72056:94127	COCCC(Nc1c(C(C)C)cnn1C(C)C)c1ccc(OC)c(C)c1C	0.023665
rxn:2:135227:159841	Cc1c(NC2CCCc3nn(-c4ccccc4)nc32)ccc(N2CCCC2)c1C	0.023662
rxn:2:67268:161575	COn1cnc(NC(C)c2ccc3cccc4c3c2CC4)c2ncnc1-2	0.023651
rxn:2:108209:103856	Cc1oc(-c2ccccc2)nc1C(C)NCc1c2c(nn1C(C)C)CC1CC21	0.023646
rxn:2:92137:85034	Cc1nc(C(NC(C)c2ccc(C(C)(F)F)cc2)c2cnccn2)sc1C	0.023633
rxn:2:126202:170544	Cc1ccc(C)c2c(C)c(C(C)NC(C)C3Cc4ccccc43)sc12	0.023624
rxn:2:132934:105916	CCN(C)CC(Nc1ccccc1OC1CCCCC1)c1ccc(C)cc1	0.023619
rxn:2:107659:115996	CCc1ccc(N(C)C)c(NC2CCCCCC2N(CC)C(C)CC)c1	0.023617
rxn:2:109073:74957	Cc1csc(SC2CCC(NC(c3cccn4ncnc34)C(C)C)CC2)n1	0.023613
rxn:2:152207:68523	COc1ccc(C(Nc2c(N=O)c(=O)n(C)c(=O)n2CC(C)C)C2CC2)c(C)c1	0.023611
rxn:2:160347:77792	c1ccc2c(c1)nc1ccnc(NC3CCCCC3Cn3cncn3)n12	0.023609
rxn:2:140724:112348	CC(C)C(NCc1ccc(C(C)(F)F)cc1)c1ccc(C(C)(C)C)cc1	0.023609
rxn:2:87383:75199	CCC(Nc1cc(OC)cc2ncccc12)c1ccccc1N1CCCC1	0.023598
rxn:2:159659:135683	CCCC(C)C(NCc1cn(-c2cc(C)c(C)cn2)nc1C)c1ncco1	0.023592
rxn:2:88439:113405	CC(Nc1c2c(nn1-c1ccccc1)CSC2)c1ccc2c(c1)CCCC2	0.023590
rxn:2:84737:94411	CCC(C)[C@@H](NC1CCC(C(C)(C)C(C)C)CC1C)c1ccc(C)o1	0.023589
rxn:2:117685:114107	COCCC(Nc1n[nH]cc1-c1ccc(C(C)C)cc1)c1ccccn1	0.023588
rxn:2:101126:107412	CCCCC(N[C@@H](c1ccc(OC)nc1)C1CCCCC1)c1cscn1	0.023587
rxn:2:120491:82504	Cc1cccc(C(CN2CCCC2)Nc2ccc(C)nc2-c2ccncc2)c1	0.023582
rxn:2:102136:75829	CC(NCCC1(C)COc2ccccc2O1)c1cccc(-c2cccn2C)c1	0.023577
rxn:2:70426:162911	c1cc2c(cc1NC1CCc3cc(-n4cnnn4)ccc31)CCN2CC1CCOC1	0.023571
rxn:2:108103:109602	CCC(NCc1cnn2ncccc12)c1cccc(-n2cccn2)c1	0.023564
rxn:2:132133:139335	CCC1CCC(c2ccc(NC3CCOc4c(C)ccc(C)c43)cc2)CC1	0.023560
rxn:2:96244:123428	CCCC1CC(C(NCC2CCN(c3nc(C)cc(C)n3)CC2)c2ccnn2C)C1	0.023556
rxn:2:79877:117054	Cc1cccc(C(C)n2nccc2CNC(C)c2cccc(S(C)(=O)=O)n2)c1	0.023556
rxn:2:145344:139332	CC1CCCCC12CC(Nc1ccccc1-c1nc3ncccc3o1)CCO2	0.023549
rxn:2:137354:137404	c1ccc2c(c1)OC1(CCOC1)CC2NCC1CC1c1ccc(-n2cncn2)cc1	0.023534
rxn:2:151283:117136	CCCC(CCc1ccccc1C)Nc1cc(S(C)(=O)=O)cc(S(C)(=O)=O)c1	0.023533
rxn:2:75291:113938	Cc1sc2nnc(C(C)NCc3ccccc3CN3CCCCC3C)n2c1C	0.023517
rxn:2:88357:119269	COc1ccc2c(c1)C(NCC(c1cnc(OC)nc1)N1CCCC1)C(OC)CO2	0.023517
rxn:2:127664:101621	CCCC(NCC(C)(C)Cc1cnc(C)s1)c1cccc(SC)c1	0.023517
rxn:2:103146:91582	CCc1ccc(CC)c2ncc(NC3CC(c4ccc(C)cc4)C3)cc12	0.023515
rxn:2:164343:138204	Cc1ccc2c(ncc3c(NC(CC(C)C)C4CCCC4)onc32)c1C	0.023514
rxn:2:83443:109137	CC(C)CC(CCC(C)(C)C)NC(C)(C)c1ccccc1C1CC1	0.023505
rxn:2:114947:119540	Cc1ccccc1CCC(N[C@@H](c1ccc(S(C)(=O)=O)cc1)C1CC1)C1CC1	0.023492
rxn:2:100680:115743	CCc1ccc(OCC(C)C)c(C(C)Nc2ncnn3c(OC)ccc23)c1	0.023476
rxn:2:66856:131323	CC(Nc1ccc(=O)n(CCS(C)(=O)=O)c1)c1ncccc1-c1cccnc1	0.023473
rxn:2:92119:89791	Cc1cc(C)nc(S(=O)(=O)CCNC(c2ccccc2)c2ccn(C)c2)n1	0.023473
rxn:2:78489:118545	Cc1ncc2cc(CNC(c3ccc4cc[nH]c4n3)C(C)C)cn2n1	0.023467
rxn:2:153172:114921	Cc1cc2c(c(NC(C)c3cnc4occc4c3)c1C)n(C)c(=O)n2C	0.023467
rxn:2:113674:151269	c1cc(-c2cncnc2)c2c(c1)C(NCc1cc(C3CC3)nc(C3CC3)n1)CC2	0.023467
rxn:2:67147:91577	COc1ccc(OC)c2c1CCC2NCCc1n[nH]c(-c2cccnc2)c1C	0.023465
rxn:2:104134:124368	Cc1nn(C)c(CNC(c2ccc(C3CC3)cc2)C2CC2)c1-c1cc[nH]c1	0.023446
rxn:2:133437:81365	COc1ccc2c(c1)CC(C)C2C(C)NC1CC(C)(C)Cc2nnc(C(C)C)cc21	0.023437
rxn:2:135510:122377	COc1nn(C(C)(C)C)c(C)c1NC1CC(C)Sc2ccc(C(C)(C)C)cc21	0.023421
rxn:2:103524:70656	Cc1nc(C(C)C)sc1C(C)CCNC1C(C)(C)c2ccccc2C1(C)C	0.023418
rxn:2:125919:124930	COc1ccc2occ(CCNC(C)c3ccc4c(c3)C(F)(F)CC4)c2c1	0.023418
rxn:2:91003:118273	COc1ccc2c(c1)CC(Nc1ccc(-c3ccccc3)c(C)n1)CCC2	0.023406
rxn:2:86277:96135	CCC(Nc1cccc2cc(OCC(C)C)cnc12)c1ccnc(C)c1	0.023404
rxn:2:80667:133863	Cc1ccc(C(NCc2nnc3c(C)cccn23)c2cccs2)cc1	0.023400
rxn:2:124372:119075	CC(C)CCC(NCCc1c[nH]nc1-c1ccccn1)c1ccccn1	0.023390
rxn:2:119272:121818	CC(Nc1nnc(SCC2CC2)s1)c1cc2c([nH]c1=O)CCCCC2	0.023390
rxn:2:78808:91416	CCCSc1n[nH]c(NC2CC3CCC2(CS(=O)(=O)F)C3(C)C)n1	0.023380
rxn:2:82299:95846	COc1cncc(C(C)Nc2ccnn2C(C)c2cccc(SC)c2)c1	0.023373
rxn:2:133701:98986	CCOc1ncc(-n2cncn2)cc1NC1CCN(c2cc(=O)[nH]cn2)CC1	0.023365
rxn:2:89130:94565	CCCSC(C)C(NC1CCCC(c2n[nH]c(=O)[nH]2)C1)c1ccc(C)cc1	0.023349
rxn:2:106198:81216	CC(NCCN1CC(C)(C)Oc2ccccc21)c1ccc(-c2ccnn2C)cc1	0.023336
rxn:2:89596:68328	Cc1cnc2ccc(NC(C)c3ccc4ccccc4n3)cc2c1	0.023335
rxn:2:67053:161264	Cn1ncc(-c2cccc(NC3COc4ccc5ccccc5c43)c2)n1	0.023335
rxn:2:68650:90076	COc1ccc2c(c1)CCC[C@@H]2NC(C)c1cccc(OCc2nnn[nH]2)c1	0.023335
rxn:2:77303:117558	c1ccc(C[C@@H]2CCC2NCc2cccc(OCc3ccccn3)c2)cc1	0.023320
rxn:2:121143:89430	CCC(NC1(c2nc(-c3ccccn3)c[nH]2)CC1)c1cnc(N(C)C)cc1C	0.023316
rxn:2:119639:85304	Cc1cc(C(C)NCCC2C(c3cscn3)C2(F)F)cc(C)c1OC(C)C	0.023309
rxn:2:104692:166279	CC(C)(C)C(Nc1cnc(OC2CCCC2)nc1)c1c[nH]c2ccccc12	0.023304
rxn:2:97802:98686	Cc1cc(C(Nc2cccc(CC3CCCN(C)C3)c2)c2cn[nH]c2)c(C)o1	0.023300
rxn:2:115556:138327	CCC(NC1CCCC(OCc2ccccc2)C1)c1ccn2nc(C)cc2n1	0.023300
rxn:2:72270:147141	CC(C)c1ccc2c(c1)C(NC1CCCc3[nH]c(-c4ccccc4)nc31)CO2	0.023295
rxn:2:125711:166447	C[C@@H]1CN(c2ccc(NC(c3c4ccccc4nn3C)C(C)(C)C)nn2)C[C@H](C)O1	0.023287
rxn:2:85839:102887	CCSC(C)C(Nc1ccc2c(c1)N(C)CC2(C)C)c1ccc(C)c(C)c1	0.023282
rxn:2:125577:74209	Cc1cccc2cc(C(C)Nc3nc(=O)[nH]cc3-c3ccco3)oc12	0.023282
rxn:2:140386:110576	CC[C@H](NC(c1ccccc1)C(C)(C)CC)c1ccc(OC)c(OC)c1	0.023279
rxn:2:81835:148916	Cc1ccc(-c2cnn(C)c2)c(C(C)Nc2ccc3c(c2)OCCC3(F)F)c1	0.023276
rxn:2:83152:82059	CCC(NCCC(c1ncn(C)n1)C(C)C)c1ccc(-n2cccn2)cn1	0.023269
rxn:2:98812:65889	CCOc1cnc(C2CCCC2)cc1CNC(C)c1cccc2cn[nH]c12	0.023260
rxn:2:133514:108536	CCc1cnn2c(NC(c3cccc(C)c3)C(CC)S(C)(=O)=O)cc(C)nc12	0.023255
rxn:2:118130:78224	CCCc1ccc(Cn2cc(NC(C)c3c(C)oc(C)c3C)cn2)cc1	0.023249
rxn:2:78488:167495	COc1nccc2c1c(C(C)Nc1cnc3ccc(C)cc3c1)nn2C	0.023239
rxn:2:133048:117248	CC(Sc1nnnn1C)c1ccc(NC(c2nccs2)C2CCC2)cc1	0.023238
rxn:2:77434:164796	CCn1ncc(CC(C)NC2CCc3[nH]c4c(OC)ccc(C)c4c32)c1OC	0.023218
rxn:2:66555:75183	CC1CC(C)CN(C2CCCCC2NCc2cccc(N(C)CC3CCC3)c2)C1	0.023215
rxn:2:133415:117216	CCc1cc(NC(C)c2cc3c(cc2C)OCC3)nc(Cc2csc(C)n2)n1	0.023213
rxn:2:140262:139072	COc1cccc2oc(NC(c3ccncc3)c3ncc(C)s3)nc12	0.023210
rxn:2:68950:127625	COc1cccc(C(CN2CCCC2)NCc2cccc(-n3nccn3)n2)c1	0.023209
rxn:2:133948:76306	CCn1ccnc1Sc1ccc(NC(c2ccnn2C)C2CCC2C)cc1	0.023201
rxn:2:136925:70866	CC1CCc2nn(CC3CCC3)c(NC(C)c3cc4sccc4s3)c21	0.023199
rxn:2:85743:73345	CC(C)C(NCC1CCN(C)C1CC1CCN(C)CC1)c1ccccc1C1CC1	0.023198
rxn:2:69970:68987	CCCc1nc(C2CCCO2)sc1C(C)NCCC1CC1c1nccc(C)n1	0.023188
rxn:2:81847:89271	CC(NC1CN(c2ncnc3ccsc23)C1)c1ccc2cn(C)nc2c1	0.023188
rxn:2:126808:71611	CCN(c1ccc2c(c1)OCO2)C(C)CNC(CN1CCOCC1)c1nccs1	0.023169
rxn:2:158300:138254	Cc1cccc(C(C)Nc2ccn(-c3ccc4ccccc4n3)n2)c1	0.023164
rxn:2:94614:127314	COc1cncc(-n2cc(NC(c3cccc(C(C)C)c3)C(C)C)cn2)c1	0.023157
rxn:2:88470:70737	CCOc1c(C(C)Nc2cnc3cc(C4CCCCC4)nn3c2)cnn1CC	0.023155
rxn:2:136631:69198	CCOc1cccc(C2CCCC2NCC2CCCCN2CCN2CCCC2)c1	0.023151
rxn:2:129644:143660	CC1CCCN(CC(C)(C)NC(C)c2cc3c(ccc4ccccc43)o2)C1	0.023146
rxn:2:73582:118045	Cn1cc(CCC(NCc2ccccc2-c2ccccc2)C(C)(C)C)cn1	0.023140
rxn:2:71371:133809	Cc1noc(C)c1-c1ccc(NC(C)c2cccc3[nH]ncc23)nc1	0.023134
rxn:2:66065:98321	Cc1nonc1Cn1cc(NC(c2ccccc2)c2ncco2)cn1	0.023129
rxn:2:67555:161035	Cn1ncc2cccc(C(NC3(c4ccccc4)CCC(F)(F)C3)C3CC3)c21	0.023123
rxn:2:148473:119938	COc1cccc(-n2ncc(NC3CCOc4c3cccc4C(C)(C)C)cc2=O)c1	0.023119
rxn:2:87039:136926	CC(Nc1cnn(C)c1-c1ccccn1)c1cn(-c2ccccc2)nn1	0.023116
rxn:2:116802:124686	CC(Nc1nnccc1-c1ccco1)c1cccc(-c2nnn[nH]2)c1	0.023113
rxn:2:111984:104784	CCC(CC)Oc1cccc(C(C)Nc2cnn(CCC3CCCO3)c2)c1	0.023112
rxn:2:133284:82328	COCC(C)n1c(NC(CCOC(C)(C)C)c2ccccc2C)cc(=O)[nH]c1=O	0.023109
rxn:2:95100:102773	CCc1nn(-c2ccc(C)nc2)c(NC(c2cc(OC)ccn2)C(C)C)c1C	0.023097
rxn:2:115208:151332	Cc1cccc(C(CNC(C)c2cc3ccccc3c(C)n2)N2CCOCC2)c1	0.023096
rxn:2:128599:139021	c1cnn(-c2ccc(C3CCC3NCCc3cnn(C4CCOCC4)c3)cc2)c1	0.023095
rxn:2:69921:126146	COc1ccc2c(c1OC)CCCC2NC(c1ccsc1)c1ccsc1	0.023094
rxn:2:131571:125312	CCN(CC(C)C)CC1CCCC1NCC1COCCN1c1ccc(C)c(C)c1	0.023089
rxn:2:119675:75692	COc1cc2c(cc1OC)C(NCCC1CCCN1c1ccc(C)c(C)c1)CC=N2	0.023074
rxn:2:127359:82007	CCc1ccc2c(c1)C(NC(COC(C)(C)C)c1cccc(C)c1)C(CC)O2	0.023072
rxn:2:96240:118381	COc1ccc2c(c1OC)CCCCC2NCC(OC(C)C)c1ccsc1	0.023072
rxn:2:94309:71778	CC(NC(C)c1ccnc2cccnc12)c1csc2ccccc12	0.023068
rxn:2:75275:108632	COc1cccc2cc(C(C)NC3CCCC3OCc3ccccc3)oc12	0.023056
rxn:2:77906:161669	Cc1cn(CCCC(C)NCC(C)(C)c2cc[nH]c(=O)c2)c2ccccc12	0.023056
rxn:2:122017:85194	CCN(CC)c1nc(C)cc(NC2CCCCCC2c2cc(C)ccc2C)n1	0.023047
rxn:2:87719:152710	c1ccc2c(C3CCCCC3Nc3cnn(CCN4CCOCC4)c3)c[nH]c2c1	0.023040
rxn:2:142424:164626	Cc1cc2c(C(C)Nc3c(C)nc4sc(C)cn4c3=O)cn(C)c2cn1	0.023040
rxn:2:83668:122639	Cc1cc(C)c(C(C)NC(COc2ccccc2)c2ccc[nH]2)c(C)c1	0.023030
rxn:2:93918:152320	CC(=O)n1cc(C(C)NC2CCCCC2N(CC(C)C)C2CC2)c2cc(C)cnc21	0.023030
rxn:2:101870:111053	Cc1cccc([C@H](NC(C)c2ccc3ccccc3c2)C2CCC2)c1	0.023025
rxn:2:109505:85940	Cc1ccccc1[C@@H](NC1CC(C)(C)CCc2ccccc21)C1CCOCC1	0.023024
rxn:2:107509:100381	CSc1cnn(-c2ccncc2)c1NC1CCCCc2c[nH]cc21	0.023018
rxn:2:95856:74984	CCc1ccc(C(Nc2cnn(CCc3ccncc3)c2)C(C)(C)C)cc1	0.023016
rxn:2:145366:108940	CCCC(NC1CC(c2ccc3nc(C)n(C)c3c2)C1)C1CC2C3CCN(CC3)C2C1	0.023010
rxn:2:101390:113631	CC(Nc1ncccc1OCC1CCC1C)c1ccc(C2CCCCC2)o1	0.022999
rxn:2:98415:67403	CCC(N[C@H](c1ccoc1)C1CCCCC1)c1cnc(N2CCCC2)cc1C	0.022989
rxn:2:89887:111038	CC(C)Cc1c(C2CC2)nn(C)c1NC(c1cn(C2CCCC2)cn1)C(C)C	0.022988
rxn:2:138504:80217	Cc1cc(C)n2c(CCNC(C)c3cccc4nccnc34)nnc2n1	0.022982
rxn:2:111221:87546	CC(N[C@@H](c1c[nH]c2ccccc12)C(C)(C)C)c1ccnn1C1CCOCC1	0.022971
rxn:2:117084:121906	Cc1cnc(SCCC(C)N[C@H](C)c2ccn(CC(C)C)n2)nc1	0.022970
rxn:2:128044:138102	COc1cc(OC)cc(-c2nc(NC3CC(C)(C)Oc4c(C)cccc43)no2)c1	0.022968
rxn:2:66788:98366	CCC1Cc2ccc(OC)cc2C1NCC(C)c1nc(-c2ccccc2)no1	0.022966
rxn:2:129252:144858	CCc1ccccc1[C@H](COC)NC1c2ccccc2-c2cccc(C)c21	0.022943
rxn:2:119345:91577	COc1ccc(OC)c2c1CCC2Nc1cccnc1-c1cc(C)cc(C)c1	0.022926
rxn:2:106505:168819	CCC1(Cn2cc(NC(C)c3cccc(-c4ccc(C)cn4)n3)nn2)CCC1	0.022911
rxn:2:106206:106663	CCCn1c(C)nnc1-c1c[nH]nc1NC1CCC(c2nc(CC)no2)CC1	0.022909
rxn:2:139362:121001	CCC(C)n1nc(C2(C)CC2)c(C)c1NC1CC2CCCCN2c2ccccc21	0.022906
rxn:2:138647:137998	CCCn1nc(C(C)Nc2ccc(COc3ccccc3)cc2)cc1C	0.022899
rxn:2:77219:101866	CCC(N[C@H](CC1CC1)c1nnc(-c2cccs2)o1)c1cnn(CC)c1	0.022898
rxn:2:80812:114101	CC(NC1CN(C2CC2)CCC1c1ccccc1)c1ccc(-c2ccco2)o1	0.022896
rxn:2:79430:74120	CCCC(NC1C[C@@H](C)N(Cc2ccccc2)[C@@H](C)C1)C1CCCN1CCC	0.022885
rxn:2:110358:135788	CC(NC(C)(C)Cc1ncc2ccccn12)c1cccc2ncncc12	0.022883
rxn:2:88505:162233	COc1ccc(-c2cc(C(C)Nc3nc4c(s3)CCCC4C)cs2)cn1	0.022880
rxn:2:69227:93916	CC(F)C(NCc1ccc(Sc2ccccc2)s1)c1ccccc1	0.022879
rxn:2:98024:117955	COc1ccc(C(NCc2ccc3c(c2)C(C)(C)CO3)c2ccccc2)cc1	0.022875
rxn:2:145959:113277	Cc1cnn2c(NC(C)c3cc4[nH]ncc4s3)c3c(nc12)CCSC3	0.022861
rxn:2:69113:167542	Cc1cscc1-c1nc2c(s1)C(Nc1ccc(N3CCCC3)cn1)CCC2	0.022861
rxn:2:94248:81238	Cc1ccc(-n2ncc(NC3CCc4cc(C(C)C)ccc43)c2C)cc1C	0.022854
rxn:2:114732:87122	CCC(Nc1cnn(CCCC2CCCO2)c1)c1cn(C)c2ccccc12	0.022842
rxn:2:107818:149170	CC(Nc1cc(C2(C)COC2)nn1C(C)(C)C)c1ccc(-c2ccc(=O)[nH]n2)s1	0.022841
rxn:2:73595:132871	CCC(NCCc1cccc2c1OC(F)(F)O2)C1CCCCN1C(CC)CC	0.022840
rxn:2:66841:138883	CCCc1ccc(C2CC(CNC(c3ccccc3)C3CCC3)C2)cc1	0.022835
rxn:2:69554:90371	CCCOc1ccccc1C(C)NC1CCCN(C(C)c2ccccc2C)C1	0.022834
rxn:2:101295:73981	COc1cc(C(C)N[C@@H](C)c2cccc(N3CCN(C)CC3)c2)ccc1OC(C)C	0.022817
rxn:2:107526:141496	CC1CCC(CNC(C)c2cccc(N3CCCCC3C)c2)C(N2CCN(C)CC2)C1	0.022815
rxn:2:161581:120184	COCc1cccc(OC)c1C(C)NC(C)Cn1cnc2c(cnn2C)c1=O	0.022814
rxn:2:160076:90181	O=c1ccc(CNC(c2ccccc2)C2CCCC2)cn1Cc1ccccc1	0.022814
rxn:2:134115:114320	COc1cccc2c1OCCN(CCNC1CCCCC1S(=O)(=O)c1ccccc1)C2	0.022809
rxn:2:84129:115153	CCC1Oc2cc(C)cc(C)c2C1NC1CCC(Cc2ccc(OC)cc2)CC1	0.022797
rxn:2:81560:136110	CCc1sc(C(C)C)cc1C(C)NC(C)c1cnc2ccsc2c1	0.022794
rxn:2:114095:111354	CCC1CCC(NC(C)c2c(OC)ccc3[nH]nnc23)(c2nnc(C)n2C)CC1	0.022780
rxn:2:82522:71302	Cc1cnc(-c2ccoc2)nc1NC(C)c1ccc(-n2cnnn2)cc1	0.022775
rxn:2:74002:130338	Cc1ccc(-c2cnccn2)cc1NC(C)c1ccc2cnn(C)c2c1	0.022774
rxn:2:95142:106829	COC1CCN(c2ncccc2NC(Cn2ccnc2C)c2ccc(C)cc2)C1	0.022771
rxn:2:163695:108375	CC(C)(C)C(Nc1cnn(-c2ccc(S(C)(=O)=O)cc2)c1)c1nccn1C1CC1	0.022770
rxn:2:79714:131025	CC1CC(NCc2noc(C(C)n3cccc3)n2)CN(Cc2ccccc2)C1C	0.022769
rxn:2:141866:101977	Cc1cn(CC(C)C2CCC2)nc1NC(c1ccc2c(c1)CCC2)C(C)(C)C	0.022736
rxn:2:130696:71513	CC(Cc1nc(-c2ccccc2)no1)NC1CCN(Cc2ccccc2)CC1F	0.022735
rxn:2:118430:124291	CCC(NCCc1nnc(Cc2ccc(C)cc2)o1)c1cccc(OC)c1	0.022734
rxn:2:90948:87530	CCc1nc(CS(C)(=O)=O)sc1C(C)NCc1nnc(-c2ccccc2)o1	0.022720
rxn:2:113493:121802	CCC(C)CN(C)c1cn[nH]c1NC(C)c1cccc(-n2ccc(C)n2)c1	0.022719
rxn:2:130820:133590	CC(C)C1CCc2ccccc2C1N[C@H](Cc1ccccc1)CN1CCCCC1	0.022713
rxn:2:98354:91440	Cc1ccc(NC(C)c2ccc(OCC(C)C)cc2)c2ccccc12	0.022671
rxn:2:128951:147605	Cc1oncc1-c1cccc(C(C)NCC(C)(C)C(F)(F)C2CCCCC2)n1	0.022669
rxn:2:101805:104924	Cc1ccc(-c2cnc(C(C)NC3(c4ccc(C)c(C)c4C)CC3C)cn2)o1	0.022661
rxn:2:92591:93823	CCc1cc(N2CCCC(NC3CCCCC3Sc3ccc(C)cc3)C2)nc(C)n1	0.022658
rxn:2:74247:129357	Cc1cccc(CSC(C)CC(C)NCC2CCCN(C3CCOCC3)C2)c1	0.022647
rxn:2:110363:133413	COc1c(CC(C)NC(C)c2ncc(-c3c[nH]nc3C)s2)cnn1C(C)C	0.022646
rxn:2:97387:70929	C[C@@H](NC1c2ccccc2CCCCC1(C)C)c1ccc(C(C)(C)C)cc1	0.022644
rxn:2:134806:131858	CCCC(N[C@@H](CC(C)C)CN1CCCC1)c1cccc(C(C)(C)C)c1	0.022643
rxn:2:107421:106119	CN(C)Cc1ccc(CCNC2CCCCC2CCOc2ccccc2)cc1	0.022637
rxn:2:95993:92808	Cn1cc(C2(NC(CSc3nncn3C)c3ccc[nH]3)CCCCC2)cn1	0.022634
rxn:2:86874:108691	Cc1cc(C)c(-n2cnnc2)c(C)c1NC(C)c1cc2ccoc2cn1	0.022623
rxn:2:78239:162355	CC1Cc2c(-c3cccs3)cccc2C1NC1(c2ccco2)CCCC1	0.022623
rxn:2:128515:126614	COc1ccc(C(F)(F)CNC(c2ccc(C)o2)C2CCCCC2)cc1OC	0.022614
rxn:2:112232:154037	CCN(CC)c1nc(C)ncc1CNC1CCCCc2c1ccc1[nH]ncc21	0.022608
rxn:2:87244:141791	CC1CCN(C2(CNC(CCOC(C)C)c3ccsc3)CCN(C3CC3)C2)C1	0.022608
rxn:2:141176:128391	CCOCC1CCCN(c2nc(NC(C)c3cn4cncc4cc3C)cs2)C1	0.022598
rxn:2:99123:163216	Cc1cccc(C(Cc2ncc[nH]2)NCCn2cnc(C3CC3)cc2=O)c1C	0.022595
rxn:2:120423:127862	Cc1ccc2sc(NC(CN(C)C(C)C(C)C)c3ccc[nH]3)nc2c1C	0.022593
rxn:2:109706:72282	CC(C)C1CCC2(C)CCCC(Nc3nc4ccccc4n3C3CC3)C2(C)C1	0.022590
rxn:2:145212:82984	CCC1CN(C2CCCC2Nc2c(-c3cccs3)nc3cc(C)ccn23)CCO1	0.022589
rxn:2:100176:166820	CCc1nc2cccc(C(NCc3nn(C4CC4)c4c3CCCC4)C(C)C)n2n1	0.022584
rxn:2:102446:90864	CC(C)c1cc(NC2CC(C)(C)C3CC4(C)CCC3C4(C)C2)n(CC2CC2)n1	0.022576
rxn:2:163210:136585	CCCCC(Nc1cc(=O)[nH]n1-c1ccccc1OCC)C1CC2(CCC2)C1	0.022574
rxn:2:156174:71315	Cc1nnc2[nH]c3cc(NC4CCCC4Oc4ccccc4)ccc3n12	0.022572
rxn:2:113381:71302	Cc1cc(C)cc(OC2CCCC2CNC(C)c2ccc(-n3cnnn3)cc2)c1	0.022571
rxn:2:125591:93421	CCC(NCC1COc2cc(C)cc(C(C)C)c2C1)C1CCCN(CC2CC2)C1	0.022569
rxn:2:133948:93243	CCn1ccnc1Sc1ccc(NC(C)c2ccc3c(c2)CC(C)O3)cc1	0.022566
rxn:2:81108:94467	CC(C)OCCC(NCC1CC1c1ccc2sccc2c1)C1CCCC1	0.022549
rxn:2:135227:151297	Cc1c(NC(C)c2[nH]c(=O)n(-c3ccccc3)c2C)ccc(N2CCCC2)c1C	0.022545
rxn:2:114241:73969	CC(C)c1nc(NC(CC2CC2)c2ccccn2)cc(-c2cccs2)n1	0.022541
rxn:2:118367:80534	Cc1cccc(CCC(C)NCC2c3ccccc3Sc3ccccc32)n1	0.022518
rxn:2:107566:122736	CCN(c1ccc(C)cc1)C(C)CNC(CN(C)C1CC1)c1ccc(C)cc1	0.022516
rxn:2:110970:124183	CCCCC(Cc1ncc[nH]1)NCCn1c(C)nnc1-c1ccncc1	0.022515
rxn:2:70019:138370	COc1cc(C(C)Nc2nn(CCc3ccccn3)cc2C)c(OC)cc1C	0.022509
rxn:2:141214:80431	CC(C)c1nn(C(C)C)c2c1C(NC1CCCN(C(C)Cc3ccco3)C1)CCC2	0.022506
rxn:2:171880:86868	CN1CCCC1CC(CC1CCCN1C)Nc1nc2nonc2nc1N1CCOCC1	0.022503
rxn:2:78447:134621	CCC(CSc1cc(C)ccc1C)N[C@@H](CC(C)C)c1ccccn1	0.022491
rxn:2:96026:125097	CC1Cc2cocc2C1Nc1cncnc1SCc1ccccc1	0.022488
rxn:2:130386:67040	CCC(CSc1nc(C)cc(C)n1)NC(CC)c1cccc(C)c1	0.022488
rxn:2:101083:93965	CCC(C)SCC(Nc1ccc2[nH]ccc2c1)c1cccc(C)c1	0.022484
rxn:2:74548:111750	COc1cccc(OC2CCC2Nc2cccc(Cc3c(C)n[nH]c3C)c2)c1	0.022475
rxn:2:67987:139072	Cc1cnc(C(NC(CC(C)C)c2nnc(C3CC3)[nH]2)c2ccncc2)s1	0.022474
rxn:2:99017:151332	CCn1cc(CN2CCCC(CNC(C)c3cc4ccccc4c(C)n3)C2)cn1	0.022462
rxn:2:101911:104850	COc1cc2nccn2cc1C(C)Nc1ccn2c(C(C)C)ncc2c1	0.022460
rxn:2:78476:76779	CCc1ccc(OC)c(C(CC)NCC(Cc2ccccc2)N2CCOCC2)c1	0.022456
rxn:2:78058:102730	CCc1c(C)nc(C(C)C)nc1CNC(COC)c1cc(C)c(OC)c(C)c1C	0.022449
rxn:2:77664:126193	Cc1ccc(Oc2nccn2C)c(NC(C)c2ccc3ccnn3c2)c1	0.022435
rxn:2:79487:108400	Cc1nccn1-c1ccccc1C(C)Nc1ccc2ccc(=O)[nH]c2c1	0.022432
rxn:2:157821:102966	COc1cc(-c2cnn(C)c2)c(C)cc1NC1CCOc2ccc(C3CC3)cc21	0.022418
rxn:2:107655:104954	CCC(CC)C(NC[C@H]1C[C@@H](c2ccccc2)C1)c1cc(C)sc1C	0.022417
rxn:2:141909:98268	CCOc1cc(C)c(NC2COc3c(C)cc(C(C)(C)C)cc32)cc1C(C)C	0.022403
rxn:2:82294:69812	CCC(Cc1ccc(OC(C)C)cc1)Nc1cnnc2c(C)cc(C)cc12	0.022398
rxn:2:137365:120775	CCC(NCc1cn(-c2cc(C)ccc2C)cn1)C(C)c1ccc(C)cc1	0.022393
rxn:2:121742:95357	Cc1ccccc1C(Cc1ccccn1)NCc1cn(C2CCCC2)nc1C	0.022383
rxn:2:124352:103646	CC(NCc1cc2n(CC3CC3)ccn2n1)c1nn(C)c2ccccc12	0.022373
rxn:2:92436:108524	FC1(C(NCc2ccc3ccsc3c2)c2ccccc2)CCCCC1	0.022363
rxn:2:115729:93291	CCc1ccc(C(CC)NCCc2csc(Cc3ccccn3)n2)cc1	0.022359
rxn:2:168204:113185	Cc1cc(CNC[C@@H]2CCCN2Cc2ccccc2)nc(-c2ccccc2C)n1	0.022358
rxn:2:90218:125732	CCC(NC1(CN(C)c2ccccc2C)CCCC1)c1cc(C)cc(OC)c1	0.022358
rxn:2:100056:137327	CCc1cccc(OC2CCCCC2Nc2cc(OC)cc3cc[nH]c23)c1	0.022349
rxn:2:82474:158018	CCn1nc(C)c(NC(C)c2ccc(-c3c[nH]c(=O)c(C)c3)s2)c1CN(C)C	0.022347
rxn:2:120446:97198	COc1ccc(CNC(c2ccc(C3CC3)cc2)C(C)C)c(OC(C)C)c1	0.022340
rxn:2:158384:137279	O=S(=O)(F)Oc1ccc2cc(NC3COc4cc5c(cc43)OCCO5)ccc2c1	0.022329
rxn:2:114220:121095	CCCC(C)N(C)CC1CCCC1NCc1nn2c(c1CC(C)C)CCCC2	0.022323
rxn:2:157414:89938	Cc1cccc(C)c1C(NC(Cn1cccnc1=O)c1ccccc1)C(C)(C)C	0.022303
rxn:2:105794:133379	CCCC(NCc1cn(-c2ccco2)nn1)c1cc(C)cc(C)c1OCC	0.022297
rxn:2:162038:125153	Cc1cc(C)nc(-n2nc(C)c(C)c2NC2CCCOc3cc(C)cc(C)c32)c1	0.022295
rxn:2:89675:133831	Cc1ccc2nc(CCNC(C)c3c(C)nc4ncccn34)[nH]c2c1C	0.022293
rxn:2:70110:161264	Cc1cc(NC2COc3ccc4ccccc4c32)cc2[nH]ccc12	0.022293
rxn:2:127949:116179	CC(CC(C1CCCN(C)C1)N(C)C)NCCc1c[nH]c(Cc2ccccc2)n1	0.022290
rxn:2:75114:83943	CCCCC(NCC1C2C3CC4C5CC(C42)C1C53)c1cccc2ccccc12	0.022289
rxn:2:134673:81706	Cc1cc(C(CN(C)C2CC2)Nc2ccc(-c3n[nH]c(=O)n3C)cc2)c(C)n1C	0.022287
rxn:2:136457:124056	CSc1ccc(-c2ccc(NC(c3ncc[nH]3)C3CCC3)cc2)cc1	0.022261
rxn:2:160347:131254	COC(C)C1CCC(Nc2nccc3nc4ccccc4n23)c2ccnn21	0.022245
rxn:2:75639:129282	Cc1cc(C)cc(C(NC(c2cccc(C)c2)C2CC2)c2ccccn2)c1	0.022231
rxn:2:153001:137773	O=c1c(NC2CC3(CCC3)Sc3ccccc32)cccn1CCCn1ccnc1	0.022216
rxn:2:110966:77120	Cc1c2ccc(CNC(C)c3ccccc3-n3cccc3)cc2nn1C	0.022208
rxn:2:94853:122964	CC(NCc1cnn(-c2ccccc2)c1)c1cccn1-c1ccccn1	0.022205
rxn:2:93430:114286	COc1cccc2nc(CNC(C)c3ccccc3OCCC(C)C)cn12	0.022203
rxn:2:96273:78350	COc1ccc2sc(NC(C)c3ccc4c(cnn4C)n3)nc2c1OC	0.022200
rxn:2:82879:71269	Cc1cccc(N(C)CCC(C)Nc2ccccc2-c2ccco2)c1C	0.022187
rxn:2:81198:168770	CC(NCc1c2c(nn1C1CC1)CCN(C)C2)c1nc2cc(C(C)(C)C)ccc2[nH]1	0.022186
rxn:2:109777:80323	CCC(C)(CNC1CCC2c3c(cccc31)CCN2C)N(C)C1CCCCCC1	0.022165
rxn:2:84660:84296	CCC(NC(C)CCC1CCC2C3CCN(CC3)C12)c1cc2c(cc1OC)OCO2	0.022156
rxn:2:66199:118411	CCc1nccn1-c1cc(CNC(C)c2ccn3cccc3c2)ccn1	0.022147
rxn:2:140900:136040	COc1cc(-c2ccccc2)cnc1NC(C)c1cccn2cncc12	0.022143
rxn:2:125308:157078	CCc1nc2nc(C)c(C(C)NC3CC4(CCOCC4)Oc4ccccc43)c(C)n2n1	0.022120
rxn:2:119365:138344	c1cc(-c2ccc(NC(c3ccc4[nH]ncc4c3)C3CC3)cc2)on1	0.022096
rxn:2:151733:85629	CCCC1CCCCC1Nc1nc(-c2ccco2)c(-c2ccco2)s1	0.022096
rxn:2:103516:119681	CC(Nc1cnccc1OCc1ccncc1)c1ccn2ccncc12	0.022095
rxn:2:96883:72331	CCOc1nc2ccc(NC(C)CCOc3cccc(OC)c3)cc2s1	0.022093
rxn:2:117460:75846	CCC(CCC1CCCO1)N[C@H](CCC(C)C)c1cccc(C)c1C	0.022092
rxn:2:95937:165128	COc1nc(NC2COc3cccc(-c4ccsc4)c32)nc2nc[nH]c12	0.022090
rxn:2:121184:72366	CCOc1cccc(C(N[C@@H](c2ccccc2OC)C(C)C)C2(C)CC2)c1	0.022088
rxn:2:136380:152230	COc1ccsc1-c1cccc(C(C)NCC(C)(C)CCOC(C)(C)C)n1	0.022082
rxn:2:114265:102766	CCOc1cc(N2CCC(NC3CCc4cc(OCC5CCC5)ccc43)CC2)cnn1	0.022080
rxn:2:119952:109966	CC(C)CC(NC1CC(c2csc3c2OCO3)CN(C)C1)c1ccc2c(c1)CCCO2	0.022079
rxn:2:97372:111506	COc1cc(C)c(C2C(CNC3CCN(Cc4ccccc4OC)CC3)C2(F)F)cn1	0.022079
rxn:2:107715:164474	COCCn1cc(C(C)NC2(c3ccccc3)CCN(C)CC2)c2ccccc21	0.022077
rxn:2:88058:101065	CC(Nc1cc(-c2ccn(C)n2)no1)c1ccccc1-c1ccsc1	0.022063
rxn:2:122417:104697	CCN(c1nc2c(s1)C(Nc1ccc(-c3cncn3C)cc1)CCC2)C(C)C	0.022060
rxn:2:90247:87250	Cc1cc2cc(NC(C)c3c(C)[nH]c4ccccc34)cnc2[nH]1	0.022057
rxn:2:82866:124289	CCCOc1ccccc1C(CC)N[C@@H](c1c(C)cccc1C)C1CC1	0.022056
rxn:2:122833:123972	Cc1nc2cccnc2n1CCNC(c1cn2nccnc2n1)C(C)C	0.022056
rxn:2:115021:87591	COc1ccc(C(NC(C)Cc2ccc(N(C)C)cc2C)c2nccs2)cn1	0.022050
rxn:2:152296:134208	Cc1ccc(C(C)Nc2cc(-c3ccc4cc[nH]c4c3)no2)c(C)n1	0.022049
rxn:2:78096:132805	CCCc1ccncc1C(CCC)N[C@H](c1nc(C)cs1)C1CCCC1	0.022049
rxn:2:138610:90060	Cc1ccc(SCCN2CCC(NC(C)c3ccc(=O)n(CC4CC4)n3)C2)cc1	0.022043
rxn:2:89175:91073	COc1cc(OC)cc([C@@H](NC(C)c2c(C)oc3ccccc23)C2CC2)c1	0.022042
rxn:2:132286:139177	COc1cc(C(C)C)ccc1C(C)Nc1cnc2c(OC)ccc(C)c2c1	0.022039
rxn:2:95299:163383	Cc1ccc(C(NC2CCc3c(nc(C)n3C3CC3)C2)c2ccccc2)cc1C	0.022032
rxn:2:122659:141138	CCC(Nc1ccn(-c2ccccc2C)n1)c1ccc(CC(C)C)cc1	0.022030
rxn:2:85694:68451	Cc1cccc(-c2nccc(CNC3CCN(C4CC4c4ccccc4)CC3)n2)c1	0.022025
rxn:2:144028:89191	Cc1ccc(-n2ncc(NC(C)c3ccc4c(ccn4C)c3)cc2=O)cc1	0.022022
rxn:2:71603:88744	Cc1cc(NC(C)c2cnn(C3CCOCC3)c2)n(-c2ccc(C(C)C)cc2)n1	0.022014
rxn:2:94690:96141	Cc1nc(NC(C)c2cccc(-n3cccn3)c2)n(C)c1-c1cc[nH]c1	0.022006
rxn:2:67467:84432	Cc1cc(NC(C)c2ccc(-c3cncn3C)cc2)c2[nH]ccc2c1	0.021993
rxn:2:83376:135719	CCN(CC)CC12CCC(NC3CCC(c4ccccc4)CC3OC)(CC1)CC2	0.021988
rxn:2:135331:115679	CCc1cc(CNC(C)c2cnn(-c3ccccc3C)c2)n(C(C)C2CC2)n1	0.021982
rxn:2:118431:148125	CCC(CC)(CNC(C)c1ccc(-c2cnc[nH]c2=O)s1)N1CCCCCCC1	0.021981
rxn:2:160902:83224	CCS(=O)(=O)c1c(NC2CCC(C)(C)[C@]34CC[C@H](C3)C(C)(C)[C@@H]24)ccc2nccnc12	0.021980
rxn:2:128994:135666	CCSc1ccc(C)cc1NC1C[C@@H]2[C@@H](C2(C)C)[C@@]2(C)[C@H](C)CCC[C@H]12	0.021978
rxn:2:70423:119278	CCCn1cc2nc(C)nc(NC(CSC)c3ccc(C)cc3OC)c2c1	0.021974
rxn:2:138999:132178	Cc1cc(C)cc(C(NCc2cnc(C)cc2-c2ccccc2)C2CC2)c1	0.021973
rxn:2:103411:117734	Cc1cnc2c(NC(C)c3ccc(-c4ccccn4)cc3)nsc2c1	0.021969
rxn:2:133899:111857	CCC(NC1CCCCC1Sc1ccccc1C)c1ccc(OC)cc1C	0.021960
rxn:2:143444:123591	CCCC(Nc1cc(=O)[nH]n1-c1ccc(CC)cc1)c1cnn(CCC)c1	0.021955
rxn:2:73535:117059	COCc1cccc(-c2cnc(NC(c3ccccn3)C3CCOCC3)s2)c1	0.021949
rxn:2:67497:134863	Cc1cc(NC2CCCc3nc(-c4ccsc4)sc32)ccc1N1CCOCC1	0.021947
rxn:2:121366:76880	Cc1ccc(C)c(C(NCC2(N(C)CC3CCCCO3)CCSC2)C2CCC2)c1	0.021941
rxn:2:85959:135440	Cc1cc2[nH]nc(C(C)NCc3cccnc3-c3ccccc3)c2cn1	0.021938
rxn:2:93302:133429	CCn1cc(C(C)NCC(C)(C)c2ccc(OC)c(OC)c2)c2cccnc21	0.021938
rxn:2:150183:74170	Cc1ccc2c(-c3cnc(NC4CCc5cnn(C)c5C4)s3)c[nH]c2c1	0.021938
rxn:2:72483:98994	CCC(N[C@@H](c1cccc(C)c1C)C1CCOCC1)c1ccc(OC)cc1OC	0.021922
rxn:2:120740:79378	CCCC(Nc1ccc(S(=O)(=O)C2CCOCC2)cc1)C1CCCN1C(C)CC	0.021918
rxn:2:138889:121837	COc1ccccc1C(NCc1cnn(-c2c(C)cc(C)nc2C)c1)C(C)(C)C	0.021918
rxn:2:115166:131161	COc1ccccc1-c1ccnnc1NC(C)c1c(C)nn2ccsc12	0.021914
rxn:2:137282:111441	Cc1cc(C)n(-c2nnc(NC(C)c3cc4cc(C)c(C)cc4o3)nn2)n1	0.021913
rxn:2:94340:130026	Cc1ccc2c(c1)C(Nc1cnn(-c3ccccc3C)c1C(C)C)CC(C)O2	0.021911
rxn:2:82792:160214	COc1cc(S(C)(=O)=O)c(OC)cc1NC(c1ccc2cn(C)nc2c1)C1CC1	0.021910
rxn:2:157353:69839	O=c1c(CNC2CC(Cc3noc(C4CC4)n3)C2)cccn1Cc1ccccn1	0.021909
rxn:2:119289:93611	CC(CCc1cn2ccccc2n1)NC1CC(C)N(Cc2ccccc2)C(C)C1	0.021909
rxn:2:111276:92695	CCc1ccc2[nH]c(C(C)NCc3cc(C)nc4c3cnn4C)cc2c1	0.021904
rxn:2:105899:77105	CCCCN1CCCCC1C(CC)NCc1cnn(-c2ccnc(C3CC3)c2)c1	0.021898
rxn:2:109832:161266	Cc1ncncc1-c1ccc(C(C)Nc2nnc(N(C)C3CCCCC3)s2)nc1	0.021898
rxn:2:71237:125583	CC(N[C@H]1CCOc2cc(C(C)(C)C)ccc21)c1ccc(-c2nccn2C)cc1	0.021894
rxn:2:123118:95838	CC(NC1CC1c1cccc2ccccc12)c1cnc2cccnc2c1	0.021887
rxn:2:69542:104627	CC(C)n1c(C(C)(C)C)ccc(CNC2c3ccccc3CCC2C(C)(C)C)c1=O	0.021886
rxn:2:115193:114103	Cc1n[nH]cc1-c1ccc(C(C)NCC(C)(C)c2nccc(C(C)C)n2)cc1	0.021884
rxn:2:112467:136790	CCCC(NCc1csc(-c2ccnnc2)n1)c1c(C)c(C)cc(C)c1C	0.021880
rxn:2:116015:149877	Cc1oncc1-c1cccc2c1C(NC(C)C1CCCOc3ccccc31)CC2	0.021878
rxn:2:113427:97947	COc1ccc(-c2cc(CNC(c3ccc(C)cc3C)C(C)C)ncn2)cc1	0.021861
rxn:2:92269:70186	CC1CC(C)CC(c2cccc(NC(C)c3cncc4ccncc34)c2)C1	0.021859
rxn:2:97774:123260	Cc1cc(C)cc(-c2cc(NC3CCC(c4ccccn4)(N(C)C)CC3)ncn2)c1	0.021810
rxn:2:143723:138148	COc1ccccc1C(Nc1cc(-c2cccc3c2OCCO3)on1)C1CCC1	0.021773
rxn:2:106104:103752	Cc1cc(C)cc(C(Nc2cnc(C(C)C)cc2OC2(C)COC2)C2(C)CC2)c1	0.021749
rxn:2:154367:135375	Cc1ccccc1-n1nc(C)c(CNC2COc3c(C(C)C)ccc(C)c32)c1C	0.021735
rxn:2:131307:67510	CCOc1cccc2c1OCC2NCCC1CC1c1cccc2sccc12	0.021721
rxn:2:129885:104156	Cc1ccc2c(NC(C)c3cccc4nc(C)oc34)cccc2c1	0.021712
rxn:2:86513:113548	Cc1nn(-c2ccncc2)c(NC(C)c2nccn3ncnc23)c1C(C)C	0.021708
rxn:2:130090:153558	COc1cc(C)c2[nH]c3c(c2c1)C(NCC(OC1CCC1)c1ccco1)CC3	0.021708
rxn:2:106405:121906	Cc1cnc(SCCC(C)Nc2cn(CCC3CCCO3)nn2)nc1	0.021705
rxn:2:86511:91763	COc1ccc(C(Nc2nc(C3CCCCC3)cs2)C2CCCCC2)cc1	0.021700
rxn:2:103065:87760	CCCc1c(CNC(CSc2nnc(C)n2C)c2ccc[nH]2)ncn1C	0.021699
rxn:2:140521:139593	CCCC[C@H](NC(CC)c1c(C)[nH]c2ccccc12)c1cccnc1	0.021696
rxn:2:125162:119166	CC(Cc1ccc(C(C)(C)C)cc1)NC1CCN(CCCc2ccccc2)CC1	0.021680
rxn:2:134171:127314	CC(CN1CCC(N2CCCCCC2)C1)NC(c1cccc(C(C)C)c1)C(C)C	0.021661
rxn:2:134115:90829	COc1cccc2c1OCCN(CCNC(C)c1ccccc1-c1cnsc1)C2	0.021658
rxn:2:82506:118487	CCC(NC[C@@H]1CCCCN1Cc1ccccc1)C1CCCCN1C(C)C1CC1	0.021656
rxn:2:105540:104467	CC(Nc1ccc(-n2cccc2)cc1)c1csc2ccccc12	0.021655
rxn:2:72524:115601	COc1cnc2nc(CCNC(c3cnoc3)c3ccon3)cn2c1	0.021653
rxn:2:166031:87796	Cc1cccc(Cn2[nH]c(=O)cc2NC2CCCc3c2cnn3C2CCCC2)c1C	0.021653
rxn:2:84633:110496	CSC(C)C(N[C@H](c1ccc2c(c1)CCO2)C1CCC1)c1cc(C)ccc1C	0.021653
rxn:2:126183:152220	CCc1cn2c(n1)C(CC(C)NC(CS(C)(=O)=O)c1cc(C)n(CC)c1C)CCC2	0.021651
rxn:2:107735:116958	CCn1cc(C(CN2CCOCC2)NC(C)c2coc3ccc(OC)cc23)cn1	0.021641
rxn:2:114573:111731	CCC1CCc2c(ccn2COC)C1NC1CC1c1cc(C(C)(C)C)ccc1OC	0.021640
rxn:2:68995:123428	CCCC1CC(C(NCc2ncc(-c3ccccc3)s2)c2ccnn2C)C1	0.021625
rxn:2:67113:156239	Cc1cn2cc(C(C)Nc3ccc(Cc4ncc[nH]4)cc3)c(C)cc2n1	0.021621
rxn:2:99799:97285	Cc1cccc2[nH]cc(CCC(C)Nc3ncc(SC(C)C)s3)c12	0.021607
rxn:2:94270:82766	Cc1ccc(C)c(CCC2CCCC2NCc2cccc(C)c2OC2CC2)c1	0.021607
rxn:2:129724:72663	CCCN(C)CC(NC(C)c1csc(-c2ccccn2)n1)c1cccs1	0.021605
rxn:2:138893:120005	CCOc1c(C)cccc1C(C)Nc1cccc(OCc2cscn2)c1	0.021604
rxn:2:107908:68109	CCOc1ccc(C(C)NCC(C)(C)S(=O)(=O)c2cnn(C(C)C)c2)c(OC)c1	0.021596
rxn:2:109134:113825	CCc1ccccc1[C@@H](NC1CCCC1CCN1CCSC(C)(C)C1)C1CC1	0.021591
rxn:2:101207:135821	COc1ccc([C@H](CC2CC2)NC(C)c2cccc3ccnc(C)c23)cc1	0.021588
rxn:2:155755:139529	COc1ccc2[nH]cc([C@@H](NC(C)c3cnccc3C(C)C)C3CC3)c2c1	0.021587
rxn:2:83213:125218	CSc1nc(C(C)NC2CCN(c3ccccc3)C2)cc2c1CCCCC2	0.021575
rxn:2:79849:100098	CC(Nc1cnc2[nH]nc(N(C)C)c2c1)c1cnc(-c2cccnc2)s1	0.021572
rxn:2:115386:124813	COc1c(-c2ccco2)cccc1C(C)Nc1nccnc1N1CCCC(C)C1	0.021568
rxn:2:133716:75748	CCCc1cnn(CC(C)(C)C)c1NC(c1ccc(C)o1)C1CC2CCC1C2	0.021559
rxn:2:165259:127024	Cc1cc(-c2nc3c(NC(C)c4nnccc4C(C)C)occ3o2)no1	0.021550
rxn:2:138477:106638	CCC(CC)(NC(C)c1cc(-c2ccccn2)no1)C1C2CC3CC(C2)CC1C3	0.021548
rxn:2:114355:164897	COc1cc(NC(c2cc(=O)n(C)c(=O)n2C)C(C)C)c2nccc(SC)c2c1	0.021533
rxn:2:133132:91416	COc1cc(OC)cc(-c2cc(NC3CC4CCC3(CS(=O)(=O)F)C4(C)C)no2)c1	0.021529
rxn:2:96845:98836	CCSCC(Nc1ncc2cccc(C)c2n1)c1ccc(C(C)C)cc1	0.021528
rxn:2:138942:75962	CCC(NC1CCN(CCC(C)c2ccccc2)C1)c1ccc(N(C)CC)nc1	0.021528
rxn:2:138755:73990	Cc1ccc(S(C)(=O)=O)cc1C(C)NCc1ccccc1S(F)(F)(F)(F)F	0.021525
rxn:2:100994:101520	COc1cccc(C(Cn2cncn2)Nc2cc(C)c(N3CCOCC3)c(C)c2)c1	0.021524
rxn:2:103616:140852	CCCCC1CN(C)c2cc(NC3CCc4c(C)ccc(OC)c4C3)ccc2S1	0.021523
rxn:2:98628:131320	CCC1CCC(Cc2ccccc2)(NC2CCCc3c(C)cc(C)cc32)CC1	0.021507
rxn:2:68732:110953	CC(CC(C)(C)c1ccccc1)NCc1nc(C2(c3ccccc3)CC2)no1	0.021505
rxn:2:130137:75811	COc1cc(OC)c2c(c1)C(Nc1cc(CC3CCCC3)n(C(C)(C)C)n1)CCC2	0.021499
rxn:2:96227:114774	Cc1[nH]ncc1-c1ccc(C(C)NC2CC2(C)c2ccc3c(c2)OCCCO3)s1	0.021494
rxn:2:126341:95041	CSc1ccc(C(C)Nc2oc(C(C)C)cc2-c2ccncc2)s1	0.021493
rxn:2:102715:163668	CCc1ccc([C@H](C)NC2c3ccccc3SC2c2ccccc2)cc1	0.021489
rxn:2:107774:105089	CCCCC(NC1CC2CCN(C3CC3)c3cccc1c32)c1cccc(C)c1	0.021486
rxn:2:118955:97056	Cc1ccc2c(c1)OCCCC2Nc1cnc2ccc(OCC(C)C)cc2c1	0.021485
rxn:2:68781:66576	CCC1CCC2(CC1)CC(NCCc1cccc(-c3ccccc3C)c1)CCO2	0.021470
rxn:2:91726:113615	COc1cccc(CCC(NC2CC2c2c(OC)cc(C)cc2OC)C2CC2)c1	0.021465
rxn:2:100143:105062	Cc1cc(-n2ncc(CNC(CSCC(C)C)c3ccco3)c2C)ccn1	0.021465
rxn:2:85850:103282	Cc1ccc(-n2nc(C)nc2NC(C)c2ccc(-n3ccnc3)cc2)cc1	0.021463
rxn:2:119362:166211	Cc1c(-c2cncnc2)cccc1C(C)Nc1cccc2[nH]cnc(=O)c12	0.021456
rxn:2:146303:107924	COc1ccc(CCC(C)NC(C)(C)c2c(C)c3cccc4c3n2CC4)cc1	0.021450
rxn:2:126439:65853	CCCCC(NCC(Cc1ccccn1)c1cc(C)on1)c1noc(C)n1	0.021448
rxn:2:164927:71276	Cc1cc2nc(C3CCOC3)cc(NC(C)c3cnc4[nH]ncc4c3)n2n1	0.021443
rxn:2:126388:134295	CCCC(NC1CCCCC1Oc1ccccc1)c1ccc(SC)cc1	0.021436
rxn:2:133655:141485	CCn1nc(C)cc1Cn1cc(NC(c2cccc(C)c2)C2CCCCC2)nn1	0.021434
rxn:2:104648:95504	COCC(Nc1[nH]ncc1-c1ccncn1)c1cccc2ncccc12	0.021431
rxn:2:105664:159316	Cc1cc(C)c2[nH]c3c(c2c1)CCCC3Nc1ccc(CN2CCN(C)CC2)cc1	0.021428
rxn:2:141167:152644	Cc1ccc(C(NCc2cc3c(C)n[nH]c3s2)c2ncccn2)cc1C	0.021426
rxn:2:107335:133565	CCC(CCc1ccccc1OC)NCc1cnn(-c2ccnc(C)c2C)c1	0.021421
rxn:2:88471:157955	Cc1cccc(C2(NC(C)c3sccc3-c3cccc(C)n3)CC(F)C2)c1	0.021405
rxn:2:128943:87319	Cc1cnc2c(C(C)Nc3ccnn3-c3c(C)cccc3C)c[nH]c2c1	0.021380
rxn:2:101886:106051	COc1cccc(Cn2ncc(NC(C)c3nccc4[nH]ncc34)n2)c1	0.021379
rxn:2:112727:141269	Cc1cc(C)cc(CCC(C)NC(C)c2sc3ccccc3c2C)c1	0.021375
rxn:2:98052:129753	Cc1ccc(CN(C)C(C)C)cc1NC(C)c1ccc(-c2cnn(C)c2)cc1	0.021374
rxn:2:116536:78684	CCC(N[C@H](c1ccccc1C)C1CCCCC1)C1CCN(c2cnccn2)CC1	0.021368
rxn:2:109095:123564	CCCC(NCc1nnc2scc(C(C)C)n12)c1ccc(C(C)C)cc1	0.021362
rxn:2:141352:121761	CSc1ncc(C(C)NC2CCc3[nH]c(=N)ncc3C2)c(=O)[nH]1	0.021352
rxn:2:107363:70687	CCCC(NCC(c1ncccn1)c1ccc(C)o1)C(C)c1ccccc1	0.021348
rxn:2:126998:93920	CC(C)CC[C@H](NC1CCC(OCc2ccccc2)CC1)c1ccsc1	0.021341
rxn:2:88016:125496	CCC(NC(C)(C)Cc1c[nH]c2cc(C)ccc12)C1CCCN(C2CCCC2)C1	0.021335
rxn:2:102711:75780	Cc1ccc(NC(c2ncc3cnccn23)C(C)C)cc1-c1cncnc1	0.021328
rxn:2:70003:66141	CC(NCc1ccc(OCC2(C)COC2)cc1)c1cnc(-c2ccccc2)cn1	0.021325
rxn:2:107419:88675	CCCC(CCc1cccc(C)c1)NC(C)c1cc2cnccc2s1	0.021322
rxn:2:102660:114558	CCCOc1cc(C)ccc1C(C)NC1C(C)CCN(Cc2ccccc2)C1C	0.021322
rxn:2:135507:116292	CCOc1cccc(C2CC2CNC(C)c2sc(-c3cnccn3)nc2C)c1	0.021312
rxn:2:98649:164535	CC(C)c1nnc([C@H](NC2CCCc3ccc4ccccc4c32)C(C)(C)C)o1	0.021308
rxn:2:165523:76442	CCN1CCC(N(C)CCC(C)NC(C)Cn2c(C3CC3)nc3ccccc32)CC1	0.021297
rxn:2:83309:122065	CCCC(NCCn1ccnc1Cc1ccccn1)c1ccc(CC)cc1	0.021286
rxn:2:103614:126739	Cc1ccc(N(C)[C@H]2CCC2NCc2cccc(-c3nnc(C(C)C)[nH]3)c2)cc1	0.021275
rxn:2:71543:123156	COc1ccc2[nH]c(C(C)Nc3cc4cccc(OC)c4s3)nc2c1	0.021273
rxn:2:121351:160570	COc1ccc(-c2scnc2C(C)Nc2cnn(C3CC4CCC3C4)c2)cc1	0.021267
rxn:2:75449:136123	COc1cc(NC(C)c2csc(-c3ccc(C)nc3)c2)c(C)c(C)c1OC	0.021261
rxn:2:125287:71280	CSCCC(NC(C)c1ccc(=O)n(C(C)C)n1)c1nc2cc(C)ccc2[nH]1	0.021248
rxn:2:102103:141772	CCC(Cc1cnnc2ccccc12)N[C@H](C)Cc1ccc(C(C)(C)C)cc1	0.021248
rxn:2:104976:77794	CCc1nc(C(NC(c2ncco2)c2ccccc2OC)C2CCOCC2)no1	0.021247
rxn:2:136660:115294	COc1c(C)ccc2c1CCC2NC(c1cccc(C)c1)c1ccccc1C	0.021247
rxn:2:96569:102809	COc1ccccc1C(NCc1nnc(-c2ccccn2)s1)C(C)CN(C)C	0.021242
rxn:2:165635:79540	COc1ccc2nc(C(C)Nc3c4c(nc5ccccc35)COC4)oc2c1	0.021235
rxn:2:66264:73401	CCC1CCC(C2CCC(Nc3cnc(-c4ccccc4)cc3C)CC2)CC1	0.021230
rxn:2:74607:96309	CCCC(C)C(Nc1cnc(OC(C)(C)C)c(OC2CC2)c1)c1ccccn1	0.021223
rxn:2:127863:129240	CCCCC(Nc1ccc(OCCC)nc1OC(C)(C)C)c1ccccn1	0.021222
rxn:2:87961:131845	COc1cccc(-c2nc(CNC(C)c3cc4cncnc4s3)co2)c1	0.021196
rxn:2:112894:121855	Cc1ccc(C(C)C)cc1C1CCC(NC(C)c2nc3ccccc3n2C)C1	0.021187
rxn:2:143937:116269	Cc1cccc(C(CNc2nc3cc(-n4ccnc4)ccn3n2)N(C)C)c1	0.021187
rxn:2:166929:118381	COc1ccc2c(c1OC)CCCCC2Nc1cnc2c(c1)c(=O)ncn2C(C)C	0.021182
rxn:2:91077:139515	CCc1ccccc1C(NCc1cccnc1S(=O)(=O)C1CC1)c1ccccn1	0.021171
rxn:2:77630:147379	Cc1cccc(-c2ccc(C(C)NC(C)C(C)N3CCN(CC(C)C)CC3)cc2)c1	0.021170
rxn:2:140945:146412	CC(Nc1cn(CC2CCCC2)nn1)c1cnc2ccc3ccccc3n12	0.021163
rxn:2:100746:98526	c1ccc(COC2CCCCC2N[C@@H](CC2CC2)c2cccc3c2OCCO3)cc1	0.021150
rxn:2:133210:114193	CCN(c1ncc(C(C)NC(c2cccc3[nH]cnc23)C2CC2)s1)C(C)C	0.021148
rxn:2:71578:109097	COc1ccc(-n2nccc2NC(c2cccc(C)c2C)C(C)(C)C)cc1C	0.021144
rxn:2:92685:139356	CCCC(CSc1ncccn1)NC(CC)C(N(C)C)C(C)(C)C	0.021142
rxn:2:80984:86388	Cc1cc(NC2CCc3ccc(CC(C)(C)C)cc32)n(-c2ccccc2C)n1	0.021138
rxn:2:136261:79943	CC(C)c1cc(C(C)NCC2CCCc3ccccc3C2)c(C(C)C)s1	0.021136
rxn:2:98345:110017	CC(NCCC1CCN(C2CC2)CC1(C)C)c1ccc(Sc2ccccc2)o1	0.021135
rxn:2:108495:91338	Cc1ccc(NC(C)c2ccc(-n3cnnc3)cc2)c(C2CCCCC2C)c1	0.021129
rxn:2:109390:107412	CCCCC(Nc1c(C)cnn1-c1ccccc1OCC)c1cscn1	0.021128
rxn:2:151104:141277	Cc1nn2c(NC(C)c3ccc(CN4CCOCC4)cc3)ncnc2c1C1CCOC1	0.021110
rxn:2:81283:81981	CCSc1nc(C(NC(C)C2c3c(n[nH]c3C3CC3)CC2C)C(C)C)cs1	0.021108
rxn:2:89130:120800	Cc1n[nH]cc1-c1ncc(C(C)NC2CCCC(c3n[nH]c(=O)[nH]3)C2)s1	0.021103
rxn:2:69309:128299	CCC(CCc1ccc(C)cc1)NCC1CCCC1OC1CCC(C)CC1	0.021092
rxn:2:127621:70834	CC(NCCC1CC1c1cnc2nc[nH]c2c1)c1cnc(N2CC3CCC2C3)s1	0.021091
rxn:2:75897:167495	CCc1nc(CNC(C)c2nn(C)c3ccnc(OC)c23)c2ccccn12	0.021091
rxn:2:74718:163147	COc1ccc2c(ncn2C)c1C(C)Nc1ccc(-c2ccsc2)cn1	0.021090
rxn:2:97136:132490	CCc1cc(NC(CC)CCc2ccc(OC)cc2)nc(-c2ccoc2)n1	0.021089
rxn:2:131439:85375	CCc1nn(C2CC2)c(NC2CCCOC2COCc2ccccc2)c1C1(C)CC1	0.021084
rxn:2:131584:155695	Cc1cc(C(CC(C)C)Nc2cn(C3CCCC3)c(=O)[nH]c2=O)nc2sccc12	0.021074
rxn:2:106941:108489	CCCC1(c2nc(=O)nc(NC(Cc3ccncn3)c3ccccc3C)[nH]2)CC1	0.021073
rxn:2:98242:142706	CC(NCc1ccccc1OC1CCN(C)CC1)c1nc2ccc(N(C)C)cc2o1	0.021060
rxn:2:129987:86544	CCCC(NC[C@H]1CN(Cc2ccccc2)CC[C@H]1C)c1ccccc1CC	0.021060
rxn:2:120118:81081	c1cnc(NC(c2ccc(C3CC3)cc2)C2CCC2)c(OC2CCCCC2)c1	0.021040
rxn:2:78830:99889	CCc1[nH]c(C(C)CCNC(c2cccc(C(C)C)c2)C2CCC2)nc1C	0.021037
rxn:2:126035:107632	COc1cc(OC)c(C(C)NCc2cc(C)n(-c3cc(C)on3)c2C)cc1OC	0.021036
rxn:2:114925:84937	COc1ccccc1-n1cnc(CNC2CCCCC2Sc2cccc(C)c2)n1	0.021028
rxn:2:162171:142605	Cc1nc2ccccn2c(=O)c1NC(c1c[nH]c2ncnn2c1=O)C(C)C	0.021027
rxn:2:157942:121754	COc1cccc(-c2ccc(NC3CCOc4c3ccc(C)c4C)c(C)c2)c1	0.021017
rxn:2:137709:124163	COc1ccc(CC2CCCCC2N[C@@H](CC2CC2)c2ccccc2C)cc1	0.021003
rxn:2:98054:143882	Cc1cccc(-c2c[nH]nc2NC2COc3cc4ccccc4cc32)c1	0.020998
rxn:2:114177:101897	CCOc1ccc2c(c1)CCCC2Nc1cc2cc[nH]c2cc1C(C)(C)C	0.020997
rxn:2:101231:133066	CCC(NC1CCN(C2CCC(C)CC2)C(C)C1)c1ccc(OC)c(OC)c1OC	0.020988
rxn:2:124031:166568	Cc1cncc(-c2cccnc2C(C)NCC2CCCN2c2nc3c(o2)COCC3)c1	0.020986
rxn:2:131365:161264	COc1cc(Cn2cc(NC3COc4ccc5ccccc5c43)cn2)sn1	0.020986
rxn:2:85947:80925	CCC(NC1CC(C)(C)Oc2ccc(OC)cc21)c1nc2ccccc2n1CC	0.020980
rxn:2:113190:124452	CCC(C)(C)C(NC1(C2(c3cccc(C)c3)COC2)CC1)c1ccc(C)cc1C	0.020978
rxn:2:77724:91416	CC1CCC(Oc2cc(CNC3CC4CCC3(CS(=O)(=O)F)C4(C)C)ccn2)CC1	0.020972
rxn:2:93704:79284	CC(C)c1cnc(CNC(C)c2ccc3c(c2)CCCC3(C)C)c(OC2CC2)c1	0.020965
rxn:2:112662:141663	CCc1ccc(-c2cc(CCNC(c3ccccn3)C(C)CC)[nH]n2)cc1	0.020960
rxn:2:123170:81716	CCC(Nc1cccc(-c2nc(COC)n[nH]2)c1)c1cc(C)c(OC)c(C)c1	0.020959
rxn:2:97130:88830	CC(C)c1cc(N2CCC(NCc3cn4cncc(C5CCCC5)c4n3)CC2)ncn1	0.020957
rxn:2:82175:111741	Cc1cc(C(C)NC(C)CCc2cnc3ccccc3c2)c(C)n1C(C)C	0.020951
rxn:2:100217:75277	CCOc1ccc(OC)cc1C(CC)NCCc1c(C)nc2cccc(C)n12	0.020944
rxn:2:121146:132745	CC1CCN(CC2(NC3CCC([C@H]4CC[C@H](C)CC4)CC3)CCCCC2)CC1	0.020939
rxn:2:104404:168139	Cc1cccc(C)c1-n1ccnc1C(C)NC1CCOCC1OCc1ccccc1	0.020937
rxn:2:107820:119767	CC(C)(C)c1ccc2c(c1)C(NC(Cc1ccccc1)c1ccco1)CS2	0.020921
rxn:2:72716:157860	COc1cccc(-n2cnc(C(C)NC(C)(c3cc(C)ccc3C)C(C)C)n2)c1	0.020918
rxn:2:129165:115737	CC(Cc1nc(-c2cccnc2)cs1)NC1CC2(CCCCc3ccccc32)C1	0.020917
rxn:2:83265:138523	CC(C)c1ccccc1C(NC1CCC(c2nccn2C(C)C)CC1)C(C)C	0.020902
rxn:2:109500:84046	COc1ccc(C(Nc2cc(OCc3ccccc3)[nH]n2)C23CC(C2)C3)cc1	0.020884
rxn:2:96446:131855	COc1ccc(OC)c(C2(NC(c3ccc(C)c(C)c3)C3CCCCC3)CC2)c1	0.020879
rxn:2:115937:68523	CCN1CCC2(CCC(CCNC(c3ccc(OC)cc3C)C3CC3)CC2)CC1	0.020874
rxn:2:105518:130610	CCC(C)C(CNC1CCCCc2cc(OC)cc(OC)c21)N1CC(C)OC(C)C1	0.020863
rxn:2:104164:97420	CCc1ccc(C2CCCCC2NCc2n[nH]c(-c3ccc(OC)cc3)n2)cc1	0.020854
rxn:2:119671:67504	CC(C)c1cc(NC2CCCC2SCc2ccccc2)n(C(C)C(C)C)n1	0.020852
rxn:2:122260:124909	CCCCC(Nc1nc(C(C)(C)C)cc(C(C)(C)C)n1)c1ccc(C)cc1C	0.020832
rxn:2:161051:124347	Cc1cccc(-n2[nH]c(=O)cc2CNCC2CC(F)(F)CN2Cc2ccccc2)c1	0.020829
rxn:2:109817:79041	CCC1CC(NC2CCC(Sc3nc(C)cc(C)n3)CC2)CCC1C(C)(C)C	0.020826
rxn:2:140369:117786	Cc1cccc(C(Nc2cccc(Cn3cnnc3)c2)c2ccccc2)n1	0.020823
rxn:2:72144:83935	CCN(CC)c1ccc(C)cc1NC1CCC(C)CC1Cc1ccccc1C	0.020821
rxn:2:135398:157694	c1c[nH]c(-c2ccc3c(c2)C(NC2CCCN(c4cc(C5CC5)ncn4)C2)CCO3)c1	0.020816
rxn:2:109046:136061	COc1ccc(C(NCC(C)(C)Sc2nc(C)cs2)c2ccccn2)cn1	0.020812
rxn:2:76389:97971	CCC(Nc1cccc2c1c(=O)[nH]n2CC)c1c(C)ccc(C)c1OC(C)C	0.020801
rxn:2:77706:160214	CC(C)CC[C@H](NC(c1ccc2cn(C)nc2c1)C1CC1)c1cccs1	0.020800
rxn:2:104361:133082	CCSc1ccc(C(CC)NCC2CC2Cc2ccccc2)c(OC)c1	0.020795
rxn:2:89412:101570	Cc1nn(C(C)C(C)C)c(NC(C)c2ncn(-c3ccccc3)n2)c1C(C)(C)C	0.020791
rxn:2:111128:89954	COc1ccc2c(CCNC(C)c3ccc(OC4CCOCC4)cc3)n[nH]c2c1	0.020789
rxn:2:101762:143248	CCC(C)n1c(C(C)Nc2ccc(=O)n(COC(C)(C)C)c2)nc2ccccc21	0.020773
rxn:2:66033:124367	COCCn1nnc2cc(CNC(C)c3cnccc3OCC3CC3)ccc21	0.020773
rxn:2:131617:164232	CCSc1nnc(CCNC(C)c2nc(-c3ccccc3C)c(C)s2)n1C	0.020771
rxn:2:106096:77995	CC(C)(CNC1CC[C@H](OCc2ccccc2)C[C@H]1F)CN1CCc2sccc2C1	0.020770
rxn:2:118046:85337	CCC(C)C(N[C@@H](c1ccccc1OC)C1CCOCC1)c1ccccc1OC	0.020766
rxn:2:140594:83140	C=C=Cc1ccc2c(c1)C(NCc1c(C)cc(C)nc1N1CCCC1)CCC2(C)C	0.020765
rxn:2:129124:136510	Cc1c[nH]nc1-c1ccc(C(C)NC2CCC(Sc3ncccn3)CC2)cc1	0.020765
rxn:2:112266:164828	CC[C@H](NC(c1ccc(C)cc1)c1cccc(C)n1)c1cccc(S(C)(=O)=O)c1	0.020758
rxn:2:135912:157988	CC1(c2nnc(NC(c3cc[nH]n3)c3c[nH]c4ccccc34)o2)CC1	0.020752
rxn:2:77949:66415	O=S(=O)(c1ccccc1)C1CCC(NC(c2ccccn2)C2CCCCCC2)CC1	0.020751
rxn:2:117946:86915	CCCCc1c(C)ncc(CNC(C)c2cc3ccoc3cc2OC)c1C	0.020731
rxn:2:165871:132157	CCCC(Nc1cccc(-c2ccnc3ncnn23)c1)C1CCCN(C2CCC2)C1	0.020726
rxn:2:81896:81921	CCN1CC2C(C)CC(C)C(NC(C)CCC3CCCc4ccccc43)(C1)C2(F)F	0.020725
rxn:2:71226:66037	Cc1ccc(C(Nc2c(C(C)C)cnn2CC2CCC2)c2ncco2)c(C)c1	0.020721
rxn:2:134902:114701	COc1ccc(-c2ccco2)c(C(C)Nc2cc(OC)c(OC)cc2OC)c1	0.020718
rxn:2:132967:142055	COc1nc2cc(C(C)NCC3CC(OC)CN3Cc3ccccc3)ccc2s1	0.020710
rxn:2:140048:100390	Cc1c(NC2CCC(c3nc4ccccc4[nH]3)C2)ccc2[nH]cnc12	0.020707
rxn:2:129885:111857	Cc1ccc2c(NC3CCCCC3Sc3ccccc3C)cccc2c1	0.020699
rxn:2:92138:164416	c1ccc(-c2cc3c([nH]2)CCCC3N[C@@H](c2cccnc2)C2CCCC2)cc1	0.020695
rxn:2:117614:94235	CCC(NC1CCC(C)CC1OC(C)(C)CC)c1cccc(-c2cncnc2)c1	0.020693
rxn:2:135529:89408	Cc1ccc([C@H](CCC(C)C)NC2CCCc3ccc(C4CC4)cc32)cc1	0.020691
rxn:2:102446:65982	CC(C)CC1(CC(C)Nc2cc(C(C)C)nn2CC2CC2)CCCCC1	0.020684
rxn:2:130872:133033	CC(CCN1CCn2ccnc2C1)Nc1csc(-c2cccc(C(C)C)c2)c1	0.020679
rxn:2:74759:91838	CC(C)C1CCC(CNC2CC3CCC2CN3Cc2ccccc2)(N2CCCC2)CC1	0.020679
rxn:2:135869:147164	COc1cccc(-c2ccc(C(C)NCCN3CCc4cccc(C)c43)s2)c1	0.020675
rxn:2:69477:71150	CC(N[C@@H]1CC[C@@H]2CN(Cc3ccccc3)C[C@@H]21)c1ccc(-c2ccccn2)s1	0.020673
rxn:2:113738:126851	CC(C)c1nc(Cc2ccccc2)sc1NC1CCc2ccccc2C1C	0.020669
rxn:2:119669:162515	COc1ccc(OC)c(C(C)CNC2CCOc3cc(-c4ccoc4)ccc32)c1	0.020666
rxn:2:139364:84806	CC(C)c1ccc(C(NCc2ccnc(-c3ccncc3)c2)C2CCCO2)cc1	0.020666
rxn:2:120882:91908	Cc1cc(NC2c3ccccc3CCCC2F)cnc1N(C)c1cccs1	0.020663
rxn:2:80022:128437	Cc1cccc(CCC(NCc2ccnc(-c3ccoc3)n2)C2CCCC2)c1	0.020654
rxn:2:117407:163275	Cc1ccnc(OC(C)(C)C)c1NC(c1ccc2ncccc2c1)C(C)(C)C	0.020649
rxn:2:115867:128686	CCC(Nc1cnn(Cc2ccc(C)c(OC)c2)c1)c1ccc(S(C)(=O)=O)cc1	0.020644
rxn:2:133973:99122	CC(C)c1cc(-c2nccs2)c(NC2CCN(Cc3cccs3)CC2C)o1	0.020641
rxn:2:90032:119698	CCC(N[C@@H](C)c1ccccc1C(C)C)c1ccc(SC(C)(C)C)nc1	0.020640
rxn:2:87090:113505	CC(C)Oc1ccc2[nH]cc(CNC(C)c3sccc3OC(C)C)c2c1	0.020638
rxn:2:116130:118154	CSc1nc(C(C)NCC(C)(C)c2nc(C3CCN(C)C3)c[nH]2)cc2c1CCN(C)C2	0.020632
rxn:2:98089:119247	CCc1c[nH]c2c1C(NC1(c3c[nH]c4ccccc34)CC1C)CC(C)(C)C2	0.020611
rxn:2:158704:68973	Cc1[nH]ncc1C(C)N[C@H](c1ccsc1)c1ccc2cc[nH]c2c1	0.020607
rxn:2:117989:136922	COc1ccc2c(c1)C(CCNC(c1ccccc1)c1ccc(C)s1)CC2	0.020604
rxn:2:141602:138214	CC(Cc1nc2ccccc2n1C(C)C)NC1CCc2c(C(C)C)cccc21	0.020603
rxn:2:128777:73630	CC(C)c1cccc(-n2ncnc2NC2CCC(C3(c4cccs4)COC3)CC2)n1	0.020590
rxn:2:103446:110254	CC1CC(C)Oc2cc(C(C)NCc3ccc(OC4CCCCC4)cc3)ccc2O1	0.020588
rxn:2:155962:89989	CC1(C)Cn2nccc2C1Nc1nc2cc(-c3ccccc3)ccc2s1	0.020585
rxn:2:133162:128008	CCc1cc2c(cc1CC)C(NCC(C)c1ccc3[nH]c(C)cc3c1)CC2	0.020582
rxn:2:151844:90257	CC(C)c1noc(C2CCC(Nc3nc4ccccc4n4nnnc34)CC2)n1	0.020578
rxn:2:76426:103339	COc1ccc(C2CCC(NCc3ccc(OCC4CCCC4)cc3)C2)c(C)c1	0.020574
rxn:2:77273:159303	Cc1nc2[nH][nH]c(=O)c2cc1C(C)NC1CCN(Cc2ccc(C3CC3C)o2)C1	0.020563
rxn:2:98755:159499	CC(Nc1ccccc1-c1cnco1)n1c2c(c3ccccc31)CCC2=O	0.020546
rxn:2:115171:97959	CC(N[C@@H](c1c[nH]c2ccccc12)C1CCCC1)c1cc(C2CCC2)nn1C	0.020540
rxn:2:98669:110053	CCC(C)c1ccc(C(CC)NC(C)c2c[nH]c3ccc(C)nc23)cc1	0.020537
rxn:2:139047:80319	CC(Nc1nnc2sc3c(n12)CCN(C)C3)c1ccc(-c2cccnc2)nc1	0.020530
rxn:2:136145:108968	Cc1cccc(CCC(Nc2ncnc3cc(C4CCCCC4)nn23)C2CC2)c1	0.020529
rxn:2:122719:145546	Cc1nnnn1-c1ccc(NC(C)c2sccc2-c2cc(=O)cc[nH]2)cc1	0.020529
rxn:2:84916:67162	CCCC(NC(c1n[nH]c2c(C)cccc12)C(C)C)c1ccc2c(c1)OCO2	0.020525
rxn:2:114329:91704	CC(Nc1cc(CN(C)C(C)C(C)(C)C)ccn1)c1cnn(CCOC(C)(C)C)c1	0.020499
rxn:2:106124:80518	CCC[C@H](NC1CCC2CN(Cc3ccccc3)CC21)c1ccc(SC)cc1	0.020498
rxn:2:74480:67695	Cc1nnc(-c2ccc(CNC3CCCC3n3nc4ccccc4n3)cc2)o1	0.020496
rxn:2:82905:87846	CN(C)c1ccc(C(CC2CC2)NCc2coc(Cn3ccccc3=O)c2)cc1	0.020494
rxn:2:165528:138533	CCc1cccc2c(CNC(c3ccc(OC)cc3C)C3(C)CC3)cc(=O)[nH]c12	0.020492
rxn:2:172861:122233	O=c1[nH]c2[nH]c(NC3CC4CCC(C3)N4c3cccnn3)nc(=O)c2[nH]1	0.020478
rxn:2:138275:128724	COc1ccc(-c2n[nH]c(NC(C)c3nc4cncnc4[nH]3)n2)cc1	0.020468
rxn:2:167091:76279	O=c1ccn(Cc2ccccc2)cc1NC1CC[C@@H](OCc2ccccc2)C[C@H]1F	0.020461
rxn:2:118393:149348	CC(NC1CCC(c2nncn2C2CC2)CC1)c1ccc2cc(N(C)C)ccc2c1	0.020456
rxn:2:67948:80091	CCS(=O)(=O)c1ccc(C(C)NCC(C)Cc2cccc3ccccc23)cc1	0.020455
rxn:2:84574:82059	CCC(N[C@@H](c1cccc(C)n1)C1CCCCC1)c1ccc(-n2cccn2)cn1	0.020449
rxn:2:89122:108897	CCc1ccc(C(CSC(C)C)Nc2cc(-n3nc(C)cc3C)ncn2)cc1	0.020445
rxn:2:107176:71193	Cc1ccc(OCC2CCC2)cc1NC(COc1ccccc1)CC(C)C	0.020440
rxn:2:97218:138790	CC(C)c1cccc(C2(NCC3c4ccccc4Cc4ccccc43)CC2)c1	0.020437
rxn:2:66019:155977	Cc1ccc(-c2ccc3c(c2)C(NCC(C)(C)CN(C)c2cccs2)CO3)o1	0.020427
rxn:2:147523:72547	c1ccc(-c2cn3cc(NC(c4cncnc4)C4CCCO4)ccc3n2)cc1	0.020413
rxn:2:138009:127885	CCOc1cc(C)c(C(C)NC(c2ccccc2OCC)C2CCCO2)c(C)c1	0.020398
rxn:2:77644:127216	CCCc1cc(NC(CC)Cc2ccccc2OC)n(-c2cccnc2C)n1	0.020395
rxn:2:85059:127625	COc1cccc(C(CN2CCCC2)Nc2nnc(-c3ccccc3OC)s2)c1	0.020386
rxn:2:84605:101151	Cc1ccccc1C(Nc1cccc(OC2CCN(C)CC2)n1)c1sccc1C	0.020372
rxn:2:102101:123428	CCCC1CC(C(N[C@@H](c2cc(C)cc(C)c2)C2CCOCC2)c2ccnn2C)C1	0.020371
rxn:2:137881:143746	Cc1ccc(-c2cccnc2C(C)NC2(CC(C)C)CC(C)CC(C)(C)C2)cn1	0.020370
rxn:2:158984:81436	Cc1csc2nc(-c3cccc(NC4CCC(C)c5[nH]ncc54)c3)cn12	0.020363
rxn:2:74194:127967	Cc1cc(C)cc(C(NCc2nn(C3CCSCC3)c3c2CCC3)c2ncco2)c1	0.020358
rxn:2:123038:141708	CC1CC(Nc2ccc(C(F)C3CCCN(C)C3)cc2)c2cc3c(cc2O1)CCCC3	0.020352
rxn:2:114948:87267	CC(C)C(Nc1cccc(CC2CCCCC2)n1)c1cccc(C(C)(C)C)c1	0.020346
rxn:2:96526:124163	COc1ccc(CC2CCCCC2Nc2ncnn2-c2ccc(C)cc2OC)cc1	0.020343
rxn:2:161646:104879	CCc1c(C2CCC2)nn2c(NC3CCN(Cc4ccccc4)C(C)C3C)ncnc12	0.020342
rxn:2:81200:123601	CCCC(Cc1ccc(C)cc1)Nc1ccc2ccc(C(C)C)cc2n1	0.020333
rxn:2:110540:100209	CCc1ccc(C2CCC(Nc3cc(-c4ccc(OC)cc4)on3)CC2)cc1	0.020309
rxn:2:137913:140061	COc1cncc(-n2ncc(SC)c2NC(C)c2c(OC)cccc2OC)c1	0.020309
rxn:2:128831:103582	CCC(C)Oc1nc(C)ccc1NC(c1ccccc1)c1cc(C)nc(C)c1	0.020301
rxn:2:110030:111462	CC[C@@H](NC1CC(C)(C)Cc2ccoc21)c1cccc(-c2ccccc2)c1	0.020298
rxn:2:140235:75643	CCC1COc2cc(OC)ccc2C1NCc1cc(C(C)c2ccccc2)ncn1	0.020296
rxn:2:121427:75485	CCOc1ccccc1-c1nnc(NC2CCCC2Cc2ccc3c(c2)OCO3)o1	0.020291
rxn:2:76132:150690	COc1ccc2cnc(NC3CCc4c3[nH]c3ccc(OC)cc43)cc2c1	0.020285
rxn:2:81570:142562	Cc1cccc(C(Nc2c3c(c(C4CC4)[nH]c2=O)CCCC3)c2ccccn2)c1C	0.020280
rxn:2:142579:116039	Cc1cc(OCCC(C)Nc2cc3ccc(=O)[nH]c3cc2C)cc(C(C)C)c1	0.020271
rxn:2:112180:84005	COc1ccc2[nH]nc(C(C)NC(C)(c3cccc(C)c3)C3CCCCC3)c2n1	0.020267
rxn:2:111480:142218	CCC(C)CN(C)CC1CC(C)CCC1Nc1cccn(C2CCC(F)(F)C2)c1=O	0.020266
rxn:2:123931:70192	CCCCc1nc2cc(NC(C)CCOc3ccc(C)cc3C)cnc2[nH]1	0.020264
rxn:2:127176:118110	CCc1ccc(CC2CC(C)CCC2NCc2csc(-c3cnccn3)n2)s1	0.020263
rxn:2:107128:140130	CC(Nc1nnc(-c2cnn(C)c2)o1)c1cccc(Oc2ccccc2)c1	0.020263
rxn:2:108324:166763	Cc1ccc2cccnc2c1CNC(c1cnc2cccc(C)n12)C(C)C	0.020244
rxn:2:94776:78951	Cc1ccc(C(NCCc2c(C)nn(C(C)(C)C)c2C)c2cccs2)cc1C	0.020242
rxn:2:79401:162403	c1ccc2c(c1)cnn2C1CCCC(NCc2cn(C3CCC3)nc2C2CCOC2)C1	0.020234
rxn:2:123881:125551	Cc1cp(C(C)(C)C)c(C(C)Nc2ccc(N3CCC4(CCO4)CC3)cc2)c1C	0.020217
rxn:2:112884:152551	CC(Nc1nn(C)cc1-c1ccccc1)c1ccc(-n2ccc(=O)cc2)cc1	0.020216
rxn:2:93135:160658	CCc1ccc2[nH]c3c(c2c1)CCCC3Nc1ccnn1-c1nnc(C)s1	0.020214
rxn:2:72728:149140	Cc1cccc(-c2cnc(C(C)N[C@H](c3cc(C)ccc3C)C(C)C)cn2)c1	0.020204
rxn:2:84966:114519	Cc1ccc(C)c(CN2CC(NC(C)c3ccc(-c4ccsc4C)cc3)C2)c1	0.020202
rxn:2:70808:168839	Cc1ccc(C)c(C(Nc2ccc(-c3ncc[nH]3)nc2)c2ccccn2)c1	0.020191
rxn:2:96280:122000	Cc1ccc([C@@H]2CC(Nc3cc(OC(C)c4ccccc4)[nH]n3)C[C@H](C)O2)s1	0.020178
rxn:2:118407:156388	COc1ccc2[nH]c3c(c2c1)CCCC3Nc1cccc(COCC2CC2)c1	0.020168
rxn:2:76287:75946	COc1sccc1C(NC(c1sccc1C)C1CCOCC1)c1ccccn1	0.020160
rxn:2:141154:103147	CCCN(CC1CC(C)CCC1N[C@H](c1sccc1C)C1CCC1)C1CC1	0.020157
rxn:2:116317:135636	Cc1ccc(-c2ccc(NC(C)c3ccc4cc[nH]c4c3)cn2)cc1	0.020149
rxn:2:101120:133809	CC(Nc1ccc(-c2nccn2C(C)C)cc1)c1cccc2[nH]ncc12	0.020145
rxn:2:68465:94059	CCC(Cc1nccc2ccccc12)NC(CCC(C)(C)C)c1ncccn1	0.020128
rxn:2:109955:119101	CCC(CNc1nnc(N(CC)c2ccccc2)s1)c1ccc(OC)cc1	0.020124
rxn:2:65956:88169	CCc1nnc(COc2ccc(NC(c3ccc4c(c3)CCO4)C(C)C)cc2)o1	0.020123
rxn:2:83593:87651	CSCc1nc(C)c(C(C)(C)NC(C)c2cnc(-c3ccccc3)s2)s1	0.020115
rxn:2:124710:136567	CC(C)c1cc(C(C)C)c(CNC(C)c2ccn(Cc3ccccc3)n2)c(=O)[nH]1	0.020107
rxn:2:159290:134307	CCCC(Nc1nc2cc3ccccc3cc2o1)C1CCCCN1CC1CC1	0.020094
rxn:2:130720:69254	Cc1ccc(-c2nnc(CCNC3CC(C)(C)Cc4c3cc(C)n4C3CC3)o2)cc1	0.020092
rxn:2:79817:90829	Cc1cn(Cc2ncccn2)nc1NC(C)c1ccccc1-c1cnsc1	0.020092
rxn:2:83112:71877	Cc1nc(-c2cc(NC(C)c3sc(-c4cncnc4)nc3C)n(C)n2)cs1	0.020081
rxn:2:77312:83915	Cc1cccc(C(C)Nc2ccccc2N2CCN(C(C)C)CC2)c1OCC(C)C	0.020072
rxn:2:167981:141897	COC(C)C(Nc1ncc2c([nH]c3ccccc32)c1C)c1ccccc1	0.020066
rxn:2:74719:170089	Cc1cccc(C)c1-c1ccsc1C(C)Nc1cnc(N2CC3CCC(C2)O3)nc1	0.020063
rxn:2:69411:136497	CCCOc1ccc2c(c1)C(Nc1cc(C)nc3c(CC)c(CC)nn13)CCC2	0.020052
rxn:2:105558:140414	CCN1CCCC2(CC(NC(CSc3ncccn3)c3ccco3)CCO2)C1	0.020050
rxn:2:78742:91105	CSc1ncc2c(n1)CCC(Nc1nnc(SCc3cnoc3)s1)C2	0.020041
rxn:2:110787:80847	CCC(C)(C)C(Nc1nn(C(C)C(C)C)cc1C)c1ccc(SC)cc1	0.020032
rxn:2:131297:133545	Cc1cc2cc(C3(NC(C)c4ccccc4CC(C)(C)C)CC3)ccc2[nH]1	0.020029
rxn:2:117486:124850	Cc1cc(NC2CCn3ccc4cccc2c43)ccc1N(CC(C)C)C1CC1	0.020020
rxn:2:92130:105829	CCC(C)[C@H](NC(c1ccc(C)cc1C)C1CCCCC1)c1cccc(C)n1	0.020018
rxn:2:117609:105894	COc1cc2c(C(C)Nc3ncccc3OCC3CC(C(C)C)C3)n[nH]c2cn1	0.019998
rxn:2:104259:150055	CC1CCC1C(NCc1nnc(-c2cn[nH]c2)o1)c1nc2ccccc2o1	0.019976
rxn:2:149565:108099	COc1cc2c(c(OC)c1)CC(Nc1nc(C)ncc1-c1nc(C(C)C)cs1)CC2	0.019975
rxn:2:78514:140414	CN1CCOc2c1cnnc2NC(CSc1ncccn1)c1ccco1	0.019973
rxn:2:75834:146828	CSCC(NCC1CCCN(c2ncc[nH]c2=O)C1)c1ccc2cc(C)ccc2c1	0.019973
rxn:2:95991:115153	COc1ccc(CC2CCC(Nc3ncnn3-c3ccnc(C(C)C)c3)CC2)cc1	0.019955
rxn:2:137579:111065	COc1cc(C(C)C)c(NC(C)c2c[nH]c3ncc(C)cc23)c(C(C)C)c1	0.019953
rxn:2:93533:124133	CCCc1ccc(-c2nc[nH]c2CNC2CCCCCc3ccccc32)cc1	0.019933
rxn:2:117099:139318	CCCC(Nc1csc(N2CC(C)CC(C)C2)n1)c1cccc(OC(C)C)c1	0.019922
rxn:2:70898:94756	Cc1ccc(SCCC(C)NCCc2cnoc2-c2ccccc2)cc1	0.019919
rxn:2:133787:80853	CC(NCCc1nnc(-c2cnccn2)[nH]1)c1nccc2cc[nH]c12	0.019912
rxn:2:138086:113214	Cc1ccccc1-n1nc(NC(C)c2cnn3ccccc23)cc1C(C)C	0.019909
rxn:2:106458:124910	Cc1[nH]nc(-c2ccsc2)c1CCNC1CCCC1(C)OCc1ccccc1	0.019906
rxn:2:96835:166568	Cc1cncc(-c2cccnc2C(C)NC2CC23CCC(C)(C)c2ccccc23)c1	0.019896
rxn:2:78988:144811	COc1ccc(C2(NC3CCC(c4c[nH]c5cccnc45)CC3)CC2C)c(OC)c1	0.019892
rxn:2:74884:106134	CCC(Nc1cc(C)n(-c2c(C)cccc2C)n1)c1cnc(N(C)CC)c(C)c1	0.019858
rxn:2:87387:86207	CCC[C@H](NC(C)CCc1oc2ccccc2c1C)c1ccc(OC)nc1	0.019836
rxn:2:105539:120759	CCCc1ccc(C(CCC)NCC(F)(F)c2cccc(CC)c2)cc1	0.019833
rxn:2:66283:138890	CCc1c(-c2ccccc2)n[nH]c1NC(C)c1ccc2ccn(C)c2c1	0.019831
rxn:2:85495:122502	COc1cc(OC)cc([C@H](NC(C)c2cc(OC)c3ocnc3c2)C2CCC2)c1	0.019828
rxn:2:141398:100719	CCOc1ccc(NC(CC)c2ccc3ccccc3c2)c(C2CC2)c1	0.019828
rxn:2:115633:81081	CCC(C)(CNC(c1ccc(C2CC2)cc1)C1CCC1)OC1CCCCC1	0.019826
rxn:2:68099:66800	CCCn1nnc2ccc(NC(C)c3cccc(-c4ccsc4)c3)nc21	0.019821
rxn:2:109219:149133	Cc1cccc(C)c1OCC1(NC(C)c2ccc(-n3c(=O)[nH][nH]c3=O)cc2)CC1	0.019813
rxn:2:70644:130150	Cc1nc(NC(c2ccc(OC(C)(C)C)cc2)C(C)C)sc1-c1nnc(C)n1C	0.019810
rxn:2:124687:91563	Cc1cc(-c2ccco2)ccc1C(C)Nc1ccc(OCC2CC2(F)F)nc1	0.019801
rxn:2:145504:101454	CCC(NCC1(Cc2nn(C)c3ccccc23)CC1)C1CCCCN1C1CCCCC1	0.019801
rxn:2:75033:70196	CCC1COC(C)CN1CCCC(C)Nc1ccc(Oc2ccc(OC)cc2)nc1	0.019798
rxn:2:127315:96167	CCCn1nc(C(C)C)c(CC)c1NC(C)c1ccc(-c2ccncc2)nc1	0.019795
rxn:2:121453:161843	CCCCc1n[nH]c(NC(c2ccc(C)cc2)c2ccnc(C)c2)c1S(C)(=O)=O	0.019778
rxn:2:93356:158851	COc1ccc(C(C)Nc2cnc(C(C)C)cc2OC2COC2)c2ccc(C)nc12	0.019772
rxn:2:98520:118397	Cc1ccccc1C(NC(C)c1cccc(C(C)(F)F)c1)c1ccsc1	0.019771
rxn:2:82867:127153	CC(C)c1ccc2c(c1)C(Nc1cc(CC3CCCC3)nn1CC1CC1)CCC2	0.019766
rxn:2:85264:68715	CCc1ccc(C(CC)NCCC(C)(C)c2nc(C(C)C)c[nH]2)c(CC)c1	0.019766
rxn:2:103780:142514	COc1ccccc1-c1cn[nH]c1NC(C)CCS(=O)(=O)c1ccc(C)c(C)c1	0.019757
rxn:2:121898:120181	Cc1cccc2c(CCNC(C)c3ccc(-c4ccsn4)cc3)n[nH]c12	0.019748
rxn:2:90886:103959	CC(Sc1ccccc1)c1ccc(NC2CCCOc3cccnc32)cc1	0.019737
rxn:2:163097:107137	COc1ccc2c(c1)C(Nc1ccccc1-c1nc3ccncc3o1)CCO2	0.019724
rxn:2:132563:147673	CCN(CC)c1ccc([C@H](C)NC(C)c2cc3ccc(C)c(C)c3o2)cc1	0.019722
rxn:2:134630:110421	CC(C)(CNC(c1ccc2c(c1)OCCO2)C1CC1)c1coc(-c2ccccc2)n1	0.019716
rxn:2:76177:127171	CCc1ccc(C(NCC(C)(C)S(=O)(=O)c2cnn(CC)c2)c2ccco2)cc1	0.019716
rxn:2:116964:69061	COc1ccc([C@H](NC2CC[C@H](c3ccccc3OC)C2)c2cccs2)cc1	0.019706
rxn:2:116704:95083	CC(Nc1cc(-c2ccccc2)c[nH]1)c1cnn(Cc2ccccc2)c1	0.019690
rxn:2:130045:139067	CCc1cc(NC2CC[C@@H](COCc3ccccc3)OC2)n2c(C(C)C)ncc2n1	0.019687
rxn:2:113029:142641	CCn1nccc1-c1cc(NC(C)c2csc(-c3cn(C)nc3C)c2)on1	0.019679
rxn:2:121425:84923	CC1CC(COc2cccc(C(C)NCC(C)CN(C)C(C)C(C)(C)C)c2)C1	0.019676
rxn:2:131332:154703	COc1cccc(-c2noc(CNC(C)c3cn(C)c4nc(C)ccc34)n2)c1	0.019670
rxn:2:107490:163643	Cc1c(-c2cnn(C)c2)cccc1C(C)NCc1cccc2ccsc12	0.019666
rxn:2:103529:82388	CC(Nc1nc(=O)nc(Cc2cccs2)[nH]1)c1ccc(-c2cnco2)cc1	0.019659
rxn:2:88543:159429	CC1(C)Cc2c(cnc3ncnn23)C(Nc2ccc(Cc3cccnc3)cc2)C1	0.019657
rxn:2:108089:145100	Cc1ccc(-c2cc(C(C)Nc3cccc(C)c3OC3CCOCC3)ccn2)cn1	0.019653
rxn:2:122880:166524	CCCC(C)(NC1C(c2ccccc2)=Nc2ccccc21)c1nnc(C(C)C)[nH]1	0.019642
rxn:2:85071:84548	Cc1cc(C)cc(Oc2ccc(NC3CC(C)Oc4cc(C)ccc43)cc2)c1	0.019640
rxn:2:90386:146752	Cc1c(-c2cncnc2)nn(C)c1NC(C)c1c(C2CC2)[nH]c2ncccc12	0.019637
rxn:2:101080:166279	Cc1[nH]nc(CC(C)C)c1CCNC(c1c[nH]c2ccccc12)C(C)(C)C	0.019632
rxn:2:126916:73036	Cc1cc(C)cc(Cc2cnc(NC(C)c3ccccc3N3CCN(C)CC3)s2)c1	0.019605
rxn:2:96352:144428	Cc1ccc(C(NC(CC(C)C)CC2CCCCC2)c2ncccc2C)cc1	0.019589
rxn:2:67465:91605	CCC(NCC1(Cc2nc(C(C)C)cs2)COC1)C1CCCN1Cc1ccccc1	0.019587
rxn:2:110685:92868	Cc1nn(C2CCCC2)c(NC2CCCCCc3ccc(cc3)CCC2)c1C1CC1	0.019582
rxn:2:135315:90737	Cc1cc(-c2ccc(CNC(C)CCC3(c4sccc4C)COC3)cn2)ccn1	0.019574
rxn:2:118476:127860	CC(CCc1nc2ccccc2[nH]1)NCc1cccnc1-c1cncnc1	0.019566
rxn:2:73475:71728	COc1cccc(C2(NC(c3ccc(C4CCC4)cc3)C3(C)CC3)CC(C)C2)c1	0.019566
rxn:2:119421:150704	CCC(NC(C)c1c(-c2ccccc2)cn(C)c1C)C(C)c1ccccc1	0.019556
rxn:2:67175:128509	Cn1cc(COc2ccccc2NC(c2ccoc2)c2cccs2)cn1	0.019551
rxn:2:77264:162403	Cc1cc2ncccc2cc1NC1CCCC(n2ncc3ccccc32)C1	0.019547
rxn:2:164611:86218	Cc1cc(NC(c2ccccc2)c2cc[nH]n2)cc(-c2nnc(C)n2C)c1C	0.019530
rxn:2:116271:124647	Cc1cc(C)cc(C(NC2CCCC23CC(C)(C)CC(C)(C)C3)c2cccnc2)c1	0.019496
rxn:2:141358:74658	CCOc1cc(OCC)cc(C(C)N[C@@H](c2ccc(C)o2)C2CCCCC2)c1	0.019480
rxn:2:135057:137975	CCCc1cccc(C(C)C)c1NC(CC(C)(C)C)c1ccccc1OC	0.019480
rxn:2:98320:142108	CC(N[C@H](C)c1ccc(S(C)(=O)=O)cc1)c1ccc(Sc2ccccc2)cc1	0.019477
rxn:2:159328:90900	CC(Nc1nc2c(=O)n(C)c(=O)n(C)c2[nH]1)c1cn(Cc2ccccc2)cn1	0.019476
rxn:2:87967:73560	CN1CCCC(CNC(CSCc2ccco2)c2ccco2)C1c1ccnn1C	0.019474
rxn:2:96192:167378	COc1ccncc1-c1csc(C(C)NCCC(C)(C)N2CCC(N3CCCC3)C2)c1	0.019470
rxn:2:84637:121548	CSc1ccncc1-n1cc(CNC2CCCc3ccc(N4CCCC4)cc32)cn1	0.019467
rxn:2:138287:140726	CC1(C)CCN(Cc2ccccc2NC2CC3CCCCCN3c3ccccc32)CC1	0.019462
rxn:2:98531:128047	CCOc1cc(OC)ccc1C(C)NC1CCC(c2ccc3ncoc3c2)CC1	0.019454
rxn:2:132029:142866	CCc1ccc2c(c1)[C@@H](NC1CCc3cccc(-c4sccc4C)c31)CS(=O)(=O)C2	0.019449
rxn:2:103058:80998	CCC1Oc2cc(OC)cc(OC)c2C1NC(C)CCc1c[nH]c2ccccc12	0.019447
rxn:2:66620:131730	CC(NCC(C)(C)SC1C2CC3CC(C2)CC1C3)c1ccc(-c2ccccn2)nc1	0.019445
rxn:2:73549:110238	Cc1csc(-c2ccsc2C(C)NCC(C)Cc2ccc3c(c2)OCO3)c1	0.019445
rxn:2:79233:129487	CC(NC(C)(C)C(C)c1ccc(C(C)(C)C)cc1)c1ccc2scnc2c1	0.019433
rxn:2:107527:124221	CCC(N[C@H](CC1CC1)c1ccccn1)c1ccc(-c2ccnn2CC)s1	0.019430
rxn:2:66932:141194	CCSC(C)C(Nc1cc2[nH]ccc2cc1C(C)(C)C)c1ccccc1	0.019391
rxn:2:122966:134368	Cc1ncccc1-n1nc(C(C)C)cc1NC(C)CC1CCCc2ccccc21	0.019385
rxn:2:79000:67045	Cc1ccc(-n2cc(CNC(C)c3cc(-c4ccccc4)no3)nn2)cc1C	0.019385
rxn:2:115346:160094	CCc1nc2ccc(C)cn2c1CCNC1Oc2c(ccc3ccccc23)C1=O	0.019385
rxn:2:84768:148920	Cc1ccc(C)n1-c1ccc(C(C)NC2Cc3[nH]c4ccccc4c3C2)cn1	0.019376
rxn:2:80619:75413	COc1ccccc1SC1CCCCC1NCc1ccccc1-c1nc(C)nn1C	0.019371
rxn:2:152694:68483	COc1cccc([C@@H]2CCCCC2Nc2nnc(C3CCOc4ccccc43)s2)c1	0.019370
rxn:2:117940:137277	CC(NC(c1cnn(-c2ccccc2)c1)C1CC1)c1cccn(CC2CCCO2)c1=O	0.019366
rxn:2:71459:86428	Cc1cc2c(cc1C)C(NC(C)c1ccc(-c3cncs3)cc1)CCCC2	0.019354
rxn:2:121229:109590	CCn1c(C(C)(C)C)ccc(C(C)NCc2cnn(-c3ccnc(C(C)C)c3)c2)c1=O	0.019336
rxn:2:88435:142299	Cc1ccccc1-c1ncc(C(C)Nc2ccncc2-n2nccc2C)s1	0.019335
rxn:2:78526:157008	Cc1cc(-c2ccncc2)nnc1NC(Cn1ccccc1=O)c1cccs1	0.019321
rxn:2:131013:132836	COc1ccc(C(NCC2CCCCC2c2ccc(C)cc2)C2CCCC2)cc1	0.019320
rxn:2:122199:71269	Cc1cccc(N(C)CCC(C)Nc2ccccc2OCc2ccnn2C)c1C	0.019305
rxn:2:130076:74733	CC(NC(c1ccccc1)c1noc(=O)[nH]1)c1cccc(-c2cnn(C)c2)c1	0.019293
rxn:2:136019:157433	Cc1ccc(C)c(-n2ncc(C(C)NC(C)c3ccc(C(F)C4CC4)cc3)n2)c1	0.019289
rxn:2:104734:114013	CCC(C)N(C)c1ccc(CNC(c2ccccc2SC)C2CC2)cc1C	0.019273
rxn:2:73745:70456	CC1(C(Nc2cc(C3(c4ccccc4)CC3)[nH]n2)c2ccccc2)CCCC1	0.019271
rxn:2:114738:151174	COc1ccc2cc(C(C)Nc3cccc(-c4nnc[nH]4)c3)ccc2c1C	0.019258
rxn:2:82155:84786	Cc1cc(CC(C)C)nc(CCC(C)Nc2cc(CC(C)(C)C)nc(C3CC3)n2)n1	0.019256
rxn:2:86900:125786	Cc1csc(-c2cnc(C(C)NC3CN(C(C)C)CCC3c3ccccc3)nc2)c1	0.019239
rxn:2:136249:152943	CCOc1nn(C)c2cc(C(C)NCc3ccc4[nH]c(=O)ccc4c3)ccc12	0.019237
rxn:2:68137:162685	Cc1ccc(-c2ccnc(C(C)NCc3nn[nH]c3-c3ccn(C)n3)c2)cn1	0.019235
rxn:2:113526:120039	Cc1ccc(-c2cnc(CCC(C)Nc3nccn3-c3ccncc3)[nH]2)o1	0.019228
rxn:2:97104:120181	Cc1ccc(Cn2cnc(NC(C)c3ccc(-c4ccsn4)cc3)n2)cc1	0.019222
rxn:2:120924:73584	CCc1c(C)nc(-c2ccoc2)nc1NC1CCN([C@H](C)c2ccccc2)[C@H](C)C1	0.019221
rxn:2:72092:165107	CCC(Nc1c(OC)cnn1C1CCCCC1)c1nc2sccc2c(C)c1C	0.019214
rxn:2:133838:124163	COc1ccc(CC2CCCCC2NCC(F)(F)Sc2cccc(C)c2)cc1	0.019211
rxn:2:129046:152943	CCOc1nn(C)c2cc(C(C)Nc3nc(C4CCCCC4)nc(C)c3C)ccc12	0.019203
rxn:2:109599:104272	CC(C)CCC(NC(Cc1nc2ccccc2o1)C(C)(C)C)c1ccoc1	0.019195
rxn:2:156509:80982	COc1cccc(C)c1-n1[nH]c(=O)cc1NC1CCCC1CCOc1ccccc1	0.019186
rxn:2:127711:151343	Cc1ccnc(-c2ccc(C(C)Nc3ncn(Cc4ncc(C)s4)n3)nc2)n1	0.019181
rxn:2:113111:131323	CCCC(Cc1cccc2c1OCCO2)NC(C)c1ncccc1-c1cccnc1	0.019167
rxn:2:107464:102525	CCC(NCc1cc(-c2cc(C)nn2C)ncn1)C(C)SCc1ccccc1C	0.019167
rxn:2:91944:134538	Cn1ncc2c1CC(c1cccs1)CC2NC1CCCc2c1sc1nccn21	0.019166
rxn:2:73245:121512	CCc1nc2ccc(C(C)NCC3CC(CC)N(Cc4ccccc4)C3)nc2s1	0.019164
rxn:2:66071:106259	Cc1cccc(C)c1C(Nc1cn(C2CCCC2)nc1CC1CC1)C1CCCC1	0.019154
rxn:2:115239:70170	COc1cccc(OCc2n[nH]c(NCC(CC(C)C)c3ccccc3)n2)c1	0.019153
rxn:2:136728:133300	CCc1cc(C2(C)CC2CNCC2CCc3ccccc3N2CC2CC2)ccc1OC	0.019146
rxn:2:116537:167394	Cc1ccnc(-n2cc(NC(Cc3ccccc3C)c3occc3C)cn2)n1	0.019136
rxn:2:87447:87968	CCCc1ccc2c(c1)C(NCCc1ccc(Oc3cccnc3)cc1)C(C)O2	0.019131
rxn:2:83464:81562	Cc1c(C(C)NC2CCCCCN(Cc3ccccc3)C2)c[nH]c1-c1ccncc1	0.019122
rxn:2:94588:121950	CCC(CSc1nnnn1C)NCCc1c(-c2ccoc2)n[nH]c1C1CC1	0.019121
rxn:2:92331:149026	Cc1ccc(C)c(-c2cnc(C(C)Nc3cc4c5c(c3)CCCN5CCC4)s2)c1	0.019104
rxn:2:68320:121001	CSc1ccc([C@@H](NC2CC3CCCCN3c3ccccc32)C2CCCC2)cc1	0.019103
rxn:2:150597:118521	CCC(Nc1ncnc2sc3c(c12)CC(C)(C)OC3)c1ccc2c(c1)CCCCO2	0.019095
rxn:2:154182:68221	Cc1csc(-c2cnc(N(C)C)nc2NC2CCN(C(C)c3ccccc3C)CC2)n1	0.019092
rxn:2:93848:113099	Cc1nc(NC2CCC(C3CCCCC3)CC2)sc1SCc1ccccc1	0.019077
rxn:2:126852:142228	COc1ccc(-c2cc(NC3CCCc4ccc(OC)c(C)c43)cs2)c(C)c1	0.019064
rxn:2:91096:85756	CC(C)(C)c1ccc(C(Nc2cccc(-c3nccs3)c2)C(C)(C)C)cc1	0.019063
rxn:2:138009:102479	CCOc1cc(C)c(C(C)NC(CCc2ccccc2)C2CCCC2)c(C)c1	0.019057
rxn:2:125270:141102	Cc1nc(CC2CCCCC2)cc(NC(C)c2ccccc2-c2ccccn2)n1	0.019049
rxn:2:101579:119885	COc1ccc(Sc2ccc(NC3CC(C)(C)Oc4ccccc43)cc2)cc1	0.019048
rxn:2:126691:95179	Cc1cccc(SCCC(C)Nc2cccc(C3(CC(C)C)COC3)c2)c1	0.019037
rxn:2:105373:126459	Cc1cc(C)c(C(CCN(C)C)NCc2ccccc2OCC2CCCN2C)c(C)c1	0.019037
rxn:2:90880:161540	Cc1c(C(C)NCc2cccn(CC3CC3)c2=O)sc2nc3ccccc3n12	0.019029
rxn:2:82601:171089	COc1ccnc(N2CCCC2CNC(C)c2ccccc2-c2cc(C)sc2C)n1	0.019019
rxn:2:156808:125517	Cc1cccc(C(Nc2cccn(Cc3cnn(C)c3)c2=O)c2ccccn2)c1	0.019014
rxn:2:155738:119200	Cc1ccccc1Cn1cccc(NC(c2cncnc2)c2ccccn2)c1=O	0.018994
rxn:2:125401:129880	Cc1nc(-c2cccs2)ccc1C(C)NC(C)C1(c2ccc(N(C)C)cc2)COC1	0.018983
rxn:2:127634:98791	c1ccc2c(c1)CCOC21CCC(Nc2ncnc3c2Cc2nc[nH]c2C3)CC1	0.018980
rxn:2:86797:116441	CC(Nc1cnn(CCc2ccsc2)c1)c1ccc(-n2cccc2)cc1	0.018970
rxn:2:126157:127128	COc1ccc(C(Nc2nncn2Cc2ccccc2)c2ccsc2)cc1	0.018970
rxn:2:136590:95277	COc1ccccc1C(CC(C)C)NC(c1ccc(C2CC2)cc1)C(C)(C)C	0.018965
rxn:2:130696:132229	CC(Cc1nc(-c2ccccc2)no1)NC(C)c1cnc(N(C)CC2CCC2)s1	0.018962
rxn:2:135301:107144	COc1ccsc1-c1cc(NC(C)c2ccc3c(c2)C(F)(F)OC3(F)F)n(C)n1	0.018955
rxn:2:107431:164828	Cc1ccc(C(Nc2cc(-c3cnc(C)cn3)ncn2)c2cccc(C)n2)cc1	0.018940
rxn:2:113192:103069	Cc1cnc(OCc2ccccc2)c(NC2CC(C)(C)c3c(C)ccc(C)c32)c1	0.018938
rxn:2:87196:127763	COc1cccc(-c2cnc(CCNC(C)c3cn4cnnc4cc3C)o2)c1	0.018938
rxn:2:165995:148705	COc1ccc2c(C(C)Nc3[nH]nc4c3cnc3ccnn34)nccc2c1	0.018933
rxn:2:81814:114100	Cc1cc(C)c(C(CC(C)C)N[C@@H]2C[C@H]3CC[C@@H](C2)N3Cc2ccccc2)cc1C	0.018921
rxn:2:110046:114581	CCN(c1ccccc1NC1CC2(C1)CC(OCc1ccccc1)C2)C1CCSC1	0.018911
rxn:2:111356:157403	CCCC1c2[nH]cnc2CC(CNC(C)c2ccc(-c3ncncc3OC)s2)N1C	0.018904
rxn:2:74009:123647	CCCCn1cnc(C(C)C)c1NC(c1ccccc1C)C1CCCC(C)C1	0.018875
rxn:2:76642:116282	COc1ccc(Oc2c(C)noc2NC(C)c2ccc(C(C)(C)F)cc2)cc1	0.018873
rxn:2:154308:131304	Cc1cccc2cc3c(NC(c4ccc5c(c4)OCO5)C(C)C)n[nH]c3nc12	0.018868
rxn:2:168563:130528	Cc1cc(C)n(-c2nc(C)c(NC(C)c3sc(N4CCCC4)nc3C3CC3)c(C)n2)n1	0.018866
rxn:2:134010:92400	CCc1c(C)nc(C2CC2)nc1NC(CC)c1cccc(-c2cccs2)c1	0.018865
rxn:2:117408:70540	CCCC(Cc1cccc(OC)c1)NCCN1CCSc2cc(SC)ccc21	0.018850
rxn:2:134446:102074	CCSCC(Nc1ccccc1N(CC)C1CCOCC1)c1ccccc1OC	0.018850
rxn:2:134251:114018	CCCC(NCC(c1ccccc1)c1ccccc1)c1ccc(OC)cc1	0.018850
rxn:2:73898:117955	COc1ccc(C(NCC2(c3nc(C(C)C)c[nH]3)CCC2)c2ccccc2)cc1	0.018843
rxn:2:66017:171365	Cc1cc(C)c2sc(C(C)NC3CCn4cnc(C5CCCC5)c4C3)c(C)c2c1	0.018836
rxn:2:78116:142960	Cc1ccc2cc3c(nc2c1)CCCC3NCc1cnn(C(C)C2CCCCC2)c1	0.018830
rxn:2:119883:117440	CC(Nc1cc(-c2cnn(C)n2)nn1C)c1cccc(OCc2cnoc2)c1	0.018830
rxn:2:67557:81090	COc1cccc(CC(NC(C)c2ccc(N3CCN(C)CC3)s2)c2ccoc2)c1	0.018824
rxn:2:128735:124623	CCCc1nn(-c2ccc(C)nc2)cc1NC(c1nc2c(s1)CCCC2)C(C)C	0.018824
rxn:2:128439:109954	CCSc1ccc(C(CC)Nc2ncccc2CSC2CCOCC2)cc1	0.018793
rxn:2:117493:71877	Cc1nc(-c2cncnc2)sc1C(C)NCc1cn(C2CCSC2)nc1C1CCC1	0.018781
rxn:2:103183:130443	Cc1ccc(C(Cc2ccccc2)NC2c3ccccc3OCC2OC2CCC2)o1	0.018768
rxn:2:148641:76175	CCSCC(Nc1cccc(-c2[nH]nc3c2COCC3)c1)c1ccc(OC)cc1	0.018768
rxn:2:95547:156440	Cc1cc2c(C)ccc(NC3CCc4c3[nH]c3c(C)cccc43)c2cn1	0.018764
rxn:2:99767:116149	CC(C)C(NC(c1cccnc1)c1cccs1)c1ncc2ccccc2n1	0.018748
rxn:2:71764:133082	CCSc1ccc(C(CC)Nc2cc(-c3ccoc3C)nn2C)c(OC)c1	0.018747
rxn:2:101569:103272	COCc1noc(-c2ccc(C)c(NC3CCN(Cc4cccc(OC)c4)CC3)c2)n1	0.018738
rxn:2:123828:101520	COc1cccc(C(Cn2cncn2)Nc2ccc(C3CCC(F)(F)CC3)cc2)c1	0.018732
rxn:2:80540:162134	CC(=O)n1cc(-c2ncc(C(C)NCC3CCCCC3c3ccccc3C)s2)cn1	0.018721
rxn:2:98507:158464	Cc1cc(-c2cccc3c2CCC3Nc2nc(CC(C)(C)C)c(C)s2)cs1	0.018709
rxn:2:113560:119446	Cc1ccc(Cc2cc(NC(C)c3cccc4cnccc34)on2)cc1C	0.018693
rxn:2:120597:81167	CCCc1nc2ccc(NC(CC)c3cc4ccccc4[nH]3)nc2[nH]1	0.018687
rxn:2:134955:96460	CCCC(C)C(Nc1cnccc1-c1ccccc1)c1ccc2c(c1)COC2	0.018686
rxn:2:67688:166879	Cc1cc2c(NC(C)CCc3ccc4[nH]c(C)c(C)c4c3)ncnc2[nH]1	0.018679
rxn:2:139512:158127	Cc1ccc(-n2[nH]c(=O)cc2NC2c3cc(C)ccc3-c3cccc(C)c32)nc1	0.018666
rxn:2:147975:131753	CSCC(Nc1cc2[nH]c(=O)[nH]c2cc1N1CCCC1)c1cc(C)c(C)cc1C	0.018652
rxn:2:92291:107153	Cc1ccc(-c2ccc(NC(c3ccccc3)C34CCCC(CC3)C4)nc2)cn1	0.018651
rxn:2:72260:82059	CCC(NCc1nc(Cc2cccs2)no1)c1ccc(-n2cccn2)cn1	0.018645
rxn:2:146559:84033	COC1COc2c(C)cccc2C1Nc1cc(-c2cnc3ccccc3c2)[nH]n1	0.018638
rxn:2:127362:114746	CC(C)c1ccc(CN2CC(NC(C)c3cnn(CCc4ccccc4)c3)C2)cc1	0.018629
rxn:2:96910:111088	CC(C)C(NC1CCCn2nc(-c3ccccc3)nc21)c1ccc2nn[nH]c2c1	0.018616
rxn:2:121928:114811	CCS(=O)(=O)CCn1cc(C)c(NCC(c2ccccc2C)c2sccc2C)n1	0.018616
rxn:2:116891:116155	CCCc1c(CNC2CCC3(CCCCc4ccccc43)C2)cnn1-c1cccnc1	0.018610
rxn:2:104173:66930	Cc1ccc(N2CCC(Nc3c(-c4cccs4)ncn3C(C)C)CC2C)cc1C	0.018595
rxn:2:81447:103317	CC(C)CC(NCC1(c2cccc(S(C)(=O)=O)c2)CC1)c1ccccc1OC(C)C	0.018592
rxn:2:93468:143610	CCc1nc2c(NC(C)c3sccc3-c3ccc[nH]c3=O)cccc2s1	0.018587
rxn:2:67201:72398	CCC1CCCCN1CC(Nc1cc(OC)ccc1-c1cncnc1)c1ccco1	0.018574
rxn:2:130931:106246	Cc1ccc(C(CC2=NCCO2)Nc2cc(CC3CCCC3)nn2C2CCC2)cc1C	0.018572
rxn:2:85764:88721	Cc1cccc(-n2cc(CCNC(CN3C(C)CCCC3C)c3ccco3)nn2)c1C	0.018560
rxn:2:93723:155225	COc1ccc2c(n1)c(C(C)Nc1ncnn1-c1cc(C)cnc1OC)cn2C	0.018557
rxn:2:163022:83592	CC(Nc1cc(-c2ccc3occc3c2)[nH]n1)c1cnc2c(cnn2C)c1	0.018551
rxn:2:74944:162105	Cc1cccc(-c2ccccc2C(C)NC2CCN([C@@H](C)c3ccncc3)CC2)c1	0.018547
rxn:2:138315:127180	CCSCC(Nc1ccc(O[C@@H]2CCOC2)cc1C)c1cc2ccccc2o1	0.018539
rxn:2:109110:97751	CCCOc1c(C(C)Nc2cc(C)c(-c3ccc(OC)cc3)cn2)cnn1CC	0.018531
rxn:2:150324:102479	Cc1ccnc(-n2nc3c(c2NC(CCc2ccccc2)C2CCCC2)CCC3)c1	0.018523
rxn:2:92860:155933	Cc1c(NC(C)c2ccc3c(=O)[nH]cnc3c2)cnn1-c1cncc(C(C)C)c1	0.018520
rxn:2:141048:72749	CCc1nc(CSc2ccc(NC(C)c3csc(C(C)(C)C)n3)cc2)no1	0.018520
rxn:2:76562:157197	Cc1ccccc1CC(Nc1c(C)cccc1OC1CC1)c1sccc1C	0.018518
rxn:2:85492:125909	COc1ccccc1Oc1cncc(NC2CCCc3ccc(OC(C)C)cc32)n1	0.018518
rxn:2:115746:114159	CCC(CNC(C)c1csc(-c2ccncc2)c1)n1nnc2ccccc21	0.018511
rxn:2:104919:164942	Cc1cc(C)c(N(C)CC(C)NC2CCCc3c2ccn3-c2ccccc2)cc1C	0.018508
rxn:2:134652:75521	COc1cccc(C(CC(C)(C)C)Nc2ccc(OC)c(CN3CCCCC3)c2)c1	0.018508
rxn:2:93807:93805	Cc1ccc(Cc2ccc(CCNC(C)c3cnc(C)n3C3CCCC3)o2)cc1	0.018487
rxn:2:130627:164643	Cc1cn(Cc2cnoc2)nc1NC(Cn1c(C)csc1=O)c1ccn(C)c1	0.018482
rxn:2:140055:76539	Cc1ccc(NC(C)CCCN(C)C2CCCC2)c(N(C)Cc2cccs2)c1	0.018461
rxn:2:172861:132902	O=c1[nH]c2[nH]c(NC(CCC3CCCCC3)Cc3cccs3)nc(=O)c2[nH]1	0.018460
rxn:2:66086:155982	COc1ccc([C@H](NC(C)c2cccnc2-c2csc(C)c2)C2CC2)c(C)c1	0.018458
rxn:2:74237:124776	CCCC(Nc1[nH]nc(-c2ccc(CC)cc2)c1C)C1CCCN1c1cnccn1	0.018453
rxn:2:141966:158230	Cc1cccc(-c2ccc(C(C)NCc3nc(-c4ccoc4C)n[nH]3)cn2)c1	0.018446
rxn:2:92449:85333	COc1cccc(OCc2nnc(NC3CCC[C@H](OCc4ccccc4)C3)o2)c1	0.018444
rxn:2:130346:101632	CCC(C(Nc1ccc(=O)n(CCOC2CCC2)c1)c1ccccc1)n1cncn1	0.018438
rxn:2:97477:74960	CCC(C(Nc1ccc(OCc2nccn2C)c(C)c1)c1ccccc1)S(C)(=O)=O	0.018388
rxn:2:103970:66037	Cc1ccc(Cn2ccc(NC(c3ncco3)c3ccc(C)cc3C)n2)cc1	0.018383
rxn:2:88362:71269	Cc1cccc(N(C)CCC(C)NCCc2nn3c(c2-c2cc[nH]c2)CCC3)c1C	0.018382
rxn:2:164349:118674	CCSCC(NCc1cnc(-c2ccc(C)c(C)c2)n1C)c1ccc2c(c1)OCO2	0.018382
rxn:2:131417:140473	Cc1cccc(C(NCc2ccccc2COc2ccccc2)C2CC2)c1C	0.018380
rxn:2:127687:106287	CC(NCCc1ccc(-c2nccs2)cc1)c1cccc2sccc12	0.018373
rxn:2:71773:164894	Cc1ccccc1C1(CC(C)CNC2CCCc3c2[nH]c2c(C)cccc32)COC1	0.018368
rxn:2:162682:99604	CCCC(NCCc1nc2c([nH]1)c(=O)[nH]c(=O)n2CC)c1cccc2c1OCO2	0.018363
rxn:2:76447:79141	CCCn1cc(C(C)N[C@H]2CC[C@H](COc3ccccc3)CC2)c2ccncc21	0.018361
rxn:2:97566:137337	Cc1ccc(Cn2cc(CNC(c3ccnn3C3CCCC3)C(C)C)cn2)cc1C	0.018323
rxn:2:120741:87629	CC(Nc1ccc(-c2ccnnc2)cn1)c1ccc(Cc2ccccc2)s1	0.018320
rxn:2:75142:81084	CCOc1cc(C)c(C(C)NC(C)C(CCC(C)(C)C)C(C)C)c(C)c1C	0.018320
rxn:2:82530:71826	CCC(CC)c1nc2cc(CNC(C)c3cccc(OC4COC4)c3)ccc2[nH]1	0.018319
rxn:2:71986:125887	CCC(c1cccc(C)c1)n1cc(NC(c2cc(C)sc2C)C(C)C)cn1	0.018318
rxn:2:136622:134120	CSc1ccc(C(Nc2nc(C)nc(-c3ccccn3)n2)C2CCCCC2)cc1	0.018310
rxn:2:106661:67151	CC(C)c1nn(C2CCSC2)cc1CNC1CCCC(OCc2ccccc2)CC1	0.018307
rxn:2:130057:123253	Cc1cccc(C)c1CCC(NCCC1C(c2nc(C)c(C)s2)C1(F)F)C1CC1	0.018304
rxn:2:114574:150743	Cc1csc(-c2ccnc(C(C)NCc3nncn3Cc3cccs3)c2)c1	0.018295
rxn:2:136129:149475	CCC(Nc1nc(Cn2cccn2)cs1)c1cccc(-c2cnoc2C)c1	0.018288
rxn:2:150257:71150	Cc1cccc(-n2cnc(=O)c(NC(C)c3ccc(-c4ccccn4)s3)n2)c1C	0.018260
rxn:2:108862:124609	CCCC(N[C@@H](c1ccc(C)cc1C)C(C)CC)C1CCN(CC2CC2)CC1	0.018255
rxn:2:95098:94689	Cc1nc(NC(C)c2cc(-c3ccncc3)[nH]c2C)c(-c2ccccc2)o1	0.018248
rxn:2:103084:70750	CCOc1cc(C)cc(C(CC)Nc2cccc(Cc3ccccc3)c2)c1	0.018235
rxn:2:99554:70249	CCCC(NC(C)c1cnc(-c2ccc(C)cc2)n1C)C1CCCCN1C1CCCC1	0.018233
rxn:2:104923:85699	CC1CCC(C(NC(c2ccccc2)C2CCC(F)(F)CC2)c2cccnc2)CC1	0.018231
rxn:2:159838:133618	CN(C)CCC(Cc1ccccc1)NCC1(c2cccc3ccccc23)CCC1	0.018226
rxn:2:135046:104958	CCCS(=O)(=O)c1ccc(C(CC)NCC(C2CCCCC2)N2CCSCC2)cc1	0.018220
rxn:2:115442:92756	CC(NCc1ccc2oc(=O)[nH]c2c1)c1ccccc1OCc1cccs1	0.018192
rxn:2:134632:98289	CC(N[C@@H]1C[C@H]1c1cnn(Cc2ccccc2)c1)c1cccc(-n2cncn2)c1	0.018191
rxn:2:125461:142090	CCCC(NC(CC)c1cccc(CC)c1)c1nc2cc(C)c(C)cc2[nH]1	0.018191
rxn:2:148055:85758	CCC(Nc1c(C)c(C)nn1-c1cnccc1SC)c1ccc(SC)nc1C	0.018189
rxn:2:96701:141149	COc1cccc(C(NC(c2cnn(C)c2)c2cnn(C)c2)c2cccn2C)c1	0.018173
rxn:2:93678:124814	c1csc(CC(CC2CC3CCC2C3)Nc2nc(-c3cccs3)cs2)c1	0.018173
rxn:2:135948:138517	CC(C)CCC1(CNC2CCN(C(C)(C)CC(C)(C)C)CC2)CC2CCC1C2	0.018171
rxn:2:70232:125730	CCC(CC)(CC)C(Nc1ccnn1Cc1ccc(C)o1)c1ccccc1	0.018169
rxn:2:87246:114793	CCCC(NCCC(c1cc(C)on1)N1CCCCC1)c1cc(C)c(OC)c(C)c1	0.018160
rxn:2:66187:82073	CC(CNCC(Cc1cccs1)c1nccs1)c1nc2c(s1)C1CCC(C2)N1C	0.018154
rxn:2:83193:106846	Cc1cc(C)c(Cn2nccc2NC(C)c2nccc3sccc23)c(C)c1	0.018150
rxn:2:79125:168139	Cc1cccc(C)c1-n1ccnc1C(C)Nc1nccn2cc(C3CCC3)nc12	0.018133
rxn:2:105372:120234	Cc1cccc(C(Nc2ccc(CCc3nccn3C)cc2)C2CCCC2)c1C	0.018123
rxn:2:93470:123332	CCCC[C@H](NC(Cc1cnccn1)CC(C)C)c1ccc2ccccc2n1	0.018116
rxn:2:121408:97164	CCCn1nc(C(C)(C)C)c(C(C)C)c1NC(CCOC(C)C)c1cccnc1	0.018108
rxn:2:107182:72745	Cc1ccc2ncc(C(C)Nc3ccc(Sc4ccccc4)c(C)c3)n2n1	0.018095
rxn:2:126403:149352	CC(NCc1ccc(N(C)C(C)C(C)(C)C)nc1)c1ccc2ccn(C(C)C)c2n1	0.018095
rxn:2:106488:82073	Cc1c(NCC(Cc2cccs2)c2nccs2)cnn1Cc1ccn(C)n1	0.018092
rxn:2:131457:100399	Cc1ccccc1C(Nc1c(C(C)C)c(C2CC2C)nn1C)c1ccccc1C	0.018071
rxn:2:152311:136685	COc1ccc(C(Nc2nc3ccccc3n2-c2ccn(C)n2)C2CC2)cc1C	0.018057
rxn:2:73897:97977	COc1cccc(Oc2nn(C)cc2NC(C)c2csc(C3CCCCC3)n2)c1	0.018052
rxn:2:126341:138116	CCSc1ccc(C(C)Nc2oc(C(C)C)cc2-c2ccncc2)cc1	0.018050
rxn:2:124002:94008	CC(NC(c1ccncc1)c1cccs1)c1cccc(-c2ccco2)c1	0.018040
rxn:2:168902:130456	CC(Nn1c(-c2cccs2)nnc1-c1cccs1)c1cn2ccncc2n1	0.018036
rxn:2:70904:145235	Cc1nc(-c2cnc(NC(c3cn(C)c4ccccc34)C(C)C)s2)cs1	0.018032
rxn:2:155316:136071	CCN1c2ccccc2CC1CNc1cc2c(cc1OC)oc1ccccc12	0.018031
rxn:2:159554:94721	CCOc1cccc2c1C(Nc1nc(-c3ccccc3)c3ccccn13)CC2	0.018028
rxn:2:123112:94292	CCC(N[C@@H](c1ccc[nH]1)C1CCOCC1)c1ccc(-c2sccc2C)s1	0.018024
rxn:2:81061:165128	c1ccc(-c2ncc(NC3COc4cccc(-c5ccsc5)c43)s2)cc1	0.018010
rxn:2:133712:114421	COc1cccc(-c2[nH]ncc2CNC(C)c2ccccc2C2CCCCC2)c1	0.018006
rxn:2:135669:80927	COc1ccc(-c2ccc(NC(C)c3ccc(C4CC(F)(F)C4)cc3)cc2)cn1	0.018003
rxn:2:83491:163390	COc1cc2ncc(CNC(c3ccc4cc[nH]c4n3)C3CCCC3)c(C)n2n1	0.017971
rxn:2:102127:77139	Cc1cnc(Sc2ccccc2NC2CCN(c3ccc(C(C)C)cc3)CC2)[nH]1	0.017967
rxn:2:81747:66054	CCOc1ccc(C(Nn2cnnc2SCc2cccc(C)c2)C(C)C)cc1	0.017955
rxn:2:102014:103272	CCC(C)c1ccc2ncc(NC3CCN(Cc4cccc(OC)c4)CC3)cc2c1	0.017940
rxn:2:91331:131453	CC1CCC(N2CCC(CNC(c3cccs3)c3cc4c(s3)CCCC4)CC2)CC1	0.017935
rxn:2:72889:88448	Cc1ccc(C(Nc2ccc(C)c(C3CCCCC3)c2)c2ccco2)cc1C	0.017931
rxn:2:99188:114746	CCc1ccc(CC2(CNC(C)c3cnn(CCc4ccccc4)c3)COC2)cc1	0.017925
rxn:2:97621:83524	CC(C)CC(Nc1cn(C2CC2)nc1C1CCCCC1)C(C)(C)c1ccccc1	0.017915
rxn:2:125509:113963	CCOc1nc2cc(NC(C)c3cc(-c4cc[nH]c4)cs3)ccc2[nH]1	0.017887
rxn:2:103725:114495	Cc1cc(N2CCCC2)ccc1NC(C)c1sc(CSC(C)C)nc1C(C)C	0.017885
rxn:2:73766:128488	CCC(CC)Cc1cnn2c(NC3CCCc4c(C)cc(OC)c(OC)c43)ncnc12	0.017885
rxn:2:109887:104403	Cc1ccc(Cn2cccc2C(C)NC(C)(C)CC(c2ccc[nH]2)N(C)C)cc1	0.017883
rxn:2:107084:81981	CCSc1nc(C(NCC2CC2c2cn(C)c3ccccc23)C(C)C)cs1	0.017882
rxn:2:101568:67907	COc1ccc2[nH]cc(C(C)NCc3nnc(-c4ccccc4C)[nH]3)c2c1	0.017874
rxn:2:93317:147685	COc1nn(C)c2cc(C(C)Nc3ncn(Cc4ccn(C(C)C)n4)n3)ccc12	0.017862
rxn:2:130136:91416	CSc1cc(OC2CC2)c(CNC2CC3CCC2(CS(=O)(=O)F)C3(C)C)cn1	0.017852
rxn:2:149881:80859	COCc1cc(=O)n2nc(NC(C)c3c[nH]c4cccc(OC)c34)[nH]c2n1	0.017831
rxn:2:142256:155830	Cc1cc2c(C(C)NCc3cc(C(C)C)c4c(n3)c(C)nn4C)cccc2cn1	0.017830
rxn:2:143723:167876	Cc1ccn(-c2cc(C(C)Nc3cc(-c4cccc5c4OCCO5)on3)ccn2)n1	0.017830
rxn:2:71392:143457	COc1cc2nc(NC(C)c3cccc(-c4nnc(C)o4)c3)sc2cc1OC	0.017819
rxn:2:145358:112303	CCC(Nc1ccc2c(c1)nnn2-c1ccccc1)c1cc(OC)ccc1C	0.017816
rxn:2:97833:144177	COCCn1nnnc1-c1ccnc(NC(C)c2nc3cc(C)ccn3c2C)c1	0.017814
rxn:2:114403:132847	Cc1ccc(-c2csc(NC3c4ccccc4-c4cccnc43)n2)c(C)c1	0.017810
rxn:2:87266:91651	CCC(Cc1n[nH]c2ccccc12)NC(C)CC(C)Cc1cc(C)ccc1C	0.017803
rxn:2:90457:66282	CCC(Cc1ccc(OC)c(OC)c1)NCc1c(C)cccc1OC1CCCCC1	0.017783
rxn:2:140103:132805	CCCc1ccncc1C(CCC)NC(C)c1sc(C(C)C)nc1C(C)C	0.017781
rxn:2:75101:136523	Cc1cc(C)n(CC(Nc2ccc(-c3ncco3)cc2C)c2ccccc2)n1	0.017778
rxn:2:137066:101632	CCc1cc(CNC(c2ccccc2)C(CC)n2cncn2)nn1C(C)C(C)(C)C	0.017778
rxn:2:144137:132556	Cc1ccc2[nH]nc(C(C)Nc3n[nH]c4nc5ccccc5cc34)c2n1	0.017776
rxn:2:88306:164950	Cc1ccccc1-c1ccccc1C(C)NC1CCN(c2nccn3nccc23)C1	0.017771
rxn:2:161185:89668	COc1ccc(C(NCC2CC2c2c(C)n(C)c3ccccc23)C2CCCCO2)cc1	0.017752
rxn:2:137789:138364	CC(C)(C)c1ccc(C(C)(F)CNC2CCC3(CC2)C(C2CCCC2)C3(F)F)cc1	0.017751
rxn:2:81683:83374	CCCc1ccc(C(NC2(c3nc(C)c(C)s3)CCCCCC2)C(C)C)cc1	0.017743
rxn:2:156536:141822	COc1[nH]c2nc(NC(C)c3sccc3-c3csc(C)c3)nn2c(=O)c1OC	0.017742
rxn:2:130638:109363	Cc1cccc(-c2ccccc2NC(c2cccc(C)c2)C(C)N2CCCC2)c1	0.017737
rxn:2:68423:125985	COc1cc(-c2cn[nH]c2NC2CCC(c3csc(C(C)C)n3)CC2)ccc1C	0.017736
rxn:2:101332:168838	Cc1nc(CNC(C)c2cc(C)c3ccccc3n2)cc(Cc2ccsc2)n1	0.017733
rxn:2:102720:143056	Cc1nc(C(CNC2CC(C)Cc3nc4ncnn4cc32)c2ccncc2)sc1C	0.017731
rxn:2:148110:77794	COc1ccccc1C(NCc1cc2cccc3c2n(c1=O)CCC3)c1ncco1	0.017729
rxn:2:74649:150177	Cc1ncccc1-c1cc(NC2CC(c3cccs3)Cc3[nH]nc(C)c32)n(C)n1	0.017726
rxn:2:89893:119077	Cc1ccsc1CC(C)CC(C)Nc1cn(CC2CCCC2)nc1CC1CC1	0.017726
rxn:2:67446:71150	CC(C)CN1CCC(CNC(C)c2ccc(-c3ccccn3)s2)c2ccccc21	0.017718
rxn:2:127616:69254	Cc1nc(Cn2nc(C)c(CNC3CC(C)(C)Cc4c3cc(C)n4C3CC3)c2C)cs1	0.017710
rxn:2:73084:164643	CCC[C@@H](NC(Cn1c(C)csc1=O)c1ccn(C)c1)c1nc2c(s1)CC(C)CC2	0.017709
rxn:2:123580:168695	Cc1ccc(Cc2nnc(NC3CCCc4nccc(-c5ccco5)c43)o2)cc1	0.017700
rxn:2:139544:166918	COc1ccc2[nH]c3c(c2c1)C(Nc1ccc(-c2cn[nH]c2)cc1)CCC3	0.017697
rxn:2:131885:165749	C=C=Cc1ccc(C(Nc2ncn(Cc3ccsc3)n2)c2ncc[nH]2)cc1	0.017691
rxn:2:106747:103464	CCCOc1c(OC)cccc1C(C)Nc1cccc(-n2nncc2C(C)(C)C)c1	0.017684
rxn:2:138434:114415	CSc1ccc(-c2cccc(NC3CCCC3c3cccc(C)c3)c2)cc1	0.017677
rxn:2:138152:168585	COc1ccccc1C(Nc1c(C2CC2)c(C)nn1C1CCCCC1)c1cnn(C)c1	0.017675
rxn:2:155049:144530	CCc1c(C(C)(C)C)nn2c(NC(C)c3cn(C(C)=O)c4ccccc34)ncnc12	0.017666
rxn:2:82810:130552	CC(C)CCCC1CCC(NCc2ccc(CN(C)C3CCCCC3)o2)CC1	0.017659
rxn:2:67367:87790	COc1cccc2c(C(C)NCc3nc(CN4CCCC(C)C4C)cs3)csc12	0.017657
rxn:2:125515:170473	CSc1nc(NC2CCSc3ccc(-c4ccsc4)cc32)nc(C(C)(C)C)n1	0.017656
rxn:2:80237:146198	CC(Nc1ccc(Cc2ncnn2C)cc1)c1ccc2c3c([nH]c2c1)CCCC3	0.017640
rxn:2:85364:89797	Cc1nnc(C(CNC(CC2CC2)c2ccc3c(c2)CCCC3)c2ccccc2)n1C	0.017622
rxn:2:107665:116292	CCc1c(-c2cccnc2)nn(C)c1NC(C)c1sc(-c2cnccn2)nc1C	0.017610
rxn:2:132359:106994	CCC(C(NCc1n[nH]c(COc2ccccc2C)n1)c1ccc(C)cc1)N(C)C	0.017599
rxn:2:87397:130910	Cc1nnc(SCC(NC2CCN(Cc3nc(C4CC4)no3)C2)c2ccc[nH]2)o1	0.017577
rxn:2:99343:153088	Cc1cccc2c1cc1n2CCC1NC(C)(C)c1ccc(C(F)(F)C(C)C)cc1	0.017575
rxn:2:104990:147245	CC(C)Cn1nc(-c2cnccn2)cc1NC(C)c1ccc2ccn(C)c(=O)c2c1	0.017567
rxn:2:106636:157903	Cc1cc(NC(C)c2sccc2-c2cn(C)ccc2=O)n(Cc2ccsc2)n1	0.017562
rxn:2:155936:125441	COc1cc2c(cc1OC)C(Nc1ccc3[nH]c(-c4ccco4)nc3c1)CS2	0.017554
rxn:2:162121:76851	O=c1[nH]c(-c2ccncc2)ccc1CNC(Cc1ccccc1)c1cccnc1	0.017533
rxn:2:149968:129263	CCC(CSc1ccccc1C)Nc1c(N2CCCC2)ccc2ncccc12	0.017525
rxn:2:68249:127795	CCOc1cc(C(C)Nc2ncc(Cc3ccc(CC)cc3)s2)ccc1OC	0.017522
rxn:2:159122:92058	Cc1ncccc1C(Nc1cc2c(C)cc(=O)[nH]c2c2c1CCO2)c1ccccc1	0.017496
rxn:2:127739:104184	CCCC(Nc1nc(CSc2ccc(C)cc2)n[nH]1)c1cc(C)cc(C)c1	0.017494
rxn:2:132412:119011	C=C=Cc1cc(C(C)NCC(F)(F)c2ccc(-c3c[nH]cn3)cc2)ccc1OC	0.017493
rxn:2:150580:153061	Cc1cccc(C(NC2(c3ccc4nc(C)oc4c3)COC2)c2ccc(C)nc2)c1	0.017487
rxn:2:107735:100632	COc1ccc2occ(C(C)NC(C)c3ccc(SC4CCOCC4)cc3)c2c1	0.017481
rxn:2:126930:144338	Cc1nc(-c2ccc(C(C)NCC(C)(C)c3ccccc3C3CC3)cc2C)c[nH]1	0.017470
rxn:2:129667:155405	CCc1cccc2c3c([nH]c12)C(Nc1ccc(-n2c(C)ccc2C)cn1)CC3	0.017455
rxn:2:166789:73672	CCSCC(NCCc1nnc2sc3cc(C)ccc3n12)c1cccs1	0.017430
rxn:2:161721:101441	CCC(C)OCC(Nc1nnc(-c2cccc3c2OCCO3)o1)c1cc(C)ccc1C	0.017430
rxn:2:78256:107567	COc1ccc(OC2CCCCC2NC(CSC)c2cc3ccccc3o2)cc1	0.017430
rxn:2:127489:118154	CSc1nc(C(C)NC2(CN(C)Cc3cccs3)CCCCC2)cc2c1CCN(C)C2	0.017416
rxn:2:162471:120973	CCC(Nc1ccccc1Sc1c[nH]c(=O)[nH]c1=O)c1ccc2c(c1)N(C)CC(C)O2	0.017390
rxn:2:115947:135313	CCCCn1c(C)nc2cc(NC(CC(C)C)c3ccc4c(c3)OCO4)ccc21	0.017388
rxn:2:167654:144451	Cc1nc2nccc(C)c2cc1C(C)Nc1cncc(-n2cc3c(n2)CCC3C)c1	0.017363
rxn:2:100036:143781	CCc1nc(N2CCCC2CC)sc1CNC(C)c1cn2nc(COC)nc2nc1C	0.017363
rxn:2:66694:99030	CCC(Nc1cc(SC)c2ccn(C)c2c1)c1cccc2ccoc12	0.017360
rxn:2:71043:123153	CCc1ccc(-c2[nH]ncc2NC(c2nc3ccncc3s2)C(C)C)cc1	0.017354
rxn:2:104563:140099	CCC(Nc1ccc(-n2ccc(C)n2)cn1)c1ccc(-c2cccs2)s1	0.017336
rxn:2:67842:155186	c1ccc(-c2ccc3c(c2)C(NCCC(c2ccc[nH]2)N2CCCCC2)CC3)cc1	0.017334
rxn:2:102951:78247	COc1ccc(C)c(Cn2cc(NC(C)c3cc(-c4ccncc4)no3)cn2)c1	0.017323
rxn:2:150470:120386	CN(CC1CC1)c1ccc2scnc2c1NC1CC[C@H]2CN(Cc3ccccc3)C[C@@H]12	0.017315
rxn:2:74459:89212	COc1ccccc1Cn1cc(CNC(c2cccnc2)c2ccccn2)cn1	0.017309
rxn:2:67776:141812	CC(C)c1nc2cccc(CNC(C)c3ccc(-c4ccc[nH]4)s3)c2o1	0.017304
rxn:2:140062:69458	Cc1nc(CC(CC2CCCO2)NCCC2CC2c2ccc3ncsc3c2)cs1	0.017298
rxn:2:76288:148601	Cc1ccc(C)c(Cn2ncnc2NC(C)c2nnc3sc4c(n23)CCC(C)C4)c1	0.017291
rxn:2:106341:165696	CCC(Nc1cnn(C2CCOCC2)c1C(C)C)C1CC1c1c[nH]c2ccccc12	0.017288
rxn:2:84534:127314	CSc1ccc(CN2CCCC(NC(c3cccc(C(C)C)c3)C(C)C)C2)cc1	0.017282
rxn:2:118092:113353	COc1ccc(-c2cccc(CNC3CCCc4ccc(CC(C)C)cc43)c2)cn1	0.017281
rxn:2:155590:118498	COc1ccc2c(c1)CN(C)CCC2NCc1cc(-c2cc3ccccc3o2)on1	0.017274
rxn:2:94461:133379	CCCC(Nc1o[nH]c(=O)c1Cc1ccccc1)c1cc(C)cc(C)c1OCC	0.017270
rxn:2:168739:114013	CSc1ccccc1C(Nc1cccc(-c2ccc3c(c2)CCO3)c1)C1CC1	0.017255
rxn:2:132297:140414	CC(C)CC(CN1CCN(C)CC1)NC(CSc1ncccn1)c1ccco1	0.017248
rxn:2:70354:94756	COc1ccccc1Cn1nc(NC(C)CCSc2ccc(C)cc2)cc1C	0.017247
rxn:2:73104:74175	CCOc1ccc(-c2cc(NC(C)c3ccc(OC)c(OC(C)C)c3)on2)cc1	0.017231
rxn:2:111048:164823	CC(C)C(CNC1CCCc2c1nnc1ccnn21)Cc1csc2ccccc12	0.017227
rxn:2:107141:126659	Cc1ccc2sc(C(C)Nc3cc(C4CCC(C(C)(C)C)CC4)n[nH]3)cc2c1	0.017219
rxn:2:78562:148920	Cc1ccc(C)n1-c1ccc(C(C)NCc2ccc(-c3cc[nH]c3)cc2)cn1	0.017194
rxn:2:126090:117510	Cc1ccc(C(CN2CCCCC2)Nc2ccc(OC3CCCCCC3)cc2)cc1	0.017186
rxn:2:88980:145028	Cc1cc(-c2ccc3c(c2)C(Nc2ccc(-c4nncn4C)c(C)c2)CO3)cs1	0.017184
rxn:2:159949:107322	COc1ccc2c(c1)C(Nc1ccc(-c3nc4cccnc4s3)cc1)CCN2C	0.017170
rxn:2:97848:151014	Cc1ccc(-c2nccc(NC3CCCc4onc(-c5ccccc5)c43)n2)cc1	0.017168
rxn:2:148986:164135	Cc1ccc2c(c1)C(Nc1cccc(-c3c[nH]c(=O)[nH]c3=O)c1)c1ccccc1-2	0.017144
rxn:2:168416:123915	Cc1ccnc(C)c1-n1nc(C)c(C)c1NC(C)CCc1c[nH]c2cnccc12	0.017143
rxn:2:118038:121991	CCC(NCC1(c2nc(-c3ccccc3)c[nH]2)CC1)c1cnn(CC2CCCCO2)c1	0.017137
rxn:2:134084:83406	Cc1cc(C)cc(C(C)n2cc(NC(CSC(C)C)c3ccccc3)cn2)c1	0.017135
rxn:2:113336:167247	CC(NC(Cn1cccn1)c1ccccc1)c1csc(-c2cccn(C)c2=O)c1	0.017125
rxn:2:127624:159156	COc1ccccc1-c1csc(NC2CCCc3c2c2ccccc2n3C)n1	0.017119
rxn:2:114181:83097	COc1ccc(C2CCCC(N[C@H](CC3CC3)c3ccc4[nH]ccc4c3)C2)cc1	0.017097
rxn:2:131455:116819	Cc1ccc(C2C(CCNC(C)c3ccc(OCCC(C)C)cc3C)C2(F)F)o1	0.017097
rxn:2:90502:129966	COc1ccc(C2CCCCCC2Nc2ccc(Oc3ccccc3)cn2)cc1	0.017086
rxn:2:81508:79384	C=C=CC(Nc1cc(C)ccc1SCc1cnn(C)c1)c1ccccc1	0.017080
rxn:2:151712:83404	Cc1nnc(CSc2nc(NC3CCc4nn(C(C)C)cc4C3)cc(=O)[nH]2)o1	0.017079
rxn:2:86049:171392	Cn1cnc(-c2ccc(NC3CCC(c4csc5ccccc45)CC3)cc2)n1	0.017065
rxn:2:103191:168760	Cc1nc2ccccc2c(C)c1C(C)Nc1c(CC(C)C)cnn1CC1CC1(F)F	0.017057
rxn:2:137319:138927	Cc1cc(C)c2ccc(NC(CCc3ccccc3)CCC(C)(C)C)nc2c1	0.017044
rxn:2:100014:132495	Cc1ccc(CCC(NC23CC(C(F)(F)c4ccccc4)(C2)C3)C2CCC2)c(C)c1	0.017029
rxn:2:145276:115973	CCC(Nc1n[nH]c2c1cnc1c(C)c(C)ccc12)c1ccc(OC)cc1C	0.017022
rxn:2:93306:69544	CC(NCCC1CC1c1cnc2[nH]ccc2n1)c1ccc(SC2CCCC2)cc1	0.017019
rxn:2:132504:138344	CCC(C)c1cnc(C2CCC(NC(c3ccc4[nH]ncc4c3)C3CC3)CC2)[nH]1	0.017008
rxn:2:117565:119960	CCCc1ccc(C(Nc2sc(C3CCCCC3)nc2C(C)C)C(C)(C)C)cc1	0.017000
rxn:2:84663:159213	Cc1ccc(C)c(C(Nc2cc(C)cc3ccc(C)nc23)c2ccncc2)c1	0.016997
rxn:2:67912:159537	COc1ccc(C(C)NC(C)c2ccc3c(c2)sc2nccn23)c(S(C)(=O)=O)c1	0.016987
rxn:2:104222:112579	CC(C)CN(c1ncc(C(C)NCC2(Cc3ncno3)CCCCCC2)s1)C1CC1	0.016972
rxn:2:119809:164269	CCc1nnc2c(C(NC(C)c3nc4cc(OC)ccc4[nH]3)C(C)C)cccn12	0.016968
rxn:2:67534:135581	CCN(CC)c1ccc(C(C)Nc2nccnc2OCCC2CCCCC2)cc1C	0.016955
rxn:2:161102:154580	Cc1ccc(-c2cc(NC3CCCc4c3n(C)c3ccccc43)c(=O)[nH]n2)cc1C	0.016948
rxn:2:120268:79127	Cc1ccccc1CC1CCCC(CNC2CC(C)c3ccc(CC(C)C)cc32)C1	0.016943
rxn:2:138005:134696	CC(C)CCSc1ccccc1C(C)Nc1cncc(-c2ccccn2)c1	0.016943
rxn:2:70136:70187	CC(SCc1ccco1)c1ccc(NC2CC(C)(C)CC2c2ccnn2C)cc1	0.016922
rxn:2:113582:75004	Cc1cc(C)cc(CC(CCC(C)C)Nc2cccc(-c3cc(C)no3)c2)c1	0.016917
rxn:2:132375:67923	CCc1cccc(C2CCCCC2NCC2CC2c2c[nH]nc2-c2ccccc2)c1	0.016899
rxn:2:136756:108154	Cc1ccc(SCC(NC2CCCCC2n2nc(C)cc2C)c2ccc[nH]2)cc1	0.016890
rxn:2:135512:67081	Cc1ccc(-c2csc(C(C)Nc3c(C)cc(C4CCCCC4)cc3C)c2)o1	0.016886
rxn:2:84103:143624	CC(NCc1cccc2cc[nH]c(=O)c12)c1ccc2c(c1)-c1ccccc1C2	0.016879
rxn:2:127489:135240	CC(C)c1ccccc1N1CCCC(NC2(CN(C)Cc3cccs3)CCCCC2)C1	0.016877
rxn:2:118537:113826	CCCOc1ccc(C(C)Nc2nccn2-c2cccc(OC(C)C)c2)cc1C	0.016875
rxn:2:121953:124946	Cc1ccc(-c2cccc(CNC(C)c3ccccc3-c3cnccn3)n2)cc1	0.016856
rxn:2:118092:79127	COc1ccc(-c2cccc(CNC3CC(C)c4ccc(CC(C)C)cc43)c2)cn1	0.016855
rxn:2:120552:153989	CSc1ccc(-c2ncc(C(C)NCCC3CCN(CC4CCC4)CC3)s2)cc1	0.016849
rxn:2:130186:146868	COc1ccc2nc(C(C)NCc3cc(-c4ccccc4OC)n[nH]3)ccc2c1	0.016825
rxn:2:67874:82776	CCC(NCc1ncccc1Cn1ccnc1C)C(C)Sc1ccc(C)cc1C	0.016825
rxn:2:131460:115507	CCCCC(Nc1nc(OCC)cc2cccnc12)c1ccc(SC)cc1	0.016822
rxn:2:74571:68560	COc1ccc(C(Nc2ccccc2OCCN2CCCCC2)c2ccccc2)cn1	0.016815
rxn:2:133346:153697	COc1ccc(C(Nc2cc(C(C)(C)C)c(OC)cc2OC)c2nc(C)cs2)cc1	0.016795
rxn:2:106345:72486	CCSC(C)C(Nc1ncnn1Cc1ccccc1C1CC1)c1ccc(C)cc1	0.016795
rxn:2:83027:117440	COc1ncccc1-n1ncnc1NC(C)c1cccc(OCc2cnoc2)c1	0.016789
rxn:2:84203:146221	CCOc1ccc([C@H](NC(C)c2ncccc2-c2ccc(C)cn2)C(C)(C)C)cc1	0.016785
rxn:2:153176:70415	CC(Nc1nonc1-c1ccc2c(c1)CCCC2)c1ncc(-c2ccncc2)s1	0.016784
rxn:2:166990:123332	CC(C)CC(Cc1cnccn1)Nc1nc2ccc(-c3ccncc3)cc2s1	0.016769
rxn:2:138373:142005	CCc1ccc(CC(CC(C)C)NCc2c[nH]c3nc(CC)nc(CC)c23)cc1	0.016762
rxn:2:89837:141260	CCCc1ccc(C(C)(NC(C)c2cnn(-c3cccc(C)c3)c2)C(C)C)cc1	0.016757
rxn:2:132859:149110	Cc1ccc(-c2cccnc2C(C)N[C@H](C)c2ccc3ncccc3c2)cc1	0.016741
rxn:2:82581:164463	CCc1cccc(C(C)n2nccc2NC(C)c2cc3ccccc3c(=O)o2)c1	0.016739
rxn:2:146159:128034	COc1ccc(OC)c2c1OCCC2Nc1c(-c2ccccc2C)nc2scnn12	0.016730
rxn:2:149759:150127	COc1cc(NC(C)c2nc(C)c(C)c3ccccc23)ccc1-c1nnc(C)n1C	0.016724
rxn:2:131534:165267	Cc1ccnc(-c2ccsc2C(C)NC(CCN2CCCCC2)c2ccccn2)c1	0.016710
rxn:2:148235:99520	CCC(C)CN(C)CC1CCCCCC1Nc1ncnn1-c1nc2ccccc2s1	0.016692
rxn:2:66190:119467	CCCn1nc(C)c2cc(CNC(CC)c3ccc(OCC4CC4)cc3)sc21	0.016663
rxn:2:101808:159185	C=C=CC(N[C@@H](CC1CC1)c1ccccc1OC)c1ccc2ccccc2c1	0.016657
rxn:2:87449:112420	COCCC(Cc1c(C)cc(C)cc1C)NC(c1ccc(OC)cc1)c1nccn1C	0.016656
rxn:2:86856:172650	CCOC1(CNC(C)c2ccc(-c3cccc(SC)c3)s2)CCC(C)C(C)C1	0.016654
rxn:2:165697:114299	c1coc(C(Nc2nccc(-c3cc4ccccc4o3)n2)c2ccncc2)c1	0.016647
rxn:2:151268:135821	Cc1nccc2cccc(C(C)NC3CCn4c3nc3ccc(C(C)C)cc34)c12	0.016640
rxn:2:119598:91073	CCn1nc(-c2ccc(C)cc2)cc1CNC(C)c1c(C)oc2ccccc12	0.016624
rxn:2:74014:152710	O=Nc1c(NC2CCCCC2c2c[nH]c3ccccc23)nc(N2CCCCC2)[nH]c1=O	0.016621
rxn:2:134224:153408	CCc1nn(C(C)C(C)C)c(NC(c2cccc(C)c2)c2ccccc2C)c1C	0.016620
rxn:2:68413:111467	CCC(NC(C)(c1cccs1)c1cc(C)ccc1C)c1c(C)cc(C)cc1C	0.016601
rxn:2:147530:112303	CCC(Nc1ccc2oc(-c3cccnc3)nc2c1)c1cc(OC)ccc1C	0.016600
rxn:2:90357:86776	CC(C)c1cccc(Cn2cc(NC(c3ccc4c(c3)N(C)CCC4)C3CC3)cn2)c1	0.016599
rxn:2:115313:154312	CC(NCC(F)C1Cc2ccccc2C1)c1ccc2oc3ccccc3c2c1	0.016598
rxn:2:133813:104454	CCOc1cccc(-c2cc(NC3CC4(CCOCC4)c4ccccc43)c(C)s2)c1	0.016579
rxn:2:159520:133125	CCCC(Nc1cc2occ(C)c(=O)c2cc1OC)c1c[nH]c2ccccc12	0.016544
rxn:2:115947:107666	CCCCn1c(C)nc2cc(NC(c3ccc4c(c3)CCCC4)C(C)C)ccc21	0.016538
rxn:2:100833:81646	Cc1ccccc1SCCC(C)NCc1ccc(-c2nccc(C)c2C)s1	0.016526
rxn:2:79944:71515	CC(C)c1ccc2c(c1)C(CNC(C)c1sccc1-c1cccs1)CCCO2	0.016523
rxn:2:131245:141491	Cc1nc(-c2cc[nH]c2)sc1CCC(C)Nc1cccc(CCC(C)C)c1	0.016513
rxn:2:125073:125510	Cc1c(C2CCC2)nn(C2CCCC2)c1NC(C)CCc1ccc(OC(C)C)cc1	0.016504
rxn:2:162495:71198	Cc1c(C(F)(F)CNC(C)c2cccc3[nH]cc(C)c23)ccc2cccnc12	0.016489
rxn:2:88226:92381	CCc1cccc(C(Nc2ccc3nc(C4CCCCC4)oc3c2)C2(C)CC2)c1	0.016488
rxn:2:88674:161540	Cc1c(-c2ncccn2)nn(C)c1NC(C)c1sc2nc3ccccc3n2c1C	0.016457
rxn:2:67810:69499	Cc1sc(-c2ccccc2)cc1C(C)Nc1nccnc1-c1ccccc1	0.016437
rxn:2:122294:96382	Cc1cc(C(C)NC(C)CCc2nc3ccccc3s2)ccc1OCC(C)C	0.016427
rxn:2:128037:122625	COc1cccc([C@@H](NC(C)CCCc2c(C)c(C)cc(C)c2C)C(C)(C)C)c1C	0.016425
rxn:2:150534:81405	CCc1ccnc(-n2[nH]c(=O)cc2CNC(c2ccccc2)c2nc(C)c(C)o2)c1	0.016404
rxn:2:150600:157929	COc1ccc(-n2nc(C)c(C)c2NC(C)c2cnc(-c3ncccn3)nc2C)cn1	0.016395
rxn:2:68402:100399	Cc1ccccc1C(NC1c2ccccc2CCCC1(C)C)c1ccccc1C	0.016357
rxn:2:165954:76576	Cc1ccc2c(c1)C(C(C)C)CCC2NC(C)c1oc2cc3c(cc2c1C)CCC3	0.016350
rxn:2:90886:109889	CC(Nc1ccc(C(C)Sc2ccccc2)cc1)c1ccc2c(c1)CCCO2	0.016318
rxn:2:93313:152447	CCc1cccc(-c2cccc(NC3CCCc4nc5nc(CC)nn5cc43)c2)c1	0.016315
rxn:2:104141:109954	CCSc1ccc(C(CC)Nc2nnc(COc3ccc(C)cc3)s2)cc1	0.016314
rxn:2:123754:119356	CC(Nc1cccc(OCc2ccccc2)n1)c1cnccc1OCC1(C)CCC1	0.016313
rxn:2:134431:98946	CCCCc1ccc(-c2nnc(NC3CCC(C)(C)[C@@]45CC[C@@H](C4)C(C)(C)C35)s2)cc1	0.016310
rxn:2:168899:124489	CCOc1cccc(C(CSC)Nc2c(CC)cnn2-c2ccc(C)cc2C)c1	0.016301
rxn:2:97640:138327	CCC(Nc1ccc(N(C)Cc2ccccc2)cc1)c1ccn2nc(C)cc2n1	0.016298
rxn:2:156023:149505	COc1ccsc1-c1cccc(C(C)Nc2ccc3[nH]c(=O)cc(C)c3c2)c1	0.016297
rxn:2:126139:89212	CC(Cc1[nH]ncc1CNC(c1cccnc1)c1ccccn1)c1ccccc1	0.016292
rxn:2:95392:107710	CCn1c(C(C)C)nc2c(NC(c3ccc(C4CC4)cc3)C3(C)CC3)cccc21	0.016287
rxn:2:79795:162756	COc1c(NC(C)c2cccnc2-c2cccnc2C)cccc1-c1cncnc1	0.016282
rxn:2:75035:147920	Cc1cccc(C)c1-n1nccc1C(C)NCc1ccc(N(C)C2CCCCC2)cc1	0.016271
rxn:2:150414:160830	COc1cccc(-n2ncc(C(C)Nc3nc(-c4cc(C)ccn4)nc(C)c3C)n2)c1	0.016255
rxn:2:120852:83526	CCc1oc(C(C)C)cc1-c1csc(NC(c2ccc(C)cc2)C2(C)CC2)n1	0.016250
rxn:2:85352:126383	Cc1cc(C(C)Nc2cccc(-c3cnn(CC(C)C)c3)c2)nc(-n2ccnc2)n1	0.016245
rxn:2:96561:67628	CCC(C)C(NC(C)c1ccc(-c2ccco2)cc1OC)c1nnc2n1CCCCC2	0.016242
rxn:2:141909:74762	CCOc1cc(C)c(NC(Cc2cccnc2)c2ccc(C)cc2)cc1C(C)C	0.016238
rxn:2:141044:98836	CCSCC(NC1([C@H]2CCN(Cc3ccccc3)C2)CC1)c1ccc(C(C)C)cc1	0.016238
rxn:2:136079:79350	Cc1ccc(C(C)CCC(C)NC(C)c2ccccc2OCC2CCCO2)cc1C	0.016224
rxn:2:141899:102321	CCc1ccc2oc(C(C)NC(C)(C)CCCc3ccc(C)cc3C)cc2c1	0.016221
rxn:2:118414:82042	CSc1ccc(C(Nc2ncnc(SCCc3ccccc3)n2)C(C)C)cc1	0.016220
rxn:2:101341:72167	CCc1cc(NC(CSc2nnc(C)s2)c2ccccc2)ccc1N1CCOCC1	0.016218
rxn:2:130640:108718	CCc1ccc(C(F)(F)C(C)(C)CNC(CC)c2ccc(C(C)OC)cc2)cc1	0.016210
rxn:2:133753:111036	Cc1ccc(C2(CNC(C)c3cccc(OCCC(C)C)c3)CC3(CCC3)C2)cc1	0.016203
rxn:2:164853:104662	CC(C)(C)C(Nc1nc2ccc(CS(C)(=O)=O)cc2s1)c1ccc(C2CCC2)cc1	0.016200
rxn:2:75474:135906	Cc1cncc(Oc2cccc(NC(C)c3nc(-c4sccc4C)c[nH]3)c2)n1	0.016183
rxn:2:116734:112601	c1ccc(C(Cn2ccnc2)Nc2ccc(OCCc3ccccn3)nc2)cc1	0.016169
rxn:2:110031:147719	Cc1n[nH]c(COc2cccc(NC(C)c3ccc(-c4cnc(C)n4C)cn3)c2)n1	0.016165
rxn:2:121827:103665	CC(Nc1cccnc1N1CCN2CCCC2C1)c1ccc(SCc2ccco2)cc1	0.016154
rxn:2:168470:82042	CSc1ccc(C(Nc2nc(C)c(-c3c(C)cc(C)cc3C)o2)C(C)C)cc1	0.016151
rxn:2:67683:121260	Cc1ccc(C)c(SC2CCCC2NC(CCc2ccccc2)c2cncn2C)c1	0.016150
rxn:2:120826:72731	CCOc1cccc(-n2nnc(CNC(Cn3nccn3)c3ccccc3)n2)c1	0.016134
rxn:2:87624:131707	COCc1cc(OC)c(C(C)N[C@H](c2ccsc2)c2cccc3c2OCO3)c(OC)c1	0.016120
rxn:2:150264:134561	CCC(NC1CCCc2c1[nH]c1c(OC)cccc21)c1c[nH]c2cnccc12	0.016119
rxn:2:99924:154412	Cc1ccccc1OCc1nnc(NC(C)c2ccc(-c3ccc[nH]c3=O)s2)o1	0.016072
rxn:2:154016:146734	Cc1ccc(-c2ccc(=O)oc2CNC(C)c2cnc(-c3ccc(C)cn3)cn2)cc1	0.016046
rxn:2:112767:152138	CCC(N[C@H](CC(C)C)c1cc(C)cc(C)c1)c1ccc(OC)c2ncccc12	0.016041
rxn:2:84152:141983	CSc1cccc(C(CC(C)C)Nc2nnc(CCc3ccccc3C)[nH]2)c1	0.016038
rxn:2:125280:153061	Cc1cccc(C(NC2CCc3c2[nH]c2ccc(C)cc32)c2ccc(C)nc2)c1	0.016038
rxn:2:115323:162958	CC(NCCC1CC1c1cc2cn[nH]c2cn1)c1cc2ccccc2c(N(C)C)n1	0.016022
rxn:2:76467:144983	CSc1ccc(-c2cnc(C(C)Nc3c(C)c(C(C)C)nn3C(C)(C)C)[nH]2)cc1	0.015989
rxn:2:98689:86255	CCc1ccc(N(C)CCC(C)Nc2ccnn2-c2cccc(OC(C)C)c2)cc1	0.015978
rxn:2:138650:66649	Cc1cccc(C(NCc2ccccc2CN(C)C2CCCC2)c2cc(C)ccn2)c1	0.015946
rxn:2:158734:149943	CC(C)c1cc2c(=O)[nH]nc(C(C)Nc3nc4c5ccncc5ccc4n3C)n2n1	0.015945
rxn:2:82240:167320	Cc1nc(CC(NC(c2noc(CC(C)C)n2)C(C)(C)C)c2ccccc2C)cs1	0.015943
rxn:2:91452:137331	CC(N[C@H](c1cccs1)c1cccc2c1OCO2)c1ccc(-c2ccon2)s1	0.015934
rxn:2:143220:83142	COc1c(C(C)Nc2cnn(Cc3nnc4ncccn34)c2)c(C)nn1CC(C)C	0.015916
rxn:2:142011:143219	Cc1nc(-c2ccc(C(C)Nc3cn(C(C)(C)C)nc3CC3CCC3)s2)c(C)s1	0.015913
rxn:2:103858:118544	Cc1ccc(C(N[C@H](CCC(C)C)c2c(C)cccc2C)c2ncco2)cc1C	0.015908
rxn:2:72432:112027	CCc1cccc2[nH]c(C(C)(C)CNC(c3ccccc3C)C(C)(C)CC)nc12	0.015907
rxn:2:82385:156921	COc1ccc(-c2cnc(NC(C)c3cccc4nc(C)ccc34)s2)cc1C	0.015862
rxn:2:155755:108344	COc1ccc2[nH]cc([C@@H](NC(C)c3c[nH]c4ccccc34)C3CC3)c2c1	0.015854
rxn:2:111704:119698	CCC(NC(c1cccc(C2CC2)c1)C1CCC1)c1ccc(SC(C)(C)C)nc1	0.015849
rxn:2:81523:143701	CCCc1c(C(C)NCC(C)Cc2ncn3c2C(C)CCC3)oc2ccc(C)cc12	0.015840
rxn:2:126336:162744	CCOc1ccc2[nH]c3c(c2c1)C(NCc1cc(C2CC2)n(C(C)C(C)(C)C)n1)CC3	0.015837
rxn:2:107501:116618	CCCCC(Nc1c(C2CC2)c(CC)nn1CC(C)C)c1c(C)cc(C)cc1C	0.015827
rxn:2:132114:164464	CCc1ccccc1-n1cnc(CNC2CCCc3ccc(-c4cnsc4)cc32)n1	0.015827
rxn:2:81640:67667	Cc1noc(CSc2ccncc2NC(C)c2n[nH]cc2-c2ccccc2)n1	0.015822
rxn:2:162446:87854	Cc1occc1CN(C)CC1CCCC1Nc1ncnc2[nH]nc(-c3ccco3)c12	0.015803
rxn:2:94778:134904	CCN1CCN(CCC(C)NC2(CN(C)C3CCCCCC3)CCCC2)CC1C(C)C	0.015783
rxn:2:134771:141089	COc1ccc(NC(C)c2cccc(SCCC(C)C)c2)cc1S(=O)(=O)F	0.015772
rxn:2:126433:118754	Cc1ccc(NC(C)c2cnc3c(C)c[nH]c3c2)c(OCc2ccccc2)c1	0.015764
rxn:2:94039:119574	Cc1ccccc1CC(NC(c1ccccc1)C(C)c1ccccc1)C1CC1C	0.015737
rxn:2:94005:173077	Cc1cscc1-c1cc(C(C)NC2CC2c2ccc(OC(C)C)cc2)ccc1C	0.015711
rxn:2:68312:130141	C[C@H]1CC(Nc2ccccc2N(C)Cc2ccccc2)CCN1[C@@H](C)c1ccccc1	0.015704
rxn:2:138001:123350	CCC(NC1(CC)CCOc2c(C(C)C)cccc21)c1ccc(OC2CCCC2)cc1	0.015689
rxn:2:164134:138649	Cc1ccc(C)c(C(Nc2cnc3ccc(-c4ccccc4)cn23)C(C)C)c1	0.015687
rxn:2:90801:105029	Cc1ccc(C(N[C@H](c2nc3c(s2)CCC3)C2CCCCC2)c2ccccc2)cc1	0.015686
rxn:2:163644:168839	Cc1ccc(C)c(C(Nc2c3c(nc4c(C)c(C)nn24)CCCC3)c2ccccn2)c1	0.015674
rxn:2:161699:149402	COc1ccccc1-n1ncc(C(C)NCC2CCc3c([nH]c4cc(C)ccc34)C2)n1	0.015671
rxn:2:143139:95687	CC(C)N1CCC(Nc2nc(-c3nc4ccccc4s3)cs2)c2ccccc21	0.015661
rxn:2:81792:146765	CC(Nc1ccc(-c2cnc(C3CC3)o2)cc1)c1ccc(-c2cnc(=O)[nH]c2)cc1	0.015654
rxn:2:138197:156794	c1ccc(-c2csc(C3CC(NCc4cnc(-c5ccsc5)s4)C3)n2)cc1	0.015642
rxn:2:126018:124609	CCCC(NCc1ccccc1Sc1ccc(C)cc1)C1CCN(CC2CC2)CC1	0.015622
rxn:2:155156:131502	CC(NC(Cc1ccccc1)c1ccccn1)C(F)(F)c1ccc2c(c1)ncn2C	0.015617
rxn:2:103709:143953	COc1cccc(-c2csc(C(C)Nc3ccc4c(N(C)C)nccc4c3)c2)n1	0.015615
rxn:2:79341:122502	COc1cc(C(C)Nc2ccc(SCc3cc(C)on3)nc2)cc2ncoc12	0.015612
rxn:2:116630:121913	COc1ccc2c(c1)C(Nc1nc(CN(C)C3CCCCCC3)cs1)CCCC2	0.015611
rxn:2:77427:110017	CCC(CNC(C)c1ccc(Sc2ccccc2)o1)Cc1ccc2c(c1)CCO2	0.015594
rxn:2:98430:141089	CSc1nnc(-c2cccs2)n1NC(C)c1cccc(SCCC(C)C)c1	0.015586
rxn:2:76925:119229	CC(C)c1cc(OC2CC2)c(CNC(CSc2nccn2C)c2cccs2)cn1	0.015582
rxn:2:73932:167579	COc1cccc(C(Nc2sc3c(c2-c2ccccn2)CCC3)c2nccn2C)c1	0.015561
rxn:2:153465:159316	Cc1cc(C)c2[nH]c3c(c2c1)CCCC3Nc1cc2cccc3c2n(c1=O)CCC3	0.015561
rxn:2:162533:73856	CCOc1ccc2c(c1)CCCCC2Nc1nc2ccc3scnc3c2s1	0.015515
rxn:2:141825:131672	Cc1ccc(C(CC(C)(C)C)NCCc2[nH]ncc2-c2cc(C)ccc2C)c(C)c1	0.015508
rxn:2:70716:141708	CC1CC(NCc2ccc(-c3cc(C(C)C)ccn3)s2)c2cc3c(cc2O1)CCCC3	0.015500
rxn:2:108037:160398	Cc1ccsc1-c1ccnc(C(C)Nc2nccnc2N(C)Cc2ccco2)c1	0.015493
rxn:2:129022:144160	CC(NC(c1ccco1)C1CCCCCCC1)c1cc2cccc(C(C)(C)C)c2o1	0.015480
rxn:2:95361:98824	Cc1ccc(C(NC2CCC(COCc3ccccc3)CC2)c2cccnc2)c(C)c1	0.015474
rxn:2:98617:108175	Cc1ccc(-c2cccc(CNC(C)c3sc(-c4cccnc4)nc3C)c2)nc1	0.015471
rxn:2:118382:170499	Cc1cc(-c2ccsc2)cc(C)c1C(C)N[C@@H](CC(C)C)c1nc(C2CC2)no1	0.015447
rxn:2:153115:170089	COCCn1cnc2c(=O)[nH]c(NC(C)c3sccc3-c3c(C)cccc3C)nc21	0.015444
rxn:2:105685:67919	CCC(NC1CCC(C)CC1OC1CCCC(C)C1)c1ccc(C2CCCCC2)cc1	0.015441
rxn:2:90301:98155	CC(CCc1cc2ccccc2nn1)Nc1ccc(CSc2nnc[nH]2)cc1	0.015433
rxn:2:88987:117734	CC(C)c1ccnc2c(NC(C)c3ccc(-c4ccccn4)cc3)cccc12	0.015430
rxn:2:70569:136523	Cc1cc(C)n(CC(NCCC2CC2c2cnc3cn[nH]c3c2)c2ccccc2)n1	0.015422
rxn:2:112447:168066	CCC(C)[C@H](NC(C)c1nnn(Cc2ccccc2)c1C)c1ccc(C(C)C)cc1	0.015394
rxn:2:84042:85750	Cc1ccc(-c2cncc(CNC(C)CCc3nc(-c4ccncc4)c[nH]3)c2)nc1	0.015376
rxn:2:107556:86915	COc1cc2occc2cc1C(C)NCC(F)(F)c1c[nH]nc1-c1ccccc1	0.015369
rxn:2:103160:135514	CSc1ccccc1C(Nc1cc(C)ccc1N(CC(C)C)C(C)C)C(C)(C)C	0.015359
rxn:2:116599:101151	Cc1ccccc1C(NCc1cccnc1-c1cccs1)c1sccc1C	0.015325
rxn:2:68208:122736	Cc1ccc(Sc2ccc(NC(CN(C)C3CC3)c3ccc(C)cc3)c(C)n2)cc1	0.015285
rxn:2:160347:154327	c1ccc(-c2[nH]cc3c2CCCC3Nc2nccc3nc4ccccc4n23)cc1	0.015282
rxn:2:140134:138567	CCCOc1cnc2ccc(NC(C)c3cnn(-c4ccccc4)c3C)cc2c1	0.015282
rxn:2:98930:76855	COCc1nc2c(NC(C)c3ccccc3Oc3ccccc3)cccc2n1C	0.015269
rxn:2:165375:94149	O=c1ccc2c(n1C1CC1)CCCC2Nc1ccc2[nH]c(-c3ccccc3)cc2c1	0.015243
rxn:2:112873:138996	Cc1cc(C(C)Nc2ccc(-c3ccccc3)cc2)ccc1-c1nccs1	0.015208
rxn:2:144373:129594	Cc1ccc(C)c(C(CSC(C)(C)C)Nc2ccccc2-c2cnn3c2OCCC3)c1	0.015203
rxn:2:120934:129880	Cc1cccc(-c2cnc(NC(C)c3ccc(-c4cccs4)nc3C)s2)c1	0.015186
rxn:2:139614:67600	CCC(NC(c1nc2ccccc2o1)C1CCC1)c1ccc(SC(C)(C)C)nc1	0.015181
rxn:2:80271:90961	CCCSc1ccccc1C(C)N[C@@H](CC)c1cccc(OC2CCCC2)c1	0.015163
rxn:2:126671:86932	CCC(C)SCC(NCC1CC1c1c(C)cc(OC)cc1C)c1cc(C)sc1C	0.015149
rxn:2:140387:167734	COc1cc(-n2ncnc2NC(c2ccc3[nH]c(=O)[nH]c3c2)C2CCC2)cc(C)n1	0.015141
rxn:2:111103:122032	CC(CCCn1nnc(-c2ccco2)n1)Nc1ncccc1-n1ccc(C2CC2)n1	0.015140
rxn:2:163801:104850	COc1cc2nccn2cc1C(C)Nc1nnc(-c2cc3cc(C)ccc3o2)s1	0.015133
rxn:2:116783:95511	COc1ccc(C(C)NCc2ccc(C)cc2Oc2ccccc2)cc1CSC	0.015100
rxn:2:112845:154402	Cc1cc(-c2cc(C(C)N[C@H](CC3CC3)c3cccc4c3OCCO4)ccn2)c(C)s1	0.015091
rxn:2:164134:112541	Cc1nccn1-c1ccc(C(C)Nc2cnc3ccc(-c4ccccc4)cn23)cn1	0.015081
rxn:2:109879:137299	CCc1ccc2nc(C(CC)Nc3cccc(-c4nnnn4CC(C)C)n3)[nH]c2c1	0.015063
rxn:2:151223:78538	Cc1ccsc1-c1ccc(C(C)Nc2cnn(CCn3c(C)csc3=O)c2)cc1	0.015051
rxn:2:140783:105470	Cc1ccc(C)c(CCC(Nc2ccccc2-c2cn3c(n2)CCCC3)C2CCC2)c1	0.015032
rxn:2:95996:76601	Cc1cccc(-c2ccc(C(C)NC(C)c3ncc(-c4ccco4)cn3)cc2)c1	0.015015
rxn:2:161550:67907	COc1ccc2[nH]cc(C(C)Nc3ccc4ccc5cc[nH]c5c4n3)c2c1	0.014999
rxn:2:154712:77510	CCC(Nc1occ2nc(-c3cc(C)on3)oc12)c1ccc(N2CC[C@@H](F)C2)cc1	0.014990
rxn:2:156745:131855	Cc1ccc(C(Nc2nccc(-n3nnc4ccccc43)n2)C2CCCCC2)cc1C	0.014988
rxn:2:87124:157174	Cc1ccc(C(C)N2CCCC(NC(C)c3cnc4c5ccccc5ccn34)C2)s1	0.014964
rxn:2:155013:118091	CCCC(CSc1ccc(C)cc1)Nc1cn(-c2cncc(C3CC3)c2)nc1C	0.014959
rxn:2:82567:132511	CCc1ccc(-c2nc(C)c(C)c(NC(CN(CC)CC)c3cc(C)sc3C)n2)o1	0.014954
rxn:2:111278:160398	CCc1n[nH]c(-c2ccsc2)c1NC(C)c1cc(-c2sccc2C)ccn1	0.014927
rxn:2:163022:105749	CC(Nc1cc(-c2ccc3occc3c2)[nH]n1)c1ccc(-c2ccco2)cn1	0.014918
rxn:2:146607:85482	CCC(CSc1nc(=O)cc(C)[nH]1)Nc1ccnn(-c2cccc(OC)c2)c1=O	0.014905
rxn:2:135444:94689	Cc1[nH]c(-c2ccncc2)cc1C(C)Nc1ccc(-c2cnn(C3CCC3)c2)cn1	0.014904
rxn:2:138024:106958	COc1ccc(C(C)N[C@@H](c2csc3ccccc23)C2CCCC2)c(OC)c1OC	0.014884
rxn:2:132513:67721	c1ccc(CN2CC(NC(Cc3ccsc3)c3cc4c(s3)CCC4)C3(CCC3)C2)cc1	0.014873
rxn:2:155570:159537	Cc1nc2cc(C3(CNC(C)c4ccc5c(c4)sc4nccn45)COC3)ccc2[nH]1	0.014870
rxn:2:116780:162233	CCCCC(NC(C)c1csc(-c2ccc(OC)nc2)c1)c1nc(C(C)(C)C)no1	0.014835
rxn:2:72135:93647	CCCC(NC(C)Cc1ccc2ccoc2c1)c1ccc2ccccc2c1	0.014833
rxn:2:151783:133066	CCC(Nc1ccc(OS(=O)(=O)F)c2ccccc12)c1ccc(OC)c(OC)c1OC	0.014815
rxn:2:98496:162889	CCc1ccc([C@@H](NC2CC(C)Cc3[nH]c4ccccc4c32)c2ccsc2)o1	0.014806
rxn:2:106639:167620	Cc1nn(C)cc1-c1ccnc(C(C)Nc2cnn(-c3ccccc3)c2CC2CC2)c1	0.014794
rxn:2:120488:154639	CC(CC(C)(C)c1c[nH]c2ccccc12)NC1CCN(Cc2cn3ccccc3n2)C1	0.014790
rxn:2:166426:100271	CCc1c(NC(C)CCSc2ccc(OC)c(C)c2)cnn1-c1ccnc(C)c1C	0.014785
rxn:2:134874:154505	CC(NC1CCCc2nc(-c3cccnc3)sc21)c1ccc(-c2ccncc2)s1	0.014762
rxn:2:144419:118091	CCCC(CSc1ccc(C)cc1)NCC(C)N(C)c1ccc2[nH]c(=O)[nH]c2c1	0.014755
rxn:2:67565:100930	Cc1cc(C)cc(C(NCc2cccc(C(F)(F)c3nnn[nH]3)c2)c2ccsc2)c1	0.014738
rxn:2:126018:147697	Cc1ccc(Sc2ccccc2CNC(C)c2c[nH]c(=O)c3ccccc23)cc1	0.014737
rxn:2:96404:107333	CC(CCc1c[nH]c2ccncc12)NCc1cn[nH]c1CCc1ccccc1	0.014718
rxn:2:81349:142811	Cc1ccc(-c2cccc(C(C)NCC(c3cnn(C)c3)n3cnc(C)c3C)c2)cc1	0.014703
rxn:2:111115:121205	CC(CC(C)SCc1ccccc1)Nc1cccc(COc2ccccc2)c1	0.014698
rxn:2:94229:100450	CCC(C)OCC(Nc1onc(COC)c1-c1ccccc1)c1ccc(C)c(C)c1	0.014697
rxn:2:87080:152660	Cc1ccc(-c2csc(NC(C)c3oc4cc5c(cc4c3C)OCO5)n2)cc1C	0.014685
rxn:2:91723:128834	CCC(Cc1cccc2ccccc12)Nc1ncnn1Cc1cccc(OC)c1C	0.014666
rxn:2:164779:81503	CCOc1cccc(C(Nc2c(-c3cccnc3)nc3ccccn23)C2CCCO2)c1	0.014658
rxn:2:142375:74232	COc1ccc(C(C)Nc2[nH]ncc2-c2nc3ccccc3[nH]2)cc1C(C)(C)C	0.014657
rxn:2:129779:85623	Cc1c[nH]c(C(Nc2cccc(-c3cnn(C)c3)c2C)c2[nH]cc(C)c2C)c1C	0.014625
rxn:2:123214:119395	CCCOc1ccc(C(Nc2ccc(-c3nnc(SC)n3C)cc2)C2CC2)c(C)c1	0.014583
rxn:2:87286:145524	CCN(CC)c1nccn2c(CNC(C)c3sccc3-c3cnn(C)c(=O)c3)nnc12	0.014579
rxn:2:73504:123308	C=C=Cc1ccc(C(NCc2cccc(-c3ccsc3)c2)C(C)C2CC2)cc1	0.014575
rxn:2:78505:158466	Cc1ccc([C@H](NC2CC(c3ccc(C)s3)Cc3[nH]ncc32)C2CCCCC2)c(C)c1	0.014556
rxn:2:74680:171597	COc1ccc(OC)c2c1CC(NC(C)c1cc(-c3cc(C)sc3C)cs1)CCS2	0.014523
rxn:2:118704:113154	Cc1ccc(C(N[C@@H](CC(C)C)c2cn(C)c3ccccc23)C2CCCC2)cc1C	0.014512
rxn:2:89210:166540	Cc1ncsc1CN1CCC(NC2CCc3c2ccc2[nH]c4sccc4c32)C(C)C1	0.014512
rxn:2:92579:110624	CCn1cc(C(Cc2cccs2)Nc2nnc(-c3ccc(OC)cc3C)s2)cn1	0.014500
rxn:2:128197:113092	Cc1nc2ccc(NC(CSc3ncccn3)c3ccc[nH]3)cc2[nH]1	0.014496
rxn:2:78621:79016	CC(C)(C)C(NC(CCN1CCCCC1)c1cccs1)c1cccc2ccccc12	0.014492
rxn:2:144086:157995	COc1ncc(-c2ccc(C(C)Nn3ccc4c(cnc5nc(C)nn54)c3=O)s2)cn1	0.014490
rxn:2:70333:93965	CCOc1cc(-n2cc(NC(CSC(C)CC)c3cccc(C)c3)cn2)cc(C)n1	0.014486
rxn:2:125907:152007	c1cc(NC(c2ccsc2)c2c[nH]c3ncccc23)cc(-c2cncs2)c1	0.014485
rxn:2:157126:165881	CCCCn1ccc2[nH]nc(NC(C)c3c[nH]c4c(OC)cccc4c3=O)c2c1=O	0.014485
rxn:2:112177:91763	COc1ccc(C(Nc2cn[nH]c2-c2ccc(C(C)(C)C)cc2)C2CCCCC2)cc1	0.014481
rxn:2:98628:88828	CCC1CCC(Cc2ccccc2)(NC(CC(C)CC(C)(C)C)c2ccccn2)CC1	0.014458
rxn:2:153085:117497	CCC(C)c1ccc(C(CC)Nc2nc(-c3ccc(OC)cc3C)c(C)s2)cc1	0.014432
rxn:2:85011:143161	Cc1ccnc(-n2ncc(C(C)Nc3cccc(Sc4ccccc4)c3)c2C)c1	0.014408
rxn:2:103876:74824	CCc1ccc(Oc2cncc(NC(c3ccc(C)cc3)c3cccnc3)n2)cc1	0.014393
rxn:2:104711:163275	COc1cc(-n2cc(CNC(c3ccc4ncccc4c3)C(C)(C)C)cn2)ccc1C	0.014361
rxn:2:121433:162886	CCCc1c(C)nn(-c2ccccn2)c1NC1CCCc2ccc(-c3ncc[nH]3)cc21	0.014331
rxn:2:154115:108718	CCC(Nc1ccc(-c2nc3ccncc3[nH]2)cc1)c1ccc(C(C)OC)cc1	0.014319
rxn:2:120271:106462	Cc1ccc(C(N[C@@H](c2ccsc2)c2cccs2)c2ccsc2)c(C)c1	0.014310
rxn:2:127830:113162	CCc1ccccc1-n1ncc(CC)c1NC(C)c1ccc(OCC2CC2(F)F)cc1	0.014301
rxn:2:78625:87250	CCc1ccc(C(NC(C)c2c(C)[nH]c3ccccc23)c2ccccc2)cc1	0.014301
rxn:2:88511:133387	CCc1ccc(-c2cc(NC(CC(C)C)c3cc(C(C)C)ccc3C)ncn2)cc1	0.014299
rxn:2:70869:87036	CCC(N[C@@H](C)c1ccccc1SC(C)(C)C)c1ccc(-c2ccccc2)cn1	0.014280
rxn:2:82155:167947	CC(C)(C)Cc1cc(NC(c2ccccc2)c2cnc3sccn23)nc(C2CC2)n1	0.014242
rxn:2:74687:168403	COc1cccc(OC)c1-c1nnc(NC(C)c2cc(-c3cn(C)nc3C)cs2)s1	0.014223
rxn:2:70331:147894	CC(NCc1cnn(-c2cccnc2C2CC2)c1)c1ccc2nc(C3CCC3)[nH]c2c1	0.014222
rxn:2:128222:143760	Cc1ccc(-c2ccc(CNC(C)c3ncc(-c4cc(C)ccc4C)[nH]3)cc2)nc1	0.014186
rxn:2:89626:101558	CCc1c(NC(CCSC)c2ccc3c(c2)CCCS3)cnn1-c1cccc(C)c1	0.014173
rxn:2:108985:144119	CC(N[C@@H](C)CCc1c[nH]c2ccccc12)c1ccccc1-c1ccc[nH]c1=O	0.014126
rxn:2:162413:150226	Cc1cccc(C(Nc2ccc3c(n2)[nH]c2ccccc23)c2cnccc2C)c1	0.014050
rxn:2:133211:155388	Cc1cccc(-c2nc(C)c(C(C)NCc3nc(C)[nH]c3CCc3ccco3)o2)c1	0.014028
rxn:2:108549:150857	c1cc(C(NCCC2CC2c2ccnc3[nH]ccc23)c2nnc3sccn23)ccn1	0.014023
rxn:2:151554:167495	COc1nccc2c1c(C(C)Nc1nc(-c3csc4ccccc34)cs1)nn2C	0.014019
rxn:2:142086:162179	Cc1cc(CCC(C)NCc2noc(CCn3c(C)ccc3C)n2)nc2sccc12	0.014010
rxn:2:83162:110041	COc1ccc(-c2cc(CNC(C)c3csc(-c4ccsc4)c3)[nH]n2)c(C)c1	0.013981
rxn:2:66399:167394	Cc1ccccc1CC(N[C@H](c1c(C)c(C)c(C)c(C)c1C)C1CC1)c1occc1C	0.013967
rxn:2:130028:90166	Cc1nc(-c2cc[nH]n2)oc1C(C)NCC(C)(C)Cc1c(C)sc2ccccc12	0.013949
rxn:2:73214:83148	Cc1cccc(C(C)CCC(C)N[C@@H](CC(C)C)c2cc3ccccc3o2)c1C	0.013934
rxn:2:161430:155847	Cc1ccc2cc(C(C)(C)CNC(C)c3c(-c4ccccn4)cn[nH]c3=O)[nH]c2c1C	0.013899
rxn:2:163171:150796	Cc1ccc2c(c1)C(Nc1ncnn1C(C)c1cc(C)ccc1C)c1cc(C)ccc1-2	0.013891
rxn:2:110353:101151	Cc1csc(-c2ccc(CNC(c3ccccc3C)c3sccc3C)cc2)n1	0.013849
rxn:2:91611:101679	Cc1cc(C(CSc2nncs2)NC2(c3nnc(-c4ccoc4)o3)CC2)c(C)[nH]1	0.013847
rxn:2:158831:103537	CC(Cc1nc2ccccc2n1C1CC1)NC(C)c1ccc(Oc2ncccn2)cc1	0.013811
rxn:2:67394:149760	CCC(Nc1c(N(CC)CC)ccc2ccsc12)c1cc(C)ccc1S(=O)(=O)CC	0.013801
rxn:2:104420:97366	COc1ccc(OCn2cc(NC(C)c3cc(C)ccc3-c3cc[nH]c3)cn2)cc1	0.013796
rxn:2:87425:171669	Cc1cc(-c2ccc(C(C)N[C@H](C)c3ccccc3SC(C)(C)C)cc2)c(C)s1	0.013787
rxn:2:153775:98737	COc1c(C)cc(C(Nc2cc(-c3cc4ccccc4n3C)no2)C(C)C)cc1C	0.013742
rxn:2:89061:101237	CCC(C)[C@@H](NC(CSC(C)C)c1ccc(C(C)C)cc1)c1ccc2c(c1)OCCO2	0.013686
rxn:2:139670:153014	Cc1ccc(C(C)Nc2cccc(OCc3ccncc3)c2)cc1-c1c[nH]nc1C	0.013680
rxn:2:130547:129973	COc1c(C)cc(C2(C)CC2NC(c2ccsc2)c2ccccc2SC)c(C)c1C	0.013671
rxn:2:122731:142533	Cc1[nH]c2ccccc2c1C(CC1CC1)Nc1cccc(C(C)N2CCCCC2C)c1	0.013614
rxn:2:93589:108072	CCOC(CNC(c1cc(OC)c(C)cc1OC)C(C)C)c1cccc2ccccc12	0.013586
rxn:2:74096:81405	CCc1nc(NC(c2ccccc2)c2nc(C)c(C)o2)ccc1-c1ccc(C)cc1	0.013581
rxn:2:80405:90343	COc1ccc(CSc2nc(NC(C)CC3CCCCCCCCCCC3)n[nH]2)cc1	0.013578
rxn:2:157906:127180	CCSCC(Nc1cccc(-c2nn(C)nc2C)c1OC)c1cc2ccccc2o1	0.013573
rxn:2:160359:66592	COc1ccc(C)cc1-c1cc(C)sc1NC(C)CCc1nc(CC(C)C)cs1	0.013569
rxn:2:85011:168477	COc1ccc2ccccc2c1C(C)Nc1cccc(Sc2ccccc2)c1	0.013569
rxn:2:153494:167579	COc1cccc(C(Nc2nnnn2Cc2nc3ccccc3[nH]2)c2nccn2C)c1	0.013551
rxn:2:166434:99314	Cc1ccc(C(Nc2ncnc3[nH]nc(-c4ccccc4)c23)c2cc[nH]n2)cc1C	0.013513
rxn:2:109424:142273	CCn1ncnc1Cc1ccc(NC(C)c2ccc(-c3cnc(N(C)C)s3)s2)cc1	0.013459
rxn:2:102549:166418	Cc1ccc(OCCc2cc(NC(C)c3oc(-c4cnc(C)s4)nc3C)[nH]n2)cc1	0.013426
rxn:2:103635:86579	CCc1ccc(C(CCC(C)C)N[C@H](c2csc3ccccc23)C(C)CC)o1	0.013421
rxn:2:86644:122997	CCCC(NC1CN(Cc2ccccc2)CC1OCC)c1ccc(-c2ccccc2)s1	0.013387
rxn:2:144465:156811	CCc1nnnn1-c1ccc(C(C)Nc2cn[nH]c2-c2ccc3ccccc3c2)cc1	0.013383
rxn:2:136043:124318	CCc1ccc(C(NCc2cc(-c3ccncc3)nn2CC)c2sccc2C)s1	0.013376
rxn:2:96407:143219	Cc1cccc(OCCC2(NC(C)c3ccc(-c4nc(C)sc4C)s3)CCCC2)c1	0.013369
rxn:2:76607:166049	Cc1ccc(C)n1-c1cccc(C(C)Nc2cc(COc3ccccc3)ccn2)c1	0.013368
rxn:2:143537:117716	CSc1ccc(C(Nc2ccc(-n3cc4c(n3)CCC4C)cn2)c2ccco2)cc1	0.013354
rxn:2:125192:89327	Cc1sc(C(C)NCCc2nc(C(C)C)[nH]c2-c2cc[nH]c2)nc1C1CCCCC1	0.013343
rxn:2:163763:121763	c1ccc(C(CC2CCCC2)Nc2cc(-c3ccc4cc[nH]c4c3)[nH]n2)cc1	0.013334
rxn:2:135421:81562	Cc1c(C(C)NCC(c2nccc3ccccc23)C(C)C)c[nH]c1-c1ccncc1	0.013330
rxn:2:116755:164828	COc1ccc(NC(c2ccc(C)cc2)c2cccc(C)n2)cc1CSC1CCCC1	0.013294
rxn:2:138193:71847	CCOc1ccc(NC(C)c2cc3c(OC)cccc3[nH]2)c(-c2ccccc2)c1	0.013290
rxn:2:149373:120029	Cc1ccc(C(NC(CSC2CCCCC2)c2ccccc2)c2ccc(C)o2)c(C)n1	0.013249
rxn:2:94083:91784	CCC(CSc1ccc(OC)cc1)Nc1ccc(Oc2cccc(C)c2C)cc1	0.013230
rxn:2:88615:165267	Cc1ccnc(-c2ccsc2C(C)Nc2ccnn2-c2cc(CC(C)C)ccn2)c1	0.013212
rxn:2:114403:165749	C=C=Cc1ccc(C(Nc2nc(-c3ccc(C)cc3C)cs2)c2ncc[nH]2)cc1	0.013209
rxn:2:105402:75320	CCC(Nc1nc(-c2ccccc2OC(C)C)cs1)c1ccc(-n2cncn2)cc1	0.013146
rxn:2:94732:67764	CCCC(Cc1cccc2ccccc12)NCCc1ccc(C2CCCCC2)cc1	0.013143
rxn:2:88786:145900	Cc1cnc(-c2ccsc2C(C)NCc2cnn(-c3cncc(C4CC4)c3)c2)cc1C	0.013135
rxn:2:155009:152125	COc1cccc(-c2cc(C)c(NC(c3ccc(C)nc3)c3ccccc3C)cn2)c1	0.013132
rxn:2:75561:162938	C=C=Cc1ccc2oc(C(C)Nc3cc(-c4ccccc4OC)nc(C)n3)cc2c1	0.013128
rxn:2:141478:149505	CCc1cccc(Cn2ncnc2NC(C)c2cccc(-c3sccc3OC)c2)c1	0.013097
rxn:2:147257:82371	CC(Nc1n[nH]c2nccc(-c3ccccc3)c12)c1ncc(-c2ccc[nH]2)[nH]1	0.013075
rxn:2:76578:141822	Cc1cc(-c2ccsc2C(C)NCc2cnn(-c3cccnc3)c2C(C)C)cs1	0.013027
rxn:2:119055:153978	Cc1cc(-c2scnc2C)ccc1CNC(C)c1ncc(-c2ccccc2C)s1	0.013011
rxn:2:158098:159692	c1csc(-c2ccc3c(c2)CCC3Nc2cc3nccc(-c4cccs4)n3n2)c1	0.012963
rxn:2:127578:165696	CCC(Nc1ccc(-c2ccccn2)cc1OC)C1CC1c1c[nH]c2ccccc12	0.012947
rxn:2:144841:157399	Cc1ccc2c(c1)C(Nc1nonc1-c1nc3cc(C)ccc3[nH]1)Cc1sc(C)nc1-2	0.012943
rxn:2:74171:130491	CCC(CSc1nc2ccccc2o1)NC1(c2nc(C)cs2)CCCCCC1	0.012936
rxn:2:154280:70872	CC(CCN(C)Cc1cccs1)N[C@@H](c1cccs1)c1cccc2[nH]ccc12	0.012913
rxn:2:129147:72161	Cc1cc(C(Nc2cnn(-c3cccnc3C)c2C(C)C)c2ccccc2)c(C)s1	0.012866
rxn:2:149299:138557	CCC(Nc1ccc(-c2nc(C)cc(=O)[nH]2)cc1)c1cc(C)c(-c2ccccc2)s1	0.012864
rxn:2:149978:79547	CC(CCSc1ccc2c(c1)CCC2)Nc1cn2cc(-c3ccccc3)nc2cn1	0.012808
rxn:2:130977:151291	CCc1nc2ccccc2nc1C(CC)Nc1ccccc1CCn1cnc(C)c1C	0.012770
rxn:2:97269:152517	CCCc1cccc2ccc(C(C)Nc3nc(SC)nc(-c4cccs4)n3)nc12	0.012741
rxn:2:101999:134621	CCC(CSc1cc(C)ccc1C)Nc1nnc(C(CC)Oc2ccccc2)s1	0.012628
rxn:2:105022:154646	Cc1nc2ccccc2n1CCCC(C)Nc1[nH]nc(C(C)C)c1-c1cccs1	0.012602
rxn:2:155478:68892	Cc1nc2ccccc2n1CCC(C)Nc1nc(-c2ccc3[nH]c(=O)[nH]c3c2)cs1	0.012594
rxn:2:130864:72167	COc1ccc(-n2nccc2NC(CSc2nnc(C)s2)c2ccccc2)c(C)c1	0.012590
rxn:2:139355:70695	Cc1ccsc1C(C)C(C)CCNC(CSc1ccccc1)c1ccccc1	0.012582
rxn:2:128426:76289	CCC(Nc1ccnn1C(C)c1ccsc1)c1ccc(-c2csc(C)c2)cc1	0.012581
rxn:2:93845:150838	CCCc1ccc(-c2cc(NC(C)c3c(C)[nH]c4ccc(OC)cc34)[nH]n2)cc1	0.012539
rxn:2:69884:104221	CCc1ccccc1C(NC(C)c1ccccc1-c1ccncc1)c1ccccc1	0.012537
rxn:2:98647:173095	CC(C)CCN(C)c1nc(NC(C)c2ccc3sc4ccccc4c3c2)cs1	0.012523
rxn:2:77944:143037	Cc1ccc(C2Cc3oncc3C(Nc3onc(CCc4ccccc4C)c3C)C2)s1	0.012436
rxn:2:167830:170544	Cc1ccc2nc(C3(NC(C)c4sc5c(C)ccc(C)c5c4C)CCCC3)[nH]c2c1	0.012354
rxn:2:114343:162105	Cc1cccc(-c2ccccc2C(C)NCC(Sc2nncn2C)c2ccncc2)c1	0.012313
rxn:2:78688:124223	CCC(CC)N(C)c1ccc(C(C)Nc2cccc(C)c2N(C)Cc2cc[nH]c2)cc1	0.012313
rxn:2:85472:122394	CCc1nc(NC(c2cccc(C(C)C)c2)c2ccco2)oc1-c1sccc1C	0.012162
rxn:2:126129:163676	COc1ccc(C(N[C@H](c2ccsc2)c2ccccc2C)c2ccsc2)cc1C	0.012122
rxn:2:152253:108032	CCOc1ccc(C(Nc2c3c(nc4c(C5CC5)cnn24)CSC3)c2cccs2)cc1	0.012093
rxn:2:123489:157539	CCCOc1ccc(-n2nccc2NC(C)c2ccc(-c3ccccc3C)nc2)cc1	0.012065
rxn:2:141081:173190	Cc1cc(C)cc(-c2csc(C(C)Nc3ccccc3-c3nc(C4CC4)n[nH]3)c2)c1	0.012065
rxn:2:165375:117403	Cc1ccccc1C(CN1CCC(C)C1)Nc1ccc2[nH]c(-c3ccccc3)cc2c1	0.012064
rxn:2:137996:121411	CCCC(Cc1nc2ccccc2o1)Nc1ccccc1Cc1cccc(OC)c1	0.012021
rxn:2:106022:131697	Cc1cccc(-c2nnc(C(C)NC(CCC(C)C)c3c[nH]c4ccccc34)o2)c1	0.012001
rxn:2:153778:164150	CCn1ncc(C)c1-c1cnc(C(C)Nc2nnc(-c3ccc4ccccc4c3)o2)s1	0.011982
rxn:2:108454:67721	Cc1cc(C(NC(Cc2ccsc2)c2cc3c(s2)CCC3)c2ccccn2)cs1	0.011982
rxn:2:139024:97366	Cc1ccc(-c2cc[nH]c2)c(C(C)NC(C)(C)c2[nH]nc(-c3ccccc3)c2C)c1	0.011939
rxn:2:150087:84953	CCC(Nc1ccc2nc(-c3scnc3C)oc2c1)c1cc(OC)c(OC)cc1OC	0.011900
rxn:2:159528:115745	CCSCC(Nc1cc(-c2cccc(C)c2)cn(C)c1=O)c1cccc2ccccc12	0.011894
rxn:2:149067:123274	Cc1cccc(SC2CCCC(NCc3ccc(-c4nc5ccccc5s4)o3)C2)c1	0.011750
rxn:2:153840:155258	CCc1sc2ncc(NC3CCc4cc(-c5ccco5)ccc43)n2c1-c1ccco1	0.011743
rxn:2:72748:160570	CCC(NC(C)c1ncsc1-c1ccc(OC)cc1)c1cnc(SC(C)(C)C)cc1C	0.011725
rxn:2:97225:128036	CCc1ccc([C@H](NC2CC(COc3nc4ccccc4s3)C2)c2ccsc2)s1	0.011678
rxn:2:93401:79296	COc1ccc(C(C)(C)CC(C)N[C@H](CCC(C)C)c2cccc3[nH]ccc23)cc1C	0.011635
rxn:2:118541:132442	Cc1ccc(C(NCC(Sc2ccccc2)c2ccccc2)C(C)CN(C)C)cc1C	0.011625
rxn:2:164240:148891	Cc1ccc(-c2noc(C)c2C(C)Nc2ccc(-c3cn4nc(C)sc4n3)cc2)cc1	0.011599
rxn:2:156887:166752	Cc1ccc2c(C(CC3CC3)Nc3cn4c(Cc5cccs5)nnc4cn3)c[nH]c2c1	0.011550
rxn:2:74384:104326	CCc1ccc(OCc2cc(NC(c3ccsc3)c3cc(C)ccc3C)on2)cc1	0.011532
rxn:2:93486:168901	Cc1ccc(C(Nc2cn(-c3cccnc3)nc2CC(C)C)c2sccc2C)cc1C	0.011505
rxn:2:144626:118138	CC(Nc1c(-c2ccccc2)sc2ncccc12)c1cccc(OCC2CCCO2)c1	0.011434
rxn:2:102391:153346	Cc1cc(C)nc(-c2ccc(C(C)NCCc3c[nH]c4ccc(C(C)C)cc34)s2)c1	0.011411
rxn:2:71905:154796	CCCc1nc(-c2cnn(C)c2)c(NC(c2c[nH]c3cccc(C)c23)C(C)CC)s1	0.011399
rxn:2:75027:115306	CCCc1nn(-c2ccnc(C)c2)cc1NC(C)c1sccc1-c1ccc(OC)cc1	0.011229
rxn:2:135921:157764	Cc1ccc(C)c(C(NC(C)c2ncccc2-c2cc(C)sc2C)c2ccc(C)o2)c1	0.011179
rxn:2:152585:71536	CCC(C)C(Nc1cnc(Sc2cccc(C)c2)c(C)c1)c1cc2ccccc2o1	0.011115
rxn:2:98875:171089	CCc1sc(NC(C)c2ccccc2-c2cc(C)sc2C)nc1-c1ccc(C)cc1	0.011066
rxn:2:161430:166631	Cc1ccc2cc(C(C)(C)CNC(C)c3ccc(-c4cc(=O)c(C)c[nH]4)s3)[nH]c2c1C	0.011033
rxn:2:163218:125211	CCCC(CNc1nc2c(s1)CCc1c(OC)cccc1-2)c1cccc2ccccc12	0.011027
rxn:2:70026:158433	COc1ccc(C(Nc2cc(SC(C)C)c3ccn(C)c3c2)c2sccc2C)cn1	0.010947
rxn:2:130287:155695	CCOc1ccc(NC(CC(C)C)c2cc(C)c3ccsc3n2)cc1-c1cnn(C)c1	0.010942
rxn:2:78245:157269	CSc1ncc2cc(C(C)NC3CCN(Cc4cc5ccccc5s4)C3)c(=O)[nH]c2n1	0.010917
rxn:2:91985:119574	Cc1ccc(C(NC(c2ccccc2)C(C)c2ccccc2)c2ccccc2C)cc1	0.010806
rxn:2:97648:152125	CCCC[C@@H](NC(c1ccc(C)nc1)c1ccccc1C)c1csc2ccccc12	0.010743
rxn:2:105490:66253	COc1ccccc1-c1c(C)n[nH]c1NC(C)c1ccccc1SCc1ccco1	0.010709
rxn:2:146626:103024	Cc1nnc(SCC(Nc2cccc(-c3cc4scnc4[nH]3)c2)c2ccco2)s1	0.010458
rxn:2:99163:102816	C[C@@H](NC(CSc1nnc[nH]1)c1cccs1)c1cccc(S(F)(F)(F)(F)F)c1	0.010438
rxn:2:163873:153064	Cc1ccc(-c2ncc(C(C)NCCn3c4ccccc4c4ccccc43)s2)c(C)c1	0.010357
rxn:2:128408:167378	CC[C@H](NC(C)c1cc(-c2cnccc2OC)cs1)c1ccc(-c2ccccc2)cc1	0.010320
rxn:2:126225:81154	Cc1cnc(SCC(Nc2ccc(CCc3cccnc3)cc2)c2cccs2)s1	0.010273
rxn:2:138591:153408	Cc1cccc(C(Nc2ccccc2CCCc2ccccc2)c2ccccc2C)c1	0.010221
rxn:2:137421:172618	CSc1nc(NC(C)c2cc(-c3cc4sccc4s3)cs2)cc2ncnn12	0.010120
rxn:2:78621:157206	CC(NC(c1cccc2ccccc12)C(C)(C)C)c1ccc(-c2nn3ccnc3s2)s1	0.010087
rxn:2:98315:153252	C=C=Cc1ccc(C(Nc2ccc3nc(C4CCCCC4)[nH]c3c2)c2ccccc2)s1	0.010037
rxn:2:81096:172618	Cc1ccc(C)c(-n2ncc(NC(C)c3cc(-c4cc5sccc5s4)cs3)c2C)c1	0.009823
rxn:2:104053:167309	CCOc1ccc([C@H](NC(C)c2cc3cc(OC)c(OC)cc3s2)c2ccsc2)cc1	0.009736
rxn:2:121177:154639	CSc1ccc(-c2cc(C)cnc2NC(C)CC(C)(C)c2c[nH]c3ccccc23)cc1	0.009682
rxn:2:148747:125333	CCC(Nc1onc(-c2ccn[nH]2)c1-c1cccs1)c1ccc(-c2cc[nH]c2)cc1	0.009637
rxn:2:98113:101679	CCCc1nc(-c2ccccn2)sc1CNC(CSc1nncs1)c1cc(C)[nH]c1C	0.009507
rxn:2:155590:171182	CCC(NCc1cc(-c2cc3ccccc3o2)on1)c1cccc(-c2sccc2C)c1	0.009484
rxn:2:153173:168096	Cc1cccc(Cc2ncc(C(C)Nc3cc(-c4c[nH]c5ccc(C)cc45)n[nH]3)s2)c1	0.009477
rxn:2:133805:163341	Cc1cccc(CC(Nc2cccc(C(C)SCc3ccco3)c2)c2occc2C)c1	0.009433
rxn:2:98002:170892	CC(NCCc1cnc(Cc2ccccn2)nc1)c1ccc(-c2cc3sccc3s2)s1	0.009401
rxn:2:154419:81154	Cc1ccc2oc(-c3nnc(NC(CSc4ncc(C)s4)c4cccs4)o3)cc2c1	0.009297
