name	smiles	heuristic
rxn:3:59937:3886:111034	CC1CC1(C)NC(=O)C12CCC(n3cc(C4CN(C)C4)nn3)C1C2	0.037939
rxn:3:62154:39619:68655	CCC1(CNC(=O)[C@H](C)n2cc(CN3CCCCC3C)nn2)CCCCO1	0.029292
rxn:3:52745:11968:105553	Cc1ccc(C(=O)NC2(C)CC2)cc1C1CC1CCn1cc(CC2CC2)nn1	0.026956
rxn:3:48005:23144:106494	COCC(NC(=O)c1sccc1-n1cc(C2CN(C(C)C)C2)nn1)C1CCC1	0.026203
rxn:3:59969:279:74328	CCC1(CC)CCC(NC(=O)[C@@]23C[C@@H](n4cc(Cc5nncs5)nn4)[C@@H]2C3)CC1	0.025825
rxn:3:59882:35117:115664	C=C(C)c1cn(CCc2ccc(C(=O)NC3(COC)CC4CCC3C4)cc2)nn1	0.025660
rxn:3:49156:31186:96270	COCC(C(=O)NCC(F)C1CCC1)n1cc(C2CCN(C3CC3)CC2)nn1	0.024834
rxn:3:55883:3157:106588	CC(F)(F)C(C)(C)c1cn(CC2CC2c2cccc(C(=O)N[C@@H]3CC[C@@H]3F)n2)nn1	0.024699
rxn:3:61929:1298:125376	C[C@H](C(=O)NC1CCC(C)(S(C)(=O)=O)CC1)n1cc(-c2cnc(C(F)(F)F)s2)nn1	0.024260
rxn:3:59818:3295:132259	CCn1cnc(-c2cn(-c3ccc(F)c(C(=O)N[C@H](C)[C@@H](C)OC)c3)nn2)c1	0.024070
rxn:3:49156:29675:103220	CC[C@H](NC(=O)C(COC)n1cc(-c2cc(F)cc(F)c2C2CC2)nn1)C1CC1	0.023914
rxn:3:58119:23148:108745	O=C(N[C@@H]1C[C@@H]1F)c1ccc(F)cc1CCCn1cc(C2CN(CCF)C2)nn1	0.023889
rxn:3:42621:31765:115518	C[C@]1(CNC(=O)c2ccccc2Cn2cc(-c3csc(C#N)c3)nn2)CCOC1	0.023372
rxn:3:61524:3087:66403	O=C(NC(C1CC1)C1COCCO1)C1(n2cc(C(F)(F)c3ccccc3)nn2)CCCC1	0.022113
rxn:3:58131:12099:133399	CCCc1cn(CCCc2cccc(C)c2C(=O)NC2(C)CC(C)(C)CC2C)nn1	0.021907
rxn:3:62737:39395:134640	CC[C@@H](C(=O)NCC1CC2CCC1C2)N1CC(Cn2cc(-c3cncs3)nn2)CC1=O	0.021880
rxn:3:40562:2099:127475	CC(c1cn(CC=Cc2ccnc(C(=O)NC[C@H]3CCCC[C@H]3F)c2)nn1)C1CCC1	0.021726
rxn:3:60588:23152:126202	CC(C)C[C@H](C(=O)NC(C)C1Cc2ccccc21)n1cc(CC2CN(C(C)C)C2)nn1	0.021596
rxn:3:56470:2577:128225	CC(C)(CF)c1cn(CC2CC2c2cc(F)c(C(=O)NC3C[C@@H]4CC[C@H]4C3)cc2F)nn1	0.021254
rxn:3:50431:3886:79075	CO[C@H]1C[C@H](CNC(=O)c2ccc(C3C(Cn4cc(C5CN(C)C5)nn4)C3(F)F)cn2)C1	0.020841
rxn:3:48101:6377:105211	Cc1ncnc(-c2cn(-c3cccc(OCC(=O)NC4CSCSC4)c3)nn2)c1C	0.020753
rxn:3:57881:38604:110352	CCNC(=O)c1cncc(CCCn2cc(C3(c4ccccn4)CCCC3)nn2)c1	0.020750
rxn:3:64740:2503:110652	CSc1cn(CC2CC(=O)N(c3ccc(C(=O)NC4CC5CCC(C4)C5F)nn3)C2)nn1	0.020612
rxn:3:59990:29402:97230	C[C@H](CC(=O)NC12CCC(F)(F)C1C2)n1cc(-c2ccc(C(F)(F)F)cc2N(C)C)nn1	0.020563
rxn:3:45611:7783:94698	CC(C)N1CCCC1(C)c1cn(CCC=Cc2ccc(C(=O)N[C@@]3(C)CC3(F)F)o2)nn1	0.020492
rxn:3:61930:12141:116092	CO[C@@H]1COCC[C@H]1NC(=O)[C@@H](CCSC)n1cc(C(F)(F)c2ccc(F)cc2)nn1	0.020090
rxn:3:63988:32277:81124	Cc1cnc(-c2cn(CC3CC(=O)N(CC(=O)NC[C@H]4OCC[C@H]4C(C)C)C3)nn2)cc1F	0.019619
rxn:3:58105:38940:89742	O=C(N[C@H]1C[C@H]2CC[C@H](O2)[C@H]1F)c1cccc(CCCn2cc(CC3CCCC3)nn2)c1F	0.019538
rxn:3:62323:18811:67708	CCC(C)n1nccc1-c1cn(CC(C)C(=O)Nc2ccc(SC)cc2C)nn1	0.019115
rxn:3:48103:12104:129725	CCc1cn(-c2ccccc2OCC(=O)NC(c2ccsc2)C2CCCCC2)nn1	0.018955
rxn:3:60588:2530:128854	CCOCc1ccccc1NC(=O)[C@@H](CC(C)C)n1cc(-c2cccnc2C)nn1	0.018935
rxn:3:60038:24123:131633	O=C(N[C@@H]1CCOC2(CCCC2)C1)C1CCCC(n2cc(C3CCCN(CC(F)(F)F)C3)nn2)C1	0.018704
rxn:3:55465:283:110191	O=C(NC1CCCCCC1)c1cnc(C2CC2Cn2cc(Cc3cscn3)nn2)s1	0.018610
rxn:3:61917:2541:127228	CCC(C)(CC)CNC(=O)[C@H](COC(C)(C)C)n1cc(-c2cccc(C(F)(F)F)n2)nn1	0.018590
rxn:3:55248:38703:75680	CC(C)CNC(=O)c1cscc1C1CC1Cn1cc(-c2cncc(C(F)(F)F)c2)nn1	0.018446
rxn:3:46060:30453:78172	CO[C@@H]1CC[C@@H](NC(=O)c2cc(C=CCCn3cc(-c4cnn(C)c4C)nn3)ccn2)C1	0.018252
rxn:3:45154:12229:110625	COc1cc2c(cc1OC)C(NC(=O)Cc1ccc(-n3cc(C45CC(C4)C5)nn3)cc1)CC2	0.018228
rxn:3:55594:2690:75502	CC(F)(F)C1(c2cn(CC3CC3c3ccc(C(=O)N[C@]4(C)CC[C@@H](C)CC4)cc3)nn2)CC1	0.018220
rxn:3:49499:2625:124987	CC1CCCC(CCNC(=O)[C@H]2C[C@H](Cn3cc(-c4ccc5c(ccn5C)c4)nn3)C2)C1	0.018196
rxn:3:60588:38324:66147	COCCC1(CNC(=O)[C@@H](CC(C)C)n2cc(-c3ccc(C)cc3)nn2)CC2CCC1C2	0.018077
rxn:3:64709:21278:102497	CC(C)OCC(C)(C)CNC(=O)c1ccc(N2CC(Cn3cc(C(C)(C)C)nn3)CC2=O)cn1	0.017759
rxn:3:59818:7012:123660	CC(C)c1ccccc1NC(=O)c1cc(-n2cc(Cn3nccn3)nn2)ccc1F	0.017693
rxn:3:62645:491:96918	Cc1cnc(-c2cn(CC3CC(=O)N(C(C)C(=O)NC45CC(C6CCOCC6)(C4)C5)C3)nn2)c(C)n1	0.017436
rxn:3:58111:39693:132350	COCC1CC1CNC(=O)c1ccc(CCCn2cc(-c3ncccn3)nn2)cc1F	0.017337
rxn:3:62666:2589:113151	CC(CC(=O)NCC1(C)CC1)N1CC(Cn2cc(-c3c4ccccc4nn3C)nn2)CC1=O	0.017255
rxn:3:49115:34484:80443	COC(Cn1cc(-c2ccnn2C(C)C)nn1)C(=O)Nc1ccccc1CS(C)(=O)=O	0.017190
rxn:3:61926:32704:92333	C[C@H](CNC(=O)[C@@H](COC(C)(C)C)n1cc(Cc2ncc(F)cn2)nn1)c1ccccc1	0.017173
rxn:3:41310:12104:68884	CCc1cn(CC=Cc2cccc(C3(C(=O)NC4CCC(S(=O)(=O)C(C)C)CC4)CC3)c2)nn1	0.017167
rxn:3:40763:2679:104635	CC1OCC1NC(=O)c1cc(F)ccc1C=CCn1cc(-c2cccnc2C(F)(F)F)nn1	0.017155
rxn:3:50431:8607:102409	CN(C)C(c1cn(CC2C(c3ccc(C(=O)NC4COCC4(F)F)nc3)C2(F)F)nn1)C1CC1	0.017130
rxn:3:55881:7851:90143	CN(C)C1(c2cn(CC3CC3c3cc(C(=O)NC4Cc5cocc5C4)ccn3)nn2)CCCC1	0.017118
rxn:3:58229:35036:107613	O=C(NCC1CC2CC1CC2F)c1cc(CCCn2cc(-c3ccncc3)nn2)ncc1F	0.017100
rxn:3:45154:160:102307	CC1CCC(NC(=O)Cc2ccc(-n3cc(-c4sccc4C(F)(F)F)nn3)cc2)C1(C)C	0.017028
rxn:3:56114:37853:136687	CN(C)c1ccc(-c2cn(CC3CC3c3ccc(C(=O)NCC(C)(F)F)cc3F)nn2)s1	0.016812
rxn:3:62650:1156:134263	CCn1ccnc1-c1cn(CC2CC(=O)N([C@H](C(=O)N[C@H]3C[C@H](CC(C)(C)C)C3)C(C)(C)C)C2)nn1	0.016636
rxn:3:43458:7707:72363	CCOCC(C(=O)NC(c1cccc(CC)c1)C1CC1)n1cc(-c2ncc(C)s2)nn1	0.016577
rxn:3:48101:5564:141525	Cn1ncc2c(-c3cn(-c4cccc(OCC(=O)NCC5CC5)c4)nn3)ncnc21	0.016559
rxn:3:40007:38590:118002	O=C(NCC1OC2CCC1CC2)c1cscc1C=CCn1cc(-c2cc(F)cc(F)c2)nn1	0.016492
rxn:3:58120:2881:87487	O=C(NC1CC12CCSC2)c1cc(F)ccc1CCCn1cc(Cc2ccc(F)cn2)nn1	0.016467
rxn:3:40556:32405:89930	CCC1CC(NC(=O)c2ncccc2C=CCn2cc(-c3c(C)cc(F)cc3C)nn2)CCO1	0.016414
rxn:3:57778:5189:134150	CC(Cc1ccc(F)cc1)c1cn(CCCc2cnc(C(=O)NCC3COC3)nc2)nn1	0.016339
rxn:3:57295:37805:113333	Cc1nnsc1-c1cn(CCCc2sccc2C(=O)NCC2CCC(C(C)C)C2)nn1	0.016334
rxn:3:50160:38961:98144	Cc1cc(C)cc(-c2cn(CC3C(c4ccc(C(=O)NC5CC6CCC65)cc4)C3(F)F)nn2)c1	0.016234
rxn:3:61928:31280:126421	CC(C)[C@H](C(=O)NC1CCCc2c(OCC3CC3)cccc21)n1cc([C@]23CCCN2C[C@H](F)C3)nn1	0.016230
rxn:3:61929:28708:130466	C[C@H](C(=O)NC[C@@H]1C[C@H]1c1ccccc1)n1cc(-c2cccnc2-n2ccnc2)nn1	0.016225
rxn:3:40563:6329:116469	CC1(C)[C@@H]2C[C@H](NC(=O)c3ccncc3C=CCn3cc(Cn4nnc5c4CCCC5)nn3)C[C@@H]21	0.016196
rxn:3:59897:8819:84979	O=C(N[C@@H]1CC[C@H]2[C@H]3CC[C@H](C3)[C@H]21)c1cccc(Cn2cc(CN3CCc4ccccc4C3)nn2)n1	0.016053
rxn:3:41310:39389:84957	O=C(N[C@H]1COCC(F)(F)C1)C1(c2cccc(C=CCn3cc(Cn4cncn4)nn3)c2)CC1	0.015974
rxn:3:45333:2089:111146	Cc1csc(-c2cn(-c3cccc(C=CCC(=O)NCC4(C)CC5CCC4C5)c3)nn2)c1	0.015941
rxn:3:62646:263:99666	CC(C)(C)C(C(=O)NCC12CCC(C1)C(C)(C)C2)N1CC(Cn2cc(Cc3cccnn3)nn2)CC1=O	0.015891
rxn:3:62323:20121:74203	CC(Cn1cc(CN2c3ccccc3Sc3cccnc32)nn1)C(=O)NCC12C3C4C5C3C1C5C42	0.015849
rxn:3:61917:39598:129621	CCc1cc2c(o1)C(C(C)NC(=O)[C@H](COC(C)(C)C)n1cc(CN(C)C(C)(C)C)nn1)CCC2	0.015840
rxn:3:52714:7624:103707	CC1COCC1NC(=O)c1ccc(F)c(C2CC2CCn2cc(-c3ccc(C#N)cc3F)nn2)c1	0.015835
rxn:3:61926:23774:115765	CC(C)(C)OC[C@H](C(=O)N[C@@]12C[C@@H]3C[C@@](C)(C[C@@](C)(C3)C1)C2)n1cc(C2(n3cc(F)cn3)CCC2)nn1	0.015620
rxn:3:50656:2088:98802	CCCC(C)(C)c1cn(CC2C(c3cc(C(=O)NC[C@H]4C[C@@H]5CC[C@H]4O5)ccc3F)C2(F)F)nn1	0.015606
rxn:3:54198:8654:117532	CSC1(c2cn(CCC3C(c4ccc(C(=O)NCC5CCSC5(C)C)cn4)C3(F)F)nn2)CC1	0.015569
rxn:3:58257:826:110290	Cc1cc(CCCn2cc(-c3ncccc3F)nn2)cnc1C(=O)NC1CCC2SCCSC12	0.015540
rxn:3:56165:18624:71821	Cc1nn(CCC#N)cc1-c1cn(CC2CC2c2ccccc2CC(=O)NC2CCCO2)nn1	0.015491
rxn:3:41437:31916:89994	CSC[C@@H](C)NC(=O)c1cccc2c(C=CCn3cc(CN4CC(C)(C)C4)nn3)cccc12	0.015375
rxn:3:45123:3287:121042	COc1cccc2c1[C@@H](NC(=O)C(C)Oc1ccc(-n3cc(C(C)(C)C(F)(F)F)nn3)cc1)CO2	0.015314
rxn:3:64709:38763:94880	Cc1ncsc1-c1cn(CC2CC(=O)N(c3ccc(C(=O)NC(C)C4CCCCC4)nc3)C2)nn1	0.015309
rxn:3:60928:787:91501	CCC(C)CC(NC(=O)c1cccnc1Cn1cc(C2CCN(C)CC2)nn1)c1ccsc1	0.015227
rxn:3:46054:30323:124194	CC(C)n1ccc(-c2cn(CCC=Cc3ccc(C(=O)NCC4CCC(C)(C)O4)nc3)nn2)n1	0.015191
rxn:3:62829:38969:112245	CC(C)(c1ccccc1)c1cn(CC2CC(=O)N([C@H](C(=O)N[C@@]3(C)[C@@H]4COC[C@@H]43)C3CCCCC3)C2)nn1	0.015164
rxn:3:64276:23143:127348	CCc1cccc(NC(=O)[C@H]2CC[C@@H](N3CC(Cn4cc(C5CN(CC)C5)nn4)CC3=O)CC2)c1OC	0.015102
rxn:3:55248:23148:118582	CC(CNC(=O)c1cscc1C1CC1Cn1cc(C2CN(CCF)C2)nn1)c1cccs1	0.015046
rxn:3:58112:39499:66355	CC1(C)CCC(c2cn(CCCc3cc(F)cc(C(=O)NC4CCC5(CC4)CS(=O)(=O)C5)c3)nn2)CC1	0.014971
rxn:3:64729:826:107252	O=C(N[C@@H]1CCO[C@H]1C1CC1)c1ccc(N2CC(Cn3cc(-c4ncccc4F)nn3)CC2=O)nc1	0.014970
rxn:3:59990:2611:81142	CCCC(CC)(NC(=O)C[C@@H](C)n1cc(C(C)(C)c2ccccn2)nn1)c1ccccc1	0.014955
rxn:3:45841:2927:106017	CSCCc1cn(CCC=Cc2ccc(C(=O)NC3CCOc4c(C)cccc43)cc2)nn1	0.014920
rxn:3:45142:359:122749	Cn1ncc(-c2cn(-c3ccc(OCC(=O)NCCC4CC5(COC5)C4)cc3)nn2)c1C(F)(F)F	0.014906
rxn:3:45332:8634:88637	COCc1csc(CNC(=O)CC=Cc2ccccc2-n2cc(C3(N(C)C)CCC3)nn2)c1	0.014768
rxn:3:62653:38366:134661	CC(C)C(C(=O)NCC1CCOCO1)N1CC(Cn2cc(-c3cccc4nccn34)nn2)CC1=O	0.014749
rxn:3:64509:7669:80470	Cc1cccc2sc(-c3cn(-c4cncc(C(=O)NC[C@]56COC[C@H]5C6(F)F)c4)nn3)nc12	0.014644
rxn:3:56473:710:100614	CCC(C)Cc1cn(CC2CC2c2ccc(F)c(C(=O)NCC3(C4CCCO4)CCC3)c2F)nn1	0.014618
rxn:3:40747:258:119324	Cn1cnnc1Cc1cn(CC=Cc2cc(C(=O)NC3CCCC(OC4CC4)C3)ccc2F)nn1	0.014469
rxn:3:41042:31795:118347	CO[C@@H]1CC[C@H]1CNC(=O)Cc1ccc(C=CCn2cc(-c3cc(F)cnc3C#N)nn2)cc1F	0.014458
rxn:3:61926:39693:118847	CC[C@H](NC(=O)[C@@H](COC(C)(C)C)n1cc(-c2ncccn2)nn1)c1cc(OC)ccc1OC	0.014170
rxn:3:61929:15526:83712	CC(C)Cc1nn(Cc2cn([C@H](C)C(=O)N[C@H]3COc4c3cccc4S(C)(=O)=O)nn2)cc1C#N	0.014170
rxn:3:50431:38560:108467	CC1(C)C2COC1(CNC(=O)c1ccc(C3C(Cn4cc(-c5ccc(C#N)cn5)nn4)C3(F)F)cn1)C2	0.014157
rxn:3:56158:23193:95052	Cc1cc(C2CC2Cn2cc(CC3(C(F)F)CCC3)nn2)ccc1C(=O)NCC1CC12CC2(F)F	0.014151
rxn:3:55884:39531:133623	CC(C)N1CCN(Cc2cn(CC3CC3c3ccc(C(=O)NCC4CCCC5(CCC5)C4)cn3)nn2)CC1	0.014148
rxn:3:46061:39518:84646	O=C(N[C@H]1CCC[C@H](F)C1)c1ccncc1C=CCCn1cc(-c2ccc(C(F)F)cc2)nn1	0.014120
rxn:3:40748:8716:84050	CCc1cc(NC(=O)c2cccc(C=CCn3cc(C4CC4(F)F)nn3)c2F)c(C(C)C)o1	0.014065
rxn:3:40303:283:102289	CC1(C)CCC(CCNC(=O)c2ccc(C=CCn3cc(Cc4cscn4)nn3)cc2)CC1	0.014020
rxn:3:40007:2703:70212	CC1C(NC(=O)c2cscc2C=CCn2cc(C3(C(F)(F)F)CC3)nn2)CC1c1ccccc1	0.013974
rxn:3:55594:16799:79028	CCc1c(-c2cn(CC3CC3c3ccc(C(=O)NC4CCC(C)SC4)cc3)nn2)cnn1C1CC1	0.013946
rxn:3:63565:11684:73545	CCCCc1cn(CC2CC(=O)N(c3c(C)cc(C)cc3C(=O)NC3CCSC4(CCCC4)C3)C2)nn1	0.013854
rxn:3:63787:3706:87775	Cc1cccc(C(=O)NC2C3CC4COC2C4C3)c1N1CC(Cn2cc(CN3CCSC(C)(C)C3)nn2)CC1=O	0.013814
rxn:3:51871:23105:69517	CC(C)CC1(CNC(=O)c2sccc2C2CC2CCn2cc(C3CN4CCN3CC4)nn2)CCOCC1	0.013729
rxn:3:46060:8716:141304	CCc1ccc(C2(C)CC2NC(=O)c2cc(C=CCCn3cc(C4CC4(F)F)nn3)ccn2)s1	0.013700
rxn:3:57294:6523:98238	CC1(C)CC(CC(C)(C)c2cn(CCCc3ccc(C(=O)NC4CC5(CCOCC5)C4)s3)nn2)C1	0.013623
rxn:3:40302:23173:103467	Cc1cccc([C@@H](C)NC(=O)c2cccc(C=CCn3cc(C4CCN(CCF)CC4)nn3)c2)c1	0.013606
rxn:3:58106:8711:114633	CC1(C)CC1c1cn(CCCc2ccc(C(=O)N[C@@H](CC3CC3)c3ccco3)cc2F)nn1	0.013550
rxn:3:52492:23153:127507	CC(C)CN1CC(Cc2cn(CCC3CC3c3cnccc3C(=O)NC3C(C)CCC(C)C3C)nn2)C1	0.013542
rxn:3:50432:2653:103343	CC(C)(CC1CCCCC1)c1cn(CC2C(c3cccnc3C(=O)NCC3CCCOC3)C2(F)F)nn1	0.013540
rxn:3:55884:23808:125075	O=C(NC1CCOCC12CCCC2)c1ccc(C2CC2Cn2cc(C3(n4cncn4)CCCC3)nn2)nc1	0.013465
rxn:3:60038:2936:141172	Cc1ccc(F)c(-c2cn(C3CCCC(C(=O)NC4CC(C(C)C)c5ccccc54)C3)nn2)c1F	0.013445
rxn:3:41106:6299:67191	COc1cc(C=CCn2cc(Cn3nnc4c3CCCCC4)nn2)cc(C(=O)N[C@H]2[C@@H]3COC[C@@H]32)c1	0.013436
rxn:3:58256:6354:94474	Cc1cnc(C(=O)NC2CCC3(CCCC3)CC2)c(CCCn2cc(-c3ccc(F)c(C)n3)nn2)c1	0.013392
rxn:3:49499:31491:98554	Cc1c(F)cncc1-c1cn(C[C@H]2C[C@H](C(=O)NCC(F)(F)c3ccc(CC(C)C)cc3)C2)nn1	0.013344
rxn:3:58133:12216:106004	COC1CCC(NC(=O)c2ccc(CCCn3cc([C@@H]4CN(C5CCC5)C[C@H]4F)nn3)c(C)c2)C(OC)C1	0.013317
rxn:3:59897:37805:125708	Cc1nnsc1-c1cn(Cc2cccc(C(=O)NCc3cc4cccc(C)c4o3)n2)nn1	0.013295
rxn:3:61917:7147:131131	COCC1(NC(=O)[C@H](COC(C)(C)C)n2cc(-c3cncc4c3cnn4C(C)(C)C)nn2)CCOCC1	0.013194
rxn:3:61928:31724:122019	Cc1ccc(C(F)(F)CNC(=O)[C@@H](C(C)C)n2cc(-c3ccc(N4CCN(C)CC4)cc3)nn2)c(C)c1	0.013139
rxn:3:45332:6366:69028	CCC1CCCCC1CNC(=O)CC=Cc1ccccc1-n1cc(-c2ccnc(C3CC3)n2)nn1	0.013038
rxn:3:56514:31170:99574	COc1cccc(C2CC2Cn2cc(-c3cc(C(C)C)ccn3)nn2)c1C(=O)N[C@@H]1C[C@H]2CC[C@@H](C1)O2	0.012987
rxn:3:63249:7625:111131	COc1ccc(N2CC(Cn3cc(-c4cccc(F)c4C#N)nn3)CC2=O)c(C(=O)NCC2C3CCC32)c1	0.012975
rxn:3:59969:39404:110788	CCCCC(NC(=O)[C@@]12C[C@@H](n3cc(CN(C)c4cnc(C#N)cn4)nn3)[C@@H]1C2)c1ccc(C)cc1	0.012903
rxn:3:64208:28549:131640	CC(CC1CCC1)c1cn(C(C)(C)CC(=O)NC2(c3cccs3)CCC(C(C)(C)C)CC2)nn1	0.012894
rxn:3:59957:6154:89689	CC[C@H](NC(=O)C[C@H](C)n1cc(-c2nnc(C)s2)nn1)c1cccc(-c2ccccc2)c1	0.012876
rxn:3:52488:3194:95904	Cc1cc(F)c(-c2cn(CCC3CC3c3cccc(C(=O)NC4CC5(C4)CC5(F)F)n3)nn2)c(F)c1	0.012853
rxn:3:40856:17524:87361	CN(C)Cc1cc(C2CCC2)n(Cc2cn(C3(C(=O)NC4CC5(CCCC5)c5ccccc54)CC3)nn2)n1	0.012698
rxn:3:60637:28708:128112	CCC(NC(=O)c1cc(-n2cc(-c3cccnc3-n3ccnc3)nn2)ccc1OC)C1COC1	0.012689
rxn:3:52483:6369:118957	CC(C)(C)c1ccc(-c2cn(CCC3CC3c3cncc(C(=O)NCC4CCC(F)(F)C4)c3)nn2)nn1	0.012676
rxn:3:62035:7679:132806	O=C(NC(C1CCC1)C1CC1)c1cccc(Cn2cc(-c3nc4ccc(F)cc4s3)nn2)c1	0.012667
rxn:3:42621:18675:66069	CC(C)c1nn(C2CCCCC2)cc1-c1cn(Cc2ccccc2C(=O)NC2CCCC23CC3)nn1	0.012563
rxn:3:56163:6320:95197	O=C(Cc1cccc(C2CC2Cn2cc(Cn3nnc4c3CCSC4)nn2)c1)NCCC1CCCC1	0.012538
rxn:3:63706:28354:132174	CSC(C)(C)c1cn(CC2CC(=O)N(c3cc(C)cc(C(=O)Nc4ccc(S(C)(=O)=O)cc4)c3)C2)nn1	0.012435
rxn:3:56502:38940:89148	COc1c(C(=O)NC2CCCC(C3CCOCC3)C2)cccc1C1CC1Cn1cc(CC2CCCC2)nn1	0.012364
rxn:3:58257:12183:136217	Cc1cc(CCCn2cc(C3(C(F)F)CCC3)nn2)cnc1C(=O)NC1(c2ccsc2)CCOCC1	0.012302
rxn:3:63963:2210:133348	CC(C)(c1cn(CC2CC(=O)N(C3(C(=O)Nc4ccc(CS(C)(=O)=O)cc4)CCCC3)C2)nn1)N1CCCCC1	0.012285
rxn:3:64679:7379:100171	Cc1cccc(C)c1SCc1cn(CC2CC(=O)N(c3ccc(C(=O)NC4COCC4F)cc3)C2)nn1	0.012247
rxn:3:40946:7081:73114	CSC1(CNC(=O)c2ncc(C)cc2C=CCn2cc([C@H]3CC[C@H](C(F)F)CC3)nn2)CCCCC1	0.012215
rxn:3:41062:27942:70390	Cc1cc(C=CCn2cc(-c3cnccc3N(C)C)nn2)cc(C)c1C(=O)NC1CC(C)CC(C)(C)C1	0.012206
rxn:3:56139:2719:95848	Cc1cccc(C(=O)NCCC2CC(C)(C)CO2)c1C1CC1Cn1cc(-c2cn(C)nc2C(F)F)nn1	0.012178
rxn:3:40856:12144:132213	Cn1cc(C(F)(F)c2cn(C3(C(=O)NCCC(c4ccco4)c4cccs4)CC3)nn2)cn1	0.012175
rxn:3:40441:3706:100590	Cc1cc(NC(=O)c2ncc(C=CCn3cc(CN4CCSC(C)(C)C4)nn3)cn2)cc(OC2CC2)c1	0.012135
rxn:3:56124:31474:117069	Cc1scnc1-c1cn(CC2CC2c2cccc(F)c2C(=O)NCC(C)(C)COC2CCOC2)nn1	0.012131
rxn:3:51871:7122:120786	CC1(C)[C@H]2CC[C@@H](CNC(=O)c3sccc3C3CC3CCn3cc([C@@H]4C[C@@H]4CN4CCCC4)nn3)[C@@H]1C2	0.012061
rxn:3:40768:6303:109503	Cc1cccc(C(=O)NC2CCO2)c1C=CCn1cc(Cn2nncc2-c2ccccc2F)nn1	0.012054
rxn:3:62888:6361:115943	Cc1nnc2c(-c3cn(CC4CC(=O)N(C(C)(C)CC(=O)NCC5OCCOC5(C)C)C4)nn3)nccn12	0.012001
rxn:3:53634:5463:90013	CC1(C)COC(CNC(=O)c2csc(C3C(CCn4cc(C5CC6(C5)CC(F)(F)C6)nn4)C3(F)F)c2)C1	0.011941
rxn:3:63452:32405:125769	Cc1cc(F)cc(C)c1-c1cn(CC2CC(=O)N(c3cccc(C(=O)NC4COCCC45CCOC5)c3C)C2)nn1	0.011925
rxn:3:62035:5970:74473	Cn1cc(-c2ccc(-c3cn(Cc4cccc(C(=O)NCC5CC6CCCC6O5)c4)nn3)cc2)cn1	0.011915
rxn:3:46365:7141:116860	Cc1cc(C=CCCn2cc(-c3cncc4c3cnn4C)nn2)cnc1C(=O)NC1CC2CCC1O2	0.011914
rxn:3:61926:16873:102149	CC(C)Cn1ncc(-c2cn([C@H](COC(C)(C)C)C(=O)NC3CCOC4(CCSC4)C3)nn2)c1C1CCCC1	0.011887
rxn:3:51561:6281:103223	CC(C)(C)C1CCc2c(nnn2Cc2cn(-c3ccccc3C3CC3CC(=O)N[C@]34CC[C@](C)(C3)OC4)nn2)C1	0.011872
rxn:3:49485:27842:91760	CCOc1cc2c(cc1NC(=O)C1CC(n3cc(-c4ccc5c(C)cccc5n4)nn3)C1)OCCO2	0.011867
rxn:3:64921:39338:136682	CC1CCC(c2cn(CC3CC(=O)N(c4cnccc4C(=O)Nc4ccc5c(c4)CCC5(F)F)C3)nn2)CC1	0.011865
rxn:3:56514:31862:86309	COc1cccc(C2CC2Cn2cc([C@H]3C[C@H](CC(C)(C)C)C3)nn2)c1C(=O)NCC1C(C)OC(C)C1C	0.011834
rxn:3:55243:37329:135764	CC[C@@H]1C[C@@H]1NC(=O)c1cc(C2CC2Cn2cc(-c3ccccc3-c3nccn3C)nn2)cs1	0.011819
rxn:3:62758:17601:77797	C[C@H](CC(=O)NC1CCOC(c2cccs2)C1)N1CC(Cn2cc(-c3cc(C4CC4)n(C)n3)nn2)CC1=O	0.011816
rxn:3:55887:6372:139343	Cc1nnc2ccc(-c3cn(CC4CC4c4ccnc(C(=O)NC[C@H]5CC[C@@H](F)CC5)c4)nn3)nn12	0.011776
rxn:3:64740:18810:136003	CC(C)C(C)n1nccc1-c1cn(CC2CC(=O)N(c3ccc(C(=O)NC4COCC(C)(C)O4)nn3)C2)nn1	0.011715
rxn:3:56433:29586:93718	CC=C(C)c1cn(CC2CC2c2cc(CC(=O)NC3CCCC3Cc3ccccc3)ccc2F)nn1	0.011700
rxn:3:40295:38746:110249	COc1ccc2c(c1)CC(NC(=O)Cc1cc(C=CCn3cc(-c4ncc(F)cn4)nn3)cs1)C2	0.011612
rxn:3:62323:28706:69960	CC(C)C[C@H](NC(=O)C(C)Cn1cc(-c2cccnc2N2CCC(F)(F)C2)nn1)c1cccc2c1OCO2	0.011584
rxn:3:40003:38559:72020	COc1cc(C)c(C)cc1C(C)NC(=O)c1ccc(C=CCn2cc(Cn3ccnn3)nn2)s1	0.011574
rxn:3:48103:6532:108290	Cc1cccc(CC(C)(C)c2cn(-c3ccccc3OCC(=O)NCC(F)(F)C3CCCOC3)nn2)c1	0.011564
rxn:3:65286:38764:80893	Cc1csc(-c2cn(CC3CC(=O)N(c4cccc(CC(=O)NC5(C)CCC(C(C)C)CC5)c4)C3)nn2)n1	0.011520
rxn:3:56510:23805:134752	COc1cc(C2CC2Cn2cc(C(C)(C)n3cncn3)nn2)ccc1C(=O)NCC1(C2CCOCC2)CC1	0.011506
rxn:3:61929:6386:122174	C[C@H](C(=O)Nc1ccccc1SCc1ccsc1)n1cc(-c2nnc(C3CC3)s2)nn1	0.011503
rxn:3:62666:16776:95502	COc1ccc2c(c1)OCC[C@H]2NC(=O)CC(C)N1CC(Cn2cc(-c3cnn(C(C)C)c3C)nn2)CC1=O	0.011458
rxn:3:59937:38229:121621	COc1c(C)cc([C@@H](NC(=O)C23CCC(n4cc(-c5ccc(C(F)(F)F)nc5)nn4)C2C3)C2CC2)cc1C	0.011442
rxn:3:57889:3013:100539	Cc1ccc(S(=O)(=O)F)cc1NC(=O)c1cc(CCCn2cc(C(C)(C)CC(C)C)nn2)ccn1	0.011376
rxn:3:55594:30464:122529	CCOc1cccc(CNC(=O)c2ccc(C3CC3Cn3cc(-c4cn(C)nc4C)nn3)cc2)c1	0.011362
rxn:3:62778:38560:111007	CC1CCCC(C(C)NC(=O)C(c2cccc(F)c2)N2CC(Cn3cc(-c4ccc(C#N)cn4)nn3)CC2=O)C1	0.011339
rxn:3:55594:14351:82257	COc1ccc(NC(=O)c2ccc(C3CC3Cn3cc(C45CC(C#N)(C4)C5)nn3)cc2)c(OC2CCOC2)c1	0.011261
rxn:3:54518:39288:74531	CCc1cccc2c1OC[C@@H]2NC(=O)c1cc(C2C(CCn3cc(CN(C)CC)nn3)C2(F)F)ncc1F	0.011214
rxn:3:52096:39007:86253	Cc1cnc(-c2cn(CCC3CC3c3ncc(C(=O)Nc4csc5c4CCC5)s3)nn2)c(F)c1	0.011169
rxn:3:55881:38362:72597	Cc1ccc(C2CC2CNC(=O)c2ccnc(C3CC3Cn3cc(-c4ncccc4C)nn3)c2)s1	0.011145
rxn:3:58129:38326:69761	Cc1cc(-c2cn(CCCc3ccc(C)c(C(=O)NC4(C)CCOc5ccccc54)c3)nn2)ccn1	0.011137
rxn:3:64330:9306:122197	Cn1cc(-c2cn(CC3CC(=O)N(c4c(C(=O)N[C@@H]5CCc6ccccc65)ccc(F)c4F)C3)nn2)cn1	0.011125
rxn:3:50705:2758:103845	COCC(NC(=O)c1ccc(C)c(C2C(Cn3cc(CC(F)F)nn3)C2(F)F)c1)c1ccccc1C	0.011120
rxn:3:53635:31337:121793	CC(C)c1cc(-c2cn(CCC3C(c4cscc4C(=O)N[C@H]4CCCC[C@H]4F)C3(F)F)nn2)ccn1	0.011093
rxn:3:52717:6138:66563	CCn1ncc(-c2cn(CCC3CC3c3ccc(C(=O)NCC4COCC5CC45)cc3F)nn2)c1C(C)C	0.011086
rxn:3:65445:3618:92353	Cc1ccc(C#N)n1Cc1cn(CC2CC(=O)N(c3nc(C(=O)NCCC4CCC(C)(C)C4C)cs3)C2)nn1	0.011057
rxn:3:46232:6986:132085	CCC1(NC(=O)c2cccc(F)c2C=CCCn2cc(Cn3nc(C(F)(F)F)cc3C#N)nn2)CCOC1	0.011023
rxn:3:52738:38579:94519	COC1C(C)C(NC(=O)c2cccc(C)c2C2CC2CCn2cc(-c3ccc(N(C)C)cc3)nn2)C1(C)C	0.011015
rxn:3:40748:17552:90503	Cc1cc(-c2cn(CC=Cc3cccc(C(=O)NCC4CC45CCCOC5)c3F)nn2)nn1C1CCCSC1	0.010992
rxn:3:40762:32155:140180	O=C(NC1C2C3CCC(C3)C12)c1ccc(F)cc1C=CCn1cc(-c2cc(F)c(F)cc2C(F)F)nn1	0.010986
rxn:3:59882:12229:137040	COc1cccc2cc(CC(C)NC(=O)c3ccc(CCn4cc(C56CC(C5)C6)nn4)cc3)oc12	0.010967
rxn:3:41421:11710:78051	CCCCn1cc(-c2cn(CC=Cc3ccc(C(=O)N[C@@H]4C[C@H]5CC[C@H]4C5)c(C(F)(F)F)c3)nn2)cn1	0.010957
rxn:3:41062:31578:109267	Cc1ccc(C(F)CNC(=O)c2c(C)cc(C=CCn3cc(C4(F)CCCCC4)nn3)cc2C)s1	0.010949
rxn:3:63598:39067:130782	Cc1cc(-c2cn(CC3CC(=O)N(c4ccc(C)c(C(=O)NCCC5COC6(CCC6)CO5)c4)C3)nn2)cc(C)n1	0.010926
rxn:3:49156:3396:139348	COCC(C(=O)N[C@H](c1cccs1)c1ccccc1OC)n1cc(-c2nccn2C(C)C)nn1	0.010883
rxn:3:50033:39101:71221	COCC(NC(=O)c1cnc(C2C(Cn3cc(-c4cccnn4)nn3)C2(F)F)s1)C1C2CC3CC(C2)CC1C3	0.010881
rxn:3:51425:2787:118819	O=C(NC1COCC(F)C1)c1ccc(C(F)(F)F)cc1C1C(Cn2cc(CC3CCC(F)(F)CC3)nn2)C1(F)F	0.010881
rxn:3:46227:16849:95202	CC1(C)COC[C@@H]1NC(=O)c1cc(C=CCCn2cc(-c3cnn(CC(F)F)c3C3CC3)nn2)ccc1F	0.010869
rxn:3:50672:27807:84591	CC(C)(C)c1ccnc(-c2cn(CC3C(c4cc(F)ccc4C(=O)NC4CCOCCC4(F)F)C3(F)F)nn2)n1	0.010851
rxn:3:40003:35061:109531	CC1CCCC(F)(CNC(=O)c2ccc(C=CCn3cc(-c4ccc5nccnc5c4)nn3)s2)C1	0.010840
rxn:3:54434:9305:118125	Cc1ccc(C2C(CCn3cc(-c4cc(F)ccc4F)nn3)C2(F)F)c(C(=O)NCCC2(C)COC2)c1	0.010832
rxn:3:48101:39801:128574	Cc1cccc(-c2cnn(Cc3cn(-c4cccc(OCC(=O)NC[C@H]5CCCOC5)c4)nn3)c2)c1	0.010821
rxn:3:52488:6424:103707	CC1COCC1NC(=O)c1cccc(C2CC2CCn2cc(-c3ccc(-c4nccs4)s3)nn2)n1	0.010816
rxn:3:52745:2583:104203	Cc1ccc(C(=O)NCCC2CCCOC2)cc1C1CC1CCn1cc(-c2csc(C(C)C)n2)nn1	0.010770
rxn:3:49822:1533:132228	C[C@@H](CC1CCCCC1)NC(=O)c1ccsc1C1C(Cn2cc(C3CCC(F)(F)CC3)nn2)C1(F)F	0.010732
rxn:3:45558:6697:112826	CC1(CCNC(=O)c2ccc(C=CCCn3cc(Cn4nc5c(c4C#N)CCCC5)nn3)s2)CS(=O)(=O)C1	0.010727
rxn:3:52490:6890:76266	CCc1cc(C(F)(F)F)nn1Cc1cn(CCC2CC2c2ncccc2C(=O)NCC2CC23CCOC3)nn1	0.010697
rxn:3:53319:27802:68655	CCC1(CNC(=O)CC2C(c3cccc(-n4cc(-c5ccc6c(n5)CCCC6)nn4)c3)C2(F)F)CCCCO1	0.010694
rxn:3:62646:39520:116554	Cc1ccc(C)c([C@H](CC2CC2)NC(=O)C(N2CC(Cn3cc(CN4CCCC(C)C4)nn3)CC2=O)C(C)(C)C)c1	0.010692
rxn:3:59446:16866:77260	Cc1ccc2ccc(NC(=O)[C@H]3C[C@@H](n4cc(-c5cnn(CCC#N)c5C5CCC5)nn4)C3)cc2c1	0.010659
rxn:3:58106:39389:77291	CCOc1c(C)cc(NC(=O)c2ccc(CCCn3cc(Cn4cncn4)nn3)c(F)c2)cc1C	0.010606
rxn:3:62888:2928:106540	Cc1cccc(F)c1-c1cn(CC2CC(=O)N(C(C)(C)CC(=O)Nc3ccc(OCC(C)C)cc3)C2)nn1	0.010574
rxn:3:50174:8711:136542	CCC1CCC(NC(=O)c2ccccc2C2C(Cn3cc(C4CC4(C)C)nn3)C2(F)F)(C2CCCC2)CC1	0.010544
rxn:3:62653:39522:123899	CC1CC(C)CN(Cc2cn(CC3CC(=O)N(C(C(=O)N[C@H]4CCCc5ccc(OC(C)C)cc54)C(C)C)C3)nn2)C1	0.010543
rxn:3:41106:18537:106212	CCC1CC(NC(=O)c2cc(C=CCn3cc(-c4nn(CC)cc4C(C)C)nn3)cc(OC)c2)CC(C)O1	0.010537
rxn:3:55878:28340:71142	COc1ccc(O[C@@H]2CCC[C@@H]2NC(=O)c2ccc(C3CC3Cn3cc(C(C)(C)C(C)C)nn3)cn2)cc1	0.010527
rxn:3:59882:3054:124341	CCCCc1ccc(NC(=O)c2ccc(CCn3cc(-c4cscc4C)nn3)cc2)cc1	0.010519
rxn:3:56165:28836:122687	C[C@]1(F)CCC[C@H]1NC(=O)Cc1ccccc1C1CC1Cn1cc(-c2ccc(C3CC3CC#N)cc2)nn1	0.010504
rxn:3:50430:3846:101009	CC(NC(=O)c1cncc(C2C(Cn3cc(C4CC(F)C4)nn3)C2(F)F)c1)C(OC1CCC1)c1ccco1	0.010502
rxn:3:56164:23808:121325	Cc1cc(C(=O)N[C@H]2CCC[C@@H](OC(C)(C)C)C2)ccc1C1CC1Cn1cc(C2(n3cncn3)CCCC2)nn1	0.010500
rxn:3:41062:5564:80336	Cc1cc(C=CCn2cc(-c3ncnc4c3cnn4C)nn2)cc(C)c1C(=O)NC1(CC2CCC2)CC1	0.010478
rxn:3:60340:39399:126365	Cc1cc(C)c(C(NC(=O)c2ccc(-n3cc(C4CCCCCC4)nn3)c(C)c2)C2(C)CC2)c(C)c1	0.010447
rxn:3:54935:11760:112362	Cc1cc(C)cc([C@@H](NC(=O)C2CC2c2ccccc2-n2cc(C3CCCN3CC3CC3)nn2)C2CC2)c1	0.010418
rxn:3:62645:5322:84567	CC[C@@H](NC(=O)C(C)N1CC(Cn2cc(Cn3nnc4cc(C)cnc43)nn2)CC1=O)c1ccoc1	0.010407
rxn:3:40071:6996:75398	Cc1cc(-c2cn(-c3cccc(C(=O)NC4(c5ccc(C(C)(C)C)cc5)CC4(C)C)c3)nn2)nc(C)n1	0.010405
rxn:3:49937:2553:120194	Cn1ncnc1-c1cn(CC2C(c3cn[nH]c3C(=O)NCC(C)(C)Cc3ccsc3)C2(F)F)nn1	0.010401
rxn:3:52964:5564:88630	Cn1ncc2c(-c3cn(CCC4CC4c4cc(C(=O)NC5CCC6(CC6)C5)c(F)cc4F)nn3)ncnc21	0.010374
rxn:3:57297:39519:139261	CCN1CCN(Cc2cn(CCCc3cscc3C(=O)NCc3ccc4occc4c3)nn2)CC1	0.010370
rxn:3:40562:2209:125520	COc1ccc2c(c1OC)CCC[C@H]2NC(=O)c1cc(C=CCn2cc(C(C)(C)N3CCN(C)CC3)nn2)ccn1	0.010344
rxn:3:55763:32384:77464	CCC(NC(=O)c1ncc(C2CC2Cn2cc(-c3ccc(F)nn3)nn2)cn1)c1cc(C(C)C)co1	0.010343
rxn:3:45142:7298:82545	CC[C@@H](NC(=O)COc1ccc(-n2cc(Cn3cnc(C)c3C)nn2)cc1)c1cc(C(C)C)co1	0.010341
rxn:3:40792:8820:113769	CC(NC(=O)Cc1ccccc1C=CCn1cc(CN2CCc3ccccc32)nn1)c1ccccc1	0.010266
rxn:3:61593:64:74325	Cc1ccc(OCCn2cc(-c3nc(C)c(C)c4ccccc34)nn2)c(C(=O)N[C@@H]2[C@@H]3CC[C@H]2COC3)c1	0.010220
rxn:3:56299:31499:106331	Cn1nc(-c2cn(CC3CC3c3nccc(C(=O)Nc4ccc5c(c4)CCOC5)c3F)nn2)cc1C(F)F	0.010219
rxn:3:51042:34475:113459	COc1ccc(C2C(Cn3cc(-c4c(C)nn(C)c4F)nn3)C2(F)F)cc1C(=O)NCC1CCC2(CCC2)CC1	0.010211
rxn:3:49156:38842:143874	CCOc1ccccc1Oc1cc(C)ccc1NC(=O)C(COC)n1cc(-c2cccnc2)nn1	0.010209
rxn:3:40749:31346:82907	CC(C)c1csc(NC(=O)c2ccc(C=CCn3cc(-c4cnc5n4CCCC5)nn3)c(F)c2)c1	0.010197
rxn:3:40948:15513:104179	CCCc1nn(CC)cc1-c1cn(CC=Cc2cnc(C(=O)NCC34CC(C(C)(C)C)(C3)C4)c(C)c2)nn1	0.010165
rxn:3:57888:18516:122362	CCc1cn(C)nc1-c1cn(CCCc2ncccc2C(=O)NCC2CC(c3ccccc3)C2)nn1	0.010145
rxn:3:50681:6388:88131	Cc1cccc(C(=O)NC2CCC(C)(C)CC2)c1C1C(Cn2cc(-c3ccc4nccn4n3)nn2)C1(F)F	0.010142
rxn:3:54194:39385:89487	CN(Cc1cn(CCC2C(c3ccc(C(=O)NC4C(C)(C)OC45CCCC5)nc3)C2(F)F)nn1)c1ccccc1	0.010129
rxn:3:58103:28653:100500	O=C(NC1CC2CC(F)(F)C2C1)c1cccc(F)c1CCCn1cc(-c2ccc(F)c(C(F)F)c2)nn1	0.010049
rxn:3:64330:377:100004	CC(C)(CC1CCC1)NC(=O)c1ccc(F)c(F)c1N1CC(Cn2cc(-c3ccn(C(F)(F)F)n3)nn2)CC1=O	0.010035
rxn:3:45560:39080:80043	COC[C@H](F)CNC(=O)c1ccsc1C=CCCn1cc(-c2ccc(F)c3ccccc23)nn1	0.010025
rxn:3:59937:17566:107006	CCc1cc(-c2cn(C3CCC4(C(=O)NCC5(Cc6ccccc6C)CCCOC5)CC34)nn2)nn1C1CCC1	0.009999
rxn:3:45855:28653:81290	O=C(NC1CCCCC1(F)F)c1ccccc1C=CCCn1cc(-c2ccc(F)c(C(F)F)c2)nn1	0.009992
rxn:3:55465:38534:118268	CC(NC(=O)c1cnc(C2CC2Cn2cc(-c3c4c(nn3C)CCCC4)nn2)s1)C(C)c1cccs1	0.009991
rxn:3:56159:38574:97816	CSc1ccccc1[C@H](C)NC(=O)Cc1ccc(C2CC2Cn2cc(-c3cncn3C)nn2)cc1	0.009981
rxn:3:55763:39281:137156	Cn1ccnc1-c1cn(CC2CC2c2cnc(C(=O)Nc3cccc(COCC(C)(C)C)c3)nc2)nn1	0.009954
rxn:3:54935:17587:109348	CC(C)c1cc(-c2cn(-c3ccccc3C3CC3C(=O)NC(C)(C)CC3CCOC3)nn2)nn1C1CCSC1	0.009938
rxn:3:63038:14351:72482	CCc1nc(N2CC(Cn3cc(C45CC(C#N)(C4)C5)nn3)CC2=O)sc1C(=O)NCCc1cccc(C(C)C)c1	0.009879
rxn:3:52964:5998:77468	COC1C(NC(=O)c2cc(C3CC3CCn3cc(-c4ccc(C#N)c(C(F)(F)F)n4)nn3)c(F)cc2F)C1(C)C	0.009874
rxn:3:59957:31965:97483	Cc1nc2cc(-c3cn([C@@H](C)CC(=O)Nc4c(C)ccc5c4CCCC5(C)C)nn3)c(F)cc2s1	0.009862
rxn:3:53780:29221:94884	Cc1ccncc1-c1cccc(-c2cn(CCOc3cccnc3C(=O)N[C@H]3CCCC3(C)C)nn2)c1	0.009859
rxn:3:48005:6370:120348	Cc1nc(-c2cn(-c3ccsc3C(=O)N[C@@H]3CCC[C@@H]3OCc3ccccc3)nn2)cc(C(F)(F)F)n1	0.009828
rxn:3:64679:18786:137956	CC(n1nccc1-c1cn(CC2CC(=O)N(c3ccc(C(=O)NC4(C)CCCCC4(F)F)cc3)C2)nn1)C1(C)CC1	0.009811
rxn:3:57887:31451:126460	CC(C)(C)c1ccc2c(c1)C(NC(=O)c1ccc(CCCn3cc(-c4cnc(C#N)cn4)nn3)nc1)CCO2	0.009802
rxn:3:40005:7694:100333	COCC(NC(=O)c1ccsc1C=CCn1cc(-c2nc(C)cnc2C)nn1)c1cc(C)ccc1C	0.009756
rxn:3:63534:12156:139872	Cc1ccc2c(c1)SCCC2NC(=O)c1ccc(C)cc1N1CC(Cn2cc(C3CC(N4CCCC4)C3)nn2)CC1=O	0.009720
rxn:3:58665:2565:106156	COC(CNC(=O)CCCc1cccc(-n2cc(-c3c(C)nc4sccn34)nn2)c1)C1CCCOC1	0.009717
rxn:3:50711:3094:110652	Cc1cc(F)cc(Cc2cn(CC3C(c4cc(C)ccc4C(=O)NC4CC5CCC(C4)C5F)C3(F)F)nn2)c1	0.009696
rxn:3:40555:18809:114221	Cc1cccc2c1[C@@H](NC(=O)c1ccc(C=CCn3cc(-c4ccnn4C(C)C4CC4)nn3)cn1)CCO2	0.009655
rxn:3:46233:279:66193	O=C(NC1CC1Sc1ccccc1)c1ccc(F)c(C=CCCn2cc(Cc3nncs3)nn2)c1	0.009649
rxn:3:40561:38485:109750	Cc1cccc2c1OC(C)C2NC(=O)c1cccnc1C=CCn1cc(-c2nc3ccccc3n2C)nn1	0.009600
rxn:3:55883:38951:136635	Cc1cccc(-c2cn(CC3CC3c3cccc(C(=O)NC4COc5c4cccc5S(C)(=O)=O)n3)nn2)c1C	0.009594
rxn:3:62828:37840:69723	CCOC1(CNC(=O)[C@H](C2CC2)N2CC(Cn3cc(-c4cccc5c(F)cccc45)nn3)CC2=O)CC2CCC1C2	0.009586
rxn:3:59446:39101:170882	Cc1cc(NC(=O)[C@H]2C[C@@H](n3cc(-c4cccnn4)nn3)C2)ccc1Oc1cccc2ccccc12	0.009551
rxn:3:54195:1720:113504	CC(C)(C)C1CC(NC(=O)c2ncccc2C2C(CCn3cc(Cc4ccc(C#N)cc4)nn3)C2(F)F)CCS1	0.009547
rxn:3:46242:7694:83784	Cc1cnc(C)c(-c2cn(CCC=Cc3cccc(F)c3C(=O)NC3(Cc4ccsc4)COC3)nn2)n1	0.009542
rxn:3:52714:18514:78548	CCc1cn(CC2CC2)nc1-c1cn(CCC2CC2c2cc(C(=O)NC3CCCC34CCOC4)ccc2F)nn1	0.009520
rxn:3:64900:429:134640	O=C(NCC1CC2CCC1C2)c1cccc(N2CC(Cn3cc(-c4ncnc5ccncc45)nn3)CC2=O)c1F	0.009504
rxn:3:51059:5287:124338	COc1cc(C(=O)NC2CCC3(CCCCO3)CC2)cc(C2C(Cn3cc(Cn4nnnc4C(C)C)nn3)C2(F)F)c1	0.009501
rxn:3:53843:1371:124396	Cn1cc(-c2cn(CCC3C(c4nc(C(=O)N[C@@H]5CCC[C@H](F)C5)cs4)C3(F)F)nn2)c2ccccc21	0.009493
rxn:3:62550:6706:142280	Cc1ccc2c(c1C)-c1ccccc1C2CNC(=O)[C@@H]1CC[C@H]1Cn1cc(Cn2nc3c(c2C#N)CCC3)nn1	0.009490
rxn:3:58125:17573:117595	CCc1cc(-c2cn(CCCc3c(C)cccc3C(=O)NC3CCCC(F)(F)CC3)nn2)nn1C(C)(C)C	0.009475
rxn:3:65592:23817:128938	CCCC1(NC(=O)Cc2nnc(N3CC(Cn4cc(C5(n6ccnn6)CCCC5)nn4)CC3=O)[nH]2)CCOCC1	0.009473
rxn:3:48101:18746:110940	CC(C)c1nn(CC2CC2(F)F)cc1-c1cn(-c2cccc(OCC(=O)NC3(C4(C)CCCC4)CC3)c2)nn1	0.009424
rxn:3:46257:38874:99917	Cc1c(C=CCCn2cc(CN(C)[C@@H]3CCc4ccccc43)nn2)cccc1C(=O)N[C@@H]1C[C@@H]2CCCC[C@@H]21	0.009414
rxn:3:58230:32675:67249	CC(C)(NC(=O)c1ccnc(CCCn2cc(Cn3nnc4ccccc43)nn2)c1F)c1ccco1	0.009375
rxn:3:64276:6870:128514	CCc1cc(-c2cnccn2)nn1Cc1cn(CC2CC(=O)N([C@H]3CC[C@@H](C(=O)N[C@H]4C[C@H](C(C)(C)C)C4)CC3)C2)nn1	0.009369
rxn:3:50434:1683:126443	CC(C)(CNC(=O)c1ccnc(C2C(Cn3cc(C=Cc4ccccc4)nn3)C2(F)F)c1)CC1CCCCO1	0.009363
rxn:3:62479:17535:109225	CC1CCC(C)C(c2ccccc2NC(=O)C(C(C)C)n2cc(Cn3nc(C#N)cc3C3CCCC3)nn2)C1	0.009328
rxn:3:51422:337:74907	CCCC1(NC(=O)c2ccc(C3C(Cn4cc(Cc5ccncc5)nn4)C3(F)F)c(C(F)(F)F)c2)CCC1	0.009315
rxn:3:46057:11445:76142	CC1CCCC(C)N1Cc1cn(CCC=Cc2cccc(C(=O)NCC3(c4ccccc4)CCCC3)n2)nn1	0.009291
rxn:3:40948:15462:120562	Cc1cc(C=CCn2cc(-c3cn(C(C)C)nc3C3CCC3)nn2)cnc1C(=O)NCC12CC(C(C)C)(CO1)C2	0.009262
rxn:3:65401:31848:105910	COc1cc(C)ccc1C1C(CNC(=O)c2cncc(N3CC(Cn4cc([C@H]5[C@@H]6CCCC[C@@H]65)nn4)CC3=O)n2)C1(F)F	0.009260
rxn:3:46058:31578:131163	COc1ccc([C@@H](NC(=O)c2ccc(C=CCCn3cc(C4(F)CCCCC4)nn3)nc2)C2CC2)c(C)c1	0.009243
rxn:3:50701:17722:89934	CC(C)n1nc(-c2cn(CC3C(c4ccc(CC(=O)NC5CC6CC5O6)cc4)C3(F)F)nn2)cc1C1CCCCC1	0.009166
rxn:3:48005:6475:95603	Cc1ccc([C@@H](NC(=O)c2sccc2-n2cc(-c3cnn(CC4CC(C)(C)C4)c3)nn2)C(C)(C)C)o1	0.009155
rxn:3:40946:3706:134602	COc1ccc(C(NC(=O)c2ncc(C)cc2C=CCn2cc(CN3CCSC(C)(C)C3)nn2)C(C)(C)C)cc1	0.009153
rxn:3:62778:35061:111878	CC1(C)CC(NC(=O)C(c2cccc(F)c2)N2CC(Cn3cc(-c4ccc5nccnc5c4)nn3)CC2=O)CS1	0.009117
rxn:3:50986:6581:118286	CCc1cc2n(n1)CCN(Cc1cn(CC3C(c4cc(F)ccc4CC(=O)NC4C5(CCC5)C45CCC5)C3(F)F)nn1)C2	0.009112
rxn:3:62772:6678:82576	CC(C)C1(NC(=O)C(c2ccc(F)cc2F)N2CC(Cn3cc(Cn4nc5c(c4C#N)CSCC5)nn3)CC2=O)COC1	0.009103
rxn:3:50033:15533:66475	CC(C)Cc1nn(C2CCCC2)cc1-c1cn(CC2C(c3ncc(C(=O)N[C@H]4CC[C@H](C)C4)s3)C2(F)F)nn1	0.009101
rxn:3:50159:8610:81268	Cn1cc2ccc(-c3cn(CC4C(c5cccc(C(=O)NC6(C)CCOC7(CCC7)C6)c5)C4(F)F)nn3)cc2n1	0.009091
rxn:3:57355:5973:91781	CCn1cc(-c2ccc(-c3cn(CCCc4ccc(C(=O)N[C@H](C)C5CCCCO5)o4)nn3)cc2)cn1	0.009086
rxn:3:61523:6631:83859	COc1ccccc1[C@@H]1C[C@H]1NC(=O)C1(n2cc(Cn3ccn4nc(-c5ccncc5)cc34)nn2)CCC1	0.009068
rxn:3:63255:12054:92734	COc1ccc(C(=O)NC(C)c2c(C)cccc2OC)c(N2CC(Cn3cc(C4CC5(CC(F)C5)C4)nn3)CC2=O)c1	0.009032
rxn:3:59820:19327:81386	O=C(NC1CCCOCC1)c1cc(-n2cc(-c3cnn(Cc4ccc(F)c(F)c4)c3)nn2)cc(C(F)(F)F)c1	0.009032
rxn:3:64961:31296:96005	CC(NC(=O)c1cnc(N2CC(Cn3cc(-c4cccc(CN5CCN(C)CC5)c4)nn3)CC2=O)nc1)C1CCCC(F)C1	0.009026
rxn:3:40785:5968:92583	Cc1cc(C=CCn2cc(-c3ccccc3-c3cnn(C)c3)nn2)ccc1C(=O)N[C@H]1CCCC2(CC2)C1	0.009016
rxn:3:46055:18243:110619	CCC1CC1CNC(=O)c1ncccc1C=CCCn1cc(-c2nn(-c3ccc(C)cc3)cc2C)nn1	0.009014
rxn:3:41076:16923:115705	O=C(NCC1CCSC1)c1cc(F)c(F)cc1C=CCn1cc(-c2cnn(C3CCCC3)c2CC2CC2)nn1	0.008976
rxn:3:40790:381:114986	CC(NC(=O)Cc1cccc(C=CCn2cc(-c3cnn(C)c3CF)nn2)c1)c1csc(C2CC2)c1	0.008923
rxn:3:50440:31732:118450	N#CC1(c2cn(CC3C(c4cnccc4C(=O)NC4(COc5cccc6c5CCC6)CC4)C3(F)F)nn2)CCCCC1	0.008910
rxn:3:45855:32155:67830	CC(CC(C)(F)F)NC(=O)c1ccccc1C=CCCn1cc(-c2cc(F)c(F)cc2C(F)F)nn1	0.008891
rxn:3:50681:38937:128399	Cc1cccc(C(=O)NC(C)c2csc(C(C)(C)C)c2)c1C1C(Cn2cc(CN3CCCCC3)nn2)C1(F)F	0.008873
rxn:3:51495:6999:95501	N#Cc1nccnc1-c1cn(CC2C(c3ccc(-c4ccc(C(=O)NC5CCC5(F)F)o4)cc3)C2(F)F)nn1	0.008869
rxn:3:65227:57:101047	O=C(NCC1(C2CC2)CCOCC1)c1ccc(N2CC(Cn3cc(-c4nc(C(F)(F)F)cs4)nn3)CC2=O)c(F)c1F	0.008851
rxn:3:48103:7344:103523	Cc1cc(NC(=O)COc2ccccc2-n2cc(-c3c(F)cccc3C#N)nn2)c2cc(C)ccc2c1	0.008847
rxn:3:64729:2093:131779	CCCOc1ccccc1C(NC(=O)c1ccc(N2CC(Cn3cc(C4CCCN4C)nn3)CC2=O)nc1)C(C)(C)C	0.008845
rxn:3:40740:18174:111131	O=C(NCC1C2CCC21)c1cc(C=CCn2cc(-c3ccc(-n4cc(C5CC5)cn4)cc3)nn2)ccc1F	0.008821
rxn:3:40792:2641:89330	COc1cc(OC)c2c(c1)OCC[C@H]2NC(=O)Cc1ccccc1C=CCn1cc(-c2cc(F)ccn2)nn1	0.008801
rxn:3:62633:8620:103183	CN(C)C1(c2cn(CC3CC(=O)N(C4CCCC(C(=O)NC5c6ccccc6OCC5OC5CCC5)C4)C3)nn2)CCC(F)(F)CC1	0.008792
rxn:3:52492:1306:102689	Cc1ccnc(C)c1-c1cn(CCC2CC2c2cnccc2C(=O)Nc2cc(=O)c3ccccc3o2)nn1	0.008778
rxn:3:50432:3717:107040	CC1(C)CN(CCc2cn(CC3C(c4cccnc4C(=O)NCC4CC4c4ccc5c(c4)OCCCO5)C3(F)F)nn2)C1	0.008728
rxn:3:41421:7786:108306	CCSC1CCC(NC(=O)c2ccc(C=CCn3cc(C4(C)CCCN4CC(F)(F)F)nn3)cc2C(F)(F)F)C1	0.008719
rxn:3:60340:15463:125470	COc1ccc(S(C)(=O)=O)cc1NC(=O)c1ccc(-n2cc(-c3cn(C4CC4)nc3C3CCC3)nn2)c(C)c1	0.008713
rxn:3:49882:17991:130823	CC(C)C1CC(NC(=O)c2ccc(C3C(Cn4cc(-c5c6c(nn5CC(F)F)CSC6)nn4)C3(F)F)o2)C(F)CO1	0.008693
rxn:3:50672:2029:140419	CN1CCCC(c2cn(CC3C(c4cc(F)ccc4C(=O)NCC(F)(F)c4ccc(S(C)(=O)=O)cc4)C3(F)F)nn2)C1	0.008683
rxn:3:60368:28356:108447	N#Cc1cc(C(F)(F)F)ccc1-c1cn(-c2cccc(C(=O)NCC(F)C3CCCCCC3)c2F)nn1	0.008678
rxn:3:63345:159:127785	COc1cccc(C(=O)NCc2ccco2)c1N1CC(Cn2cc(-c3ncc(C)cc3C(F)(F)F)nn2)CC1=O	0.008657
rxn:3:58334:7654:101780	COC1CCCCCC1NC(=O)c1c(C)cc(CCCn2cc(-c3ncnc4ccsc34)nn2)cc1C	0.008625
rxn:3:56723:39006:90790	Cc1cc(F)cnc1-c1cn(CC2CC2c2ccc(C3(C(=O)NC4CC4(C)c4cccs4)CC3)cc2)nn1	0.008606
rxn:3:40797:38590:86877	COc1ccc(C(C)NC(=O)c2cc(C)ccc2C=CCn2cc(-c3cc(F)cc(F)c3)nn2)cc1C	0.008605
rxn:3:55311:6929:125050	N#Cc1cc(-c2cccs2)nn1Cc1cn(CC2CC2c2ccc(C(=O)NCC3(F)CCCCC3)o2)nn1	0.008594
rxn:3:50705:4459:71172	Cc1ccccc1CCNC(=O)c1ccc(C)c(C2C(Cn3cc(CN4CCC5CCCCC5C4)nn3)C2(F)F)c1	0.008584
rxn:3:53318:31226:96379	CC1(C)[C@H]2CCC(CNC(=O)CC3C(c4ccccc4-n4cc(C5CC5c5ccc(C#N)cc5)nn4)C3(F)F)[C@@H]1C2	0.008580
rxn:3:46431:6154:130254	CCc1cc(CNC(=O)c2c(F)ccc(C=CCCn3cc(-c4nnc(C)s4)nn3)c2F)c(OC)s1	0.008567
rxn:3:50986:31238:120675	Cc1ccccc1[C@@H](NC(=O)Cc1ccc(F)cc1C1C(Cn2cc(CN3CC(F)(F)C3)nn2)C1(F)F)C(C)C	0.008560
rxn:3:64509:16878:75457	COc1ccc2c(c1)OCC(NC(=O)c1cncc(-n3cc(-c4cnn(CC(F)(F)F)c4C4CCCC4)nn3)c1)C2	0.008552
rxn:3:41106:39007:85090	CCCc1cccc(CNC(=O)c2cc(C=CCn3cc(-c4ncc(C)cc4F)nn3)cc(OC)c2)c1	0.008549
rxn:3:54622:18005:117039	O=C(NCC12CC(CO1)C2)c1cc(F)c(F)cc1C1C(CCn2cc(-c3nn(C4CCC4)c4c3CCC4)nn2)C1(F)F	0.008543
rxn:3:40558:32192:120256	Cc1cc(F)cc(-c2cn(CC=Cc3cc(C(=O)NC(c4cccc(C)c4C)C4(C)CC4)ccn3)nn2)n1	0.008542
rxn:3:55888:6215:132948	Cc1cc2c(cc1C)C(CNC(=O)c1ccncc1C1CC1Cn1cc(-c3cc(N4CCCC4)ncn3)nn1)CO2	0.008532
rxn:3:63492:28220:81545	CC[C@H](NC(=O)c1ccc(N2CC(Cn3cc(CSC(C)C)nn3)CC2=O)cc1C)c1cc(C)c(C)cc1C	0.008523
rxn:3:57628:6286:73207	Cc1nnn(Cc2cn(CCCc3ccc(C(=O)NC4COC5CCCC(F)C45)cc3)nn2)c1-c1ccccc1	0.008510
rxn:3:62746:5171:80178	CC(Cc1cn(CC2CC(=O)N([C@@H](C)C(=O)N[C@@H](c3ccccc3)c3cccs3)C2)nn1)c1ccsc1	0.008508
rxn:3:40071:5:131034	CCN(CC)c1ccc(-c2cn(-c3cccc(C(=O)N[C@H](c4ccc(C)cc4C)C4CCC4)c3)nn2)nn1	0.008484
rxn:3:58097:28834:137399	N#CCC1CC1c1cccc(-c2cn(CCCc3ccc(F)c(C(=O)NC4CC4C4CCCCC4)c3)nn2)c1	0.008474
rxn:3:56111:18863:86426	COc1cc2c(cc1OC)C(NC(=O)c1ccc(F)c(C3CC3Cn3cc(Cn4cc(C)cn4)nn3)c1)CCO2	0.008445
rxn:3:53167:17562:95178	CCc1cc(-c2cn(-c3cc(C)ccc3C(=O)N[C@H]3CC[C@@H]4C[C@H]3C4(C)C)nn2)nn1-c1c(C)cccc1C	0.008433
rxn:3:56471:20536:109473	CC(C1CCC1)n1nc(C2CC2)cc1-c1cn(CC2CC2c2c(F)cc(C(=O)N[C@@H](C)C3(C)COC3)cc2F)nn1	0.008431
rxn:3:40554:7159:117039	O=C(NCC12CC(CO1)C2)c1cncc(C=CCn2cc(-c3cncc4c3cnn4-c3ncccn3)nn2)c1	0.008381
rxn:3:49517:6443:69020	CO[C@@H]1[C@@H](NC(=O)C2C(c3ccccc3-n3cc(-c4cnn(-c5ncccn5)c4)nn3)C2(F)F)COC12CCOCC2	0.008360
rxn:3:54434:5161:100659	Cc1ccc(C(C)Cc2cn(CCC3C(c4ccc(C)cc4C(=O)NC4C(C)C4(F)F)C3(F)F)nn2)c(F)c1	0.008339
rxn:3:51018:39533:93531	CCC1(c2cn(CC3C(c4cc(F)c(C(=O)N[C@@H](c5ccsc5)C5CCOCC5)cc4F)C3(F)F)nn2)CC1	0.008327
rxn:3:55915:888:139897	COc1cc(C)cc(C)c1C1(CNC(=O)c2ccc(Cn3cc(CN4CCN(C(C)(C)C)CC4)nn3)cc2)CCCCC1	0.008303
rxn:3:55584:1665:127691	Cc1cccc(C)c1-c1cn(CC2CC2c2csc(CC(=O)NCC3CCCc4ccccc43)c2)nn1	0.008290
rxn:3:60928:1147:139591	CCC(Cc1ccccc1OC)NC(=O)c1cccnc1Cn1cc(-c2ccc(C)c(C(F)(F)F)c2)nn1	0.008276
rxn:3:46620:2561:72111	CC1(C)OC2(CCCOC2)C1NC(=O)c1ccc2cc(C=CCCn3cc(-c4nnn(C(C)(C)C)n4)nn3)ccc2c1	0.008263
rxn:3:46059:38328:76734	Cc1nccnc1-c1cn(CCC=Cc2ncccc2C(=O)Nc2cccc(SCC3CC3)c2)nn1	0.008251
rxn:3:59897:27782:67075	Cc1ccc(C2(NC(=O)c3cccc(Cn4cc(-c5ncnc6ccc(C)cc56)nn4)n3)CCCC2)c(C)c1	0.008239
rxn:3:65401:37877:106190	CCCC(NC(=O)c1cncc(N2CC(Cn3cc(-c4ccc(F)c(C)c4C)nn3)CC2=O)n1)c1ccsc1	0.008213
rxn:3:61918:31956:173035	CSCC[C@@H](C(=O)Nc1cc(-c2cccc(OC(C)(C)C)c2)cs1)n1cc(C23CC(C4CC4)(C2)C3)nn1	0.008207
rxn:3:55877:31769:124670	CCOc1ccc(C2(C(C)NC(=O)c3cncc(C4CC4Cn4cc(C5=CCC(F)(F)CC5)nn4)c3)COC2)cc1C	0.008182
rxn:3:52723:6513:81185	Cc1cc(C)c([C@@H](C)NC(=O)c2cc(F)cc(C3CC3CCn3cc(C(C)(C)CC(F)F)nn3)c2)c(C)c1	0.008176
rxn:3:51019:6380:136372	Cc1cc(-c2cn(CC3C(c4c(F)cc(C(=O)N[C@H]5C[C@H]6C[C@@H]([C@@H]5C)C6(C)C)cc4F)C3(F)F)nn2)nc(C2CC2)n1	0.008170
rxn:3:50431:17896:105510	Cc1cccc(-n2nccc2-c2cn(CC3C(c4ccc(C(=O)NCC5CCCS(=O)(=O)C5)nc4)C3(F)F)nn2)n1	0.008169
rxn:3:56168:11750:92629	Cc1ccc(C(=O)NCc2cc(C)c(C)cc2C)c(C2CC2Cn2cc(-c3nc4c(s3)CCCC4)nn2)c1	0.008149
rxn:3:54193:1728:126352	Cc1cc2c(cc1NC(=O)c1cncc(C3C(CCn4cc(C5CC(F)(F)C5)nn4)C3(F)F)c1)C(C)(C)CCC2	0.008142
rxn:3:41072:17533:69479	CCc1cc(C#N)nn1Cc1cn(CC=Cc2c(F)cc(C(=O)Nc3cc(S(C)(=O)=O)ccc3C)cc2F)nn1	0.008125
rxn:3:55915:507:85916	Cc1cccc(C2CC2)c1CNC(=O)c1ccc(Cn2cc(-c3cccc(F)c3C(F)(F)F)nn2)cc1	0.008098
rxn:3:51307:31477:67561	Cc1cc(-c2cn(CC3C(c4ccc5[nH]nc(C(=O)NCC(C)S(C)(=O)=O)c5c4)C3(F)F)nn2)c(F)cc1F	0.008088
rxn:3:56474:39006:78318	Cc1cc(F)cnc1-c1cn(CC2CC2c2cc(F)c(C(=O)NCc3ccc4ccoc4c3)c(F)c2)nn1	0.008058
rxn:3:51936:390:140249	Cc1cc(-c2cn(CCC3CC3c3ccc(C(=O)N[C@@H](c4cccc5c4OCO5)C4CC4)o3)nn2)cnc1C	0.008050
rxn:3:65196:11761:134761	O=C(Nc1coc2ccccc12)c1c(F)cc(F)cc1N1CC(Cn2cc(C3CCCN3C3CCC3)nn2)CC1=O	0.008043
rxn:3:55248:24882:90004	Cc1cc(C)c(C(NC(=O)c2cscc2C2CC2Cn2cc(-c3ccccn3)nn2)C2CCC2)cc1C	0.008027
rxn:3:54411:566:107614	CCc1ccc2c(c1)C(CNC(=O)c1ccc(C3C(CCn4cc(C5CCSCC5)nn4)C3(F)F)cc1F)CC2	0.008018
rxn:3:56499:38592:113792	COc1cc(C(=O)NC2CC2(C)c2ccccc2OC)ccc1C1CC1Cn1cc(-c2ccccc2C)nn1	0.008015
rxn:3:50673:1299:109557	CCC1Oc2ccc(OC)cc2C1NC(=O)c1cc(F)ccc1C1C(Cn2cc(-c3cc(C)n(C)n3)nn2)C1(F)F	0.008013
rxn:3:45154:1919:126596	CCN(CC)C(C)(C)c1cn(-c2ccc(CC(=O)N[C@@H](C)c3cccc(-c4ccccc4)c3)cc2)nn1	0.008004
rxn:3:40755:23881:116127	CCC(C)(C)Cc1cn(CC=Cc2cc(F)cc(C(=O)NC(c3ccc(C)cc3)C3CCCCC3)c2)nn1	0.008001
rxn:3:64954:6644:68265	O=C(NCC1(F)CCS(=O)(=O)C1)c1cnc(N2CC(Cn3cc(Cn4ccn5nccc45)nn3)CC2=O)cn1	0.007991
rxn:3:56474:6303:123198	CC1(C)CC(CNC(=O)c2c(F)cc(C3CC3Cn3cc(Cn4nncc4-c4ccccc4F)nn3)cc2F)C1	0.007960
rxn:3:63804:28580:70366	Cc1cccc(N2CC(Cn3cc(C4(c5ccc(C(F)(F)F)cc5)CCC4)nn3)CC2=O)c1C(=O)N[C@@H]1CCCC[C@@H]1C	0.007958
rxn:3:63924:23914:90515	Cc1nn(CC(C)C)c(C)c1-c1cn(CC2CC(=O)N(c3c(C(=O)N[C@H]4CC[C@@H](CS(=O)(=O)F)CC4)cnn3C)C2)nn1	0.007941
rxn:3:56110:32745:140038	O=C(NC1(Cc2ccco2)CC1)c1cccc(F)c1C1CC1Cn1cc(Cc2ncc(C(F)(F)F)cn2)nn1	0.007917
rxn:3:40946:18841:79745	Cc1cnc(C(=O)N[C@@H](CC2CC2)c2ccc3c(c2)OCO3)c(C=CCn2cc(Cn3nc(C)cc3C)nn2)c1	0.007869
rxn:3:41424:18777:70113	Cc1ccc(C)n1Cc1cn(CC=Cc2ccc(C(F)(F)F)cc2C(=O)NCC(C)(C)CC2CCCC2)nn1	0.007861
rxn:3:54404:14939:137399	O=C(NC1CC1C1CCCCC1)c1ccc(F)c(C2C(CCn3cc(C4CCCc5ccccc54)nn3)C2(F)F)c1	0.007828
rxn:3:50319:5217:113048	Cc1cc(C)c(C)c(C(C)Cc2cn(CC3C(c4cnc(C(=O)NCC5CCOC56CCS(=O)(=O)CC6)nc4)C3(F)F)nn2)c1C	0.007802
rxn:3:51064:32277:113060	COc1cccc(C2C(Cn3cc(-c4cc(F)c(C)cn4)nn3)C2(F)F)c1C(=O)NC[C@@H]1Oc2ccccc2[C@@H]1C	0.007790
rxn:3:54432:38261:105306	Cc1c(C(=O)NC23CC4CC(C2)C(F)(F)C(C4)C3)cccc1C1C(CCn2cc(-c3ccc(F)cc3)nn2)C1(F)F	0.007780
rxn:3:40555:6999:107600	CS(=O)(=O)c1ccccc1C1CC1CCNC(=O)c1ccc(C=CCn2cc(-c3nccnc3C#N)nn2)cn1	0.007778
rxn:3:52222:460:76994	Cc1ccc2nc(C(F)(F)F)cc(-c3cn(CCC4CC4c4cccc(C(=O)NC5COC6COCC56)c4)nn3)c2c1	0.007775
rxn:3:57889:28565:131091	CC(NC(=O)c1cc(CCCn2cc(-c3csc(C(F)(F)F)n3)nn2)ccn1)C1(c2ccccc2)CCC1	0.007761
rxn:3:63408:23212:102725	COCC1(CNC(=O)c2ccc(N3CC(Cn4cc(-c5nc(C)cc6cccnc56)nn4)CC3=O)c(C)c2C)COC1	0.007758
rxn:3:54200:37802:83031	O=C(NC1C(F)(F)C12CCC2)c1cc(C2C(CCn3cc(-c4ccc5cccc(F)c5n4)nn3)C2(F)F)ccn1	0.007753
rxn:3:50873:505:93613	Cc1cc(C2C(Cn3cc(-c4ccc(C(F)(F)F)c(F)c4)nn3)C2(F)F)cnc1C(=O)NC[C@@H]1C[C@H]2C[C@@H]1CC2(F)F	0.007749
rxn:3:64961:38979:83988	CC(C)CC(NC(=O)c1cnc(N2CC(Cn3cc(C4CCc5ccccc54)nn3)CC2=O)nc1)C1C2CC3CC(C2)CC1C3	0.007745
rxn:3:40748:37328:116089	CCn1ncc(C)c1-c1cc(-c2cn(CC=Cc3cccc(C(=O)NC4(C(C)C)CCC4)c3F)nn2)ccn1	0.007741
rxn:3:50708:18741:92674	Cc1cc(C(=O)NCC2CC3(CO2)CC3(C)C)ccc1C1C(Cn2cc(-c3cn(CC4CC4(F)F)nc3C)nn2)C1(F)F	0.007739
rxn:3:40762:18244:118843	Cc1nc2ccccc2n1Cc1cn(CC=Cc2cc(F)ccc2C(=O)NC2CC2(C)c2ccccc2)nn1	0.007728
rxn:3:51071:17879:85342	CSc1ncc(C2C(Cn3cc(-c4nccn4C4CCSC4)nn3)C2(F)F)c(C(=O)NCC2CC3CC3C2)n1	0.007727
rxn:3:46252:2998:137138	Cc1ccc(C=CCCn2cc(Cc3cc(F)cc(F)c3)nn2)cc1C(=O)NC(C)C1CCC2(CCOCC2)CC1	0.007721
rxn:3:48101:38811:103362	Cc1nc2cccnn2c1-c1cn(-c2cccc(OCC(=O)Nc3cc(OC(C)C)c4ccoc4c3)c2)nn1	0.007716
rxn:3:62770:28876:89757	CC(C)C1OC(C)C1NC(=O)C(c1ccc(F)cc1)N1CC(Cn2cc(-c3ccccc3C3C(CC#N)C3(F)F)nn2)CC1=O	0.007699
rxn:3:60038:3617:161719	CCc1ccc(COc2ccc(C)cc2NC(=O)C2CCCC(n3cc(Cn4cccc4C#N)nn3)C2)s1	0.007698
rxn:3:52742:22937:74288	CCc1cccc(-c2cn(CCC3CC3c3ccc(C)c(C(=O)NCc4ccc(C5COC5)cc4)c3)nn2)n1	0.007697
rxn:3:56158:17911:92885	Cc1cc(C2CC2Cn2cc(-c3cnn(-c4cc(C(C)(C)C)ccn4)c3)nn2)ccc1C(=O)NCC12CC(F)(CO1)C2	0.007688
rxn:3:59823:3138:70403	Cc1ccc(Cc2cn(-c3ccc(C(=O)N[C@@H](C)c4ccc5c(c4)CC(C)O5)cc3C(F)(F)F)nn2)cc1F	0.007684
rxn:3:56512:32384:66278	COc1ccc(C(=O)NC2CC3(CCOCC3)Oc3ccc(C)cc32)c(C2CC2Cn2cc(-c3ccc(F)nn3)nn2)c1	0.007670
rxn:3:50702:6585:125275	Cc1cccc(C2C(Cn3cc(CN4CCn5nccc5C4)nn3)C2(F)F)c1C(=O)NCC1C2CCc3ccccc3C21	0.007658
rxn:3:63534:1056:111335	Cc1ccc(C(=O)Nc2ccsc2C2CCCCC2)c(N2CC(Cn3cc(Cn4nccc4C)nn3)CC2=O)c1	0.007654
rxn:3:51876:9938:108745	O=C(N[C@@H]1C[C@@H]1F)c1cscc1C1CC1CCn1cc(CSc2nc(-c3cccs3)cs2)nn1	0.007646
rxn:3:51021:31210:130340	N#Cc1ccc(-c2cn(CC3C(c4ccc(F)c(C(=O)N[C@]56CC[C@H]7C[C@H](C[C@H](C7)C5)C6)c4F)C3(F)F)nn2)c(F)c1F	0.007621
rxn:3:45154:17645:118768	C[C@@H](NC(=O)Cc1ccc(-n2cc(-c3cc(C4CCCC4)n(CC(F)F)n3)nn2)cc1)c1ccc2c(c1)OCC2	0.007588
rxn:3:63484:18672:125665	Cc1cc(C(=O)NC2CCCC(C)(C)C2)ccc1N1CC(Cn2cc(-c3cn(CC4CCC4)nc3C(C)C)nn2)CC1=O	0.007583
rxn:3:50672:417:117807	CC[C@H]1CC[C@H](CNC(=O)c2ccc(F)cc2C2C(Cn3cc(-c4cnn(CC5CC(C)C5)c4)nn3)C2(F)F)CC1	0.007573
rxn:3:56103:8645:83963	CC1(NC(=O)c2cc(C3CC3Cn3cc(-c4ccc(C#N)c(C(F)(F)F)c4)nn3)ccc2F)Cc2ccccc21	0.007559
rxn:3:50647:23827:121165	Cc1sc(C)c(NC(=O)c2cc(C3C(Cn4cc(C5(n6ccnc6)CCCC5)nn4)C3(F)F)ccc2F)c1C	0.007547
rxn:3:40003:20704:85508	O=C(NCC12CCC(CC1(F)F)C2)c1ccc(C=CCn2cc(-c3cc(C4CC4)nn3CC3CC3(F)F)nn2)s1	0.007533
rxn:3:56859:2537:121661	CC(C)c1ccccc1-c1cn(CC2CC2c2ccc(C(F)(F)F)cc2C(=O)NCC2CC(C3CCC3)C2)nn1	0.007528
rxn:3:56439:24137:138690	O=C(Cc1ccc(F)cc1C1CC1Cn1cc([C@@H]2CC[C@@H]2C(F)(F)F)nn1)Nc1ccccc1OCC1CCOC1	0.007501
rxn:3:56329:20379:90664	Cc1cc(C2CC2Cn2cc(-c3cc(C(C)C)nn3C(C)C(F)(F)F)nn2)cnc1C(=O)NC1(CC2CC2)CCC1	0.007498
rxn:3:46232:39692:92846	CCN(CC)c1ccc(-c2cn(CCC=Cc3c(F)cccc3C(=O)NC3(C)C4CCC(C4)C3(C)C)nn2)cc1	0.007493
rxn:3:64330:2029:71590	CCC[C@H](NC(=O)c1ccc(F)c(F)c1N1CC(Cn2cc(C3CCCN(C)C3)nn2)CC1=O)c1cccc(C(C)C)c1	0.007471
rxn:3:61926:16780:138407	COc1cc(NC(=O)[C@@H](COC(C)(C)C)n2cc(-c3cnn(C4CCCSC4)c3C)nn2)cc(C2CCCCC2)c1	0.007459
rxn:3:58340:2724:72530	CC(C)c1ccccc1C(C)NC(=O)c1c(F)ccc(CCCn2cc(CC3CCC(C)(C)CC3)nn2)c1F	0.007457
rxn:3:50843:36627:73252	Cc1nccc(-c2ccccc2-c2cn(CC3C(c4cc(C(=O)NC5CC6COC5C6)c(F)cn4)C3(F)F)nn2)c1F	0.007436
rxn:3:41073:8658:77853	CSc1ncc(-c2cn(CC=Cc3ccc(F)c(C(=O)NC(CC(C)C)c4ccco4)c3F)nn2)n1C	0.007418
rxn:3:54197:2625:127777	Cn1ccc2cc(-c3cn(CCC4C(c5cccc(C(=O)NCC6(C)CCOC6C6CC6)n5)C4(F)F)nn3)ccc21	0.007414
rxn:3:50979:7694:141130	Cc1cnc(C)c(-c2cn(CC3C(c4cc(CC(=O)NCc5ccc6c(c5)C(C)(C)OC6)ccc4F)C3(F)F)nn2)n1	0.007414
rxn:3:50803:37877:146637	Cc1c(F)ccc(-c2cn(-c3ccc(C(=O)Nc4ccc5c(c4)C(C)(C)c4ccccc4-5)cc3)nn2)c1C	0.007411
rxn:3:46059:38746:96221	O=C(N[C@H](c1cccc2c1OC(F)(F)O2)C1CCC1)c1cccnc1C=CCCn1cc(-c2ncc(F)cn2)nn1	0.007406
rxn:3:63318:18162:113459	COc1cccc(N2CC(Cn3cc(-c4c5c(nn4CCF)CCSC5)nn3)CC2=O)c1C(=O)NCC1CCC2(CCC2)CC1	0.007385
rxn:3:63588:6318:109686	CCC1(C)CC(NC(=O)c2ccc(C)c(N3CC(Cn4cc(Cn5nnc6c5CCC6)nn4)CC3=O)c2)c2ccccc2O1	0.007383
rxn:3:63318:7672:107252	CCc1cccc2sc(-c3cn(CC4CC(=O)N(c5cccc(OC)c5C(=O)N[C@@H]5CCO[C@H]5C5CC5)C4)nn3)nc12	0.007332
rxn:3:55877:30291:99534	Cc1nn(C)c(C)c1-c1cn(CC2CC2c2cncc(C(=O)NCc3sccc3OC3CCCC(C)C3)c2)nn1	0.007326
rxn:3:40787:2831:87765	Cc1cccc(C=CCn2cc(C3(c4cn(C)c5ccccc45)CC3)nn2)c1C(=O)N[C@H](C)C1(C)CCCC1	0.007313
rxn:3:48005:37729:95926	CSc1ccc(-c2cn(-c3ccsc3C(=O)Nc3ccc(OCC4CCCCC4)c(C)c3)nn2)cn1	0.007308
rxn:3:53630:30343:119485	CCC(C)n1ccc(-c2cn(CCC3C(c4csc(C(=O)N[C@H]5COc6c(C)cccc65)c4)C3(F)F)nn2)n1	0.007290
rxn:3:41107:37835:98158	COc1cc(C2(CNC(=O)c3ccc(C=CCn4cc(-c5cn6c(n5)CCC6)nn4)cc3OC)CCC2)ccc1C	0.007274
rxn:3:48103:16800:71543	CCCn1ncc(-c2cn(-c3ccccc3OCC(=O)Nc3cc4cccc(OC)c4s3)nn2)c1CC	0.007272
rxn:3:46234:7399:82792	COc1cc(S(C)(=O)=O)c(OC)cc1NC(=O)c1cccc(C=CCCn2cc(-c3cnn4c3CCC4)nn2)c1F	0.007267
rxn:3:45159:2690:159937	Cc1cccc2cc(C(NC(=O)CCc3ccc(-n4cc(C5(C(C)(F)F)CC5)nn4)cc3)C(C)(C)C)oc12	0.007261
rxn:3:40555:16799:82953	CCc1c(-c2cn(CC=Cc3ccc(C(=O)NCc4cc(C(C)(C)C)ccc4OC)nc3)nn2)cnn1C1CC1	0.007259
rxn:3:54404:28061:70466	N#CCC=Cc1ccc(-c2cn(CCC3C(c4cc(C(=O)NCC5CCC56CCC6)ccc4F)C3(F)F)nn2)cc1	0.007257
rxn:3:60078:39007:84158	Cc1cnc(-c2cn(CCn3ccn4nc(C(=O)N[C@@H](c5ccc(C)s5)C5CCCCC5)cc34)nn2)c(F)c1	0.007252
rxn:3:48016:1167:93202	Cc1cccc(C2(NC(=O)C(c3csc4ccccc34)n3cc(-c4cn5cccc(C)c5n4)nn3)CC2C)c1	0.007248
rxn:3:56475:367:114198	CCc1cc(CNC(=O)c2cc(F)c(F)cc2C2CC2Cn2cc(-c3cnn(C(F)F)c3)nn2)ccc1OC	0.007214
rxn:3:56113:6299:136979	COc1ccccc1C1OCC1NC(=O)c1cccc(C2CC2Cn2cc(Cn3nnc4c3CCCCC4)nn2)c1F	0.007204
rxn:3:60038:15514:124694	CCCc1nn(CCF)cc1-c1cn(C2CCCC(C(=O)NC(CC)c3cc4ccccc4s3)C2)nn1	0.007189
rxn:3:62779:510:108979	COC1CC(CNC(=O)C(c2cccc(F)c2F)N2CC(Cn3cc(-c4cc(F)cc(C(F)(F)F)c4)nn3)CC2=O)C12CCC2	0.007179
rxn:3:40948:16977:139783	CCn1ncc(-c2cn(CC=Cc3cnc(C(=O)NC4CC(OC(C)(C)C)C45CCC5)c(C)c3)nn2)c1C1CCCCC1	0.007174
rxn:3:54202:17877:131424	CC(C)CCn1ccnc1-c1cn(CCC2C(c3cnccc3C(=O)NC3CCOC4(CCCCCC4)C3)C2(F)F)nn1	0.007154
rxn:3:58257:1066:147386	Cc1cc(CCCn2cc(-c3ccc4c(c3)CCCN4C)nn2)cnc1C(=O)Nc1c(C)oc2ccccc2c1=O	0.007146
rxn:3:40555:11759:154112	CCN1CCCC1c1cn(CC=Cc2ccc(C(=O)NC(c3ccccc3C)c3cc(C)ccc3C)nc2)nn1	0.007139
rxn:3:56475:17896:119655	Cc1cccc(-n2nccc2-c2cn(CC3CC3c3cc(F)c(F)cc3C(=O)Nc3cc(C)sc3C)nn2)n1	0.007109
rxn:3:59446:19995:121040	CCc1cc(-c2cn([C@H]3C[C@@H](C(=O)NCC4(Cc5cccc(C)c5C)CC4)C3)nn2)n(Cc2ccc(F)cc2)n1	0.007104
rxn:3:40749:3068:69371	Cc1ccc(NC(=O)c2ccc(C=CCn3cc(C(C)c4cn5c(n4)CCCC5)nn3)c(F)c2)c2ccoc12	0.007101
rxn:3:60638:1779:67868	Cc1ccccc1CSCc1cn(-c2ccc(C(=O)NC(C)c3ccc(C(C)(F)F)s3)c(C)c2)nn1	0.007099
rxn:3:61600:19504:72661	Cc1cc(C)c(Cn2cc(-c3cn(CCOc4ccc(F)cc4C(=O)NC4CC(F)(F)C4(C)C)nn3)cn2)cc1C	0.007058
rxn:3:51290:6317:141875	Cc1cc(CNC(=O)c2cc3cc(C4C(Cn5cc(Cn6nnc7c6CCN(C)C7)nn5)C4(F)F)ccc3o2)c(C)o1	0.007048
rxn:3:53843:6952:128638	CC1CC2(CO1)CC(NC(=O)c1csc(C3C(CCn4cc(Cn5nc(-c6ccncc6)cc5C#N)nn4)C3(F)F)n1)C2	0.007023
rxn:3:40560:18903:82971	CC(c1c(F)cccc1F)n1nccc1-c1cn(CC=Cc2ccc(C(=O)NCC34CCC(C)(CC3)OC4)cn2)nn1	0.007023
rxn:3:63635:38333:129416	Cc1nc(N2CC(Cn3cc(-c4cccc(F)c4)nn3)CC2=O)ncc1C(=O)NC(Cc1cccs1)CC1CCCO1	0.007018
rxn:3:40787:27780:125706	COc1ccc2ccccc2c1NC(=O)c1c(C)cccc1C=CCn1cc(-c2nc(C)c3ncn(C)c3n2)nn1	0.007016
rxn:3:50034:2890:141296	CCOc1ccccc1CC(C)NC(=O)c1csc(C2C(Cn3cc(-c4cccc(F)c4C)nn3)C2(F)F)n1	0.007007
rxn:3:41076:8725:76448	O=C(NCc1ccccc1OC1CCC1)c1cc(F)c(F)cc1C=CCn1cc(-c2ccn(C(F)F)n2)nn1	0.006994
rxn:3:54193:31348:90339	Cc1c(NC(=O)c2cncc(C3C(CCn4cc(-c5ncc(C#N)cn5)nn4)C3(F)F)c2)cccc1OCC(C)C	0.006988
rxn:3:65227:5290:93295	CCCc1nnnn1Cc1cn(CC2CC(=O)N(c3ccc(C(=O)N[C@H]4c5cc(C)ccc5CO[C@H]4C)c(F)c3F)C2)nn1	0.006988
rxn:3:51283:27771:131633	O=C(N[C@@H]1CCOC2(CCCC2)C1)C1(c2ccccc2C2C(Cn3cc(-c4nc(C(F)(F)F)nc5c4CCC5)nn3)C2(F)F)CC1	0.006986
rxn:3:49937:17992:114889	CCc1ccccc1[C@@H](C)NC(=O)c1[nH]ncc1C1C(Cn2cc(-c3c4c(nn3C(C)(C)C)CSC4)nn2)C1(F)F	0.006986
rxn:3:65401:37877:137186	Cc1ccc(C2C(CNC(=O)c3cncc(N4CC(Cn5cc(-c6ccc(F)c(C)c6C)nn5)CC4=O)n3)C2(F)F)cc1C	0.006955
rxn:3:58229:17694:130603	COc1cc(C)cc2c1OCCC2NC(=O)c1cc(CCCn2cc(-c3cc(CC4CCC4)n(C)n3)nn2)ncc1F	0.006939
rxn:3:56114:5468:134420	COc1ccc(C2(NC(=O)c3ccc(C4CC4Cn4cc(-c5cn(C)nc5C#N)nn4)c(F)c3)CCC(F)(F)CC2)cc1	0.006915
rxn:3:65401:38787:117853	CCC(C)[C@H](NC(=O)c1cncc(N2CC(Cn3cc(-c4cc(F)cc(C#N)c4)nn3)CC2=O)n1)c1cc(C)cc(C)c1	0.006908
rxn:3:42621:39281:170381	Cc1ccccc1SC(C)c1cccc(NC(=O)c2ccccc2Cn2cc(-c3nccn3C)nn2)c1	0.006886
rxn:3:58119:14323:105454	O=C(N[C@@]12CCC(F)(F)[C@@H]1C2)c1ccc(F)cc1CCCn1cc(-c2ccc(-c3cccc(F)c3)s2)nn1	0.006832
rxn:3:50319:8:68913	Cc1cccc(C(NC(=O)c2ncc(C3C(Cn4cc(-c5ccc(N6CCCC6)nn5)nn4)C3(F)F)cn2)C(C)C)c1C	0.006829
rxn:3:60340:5189:78256	COc1ccc(OC2CCCCC2NC(=O)c2ccc(-n3cc(C(C)Cc4ccc(F)cc4)nn3)c(C)c2)cc1	0.006823
rxn:3:54935:2489:166118	Cc1cc(C)cc(Oc2cccc(NC(=O)C3CC3c3ccccc3-n3cc(C(C)(C)N4CCC4)nn3)c2C)c1	0.006822
rxn:3:58111:31798:74986	C[C@@H](NC(=O)c1ccc(CCCn2cc(-c3cc(F)cnc3C(F)(F)F)nn2)cc1F)c1cccc2c1OCCO2	0.006803
rxn:3:50699:8562:78430	Cc1ccc(C2C(Cn3cc(CCc4ccn(C)c4)nn3)C2(F)F)cc1C(=O)Nc1ccc2ccsc2c1	0.006799
rxn:3:60078:35061:141949	CC(C)c1cccc(C(F)(F)CNC(=O)c2cc3n(CCn4cc(-c5ccc6nccnc6c5)nn4)ccn3n2)c1	0.006770
rxn:3:64954:39474:104667	O=C(N[C@H]1CCCCC[C@H]1Oc1ccccc1)c1cnc(N2CC(Cn3cc(CCn4cncn4)nn3)CC2=O)cn1	0.006766
rxn:3:65592:35987:141427	Cc1csc(C(C)NC(=O)Cc2nnc(N3CC(Cn4cc(-c5cccc(-c6nccn6C)c5)nn4)CC3=O)[nH]2)c1	0.006760
rxn:3:57643:39799:122601	CC(C)(C)C1CCC(NC(=O)c2ccccc2CCCn2cc(Cn3cc(-c4ccc(F)cc4)cn3)nn2)CC1	0.006735
rxn:3:48005:17622:126585	Cc1cc2c(cc1CCC(C)(C)NC(=O)c1sccc1-n1cc(-c3cc(C4CCC4)n(CCF)n3)nn1)OCO2	0.006729
rxn:3:62323:18731:129005	COc1ccc(-c2ccccc2)c(NC(=O)C(C)Cn2cc(-c3cn(C(C)C(F)F)nc3C(F)(F)F)nn2)c1	0.006716
rxn:3:51022:2979:140796	COc1c(C)cc([C@H](NC(=O)c2c(F)cc(C3C(Cn4cc(-c5cnnn5C)nn4)C3(F)F)cc2F)C2CC2)cc1C	0.006701
rxn:3:40007:2184:137018	Cc1c(C)c(C)c([C@H](NC(=O)c2cscc2C=CCn2cc(C(C)n3cccn3)nn2)C(C)(C)C)c(C)c1C	0.006698
rxn:3:55874:35821:127304	C=C(C)c1ccc(-c2cn(CC3CC3c3nc(C)c(C(=O)NC4CCc5c(C(C)C)cccc54)s3)nn2)cc1	0.006679
rxn:3:46364:39080:111721	Cc1cnc(C(=O)N[C@@H]2[C@@H]3CC[C@@H](C3)[C@H]2C(C)C)c(C=CCCn2cc(-c3ccc(F)c4ccccc34)nn2)c1	0.006674
rxn:3:63565:39529:85271	Cc1cc(C)c(N2CC(Cn3cc(CN4C(C)(C)CCCC4(C)C)nn3)CC2=O)c(C(=O)NC2Cc3ccccc3OC2C(C)C)c1	0.006662
rxn:3:46240:2590:113792	COc1ccccc1C1(C)CC1NC(=O)c1cc(F)cc(C=CCCn2cc(Cc3ccc(F)c(C)c3)nn2)c1	0.006646
rxn:3:65314:39006:114641	CCc1ccccc1CC(CC)NC(=O)c1c(F)cccc1N1CC(Cn2cc(-c3ncc(F)cc3C)nn2)CC1=O	0.006637
rxn:3:60340:6911:81163	CCC(NC(=O)c1ccc(-n2cc(Cn3nc(-c4ccsc4)cc3CC#N)nn2)c(C)c1)c1ccc(C)s1	0.006622
rxn:3:40002:6439:80749	CC(C)Oc1ccccc1NC(=O)c1sccc1C=CCn1cc(-c2cc(-c3cnn(C)c3)cs2)nn1	0.006606
rxn:3:54419:337:88863	O=C(Nc1cc(=O)c2ccccc2s1)c1ccc(F)cc1C1C(CCn2cc(Cc3ccncc3)nn2)C1(F)F	0.006595
rxn:3:50432:411:98373	Cc1ccncc1-c1cn(CC2C(c3cccnc3C(=O)NC(C)CCCc3ccc4c(c3)CCC4)C2(F)F)nn1	0.006586
rxn:3:56857:271:107905	COCc1ccc(NC(=O)c2cc(C3CC3Cn3cc(Cc4ccccc4F)nn3)cc(C(F)(F)F)c2)cc1	0.006583
rxn:3:45142:37260:119743	CCc1ccc2c(c1)[C@H](NC(=O)COc1ccc(-n3cc(-c4cncc(-c5ccc(F)cc5C)c4)nn3)cc1)CO2	0.006577
rxn:3:64954:30291:90680	CCOc1ccc(NC(=O)c2cnc(N3CC(Cn4cc(-c5c(C)nn(C)c5C)nn4)CC3=O)cn2)cc1CS(C)(=O)=O	0.006571
rxn:3:40788:7626:106510	COc1cccc(CCC(C)(C)NC(=O)c2ccc(C)c(C=CCn3cc(-c4cc(C#N)ccc4F)nn3)c2)c1	0.006570
rxn:3:57778:7049:122998	CC(C)(NC(=O)c1ncc(CCCn2cc(-c3cccnc3N3CCCCCC3)nn2)cn1)C1(c2ccccc2)CC1	0.006567
rxn:3:51936:20251:94819	COc1cccc2c1CC[C@@H]2NC(=O)c1ccc(C2CC2CCn2cc(CN3CCN(c4ccc(F)cc4)CC3)nn2)o1	0.006563
rxn:3:53318:19503:93586	CC12CC(C1)C(NC(=O)CC1C(c3ccccc3-n3cc(-c4cnn(Cc5ccccc5C5CC5)c4)nn3)C1(F)F)CO2	0.006552
rxn:3:56433:19199:79267	CC(C1CCC1)n1cc(-c2cn(CC3CC3c3cc(CC(=O)NCC4CCc5ccccc54)ccc3F)nn2)cn1	0.006547
rxn:3:50435:18537:118736	CCn1cc(C(C)C)c(-c2cn(CC3C(c4cccc(C(=O)NC(C)Cc5ccc(C)cc5C)n4)C3(F)F)nn2)n1	0.006538
rxn:3:46430:6385:67525	CCc1ccc([C@H](NC(=O)c2cc(F)c(C=CCCn3cc(-c4ccnc(C)n4)nn3)c(F)c2)C(C)(C)C)s1	0.006536
rxn:3:46254:19219:104384	Cc1cccc(C(C)n2cc(-c3cn(CCC=Cc4cccc(C)c4C(=O)NC4C(C)CCC4C)nn3)cn2)c1	0.006506
rxn:3:54199:27759:101287	CCn1cnc2c(C(F)(F)F)nc(-c3cn(CCC4C(c5ncccc5C(=O)N[C@H]5CCOCC5(C)C)C4(F)F)nn3)nc21	0.006501
rxn:3:42926:358:97218	CC(C)c1cccc(C2(NC(=O)c3ccc(-c4ccc(-n5cc(-c6nnn(C)c6C(F)(F)F)nn5)cc4)o3)CC2)c1	0.006490
rxn:3:56120:17536:83024	N#Cc1cc(CC2CC2)n(Cc2cn(CC3CC3c3cc(F)cc(C(=O)Nc4cccc(C56CC(C5)C6)c4)c3)nn2)n1	0.006474
rxn:3:55878:17891:79238	CCS(=O)(=O)C1C2CCC1CC(NC(=O)c1ccc(C3CC3Cn3cc(-c4ccnn4-c4ncc(F)c(C)c4F)nn3)cn1)C2	0.006463
rxn:3:55248:2489:79281	CCc1ccc(-c2cc(C)cc(NC(=O)c3cscc3C3CC3Cn3cc(C(C)(C)N4CCC4)nn3)c2)cc1	0.006462
rxn:3:56168:16821:120350	Cc1ccc(C(=O)N[C@H]2C[C@]3(C)C[C@@H](C)C[C@](C)(C2)C3)c(C2CC2Cn2cc(-c3cnn(C4CCCC4)c3C(C)C)nn2)c1	0.006460
rxn:3:54788:8680:65860	CC1(NC(=O)c2cc3cc(C4C(CCn5cc(C6CC7(CCC(F)(F)CC7)C6)nn5)C4(F)F)ccc3o2)CCCC1(F)F	0.006454
rxn:3:40558:7452:124866	Cc1ccc(F)c(-c2cn(CC=Cc3cc(C(=O)N[C@@H](C)C(c4ccccc4)c4ccccc4)ccn3)nn2)n1	0.006439
rxn:3:51497:31649:137644	O=C(NC[C@H]1CCC1(F)F)c1cc(-c2ccc(C3C(Cn4cc(-c5cccn6cncc56)nn4)C3(F)F)cc2)n[nH]1	0.006425
rxn:3:56856:23144:101894	COc1ccc(C)cc1C1C(CNC(=O)c2ccc(C3CC3Cn3cc(C4CN(C(C)C)C4)nn3)cc2C(F)(F)F)C1(F)F	0.006425
rxn:3:51023:6392:98117	CC(CNC(=O)c1cc(F)c(F)cc1C1C(Cn2cc(-c3nccn4nccc34)nn2)C1(F)F)C1(C2CCCC2)COC1	0.006423
rxn:3:54620:39050:68536	CC1CC(CNC(=O)c2c(F)ccc(C3C(CCn4cc(CN(C)[C@H]5CCc6ccccc65)nn4)C3(F)F)c2F)CC(C)O1	0.006414
rxn:3:51006:17900:87602	Cc1ccc(-n2nccc2-c2cn(CC3C(c4cc(C)c(C(=O)NCC5CC5(C)C(C)C)c(C)c4)C3(F)F)nn2)nc1	0.006401
rxn:3:40754:6393:137772	Cc1cc(NC(=O)c2ccc(C=CCn3cc(-c4cnn(Cc5cccnc5)c4)nn3)cc2F)ccc1C1CC1	0.006393
rxn:3:50702:12039:75122	Cc1ccccc1C1(CNC(=O)c2c(C)cccc2C2C(Cn3cc(CCN4CCC(C)C(C)(C)C4)nn3)C2(F)F)CCC1	0.006365
rxn:3:57627:28119:119949	CC[C@H](NC(=O)c1cccc(CCCn2cc(-c3cccc(C(C)C(F)(F)F)c3)nn2)c1)c1ccc(C)o1	0.006364
rxn:3:58106:3882:96290	Cn1ccc2cc(-c3cn(CCCc4ccc(C(=O)NCCC5(c6cccs6)CS(=O)(=O)C5)cc4F)nn3)cnc21	0.006363
rxn:3:46232:32205:123903	CCn1cc2c(F)c(-c3cn(CCC=Cc4c(F)cccc4C(=O)NCC4CC5CCCCC5O4)nn3)c(F)cc2n1	0.006353
rxn:3:56159:6971:133260	CC1CC(C)(C)CCC1NC(=O)Cc1ccc(C2CC2Cn2cc(Cn3nc(-c4ccccn4)cc3CC#N)nn2)cc1	0.006350
rxn:3:52732:18545:69936	Cc1csc(C)c1NC(=O)c1cc(F)ccc1C1CC1CCn1cc(-c2nn(CCC#N)cc2C(C)C)nn1	0.006334
rxn:3:57890:6367:101940	Cc1nc2ccccc2nc1-c1cn(CCCc2cnccc2C(=O)NC2CC(C)CC(c3ccccc3)C2)nn1	0.006333
rxn:3:45855:27838:117296	Cc1ccc2nc(-c3cn(CCC=Cc4ccccc4C(=O)NCC4(CC5CCC5)CC4)nn3)ccc2c1C	0.006332
rxn:3:41118:12214:97478	CCN1C[C@@H](F)[C@H](c2cn(CC=Cc3cnc(SC)nc3C(=O)N[C@@H](c3ccc(C)c(C)c3)C3CCOCC3)nn2)C1	0.006314
rxn:3:62827:38286:119583	CSc1nc(-c2cn(CC3CC(=O)N([C@@H](C(=O)NCC4CC5OCCC5O4)c4ccccc4)C3)nn2)c(C)c(C(F)F)n1	0.006298
rxn:3:65144:28709:72653	C[C@H](NC(=O)c1cc(F)cc(N2CC(Cn3cc(-c4cccnc4-n4cncn4)nn3)CC2=O)c1)C1CCc2ccccc2C1	0.006295
rxn:3:56170:39618:89650	CCc1c(C(C)NC(=O)c2cc(C)ccc2C2CC2Cn2cc(CN(C)C3CCN(C)CC3)nn2)oc2ccccc12	0.006282
rxn:3:50983:11679:78124	CCc1ccccc1-c1cn(CC2C(c3ccc(CC(=O)NCc4cccc5c4CCCC5)c(F)c3)C2(F)F)nn1	0.006281
rxn:3:51426:8678:86848	Cc1cccc(C2(NC(=O)c3cc(C(F)(F)F)ccc3C3C(Cn4cc(-c5cnc(C#N)c(C)c5)nn4)C3(F)F)COC2)c1	0.006273
rxn:3:64480:27858:71032	CCCC(F)(CNC(=O)c1cc(F)c(N2CC(Cn3cc(-c4ncc5c(n4)CCC5)nn3)CC2=O)cc1F)c1ccccc1	0.006253
rxn:3:56168:1147:120735	CCc1cccc([C@H](C)NC(=O)c2ccc(C)cc2C2CC2Cn2cc(-c3ccc(C)c(C(F)(F)F)c3)nn2)c1	0.006248
rxn:3:57884:6862:95502	COc1ccc2c(c1)OCC[C@H]2NC(=O)c1ncccc1CCCn1cc(Cn2nc(-c3ccsc3)cc2C)nn1	0.006247
rxn:3:55245:6996:136554	Cc1cc(-c2cn(CC3CC3c3ccc(C(=O)N[C@H](c4ccc(C(C)C)cc4)C4CCOCC4)s3)nn2)nc(C)n1	0.006246
rxn:3:58257:38842:80132	CCc1ccccc1-c1ccc(C(C)NC(=O)c2ncc(CCCn3cc(-c4cccnc4)nn3)cc2C)o1	0.006227
rxn:3:51876:38205:76020	Cc1ccc(-c2cn(CCC3CC3c3cscc3C(=O)N[C@@H](c3cccc(C)c3)C3CCCCC3)nn2)nc1	0.006227
rxn:3:62839:19160:137876	Cc1ccc(C(C)n2cc(-c3cn(CC4CC(=O)N([C@H](C(=O)NC56CCCC5OCC6)c5ccc(F)cc5)C4)nn3)cn2)c(F)c1	0.006227
rxn:3:63924:34501:131237	Cn1ncc(C(=O)NC(Cc2ccccc2)Cc2ccccc2)c1N1CC(Cn2cc(-c3ccc(F)s3)nn2)CC1=O	0.006212
rxn:3:55610:443:141921	Cc1cc(-c2cn(CC3CC3c3ccccc3C(=O)N[C@H](C)c3ccc(C)c(C)c3)nn2)c2cccc(F)c2n1	0.006207
rxn:3:49822:24137:118516	CC1(C)CCc2ccccc2[C@@H](NC(=O)c2ccsc2C2C(Cn3cc([C@@H]4CC[C@@H]4C(F)(F)F)nn3)C2(F)F)C1	0.006178
rxn:3:65390:6873:114249	CC1OC2(C)CCC1(NC(=O)Cn1cc(N3CC(Cn4cc(Cn5nc(-c6ccncc6)cc5C5CC5)nn4)CC3=O)cn1)CC2	0.006169
rxn:3:64816:9306:128088	Cc1cc(C)c(CCC(NC(=O)c2cc(F)ccc2N2CC(Cn3cc(-c4cnn(C)c4)nn3)CC2=O)C(C)(C)C)c(C)c1	0.006164
rxn:3:55248:20213:99953	CC(C)c1cc(-c2cn(CC3CC3c3cscc3C(=O)NC3CCc4ccsc43)nn2)n(C(C)C2CCC2)n1	0.006149
rxn:3:56473:18765:95431	COC1(CNC(=O)c2c(F)ccc(C3CC3Cn3cc(-c4ccnn4C(C)c4ccc(C)cc4)nn3)c2F)CCCC1	0.006134
rxn:3:59823:32709:69731	O=C(Nc1ccc(C2CCS(=O)(=O)C2)cc1)c1ccc(-n2cc(-c3c(C(F)F)nc4cccnn34)nn2)c(C(F)(F)F)c1	0.006127
rxn:3:50701:36253:140959	CCC1(NC(=O)Cc2ccc(C3C(Cn4cc(-c5ccc(-c6c(C)nn(C)c6C)cc5)nn4)C3(F)F)cc2)CC(C)C1	0.006126
rxn:3:43509:36228:132610	CCC(C)(NC(=O)c1ccc(Cn2cc(-c3cc(F)ccc3-c3cc(C)cc(F)c3)nn2)o1)c1ccccc1	0.006124
rxn:3:56857:39525:104667	CC1CCN(Cc2cn(CC3CC3c3cc(C(=O)N[C@H]4CCCCC[C@H]4Oc4ccccc4)cc(C(F)(F)F)c3)nn2)CC1	0.006116
rxn:3:41435:16799:96888	CCc1c(-c2cn(CC=Cc3ccc4cc(C(=O)Nc5cccc(S(C)(=O)=O)c5)ccc4c3)nn2)cnn1C1CC1	0.006098
rxn:3:57643:38746:165762	COc1ccc2cc(CC3CC(NC(=O)c4ccccc4CCCn4cc(-c5ncc(F)cn5)nn4)C3)ccc2c1	0.006087
rxn:3:53234:456:73719	Cc1cc(-c2cn(CCC3CC3c3ccc4cc(C(=O)NC5(C)CCC5)ccc4c3)nn2)c2cccc(C)c2n1	0.006085
rxn:3:53954:19220:77242	Cc1ccc(C)c(C(C)n2cc(-c3cn(CCC4C(c5sc(C(=O)NC[C@@H]6COCCO6)cc5C)C4(F)F)nn3)cn2)c1	0.006074
rxn:3:57890:6576:82904	C[C@H](NC(=O)c1ccncc1CCCn1cc(CN2CCn3nc(-c4ccsc4)cc3C2)nn1)c1ccc2c(c1)CC2	0.006073
rxn:3:50844:2530:106701	CSCCC(NC(=O)c1ccnc(C2C(Cn3cc(-c4cccnc4C)nn3)C2(F)F)c1F)c1ccc2c(c1)OCCO2	0.006060
rxn:3:52714:29400:104657	CC(C)(C)C(NC(=O)c1ccc(F)c(C2CC2CCn2cc(-c3ccc(C(F)(F)F)cc3N3CCCC3)nn2)c1)C1CC1	0.006056
rxn:3:46255:31490:88667	Cc1ccc(C(=O)Nc2c(C(C)C)sc3c2CCC3)cc1C=CCCn1cc(-c2cccc(C(C)C)n2)nn1	0.006038
rxn:3:41045:263:91985	Cc1ccc(C(NC(=O)Cc2ccc(F)cc2C=CCn2cc(Cc3cccnn3)nn2)c2ccccc2C)cc1	0.006033
rxn:3:65227:37101:68816	Cc1ncc(-c2ccccc2-c2cn(CC3CC(=O)N(c4ccc(C(=O)NCCC5CCC5(F)F)c(F)c4F)C3)nn2)n1C	0.006021
rxn:3:41045:37304:117305	Cc1cnn(C)c1-c1cccc(-c2cn(CC=Cc3cc(F)ccc3CC(=O)NC3CCC(CC(C)C)C3)nn2)c1	0.006019
rxn:3:64382:430:141272	Cc1ccc(C(C)(C)C)cc1CNC(=O)c1c(F)ccc(N2CC(Cn3cc(-c4ncnc5cnccc45)nn3)CC2=O)c1F	0.006017
rxn:3:46342:6361:87529	Cc1nnc2c(-c3cn(CCC=Cc4cc(C(=O)NC5CC5c5ccc(-c6ccccc6)o5)c(F)cn4)nn3)nccn12	0.006011
rxn:3:45611:32205:141957	CCn1cc2c(F)c(-c3cn(CCC=Cc4ccc(C(=O)Nc5ccccc5OC5COC5)o4)nn3)c(F)cc2n1	0.006007
rxn:3:56168:381:104865	COc1cccc(-c2ccc(CNC(=O)c3ccc(C)cc3C3CC3Cn3cc(-c4cnn(C)c4CF)nn3)o2)c1	0.006005
rxn:3:64608:31822:69562	CC12CCC(CC(CCNC(=O)c3ccc(N4CC(Cn5cc(-c6cnc(C#N)c(C(F)(F)F)c6)nn5)CC4=O)cc3F)C1)C2(C)C	0.006004
rxn:3:53630:2803:136678	Cc1cc(C)cc(CC(C)NC(=O)c2cc(C3C(CCn4cc(C(C)(C)c5cccnc5)nn4)C3(F)F)cs2)c1	0.005996
rxn:3:64126:18683:141351	CC(C)c1nn(C(C)C(C)(C)C)cc1-c1cn(CC2CC(=O)N(C[C@H]3CC[C@H](C(=O)NCC4CC5(CCC(F)(F)CC5)C4)CC3)C2)nn1	0.005991
rxn:3:58230:19682:71987	Cc1cc(-c2cn(CCCc3nccc(C(=O)NC4CCc5ccsc5C4)c3F)nn2)n(Cc2ccc(F)cc2F)n1	0.005991
rxn:3:63281:6356:141559	COc1ccc(C(=O)N[C@H](C)COc2ccccc2)cc1N1CC(Cn2cc(-c3nccc4sccc34)nn2)CC1=O	0.005988
rxn:3:46239:16835:75695	Cc1ccccc1-n1ncc(-c2cn(CCC=Cc3ccc(C(=O)N[C@@H]4C[C@H]4C4CCC4)c(F)c3)nn2)c1C1CC1	0.005982
rxn:3:64961:27760:79997	CCC(C)c1ccc(NC(=O)c2cnc(N3CC(Cn4cc(-c5nc(C(F)(F)F)nc6c5ncn6C)nn4)CC3=O)nc2)cc1	0.005977
rxn:3:52482:37440:72111	CCn1ncc(C)c1-c1cccc(-c2cn(CCC3CC3c3nc(C)c(C(=O)NC4C(C)(C)OC45CCCOC5)s3)nn2)c1	0.005976
rxn:3:64322:6312:81135	CCc1cc(C)cc(NC(=O)c2cc(F)cc(F)c2N2CC(Cn3cc(Cn4nnc5c4C4(C)CCC5C4(C)C)nn3)CC2=O)c1	0.005961
rxn:3:65150:24214:99946	CS(=O)(=O)c1ccccc1C(F)(F)CNC(=O)c1cc(N2CC(Cn3cc(-c4cccc(C(F)F)n4)nn3)CC2=O)ccn1	0.005951
rxn:3:63514:28708:115210	Cc1ccc(C(=O)NC2CCC2(C)c2ccccc2)c(N2CC(Cn3cc(-c4cccnc4-n4ccnc4)nn3)CC2=O)c1C	0.005935
rxn:3:58129:27773:67480	Cc1cc(C)c2cccc(-c3cn(CCCc4ccc(C)c(C(=O)N[C@@H](c5ccoc5)C(C)C)c4)nn3)c2n1	0.005930
rxn:3:59957:19232:142026	Cc1cc(F)cc(C(C)n2cc(-c3cn([C@@H](C)CC(=O)NCc4sccc4Cc4ccccc4)nn3)cn2)c1	0.005916
rxn:3:40948:15520:98172	CCCc1nn(CC(C)(C)C)cc1-c1cn(CC=Cc2cnc(C(=O)N[C@@H]3[C@@H](c4ccccc4)C3(F)F)c(C)c2)nn1	0.005907
rxn:3:63598:9959:137152	Cc1ccc(N2CC(Cn3cc(CSc4nc(-c5cccnc5)cs4)nn3)CC2=O)cc1C(=O)NC1CCCC2C(F)C12	0.005900
rxn:3:64330:9305:68653	O=C(NCC1C(c2ccc3c(c2)CC3)C1(F)F)c1ccc(F)c(F)c1N1CC(Cn2cc(-c3cc(F)ccc3F)nn2)CC1=O	0.005891
rxn:3:53780:6607:74504	COc1cc(NC(=O)c2ncccc2OCCn2cc(Cn3ccn4ncc(-c5ccccn5)c34)nn2)cc2occc12	0.005873
rxn:3:50656:6878:80042	O=C(NCC1(F)COCCOC1)c1ccc(F)c(C2C(Cn3cc(Cn4nc(-c5cccnc5)cc4C4CC4)nn3)C2(F)F)c1	0.005870
rxn:3:40920:2086:106610	COc1cccc(OCc2ccccc2)c1NC(=O)c1ccnc(C=CCn2cc(C3C(C)(C)C3(C)C)nn2)c1F	0.005848
rxn:3:50987:18760:125359	CC(n1cc(-c2cn(CC3C(c4ccc(F)cc4CC(=O)NC4CCOCC45CCOCC5)C3(F)F)nn2)c(C2CCC2)n1)C(F)(F)F	0.005841
rxn:3:40757:15640:86576	COc1ccc2c(c1)CCC(F)C2NC(=O)c1c(F)cccc1C=CCn1cc(-c2cn(C3CC3)nc2C(F)F)nn1	0.005821
rxn:3:61524:19156:103954	Cc1ccc(C(C)n2cc(-c3cn(C4(C(=O)Nc5sc(C)cc5-c5cccs5)CCCC4)nn3)cn2)c(C)c1	0.005819
rxn:3:52738:38605:113565	COc1ccc(C(NC(=O)c2cccc(C)c2C2CC2CCn2cc(-c3ccc(C)cc3C)nn2)C(C)C)cc1	0.005817
rxn:3:64315:1066:98271	Cc1ccc(OC(C)C)cc1NC(=O)c1cc(F)c(F)cc1N1CC(Cn2cc(-c3ccc4c(c3)CCCN4C)nn2)CC1=O	0.005813
rxn:3:64900:27768:102875	Cc1cc(C(F)(F)F)nc(-c2cn(CC3CC(=O)N(c4cccc(C(=O)N[C@@H]5[C@H]6CC[C@H](C6)[C@H]5c5ccccc5)c4F)C3)nn2)n1	0.005808
rxn:3:40919:18814:92495	COc1ccc(NC(=O)c2cc(C=CCn3cc(-c4ccnn4C(C)C4CCCCC4)nn3)ncc2F)c(OC)c1C	0.005806
rxn:3:63233:2998:105684	COc1cc(C(=O)Nc2ccc(S(=O)(=O)C(C)C)cc2C)ccc1N1CC(Cn2cc(Cc3cc(F)cc(F)c3)nn2)CC1=O	0.005801
rxn:3:61631:2625:119445	COc1ccc(C(NC(=O)c2ccc(OCCn3cc(-c4ccc5c(ccn5C)c4)nn3)cc2)C2CCOCC2)cc1	0.005788
rxn:3:54405:28709:102997	Cc1cccc(NC(=O)c2cccc(C3C(CCn4cc(-c5cccnc5-n5cncn5)nn4)C3(F)F)c2F)c1S(C)(=O)=O	0.005783
rxn:3:55885:7625:128193	CCCCc1cc2cc(NC(=O)c3cccnc3C3CC3Cn3cc(-c4cccc(F)c4C#N)nn3)ccc2o1	0.005782
rxn:3:41423:18022:68563	O=C(NC1CCCCC(F)C1)c1ccc(C(F)(F)F)cc1C=CCn1cc(-c2c3c(nn2C2CCCC2)CCC3)nn1	0.005779
rxn:3:45123:36633:106080	COC(C)(CNC(=O)C(C)Oc1ccc(-n2cc(-c3ccccc3-c3ccc(C)c(F)c3F)nn2)cc1)C1CCOCC1	0.005755
rxn:3:49937:15441:112106	N#Cc1cnn(-c2ccc(-c3cn(CC4C(c5cn[nH]c5C(=O)NC5(CCc6ccccc6)CC5)C4(F)F)nn3)cc2)c1	0.005753
rxn:3:46061:38356:77960	COc1cc(C(C)(C)C)ccc1CNC(=O)c1ccncc1C=CCCn1cc(-c2cccc3cnccc23)nn1	0.005746
rxn:3:50874:3938:65986	CC(C)(C)C[C@@H]1C[C@H]1NC(=O)Cc1ccc(C2C(Cn3cc(-c4ccc(-c5ccccc5)c(C#N)c4)nn3)C2(F)F)cn1	0.005740
rxn:3:51561:27781:112127	Cc1ccc2cc(CCC#N)c(-c3cn(-c4ccccc4C4CC4CC(=O)Nc4ccc5c(c4)CCO5)nn3)nc2c1	0.005734
rxn:3:59969:19121:152368	Cc1ccccc1Cn1nccc1-c1cn([C@@H]2C[C@@]3(C(=O)NC(C)c4ccccc4-c4ccc5c(c4)COC5)C[C@@H]23)nn1	0.005731
rxn:3:65286:27770:122529	CCOc1cccc(CNC(=O)Cc2cccc(N3CC(Cn4cc(-c5nc(C(F)(F)F)nc6c5CCCC6)nn4)CC3=O)c2)c1	0.005720
rxn:3:64902:6494:90406	CC(C)(C)Sc1ccccc1[C@H](NC(=O)c1cnccc1N1CC(Cn2cc(-c3cnn(CC#N)c3)nn2)CC1=O)C1CC1	0.005714
rxn:3:62829:7449:128696	COc1c(C)cc([C@@H](NC(=O)[C@H](C2CCCCC2)N2CC(Cn3cc(-c4cccc(C#N)c4C)nn3)CC2=O)C2CCCC2)cc1C	0.005713
rxn:3:59818:6421:144934	O=C(Nc1cccc2sc3ccccc3c12)c1cc(-n2cc(-c3ccc(-c4ccc(F)cc4)s3)nn2)ccc1F	0.005696
rxn:3:64709:39444:75830	CC(C)c1ccc(CC(NC(=O)c2ccc(N3CC(Cn4cc(CC(C)(C)C)nn4)CC3=O)cn2)c2ccsc2)cc1	0.005694
rxn:3:56856:1919:142071	CCN(CC)C(C)(C)c1cn(CC2CC2c2ccc(C(=O)NCc3ccc4sccc4c3)c(C(F)(F)F)c2)nn1	0.005691
rxn:3:53691:159:82414	Cc1cnc(-c2cn(CCC3C(c4ccc(C(=O)NC5CC6(CC6)Oc6ccccc65)o4)C3(F)F)nn2)c(C(F)(F)F)c1	0.005683
rxn:3:54430:3082:86673	Cc1ccc(C(=O)NC2(c3ccc(C(C)(C)C)cc3)CCCC2)cc1C1C(CCn2cc(CCC3CCCN3C)nn2)C1(F)F	0.005673
rxn:3:64902:6605:106099	CCC1(C)CCC(CNC(=O)c2cnccc2N2CC(Cn3cc(Cn4ccn5ncc(-c6ccncc6)c45)nn3)CC2=O)O1	0.005664
rxn:3:54429:7707:77153	CCC[C@H](NC(=O)c1c(C)cccc1C1C(CCn2cc(-c3ncc(C)s3)nn2)C1(F)F)c1ccc2c(c1)OCO2	0.005659
rxn:3:54425:38152:87624	Cc1cccc(C(=O)N[C@H](c2ccsc2)c2cccc3c2OCO3)c1C1C(CCn2cc(C3(N(C)C)CC3)nn2)C1(F)F	0.005653
rxn:3:45159:36964:94471	C=Cc1ccccc1-c1cccc(-c2cn(-c3ccc(CCC(=O)NCC4CCCC5OC(C)CC45)cc3)nn2)c1F	0.005645
rxn:3:62782:7715:96855	CC(NC(=O)C(C1CCCC1)N1CC(Cn2cc(-c3nnc(C(C)(C)C)s3)nn2)CC1=O)c1ccc(-c2ccccc2)cc1	0.005619
rxn:3:55246:16858:115181	CC(F)(F)c1ccccc1NC(=O)c1ccsc1C1CC1Cn1cc(-c2cnn(CC3CC3)c2C2CCC2)nn1	0.005619
rxn:3:41424:23158:117322	CCc1ccc2scc(CCNC(=O)c3cc(C(F)(F)F)ccc3C=CCn3cc(C4CCN(CC)C4)nn3)c2c1	0.005615
rxn:3:50983:8658:95186	CSc1ncc(-c2cn(CC3C(c4ccc(CC(=O)NC5CC(C(C)C)Oc6ccccc65)c(F)c4)C3(F)F)nn2)n1C	0.005615
rxn:3:59969:36014:91573	Cc1ccccc1-c1cccc(NC(=O)[C@@]23C[C@@H](n4cc(-c5ccccc5-c5cnn(C(C)(C)C)c5)nn4)[C@@H]2C3)c1C	0.005615
rxn:3:55244:38574:90886	CC(Sc1ccccc1)c1ccc(NC(=O)c2sccc2C2CC2Cn2cc(-c3cncn3C)nn2)cc1	0.005576
rxn:3:56159:36010:124332	CCn1nccc1-c1cccc(-c2cn(CC3CC3c3ccc(CC(=O)NC4CCCCC(F)(F)C4)cc3)nn2)c1F	0.005575
rxn:3:49518:2537:112086	CC(C)c1ccccc1-c1cn(-c2cccc(C3C(C(=O)NC4c5ccccc5CCC4OC4CCC4)C3(F)F)c2)nn1	0.005574
rxn:3:46061:36899:106444	Cc1ncc(-c2ccc(-c3cn(CCC=Cc4cnccc4C(=O)N[C@H](C)c4ccccc4S(C)(=O)=O)nn3)cc2)n1C	0.005573
rxn:3:54429:38765:118490	Cc1ncc(-c2cn(CCC3C(c4cccc(C)c4C(=O)NCc4cccc(OC(C)(F)F)c4)C3(F)F)nn2)s1	0.005571
rxn:3:51495:39781:116871	COc1cccc2c1C(NC(=O)c1ccc(-c3ccc(C4C(Cn5cc(-c6nccc(C)n6)nn5)C4(F)F)cc3)o1)CCO2	0.005566
rxn:3:53235:16055:129110	CC(C)Cc1ccn(-c2ccc(-c3cn(CCC4CC4c4cccc5c(C(=O)NC6COC6)cccc45)nn3)cc2)n1	0.005552
rxn:3:51357:37392:119713	Cn1nccc1-c1cc(-c2cn(CC3C(c4ccc(C(C)(C)C(=O)NC5CCC6(CC5)OCC6(F)F)cc4)C3(F)F)nn2)ccn1	0.005551
rxn:3:53780:6142:107820	CCC1CC(Cc2c(-c3cn(CCOc4cccnc4C(=O)NC4CSc5ccc(C(C)(C)C)cc54)nn3)cnn2C)C1	0.005546
rxn:3:58664:6413:91757	C[C@H](NC(=O)CCCc1ccccc1-n1cc(-c2ccc(-c3nccs3)cc2)nn1)c1ccc2occc2c1	0.005543
rxn:3:49821:17567:125580	CCc1cc(-c2cn(CC3C(c4ccc(C(=O)Nc5cc(SC)cc(C6CC6)c5)s4)C3(F)F)nn2)nn1CC	0.005536
rxn:3:62762:23799:115573	Cc1cc(C)cc(C(C(=O)NC2(c3ccc4c(c3)OC(F)(F)O4)CC2)N2CC(Cn3cc(C4(n5cccn5)CCCC4)nn3)CC2=O)c1	0.005533
rxn:3:56157:1907:91016	Cc1ccc(C2CC2Cn2cc(-c3ccc4c(c3)C(C)(C)CCN4C3CC3)nn2)cc1C(=O)NCC1(C)Cc2ccccc21	0.005525
rxn:3:63534:39735:72653	Cc1ccc(C(=O)N[C@@H](C)C2CCc3ccccc3C2)c(N2CC(Cn3cc(CC(C(F)(F)F)(C(F)(F)F)C(F)(F)F)nn3)CC2=O)c1	0.005518
rxn:3:57293:2089:69454	COc1ccccc1C(NC(=O)c1sccc1CCCn1cc(-c2cc(C)cs2)nn1)c1ccc(C)cc1	0.005517
rxn:3:62284:20300:140647	Cc1cc(C(C)(C)C)cc(C)c1CNC(=O)[C@H](CC(C)C)n1cc(-c2cc(C(C)C)nn2Cc2ccccc2)nn1	0.005516
rxn:3:59823:38328:152766	COc1ccc(Oc2c(C)cc(NC(=O)c3ccc(-n4cc(-c5nccnc5C)nn4)c(C(F)(F)F)c3)cc2C)cc1	0.005479
rxn:3:54420:31790:132773	O=C(NC1CCc2cccc3cccc1c23)c1cc(F)ccc1C1C(CCn2cc(-c3cccn4cnnc34)nn2)C1(F)F	0.005464
rxn:3:51871:6880:120771	CCc1cc(-c2cccnc2)nn1Cc1cn(CCC2CC2c2ccsc2C(=O)N[C@@H]2CCOc3ccccc32)nn1	0.005461
rxn:3:51020:6123:108734	CCC1(CNC(=O)c2cc(C3C(Cn4cc(-c5cnn(C)c5C5CCCCC5)nn4)C3(F)F)c(F)cc2F)CCC(C)(C)CC1	0.005460
rxn:3:63598:18840:92420	Cc1ccc(N2CC(Cn3cc(-c4ccnn4C(C)c4cccc(C)c4C)nn3)CC2=O)cc1C(=O)NC1COC2(CCCCC2)C1	0.005458
rxn:3:57293:23188:164820	Cc1ccccc1C(NC(=O)c1sccc1CCCn1cc(CC2(C#N)CC(F)(F)C2)nn1)c1cccc(C)c1C	0.005457
rxn:3:46232:10480:112766	Cc1cc2c(SCc3cn(CCC=Cc4c(F)cccc4C(=O)N[C@H](C)C4CCCO4)nn3)ncnc2s1	0.005454
rxn:3:50663:512:110628	COc1ccc([C@H](C)NC(=O)c2ccc(C3C(Cn4cc(-c5cc(C(F)(F)F)ccc5F)nn4)C3(F)F)cc2F)cc1	0.005452
rxn:3:62646:6533:107735	COc1ccc2occ(C(C)NC(=O)C(N3CC(Cn4cc(C(C)(C)Cc5ccccc5C)nn4)CC3=O)C(C)(C)C)c2c1	0.005451
rxn:3:52965:7673:103481	CC(C)c1cccc2sc(-c3cn(CCC4CC4c4ccc(F)c(C(=O)N[C@@H]5CC[C@H]6C[C@@H]5C6(C)C)c4F)nn3)nc12	0.005442
rxn:3:42926:18838:125359	Cc1cc(C)cc(C(C)n2nccc2-c2cn(-c3ccc(-c4ccc(C(=O)NC5CCOCC56CCOCC6)o4)cc3)nn2)c1	0.005434
rxn:3:52746:7783:121164	Cc1cc(C(=O)NC(c2ccccc2)c2cccs2)ccc1C1CC1CCn1cc(C2(C)CCCN2C(C)C)nn1	0.005425
rxn:3:56855:18021:133932	O=C(NCCC1CC2CCC1CC2)c1ccc(C2CC2Cn2cc(-c3c4c(nn3CC3CCCC3)CCC4)nn2)c(C(F)(F)F)c1	0.005422
rxn:3:55915:37440:117710	CCn1ncc(C)c1-c1cccc(-c2cn(Cc3ccc(C(=O)NC4(c5ccccc5)CCC(F)CC4)cc3)nn2)c1	0.005422
rxn:3:63452:38605:115358	Cc1ccc(-c2cn(CC3CC(=O)N(c4cccc(C(=O)NCc5ccc6c(c5)C(C)(C)CCC6(C)C)c4C)C3)nn2)c(C)c1	0.005384
rxn:3:56242:18957:116767	Cc1nn(C)c(C(=O)Nc2ccccc2O[C@@H]2CCOC2)c1C1CC1Cn1cc(-c2ccnn2Cc2cccc(F)c2F)nn1	0.005377
rxn:3:56899:7627:109641	Cc1ccc2c(c1)C(CNC(=O)Cn1cc(C3CC3Cn3cc(-c4ccc(F)cc4C#N)nn3)c3ccccc31)CCCO2	0.005374
rxn:3:50713:15624:85614	CCC(CC)n1cc(-c2cn(CC3C(c4ccc(C)cc4C(=O)NC4CCCCC4C(C)(C)C)C3(F)F)nn2)c(C(F)(F)F)n1	0.005351
rxn:3:55915:37147:126661	Cc1ccccc1-c1cc(F)cc(-c2cn(Cc3ccc(C(=O)Nc4ccccc4OCC(C)C)cc3)nn2)c1	0.005350
rxn:3:56474:382:131640	Cn1cc(-c2cn(CC3CC3c3cc(F)c(C(=O)NC4(c5cccs5)CCC(C(C)(C)C)CC4)c(F)c3)nn2)c(CF)n1	0.005346
rxn:3:55593:29402:81447	CN(C)c1cc(C(F)(F)F)ccc1-c1cn(CC2CC2c2cccc(C(=O)NCC3(c4cccc(S(C)(=O)=O)c4)CC3)c2)nn1	0.005330
rxn:3:60393:2998:130988	O=C(NC12CC1COC21CCC1)c1cccc2oc(C(F)(F)c3cccc(-n4cc(Cc5cc(F)cc(F)c5)nn4)c3)nc12	0.005328
rxn:3:53633:23630:139634	Cc1cccc(C2(CNC(=O)c3ccsc3C3C(CCn4cc(C(C)n5cc(C)cn5)nn4)C3(F)F)CCC(C)C2)c1	0.005302
rxn:3:50874:3821:75391	CC1C2(NC(=O)Cc3ccc(C4C(Cn5cc(-c6cccc(-c7cccc(C#N)c7)c6)nn5)C4(F)F)cn3)CCC(C2)C1(C)C	0.005289
rxn:3:58257:27838:133825	Cc1cccc(OCC2(NC(=O)c3ncc(CCCn4cc(-c5ccc6c(C)c(C)ccc6n5)nn4)cc3C)CC2)c1	0.005284
rxn:3:60928:17681:116694	CC(C)(C)[C@@H](NC(=O)c1cccnc1Cn1cc(-c2cc(CC3CC3)n(C3CC3)n2)nn1)c1ccc2ccccc2c1	0.005271
rxn:3:50436:6445:120089	O=C(NCC(F)Cc1cccc2ccccc12)c1ccc(C2C(Cn3cc(-c4cnn(-c5cnccn5)c4)nn3)C2(F)F)nc1	0.005258
rxn:3:54852:3012:128938	CCCC1(NC(=O)c2cccc3c(C4C(CCn5cc(-c6cc(C(C)(C)C)nn6C)nn5)C4(F)F)cccc23)CCOCC1	0.005257
rxn:3:63408:18143:136395	COC(CNC(=O)c1ccc(N2CC(Cn3cc(-c4c5c(nn4CC(F)(F)F)CCN(C)C5)nn3)CC2=O)c(C)c1C)c1ccc(C)cc1	0.005247
rxn:3:65549:6118:86991	Cc1cc2c(c(C)c1C)C(NC(=O)c1nccnc1N1CC(Cn3cc(-c4cnn(CC(C)C)c4C4CCCCC4)nn3)CC1=O)CO2	0.005246
rxn:3:61640:32427:92630	Cc1nc2c(F)c(-c3cn(CCOc4cc(C(=O)N[C@H](C)c5ccc6c(c5)OCCCO6)ccc4C)nn3)c(F)cc2s1	0.005243
rxn:3:50174:3007:135971	COc1c(C)cc(C2C(CNC(=O)c3ccccc3C3C(Cn4cc(C(C)(C)C5CCCCC5)nn4)C3(F)F)C2(F)F)cc1C	0.005237
rxn:3:59446:7693:145045	COc1ccc(-c2ccc(NC(=O)[C@H]3C[C@@H](n4cc(-c5nc(C)nc6sc7c(c56)CCC(C)C7)nn4)C3)cc2)cc1OC	0.005228
rxn:3:64816:29674:77297	CCC[C@@H](NC(=O)c1cc(F)ccc1N1CC(Cn2cc(-c3cccc(F)c3C3CC3)nn2)CC1=O)c1ccccc1C	0.005220
rxn:3:56158:30371:124692	Cc1cc(C2CC2Cn2cc(-c3ccn(CC(F)(F)F)n3)nn2)ccc1C(=O)NC[C@@H](C)c1cccc2ccccc12	0.005208
rxn:3:56874:35061:110676	Cc1c(C)c(C)c(NC(=O)c2ccc3cc(C4CC4Cn4cc(-c5ccc6nccnc6c5)nn4)ccc3c2)c(C)c1C	0.005207
rxn:3:50034:38890:112221	CCCCC(NC(=O)c1csc(C2C(Cn3cc(-c4cccc(F)c4F)nn3)C2(F)F)n1)c1cc(C)ccc1C	0.005201
rxn:3:41421:18002:107992	COc1cc(CS(C)(=O)=O)ccc1NC(=O)c1ccc(C=CCn2cc(-c3nn(C(C)C)c4c3CCC4)nn2)cc1C(F)(F)F	0.005199
rxn:3:45840:36253:121039	COC(C)(C)[C@H]1CC[C@H](NC(=O)c2cccc(C=CCCn3cc(-c4ccc(-c5c(C)nn(C)c5C)cc4)nn3)c2)CC1	0.005197
rxn:3:62035:17561:90842	CCc1cc(-c2cn(Cc3cccc(C(=O)NC(c4cccc(OC)c4C)C4CC4)c3)nn2)nn1-c1ccccc1C	0.005197
rxn:3:52483:11892:124866	C[C@H](NC(=O)c1cncc(C2CC2CCn2cc(C34CC(C(F)(F)F)(C3)C4)nn2)c1)C(c1ccccc1)c1ccccc1	0.005168
rxn:3:40946:27809:167691	Cc1cnc(C(=O)Nc2cccc3c2S(=O)(=O)CCC3(F)F)c(C=CCn2cc(-c3cc(C)cc4c(C)cc(C)nc34)nn2)c1	0.005167
rxn:3:50432:38166:168763	COc1ccc2cccc(C3(NC(=O)c4ncccc4C4C(Cn5cc(-c6cccc(C)c6)nn5)C4(F)F)CCC3)c2c1	0.005166
rxn:3:54428:34504:123550	COc1cc2c(cc1OC)[C@@H](NC(=O)c1ccc(C3C(CCn4cc(-c5cc(C(F)(F)F)nn5C)nn4)C3(F)F)cc1C)CC2	0.005163
rxn:3:51049:17681:110994	COc1cc(C(=O)Nc2ccc3c(c2)CC2(COC2)C3)ccc1C1C(Cn2cc(-c3cc(CC4CC4)n(C4CC4)n3)nn2)C1(F)F	0.005158
rxn:3:51051:38787:140288	COc1c(C(=O)NCc2ccccc2-c2ccoc2)cccc1C1C(Cn2cc(-c3cc(F)cc(C#N)c3)nn2)C1(F)F	0.005150
rxn:3:58591:57:134041	O=C(NC1CCC(OCC2CCCO2)CC1)c1ccc2cc(CCCn3cc(-c4nc(C(F)(F)F)cs4)nn3)ccc2c1	0.005148
rxn:3:41038:2540:99491	CC1(C)CCCC(Cc2cn(CC=Cc3cc(CC(=O)N[C@H](c4csc5ccccc45)C4CC4)ccc3F)nn2)C1	0.005140
rxn:3:54412:2758:152851	O=C(Nc1ccc(Oc2ccc3c(c2)OCO3)cc1)c1cc(F)cc(C2C(CCn3cc(CC(F)F)nn3)C2(F)F)c1	0.005130
rxn:3:50979:432:72664	COc1cccc2c1SCC2NC(=O)Cc1ccc(F)c(C2C(Cn3cc(-c4ncnc5c4cnn5C(C)C)nn3)C2(F)F)c1	0.005123
rxn:3:62737:37776:154522	CC[C@@H](C(=O)Nc1cc(-c2ccc3c(c2)OCCO3)ccc1C)N1CC(Cn2cc(-c3ccc4sc(C)nc4c3)nn2)CC1=O	0.005117
rxn:3:51021:6149:91933	CCc1c(-c2cn(CC3C(c4ccc(F)c(C(=O)N[C@H](CC)c5ccc(C(C)C)cc5)c4F)C3(F)F)nn2)cnn1C	0.005110
rxn:3:59823:16839:114046	CC(C)Cn1ncc(-c2cn(-c3ccc(C(=O)NCC4(c5cccc(S(C)(=O)=O)c5)CCC4)cc3C(F)(F)F)nn2)c1C1CC1	0.005107
rxn:3:56899:6403:130606	COc1cc2c(cc1C)CCC[C@@H]2NC(=O)Cn1cc(C2CC2Cn2cc(-c3cnc(N4CCN(C)CC4)nc3)nn2)c2ccccc21	0.005101
rxn:3:65150:18137:67265	CC(C)Cn1nc2c(c1-c1cn(CC3CC(=O)N(c4ccnc(C(=O)NCc5ccc(-c6ccoc6)cc5)c4)C3)nn1)CN(C)CC2	0.005097
rxn:3:54788:24882:100563	CCc1ccc([C@H](NC(=O)c2cc3cc(C4C(CCn5cc(-c6ccccn6)nn5)C4(F)F)ccc3o2)C2CC2)o1	0.005092
rxn:3:64505:19327:75281	O=C(Nc1cscc1C1CC1)c1ccc(F)c(N2CC(Cn3cc(-c4cnn(Cc5ccc(F)c(F)c5)c4)nn3)CC2=O)c1	0.005088
rxn:3:62829:15648:107709	CC(C)(C)c1cccc2c1CCCC2NC(=O)[C@H](C1CCCCC1)N1CC(Cn2cc(-c3cn(CC(F)F)nc3C(F)F)nn2)CC1=O	0.005087
rxn:3:61600:3763:114394	COc1cccc2c1CC[C@H](NC(=O)c1cc(F)ccc1OCCn1cc(-c3ccc(-c4ccccc4C)cc3)nn1)C2	0.005087
rxn:3:50667:7803:75237	CCc1cccc(CC)c1NC(=O)c1c(F)cccc1C1C(Cn2cc(-c3ccc(CN4CCN(C)CC4)cc3)nn2)C1(F)F	0.005068
rxn:3:40784:18636:143730	CCc1nn(-c2cccc(C)c2)cc1-c1cn(CC=Cc2ccc(C)c(C(=O)NC3CS(=O)(=O)c4cc5c(cc43)CCC5)c2)nn1	0.005056
rxn:3:62466:18504:153560	CCC(CC)Cn1cc(C)c(-c2cn(C3CCC(C(=O)NCC4CC4c4sc5ccccc5c4C)C4CCC43)nn2)n1	0.005050
rxn:3:50434:17706:141313	Cc1cccc(CNC(=O)c2ccnc(C3C(Cn4cc(-c5cc(CC6CCCC6)n(C6CCC6)n5)nn4)C3(F)F)c2)c1C	0.005049
rxn:3:54396:16828:106477	CO[C@@H]1c2ccccc2C[C@H]1NC(=O)c1cc(C2C(CCn3cc(-c4cnn(C(C)(C)C)c4C(C)C)nn3)C2(F)F)ccc1F	0.005040
rxn:3:63318:38892:97673	COc1cccc(N2CC(Cn3cc(-c4ccc(F)cc4F)nn3)CC2=O)c1C(=O)NCC(F)(F)c1ccc2occc2c1	0.005013
rxn:3:51049:37870:87708	COc1cc(C(=O)NC2(Cc3ccccc3)CCCC2)ccc1C1C(Cn2cc(-c3ccc(C)c(F)c3F)nn2)C1(F)F	0.005010
rxn:3:54479:12054:71406	Cc1cccc(Oc2ccc(NC(=O)c3c(C4C(CCn5cc(C6CC7(CC(F)C7)C6)nn5)C4(F)F)c(C)nn3C)cc2)c1	0.005003
rxn:3:60928:7155:87355	O=C(Nc1ccccc1OC1CCCCCC1)c1cccnc1Cn1cc(-c2cncc3c2cnn3-c2ccccn2)nn1	0.004998
rxn:3:60393:2608:101675	CCCCC(C)(C)c1cn(-c2cccc(C(F)(F)c3nc4c(C(=O)NC56CC(C)(C5)OC65CCOCC5)cccc4o3)c2)nn1	0.004993
rxn:3:40785:19680:90728	Cc1cc(-c2cn(CC=Cc3ccc(C(=O)NC4COc5cc(C)c(C)cc5C4)c(C)c3)nn2)n(Cc2ccc(F)cc2C)n1	0.004981
rxn:3:54419:3361:113320	CC(C)c1cnn(Cc2cn(CCC3C(c4cc(F)ccc4C(=O)Nc4ccc(C5(F)CCC5)cc4)C3(F)F)nn2)c1	0.004972
rxn:3:40948:29674:128980	COc1cc(C)c(C)cc1C(NC(=O)c1ncc(C=CCn2cc(-c3cccc(F)c3C3CC3)nn2)cc1C)C1CCC1	0.004968
rxn:3:46256:34510:131294	Cc1ccc(SC2CCC(NC(=O)c3ccc(C=CCCn4cc(-c5cn(C(F)F)nc5C)nn4)c(C)c3)CC2)cc1	0.004960
rxn:3:63492:32025:127111	CCc1cc(C(F)(F)CNC(=O)c2ccc(N3CC(Cn4cc(-c5cccn6cnc(F)c56)nn4)CC3=O)cc2C)ccc1OC	0.004949
rxn:3:41424:55:126875	CCCc1ccc(C2(NC(=O)c3cc(C(F)(F)F)ccc3C=CCn3cc(-c4ncc(C(F)(F)F)cn4)nn3)CC2)cc1	0.004939
rxn:3:50034:24301:73744	O=C(NC12CCCC3CC(CCC31)C2)c1csc(C2C(Cn3cc(-c4ccc(-c5ccc(F)cc5F)cc4)nn3)C2(F)F)n1	0.004938
rxn:3:56500:374:128580	COc1ccc(C(=O)NC2COc3cc(SC)ccc32)cc1C1CC1Cn1cc(-c2ccn(Cc3ccccc3)n2)nn1	0.004916
rxn:3:56474:7667:90604	O=C(NCC1(CC2CCCC2)CCCCC1)c1c(F)cc(C2CC2Cn2cc(-c3ncnc4cc(F)ccc34)nn2)cc1F	0.004915
rxn:3:51497:7661:141559	Cc1nc(-c2cn(CC3C(c4ccc(-c5cc(C(=O)N[C@H](C)COc6ccccc6)[nH]n5)cc4)C3(F)F)nn2)c2cnn(C)c2n1	0.004912
rxn:3:51282:39609:112534	O=C(Nc1cccc2c1C1CCC2CC1)C1(c2cccc(C3C(Cn4cc(C5(c6ccccc6F)CC5)nn4)C3(F)F)c2)CC1	0.004906
rxn:3:50657:7698:86180	Cn1ccc2c(-c3cn(CC4C(c5cccc(C(=O)Nc6ccccc6CCS(=O)(=O)C(C)(C)C)c5F)C4(F)F)nn3)ncnc21	0.004906
rxn:3:54619:5989:94838	CCn1nc(C)cc1-c1cn(CCC2C(c3cc(C(=O)N[C@@H](c4cccc(C)c4)C(C)(C)C)c(F)cc3F)C2(F)F)nn1	0.004906
rxn:3:53234:17707:96306	CCn1nc(-c2cn(CCC3CC3c3ccc4cc(C(=O)N[C@H]5CC[C@H](C)CC5)ccc4c3)nn2)cc1CC1CCCC1	0.004902
rxn:3:64505:6891:137648	Cc1ccc(C(C)NC(=O)c2ccc(F)c(N3CC(Cn4cc(Cn5nc(C(F)(F)F)cc5C)nn4)CC3=O)c2)c(OC(C)C)c1	0.004896
rxn:3:51283:39498:80834	Cc1cc(NC(=O)C2(c3ccccc3C3C(Cn4cc(C5CCCC(C(F)(F)F)C5)nn4)C3(F)F)CC2)cc(C)c1OCC(C)C	0.004890
rxn:3:52750:3157:168596	Cc1ccc(C2CC2CCn2cc(C(C)(C)C(C)(F)F)nn2)c(C(=O)Nc2ccc(-c3ccc4c(c3)OCCCO4)s2)c1	0.004882
rxn:3:40563:1375:118027	CCCOc1ccc2c(NC(=O)c3ccncc3C=CCn3cc(-c4ccccc4C4(C)CC4)nn3)cccc2c1	0.004875
rxn:3:49485:446:140400	O=C(Nc1ccccc1OCCc1ccccc1)C1CC(n2cc(-c3cc(C(F)(F)F)nc4ccc(F)cc34)nn2)C1	0.004869
rxn:3:64474:3654:112853	CC(NC(=O)c1cc(N2CC(Cn3cc(-c4ncnc5sc(-c6ccccc6)cc45)nn3)CC2=O)c(F)cc1F)C12CC(F)(C1)C2	0.004867
rxn:3:58106:428:117381	Cc1cccc(-c2ccc(C)c(NC(=O)c3ccc(CCCn4cc(-c5ncnc6nc(C)c(C)nc56)nn4)c(F)c3)c2)c1	0.004859
rxn:3:41473:27802:82182	O=C(NCC1OCCOC1c1ccccc1)c1ccc(-c2ccc(C=CCn3cc(-c4ccc5c(n4)CCCC5)nn3)cc2)o1	0.004854
rxn:3:52716:31952:108860	CC1(C)CC(CNC(=O)c2cccc(C3CC3CCn3cc(-c4ccc(C5CC5)cc4F)nn3)c2F)(c2ccccc2)C1	0.004846
rxn:3:50656:3295:120389	CCn1cnc(-c2cn(CC3C(c4cc(C(=O)NC(Cc5ccccc5C)c5ccoc5C)ccc4F)C3(F)F)nn2)c1	0.004829
rxn:3:51423:4665:125791	CCc1ccc2c(c1)nc(CC#N)n2Cc1cn(CC2C(c3ccc(C(=O)NCC4(F)CCC4)c(C(F)(F)F)c3)C2(F)F)nn1	0.004828
rxn:3:54427:36330:104845	COC1(CNC(=O)c2cc(C3C(CCn4cc(-c5cc(F)cc(-c6cc(C)sc6C)c5)nn4)C3(F)F)ccc2C)CCOC1	0.004824
rxn:3:51426:32413:82879	CN1CCN(CCCc2cn(CC3C(c4ccc(C(F)(F)F)cc4C(=O)Nc4ccccc4-c4ccco4)C3(F)F)nn2)CC1	0.004801
rxn:3:56722:5527:110613	O=C(NCCC1CC1c1ccsc1)c1cc2c(C3CC3Cn3cc(Cn4cnc5ccccc54)nn3)cccc2s1	0.004799
rxn:3:64902:38818:142142	CC(C)CC12CC3CC(C1)C(C(C)NC(=O)c1cnccc1N1CC(Cn4cc(-c5cccc6ncccc56)nn4)CC1=O)C(C3)C2	0.004781
rxn:3:63332:34484:71310	COc1cc(C(=O)NC(c2ccsc2)C2CCCCCC2)cc(N2CC(Cn3cc(-c4ccnn4C(C)C)nn3)CC2=O)c1	0.004780
rxn:3:53841:6389:148175	CCc1cnc(-c2cn(CCC3C(c4scnc4C(=O)NC(C)C4(c5cccc6ccccc56)CC4)C3(F)F)nn2)nc1	0.004778
rxn:3:40792:23130:128699	CCc1cccc(NC(=O)Cc2ccccc2C=CCn2cc(C3(c4cn(C)c5c(F)cccc45)CC3)nn2)c1CC	0.004751
rxn:3:46056:13993:67678	Cc1cc(-c2cn(CCC=Cc3cc(C(=O)NC4(c5ccc6c(c5)OCCO6)CCCCC4C)ccn3)nn2)cc(C(F)(F)F)c1	0.004747
rxn:3:45841:18174:78678	COc1ccc2c(c1NC(=O)c1ccc(C=CCCn3cc(-c4ccc(-n5cc(C6CC6)cn5)cc4)nn3)cc1)OCCO2	0.004746
rxn:3:60928:7139:109688	COCCC(NC(=O)c1cccnc1Cn1cc(-c2cncc3c2cnn3-c2ccccc2)nn1)c1ccc2ccccc2c1	0.004745
rxn:3:54404:7664:119622	O=C(N[C@H](c1ccsc1)c1ccc2c(c1)OCO2)c1ccc(F)c(C2C(CCn3cc(-c4ncncc4F)nn3)C2(F)F)c1	0.004740
rxn:3:63598:18516:138774	CCc1cn(C)nc1-c1cn(CC2CC(=O)N(c3ccc(C)c(C(=O)Nc4ccc(Oc5cc(C)ccc5C)cc4)c3)C2)nn1	0.004734
rxn:3:51423:7139:126153	O=C(N[C@H]1CC12CCC2)c1ccc(C2C(Cn3cc(-c4cncc5c4cnn5-c4ccccc4)nn3)C2(F)F)cc1C(F)(F)F	0.004724
rxn:3:62760:38356:74948	COc1ccccc1CC1(NC(=O)C(c2ccccc2C)N2CC(Cn3cc(-c4cccc5cnccc45)nn3)CC2=O)CCC1	0.004722
rxn:3:52707:426:95901	CC(C)n1cnc2c(-c3cn(CCC4CC4c4ccc(F)c(C(=O)NCCc5ccc6sccc6c5)c4)nn3)ncnc21	0.004722
rxn:3:54544:39525:144934	Cc1cnc(C(=O)Nc2cccc3sc4ccccc4c23)c(C2C(CCn3cc(CN4CCC(C)CC4)nn3)C2(F)F)c1	0.004715
rxn:3:41423:31588:77705	Cc1ccc(C(NC(=O)c2ccc(C(F)(F)F)cc2C=CCn2cc(-c3ccc(C#N)nc3C)nn2)c2ccco2)c(C)c1	0.004704
rxn:3:46621:1246:123176	Cc1cc2c(cc1C)[C@@H](NC(=O)c1cccc3c(C=CCCn4cc(CCCN5CCC(C)(C)C5)nn4)cccc13)CCC2	0.004697
rxn:3:51936:6362:128805	O=C(NC1c2ccccc2CCC1CC1CCCC1)c1ccc(C2CC2CCn2cc(-c3cc(C4CCC4)ncn3)nn2)o1	0.004695
rxn:3:52738:3886:172989	Cc1cccc(C(=O)Nc2ccccc2-c2ccc(-c3ccccc3)cc2)c1C1CC1CCn1cc(C2CN(C)C2)nn1	0.004690
rxn:3:65445:7696:95086	O=C(NCCc1csc2ccccc12)c1csc(N2CC(Cn3cc(-c4ccnc5cc(C(F)(F)F)ccc45)nn3)CC2=O)n1	0.004683
rxn:3:54434:27758:74681	Cc1ccc(C2C(CCn3cc(-c4nc(C(F)(F)F)c5ncn(C)c5n4)nn3)C2(F)F)c(C(=O)NC2COC2Cc2ccccc2)c1	0.004680
rxn:3:54196:27842:71254	Cc1cccc2nc(-c3cn(CCC4C(c5cc(C(=O)NC6CCC7CCCc8cccc6c87)ccn5)C4(F)F)nn3)ccc12	0.004677
rxn:3:41101:1174:93687	CCc1cccc(OC2CCC(NC(=O)c3cccc(C=CCn4cc(-c5cn6cc(C)ccc6n5)nn4)c3OC)CC2)c1	0.004659
rxn:3:50431:31237:66063	CCC(NC(=O)c1ccc(C2C(Cn3cc(-c4ccc(-c5ccccc5)cn4)nn3)C2(F)F)cn1)c1ccccc1S(C)(=O)=O	0.004659
rxn:3:45159:8753:91985	Cc1ccc(C(NC(=O)CCc2ccc(-n3cc(-c4cnc5ccc(C(F)(F)F)cn45)nn3)cc2)c2ccccc2C)cc1	0.004655
rxn:3:50713:6642:96437	CCc1cc2n(Cc3cn(CC4C(c5ccc(C)cc5C(=O)N[C@@H](c5cccc6c5OCO6)C5CCC5)C4(F)F)nn3)ccn2n1	0.004641
rxn:3:54432:18607:77799	Cc1ccccc1-n1cc(-c2cn(CCC3C(c4cccc(C(=O)NC(C)C5CCC(C)(C)CC5)c4C)C3(F)F)nn2)c(C)n1	0.004633
rxn:3:51059:13993:71741	COc1cc(C(=O)NCC(F)c2ccc3c(c2)CCO3)cc(C2C(Cn3cc(-c4cc(C)cc(C(F)(F)F)c4)nn3)C2(F)F)c1	0.004630
rxn:3:45123:16323:95135	CCCc1c(-c2cn(-c3ccc(OC(C)C(=O)Nc4ccc5c(c4)CCC(C)(C)O5)cc3)nn2)cnn1-c1ccc(F)cc1	0.004626
rxn:3:64159:38977:68928	O=C(N[C@@H](c1cccs1)C1CCCCC1)c1ccc(CN2CC(Cn3cc(-c4cccc5ccncc45)nn3)CC2=O)cc1	0.004620
rxn:3:51444:39288:103276	CCN(C)Cc1cn(CC2C(c3cccc4c(C(=O)NCc5cccc(-c6ccc(C)s6)c5)cccc34)C2(F)F)nn1	0.004613
rxn:3:50663:6938:107477	COc1ccc2c(c1)C(NC(=O)c1ccc(C3C(Cn4cc(Cn5nc(-c6cnccn6)cc5CC#N)nn4)C3(F)F)cc1F)CCC2	0.004610
rxn:3:40795:38703:127253	COc1cc(C)ccc1CC(CC(C)(C)C)NC(=O)c1ccc(C)cc1C=CCn1cc(-c2cncc(C(F)(F)F)c2)nn1	0.004609
rxn:3:57627:38325:172283	Cc1ccc(-c2ccc(OC(C)C)c(NC(=O)c3cccc(CCCn4cc(-c5cccc(C#N)c5)nn4)c3)c2)cc1	0.004595
rxn:3:41422:30371:132324	C[C@H](NC(=O)c1cc(C=CCn2cc(-c3ccn(CC(F)(F)F)n3)nn2)cc(C(F)(F)F)c1)c1ccc(OC(C)(C)C)cc1	0.004587
rxn:3:52732:28725:129496	Cc1ccc(SC(C)c2ccc(NC(=O)c3cc(F)ccc3C3CC3CCn3cc([C@H]4C[C@@H](C#N)C4)nn3)cc2)cc1	0.004578
rxn:3:58592:24882:83642	CC(C)[C@@H](NC(=O)c1cccc2c(CCCn3cc(-c4ccccn4)nn3)cccc12)c1ccc(OC(C)(C)C)cc1	0.004565
rxn:3:65227:3172:92407	COc1ccc(C2(CNC(=O)c3ccc(N4CC(Cn5cc(Cc6ccc(F)cc6F)nn5)CC4=O)c(F)c3F)CCC(C)C2)cc1	0.004552
rxn:3:46056:19995:131682	CCc1cc(-c2cn(CCC=Cc3cc(C(=O)Nc4ccc5ccccc5c4)ccn3)nn2)n(Cc2ccc(F)cc2)n1	0.004545
rxn:3:65003:18699:76982	CC(C)C(C)(NC(=O)c1cncnc1N1CC(Cn2cc(-c3cn(C4CCC4)nc3C3CC3)nn2)CC1=O)c1ccc(C(C)(C)C)cc1	0.004530
rxn:3:51282:6317:165455	CN1CCc2c(nnn2Cc2cn(CC3C(c4cccc(C5(C(=O)NC(c6ccccc6)c6ccc7c(c6)CCO7)CC5)c4)C3(F)F)nn2)C1	0.004526
rxn:3:60396:1690:84141	O=C(N[C@@]12C[C@@H]3C[C@@H](C[C@@H](C3)O1)C2)c1ccc2oc(C(F)(F)c3ccccc3-n3cc(-c4ncccc4C(F)(F)F)nn3)nc2c1	0.004515
rxn:3:56875:16:89652	CC(C)c1sc(C2CC2)cc1NC(=O)c1cccc2c(C3CC3Cn3cc(-c4ccc(C(F)F)cn4)nn3)cccc12	0.004493
rxn:3:40295:5102:119309	CCC1(C)CC(NC(=O)Cc2cc(C=CCn3cc(Cn4cc(C#N)c5cc(F)ccc54)nn3)cs2)c2ccc3c(c2O1)OCO3	0.004479
rxn:3:63674:5469:73289	CCCCC(NC(=O)c1c(N2CC(Cn3cc(-c4cnn(C)c4C#N)nn3)CC2=O)sc(C)c1C)c1ccc2ccccc2c1	0.004478
rxn:3:64816:18595:69156	CCC(NC(=O)c1cc(F)ccc1N1CC(Cn2cc(-c3nn(C(C)(C)C)cc3C3CCC3)nn2)CC1=O)c1ccc(OC)c(C)c1	0.004477
rxn:3:54479:17005:102307	CCc1cc(-c2cn(CCC3C(c4c(C)nn(C)c4C(=O)NC4CCC(C)C4(C)C)C3(F)F)nn2)nn1-c1ccc(SC)cc1	0.004471
rxn:3:54788:14351:92407	COc1ccc(C2(CNC(=O)c3cc4cc(C5C(CCn6cc(C78CC(C#N)(C7)C8)nn6)C5(F)F)ccc4o3)CCC(C)C2)cc1	0.004467
rxn:3:45168:6312:66375	Cc1cc(C)c(C)c(C2(CNC(=O)CCc3cccc(-n4cc(Cn5nnc6c5C5(C)CCC6C5(C)C)nn4)c3)CCCCC2)c1C	0.004457
rxn:3:52714:24882:169213	O=C(Nc1ccc(Oc2cccc3ccccc23)cc1)c1ccc(F)c(C2CC2CCn2cc(-c3ccccn3)nn2)c1	0.004456
rxn:3:40002:16189:82360	CC1(C)CCC(CNC(=O)c2sccc2C=CCn2cc(-c3ccc(-n4ccc(C(F)F)n4)cc3)nn2)c2ccccc21	0.004453
rxn:3:50874:2998:68402	CC1(C)CCCc2ccccc2C1NC(=O)Cc1ccc(C2C(Cn3cc(Cc4cc(F)cc(F)c4)nn3)C2(F)F)cn1	0.004452
rxn:3:65492:2576:84494	Cc1ccc(C(NC(=O)c2ccc3nc(N4CC(Cn5cc(Cc6cc(F)ccc6F)nn5)CC4=O)sc3c2)C(C)C)c(C)c1	0.004441
rxn:3:49156:16890:172322	CCCc1c(-c2cn(C(COC)C(=O)Nc3cccc(-c4cccc5ccccc45)c3)nn2)cnn1-c1ccccc1C	0.004441
rxn:3:60396:3287:110395	CC(C)(c1cn(-c2ccccc2C(F)(F)c2nc3cc(C(=O)N[C@H](c4ccccc4)C4CC4)ccc3o2)nn1)C(F)(F)F	0.004438
rxn:3:46247:36440:128483	C=Cc1ccc(-c2cccc(-c3cn(CCC=Cc4ccc(F)cc4C(=O)N[C@@H]4COc5ccccc5C4)nn3)c2)c(F)c1	0.004438
rxn:3:63635:82:170527	Cc1ccc(Oc2ccc(C(C)C)cc2)c(NC(=O)c2cnc(N3CC(Cn4cc(C(C)(F)C5CCC5)nn4)CC3=O)nc2C)c1	0.004436
rxn:3:50709:18488:96195	CSCc1ccccc1NC(=O)Cc1ccccc1C1C(Cn2cc(-c3nn(-c4cccc(C)c4)cc3C)nn2)C1(F)F	0.004431
rxn:3:51049:23817:168739	COc1cc(C(=O)Nc2cccc(-c3ccc4c(c3)CCO4)c2)ccc1C1C(Cn2cc(C3(n4ccnn4)CCCC3)nn2)C1(F)F	0.004429
rxn:3:50986:31451:128007	Cc1ccc(C(Cc2ccccc2)NC(=O)Cc2ccc(F)cc2C2C(Cn3cc(-c4cnc(C#N)cn4)nn3)C2(F)F)cc1C	0.004420
rxn:3:56164:22270:112221	CCCCC(NC(=O)c1ccc(C2CC2Cn2cc(-c3ccc(F)c(C(F)(F)F)n3)nn2)c(C)c1)c1cc(C)ccc1C	0.004417
rxn:3:42621:36627:98171	COc1cc(C(NC(=O)c2ccccc2Cn2cc(-c3ccccc3-c3ccnc(C)c3F)nn2)C2CC2)c(OC)cc1C	0.004413
rxn:3:48016:9708:131041	O=C(NC1CCc2cscc2C1)C(c1csc2ccccc12)n1cc(CSc2nc(-c3ccc(F)cc3)cs2)nn1	0.004406
rxn:3:65227:6949:112550	CC1(CNC(=O)c2ccc(N3CC(Cn4cc(Cn5nc(-c6ccncc6)cc5CC#N)nn4)CC3=O)c(F)c2F)CCCc2ccccc21	0.004402
rxn:3:40005:7155:115965	CCc1cc(CC)c(NC(=O)c2ccsc2C=CCn2cc(-c3cncc4c3cnn4-c3ccccn3)nn2)c(CC)c1	0.004396
rxn:3:64315:5970:91726	COc1cc(C)cc(OC)c1C1CC1NC(=O)c1cc(F)c(F)cc1N1CC(Cn2cc(-c3ccc(-c4cnn(C)c4)cc3)nn2)CC1=O	0.004394
rxn:3:51023:38371:82626	CC(C)Oc1cccc(CCNC(=O)c2cc(F)c(F)cc2C2C(Cn3cc(-c4cccc(C(F)(F)F)c4)nn3)C2(F)F)c1	0.004389
rxn:3:55593:19199:153324	CC(C1CCC1)n1cc(-c2cn(CC3CC3c3cccc(C(=O)NC4(c5ccc6ccccc6c5)CCCC4)c3)nn2)cn1	0.004386
rxn:3:52239:5322:143426	Cc1cc(C)c(-c2ccccc2NC(=O)c2ccccc2C2CC2CCn2cc(Cn3nnc4cc(C)cnc43)nn2)c(C)c1	0.004370
rxn:3:56470:36613:131531	COC1(CNC(=O)c2cc(F)c(C3CC3Cn3cc(-c4ccc(-c5ccc(C)cc5C)cn4)nn3)cc2F)Cc2ccccc2C1	0.004362
rxn:3:55311:17713:137383	Cc1cc(C)c2oc(CNC(=O)c3ccc(C4CC4Cn4cc(-c5cc(CC6CCCC6)n(C(C)(C)C)n5)nn4)o3)cc2c1	0.004359
rxn:3:45560:36633:78124	Cc1ccc(-c2ccccc2-c2cn(CCC=Cc3sccc3C(=O)NCc3cccc4c3CCCC4)nn2)c(F)c1F	0.004356
rxn:3:53319:6370:105356	Cc1nc(-c2cn(-c3cccc(C4C(CC(=O)NC(CCC(C)C)c5sccc5C)C4(F)F)c3)nn2)cc(C(F)(F)F)n1	0.004342
rxn:3:63706:36920:129946	Cc1cc(C(=O)NCCC2CCCC23CCOCC3)cc(N2CC(Cn3cc(-c4ccc(-c5cc(C)ccc5F)cc4)nn3)CC2=O)c1	0.004341
rxn:3:50432:18008:91586	Cc1ccc(C2C(CCNC(=O)c3ncccc3C3C(Cn4cc(-c5nn(C6CCSC6)c6c5CCC6)nn4)C3(F)F)C2(F)F)s1	0.004337
rxn:3:65196:15557:133449	CCc1cccc2c1OCCC2NC(=O)c1c(F)cc(F)cc1N1CC(Cn2cc(-c3cn(CC(F)(F)F)nc3CC3CC3)nn2)CC1=O	0.004325
rxn:3:40762:27782:105414	Cc1ccc2ncnc(-c3cn(CC=Cc4cc(F)ccc4C(=O)NC(CC4CCCC4)c4ccc5c(c4)CCO5)nn3)c2c1	0.004324
rxn:3:46249:6659:79004	COc1cccc2c1CC[C@@H](NC(=O)c1cccc(C)c1C=CCCn1cc(Cn3nc(-c4cccs4)c4c3CCC4)nn1)C2	0.004323
rxn:3:54617:1147:107477	COc1ccc2c(c1)C(NC(=O)c1cc(F)c(C3C(CCn4cc(-c5ccc(C)c(C(F)(F)F)c5)nn4)C3(F)F)cc1F)CCC2	0.004316
rxn:3:41420:23773:73618	CC(C)(c1cn(CC=Cc2ccc(C(=O)NCC3(Cc4ccc5c(c4)CCCO5)CCC3)cc2C(F)(F)F)nn1)n1cc(F)cn1	0.004315
rxn:3:40755:17851:102388	Cc1ccccc1[C@@H](NC(=O)c1cc(F)cc(C=CCn2cc(-c3nccn3-c3ccc(C(C)(C)C)cc3)nn2)c1)C(C)(C)C	0.004314
rxn:3:52750:39336:161450	CCOc1ccc(-c2cccc(C)c2)cc1NC(=O)c1cc(C)ccc1C1CC1CCn1cc(-c2sccc2C)nn1	0.004312
rxn:3:62466:11681:167639	COc1ccc([C@H](CC(C)C)NC(=O)C2CCC(n3cc(CN4CCCCC4c4cccnc4)nn3)C3CCC23)c2ccccc12	0.004312
rxn:3:64608:18753:129725	Cc1nn(C(C)C(F)(F)F)cc1-c1cn(CC2CC(=O)N(c3ccc(C(=O)NC(c4ccsc4)C4CCCCC4)c(F)c3)C2)nn1	0.004307
rxn:3:42926:5229:77451	Cc1cc2nn(Cc3cn(-c4ccc(-c5ccc(C(=O)Nc6cccc(CCc7ccccc7)c6)o5)cc4)nn3)nc2cc1C	0.004307
rxn:3:50705:5564:161010	COc1ccc2cc(C(F)(F)CNC(=O)c3ccc(C)c(C4C(Cn5cc(-c6ncnc7c6cnn7C)nn5)C4(F)F)c3)ccc2c1	0.004302
rxn:3:54195:38821:136329	CC1(C)CCSc2ccc(-c3cn(CCC4C(c5cccnc5C(=O)NCCc5ccc6c(c5)OC(F)(F)O6)C4(F)F)nn3)cc21	0.004301
rxn:3:46427:5998:95275	Cc1cc(C=CCCn2cc(-c3ccc(C#N)c(C(F)(F)F)n3)nn2)cc(C)c1C(=O)NC1CC1(C)c1c(C)cc(C(C)(C)C)cc1C	0.004295
rxn:3:55763:23192:146549	Cc1cc(NC(=O)c2ncc(C3CC3Cn3cc(CC4(C(F)F)CC(F)(F)C4)nn3)cn2)ccc1Oc1ccc2c(c1)CCC2	0.004294
rxn:3:65281:37861:83418	CCCc1oc(C)cc1C(NC(=O)c1cccc(N2CC(Cn3cc(-c4c(F)cc(C#N)cc4F)nn3)CC2=O)n1)c1ccccc1	0.004293
rxn:3:49517:8620:172282	Cc1cc(C(NC(=O)C2C(c3ccccc3-n3cc(C4(N(C)C)CCC(F)(F)CC4)nn3)C2(F)F)c2cccc(C)c2C)c(C)s1	0.004292
rxn:3:56119:37101:119551	COc1cc(S(=O)(=O)C(C)C)ccc1NC(=O)c1ccc(C2CC2Cn2cc(-c3ccccc3-c3cnc(C)n3C)nn2)cc1F	0.004287
rxn:3:61917:36299:121775	CN(C)c1ncccc1-c1ccccc1-c1cn([C@@H](COC(C)(C)C)C(=O)NCc2csc(C34CC5CC(CC(C5)C3)C4)c2)nn1	0.004275
rxn:3:56157:28796:115188	Cc1ccc(C2CC2Cn2cc(-c3ccccc3C3C(C#N)C3(F)F)nn2)cc1C(=O)N[C@@H](c1c(C)c(C)c(C)c(C)c1C)C1CC1	0.004273
rxn:3:53958:430:92064	Cc1ccc([C@H](NC(=O)c2ccc(C3C(CCn4cc(-c5ncnc6cnccc56)nn4)C3(F)F)cc2)C2CCCCC2)cc1	0.004273
rxn:3:46056:29679:77304	O=C(NCC1(C2CCSCC2)CCOCC1)c1ccnc(C=CCCn2cc(-c3cc(F)cc(F)c3-c3ccccc3F)nn2)c1	0.004265
rxn:3:54415:39067:117643	Cc1cc(-c2cn(CCC3C(c4cccc(F)c4C(=O)N[C@@H](c4cccc5c4OC(F)(F)O5)C4CCC4)C3(F)F)nn2)cc(C)n1	0.004264
rxn:3:52744:27760:106788	CCC(CC)(NC(=O)c1c(C)cccc1C1CC1CCn1cc(-c2nc(C(F)(F)F)nc3c2ncn3C)nn1)c1ccsc1	0.004253
rxn:3:54198:28592:140879	Cc1cccc(C)c1C1C(CNC(=O)c2ccc(C3C(CCn4cc(C5(c6ccncc6)CCCC5)nn4)C3(F)F)nc2)C1(F)F	0.004247
rxn:3:53633:27788:121938	Cc1ccc2ccc(-c3cn(CCC4C(c5sccc5C(=O)NCc5cc(-c6cccs6)cs5)C4(F)F)nn3)cc2n1	0.004247
rxn:3:64382:15499:89288	CC(C)C(C)n1cc(-c2cn(CC3CC(=O)N(c4ccc(F)c(C(=O)N[C@H]5C[C@@H](C)c6ccccc65)c4F)C3)nn2)c(C2CCCC2)n1	0.004245
rxn:3:64795:6439:91199	Cc1ccc(C(NC(=O)c2ccc(N3CC(Cn4cc(-c5cc(-c6cnn(C)c6)cs5)nn4)CC3=O)c(F)c2)C2CCCOC2)c(C)c1	0.004235
rxn:3:50786:24696:132550	CCC[C@H](NC(=O)c1c(C2C(Cn3cc(-c4ccc(-c5ccccc5)cc4)nn3)C2(F)F)c(C)nn1C)c1sccc1C	0.004231
rxn:3:56161:32201:122832	Cc1ccc(Sc2ccc(CNC(=O)c3ccc(C)c(C4CC4Cn4cc(-c5cncc(C(C)C)c5)nn4)c3)s2)cc1	0.004226
rxn:3:40559:36943:83520	Cc1ccc(F)c(-c2ccc(F)cc2-c2cn(CC=Cc3cccc(C(=O)Nc4c(C(C)C)cccc4C(C)C)n3)nn2)c1	0.004226
rxn:3:55584:8753:135148	CCOc1ccc2cccc(NC(=O)Cc3cc(C4CC4Cn4cc(-c5cnc6ccc(C(F)(F)F)cn56)nn4)cs3)c2c1	0.004218
rxn:3:62646:10499:112705	CCc1cc2c(SCc3cn(CC4CC(=O)N(C(C(=O)NCc5cc(C)ccc5C)C(C)(C)C)C4)nn3)nc(C)nc2s1	0.004206
rxn:3:54519:2996:99355	CC(Cc1ccc(OC(C)(C)C)cc1)NC(=O)c1ccnc(C2C(CCn3cc(-c4nn(C)c5ccccc45)nn3)C2(F)F)c1F	0.004198
rxn:3:58112:23127:90755	CC(C)c1ccc(S(C)(=O)=O)cc1NC(=O)c1cc(F)cc(CCCn2cc(C3(c4cn(C)c5cccc(F)c45)CC3)nn2)c1	0.004196
rxn:3:56434:7685:96323	Cc1ccc([C@H]2CCC[C@@H](CNC(=O)Cc3ccc(C4CC4Cn4cc(-c5nc6c(F)cc(F)cc6s5)nn4)c(F)c3)O2)cc1	0.004191
rxn:3:50437:17856:125844	CSCC(NC(=O)c1cccnc1C1C(Cn2cc(-c3nccn3-c3c(C)cc(C)cc3C)nn2)C1(F)F)c1sccc1C	0.004184
rxn:3:56723:18018:120599	CC1(C)CCC(CCNC(=O)C2(c3ccc(C4CC4Cn4cc(-c5nn(C(C)(C)C)c6c5CCCC6)nn4)cc3)CC2)c2ccccc21	0.004178
rxn:3:50708:18575:91153	CCCc1cn(CC(F)(F)F)nc1-c1cn(CC2C(c3ccc(C(=O)NCC4CCSc5ccccc54)cc3C)C2(F)F)nn1	0.004175
rxn:3:46233:17856:79117	Cc1cc(C)c(-n2ccnc2-c2cn(CCC=Cc3cc(C(=O)N[C@@H](c4ccccc4C)C4CC4)ccc3F)nn2)c(C)c1	0.004169
rxn:3:51019:35051:93518	CCCc1ccc(-c2cn(CC3C(c4c(F)cc(C(=O)NC(c5ccc(C)cc5)C5CCOCC5)cc4F)C3(F)F)nn2)cc1	0.004164
rxn:3:59897:6411:104846	CCC(C)c1ccc(C(NC(=O)c2cccc(Cn3cc(-c4ccc(-c5cccs5)cc4)nn3)n2)c2cccs2)cc1	0.004161
rxn:3:51049:378:93829	CCOc1ccc2ccccc2c1CNC(=O)c1ccc(C2C(Cn3cc(-c4ccnn4C(F)(F)F)nn3)C2(F)F)c(OC)c1	0.004151
rxn:3:46258:28577:84641	Cc1cccc(C(NC(=O)c2ccc(C)cc2C=CCCn2cc(C3(c4ccccc4F)CCC3)nn2)c2cccs2)c1	0.004149
rxn:3:63032:34513:111601	CCc1ccc(C(=O)NC2(C(C)C)CCC(F)(F)CC2)cc1N1CC(Cn2cc(CSc3nc(C)c4c(n3)CCCC4)nn2)CC1=O	0.004145
rxn:3:51283:17722:71119	Cc1ccsc1C1CC1NC(=O)C1(c2ccccc2C2C(Cn3cc(-c4cc(C5CCCCC5)n(C(C)C)n4)nn3)C2(F)F)CC1	0.004142
rxn:3:65277:14049:77278	COc1ccc2c(NC(=O)c3cccc(N4CC(Cn5cc(-c6cncc(-c7cccc(C)c7)c6)nn5)CC4=O)c3)cccc2c1C	0.004138
rxn:3:52750:19505:117574	CO[C@@H]1Cc2ccccc2[C@H]1NC(=O)c1cc(C)ccc1C1CC1CCn1cc(-c2cnn(Cc3c(C)cc(C)cc3C)c2)nn1	0.004134
rxn:3:62839:1920:133784	CSc1ncnc2c(-c3cn(CC4CC(=O)N([C@H](C(=O)NC5CCCC5C5CCCC5)c5ccc(F)cc5)C4)nn3)csc12	0.004123
rxn:3:54615:5906:83442	Cc1cc(C2C(CCn3cc(CSc4c(C)nc5ccccn45)nn3)C2(F)F)cc(C)c1C(=O)NC[C@H]1[C@H](C)C1(F)F	0.004119
rxn:3:64902:19327:69481	Cc1cc(C(C)(C)C)cc(C)c1CCNC(=O)c1cnccc1N1CC(Cn2cc(-c3cnn(Cc4ccc(F)c(F)c4)c3)nn2)CC1=O	0.004118
rxn:3:53957:7653:110406	CC(CCNC(=O)c1cccc(C2C(CCn3cc(-c4ncnc5ncccc45)nn3)C2(F)F)c1)c1ccc2ccccc2c1	0.004111
rxn:3:56161:37147:105173	COc1cc(C(C)(C)NC(=O)c2ccc(C)c(C3CC3Cn3cc(-c4cc(F)cc(-c5ccccc5C)c4)nn3)c2)ccc1C	0.004109
rxn:3:55874:3816:89599	COc1ccc(C2CC2CNC(=O)c2sc(C3CC3Cn3cc(-c4ccccc4-c4cc(C)cc(C)c4)nn3)nc2C)cc1	0.004106
rxn:3:57293:17851:76070	CC(C)(C)c1ccc(-n2ccnc2-c2cn(CCCc3ccsc3C(=O)N[C@@H](c3cccc4c3OCCO4)C3CC3)nn2)cc1	0.004103
rxn:3:40763:32239:111154	Cc1nc2c(F)c(-c3cn(CC=Cc4ccc(F)cc4C(=O)N[C@H](c4ccc(C(C)C)cc4)C4CCCC4)nn3)ccc2n1C	0.004099
rxn:3:60393:39499:99903	Cc1ccccc1C1(NC(=O)c2cccc3oc(C(F)(F)c4cccc(-n5cc(C6CCC(C)(C)CC6)nn5)c4)nc23)CCCCC1	0.004093
rxn:3:40787:27786:115642	Cc1cccc(C=CCn2cc(-c3ccc4cc(C(F)(F)F)ccc4n3)nn2)c1C(=O)NC1(Cc2ccccc2)CCCCC1C	0.004093
rxn:3:65149:27760:154793	Cc1ccc2oc(C(NC(=O)c3cncc(N4CC(Cn5cc(-c6nc(C(F)(F)F)nc7c6ncn7C)nn5)CC4=O)c3)c3cccs3)cc2c1	0.004092
rxn:3:63484:6627:78420	Cc1cc(C(=O)N[C@@H]2CCC[C@H](c3ccccc3)C2)ccc1N1CC(Cn2cc(Cn3ccn4nc(-c5ccsc5)cc34)nn2)CC1=O	0.004082
rxn:3:64816:23129:112000	Cn1cc(C2(c3cn(CC4CC(=O)N(c5ccc(F)cc5C(=O)NC5CC5c5ccc6ccccc6c5)C4)nn3)CC2)c2ccc(F)cc21	0.004076
rxn:3:51280:31337:140872	CCCOc1ccc(NC(=O)c2cc3c(C4C(Cn5cc(-c6ccnc(C(C)C)c6)nn5)C4(F)F)cccc3s2)cc1C	0.004071
rxn:3:65150:1057:68207	Cc1ccc(C2C(CNC(=O)c3cc(N4CC(Cn5cc(-c6ccc(SC(F)F)cc6)nn5)CC4=O)ccn3)C2(F)F)s1	0.004058
rxn:3:63514:18597:66077	COc1cc(C2(NC(=O)c3ccc(C)c(C)c3N3CC(Cn4cc(-c5nn(CC(C)(C)C)cc5C5CCC5)nn4)CC3=O)CC2)ccc1C	0.004056
rxn:3:54433:6371:140788	CCOc1ccc2c(c1)C(NC(=O)c1ccc(C)cc1C1C(CCn3cc(-c4nc5ccccc5cc4C#N)nn3)C1(F)F)CCO2	0.004052
rxn:3:54617:2796:160704	CCC1(c2cn(CCC3C(c4cc(F)c(C(=O)NCC5(c6cccc7ccccc67)CCCC5)cc4F)C3(F)F)nn2)CCC1	0.004051
rxn:3:54192:11417:85407	Cc1ccc(CNC(=O)c2sc(C3C(CCn4cc(CN5CCCC6(CCCCC6)C5)nn4)C3(F)F)nc2C)cc1-c1cccs1	0.004045
rxn:3:53634:160:140604	O=C(Nc1ccc(Cc2ccccc2)cc1)c1csc(C2C(CCn3cc(-c4sccc4C(F)(F)F)nn3)C2(F)F)c1	0.004043
rxn:3:51873:37392:100795	C[C@H](NC(=O)c1ccsc1C1CC1CCn1cc(-c2ccnc(-c3ccnn3C)c2)nn1)c1ccc(C2CCCCC2)cc1	0.004038
rxn:3:55584:35927:77085	Cc1ncccc1-c1ccc(-c2cn(CC3CC3c3csc(CC(=O)NCCC4CCc5ccccc5OC4)c3)nn2)c(F)c1	0.004033
rxn:3:54782:7139:94884	CC1(C)CCC[C@@H]1NC(=O)c1cc2c(C3C(CCn4cc(-c5cncc6c5cnn6-c5ccccc5)nn4)C3(F)F)cccc2s1	0.004028
rxn:3:50708:17882:110748	Cc1cc(C)nc(-n2nccc2-c2cn(CC3C(c4ccc(C(=O)NCCC5CC5c5ccc6c(c5)OCO6)cc4C)C3(F)F)nn2)c1	0.004020
rxn:3:62779:36416:120755	COc1cccc2c1[C@@H](NC(=O)C(c1cccc(F)c1F)N1CC(Cn3cc(-c4cncc(-c5ccccc5N(C)C)c4)nn3)CC1=O)CC2	0.004014
rxn:3:41437:64:94809	Cc1nc(-c2cn(CC=Cc3cccc4c(C(=O)NC5(c6ccc7c(c6)OCCCO7)CC5C)cccc34)nn2)c2ccccc2c1C	0.004011
rxn:3:56732:15554:75295	O=C(Nc1cccc2c(=O)occc12)c1cc2cc(C3CC3Cn3cc(-c4cn(C5CCCC5)nc4CC4CC4)nn3)ccc2o1	0.004002
rxn:3:56472:18519:75398	CCc1cn(CC(F)(F)F)nc1-c1cn(CC2CC2c2cc(C(=O)NC3(c4ccc(C(C)(C)C)cc4)CC3(C)C)c(F)cc2F)nn1	0.003996
rxn:3:46227:36346:138904	Cc1cscc1-c1ccc(-c2cn(CCC=Cc3ccc(F)c(C(=O)NC4CCOC(C)(c5ccccc5)C4)c3)nn2)c(F)c1	0.003991
rxn:3:65401:5910:118106	COc1cc([C@@H](NC(=O)c2cncc(N3CC(Cn4cc(CSc5c(C)nc6cc(C)ccn56)nn4)CC3=O)n2)C(C)(C)C)ccc1C	0.003990
rxn:3:46256:19196:135132	CSc1ccc(C(C)n2cc(-c3cn(CCC=Cc4ccc(C(=O)NC5CCC(C(C)(C)C)CC5F)cc4C)nn3)cn2)cc1	0.003986
rxn:3:56158:19497:133865	COc1ccccc1C1CCC(NC(=O)c2ccc(C3CC3Cn3cc(-c4cnn(Cc5c(C)cccc5C)c4)nn3)cc2C)C1	0.003983
rxn:3:52965:39084:125914	CCc1ccc(C(NC(=O)c2c(F)ccc(C3CC3CCn3cc(-c4ccc5ncnn5c4)nn3)c2F)c2ccc(C)s2)cc1	0.003981
rxn:3:50034:31291:70769	Cc1ccccc1COc1ccc(NC(=O)c2csc(C3C(Cn4cc(-c5c(C)sc6ccccc56)nn4)C3(F)F)n2)cc1	0.003981
rxn:3:51064:17885:96101	COc1cccc(C2C(Cn3cc(-c4ccnn4-c4cc(C)c(F)cn4)nn3)C2(F)F)c1C(=O)NC1(c2ccc3sccc3c2)CC1	0.003979
rxn:3:50440:15369:123492	CN(C)Cc1ccnn1-c1ccc(-c2cn(CC3C(c4cnccc4C(=O)NC4(c5cccc6ccccc56)CC4)C3(F)F)nn2)cc1	0.003974
rxn:3:51006:38943:123680	Cc1ccc(-c2cn(CC3C(c4cc(C)c(C(=O)NCc5cccc(OCc6ccsc6)c5)c(C)c4)C3(F)F)nn2)cc1C	0.003973
rxn:3:48101:6823:160272	Cc1cc(C)cc(C(NC(=O)COc2cccc(-n3cc(Cn4cc(C#N)c(-c5cccs5)n4)nn3)c2)c2cc(C)ccc2C)c1	0.003969
rxn:3:56875:19705:104824	Cc1ccc([C@H](C)NC(=O)c2cccc3c(C4CC4Cn4cc(-c5cc(C)nn5Cc5cc(F)cc(F)c5)nn4)cccc23)cc1	0.003961
rxn:3:50663:19505:101183	COc1cccc(C2CC2NC(=O)c2ccc(C3C(Cn4cc(-c5cnn(Cc6c(C)cc(C)cc6C)c5)nn4)C3(F)F)cc2F)c1	0.003959
rxn:3:51870:36943:78770	Cc1ccc(F)c(-c2ccc(F)cc2-c2cn(CCC3CC3c3csc(C(=O)N[C@@H](C)c4ccc(C(C)(C)C)cc4)c3)nn2)c1	0.003953
rxn:3:56859:7001:149728	COc1ccc(Oc2ccc(C)cc2)c(NC(=O)c2cc(C(F)(F)F)ccc2C2CC2Cn2cc(-c3ncccc3C#N)nn2)c1	0.003952
rxn:3:52714:9996:72111	Cc1ccc(C)c(-c2csc(SCc3cn(CCC4CC4c4cc(C(=O)NC5C(C)(C)OC56CCCOC6)ccc4F)nn3)n2)c1	0.003944
rxn:3:40003:23128:89021	CCCOc1ccc(NC(=O)c2ccc(C=CCn3cc(C4(c5cn(C)c6ccc(F)cc56)CC4)nn3)s2)cc1C(C)(C)C	0.003936
rxn:3:65149:18965:118014	O=C(Nc1ccccc1SC1CCCCC1)c1cncc(N2CC(Cn3cc(-c4ccnn4Cc4cccc(F)c4)nn3)CC2=O)c1	0.003934
rxn:3:56858:17562:119397	CCc1cc(-c2cn(CC3CC3c3cc(C(F)(F)F)ccc3C(=O)NC3CCS(=O)(=O)c4ccccc43)nn2)nn1-c1c(C)cccc1C	0.003928
rxn:3:58115:37031:130606	COc1cc2c(cc1C)CCC[C@@H]2NC(=O)c1c(F)cccc1CCCn1cc(-c2cc(F)ccc2-c2ccc(C)c(F)c2)nn1	0.003914
rxn:3:52745:14124:69459	Cc1ccc(C(=O)Nc2ccc(S(=O)(=O)C(C)(C)C)cc2)cc1C1CC1CCn1cc(-c2ccc(-c3ccc(F)cn3)cc2)nn1	0.003907
rxn:3:46252:36633:129890	Cc1ccc(C=CCCn2cc(-c3ccccc3-c3ccc(C)c(F)c3F)nn2)cc1C(=O)N[C@@H]1COc2c(C(C)C)cccc21	0.003906
rxn:3:54404:7722:88460	Cc1nc(C(C)C)sc1-c1cn(CCC2C(c3cc(C(=O)NC(c4ccoc4)C45CC6CC(CC(C6)C4)C5)ccc3F)C2(F)F)nn1	0.003905
rxn:3:55888:36352:71401	Cc1ccc(NC(=O)c2ccncc2C2CC2Cn2cc(-c3cccc(-c4c(F)ccc(F)c4C)c3)nn2)c(OC2CCCC2)c1	0.003904
rxn:3:62633:37146:116164	COc1ccc([C@H](NC(=O)C2CCCC(N3CC(Cn4cc(-c5cncc(-c6c(C)cc(C)cc6C)c5)nn4)CC3=O)C2)C2CCOCC2)cc1	0.003900
rxn:3:64315:36298:81591	COc1cccc(C)c1C(NC(=O)c1cc(F)c(F)cc1N1CC(Cn2cc(-c3cccc(-c4cn(C)nc4C)c3)nn2)CC1=O)C1CC1	0.003897
rxn:3:56433:36414:129175	CCc1ccc2c(c1)OC(CNC(=O)Cc1ccc(F)c(C3CC3Cn3cc(-c4cccc(-c5cscc5C)c4)nn3)c1)CC2	0.003894
rxn:3:45123:16055:159121	CC(C)Cc1ccn(-c2ccc(-c3cn(-c4ccc(OC(C)C(=O)Nc5ccc6c(c5)Oc5ccccc5O6)cc4)nn3)cc2)n1	0.003886
rxn:3:51422:6949:82186	Cc1csc(NC(=O)c2ccc(C3C(Cn4cc(Cn5nc(-c6ccncc6)cc5CC#N)nn4)C3(F)F)c(C(F)(F)F)c2)c1C	0.003881
rxn:3:40562:8645:119611	CCC[C@H](NC(=O)c1cc(C=CCn2cc(-c3ccc(C#N)c(C(F)(F)F)c3)nn2)ccn1)c1ccc(-c2ccccc2)cc1	0.003877
rxn:3:40316:16296:114598	CC[C@@H](NC(=O)c1ccccc1C=CCn1cc(-c2cnn(-c3ccc(F)cc3)c2C2CC2)nn1)c1ccc2c(c1)OC(F)(F)O2	0.003877
rxn:3:52875:1942:145455	Cc1cnc(C(=O)N[C@H](C)c2ccc3c(c2)oc2ccccc23)c(C2CC2CCn2cc(-c3ccc(-n4cnc(C)c4)nc3)nn2)c1	0.003876
rxn:3:55887:35995:158740	Cc1nn(C)cc1-c1cccc(-c2cn(CC3CC3c3ccnc(C(=O)NCC4C(c5cc6ccccc6s5)C4(F)F)c3)nn2)c1F	0.003869
rxn:3:56298:17722:68202	COc1ccc(SC)c2c1CC(NC(=O)c1cc(C3CC3Cn3cc(-c4cc(C5CCCCC5)n(C(C)C)n4)nn3)ncc1F)CC2	0.003858
rxn:3:46258:19287:99152	COc1cccc2c1CCCC2NC(=O)c1ccc(C)cc1C=CCCn1cc(-c2cnn(C(C)c3c(F)cccc3F)c2)nn1	0.003854
rxn:3:50672:19699:88947	Cc1cc(-c2cn(CC3C(c4cc(F)ccc4C(=O)Nc4cccc5c4CCC(C)(C)O5)C3(F)F)nn2)n(Cc2cccc(F)c2)n1	0.003851
rxn:3:40748:17708:85574	O=C(NC1c2ccccc2Oc2ccccc21)c1cccc(C=CCn2cc(-c3cc(CC4CCCC4)n(CCF)n3)nn2)c1F	0.003844
rxn:3:41435:38355:101781	CCC(C)[C@@H](NC(=O)c1ccc2cc(C=CCn3cc(-c4nccc5ccccc45)nn3)ccc2c1)c1ccc(OC)c(C)c1	0.003837
rxn:3:56859:977:141293	CCC(C)Oc1cc(C)cc(NC(=O)c2cc(C(F)(F)F)ccc2C2CC2Cn2cc(Cn3c(C)cc4ccccc43)nn2)c1	0.003825
rxn:3:41424:15613:81545	CC[C@H](NC(=O)c1cc(C(F)(F)F)ccc1C=CCn1cc(-c2cn(CC(C)C)nc2C(F)(F)F)nn1)c1cc(C)c(C)cc1C	0.003822
rxn:3:52744:5975:85251	Cc1cccc(C2CC2CCn2cc(-c3cccc(-c4cnn(C(C)C)c4)c3)nn2)c1C(=O)NCc1ccc2c(c1)OC(C)(C)C2	0.003820
rxn:3:54622:6417:71262	O=C(Nc1ccc(OC2CC2)cc1)c1cc(F)c(F)cc1C1C(CCn2cc(-c3ccc(-c4cncnc4)cc3)nn2)C1(F)F	0.003820
rxn:3:49820:6427:71834	Cc1cc(C)cc(Sc2ccccc2NC(=O)c2sccc2C2C(Cn3cc(-c4ccc(-c5ccsc5)s4)nn3)C2(F)F)c1	0.003813
rxn:3:45560:17911:125780	Cc1ccc(C(NC(=O)c2ccsc2C=CCCn2cc(-c3cnn(-c4cc(C(C)(C)C)ccn4)c3)nn2)C2CCCC2)cc1	0.003807
rxn:3:50702:7401:172889	Cc1ccc(-c2ccc(NC(=O)c3c(C)cccc3C3C(Cn4cc(-c5cnn6c5CCCC6)nn4)C3(F)F)c(OC(C)C)c2)cc1	0.003790
rxn:3:65196:28837:110955	Cc1ccc(CCNC(=O)c2c(F)cc(F)cc2N2CC(Cn3cc(-c4ccccc4C4CC4CC#N)nn3)CC2=O)c2ccccc12	0.003786
rxn:3:56164:18595:118573	Cc1cc(C(=O)NC(c2cccc3ccccc23)C2CCC2)ccc1C1CC1Cn1cc(-c2nn(C(C)(C)C)cc2C2CCC2)nn1	0.003778
rxn:3:46254:36939:112550	Cc1cccc(C=CCCn2cc(-c3ccccc3-c3ccccc3N(C)C)nn2)c1C(=O)NCC1(C)CCCc2ccccc21	0.003777
rxn:3:51307:18888:68455	Cc1cccc(C)c1C(C)n1nccc1-c1cn(CC2C(c3ccc4[nH]nc(C(=O)N[C@@H](C)Cc5ccsc5)c4c3)C2(F)F)nn1	0.003763
rxn:3:50439:18030:114703	CCOc1ccc(C(NC(=O)c2cc(C3C(Cn4cc(-c5c6c(nn5C5CCCCC5)CCCC6)nn4)C3(F)F)ccn2)C(C)(C)C)cc1	0.003759
rxn:3:54429:19327:92007	Cc1cccc2c1CC(NC(=O)c1c(C)cccc1C1C(CCn3cc(-c4cnn(Cc5ccc(F)c(F)c5)c4)nn3)C1(F)F)C2C	0.003747
rxn:3:56874:6781:135132	CC(C)(C)C1CCC(NC(=O)c2ccc3cc(C4CC4Cn4cc(Cn5cc(CC#N)c(-c6ccccc6)n5)nn4)ccc3c2)C(F)C1	0.003736
rxn:3:56111:19121:109115	Cc1ccccc1Cn1nccc1-c1cn(CC2CC2c2cc(C(=O)N[C@H](c3cccc4c3OC(F)(F)O4)C(C)(C)C)ccc2F)nn1	0.003734
rxn:3:50657:32422:89146	O=C(NCCC1CCCCCC1)c1cccc(C2C(Cn3cc(-c4ccc5sc(C(F)F)nc5c4)nn3)C2(F)F)c1F	0.003732
rxn:3:41110:7679:146536	COc1ccc(C=CCn2cc(-c3nc4ccc(F)cc4s3)nn2)c(C(=O)Nc2cc(C)c(OCc3ccccc3)cc2C)c1	0.003731
rxn:3:41045:3941:122788	CC1CCC(C(NC(=O)Cc2ccc(F)cc2C=CCn2cc(-c3cccc(-c4cccc(F)c4)c3)nn2)c2ccccc2)CC1	0.003709
rxn:3:54428:27760:87454	CCC(NC(=O)c1ccc(C2C(CCn3cc(-c4nc(C(F)(F)F)nc5c4ncn5C)nn3)C2(F)F)cc1C)c1cc(C)ccc1C	0.003706
rxn:3:45557:8559:138592	CC(NC(=O)c1sccc1C=CCCn1cc(-c2ccc(C(F)(F)F)cc2C(F)(F)F)nn1)c1ccc(-c2ccsc2)cc1	0.003692
rxn:3:40791:511:140964	CCCC(NC(=O)c1ccc(C=CCn2cc(-c3cc(F)ccc3C(F)(F)F)nn2)c(C)c1)c1cc2cc(OC)ccc2o1	0.003690
rxn:3:52714:18155:136529	Cc1cccc(-c2ccccc2)c1NC(=O)c1ccc(F)c(C2CC2CCn2cc(-c3c4c(nn3CC3CC3)CCSC4)nn2)c1	0.003683
rxn:3:41073:18682:88838	COc1ccc(-c2ccc(NC(=O)c3c(F)ccc(C=CCn4cc(-c5cn(CC(C)(C)C)nc5C(C)C)nn4)c3F)cc2)cc1	0.003678
rxn:3:51444:19324:133581	Cc1ccc(Cn2cc(-c3cn(CC4C(c5cccc6c(C(=O)NC(C)C7CC8(CCOCC8)C7)cccc56)C4(F)F)nn3)cn2)c(F)c1	0.003677
rxn:3:51280:22934:109518	Cc1cc(C)nc(-c2cn(CC3C(c4cccc5sc(C(=O)NCc6ccc(C7(c8cccs8)COC7)cc6)cc45)C3(F)F)nn2)c1	0.003670
rxn:3:46259:17595:113619	COc1ccc2c(c1)CC(C)CC2NC(=O)c1cc(C)ccc1C=CCCn1cc(-c2cc(C3CC3)n(-c3cccc(C)c3)n2)nn1	0.003639
rxn:3:57888:6888:152900	O=C(Nc1ccc(S(=O)(=O)F)c2ccccc12)c1cccnc1CCCn1cc(Cn2nc(C(F)(F)F)cc2C2CC2)nn1	0.003635
rxn:3:51021:15526:135198	CC(C)Cc1nn(Cc2cn(CC3C(c4ccc(F)c(C(=O)NC(c5cccc6c5OC(F)(F)O6)C(C)(C)C)c4F)C3(F)F)nn2)cc1C#N	0.003633
rxn:3:52750:36332:70852	Cc1ccc(C2(CNC(=O)c3cc(C)ccc3C3CC3CCn3cc(-c4ccccc4-c4cn(C)nc4C)nn3)CC(C)(C)C2)cc1	0.003632
rxn:3:49517:6929:145420	CC(C)(C)C(Cc1ccc2ccccc2c1)NC(=O)C1C(c2ccccc2-n2cc(Cn3nc(-c4cccs4)cc3C#N)nn2)C1(F)F	0.003630
rxn:3:54406:374:74133	O=C(NCC1CCCC(F)(F)CC1)c1ccc(C2C(CCn3cc(-c4ccn(Cc5ccccc5)n4)nn3)C2(F)F)c(F)c1	0.003626
rxn:3:49823:6123:130595	CC(C)C[C@H](NC(=O)c1csc(C2C(Cn3cc(-c4cnn(C)c4C4CCCCC4)nn3)C2(F)F)c1)c1ccc2ccccc2c1	0.003603
rxn:3:53633:253:73406	CC(C)Oc1cccc(C(C)NC(=O)c2ccsc2C2C(CCn3cc(-c4ccc5sc6ccccc6c5c4)nn3)C2(F)F)c1	0.003598
rxn:3:41422:36681:76840	Cc1cccc(-c2cncc(-c3cn(CC=Cc4cc(C(=O)N[C@@H]5CC[C@H]5OCc5ccccc5)cc(C(F)(F)F)c4)nn3)c2)c1C	0.003592
rxn:3:54403:2753:115802	Cc1ccc(C(C)(C)NC(=O)c2cccc(F)c2C2C(CCn3cc(-c4cccc(SC(F)(F)F)c4)nn3)C2(F)F)s1	0.003591
rxn:3:41365:11445:169051	CC1CCCC(C)N1Cc1cn(CC=Cc2ccc(C(C)(C)C(=O)Nc3cccc(-c4ccc(-c5ccccc5)cc4)c3)cc2)nn1	0.003589
rxn:3:50986:428:171305	Cc1cc(-c2cc(C)c(C)cc2NC(=O)Cc2ccc(F)cc2C2C(Cn3cc(-c4ncnc5nc(C)c(C)nc45)nn3)C2(F)F)c(C)s1	0.003588
rxn:3:51006:1791:76029	Cc1cccc([C@@H](NC(=O)c2c(C)cc(C3C(Cn4cc(CSc5ccccc5C)nn4)C3(F)F)cc2C)c2ccsc2)c1	0.003587
rxn:3:47746:36283:84464	Cc1cccc(C)c1-c1ccc(-c2cn(-c3c(F)cc4c(=O)c(C(=O)NC5(c6ccccc6)CC6(CCC6)C5)cn(C5CC5)c4c3F)nn2)cc1	0.003584
rxn:3:50983:19231:136702	CCC12CC3CC(C1)C(NC(=O)Cc1ccc(C4C(Cn5cc(-c6cnn(C(C)c7cc(C)ccc7F)c6)nn5)C4(F)F)cc1F)C(C3)C2	0.003581
rxn:3:52222:9994:130515	O=C(Nc1ccc2sccc2c1)c1cccc(C2CC2CCn2cc(CSc3nc(-c4ccc(F)c(F)c4)cs3)nn2)c1	0.003574
rxn:3:56299:6974:108608	Cc1ccc(Sc2ccc(C)c(NC(=O)c3ccnc(C4CC4Cn4cc(Cn5nc(-c6ccccn6)cc5C#N)nn4)c3F)c2)cc1	0.003552
rxn:3:45560:20121:84521	Cc1ccc([C@H](NC(=O)c2ccsc2C=CCCn2cc(CN3c4ccccc4Sc4cccnc43)nn2)C2CCCC2)c(C)c1	0.003551
rxn:3:55244:6302:170096	O=C(Nc1ccc(Cc2ccc3ccccc3c2)cc1)c1sccc1C1CC1Cn1cc(Cn2nncc2-c2cccc(F)c2)nn1	0.003545
rxn:3:51051:3941:131796	COc1c(C(=O)NCC(F)(F)c2ccsc2C)cccc1C1C(Cn2cc(-c3cccc(-c4cccc(F)c4)c3)nn2)C1(F)F	0.003541
rxn:3:54618:27844:116991	CCc1ccc([C@H](NC(=O)c2cc(F)c(C3C(CCn4cc(-c5ccc6c(F)cccc6n5)nn4)C3(F)F)c(F)c2)C2CC2)s1	0.003520
rxn:3:54396:17:159594	O=C(NC1CC(c2ccccc2)Oc2ccccc21)c1cc(C2C(CCn3cc(-c4cncc(C(F)F)c4)nn3)C2(F)F)ccc1F	0.003516
rxn:3:50032:36416:127909	CN(C)c1ccccc1-c1cncc(-c2cn(CC3C(c4scnc4C(=O)NCC4CC4c4ccc5ccsc5c4)C3(F)F)nn2)c1	0.003505
rxn:3:46621:19124:97423	CCC1CC2CC(NC(=O)c3cccc4c(C=CCCn5cc(-c6ccnn6Cc6c(C)cccc6C)nn5)cccc34)CCC2CO1	0.003504
rxn:3:54396:6628:141759	Cc1ccc(C(NC(=O)c2cc(C3C(CCn4cc(Cn5ccn6nc(-c7cccs7)cc56)nn4)C3(F)F)ccc2F)C(C)(C)C)o1	0.003492
rxn:3:54804:6829:134327	N#Cc1cn(Cc2cn(CCC3C(c4ccc5[nH]nc(C(=O)Nc6ccc(S(=O)(=O)C7CCCC7)cc6)c5c4)C3(F)F)nn2)nc1C(F)(F)F	0.003485
rxn:3:40556:36699:118005	CCC(NC(=O)c1ncccc1C=CCn1cc(-c2cccc(-c3cc(C)cc(F)c3)c2F)nn1)c1ccc(-c2ccccc2C)o1	0.003485
rxn:3:50657:5998:163904	Cc1ccc(C(NC(=O)c2cccc(C3C(Cn4cc(-c5ccc(C#N)c(C(F)(F)F)n5)nn4)C3(F)F)c2F)c2ccc3c(c2)COC3)s1	0.003482
rxn:3:58591:23915:89334	Cc1nn(CC(F)(F)F)c(C)c1-c1cn(CCCc2ccc3cc(C(=O)NC4CCCc5cccc(OC6CCOC6)c54)ccc3c2)nn1	0.003478
rxn:3:40755:12140:154637	Cc1ccccc1-c1cccc(C2(NC(=O)c3cc(F)cc(C=CCn4cc(C(F)(F)c5cccc(C(F)(F)F)c5)nn4)c3)CC2)c1	0.003471
rxn:3:55245:3821:67818	Cc1ccc(SCC2CCCC2)c(NC(=O)c2ccc(C3CC3Cn3cc(-c4cccc(-c5cccc(C#N)c5)c4)nn3)s2)c1	0.003462
rxn:3:64126:38881:90654	CC(C)(C)c1c(NC(=O)[C@H]2CC[C@H](CN3CC(Cn4cc(-c5ccc(Sc6ccccc6)cc5)nn4)CC3=O)CC2)ccc2ccccc12	0.003458
rxn:3:49882:505:171047	O=C(N[C@H](c1ccc2c(c1)Cc1ccccc1-2)C1CCC1)c1ccc(C2C(Cn3cc(-c4ccc(C(F)(F)F)c(F)c4)nn3)C2(F)F)o1	0.003455
rxn:3:55594:17856:73513	Cc1cc(C)c(-n2ccnc2-c2cn(CC3CC3c3ccc(C(=O)N[C@@H](C)C(F)(c4ccccc4)c4ccccc4)cc3)nn2)c(C)c1	0.003450
rxn:3:40768:38913:74285	CCCc1ccc(-c2ccc(-c3cn(CC=Cc4c(C)cccc4C(=O)NC4CC(C)(CC)Oc5c(C)cc(C)cc54)nn3)cc2)cc1	0.003446
rxn:3:56859:2623:79939	Cn1ccc2c(-c3cn(CC4CC4c4ccc(C(F)(F)F)cc4C(=O)NC(COc4ccc(C(C)(C)C)cc4)C4CC4)nn3)cccc21	0.003436
rxn:3:40786:18593:70806	CC(C)(C)[C@H](NC(=O)Cc1ccc(C=CCn2cc(-c3nn(C4CCSCC4)cc3C3CCC3)nn2)cc1)c1csc2ccccc12	0.003435
rxn:3:40949:19283:170670	CC(c1ccccc1F)n1cc(-c2cn(CC=Cc3ccc(CC(=O)Nc4cc(-c5ccccc5)c5ccccc5c4)nc3)nn2)cn1	0.003435
rxn:3:52967:18823:115181	Cc1cc(C(C)n2nccc2-c2cn(CCC3CC3c3cc(F)c(F)cc3C(=O)Nc3ccccc3C(C)(F)F)nn2)ccc1F	0.003432
rxn:3:63452:29677:80413	Cc1ccc(-c2ccc(C)c(NC(=O)c3cccc(N4CC(Cn5cc(-c6cc(F)cc(F)c6-c6ccccc6C)nn5)CC4=O)c3C)c2)cc1	0.003409
rxn:3:58134:36253:158903	Cc1nn(C)c(C)c1-c1ccc(-c2cn(CCCc3cccc(C(=O)NC(C)c4ccc(-c5ccc6c(c5)CCC6)o4)c3C)nn2)cc1	0.003408
rxn:3:63289:17903:85541	COc1ccc(N2CC(Cn3cc(-c4cnn(-c5cc(C6CCC6)ccn5)c4)nn3)CC2=O)cc1C(=O)Nc1c(C)sc2c(C)cc(C)cc12	0.003404
rxn:3:46254:18904:67013	Cc1cccc(C=CCCn2cc(-c3ccnn3C(C)c3cc(F)ccc3F)nn2)c1C(=O)NC12CC3CC(F)(CC(C1)c1ccccc13)C2	0.003400
rxn:3:50434:521:88140	O=C(NC1CCC(c2ccccc2)CC1OC1CCC1)c1ccnc(C2C(Cn3cc(-c4ccc(S(F)(F)(F)(F)F)cc4)nn3)C2(F)F)c1	0.003395
rxn:3:52483:22352:80413	CSc1cnn(-c2ccc(-c3cn(CCC4CC4c4cncc(C(=O)Nc5cc(-c6ccc(C)cc6)ccc5C)c4)nn3)cc2)c1	0.003377
rxn:3:51497:16775:141409	Cc1ccc(OC(C)(C)C)c(NC(=O)c2cc(-c3ccc(C4C(Cn5cc(-c6cnn(CC7CCC7)c6C)nn5)C4(F)F)cc3)n[nH]2)c1	0.003373
rxn:3:63674:18508:75081	CCc1cn(-c2cc(C)ccc2C)nc1-c1cn(CC2CC(=O)N(c3sc(C)c(C)c3C(=O)Nc3ccc(-c4cccs4)cc3C)C2)nn1	0.003361
rxn:3:46256:12140:145298	Cc1cc(C(=O)Nc2cc(-c3ccc4c(c3)CCO4)ccc2C)ccc1C=CCCn1cc(C(F)(F)c2cccc(C(F)(F)F)c2)nn1	0.003346
rxn:3:60395:18720:94129	Cc1c(F)cnc(-c2cn(-c3cccc(C(F)(F)c4nc5ccc(C(=O)NCC(C)(F)c6cccc(C(C)(C)C)c6)cc5o4)c3)nn2)c1F	0.003345
rxn:3:64327:17910:71858	Cc1cc(C)cc(-c2ccc(NC(=O)c3cccc(F)c3N3CC(Cn4cc(-c5cnn(-c6nccc(C)c6C6CC6)c5)nn4)CC3=O)cc2)c1	0.003334
rxn:3:46621:37522:76908	Cc1cccc(-c2cccc(-c3cn(CCC=Cc4cccc5c(C(=O)NC6(c7ccc8c(c7)OCO8)CCC6)cccc45)nn3)c2F)c1F	0.003329
rxn:3:50699:38913:125861	CCCc1ccc(-c2ccc(-c3cn(CC4C(c5ccc(C)c(C(=O)Nc6cccc(C7CCCC(C)C7)c6)c5)C4(F)F)nn3)cc2)cc1	0.003316
rxn:3:53157:36298:68806	Cc1nn(C)cc1-c1cccc(-c2cn(CCC3CC3c3ccc4oc(C(=O)NCC5(c6ccccc6)CC6(CCC6)C5)cc4c3)nn2)c1	0.003293
rxn:3:50663:5565:156989	Cc1ccc2nccc(-c3cn(CC4C(c5ccc(C(=O)NC6(c7ccc(OCc8ccccc8)cc7)CC6)c(F)c5)C4(F)F)nn3)c2c1	0.003292
rxn:3:60393:38604:121633	Cc1ccc(C(NC(=O)c2cccc3oc(C(F)(F)c4cccc(-n5cc(C6(c7ccccn7)CCCC6)nn5)c4)nc23)c2ccc(C)o2)o1	0.003256
rxn:3:51020:6578:79801	Cc1ccc([C@@H](NC(=O)c2cc(C3C(Cn4cc(CN5CCn6nc(-c7cccs7)cc6C5)nn4)C3(F)F)c(F)cc2F)C2CC2)cc1C	0.003250
rxn:3:50663:36943:120624	Cc1ccc(F)c(-c2ccc(F)cc2-c2cn(CC3C(c4ccc(C(=O)N[C@@H]5CC[C@@H]5OCc5ccccc5)c(F)c4)C3(F)F)nn2)c1	0.003235
rxn:3:40787:17002:133939	Cc1cccc(C=CCn2cc(-c3cc(C)n(-c4c(F)cc(F)cc4F)n3)nn2)c1C(=O)NC1CCCc2ccc(OCC3CC(C)C3)cc21	0.003223
rxn:3:63452:29221:127525	Cc1cc(OCC2CCCCC2)ccc1NC(=O)c1cccc(N2CC(Cn3cc(-c4cccc(-c5cnccc5C)c4)nn3)CC2=O)c1C	0.003221
rxn:3:50983:1066:162927	COc1cc(C)ccc1Oc1ccc(NC(=O)Cc2ccc(C3C(Cn4cc(-c5ccc6c(c5)CCCN6C)nn4)C3(F)F)cc2F)cc1C	0.003210
rxn:3:63565:252:92492	Cc1cc(C)c(N2CC(Cn3cc(-c4cccc5c4sc4ccccc45)nn3)CC2=O)c(C(=O)NC(C)(C)COc2cccc(C(C)(C)C)c2)c1	0.003195
rxn:3:60394:28584:163504	COc1cc2c(cc1NC(=O)c1ccc3nc(C(F)(F)c4ccccc4-n4cc(C5(c6ccccc6F)CCCC5)nn4)oc3c1)oc1ccccc12	0.003152
rxn:3:51357:39774:101793	Cc1cc(C)cc(OCc2ccc(NC(=O)C(C)(C)c3ccc(C4C(Cn5cc(-c6cc(C)c7ccccc7n6)nn5)C4(F)F)cc3)cc2)c1	0.003146
rxn:3:64474:37146:137109	Cc1cc(C)c(-c2cncc(-c3cn(CC4CC(=O)N(c5cc(C(=O)N[C@H](CC6CC6)c6c(C)cccc6C)c(F)cc5F)C4)nn3)c2)c(C)c1	0.003136
rxn:3:63408:39080:111429	Cc1ccc(C(COC2CCCC(C)C2)NC(=O)c2ccc(N3CC(Cn4cc(-c5ccc(F)c6ccccc56)nn4)CC3=O)c(C)c2C)cc1	0.003131
rxn:3:60338:19328:78469	CCOc1ccccc1Oc1ccc(NC(=O)c2ccc(C(F)(F)F)c(-n3cc(-c4cnn(Cc5ccc(F)cc5F)c4)nn3)c2)cc1	0.003127
rxn:3:49821:19321:160272	Cc1cc(C)cc(C(NC(=O)c2ccc(C3C(Cn4cc(-c5cnn(Cc6ccc(C)cc6C)c5)nn4)C3(F)F)s2)c2cc(C)ccc2C)c1	0.003123
rxn:3:41473:19209:129262	Cc1ccc(C)c(-c2cc(NC(=O)c3ccc(-c4ccc(C=CCn5cc(-c6cnn(C(C)c7ccc(F)c(C)c7)c6)nn5)cc4)o3)cs2)c1	0.003103
rxn:3:41421:14240:123944	Cc1ccccc1C(NC(=O)c1ccc(C=CCn2cc(-c3cccc(-c4ccc(C(F)F)cc4)c3)nn2)cc1C(F)(F)F)C1CCCC1	0.003072
rxn:3:56242:19139:171412	Cc1cccc(-c2cc(NC(=O)c3c(C4CC4Cn4cc(-c5ccnn5Cc5ccccc5C(F)F)nn4)c(C)nn3C)ccc2C(C)(C)C)c1	0.003055
rxn:3:54195:31047:171401	Cc1sc2ccccc2c1-c1ccc(NC(=O)c2ncccc2C2C(CCn3cc(-c4ccccc4N(C)c4ccccc4)nn3)C2(F)F)cc1	0.003022
rxn:3:56722:37260:119552	COc1ccc(C(CC(C)(C)C)NC(=O)c2cc3c(C4CC4Cn4cc(-c5cncc(-c6ccc(F)cc6C)c5)nn4)cccc3s2)c(C)c1C	0.003016
rxn:3:51495:17535:76371	CSc1cccc2c1OCC[C@H]2NC(=O)c1ccc(-c2ccc(C3C(Cn4cc(Cn5nc(C#N)cc5C5CCCC5)nn4)C3(F)F)cc2)o1	0.003014
rxn:3:50656:19327:130460	CC1(C)CCC(Cc2ccc(NC(=O)c3ccc(F)c(C4C(Cn5cc(-c6cnn(Cc7ccc(F)c(F)c7)c6)nn5)C4(F)F)c3)cc2)CC1	0.002982
rxn:3:60396:32250:138428	COc1ccc2c(c1)[C@H](CCNC(=O)c1ccc3oc(C(F)(F)c4ccccc4-n4cc(-c5cc(F)c(C(F)(F)F)c(F)c5)nn4)nc3c1)CC2	0.002975
rxn:3:60394:36492:90990	Cc1ccc(OCC2CCCC2)c(NC(=O)c2ccc3nc(C(F)(F)c4ccccc4-n4cc(-c5ccccc5-c5cscc5C)nn4)oc3c2)c1	0.002913
rxn:3:58338:35819:170516	CC(C)=Cc1cc(C(F)(F)F)cnc1-c1cn(CCCc2c(F)cc(C(=O)Nc3ccc(Oc4ccc5ccccc5c4)cc3)cc2F)nn1	0.002909
rxn:3:60395:18541:90423	Cc1ccc(NC(=O)c2ccc3nc(C(F)(F)c4cccc(-n5cc(-c6nn(C7CCSCC7)cc6C(C)C)nn5)c4)oc3c2)cc1C1CCCCC1C	0.002906
rxn:3:54788:37505:164820	Cc1ccccc1C(NC(=O)c1cc2cc(C3C(CCn4cc(-c5cc(F)cc(-c6cn(C)nc6C)c5)nn4)C3(F)F)ccc2o1)c1cccc(C)c1C	0.002808
rxn:3:60395:19154:87521	Cc1ccc(C(C)n2cc(-c3cn(-c4cccc(C(F)(F)c5nc6ccc(C(=O)NCC7c8sc(C(C)C)cc8CC7C)cc6o5)c4)nn3)cn2)cc1C	0.002772
rxn:3:51071:8541:85574	CSc1ncc(C2C(Cn3cc(-c4cc(F)c(C#N)c(F)c4)nn3)C2(F)F)c(C(=O)NC2c3ccccc3Oc3ccccc32)n1	0.002720
rxn:3:63289:36228:171451	COc1ccc(N2CC(Cn3cc(-c4cc(F)ccc4-c4cc(C)cc(F)c4)nn3)CC2=O)cc1C(=O)Nc1ccc(-c2cccc(-c3ccccc3)c2)cc1	0.002690
rxn:3:56520:1907:139938	CSc1ncc(C2CC2Cn2cc(-c3ccc4c(c3)C(C)(C)CCN4C3CC3)nn2)c(C(=O)Nc2occ(C(C)(C)C)c2-c2cccs2)n1	0.002465
rxn:3:41118:19143:136443	CCc1ccc2c(c1)OC1(CCCC1)CC2(C)NC(=O)c1nc(SC)ncc1C=CCn1cc(-c2ccnn2Cc2cc(C)cc(C)c2)nn1	0.002398
rxn:3:56520:28590:139150	CSc1ncc(C2CC2Cn2cc(C3(c4ccccc4C(F)(F)F)CCCC3)nn2)c(C(=O)N[C@@H](c2cccc3c2OC(F)(F)O3)C2CC2)n1	0.002031
rxn:3:51071:19700:141094	CSc1ncc(C2C(Cn3cc(-c4cc(C)nn4Cc4cccc(F)c4C)nn3)C2(F)F)c(C(=O)NCc2ccc3c(c2)C(F)(F)OC3(F)F)n1	0.001915
