name	smiles	heuristic
rxn:2:113921:79406	Cc1cn(C)nc1NC(C)c1cnns1	0.057399
rxn:2:81180:108657	Cc1cscc1C(C)NC1COC1(C)C	0.056919
rxn:2:73102:66377	Cc1cnc([C@H](C)NC2CC(C)C2C)s1	0.056858
rxn:2:117720:78993	Cc1ncccc1CNC1CC(F)C1	0.056819
rxn:2:112245:95702	CC(N[C@@]1(C)[C@@H]2COC[C@@H]21)c1cscn1	0.056682
rxn:2:107453:130411	CCC(CC)NC1CCOCC1F	0.056069
rxn:2:66922:110539	CCn1nccc1NC(C)c1nsnc1C	0.055353
rxn:2:125791:138812	FC1CCC(NCC2(F)CCC2)C1	0.055253
rxn:2:71754:76267	CC(NCC1CCCCS1)c1cc[nH]n1	0.055075
rxn:2:135623:111440	CCC1CC(Nc2onc3c2CCC3)C1	0.055066
rxn:2:107644:85103	COC1CCC(NC(C)c2scnc2C)C1	0.054894
rxn:2:87438:115654	CCSC1CC1NC(C)c1cnn(C)n1	0.054867
rxn:2:80109:88883	CCCn1ccc(NC2CCCC2C)n1	0.054826
rxn:2:73728:75774	CC(NC1CC1)c1cn2ccnc2cn1	0.054705
rxn:2:70391:94855	C1C[C@H](CNC2CC3CC3C2)CO1	0.054657
rxn:2:90266:92418	c1csc(CCNC2CCCc3snnc32)c1	0.054322
rxn:2:122687:95509	C[C@]1(F)CCC[C@H]1NC1CCc2ncsc21	0.053704
rxn:2:77560:110322	Cc1ccc(C(C)Nc2cnoc2)nc1C	0.053652
rxn:2:115326:141013	CCn1ncnc1C(C)NCc1nccs1	0.053623
rxn:2:140926:90439	CCOc1cn(C)nc1NC1CCC1SC	0.053554
rxn:2:85039:124303	Cc1nc(NC[C@@H]2C[C@@H](C)CCO2)oc1C	0.053540
rxn:2:132400:91509	CN1CCC(NCS(C)(=O)=O)C1	0.053424
rxn:2:113605:130411	CC(Cc1ccoc1)NC1CCOCC1F	0.053318
rxn:2:83484:131175	Cc1csc(C(Nc2cnnn2C)C2CC2)c1	0.053198
rxn:2:89509:112484	Cc1nscc1C(C)Nc1cncc(=O)[nH]1	0.053168
rxn:2:106940:81864	C[C@H]1CCC(NCCc2ncno2)CO1	0.053114
rxn:2:72091:141943	CCC(Nc1ccc2ocnc2n1)C1CSC1	0.053093
rxn:2:127920:110539	COc1nc(CNC(C)c2nsnc2C)cs1	0.053053
rxn:2:137497:66377	CC1CC(Nc2nnc(CC3CC3)o2)C1C	0.053015
rxn:2:134497:89690	Cc1cccc([C@H](C)NC(C)c2ccsn2)n1	0.052989
rxn:2:80793:109493	CC(NCCC1CCN(C)C1)c1nncs1	0.052952
rxn:2:67863:88988	CC1(C)CCC1NC1Cc2nccn2C1	0.052950
rxn:2:133788:73312	CCC1CCCC1NCc1cnc(C)nc1	0.052809
rxn:2:90653:78766	C[C@@H](NC1CCN(C)C(C)(C)C1)c1nccs1	0.052790
rxn:2:126148:88883	CC1CCCC1NCc1cnc2n1CCC2	0.052719
rxn:2:140932:138812	CC(C)(C)c1cnc(NC2CCC(F)C2)o1	0.052538
rxn:2:108132:70619	CC[C@H]1C[C@@H]1NC1c2ccccc2OC1C	0.052514
rxn:2:76619:98130	C[C@@H](NC1CC[C@H]2CN(C)C[C@@H]12)c1cncs1	0.052461
rxn:2:84886:129792	CC(C)CCC(C)NC(C)c1ncno1	0.052351
rxn:2:85688:102336	Cc1nc(CCNC2CCOC23CC3)co1	0.052312
rxn:2:139336:123388	CC(NCC1C[C@H]2CC[C@@H]1C2)c1cccs1	0.052247
rxn:2:95246:113700	COc1cnc(NC2CC(CC(C)(C)C)C2)s1	0.052212
rxn:2:98525:95559	CC(C)C(N[C@@H]1[C@H]2CCCO[C@H]21)c1cccs1	0.052173
rxn:2:127566:129126	C[C@@H]1CCC(Nc2cnc3ccccn23)C1	0.052138
rxn:2:128301:70950	CCc1csc(CNC2CCCN(C)CC2)c1	0.052130
rxn:2:66976:110586	CC1(C)C2CC[C@]1(C)C(Nc1ncon1)C2	0.052114
rxn:2:68159:132476	CCN1CC[C@H](NC(C)c2cc(C)c(C)s2)C1	0.052091
rxn:2:71695:138442	CC1CCc2ccoc2C1N[C@@H]1CC[C@H]1F	0.052088
rxn:2:126703:116917	CC(CC1CCCO1)NC(C)c1ncco1	0.052075
rxn:2:68625:74805	CN1CC(NC2CCSC2)CC(F)(F)C1	0.052029
rxn:2:119740:82937	CCn1cnnc1NC(c1cccs1)C1CC1	0.052020
rxn:2:108763:84854	CCC(CSC)NC12CCC(F)(CC1)C2	0.051992
rxn:2:93597:127742	CCC(C)NCCc1ccn(C(C)C)n1	0.051958
rxn:2:121251:136929	CC1CC1CNC1CCC2(CCC2)C1	0.051885
rxn:2:117677:91882	Cc1nncnc1NC1CCc2ccoc21	0.051862
rxn:2:141235:98108	COCC1(C)CC(N[C@@H]2CC[C@H](F)C2)C1	0.051770
rxn:2:76933:112484	Cc1nscc1C(C)NC(C)Cn1nccn1	0.051754
rxn:2:111636:88151	C[C@@H]1CCCC[C@@H]1NC1CC2(CSC2)C1	0.051667
rxn:2:106120:91509	Cc1cnn(C(C)CNC2CCN(C)C2)c1	0.051643
rxn:2:127714:141652	CCc1cccc(NC(C)c2ncnn2C)c1	0.051610
rxn:2:77468:121038	COc1csc(C(C)NC2C(OC)C2(C)C)c1	0.051608
rxn:2:137295:116134	CCC(Nc1nnn(C)c1C)c1cc(C)on1	0.051597
rxn:2:136117:141649	CC(NC1CC1(C)C)c1cc2ccccn2n1	0.051564
rxn:2:128123:96608	CON1CCC(NC2CCCC[C@@H]2F)C1	0.051555
rxn:2:106236:102927	COCCC1CC(NCc2snnc2C)C1	0.051502
rxn:2:89930:114659	CCC1CC(NC(C)c2ncc(C)o2)CCO1	0.051501
rxn:2:107650:107346	CCC1CC(N[C@@H]2COC[C@H]2C)CCO1	0.051443
rxn:2:106696:74336	CCOC1CCCC1NC1(C)CCOC1	0.051397
rxn:2:73226:89759	COc1n[nH]c(C)c1NC1COC(C)(C)C1	0.051361
rxn:2:72742:119233	c1nc2c(s1)C(NC1C[C@H]3COC[C@@H]13)CCC2	0.051353
rxn:2:133079:119277	c1nc(C2CC2NC2CCCc3ccsc32)cs1	0.051319
rxn:2:75212:114780	CCn1ncc(NC(c2nccs2)C(C)(C)C)n1	0.051283
rxn:2:110160:100841	CCCC[C@H](C)NC1CCC1CC	0.051207
rxn:2:114988:104794	Cc1cc([C@@H](C)NC(C)c2cn[nH]c2)c(C)s1	0.051199
rxn:2:101420:88899	CCOc1nc(NC2CC3CCCC(C2)S3)ns1	0.051137
rxn:2:73344:83502	CC(NC(C)c1cncn1C)c1ccncn1	0.051084
rxn:2:67551:89477	CC[C@@H]1CCCC(Nc2nc(C)cnc2C)C1	0.051075
rxn:2:97170:72533	Cn1ccnc(NC2CCC3(C)CC23)c1=O	0.051068
rxn:2:93676:115226	FC1OCCC1NC(c1ncc[nH]1)C1CC1	0.051047
rxn:2:92919:85629	CCCC1CCCCC1NC1CN(C)C1	0.051027
rxn:2:109503:107376	CC(NC1CCO1)c1ccnc2[nH]ncc12	0.051002
rxn:2:123725:106347	c1ncc(C2(NC3CC4OCCCC34)CC2)o1	0.050958
rxn:2:84533:98873	Cc1[nH]c2c(NC3CC3)cccc2c1C	0.050933
rxn:2:136373:126386	CC(CC1CCC1)Nc1ccc(=O)n2ccsc12	0.050910
rxn:2:103343:105034	C1=Nc2ccccc2C1NCC1CCCOC1	0.050884
rxn:2:76863:122352	c1ccc(C2CCC2NC2CCCC2)cc1	0.050865
rxn:2:108125:103959	CO[C@H]1C[C@H]1NC1CCCOc2cccnc21	0.050805
rxn:2:89194:108573	CCc1cn[nH]c1CNC1CC2CCC(C1)S2	0.050797
rxn:2:76411:111214	CC(C)n1cc(NC2CCSc3ccsc32)cn1	0.050778
rxn:2:136903:90851	CN1CCCC(NCC(F)c2ccccc2)C1	0.050776
rxn:2:66798:128184	FC1(CNC2CCn3cnnc32)CCOC1	0.050767
rxn:2:82791:85971	COc1[nH]ncc1NC(C)c1ccnnc1	0.050753
rxn:2:74082:72129	C[C@@H](F)CNC(c1ncccn1)c1ccco1	0.050700
rxn:2:77294:105034	Cn1ncc(CNC2C=Nc3ccccc32)n1	0.050648
rxn:2:128322:141472	c1cc(CNC2CC3CC2CC32CC2)ccn1	0.050598
rxn:2:138573:125790	CC(NC1(C)CN(C)C1)c1cccn1C1CC1	0.050582
rxn:2:80801:138558	CC1CCCCC1CNC1CCC[C@H]1F	0.050550
rxn:2:128305:125387	CC[C@H](F)CNC(C)c1cnn(C)c1OC	0.050531
rxn:2:72082:110225	COc1nonc1NC1CCS(=O)(=O)C1C	0.050429
rxn:2:89847:113297	CC1COCC(CCNC2COc3cscc32)O1	0.050382
rxn:2:92382:113097	CC1(C)OC2(CCCC2)C1Nc1cn[nH]c1	0.050336
rxn:2:89373:66377	CC1CC(NC2(c3cnccn3)COC2)C1C	0.050321
rxn:2:141525:117499	COCC1(C)CCC(NCC2CC2)CC1	0.050296
rxn:2:131366:104380	CCCC(NC1COCCC1C)C1CC1	0.050295
rxn:2:89033:120964	CCC1(CC)CC(NCCc2cnoc2)C1	0.050247
rxn:2:107959:74734	CCC(Nc1nc2c(C)ccnc2s1)C1CCC1	0.050218
rxn:2:141730:83741	C[C@H]1COCCC1Nc1ccc2nncn2c1	0.050205
rxn:2:91958:116134	CCC(Nc1nn(C)c(C)c1C)c1cc(C)on1	0.050195
rxn:2:81056:88139	CCC(C)CNC(C)c1ccc(C)[nH]c1=O	0.050194
rxn:2:108027:104290	CCc1c(NC2CCOCC2(F)F)c(C)nn1C	0.050192
rxn:2:86028:70877	Cc1[nH]nc(NC2CCC3CCC3C2)c1C	0.050150
rxn:2:138715:106687	CCc1nnc(CNC2CCN(CC)C2)o1	0.050128
rxn:2:134311:98748	Cc1cccc2c1SCCC2Nc1cnn(C)n1	0.050075
rxn:2:129121:106425	Cc1sccc1C(C)N[C@@H]1CCCN2CCC[C@H]12	0.050033
rxn:2:135841:141422	CC[C@@H](CNC1CCO[C@@H](C)C1)N(C)C	0.050007
rxn:2:89694:98187	COC(CNC1CCC[C@@H]1F)c1ccccc1	0.049995
rxn:2:125446:77716	CC(CC1CCOC1)Nc1nc2ncccc2o1	0.049934
rxn:2:128695:80365	CC(NC[C@@H]1COc2ccccc2O1)C(C)(F)F	0.049912
rxn:2:78939:102585	CC1(C)[C@H]2CCC(NCCn3cnnn3)[C@@H]1C2	0.049907
rxn:2:99518:135320	COCC1CCCC1Nc1cnnn1C1CC1	0.049837
rxn:2:105251:104290	CSCc1ccc(CNC2CCOCC2(F)F)o1	0.049834
rxn:2:119852:120778	CC(C)Cc1nnc(NC(C)c2ncn(C)n2)s1	0.049808
rxn:2:112528:74805	CCS(=O)(=O)Cc1ncccc1NC1CCSC1	0.049782
rxn:2:75012:118482	Cn1ncc(C2CC2)c1CNC1CCCC1(F)F	0.049768
rxn:2:68168:82580	CC(NC1CCCCC1)c1cn2ccccc2n1	0.049764
rxn:2:132494:139516	CSC(C)CNC(C)c1nc2ccc(C)cc2s1	0.049755
rxn:2:110044:108555	CN(C)C1CC(Nc2ccc3cnccc3c2)C1	0.049737
rxn:2:133343:102937	c1ncc2c(CNC3CCC4CCC43)ccn2n1	0.049717
rxn:2:76006:104388	CC[C@H](NC1CCC(C)CC1)c1nc(C)n[nH]1	0.049697
rxn:2:68487:127812	CCC(Nc1scnc1C1CC1)C1CC1(C)C	0.049671
rxn:2:99720:69316	Cc1oncc1NC1CCN(C2CCCC2)CC1	0.049670
rxn:2:100927:133352	CCC(N[C@@H]1COC[C@H]1SC)c1cc(C)sc1C	0.049663
rxn:2:138231:138089	CC1Cc2cccnc2C(N[C@H]2C[C@@H](C)C2)C1	0.049658
rxn:2:85098:121253	Cc1nn(-c2nccs2)c(C)c1NC1CSC(C)C1	0.049652
rxn:2:131110:91056	CCC(CNC1CN(C)c2cscc21)COC	0.049643
rxn:2:129944:68991	CC1CCC1CNC1CCOC2(CCC2)C1	0.049630
rxn:2:130861:121559	COc1nc(C(C)N[C@H]2CCCC[C@H]2OC)cs1	0.049623
rxn:2:99643:75031	CCC(CNC1CCc2scnc21)CN(C)C	0.049590
rxn:2:128367:88281	Cc1coc(C)c1C(C)N[C@H]1C[C@@H](C)O[C@@H](C)C1	0.049581
rxn:2:97076:119009	CC(NC1[C@H]2CC[C@]1(C)C2(C)C)c1cn(C)nn1	0.049566
rxn:2:106621:102424	COc1cnn(NC2CCS(=O)(=O)C[C@@H]2C)c1	0.049561
rxn:2:81388:100312	CC(NC1C2CCC1(C)C2(C)C)c1c[nH]cn1	0.049559
rxn:2:106201:77570	CC(NC1CCCOc2cncnc21)C1(C)CC1	0.049501
rxn:2:107222:106900	Cc1ccnc(CNC(C)CC2CCCC2)c1	0.049458
rxn:2:122647:127941	CC(N[C@H]1CC[C@@H]1CN(C)C)c1ncc[nH]1	0.049453
rxn:2:127296:86866	CC(CC1CC1)NC1CCOCC12CCC2	0.049437
rxn:2:111250:140950	CC1CCC(CCNC2CC3CCOC32)C1	0.049419
rxn:2:66265:131776	CC(C)c1ncsc1C(C)NCC1CCN(C)C1	0.049385
rxn:2:69129:103159	Cc1csc(C(C)Nc2ncccc2S(C)(=O)=O)n1	0.049370
rxn:2:104872:81260	COCC1(CNC2CCOC3CC23)CC1	0.049365
rxn:2:97838:93592	CC(NC1CC2CCCC21)C12CC(CO1)C2	0.049345
rxn:2:101559:92262	Cc1ncc(CNC2C[C@H](C)CC[C@H]2C(C)C)o1	0.049333
rxn:2:81857:140518	F[C@H]1C[C@@H](CNC2CCN3CCCC2C3)C1	0.049331
rxn:2:110913:123388	CC(NC1CCC2CCCC2C1)c1cccs1	0.049330
rxn:2:139014:73202	CC(C)C1CCC1N[C@H]1CCN(C(C)C)C1	0.049318
rxn:2:70206:108657	Cc1cscc1C(C)NCCc1cccnc1C	0.049293
rxn:2:87239:88937	CN(C)C1CCCC1Nc1cnc[nH]c1=O	0.049288
rxn:2:122887:83895	CCC(NC1COCC12CCC2)c1cnn(C)c1	0.049287
rxn:2:137798:123226	CC(N[C@@H]1C[C@@H]2CC[C@H]1C21CC1)c1cnccn1	0.049259
rxn:2:141261:87623	c1cc2c(c(CNC3CCC34CCC4)n1)CCO2	0.049248
rxn:2:119524:78148	CCC1CCC(CC(C)Nc2ncco2)CC1	0.049217
rxn:2:125828:73916	CC(NC12CCC1C2)c1cncc2ccccc12	0.049205
rxn:2:73605:98841	Cc1nc2ncnc(NCC3CC(C)CCO3)c2s1	0.049205
rxn:2:91128:86357	CCOc1noc2c1C(NC1CCOC1)CCC2	0.049200
rxn:2:135509:80724	COC1CCCC1Nc1nn(C2COC2)cc1C	0.049181
rxn:2:87229:81068	CC(NC1CCC12CCC2)c1ccc(=O)[nH]n1	0.049173
rxn:2:140972:128881	CCc1cc(NC2C[C@@H]3[C@H](C2)C3(C)C)nn1CC	0.049129
rxn:2:105341:119575	COc1cccc2c1OCCC2Nc1cc(C)sn1	0.049095
rxn:2:105726:100408	CC[C@H]1CCCC(NCC(F)(F)c2cscn2)C1	0.049069
rxn:2:128934:126775	Cc1sc(C)c2c1CCCC2N[C@@H]1CCN(C)C1	0.049059
rxn:2:67066:75781	CCc1nc(C)c(C(C)Nc2ccnn(C)c2=O)s1	0.049043
rxn:2:134437:138733	CC(C)c1nscc1NC1CC(c2ccn(C)n2)C1	0.048991
rxn:2:112795:66116	Cc1csc(NCC2CCCC(C)N2C(C)C)c1	0.048979
rxn:2:140750:72604	Cc1ccc(CCC(C)NC2CSCC(C)C2)o1	0.048972
rxn:2:78556:75403	COc1cc(C(C)NCC(F)c2cccs2)sn1	0.048952
rxn:2:83306:76983	COC(C)C(C)NC1c2ccccc2CCC1C	0.048942
rxn:2:139023:82040	CCSc1nncn1NC1CCOCC1(C)C	0.048928
rxn:2:99720:84952	Cc1ccc2c(c1)C(Nc1cnoc1C)CCO2	0.048925
rxn:2:89196:112500	COc1cccc2c1C(N[C@@H]1CC3CCC1C3)C2	0.048923
rxn:2:128859:74071	FC1(F)CC(NC2Cc3cnoc3C3(CC3)C2)C1	0.048909
rxn:2:130540:115410	COC(CNC(C)c1cnoc1)CC(C)(C)C	0.048839
rxn:2:98750:137622	C[C@@H]1COC[C@H](NC2CCOCC2(C)F)C1	0.048832
rxn:2:134363:121833	CO[C@@H]1CC[C@@H]1NC1CCCN(C2CC2)C1	0.048786
rxn:2:104281:129471	COCCC(N[C@H]1COC[C@@H]1C)C(C)C	0.048727
rxn:2:122067:66545	CC[C@@H](C)CNC(C)c1ccc2cnncc2c1	0.048610
rxn:2:131764:104225	Cc1ccc(C)n1NC1CCC2C3CCC3C12	0.048581
rxn:2:95010:68275	CC(C)C1CC(NCC2(n3cccc3)CC2)C1	0.048561
rxn:2:83394:128155	Cc1cc(C)c(NC2CCC3CCC(C2)N3C)s1	0.048554
rxn:2:114928:131775	Cc1csc(-c2nnc(NC3CC(C)C(C)C3)o2)c1	0.048551
rxn:2:67492:82958	CN1CC2CC(NC[C@H]3CCCCO3)C2C1	0.048538
rxn:2:102342:101707	Cc1ccsc1[C@@H](C)NC1CCSC2(CCC2)C1	0.048535
rxn:2:113398:136940	CCCC(NC1CCC1n1ccnn1)C(C)(C)C	0.048529
rxn:2:102981:114549	CC(N[C@@H]1CC[C@@H](C)C1)c1nc2c(s1)CCN(C)C2	0.048515
rxn:2:123885:92557	FC1COCC(NCCc2cc3n(n2)CCC3)C1	0.048486
rxn:2:117771:114468	CC1CCC(N[C@@H](C)c2ccnc(S(C)(=O)=O)c2)C1	0.048446
rxn:2:84571:77918	Cn1nncc1CCNC1CCn2nccc21	0.048395
rxn:2:81024:123438	Cc1csc2c1CCC2CNC1CCC2CC1C2	0.048380
rxn:2:88026:72087	CC1OCCC1(C)NC1CCCc2cccnc21	0.048373
rxn:2:99078:88281	CCc1ccc(CNC(C)c2c(C)coc2C)o1	0.048353
rxn:2:76329:130094	CCC(N[C@H](CC)COC)c1ccc[nH]1	0.048344
rxn:2:68675:84941	CCC1(CC)OCC1NC(C)c1cc(C)ncn1	0.048341
rxn:2:135762:125199	C[C@H](NC1CCC(S(C)(=O)=O)CC1)c1cccnc1	0.048336
rxn:2:111811:105673	COC1C(NCC2CC(F)(F)C2)CC12CCC2	0.048332
rxn:2:82835:119035	CS(=O)(=O)C1CCCC1Nc1nocc1C1CCC1	0.048331
rxn:2:111050:71036	Cc1ccnc(C(C)NCCC2CCOC2)c1C	0.048319
rxn:2:105465:96149	CC1CSCCC1NCc1nccn1C1CCCC1	0.048288
rxn:2:92943:90537	CCOc1cc(NC2CCCCC2C2CC2)no1	0.048281
rxn:2:100156:126941	CC(Nc1cnn(CC2CC2)c1)c1c[nH]nn1	0.048278
rxn:2:72193:114468	Cc1cccc2c1CC(NC1CCC(C)C1)C2	0.048274
rxn:2:117870:123139	CCc1noc(NC2CCCc3nccc(C)c32)n1	0.048248
rxn:2:115809:114753	CC1(C)CC(NCc2cn3ccncc3n2)C12CC2	0.048242
rxn:2:134260:95441	CS[C@H]1C[C@@H](NC(C)c2cnc3ccccc3c2)C1	0.048242
rxn:2:102594:77918	CC(NC1CCn2nccc21)c1nnnn1C	0.048210
rxn:2:119764:106662	CCC(C)CC(C)Nc1ccc2ncn(C)c2c1	0.048208
rxn:2:72143:96608	F[C@H]1CCCCC1Nc1ncnc2nncnc12	0.048202
rxn:2:77858:103095	C1CC2(C1)CC(NC1CC3(CCO3)C1)CO2	0.048201
rxn:2:119732:65874	CN(CCNC1CC[C@@H]2C[C@H]12)C1COC1	0.048195
rxn:2:122043:92401	COC1CCCC(NCC2CCCC(F)C2)C1	0.048182
rxn:2:107730:111884	CCCCn1cc(C)c(NC2CCCCC2F)n1	0.048171
rxn:2:88792:119388	CC[C@H](C)CNC1c2ccc(OC)cc2CC1F	0.048162
rxn:2:89311:81833	F[C@@H]1CCCC2(CCC(NCc3cn[nH]c3)C2)C1	0.048157
rxn:2:79984:81385	COc1ccc2c(c1)C(Nc1ccnnc1)CC2C	0.048151
rxn:2:81891:107982	CCOc1nn(C)cc1NC1CCCC2C1C2(F)F	0.048144
rxn:2:81782:138254	Cc1cccc(C(C)Nc2cnc3c(c2)OCO3)c1	0.048144
rxn:2:103773:135320	COCC1CCCC1Nc1ccc2ccncc2n1	0.048135
rxn:2:88915:118304	Cc1nccnc1[C@@H](C)NC1CCn2c(C)cnc21	0.048126
rxn:2:102598:102504	COCCc1cc(NC2CCC3COC2C3)no1	0.048125
rxn:2:77100:102939	COc1ccn2ccnc2c1NC1CCN(C)CC1	0.048117
rxn:2:66565:123027	CO[C@@H]1COCCC1N[C@H]1[C@@H]2CC(F)(F)C[C@@H]21	0.048115
rxn:2:92835:98187	CCOc1cc(C)cc(CNC2CCC[C@@H]2F)c1	0.048108
rxn:2:117748:74336	CCOC1CCCC1NCC1(C)CCSCC1	0.048099
rxn:2:76262:137786	Cc1cc(C)c(C(C)Nc2ccc(N(C)C)nc2)s1	0.048098
rxn:2:77359:72051	Cc1cc(C(C)N[C@H]2C[C@H](n3cccn3)C2)[nH]n1	0.048082
rxn:2:111887:74336	CCOC1CCCC1Nc1nnc2nccnn12	0.048080
rxn:2:111878:125172	CC1(C)CC(NC2CC3COCC(C2)O3)CS1	0.048063
rxn:2:112801:83447	CCc1n[nH]c2c(NC3C[C@@H]4C[C@@H]4C3)cccc12	0.048053
rxn:2:81065:103753	CCc1cc(C(C)Nc2nc(C3CC3)ns2)n(C)n1	0.048038
rxn:2:141244:109244	CC(C)C(NC1C[C@@H](C)O[C@H](C)C1)c1cn[nH]c1	0.048036
rxn:2:99923:112088	CC(N[C@H]1C[C@@H]2CC[C@H]1C2)c1cccc2cncn12	0.048024
rxn:2:104635:73028	CC(C)CN1CCCC1CNC1COC1C	0.048023
rxn:2:98494:130065	Cc1nnc2n1CCCC2NCC1c2ccccc21	0.048020
rxn:2:76193:127910	CC(Nc1cnn2c1CN(C)CC2)c1cccnc1	0.047995
rxn:2:69695:70439	c1cc([C@@H]2C[C@H]2CNC2CC3OC(C2)C2CC32)cs1	0.047991
rxn:2:102051:134947	Cc1cc2c(s1)CCCC2NC1(C2CCOC2)CC1	0.047965
rxn:2:128742:121298	CCC(Cc1ccccc1)N[C@@H]1COCC1(C)C	0.047962
rxn:2:104525:73923	CCN(C)c1cc(CNC2CCO[C@H]2C)ccn1	0.047960
rxn:2:95538:88280	C1CCC2(C1)CCC2NCC1CC2CC1C2	0.047960
rxn:2:121023:66090	COc1nn(C)cc1CNC1CCC12CC(F)(F)C2	0.047956
rxn:2:131570:75781	CCc1nc(C)c(C(C)N[C@@H](C)c2cnccn2)s1	0.047933
rxn:2:110258:137442	Cc1nccc(C2(NC3CCC(C)(F)CC3)CC2)n1	0.047923
rxn:2:73786:126996	CC(NCC1OCC1(C)C)c1ccc2ncnn2c1	0.047923
rxn:2:70809:73312	CCC1CCCC1Nc1csc(C(C)(F)F)c1	0.047919
rxn:2:123644:133136	CC1(C)[C@H]2CC[C@@H]1C(NC[C@@H]1COCCO1)C2	0.047919
rxn:2:112002:118435	CC(C)C1CC(NC2CCCC3CC32C)CO1	0.047916
rxn:2:105937:133368	COc1nc(C)nc(NC2CCN(C)C[C@@H]2C)n1	0.047909
rxn:2:119642:128969	Cc1nc(C)c(C(C)Nc2csc(C3CCC3)n2)o1	0.047900
rxn:2:125388:69285	Cc1ncc(C(C)Nc2cnn3c2N(C)CC3)[nH]1	0.047890
rxn:2:76016:70877	COC1CCCCC1NC1CCC2CCC2C1	0.047888
rxn:2:137567:91358	CO[C@H]1CCCC1NC1CC2(C1)CC(C)(C)C2	0.047888
rxn:2:71164:131509	CCN1CCCC1CNC1CCC(SC)CC1	0.047888
rxn:2:73650:130124	Cc1nnc(C(C)NCc2cncc3c2CCC3)o1	0.047874
rxn:2:99740:73686	CC(C)C1(C)CCC(Nc2ccc3nonc3c2)C1	0.047854
rxn:2:95517:115204	CCC(NC1(C)CCCCC1C)c1cccs1	0.047848
rxn:2:121428:100119	c1coc(-c2ocnc2CNCC2CCCCS2)c1	0.047842
rxn:2:123116:136045	CCOC1CCCCC1NCCc1ncc(C)s1	0.047840
rxn:2:92793:102227	CCC(C)(C)c1csc(NC2CCCC23CC3)n1	0.047833
rxn:2:103698:71787	c1cc2n(c1)CCCC2NC1CCC(C2CC2)C1	0.047830
rxn:2:131488:82609	COC1CCC(C)(NC2CSc3ccccc32)CC1	0.047813
rxn:2:134413:135462	CC1CCC(C(C)C)C(NC2(C)CCCO2)C1	0.047811
rxn:2:102029:98187	CN1CCC(n2cc(NC3CCC[C@@H]3F)nn2)CC1	0.047767
rxn:2:66719:129604	COC[C@H]1CCC[C@H]1NC1CCCCC1(C)C	0.047764
rxn:2:126121:101831	C1CCC2C(C1)CCC2Nc1nnc(CC2CC2)s1	0.047763
rxn:2:95164:105370	CC1CC(N[C@H]2COC[C@H]2C)c2ccsc2S1(=O)=O	0.047754
rxn:2:113220:106687	CCN1CCC(N[C@@H](c2ccc[nH]2)C(C)(C)C)C1	0.047749
rxn:2:83230:101906	CC(C)C1CC1C(C)NC1CCC2(COC2)C1	0.047740
rxn:2:72411:111713	Cc1cc(NC(C)c2nccn2C(C)(C)C)c(C)o1	0.047738
rxn:2:119424:99593	CC(C)C1(CNC2CC3(COC3)C2)CCCC1	0.047730
rxn:2:132284:102539	COc1nc(NC2CCC3CCCC2O3)ncc1C	0.047712
rxn:2:81133:73686	Cc1ccc(NC2CCC(C)(C(C)C)C2)c(=O)n1C	0.047704
rxn:2:109803:94404	Cc1ncc(C(C)Nc2cccc(C(C)(C)C)n2)s1	0.047701
rxn:2:141744:114039	CC1CC(NC2CCCCCCC2(F)F)C1	0.047700
rxn:2:125756:98106	COc1cnc2c(c1)C(NC1CCC13CC3)CCO2	0.047697
rxn:2:108514:89170	CCc1cc(C(C)NCc2cnnc(C)c2C)cs1	0.047696
rxn:2:113835:67549	CSc1nnc(NC2CCOC3(CCOC3)C2)s1	0.047685
rxn:2:71646:88106	Cc1ccc([C@@H]2CCC(N[C@H]3C[C@H](F)C3)C2)cc1	0.047669
rxn:2:125530:83447	COC1C(NC2C[C@@H]3C[C@@H]3C2)COC12CCC2	0.047668
rxn:2:121777:121110	CC(C)(C)C1CCC(NCC(C)(C)S(C)(=O)=O)C1	0.047647
rxn:2:104197:138831	COC1(C)CC(Nc2c(C)nc[nH]c2=O)C1(C)C	0.047646
rxn:2:84132:79994	CCCC1CCC(NC2CCN(C)CC2C)C1	0.047646
rxn:2:124231:94855	Cc1cccc(SC2COC2)c1NC1CC2CC2C1	0.047638
rxn:2:140443:116917	CC(CC1CCCO1)Nc1cnc2c(n1)CCCC2	0.047631
rxn:2:82342:89956	CSc1nn(C)cc1NC1c2ccccc2C1C	0.047592
rxn:2:114139:102504	COc1cccnc1[C@H](C)NC1CCC2COC1C2	0.047578
rxn:2:113810:136278	CCn1ncc2c1CCCC2NC1(C)CCN(C)C1	0.047569
rxn:2:113606:140518	CC(C)[C@H](NC1CCN2CCCC1C2)c1ccoc1	0.047566
rxn:2:76022:138729	CCC(N[C@H]1CCc2cc(OC)ccc21)C(C)C	0.047566
rxn:2:134929:105859	FC1CCC(NC2CC2c2ccncc2)C2CCC12	0.047537
rxn:2:91761:121996	c1ccc(CCNC2CCC3(CCOC3)CC2)nc1	0.047536
rxn:2:128082:108122	O=S1(=O)CC(CNC2c3ccccc3OCC2F)C1	0.047532
rxn:2:89511:74326	COc1cc(C(C)NC2(C3CC3)CC2)ccc1C	0.047530
rxn:2:88516:90296	Cc1cc(C(F)(F)CNC2CC(C3CC3)C2)cs1	0.047523
rxn:2:133355:98640	CCC(NC1C2CC3C(C2)C31)C1CCOCC1	0.047521
rxn:2:95674:111869	CC(N[C@H]1CCN(C)C1)c1nccc2c1cnn2C	0.047520
rxn:2:101051:80327	Cc1cc2ncc(NC3CCOCC3C)cc2[nH]1	0.047497
rxn:2:80314:70950	CC(C)Cc1cnccc1NC1CCCN(C)CC1	0.047475
rxn:2:117195:99881	CCn1nc(NC2C[C@H](C)c3ccccc32)cc1C	0.047467
rxn:2:103034:125007	CCC(NC1C(C)(C)SC1(C)C)c1ccc(C)s1	0.047443
rxn:2:131128:125177	CC1CCCC1CNC(c1ccco1)c1nccs1	0.047424
rxn:2:114833:132668	CC1C2CCC(C2)C1CNCC1CCCN1C	0.047405
rxn:2:78140:129772	COc1ncc(C)c(NC2CCN(C)C23CCC3)n1	0.047388
rxn:2:132418:134854	CCC(Nc1ncnc2[nH]cc(C)c12)C1CCSC1	0.047372
rxn:2:98137:138712	CCOC1CCCC1NC1CC(S(C)(=O)=O)C1	0.047368
rxn:2:90869:99197	COC1CCCC12CC(Nc1nc(=O)cc[nH]1)C2	0.047344
rxn:2:67082:88932	CO[C@H]1CCC[C@@H]1NC(C)c1cn2cnnc2cn1	0.047342
rxn:2:69347:87594	CCCCC(C)NCc1ccc2nn[nH]c2c1	0.047332
rxn:2:95202:109463	CC1(C)COC[C@@H]1NC1CCCS(=O)(=O)CC1	0.047324
rxn:2:126544:83104	CC(F)(CNC1CCC2CC(F)(F)C21)C1CC1	0.047317
rxn:2:90471:112157	COc1ccc(C(C)Nc2cc(C)nn2C(C)C)s1	0.047278
rxn:2:113887:92337	c1cc2c([nH]1)CCC(NCC1(C3COC3)CC1)C2	0.047278
rxn:2:70502:108873	FC1(F)C2CCC(NC34CCC(C3)OC4)CC21	0.047259
rxn:2:69768:132034	CO[C@@]1(C)C[C@H]1NC1CCCc2cc(C)c(C)cc21	0.047234
rxn:2:118760:122700	CCN1CCC(NCc2cc3n(c2C)CCC3)CC1	0.047230
rxn:2:141744:124850	CC1CC(NC2CCn3ccc4cccc2c43)C1	0.047230
rxn:2:108029:74959	CCC(NC1C(c2cccs2)C1(F)F)C1(C)COC1	0.047227
rxn:2:99003:125570	COC[C@@H]1C[C@H]1NC1CC(C)N2CCCC1C2	0.047223
rxn:2:92717:104936	CC1CCc2cn[nH]c2C1N[C@@H]1C[C@H]1CN(C)C	0.047218
rxn:2:91581:97205	CC(NC1CCC2CCCN2CC1)c1ncnn1C	0.047217
rxn:2:94738:115959	CC1(C)C2CCC1C(Nc1noc3nnccc13)C2	0.047207
rxn:2:126832:96294	C[C@H]1CCC(Nc2c[nH]c3ccccc23)CN1C	0.047169
rxn:2:90300:123606	CN1CCC(NC2(c3ccnnc3)CC2)CC12CC2	0.047127
rxn:2:134185:129239	CCC1CCC(NCCc2ccc3cncnn23)C1	0.047126
rxn:2:122814:75828	COc1cc(NC(C)CC(C)C)cn2cc(C)nc12	0.047103
rxn:2:141785:95192	CCn1cc2cc(NC3CCC4(CSC4)C3)cnc2n1	0.047096
rxn:2:140453:79616	COC1CC(CNC2C[C@@H](C)S[C@@H](C)C2)C1(C)C	0.047079
rxn:2:127522:88899	c1cc(C2CC2)ncc1NC1CC2CCCC(C1)S2	0.047074
rxn:2:118692:76267	CCc1cc(CCNC(C)c2cc[nH]n2)no1	0.047069
rxn:2:67257:98062	Cc1ccnc(C(C)Nc2nnc(CC(C)C)o2)c1	0.047068
rxn:2:81180:158104	CC1(C)OCC1NC1Cc2cccc3cncc1c23	0.047061
rxn:2:93880:96294	Cc1cc(CNC2CC[C@H](C)N(C)C2)nc2ccsc12	0.047021
rxn:2:98627:128174	CCc1cccc2c1OCCC2N[C@@]12CCC[C@@H]1C2	0.046996
rxn:2:70705:85320	CC(NCC1CCc2ccccc21)C1CCCC1	0.046990
rxn:2:135303:113128	Cn1cnc2c1CCC2NCc1nncn1C1CC1	0.046977
rxn:2:105914:118093	c1c[nH]c(C(NC2CC2C2CC2)c2ccco2)c1	0.046976
rxn:2:108627:83447	Cc1cccc2[nH]cc(CNC3C[C@@H]4C[C@@H]4C3)c12	0.046976
rxn:2:128514:137914	CSCCC1CC(N[C@H]2C[C@H](C(C)(C)C)C2)C1	0.046976
rxn:2:86923:115861	c1ccc([C@H](NC2CC3CC4C(C3)C24)C2CC2)nc1	0.046970
rxn:2:96627:105764	CCCCC1CC(N[C@@H]2C[C@H]2C2CC2)C1	0.046941
rxn:2:115432:68275	CC(C)Cc1cccc(NC2CC(C(C)C)C2)n1	0.046932
rxn:2:95432:112500	COc1cccc2c1C(NCCc1ccc[nH]1)C2	0.046930
rxn:2:140262:93522	COc1cccc2oc(NC3CC4CSCC4C3)nc12	0.046929
rxn:2:78055:116264	CCN1CCC(Nc2noc(-c3ccsc3)n2)CC1C	0.046910
rxn:2:86938:138211	Cc1cc(=O)n(C)cc1NC(C)CCn1ccnc1	0.046908
rxn:2:93435:125057	CC(CCn1cccn1)NC1(C)CCC(F)(F)CC1	0.046885
rxn:2:127137:106501	Cc1oncc1-c1nnc(NC2CCC3CC3(C)C2)s1	0.046853
rxn:2:104708:117995	CCCC(Cc1ccccc1C)N[C@H]1C[C@@H]1F	0.046852
rxn:2:96948:85852	CN(C)C1COCCC1NCc1cccc2sccc12	0.046840
rxn:2:131497:127941	CCCN1CCC(NC(C)c2ncc[nH]2)C(F)C1	0.046833
rxn:2:117272:130414	CC(Nc1ncnn1C1CCOC1)c1ncccn1	0.046827
rxn:2:82335:96149	CCC(CNC1CCSCC1C)c1nc(C)c(C)s1	0.046823
rxn:2:67599:137094	CCC1CCC(Nc2cc(OC)ncc2C)CC1C	0.046809
rxn:2:95013:132791	CCC1COCCC1NCc1nnnn1C1CC1	0.046803
rxn:2:100183:106281	Cc1ccc(OC(C)CNC2CCC(F)CC2)cn1	0.046800
rxn:2:119454:73486	CCO[C@H]1C[C@@H]1NC(c1nc(C)c(C)o1)C(C)(C)C	0.046793
rxn:2:83074:87300	CC1CCC(Nc2c[nH]c3cccnc23)C(C)C1	0.046774
rxn:2:128638:138386	CC(CCc1cccs1)NC1CC2(COC(C)C2)C1	0.046772
rxn:2:68471:68514	CC1(C)CC(Nc2nc3n(n2)CCC3)CCC12CC2	0.046768
rxn:2:108294:68272	CCN1CCCCC1C(C)NC(C)c1cnoc1C	0.046765
rxn:2:98627:78834	C1C[C@@H]2C[C@]2(NC2CCOC23CCOCC3)C1	0.046759
rxn:2:67863:115257	COc1cn(C)nc1C(C)NC1Cc2nccn2C1	0.046747
rxn:2:93766:130065	COc1ncnc(OC)c1NCC1c2ccccc21	0.046739
rxn:2:137426:127799	c1cnc2ccc(NC3C[C@H]4CC[C@@H]3CC4)nc2c1	0.046732
rxn:2:87564:141201	C1CC(NC2CCC3CCC2C3)CC2(CC2)O1	0.046730
rxn:2:84132:98841	CCCC1CCC(NCC2CC(C)CCO2)C1	0.046710
rxn:2:101620:90441	CCC(Nc1c(C2CC2)nc(C)n1C)C1CCCO1	0.046704
rxn:2:82908:132913	CO[C@H]1CC[C@@H](NC(C)c2c[nH]c3cnccc23)C1	0.046703
rxn:2:112836:73977	CCC(C)N1CCC(NCC2CCO2)C(C)C1	0.046696
rxn:2:124196:135320	COCC1CCCC1NCC1CC2CCC2C1	0.046686
rxn:2:67374:126296	CC(NC(C)(C)C1CCC(F)(F)C1)c1ccc[nH]1	0.046684
rxn:2:88415:83403	CCc1cccc(C(C)NC2CCC2COC)n1	0.046680
rxn:2:72170:78156	CCC(Nc1nc(C2CC2)c(C)o1)C1COCCO1	0.046678
rxn:2:133160:111440	CCc1nn(C)c(CC)c1CNC1CC(CC)C1	0.046663
rxn:2:108090:88480	CCn1[nH]c(C)c(NC2CC3CC2CC3(F)F)c1=O	0.046646
rxn:2:71022:111440	CCC1CC(NC(C)CN(C)C2CCC2)C1	0.046622
rxn:2:77147:105854	Cc1cc(NC2CC3CC2CO3)cc(C(C)(C)C)n1	0.046622
rxn:2:67925:68946	CCOC1CCCCC1NC1CCC1(C)CC	0.046621
rxn:2:88265:130962	COc1cn2nc(NCC3CC(C)CO3)nc2cn1	0.046616
rxn:2:105769:109794	CC(NC1(C(C)F)COC1)c1cccc2nn(C)cc12	0.046606
rxn:2:71082:95409	CC1(CNC2CCc3[nH]ncc3C2)CCCC1(F)F	0.046602
rxn:2:78120:90316	COc1cc(CNC2c3ccccc3C2(F)F)ncn1	0.046601
rxn:2:121691:128209	CCOc1ccc(CNC2CCC(C)OC2)c(C)c1	0.046600
rxn:2:97725:136516	Cc1nnc(C(NCC2CC3(CCC3)O2)C(C)C)o1	0.046598
rxn:2:131978:101909	CC(N[C@H]1CC12CCCCC2)c1ncc2cnccn12	0.046577
rxn:2:107789:111713	CC(NC1Cc2cncn2C1)c1nccn1C(C)(C)C	0.046573
rxn:2:126557:83307	CCCC(C)n1cc(C)c(NC2CCOC(C)C2)n1	0.046572
rxn:2:123387:79467	Cc1c(C(C)NCc2ccn(C3CC3)n2)nnn1C	0.046571
rxn:2:85613:116134	CCC(NC1(C23CC(F)(C2)C3)CC1)c1cc(C)on1	0.046570
rxn:2:140737:129025	CC1(C)CCC(CNc2cnn(CC3CCO3)c2)O1	0.046570
rxn:2:95548:118482	CCCCc1cc(NC2CCCC2(F)F)nc(C)n1	0.046566
rxn:2:136896:90439	CSC1CCC1NCC(F)(F)CN1CCCC1	0.046564
rxn:2:133297:80986	CC(C)c1cc(NC2CC3COCC32)n2cncc2n1	0.046560
rxn:2:113443:100827	CCC(CNC1CCC(C)(C)N(C)C1)c1ccsc1	0.046548
rxn:2:132743:141212	CCOC1(C)CC1NC1CCC(F)(F)C2CCC12	0.046544
rxn:2:104427:127089	CCC(Nc1cnccc1-n1ccnn1)C1CCO1	0.046524
rxn:2:106332:92613	Cc1ncoc1NC1c2ccccc2CC12CCC2	0.046519
rxn:2:116723:93867	Cc1nc(C(C)Nc2c[nH]nc2C2CCC2C)co1	0.046518
rxn:2:134047:74195	CC1CC(NC2(c3ccncc3)CCC2)c2nccn21	0.046517
rxn:2:79585:74336	CCOC1CCCC1NC1CCOCC1OC	0.046513
rxn:2:126044:137786	Cc1n[nH]c(CC(C)NC(C)c2sc(C)cc2C)n1	0.046498
rxn:2:82879:117970	CN1CCC(Nc2ccccc2-c2ccco2)C(F)C1	0.046476
rxn:2:82920:139327	F[C@@H]1C[C@H]1c1cc(NC2CCCC3(COC3)C2)n[nH]1	0.046469
rxn:2:118760:86627	Cc1c(CNC2c3ccnn3CC2C)cc2n1CCC2	0.046464
rxn:2:70995:97574	CC(NCC1COCCO1)c1cnc2ncccn12	0.046455
rxn:2:79114:125438	Cn1nccc1-c1cc(NC2CC(C3CCC3)C2)on1	0.046450
rxn:2:112444:121110	CC(C)(C)C1CCC(NC2CCCn3ccnc32)C1	0.046444
rxn:2:108750:134265	CCC(NC(C)c1ccc(C)c(C)c1)C1=NCCS1	0.046441
rxn:2:113827:139426	CC(C)C1(C)CC(NC2CCCCC2F)CCO1	0.046436
rxn:2:83986:69480	CCc1cnc(NC2CCCC(n3cccn3)C2)cn1	0.046435
rxn:2:112952:115445	c1cnc2c(n1)CCCC2NC1CCCCCCC1	0.046432
rxn:2:73765:121852	CCN(C)C1CCC(Nc2ccc3ccnn3c2)CC1	0.046419
rxn:2:75695:138167	Cc1cc(C(N[C@@H]2C[C@H]2C2CCC2)C(C)C)n(C)n1	0.046412
rxn:2:73052:110174	c1cc(CNC2CCCc3[nH]ncc32)n(C2CC2)n1	0.046401
rxn:2:97341:85827	COc1ccnc(C(C)NCC2CCOC2(C)C)n1	0.046398
rxn:2:73497:99693	CC(Nc1cc2c(cn1)OCC2)c1ccn(C2CC2)n1	0.046388
rxn:2:116831:68152	CC(c1ccccc1)C(F)CNC1COC2(CC2)C1	0.046387
rxn:2:101827:131051	C[C@H]1CC(C)(C)CC1Nc1nnc(-c2ccccn2)o1	0.046384
rxn:2:92532:140734	Cc1cn(C)nc1C(C)NC(C)c1cccc(=O)[nH]1	0.046381
rxn:2:70804:136929	c1cc(-n2cc(NC3CCC4(CCC4)C3)cn2)ccn1	0.046368
rxn:2:69067:120019	COC(C)CNC1CCCN(C2COC2)C1	0.046355
rxn:2:121473:68933	CC(CCOC(C)(C)C)NC(C)c1nnn[nH]1	0.046350
rxn:2:99021:73112	COC1CO[C@H](CNC2CCCCc3sccc3C2)C1	0.046316
rxn:2:111041:106386	CC(NCCc1cccc(N(C)C)n1)c1cncs1	0.046310
rxn:2:113591:86078	CN1CC2CCC(C1)C2NC1CCCC2CC21	0.046294
rxn:2:125706:127728	COc1ccc2ccccc2c1NC1CC2OCCC12	0.046279
rxn:2:88232:105034	CCOc1cc(C)nc(NC2C=Nc3ccccc32)n1	0.046272
rxn:2:141095:88788	COc1cccc(NC2CCC(n3ccnn3)CC2)n1	0.046272
rxn:2:66714:84018	CCC(Cc1ccccn1)NC1CC1c1nccs1	0.046259
rxn:2:95724:102939	CN1CCC(NCC2(Oc3ccccc3)CC2)CC1	0.046253
rxn:2:117620:89633	Cn1cnnc1CCNC1CCCc2cnncc21	0.046253
rxn:2:114205:108757	CCC1CN(C)C(C)CC1Nc1cc2c(s1)CCOC2	0.046250
rxn:2:76593:134208	Cc1ccc(C(C)NC[C@@H]2CCCC2(C)C)c(C)n1	0.046229
rxn:2:74493:78263	Cc1cc(C(C)N[C@@H]2CCc3[nH]ncc3C2)cnn1	0.046225
rxn:2:125584:67549	Cc1cc(C)c(CNC2CCOC3(CCOC3)C2)[nH]1	0.046220
rxn:2:133965:127955	CCc1nc2cc(NC3CCOCCC3C)ccc2s1	0.046218
rxn:2:106940:108727	COc1cnccc1C(C)NCCc1ncno1	0.046215
rxn:2:94171:110571	Cc1nc[nH]c1C(C)NC1CCN(C)C(C(C)C)C1	0.046205
rxn:2:117866:75823	c1n[nH]cc1-c1cc(NC2CC3CCCN3C2)no1	0.046202
rxn:2:131064:72533	Cc1cc(Cn2cc(NC3CCC4(C)CC34)cn2)cs1	0.046196
rxn:2:102080:76491	CC1CC(C)(C)CC1NCC[C@@H]1COCCN1C	0.046196
rxn:2:79635:99593	CC(C)[C@@H]1CC[C@@H](C)C[C@H]1NC1CC2(COC2)C1	0.046187
rxn:2:71148:72051	Cc1cc(C(C)NCC23CCCC(COC2)C3)[nH]n1	0.046186
rxn:2:116894:76189	CC(NC12CCCC1C2)c1ccn(C(C)C2CC2)n1	0.046182
rxn:2:96215:104810	CO[C@H]1C[C@@H]1NC1CCN(CC2CC2)CC1C	0.046181
rxn:2:113032:96608	CN(C)CC1(NC2CCCC[C@@H]2F)CCCCC1	0.046175
rxn:2:118780:89759	CC1(C)CC(NCc2ccccc2-n2cccc2)CO1	0.046173
rxn:2:68501:125172	Cc1c(NC2CC3COCC(C2)O3)ccc2sncc12	0.046161
rxn:2:85688:102026	Cc1nc(CCNC2CC(C)(C)c3ccccc32)co1	0.046157
rxn:2:134129:130954	CN(C)c1cc(CNC2CCC3(CC2)CSC3)ccn1	0.046154
rxn:2:116394:138589	Cc1cc(NCC2OCCC2(C)C)nc(C(C)(F)F)n1	0.046150
rxn:2:112039:92854	O=c1[nH]nccc1CNC1CCC[C@@H]2CCCC[C@@H]12	0.046150
rxn:2:124091:140413	CC1(C)CCC[C@H](NCC2N=C2c2ccccc2)C1	0.046147
rxn:2:104054:86369	CCC[C@H](C)NC1C[C@H](C)CC[C@@H]1C(C)C	0.046141
rxn:2:97543:121724	CC(C)(C)N1CCC(NCCc2nnn[nH]2)C1	0.046131
rxn:2:83941:118945	CCc1ccc(C)nc1NC1COCc2ccccc21	0.046128
rxn:2:105332:140670	CCSc1nnc(C(C)NC2CCC(C)(C)C2)o1	0.046118
rxn:2:119127:75851	CCCCC(N[C@@H](C)[C@@H](C)F)c1ccncc1	0.046117
rxn:2:105280:95388	COC1CC2CC(N[C@H]3[C@@H]4CCCCC[C@@H]43)C2C1	0.046114
rxn:2:67627:130639	COC1C(Nc2nc(C)nn2C)c2ccccc2N1C	0.046108
rxn:2:129199:122190	CC(NCC(C)C1CCO1)c1cnn2c1COCC2	0.046106
rxn:2:119059:127472	CC1(c2cc(NC3CCc4ccccc4C3)no2)CC1	0.046106
rxn:2:122687:89091	CC(N[C@@H]1CCC[C@]1(C)F)c1cnn(C2CCOC2)c1	0.046105
rxn:2:67283:79058	CCc1nnn(C)c1NC(C)c1nccnc1OC	0.046105
rxn:2:96918:96346	C1COC(CNC23CC(C4CCOCC4)(C2)C3)C1	0.046101
rxn:2:119546:122185	CCCC1CCC1Nc1ccc2c(c1)N(C)CCC2	0.046097
rxn:2:126071:97041	CC(C)CC(Nc1cnncc1C1CC1)C(C)C	0.046094
rxn:2:128891:73828	COC1(C)CC(NC2CC(C)CC2(C)C)C1(C)C	0.046081
rxn:2:79648:88280	c1nnc(NC2CCC23CCCC3)n1C1CCCCO1	0.046065
rxn:2:131065:123388	CC(NC1CC2CCCCCC2C1)c1cccs1	0.046053
rxn:2:67116:94749	Cc1nc2c([nH]1)C(NC1CCN3CCC1C3)CC2	0.046032
rxn:2:70385:72051	Cc1cc(C(C)NC2CC(C)CN(C3CC3)C2)[nH]n1	0.046022
rxn:2:113887:137825	CC(C)(C)[C@H]1CCC(NCC2(C3COC3)CC2)C1	0.046007
rxn:2:142226:101506	O=c1cc2c(c[nH]1)C(N[C@H]1COC[C@H]1F)CCC2	0.045989
rxn:2:114254:119602	Cc1nnc(C2CCC(NC34CC5CC3C4C5)CC2)o1	0.045988
rxn:2:141132:80327	CC(C)c1nn(C)cc1C1(NC2CCOCC2C)CC1	0.045951
rxn:2:72197:123438	CC(C)c1nc(CNC2CCC3CC2C3)cc(=O)[nH]1	0.045949
rxn:2:94251:81856	c1cc2c(s1)CCC2NC1Cc2nc3c(n2C1)OCC3	0.045948
rxn:2:106923:84597	c1ccc2c(c1)C[C@@H]1CC(Nn3cnc4c3CSC4)[C@H]21	0.045942
rxn:2:92898:132208	CC[C@H]1OC[C@@H]1NC1CCCc2ccccc2C1	0.045931
rxn:2:88975:109191	Cc1noc(C(C)(C)NC2CCCN3CCCC3C2)n1	0.045926
rxn:2:70995:95838	CC(NCC1COCCO1)c1cnc2cccnc2c1	0.045925
rxn:2:67031:85955	Cc1cnc(NCC2Cc3ccccc3CN2C)nn1	0.045895
rxn:2:98433:128620	CC1CC(NC2CCOC2c2cccnc2)C12CCC2	0.045895
rxn:2:112135:85942	COC1CC(Nc2cc3n(c2)CCN(C)C3)C12CCC2	0.045883
rxn:2:128225:137094	CCC1CCC(NC2C[C@@H]3CC[C@H]3C2)CC1C	0.045881
rxn:2:81584:111606	CCn1cc(NC2CCN(CCOC)C2)nn1	0.045881
rxn:2:104845:126815	COC1(CNC2CCOC23CCCC3)CCOC1	0.045880
rxn:2:105757:141201	CC1CCCC(CNC2CCC3CCC2C3)C1	0.045879
rxn:2:102266:101716	CC12CCCC(NC3(c4ncccn4)CCOC3)C1C2	0.045870
rxn:2:98197:131051	C[C@H]1CC(C)(C)CC1Nc1cccc(-c2ncno2)c1	0.045861
rxn:2:74473:78570	CCC1CCCCC1NCC1CC2CCCC2O1	0.045857
rxn:2:109642:130218	CC(NCC1OCCC12CCC2)c1cc2n(n1)CCC2	0.045854
rxn:2:132743:131094	CCOC1(C)CC1NC(C)CCc1scnc1C	0.045854
rxn:2:137355:106329	FC1CC2CC1CC2NCCc1nnnn1C1CC1	0.045842
rxn:2:93108:117970	Cc1nc(NC2CCN(C)CC2F)n(C(C)C2CC2)n1	0.045842
rxn:2:67249:131094	Cc1ncsc1CCC(C)NC(C)(C)c1ccco1	0.045833
rxn:2:109675:119108	CCc1c(NC2CCC3CCC2N3C)ccc(=O)n1C	0.045818
rxn:2:109243:103571	CC(CNC(C)c1cc2c(s1)CCCC2)c1ncon1	0.045811
rxn:2:134736:138662	Cn1nc(CNC2CC3(C)CC2(C)C3)cc1C(C)(C)C	0.045808
rxn:2:109321:93400	C1CC(c2nc(CNC3CCCC34CCCO4)no2)C1	0.045803
rxn:2:138043:139805	Cc1ccc(NC(C)c2cn(C(C)C)nn2)c(C)c1C	0.045791
rxn:2:114280:101716	CC12CCCC(Nc3cc(C4CCC4)ccn3)C1C2	0.045782
rxn:2:68575:83949	COc1c(NC(C)c2snnc2C2CC2)ccnc1C	0.045759
rxn:2:76292:76491	CC(CC1CCCCO1)NC1CC(C)(C)CC1C	0.045759
rxn:2:139990:110382	C[C@H]1CCOC(CNc2nc3c(s2)CCCC3(C)C)C1	0.045759
rxn:2:83858:114589	CC(CC12CC(C1)C2)Nc1ccc(-c2ncnn2C)s1	0.045744
rxn:2:109323:86186	CC1(C)[C@H]2CC[C@]1(C)C(Nc1nsc3nccnc13)C2	0.045743
rxn:2:137583:123516	COc1cccc2c1C(NC1CCC(OC)CC1)CC2	0.045743
rxn:2:135246:91461	Cc1n[nH]cc1C1(NC2CCN(C3CC3)C2)CCC1	0.045742
rxn:2:107722:69555	CCN1CCCC(Nc2occc2-c2ccccc2)C1	0.045729
rxn:2:102491:136240	COc1ncc(C(C)NC(C)c2sncc2C)cc1C	0.045723
rxn:2:126674:112478	CC[C@H]1CCC(Nc2ccc3nnn(C(C)C)c3c2)C1	0.045717
rxn:2:107988:78308	CCCC1(C)CC1NC1CCS(=O)(=O)CC1OC	0.045714
rxn:2:130282:85290	CC(C)CN1C(C)CCCC1CNCc1cncs1	0.045689
rxn:2:120113:98062	Cc1ccnc(C(C)NC2CCCN(C3CCC3)C2)c1	0.045681
rxn:2:117377:101283	c1csc(C2CC(NCCC3CCn4ccnc43)C2)c1	0.045681
rxn:2:86878:71110	COc1cc(C)c2c(c1)C(N[C@H]1COC[C@H]1OC)CC2	0.045673
rxn:2:74871:111462	Cn1ccc(=O)cc1NC1CC(C)(C)Cc2ccoc21	0.045672
rxn:2:113705:126941	CCCc1c(CC)noc1NC(C)c1c[nH]nn1	0.045652
rxn:2:89865:95689	CC(CCC1CCCO1)Nc1cc2cc[nH]c2nn1	0.045649
rxn:2:66680:120813	CCC(Cc1cccs1)N[C@@H]1CCOc2cccnc21	0.045645
rxn:2:70079:75403	COc1cc(C(C)NCC2CCCn3cnnc32)sn1	0.045640
rxn:2:74584:85870	CC[C@H](NC1CCN(C(C)(C)C)CC1)c1ccccn1	0.045637
rxn:2:78146:124762	CCN1C[C@H](F)C[C@@H](NC2CCc3ccc(C)cc32)C1	0.045637
rxn:2:102057:123715	CC(C)C1COCCC1NC1(c2cccnc2)COC1	0.045636
rxn:2:102555:101188	Cc1cc(C)n(CCNC2CCCC23CCN(C)C3)n1	0.045623
rxn:2:66898:139317	Cc1cc(C)cc([C@@H](C)NC2CCN(C3COC3)C2)c1	0.045620
rxn:2:70133:115886	FC1CCc2ccccc2C1Nn1nc2c(n1)CCC2	0.045607
rxn:2:78021:101491	CC1CC(N[C@H]2CCSc3ccccc32)CCS1(=O)=O	0.045605
rxn:2:86404:115975	CC1CCC(CNC2CCCS(=O)(=O)C23CC3)CC1	0.045602
rxn:2:111695:134479	C[C@@H](Cc1ccnn1C)NC1CCC2(CCCCC2)C1	0.045596
rxn:2:69791:103224	O=S1(=O)CCC(NCc2cc3n(n2)CCCO3)CC1	0.045595
rxn:2:137644:84770	CN1CC(NC[C@H]2CCC2(F)F)CC1c1ccccc1	0.045580
rxn:2:66174:96608	CC1(c2cc(NC3CCCC[C@@H]3F)on2)CC(F)(F)C1	0.045567
rxn:2:105216:76305	c1ccc(C2CC(NCC3CC4CCCN4C3)C2)nc1	0.045562
rxn:2:99660:73833	CN1Cc2ccccc2C1CNC1CC2(CC(F)C2)C1	0.045556
rxn:2:119961:92337	c1cc2c([nH]1)CCC(NCC1COC3(CC3)CO1)C2	0.045556
rxn:2:122350:85016	Cc1ccc(C(NC(C)c2cnnn2C)C2CC2C)o1	0.045527
rxn:2:68366:68505	Cc1nc2c(c(NC3CCn4cccc43)n1)OCCC2	0.045524
rxn:2:77280:135341	CCc1cccc(C(C)NC2CC3ON=C(C)C3C2)c1	0.045523
rxn:2:91943:85870	CC(C)(C)N1CCC(N[C@H]2CCOC[C@H]2F)CC1	0.045517
rxn:2:86929:114313	Cc1nn(C)c2nc(NC3CCS(=O)(=O)CC3C)sc12	0.045517
rxn:2:120639:88768	Cc1c[nH]c(C(C)NCc2ccc(C3CC3)nc2)n1	0.045504
rxn:2:88515:122702	CC[C@@H]1CCC(Nc2ccc(C)nc2OC(C)C)C1	0.045501
rxn:2:117518:91973	CCCC(Nc1cnn(C)c1CC)c1ccccn1	0.045467
rxn:2:102350:69683	CCCC(C)c1cc(NC2CCn3nccc3C2)no1	0.045466
rxn:2:103454:102939	CN1CCC(NCc2ccc(N3CCCC3)cc2)CC1	0.045449
rxn:2:70466:81995	CC[C@@H]1CCCCC1NCC1CCC12CCC2	0.045440
rxn:2:113339:117001	COC1CCCCC1NC1CCOC12CCSCC2	0.045433
rxn:2:67646:70546	COc1cc(CNC(C)c2c(C)ccnc2C)n(C)n1	0.045431
rxn:2:141232:122190	CC(NC1CC1C1CCCO1)c1cnn2c1COCC2	0.045427
rxn:2:103330:72918	CCOC1CC(Nc2nn(-c3cccnc3)cc2C)C1	0.045426
rxn:2:133665:110690	Cc1cn2ncnc2c(NC2CC3C4CCC(C4)C23)n1	0.045422
rxn:2:110469:105982	Cc1cncc(C2CC2CNC2CCC(C)CC2F)c1	0.045421
rxn:2:130025:69918	CC(N[C@H](C)c1ccc(N(C)C)cc1)c1cn(C)cn1	0.045413
rxn:2:70476:136843	CCC1(C)CCC(NCc2ncc(COC)s2)CC1	0.045412
rxn:2:96785:130896	CCC(C)(F)CNC(C)c1cnn(C2CCCO2)c1	0.045401
rxn:2:89854:79651	CN1CCCC1CNC1C[C@@H]2C[C@H](C1)c1ccccc12	0.045384
rxn:2:108980:119179	COc1cc(C(C)NCC2CCCCCC2)on1	0.045373
rxn:2:121444:68678	CC[C@H](NC1C[C@@H]2COC[C@H]12)c1cccc2c1CCC2	0.045369
rxn:2:127928:135634	F[C@@H]1C[C@@H]2C[C@H]1CC2NCCc1csc(C2CC2)c1	0.045361
rxn:2:127917:140169	COC(F)(F)CNC1CCCCC1S(=O)(=O)F	0.045359
rxn:2:126445:68556	CCC(Nc1nccc(-c2ccco2)n1)C1CCOC1	0.045358
rxn:2:106296:87539	COc1ccc(CCNC(C)c2csc(C)c2)cc1	0.045335
rxn:2:78179:112739	CCC(C)C1(C)CC(NCN2CCCC2)CCO1	0.045334
rxn:2:80187:116143	CCc1cccc(C(C)N[C@@H](C)Cc2cccs2)n1	0.045333
rxn:2:75965:121542	CC(NC1(C2CC2)CCCOC1)c1cnc(N(C)C)s1	0.045310
rxn:2:82646:95574	CC(C)c1nc(NC2CCCC2N2CCCCC2)cs1	0.045308
rxn:2:106236:135679	Cc1nnsc1CNC1CC(C)Cc2[nH]c(=O)ccc21	0.045307
rxn:2:124975:137622	C[C@H](NC1CCOCC1(C)F)C(C1CC1)C1CC1	0.045296
rxn:2:87585:73833	CSc1nnc(NC2CC3(CC(F)C3)C2)c(C)c1C	0.045287
rxn:2:138809:117197	c1cc2c(o1)C(NC1CCC3CCCC3C1)CCC2	0.045269
rxn:2:106459:99907	CC(NC1CCCCCCC1C)c1nnc(C2CC2)o1	0.045241
rxn:2:101407:111591	CCC(C)C(CNC1CC(C)(C)n2nccc21)OC	0.045227
rxn:2:96733:93350	F[C@@H]1CCC[C@@H](NC2CCC3(CCC3)CC2)C1	0.045210
rxn:2:73274:94012	COc1ncncc1C(C)Nc1nnc(N(C)C)o1	0.045185
rxn:2:83240:69866	CC(CCN1CCSCC1)NC1CCCc2oncc21	0.045178
rxn:2:81112:96639	FC1(F)CO[C@@H](CNC2CCC3(CCCO3)CC2)C1	0.045165
rxn:2:101769:132791	CCc1c(CNC2CCOCC2CC)cnn1CC	0.045160
rxn:2:133538:85841	CCCC1Cc2ccccc2C1NC1COC12CCC2	0.045148
rxn:2:66272:78263	CCc1nc([C@@H](C)NC(C)c2cnnc(C)c2)n[nH]1	0.045141
rxn:2:107110:84365	COC[C@@H]1CC[C@@H]1CNC1c2cn[nH]c2CCC1F	0.045137
rxn:2:91209:108269	CC(NC1(C)COC(C)(C)C1)c1ncnc2[nH]ccc12	0.045133
rxn:2:138458:135596	CC1CCC1(C)NC1CC(C)(C)C12CCOCC2	0.045129
rxn:2:121949:123438	Cc1cc2ccc(CNC3CCC4CC3C4)cc2[nH]1	0.045126
rxn:2:84429:117345	c1ccc2c(c1)CCCCC(NCC1SCCCS1)C2	0.045117
rxn:2:95477:82366	CCc1cc(C)nc(CCNC2CCCC(F)(F)C2)n1	0.045111
rxn:2:93104:110382	C[C@H]1CCOC(CN[C@@H]2CCN(c3cnccn3)C2)C1	0.045102
rxn:2:126230:120694	COCC1CCC(NC(C)(C)c2nc(C)n[nH]2)CC1	0.045098
rxn:2:75060:131335	COc1ccoc1C(C)NCCC1CCC(F)(F)C1	0.045080
rxn:2:79312:77502	CCCC(Nc1c(C)nn2cc(C)cnc12)C1CCC1	0.045076
rxn:2:116054:127227	Cc1[nH]ccc1C(C)NCC(C)CSC(C)(C)C	0.045068
rxn:2:83720:110629	CCn1nc(C)c(NC2CCC(C)(OC)CC2)c1OC	0.045056
rxn:2:74347:137622	CCCc1cc(NC2CCOCC2(C)F)n(C2CC2)n1	0.045055
rxn:2:104944:135871	CC(NC12CC(F)(C1)C2)c1ccccc1C(C)(C)C	0.045055
rxn:2:95429:84941	CCOc1ccc(C)cc1NC(C)c1cc(C)ncn1	0.045053
rxn:2:86877:73312	CCC1CCCC1NC(C)c1ccc(OC)c(C)c1	0.045052
rxn:2:126843:66377	CC1CC(Nc2ccc(C(C)C3CC3)cc2)C1C	0.045050
rxn:2:110578:130218	Cc1cncc(CCNC(C)c2cc3n(n2)CCC3)n1	0.045050
rxn:2:76604:139947	COC(CNc1cncnc1C1CCCO1)C(C)C	0.045036
rxn:2:128198:106896	CCC(C)CN1CCC(NC(C)c2nnco2)CC1	0.045023
rxn:2:101768:102795	CC(NCC1CCCCC1F)c1cnc(N(C)C)nc1	0.045007
rxn:2:113835:87302	CSc1nnc(NC2CC[C@H](C)c3ccccc32)s1	0.045006
rxn:2:84178:123382	Cc1nc(C)n(C)c1C(C)NC(C)(C)C1CCCCC1	0.044981
rxn:2:118441:66486	CC1CCC(F)(CNC2c3cc[nH]c3CC2C)CC1	0.044976
rxn:2:82815:112403	CCC(CSc1nccn1C)NC1CC(F)(F)C1	0.044975
rxn:2:135782:68282	COc1cc(C)ccc1C(C)NC1(C(C)OC)CC1	0.044975
rxn:2:91610:103947	CN1[C@H]2CCC(Nc3nccc(-c4nccs4)n3)[C@@H]1CC2	0.044965
rxn:2:124585:111440	CCOCc1cc(NC2CC(CC)C2)nn1CC	0.044960
rxn:2:75923:124545	CCO[C@]1(C)C[C@H](NC2CCCC(n3ccnc3)C2)C1	0.044959
rxn:2:80240:67498	COc1c(C(C)N[C@@H]2CCOC23CC3)cnn1C(C)C	0.044956
rxn:2:123552:102282	O=S1(=O)CCC(CNC(c2ncco2)C2CCCC2)C1	0.044950
rxn:2:66863:130962	CC1COC(CNCc2ccc(OC3CC3)cc2)C1	0.044939
rxn:2:112084:103587	Cc1[nH]cc2c1C(Nc1nncn1CC1CC1)CCC2	0.044933
rxn:2:136366:141702	CCC(NCC12CCOC(C)(C1)C2)C1CC(C)C1	0.044930
rxn:2:123201:99593	CN(CC(C)(C)NC1CC2(COC2)C1)c1cc[nH]c1	0.044915
rxn:2:118391:76195	COc1cnc(CNC2CCCC3CN(C)CC32)nc1	0.044912
rxn:2:106620:139623	CCOC1(CNC(C)c2cc(C)cn(C)c2=O)CC1	0.044911
rxn:2:108306:67459	CCSC1CCC(NC2CC3CC(C2)CN(C)C3)C1	0.044907
rxn:2:136745:78769	COCC1CC(NCC2CC3CCCCN3C2)C1	0.044906
rxn:2:102016:129650	CC(C)[C@]12CC(Nc3cncc4[nH]ncc34)[C@H](C)[C@H]1C2	0.044897
rxn:2:137585:67717	Cc1nc(C(C)C)ccc1C(C)Nc1c(C)o[nH]c1=O	0.044897
rxn:2:79979:86069	CC(C)[C@@H]1CCCCC1NCc1ccc2[nH]ncc2n1	0.044895
rxn:2:89511:83408	CCC(CCC(C)C)NC1(C2CC2)CC1	0.044893
rxn:2:66696:139714	CC(NC(C)c1ccn(C)c1)c1cccc(N(C)C)c1	0.044892
rxn:2:66288:82099	CC1CCCC1(C)NC1CC[C@@H]2C[C@@H]1C2(C)C	0.044892
rxn:2:115403:90622	CC(C)OC1CC(NC(C)c2ccc3c(c2)OCO3)C1	0.044888
rxn:2:125709:136479	CC1CCN(c2n[nH]c(NC3CCSC(C)C3)n2)CC1	0.044888
rxn:2:81443:104508	CC(C)C(NCCC1(N(C)C)CC1)c1ncco1	0.044885
rxn:2:104226:113117	Cc1nonc1C(C)NCC(C)(C)CCC1CC1	0.044884
rxn:2:68427:140432	CC(NC(C)(C)CN(C)C)c1cccc(N(C)C)n1	0.044884
rxn:2:84384:68991	CCOc1cncc(CNC2CCOC3(CCC3)C2)c1	0.044883
rxn:2:97924:124439	c1cc2c([nH]1)CCCC2Nc1cnn(C23CC(C2)C3)c1	0.044877
rxn:2:91922:74146	CCOC1CCCC(N[C@@H]2CCc3ccc(C)cc32)C1	0.044875
rxn:2:110699:104810	CCn1cc(C)c(NC2CCN(CC3CC3)CC2C)n1	0.044873
rxn:2:125386:106977	COCC1CC(N[C@H]2C[C@@H](n3cncn3)C2)CCO1	0.044870
rxn:2:137470:110586	C[C@@H](NC1CC2CC[C@@]1(C)C2(C)C)C1COCCO1	0.044861
rxn:2:131110:97831	CCC(CNC(C)c1ncc(C)cc1C)COC	0.044858
rxn:2:91667:118171	c1nnc(C2(NC3COc4ccc(C5CC5)cc43)CC2)s1	0.044856
rxn:2:83684:118686	CC1CCc2nc(NC(C)c3cccn(C)c3=O)cn2C1	0.044854
rxn:2:66401:129604	CN1Cc2ncccc2C(NC2CCCCC2(C)C)C1	0.044854
rxn:2:106135:141259	COc1ncccc1C(C)NC(C)C1CCCN(C)C1	0.044848
rxn:2:92920:130411	FC1COCCC1Nc1ncccc1-c1nnn[nH]1	0.044847
rxn:2:73362:121559	CCCc1nc(NC(C)c2csc(OC)n2)[nH]c1C	0.044834
rxn:2:105335:125078	COc1cc(C)cc(C(C)NCC2CC(F)CN2C)n1	0.044829
rxn:2:76266:139818	CC(NCC1CC12CCOC2)c1c(C2CC2)cnn1C	0.044824
rxn:2:115013:83516	Cc1ccc2c(c1)C(Nc1noc(C(C)(F)F)n1)C(F)C2	0.044818
rxn:2:95514:110791	C[C@@H]1CC(Nc2cc(-c3ncccn3)nn2C)C[C@H](C)C1	0.044815
rxn:2:94694:97087	CN1CC(C)(C)CCC1CNC1CCC(C)(C)OC1	0.044813
rxn:2:75818:96551	CCC1(CC)CCCC1NCc1cc2c(cn1)OCO2	0.044808
rxn:2:121824:84081	CCCc1ccnc(C(C)(C)NC2CC(C)N(C)C2)n1	0.044803
rxn:2:121942:133671	Cc1noc(C2CCC(NCc3nc4c(s3)CCC4)C2)n1	0.044794
rxn:2:130649:128188	CC(NCC1CC(C2CC2)CO1)c1ccc[nH]c1=O	0.044793
rxn:2:77245:100408	CC[C@H]1CCCC(NCc2cn(CC3CC3)cn2)C1	0.044778
rxn:2:86245:82312	CC(CCN(C)C)N[C@H](c1ccoc1)C1CCC1	0.044777
rxn:2:127857:66390	Cn1ncn(NC2CCC2S(C)(=O)=O)c1=O	0.044763
rxn:2:93968:109146	CC1CC2(CO1)CC(NCC1(Cn3cccn3)CC1)C2	0.044763
rxn:2:94223:124303	COc1cc2cnn(C)c2cc1NC[C@@H]1C[C@@H](C)CCO1	0.044761
rxn:2:90230:87508	Cc1ncc(C)c(NC(C)c2ccccc2S(C)(=O)=O)n1	0.044759
rxn:2:113060:121539	C[C@H]1c2ccccc2O[C@H]1CNC1CCCc2oncc21	0.044757
rxn:2:72678:90476	Cc1cc(C)n(NC2C[C@@H](C)S(=O)(=O)[C@@H](C)C2)c(=O)c1	0.044750
rxn:2:115432:113927	CO[C@@H](CNc1cccc(CC(C)C)n1)C(C)C	0.044745
rxn:2:97838:104995	COc1c(C(C)NC(C)C23CC(CO2)C3)c(C)nn1C	0.044741
rxn:2:98762:82997	Cc1ncc(C(C)NCC2CCCN2C2CC2)nc1C	0.044738
rxn:2:120703:83505	CSC1CCCC(NCc2c(C)nn(C(C)C)c2C)C1	0.044736
rxn:2:114050:88327	Cc1coc2c(NC3CCSC(C)(C)C3)cccc12	0.044721
rxn:2:78255:71630	CC1CC(NC[C@H](C(C)C)N(C)C)c2ccccc2O1	0.044712
rxn:2:95770:73202	CC1CCc2nn(C3CC3)c(NC3CCC3C(C)C)c21	0.044711
rxn:2:141179:94749	Cc1nc2c([nH]1)C(NC(C)c1ccc(C3CC3)o1)CC2	0.044706
rxn:2:82340:89989	COc1cccnc1[C@@H](C)NC1c2ccnn2CC1(C)C	0.044698
rxn:2:86763:82264	CC1CCc2cocc2C1Nc1cc(N2CCC2)ncn1	0.044696
rxn:2:116813:68086	COc1ccc(C)c(CNC2c3cnn(C)c3CC2C)c1	0.044695
rxn:2:130926:92557	CCC(C)C(Cn1nccn1)NC1COCC(F)C1	0.044680
rxn:2:141937:105034	COc1nc(NC2C=Nc3ccccc32)[nH]c(=O)c1C	0.044655
rxn:2:123711:137311	CCC1CC(C)CCC1NCc1nn(C)c2ncccc12	0.044653
rxn:2:85899:87728	C[C@H](NC1CC(CN(C)C)C1)c1cccc2c1OCC2	0.044652
rxn:2:111931:137030	CC(C)c1ccnnc1CNC1CCCCCC1F	0.044645
rxn:2:72741:102939	CN1CCC(Nc2ncc3c(n2)CC(C)(C)OC3)CC1	0.044645
rxn:2:127947:101077	Cc1cc2c(cn1)C(Nc1ncc(C3CC3)cn1)CCO2	0.044639
rxn:2:126573:117197	CC(C)OCn1ccc(NC2CCC3CCCC3C2)n1	0.044633
rxn:2:141990:113128	Cn1cnc2c1CCC2N[C@@H](c1ccccn1)C1CCC1	0.044633
rxn:2:141268:98323	c1cnc2[nH]c(CCNC3CCCC4(CC4)C3)cc2c1	0.044631
rxn:2:109940:95689	CC(CCC1CCCO1)NC1c2ccccc2OC1C	0.044628
rxn:2:139477:82828	Cc1cc2ccncc2n1CCNC1CC[C@H]2COC[C@@H]12	0.044622
rxn:2:96770:98106	COc1cnc2c(c1)C(Nc1ccnn1C(C)C)CCO2	0.044621
rxn:2:122719:71787	Cc1nnnn1-c1ccc(NC2CCC(C3CC3)C2)cc1	0.044617
rxn:2:134389:98234	Cc1cccc2c1OCC2Nc1nccc(C2(C)CC2)n1	0.044598
rxn:2:68757:104470	Cc1noc([C@H](C)NC(C)c2ccc3c(c2)CCN3C)n1	0.044587
rxn:2:119015:87149	c1cc2c(c(NC3CCC(n4cnnc4)CC3)n1)OCC2	0.044585
rxn:2:138112:134101	CCCSC1CCC(N[C@@H]2C[C@H]2CSC)CC1	0.044585
rxn:2:68182:102373	Cc1ccc(C2CC(N[C@@H]3CCN(CC(C)C)C3)C2)s1	0.044571
rxn:2:142023:71173	CCCc1ccncc1C(C)NC1C(C)(C)OC1(C)C	0.044562
rxn:2:116238:109651	C[C@@H](NC1CC2CCC(C1)C2F)c1ccn2ccnc2c1	0.044559
rxn:2:122018:135967	FC1Cc2ccccc2C1NCC1(n2cccn2)CCC1	0.044555
rxn:2:127434:124480	COC1(CNC(C)c2ccc3c(c2)CCOC3)COC1	0.044552
rxn:2:101075:119174	Cc1ccc(C)c(C(C)Nc2ccn(C3CC3)c(=O)n2)c1	0.044548
rxn:2:127188:82826	c1coc(-c2cc(NC3CCC4COCCC4C3)no2)c1	0.044547
rxn:2:99640:127799	c1ncn(-c2ccc(CNC3C[C@H]4CC[C@@H]3CC4)cn2)n1	0.044543
rxn:2:76411:74127	Cc1nc(C(Nc2cnn(C(C)C)c2)C(C)C)sc1C	0.044537
rxn:2:108416:90296	CC(C)COc1cccnc1NC1CC(C2CC2)C1	0.044536
rxn:2:114184:83782	CCC1(CC)OC(C)(C)C1NC1CC2CC(C1)N2C	0.044533
rxn:2:88083:69918	CC(NCCC(F)(F)c1ccc[nH]1)c1cn(C)cn1	0.044500
rxn:2:137700:91461	Cc1ccc(NC2CCN(C3CC3)C2)cc1OC(C)C	0.044500
rxn:2:81926:109463	CC(CCc1ccnn1C)NC1CCCS(=O)(=O)CC1	0.044494
rxn:2:73462:98640	CCC(NCCc1cn2ccsc2n1)C1CCOCC1	0.044490
rxn:2:99660:108204	CN1Cc2ccccc2C1CNC1CCc2cscc2C1	0.044490
rxn:2:87548:78183	CCC(Nc1nnc2c(n1)CCCC2)c1cncc(C)c1	0.044481
rxn:2:66798:132178	Cc1cc(C)cc(C(NCC2(F)CCOC2)C2CC2)c1	0.044475
rxn:2:116763:70204	CCCC1CSCCC1Nc1nc(C)nc2cccnc12	0.044459
rxn:2:78848:128188	CC(NCC1(CN(C)C)CC1)c1ccc[nH]c1=O	0.044458
rxn:2:129253:81385	COc1ccc2c(c1)C(NCc1ccc(C)[nH]1)CC2C	0.044456
rxn:2:126152:72792	CCN1CCCC1CNc1c(C)cccc1N1CCC1	0.044455
rxn:2:121695:70685	O=S(=O)(F)C1CC(NCC2Cc3ccncc3C2)C1	0.044450
rxn:2:91622:74240	COc1ccc(NC2CCc3cc(C)cc(C)c32)cc1	0.044448
rxn:2:97080:135680	CSc1n[nH]c2ncnc(NC3C[C@@H](C)[C@@H](C)C3)c12	0.044442
rxn:2:120428:112634	Cc1cnc(C(C)NC2CN=Cc3ccsc32)c(C)c1C	0.044439
rxn:2:136427:93598	C=C=Cc1cnc(C(C)NCC(C)N2CCC2)s1	0.044438
rxn:2:106675:91634	CC1C(NC2CCc3[nH]cnc3C2)C[C@]2(C(C)C)C[C@H]12	0.044438
rxn:2:81992:100227	CCC1CC(Nc2cc(=O)[nH]n2C(C)(C)C)CCC1C	0.044427
rxn:2:96989:98841	COCC(CNCC1CC(C)CCO1)OC	0.044425
rxn:2:126621:91461	COc1cncc2nc(NC3CCN(C4CC4)C3)nn12	0.044423
rxn:2:95439:103336	CCc1csc(C(C)NC(C)Cn2nc(C)nc2C)c1	0.044420
rxn:2:118569:136045	CCOC1CCCCC1Nc1ccc2nc(C)n(C)c2c1	0.044419
rxn:2:139212:89363	CN1CC2(CC(NCC34CCCC(C)(C3)OC4)C2)C1	0.044412
rxn:2:132369:77235	c1csc(-c2nnc(NC3CCN(C4CCC4)CC3)s2)c1	0.044405
rxn:2:86441:92358	CCc1cc(C)c(NC2CN(C)Cc3ccccc32)cn1	0.044393
rxn:2:138454:125365	CC(CN1CC2CCCCC2C1)NC1CCCC1F	0.044370
rxn:2:122259:85628	CCCc1csc(C(C)NC(CC)c2ncon2)n1	0.044361
rxn:2:90535:103705	CCc1cccc2c1CCCC2NCc1cc(C)cnn1	0.044360
rxn:2:114759:135288	CSCCn1ccc(NC2CC(c3cccnc3)C2)n1	0.044355
rxn:2:80860:138282	CN1CCC(NCCC2CC(F)C2)CC12CCCC2	0.044343
rxn:2:115904:128881	Cn1nc2c(c1CNC1C[C@@H]3[C@H](C1)C3(C)C)CCSCC2	0.044338
rxn:2:95241:112484	Cc1nscc1C(C)NC(CS(C)(=O)=O)c1ccco1	0.044329
rxn:2:82193:137236	Cc1cc[nH]c(=O)c1C(C)NC1(C)CCC(C)CC1C	0.044325
rxn:2:98295:103008	Cc1ccc(C(C)CCNC2C[C@H]3COC[C@@H]3C2)cc1	0.044313
rxn:2:71935:72533	CC12CCC(NCc3cnc(CS(C)(=O)=O)nc3)C1C2	0.044311
rxn:2:90103:136070	CN1C2CC(NC3CC3OC3CC3)CC1C(C)(C)C2	0.044311
rxn:2:93227:123207	CCc1c(NC2CCOC3(CCC(C)CC3)C2)nnn1C	0.044305
rxn:2:68011:85562	CCCC(NC1CC[C@@H]2C[C@H]1C2(C)C)c1ccoc1	0.044303
rxn:2:80997:90368	CCCC12CCC(NC3CCOC[C@H]3F)(CC1)CC2	0.044303
rxn:2:92959:135779	Cc1nc(C(NC2CCc3[nH]ncc32)C2CC2)n(C)n1	0.044303
rxn:2:132336:126806	CC(NC1CC2CC1C1CC21)c1nc(C2CCC2)n[nH]1	0.044293
rxn:2:127833:85363	CC(C)CC(C)CC(C)Nc1nccc2c1COC2	0.044292
rxn:2:84724:71589	CCn1ncc2c1CCCC2NC1CC2(CCCOC2)C1	0.044274
rxn:2:119286:133982	Cc1nccn1C1CCCC(NC2CCC3(COC3)C2)C1	0.044274
rxn:2:71006:93984	CCCCn1cc(C(C)Nn2cn[nH]c2=O)cn1	0.044273
rxn:2:137513:106501	CC12CC(NCC3CCC4(CCC4)OC3)CCC1C2	0.044272
rxn:2:121620:76305	Cc1nc(C(C)(C)NC2CC(c3ccccn3)C2)sc1C	0.044269
rxn:2:131198:123787	CC(NC1COC2(CCCC2)C1)c1cn2c(n1)CCCC2	0.044265
rxn:2:81112:139335	Cc1ccc(C)c2c1OCCC2NC[C@H]1CC(F)(F)CO1	0.044262
rxn:2:105768:139236	Cc1cnc2cccc(NC3CCC(OC(C)C)CC3)n12	0.044261
rxn:2:102047:98970	CC1CCC(C)(C)CC1Nc1cn(-c2ccccc2)nn1	0.044256
rxn:2:135122:95294	CC(C)C1CC(NC2CC(C)(C)Cc3ncncc32)CO1	0.044248
rxn:2:88767:112865	CCC(NCC1CN(C)CC12CCCC2)c1ccsc1	0.044245
rxn:2:84437:95213	COC1CCCCC(Nc2ccc(=O)n(C)c2)CCCC1	0.044245
rxn:2:110290:110590	COC1(CC(C)NC2CCC3SCCSC23)CCC1	0.044238
rxn:2:96823:79063	c1cc2c([nH]1)CCC2NCCC1CCC2(CC1)CC2	0.044238
rxn:2:106512:108825	c1c(NC2COC3(COC3)C2)n[nH]c1CC1CCCC1	0.044236
rxn:2:102638:140488	Cc1noc(C2CCCC2Nc2cnoc2C2CCC2)n1	0.044235
rxn:2:75089:98225	CC12COCC(C1)C(Nc1ccc(-c3cncs3)cc1)C2	0.044226
rxn:2:66700:111510	CCCC(CC(C)C)NC1CCCCC1C	0.044224
rxn:2:72937:85589	Cc1cc(CNC2CC[C@@H]3[C@H]2C3(F)F)ccc1S(C)(=O)=O	0.044218
rxn:2:99078:97868	CCc1ccc(CNC2CCCC3(CC[C@H](F)C3)C2)o1	0.044217
rxn:2:93013:88482	CCC(NC(C)c1ccn(C(C)C)n1)c1ncc[nH]1	0.044216
rxn:2:81135:98512	CCc1cc(C)cc(NC2CC(C)(C)S(=O)(=O)CC2C)c1	0.044199
rxn:2:89822:104290	Cc1nc(-c2ccc(CNC3CCOCC3(F)F)s2)cs1	0.044198
rxn:2:70079:139923	c1nnc2n1CCCC2CNC1CCC2(CCCC2)CC1	0.044198
rxn:2:134338:74190	Cc1cn2cc(NC3CCCC3CC3CCC3)ncc2n1	0.044191
rxn:2:110181:104290	FC1(F)COCCC1NC1CCC2(CCCO2)CC1	0.044191
rxn:2:87841:109976	COCc1nc(NC2CCC3(CCC[C@H](F)C3)C2)n(C)n1	0.044191
rxn:2:128112:98379	CCC(NC1CCc2ccc(C3CC3)cc21)C1COC1	0.044188
rxn:2:80193:135289	CC1CC(Nc2nnc(C(C)(C)C)s2)c2ccccc21	0.044181
rxn:2:79438:115975	CC(C)c1cnccc1CNC1CCCS(=O)(=O)C12CC2	0.044177
rxn:2:127937:86298	CCc1cc2n(n1)CCCC2NCc1cc2c(s1)CSC2	0.044159
rxn:2:66971:140385	CC1(C)CN(C2CCC(Nc3nc4c(o3)CCC4)CC2)C1	0.044158
rxn:2:126132:95914	Cc1ccnc(N(C)C)c1NC1c2ccccc2CC1C	0.044152
rxn:2:140866:134551	Cc1cnc(C(C)Nc2cnn(C)c2C(C)F)c(C)c1C	0.044142
rxn:2:79444:77911	Cc1cc(-c2csc(NC3CC4CC3CN4C)n2)c(C)s1	0.044136
rxn:2:123035:116143	CCc1cccc(C(C)NC2CCCc3ccncc32)n1	0.044131
rxn:2:98941:84163	CC1(C)CC(NCC2CCc3scnc3C2)CC(C)(C)O1	0.044125
rxn:2:109701:97087	Cc1cc(NC2CCC(C)(C)OC2)cn(CC(C)C)c1=O	0.044123
rxn:2:128768:75426	FC1(F)C2CC(NCc3ccnc(C4CCCO4)c3)CC21	0.044116
rxn:2:70386:116264	CCN1CCC(Nc2cc(C(C)(C)C)nc(C)n2)CC1C	0.044116
rxn:2:84967:77963	CSc1cccc([C@H](C)NC2CCc3cn[nH]c32)c1	0.044109
rxn:2:122612:94286	Cn1nnc(NC2CCOC(C3CCCC3)C2)c1C1CC1	0.044103
rxn:2:135135:115294	COc1c(C)ccc2c1CCC2NCCC1(F)CCC1	0.044102
rxn:2:132481:139273	CCC(NCC[C@@H]1CCCO1)c1c(C)cccc1C	0.044101
rxn:2:86392:67774	CN1CC(NC2CCC2C2CCC2)C(C2CCC2)C1	0.044099
rxn:2:72276:98003	CC(CC1CCCOC1)Nc1cnccc1C1CCC1	0.044098
rxn:2:72959:84435	Cn1nc(C2CCOC2)cc1NC1CCCC12CCCC2	0.044098
rxn:2:87798:133044	COc1cnc(C(C)NC(C)c2csnn2)c(OC)c1	0.044088
rxn:2:100676:89044	Cc1cc2oc(=O)[nH]c2cc1NC1CC2C(C1)C2(C)C	0.044086
rxn:2:80162:93175	FC1CN(C2CC2)CCC1NCc1ncnn1C1CC1	0.044085
rxn:2:81366:109140	CCOc1cc(NC(COC)c2nccs2)ncn1	0.044085
rxn:2:92835:110337	CCOc1cc(C)cc(CNC(CC)C2CC2)c1	0.044081
rxn:2:85170:101723	CN1[C@@H]2CCC(NCCc3csc(C(C)(C)C)n3)[C@H]1CC2	0.044081
rxn:2:67063:128598	COc1ccnc(NC2CCCC2N2CCCSCC2)c1	0.044077
rxn:2:74504:79154	COc1cc(NC2CCC2C(C)(C)C)cc2occc12	0.044074
rxn:2:92848:98473	COc1cnc2c(c1)C(NC1CCN3CCCC13)CCC2	0.044067
rxn:2:98849:118981	COc1ccc2c(c1)C(N[C@H](C)c1ccccn1)CCC2	0.044066
rxn:2:132859:75426	C[C@@H](NC1CC2C(C1)C2(F)F)c1ccc2ncccc2c1	0.044065
rxn:2:76986:130975	COc1ccc2ccc(NCC3CCCCN3C)cc2c1	0.044059
rxn:2:97990:85016	CCc1cnn(C(C)CC)c1NC(C)c1cnnn1C	0.044047
rxn:2:95800:72087	CN(C)c1nnc(CNC2CCCc3cccnc32)[nH]1	0.044047
rxn:2:101384:139987	CN1C2CC(NCc3ccccc3-c3ccsc3)CC1C2	0.044038
rxn:2:117040:93867	Cc1nc(C(C)Nc2ccc3c(c2)N(C)CC(C)S3)co1	0.044036
rxn:2:83530:94529	CCn1ncc(C(C)NC(C)Cn2cc(C)cn2)c1C	0.044033
rxn:2:121939:70439	Cc1cnc(C(NC2CC3OC(C2)C2CC32)C(C)C)nc1	0.044026
rxn:2:104462:98130	Cc1ccnc(C(F)(F)CNC2CC[C@H]3CN(C)C[C@@H]23)c1	0.044019
rxn:2:103926:117729	COc1cccc2c1C(Nc1scc3c1COC3)C(C)C2	0.044013
rxn:2:101209:123438	c1cc(NC2CCC3CC2C3)ccc1CCN1CCC1	0.044010
rxn:2:112141:76267	COc1cc(CNC(C)c2cc[nH]n2)n2c1CCCC2	0.044002
rxn:2:112254:91336	c1nnc(C(NC2CC[C@@H]3COC[C@H]23)C2CCCCC2)o1	0.043997
rxn:2:97061:113779	CCCOc1cc(C)c(C)cc1NC1CC[C@@H](C)OC1	0.043983
rxn:2:75633:124134	CC1CC12CCCC2NC[C@H]1CCCN1c1cncnc1	0.043978
rxn:2:74253:109934	C[C@H](NC1CCCC2C1COC2(C)C)c1n[nH]c(=O)o1	0.043974
rxn:2:109940:99197	COC1CCCC12CC(NC1c3ccccc3OC1C)C2	0.043973
rxn:2:112090:119885	CC1(C)CC(NC2(C3CCC3)COC2)c2ccccc2O1	0.043972
rxn:2:136865:112634	CCC(Cc1ncc(C)cn1)NC1CN=Cc2ccsc21	0.043971
rxn:2:73234:93992	C1CC(Nc2noc(CC3CC3)n2)C2CC3CCOC32C1	0.043964
rxn:2:73335:68741	c1ccc(C2CCCC(NCC3COC4CC3C4)C2)nc1	0.043960
rxn:2:104116:87828	CC1CC2CC(Nc3cc(C4CCCO4)ncn3)CC2C1	0.043953
rxn:2:106547:122242	c1ncc(N2CCC(NCC3CCC4CCC43)CC2)cn1	0.043951
rxn:2:86541:121131	O=C1CC(Nc2nc3c(s2)CCCC3)Oc2ccccc21	0.043951
rxn:2:74554:91336	c1cc(-c2ccn(CCNC3CC[C@@H]4COC[C@H]34)n2)cs1	0.043938
rxn:2:125405:75781	CCc1nc(C)c(C(C)NCC2CCn3ccnc3C2)s1	0.043936
rxn:2:138821:128155	Cc1ccc2nsnc2c1NC1CCC2CCC(C1)N2C	0.043932
rxn:2:80562:117971	CCCOC1CCC(Nc2cc(=O)nc3sccn23)CC1	0.043932
rxn:2:68442:105810	Cc1cccnc1C(NC1CCC2CN(C)CC21)C(C)C	0.043926
rxn:2:76043:73156	Cc1ccncc1C(C)NCC1CCCCC12CCC2	0.043918
rxn:2:120633:135402	Cc1cc2c(cn1)C(N[C@H]1CC[C@@H](CN(C)C)C1)CCC2	0.043912
rxn:2:108033:71823	Cc1ccc(C(C)NC(C)c2nc3c(s2)CCCC3)n1C	0.043907
rxn:2:90177:76281	CCc1cnc(CNC(C)c2ncc(CC)[nH]2)nc1	0.043900
rxn:2:69642:97325	CC(Cc1ccsc1)NC1CCCN(c2ncccn2)C1	0.043898
rxn:2:95462:121852	CCN(C)C1CCC(Nc2cnnc3[nH]nnc23)CC1	0.043894
rxn:2:96872:130555	COc1ccc(CC(C)(C)NC(C)c2nccs2)cc1	0.043891
rxn:2:128986:72451	CC(C)(C)c1ccnc(CCNC2CCCOCCC2)c1	0.043891
rxn:2:90281:127633	c1cc(C2CC(N[C@@H]3CCN(C4CCCC4)C3)C2)ccn1	0.043890
rxn:2:66404:95192	c1cnn(CCn2cc(NC3CCC4(CSC4)C3)cn2)c1	0.043888
rxn:2:138660:122717	CCCC(Nc1nn(CC)c2c1C(C)CC2)C(C)C	0.043881
rxn:2:87404:95627	COCC(COC)NC1C[C@H]2C[C@@H]([C@@H]1C)C2(C)C	0.043880
rxn:2:138078:79154	CC(C)(C)C1CCC1NCc1cn(Cc2ccsc2)nn1	0.043875
rxn:2:137510:110433	Cc1ccc(C(F)(F)CNC2CCN3CCOC2C3)cc1	0.043867
rxn:2:114283:71589	FC1(F)CC2CC1CC2NC1CC2(CCCOC2)C1	0.043865
rxn:2:68419:74320	CCC(NCCc1nnccc1C)c1nc(C)c[nH]1	0.043864
rxn:2:139163:82074	Cc1cnc(C(C)NCc2cn[nH]c2C)cc1C1CC1	0.043861
rxn:2:66110:121768	COc1ccc2c(n1)OCC2NC1C[C@@H](C)N(C)C[C@H]1C	0.043837
rxn:2:117695:91504	Cc1cc2c(cn1)C(N[C@@H]1CCC[C@H]1OC(C)(C)C)CC2	0.043835
rxn:2:99731:142128	CC(C)(C)C(NCc1cnnn1C1CC1)c1c[nH]cn1	0.043831
rxn:2:138929:89600	CCC(NCCN1CC(F)(F)C1)C(C)(C)CC	0.043825
rxn:2:118699:140169	Cn1cnc(NC2CCCCC2S(=O)(=O)F)cc1=O	0.043818
rxn:2:141069:105842	CCn1ncc(C(C)Nc2scc3c2OCCO3)c1OC	0.043812
rxn:2:69240:121852	CCN(C)C1CCC(N[C@@H]2COc3ccc(C)cc32)CC1	0.043807
rxn:2:130907:132663	Cc1ccc(C(NC(C)C(C)n2ccnc2)C2CC2)o1	0.043798
rxn:2:119873:102485	CCC(Nc1cnc(S(=O)(=O)CC)c(C)c1)C1(C)CC1	0.043783
rxn:2:121993:127812	CCC(NCc1ncccc1S(C)(=O)=O)C1CC1(C)C	0.043774
rxn:2:77152:124348	CCCc1nc(CC)c(NC(C)c2cnc(C)cn2)s1	0.043774
rxn:2:128032:89275	COCCc1nnc(NC2C[C@]3(C(C)C)CC3C2C)s1	0.043759
rxn:2:125388:112539	CN1CCn2ncc(NC3CCCCC(C)(C)C3)c21	0.043758
rxn:2:95759:106858	CC(C)C(NC1CCOC(C(C)(C)C)C1)C1(C)CC1	0.043747
rxn:2:74283:119179	COc1cc(C(C)NC2CN(C3CCOCC3)C2)on1	0.043742
rxn:2:81727:84815	CCC(C)C(CC)Nc1c[nH]c2c(OC)nccc12	0.043738
rxn:2:97932:82366	CN1CCC2(CC1)CC(NC1CCCC(F)(F)C1)C2	0.043736
rxn:2:138410:82314	CCn1cnc(CNC(c2ccc(C)cn2)C(C)(C)C)n1	0.043735
rxn:2:87723:82958	Cc1nc(CCC(C)NC[C@H]2CCCCO2)[nH]c1C	0.043719
rxn:2:90202:89838	Cc1nc2ccc(C(C)N[C@H]3CCC[C@H](C)C3)cc2s1	0.043717
rxn:2:81801:117984	CCOC1(CNC2CC[C@H]3CC[C@@H]2C3)CCOCC1	0.043716
rxn:2:119936:72918	CCOC1CC(Nc2cnn(Cn3cc(C)cn3)c2)C1	0.043708
rxn:2:74203:105727	c1cn(C2CCCCC2NCC23C4C5C6C4C2C6C53)cn1	0.043701
rxn:2:75914:122606	COCCC(Nc1cnc(SC)s1)c1ccco1	0.043690
rxn:2:88464:82377	CC1COc2ccccc2C1N[C@H](c1ccco1)C1CC1	0.043685
rxn:2:131003:122190	CC(NC1Cc2cn[nH]c2C1)c1cnn2c1COCC2	0.043682
rxn:2:135764:89120	CC[C@@H]1C[C@@H]1NC(C)c1cccc(CC(C)C)c1	0.043673
rxn:2:74471:121031	Cc1cnc2nc(NC3CCOCC34CCCC4)nn2c1	0.043666
rxn:2:102188:114126	CCCCC1(C)CC(N[C@@H]2CCN(C)[C@@H]2C)CCO1	0.043663
rxn:2:114792:120813	CCC(Cc1cccs1)Nc1cc(C2CCCO2)no1	0.043660
rxn:2:68623:128062	CC(CNC1CCC(c2ccccn2)CC1)n1ccnc1	0.043659
rxn:2:93676:102111	CCC(NC1CCOC1F)C1CCN(C2CC2)CC1	0.043658
rxn:2:89387:109463	CCn1ncc2c(NC3CCCS(=O)(=O)CC3)cnnc21	0.043656
rxn:2:105318:124390	CC(CC1CCCCN1C)NCc1nccc2ccoc12	0.043656
rxn:2:72725:120130	CCC(CNC1c2ccccc2C[C@@H]1C)c1c[nH]cn1	0.043641
rxn:2:104888:79558	CC1(C)CN(c2cccc(NC3COC(C4CC4)C3)c2)C1	0.043638
rxn:2:102130:125172	C1Cc2n[nH]c(NC3CC4COCC(C3)O4)c2CO1	0.043638
rxn:2:107264:72918	CCOC1CC(NCc2cnn(-c3ccccn3)c2)C1	0.043634
rxn:2:93201:82447	CCn1cc(C(C)NCC(F)(F)c2cnn(C)c2)nn1	0.043623
rxn:2:103396:121644	CC(CCOC(C)(C)C)Nc1ccc(S([NH-])(=O)=O)cc1	0.043617
rxn:2:132863:72219	CC(C)c1ncc(CNC2CC3CC2C(C)C3(C)C)cn1	0.043617
rxn:2:127930:92586	FC1(CNC(c2ncc[nH]2)C2CCCC2)CCOCC1	0.043612
rxn:2:90202:124075	CCCCC1CCCC1N[C@H]1CCC[C@H](C)C1	0.043611
rxn:2:66061:79651	C[C@@H](NC1C[C@@H]2C[C@H](C1)c1ccccc12)C1CC(F)C1	0.043611
rxn:2:77677:139226	COCC(NC1CC(C)Cc2occ(C)c21)c1cscn1	0.043610
rxn:2:132100:78122	CN(C)CCc1ccccc1NC1CC(C(C)(C)C)C1	0.043595
rxn:2:124005:135320	COCC1CCCC1NC(C)C(OC)C1CC1	0.043590
rxn:2:120473:102566	Cc1cc(C)nc(C(C)CNC(C)c2ccncc2C)n1	0.043589
rxn:2:96343:86936	c1ccc(C2CCCC2Nc2ncccc2C2CC2)nc1	0.043580
rxn:2:139592:94749	CCN1CCc2nc(NC3CCc4nc(C)[nH]c43)sc2C1	0.043574
rxn:2:123716:116462	CC(NCc1cnoc1)c1nnn(C)c1S(C)(=O)=O	0.043574
rxn:2:81209:77845	COC1CCC(NC2CCc3ccc(C)c(C)c3C2)CC1	0.043564
rxn:2:128638:123636	CC1CC2(CO1)CC(NC(C)c1cncc(C(C)C)c1)C2	0.043545
rxn:2:95432:99616	Cc1nc(C)c(C(C)NCCc2ccc[nH]2)[nH]1	0.043544
rxn:2:88926:86859	CCOC1COCCC1NC1CC(C)(C)S(=O)(=O)C1	0.043542
rxn:2:100824:129171	Cc1cc(C(C)(C)CNC(C)c2nnccc2C)ncn1	0.043533
rxn:2:133438:88988	CCN(CC)Cc1cccc(NC2CCC2(C)C)c1	0.043531
rxn:2:69673:138282	CN1CCC(NC2CCOC3CC23)CC12CCCC2	0.043526
rxn:2:101518:118435	CCOc1ccc2nc(NC3CCCC4CC43C)oc2c1	0.043520
rxn:2:77416:110225	Cc1ccc2c(c1C)CCCC2NC1CCS(=O)(=O)C1C	0.043507
rxn:2:115421:81291	CC(C)C(NC1(c2ccccn2)COC1)c1cnn(C)c1	0.043500
rxn:2:126525:103149	CN1[C@@H]2CC[C@H]1CC(NC1CCC(c3ccccc3)C1)C2	0.043481
rxn:2:131116:114694	CC(NCC1CC(C2CC2)C1)c1c[nH]c2ccncc12	0.043478
rxn:2:118004:68505	CC(C)Cc1ccc(CNC2CCn3cccc32)cc1	0.043468
rxn:2:123583:132707	CC(NC1CCN(C)C12CCCC2)c1ccc(C2CC2)o1	0.043457
rxn:2:101775:114327	CCC(NC(c1cccnc1C)C(C)C)c1ccon1	0.043451
rxn:2:128078:90156	CCC(NCC1CCOC1C)C(C)CN(C)C	0.043448
rxn:2:127522:92530	CCN1C2CCCC1CC(Nc1ccc(C3CC3)nc1)C2	0.043444
rxn:2:118503:92401	COC1CCCC(NCc2ccnn2C(C)C2CC2)C1	0.043437
rxn:2:136630:100063	COCc1ccnc(C(C)NC(C)(C)C2CCCO2)c1	0.043436
rxn:2:72088:102485	CCC(NC(C)(C)c1c[nH]c2c1CCC2)C1(C)CC1	0.043432
rxn:2:114353:102228	Cc1ccc(C(C)NC(C)c2ccc(C3CC3)nc2)nn1	0.043428
rxn:2:136219:68692	CCC(NCC1CC(OC)CCO1)c1ncccc1C	0.043423
rxn:2:87775:137707	C1CC2CCC1CCC2NC1C2CC3COC1C3C2	0.043417
rxn:2:93606:104034	Cc1noc(C(NC(C)c2c(C)ncnc2C)C(C)C)n1	0.043415
rxn:2:128011:138343	CCCC(CC1CCCO1)NC1C2CN(C)CC21	0.043384
rxn:2:97900:100227	CCC1CC(Nc2n[nH]c3[nH]ncc23)CCC1C	0.043374
rxn:2:133439:113097	Cc1cc(N(C)C)ccc1NC1C(C)(C)OC12CCCC2	0.043369
rxn:2:80709:137094	CCC1CCC(N[C@@H]2COc3cccc(OC)c32)CC1C	0.043363
rxn:2:99607:130227	CCN1C(CN[C@@H](C)c2cncs2)CCCC1C(C)C	0.043363
rxn:2:127666:82487	F[C@@H]1CCCCC1NCc1ncccc1OCC1CC1	0.043356
rxn:2:79105:133187	CCC(N[C@@H]1CCO[C@H]1c1nccn1C)c1cncn1C	0.043354
rxn:2:70519:75937	CCc1cc[nH]c1C(C)NC(C)(COC)C1CC1	0.043344
rxn:2:106597:123606	CCN(CC)c1cc(NC2CCN(C)C3(CC3)C2)[nH]n1	0.043337
rxn:2:121221:80514	Cc1nc(C(C)Nc2nc(C3CCC3)c(C)s2)sc1C	0.043334
rxn:2:138695:129955	CCC(CNC(C)c1c[nH]cc1C)(OC)C(C)C	0.043327
rxn:2:111002:126420	c1coc(C2(NC(CC3CC3)C3=NCCCC3)CC2)n1	0.043318
rxn:2:108482:91939	Cc1nc2ccccc2c(C)c1NC1CCN(C)C1(C)C	0.043315
rxn:2:68069:76654	c1nc2[nH]ncc2cc1CNC1CC2CCC13CCCC23	0.043313
rxn:2:119730:114414	COc1cc(NC2CCN(C)C(C)C2C)c2cc[nH]c2c1	0.043312
rxn:2:100108:89044	Cc1nn2cnnc2n(NC2CC3C(C2)C3(C)C)c1=O	0.043308
rxn:2:84706:88937	Cc1cc(C)n(CC(C)CNC2CCCC2N(C)C)n1	0.043294
rxn:2:65909:78832	COCc1nc(CNC[C@H]2COCCO2)no1	0.043281
rxn:2:114962:81433	Cc1cc(=O)n(C)c(C)c1CNCC1OCCOC1(C)C	0.043280
rxn:2:129298:78156	CCC(Nc1nnc2c(n1)CCC(C)C2)C1COCCO1	0.043279
rxn:2:109429:102939	CC(C)C1CCN(CCNC2CCN(C)CC2)CC1	0.043274
rxn:2:88318:103759	CCCCC(CCC)Nc1cc(=O)[nH]c(=O)n1C	0.043273
rxn:2:72289:102564	C[C@@H](NC(c1cn[nH]c1)C1CC1)C1CCC(F)(F)CC1	0.043271
rxn:2:126097:100560	Cc1cc(C)c2c(c1)OC(Nc1nc(C3CC3)c[nH]1)C2=O	0.043265
rxn:2:137679:72771	CCc1nc(C2(NC3CC(CC(C)C)C3)CCC2)no1	0.043263
rxn:2:120014:104751	COc1cc(NC[C@H]2CCCN2C)cc(OC)c1OC	0.043262
rxn:2:147386:141702	CCC(Nc1c(C)oc2ccccc2c1=O)C1CC(C)C1	0.043255
rxn:2:106139:124439	Cc1nn(C)c(S(C)(=O)=O)c1NC1CCCc2[nH]ccc21	0.043239
rxn:2:99845:116904	Cc1coc2c1C(NC1(C)CC3CC3C1)CC(C)(C)C2	0.043237
rxn:2:136032:119746	CC1CC(N[C@H](C)CCOc2ccccc2)CCN1C	0.043219
rxn:2:141574:113803	COc1ccc2c(c1)C(NC(C)c1c[nH]nc1C)C(C)O2	0.043214
rxn:2:132613:85100	Cc1csc2c1C(NCc1csc3c1CCOC3)CCC2	0.043213
rxn:2:87218:132273	Cc1csc(C(NCCN2CCOCC2C)C(C)(C)C)n1	0.043198
rxn:2:108926:138663	CC(NC(C)(C)C1CCSCC1)c1n[nH]c2ncccc12	0.043193
rxn:2:67134:109315	CC(Nc1cc(-c2ccsc2)no1)c1cnco1	0.043192
rxn:2:104447:107185	CCC(CC1CC1)NC(C)c1c(C)nc2ccccn12	0.043191
rxn:2:113899:119174	Cc1ccc(C)c(C(C)Nc2onc(CN(C)C)c2C)c1	0.043191
rxn:2:75954:124871	CC(C)N(C)CCNC1CCOCC1c1ccccc1	0.043187
rxn:2:71978:127728	O=c1ccc(C2OCCC2NC2CC3OCCC23)c[nH]1	0.043167
rxn:2:73264:140169	COC1CC(CNC2CCCCC2S(=O)(=O)F)C1	0.043161
rxn:2:102725:136634	CCc1ccc(C(C)NCC2(COC)COC2)cc1	0.043152
rxn:2:77781:123715	CC(C)C1COCCC1Nc1nc(CN2CCCC2)cs1	0.043146
rxn:2:77616:101191	CC(C)CC1(C)CCC(NCC23CCOCC2C3)C1	0.043143
rxn:2:77141:107686	CCC(C)COc1ncc(NC2CC3CCC3C2)cn1	0.043142
rxn:2:121389:118602	COc1nc(NC2CCC(F)(F)CC2F)nc(SC)n1	0.043133
rxn:2:78052:121644	Cc1nc(NC(C)CCOC(C)(C)C)nc(N(C)C)n1	0.043131
rxn:2:79477:107138	c1cc2n(n1)C1(CCC1)CC2Nc1ccc2c(c1)CCC2	0.043127
rxn:2:84872:83403	CCC(NC1CCC1COC)c1cccc(OC)c1	0.043127
rxn:2:85670:101744	Cc1nc(CCNC(C)CCn2ccnc2C)no1	0.043127
rxn:2:103968:103175	CC(C)C(NC1c2cc[nH]c2CCC1(F)F)c1cnco1	0.043125
rxn:2:87176:91882	FC1(F)CCCC12CC(NC1CCc3ccoc31)CCO2	0.043121
rxn:2:85296:73686	CC(C)C1(C)CCC(N[C@H](c2ccccn2)C2CC2)C1	0.043115
rxn:2:71642:106347	Cc1cc(C)c2c(c1)C(NC1CC3OCCCC13)C(C)O2	0.043106
rxn:2:115944:134340	CCC(C)(C)CC(C)NCCC1CCC(C)O1	0.043103
rxn:2:72717:122985	CC(C)CC(Nc1nncn1C(C)C)c1ccccc1	0.043101
rxn:2:68466:123952	CCC(C)(CNC1CCn2cncc21)N1CCCC(C)C1	0.043095
rxn:2:123063:71623	CN(CCNC1CC2CCCC(C1)C2F)c1ncccn1	0.043081
rxn:2:69579:113927	CO[C@@H](CNCc1cccc(C(C)(F)F)c1)C(C)C	0.043076
rxn:2:133764:132754	C1CC(C2CCC(N[C@@H]3C[C@H]4CCO[C@H]43)CC2)CCO1	0.043073
rxn:2:88850:109459	CCC(CC1CCCC1)NCCc1cn(C)nc1C	0.043071
rxn:2:111250:68327	CC1CCC(CCNC(C)c2n[nH]c3ccccc23)C1	0.043067
rxn:2:74168:100819	Cn1ncc2c1OC(C)(C)CC2NC1CC1c1c[nH]cn1	0.043066
rxn:2:99071:114092	CC(C)(C)OC1CC(N[C@H]2C[C@@H]3CC[C@H]2O3)C12CCC2	0.043059
rxn:2:77909:87143	Cc1cc(C2CC2NC(C)CCc2cnsc2)c(C)s1	0.043049
rxn:2:125840:137480	Cn1nc(NC(c2ncc[nH]2)C2CCCCC2)ccc1=O	0.043044
rxn:2:101464:85852	COc1cc(NC2CCOCC2N(C)C)ccc1C1CC1	0.043040
rxn:2:75346:72792	CCC[C@@H](NCC1CCCN1CC)c1ccccn1	0.043031
rxn:2:78689:114780	COC(C)(C)C1(CNC(c2nccs2)C(C)(C)C)CC1	0.043024
rxn:2:96802:78766	CN1CCC(Nc2nn(C)nc2-c2ccccc2)CC1(C)C	0.043019
rxn:2:71311:101723	CN1[C@@H]2CCC(NC(C)(C)COc3ccccn3)[C@H]1CC2	0.043015
rxn:2:69567:68152	CC(C)(CNC1COC2(CC2)C1)CC1CC(C)(C)C1	0.043010
rxn:2:111146:121666	CCCC1CC(NCC2(C)CC3CCC2C3)CCO1	0.043010
rxn:2:103983:76082	Cc1cccc(C(C)NC2CC(c3cccnc3)C2)c1C	0.043006
rxn:2:121651:105054	C[C@H]1C[C@H](NC2CCCCn3nccc32)c2ccccc21	0.043005
rxn:2:120427:75587	CC1CCC(Nc2ccnn2CC2CC2)c2ccccc21	0.042997
rxn:2:83112:70439	Cc1nc(-c2cc(NC3CC4OC(C3)C3CC43)n(C)n2)cs1	0.042994
rxn:2:118514:106501	CCC(CC)(CNC1CCC2CC2(C)C1)S(C)(=O)=O	0.042992
rxn:2:109032:113191	COc1ccc2c(n1)CCC2NC(C)(C)CCC1CC1	0.042987
rxn:2:106455:113655	CCC[C@H](NCC1OCCCC1(C)C)c1ccncc1	0.042980
rxn:2:90188:107755	Cc1ccc2n1CCC2Nc1ccc(N2CCOCC2)cn1	0.042980
rxn:2:127667:121031	Cn1nnc2ccc(CNC3CCOCC34CCCC4)cc21	0.042979
rxn:2:113060:124882	Cc1ccc2c(n1)OCC2NC[C@@H]1Oc2ccccc2[C@@H]1C	0.042973
rxn:2:82926:111258	Cn1ncc(-c2ccncc2)c1NC1CCN2CCC[C@H]2C1	0.042973
rxn:2:66863:74018	c1cc(OC2CC2)ccc1CNC1CCC2(COC2)OC1	0.042972
rxn:2:133656:85752	CC(Nc1cc(C(C)(C)C)[nH]n1)c1noc2c1CCCC2	0.042971
rxn:2:98217:94403	COC1CCCCCC1Nn1cc(C)c2ccccc21	0.042958
rxn:2:77166:129732	C[C@H]1C[C@H]2[C@@H](CC1Nc1cc3ncccc3s1)C2(C)C	0.042957
rxn:2:102119:113188	CSCc1noc(CNC2CCOC3(C2)CC(C)(C)C3)n1	0.042955
rxn:2:138641:114038	CN1CC2CC(Nc3nc(C4CC4)n4ccccc34)CC2C1	0.042952
rxn:2:84799:70186	CCC(C)(C)CCNC(C)c1cncc2ccncc12	0.042948
rxn:2:122760:120114	CC(NCCc1nc(C2CCC2)no1)c1ncn[nH]1	0.042944
rxn:2:101259:76903	CCO[C@H]1CC(N[C@H](C)Cn2cccn2)[C@@]12CCCO2	0.042942
rxn:2:101810:85552	CCCC1CC1CNC1c2sccc2CCC1(C)C	0.042940
rxn:2:98606:105740	CCc1cnc2c(c1)C(NC1CCc3c[nH]cc31)CCC2	0.042939
rxn:2:91294:89760	CC(Cc1ccc[nH]1)NC1CCCc2[nH]cnc21	0.042937
rxn:2:73497:65913	CC(C)n1cnc2c1C(Nc1cc3c(cn1)OCC3)CCC2	0.042932
rxn:2:105198:121920	c1ccc(-c2cncc(NC3CC4CCN(CC4)C3)n2)cc1	0.042929
rxn:2:131488:118683	COC1CCC(C)(NC2CCCCC2C2COC2)CC1	0.042928
rxn:2:90224:134571	Cc1ccccc1C1CCC(N[C@H]2CCCn3ncnc32)C1	0.042922
rxn:2:114542:76230	COc1cccnc1C(C)NCCC1CC2(CCC2)C1	0.042917
rxn:2:101337:103224	O=S1(=O)CCC(NCC2(n3cccn3)CCSCC2)CC1	0.042914
rxn:2:66277:134989	CCC(C)C(C)NC(C)c1cccc(S(=O)(=O)F)c1	0.042913
rxn:2:141816:135679	CC1Cc2[nH]c(=O)ccc2C(NC(C)(C)c2nnco2)C1	0.042903
rxn:2:105952:111698	CC(NCC12CCC(F)(CO1)C2)c1cn(C)c2ccncc12	0.042898
rxn:2:104020:73202	CC(C)C1CCC1NCc1cn(C2CC2)nc1C1CC1	0.042882
rxn:2:100607:129639	CC(C)(C)C(NCCN1CC2(COC2)C1)c1ccccn1	0.042881
rxn:2:131650:78222	c1cc(C2CCC(Nc3ncc4c(n3)COCC4)C2)ccn1	0.042880
rxn:2:76824:115202	COc1cccc2c1CCC(Nc1nc(C)c(C)c(C)n1)C2	0.042872
rxn:2:75607:81324	CCN1CCC(Nc2nc(CC(C)(C)C)cs2)C(C)(C)C1	0.042871
rxn:2:125888:75426	CC1CN(CC(C)(C)NC2CC3C(C2)C3(F)F)CCO1	0.042870
rxn:2:100344:137035	CCCCC(NC[C@@H]1CCN(C)[C@@H]1C)c1ccsc1	0.042864
rxn:2:113899:132205	Cc1c(CN(C)C)noc1NC1CC(c2nncn2C)C1	0.042863
rxn:2:111243:101611	Cc1cn(CC2COC2)nc1NC1CC(c2ncon2)C1	0.042861
rxn:2:87915:81749	Cc1ccc(C)c(C(C)NCC2CCn3cnnc3C2)c1C	0.042856
rxn:2:71700:116772	Cc1cccc(OC2COC2)c1NC1CCCn2cncc21	0.042854
rxn:2:141473:68973	COc1nsc(OC)c1C(C)NC(C)c1cn[nH]c1C	0.042851
rxn:2:112422:103854	Cc1ccc(NC2CCCC2N2CCOCC2)c2nsnc12	0.042851
rxn:2:108504:88795	CC1(C)C[C@H](NC2CCC(C)(C)c3ncccc32)CCO1	0.042851
rxn:2:84666:137707	c1cnc(-n2cc(CNC3CCC4CCC3CC4)cn2)cn1	0.042841
rxn:2:110399:82264	COCc1c(C)cccc1NC1c2cocc2CCC1C	0.042841
rxn:2:118467:129332	O=S1(=O)C[C@H]2CC(NCc3ccc4cccnc4c3)C[C@H]2C1	0.042838
rxn:2:121237:85589	CC1(C)CCc2[nH]nc(CNC3CC[C@@H]4[C@H]3C4(F)F)c2C1	0.042836
rxn:2:76513:88795	CC(Cc1ncn(C)n1)NC1CCC(C)(C)c2ncccc21	0.042836
rxn:2:129019:77902	CCOC12CC(NC3CCN(C(C)(C)C)C(C)C3)(C1)C2	0.042835
rxn:2:73167:85949	CC(C)(C)CCn1ccc(NC2CCc3ncncc3C2)n1	0.042834
rxn:2:122330:128705	Cc1occc1-c1noc(NC2CC[C@H]3CCC[C@@H]23)c1C	0.042831
rxn:2:85986:139605	Cc1ccc(CNC2CC3C(F)CC2(C)C3(C)C)c(=O)[nH]1	0.042830
rxn:2:70954:121622	Cc1ccc(C2C(NC3CC(C)CC(C)C3)CCN2C)s1	0.042828
rxn:2:73736:78832	C1CC(CN2CCC[C@@H](NC[C@H]3COCCO3)C2)C1	0.042825
rxn:2:137248:94628	CC1Cc2oncc2C1NC1CC(c2cccnc2)C1(C)C	0.042824
rxn:2:65946:122183	CCC(C)c1cc(CNC2C[C@H]3[C@@H]4CC[C@@H](C4)[C@@H]23)ncn1	0.042823
rxn:2:121152:91461	c1ccc([C@@H]2CO[C@H](CNC3CCN(C4CC4)C3)C2)cc1	0.042823
rxn:2:124864:122897	C[C@@H](NC1CCOCC1C1CC1)c1ccc2[nH]ccc2c1	0.042821
rxn:2:107791:94485	CN1c2ccccc2CC1CNCc1cn(C(C)(C)C)cn1	0.042819
rxn:2:106790:114800	CCC(C)(C)C1CCC(NCc2ccnc(C)c2)CC1	0.042816
rxn:2:100154:86045	COc1cc(C)c2c(c1)OCC2NC1(c2cn(C)cn2)CC1	0.042812
rxn:2:82383:129266	CC(C)N1CCC1CNC1CCCC1Cn1cncn1	0.042809
rxn:2:113166:101506	CCOc1nnccc1NC1CCCc2cc(=O)[nH]cc21	0.042804
rxn:2:122091:83403	COCC1CCC1N[C@@H](Cc1ccccc1)C(C)C	0.042797
rxn:2:92747:133921	CCC(NC(C)(C)c1ccncn1)c1cc(C)ccc1C	0.042788
rxn:2:110829:119647	COC1CCC(NC(CCS(C)(=O)=O)C(C)(C)C)C1	0.042788
rxn:2:76843:88327	CC1(C)CC(NCC2CCC(F)(F)C(C)(C)O2)CCS1	0.042784
rxn:2:134461:131475	Cc1cc(NC2CC(=O)c3cccnc3O2)nc(C(C)C)c1	0.042784
rxn:2:89873:123027	CO[C@@H]1COCCC1NC(C)c1cnc(N(C)C)cc1C	0.042780
rxn:2:140127:119032	CCCC1COCCC1N[C@@H](C)C1CCC(C)CC1	0.042779
rxn:2:122062:80365	Cc1ccc2c(c1)C(NC[C@@H]1COc3ccccc3O1)CC2	0.042773
rxn:2:113726:101736	CC(C)(C)Cc1cc(CNC2CCc3ccncc3C2)no1	0.042764
rxn:2:82899:110873	CCc1ccncc1C(C)NC1CCc2ncc(C)n2C1C	0.042761
rxn:2:125123:101716	Cc1cn(CC2CC(C)C2)nc1NC1CCCC2(C)CC12	0.042756
rxn:2:77336:88768	CCc1[nH]nnc1CNC(C)c1nc(C)c[nH]1	0.042754
rxn:2:91633:130848	CN1C[C@H]2C[C@@H](NC3CC4CCC3CN4C)C[C@H]2C1	0.042753
rxn:2:77494:127729	Cc1cscc1CNC1CC(C)(C)Cc2[nH]cc(C)c21	0.042751
rxn:2:100101:134947	CCC(CNC1CCCc2sc(C)cc21)n1cc(C)cn1	0.042750
rxn:2:136674:103766	CCCc1cnc(NC2CCSc3cccc(C)c32)s1	0.042749
rxn:2:100419:80870	CC1(C)CC(C)(C)C1Nc1ccncc1N1CCCCC1	0.042746
rxn:2:90563:81260	CCN(CC)c1nccc(CNC2CCOC3CC23)n1	0.042743
rxn:2:91481:132808	CS(C)(=O)=Nc1ccc(NC2CCC3CCCC2C3)cc1	0.042735
rxn:2:114493:83449	FC1(F)C(CNC2CC3(CCCCO3)C2)C1c1c[nH]cn1	0.042728
rxn:2:127759:108308	c1csc(C(Nc2nnc3n2CCOCC3)C2CCCC2)c1	0.042725
rxn:2:66551:95364	CCC[C@H](C)C(CC)Nc1ncn(CC(C)C)n1	0.042720
rxn:2:90391:142157	CCCC(C)C(CC)NCCn1ncccc1=O	0.042718
rxn:2:126532:112897	COc1cn2nc(C)cc2cc1NC1CCOC2(COC2)C1	0.042718
rxn:2:85789:105859	FC1CCC(N[C@@H]2CCCN(C3CCC3)C2)C2CCC12	0.042714
rxn:2:106065:125930	COc1cnn(C)c1C(C)N[C@H](C)C12C3C4C5C3C1C5C42	0.042713
rxn:2:65878:117008	Cc1cc(N2CCCC(NC3C[C@@H](C)O[C@H](C)C3)C2)[nH]n1	0.042708
rxn:2:132735:129732	C[C@H]1C[C@H]2[C@@H](CC1Nc1nc3c(n1C)CCCC3)C2(C)C	0.042705
rxn:2:74249:136822	Cc1nc(C(C)Nc2nc(C)c3c(n2)CCN(C)C3)c(C)o1	0.042704
rxn:2:114199:119185	CC1C(NCC2CC2(C)c2ccco2)CC2CC1C2(C)C	0.042703
rxn:2:131412:124871	COc1ccnc(NC2CCOCC2c2ccccc2)c1C	0.042702
rxn:2:100311:106846	CC(NCC1CC2(CCOCC2)O1)c1nccc2sccc12	0.042696
rxn:2:117123:67569	c1cc2c(cn1)CCC[C@H]2NC1CCCCCCCC1	0.042695
rxn:2:98145:82609	c1ccc(CN2CC[C@@H](NC3CSc4ccccc43)C2)nc1	0.042683
rxn:2:136965:118795	CC(Nc1cc(C2COC2)ccn1)c1cnn2c1OCCC2	0.042676
rxn:2:102852:103045	Cc1cccc2c1[C@H](NC1CCc3ccccc31)CC2	0.042668
rxn:2:68475:68174	CC1CCC2(C1)CC(NCc1nnc3cccnn13)CCO2	0.042660
rxn:2:91927:129941	CCC1(C)CCCC(NCC2(c3ccc(C)nn3)CC2)C1	0.042649
rxn:2:120500:128350	c1cc2c3c(c1)C(NC1(c4cnccn4)CC1)CC3CCC2	0.042649
rxn:2:139954:106766	CCn1cc(-c2nnc(NC3CCC4CCCN4C3)s2)cn1	0.042646
rxn:2:104522:118998	Cc1cc(C)c2c(c1)C(NCCC1CCC(F)C1)CCO2	0.042637
rxn:2:99139:81393	C1CC(N2CCC(NC3CCN4CCC3C4)C2)CCS1	0.042634
rxn:2:133554:131776	CCn1nncc1CCNC(C)c1scnc1C(C)C	0.042630
rxn:2:118605:97763	c1nn2c(c1CNC1CCCc3ncn(C4CC4)c31)OCC2	0.042619
rxn:2:121291:94739	COc1cc(C)ccc1NC1CCN(c2cccnc2)CC1	0.042603
rxn:2:113912:99907	Cc1nonc1Cn1ccc(NC2CCCCCCC2C)n1	0.042602
rxn:2:133399:124296	CC1CC(C)(C)CC1(C)NC1CCS(=O)(=O)C(C)(C)C1	0.042601
rxn:2:68167:95401	CC(NC1CC2C3CCC(C3)C12)c1cccc2occc12	0.042600
rxn:2:129803:133368	C[C@H]1CN(C)CCC1NCCc1ccc(N2CCC2)nc1	0.042597
rxn:2:124629:98151	CCOC1CS(=O)(=O)CCC1Nc1cnc2c(c1)CCO2	0.042584
rxn:2:135561:134381	CC1CC(Nc2ncc3c(=O)[nH]cnc3n2)C(C)(C)O1	0.042582
rxn:2:126954:83278	COC1CCCC2(CC(Nc3ccc4cnc(C)n4c3)C2)C1	0.042581
rxn:2:110941:136539	Cc1cccc(C(NC2C(C)OC(C)C2C)C2CCC2)c1	0.042579
rxn:2:69054:69829	CCc1ccc2c(c1)C(N[C@H](C)Cc1ccsc1)CC2	0.042574
rxn:2:76564:77716	Cc1cc(CNC(C)CC2CCOC2)ccc1C1CC1	0.042573
rxn:2:91762:88937	CC(CSc1nccn1C)NC1CCCC1N(C)C	0.042572
rxn:2:121797:69065	CC1CC(Cn2cc(NC3CCC34CC(C)(C)C4)cn2)C1	0.042570
rxn:2:121374:137825	CCC(C)Cc1nnc(NC2CC[C@H](C(C)(C)C)C2)s1	0.042562
rxn:2:92315:102430	CC1CCC(NC2CCC3CCCCC32)CC1C	0.042558
rxn:2:142172:70174	CCc1c(C2CCC2)n[nH]c1NC1CCN2CCCCC12	0.042542
rxn:2:97149:70216	CN1C2CCCC1C(NCc1cc(-c3cccnc3)cs1)C2	0.042537
rxn:2:106848:82033	c1cncc(-c2ccc(CNC3CC4CCCCN4C3)s2)c1	0.042536
rxn:2:80388:134631	CC(CC(C)N[C@@H]1CCC2(CC2)OC1)CC(C)(C)C	0.042533
rxn:2:92679:117558	Cc1ccnc([C@H](C)NC2CC[C@H]2Cc2ccccc2)c1	0.042525
rxn:2:121755:68846	COc1ncnc(NC2CCOC(c3ccncc3)C2)c1C	0.042519
rxn:2:121383:125879	CCC(NC1CCCC1n1ccnc1)C1CC2CCC1C2	0.042518
rxn:2:136579:138214	CC1CC(C)(NC2CCc3c(C(C)C)cccc32)C(C)O1	0.042499
rxn:2:65979:100063	COCc1ccnc(C(C)NC(C)c2cc(C)[nH]n2)c1	0.042490
rxn:2:105631:139226	COc1cc(C)nc(CNC2CC(C)Cc3occ(C)c32)c1	0.042487
rxn:2:108464:69918	CC(Nc1cccn2ccnc12)c1cn(C)cn1	0.042480
rxn:2:78990:140169	CCC(C)n1cc(NC2CCCCC2S(=O)(=O)F)cn1	0.042478
rxn:2:74163:87892	COCc1cc(C)c(NC2COc3cnc(C)cc32)c(C)c1	0.042474
rxn:2:106063:109163	CC(NC1CCCc2occc21)c1cnn(C2CC2(F)F)c1	0.042473
rxn:2:140949:95484	COCCN1CCC(NCc2ncc(C)n2C)C(C)C1	0.042470
rxn:2:120319:121031	CCC1CCCC(F)C1NC1CCOCC12CCCC2	0.042470
rxn:2:86095:68514	CC(C)C(Cn1ccnc1)NC1CCC2(CC2)C(C)(C)C1	0.042469
rxn:2:91023:136761	CSCC(NC(c1ncc[nH]1)c1cccs1)C(C)(C)C	0.042463
rxn:2:136976:78122	Cc1c(NC2CC(C(C)(C)C)C2)cnn1C1CCSCC1	0.042458
rxn:2:102279:90751	CCC(NC1CC2CCCC(C1)C2F)c1ccc(C)cn1	0.042455
rxn:2:70075:117042	CCCC1CC2(C1)CC(NCC1(OC)CCSC1)C2	0.042445
rxn:2:129617:89258	CC(NCC1(N(C)C)CCSC1)c1ccc2cn[nH]c2c1	0.042436
rxn:2:124336:69065	Cc1oncc1-c1cc(NC2CCC23CC(C)(C)C3)ncn1	0.042403
rxn:2:101614:88612	FC1(F)COC12CCC(NC1(c3cncnc3)CCC1)CC2	0.042386
rxn:2:139860:117063	Cc1cc2c(n1C)C(NCC1(C)COC(C)(C)CO1)CCC2	0.042385
rxn:2:141020:110690	CC(C)(C)CCC1OCC1NC1CC2C3CCC(C3)C12	0.042372
rxn:2:133883:74191	COc1ccnc(C(NCc2c[nH]c(C)n2)C2CC2)c1	0.042355
rxn:2:71980:108854	CCCN1CC(NC2CCC(C)c3ccccc3C2)C1	0.042348
rxn:2:105003:75801	CCN1CC2CC(C1)C2NC1CCCc2[nH]c(=O)ccc21	0.042338
rxn:2:65810:136155	CC(C)Cn1ccc(C(C)Nc2nnc(N3CCC3)s2)n1	0.042335
rxn:2:114887:79765	Cc1ncc2c(n1)CCCC2Nc1ccc(C2CCC2)cn1	0.042333
rxn:2:78337:88482	CCC(NCc1cccn(C2CC2)c1=O)c1ncc[nH]1	0.042331
rxn:2:128897:136712	Cc1cc(C)c(C(C)NCc2nnc(C3CCC3)n2C)[nH]1	0.042320
rxn:2:110495:107673	Cc1nc2ncnc(NC3C[C@@H]4CC5(CC5)C[C@@H]4C3)c2[nH]1	0.042319
rxn:2:112803:118194	Cc1cscc1-c1cc(NC2CCC23CCCCO3)n(C)n1	0.042306
rxn:2:72289:75785	C[C@@H](NC1CC[C@@H]2CCC[C@H]12)C1CCC(F)(F)CC1	0.042288
rxn:2:105160:107137	COc1ccc2c(c1)C(NC1COCC3C1C3(F)F)CCO2	0.042286
rxn:2:110115:93400	COc1ccc(NC2CCCC23CCCO3)cc1CSC	0.042285
rxn:2:101976:99409	CS(=O)(=O)c1noc(NC2COC3CCCOC3C2)n1	0.042277
rxn:2:89543:118328	Cc1ccnc(S(C)(=O)=O)c1NC1COCc2ncccc21	0.042272
rxn:2:119752:129258	COCC1C2CCC(Nc3cc(-c4cccn4C)[nH]n3)C21	0.042270
rxn:2:140635:71280	CC(NC1CC2CCC1C2(F)F)c1ccc(=O)n(C(C)C)n1	0.042265
rxn:2:90159:85879	c1c(NC2COC3(CCOCC3)C2)noc1C1CC12CCC2	0.042260
rxn:2:95305:97808	CCN(C)c1nnc(NC(c2ccnc(C)c2)C2CC2)s1	0.042258
rxn:2:108283:106048	Cc1nc(C(C)C)ncc1C(C)NC1(C(C)(F)F)CCC1	0.042257
rxn:2:127285:115530	COCc1nnc(CNC2CCOc3cccnc32)[nH]1	0.042256
rxn:2:77489:103504	Cc1nccn1CC(C)NC(C)c1ccnc(C(C)C)n1	0.042254
rxn:2:119407:97030	CSc1cc(NC(C)c2ccccc2C2CC2)[nH]n1	0.042253
rxn:2:80368:91703	O=c1[nH]cnc2ccc(NC3CCCC4(CCC4)C3)cc12	0.042248
rxn:2:103154:125131	CCn1nc(C)c(CNC(C)c2cccnc2C(C)C)n1	0.042245
rxn:2:67706:72608	c1ccc(-c2cc(NC3CCN(C4CC4)CC3)ccn2)cc1	0.042245
rxn:2:77690:125296	CC(C)CC1CCC1CNC1c2ccnn2CCC1(C)C	0.042243
rxn:2:132786:87859	CCN(C)c1ncc(CNC(C)c2cc(C)ns2)cc1C	0.042242
rxn:2:86800:82826	c1cc(NC2CCC3COCCC3C2)c(N2CCCC2)cn1	0.042241
rxn:2:73121:123382	COCC(NC(C)c1c(C)nc(C)n1C)c1cccnc1	0.042235
rxn:2:95948:108058	Cc1cc2n(n1)CCCC2NCCc1nc[nH]c1C1CC1	0.042235
rxn:2:140709:95028	Cc1nc2nnnc(NC3CCC34CCCCCC4)c2[nH]1	0.042233
rxn:2:70884:137442	Cc1c(-c2ccccc2)noc1NC1CCC(C)(F)CC1	0.042223
rxn:2:117687:83404	CC(C)n1cc2c(n1)CCC(N[C@@H](C)Cc1cnc[nH]1)C2	0.042221
rxn:2:118370:72770	CCCc1ccncc1NC(C)CCc1ccsc1	0.042217
rxn:2:94909:126437	CC(Cc1nccn1C)NC(C)c1ccnc(C2CC2)c1	0.042215
rxn:2:85356:71631	Cn1ncc2c1C(Nc1ncc(CC3CCCO3)s1)CCS2	0.042214
rxn:2:123471:123629	CC1CCc2oc(NC(C)c3ccc(C(C)C)o3)nc2C1	0.042211
rxn:2:109614:132362	CC(C)Cc1n[nH]cc1CNC1CCCc2cnccc21	0.042210
rxn:2:93795:127878	COc1ccc2c(c1)OCCC2NCCc1c[nH]c(C)n1	0.042200
rxn:2:71762:103354	CC(C)N1CC[C@H](CNC2CC(C)(C)CC3(CC3)C2)C1	0.042197
rxn:2:114484:120878	CC(C)(C)C1CCC(N[C@@H]2CCN(CC3CC3)C2)CC1	0.042197
rxn:2:108281:73512	CCCCc1nnc(NC2C[C@@H](C)CC[C@@H]2C(C)C)o1	0.042192
rxn:2:113873:109635	Cc1ccn(CC(C)NC2CCN(C)C3(CCCCC3)C2)n1	0.042189
rxn:2:74717:93557	COCC1(NC(c2ccc(C)cc2)C(C)C)CC(C)C1	0.042189
rxn:2:89858:96245	COCn1nc(NC(C)c2ccc(C)nc2OC)cc1C	0.042189
rxn:2:141717:108063	CCC(C)(C)C(C)NC1CCC[C@H]2CCCC[C@H]12	0.042187
rxn:2:87704:78982	Cc1cnccc1C1CC1CCNC1CCC(F)(F)CC1	0.042183
rxn:2:72502:76983	CC(CCOC(C)C)NC1c2ccccc2CCC1C	0.042178
rxn:2:83004:73125	CCCC(Nc1cnn(C)c1CC1CC1)c1cscn1	0.042176
rxn:2:67297:82040	CCCCN1CCC[C@H]1CNC1CCOCC1(C)C	0.042175
rxn:2:102913:76491	CC1CC(C)(C)CC1N[C@H](C)c1ccc2c(c1)CCC2	0.042173
rxn:2:101811:101494	CC1CCCN(C(C)(C)CNC2CCOc3ncccc32)C1	0.042165
rxn:2:84959:117900	Cc1c(NC2CCC3CC(C)CCC3C2)nn2c1CCC2	0.042147
rxn:2:135966:79121	CCN1CCC(CCC(C)Nc2csc3nccnc23)C1	0.042135
rxn:2:99223:134920	COc1cncc(C(C)(C)NC2CCC3(CCOCC3)C2)c1	0.042135
rxn:2:120842:81796	CCC[C@@H]1CCCCC1NCC(C)(F)c1ccncc1	0.042132
rxn:2:137651:108850	Cc1ncccc1C(C)NCCc1cnc(C(C)C)nc1	0.042131
rxn:2:75657:85686	CC(N[C@H]1CCCN(C)[C@H]1C)c1csc(-c2cccs2)c1	0.042131
rxn:2:99245:110920	Cc1ccc(CNC(C)c2cc[nH]c2)cc1C(C)(C)C	0.042124
rxn:2:104849:107924	COc1ccc(CCC(C)NCc2oncc2C)cc1	0.042124
rxn:2:106110:112064	COCn1cc(C)c(NC2CCC3(CC2)CC(C)(C)CO3)n1	0.042120
rxn:2:98785:111739	CC(C)Oc1ccccc1[C@@H](C)NC(C)c1ccco1	0.042118
rxn:2:116189:102312	CCC(Nc1cnn(CC2CCOCC2)c1)c1ccoc1	0.042116
rxn:2:79627:117833	CCCC(CC)N[C@@H](C)c1c(C)cc(C)cc1C	0.042116
rxn:2:90625:76620	Cc1ccc(C(C)(C)NC2CCSc3sccc32)c(=O)n1C	0.042111
rxn:2:81227:78241	CCc1nc(C2CC(NCc3cn(C(C)C)cn3)C2)no1	0.042109
rxn:2:115392:92586	CCc1ccc(CNC(c2ncc[nH]2)C2CCCC2)s1	0.042092
rxn:2:95003:87539	Cc1cc(C(C)Nc2ncn(CC(C)C(C)(C)C)n2)cs1	0.042090
rxn:2:139491:118194	CC(C)n1cnc2cc(NC3CCC34CCCCO4)ccc21	0.042085
rxn:2:90266:91021	CCCCC(NCCc1cccs1)c1cnccn1	0.042083
rxn:2:122203:134854	CCC(NC(C)c1ccc(C(C)C)nc1)C1CCSC1	0.042079
rxn:2:109953:101188	Cc1ccc2nn(C)nc2c1NC1CCCC12CCN(C)C2	0.042071
rxn:2:111823:136940	CCCC(NC1CCCC(c2nc(C)no2)C1)C(C)(C)C	0.042060
rxn:2:141661:99215	COc1cnc2c(c1)C(NCC1Cc3nnc(C)n3C1)CC2	0.042056
rxn:2:141392:91908	CC(NC1c2ccccc2CCCC1F)c1cn(C)nn1	0.042055
rxn:2:79879:89926	CC(N[C@H](c1ccoc1)C(C)(C)C)c1cnc2c(c1)CCO2	0.042052
rxn:2:101170:141644	COc1ccc2c(n1)OCC2NC1CCN(C)C2CCCC12	0.042049
rxn:2:133794:128952	CC1CC(NC2C3CCCC2COC3)C(C)(C)N(C)C1	0.042049
rxn:2:112779:103768	Cc1ccc(C(C)CNC2CC(C)c3c(C)cccc32)nn1	0.042042
rxn:2:74295:115578	CC(F)(F)c1n[nH]cc1NC1CC[C@@H](c2ccccc2)C1	0.042041
rxn:2:131628:92337	Cc1cnn(CCC(C)C)c1NC1CCc2[nH]ccc2C1	0.042041
rxn:2:93099:110503	CCC(NC(C)c1ccn[nH]1)C1CCN(C(C)C)CC1	0.042030
rxn:2:136521:130227	CCN1C(CNCC2COCO2)CCCC1C(C)C	0.042024
rxn:2:95460:83104	Cc1cc2cccc(CNC3CCC4CC(F)(F)C43)c2cn1	0.042015
rxn:2:122961:113236	CCCC(CNc1cc(C)n(-c2ccccc2)n1)OC	0.041998
rxn:2:88687:70439	Cc1cc2ncc(NC3CC4OC(C3)C3CC43)nc2cc1C	0.041991
rxn:2:128061:110382	Cc1ccc([C@H](NCC2C[C@@H](C)CCO2)C(C)(C)C)cc1	0.041985
rxn:2:106146:128952	CCC1CCC(CNC2CC(C)CN(C)C2(C)C)CC1	0.041983
rxn:2:76282:70721	CCC1OCCC2CC(NC3(COC)CCC3)CCC21	0.041981
rxn:2:125598:116529	CCN1CC2CCCC(C1)C2NC1CCCc2sc(C)nc21	0.041976
rxn:2:140008:131320	Cc1cc(C)c2c(c1)C(NCC1CCC(C)C1)CCC2	0.041973
rxn:2:92139:79324	CC(C)c1cnccc1C(C)NCc1cnn(C2CC2)c1	0.041963
rxn:2:122493:90476	C[C@@H]1CC(Nc2cc(C3(C)CC3F)nn2C)C[C@H](C)S1(=O)=O	0.041959
rxn:2:126024:76581	CC[C@@H]1CCC[C@H]1NC1CCC(C)(c2ccccc2)C1	0.041959
rxn:2:89713:76874	Cc1ccccc1C(NCC(C)C(C)(F)F)C(C)C	0.041956
rxn:2:102137:126794	COn1cccc(NC(C)c2cccc(C3(F)CC3)c2)c1=O	0.041952
rxn:2:137583:86069	COc1cccc2c1C(NC1CCCC[C@H]1C(C)C)CC2	0.041946
rxn:2:91811:79467	CCOC1CN(CC)CC1NC(C)c1nnn(C)c1C	0.041941
rxn:2:127979:80514	Cc1nc(C(C)Nc2cccn3ncnc23)sc1C	0.041936
rxn:2:132429:92586	C[C@@H](COC(C)(C)C)NC(c1ncc[nH]1)C1CCCC1	0.041922
rxn:2:69897:110686	Cc1ccc2c(c1)C(CCNC1CCC3(CCO3)CC1)CO2	0.041921
rxn:2:115632:81730	Cn1nc(C2CCC2)nc1CCNC1CCCc2ccoc21	0.041919
rxn:2:101600:86627	COc1cc(OC)cc([C@@H](C)NC2c3ccnn3CC2C)c1	0.041918
rxn:2:132840:99091	CC1Cc2c(ccnc2NC2CC(OC(C)(C)C)C2(C)C)O1	0.041918
rxn:2:82998:139226	Cc1coc2c1C(NCCC1CN3CCC1CC3)CC(C)C2	0.041911
rxn:2:74473:76353	Cc1ccc2c(c1)C(NCC1CC3CCCC3O1)CCCO2	0.041906
rxn:2:139727:113009	CC(C)c1nc(CCNC2CCOc3ccccc32)n(C)n1	0.041906
rxn:2:110275:128655	Cc1cc(NC2CC3CC4CCCN3C4C2)nc(C2CC2)c1	0.041905
rxn:2:113053:120964	CCC1(CC)CC(NCC23COCC2CS(=O)(=O)C3)C1	0.041898
rxn:2:127626:135404	Cc1cc2ncc(C(C)NC[C@@H]3CCCN3C(C)C)cn2n1	0.041896
rxn:2:70347:110629	COC1(C)CCC(NCCC2CCN3CCCC23)CC1	0.041895
rxn:2:81623:70216	CN1C2CCCC1C(N[C@H](c1ccccn1)C1CCCC1)C2	0.041894
rxn:2:111192:77963	c1ccc(CCC2(NC3CCc4cn[nH]c43)CCC2)cc1	0.041893
rxn:2:117374:68463	Cc1cccc(C(CC(C)C)N[C@@H]2CC[C@H](C)C2)c1	0.041891
rxn:2:101028:121110	CC(NC1CCC(C(C)(C)C)C1)c1nnc2n1CCCCC2	0.041887
rxn:2:93509:104810	COC1CCCC(NC2CCN(CC3CC3)CC2C)C1	0.041886
rxn:2:95107:66610	CC1(C)CS(=O)(=O)CCC1N[C@H]1CC[C@@H]2CCCN2C1	0.041886
rxn:2:90610:127877	Cn1cc2c(n1)CCCCC2Nc1c(C2CC2)nnn1C	0.041885
rxn:2:72903:129950	Cc1nc(CNC(C)CCCN2CCSCC2)oc1C	0.041881
rxn:2:139499:105864	CCCN1CCCC1CNc1cn(-c2ccncc2)nn1	0.041870
rxn:2:99368:113531	COCc1c(CNC2C[C@H]3C[C@@H]2C[C@H]3OC)nnn1C	0.041870
rxn:2:130965:118665	CO[C@@H]1C[C@H]2CC(NCc3nn(C)c4c3COCC4)C[C@H]2C1	0.041870
rxn:2:94152:101831	O=c1c(NC2CCC3CCCCC32)cccn1C1CC1(F)F	0.041867
rxn:2:73703:133222	CCOCc1cccc(NC(C)c2ccnn2CC)c1	0.041862
rxn:2:136911:66064	CCCn1nccc1CNC1CC(C)(c2ccccc2)C1	0.041859
rxn:2:92989:126286	COc1nc(C)c(NC(C)c2ccnc(OC(C)C)c2)s1	0.041858
rxn:2:90909:136469	CCc1csc(NCC2CCCCN2C(C)C2CC2)c1	0.041851
rxn:2:86648:83806	CC1Cc2cccnc2C1NCc1nccn1C(C)C1CC1	0.041843
rxn:2:109058:87315	CC(C)OC1CCCCC1Nc1ccc2c(c1)N(C)CCO2	0.041824
rxn:2:107582:84163	CCOc1nc(C)c(NC2CC(C)(C)OC(C)(C)C2)c(C)n1	0.041820
rxn:2:129848:126397	C1CC(N2CCCC2CNCC2COC3(CCC3)C2)C1	0.041813
rxn:2:138844:102473	Cc1scnc1C(C)N[C@H](CC1CC1)c1ccccc1	0.041811
rxn:2:82340:87553	COc1cccnc1[C@@H](C)NC1COC(c2ccccc2)C1	0.041809
rxn:2:120545:132675	CCn1ncc(C(Nc2ncn(C(C)(C)C)n2)C(C)C)c1C	0.041807
rxn:2:133667:132205	COc1cnc(NC2CC(c3nncn3C)C2)nc1OC	0.041802
rxn:2:122550:77693	CCn1nc(C)c(C(C)NCc2nc(C(C)(F)F)no2)n1	0.041801
rxn:2:116830:77786	COc1c(CNC2CC3CC2CC3OC)oc2ccccc12	0.041799
rxn:2:71725:138589	Cc1ccc(C)c(C(NCC2OCCC2(C)C)C2CC2)c1	0.041798
rxn:2:75955:111258	CSCc1nnnn1CCNC1CCN2CCC[C@H]2C1	0.041797
rxn:2:135055:109784	Cc1c(NC2CCS(=O)(=O)C[C@H]2C)cnn1CCN(C)C	0.041794
rxn:2:138855:123933	COC1(CNC(C)c2cccc3c2cnn3C)CCCC1C	0.041790
rxn:2:66002:118550	CC(C)C1OCCCC1CNC1CCN(C)c2ccccc21	0.041788
rxn:2:78522:71115	CCCN(C)CC(C)NC1CCC(N(C)C)CC1	0.041783
rxn:2:122389:77406	CC(C)C[C@@H]1COCC[C@@H]1NC(C)c1cc2cccnn2c1	0.041782
rxn:2:135111:114699	CC(NCc1ccns1)c1cn(C)c2cccnc12	0.041782
rxn:2:78015:78279	c1ccc2c(c1)CC[C@H](CNC1COCC1n1cnnc1)O2	0.041781
rxn:2:80613:81802	O=c1cn[nH]cc1CNC1CCc2ccccc2CC1	0.041774
rxn:2:108035:71323	CC(NCC1CN(C(C)C)CCO1)c1ccc2nscc2c1	0.041771
rxn:2:91531:108960	CC(C)CN1CCC(N[C@H]2CC[C@@H](N(C)C)CC2)CC1	0.041770
rxn:2:75792:139454	Cc1c(CCNC2CCCCCC2C(C)C)cnn1C	0.041765
rxn:2:106444:68556	CCC(N[C@H](C)c1ccccc1S(C)(=O)=O)C1CCOC1	0.041764
rxn:2:113878:108873	Cc1nc2c(NC3CCC4C(C3)C4(F)F)c(C)ccc2[nH]1	0.041756
rxn:2:140683:86002	COc1cnc2c(c1)CCCC2NCC1CCN(C)CCO1	0.041754
rxn:2:126469:133263	CCC1(CC)CC(Nc2nc3cc(C)ccc3o2)CCN1C	0.041754
rxn:2:69252:73111	Cc1cccc2c1OC(F)(F)C2N[C@@H]1C[C@H]1c1ccccc1	0.041753
rxn:2:111558:131841	CC1CC(c2nc(CNC3CC4(CCN(C)CC4)C3)cs2)C1	0.041751
rxn:2:130005:105779	COC1(CNC(C)c2ccc3nc(C)cn3c2)CC(C)(C)C1	0.041744
rxn:2:76271:67804	COc1ncc2c(n1)CC(NC1CCN3CCCC3C1)CC2	0.041732
rxn:2:134433:102282	CC(C)c1cc(NC(c2ncco2)C2CCCC2)ccn1	0.041719
rxn:2:68325:115226	CC1COC2CCCC(CNC(c3ncc[nH]3)C3CC3)C12	0.041716
rxn:2:94330:100921	Cc1ccccc1N1CCC(N[C@@H]2CC[C@H]3[C@@H](C2)C3(F)F)C1	0.041716
rxn:2:86938:120005	CCOc1c(C)cccc1C(C)Nc1cn(C)c(=O)cc1C	0.041711
rxn:2:80647:141212	COc1ncnc(C(C)C)c1NC1CCC(F)(F)C2CCC12	0.041700
rxn:2:72296:117884	CCN1CCCCC1CNc1cnn(-c2ccccc2C)c1	0.041697
rxn:2:90260:121531	CSC(C)c1nnc(NC(C)CCN2CCOCC2)s1	0.041694
rxn:2:97142:75795	CN1C2CCC1C(Nc1nc(-c3ncnn3C)n[nH]1)C2	0.041691
rxn:2:94643:77978	Cc1ccc(C)c2c1OC[C@H]2NC1CN(C)c2ccccc21	0.041680
rxn:2:67528:83653	CC1C(F)(F)C12CCC(Nc1snnc1C(C)(C)C)CC2	0.041678
rxn:2:79717:131925	c1coc(CN2CCC(NC3CC3c3ccncn3)CC2)c1	0.041668
rxn:2:92823:124303	CCC(CC)C1CC1CNC[C@@H]1C[C@@H](C)CCO1	0.041666
rxn:2:98810:100063	COCc1ccnc(C(C)N[C@H](C)COC(C)(C)C)c1	0.041665
rxn:2:111447:92401	COC1CCCC(NCC(F)COc2ccccc2)C1	0.041664
rxn:2:142067:75009	COc1cn(C)nc1CNC1CCCC1CCC(C)C	0.041662
rxn:2:89895:111021	CCCC(CCc1ccco1)NCc1cncnc1	0.041660
rxn:2:74935:111040	CCCCc1ncccc1NC(C)c1cncn1CC	0.041651
rxn:2:86920:121833	CCCCn1cc(NC2CCCN(C3CC3)C2)ccc1=O	0.041650
rxn:2:141780:84607	COc1cc(NCC2CCCN2C(C)C)cc2ncccc12	0.041648
rxn:2:80728:92337	FC1(F)CN(c2ccc(NC3CCc4[nH]ccc4C3)cn2)C1	0.041647
rxn:2:119041:101566	COCC1CCCC(Nc2c(OC)cnn2C2CCC2)C1	0.041644
rxn:2:131963:138688	C1CC2C3CC(NC4CCN5CCC4CC5)C(C3)C2C1	0.041638
rxn:2:71178:95494	COCc1nc(C(C)NCC23COCC(C2)C3)ccc1C	0.041638
rxn:2:87363:111089	CN(C)CC1CCCC(NCc2cc3ccccc3cn2)C1	0.041637
rxn:2:129525:101820	FC1(F)CCOC(CNc2cncnc2OCC2CC2)C1	0.041635
rxn:2:134744:78436	CCCOc1cc(CNC2CCC(C)(C)N(C)C2)ccn1	0.041635
rxn:2:141043:134877	CCOCC1CCCC1Nc1cc(CC2CC2)n(C)n1	0.041625
rxn:2:82342:119885	CSc1nn(C)cc1NC1CC(C)(C)Oc2ccccc21	0.041623
rxn:2:113287:125135	CCn1nc(C)c(C(C)NCC2C3CCCOC32)c1OC	0.041623
rxn:2:122716:68129	F[C@H](CNCc1cccnc1C1CCC1)C1CCOCC1	0.041620
rxn:2:92725:82157	CCOC(CNCc1cc(C)c(C)[nH]c1=O)C1CC1	0.041609
rxn:2:92047:133111	Cc1cnc(C2(NC3c4ccccc4OC3(C)C)CCC2)s1	0.041601
rxn:2:120371:102410	CCOc1cc(NC(C)c2cccnc2CC)c(C)cn1	0.041598
rxn:2:125705:75336	CCOc1ccnc(C(C)NCCC2CCSCC2)c1	0.041594
rxn:2:135965:114589	CC(CC12CC(C1)C2)Nc1cc(C2CC3(COC3)C2)[nH]n1	0.041590
rxn:2:135407:112415	CC(C)c1ccc(C(C)NCCC2CC3CCC2O3)nn1	0.041586
rxn:2:72777:96851	CCCOc1cc(OC)ccc1NC1CCC[C@H](C)C1	0.041579
rxn:2:108317:127378	COC1CC(NCC(C)c2nc(C3CC3)nn2C)C1(C)C	0.041576
rxn:2:133910:70359	CC(C)(C)OC1CC(NCc2cc(-c3cccs3)ncn2)C1	0.041562
rxn:2:124345:107157	Cn1cccc1C1CCCC(NC(C)(C)C2CCOCC2)C1	0.041558
rxn:2:86734:67327	c1ccc2c(c1)OCCC2CNC1(CC2CCCC2)CC1	0.041558
rxn:2:72693:110775	CC(CCC1CCOCC1)NCc1nonc1C1CC1	0.041555
rxn:2:70417:110072	CCC1CCC(C)CC1NCC(F)(F)C12CC(C1)C2	0.041521
rxn:2:124992:126405	CCC(COc1nonc1C)NC1CC(C)(C)CC1(C)C	0.041518
rxn:2:98997:124187	CCCC(NC1CCCOC12CCC2)c1c(C)n[nH]c1C	0.041516
rxn:2:111522:71540	CC(C)(C)[C@H]1CCCC(Nc2cc3ccccc3nn2)C1	0.041508
rxn:2:135347:140659	Cc1cnn2c(NC3CCC4(CC3)CS(=O)(=O)C4)ccnc12	0.041500
rxn:2:121563:116593	COc1nsc(OC)c1C(C)Nc1cncc2c1CCCO2	0.041494
rxn:2:99308:91461	CC(C)Cn1cc([C@@H]2C[C@H]2NC2CCN(C3CC3)C2)cn1	0.041483
rxn:2:84141:127110	CCC(N[C@@]12C[C@@H]3C[C@@H](C[C@@H](C3)O1)C2)C1CCCCC1	0.041480
rxn:2:74162:133012	CCCCN(C)c1ccncc1NC[C@@H]1CCCCO1	0.041477
rxn:2:76330:73649	O=c1c(NC(CC2CCCO2)C2CC2)cnc2ncccn12	0.041472
rxn:2:69670:128881	CCC(C)Oc1cc(C)c(NC2C[C@@H]3[C@H](C2)C3(C)C)cn1	0.041471
rxn:2:74488:89795	CS(=O)(=O)CCc1nnc(NCC2COCCO2)s1	0.041464
rxn:2:128810:100781	CCC1(CC)C(Nc2ncc(C3CCOC3)s2)CC1OC	0.041463
rxn:2:93569:78224	Cc1oc(C)c(C(C)NCC2CC(OC(C)(C)C)C2)c1C	0.041461
rxn:2:137067:68282	COc1cc(C)ccc1C(C)Nc1nnc(N2CCCC2)s1	0.041459
rxn:2:82048:69558	CCCCN1CCC(NCc2nnc(C3CC3)o2)CC1	0.041457
rxn:2:92207:97831	Cc1cnc(C(C)NC2CCN(Cc3cccs3)C2)c(C)c1	0.041453
rxn:2:118827:107360	COc1cc(C)c(NC2c3ccoc3SC2(C)C)cc1C	0.041446
rxn:2:67003:138796	CSc1cnc(C(C)N[C@H](C)Cn2ncnn2)nc1	0.041444
rxn:2:83630:102287	Cc1sc2ccccc2c1C(C)NCC[C@H]1COCCN1C	0.041443
rxn:2:79548:142184	CC1CCN(CC2(CNC3C[C@@H]4CC[C@H]3C4)CC2)CC1	0.041441
rxn:2:111937:112755	COCCC(NCC1CC2CC1CO2)c1cccnc1	0.041435
rxn:2:107756:68595	CCCc1nc([C@@H](C)NC2COCc3cn(C)nc32)n[nH]1	0.041430
rxn:2:70084:118550	CN1CCC(Nc2csc3c2CCCC3)c2ccccc21	0.041429
rxn:2:96143:66570	CN(C)CC1(NC2CCCC(C3CCOC3)C2)COC1	0.041423
rxn:2:79438:75974	CCCC1CN(C)CCC1NCc1ccncc1C(C)C	0.041408
rxn:2:126743:141908	CC(NC[C@@H]1Cc2ccccc2CO1)c1cnc(C2CC2)s1	0.041407
rxn:2:125916:94749	Cc1nc2c([nH]1)C(NCC1CC(S(C)(=N)=O)C1)CC2	0.041402
rxn:2:105170:83610	CS(=O)(=O)CC(NC1CCc2cccnc21)c1cccnc1	0.041401
rxn:2:141363:87061	CCc1nn(C)c(NC2c3ccccc3OC2SC)c1CC	0.041396
rxn:2:68959:101819	CCC(C)OCCC(C)Nc1c[nH]c(C2CC2)n1	0.041393
rxn:2:80856:120019	COc1c[nH]c2c(NC3CCCN(C4COC4)C3)cccc12	0.041390
rxn:2:99846:97480	CCC(Nc1c(C)sc2c1CCC2)c1cc(C)cs1	0.041388
rxn:2:77625:104936	COc1ccc(C(C)NC2c3[nH]ncc3CCC2C)c(C)n1	0.041387
rxn:2:79956:89795	C1CCN(CC2CC2)C(CNCC2COCCO2)C1	0.041374
rxn:2:81473:112634	CS(=O)(=O)CCc1ccc(NC2CN=Cc3ccsc32)cn1	0.041367
rxn:2:136288:88899	Cc1ccnn1-c1cccc(NC2CC3CCCC(C2)S3)c1	0.041366
rxn:2:97450:82350	CC1CN(CCNC(C)c2cnc(C(C)C)nc2)CCO1	0.041359
rxn:2:140286:138116	CCSc1ccc(C(C)NC2CCC3CC3C2)cc1	0.041358
rxn:2:89229:103161	CC(C)CC(NCc1cnn2c1CCCC2)c1cccs1	0.041343
rxn:2:75116:112478	CCSc1nc(=O)n(C)c(=O)n1NC1CC[C@H](CC)C1	0.041333
rxn:2:78715:141702	CCC(NCC(C)(CC)c1cnccn1)C1CC(C)C1	0.041328
rxn:2:116106:92854	Cc1cc2c(NC3CCC[C@@H]4CCCC[C@@H]34)ncnc2s1	0.041327
rxn:2:124915:111089	CCC(C)n1cc(C)c(NC2CCCC(CN(C)C)C2)n1	0.041319
rxn:2:121306:88955	Cc1ccc(C(C)NCC2(OC(C)C)CC(C)(C)C2)[nH]1	0.041311
rxn:2:133561:73350	Cc1ccc(NC2CCCC(S(C)(=O)=O)C2)c2[nH]cc(C)c12	0.041311
rxn:2:103749:123207	CC1CCC2(CC1)CC(NC[C@@H]1COC[C@@H]3C[C@H]13)CCO2	0.041311
rxn:2:133704:71365	CCC1CC(Nc2nc3c(s2)CCCCC3)c2ccnn21	0.041305
rxn:2:112136:130738	CSC(C)(C)CC(C)NC1CCN(c2nc(C)ns2)CC1	0.041301
rxn:2:141720:120373	CCS(=O)(=O)n1cc(NCC2CCc3ccccc3S2)cn1	0.041292
rxn:2:96914:94592	CCn1c(C)cc(CNC2C[C@H]3CC[C@]2(C)C3(C)C)c1C	0.041287
rxn:2:129302:113807	CCc1c[nH]c(=O)cc1NC1CCC(c2cccnc2)CC1	0.041281
rxn:2:136488:90180	CCc1noc2c1C(NCCN1C[C@H]3CCC[C@H]3C1)CCC2	0.041266
rxn:2:95793:81859	CCn1cc(CC(C)NC2CCN3CCCC3(C)C2)c(C)n1	0.041265
rxn:2:120108:116579	C[C@@H]1CCCC(NCC2CC2CN2CCCCCC2)C1	0.041265
rxn:2:70528:130124	CCCC[C@@H](NC(C)c1nnc(C)o1)c1sccc1C	0.041259
rxn:2:135035:125199	CC1(C)CC(NC2CCC(S(C)(=O)=O)CC2)CC(C)(C)C1	0.041252
rxn:2:86607:74638	COc1ccc(C(C)NCC2CCC3CN(C)CC3C2)nc1	0.041244
rxn:2:115388:68945	COC1(CNC(C)c2cnoc2C2CC2)CCCCC1C	0.041242
rxn:2:127175:125636	CCC1CCCCCC1NCc1c[nH]c2ncccc12	0.041241
rxn:2:101442:109889	CC(C)c1cc(CNC(C)c2ccc3c(c2)CCCO3)on1	0.041237
rxn:2:87990:84615	CCc1cc(NC(CC(C)CC)c2ncco2)cs1	0.041233
rxn:2:109018:129792	Cc1[nH]nc(C2CCC2)c1CNC(C)CCC(C)C	0.041212
rxn:2:84892:101611	FC1(F)C(CNC2CC(c3ncon3)C2)C1c1ncccn1	0.041206
rxn:2:97080:110680	CCOC1CC(Nc2ncnc3[nH]nc(SC)c23)C1C	0.041194
rxn:2:133021:79808	COc1ccnc2[nH]nc(NC3CCC34CCC(C)CC4)c12	0.041190
rxn:2:65987:106858	C[C@@H](NC1CCOC(C(C)(C)C)C1)c1nc2ccccc2[nH]1	0.041188
rxn:2:73785:73688	CN1CCOCC(CNC2CCc3[nH]c4cccnc4c32)C1	0.041186
rxn:2:81589:131126	CC1(C)OC2(CCCCC2)C1NC1CCOC(C2CC2)C1	0.041177
rxn:2:92138:139317	c1cncc([C@H](NC2CCN(C3COC3)C2)C2CCCC2)c1	0.041177
rxn:2:139163:75801	Cc1[nH]ncc1CNC1CCCc2[nH]c(=O)ccc21	0.041165
rxn:2:103928:79827	CCC1(C)COCCC1Nc1cc(C2CC3CCC2C3)on1	0.041160
rxn:2:137340:139923	c1cnc(-c2cnc(NC3CCC4(CCCC4)CC3)s2)cn1	0.041136
rxn:2:92184:125321	CC(Nc1nnc(C(C)(F)F)o1)c1ccnc(C(C)(C)F)c1	0.041132
rxn:2:90787:141631	Cc1ccc(C)c(C(C)NC(C)CN2CCCN(C)CC2)n1	0.041129
rxn:2:98125:130885	CCC(C)N(C)c1ncccc1NC1CC2CC(C1)N(C)C2	0.041127
rxn:2:80872:114840	COc1cc2c(cc1OC)C(NC(C)c1n[nH]c(=O)o1)C2	0.041119
rxn:2:123589:67459	CC(NC1CC2CC(C1)CN(C)C2)c1ccc2nn(C)cc2c1	0.041119
rxn:2:107936:116153	CCC(Nc1cc(C)n(C2CCCCC2)n1)c1ccnnc1	0.041118
rxn:2:110389:80986	Cc1[nH]ncc1-c1cc(NC2CC3COCC32)[nH]n1	0.041116
rxn:2:123689:128027	CCc1nn(C)c2[nH]nc(NC3CCCC(C(C)(C)C)C3)c12	0.041113
rxn:2:114392:110934	CC1CC(CNC(c2ccccc2)C2CCOC2)C(C)N1C	0.041110
rxn:2:65847:66610	COc1cnc2c(NC3CCS(=O)(=O)CC3(C)C)c[nH]c2c1	0.041109
rxn:2:96637:95208	Cc1c[nH]c2c(C(C)NCC34COCC(F)(C3)C4)cccc12	0.041109
rxn:2:87856:108831	C[C@@H]1C[C@H]1c1nnc(NC2CCc3nc[nH]c3C2)[nH]1	0.041105
rxn:2:89417:71623	CC(NC1CC2CCCC(C1)C2F)c1cnn(C2CCC2)c1	0.041104
rxn:2:121477:131923	CC1(C)CC(NCc2cc3ccccc3[nH]c2=O)CC1(C)C	0.041100
rxn:2:134495:75225	CCC(N[C@H](C)c1cccc(OC)c1)c1cc(C)ccn1	0.041090
rxn:2:90112:139317	Cc1ccc(C2(CNC3CCN(C4COC4)C3)CCC2)cc1	0.041090
rxn:2:84734:111258	COC[C@H](NC1CCN2CCC[C@H]2C1)c1cc(C)cc(C)c1	0.041078
rxn:2:135117:119134	Cc1cccc(N2CCC(NC3C(C)(C)CSC3(C)C)C2)c1	0.041077
rxn:2:108600:128472	c1ncc(-c2cn[nH]c2)cc1NC1CC2CC3(CC3)CC2C1	0.041076
rxn:2:84132:72219	CCCC1CCC(NC2CC3CC2C(C)C3(C)C)C1	0.041075
rxn:2:121241:91634	CC1C(NC2(CC(C)(C)C)CC2)C[C@]2(C(C)C)C[C@H]12	0.041075
rxn:2:71574:69906	Cc1cc(C)c2c(c1)C(Nc1nccn1C(C)(C)C)C(C)O2	0.041067
rxn:2:87725:83311	CSc1cc(NC2CC(C)Cc3c(C)cccc32)n(C)n1	0.041062
rxn:2:139921:130954	Cc1ccc(C(F)(F)CNC2CCC3(CC2)CSC3)c(C)n1	0.041054
rxn:2:85561:87201	Cc1ccc(C2(NC3CCCCCC3)CCCC2)cn1	0.041053
rxn:2:137566:89760	CSc1nnc(C)c(=O)n1NC1CCCc2[nH]cnc21	0.041047
rxn:2:69622:116180	COCc1nc2n(n1)CC(NC1CCc3oncc3C1)CC2	0.041045
rxn:2:75010:68384	CC(CC1CC(F)(F)C1)NC(C)c1cccc2cnn(C)c12	0.041043
rxn:2:129727:84607	CC(C)N1CCCC1CNCc1cc(-c2cccs2)[nH]n1	0.041032
rxn:2:84698:129015	CCn1ccnc1NC(C)c1ccc2nccn2c1	0.041022
rxn:2:135832:80532	CCC(C)CC1(C)CCC(Nc2cncn2C2CC2)C1	0.041016
rxn:2:118403:93330	CN1CC[C@H](NC2c3ccccc3CC3CCC32)C(F)(F)C1	0.041009
rxn:2:87214:113097	CC1(C)OC2(CCCC2)C1NCc1cccc(-n2cccn2)n1	0.041000
rxn:2:100592:135288	c1cncc(C2CC(NC[C@@H]3c4ncccc4OC34CC4)C2)c1	0.040999
rxn:2:109706:84488	CCC(Nc1nc2ccccc2n1C1CC1)C1CCCCO1	0.040996
rxn:2:109383:131660	COC(CNc1cc(C)ccc1N1CCCC1)C1CCC1	0.040996
rxn:2:127785:131260	Cc1c(C(C)NCc2ccco2)cnc2ccnn12	0.040990
rxn:2:124409:99260	Cc1ccc2c(c1)C(NCCN(C1CC1)C1CC1)[C@H](C)C2	0.040979
rxn:2:82193:132685	CC1CCC(C)(NC(C)CCS(=O)(=O)C2CC2)C(C)C1	0.040977
rxn:2:103342:81749	Cc1ccc(C)c(C(C)N[C@H](C)c2ccccc2)c1C	0.040974
rxn:2:97590:71589	C1CC(NC2CC3(CCCOC3)C2)C(N2CCOCC2)C1	0.040966
rxn:2:72049:137786	Cc1cc(C)c(C(C)Nc2cncc(OC3CCOC3)c2)s1	0.040959
rxn:2:83128:118971	CCC1(CNC2CC(n3nn[nH]c3=O)C2)CCOCC1	0.040955
rxn:2:137534:65853	CCCCC(NCCc1nnco1)c1noc(C)n1	0.040953
rxn:2:74654:101707	c1cc(C2(NC3CCSC4(CCC4)C3)CC2)c2cc[nH]c2n1	0.040950
rxn:2:135543:79542	CN1CCC([C@@H]2C[C@H]2NC2CCC23CCCN(C)C3)CC1	0.040938
rxn:2:96962:114840	COc1cc2c(cc1OC)C(NC1CCc3ncc(C)n3C1)C2	0.040937
rxn:2:97783:115673	CS(=O)(=O)CC(NC1CCCCC12CCCC2)c1ccco1	0.040931
rxn:2:103874:110920	CC(Nc1nccc2ccncc12)c1cc[nH]c1	0.040927
rxn:2:78693:77978	CCc1cnn(C2CN(C)C2)c1NC1CN(C)c2ccccc21	0.040923
rxn:2:83128:123709	CCC1(CNC2CCc3ccc(N(C)C)cc32)CCOCC1	0.040918
rxn:2:83341:107053	CC(CNC(C)c1cc(=O)[nH]c(=O)[nH]1)c1ccsc1	0.040911
rxn:2:134389:94739	CC1(c2ccnc(NC3CCN(c4cccnc4)CC3)n2)CC1	0.040899
rxn:2:90369:134514	CC1(C)CC(F)(F)CCC1NCc1ncccc1-n1cncn1	0.040890
rxn:2:69572:121696	CC1CCC(Nc2ccc(N3CCC3)nc2)C(n2cncn2)C1	0.040889
rxn:2:121371:117900	CC1CCC2CC(Nc3nnc(-c4c[nH]cn4)s3)CCC2C1	0.040883
rxn:2:102926:125820	c1nc(NC2CC3(CCCCCC3)C2)cc(OC2CCC2)n1	0.040874
rxn:2:108660:85300	c1ccc2c(c1)CC1(C2)CC(N[C@H]2C[C@H](Cn3ccnc3)C2)C1	0.040864
rxn:2:130627:85671	Cc1cn(Cc2cnoc2)nc1NC1CCN(C)C12CCCC2	0.040858
rxn:2:67491:124285	Cc1ccccc1CCC(C)Nc1nc(C(C)C)cn1C	0.040855
rxn:2:105247:112088	CC(NC1COCC1N1CCCCC1)c1cccc2cncn12	0.040854
rxn:2:110039:99091	Cc1c[nH]c(CNC2CC(OC(C)(C)C)C2(C)C)c(C)c1=O	0.040848
rxn:2:119126:140522	CCCC1CCC(NC2CC2c2ccc(C)c(C)c2)C1	0.040848
rxn:2:73612:90938	C[C@H](NC1CC(COc2cccnn2)C1)c1nncn1C	0.040847
rxn:2:103090:96624	CC(C)Cc1coc(NC2CCCCc3ncccc32)n1	0.040830
rxn:2:125086:68873	CCC(NCC1C(c2cncnc2)C1(F)F)c1c[nH]cn1	0.040824
rxn:2:102415:92797	Cc1cccc(C(NC2CC2c2ccco2)C(C)C)c1C	0.040815
rxn:2:121365:112230	CCC(C)C(C)n1cc(NC(C)c2cccc(=O)[nH]2)nn1	0.040812
rxn:2:88461:114745	CCC(C(C)C)C(C)NC(C)c1cccc2nnccc12	0.040812
rxn:2:110851:121031	CCC(F)(F)c1cc(NC2CCOCC23CCCC3)ccn1	0.040808
rxn:2:67019:122717	CCCC(NC1(c2ccccn2)CCCCC1)C(C)C	0.040804
rxn:2:75882:67968	CCc1cc(C(C)NC2(c3c[nH]cn3)CC2)c(OC)cn1	0.040800
rxn:2:129752:81802	CCc1noc(NC2CCc3ccccc3CC2)c1CC	0.040796
rxn:2:77530:125296	Cc1cnccc1C(F)(F)CNC1c2ccnn2CCC1(C)C	0.040793
rxn:2:67305:138170	CC1CC(NCC(C)(C)CC2CC2)c2ccccc2S1	0.040790
rxn:2:107290:95531	Cn1cc(C2(NC3CC(C)(C)Sc4ccccc43)COC2)cn1	0.040788
rxn:2:73946:107821	CCCn1ncc(CNC(C)CCOC)c1CC	0.040785
rxn:2:132958:75600	CCC1CCCC(CNc2nccc(C(C)(C)C)n2)N1CC	0.040778
rxn:2:104039:136798	Cc1cc(N(C)C)cc(C)c1NC1CS(=O)(=O)c2ccccc21	0.040778
rxn:2:113617:92306	Cn1ncc(-c2cccnc2)c1NC1C[C@@H]2CC(F)(F)C[C@@H]2C1	0.040772
rxn:2:79927:108380	COc1ccsc1C(C)N[C@@H]1CN(C)C[C@H]1c1ccc(C)s1	0.040761
rxn:2:106217:112099	CC1CSCCN1c1nc(NC2CCC(C)(C)C(C)C2)ns1	0.040758
rxn:2:91841:75785	c1cc(CNC2CC[C@@H]3CCC[C@H]23)cc(-c2cc[nH]c2)c1	0.040755
rxn:2:90471:130745	CCCC(COC(C)(C)C)Nc1cc(C)nn1C(C)C	0.040752
rxn:2:93475:133044	COc1cnc(C(C)Nc2cc3c(s2)CCCC3)c(OC)c1	0.040750
rxn:2:141338:117113	COC1(CNC2CCCCC2CN(C)C)CCCSC1	0.040740
rxn:2:132241:66287	Cc1cc(NC(C)CC2CCCCO2)nn1C(C)C(C)C	0.040731
rxn:2:85066:82928	Cc1cncc(NC(C)c2cnn3ccncc23)n1	0.040731
rxn:2:79178:78904	CC(CNC1CC(C)C(F)(F)C(C)C1)c1cc2cncnn2c1	0.040727
rxn:2:72655:78054	CCCC1CCC(Nc2nnc(C3CCC3)s2)C(OC)C1	0.040723
rxn:2:76203:121934	Cc1cc(C)c2c(c1)CCC(Nc1cn[nH]c1C(C)(F)F)C2	0.040716
rxn:2:110961:121421	CCn1nc(NC(C)c2c[nH][nH]c2=O)cc1C(C)C	0.040714
rxn:2:91188:134514	COC(c1cccs1)C(C)NC1CCC(F)(F)CC1(C)C	0.040706
rxn:2:91409:99091	CC(C)c1cc(=O)c(NC2CC(OC(C)(C)C)C2(C)C)n[nH]1	0.040704
rxn:2:118532:100324	CC(C)c1cnnc(NC(C)c2ccc(C(C)(F)F)nc2)c1	0.040703
rxn:2:142769:66090	Cc1nc2c(NC3CCC34CC(F)(F)C4)cccc2c(=O)[nH]1	0.040700
rxn:2:141141:119592	Cc1cc(CNC2CC3(C2)CS(=N)(=O)C3)c(C)n1C1CCC1	0.040678
rxn:2:137369:105732	CCOCc1nc(C)c(C(C)NC2C[C@H]3CCC[C@H]3C2)s1	0.040677
rxn:2:82635:96477	Cc1ccc(NC(C)c2cccc3ncoc23)nc1	0.040673
rxn:2:137273:139149	Cc1cc2c(cc1C)C(NCc1nnc(N3CCCC3)o1)CO2	0.040667
rxn:2:112903:98356	COC(CNC1COc2nccnc2OC1)C1CCCCC1	0.040666
rxn:2:106268:103228	CCC1SC(C)CC(NCc2c3c(nn2CC)CCC3)C1C	0.040665
rxn:2:83948:119035	COCc1nc2ncc(NC3CCCC3S(C)(=O)=O)cc2o1	0.040658
rxn:2:90857:100179	CCC(NCC1OCCc2c(C)sc(C)c21)C1CCCOC1	0.040658
rxn:2:69420:122092	Cc1[nH]cc2c1CC(C)(C)CC2NC1CCc2cncn2C1	0.040657
rxn:2:78164:125744	CCOc1nn(C)c(C)c1NC1CCOc2cc(C)c(C)cc21	0.040643
rxn:2:137306:96106	Cc1c(C(C)NCc2nc3c(c(=O)[nH]2)COCC3)ccn1C	0.040629
rxn:2:90033:74320	CCC(Nc1ccc(CN2CCC2)cc1)c1nc(C)c[nH]1	0.040627
rxn:2:114708:117113	CN(C)CC1CCCCC1NC12CC(c3ccccc3)(C1)C2	0.040626
rxn:2:129253:128459	Cc1ccc(CNC(C)c2cnn(CCC(C)C)c2)[nH]1	0.040619
rxn:2:124925:93350	CC1CCCCN1c1nnc(NC2CCC3(CCC3)CC2)s1	0.040616
rxn:2:134433:71110	COc1cc(C)c2c(c1)C(Nc1ccnc(C(C)C)c1)CC2	0.040613
rxn:2:68045:120130	C[C@H]1Cc2ccccc2C1NCC1CC2(CCCCCC2)O1	0.040609
rxn:2:106063:79590	c1cc2c(o1)CCCC2NC1CCCCCN2CCCCC12	0.040607
rxn:2:111677:65992	Cc1nc(CCC(C)NC(C)(C)CCC(C)F)cs1	0.040595
rxn:2:100678:69805	CS(=O)(=O)CC[C@H]1CC[C@H](NC2CCCc3scnc32)CC1	0.040595
rxn:2:84357:65819	CCC1(CC)CCC(NC2CCN(c3ncco3)CC2)CC1	0.040594
rxn:2:114326:139923	c1cn(C2CCCC(NC3CCC4(CCCC4)CC3)C2)cn1	0.040592
rxn:2:135532:124882	Cc1ccc2c(n1)OCC2NCc1cc(C2CCCCC2)no1	0.040580
rxn:2:91884:86042	CCc1ccc(CCC(C)NC(C)(C)c2nccnn2)s1	0.040576
rxn:2:81637:93299	c1ccc2c(CNC3C[C@H]4C[C@@H]5C[C@H](C4)C[C@H]3C5)cnnc2c1	0.040576
rxn:2:86651:80951	COC1(CNC2CCCC(OC3CC3)C2)CCCOC1	0.040575
rxn:2:96098:95914	CC1Cc2ccccc2C1NCc1cccc(N2CCCC2)n1	0.040573
rxn:2:73385:91634	CC(NC1C[C@]2(C(C)C)C[C@@H]2C1C)c1ccc2c(c1)CCO2	0.040570
rxn:2:115045:117427	Cc1cc(=O)c(CNC(C)c2ccn(C3CCC3)n2)c(C)[nH]1	0.040556
rxn:2:66939:104399	COc1ccc(C(C)NC2CN(C(C)C)C(C)(C)C2)c(C)c1	0.040555
rxn:2:105200:135320	COCC1CCCC1NCC(C)(C)CC1CCCO1	0.040553
rxn:2:72274:105673	COC1C(NCc2c(C3CC3)nn3cc[nH]c23)CC12CCC2	0.040553
rxn:2:109675:83441	CCc1c(NC2CCN(c3cccnn3)CC2)ccc(=O)n1C	0.040550
rxn:2:124845:83322	C1CSC2(CCC(NC[C@H]3C[C@H]4COC[C@@H](C3)C4)CC2)S1	0.040549
rxn:2:100379:129792	Cc1ccc(NC(C)CCC(C)C)c(OC(C)(C)C)n1	0.040548
rxn:2:77725:122913	CC(C)CC1(CNC(C)c2ccccn2)CCCCC1	0.040547
rxn:2:135650:79084	CC1CC2C(CC1NCc1cc3[nH]ncc3s1)[C@H]1CC[C@@H]2C1	0.040547
rxn:2:84730:121605	CCc1cnc(NC2CCCSc3ccccc32)c(CC)n1	0.040546
rxn:2:112679:90156	CCC(Nc1nnc2c(n1)CCN(C)C2)C(C)CN(C)C	0.040542
rxn:2:85811:93031	CCC1(CNC2C[C@@H]3c4ccccc4OC[C@H]23)CC(C)(C)C1	0.040536
rxn:2:80662:67327	c1ccc2c(c1)OCCC2CNC[C@H]1[C@@H]2CCCCCC[C@@H]21	0.040532
rxn:2:118721:96844	Cc1cccc(-n2ncc(NC3CCCS(=O)(=O)C3(C)C)n2)c1	0.040527
rxn:2:132341:113722	FC1(F)CCC2(CC1)CC(NCC1CCc3sccc31)C2	0.040525
rxn:2:92779:68437	CCn1cc(C(C)NCC(C)Oc2cccnc2)c(C)n1	0.040518
rxn:2:66792:85950	C1CC(C23CC(CNC4CC[C@H]5CC[C@H]5C4)(C2)C3)CCO1	0.040514
rxn:2:108516:73137	Cc1cc(CCNC(c2cc(C)nn2C)C2CCC2)n(C)n1	0.040513
rxn:2:81801:116917	CCOC1(CNC(C)CC2CCCO2)CCOCC1	0.040512
rxn:2:87882:131500	CCn1cc([C@@H](C)NC(COC)c2ccc(C)cc2)nn1	0.040511
rxn:2:102733:84016	c1cn2c(n1)C(CNc1nccc3cncn13)CC2	0.040506
rxn:2:102727:72146	Cc1ccccc1C(C)NCCc1nc2c(c(=O)[nH]1)CCC2	0.040503
rxn:2:67294:67518	c1csc(-c2cnoc2NC2CCOC3(CCCCC3)C2)c1	0.040502
rxn:2:121511:83653	CC1C(F)(F)C12CCC(NC1CC3(COCCO3)C1)CC2	0.040501
rxn:2:94250:116162	CCCn1ncc(C(C)Nc2cn3c(n2)CCCC3)c1OC	0.040500
rxn:2:105926:117883	CSC(CNCC1(c2cnc[nH]2)CC1)C1CCCCC1	0.040492
rxn:2:101407:68132	CCC(C)C(CNC1CCCN(C(C)(C)C)CC1)OC	0.040491
rxn:2:87652:98811	CC(C)CC1CCCC1NCc1cn(-c2ccncc2)nn1	0.040487
rxn:2:111984:114313	CC1CS(=O)(=O)CCC1Nc1cnn(CCC2CCCO2)c1	0.040487
rxn:2:105668:138649	Cc1ccc(C)c(C(NCC(C)C(C)C)C(C)C)c1	0.040479
rxn:2:101222:102410	CCc1ncccc1C(C)NCC(C)Cn1ccnc1C	0.040478
rxn:2:70959:125387	COc1c(C(C)NCC2(c3ccc(C)cn3)CC2)cnn1C	0.040473
rxn:2:107800:88608	Cc1cc(C)c(NC(C)c2cccc(C(C)(F)F)n2)c(C)n1	0.040473
rxn:2:132524:89477	CC[C@@H]1CCCC(NCCc2c(C)oc3ccccc23)C1	0.040469
rxn:2:123721:126659	Cc1ccc2sc(C(C)N[C@H]3C[C@@H]4[C@H](C3)C4(F)F)cc2c1	0.040467
rxn:2:103233:81260	CCC(CC1CCCN(CC)C1)NC1CCOC2CC12	0.040467
rxn:2:111879:114288	CCC(NCc1ccc(C2CCCC2)nc1)c1ncnn1C	0.040463
rxn:2:77868:91522	COC[C@@H](NC(C)c1ccc2c(n1)CCC2)c1ccccn1	0.040461
rxn:2:85334:121034	Cc1oc(C2CCC2)nc1CCNC(C)c1cnc(C)n1C	0.040460
rxn:2:86887:142136	Cc1ccc2c(c1)CC(NCc1csc3c1CCSC3)CC2	0.040457
rxn:2:69428:112589	Cc1cc(C)cc(CCNC2CCc3cc4c(cc32)OCO4)c1	0.040446
rxn:2:132500:132808	c1c[nH]c(-c2nnc(CCNC3CCC4CCCC3C4)o2)c1	0.040446
rxn:2:131285:136798	CC(NC1CS(=O)(=O)c2ccccc21)c1ccc(C2CC2)cc1	0.040445
rxn:2:128664:78831	CCCC(COC)NCC1CCOC2(CCOC2)C1	0.040440
rxn:2:113240:98176	COC(C)C(CNC1CCOC(C)(C2CC2)C1)OC	0.040439
rxn:2:88861:77671	CC[C@@H]1CCCC1NC(CC)(CC)c1ccccc1	0.040432
rxn:2:73698:127272	Cc1cccc2c1OCCCC2NCc1cnn(C2CCC2)c1	0.040431
rxn:2:129607:108831	Cc1cc(C(CNC2CCc3nc[nH]c3C2)C(C)C)ncn1	0.040429
rxn:2:126070:74159	c1cc(-c2ccsc2CNC2CCC3C4OCCC4C23)ccn1	0.040426
rxn:2:71164:111274	CCOCC1CCC(NCC2CCCN2CC)CC1	0.040425
rxn:2:70374:70861	COc1cccc([C@H]2C[C@H](NC3CCCc4c(C)noc43)C2)c1	0.040423
rxn:2:75518:128369	c1cc(N2CCC(NC3CCC4(CCCCO4)CC3)C2)ccn1	0.040423
rxn:2:114366:101566	COCC1CCCC(Nc2cnn(Cc3cnn(C)c3)c2)C1	0.040422
rxn:2:78849:70186	CCN1CCC[C@H]1CCNC(C)c1cncc2ccncc12	0.040419
rxn:2:79997:98323	CCC(C)c1ccc(NC2CCCC3(CC3)C2)cc1	0.040415
rxn:2:80757:80445	CCC(Nc1cccc(C2COC2)n1)c1ccc(C)cc1C	0.040410
rxn:2:88318:88604	CCn1ncc2c1CCC(Nc1cc(=O)[nH]c(=O)n1C)C2	0.040408
rxn:2:105874:83843	CC1CC(C)C(F)C(NC(C)c2ccc(C(C)(C)C)o2)C1	0.040406
rxn:2:138455:82312	CC(CCN(C)C)NCC1CC(C2CCCC2)CO1	0.040403
rxn:2:89224:72584	CC(C)C1CCC(N[C@H]2CC[C@@H]3CCN(C)C[C@@H]32)c2ccnn21	0.040399
rxn:2:126510:123598	CCC(CC1CCCO1)Nc1cccc(-n2ccc(C)n2)n1	0.040397
rxn:2:104169:141437	COCCC(Nc1cc2n(n1)CCN(C)C2)c1ccc(C)s1	0.040389
rxn:2:106065:119602	Cc1nnc(C2CCC(N[C@H](C)C34C5C6C7C5C3C7C64)CC2)o1	0.040380
rxn:2:126631:87143	CC(CCc1cnsc1)NC1CCCN(c2nccn2C)C1	0.040376
rxn:2:92912:118650	COCC(NC1CN(C)CC1c1cccs1)c1ccccn1	0.040374
rxn:2:67014:90707	CCO[C@@H]1COCC[C@@H]1NC1CCN(C(C)C(C)C)C1	0.040372
rxn:2:133639:128155	Cc1nc(NC2CCC3CCC(C2)N3C)cc(C2CCCO2)n1	0.040372
rxn:2:84181:75781	CCc1nc(C)c(C(C)Nc2cnn(C(C)C(C)C)c2)s1	0.040370
rxn:2:125760:125014	Cc1nn(C)c(C(C)Nc2ccncc2OCC2CC2)c1C	0.040370
rxn:2:125243:100095	Cc1n[nH]c2c1C(NC1(c3ncnn3C)CCOC1)CCC2	0.040370
rxn:2:106449:136712	Cc1cc(C)c(C(C)NCc2ccnc(N3CCCC3)c2)[nH]1	0.040363
rxn:2:122771:93159	CCCCC(NCc1cncn1CC)C(C)CC	0.040362
rxn:2:125228:120694	COCC1CCC(Nc2nnc(-c3cccc(C)n3)[nH]2)CC1	0.040357
rxn:2:109259:125636	CCC1CCCCCC1Nc1ncn(CC2CCOC2)n1	0.040351
rxn:2:135284:153919	CC[C@@H](COC(C)(C)C)NC(C)c1cnc2sccn2c1=O	0.040350
rxn:2:116575:118795	CC(C)CCn1cnc(NC(C)c2cnn3c2OCCC3)n1	0.040343
rxn:2:110567:78499	CCOc1nccc(NC(C)c2ccccc2COC)n1	0.040343
rxn:2:96353:73350	Cn1ccc(-c2cccnc2NC2CCCC(S(C)(=O)=O)C2)n1	0.040339
rxn:2:69743:89269	CCc1ncncc1NC(CSC)c1ccccc1OC	0.040339
rxn:2:69041:137344	CCc1n[nH]cc1CC(C)NC1C[C@@H]2C[C@H](OC)C[C@@H]2C1	0.040335
rxn:2:120706:73411	CC(C)(C)C1CC(N[C@@H]2C[C@H]3C[C@@H](C2)CS(=O)(=O)C3)CO1	0.040313
rxn:2:123076:66379	CCc1cc(OC)nc(C(C)Nc2c(C)c(C)n[nH]c2=O)c1	0.040312
rxn:2:79410:139085	Cn1cccc1[C@@H](NC1CCCCc2[nH]ncc21)C1CC1	0.040311
rxn:2:117235:91425	CC(C)c1ccnc(NC2CCCC2Cc2ccccn2)c1	0.040308
rxn:2:83811:116059	CS(=N)(=O)CC1(NC(c2ccco2)C2CC2)CC(F)(F)C1	0.040308
rxn:2:74049:98254	CSCC(NC1CC2CCC(C1)N2C(C)C)c1cccs1	0.040296
rxn:2:70537:99409	COc1ccccc1C1(NC2COC3CCCOC3C2)CC1C	0.040296
rxn:2:101235:120533	c1[nH]nc(C2CCC2)c1CNC1CCCCCCCCC1	0.040288
rxn:2:73397:67202	CCC(NC(C)c1cc(C2CC2)nn1CC)c1cnco1	0.040281
rxn:2:126564:99141	CCC(CN(C)C(C)C)Nc1cnc(-c2cccs2)cn1	0.040280
rxn:2:91328:77328	CCOC(C)C(CC)N[C@H]1C[C@@H](OCC)C1(C)C	0.040273
rxn:2:79078:98512	COC(C)(CNC1CC(C)(C)S(=O)(=O)CC1C)C1CCC1	0.040271
rxn:2:80338:95689	COc1ccc2ncc(NC(C)CCC3CCCO3)nc2c1	0.040269
rxn:2:107443:76708	COCc1nc(C)cc(NC(C)c2cccc(C)c2OC)n1	0.040257
rxn:2:85976:104272	CC(C)CCC(NC1CCc2cnn(C)c2C1)c1ccoc1	0.040254
rxn:2:112150:94410	CC(NC1CCC2(CCO2)CC1)c1cnc(-c2ccsc2)s1	0.040245
rxn:2:79248:87510	Cc1nc2cccc(C(C)Nc3cc(=O)n(C)s3)c2s1	0.040244
rxn:2:75631:73828	CC1CC(NCC(F)(F)CN2CCCOCC2)C(C)(C)C1	0.040242
rxn:2:68796:114942	c1ccc2oc(CCNC3CCN(CC4CC4)CC3)cc2c1	0.040242
rxn:2:95567:88823	c1ccc2c(c1)C1CC(C1)C2NC1CCCc2cc[nH]c21	0.040239
rxn:2:99917:135192	Cc1ccc2c(c1)C(N[C@@H]1C[C@@H]3CCCC[C@@H]31)C(F)CC2	0.040232
rxn:2:121303:67459	CN1CC2CC(CC(NCC(C)(C)C3CCCCC3)C2)C1	0.040230
rxn:2:134814:136198	CCC(CN1CCSC(C)(C)C1)NC1CCCc2scnc21	0.040223
rxn:2:112363:104907	CC(C)c1[nH]cnc1CNC1CCCC(C2CCCC2)C1	0.040222
rxn:2:100038:113938	Cc1sc2nnc(C(C)N[C@H]3CCN(C4CCOC4)C3)n2c1C	0.040221
rxn:2:80317:120775	CCC(NC1(c2cc[nH]n2)CC1)C(C)c1ccc(C)cc1	0.040209
rxn:2:110738:91506	Cc1ocnc1C(C)NCc1ccccc1OCC1CC1	0.040197
rxn:2:130156:126996	CSCCN1CCC(NC(C)c2ccc3ncnn3c2)CC1	0.040196
rxn:2:85599:89383	CC(C)C1(NC2CC3CCC2C32CC2)CCC(F)CC1	0.040195
rxn:2:80570:114357	Cn1nccc1C(Nc1nc(N2CCCCC2)n[nH]1)C1CC1	0.040195
rxn:2:124023:88130	FC1(F)C(CCNC2CSc3cnccc32)C1c1ccc[nH]1	0.040187
rxn:2:104218:115226	O=S1(=O)CCc2ccc(CNC(c3ncc[nH]3)C3CC3)cc21	0.040185
rxn:2:110851:82704	CCC(F)(F)c1cc(NC(C)c2cnc(OC)nc2)ccn1	0.040180
rxn:2:78911:114780	CN1CCC(n2ccc(NC(c3nccs3)C(C)(C)C)n2)CC1	0.040179
rxn:2:93442:136560	CCS(=O)(=O)C1(CNC(C)c2ccc3ccnnc3c2)CC1	0.040178
rxn:2:118322:128724	CC(NCC1(N2CCCC2)CCC1)c1nc2cncnc2[nH]1	0.040177
rxn:2:126913:139529	CC(C)c1ccncc1C(C)NC(C)(C)Cc1ccncn1	0.040174
rxn:2:109339:106347	CC1(C)CCC2(CC1)CC(CNC1CC3OCCCC13)C2	0.040168
rxn:2:90692:133872	C[C@@H]1CCCCC1NC1CCC(C2CCCC2)CC1	0.040163
rxn:2:79770:98285	COc1ncc2c(n1)C(NCCc1nc(C)[nH]c1C)CCC2	0.040162
rxn:2:91401:120644	CCC(NC[C@@H]1CCC1(F)F)C1CCCCCC1	0.040159
rxn:2:137227:135770	CCC(Nc1c(OC)cccc1S(C)(=O)=O)c1nccn1C	0.040157
rxn:2:104334:87175	COC1CCN(CCNC2CCCC23CCC(C)CC3)C1	0.040155
rxn:2:98391:103741	CCC(C)CC(NC1Cc2ccccc2C1)c1ccco1	0.040155
rxn:2:127330:87753	c1snnc1Cn1ccc(NC2CCN(CC3CCC3)C2)n1	0.040154
rxn:2:69076:68823	COC1CC2CC(NCC3CCN3C3CCCC3)CC2C1	0.040148
rxn:2:116380:115515	c1cncc(-c2sccc2NC2CC3CCCCC3C2)c1	0.040146
rxn:2:94944:121031	CC(C)(C)Oc1ccc(NC2CCOCC23CCCC3)cc1	0.040143
rxn:2:74481:83857	Cc1cc(C)cc(C2(CNC(C)CC3(C)CC3)CC2)c1	0.040140
rxn:2:89382:76305	CC1CCn2ncc(CCNC3CC(c4ccccn4)C3)c2C1	0.040136
rxn:2:102388:73239	Cc1ccccc1[C@@H](NC1CCc2ncccc21)C(C)(C)C	0.040134
rxn:2:88006:113125	COCCn1cc(CNC2CCCc3c2c(C)cn3C)nn1	0.040134
rxn:2:132756:111716	CC(C)Oc1ccc(CNC(C)c2nc3c(s2)CCC3)nc1	0.040134
rxn:2:89708:138090	CCC(NC(CC)c1ncccn1)c1ccc(OC)cc1	0.040130
rxn:2:107662:128360	CC1(C)CCCC1NC1CCCCc2ccccc21	0.040112
rxn:2:111212:108380	CCC(CC)(NC(C)c1sccc1OC)c1ncccn1	0.040103
rxn:2:127334:79462	CSc1cccc(C(C)NC2CCCCC2S(C)(=O)=O)c1	0.040091
rxn:2:68982:76414	CCC(CCCc1ccccc1)NCc1nnc(C)o1	0.040085
rxn:2:110804:110690	CC(C)c1c(NC2CC3C4CCC(C4)C23)cnn1C1CCC1	0.040079
rxn:2:79452:135540	CC(C)c1ccnc(C2(NC3CCC[C@H]4CN(C)C[C@@H]34)CC2)c1	0.040075
rxn:2:137750:89151	c1ccc(C2CC2CNC2CCc3cc4c(cc32)OCC4)cc1	0.040068
rxn:2:117590:115515	c1ccc([C@@H]2CC[C@H]2CNC2CC3CCCCC3C2)cc1	0.040067
rxn:2:110211:91380	COc1c(C)cc([C@H](C)NC2CC(C)(C(C)C)C2)cc1C	0.040066
rxn:2:98816:122551	CC(CCCn1ccnc1)NC1CC[C@@H]1c1ccccc1	0.040064
rxn:2:128639:128655	COc1cc(C)c(CNC2CC3CC4CCCN3C4C2)c(C)c1	0.040063
rxn:2:83787:138254	Cc1cccc(C(C)NCC(C)CN(C)c2nccs2)c1	0.040059
rxn:2:110099:107760	CCN1CCC(NC2CCOC(CC)(CC)C2)C(C)C1C	0.040046
rxn:2:89469:126409	CCCC(CCS(C)(=O)=O)NCc1nc(CC)cs1	0.040045
rxn:2:95654:101712	c1cnn(CCn2ccc(NC3CCCC34CCOCC4)n2)c1	0.040045
rxn:2:127824:83077	CCC(Cn1cncn1)Nc1ncnc2scnc12	0.040044
rxn:2:77842:131337	CC(Nc1ccn(CC2CCCO2)n1)c1cccc2c1CCO2	0.040039
rxn:2:130694:125251	Cc1cncc(C2CC2CNC(C)c2ccn(C(C)(C)C)n2)n1	0.040035
rxn:2:114369:69417	COc1nscc1C(C)N[C@H](C)c1cccc(C(C)C)c1	0.040028
rxn:2:122392:98108	COCC1(C)CC(NC2CCCC(C(C)C)CC2)C1	0.040018
rxn:2:117023:132416	CC(NC1CCCCC1C1CCCO1)C1CC2CCC1C2	0.040016
rxn:2:97307:113210	CCc1nc(NC(C)c2ccc3[nH]cnc3c2)cs1	0.040006
rxn:2:107962:94404	CCC(CC)C(NC(C)c1cnc(C)s1)c1cnn(C)c1	0.040004
rxn:2:106143:117678	CCC1CC(NCC2CCN(CCOC)CC2)CO1	0.040002
rxn:2:68096:74146	CCCC(C)(NC1CCCC(OCC)C1)c1ncnn1C	0.039996
rxn:2:126330:68086	CCn1cc(C(F)(F)CNC2c3cnn(C)c3CC2C)c(C)n1	0.039992
rxn:2:87275:135846	CC12CCC(CNC3c4ccccc4-n4cncc43)(CC1)CC2	0.039982
rxn:2:78520:101191	CCc1ccccc1NC1CCC(C)(CC(C)C)C1	0.039982
rxn:2:120959:73907	CCCC(NC1(c2ccccn2)CCOC1)c1ccccc1	0.039975
rxn:2:131070:70434	CS(=O)(=O)CCC1CC(Nc2ncnn2-c2ccccc2)C1	0.039970
rxn:2:96469:73137	COC(C)(CNC(c1cc(C)nn1C)C1CCC1)C1CC1	0.039962
rxn:2:96590:94012	COc1ncncc1C(C)Nc1ccc2c(c1)N(C1CC1)CC2	0.039954
rxn:2:137087:119350	CC1(C)CCCCCC1NCCn1cnc2sccc2c1=O	0.039937
rxn:2:85534:138688	CCn1nc2c(c1CNC1CC3CC1C1CCCC31)CCCC2	0.039931
rxn:2:108227:109852	Cc1cc(C)c(NC(C)c2ccc(C3CCC3)cc2)cn1	0.039929
rxn:2:133773:103762	CCOc1ccc(C(C)NC(C)c2cnc(C)cc2C)nc1	0.039926
rxn:2:124485:134551	Cc1cnc(C(C)Nc2cc(C3CCC3C)n[nH]2)c(C)c1C	0.039926
rxn:2:89948:87770	CN1CCN(CC2(CNC3CCC3C3CC3)CC2)CC1	0.039922
rxn:2:135619:73239	c1cnc2c(c1)C(Nc1cccc3ncnn13)CC2	0.039918
rxn:2:96436:127118	Cc1nc(C)c(C)c(CNC2CCCC2Cc2coc(C)n2)n1	0.039909
rxn:2:94608:132273	Cc1csc(C(Nc2csc(N3CCCC3)n2)C(C)(C)C)n1	0.039902
rxn:2:91233:110775	CC(CCC1CCOCC1)Nc1cccn([C@@H]2C[C@H]2F)c1=O	0.039898
rxn:2:106658:96208	CC(n1[nH]c(=O)cc1NC(CC1CC1)C1CC1)C(C)(C)C	0.039897
rxn:2:119678:106662	CCC(C)CC(C)NCC(c1ccsc1)n1cccn1	0.039894
rxn:2:102230:81272	COCC(NC(C)c1c(C)nn2c1CCC2)c1cnn[nH]1	0.039893
rxn:2:124290:114942	Cc1ccc(NC2CCN(CC3CC3)CC2)cc1-n1cnnn1	0.039891
rxn:2:96819:130591	CCC(C)n1cc(CNC2CCc3ccc4c(c32)CCO4)cn1	0.039884
rxn:2:105708:102599	CCOc1ccc(OC)cc1NC1C[C@@H]2CC[C@@]1(CC)C2	0.039883
rxn:2:78208:99294	Cc1ccn2c(NCC3CCc4scnc43)nnc2n1	0.039882
rxn:2:133916:109094	CC1(C)OCCC12CCC(Nc1c[nH]c3ncccc13)CC2	0.039880
rxn:2:107139:120004	CCOc1ccc(NC(CC)c2cc(C)cc(C)c2)nc1	0.039873
rxn:2:88170:90810	CCC(NC1CC(c2cccc(OC)c2)C1)C1COCCO1	0.039866
rxn:2:122755:137546	CCC(CC)CN1CCCC(NC2CCc3cnoc3C2)C1	0.039862
rxn:2:116355:66310	CCC(NC1CCc2cc(N(C)C)ccc21)c1cn(C)nc1C	0.039859
rxn:2:105626:110522	Cn1ncc2c1C(NC1c3ccccc3O[C@H]3CC[C@@H]13)CCS2	0.039859
rxn:2:128270:112478	CC[C@H]1CCC(NC2CCCC2CCC(C)C)C1	0.039858
rxn:2:101628:70399	c1cnc2c(NC(c3cscn3)C3CC3)ncnc2c1	0.039849
rxn:2:67900:136071	CCN1c2ccccc2CC1CNc1cn(C)nc1C(C)(F)F	0.039848
rxn:2:69464:69366	CC(CN1CCN(C)CC1)NC1CC2c3ccccc3OCC12	0.039848
rxn:2:106181:79518	CCOc1ccc2c(c1)C(Nc1cnc(N(C)C)cc1C)CO2	0.039846
rxn:2:133183:88937	CCC(C)c1nnc(C)n1CCNC1CCCC1N(C)C	0.039845
rxn:2:128461:138465	FC1(F)C2CCCCC21NC1CCC12CC1(CCC1)C2	0.039845
rxn:2:72024:79782	CC1CCCC(NCC(C)(C)n2cncn2)c2ccccc21	0.039841
rxn:2:136903:73522	CCCCC(NCC(F)c1ccccc1)C(C)C	0.039829
rxn:2:126573:84029	CC(C)OCn1ccc(NC2C[C@H](C)N(C(C)C)C[C@H]2C)n1	0.039829
rxn:2:110290:104771	CC1(C)CC(NC2CCC3SCCSC23)CC2CCCN21	0.039828
rxn:2:98562:93175	CC(C)Oc1cnccc1CNC1CCN(C2CC2)CC1F	0.039827
rxn:2:116999:116764	Cc1ccn2c(NC3CCN4C(CCC4(C)C)C3)c(C)nc2c1	0.039827
rxn:2:112358:70359	CC(C)(C)OC1CC(NCc2cn[nH]c2C2CC(F)(F)C2)C1	0.039826
rxn:2:82835:116269	Cc1cccc(C(CNc2nocc2C2CCC2)N(C)C)c1	0.039826
rxn:2:72143:68356	CC1CCCCC12CCC(Nc1ncnc3nncnc13)CC2	0.039823
rxn:2:110236:140734	Cc1cc(NC(C)c2nn(C)cc2C)cc(OCC2CC2)c1	0.039819
rxn:2:86352:95116	COc1c(NC2CCCCC23CCCCO3)cnn1C(C)(C)C	0.039819
rxn:2:131902:87770	Cc1cc(C(C)(C)C)cc(C)c1NC1CCC1C1CC1	0.039814
rxn:2:117732:103010	CCc1cc(CNC2CCCC2Sc2nc(C)cs2)n(C)n1	0.039813
rxn:2:74677:92397	CCOc1[nH]ncc1C(C)N[C@@H]1CCOC[C@H]1OCC	0.039809
rxn:2:128911:116546	COc1cc(C(C)N[C@H]2CCC[C@]2(C)CN(C)C)cc(C)n1	0.039808
rxn:2:122350:118795	Cc1ccc(C(NC(C)c2cnn3c2OCCC3)C2CC2C)o1	0.039802
rxn:2:140779:137119	CCN(CC)CCC(C)NC1CC(C)(C)C12CCC2	0.039802
rxn:2:107345:108043	Cc1cn(C)cc1C(C)Nc1nnc(CCC2CCCC2)o1	0.039798
rxn:2:87643:104936	COc1ccc2c(c1)CCC(NC1c3[nH]ncc3CCC1C)C2	0.039785
rxn:2:109229:119754	CCC1C(F)(F)C12CCC(NC[C@@H]1CCN(CC)C1)CC2	0.039785
rxn:2:136216:78310	CC(NCc1noc(C2CCCC2)n1)c1cccc2c1OCC2	0.039783
rxn:2:120045:129772	CCCc1cnn(CC2CC2)c1NC1CCN(C)C12CCC2	0.039780
rxn:2:139918:93872	CN1CCCC(C)(C)C1CNC1c2ccccc2-c2c[nH]nc21	0.039777
rxn:2:129833:124086	CCCCN(C)C1CCCC1N[C@H](C)c1n[nH]c(=O)o1	0.039773
rxn:2:111362:130047	CCC(CNC(c1cccnc1)C1CCSC1)C(C)(C)C	0.039766
rxn:2:119097:116613	COCC(NCCN1CCC2COCC2C1)c1cccs1	0.039763
rxn:2:131353:84607	CC(C)N1CCCC1CNC[C@@H]1CCCN1c1cccnc1	0.039762
rxn:2:88623:79542	Cc1ccc(-c2cc(NC3CCC34CCCN(C)C4)n[nH]2)nc1	0.039760
rxn:2:83182:114201	COc1cccc(C2CCC2NC2CCN(C(C)(C)C)CC2)c1	0.039755
rxn:2:105348:81396	CC1C(NCc2ccc3[nH]cnc3n2)CC(C(C)(C)C)CN1C	0.039752
rxn:2:106387:129874	Cc1cc(N2CC[C@H](NC3CC4(C3)CN(C3CC3)C4)C2)ncn1	0.039748
rxn:2:130280:68556	CCC(NCc1ccoc1COC(C)C)C1CCOC1	0.039745
rxn:2:133988:80403	CC(C)c1sccc1NC1CC2CCCC(C1)N2C(C)C	0.039736
rxn:2:82608:126911	CC(C)(C)CC(Nc1ccc(-c2cc[nH]n2)cc1)C1CC1	0.039735
rxn:2:91267:94663	COC1CCCCC12CC(N[C@@H]1C[C@H]1C1CCCCC1)C2	0.039731
rxn:2:108184:126508	CCC(CCC(C)(C)C)NC1CCC2(CC1)COCCO2	0.039731
rxn:2:126285:135229	CCOC1CCC(NCc2c(C)cnn2C2CN(C)C2)CC1	0.039727
rxn:2:131827:67327	c1ccc2c(c1)OCCC2CNCC1CCCN1CC1CC1	0.039719
rxn:2:74372:134631	CCCC1(NC(C)CC(C)CC(C)(C)C)CC1	0.039718
rxn:2:80080:97484	Cc1cccnc1C(N[C@H](C)CN1CCN(C)CC1)C(C)C	0.039717
rxn:2:99642:96234	Cc1cc(CNC2CCCOC23CCOC3)nn1C1CCSC1	0.039716
rxn:2:132799:68437	CCn1cc(C(C)Nc2nc(C3CC3)n3c2CCCC3)c(C)n1	0.039705
rxn:2:97766:107760	CCN1CCC(Nc2nnc(N3CCCC(C)C3)s2)C(C)C1C	0.039698
rxn:2:72595:118457	c1cc2c(c(NC3CCCC(Cc4nccs4)C3)c1)CCC2	0.039685
rxn:2:119262:73878	Cc1sc(CNC(C)c2nc(C3CC3)cs2)nc1C(C)C	0.039681
rxn:2:112462:81730	CC(F)(F)c1ccc(CCNC2CCCc3ccoc32)cc1	0.039681
rxn:2:92470:141454	CC(NC(CC1CC1)CC1CC1)c1cccc2nccn12	0.039681
rxn:2:111250:84713	CC1CCC(CCNC(CCN(C)C)C(C)C)C1	0.039677
rxn:2:69728:83653	CCCc1n[nH]c([C@H](C)NC2CCC3(CC2)C(C)C3(F)F)n1	0.039675
rxn:2:81427:126704	COC1(c2ccccc2)CC1NC1CCC(C(C)C)CC1C	0.039667
rxn:2:80627:108565	Cc1cscc1C1CC1CNC(C)c1cc2c(nn1)OCCO2	0.039667
rxn:2:85524:137026	Cc1ccc(C2CC2CNC2CCC(C)(C)CC2(C)C)nc1	0.039655
rxn:2:98746:104142	CCC(C)N1CCCC(NC2CCCC(C)(F)C2)C1(C)C	0.039654
rxn:2:140903:120019	Cc1oc(-c2ccco2)nc1CNC1CCCN(C2COC2)C1	0.039648
rxn:2:112750:106534	Cc1cnn(C(C)C2(C)CC2)c1NC1CCC2CCCC1N2C	0.039646
rxn:2:114767:91789	CCCC(NC(C)C(C)(OC)C1CC1)c1cncnc1	0.039643
rxn:2:139838:126319	CCCc1cc(NC(c2ccccn2)C2CCC2)nc(C)n1	0.039642
rxn:2:70804:132633	CC1CCCC12CCC(Nc1cnn(-c3ccncc3)c1)CC2	0.039642
rxn:2:78194:101723	CCN(c1ncc(CNC2CC[C@@H]3CC[C@H]2N3C)s1)C(C)C	0.039633
rxn:2:83537:121107	COCCC1CSCCC1Nc1ncc(-c2cccs2)n1C	0.039630
rxn:2:109464:133406	CSc1ccc2c(c1)CCCC2NCC1CCn2ccnc21	0.039624
rxn:2:103734:92401	COCCC(NC1CCCC(OC)C1)c1ccc(C)cc1	0.039622
rxn:2:87187:104936	CC1CCc2cn[nH]c2C1Nc1ccc(N(C)C2COC2)cc1	0.039615
rxn:2:105318:119102	c1cc2ccoc2c(CNC2CCOc3cocc32)n1	0.039614
rxn:2:71208:87689	C1CCc2c(nc3n2CCC3NC2CCN3CCCC[C@H]3C2)C1	0.039612
rxn:2:72277:78402	CCOc1ccncc1C(C)NC12CCCC(OC)(CC1)C2	0.039611
rxn:2:74796:138442	CCc1csc(C(NC2c3occc3CCC2C)C2CC2)n1	0.039606
rxn:2:134239:97325	Cn1ccc(C(C)(C)CNC2CCCN(c3ncccn3)C2)n1	0.039605
rxn:2:116019:68272	COc1cc2ncsc2cc1NC(C)c1cnoc1C	0.039590
rxn:2:83999:95409	CCC(C)c1ccc(C(C)NC2CCc3[nH]ncc3C2)cc1	0.039584
rxn:2:138322:70204	CCCC1CSCCC1N[C@@H](c1ccc(C)s1)C1CC1	0.039583
rxn:2:111421:114723	Cc1cccc(C(NCCc2cnccc2C)C(C)(C)C)c1	0.039576
rxn:2:69792:119672	Cc1cccc([C@H](NC2CCN(c3cnco3)C2)C(C)C)c1C	0.039562
rxn:2:117007:78193	Cc1nc(NC2CC3CC[C@]2(C)C3(C)C)oc1-c1ccc[nH]1	0.039554
rxn:2:85613:139590	CSC(C)C(NC1(C23CC(F)(C2)C3)CC1)c1ccccc1	0.039553
rxn:2:88595:84018	CCOC1(C)CCC(NC(CC)Cc2ccccn2)CC1	0.039552
rxn:2:68816:89747	CC(C)(C)CC(NCCC1CCC1(F)F)c1ccccn1	0.039551
rxn:2:102838:116940	Cc1oc(CC(C)(C)C)nc1CNC1CCCCC12CCC2	0.039549
rxn:2:101859:106635	Cc1cn(S(C)(=O)=O)nc1NC(c1cccnc1)C1CCCC1	0.039547
rxn:2:70762:77038	COc1cccc2c1CC[C@H]2NC(c1ccc[nH]1)C1CCC1	0.039534
rxn:2:137323:109037	C[C@H](NCC1CCCN1C1CCCC1)c1cnc2occc2c1	0.039528
rxn:2:130821:103790	CCOCC(CC1CCOC1)NC(C)c1nccn1C	0.039523
rxn:2:83428:88480	O=c1[nH]nc(NC2CC3CC2CC3(F)F)c(=O)[nH]1	0.039523
rxn:2:121602:130665	COc1sc2c(c1CNC1CC(OC(C)C)C1(C)C)COC2	0.039510
rxn:2:123058:66830	CCc1nc2c([nH]1)C(N[C@H]1COc3c(C)cc(C)cc31)CCC2	0.039508
rxn:2:103812:119697	COc1ccc(C)cc1C(C)Nc1nc(C2CCCC2)ns1	0.039503
rxn:2:72501:113202	Cc1cnc(NC(C)c2ccncc2)c2[nH]ccc12	0.039495
rxn:2:135225:82447	CCn1cc(C(C)Nc2nccc3oc(C)cc23)nn1	0.039488
rxn:2:81754:135229	CCOC1CCC(NCc2cc(OC)nc(OC)n2)CC1	0.039474
rxn:2:124252:68119	CCc1nc(N(C)C)sc1C(C)NC1(C)CC2CCC(C1)S2	0.039471
rxn:2:96597:138168	CCCC(CC)N1CCC(NCCn2cnnc2)CC1	0.039471
rxn:2:131902:95509	Cc1cc(C(C)(C)C)cc(C)c1NC1CCc2ncsc21	0.039458
rxn:2:81495:131405	CC(N[C@@H]1CCC[C@H]1Oc1nccs1)c1ccc2c(n1)OCO2	0.039454
rxn:2:136337:137344	CO[C@H]1C[C@H]2CC(NCCc3c4c(nn3C)CCCC4)C[C@H]2C1	0.039445
rxn:2:66111:96657	COCC1CCCCC1NCC(C)CCc1ccco1	0.039430
rxn:2:70996:99124	CCC[C@H](NC1CCC2(CCCCN2C)CC1)c1ccoc1	0.039429
rxn:2:80769:70459	CCN(CC)CC1CCCCC1Nc1coc(C2CC2)n1	0.039422
rxn:2:95962:114659	CCCC1(NC(C)c2ncc(C)o2)CC(C)CC(C)(C)C1	0.039421
rxn:2:107531:139085	c1n[nH]c2c1C(NCc1nn[nH]n1)CCCC2	0.039419
rxn:2:119610:102087	CCc1cc(C)nnc1NC(CC)c1cccc(C)c1OC	0.039404
rxn:2:108023:92710	FC12CCCC(CC(NCC3CCC4(CCOCC4)O3)C1)C2	0.039395
rxn:2:117157:96234	COc1ccc(C2CC2)cc1CNC1CCCOC12CCOC2	0.039395
rxn:2:79442:87736	CN(C)CC1(NC2CCC(c3ccncc3)CC2)CCOCC1	0.039392
rxn:2:130698:75225	CCC(NCC(C)(C)CC1(C)COC1)c1cc(C)ccn1	0.039387
rxn:2:114255:138089	Cc1cccc2c1OCC[C@@H]2NC1CC(C)Cc2cccnc21	0.039376
rxn:2:122167:125460	CC(C)N1CCCC(Nc2cnn(CC3CCCOC3)c2)CC1	0.039371
rxn:2:66206:70645	COc1ccc2c(c1)C(NCC1(C(C)N(C)C)COC1)CO2	0.039370
rxn:2:107994:92020	Cc1cnc(C(C)NC2c3ccccc3OCC2(C)C)cc1C	0.039369
rxn:2:114060:81272	Cc1nn2c(c1C(C)NCC1CCN1C1CCCCC1)CCC2	0.039366
rxn:2:75396:118297	CN1CCCc2c(NC3CC(COc4nccs4)C3)cccc21	0.039363
rxn:2:140976:120877	Cc1nocc1CNC(C)c1cnc2[nH]ccc2n1	0.039362
rxn:2:105768:130094	CCC(Nc1cccc2ncc(C)n12)c1ccc[nH]1	0.039354
rxn:2:102244:124225	COc1ccc(C(C)(C)NC2CCN(C3CC3)C(C)C2C)cn1	0.039345
rxn:2:125800:69267	Cc1cc2c(cc1C)C(NC1CCOC3(CCCC3)C1)CS2	0.039344
rxn:2:114247:102702	CS(=O)(=O)c1cnc(NC(c2ccsc2)C2CCCCC2)s1	0.039341
rxn:2:86502:91408	CC(C)(C)N1C2CCC1CC(NCC1(F)CCCOCC1)C2	0.039335
rxn:2:68548:68731	Cc1ccnc(CCC(C)(C)NCC2CC(C)(C)CCO2)c1	0.039334
rxn:2:105443:106159	Cc1nc(C2(NC(CCS(C)(=O)=O)C(C)C)CCC2)no1	0.039318
rxn:2:88714:114313	CC1CS(=O)(=O)CCC1NCCc1nnc2n1CCOC2	0.039315
rxn:2:68122:70665	CCOc1cc(C)cc(C)c1CNCC1Cc2ccccc21	0.039311
rxn:2:98944:119375	CCC(CN(C)C1CC1)NCc1cc(C)n(C(C)C)c1	0.039311
rxn:2:97742:95281	CC1CCC(CCC(C)NC2CCc3[nH]c(=O)ccc32)CC1	0.039311
rxn:2:71655:110586	CCCCc1n[nH]c(NC2CC3CC[C@@]2(C)C3(C)C)c1C	0.039307
rxn:2:118165:106662	CCC(C)CC(C)NCCC1CC1c1cnc(C)nc1	0.039298
rxn:2:106060:76419	CC1CCC(NCC(F)CC2CCCOC2)c2nccc(=O)n21	0.039296
rxn:2:127701:79765	Cc1ncc2c(n1)CCCC2NCCC1CCCCN1C(C)C	0.039290
rxn:2:102210:116418	CCc1ncc(NC2CCC(C(C)(C)C)C(C)C2)cc1C	0.039284
rxn:2:140491:94628	Cn1c2c(nc(NC3CC(c4cccnc4)C3(C)C)c1=O)CCC2	0.039283
rxn:2:121968:71485	COc1ncc(C2CC2)cc1CNC(C)CCC1CC1	0.039283
rxn:2:104110:78696	COC(CNC(C)c1csc(C(C)(C)C)c1)C1CCN(C)C1	0.039274
rxn:2:66726:139016	CN1CCC(Nc2cccc3c2CCC3(F)F)CC12CCOC2	0.039268
rxn:2:123410:125570	CC1CC(Nc2cccc3c2CCCN(C)C3)C2CCCN1C2	0.039267
rxn:2:93173:74170	Cn1ncc2c1CC(Nc1ncc3sccc3n1)CC2	0.039263
rxn:2:124800:68774	CCc1nc2c(s1)C(NCCC1CCN(C(C)C)C1)CCC2	0.039262
rxn:2:128273:108960	CC(C)CN1CCC(Nc2cnccc2N2CCOCC2)CC1	0.039258
rxn:2:97888:123692	CCC(Nc1nccc2c1CCC2)c1ccc(COC)cc1	0.039256
rxn:2:93606:97030	Cc1noc(C(NC(C)c2ccccc2C2CC2)C(C)C)n1	0.039251
rxn:2:110267:92737	Cc1ccc(CC(C)(C)CNC2CCCC3CCC32)cc1	0.039250
rxn:2:93411:121359	Cn1cc(C2CC(N[C@H]3CC[C@@H]3CN3CCCC3)CCO2)cn1	0.039250
rxn:2:136012:126620	CCOc1cscc1CNC(CC)c1ccc(C)[nH]c1=O	0.039249
rxn:2:69953:125135	CCn1nc(C)c(C(C)Nc2cncc(C(C)(C)C)c2)c1OC	0.039242
rxn:2:105235:112099	CC1CC(NCC2CN(C)CC2C2CCCO2)CCC1(C)C	0.039240
rxn:2:99212:88899	CCCc1nc(COC)cc(NC2CC3CCCC(C2)S3)n1	0.039237
rxn:2:90580:119101	CCC(CNC[C@H]1C[C@H](SC)C1)c1ccc(OC)cc1	0.039236
rxn:2:125701:68873	CCC(NCCc1nn(C)c(C)c1C(C)C)c1c[nH]cn1	0.039226
rxn:2:137999:66954	CC(C)C(Nc1noc2ccncc12)c1ccnnc1	0.039221
rxn:2:116372:103762	Cc1cc(C)c(C(C)NC(C)C2CC[C@H]3C[C@@H]2C3(C)C)cn1	0.039220
rxn:2:129818:103854	Cn1ncc(CNC2CCCC2N2CCOCC2)c1C1CCC1	0.039215
rxn:2:118055:91634	CC1C(N[C@H](C)c2ccccc2N(C)C)C[C@]2(C(C)C)C[C@H]12	0.039209
rxn:2:79297:126941	CC(Nc1cc(N2CCOCC2)n[nH]1)c1c[nH]nn1	0.039204
rxn:2:111933:113208	CC1C(NCCc2ccc3occc3c2)CCN(C(C)C)C1C	0.039194
rxn:2:97849:80680	CN(C)c1nnc(C2CC(Nc3cnc(C4CCCC4)s3)C2)o1	0.039192
rxn:2:137074:130665	CC(C)OC1CC(Nc2ccc(-c3ccccc3)nn2)C1(C)C	0.039171
rxn:2:115534:109324	CCc1ccc(NC2CC3(CCC(C)(C)C3)C2)c(C)c1	0.039167
rxn:2:123843:141929	Cc1csc(N2CCC(NCCc3nc4c(s3)CCC4)CC2)n1	0.039166
rxn:2:77336:110149	CCc1[nH]nnc1CNC(CCN(C)C)c1cccs1	0.039166
rxn:2:98955:89289	COc1ccc2c(c1)SC(Nc1[nH]nc3c1CCCC3C)C2=O	0.039160
rxn:2:83548:129471	COCCC(NC(C)COc1ccccc1)C(C)C	0.039156
rxn:2:86401:125234	C[C@]12CCC[C@H]1CC(N[C@@H]1CCCN(Cc3nccs3)C1)CC2	0.039155
rxn:2:74834:82980	CCCC(C)(C)CNC(C)c1ccccc1SC	0.039154
rxn:2:68125:109146	CC1CC2(CO1)CC(Nc1cc(C3CC3)cc(C3CC3)c1)C2	0.039124
rxn:2:114883:122251	Cc1nc(C)n(C(C)C)c1NC(C)c1c(C)c(C)c(C)[nH]c1=O	0.039123
rxn:2:79619:124546	CCC(C)n1nnnc1CNC(C)c1ncc(OC)cn1	0.039123
rxn:2:75230:134666	COC1(c2nnc(NC(C)c3ccc4c(n3)OCCO4)s2)CC1	0.039121
rxn:2:136162:111574	Cc1cc(N(C)C)nc(CNC2CCc3cc4c(cc32)CCC4)n1	0.039120
rxn:2:89898:139579	CCOC1CCCC(Nc2cnc(-n3cccn3)nc2)CC1	0.039105
rxn:2:78418:92397	CCOc1[nH]ncc1C(C)NC1CCc2cc(OC)ccc21	0.039102
rxn:2:98419:79474	Cc1cc(CNC(C)c2ccccc2OC(C)C)cc(=O)[nH]1	0.039100
rxn:2:132068:88976	Cn1ccc(-c2cncc(NC3C(C)(C)OC34CCOCC4)c2)n1	0.039097
rxn:2:140671:66368	Cc1cncc(OC2CC2)c1NC1CCCc2c1ccc(=O)n2C	0.039092
rxn:2:114178:85870	COCc1nc(C)c(OC)nc1NC1CCN(C(C)(C)C)CC1	0.039090
rxn:2:79112:84317	Cc1nc[nH]c1C1CC1CNC(C)c1cc(C(C)C)cnn1	0.039088
rxn:2:100661:72101	CC1CCC(NC2CCC(OC3CC3)CC2)(c2ncon2)CC1	0.039088
rxn:2:105447:71015	CCN(CC)c1cc(NC2c3ncccc3OC2C)ccc1C	0.039088
rxn:2:126540:141652	CC(Nc1ncn(COC2CCOC2)n1)c1ncnn1C	0.039085
rxn:2:87584:125689	CCc1c(CNC2CCCc3c2nc(C)n3C)cnc2c1CCC2	0.039074
rxn:2:112043:81859	CC1c2cc(NC3CCN4CCCC4(C)C3)ccc2CCN1C	0.039072
rxn:2:90002:85338	Cc1nn(C(C)C)cc1C(C)N[C@H](C)c1nc(C2CC2)n[nH]1	0.039065
rxn:2:103956:103959	Cc1nc(NC2CCCOc3cccnc32)c2c(n1)SCC2	0.039061
rxn:2:130956:96624	c1cnc2c(c1)C(Nc1ncc3c(n1)CCCC3)CCCC2	0.039060
rxn:2:70580:69383	CC(C)(C)c1cc(CCNC(c2ccccn2)C2CC2)[nH]n1	0.039058
rxn:2:166613:126405	Cc1cccc2[nH]c(=O)cc(NC3CC(C)(C)CC3(C)C)c12	0.039057
rxn:2:67056:122190	CC(NC1CCCCC1c1ccccn1)c1cnn2c1COCC2	0.039057
rxn:2:66490:115074	O=S1(=O)CCC(NC2CCC(C3CCOCC3)CC2)C(F)C1	0.039051
rxn:2:67892:70236	CCCCC(NC1CC1(C)c1cc[nH]c1)c1cnn(C)c1	0.039051
rxn:2:93906:116552	CCC(C)N1CCC(NC2CCOC3(CCC(C)(C)C3)C2)C1	0.039044
rxn:2:127405:94751	CCC(Nc1nc(Cc2cccnc2)n[nH]1)C1=NCCCC1	0.039041
rxn:2:84329:110503	CCC(Nc1cc(C2CC2C)no1)C1CCN(C(C)C)CC1	0.039024
rxn:2:139883:130848	CN1CC2CCC1CC2Nc1nc(C2CCCCCC2)ns1	0.039020
rxn:2:77789:106594	CC12CCC(F)(CC1Nc1nnc(Cc3cccs3)o1)C2(C)C	0.039009
rxn:2:141960:128417	Cc1nc(CNC2CCCC2c2cccnc2)nc2c1CCCC2	0.039002
rxn:2:140041:67505	CC(C)C1CCCC(NCc2cc3n(n2)CC(F)(F)C3)CC1	0.038997
rxn:2:88025:111089	CN(C)CC1CCCC(NC2(Cc3ccccc3)CCC2)C1	0.038997
rxn:2:72831:105376	CCCn1ccc(CNC(C)c2cc(C)c(C)c(C)c2C)n1	0.038986
rxn:2:133581:123524	Cc1cn2ccnc2c(C(C)NC(C)C2CC3(CCOCC3)C2)n1	0.038984
rxn:2:85576:116063	COc1ccc2c(c1)C[C@H](NC(C)c1ccc(C)cc1C)CC2	0.038970
rxn:2:136597:81498	Cc1ccc(C)c(C(C)NC(C)c2cccc(S(C)(=O)=O)c2)c1	0.038969
rxn:2:102050:66954	CC(C)C(NC(C1CCC1)C1CCSCC1)c1ccnnc1	0.038969
rxn:2:135593:135541	CCC(C)n1cnc(NC2CCC(n3nn[nH]c3=O)CC2)n1	0.038963
rxn:2:139617:137236	Cc1cc[nH]c(=O)c1C(C)NCC(c1cccnc1)N(C)C	0.038944
rxn:2:90959:88823	CCOc1cccc(OC)c1CNC1CCCc2cc[nH]c21	0.038944
rxn:2:128471:101736	c1cc2c(cn1)CC(Nc1cncc3sccc13)CC2	0.038934
rxn:2:122565:99907	CC(C)CSc1ncnc(NC2CCCCCCC2C)n1	0.038929
rxn:2:91632:139605	CC1(C)C2CC(NC3CN(C4CCSCC4)C3)C1(C)CC2F	0.038927
rxn:2:90562:129332	Cn1cc(-c2cc(CNC3C[C@@H]4CS(=O)(=O)C[C@@H]4C3)no2)cn1	0.038926
rxn:2:70690:73977	CCC(C)N1CCC(Nc2ccc(-c3cnco3)cc2)C(C)C1	0.038919
rxn:2:131065:116205	c1cc2c(s1)CCCC2CNC1CC2CCCCCC2C1	0.038917
rxn:2:107993:74159	C1CCN(C2COC2)C(CNC2CCC3C4OCCC4C23)C1	0.038913
rxn:2:87354:93984	CCCCn1cc(C(C)Nc2nc3c(s2)CC(C)CC3)cn1	0.038913
rxn:2:80801:108131	CC1CCCCC1CNCC(C1CCCCC1)S(C)(=O)=O	0.038902
rxn:2:91965:123195	Cc1ccc2c(c1)OC[C@@H]2NC1CC(C)(C)C1c1ccccc1	0.038891
rxn:2:101307:75781	CCc1nc(C)c(C(C)NC2CCN(C3CCOCC3)CC2)s1	0.038885
rxn:2:127906:85815	Cc1cccc(C2CCC2NC(C(C)(C)C)C2(C)CC2)c1	0.038876
rxn:2:128504:121611	CCCC(NCC(C)Cn1ccc(C)n1)C(C)CC	0.038876
rxn:2:75903:133164	CC1(C)CCC(NCC2CSc3ccccc3O2)CC(C)(C)O1	0.038874
rxn:2:102943:113537	CCOC1CC(NC2C3CN(c4cccnn4)CC32)C1SC	0.038873
rxn:2:121651:98407	CCCC(N[C@H]1C[C@H](C)c2ccccc21)C1CCCC1	0.038871
rxn:2:118756:132884	Cc1cncc(C)c1C(C)N[C@H](c1ccoc1)C1CCCC1	0.038870
rxn:2:83611:87753	O=c1[nH]nc(CNC2CCN(CC3CCC3)C2)n1C1CC1	0.038860
rxn:2:87808:84498	COCc1cccnc1NC1CCS(=O)(=O)CC1OC(C)C	0.038859
rxn:2:76022:113393	COc1ccc2c(c1)CC[C@@H]2NC(C)c1cccc(C2CC2)n1	0.038855
rxn:2:90396:101566	COCC1CCCC(Nc2ccc(-c3ccc(C)o3)cc2)C1	0.038854
rxn:2:136115:114357	CC(C)c1cn(C)nc1CCNC(c1ccnn1C)C1CC1	0.038854
rxn:2:86522:78863	CCOc1ccccc1C1(NC2CC(C)c3cnccc32)CC1	0.038851
rxn:2:83167:131475	COC1(c2cccc(NC3CC(=O)c4cccnc4O3)c2)CCC1	0.038848
rxn:2:125422:68132	CC(C)(C)N1CCCC(Nc2cnn3c2S(=O)(=O)CCC3)CC1	0.038833
rxn:2:102523:123286	COC(C)(C)c1csc(NC2CCC(N3CCOCC3)CC2)n1	0.038832
rxn:2:130351:139257	CC(C)CC(CC1CCCO1)NCc1cnc2cnccn12	0.038830
rxn:2:89286:90815	COc1ccc2c(c1)[C@@H](NC(C)c1ccc(SC)nc1)CO2	0.038815
rxn:2:111237:110880	Cc1cc(C(C)NC2(CCOC(C)C)CC2)cn2cnnc12	0.038813
rxn:2:115403:97763	CC(NC1CCCc2ncn(C3CC3)c21)c1ccc2c(c1)OCO2	0.038813
rxn:2:127697:129792	Cc1cc2c(CCNC(C)CCC(C)C)csc2s1	0.038810
rxn:2:77179:66082	O=S1(=O)C2CCC1CC(NCc1nccc(N3CCCC3)n1)C2	0.038804
rxn:2:123502:117379	CCC(C)C(NCCc1nnc2n1CCC2)c1ccccc1	0.038803
rxn:2:102813:96455	CCC1CCCC(CNCC2CCC(S(C)(=O)=O)C2)N1C	0.038795
rxn:2:111162:114160	COC(CNCC1CC2COCC(C1)C2)C1CCOCC1	0.038794
rxn:2:72983:131217	CCCC(Cc1csc(C)n1)N[C@H](C)Cc1cn(C)cn1	0.038792
rxn:2:72902:110571	CCCC(Cn1cccnc1=O)NC(C)c1[nH]cnc1C	0.038792
rxn:2:140681:137419	CCCC1(CNC2CCCN(CC(C)C)C2(C)C)N=N1	0.038789
rxn:2:108650:87875	Cc1ncc2ccnc(NC3CCCc4occc43)n12	0.038775
rxn:2:72572:114290	COc1cc(C)ccc1CNC1CCN(C2CCCCC2)CC1	0.038769
rxn:2:125363:78392	COCCN(C)C1CCC(NC2CCC23CCCC3)CC1	0.038764
rxn:2:96564:137914	CSCCC1CC(NC2(C)CCN(CC3CC3)CC2)C1	0.038762
rxn:2:114470:135596	CC(NC1CC(C)(C)C12CCOCC2)c1ncc2ccccc2n1	0.038760
rxn:2:104140:92397	CCOc1[nH]ncc1C(C)Nc1cc(N2CCCC2)ncn1	0.038756
rxn:2:78186:96295	CCCc1n[nH]c([C@@H](C)NC2CCC23CCCCCCC3)n1	0.038745
rxn:2:99135:126941	CC(NCc1c(S(C)(=N)=O)cnn1C)c1c[nH]nn1	0.038739
rxn:2:94786:103854	c1nnc(-c2cc[nH]c2)c(NC2CCCC2N2CCOCC2)n1	0.038735
rxn:2:118133:78402	CCOc1ccncc1C(C)NCc1nn(C)c2c1C1CC1C2	0.038734
rxn:2:82998:100165	FC1(F)CCC2(CCC2NCCC2CN3CCC2CC3)CC1	0.038725
rxn:2:75905:96321	FC1(F)CCc2ncc(NC3CC(Oc4ccncc4)C3)cc2C1	0.038725
rxn:2:75046:74850	Cc1cccc([C@@H](NC(C)CCc2cncnc2)C2CC2)n1	0.038723
rxn:2:69114:106702	COc1cccnc1CCNC(C)c1cnc(OC)c(C)c1	0.038721
rxn:2:69668:116741	CCCc1nnsc1C(C)Nc1cn2cnnc2cn1	0.038720
rxn:2:102001:134252	Cc1ccc([C@H](C)NC(CCN(C)C)c2ccc(C)o2)nn1	0.038716
rxn:2:132850:109236	CCc1ccc2c(c1)C(NC(Cn1cncn1)C(C)C)C(C)O2	0.038713
rxn:2:101858:100079	COc1cnc(C(C)Nc2nnc(SC(C)C)s2)c(C)c1	0.038697
rxn:2:79599:75225	CCC(NCCc1c2c(nn1C)CCOC2)c1cc(C)ccn1	0.038688
rxn:2:128689:94692	CCOc1cc(NC(CCC(C)C)c2ncco2)n[nH]1	0.038687
rxn:2:125071:97763	CCOc1nn(C)cc1CNC1CCCc2ncn(C3CC3)c21	0.038684
rxn:2:128915:91619	CCOC1(CC(C)Nc2ccc(-n3ccnn3)cc2)CCC1	0.038683
rxn:2:69317:124383	Cc1ccc2c(c1)C(Nc1ccc(N3CCCCC3)cn1)CS2	0.038682
rxn:2:141987:80295	COc1cc(C)c(C(C)NC23CCC(CC2(C)C)C3)cc1C	0.038680
rxn:2:71727:66508	CCn1nc(C(C)Nc2cn(C3CCCCC3)nc2C)cc1C	0.038679
rxn:2:70390:77210	CC1CC(NC(C)c2ccc3[nH]ccc3c2)CC(C)(C)C1	0.038678
rxn:2:139684:138254	Cc1cccc(C(C)NCC2(Cc3ccccn3)CCC2)c1	0.038677
rxn:2:88657:109290	CC(C)CCc1ccc(C(C)NC[C@H]2CCC(C)CO2)o1	0.038670
rxn:2:91811:140938	CCOC1CN(CC)CC1NC1CC(Cc2ncon2)C1	0.038667
rxn:2:136949:105054	c1cc2n(n1)CCCCC2Nc1cnc(OCC2CCCC2)s1	0.038665
rxn:2:139925:117450	c1cc(N2CCC(Nc3ccnc(N4CCOCC4)c3)C2)ccn1	0.038663
rxn:2:109457:96455	CCC1CCCC(CNCC2C(c3cccs3)C2(F)F)N1C	0.038658
rxn:2:81407:114589	CC(CC12CC(C1)C2)N[C@H]1CCC[C@@H](c2ccccc2)C1	0.038653
rxn:2:72457:132663	Cc1ccc(C(Nc2nc3c(s2)CC(C)(C)CC3)C2CC2)o1	0.038644
rxn:2:120301:121696	CC1CCC(NC(C(C)C)C2CCSCC2)C(n2cncn2)C1	0.038642
rxn:2:102285:116640	CCCC(Nc1nc(C)cc(OC)n1)c1cn(CC)nc1C	0.038642
rxn:2:67246:101188	Cc1nc2c(s1)C(NC1CCCC13CCN(C)C3)CC(C)(C)C2	0.038638
rxn:2:117606:127878	COc1ccc2c(c1)OCCC2Nc1ncc(C2CC2(F)F)cn1	0.038637
rxn:2:130809:135255	Cc1cc(C)c2c(c1)CCCC2NCC1OCC2CCCC1C2	0.038625
rxn:2:103394:95364	CCC[C@H](C)C(CC)NCC1C(CC)OCCN1C	0.038621
rxn:2:81335:88139	Cc1ccc(C(C)NC[C@]2(c3ccccc3)C[C@@H](F)C2)c(=O)[nH]1	0.038617
rxn:2:68135:76958	CCCC(NC1CC(C)c2n[nH]c(C(C)C)c21)C(C)(C)C	0.038616
rxn:2:125201:136999	CCOc1c(C(C)Nc2ccc3c(c2)CN(CC)C3)cnn1C	0.038605
rxn:2:133439:130974	Cc1cc(N(C)C)ccc1NC1CC(COc2cnccn2)C1	0.038605
rxn:2:92748:121666	CCCC1CC(NC(C)c2ccc(OC)c(C)c2C)CCO1	0.038601
rxn:2:137717:125915	COCC1(CNC(C)c2nccc3c2ccn3C)CC2(CC2)C1	0.038601
rxn:2:86780:108854	CC1CCC(NCC2CC2SC2CC2)Cc2ccccc21	0.038600
rxn:2:80171:92731	COCCc1ccc(C(C)NC2Cc3nccc(C)c3C2)cc1	0.038599
rxn:2:120842:109033	CC(NCC(C)(F)c1ccncc1)c1cn(C2CCCC2)nn1	0.038597
rxn:2:127162:116546	COc1ccc(C2(NC(C)c3cc(C)nc(OC)c3)CC2)nc1	0.038593
rxn:2:111870:67566	CCOc1c(NC2c3ccccc3SCC2C)c(CC)nn1C	0.038591
rxn:2:90191:138767	Cc1cc(C)nc(C(C)Nc2c(C)nn(C)c2OCC2CC2)n1	0.038570
rxn:2:86253:122985	CC(C)CC(Nc1csc2c1CCC2)c1ccccc1	0.038570
rxn:2:72924:68051	CO[C@@H]1CC2CC(N[C@@H]3COC[C@@H]3n3ccnn3)CC1N2C	0.038564
rxn:2:115660:83602	COc1nc[nH]c(=O)c1C(C)Nc1c(C)ccnc1C1CCC1	0.038554
rxn:2:87824:139962	CCc1nccnc1C(C)NCc1ccnc(CC(C)(C)C)n1	0.038543
rxn:2:97657:132884	Cc1cncc(C)c1C(C)NCC1CCN(Cc2ccco2)C1	0.038543
rxn:2:114991:103871	CC(NCC1(CN(C)C)CCOC1)c1[nH]nc2cnccc12	0.038542
rxn:2:105793:74125	CCCc1nnc(CCC)n1NC1CCCc2ccc(C)nc21	0.038542
rxn:2:140986:128255	Cc1cc(C)c2c(n1)CCCC2NC1CN(C)CC1C1CCOC1	0.038540
rxn:2:123179:142021	CCCC(NCC(c1ccncc1)N(C)C)c1ncco1	0.038534
rxn:2:93372:109140	COCC(Nc1cc(C)c2occc2c1)c1nccs1	0.038532
rxn:2:90572:84770	CN1CC(Nc2cn(C)nc2C2CCCC2)CC1c1ccccc1	0.038529
rxn:2:100559:135478	CC(CCN1CCCC(C)(C)C1)NCC1CN(C)CCO1	0.038527
rxn:2:123222:132603	CCCc1cc(NC(C)c2ccc(OC)nc2OC)ncn1	0.038527
rxn:2:77719:93631	CC(C)Cc1ccc(C(C)NCC2(c3ncno3)CC2)cc1	0.038526
rxn:2:88057:131463	CCC(C)n1c(C)ccc(NC2CCCc3c2c[nH]c3C)c1=O	0.038526
rxn:2:70180:140323	CCc1nc(NC2CCc3oc(C)nc3C2)n(CCC(C)C)n1	0.038525
rxn:2:81855:71825	C1CCC(C2(NC3CCC(CC4CC4)CC3)CCC2)OC1	0.038523
rxn:2:86690:141854	Cc1ncc2c(n1)CCC(Nc1ccc3c(c1C1CC1)CCC3)C2	0.038521
rxn:2:81853:134193	CCCC(Nc1ccnc2ncn(C)c12)c1ccco1	0.038520
rxn:2:95169:129427	CCCCC(NC[C@H]1C[C@@H](S(C)(=O)=O)C1)c1c[nH]cn1	0.038510
rxn:2:69509:122940	CCOC1(CNC2CCCc3c2ccn3C)CCC(F)(F)CC1	0.038510
rxn:2:134102:133157	COC(C)c1nnc(NC(C)c2cnn(CC3CC3)c2C)s1	0.038505
rxn:2:92132:126976	CCC(C)c1cc(NC(CN(C)C)c2ccccc2)n(C)n1	0.038503
rxn:2:107395:76314	Cc1cncnc1C(C)NCCC1CSc2nccc(=O)n21	0.038491
rxn:2:134235:95090	Cc1cc2c(c(C)n1)C(NC1(c3ccccc3)CCC1)CCC2	0.038490
rxn:2:122049:135255	CCC(CNC1CCCc2cc(C)cc(C)c21)n1ccc(C)n1	0.038486
rxn:2:122983:114486	Cc1ccc(C(C)NC(C)CCN(C)C2CCC2)cc1C	0.038476
rxn:2:105322:86357	CCOc1noc2c1C(Nc1ccn(CCOC)n1)CCC2	0.038475
rxn:2:74664:71321	Cc1ccc2c(c1)CCC(CNC1CC(C)Cc3sccc31)O2	0.038470
rxn:2:137509:77688	Cc1cc(NC2CCN(c3ccncc3)CC2)cc(S(C)(=O)=O)c1	0.038462
rxn:2:119328:125067	COc1cc(NC2CC(c3ccccc3OC)C2)cc(OC)n1	0.038462
rxn:2:97594:67313	CCCn1nc(C)cc1NC(c1ccccc1)C(C)N(C)C	0.038456
rxn:2:111531:88250	CCn1ccnc1C1CCC(Nc2ccnc(CC(C)C)n2)C1	0.038450
rxn:2:126774:140477	CCCc1nncn1CCNC(C)c1csc(C(C)C)c1	0.038434
rxn:2:136322:66954	Cc1ccc(NC(c2ccnnc2)C(C)C)c(OC2COC2)n1	0.038433
rxn:2:132142:90609	Cc1cnc(N2CCC(NC(CC(C)C)c3ncccn3)C2)o1	0.038429
rxn:2:97107:140659	Cn1ccc(-c2ccnc(NC3CCC4(CC3)CS(=O)(=O)C4)c2)n1	0.038428
rxn:2:96075:93988	CCOc1ccc(C(C)NC(CN(C)C)c2cccs2)o1	0.038419
rxn:2:113335:95873	Cn1cc(N2CCC(NCCc3cnc(C4CC4)s3)CC2)cn1	0.038415
rxn:2:129099:133251	CCN1C2CCC(NCC3CC3C3CC4CCC3O4)C1CC2	0.038414
rxn:2:77082:119301	CCCCN(C)c1ccc(NC2CCCc3cncnc32)cn1	0.038398
rxn:2:67449:120227	Cc1cc(C(C)Nc2c[nH]c3cncc(C)c23)n(C)n1	0.038393
rxn:2:75705:123976	Cc1[nH]c(=O)[nH]c1C(C)NCC1C2Cc3ccccc3C12	0.038367
rxn:2:135075:113655	CC1(C)CCCOC1CNCc1c[nH]c(=O)c(S(C)(=O)=O)c1	0.038366
rxn:2:84455:105313	CCc1nc2n(c1NC(c1nc(C)c(C)s1)C1CC1)CCCC2	0.038361
rxn:2:103090:69848	C=C=Cc1cc(C(C)Nc2nc(CC(C)C)co2)ccn1	0.038361
rxn:2:86302:129792	CC(C)CCC(C)NC(c1ccsc1)c1ccsc1	0.038361
rxn:2:106233:71833	CC[C@H](NC(C)c1ccc(C(C)C)cn1)c1ccccc1	0.038358
rxn:2:75857:141935	CCC(Cc1ccncc1)NC(C)c1cc2c(nn1)OCCO2	0.038358
rxn:2:127249:119075	CC(C)CCC(NCC1C2(CC2)C12CC2)c1ccccn1	0.038354
rxn:2:155657:93946	Cc1cc2nccc(=O)n2cc1NC1CCN(C(C)(C)C)C1(C)C	0.038348
rxn:2:94030:98059	COc1ncnc(OC(C)C)c1NCC1CCCn2cncc21	0.038346
rxn:2:74299:78603	Cc1csc([C@@H]2CN(C)C[C@H]2NC2CC(c3ccccc3)C2C)n1	0.038346
rxn:2:96758:100233	CCCc1nc(NC2CCN(c3ccccc3)C2)ccc1OC	0.038338
rxn:2:133640:120373	CCCC(CC)C(C)NCC1CCc2ccccc2S1	0.038337
rxn:2:116666:66209	CCCN1CCOC(CNC2CCCN(C(C)(C)C)C2)CC1	0.038332
rxn:2:132110:141854	CCOC(CNC1CCc2nc(C)ncc2C1)c1ccc(C)s1	0.038320
rxn:2:128911:119826	Cc1ccc2sc(C(C)N[C@H]3CCC[C@]3(C)CN(C)C)nc2c1	0.038317
rxn:2:86476:118376	CCCCS(=O)(=O)c1n[nH]c(NC2CCc3ccsc3C2)n1	0.038316
rxn:2:69462:111573	Cc1noc([C@H]2CC[C@H](NC3CCN(C45CC(C4)C5)CC3)CC2)n1	0.038314
rxn:2:137188:120813	CCC(Cc1cccs1)NC(C)C(OC)c1ccccn1	0.038313
rxn:2:82088:79969	CC(C)C1CC(NC2CC3CSCC(C3)C2)c2ccccc21	0.038311
rxn:2:70677:70222	CCCC(Nc1ncn(CC(C)CC)n1)c1cccnc1	0.038309
rxn:2:74662:122092	Cc1[nH]cc2c1CC(C)(C)CC2N[C@@H]1CCN(CC(C)(C)C)C1	0.038308
rxn:2:121405:132988	CN(C)C1CCCC(NCC2(C(C)(C)C)CCCO2)CC1	0.038306
rxn:2:73090:73906	CC(Nc1ncc2c(n1)OCC2)c1ccc2ccsc2n1	0.038303
rxn:2:86926:108565	CCC(C)n1ccnc1CNC(C)c1cc2c(nn1)OCCO2	0.038294
rxn:2:69219:137419	CC(C)CN1CCCC(NC2CN(C)CC2C2CC2)C1(C)C	0.038293
rxn:2:132876:109191	CCCCN1CCC(NC2CCCN3CCCC3C2)C(F)C1	0.038279
rxn:2:130692:120591	Cc1cc(C(C)NCc2ccc(C3(C)COC3)cc2)cn(C)c1=O	0.038278
rxn:2:116581:91090	C[C@H](NC1CC2(C1)CC1(CCC1)C2)c1cc2ccccc2o1	0.038271
rxn:2:126363:117820	CCC(CCC1CCCCC1)Nc1nc(C)nc2nc(C)nn12	0.038262
rxn:2:93372:138211	Cc1cc(NC(C)CCn2ccnc2)cc2ccoc12	0.038259
rxn:2:98651:128572	CCC(CC(C)C)NC(COC)CC1CCCO1	0.038256
rxn:2:75409:122198	CCn1nc(C2CC2)cc1C(C)Nc1ncn(C2CCSC2)n1	0.038256
rxn:2:141591:103444	CCc1nc(COC)sc1CNC(C)c1cnc(=O)n(C)c1	0.038254
rxn:2:73071:113614	CCC(C)Oc1ccc(NC2CC(C(C)(C)OC)C2)cc1	0.038247
rxn:2:133883:105779	Cc1cn2cc(C(C)NCc3c[nH]c(C)n3)ccc2n1	0.038245
rxn:2:126102:99483	Cc1ccc(NC(C)c2c[nH]c3nccnc23)c(C)n1	0.038236
rxn:2:74531:123636	CCc1cccc2c1OC[C@@H]2NC(C)c1cncc(C(C)C)c1	0.038231
rxn:2:71446:139818	CC(Nc1nn(C)c2c1CCCCC2)c1c(C2CC2)cnn1C	0.038228
rxn:2:135256:70359	CCn1ccc(OC(C)(C)CNC2CC(OC(C)(C)C)C2)n1	0.038226
rxn:2:97691:74829	Cc1csc(C(C)NCC2CC(C)CCC2C(C)C)c1	0.038225
rxn:2:116597:96420	Cc1cc(C(C)NC2CC(C)(c3ccccc3)C2)c(C)nc1C	0.038222
rxn:2:75175:85805	CCCn1c(NC2C[C@@H]3C[C@H]2CN3C(C)(C)C)nc2ccccc21	0.038220
rxn:2:126487:139993	CC(C)S(=O)(=O)n1ncnc1NC1CC(C)(C)Cc2[nH]ncc21	0.038217
rxn:2:80149:122080	CC(CCS(=O)(=O)F)NC[C@H]1CC[C@H](C(C)(C)C)CC1	0.038195
rxn:2:90615:136516	CCc1c(C2CCC2)nn(C)c1NC(c1nnc(C)o1)C(C)C	0.038193
rxn:2:134685:84942	Cc1cccc2c1OCCC2NCc1cnn(C2CCSC2)c1C	0.038193
rxn:2:127846:91810	CN(C)Cc1ccc(CNCC2c3ccccc3CCN2C)s1	0.038187
rxn:2:126781:92646	Cc1nc2c(NC(c3nccs3)C3CC3)cccc2s1	0.038176
rxn:2:106895:82765	COc1ccc2c(n1)CCC(NCc1cc(C3CCC3)ccn1)C2	0.038164
rxn:2:137813:88379	CCCC(NC(C)c1ncc(C)cn1)c1ccc(OC)cc1	0.038164
rxn:2:128045:93946	CN1Cc2nn(C)c(CCNC3CCN(C(C)(C)C)C3(C)C)c2C1	0.038162
rxn:2:74697:131500	COCC(NC[C@@H]1C[C@H]1c1ccc(C)o1)c1ccc(C)cc1	0.038162
rxn:2:82839:118167	Cc1nnc2c(C(C)NCC(F)(F)CS(C)(=O)=O)nccn12	0.038161
rxn:2:125086:95116	FC1(F)C(CNC2CCCCC23CCCCO3)C1c1cncnc1	0.038155
rxn:2:72118:119657	COc1ccc(NC(C)c2[nH]ccc2C)c2nonc12	0.038153
rxn:2:78275:123008	Cc1cc(C)nc(C(C)Nc2nc(C)c(CC(C)(C)C)s2)c1	0.038147
rxn:2:115179:104810	CCCOc1nccc(NC2CCN(CC3CC3)CC2C)n1	0.038146
rxn:2:127433:99215	COc1cnc2c(c1)C(Nc1cccc(N(C)C3COC3)c1)CC2	0.038144
rxn:2:116902:116608	COc1cnc(C(C)NC2CCN(C)C2c2ccccc2)c(C)n1	0.038143
rxn:2:140540:125199	CS(=O)(=O)C1CCC(NCc2ccnc(N3CCCC3)n2)CC1	0.038143
rxn:2:99241:124205	Cc1cnc(NC(C)c2n[nH]c3cnc(C)cc23)cn1	0.038137
rxn:2:140015:101800	CCCc1nc(CCNC2CCN(C3CCC3)C(C)C2)no1	0.038129
rxn:2:68444:79481	CCCc1noc(C(NC2CCC23CC(OC)C3)C2CC2)n1	0.038128
rxn:2:113063:131335	COc1ccoc1C(C)NC(C)COc1ccc(C)cc1C	0.038120
rxn:2:91708:94529	CCn1ncc(C(C)NCC2(c3cccs3)CCOCC2)c1C	0.038107
rxn:2:104860:94142	CC(C)CN1CC2CC(C1)C2NC1CC(C)(C)Cc2ncccc21	0.038107
rxn:2:112779:107405	Cc1ccc(C(C)CNC(c2cccs2)C2CCOCC2)nn1	0.038106
rxn:2:116930:99378	COc1cccc(C(C)NCC2CCN(c3ccccc3)C2)c1	0.038099
rxn:2:92757:111462	CC1(C)Cc2ccoc2C(NCc2cnc3sccn23)C1	0.038097
rxn:2:67666:117499	COCC1(C)CCC(NCc2cnn(C)c2CN(C)C)CC1	0.038096
rxn:2:72693:74174	CC(CCN1CCC(F)(F)CC1)NCc1nonc1C1CC1	0.038093
rxn:2:116017:74146	CCOC1CCCC(NC2(c3nnc(CC(C)C)o3)CC2)C1	0.038091
rxn:2:69579:124225	CC1C(NCc2cccc(C(C)(F)F)c2)CCN(C2CC2)C1C	0.038084
rxn:2:82604:70222	CCCC(NCc1cc(CC(C)C)no1)c1cccnc1	0.038082
rxn:2:87839:82937	c1csc(C(NCc2ccn(C3CCCCC3)n2)C2CC2)c1	0.038080
rxn:2:68515:125273	CCC(CC1CC1)NCCc1ccccc1C(C)C	0.038077
rxn:2:115748:131923	CCCC[C@H](NC1CC(C)(C)C(C)(C)C1)c1ccoc1	0.038070
rxn:2:66583:135659	Cc1ccc(N2CCC(N[C@H]3[C@H](c4ccccc4)C3(F)F)C2)cc1	0.038068
rxn:2:70754:122682	COCCC(NC(C)c1cc(C2CC2)on1)c1ccsc1	0.038060
rxn:2:105368:104810	Cc1cc(CNC2CCN(CC3CC3)CC2C)nn1C1CCC1	0.038050
rxn:2:98132:140702	Cc1ccc([C@@H](C)NC(CC2CCOCC2)C(C)(C)C)cc1	0.038046
rxn:2:89728:69558	CCCCN1CCC(NCc2ccn(CC3CC3)n2)CC1	0.038039
rxn:2:140484:134018	CC(C)CCN1CCC(Nc2nc3ncn(C)c3c(=O)[nH]2)CC1	0.038038
rxn:2:99553:95908	CCC(C)n1nc(C2CC2)cc1NC1CC(C)CC(C)C1F	0.038036
rxn:2:95458:72101	CCOc1nc(OC)ccc1NC1CCC(OC2CC2)CC1	0.038026
rxn:2:67810:110539	Cc1nsnc1C(C)Nc1nccnc1-c1ccccc1	0.038023
rxn:2:101965:84904	COCCN1CCCC(NCc2cnc3c(c2C)CCCC3)C1	0.038021
rxn:2:73287:108960	CCn1nc2c(c1CNC1CCN(CC(C)C)CC1)C(C)CC2	0.038019
rxn:2:102065:87103	CC(NC1CCc2c(cnn2C(C)C)C1)C(C)n1ccncc1=O	0.038017
rxn:2:114759:80821	CSCCn1ccc(NC(c2ncco2)C2CCCCC2)n1	0.038017
rxn:2:85244:67510	CCOc1cccc2c1OCC2NC(C)C1CCCC(F)(F)C1	0.038011
rxn:2:98479:113291	Cc1cc(C(C)NCc2ccnc3ccccc23)nn1C	0.038007
rxn:2:99125:118592	CC(C)COC1CC(NC2CCCC2C(C)(C)C)C1(C)C	0.038007
rxn:2:128567:119009	CCc1ccc2cc(NC(C)c3cn(C)nn3)ccc2n1	0.038004
rxn:2:89224:140699	CCCC(CS(=O)(=O)F)N[C@H]1CC[C@@H]2CCN(C)C[C@@H]21	0.038001
rxn:2:142244:116835	c1c[nH]c(N2CCC(Nc3ccc(OC4COC4)cn3)CC2)n1	0.037997
rxn:2:79003:84227	Cc1nnc([C@@H]2OCC[C@@H]2CNC(C2=NCCC2)C(C)(C)C)[nH]1	0.037993
rxn:2:70549:78482	Cc1c[nH]c(=O)c(C(C)Nc2c(C)cccc2OC2CCC2)c1	0.037992
rxn:2:74910:109635	Cc1nc(CNC2CCN(C)C3(CCCCC3)C2)n(C)c1C(C)C	0.037985
rxn:2:71576:70570	COc1cccc2c1C(NCC(C)(C)N(C)C1CCC1)COC2	0.037985
rxn:2:91302:125030	CCOC1(CNC2CCC(CSC)CC2)CCCCC1	0.037981
rxn:2:102531:116623	Cc1ccc(C(Nc2cc(CC(C)C)ns2)C(C)C)s1	0.037981
rxn:2:82107:131895	COCC(NC1(CN2CCCC2)CCCC1)c1ccccc1	0.037979
rxn:2:113894:76222	CC(NC1CCc2[nH]ncc21)c1cnc2nccn2c1	0.037972
rxn:2:132669:115673	CCN1CCOC[C@@H]1CNC(CS(C)(=O)=O)c1ccco1	0.037967
rxn:2:71049:120955	FC1(F)CC(N2CCC(NCc3cncn3CC3CC3)CC2)C1	0.037965
rxn:2:85131:89348	CCC(C)(CNC(C)c1nc(C)cnc1C)N1CC2CCC1C2	0.037963
rxn:2:142151:81889	Cc1ccc(C(F)(F)CNC2CC(C)(C)Cc3onc(C)c32)s1	0.037948
rxn:2:141869:108792	CSCCC(N[C@@H]1CCN(C2CCOC2)C1)c1ccccc1	0.037942
rxn:2:84955:136850	CCCC(F)C(NCC1CN2CCN1CC2)c1ccccc1	0.037939
rxn:2:76100:126911	CCc1ccc([C@@H](C)NC(CC(C)(C)C)C2CC2)cc1	0.037938
rxn:2:83951:71094	CCC(NCCc1ncn(C)n1)c1cnc(SC)c(C)c1	0.037937
rxn:2:99458:114777	CCCC(CCSC)NC1COCC1Oc1nccs1	0.037936
rxn:2:99825:129015	CC(Nc1cnc(C2CC2)cn1)c1ccc2nccn2c1	0.037935
rxn:2:79368:140786	CN1CCC(Nc2cccc3c2CCN(C)C3)c2ccccc2C1	0.037935
rxn:2:90249:79036	CC(C)c1coc(NC(C)c2nn(C)c3ncccc23)n1	0.037929
rxn:2:129160:85464	Cc1c(NC(CCN(C)C)C(C)(C)C)cnn1C1CCOCC1	0.037924
rxn:2:69144:117884	CCN1CCCCC1CNc1cc(C)cc(-c2cccs2)c1	0.037922
rxn:2:106234:94297	CC(Nc1cnc(=O)n(C)c1)c1cccc2cnn(C)c12	0.037920
rxn:2:125760:96135	CCC(Nc1ccncc1OCC1CC1)c1ccnc(C)c1	0.037917
rxn:2:129099:83843	CC(NCC1CC1C1CC2CCC1O2)c1ccc(C(C)(C)C)o1	0.037916
rxn:2:112439:129171	CCc1cnn2c(NC(C)c3nnccc3C)ccnc12	0.037914
rxn:2:89482:139579	CCOC1CCCC(NC2CC(CCOC)C2)CC1	0.037912
rxn:2:85909:76477	Cn1cc(NC2CCO[C@H](c3ccccc3)C2)c(OC2CCC2)n1	0.037910
rxn:2:122807:106534	CN1C2CCCC1C(NC1CC3CC(C1)CC(F)(F)C3)CC2	0.037910
rxn:2:97957:81705	CC(NC[C@H]1CN(C2CC2)CCO1)c1ccc(C2(F)CC2)cc1	0.037906
rxn:2:94306:105864	CCCN1CCCC1CN[C@@H]1C[C@H]1COc1ccccc1	0.037896
rxn:2:69591:129273	CCO[C@H]1CN(CC)C[C@@H]1NC(C)c1csc(COC)n1	0.037893
rxn:2:78448:122866	Cc1nccn1CC(NC1CCCC12C(C)CCC2C)C(C)C	0.037890
rxn:2:70430:82411	c1csc(CN2CCC(Nc3ccc4c(c3)OCCCO4)CC2)c1	0.037889
rxn:2:116253:80964	O=c1ccc2c([nH]1)CCC(Nc1ccccc1CN1CCCC1)C2	0.037889
rxn:2:134243:80441	Cc1nc(C(C)NC(C)c2ccc3nccnc3c2)cs1	0.037884
rxn:2:118183:68868	Cc1nn(C2CCSC2)cc1NC(C)c1ccc(S(C)(=O)=O)s1	0.037881
rxn:2:101168:75247	CCC(C)Cn1ccc(=O)c(NC2c3cccnc3CCC2F)c1	0.037879
rxn:2:118136:94286	c1n[nH]c([C@H]2CC[C@@H](CNC3CCOC(C4CCCC4)C3)O2)n1	0.037877
rxn:2:82021:92300	CCN(CC)CC(NC(C)CC1COC1)c1cccs1	0.037872
rxn:2:129826:88482	CCC(Nc1c(C)nnc2c1cnn2C)c1ncc[nH]1	0.037870
rxn:2:126958:118604	CC(NC1CC2CCC(C1)N2C1COC1)c1ccn2nnnc2c1	0.037860
rxn:2:132237:81258	COc1nn(C)cc1C(C)NCCc1[nH]nc2c1CN(C)C2	0.037848
rxn:2:111329:82826	Cc1cc(C(NC2CCC3COCCC3C2)C(C)(C)C)c(C)o1	0.037847
rxn:2:132318:83880	COC1CCCN(CCNC2CC(c3cnn(C)c3)C2(C)C)C1	0.037847
rxn:2:94668:90270	Cc1ccc(C)c2c1SCCC2NCCC1(C)CCN(C)CC1	0.037846
rxn:2:104477:81833	F[C@@H]1CCCC2(CCC(NCCc3nc(C4CCC4)n[nH]3)C2)C1	0.037843
rxn:2:97314:117928	CCc1cnnc(NC(C)c2cccc3cc[nH]c23)c1	0.037841
rxn:2:103352:92362	CC(NC1CCC(CC(C)(C)C)C1)C1CCC(F)CC1	0.037840
rxn:2:91685:123041	CC(C)OCC(C)(C)NC1CC(OCc2ccccc2)C1	0.037838
rxn:2:72530:97954	CC(C)c1ccccc1C(C)NCC1CCc2sccc21	0.037837
rxn:2:107750:116593	COc1nsc(OC)c1C(C)NC(C(C)C)C1CCCOC1	0.037837
rxn:2:116725:82872	c1cc(CNC2CCC(OCC3CC3)CC2)c2c(c1)COCC2	0.037830
rxn:2:101802:110065	CSCCC(N[C@@H]1C[C@]1(F)c1ccccc1)C1CCCC1	0.037825
rxn:2:65983:95040	CCC(CN1CCCC(C)C1)NC(CC)C1CCCC1	0.037823
rxn:2:85997:87493	CCC(C)C1CCCCC1NCC(c1coc(C)n1)N(C)C	0.037823
rxn:2:87723:88955	Cc1ccc(C(C)NC(C)CCc2nc(C)c(C)[nH]2)[nH]1	0.037823
rxn:2:91743:121644	CCCCn1cc(CNC(C)CCOC(C)(C)C)nn1	0.037822
rxn:2:86529:85590	COc1ccc(CNC2CC(CN3CCCC3)C2)c2sccc12	0.037822
rxn:2:82267:84594	CCC(CNC1CCC(N(C)C(C)(C)C)CC1)c1cnccn1	0.037821
rxn:2:116526:140084	CC(Nc1ccnc(S(C)(=N)=O)c1)c1cc(C2CCC2)ccn1	0.037813
rxn:2:94499:96327	CC(C)C(N[C@@H]1CCCN(CCN(C)C)C1)c1cnccn1	0.037813
rxn:2:100116:91024	COCCC(Nc1cc(C2CC2(C)C)nn1C)c1cccs1	0.037804
rxn:2:82821:122802	CC(Nc1ccnc2ccoc12)c1cccnc1N(C)C	0.037802
rxn:2:103923:83104	CC(C)CCC(NC1CCC2CC(F)(F)C21)c1ccncc1	0.037801
rxn:2:76242:66347	CC(F)c1cc(NC(C)c2cccc3oncc23)nn1C	0.037797
rxn:2:106412:141707	Cc1ccc(N2CC(NC3CSCCc4ccccc43)C2)cc1C	0.037769
rxn:2:119337:111603	CCCC(NC1CCOC(c2ccccc2)C1)c1ccc[nH]1	0.037765
rxn:2:111443:139605	CC(C)(C)Oc1nccnc1CNC1CC2C(F)CC1(C)C2(C)C	0.037758
rxn:2:76143:122627	CC(NC1CC2CN(C)CC(C1)C2(F)F)c1ccc2[nH]cnc2c1	0.037748
rxn:2:113705:127878	CCCc1c(CC)noc1NC1CCOc2cc(OC)ccc21	0.037737
rxn:2:123969:71520	Cc1cnc(CNC(C)CCC2CCCCCC2)c(C)n1	0.037734
rxn:2:68612:109163	CCn1nc2c(c1NC(C)c1cnn(C3CC3(F)F)c1)CCCC2	0.037731
rxn:2:94597:71811	CCS(=O)(=O)c1sc(NC(C)c2nc3c(s2)COCC3)nc1C	0.037727
rxn:2:90159:73512	CC(C)[C@H]1CC[C@H](C)CC1Nc1cc(C2CC23CCC3)on1	0.037720
rxn:2:122841:72101	CC1(Oc2ccc(NC3CCC(OC4CC4)CC3)cc2)COC1	0.037699
rxn:2:116076:118945	Cc1ccc(C)c2c1C(C)CC2NC1COCc2ccccc21	0.037699
rxn:2:99994:139529	Cc1nc(NC(C)c2cnccc2C(C)C)cc2c1CCCC2	0.037698
rxn:2:79334:105475	CCn1nc(NC2CCCn3cccc32)c2ccccc21	0.037692
rxn:2:79611:116135	CC1Cc2occc2C(NCCC(c2ccccc2)N(C)C)C1	0.037691
rxn:2:112191:66116	Cc1cc(N(C)C)c(C)cc1NCC1CCCC(C)N1C(C)C	0.037665
rxn:2:137115:89581	Cc1cnc(NC2CCCc3nc(C4CC4)[nH]c32)c(=O)n1C(C)C	0.037660
rxn:2:69252:113359	Cc1nc2sccn2c1C(C)N[C@@H]1C[C@H]1c1ccccc1	0.037660
rxn:2:75367:136452	CCCC1(CCC)CC(NC(C)c2cncnc2C)CCO1	0.037646
rxn:2:75697:84713	CCCCc1ccc(NC(CCN(C)C)C(C)C)nn1	0.037643
rxn:2:125920:130127	CSc1ccc2c(c1)OCCC2Nc1cc(C(C)(F)F)n[nH]1	0.037643
rxn:2:102986:122251	Cc1[nH]c(=O)c(C(C)NC2CCCc3c2cc(C)n3C)c(C)c1C	0.037642
rxn:2:86610:113277	CC(NCC1CCCC(C)(C)CC1)c1cc2[nH]ncc2s1	0.037630
rxn:2:140880:89012	Cc1cc(-c2nnc(NC(C)CC3CCC(F)(F)CC3)s2)no1	0.037629
rxn:2:119941:97067	CC(NCC1CC1C1CCCCC1)c1ccc(S(C)(=O)=O)nc1	0.037621
rxn:2:126280:93770	CCC(NCC(OC(C)C)c1ccccc1)C1=NCCC1	0.037620
rxn:2:106686:121486	CSc1ccc(C(C)NC2CC(C3CCCCC3)C2)nc1	0.037617
rxn:2:78019:71009	Cc1c(C(C)NCC2CCc3nc[nH]c3C2)cn[nH]c1=O	0.037610
rxn:2:108222:83526	Cc1ccc(C(Nc2ccc(OC3CC3)nn2)C2(C)CC2)cc1	0.037605
rxn:2:140707:78433	CC(C)C(CNC1CCC(C)(N2CCC2)CC1)c1cccnc1	0.037601
rxn:2:127138:83602	COc1nc[nH]c(=O)c1C(C)NC1CCN(CC(C)(C)F)C1	0.037600
rxn:2:133260:139228	CC1CC(C)(C)CCC1NC1CCC(C2CCCC2)C1	0.037600
rxn:2:132060:79651	CC1(C)COc2c(NC3C[C@@H]4C[C@H](C3)c3ccccc34)cnn2C1	0.037595
rxn:2:86551:126322	CCCCc1[nH]ncc1CNC1CCCC1C1CCCC1	0.037595
rxn:2:118615:140384	CCOc1ccc2c(c1)CCC2NCC1c2ccncc2CC1C	0.037589
rxn:2:107434:93708	CCCCn1nc(C)c(CNC2CCCC[C@@H](C)C2)c1C	0.037585
rxn:2:80855:97226	CCc1ccc(C(CC)Nc2ncccc2S(=O)(=O)CC)s1	0.037582
rxn:2:81323:105740	CCCc1nn(CC)cc1NC1CCCc2ncc(CC)cc21	0.037581
rxn:2:131134:71321	Cc1cnn2ncnc(NC3CC(C)Cc4sccc43)c12	0.037575
rxn:2:67891:115382	CCSC1CCCC1NCC1C2CC3CC1CC(C)(C3)C2	0.037571
rxn:2:118055:113058	Cc1ccccc1C1CC(N[C@H](C)c2ccccc2N(C)C)C1	0.037570
rxn:2:128282:127900	CSCC(NCC1CCCC2(CCOCC2)O1)c1cccnc1	0.037569
rxn:2:121019:71865	CCCC1(C)CCC(NC[C@H]2C[C@@H](C)c3cccnc32)CC1	0.037563
rxn:2:85258:84335	CCCC(Cc1cccc(C)c1)Nc1ncc(C(C)(C)C)nn1	0.037552
rxn:2:71204:95484	COCCN1CCC(NC2CCN(c3cccs3)CC2)C(C)C1	0.037549
rxn:2:73927:86917	CCSCC(NC[C@H]1CCS(=O)(=O)[C@H](C)C1)c1cccn1C	0.037546
rxn:2:114338:86138	Cn1ncc2c1C(NCCc1cnn(C3CCC3)c1)CCCC2	0.037542
rxn:2:123860:97959	CC(CNC(C)c1cc(C2CCC2)nn1C)Cc1cccs1	0.037539
rxn:2:132447:70368	CCC12CCC(CC1NC1CCC(OCC3CC3)CC1)C2	0.037538
rxn:2:99561:68079	CCOC1(CNC(C)c2cnc3c(ccn3C)c2)CS(=O)(=O)C1	0.037526
rxn:2:136666:125087	CCCCC(Nc1cc(CN2CCCC2)n(C)n1)C(C)(C)C	0.037513
rxn:2:86189:71180	Cc1ccc(C(C)Nc2cccc3c2C(C)CC3(C)C)nc1	0.037512
rxn:2:106084:124296	CCCCN(C)c1ncccc1NC1CCS(=O)(=O)C(C)(C)C1	0.037512
rxn:2:71005:108002	C1CC(N2CCCCC2CNC2CCOC3(CCOCC3)C2)C1	0.037511
rxn:2:88206:123952	c1csc(CCn2ccc(NC3CCn4cncc43)n2)c1	0.037511
rxn:2:113813:112258	CC(F)CCC(NC1CCCc2nccnc21)c1ccccc1	0.037506
rxn:2:105041:112899	Cc1ccc(C2(NC3CCc4c3ccc3c4CCC3)CC2)cc1	0.037502
rxn:2:101773:114632	CC1(C)Cc2ncncc2C(Nc2nnc(N3CCSCC3)s2)C1	0.037501
rxn:2:84718:114831	Cc1ccc(C)c2c1OC(C)C2Nc1c(CC(C)C)c(C)nn1C	0.037491
rxn:2:110835:113026	CCC(NC1CC(C)Oc2cccc(C)c21)c1csc(C)c1	0.037472
rxn:2:78011:133919	CCc1ccc([C@@H](CC(C)C)NC(C)c2ccc(C)nn2)o1	0.037468
rxn:2:134824:141510	COc1ccc(OC)c2c1CC2NC1CCCN(C2CCC2C)C1	0.037463
rxn:2:113884:138168	CCCC(CC)N1CCC(NC2COCc3ccccc32)CC1	0.037456
rxn:2:123365:98580	COc1cc(C2CC2)ccc1NC(C)c1cc(C2CC2)n(C)n1	0.037453
rxn:2:68510:116513	CCc1cccc2nncc(NC(C)CCC3CCCCO3)c12	0.037452
rxn:2:94494:105249	Cc1ccccc1C(NC1CC(C)Cc2c1cnn2C)C1CCC1	0.037443
rxn:2:75342:130227	CCN1C(CNCC(C)(C)c2ccco2)CCCC1C(C)C	0.037440
rxn:2:135905:98629	Cc1ccc2c(c1)C(NCC1(c3cccs3)CCC1)CCC2	0.037434
rxn:2:135443:93916	CC(F)C(NC1(COc2ccccc2)CC1)c1ccccc1	0.037425
rxn:2:90510:82183	CCCC(NCc1ncc(C(C)(C)C)o1)c1ccc(C)cc1	0.037420
rxn:2:87909:101506	Cc1ccc(C2CC2C(C)NC2CCCc3cc(=O)[nH]cc32)cc1	0.037418
rxn:2:97547:121031	CCc1[nH]c(=O)[nH]c(=O)c1NC1CCOCC12CCCC2	0.037412
rxn:2:98890:134483	CC(C)c1cccc2c1C(NC1CCN(C(C)C(C)C)C1)CC2	0.037402
rxn:2:89247:135981	CC1(c2ccc(NC3c4ccccc4CC3(C)F)cc2)CC1	0.037401
rxn:2:113730:82536	CC(CCCc1cccs1)Nc1cc(N2CCOCC2)[nH]n1	0.037400
rxn:2:66967:108512	CCCc1ccc(CNC(CC)CCSC)c(C)c1	0.037393
rxn:2:91403:71171	COc1ccc2c(c1)C(NCc1ccn3ncnc3n1)C2	0.037392
rxn:2:139725:101928	CCCSC1CCCC1Nc1cccc(CC2CC2)c1	0.037391
rxn:2:75477:108657	Cc1cscc1C(C)NCCc1ccc2[nH]cnc2c1	0.037390
rxn:2:125075:135255	Cc1cc(C)c2c(c1)CCCC2NC1CCOCC12CCCC2	0.037390
rxn:2:111012:123709	CC(C)c1cc(C2(NC3CCc4ccc(N(C)C)cc43)CC2)on1	0.037385
rxn:2:95707:72271	CCCCC(NCC1Cc2ccccc2C1)c1cccnc1	0.037384
rxn:2:135139:107092	CCC(Nc1cccc2nc(OC)cnc12)C1CC(C)OC(C)C1	0.037384
rxn:2:133554:68388	CCn1nncc1CCNC1c2sccc2-c2ccsc21	0.037380
rxn:2:116868:139579	CCOC1CCCC(NC(C)Cn2ccnc2CC)CC1	0.037378
rxn:2:106822:99378	CCc1nnc2sc(NC(C)c3cccc(OC)c3)nn12	0.037373
rxn:2:71245:73299	Cc1cccc2c(C(C)NCCN(C)C3CCOCC3)c[nH]c12	0.037373
rxn:2:139964:116064	CCc1ccc2c(c1)CCC2NC1Cc2cc(OC)c(OC)cc21	0.037368
rxn:2:114689:136634	CCc1ccc(C(C)Nc2ccc(C)c(CS(C)(=O)=O)c2)cc1	0.037364
rxn:2:108007:68406	CC(NC(C)(C)CN(C)C1CCC1)c1c[nH]c(=O)n(C)c1=O	0.037363
rxn:2:116215:91468	CCc1cnn(C)c1CNC(C)c1nc2ccccc2s1	0.037363
rxn:2:80149:75779	CC(NC[C@H]1CC[C@H](C(C)(C)C)CC1)c1ccnc2nccnc12	0.037363
rxn:2:119041:130512	COc1cnn(C2CCC2)c1NC1CCc2nc(C(C)(C)C)[nH]c21	0.037355
rxn:2:70299:139934	CN1CCCN(CC(C)(C)NCC2CCc3ccccc3O2)CC1	0.037355
rxn:2:127646:69746	COCc1ccc(C(C)Nc2ccnc(S(=O)(=O)F)c2)cn1	0.037352
rxn:2:80234:135605	CC(C)(C)C1CCCC1Nc1ccc(-c2cc[nH]c2)cc1	0.037347
rxn:2:94330:109852	CC(N[C@@H]1CC[C@H]2[C@@H](C1)C2(F)F)c1ccc(C2CCC2)cc1	0.037345
rxn:2:101434:96094	CC(NCCC1CCOC2(CCC2)C1)c1ccc2occc2c1	0.037341
rxn:2:134515:78148	CCC1CCC(CC(C)NC2CC2C2CCOCC2)CC1	0.037340
rxn:2:81801:72101	CCOC1(CNC2CCC(OC3CC3)CC2)CCOCC1	0.037335
rxn:2:94597:70258	CCS(=O)(=O)c1sc(NC2CCc3c2cnn3C(C)(C)C)nc1C	0.037329
rxn:2:110744:118683	CCCn1nc(C2CC2)c(C)c1NC1CCCCC1C1COC1	0.037324
rxn:2:126393:90221	COC(C)(C)c1ccc(NC(C)c2cnnc(SC)n2)cc1	0.037294
rxn:2:96428:73977	CCC(C)N1CCC(NC2C3CCC(C3)C2C(C)C)C(C)C1	0.037291
rxn:2:72435:94756	Cc1ccc(SCCC(C)NC[C@@H]2COCCN2C)cc1	0.037284
rxn:2:98221:101274	CC(CCc1ncccn1)N[C@H](c1ccc[nH]1)C1CCCC1	0.037280
rxn:2:113538:81881	CCCC(NCC1CC1c1ccc(C)nc1C)c1c[nH]cn1	0.037273
rxn:2:110179:73791	COc1ccc(C(C)Nc2cccc(OC3CC3)c2C)c(C)n1	0.037267
rxn:2:107655:104810	CC1CN(CC2CC2)CCC1NC[C@H]1C[C@@H](c2ccccc2)C1	0.037264
rxn:2:94547:87149	CC(C)(C)OCc1ccccc1NC1CCC(n2cnnc2)CC1	0.037249
rxn:2:106612:83644	CC1(CNC2CCCCC2CN2CCCC2)COc2ccccc21	0.037248
rxn:2:137611:141827	CCC(NC(C)C(CC)CC1CCCO1)c1ccncc1	0.037248
rxn:2:110118:109635	CCN1CCc2ccc(NC3CCN(C)C4(CCCCC4)C3)cc21	0.037243
rxn:2:117698:78054	CCCC1CCC(NCCN2CCC(F)CC2)C(OC)C1	0.037242
rxn:2:71897:125570	CCC(C)N1CCC(C)(C)C(NC2CC(C)N3CCCC2C3)C1	0.037239
rxn:2:86097:99393	CC(NCc1nc(C2CC2)ns1)c1ccc2cnoc2c1	0.037239
rxn:2:83270:89495	CC(NCC(F)(F)CN1CC2CC2C1)c1cc2[nH]ncc2cn1	0.037230
rxn:2:90543:92001	CSc1ccc(C(F)CNC2CCC(C)(C)C3CC23)cc1	0.037224
rxn:2:120534:100029	Cc1[nH]c(=O)c(NC(C)c2cc(C3CC3)cs2)c2c1CCCC2	0.037222
rxn:2:141875:116959	Cc1cc(CNC(c2cccnc2)c2cncs2)c(C)o1	0.037210
rxn:2:102989:85338	Cc1nn(C(C)C)cc1C(C)Nc1ncc(S(=O)(=O)C(C)C)s1	0.037208
rxn:2:113024:85435	CCN1CCC(CNC(c2ccnc(C)c2C)C(C)C)C1(C)C	0.037206
rxn:2:132615:80741	CC(C)(C)c1coc(CCNC2CCCCC2c2ccccn2)n1	0.037201
rxn:2:101021:95117	Cc1cc(C)c2c(c1)CC(Nc1cccnc1N1CCOCC1)CC2	0.037201
rxn:2:69703:80002	CCCC(CSc1cccs1)Nc1nc2n(n1)CCCC2	0.037192
rxn:2:104312:82536	CC(CCCc1cccs1)Nc1ccc(N=S(C)(C)=O)nc1	0.037187
rxn:2:104488:114942	CCOC1CCC(CNC2CCN(CC3CC3)CC2)CC1	0.037184
rxn:2:140332:125199	CC(N(C)CCNC1CCC(S(C)(=O)=O)CC1)C1(C)CC1	0.037184
rxn:2:122433:91619	CCOC1(CC(C)NCC2(OC)CCOCC2)CCC1	0.037183
rxn:2:92279:141463	Cc1ccc(C(NCc2cn(C)nc2C(C)C)C2CCCC2)o1	0.037183
rxn:2:65897:105165	CCc1ccc(NC(C)c2cc(C)cc(C)c2OC)c(OC)n1	0.037180
rxn:2:102618:140659	O=S1(=O)CC2(CCC(NC3CC4CCCc5cccc3c54)CC2)C1	0.037177
rxn:2:102954:92035	CCc1c(C)ncnc1NC(c1nccs1)c1nccs1	0.037166
rxn:2:112733:125354	CCCC(NC1CCCSCCC1)c1cc(C)ccc1C	0.037157
rxn:2:127898:109934	COc1ncnc2nc(CNC3CCCC4C3COC4(C)C)[nH]c12	0.037156
rxn:2:107096:109163	CC(N[C@@H]1CCCC[C@H]1N1CCCC1)c1cnn(C2CC2(F)F)c1	0.037151
rxn:2:137728:91712	CCc1cccc2c1C(Nc1cc3cncnc3s1)CC2	0.037151
rxn:2:107976:118131	Cc1cccc(C2CC2C(C)NC2CC(c3ncc(C)s3)C2)c1	0.037150
rxn:2:80773:134831	Cc1cncc(C(C)NC(C)CC(C)c2ccccc2C)c1	0.037142
rxn:2:74752:121611	CCCC(NC(C)C1CCOC(CC)C1)C(C)CC	0.037138
rxn:2:69159:97270	CCCC(COc1ccccc1)NCCC1CC1(F)F	0.037129
rxn:2:95261:91116	Cc1csc(C(NC2CCc3c(C)cccc3C2)C(C)C)c1	0.037129
rxn:2:132584:93390	CCC1(CC)C(NC(C)c2cnn(C(C)(C)C)c2C)CC1OC	0.037114
rxn:2:93580:124291	CCC(NC1CCC2CCC(C1)N2CC)c1cccc(OC)c1	0.037103
rxn:2:120933:107536	COC[C@H](NC1CC(c2ccnn2C)C1)c1ccccc1OC	0.037095
rxn:2:138668:131763	O=S1(=O)CCC(C2(CNC3CCc4cc(C5CC5)ccc43)CC2)C1	0.037084
rxn:2:137304:96029	CCCCN(C)c1cncc(NC(C)c2c(C)n[nH]c2C)c1	0.037080
rxn:2:80154:122606	COCCC(Nc1cccn2cccc12)c1ccco1	0.037079
rxn:2:97358:102780	Cc1c(C2CCCC2)noc1NC1CCC(c2n[nH]c(=O)o2)CC1	0.037073
rxn:2:136183:95627	COc1ccc(NC2C[C@H]3C[C@@H]([C@@H]2C)C3(C)C)c(OC2CC2)c1	0.037071
rxn:2:101636:90279	Cc1ccc2c(c1)CC(CCNC1CCc3c(C)cc(C)cc31)O2	0.037066
rxn:2:100751:117971	CCCOC1CCC(NCc2ccc3nc(CC)cn3n2)CC1	0.037066
rxn:2:125434:139934	CCOC1(CNCC2CCc3ccccc3O2)CCS(=O)(=O)C1	0.037047
rxn:2:66291:113097	CC1(C)OC2(CCCC2)C1NC1CCC(N2CCSCC2)CC1	0.037044
rxn:2:119761:85669	CCC1(NC(C)c2cccc(CN(C)C)c2)CCCC(C)C1	0.037042
rxn:2:109202:102564	CCC(C)Oc1ncc(NC(c2cn[nH]c2)C2CC2)cc1C	0.037041
rxn:2:67648:103826	CCCc1cn(C)nc1NC(CSC)c1cc(C)ccc1C	0.037038
rxn:2:84131:89746	COCCN1CCC(CNC2CC3(CCC(OC)C3)C2)C1	0.037037
rxn:2:123337:69107	CCCC(CN1CCSCC1)NC(c1ccco1)C(C)(C)C	0.037024
rxn:2:132220:130639	COC1C(NCc2cnc(SC)c(C)c2)c2ccccc2N1C	0.037021
rxn:2:98591:136794	CCOCn1cc(C)c(NC(C)CCc2cnn(C)c2C)n1	0.037018
rxn:2:106411:73579	CC(CC(C)SC1CCCCC1)NC1CCCC2CC21	0.036999
rxn:2:110755:141935	CCC(Cc1ccncc1)NCC1(OC)CCCCCC1	0.036997
rxn:2:131622:119375	CCC(CN(C)C1CC1)NC1(CC2CC2)CCOCC1	0.036988
rxn:2:127701:93175	CC(C)N1CCCCC1CCNC1CCN(C2CC2)CC1F	0.036982
rxn:2:135673:74850	Cc1cc(CNC(C)CCc2cncnc2)n(CC2CC2)n1	0.036977
rxn:2:73332:105994	CCN(CC)c1ccccc1NC1CCCC(F)(F)CC1	0.036971
rxn:2:133230:106394	Cc1nc(C2CC2)sc1CNC1c2ccccc2C2CCC1C2	0.036970
rxn:2:81793:75108	Cc1cc(C(C)Nc2ccc(OCCN(C)C)nc2)cnc1C	0.036967
rxn:2:105168:123917	COc1ccccc1C(NCc1ccc(N(C)C)nc1)C1CC1	0.036967
rxn:2:70206:77047	Cc1ncccc1CCNC(C)c1ccc2cnsc2c1	0.036954
rxn:2:122110:107161	CCCc1cccc2c1CCC2NCC1CCC2(CCCC2)O1	0.036953
rxn:2:117760:115567	COC1COc2ccccc2C1Nc1c(C)cc2c(c1C)OCCO2	0.036946
rxn:2:125335:96018	CCC(CC1CCCCC1)NCc1cnn(-c2ncccn2)c1	0.036946
rxn:2:131031:67647	COc1nc(NC2CCCCC2C2CCCCO2)ncc1C1CC1	0.036938
rxn:2:129861:75960	CCC(Nc1cc2cn(C)nc2cc1C)C1CCCCN1C(C)C	0.036931
rxn:2:133348:106780	CC(F)c1cccc(C(C)Nc2ccc(CS(C)(=O)=O)cc2)c1	0.036912
rxn:2:116409:128563	Cc1cnc2[nH]c(C(C)NCC3CN(C4CCOCC4)C3)cc2c1	0.036910
rxn:2:68105:66508	CCn1nc(C(C)Nc2c(C)nn(C)c2OCC(C)C)cc1C	0.036908
rxn:2:122265:87452	Cc1cccc2c1CC(NC1CCCC(C)CC1)CCS2	0.036903
rxn:2:91025:136040	CC(NCC1CCCCC1OC(C)(C)C)c1cccn2cncc12	0.036901
rxn:2:108447:102410	CCc1ncccc1C(C)NCC(F)C1CCCCCC1	0.036899
rxn:2:90317:109852	CC(NC1C2CCC1c1cnoc1C2)c1ccc(C2CCC2)cc1	0.036897
rxn:2:87166:98436	CC(C)Oc1cccnc1CNC1CCC1Oc1ccccc1	0.036896
rxn:2:118102:90591	Cc1c(-c2ccn[nH]2)nn(C)c1NC1Cc2ccccc21	0.036894
rxn:2:134896:113635	CC(Nc1ccc2[nH]ccc2n1)c1cc2n(n1)CCOC2	0.036883
rxn:2:128577:110070	CCC(NCCc1ccc(OC)nc1)c1ccccc1OC	0.036881
rxn:2:132068:80677	CCC(Nc1cncc(-c2ccn(C)n2)c1)C1CCCN1C1CC1	0.036876
rxn:2:84706:129273	COCc1nc(C(C)NCC(C)Cn2nc(C)cc2C)cs1	0.036875
rxn:2:115523:125572	COc1ccc([C@@H](NC2CCCC(C)CC2)C(C)C)cc1	0.036871
rxn:2:66621:95473	Cc1cc2cc[nH]c2cc1CNC1COc2cccnc21	0.036871
rxn:2:98079:123787	CCCSc1nnc(C(C)C)n1NC1COC2(CCCC2)C1	0.036867
rxn:2:137556:130512	CC(C)c1c[nH]nc1CNC1CCc2nc(C(C)(C)C)[nH]c21	0.036864
rxn:2:134253:115435	CC1CCc2cccc(NC3CCC4(c5nccs5)CC4C3)c21	0.036863
rxn:2:75326:134656	Cc1nn(C)c2c1C(NCCN(C)[C@H]1CCCN(C)C1)CCCO2	0.036862
rxn:2:128819:103947	CN1[C@H]2CCC(NCC3(CS(C)(=N)=O)CC(F)(F)C3)[C@@H]1CC2	0.036838
rxn:2:91215:90552	Cc1nn(C)cc1C(C)N[C@@H](C)c1cccc2cn[nH]c12	0.036835
rxn:2:94737:97808	Cc1cc(C(NCc2ccc(C(C)(C)C)cc2)C2CC2)ccn1	0.036825
rxn:2:106940:134304	CC(NCCc1ncno1)c1ncc(-c2ccco2)o1	0.036822
rxn:2:127789:134989	Cc1nc(NC(C)c2cccc(S(=O)(=O)F)c2)cc(C2CC2)n1	0.036821
rxn:2:104216:133938	CC(C)C(CCc1cccs1)NC1CCCc2cnoc2C1	0.036818
rxn:2:84718:139332	Cc1nn(C)c(NC2CCOC3(CCCCC3C)C2)c1CC(C)C	0.036815
rxn:2:115893:120004	CCC(NCCc1ccc2c(c1)CCO2)c1cc(C)cc(C)c1	0.036814
rxn:2:83213:133044	COc1cnc(C(C)NC2CCN(c3ccccc3)C2)c(OC)c1	0.036814
rxn:2:119180:119156	COc1cccc(C)c1[C@H](C)NC(C)c1cnnn1CC(C)C	0.036812
rxn:2:70653:91364	CCCC(Cc1ccccc1)NC1CN(C(C)C)C(C)(C)C1	0.036811
rxn:2:70826:118518	COc1ccc2c(c1C)CCC2NCc1ccc(C2CCC2)cn1	0.036802
rxn:2:115499:112998	CCC(Cc1nccn1C)Nc1cccc(S(=O)(=O)C2CC2)c1	0.036787
rxn:2:127469:126851	CC(C)CCn1cc(NC2CCc3ccccc3C2C)ccc1=O	0.036786
rxn:2:106361:69746	COCc1ccc(C(C)NC(c2ncccc2C)C2CC2)cn1	0.036786
rxn:2:138930:102564	Cc1cc2ncn(NC(c3cn[nH]c3)C3CC3)c2cc1C	0.036780
rxn:2:67225:117234	c1ccc(C(NCC2CC3(CCCCC3)CO2)c2nn[nH]n2)cc1	0.036780
rxn:2:131298:106694	Cc1cc(C(C)NCCC2(N(C)C)CCCCC2)c2ncnn2c1	0.036779
rxn:2:80437:140169	O=S(=O)(F)C1CCCCC1Nc1ccnc(C2CCOCC2)n1	0.036766
rxn:2:140945:141510	COc1ccc(OC)c2c1CC2Nc1cn(CC2CCCC2)nn1	0.036758
rxn:2:92130:124546	CCC(C)[C@H](NC(C)c1ncc(OC)cn1)c1cccc(C)n1	0.036758
rxn:2:138383:140431	c1cc2cc(CNCC3CCCc4cncn43)ncc2[nH]1	0.036758
rxn:2:135890:121038	COc1csc(C(C)Nc2nc(-c3cccs3)c[nH]2)c1	0.036756
rxn:2:79318:89795	CN(C)CCN1CCC(CNCC2COCCO2)C1	0.036754
rxn:2:92069:116677	c1ccc(C(NCC23CCCCCN2CCC3)c2cscn2)cc1	0.036747
rxn:2:113802:117042	CCCC1CC2(C1)CC(NCC1CC1(CC)CC)C2	0.036735
rxn:2:135855:91806	CCCn1ncc(C(C)NCc2cccc(S(C)(=O)=O)c2)c1C	0.036735
rxn:2:78757:97818	CCc1nc2nc(C)cc(NC3CC4(C3)CC3(CC(F)(F)C3)C4)n2n1	0.036733
rxn:2:81691:121359	Cn1cc(C2CC(N[C@@H](c3cccs3)C3CCCC3)CCO2)cn1	0.036732
rxn:2:75704:97818	Cc1cccc(C2CC2CNC2CC3(C2)CC2(CC(F)(F)C2)C3)n1	0.036728
rxn:2:101587:92020	CC(C)C(NC1c2ccccc2OCC1(C)C)c1ccccc1	0.036727
rxn:2:86639:122802	CC(NCc1cc(C2CCCC2)ncn1)c1cccnc1N(C)C	0.036727
rxn:2:126189:72938	Cc1ccc(C(C)C)c(C(C)NC2CCN(c3cccnc3)C2)c1	0.036721
rxn:2:135439:107673	CN1CC(CNC2C[C@@H]3CC4(CC4)C[C@@H]3C2)C2(CCCCC2)C1	0.036721
rxn:2:110866:134408	Cc1nc(C)n(CCCC(C)NC2(c3ncon3)CCCC2)n1	0.036716
rxn:2:99047:124465	CC1(C)CC(F)(F)CC(CNC(c2ccccc2)C2CCOC2)O1	0.036713
rxn:2:132600:72129	COc1noc(C)c1NC(c1ncccn1)c1ccco1	0.036709
rxn:2:85360:91806	CCCn1ncc(C(C)Nc2nc(CC)nc(C(C)C)n2)c1C	0.036705
rxn:2:100776:88742	Cc1nnc([C@H](C)NC(C)c2ccc3nncn3n2)[nH]1	0.036702
rxn:2:71642:68846	Cc1cc(C)c2c(c1)C(NC1CCOC(c3ccncc3)C1)C(C)O2	0.036699
rxn:2:105653:131175	Cc1csc(C(NCc2ccc(CC(C)C)o2)C2CC2)c1	0.036691
rxn:2:83402:70732	CCc1cc(NC(C)c2ncc(C)cc2OC)n(C2CCOC2)n1	0.036685
rxn:2:102172:133317	COCC(CC1CCOCC1)Nc1nc(-c2ccco2)n(C)n1	0.036683
rxn:2:109202:76620	CCC(C)Oc1ncc(NC2CCSc3sccc32)cc1C	0.036666
rxn:2:122203:126322	CC(C)c1ccc(C(C)NC2CCCC2C2CCCC2)cn1	0.036665
rxn:2:119257:111968	COc1ccc2c(c1)C(Nc1cccn(CCC3CC3)c1=O)CC2	0.036655
rxn:2:67334:111273	CC(NC1CCC(C)n2ncnc21)c1ccn2ccccc12	0.036654
rxn:2:127901:106295	CC(NC(C)(C)CC(F)(F)C1CCC1)c1cnc2ccccn12	0.036653
rxn:2:76178:119402	CC(NC1(c2cnn(C(C)C)c2)CC1)c1ccc(C(C)(C)C)cn1	0.036653
rxn:2:90741:118108	CC(C)c1cnn(C)c1NC(C)c1cnc2c[nH]ccc1-2	0.036647
rxn:2:92588:73283	CC(C)Oc1cnccc1NC1CCCCC1c1ccccc1	0.036647
rxn:2:105314:121961	Cc1ccc2c(c1)C(NCc1nc3ncccn3n1)CCS2	0.036630
rxn:2:138877:78697	CC(NC[C@H]1CC[C@H](S(C)(=O)=O)CC1)c1ccc(C(C)(C)C)nc1	0.036621
rxn:2:66630:135288	CCC(CNC1CC(c2cccnc2)C1)N(C)c1ccccc1	0.036619
rxn:2:78019:129032	c1nc2c([nH]1)CC(CNC1CCCCCCCCCCC1)CC2	0.036617
rxn:2:133452:79725	CCC(CNC(C)c1cccc(OC(C)C)c1)c1nnns1	0.036616
rxn:2:101646:120964	CCC1(CC)CC(N[C@@H](c2cc(C)c(C)o2)C2CCC2)C1	0.036610
rxn:2:90179:111134	CCC1(CNC2C(F)(F)CCCCC23CCC3)CCCS1(=O)=O	0.036609
rxn:2:67063:137420	COc1ccnc(NC2CCc3c[nH]c4cccc2c34)c1	0.036608
rxn:2:139576:137537	COc1ccc2c(c1)OCC2NCCc1noc(C2CCCC2)n1	0.036601
rxn:2:125607:93832	Cc1nn(C2CC2)c(NC2CCC3CCC2N3C(C)C)c1C1CC1	0.036597
rxn:2:84874:118493	Cc1cc(C)c(C(C)NC2CC3(CC4CCC3C4)C2)cc1C	0.036595
rxn:2:124483:127472	c1cncc(-n2ccc(NC3CCc4ccccc4C3)n2)c1	0.036591
rxn:2:86968:124348	Cc1cnc(C(C)Nc2cn[nH]c2-c2ccccc2)cn1	0.036585
rxn:2:126310:76654	CC1CN(CC2CCC2)CCC1NC1CC2CCC13CCCC23	0.036580
rxn:2:108266:128188	CC(Nc1cc(-c2ccncc2)no1)c1ccc[nH]c1=O	0.036575
rxn:2:123588:113128	Cc1ccc2sc(CCNC3CCc4c3ncn4C)nc2c1	0.036569
rxn:2:95193:88976	CC1(C)OC2(CCOCC2)C1NCc1cccc(CS(C)(=O)=O)c1	0.036567
rxn:2:123512:80693	CSc1cccnc1C(C)Nc1ccc2ocnc2c1	0.036538
rxn:2:101224:86043	CC(Nc1ccn(C(C)C)c(=O)c1)c1ccc2nncn2c1	0.036536
rxn:2:81869:124882	Cc1ccc2c(n1)OCC2NCc1cc(=O)[nH][nH]c1=O	0.036534
rxn:2:77749:85878	Cc1nc2c([nH]1)CC(C)(C)CC2NCCC1CC1c1ccncc1	0.036522
rxn:2:110379:89151	c1c2c(cc3c1CCC3Nc1nc3c(s1)CN(C1CC1)CC3)OCC2	0.036519
rxn:2:82246:95873	Cn1cc(N2CCC(NCc3nnnn3CC3CC3)CC2)cn1	0.036510
rxn:2:114759:129100	COc1ccc(C(Nc2ccn(CCSC)n2)C2CC2)cc1	0.036510
rxn:2:87187:91100	Cc1ncc(C(C)Nc2ccc(N(C)C3COC3)cc2)n1C(C)C	0.036505
rxn:2:84451:113568	CC[C@H](NCC1CCCc2ccccc21)c1cccc(C)c1	0.036500
rxn:2:131047:84016	Cc1cc(NCC2CCn3ccnc32)nc(-c2ccsc2)n1	0.036496
rxn:2:137000:91621	Cc1ccc2nc(C(C)NCC3CCCOC3C(C)(C)C)[nH]c2c1	0.036493
rxn:2:141984:87143	COc1ccc([C@@H](C)NC(C)CCc2cnsc2)c(OC)c1	0.036479
rxn:2:81253:108063	CC(NC1CCC[C@H]2CCCC[C@H]12)c1cccc2cc[nH]c12	0.036474
rxn:2:89647:122578	CC(C)c1cccc(C(C)NCc2cnccc2C2CCC2)n1	0.036471
rxn:2:102069:79121	CCN1CCC(CCC(C)Nc2cc(CC(C)(C)C)n[nH]2)C1	0.036464
rxn:2:125188:135834	COCCC(Nc1cn(CC2CCC2)cn1)C1CCOCC1	0.036456
rxn:2:125739:139149	Cc1cc2c(cc1C)C(NCC(C)CSc1ncn[nH]1)CO2	0.036454
rxn:2:84748:107721	CC(NC(c1cc(C2CC2)on1)C1CC1)c1cnn2c1CCCC2	0.036452
rxn:2:67334:125091	CC(NC1CCC(C)n2ncnc21)c1cc2cnccc2s1	0.036451
rxn:2:89845:134128	CC(Nc1ccccc1C(C)(C)C)c1ccc2nnnn2c1	0.036451
rxn:2:126837:87553	Cc1cccc2c(NC3COC(c4ccccc4)C3)cnn12	0.036447
rxn:2:130074:102081	CCCC(NCC1CC1C1CC(F)(F)C1)c1ncccc1C	0.036447
rxn:2:140574:133111	CCCCc1cc(C)c(NC2c3ccccc3OC2(C)C)cn1	0.036441
rxn:2:104097:111833	c1csc(SC2CCCC2N[C@@H]2COC[C@@H]2Oc2cn[nH]c2)c1	0.036432
rxn:2:96495:123273	Cc1cccc(C2(NC(CCOC(C)C)C(C)C)CC2)c1	0.036427
rxn:2:139508:79583	CCOc1cc(CCNC(C)c2ccccc2CC)ccn1	0.036426
rxn:2:88722:127877	Cn1cc2c(n1)CCCCC2Nc1nc2ccsc2s1	0.036423
rxn:2:73814:80348	CC12CCC(C(Nc3ccc(Sc4ncn[nH]4)cc3)C1)C(C)(C)O2	0.036416
rxn:2:118080:87412	Cc1cc(C(C)NC(C)c2cn(C3COC3)nn2)cnc1N(C)C	0.036416
rxn:2:79004:118171	COc1cccc2c1CC[C@@H](NC1COc3ccc(C4CC4)cc31)C2	0.036409
rxn:2:110236:116459	Cc1cc(NC(C)c2ccc(=O)n(C)c2C)cc(OCC2CC2)c1	0.036394
rxn:2:89474:91021	CCCCC(Nc1ncnn1C1CCCSC1)c1cnccn1	0.036391
rxn:2:66695:98548	Cc1cc(CC2(NC(CC(C)(C)C)c3cccnc3)CC2)n(C)n1	0.036389
rxn:2:110763:103629	CCCC(C)CCNC(C)c1ccnn1C(C)C1CC1	0.036389
rxn:2:132140:83077	CCC(Cn1cncn1)NCc1nc(OC)cc(OC)n1	0.036387
rxn:2:125289:105740	CCc1cnc2c(c1)C(NC1CCN(Cc3ccccn3)C1)CCC2	0.036386
rxn:2:121097:111075	CCOC(CNC(C)c1cccc2sncc12)C1CCCOC1	0.036379
rxn:2:67469:85671	CC(C)c1csc(C(C)CCNC2CCN(C)C23CCCC3)n1	0.036377
rxn:2:68988:139579	CCOC1CCCC(Nc2ccc(-c3cccnc3)cn2)CC1	0.036376
rxn:2:99926:114966	CCC(Nc1ccccc1O[C@H]1CCOC1)c1ccc(C)cc1	0.036374
rxn:2:97329:139444	Cn1cc(C2CCC(Nc3nccn4ncnc34)CC2)cn1	0.036371
rxn:2:114891:116745	Cc1ccc(C2CCC2Nc2cnn(CCS(C)(=O)=O)c2C)cc1	0.036357
rxn:2:68585:114921	CC(NCC(C)(C)C1(C(C)(C)C)COC1)c1cnc2occc2c1	0.036347
rxn:2:73473:137546	Cc1cccc(-n2cccc2)c1NC1CCc2cnoc2C1	0.036346
rxn:2:110582:124225	CC1C(NCC(C)(C)CC2CC2(F)F)CCN(C2CC2)C1C	0.036340
rxn:2:136882:69780	Cn1cncc1Cn1cnc(NC2CCCC(C(C)(C)C)CC2)n1	0.036339
rxn:2:66722:115973	CCc1ncc(C(C)NC(CC)c2ccc(OC)cc2C)n1C	0.036339
rxn:2:100959:70980	c1ccc(C(NC2COc3cccnc32)c2ccco2)cc1	0.036335
rxn:2:109653:93116	Cc1ccc(O[C@H]2C[C@@H](NC(C)CCC3CCCOC3)C2)nc1	0.036332
rxn:2:85588:128598	c1cc(-c2cnc(NC3CCCC3N3CCCSCC3)nc2)ccn1	0.036321
rxn:2:130310:141039	CCc1ccc2c(c1)CCCC2Nc1cnn(CCC2CC2)c1	0.036319
rxn:2:70403:130591	CC1Cc2cc([C@H](C)NC3CCc4ccc5c(c43)CCO5)ccc2O1	0.036314
rxn:2:116445:108589	c1sc(C2CC(NCCc3cnn4c3CCCC4)C2)nc1C1CC1	0.036314
rxn:2:91234:75104	CC(C)n1nnc2cccc(NC3CCCN4[C@@H](CCC[C@H]4C)C3)c21	0.036312
rxn:2:102526:122092	COC(C)Cn1ncc(NC2CC(C)(C)Cc3c2c[nH]c3C)c1C	0.036308
rxn:2:118321:135989	CCC(NCC1(C)CCCC(C)(C)O1)C(C)CC(C)C	0.036305
rxn:2:108616:70170	COCC12CC(NCC(CC(C)C)c3ccccc3)(CO1)C2	0.036302
rxn:2:89216:74551	CCOC(CNC1COc2cccc(OC)c21)C1CC(F)(F)C1	0.036301
rxn:2:125486:130899	Cc1ccnc(OC(C)C)c1NC1CCCC(C23CC(C2)C3)C1	0.036298
rxn:2:119135:73192	CCCCC(Nc1ncnn1-c1ccncc1C)C1CCCC1	0.036291
rxn:2:94123:137275	CCOc1c(NC(CC(C)C)C2CCOCC2)cnn(C)c1=O	0.036290
rxn:2:120895:136156	COc1cc[nH]c(=O)c1C(C)Nc1cnn2c1CC(N(C)C)CC2	0.036287
rxn:2:77264:102111	CCC(Nc1cc2cccnc2cc1C)C1CCN(C2CC2)CC1	0.036284
rxn:2:104140:126985	COc1c(C)oc(C(C)Nc2cc(N3CCCC3)ncn2)c1OC	0.036279
rxn:2:117811:124900	CCS(=O)(=O)C1CCC(NC2CCN(c3cc(C)nn3C)C2)CC1	0.036278
rxn:2:79794:127322	Cc1cccnc1C(C)NC(C)c1ccc2ccn(C)c2n1	0.036262
rxn:2:136074:113722	CCC(C)(C)c1[nH]ncc1CNC1CC2(CCC(F)(F)CC2)C1	0.036257
rxn:2:108643:141259	CCN1C(C)CN(C)CC1CCNC(C)c1cccnc1OC	0.036242
rxn:2:115142:73028	CC(C)CN1CCCC1CNCc1ccnn1C1CCN(C)C1	0.036240
rxn:2:75891:121440	Cc1cc2ncnn2cc1C(C)NCC1CCN(C2CCCCC2)C1	0.036234
rxn:2:82108:122992	Cc1cc(NC2CCCC[C@@H]2C2CCCCC2)nn1CC1COC1	0.036232
rxn:2:134100:132617	COc1nc(NCC2CCCCN2CC2CC2)nc(C2CC2)n1	0.036225
rxn:2:107433:140169	Cc1cc(-c2cc(NC3CCCCC3S(=O)(=O)F)n[nH]2)c(C)o1	0.036222
rxn:2:102025:114697	CCC(C)N1CCC(NCCc2cccc3cnccc23)CC1C	0.036222
rxn:2:90378:116856	COC(C)c1ccc(C(C)NC(c2cnn(C)c2)C(C)C)cc1	0.036218
rxn:2:137889:80403	Cc1nc(CC(C)C)c(NC2CC3CCCC(C2)N3C(C)C)s1	0.036217
rxn:2:109212:71413	Cc1cc(NC(C)c2sc(N(C)C)nc2C)n2ncnc2n1	0.036214
rxn:2:85289:94132	CCN1CCc2ncnc(NC(C)c3cnn(C4CCC4)c3C)c2C1	0.036208
rxn:2:71127:71179	CCN(CC)[C@H]1CC[C@@H](NC(C)c2cccc3c2CCC3)CC1	0.036202
rxn:2:120721:127540	CCn1nnc(NC(c2cc(C)sc2C)C(C)(C)C)c1C1CC1	0.036199
rxn:2:120392:121219	CCCC(NCC(F)(F)CN1CCC(C)C1)c1ccncc1	0.036199
rxn:2:91925:67425	CSc1cnc(CNC(C)c2cn(C(C)(C)C)nc2C)cc1C	0.036194
rxn:2:107303:90727	COc1ccc(C(C)Nc2c(C)nc3ccc(C)nn23)nn1	0.036191
rxn:2:67708:85815	CSc1ccc(NC2CCC2c2cccc(C)c2)c(C)c1	0.036189
rxn:2:92987:93557	Cc1ccc(C(NC2CCN(CCN(C)C)CC2)C(C)C)cc1	0.036183
rxn:2:78344:121709	CCOC1CC(NC(C)c2ccc3cccnc3n2)C12CCOCC2	0.036182
rxn:2:140070:101743	Cc1ccc(C(C)NCc2nc(Cn3cccc3)no2)s1	0.036180
rxn:2:110817:92177	c1cnc(N2CCC(NCc3cn(C4CCOC4)nn3)CC2)nc1	0.036177
rxn:2:79240:118457	CC(C)CCn1ncc(NC2CCCC(Cc3nccs3)C2)n1	0.036176
rxn:2:140565:74270	Cc1c(C(C)C(C)C)nn(C)c1NC1CCN(c2ccn(C)n2)CC1	0.036162
rxn:2:117127:71094	CCC(NCCc1nc(C)nn1C)c1cnc(SC)c(C)c1	0.036154
rxn:2:110756:118108	CC(NCC(F)(F)c1nccs1)c1cnc2c[nH]ccc1-2	0.036152
rxn:2:68065:76620	Cc1cc2noc(C(C)NC3CCSc4sccc43)c2o1	0.036152
rxn:2:70315:133325	CC(C)CCC(Cc1ccsc1)NC[C@@H]1CCc2nccn21	0.036145
rxn:2:100641:89504	CC(CCCn1ncccc1=O)NCc1nccn(C)c1=O	0.036142
rxn:2:120842:101019	CC(F)(CNC1CCCC2(CCCCCC2)C1)c1ccncc1	0.036141
rxn:2:119113:134193	CCCC(Nc1cnc2c(C)[nH]ccc1-2)c1ccco1	0.036140
rxn:2:110700:140234	CSc1cc(C)ccc1CNC1CCC(c2nc(C)no2)CC1	0.036140
rxn:2:76404:95112	c1ccc(C(Nc2ncn3c2CCCC3)c2cccs2)nc1	0.036138
rxn:2:97978:114290	c1cc(N2CCCCC2)nc(NC2CCN(C3CCCCC3)CC2)n1	0.036136
rxn:2:121403:111608	Cc1c(C(C)Nc2cncc(C3CC3)n2)cnc2nncn12	0.036134
rxn:2:81801:114455	CCCC(Cn1ccnc1)NCC1(OCC)CCOCC1	0.036131
rxn:2:138679:107157	CCC1COC(C)CN1CCNC1CCCC(c2cccn2C)C1	0.036130
rxn:2:90542:138767	Cc1cc(C)nc(C(C)Nc2ccn(-c3ccnnc3)n2)n1	0.036121
rxn:2:111917:70856	Cc1c(C2CCOCC2)noc1NC1CC(C(C)(C)C)n2nccc21	0.036120
rxn:2:73887:125135	CCn1nc(C)c(C(C)N[C@H]2CCN(C3CCCCC3)C2)c1OC	0.036118
rxn:2:125318:71382	CCCCC(Nc1nc2cc(C)cc(C)n2n1)C1CCS(=O)(=O)C1	0.036114
rxn:2:134281:136617	Cc1c(C(C)NCC2CC3(CCN(C)CC3)C2)c(=O)[nH]c(=O)n1C	0.036112
rxn:2:143066:136822	Cc1cc(=O)c2cc(NC(C)c3nc(C)oc3C)ccc2o1	0.036108
rxn:2:131840:71833	CCc1cccc([C@@H](C)NC(C)c2ccc(C(C)C)cn2)c1	0.036101
rxn:2:97668:105405	CCc1nn(CC)c(CC)c1NC(C)CC1CC2CCC1C2	0.036092
rxn:2:111251:109084	CCn1cc(C(CSC)Nc2ccccc2C(C)OC)cn1	0.036090
rxn:2:89724:68514	CCc1cc(C)c(NC2CCC3(CC3)C(C)(C)C2)cc1C	0.036088
rxn:2:84509:101621	CCCC(NC(C)Cn1cnnc1)c1cccc(SC)c1	0.036086
rxn:2:67604:129406	CC(C)CCn1ccc(=O)c(NC(C)c2snnc2C(C)C)c1	0.036081
rxn:2:134839:94756	Cc1ccc(SCCC(C)NCCc2cccnn2)cc1	0.036071
rxn:2:121628:82334	Cc1ncnc(C)c1NC(c1cccnc1)c1nnc[nH]1	0.036064
rxn:2:136847:87508	CC(Nc1cnc2ccsc2n1)c1ccccc1S(C)(=O)=O	0.036054
rxn:2:103243:71382	CCCCC(Nc1c(CC)noc1CC)C1CCS(=O)(=O)C1	0.036051
rxn:2:93817:139923	CC(CCN1CC(C)OC(C)C1)NC1CCC2(CCCC2)CC1	0.036033
rxn:2:104755:74669	CSc1cnoc1NC(c1ccccc1)c1ccsn1	0.036024
rxn:2:130735:135143	CCCCN1CCCC1C(CC)NC1CCCC2CCC21	0.036018
rxn:2:127168:87532	Cc1cc(C)cc(C2(NC3CCCCc4cnccc43)CC2)c1	0.036006
rxn:2:111179:110513	CC(C)C(NCCc1cccc(S(=O)(=O)F)c1)c1ccco1	0.036001
rxn:2:118953:113626	COc1nn(C)cc1NC(C)c1ccc(-c2cc[nH]c2)s1	0.036001
rxn:2:93860:122242	CSCC(CC1CCCC1)NC1CCN(c2cncnc2)CC1	0.036000
rxn:2:77351:127800	CCC(C)N1CCCCC1CNc1cc2[nH]cnc2c(=O)[nH]1	0.036000
rxn:2:82069:117450	c1cc(N2CCC(NCc3ccc(C4CCCCC4)s3)C2)ccn1	0.035999
rxn:2:114418:107673	c1cc(-c2ncc(CCNC3C[C@@H]4CC5(CC5)C[C@@H]4C3)s2)cs1	0.035995
rxn:2:109429:123180	COc1ccc2c(c1)CCC(NCCN1CCC(C(C)C)CC1)C2	0.035988
rxn:2:128756:124056	c1c[nH]c(C(NCc2ccc3nscc3c2)C2CCC2)n1	0.035986
rxn:2:68771:69746	COCc1ccc(C(C)NCC(C)c2cc(C)cc(C)c2)cn1	0.035977
rxn:2:99174:141454	Cc1ccncc1O[C@H]1C[C@H](NC(CC2CC2)CC2CC2)C1	0.035972
rxn:2:116417:107295	CCCN1Cc2ccc(NC(CCSC)C(C)C)cc2C1	0.035966
rxn:2:76854:114399	C[C@@H]1CC(NC2CCCCCCCCCCC2)C[C@H](C)O1	0.035962
rxn:2:75301:116856	CCN1CC[C@H](CCNC(C)c2ccc(C(C)OC)cc2)C1	0.035949
rxn:2:72812:68270	CC1CC(NC(C)c2ccccc2OC2CC2)c2ccccc21	0.035948
rxn:2:96324:100968	CCSCC(N[C@@H]1CCC[C@H]1N1CCOCC1)c1ccccc1	0.035939
rxn:2:110298:112865	CCC(Nc1cnccc1-c1ccoc1)c1ccsc1	0.035938
rxn:2:84740:120588	CCc1c(CS(C)(=O)=O)n[nH]c1NC1CCC(C)(C)c2occc21	0.035935
rxn:2:117797:106159	CCC(CNC(CCS(C)(=O)=O)C(C)C)S(C)(=O)=O	0.035929
rxn:2:77421:84904	COCCN1CCCC(NCCc2cnc(C3CC3)nc2)C1	0.035926
rxn:2:85900:73901	CC(NCc1coc2c1CCCC2)c1ncnc2ccsc12	0.035924
rxn:2:88329:127118	Cc1nc(CC2CCCC2N[C@@H]2C[C@H]2CN2CCN(C)CC2)co1	0.035924
rxn:2:126906:76082	Cc1cccc(C(C)NCCC23CC4(C)C2CCC43C)c1C	0.035920
rxn:2:135775:98229	CCC(NCc1ncc2ccccn12)c1ccc[nH]c1=O	0.035919
rxn:2:112777:108816	CCC(C)(NC(CSC(C)C)c1ccco1)c1nccs1	0.035916
rxn:2:129291:90810	COc1cccc(C2CC(NC[C@@H]3C[C@H](C)CC(C)(C)C3)C2)c1	0.035910
rxn:2:99596:120553	CCC(C)[C@H](NC1CCC(c2ncccn2)CC1)c1ccncc1	0.035902
rxn:2:99651:106256	CC[C@H](NC(C)c1ccc(SC(C)C)cc1)C(C)C	0.035902
rxn:2:137803:85904	CCCOc1ccccc1CNC1CCN(CCC)C(C)C1	0.035899
rxn:2:74328:129286	CCC1(CC)CCC(NC2CC3CCC(C2)N3C(C)C)CC1	0.035898
rxn:2:141274:127872	CN(C)CCOc1ccc(NC2CCN(C)C(C)(C)C2(C)C)cc1	0.035896
rxn:2:93070:119301	Cc1ccc2[nH]nc(NC3CCCc4cncnc43)c2n1	0.035895
rxn:2:72831:129487	CCCn1ccc(CNC(C)c2ccc3scnc3c2)n1	0.035886
rxn:2:119389:140488	CCC(C)n1ncc(C2CC2)c1NC1CCCC1c1nc(C)no1	0.035879
rxn:2:67231:105475	c1cc2n(c1)CCCC2NCc1ncn(-c2cnccn2)n1	0.035865
rxn:2:68334:121627	Cc1scnc1C(NC(c1ccco1)C1CCCC1)C(C)C	0.035859
rxn:2:76131:128120	CCSCc1csc(NC2c3cc(C)ccc3CC2(C)C)n1	0.035858
rxn:2:141965:137914	CCOc1ccc(CNC2CC(CCSC)C2)cc1OC	0.035857
rxn:2:68622:130817	CC(NCCC12CCC(CC1)C2)c1cccc2c1CCCC2	0.035850
rxn:2:118336:95072	Cc1cc2c(o1)CC(C)(C)CC2Nc1n[nH]cc1N1CCN(C)CC1	0.035847
rxn:2:90667:108041	Cc1nnc(-c2ccccc2NC(C)c2nc(C)c(C)o2)o1	0.035845
rxn:2:126353:98856	CCCC(N[C@H]1CCc2cc(C)ccc21)C1CCCCN1CC	0.035839
rxn:2:120717:120955	CCC(NC1CCN(C2CC(F)(F)C2)CC1)c1cn(CC)nc1C	0.035839
rxn:2:129844:103995	CCn1ncnc1CCNC(C)c1ccc2ocnc2c1	0.035834
rxn:2:110470:124086	CCCCN(C)C1CCCC1Nc1cnn(C)c1-c1cccs1	0.035833
rxn:2:85013:105408	CCC(C)(NC(C)CCCN1CCCCCC1)C1CC1	0.035832
rxn:2:98009:71009	Cc1c(C(C)NC2(CCS(C)(=O)=O)CCCCC2)cn[nH]c1=O	0.035822
rxn:2:106369:121798	CC(CCSC1CCCCC1)NC1CCCC(n2ncnn2)C1	0.035817
rxn:2:72013:72922	Cc1ccc(C2CCCC2NCC2CCC(c3nc(C)no3)O2)cc1	0.035815
rxn:2:80568:96906	CN(c1cc[nH]c1)C1CCCC1NC1CC[C@H](c2ccccc2)C1	0.035810
rxn:2:80748:84942	Cc1nc2ccc(NC3CCOc4c(C)cccc43)cn2n1	0.035808
rxn:2:129891:132808	CC(C)CCSc1ncnc(NC2CCC3CCCC2C3)n1	0.035808
rxn:2:128827:78519	COc1ccc(C)c(C(C)Nc2cnc3sccc3c2)c1	0.035805
rxn:2:128106:89418	CCC(COC1CCN(C)CC1)NC1c2ccoc2CCC1(C)C	0.035798
rxn:2:95934:71110	COc1cc(C)c2c(c1)C(NC[C@H]1C[C@H](OCC(C)C)C1)CC2	0.035797
rxn:2:76992:130896	CC(NC1CCC(c2ccccn2)CC1)c1cnn(C2CCCO2)c1	0.035793
rxn:2:138255:100921	Cc1ccccc1N1CCC(N[C@H]2CC[C@@H](CCN(C)C)CC2)C1	0.035785
rxn:2:90784:135197	CCC(NC(c1ccnc(C)c1)C1CC1)C(C)c1ccncc1	0.035785
rxn:2:138350:129732	CC(Cc1cccnc1)CC(C)NC1C[C@@H]2[C@H](C[C@@H]1C)C2(C)C	0.035784
rxn:2:119829:78305	Cc1cccc(C(Nc2ccc(S(C)(=O)=O)c(C)c2)C2(C)CC2)c1	0.035776
rxn:2:111870:98297	CCOc1c(NC2CCC(CS(C)(=O)=O)CC2)c(CC)nn1C	0.035774
rxn:2:72644:117076	CC(Nc1cc2cnoc2cn1)c1ncccc1S(C)(=O)=O	0.035771
rxn:2:128492:128572	CCCC(C)(CNC(CC)CC(C)C)c1ccncc1	0.035763
rxn:2:72903:99796	Cc1nc(CNC(C)CCSc2n[nH]c(=O)n2C)oc1C	0.035758
rxn:2:119839:121471	CCC(Cc1ccc(SC)cc1)NCC12CCC1C2(F)F	0.035750
rxn:2:93464:102427	COC(CNC(C)c1ccc2sncc2c1)c1cncs1	0.035747
rxn:2:88950:103504	CC(C)c1nccc(C(C)Nc2cccc3cc[nH]c23)n1	0.035746
rxn:2:78716:105370	Cc1nc(NC2CC(C)S(=O)(=O)c3sccc32)ncc1S(C)(=O)=O	0.035746
rxn:2:86624:89477	CCOC1(CNC2CCC[C@@H](CC)C2)CCCC(C)(C)C1	0.035746
rxn:2:87648:141707	COC[C@@H](NC1CSCCc2ccccc21)c1cc(C)cc(C)c1	0.035744
rxn:2:86064:72446	CC(CCc1cccc(=O)[nH]1)NCc1ccc(C2(F)CC2)cc1	0.035741
rxn:2:70387:141013	CCn1ncnc1C(C)Nc1ccnn1-c1ccc(C)cc1	0.035730
rxn:2:108678:70022	CCC(C)(C)N1CCC(Nc2ccc3cc(C)cnc3c2)CC1C	0.035727
rxn:2:137706:136054	Cc1cnc(CCNC(C)c2ccn3nc(C)cc3c2)cn1	0.035725
rxn:2:73684:78927	CC[C@@H](NC1CCN(Cc2ccco2)C1)c1nc(C2CC2)n[nH]1	0.035724
rxn:2:131873:106159	CC(C)C(CCS(C)(=O)=O)Nc1c[nH]c(=O)[nH]c1=O	0.035719
rxn:2:109042:80534	CCC(Cc1nc[nH]c1C)NC(C)CCc1cccc(C)n1	0.035718
rxn:2:70142:74240	Cc1cc(C)c2c(c1)CCC2Nc1ccn(C(C)CC(C)C)n1	0.035718
rxn:2:75787:68356	Cc1cn(-c2ncccn2)nc1NC1CCC2(CCCCC2C)CC1	0.035717
rxn:2:90712:81380	CCc1cnc(N(C)CCNC(c2cn[nH]c2)C(C)(C)C)nc1	0.035714
rxn:2:104632:120588	CC1(C)CCC(N[C@@H]2CC(F)(F)c3ccccc32)c2ccoc21	0.035712
rxn:2:84118:101477	CC(CCn1[nH]c(=O)ccc1=O)NC1(c2ncccn2)CCC1	0.035711
rxn:2:110871:87494	CS(=O)(=O)CC(NC1CCC(N2CCCC2)CC1)c1ccccc1	0.035709
rxn:2:119830:84016	CCc1nc2ccc(CNCC3CCn4ccnc43)cc2s1	0.035709
rxn:2:76845:115204	CCC(Nc1cccc2c(C)ccnc12)c1cccs1	0.035696
rxn:2:91808:115721	CC(C)Cc1cncc(CNC2OC(=O)c3ccccc3C2=O)c1	0.035693
rxn:2:109637:78696	COC(C)(C)Cn1cc(NC(C)c2csc(C(C)(C)C)c2)cn1	0.035684
rxn:2:111211:124107	CC(NCC1(N2CCN(C)CC2)CCC1)c1nc2c([nH]1)CCCO2	0.035679
rxn:2:81331:126405	Cc1cc(OCC2CC2)ccc1NC1CC(C)(C)CC1(C)C	0.035670
rxn:2:98325:137982	CCC(NC1(CC2CCOCC2)CC1)c1c[nH]c2ccccc12	0.035666
rxn:2:78808:81613	CCCSc1n[nH]c(NC2CCC(C)(N3CCCC3)CC2)n1	0.035663
rxn:2:103835:88076	CCn1nc(C)c(C2CCC2)c1NC1CCc2cccnc2CC1	0.035656
rxn:2:86274:121298	CCC(Cc1ccccc1)NCc1cnn2ccccc12	0.035650
rxn:2:91990:132067	COc1ccc2c(c1)C(N[C@H](c1ccccc1)C1CCC1)C(F)C2	0.035644
rxn:2:140730:123180	COc1ccc2c(c1)CCC(Nc1ccnc3ccsc13)C2	0.035638
rxn:2:74163:85735	COCc1cc(C)c(NC2CC(c3noc(C(C)C)n3)C2)c(C)c1	0.035636
rxn:2:142012:95117	Cc1cc(C)c2c(c1)CC(NCc1ccnn1C1CCCSC1)CC2	0.035625
rxn:2:125182:123917	COc1ccccc1C(Nc1nccc2nncn12)C1CC1	0.035625
rxn:2:96359:114813	CCC(Nc1cccc(N(C)C)n1)c1ccc2nccn2c1	0.035625
rxn:2:72511:85669	Cc1[nH]c(=O)[nH]c(=O)c1NC(C)c1cccc(CN(C)C)c1	0.035616
rxn:2:111309:86138	COc1ccc(CN(C)C)cc1NC1CCCCc2cnn(C)c21	0.035612
rxn:2:68743:132595	c1ccc(C(NC23CC(C4CCCCC4)(C2)C3)c2ccco2)nc1	0.035596
rxn:2:121378:96295	c1cc(NC2CCC23CCCCCCC3)n(C2CCSCC2)n1	0.035582
rxn:2:74699:127451	CCC1CC(Nc2ncc(SC)c(OC)n2)CCC1C(C)C	0.035576
rxn:2:119082:106256	CC(C)Sc1ccc(C(C)NCc2cnn3c2COCC3)cc1	0.035570
rxn:2:80685:85989	CCc1cnccc1CNC(C)c1nccc2ncccc12	0.035563
rxn:2:113708:141800	CC(C)c1nc(C(C)Nc2cc(-c3nccs3)no2)cs1	0.035562
rxn:2:123986:130027	CCC(CCS(C)(=O)=O)NC(C)(C)CN1CCCCC1C	0.035555
rxn:2:111320:132067	COc1ccc2c(c1)C(NC(CC(C)C)c1cccnc1)C(F)C2	0.035546
rxn:2:109499:131475	O=C1CC(NCc2nccn3cncc23)Oc2ncccc21	0.035537
rxn:2:79523:107185	Cc1nc2ccccn2c1C(C)NC12CCC(C(C)C)(CC1)CC2	0.035534
rxn:2:120697:103540	CCCc1cnnc(NC(C)c2ccc3c(C)cnn3c2)c1	0.035531
rxn:2:68649:97863	CC(NCC1(C2CCOCC2)CCC1)c1cncc(S(C)(=O)=O)c1	0.035519
rxn:2:136565:93040	CCCc1nn(C)c(CNC(c2cccc(C)c2)C(C)C)c1C	0.035509
rxn:2:92374:87511	CCOc1cnccc1C(C)Nc1cccc2nc(C)cn12	0.035508
rxn:2:111929:85274	CCOc1cccnc1C(C)Nc1ccc2nccn2c1C	0.035508
rxn:2:112401:95689	CC(CCC1CCCO1)NCCc1c[nH]nc1-c1ccsc1	0.035507
rxn:2:86658:116770	CCC(NC(c1ccc(C)o1)C(C)(C)CC)C1CCCOC1	0.035494
rxn:2:74499:135404	Cc1cc2ncc(C(C)NC(C)Cc3ncccn3)cn2n1	0.035488
rxn:2:121939:116676	Cc1cnc(C(NC2CCc3ccc(C(C)C)cc32)C(C)C)nc1	0.035486
rxn:2:69278:71527	CCn1nccc1C1CCC(NC(C)c2cn(C(C)(C)C)nc2C)C1	0.035479
rxn:2:124073:137026	CC1(C)CCC(N[C@H](c2ccc[nH]2)c2cccs2)C(C)(C)C1	0.035477
rxn:2:65818:107483	CCc1ccc([C@@H](NC2CCC(F)(F)CC2OC)C(C)C)cc1	0.035460
rxn:2:77194:109298	Cc1ncc(C(C)NCCc2nnc3c(C)cccn23)cn1	0.035454
rxn:2:72621:71442	CC(NCC1(C)CC(C)C(F)(F)C1)c1ccc(S(=O)(=O)F)cc1	0.035452
rxn:2:87919:76882	COc1c(C)cnc(CCNC2CCCCC23CCCN(C)C3)c1C	0.035451
rxn:2:99077:86002	CCCSc1cc(NC2CCCc3cc(OC)cnc32)n(C)n1	0.035443
rxn:2:103187:121440	Cc1cc2ncnn2cc1C(C)Nc1nc(=O)[nH]nc1C	0.035435
rxn:2:132520:93695	Cc1cc(C)c2c(c1)C(NCc1cnc3cn[nH]c3c1)CO2	0.035430
rxn:2:140759:77688	Cc1ccc(C(C)(F)CNC2CCN(c3ccncc3)CC2)cc1C	0.035429
rxn:2:129638:122162	Cc1ccc2c(n1)CCCC2Nc1cccc2ccnnc12	0.035416
rxn:2:137399:101419	CC12CCCCC1C(NC1CC1C1CCCCC1)CCC2	0.035415
rxn:2:118938:99066	CCCC(NCc1cccc2ccncc12)C(CC)CC	0.035390
rxn:2:135414:66615	CCS(=O)(=O)C1CC1CNCC1CCCCN1CC(C)C	0.035383
rxn:2:69586:77623	c1ccc2c(c1)CCCC2Nc1cc(CCC2CCCC2)n[nH]1	0.035377
rxn:2:95469:90042	CCN(CC)C1CCC(NCc2ncnn2-c2ccccc2)CC1	0.035375
rxn:2:99915:132499	Cc1ccc2cc(CNC3CCC(C)(C)N(CC(C)C)C3)[nH]c2c1	0.035375
rxn:2:137817:92731	COCCc1ccc(C(C)NC2Cc3ccccc3C2(C)C)cc1	0.035375
rxn:2:84748:111462	CC1(C)Cc2ccoc2C(NC(c2cc(C3CC3)on2)C2CC2)C1	0.035369
rxn:2:128038:128872	CC(C)CC1CCC(NCCN(C)CC2CCCN2C)C1	0.035367
rxn:2:113302:78402	CCOc1ccncc1C(C)Nc1nc2ncc(C)nc2s1	0.035366
rxn:2:92281:72771	CCc1ccc(CC(CC)NC2CC(CC(C)C)C2)s1	0.035365
rxn:2:83746:110590	COC1(CC(C)NCC2(C3CCC3)CCCCN2C)CCC1	0.035356
rxn:2:128414:108043	CCn1ccc(-c2cnc(NC(C)c3cn(C)cc3C)s2)n1	0.035355
rxn:2:69955:99881	Cc1ncc2cnn(C)c2c1NC1C[C@H](C)c2ccccc21	0.035352
rxn:2:97685:111113	CCC(CSc1n[nH]c(=O)n1C)Nc1c(C)ccn(C)c1=O	0.035351
rxn:2:79535:98928	CCc1ncc(C(C)Nc2cccc3ccc(=O)[nH]c23)n1C	0.035350
rxn:2:82845:133171	Cc1cc(CS(C)(=O)=O)ccc1NC(CC(C)(C)C)c1ncco1	0.035347
rxn:2:141834:129266	CCn1ncc(NC2CCCC2Cn2cncn2)c1CC1CCC1	0.035340
rxn:2:108794:112739	CCC(C)C1(C)CC(NCc2nn[nH]c2-c2ccnn2C)CCO1	0.035336
rxn:2:81197:76424	CC[C@@H](NC(c1ccc(C)o1)C1CCC1)c1ccc(OC)nc1	0.035336
rxn:2:91540:74959	CCCOC1CC(C)CCC1CNC(CC)C1(C)COC1	0.035334
rxn:2:110005:117919	COCCn1nc(C)c(CNC2c3ccc(=O)[nH]c3CC2C)c1C	0.035329
rxn:2:101424:80445	CCC(Nc1cnc(C2CCCC2)nc1)c1ccc(C)cc1C	0.035327
rxn:2:84451:113892	CC[C@H](NC(C)c1cc2cncnn2c1)c1cccc(C)c1	0.035324
rxn:2:112381:116623	COc1ccc(C[C@H](C)NC(c2ccc(C)s2)C(C)C)cc1	0.035323
rxn:2:99462:134635	CCC(NCC(c1cnn(C)c1)N(C)C)c1ccc2c(c1)CCC2	0.035321
rxn:2:89784:138170	CSCCn1c(C)c(NC2CC(C)Sc3ccccc32)ccc1=O	0.035317
rxn:2:88631:104956	COc1cc2c(cc1C)C(Nc1ccccc1OC1CCOC1)CC2	0.035317
rxn:2:94258:66762	COC[C@@H](NC(C)c1cnc(CSC)s1)c1cccc(C)c1	0.035310
rxn:2:89699:71515	CC(NCCc1cncn1C)c1sccc1-c1cccs1	0.035308
rxn:2:68626:136837	CCC(Nc1ccnc(C2CC2C)n1)c1cccc(C2CC2)c1	0.035306
rxn:2:136720:69452	CC(NCc1ccnc2[nH]cnc12)c1cnn(C(C)(C)C)c1	0.035303
rxn:2:68069:69452	CC(NCc1cnc2[nH]ncc2c1)c1cnn(C(C)(C)C)c1	0.035303
rxn:2:89246:103744	Cc1cnccc1C(Nc1nnc(SC(C)C)n1C)C1CCC1	0.035291
rxn:2:141245:126775	Cc1sc(C)c2c1CCCC2Nn1c(C)nc2cccnc21	0.035289
rxn:2:83963:147187	CC1(NC2CCc3c2nnc2ncnn32)Cc2ccccc21	0.035283
rxn:2:85061:133986	CC(Nc1cn(CC2(C)CCCC2)nn1)c1ccc2c(n1)CCCC2	0.035277
rxn:2:80788:101477	COCC1(CNC(C)CCn2[nH]c(=O)ccc2=O)CCC1	0.035277
rxn:2:80808:130552	COC1(CNC2CCC(CCCC(C)C)CC2)CCC1	0.035276
rxn:2:105447:87887	CCN(CC)c1cc(NC2CCc3cccc(C)c32)ccc1C	0.035276
rxn:2:74296:91634	CC1C(NCC(F)(F)CN2CC3CC2CO3)C[C@]2(C(C)C)C[C@H]12	0.035276
rxn:2:83268:75190	CCC(CC)C(NCCC1CCC(C)(C)CO1)c1ncco1	0.035269
rxn:2:109680:105475	CCn1nc(-c2ccsc2)cc1NC1CCCn2cccc21	0.035254
rxn:2:67133:136306	CC1COc2c(NC(C)c3cncc4cn[nH]c34)cnn2C1	0.035252
rxn:2:127464:92262	CCS(=O)(=O)CC1(CNC2C[C@H](C)CC[C@H]2C(C)C)CCC1	0.035246
rxn:2:95462:76819	Cc1nc2n(c1C)CCCC2Nc1cnnc2[nH]nnc12	0.035237
rxn:2:81637:85766	CCC(NCc1cnnc2ccccc12)C1CCN(CC(C)C)C1	0.035235
rxn:2:91381:73599	COc1ccc(CNC(C)c2cn(C)nc2C2CCC2)c(OC)n1	0.035232
rxn:2:81737:137161	CC(C)(C)CCn1ccnc1CNC1CCC1(C)c1ccccc1	0.035227
rxn:2:127348:111207	CCc1cccc(NC(C)c2ccc(OC(C)C)nc2)c1OC	0.035218
rxn:2:120819:70721	CCC1OCCC2CC(Nc3cccc4c(OC)nccc34)CCC21	0.035217
rxn:2:105177:86527	COC(C)Cn1cc(NC(C)c2ccc(N(C)C)nc2)ccc1=O	0.035216
rxn:2:88656:115275	CCCCC(NCCn1nccc1C(C)(C)C)c1ncccn1	0.035214
rxn:2:126203:86917	CCSCC(Nc1ccnc(OC(C)(C)C)c1)c1cccn1C	0.035189
rxn:2:72644:97161	Cc1ccc(C(Nc2cc3cnoc3cn2)C2CC2)c(C)c1	0.035188
rxn:2:79686:132627	CC(C)c1c(NC2CCOC3(CCCCCC3)C2)n(C)c(=O)[nH]c1=O	0.035186
rxn:2:76226:114486	Cc1ccc(C(C)NCCc2cc3ccccn3n2)cc1C	0.035186
rxn:2:101170:103647	CCCC(NC1CCN(C)C2CCCC12)C1CCN(CC)CC1	0.035183
rxn:2:85854:71259	CCC(N[C@H](C)C12CC3CC(CC(C3)C1)C2)c1ccccc1	0.035183
rxn:2:106897:105269	CC(C)OCCC(NC(c1ncccn1)C(C)(C)C)C(C)(C)C	0.035181
rxn:2:94593:130950	CCC(CCc1ccccc1)NC1CC2(CCN(CC)CC2)C1	0.035178
rxn:2:73698:83197	c1csc(SC2CCC(NCc3cnn(C4CCC4)c3)CC2)c1	0.035169
rxn:2:98051:111968	COc1ccc2c(c1)C(NCc1ccc(OC(C)C)cc1C)CC2	0.035160
rxn:2:70704:110174	Cn1cccc1[C@H](NC1CCCc2[nH]ncc21)c1cccs1	0.035157
rxn:2:80856:137244	COc1c[nH]c2c(NC(C)c3cc(C)c(C)o3)cccc12	0.035147
rxn:2:133683:120667	COc1cccc2occ(CNC(C)c3ncccc3C)c12	0.035132
rxn:2:95365:116269	Cc1cccc(C(CNC2c3c(C)cc(C)cc3OC2C)N(C)C)c1	0.035129
rxn:2:108362:92326	CC(CCCn1cccn1)NCc1cc(OC(C)C)n(C)n1	0.035114
rxn:2:71338:109094	CCc1cc2ccc(NC3CCC4(CCOC4(C)C)CC3)nc2cn1	0.035113
rxn:2:87499:116552	CCCC(C)(NC1CCOC2(CCC(C)(C)C2)C1)c1nnc(C)n1C	0.035113
rxn:2:95495:69806	CCOCc1ccc(NC(C)c2cnn(CCOC)c2)cc1	0.035108
rxn:2:117756:117221	CC(Nc1oncc1C1CCCCC1)c1n[nH]c2ccnn12	0.035102
rxn:2:78759:92402	CC(C)Cc1ncccc1CNC(C)c1cnn(CC2CC2)c1	0.035098
rxn:2:109638:111040	CCn1cncc1C(C)NCC(F)(F)Sc1ccccc1C	0.035092
rxn:2:136957:91421	CC(NC1c2cncn2CC1(C)C)c1ccc2[nH]ccc2c1	0.035072
rxn:2:88767:138025	Cc1cccc(C)c1C(NCC1CN(C)CC12CCCC2)C(C)C	0.035071
rxn:2:135244:109001	CCCc1ncc(C(C)NCc2c(OC)nnc(C)c2C)c(C)n1	0.035068
rxn:2:95580:116607	CN1CC(Cn2cc(CNC(c3cccnc3)C3CCC3)nn2)C1	0.035065
rxn:2:78702:85020	CCC(F)(F)c1ccccc1NC(C)c1cc(C)cc(OC)n1	0.035056
rxn:2:124391:133700	CC(C)CCn1ccc(CNC(C)CCc2cccnc2)n1	0.035056
rxn:2:79956:122251	Cc1[nH]c(=O)c(C(C)NCC2CCCCN2CC2CC2)c(C)c1C	0.035055
rxn:2:134173:113983	C=C=CC(Nc1nc2c(s1)C(F)(F)CC2)c1ccc(OC)cc1	0.035044
rxn:2:72024:70872	CC(CCN(C)Cc1cccs1)NCC(C)(C)n1cncn1	0.035043
rxn:2:85244:93985	CC(C)C(CC1CCOCC1)NC(C)C1CCCC(F)(F)C1	0.035040
rxn:2:87316:121344	COc1ccc(C(C)(C)NC(C)c2cc(OC)cnc2OC)nc1	0.035038
rxn:2:117314:80348	COc1cccc(CCC(C)NC2CC3(C)CCC2C(C)(C)O3)c1	0.035035
rxn:2:127842:87103	CC(C)n1ncc2c1CCC(Nc1cnc3cnccc3c1)C2	0.035032
rxn:2:127368:133016	Cc1ccc2c(c1)C(NC(C)CCN(C)CC1CC1)CC(C)C2	0.035030
rxn:2:72456:98285	COc1ncc2c(n1)C(Nc1c3ccccc3nn1C)CCC2	0.035030
rxn:2:69975:74861	C[C@@H]1CC(Nc2ccc(-n3cncn3)cn2)c2ccccc2O1	0.035026
rxn:2:124712:123207	CC1CCC2(CC1)CC(NC(C)Cc1cccc3[nH]ncc13)CCO2	0.035024
rxn:2:120933:93604	COC[C@H](NC(C)c1ccnn1C(C)(C)C)c1ccccc1OC	0.035023
rxn:2:107742:129116	COc1ccc(N(C)C)c(NC(C)c2cnc3n(c2=O)CCS3)c1	0.035001
rxn:2:114935:135788	CC(NC1(c2cnn(C)c2)CC1C)c1cccc2ncncc12	0.034997
rxn:2:105162:114510	COc1cc(C(C)Nc2nnc(-c3scnc3C)s2)ccn1	0.034983
rxn:2:140371:78589	CC(C)C(CCS(=O)(=O)F)NCc1cc2c(s1)CN(C)CC2	0.034979
rxn:2:125956:90181	c1ccc(C(Nc2ccnc3nn[nH]c23)C2CCCC2)cc1	0.034977
rxn:2:141655:100613	Cc1ccc2c(c1C)C(Nc1nnc(-c3nccn3C)o1)CC2	0.034975
rxn:2:82904:78575	CCC(C)CCCC(C)N[C@@H](C)c1ccc2c(c1)CC2	0.034967
rxn:2:123529:112262	COc1cc(C)cc2c1OCC2Nc1ncc2c(C)cccn12	0.034963
rxn:2:77345:141908	CC(C)CSc1nnc(NC(C)c2cnc(C3CC3)s2)s1	0.034961
rxn:2:123321:75432	CCCc1nc(NC(c2ncccc2C)C2CCC2)nc(OC)n1	0.034958
rxn:2:80198:74936	CCn1c(=O)oc2ccc(NCC3CCc4cccnc43)cc21	0.034958
rxn:2:111901:123273	Cc1ncn(-c2ccc(NC(CCOC(C)C)C(C)C)cc2)n1	0.034956
rxn:2:117761:132558	Cc1cccc2c1OC(C)C2NCc1nc(C)c2ccccn12	0.034949
rxn:2:83532:92936	COC(CNC(c1nnc[nH]1)C1CCCCC1)c1cnn(C)n1	0.034943
rxn:2:111672:127800	CCC(C)N1CCCCC1CNc1ccc(CC2CCC2)cn1	0.034928
rxn:2:81057:132461	CCCCC1CCCCC1Nc1ccc2c(c1)OC(C)(C)C2	0.034923
rxn:2:107297:121440	Cc1cc2ncnn2cc1C(C)Nc1ccc(C2COC2)cc1	0.034915
rxn:2:82806:102043	Cc1ccc2c(c1)C(NCc1[nH]nc(C(C)C)c1C)CCCC2	0.034914
rxn:2:86825:112014	Cc1ccc2c(NC(c3ccncc3)C3CC3)ccnc2c1	0.034911
rxn:2:85021:103801	CCc1cnn2c(NC3CCc4c(OC)cccc43)ncnc12	0.034896
rxn:2:112041:104878	Cc1ccc(C(C)Nc2ccc(-c3cnc(C)o3)nc2)cc1	0.034895
rxn:2:128282:93291	CCc1ccc(C(CC)NCC2CCCC3(CCOCC3)O2)cc1	0.034894
rxn:2:127826:117883	CSC(CNC1CCN(Cc2cn[nH]c2C)C1)C1CCCCC1	0.034890
rxn:2:113565:129286	COc1ccc(C(NC2CC3CCC(C2)N3C(C)C)C(C)C)cc1	0.034884
rxn:2:80573:92720	CC(CC(C)SC1CCCC1)Nc1ncc2c(n1)C(C)OC2C	0.034881
rxn:2:120392:89581	CC1CCN(CC(F)(F)CNC2CCCc3nc(C4CC4)[nH]c32)C1	0.034870
rxn:2:133147:77792	Cc1c(C2CC2)nn(C2CC2)c1NC1CCCCC1Cn1cncn1	0.034860
rxn:2:79097:113977	CC(Nc1ccc(N2CCCC2)cc1)c1cnc2ccnn2c1	0.034828
rxn:2:90995:84134	CCC(CN(C)Cc1cscn1)Nc1cnc2c(c1)CCN(C)C2	0.034828
rxn:2:137222:133373	CC(Nc1cncc(C(C)(C)F)n1)c1cnc2cnn(C)c2c1	0.034826
rxn:2:66301:77782	COn1cc(C(C)N[C@H]2CCN(c3ccccc3)C2)c(=O)[nH]c1=O	0.034822
rxn:2:116953:104436	Cc1ccsc1C(C)N[C@H](C)c1ccc2ccccc2n1	0.034819
rxn:2:117528:107092	CCC(NCC1CN(C)CC12CCOCC2)C1CC(C)OC(C)C1	0.034817
rxn:2:68915:85999	CCOc1cccc2c1CCC2Nc1ccc2nc(C)cn2n1	0.034816
rxn:2:130360:117221	CCCCN1CCN(C)CC1CNC(C)c1n[nH]c2ccnn12	0.034813
rxn:2:97832:136132	CCSc1cccnc1C(C)Nc1cnn(C2CC2)c1CC	0.034811
rxn:2:97724:71294	CC(C)c1nccn1CCNC(C)c1c[nH]c(=O)[nH]c1=O	0.034809
rxn:2:115194:111113	CCC(CSc1n[nH]c(=O)n1C)NC(C)c1c(C)coc1C	0.034798
rxn:2:123065:125659	CC1(C)OCC(NCC2CCCCCCCCC2)c2cccnc21	0.034797
rxn:2:71016:90181	c1ccc(C(NC2CCOCC2N2CCCCC2)C2CCCC2)cc1	0.034792
rxn:2:75869:78603	CC1C(NC2CCSC3(CCCCC3)C2)CC1c1ccccc1	0.034790
rxn:2:137135:138211	COc1ccc(NC(C)CCn2ccnc2)c2cn[nH]c12	0.034779
rxn:2:92357:81541	CCC(C)Oc1cccc(CNC2COc3cc(C)cc(C)c32)c1	0.034773
rxn:2:128163:124638	COc1ccccc1CCC(C)NCC1CCc2ccccc2O1	0.034770
rxn:2:101986:79065	CCCC(C)c1nn(C)c(NC2CCCCc3c2cnn3C)c1C	0.034770
rxn:2:78711:87412	Cc1cc(NC(C)c2cn(C3COC3)nn2)cc2ncn(C)c12	0.034769
rxn:2:136797:135691	CC(CNC(C)c1cnc2cc[nH]cc1-2)Cc1nnns1	0.034766
rxn:2:77625:119491	CCC(NC(C)c1ccc(OC)nc1C)c1cnc(OC)cc1C	0.034765
rxn:2:74889:73599	CCn1nc(CNC(C)c2cn(C)nc2C2CCC2)c2c1CCC2C	0.034764
rxn:2:104163:108905	CCC(C)CC(NC(CC)C1CC1(C)C)c1ccccn1	0.034761
rxn:2:89878:120087	CC(C)CCO[C@H]1CC[C@H](NC2CCC(C(C)C)C2)CC1	0.034758
rxn:2:135710:100968	CCSCC(NCc1cncc(SC)c1)c1ccccc1	0.034756
rxn:2:76672:69480	COCCC(NC1CCCC(n2cccn2)C1)c1cccc(C)c1	0.034746
rxn:2:67997:135431	COCc1nc(C2CC(NCCc3cc(=O)n(C)[nH]3)C2)no1	0.034742
rxn:2:92917:126976	CN(C)CC(NCc1cnc(N2CCOCC2)s1)c1ccccc1	0.034729
rxn:2:71610:121531	CCn1cc(CNC(C)CCN2CCOCC2)c(C2CCC2)n1	0.034714
rxn:2:107384:95484	CCc1nn(C(C)C)cc1CNC1CCN(CCOC)CC1C	0.034708
rxn:2:120487:139660	Cn1nccc1[C@@H]1OCC[C@H]1CNC1CCN(Cc2ccncc2)C1	0.034704
rxn:2:139134:136040	Cc1c(NC(C)c2cccn3cncc23)cccc1S(C)(=O)=O	0.034700
rxn:2:74077:90810	CCCCc1ccc(NC2CC(c3cccc(OC)c3)C2)cn1	0.034697
rxn:2:97951:111113	CCC(CSc1n[nH]c(=O)n1C)N[C@@H]1c2ccccc2C[C@H]1C	0.034696
rxn:2:82887:105841	CCC(C)(NC1CC[C@@H](c2cccc(C)c2)C1)c1nc(=O)cc(C)[nH]1	0.034694
rxn:2:107711:103759	CCCCC(CCC)Nc1ccc(OC(C)C)nc1C	0.034690
rxn:2:93015:125915	CC(NCc1cc(C(C)(C)C)no1)c1nccc2c1ccn2C	0.034681
rxn:2:67460:97030	CC(NC1CCCc2c1cnn2C(C)C)c1ccccc1C1CC1	0.034679
rxn:2:72697:78222	CCCOc1nc(OC)ccc1NC1CCC(c2ccncc2)C1	0.034671
rxn:2:102311:130665	CC(C)OC1CC(Nc2ccnc(OCCN(C)C)c2)C1(C)C	0.034665
rxn:2:90391:73688	O=c1cccnn1CCNC1CCc2[nH]c3cccnc3c21	0.034663
rxn:2:94642:71242	CCC(NCCC1CC1c1cncn1C)C1CCC(OC)CC1	0.034654
rxn:2:137287:85949	CC(C)c1nnc2c(NC3CCc4ncncc4C3)cncn12	0.034645
rxn:2:100852:72156	CCOc1ccccc1C(C)Nc1ccc(=O)n(CC2CC2)c1C	0.034643
rxn:2:86958:142136	Cc1ccc2c(c1)CC(Nc1cc(=O)nc3cc[nH]n13)CC2	0.034641
rxn:2:92130:127250	CCC(C)[C@H](NC(C)c1ccc2c(c1)OCC2)c1cccc(C)n1	0.034641
rxn:2:129462:113318	CCCC(C)n1nc(C)c(NC2CC(OCC)C23CCC3)c1C	0.034641
rxn:2:89933:90609	Cc1cnc(N2CCC(Nc3ccc(-n4cncn4)cc3)C2)o1	0.034639
rxn:2:99263:105334	CC[C@@H](F)C(NCCN(C)C1CCCN(C)C1)c1ccccn1	0.034638
rxn:2:90172:69452	CC(CCn1ccnc1C(C)C)NC(C)c1cnn(C(C)(C)C)c1	0.034631
rxn:2:74235:81900	CC(Nc1ccc2ncncc2c1)c1ccc(S(C)(=O)=O)cc1	0.034629
rxn:2:89785:92586	CS(C)(=O)=NCc1ccccc1NC(c1ncc[nH]1)C1CCCC1	0.034622
rxn:2:116232:88280	CC(C)(CC(F)(F)C1CCCC1)NC1CCC12CCCC2	0.034606
rxn:2:135256:114035	CCn1ccc(OC(C)(C)CNC(CCOC)C(C)(C)C)n1	0.034596
rxn:2:79258:121798	c1cc(-c2ccsc2)c(NC2CCCC(n3ncnn3)C2)cn1	0.034594
rxn:2:101980:127420	CCC(NC(C)(C)c1nnc2n1CCCC2)c1ccc(C)c(OC)c1	0.034587
rxn:2:88112:126296	CC(NCc1c[nH]nc1-c1ccco1)c1ccc[nH]1	0.034584
rxn:2:68717:115569	CCn1ccc2cnc(NC3CCCc4[nH]c(C)cc43)cc21	0.034582
rxn:2:100218:130591	CCC(Cn1ccnc1C(C)C)NC1CCc2ccc3c(c21)CCO3	0.034582
rxn:2:82024:140323	Cc1cc(NC2CCc3oc(C)nc3C2)n(Cc2cccs2)n1	0.034580
rxn:2:94038:112110	CC(NCC1OCCc2ccsc21)c1cccc2cncnc12	0.034571
rxn:2:103401:107741	CCc1cccc(C)c1NC(C)c1cccc2cn(C)nc12	0.034570
rxn:2:81243:111622	CC(Nc1ncc2ccccc2n1)c1cnc(C(C)(C)C)cn1	0.034565
rxn:2:96097:120955	CC1CN(CCNC2CCN(C3CC(F)(F)C3)CC2)CCC12CC2	0.034557
rxn:2:96158:126604	CSc1nc(C(C)NCC2(Sc3cccs3)CCC2)c[nH]1	0.034556
rxn:2:70786:101563	Cn1cc([C@@H]2CCC(Nc3ccnc(-c4ccsc4)n3)C2)cn1	0.034552
rxn:2:104029:68282	COc1cc(C)ccc1C(C)NC(C1CCSCC1)C1(C)CC1	0.034533
rxn:2:72980:90942	CC(NCc1ccc(N(C)C)cc1)c1ccc2nn[nH]c2c1	0.034532
rxn:2:115845:147815	CC(NC1COC1(C(C)C)C(C)C)c1ccc2[nH]c(=O)[nH]c2c1	0.034515
rxn:2:123104:81796	CCC[C@@H]1CCCCC1NCC1CC1(C)c1ccc(C)cc1	0.034498
rxn:2:139019:115732	CCCN1CCCC(C(CC)Nc2ccn(C3CCOCC3)n2)C1	0.034498
rxn:2:114689:75009	Cc1ccc(NC2CCCC2CCC(C)C)cc1CS(C)(=O)=O	0.034493
rxn:2:83710:98970	CCCc1cn(C(C)CC)nc1NC1CC(C)(C)CCC1C	0.034490
rxn:2:136029:79090	CCC1CCCC(CNCc2cncn2CC(C)C)N1C(C)C	0.034485
rxn:2:125716:135989	CCC(NCCC(C)n1nc(C)ccc1=O)C(C)CC(C)C	0.034484
rxn:2:138081:87511	CCOc1cnccc1C(C)Nc1ccc(S(C)(=O)=O)cc1CC	0.034481
rxn:2:92931:108823	CCc1cnccc1C(C)Nc1nccc2ccc(C)cc12	0.034477
rxn:2:93343:99710	Cc1oc(C)c(CNC(c2ccccc2)c2nnc[nH]2)c1C	0.034476
rxn:2:99976:106782	Cc1ccc2c(n1)OCCC2Nc1csc(-c2ccncc2)n1	0.034473
rxn:2:126525:94661	c1ccc(OCC2CC(NC3CCC(c4ccccc4)C3)C2)cc1	0.034469
rxn:2:131363:95975	CCc1ccccc1C(NCc1cc(C(C)(F)F)on1)C(C)C	0.034467
rxn:2:121530:134019	CCOCC(NCC1(N(C)C)CCCC(C)C1)c1nnc(C)o1	0.034466
rxn:2:114885:100227	CCC1CC(Nc2cc(OCC3CC3)ccc2C)CCC1C	0.034462
rxn:2:89598:114745	CCN1CCC(CCNC(C)c2cccc3nnccc23)C(C)(C)C1	0.034462
rxn:2:83982:119402	CC(N[C@H]1CC[C@H](OC(C)(C)C)CC1)c1ccc(C(C)(C)C)cn1	0.034461
rxn:2:82789:116059	CCn1c(CNC(c2ccco2)C2CC2)nc2ccncc21	0.034460
rxn:2:142210:97818	FC1(F)CC2(C1)CC1(CC(Nc3ccc(-c4ccncc4)nc3)C1)C2	0.034460
rxn:2:129844:71094	CCC(NCCc1ncnn1CC)c1cnc(SC)c(C)c1	0.034458
rxn:2:71887:99693	CC(NCCn1nnc2ccccc21)c1ccn(C2CC2)n1	0.034458
rxn:2:91652:119451	CCc1c(C(C)Nc2ccc(N3CCC(C)C3)cc2)nn(C)c1OC	0.034446
rxn:2:90138:90042	CCCCn1nnnc1CNC1CCC(N(CC)CC)CC1	0.034445
rxn:2:71710:91908	FC1CCCc2ccccc2C1NC1CCC(N2CCCC2)CC1	0.034439
rxn:2:135358:66192	Cn1c(CNC2CCc3ccc4c(c32)CCC4)cc2scnc21	0.034437
rxn:2:128965:97253	Cc1cccc(C(C)N[C@@H](CCC(C)C)c2ccccc2)n1	0.034434
rxn:2:123020:141292	CCC(C)C(C)n1ccc(NC2CCO[C@@H](c3ccccc3)C2)n1	0.034429
rxn:2:66972:82387	CCC(COCc1ccccc1)NCC1CCN(C(C)C)C1	0.034426
rxn:2:92438:92484	CCc1cccc(C(NCc2c(C)ccn(CC)c2=O)C(C)C)c1	0.034422
rxn:2:79168:134208	Cc1ccc(C(C)Nc2cccc3c2[C@H](C)CC3(C)C)c(C)n1	0.034411
rxn:2:128243:70357	Cc1cccc2c1CC(CNC(C)c1ccn(C(C)(C)C)c1)CS2	0.034402
rxn:2:99443:118981	CCOc1ccc(C(C)NC2CCCc3ccc(OC)cc32)cc1	0.034398
rxn:2:129500:133007	CCc1ccc2c(c1)[C@H](NC1CCN(Cc3ccsc3)CC1)CCO2	0.034395
rxn:2:108079:126307	CCOc1cnccc1NC(c1ccsc1)c1cnn(C)c1	0.034393
rxn:2:78171:107185	Cc1nc2ccccn2c1C(C)N[C@H]1C[C@@]1(F)c1ccccc1	0.034391
rxn:2:98421:120591	Cc1nc(-c2nnc(NC(C)c3cc(C)c(=O)n(C)c3)o2)cs1	0.034385
rxn:2:75326:135854	Cc1csc2sc(C(C)NCCN(C)[C@H]3CCCN(C)C3)c(C)c12	0.034383
rxn:2:94470:82829	CC(NCCC1C(C)(C)C1(C)C)c1ccc(C(C)(F)F)s1	0.034382
rxn:2:80127:111134	Cn1ccc2cc(NC3C(F)(F)CCCCC34CCC4)ccc21	0.034381
rxn:2:98317:105256	CCC(CNC(CC(C)C)c1nccn1C)(OC)C1CCC1	0.034363
rxn:2:129541:137275	COc1c(NC(CC(C)C)C2CCOCC2)cnn1CC(C)C	0.034361
rxn:2:140615:91806	CCCn1ncc(C(C)NCCC(F)(F)C2CCOCC2)c1C	0.034356
rxn:2:111365:99729	CCOc1ccc(C(C)NCC2CCC(C3CCCO3)O2)c(C)c1	0.034349
rxn:2:73557:134561	CCc1nc(C)nc(NC(CC)c2c[nH]c3cnccc23)n1	0.034346
rxn:2:109457:75768	CCc1nccn1CCC(C)NCC1C(c2cccs2)C1(F)F	0.034338
rxn:2:123450:92731	COCCc1ccc(C(C)Nc2cc(C3CC(C)C3)n(C)n2)cc1	0.034336
rxn:2:81305:136020	COc1ccncc1C(C)NCCc1ccc2sccc2n1	0.034328
rxn:2:100790:128645	CCC(Nc1ncc(-c2ccccc2)cn1)C1CCN(C2CCC2)C1	0.034313
rxn:2:85061:106299	COCCC(Nc1cn(CC2(C)CCCC2)nn1)c1ccsc1	0.034310
rxn:2:78035:110149	CN(C)CCC(NCc1cncc(S(C)(=O)=O)c1)c1cccs1	0.034309
rxn:2:137181:104766	CCc1cc(C)cc(C(CC)NCc2cc(C)n(C(C)C)n2)c1	0.034300
rxn:2:86381:78193	CC(C)c1ccc(C(C)NC2CC3CC[C@]2(C)C3(C)C)cc1	0.034290
rxn:2:121894:94914	CC(C)c1ccnc(C(C)C)c1NC(C)c1cnn(C(C)C)c1	0.034286
rxn:2:133761:96796	COc1ccc(CCC(C)NC2CCC(c3ccccn3)C2)cc1	0.034274
rxn:2:105733:85989	COCc1ocnc1CNC(C)c1nccc2ncccc12	0.034266
rxn:2:131714:70856	Cc1cc2nncn2cc1NC1CC(C(C)(C)C)n2nccc21	0.034263
rxn:2:133084:78199	CCC(Cc1cccc(C)c1)NCCC(CC)n1ccnc1	0.034263
rxn:2:93646:113359	CCC[C@H](NC(C)c1c(C)nc2sccn12)c1ncccn1	0.034254
rxn:2:137124:108816	CC(C)SCC(NCC1(F)CCC2(CC1)CC2)c1ccco1	0.034250
rxn:2:67437:85338	Cc1nn(C(C)C)cc1C(C)Nc1cncc(CCC(C)C)c1	0.034249
rxn:2:95603:107157	Cc1ccc([C@@H](NC2CCCC(c3cccn3C)C2)C(C)(C)C)o1	0.034246
rxn:2:71381:94756	Cc1ccc(SCCC(C)NC(C)c2ccc(C)o2)cc1	0.034230
rxn:2:100590:124281	Cc1cc(NC(c2cccs2)C(C)(C)C)cc(OC2CC2)c1	0.034223
rxn:2:69970:79384	C=C=CC(NCCC1CC1c1nccc(C)n1)c1ccccc1	0.034221
rxn:2:141596:92553	CCC(C)SC1CCCCC1CNC[C@@H](OC)C(C)C	0.034220
rxn:2:107323:118054	COc1cccc2c1C(NC(C)c1ccn(C3CCCC3)n1)CCC2	0.034214
rxn:2:105084:76477	CCN(CC)c1ccc(NC2CCO[C@H](c3ccccc3)C2)cc1	0.034191
rxn:2:110244:120775	CCC(NC(C)c1nc2c(s1)COCC2)C(C)c1ccc(C)cc1	0.034183
rxn:2:141748:130047	FC1(F)C(CNC(c2cccnc2)C2CCSC2)C1c1cnccn1	0.034178
rxn:2:94892:98371	COc1ccc(C)nc1C(C)NCc1cnc2cc(C)ccn12	0.034175
rxn:2:139461:139818	CCc1c(C(C)C)nn(CC)c1NC(C)c1c(C2CC2)cnn1C	0.034173
rxn:2:68447:138030	Cc1ccc2ncccc2c1NC1CCC(C2CCCCC2)C1	0.034169
rxn:2:112502:138030	Cc1cc2ccccc2nc1NC1CCC(C2CCCCC2)C1	0.034169
rxn:2:112727:117499	COCC1(C)CCC(NC(C)c2sc3ccccc3c2C)CC1	0.034162
rxn:2:109305:131500	COCC(NC[C@H]1CC[C@@H](C(C)(C)C)CC1)c1ccc(C)cc1	0.034155
rxn:2:127667:84818	CCCn1cc(C(C)NCc2ccc3nnn(C)c3c2)nn1	0.034152
rxn:2:129060:98371	COc1ccc(C)nc1C(C)NCC(C)(C)CN1CCCCCC1	0.034151
rxn:2:113244:78435	CCC(NCc1cccc(-c2nccs2)c1)c1cncnc1	0.034150
rxn:2:131590:67353	CC1(C)CCC(C)(C)CC(NCc2n[nH]c3c2CS(=O)(=O)CC3)C1	0.034141
rxn:2:119653:136011	CCc1nc(C)c(C(C)NC(C)c2ccc3cn[nH]c3c2)o1	0.034131
rxn:2:70109:90279	Cc1cc(C)c2c(c1)C(Nc1cccc3c1CCC31CC1)CC2	0.034131
rxn:2:67524:74120	CCCC(Nc1nn(C)cc1S(C)(=O)=O)C1CCCN1CCC	0.034126
rxn:2:70042:75709	CC(NC(c1ccccn1)C1CCCC1)c1cc(C2CC2)ccn1	0.034123
rxn:2:70859:86298	CCc1cc2n(n1)CCCC2NCC(C)CSc1nnc(C)o1	0.034113
rxn:2:129597:87772	CCCS(=O)(=O)C1CCC(NC(C)c2ccn3nc(C)cc3n2)CC1	0.034113
rxn:2:114493:123041	FC1(F)C(CNC2CC(OCc3ccccc3)C2)C1c1c[nH]cn1	0.034106
rxn:2:69299:76785	CCCC1CCCC(Nc2nccc(C3CCCC3)n2)CC1	0.034105
rxn:2:135707:74816	CCOCc1c(NC(C)c2ccc3ccoc3c2)cnn1C	0.034104
rxn:2:89652:81881	CCCC(Nc1cc(C2CC2)sc1C(C)C)c1c[nH]cn1	0.034103
rxn:2:82501:81833	C[C@H](NC1CCC2(CCC[C@@H](F)C2)C1)C1CCC(F)(F)CC1	0.034102
rxn:2:140855:122627	CCn1nccc1CC(C)(C)CNC1CC2CN(C)CC(C1)C2(F)F	0.034096
rxn:2:100538:124582	CCC(NCCN(C)C(C)CC)c1ccccc1C(C)C	0.034087
rxn:2:103588:114258	CC(CCC(C)(C)C)NC(c1ccsc1)C1CCSCC1	0.034086
rxn:2:84727:71442	COCCn1ncc(NC(C)c2ccc(S(=O)(=O)F)cc2)c1C	0.034085
rxn:2:113736:75432	Cc1cccnc1C(NCc1nnc2ncccn12)C1CCC1	0.034084
rxn:2:98327:70570	CCCCN(C)c1nc(NC2COCc3cccc(OC)c32)cs1	0.034079
rxn:2:129825:103108	CCc1cc(OC)ccc1C(C)Nc1nc2cncc(C)n2n1	0.034077
rxn:2:109648:138168	CCCC(CC)N1CCC(Nc2cc(OC)c(C)cc2C)CC1	0.034074
rxn:2:136553:81380	CC1(NC(c2cn[nH]c2)C(C)(C)C)CCN(Cc2nc[nH]n2)C1	0.034072
rxn:2:82845:73599	Cc1cc(CS(C)(=O)=O)ccc1NC(C)c1cn(C)nc1C1CCC1	0.034068
rxn:2:140968:74097	CCC(C)n1nc(C)cc1NC(C)c1ncc(C)n2ncnc12	0.034059
rxn:2:65916:68864	Cc1c(C(C)Nc2cnccc2-n2cccn2)cnn1C(C)C	0.034041
rxn:2:84202:98878	CC1C(Nc2cc3ccccc3cn2)c2ccccc2S1(=O)=O	0.034035
rxn:2:127346:87511	CCOc1cnccc1C(C)Nc1nccn1CC1(C)CCCC1	0.034028
rxn:2:133694:112899	COC[C@@H](NC1CCc2c1ccc1c2CCC1)c1c(C)cccc1C	0.034027
rxn:2:131027:120265	CC(C)CCN1CCCC(NC(c2ccncc2)c2nnc[nH]2)C1	0.034023
rxn:2:126493:76167	CC(Nc1onc2c1CCCCC2)c1cn2ncnc2cn1	0.034017
rxn:2:140272:114018	CCCC(Nc1nnc(S(=O)(=O)CC)s1)c1ccc(OC)cc1	0.034016
rxn:2:84539:78658	CCC(C)c1ccc(C(C)NCc2coc(C(C)(C)C)n2)cc1	0.034006
rxn:2:70933:72219	Cc1ccc(-c2ccoc2)cc1NC1CC2CC1C(C)C2(C)C	0.034001
rxn:2:114380:119352	CCCC(Nc1nc(C)cc(COC)n1)c1cccc(CC)c1	0.034001
rxn:2:103006:126806	COc1cnccc1C(NC(C)c1nc(C2CCC2)n[nH]1)C1CC1	0.034001
rxn:2:82976:105764	CCCCC1CC(Nc2ccc(N(CC)CCC)nc2)C1	0.034000
rxn:2:78548:137335	CCCC(CSc1ccccc1)NC1CCCC12CCOC2	0.033996
rxn:2:138641:132049	CCc1nn(C)cc1C(C)Nc1nc(C2CC2)n2ccccc12	0.033992
rxn:2:118806:122627	CC(CNC1CC2CN(C)CC(C1)C2(F)F)N(C)Cc1ccccc1	0.033989
rxn:2:90458:129427	CCCCC(Nc1ccccc1N1CC(OC)C1)c1c[nH]cn1	0.033986
rxn:2:132186:136999	CCOc1c(C(C)NC(CC)c2n[nH]c(C(C)C)n2)cnn1C	0.033978
rxn:2:79452:81900	CC(C)c1ccnc(C2(NC(C)c3ccc(S(C)(=O)=O)cc3)CC2)c1	0.033974
rxn:2:93888:118550	CN1CCC(Nc2nc3[nH]ccc(=O)n3n2)c2ccccc21	0.033971
rxn:2:124060:128369	CSc1ccc(CC(C)NC2CCC3(CCCCO3)CC2)cc1	0.033970
rxn:2:132923:88447	CCc1ccc(C)c(NC(C)c2cc3sc(C)nc3[nH]2)c1	0.033965
rxn:2:87294:79705	CCC(CNC1CSc2ccc(OC)cc2C1)c1ccc(C)cc1	0.033958
rxn:2:102733:112258	CC(F)CCC(Nc1nccc2cncn12)c1ccccc1	0.033958
rxn:2:83176:106900	CCC(C)[C@@H](NC(C)CC1CCCC1)c1cc(C)c(C)o1	0.033951
rxn:2:129631:91024	COCCC(NC1(CCS(C)(=O)=O)CCCC1)c1cccs1	0.033945
rxn:2:118126:117442	COc1cccc(CCC(C)N[C@@H](C)c2n[nH]c(C(C)C)n2)c1	0.033945
rxn:2:79800:136841	Cn1ccnc1C(NCCS(=O)(=O)N=S(C)(C)=O)c1ccco1	0.033945
rxn:2:92721:125091	Cc1c(NC(C)c2cc3cnccc3s2)cccc1N(C)C	0.033942
rxn:2:85783:121501	c1ccc(SC2CCC(NC3CCN(CC4CCC4)CC3)C2)cc1	0.033942
rxn:2:98295:83243	Cc1ccc(C(C)CCNC2CC(C)Sc3sccc32)cc1	0.033940
rxn:2:95641:93763	CCCn1cc(CNCC(c2ccccc2C)C(C)C)c(C)n1	0.033939
rxn:2:114057:90221	CSc1nncc(C(C)Nc2c(C)nc3c(C)cccn23)n1	0.033937
rxn:2:134236:100560	Cc1cc(C)c2c(c1)OC(Nc1ccc3ocnc3c1C)C2=O	0.033935
rxn:2:126624:75403	COc1cc(C(C)Nc2cccc(-c3ncc(C)[nH]3)c2)sn1	0.033923
rxn:2:91734:105864	CCCN1CCCC1CN[C@H](CC)c1cccc(OCC)c1	0.033912
rxn:2:131604:72146	Cc1ccccc1C(C)Nc1ncn(CCc2cccs2)n1	0.033911
rxn:2:131967:118683	CN(CC1(CNC2CCCCC2C2COC2)COC1)C1CCC1	0.033896
rxn:2:81726:132205	Cn1cccc2c(CCNC3CC(c4nncn4C)C3)cnc1-2	0.033892
rxn:2:114199:89271	CC(NCC1CC1(C)c1ccco1)c1ccc2cn(C)nc2c1	0.033888
rxn:2:121791:98454	CC(C)(C)Oc1ccccc1NC(c1ccncc1)C1CCSC1	0.033880
rxn:2:68232:69985	COc1ccc2c(c1)SCCC2Nc1cc(C)cn2ccnc12	0.033871
rxn:2:89781:116559	F[C@@H]1CCC2(CCCC(Nc3cnn(C(C4CC4)C4CC4)c3)C2)C1	0.033857
rxn:2:85296:75216	Cc1ccn2c(C(C)N[C@H](c3ccccn3)C3CC3)cnc2c1	0.033848
rxn:2:104658:66156	Cc1cccc(C(CN(C)C)NC(C)c2csc(C3CC3)c2)c1	0.033846
rxn:2:88471:117221	Cc1cccc(C2(NC(C)c3n[nH]c4ccnn34)CC(F)C2)c1	0.033833
rxn:2:79277:66014	CC(Nc1ccc(=O)[nH]c1C(C)(C)C)c1cccc2ccnn12	0.033832
rxn:2:97853:141727	CCCC(NCc1cc(C(C)(C)C)nn1C)c1cccc(C)c1C	0.033831
rxn:2:71775:101777	CCC[C@@H](NC(C)CCc1cnn(C)c1)c1ccc(C)cc1C	0.033825
rxn:2:122283:128290	Cc1ccc2c(NC[C@H]3CCN3Cc3ccccc3)noc2c1	0.033815
rxn:2:124703:120813	CCC(Cc1cccs1)NC1CC(CC)(c2ccccc2)C1	0.033790
rxn:2:86906:78696	CC(Nc1c2[nH]snc-2ccc1=O)c1csc(C(C)(C)C)c1	0.033789
rxn:2:75437:98285	COc1ncc2c(n1)C(NCc1cccc3cc[nH]c13)CCC2	0.033785
rxn:2:79712:126659	Cc1ccc2sc(C(C)NCCC34CCCN(CCC3)C4)cc2c1	0.033769
rxn:2:107743:85870	CC(C)c1ccc(NC2CCN(C(C)(C)C)CC2)c(C(C)C)c1	0.033764
rxn:2:117623:123545	Cc1cc(CC2CCCC2Nc2ccc3c(=O)[nH]ccn23)no1	0.033762
rxn:2:137624:78519	COc1ccc(C)c(C(C)NCCc2cc(C3CCCC3)no2)c1	0.033759
rxn:2:138005:116529	Cc1nc2c(s1)CCCC2Nc1cncc(-c2ccccn2)c1	0.033755
rxn:2:130409:105313	Cc1nc(C(NCc2csc3cccnc23)C2CC2)sc1C	0.033752
rxn:2:93748:122234	CC(C)CC(NC1Cc2nc3ccccc3n2C1)c1ccco1	0.033751
rxn:2:68448:90536	CCn1nc(C(C)C)cc1C(C)Nc1ccc(C)c(OC)c1OC	0.033744
rxn:2:120951:71094	CCC(NCC(C)c1ncc(C)cn1)c1cnc(SC)c(C)c1	0.033742
rxn:2:125666:70258	Cc1cc(NC2CCc3c2cnn3C(C)(C)C)cc(C(C)C)c1C	0.033740
rxn:2:73761:75466	Cc1ccccc1C1(NC(C)c2cc3cccnc3[nH]2)COC1	0.033739
rxn:2:87723:78696	Cc1nc(CCC(C)NC(C)c2csc(C(C)(C)C)c2)[nH]c1C	0.033726
rxn:2:96977:135143	CCCCN1CCCC1C(CC)NCC12CCC(C)(CO1)C2	0.033709
rxn:2:140020:72342	CCc1n[nH]c2ncc(NC3CCC(n4cccn4)CC3)cc12	0.033707
rxn:2:66939:107405	COc1ccc(C(C)NC(c2cccs2)C2CCOCC2)c(C)c1	0.033705
rxn:2:127079:109907	Cc1ccccc1C1(NC(C)c2cccn3ccnc23)CCC1	0.033703
rxn:2:116779:117076	CC(NCc1cn(C)c(=O)[nH]c1=O)c1ncccc1S(C)(=O)=O	0.033702
rxn:2:85427:115732	CCCN1CCCC(C(CC)Nc2nc3cc(OC)ccc3[nH]2)C1	0.033694
rxn:2:138385:132057	CSc1cncc(C(C)NCc2cc3cnccc3[nH]2)c1	0.033693
rxn:2:167964:105131	CSc1nc(=O)c2sc(NC3CCC4(CC4)C3)nc2[nH]1	0.033687
rxn:2:78272:98151	CCOC1CS(=O)(=O)CCC1N[C@H](COC)Cc1ccccc1	0.033686
rxn:2:77706:95902	CCC(N[C@@H](CCC(C)C)c1cccs1)c1cn(C)nc1C	0.033686
rxn:2:68193:91308	CCC(NC1CCN(CC(C)(C)F)CC1)C1CCC(F)(F)CC1	0.033683
rxn:2:70725:117063	Cc1ccc(C)c(C(C)CCNC2CCCc3cc(C)n(C)c32)c1	0.033680
rxn:2:107900:135746	CCn1nnc2c(NC3CCc4nc(C(C)C)[nH]c43)cccc21	0.033675
rxn:2:70084:117835	CCC1(CC)OC(CC)(CC)C1Nc1csc2c1CCCC2	0.033674
rxn:2:134886:140867	COc1ccc(C(C)Nc2c(C)ccc3ccc(C)nc23)cn1	0.033669
rxn:2:95683:115435	CC(C)CN1CCOC(CNC2CCC3(c4nccs4)CC3C2)CC1	0.033660
rxn:2:133790:67213	Cc1cc2c(NC3CCC(Cc4ccccc4)C3)n[nH]c2nn1	0.033658
rxn:2:89354:136516	CCc1cccc2cc(NC(c3nnc(C)o3)C(C)C)nnc12	0.033654
rxn:2:124573:116677	Cc1[nH]nc(C2CC2)c1NC(c1ccccc1)c1cscn1	0.033651
rxn:2:141345:124390	CC(CC1CCCCN1C)NCC1(CN(C)C)C(C)(C)C1(C)C	0.033651
rxn:2:87652:68933	CC(NCc1cn(-c2ccncc2)nn1)c1nnn[nH]1	0.033648
rxn:2:81265:129568	CCOC(CNC1CCC(CC2CC2)CC1)C1CCOCC1	0.033646
rxn:2:140225:90855	Cc1ccn(C2CC2)c(=O)c1CNC(C)c1ccc(OC2CC2)cn1	0.033639
rxn:2:84699:83411	c1cc(-n2cnc(NC3CCCC(n4nccn4)C3)n2)ncn1	0.033633
rxn:2:128838:99141	CCCn1nc(C(C)C)c(C)c1NC(CC)CN(C)C(C)C	0.033630
rxn:2:102747:75715	COCC(C)Oc1cc(NC2CCCC(c3ccccc3)C2)n[nH]1	0.033625
rxn:2:66783:138649	COc1cnc(C(C)(C)NC(c2cc(C)ccc2C)C(C)C)[nH]c1=O	0.033623
rxn:2:136042:110943	CCCCN1C2CCC1CC(Nc1cc(Cn3cccn3)nn1C)C2	0.033621
rxn:2:82283:87505	Cc1ccc(C(C)(C)NC(C)c2cnc3[nH]nc(C)c3c2)cn1	0.033615
rxn:2:132099:87151	CCn1nnc(NC2CC(c3cccc(C)c3C)C2)c1C1CCCC1	0.033611
rxn:2:78983:126409	CCCC(CCS(C)(=O)=O)N[C@H](CC)c1ccc(CC)s1	0.033610
rxn:2:134225:87250	Cc1[nH]c2ccccc2c1C(C)Nc1ncc2c(n1)OCCC2	0.033609
rxn:2:140772:121122	CCC(C)CC(CS(C)(=O)=O)NCC1CC2CCCC(C2)C1	0.033604
rxn:2:107762:130174	CC1CCC(CCC(C)NC2CCOC(c3ccncc3)C2)CC1	0.033601
rxn:2:75737:73854	Cc1cc(-c2cnc(NC(C)c3ccnn3C(C)C)s2)nn1C	0.033597
rxn:2:128258:124183	CCCCC(Cc1ncc[nH]1)Nc1nc(CCOC)ns1	0.033593
rxn:2:80235:71859	CCOc1ccc(C(C)NC2CC(CN3CCCCC3)C2)c(C)c1	0.033588
rxn:2:66305:82411	CCc1n[nH]c([C@H](NC2CCN(Cc3cccs3)CC2)C(C)C)n1	0.033586
rxn:2:104129:70570	COc1cccc2c1C(Nc1nc3ccc(=O)[nH]c3s1)COC2	0.033586
rxn:2:78602:68868	CSc1nccc(NC(C)c2ccc(S(C)(=O)=O)s2)n1	0.033581
rxn:2:69591:121794	CCO[C@H]1CN(CC)C[C@@H]1NC1CCC(C(C)(C)CC)CC1F	0.033575
rxn:2:117152:122662	Cc1cc(C)c([C@H](C)NC(c2cccs2)c2nccn2C)cn1	0.033575
rxn:2:134799:70459	CCN(CC)CC1CCCCC1N[C@H](C)c1n[nH]c(C2CC2)n1	0.033574
rxn:2:131770:141194	CCSC(C)C(NCCC(F)C(C)(C)C)c1ccccc1	0.033569
rxn:2:118503:132603	COc1ccc(C(C)NCc2ccnn2C(C)C2CC2)c(OC)n1	0.033568
rxn:2:126986:135843	CC(Nc1cc(-c2ccnn2C)[nH]n1)c1cc(C(C)(C)C)on1	0.033556
rxn:2:69700:124713	CC(Cc1cccc2c1CCO2)NC(C)c1cccc(C(C)C)c1	0.033545
rxn:2:128361:118670	Cc1cccc(CCC(C)NCC2CCC3(CCOCC3)CO2)c1C	0.033538
rxn:2:124127:110279	COc1ncccc1CC1(NC2CC3(C)CC(C)CC(C)(C2)C3)CC1	0.033531
rxn:2:69898:138728	CSc1cnc(C(C)NCCC(C)n2nc(C)cc2C)c(C)c1	0.033509
rxn:2:92575:109011	Cc1nc(NC2c3ccccc3CC23CC3)nn1-c1ncccn1	0.033500
rxn:2:110842:69985	COc1ccc2c(c1)SCCC2NCc1cccc2[nH]nnc12	0.033484
rxn:2:141272:95165	CCC(NCc1cc(C(C)(C)C)ccc1C)c1cn(CC)nc1C	0.033482
rxn:2:73334:136989	CSc1ccc(C(C)Nc2cc(=O)[nH]n2C(C)C2(C)CC2)cc1	0.033470
rxn:2:73339:135192	Cc1ccc2c(c1)C(N[C@@H](c1n[nH]c(C(C)C)n1)C(C)C)C(F)CC2	0.033461
rxn:2:127107:93827	CC(N[C@@H](C)c1ccc2c(c1)CCC2)c1nccc2cn[nH]c12	0.033450
rxn:2:71827:98925	CC(NCc1cc(C2CC2)nn1C1CC1)c1cccn(C(C)C)c1=O	0.033448
rxn:2:117873:73907	CCCC(Nc1cccc(C(C)(C)F)c1)c1ccccc1	0.033439
rxn:2:109087:90751	CCC(NCCc1ccc(CC2CC2)cc1)c1ccc(C)cn1	0.033438
rxn:2:109051:131062	COc1c(CNC2CCN(c3cc[nH]c(=O)c3)C2)c(C)nn1C(C)C	0.033420
rxn:2:98327:119388	CCCCN(C)c1nc(NC2c3ccc(OC)cc3CC2F)cs1	0.033417
rxn:2:91001:131887	Cc1cnc2c(c1)C(NCc1cn(-c3ccccc3)cn1)CCO2	0.033415
rxn:2:68400:94628	CCC(C)(CNC1CC(c2cccnc2)C1(C)C)c1cccc(C)n1	0.033411
rxn:2:72671:139913	COc1cnc2nc(NC3CCCCc4ccoc43)sc2c1	0.033407
rxn:2:101572:98170	CCc1ccc(C)c(CC)c1NC(C)c1cnc(C(C)(C)C)nc1	0.033401
rxn:2:130812:79384	C=C=CC(NC(c1ccc(C)s1)C(C)C)c1ccccc1	0.033400
rxn:2:119967:133157	Cc1c(C(C)Nc2c(C(C)(C)C)ncn2C2CC2)cnn1CC1CC1	0.033394
rxn:2:140494:102461	CCc1ccc2sc(NC(C)c3cn(C(C)C)cn3)nc2c1	0.033394
rxn:2:90716:123524	Cc1ccc2c(c1)OCCC2NC(C)c1nc(C)cn2ccnc12	0.033393
rxn:2:135479:135830	CC(C)N(C)[C@@H]1CCN(CCNC2CCc3c2sc2c3CCCC2)C1	0.033392
rxn:2:83096:89296	CC(C)OC(CNC(C)C1CC2CCC1CC2)c1ccccc1	0.033384
rxn:2:115821:118457	c1csc(CC2CCCC(Nc3ccc4sncc4c3)C2)n1	0.033382
rxn:2:85244:119083	CC(NCC1CCC2(CC2)c2ccsc21)C1CCCC(F)(F)C1	0.033382
rxn:2:111795:81272	Cc1cnn(-c2ccccc2NC(C)c2c(C)nn3c2CCC3)n1	0.033380
rxn:2:109107:108229	CC(NC(C)C1CCCc2ccccc21)c1cncc2nncn12	0.033376
rxn:2:133278:88956	Cc1cn(Cc2cccs2)nc1NC1c2cccn2[C@@H](C)[C@H]1C	0.033375
rxn:2:159184:98371	COc1ccc(C)nc1C(C)Nc1ccc2c(c1)n(C)c(=O)n2C	0.033363
rxn:2:110379:136302	CCCC(Nc1nc2c(s1)CN(C1CC1)CC2)C1CC2(CCC2)C1	0.033359
rxn:2:98969:122985	CC(C)CC(Nc1ccc2c(cnn2C)c1)c1ccccc1	0.033357
rxn:2:140332:137480	CC(N(C)CCNC(c1ncc[nH]1)C1CCCCC1)C1(C)CC1	0.033356
rxn:2:79868:84482	CC(Nc1cccnc1OCCN(C)C)c1ccc2c(c1)COCO2	0.033352
rxn:2:79799:95062	Cc1nc(C)c(C(Nc2nonc2-c2nnn[nH]2)C(C)C)s1	0.033345
rxn:2:72310:119075	CC(C)CCC(Nc1cncc(N2CCOCC2)n1)c1ccccn1	0.033343
rxn:2:108776:96135	CCC(NCCc1c[nH]c2ncncc12)c1ccnc(C)c1	0.033341
rxn:2:134580:104995	CCC(C)Oc1ccc(CNC(C)c2c(C)nn(C)c2OC)nn1	0.033339
rxn:2:83916:108854	CCC(CC)C[C@H](C)NC1CCC(C)c2ccccc2C1	0.033337
rxn:2:93511:134666	COC[C@@H](NC(C)c1ccc2c(n1)OCCO2)c1cccc(OC)c1	0.033331
rxn:2:133762:71185	Cc1cncc(-n2ncnc2NC2CCc3cc(C)c(C)cc32)c1	0.033324
rxn:2:125808:122402	CC(NC1CCOC1c1ccccc1)c1cnc2nccnc2c1	0.033321
rxn:2:137072:71219	CC(C)OCCC(NCCC(C)N1CCCC1)C1CC1	0.033318
rxn:2:140248:69895	CCCC(CC(C)C)NC(C)(c1nccs1)C1CCCC1	0.033317
rxn:2:126781:134526	Cc1nc2c(NC(C)c3cc4c([nH]c3=O)CCC4)cccc2s1	0.033316
rxn:2:99009:140699	CCCC(CS(=O)(=O)F)NCCc1cc2cc(C)ccc2[nH]1	0.033315
rxn:2:86954:73866	Cc1cc2c(NC(C)c3cn(C)c(=O)n(C)c3=O)ccnc2[nH]1	0.033309
rxn:2:127147:127729	Cc1c[nH]c2c1C(Nc1ncc3c(n1)CCCCC3)CC(C)(C)C2	0.033305
rxn:2:93768:140432	CC(Nc1n[nH]c(=O)c2cccnc12)c1cccc(N(C)C)n1	0.033293
rxn:2:130532:78635	CC[C@@H](NC(C)c1ccc(C(C)C)nc1)c1nnc(CN(C)C)o1	0.033288
rxn:2:116236:117450	COc1cc2ccc(NC3CCN(c4ccncc4)C3)cc2cn1	0.033288
rxn:2:140420:100147	CCn1ncc2c1CCCCC2Nc1nn(CC(C)C)c2c1CCC2	0.033286
rxn:2:80901:70570	COc1cccc2c1C(Nc1cccc3c1ccn3OC)COC2	0.033285
rxn:2:78512:78102	CC(NC(C)c1ccc2cnn(C)c2n1)c1cnn(C(C)(C)C)c1	0.033279
rxn:2:77477:91789	CCCC(NC(C)c1nc(CC(C)C)c(C)s1)c1cncnc1	0.033276
rxn:2:71388:140975	Cc1ccc(C(CNc2nnc(C3CCC(C)C3)o2)C(C)C)cc1	0.033270
rxn:2:129826:118864	Cc1ccccc1[C@@H]1CCC(Nc2c(C)nnc3c2cnn3C)C1	0.033268
rxn:2:111271:117572	c1cnc2c(c1)CCCCC2Nc1nncc2n[nH]nc12	0.033243
rxn:2:139039:115767	CCC(COc1cccc(C)c1)Nc1n[nH]c2nnccc12	0.033243
rxn:2:129541:111741	COc1c(NC(C)c2cc(C)n(C(C)C)c2C)cnn1CC(C)C	0.033234
rxn:2:126499:125018	Cc1ccccc1CC(NC(C)CCN1CCCCC1)C(C)C	0.033204
rxn:2:140206:92369	Cc1cc2c(cc1C)[C@@H](NC(CC1CCC1)c1cccnc1)CCO2	0.033202
rxn:2:95137:127729	Cc1c[nH]c2c1C(Nc1cc(CC3CCCC3)nn1C)CC(C)(C)C2	0.033200
rxn:2:111790:86928	CSC(C)C(Nc1nn(C)c2ccncc12)c1ccc(C)cc1	0.033198
rxn:2:127926:80869	Cc1nccn1CC1(CNC(CC(C)(C)C)c2ccccc2)CC1	0.033195
rxn:2:115786:94638	CSc1cccc(C(C)Nc2ccc(-n3nccn3)nc2)c1	0.033191
rxn:2:121808:104390	CCOc1ccc(C(CC)Nc2cnc(OCC)c(C)c2)cc1	0.033187
rxn:2:106124:131475	CCC[C@H](NC1CC(=O)c2cccnc2O1)c1ccc(SC)cc1	0.033185
rxn:2:113764:105841	CCOc1cc(OC)ccc1NC1CC[C@@H](c2cccc(C)c2)C1	0.033184
rxn:2:137297:102686	CC1(C)CCC(NCCc2c[nH]c3ccsc23)CC(C)(C)C1	0.033184
rxn:2:75749:123545	CSc1nc(NC2CCCC2Cc2cc(C)on2)nc(C(C)C)n1	0.033148
rxn:2:95629:108118	CCc1ccc2c(c1)OCC2Nc1cc(OC)c2c(c1)ncn2C	0.033139
rxn:2:132095:92203	CC(Nc1nc2nccc(C3CC3)n2n1)c1ccc2c(n1)CCO2	0.033128
rxn:2:84272:124553	c1ccc(C(NCc2cccc(OCC3CC3)c2)C2CC2)cc1	0.033127
rxn:2:93339:76886	CCCN1CCCC1C(CC)Nc1cc(C)c2oc(CC)nc2c1	0.033112
rxn:2:139822:66014	Cc1cc(C)c2c(c1)OCC2CNC(C)c1cccc2ccnn12	0.033110
rxn:2:89865:123692	CCC(Nc1cc2cc[nH]c2nn1)c1ccc(COC)cc1	0.033104
rxn:2:82637:115655	CCC(NC1CCC(C2CCC2)CC1)C1CCCN1C1CCC1	0.033103
rxn:2:87871:119061	CC(C)CCCC(C)Nc1ccc(CCC(C)C)cn1	0.033099
rxn:2:69795:138030	COc1ccc([C@H]2C[C@H](NC3CCC(C4CCCCC4)C3)C2)cc1	0.033091
rxn:2:84842:111485	Cc1ccn2c(NC(C)c3ccc4c(c3)OCCO4)cnc2c1C	0.033087
rxn:2:115210:136383	CCCC(NC1CCC1(C)c1ccccc1)C1CCCN1C1CC1	0.033079
rxn:2:116657:136252	CCCC(C)N1CCCC1CNC1(c2cccc(CC)c2)CC1	0.033078
rxn:2:124251:80402	CCn1ccnc1CCC(C)NC(CC(C)C)c1ccccn1	0.033070
rxn:2:80848:85820	O=c1[nH]ncc2cc(NC3CCN(c4cccnn4)C3)ccc12	0.033063
rxn:2:118162:110576	CCC(C)(C)C(N[C@@H](C)CCOC(C)C)c1ccccc1	0.033060
rxn:2:80500:79698	CC(Nc1ccncc1-c1ccncc1)c1cc2n(n1)CCCC2	0.033058
rxn:2:88267:139257	CC(C)CC(CC1CCCO1)NCC1(n2cccn2)CCOCC1	0.033057
rxn:2:127944:68923	CC(Nc1cccc2ccsc12)c1cc2c(s1)CCC2	0.033056
rxn:2:113772:78241	CCc1nc(C2CC(NC(CCC(C)C)c3cccs3)C2)no1	0.033047
rxn:2:139643:131945	CC(C)OCc1ccc(CNC2CC(C)(C)Oc3ccsc32)cc1	0.033047
rxn:2:96481:98659	CCc1cc(C(C)NC(CC)c2ccccc2CC)cs1	0.033046
rxn:2:114359:97480	CCC(Nc1nc(C)nc(-c2cccs2)n1)c1cc(C)cs1	0.033041
rxn:2:122331:79036	CCCn1ccnc1C(C)NC(C)c1nn(C)c2ncccc12	0.033040
rxn:2:117040:95318	CCCC1CCC(Nc2ccc3c(c2)N(C)CC(C)S3)c2ccnn21	0.033035
rxn:2:86368:85128	CCc1cccc(C(NC2CSc3cccc(C)c3C2)C2CC2)c1	0.033031
rxn:2:67576:137198	CCCCC(Cc1ccco1)Nc1ccn(CC(C)OC)n1	0.033024
rxn:2:106248:82371	CC(C)O[C@H]1CCCC[C@H]1NC(C)c1ncc(-c2ccc[nH]2)[nH]1	0.033016
rxn:2:82572:101419	CCN(C)Cc1cccc(CNC2CCCC3(C)CCCCC23)c1	0.033012
rxn:2:67780:87508	Cc1ccc2[nH]ccc2c1NC(C)c1ccccc1S(C)(=O)=O	0.033009
rxn:2:86455:69316	CCSC(C)c1ccc(NC2CCN(C3CCCC3)CC2)cc1	0.032990
rxn:2:73511:128350	CC(C)c1nc(C(NC2CC3CCCc4cccc2c43)C(C)C)n[nH]1	0.032988
rxn:2:101806:103768	CCCOc1ccc(NC2CC(C)c3c(C)cccc32)c(C)c1	0.032985
rxn:2:79488:139101	CCc1cc(C(C)N[C@H](COC)c2cc(C)ccc2C)n(CC)n1	0.032983
rxn:2:130592:93557	Cc1ccc(C(NCC2(c3ccncc3)CCCC2)C(C)C)cc1	0.032979
rxn:2:72029:92329	CCC(NCC(C)(C)c1nc(C)n[nH]1)c1cnc(SC)cc1C	0.032978
rxn:2:78432:81336	CCC(NCCN(C)Cc1ccccn1)C1CCCN1C(C)C	0.032978
rxn:2:112707:113965	Cc1cc(NC2CC(c3nncn3C(C)C)C2)c2c(C)noc2n1	0.032974
rxn:2:116011:122866	Cc1ccccc1C(NC1CCCC12C(C)CCC2C)C1CC1	0.032973
rxn:2:128168:137543	c1cnc2c(c1)C(Nc1nnc(C3CCCCO3)s1)c1cccn1-2	0.032970
rxn:2:67176:119697	CCCN1CCN(C(C)CNC(C)c2cc(C)ccc2OC)CC1	0.032965
rxn:2:130927:105249	Cc1cc(Cn2cc(NC3CC(C)Cc4c3cnn4C)nn2)cs1	0.032960
rxn:2:103415:130456	CCOc1ncc(CNC(C)c2cn3ccncc3n2)cc1C	0.032958
rxn:2:67543:110051	CC(C)(C)[C@@H](NC1CCC1Sc1ccccc1)c1ccccc1	0.032955
rxn:2:87710:123626	COc1cccc2c(NC(C)c3ccc4c(c3)CCC4)n[nH]c12	0.032955
rxn:2:140078:87149	Cc1cc2cnc(NC3CCC(n4cnnc4)CC3)cc2cc1C	0.032951
rxn:2:101904:119451	CCc1c(C(C)NCC(C)(OC(C)C)C2CC2)nn(C)c1OC	0.032947
rxn:2:114340:132054	CCCc1cccc(C(C)Nc2cccc3n[nH]c(=O)cc23)n1	0.032920
rxn:2:86313:113058	CCC(C)Oc1cccc(NC2CC(c3ccccc3C)C2)c1	0.032920
rxn:2:103219:132499	CCCCC1(NC2CCC(C)(C)N(CC(C)C)C2)CC(C)C1	0.032915
rxn:2:131389:139714	CC(C)CN1CCN(CCNC(C)c2cccc(N(C)C)c2)CC1	0.032912
rxn:2:98291:94833	Cc1nc2c([nH]1)CCCC2NCc1c[nH]c2cccnc12	0.032911
rxn:2:75546:123913	CCN1CCN(C2(CNC3CCN(C(C)(C)C)C(C)C3C)CC2)CC1	0.032907
rxn:2:81412:122627	CCN(CCNC1CC2CN(C)CC(C1)C2(F)F)[C@@H]1CCN(C)C1	0.032901
rxn:2:107753:75466	CC(N[C@H]1C[C@](F)(c2ccccc2)C1)c1cc2cccnc2[nH]1	0.032893
rxn:2:77878:109794	CCCOc1nnccc1NC(C)c1cccc2nn(C)cc12	0.032879
rxn:2:83860:78575	CCC(C)CCCC(C)Nc1cccc(OS(=O)(=O)F)c1	0.032860
rxn:2:89169:108484	Cc1ccsc1-c1ncc(NC(C)c2cncc(C)c2C)cn1	0.032853
rxn:2:118034:102541	CCCC(Nc1nc(=O)c2ncccc2[nH]1)c1ccccc1C	0.032849
rxn:2:78983:83408	CCc1ccc([C@@H](CC)NC(CC)CCC(C)C)s1	0.032844
rxn:2:138551:121252	CC(Nc1ccc(N2CCSCC2)nc1)c1cncc2nccn12	0.032835
rxn:2:131961:72156	CCOc1ccccc1C(C)Nc1nnc2c(=O)cc(C)[nH]n12	0.032817
rxn:2:116470:134128	CC(N[C@@H]1CCCCc2ccccc21)c1ccc2nnnn2c1	0.032816
rxn:2:80652:93133	CC(COc1cnccn1)NC(C)c1n[nH]c2cccnc12	0.032815
rxn:2:111179:130502	COC1(C)CC(F)(F)CCC1NCCc1cccc(S(=O)(=O)F)c1	0.032812
rxn:2:83870:134280	Cc1cc(-c2n[nH]c(NC3CCOC34CCS(=O)(=O)CC4)n2)n(C)n1	0.032795
rxn:2:112777:134379	CCSCC(NC(C)(CC)c1nccs1)c1cccc(C)c1	0.032794
rxn:2:68319:125087	CCCCC(NCc1cn[nH]c1CC1CCCC1)C(C)(C)C	0.032793
rxn:2:110917:98294	CCC(C)N(C)CCC(C)N[C@@H](C)C1CCCc2ccccc21	0.032790
rxn:2:131760:137419	Cc1cc(NC2CCCN(CC(C)C)C2(C)C)cc(N2CCCC2)c1	0.032784
rxn:2:70259:121192	Cc1ccccc1C(CNC(C)CN(C)C(C)C1CC1)N(C)C	0.032770
rxn:2:86533:82804	CC1=Nc2ccccc2C(Nc2cn(-c3ccc(C)cc3)nn2)C1	0.032768
rxn:2:79303:124721	CC(CNC(C)c1cnn(CC2CCC2)c1)Sc1nccn1C	0.032760
rxn:2:95251:85669	Cc1cc2sc(NC(C)c3cccc(CN(C)C)c3)nc2s1	0.032748
rxn:2:66541:68708	COC1CCCC(NC2(CCN(C)C(C)C)CCCC2)CC1	0.032737
rxn:2:91920:84085	CCC(NCc1nc(COC)ns1)c1ccc2ccoc2c1	0.032736
rxn:2:95399:79705	CCC(CN[C@@H](C)C1CCCCCC1)c1ccc(C)cc1	0.032723
rxn:2:121134:141454	COCC(C)n1cc(CNC(CC2CC2)CC2CC2)c(C)n1	0.032697
rxn:2:118588:91298	CC(Nc1cncc(-n2cccn2)c1)c1cncc(C(C)(C)C)c1	0.032695
rxn:2:111874:122985	Cc1nn2c(NC(CC(C)C)c3ccccc3)ccnc2c1C	0.032689
rxn:2:136896:120955	FC1(F)CC(N2CCC(NCC(F)(F)CN3CCCC3)CC2)C1	0.032686
rxn:2:78619:77963	c1nc2[nH]nnc2cc1CCNC1CCc2cn[nH]c21	0.032684
rxn:2:73706:101477	CC(CCn1[nH]c(=O)ccc1=O)Nc1cc(SC2COC2)ccn1	0.032679
rxn:2:106831:131446	COCCC(Nc1cc(S(C)(=O)=O)c(C)cc1C)c1cc(C)nn1C	0.032663
rxn:2:87831:96089	CC(CC1CCCCC1)Nc1ccc(OCC(C)(F)F)cc1	0.032658
rxn:2:67823:72271	CCCCC(Nc1ncnc2nc(C)ncc12)c1cccnc1	0.032658
rxn:2:111711:136161	Cc1cncc2c(C(C)NC(CN3CCCCCC3)C(C)C)c[nH]c12	0.032657
rxn:2:113602:99852	C=C=Cc1ccc(C(CC)Nc2ccc(OC(C)(C)C)nn2)s1	0.032654
rxn:2:91663:77792	CCCC[C@@H](NC1CCCCC1Cn1cncn1)c1ccccc1	0.032651
rxn:2:125515:75104	CSc1nc(NC2CCCN3[C@@H](CCC[C@H]3C)C2)nc(C(C)(C)C)n1	0.032647
rxn:2:140958:109794	CCc1nc(NC(C)c2cccc3nn(C)cc23)cc2c1CCC2	0.032645
rxn:2:122278:108259	COc1nc(C)sc1C(C)Nc1c(SC)cnn1CC1CCC1	0.032643
rxn:2:114876:85435	Cc1nccc(C(Nc2cc(C)c3nnc(C)n3c2)C(C)C)c1C	0.032617
rxn:2:110972:123080	Cc1nn(C(C)C)c(C)c1C(C)NCC(c1ccccc1)C1CC1	0.032599
rxn:2:116132:140474	CCCn1nc(C)c(CNC(C)c2ccc3ccoc3n2)c1C	0.032596
rxn:2:105803:141963	CC(NC(CCN(C)C)c1cccs1)c1cc(C(C)(C)C)ccn1	0.032593
rxn:2:83711:77047	Cc1cccc(C(C)(C)NC(C)c2ccc3cnsc3c2)c1	0.032590
rxn:2:89144:140477	Cc1ccc(C2CC2CCNC(C)c2csc(C(C)C)c2)o1	0.032589
rxn:2:131877:87511	CCOc1cnccc1C(C)Nc1ncc(-c2ccnn2C)s1	0.032587
rxn:2:142147:138796	CSc1cnc(C(C)NCc2cnn(C)c2OCC2CC2)nc1	0.032573
rxn:2:68207:73619	CSc1cccc(C(C)NCC2C(c3ccc(C)s3)C2(F)F)n1	0.032568
rxn:2:124963:126409	CCCC(CCS(C)(=O)=O)NCc1ccn(CC2CCC2)n1	0.032566
rxn:2:136485:125659	CC1(C)OCC(Nc2cccc(-c3csnn3)c2)c2cccnc21	0.032561
rxn:2:122091:79348	COc1cc(C(N[C@@H](Cc2ccccc2)C(C)C)C2CC2)ccn1	0.032557
rxn:2:124151:127540	Cc1cc(C(NC2CCCCC2C2CC2)C(C)(C)C)c(C)s1	0.032556
rxn:2:99600:117427	CCC[C@@H](NC(C)c1ccn(C2CCC2)n1)c1ccc(CC)o1	0.032555
rxn:2:111430:72181	CCOc1cccc(C(C)Nc2nsnc2-c2nccn2C)n1	0.032548
rxn:2:114166:80962	CC(CNC(C)c1cc2c(cn1)cnn2C)Oc1ncccn1	0.032546
rxn:2:122917:113137	c1ccc(C(NCC2CCCc3nccn32)c2nnc[nH]2)nc1	0.032542
rxn:2:97282:132988	CCC(C)[C@H](NC1CCCC(N(C)C)CC1)c1cccc(C)c1	0.032532
rxn:2:112622:99516	CCC(Nc1ncoc1-c1cccnc1)c1ccnc(OC)c1	0.032524
rxn:2:101217:95838	CC(NC1(c2ccccc2)CC1(F)F)c1cnc2cccnc2c1	0.032520
rxn:2:127414:82387	CCC(COCc1ccccc1)NC(CC)c1c(C)noc1C	0.032516
rxn:2:134457:83592	Cc1cccnc1C(F)(F)CNC(C)c1cnc2c(cnn2C)c1	0.032516
rxn:2:135443:75138	Cc1ccccc1C(NC1(COc2ccccc2)CC1)C(C)(C)C	0.032512
rxn:2:130138:79808	CC1CCC2(CC1)CCC2NCc1cc2c(s1)CCC(C)(C)C2	0.032503
rxn:2:66887:131475	CCOc1ccc(NC2CC(=O)c3cccnc3O2)c2nonc12	0.032503
rxn:2:66601:137754	CCc1nc(NC(c2ccco2)c2occc2C)nc(OC)n1	0.032503
rxn:2:119202:96796	CCc1nn(C)c2ccc(NC3CCC(c4ccccn4)C3)cc12	0.032502
rxn:2:114004:141971	Cc1cc(NC2CCC3(CC2)C(F)(F)C32CC2)n(C2CCSCC2)n1	0.032501
rxn:2:141729:73125	CCCC(Nc1[nH]nc(-c2ccsc2)c1C)c1cscn1	0.032495
rxn:2:136005:123527	CCn1nc(CC2CC2)cc1CNC(c1ccc(C)cc1)C1CC1	0.032495
rxn:2:75362:107405	COCC1CN(CCNC(c2cccs2)C2CCOCC2)CC1C	0.032488
rxn:2:82902:116149	CC(C)Cc1n[nH]cc1NC(c1cccnc1)c1cccs1	0.032481
rxn:2:97174:72938	Cc1ccc(C(C)C)c(C(C)Nn2sc3ccccc3c2=O)c1	0.032480
rxn:2:141628:130039	CCc1cccc2c1CCC2NCC1C(c2ccsc2C)C1(F)F	0.032471
rxn:2:136980:107408	CC(NC(c1nnn[nH]1)C(C)C)c1ccc(-c2ccsc2)s1	0.032470
rxn:2:69124:101662	CCCn1cc(C(C)Nc2ccc(OC)c3cccnc23)cn1	0.032469
rxn:2:96651:137523	CC(C)CN1CCC(Nc2nc(CC3CCCCC3)cs2)C(C)C1	0.032468
rxn:2:66490:95208	Cc1c[nH]c2c(C(C)NC3CCC(C4CCOCC4)CC3)cccc12	0.032443
rxn:2:75127:99393	CC(NC[C@H]1CCCN1c1ncccn1)c1ccc2cnoc2c1	0.032438
rxn:2:126306:101153	Cc1ccc(C2C(NC(C)CC(C)(C)CC(C)(C)C)CCN2C)o1	0.032429
rxn:2:105679:118255	CCCC1(NC(CC)CCC2CCCC2)CCCC1	0.032427
rxn:2:109589:136252	CCCC(C)N1CCCC1CNc1cccnc1N(CC)CC	0.032423
rxn:2:100984:73616	CCO[C@@H]1CC(NC2CCC(CC3CCCC3)CC2)[C@]12CCCO2	0.032422
rxn:2:126320:125091	CCC(C)c1csc(NC(C)c2cc3cnccc3s2)n1	0.032412
rxn:2:118436:92422	Cc1ccc(CC(C)CNC2CC(C)Cc3ccccc32)cc1C	0.032405
rxn:2:78035:103044	CCCC(Cn1nc(C)nc1C)NCc1cncc(S(C)(=O)=O)c1	0.032404
rxn:2:91842:67425	Cc1nn(C(C)(C)C)cc1C(C)Nc1nc(-c2nccn2C)cs1	0.032400
rxn:2:124147:99378	COc1cccc(C(C)Nc2ccc3c(C)c(C)[nH]c3c2)c1	0.032399
rxn:2:80778:81582	CC(C)(C)C(CNc1nccc(-c2ccncc2)n1)n1cncn1	0.032389
rxn:2:105897:133016	CC(CCN(C)CC1CC1)Nc1ccc(Cc2nccs2)cc1	0.032375
rxn:2:95572:130817	CC(Nc1cnc(OC2CCCC2)s1)c1cccc2c1CCCC2	0.032375
rxn:2:83057:119754	CCC1C(F)(F)C12CCC(NC1CCN(CC)c3ccccc31)CC2	0.032368
rxn:2:90226:85552	COc1ccc(C)cc1C(C)CNC1c2sccc2CCC1(C)C	0.032367
rxn:2:85760:92300	CCN(CC)CC(NCc1c(C)cc(C)cc1C)c1cccs1	0.032365
rxn:2:67827:71206	CC[C@@H](NC(C)c1noc2ccccc12)c1ncccc1OC	0.032364
rxn:2:114943:135834	COCCC(NCCN1CC2CCCC(C2)C1)C1CCOCC1	0.032340
rxn:2:74681:105906	Cc1ccc2oc(C(C)NC3COC3Cc3ccccc3)cc2n1	0.032335
rxn:2:131047:77475	Cc1cc(NC2CCCc3oc(C)cc32)nc(-c2ccsc2)n1	0.032328
rxn:2:74918:76257	c1cnc2[nH]nc(CNCC3CCCN3c3cnccn3)c2c1	0.032311
rxn:2:75836:129164	CCc1cc2c(o1)CC(C)C2NC(C)c1ccnc2ncccc12	0.032293
rxn:2:118631:125067	COc1ccccc1C1CC(NC(C)c2cccc(C(C)F)c2)C1	0.032284
rxn:2:90718:139236	CCCC(CN1CCN(C)CC1)NC1CCC(OC(C)C)CC1	0.032283
rxn:2:82787:82570	Cc1nc(C(C)Nc2cc(C(C)C)nn2C(C)C)sc1C(C)C	0.032265
rxn:2:112504:113596	Cc1[nH]c(=O)c(CNC2CCN(C)c3cccnc32)c2occc12	0.032257
rxn:2:108448:73907	CCCC(Nc1[nH]nc(CC)c1CC(C)C)c1ccccc1	0.032256
rxn:2:70943:112506	CCCc1cccc(C(C)N[C@@H]2COc3ccc(SC)cc32)c1	0.032253
rxn:2:96521:93207	CCn1ncc2c(NC(C)CCCC3SCCCS3)cccc21	0.032248
rxn:2:77559:67539	Cc1ccsc1-c1nnc(NC(CCC2CCOCC2)C(C)C)[nH]1	0.032248
rxn:2:72832:87103	CC(C)n1ncc2c1CCC(Nc1ncn(Cc3cccs3)n1)C2	0.032238
rxn:2:82248:125464	CCCN1CCC(NCc2cn(C(C)C)nc2C(C)C)C(CC)C1	0.032238
rxn:2:129875:121219	CCCC(Nc1ccc2nnc(C(C)C)n2c1)c1ccncc1	0.032223
rxn:2:90656:127763	CCc1nn(C(C)C)c(NC(C)c2cn3cnnc3cc2C)c1C	0.032218
rxn:2:74720:70866	CCS(=O)(=O)c1ccc(NC(C)c2cc3sccc3s2)cc1	0.032217
rxn:2:85256:102440	Cc1cc(NC(C)c2cc3scnc3cn2)cnc1N1CCCC1	0.032210
rxn:2:74444:81014	CC1CC(CCNC2CCCCC2C2CCCCC2)CC(C)O1	0.032207
rxn:2:70932:81272	Cc1ccc2[nH]c(CNC(C)c3c(C)nn4c3CCC4)nc2c1C	0.032192
rxn:2:65960:135843	CC(C)CCC1(CNC(C)c2cc(C(C)(C)C)on2)CCCOC1	0.032189
rxn:2:69670:65966	CCC(C)Oc1cc(C)c(NC(c2ccnn2C)C2CC(C)C2)cn1	0.032189
rxn:2:109216:86218	CN1CCc2ncnc(NC(c3ccccc3)c3cc[nH]n3)c2C1	0.032179
rxn:2:125179:81981	CCSc1nc(C(NC2CCOC3(CCN(C)C3)C2)C(C)C)cs1	0.032176
rxn:2:69166:87367	CC(NCCn1c(=O)cc[nH]c1=O)c1ccc2nonc2c1	0.032153
rxn:2:94785:126689	CC(NC1(C2CCCCCCC2)CC1)c1ccc2cccnc2c1	0.032152
rxn:2:107434:122251	CCCCn1nc(C)c(CNC(C)c2c(C)c(C)c(C)[nH]c2=O)c1C	0.032145
rxn:2:139102:109872	CCc1ccc2c(c1)CCC(NC1(Cc3cc(C)ccc3C)CC1)C2	0.032144
rxn:2:77915:136999	CCOc1c(C(C)Nc2ccc(-c3ccco3)cc2)cnn1C	0.032134
rxn:2:72302:92655	CCC(CSc1cccc(C)c1)Nc1ccncc1C1CC1	0.032125
rxn:2:95408:74850	COc1nc(NC(C)CCc2cncnc2)nc2c1ncn2C	0.032117
rxn:2:74136:101819	CCC(C)OCCC(C)NCc1ncc(S(=O)(=O)CC)cn1	0.032113
rxn:2:86076:122281	CCCC(CN(C)CC)NCC1(C)CC(C)(C)CC(F)(F)C1	0.032100
rxn:2:83158:107761	CCc1ccc(C(C)Nc2nc(-c3cccs3)c(C)s2)o1	0.032091
rxn:2:73687:90536	CCn1nc(C(C)C)cc1C(C)Nc1cc(OC)cc(C2CC2)c1	0.032084
rxn:2:106847:93469	CSCCC(NC(C)c1csc(C(C)(C)C)n1)C1CCS(=O)(=O)C1	0.032083
rxn:2:67787:125251	COc1nc(NC(C)c2ccn(C(C)(C)C)n2)c2cc(C)sc2n1	0.032080
rxn:2:117081:76414	CCC(CCCc1ccccc1)N[C@@H]1Cc2cccc(OC)c2C1	0.032046
rxn:2:97092:139233	CCCC(NCCN1CCc2ccccc2C1)c1cn(C)nc1OC	0.032036
rxn:2:66910:122639	Cc1cc(C)c(C(C)Nc2nc(C)c3ccccc3n2)c(C)c1	0.032027
rxn:2:88523:89495	CC(NCC(F)(F)c1cnc[nH]1)c1cc2[nH]ncc2cn1	0.032023
rxn:2:114317:94406	CCCC(NC1(c2ccccc2C)CCCC1)C1CCN(CC)C1	0.032016
rxn:2:118441:135854	Cc1csc2sc(C(C)NCC3(F)CCC(C)CC3)c(C)c12	0.032014
rxn:2:85789:76539	CC(CCCN(C)C1CCCC1)N[C@@H]1CCCN(C2CCC2)C1	0.032010
rxn:2:135244:110306	COc1nnc(C)c(C)c1CNC(c1cccc(SC)c1)C1CC1	0.032007
rxn:2:116260:123184	CC(CCC(C)(C)n1cccc1)NCCC(C)n1ncccc1=O	0.032003
rxn:2:125183:76741	COCCC(Cc1ccccc1)Nc1ccc2sccc2n1	0.031990
rxn:2:139020:69876	c1cnc(OCC2CC(Nc3cc(CC4CC4)n(C4CC4)n3)C2)nc1	0.031990
rxn:2:90118:139590	CCN(C)c1cc(C)c(CNC(c2ccccc2)C(C)SC)cn1	0.031975
rxn:2:76818:71413	Cc1ccc(NC(C)c2sc(N(C)C)nc2C)c(CCC(C)C)n1	0.031967
rxn:2:117479:85552	CCC(CNC1c2sccc2CCC1(C)C)SC1CCCC1	0.031963
rxn:2:112004:71442	COc1cnc(C(C)NC(C)c2ccc(S(=O)(=O)F)cc2)[nH]c1=O	0.031961
rxn:2:96235:85238	CC(C)(CCNC1CCCC1SC1CCOCC1)c1ccccc1	0.031957
rxn:2:86642:114723	Cc1cccc(C(NCCc2nn3c(C)nnc3s2)C(C)(C)C)c1	0.031955
rxn:2:137326:124075	CCCCC1CCCC1Nc1ccsc1-c1ccccc1	0.031936
rxn:2:95514:124713	CC(C)c1cccc(C(C)Nc2cc(-c3ncccn3)nn2C)c1	0.031913
rxn:2:88586:70237	Cc1ccccc1CCCC(C)NCCC1C[C@H]2CC[C@@H]1C2	0.031912
rxn:2:73057:66368	COc1ccc(NC2CCCc3c2ccc(=O)n3C)c2c1cnn2C	0.031905
rxn:2:84028:75108	COc1cccc2ccc(NC(C)c3cnc(C)c(C)c3)cc12	0.031891
rxn:2:127931:124791	COc1ccccc1C(Nc1ccc2c(c1)CCC2N(C)C)C(C)C	0.031886
rxn:2:139219:80693	CSc1cccnc1C(C)Nc1cncc2nc(C)c(C)nc12	0.031882
rxn:2:91058:124667	CCC1CN(CCOC)CCC1NCc1ccc(C2CC2)[nH]c1=O	0.031865
rxn:2:126958:95726	CCCC(NC1CC2CCC(C1)N2C1COC1)C1CCOC(C)(C)C1	0.031860
rxn:2:108891:71321	COc1nc(NC2CC(C)Cc3sccc32)cc2ccccc12	0.031852
rxn:2:110961:131981	CCn1nc(NC2c3cscc3-c3sccc32)cc1C(C)C	0.031852
rxn:2:136670:131913	CCCC(Nc1cccc(-c2nccs2)n1)C1CCN(CCC)C1	0.031849
rxn:2:140025:119647	CCC[C@H](NC(CCS(C)(=O)=O)C(C)(C)C)c1ccc(CC)o1	0.031846
rxn:2:116645:127142	CCCC(NC1CCN(CC)C1c1cccs1)c1c(C)nn(C)c1C	0.031841
rxn:2:81717:75138	Cc1ccccc1C(Nc1c(C)ccc2[nH]nnc12)C(C)(C)C	0.031836
rxn:2:67780:74191	COc1ccnc(C(Nc2c(C)ccc3[nH]ccc23)C2CC2)c1	0.031836
rxn:2:80435:100888	CCC(Cn1nccc1C)NC(C)c1c[nH]c2cncc(C)c12	0.031836
rxn:2:120753:131062	CCN(CCNC1CCN(c2cc[nH]c(=O)c2)C1)C1CCN(C)C1	0.031835
rxn:2:142769:136585	CCCCC(Nc1cccc2c(=O)[nH]c(C)nc12)C1CC2(CCC2)C1	0.031835
rxn:2:126624:125587	COc1cccc2c1OCC2Nc1cccc(-c2ncc(C)[nH]2)c1	0.031833
rxn:2:120469:82570	CCOc1ncc(NC(C)c2nc(C)c(C(C)C)s2)c(OCC)n1	0.031824
rxn:2:99401:68463	Cc1cccc(C(CC(C)C)Nc2cnc(C3CC3)cc2C)c1	0.031820
rxn:2:122091:91116	Cc1csc(C(N[C@@H](Cc2ccccc2)C(C)C)C(C)C)c1	0.031814
rxn:2:92820:119465	Cc1ccccc1CC(C)(C)NC1CCC(CCC(C)C)C1	0.031811
rxn:2:111870:79718	CCOc1c(NC(C)c2cnc3[nH]ccc3c2)c(CC)nn1C	0.031799
rxn:2:120983:95090	COc1cccc2nc(NC3CCCc4cc(C)nc(C)c43)[nH]c12	0.031780
rxn:2:88731:122402	COC(CNC(C)c1cnc2nccnc2c1)c1cn(C)nn1	0.031768
rxn:2:68069:98229	CCC(NCc1cnc2[nH]ncc2c1)c1ccc[nH]c1=O	0.031766
rxn:2:136657:127272	Cc1cccc2c1OCCCC2Nc1ccc(-c2cn[nH]n2)cc1	0.031760
rxn:2:128414:108131	CCn1ccc(-c2cnc(NCC(C3CCCCC3)S(C)(=O)=O)s2)n1	0.031749
rxn:2:117425:120644	CCc1n[nH]c(CC)c1CCNC(CC)C1CCCCCC1	0.031736
rxn:2:68050:125777	CCn1nc(C)c(C(C)(C)C)c1NC(C)c1cc2occc2[nH]1	0.031734
rxn:2:128586:71442	Cc1cc(OC2COC2)ccc1NC(C)c1ccc(S(=O)(=O)F)cc1	0.031703
rxn:2:113028:71259	CCC(Nc1ccccc1SC(C)(C)C)c1ccccc1	0.031685
rxn:2:102659:72538	CC(C)OCC(NC1CCCC1Cc1ccccn1)c1cccn1C	0.031666
rxn:2:74301:126307	Cc1ccc(C(C)(C)NC(c2ccsc2)c2cnn(C)c2)c(C)n1	0.031666
rxn:2:134236:90555	Cc1c(NC(C)c2ccc(C(C)C)cc2)ccc2ocnc12	0.031664
rxn:2:128400:88664	Cc1ccc2c(c1)C(Nc1nn(C)c3nc(C)ccc13)CC2(C)C	0.031660
rxn:2:88737:106694	Cc1cc(C(C)Nc2ncn(C3CC4CCC3C4)n2)c2ncnn2c1	0.031659
rxn:2:66705:82411	Cc1ccc([C@H](NC2CCN(Cc3cccs3)CC2)C(C)(C)C)s1	0.031650
rxn:2:111329:105546	Cc1cc(C(NC(C)c2cnc3sccn23)C(C)(C)C)c(C)o1	0.031640
rxn:2:91729:96546	COC(CNC1CCSc2cc(C)ccc2C1)C1CCCCCC1	0.031639
rxn:2:74358:112369	CC(C)(C)Cc1nc(CCNC2CCN(Cc3cscn3)CC2)cs1	0.031639
rxn:2:92844:127540	Cc1cc(C(Nc2c3c(nn2C(C)C)CCOC3)C(C)(C)C)c(C)s1	0.031628
rxn:2:164027:130639	COC1C(Nc2ccc3c(=O)cc(C)oc3c2)c2ccccc2N1C	0.031626
rxn:2:88649:82183	CCCC(Nc1ncn(-c2ccccc2)n1)c1ccc(C)cc1	0.031623
rxn:2:99806:97171	CCOCc1cnc(C)nc1NC(C)c1ccc2[nH]ncc2n1	0.031623
rxn:2:123360:118592	CC(C)COC1CC(NCc2cn[nH]c2Cc2cccs2)C1(C)C	0.031623
rxn:2:102704:85815	CCc1ccc2[nH]nc(NC3CCC3c3cccc(C)c3)c2c1	0.031617
rxn:2:92699:74479	Cc1oc2c(c1C(C)NCc1ccc3ccccc3c1)CCC2	0.031600
rxn:2:95547:125881	Cc1cc2c(C)ccc(NC3CCOc4[nH]c(=O)ccc43)c2cn1	0.031591
rxn:2:114885:94628	Cc1ccc(OCC2CC2)cc1NC1CC(c2cccnc2)C1(C)C	0.031587
rxn:2:83587:141075	Cc1nc(C(Nc2ncc3[nH]c(=O)cnc3n2)C(C)(C)C)sc1C	0.031585
rxn:2:88212:126620	CCC(Nc1cc2cc(OC)ccc2s1)c1ccc(C)[nH]c1=O	0.031581
rxn:2:72485:101232	CC(CC1CCC(C(C)C)CC1)NC(c1nnc[nH]1)c1cccs1	0.031580
rxn:2:94939:109347	CCN1CCCC1CC(C)NC(Cc1cccs1)c1cccs1	0.031575
rxn:2:121863:95401	CC(Nc1nc2c([nH]1)CCCCC2)c1cccc2occc12	0.031562
rxn:2:77477:67015	Cc1sc(C(C)NC2CCC(C3CCC3)CC2)nc1CC(C)C	0.031558
rxn:2:124002:121109	C[C@@H]1CC(NC(c2ccncc2)c2cccs2)c2ccccc21	0.031550
rxn:2:137555:113210	Cc1nc2c([nH]1)C(NC(C)c1ccc3[nH]cnc3c1)CCC2	0.031544
rxn:2:103555:67707	CCC(CCCn1cccn1)Nc1ncnc2nc(C)n(C)c12	0.031538
rxn:2:99471:103611	CCc1cnc(C(CC(C)C)NC2CCC3(CCOC3)CC2(C)C)[nH]1	0.031533
rxn:2:92878:70866	CC(NC1CCc2c(cnn2C(C)C)C1)c1cc2sccc2s1	0.031521
rxn:2:107581:134274	Cc1cncc(OCC2(NC(C)c3ccn4ccnc4c3)CC2)c1	0.031516
rxn:2:135366:98150	CC(C)CC(NCC(c1ccccc1)C(C)C)c1cccnc1	0.031511
rxn:2:125765:89502	CC(C)Oc1[nH]ncc1C(C)Nc1oncc1-c1cccnc1	0.031504
rxn:2:80104:82580	CC(NCc1nnn(C(C)C)c1C1CC1)c1cn2ccccc2n1	0.031502
rxn:2:111496:123195	COc1cccc(C(C)(C)NC2CC(C)(C)C2c2ccccc2)c1C	0.031494
rxn:2:103730:124512	COCCC(Cc1cnn(C)c1)NC(C)(C)c1scnc1C1CC1	0.031493
rxn:2:85082:87412	CC(NCCc1cnn2ncccc12)c1cn(C2COC2)nn1	0.031488
rxn:2:75617:107405	Cc1ccc2cc(NC(c3cccs3)C3CCOCC3)cnc2n1	0.031486
rxn:2:120590:88089	CC(C)c1ccc(CCNC(C)c2cc3nccnc3[nH]2)cc1	0.031483
rxn:2:73141:71382	CCCCC(NC(C)(C)C(F)(F)C1CCC1)C1CCS(=O)(=O)C1	0.031466
rxn:2:129261:71029	COC(C)(C)Cn1cc(NC(C)c2n[nH]c3ccncc23)nn1	0.031464
rxn:2:137051:71173	CCCc1ccncc1C(C)NCc1cc(C(CC)CC)no1	0.031455
rxn:2:106471:137519	CC(Nc1ccnn1-c1cnccn1)c1ccn(CC2CCC2)n1	0.031454
rxn:2:106433:93557	COc1cnc2nnc(CNC(c3ccc(C)cc3)C(C)C)n2c1	0.031447
rxn:2:85167:131126	CC[C@H](NC1C(C)(C)OC12CCCCC2)c1csc2ccccc12	0.031447
rxn:2:135710:137754	CSc1cncc(CNC(c2ccco2)c2occc2C)c1	0.031446
rxn:2:112602:102081	CCCC(NCCc1cnc2ccccn12)c1ncccc1C	0.031446
rxn:2:130976:101239	CC(NCCN(C)C(C)c1nccs1)c1ncn2ccccc12	0.031444
rxn:2:67807:122251	Cc1[nH]c(=O)c(C(C)Nc2ccc3ncccc3c2C)c(C)c1C	0.031444
rxn:2:67447:108792	CSCCC(Nc1cccc2oc(C)nc12)c1ccccc1	0.031433
rxn:2:108995:141929	CCC(C)Oc1ccc(NC2CCN(c3nc(C)cs3)CC2)cc1C	0.031433
rxn:2:77504:94756	Cc1ccc(SCCC(C)NCc2c3c(nn2C)CCC3C)cc1	0.031413
rxn:2:87395:80484	Cc1cccc(-c2ncno2)c1NC(C)c1cn(C)c(=O)[nH]c1=O	0.031410
rxn:2:103835:76189	CCn1nc(C)c(C2CCC2)c1NC(C)c1ccn(C(C)C2CC2)n1	0.031409
rxn:2:134767:117820	CCC(CCC1CCCCC1)Nc1cnc2c(c1)CC(C)CC2	0.031392
rxn:2:108694:137597	CSC1(C)CCC(C(C)C)C(Nc2nc(C)c(C(C)C)c(C)n2)C1	0.031387
rxn:2:112125:130430	COCCN1C2CCC1CC(N[C@@H](COC)Cc1ccccc1)C2	0.031383
rxn:2:141266:121185	CCc1nn(CC)c(NC(C)c2cc3cnn(C)c3cn2)c1CC	0.031381
rxn:2:126200:84327	CC(NCCc1nc(C2CCCC2)no1)c1cccc2nccn12	0.031381
rxn:2:105871:123008	CSc1nnc(-c2ccco2)n1NC(C)c1cc(C)cc(C)n1	0.031377
rxn:2:122342:88797	COc1cccc2c1C(Nc1occ(C)c1-c1ccccn1)CC2	0.031367
rxn:2:120570:106677	Cc1cc(CC(C)C)nn1CCNC1CCN(CC2CCCO2)CC1	0.031366
rxn:2:122833:123446	Cc1nc2cccnc2n1CCNC(C)c1ccnc(C(C)C)c1	0.031364
rxn:2:69516:119432	CCC(Cn1nc(C)cc1C)NC(CCc1ccsc1)COC	0.031357
rxn:2:114828:127763	Cc1cc2nncn2cc1C(C)NCc1cn(CC2CCC2)nn1	0.031356
rxn:2:70630:134163	Cc1nc(OC(C)(C)C)ccc1NC1CCCCC12CCCCC2	0.031334
rxn:2:151363:105475	O=c1[nH]c(=O)c2cc(NC3CCCn4cccc43)cn2[nH]1	0.031324
rxn:2:83340:90111	CC(Nc1nnc(SCC2CCCO2)[nH]1)c1cnc(C(C)(C)C)s1	0.031319
rxn:2:102480:87511	CCOc1cnccc1C(C)Nc1ncccc1-n1nccc1C	0.031309
rxn:2:97095:123659	CC(Nc1cnn(C)c1-c1ccccc1)c1cncc(C2CC2)c1	0.031299
rxn:2:119412:67353	COc1ccc2[nH]cc(CNC3CC(C)(C)CCC(C)(C)C3)c2c1	0.031294
rxn:2:71893:91311	CC12CC(NC3CC4(C3)CC3(CC(F)(F)C3)C4)CCC1C2(F)F	0.031288
rxn:2:87615:138025	CCC(C)n1cc(CNC(c2c(C)cccc2C)C(C)C)c(C)n1	0.031286
rxn:2:139089:117558	O=c1c2sccc2ncn1CCNC1CC[C@H]1Cc1ccccc1	0.031278
rxn:2:93289:119902	CCc1ccc(C(Nn2c(=O)ccc3ccccc32)C(C)C)cc1	0.031273
rxn:2:116544:106283	CSCC(CCC(C)(C)C)NC(C)c1ccnc(S(C)(=O)=O)n1	0.031271
rxn:2:106325:119681	COc1cc(OC)c(NC(C)c2ccn3ccncc23)c(OC)c1	0.031266
rxn:2:114629:124238	CCc1cc2cc(NC3CSCc4ccccc43)ccc2n1C	0.031251
rxn:2:93849:88089	COC1CN(c2cccc(NC(C)c3cc4nccnc4[nH]3)n2)C1	0.031248
rxn:2:82294:131175	Cc1csc(C(Nc2cnnc3c(C)cc(C)cc23)C2CC2)c1	0.031245
rxn:2:80214:78218	CC(N[C@H](c1cccs1)C(C)C)c1cccc2cccnc12	0.031244
rxn:2:85854:89815	CCC(N[C@H](C)C12CC3CC(CC(C3)C1)C2)C1CCOC(C)(C)C1	0.031236
rxn:2:97252:82772	c1cc(NC2CCCc3ccsc3C2)nc(-c2ccncc2)c1	0.031235
rxn:2:70843:68225	Cc1noc(C2CC(Nc3nnc(CCc4ccco4)[nH]3)C2)n1	0.031229
rxn:2:101296:104390	CCOc1ccc(C(CC)NCC(C)(C)CN2CCOCC2)cc1	0.031228
rxn:2:121561:105089	CCCCC(NCCC(F)(F)C1CC1)c1cccc(C)c1	0.031224
rxn:2:116416:124721	CC(N[C@@H](C)c1ccc2nonc2c1)c1cnn(CC2CCC2)c1	0.031219
rxn:2:74318:66477	CCc1cccc2c1C(Nc1c(CC(C)C)c(CC)nn1C)CCC2	0.031217
rxn:2:131735:102093	CCC(C)n1cc(C(C)Nc2cccc(-c3ncco3)c2)cn1	0.031208
rxn:2:70337:111574	c1ccc(C(CNC2CCc3cc4c(cc32)CCC4)C2CCC2)cc1	0.031199
rxn:2:135570:101153	CCc1nn(C)c(NC(C)CC(C)(C)CC(C)(C)C)c1C1CC1	0.031198
rxn:2:96841:89501	CCOCC(NCc1ccc(S(=O)(=O)CC)nc1)c1cccn1C	0.031196
rxn:2:118163:80885	CCC(C)C(CNC(C)c1nc(C2CCC2)c[nH]1)N1CCCCC1	0.031192
rxn:2:110626:133098	COc1ccc(C(C)NC(c2ccccc2)C23CC(C2)C3)cc1OC	0.031186
rxn:2:114408:84548	Cc1ccc2c(c1)OC(C)CC2Nc1ccc(-n2ccnc2C)cn1	0.031178
rxn:2:78506:74721	CCC(C)OC1(CNC2CCc3cccc(OC)c3C2)CCCCC1	0.031178
rxn:2:105646:83311	COc1cccc2c1ccn2NC1CC(C)Cc2c(C)cccc21	0.031174
rxn:2:107724:122319	Cc1nc(C(C)(C)C)sc1C(C)NCC(F)(F)CN1CC(C)CC1C	0.031150
rxn:2:102143:75352	CCCCC(NC1(CC)Cc2ccccc2C1)c1ccccc1	0.031148
rxn:2:96997:75270	CCCn1ncc(NC(c2ccsc2)c2cccs2)c1OC	0.031145
rxn:2:81911:134274	CCOc1ccc(C2CC2NC(C)c2ccn3ccnc3c2)cc1	0.031133
rxn:2:130383:136476	Cc1ccc(C(C)CC(C)NCCN2CCc3cc(C)ccc32)cc1	0.031131
rxn:2:106978:73883	Cc1cccc([C@H](NC(C)c2cnc3nn(C)cc3c2)C(C)(C)C)n1	0.031129
rxn:2:115179:75659	CCCOc1nccc(NC(CCCN(C)C)c2cccs2)n1	0.031113
rxn:2:122155:70379	Cc1cccc(C)c1C(C)Nc1cccc(C(F)(F)C2CC2)c1	0.031111
rxn:2:85296:99466	CCC(C)CC(N[C@H](c1ccccn1)C1CC1)c1ccccc1	0.031109
rxn:2:124244:113165	CCCc1ccc(C(C)Nc2c(C)cnc3ccccc23)nc1	0.031102
rxn:2:129189:136761	c1csc(C(N[C@H](CC2CC2)c2ccoc2)c2ncc[nH]2)c1	0.031096
rxn:2:121165:126146	Cc1sc(C)c(NC(c2ccsc2)c2ccsc2)c1C	0.031090
rxn:2:138840:128314	Cc1ncccc1-c1cc(NC2CCC(c3cnccn3)CC2)on1	0.031084
rxn:2:127892:120553	Cc1cccc(-c2nnc(NC3CCC(c4ncccn4)CC3)o2)c1	0.031084
rxn:2:126998:85915	CCC(N[C@@H](CCC(C)C)c1ccsc1)c1ccc(C)[nH]1	0.031056
rxn:2:92002:138167	Cc1cc(C(Nc2c(-n3cncn3)cc[nH]c2=O)C(C)C)n(C)n1	0.031051
rxn:2:112356:127013	CCC[C@@H](NC1CCC(CC)C1C)c1ccc(SC)cc1	0.031042
rxn:2:116114:86369	CCCc1cccc2sc(NC3C[C@H](C)CC[C@@H]3C(C)C)nc12	0.031038
rxn:2:106863:110934	Cc1nc(NC(c2ccccc2)C2CCOC2)n(-c2ccncc2)n1	0.031030
rxn:2:81754:73041	COc1cc(CNC(C)c2cc(C)c3ocnc3c2)nc(OC)n1	0.031029
rxn:2:94325:107569	Cc1ccncc1C(CC(C)C)Nc1ccccc1C12CC(C1)C2	0.031026
rxn:2:130214:117464	Cc1[nH]c(=O)sc1C(C)NC(C)c1ccc2[nH]cc(C)c2c1	0.031025
rxn:2:122565:129440	CC(C)CSc1ncnc(NC(C)c2ccc(C(C)C)[nH]c2=O)n1	0.031024
rxn:2:113057:71174	CCCC(NC(C)c1cccc(CN(C)C)c1)C1CCCCC1	0.031019
rxn:2:76800:119956	CCC1CCc2ccccc2C1Nc1c2c(nc3ccnn13)CCC2	0.031018
rxn:2:110348:82387	CCC(COCc1ccccc1)NCc1c2c(c(C)[nH]c1=O)CCC2	0.031018
rxn:2:133189:133007	CCn1cc(C(C)C)nc1CCNC1CCN(Cc2ccsc2)CC1	0.031012
rxn:2:111944:66235	c1cnc(-c2cccc(NC3CCCCc4cncnc43)c2)nc1	0.031006
rxn:2:140254:138050	c1ccc(-c2ccc(NC3CCCC34CCCCCC4)cc2)nc1	0.030996
rxn:2:115409:117379	CCC(C)C(Nc1nccn1Cc1csnn1)c1ccccc1	0.030995
rxn:2:92930:105779	COc1cncc(C2(NC(C)c3ccc4nc(C)cn4c3)COC2)c1	0.030993
rxn:2:125183:77101	Cc1ccc2c(c1)C(C)(C)CC2Nc1ccc2sccc2n1	0.030984
rxn:2:102629:118063	COc1ccccc1C1(NC(C)c2nc(C)cn3ncnc23)CCC1	0.030983
rxn:2:125912:72559	CC(NCCc1[nH]nc2c1CCSCC2)c1ccn2nncc2c1	0.030982
rxn:2:100693:125007	CCC(N[C@@H](C)c1cccc2cnccc12)c1ccc(C)s1	0.030981
rxn:2:133344:119868	CC(C)c1n[nH]c2c1C(NC1CCCC3(CCC[C@@H](F)C3)C1)CCC2	0.030980
rxn:2:130566:83441	CCCn1nc(NC2CCN(c3cccnn3)CC2)c2ccccc21	0.030976
rxn:2:74178:85020	CCC(C)c1csc(C(C)CNC(C)c2cc(C)cc(OC)n2)n1	0.030970
rxn:2:114894:101477	CC(CCn1[nH]c(=O)ccc1=O)Nn1c(=O)oc2ccccc21	0.030960
rxn:2:95822:92254	CCOc1ccc(C(C)Nc2nc(OC)c3cnn(C)c3n2)cn1	0.030951
rxn:2:142579:83516	Cc1ccc2c(c1)C(Nc1cc3ccc(=O)[nH]c3cc1C)C(F)C2	0.030950
rxn:2:139082:161231	CC(Nc1cccc(CS(C)(=O)=O)c1)c1cnc2scnn2c1=O	0.030948
rxn:2:119755:118327	CCC(C)(C)c1ccc(CNC(c2nc(C)cs2)C(C)C)cc1	0.030947
rxn:2:73611:89337	CCCN1CCC(C(CC)NC(CSC)c2ccccc2)CC1	0.030929
rxn:2:89762:69583	COc1cc(C)nc(C)c1NC(C)c1onc2[nH]c(=O)[nH]c12	0.030920
rxn:2:86035:110366	COCc1cc(NC(C)c2cncnc2C)nc(SC)n1	0.030919
rxn:2:83908:87508	COc1n[nH]c2ccc(NC(C)c3ccccc3S(C)(=O)=O)cc12	0.030916
rxn:2:70675:101525	Cc1c(C2CC2)nn(C(C)C)c1NC(C)c1ccc(S(C)(=N)=O)cc1	0.030908
rxn:2:80437:113561	CSc1cc(C(C)Nc2ccnc(C3CCOCC3)n2)c(C)cc1C	0.030907
rxn:2:91244:85758	CCC(Nc1ncnn1C(C)C1(C)CC1)c1ccc(SC)nc1C	0.030902
rxn:2:97907:115333	COc1cc(NC2CCCc3oc(C)c(C)c32)c2ccccc2n1	0.030895
rxn:2:75649:136156	COc1cc[nH]c(=O)c1C(C)Nc1cnn(C)c1-c1cnccn1	0.030878
rxn:2:122912:112739	CCOC(C)(CNC1CCOC(C)(C(C)CC)C1)C1CCCC1	0.030878
rxn:2:126145:112972	Cc1ncc2c(n1)CCCCC2Nc1ncoc1-c1ccncc1	0.030874
rxn:2:142017:104935	CC(NC1CCCc2ccccc2C1)c1cccc(C(C)(F)F)c1	0.030873
rxn:2:120617:84883	CCCCc1nnc(NC(c2ccccc2)c2ccc[nH]2)s1	0.030872
rxn:2:100406:93872	c1ccc2c(c1)-c1c[nH]nc1C2N[C@H]1CCO[C@@H](c2ccncc2)C1	0.030867
rxn:2:120224:115680	CCC(COCC1CCOC1)NCc1cc2[nH]ccc2cc1OC	0.030866
rxn:2:111395:101312	CC(C)C[C@H](NC(C)c1c[nH]c2nnccc12)c1ccccc1	0.030850
rxn:2:131831:119902	CCc1ccc(C(Nc2ccc(C3CCOCC3)nc2)C(C)C)cc1	0.030839
rxn:2:133905:95476	CCSc1ccccc1C(C)NCc1nc2cc[nH]cc-2n1	0.030837
rxn:2:133910:136796	COc1cc(C)c(C(C)NCc2cc(-c3cccs3)ncn2)cn1	0.030836
rxn:2:74422:78603	Cc1[nH]c2ncccc2c1CCNC1CC(c2ccccc2)C1C	0.030830
rxn:2:131272:83733	CC(NC1CCCCc2cnn(C)c21)c1nc(-n2ccnc2)cs1	0.030829
rxn:2:123411:113165	CCCc1ccc(C(C)Nc2ccc(OC(C)(C)C)c(C)c2)nc1	0.030826
rxn:2:97149:88797	COc1cccc2c1C(NCc1cc(-c3cccnc3)cs1)CC2	0.030810
rxn:2:90951:141929	Cc1csc(N2CCC(Nc3ncncc3-c3ccccc3)CC2)n1	0.030806
rxn:2:116470:119925	CC(N[C@@H]1CCCCc2ccccc21)c1cnc2c(c1)ncn2C	0.030803
rxn:2:86525:133157	CCOc1c(C)cc(CNC(C)c2cnn(CC3CC3)c2C)cc1C	0.030796
rxn:2:90421:123735	COc1nc2nonc2nc1NC1C[C@H](C)S(=O)(=O)c2sccc21	0.030764
rxn:2:70992:125321	CCc1ccc2c(c1)C(NC(C)c1ccnc(C(C)(C)F)c1)CCC2	0.030747
rxn:2:89733:125060	CCCC(NCc1ccc2cc[nH]c2c1)c1cscc1C	0.030733
rxn:2:94563:80888	Cc1cnc(C2(CNC(C)c3cnc(-c4ccco4)s3)CC2)nc1	0.030729
rxn:2:94035:133972	COCCC(NCC(C)(OC)C1CCCCC1)c1sccc1C	0.030723
rxn:2:125931:86357	CCOc1noc2c1C(NCC1(Cc3nc(CC)cs3)CC1)CCC2	0.030699
rxn:2:117777:132951	c1ccc(C(NC2CCCCC2c2cncnc2)c2ncco2)cc1	0.030687
rxn:2:131604:139085	c1csc(CCn2cnc(NC3CCCCc4[nH]ncc43)n2)c1	0.030683
rxn:2:123065:102615	c1ccc(SC2CC(NCC3CCCCCCCCC3)C2)cc1	0.030679
rxn:2:102384:74143	C=C=Cc1cccc(C(C)NC(C)c2nc(CC(C)C)n[nH]2)c1C	0.030674
rxn:2:141549:99963	CCc1nc(C(CC)(CC)NC(C)c2cccnc2S(C)(=O)=O)no1	0.030671
rxn:2:74028:136383	CCCC(NCCN1CCC[C@H](OC)C1)C1CCCN1C1CC1	0.030670
rxn:2:96408:80762	COc1c(CNC2CCC(C)c3cc(C)ccc32)cccc1C1CC1	0.030666
rxn:2:82992:72156	CCOc1ccccc1C(C)Nc1cc(CN(CC)CC)ccn1	0.030662
rxn:2:128877:92525	CCCC[C@H](NC(CC(C)(C)C)c1cncs1)c1ccco1	0.030646
rxn:2:77351:123437	CCC(Nc1cc2[nH]cnc2c(=O)[nH]1)c1cnn(CC)c1C	0.030644
rxn:2:116074:96532	Cc1cnc2cc(C(C)Nc3cn[nH]c3C3CCN(C)CC3)ccn12	0.030630
rxn:2:136596:133317	COCC(CC1CCOCC1)NC1CCCC1N(C)CC(C)(C)C	0.030622
rxn:2:99176:110224	Cc1cccc2c1CC(C)CC2NC1CCc2ccccc2C1(C)C	0.030595
rxn:2:132168:79969	CC(C)C1CC(Nc2cc(C3CCCCC3)ncn2)c2ccccc21	0.030585
rxn:2:73184:127216	CCC(Cc1ccccc1OC)Nc1cccc2c1c(C)nn2C	0.030580
rxn:2:131634:74093	COCC1(COC)CCC(N[C@H](C)c2cc(C)c(OC)c(C)c2)CC1	0.030559
rxn:2:129803:141727	CCCC(NCCc1ccc(N2CCC2)nc1)c1cccc(C)c1C	0.030556
rxn:2:107275:70303	CCn1ccnc1CCC(C)Nc1ccccc1CSC(C)C	0.030554
rxn:2:136828:110279	CC1CC2(C)CC(NCc3csc(C4CCC4)c3)CC(C)(C1)C2	0.030547
rxn:2:106716:87772	CCc1c(C)nn(C2CCC2)c1NC(C)c1ccn2nc(C)cc2n1	0.030544
rxn:2:98848:141971	CCc1cccc(C2CC2CNC2CCC3(CC2)C(F)(F)C32CC2)c1	0.030536
rxn:2:91802:125299	CSc1ccc2c(c1)C(Nc1nccc(OCCN(C)C)n1)CCC2	0.030519
rxn:2:118044:127576	COCCC(Nc1ccc(C2CCOCC2)cc1)c1cccc(C)c1	0.030519
rxn:2:104109:77792	CSc1ccc(C2CC2CNC2CCCCC2Cn2cncn2)cc1	0.030517
rxn:2:113846:136955	CSc1cccc2c1OCCC2Nc1cccc(C)c1OC(C)C	0.030515
rxn:2:109532:133494	Cc1cc(NC(C)c2cnc3ccccc3n2)nn1CCC(C)C	0.030513
rxn:2:80345:83656	CC(NCc1ccnn1CC1CC1(F)F)c1cnc2ccsc2c1	0.030506
rxn:2:98421:70247	Cc1nc(-c2nnc(NC(C)c3ccc(CC4CC4)s3)o2)cs1	0.030494
rxn:2:124996:83526	Cc1ccc(C(CN(C)C)NC(c2ccc(C)cc2)C2(C)CC2)cc1	0.030482
rxn:2:126697:110743	COc1c(C)cc(C(C)NCCc2c(C3CC3)[nH][nH]c2=O)cc1C	0.030454
rxn:2:126644:69985	COc1ccc2c(c1)SCCC2Nc1c(C)cnn1-c1ccccn1	0.030451
rxn:2:141229:138116	CCSc1ccc(C(C)Nc2ccccc2N(C)C2COC2)cc1	0.030422
rxn:2:102378:73740	CC(C)SC(c1cccs1)C(C)NCC1COCc2ccccc21	0.030421
rxn:2:114439:134252	Cc1ccc(C(CCN(C)C)NCC2C(c3ccccc3)C2(C)C)o1	0.030420
rxn:2:146611:70247	CC(Nc1ccc2ccn(C)c(=O)c2c1)c1ccc(CC2CC2)s1	0.030410
rxn:2:106880:133831	Cc1nc2ncccn2c1C(C)NC1CC(C)S(=O)(=O)c2sccc21	0.030408
rxn:2:131339:109324	CSc1nccc(C2(NC3CC4(CCC(C)(C)C4)C3)CC2)n1	0.030407
rxn:2:122660:78013	CCc1cc(C(C)Nc2cc(C)nn2C2CCCCC2)ccc1OC	0.030403
rxn:2:113146:131618	CC(CCNC1CCC(C2CCCC2)CC1)N1CCSC(C)(C)C1	0.030390
rxn:2:126038:112262	CCCc1ncc2cc(NC3COc4c(OC)cc(C)cc43)ccn12	0.030387
rxn:2:136515:84421	Cc1nc2ccc(NC3CCCN(c4ccccc4)C3)c(C)c2s1	0.030386
rxn:2:131543:81396	CCCC(NC1CC(C(C)(C)C)CN(C)C1C)c1ccc(C)c(C)c1	0.030385
rxn:2:116057:72446	CC(CCc1cccc(=O)[nH]1)N[C@H](C)c1cnc2ccccc2c1	0.030383
rxn:2:93332:162632	Cc1ccc2c(c1)[C@@H](NC1Cc3cccc4cccc1c34)CCO2	0.030377
rxn:2:135441:84431	CCCOc1nn(C)cc1C(C)Nc1cccc2cc(C)sc12	0.030370
rxn:2:71012:82350	CC(C)c1ncc(C(C)NC(c2ccccc2)c2nnc[nH]2)cn1	0.030356
rxn:2:73982:97429	Cc1ccc(C)c2c1OCCC2NC(c1ccccn1)c1nccs1	0.030346
rxn:2:112538:104390	CCOc1ccc(C(CC)NC(C)c2cccc(C3CC3)n2)cc1	0.030335
rxn:2:104172:138649	COc1ccc([C@@H](NC(c2cc(C)ccc2C)C(C)C)C2CC2)cn1	0.030333
rxn:2:82069:89501	CCOCC(NCc1ccc(C2CCCCC2)s1)c1cccn1C	0.030318
rxn:2:112792:98254	CCCC[C@@H](NC(CSC)c1cccs1)c1cccc(C)n1	0.030294
rxn:2:128700:109382	c1csc(C2CCC(NCc3ccc(-c4c[nH]cn4)cc3)CC2)n1	0.030294
rxn:2:122792:87552	CC(NC(CS(C)(=O)=O)c1cccs1)c1nn(C)c2cccnc12	0.030291
rxn:2:69389:128360	c1cncc(-c2nccc(NC3CCCCc4ccccc43)n2)c1	0.030284
rxn:2:115366:139009	COCCn1nc(C)c(C)c1NC(C)c1cccc2sc(C)nc12	0.030276
rxn:2:126361:116205	CCc1ccc2ncc(NCC3CCCc4sccc43)cc2c1	0.030273
rxn:2:96271:122193	CCSc1nnc(CNC(C)c2coc3ccc(C)cc23)n1C	0.030267
rxn:2:65973:134304	Cc1ncccc1C(NC(C)c1ncc(-c2ccco2)o1)C1CC1	0.030262
rxn:2:118820:73491	CCCC(CN(C)C1CC1)NCC1CC1c1ccc(CC)cc1	0.030257
rxn:2:88339:91871	Cc1ccc(-c2cc(NC(C)c3ccnn3C3CCCC3)[nH]n2)o1	0.030255
rxn:2:70412:78199	CCC(Cc1cccc(C)c1)Nc1ccn(Cc2ncnn2C)n1	0.030243
rxn:2:74301:67001	Cc1ccc(C(C)(C)NC(CC2CCCCC2)C(C)(C)C)c(C)n1	0.030242
rxn:2:83695:99371	Cc1[nH]nc(C2CCC2)c1CCNC(C)c1cccc2nonc12	0.030240
rxn:2:91154:65808	Cc1cc2c(C(C)NCc3ccccc3CN(C)C)c[nH]c2cn1	0.030235
rxn:2:122912:130147	CCOC(C)(CNC(CC)c1ccc(OC)nc1C)C1CCCC1	0.030232
rxn:2:97454:93827	CCc1c(CC(C)C)nn(C)c1NC(C)c1nccc2cn[nH]c12	0.030228
rxn:2:137720:129100	COc1ccc(C(Nc2n[nH]c3cnc(OC)cc23)C2CC2)cc1	0.030227
rxn:2:72831:71515	CCCn1ccc(CNC(C)c2sccc2-c2cccs2)n1	0.030217
rxn:2:110975:124205	CCC(C)Oc1nn(C)cc1NC(C)c1n[nH]c2cnc(C)cc12	0.030212
rxn:2:106734:96532	CCn1ccnc1N(C)CCNC(C)c1ccn2c(C)cnc2c1	0.030211
rxn:2:65933:85758	CCC(Nc1cccnc1OC(C)(C)C)c1ccc(SC)nc1C	0.030200
rxn:2:73141:89337	CCCN1CCC(C(CC)NC(C)(C)C(F)(F)C2CCC2)CC1	0.030189
rxn:2:133969:92800	CC(Nc1ccn(C2CCCC2)c(=O)n1)c1nc(-n2cncn2)cs1	0.030184
rxn:2:103078:77502	CCCC(Nc1cc(SC(C)C)ccc1OC)C1CCC1	0.030178
rxn:2:136534:79546	CCc1ccc([C@@H](CC2CC2)NC2COCc3ccc(OC)cc32)s1	0.030178
rxn:2:92526:107553	CCC(C)CC(NC1CN(Cc2c(C)noc2C)C1)C1CCCCC1	0.030165
rxn:2:95325:73940	CSCC(N[C@@H]1CCC(C)c2ccccc21)c1ccc(C)c(C)c1	0.030153
rxn:2:91529:68636	CCn1cccc1C(C)NC(C)c1ccc2scc(C)c2c1	0.030148
rxn:2:115484:73599	Cc1ccnn1-c1ccc(NC(C)c2cn(C)nc2C2CCC2)cc1	0.030146
rxn:2:81542:96546	Cc1ccc2c(c1)SCCC(Nc1cn(Cc3csc(C)n3)nn1)C2	0.030130
rxn:2:115776:122639	Cc1cc(C)c(C(C)Nc2nc(-n3ccc(C)n3)c(C)s2)c(C)c1	0.030124
rxn:2:132366:89581	Cn1cc(-c2ccccc2NC2CCCc3nc(C4CC4)[nH]c32)cn1	0.030118
rxn:2:115302:119956	CCC1CCc2ccccc2C1Nc1ccnn1-c1cccc(C)n1	0.030110
rxn:2:82121:121501	CC(C)(C)n1ncc(NC2CCC(Sc3ccccc3)C2)c1C1CC1	0.030096
rxn:2:93650:112972	CCC[C@H](NC1CCCCc2nc(C)ncc21)c1ccc(C)c(C)c1	0.030092
rxn:2:109341:141393	Cc1cc(-n2cc(NC(C)c3cc(C(C)(F)F)ccn3)cn2)ccn1	0.030085
rxn:2:113746:128509	CCc1cccc2c1CC[C@@H]2NC(c1ccoc1)c1cccs1	0.030074
rxn:2:95095:112416	CCCC(NCC(OC)C1(C)CCCC1)C1CCCN(CC)C1	0.030073
rxn:2:67319:66965	Cc1nn(-c2nnc[nH]2)c(C)c1NC(C)c1ccc(C(C)(C)C)cc1	0.030072
rxn:2:81156:130338	CCN(CC)c1cc(CNC(C)c2ccc3cnn(C)c3c2)no1	0.030068
rxn:2:110161:111207	COCCC1(CNC(C)c2ccc(OC(C)C)nc2)CCCCC1	0.030065
rxn:2:137569:137236	Cc1cc[nH]c(=O)c1C(C)Nc1cc(=O)n(-c2ccccc2)[nH]1	0.030063
rxn:2:72738:121950	CCC(CSc1nnnn1C)NCCC1CSc2ccccc2O1	0.030060
rxn:2:140697:96546	Cc1ccc2c(c1)SCCC(N[C@@H](CCC(C)C)c1ccoc1)C2	0.030059
rxn:2:122149:123933	CC1CCN(c2nc(NC(C)c3cccc4c3cnn4C)cs2)CC1	0.030058
rxn:2:128275:90111	CC(Nc1ccnnc1-c1ccccc1)c1cnc(C(C)(C)C)s1	0.030054
rxn:2:77789:116641	c1ccc([C@@H]2CCCC(Nc3nnc(Cc4cccs4)o3)C2)cc1	0.030042
rxn:2:70179:68868	Cc1nc(NC(C)c2ccc(S(C)(=O)=O)s2)cc(-c2ccsc2)n1	0.030034
rxn:2:96287:97710	Cc1ccc([C@H]2CCC(Nc3nc(-c4cccnc4C)n[nH]3)C2)cc1	0.029983
rxn:2:118570:82738	CCCn1cccc1C(C)NC1c2cscc2-c2cscc21	0.029978
rxn:2:137092:95531	CC(C)CCC1CCC(NC2CC(C)(C)Sc3ccccc32)C1	0.029975
rxn:2:74031:70971	CCCn1cncc1CNC(C)c1nc(SC)ncc1C	0.029970
rxn:2:135619:81838	CC(Nc1cccc2ncnn12)c1cccc2nsnc12	0.029968
rxn:2:137923:68886	c1coc(-c2n[nH]c(CCNC3c4ccccc4C[C@H]4CC[C@@H]34)n2)c1	0.029962
rxn:2:128594:82042	CSc1ccc(C(Nc2cc(C3CCOCC3)n(C)n2)C(C)C)cc1	0.029953
rxn:2:128594:120346	CSc1cccc(C(Nc2cc(C3CCOCC3)n(C)n2)C(C)C)c1	0.029953
rxn:2:77167:95435	CCC(CC(C)NC(C)c1cc2c(s1)CCCC2)c1ccco1	0.029952
rxn:2:109342:98069	CC1CCCCN1CC(F)(F)CNC(c1ccccc1)c1cccs1	0.029950
rxn:2:103057:135708	CC(C)C(NCc1sccc1-c1cccs1)c1ccncc1	0.029944
rxn:2:118730:138254	CCc1oc2ccc(NC(C)c3cccc(C)c3)cc2c1C	0.029943
rxn:2:65881:131155	Cc1ccccc1C(N[C@H](C)c1cc2c(cn1)cnn2C)C1(C)CC1	0.029939
rxn:2:116820:112303	CCC(NCC(F)(F)CN1CCC(C)CC1)c1cc(OC)ccc1C	0.029929
rxn:2:97787:119491	CCC(Nc1cc(OC(C)C)ccc1OC)c1cnc(OC)cc1C	0.029929
rxn:2:102582:111093	CCC(CC)N1CCCC1CNC(C)C1(C2CCCCC2)COC1	0.029927
rxn:2:128474:125781	CCCN(CC)C1CCCCC1NC1CCSc2ccc(OC)cc21	0.029925
rxn:2:93789:122251	Cc1[nH]c(=O)c(C(C)Nc2cccc3c(C)cccc23)c(C)c1C	0.029920
rxn:2:121084:138116	CCCN1CC(CNC(C)c2ccc(SCC)cc2)N(C)CC1C	0.029918
rxn:2:104836:101647	CCC(NC(C)c1cc(C)sc1C(C)(C)C)c1oc(C)cc1C	0.029906
rxn:2:127304:129100	COc1ccc(C(NC2CCc3c(C(C)C)cccc32)C2CC2)cc1	0.029895
rxn:2:76205:133098	Cc1cc(NC(c2ccccc2)C23CC(C2)C3)cnc1-n1ccnc1	0.029890
rxn:2:84736:108269	CCCC1CCc2nc(NC(C)c3ncnc4[nH]ccc34)sc2C1	0.029885
rxn:2:135042:70247	Cc1cc2[nH]c(CNC(C)c3ccc(CC4CC4)s3)cc2cn1	0.029881
rxn:2:100365:119446	CC(NCc1cccc(S(=O)(=O)F)c1)c1cccc2cnccc12	0.029850
rxn:2:127505:87157	c1coc(C(Nn2nnc3ccccc32)c2ccsc2)c1	0.029843
rxn:2:102603:120644	CCC(N[C@@H](COC)c1c(C)cccc1C)C1CCCCCC1	0.029839
rxn:2:112315:67213	CCc1nc2ccc(CNC3CCC(Cc4ccccc4)C3)cn2n1	0.029822
rxn:2:140035:76539	CC(CCCN(C)C1CCCC1)Nc1ccccc1N1CC2CC2C1	0.029818
rxn:2:122477:85320	CCc1ccc([C@H](NCC2CCc3ccccc32)C(C)CC)s1	0.029817
rxn:2:88555:73161	c1n[nH]c(NC2CCCc3c2ccn3C2CC2)c1-c1nn[nH]n1	0.029817
rxn:2:87975:150917	Cc1ccn(C)c(=O)c1CNC(C)c1cccc2[nH]c(=O)[nH]c12	0.029814
rxn:2:95588:72434	CCCSc1ccc(C(C)NCc2cn(C3CC3)ccc2=O)cc1	0.029809
rxn:2:65984:118864	Cc1ccccc1[C@@H]1CCC(NCCc2ccc(OC(C)C)cc2)C1	0.029791
rxn:2:112651:70237	CCCN1CCC(F)(CNC(C)CCCc2ccccc2C)CC1	0.029776
rxn:2:134123:117442	COc1cccc(CCC(C)NCc2nccn2CCC(C)C)c1	0.029775
rxn:2:86464:134530	CC(NCc1csc2c1CCCO2)c1cnc(-c2cccs2)s1	0.029773
rxn:2:66831:84447	c1c[nH]c(C(NCc2cn(C3CC3)nn2)c2ncc[nH]2)n1	0.029771
rxn:2:123330:79036	COc1cccc([C@H](NC(C)c2nn(C)c3ncccc23)C2CC2)c1	0.029767
rxn:2:85895:91806	CCCn1ncc(C(C)Nc2cc(-c3ccc(C)s3)nn2C)c1C	0.029764
rxn:2:108648:87779	Cc1cn(-c2ccccc2)c(NC2CCS(=N)(=O)c3ccccc32)n1	0.029758
rxn:2:76396:71527	CCn1nccc1C1CCC(Nc2ccnc3c(C)cc(C)cc23)C1	0.029755
rxn:2:82294:90111	Cc1cc(C)c2nncc(NC(C)c3cnc(C(C)(C)C)s3)c2c1	0.029753
rxn:2:95525:111998	CCc1ccc(C(CC)NC2CCCc3c2ccc(C)c3C)cc1	0.029731
rxn:2:73807:95208	Cc1c[nH]c2c(C(C)Nc3cn(CCS(C)(=O)=O)nn3)cccc12	0.029730
rxn:2:94777:122452	CCC(C)CN1CCCCC1CNC(C)Cc1cc2ccccc2o1	0.029715
rxn:2:129556:111207	Cc1ncccc1-n1ncnc1NC(C)c1ccc(OC(C)C)nc1	0.029707
rxn:2:103012:99796	CC(C)CCc1cc(NC(C)CCSc2n[nH]c(=O)n2C)on1	0.029691
rxn:2:115031:119217	CC(CC(C)Sc1ccccc1)NCc1cc(=O)[nH]n1C1CCC1	0.029681
rxn:2:84868:93291	CCc1ccc(C(CC)Nc2cc(C(C)C)ccc2OC)cc1	0.029673
rxn:2:106219:80616	CCN(CC)c1nc(C(C)Nc2nn(CCC(C)C)cc2C)cs1	0.029656
rxn:2:70337:67587	CC(NCC(c1ccccc1)C1CCC1)c1cccc(C(C)(C)C)n1	0.029639
rxn:2:130654:138435	CC(CCCN1CCCCC1C)NC1CCCN(Cc2cccs2)C1	0.029633
rxn:2:111310:102652	CC1CCC2(CC1)CCC(N[C@H](C)c1ccnc3ccccc13)CC2	0.029621
rxn:2:85972:105542	CCN(CC)c1ncc(CNC(C)c2ccc(S(=O)(=O)CC)s2)s1	0.029616
rxn:2:106242:113264	COc1cccc(C2(CNC(C)c3cccc4ccncc34)CC2)n1	0.029598
rxn:2:138111:116534	CCOC1(CNC2CC3(CCC(C)(C)CC3)C2)CC(C)CC(C)C1	0.029595
rxn:2:126203:84883	CC(C)(C)Oc1cc(NC(c2ccccc2)c2ccc[nH]2)ccn1	0.029592
rxn:2:65899:77398	Cc1ncc(NC2CCCCC2Cc2cccs2)c(C)c1C(C)C	0.029591
rxn:2:135256:85290	CCn1ccc(OC(C)(C)CNCC2CCCC(C)N2CC(C)C)n1	0.029579
rxn:2:109874:97896	CCC(Nc1ccc(C2CCO2)cc1)c1cccc2cc[nH]c12	0.029571
rxn:2:133992:75221	CCCCc1n[nH]c(NC(C)c2c[nH]c3cc(C)ncc23)n1	0.029552
rxn:2:111439:114813	CCC(Nc1ccc2c(c1)CN(C(C)C)C2)c1ccc2nccn2c1	0.029548
rxn:2:114964:106159	COCc1[nH]c(NC(CCS(C)(=O)=O)C(C)C)nc(=O)c1OC	0.029540
rxn:2:132786:122138	C=C=CC(NCc1cnc(N(C)CC)c(C)c1)c1ccccc1OC	0.029528
rxn:2:72738:71205	CC(CCC1(C2CCC2)COC1)NCCC1CSc2ccccc2O1	0.029525
rxn:2:121618:73507	O=c1[nH]nc(NC2CCCc3oc4c(c32)CCC4)c2cc[nH]c12	0.029524
rxn:2:122017:103992	CCN(CC)c1nc(C)cc(NC2C[C@@H](C)CC[C@@H]2C(C)(C)SC)n1	0.029519
rxn:2:72038:93988	CCOc1ccc(C(C)NCCn2cc(-c3cccs3)cn2)o1	0.029513
rxn:2:104560:125732	CCC(Nc1ncc(-c2cccnc2)[nH]1)c1cc(C)cc(OC)c1	0.029497
rxn:2:86678:86917	CCSCC(Nc1cc2ccn(C)c2nc1OC)c1cccn1C	0.029476
rxn:2:68227:141929	Cc1csc(N2CCC(Nc3cc(-c4ccc[nH]4)cnc3C)CC2)n1	0.029473
rxn:2:93849:122662	COC1CN(c2cccc(NC(c3cccs3)c3nccn3C)n2)C1	0.029471
rxn:2:141271:105334	CC[C@@H](F)C(N[C@@H](CC(C)C)c1ccc(C)s1)c1ccccn1	0.029465
rxn:2:86805:81832	Cc1cnc(OCC(C)C)c(NC(C)c2cnc3cncc(C)n23)c1	0.029461
rxn:2:66077:127100	CCc1nc(C2CC2)sc1C(C)NC1(c2ccc(C)c(OC)c2)CC1	0.029459
rxn:2:105747:131913	CCCC(NCC1CC(C)(C)OC(C)(C)C1)C1CCN(CCC)C1	0.029456
rxn:2:140030:80885	CCC[C@H](NC(C)c1nc(C2CCC2)c[nH]1)c1ccc(C)cc1C	0.029450
rxn:2:122828:92800	CCn1ncnc1C(NC(C)c1nc(-n2cncn2)cs1)C1CC1	0.029438
rxn:2:141257:94756	Cc1ccc(SCCC(C)NCCc2nc(C(C)(C)C)n[nH]2)cc1	0.029428
rxn:2:135154:84482	CC(Nc1sccc1-c1cccs1)c1ccc2c(c1)COCO2	0.029424
rxn:2:65894:132751	c1cc2[nH]nc(C3CC3)c2cc1NC1CC(c2noc(C3CC3)n2)C1	0.029394
rxn:2:100218:131216	CCC(Cn1ccnc1C(C)C)NC(CC)C(C)c1ccccc1	0.029394
rxn:2:109626:116741	CCCc1nnsc1C(C)Nc1csc(-c2ccc(C)cc2)n1	0.029393
rxn:2:68928:119174	Cc1ccc(C)c(C(C)N[C@@H](c2cccs2)C2CCCCC2)c1	0.029374
rxn:2:81691:72281	Cc1csc2nc(C(C)N[C@@H](c3cccs3)C3CCCC3)cn12	0.029365
rxn:2:77651:85681	Cc1nc2cnccn2c1C(C)NC1(C(c2cccs2)N(C)C)CC1	0.029358
rxn:2:69824:70980	Cc1nc(N(C)C)sc1CCNC(c1ccccc1)c1ccco1	0.029345
rxn:2:85422:94157	COc1ncnc(OC)c1CNC(C)CC(C)SCc1ccco1	0.029342
rxn:2:98751:110934	O=c1c2sccc2nnn1CCNC(c1ccccc1)C1CCOC1	0.029336
rxn:2:79489:89502	CC(C)Oc1[nH]ncc1C(C)NC1(CCC(C)(C)C)CCCCC1	0.029307
rxn:2:162521:126604	CSc1nc(C(C)Nc2nc3ccc(C)cc3c(=O)[nH]2)c[nH]1	0.029296
rxn:2:150195:90115	Cc1nc2[nH]c(=O)nc(NC3CC(c4nnc5n4CCC5)C3)c2n1C	0.029294
rxn:2:125146:79705	CCC(CNc1nc(-c2cnn(C)c2C)cs1)c1ccc(C)cc1	0.029288
rxn:2:103791:108353	CN(C)[C@H](CNC(c1cccnc1)c1ncc[nH]1)c1ccccc1	0.029269
rxn:2:92915:117415	CCc1ccc(C(CC2CC2)N[C@@H]2CCOc3ccc(OC)cc32)s1	0.029269
rxn:2:137361:96094	CC(Nc1ccc2c(c1)N(C)CCCC2)c1ccc2occc2c1	0.029258
rxn:2:114206:112303	CCC(Nc1nccn2c(C(C)C)nnc12)c1cc(OC)ccc1C	0.029256
rxn:2:69748:70097	CCc1cc(CC)cc(NC(C)c2cc(C)sc2C(C)C)c1	0.029234
rxn:2:71333:139590	CSC(C)C(Nc1cccc(-c2cocn2)c1)c1ccccc1	0.029223
rxn:2:129875:116641	CC(C)c1nnc2ccc(NC3CCC[C@@H](c4ccccc4)C3)cn12	0.029223
rxn:2:87394:66014	CC(NCCc1c[nH]c(=O)[nH]c1=O)c1cccc2ccnn12	0.029221
rxn:2:110272:76257	Cn1cccc1-c1nc(CNCC2CCCN2c2cnccn2)no1	0.029211
rxn:2:132509:70236	CCCCC(Nc1ncc(CC2CCCCC2)s1)c1cnn(C)c1	0.029210
rxn:2:74780:66965	CCC(CC(C)C)C(C)NC(C)c1ccc(C(C)(C)C)cc1	0.029175
rxn:2:127203:81832	CCCc1nc(CCNC(C)c2cnc3cncc(C)n23)c(C)[nH]1	0.029174
rxn:2:70435:126146	CC1CN(c2nc(NC(c3ccsc3)c3ccsc3)cs2)CCO1	0.029153
rxn:2:103972:79121	CCN1CCC(CCC(C)Nc2cccc(-c3cccs3)c2C)C1	0.029151
rxn:2:81853:72434	CCCSc1ccc(C(C)Nc2ccnc3ncn(C)c23)cc1	0.029129
rxn:2:89710:78658	CCC(C)c1ccc(C(C)Nc2ncc(-c3cn[nH]c3)cn2)cc1	0.029106
rxn:2:122710:73977	CCC(C)N1CCC(Nc2ccc(Sc3cccs3)cc2)C(C)C1	0.029105
rxn:2:134997:72181	CCOc1cccc(C(C)NCc2ccncc2-c2cc[nH]n2)n1	0.029105
rxn:2:140565:112929	Cc1ccc(OCCC(C)Nc2c(C)c(C(C)C(C)C)nn2C)cc1	0.029098
rxn:2:138807:126537	COc1cc(C)cc(C)c1C(C)NC1(c2nc(C(C)C)cs2)CCC1	0.029091
rxn:2:87053:112366	CC(CCN1CCSC(C)(C)C1)NCc1nnc(Cn2cnnn2)o1	0.029084
rxn:2:74670:137335	CCCC(CSc1ccccc1)Nc1cn2nc(C)nc2cn1	0.029082
rxn:2:101124:85758	CCC(NC(C)c1cc(C)ccc1OC)c1ccc(SC)nc1C	0.029057
rxn:2:85546:123601	CCCC(Cc1ccc(C)cc1)Nc1ccc(C2(OC)CC2)cc1	0.029035
rxn:2:104584:140702	COCCC(NC(CC1CCOCC1)C(C)(C)C)c1ccccc1C	0.029032
rxn:2:139173:84115	C=C=CC(NC(CCSC)c1nnc(C)o1)c1cccc(OC)c1	0.029027
rxn:2:109707:111315	CCC(Cc1ccc(OC)cc1)NCC(CC1CC(F)(F)C1)OC	0.029007
rxn:2:119834:132696	COc1cccc(C(C)CCNC(C)c2nccc(C)c2C2CC2)c1	0.029005
rxn:2:132489:124582	CCC(N[C@@H]1CCc2cc(C)c(C)cc21)c1ccccc1C(C)C	0.028983
rxn:2:94291:125827	CC(C)=C=C1C(CNC(CCc2ccccc2)C(C)C)C1(C)C	0.028978
rxn:2:125979:90942	COCC(OC)c1cccc(NC(C)c2ccc3nn[nH]c3c2)c1	0.028977
rxn:2:113468:135691	CC(Nc1[nH]cnc1C1CCCCC1)c1cnc2cc[nH]cc1-2	0.028966
rxn:2:81299:100147	CCn1ncc2c1CCCCC2Nc1ccc(-n2cccn2)cc1C	0.028965
rxn:2:136000:133317	CCCOC1(CNC(COC)CC2CCOCC2)CCCCC1	0.028961
rxn:2:137765:127985	CC(C)CN1C2CCC1CC(Nc1cccc(C(F)C(C)(C)C)c1)C2	0.028955
rxn:2:127064:72776	CSc1ncc(C(C)NC(C)(C)CCC2CC2(F)F)cn1	0.028952
rxn:2:106603:138435	Cc1cc(NC(C)CCCN2CCCCC2C)nn1CCS(C)(=O)=O	0.028952
rxn:2:70703:141963	Cc1ccc2ncc(CNC(C)c3cc(C(C)(C)C)ccn3)cc2c1	0.028909
rxn:2:85807:105582	COc1cc(NC(C)c2ccc3nc(C)oc3c2)ccc1SC	0.028908
rxn:2:113594:100968	CCCc1nc(NC(CSCC)c2ccccc2)cc2c1CCC2	0.028893
rxn:2:134374:95476	CCSc1ccccc1C(C)NCc1cc2c(=O)[nH]cnc2s1	0.028884
rxn:2:71247:128417	Cc1cc2[nH]c(C)c(C)c2cc1NC1CCCC1c1cccnc1	0.028882
rxn:2:138430:100382	Cc1ccc(C(C)C)cc1C(C)NCc1nc(-c2ccccn2)no1	0.028878
rxn:2:66540:114814	CCOCc1cc(NC(c2cccs2)c2nccs2)n(CC)n1	0.028870
rxn:2:83593:79084	CSCc1nc(C)c(C(C)(C)NC2CC3C(CC2C)[C@@H]2CC[C@H]3C2)s1	0.028866
rxn:2:87858:119217	CC(CC(C)Sc1ccccc1)Nc1cccc2ocnc12	0.028859
rxn:2:94324:74125	CSc1ccc2nc(NC3CCCc4ccc(C)nc43)sc2c1	0.028851
rxn:2:98364:86744	CCC(Nc1cccc2c(C(C)C)[nH]nc12)c1cc(OC)ccn1	0.028850
rxn:2:135434:90181	CC(C)CN(C)c1cccc(NC(c2ccccc2)C2CCCC2)n1	0.028843
rxn:2:141640:67505	CC(C)C1CCCC(Nc2snc3sc4c(c23)CCCC4)CC1	0.028815
rxn:2:75337:74013	CCC(NC1CCN(C(C)C2CCCC2)C1)c1ccc(SC)cc1	0.028806
rxn:2:74675:68270	CCC(C)n1cc(CC(C)NC(C)c2ccccc2OC2CC2)cn1	0.028791
rxn:2:129879:89665	CCCC(NCCN(c1ncc(C)o1)C(C)C)c1cc(C)sc1C	0.028789
rxn:2:72899:93291	CCc1ccc(C(CC)NC(C)Cc2cnn3ccccc23)cc1	0.028774
rxn:2:72114:129487	CC(Nc1cncc2[nH]cnc12)c1ccc2scnc2c1	0.028761
rxn:2:136405:122985	CC(C)CC(NCc1cc(-c2ccccn2)on1)c1ccccc1	0.028749
rxn:2:82503:114013	CSc1ccccc1C(NCc1cnc2c(C)cnn2c1)C1CC1	0.028747
rxn:2:113493:85669	CCC(C)CN(C)c1cn[nH]c1NC(C)c1cccc(CN(C)C)c1	0.028747
rxn:2:128517:75453	Cc1ccc(C(NCc2cccc(-c3nnco3)c2)C(C)(C)C)cc1	0.028746
rxn:2:66042:101815	Cc1nccnc1-c1nnc(NC(C)c2ccc(CC(C)C)s2)s1	0.028697
rxn:2:89406:65871	CCN(CC)c1cc(CNC(C)c2nn(C)c3cnccc23)ccn1	0.028694
rxn:2:139726:100663	CCc1ccc(C(NCCc2ccccc2S(=O)(=O)F)C2CC2)cc1	0.028691
rxn:2:142165:140550	Cn1cc(NC(CSC(C)(C)C)c2ccc[nH]2)c(C2CCCCC2)n1	0.028668
rxn:2:120006:74484	CCC(CN(C)Cc1ccsc1)Nc1nnc(C2CC3CCC2C3)s1	0.028663
rxn:2:128902:130950	CCC(CCc1ccccc1)NC(c1ccccc1)C(C)(C)OC	0.028662
rxn:2:92508:118670	Cc1cccc(CCC(C)NC2(c3ccccc3)CC3(CC3)C2)c1C	0.028659
rxn:2:124821:82371	CCC1(CC(C)(C)CNC(C)c2ncc(-c3ccc[nH]3)[nH]2)COC1	0.028649
rxn:2:91501:106594	CCC(C)CC(NC1CC2(F)CCC1(C)C2(C)C)c1ccsc1	0.028649
rxn:2:119172:99516	CCC(Nc1cc(C(C)C)cc(C(C)C)c1)c1ccnc(OC)c1	0.028646
rxn:2:67307:67001	COc1sc2c(c1CNC(CC1CCCCC1)C(C)(C)C)CCCO2	0.028642
rxn:2:137370:74458	COc1cccc(C(Nc2ccc3c(C)nccc3c2)C(C)C)c1	0.028617
rxn:2:102614:124512	CCn1nc2ccc(NC(CCOC)Cc3cnn(C)c3)cc2n1	0.028609
rxn:2:91721:104629	CCC(COc1ccccc1C)NCC(C)(C)c1ccc(OC)cc1	0.028607
rxn:2:107856:91024	CCSc1ccc([C@@H](C)NC(CCOC)c2cccs2)cc1	0.028603
rxn:2:87831:95213	COC1CCCCC(Nc2ccc(OCC(C)(F)F)cc2)CCCC1	0.028602
rxn:2:73814:103992	CSC(C)(C)[C@H]1CC[C@H](C)CC1Nc1ccc(Sc2ncn[nH]2)cc1	0.028598
rxn:2:107315:109382	CCc1c[nH]c2cc(CNC3CCC(c4nccs4)CC3)ccc12	0.028598
rxn:2:103684:67505	CC(C)C1CCCC(NC(CCN2CCCCC2)C(C)C)CC1	0.028583
rxn:2:130423:139721	CCCC(CNC(CCC(C)C)C(C)C)N1CCCSCC1	0.028568
rxn:2:91757:91298	CC(N[C@@H](C)c1ccc2occc2c1)c1cncc(C(C)(C)C)c1	0.028555
rxn:2:89923:125483	c1cc(N2CCCCC2)c(NC2c3cscc3-c3ccsc32)cn1	0.028554
rxn:2:129052:131161	CCC(CNC(C)c1c(C)nn2ccsc12)Oc1cccc(C)c1	0.028553
rxn:2:70387:85435	Cc1ccc(-n2nccc2NC(c2ccnc(C)c2C)C(C)C)cc1	0.028545
rxn:2:109366:136161	Cc1cncc2c(C(C)Nc3ccccc3OCC(C)F)c[nH]c12	0.028531
rxn:2:136889:85766	CCC(NCC(F)(F)C1(OC)CCCC1)C1CCN(CC(C)C)C1	0.028524
rxn:2:109499:66076	CC(NCc1nccn2cncc12)c1ccc2nsnc2c1	0.028513
rxn:2:100829:106617	Cc1cc(CNC(C)c2cn3cc(C)ccc3n2)cc(C(C)(F)F)c1	0.028513
rxn:2:73022:72893	CCc1ccc(C(CSC)NCC2CCN2Cc2ccccc2)cc1	0.028510
rxn:2:112890:136837	CCC(NCc1cccc2ncsc12)c1cccc(C2CC2)c1	0.028508
rxn:2:73652:101312	CC(C)c1csc(C(C)C)c1NC(C)c1c[nH]c2nnccc12	0.028500
rxn:2:97051:99755	Cc1nc2cccnn2c1C(C)Nc1nccc2ccnn12	0.028499
rxn:2:76347:126286	CC(C)Oc1cc(C(C)Nc2cccc(Cn3ccnn3)c2)ccn1	0.028491
rxn:2:110440:133325	CC(C)CCC(Cc1ccsc1)NCCS(=O)(=O)C1CCOCC1	0.028489
rxn:2:87265:118585	CC1CN(C)c2cc(NC3c4ccsc4-c4sccc43)ccc2O1	0.028486
rxn:2:103408:108131	CCCOC1(CNCC(C2CCCCC2)S(C)(=O)=O)CCOCC1	0.028484
rxn:2:139474:104184	CCCC(N[C@H](C)C1CCCCCC1)c1cc(C)cc(C)c1	0.028479
rxn:2:121093:134429	Cc1n[nH]c2c1C(N[C@@H](C)c1nc3ccccc3[nH]1)CC(C)(C)C2	0.028464
rxn:2:128684:141194	CCSC(C)C(NC(CC)Cc1ccccc1)c1ccccc1	0.028445
rxn:2:101942:84426	CC(C)C(Nc1ccnc(-n2cccc2)c1)c1ccc(C2CC2)o1	0.028431
rxn:2:166916:125240	CCc1cccc2c1CCC(Nc1c(N=O)c(=O)[nH]c3ncnn13)C2	0.028423
rxn:2:91244:115113	Cc1cccc2sc(C(C)Nc3ncnn3C(C)C3(C)CC3)cc12	0.028413
rxn:2:98221:71196	CC(N[C@H](c1ccc[nH]1)C1CCCC1)c1cnc2ccc[nH]c1-2	0.028393
rxn:2:76705:74127	Cc1nc(C(Nc2cc(-c3ccsc3C)no2)C(C)C)sc1C	0.028392
rxn:2:130920:78499	COCc1ccccc1C(C)Nc1cc(C)n(Cc2cccs2)n1	0.028389
rxn:2:131151:100827	CCC(CNc1ccc(Sc2nncs2)cc1)c1ccsc1	0.028384
rxn:2:134918:84288	CSc1cc(C)c(NC2CCCC3(CCC[C@H](F)C3)C2)c(C)c1	0.028370
rxn:2:122511:73688	CCc1c(C)nn(C(C)CC)c1NC1CCc2[nH]c3cccnc3c21	0.028369
rxn:2:113204:105542	CCS(=O)(=O)c1ccc(C(C)NC(C)(CCOC)c2ccccc2)s1	0.028362
rxn:2:70467:129263	CCC(CSc1ccccc1C)Nc1ncc2c(C)c[nH]c2n1	0.028355
rxn:2:103132:96624	COc1cccc2cc(NC3CCCCc4ncccc43)ccc12	0.028347
rxn:2:110730:139836	CC(C)CC1(NC(c2ccsc2)C2CCC2)CCC(F)(F)CC1	0.028343
rxn:2:96254:87510	Cc1cc(C)c2c(c1)[C@H](NC(C)c1cccc3nc(C)sc13)COC2	0.028328
rxn:2:91253:115258	CC(Nc1nnc2ccncn12)c1sccc1-c1ccco1	0.028328
rxn:2:102590:117337	CCCCc1cnc(NC2CCCc3nc(SC)ncc32)s1	0.028318
rxn:2:131376:129852	COc1ncc(C(NC(C)CCC(C)c2cccs2)C2CCC2)[nH]1	0.028304
rxn:2:118000:80616	CCN(CC)c1nc(C(C)N[C@@H](C)c2ccc(OC(C)C)nc2)cs1	0.028290
rxn:2:127374:98098	Cc1cc(=O)[nH]c(N2CC(NC(C3=NCN=N3)c3ncn[nH]3)C2)n1	0.028256
rxn:2:130526:110852	Cc1ccc2c(c1)CCCCC2Nc1cnc2[nH]ccc2c1C	0.028248
rxn:2:85854:131486	C[C@@H](NC1CCCC1Sc1ccccc1)C12CC3CC(CC(C3)C1)C2	0.028243
rxn:2:104717:126146	c1cn(CC2CCCC2)c(NC(c2ccsc2)c2ccsc2)n1	0.028235
rxn:2:138659:107559	CCCCc1cccc(NC(CC)CSC2CCOCC2)c1C	0.028218
rxn:2:140792:82816	Cc1c(C(C)Nc2nnc3ccccn23)oc2ccccc12	0.028217
rxn:2:128325:133098	CCCn1cnc2c(NC(c3ccccc3)C34CC(C3)C4)nccc21	0.028209
rxn:2:133371:69780	Cc1cccc(C2(CNC3CCCC(C(C)(C)C)CC3)CC2)c1C	0.028201
rxn:2:110094:125887	Cc1cc(C(Nc2cc3[nH]cnc3c(C)c2C)C(C)C)c(C)s1	0.028181
rxn:2:96774:85128	CCc1cccc(C(NC(C)c2ccc3[nH]ncc3c2)C2CC2)c1	0.028179
rxn:2:120017:108953	CCC(N[C@@H]1CCCc2c(OC)cccc21)c1cccc(C(C)C)c1	0.028175
rxn:2:90207:103104	CCCC(Nc1c(C(C)C)cnnc1C(C)C)C1CCCN1C(C)C	0.028168
rxn:2:130280:128865	CC(C)OCc1occc1CNC(c1ccccc1)c1ccon1	0.028162
rxn:2:103523:105408	Cc1cc(NC(C)CCCN2CCCCCC2)c2cc(C)ccc2c1	0.028150
rxn:2:85621:118971	O=c1[nH]nnn1C1CC(NCc2cccc(-n3cnnn3)c2)C1	0.028146
rxn:2:115108:133007	c1nc(Cc2ccsc2)cc(NC2CCN(Cc3ccsc3)CC2)n1	0.028142
rxn:2:107250:69526	COc1cccc2c1C(C)CC2Nc1nc(C)c(-c2cccnc2)s1	0.028126
rxn:2:127846:91141	CCCC1(CCC)CCC(NCc2ccc(CN(C)C)s2)CC1	0.028119
rxn:2:73373:123625	Cc1ccccc1C(NCc1ncc(-c2ccccn2)[nH]1)C1CCC1	0.028111
rxn:2:100254:89956	CCSc1cc(NC2c3ccccc3C2C)cc2[nH]ccc12	0.028108
rxn:2:105148:103995	Cc1ccc([C@H](NC(C)c2ccc3ocnc3c2)C(C)C)cc1C	0.028102
rxn:2:72196:134252	Cc1ccc(C(CCN(C)C)Nc2cncnc2-c2ccccc2)o1	0.028091
rxn:2:140884:133831	CSCc1nc(C)cc(CCNC(C)c2c(C)nc3ncccn23)n1	0.028079
rxn:2:122342:98150	Cc1coc(NC(CC(C)C)c2cccnc2)c1-c1ccccn1	0.028079
rxn:2:126034:67717	CCC(CN(C)C1CCCCC1)NC(C)c1ccc(C(C)C)nc1C	0.028041
rxn:2:101389:123692	CCC(Nn1cc(C)c2nc(OC)ccc21)c1ccc(COC)cc1	0.028036
rxn:2:119910:91468	CCC(c1ccccc1)C(C)NC(C)c1nc2ccccc2s1	0.028029
rxn:2:129272:139384	Cc1ccc(-c2cc(NC(CN3CCCC3)c3cccs3)n[nH]2)cn1	0.028027
rxn:2:86396:137543	c1cnc2c(c1)C(Nc1snc3cccnc13)c1cccn1-2	0.028025
rxn:2:127209:81981	CCSc1nc(C(NCc2cc3cccnn3c2)C(C)C)cs1	0.028016
rxn:2:75449:85992	COc1cc(NC(CCOC(C)C)c2ccco2)c(C)c(C)c1OC	0.028013
rxn:2:70427:122802	CC[C@@H](NC(C)c1cccnc1N(C)C)c1csc2ccccc12	0.027991
rxn:2:76718:74854	CCCSc1ccc(C(C)Nc2ccn(-c3ccncn3)n2)s1	0.027970
rxn:2:128084:104045	CC(NCCn1nc2ccccc2n1)c1cn2ccnc2s1	0.027950
rxn:2:130318:84818	CCCn1cc(C(C)Nc2ncnc3[nH]nc(SCC)c23)nn1	0.027906
rxn:2:101826:108854	Cc1nnc(SC(C)CNC2CCC(C)c3ccccc3C2)s1	0.027888
rxn:2:99479:78003	CSc1ccnc(C(C)Nc2nsc3nc(C)cnc23)n1	0.027850
rxn:2:128796:79309	Cc1nc[nH]c1-c1ccccc1NC1CCC1OCc1ccccc1	0.027835
rxn:2:76771:71315	c1ccc(OC2CCCC2NCCc2nc(-c3cccs3)no2)cc1	0.027829
rxn:2:106124:130665	CCC[C@H](NC1CC(OC(C)C)C1(C)C)c1ccc(SC)cc1	0.027823
rxn:2:126248:96546	Cc1ccc2c(c1)SCCC(NCCC1CCC3(CCCC3)CC1)C2	0.027806
rxn:2:72674:130974	CN(C)c1nc(NC2CC(COc3cnccn3)C2)c2nc[nH]c2n1	0.027803
rxn:2:118707:97480	CCC(C)Sc1ccc(NC(CC)c2cc(C)cs2)cc1	0.027795
rxn:2:85797:99710	CC(C1CCC1)n1nccc1CNC(c1ccccc1)c1nnc[nH]1	0.027787
rxn:2:86506:90175	CCc1csc2nc(NC(C)c3cc4ccccc4o3)nn12	0.027778
rxn:2:67644:131279	Cc1ccccc1C(F)(F)CNC(C)c1cnc(-c2cc[nH]c2)s1	0.027769
rxn:2:100104:102043	Cc1cccc(CC(NC2CCCCc3ccc(C)cc32)C2CC2)c1	0.027757
rxn:2:76313:116770	CCC(C)(C)C(Nc1nc2ccnc(OC)c2s1)c1ccc(C)o1	0.027746
rxn:2:113514:141039	CCc1ccc2c(c1)CCCC2NCc1c(C)c2ccccc2n1C	0.027729
rxn:2:132053:118071	CCC(NC(CC)c1cnc(OC)c(C)c1)c1ccc(C2CC2)cc1	0.027719
rxn:2:141293:72183	CCC(C)Oc1cc(C)cc(NC(C)CCOc2ccccc2)c1	0.027701
rxn:2:80178:65992	Cc1nc(CCC(C)N[C@@H](c2ccccc2)c2cccs2)cs1	0.027699
rxn:2:66694:139443	CSc1cc(NC(C)c2cnc(C(C)C)cn2)cc2c1ccn2C	0.027698
rxn:2:77661:130817	CC(N[C@@H](c1ccccc1)C1CCCC1)c1cccc2c1CCCC2	0.027678
rxn:2:121823:95767	Cc1nc2cc(C)c(NC3CCCC34CCCCCCC4)cc2s1	0.027669
rxn:2:133996:126996	Cc1[nH]c2ncccc2c1NC(C)c1ccc2ncnn2c1	0.027658
rxn:2:110675:99030	CCC(NC1(c2ccnc(OC)c2)CCC1)c1cccc2ccoc12	0.027648
rxn:2:133999:139462	CCOc1ccc(C(C)NCCC2CC(C)(C)CC(C)(C)C2)cc1	0.027644
rxn:2:106014:113750	CCC(Nc1c(C)nn(-c2nnn[nH]2)c1C)C(C)Cc1ccccc1	0.027636
rxn:2:97633:76741	COCCC(Cc1ccccc1)NC(C)(C)C(F)c1ccc(C)cc1	0.027599
rxn:2:141167:113214	Cc1n[nH]c2sc(CNC(C)c3cnn4ccccc34)cc12	0.027585
rxn:2:89902:142021	CCCC(NC(C)c1ccc(-c2cccs2)s1)c1ncco1	0.027578
rxn:2:103815:66852	CCc1c(C(C)(C)CC)n[nH]c1NC(C)CCC1CCCCC1	0.027543
rxn:2:141296:77969	CCOc1ccccc1CC(C)NC(C)CCN(C)c1ccccc1	0.027520
rxn:2:100688:83189	CCOc1cccc(OCC)c1NC1CCCCc2c(C)cccc21	0.027505
rxn:2:80733:103790	CCOCC(CC1CCOC1)NCc1[nH]nc(C)c1-c1ccc[nH]1	0.027491
rxn:2:134858:119217	CC(C)CCn1ccc(NC(C)CC(C)Sc2ccccc2)n1	0.027491
rxn:2:105539:99710	CCc1cccc(C(F)(F)CNC(c2ccccc2)c2nnc[nH]2)c1	0.027435
rxn:2:114891:74120	CCCC(Nc1cnn(CCS(C)(=O)=O)c1C)C1CCCN1CCC	0.027431
rxn:2:96802:123601	CCCC(Cc1ccc(C)cc1)Nc1nn(C)nc1-c1ccccc1	0.027429
rxn:2:99671:130127	CSc1ccc2c(c1)OCCC2NCc1c[nH]cc1-c1cnn(C)c1	0.027413
rxn:2:77802:142090	CCc1cccc(C(CC)NCCC2CCCCN2C(C)CC)c1	0.027410
rxn:2:115472:140837	CCCC(CCC1CCCC1)N[C@@H](C)c1nc2ccc(C)cc2[nH]1	0.027350
rxn:2:78533:98150	CSc1ccc(C(F)(F)CNC(CC(C)C)c2cccnc2)cc1	0.027349
rxn:2:66906:158005	CCCc1nc(CCC)nc(NC(C)c2cccc3[nH]c(=O)oc23)n1	0.027344
rxn:2:136535:159239	CCC(C)Sc1nnc(NC(C)c2ccc3[nH]c(=O)sc3c2)s1	0.027321
rxn:2:67614:80402	CCCC(C)CC1CCCC1NC(CC(C)C)c1ccccn1	0.027253
rxn:2:97882:97574	Cc1nnc(NC(C)c2cnc3ncccn23)c2cccnc12	0.027228
rxn:2:137092:111467	CCC(NC1CCC(CCC(C)C)C1)c1c(C)cc(C)cc1C	0.027221
rxn:2:68785:126265	CCC[C@@H](NC(C)c1cccc(OCC)c1)c1c(C)cccc1C	0.027196
rxn:2:99600:123268	CCC[C@@H](NC(c1ccncc1)c1ncc[nH]1)c1ccc(CC)o1	0.027171
rxn:2:134586:72893	CCc1ccc(C(CSC)NC2CCCc3sc(C4CC4)nc32)cc1	0.027167
rxn:2:126111:89269	CCC1CCC(C(C)(C)NC(CSC)c2ccccc2OC)CC1	0.027157
rxn:2:88259:112556	CCCc1c[nH]c(CCC(C)NCc2cc(C)ccc2N(C)CC)n1	0.027147
rxn:2:105208:117115	Cc1nc(-c2ccccc2)c(NC2CCc3c2ccc(C)c3C)s1	0.027130
rxn:2:99656:109355	Cc1ccc([C@@H](NC(c2cn[nH]c2)c2cccs2)C(C)C)c(C)c1	0.027112
rxn:2:110733:120808	Cc1cc(C2CC2)cnc1C(C)NCc1ccc(-c2ccco2)s1	0.027090
rxn:2:132345:108211	CC(C)OCCC(NCc1ccc2cnsc2c1)c1cccs1	0.027078
rxn:2:140724:122193	Cc1ccc2occ(C(C)NCc3ccc(C(C)(F)F)cc3)c2c1	0.027040
rxn:2:84347:85766	CCc1ccc([C@H](NC(CC)C2CCN(CC(C)C)C2)C2CC2)cc1	0.027026
rxn:2:138111:83535	CCOC1(CNC(C)c2cnc(C3CCCC3)s2)CC(C)CC(C)C1	0.027014
rxn:2:105699:95531	CC(C)(C)Sc1ccc(CNC2CC(C)(C)Sc3ccccc32)o1	0.027013
rxn:2:82117:108122	FC1COc2ccccc2C1Nc1ccccc1S(F)(F)(F)(F)F	0.026999
rxn:2:98487:80217	CC(NCc1ccc(C2CCSCC2)s1)c1cccc2nccnc12	0.026983
rxn:2:134229:136263	CC(Nn1cnnc1-n1cccn1)c1ccc2nn(C)cc2c1	0.026959
rxn:2:140510:139356	CCCC(CSc1ncccn1)Nc1cnc(C)cc1OC	0.026955
rxn:2:102264:90536	CCn1nc(C(C)C)cc1C(C)Nc1nccc(-c2ccc(C)s2)n1	0.026955
rxn:2:97922:75079	Cc1cccc2cc(C(C)Nc3ccc(OC4CCC4)cn3)sc12	0.026952
rxn:2:129465:71094	CCC(NCC1(OC(C)C)CCCCC1)c1cnc(SC)c(C)c1	0.026949
rxn:2:83861:71857	Cc1cc(-c2csc(NC(CCN(C)C)c3ccncc3)c2)ccn1	0.026943
rxn:2:95912:85635	Cc1cc2c(cc1NC1CCc3[nH]c4ccccc4c31)CCCC2	0.026907
rxn:2:141036:99710	c1ccc(C(Nc2ncnc3ocnc23)c2nnc[nH]2)cc1	0.026904
rxn:2:87794:117522	Cc1ccsc1N(C)C(C)CCNC(C)c1cc(C)c2nccn2c1	0.026901
rxn:2:102865:102087	CCC(Nc1c(C)cccc1OCC1CC1)c1cccc(C)c1OC	0.026900
rxn:2:81644:101662	CCCn1cc(C(C)NCCn2cnc(-c3nn[nH]n3)n2)cn1	0.026885
rxn:2:120984:127100	CCc1nc(C2CC2)sc1C(C)NC(c1noc(C)n1)C(CC)CC	0.026877
rxn:2:140050:138214	CCc1cc(OC(C)C)ccc1NC1CCc2c(C(C)C)cccc21	0.026861
rxn:2:121489:136476	Cc1ccc(C(C)CC(C)Nc2cnc(-c3ccsc3)cn2)cc1	0.026852
rxn:2:136598:82816	Cc1c(C(C)Nc2ncnc3c2ccn3C)oc2ccccc12	0.026791
rxn:2:129434:65819	CCCCc1ccc(OC)cc1NC1CCC(CC)(CC)CC1	0.026789
rxn:2:105205:140679	CCOCC(NC1CCC1c1ccc(C)cc1C)c1ccc(CC)s1	0.026778
rxn:2:66131:129359	CCC(C)CC(NC(C)c1ncc2nccn2c1C)c1ccccc1	0.026775
rxn:2:127156:90955	COc1cc(C)c(C(C)Nc2cc3cc(C)cc(C)c3cn2)c(C)c1	0.026768
rxn:2:94679:110901	Cc1cccc2[nH]cc(C(C)Nc3cc(C4CCCN(C)C4)[nH]n3)c12	0.026765
rxn:2:129703:128014	COc1cc(OC)cc(C(C)NCc2ccc(-c3ccccn3)s2)c1	0.026761
rxn:2:148387:121347	CCC(CCc1cccc(C)c1)Nc1c(C)c(=O)[nH]c2ccccc12	0.026736
rxn:2:113565:109852	COc1ccc(C(NC(C)c2ccc(C3CCC3)cc2)C(C)C)cc1	0.026708
rxn:2:120124:80103	Cc1cc(C)cc(C(NCCc2cnc3[nH]cc(C)cc2-3)C(C)C)c1	0.026703
rxn:2:141751:129162	CCSCC(NC(c1cnn(C)c1)c1ncon1)c1ccc(C)cc1	0.026685
rxn:2:76660:119217	CCC(C)c1noc(NC(C)CC(C)Sc2ccccc2)c1C	0.026681
rxn:2:116232:128120	Cc1ccc2c(c1)C(NC(C)(C)CC(F)(F)C1CCCC1)C(C)(C)C2	0.026676
rxn:2:110074:120775	CCC(NCC(C)CCc1ccsc1)C(C)c1ccc(C)cc1	0.026655
rxn:2:113740:98427	CC1(C)CC(NC(c2cccs2)c2cccs2)c2ccccc2O1	0.026636
rxn:2:72135:98379	CC(Cc1ccc2ccoc2c1)NC1CCc2ccc(C3CC3)cc21	0.026634
rxn:2:110311:131279	CC(NC(Cc1ccccn1)C(C)(C)C)c1cnc(-c2cc[nH]c2)s1	0.026629
rxn:2:129534:71778	Cc1nc(C(CC(C)C)NC(C)c2ccnc3cccnc23)sc1C	0.026625
rxn:2:110126:102043	Cc1ccc2c(c1)C(NCc1ccccc1-c1ncc[nH]1)CCCC2	0.026587
rxn:2:88565:93054	CC(F)c1ccc(C(C)NCC(Cc2ccccc2)C(C)C)cc1	0.026579
rxn:2:93403:115258	CC(Nc1nccc2cn[nH]c12)c1sccc1-c1ccco1	0.026549
rxn:2:108603:134561	CCCc1cc(NC(CC)c2c[nH]c3cnccc23)cc(OC)c1	0.026529
rxn:2:99909:83311	Cc1cccc2c1CC(C)CC2NC(CCC(C)C)c1ccsc1	0.026525
rxn:2:75683:68346	CCN(C)CC(NC(C)Cc1c[nH]c2cccnc12)c1ccn(C)c1	0.026514
rxn:2:128084:66145	CC(NCCn1nc2ccccc2n1)c1cccn2ncnc12	0.026466
rxn:2:68669:107553	CCC(C)CC(NCc1cc(CC(C)C)co1)C1CCCCC1	0.026429
rxn:2:79526:128509	CCc1nnc2c(NC(c3ccoc3)c3cccs3)nccn12	0.026419
rxn:2:103102:113137	CCCOc1cc(C)cc(CNC(c2ccccn2)c2nnc[nH]2)c1	0.026406
rxn:2:137521:66545	Cc1ccsc1C(CNC(C)c1ccc2cnncc2c1)OC(C)C	0.026405
rxn:2:91020:94375	CCOc1ccccc1C(CC)Nc1ccc(-c2nc(C)nn2C)s1	0.026386
rxn:2:136257:124582	CCC(NCC(C(C)C)N1CCC(C)CC1)c1ccccc1C(C)C	0.026376
rxn:2:89640:83534	Cc1ccc2nc(NC(C)c3cnc4[nH]cnc4n3)ccc2c1	0.026361
rxn:2:106328:80532	CCC(C)CC1(C)CCC(NCC2CCC(c3ccccc3)C2)C1	0.026357
rxn:2:75124:114013	CSc1ccccc1C(Nc1cnc(OC(C)(C)C)cc1C)C1CC1	0.026325
rxn:2:123825:106042	CCc1nc2ccc(NC3c4ccccc4-n4ccnc43)cn2n1	0.026294
rxn:2:116855:76222	Cc1c(-c2ccoc2)n[nH]c1NC(C)c1cnc2nccn2c1	0.026287
rxn:2:66496:69876	CSc1nc(NC2CC(COc3ncccn3)C2)c(C)c(=O)n1C	0.026284
rxn:2:111684:70236	CCCCC(NC(c1cc(C)sc1C)C(C)CC)c1cnn(C)c1	0.026237
rxn:2:96473:96155	Cc1ccc2[nH]c(NC(CCc3ccco3)CC(C)C)cc2c1	0.026184
rxn:2:91176:115254	CC(NCc1cc2c(cn1)cnn2C)c1cc2ccn(C)c2cn1	0.026163
rxn:2:66185:71961	CC(Nc1sccc1-c1ncnn1C)c1cnc2cc[nH]c2c1	0.026156
rxn:2:104648:114921	CC(Nc1[nH]ncc1-c1ccncn1)c1cnc2occc2c1	0.026144
rxn:2:84564:140837	CCCC(CCC1CCCC1)Nc1ccn(COC2CCCC2)n1	0.026125
rxn:2:96136:72559	Cc1cc(-n2ccnc2)ccc1NC(C)c1ccn2nncc2c1	0.026098
rxn:2:119893:110473	Cc1nc2ccccc2cc1CNC(C)c1cnc2cnccn12	0.026096
rxn:2:67223:103646	CCc1nnc2ccc(NC(C)c3nn(C)c4ccccc34)cn12	0.026094
rxn:2:89972:165045	CC(Nc1nncc2c1cnn2C)c1ccc2oc(=O)[nH]c2c1	0.026071
rxn:2:141307:128546	CCOC(CN[C@H](CC)c1cc(C(C)C)c(C)o1)C1CCCCC1	0.026035
rxn:2:127084:75774	Cc1cc2[nH]c(NC(C)c3cn4ccnc4cn3)cc(=O)n2n1	0.026033
rxn:2:140653:85758	CCC(Nc1c(C)nc(C(C)C)n1C1CC1)c1ccc(SC)nc1C	0.026023
rxn:2:133465:97114	Cc1cccc(C(C)C(C)NC(C)c2nc(-c3cc[nH]c3)c[nH]2)c1	0.025962
rxn:2:126363:130338	Cc1nc(NC(C)c2ccc3cnn(C)c3c2)n2nc(C)nc2n1	0.025922
rxn:2:141657:70971	CSc1ncc(C)c(C(C)NC(C)(C)CN2CC(C)CC(C)C2)n1	0.025919
rxn:2:71843:75216	Cc1ccn2c(C(C)Nc3nonc3-c3cccnc3)cnc2c1	0.025891
rxn:2:88058:68685	Cc1ncc2ccc(C(C)Nc3cc(-c4ccn(C)n4)no3)n2n1	0.025878
rxn:2:126198:113626	CC(C)c1nc(NC(C)c2ccc(-c3cc[nH]c3)s2)nc(C2CC2)n1	0.025866
rxn:2:77609:141942	CCc1ccccc1C(NCc1nc2c(CC)cccc2o1)C1CC1	0.025827
rxn:2:91020:140550	Cc1nc(-c2ccc(NC(CSC(C)(C)C)c3ccc[nH]3)s2)n(C)n1	0.025820
rxn:2:136821:134553	c1ccc2c(c1)-c1sccc1C2NCc1ccc2nsnc2c1	0.025820
rxn:2:119567:136054	Cc1cc(NC(C)c2ccn3nc(C)cc3c2)c2ncccc2n1	0.025780
rxn:2:139125:138663	CCn1ccn2ncc(CNC(C)c3n[nH]c4ncccc34)c12	0.025775
rxn:2:83046:136110	CCc1sc(C(C)C)cc1C(C)Nc1nc(Cc2ccccn2)n[nH]1	0.025756
rxn:2:136266:118896	CCC(N[C@H](c1ccsc1)c1sccc1C)c1ccc(OC)nc1	0.025744
rxn:2:117022:83715	CCCCC(Cc1ccccc1)NC(c1ccccc1)C1CC1C	0.025730
rxn:2:76330:129359	Cc1c(C(C)Nc2cnc3ncccn3c2=O)ncc2nccn12	0.025687
rxn:2:95434:105546	CC(NC(c1ccccc1)c1nccs1)c1cnc2sccn12	0.025612
rxn:2:122440:92720	CCN1CCC(C)(C)C(CCNC(C)CC(C)SC2CCCC2)C1	0.025591
rxn:2:102894:87319	Cc1cnc2c(C(C)NC(C)(C)c3ccccc3C(C)C)c[nH]c2c1	0.025549
rxn:2:89180:121363	COCC(OC)c1ccc(NC(C)c2nc3c(C)cccc3s2)cc1	0.025543
rxn:2:117983:113397	Cc1cccc(OCCC(C)NCc2csc(-c3cn[nH]c3C)n2)c1	0.025513
rxn:2:75605:84640	CCC(Nc1csc(N(C)CCOC)n1)c1cc2ccccc2s1	0.025511
rxn:2:137671:124373	CC(Nc1cccn2c(=O)ncnc12)c1cc2nccnc2cn1	0.025506
rxn:2:82879:93133	CC(Nc1ccccc1-c1ccco1)c1n[nH]c2cccnc12	0.025500
rxn:2:71843:105582	Cc1nc2ccc(C(C)Nc3nonc3-c3cccnc3)cc2o1	0.025491
rxn:2:76501:74669	c1ccc(C(NCc2nccc3[nH]ccc23)c2ccsn2)cc1	0.025488
rxn:2:93354:99300	CCC(NC(C)CCCc1cccnc1)c1cccc2cc[nH]c12	0.025488
rxn:2:69489:97226	CCCC(C)c1n[nH]c(NC(CC)c2ccc(CC)s2)c1CC	0.025437
rxn:2:137762:98077	CCCC[C@@H](NC1CCCc2oc(C3CC3)cc21)c1ccccc1C	0.025412
rxn:2:126637:105830	CCCCC(NCc1cc(C(C)C)n2c1CCC2)c1ccc(C)cc1	0.025402
rxn:2:113029:84327	CCn1nccc1-c1cc(NC(C)c2cccc3nccn23)on1	0.025399
rxn:2:120145:104273	Cc1ccc(C(Nc2ccc(-c3ncc[nH]3)c(C)c2)C2CCC2)cc1	0.025372
rxn:2:78689:121906	COC(C)(C)C1(CNC(C)CCSc2ncc(C)cn2)CC1	0.025317
rxn:2:139140:89138	Cc1ccc2[nH]ncc2c1NC(c1ccccc1)c1nccs1	0.025247
rxn:2:88642:141160	Cc1cc(NC(c2ccccc2)c2ncc[nH]2)c2ccsc2n1	0.025247
rxn:2:75649:130267	CC(Nc1cnn(C)c1-c1cnccn1)c1ccc2ccsc2c1	0.025213
rxn:2:106116:97270	CCCC(COc1ccccc1)Nc1ncc(SC(C)C)cc1C	0.025198
rxn:2:75783:72773	CCSc1ccc(CNC(CC)CC(C)c2ccccc2)cc1	0.025167
rxn:2:70332:141820	CC(CCCC1CCCC1)NC(CC1CCCC1)C(C)(C)C	0.025136
rxn:2:164027:97171	Cc1cc(=O)c2ccc(NC(C)c3ccc4[nH]ncc4n3)cc2o1	0.025122
rxn:2:82055:113852	CCC(NC(C)c1c(C)c(C)cc(C)c1C)c1ccc(C2CC2)cc1	0.025073
rxn:2:75995:102316	CCC(C)CC(NC(C)c1cn(C)c2ccccc12)c1ccncc1	0.025046
rxn:2:124695:127886	Cc1ccc2sc(CNC(C)c3cccc4ccnnc34)nc2c1	0.025037
rxn:2:125509:113983	C=C=CC(Nc1ccc2[nH]c(OCC)nc2c1)c1ccc(OC)cc1	0.025030
rxn:2:105819:94297	Cc1ccc2c(NC(C)c3cccc4cnn(C)c34)cncc2c1	0.025013
rxn:2:79861:134538	CCCCC(NC1CCCc2c1sc1nccn21)c1ccccc1C	0.024983
rxn:2:79128:131613	Cc1nccc2c(C(C)NCCc3nc(C4CC(C)C4)cs3)csc12	0.024973
rxn:2:88303:128563	Cc1cnc2[nH]c(C(C)NCC(C)(C)CCc3ccccc3)cc2c1	0.024972
rxn:2:77208:84327	Cc1ccc2[nH]c(C(C)NC(C)c3cccc4nccn34)nc2c1	0.024959
rxn:2:134215:90942	CC(Nc1cc(-c2cncnc2)nn1C)c1ccc2nn[nH]c2c1	0.024947
rxn:2:111557:90371	CCCOc1ccccc1C(C)NCC(N(C)C(C)CC)C(C)(C)C	0.024924
rxn:2:107863:103010	Cc1csc(SC2CCCC2N[C@H](c2ccncc2)c2ccsc2)n1	0.024906
rxn:2:72642:109355	c1csc(C(Nc2nccc(-c3ccsc3)n2)c2cn[nH]c2)c1	0.024869
rxn:2:119170:80853	CC(Nc1ccc(-c2cn(C)cn2)cc1)c1nccc2cc[nH]c12	0.024776
rxn:2:122284:95441	CC(Nc1ccc2c(=O)[nH]ccc2c1)c1cnc2ccccc2c1	0.024751
rxn:2:66728:75774	COCc1nnc2c(NC(C)c3cn4ccnc4cn3)nccn12	0.024750
rxn:2:79145:115992	Cc1cccn2ncc(CNC(c3ccccn3)c3ncc[nH]3)c12	0.024721
rxn:2:77589:98685	COc1cccc(C(C)(F)CNC(CC(C)(SC)C2CC2)C2CC2)c1	0.024717
rxn:2:73678:108353	c1cncc(C(Nc2ccc(-n3cccc3)cn2)c2ncc[nH]2)c1	0.024708
rxn:2:101082:87772	Cc1cc2nc(C(C)Nc3nn[nH]c3-c3ccnn3C)ccn2n1	0.024703
rxn:2:101426:77224	CCCC(Nc1ccc2cccc(OC)c2n1)c1cc(C)ccc1C	0.024684
rxn:2:69779:138890	Cc1n[nH]c2c(CNC(C)c3ccc4ccn(C)c4c3)cccc12	0.024657
rxn:2:136828:68636	Cc1csc2ccc(C(C)NCc3csc(C4CCC4)c3)cc12	0.024642
rxn:2:83012:107185	COc1nc(NC(C)c2c(C)nc3ccccn23)cc2cccnc12	0.024631
rxn:2:87813:135440	Cc1cc2[nH]nc(C(C)Nc3ccc4cccnc4c3C)c2cn1	0.024631
rxn:2:91967:147815	CC(Nc1nccc2ccoc12)c1ccc2[nH]c(=O)[nH]c2c1	0.024609
rxn:2:102693:129226	CCc1nc2ccccn2c1CNC(C)c1cccc2[nH]cnc12	0.024603
rxn:2:72011:135846	Cc1[nH]c2nc(NC3c4ccccc4-n4cncc43)ccc2c1C	0.024583
rxn:2:110001:126372	CC(Nc1cccc2[nH]c(=O)oc12)c1cncc2[nH]ncc12	0.024507
rxn:2:131604:68463	Cc1cccc(C(CC(C)C)Nc2ncn(CCc3cccs3)n2)c1	0.024501
rxn:2:124841:76549	COc1ccc2nc(NC(C)c3ccnc4c3cnn4C)nnc2c1	0.024497
rxn:2:102774:76381	CCCCC(NCc1cc(C)n(CCC(C)C)n1)c1ccccc1C	0.024490
rxn:2:105554:139384	CCSc1ccc(C)cc1CCNC(CN1CCCC1)c1cccs1	0.024481
rxn:2:71596:90961	CCCSc1ccccc1C(C)Nc1cc(C2(C)CC(F)(F)C2)n[nH]1	0.024475
rxn:2:95652:98427	c1csc(C(Nc2nnc(Cn3cccn3)s2)c2cccs2)c1	0.024472
rxn:2:120241:103810	CC(Nc1[nH]ncc1-c1nnc[nH]1)c1ccc2ncsc2c1	0.024470
rxn:2:68785:73906	CCC[C@@H](NC(C)c1ccc2ccsc2n1)c1c(C)cccc1C	0.024446
rxn:2:90862:73299	Cc1ccc(C(C)(C)C)cc1NC(C)c1c[nH]c2c(C)cccc12	0.024407
rxn:2:141390:118093	Cc1ccc([C@H](CCC(C)C)NC(c2ccc[nH]2)c2ccco2)o1	0.024384
rxn:2:112356:96999	CCC[C@@H](NC(C)c1nccn2cc(C)nc12)c1ccc(SC)cc1	0.024382
rxn:2:70138:127322	CC(Nc1ccccc1-c1cncnc1)c1ccc2ccn(C)c2n1	0.024376
rxn:2:99227:102652	CSc1ccccc1C(C)(C)CNC1CCC2(CCC(C)CC2)CC1	0.024367
rxn:2:141433:112669	CCCC(Nc1conc1-c1ccccc1C)c1cccc(OC)c1	0.024352
rxn:2:71508:91105	CSc1ncc2c(n1)CCC(Nc1cc(C)nc3cnccc13)C2	0.024313
rxn:2:108828:89894	CC(Nc1ccc(Cn2cncn2)cc1)c1nccc2cnn(C)c12	0.024312
rxn:2:132516:81167	CCc1c(C2CC2)nn(CC)c1NC(CC)c1cc2ccccc2[nH]1	0.024305
rxn:2:124626:127886	CC(Nc1ncccc1-c1ccncc1)c1cccc2ccnnc12	0.024263
rxn:2:103330:78218	Cc1cn(-c2cccnc2)nc1NC(C)c1cccc2cccnc12	0.024257
rxn:2:89397:129950	CCC1CCC(CCC(C)NC(C)CCCN2CCSCC2)CC1	0.024242
rxn:2:68628:119681	CCOc1cccc2sc(NC(C)c3ccn4ccncc34)nc12	0.024221
rxn:2:130711:89258	Cc1cn(Cc2nccs2)nc1NC(C)c1ccc2cn[nH]c2c1	0.024220
rxn:2:130852:112088	CC(NCc1ccc(-c2ccsc2)s1)c1cccc2cncn12	0.024164
rxn:2:73919:73940	CSCC(Nc1ncccc1-c1ccccc1)c1ccc(C)c(C)c1	0.024071
rxn:2:83012:162632	COc1nc(NC2Cc3cccc4cccc2c34)cc2cccnc12	0.024066
rxn:2:135886:76375	CC(NCCC1C(c2nc[nH]n2)C1(F)F)c1nc(-c2ccc[nH]2)cs1	0.024017
rxn:2:72642:80041	c1ccc(C(Nc2nccc(-c3ccsc3)n2)c2c[nH]cn2)cc1	0.024007
rxn:2:133838:125827	CC(C)=C=C1C(CNCC(F)(F)Sc2cccc(C)c2)C1(C)C	0.023893
rxn:2:98904:83009	Cc1cccc2nc(CNC(C)c3cc4ccccc4s3)n(C)c12	0.023828
rxn:2:71816:77004	COCCC(NC(C)c1cnc(SC)nc1OC)c1cccs1	0.023822
rxn:2:88623:111698	Cc1ccc(-c2cc(NC(C)c3cn(C)c4ccncc34)n[nH]2)nc1	0.023819
rxn:2:130785:65871	Cc1ccc(NC(C)c2nn(C)c3cnccc23)c(-c2ncc[nH]2)c1	0.023819
rxn:2:75721:132130	c1ccc(-c2cc(NC3CCn4c3cc3ccccc34)ccn2)nc1	0.023819
rxn:2:141966:131981	Cc1occc1-c1n[nH]c(CNC2c3cscc3-c3sccc32)n1	0.023811
rxn:2:107722:109355	c1ccc(-c2ccoc2NC(c2cn[nH]c2)c2cccs2)cc1	0.023810
rxn:2:84537:66896	CC(C)C(CCc1ccccc1)N[C@H](c1ccoc1)c1cccs1	0.023798
rxn:2:136882:133831	Cc1nc2ncccn2c1C(C)Nc1ncn(Cc2cncn2C)n1	0.023781
rxn:2:67676:100772	Cc1nc2ncnn2cc1C(C)Nc1ccc(-c2nnnn2C)nc1	0.023653
rxn:2:87673:137331	CC(NC(c1ccco1)C1CCCCC1)c1ccc(-c2ccon2)s1	0.023644
rxn:2:120174:132289	COc1nc(NC(c2ccc(C)s2)c2nccs2)nc2[nH]ccc12	0.023526
rxn:2:126038:127869	CCCc1ncc2cc(NC(C)c3cn4ccnc4cc3C)ccn12	0.023523
rxn:2:126398:75591	CC(N[C@@H](c1ccccc1)c1ccsc1)c1cccc(OC2CC2)c1	0.023520
rxn:2:120453:111886	COc1ccc(NC(C)c2nc3cccnc3[nH]2)c2[nH]ncc12	0.023427
rxn:2:97972:129164	CC(Nc1ncc(Cc2ccncc2)s1)c1ccnc2ncccc12	0.023389
rxn:2:104752:126689	Cc1cc(-c2cc(NC(C)c3ccc4cccnc4c3)on2)ccn1	0.023357
rxn:2:100077:78148	CCC1CCC(CC(C)NCC(SC(C)C)c2ccc(C)o2)CC1	0.023354
rxn:2:108285:136306	Cc1ccsc1-c1ncc(CNC(C)c2cncc3cn[nH]c23)s1	0.023332
rxn:2:77657:95441	CCc1cc2ccc(NC(C)c3cnc4ccccc4c3)cn2c1	0.023292
rxn:2:134955:103540	Cc1cnn2cc(C(C)Nc3cnccc3-c3ccccc3)ccc12	0.023220
rxn:2:96429:80888	CC(NCc1nc(-c2ccco2)n[nH]1)c1cnc(-c2ccco2)s1	0.023173
rxn:2:116544:105830	CCCCC(NC(CCC(C)(C)C)CSC)c1ccc(C)cc1	0.023157
rxn:2:73387:74861	CSc1nc(NC2C[C@@H](C)Oc3ccccc32)c2ccccc2n1	0.023145
rxn:2:126796:99689	COCn1ccc2cc(NC(C)c3cccc4ncsc34)ccc21	0.023129
rxn:2:140288:109794	CC(NCc1ccccc1-c1ccoc1)c1cccc2nn(C)cc12	0.023082
rxn:2:81561:66830	CCc1nc2c([nH]1)C(Nc1ccc3ncnc(SC)c3c1)CCC2	0.023024
rxn:2:127346:72434	CCCSc1ccc(C(C)Nc2nccn2CC2(C)CCCC2)cc1	0.023023
rxn:2:108776:117928	CC(NCCc1c[nH]c2ncncc12)c1cccc2cc[nH]c12	0.023022
rxn:2:97787:129263	CCC(CSc1ccccc1C)Nc1cc(OC(C)C)ccc1OC	0.023019
rxn:2:100369:81981	CCSc1nc(C(NCCc2c(C3CC3)n[nH]c2CC)C(C)C)cs1	0.022983
rxn:2:111522:92488	CC(Nc1cc2ccccc2nn1)c1cc(-c2ccsc2)cs1	0.022916
rxn:2:78771:116149	c1cncc(C(NCc2nc(-c3cnccn3)no2)c2cccs2)c1	0.022867
rxn:2:115882:120265	COCC(C)N(C)c1cn[nH]c1NC(c1ccncc1)c1nnc[nH]1	0.022816
rxn:2:93550:75221	Cc1cc2[nH]cc(C(C)Nc3nc4scc(C5CCC5)n4n3)c2cn1	0.022815
rxn:2:86948:89269	COc1ccccc1C(CSC)N[C@@H](c1ccsc1)c1ccc(C)o1	0.022796
rxn:2:113019:95623	Cc1ccc2cc(C(C)NC(C)c3nc4ccccc4n3C)oc2c1	0.022751
rxn:2:76161:103646	Cc1csc(-c2[nH]ncc2CNC(C)c2nn(C)c3ccccc23)c1	0.022674
rxn:2:121858:87157	CC(Cc1ccc2[nH]ncc2c1)NC(c1ccsc1)c1ccco1	0.022644
rxn:2:66510:93604	CCSc1nc(NC(C)c2ccnn2C(C)(C)C)c2nc[nH]c2n1	0.022621
rxn:2:90685:74669	c1ccc(C(Nc2cnccc2-c2cccnc2)c2ccsn2)cc1	0.022591
rxn:2:115776:70980	Cc1ccn(-c2nc(NC(c3ccccc3)c3ccco3)sc2C)n1	0.022588
rxn:2:117744:71998	Cc1ccnc2[nH]cc(C(C)NC(C)c3ccc4cccnc4c3)c12	0.022530
rxn:2:105208:113658	CCc1nc(C2CC2)c(C(C)Nc2sc(C)nc2-c2ccccc2)s1	0.022516
rxn:2:81253:136110	CCc1sc(C(C)C)cc1C(C)NC(C)c1cccc2cc[nH]c12	0.022464
rxn:2:96391:128391	Cc1cc2cc(C(C)NC(C)c3cn4cncc4cc3C)ccc2[nH]1	0.022451
rxn:2:141065:82334	c1cncc(C(NCc2nncc3cc[nH]c23)c2nnc[nH]2)c1	0.022324
rxn:2:92360:97429	Cc1coc2ccc(CCNC(c3ccccn3)c3nccs3)cc12	0.022246
rxn:2:73777:90942	Cc1ccc(-c2nnn[nH]2)cc1NC(C)c1ccc2nn[nH]c2c1	0.022218
rxn:2:108215:150917	CC(Nc1cc(-c2ccnnc2)no1)c1cccc2[nH]c(=O)[nH]c12	0.022161
rxn:2:127944:110901	Cc1cccc2[nH]cc(C(C)Nc3cccc4ccsc34)c12	0.022133
rxn:2:106959:122239	CC(NCc1cc(-c2ccoc2)cs1)c1ccc2cnccc2c1	0.022097
rxn:2:137182:121906	Cc1cnc(SCCC(C)N[C@@H](CC2CC2)c2ccc(C)o2)nc1	0.021988
rxn:2:67261:117186	COc1ncc(NC(C)c2ccc3sccc3c2)c2ccccc12	0.021871
rxn:2:80308:114258	CC[C@H](NC(c1ccsc1)C1CCSCC1)c1cccc2[nH]ccc12	0.021763
rxn:2:117937:107270	CSc1ccccc1C(Nc1ccoc1-c1ccccc1)C(C)C	0.021718
rxn:2:116748:104463	CCc1ccc([C@H](NC(CC)c2ccc(C(C)C)cc2)C(C)CC)o1	0.021708
rxn:2:120438:89838	COc1ccnc2c(NC(C)c3ccc4nc(C)sc4c3)cccc12	0.021619
rxn:2:96505:73299	Cc1cccc2c(C(C)Nc3n[nH]c(C(C)C)c3CC(C)C)c[nH]c12	0.021607
rxn:2:162671:128391	Cc1cc2cncn2cc1C(C)Nc1cccc2c(=O)[nH][nH]c(=O)c12	0.021417
rxn:2:139877:90961	CCCSc1ccccc1C(C)Nc1cc2ncccc2cc1OC	0.021413
rxn:2:123059:117072	CCC(Nc1nc2c(OC)cccc2s1)c1cccc2occc12	0.021387
rxn:2:81748:92856	CCCSc1cccc(C(C)NC(C)c2sc(CC)nc2COC)c1	0.021301
rxn:2:81910:104467	Cc1ccsc1-c1nsc(NC(C)c2csc3ccccc23)n1	0.021273
rxn:2:125702:120297	Cc1ccc(C(NC2c3ccsc3-c3ccsc32)c2cn[nH]c2)s1	0.021202
rxn:2:114165:134295	CCCCC(NC(CCC)c1ccc(SC)cc1)C1CCCC1	0.021076
rxn:2:81662:92488	COc1cc(NC(C)c2cc(-c3ccsc3)cs2)nc(SC)n1	0.021019
rxn:2:72925:97945	Cc1nccc2c(C(C)NC(C)Cc3n[nH]c4ccccc34)n[nH]c12	0.020885
rxn:2:131252:106051	CC(Nc1c[nH]c2[nH]c(=O)ncc12)c1nccc2[nH]ncc12	0.020860
rxn:2:84858:130267	CSc1nc(NC(C)c2ccc3ccsc3c2)nc2c1CCCC2	0.020735
rxn:2:86766:139516	Cc1ccc(-c2cc(NC(C)c3nc4ccc(C)cc4s3)on2)cc1	0.020406
rxn:2:78123:100758	CSc1ccc(C(N[C@@H](c2ccc(C)o2)c2cccs2)C2CC2)cc1	0.020073
rxn:2:134596:111053	Cc1cc2nc(NC(C)c3ccc4ccccc4c3)sc2cc1C	0.020006
rxn:2:146488:72281	Cc1csc2nc(C(C)Nc3nc4ccc5[nH]cnc5c4[nH]3)cn12	0.019544
rxn:2:75411:74209	Cc1cccc2cc(C(C)Nc3ccc4[nH]nc(C(C)C)c4c3)oc12	0.019505
rxn:2:121938:105830	CCCCC(NCc1cc(-c2cccs2)cs1)c1ccc(C)cc1	0.019499
rxn:2:101538:139356	CCCC(CSc1ncccn1)Nc1nnc(-c2cn(C)nc2C)s1	0.019084
rxn:2:83861:85265	Cc1cc(-c2csc(NC(c3ccoc3)c3sccc3C)c2)ccn1	0.018054
rxn:2:85558:100772	CSc1nc(NC(C)c2cn3ncnc3nc2C)c2c(ncn2C)n1	0.017533
rxn:2:81561:129162	CCSCC(Nc1ccc2ncnc(SC)c2c1)c1ccc(C)cc1	0.017416
rxn:2:66257:80002	CCCC(CSc1cccs1)Nc1nnc(SCc2cccs2)s1	0.016387
