name	smiles	heuristic
rxn:2:110352:80441	CCNC(C)c1csc(C)n1	0.068300
rxn:2:86965:71289	C1CSCC(NC[C@@H]2CCO2)C1	0.059876
rxn:2:106332:133012	Cc1ncoc1NC[C@@H]1CCCCO1	0.057316
rxn:2:97527:88482	CCC(N[C@H]1CC[C@@H]1F)c1ncc[nH]1	0.055298
rxn:2:127225:76077	F[C@@H]1C[C@@H]1NC(c1ccco1)c1ccco1	0.053880
rxn:2:79921:101388	COc1cnnc(NC2CCC(F)(F)C2)c1	0.053851
rxn:2:80073:68991	Cc1nnsc1NC1CCOC2(CCC2)C1	0.053771
rxn:2:140866:96050	CC(F)c1c(NC[C@@H]2CCCO2)cnn1C	0.053449
rxn:2:141848:110571	Cc1nc[nH]c1C(C)NCCC(C)(C)C	0.053350
rxn:2:68373:99658	C[C@H]1CC(NCC2(C)CSC2)c2ccsc2S1	0.052987
rxn:2:137956:76956	CC1(NCC2CCO2)CCCCC1(F)F	0.052417
rxn:2:107621:86871	CC(Cc1cccs1)NC1CC(C)OC(C)C1	0.052312
rxn:2:116550:81260	CC(C)C(NC1CCOC2CC12)c1ccsc1	0.052173
rxn:2:129110:97116	c1ccc(C(NC2COC2)C2CCSC2)nc1	0.052018
rxn:2:99859:110539	Cc1nsnc1C(C)NCCc1ccn(C)c1	0.051953
rxn:2:75898:109871	COc1cc(NC(C)CCSC)nc(C)n1	0.051755
rxn:2:86311:127378	CCCc1nnsc1NC1CC(OC)C1(C)C	0.051677
rxn:2:67645:80441	Cc1nc(C(C)N[C@H]2C[C@H](OC(C)C)C2)cs1	0.051566
rxn:2:70771:119746	CC1CC(Nc2ccc(=O)oc2)CCN1C	0.051501
rxn:2:93726:136505	CC(NC1CC2(C1)CC2(F)F)C(C)(C)F	0.051487
rxn:2:89105:107755	Cc1ccc2n1CCC2NCC1CC12CC2	0.051349
rxn:2:99651:96294	CC[C@H](NC1CC[C@H](C)N(C)C1)C(C)C	0.051336
rxn:2:68982:105203	Cc1cncc(C(C)NCc2nnc(C)o2)c1	0.051307
rxn:2:132267:88768	Cc1c[nH]c(C(C)NC(C)C2CC2(C)C)n1	0.051282
rxn:2:97174:109246	CCC(Nn1sc2ccccc2c1=O)C1(F)CC1	0.051275
rxn:2:117332:104751	CN1CCC[C@@H]1CNc1nc2c(o1)CCCC2	0.051200
rxn:2:117637:138512	CCc1ncc(CCNC2C[C@@H]3OCC[C@H]23)s1	0.051193
rxn:2:80231:82958	Cc1cn(C)nc1[C@H](C)NC[C@H]1CCCCO1	0.051156
rxn:2:71573:121034	Cc1ncc(C(C)NC2CC2(C)C(C)C)n1C	0.051142
rxn:2:136424:130414	CC(NC1CCCC2(CC2)C1)c1ncccn1	0.051112
rxn:2:92388:75795	CO[C@@H]1C[C@H]1NC1CC2CCC1N2C	0.051079
rxn:2:123657:141422	CCc1cccnc1CNC1CCO[C@@H](C)C1	0.051042
rxn:2:89302:78993	Cc1cccc2c(NC3CC(F)C3)nn(C)c12	0.050824
rxn:2:111809:83573	Cc1cc(NC(C)c2ccc(C)n2C)c[nH]1	0.050818
rxn:2:67741:109651	FC1C2CCC1CC(NCc1ncncn1)C2	0.050793
rxn:2:70903:79519	Cc1ccc(C2CCC2N[C@H](C)C(C)(F)F)s1	0.050788
rxn:2:131137:74530	c1cnc2c(c1)CC(NC1CCOC1)CC2	0.050787
rxn:2:70376:77199	COc1ccc2c(c1)CCC2N[C@H]1C[C@H](C)C1	0.050759
rxn:2:90202:138926	C[C@H]1CCC[C@H](NC2CC3(CC3)C2)C1	0.050738
rxn:2:97712:96851	C[C@H]1CCCC(Nc2ccc3ccnn3n2)C1	0.050716
rxn:2:105041:112746	COC1CCC1NC1(c2ccc(C)cc2)CC1	0.050590
rxn:2:91368:82828	CCCC(F)CNC1CC[C@H]2COC[C@@H]12	0.050558
rxn:2:94038:73775	FC1CCCC(NCC2OCCc3ccsc32)C1	0.050519
rxn:2:109689:115410	CC(NC12C3C4C1C1C2C3C41F)c1cnoc1	0.050508
rxn:2:83990:113157	CC[C@@H](NC1CC[C@@]2(C)C[C@@H]12)c1ccccn1	0.050473
rxn:2:115956:119746	CC1CC(N[C@H](C)C(C)(C)C)CCN1C	0.050424
rxn:2:92243:74331	Cc1ccc(C(C)CNC2CCCC2(C)C)o1	0.050409
rxn:2:89804:136438	Cn1ncnc1NC1CCCC12CCCCC2	0.050309
rxn:2:88219:74959	CCC(NCC1CCCC1)C1(C)COC1	0.050296
rxn:2:140105:106329	CC[C@@H]1C[C@H]1CNC1CC2CC1CC2F	0.050246
rxn:2:117617:97031	Cc1cc(CNC2CC(CS(C)(=O)=O)C2)sc1C	0.050194
rxn:2:83422:92557	CCCCn1cc(NC2COCC(F)C2)nn1	0.050122
rxn:2:124024:141343	CC(NCC1(C)CCCC(C)(C)C1)c1ncsn1	0.050083
rxn:2:96898:130555	CC(Nc1cnn(CC2CCC2)c1)c1nccs1	0.049921
rxn:2:66990:121627	CCOC1CC1NC(c1ncsc1C)C(C)C	0.049841
rxn:2:85702:115177	Cc1c(C(C)N[C@@H]2CC[C@@H]2C)nnc2ccnn12	0.049819
rxn:2:139914:126746	CCc1ccc(NC(C)c2nccnc2C)nc1	0.049736
rxn:2:116691:129239	CCC1CCC(NCC2(C)CC2(C)C)C1	0.049723
rxn:2:98627:66014	CC(N[C@@]12CCC[C@@H]1C2)c1cccc2ccnn12	0.049718
rxn:2:139163:131923	Cc1[nH]ncc1CNC1CC(C)(C)C(C)(C)C1	0.049718
rxn:2:67607:111998	Cc1ccc2c(c1C)CCCC2Nc1ncsn1	0.049685
rxn:2:130278:123226	CC(C)c1cncc(NC(C)c2cnccn2)c1	0.049683
rxn:2:97955:126746	Cc1nccnc1C(C)Nc1cccc2c1CC2	0.049676
rxn:2:100826:92646	CC(C)(F)C1(NC(c2nccs2)C2CC2)COC1	0.049611
rxn:2:66922:108440	CCn1nccc1NC(CCSC)C1CC1	0.049578
rxn:2:83240:84526	CCC1COC(CNC2CCCc3oncc32)C1	0.049521
rxn:2:127937:128181	c1c(CNC2CC3CCC2CC3)sc2c1CSC2	0.049514
rxn:2:141235:96321	F[C@H]1CC[C@@H](NC2CC(Oc3ccncc3)C2)C1	0.049503
rxn:2:137013:74805	Cc1ccc(C2(CNC3CCSC3)CC2)c(C)c1	0.049497
rxn:2:122187:107262	CC1CCN(CCNC(C)c2cnc[nH]2)C1	0.049455
rxn:2:93284:71180	Cc1ccc(C(C)N[C@@H]2CC[C@H]3C[C@@H]2CO3)nc1	0.049438
rxn:2:88799:95473	CCC1CCC(NC2COc3cccnc32)CC1	0.049425
rxn:2:95001:66557	CO[C@H]1CCCCC1Nc1cc2n(n1)CCOC2	0.049408
rxn:2:141386:141509	CCOC1COCCC1Nc1ccsc1C1CC1	0.049343
rxn:2:111027:127841	CSCC1CC(NC(C)c2ncc(C)nc2C)C1	0.049340
rxn:2:102285:69603	COc1cc(C)nc(NC2CC3CCC(C2)O3)n1	0.049251
rxn:2:124580:102144	c1cc(CNC2CCCOC2)n(C2CCCC2)c1	0.049247
rxn:2:105381:106709	Cc1cnn(C(C)C(C)NC2CC[C@H]3CC[C@H]23)c1	0.049239
rxn:2:75970:123417	FC1(F)COCC[C@@H]1NC1CCCCOC1	0.049235
rxn:2:93397:138558	Cc1nn(C(C)C(C)C)cc1NC1CCC[C@H]1F	0.049229
rxn:2:134914:82099	Cc1cnnn1CCNC1CC[C@@H]2C[C@@H]1C2(C)C	0.049221
rxn:2:90913:122913	CC(N[C@@H]1CC[C@H]2CC[C@@H]1N2C)c1ccccn1	0.049211
rxn:2:125213:72051	CCC(F)(F)C(C)(C)NC(C)c1cc(C)n[nH]1	0.049178
rxn:2:110577:140670	CC1(C)CCC(NCc2cn(C3CCC3)cn2)C1	0.049146
rxn:2:84276:123606	Cc1cncc(CNC2CCN(C)C3(CC3)C2)c1	0.049097
rxn:2:85701:112099	CC1CC(N[C@@H]2COC[C@H]2F)CCC1(C)C	0.049086
rxn:2:86321:107761	CCc1ccc(C(C)N[C@H](C)c2cc[nH]n2)o1	0.049081
rxn:2:97969:120484	COC(C)(C)C1(NC2CCSC3(CC3)C2)CC1	0.049077
rxn:2:129155:138598	CCC(NC1CCC2CCC1CC2)c1nccs1	0.049071
rxn:2:141557:111269	Cc1nn(C(C)C)c(NC2C[C@H]3CCC[C@@H]23)c1C	0.049037
rxn:2:100584:134340	CCC(C)(C)CC(C)N[C@@H](C)C1CC1	0.048995
rxn:2:135332:97954	COCC12CC(NCC3CCc4sccc43)(C1)C2	0.048982
rxn:2:123529:106281	Cc1cccn2c(NC3CCC(F)CC3)ncc12	0.048977
rxn:2:122467:138712	CS(=O)(=O)C1CC(NCC2CCC3CC3C2)C1	0.048921
rxn:2:108515:114357	C[C@@H](NC(c1ccnn1C)C1CC1)c1ccco1	0.048915
rxn:2:73709:104217	C=C=CC(NCc1scnc1C)c1cccs1	0.048904
rxn:2:93515:114552	Cc1ccc2ncnc(NC3CCOCC3)c2c1	0.048895
rxn:2:127570:126941	CC(NCc1ccc(C(C)(F)F)s1)c1c[nH]nn1	0.048870
rxn:2:118361:102485	CCC(NCc1nccc2ocnc12)C1(C)CC1	0.048868
rxn:2:81009:110686	c1ncc(CCNC2CCC3(CCO3)CC2)cn1	0.048867
rxn:2:80401:138263	CC(NC1(c2ncon2)CCSC1)c1ccn(C)c1	0.048832
rxn:2:77876:84081	CC1CC(Nc2cccc3[nH]cnc23)CN1C	0.048808
rxn:2:101238:101283	c1csc(C2CC(Nc3nc[nH]c3C3CC3)C2)c1	0.048806
rxn:2:114256:113119	Cc1ccc(C)c2c1CC(C)C2NCCN(C)C	0.048805
rxn:2:79349:97359	CC1CCN(C)C(CNC(C)c2ccccc2)C1	0.048784
rxn:2:118829:110034	COC(C)Cn1nc(C)c(NC2CCC2F)c1C	0.048781
rxn:2:73719:111481	CC1(NC2CC(CN3CCSCC3)C2)CCC1	0.048758
rxn:2:133321:118277	CC(C)CC(C)(F)CNC1CCCn2cnnc21	0.048749
rxn:2:89423:119233	CSc1ccncc1CNC1C[C@H]2COC[C@@H]12	0.048708
rxn:2:118391:130962	COc1cnc(CNCC2CC(C)CO2)nc1	0.048684
rxn:2:102421:90578	COc1cncc(C(C)NC2CCOC23CC3)n1	0.048617
rxn:2:132743:102485	CCOC1(C)CC1NC(CC)C1(C)CC1	0.048610
rxn:2:129071:74622	CCc1nc(CNC2COC3(CCOC3)C2)co1	0.048575
rxn:2:86852:110382	CCCn1cc(C)c(NCC2C[C@@H](C)CCO2)n1	0.048574
rxn:2:141735:75403	COc1cc(C(C)NC2COC(C(C)(C)C)C2)sn1	0.048567
rxn:2:89196:71259	CCC(N[C@@H]1CC2CCC1C2)c1ccccc1	0.048526
rxn:2:97213:68437	CCn1cc(C(C)N[C@H]2CCC[C@H]2OC)c(C)n1	0.048517
rxn:2:72657:116772	Cc1cc(NC2CCCn3cncc32)nn1C(C)C	0.048505
rxn:2:141656:111364	CC(NC1CC2(C1)CC2F)c1cnc2sccc2c1	0.048477
rxn:2:112360:71289	CC[C@@H](NC1CCCSC1)c1cccc(C)c1C	0.048431
rxn:2:79286:135605	CC(C)(C)C1CCCC1Nc1cc(C2CC2)no1	0.048427
rxn:2:92919:136801	Cc1cccc(C(NC2CN(C)C2)c2cccs2)c1	0.048423
rxn:2:137780:121622	CC1CC(C)CC(NCc2cnc3nccn3c2)C1	0.048420
rxn:2:117423:79154	CC(C)(C)C1CCC1NC1CCn2cncc2C1	0.048354
rxn:2:117575:79616	C[C@@H]1CC(NCc2cnc(N(C)C)n2C)C[C@H](C)S1	0.048319
rxn:2:134685:83447	Cc1c(CNC2C[C@@H]3C[C@@H]3C2)cnn1C1CCSC1	0.048293
rxn:2:116469:73125	CCCC(N[C@H]1C[C@@H]2[C@H](C1)C2(C)C)c1cscn1	0.048274
rxn:2:127694:93054	Cc1cc(NC(C)c2ccc(C(C)F)cc2)sn1	0.048261
rxn:2:99685:67395	C1CC(CNC2CC(c3nc(C4CC4)no3)C2)C1	0.048252
rxn:2:109861:74582	CCC(NCC[C@H]1CCOC1)C1COC1	0.048250
rxn:2:105819:86866	Cc1ccc2c(NC(C)CC3CC3)cncc2c1	0.048236
rxn:2:130803:123872	Cc1cc(C)nc(CNC(C)c2c(C)cnn2C)c1	0.048227
rxn:2:121452:71004	Cc1nc(=O)c(NC2CCSC(C(C)C)C2)nn1C	0.048213
rxn:2:111826:74805	CC1CCC(c2cc(NC3CCSC3)n(C)n2)CC1	0.048212
rxn:2:89756:76308	COc1ccc2noc(NC3C[C@H]4CC[C@@H]3C4)c2c1	0.048198
rxn:2:141261:132309	CCCC1CC(NCc2nccc3c2CCO3)C1	0.048169
rxn:2:138867:125273	CCC(CC1CC1)NC1CCOc2cccnc21	0.048147
rxn:2:137368:103991	FC1CC(NC(c2ccccn2)c2ccccn2)C1	0.048141
rxn:2:87808:125097	COCc1cccnc1NC1c2cocc2CC1C	0.048141
rxn:2:67748:135596	COC[C@@H](C)NC1CC(C)(C)C12CCOCC2	0.048136
rxn:2:76853:91509	Cc1cc2c(cc1NC1CCN(C)C1)OCCO2	0.048123
rxn:2:105466:70980	C[C@H]1OCC[C@@H]1NC(c1ccccc1)c1ccco1	0.048074
rxn:2:126995:120114	Cc1cccc2c1OC[C@H]2NC(C)c1ncn[nH]1	0.048068
rxn:2:102928:106282	COc1ccccc1N1CCC(Nc2ccon2)C1	0.048062
rxn:2:136521:94638	CSc1cccc(C(C)NCC2COCO2)c1	0.048029
rxn:2:141364:119465	Cc1nc[nH]c1NC1CCC(CCC(C)C)C1	0.048000
rxn:2:71660:88768	Cc1c[nH]c(C(C)NCc2ncnc(C)c2C)n1	0.047999
rxn:2:119995:76719	Cn1ccc(CCNC2CC3CCCN(C3)C2)n1	0.047999
rxn:2:96202:81856	Cc1cn2c(n1)CCC(NC1CCc3sccc31)C2	0.047979
rxn:2:107316:101409	Cc1n[nH]c(C(C)NC2CN3CCC2CC3)n1	0.047975
rxn:2:88745:82033	CN1CCC1CNC1CC2CCCCN2C1	0.047937
rxn:2:127751:117729	COc1cccc2c1C(Nc1cccnc1)C(C)C2	0.047934
rxn:2:133910:87032	COC1CC(NCc2cc(-c3cccs3)ncn2)C1	0.047914
rxn:2:112704:110686	C1CC2(CCC(N[C@@H]3[C@@H]4COC[C@@H]43)CC2)O1	0.047855
rxn:2:140632:115515	c1nn(C2COC2)cc1NC1CC2CCCCC2C1	0.047845
rxn:2:95019:128945	CCON1CCC(NC2CC3(CCC3)C2)CC1	0.047840
rxn:2:128234:122940	CC(C)CC1CC1NC1CCCc2c1ccn2C	0.047835
rxn:2:70771:67566	CC1CSc2ccccc2C1Nc1ccc(=O)oc1	0.047817
rxn:2:67111:70439	COc1nc(NC2CC3OC(C2)C2CC32)n(C)n1	0.047752
rxn:2:129515:129126	C[C@@H]1CCC(NCc2cn[nH]c2CC(C)(C)C)C1	0.047750
rxn:2:99416:79977	c1cc(NC2CCC3(CCC3)OC2)nc(C2CC2)n1	0.047704
rxn:2:125241:120905	CCO[C@@]1(C)C[C@H]1NC(C)c1cc2sccc2n1C	0.047697
rxn:2:112656:119549	CC(C)[C@H]1CC[C@@H](NC2CC[C@H](C)C2)CC1	0.047681
rxn:2:141429:110571	Cc1nc[nH]c1C(C)NC1CCC2CC1CN2C	0.047655
rxn:2:116867:92401	COC1CCCC(Nc2cc(C)cc3c2OCC3)C1	0.047646
rxn:2:138715:138465	CCc1nnc(CNC2CCC23CC2(CCC2)C3)o1	0.047640
rxn:2:134976:81068	CCSC1CCCC1NC(C)c1ccc(=O)[nH]n1	0.047639
rxn:2:105340:77047	CC(NCCS(=O)(=O)F)c1ccc2cnsc2c1	0.047628
rxn:2:109881:66535	CCC(COC)NCC1COCC(C)O1	0.047621
rxn:2:88300:114651	CCC1CCCCC1NC(C)c1ccc(=O)n(C)c1	0.047620
rxn:2:140532:120130	C[C@H]1Cc2ccccc2C1NCC1(F)CCSCC1	0.047591
rxn:2:124334:93350	Cn1nccc1C(C)(C)NC1CCC2(CCC2)CC1	0.047575
rxn:2:87158:80327	CC1COCCC1NCCN(C)Cc1ccsc1	0.047544
rxn:2:124096:102227	Cc1ccc(C(C)(C)CNC2CCCC23CC3)nn1	0.047527
rxn:2:132798:82928	CC(N[C@H]1C[C@@H](N(C)C)C1)c1cnn2ccncc12	0.047525
rxn:2:166613:110034	Cc1cccc2[nH]c(=O)cc(NC3CCC3F)c12	0.047522
rxn:2:106257:89690	Cc1ccc(C2(NC(C)c3ccsn3)CCC2)cc1	0.047514
rxn:2:81366:93350	CCOc1cc(NC2CCC3(CCC3)CC2)ncn1	0.047475
rxn:2:128634:113715	CN1C2CCC1CC(N[C@@H](c1ccco1)C1CC1)C2	0.047472
rxn:2:113870:119249	Cc1noc(C(NC2CCC3(CC3)OC2)C2CC2)n1	0.047442
rxn:2:141209:80276	CCc1cncc(C(C)N[C@@H]2C[C@@H]2C)c1C(C)C	0.047437
rxn:2:103843:79491	CCC(NC(C)(C)c1nccs1)c1ccc(C)nc1	0.047424
rxn:2:67066:75823	Cn1nccc(NC2CC3CCCN3C2)c1=O	0.047408
rxn:2:119127:80041	C[C@H](NC(c1ccccc1)c1c[nH]cn1)[C@@H](C)F	0.047368
rxn:2:81868:71589	C1CSc2nc(NC3CC4(CCCOC4)C3)nn2C1	0.047331
rxn:2:136860:136834	CC(C[C@H]1CCCN1C)NC[C@@H](F)[C@@H](C)F	0.047329
rxn:2:84066:82298	CC(C)c1cc(C(C)Nn2nccn2)n(C(C)C)n1	0.047313
rxn:2:75159:125354	CCOc1ncncc1CNC1CCCSCCC1	0.047304
rxn:2:74902:79481	COC1CC2(CCC2Nc2nc(SC)n[nH]2)C1	0.047263
rxn:2:134864:122503	Cn1cnc2cncc(NC3CCC4CCCC43)c21	0.047261
rxn:2:109269:67421	CSCc1ncc(CNC2CC(C)CCC2C)cn1	0.047241
rxn:2:126814:138699	COCCC(N[C@H]1C[C@@H](F)C1)C1CCCC1	0.047238
rxn:2:97159:113505	CC(C)Oc1ccsc1C(C)N[C@@H]1C[C@@H]2OCC[C@@H]21	0.047233
rxn:2:69550:125014	CSC(CNC(C)c1c(C)c(C)nn1C)C(C)(C)C	0.047221
rxn:2:134779:104470	CC(NCC1CC(F)C1)c1ccc2c(c1)CCN2C	0.047200
rxn:2:66770:106566	CC(N[C@H](c1ccccn1)C(C)(C)C)c1ccoc1	0.047177
rxn:2:77619:85100	CCc1c[nH]c(CNC2CCCc3scc(C)c32)n1	0.047168
rxn:2:125126:78139	CC(NCC1OC2CCC1C2)c1ccn(C)c(=O)c1	0.047163
rxn:2:92505:109298	CCC(NC(C)c1cnc(C)nc1)c1cnc[nH]1	0.047109
rxn:2:69163:103126	Cc1cccc(C2CC(NCc3coc(C)c3)C2)c1	0.047108
rxn:2:67960:115290	FC1(F)COCCC1NC1CC2COCC1C2	0.047080
rxn:2:99276:106364	CCc1nc(NC(C)c2ccn(CC)c2)ncc1C	0.047056
rxn:2:71829:128255	Cc1cc(C)c2c(n1)CCCC2N[C@@H]1C[C@H]1C(C)C	0.047037
rxn:2:140671:104223	Cc1cncc(OC2CC2)c1NC(C)c1ccon1	0.047034
rxn:2:88390:121253	Cc1cc2nc(NC3CSC(C)C3)cc(N(C)C)n2n1	0.047033
rxn:2:131514:117984	c1ccc2oc(CNC3CC[C@H]4CC[C@@H]3C4)cc2c1	0.046992
rxn:2:83137:71321	CC1Cc2sccc2C(N[C@H]2CCN(C)C[C@@H]2C)C1	0.046986
rxn:2:137071:136020	COc1ccncc1C(C)NCC1C(C)(C)C1(F)F	0.046983
rxn:2:115459:71377	Cc1nc(=O)[nH]cc1C(C)Nc1nnc(C2CC2)s1	0.046971
rxn:2:66699:71626	CCC(N[C@@H](C)c1ccsc1)C1CCCN1CC	0.046948
rxn:2:105794:102939	CN1CCC(NCc2cn(-c3ccco3)nn2)CC1	0.046893
rxn:2:70997:128705	c1cc(NC2CC[C@H]3CCC[C@@H]23)c2[nH]ccc2n1	0.046875
rxn:2:140354:112746	COC1CCC1NCc1ccc(-c2cncnc2)o1	0.046821
rxn:2:123672:91387	CCC(CC(C)(C)C)N[C@H]1CCC[C@@H](C)C1	0.046808
rxn:2:136121:107982	CCc1nncn1CCNC1CCCC2C1C2(F)F	0.046728
rxn:2:77375:101820	CC1CC2(C1)CC(NCC1CC(F)(F)CCO1)C2	0.046725
rxn:2:80620:141147	CCN(C)C(C)CNC1CC(C)CC(C)(C)C1	0.046709
rxn:2:140170:120336	CC(C)OC1CCC(NC(C)c2nncn2C)CC1	0.046707
rxn:2:88296:104866	COCn1nc(C)c(NC2CCCC2C(C)C)c1C	0.046693
rxn:2:139519:113291	Cc1cc(C(C)NCC(C(C)C)C(C)C)nn1C	0.046688
rxn:2:92791:104855	CCc1[nH]c2ncccc2c1NC1CCC[C@H]1OC	0.046668
rxn:2:95553:112962	CC(C)(C)C1(C)CCC1Nn1ccc2ccncc21	0.046665
rxn:2:130019:117004	CCC(C)(C)Oc1cc(NC2COC(C)C2)ccn1	0.046649
rxn:2:99544:87697	CCn1ccnc1C(C)NCC1(C)CCCN(C)C1	0.046607
rxn:2:89681:134832	Cc1cnc(C)c(C(C)NC2CC(C)n3ncnc32)c1	0.046605
rxn:2:92382:88823	c1cc2c([nH]1)C(Nc1cn[nH]c1)CCC2	0.046603
rxn:2:133656:135054	CC(C)(C)c1cc(NC2CC[C@H]3[C@@H]2C3(C)C)n[nH]1	0.046596
rxn:2:83375:102401	Cc1c[nH]c(CCNC2CCOC3(CCSC3)C2)n1	0.046574
rxn:2:66474:87157	CC12CC(NC(c3ccsc3)c3ccco3)(CCO1)C2	0.046548
rxn:2:79819:102227	c1ncc(-c2cnc[nH]2)c(NC2CCCC23CC3)n1	0.046546
rxn:2:109953:68556	CCC(Nc1c(C)ccc2nn(C)nc12)C1CCOC1	0.046521
rxn:2:73218:83403	COCC1CCC1NCc1cc(OC)c(C)cn1	0.046518
rxn:2:123229:110366	COCc1cnc(NC(C)c2cncnc2C)nc1	0.046508
rxn:2:131382:104794	Cc1cc(NC(C)c2cn[nH]c2)nn1C1CCOC1	0.046503
rxn:2:90177:102620	CCc1cnc(CNC2CCC(COC)C2)nc1	0.046486
rxn:2:135576:138558	COc1cc(NC2CCC[C@H]2F)cc(OC2CC2)c1	0.046472
rxn:2:138311:83307	CCCCC(NC1CCOC(C)C1)c1cccs1	0.046458
rxn:2:98562:76922	CC(C)Oc1cnccc1CNC1CC2COC1C2	0.046453
rxn:2:66924:126815	CCc1cc(NC2CCOC23CCCC3)c(CC)s1	0.046446
rxn:2:79349:113016	CC1CCN(C)C(CNC2C[C@H](C)O[C@@H](C)C2)C1	0.046440
rxn:2:80480:70822	CC1CC(NC[C@H]2C[C@@H](n3cccn3)C2)c2ccnn21	0.046405
rxn:2:121896:107899	CC1(C)CCCC(N[C@@H](c2nnn[nH]2)C(C)(C)C)C1	0.046401
rxn:2:81466:76958	CC(C)c1[nH]nc2c1C(N[C@@]1(C)CCOC1)CC2C	0.046387
rxn:2:109196:68946	CCC1(C)CCC1NCc1cccnc1N1CCC1	0.046364
rxn:2:142032:122897	c1c(NC2CCOCC2C2CC2)nnc2c1CSCC2	0.046344
rxn:2:71835:114686	COc1ncc(CNC(C)c2cn(C)c(C)n2)cn1	0.046342
rxn:2:67060:82487	COc1ccc(C[C@@H](C)NC2CCCC[C@H]2F)cc1	0.046292
rxn:2:106043:118665	CO[C@@H]1C[C@H]2CC(NC[C@@H]3OCC[C@@H]3C)C[C@H]2C1	0.046277
rxn:2:101859:88480	Cc1cn(S(C)(=O)=O)nc1NC1CC2CC1CC2(F)F	0.046268
rxn:2:132510:85311	COc1cnc2sc(NC3CCC(C)(C)CC3)nc2c1	0.046264
rxn:2:125320:98042	CO[C@@H]1CCCCC1NC1CC(F)Cn2c(C)cnc21	0.046253
rxn:2:97134:107081	COc1ccnc(NC(C)c2cc(OC)n(C)n2)n1	0.046242
rxn:2:129871:104751	Cc1cc2cc(CNC[C@H]3CCCN3C)ccc2cn1	0.046239
rxn:2:117252:119277	CSc1nncc(=O)n1NC1CCCc2ccsc21	0.046207
rxn:2:135058:139443	CC(C)c1cnc(C(C)NCCc2csnn2)cn1	0.046198
rxn:2:121859:67639	CO[C@H]1CC[C@@H]1NC1CCCCC12CCN(C)C2	0.046193
rxn:2:111887:84607	CC(C)N1CCCC1CNc1nnc2nccnn12	0.046192
rxn:2:107443:116772	COCc1nc(C)cc(NC2CCCn3cncc32)n1	0.046177
rxn:2:80360:119277	CC[C@H](NC1CCCc2ccsc21)C1CCCC1	0.046173
rxn:2:86921:67425	Cc1nn(C(C)(C)C)cc1C(C)NC1(C)CCCOC1	0.046172
rxn:2:73042:141382	CC1CCC1c1cc(NC2COCC(C)(C)C2)n(C)n1	0.046107
rxn:2:117003:128184	CCN(C)C1(CNC2CCn3cnnc32)CCCC1	0.046097
rxn:2:115376:96234	COc1ccc(C)cc1NC1CCCOC12CCOC2	0.046096
rxn:2:111034:80103	Cc1cc(C)cc(C(NC2(C)CC2C)C(C)C)c1	0.046074
rxn:2:76445:126663	CC(C)(CNC1CCS(=O)(=O)C1)COC(C)(C)C	0.046067
rxn:2:158193:65874	COCn1c(=O)oc2cc(NC3CC[C@@H]4C[C@H]34)cnc21	0.046055
rxn:2:88738:70059	Cc1nc(C)c(NC2CCCCCC23CC3)nc1C	0.046012
rxn:2:77882:68151	Cn1ccnc1NC1CC2CCC(C1)N2C1CCCC1	0.045991
rxn:2:139918:68678	CN1CCCC(C)(C)C1CNC1C[C@@H]2COC[C@H]12	0.045985
rxn:2:141104:108512	CCOC[C@@H](C)NC(CC)CCSC	0.045981
rxn:2:83369:129328	c1ccn(C2CCC(NC3C[C@@H]4CC[C@H]4C3)CC2)c1	0.045971
rxn:2:71716:89044	CCc1nc(NC2CC3C(C2)C3(C)C)c2ccccn12	0.045967
rxn:2:136629:78348	CC(CNC1CC2CCC1C2)n1nncc1C(C)(C)C	0.045960
rxn:2:82021:79808	CC1CCC2(CC1)CCC2NC(C)CC1COC1	0.045944
rxn:2:76452:109761	CC(C)CN1CCC(NCc2cnc3ncsc3c2)C1	0.045922
rxn:2:142226:104742	CCC(N[C@H]1COC[C@H]1F)c1cccc2ccccc12	0.045919
rxn:2:99381:81260	c1ccc([C@H]2C[C@H](NC3CCOC4CC34)CCO2)cc1	0.045910
rxn:2:137063:107686	CC12CCC(CCNC3CC4CCC4C3)(CO1)C2	0.045908
rxn:2:116981:97831	Cc1cnc(C(C)NC2(C)CCCCN(C)C2)c(C)c1	0.045889
rxn:2:96553:137622	COCCC(NC1CCOCC1(C)F)C(C)C	0.045878
rxn:2:99134:71823	CCc1cncc(NC(C)c2nc3c(s2)CCCC3)c1	0.045877
rxn:2:114584:117758	CC12CCOC(CNC3COCc4cnccc43)(C1)C2	0.045871
rxn:2:77344:124726	CC1(c2ccccc2)OCC1NC1CCC12CCOC2	0.045871
rxn:2:116871:119233	COc1cccc2c1C(NC1C[C@H]3COC[C@@H]13)CCO2	0.045861
rxn:2:99518:131405	CC(Nc1cnnn1C1CC1)c1ccc2c(n1)OCO2	0.045843
rxn:2:136232:137311	CCC1CC(C)CCC1NC1CN(C2CCC2)C1	0.045825
rxn:2:69006:79046	Cc1scnc1C(NCC1(C)CCO1)c1ccccc1	0.045814
rxn:2:101265:98960	COc1cnc(NC2CCC(OC)C3CCC23)nc1C	0.045780
rxn:2:99021:108242	COC1CO[C@H](CNC2CC(C)(C)c3ncccc32)C1	0.045766
rxn:2:71684:109325	CC1CC(NC(c2ccccc2)C2COC2)CC(C)S1	0.045748
rxn:2:75161:138890	CC(NC1(C)CCSCC1)c1ccc2ccn(C)c2c1	0.045747
rxn:2:105912:102401	CCCc1sc(NC2CCOC3(CCSC3)C2)nc1C	0.045747
rxn:2:83635:139812	c1cc(C2(CNC3CCOC4(CC4)C3)CCC2)ccn1	0.045746
rxn:2:78079:113237	c1nc2ccc(NCC3CCCCN3C3CC3)nn2n1	0.045745
rxn:2:132204:92854	CCCc1c(NC2CCC[C@@H]3CCCC[C@@H]23)nnn1C	0.045719
rxn:2:94816:107686	Cc1cc(N2CC(NC3CC4CCC4C3)C2)cc(=O)o1	0.045719
rxn:2:140935:122185	CCCC1CCC1NCN1CCCc2ccccc21	0.045705
rxn:2:102743:127554	CCC(Nc1noc2c1COCC2)C1CC2(CCC2)C1	0.045687
rxn:2:80681:72130	CC(NCC1CCN(C)C1C)c1ccc2c(c1)COC2	0.045670
rxn:2:83462:123606	CN1CCC(Nn2cnc3sccc3c2=O)CC12CC2	0.045655
rxn:2:83530:124510	CCC(NC(C)Cn1cc(C)cn1)c1ccccn1	0.045579
rxn:2:74511:164626	COC(C)[C@@H](C)NC(C)c1cn(C)c2cnc(C)cc12	0.045578
rxn:2:103387:87828	CC1CC2CC(NC3COCC3n3ccnn3)CC2C1	0.045574
rxn:2:110725:140049	CCc1cccc2c1SCCC2NC(C)(C)C1COC1	0.045573
rxn:2:109334:120087	CC(C)C1CCC(NC2CCC2C(C)(C)C)C1	0.045559
rxn:2:102750:129768	Cc1cn[nH]c1C(C)NC(C)C12C3C4C5C3C1C5C42	0.045527
rxn:2:76614:70454	c1cn2cncc2cc1NC1CCC2CCCCN2C1	0.045526
rxn:2:114767:97087	COC(C)(C1CC1)C(C)NC1CCC(C)(C)OC1	0.045508
rxn:2:65876:141422	C[C@H]1CC(NCc2cc(-n3cncn3)ccn2)CCO1	0.045492
rxn:2:86517:130094	CCSc1csc(NC(CC)c2ccc[nH]2)n1	0.045446
rxn:2:109775:102600	CC(C)N1CCC(N[C@]2(c3ccccc3)C[C@@H](F)C2)C1	0.045444
rxn:2:91198:105854	c1ccc(C2CCC(NC3CC4CC3CO4)CC2)cc1	0.045425
rxn:2:81840:111214	CC(C)(C)CN1CC[C@H](NC2CCSc3ccsc32)C1	0.045419
rxn:2:110502:96149	CC1CSCCC1NCc1cccc(-c2nc[nH]n2)c1	0.045402
rxn:2:140143:112403	CC(C)N(C)Cc1ccoc1CNC1CC(F)(F)C1	0.045401
rxn:2:109799:100741	CCCOc1ccc(NC(C)c2nc(C)co2)nn1	0.045394
rxn:2:100477:78525	CCC1CC(CNC(c2ncc[nH]2)C(C)(C)F)C1	0.045384
rxn:2:77909:102566	Cc1cc(C2CC2NC(C)c2ccncc2C)c(C)s1	0.045368
rxn:2:78961:93867	COc1cccnc1C1(NC(C)c2coc(C)n2)CC1	0.045364
rxn:2:78008:73153	COc1ccc(NC2CCN(C3COC3)CC2)c(C)n1	0.045347
rxn:2:80621:87201	c1ccc2c(NC3CCCCCC3)n[nH]c2c1	0.045344
rxn:2:105978:102520	COc1ccc(C)cc1C(Nn1ccc(C)n1)C(C)C	0.045329
rxn:2:84098:69285	CCc1nnc(NC(C)c2cnc(C)[nH]2)nc1CC	0.045325
rxn:2:129288:123043	CCCC(N[C@@H]1CCc2c1ncn2C)c1cnccn1	0.045325
rxn:2:106244:67717	Cc1nc(C(C)C)ccc1C(C)NCc1ccncn1	0.045321
rxn:2:91201:135229	CCOC1CCC(NC2COCC2C2CC2)CC1	0.045311
rxn:2:69357:89795	CC(Cn1ccc2ccccc21)NCC1COCCO1	0.045298
rxn:2:100568:95364	CCC[C@H](C)C(CC)NC12CCN(CC1F)C2	0.045291
rxn:2:138871:78022	CCc1cnc(C)c(NC2C[C@H](C)CC(C)(C)C2)c1	0.045273
rxn:2:113964:68823	COC1CC2CC(Nc3nc(C(C)OC)ns3)CC2C1	0.045270
rxn:2:98606:129023	CC(NC1CCc2c[nH]cc21)c1ccc2c(c1)CC2	0.045264
rxn:2:99020:90368	CC1CCC(Cn2cnc(NC3CCOC[C@H]3F)n2)O1	0.045247
rxn:2:96390:134265	CCC(Nc1cccnc1N1CCCC1)C1=NCCS1	0.045237
rxn:2:79720:141509	CCOC1COCCC1Nc1cc(C(C)CC)on1	0.045232
rxn:2:134188:78224	Cc1oc(C)c(C(C)NCC2CCC3(CCC3)O2)c1C	0.045218
rxn:2:114906:138729	CCC(NC(C)(C)c1nc(C2CC2)nn1C)C(C)C	0.045197
rxn:2:80154:107003	c1cc(NC2CCC34OCCC3CC24)c2cccn2c1	0.045193
rxn:2:102576:122108	COc1ccc(C)c2c1C(N[C@H]1C[C@H]3CC[C@@H]1C3)CC2	0.045165
rxn:2:104038:136011	CCc1nc(C)c(C(C)NC2CC(CN(C)C)C2)o1	0.045156
rxn:2:76909:134877	CCOCC1CCCC1NC1CCc2[nH]nc(C)c21	0.045152
rxn:2:86794:139419	CC1(C)[C@@H]2CC[C@]1(C)C(NC1C[C@H]3COC[C@H]13)C2	0.045129
rxn:2:82764:91284	Cc1ncoc1C(C)NCC1(OC(C)C)CCCC1	0.045118
rxn:2:141838:113236	CCCC(CN[C@@H]1C2CCN(CC2)[C@H]1C)OC	0.045114
rxn:2:75408:69376	c1cc2cn[nH]c2cc1CNC1CC[C@@H]2CCC[C@H]1O2	0.045109
rxn:2:71510:98478	CC1(C)CC(NCCS(=O)(=O)c2cccs2)C12COC2	0.045094
rxn:2:98635:69351	COCCC12CC(NC3CCOCC34CC4)(C1)C2	0.045084
rxn:2:121286:132476	Cc1cc(C(C)Nc2ccnc(CN(C)C)c2)sc1C	0.045083
rxn:2:91175:123319	COCCC1(NC2CCN(C)C3(CCC3)C2)CC1	0.045073
rxn:2:92539:113614	COC(C)(C)C1CC(Nc2ccc(S(C)(=O)=O)cn2)C1	0.045066
rxn:2:141761:141008	CCCn1cc(C(C)NC2CCc3ccsc32)c(C)n1	0.045066
rxn:2:79180:127554	CCC(NC1(c2c[nH]nn2)CC1)C1CC2(CCC2)C1	0.045032
rxn:2:102743:71635	C1Cc2onc(NC3CCC4C5CCC(C5)C34)c2CO1	0.045017
rxn:2:91970:78570	CCC1CCCCC1NCc1ccc(C(C)C)nc1	0.045010
rxn:2:138632:119858	CCOC(C)n1cc(NC2CCCC23CCOC3)cn1	0.045005
rxn:2:133806:86871	CC1CC(NCCc2cc3ccc[nH]c-3n2)CC(C)O1	0.044999
rxn:2:131906:77671	CC[C@@H]1CCCC1NCc1ccc(=O)[nH]c1C1CC1	0.044984
rxn:2:132097:107821	COCCC(C)NC(C)c1nc2n(n1)CCC(C)C2	0.044981
rxn:2:79485:66390	CCc1cc(NC2CCC2S(C)(=O)=O)c(OC)nc1C	0.044979
rxn:2:135901:129554	Cc1c(CNC2C[C@H]3CCO[C@@H]23)cnn1C(C)C(C)C	0.044956
rxn:2:81516:98176	CCn1cc(C)nc1CNC1CCOC(C)(C2CC2)C1	0.044953
rxn:2:128032:115391	COCCc1nnc(NC2CCCCC2C(C)(C)C)s1	0.044950
rxn:2:114584:121627	Cc1scnc1C(NCC12CC(C)(CCO1)C2)C(C)C	0.044945
rxn:2:127947:94833	Cc1nc2c([nH]1)CCCC2Nc1ncc(C2CC2)cn1	0.044940
rxn:2:127198:133222	CCn1nccc1C(C)N[C@@H]1CC[C@@H](N(C)C)[C@@H](C)C1	0.044935
rxn:2:86563:138680	CCc1nc2sccc2c(=O)n1NC1CCCC1C1CC1	0.044934
rxn:2:70157:122940	CCCc1coc(CNC2CCCc3c2ccn3C)c1	0.044920
rxn:2:123593:103228	CCC1SC(C)CC(NC[C@@H]2CCCN(C)C2)C1C	0.044901
rxn:2:79648:89167	CCC(Nc1nncn1C1CCCCO1)C1CC12CC2	0.044900
rxn:2:87211:71289	CCC(CNC1CCCSC1)Sc1ccccn1	0.044893
rxn:2:73633:99752	COC1(c2ccccc2)CC(Nc2nc(C)c(C)[nH]2)C1	0.044892
rxn:2:109045:68744	Cc1[nH]nc2c1CCC2NCC1CC(CC(C)C)C1	0.044891
rxn:2:70849:130094	CCC(Nc1cc(C2(C)CCC2)no1)c1ccc[nH]1	0.044878
rxn:2:94493:68946	CCC1(C)CCC1NCCC(C)(C)C1CC1	0.044871
rxn:2:104644:68595	Cc1ccc(C)c([C@H](C)NC2COCc3cn(C)nc32)c1	0.044862
rxn:2:124954:120152	Cc1nn(C)c2ncc(CNC3CC4CCC(C4)C3)cc12	0.044859
rxn:2:113769:125566	CC(NC1CCCCC1C1CCOC1)c1ccccc1	0.044856
rxn:2:129151:100170	Cc1n[nH]c2c1CC(NC1CC13CCOCC3)CC2	0.044855
rxn:2:131907:138712	CS(=O)(=O)C1CC(Nc2ncc(=O)[nH]n2)C1	0.044839
rxn:2:116152:111510	CC(C)C[C@@H](NC1CCCCC1C)c1ccccn1	0.044826
rxn:2:102244:135779	COc1ccc(C(C)(C)NC2CCc3[nH]ncc32)cn1	0.044818
rxn:2:139707:130379	Cc1nn(C)c(C)c1[C@H](C)NC1CCCc2ccncc21	0.044817
rxn:2:140301:81436	CCCCC(C)CNC1CCC(C)c2[nH]ncc21	0.044753
rxn:2:130152:138926	CCc1nn(CC(C)(C)C)c(NC2CC3(CC3)C2)c1C	0.044705
rxn:2:132407:69480	Cn1nc(C2CC2)cc1NC1CCCC(n2cccn2)C1	0.044702
rxn:2:134760:73649	CN1CCn2nc(NC(CC3CCCO3)C3CC3)cc21	0.044701
rxn:2:78749:120484	c1ccc(-n2ccc(CNC3CCSC4(CC4)C3)n2)cc1	0.044680
rxn:2:138989:96106	Cc1c(C(C)Nc2ccnc(N3CCCC3)n2)ccn1C	0.044666
rxn:2:101104:116404	CCOCC(CC)NC1CCc2c(C)cccc2C1	0.044655
rxn:2:84308:117197	c1ccc(-c2nncn2NC2CCC3CCCC3C2)cc1	0.044629
rxn:2:138783:99409	c1csc(-c2cnc(NC3COC4CCCOC4C3)s2)c1	0.044625
rxn:2:101517:118683	CN1CCC[C@](C)(NC2CCCCC2C2COC2)C1	0.044625
rxn:2:76302:82693	c1nc(C2(NC3CCCc4ncsc43)CCOCC2)no1	0.044615
rxn:2:110095:113465	CC1CC(C)(CNC2CC(C)N(C)CC2C)CC1F	0.044612
rxn:2:138835:120130	C[C@H]1Cc2ccccc2C1NC1CN(c2ccncc2)C1	0.044580
rxn:2:107302:126725	c1ccc2c(c1)C1CCC(Nc3cnn(C4CC4)n3)C2C1	0.044570
rxn:2:69206:76064	Cc1csc2c1C(Nc1ccc3c(c1)COCC3)CC2	0.044566
rxn:2:128595:72598	CCCN1C2CCC1CC(Nc1ccn3ccnc3c1)C2	0.044565
rxn:2:128383:98636	Cc1c[nH]c2c1C(Nc1nc3c(s1)COCC3)CCC2	0.044559
rxn:2:79671:116459	Cc1c(C(C)Nc2csc3c2CCSC3)ccc(=O)n1C	0.044559
rxn:2:133355:115992	c1ccc(C(NC2C3CC4C(C3)C42)c2ncc[nH]2)nc1	0.044557
rxn:2:130198:131430	Cc1nc(NC2CCn3ccnc32)cc(N2CCCC2)n1	0.044546
rxn:2:85733:133136	Cn1cnc(-c2cc(NC[C@@H]3COCCO3)n[nH]2)c1	0.044531
rxn:2:98352:120261	CC(CCN(C)C(C)C)N[C@H](C)c1ncnn1C	0.044516
rxn:2:138983:119515	CC(C)c1cn(C)c2ncnc(NC3CC(C(C)F)C3)c12	0.044500
rxn:2:86911:91795	CN1CCC[C@H]1CCNC1CC2(COC(C)(C)C2)C1	0.044500
rxn:2:124397:71047	CCO[C@H]1CN(C)C[C@@H]1NC1CC2(CCCCC2)C1	0.044500
rxn:2:80573:105203	Cc1cncc(C(C)Nc2ncc3c(n2)C(C)OC3C)c1	0.044490
rxn:2:90031:94286	Cc1nc(CNC2CCOC(C3CCCC3)C2)c(C)[nH]1	0.044474
rxn:2:131639:80403	CC(C)N1C2CCCC1CC(N[C@H]1C[C@](C)(F)C1)C2	0.044471
rxn:2:134454:116613	COCC(NCC(C)c1cnccn1)c1cccs1	0.044466
rxn:2:136427:90815	CSc1ccc(C(C)NCC(C)N2CCC2)cn1	0.044456
rxn:2:102548:78769	COCCc1cc(NC2CC(COC)C2)[nH]n1	0.044444
rxn:2:107628:129332	Cc1cccc(C2CC2)c1NC1C[C@@H]2CS(=O)(=O)C[C@@H]2C1	0.044433
rxn:2:97653:128369	c1csc(C2(NC3CCC4(CCCCO4)CC3)COC2)n1	0.044395
rxn:2:102069:71180	Cc1ccc(C(C)Nc2cc(CC(C)(C)C)n[nH]2)nc1	0.044393
rxn:2:136265:111716	CC(Nc1nc2c(s1)C(F)COC2)c1nc2c(s1)CCC2	0.044390
rxn:2:69006:96010	CC(NCC1(C)CCO1)c1ccc(-c2ccsc2)cc1	0.044380
rxn:2:113660:137914	CCC1CN(C)CCC1NC1CC(CCSC)C1	0.044380
rxn:2:121271:99616	Cc1nc(C)c(C(C)NCC2CC3(C2)CC(F)(F)C3)[nH]1	0.044379
rxn:2:116622:79380	F[C@@H]1CCC2(CCC(NC[C@@H]3C[C@H]3c3ncc[nH]3)C2)C1	0.044362
rxn:2:79700:103228	CCC1SC(C)CC(Nc2nn(C(C)C)cc2C)C1C	0.044355
rxn:2:120378:137094	CCC1CCC(Nc2cc(=O)[nH]c3c2CCC3)CC1C	0.044295
rxn:2:102163:81846	Cc1ccoc1C(C)NCC(F)(F)Cn1ccnc1C	0.044281
rxn:2:79584:90234	c1cn(C2CCC2)nc1NC1CC2CCCCCC2C1	0.044271
rxn:2:91813:92901	CC1(C)SC(C)(C)C1NC1CCCN(c2cnccn2)C1	0.044270
rxn:2:134964:105846	Cc1nc(C2CCCC(NC3CC4CC3(C)C4)C2)n(C)n1	0.044270
rxn:2:105768:71154	CCC1(C)OC(C)(CC)C1Nc1cccc2ncc(C)n12	0.044261
rxn:2:95255:116559	CCc1cc(CNC2CCCC3(CC[C@@H](F)C3)C2)[nH]n1	0.044258
rxn:2:94674:98042	CO[C@@H]1CCCCC1NC1(c2ccsc2)CCCCC1	0.044249
rxn:2:136289:85590	c1cnc2c(NC3CC(CN4CCCC4)C3)cccc2c1	0.044243
rxn:2:96274:114038	COc1ccc(CCNC2CC3CN(C)CC3C2)nc1	0.044240
rxn:2:92150:100827	CCC(CNCc1ccc2c(n1)CCO2)c1ccsc1	0.044238
rxn:2:136965:68225	Cc1noc(C2CC(Nc3cc(C4COC4)ccn3)C2)n1	0.044235
rxn:2:95106:77275	Cc1ccc2nnn(CCNC3CC4CCC5C4C35)c2n1	0.044232
rxn:2:98793:73202	Cc1ccc(-c2cnnc(NC3CCC3C(C)C)n2)cc1	0.044227
rxn:2:124478:106281	CC(Cc1nc(C(C)(C)C)nn1C)NC1CCC(F)CC1	0.044226
rxn:2:68135:74734	CCCC(NC(CC)C1CCC1)C(C)(C)C	0.044224
rxn:2:138921:75974	CCCC1CN(C)CCC1Nc1nc2c([nH]1)COCC2	0.044223
rxn:2:132365:69555	CCN1CCCC(Nc2nc(=O)n(CCOC)s2)C1	0.044202
rxn:2:138747:106877	CCCn1nc(NC2CCSc3nc(C)ccc32)cc1C	0.044202
rxn:2:132090:110225	Cc1c(C(C)C)nn(C(C)C)c1NC1CCS(=O)(=O)C1C	0.044195
rxn:2:123965:111573	CC(C)(C)c1nnc(NC2CCN(C34CC(C3)C4)CC2)o1	0.044162
rxn:2:113643:115836	CC(C)C(NC12CC(C(C)(F)F)(C1)C2)c1cccnc1	0.044158
rxn:2:66798:91231	Cc1nc2c(n1C1CC1)C(NCC1(F)CCOC1)CCC2	0.044157
rxn:2:68563:84905	FC1CCCCC(NC2CCC3CCC2O3)C1	0.044146
rxn:2:68379:75356	C1CN2CCC1CC2CN[C@H]1C[C@H]2[C@H]3CC[C@H](C3)[C@H]21	0.044134
rxn:2:126624:123438	Cc1cnc(-c2cccc(NC3CCC4CC3C4)c2)[nH]1	0.044129
rxn:2:104451:140518	c1cc(NC2CCN3CCCC2C3)cc(-n2cnnn2)c1	0.044125
rxn:2:88486:73512	CC(C)[C@H]1CC[C@H](C)CC1NCC12CC(C)(CO1)C2	0.044118
rxn:2:128387:123438	c1c[nH]c(-c2ccccc2NC2CCC3CC2C3)c1	0.044102
rxn:2:83380:124762	Cc1ccc2c(c1)C(N[C@@H](C)C1CCCCC1)CC2	0.044101
rxn:2:93237:107003	CO[C@H]1CCOC[C@@H]1NC1CCC23OCCC2CC13	0.044074
rxn:2:117658:76903	CCO[C@H]1CC(N[C@H]2C[C@@H]3CCO[C@@H]32)[C@@]12CCCO2	0.044070
rxn:2:141055:120667	Cc1cccnc1C(C)NC1CCC2CN(C)CCC2C1	0.044065
rxn:2:66066:138760	CC(C)CN1CCCC(N[C@@H]2CC23CCCC3)CC1	0.044041
rxn:2:71971:78907	CC(CNC1CCc2cc3c(cc21)CC3)c1ccccn1	0.044032
rxn:2:71190:69829	CCc1ccc2c(c1)C(Nc1ccc(C)cc1)CC2	0.044023
rxn:2:66026:105657	CN(C)c1ccc2cc(NC3C[C@H]4CC[C@H]4C3)ccc2n1	0.044023
rxn:2:100655:116772	Cc1cccc([C@H](NC2CCCn3cncc32)C2CC2)c1	0.044013
rxn:2:139763:90851	CC1CCN(Cc2nnsc2NC2CCCN(C)C2)CC1	0.044010
rxn:2:75408:135229	CCOC1CCC(NCc2ccc3cn[nH]c3c2)CC1	0.044009
rxn:2:93735:108063	C1CC[C@@H]2C(NCCC3CCOCC3)CCC[C@H]2C1	0.043979
rxn:2:137844:105810	CN1CC2CCC(Nc3ccccc3-n3cnnn3)C2C1	0.043969
rxn:2:77730:127812	CCC(Nc1cc(C)nn1-c1ccsc1)C1CC1(C)C	0.043963
rxn:2:77723:141382	CC(NC1COCC(C)(C)C1)c1cnn(C2CCCC2)c1	0.043954
rxn:2:128013:96629	CCC(CNC(C)c1nc(C)n(C)n1)c1ccccc1	0.043942
rxn:2:117778:131775	CC1CC(NC2(Cc3ccncc3)CCN(C)C2)CC1C	0.043939
rxn:2:95136:96420	CC[C@H](NC(C)c1cc(C)c(C)nc1C)c1nnc[nH]1	0.043935
rxn:2:78803:90851	CN1CCCC(Nc2ccnc(OC3CCCCC3)c2)C1	0.043934
rxn:2:137483:113525	COC(CNC1CCCCC12CC2)C1CCCSC1	0.043933
rxn:2:120732:104751	Cc1nc(NC[C@H]2CCCN2C)cc(-c2cncnc2)n1	0.043920
rxn:2:129887:101743	CCOc1cc(C)cc(NC(C)c2ccc(C)s2)c1	0.043918
rxn:2:87356:77099	CC(C)c1nc[nH]c1NC(C)c1cc(N(C)C)ccn1	0.043913
rxn:2:72859:67566	CC1CSc2ccccc2C1NCC1(C(C)(F)F)CC1	0.043912
rxn:2:82047:123166	Cc1nc2c(s1)C(N[C@H]1CC[C@H](CN(C)C)CC1)CCC2	0.043904
rxn:2:114087:139130	CC(C)C12CCC(Nc3nonc3-c3ccccc3)C1C2	0.043903
rxn:2:116708:108691	COCCC1(C)CC1NC(C)c1cc2ccoc2cn1	0.043886
rxn:2:71719:85669	CC(NC1C(C)(C)C1(C)C)c1cccc(CN(C)C)c1	0.043876
rxn:2:66475:137447	CCS(=O)(=O)CC(N[C@H]1CC[C@H](C)C1)c1ccccc1	0.043872
rxn:2:92765:127355	CC1CCN(CCNC2CCS(=O)(=O)c3sccc32)CC1	0.043866
rxn:2:124072:70216	CN1C2CCCC1C(NCCc1noc(C(C)(C)C)n1)C2	0.043859
rxn:2:96694:91936	CCC(N[C@@H]1CCO[C@H]1c1cccnc1)c1cc[nH]n1	0.043844
rxn:2:112284:121920	c1cc(N2CCCC2)nc(NC2CC3CCN(CC3)C2)n1	0.043840
rxn:2:106859:104934	COc1cc(SC)ccc1NC1CC(C)n2ncnc21	0.043839
rxn:2:108552:100312	CCn1ncc2c1CCC(CNC(C)c1c[nH]cn1)C2	0.043832
rxn:2:95365:131430	Cc1cc(C)c2c(c1)OC(C)C2NC1CCn2ccnc21	0.043829
rxn:2:108597:126663	Cc1nc(CNC2CCS(=O)(=O)C2)n(C)c1-c1ccco1	0.043808
rxn:2:136044:131500	COCC(Nc1cc(C)n[nH]c1=O)c1ccc(C)cc1	0.043799
rxn:2:74082:107079	CC(CC1(C2CCCCC2)COC1)NC[C@@H](C)F	0.043776
rxn:2:121931:70655	COc1ccc(C(C)N[C@H]2C[C@H]3CCC[C@@H](C2)N3C)cc1	0.043771
rxn:2:73073:105898	Cc1nn(C(C)C)c(C)c1NC1CC(C2CCOCC2)C1	0.043767
rxn:2:128457:81441	Cc1noc(C)c1C(C)CNC(C)c1c(C)nn(C)c1C	0.043764
rxn:2:138412:100179	CCC(NCc1cnn2ccc(C)cc12)C1CCCOC1	0.043745
rxn:2:101803:72754	c1cc2n(c1)CCC(N[C@H]1CCN(CC3CCCC3)C1)C2	0.043740
rxn:2:94912:101716	Cn1cc(NC2CCCC3(C)CC23)c(-c2ccccc2)n1	0.043737
rxn:2:101804:109146	Cc1cc2ncccc2nc1NC1CC2(COC(C)C2)C1	0.043727
rxn:2:97144:116917	CO[C@@]1(C)C[C@H]2C[C@@H]1C[C@H]2NC(C)CC1CCCO1	0.043716
rxn:2:75243:138445	c1cn(Cc2ccc(NC3CCOC34COC4)nc2)cn1	0.043696
rxn:2:123721:111274	CCOCC1CCC(N[C@H]2C[C@@H]3[C@H](C2)C3(F)F)CC1	0.043695
rxn:2:92611:101525	CC(NC[C@@H]1CC[C@@H](F)C1)c1ccc(S(C)(=N)=O)cc1	0.043686
rxn:2:101156:136793	CO[C@]1(C)C[C@@H](NC(C)c2ccc(-n3cccn3)nc2)C1	0.043677
rxn:2:66599:96601	c1[nH]nc2c1CCCC2NC1CCN2CCO[C@H]1C2	0.043657
rxn:2:95779:68945	Cc1nc(CCNC(C)c2cnoc2C2CC2)n[nH]1	0.043657
rxn:2:107468:81749	Cc1nccc(C(C)NC(C)c2c(C)ccc(C)c2C)n1	0.043656
rxn:2:72743:109871	CSCCC(C)Nc1cn(C(C)CC(C)C)nn1	0.043642
rxn:2:77494:86454	Cc1ccc(N2CCC(NCc3cscc3C)C2)c(C)c1	0.043639
rxn:2:122816:91311	CC12CC(NCC3CC4(C3)CC4F)CCC1C2(F)F	0.043636
rxn:2:133288:66377	COc1ccc(C(NC2CC(C)C2C)C2CC2)c(C)c1	0.043610
rxn:2:141525:126848	c1ccc(C2CCCC(NCC3CC3)CC2)cc1	0.043610
rxn:2:117195:120172	CCn1nc(NC2c3c(C)cc(C)cc3CC2C)cc1C	0.043607
rxn:2:104506:69384	CCC(NC(C)(C)c1ccnc(C)c1)c1cc(C)nn1C	0.043603
rxn:2:94867:96012	c1cn(CC2CCOC2)c(CNCC2SCCCS2)n1	0.043580
rxn:2:115911:73833	CC1CC(NC2CC3(CC(F)C3)C2)CN1c1ccccc1	0.043580
rxn:2:90877:96601	Cn1ccn2ncc(CNC3CCN4CCO[C@H]3C4)c12	0.043564
rxn:2:100633:68731	Cc1csc2[nH]c(NCC3CC(C)(C)CCO3)nc(=O)c12	0.043558
rxn:2:99071:105660	CCCN(C)C1CCCCC1N[C@H]1C[C@@H]2CC[C@H]1O2	0.043550
rxn:2:118846:110571	COCCC1(NC(C)c2[nH]cnc2C)CCOCC1	0.043521
rxn:2:108908:110629	COC1(C)CCC(NCCN2CCCC3CC32)CC1	0.043517
rxn:2:86504:96455	CCC1CCCC(CNc2csc3nccc(C)c23)N1C	0.043500
rxn:2:136389:73923	C[C@@H]1OCCC1NCCc1nnc(-c2cnn(C)c2)o1	0.043493
rxn:2:136687:108419	CC(F)(F)CNCC1CCCCN1C1CCCCC1	0.043481
rxn:2:93348:83741	CC1CCCCN1c1ccc(NC2CCOC[C@@H]2C)cc1	0.043457
rxn:2:88657:68762	Cc1nnc(N2CCC(NC[C@H]3CCC(C)CO3)CC2)o1	0.043456
rxn:2:70133:112021	COc1ccc(C(C)Nn2nc3c(n2)CCC3)c(OC)c1	0.043454
rxn:2:69610:90639	CCC(NC(c1ccoc1)C(C)C)c1ncc(C)cn1	0.043451
rxn:2:110290:106031	CC(C)CC(NC1CCC2SCCSC12)C(C)(C)C	0.043447
rxn:2:136244:73061	CCCc1n[nH]c(NC2CCCC(C(C)C)C2)nc1=O	0.043425
rxn:2:86651:70655	COc1ccc(C(C)NCC2(OC)CCCOC2)cc1	0.043422
rxn:2:137438:125172	C[C@H](NC1CC2COCC(C1)O2)c1cccc2[nH]ccc12	0.043418
rxn:2:92686:69376	c1cnc(OC2COC2)c(NC2CC[C@@H]3CCC[C@H]2O3)n1	0.043415
rxn:2:89222:67425	Cc1nn(C(C)(C)C)cc1C(C)Nc1[nH]nc2c1COC2	0.043401
rxn:2:70632:109132	Cc1ncc(CNC2CCN(c3ncccn3)C2)nc1C	0.043393
rxn:2:77692:76551	COc1cnc(C(C)C)nc1NC(C)c1ccnc(C)n1	0.043392
rxn:2:119236:113722	CC(C)(C)n1nnnc1NC1CC2(CCC(F)(F)CC2)C1	0.043374
rxn:2:95859:89167	CCC(Nc1cnn2cc(C3CC3)cnc12)C1CC12CC2	0.043372
rxn:2:133966:109761	Cc1sccc1-c1nnc(NC2CCN(CC(C)C)C2)s1	0.043369
rxn:2:99846:98580	Cc1sc2c(c1NC(C)c1cc(C3CC3)n(C)n1)CCC2	0.043365
rxn:2:75324:70454	Cc1cccc(CC(C)NC2CCC3CCCCN3C2)c1	0.043364
rxn:2:131122:92525	CCCN1CCC(NC(CC(C)(C)C)c2cncs2)C1	0.043361
rxn:2:76280:65992	Cc1nc(CCC(C)Nc2nccc3c2COC3C)cs1	0.043360
rxn:2:132140:94931	CCC1CCC(NCc2nc(OC)cc(OC)n2)CC1	0.043349
rxn:2:139499:136834	CC(C[C@H]1CCCN1C)Nc1cn(-c2ccncc2)nn1	0.043337
rxn:2:137926:90537	CC1(C)CCC(CNC2CCCCC2C2CC2)C1	0.043323
rxn:2:132928:72792	CCN1CCCC1CNC(C)(C)c1n[nH]c2c1CCC2	0.043319
rxn:2:96019:70434	CCc1nocc1CNC1CC(CCS(C)(=O)=O)C1	0.043310
rxn:2:106496:123180	COc1ccc2c(c1)CCC(NCCn1cc(C)nn1)C2	0.043308
rxn:2:89778:88146	CC(C)CC1CCC1NCc1ncccc1C(C)(C)C	0.043297
rxn:2:90670:106568	CC1CCCCC(Nc2cnn(-c3ccccc3)n2)C1	0.043285
rxn:2:132859:132309	CCCC1CC(N[C@H](C)c2ccc3ncccc3c2)C1	0.043271
rxn:2:78051:116764	CC1(C)CCC2CC(N[C@@H]3C[C@H]4CC[C@H]3C4)CCN21	0.043268
rxn:2:84681:103854	C1CC(NCC2(C3CC3)CC2)C(N2CCOCC2)C1	0.043264
rxn:2:138226:131051	C[C@H]1CC(C)(C)CC1NCCn1c(=O)[nH]c2ccccc21	0.043246
rxn:2:125385:67062	CCSCC(C)CNC1CC2(CCC2)C12CCC2	0.043227
rxn:2:121087:67907	COc1ccc2[nH]cc(C(C)NC3CCOCC3C)c2c1	0.043216
rxn:2:106684:136912	Cc1ccc(OCC2CC2)c(NC2CCCSCC2)c1	0.043194
rxn:2:126253:89760	c1ccc(O[C@H]2C[C@H](NC3CCCc4[nH]cnc43)C2)cc1	0.043174
rxn:2:75311:119102	CC(F)(F)Cc1ccc(NC2CCOc3cocc32)cc1	0.043152
rxn:2:83159:122772	Cc1ccc(-c2ncc(C(C)NC3(C)CCOCC3)s2)s1	0.043128
rxn:2:101154:140270	COc1ccc(C(C)NCc2n[nH]c(=O)n2C)c(C)c1	0.043128
rxn:2:86321:106274	Cc1ccnc(N2CCC(N[C@H](C)c3cc[nH]n3)CC2)c1	0.043126
rxn:2:125143:103008	CCN(CCNC1C[C@H]2COC[C@@H]2C1)c1ccccc1	0.043125
rxn:2:107148:77716	CC(CC1CCOC1)NC1(c2cn3c(n2)CCCC3)CC1	0.043115
rxn:2:114534:105982	CC1CCC(NCCn2nc(C3CC3)ccc2=O)C(F)C1	0.043115
rxn:2:124577:117008	COc1ccnc(C2(CNC3C[C@@H](C)O[C@H](C)C3)CC2)c1	0.043104
rxn:2:135101:89697	CC(C)c1cc(C(C)N[C@H]2CCCC[C@@H]2N(C)C)n(C)n1	0.043104
rxn:2:77162:118482	COc1ccc(C2(CNC3CCCC3(F)F)CCC2)cn1	0.043100
rxn:2:93614:98748	CCCN1CCCC(NC2CCSc3c(C)cccc32)C1	0.043097
rxn:2:81874:116827	COCc1c(NC(c2nnc[nH]2)C2CC2)cnn1C	0.043080
rxn:2:110859:141943	CCC(Nc1cnn(CC2CS(=O)(=O)C2)c1)C1CSC1	0.043066
rxn:2:91144:101467	Cc1cc(C)c2c(c1)OCCC2NCc1cccn(C)c1=O	0.043046
rxn:2:109282:83827	CC(N[C@H]1CCOC2(CCCC2)C1)c1cccn2cnnc12	0.043034
rxn:2:94349:102593	CC(N[C@@H]1CCO[C@@H](C)C1)c1cnn(CC2CCOC2)c1	0.043018
rxn:2:111628:80724	COC1CCCC1Nc1cccc(CN(C)C(C)C)c1	0.043015
rxn:2:92082:125078	COc1ccc(NCC2CC(F)CN2C)cc1C(C)(F)F	0.043015
rxn:2:109849:104934	COc1nc(NC2CC(C)n3ncnc32)c(C)c(=O)[nH]1	0.043001
rxn:2:75346:139924	CCC[C@@H](NC1CC2COCC(C1)N2C)c1ccccn1	0.042993
rxn:2:120950:137622	CC1(F)COCCC1NCCC1CCCN1C(C)(C)C	0.042992
rxn:2:117080:128620	CCN(CC)Cc1csc(NC2CC(C)C23CCC3)n1	0.042988
rxn:2:119543:84904	COCCN1CCCC(N[C@H](C)c2cnnn2C)C1	0.042987
rxn:2:74584:110590	CC[C@H](NC(C)CC1(OC)CCC1)c1ccccn1	0.042985
rxn:2:93799:116588	CCc1ccc(C(CC(C)C)Nc2nnc(C)o2)cc1	0.042951
rxn:2:130100:105810	COc1cnc2cc(NC3CCC4CN(C)CC43)ccc2c1	0.042947
rxn:2:138038:117884	CCN1CCCCC1CNCC1Cc2cccc(C)c2O1	0.042927
rxn:2:77938:98254	CSCC(NC1CCN(C(C)C)CC1C)c1cccs1	0.042923
rxn:2:138867:114922	CCC1Cc2cccnc2C1NC1CCOc2cccnc21	0.042920
rxn:2:87229:67213	c1ccc(CC2CCC(NC3CCC34CCC4)C2)cc1	0.042904
rxn:2:129277:73350	CC1CN(C(C)C)CC1NC1CCCC(S(C)(=O)=O)C1	0.042896
rxn:2:139902:106214	CC(C)C1CC(Nc2ccc(C3CCCCO3)cn2)CS1	0.042894
rxn:2:130970:110072	CCC1CCC(C)CC1N[C@H]1C[C@@H](CS(C)(=N)=O)C1	0.042889
rxn:2:66974:115654	CC(NC1CCc2cc(C(C)(C)C)ccc21)c1cnn(C)n1	0.042886
rxn:2:110039:84163	Cc1c[nH]c(CNC2CC(C)(C)OC(C)(C)C2)c(C)c1=O	0.042879
rxn:2:129617:78193	CN(C)C1(CNC2CC3CC[C@]2(C)C3(C)C)CCSC1	0.042865
rxn:2:80297:135320	COCC1CCCC1Nc1cc(CC(C)(C)C)nc(C)n1	0.042863
rxn:2:109384:103354	Cc1ccn2c(CNC3CC(C)(C)CC4(CC4)C3)nnc2c1	0.042861
rxn:2:104055:123166	Cc1nc2c(s1)C(NC1CCN(c3cncnc3)C1)CCC2	0.042859
rxn:2:129399:111467	CCC(NC1CCc2nnnn2C1)c1c(C)cc(C)cc1C	0.042852
rxn:2:142238:91336	CC(c1ccccc1)n1cnc(NC2CC[C@@H]3COC[C@H]23)n1	0.042851
rxn:2:122090:82366	Cc1cccc(-n2cc(CNC3CCCC(F)(F)C3)cn2)n1	0.042850
rxn:2:74029:93388	COc1cnc(C)cc1CNC1CCC(C(C)C)CC1F	0.042847
rxn:2:129678:115074	CC(NC1CCS(=O)(=O)CC1F)c1nccc2ccccc12	0.042846
rxn:2:68168:130227	CCN1C(CNC2CCCCC2)CCCC1C(C)C	0.042834
rxn:2:73951:133044	COc1cnc(C(C)Nc2cn[nH]c(=O)c2)c(OC)c1	0.042833
rxn:2:71996:139856	Cc1ccccc1Cn1cnc(NC2CC3COCC3C2)n1	0.042813
rxn:2:99426:75966	CSc1scc(C)c1NC1CC[C@H](c2cnn(C)c2)C1	0.042799
rxn:2:102597:126437	CC(N[C@H]1CCCC[C@H]1N(C)C)c1ccnc(C2CC2)c1	0.042780
rxn:2:68620:121531	CC(CCN1CCOCC1)Nc1cc2n(n1)CCC21CC1	0.042780
rxn:2:68378:73028	CC(C)CN1CCCC1CNC1CN(c2ncco2)C1	0.042780
rxn:2:117673:121657	Cn1cc(CNC2CC3(CCCC3)C2)c(-c2ccncc2)n1	0.042779
rxn:2:69150:80204	CC(NCC1CC12CCN(C)CC2)c1cnc2ccoc2c1	0.042773
rxn:2:73459:129772	CN1CCC(NCCc2cnc3ccccc3n2)C12CCC2	0.042744
rxn:2:75898:78550	COc1cc(NC2CCCC(c3cnn(C)c3)C2)nc(C)n1	0.042739
rxn:2:92963:105243	CC(C)c1cncnc1NC(C)c1cc(C(C)(C)C)[nH]n1	0.042734
rxn:2:75520:67213	c1ccc(CC2CCC(NC3C[C@@H]4CSC[C@H]4C3)C2)cc1	0.042725
rxn:2:83501:109362	Cn1nc(C2CCCCC2)cc1NC1CC(n2cccn2)C1	0.042725
rxn:2:118049:139483	CC(C)(C)c1ccc2c(c1)C(NC1COCCC1F)CC2	0.042718
rxn:2:138722:84739	COc1cnc(NC2CCCc3cc4c(cc32)OCO4)cn1	0.042716
rxn:2:102025:106766	c1cc(CCNC2CCC3CCCN3C2)c2ccncc2c1	0.042711
rxn:2:106547:84548	Cc1ccc2c(c1)OC(C)CC2NCC1CCC2CCC21	0.042711
rxn:2:109211:98811	CC(C)CC1CCCC1NCc1ccn2c1CCCC2	0.042702
rxn:2:116952:108043	COc1ccc(C)cc1[C@@H](C)NC(C)c1cn(C)cc1C	0.042699
rxn:2:68442:74829	Cc1csc(C(C)NC(c2ncccc2C)C(C)C)c1	0.042694
rxn:2:110098:126322	c1ccc(-n2cc(NC3CCCC3C3CCCC3)nn2)nc1	0.042683
rxn:2:112923:71248	CSc1ccc(NC(C)c2ccccc2N(C)C)nn1	0.042679
rxn:2:136572:117008	Cc1ccc2nc(NC3C[C@@H](C)O[C@H](C)C3)cc(C)c2c1	0.042678
rxn:2:111337:125007	CCC(N[C@@H]1CCN(CC2CCC2)C1)c1ccc(C)s1	0.042659
rxn:2:86097:134163	C1CCC2(CC1)CCCCC2NCc1nc(C2CC2)ns1	0.042654
rxn:2:69129:114922	CCC1Cc2cccnc2C1Nc1ncccc1S(C)(=O)=O	0.042647
rxn:2:75988:93522	CC(NC1CC2CSCC2C1)c1ccc(CN(C)C)cc1	0.042644
rxn:2:97955:136193	CCC1CCCC(Nc2cccc3c2CC3)CC1	0.042643
rxn:2:140435:117971	CCCOC1CCC(Nc2ncc(C(C)(C)C)n2C)CC1	0.042643
rxn:2:116702:107082	CN1CCC[C@H]1CNCC1CS(=O)(=O)c2ccccc2O1	0.042642
rxn:2:108029:90609	Cc1cnc(N2CCC(NC3C(c4cccs4)C3(F)F)C2)o1	0.042642
rxn:2:94744:88899	Cn1ncc(NC2CC3CCCC(C2)S3)c1-c1cccnc1	0.042619
rxn:2:71489:72051	COc1ccc(NC(C)c2cc(C)n[nH]2)c(=O)[nH]1	0.042606
rxn:2:90929:83104	FC1(F)CC2CCC(NCC3CCc4sc5nccn5c43)C21	0.042605
rxn:2:95839:87412	CC(Nc1sccc1S(C)(=O)=O)c1cn(C2COC2)nn1	0.042605
rxn:2:69896:69363	CC1(C)CCCC(CNC[C@]2(c3ccccc3)C[C@H]2F)O1	0.042604
rxn:2:138615:78241	CCCn1nnnc1NC1CC(c2noc(CC)n2)C1	0.042597
rxn:2:77079:111258	c1cncc([C@@H](NC2CCN3CCC[C@H]3C2)c2ccsc2)c1	0.042586
rxn:2:91814:83058	CC(C)c1nsc(CNC2c3ncccc3CCC23CC3)n1	0.042560
rxn:2:140572:85300	Cc1cc(C(C)CNC2CC3(Cc4ccccc4C3)C2)on1	0.042550
rxn:2:114464:78139	CC(Nc1nnc(C2CCCOC2)s1)c1ccn(C)c(=O)c1	0.042543
rxn:2:73636:101578	COc1ccc2c(c1)C(Nc1cccc(C)c1)C1(CC1)C2	0.042537
rxn:2:124125:129471	COCCC(NCCn1nnnc1C)C(C)C	0.042530
rxn:2:135823:128572	CCC(CC(C)C)NC1CCCCC12CCOCC2	0.042530
rxn:2:66062:134514	CC1(C)CC(F)(F)CCC1Nc1nccc2ccsc12	0.042515
rxn:2:72948:102228	CC(Nc1cn(C)c(=O)[nH]c1=O)c1ccc(C2CC2)nc1	0.042512
rxn:2:90853:102795	CC(NC1CCc2nccn2C1C)c1cnc(N(C)C)nc1	0.042510
rxn:2:141154:140734	Cc1cn(C)nc1C(C)N[C@H](c1sccc1C)C1CCC1	0.042509
rxn:2:133551:138712	CS(=O)(=O)C1CC(Nc2nccnc2OC2CCCC2)C1	0.042502
rxn:2:115656:97087	Cc1noc(CN(C)CCNC2CCC(C)(C)OC2)n1	0.042485
rxn:2:139334:92613	CCC1CCC1CNC1c2ccccc2CC12CCC2	0.042475
rxn:2:139134:115092	Cc1c(NC2CC(c3ccccc3)C2)cccc1S(C)(=O)=O	0.042466
rxn:2:72964:104142	CCC(C)N1CCCC(Nc2ncnc3csnc23)C1(C)C	0.042450
rxn:2:98265:83447	CC(C)c1csc(CC(C)(C)CNC2C[C@@H]3C[C@@H]3C2)n1	0.042437
rxn:2:108061:116064	CCc1ccc2c(c1)CCC2NC12CCCC(CC1)C2	0.042431
rxn:2:117398:124480	Cc1ncc(C2CC2NC(C)c2ccc3c(c2)CCOC3)s1	0.042430
rxn:2:76639:86544	CCCC(N[C@H]1CC2CCN1C2)c1ccccc1CC	0.042429
rxn:2:83723:119885	CC1(C)CC(N[C@@H]2Cc3ccccc32)c2ccccc2O1	0.042394
rxn:2:131110:97537	CCC(CNC(C)c1ccc2cc[nH]c2n1)COC	0.042392
rxn:2:97339:96488	Cc1ccc2c(c1)OC(CNC1CSCc3occc31)CC2	0.042386
rxn:2:77329:107899	CC1(C)CCCC(NCC2CCOC2c2ccccc2)C1	0.042383
rxn:2:105726:77099	CC(NCC(F)(F)c1cscn1)c1cc(N(C)C)ccn1	0.042378
rxn:2:80937:87892	Cc1cc2c(cn1)OCC2Nc1nnc(C2CCCCC2)s1	0.042369
rxn:2:93515:107522	COC1CC(C)(C)CCC1Nc1ncnc2ccc(C)cc12	0.042369
rxn:2:76346:101232	CC[C@@H]1CN(C)CC[C@H]1NC(c1nnc[nH]1)c1cccs1	0.042362
rxn:2:111726:136070	CN1C2CC(Nc3cccc4nc[nH]c34)CC1C(C)(C)C2	0.042360
rxn:2:66369:111389	CCc1cnn(C2CC2)c1NC(c1cnn[nH]1)C1CC1	0.042352
rxn:2:141793:122717	CCCC(NC(C)CCc1cccs1)C(C)C	0.042345
rxn:2:78778:98323	Cc1cc(C)c2c(ccn2NC2CCCC3(CC3)C2)c1	0.042338
rxn:2:79694:124713	CC(C)c1cccc(C(C)N[C@@H]2CCc3cccnc32)c1	0.042325
rxn:2:127937:121359	Cn1cc(C2CC(NCc3cc4c(s3)CSC4)CCO2)cn1	0.042315
rxn:2:80613:79590	O=c1cn[nH]cc1CNC1CCCCCN2CCCCC12	0.042312
rxn:2:95258:91079	COc1cc(C(NC(C)c2csc(C)n2)C2CC2)ncn1	0.042311
rxn:2:111139:90003	CC(C)Cc1cc(CNC2CC3CC2S(=O)(=O)C3)ncn1	0.042308
rxn:2:109147:101491	CC1CC(NC2CCC3OCCCC3C2)CCS1(=O)=O	0.042303
rxn:2:107269:112099	Cc1nc(NC2CCC(C)(C)C(C)C2)nc2c1CSCC2	0.042301
rxn:2:131590:113464	O=S1(=O)CCc2[nH]nc(CNC3C[C@@H]4CCCC[C@H]34)c2C1	0.042292
rxn:2:130660:91836	COc1c(NCC(SC(C)(C)C)C(C)C)nc[nH]c1=O	0.042260
rxn:2:107246:99344	Cc1nn(C)c2[nH]nc(NC3CC(C)(C)CC(C)(C)C3)c12	0.042257
rxn:2:79192:134877	CCOCC1CCCC1Nc1ccc2c(c1)nnn2CC	0.042251
rxn:2:137219:107522	COC1CC(C)(C)CCC1NCc1c2c(nn1C)CCCC2	0.042240
rxn:2:107577:70601	COc1ccc2cncc(NC3CCCC4CC4CC3)c2n1	0.042238
rxn:2:97610:68945	CC(NCC1CCc2cn[nH]c2C1)c1cnoc1C1CC1	0.042220
rxn:2:71659:89348	Cc1ccc([C@@H]2C[C@H]2NC(C)c2nc(C)cnc2C)c(C)c1	0.042218
rxn:2:129118:106329	CCc1nc(C(NC2CC3CC2CC3F)C(C)(C)C)n(C)n1	0.042212
rxn:2:120716:67549	COc1c(NC2CCOC3(CCOC3)C2)cnc2c1CCC2	0.042210
rxn:2:78513:86002	COc1cnc2c(c1)CCCC2NC[C@H]1C[C@]2(C)C[C@@H]1CO2	0.042208
rxn:2:118391:108308	COc1cnc(CNC(c2cccs2)C2CCCC2)nc1	0.042190
rxn:2:93646:100170	CCC[C@H](NC1CCc2[nH]nc(C)c2C1)c1ncccn1	0.042167
rxn:2:75932:93156	CCc1cc(NC(C)c2c(C)nn(CC)c2C)n(CC)n1	0.042165
rxn:2:84517:106742	CSc1ccc2c(c1)CCC2NCCN1CCCCO1	0.042163
rxn:2:124951:102504	Cc1ccc(-c2ccncc2)cc1NC1CCC2COC1C2	0.042159
rxn:2:108381:102312	CCC(NCCn1cnnc1C1CCC1)c1ccoc1	0.042158
rxn:2:96946:115054	CCCC(CNC1CCC(C)(C)OC1)c1ccccc1	0.042152
rxn:2:112204:79113	CC(NCC1(N(C)C)CC1)c1ccn(-c2ccccc2)n1	0.042141
rxn:2:73444:91795	CC1(C)CC2(CO1)CC(NCCc1cccc3c1OCC3)C2	0.042125
rxn:2:103400:93984	CCCCn1cc(C(C)N[C@H](C)c2cnccn2)cn1	0.042123
rxn:2:109998:128784	COc1nc(C(C)NCC(F)Cc2cccnc2)co1	0.042121
rxn:2:109023:81453	CC1C(Nc2ccc(OC(C)(C)C)nc2)CC2CCC1N2C	0.042114
rxn:2:101320:107982	CC1(C)C(CNC2CCCC3C2C3(F)F)CCS1(=N)=O	0.042109
rxn:2:68620:125296	CC1(C)CCn2nccc2C1Nc1cc2n(n1)CCC21CC1	0.042105
rxn:2:103775:85910	COc1ccc2c(c1)C(NC1CC3(COCCO3)C1)CCO2	0.042095
rxn:2:86559:87823	FC1(F)C(NC(CC2CCCC2)c2ccccn2)C12CC2	0.042088
rxn:2:126608:74326	COc1cc(C(C)NC(c2ncon2)C2CC2)ccc1C	0.042086
rxn:2:137815:89956	COCCc1nc(NC2c3ccccc3C2C)cc(=O)[nH]1	0.042084
rxn:2:150637:111258	Cn1ccc(=O)c2cc(NC3CCN4CCC[C@H]4C3)ccc21	0.042069
rxn:2:78564:113965	CC(C)n1cnnc1C1CC(NC2(C)C3CCC(C3)C2C)C1	0.042051
rxn:2:115128:76419	CC1CCC(NCCC23COCC(C2)C3)c2nccc(=O)n21	0.042031
rxn:2:68627:141827	CCC(NCc1ccn(CC(C)(C)C)n1)c1ccncc1	0.042026
rxn:2:120167:108565	CCn1ccc(NC(C)c2cc3c(nn2)OCCO3)cc1=O	0.042002
rxn:2:77348:75178	CC(CCc1ccco1)Nc1nnc(C2CCCOC2)o1	0.041983
rxn:2:99457:83608	COCCN1CCC(NCc2cc3ccncc3o2)CC1	0.041979
rxn:2:95217:82035	CCCCC(Nc1n[nH]c(N(C)C)n1)c1ncco1	0.041967
rxn:2:133204:89516	CCc1ccc2c(c1)C(NCC1CC3CCC1O3)CCN2C	0.041967
rxn:2:80536:122072	CCC(NC(C)c1ccccc1C1COC1)c1cocn1	0.041964
rxn:2:70561:110539	Cc1nsnc1C(C)NCC(CN1CCCC1)C1CC1	0.041956
rxn:2:101473:102795	CC(NC1CN(c2nncs2)C1)c1cnc(N(C)C)nc1	0.041952
rxn:2:111761:140253	CCOC1CC(Nc2c3c(nn2C)CSC3)C12CCOCC2	0.041938
rxn:2:108174:108091	COCC1CCC(NC(C)c2cncc3c2cnn3C)CC1	0.041933
rxn:2:136818:114035	COCCC(NCC1CC1c1cn[nH]c1)C(C)(C)C	0.041913
rxn:2:138596:68556	CCC(NCc1nc2ccccc2c(=O)[nH]1)C1CCOC1	0.041912
rxn:2:100844:78183	CCC(NCc1nnc2n1CCCCC2)c1cncc(C)c1	0.041908
rxn:2:84063:141173	CN(C)Cc1cc(NC2CC(C3CC3)(C3CC3)C2)[nH]n1	0.041906
rxn:2:79445:141452	COC1CC2(CC(Nc3ccccc3Cn3cncn3)C2)C1	0.041903
rxn:2:92266:122990	CC(NC1CCCOC12CCOCC2)c1cnc(N(C)C)s1	0.041901
rxn:2:120990:88482	CCC(N[C@H](c1ccco1)C(C)CC)c1ncc[nH]1	0.041897
rxn:2:116778:81433	CN(C)C1(CNCC2OCCOC2(C)C)CCCCC1	0.041873
rxn:2:107473:102464	COc1cccc(C(NC2Cc3nccnc3C2)C2CC2)c1	0.041866
rxn:2:70350:132696	Cc1ccnc(C(C)NCC(C)c2ncco2)c1C1CC1	0.041844
rxn:2:105819:121531	Cc1ccc2c(NC(C)CCN3CCOCC3)cncc2c1	0.041841
rxn:2:122189:78224	Cc1oc(C)c(C(C)Nc2cn(C)c(=O)cc2C(C)C)c1C	0.041837
rxn:2:78126:134514	CN1C2CCC1CC(NC1CCC(F)(F)CC1(C)C)C2	0.041829
rxn:2:85893:116008	CC(C)CN1[C@@H]2CC[C@H]1CC(Nc1cnc3c(c1)CCC3)C2	0.041813
rxn:2:107252:109037	C1CCC(N2CCCC2CN[C@@H]2CCO[C@H]2C2CC2)C1	0.041813
rxn:2:94564:92001	CC1(C)CCC(NC2C3CCC4C(C3)CC42)C2CC21	0.041809
rxn:2:116725:108837	FC1(F)C2CCC(NCc3cccc4c3CCOC4)CCC21	0.041805
rxn:2:99270:136070	CN1C2CC(Nc3nn(C)c4ncncc34)CC1C(C)(C)C2	0.041794
rxn:2:72289:129258	COCC1C2CCC(N[C@H](C)C3CCC(F)(F)CC3)C21	0.041793
rxn:2:76148:115530	CC(C)(CCc1ncccn1)NC1CCOc2cccnc21	0.041790
rxn:2:101844:76314	Cc1cncnc1C(C)NCc1nncn1C1CCCCC1	0.041783
rxn:2:129498:123787	C1CCC2(C1)CC(NCC1CCN(CC3CC3)C1)CO2	0.041781
rxn:2:84935:104223	COC1CCc2c(ncn2CCNC(C)c2ccon2)C1	0.041779
rxn:2:66784:84594	Cc1[nH]cnc1CCNC1CCC(N(C)C(C)(C)C)CC1	0.041754
rxn:2:120618:131816	CCCN1CCCC(NCC2(N3CCCC3)CC2)C1	0.041742
rxn:2:139711:115569	Cc1cc2c([nH]1)CCCC2NC(C)c1nnc(C)[nH]1	0.041727
rxn:2:105352:111134	C[C@@H](CC1CC1)NC1C(F)(F)CCCCC12CCC2	0.041726
rxn:2:124590:116518	Cc1ccc(C)c2c1OCC2NCc1cc(CC2CC2)on1	0.041725
rxn:2:125053:80133	CC1(CCNC2CCCCC23CCCC3)CC1(F)F	0.041721
rxn:2:103460:110690	Cc1ccc([C@@H]2C[C@H]2NC2CC3C4CCC(C4)C23)cc1C	0.041714
rxn:2:87028:133012	CCCc1cc(NC[C@@H]2CCCCO2)nn1C1CCOC1	0.041711
rxn:2:116684:124107	CCO[C@H]1C[C@@H](NC(C)c2nc3c([nH]2)CCCO3)C1(C)C	0.041706
rxn:2:116508:81260	CCCn1cc(C(C)(NC2CCOC3CC23)C(C)C)cn1	0.041697
rxn:2:124397:105779	CCO[C@H]1CN(C)C[C@@H]1NC(C)c1ccc2nc(C)cn2c1	0.041694
rxn:2:92503:118171	CCC1CCCC1(C)NC1COc2ccc(C3CC3)cc21	0.041694
rxn:2:73166:100179	CCC(Nc1cc(C)n(CCOC)n1)C1CCCOC1	0.041689
rxn:2:80171:98274	Cc1ccnc2c1CC(NC(C)c1cc(CN(C)C)cs1)C2	0.041688
rxn:2:118276:114860	CN(C)CC1CCC(Nc2cn(-c3cncnc3)cn2)CC1	0.041684
rxn:2:77408:92553	CO[C@H](CNC(C)c1ccc(C)c2ccncc12)C(C)C	0.041674
rxn:2:103757:92847	O=S1(=O)CCC12CC(NCC1OCC3(CC3)c3sccc31)C2	0.041674
rxn:2:86710:134944	CCC(N[C@H]1CCOC(C)(C)C1)c1cc2ccccc2cn1	0.041671
rxn:2:84481:126322	CCOc1cnc(NC2CCCC2C2CCCC2)[nH]c1=O	0.041667
rxn:2:73862:68973	Cc1[nH]ncc1C(C)NCC(C)C1c2sccc2CC1C	0.041660
rxn:2:123173:70359	Cc1nc(Cn2cc(NC3CC(OC(C)(C)C)C3)cn2)cs1	0.041659
rxn:2:108446:89581	CC(C)O[C@H]1C[C@@H](NC2CCCc3nc(C4CC4)[nH]c32)C1	0.041659
rxn:2:86790:83644	CC(Cc1ncco1)NC1CCCCC1CN1CCCC1	0.041659
rxn:2:106212:88582	CCC1CC(NC2CCC(CC)n3ncc(C)c32)CC(C)O1	0.041650
rxn:2:136386:130411	CCOc1ccccc1C1CC1CNC1CCOCC1F	0.041647
rxn:2:81388:114813	CCC(NC1C2CCC1(C)C2(C)C)c1ccc2nccn2c1	0.041644
rxn:2:128809:129650	CC(COc1cccnn1)NC1C[C@]2(C(C)C)C[C@@H]2[C@H]1C	0.041642
rxn:2:135040:137943	Cc1ccc2c(n1)CCC2NC1CCCc2ccc(C)nc21	0.041642
rxn:2:81675:78604	Cc1n[nH]c(NC2CCC3(CC3)CC2F)c1-c1cccs1	0.041639
rxn:2:74713:109629	Cc1nnc(C)n1CCNC1CCCCC1CC1CCC1	0.041638
rxn:2:89417:68415	COCC1COCCC1NC(C)c1cnn(C2CCC2)c1	0.041627
rxn:2:97303:68272	Cc1oncc1C(C)N[C@@H]1CCCN(Cc2ccnn2C)C1	0.041621
rxn:2:82236:136516	CO[C@@H](C)c1ccc(NC(c2nnc(C)o2)C(C)C)cc1	0.041605
rxn:2:132802:126500	CCc1nc(CC)nc(NC(C)c2c(C)cc(C)nc2C)n1	0.041603
rxn:2:109079:93988	CCOc1ccc(C(C)NC(C)CN2CCCCC2)o1	0.041602
rxn:2:114984:125566	CCCc1nnc(CNC2CCCCC2C2CCOC2)o1	0.041598
rxn:2:108826:70907	COc1cccc2occ(C(C)NC3COC(C4CC4)C3)c12	0.041593
rxn:2:122497:122452	CCC(C)CN1CCCCC1CNC(C)c1ncon1	0.041590
rxn:2:73548:115074	CCC(NC1CCS(=O)(=O)CC1F)c1ccc2c(c1)OCO2	0.041590
rxn:2:128827:126746	Cc1nccnc1C(C)Nc1cnc2sccc2c1	0.041588
rxn:2:124300:119491	CCC(NCC12CCN(CC1)C2)c1cnc(OC)cc1C	0.041574
rxn:2:82529:85548	CCOCC1CCCCC1NCc1noc2c1COCC2	0.041572
rxn:2:80037:108573	Cc1ccccc1-n1ncc(C)c1NC1CC2CCC(C1)S2	0.041571
rxn:2:90786:90609	Cc1cnc(N2CCC(NC(C)c3cnc[nH]c3=O)C2)o1	0.041560
rxn:2:117784:100324	CC(NC[C@@H](C)N1CCCC1)c1ccc(C(C)(F)F)nc1	0.041559
rxn:2:78860:139679	Cc1ccc([C@H](NC2CCC(C3CC3)CC2)C(C)C)o1	0.041559
rxn:2:113934:109315	CC(NCC(CC1CCOCC1)C(C)C)c1cnco1	0.041557
rxn:2:121808:75255	CCOc1ncc(NC(CC2COC2)C(C)C)cc1C	0.041555
rxn:2:82711:117733	CN1CC(NCc2ccnc(OCC3CC3)c2)CC1(C)C	0.041555
rxn:2:70658:102227	CC(C)(NC1CCCC12CC2)c1cc2ccccc2s1	0.041548
rxn:2:92687:85942	COC[C@H](NC1CC(OC)C12CCC2)c1cccc(C)c1	0.041520
rxn:2:128926:102335	CC1CC(C(N[C@@H]2C[C@H]2c2ccco2)c2ccccc2)C1	0.041515
rxn:2:80029:119754	CCC1C(F)(F)C12CCC(Nc1ccn3nccc3c1)CC2	0.041508
rxn:2:129099:80191	Cc1cccc2c1CCC2NCC1CC1C1CC2CCC1O2	0.041503
rxn:2:136157:68942	CCC1CCC(CNC2CC(F)Cc3[nH]ccc32)(OC)C1	0.041501
rxn:2:130234:72704	CC1(C)OCCCC1NCc1ccnc(OCC2CC2)n1	0.041495
rxn:2:123588:96063	CCN1CCCC(NCCc2nc3cc(C)ccc3s2)CC1	0.041494
rxn:2:71797:68505	c1csc(-c2cc(NC3CCn4cccc43)no2)c1	0.041493
rxn:2:89288:92326	CC(CCCn1cccn1)N[C@H]1C[C@@H](C)c2ccccc21	0.041493
rxn:2:126176:121062	Cc1nccn1CCNC1CCCc2nc(C(C)(C)C)[nH]c21	0.041485
rxn:2:111720:77328	CCOC(C)C(CC)NCc1ccc2c(c1)CC(C)O2	0.041461
rxn:2:66039:86453	CC1(C)CC(NCC2CC3(CCCC3)C2)C12CCC2	0.041454
rxn:2:137495:126224	CC(C)CSC1CCCC1NCCC12CC(C1)C2	0.041435
rxn:2:130823:99483	CC(NC1CC(C(C)C)OCC1F)c1c[nH]c2nccnc12	0.041433
rxn:2:121541:70950	CCc1ccc(C2CC2CCNC2CCCN(C)CC2)o1	0.041432
rxn:2:118701:109298	Cc1ncc(C(C)Nc2c(C)cnn2C(C)C2CCC2)cn1	0.041430
rxn:2:132669:118200	CCN1CCOC[C@@H]1CNC1CC2CC1CC2(C)OC	0.041422
rxn:2:123222:133171	CCCc1cc(NC(CC(C)(C)C)c2ncco2)ncn1	0.041419
rxn:2:116057:129604	C[C@@H](NC1CCCCC1(C)C)c1cnc2ccccc2c1	0.041417
rxn:2:99891:89418	CN(C)CC1CCC(NC2c3ccoc3CCC2(C)C)CC1	0.041410
rxn:2:118901:135375	Cc1ccc(C(C)C)c2c1C(NCCN(C)C1CC1)CO2	0.041405
rxn:2:121873:85254	CCC(CC)c1nc(NC2CCCN3CCCCC23)cs1	0.041396
rxn:2:87535:94574	Cc1cc(NC2CC(Oc3ccccc3)C2(C)C)n[nH]c1=O	0.041395
rxn:2:71445:139721	Cc1nnc(CCNC(CCC(C)C)C(C)C)n1C	0.041394
rxn:2:86878:134516	CCC(Cn1ccnc1C(C)C)N[C@H]1COC[C@H]1OC	0.041378
rxn:2:140493:84365	FC1CCc2[nH]ncc2C1Nc1cccnc1OC1CCC1	0.041378
rxn:2:101552:116559	CC(C)(C)Cn1cnc(NC2CCCC3(CC[C@@H](F)C3)C2)n1	0.041377
rxn:2:121995:84033	COC1COc2c(C)cccc2C1Nc1n[nH]cc1C1CC1	0.041374
rxn:2:120162:134591	CC1CC(Nc2ncc(Cc3ccccc3)[nH]2)CC(C)N1C	0.041370
rxn:2:117972:82325	CC(NCC1CCC(C2CC2)O1)c1ccc2ncccc2c1	0.041359
rxn:2:122074:71787	Cc1nc(C(C)(C)C)c(CCNC2CCC(C3CC3)C2)s1	0.041357
rxn:2:98921:72493	CC(CCC1CCC1)NC(C)c1cnc2[nH]ccc2c1	0.041353
rxn:2:141069:73192	CCCCC(Nc1scc2c1OCCO2)C1CCCC1	0.041312
rxn:2:70345:76195	CN1CC2CCCC(N[C@@H]3C[C@@H]3N3CCOCC3)C2C1	0.041307
rxn:2:119046:103242	COc1ccc2c(c1)C(C)(C)CC2NC1(C)CCCCC1	0.041307
rxn:2:78915:90115	C1CC(C2(CNC3CC(c4nnc5n4CCC5)C3)CCC2)C1	0.041303
rxn:2:89113:98960	COC1CCC(Nc2cccn(CC(C)C)c2=O)C2CCC12	0.041303
rxn:2:130908:86370	Cc1cc(=O)n(CC2CC2)cc1NC1CCC2(CCCC2)C1	0.041290
rxn:2:127432:72451	CCC1(Cn2cc(C)c(NC3CCCOCCC3)n2)COC1	0.041286
rxn:2:121207:124533	COCC1C(F)(F)C12CCC(NCc1cc(C)nn1C)CC2	0.041281
rxn:2:68262:83741	Cc1cccc(C)c1[C@H](CC(C)C)NC1CCOC[C@@H]1C	0.041281
rxn:2:112667:125018	Cc1ccc(C(C)NC(C)CCN2CCCCC2)c(C)n1	0.041277
rxn:2:87669:139818	CC(NCC1COC2CCCCC12)c1c(C2CC2)cnn1C	0.041271
rxn:2:107455:137089	Cc1cccc2c1C(NCC1CCC3C(C1)C3(F)F)CCO2	0.041269
rxn:2:92436:117075	CC(CCC(C)N(C)C)NCc1ccc2ccsc2c1	0.041265
rxn:2:93145:135503	CC1CCC(NCC2(CN3CCOCC3)COC2)CS1	0.041264
rxn:2:122022:125438	CC(C)C(CNC1CC(C2CCC2)C1)C1CCC1	0.041260
rxn:2:133976:75795	CCc1nn(CC2CC2(F)F)cc1NC1CC2CCC1N2C	0.041256
rxn:2:112683:110629	COC1(C)CCC(Nc2ccc3c(c2)N2CCC3CC2)CC1	0.041252
rxn:2:67745:131230	COc1ccnc(CNC2CC3CC(F)(F)CC3C2)c1OC	0.041249
rxn:2:139863:141452	COC1CC2(CC(Nc3[nH]nc(C(C)C(C)C)c3C)C2)C1	0.041244
rxn:2:116461:106801	CC(C)C1CC(N[C@@H](CC2CC2)c2ccccn2)CCO1	0.041242
rxn:2:133855:128572	CCC(CC(C)C)NCCc1nc[nH]c1C(C)C	0.041237
rxn:2:84024:131887	Cc1cnc2c(c1)C(N[C@H]1C[C@@H](OCC3CCC3)C1)CCO2	0.041235
rxn:2:109523:93562	COC1C(C)C(NC(C)c2ccnc(N(C)C)c2)C12CCC2	0.041235
rxn:2:137361:98003	CC(CC1CCCOC1)Nc1ccc2c(c1)N(C)CCCC2	0.041222
rxn:2:124324:77218	COc1nc(C(C)N[C@H]2CCC[C@H](OC)C2)cn2cnnc12	0.041220
rxn:2:83234:122301	Cc1ccccc1[C@H]1CCC(NCC2CC(S(C)(=O)=O)C2)C1	0.041204
rxn:2:99873:108484	Cc1cncc(C(C)NC2(c3ncc[nH]3)CCSC2C)c1C	0.041198
rxn:2:121561:103354	CC1(C)CC(NCCC(F)(F)C2CC2)CC2(CC2)C1	0.041190
rxn:2:111929:74227	Cc1c(NC(C)c2ccnn2C)ccc2nccn12	0.041161
rxn:2:140547:82772	C[C@H]1OCCn2ncc(NC3CCCc4ccsc4C3)c21	0.041160
rxn:2:69711:74595	CC(C)[C@@]12CCC(N[C@@H](CC3CC3)c3ccoc3)[C@H]1C2	0.041157
rxn:2:90378:94663	COC1CCCCC12CC(NC(c1cnn(C)c1)C(C)C)C2	0.041156
rxn:2:84900:95072	Cc1cc2c(o1)CC(C)(C)CC2N[C@@H]1CCN(C)CC1(F)F	0.041154
rxn:2:140986:116143	CCc1cccc(C(C)NC2CN(C)CC2C2CCOC2)n1	0.041148
rxn:2:72845:96424	COCCC1(NC2CC(C)c3cc(OC)ccc32)CCC1	0.041141
rxn:2:114506:137898	CCOC1CC(Nc2cc(=O)[nH][nH]2)C12CCCCC2	0.041140
rxn:2:127344:99197	COC1CCCC12CC(N[C@]13CCC[C@H](CCC1)N3C)C2	0.041127
rxn:2:132339:88280	CC(C)CCN1CCC(NC2CCC23CCCC3)CC1	0.041123
rxn:2:153747:71115	Cc1c(NC2CCC(N(C)C)CC2)ccc2ncn(C)c(=O)c12	0.041116
rxn:2:83624:92059	CC(C)(C)OC1CCC(NCCC2CC2c2nccs2)C1	0.041115
rxn:2:90790:103766	Cc1cccc2c1C(NC1CC1(C)c1cccs1)CCS2	0.041102
rxn:2:159078:108687	CC1CC(C)(C)CCC1Nc1ncnn1-c1cccn(C)c1=O	0.041101
rxn:2:67860:80964	O=c1ccc2c([nH]1)CCC(NCC1COCC3(CC3)O1)C2	0.041093
rxn:2:123167:136045	CCOC1CCCCC1NC(C)(C)c1cc(C)cc(C)c1	0.041090
rxn:2:130992:76375	COCC(C)(C)CNC(C)c1nc(-c2ccc[nH]2)cs1	0.041083
rxn:2:138660:75974	CCCC1CN(C)CCC1Nc1nn(CC)c2c1C(C)CC2	0.041081
rxn:2:66010:101712	Cc1ccc(C)c2c1OC[C@@H]2NC1CCCC12CCOCC2	0.041079
rxn:2:132877:141201	CCc1nc(-c2n[nH]c(NC3CCC4CCC3C4)n2)n(C)n1	0.041076
rxn:2:66489:92847	CCOc1ccc([C@@H]2C[C@@H]2NC2CC3(CCS3(=O)=O)C2)cc1	0.041073
rxn:2:97609:85950	O=S1(=O)CCC(n2cc(CNC3CC[C@H]4CC[C@H]4C3)nn2)C1	0.041061
rxn:2:115982:81352	Cc1ccc(C2(NC3CCCc4c[nH]cc43)CC2)c(C)c1	0.041059
rxn:2:119006:139327	Cc1[nH]c2ccc(CNC3CCCC4(COC4)C3)cc2c1C	0.041058
rxn:2:102694:83190	COc1cccnc1C(C)NC1CC(C)(C)Cc2[nH]ccc21	0.041043
rxn:2:124013:120004	CCC(NC1CCC1c1nccs1)c1cc(C)cc(C)c1	0.041041
rxn:2:120491:140518	Cc1ccc(NC2CCN3CCCC2C3)c(-c2ccncc2)n1	0.041039
rxn:2:73525:83104	FC1(F)CC2CCC(NCC3CCN3C3CCOCC3)C21	0.041037
rxn:2:90641:119141	CCc1c(C)nc(C)nc1NC1CCC1Cc1ccccc1	0.041025
rxn:2:81805:109423	COc1cccc2c(C(C)N[C@H]3CC[C@@H]4CCC[C@@H]43)n[nH]c12	0.041024
rxn:2:79912:137994	FC(CNC1CCC(N2CCCCC2)CC1)c1ccncc1	0.041023
rxn:2:94761:125233	CCN1CCCC(NC(C)c2ncc(C)s2)c2ccccc21	0.041018
rxn:2:67275:67327	CCc1nn(C)c2c1CC(NCC1CCOc3ccccc31)C2	0.041009
rxn:2:87752:71622	CC(C)C1CCCCC1Nc1ccc(-c2cocn2)cc1	0.041008
rxn:2:68777:111622	COCC1(NC(C)c2cnc(C(C)(C)C)cn2)CC(C)(C)C1	0.041006
rxn:2:97421:136940	CCCC(NCC1(OC(C)C)CCC1)C(C)(C)C	0.041001
rxn:2:85619:80403	CC(C)N1C2CCCC1CC(Nc1nccc3ncncc13)C2	0.040996
rxn:2:107314:134122	Cc1ccc(-n2ncnc2NC2CC3CCCC(C2)N3C)nc1	0.040994
rxn:2:121788:69691	CC1CCC(N2CCC(NC34CC3CN(C)C4)CC2)CC1	0.040990
rxn:2:82982:129427	CCCCC(N[C@@H](C)C1CC(C)(C)C1)c1c[nH]cn1	0.040985
rxn:2:109136:134832	Cc1cnc(C)c(C(C)Nc2cnc(OC3CC3)c(C)c2)c1	0.040984
rxn:2:92256:73688	O=S1(=O)CC2CC2(CNC2CCc3[nH]c4cccnc4c32)C1	0.040956
rxn:2:123111:114038	Cc1cccc(Cn2ncc(NC3CC4CN(C)CC4C3)n2)c1	0.040938
rxn:2:118952:68240	CO[C@H]1CN(C)C[C@@H]1NC(C)c1ccccc1-n1cncn1	0.040933
rxn:2:139164:118926	CCCOC1CC(NCCc2cccc(C)c2)C1(C)C	0.040931
rxn:2:77201:68837	Cc1cnc(CNC2c3ccccc3CCCC2(C)C)o1	0.040922
rxn:2:93892:100862	CC(C)c1nc2c([nH]1)C(Nc1nc(C3CCC3)no1)CCC2	0.040922
rxn:2:118036:137825	Cc1c(NC2CC[C@H](C(C)(C)C)C2)ccc2scnc12	0.040898
rxn:2:67952:115233	COc1ccc2c(c1)CC(Nc1cc(OC)[nH]c(=O)n1)CC2	0.040892
rxn:2:132275:118202	CC1CC(C)CC(n2ccc(NC3CC(n4cncn4)C3)n2)C1	0.040891
rxn:2:89011:89477	CC[C@@H]1CCCC(NCc2ccccc2N2CCOCC2)C1	0.040886
rxn:2:76130:104223	CC(NCc1nc2cnccn2n1)c1ccon1	0.040883
rxn:2:114871:129328	CC(C)CC(NC1C[C@@H]2CC[C@H]2C1)c1noc(C(C)C)n1	0.040879
rxn:2:121119:110690	COc1cnc(C(C)C)cc1CNC1CC2C3CCC(C3)C12	0.040876
rxn:2:71072:85891	CC(Cc1cn[nH]c1)NC(C)c1cnn(C2CCCC2)c1	0.040875
rxn:2:104152:124276	CCN1Cc2ccccc2C(N[C@H]2C[C@H](C3CCCC3)C2)C1	0.040873
rxn:2:134708:67395	CC1(NC2CC(c3nc(C4CC4)no3)C2)COc2ccccc21	0.040868
rxn:2:127979:116399	CCn1ccc(C(C)Nc2cccn3ncnc23)n1	0.040864
rxn:2:117487:139700	Cc1ccc(C2(NC3CCCN4CCSCC34)CCCC2)s1	0.040825
rxn:2:123348:95281	CC1CCN(CC(C)(C)NC2CCc3[nH]c(=O)ccc32)CC1	0.040823
rxn:2:72118:120117	COc1ccc(NC2CCC3(CCCN3C)CC2)c2nonc12	0.040816
rxn:2:106738:97818	FC1(F)CC2(C1)CC1(CC(NCC3CC3c3nccs3)C1)C2	0.040814
rxn:2:129745:141908	CC(NC(C)c1cnc(C2CC2)s1)c1nnc(C(C)(C)C)o1	0.040808
rxn:2:104171:119375	CCC(CN(C)C1CC1)NCCc1ccnc(C)n1	0.040805
rxn:2:70724:95479	CCC1(C(C)C)CC(Nc2ccc3ncnc(=O)n3c2)CCO1	0.040796
rxn:2:136718:86439	CCc1nnc2cnc(NC3CC4CCC(C3)N4C3CC3)cn12	0.040792
rxn:2:87461:115044	Cc1cccc2cnc(NC(C)c3ccns3)cc12	0.040791
rxn:2:127818:98679	CC(C)N1CCC(NC2CCCCC2c2ccccc2)CC1	0.040787
rxn:2:108631:95509	Cc1nn(C(C)(C)C)c(NC2CCc3ncsc32)c1C(C)C	0.040783
rxn:2:138703:127841	Cc1cnc(C(C)NC2CCCN(C)c3ccccc32)c(C)n1	0.040781
rxn:2:86317:90590	CCc1sc(NC2CCC3(CCCCC3)CC2)nc1C	0.040766
rxn:2:140756:108823	CCc1cnccc1C(C)NC(c1nc(C)cs1)C(C)C	0.040764
rxn:2:80376:84638	COc1ccc(-n2ccnc2NC2CCOC23CCOC3)cc1	0.040763
rxn:2:115844:116641	COC1CC2(CC(NC3CCC[C@@H](c4ccccc4)C3)C2)C1	0.040758
rxn:2:68342:95117	Cc1cc(C)c2c(c1)CC(NCC(F)(F)c1ccn(C)n1)CC2	0.040746
rxn:2:105391:75974	CCCC1CN(C)CCC1Nc1nonc1-c1noc(C)n1	0.040714
rxn:2:110577:127554	CCC(NCc1cn(C2CCC2)cn1)C1CC2(CCC2)C1	0.040710
rxn:2:83729:130327	CCn1nnc(NC2CCc3c(OC)nc(OC)nc32)c1C	0.040706
rxn:2:91874:130353	COc1ccc(-c2nnc(NC3CCN4CCC[C@@H]4C3)o2)cc1	0.040697
rxn:2:72800:119687	Cc1nc(CNC(C)c2coc(C3CC3)n2)c(C2CC2)[nH]1	0.040696
rxn:2:119588:82826	O=c1[nH]ccc2ccc(NC3CCC4COCCC4C3)cc12	0.040694
rxn:2:100069:106766	c1ccc(CC2CC(CNC3CCC4CCCN4C3)C2)cc1	0.040691
rxn:2:109039:127673	Cc1ccc2c(n1)CCCC2NC(C)c1nc(C)c(C)nc1C	0.040684
rxn:2:84900:135830	CN1CC[C@@H](NC2CCc3c2sc2c3CCCC2)C(F)(F)C1	0.040641
rxn:2:132899:138148	COc1ccccc1C(NCCc1nncs1)C1CCC1	0.040615
rxn:2:138100:115439	CCc1ncc(C(C)NCCc2nc(CC)sc2C)cn1	0.040609
rxn:2:93428:96089	CC(CC1CCCCC1)Nc1ncnc(-c2ccccc2)n1	0.040588
rxn:2:80894:129023	CC(NCC1C(c2nc[nH]n2)C1(F)F)c1ccc2c(c1)CC2	0.040570
rxn:2:123455:70204	CCCC1CSCCC1NCCN1CC2COCC2C1	0.040564
rxn:2:90611:103159	Cc1ccc([C@@H](NC(C)c2nc(C)cs2)C2CC2)c(C)c1	0.040561
rxn:2:94737:72612	CC(NCc1ccc(C(C)(C)C)cc1)c1cc2n(n1)CCCO2	0.040546
rxn:2:125416:122503	Cc1ccc(-c2cc(NC3CCC4CCCC43)cs2)nc1	0.040546
rxn:2:131656:139327	c1c(NC2CCCC3(COC3)C2)n[nH]c1C1CC2(CCC2)C1	0.040538
rxn:2:88950:84991	CC1(C)CC(Nc2cccc3cc[nH]c23)CC(C)(C)S1	0.040530
rxn:2:113905:72591	Cc1ccc(C(C)Nc2cncnc2N2CCCCC2C)cn1	0.040526
rxn:2:130671:138663	CCN1CC(CNC(C)c2n[nH]c3ncccc23)CC1(C)C	0.040516
rxn:2:91734:85016	CCOc1cccc([C@@H](CC)NC(C)c2cnnn2C)c1	0.040506
rxn:2:139495:84081	CSc1ccc(-c2cc(NC3CC(C)N(C)C3)[nH]n2)cc1	0.040505
rxn:2:140517:74582	CCC(NC12CC3(C)CC(C)(CC(F)(C3)C1)C2)C1COC1	0.040502
rxn:2:96134:106299	COCCC(Nc1cc(CN(C)C)ns1)c1ccsc1	0.040499
rxn:2:138615:97067	CCCn1nnnc1NC(C)c1ccc(S(C)(=O)=O)nc1	0.040493
rxn:2:78711:124465	Cc1cc(NCC2CC(F)(F)CC(C)(C)O2)cc2ncn(C)c12	0.040492
rxn:2:137886:102542	CC(CCc1ccncc1)NCc1nn[nH]c1C1CC1	0.040490
rxn:2:117816:125235	Cn1ccc(-c2cccc(NC3CCOC34CCCCC4)c2)n1	0.040490
rxn:2:113602:127250	CC(Nc1ccc(OC(C)(C)C)nn1)c1ccc2c(c1)OCC2	0.040481
rxn:2:119539:124726	CCN(c1ccc(C)c(NC2CCC23CCOC3)c1)C1CC1	0.040472
rxn:2:99859:105066	CCC(NCCc1ccn(C)c1)c1ccc2c(c1)OCCO2	0.040466
rxn:2:90378:136796	COc1cc(C)c(C(C)NC(c2cnn(C)c2)C(C)C)cn1	0.040463
rxn:2:81237:107673	CC(CNC1C[C@@H]2CC3(CC3)C[C@@H]2C1)Sc1nncn1C	0.040456
rxn:2:90369:72493	CC(CCC1CCC1)NCc1ncccc1-n1cncn1	0.040455
rxn:2:112272:96674	CC(C1CC1)n1nc(C2CC2)cc1NC1C(C)(C)OC1(C)C	0.040447
rxn:2:101337:128233	CC1CCC(NCC2(n3cccn3)CCSCC2)c2cccn21	0.040442
rxn:2:140106:128620	CCCCN1CCSC(CNC2CC(C)C23CCC3)C1	0.040441
rxn:2:109031:116399	CCc1c(NC(C)c2ccn(CC)n2)ccc(=O)n1C(C)C	0.040440
rxn:2:96108:115527	Cc1ccc(C)n1C1CC1NC1CCCc2c1cnn2C(C)C	0.040435
rxn:2:113088:89572	CN(C)CCC(NC1CC1c1ccccn1)c1ccco1	0.040433
rxn:2:97933:118795	CCCC(NC(C)c1cnn2c1OCCC2)c1ccncc1	0.040430
rxn:2:127008:92584	COc1ccc2c(NC3CCC4(CC3)CC4(F)F)nn(C)c2c1	0.040426
rxn:2:78966:91345	COc1ccc(C2(C)CC(Nc3nc(C4CC4)n[nH]3)C2)cc1	0.040426
rxn:2:136005:66671	CCn1nc(CC2CC2)cc1CNC(C)c1cccnn1	0.040426
rxn:2:135374:79973	COC1COc2cc(C)ccc2C1NC12CCCC(C)(C1)OC2	0.040416
rxn:2:68993:129228	c1ccc(C23CCC(NC4CC5CCCCN5C4)CC2C3)nc1	0.040413
rxn:2:99255:82040	CC(C)C(NC1CCOCC1(C)C)c1ncc(C(C)(C)C)[nH]1	0.040412
rxn:2:137050:68604	CCC(Nc1cc2n(n1)CCO2)C(c1cccnc1)C(C)C	0.040412
rxn:2:94353:132522	COCCC(NC1CCc2ncnn2C1)c1ccccc1C	0.040407
rxn:2:141968:95581	CCC(COC(C)(C)C)Nc1nc(-c2ncccn2)n[nH]1	0.040384
rxn:2:69089:97205	C[C@H](NC1CCC2CCCN2CC1)c1cccc2c1OCCO2	0.040383
rxn:2:93154:104508	Cc1cc(NC(c2ncco2)C(C)C)nn1CC1CCOC1	0.040380
rxn:2:132779:142133	CCn1cnc(C(C)NC(C)c2ccc(S(C)(=O)=O)cc2)c1	0.040378
rxn:2:130189:75397	CCC(Cn1nnc2ccccc21)NC(C(C)C)C(C)C	0.040377
rxn:2:130548:74551	COc1cccc2c1C(N[C@@H]1CCN(c3ncccn3)C1)CO2	0.040375
rxn:2:140015:104830	CCCc1nc(CCNC2CCc3ccccc3OC2)no1	0.040375
rxn:2:65918:121174	COc1ccccc1CNC(c1ccnn1C)C1(C)CCC1	0.040350
rxn:2:135670:90460	CC1OCCC12CC(NCc1cnc(C(C)(C)C)nc1)CCO2	0.040341
rxn:2:74349:140385	CSCc1ccnc(NC2CCC(N3CC(C)(C)C3)CC2)c1	0.040337
rxn:2:115633:84624	CCC(C)(CNC1CCOC1(C)C)OC1CCCCC1	0.040335
rxn:2:119335:135964	CC[C@@H]1CC[C@H](CNC(C)c2ccc(C3CC3)[nH]c2=O)O1	0.040323
rxn:2:93049:100354	c1noc2c1CC(CNC1CCCc3sc(C4CC4)nc31)CC2	0.040315
rxn:2:134460:118255	CCC(CCC1CCCC1)Nc1ccc2c(n1)CCOC2	0.040305
rxn:2:83082:134920	O=c1n(CCNC2CCC3(CCOCC3)C2)nc2ccccn12	0.040303
rxn:2:72346:110690	c1cc(CC2(NC3CC4C5CCC(C5)C34)CCOCC2)ccn1	0.040300
rxn:2:136781:103105	CCCc1ccc(C(C)(C)CNC2CCCC2(C)F)[nH]1	0.040296
rxn:2:138775:82422	CCOCC(N[C@@H](C)c1cn(C)nc1C)c1cnn(C)c1	0.040293
rxn:2:108734:93522	CCC1(CNC2CC3CSCC3C2)CCC(C)(C)CC1	0.040278
rxn:2:93974:69215	CC(C)n1cnnc1C(C)(C)NC1CC(C)(C)Cc2occc21	0.040276
rxn:2:108740:75352	CCCCC(NC1COc2nsnc2OC1)c1ccccc1	0.040268
rxn:2:102502:89853	COc1nccn2c(CNC3CCCC3CC3CC3)nnc12	0.040264
rxn:2:97773:114414	Cc1nc(C)c(-c2ccc(NC3CCN(C)C(C)C3C)cc2)o1	0.040264
rxn:2:119057:114851	C[C@@H]1COCC[C@H]1NC1CCC(C)(C)CC12CCCCO2	0.040252
rxn:2:112469:136753	COC(CNC(C)c1cnc(C)nc1C)c1sc(C)nc1C	0.040246
rxn:2:97908:136240	Cc1cnsc1C(C)N[C@H]1CCCC[C@@H]1n1c(C)ccc1C	0.040236
rxn:2:136879:135770	CCc1nn(C(C)CC)cc1NC(CC)c1nccn1C	0.040233
rxn:2:94987:74336	CCOC1CCCC1Nc1ccc(Sc2nncn2C)cc1	0.040232
rxn:2:106120:114800	CCC(C)(C)C1CCC(NCC(C)n2cc(C)cn2)CC1	0.040228
rxn:2:69517:102424	CC(C)CC1(CNC2CCS(=O)(=O)C[C@@H]2C)CCOCC1	0.040227
rxn:2:109464:141889	Cc1cccc(C2CCC(NCC3CCn4ccnc43)CC2)c1	0.040220
rxn:2:72023:116559	F[C@@H]1CCC2(CCCC(Nc3ncc(-c4ccco4)o3)C2)C1	0.040218
rxn:2:124006:101820	COc1sc(C(C)(C)C)cc1CNCC1CC(F)(F)CCO1	0.040212
rxn:2:87226:96757	Cc1nonc1CNC(c1ccccc1)C(C)SC(C)C	0.040201
rxn:2:95534:91332	Cc1c(NC2CC3CCC2CN3C2CCCC2)nnn1C(C)C	0.040199
rxn:2:86233:94431	CC1CC(F)(F)CCC1Nc1cccn(CC2CCOC2)c1=O	0.040190
rxn:2:82028:122335	CCc1ccnnc1NC(C)c1cc(OC)c(OC)cc1C	0.040188
rxn:2:105648:77748	C[C@H](Cc1ccc2c(c1)CCC2)NC1CCN2CCOC[C@@H]2C1	0.040185
rxn:2:119674:93834	CC(C)N1CCCC(NC2CC3(C)CCC2C3(C)C)CC1	0.040183
rxn:2:105948:75560	FC1(F)CC2(CC(NC3(CCN4CCOCC4)CC3)C2)C1	0.040175
rxn:2:87393:85910	Cc1cccc(NC2CC3(COCCO3)C2)c1OC1CCOC1	0.040173
rxn:2:139610:136493	CCO[C@@H]1C[C@@H](NC(C)c2ccc3sc(C)cc3n2)C1(C)C	0.040163
rxn:2:85627:92362	CC(C)(C)CC1CCC(NCC2CC3C(C2)C3(F)F)C1	0.040159
rxn:2:106692:83782	CCC1(CC)OC(C)(C)C1Nc1ccc(-c2ccco2)cn1	0.040158
rxn:2:112987:112478	CC[C@H]1CCC(NCC2CCCCC2N2CCOCC2)C1	0.040155
rxn:2:67302:101298	CCC(C)C1CCC(NCC2CC2c2ncccc2C)C1	0.040151
rxn:2:79794:113505	Cc1cccnc1C(C)NC(C)c1sccc1OC(C)C	0.040150
rxn:2:85230:118602	Cc1cc2nc(C(C)C)cc(NC3CCC(F)(F)CC3F)n2n1	0.040140
rxn:2:140923:93786	CCn1ncc(C2CC2)c1NC1CCC1c1ccccc1C	0.040138
rxn:2:69219:129419	COc1ccc2c(c1)CC(C)(C)C2NC1CN(C)CC1C1CC1	0.040136
rxn:2:110976:114018	CCCC(NC(C)c1cnccn1)c1ccc(OC)cc1	0.040130
rxn:2:109841:88146	CC(C)CC1CCC1Nc1cccc2c1C(C)(C)CCO2	0.040125
rxn:2:68959:126131	CC(CCCN1CCCCC1)Nc1c[nH]c(C2CC2)n1	0.040120
rxn:2:91963:140323	Cc1nc2c(o1)CCC(NCc1cc(=O)[nH]n1CC(C)C)C2	0.040117
rxn:2:89146:68118	CCC(NCCC1CCCCCC1)C(C)(C)C	0.040117
rxn:2:119557:90578	COc1cncc(C(C)Nc2csc(N(C)C3CCC3)n2)n1	0.040113
rxn:2:118047:90180	CCc1noc2c1C(NCC13CC4CC(CC(C4)O1)C3)CCC2	0.040112
rxn:2:91576:81809	CSC[C@H]1C[C@H](NC2CCCC(c3ccc(C)cc3)C2)C1	0.040095
rxn:2:118513:130591	CCCn1ncnc1C(C)NC1CCc2ccc3c(c21)CCO3	0.040088
rxn:2:98666:108002	Cc1cccc2c(NCC3CCCCN3C3CCC3)c[nH]c12	0.040069
rxn:2:108215:103854	c1cc(-c2cc(NC3CCCC3N3CCOCC3)on2)cnn1	0.040066
rxn:2:118079:89348	Cc1cnc(C)c(C(C)NCc2csc3nccn23)n1	0.040063
rxn:2:137903:135854	Cc1n[nH]c(NC(C)c2sc3scc(C)c3c2C)n1	0.040060
rxn:2:113554:76692	CC1C(N[C@@H]2C[C@H]2c2cncn2C)CCN1Cc1ccccc1	0.040047
rxn:2:109502:137328	COc1cc(OC)c(NC2c3ccc(C)cc3CC2(C)C)cn1	0.040047
rxn:2:74796:131030	CCc1csc(C(NC2C[C@H](OC)[C@H](OC)C2)C2CC2)n1	0.040035
rxn:2:120169:83174	Cc1cc(C(C)NC2CCN(Cc3ncccn3)CC2)cn1C	0.040035
rxn:2:136720:76903	CCO[C@H]1CC(NCc2ccnc3[nH]cnc23)[C@@]12CCCO2	0.040025
rxn:2:83686:138272	CC(NC(C(C)C)C1CCOCC1)c1cccc2ccoc12	0.040021
rxn:2:118157:125030	CSCC1CCC(NCCS(=O)(=O)c2cn[nH]c2)CC1	0.040018
rxn:2:75753:98512	Cc1nnc2n1CC(NC1CC(C)(C)S(=O)(=O)CC1C)CC2	0.040013
rxn:2:138028:107746	CC1(C)COCC(C)(C)C1NC1CCN(c2ccccc2)CC1	0.040005
rxn:2:100517:132559	CCSC1CC(NC2CCN(C3CCN(C)CC3)CC2)C1	0.039998
rxn:2:82789:88762	CCn1c(CNC2CCS(=O)(=O)C3(CC3)C2)nc2ccncc21	0.039994
rxn:2:105547:75426	FC1(F)C2CC(NC3(C4CC4)CCCCCC3)CC21	0.039992
rxn:2:82277:100862	COC1CN(CCNC2CCCc3nc(C(C)C)[nH]c32)C1	0.039988
rxn:2:100522:89418	CCC(C)(C)OCC(C)NC1c2ccoc2CCC1(C)C	0.039983
rxn:2:120865:127771	CCC1CCC(Nc2c(C)cnc3[nH]ccc23)CC1CC	0.039976
rxn:2:119849:97253	Cc1cccc(C(C)Nc2cnn(-c3nccs3)c2)n1	0.039973
rxn:2:100490:96327	CC(C)C(Nc1ccnn1C1CCCN(C)C1)c1cnccn1	0.039972
rxn:2:124752:112416	CCCC(Nc1nn(CC)nc1C)C1CCCN(CC)C1	0.039972
rxn:2:135330:80220	COCCc1nc(C)c(C(C)NCC2CN(C)CC2C)s1	0.039969
rxn:2:127913:111093	CCC(CC)N1CCCC1CNc1cn(CC)ccc1=O	0.039954
rxn:2:75877:74795	CC1(C)CC2(CC(Nc3cnn4ncccc34)C2)CC(C)(C)O1	0.039952
rxn:2:132729:111274	CCOCC1CCC(NC(C)Cc2nccc(C)n2)CC1	0.039947
rxn:2:121661:94148	CCn1nc(C)cc(C(C)NCC2CC(C3CCC3)C2)c1=O	0.039927
rxn:2:83781:83656	CC(NCCC(F)(F)C(C)(C)C)c1cnc2ccsc2c1	0.039922
rxn:2:134433:124619	CCCC(Nc1ccnc(C(C)C)c1)c1ccc(C)o1	0.039918
rxn:2:129040:129025	CCCn1cc(CNCC2CCC(C)(C)O2)c(C2CC2)n1	0.039911
rxn:2:101600:115530	COc1cc(OC)cc([C@@H](C)NC2CCOc3cccnc32)c1	0.039900
rxn:2:66868:89418	CC1(C)CCc2occc2C1NC[C@@]12CCCN1CC(F)(F)C2	0.039896
rxn:2:67293:105180	COc1cc(NC2CCC3(CC2)COC3)n(C2CCCCC2)n1	0.039895
rxn:2:103190:80608	CCn1nc(NC(c2ccncc2)C2CCOCC2)c(C)c1C	0.039894
rxn:2:142050:79355	CCOCc1cncnc1NC1c2ccccc2OC2CC21C	0.039894
rxn:2:73511:69342	CC(C)c1nc(C(NC2CCC2(C)C2CC2)C(C)C)n[nH]1	0.039892
rxn:2:135321:71485	Cc1cs/c(=N\C2CCCCC2)n1NC(C)CCC1CC1	0.039891
rxn:2:67856:112739	CCC(C)C1(C)CC(NCC2CC2c2ccnn2C)CCO1	0.039890
rxn:2:101104:132079	CCOCC(CC)NC1CCOc2cc(OC)c(C)cc21	0.039885
rxn:2:82283:105740	CCc1cnc2c(c1)C(NC(C)(C)c1ccc(C)nc1)CCC2	0.039879
rxn:2:89722:84760	CCc1nnc(C(NCC23COC(CC)(C2)C3)C(C)C)o1	0.039874
rxn:2:88657:118045	CC1CC[C@H](CNC(CCc2cnn(C)c2)C(C)(C)C)OC1	0.039871
rxn:2:128526:138733	Cn1ccc(C2CC(NCc3coc(C4CCCOC4)n3)C2)n1	0.039869
rxn:2:85446:130954	c1cc2c(c([C@@H]3C[C@H]3NC3CCC4(CC3)CSC4)c1)OCCO2	0.039868
rxn:2:81071:121424	CC(C)COc1cc(CNC2CC3(CCOCC3)C2)nn1C	0.039867
rxn:2:92364:137825	Cc1cc(NC2CC[C@H](C(C)(C)C)C2)n(Cc2cccnc2)n1	0.039866
rxn:2:109171:109852	CC(NCc1ncn(C(C)C)n1)c1ccc(C2CCC2)cc1	0.039861
rxn:2:112136:118508	Cc1nsc(N2CCC(NC3CCC4CN(C)CC4C3)CC2)n1	0.039857
rxn:2:109741:82568	CSCC(Nc1cccc(S(C)(=O)=O)n1)c1cccc(C)c1	0.039856
rxn:2:83862:130545	Cc1noc(C2CCCCC2NC(C)c2ccnn2C2CC2)n1	0.039855
rxn:2:69875:75715	CC(C)C(C)(C)CNC1CCCC(c2ccccc2)C1	0.039855
rxn:2:137219:78241	CCc1nc(C2CC(NCc3c4c(nn3C)CCCC4)C2)no1	0.039849
rxn:2:87318:131094	Cc1ncsc1CCC(C)NCC1Oc2ccccc2C1C	0.039848
rxn:2:81694:69342	CCC(CC)c1c(CNC2CCC2(C)C2CC2)nnn1C	0.039847
rxn:2:88392:89926	Cc1cc(OC2CC2)ncc1NC(C)c1cnc2c(c1)CCO2	0.039847
rxn:2:81557:85904	CCCN1CCC(NCCc2nnc3cccnn23)CC1C	0.039843
rxn:2:95188:101671	CCCC1(CCNC2CCc3[nH]c(C)nc3C2)CC1(C)C	0.039840
rxn:2:70025:84812	CC(F)(F)COc1ncncc1CNC1CCC[C@@H]2CC[C@H]12	0.039833
rxn:2:90959:71589	CCOc1cccc(OC)c1CNC1CC2(CCCOC2)C1	0.039830
rxn:2:109653:121666	CCCC1CC(N[C@H]2C[C@@H](Oc3ccc(C)cn3)C2)CCO1	0.039818
rxn:2:100925:124154	CC(C)c1cc2c(s1)C(NCCN1CCC3(CC3)C1)C(C)C2	0.039814
rxn:2:106350:93966	CC1C(NCC(c2ccccc2)n2cccc2)CCCS1(=O)=O	0.039810
rxn:2:136526:83502	CCC(NC(C)c1cncn1C)C(C)N1CC(C)OC(C)C1	0.039809
rxn:2:136280:156643	Cc1cccc(CCNC(C)c2cccc3c2CCS3(=O)=O)n1	0.039799
rxn:2:131181:126322	COc1cc(CNC2CCCC2C2CCCC2)c(OC)nn1	0.039794
rxn:2:118663:128331	CCCCC(N[C@@H]1C[C@H]1N1CCOCC1)c1cc(C)on1	0.039790
rxn:2:129633:106031	CCN1CC[C@@H](CCNC(CC(C)C)C(C)(C)C)C1	0.039786
rxn:2:141700:99409	c1cc(NC2COC3CCCOC3C2)nc(N2CCSCC2)c1	0.039786
rxn:2:107575:74065	CCC(NC[C@H]1CN(C)CCO1)C(CC)c1ccccc1	0.039785
rxn:2:67084:86917	CCSCC(N[C@@H](C)C1CCN(C)CC1)c1cccn1C	0.039782
rxn:2:134982:102461	CC(Nc1ccc2snnc2c1)c1cn(C(C)C)cn1	0.039781
rxn:2:92383:125014	Cc1nn(C)c(C(C)NCc2nn(C)cc2S(C)(=N)=O)c1C	0.039780
rxn:2:68667:118202	CCc1c(C)nn(C2CCOC2)c1NC1CC(n2cncn2)C1	0.039774
rxn:2:127917:100356	CCc1ccc(C(CS(C)(=O)=O)NCC(F)(F)OC)s1	0.039769
rxn:2:127809:72787	COc1ccc(C(N[C@]23C[C@H]2CCC3(F)F)C2CCC2)cc1	0.039763
rxn:2:94725:85501	CCCN1C2CCCC1CC(NC(C)c1cnn(CC)c1)C2	0.039759
rxn:2:69782:100233	COCC1(CNC2CCN(c3ccccc3)C2)CCOCC1	0.039737
rxn:2:93646:120373	CCC[C@H](NCC1CCc2ccccc2S1)c1ncccn1	0.039729
rxn:2:120950:95902	CCC(NCCC1CCCN1C(C)(C)C)c1cn(C)nc1C	0.039725
rxn:2:68379:123332	CC(C)CC(Cc1cnccn1)N[C@H]1C[C@H]2[C@H]3CC[C@H](C3)[C@H]21	0.039724
rxn:2:91638:90536	CCC(CNC(C)c1cc(C(C)C)nn1CC)N(C)C	0.039720
rxn:2:118263:102927	COCCC1CC(NCC(c2ccc(C)o2)N(C)C)C1	0.039703
rxn:2:80707:132633	CCCn1nncc1CCNC1CCC2(CCCC2C)CC1	0.039701
rxn:2:88565:133872	CC(C)C(CNC1CCCC[C@H]1C)Cc1ccccc1	0.039698
rxn:2:119829:94286	Cc1cc(NC2CCOC(C3CCCC3)C2)ccc1S(C)(=O)=O	0.039685
rxn:2:95788:104705	Cc1nc(NC2CCCN(C)c3ccccc32)n2c1CCCC2	0.039682
rxn:2:92884:106386	CC(Nc1ccc(-c2ccccc2)o1)c1cncs1	0.039681
rxn:2:137209:73729	CCC(NC1C(C(C)C)C1(C)C)C1CCCCN1CC	0.039668
rxn:2:122064:117833	CCCC(CC)NCc1c(CC)cccc1CC	0.039663
rxn:2:74337:96468	CCC(C)(CNC[C@@H]1CCc2ccccc2O1)OC(C)C	0.039663
rxn:2:113583:97249	CCC(CC1CCOCC1)NC1(c2ccccc2)CCOC1	0.039656
rxn:2:137612:117190	CCCn1cnc(NC(c2cc(C)cc(C)c2)C2CC2C)n1	0.039647
rxn:2:141941:130813	O=c1c(CNC2CCCCCC23CCCC3)cnc2[nH]ncn12	0.039644
rxn:2:112216:125566	CC(CCc1ccncc1)NC1CCCCC1C1CCOC1	0.039626
rxn:2:112269:135440	CCC1(NC(C)c2n[nH]c3cc(C)ncc23)CN2CCC1CC2	0.039615
rxn:2:68616:107781	CCCC(C)N(C)C1CCCCC1Nc1nsc(C)c1C	0.039613
rxn:2:127308:106283	CC(NCC[C@H]1CCCO1)c1ccnc(S(C)(=O)=O)n1	0.039612
rxn:2:72046:117783	CC(C)CS(=O)(=O)c1ccc(NC2CCc3cn(C)cc32)cc1	0.039597
rxn:2:76320:68240	Cc1cscc1NC(C)c1ccccc1-n1cncn1	0.039594
rxn:2:138622:111606	COCCN1CCC(NCC(C)(OC)C(C)C)C1	0.039588
rxn:2:112985:71193	CC(C)CC(COc1ccccc1)NCC1CCOC1	0.039588
rxn:2:146697:138952	CC(CCC1CCCC1)Nc1nc2c(s1)c(=O)n(C)c(=O)n2C	0.039588
rxn:2:102998:92306	FC1(F)C[C@H]2CC(N[C@H]3CCN(Cc4ccccc4)C3)C[C@H]2C1	0.039581
rxn:2:83672:119350	CC(C)N1CC2C(CNC3CCCCCC3(C)C)C2C1	0.039580
rxn:2:66172:135708	CC(C)c1cccc(CNC(c2ccncc2)C(C)C)c1	0.039568
rxn:2:111660:137311	CCCc1nc2c(NC3CCC(C)CC3CC)ncnc2s1	0.039564
rxn:2:89033:123018	CSc1nc(C(C)NCCc2cnoc2)cc2c1CCC2	0.039557
rxn:2:87182:126725	COCc1c(C)ccnc1NC1CCC2CC1c1ccccc12	0.039555
rxn:2:111347:88280	CCCCN1CCCCC1CNC1CCC12CCCC2	0.039555
rxn:2:106909:71787	CCc1ccnc(C(CC)CNC2CCC(C3CC3)C2)n1	0.039555
rxn:2:76959:105663	CCCC(NC1CCC2(CC1)OC[C@@H](F)[C@@H]2F)C1CCC1	0.039545
rxn:2:113735:85562	CC1OC2CCCC(NC3CC[C@@H]4C[C@H]3C4(C)C)C2C1C	0.039537
rxn:2:79837:130996	Cc1cccc(C2CC2C2CC2NC2CCN(C)CC2(C)C)c1	0.039537
rxn:2:123495:72692	Cc1cnc2c(c1)CCC[C@@H]2NC(C)CCCN1CCCC1	0.039526
rxn:2:83167:75112	COC1(c2cccc(NC3CCN(C)C4CCCC34)c2)CCC1	0.039521
rxn:2:78509:72004	CCC(Nc1ccnc2[nH]c(C)nc12)c1cocn1	0.039519
rxn:2:136619:120227	Cc1cc(C(C)Nc2c(C3CC3)cccc2C2CC2)n(C)n1	0.039516
rxn:2:68213:65853	CCCCC(NC12CC(C)(C1)OC21COC1)c1noc(C)n1	0.039516
rxn:2:91146:84847	CCCOc1ccc(C(C)N[C@@H](C)c2cocn2)c(C)c1	0.039514
rxn:2:67693:136020	COc1ccncc1C(C)Nc1csc2ccncc12	0.039505
rxn:2:107690:118472	COc1cc([C@H](C)NC2CC(C3CC3)n3nccc32)ccc1C	0.039504
rxn:2:132503:113762	CC(C)(C)c1ccc2c(c1)CCC2N[C@@H]1CCCC1(F)F	0.039501
rxn:2:132161:92035	COC1(C)CCC(CNC(c2nccs2)c2nccs2)CC1	0.039498
rxn:2:138493:128360	CC(C)(C)N1CC[C@@H](NC2CCCCc3ccccc32)C1	0.039481
rxn:2:92633:115445	COCC1CCCN(CCNC2CCCc3nccnc32)C1	0.039470
rxn:2:83116:92020	CC1(C)COc2ccccc2C1NCCC12CCC(CC1)OC2	0.039467
rxn:2:69321:104217	C=C=CC(N[C@H](c1ccccn1)C(C)C)c1cccs1	0.039465
rxn:2:116276:138204	CC(C)CC(N[C@H]1CCC[C@]1(C)N(C)C)C1CCCC1	0.039464
rxn:2:89494:125827	CC(C)=C=C1C(CNC2(C)CCOCC2(C)C)C1(C)C	0.039464
rxn:2:137135:92362	COc1ccc(NC2CCC(CC(C)(C)C)C2)c2cn[nH]c12	0.039462
rxn:2:80075:98928	CCc1ncc(C(C)NCCS(=O)(=O)CC2CC2)n1C	0.039454
rxn:2:99994:79525	CCCN1[C@@H]2CC[C@H]1CC(Nc1cc3c(c(C)n1)CCCC3)C2	0.039451
rxn:2:139531:83174	Cc1cscc1C1CC1CCNC(C)c1cc(C)n(C)c1	0.039438
rxn:2:105791:107003	c1cn(CCC2CCCO2)nc1NC1CCC23OCCC2CC13	0.039437
rxn:2:112878:141384	Cc1nc(Cc2ccsc2)cc(NC2CCCC(N(C)C)C2)n1	0.039432
rxn:2:127019:96063	CCN1CCCC(Nc2sc(Cc3ccccn3)nc2C)CC1	0.039431
rxn:2:111767:100147	CCn1ncc2c1CCCCC2Nc1nc(C)c(C)cc1C	0.039428
rxn:2:95477:67639	CCc1cc(C)nc(CCNC2CCCCC23CCN(C)C3)n1	0.039423
rxn:2:78164:128360	CCOc1nn(C)c(C)c1NC1CCCCc2ccccc21	0.039414
rxn:2:104845:126154	COC1(CNC2CC(COc3ccccn3)C2)CCOC1	0.039413
rxn:2:77516:71382	CCCCC(Nc1cncn2cnnc12)C1CCS(=O)(=O)C1	0.039406
rxn:2:126066:114092	COCn1ccc(=O)c(NC2CC(OC(C)(C)C)C23CCC3)c1	0.039391
rxn:2:117218:78831	CCCC(COC)NC(C)(C)c1cc(C)ccc1OC	0.039388
rxn:2:137632:88558	CN1CCN(CCNC2CS(=O)(=O)c3ncccc32)CC1	0.039383
rxn:2:122079:116153	CCC(Nc1cc(C)c2scnc2c1)c1ccnnc1	0.039380
rxn:2:131580:102927	COCCC1CC(Nc2ccc(=O)n(CCOC)c2)C1	0.039379
rxn:2:117445:71484	CCN1CCC(NC(C)c2ccc3occc3c2OC)CC1C	0.039377
rxn:2:135235:138589	Cc1ccc(NCC2OCCC2(C)C)cc1OC1CCCC1	0.039352
rxn:2:82167:135375	Cc1ccc(C(C)C)c2c1C(NCC(C)N1CCOCC1)CO2	0.039349
rxn:2:96806:68793	CC(N[C@H](C)c1ccon1)c1cccc2ccn(C)c12	0.039346
rxn:2:83548:120373	CC(COc1ccccc1)NCC1CCc2ccccc2S1	0.039336
rxn:2:80599:71248	Cc1oc(NC(C)c2ccccc2N(C)C)c(S(C)(=O)=O)c1C	0.039334
rxn:2:123112:127472	c1c[nH]c([C@H](NC2CCc3ccccc3C2)C2CCOCC2)c1	0.039332
rxn:2:74512:88788	CCCC(C)c1ncsc1NC1CCC(n2ccnn2)CC1	0.039329
rxn:2:132132:92584	COc1cccc2c1C[C@@H](NC1CCC3(CC1)CC3(F)F)CC2	0.039323
rxn:2:78620:125387	COc1c(C(C)NCC2(OC)COCCOC2)cnn1C	0.039309
rxn:2:108507:92797	COC1CCC(NC(c2cccc(C)c2C)C(C)C)C(F)C1	0.039308
rxn:2:106072:92358	CN1Cc2ccccc2C(NC2CCC3(CCOCC3)CC2)C1	0.039304
rxn:2:108431:102485	CCC(NCc1nc(CC(C)C)nc(C)c1C)C1(C)CC1	0.039302
rxn:2:140254:96208	c1ccc(-c2ccc(NC(CC3CC3)C3CC3)cc2)nc1	0.039298
rxn:2:76251:128181	c1cnc(Sc2ccc(NC3CC4CCC3CC4)nc2)nc1	0.039290
rxn:2:98507:98229	CCC(Nc1nc(CC(C)(C)C)c(C)s1)c1ccc[nH]c1=O	0.039272
rxn:2:136777:137943	Cc1ccc2c(n1)CCC2N[C@H]1CC[C@H](n2ccccc2=O)CC1	0.039269
rxn:2:78898:129471	COCCC(Nc1cncnc1C1CCCCC1)C(C)C	0.039268
rxn:2:84098:129897	CCc1nnc(NC(C)c2ccccc2C(C)C)nc1CC	0.039267
rxn:2:133286:68708	COC1CCCC(N[C@H](C)c2cnn3c2CCCCC3)CC1	0.039264
rxn:2:138552:104380	CCCC(Nc1cccc(Oc2ccncn2)c1)C1CC1	0.039259
rxn:2:107163:98323	CCOc1c(CNC2CCCC3(CC3)C2)c(C)nn1C(C)C	0.039257
rxn:2:76253:123139	Cc1ccnc2c1C(N[C@@H]1CCCO[C@H]1c1nccn1C)CCC2	0.039245
rxn:2:128699:69383	CCc1cccc(NC(c2ccccn2)C2CC2)c1CC	0.039244
rxn:2:131796:100079	COc1cnc(C(C)NCC(F)(F)c2ccsc2C)c(C)c1	0.039237
rxn:2:130538:79725	CCc1cc(NC(C)c2cccc(OC(C)C)c2)nc(C)n1	0.039237
rxn:2:82150:118464	CCCCc1ncc(NC(c2nccs2)C(C)C)c(C)n1	0.039226
rxn:2:118782:72608	CCc1ccc(C(C)(F)CNC2CCN(C3CC3)CC2)cc1	0.039218
rxn:2:105278:141862	CC(C)Oc1ccncc1C(C)NC[C@H]1CN2CCN1CC2	0.039217
rxn:2:112511:112011	Cc1ccc(CCC(C)N[C@H](c2ccco2)C(C)(C)C)o1	0.039208
rxn:2:115895:108687	CC1CC(C)(C)CCC1NCCc1cnc(-c2ncccn2)s1	0.039206
rxn:2:116747:102410	CCc1ncccc1C(C)NCc1cc(C)nc(C(C)C)c1	0.039204
rxn:2:152878:128949	CCCn1c(=O)oc2cc(NC3CCCC4(CC3)CC4)ccc21	0.039202
rxn:2:81464:111204	CC(CNC(c1nc2ccccc2o1)C1CC1)CC1CC1	0.039201
rxn:2:77053:98176	CCn1cc(C2(NC3CCOC(C)(C4CC4)C3)CCCC2)cn1	0.039195
rxn:2:67680:100219	CC1CC1c1ccc(C2CC2NC2CCCC3CCCC32)o1	0.039190
rxn:2:122179:79462	CS(=O)(=O)C1CCCCC1NCc1cc(-c2ccncc2)no1	0.039187
rxn:2:85614:82937	CC(C)(C)C1CCCCC1NC(c1cccs1)C1CC1	0.039177
rxn:2:87548:140852	COc1ccc(C)c2c1CC(Nc1nnc3c(n1)CCCC3)CC2	0.039174
rxn:2:121402:80035	c1ccc2c(c1)OCC(NC1CCC(c3ccncn3)CC1)CO2	0.039173
rxn:2:119600:103045	CCC(CC)c1cc(NC2CCc3ccccc32)nc(C)n1	0.039164
rxn:2:83660:140522	CCCC1CCC(NC2CC(OCC)C23CCCC3)C1	0.039159
rxn:2:85507:103571	CC(NCc1ccnc(C2CC2)c1)c1cc2c(s1)CCCC2	0.039159
rxn:2:129151:90449	Cc1ccncc1C(CCC(C)C)NC1CC12CCOCC2	0.039152
rxn:2:66696:133925	CC(NC1CCC(CC2CCCC2)CC1)c1ccn(C)c1	0.039146
rxn:2:126571:86515	CCC(NC(C)(CC)c1ccccc1C)c1cc[nH]c1	0.039138
rxn:2:117108:94431	CC1CC(F)(F)CCC1NC1(COc2cnccn2)CCOC1	0.039132
rxn:2:118738:98878	CC1C(NC2c3ccccc3S(=O)(=O)C2C)CC2CC1C2(C)C	0.039126
rxn:2:121591:72893	CCc1ccc(C(CSC)NC2CC23CCN(C)CC3)cc1	0.039103
rxn:2:126782:136435	CC[C@H](NC(C)CC(C)c1cnn(C)c1)c1ccc(C)s1	0.039082
rxn:2:113585:138907	CC(CN1CCC(F)CC1)NC1CCC(F)(F)c2ccccc21	0.039074
rxn:2:70212:122352	CC1C(NC2CCC2c2ccccc2)CC1c1ccccc1	0.039072
rxn:2:81918:114035	COCCC(Nc1nc(-c2oc(C)nc2C)cs1)C(C)(C)C	0.039072
rxn:2:108023:67015	C1CC(C2CCC(NCC3CCC4(CCOCC4)O3)CC2)C1	0.039069
rxn:2:68969:102599	CC[C@@]12CC[C@@H](CC1Nc1cccc(-c3ncco3)c1C)C2	0.039067
rxn:2:79678:79041	CCC1CC(Nc2cnc3cn(C)nc3c2)CCC1C(C)(C)C	0.039066
rxn:2:95719:79765	Cc1ncc2c(n1)CCCC2NCC1(CN2CCOCC2)CC1	0.039065
rxn:2:127743:126975	CCC(NCc1ccc(-c2ccncc2)o1)C1CCSCC1	0.039065
rxn:2:137210:100327	CC1CC(Nc2n[nH]c(=O)c3[nH]ncc23)CC2(CC2)C1	0.039052
rxn:2:69871:76523	CC(CC1CCC(F)(F)CC1)NC1CCSc2ncccc21	0.039049
rxn:2:90583:88797	COc1cccc2c1C(NC1CCN(c3cncc(C)n3)C1)CC2	0.039035
rxn:2:92811:121709	CC(NC1C2CCOC2C12CCCC2)c1ccc2cccnc2n1	0.039035
rxn:2:66227:70368	CCC12CCC(CC1Nc1ccc3c(c1)CCCCN3C)C2	0.039032
rxn:2:133522:132633	CCCc1nc([C@H](C)NC2CCC3(CCCC3C)CC2)n[nH]1	0.039029
rxn:2:79253:108058	Cc1cc2n(n1)CCCC2Nc1cccnc1N1CCC(F)CC1	0.039018
rxn:2:82556:114035	COCCC(Nc1nc(-c2ccccn2)c(C)s1)C(C)(C)C	0.039011
rxn:2:140045:89044	COCc1cccc(C2CC2CNC2CC3C(C2)C3(C)C)c1	0.039010
rxn:2:109614:116600	CC(C)Cc1n[nH]cc1CNC(C)c1cnc2n1CCOC2	0.039007
rxn:2:111022:99215	COc1ccc2c(c1)OC[C@H](NC1CCc3ncc(OC)cc31)C2	0.039002
rxn:2:70576:65819	CCC1(CC)CCC(NC2CCC(C)C(C)C2)CC1	0.038999
rxn:2:96989:140169	COCC(CNC1CCCCC1S(=O)(=O)F)OC	0.038984
rxn:2:102756:84288	F[C@H]1CCCC2(CCCC(Nc3noc(-c4ccoc4)n3)C2)C1	0.038983
rxn:2:126349:134293	COC(CNCc1cc(C2CCOC2)no1)C1CCOC1	0.038972
rxn:2:123175:74959	CCC(NCCc1cn(C2CCOC2)nn1)C1(C)COC1	0.038963
rxn:2:119953:89383	FC1(F)CCN(C[C@@H]2C[C@H]2NC2CC3CCC2C32CC2)CC1	0.038961
rxn:2:72623:93116	Cc1cc2cccc(CNC(C)CCC3CCCOC3)c2o1	0.038955
rxn:2:123006:80913	CC1c2ccccc2CCC1NC1CCC2CC3CCCN2C31	0.038940
rxn:2:107537:131337	CCn1cc(C2CCC2)c(NC(C)c2cccc3c2CCO3)n1	0.038938
rxn:2:141752:91473	COCC1CCC(Nc2cc(CC(C)(C)C)nn2C)C2CCC12	0.038921
rxn:2:140412:69917	c1nc(-c2csc(NC3COCc4[nH]ncc43)n2)cs1	0.038891
rxn:2:118714:80191	Cc1cccc2c1CCC2NCCN1CCC(S(C)(=O)=O)CC1	0.038884
rxn:2:87716:112500	COCn1cc(NC2Cc3cccc(OC)c32)c(=O)[nH]c1=O	0.038883
rxn:2:162521:94403	COC1CCCCCC1Nc1nc2ccc(C)cc2c(=O)[nH]1	0.038877
rxn:2:113240:79590	COC(C)C(CNC1CCCCCN2CCCCC12)OC	0.038876
rxn:2:104497:139115	Cn1cc(CN2CCC[C@H](NC3CCc4cnccc4C3)C2)cn1	0.038871
rxn:2:124650:118661	CC(C)(C)[C@@H]1CCCC(NCCc2ccc3ncsc3c2)C1	0.038868
rxn:2:137425:114851	CCc1oncc1CCNC1CCC(C)(C)CC12CCCCO2	0.038868
rxn:2:107519:78102	CC(NCC1CC2(CO1)CC(F)(F)C2)c1ccc2cnn(C)c2n1	0.038865
rxn:2:88339:123085	Cc1ccc(-c2cc(NC3CCCC4(CCOCC4)C3)[nH]n2)o1	0.038856
rxn:2:85140:76620	CC(CNC1CCSc2sccc21)COC1CCN(C)CC1	0.038849
rxn:2:140472:74170	Cn1ncc2c1CC(NC1CCC(CS(=O)(=O)F)CC1)CC2	0.038844
rxn:2:94184:119061	CC(C)CCCC(C)NCC1CCOC12CCOCC2	0.038839
rxn:2:134572:95116	c1ccc2c(CCNC3CCCCC34CCCCO4)ncnc2c1	0.038835
rxn:2:71774:83174	CCN(CC)Cc1cc(NC(C)c2cc(C)n(C)c2)nn1C	0.038818
rxn:2:79564:120336	CCN(CC(C)NC(C)c1nncn1C)c1ccc(C)cc1	0.038813
rxn:2:77541:68991	COC1(CNC2CCOC3(CCC3)C2)CC(C)CC(C)(C)C1	0.038812
rxn:2:132316:123319	Cc1cccc(Cn2ccc(NC3CCN(C)C4(CCC4)C3)n2)c1	0.038807
rxn:2:76155:71377	Cc1nc(=O)[nH]cc1C(C)NC(C)Cc1ccc2c(c1)CCC2	0.038804
rxn:2:81661:105256	CC(C)CC(Nc1cc(CN(C)C)n(C)n1)c1nccn1C	0.038786
rxn:2:140573:71259	CCC(NC1CCN(c2cccc(=O)[nH]2)CC1)c1ccccc1	0.038778
rxn:2:101168:95281	CCC(C)Cn1ccc(=O)c(NC2CCc3[nH]c(=O)ccc32)c1	0.038766
rxn:2:110766:105261	CCCc1cccc(NC2CC(c3nc(C(C)C)no3)C2)c1	0.038759
rxn:2:89293:126975	CCC(Nc1nc(Cc2ccccc2)n[nH]1)C1CCSCC1	0.038747
rxn:2:78342:89989	CC1(C)Cn2nccc2C1NCc1c(C2CC2)n[nH]c1C1CC1	0.038741
rxn:2:74222:74174	CCN1CCCC(NC(C)CCN2CCC(F)(F)CC2)C1	0.038736
rxn:2:132802:108565	CCc1nc(CC)nc(NC(C)c2cc3c(nn2)OCCO3)n1	0.038732
rxn:2:133345:111501	Cn1cc(C2CCC(NCc3c[nH]nc3C3CCCC3)C2)cn1	0.038730
rxn:2:116061:127451	CCC1CC(Nc2ccnn2C2CC2(F)F)CCC1C(C)C	0.038726
rxn:2:128768:122162	Cc1ccc2c(n1)CCCC2NCc1ccnc(C2CCCO2)c1	0.038725
rxn:2:136219:134312	COC1CCOC(CNC(c2ccccc2)c2ccccn2)C1	0.038714
rxn:2:105088:79518	CCOc1ccc2c(c1)C(NC1CCc3[nH]nc(CC)c31)CO2	0.038713
rxn:2:141801:78570	CCC1CCCCC1NC1(C2CCC(F)(F)CC2)CC1	0.038707
rxn:2:126239:116180	Cc1noc2ccc(NC3CCc4oncc4C3)cc12	0.038705
rxn:2:87884:132697	Cc1c(C(C)NCCN2CCC(c3ccccc3)C2)ncn1C	0.038704
rxn:2:117286:121185	CC(NCCC1(N(C)C)CCCC1)c1cc2cnn(C)c2cn1	0.038703
rxn:2:104061:99141	CCC(CN(C)C(C)C)Nc1ccc2nc(C(C)C)cn2n1	0.038702
rxn:2:104535:105864	CCCN1CCCC1CNCc1cn(-c2ccccc2)nn1	0.038702
rxn:2:108166:140323	Cc1nc2c(o1)CCC(NC(C)CN(C)Cc1ccccc1)C2	0.038699
rxn:2:83040:79154	CC(C)(C)C1CCC1NC1C2(CCCC2)OC12CCCC2	0.038697
rxn:2:76577:139276	COc1cnn(-c2ccccc2NC2CCCC2CN(C)C)c1	0.038687
rxn:2:105682:136850	CCCC(F)C(Nc1ncnc(N(C)C)n1)c1ccccc1	0.038673
rxn:2:141275:122469	Cc1cc(NC2CCc3cnccc32)c2nncn2c1	0.038665
rxn:2:91252:89117	CCC(CC)n1ncc(NC2CCCCCC2C)c1C	0.038652
rxn:2:121824:138090	CCCc1ccnc(C(C)(C)NC(CC)c2ncccn2)n1	0.038651
rxn:2:114607:106896	CCC(C)CN1CCC(NCc2ncc3ccccc3n2)CC1	0.038649
rxn:2:126730:124134	COc1cccc([C@H](NC2CCCC23CC3C)C2CCC2)c1	0.038648
rxn:2:131244:102780	CC(C)(C)CC1CCC(NC2CCC(c3n[nH]c(=O)o3)CC2)C1	0.038648
rxn:2:97461:91973	CCCC(NCc1c(OC)nsc1OC)c1ccccn1	0.038641
rxn:2:118268:131500	COCC(NC(C)C(C)c1cccs1)c1ccc(C)cc1	0.038637
rxn:2:72464:142136	COCc1cn(CC(C)NC2CCc3ccc(C)cc3C2)nn1	0.038631
rxn:2:111911:109124	COc1ncncc1CNC(c1ccccc1)C1CCOCC1	0.038629
rxn:2:74917:82304	CCC(COCC1CCCO1)NCC1(C)CCCO1	0.038624
rxn:2:68879:103282	CC(NCCN1CCC(F)(F)C1)c1ccc(-n2ccnc2)cc1	0.038623
rxn:2:90203:99693	CC(Nc1cccc2c1C(C)OC2(C)C)c1ccn(C2CC2)n1	0.038604
rxn:2:113240:74850	COC(C)C(CNC(C)CCc1cncnc1)OC	0.038601
rxn:2:122380:126013	Cc1cc(NC2C[C@@H](OCc3ccccc3)[C@H]2C)c(C)c(C)n1	0.038601
rxn:2:106859:111501	COc1cc(SC)ccc1NC1CCC(c2cnn(C)c2)C1	0.038593
rxn:2:112071:97945	COCCN1CCC(NC(C)c2n[nH]c3c(C)nccc23)C1	0.038592
rxn:2:76543:96598	O=c1[nH]cccc1C1(NC(c2ccncc2)C2CCC2)COC1	0.038587
rxn:2:111885:66852	CSc1cn(C)nc1CNC(C)CCC1CCCCC1	0.038583
rxn:2:73320:117900	Cc1cc(NC2CCC3CC(C)CCC3C2)nn1Cn1cccn1	0.038581
rxn:2:116387:127812	CCC(NCCc1nccc2ccc(C)cc12)C1CC1(C)C	0.038576
rxn:2:87167:97868	CSCC1(CCNC2CCCC3(CC[C@H](F)C3)C2)CC1	0.038568
rxn:2:66768:115567	COc1cc(CCNC2c3ccccc3OCC2OC)ccn1	0.038564
rxn:2:115477:82980	COCC(CNC(C)c1ccccc1SC)C1CC1	0.038560
rxn:2:105995:134589	CCc1nc(NC2CC3CCCC(C2)S3(=O)=O)c2ccccc2n1	0.038554
rxn:2:68538:83241	Cc1ccc(C(CC2CC2)NCC(C)C2CCCO2)cc1	0.038552
rxn:2:66895:102228	CCOc1cccnc1CNC(C)c1ccc(C2CC2)nc1	0.038541
rxn:2:130040:76495	COCc1nnc(CNC2CCCC2c2cc(C)cc(C)c2)o1	0.038538
rxn:2:112036:140938	Cc1cn(CC2(C)CCC2)nc1NC1CC(Cc2ncon2)C1	0.038534
rxn:2:136815:80751	CC(Nc1ccc(CCN(C)C)cc1)c1cn2c(n1)CCCC2	0.038524
rxn:2:126434:89655	COc1ccc(OC)c(C(C)NC2CCCc3ccccc32)c1	0.038509
rxn:2:73098:67878	Cc1[nH]c(=O)ccc1C(C)NC(c1ccncc1)C1CCCC1	0.038509
rxn:2:120856:114686	CCCc1n[nH]c(NC(C)c2cn(C)c(C)n2)c1S(C)(=O)=O	0.038498
rxn:2:109985:82945	CCCOc1ccc(C(C)Nc2cc3n(n2)CC(F)(F)C3)cn1	0.038482
rxn:2:142098:142021	CCCC(Nc1nn(C(C)COC)cc1C)c1ncco1	0.038478
rxn:2:83180:115492	CCC1(C)CCCC1NC1(Cc2cc(C)cc(C)c2)CC1	0.038474
rxn:2:134660:94584	CN(CC1CC1)CC1CCCCC1N[C@H]1[C@@H]2CN(C)C[C@@H]21	0.038465
rxn:2:119910:82031	CCC(c1ccccc1)C(C)NC(C)c1cnc(OC)cn1	0.038464
rxn:2:89266:113157	CC(C)C(CSc1ccccc1)NC1CC[C@@]2(C)C[C@@H]12	0.038462
rxn:2:107372:129032	CCC(NC1CCCCCCCCCCC1)c1c[nH]cn1	0.038459
rxn:2:133794:75708	CC1(C)CC(NC2C3CCCC2COC3)CC(C)(C)S1(=O)=O	0.038440
rxn:2:85995:120817	CCc1nn(CC)c2c1C(Nc1nc(C(C)(C)C)cn1C)CCC2	0.038439
rxn:2:77170:134122	CN1C2CCCC1CC(NC(C)(C)c1nccc3ccccc13)C2	0.038438
rxn:2:111579:68974	COc1cccc(C(NC2(c3ccoc3)COC2)C2CCC2)c1	0.038433
rxn:2:120450:96554	CC1CC(NC2COc3c2ccc2c3OCCO2)CCN1C1CC1	0.038429
rxn:2:83982:96245	COc1nc(C)ccc1C(C)N[C@H]1CC[C@H](OC(C)(C)C)CC1	0.038427
rxn:2:70592:139317	O=c1ccc(CNC2CCN(C3COC3)C2)cn1CC1CC1	0.038416
rxn:2:99275:141457	CC(C)(C)N1C[C@H]2C[C@@H]1CC2Nc1cc(=O)n2c(n1)SCC2	0.038412
rxn:2:104450:119032	CCCC1COCCC1NC(C)c1cnc(SC)cc1C	0.038403
rxn:2:74113:108565	CC(NC(C)C1c2ccsc2CC1C)c1cc2c(nn1)OCCO2	0.038378
rxn:2:102490:88788	CCN(CC)c1cccc(NC2CCC(n3ccnn3)CC2)c1	0.038376
rxn:2:105923:72960	c1nc(CNC2C[C@H]3CC[C@@H](C2)N3C2CCCC2)n2c1CCCC2	0.038371
rxn:2:75467:141173	C(CC1CC1C1CC1)NC1CC(C2CC2)(C2CC2)C1	0.038366
rxn:2:104040:118754	CCC(C)N1CCC(NC(C)c2cnc3c(C)c[nH]c3c2)CC1	0.038364
rxn:2:97768:123900	Cc1cccc(N2CCC(NC3CCCN(C4CC4)CC3)CC2)n1	0.038361
rxn:2:138077:82826	CC1CCc2nnc(CC(C)NC3CCC4COCCC4C3)n2C1	0.038361
rxn:2:124147:73215	Cc1[nH]c2cc(NC3CC4(C)CCC(C)(C3)O4)ccc2c1C	0.038357
rxn:2:125902:121644	CC(CCOC(C)(C)C)Nc1ccc2c(c1)CN(C)CC21CC1	0.038355
rxn:2:103549:115773	CCCCS(=O)(=O)c1cccc(NC2CCc3c2cnn3C)c1	0.038353
rxn:2:100190:117075	Cc1cc2ccccc2nc1CNC(C)CCC(C)N(C)C	0.038349
rxn:2:123431:136400	CSCCc1nc(C2CC2)n(C)c1NC1COc2cnccc21	0.038333
rxn:2:80065:74125	Cc1ccc2c(n1)C(NCCN(C)C1CCS(=O)(=O)C1)CCC2	0.038332
rxn:2:141614:107360	C[C@@H](NC1c2ccoc2SC1(C)C)C(C)(C)c1ccccc1	0.038330
rxn:2:113802:116149	CCC1(CC)CC1CNC(c1cccnc1)c1cccs1	0.038329
rxn:2:77268:91914	Cc1cc(C(C)Nc2nc3cn[nH]cc-3n2)c(C)n1C	0.038323
rxn:2:103725:101777	Cc1cc(N2CCCC2)ccc1NC(C)CCc1cnn(C)c1	0.038321
rxn:2:131346:68886	CC(C)(F)c1ncncc1CNC1c2ccccc2C[C@H]2CC[C@@H]12	0.038320
rxn:2:127320:99481	Cc1cnc(N2CCC(NCC3CC4CCC(C3)C4F)CC2)cn1	0.038320
rxn:2:126449:84594	CN(C1CCC(Nc2ccnn(C(C)(C)C)c2=O)CC1)C(C)(C)C	0.038319
rxn:2:124695:135462	Cc1ccc2sc(CNC3CC(C)CCC3C(C)C)nc2c1	0.038315
rxn:2:73432:105370	CC1CC(N[C@@H](c2ccc[nH]2)C2CCC2)c2ccsc2S1(=O)=O	0.038311
rxn:2:86062:93985	CC(C)C(CC1CCOCC1)NCC12CCCC1C2(F)F	0.038300
rxn:2:136386:120152	CCOc1ccccc1C1CC1CNC1CC2CCC(C2)C1	0.038298
rxn:2:95824:91056	CCc1cc(CCNC2CN(C)c3cscc32)c(OC)nc1C	0.038294
rxn:2:127976:77841	CCC1(C)CC(NCCc2nnc(-c3ccncc3)s2)CCO1	0.038292
rxn:2:70066:96642	CCCC(Nc1ccc2nccn2c1)C1CCN(C2CC2)CC1	0.038288
rxn:2:70790:118255	CCC(CCC1CCCC1)N[C@H](C)CN1CC(F)C1	0.038279
rxn:2:79671:65819	CCC1(CC)CCC(Nc2csc3c2CCSC3)CC1	0.038276
rxn:2:72579:122469	CC[C@H](NC1CCc2cnccc21)c1ccc(OC)cc1OC	0.038270
rxn:2:73102:72787	COc1ccc(C(N[C@@H](C)c2ncc(C)s2)C2CCC2)cc1	0.038268
rxn:2:127000:122010	CCCC(NC1(c2ncc(C)cn2)CCC1)c1cc(C)cs1	0.038265
rxn:2:102130:82304	CCC(COCC1CCCO1)Nc1[nH]nc2c1COCC2	0.038262
rxn:2:85276:97388	Cc1cc(C)cc(C(C)Nc2ccc(N3CCOC(C)C3)nc2)c1	0.038262
rxn:2:100329:66097	Cc1ccc([C@H]2C[C@H](NC3CCOC(c4cccnc4)C3)C2)cc1	0.038256
rxn:2:73391:88007	Cc1cc(C)c(C(C)NC2CCC(N3CCC(C)CC3)CC2)o1	0.038255
rxn:2:73035:72342	Cc1noc2nc(NC3CCC(n4cccn4)CC3)sc12	0.038236
rxn:2:136331:104794	COc1cc(NC(C)c2cn[nH]c2)nc2c1ccn2C	0.038232
rxn:2:109230:126975	CCC(Nc1cnc(C2CCCCC2)nc1)C1CCSCC1	0.038225
rxn:2:95135:128952	CC1CC(Nc2ccc3c(c2)CCC(C)(C)O3)C(C)(C)N(C)C1	0.038223
rxn:2:95131:72788	CC(CC1CCCS1(=O)=O)Nc1cn(CC2CCOC2)nn1	0.038222
rxn:2:69462:136632	Cc1noc([C@H]2CC[C@H](NC(c3cccs3)C3CC3C)CC2)n1	0.038219
rxn:2:123969:92053	CCCC(NCc1ncc(C)nc1C)C1CCN(C2CC2)C1	0.038214
rxn:2:134314:85747	CC(C)C(CCN1CCCC1)NC1CC(c2cnn(C)c2)C1	0.038213
rxn:2:125194:71630	CCC(C)c1nc(C(C)NC2CC(C)Oc3ccccc32)n[nH]1	0.038211
rxn:2:125976:136011	CCc1nc(C)c(C(C)Nc2nc(C3CCOCC3)c(C)s2)o1	0.038197
rxn:2:114237:83573	Cc1ccc(C(C)Nc2nc(-c3ncccn3)ns2)n1C	0.038196
rxn:2:140507:115601	CC(NC(c1cnoc1)c1ccon1)c1ncc[nH]1	0.038194
rxn:2:109582:135192	COC1(C(F)(F)CNC2c3cc(C)ccc3CCC2F)CCC1	0.038194
rxn:2:116843:67587	Cc1cc(C)n(CCNC(C)c2cccc(C(C)(C)C)n2)c(=O)n1	0.038194
rxn:2:153756:80975	CCC(CC)N1CCC(Nc2cccc3c2ncc(=O)n3C)CC1	0.038190
rxn:2:71305:84421	c1ccc(N2CCCC(Nc3ccnn3CC3CCCO3)C2)cc1	0.038186
rxn:2:74581:105727	Cc1ccc(NC2CCCCC2n2ccnc2)c(OC(C)C)c1	0.038185
rxn:2:156287:84607	CC(C)N1CCCC1CNc1ncnc2c1[nH]c(=O)n2C1CC1	0.038184
rxn:2:71246:116613	COCC(NCC(F)(F)c1ncc(C)cc1C)c1cccs1	0.038161
rxn:2:78171:112256	CC(N[C@H]1C[C@@]1(F)c1ccccc1)c1ccc2c(c1)OCCCO2	0.038146
rxn:2:129167:136843	CCC1(C)CCC(NCc2cc(-c3ccccc3)ncn2)CC1	0.038146
rxn:2:66833:139072	Cc1cnc(C(NC2CCC3(CCOCC3)C2)c2ccncc2)s1	0.038133
rxn:2:86691:131446	COCCC(NC1(c2cnn[nH]2)CC1)c1cc(C)nn1C	0.038129
rxn:2:108121:71865	CCCC1(C)CCC(Nc2nc(C3CC3)ncc2OC)CC1	0.038128
rxn:2:81290:114251	CCC(CN(C)c1ccccc1C)NC1CCCCC1(F)F	0.038124
rxn:2:136029:97528	Cc1cc(C)c2c(c1)C(NCc1cncn1CC(C)C)CCS2	0.038120
rxn:2:133088:136188	CO[C@@H]1CCO[C@H](CNC(C)c2cc(-c3ccsc3)ccn2)C1	0.038116
rxn:2:110139:119527	CC(NCc1nn(C)cc1C1CCCCC1)c1ccc(=O)n(C)n1	0.038115
rxn:2:138745:70216	CC(NC1CC2CCCC1N2C)c1csc(-c2ccccc2)c1	0.038111
rxn:2:87030:88768	Cc1c[nH]c(C(C)Nc2ccn(-c3ccccn3)n2)n1	0.038109
rxn:2:136506:84904	COCCN1CCCC(NCc2nccc(N(C)C)n2)C1	0.038107
rxn:2:68568:85879	CCc1nn(C(C)(C)C)c(NC2COC3(CCOCC3)C2)c1CC	0.038106
rxn:2:122599:69285	Cc1ncc(C(C)Nc2nc3cc(C)c(C)cc3o2)[nH]1	0.038101
rxn:2:75952:113210	CCc1nccnc1NC(C)c1ccc2[nH]cnc2c1	0.038099
rxn:2:71264:91634	CC1C(NC(c2cccnc2)c2nccn2C)C[C@]2(C(C)C)C[C@H]12	0.038091
rxn:2:134195:93291	CCc1ccc(C(CC)NC2CCN(c3nc(C)ns3)C2)cc1	0.038091
rxn:2:103948:110962	CCC(C)C(NC1c2ccc(C)cc2CC1C)c1n[nH]c(C)n1	0.038091
rxn:2:69122:85300	CCc1ncc(COC)c(NC2CC3(Cc4ccccc4C3)C2)n1	0.038083
rxn:2:82343:123085	COc1nc(NC2CCCC3(CCOCC3)C2)ncc1C1COC1	0.038077
rxn:2:66028:108792	CSCCC(Nc1ncncc1S(C)(=O)=O)c1ccccc1	0.038067
rxn:2:141717:79474	CCC(C)(C)C(C)NC(C)c1ccccc1OC(C)C	0.038058
rxn:2:96899:91782	CC12CCCCC1CC(NCC1CCCC1N1CCCC1)C2	0.038053
rxn:2:86959:108380	COc1ccsc1C(C)Nc1nc(=O)nc(C2CCCCC2)[nH]1	0.038050
rxn:2:95439:82270	Cc1nc(C)n(CC(C)NC2CC(CN3CCCCCC3)C2)n1	0.038046
rxn:2:78364:100818	Cc1ccnc(C(N[C@H]2C[C@@H](C)CC[C@@H]2C(C)C)C2CC2)c1	0.038046
rxn:2:81734:78193	CCS(=O)(=O)Cc1cccc(NC2CC3CC[C@]2(C)C3(C)C)c1	0.038037
rxn:2:78166:72538	CC(C)OCC(Nc1cc2c(s1)CN(C)CC2)c1cccn1C	0.038035
rxn:2:126092:94554	COc1ccc(C2CC(Nc3ccc(N4CCCC4)nn3)C2)cc1	0.038033
rxn:2:111164:67759	Cc1ncccc1[C@@H](C)NC(C)c1ccn2cnnc2c1	0.038032
rxn:2:140970:91473	COCC1CCC(Nc2c(OC)ccc3cnn(C)c23)C2CCC12	0.038028
rxn:2:134299:79568	Cc1nnc(-c2ccc(C)c(NC3CCCCC34CCCO4)c2)o1	0.038025
rxn:2:82401:139426	CC(C)C1(C)CC(NCCn2cnnc2CC(C)(C)C)CCO1	0.038018
rxn:2:140089:108484	Cc1cncc(C(C)NCc2nccn3ccnc23)c1C	0.038017
rxn:2:90730:109889	CC(NCC(C)(F)c1ccccc1)c1ccc2c(c1)CCCO2	0.038014
rxn:2:78059:95484	CCc1ccc2c(c1)OC[C@@H]2NC1CCN(CCOC)CC1C	0.038006
rxn:2:103508:107492	CCCSC1(CNC(c2ccco2)c2cccs2)COC1	0.037999
rxn:2:133744:124279	C[C@]12C[C@H]1Oc1ccccc1C2Nc1cc(S(=O)(=O)F)ccn1	0.037994
rxn:2:71716:78263	CCc1nc(NC(C)c2cnnc(C)c2)c2ccccn12	0.037989
rxn:2:111289:105256	CCC1CCC(CCNC(CC(C)C)c2nccn2C)O1	0.037987
rxn:2:70372:105760	CCC(NCc1c(SC)cnn1C)C(C)c1ccccn1	0.037987
rxn:2:126017:119375	CCC(CN(C)C1CC1)Nc1ccnn(CC(C)C)c1=O	0.037987
rxn:2:91154:92362	CN(C)Cc1ccccc1CNC1CCC(CC(C)(C)C)C1	0.037969
rxn:2:106440:93557	Cc1ccc(C(Nc2cccc3c2CN(C)CC3)C(C)C)cc1	0.037963
rxn:2:105543:123015	Cc1cc2c(cc1C)C(NCC(C)(C)c1cccnc1)CCS2	0.037962
rxn:2:83965:84746	COc1nc(C(C)N[C@@H]2C[C@H](C)CC[C@@H]2C(C)C)cn2ncnc12	0.037957
rxn:2:140510:72941	COc1cc(C)ncc1NC1CCCc2c(cccc2OC)C1	0.037953
rxn:2:118361:81441	Cc1nn(C)c(C)c1C(C)NCc1nccc2ocnc12	0.037951
rxn:2:76804:66938	Cc1ccc(CN2CC(NC(C)CCc3ccccc3)C2)s1	0.037947
rxn:2:90787:74209	Cc1cccc2cc(C(C)NC(C)CN3CCCN(C)CC3)oc12	0.037947
rxn:2:110251:102771	COc1ncccc1C1CC1CCNC1CCOCCC1(F)F	0.037943
rxn:2:92862:98425	COC(CNC(C)CCc1cccn1C)C1(SC)CC1	0.037937
rxn:2:70795:113185	c1ccc(CN2CCC[C@H]2CNC[C@]23CCC[C@H]2OCC3)cc1	0.037935
rxn:2:106603:68942	Cc1cc(NC2CC(F)Cc3[nH]ccc32)nn1CCS(C)(=O)=O	0.037931
rxn:2:97885:86984	COCc1nc(COC)c(C(C)N[C@H]2[C@@H]3CC[C@H]2COC3)s1	0.037920
rxn:2:107966:109487	CC(Nc1nocc1C1CC1)c1ccc2[nH]ccc2n1	0.037915
rxn:2:106840:66145	CC(Nc1cncc(N(C)C)c1)c1cccn2ncnc12	0.037895
rxn:2:93086:106423	CCOC1CCCC(NC(C)c2ccc(OC)c(OC)c2)C1	0.037887
rxn:2:124888:107679	CCC(NC1CCC(OCc2ccccc2)C1)C1CCCO1	0.037883
rxn:2:101080:100219	Cc1[nH]nc(CC(C)C)c1CCNC1CCCC2CCCC21	0.037870
rxn:2:121049:129171	Cc1ccnnc1C(C)Nc1ccc(-n2cnnc2)cc1	0.037859
rxn:2:100172:127554	CCC(Nc1c(C)ccc2c1CCC2)C1CC2(CCC2)C1	0.037857
rxn:2:134955:70059	c1ccc(-c2ccncc2NC2CCCCCC23CC3)cc1	0.037857
rxn:2:97591:135892	COc1ncc(C(C)NCC(F)(F)c2cnn(C(C)(C)C)c2)s1	0.037856
rxn:2:73389:73491	CCCC(CN(C)C1CC1)Nc1c(C)cc2c(c1C)OCO2	0.037839
rxn:2:124849:107483	COC1CC(F)(F)CCC1NC(C)c1cnn(-c2ncccn2)c1	0.037839
rxn:2:132712:106896	CCC(C)CN1CCC(Nc2cn(CC(C)C)nc2C)CC1	0.037827
rxn:2:100916:76167	CC(NC1(CN2CCN(C)CC2)CC1)c1cn2ncnc2cn1	0.037810
rxn:2:117655:128969	Cc1nc(C)c(C(C)Nc2ccc(OCC(C)C)c(C)c2)o1	0.037804
rxn:2:80535:96029	Cc1n[nH]c(C)c1C(C)NC1CCCc2sc(C(C)(C)C)nc21	0.037797
rxn:2:90291:137914	CSCCC1CC(Nc2ccc(C)c(C(C)C)c2C)C1	0.037792
rxn:2:116302:116518	COC(C)(C)Cn1ncc(NC2COc3c(C)ccc(C)c32)c1C	0.037782
rxn:2:92771:91782	Cc1nccn1-c1ccc(NC2CC3CCCCC3(C)C2)cc1	0.037779
rxn:2:111163:87722	CCOc1ccc(C(C)NCC2COc3cscc3O2)cc1C	0.037777
rxn:2:104127:84488	CCc1c(NC(CC)C2CCCCO2)cnn1-c1ccccc1	0.037769
rxn:2:116893:86069	Cc1ccc(O[C@@H]2CCC[C@H]2NC2CCCC[C@H]2C(C)C)nc1	0.037763
rxn:2:117797:123286	CCC(CNC1CCC(N2CCOCC2)CC1)S(C)(=O)=O	0.037759
rxn:2:140028:109900	O=c1cc(NC2CCCc3cn[nH]c32)c2c([nH]1)CCCC2	0.037754
rxn:2:126682:85662	COCCC1CCC(NC(CC(C)C)c2nncs2)CC1	0.037753
rxn:2:91269:129023	CC(NCc1cc2cnccn2c1)c1ccc2c(c1)CC2	0.037748
rxn:2:94186:83653	Cc1c(-c2ccco2)n[nH]c1NC1CCC2(CC1)C(C)C2(F)F	0.037746
rxn:2:66878:131668	Cc1ccc2c(c1)C(NC1COCC1Oc1cn[nH]c1)CCC2C	0.037744
rxn:2:104000:122469	CCCn1nc(CC)c(C2CC2)c1NC1CCc2cnccc21	0.037742
rxn:2:71868:85338	Cc1nn(C(C)C)cc1C(C)Nc1nccc2ncsc12	0.037736
rxn:2:77856:133406	CSc1ccc2c(c1)CCCC2N[C@H]1CCCC(F)(F)C1	0.037733
rxn:2:99927:109784	CCN(Cc1ccc(NC2CCS(=O)(=O)C[C@H]2C)cc1)C1CC1	0.037725
rxn:2:132564:128969	Cc1cc(C)c2c(NC(C)c3oc(C)nc3C)noc2n1	0.037717
rxn:2:124639:103336	CCOCC1(CNC(C)c2cc(CC)cs2)CCOCC1	0.037716
rxn:2:95414:84719	CCc1cccc(C(C)Nc2ncc3ccn(C)c3n2)c1	0.037715
rxn:2:82526:112014	CCc1cnn(C2CCSC2)c1NC(c1ccncc1)C1CC1	0.037714
rxn:2:77408:118665	CO[C@@H]1C[C@H]2CC(NC(C)c3ccc(C)c4ccncc34)C[C@H]2C1	0.037710
rxn:2:103960:69363	CC1(C)CCCC(CNCc2ccc(CN3CCCCC3)o2)O1	0.037697
rxn:2:83803:79672	Cc1ccccc1N1CCC(Nc2nc(N3CCCC3)n[nH]2)CC1	0.037691
rxn:2:84590:74117	CC(C)(F)C1CCC(Nc2cc(=O)[nH]n2CC2CC2(F)F)CC1	0.037686
rxn:2:97853:106394	Cn1nc(C(C)(C)C)cc1CNC1c2ccccc2C2CCC1C2	0.037683
rxn:2:131235:140702	CC(C)n1cc([C@@H](C)NC(CC2CCOCC2)C(C)(C)C)nn1	0.037678
rxn:2:70958:117783	Cn1cc2c(c1)C(Nc1ccc(OCC3CCCC3)cc1)CC2	0.037675
rxn:2:86301:66287	Cc1cc([C@@H](NC(C)CC2CCCCO2)C2CCC2)oc1C	0.037668
rxn:2:103668:75247	COc1cc(C)cc(C)c1C(C)NC1c2cccnc2CCC1F	0.037668
rxn:2:123144:110590	COc1cc(C)cc2c1OCC[C@H]2NC(C)CC1(OC)CCC1	0.037667
rxn:2:100038:68298	CC(N[C@H]1CCN(C2CCOC2)C1)c1c(-c2ccsc2)cnn1C	0.037658
rxn:2:74556:134920	Cc1nc(S(=O)(=O)C2CC2)ccc1NC1CCC2(CCOCC2)C1	0.037651
rxn:2:66436:117295	CCCCC(COC)N[C@H]1CCCC[C@H](OC)C1	0.037650
rxn:2:102491:81749	COc1ncc(C(C)NC(C)c2c(C)ccc(C)c2C)cc1C	0.037649
rxn:2:103552:77748	Cc1cc(Oc2ccc(NC3CCN4CCOC[C@@H]4C3)cc2)[nH]n1	0.037647
rxn:2:126841:125233	CCN1CCCC(Nc2nc(C)cc(C3CC3)n2)c2ccccc21	0.037647
rxn:2:137051:122717	CCCC(NCc1cc(C(CC)CC)no1)C(C)C	0.037643
rxn:2:94016:102043	Cc1ccc2c(c1)C(NC[C@H]1CCC(F)(F)C1)CCCC2	0.037631
rxn:2:97113:93708	C[C@@H]1CCCCC(NC2CCCCCCCC2)C1	0.037630
rxn:2:136600:121421	COc1cccc(C2CC(NC(C)c3c[nH][nH]c3=O)C2)c1	0.037623
rxn:2:68366:100862	Cc1nc2c(c(NC3CCCc4nc(C(C)C)[nH]c43)n1)OCCC2	0.037620
rxn:2:82251:112099	CC1CC(NCC(F)(F)CN2CC3CCC2C3)CCC1(C)C	0.037612
rxn:2:125359:95208	Cc1c[nH]c2c(C(C)NC3CCOCC34CCOCC4)cccc12	0.037611
rxn:2:71087:68140	Cc1nn(C)c2c1C(N[C@H]1CC[C@H](OC(C)C)CC1)CC(C)(C)C2	0.037610
rxn:2:127723:67327	COc1nc(NCC2CCOc3ccccc32)nc(C)c1C(C)C	0.037605
rxn:2:76854:82031	COc1cnc(C(C)NC2CCCCCCCCCCC2)cn1	0.037605
rxn:2:131680:78156	CCC(NC1CC(c2cccs2)CN(CC)C1)C1COCCO1	0.037594
rxn:2:87643:74240	COc1ccc2c(c1)CCC(NC1CCc3cc(C)cc(C)c31)C2	0.037575
rxn:2:123016:128120	Cc1ccc2c(c1)C(NCCc1c[nH]nc1C(C)C)C(C)(C)C2	0.037574
rxn:2:65943:118398	CC1(C)CCc2ncccc2C1Nc1nc(CC2CCOC2)cs1	0.037571
rxn:2:125736:101283	CCS(=O)(=O)c1cnc(NC2CC(c3cccs3)C2)c(OC)c1	0.037554
rxn:2:135904:111042	CC(NC1CCC2(CC1)CCC(F)(F)CC2)C1CCCOC1	0.037544
rxn:2:110994:79808	CC1CCC2(CC1)CCC2Nc1ccc2c(c1)CC1(COC1)C2	0.037540
rxn:2:78689:122010	CCCC(NCC1(C(C)(C)OC)CC1)c1cc(C)cs1	0.037540
rxn:2:107027:100663	CCc1ccc(C(Nc2nnc(C(C)(C)F)s2)C2CC2)cc1	0.037513
rxn:2:72329:112865	CCC(NCc1ccc(-n2cccn2)o1)c1ccsc1	0.037511
rxn:2:79801:81324	CCN1CCC(N[C@H](c2ccc(C)c(C)c2)C2CC2)C(C)(C)C1	0.037508
rxn:2:109095:96042	CC(C)c1csc2nnc(CNC3CCCN(C4CCCC4)C3)n12	0.037507
rxn:2:94912:130065	Cn1cc(NCC2c3ccccc32)c(-c2ccccc2)n1	0.037497
rxn:2:131603:114104	c1ccc(CN2CCC(NCC3CC3c3cc[nH]c3)CC2)nc1	0.037483
rxn:2:140768:83206	Cc1cc2ccccn2c1C1(NC(C)c2cnsc2)CC1	0.037482
rxn:2:77787:136955	CCc1cc(CCNC2CCOc3c(SC)cccc32)on1	0.037475
rxn:2:116574:76189	CC(NCC(C)(C)c1ncn[nH]1)c1ccn(C(C)C2CC2)n1	0.037475
rxn:2:80752:132633	CCC(CNC1CCC2(CCCC2C)CC1)C(C)(F)F	0.037474
rxn:2:82146:121766	C=C=Cc1cnc(C(C)Nc2nc3c(s2)[C@H](C)O[C@H](C)C3)cn1	0.037473
rxn:2:72723:77025	CC(CCCc1ccccc1)NC12CC(N3CCCC3)(C1)C2	0.037471
rxn:2:122550:99066	CCCC(NCc1nc(C(C)(F)F)no1)C(CC)CC	0.037467
rxn:2:124396:107781	CCCC(C)N(C)C1CCCCC1N[C@@H]1CCC[C@H](F)C1	0.037465
rxn:2:90543:132426	CSc1ccc(C(F)CNC2CCN3CCCCC3C2)cc1	0.037464
rxn:2:95717:117900	CCC(CC)CCNC1CCC2CC(C)CCC2C1	0.037463
rxn:2:119399:126985	COc1c(C)oc(C(C)NCC2CC2C2CCCC2)c1OC	0.037454
rxn:2:132171:76636	CC(C)CCn1cc(NC2c3ccccc3S(=O)(=O)CC2C)cn1	0.037453
rxn:2:130401:133488	CSCCC(NC1c2ccccc2CCC1(C)C)c1ncno1	0.037428
rxn:2:120839:118493	CCN(CC)c1cnccc1CNC1CC2(CC3CCC2C3)C1	0.037417
rxn:2:140133:97418	CC1CCCN1c1cccc(NC2CC(C)(C)Cc3[nH]cnc32)n1	0.037411
rxn:2:99637:139826	CC1CCCC(c2cc(NC(C)CCN3CCCC3)n(C)n2)C1	0.037408
rxn:2:131906:70732	COc1cc(C)cnc1C(C)NCc1ccc(=O)[nH]c1C1CC1	0.037407
rxn:2:69163:69835	Cc1cc(CNC(C)c2cnc(-c3ccnn3C)s2)co1	0.037403
rxn:2:68102:111603	CCCC(NCc1noc([C@@H]2CCCN2C)n1)c1ccc[nH]1	0.037402
rxn:2:94797:129852	COc1ncc(C(N[C@@H](C)Cc2cncn2C)C2CCC2)[nH]1	0.037397
rxn:2:138103:113026	Cc1cccc2c1C(NCc1ccc(CN(C)C)cc1)CC(C)O2	0.037396
rxn:2:71650:85590	COc1ccc2c(c1)OC(C)CC2NC1CC(CN2CCCC2)C1	0.037390
rxn:2:141676:83843	Cc1cccc2c1C(NC(C)c1ccc(C(C)(C)C)o1)CCO2	0.037381
rxn:2:106001:126356	CCc1nn(C2CCSCC2)cc1NC1CCCC23CC(CO2)C13	0.037373
rxn:2:111703:137026	CC1(C)CCC(NCc2ccc(-c3cccnc3)o2)C(C)(C)C1	0.037371
rxn:2:68368:126725	CC(CCN(C)C(C)(C)C)NC1CCC2CC1c1ccccc12	0.037368
rxn:2:90415:100518	CCOc1ccc2onc(NC3CCCCC3N3CCCC3)c2c1	0.037366
rxn:2:124109:96655	CCCC1CCC(NC2(C)CCCCC2c2cnc[nH]2)CC1	0.037362
rxn:2:122608:79384	C=C=CC(Nc1cnn(C2CCCO2)c(=O)n1)c1ccccc1	0.037352
rxn:2:68689:102677	COc1cccc2c1CCC(F)C2NCCN1CC(C)OC(C)C1	0.037350
rxn:2:100936:77038	CC(C1CCOC1)n1ncnc1NC(c1ccc[nH]1)C1CCC1	0.037349
rxn:2:80872:90475	CC(CCc1ccc(C2CC2C)o1)NC(C)c1n[nH]c(=O)o1	0.037337
rxn:2:72045:95364	CCC[C@H](C)C(CC)Nc1ccc(CS(C)(=O)=O)c(C)c1	0.037315
rxn:2:132632:113548	COc1sc(C)cc1CNC(C)c1nccn2ncnc12	0.037315
rxn:2:91217:124383	CCOc1cccc(N(C)C)c1NC1CSc2ccc(C)cc21	0.037314
rxn:2:122484:135964	COc1cc(NC(C)c2ccc(C3CC3)[nH]c2=O)n(C(C)C)n1	0.037311
rxn:2:81327:115229	COCC(F)(F)CNC(C)c1ccc(OC)c(SC)c1	0.037310
rxn:2:79899:89795	CCSc1ccc(C(NCC2COCCO2)C2CC2)cc1	0.037304
rxn:2:104860:117729	COc1cccc2c1C(NC1C3CC1CN(CC(C)C)C3)C(C)C2	0.037302
rxn:2:115342:89258	CC(NCC1CCCCC(F)(F)C1)c1ccc2cn[nH]c2c1	0.037293
rxn:2:75386:76903	CCO[C@H]1CC(N[C@@H](CC)c2ccc(C)c(C)c2)[C@@]12CCCO2	0.037290
rxn:2:129004:106594	Cc1cccc(CN2CC(NC3CC4(F)CCC3(C)C4(C)C)C2)c1	0.037287
rxn:2:127825:117295	CCCCC(COC)Nc1ccc(CN(C)C)c(C)c1	0.037280
rxn:2:110981:83278	COC1CCCC2(CC(N[C@H](C)C3CCOc4ccccc43)C2)C1	0.037279
rxn:2:141535:78736	CCc1cc2cn[nH]c2cc1NC1CCC(C)(C(C)C)CC1	0.037278
rxn:2:82252:73810	CC1(C)c2ccccc2C(Nc2ccccc2S(=O)(=O)F)C1F	0.037255
rxn:2:134911:76811	c1ncn(CC2CCCCCC2NC2CCC3(COC3)OC2)n1	0.037252
rxn:2:135004:125636	CCC1CCCCCC1NC1CCN(Cc2ccccc2)C1	0.037251
rxn:2:119674:124463	CC(C)N1CCCC(NC2CC3CCCC(C2)N3C2CC2)CC1	0.037250
rxn:2:137567:82984	CCC1CN(C2CCCC2NC2CC3(C2)CC(C)(C)C3)CCO1	0.037250
rxn:2:118159:119549	CSc1nc(NC2CC[C@H](C)C2)cc(N(C)C)n1	0.037231
rxn:2:137369:135967	CCOCc1nc(C)c(C(C)NC2c3ccccc3CC2F)s1	0.037229
rxn:2:106517:122221	Cc1cc(=O)[nH]c2c1C(NC1CC3CN(C)CCN3C1)CCC2	0.037214
rxn:2:116452:66938	CCCCN1CCCC(NC(C)CCc2ccccc2)C1	0.037197
rxn:2:95141:140385	CC1(C)CN(C2CCC(NCCC3CCc4cccnc43)CC2)C1	0.037195
rxn:2:106597:102228	CCN(CC)c1cc(NC(C)c2ccc(C3CC3)nc2)[nH]n1	0.037191
rxn:2:129743:77015	CCC1CCCC(NCC2CCSc3cccc(C)c3C2)C1	0.037184
rxn:2:81522:98025	COc1ccc2scc(C(C)N[C@@H](C)C3CCCOCC3)c2c1	0.037177
rxn:2:131250:107559	CCC(CSC1CCOCC1)Nc1ccsc1C(C)(C)C	0.037173
rxn:2:79217:78222	CN1CCN(c2ccncc2NC2CCC(c3ccncc3)C2)CC1	0.037165
rxn:2:77826:119681	CC[C@H](NC(C)c1ccn2ccncc12)c1nc(C)no1	0.037160
rxn:2:105523:95364	CCC[C@H](C)C(CC)NCC(C)n1ncc2c1CCCC2	0.037157
rxn:2:107968:125881	CCCC[C@H](NC1CCOc2[nH]c(=O)ccc21)c1ccccc1	0.037152
rxn:2:119419:66054	CCOc1ccc(C(Nc2nnc(SC)o2)C(C)C)cc1	0.037152
rxn:2:77884:119575	COc1cccc2c1OCCC2NCc1ccncc1S(C)(=O)=O	0.037151
rxn:2:131466:72770	CCc1ccc([C@@H](CC)NC(C)CCc2ccsc2)o1	0.037145
rxn:2:82999:119273	COC(C)(C)CC(C)Nc1c(C)cnn1C(C)c1ccsc1	0.037140
rxn:2:132147:79481	CCSc1nc2cc(NC3CCC34CC(OC)C4)ccc2[nH]1	0.037140
rxn:2:129621:97600	CCc1cc2c(o1)C(C(C)NC(CC)c1ccco1)CCC2	0.037138
rxn:2:120978:155423	CCc1cc(NC2CCCc3c2nnc2ncnn32)on1	0.037137
rxn:2:87557:128757	c1csc(C2CC(Nc3ccc4cncnc4c3)CS2)c1	0.037137
rxn:2:125310:77671	CC[C@@H]1CCCC1Nc1nnc(SCc2csc(C)n2)s1	0.037129
rxn:2:110298:118376	c1cc(-c2ccoc2)c(NC2CCc3ccsc3C2)cn1	0.037119
rxn:2:100504:74816	CC(NCc1cn(C(C)C)nn1)c1ccc2ccoc2c1	0.037108
rxn:2:80109:161231	CCCn1ccc(NC(C)c2cnc3scnn3c2=O)n1	0.037100
rxn:2:70117:104934	CC1CC(Nc2ccc3o[nH]c(=O)c3c2)c2ncnn21	0.037096
rxn:2:86329:95150	CC(C)CC1CCCCC1NCCN(C)C1CCN(C)C1	0.037095
rxn:2:91186:123041	c1ccc(COC2CC(NCc3cc(C4CC4)ncn3)C2)cc1	0.037089
rxn:2:74222:89337	CCCN1CCC(C(CC)NC2CCCN(CC)C2)CC1	0.037088
rxn:2:95241:130502	COC1(C)CC(F)(F)CCC1NC(CS(C)(=O)=O)c1ccco1	0.037086
rxn:2:102703:107760	CCN1CCC(NCc2ccc3c(c2)CN(C(C)C)C3)C(C)C1C	0.037082
rxn:2:113581:66156	COc1cc(CNC(C)c2csc(C3CC3)c2)cc(OC)c1	0.037078
rxn:2:76409:98748	Cc1cccc2c1SCCC2NC(C)(C)c1cn(CC2CC2)nn1	0.037072
rxn:2:122411:113393	Cc1cn(CCN(C)C)nc1NC(C)c1cccc(C2CC2)n1	0.037064
rxn:2:83272:115719	CC(N[C@@H](c1ccsc1)C(C)C)c1cnn2cccnc12	0.037058
rxn:2:124121:83404	CC(C)n1cc2c(n1)CCC(NC1CCCN(c3cnn(C)c3)C1)C2	0.037054
rxn:2:109393:117729	COc1cc(NC2c3c(cccc3OC)CC2C)cc(C2CC2)n1	0.037051
rxn:2:134523:117450	CC1CCN(c2ccncc2NC2CCN(c3ccncc3)C2)CC1	0.037047
rxn:2:72456:101661	Cn1nc2ccccc2c1NC1CCCC(C2CCCCC2)C1	0.037037
rxn:2:120974:83411	CC1CC1N1Cc2ccc(NC3CCCC(n4nccn4)C3)cc2C1	0.037034
rxn:2:139650:117295	CCCCC(COC)NCc1cc2n(n1)CCS(=O)(=O)C2	0.037032
rxn:2:86636:77396	CC(C)[C@@H]1CC[C@H](C)CC1Nc1ccc(OC2CCOC2)cc1	0.037025
rxn:2:72956:102461	CCCOc1cc(CNC(C)c2cn(C(C)C)cn2)nn1C	0.037025
rxn:2:92485:67569	CC[C@@H](NC1CCCCCCCC1)c1ccccc1S(C)(=O)=O	0.037024
rxn:2:110133:137126	Cc1noc([C@@H]2OCC[C@@H]2NC(C)c2ncsc2C2CCCC2)n1	0.037023
rxn:2:68179:114007	CCOC(CNCc1cnn(-c2cccnc2C)c1)C(C)C	0.037019
rxn:2:73207:88822	CCOC1CC(NC2COC3CCCC(F)C23)C1(CC)CC	0.037016
rxn:2:67708:91079	COc1cc(C(Nc2ccc(SC)cc2C)C2CC2)ncn1	0.036998
rxn:2:128311:95409	c1coc([C@@H](NC2CCc3[nH]ncc3C2)c2ccsc2)c1	0.036997
rxn:2:88881:110689	CC(Nc1cn[nH]c1C1CCCCC1)c1cnn(C2CCC2)c1	0.036997
rxn:2:74334:111314	COCC(NC(C)(C)CCc1ccccn1)c1ccnn1C	0.036992
rxn:2:103633:82495	COC(CNc1ncn(Cc2cccnc2C)n1)C1CCCC1	0.036987
rxn:2:122912:76464	CCOC(C)(CNC(C)c1ccnc(C)c1C)C1CCCC1	0.036984
rxn:2:124009:90234	Cc1ccc(NC2CC3CCCCCC3C2)c(OC2CC2)c1	0.036976
rxn:2:69175:132057	CSc1cncc(C(C)NCC2C3CC(C3)N2C2CCC2)c1	0.036969
rxn:2:125439:104142	CCC(C)N1CCCC(NCCN2CC3CCC2C3)C1(C)C	0.036968
rxn:2:108194:123133	CC(C)CCCN1CCC(N[C@@H]2CCN(C)C[C@H]2F)CC1C	0.036967
rxn:2:87776:118665	CCS(=O)(=O)CC(F)(F)CNC1C[C@@H]2C[C@@H](OC)C[C@@H]2C1	0.036955
rxn:2:125359:93159	CCCCC(NC1CCOCC12CCOCC2)C(C)CC	0.036941
rxn:2:84920:81766	Cc1nc(C(NCC2CN(C)c3ccccc32)C(C)C)cc(=O)[nH]1	0.036938
rxn:2:125918:139115	c1cc2c(cn1)CCC(Nc1cc3c(c4c1CCCC4)CCC3)C2	0.036936
rxn:2:69049:95281	CCN1CC2CCC(CNC3CCc4[nH]c(=O)ccc43)(C1)C2(F)F	0.036935
rxn:2:123097:132792	CCC(Nc1[nH]nc2c1CCCC2)c1cc(OC)ccc1OC	0.036929
rxn:2:132878:126911	CCc1nc(NC(CC(C)(C)C)C2CC2)oc1C1CCN(C)C1	0.036928
rxn:2:122187:77801	COC(C)(C)CN1CCC(NCCN2CCC(C)C2)CC1	0.036928
rxn:2:90412:71857	CC[C@@H](NC(CCN(C)C)c1ccncc1)c1cccnc1	0.036921
rxn:2:66613:78834	O=c1sccn1CCn1ccc(NC2CCOC23CCOCC3)n1	0.036920
rxn:2:118434:118456	CC(NC(c1cccnc1)c1ccco1)C1CCCCCC1	0.036916
rxn:2:126915:72538	CC(C)OCC(NCc1noc(C(C)C)n1)c1cccn1C	0.036916
rxn:2:65983:72770	CCC(CN1CCCC(C)C1)NC(C)CCc1ccsc1	0.036914
rxn:2:67333:112500	COc1ccccc1CN1CC(NC2Cc3cccc(OC)c32)C1	0.036910
rxn:2:66925:134483	CC(C)c1cccc2c1C(Nc1cn(C)nc1SC1COC1)CC2	0.036905
rxn:2:111531:80555	COCCC(Nc1ccnc(CC(C)C)n1)c1cnn(C)c1	0.036899
rxn:2:90138:123636	CCCCn1nnnc1CNC(C)c1cncc(C(C)C)c1	0.036899
rxn:2:72105:108873	CS(=O)(=O)CC(CNC1CCC2C(C1)C2(F)F)C1CCCC1	0.036899
rxn:2:88928:87494	CC(NC1CCC(N2CCCC2)CC1)c1cc(C(C)(C)C)ccn1	0.036879
rxn:2:67545:108354	CC(NCCN1CCOCC12CC2)c1cccc(-n2ccnc2)c1	0.036875
rxn:2:128582:139993	CCn1cnnc1CC1CC(NC2CC(C)(C)Cc3[nH]ncc32)C1	0.036874
rxn:2:138853:75345	CC(C)c1[nH]nc(C2CCC2)c1CNC1COCc2nn(C)cc21	0.036872
rxn:2:119775:116518	Cc1ccc(C)c2c1OCC2NCC1(CN2CCCCC2C)CC1	0.036859
rxn:2:134778:130512	CCc1nc(C(C)NC2CCc3nc(C(C)(C)C)[nH]c32)n[nH]1	0.036852
rxn:2:113500:104655	COCc1c(NC2c3ccccc3OC3CC32)cnn1CC1CC1	0.036852
rxn:2:102415:114628	c1ccc(C(NC2CC2c2ccco2)c2cncs2)cc1	0.036851
rxn:2:127833:135691	CC(Nc1nccc2c1COC2)c1cnc2cc[nH]cc1-2	0.036833
rxn:2:138134:115970	CCn1cc(C(F)(F)CNC(C)c2ccc(C3CC3)cn2)cn1	0.036832
rxn:2:141801:86002	COc1cnc2c(c1)CCCC2NC1(C2CCC(F)(F)CC2)CC1	0.036829
rxn:2:76428:73522	CCCCC(NCC1(c2nnc3ccccn23)CC1)C(C)C	0.036827
rxn:2:104736:131973	COc1ccc(C(NC2CCC(C)CC2OC)C2(C)CC2)cc1	0.036821
rxn:2:102162:85290	CC(C)CN1C(C)CCCC1CNC(C)c1cccc2nncn12	0.036803
rxn:2:80835:133362	CCc1ccc(C(C)N[C@@H](C)c2cccc3c2CCCC3)nc1	0.036801
rxn:2:99885:135197	CCC(NC1CCC(c2nncn2C)CC1)C(C)c1ccncc1	0.036800
rxn:2:119892:71259	CCC(NCc1ccnc(S(=O)(=O)C2CC2)c1)c1ccccc1	0.036799
rxn:2:68039:77258	Cc1nc(C(C)NCC(C)(C)CCc2cccnc2)c(C)n1C	0.036796
rxn:2:138654:94065	COc1cc(NC(C)c2cnn3c2CCCCC3)c2c(c1)OCCO2	0.036789
rxn:2:104426:118732	Cc1cc(OC(C)C)ccc1C(C)NC1CCCC(N(C)C)C1	0.036776
rxn:2:98201:96639	CC(C)(CNC1CCC2(CCCO2)CC1)S(=O)(=O)c1ccncc1	0.036764
rxn:2:122581:91806	CCCn1ncc(C(C)Nc2c(N3CCCC3)nn(C)c2C)c1C	0.036734
rxn:2:118359:87753	c1csc(-c2nnc(CCNC3CCN(CC4CCC4)C3)o2)c1	0.036731
rxn:2:86684:83017	Cc1cc(NC(C)c2ccc(C3(C)CCO3)cc2)c2c(c1)OCC2	0.036727
rxn:2:77499:68923	COc1cnn(CCN(C)C)c1NC(C)c1cc2c(s1)CCC2	0.036712
rxn:2:139385:118923	Cn1nccc1-c1cc(NC2CCC(OC3CCCC3)CC2)[nH]n1	0.036704
rxn:2:73244:135723	c1ccc2c(c1)SCCC2NCCC1CCCc2sccc21	0.036701
rxn:2:80121:113548	CC(Nc1ccc2c(c1)CC(F)C2)c1nccn2ncnc12	0.036699
rxn:2:108584:134466	C1CC(OC2CCCC2CNC2CCOC3(CCCOC3)C2)C1	0.036697
rxn:2:137828:132522	COCCC(Nc1ccnc(N2CCC2)c1)c1ccccc1C	0.036694
rxn:2:103342:120702	CC(C)C1C(F)(F)C12CCC(N[C@H](C)c1ccccc1)CC2	0.036689
rxn:2:110139:98928	CCc1ncc(C(C)NCc2nn(C)cc2C2CCCCC2)n1C	0.036684
rxn:2:129515:132951	CC(C)(C)Cc1[nH]ncc1CNC1CCCCC1c1cncnc1	0.036678
rxn:2:126913:129240	CCCCC(NC(C)(C)Cc1ccncn1)c1ccccn1	0.036673
rxn:2:128390:101185	CC(C)[C@H](NC(c1ccc2c(n1)CCC2)C1CC1)c1ccnn1C	0.036665
rxn:2:97930:95165	CCC(Nc1cn(CCC(C)(C)C)nn1)c1cn(CC)nc1C	0.036661
rxn:2:85659:150645	CC(NC1(CCN(C)C)CC1)c1ncn2c(=O)n(C)nnc12	0.036652
rxn:2:134048:126500	Cc1cc(C)c(C(C)NC(C)c2nc(C3CCCO3)n[nH]2)c(C)n1	0.036633
rxn:2:68178:99398	CCn1nc(C)cc1C(C)Nc1ccc2[nH]c(C)cc2n1	0.036632
rxn:2:120371:116676	CCOc1cc(NC2CCc3ccc(C(C)C)cc32)c(C)cn1	0.036629
rxn:2:134062:66064	CC1(c2ccccc2)CC(Nc2cc3nn[nH]c3nn2)C1	0.036625
rxn:2:81689:103175	COc1ccc(C)cc1C1(NC2c3cc[nH]c3CCC2(F)F)CC1	0.036620
rxn:2:79001:119602	Cc1nnc(C2CCC(NCc3cnc(CC4CC4)nc3)CC2)o1	0.036618
rxn:2:101331:119227	Cc1ccc2c(c1)CCC(NCc1nc3cnccc3o1)C2	0.036616
rxn:2:95283:95767	c1ccn2cnc(CCNC3CCCC34CCCCCCC4)c2c1	0.036615
rxn:2:107904:121754	Cc1ccc2c(c1C)OCCC2NC(C)(C)c1nc(C(C)C)nn1C	0.036612
rxn:2:102141:125273	CCC(CC1CC1)NC(C)c1cnn(C(C)C2CC2)c1C	0.036611
rxn:2:137355:73137	Cc1cc(C(NCCc2nnnn2C2CC2)C2CCC2)n(C)n1	0.036610
rxn:2:102131:102593	CC(N[C@H]1CC[C@H](C(C)(C)C)CC1)c1cnn(CC2CCOC2)c1	0.036607
rxn:2:98261:123273	Cc1nn(C(C)(C)C)c(NC(CCOC(C)C)C(C)C)c1C	0.036607
rxn:2:94405:112458	CCO[C@@H]1CC(Nc2cc(-c3cc(OC)cs3)nn2C)[C@H]1OC	0.036600
rxn:2:139436:114549	CCc1nc(C)c(C2(NC(C)c3nc4c(s3)CCN(C)C4)CC2)s1	0.036596
rxn:2:128029:72493	CCCn1nc(C(C)(C)C)cc1NC(C)CCC1CCC1	0.036582
rxn:2:113828:135022	COc1c(NC2CC(C)(C)Cc3[nH]c(C)cc32)c(C(C)C)nn1C	0.036577
rxn:2:85517:137859	CC(Nc1ccn(S(C)(=O)=O)c1)c1cc2ccccc2n1C	0.036576
rxn:2:124980:114686	COc1cc2nn(C)cc2cc1NC(C)c1cn(C)c(C)n1	0.036572
rxn:2:127505:77936	COc1cccc2c1C(Nn1nnc3ccccc31)CCO2	0.036564
rxn:2:129833:121820	CC(N[C@H](C)c1n[nH]c(=O)o1)c1cccc2ncccc12	0.036562
rxn:2:102915:73137	Cc1cc(C(NCCc2ncc(C(C)(C)C)o2)C2CCC2)n(C)n1	0.036562
rxn:2:92412:116180	Cn1cc(CNC2CCc3oncc3C2)c(-c2ccsc2)n1	0.036561
rxn:2:98551:69526	COc1cccc2c1C(C)CC2NCC1CCC2CCCCC2O1	0.036561
rxn:2:133631:112500	CCCn1ncc(NC2Cc3cccc(OC)c32)c1CC1CC1	0.036560
rxn:2:108282:71303	CCCC(Nc1cnc(S(C)(=O)=O)cc1OC)c1ccn(C)c1	0.036559
rxn:2:138840:69683	Cc1ncccc1-c1cc(NC2CCn3nccc3C2)on1	0.036556
rxn:2:131834:100227	CCC1CC(NCc2[nH]cnc2-c2ccccc2C)CCC1C	0.036555
rxn:2:103115:112962	COc1cccc(OC)c1CC(C)NC1CCC1(C)C(C)(C)C	0.036550
rxn:2:96925:114821	Cn1ncc2c(NC(c3ccccc3)C(C)(F)F)cnnc21	0.036549
rxn:2:82611:77277	CC(Cc1cn2ccccc2n1)NC1CCc2ccncc21	0.036531
rxn:2:72118:114233	COc1ccc(NC2C=NCc3ccccc32)c2nonc12	0.036530
rxn:2:69662:97205	CC1N(C)c2cc(NC3CCC4CCCN4CC3)ccc2C1(C)C	0.036529
rxn:2:121498:100324	CC(NCC(F)(F)c1ccn[nH]1)c1ccc(C(C)(F)F)nc1	0.036527
rxn:2:94206:86515	CCC(Nc1ccc2nc[nH]c2n1)c1cc[nH]c1	0.036527
rxn:2:89658:94739	c1cncc(N2CCC(N[C@@H](c3ccc[nH]3)C3CCCC3)CC2)c1	0.036521
rxn:2:67131:102520	CCOc1c(NC(c2cc(C)ccc2OC)C(C)C)cnn1C	0.036518
rxn:2:123742:125097	COc1ccc2cn(C)nc2c1NC1c2cocc2CC1C	0.036517
rxn:2:73451:97737	CCCC(CC1CCCC1)Nc1cccn(C2(C)CC2)c1=O	0.036514
rxn:2:111906:140786	CN1CCC(Nc2cccc3c2C2CCC3O2)c2ccccc2C1	0.036510
rxn:2:104824:100772	Cc1ccc([C@H](C)NC(C)c2cn3ncnc3nc2C)cc1	0.036503
rxn:2:86452:74479	CCC(C)(CNC(C)c1c(C)oc2c1CCC2)n1nc(C)nc1C	0.036498
rxn:2:88115:86875	CCc1c(C)nn(CC)c1NC(C)c1cccc(OC)c1OC	0.036495
rxn:2:75337:86094	CCC(Cc1cccnn1)NC1CCN(C(C)C2CCCC2)C1	0.036491
rxn:2:97858:71209	c1cc2c(cn1)-c1cnccc1C2NCCc1cnc[nH]1	0.036484
rxn:2:88505:116539	CCOc1ccc2c(c1)COCC2Nc1nc2c(s1)CCCC2C	0.036479
rxn:2:140412:68942	FC1Cc2[nH]ccc2C(Nc2nc(-c3cscn3)cs2)C1	0.036467
rxn:2:70404:98003	CC(CC1CCCOC1)NCC(c1cccnc1)N1CCCC1	0.036465
rxn:2:83379:132951	COCc1ccc(NC2CCCCC2c2cncnc2)cc1OC	0.036460
rxn:2:141601:129980	CCc1ccc(CCC(CC)NC2CC3COCC(C3)C2)s1	0.036460
rxn:2:134475:104380	CCCC(Nc1ccc2ccn(COCC)c2c1)C1CC1	0.036460
rxn:2:132753:93562	Cc1cc2nccn2cc1NC(C)c1ccnc(N(C)C)c1	0.036459
rxn:2:149004:71635	CCS(=O)(=O)c1c[nH]c(=O)c(NC2CCC3C4CCC(C4)C23)c1C	0.036457
rxn:2:111581:96624	CSc1nc(NC2CCCCc3ncccc32)ns1	0.036447
rxn:2:135919:74575	CC(NC(c1cccnc1)C1CCCCC1)C1(C)CCCC1	0.036447
rxn:2:72564:90938	CC(NC1CC(COc2cccnn2)C1)c1nc(C2CC2)no1	0.036443
rxn:2:79299:94485	CN1c2ccccc2CC1CNCc1cn2ccccc2n1	0.036440
rxn:2:89192:72608	COc1cc(CCNC2CCN(C3CC3)CC2)c(OC)cc1C	0.036438
rxn:2:134806:117450	CC(C)C[C@@H](CN1CCCC1)NC1CCN(c2ccncc2)C1	0.036435
rxn:2:92075:78894	Cc1cnn(C2COC2)c1NC(C)c1nc2ccccc2o1	0.036435
rxn:2:118999:104369	CCc1cnc(NC2CC[C@@H](c3ccc(OC)cc3)C2)nc1OC	0.036427
rxn:2:140868:82945	CCCOc1ccc(C(C)Nc2ccnc(S(C)(=O)=O)c2)cn1	0.036424
rxn:2:106839:127611	CCC(C)(C)C1CCC(Nc2cc(-c3cccc(C)n3)no2)C1	0.036423
rxn:2:81419:121794	CCC(C)(C)C1CCC(Nc2cnc(-c3cnco3)nc2)C(F)C1	0.036414
rxn:2:133204:80002	CCCC(CSc1cccs1)NCC1CC2CCC1O2	0.036412
rxn:2:72264:83843	CC(NCc1ccc2cncnn12)c1ccc(C(C)(C)C)o1	0.036410
rxn:2:123451:95409	Cc1ccc2nnc(NC3CCc4[nH]ncc4C3)n2n1	0.036409
rxn:2:72035:80975	CCC(CC)N1CCC(Nc2ccc3[nH]ccc3c2OC)CC1	0.036406
rxn:2:73849:81258	COc1nn(C)cc1C(C)Nc1cnc2cc(C)ccc2c1	0.036401
rxn:2:115432:132633	CC(C)Cc1cccc(NC2CCC3(CCCC3C)CC2)n1	0.036383
rxn:2:75887:80677	CCC(NC1CC(Cc2nncn2C)C1)C1CCCN1C1CC1	0.036379
rxn:2:131436:129950	CC(CCCN1CCSCC1)NCC(F)(F)c1nc[nH]n1	0.036370
rxn:2:93764:87302	C[C@H]1CCC(NC2CC(C)(C)C(C)(C)C2)c2ccccc21	0.036368
rxn:2:137497:87792	COC1CCC1n1cc(C(C)Nc2nnc(CC3CC3)o2)nn1	0.036342
rxn:2:139746:76305	Cc1nn(C(C)C(C)(C)C)c(NC2CC(c3ccccn3)C2)c1C	0.036342
rxn:2:108177:98527	CCc1nc(NC(C)c2cccc(-n3cnnn3)c2)no1	0.036334
rxn:2:123455:98289	CC(NCCN1CC2COCC2C1)c1cccc(-n2cncn2)c1	0.036301
rxn:2:106741:82570	Cc1nc(C(C)Nc2ncnc3c2ncn3C)sc1C(C)C	0.036292
rxn:2:109593:89168	CCCN1CCC(NCCc2nc(C)c3c(n2)CCCC3)C(C)C1	0.036275
rxn:2:133017:82872	CC(C)c1nc2cc(NC3CCC(OCC4CC4)CC3)ccn2n1	0.036272
rxn:2:141850:77902	Cc1c(NC2CCN(C(C)(C)C)C(C)C2)cccc1-n1cccc1	0.036264
rxn:2:112384:102185	c1ccc(C2C[C@@H]2NC2CCn3c2nc2ccccc23)cc1	0.036260
rxn:2:123223:68837	CN(C)c1c(CNC2c3ccccc3CCCC2(C)C)cnn1C	0.036259
rxn:2:93289:132205	Cn1cnnc1C1CC(Nn2c(=O)ccc3ccccc32)C1	0.036238
rxn:2:124015:83745	CCC(C)c1nncn1CCNC(C)c1ccc(C2CC2)s1	0.036237
rxn:2:131089:73969	CN1CC[C@@H](N(C)CCNC(CC2CC2)c2ccccn2)C1	0.036235
rxn:2:126557:109324	CCCC(C)n1cc(C)c(NC2CC3(CCC(C)(C)C3)C2)n1	0.036232
rxn:2:82353:82693	CC(C)(NC1CCCc2ncsc21)C12CC3CC(CC(C3)C1)C2	0.036228
rxn:2:110722:128798	CC(CC1(C2CCCC2)COC1)NC1CCN(c2cccnc2)C1	0.036221
rxn:2:118654:132426	CCCn1c(=O)c(NC2CCN3CCCCC3C2)c(CC)n1CC	0.036217
rxn:2:102174:86936	CC(C)C[C@H](NC1CCCC1c1ccccn1)c1cccs1	0.036213
rxn:2:100355:72538	COC[C@@H](NC(COC(C)C)c1cccn1C)C1CCC1	0.036211
rxn:2:71058:113464	CCC(NC1C[C@@H]2CCCC[C@H]12)c1cccc(C(C)C)c1	0.036208
rxn:2:90583:82872	Cc1cncc(N2CCC(NC3CCC(OCC4CC4)CC3)C2)n1	0.036206
rxn:2:137601:83592	CC(NCC1(N2CCCC2)CCCCC1)c1cnc2c(cnn2C)c1	0.036203
rxn:2:96860:91308	CCC(Nc1cnc(OC2CCOC2)s1)C1CCC(F)(F)CC1	0.036202
rxn:2:84986:107295	CSCCC(NC(C)(C)CCc1nnc(C)n1C)C(C)C	0.036200
rxn:2:97989:107536	CCn1cnc2ncnc(NC3CC(c4ccnn4C)C3)c21	0.036198
rxn:2:105086:125777	CC(N[C@H]1CC[C@@H](CN2CC(C)(F)C2)CC1)c1cc2occc2[nH]1	0.036193
rxn:2:83862:75009	Cc1noc(C2CCCCC2NC2CCCC2CCC(C)C)n1	0.036189
rxn:2:70544:108905	CCC(C)CC(Nc1cc2n(n1)CCS(=O)(=O)C2)c1ccccn1	0.036186
rxn:2:103088:138133	CCOC1(CNC(C)c2ccc(N3CCCC3)nc2)CCCC1	0.036183
rxn:2:134225:93421	CCC(Nc1ncc2c(n1)OCCC2)C1CCCN(CC2CC2)C1	0.036181
rxn:2:122935:117820	CCC(CCC1CCCCC1)NC1CCC(C)(C)C1	0.036181
rxn:2:91820:68891	CCC(N[C@H](c1ccco1)C1CCOCC1)c1ccccc1C	0.036166
rxn:2:118701:134774	CCC(Nc1c(C)cnn1C(C)C1CCC1)c1cccnc1C	0.036143
rxn:2:134443:126727	CC(NC(C)C1CCC(F)(F)CC1)c1c2c(c[nH]c1=O)CCCC2	0.036138
rxn:2:78099:131009	FC1(F)COCC(CNC2CCCCCC2c2ccccc2)C1	0.036137
rxn:2:71753:123709	CCN(CC)c1cccc(NC2CCc3ccc(N(C)C)cc32)n1	0.036121
rxn:2:84427:126614	Cc1ccc(C(Nc2nc3c(s2)CCN(C)C3)C2CCCCC2)o1	0.036115
rxn:2:99418:99752	CCC[C@@H](NC1CC(OC)(c2ccccc2)C1)c1cccn1C	0.036113
rxn:2:101108:81989	CC(Nc1cc2nccnc2nn1)c1cc(C2CC2)nn1C	0.036108
rxn:2:119642:132560	CC1(C)CC(Nc2csc(C3CCC3)n2)CN1Cc1cccs1	0.036104
rxn:2:103249:109937	CCCC1CCCC1NC(c1ncc(C(C)C)[nH]1)C(C)C	0.036100
rxn:2:116971:100351	COCCC(NCCN1CCCN(C)CC1)c1ccc(C)o1	0.036094
rxn:2:127914:137998	CCCn1nc(C(C)NCC(CC)(CC)N(C)C)cc1C	0.036085
rxn:2:107366:90707	CC(C)C(C)N1CCC(NCC2CC2c2cnn(C(C)(C)C)c2)C1	0.036083
rxn:2:131041:113099	c1scc2c1CCC(NC1CCC(C3CCCCC3)CC1)C2	0.036081
rxn:2:131863:105749	CC(Nc1onc2c1COC2)c1ccc(-c2ccco2)cn1	0.036081
rxn:2:108212:107698	CSc1nnc(C(C)NC(c2ccc(C)cc2)C(C)(C)C)n1C	0.036079
rxn:2:121324:79384	C=C=CC(NCCc1cnc(COC)s1)c1ccccc1	0.036078
rxn:2:115457:139371	CC1(C)[C@H](NC2C[C@H]3C[C@@H](C24CC4)C3(C)C)[C@H]1c1ccccc1	0.036077
rxn:2:120200:111501	Cn1cc(C2CCC(NCC(F)(F)CN3C4CCC3CC4)C2)cn1	0.036072
rxn:2:139946:73345	CC(Cc1cncn1C)NC(c1ccccc1C1CC1)C(C)C	0.036071
rxn:2:103977:121022	CCCCC(NC1CCOC2(CCOCC2C)C1)c1ncccn1	0.036071
rxn:2:81335:87061	CSC1Oc2ccccc2C1NC[C@]1(c2ccccc2)C[C@@H](F)C1	0.036060
rxn:2:119585:122164	CCOC1C2CC1CN(CCNC1CC(C)c3ccc(C)cc31)C2	0.036041
rxn:2:89948:105727	CN1CCN(CC2(CNC3CCCCC3n3ccnc3)CC2)CC1	0.036031
rxn:2:79157:140385	COc1cc(NC2CCC(N3CC(C)(C)C3)CC2)cc2cccnc12	0.036025
rxn:2:133566:126333	Cc1c(NC(C)c2cn(C)c3cnccc23)noc1C1CC1	0.036023
rxn:2:101104:126249	CCOCC(CC)NC(C)c1c(C)[nH]c(=O)[nH]c1=O	0.036011
rxn:2:94320:90221	CSc1nncc(C(C)NCCc2ccc(N(C)C)cc2)n1	0.036008
rxn:2:125010:136251	CS(=O)(=O)c1cc(NC2CCC23CC(c2ccccc2)C3)ncn1	0.036005
rxn:2:112360:130502	CC[C@@H](NC1CCC(F)(F)CC1(C)OC)c1cccc(C)c1C	0.035998
rxn:2:106531:80034	CCOc1nn(C(C)C)c(C)c1NC(C)c1c(CC)noc1C	0.035993
rxn:2:133828:113943	O=c1ccn(-c2ccccc2)nc1NC1CCCC1C1CCCCC1	0.035987
rxn:2:118043:73866	CC(NCc1nc(C2CCC2)n[nH]1)c1cn(C)c(=O)n(C)c1=O	0.035968
rxn:2:133625:119647	Cn1nc(CCNC(CCS(C)(=O)=O)C(C)(C)C)c2sccc21	0.035966
rxn:2:76981:131720	CO[C@@H]1CCCCC[C@H]1NC1c2[nH]c(C)nc2CCC1C(C)C	0.035965
rxn:2:84422:132559	CCOCn1nc(NC2CCN(C3CCN(C)CC3)CC2)cc1C	0.035960
rxn:2:82343:89465	COc1nc(NC2CCCC(c3nccn3C)C2)ncc1C1COC1	0.035956
rxn:2:99695:123273	CC(C)OCCC(NCc1cncc2c1CCCC2)C(C)C	0.035951
rxn:2:134752:98518	CCC1Oc2c(OC)cccc2C1NCC1(C2CCOCC2)CC1	0.035941
rxn:2:77939:95582	CC(Nc1ncc(CCc2ccncc2)s1)c1cocn1	0.035939
rxn:2:69714:123207	CC1CCC2(CC1)CC(Nc1nn3cccnc3c1C(C)C)CCO2	0.035939
rxn:2:94912:70665	Cn1cc(NCC2Cc3ccccc32)c(-c2ccccc2)n1	0.035936
rxn:2:87024:101283	COC1CCN(C(CNC2CC(c3cccs3)C2)C2CC2)CC1	0.035920
rxn:2:129071:75221	CCc1nc(CNC(C)c2c[nH]c3cc(C)ncc23)co1	0.035919
rxn:2:102637:139581	CCCC(NC1CCOc2ccc(C(C)C)cc21)c1cc[nH]n1	0.035912
rxn:2:122576:67045	CSC1(CNC(C)c2cc(-c3ccccc3)no2)CCN(C)CC1	0.035910
rxn:2:115873:117079	CCc1c(C)nc(CNC(CC)Cc2ccccc2C)[nH]c1=O	0.035902
rxn:2:98154:137786	Cc1cc(C)c(C(C)NC(CCc2ccco2)C(C)C)s1	0.035901
rxn:2:116506:118945	Cc1cc(NC2COCc3ccccc32)cc2[nH]ncc12	0.035899
rxn:2:88594:76446	Cc1ccc(C)c2c1CCCC2NCCc1nc(C2CCCO2)no1	0.035895
rxn:2:88314:96516	CCOc1ccc(C(NC2C3CCN(CC3)C23CC3)C2CC2)cc1	0.035893
rxn:2:66391:136516	Cc1nnc(C(NCc2cc3sc(C)cc3[nH]2)C(C)C)o1	0.035891
rxn:2:117161:126619	CCC1Oc2cc(C)cc(C)c2C1N[C@@H](C)c1cn2c(n1)CCCC2	0.035889
rxn:2:91068:72715	COc1cccc2c1CC(NCCN(C)c1nccs1)CCC2	0.035888
rxn:2:116828:96961	CCCS(=O)(=O)C1CCCC1NCc1ccc(C)c2ccccc12	0.035879
rxn:2:116133:138438	COC1(C(C)NC(c2nccn2C)C2CCOCC2)CCOCC1	0.035875
rxn:2:114196:84594	Cc1cc2c(NC3CCC(N(C)C(C)(C)C)CC3)cccc2cn1	0.035866
rxn:2:75770:79348	COc1cc(C(Nc2cccc(C3(C)CCO3)c2)C2CC2)ccn1	0.035862
rxn:2:141801:117181	CC(NC1(C2CCC(F)(F)CC2)CC1)c1cnn(-c2cnccn2)c1	0.035861
rxn:2:130524:108204	c1ccc(-c2cccnc2NC2CCc3cscc3C2)nc1	0.035852
rxn:2:116000:79782	CC1CCCC(NCC2CCc3c(cnn3C)C2)c2ccccc21	0.035846
rxn:2:122225:70236	CCCCC(Nc1cc2scnc2cn1)c1cnn(C)c1	0.035845
rxn:2:115179:100302	CCCOc1nccc(NC2CCN(C3CCCCC3)CC2C)n1	0.035842
rxn:2:85926:87373	CCOc1cccc2ccc(NC(C)c3cn[nH]n3)nc12	0.035840
rxn:2:122237:114510	COc1cc(C(C)N[C@H](CC(C)C)c2sccc2C)ccn1	0.035832
rxn:2:138697:125887	Cc1cc(C(NCc2cn3ccnc3[nH]2)C(C)C)c(C)s1	0.035817
rxn:2:139090:130094	CCC(N[C@H](C)c1ccc(OC(C)(C)C)cc1)c1ccc[nH]1	0.035815
rxn:2:107941:135197	CCC(NCc1cc(C)cc(C)c1OC)C(C)c1ccncc1	0.035810
rxn:2:121271:79705	CCC(CNCC1CC2(C1)CC(F)(F)C2)c1ccc(C)cc1	0.035802
rxn:2:87621:133459	COCCC1CC(C)CCC1NC1CCCCc2cccnc21	0.035797
rxn:2:94830:121174	Cn1nccc1C(Nc1ccc2c(c1)CCC2(C)C)C1(C)CCC1	0.035792
rxn:2:140691:93291	CCc1ccc(C(CC)NC(C)c2nc3c(o2)CCSC3)cc1	0.035791
rxn:2:95901:131815	Cn1ncnc1C1CC(NCCc2ccc3sccc3c2)C1	0.035772
rxn:2:73530:84498	CCc1cc2ncnc(NC3CCS(=O)(=O)CC3OC(C)C)n2n1	0.035771
rxn:2:111631:87718	CC(C)c1n[nH]c2c1C(NC(C)c1nc(N(C)C)n[nH]1)CC2	0.035770
rxn:2:125122:80951	CCCS(=O)(=O)c1ccc(NC2CCCC(OC3CC3)C2)cc1	0.035768
rxn:2:94624:120254	CC(C)(CNC1CCCC(c2cccnc2)C1)Cc1ccccn1	0.035750
rxn:2:111531:136198	CCC(CN1CCSC(C)(C)C1)Nc1ccnc(CC(C)C)n1	0.035746
rxn:2:132944:75559	COc1cnc(C)c(C(C)NCc2cc3cccn3cn2)c1	0.035742
rxn:2:105420:127812	CCC(Nc1ncccc1OCCC(C)C)C1CC1(C)C	0.035732
rxn:2:109318:116676	CC(C)c1ccc2c(c1)C(NCCC1CCC3CC3C1)CC2	0.035730
rxn:2:140657:136989	CSc1ccc(C(C)Nc2ncc3cc[nH]c3n2)cc1	0.035722
rxn:2:90193:90727	CCc1[nH]nc(C2CCC2)c1CNC(C)c1ccc(OC)nn1	0.035714
rxn:2:74148:125679	CSCC(NCC1(S(C)(=O)=O)CC1)c1ccc(N(C)C)cc1	0.035710
rxn:2:70417:123693	CC1CC(Cn2ccc(C(C)NCC(F)(F)C34CC(C3)C4)n2)C1	0.035709
rxn:2:114141:104470	CCC(F)(F)c1ccnc(NC(C)c2ccc3c(c2)CCN3C)c1	0.035703
rxn:2:130908:125240	CCc1cccc2c1CCC(Nc1cn(CC3CC3)c(=O)cc1C)C2	0.035673
rxn:2:72251:126851	CC1c2ccccc2CCC1Nc1ccn(CC2(C(C)C)COC2)n1	0.035670
rxn:2:141966:75104	Cc1occc1-c1n[nH]c(CNC2CCCN3[C@@H](CCC[C@H]3C)C2)n1	0.035663
rxn:2:105291:123166	Cc1nc2c(s1)C(NCC1CCCN(Cc3cccs3)C1)CCC2	0.035659
rxn:2:118502:95847	CCc1[nH]c(C)c(C(C)NCC(c2cccn2C)N(C)C)c1C	0.035658
rxn:2:95585:70415	CC(NCCN1C(C)CCCC1C)c1ncc(-c2ccncc2)s1	0.035655
rxn:2:81277:139265	Cn1cc(C(Nc2cnn(C3CCOCC3)n2)C2CCOCC2)cn1	0.035652
rxn:2:120212:124303	CCC(CC)(CNC[C@@H]1C[C@@H](C)CCO1)N1CCCOCC1	0.035614
rxn:2:98924:141362	CN1CCCC2(CCCC2Nc2ncn(C3CCCCCC3)n2)C1	0.035612
rxn:2:122481:129455	c1csc(-c2oncc2CCNC2CC(C3CCCCC3)C2)c1	0.035604
rxn:2:79830:75927	COC12CCCC(CC(NC3COCCc4c(C)ccc(C)c43)C1)C2	0.035603
rxn:2:92736:80550	CC(C)C(N[C@@H](C)c1nc[nH]n1)c1ccc2cncnn12	0.035603
rxn:2:75229:126255	CCC(CCCS(C)(=O)=O)NCC12CC(C3CC3)(C1)C2	0.035595
rxn:2:66171:73336	CC(C)C1CC(NCC2CC3CCC(C2)S3(=O)=O)c2ccccc2O1	0.035590
rxn:2:118371:83653	CC1C(F)(F)C12CCC(N[C@@H]1CCC[C@@H]1Oc1ccccc1)CC2	0.035584
rxn:2:113064:129359	COc1ncccc1CNC(C)c1ncc2nccn2c1C	0.035570
rxn:2:70428:68741	CN1CC(CCNC2CCCC(c3ccccn3)C2)N(C)C(C)(C)C1	0.035569
rxn:2:96688:78222	FC1(F)CC(CNC2CCC(c3ccncc3)C2)(c2ccncc2)C1	0.035569
rxn:2:122228:108831	Cc1ccc2cccc(NC3CCc4nc[nH]c4C3)c2c1	0.035566
rxn:2:68163:119277	Cc1occc1-c1cc(NC2CCCc3ccsc32)[nH]n1	0.035563
rxn:2:68507:111578	CCn1cccc1C(C)Nc1ccn(Cc2cccs2)n1	0.035562
rxn:2:74847:84746	COc1nc(C(C)NC[C@@H]2CN3CCN2CC3)cn2ncnc12	0.035545
rxn:2:132388:91473	COCC1CCC(NCc2ccc(N=S(C)(C)=O)cc2)C2CCC12	0.035538
rxn:2:70606:68912	C[C@H]1C[C@@H](NC2CCOc3cc4c(cc32)OCO4)CCN1C(C)(C)C	0.035520
rxn:2:65907:132697	Cc1c(C(C)N[C@H](c2ccsc2)c2cccn2C)ncn1C	0.035506
rxn:2:136970:137119	CCN(CC)CCC(C)NCC1CC2(CCOCC2)CO1	0.035490
rxn:2:121293:72960	Cc1cc(CNC2C[C@H]3CC[C@@H](C2)N3C2CCCC2)c2n1CCCC2	0.035488
rxn:2:140693:101566	COCC1CCCC(NCCC2CC(C)c3ccc(C)cc32)C1	0.035484
rxn:2:137124:135834	COCCC(NCC1(F)CCC2(CC1)CC2)C1CCOCC1	0.035477
rxn:2:109887:120667	Cc1cccnc1C(C)NC(C)(C)CC(c1ccc[nH]1)N(C)C	0.035472
rxn:2:84170:123797	CC(NCC1CCOC(C(C)C)C1)c1ccc(-c2cccnc2)o1	0.035466
rxn:2:113552:129427	CCCCC(NCC1CCc2ccccc2OC1)c1c[nH]cn1	0.035458
rxn:2:100661:105261	CC1CCC(NC2CC(c3nc(C(C)C)no3)C2)(c2ncon2)CC1	0.035454
rxn:2:104819:96376	Cc1ccc(NC(Cc2ccccc2)c2cccs2)o1	0.035444
rxn:2:116029:127952	Cc1nc(NCC2COc3ccccc3O2)nc2c1CS(=O)(=O)CC2	0.035438
rxn:2:112255:91408	CC(C)Cc1nc(C(C)NC2CC3CCC(C2)N3C(C)(C)C)n(C)n1	0.035437
rxn:2:116686:98003	CCCC1CCN(C2CC2)CC1NC(C)CC1CCCOC1	0.035436
rxn:2:121151:105906	CCC(CN1CCCCC1C)NC(C)c1cc2nc(C)ccc2o1	0.035436
rxn:2:79480:115212	COc1cc2c(cc1OC)C(NC1CC(C)CN(C3CCC3)C1)CC2	0.035428
rxn:2:84610:80441	COc1ccc(-n2ncnc2NC(C)c2csc(C)n2)cn1	0.035426
rxn:2:113371:128449	CC1CC(CCNC(C)c2cnc(C3CC3)nc2)CC(C)(C)C1	0.035416
rxn:2:138920:117729	COc1cccc2c1C(N[C@@H](c1ccsc1)C(C)(C)C)C(C)C2	0.035403
rxn:2:99947:89495	CC(Nc1cn(C)nc1C(C)(C)C)c1cc2[nH]ncc2cn1	0.035403
rxn:2:73444:68356	CC1CCCCC12CCC(NCCc1cccc3c1OCC3)CC2	0.035403
rxn:2:121310:113658	CCc1nc(C2CC2)c(C(C)NC2CN(Cc3ccsc3)C2)s1	0.035402
rxn:2:80480:93445	c1ccc(CN2CCCC2CNC[C@H]2C[C@@H](n3cccn3)C2)cc1	0.035395
rxn:2:130200:70750	CCOc1cc(C)cc(C(CC)N[C@H]2CCC[C@H]2COC)c1	0.035391
rxn:2:129645:73112	c1cc2c(s1)CCCCC(Nc1ccc3c(c1)CN(C1CC1)C3)C2	0.035386
rxn:2:92409:86439	c1cc(C(CNC2CC3CCC(C2)N3C2CC2)N2CCCC2)cs1	0.035384
rxn:2:99400:86217	CCCn1ccc(C(C)NCc2c3c(nn2C2CC2)CC2CC32)n1	0.035383
rxn:2:85812:133797	CC(C)OCC1CCC(NCCN2CCC(C)C(C)C2)CC1	0.035375
rxn:2:78064:78696	CC(Nc1ncn(CC2CN(C)CCO2)n1)c1csc(C(C)(C)C)c1	0.035375
rxn:2:126424:111622	Cc1ccc2c(c1)C(NC(C)c1cnc(C(C)(C)C)cn1)CC(C)O2	0.035374
rxn:2:75153:98098	CCCC(NC(C1=NCN=N1)c1ncn[nH]1)c1cc(C)sc1C	0.035369
rxn:2:97316:113167	COc1ccc2c(CNC(C)c3ncc(C)s3)cn(C)c2c1	0.035369
rxn:2:133020:128027	Cc1cc(C)c2c(c1)N(CCNC1CCCC(C(C)(C)C)C1)CC2	0.035368
rxn:2:77373:83243	COc1c(CCNC2CC(C)Sc3sccc32)cnn1C(C)(C)C	0.035359
rxn:2:85085:126640	Cc1nc(CNC(C)c2ccc(CN(C)C)cc2)sc1C(C)F	0.035347
rxn:2:66701:115836	CC(C)C(Nc1ncccc1-c1nnco1)c1cccnc1	0.035346
rxn:2:111627:135834	COCCC(NCc1nccnc1SC)C1CCOCC1	0.035346
rxn:2:107197:66774	CCc1c(NC(CC)C2CCCN(CC)C2)ccc2[nH]ccc12	0.035343
rxn:2:77282:97863	Cc1ccc(C2CCCC2NC(C)c2cncc(S(C)(=O)=O)c2)cc1	0.035342
rxn:2:125627:136132	CCSc1cccnc1C(C)Nc1cnn(C2CCCOC2)c1	0.035338
rxn:2:129436:119451	CCc1c(C(C)Nc2ccc(=O)n(CC3CC3)c2)nn(C)c1OC	0.035326
rxn:2:106470:103710	COC[C@H](NC1CCc2nc(C3CC3)[nH]c21)c1cccc(C)c1C	0.035312
rxn:2:108365:117928	CC(NC1CCCC1n1ccnn1)c1cccc2cc[nH]c12	0.035309
rxn:2:115315:99808	Cc1cc(C)c2c(c1)C(C)(NC1CCC1Cc1cccs1)CCO2	0.035301
rxn:2:69641:93350	CCC(C)[C@@H](NC1CCC2(CCC2)CC1)c1ccc(OC)nc1	0.035300
rxn:2:107356:78436	CN(CC1CCOCC1)CC1(NC2CCC(C)(C)N(C)C2)CC1	0.035300
rxn:2:111331:119375	CCC(CN(C)C1CC1)NCc1ccc(OC)c2ccncc12	0.035300
rxn:2:94123:75228	CCOc1c(NC(C)CCc2ccc(C)cc2C)cnn(C)c1=O	0.035299
rxn:2:121537:66954	CC(C)C(NC(C)C1CCN1Cc1ccccc1)c1ccnnc1	0.035294
rxn:2:141344:86298	CCc1cc2n(n1)CCCC2Nc1ccccc1N1CCCC(C)C1	0.035288
rxn:2:120458:129275	FC1(F)CCC2(CC1)CC(NC1(C3CC4CCC3O4)CC1)CCO2	0.035284
rxn:2:121491:114510	COc1cc(C(C)Nc2cnn(C3CCSC3)c2C(C)C)ccn1	0.035280
rxn:2:137319:120515	Cc1cc(C)c2ccc(NC3CCCn4ccnc43)nc2c1	0.035280
rxn:2:129121:93421	CCC(N[C@@H]1CCCN2CCC[C@H]12)C1CCCN(CC2CC2)C1	0.035279
rxn:2:88691:114288	CCC(NCCc1c(CC(C)C)nc(C)n1C)c1ncnn1C	0.035278
rxn:2:118984:123279	CCCCC(CC)NC1CC(Oc2ccc(OC)cc2)C1	0.035270
rxn:2:70928:66209	CC(C)(C)N1CCCC(NCC(F)(F)c2ccc3sccc3c2)C1	0.035268
rxn:2:79952:147160	CCOC(CNC(C)c1c(C)nc2cc(C)ccn12)C1CCCO1	0.035265
rxn:2:120063:88768	Cc1cc(-n2nc(C)cc2NC(C)c2nc(C)c[nH]2)ccn1	0.035264
rxn:2:69319:89120	CC(C)Cc1cccc(C(C)NCc2cn3c(n2)CCC(C)C3)c1	0.035264
rxn:2:140493:135393	CC(C)CC(Nc1cccnc1OC1CCC1)c1ccncc1	0.035262
rxn:2:123163:87553	COc1cc(CCNC2COC(c3ccccc3)C2)cc(OC)c1	0.035262
rxn:2:96749:129311	CN(C)c1ccncc1CNC1CCCCC1Sc1ccccc1	0.035242
rxn:2:67605:123273	CCC1Oc2ccccc2C1NC(CCOC(C)C)C(C)C	0.035239
rxn:2:108672:105054	c1ccc(-c2c[nH]c(NC3CCCCn4nccc43)n2)cc1	0.035239
rxn:2:129242:110880	Cc1cc(C(C)N[C@H]2C[C@@H](c3ncc[nH]3)C2)cn2cnnc12	0.035231
rxn:2:99015:132951	CCSc1nc(NC2CCCCC2c2cncnc2)[nH]c(=O)n1	0.035226
rxn:2:86091:99141	CCC(CN(C)C(C)C)NCCC1CCC(C(C)(C)C)O1	0.035220
rxn:2:120086:112484	Cc1cccc(C)c1-n1ccnc1NC(C)c1csnc1C	0.035220
rxn:2:98573:94663	CCC[C@H](NC1CC2(CCCCC2OC)C1)c1ccc(C)s1	0.035219
rxn:2:110147:139689	CC(C)Cc1csc(NC2CC3CCC2(c2ccccc2)C3)n1	0.035217
rxn:2:83995:66774	CCC(NCCn1c(C)cc2ncccc21)C1CCCN(CC)C1	0.035208
rxn:2:69049:113614	CCN1CC2CCC(CNC3CC(C(C)(C)OC)C3)(C1)C2(F)F	0.035200
rxn:2:99014:71540	CC(C)(C)[C@H]1CCCC(N[C@H](c2cccnc2)c2cccs2)C1	0.035197
rxn:2:103879:85735	CC(C)c1nc(C2CC(N[C@@H](CN(C)C)c3ccccc3)C2)no1	0.035196
rxn:2:95652:140699	CCCC(CS(=O)(=O)F)Nc1nnc(Cn2cccn2)s1	0.035194
rxn:2:133767:142109	CCn1cc(C)nc1CCNC1COc2cc(OC)cc(OC)c21	0.035193
rxn:2:132689:70245	CCOc1cc(NC(CC)CCCC(C)C)cc(C)n1	0.035193
rxn:2:107071:69487	Cc1c(NC(CCC(C)C)C2CC2)sc2ccccc12	0.035191
rxn:2:71891:112102	CC(CCc1ncc(C(C)C)[nH]1)NC(C)CC1CCCN1C	0.035190
rxn:2:117152:101312	Cc1cc(C)c([C@H](C)NC(C)c2c[nH]c3nnccc23)cn1	0.035185
rxn:2:94752:121062	CC(C)(C)c1nc2c([nH]1)C(NCC(F)(F)c1cn[nH]c1)CCC2	0.035181
rxn:2:117851:71909	CCn1ncc2c1CC(NC(C)c1oc(C(C)C)nc1C)CCC2	0.035178
rxn:2:72729:127227	Cc1[nH]ccc1C(C)NCC(OC1CCCC1)c1cccs1	0.035170
rxn:2:136954:113119	CCC(C)(CNC1c2c(C)ccc(C)c2CC1C)OC1CCC1	0.035167
rxn:2:75060:95529	FC1(F)CCC(CCNC2CCOCC2CN2CCCCC2)C1	0.035160
rxn:2:125451:83782	CCC1(CC)OC(C)(C)C1Nc1cnc(OCc2ccco2)s1	0.035156
rxn:2:77036:118585	c1cc2c(s1)-c1sccc1C2NC1CCCCn2cnnc21	0.035155
rxn:2:131442:101274	COc1cc(N2CCCC2)ccc1NC(C)CCc1ncccn1	0.035146
rxn:2:116368:84227	Cc1cn(C2CCCC(C)C2)nc1NC(C1=NCCC1)C(C)(C)C	0.035144
rxn:2:133438:67639	CCN(CC)Cc1cccc(NC2CCCCC23CCN(C)C3)c1	0.035143
rxn:2:108645:79378	CCCC(Nc1ccc2ncsc2n1)C1CCCN1C(C)CC	0.035142
rxn:2:93209:110551	O=c1ccc(NC2CCN(C3CCOC3)CC2)cn1CC1CCCO1	0.035139
rxn:2:89527:139236	COCCn1cc2cnc(NC3CCC(OC(C)C)CC3)cc2n1	0.035139
rxn:2:125800:127781	Cc1ccc(OCC2CC(NC3CSc4cc(C)c(C)cc43)C2)nn1	0.035137
rxn:2:160742:127633	Cc1c2ccccc2cc(=O)n1NC1CC(c2ccncc2)C1	0.035136
rxn:2:95261:80566	Cc1cccc2c1CCC(NC1CCCC(SC(C)(C)C)C1)C2	0.035128
rxn:2:84194:76477	CC(C)(F)c1ccccc1CNC1CCO[C@H](c2ccccc2)C1	0.035127
rxn:2:90736:131218	CCC(C)(NC(c1ccccc1)C(C)C)c1nc(=O)c(C)c(C)[nH]1	0.035122
rxn:2:93507:72920	CN(C)C[C@@H]1CCCCC1NCCn1cnnc1-c1ccncc1	0.035118
rxn:2:118186:146484	Cc1cc2nnc3c(n2n1)CCC3NC(C)c1ccccc1C	0.035118
rxn:2:117398:130341	CCCCC1Cc2ccccc2C1NC1CC1c1cnc(C)s1	0.035117
rxn:2:162448:98726	Cn1ccc2cc(CNC3CCC4(CC3)OC[C@H](F)[C@@H]4F)ccc2c1=O	0.035109
rxn:2:75428:139805	CCC[C@H](NC(C)c1cn(C(C)C)nn1)c1cc(C)ccc1C	0.035105
rxn:2:141623:94335	Cc1cc(N2CCC(NCc3cn(C)c(=O)n(C)c3=O)CC2)ccn1	0.035102
rxn:2:117235:83656	CC(C)c1ccnc(NC(C)c2cnc3ccsc3c2)c1	0.035098
rxn:2:128149:92282	Cc1cc(-c2nnc(NC3CC(n4ccnn4)C3)o2)nn1C	0.035090
rxn:2:125447:115721	O=C1OC(NCCC2CC2c2nc[nH]n2)C(=O)c2ccccc21	0.035087
rxn:2:92870:102437	Cc1ccc(C2CC2CNC2CC(C)CC(c3ccccc3)C2)nn1	0.035079
rxn:2:91659:93631	CC(C)Cc1ccc(C(C)NC2C3CCC(C3)C2(C)C)cc1	0.035064
rxn:2:84949:88089	CC(N[C@@H]1CCSc2ccccc21)c1cc2nccnc2[nH]1	0.035064
rxn:2:72026:140384	CCOc1ccc2c(c1)CCC2Nc1cc(C(C)CC)ccn1	0.035058
rxn:2:88709:131509	CCCC1(CNC2CCC(SC)CC2)CCN(C)C(C)(C)C1	0.035053
rxn:2:90627:123917	COc1ccccc1C(NCc1noc(C2CCCO2)n1)C1CC1	0.035052
rxn:2:130383:75579	Cc1ccc2c(c1)CCN2CCNC1CCCc2[nH]nc(C3CC3)c21	0.035050
rxn:2:89536:67965	c1cc(N2CCCC2)ncc1CNC1Cc2cnoc2C2(CCCC2)C1	0.035050
rxn:2:125208:118602	CC(C)c1ccc(C2(NC3CCC(F)(F)CC3F)CC2C)cc1	0.035043
rxn:2:140402:139228	CC(C)N1C2CCC(NC3CCC(C4CCCC4)C3)CC1CC2	0.035042
rxn:2:117458:106801	CC(C)C1CC(NC(CCN(C)C(C)C)C(C)(C)C)CCO1	0.035036
rxn:2:141793:131894	COc1ccc2c(c1)CCC(C)C2NC(C)CCc1cccs1	0.035035
rxn:2:69725:67016	CC(C)Oc1ccc2c(c1)C(NCCN1CCCCCCC1)CC2	0.035027
rxn:2:65904:71635	CC(C)(C)n1cnc2cc(NC3CCC4C5CCC(C5)C34)ccc21	0.034998
rxn:2:132332:122065	CCCC(NCC1(n2ccnn2)CCC1)c1ccc(CC)cc1	0.034993
rxn:2:76327:87149	C[C@@H](NC1CCC(n2cnnc2)CC1)c1ncc2ccccn12	0.034989
rxn:2:68368:73394	CC(CCN(C)C(C)(C)C)NC(c1cccn1C)c1cccn1C	0.034987
rxn:2:115020:87689	Cc1ccc([C@H](CC2CC2)NC2CCN3CCCC[C@H]3C2)c(C)c1	0.034987
rxn:2:69510:107138	Cc1ccc2c(NC3CC4(CCC4)n4nccc43)nsc2c1	0.034987
rxn:2:81452:125131	CC(C)c1ncccc1C(C)NC1CCN(c2cn[nH]c(=O)c2)CC1	0.034975
rxn:2:138776:134613	CN(C)c1nc2c(s1)C(NC(c1ccccc1)C1CCCO1)CCC2	0.034970
rxn:2:123643:119081	Cc1ccn(-c2cccc(NC3CCOc4ccncc43)c2)n1	0.034968
rxn:2:67460:117345	CC(C)n1ncc2c1CCCC2NC1CCCCc2ccccc2C1	0.034968
rxn:2:103960:123279	CCCCC(CC)NCc1ccc(CN2CCCCC2)o1	0.034968
rxn:2:141445:97226	CCc1ccc(C(CC)NC2CCC3(CC2)OCCC3(F)F)s1	0.034958
rxn:2:106711:105760	CCC(Nc1nc2c(n(CC)c1=O)CCCC2)C(C)c1ccccn1	0.034950
rxn:2:127597:101046	CCc1n[nH]c(CC(C)(C)NC2CC3(CCCc4ccccc43)C2)n1	0.034943
rxn:2:75230:104769	CCCC(Cn1ccccc1=O)Nc1nnc(C2(OC)CC2)s1	0.034935
rxn:2:128466:72598	CCCN1C2CCC1CC(Nc1cc(C(C)(C)C)ccc1OC)C2	0.034927
rxn:2:128273:70656	CC1(C)c2ccccc2C(C)(C)C1Nc1cnccc1N1CCOCC1	0.034921
rxn:2:88990:88171	CCC(CN1CC(C)OCC1CC)NCc1cccc2ccoc12	0.034908
rxn:2:109243:111851	CCC(COc1ccc(OC)cc1)NCC(C)c1ncon1	0.034900
rxn:2:164785:109094	Cc1cccc2c(=O)[nH]c(NC3CCC4(CCOC4(C)C)CC3)nc12	0.034896
rxn:2:83282:100549	CC1CCc2n[nH]c(CNC(C)c3ccc(C4(F)COC4)cc3)c2C1	0.034894
rxn:2:119567:137537	COc1ccc2c(c1)OCC2Nc1cc(C)nc2cccnc12	0.034888
rxn:2:87005:139213	Cc1nn(C)c(C)c1[C@@H](C)NC(C)c1ccc2ncncc2c1	0.034885
rxn:2:98664:109900	c1cc(NC2CCCc3cn[nH]c32)cc(-c2ccncc2)c1	0.034879
rxn:2:71097:136110	CCc1sc(C(C)C)cc1C(C)NC(C)(C)Cc1c[nH]cn1	0.034874
rxn:2:130450:114474	c1ccc2c(c1)CC1(CCCC1)C2NC1CCCCC1n1ccnc1	0.034871
rxn:2:120361:98106	COc1cnc2c(c1)C(Nc1nccc3cnccc13)CCO2	0.034869
rxn:2:122370:68356	CC1CCCCC12CCC(NCc1cnc3sccc3c1)CC2	0.034851
rxn:2:69871:71052	Cc1cc(N2CCC(NC(C)CC3CCC(F)(F)CC3)CC2)ncn1	0.034847
rxn:2:142238:123291	CCS(=O)(=O)CCC(C)Nc1ncn(C(C)c2ccccc2)n1	0.034841
rxn:2:140971:119900	Cc1ccc2c(n1)C(Nc1cnn(CCC3CCCCC3)c1)CCO2	0.034838
rxn:2:106531:140432	CCOc1nn(C(C)C)c(C)c1NC(C)c1cccc(N(C)C)n1	0.034834
rxn:2:79428:81541	Cc1cc(C)c2c(c1)OCC2Nc1ccc(CS(=O)(=O)C(C)C)cc1	0.034813
rxn:2:77989:75270	Cc1cc(CC(C)NC(c2ccsc2)c2cccs2)no1	0.034813
rxn:2:123914:118592	CCCc1cnc2c(NC3CC(OCC(C)C)C3(C)C)cnn2c1	0.034810
rxn:2:132672:130314	CCCC1CCCCC1CNC(C)c1cc(C)nn1C(C)C	0.034792
rxn:2:161958:130899	O=c1[nH]n2cccc2c(=O)n1CCNC1CCCC(C23CC(C2)C3)C1	0.034774
rxn:2:108650:101055	COc1ncc2c(n1)CCCC2Nc1nccc2cnc(C)n12	0.034773
rxn:2:122720:98285	COc1ncc2c(n1)C(Nc1c(C)nc3cnccn13)CCC2	0.034773
rxn:2:121378:122058	CC1(C)CCC(Nc2ccnn2C2CCSCC2)c2ccccc21	0.034768
rxn:2:128926:67801	COc1ccc2cc(C(C)N[C@@H]3C[C@H]3c3ccco3)oc2c1	0.034766
rxn:2:93707:118280	CC(C)c1n[nH]cc1CNC(CC1CCCC1)c1cccnc1	0.034756
rxn:2:93255:104196	COc1ccc2c(n1)CCCC2Nc1ccc(OC)c(CN(C)C)c1	0.034756
rxn:2:126203:82928	CC(Nc1ccnc(OC(C)(C)C)c1)c1cnn2ccncc12	0.034737
rxn:2:137189:139115	CC(NC1CCc2cnccc2C1)c1cnc2ccccc2c1	0.034724
rxn:2:132958:131574	CC(Nc1nccc(C(C)(C)C)n1)c1cncc2c1ccn2C	0.034719
rxn:2:109031:132751	CCc1c(NC2CC(c3noc(C4CC4)n3)C2)ccc(=O)n1C(C)C	0.034719
rxn:2:69103:116994	c1ccc([C@H]2CCCC(NC3(C4CC5CCC4C5)CC3)C2)cc1	0.034717
rxn:2:71301:117558	COC1CCCC(n2cc(NC3CC[C@H]3Cc3ccccc3)nn2)C1	0.034715
rxn:2:122732:127272	Cc1cccc2c1OCCCC2Nc1cccc(OC2CCC2)c1	0.034712
rxn:2:89249:126420	Cc1ccc(C2(CNC(CC3CC3)C3=NCCCC3)CCC2)nn1	0.034702
rxn:2:95239:98229	CCC(NCC1(CC2CC3CCC2C3)CC1)c1ccc[nH]c1=O	0.034700
rxn:2:68382:128299	CCCn1cc(NC(CC)CCc2ccc(C)cc2)c(C)n1	0.034689
rxn:2:67679:81837	COCCn1cc2c(n1)CCCC2NCC1CCCCN1C(C)C	0.034687
rxn:2:73716:127985	CC(C)CN1C2CCC1CC(Nc1ccc(N3CC4CC4C3)cc1)C2	0.034678
rxn:2:92784:66738	CC(C)Cc1cnc(NC(C)c2cnn(CC3CCC3C)c2)nc1	0.034663
rxn:2:67592:80555	COCCC(Nc1c2c(nn1C(C)C)CCSC2)c1cnn(C)c1	0.034662
rxn:2:95682:113318	CCOC1CC(NCCc2c(C)[nH]c3c(C)cccc23)C12CCC2	0.034660
rxn:2:131684:88788	Cc1nc2c(CNC3CCC(n4ccnn4)CC3)cccc2s1	0.034653
rxn:2:131282:127886	CC(Nc1nncc(C(C)(C)F)n1)c1cccc2ccnnc12	0.034652
rxn:2:126074:119375	CCC(CN(C)C1CC1)NCc1cnn(C)c1C1CCCCC1	0.034651
rxn:2:82463:91878	Cc1cnn(Cc2cnn(C)c2)c1NC1COc2ncccc21	0.034651
rxn:2:117640:126228	CCCC1(Cn2ccc(NC3CCC(C4COC4)CC3)n2)COC1	0.034644
rxn:2:99283:104737	CCCC(C)n1nc(NC2CCCC2Cc2cnn(C)c2)cc1C	0.034640
rxn:2:67094:116676	CC(C)c1ccc2c(c1)C(NCC1C(c3ccco3)C1(F)F)CC2	0.034633
rxn:2:97512:105016	O=c1ccn(Cc2csnn2)cc1NC1COc2ccccc21	0.034632
rxn:2:112288:111207	CCc1ccc2c(c1)C(NC(C)c1ccc(OC(C)C)nc1)CC2	0.034621
rxn:2:140519:71450	CC1CCC(Nc2ncn(Cc3nncn3C)n2)c2sccc21	0.034616
rxn:2:113709:88171	CCC(CN1CC(C)OCC1CC)NCc1conc1C(C)C	0.034616
rxn:2:98709:114543	CCCc1c(C2CC2)n[nH]c1NC1CC(C2(C)CC2)n2nccc21	0.034610
rxn:2:113603:110372	Cc1ccc(C)c2c1SCCCC2Nc1cn(CCC(C)C)nn1	0.034602
rxn:2:119263:78575	CCC(C)CCCC(C)NC(C)(C)c1cccc(OC)n1	0.034588
rxn:2:96560:96468	CC(C)(CCc1ccsc1)CNC[C@@H]1CCc2ccccc2O1	0.034585
rxn:2:136721:102464	COc1cccc(C(NC(C)C2COc3ccccc3O2)C2CC2)c1	0.034580
rxn:2:117446:92702	CC(C)c1ccc2c(n1)OCCC2NCc1csc(C(C)(C)C)c1	0.034577
rxn:2:83648:125248	CCc1ccc(OC)c(C(C)NCCc2c(C)cccc2C)c1	0.034573
rxn:2:116729:80103	Cc1cc(C)cc(C(NCc2c(C)noc2C(C)C)C(C)C)c1	0.034567
rxn:2:109211:118726	CCOc1ccc(C(CC)NCc2ccn3c2CCCC3)c(C)n1	0.034561
rxn:2:114325:68521	CCOc1cc(C)ccc1C(C)NCCC1(OCC)COC1	0.034549
rxn:2:102139:76437	CC1(CNC2CCN(S(=N)(=O)C3CC3)CC2)CC1c1ccccc1	0.034538
rxn:2:136247:138952	Cc1ccnc(-c2cncc(NC(C)CCC3CCCC3)c2)c1	0.034537
rxn:2:79235:139317	O=c1c2ccnn2cnn1CCNC1CCN(C2COC2)C1	0.034537
rxn:2:104892:132698	CC(CNC(C)CCCc1ccccn1)CN1CCOCC1	0.034536
rxn:2:122195:98062	CCC(C)[C@@H](NC(C)c1cc(C)ccn1)c1ccccc1OC	0.034536
rxn:2:125473:70454	CCCN1C2CCC(CNC3CCC4CCCCN4C3)CC1CC2	0.034524
rxn:2:113295:72715	COc1cccc2c1CC(NCCC(C)(C)n1ccnn1)CCC2	0.034520
rxn:2:102258:131279	CC(NC1CC(n2cncn2)C1)c1cnc(-c2cc[nH]c2)s1	0.034520
rxn:2:68716:107061	FC1(F)CCc2ccccc2C1Nc1nc[nH]c2ccnc1-2	0.034518
rxn:2:118924:129273	COCc1nc(C(C)NCC(F)(F)c2cccc(OC)c2)cs1	0.034503
rxn:2:90593:108823	CCc1cnccc1C(C)N[C@@H](CC1CC1)c1sccc1C	0.034497
rxn:2:100216:120644	CCC(NCc1cc(-c2cccnc2)no1)C1CCCCCC1	0.034494
rxn:2:91320:81578	FC(F)(CNC1CCC2(CC1)OCCC2(F)F)Cc1ccccn1	0.034487
rxn:2:80148:106763	COCC(Nc1cnc2[nH]nc(OC)c2c1)c1ccco1	0.034474
rxn:2:104892:121272	CC(CNC1c2ccccc2CC1CN(C)C)CN1CCOCC1	0.034468
rxn:2:118811:122551	CN(c1ccccc1NC1CC[C@@H]1c1ccccc1)C1CCSC1	0.034456
rxn:2:78053:93763	Cc1ccccc1C(CNc1ccnn1CC1CCC1)C(C)C	0.034452
rxn:2:127883:124480	CC(NCc1ncccc1N1CCOCC1)c1ccc2c(c1)CCOC2	0.034446
rxn:2:70061:111741	Cc1nc(NC(C)c2cc(C)n(C(C)C)c2C)nc(C)c1C1CC1	0.034444
rxn:2:110197:110148	CCc1nn(C2CCCC2)c(NC2CC(CC)Cn3nccc32)c1C	0.034440
rxn:2:124022:126895	CS(=O)(=O)CCC1(CNC(c2ccccc2)C2COC2)CCC1	0.034436
rxn:2:82522:138050	Cc1cnc(-c2ccoc2)nc1NC1CCCC12CCCCCC2	0.034423
rxn:2:127865:122940	CCC(C)[C@@H](NC1CCCc2c1ccn2C)c1ccc(OC)cc1	0.034414
rxn:2:67236:72745	Cc1ccc2ncc(C(C)NCC3CC3c3cc[nH]n3)n2n1	0.034413
rxn:2:124034:69608	CCCC(C)CCC(C)N[C@@H]1CCCC[C@H](OC)C1	0.034407
rxn:2:69321:99483	CC(N[C@H](c1ccccn1)C(C)C)c1c[nH]c2nccnc12	0.034400
rxn:2:70785:79306	CN(C)CCCC(NC1C(F)CCCC1(C)C)c1ccccc1	0.034396
rxn:2:100776:92545	Cc1cccc(C(N[C@@H](C)c2nnc(C)[nH]2)c2ncco2)c1	0.034395
rxn:2:106174:103766	Cc1cc(C)c2c(c1)[C@H](NC1CCSc3cccc(C)c31)CC2	0.034394
rxn:2:98102:141698	CCc1nnc2n1CC(CNC1CCCc3c(OC)ccc(C)c31)CC2	0.034392
rxn:2:113335:80322	CC(NCCc1cnc(C2CC2)s1)c1cccn2nccc12	0.034387
rxn:2:92828:136864	COc1ccc2c(c1)C(NC1CCCC1c1ncnc(C)c1C)C(C)C2	0.034380
rxn:2:85098:91308	CCC(Nc1c(C)nn(-c2nccs2)c1C)C1CCC(F)(F)CC1	0.034372
rxn:2:125303:99963	CC(C)CC(C)n1cnc(NC(C)c2cccnc2S(C)(=O)=O)n1	0.034366
rxn:2:105524:115019	CCOCC(Nc1c(C2CC2)c(C)nn1CC)c1ccccc1	0.034366
rxn:2:93065:103336	CCc1csc(C(C)Nc2c(-c3cccs3)cnn2C)c1	0.034364
rxn:2:85018:80445	CCC(NC1Cc2ccccc2C(C)C1)c1ccc(C)cc1C	0.034360
rxn:2:141338:88701	C=C=Cc1ccc2c(c1)C(NCC1(OC)CCCSC1)CCS2	0.034354
rxn:2:97525:74146	CCOC1CCCC(NC(c2ccc(C)cc2C)C2(C)CC2)C1	0.034346
rxn:2:68714:133459	COCCC1CC(C)CCC1NCc1cccc(-c2ccon2)c1	0.034343
rxn:2:92548:76940	O=c1cc(N2CCCC(NC3CCCC3Cn3ccnc3)C2)cn[nH]1	0.034340
rxn:2:76843:114092	CC(C)(C)OC1CC(NCC2CCC(F)(F)C(C)(C)O2)C12CCC2	0.034339
rxn:2:67377:100560	Cc1cc(C)c2c(c1)OC(Nc1ccc3c(c1)ncn3C)C2=O	0.034333
rxn:2:87769:107295	CSCCC(NC1CCC1n1cc(CN(C)C)nn1)C(C)C	0.034332
rxn:2:121673:141510	CCN1CCC(NC2Cc3c(OC)ccc(OC)c32)C1c1cscn1	0.034331
rxn:2:91791:68535	CCc1cccc2c1OCC2NC(C)c1nc(C2CCC2)c(C)s1	0.034330
rxn:2:118897:69417	COc1nscc1C(C)NCCc1ccc2cccnc2c1	0.034328
rxn:2:132732:68715	CCc1ccc(C(CC)NC2C3CCC(C3)C2OC)c(CC)c1	0.034327
rxn:2:130894:121022	CC1COCCC12CC(Nc1ccn(CCc3cccnc3)n1)CCO2	0.034327
rxn:2:78226:114975	CCn1c(NC(CSC(C)(C)C)c2ccccc2)cc(=O)n(C)c1=O	0.034321
rxn:2:128370:71927	CCC1(C)CC(NCCc2ccc(C)c(C)c2)c2ccccc2O1	0.034314
rxn:2:141770:122234	COc1ccc(C2(NC(CC(C)C)c3ccco3)CC2C)cc1	0.034312
rxn:2:98623:99091	CCCN(C)c1ccc(NC2CC(OC(C)(C)C)C2(C)C)c(C)n1	0.034307
rxn:2:85336:83036	Cc1cccc2c1CCCC2NC[C@@H]1CCCN1Cc1ccccc1	0.034306
rxn:2:94677:130227	CCN1C(CN[C@@H]2CCCO[C@H]2c2cnn(C)c2)CCCC1C(C)C	0.034303
rxn:2:141981:102287	Cc1[nH]oc(=O)c1CCNC(C)c1c(C)sc2ccccc12	0.034295
rxn:2:69176:125299	CCCc1cc(C)nc(NC2CCCc3ccc(SC)cc32)n1	0.034288
rxn:2:86966:93716	Cc1nnc(-c2ccc(C(C)NC(C)c3ccccn3)s2)[nH]1	0.034288
rxn:2:121301:103641	O=S1(=O)CCC(n2ncnc2NC2CCC(CC3CCCO3)CC2)C1	0.034288
rxn:2:137954:120854	CCOc1ccccc1C(C)(CC)NC1CCC2(CCCOC2)C1	0.034287
rxn:2:66561:123088	CCc1cc(NC(C)CCn2cncn2)n2ncc(C)c2n1	0.034281
rxn:2:81589:86984	COCc1nc(COC)c(C(C)NC2CCOC(C3CC3)C2)s1	0.034268
rxn:2:96270:113689	CC(C)(C)C(CCC1CCCC1)NCC(F)C1CCC1	0.034260
rxn:2:115161:81749	Cc1ccc(C)c(C(C)NCC(F)(F)CN2CC(C)C(C)C2)c1C	0.034260
rxn:2:130156:67498	COc1c(C(C)NC2CCN(CCSC)CC2)cnn1C(C)C	0.034259
rxn:2:142004:117072	CCC(NC12CCC(CN(CC)C1)C2(F)F)c1cccc2occc12	0.034255
rxn:2:129324:75727	CN1CCC(NC2(c3nnc(C4CCCC4)o3)CC2)CC12CCOCC2	0.034255
rxn:2:104692:122092	Cc1[nH]cc2c1CC(C)(C)CC2Nc1cnc(OC2CCCC2)nc1	0.034250
rxn:2:135082:84847	CCCOc1ccc(C(C)Nc2nc(C)nc3c2COCC3)c(C)c1	0.034242
rxn:2:116386:131018	Cc1cc(NC2CCCC2Sc2nnc(C)o2)n2cncc2n1	0.034235
rxn:2:107706:157964	CC(C)C(CN1CCSCC1)NC1CCc2[nH]c3ccccc3c2C1	0.034225
rxn:2:88840:72130	CC(Nc1ncn(CCN2CCSCC2)n1)c1ccc2c(c1)COC2	0.034214
rxn:2:85251:130327	COc1nc(OC)c2c(n1)C(NCc1ccc3c(c1)OC(C)(C)C3)CC2	0.034210
rxn:2:105248:87772	Cc1cc2nc(C(C)NC(c3nccn3C)C(C)C)ccn2n1	0.034208
rxn:2:126009:98229	CCC(Nc1ccn2c(OC)nnc2c1)c1ccc[nH]c1=O	0.034199
rxn:2:99596:138952	CCC(C)[C@H](NC(C)CCC1CCCC1)c1ccncc1	0.034194
rxn:2:66549:103589	COc1ccc(C2CCCC2NCC2CCN(CC(C)C)C2)cc1	0.034186
rxn:2:156680:130227	CCN1C(CNc2c(C)nc3ccc(C)cn3c2=O)CCCC1C(C)C	0.034186
rxn:2:94823:71666	CCC(Nc1ccnc(-n2nc(C)cc2C)c1)c1ccn(C)n1	0.034175
rxn:2:77301:93234	Cc1nc(C)c(CNC(C)CCC2(c3ccc[nH]3)COC2)nc1C	0.034172
rxn:2:77181:119277	COc1cc2[nH]c(C)nc2cc1NC1CCCc2ccsc21	0.034171
rxn:2:77643:134526	CCC(COc1ccccc1)NC(C)c1cc2c([nH]c1=O)CCC2	0.034168
rxn:2:124543:106282	COc1ccccc1N1CCC(NC(C)C(F)(F)c2ccccc2)C1	0.034166
rxn:2:139562:128417	c1cncc(C2CCCC2NCCn2ncc3ccccc32)c1	0.034165
rxn:2:95886:119451	CCc1c(C(C)NCC(C)(C)N2CCN(C)CC2)nn(C)c1OC	0.034164
rxn:2:106741:87508	CC(Nc1ncnc2c1ncn2C)c1ccccc1S(C)(=O)=O	0.034157
rxn:2:70803:90156	CCOc1cc(C)c(CNC(CC)C(C)CN(C)C)c(C)c1	0.034157
rxn:2:129760:119227	Cc1ccc2c(c1)CCC(Nc1cnc3nccnc3c1C)C2	0.034153
rxn:2:128282:116418	CC1CC(NCC2CCCC3(CCOCC3)O2)CCC1C(C)(C)C	0.034150
rxn:2:127095:87886	Cc1ccc(OC(C)C)c(C(C)Nc2cnn3c2OC(C)(C)CC3)c1	0.034149
rxn:2:65997:139101	CCc1cc(C(C)NCCc2c[nH]nc2C2CCC2)n(CC)n1	0.034138
rxn:2:130313:73512	CC(C)[C@H]1CC[C@H](C)CC1N[C@@H](CC1CC1)c1ccsc1	0.034137
rxn:2:95021:112262	COc1cc(C)cc2c1OCC2NC(C)CCCC1CCCC1	0.034135
rxn:2:123311:137845	CC(C)CC(C)n1nccc1NC1Cc2ccccc2C(C)(C)C1	0.034129
rxn:2:70405:96424	COc1ccc2c(c1)C(C)CC2Nc1nc2c(cc1S(C)(=O)=O)CCC2	0.034127
rxn:2:111371:136252	CCCC(C)N1CCCC1CNc1cscc1-c1ccncc1	0.034124
rxn:2:130178:71180	Cc1ccc(C(C)Nc2ncn(Cc3ccc(C)nc3)n2)nc1	0.034115
rxn:2:74075:95205	CCC(C)[C@H](NC1CCC12CCC2C)c1ccc(C)cc1C	0.034106
rxn:2:127433:68081	CN1CCC(CN2CCC(Nc3cccc(N(C)C4COC4)c3)C2)C1	0.034102
rxn:2:73642:117056	Cc1nc(C2CC(NC3(CN(C)CC4CCN(C)C4)CC3)C2)no1	0.034100
rxn:2:116970:83911	COc1cc(C)cc(C(C)NC2(COC(C)C)CCCCC2)c1	0.034093
rxn:2:69139:116462	COc1cc(NC(C)c2nnn(C)c2S(C)(=O)=O)nnc1OC	0.034089
rxn:2:79444:141518	Cc1cc(-c2csc(NC3CCOC4(CCN(C)CC4)C3)n2)c(C)s1	0.034071
rxn:2:134158:92418	Cc1cn(Cc2cnn(C)n2)nc1NC1CCCc2snnc21	0.034067
rxn:2:108728:117845	CCOc1ccccc1C(NC(c1nnn[nH]1)C1CC1)C1CC1	0.034066
rxn:2:86332:97388	Cc1cc(C)cc(C(C)NC2(Cc3ccccc3)CC2(C)C)c1	0.034053
rxn:2:122704:81613	CC1CCCN(c2nn(C)cc2NC2CCC(C)(N3CCCC3)CC2)C1	0.034053
rxn:2:122024:78139	CC(NCCc1nc2ccncc2[nH]1)c1ccn(C)c(=O)c1	0.034045
rxn:2:103552:121531	Cc1cc(Oc2ccc(NC(C)CCN3CCOCC3)cc2)[nH]n1	0.034038
rxn:2:70116:107149	COc1ccc(C(C)Nc2ccc(OC(C)C)cc2C)nc1OC	0.034036
rxn:2:66807:87168	CCOc1ccc(NC2CCN(C(C)C3CC3)CC2)c2cccnc12	0.034036
rxn:2:93933:130127	CSc1ccc2c(c1)OCCC2NCC1(F)CCN(C2CC2)CC1	0.034035
rxn:2:67895:101715	Cc1cnc2n1C(C(C)NC(C)c1cccc(S(C)(=N)=O)c1)CCC2	0.034031
rxn:2:88517:131928	CCc1nsc(N2CCC(Nc3ncn(C(C)COC)n3)CC2)n1	0.034027
rxn:2:74299:137809	COCCC(N[C@@H]1CN(C)C[C@H]1c1nc(C)cs1)C1CCCCC1	0.034026
rxn:2:118760:99603	CCCc1nc2c([nH]1)C(NCc1cc3n(c1C)CCC3)CCCC2	0.034024
rxn:2:99250:100560	COc1cccc(C2CC2C(C)NC2Oc3cc(C)cc(C)c3C2=O)c1	0.034023
rxn:2:82696:130778	CCN1Cc2ccc(C(C)NC3CC(C)(C)c4oc(C)cc43)cc2C1	0.034019
rxn:2:83548:114074	CC(COc1ccccc1)NC1CCCC1CCc1ccco1	0.034010
rxn:2:122828:141889	CCn1ncnc1C(NC1CCC(c2cccc(C)c2)CC1)C1CC1	0.034004
rxn:2:100252:78308	COC1CS(=O)(=O)CCC1NCc1cn(Cc2sccc2C)nn1	0.034001
rxn:2:108527:98274	CC(NCc1cc2cncnc2s1)c1cc(CN(C)C)cs1	0.033987
rxn:2:134152:91056	Cc1nc(CNC2CN(C)c3cscc32)cc(-c2cccs2)n1	0.033985
rxn:2:83946:90660	CCC(Nc1cc2nc(C)c(C)n2cc1C)C1CCCN1CC1CC1	0.033985
rxn:2:110995:119786	CCC(Nc1[nH]c(=O)n(C)c(=O)c1N=O)c1ccc2c(c1)CCO2	0.033975
rxn:2:70189:71019	CCn1nc(CNC2CCCC(c3ncccc3C)C2)c2c1CC1CC21	0.033975
rxn:2:108365:85635	c1ccc2c3c([nH]c2c1)CCC3NC1CCCC1n1ccnn1	0.033972
rxn:2:117154:126619	CCC1Oc2cc(C)cc(C)c2C1NCc1c(OC)cccc1OC	0.033966
rxn:2:133278:123207	Cc1cn(Cc2cccs2)nc1NC1CCOC2(CCC(C)CC2)C1	0.033949
rxn:2:118757:78751	Cc1cnnc(C(C)NC(c2ccccc2)c2nnc(C)o2)c1	0.033940
rxn:2:101750:76082	Cc1cccc(C(C)CCNC(C)c2cccc(C)c2C)c1	0.033920
rxn:2:133330:129967	CCc1ccccc1C(NCc1cc(COC)[nH]n1)C1CCC1	0.033919
rxn:2:67457:111608	CCc1cnc(OC)cc1NC(C)c1cnc2nncn2c1C	0.033913
rxn:2:122435:83880	CC(C)n1c(C2CC2)ccc(NC2CC(c3cnn(C)c3)C2(C)C)c1=O	0.033911
rxn:2:121705:102382	CCC(C)(Cc1cnn(C)c1)NC1CCc2c1sc1c2CC(C)(C)C1	0.033908
rxn:2:124228:128798	Cc1ccc([C@@H](CC2CC2)NC2CCN(c3cccnc3)C2)c(C)c1	0.033898
rxn:2:66355:145716	O=S1(=O)CC2(CCC(NC3c4ccccc4S(=O)(=O)C34CC4)CC2)C1	0.033897
rxn:2:80664:113325	Cc1cccc2c1CC(C)C2NCC(F)(F)c1ccccc1N(C)C	0.033896
rxn:2:107896:87175	COc1cccc(C2(NC3CCCC34CCC(C)CC4)CC2C)c1	0.033886
rxn:2:90116:103069	CCOC(CNC1CC(C)(C)c2c(C)ccc(C)c21)c1cscn1	0.033884
rxn:2:137815:89408	COCCc1nc(NC2CCCc3ccc(C4CC4)cc32)cc(=O)[nH]1	0.033883
rxn:2:120587:79590	Cc1c(-c2cc[nH]c2)nc(CNC2CCCCCN3CCCCC23)n1C	0.033874
rxn:2:119525:113209	c1cc(NC2CCCc3oc4c(c32)CCCC4)nc(C2CCCC2)n1	0.033871
rxn:2:129585:125881	Cc1ccccc1COCC(C)(C)NC1CCOc2[nH]c(=O)ccc21	0.033868
rxn:2:142037:87302	C[C@H]1CCC(N[C@H](c2ccco2)C2CCCC2)c2ccccc21	0.033862
rxn:2:120620:86777	CCC(NCc1ccc2ccncc2c1)c1c(C)nn(C)c1C	0.033861
rxn:2:73206:93299	CCCn1cc(C(NC2C[C@H]3C[C@@H]4C[C@H](C3)C[C@H]2C4)C(C)C)cn1	0.033859
rxn:2:93033:68051	CCN(c1ccc(NC2CC3C[C@@H](OC)C(C2)N3C)cc1C)C(C)C	0.033854
rxn:2:68004:119026	CCn1cc(OC)c(NC(CCOC(C)(C)C)c2cccs2)n1	0.033854
rxn:2:118174:98838	CCOc1cc(C(CC)NCCC2CCCN(C)C2)ccc1C	0.033847
rxn:2:76752:92613	c1ccc2c(c1)CC1(CCC1)C2NCc1ccc2[nH]nnc2c1	0.033837
rxn:2:90700:110051	c1ccc(SC2CCC2Nc2cnc(-n3cnnc3)cn2)cc1	0.033833
rxn:2:94434:80913	CC(NC1CCC2CC3CCCN2C31)c1ccc2[nH]c(=O)[nH]c2c1	0.033833
rxn:2:75541:81809	Cc1ccc(C2CCCC(NC[C@@H]3CCCN3CC(C)C)C2)cc1	0.033825
rxn:2:126571:141897	CCC(C)(NC(c1ccccc1)C(C)OC)c1ccccc1C	0.033820
rxn:2:131389:120877	CC(C)CN1CCN(CCNC(C)c2cnc3[nH]ccc3n2)CC1	0.033819
rxn:2:73950:69835	Cc1cc(NC(C)c2cnc(-c3ccnn3C)s2)n(C2CC2)n1	0.033818
rxn:2:122247:72749	COc1ccc(C2(NC(C)c3csc(C(C)(C)C)n3)CCC2)cc1	0.033806
rxn:2:72867:71442	CC(N[C@H]1C[C@@H](Oc2cccnc2)C1)c1ccc(S(=O)(=O)F)cc1	0.033806
rxn:2:103866:132745	Cc1[nH][nH]c(=O)c1CCNC1CCC([C@H]2CC[C@H](C)CC2)CC1	0.033797
rxn:2:71397:130545	Cc1ccc([C@@H](NC(C)c2ccnn2C2CC2)C(C)(C)C)cc1C	0.033791
rxn:2:136847:87469	c1cncc(CC2CCC(Nc3cnc4ccsc4n3)CC2)c1	0.033790
rxn:2:127585:124713	CC(C)c1cccc(C(C)N[C@H]2CC[C@@H](n3cccc3)CC2)c1	0.033789
rxn:2:130091:112262	CCCn1nc(NC2COc3c(OC)cc(C)cc32)cc1C1CCC1	0.033784
rxn:2:101713:68437	CCn1cc(C(C)NCC(C)(CC)CC2CCCC2)c(C)n1	0.033778
rxn:2:81664:106702	COc1ncc(C(C)Nc2cc3c(C)noc3cc2C)cc1C	0.033774
rxn:2:111276:84365	Cc1cc(CNC2c3cn[nH]c3CCC2F)c2cnn(C)c2n1	0.033765
rxn:2:68457:89600	CCc1cc(CNC(CC)C(C)(C)CC)n(C2CCCC2)n1	0.033757
rxn:2:94940:92655	CCC(CSc1cccc(C)c1)NC(C)(C)c1nc(C)c[nH]1	0.033755
rxn:2:117276:78305	Cc1cccc(C(Nc2cc(C)cc(C)c2C)C2(C)CC2)c1	0.033755
rxn:2:87847:111739	CCc1nc(-c2cccc(NC(C)c3ccco3)c2)cs1	0.033740
rxn:2:72091:124001	c1ccc2c(c1)OC1(CSC1)CC2Nc1ccc2ocnc2n1	0.033739
rxn:2:102130:82968	CC(Nc1[nH]nc2c1COCC2)c1cccc(-n2cccc2)c1	0.033739
rxn:2:122926:95004	O=c1[nH]c2cccnc2cc1NC1CCC(c2ccccc2)C1	0.033737
rxn:2:93264:80745	CCc1nc2nccc(CNC(C)c3cnn4c3CCC4)n2n1	0.033735
rxn:2:107037:68598	c1ccc2c(c1)CN(C1CC1)CC2NCCc1cn(CC2CC2)nn1	0.033733
rxn:2:97092:74795	CC1(C)CC2(CC(NCCN3CCc4ccccc4C3)C2)CC(C)(C)O1	0.033729
rxn:2:75153:107761	CCCC(NC(C)c1ccc(CC)o1)c1cc(C)sc1C	0.033723
rxn:2:110474:140061	COc1ccc2c(c1)[C@@H](NC(C)c1c(OC)cccc1OC)CCC2	0.033721
rxn:2:94366:93630	CCCN1CCC[C@H]2CC(NC3CCN(c4nccn4C)CC3)CC[C@@H]21	0.033718
rxn:2:67120:75466	CC(NC1c2ccccc2OCC1F)c1cc2cccnc2[nH]1	0.033716
rxn:2:82745:103965	C=C=Cc1cccc2c1CCCC2NC(C)CCN1CCOCC1	0.033711
rxn:2:101457:122072	CC(N[C@@H](c1ccccc1)C1CCC1)c1ccccc1C1COC1	0.033701
rxn:2:66102:92074	CCC(CCc1cccc(OC)c1)NCc1c2c(nn1C)COC2	0.033699
rxn:2:110518:123636	CC(C)c1cncc(C(C)Nc2ccc(-n3ccnc3)nc2)c1	0.033693
rxn:2:113597:138932	CC(NC1CCN(CC2CCOCC2)C1)c1ccc2c(n1)C(C)(C)CO2	0.033687
rxn:2:95695:142160	CCCc1nn(C)c(NC2CCc3ccc(OC)cc3C2C)c1CC	0.033686
rxn:2:105087:137236	COc1ccc2cnccc2c1NC(C)c1c(C)cc[nH]c1=O	0.033686
rxn:2:105596:116513	Cc1ccc(NC(C)CCC2CCCCO2)cc1-c1ccoc1	0.033676
rxn:2:116659:77626	CCC(NC1CCCC12CCCC2)C(C)Oc1ccc(C)cc1	0.033674
rxn:2:134237:101715	Cc1cc(C)c(CCNC(C)c2cccc(S(C)(=N)=O)c2)c(C)c1	0.033669
rxn:2:112534:130896	CC(Nc1cccc2c1C1CCC2CC1)c1cnn(C2CCCO2)c1	0.033656
rxn:2:105708:85891	CCOc1ccc(OC)cc1NC(C)c1cnn(C2CCCC2)c1	0.033650
rxn:2:116167:94065	Cc1ccsc1C(F)(F)CCNC(C)c1cnn2c1CCCCC2	0.033640
rxn:2:123583:102302	CCCC(NC1CCN(C)C12CCCC2)c1ccc(COC)cc1	0.033640
rxn:2:167891:90552	Cc1ccc2c(=O)[nH]nc(CNC(C)c3cn(C)nc3C)c2c1	0.033640
rxn:2:86794:88330	Cc1cccc(C(CCN(C)C)NC2C[C@H]3CC[C@@]2(C)C3(C)C)c1	0.033637
rxn:2:123300:104933	Cc1cc(C)c(C2CC2NC2COc3c(C)c(C)cc(C)c32)c(C)c1	0.033629
rxn:2:68932:102026	Cc1nc(CCNC2CC(C)(C)c3ccccc32)n(C)c1CC(C)C	0.033626
rxn:2:122764:128062	FC1CCN(c2cc(NC3CCC(c4ccccn4)CC3)ccn2)CC1	0.033624
rxn:2:89441:89993	c1ccc(-c2nscc2NC2CCC(c3nnco3)CC2)cc1	0.033600
rxn:2:113620:108093	c1ccc(N2CCCCC2CNC2(c3cnccn3)CCCCC2)cc1	0.033596
rxn:2:81464:91160	CC(CNC1CCC(N(C)CCN(C)C)CC1)CC1CC1	0.033595
rxn:2:106241:76581	Cc1ccc2c(c1)[C@H](NC1CCC(C)(c3ccccc3)C1)[C@@H](C)C2	0.033591
rxn:2:74373:80555	COCCC(Nc1c(C(C)C)c(C2CC2)nn1C)c1cnn(C)c1	0.033576
rxn:2:97557:104629	CCC(COc1ccccc1C)NCc1cnn2c1OCC1(CC1)C2	0.033571
rxn:2:132850:120416	CCCCC(NC(Cn1cncn1)C(C)C)c1cc(C)nn1C	0.033570
rxn:2:75546:82980	CCN1CCN(C2(CNC(C)c3ccccc3SC)CC2)CC1	0.033565
rxn:2:69564:68597	COC1CCC2(CC1)CC(Nc1ccccc1-c1nc(=O)o[nH]1)CCO2	0.033552
rxn:2:114211:137236	Cc1ccc([C@H](CC(C)C)NC(C)c2c(C)cc[nH]c2=O)cc1C	0.033550
rxn:2:129686:119686	Cc1ccccc1C(Nc1nc(-c2ccccn2)no1)C1CC1	0.033543
rxn:2:105215:73522	CCCCC(Nc1ccccc1-n1ccnc1CC)C(C)C	0.033542
rxn:2:108640:133315	CCOC(CNC(C)c1nccn1-c1ccncc1)C1CCOC1	0.033541
rxn:2:74526:124848	CCCC(Cc1ccccc1OC)N[C@@H](CC)c1ncnn1C	0.033530
rxn:2:95998:87118	C[C@@H]1CC(C)(C)C[C@](C)(NC2C[C@H]3CCCC[C@@]3(C)C2)C1	0.033527
rxn:2:115021:127484	CCC1(OC)CCC(NC(C)Cc2ccc(N(C)C)cc2C)CC1	0.033525
rxn:2:84999:137069	Cc1n[nH]c2c1C(CNC(C)c1ccc3ncsc3n1)C(C)C2	0.033523
rxn:2:106210:92855	CSCc1cc(NC(C)c2c[nH]c3c(C)ccnc23)ccn1	0.033508
rxn:2:127132:112342	COc1cccc2c1C(NCC1CCC(S(C)(=O)=O)CC1)CCCS2	0.033508
rxn:2:118652:129228	Cc1ccn2c(NC3CCC4(c5ccccn5)CC4C3)nnc2c1	0.033505
rxn:2:121461:83974	CO[C@@H](C)c1cccc(NC(C)c2ccc(OC3CC3)cc2)c1	0.033505
rxn:2:90465:113892	CC(Nc1cn(C)c2c(c1=O)CCCC2)c1cc2cncnn2c1	0.033505
rxn:2:106493:91160	CN(C)CCN(C)C1CCC(NCc2c[nH]c(C(C)(C)C)n2)CC1	0.033500
rxn:2:120621:111042	COc1ncc(C2CC2)nc1NC1CCC2(CC1)CCC(F)(F)CC2	0.033476
rxn:2:121715:103705	CCc1cccc2c1CCCC2Nc1nc(C(C)(C)C)c(C)s1	0.033469
rxn:2:136264:134725	COc1cc(NC(C)c2nn(C)c3ccncc23)c(OC)nn1	0.033469
rxn:2:71774:87407	CCN(CC)Cc1cc(NC2CCCCC2c2cccs2)nn1C	0.033468
rxn:2:111787:73313	Cc1cccc(OCC2CC(Nc3ccnc(OC4COC4)c3)C2)c1	0.033468
rxn:2:89672:119077	COc1ccc(OC)c(NC(C)CC(C)Cc2sccc2C)n1	0.033461
rxn:2:115750:129129	CSc1[nH]nc(C)c1C(C)Nc1ccc(N2CCCCC2C)nn1	0.033460
rxn:2:100532:118550	CN1CCC(NCc2cncc(-n3cccn3)c2)c2ccccc21	0.033458
rxn:2:104728:85300	COc1cccc(C(NC2CC3(Cc4ccccc4C3)C2)C(C)C)c1	0.033454
rxn:2:72664:95843	COc1ccc([C@H]2CCC(NC3CSc4c(OC)cccc43)C2)cc1	0.033451
rxn:2:107290:120759	CCCc1ccc(C(CCC)NC2(c3cnn(C)c3)COC2)cc1	0.033450
rxn:2:75304:108906	CC(C)c1nc(NC2CCC(c3nccn3C)C2)oc1C1CCCC1	0.033447
rxn:2:72386:138733	Cn1ccc(C2CC(NCCn3nnnc3CC3CCCO3)C2)n1	0.033442
rxn:2:68931:165421	CC(Nc1cn(C)nc1N(C)C)c1cc2ncccc2[nH]c1=O	0.033435
rxn:2:67029:89430	CCC(N[C@H]1C[C@H](Oc2cccnc2)C1)c1cnc(N(C)C)cc1C	0.033434
rxn:2:139508:140542	CCOc1cc(CCNC2CCc3c2cccc3C(C)(C)C)ccn1	0.033432
rxn:2:83249:98302	Cc1cn2c(n1)C(NC(c1cccnc1)c1cccnc1)CCC2	0.033424
rxn:2:106240:86110	Cc1cc(N2CCC(NC3c4cc5c(cc4CC3C)CCC5)CC2)ncn1	0.033424
rxn:2:80666:141854	Cc1ncc2c(n1)CCC(NC(C)Cc1cnc3ccccn13)C2	0.033420
rxn:2:81543:103571	CCc1nc2c(s1)CC(CNC(C)c1cc3c(s1)CCCC3)CC2	0.033419
rxn:2:90291:68864	Cc1ccc(NC(C)c2cnn(C(C)C)c2C)c(C)c1C(C)C	0.033418
rxn:2:73478:77570	Cc1ccc2c(CNC3CCCOc4cncnc43)cccc2n1	0.033410
rxn:2:77509:147187	CC1(C)C(NC2CCc3c2nnc2ncnn32)C1c1ccccc1	0.033406
rxn:2:83823:109469	Cn1nc2c(c1C1CC1)C(NC1CN(CCc3ccccc3)C1)CCC2	0.033404
rxn:2:144137:136045	CCOC1CCCCC1Nc1n[nH]c2nc3ccccc3cc12	0.033374
rxn:2:89324:137603	Cc1cccc(C2CCC(NCc3cccc4ocnc34)C2)c1	0.033368
rxn:2:115096:138370	COc1cc(C(C)NCc2ccn(CC(C)C)n2)c(OC)cc1C	0.033368
rxn:2:77103:107983	Cc1nn(C2CCOC2)c(NC(C)c2ccnc(OC(C)(C)C)c2)c1C	0.033366
rxn:2:99498:102302	CCCC(Nc1cnc(C(C)C)cn1)c1ccc(COC)cc1	0.033352
rxn:2:76354:78952	CCN(CC)c1ccc(C(C)NCCc2nc(C)c(C)n2C)cc1	0.033352
rxn:2:101292:85562	Cc1cc(-c2cccs2)ccc1CNC1CC[C@@H]2C[C@H]1C2(C)C	0.033348
rxn:2:67837:118508	CC(C)CN1CCN(C(C)CNC2CCC3CN(C)CC3C2)CC1	0.033348
rxn:2:114670:118550	CN1CCC(NCC2CCC(c3ccccc3)CC2)c2ccccc21	0.033340
rxn:2:85098:89170	CCc1cc(C(C)Nc2c(C)nn(-c3nccs3)c2C)cs1	0.033338
rxn:2:70329:84719	CCc1cccc(C(C)NCCC2COc3c2ccc(C)c3C)c1	0.033330
rxn:2:101245:98150	CC(C)CC(NCCc1ccc(C2CC2C)o1)c1cccnc1	0.033319
rxn:2:135059:94218	CCC1(NC2CCCc3cc(N(C)C)ccc32)CCCCCC1	0.033314
rxn:2:68839:104934	Cc1ccc(Sc2nnc[nH]2)c(NC2CC(C)n3ncnc32)c1	0.033313
rxn:2:113015:131824	CCOC1CC(Nc2cc(OC)cc(S(C)(=O)=O)c2C)C12CCCC2	0.033312
rxn:2:74156:65966	CC1CC(C(NC[C@H]2CN(c3ccccc3)CCO2)c2ccnn2C)C1	0.033305
rxn:2:137736:97828	CCc1cnc(C(C)Nc2csc(N(C)CC3CCCC3)n2)s1	0.033301
rxn:2:111853:68346	CCN(C)CC(Nc1nc(C2CCOCC2)n(C)n1)c1ccn(C)c1	0.033295
rxn:2:140574:89045	CCCCc1cc(C)c(NC(C)c2ncccc2C2CC2)cn1	0.033288
rxn:2:91592:112972	CCc1ccccc1[C@H](CC)NC1CCCCc2nc(C)ncc21	0.033285
rxn:2:128967:91731	CCCC(Nc1c(-c2ccccn2)cnn1C)C1CCN(C(C)C)C1	0.033283
rxn:2:121703:110576	CCC(C)(C)C(Nc1cccnc1N=S(C)(C)=O)c1ccccc1	0.033275
rxn:2:95826:91789	CCCC(NCc1ccc2nc(C)[nH]c2c1)c1cncnc1	0.033274
rxn:2:91739:68295	Cc1cc(C)c2c(c1)OC(C)C2Nc1ccn(CCC2CCCC2)n1	0.033265
rxn:2:98663:128218	CCC(Nc1nc(-c2cnco2)cs1)C1CCCCN1CC(C)C	0.033261
rxn:2:128761:92613	Cc1cc2n(CCNC3c4ccccc4CC34CCC4)ccn2n1	0.033257
rxn:2:106976:97751	CCCOc1c(C(C)NC2CC23Cc2ccccc2C3)cnn1CC	0.033256
rxn:2:113907:133982	COc1ccc2cnc(NC3CCCC(n4ccnc4C)C3)n2c1	0.033255
rxn:2:103392:118981	COc1ccc2c(c1)C(NC[C@H](c1ccccc1)C(C)C)CCC2	0.033255
rxn:2:167279:131677	c1nc(NC2CCC2C2CCCCC2)c2cnc3ncnn3c2n1	0.033251
rxn:2:97282:72771	CCC(C)[C@H](NC1CC(CC(C)C)C1)c1cccc(C)c1	0.033251
rxn:2:101371:125826	Cc1ccc2c(n1)[C@H](CNC1c3cc(C)c(C)cc3CC1C)C(C)(C)O2	0.033249
rxn:2:114156:126014	CCCC1CC(Nc2cccnc2OCCC(C)C)CCS1	0.033248
rxn:2:95973:87532	CC(C)CCn1ccc(C(C)NC2CCCCc3cnccc32)n1	0.033247
rxn:2:123603:113807	c1cncc(C2CCC(Nc3cnn(CC4CC4)c3C3CC3)CC2)c1	0.033238
rxn:2:80287:140811	Cc1cc(NC(c2cncn2C)c2cncn2C)c2c(c1)OCO2	0.033238
rxn:2:104112:102335	CC(C)Cn1c(NC(c2ccccc2)C2CC(C)C2)cc(=O)n(C)c1=O	0.033228
rxn:2:79279:105231	Cc1cnc(N2CCC(Nc3ccc4nc(C)oc4c3)CC2)nc1	0.033224
rxn:2:86500:120148	CCc1nc2ccc(C)cn2c1CNC(CC)C1CCN(CC)CC1	0.033218
rxn:2:103167:117234	c1ccc(C(NC2CCOc3ccncc32)c2nn[nH]n2)cc1	0.033208
rxn:2:135338:67839	CSc1cc(NC(C)c2ccc(-n3cccn3)cn2)cnn1	0.033207
rxn:2:117281:97702	CCCCC1CC(Nc2cnc(N(C)CC)nc2)c2ccccc21	0.033198
rxn:2:76002:78324	Cc1cnc2cc(NC3CCN(c4nccc(C)n4)CC3)nn2c1	0.033197
rxn:2:100700:125240	CCOc1cc(NC2CCc3c(CC)cccc3C2)nc(OCC)n1	0.033194
rxn:2:87263:134280	CCC[C@@H](NC1CCOC12CCS(=O)(=O)CC2)c1ccc(OC)nc1	0.033194
rxn:2:66002:92695	CCc1ccc2[nH]c(C(C)NCC3CCCOC3C(C)C)cc2c1	0.033188
rxn:2:103863:92326	Cc1cc(CNC(C)CCCn2cccn2)nn1C(C)C(C)(C)C	0.033185
rxn:2:108144:120817	CCc1nn(CC)c2c1C(N[C@H]1CCO[C@@H]1c1nccn1CC)CCC2	0.033177
rxn:2:123697:82770	Cc1cc2nc(C(C)C)nn2cc1NC1CCC1c1cccs1	0.033165
rxn:2:89979:129162	CCSCC(NCCc1nccc(OC)n1)c1ccc(C)cc1	0.033162
rxn:2:96301:123424	CCn1ncnc1-c1ccsc1NC(C)c1[nH]ccc1OC	0.033160
rxn:2:85437:66830	CCCOc1cc(C)c(NC2CCCc3nc(CC)[nH]c32)cc1C	0.033157
rxn:2:113475:105256	CC(C)CC(NCC(C)S(=O)(=O)c1ccccc1)c1nccn1C	0.033154
rxn:2:85785:106635	COc1nc(C)c(NC(c2cccnc2)C2CCCC2)c(C(C)C)n1	0.033152
rxn:2:87965:112998	CCC(Cc1nccn1C)Nc1cc(C(C(C)C)C(C)C)nn1C	0.033151
rxn:2:93381:101715	Cc1ccc(OC2CC2)cc1NC(C)c1cccc(S(C)(=N)=O)c1	0.033127
rxn:2:140165:69805	c1ccc(Cc2ccccc2NC2CCCc3scnc32)nc1	0.033121
rxn:2:87055:131741	Cc1nc2c(o1)CCCC2Nc1nc(C)c(-c2ccccc2)[nH]1	0.033120
rxn:2:141445:123047	COc1ccnc2c(C(C)NC3CCC4(CC3)OCCC4(F)F)c[nH]c12	0.033118
rxn:2:68338:136829	CC(c1ccco1)N1CCC(NC2CCN(c3cc[nH]c(=O)c3)CC2)C1	0.033117
rxn:2:118149:112225	CCC(NC1CCN(c2ccncn2)CC1)c1cccc(C(C)(C)C)c1	0.033116
rxn:2:89470:115331	C=C=CC(NC(COC)Cc1ncccn1)c1ccc(C)cc1	0.033110
rxn:2:87754:115527	CCc1cncc(CNC2CCCc3c2cnn3C(C)C)c1C(C)C	0.033110
rxn:2:115023:117244	CC(C)CCC(CC(C)C)Nc1cc(-c2ccco2)c(=O)[nH]n1	0.033110
rxn:2:93157:134483	CC(C)c1cccc2c1C(Nc1c[nH]c3cnccc13)CC2	0.033109
rxn:2:103975:115204	CCC(N[C@@H](CC)c1ccc(SC)cc1)c1cccs1	0.033108
rxn:2:99140:68360	Cc1ccc(C(Nc2ncn(CC3COCCO3)n2)C2(C)CC2)c(C)c1	0.033104
rxn:2:76412:85338	Cc1nn(C(C)C)cc1C(C)Nc1ccncc1SC(C)(C)C	0.033096
rxn:2:122327:119602	CCCc1c(COC)nn(C)c1NC1CCC(c2nnc(C)o2)CC1	0.033096
rxn:2:139487:95914	CCN(CC)c1ccc([C@@H](C)NC2c3ccccc3CC2C)cc1	0.033088
rxn:2:84256:144944	Cc1ccnc(C(C)NC(C)c2ccc3sc(=O)[nH]c3c2)c1C	0.033083
rxn:2:87400:94599	CCC(C)[C@H](NC1CCCc2c1nnn2C)c1ccc(SC)cc1	0.033079
rxn:2:86759:72745	Cc1ccc2ncc(C(C)NC3CCCC3c3noc(C)n3)n2n1	0.033072
rxn:2:139925:122871	COCCc1ccc2c(c1)C(Nc1ccnc(N3CCOCC3)c1)CO2	0.033068
rxn:2:119369:68692	CCC(NCc1cc(C)ccc1N(C)C(C)C)c1ncccc1C	0.033063
rxn:2:73765:118386	CC(Nc1ccc2ccnn2c1)c1ccccc1N(C)C(C)C	0.033054
rxn:2:81587:96532	Cc1cnc2cc(C(C)NCCc3nncn3C(C)C)ccn12	0.033046
rxn:2:70443:103641	CC(C)Cn1cnnc1CCNC1CCC(CC2CCCO2)CC1	0.033045
rxn:2:127400:105973	Cc1c[nH]c(C2(NC3CCOC4(CCCC(C)(C)C4)C3)CCOCC2)n1	0.033034
rxn:2:127052:71052	COc1ccc(CNC2CCN(c3cc(C)ncn3)CC2)c(C)c1OC	0.033031
rxn:2:71931:114694	CC(NCC(C1CC1)N1CCCCCCC1)c1c[nH]c2ccncc12	0.033028
rxn:2:121102:100888	Cc1cncc2[nH]cc(C(C)N[C@H]3C[C@@H](Cn4ccnn4)C3)c12	0.033028
rxn:2:83959:131721	CC(CNC(c1ccccc1)c1cccn1C)c1ncccn1	0.033028
rxn:2:86296:128669	Cc1ccc(C2CCC(NCc3nc4cncnc4o3)CC2)cc1	0.033019
rxn:2:141871:121837	COc1ccccc1C(NC(CS(C)(=N)=O)C(C)(C)C)C(C)(C)C	0.033018
rxn:2:100864:69398	CCCC(NC1CCN(CCc2ccsc2)CC1)c1nccn1C	0.033016
rxn:2:117756:85290	CC(C)CN1C(C)CCCC1CNc1oncc1C1CCCCC1	0.033009
rxn:2:119006:125387	COc1c(C(C)NCc2ccc3[nH]c(C)c(C)c3c2)cnn1C	0.033008
rxn:2:131244:120800	Cc1n[nH]cc1-c1ncc(C(C)NC2CCC(CC(C)(C)C)C2)s1	0.032998
rxn:2:138421:120610	Cc1cccc(-c2nnco2)c1NC(C)c1ccc2c(n1)OCC2	0.032987
rxn:2:116374:140061	COc1cccc(OC)c1C(C)Nc1ccc(OC2COC2)c(C)c1	0.032977
rxn:2:78936:74458	COc1cccc(C(NC(C)(C)CCc2nccn2C)C(C)C)c1	0.032974
rxn:2:74242:66368	C[C@@H](NC1CCCc2c1ccc(=O)n2C)c1cccc(OCC2CC2)c1	0.032973
rxn:2:135456:102677	COc1cccc2c1CCC(F)C2NCC1(c2cccnc2)CCCC1	0.032972
rxn:2:104256:125387	COc1c(C(C)NCC2(COc3cccnc3)COC2)cnn1C	0.032966
rxn:2:135015:97163	CCOc1c(C(C)NCCN2CCCC3(CC3)C2)cnn1C(C)C	0.032966
rxn:2:98102:130974	CCc1nnc2n1CC(CNC1CC(COc3cnccn3)C1)CC2	0.032965
rxn:2:137392:93240	Cc1nn(C)c(NC(C)CC(C)(C)C(C)(C)C)c1-c1cccs1	0.032961
rxn:2:74647:117248	CC(CN(C)C)Oc1cncc(NC(c2nccs2)C2CCC2)n1	0.032957
rxn:2:115802:79427	CCCCC1CC(NC(C)(C)c2ccc(C)s2)CCC1C	0.032956
rxn:2:77675:125057	CC(CCn1cccn1)NCc1ccc(-c2nccs2)cc1	0.032953
rxn:2:112222:74231	COc1cccc([C@H]2CCC(NCc3ccc(C4CCC4)nc3)C2)c1	0.032953
rxn:2:135502:96155	Cc1cc(NC(CCc2ccco2)CC(C)C)cc2c1OCCO2	0.032950
rxn:2:125182:117845	CCOc1ccccc1C(Nc1nccc2nncn12)C1CC1	0.032948
rxn:2:102507:88507	Cc1cc(NC2CCS(=O)(=O)c3ccccc32)c2cn[nH]c2c1	0.032946
rxn:2:115075:114107	COCCC(Nc1ccc2c(c1)c(C)nn2C)c1ccccn1	0.032924
rxn:2:89438:107157	COC(C)C(NC1CCCC(c2cccn2C)C1)c1ccc(C)cc1	0.032916
rxn:2:86100:102111	CCC(NCc1ccc(N2CCCC2)cn1)C1CCN(C2CC2)CC1	0.032903
rxn:2:107339:93992	CCc1nc(C(C)(C)CCNC2CCCC34OCCC3CC24)[nH]c1C	0.032893
rxn:2:92987:91345	COc1ccc(C2(C)CC(NC3CCN(CCN(C)C)CC3)C2)cc1	0.032892
rxn:2:67792:72271	CCCCC(Nc1cccc2c1CC(C)(C)C2)c1cccnc1	0.032890
rxn:2:122266:66896	CC(C)C(CCc1ccccc1)NCC(C)(C)c1ccn(C)c1	0.032889
rxn:2:119172:102780	CC(C)c1cc(NC2CCC(c3n[nH]c(=O)o3)CC2)cc(C(C)C)c1	0.032871
rxn:2:75972:73111	Cc1cccc2c1OC(F)(F)C2N[C@H](C)c1cccc2c1CCCC2	0.032864
rxn:2:102926:136895	CC(C)OCCN1CCC(Nc2cc(OC3CCC3)ncn2)CC1	0.032862
rxn:2:105348:107161	CCCc1cccc2c1CCC2NCc1ccc2[nH]cnc2n1	0.032856
rxn:2:129421:82070	COc1ccccc1N(C)CC(C)NC1CC(C)(C)Oc2ncccc21	0.032837
rxn:2:117515:99129	CCC(NC(C)CN1CCN(C(C)C)CC1)c1ccc2c(c1)OCO2	0.032832
rxn:2:114735:76485	CC(CCc1ccccn1)Nc1nnc(Cc2ccsc2)o1	0.032831
rxn:2:117102:99260	CCN(CC)Cc1ccccc1NC1c2cc(C)ccc2C[C@H]1C	0.032826
rxn:2:138109:122708	CC1CCN(c2cc(NC(C)c3cc(OC(C)C)n(C)n3)ncn2)CC1	0.032824
rxn:2:66817:137859	CC(NCCc1cnn(C2CC2)c1)c1cc2ccccc2n1C	0.032818
rxn:2:76371:68891	CCC(N[C@@H]1CCOc2c(SC)cccc21)c1ccccc1C	0.032818
rxn:2:167781:66885	COc1cc(NC2CCCCC2N2CCCOCC2)cc2c1oc(=O)n2C	0.032811
rxn:2:117892:166713	CC1CCn2ncnc2C1NC1CCc2ccc3nn(C)cc3c21	0.032810
rxn:2:69723:120205	CCOC1(CNC2CCC(c3cncc(C)c3)CC2)CC2CCC1C2	0.032805
rxn:2:94736:112151	CC(C)c1cc(NC2CCN(c3nccs3)CC2)nn1CCN(C)C	0.032803
rxn:2:121887:75659	CN(C)CCCC(NCC1CC1c1ccsc1)c1cccs1	0.032799
rxn:2:127464:147166	CCS(=O)(=O)CC1(CNC(C)c2ccc3ncc(C)nc3c2)CCC1	0.032793
rxn:2:72136:78199	CCC(Cc1cccc(C)c1)NCc1n[nH]c2ccccc12	0.032791
rxn:2:76471:140319	CCC(NCC1(COc2ccccc2)CCC1)c1occc1C	0.032788
rxn:2:102500:76082	CCSc1ccc(CCNC(C)c2cccc(C)c2C)s1	0.032786
rxn:2:120286:73508	CCCN1CC(CNc2cc3c(cc2OC)OCCO3)c2ccccc21	0.032784
rxn:2:87158:133888	CC(CC1OCCc2ccccc21)NCCN(C)Cc1ccsc1	0.032784
rxn:2:116537:122639	Cc1cc(C)c(C(C)Nc2cnn(-c3nccc(C)n3)c2)c(C)c1	0.032783
rxn:2:132820:115767	CCC(COc1cccc(C)c1)NCCC1(C(C)(F)F)CC1	0.032782
rxn:2:130699:80205	CCCn1cc(C(C)N[C@@H](COC)c2cc(C)ccc2C)c(C)n1	0.032768
rxn:2:86389:127632	Cc1[nH][nH]c(=O)c1C(C)Nc1ccnn1-c1ccccc1	0.032739
rxn:2:84017:77709	Cc1ccc(-n2ccc(NC3CCN(CC4CCCCC4)CC3)n2)cc1	0.032731
rxn:2:89924:68151	CC(C)OCCn1cc(NC2CC3CCC(C2)N3C2CCCC2)cn1	0.032723
rxn:2:74826:119339	CCC(NCC(CC)C1CC1)c1ccc(-c2cc[nH]c2)s1	0.032721
rxn:2:120470:132951	CC1CCCC(Cn2ccnc2NC2CCCCC2c2cncnc2)C1	0.032721
rxn:2:117574:121564	CO[C@@H]1Cc2ccccc2[C@H]1NC(c1cc(C)cc(C)c1)C(C)(C)C	0.032719
rxn:2:132872:163150	Cc1cnc2cc(C(C)Nc3ncc(C(C)(F)F)s3)ccc2n1	0.032718
rxn:2:125933:82765	CCCCn1c(=O)c(NC2CCc3nc(OC)ccc3C2)cn(C)c1=O	0.032718
rxn:2:122059:116279	CCOc1c(C)cc(C(C)NCc2cnccc2S(C)(=O)=O)cc1C	0.032718
rxn:2:87752:117250	CCC(Nc1ccc(-c2cocn2)cc1)c1cn(C)nc1OC	0.032714
rxn:2:136774:67554	CCOc1cccc(C(NCc2cnc(OC)cc2C)C(C)C)c1	0.032713
rxn:2:68920:131405	CCCOc1ccc(C(C)(C)NC(C)c2ccc3c(n2)OCO3)cc1	0.032708
rxn:2:132170:142192	COc1cnc(=O)[nH]c1NC(C)c1ccc(-c2cccs2)cn1	0.032705
rxn:2:87719:72788	CC(CC1CCCS1(=O)=O)Nc1cnn(CCN2CCOCC2)c1	0.032705
rxn:2:87603:130665	CCCC(NC1CC(OC(C)C)C1(C)C)c1ccccc1OC	0.032693
rxn:2:114602:130327	COc1nc(OC)c2c(n1)C(NC(C)CCN1CCCC(C)C1)CC2	0.032689
rxn:2:105464:97998	CCCC1CCc2ccccc2C1NCC(C)(C)Oc1ccn(C)n1	0.032689
rxn:2:100176:140197	c1nn(C2COC2)c2c1C(NCc1nn(C3CC3)c3c1CCCC3)CCC2	0.032686
rxn:2:89161:156239	COC1(C(F)(F)CNC(C)c2cn3cc(C)nc3cc2C)CCOCC1	0.032684
rxn:2:85935:142161	CCc1[nH]ncc1CNC(C)c1cc2cccc(CC)c2o1	0.032680
rxn:2:83253:78199	CCC(Cc1cccc(C)c1)NC(C)C1(C2CCN(C)CC2)COC1	0.032679
rxn:2:112924:121038	COc1csc(C(C)NCc2ccnc(-c3ccccn3)n2)c1	0.032675
rxn:2:131209:135691	COC(F)(F)c1ccc(NC(C)c2cnc3cc[nH]cc2-3)nc1	0.032667
rxn:2:69757:107536	Cn1nccc1C1CC(Nc2nc(Cc3ccccc3)n(C)n2)C1	0.032662
rxn:2:109592:87736	CC1CC(C(C)NC2CCC(c3ccncc3)CC2)CC(C)(C)C1	0.032654
rxn:2:76301:87109	CC[C@@H](NC1CCOC2(CCS(=O)(=O)CC2)C1)c1ccc(C)c(OC)c1	0.032640
rxn:2:98807:96094	CSc1nccc(C)c1NC(C)c1ccc2occc2c1	0.032639
rxn:2:75642:139679	CCC(C)n1nc(C2CCC2)cc1NC1CCC(C2CC2)CC1	0.032636
rxn:2:114073:76276	Cc1cc(NC2c3ccccc3CC2N=O)nn1CCC1CCCO1	0.032634
rxn:2:74446:116856	COC(C)c1ccc(C(C)Nc2c(CS(C)(=O)=O)nc(C)n2C)cc1	0.032633
rxn:2:113013:140473	Cc1cccc(C(NC(C)C2CCCc3n[nH]c(C)c32)C2CC2)c1C	0.032632
rxn:2:135998:134280	CC(CC1(c2ccccc2)COC1)NC1CCOC12CCS(=O)(=O)CC2	0.032630
rxn:2:138657:134304	CCCc1nnsc1CNC(C)c1ncc(-c2ccco2)o1	0.032596
rxn:2:89948:72874	CN1CCN(CC2(CNC(c3ccccc3)c3cc[nH]c3)CC2)CC1	0.032582
rxn:2:99505:95004	O=c1c2occc2ccn1CCNC1CCC(c2ccccc2)C1	0.032568
rxn:2:77259:109937	CCCC1CCCC1NC(CC(C)C)c1ccc(C)cc1	0.032568
rxn:2:122483:140797	COc1cccc2c1C(Nc1cccc(C34CC(F)(C3)C4)c1)CCC2	0.032567
rxn:2:94563:106694	Cc1cnc(C2(CNC(C)c3cc(C)cn4ncnc34)CC2)nc1	0.032565
rxn:2:99875:90102	COc1cccc2c1SCCC(Nc1nnc(C3CCSCC3)s1)C2	0.032559
rxn:2:115769:129950	CC(CCCN1CCSCC1)N[C@H]1CC[C@H](c2ccccc2)CC1	0.032553
rxn:2:128091:89170	CCc1cc(C(C)Nc2nccn2Cc2cnn(C)c2C)cs1	0.032551
rxn:2:93163:91756	CCc1ccc(C(NC2CCC(c3nc[nH]n3)CC2)C2(C)CC2)cc1	0.032550
rxn:2:134235:85111	CCCC(NC1(c2ccccc2)CCC1)C1CCCN(C2CC2)C1	0.032549
rxn:2:86602:122654	CCOc1cccc(C(CC)NC2(Cc3ccccc3)CC2)c1	0.032543
rxn:2:116687:83073	CC1CC(C)C2(CCCCO2)C(NCc2cc(N(C)C(C)C)ccn2)C1	0.032536
rxn:2:88338:83243	CC1CC(NC2c3ccccc3CC23CCC3)c2ccsc2S1	0.032535
rxn:2:115161:136586	COCc1ccc(C(C)NCC(F)(F)CN2CC(C)C(C)C2)cc1	0.032531
rxn:2:120487:140474	CC(NC[C@@H]1CCO[C@H]1c1ccnn1C)c1ccc2ccoc2n1	0.032527
rxn:2:109043:103753	CCc1cc(C(C)Nc2c(C)nc(-n3cccn3)nc2C)n(C)n1	0.032526
rxn:2:101213:108308	c1csc(C(NCCc2ncc3cccn3n2)C2CCCC2)c1	0.032516
rxn:2:98944:124367	Cc1cc(CNC(C)c2cnccc2OCC2CC2)cn1C(C)C	0.032511
rxn:2:109681:75630	CC(Nc1nsc2ccccc12)c1ccc2c(c1)OC(F)(F)O2	0.032508
rxn:2:82043:79721	CCC(Nc1ncc(SC)cc1C)C1CCN(CC2CC2)CC1	0.032501
rxn:2:115317:96135	CCC(NC(CC)c1ccc(N(C)C)cc1C)c1ccnc(C)c1	0.032496
rxn:2:133732:120172	Cc1cc(C)c2c(c1)CC(C)C2NC1C(C)c2ccccc2C1C	0.032480
rxn:2:110260:85814	CC(C)(C)C12CC(NC(CCc3ccccc3)C3CCC3)(C1)C2	0.032470
rxn:2:140725:140850	CCn1cc(NC(C)c2oc(-c3ncco3)nc2C)c(OC)n1	0.032467
rxn:2:73431:66848	CCCOc1ccc(C(C)NCC2CCC3CC2C3(C)C)cc1	0.032460
rxn:2:108903:86499	Cc1cn2cc(C(C)Nc3ccn(CC4(C)CCC4)n3)ncc2n1	0.032452
rxn:2:134851:116608	COc1cnc(C(C)NC2CCCCC(c3ccccc3)C2)c(C)n1	0.032450
rxn:2:141770:90955	COc1ccc(C2(NC(C)c3c(C)cc(OC)cc3C)CC2C)cc1	0.032450
rxn:2:129708:114109	CC(NC1CCOC1c1ccco1)c1nccn1-c1ccccc1	0.032441
rxn:2:106369:108837	CC(CCSC1CCCCC1)NC1CCC2C(CC1)C2(F)F	0.032441
rxn:2:93677:66774	CCOc1cccc(C2CC2NC(CC)C2CCCN(CC)C2)c1	0.032430
rxn:2:122815:88447	Cc1nc2c(s1)CC(CNC(C)c1cc3sc(C)nc3[nH]1)CC2	0.032430
rxn:2:106522:111713	CC(C)CCSc1nc(NC(C)c2nccn2C(C)(C)C)n[nH]1	0.032429
rxn:2:138125:70523	CC(F)(F)CC12CC(NC3CCCC3N3CCCCCCC3)(C1)C2	0.032421
rxn:2:71448:141663	CCC(C)C(NCc1cc(C2CCCC2)ccn1)c1ccccn1	0.032414
rxn:2:69531:90882	Cn1cc(Cn2cc(NC3CN(CC4CCCO4)C(C)(C)C3)nn2)cn1	0.032412
rxn:2:119041:80616	CCN(CC)c1nc(C(C)Nc2c(OC)cnn2C2CCC2)cs1	0.032403
rxn:2:79766:112739	CCC(C)C1(C)CC(N[C@@H](CC)c2ccc(N(C)C)cc2)CCO1	0.032402
rxn:2:100333:67647	COCC(NC1CCCCC1C1CCCCO1)c1cc(C)ccc1C	0.032395
rxn:2:123760:122328	CCCN1c2ccccc2CC1CNc1ccc2c(c1)CCOC2(C)C	0.032393
rxn:2:137928:141782	CCc1ccc(CCC(C)NC(C)CC(C)(C)S(C)(=O)=O)cc1	0.032387
rxn:2:69344:91367	CC(C)N1CCN(CC(C)(C)NC2CC(C(C)(C)C)C23CCC3)CC1	0.032384
rxn:2:90563:69476	CCN(CC)c1nccc(CNC(CC(C)C)CC(C)C)n1	0.032371
rxn:2:69133:88742	CC(NC(c1ncccn1)C1CCCC1)c1ccc2nncn2n1	0.032365
rxn:2:96886:115667	COc1ccc(C(C)Nc2cn3nnnc3cc2C)c(C)c1OC	0.032356
rxn:2:127302:112117	CCCC(Nc1nonc1N1CCCCC1)C1CCN(C(C)C)CC1	0.032348
rxn:2:68189:114007	CCOC(CNC(C)c1cnc(N(C)CC2CC2)s1)C(C)C	0.032344
rxn:2:112240:112865	CCC(NC(Cc1ccccc1)c1ncno1)c1ccsc1	0.032340
rxn:2:104556:110591	CC(NCC1CCN(c2ncccn2)CC1)c1cn(C2CCOC2)nn1	0.032336
rxn:2:82583:124103	COc1ccc2c(c1)OC(CNC1CCCCC1Sc1nccn1C)C2	0.032333
rxn:2:133147:103759	CCCCC(CCC)Nc1c(C)c(C2CC2)nn1C1CC1	0.032332
rxn:2:94706:72893	CCc1ccc(C(CSC)Nc2cccc3c2S(=O)(=O)CCC3)cc1	0.032329
rxn:2:87974:66097	CCC1CC(NC2CCOC(c3cccnc3)C2)CN(C(C)C2CC2)C1	0.032324
rxn:2:100865:134429	Cc1n[nH]c2c1C(NC1CCOc3ccccc3C1(F)F)CC(C)(C)C2	0.032311
rxn:2:100412:71961	CC(Nc1cc2n(n1)CCN(C1CC1)C2)c1cnc2cc[nH]c2c1	0.032299
rxn:2:96595:67083	c1ccc(CC2CC(NCC3(COc4ccccc4)CC3)C2)cc1	0.032294
rxn:2:79072:103571	COCCN1Cc2cccc(NC(C)c3cc4c(s3)CCCC4)c2C1	0.032293
rxn:2:128466:79348	COc1cc(C(Nc2cc(C(C)(C)C)ccc2OC)C2CC2)ccn1	0.032280
rxn:2:97619:115054	CCCC(CNCC1(COC)CCCCC1)c1ccccc1	0.032278
rxn:2:91025:137845	CC(C)(C)OC1CCCCC1CNC1Cc2ccccc2C(C)(C)C1	0.032269
rxn:2:136825:124183	CCCCC(Cc1ncc[nH]1)NC(C)c1cnc(OC)cc1C	0.032266
rxn:2:127898:125014	COc1ncnc2nc(CNC(C)c3c(C)c(C)nn3C)[nH]c12	0.032260
rxn:2:115269:140049	CCc1cccc2c1SCCC2NC1(Cc2cccnc2)CCOCC1	0.032257
rxn:2:112296:78241	CCc1nc(C2CC(NCCc3nnc(C4CCN(C)C4)o3)C2)no1	0.032253
rxn:2:92823:85286	CCC(CC)C1CC1CNC1CCCC2(CCCCC2)C1	0.032241
rxn:2:127615:107138	c1cc2n(n1)C1(CCC1)CC2Nc1ccc(CC2CCCCC2)cc1	0.032232
rxn:2:118932:100302	Cc1sc2ccccc2c1NC1CCN(C2CCCCC2)CC1C	0.032227
rxn:2:124931:125007	CCC(Nc1ccc(-n2cc(C)cn2)cc1)c1ccc(C)s1	0.032227
rxn:2:71064:85501	CCCN1C2CCCC1CC(NC1(Cc3ccc(OC)cc3)CC1)C2	0.032211
rxn:2:122878:116552	Cc1cc(CNC2CCOC3(CCC(C)(C)C3)C2)ccc1N1CCCC1	0.032211
rxn:2:168498:95529	Cn1ccc(-n2cc(NC3CCOCC3CN3CCCCC3)cn2)cc1=O	0.032199
rxn:2:123760:133878	Cc1nc2c(n1C(C)C)C(Nc1ccc3c(c1)CCOC3(C)C)CCC2	0.032198
rxn:2:76143:92177	CC(NC1CCN(c2ncccn2)CC1)c1ccc2[nH]cnc2c1	0.032195
rxn:2:130012:111481	CCCOc1ccc(NC2CC(CN3CCSCC3)C2)cc1OC	0.032193
rxn:2:91490:68868	CCc1cc(N2CCCC2)ccc1NC(C)c1ccc(S(C)(=O)=O)s1	0.032186
rxn:2:90487:114840	COc1cc2c(cc1OC)C(NC1(c3ccc(C)cc3C)CC1(C)C)C2	0.032175
rxn:2:79305:135047	Cc1ccc2c(c1)C(Nc1cc(-c3ccccc3)no1)[C@@H](C)C2	0.032175
rxn:2:87784:132995	CC(NCC1CCC2(CCCCCC2)O1)c1cccc(C2CC2)c1	0.032175
rxn:2:105820:137026	CC1(C)CCC(NCC(F)CC2CC3(CCC3)C2)C(C)(C)C1	0.032175
rxn:2:114322:82580	CC(NC1CCCC1Oc1ccccc1)c1cn2ccccc2n1	0.032174
rxn:2:131536:118876	CC(Nc1c2c(nn1C(C)(C)C)CCSC2)c1cnc2c(c1)CCCC2	0.032174
rxn:2:80858:76757	COc1cccc([C@H](CC2CC2)NC2CCOC3(CCSCC3)C2)c1	0.032154
rxn:2:112418:133171	Cc1cccc(CC2(CNC(CC(C)(C)C)c3ncco3)CC2)c1	0.032143
rxn:2:110830:136302	CCCC(Nc1n[nH]c(C2CCCCC2)nc1=O)C1CC2(CCC2)C1	0.032140
rxn:2:130275:75779	CC(NC1(c2ncc[nH]2)CCCC1C)c1ccnc2nccnc12	0.032138
rxn:2:115568:123085	CC(C)CC(CC1CCOCC1)NC1CCCC2(CCOCC2)C1	0.032136
rxn:2:95563:139593	CCC(NC1CCn2cccc2C1)c1c(C)[nH]c2ccccc12	0.032109
rxn:2:73267:97198	CC(C)C(Nc1cc(C2C3COCC32)nn1C)c1ccc(C2CC2)cc1	0.032101
rxn:2:86062:137693	Cc1ccc(C)c(C(CC(C)C)NCC23CCCC2C3(F)F)c1	0.032082
rxn:2:99680:109629	Cc1nn(-c2ccccc2)cc1CNC1CCCCC1CC1CCC1	0.032077
rxn:2:117158:75600	CCC1CCCC(CNCC(F)(F)c2ncnc3[nH]cnc23)N1CC	0.032070
rxn:2:82992:138907	CCN(CC)Cc1ccnc(NC2CCC(F)(F)c3ccccc32)c1	0.032068
rxn:2:131368:102010	CC(C)(C)c1cccc2c1C(NC1CCC3C4CCC(C4)C13)CC2	0.032067
rxn:2:74021:110439	COCc1cccc(CCC(C)NC2C(C)C2c2ccccc2)c1	0.032064
rxn:2:67447:121536	Cc1nc2c(NC(c3cncnc3N(C)C)C(C)C)cccc2o1	0.032057
rxn:2:121615:67188	CCS(=O)(=O)c1ccc(NC(C)c2ccc(OC(C)C)cc2)nc1C	0.032057
rxn:2:129146:105140	CC(NCc1ccc(C2CCCCC2)cc1)c1cccc2c1OCO2	0.032056
rxn:2:89287:82536	CC(CCCc1cccs1)NCc1cc(=O)[nH]n1CC1CCC1	0.032056
rxn:2:103689:131254	COC(C)C1CCC(Nc2cc(C)c3cc[nH]c3n2)c2ccnn21	0.032043
rxn:2:70044:103104	CCCC(Nc1cccnc1-c1ccccn1)C1CCCN1C(C)C	0.032042
rxn:2:139709:108375	CC(C)(C)C(NCCc1ccc2c(c1)CCCO2)c1nccn1C1CC1	0.032041
rxn:2:121898:103915	Cc1cnc2c(c1)CCCC2NCCc1n[nH]c2c(C)cccc12	0.032038
rxn:2:95464:131618	c1cc(C2CC2)ccc1CCNC1CCC(C2CCCC2)CC1	0.032035
rxn:2:121273:114800	CCC(C)(C)C1CCC(Nc2cccc(Cn3ccnc3C)n2)CC1	0.032027
rxn:2:104873:76375	COCC1CCCCN1CCNC(C)c1nc(-c2ccc[nH]2)cs1	0.032023
rxn:2:102605:66116	CC(C)N1C(C)CCCC1CNc1nc(CN2CCCCCC2)cs1	0.032011
rxn:2:74353:140852	COc1ccc(C)c2c1CC(NC(C)c1nc(C(C)(C)C)cc(=O)[nH]1)CC2	0.032007
rxn:2:79151:105785	CCn1nc(C)c(NC2CC3(CCC3)Oc3ccccc32)c1OC(C)C	0.032007
rxn:2:107520:125087	CCCCC(Nc1ccnn1-c1ccccc1CC)C(C)(C)C	0.032006
rxn:2:123256:79121	CCN1CCC(CCC(C)NCC2c3cccnc3-c3sccc32)C1	0.031997
rxn:2:87213:67647	CCc1c(C(C)CC)n[nH]c1NC1CCCCC1C1CCCCO1	0.031991
rxn:2:164284:91810	CN1CCc2ccccc2C1CNc1cncc2ccn(C)c(=O)c12	0.031991
rxn:2:137737:117492	COc1cccc(C2CCCC2Nc2ccc(OCC3CC3)nc2)c1	0.031974
rxn:2:129746:118273	COc1ccc2c(c1)CC(NCc1nnc(C3CCN(C)C3)o1)CCC2	0.031957
rxn:2:141880:124871	Cc1cc(C)c(C2CC2CNC2CCOCC2c2ccccc2)cc1C	0.031950
rxn:2:139524:86936	c1ccc(C2CCCC2NC2CCN(CCCC3CSC3)CC2)nc1	0.031948
rxn:2:68851:73488	Cc1ccnc(O[C@H]2C[C@@H](NC3CCC(c4ccccc4C)CC3)C2)c1	0.031944
rxn:2:104005:91616	Cc1c(NC2c3ccccc3CCC23CC3)sc2c1CCCC2	0.031937
rxn:2:123767:87947	CCC(Cc1cccc(OC)c1)NCCc1nc(C)cc(OC)n1	0.031932
rxn:2:94724:132560	CC1(C)CC(Nc2cccc3occc23)CN1Cc1cccs1	0.031929
rxn:2:99535:162547	Cc1nc2ccc3c(c2s1)C(Nc1cc2n(n1)CCOC2C)CC3	0.031925
rxn:2:103583:69316	CCC(NC1CCN(C2CCCC2)CC1)c1ccc2ccccc2c1	0.031924
rxn:2:116649:84765	CCC(Nc1[nH]nc(C(C)(C)C)c1C)[C@H](C)OCc1ccccc1	0.031919
rxn:2:116361:119677	Cc1ccc2c(c1)SCCC2NCc1ncc(-c2ccncc2)o1	0.031911
rxn:2:109039:106778	Cc1ccc2c(n1)CCCC2NC1c2ccccc2[C@H]2CCCC[C@H]12	0.031910
rxn:2:90087:122557	CC1CCN(C2CCCC(NC3CCCCC3N3CCOCC3)C2)CC1	0.031909
rxn:2:120756:135746	CC(C)c1nc2c([nH]1)C(Nc1c(C(C)C)nn3cccnc13)CC2	0.031899
rxn:2:67963:87109	CCc1ccc(-c2cc(NC3CCOC4(CCS(=O)(=O)CC4)C3)on2)cc1	0.031896
rxn:2:67211:102572	Cc1cccc2c1CC(C)(C)CC2Nc1cnn(CC2CCCC2)c1	0.031890
rxn:2:138977:67250	COc1ccc(CC(C)NC(C)c2ccc3cn[nH]c3n2)cc1	0.031888
rxn:2:81866:95423	CC(F)(F)COc1cc(CNC2CCCCC2c2ccoc2)ccn1	0.031888
rxn:2:85835:152915	CC(Nc1ncc2c(n1)CCOC2)c1cc2cnccc2[nH]c1=O	0.031884
rxn:2:96764:158457	Cc1cc(C)c2cc(C(C)NCC3CC4C(C3)C3CS(=O)(=O)CC43)oc2c1	0.031883
rxn:2:117553:76495	CCC(NC1CCCC1c1cc(C)cc(C)c1)c1ccc(OC)nc1	0.031878
rxn:2:99179:72486	CCSC(C)C(NCC(C)(C)c1nc(C)no1)c1ccc(C)cc1	0.031876
rxn:2:137542:120261	CCC[C@H](NC(C)CCN(C)C(C)C)c1cc(C)cc(C)c1	0.031868
rxn:2:132779:138673	CC(NC(C)c1ccc2ncoc2c1)c1ccc(S(C)(=O)=O)cc1	0.031868
rxn:2:84089:130224	CCC(C)CC(CC)NCc1cnc(Cc2ccccc2)s1	0.031859
rxn:2:105425:69366	CCn1c(CNC2CC3c4ccccc4OCC23)nc2cnccc21	0.031858
rxn:2:72897:83320	Cc1cn2ccc(C(C)N[C@@H](C)c3cccc4c3CCC4)cc2n1	0.031858
rxn:2:112701:110396	CCC1CCCN(CCCC(C)Nc2cc(C3CCC3)ncn2)C1	0.031855
rxn:2:79871:91756	CCc1ccc(C(Nc2cnc(C(C)(C)C)s2)C2(C)CC2)cc1	0.031852
rxn:2:134717:85435	Cc1nccc(C(NCc2cc3cccnc3s2)C(C)C)c1C	0.031840
rxn:2:91488:121109	Cc1cccc2c(NC3C[C@@H](C)c4ccccc43)nccc12	0.031837
rxn:2:126695:78218	Cc1ccc2c(c1C)OCC2NC(C)c1cccc2cccnc12	0.031830
rxn:2:138571:79590	CCCc1nc(C)c(C(C)(C)NC2CCCCCN3CCCCC23)s1	0.031816
rxn:2:75530:91616	COc1ccccc1CCC(C)NC1c2ccccc2CCC12CC2	0.031809
rxn:2:66886:83613	CCCc1cc(C(C)NC2COc3c(C(C)CC)cccc32)n(C)n1	0.031808
rxn:2:103827:95383	COc1cc(C)nc(CCNC(C)c2cnc3cn[nH]c3c2)c1	0.031805
rxn:2:116933:73599	CCCc1nc(C(CC)NC(C)c2cn(C)nc2C2CCC2)n(C)n1	0.031804
rxn:2:152486:105230	CCCN1C(CC)CCCC1CNc1ccnc(-n2ncccc2=O)c1	0.031802
rxn:2:126195:117155	CC(C(Nc1cn(C)nc1N1CCOCC1)c1ccccc1)S(C)(=O)=O	0.031794
rxn:2:141257:136707	CCC(NCCc1nc(C(C)(C)C)n[nH]1)C1CCCN(C2CCC2)C1	0.031786
rxn:2:78432:82058	CN(CCNC(c1nccn1C)C1CCCOC1)Cc1ccccn1	0.031780
rxn:2:123505:80194	CCc1ccc2[nH]nc(C)c2c1NC1c2ccccc2C[C@H]1C	0.031778
rxn:2:134636:135605	CC(C)(C)C1CCCC1N[C@H](c1cccs1)C1CCCCC1	0.031774
rxn:2:71005:130552	CC(C)CCCC1CCC(NC2CCOC3(CCOCC3)C2)CC1	0.031773
rxn:2:86983:101819	CCC(C)OCCC(C)Nc1nccn1Cc1nccn1CC	0.031769
rxn:2:85576:113563	COc1ccc2c(c1)C[C@H](NC(C)c1ccc(C34CC(C3)C4)cc1)CC2	0.031758
rxn:2:102460:110513	CCCC(C)(CN1CCCCCC1)NC(c1ccco1)C(C)C	0.031752
rxn:2:139591:136632	CCC(Cc1ccccc1OC)NC(c1cccs1)C1CC1C	0.031751
rxn:2:77249:107576	CC(CC1(c2cccnc2)COC1)NCCc1nnc2n1CCCCC2	0.031746
rxn:2:67584:124276	CCC(C)N1C2CCC1CC(CNC1CN(CC)Cc3ccccc31)C2	0.031736
rxn:2:96588:66156	Cc1ccc2c(c1C)CCC[C@H]2NC(C)c1csc(C2CC2)c1	0.031733
rxn:2:129637:93210	CC(C)COCc1ccc(NC(C)CC2SCCCS2)cc1	0.031733
rxn:2:79347:80964	Cc1cc(C)c2cc(NC3CCc4[nH]c(=O)ccc4C3)cnc2n1	0.031729
rxn:2:104869:76480	Cc1ccc(-c2ccc(NC(C)c3cc(C)nc(C)c3)nc2)nc1	0.031721
rxn:2:106875:113165	CCCc1ccc(C(C)NCCc2cnn(C(C)C)c2OC)nc1	0.031720
rxn:2:139935:84431	CCCOc1nn(C)cc1C(C)Nc1cnc(C)cc1OC1COC1	0.031699
rxn:2:73363:109629	Cc1nc(NC2CCCCC2CC2CCC2)oc1Cc1cccnc1	0.031698
rxn:2:98236:84426	CC(C)C(NCc1cccc(C(C)(F)F)n1)c1ccc(C2CC2)o1	0.031696
rxn:2:172943:138640	CC1(C)C2CCC(Nc3nc4[nH]c(=O)[nH]c(=O)c4[nH]3)C1C2	0.031694
rxn:2:82180:98636	Cc1c[nH]c2c1C(Nc1cnn3[nH]cnc(=O)c13)CCC2	0.031691
rxn:2:85517:120204	CC(CCc1c[nH]c2ccccc12)Nc1ccn(S(C)(=O)=O)c1	0.031682
rxn:2:78964:67081	COCc1cc(NC(C)c2cc(-c3ccc(C)o3)cs2)nn1C	0.031676
rxn:2:117841:97068	Cc1c(NC2CCOC(c3ccccc3)C2)ccc2cc[nH]c12	0.031672
rxn:2:80730:88554	Cc1ccsc1C1CCC1NC(C)c1nc(-c2cccn2C)no1	0.031670
rxn:2:138337:106730	CCCCC(CC(C)C)NC(C)c1cncc2ccccc12	0.031667
rxn:2:128370:116770	CCC(C)(C)C(NCCc1ccc(C)c(C)c1)c1ccc(C)o1	0.031667
rxn:2:109284:130314	Cc1cc(C(C)Nc2nn(C3CCC3)cc2C2CCC2)n(C(C)C)n1	0.031666
rxn:2:120479:86777	CCC(NCc1nc(-c2cccs2)n[nH]1)c1c(C)nn(C)c1C	0.031664
rxn:2:107677:94218	Cc1c(CCC2CC2)nn(C)c1NC1CCCc2cc(N(C)C)ccc21	0.031649
rxn:2:112534:127110	CCC(Nc1cccc2c1C1CCC2CC1)C1CCCCC1	0.031640
rxn:2:127797:131919	Cc1cc(C)c(C2CC(NC3(c4ncnn4C)CCC(C)CC3)C2)c(C)c1	0.031632
rxn:2:101219:97186	CCC(CNC(C)c1ccnn1C1CC1(F)F)N1CCSC(C)(C)C1	0.031632
rxn:2:68875:131194	C[C@@H](NC1CCCCC1(C)c1ccccc1)c1cncn1C1CS(=O)(=O)C1	0.031628
rxn:2:81534:84673	CCC1(c2nn(C)c(NC3CCc4cc(C)ccc4C3(C)C)c2C)CC1	0.031616
rxn:2:98129:83572	Cn1ccc(C(CCC(C)(C)C)NC2CCC(CS(=O)(=O)F)C2)n1	0.031604
rxn:2:82503:107068	CCCC(Cc1nccn1C)NCc1cnc2c(C)cnn2c1	0.031604
rxn:2:117878:110130	Cc1ccc(C(NC(c2c[nH]nn2)C(C)C)c2ccco2)cc1	0.031601
rxn:2:119913:102483	COc1cc(C)c(NC2CCOC3(CCCC3C)C2)cc1C(C)(C)C	0.031593
rxn:2:97479:115646	Cc1ccc(C(C)NC(C)CCOc2ccccc2)c(=O)n1C1CC1	0.031589
rxn:2:112327:131279	CCOC1CCC(C(C)NC(C)c2cnc(-c3cc[nH]c3)s2)CC1	0.031589
rxn:2:135699:85841	CCCC1Cc2ccccc2C1NC1(CN2CCOCC2)CCCCC1	0.031584
rxn:2:114908:123888	CCOCC(NCC(C)COC1CCCC1)c1ccc(C)s1	0.031581
rxn:2:117229:115019	CCOCC(NCCn1ccn2nccc12)c1ccccc1	0.031577
rxn:2:124192:119179	COc1cc(C(C)Nc2cc(-c3cc[nH]n3)ccc2OC)on1	0.031573
rxn:2:119320:107376	CC(Nc1cc(C2CCCC3CC32)on1)c1ccnc2[nH]ncc12	0.031572
rxn:2:157446:115439	CCc1ncc(C(C)Nc2cc(C)nc3c(C)c(C)ccc23)cn1	0.031571
rxn:2:78652:139061	COc1cc(CN(C)C)ccc1NC(C)c1ccnn1CC1CCC1	0.031571
rxn:2:114255:100834	Cc1cccc(C(N[C@H]2CCOc3c(C)cccc32)C2CCC2)c1C	0.031553
rxn:2:102384:141942	CCc1ccccc1C(NC(C)c1nc(CC(C)C)n[nH]1)C1CC1	0.031552
rxn:2:69030:86029	Cn1nc(C2CCC2)cc1NC(Cn1ccnn1)c1ccccc1	0.031552
rxn:2:103990:122198	CCn1nc(C2CC2)cc1C(C)NCc1cnc2c(cnn2C)c1	0.031550
rxn:2:74746:147187	CC(CNC1CCc2c1nnc1ncnn21)Sc1ccccc1	0.031548
rxn:2:78533:84775	CSc1ccc(C(F)(F)CNC2CSc3nc(C)cc(C)c32)cc1	0.031548
rxn:2:111451:110065	CSCCC(Nc1cnc(OCC2CCC2)nc1)C1CCCC1	0.031543
rxn:2:86983:131463	CCn1ccnc1Cn1ccnc1NC1CCCc2c1c[nH]c2C	0.031538
rxn:2:106528:140253	CCOC1CC(Nc2ncnn2C2CCCS(=O)(=O)C2)C12CCOCC2	0.031537
rxn:2:83746:113852	Cc1cc(C)c(C)c(C(C)NCC2(C3CCC3)CCCCN2C)c1C	0.031537
rxn:2:94421:82234	CCN1Cc2ccccc2C(NC2CCC3(CCCCCC3)CC2)C1	0.031535
rxn:2:103316:126581	CN1CCC(CNCc2cccc(SC(C)(C)C)n2)c2ccccc21	0.031520
rxn:2:100998:100920	COCCn1ccc(C(C)NCc2c[nH]c3cncnc23)n1	0.031512
rxn:2:86604:85320	CC(C)c1cc(NCC2CCc3ccccc32)c2cn[nH]c2c1	0.031507
rxn:2:82421:99258	CC(C)C(NCc1nccc(-c2ccccc2)n1)c1ccnn1C	0.031506
rxn:2:89975:69500	FC1(F)CCOc2ccc(NC3CCC(Cc4ccccn4)CC3)cc21	0.031488
rxn:2:67970:73961	CCC(NC1COc2ccc(C)cc21)c1cccc2ccncc12	0.031488
rxn:2:68442:89337	CCCN1CCC(C(CC)NC(c2ncccc2C)C(C)C)CC1	0.031486
rxn:2:75807:80103	Cc1cc(C)cc(C(NC2CC23CCC(C)(C)CC3)C(C)C)c1	0.031480
rxn:2:102435:70732	COc1cc(C)cnc1C(C)NCc1cnn(-c2ccccc2)n1	0.031479
rxn:2:80115:69864	c1nc(NC2CCCCC23CCC2CC2CO3)nn1CCC1CCCCO1	0.031475
rxn:2:97217:72183	CCc1nccn1C(CC)CNC(C)CCOc1ccccc1	0.031467
rxn:2:120983:102093	CCC(C)n1cc(C(C)Nc2nc3cccc(OC)c3[nH]2)cn1	0.031466
rxn:2:135419:129614	COc1ccc2c(c1)C(NCc1noc(-c3ccc[nH]3)n1)C1CC21	0.031457
rxn:2:77194:125131	Cc1cccn2c(CCNC(C)c3cccnc3C(C)C)nnc12	0.031446
rxn:2:94066:84855	C[C@H](NC1CC2c3ccccc3CCC12)c1cc2cnccc2[nH]1	0.031440
rxn:2:127622:105894	COc1cc2c(C(C)NCc3ccc(C4CC4)s3)n[nH]c2cn1	0.031440
rxn:2:84091:140867	COc1ccc(C(C)Nc2cn(Cc3ccc(C)cc3)nn2)cn1	0.031433
rxn:2:117922:106983	c1ccc(-c2nnsc2NC(CC2CC2)c2cccnc2)cc1	0.031431
rxn:2:128691:94485	Cc1ccc(NCC2Cc3ccccc3N2C)c(-c2nc(C)no2)c1	0.031431
rxn:2:85041:75191	CCc1cc(CNC(C)c2cnn3cccc(OC)c23)cc(C)n1	0.031428
rxn:2:95022:138010	c1ccc(CO[C@@H]2CC[C@@H]2NC2CCCN(Cc3ccccc3)C2)cc1	0.031427
rxn:2:140558:102909	CCCC(Cc1ccc(SC)cc1)N[C@@H]1CCC[C@H]1S(C)(=O)=O	0.031425
rxn:2:72775:112755	COCCC(Nc1c(C)cc(CC2CC2)cc1C)c1cccnc1	0.031423
rxn:2:102762:87313	Cc1cccc(CCC(C)NCc2ccc(S(=O)(=O)C3CC3)cn2)c1	0.031410
rxn:2:105726:135408	COc1cccc2[nH]c(C(C)NCC(F)(F)c3cscn3)nc12	0.031405
rxn:2:123984:141437	COCCC(NC1(c2ccccc2)CC(F)(F)C1)c1ccc(C)s1	0.031405
rxn:2:116502:68690	CC(NC1CCCC2(CCC2)n2nccc21)c1ccc(C(C)(C)C)[nH]c1=O	0.031399
rxn:2:116645:109622	CCCC(NC1CCN(CC)C1c1cccs1)c1sccc1C	0.031391
rxn:2:69688:109469	Cn1nc2c(c1C1CC1)C(NCc1ccc3ncccc3c1)CCC2	0.031389
rxn:2:120294:76539	CC(CCCN(C)C1CCCC1)N[C@H]1C[C@@H](Oc2ncccn2)C1	0.031382
rxn:2:68448:141889	COc1c(C)ccc(NC2CCC(c3cccc(C)c3)CC2)c1OC	0.031380
rxn:2:105581:89709	CC(CCc1nc2ccccn2n1)NCc1nc(C(C)C)cs1	0.031368
rxn:2:121715:114270	CCC(Nc1nc(C(C)(C)C)c(C)s1)C1CCN(CC(C)C)CC1	0.031366
rxn:2:139330:85989	CC(NC1CS(=O)(=O)Cc2ccccc21)c1nccc2ncccc12	0.031348
rxn:2:105270:135552	CCCCN1C(C)CCCC1CNc1cnc(OC(C)C)cc1C	0.031345
rxn:2:140996:98548	Cc1cc(NC(CC(C)(C)C)c2cccnc2)nn1CC1CC(C)C1	0.031340
rxn:2:77260:125004	Cc1ccc2ccc(NC(CS(C)(=O)=O)c3ccccc3)cc2c1	0.031321
rxn:2:77795:96706	CC1CC(Nc2ncc(-c3ccc[nH]3)o2)CN1Cc1ccccc1	0.031294
rxn:2:139398:88664	Cc1ccc2c(c1)C(NC1CC3(CCN(C4CCC4)CC3)C1)CC2(C)C	0.031291
rxn:2:85932:113938	Cc1sc2nnc(C(C)Nc3cccc4c3C(F)(F)CC4)n2c1C	0.031289
rxn:2:139698:133429	CCn1cc(C(C)NCC(OC)c2cscn2)c2cccnc21	0.031288
rxn:2:98647:135659	Cc1ccc(N2CCC(Nc3csc(N(C)CCC(C)C)n3)C2)cc1	0.031285
rxn:2:131607:99964	CCn1c2c(ccc1=O)C(Nc1cc(C3CCC3)nn1C1CCC1)CCC2	0.031284
rxn:2:86954:100968	CCSCC(Nc1ccnc2[nH]c(C)cc12)c1ccccc1	0.031282
rxn:2:87400:84526	CCC1COC(CN[C@H](c2ccc(SC)cc2)C(C)CC)C1	0.031277
rxn:2:83092:114224	CCOc1nc(C)sc1C(C)NCc1cc(=O)[nH]n1C(C)C(C)(C)C	0.031270
rxn:2:74964:96678	COc1nccc2[nH]cc(C(C)NCc3cc(C)c(C)c(C)n3)c12	0.031260
rxn:2:128848:99658	C[C@H]1CC(NCCc2cccc3ccncc23)c2ccsc2S1	0.031256
rxn:2:115733:125251	CCC(C)(CNC(C)c1ccn(C(C)(C)C)n1)Oc1cccc(C)c1	0.031251
rxn:2:131382:124834	CCC1COCCN1CCCC(C)Nc1cc(C)n(C2CCOC2)n1	0.031249
rxn:2:141512:93200	CCSc1nc2ncnc(NC(C)c3cc[nH]c(=O)c3)n2n1	0.031249
rxn:2:129268:139195	CCCC(C)CN1CCCCC1CNCc1cn(C2COC2)nn1	0.031245
rxn:2:65909:92801	CCC(CN(C)C(C)c1cccs1)NCc1noc(COC)n1	0.031243
rxn:2:72401:102802	COn1nnnc1-c1nonc1NC1COc2ccncc21	0.031234
rxn:2:134559:103753	CCc1cc(C(C)NCc2nc(-c3cc(C)ccn3)no2)n(C)n1	0.031233
rxn:2:138705:83093	COc1ccc(C(C)(C)CNC2CCC(Cc3ccncc3)CC2)nc1	0.031232
rxn:2:134709:80034	CCc1noc(C)c1C(C)Nc1ncn(Cc2cncc(C)c2)n1	0.031229
rxn:2:79612:133531	CCCC(NC1CCC(c2nc(C)n[nH]2)CC1)c1ccc2c(c1)COC2	0.031219
rxn:2:114340:133938	CC(C)C(CCc1cccs1)Nc1cccc2n[nH]c(=O)cc12	0.031208
rxn:2:106498:79514	Cc1cccc(-c2nc(CNC3CCCC3CN3CCOC(C)C3)co2)c1	0.031208
rxn:2:126363:101046	Cc1nc(NC2CC3(CCCc4ccccc43)C2)n2nc(C)nc2n1	0.031207
rxn:2:111588:85918	CCn1nc(C(C)(C)C)cc1NC1CCCC(c2cccc(C)c2)C1	0.031204
rxn:2:106023:74721	COc1cccc2c1CC(Nc1noc(-c3cccc(C)c3)n1)CC2	0.031202
rxn:2:99043:88324	CS(=O)(=O)CC1(NC(CN2CCOCC2)c2cccs2)CCCCC1	0.031202
rxn:2:68773:84638	CSc1ncc2c(NC3CCOC34CCOC4)n[nH]c2n1	0.031201
rxn:2:116227:93557	Cc1ccc(C(Nc2nnc(-c3cc(C)n(C)n3)s2)C(C)C)cc1	0.031198
rxn:2:66953:82816	COc1c(CC(C)NC(C)c2oc3ccccc3c2C)cnn1C	0.031196
rxn:2:80454:140061	COc1cccc(OC)c1C(C)Nc1c(C)nn(COC(C)C)c1C	0.031193
rxn:2:77713:66954	CCC(CC)n1ncc(SC)c1NC(c1ccnnc1)C(C)C	0.031192
rxn:2:141064:72984	Cc1ccncc1C1CC1CCNC(C)c1noc2ncccc12	0.031174
rxn:2:93136:97186	CC(NCC1CCCN(C2CCSCC2)C1)c1ccnn1C1CC1(F)F	0.031168
rxn:2:83753:132636	CCC(NCCc1cccc(OC)c1)c1ccc(C(C)(C)C)cc1	0.031163
rxn:2:85310:123332	CCc1ccc(NC(Cc2cnccn2)CC(C)C)cc1S(C)(=O)=O	0.031153
rxn:2:120081:147160	Cc1ccn2c(C(C)NC(C)c3cccc4c3OCO4)c(C)nc2c1	0.031152
rxn:2:96067:75966	Cn1cc(-c2ccccc2CNC2CC[C@H](c3cnn(C)c3)C2)cn1	0.031140
rxn:2:139452:80566	CC(CNC1CCCC(SC(C)(C)C)C1)Oc1ccc2[nH]ncc2c1	0.031140
rxn:2:110968:129042	Cc1c2c([nH]c(=O)c1NC1c3ccccc3CCCC1C)CCN(C)C2	0.031128
rxn:2:113331:156643	CCCC1(NC(C)c2cccc3c2CCS3(=O)=O)CCOc2ccccc21	0.031119
rxn:2:69523:95838	CC(Nc1nnc(CC2CCCC2)s1)c1cnc2cccnc2c1	0.031117
rxn:2:67362:135659	Cc1ccc(N2CCC(Nc3nccn3Cc3ccncc3)C2)cc1	0.031115
rxn:2:87335:88748	CCN(C)CC(NC(Cc1ccccc1)CC(C)C)C(C)(C)C	0.031114
rxn:2:100000:83516	Cc1cc(C)cc(-n2ncnc2NC2c3cc(C)ccc3CC2F)c1	0.031111
rxn:2:135515:74903	CCOc1ccsc1C(C)Nc1ccc(C2CC(F)(F)C2)cc1	0.031111
rxn:2:132365:139585	CCC(Nc1nc(=O)n(CCOC)s1)c1ccc(OC)c(OC)c1	0.031110
rxn:2:129193:73508	CCCN1CC(CNC2(c3ncc[nH]3)CCC(C)(C)C2)c2ccccc21	0.031106
rxn:2:99735:132079	COc1cc2c(cc1C)C(NC[C@@H]1Cc3cc(OC)c(OC)cc31)CCO2	0.031106
rxn:2:79411:66844	CCCCN1CCC(C(CC)NC(CC2CC2)C2CC2)C1	0.031102
rxn:2:98666:118054	Cc1cccc2c(NC(C)c3ccn(C4CCCC4)n3)c[nH]c12	0.031094
rxn:2:81425:115553	Cc1nnc2cccc(NC(C)c3cnc(C4CCCCC4)s3)n12	0.031089
rxn:2:90908:141469	CCOCn1ccc(=O)c(NC(C)c2cn(C3CCC3SC)nn2)c1	0.031089
rxn:2:109441:120591	Cc1nc(-c2cccc(NC(C)c3cc(C)c(=O)n(C)c3)c2)oc1C	0.031087
rxn:2:107276:72040	CC(Nc1cccn(CC2CCCO2)c1=O)c1ccn2nccc2c1	0.031081
rxn:2:97912:111364	COc1ccc(NC(C)c2cnc3sccc3c2)cc1S(C)(=O)=O	0.031076
rxn:2:109580:127024	Cc1ccc([C@H](CC(C)C)NC(C)c2nnccc2C(C)C)cc1	0.031072
rxn:2:91274:126146	c1cc(C(Nc2nnc(OC3CCOC3)s2)c2ccsc2)cs1	0.031071
rxn:2:81557:98045	c1cnn2c(CCNC(c3nccs3)C3CCCCC3)nnc2c1	0.031067
rxn:2:83158:87553	Cc1sc(NC2COC(c3ccccc3)C2)nc1-c1cccs1	0.031051
rxn:2:140024:129266	Cn1c(C2CC2)nc2cc(NC3CCCC3Cn3cncn3)ccc21	0.031051
rxn:2:66428:114976	COc1ccc2c(c1)C(Nc1cc(-c3cncc(C)c3)on1)C(C)O2	0.031048
rxn:2:106164:129852	COc1ncc(C(Nc2ncccc2SC(C)(C)C)C2CCC2)[nH]1	0.031045
rxn:2:67428:98659	CCc1ccccc1C(CC)NC(C)C1CC1c1ccccc1	0.031031
rxn:2:99047:121185	CC(NC(c1ccccc1)C1CCOC1)c1cc2cnn(C)c2cn1	0.031031
rxn:2:139684:98518	CCC1Oc2c(OC)cccc2C1NCC1(Cc2ccccn2)CCC1	0.031020
rxn:2:119809:140319	CCC(NC(C)c1nc2cc(OC)ccc2[nH]1)c1occc1C	0.030997
rxn:2:66080:127216	CCCOc1ccccc1NC(CC)Cc1ccccc1OC	0.030988
rxn:2:148650:121559	COc1nc(C(C)Nc2cccc3[nH]c(=O)[nH]c(=O)c23)cs1	0.030979
rxn:2:69832:93234	CC(CCC1(c2ccc[nH]2)COC1)NCCc1ccc2c(c1)OCO2	0.030970
rxn:2:112702:85752	CC(NCCc1nc(-c2ccco2)no1)c1noc2c1CCCC2	0.030968
rxn:2:96286:85815	Cc1cccc(C2CCC2NC(c2ccncc2)c2nccn2C)c1	0.030946
rxn:2:117591:128988	CCS(=O)(=O)c1cccc(CNC2CCc3cc(OC)cc(OC)c32)c1	0.030945
rxn:2:93748:102464	COc1cccc(C(NC2Cc3nc4ccccc4n3C2)C2CC2)c1	0.030940
rxn:2:131382:74957	Cc1cc(NC(c2cccn3ncnc23)C(C)C)nn1C1CCOC1	0.030923
rxn:2:111842:66145	CCn1ccnc1C1OCCCC1NC(C)c1cccn2ncnc12	0.030911
rxn:2:133229:118007	CCc1nnc2n1CCC(CNC1CCN(CCOC)C3CCCC13)C2	0.030909
rxn:2:127569:69829	CCc1ccc2c(c1)C(NCc1cccc3cc(C)[nH]c13)CC2	0.030896
rxn:2:70690:153034	Cn1c2c(c(=O)n(C)c1=O)C(Nc1ccc(-c3cnco3)cc1)CO2	0.030893
rxn:2:119088:83441	Cc1cncc(-c2nnc(NC3CCN(c4cccnn4)CC3)s2)c1	0.030892
rxn:2:127697:123043	CCCC(NCCc1csc2sc(C)cc12)c1cnccn1	0.030892
rxn:2:114785:95041	CSc1ccc(C(C)Nc2nc(-c3ccccc3)co2)s1	0.030873
rxn:2:105558:118923	CCN1CCCC2(CC(NC3CCC(OC4CCCC4)CC3)CCO2)C1	0.030869
rxn:2:70898:98636	Cc1c[nH]c2c1C(NCCc1cnoc1-c1ccccc1)CCC2	0.030863
rxn:2:102394:90727	COc1ccc(C(C)Nc2nnc(Cc3ccc(C)cc3)s2)nn1	0.030857
rxn:2:112322:138133	CC(N[C@@H](C)c1cn2ccccc2n1)c1ccc(N2CCCC2)nc1	0.030854
rxn:2:91920:89475	CCC(NCc1nc(COC)ns1)C1CCN(C(CC)CC)C1	0.030837
rxn:2:117069:137001	Cc1ccc(C)c2c1CCCCC2NCC(C)(C)COC1CCOC1	0.030822
rxn:2:96879:86928	CSC(C)C(Nc1nc2nccnc2cc1C)c1ccc(C)cc1	0.030817
rxn:2:79242:76222	CC(N[C@H]1CC[C@H](Oc2cnccn2)CC1)c1cnc2nccn2c1	0.030812
rxn:2:76771:123605	CC(NCCc1nc(-c2cccs2)no1)c1ccc2c(c1)OCO2	0.030811
rxn:2:141346:120172	Cc1cc(C)c2c(c1)CC(C)C2Nc1c(C)cccc1C1(F)CC1	0.030811
rxn:2:132180:163212	CCC(CC)c1nnc(NC2COc3c2ccc2ccccc32)o1	0.030790
rxn:2:93650:78429	CCC[C@H](NC1CC2CCC1(C)C2(C)C)c1ccc(C)c(C)c1	0.030785
rxn:2:107344:115836	CC(C)C(Nc1cc(Oc2ccccc2)[nH]n1)c1cccnc1	0.030780
rxn:2:88624:131981	CC1(CNC2c3cscc3-c3sccc32)COc2ccccc2O1	0.030777
rxn:2:92448:98379	CC(C)n1cnc2c(NC3CCc4ccc(C5CC5)cc43)ncnc21	0.030777
rxn:2:106377:118597	CCC(COC1CCCC(C)C1)NCc1ccc2nc(C)ccc2c1	0.030775
rxn:2:127108:105562	CCOc1ccc(C(CC)NCC(C)(C)CS(=O)(=O)CC)cn1	0.030774
rxn:2:88234:84435	CSc1ncc2ccc(NC3CCCC34CCCC4)nc2n1	0.030772
rxn:2:107401:137279	Cc1nc2cccc(CNC3COc4cc5c(cc43)OCCO5)c2[nH]1	0.030764
rxn:2:110150:105100	c1ccc2[nH]c(C3CC(Nc4oncc4C4CCCC4)C3)nc2c1	0.030764
rxn:2:90930:165474	CCC(C)Cc1csc(NC2CCn3c(=O)[nH]c4cccc2c43)n1	0.030761
rxn:2:74700:126265	CCOc1cccc(C(C)NC(C)(C)Cc2ccc(C)c(C)c2)c1	0.030761
rxn:2:73195:123636	Cc1[nH]c2ccccc2c1CNC(C)c1cncc(C(C)C)c1	0.030759
rxn:2:84161:128784	COc1nc(C(C)NCCc2nnnn2-c2ccccc2)co1	0.030747
rxn:2:88958:72380	CSc1ccccc1C(Nc1cc2c(cc1C)OCO2)C1CCC1	0.030741
rxn:2:90247:129612	CCOC(C)C(Nc1cnc2[nH]c(C)cc2c1)c1ccccc1	0.030741
rxn:2:71059:78589	CCc1nn(-c2ccccc2)nc1NC(CCS(=O)(=O)F)C(C)C	0.030736
rxn:2:86529:139993	COc1ccc(CNC2CC(C)(C)Cc3[nH]ncc32)c2sccc12	0.030734
rxn:2:106880:94792	CC(NC1CC(C)S(=O)(=O)c2sccc21)c1cc2ccncc2s1	0.030728
rxn:2:73817:88608	CC(CCN(C)c1cccs1)NC(C)c1cccc(C(C)(F)F)n1	0.030721
rxn:2:117827:90316	C[C@H](NC1c2ccccc2C1(F)F)c1nc(-c2ccccc2)c[nH]1	0.030721
rxn:2:123939:101661	CCS(=O)(=O)c1cc(NC2CCCC(C3CCCCC3)C2)ccc1C	0.030715
rxn:2:74081:125732	CCC(Nc1cc(C(C)C)ccc1C)c1cc(C)cc(OC)c1	0.030706
rxn:2:96845:115902	Cc1cccc2cnc(NC3CCC(CC4CC4)n4nccc43)nc12	0.030702
rxn:2:133270:93234	Cc1ncnc(N2CC(NC(C)CCC3(c4ccc[nH]4)COC3)C2)c1C	0.030692
rxn:2:132601:141194	CCSC(C)C(NCc1nnnn1C1CCCCC1)c1ccccc1	0.030685
rxn:2:89382:71382	CCCCC(NCCc1cnn2c1CC(C)CC2)C1CCS(=O)(=O)C1	0.030679
rxn:2:93724:82538	CC(NCC(F)(F)CN(C)C1CC1)c1cc(-c2ccccc2)cs1	0.030662
rxn:2:109280:82442	COCC1CCN(CCNC(C)c2cnc(OC)c3nncn23)CC1	0.030658
rxn:2:68720:79378	CCCC(N[C@H](C)c1ccc(OC)cn1)C1CCCN1C(C)CC	0.030655
rxn:2:72531:70456	CCN(CC)c1nccnc1NC(c1ccccc1)C1(C)CCCC1	0.030649
rxn:2:127274:115333	Cc1oc2c(c1C)C(N[C@@H](c1ccsc1)c1ccc[nH]1)CCC2	0.030641
rxn:2:128001:123693	COc1cc(NC(C)c2ccn(CC3CC(C)C3)n2)n(C2CCCC2)n1	0.030641
rxn:2:118102:70856	Cc1c(-c2ccn[nH]2)nn(C)c1NC1CC(C(C)(C)C)n2nccc21	0.030641
rxn:2:67522:104655	CC(C)c1cc2ccc(NC3c4ccccc4OC4CC43)cn2c1	0.030639
rxn:2:122374:81336	CCC(Nc1ccc(OC2CCCCC2)cn1)C1CCCN1C(C)C	0.030634
rxn:2:77823:124533	COCC1C(F)(F)C12CCC(NCc1cccnc1C1CCCC1)CC2	0.030633
rxn:2:91394:123797	Cc1nn(C(C)C)cc1CNC(C)c1ccc(-c2cccnc2)o1	0.030631
rxn:2:126674:71110	COc1cc(C)c2c(c1)C(Nc1ccc3nnn(C(C)C)c3c1)CC2	0.030626
rxn:2:97713:91894	COc1ccc2c(c1)CCCC2CNC(C)c1cc(OC)c2c(c1)OCO2	0.030623
rxn:2:166437:118010	Cc1nnsc1-c1nc(=O)nc(NC2CCc3c[nH]cc32)[nH]1	0.030618
rxn:2:70824:97242	CCOc1ccc(C(C)NCc2nnc(C3CCOC3)[nH]2)cc1OC	0.030580
rxn:2:131159:83613	CCCc1cc(C(C)Nc2c[nH]c(=O)c3[nH]cnc23)n(C)n1	0.030579
rxn:2:81313:70732	COc1cc(C)cnc1C(C)Nc1ncnc2c1nc(C)n2C(C)C	0.030578
rxn:2:120869:104273	Cc1ccc(C(NCC(F)(F)CN2CCN(C)C(C)C2)C2CCC2)cc1	0.030572
rxn:2:74353:115818	CC(NC1CCN(CC2CCN(C)CC2)C1)c1nc(C(C)(C)C)cc(=O)[nH]1	0.030572
rxn:2:106292:90810	COc1cccc(C2CC(NCC3C(c4ccc(C)cc4)C3(F)F)C2)c1	0.030571
rxn:2:83466:106473	CC(C)c1ccc(C(N[C@H](C)C2CCCCC2)C(C)C)cc1	0.030570
rxn:2:112362:99483	Cc1cc(C)cc([C@@H](NC(C)c2c[nH]c3nccnc23)C2CC2)c1	0.030560
rxn:2:136690:84615	CCC(C)CC(Nc1cccnc1N1CCCCCC1)c1ncco1	0.030550
rxn:2:94889:73161	CSc1nc(NC2CCCc3c2ccn3C2CC2)cc(=O)[nH]1	0.030538
rxn:2:75770:140271	CCC(Nc1cccc(C2(C)CCO2)c1)C1CCCN(CC(C)C)C1	0.030508
rxn:2:89244:74026	CCN(C)C1(CNC(C)c2ccc3c(c2)CCC3(C)C)CCCCC1	0.030506
rxn:2:85294:88675	CCCC(CCc1cccc(C)c1)Nc1cn(CC2CCC2)nn1	0.030503
rxn:2:120109:139689	c1ccc(C23CCC(CC2NC2CCSCC2Cc2cncs2)C3)cc1	0.030497
rxn:2:83421:82334	CCC[C@H](NC(c1cccnc1)c1nnc[nH]1)c1ccccn1	0.030495
rxn:2:139479:90175	CC(NCC(C)(C)C1CCC(F)(F)CC1)c1cc2ccccc2o1	0.030491
rxn:2:87223:68692	CCC(Nc1cc(C)c(OC)c2cccnc12)c1ncccc1C	0.030489
rxn:2:129638:83338	COc1ccc(CCC(C)Nc2cccc3ccnnc23)c(C)c1	0.030487
rxn:2:75661:84745	CCC(NCc1ccnc(C(C)C)n1)c1cccc2ncccc12	0.030485
rxn:2:122383:95954	Cc1nc(-c2ccco2)sc1C(C)Nc1cnn2c1C(C)N(C)CC2	0.030482
rxn:2:69685:128546	CCOC(CNc1ccccc1C1CCN(C)CC1)C1CCCCC1	0.030469
rxn:2:67450:81238	COc1cccc2c1CCC(F)C2NC1CCc2cc(C(C)C)ccc21	0.030468
rxn:2:71633:94554	CCOCc1c(NC2CC(c3ccc(OC)cc3)C2)cccc1OC	0.030467
rxn:2:140262:113380	COc1cccc2oc(NC3CCC(Oc4cnccn4)CC3)nc12	0.030466
rxn:2:85849:110410	CCC(Cc1ccco1)NCc1ccc(-c2ccncc2)cc1	0.030454
rxn:2:138080:100354	c1n[nH]cc1OC[C@H]1CC[C@H](NC2CCCc3sc(C4CC4)nc32)CC1	0.030434
rxn:2:95191:98580	Cc1cccc(-c2cnn(C)c2NC(C)c2cc(C3CC3)n(C)n2)c1	0.030429
rxn:2:81247:76485	CC(CCc1ccccn1)NC(C)c1cccc2ccccc12	0.030429
rxn:2:90600:123180	COc1ccc2c(c1)CCC(N[C@@H](C)c1c(C)c(C)c(C)c(C)c1C)C2	0.030429
rxn:2:88597:80113	Cc1c(C)c(C)c(C(C)Nc2cccc3nsnc23)c(C)c1C	0.030423
rxn:2:127777:109208	CCC(NCC1(C)CCOC1C1CC1)C1CCCCN1CC1CC1	0.030420
rxn:2:138962:119465	CC(C)CCC1CCC(Nc2ncc(Cc3ccccc3)s2)C1	0.030419
rxn:2:121981:120988	CC(NC(C)(C)CCN(C)C(C)C)c1cccc(-c2ccoc2)c1	0.030417
rxn:2:85237:108259	COc1nc(C)sc1C(C)Nc1ccc(C2CCC(C)CC2)cc1	0.030417
rxn:2:136591:115680	CCC(COCC1CCOC1)NCc1ccc(-c2cn(C)cn2)cc1	0.030412
rxn:2:128061:139061	Cc1ccc([C@H](NC(C)c2ccnn2CC2CCC2)C(C)(C)C)cc1	0.030411
rxn:2:104198:132603	COc1ccc(C(C)NCCC(C2CCC2)C2CCC2)c(OC)n1	0.030403
rxn:2:121933:96375	COCCC(Nc1ccc(OCC(C)C)c(C)n1)c1ccccc1	0.030397
rxn:2:116816:117328	CCc1nnn(-c2ccc(NC(CCSC)C3CCCCC3)cc2)n1	0.030388
rxn:2:95042:113963	CCCCC1CCCC1NC(C)c1cc(-c2cc[nH]c2)cs1	0.030373
rxn:2:90292:130147	CCC(N[C@H]1CCOc2c(SC)cccc21)c1ccc(OC)nc1C	0.030372
rxn:2:136341:123636	Cc1cn(-c2ccc(NC(C)c3cncc(C(C)C)c3)cc2)cn1	0.030370
rxn:2:73575:118894	Cc1ccc(C2CCCCC2Nc2nn(C(C)(C)C)c3c2C2CC2C3)nc1	0.030366
rxn:2:91266:112262	COc1cc(C)cc2c1OCC2NC1(c2nc3ccccc3s2)CC1	0.030364
rxn:2:97927:102593	CC(NC1CC(OCc2ccccc2)C1)c1cnn(CC2CCOC2)c1	0.030351
rxn:2:102534:105334	CCc1ccc2c(c1)nc(NC(c1ccccn1)[C@H](F)CC)n2C	0.030350
rxn:2:117404:105822	COc1ccc2[nH]c(C(C)NC3CC3(C)c3ccc(C)o3)cc2c1	0.030348
rxn:2:98054:132374	Cc1cccc(-c2c[nH]nc2NC(C)c2ccnn2C2CCC2)c1	0.030341
rxn:2:93361:141862	CC(C)Oc1ccncc1C(C)NCC1CC1c1scc2c1OCCO2	0.030336
rxn:2:82125:68120	Cc1ccc(-c2ccccc2)c(NC(C)c2c(C)nc(C)[nH]c2=O)n1	0.030329
rxn:2:105257:92613	CC(C)(NC1c2ccccc2CC12CCC2)c1cnn2ccccc12	0.030328
rxn:2:126540:66145	CC(Nc1ncn(COC2CCOC2)n1)c1cccn2ncnc12	0.030316
rxn:2:75536:92586	CC(C)(C)n1ncc2c(NC(c3ncc[nH]3)C3CCCC3)cnnc21	0.030311
rxn:2:103643:114899	CCCCC(Nc1ccc(CC)c(C)c1)c1cc(C)oc1C	0.030310
rxn:2:128457:105749	Cc1noc(C)c1C(C)CNC(C)c1ccc(-c2ccco2)cn1	0.030310
rxn:2:124002:100079	COc1cnc(C(C)NC(c2ccncc2)c2cccs2)c(C)c1	0.030308
rxn:2:156932:106229	Cc1cc(C)c2[nH]c(=O)cc(NC(C)c3ncc(C4CC4)s3)c2c1	0.030296
rxn:2:130105:82568	COCc1nc(C)c(C(C)(C)NC(CSC)c2cccc(C)c2)s1	0.030290
rxn:2:81427:105089	CCCCC(NC1CC1(OC)c1ccccc1)c1cccc(C)c1	0.030287
rxn:2:88687:120311	Cc1cc2ncc(NC3CCCc4sccc4C3)nc2cc1C	0.030286
rxn:2:77079:135746	CC(C)c1nc2c([nH]1)C(N[C@H](c1cccnc1)c1ccsc1)CC2	0.030281
rxn:2:101034:98938	CCc1ccc([C@H](COC)NC2CCC3(CCN(C4CC4)CC3)C2)cc1	0.030275
rxn:2:123975:124533	COCC1C(F)(F)C12CCC(N[C@@H]1CCC[C@H]1Oc1cc(C)ncn1)CC2	0.030266
rxn:2:84469:140786	CN1CCC(N[C@@H](c2cccnc2)c2ccsc2)c2ccccc2C1	0.030265
rxn:2:108806:107924	COc1ccc(CCC(C)NCC2CCC3(CCS(=O)(=O)CC3)O2)cc1	0.030259
rxn:2:91987:115550	CCCC(F)c1cc(NC2CC(C)(C)c3c(C)cc(C)cc32)nn1C	0.030257
rxn:2:127915:128278	Cc1cc2c(NC(C)c3ccc(CS(C)(=O)=O)cc3)cccc2nn1	0.030245
rxn:2:126933:76958	CC(C)c1[nH]nc2c1C(NCCC(c1ccc[nH]1)N(C)C)CC2C	0.030244
rxn:2:104531:103044	CCCC(Cn1nc(C)nc1C)Nc1cnn(CCC2CCOC2)c1	0.030237
rxn:2:139205:126193	CC(C)c1csc(CC2(NC(C)c3ccc4ccnn4c3)CC2)n1	0.030235
rxn:2:126294:89501	CCOCC(NCCc1cc(C2CCOCC2)no1)c1cccn1C	0.030228
rxn:2:106464:74112	Cc1nc(C2CC2)sc1C(C)NCc1cc2cccc(C)c2[nH]1	0.030223
rxn:2:73821:134989	Cc1cc(OCC(C)NC(C)c2cccc(S(=O)(=O)F)c2)cc(=O)o1	0.030221
rxn:2:68357:105231	Cc1cnc(N2CCC(N[C@@H](c3ccoc3)c3ccsc3)CC2)nc1	0.030217
rxn:2:105501:127189	c1ccc(C(CC2CCC2)NC2CCCCC2N2CCCCC2)cc1	0.030210
rxn:2:69497:119101	CCC(CNc1csc(N2CCCC(C)C2)n1)c1ccc(OC)cc1	0.030210
rxn:2:110779:72559	CCc1cnc(CCNC(C)c2ccn3nncc3c2)n1C(C)C	0.030208
rxn:2:81305:72805	CN1CCC(NCCc2ccc3sccc3n2)C(c2ccccc2)C1	0.030206
rxn:2:107083:92720	CC(CC(C)SC1CCCC1)NC[C@H]1CC[C@@H]2C[C@H]1C2(C)C	0.030204
rxn:2:136773:80975	CCC(CC)N1CCC(Nc2cccc(C)c2N(C)C(C)(C)C)CC1	0.030202
rxn:2:128887:114109	Cc1cc(C2(NC(C)c3nccn3-c3ccccc3)CCCC2)on1	0.030201
rxn:2:70753:95117	Cc1cc(C)c2c(c1)CC(NCc1cccc(OCC(C)(F)F)c1)CC2	0.030190
rxn:2:97109:96489	CCCCN1CCC(CNC2CCC(c3cccc(OC)c3)C2)CC1	0.030188
rxn:2:97860:112416	CCCc1[nH]cnc1CCNC(CCC)C1CCCN(CC)C1	0.030187
rxn:2:79831:114680	COc1ccc2c(c1)OC(F)(F)C2Nc1nnc(-c2ncoc2C)s1	0.030183
rxn:2:125794:123332	CC(C)CC(Cc1cnccn1)NCc1ccc2ncccc2n1	0.030165
rxn:2:68700:110130	Cc1ccc(C(Nc2ccc3c(c2C)COC3)c2ccco2)cc1	0.030159
rxn:2:98538:133098	O=c1nc2cc[nH]c(NC(c3ccccc3)C34CC(C3)C4)c-2[nH]1	0.030129
rxn:2:98415:73810	CC1(C)c2ccccc2C(N[C@H](c2ccoc2)C2CCCCC2)C1F	0.030124
rxn:2:73178:133342	CCC(NCCc1ncc2ccccc2n1)c1ccc(OC)cn1	0.030121
rxn:2:97423:141812	CCC1CC2CC(NC(C)c3ccc(-c4ccc[nH]4)s3)CCC2CO1	0.030118
rxn:2:96415:73299	Cc1nccc(C2CC2)c1NC(C)c1c[nH]c2c(C)cccc12	0.030113
rxn:2:95854:86881	Cc1cn(Cc2ncnn2C)nc1NC(C)c1snnc1C(C)(C)C	0.030108
rxn:2:73572:97163	CCOc1c(C(C)NCC2CCOC2c2nccn2C)cnn1C(C)C	0.030108
rxn:2:132846:96250	COCn1cccc1C(C)Nc1ncn(Cc2cccc(C)n2)n1	0.030107
rxn:2:86435:129164	CC(Nc1cccc2c1N(C1COC1)CC2)c1ccnc2ncccc12	0.030102
rxn:2:72163:89418	CC1(C)CCc2occc2C1NCCc1nc(C2CCCCC2)cs1	0.030101
rxn:2:97149:107200	c1cncc(-c2csc(CNC3COc4cc5c(cc43)CCC5)c2)c1	0.030099
rxn:2:87637:122164	Cc1ccc2c(c1)C(NCC1CC1c1cnc3nc[nH]c3c1)CC2C	0.030096
rxn:2:84125:73137	CCn1c(NC(c2cc(C)nn2C)C2CCC2)nc2c(C)cccc21	0.030093
rxn:2:130920:99164	Cc1cc(NC2CCOC3(CCCCCCC3)C2)nn1Cc1cccs1	0.030090
rxn:2:129778:122328	CCCN1c2ccccc2CC1CNc1n[nH]c2ccccc2c1=O	0.030089
rxn:2:135591:94276	COc1ccc2c(c1)SCCCC2Nc1ccn2nccc2c1OC	0.030079
rxn:2:134524:137126	CC1CC(C)CN(C(C)(C)CNC(C)c2ncsc2C2CCCC2)C1	0.030079
rxn:2:73917:99481	Cc1cnc(N2CCC(NC(c3cnn(CC(C)C)c3)C3CC3)CC2)cn1	0.030078
rxn:2:159181:138166	CCC1CCC(Nc2ccc3c(=O)[nH]c(=O)[nH]c3c2)C2C(C)CCCC12	0.030076
rxn:2:138321:111768	CCC(C)CC(Nc1cc2ccccc2[nH]c1=O)c1ncccn1	0.030070
rxn:2:108962:93170	O=c1[nH]c2ccc(NC(c3ccccc3)C3CCCO3)nc2[nH]1	0.030064
rxn:2:116928:115177	CCCC(Cn1ccnc1C)NC(C)c1nnc2ccnn2c1C	0.030061
rxn:2:133370:127451	CCC1CC(Nc2cccc(Oc3cnccn3)c2)CCC1C(C)C	0.030049
rxn:2:131079:114290	CCN1CC(C)(C)N(C)CC1CCNC1CCN(C2CCCCC2)CC1	0.030047
rxn:2:114274:117345	c1cc(NC2CCCCc3ccccc3C2)cc(C2CCCC2)c1	0.030046
rxn:2:97160:95041	CCC[C@@H](NC(C)c1ccc(SC)s1)c1cccc(C)c1	0.030042
rxn:2:80435:94804	CCC(Cn1nccc1C)NC(C)c1cn2ccnc2c(OC)n1	0.030040
rxn:2:125310:86186	Cc1nc(CSc2nnc(NC3C[C@@H]4CC[C@@]3(C)C4(C)C)s2)cs1	0.030023
rxn:2:97723:91616	CC(C)(C)O[C@@H]1C[C@H](CNC2c3ccccc3CCC23CC3)C12CCC2	0.030016
rxn:2:123372:100649	CCC(C)(C)C(NCc1cnn(C2CCOC2)c1C)c1cccc(C)c1	0.030013
rxn:2:101290:156239	Cc1cn2cc(C(C)NCCn3c(C)nnc3C3CC3)c(C)cc2n1	0.030009
rxn:2:168538:80762	Cc1ccc2c(c1)C(C)CCC2Nc1cccn(-c2ccnn2C)c1=O	0.030006
rxn:2:69046:105516	COCn1c(C)ccc(C(C)Nc2cc(-n3cccc3)ccn2)c1=O	0.030002
rxn:2:104068:128449	Cc1ccncc1-n1cc(CNC(C)c2cnc(C3CC3)nc2)cn1	0.030002
rxn:2:79632:98856	CCCC(Nc1cc(-n2ccnc2)cnc1OC)C1CCCCN1CC	0.030001
rxn:2:113203:86839	CC(CCN(C)C1CCN(C)CC1)NCc1ccccc1-c1ccco1	0.029982
rxn:2:71191:67800	CCc1nccn1CC(CC)NC(C)Cc1cn2ccsc2n1	0.029982
rxn:2:67937:137809	COCCC(NCCC1C(c2ncc[nH]2)C1(F)F)C1CCCCC1	0.029982
rxn:2:141583:136817	CCC(CCN1CCCCC1)NCC1C(c2c(C)n[nH]c2C)C1(F)F	0.029974
rxn:2:132176:81981	CCSc1nc(C(NCC2CC2CC(C)C)C(C)C)cs1	0.029972
rxn:2:114795:138148	COc1ccccc1C(NC(C1CCCC1)C(C)(C)C)C1CCC1	0.029968
rxn:2:116002:121174	Cn1nccc1C(Nc1cncc2[nH]c(=O)[nH]c12)C1(C)CCC1	0.029968
rxn:2:120987:112880	COc1cccc2c1SCCC2N[C@H](C)c1c(OC)cc(C)cc1OC	0.029962
rxn:2:124491:130167	CCc1cccc(C2CCCC2NCC(COC)c2ccc(C)nn2)c1	0.029962
rxn:2:106068:133044	COc1cnc(C(C)N[C@@H](C)CCCc2ccc(C)nc2)c(OC)c1	0.029960
rxn:2:97882:136850	CCCC(F)C(Nc1nnc(C)c2ncccc12)c1ccccc1	0.029930
rxn:2:110731:71520	CC(CCC1CCCCCC1)NC1CCC2(CCCC2)C1	0.029929
rxn:2:71025:85238	CCC(C)n1nc(NC2CCCC2SC2CCOCC2)c2c1CC1CC21	0.029924
rxn:2:85474:133342	CCC(Nc1ccc(OCCN(C)C)cc1C)c1ccc(OC)cn1	0.029921
rxn:2:91814:93506	CCc1ccc(CC(CC(C)C)NCc2nc(C(C)C)ns2)s1	0.029918
rxn:2:83377:117300	COc1cccc2c1OCCCC2Nc1ccc(OCC2CCCO2)cc1	0.029914
rxn:2:140030:98925	CCC[C@H](NC(C)c1cccn(C(C)C)c1=O)c1ccc(C)cc1C	0.029913
rxn:2:116139:121272	C[C@H](NC1c2ccccc2CC1CN(C)C)c1ccc2cn[nH]c2c1	0.029912
rxn:2:73747:155887	CCc1nn(C(C)(C)C)c(NC(C)c2cccc3oc(=O)[nH]c23)c1C	0.029910
rxn:2:120732:119388	COc1ccc2c(c1)CC(F)C2Nc1cc(-c2cncnc2)nc(C)n1	0.029903
rxn:2:99206:84803	CC(CCn1cnc2ccccc21)Nc1ncccc1OC1CC1	0.029891
rxn:2:80025:138728	CSc1cnc(C(C)Nc2ccc3nc(C)c(C)nc3n2)c(C)c1	0.029890
rxn:2:67594:68327	COC1CCN(c2ccc(NC(C)c3n[nH]c4ccccc34)cn2)C1	0.029889
rxn:2:136690:124183	CCCCC(Cc1ncc[nH]1)Nc1cccnc1N1CCCCCC1	0.029884
rxn:2:83152:127420	CCC(NCCC(c1ncn(C)n1)C(C)C)c1ccc(C)c(OC)c1	0.029872
rxn:2:93331:138344	CN1CCC(NC(c2ccc3[nH]ncc3c2)C2CC2)C1c1ccco1	0.029869
rxn:2:97107:139967	Cn1ccc(-c2ccnc(NC3CCCN(c4ccccc4)CC3)c2)n1	0.029848
rxn:2:95111:68886	Cn1cc(-c2cccc(NC3c4ccccc4C[C@H]4CC[C@@H]34)c2)cn1	0.029848
rxn:2:76474:138089	CC1Cc2cccnc2C(NCCc2c(-c3ccco3)o[nH]c2=O)C1	0.029846
rxn:2:136721:159648	Cc1nc2ncccc2cc1C(C)NC(C)C1COc2ccccc2O1	0.029845
rxn:2:107377:79298	CC(NCc1cn(CC2(F)CCC2)nn1)c1ccnc2ccccc12	0.029833
rxn:2:105559:75591	Cc1cc(CNC(C)c2cccc(OC3CC3)c2)nc(C2CCCC2)n1	0.029831
rxn:2:112696:158486	CC(Nc1cnccc1OC(C)(C)C)c1ccc2[nH]ccc(=O)c2c1	0.029831
rxn:2:94877:112163	COc1cccc(N2CCC(Nc3ccc(-c4c[nH]cn4)cc3)C2)c1	0.029822
rxn:2:136257:107386	CCC(NCC(C(C)C)N1CCC(C)CC1)c1ccc(N(C)C)cc1	0.029820
rxn:2:120883:108255	COc1cc(C(NCc2ccc(OCC(C)C)cc2)C(C)C)ncn1	0.029818
rxn:2:129545:87511	CCOc1cnccc1C(C)NC(Cc1cccc(C)c1)C(C)OC	0.029816
rxn:2:123283:77187	COc1cc(C(F)(F)CNC2CC(c3ccc4c(c3)CCO4)C2)ccc1C	0.029809
rxn:2:138070:68912	CCC(C)[C@@H](NC1CCOc2cc3c(cc21)OCO3)c1cccc(OC)c1	0.029807
rxn:2:107033:91400	CC(COc1ccccn1)NC(C)c1cc(-c2ccccc2)on1	0.029805
rxn:2:100811:122791	Cc1cn2cccc(C(C)N[C@H](c3ncccc3C)C(C)(C)C)c2n1	0.029801
rxn:2:130670:131370	COc1nc(NC2CC(Cc3noc(C(C)C)n3)C2)ncc1CC1CC1	0.029800
rxn:2:112921:113918	COc1c(C(NC(C)c2ccc3nccn3c2)C(C)C)occc1=O	0.029782
rxn:2:77133:95262	CCC(C)n1ncc(C(C)C)c1NC1CC2CC(C1)c1ccccc12	0.029776
rxn:2:107967:97418	Cc1ccc(-c2nnc(NC3CC(C)(C)Cc4[nH]cnc43)[nH]2)s1	0.029765
rxn:2:106447:68774	CCc1nc2c(s1)C(NCc1cncc(-c3ccncc3)c1)CCC2	0.029759
rxn:2:125431:88580	CCc1cc(OC)ccc1C(CC)N[C@@H](C)Cc1cn(C(C)C)nn1	0.029755
rxn:2:118984:94311	COc1ccc(OC2CC(NC(C)c3cnn(C(C)C4CC4)c3)C2)cc1	0.029754
rxn:2:132447:136198	CCC(CN1CCSC(C)(C)C1)NC1CCC(OCC2CC2)CC1	0.029746
rxn:2:79114:137773	Cn1nccc1-c1cc(NC2CC3(CCC3)Sc3ccccc32)on1	0.029745
rxn:2:100035:75851	CCCCC(NCC(C)C1c2cccnc2CC1C)c1ccncc1	0.029741
rxn:2:68648:72823	CO[C@]12CCC[C@H](C[C@@H](NC(CCC(C)C)c3ccccc3)C1)C2	0.029741
rxn:2:132508:98077	c1cc(-c2cnc(NC3CCCc4oc(C5CC5)cc43)s2)ccn1	0.029741
rxn:2:118932:122871	COCCc1ccc2c(c1)C(Nc1c(C)sc3ccccc13)CO2	0.029738
rxn:2:77401:77199	COc1ccc2c(c1)CCC2NC(C)(C)c1nnc(-c2ccc[nH]2)o1	0.029737
rxn:2:66095:66145	Cc1c(NC(C)c2cccn3ncnc23)cccc1OC1CCCC1	0.029737
rxn:2:72163:67375	c1ccc(CN2CCC(NCCc3nc(C4CCCCC4)cs3)C2)cc1	0.029735
rxn:2:86955:117762	CC(C)c1csc(C(NC2CCCOc3ccccc32)C(C)(C)C)n1	0.029734
rxn:2:126506:164585	Cc1c(C(C)NC2CC(Oc3cnccn3)C2)[nH]c2c(C)cccc12	0.029722
rxn:2:120049:93151	CCn1cc(CNC(C)c2[nH]c3c(c2C)CCCC3)c(C2CCCC2)n1	0.029718
rxn:2:96747:133171	Cc1nn(-c2cccnc2C)cc1NC(CC(C)(C)C)c1ncco1	0.029718
rxn:2:79797:75336	CCOc1ccnc(C(C)NCc2cccc(CN(C)C(C)C)c2)c1	0.029705
rxn:2:92767:72749	CC(NCc1ccc(CN(C)C(C)C)cc1)c1csc(C(C)(C)C)n1	0.029698
rxn:2:94124:77801	COC(C)(C)CN1CCC(NCc2ccc(OCC3CC3)cc2)CC1	0.029697
rxn:2:116583:155797	Cc1nc2ccccc2nc1C(C)NCC(c1ccccc1)N(C)C	0.029694
rxn:2:135865:107916	COc1ncc(C(C)C)cc1C(C)NC(C)c1ncc2cnccn12	0.029688
rxn:2:86705:74748	FC1(F)CC1c1ccc(NC(CCOc2ccccc2)C2CC2)nc1	0.029687
rxn:2:132180:104463	CCC(CC)c1nnc(NC(CC)c2ccc(C(C)C)cc2)o1	0.029677
rxn:2:108587:93557	Cc1ccc(C(NCC2C(c3nc(C)c(C)s3)C2(F)F)C(C)C)cc1	0.029672
rxn:2:130804:106295	CCc1nc(CN2CCC(NC(C)c3cnc4ccccn34)C2)no1	0.029667
rxn:2:68484:137026	CC1(C)CCC(NCC(F)(F)c2ccccc2C2CC2)C(C)(C)C1	0.029643
rxn:2:70793:147583	Cc1ccc(C(C)NCC2CCc3ccccc3S2)c2nccnc12	0.029640
rxn:2:133547:80041	CCSCc1ccnc(NC(c2ccccc2)c2c[nH]cn2)c1	0.029638
rxn:2:71046:102077	CCN(C)CC(NCc1cnc(N2CC3CCC2C3)s1)c1cccn1C	0.029636
rxn:2:66031:107922	Cc1cc2c(NC(c3ccncc3)C3CCCCC3)c[nH]c2cn1	0.029625
rxn:2:82369:114821	CCn1nnnc1-c1cncc(NC(c2ccccc2)C(C)(F)F)c1	0.029614
rxn:2:73841:82263	CCOc1ccc(C(C)Nc2cnn(-c3ccncc3C)c2)c(C)n1	0.029597
rxn:2:132635:80853	CC(NC1CCCC1c1noc(C2CC2)n1)c1nccc2cc[nH]c12	0.029595
rxn:2:114349:83610	CN1CC(CCNC(CS(C)(=O)=O)c2cccnc2)N(C)CC(C)(C)C1	0.029592
rxn:2:100693:81889	Cc1noc2c1C(N[C@@H](C)c1cccc3cnccc13)CC(C)(C)C2	0.029591
rxn:2:105693:111315	CCc1ccc(C(COC)NC(CC)Cc2ccc(OC)cc2)o1	0.029590
rxn:2:136867:67870	CCOc1ccc(NC2CC3(C(C)C)CCC2(C)C3(C)C)cc1C	0.029585
rxn:2:136126:121122	CCC(C)CC(CS(C)(=O)=O)NCc1cccc(-n2cccc2)c1C	0.029578
rxn:2:120692:96757	CC(C)SC(C)C(NC(Cn1cccn1)C(C)C)c1ccccc1	0.029578
rxn:2:104929:81067	CC(Nc1ccc2c(c1)C(C)(C)CN(C)C2)c1ccn(C2CCCCC2)n1	0.029575
rxn:2:166762:77754	COc1cc(C)cc2c1C(Nc1ccc3c(=O)cc(C)n(C)c3c1)CC2	0.029571
rxn:2:84539:98332	Cc1ccc2c(C(C)NCc3coc(C(C)(C)C)n3)cccc2c1	0.029561
rxn:2:111288:123080	CCn1ccc(-c2cc(NCC(c3ccccc3)C3CC3)on2)n1	0.029554
rxn:2:126087:140786	Cc1cnn(CCn2ccc(NC3CCN(C)Cc4ccccc43)n2)c1	0.029548
rxn:2:96254:80416	COc1ccccc1C(CC(C)C)N[C@@H]1COCc2c(C)cc(C)cc21	0.029545
rxn:2:111957:117415	CCc1ccc(C(CC2CC2)Nc2cc(C3CCC3)nc(C)n2)s1	0.029541
rxn:2:105758:89697	Cc1ccc2nc(C(C)(C)NC(C)c3cc(C(C)C)nn3C)oc2c1	0.029539
rxn:2:135642:128203	Cc1ccc2c(c1)C(Nc1cccc3nccnc13)CCC2(C)C	0.029538
rxn:2:127079:153021	Cc1ccccc1C1(NC(C)c2nc3c(C)noc3cc2C)CCC1	0.029528
rxn:2:112128:119077	CCc1ccc2c(c1)CC(NC(C)CC(C)Cc1sccc1C)CO2	0.029519
rxn:2:103979:134019	CCOCC(NC(C)c1noc(CC2CCCC2)n1)c1nnc(C)o1	0.029500
rxn:2:127934:94554	COCCN1CC(CNC2CC(c3ccc(OC)cc3)C2)CCC1(C)C	0.029497
rxn:2:134347:124834	CCC1COCCN1CCCC(C)NC1CCN(c2cnccn2)CC1	0.029494
rxn:2:72796:119699	CCCC(CN1CCOC(C)(C)C1)NCCc1cccc2ccccc12	0.029493
rxn:2:107025:91784	CCC(CSc1ccc(OC)cc1)NC[C@H]1CC[C@@H](OC)CC1	0.029490
rxn:2:69586:120577	c1cc2n(n1)C(C1CCCC1)CC2Nc1cc(CCC2CCCC2)n[nH]1	0.029486
rxn:2:71792:140638	Cc1ccc(C)c(SCCC(C)NC2CCc3ccc(C)nc3C2)c1	0.029479
rxn:2:74081:71323	Cc1ccc(C(C)C)cc1NC(C)c1ccc2nscc2c1	0.029477
rxn:2:73885:66762	CSCc1ncc(C(C)Nc2ccc3nc(C)cc(C)c3c2)s1	0.029477
rxn:2:156665:84739	Cn1c(=O)cc(NC2CCCc3cc4c(cc32)OCO4)c2ccccc21	0.029467
rxn:2:114675:96477	CC(Nc1cnc2sncc2c1)c1cccc2ncoc12	0.029460
rxn:2:119157:94311	CC(C)Cn1nc(NC(C)c2cnn(C(C)C3CC3)c2)c2c1CCC2C	0.029458
rxn:2:127212:119350	Cc1ccsc1[C@@H](NC1CCCCCC1(C)C)C1CCCC1	0.029453
rxn:2:130650:83592	CC(N[C@@H](c1cccn1C)C1CCOCC1)c1cnc2c(cnn2C)c1	0.029446
rxn:2:128739:69906	Cc1cc(C)c2c(c1)C(Nc1cccc(OCCC(C)C)c1)C(C)O2	0.029444
rxn:2:110527:69848	C=C=Cc1cc(C(C)NCc2cc(-c3cnn(C)c3)no2)ccn1	0.029438
rxn:2:141947:94065	CC(Nc1nc2cc[nH]c2cc1C1CC1)c1cnn2c1CCCCC2	0.029436
rxn:2:85979:109423	COc1cccc2c(C(C)NCc3nc(C4CCC4)cs3)n[nH]c12	0.029432
rxn:2:98623:110727	CCCN(C)c1ccc(NC(C)c2cc(C)c(C(C)C)[nH]c2=O)c(C)n1	0.029424
rxn:2:72609:129410	Cc1cc2cc([C@H](C)NC3CC(C)(C)Cc4c3cnn4C)ccc2[nH]1	0.029420
rxn:2:78594:113397	CCN(C)c1ccc(C(C)NC(C)CCOc2cccc(C)c2)cn1	0.029418
rxn:2:110808:83002	Cc1nc(-c2cccs2)nc(NC2CCC3(CCC(C)C3)CC2)c1C	0.029415
rxn:2:93771:101019	COC1CC(C(NC2CCCC3(CCCCCC3)C2)c2cccnc2)C1	0.029408
rxn:2:72736:122318	CCCC(NCc1ccc2ccnnc2c1)c1ccccc1OC	0.029407
rxn:2:80726:104810	CCCC[C@@H](NC1CCN(CC2CC2)CC1C)c1nc2c(s1)CCC2	0.029392
rxn:2:106598:94487	CC(C)Cn1cc(CCNC(CN2CCCCC2)c2cccs2)cn1	0.029387
rxn:2:120074:115391	CCC(C(C)C)N1CCCC(CNC2CCCCC2C(C)(C)C)C1	0.029384
rxn:2:131251:129001	Cc1cc(C)c2c(c1)C(Nc1ccc(C)n3cnnc13)CCCC2	0.029383
rxn:2:73681:87470	CCc1cccc(C(NC2c3ccccc3CC23CC3)C2CCC2)c1	0.029380
rxn:2:127222:70170	CCCC(NCC(CC(C)C)c1ccccc1)c1ccccn1	0.029380
rxn:2:87307:100904	C=C=Cc1ccccc1C(C)NC1(c2ccc(OC)c(OC)c2)CC1	0.029375
rxn:2:119892:82580	CC(NCc1ccnc(S(=O)(=O)C2CC2)c1)c1cn2ccccc2n1	0.029374
rxn:2:127627:109137	CC(C)CC(CCC(C)(C)C)NCCn1cc(-c2ccco2)cn1	0.029372
rxn:2:95536:84640	CCC(Nc1cnc(C(C)(C)F)nc1)c1cc2ccccc2s1	0.029359
rxn:2:76318:108211	CC(C)OCCC(Nc1cc(C2CC(F)(F)C2)no1)c1cccs1	0.029357
rxn:2:139144:132805	CCCc1ccncc1C(CCC)NCC1(COC)CCCOC1	0.029351
rxn:2:135907:70732	COc1cc(C)cnc1C(C)Nc1cc(C2CCCCC2)ccc1C	0.029345
rxn:2:126670:87508	CC(Nc1c[nH]cc2[nH]c(=O)nc1-2)c1ccccc1S(C)(=O)=O	0.029339
rxn:2:86387:136237	CCn1ncnc1C1(NC(C)c2ccc3[nH]cc(C)c3c2)CCCC1	0.029325
rxn:2:162533:98931	FC1(F)CCCCC(Nc2nc3ccc4scnc4c3s2)C1	0.029319
rxn:2:100052:107702	CCc1ccc(C(C)Nc2cc(-c3ccccc3C)ccn2)cn1	0.029318
rxn:2:111108:134725	CC(Nc1ccc(COC2CCC2)cc1)c1nn(C)c2ccncc12	0.029298
rxn:2:120713:118876	Cc1ncc2nc(C3CC3)cc(NC(C)c3cnc4c(c3)CCCC4)n12	0.029294
rxn:2:96948:107380	COc1ccc2c(c1)CC(NCc1cccc3sccc13)CCS2	0.029284
rxn:2:99904:106870	Cn1cccc1C1C(CCNC2CCC(Oc3ccccn3)CC2)C1(F)F	0.029281
rxn:2:110405:114774	Cc1[nH]ncc1-c1ccc(C(C)NCC2CCCCn3cnnc32)s1	0.029271
rxn:2:85388:125887	CCc1nn(CC2CC2)c(NC(c2cc(C)sc2C)C(C)C)c1C	0.029263
rxn:2:126040:129228	CSc1cnn(C2CCSC2)c1NC1CCC2(c3ccccn3)CC2C1	0.029263
rxn:2:100760:119446	CC(NC(C)(C)C(F)(F)C1CCCCC1)c1cccc2cnccc12	0.029244
rxn:2:99233:131581	CCOc1ccc2c(c1)C(Nc1ccc(-c3[nH]nnc3C)cc1)CC2	0.029237
rxn:2:71024:65982	Cc1ccc(C)n1CCNC(C)CC1(CC(C)C)CCCCC1	0.029229
rxn:2:95751:92484	CCc1cccc(C(NC2CCCc3cn(CCOC)nc32)C(C)C)c1	0.029227
rxn:2:83161:137211	Cc1ccc(C2CCCC2Nc2ccnc(N(C)CCC(C)C)c2)nc1	0.029224
rxn:2:69165:115767	CCC(COc1cccc(C)c1)NC(C)Cc1ncc2n1CCCC2C	0.029206
rxn:2:127847:118786	CC(C)CSc1n[nH]c(NC2CCC(OC3CCCCC3)CC2)n1	0.029201
rxn:2:129907:74174	CC(CCN1CCC(F)(F)CC1)NC(c1ccccc1)c1ccccc1	0.029197
rxn:2:131416:118894	Cc1ccc(C2CCCCC2Nc2ccn(-c3ncccc3C)n2)nc1	0.029193
rxn:2:68387:82298	CCn1nc(C(C)C)c(C)c1NC(C)c1cc(C(C)C)nn1C(C)C	0.029189
rxn:2:104311:139273	CCC(Nc1n[nH]cc1-c1nnc(C)[nH]1)c1c(C)cccc1C	0.029177
rxn:2:67019:91567	Cc1cccc(C(C)CC(C)NC2(c3ccccn3)CCCCC2)c1	0.029173
rxn:2:82061:104766	CCc1cc(C)cc(C(CC)Nc2cccc(SC)c2C)c1	0.029170
rxn:2:157220:103407	CCCCN1CCCC(C(CC)Nn2c(=O)c3c(ncn3C)n(C)c2=O)C1	0.029164
rxn:2:70017:67870	CC(C)C12CCC(C)(C(Nc3cc(-c4ccccc4)ncn3)C1)C2(C)C	0.029160
rxn:2:72697:115655	CCCOc1nc(OC)ccc1NC(CC)C1CCCN1C1CCC1	0.029159
rxn:2:94897:86045	COc1cc(C)c2c(c1)OCC2Nc1ccc(Cc2cncs2)cc1	0.029155
rxn:2:95997:133406	COc1ncc(OC(C)C)cc1NC1CCCc2cc(SC)ccc21	0.029152
rxn:2:96784:110989	COc1cc(CNC(C)c2ccnc(S(C)(=O)=O)c2)ccc1S(C)(=O)=O	0.029145
rxn:2:138278:161231	CCC(NC(C)c1cnc2scnn2c1=O)c1cnc(OC)cc1C	0.029145
rxn:2:105115:94078	Cc1cnn(Cc2ccsc2)c1NC(C)c1cccn(C2CC2)c1=O	0.029143
rxn:2:89861:80220	COCCc1nc(C)c(C(C)Nc2cn(C3CCC3)nc2C(C)C)s1	0.029142
rxn:2:75364:67539	Cc1ccc2c(c1C)OCC(C)C2NC(CCC1CCOCC1)C(C)C	0.029140
rxn:2:103324:96396	CCC(C)CC1(NC2CC(C3CCCC3)C2)CCCC(C)C1	0.029137
rxn:2:84718:108968	Cc1cccc(CCC(Nc2c(CC(C)C)c(C)nn2C)C2CC2)c1	0.029136
rxn:2:95374:92009	Cc1nn(CCC(C)C)c(C)c1NC(CC1COCO1)c1ccccc1	0.029135
rxn:2:101918:111113	CCC(CSc1n[nH]c(=O)n1C)NC1c2ccccc2OCC1OC	0.029133
rxn:2:100056:90272	COc1ccc2c(c1)C(Nc1cc(OC)cc3cc[nH]c13)C(F)CC2	0.029129
rxn:2:115911:95933	CCc1ccc2c(c1)CCCCC2NC1CC(C)N(c2ccccc2)C1	0.029113
rxn:2:112534:73507	c1cc(NC2CCCc3oc4c(c32)CCC4)c2c(c1)C1CCC2CC1	0.029100
rxn:2:81255:105916	CCN(C)CC(Nc1cc(C)nc2ncccc12)c1ccc(C)cc1	0.029096
rxn:2:79872:131062	O=c1cc(N2CCC(NCc3cnc4c(c3)cc3n4CCC3)C2)cc[nH]1	0.029095
rxn:2:113042:127316	Cc1ccc(C)c(C(N[C@@H](C)COc2c(C)cccc2C)C2CC2)c1	0.029092
rxn:2:116870:144324	Cc1cn(C)c2cc(C(C)Nc3ccn(C)c(=O)c3S(C)(=O)=O)cnc12	0.029086
rxn:2:97807:124721	CCCC(C)(NC(C)c1cnn(CC2CCC2)c1)c1n[nH]c(CC)n1	0.029077
rxn:2:74141:87795	COc1ccc([C@H](NC2CCOc3cc(C)c(OC)cc32)C(C)(C)C)cc1	0.029072
rxn:2:113430:99165	Cc1c(C(C)NC(c2ccc(N(C)C)cc2)C2CC2)sc2ncnn12	0.029068
rxn:2:74354:103790	CCOCC(CC1CCOC1)NC(C)Cc1c[nH]c2c(C)cccc12	0.029066
rxn:2:121861:111042	FC1(F)CCC2(CCC(Nc3cc(CC4CCCC4)no3)CC2)CC1	0.029064
rxn:2:113454:112203	COc1c(C)cc2c(c1C)CCC2Nc1cccc(Cn2nccn2)c1	0.029062
rxn:2:112374:133086	C=C=Cc1ccc(OC)c(C(C)Nc2cc(C(C)(C)CC)on2)c1	0.029061
rxn:2:76122:126211	FC1(F)CCC(CNC2CC3CCCN3c3ccccc32)c2ccccc21	0.029059
rxn:2:116182:130987	COCC(C)Oc1ccncc1NC(C)CCN(C)C1CCSC1	0.029053
rxn:2:129733:135161	CCC(Nc1ncnc2cccc(C)c12)c1cc(C)c(C)cc1C	0.029034
rxn:2:70675:109180	COc1ccccc1C1CCC(Nc2c(C)c(C3CC3)nn2C(C)C)C1	0.029032
rxn:2:111710:97209	CC(NC1CC(Cc2cccs2)CN(C)C1)c1ccnn1C1CCCCC1	0.029017
rxn:2:84234:140084	Cc1c(-c2ccco2)nn(C)c1NC(C)c1cc(C2CCC2)ccn1	0.029010
rxn:2:98934:73883	COc1nc(OC)c(NC(C)c2cnc3nn(C)cc3c2)c(OC)n1	0.028991
rxn:2:107478:76013	CCC(CC(C)(C)c1ccccc1)NCc1nc(C(C)C)c(C)n1C	0.028989
rxn:2:115911:78247	CC(NC1CC(C)N(c2ccccc2)C1)c1cc(-c2ccncc2)no1	0.028985
rxn:2:94418:94384	CCn1ncnc1Cc1csc(NC(C)CCC2(C(C)(C)C)COC2)n1	0.028979
rxn:2:77645:99393	CC(Nc1ccc2ccccn12)c1ccc2cnoc2c1	0.028967
rxn:2:118939:118876	CC(NCc1nc2ccc(N(C)C)cc2o1)c1cnc2c(c1)CCCC2	0.028966
rxn:2:76841:125313	Cc1[nH]c2cnccc2c1C(C)Nc1ccc2c(c1)N(C1COC1)CC2	0.028955
rxn:2:78115:119925	CC(NCc1cc(CC2CCCC2)n[nH]1)c1cnc2c(c1)ncn2C	0.028938
rxn:2:131086:91894	COc1cc(C(C)Nc2nccn3cc(C(C)C)nc23)cc2c1OCO2	0.028930
rxn:2:110250:68762	Cc1ccc(Cn2ncc(C)c2NC2CCN(c3nnc(C)o3)CC2)o1	0.028926
rxn:2:81693:90239	CCC(C)(C)C(NC[C@@H]1C[C@H](F)CN1c1cccnn1)c1ccc(C)cc1	0.028915
rxn:2:131258:134813	Cc1ccc(C)n1-c1n[nH]c(NC2CCOC(C)(c3ccccc3)C2)n1	0.028910
rxn:2:138242:141942	CCc1ccccc1C(NCC(F)(F)CN1C[C@@H](C)O[C@@H](C)C1)C1CC1	0.028909
rxn:2:74318:91816	CCc1nn(C)c(NC2CCCCCC23CCCCC3)c1CC(C)C	0.028892
rxn:2:106561:91756	CCc1ccc(C(Nc2ccc(S(=O)(=O)F)cc2C)C2(C)CC2)cc1	0.028887
rxn:2:81039:76125	CCCC(Cn1nc(C)c(C)c1C)Nc1cnc2cc[nH]c(=O)c2c1	0.028887
rxn:2:112587:99690	Cc1c[nH]c2cc(C(C)NC[C@]3(c4ccccc4)C[C@@H]3F)ccc12	0.028883
rxn:2:136305:80447	Cn1cc(C2CC2)c(CCNC(c2ccncc2)c2ccncc2)n1	0.028881
rxn:2:66142:96295	CC(NC1CCC12CCCCCCC2)c1ccc(-n2cccc2)cc1	0.028880
rxn:2:111457:78791	CC(NCC1(F)CCN(C2CCCC2)CC1)c1cccc(C2(C)CCO2)c1	0.028878
rxn:2:137218:106506	CCN(CC)CC1CCCCC1NC(C)c1cnn(C(C)(C)C)c1OC	0.028871
rxn:2:84804:105062	CC(C)CSCC(NC(C)C1CCc2ccccc21)c1ccco1	0.028866
rxn:2:71425:116126	Cc1csc(CCCC(C)(C)NC(CS(C)(=O)=O)c2ccncc2)n1	0.028851
rxn:2:129146:114039	FC1(F)CCCCCCC1NCc1ccc(C2CCCCC2)cc1	0.028847
rxn:2:86609:97201	CC(C)Cc1ccc(C(C)(C)CNC(C)c2csc(C3CC3)n2)[nH]1	0.028844
rxn:2:67310:131763	CC(Cc1ccc2cnoc2c1)NC1CCc2cc(C3CC3)ccc21	0.028839
rxn:2:127562:140699	CCCC(CS(=O)(=O)F)NCC(c1ccc(CC)cc1)N(C)C	0.028835
rxn:2:107268:141393	CCc1cc(CNC(C)c2cc(C(C)(F)F)ccn2)ncc1OC1CC1	0.028833
rxn:2:86609:71052	Cc1cc(N2CCC(NCC(C)(C)c3ccc(CC(C)C)[nH]3)CC2)ncn1	0.028826
rxn:2:113062:84275	CC(C)c1ccc2c(c1)C(NC1c3ccccc3OC3(C)CC13C)C(C)O2	0.028824
rxn:2:82573:104467	CC(NC1CCc2ccccc2C1F)c1csc2ccccc12	0.028820
rxn:2:138041:100649	CCc1c(C)nn(CCNC(c2cccc(C)c2)C(C)(C)CC)c1C	0.028817
rxn:2:96587:125826	CCn1cccc1-c1noc(CNC2c3cc(C)c(C)cc3CC2C)n1	0.028816
rxn:2:126151:111979	CCC(C)c1cc(NC(CC)C23CC4CC(CC(C4)C2)C3)nc(C)n1	0.028814
rxn:2:109832:97129	Cc1cc(C)c2c(c1)OC(C)CC2Nc1nnc(N(C)C2CCCCC2)s1	0.028806
rxn:2:155811:135690	Cc1ccccc1-n1[nH]c(=O)cc1NC1CCCC(c2ccncc2)C1	0.028799
rxn:2:71287:75507	CCN(CCOC)C1CCCC1Nc1ccc(S(C)(=O)=O)cc1OC	0.028796
rxn:2:104911:80616	CCN(CC)c1nc(C(C)NCc2cn(C3CCC(C)CC3)nn2)cs1	0.028796
rxn:2:72396:118327	Cc1csc(C(NCCn2c(-c3ccco3)csc2=O)C(C)C)n1	0.028793
rxn:2:134349:95090	Cc1cc2c(c(C)n1)C(Nc1ccc(-c3cnc(C)o3)cc1)CCC2	0.028793
rxn:2:97265:101799	CCc1nc2cccc(C(C)NCCC34CC5CCC3(C)C5(C)CO4)c2o1	0.028779
rxn:2:117996:124582	CCC(Nc1cc(C(C)(C)C)cc(C)n1)c1ccccc1C(C)C	0.028770
rxn:2:126528:106042	CC1CCc2c1c(NC1c3ccccc3-n3ccnc31)nn2C(C)(C)C	0.028763
rxn:2:131964:68514	Cc1ccc([C@@H](CC2CC2)NC2CCC3(CC3)C(C)(C)C2)cc1C	0.028755
rxn:2:106372:109487	CCc1cc(OC)ccc1CCNC(C)c1ccc2[nH]ccc2n1	0.028753
rxn:2:71229:132374	CC(Nc1cccc2c1ccn2C(C)C)c1ccnn1C1CCC1	0.028747
rxn:2:103739:131463	Cc1[nH]cc2c1CCCC2NCC1CC1c1cnc2cn[nH]c2c1	0.028746
rxn:2:132821:83534	CC(Nc1cccc(C(C)N(C)C2CC2)c1)c1cnc2[nH]cnc2n1	0.028737
rxn:2:95471:79041	CCC1CC(N[C@@H](C)c2ccc(CN(C)C)cc2)CCC1C(C)(C)C	0.028727
rxn:2:119071:114224	CCOc1nc(C)sc1C(C)Nc1nnc2[nH]c3c(cc1-2)CCCC3	0.028723
rxn:2:68268:136469	CCc1cc(CNCC2CCCCN2C(C)C2CC2)n(C2CCSC2)n1	0.028717
rxn:2:78315:91629	CC(C)c1cc(CNC(C)c2cccc3ncnn23)n(CC2CC2)n1	0.028714
rxn:2:76471:113548	CC(NCC1(COc2ccccc2)CCC1)c1nccn2ncnc12	0.028713
rxn:2:132324:65853	CCCCC(N[C@@H](C)c1ccc(OC(C)(C)C)cc1)c1noc(C)n1	0.028712
rxn:2:152048:108478	CCC1Cc2ccccc2C1Nc1cc(C)c2c(=O)[nH]ccc2c1C	0.028710
rxn:2:104392:140850	Cc1nc(-c2ncco2)oc1C(C)NCc1cccc(C2(F)CC2)c1	0.028703
rxn:2:105469:98867	Cc1cn2nc(C)c(C(C)Nc3ccc(C4CC4)c4c3CCO4)c2s1	0.028694
rxn:2:131479:131321	CC(NCC1CN(c2cnccn2)C1)c1ccc(-c2cnc[nH]2)cn1	0.028692
rxn:2:93481:95383	Cc1cn(COC2CCCC2)nc1NC(C)c1cnc2cn[nH]c2c1	0.028682
rxn:2:100199:65889	CC(Nc1nc(N(C)C)ncc1S(C)(=O)=O)c1cccc2cn[nH]c12	0.028675
rxn:2:106968:77199	COc1ccc2c(c1)CCC2Nc1ccc(-c2ccncc2)cc1C	0.028672
rxn:2:68357:73810	CC1(C)c2ccccc2C(N[C@@H](c2ccoc2)c2ccsc2)C1F	0.028668
rxn:2:126587:133488	COc1cc(COC2CC2)cc(NC2c3ccccc3CCC2(C)C)c1	0.028663
rxn:2:114404:122290	Cc1cn2nc(C(C)Nc3ncn4ccccc34)ccc2n1	0.028661
rxn:2:137550:130167	CCc1cccc(C2CCCC2NCc2cc(=O)[nH]n2CCC(C)C)c1	0.028656
rxn:2:137217:120931	CC(C)(NC1CCCc2nc(C3CC3)ccc21)c1cnc(C2CCCO2)s1	0.028655
rxn:2:128914:91584	Cc1cnc2c(c1)C(NCc1nc(C)[nH]c1-c1ccc[nH]1)CCC2	0.028653
rxn:2:123906:137480	Cc1noc(-c2ccc(NC(c3ncc[nH]3)C3CCCCC3)cc2)n1	0.028650
rxn:2:67632:73515	CCCOC1CCCCC1NC(c1ccc(CC)cc1)C1CCC1	0.028648
rxn:2:109743:102464	COc1cccc(C(NCCn2cnnc2CC2CCCC2)C2CC2)c1	0.028648
rxn:2:83826:83058	O=c1ccc(NC2c3ncccc3CCC23CC3)c(-c2ccccc2)[nH]1	0.028639
rxn:2:139596:99300	Cc1cc(-c2cc(NC(C)CCCc3cccnc3)ncn2)nn1C	0.028638
rxn:2:118891:85992	CC(C)OCCC(NCC1(Cc2ccncc2)COC1)c1ccco1	0.028638
rxn:2:134033:74104	CC(Nc1nc2ccncc2o1)c1c[nH]c2ncccc12	0.028635
rxn:2:123910:117442	COc1cccc(CCC(C)Nc2cc(-n3cnc(C)c3)ncn2)c1	0.028622
rxn:2:130926:156232	CCC(C)C(Cn1nccn1)NC(C)c1c2cccccc-2oc1=O	0.028613
rxn:2:84666:132141	CCCC(COC1CCC(C)CC1)NCc1cnn(-c2cnccn2)c1	0.028607
rxn:2:113764:95476	CCOc1cc(OC)ccc1NC(C)c1ccccc1SCC	0.028607
rxn:2:95220:72938	Cc1ccc(C(C)C)c(C(C)N[C@@H](CN2CCCCC2)C(C)(C)C)c1	0.028601
rxn:2:76461:134295	CCCC(Nc1cc(C)c(C)cc1C)c1ccc(SC)cc1	0.028597
rxn:2:135256:121440	CCn1ccc(OC(C)(C)CNC(C)c2cn3ncnc3cc2C)n1	0.028595
rxn:2:117297:103228	CCC[C@@H](NC1CC(C)SC(CC)C1C)c1ccccc1CC	0.028592
rxn:2:129577:101647	CCC(NCc1cn[nH]c1-c1cc(C)oc1C)c1oc(C)cc1C	0.028590
rxn:2:67219:117729	COc1cccc2c1C(NCc1ccnc(-c3ccsc3)c1)C(C)C2	0.028587
rxn:2:89305:113026	CCC(C)C(C)n1nc(C)c(NC2CC(C)Oc3cccc(C)c32)c1C	0.028582
rxn:2:141351:115667	COc1ccc(C(C)NCC2CC3(CCC(F)(F)CC3)C2)c(C)c1OC	0.028578
rxn:2:69087:109033	Cc1cccc(-c2cnc(NC(C)c3cn(C4CCCC4)nn3)cn2)c1	0.028577
rxn:2:92930:88305	CCC(CN(C)Cc1ccc(C)o1)NC1(c2cncc(OC)c2)COC1	0.028571
rxn:2:135771:86527	CC(Nc1cn(CCc2ccncc2)nn1)c1ccc(N(C)C)nc1	0.028570
rxn:2:118748:129311	c1ccc(SC2CCCCC2NCCN2CCOCC3CCCCC32)cc1	0.028570
rxn:2:139492:138590	CC[C@H](NC1CCN(c2ccccc2)C(C)C1)c1c(C)cc(C)cc1C	0.028568
rxn:2:77708:136155	COn1cnc(-c2ccccc2)c1NC(C)c1ccn(CC(C)C)n1	0.028558
rxn:2:81676:131304	CC(C)C(NCCC(C)(C)Cc1ccncc1)c1ccc2c(c1)OCO2	0.028553
rxn:2:127275:133863	Cc1ccc(C(NC[C@@H]2C[C@H]2C2CCCCC2)c2cccs2)cc1	0.028552
rxn:2:109832:119868	CN(c1nnc(NC2CCCC3(CCC[C@@H](F)C3)C2)s1)C1CCCCC1	0.028549
rxn:2:69165:149415	CC(Cc1ncc2n1CCCC2C)NC1CCCc2c1cnc1ccnn21	0.028538
rxn:2:133183:104162	CCC(C)c1nnc(C)n1CCNC1CC(C)(OCc2ccccc2)C1	0.028532
rxn:2:126396:141194	CCSC(C)C(Nc1nc(SC)nc(C2CC2)n1)c1ccccc1	0.028528
rxn:2:108466:120005	CCOc1c(C)cccc1C(C)NCCn1c(=O)oc2ccccc21	0.028525
rxn:2:97647:96532	Cc1cnc2cc(C(C)N[C@H](c3ccsc3)C3CCCC3)ccn12	0.028520
rxn:2:83412:120353	CCCc1ccc(C(C)NCc2cnn(C(C)C3CCCC3)c2)s1	0.028519
rxn:2:90570:103589	CCN(CCNC1CCCC1c1ccc(OC)cc1)c1ccc(C)cc1	0.028517
rxn:2:141064:130174	Cc1ccncc1C1CC1CCNC(C)CCC1CCC(C)CC1	0.028515
rxn:2:120327:112416	CCCC(Nc1cc(C)ccc1OC1CCOC1)C1CCCN(CC)C1	0.028509
rxn:2:85691:84746	COCC(NC(C)c1cn2ncnc2c(OC)n1)c1ncccn1	0.028505
rxn:2:66897:82928	CC[C@@H](NC(C)c1cnn2ccncc12)c1cc(OC)ccc1OC	0.028504
rxn:2:83953:85385	Cc1cccc(C2CCCCC2Nc2nc3ccc(C)cc3o2)c1	0.028501
rxn:2:111241:71110	COc1cc(C)c2c(c1)C(Nc1c(C)nn(C(C)CC(C)C)c1C)CC2	0.028498
rxn:2:130686:145040	Cc1nn(C(C)(C)C)c(C)c1NC1CCc2c([nH]c3ccccc23)C1	0.028479
rxn:2:120682:130817	CCCCc1cccc(CNC(C)c2cccc3c2CCCC3)c1	0.028478
rxn:2:70332:117674	CC(C)(C)C(CC1CCCC1)NC1CC(c2nc3c(s2)CCCC3)C1	0.028476
rxn:2:78338:125067	COCc1cc2cc(NC3CC(c4ccccc4OC)C3)cnc2[nH]1	0.028462
rxn:2:104752:101305	CCCC(Nc1cc(-c2ccnc(C)c2)no1)C1CCCN1CC(C)C	0.028454
rxn:2:70807:94314	Cc1cccc2c(C(C)NC(C)c3nc(C(C)(C)C)nn3C)csc12	0.028453
rxn:2:93824:120923	CSc1scc2c1C(NC1(C)CCc3ccccc31)CC(C)(C)C2	0.028449
rxn:2:68720:126000	COc1ccc([C@@H](C)NC(C)CC(C)Sc2ccccc2C)nc1	0.028448
rxn:2:88350:109900	c1ncn(Cc2n[nH]c(CNC3CCCc4cn[nH]c43)n2)n1	0.028441
rxn:2:75996:134128	COc1cc(CCNC(C)c2ccc3nnnn3c2)cc(OC)c1C	0.028440
rxn:2:109004:103611	CC(C)(C)C(CCc1ccccc1)NC1CCC2(CCOC2)CC1(C)C	0.028439
rxn:2:125486:108137	Cc1ccnc(OC(C)C)c1NC(c1nc2ncccc2o1)C(C)C	0.028435
rxn:2:118769:73515	CCC[C@@H](NC(c1ccc(CC)cc1)C1CCC1)c1ccncc1	0.028432
rxn:2:100128:94661	COc1cccc(C(NC2CC(COc3ccccc3)C2)C(C)(C)C)c1	0.028430
rxn:2:159184:71611	Cn1c(=O)n(C)c2cc(NC(CN3CCOCC3)c3nccs3)ccc21	0.028427
rxn:2:108841:79306	CN(C)CCCC(Nc1cccc2ncccc12)c1ccccc1	0.028424
rxn:2:115892:164617	COc1cccc2c1OC(CNC(C)c1nc3ccccc3c(=O)[nH]1)C2	0.028418
rxn:2:134365:140197	Cc1cccc(-n2ncc(C)c2NC2CCCc3c2cnn3C2COC2)c1	0.028408
rxn:2:113792:136793	COc1ccccc1C1(C)CC1NC(C)c1ccc(-n2cccn2)nc1	0.028407
rxn:2:134220:98504	CCOc1ncc(C(CC)Nc2cnn(C(C)C)c2C(C)C)cc1C	0.028404
rxn:2:117458:96375	COCCC(NC(CCN(C)C(C)C)C(C)(C)C)c1ccccc1	0.028403
rxn:2:93746:113965	Cc1ncccc1Cn1cc(NC2CC(c3nncn3C(C)C)C2)cn1	0.028396
rxn:2:111944:90158	COc1ccc2c(c1)N=C(C)CC2Nc1cccc(-c2ncccn2)c1	0.028395
rxn:2:105447:90390	CCN(CC)c1cc(NC(C)CCc2ccc(C)cc2)ccc1C	0.028390
rxn:2:137614:116856	COC(C)c1ccc(C(C)NCc2ccc(N3CCCCCC3)o2)cc1	0.028387
rxn:2:120504:95162	CCCC(CCC1CCCCC1)NS(=N)(=O)c1ccccc1C	0.028380
rxn:2:109708:86788	Cn1cc(-c2cncc(CNC3Cc4ccccc4C4(CCC4)C3)c2)cn1	0.028379
rxn:2:79242:79596	Cc1ccsc1CC1CCC(N[C@H]2CC[C@H](Oc3cnccn3)CC2)CC1	0.028369
rxn:2:88339:99406	CCC1Oc2c(C)ccc(C)c2C1Nc1cc(-c2ccc(C)o2)n[nH]1	0.028367
rxn:2:71997:99260	Cc1ccc2c(c1)C(NC1c3cc(C(C)C)ccc3SC1C)[C@H](C)C2	0.028348
rxn:2:75321:91024	COCCC(Nc1ccc(-c2cccs2)s1)c1cccs1	0.028348
rxn:2:112532:103720	Cc1sc(NC2CCCCc3c2cnn3C(C)C)nc1-n1cccn1	0.028334
rxn:2:120411:131391	CCCC(CC1CCCCC1)Nc1ccc(N2CCC(F)C2)cc1	0.028334
rxn:2:135943:73112	CCC(C)[C@H](NC1CCCCc2sccc2C1)c1ccc(OC)cc1	0.028330
rxn:2:99735:98880	COc1cc2c(cc1OC)[C@H](CNC(C)c1ccc3nccn3c1C)C2	0.028322
rxn:2:130828:120800	Cc1n[nH]cc1-c1ncc(C(C)NCc2c(C)nn(C)c2N(C)C)s1	0.028313
rxn:2:71696:122290	Cc1cn2nc(C(C)NCCn3nc4c(cc3=O)COCC4)ccc2n1	0.028312
rxn:2:81959:98382	CCCOc1ccc(C(C)NC2CCc3c(OC)cc(OC)cc32)cc1	0.028310
rxn:2:135274:98659	CCc1ccccc1C(CC)NC(c1ccc2c(c1)CCO2)C(C)C	0.028303
rxn:2:91123:107741	CC(C)Cc1ccnc(CCNC(C)c2cccc3cn(C)nc23)c1	0.028294
rxn:2:114952:128865	CCn1cc([C@H]2OCCC[C@@H]2NC(c2ccccc2)c2ccon2)cn1	0.028291
rxn:2:134618:105672	COCc1cc(C(C)NCCc2ccn(C3CCCC3)n2)ccc1OC	0.028290
rxn:2:103866:137346	Cc1csc(C(NCCc2c(C)[nH][nH]c2=O)c2ccccc2)c1	0.028277
rxn:2:142151:104083	Cc1ccc(C(F)(F)CNC(C)CCC(C)c2ccccc2)s1	0.028275
rxn:2:91528:129612	CCOC(C)C(Nc1cncc(-c2ccnn2C)c1)c1ccccc1	0.028270
rxn:2:95324:80124	CC(c1ccccc1)n1ccc(NC(c2cccnc2)C(C)(C)C)n1	0.028270
rxn:2:86113:94834	CCC(NCCC1CC1c1ccc(C)nc1)C1CCCN1C1CCCC1	0.028269
rxn:2:102581:164839	COc1ccc(C(NC(C)c2cnc3nc(C)nn3c2C)C2CC2)nc1	0.028264
rxn:2:109413:101754	Cc1ccccc1C(Nc1cn(C(C)(C)C)nc1C)c1cccs1	0.028259
rxn:2:130824:103312	CCc1ccc(-n2cc(NC3CCC4(CCC(C)CC4C)CC3)cn2)cn1	0.028248
rxn:2:70255:133086	C=C=Cc1ccc(OC)c(C(C)NCCc2cccc3c2OCCC3)c1	0.028244
rxn:2:111320:75171	CC(C)CC(NC(C)c1cnn(-c2ccccc2)n1)c1cccnc1	0.028243
rxn:2:109540:107200	COc1ccc2[nH]cc(CCNC3COc4cc5c(cc43)CCC5)c2c1	0.028242
rxn:2:101304:79705	CCC(CNC(c1cncnc1)c1ccsc1)c1ccc(C)cc1	0.028239
rxn:2:114914:104272	Cc1cc(C)c2nc(CNC(CCC(C)C)c3ccoc3)cn2c1	0.028231
rxn:2:66259:123882	CC(C)N1CCC(CCNC2CCC(CCN(C)C)CC2)C(C)(C)C1	0.028228
rxn:2:128526:66495	CC(NCc1coc(C2CCCOC2)n1)c1ccc(-n2cncn2)cc1	0.028227
rxn:2:77091:110372	Cc1cc(-n2nccc2NC2CCCSc3c(C)ccc(C)c32)ncn1	0.028209
rxn:2:98350:103810	CC(NCCn1cc(CN2CCCC2)cn1)c1ccc2ncsc2c1	0.028206
rxn:2:118911:79121	CCN1CCC(CCC(C)NC(C)(C)C(F)c2ccccc2OC)C1	0.028205
rxn:2:90268:123564	CCCC(Nc1ncnc2nn(C)c(C)c12)c1ccc(C(C)C)cc1	0.028205
rxn:2:72418:82593	CCOc1c(C(C)Nc2ccccc2N2CCC(F)CC2)c(C)nn1CC	0.028196
rxn:2:125098:67917	Cc1cn(C2CCCC2)nc1NC(C)c1ccc(-c2ccnn2C)s1	0.028195
rxn:2:65828:65871	Cc1ccsc1[C@H](NC(C)c1nn(C)c2cnccc12)C1CCOCC1	0.028182
rxn:2:108544:162632	Cc1ccc(C2C(CNC3Cc4cccc5cccc3c45)C2(F)F)cn1	0.028172
rxn:2:74896:91775	Cc1cc2cc(NC(CN(C)CC3CC3)c3ccco3)ccc2o1	0.028155
rxn:2:139487:119230	CCC(N[C@H](C)c1ccc(N(CC)CC)cc1)c1cccc(C)c1	0.028142
rxn:2:99362:135683	CCCC(C)C(Nc1snnc1CSCC(C)C)c1ncco1	0.028139
rxn:2:83914:71395	Cc1nccc2c(C(C)Nn3c(C(C)C)ccc3C(C)C)c[nH]c12	0.028135
rxn:2:104037:113132	CCCCC(NCc1cn(-c2ccc(C)cc2)nn1)c1ccco1	0.028118
rxn:2:137544:129574	CCC(Nc1nc(C2CC2(F)F)cs1)c1cccc2cnccc12	0.028113
rxn:2:137944:97528	Cc1cc(C)c2c(c1)C(Nc1cccnc1-c1ccco1)CCS2	0.028111
rxn:2:68583:71654	COc1ccc2c(c1)C(NC1CC1c1csc3ccccc13)CC=N2	0.028106
rxn:2:120225:86748	Cc1cc2ccc(NC(C)c3cccc(N4CCCC4)c3)cc2n1C	0.028102
rxn:2:95187:139011	CCc1ccsc1NC(C)c1sccc1-c1ccccc1	0.028095
rxn:2:89809:85501	CCCN1C2CCCC1CC(NC1CN(C3CC3)CCC1CC(C)C)C2	0.028091
rxn:2:134240:100175	CCOc1ccc(CC(C)NC(C)c2cccc(C(C)(C)C)c2)cc1	0.028082
rxn:2:71596:131391	CCCC(CC1CCCCC1)Nc1cc(C2(C)CC(F)(F)C2)n[nH]1	0.028081
rxn:2:79516:132675	CCn1ncc(C(Nc2cn(Cc3nonc3C)nn2)C(C)C)c1C	0.028079
rxn:2:75580:111204	c1ccc2oc(C(Nc3ncn(CC4CCCCO4)n3)C3CC3)nc2c1	0.028079
rxn:2:134938:79784	COc1ccc(-c2cc(NC3CCN(c4ccccn4)CC3)sn2)cc1	0.028066
rxn:2:105173:95441	COc1cc(C(C)(C)NC(C)c2cnc3ccccc3c2)ccc1C	0.028060
rxn:2:110651:83535	Cc1ccc(C)c(C2CC2CNC(C)c2cnc(C3CCCC3)s2)c1	0.028052
rxn:2:117846:138667	CCC(C)Cn1cc(NC(C)c2ccc(-c3ncc[nH]3)cc2)cn1	0.028049
rxn:2:73504:99881	C[C@H]1CC(NCc2cccc(-c3ccsc3)c2)c2ccccc21	0.028046
rxn:2:110098:131265	CCc1nc(CN(C)C)sc1C(C)Nc1cn(-c2ccccn2)nn1	0.028036
rxn:2:118608:97067	CC(NCc1ccc(-c2nc[nH]n2)cc1)c1ccc(S(C)(=O)=O)nc1	0.028030
rxn:2:134958:118297	COc1cccc(-n2nccc2NC2CC(COc3nccs3)C2)c1	0.028028
rxn:2:119479:70186	CC(C)CCc1noc(C(C)NC(C)c2cncc3ccncc23)n1	0.028023
rxn:2:80060:102373	Cc1ccc(C2CC(Nc3nc(-c4ccccc4)sc3C)C2)s1	0.028021
rxn:2:108106:140782	Cc1cccc2c1N(C)CC(CNC(C)c1ccc(-n3cncn3)nc1)C2	0.028007
rxn:2:78693:141149	CCc1cnn(C2CN(C)C2)c1NC(c1cnn(C)c1)c1cnn(C)c1	0.028007
rxn:2:119963:82673	COc1ccc(OC(C)CNC2CCCCCC2Cn2ccnc2)cc1	0.028005
rxn:2:98735:99490	Cc1nc(NC(C)c2cnc3nc[nH]c3c2)oc1CCCC(C)C	0.027993
rxn:2:114737:71442	CC(Nc1cnnc(-c2ccccc2)c1)c1ccc(S(=O)(=O)F)cc1	0.027982
rxn:2:75387:141194	CCSC(C)C(Nc1cc(-c2nnnn2C)ccn1)c1ccccc1	0.027979
rxn:2:71550:138786	COc1ccc(NC(C)c2ccc(N3CCOCC3)s2)cc1CS(C)(=O)=O	0.027976
rxn:2:151844:99638	CC1CN(CC2CCCO2)CCC1Nc1nc2ccccc2n2nnnc12	0.027963
rxn:2:110997:95435	CCCC(NC(C)CC(CC)c1ccco1)C1CCCCC1	0.027956
rxn:2:104733:71302	CC(NC1(c2cc3n(n2)CCC3)CCCC1)c1ccc(-n2cnnn2)cc1	0.027942
rxn:2:96052:122301	Cc1ccc(CNC2CC[C@H](c3ccccc3C)C2)c(OC2CCC2)c1	0.027933
rxn:2:73587:94638	CCCC[C@H](NC(C)c1cccc(SC)c1)c1ccc(C)o1	0.027922
rxn:2:89678:71337	Cc1ccc(C(Nc2ccccc2-c2ncc[nH]2)C(C)N(C)C)cc1	0.027919
rxn:2:126452:124191	c1cc2nc(C3CC3)cc(NC3CCCCCCCCCCCC3)n2n1	0.027915
rxn:2:140812:115902	CCCn1ncc(C2CC2CNC2CCC(CC3CC3)n3nccc32)c1C	0.027913
rxn:2:106335:136237	Cc1c[nH]c2ccc(C(C)NC(C)(C)C3CCCCN3CC(C)C)cc12	0.027888
rxn:2:115526:124909	CCCCC(NCCN1CCOC2(CCCC2)C1)c1ccc(C)cc1C	0.027859
rxn:2:103028:74642	CCCC(NCC1CN(C)c2cccc(C)c2O1)C(C)(C)c1ccccc1	0.027850
rxn:2:77470:133413	Cc1n[nH]cc1-c1cnc(C(C)Nc2ccccc2CC2COC2)s1	0.027846
rxn:2:135881:131265	CCc1nc(CN(C)C)sc1C(C)Nc1cccn(COC(C)C)c1=O	0.027838
rxn:2:138103:123346	CCCN(CC1CCCC1NCc1ccc(CN(C)C)cc1)C1CC1	0.027815
rxn:2:117122:121770	CCOc1ccc(OC)c(C(C)Nc2cnccc2C(C)C(C)C)c1	0.027811
rxn:2:76976:85955	CC(NCC1Cc2ccccc2CN1C)c1ccc(-c2ccsc2)cn1	0.027785
rxn:2:138542:134774	CCC(Nc1n[nH]c(SCc2ccco2)n1)c1cccnc1C	0.027774
rxn:2:114629:117049	CCc1cc2cc(NC(CC(C)C)c3ccc[nH]3)ccc2n1C	0.027771
rxn:2:129223:113563	CCC(CC)n1ncc(C)c1NC(C)c1ccc(C23CC(C2)C3)cc1	0.027762
rxn:2:81389:151908	Cc1cc(C)n2ncc(C(C)NCCC(c3cc[nH]c3)N(C)C)c2n1	0.027758
rxn:2:130213:96209	CCC1(c2ccc(NC3CCCSc4ccc(OC)cc43)cc2)CC1	0.027747
rxn:2:72721:102302	CCCC(NCc1c2c(nn1C)CCS(=O)(=O)C2)c1ccc(COC)cc1	0.027738
rxn:2:87354:115694	CC1CCc2nc(NC(C)c3ccccc3-c3ccc[nH]3)sc2C1	0.027736
rxn:2:75719:117845	CCOc1ccccc1C(Nc1cnn(-c2cccs2)c1)C1CC1	0.027731
rxn:2:111712:79973	CCn1nnc(-c2cccc(NC3c4ccc(C)cc4OCC3OC)c2)n1	0.027713
rxn:2:89123:117551	Cc1nnc(-c2cccc(NC(C)c3ccc4c(c3C)OCCO4)c2)s1	0.027692
rxn:2:86135:117095	Cc1ccc2c(c1)OC(C)(C)CC2Nc1ccc2cnn(C(C)C)c2n1	0.027663
rxn:2:108711:107679	c1ccc(COC2CCC(Nc3cccc(-c4ncc[nH]4)c3)C2)cc1	0.027660
rxn:2:106408:129327	COc1cc(C)c(NC(C)c2c[nH]c(-c3ccccc3)n2)c(OC)c1	0.027652
rxn:2:69251:107079	Cc1ccc(C2C(CNC(C)CC3(C4CCCCC4)COC3)C2(F)F)nc1	0.027647
rxn:2:122074:120184	COCc1cccc(OC)c1C(C)NCCc1sc(C)nc1C(C)(C)C	0.027644
rxn:2:100983:108344	CCCc1cccc2c1N(C)CC2NC(C)c1c[nH]c2ccccc12	0.027643
rxn:2:72055:87319	COC(C)(C)c1ccc(CNC(C)c2c[nH]c3cc(C)cnc23)cc1	0.027630
rxn:2:124947:92254	CCOc1ccc(C(C)NCc2n[nH]c(-c3cccc(C)c3)n2)cn1	0.027628
rxn:2:113953:84746	COc1nc(C(C)NCCN2CCN(CC3CC3)C(C)C2)cn2ncnc12	0.027608
rxn:2:125429:131763	CCC1CN(C)c2cc(NC3CCc4cc(C5CC5)ccc43)ccc2S1	0.027608
rxn:2:87573:97429	Cc1ccc(C2C(CNC(c3ccccn3)c3nccs3)C2(F)F)nn1	0.027607
rxn:2:83205:111021	CCCC(CCc1ccco1)Nc1cc(C)c(-c2ncno2)s1	0.027606
rxn:2:100701:97242	CCOc1ccc(C(C)Nc2cc(COC)c3c(c2)COCO3)cc1OC	0.027604
rxn:2:100603:97161	Cc1ccc(C(NCc2cn(-c3ccccn3)nc2C)C2CC2)c(C)c1	0.027603
rxn:2:72280:70097	CCCC1(NC(C)c2cc(C)sc2C(C)C)Cc2ccccc2C1	0.027600
rxn:2:111395:130396	CCCCn1cccc(C(C)N[C@@H](CC(C)C)c2ccccc2)c1=O	0.027598
rxn:2:116602:107702	CCc1ccc(C(C)Nc2ncc(-c3ccc(C)c(C)c3)s2)cn1	0.027597
rxn:2:127112:121536	CC(C)C(N[C@@H](C)c1csc2ccccc12)c1cncnc1N(C)C	0.027594
rxn:2:116070:80457	CCN(CC)c1nc(C)c(C(C)Nc2c(OC)cnn2C2CCSC2)s1	0.027573
rxn:2:78586:136776	CCc1nc2n(c1C)C(NC(CC)Cc1nc3ccccc3o1)CCC2	0.027570
rxn:2:100852:85834	Cc1c(NC(C)c2conc2-c2ccccc2)ccc(=O)n1CC1CC1	0.027563
rxn:2:73850:118474	COc1cccc(CCC(C)Nc2n[nH]c(C)c2-c2cccnc2)n1	0.027542
rxn:2:88123:74505	CCc1ccc(OC)c(C(C)Nc2cc(-c3ccn(CC)n3)n[nH]2)n1	0.027542
rxn:2:78837:112601	c1ccc(C(Cn2ccnc2)NC2(c3cccnc3)CCCCC2)cc1	0.027539
rxn:2:103178:82051	COC(C)Cn1cc(NC(Cc2ccsc2)c2ccccc2)cn1	0.027537
rxn:2:89090:72922	Cc1ccc(C2CCCC2NCCn2cc(-c3ccsc3)cn2)cc1	0.027525
rxn:2:133141:114251	CCC(CN(C)c1ccccc1C)NCC1CC1CN1CCC(C)CC1	0.027521
rxn:2:127183:115851	CCc1ccc(C(Nc2cc(-c3cn[nH]c3)no2)C(C)SC)cc1	0.027502
rxn:2:112671:141920	Cc1ccc(-c2cccc(NC3CCCN(c4cc[nH]c(=O)c4)C3)n2)cc1	0.027495
rxn:2:124246:80083	COc1ccc(CC(C)NC2CC(c3nnc(SC)n3C)C2)cc1OC	0.027493
rxn:2:125754:124480	CC(NCC(c1ncccn1)c1cccs1)c1ccc2c(c1)CCOC2	0.027483
rxn:2:132552:112110	Cc1cnc(N2CCC(CCNC(C)c3cccc4cncnc34)C2)s1	0.027482
rxn:2:109541:79518	CCOc1ccc2c(c1)C(Nc1ccc(N(C)C)c3ccccc13)CO2	0.027482
rxn:2:88141:121501	Cc1nc(-c2ccc(NC3CCC(Sc4ccccc4)C3)cc2)no1	0.027481
rxn:2:103340:117928	COc1cc2c(cc1C)CCC[C@H]2NC(C)c1cccc2cc[nH]c12	0.027470
rxn:2:87639:93832	CCN(CC)C1(CNC2CCC3CCC2N3C(C)C)CCCCCC1	0.027468
rxn:2:93150:99165	Cc1c(C(C)Nc2cccc(OCC3CCCC3)c2)sc2ncnn12	0.027456
rxn:2:139390:102464	COc1cccc(C(NCc2cccc(-c3cnco3)c2)C2CC2)c1	0.027451
rxn:2:69546:150108	CC[C@H](NC1CCc2ccc3nc(C)oc3c21)c1ccc(C)cc1C	0.027448
rxn:2:111540:70415	Cc1cn(CC2CCOC2)nc1NC(C)c1ncc(-c2ccncc2)s1	0.027436
rxn:2:92965:114486	Cc1ccc(C(C)Nc2cnccc2Oc2ccccc2)cc1C	0.027435
rxn:2:86576:137420	COc1ccc2c(c1)CCC(F)C2NC1CCc2c[nH]c3cccc1c23	0.027433
rxn:2:88691:74816	Cc1nc(CC(C)C)c(CCNC(C)c2ccc3ccoc3c2)n1C	0.027427
rxn:2:74432:117820	CCC(CCC1CCCCC1)Nc1nnc(-c2ccc(C)cc2C)[nH]1	0.027422
rxn:2:130693:80083	CSc1nnc(C2CC(Nc3c(C)cccc3-c3ncc[nH]3)C2)n1C	0.027408
rxn:2:137282:74984	CCc1ccc(C(Nc2nnc(-n3nc(C)cc3C)nn2)C(C)(C)C)cc1	0.027403
rxn:2:131706:123882	CCC[C@H](NC1CCC(CCN(C)C)CC1)c1ccc(C)c(OC)c1	0.027394
rxn:2:125188:111111	Cc1ccc(SC(C)C)c(C(C)Nc2cn(CC3CCC3)cn2)c1	0.027389
rxn:2:107374:77187	c1cc2n(c1)-c1cc(NC3CC(c4ccc5c(c4)CCO5)C3)ccc1OC2	0.027385
rxn:2:132912:118045	CN(c1ccc(NC(CCc2cnn(C)c2)C(C)(C)C)cc1)C1CCSC1	0.027384
rxn:2:136153:85669	Cc1ccccc1[C@@H](CC(C)C)NC(C)c1cccc(CN(C)C)c1	0.027359
rxn:2:140464:113595	CC(Nc1ccc2cnccn12)c1ccnc(-n2ccnc2)c1	0.027356
rxn:2:119220:116709	CCc1cc2ncc(C(C)Nc3ccc(C4CCCCC4)nc3)cn2n1	0.027349
rxn:2:159308:124367	Cc1cc(=O)c2cccc(NC(C)c3cnccc3OCC3CC3)c2o1	0.027346
rxn:2:88934:88501	Cc1ccccc1C1C(CNC2CCCCCCCC2(F)F)C1(F)F	0.027343
rxn:2:111266:112186	Cc1cc(Cn2ccc(NC(C)c3ccn(C4CCOCC4)n3)n2)cs1	0.027342
rxn:2:76101:75962	CCC(Nc1nc(-c2ccncn2)n[nH]1)c1ccc(N(C)CC)nc1	0.027340
rxn:2:69393:110439	COCc1cccc(CCC(C)NC(C)c2nnc3cnccn23)c1	0.027338
rxn:2:92748:127795	CCOc1cc(C(C)NC(C)c2ccc(OC)c(C)c2C)ccc1OC	0.027335
rxn:2:134662:101239	Cc1noc(C(CCS(C)(=O)=O)NC(C)c2ncn3ccccc23)n1	0.027327
rxn:2:126816:89281	Cc1cccc(C)c1C(NC(c1cccnc1)c1cnccn1)C(C)C	0.027325
rxn:2:101652:112556	CCCc1c[nH]c(CCC(C)Nc2nnc(-c3ccn(C)n3)s2)n1	0.027307
rxn:2:149961:136130	c1ccc2c(c1)sc1nnc(NC3CCCCCCCCCC3)n12	0.027298
rxn:2:139822:108457	Cc1cc(C)c2c(c1)OCC2CNC(C)CCc1ccc(C(C)C)cc1	0.027292
rxn:2:112244:91784	CCOc1ccncc1CNC(CC)CSc1ccc(OC)cc1	0.027283
rxn:2:132128:137693	Cc1ccc(C)c(C(CC(C)C)N[C@H]2[C@@H]3CN(Cc4ccccc4)C[C@@H]32)c1	0.027262
rxn:2:68699:104045	Cc1cc(C)c2c(NC(C)c3cn4ccnc4s3)c[nH]c2n1	0.027255
rxn:2:95170:120210	CC(C)(C)C(CCN1CCCCC1)Nc1cc([C@H]2CC[C@H](C)CC2)no1	0.027248
rxn:2:74597:101223	CCOCc1[nH]ncc1CNC(C)c1oc2ccccc2c1CC	0.027229
rxn:2:122444:106185	CCC(NC1CCN(C2CCSC2)CC1)c1cncnc1SC	0.027226
rxn:2:75638:91073	Cc1oc2ccccc2c1C(C)Nc1ncnc2cnn(C)c12	0.027224
rxn:2:118317:166485	Cn1c2c(c3ccccc31)CCC2Nc1ccc(CN2CCCCC2)nc1	0.027206
rxn:2:135424:135879	COc1ccc(SCCC(C)N[C@@H](c2ccccn2)C(C)C)cc1	0.027203
rxn:2:142180:101312	COc1ccccc1[C@@H](CC1CC1)NC(C)c1c[nH]c2nnccc12	0.027198
rxn:2:70413:74065	CCc1c(NC(CC)C(CC)c2ccccc2)cnc2c1CCCC2	0.027196
rxn:2:127025:80634	CCn1cc(-c2noc(CNC(CC3CC3)c3ccncc3)n2)cn1	0.027194
rxn:2:99553:85268	CCC(C)n1nc(C2CC2)cc1NC(c1nccn1C)c1nccn1C	0.027188
rxn:2:69863:115902	c1cc2n(n1)C(CC1CC1)CCC2Nc1cncc(-c2ccsc2)c1	0.027170
rxn:2:137150:125826	Cc1ccc(-c2ncc[nH]2)c(NC2c3cc(C)c(C)cc3CC2C)c1	0.027169
rxn:2:135071:144172	Cc1ccc2cc(C(C)NC(C)C(C)CC3CCCCC3)ccc2n1	0.027164
rxn:2:97792:103647	CCCC(NC(C)(CC)c1nc(CC)cc(=O)[nH]1)C1CCN(CC)CC1	0.027164
rxn:2:107037:128143	CC(NCCc1cn(CC2CC2)nn1)c1ccc(-c2ccccc2)o1	0.027155
rxn:2:136089:88580	CCc1cc(OC)ccc1C(CC)Nc1cc(C2CCCC2)nc(C)n1	0.027152
rxn:2:110267:83017	Cc1ccc(CC(C)(C)CNC(C)c2ccc(C3(C)CCO3)cc2)cc1	0.027151
rxn:2:126381:90938	CCc1ccnn1-c1cccnc1NC1CC(COc2cccnn2)C1	0.027149
rxn:2:125656:96947	COc1cccc(C(CSC)NC(c2ncc[nH]2)c2ccco2)c1	0.027139
rxn:2:75631:83651	CN(CC1CCCC1NCC(F)(F)CN1CCCOCC1)CC(C)(C)C	0.027139
rxn:2:92575:121340	Cc1nc(NC(c2ccccc2)C(C)CN(C)C)nn1-c1ncccn1	0.027138
rxn:2:107863:74005	CC(C)Cc1cc(C(C)N[C@H](c2ccncc2)c2ccsc2)n(C)n1	0.027137
rxn:2:83954:133898	Cc1cc2cccccc-2c1C(C)NCCn1nc2c(cc1=O)CSCC2	0.027130
rxn:2:88203:116126	CS(=O)(=O)CC(NC(c1cccnc1)c1ccc[nH]1)c1ccncc1	0.027119
rxn:2:137381:110053	Cc1ccc2[nH]cc(C(C)Nc3nnc(N(C(C)C)C(C)C)s3)c2n1	0.027114
rxn:2:66527:123822	COc1ccc2ccc(NC(C)CC3CCOc4ccccc43)nc2c1	0.027096
rxn:2:76788:92856	CCCSc1cccc(C(C)NCc2cncc(C(C)(C)C)c2)c1	0.027092
rxn:2:130999:98856	CCCC(NCCC1CC1c1sc(C)nc1C)C1CCCCN1CC	0.027085
rxn:2:114735:74645	CCC(Nc1nnc(Cc2ccsc2)o1)c1ccc(N2CCC2)cc1	0.027084
rxn:2:122585:85766	CCC(NCc1ccccc1COC(C)C)C1CCN(CC(C)C)C1	0.027075
rxn:2:74706:101567	Cc1nnc(N2CCC(Nc3ncn(CCn4ccnc4C)n3)CC2)s1	0.027059
rxn:2:93462:86726	CCCc1ccc2c(c1)CCCC2NCc1ccc(S(=O)(=O)C(C)C)cc1	0.027049
rxn:2:88846:107943	CCC(C)n1nc(C)c(C(C)C)c1NC1CCCc2c1cnn2C(C)(C)C	0.027045
rxn:2:111271:134553	c1ccc2c(c1)-c1sccc1C2Nc1nncc2n[nH]nc12	0.027043
rxn:2:102103:126739	Cc1ccc(N(C)[C@H]2CCC2N[C@H](C)Cc2ccc(C(C)(C)C)cc2)cc1	0.027033
rxn:2:134400:134725	CSc1cnn(C(C)C2CC2)c1NC(C)c1nn(C)c2ccncc12	0.027031
rxn:2:128151:114109	CC(Nc1cn(C)nc1SC(C)(C)C)c1nccn1-c1ccccc1	0.027031
rxn:2:135370:140850	Cc1nc(-c2ncco2)oc1C(C)NCC(C)(CC(C)C)N1CCCC1C	0.027017
rxn:2:112979:134725	CCn1nc(C(C)C)c(C(C)C)c1NC(C)c1nn(C)c2ccncc12	0.027013
rxn:2:71010:69985	COc1ccc2c(c1)SCCC2NC(c1ccc(C)c(C)c1)C1(C)CC1	0.027008
rxn:2:79869:103810	CC(Nc1ncccc1OCC1CC(F)C1)c1ccc2ncsc2c1	0.026997
rxn:2:110773:113969	c1cc(NC(Cc2ccncn2)c2ccc[nH]2)cc(N2CCCCC2)c1	0.026995
rxn:2:81171:79084	Cc1cc(N(C)CC(C)C)ccc1NC1CC2C(CC1C)[C@@H]1CC[C@H]2C1	0.026984
rxn:2:84540:135690	c1cc(-c2csc(CCNC3CCCC(c4ccncc4)C3)n2)ccn1	0.026983
rxn:2:91628:69475	CCOc1cc(C(C)NC(CCSC)c2n[nH]c(=O)[nH]2)ccc1C	0.026982
rxn:2:141042:67188	CC(C)Oc1ccc(C(C)Nc2cc(CC3CC4CCC3C4)no2)cc1	0.026979
rxn:2:115308:76052	CC(C)C1CCc2nc(NC(CCc3cccnc3)C(C)(C)C)sc2C1	0.026978
rxn:2:88746:82354	Cc1[nH]c(CC(C)C)cc1CCNC(C)c1ccnc2c1ccn2C	0.026977
rxn:2:102722:114018	CCCC(N[C@H](C)c1cc2onc(C)c2cn1)c1ccc(OC)cc1	0.026960
rxn:2:146391:111768	CCC(C)CC(Nc1ccc2c(=O)n(CC)cnc2c1)c1ncccn1	0.026956
rxn:2:108597:129419	COc1ccc2c(c1)CC(C)(C)C2NCc1nc(C)c(-c2ccco2)n1C	0.026947
rxn:2:123358:99529	Cc1ccccc1C(CCN(C)C)Nc1cc(-c2ccncn2)cs1	0.026943
rxn:2:88087:122402	CCCC(C)Oc1ccc(NC(C)c2cnc3nccnc3c2)cc1	0.026941
rxn:2:96096:85444	Cc1cc(C(CCC(C)C)NC(C)c2cn(C3CCOCC3)nn2)c(C)o1	0.026940
rxn:2:134900:122065	CCCC(N[C@H]1C[C@H](c2ccccc2OC)C1)c1ccc(CC)cc1	0.026934
rxn:2:67350:98274	Cc1c(CCNC(C)c2cc(CN(C)C)cs2)c2ccccc2n1C	0.026924
rxn:2:96966:149815	Cc1nn(C)c2ncc(C(C)NC[C@H]3CCCN3Cc3ccccc3)cc12	0.026923
rxn:2:108407:92074	CCC(CCc1cccc(OC)c1)NCc1cccc2cnn(C)c12	0.026918
rxn:2:77514:96279	Cc1cc(C)cc(C(NCCc2c3c(nn2C(C)C)CCC3)C2CCC2)c1	0.026915
rxn:2:138286:105383	CCN(CC)CC1CC(C)CCC1NCc1ccc2c(c1)CCC(C)(C)O2	0.026912
rxn:2:90813:89326	Cc1cc(C)cc(-c2cc(NC(C)CCN3CCCCCC3)cs2)c1	0.026906
rxn:2:107517:101888	Cc1cccc(OCC2CC(Nc3c(C)c(-c4cnn(C)c4)nn3C)C2)n1	0.026884
rxn:2:75819:67045	CC(NCc1ccccc1OC1COC1)c1cc(-c2ccccc2)no1	0.026871
rxn:2:112710:72370	Cc1cc2ccccn2c1CCNC(C)c1cnccc1OC(C)(C)C	0.026871
rxn:2:106007:100098	COc1cccc2c1SCC(NC(C)c1cnc(-c3cccnc3)s1)C2	0.026870
rxn:2:135963:141812	Cc1ccnc([C@@H](NC(C)c2ccc(-c3ccc[nH]3)s2)C2CC2)c1	0.026870
rxn:2:69482:76276	CC(C)Sc1ccc(CNC2c3ccccc3CC2N=O)cc1	0.026838
rxn:2:134133:116709	CCc1cc2ncc(C(C)NCC3CC4Cc5nc[nH]c5CN4C3)cn2n1	0.026830
rxn:2:130693:134252	Cc1ccc(C(CCN(C)C)Nc2c(C)cccc2-c2ncc[nH]2)o1	0.026824
rxn:2:83203:100382	COc1cc(NC(C)c2cc(C(C)C)ccc2C)c(OC)c(C)c1OC	0.026821
rxn:2:133099:65889	COc1ccc([C@H](NC(C)c2cccc3cn[nH]c23)C(C)C)cc1C	0.026819
rxn:2:125323:131913	CCCC(NC1CC(C(C)C)CN(C(C)C)C1)C1CCN(CCC)C1	0.026817
rxn:2:126321:91338	CC1CCCC(n2cc(CNC(C)c3ccc(-n4cnnc4)cc3)nn2)C1	0.026817
rxn:2:90208:69777	COc1cccc2c1C(C)(C)CC2NC(c1ccccn1)c1ccccn1	0.026810
rxn:2:88207:126736	CCC(Nc1cccc(C2CCCCC2C)c1)[C@H]1C[C@@H](C)O[C@@H](C)C1	0.026800
rxn:2:98759:73441	CCC(C)CC1(CNC2CCC23CCC(C(C)(C)C)CC3)CC1	0.026797
rxn:2:117559:121192	Cc1ccccc1C(CNC(C)(C)c1c(C)cc2ccccn12)N(C)C	0.026796
rxn:2:87483:115435	CCn1cc(-c2ccc(NC3CCC4(c5nccs5)CC4C3)cc2)cn1	0.026788
rxn:2:69909:104350	CC(C)C1CCCC(CNC(Cc2ccccc2)c2ncco2)N1C(C)C	0.026781
rxn:2:66340:89258	CC(NC1(c2ncc[nH]2)CCC2(CC2)CC1)c1ccc2cn[nH]c2c1	0.026781
rxn:2:138856:117820	CCCn1nc2c(c1CNC(CC)CCC1CCCCC1)C1CC1C2	0.026767
rxn:2:83704:103363	CCCC(CN[C@@H](C)c1nc(N2CCOCC2)no1)c1ccc(OC)cc1	0.026765
rxn:2:100384:113548	Cc1noc(-c2sccc2NC(C)c2nccn3ncnc23)n1	0.026763
rxn:2:84880:107068	CCCC(Cc1nccn1C)Nc1cnn(Cc2nc(C)c(C)s2)c1	0.026749
rxn:2:84441:85111	CCCC(Nc1csc(-c2ccccc2)c1)C1CCCN(C2CC2)C1	0.026748
rxn:2:68501:75779	Cc1c(NC(C)c2ccnc3nccnc23)ccc2sncc12	0.026732
rxn:2:111826:114018	CCCC(Nc1cc(C2CCC(C)CC2)nn1C)c1ccc(OC)cc1	0.026719
rxn:2:122121:72281	Cc1csc2nc(C(C)NCc3cc4ccccc4n3C)cn12	0.026715
rxn:2:101939:113380	Cc1cc(NC2CCC(Oc3cnccn3)CC2)nn1Cc1cnn(C)c1	0.026702
rxn:2:90512:96641	CC(C)C(Nc1cnn(Cc2ccccn2)c1)c1ccc(N(C)C)cc1	0.026701
rxn:2:75788:85092	CCC(NC(CSC)c1coc2ccccc12)c1ccccc1	0.026689
rxn:2:82498:88171	CCC(CN1CC(C)OCC1CC)Nc1cn(C2CCSC2)nc1C1CC1	0.026684
rxn:2:135630:115177	Cc1c(C(C)NCC(c2ccc(N(C)C)o2)N(C)C)nnc2ccnn12	0.026670
rxn:2:67055:84421	c1ccc(CC(NC2CCCN(c3ccccc3)C2)c2ccco2)cc1	0.026668
rxn:2:102631:139451	Cc1oncc1-c1cc(C(C)NCC2CC3CCCC(C2)N3C(C)C)cs1	0.026668
rxn:2:99513:136793	CC[C@H](NC(C)c1ccc(-n2cccn2)nc1)c1ccc2c(c1)OCCO2	0.026667
rxn:2:72858:93445	COc1ccc2oc(CNCC3CCCN3Cc3ccccc3)cc2c1	0.026657
rxn:2:91571:131613	Cc1nccc2c(C(C)NC(Cc3ccccc3)C(C)C)csc12	0.026652
rxn:2:109930:78894	CC(Nc1cncc(-c2ccco2)n1)c1nc2ccccc2o1	0.026635
rxn:2:83473:127031	CCC(CNC(C)c1cnc(-c2ccoc2)cn1)Oc1ccccc1	0.026634
rxn:2:91937:115434	Cc1ccc(N2CCC[C@H]2CNC(Cn2cncn2)c2cccs2)cc1	0.026630
rxn:2:133203:86915	COc1cc2occc2cc1C(C)Nc1cnn(C2CCS(=O)(=O)C2)c1C	0.026627
rxn:2:123205:135047	CCc1ccc([C@H](CC(C)C)NC2c3cc(C)ccc3C[C@@H]2C)cc1	0.026623
rxn:2:76864:75075	COC(CNC(CC1CN2CCC1CC2)C(C)C)C1CCC(F)(F)CC1	0.026612
rxn:2:102175:69583	Cc1c(C2CCCOC2)nn(C)c1NC(C)c1onc2[nH]c(=O)[nH]c12	0.026610
rxn:2:162533:141207	c1cc2c([nH]1)COCC2Nc1nc2ccc3scnc3c2s1	0.026606
rxn:2:124671:115356	COCCN(C)c1ccncc1NC(C)CC(C)c1ccc(OC)cc1	0.026596
rxn:2:80104:94829	CCOc1cccc(CC(CC)NCc2nnn(C(C)C)c2C2CC2)c1	0.026595
rxn:2:74523:67250	Cc1cc(C)cc([C@H](CC(C)C)NC(C)c2ccc3cn[nH]c3n2)c1	0.026594
rxn:2:124951:73619	CSc1cccc(C(C)Nc2cc(-c3ccncc3)ccc2C)n1	0.026587
rxn:2:126277:121272	Cc1ccc(-c2n[nH]c(NC3c4ccccc4CC3CN(C)C)c2C)s1	0.026582
rxn:2:111897:135929	COc1cccc(CC2(NC(C)c3sc(CC4CCC4)nc3C)CC2)c1	0.026570
rxn:2:66882:109672	Cc1nc(-c2ccccc2NC(CCC(C)(C)C)C(C)(C)C)oc1C	0.026557
rxn:2:75965:67040	CCC(CSc1nc(C)cc(C)n1)NC1(C2CC2)CCCOC1	0.026529
rxn:2:82291:118280	COc1cc2c(cc1CNC(CC1CCCC1)c1cccnc1)CCCC2	0.026519
rxn:2:168498:129162	CCSCC(Nc1cnn(-c2ccn(C)c(=O)c2)c1)c1ccc(C)cc1	0.026515
rxn:2:96098:105101	CC(NCc1cccc(N2CCCC2)n1)c1ccc(-c2ccc[nH]2)cc1	0.026507
rxn:2:97519:119451	CCCn1c(C)nc2c(NC(C)c3nn(C)c(OC)c3CC)cccc21	0.026495
rxn:2:128474:94314	CCCN(CC)C1CCCCC1NC(C)c1csc2c(C)cccc12	0.026492
rxn:2:98071:86726	CCCc1ccc2c(c1)CCCC2Nc1nc(CC)nc2c(C)n(C)nc12	0.026489
rxn:2:133768:75659	CN(C)CCCC(NCC1(CS(C)(=O)=O)CC(F)(F)C1)c1cccs1	0.026488
rxn:2:140838:120817	CCc1nn(CC)c2c1C(NCc1nnc(-c3cccc(C)c3)o1)CCC2	0.026488
rxn:2:109353:126938	c1ccc(CC2CCC(N[C@H]3CC[C@@H](c4ccccc4)CC3)CC2)cc1	0.026478
rxn:2:79826:100235	Cc1ccc2oc(C(C)Nc3cc4[nH]c(=O)ccn4n3)cc2c1	0.026477
rxn:2:122670:105066	CCC(NCc1cccc(-c2ncccn2)c1)c1ccc2c(c1)OCCO2	0.026464
rxn:2:107306:90475	CC(CCc1ccc(C2CC2C)o1)NCCN1CC[C@H](N(C)C(C)C)C1	0.026464
rxn:2:68944:104083	CC(CCC(C)c1ccccc1)N[C@@H](c1ccc2c(c1)OCO2)C1CC1	0.026456
rxn:2:94295:84275	Cc1cc(CCNC2c3ccccc3OC3(C)CC23C)c2ccccc2n1	0.026454
rxn:2:78248:117303	CCOC1(CNC(CCc2ccccc2)C(C)(C)C)CCCC1(C)C	0.026443
rxn:2:115750:84803	CC(CCn1cnc2ccccc21)Nc1ccc(N2CCCCC2C)nn1	0.026430
rxn:2:141728:118063	Cc1cn2ncnc2c(C(C)Nc2cc3cc[nH]c3nc2C)n1	0.026427
rxn:2:138902:136955	CSc1cccc2c1OCCC2Nc1cnn(-c2cnc(C)cc2C)c1	0.026425
rxn:2:87639:76716	CCc1ccc2c(c1)C(NCC1(N(CC)CC)CCCCCC1)CCO2	0.026407
rxn:2:70949:110372	CCCOc1cccc2c1OCC2NC1CCCSc2c(C)ccc(C)c21	0.026399
rxn:2:69225:126334	CCn1nc(CNC2CCN(CCc3cccs3)CC2)c2ccccc21	0.026393
rxn:2:78942:130245	COc1c(NC(c2cccc(C)c2C)C2(C)CC2)ccn2ncc(C)c12	0.026386
rxn:2:123341:117415	CCc1ccc(C(CC2CC2)Nc2ccccc2-c2nnco2)s1	0.026385
rxn:2:127232:67045	CC(Nc1csc(N(C)CC2CC2)n1)c1cc(-c2ccccc2)no1	0.026370
rxn:2:78063:92669	CC(NCc1cncc2cnccc12)c1cc2[nH]ccc2cn1	0.026369
rxn:2:85597:125079	Cc1nc(C)c(C(CCN(C)C)Nc2cc(N3CCCCC3)ccc2C)s1	0.026361
rxn:2:76718:65889	CC(Nc1ccn(-c2ccncn2)n1)c1cccc2cn[nH]c12	0.026320
rxn:2:109540:89091	COc1ccc2[nH]cc(CCNC(C)c3cnn(C4CCOC4)c3)c2c1	0.026296
rxn:2:109680:105516	CCn1nc(-c2ccsc2)cc1NC(C)c1ccc(C)n(COC)c1=O	0.026295
rxn:2:76557:103740	Cc1cc(=O)n(CC2CCC2)cc1NC(c1cc[nH]n1)c1sccc1C	0.026291
rxn:2:122725:135691	CCOc1ccccc1[C@@H](NC(C)c1cnc2cc[nH]cc1-2)C1CC1	0.026278
rxn:2:106686:96757	CC(C)SC(C)C(NC1CC(C2CCCCC2)C1)c1ccccc1	0.026273
rxn:2:116925:101715	CCn1nc(-c2ccccn2)cc1NC(C)c1cccc(S(C)(=N)=O)c1	0.026261
rxn:2:121909:122119	Cc1ccc(N2CCCCC2)c(NC2CCc3cc(C(C)C)ccc3C2)c1	0.026260
rxn:2:99055:140528	COc1cc2c(cc1C)C(NCCc1cc(-c3cccnc3)on1)CCC2	0.026254
rxn:2:85530:131601	CCCCC(NC(c1ccc(OC)cc1C)C(C)C)c1ccoc1	0.026237
rxn:2:69758:131500	COCC(Nc1nc(SC)nc2c1CCCC2)c1ccc(C)cc1	0.026228
rxn:2:106698:138649	COc1c(NC(c2cc(C)ccc2C)C(C)C)cc2c(c1C)CCCC2	0.026209
rxn:2:120372:101722	Cc1cc(NC(C)c2ccc(-n3ccnn3)cc2)ccc1OCC1CC1	0.026194
rxn:2:122116:85385	Cc1cccc(C2CCCCC2NCCc2cnn(-c3ccccc3)n2)c1	0.026179
rxn:2:124098:70772	CCC(NC(c1cccc(C)c1)C1CCC1)C1CC1c1ccccc1	0.026168
rxn:2:94453:121751	Cc1cc2cc(NC(C)c3ccc4nc(C)[nH]c4c3)ccn2n1	0.026141
rxn:2:91561:119158	CCc1ccc2c(c1)C(NC(c1ccc(C)cc1)C1CCCC1)CCN2C	0.026141
rxn:2:128095:72538	Cc1ccc(C(C)(C)CCNC(COC(C)C)c2cccn2C)c(C)c1	0.026118
rxn:2:66412:136989	CSc1ccc(C(C)NCc2nc3ccccc3n2C(C)C)cc1	0.026117
rxn:2:120586:132465	Cn1cncc1C(Nc1cnnc2ccccc12)c1ccccn1	0.026113
rxn:2:95324:91116	Cc1csc(C(Nc2ccn(C(C)c3ccccc3)n2)C(C)C)c1	0.026112
rxn:2:132818:91440	CC(C)COc1ccc(C(C)NCCc2ccc(S(=O)(=O)F)s2)cc1	0.026111
rxn:2:140063:102518	CC1CCN(c2cccc(NC(C)c3cccc4scnc34)c2)CC1	0.026110
rxn:2:93439:102686	CCc1cc(NC2CCC(C)(C)CC(C)(C)C2)ccc1OC(C)C	0.026105
rxn:2:109452:140837	CCCC(CCC1CCCC1)NCC1(OC)CCC(C)CC1C	0.026080
rxn:2:115473:117522	CCc1ccc2c(NC(C)c3cc(C)c4nccn4c3)ncnn12	0.026073
rxn:2:88074:104433	Cc1occc1C(Nc1ccc2cn(C)nc2c1)c1nccn1C	0.026065
rxn:2:86955:79309	CC(C)c1csc(C(NC2CCC2OCc2ccccc2)C(C)(C)C)n1	0.026062
rxn:2:135907:82411	Cc1ccc(C2CCCCC2)cc1NC1CCN(Cc2cccs2)CC1	0.026061
rxn:2:112446:126677	Cc1ccn2nc(NC(c3ccccn3)c3nccn3C)nc2c1	0.026041
rxn:2:103233:114159	CCC(CC1CCCN(CC)C1)NC(C)c1csc(-c2ccncc2)c1	0.026029
rxn:2:126483:113658	CCc1nc(C2CC2)c(C(C)NCc2cc(-c3cccnc3)ncn2)s1	0.026027
rxn:2:98239:134014	Cc1cc(C(C)Nc2ccc(SC(C)(C)C)cc2)c(C)n1C1CC1	0.026010
rxn:2:95525:97612	CCc1ccc(C(CC)NC(C)c2ncc(-c3cccnc3)[nH]2)cc1	0.026004
rxn:2:112374:117136	CCCC(CCc1ccccc1C)Nc1cc(C(C)(C)CC)on1	0.025999
rxn:2:100110:164059	Cc1cc(NC2CCCc3oc4ccccc4c32)nn1CCC1CCOC1	0.025995
rxn:2:133020:95781	Cc1cc(C)c2c(c1)N(CCNC(C)c1nc(-n3ccc(C)n3)cs1)CC2	0.025993
rxn:2:133210:120359	CCN(c1ncc(C(C)NC(C)c2cc(C)c3ncnn3c2)s1)C(C)C	0.025974
rxn:2:100218:93660	CCC(Cn1ccnc1C(C)C)NC(CCC(C)(C)C)c1cscn1	0.025973
rxn:2:118932:72012	Cc1sc2ccccc2c1NC(CCS(=O)(=O)F)c1ccccc1	0.025971
rxn:2:105502:80220	COCCc1nc(C)c(C(C)NC(C)(C)CN(C)Cc2ccccc2)s1	0.025969
rxn:2:84785:86769	CCC(CNC(CC)c1cnc2ccccc2c1)CN1CCCC(F)(F)C1	0.025967
rxn:2:76957:122143	CC1CCC(NC(C)c2ccnc3occc23)C(Cc2cccs2)C1	0.025963
rxn:2:134889:83017	COc1ccsc1-c1n[nH]c(NC(C)c2ccc(C3(C)CCO3)cc2)n1	0.025955
rxn:2:78512:135854	Cc1csc2sc(C(C)NC(C)c3cnn(C(C)(C)C)c3)c(C)c12	0.025946
rxn:2:136729:75851	CCCCC(NCCc1cc(C)c(OCC)cc1C)c1ccncc1	0.025937
rxn:2:129686:136306	CC(Nc1nc(-c2ccccn2)no1)c1cncc2cn[nH]c12	0.025936
rxn:2:82281:93827	CCC(CNC(C)c1nccc2cn[nH]c12)Sc1cccc(C)c1	0.025932
rxn:2:129462:98289	CCCC(C)n1nc(C)c(NC(C)c2cccc(-n3cncn3)c2)c1C	0.025928
rxn:2:82741:70540	CCCC(Cc1cccc(OC)c1)Nc1ccnc(N2CCCC(C)C2)c1	0.025927
rxn:2:130999:133925	Cc1nc(C)c(C2CC2CCNC2CCC(CC3CCCC3)CC2)s1	0.025860
rxn:2:109612:121761	CSc1ncc(C(C)Nc2ccnc3cnccc23)c(=O)[nH]1	0.025856
rxn:2:105053:126333	Cc1ccc2cncc(NC(C)c3cn(C)c4cnccc34)c2n1	0.025849
rxn:2:89038:96629	CCSc1ccc(C(C)CNCC(CC)c2ccccc2)cc1	0.025832
rxn:2:73821:95954	Cc1cc(OCC(C)NC(C)c2sc(-c3ccco3)nc2C)cc(=O)o1	0.025809
rxn:2:120166:91141	CCCC1(CCC)CCC(Nc2cnn(C(C)C)c2OCC)CC1	0.025802
rxn:2:87352:120359	CCSc1nnc([C@@H](NC(C)c2cc(C)c3ncnn3c2)C(C)C)o1	0.025797
rxn:2:73469:83298	Cc1cc(C)c2[nH]cc(CCNC3CCCc4c3c(C3CC3)nn4C)c2c1	0.025790
rxn:2:96046:84288	Cc1sc2nc(CC3CC3)oc2c1NC1CCCC2(CCC[C@H](F)C2)C1	0.025785
rxn:2:69388:87122	CCC(Nc1cc(N(C)CCOC)ncn1)c1cn(C)c2ccccc12	0.025781
rxn:2:99799:133167	CCCN(CCC)C1CCC(Nc2ncc(SC(C)C)s2)CC1	0.025781
rxn:2:95315:74748	C[C@@H](NC(CCOc1ccccc1)C1CC1)c1cc2cn(C)nc2cn1	0.025770
rxn:2:121972:115620	COc1cccc2c1CCCCC2Nc1c(C)c(C(C)C(C)(C)C)nn1C	0.025770
rxn:2:124007:163150	Cc1cnc2cc(C(C)Nc3nnc4nc(C)cnn34)ccc2n1	0.025767
rxn:2:72524:103455	COc1cnc2nc(CCNC3CCCC3c3ccccc3OC)cn2c1	0.025766
rxn:2:93172:76134	CCCCC(Nc1nc(Cc2ccc(C)cc2)no1)C1CCOC(C)(C)C1	0.025764
rxn:2:71229:107759	COc1ccc2c(c1)C(Nc1cccc3c1ccn3C(C)C)CCCO2	0.025740
rxn:2:85570:127886	CC(NCc1cnc2ccccc2c1)c1cccc2ccnnc12	0.025738
rxn:2:98251:122402	Cc1cc2ccc(NC(C)c3cnc4nccnc4c3)cc2cn1	0.025732
rxn:2:113578:68605	COCCC(NCc1cc2cccnc2nc1C)c1ccc(OC)cc1	0.025716
rxn:2:107852:111286	Cc1cc(C(F)(F)CNC(Cc2ncc[nH]2)c2ccc(C)o2)cc(C)n1	0.025715
rxn:2:122589:134530	CCS(=O)(=O)c1ccc(CNC(C)c2cnc(-c3cccs3)s2)cc1	0.025693
rxn:2:116104:66756	Cc1nn(C)c(NC(C)c2cc(C3CC3)nn2C(C)C)c1-c1cccnc1	0.025676
rxn:2:104605:133925	CC1(C)CCc2nc(CCNC3CCC(CC4CCCC4)CC3)sc2C1	0.025667
rxn:2:110572:65982	CC(C)CC1(CC(C)NCCC2CC(C)(C)C2)CCCCC1	0.025660
rxn:2:79347:68815	Cc1cc(C)c2cc(NC3CCCC3CCc3ccccc3)cnc2n1	0.025655
rxn:2:110592:126000	Cc1ccccc1SC(C)CC(C)NC(CCN(C)C)C(C)(C)C	0.025644
rxn:2:136572:82673	Cc1ccc2nc(NC3CCCCCC3Cn3ccnc3)cc(C)c2c1	0.025629
rxn:2:97219:124879	CCCc1ncc(CCNC(CC)c2cc(CC)ccc2CC)s1	0.025626
rxn:2:116106:141514	COc1cncc2ncc(C(C)Nc3ncnc4sc(C)cc34)n12	0.025604
rxn:2:81402:126140	COc1ccccc1C(CNc1c(C)cc(C(C)C)cc1C)C(C)C	0.025601
rxn:2:120470:89212	CC1CCCC(Cn2ccnc2NC(c2cccnc2)c2ccccn2)C1	0.025601
rxn:2:115234:101621	CCCC(NCCC1(N(C)C)CCSCC1)c1cccc(SC)c1	0.025600
rxn:2:88515:133110	Cc1ccc(NC(CCC(C)C)c2cc(C)oc2C)c(OC(C)C)n1	0.025600
rxn:2:85152:88250	CCn1ccnc1C1CCC(Nc2cccc(-c3sccc3C)c2)C1	0.025597
rxn:2:113538:101091	CCSCC(NCC1CC1c1ccc(C)nc1C)c1ccc(C)c(C)c1	0.025596
rxn:2:100507:133030	Cc1occc1-c1[nH]nc(NC2CCc3cc(OC(C)C)ccc32)c1C	0.025586
rxn:2:139238:120112	COc1ccc(C2CCC(NCc3cc(C(C)C)oc3C(C)C)C2)cc1	0.025581
rxn:2:111933:104766	CCc1cc(C)cc(C(CC)NCCc2ccc3occc3c2)c1	0.025569
rxn:2:111059:140782	CC(NCCc1nn(C(C)C)c2c1COC2)c1ccc(-n2cncn2)nc1	0.025565
rxn:2:116554:86949	Cc1ccc(C)c([C@H](CC2CC2)NC(c2ccnn2C(C)C)C2CC2)c1	0.025559
rxn:2:141898:129967	CCc1ccccc1C(NCC1(N(CC)CC)CCN(C)CC1)C1CCC1	0.025557
rxn:2:71935:155933	CC(NCc1cnc(CS(C)(=O)=O)nc1)c1ccc2c(=O)[nH]cnc2c1	0.025550
rxn:2:72508:72272	Cc1ccccc1C(Nc1nccn1CCC1CCCCC1)C(C)N(C)C	0.025529
rxn:2:138315:119540	Cc1ccccc1CCC(Nc1ccc(O[C@@H]2CCOC2)cc1C)C1CC1	0.025516
rxn:2:73862:110542	Cc1nc(-c2cnco2)oc1C(C)NCC(C)C1c2sccc2CC1C	0.025506
rxn:2:90947:130246	Cc1nc(Sc2nnc(C)o2)c(NC2COc3c2cccc3C(C)(C)C)[nH]1	0.025470
rxn:2:72307:67554	CCOc1cccc(C(NCc2csc(C(C)OCC)n2)C(C)C)c1	0.025457
rxn:2:95460:100382	Cc1cc2cccc(CNC(C)c3cc(C(C)C)ccc3C)c2cn1	0.025439
rxn:2:66047:118670	CCn1ncc(NC(C)CCc2cccc(C)c2C)c1C1CCCCC1	0.025433
rxn:2:74055:123346	CCCN(CC1CCCC1NCc1cnc(C2CCCCC2)nc1)C1CC1	0.025423
rxn:2:122475:129379	CCCOc1cccc(C(CC)Nc2cc(-c3nccn3C)nn2C)c1	0.025390
rxn:2:77830:138523	COc1cc2c(cc1C)[C@@H](NC(c1ccccc1C(C)C)C(C)C)CCO2	0.025386
rxn:2:123283:118597	CCC(COC1CCCC(C)C1)NCC(F)(F)c1ccc(C)c(OC)c1	0.025383
rxn:2:108340:132057	CSc1cncc(C(C)NCC(C)c2cccc3ccccc23)c1	0.025382
rxn:2:88402:85337	CCC(C)C(Nc1nc(-c2ccc[nH]2)cs1)c1ccccc1OC	0.025381
rxn:2:107852:76127	Cc1cc(C(F)(F)CNC(CSC(C)C)c2cc(C)[nH]c2C)cc(C)n1	0.025368
rxn:2:82936:106473	CC(C)c1ccc(C(Nc2cc(-c3cc[nH]n3)ccn2)C(C)C)cc1	0.025359
rxn:2:122333:125312	CCN(CC(C)C)CC1CCCC1NC1CCCC1c1nc(C(C)C)no1	0.025343
rxn:2:69196:83154	CCC(OC)c1ccc(C(C)Nc2cc(CN3CCCC3C)ccn2)cc1	0.025316
rxn:2:113108:115113	CCC(CC)c1cc(NC(C)c2cc3c(C)cccc3s2)[nH]n1	0.025297
rxn:2:135949:129015	CSc1nc2nccc(NC(C)c3ccc4nccn4c3)n2n1	0.025289
rxn:2:85463:108498	CCCC(Nc1c(C)cc(OC(C)C)nc1C)C1CCN(C(C)CC)C1	0.025265
rxn:2:115703:125887	Cc1cccc([C@H](CC2CC2)NC(c2cc(C)sc2C)C(C)C)c1	0.025238
rxn:2:128031:163780	Cc1ccc2nc3n(c2c1)CCC3Nc1nc(CC2CCCCC2)c(C)[nH]1	0.025234
rxn:2:97395:87510	Cc1nc2cccc(C(C)NCCn3cnc4ccnnc43)c2s1	0.025228
rxn:2:136882:83009	CC(Nc1ncn(Cc2cncn2C)n1)c1cc2ccccc2s1	0.025224
rxn:2:113885:66846	Cc1nc[nH]c1C1C(CCNC2c3ccccc3-c3[nH]ncc32)C1(F)F	0.025217
rxn:2:124254:95544	CC(C)SC[C@@H]1CC[C@H](NC(c2cccc(C3CC3)c2)C(C)C)C1	0.025216
rxn:2:92124:87496	CCC(Nc1ccccc1OC(C)COC)c1cccc(S(=O)(=O)F)c1	0.025210
rxn:2:139922:90181	FC1(F)OC(F)(F)c2cc(NC(c3ccccc3)C3CCCC3)ccc21	0.025209
rxn:2:83619:122000	Cc1ccc([C@@H]2CC(Nc3c(C(C)(C)C)c(C)nn3C(C)C)C[C@H](C)O2)s1	0.025198
rxn:2:120257:83605	Cc1ccnc(OCC2CC(Nc3ccc4[nH]c(C(C)(C)C)nc4c3)C2)c1	0.025197
rxn:2:99255:149188	CC(NC(c1ncc(C(C)(C)C)[nH]1)C(C)C)c1c[nH]c(=O)c2nccn12	0.025194
rxn:2:126464:124848	CCCC(Cc1ccccc1OC)Nc1ccnc(-c2ccncc2)n1	0.025186
rxn:2:85418:72893	CCc1ccc(C(CSC)Nc2cnn(-c3ccccc3)c2C)cc1	0.025183
rxn:2:119442:101852	CSc1cc(C)cc(C(C)NCc2ccc(-n3cc(C)cn3)cc2)c1	0.025178
rxn:2:133235:120189	CCCCC1CC(Nc2cc(-c3ccsc3)ccc2C)C12CCC2	0.025178
rxn:2:132389:77004	COc1nc(SC)ncc1C(C)Nc1[nH]ncc1C1CCCCC1	0.025156
rxn:2:102264:73579	Cc1ccc(-c2ccnc(NC(C)CC(C)SC3CCCCC3)n2)s1	0.025153
rxn:2:111799:137859	CC(Nc1cn[nH]c1-c1cnccn1)c1cc2ccccc2n1C	0.025151
rxn:2:127398:95441	CC(NCc1cccc2[nH]c(=O)oc12)c1cnc2ccccc2c1	0.025149
rxn:2:71883:145001	Cc1ccc2[nH]c(C(C)Nc3ccncc3N(C)C3CCC3)c(C)c2c1	0.025146
rxn:2:115676:84005	COc1ccc2[nH]nc(C(C)Nc3cnc4ccn(C)c4c3)c2n1	0.025144
rxn:2:85093:118386	Cc1nc(NC(C)c2ccccc2N(C)C(C)C)cc(-c2cnoc2C)n1	0.025141
rxn:2:134862:94917	CC(Nc1snnc1COCc1ccco1)c1ccnn1CC1CC1	0.025140
rxn:2:80456:133618	CN(C)CCC(Cc1ccccc1)NCc1c[nH]nc1-c1ccoc1	0.025132
rxn:2:137306:86666	O=c1[nH]c(CNC(c2c[nH]c3ncccc23)C2CC2)nc2c1COCC2	0.025116
rxn:2:127727:136776	CCC(Cc1nc2ccccc2o1)Nc1ncc(CC2CCOCC2)s1	0.025113
rxn:2:108363:119200	CCc1c(NC(c2cncnc2)c2ccccn2)cnn1CCC(C)(C)C	0.025110
rxn:2:117759:129032	C[C@@H](NC1CCCCCCCCCCC1)c1ccc(N2CCCC2)cc1	0.025101
rxn:2:119021:71323	CC(Nc1ncc(-c2ccccn2)cn1)c1ccc2nscc2c1	0.025098
rxn:2:73256:102082	COc1nc(C(C)Nc2cc(C)n(Cc3ncccn3)n2)c(OC)nc1C	0.025081
rxn:2:123505:75774	CCc1ccc2[nH]nc(C)c2c1NC(C)c1cn2ccnc2cn1	0.025081
rxn:2:125767:91932	CCCCC(NC1CC1C1CCCCCC1)c1ccccc1OC	0.025072
rxn:2:71978:111113	CCC(CSc1n[nH]c(=O)n1C)NC1CCOC1c1ccc(=O)[nH]c1	0.025068
rxn:2:130092:100649	CCC(C)(C)C(Nc1ccc(-c2cncn2C)cn1)c1cccc(C)c1	0.025005
rxn:2:93640:101216	CCCOc1cccc(C(C)NC(C)c2cc3ccccc3cn2)c1	0.024996
rxn:2:136879:82042	CCc1nn(C(C)CC)cc1NC(c1ccc(SC)cc1)C(C)C	0.024989
rxn:2:125452:68240	Cc1n[nH]c2nc(NC(C)c3ccccc3-n3cncn3)ncc12	0.024964
rxn:2:80166:141760	Cc1cnc2[nH]nc(NC(C)c3cnnn3-c3ccccc3)c2n1	0.024964
rxn:2:99266:110901	Cc1cccc2[nH]cc(C(C)NC(C)c3cccn4cnnc34)c12	0.024959
rxn:2:153002:84327	CC(Nc1cccc2c(=O)[n-][nH]c(=O)c12)c1cccc2nccn12	0.024946
rxn:2:93413:99603	CCCc1nc2c([nH]1)C(NC1CCCCC1C1CCCCC1)CCCC2	0.024927
rxn:2:94893:98685	CSC(C)(CC(NCC(F)(F)c1ccc2[nH]ncc2c1)C1CC1)C1CC1	0.024922
rxn:2:124540:108255	COc1cc(C(NCC(c2cnccn2)c2ccc[nH]2)C(C)C)ncn1	0.024920
rxn:2:135950:117300	COc1cccc2c1OCCCC2NCc1cn(C(C)C)c2ccccc12	0.024919
rxn:2:74002:123015	Cc1cc2c(cc1C)C(Nc1cc(-c3cnccn3)ccc1C)CCS2	0.024903
rxn:2:102703:76255	CC(NCc1ccc2c(c1)CN(C(C)C)C2)c1ccc(-c2c[nH]cn2)cc1	0.024900
rxn:2:86694:110041	CC(Nc1nccc2cn(C)nc12)c1csc(-c2ccsc2)c1	0.024893
rxn:2:119915:118273	COc1ccc2c(c1)CC(NCCc1nc(-c3cnccn3)no1)CCC2	0.024891
rxn:2:110787:85817	CCc1cccc(C(CC(C)C)Nc2nn(C(C)C(C)C)cc2C)c1	0.024877
rxn:2:114133:77307	CC(CCCN1C(C)CCCC1C)NCCc1nc(Cn2cccn2)n[nH]1	0.024799
rxn:2:69525:140197	CCC(C)c1cccc2sc(NC3CCCc4c3cnn4C3COC3)nc12	0.024795
rxn:2:129830:113269	CC(C)CSc1cccc(C(C)Nc2nnc(-c3cncnc3)[nH]2)c1	0.024785
rxn:2:120510:105110	CCCCC(NCc1c(-c2cnccn2)n[nH]c1C)c1ncccc1C	0.024768
rxn:2:90547:121046	CSc1ccc(C(CC(C)C)NCc2cnn(CC3CCC3)c2)cc1	0.024763
rxn:2:83997:116641	COc1cc(CNC2CCC[C@@H](c3ccccc3)C2)cc2ccccc12	0.024755
rxn:2:80158:81832	Cc1cncc2ncc(C(C)Nc3ncnnc3-c3ccccc3)n12	0.024753
rxn:2:94996:136955	CSc1cccc2c1OCCC2Nc1nnc(-c2ccnn2C(C)C)s1	0.024751
rxn:2:72251:101799	CCc1nc2cccc(C(C)Nc3ccn(CC4(C(C)C)COC4)n3)c2o1	0.024744
rxn:2:120421:139590	CSc1cc(CNC(c2ccccc2)C(C)SC)cc(C2CC2)c1	0.024731
rxn:2:81521:89226	COc1cccc2nc(NC(C)c3cnc4c(ccn4C)n3)cnc12	0.024712
rxn:2:107089:134128	Cc1nc(-c2cccs2)sc1CNC(C)c1ccc2nnnn2c1	0.024705
rxn:2:71392:101185	COc1cc2nc(NC(c3ccc4c(n3)CCC4)C3CC3)sc2cc1OC	0.024705
rxn:2:124855:113548	Cc1nc2cc(NC(C)c3nccn4ncnc34)ccc2n1C(C)C	0.024696
rxn:2:142016:135691	Cc1nccc2cc(CNC(C)c3cnc4cc[nH]cc3-4)ccc12	0.024685
rxn:2:88894:126333	CCC(C)n1ncc(CC(C)C)c1NC(C)c1cn(C)c2cnccc12	0.024681
rxn:2:130496:120048	Cc1ccc(NC(C)c2cc(-c3cccnc3)no2)c2c[nH]nc12	0.024663
rxn:2:108902:127886	Cc1nc2ncnc(NC(C)c3cccc4ccnnc34)c2nc1C	0.024659
rxn:2:77725:100663	CCc1ccc(C(NCC2(CC(C)C)CCCCC2)C2CC2)cc1	0.024653
rxn:2:112144:88675	CCCC(CCc1cccc(C)c1)NC1CCOc2cc(OC)c(C)cc21	0.024651
rxn:2:85710:125079	Cc1nc(C)c(C(CCN(C)C)Nc2cnn(C(C)C)c2C2CCCC2)s1	0.024641
rxn:2:74918:117337	CSc1ncc2c(n1)CCCC2NCc1n[nH]c2ncccc12	0.024637
rxn:2:102284:164463	CC(NCc1cnc2c(c1)nnn2C)c1cc2ccccc2c(=O)o1	0.024635
rxn:2:151760:115356	COc1ccc(C(C)CC(C)Nc2nc(=O)nc(-c3cn(C)cn3)[nH]2)cc1	0.024633
rxn:2:92556:101305	CCCC(Nc1nc2cc(C(C)(C)C)ccc2o1)C1CCCN1CC(C)C	0.024629
rxn:2:73853:139011	CCC(C)n1nc(NC(C)c2sccc2-c2ccccc2)cc1C	0.024623
rxn:2:97781:166778	Cc1nc2ccccc2cc1C(C)NCc1cccnc1C1CC(F)(F)C1	0.024619
rxn:2:105897:81238	CC(C)c1ccc2c(c1)CCC2Nc1ccc(Cc2nccs2)cc1	0.024617
rxn:2:69005:78003	COc1cccc2ncc(NC(C)c3nccc(SC)n3)cc12	0.024615
rxn:2:96755:84776	CC(N[C@@H](C)COCc1ccccc1)c1cccc(-c2cscn2)c1	0.024588
rxn:2:109247:150645	Cc1cnc2cccc(NC(C)c3ncn4c(=O)n(C)nnc34)c2c1	0.024577
rxn:2:98751:125679	CSCC(NCCn1nnc2ccsc2c1=O)c1ccc(N(C)C)cc1	0.024576
rxn:2:87614:82577	COc1ccc([C@H](NC(C)c2csc(-c3ccccc3)n2)C2CC2)cn1	0.024570
rxn:2:74099:118585	c1cnc(-c2n[nH]c(CNC3c4ccsc4-c4sccc43)n2)cn1	0.024555
rxn:2:124415:102520	COc1ccc(C)cc1C(Nc1ccccc1OCC(C)(F)F)C(C)C	0.024551
rxn:2:126835:85766	CCC(NCC(C)(COC)N1CCCCC1C)C1CCN(CC(C)C)C1	0.024548
rxn:2:86216:102287	Cc1sc2ccccc2c1C(C)N[C@@H](C)c1nnc2ccccn12	0.024541
rxn:2:91250:108344	COc1ccc2nc(NC(C)c3c[nH]c4ccccc34)ncc2c1	0.024539
rxn:2:115162:103301	CCCC(NCC1CN(CCC)C(C)(C)C1)c1cccc(C(C)C)c1	0.024529
rxn:2:72201:77101	Cc1ccc2c(c1)C(C)(C)CC2Nc1nnc(SCc2nnc(C)o2)s1	0.024528
rxn:2:69288:117303	CC(C)(C)C(CCc1ccccc1)Nc1cc(CC2CCCCC2)no1	0.024528
rxn:2:138105:66745	C=C=Cc1ccc(C(CC)Nc2nc(C)nn2-c2ccc(C)nn2)c(C)c1	0.024526
rxn:2:130117:90732	Cc1cccc(-c2cc(NC3CCSc4ccc(C(C)C)cc43)n[nH]2)n1	0.024496
rxn:2:66967:127860	CCCc1ccc(CNC(C)CCc2nc3ccccc3[nH]2)c(C)c1	0.024492
rxn:2:92834:129311	CCn1ccnc1-c1noc(CNC2CCCCC2Sc2ccccc2)n1	0.024483
rxn:2:70263:105785	Cc1ccc(-c2csc(NC3CC4(CCC4)Oc4ccccc43)n2)s1	0.024477
rxn:2:127754:91871	CC(N[C@@H](c1ccc2[nH]ccc2c1)C1CC1)c1ccnn1C1CCCC1	0.024473
rxn:2:86594:134821	CCCc1nc(NC(CSC)c2ccc3c(c2)OCO3)c2cn(C)cc2n1	0.024437
rxn:2:138784:129327	Cc1cccc(CC2(CNC(C)c3c[nH]c(-c4ccccc4)n3)COC2)c1	0.024435
rxn:2:71014:137899	CCC(Nc1nc(C)nc2[nH]ccc12)c1ccc2cnccc2c1	0.024419
rxn:2:67464:73236	CCCCC(Nn1c(C)cc2ccccc21)c1ccc(C)c(C)c1	0.024395
rxn:2:129323:93554	Cc1cccc(SC2CCCC2NCc2ccc3ccc(C)nc3c2)c1	0.024394
rxn:2:142611:128218	CCC(Nc1ncc2c(ccc3[nH]ccc32)n1)C1CCCCN1CC(C)C	0.024367
rxn:2:92918:116741	CCCc1nnsc1C(C)NCCc1nc(-c2ccc[nH]2)c(C)[nH]1	0.024362
rxn:2:72227:106463	CCc1[nH]nc(C2CC2)c1CNC(C)c1cccc(-c2cc[nH]n2)c1	0.024357
rxn:2:75596:75171	CC(NC(C)c1ncc2ccccn12)c1cnn(-c2ccccc2)n1	0.024355
rxn:2:115581:68270	CSCC(Cc1ccc(C)c(C)c1)NC(C)c1ccccc1OC1CC1	0.024352
rxn:2:113934:119699	CCCC(CN1CCOC(C)(C)C1)NCC(CC1CCOCC1)C(C)C	0.024349
rxn:2:106812:136251	CCN(c1ccc(NC2CCC23CC(c2ccccc2)C3)cc1)C(C)(C)C	0.024344
rxn:2:120849:112027	CCC(C)(C)C(Nc1c(C)cccc1C(C)(C)C)c1ccccc1C	0.024338
rxn:2:96014:86428	Cc1cc2c(cc1C)C(NCc1ccc(C34CC(F)(C3)C4)cc1)CCCC2	0.024317
rxn:2:123572:77135	CC(Nc1n[nH]c2ncnn12)c1ccc(-c2cn[nH]c2)cc1	0.024293
rxn:2:99068:98686	Cc1cc(C(NCC2CCCOC2c2cn[nH]c2)c2cn[nH]c2)c(C)o1	0.024288
rxn:2:91064:74396	CCN(CC)c1ccc(CNC(C)CCC2C(C)CCCC2(C)C)o1	0.024274
rxn:2:119116:139570	COc1cccc([C@@H](NC(C)c2c[nH]c3c(OC)cccc23)C2CC2)c1	0.024273
rxn:2:105262:127860	Cc1cc(C)c(C(C)(C)NC(C)CCc2nc3ccccc3[nH]2)cc1C	0.024267
rxn:2:81914:110372	CCSc1ccc(OC)c(NC2CCCSc3c(C)ccc(C)c32)c1	0.024265
rxn:2:101624:141514	COc1ccc2ccn(NC(C)c3cnc4cncc(OC)n34)c2c1	0.024253
rxn:2:139667:66756	CC(Nc1ccc2nc(C(C)(C)C)cn2c1)c1cc(C2CC2)nn1C(C)C	0.024182
rxn:2:112721:93805	Cc1nc(NC(C)c2cnc(C)n2C2CCCC2)sc1Cc1ccco1	0.024175
rxn:2:80364:72012	COc1ccc(C(C)CCNC(CCS(=O)(=O)F)c2ccccc2)cc1	0.024173
rxn:2:101005:125648	CC1(C)C(NCC(F)(F)c2cccc3[nH]ccc23)CC1c1ccccc1	0.024153
rxn:2:119898:93421	CCC(Nc1ccc(C)c(-c2ccccc2)c1)C1CCCN(CC2CC2)C1	0.024152
rxn:2:66344:76378	CCc1cccc(C(Nc2cccnc2OCC2CC(F)C2)C(C)(C)C)c1	0.024140
rxn:2:98372:97612	CC(C)Cc1ccc(CCNC(C)c2ncc(-c3cccnc3)[nH]2)cc1	0.024120
rxn:2:131834:75140	CCC(NCc1[nH]cnc1-c1ccccc1C)c1ccc(SC)nc1	0.024118
rxn:2:116617:122964	CC(NC(C)c1cccn1-c1ccccn1)c1cccn2ccnc12	0.024103
rxn:2:103930:132151	COc1ccc(C(C)Nc2ncc(Oc3ccccc3)cn2)c(OC)c1C	0.024098
rxn:2:110022:87920	CCOc1ccccc1C(F)CNC(c1ccc(C)cc1)c1c[nH]cn1	0.024096
rxn:2:91488:166243	Cc1cccc2c(NC3CCCc4cn5nccc5nc43)nccc12	0.024081
rxn:2:105981:91932	CCCCC(Nc1ccc2c(c1)nc1n2CCC1)c1ccccc1OC	0.024079
rxn:2:136783:68793	Cc1cc(C2CC2CCNC(C)c2cccc3ccn(C)c23)c(C)s1	0.024074
rxn:2:101568:118386	Cc1ccccc1-c1nnc(CNC(C)c2ccccc2N(C)C(C)C)[nH]1	0.024071
rxn:2:88120:125679	CCc1ccc2oc(CNC(CSC)c3ccc(N(C)C)cc3)nc2c1	0.024070
rxn:2:98544:105542	CCS(=O)(=O)c1ccc(C(C)NC(C)(C)c2ccc3ccccc3c2)s1	0.024066
rxn:2:99100:132398	CCC(C)SCC(NCC1COc2cc(OC)ccc2C1)c1ccccc1	0.024065
rxn:2:172861:83535	CC(Nc1nc(=O)c2[nH]c(=O)[nH]c2[nH]1)c1cnc(C2CCCC2)s1	0.024057
rxn:2:122961:86544	CCCC(Nc1cc(C)n(-c2ccccc2)n1)c1ccccc1CC	0.024045
rxn:2:125429:68463	CCC1CN(C)c2cc(NC(CC(C)C)c3cccc(C)c3)ccc2S1	0.024040
rxn:2:128729:91915	c1ccc(C2CCCCC(NCc3ncc(CC4CCCC4)s3)C2)cc1	0.024031
rxn:2:97088:96187	CCCC(C)C(NC1CC[C@@H](c2ccccc2)C[C@H]1F)c1nc(C)cs1	0.024022
rxn:2:120732:77047	Cc1nc(NC(C)c2ccc3cnsc3c2)cc(-c2cncnc2)n1	0.024001
rxn:2:94622:74409	Cc1ccc(C(Nc2c(C)nc3cccc(C)n23)c2cocn2)cc1	0.023990
rxn:2:94318:75453	Cc1ccc(C(N[C@@H](c2c(C)cccc2C)C2CCC2)C(C)(C)C)cc1	0.023981
rxn:2:135134:112027	CCC(C)(C)C(NC1CCCC(C2CCCC2)C1)c1ccccc1C	0.023957
rxn:2:72537:139356	CCCC(CSc1ncccn1)NCC1CCCN2CCCC[C@H]12	0.023925
rxn:2:75309:67508	CC[C@@H](NC(CCC(C)C)C(C)(C)C)c1ccc(C(C)(C)C)cc1	0.023924
rxn:2:87521:137631	CC(C)c1cc2c(s1)C(CNC1CCCC1OCc1ccccc1)C(C)C2	0.023887
rxn:2:100239:114726	CC(CC(C)(C)C1CCCCC1)NCCC1CCCCCCC1	0.023872
rxn:2:90097:113595	CC(NC1CC(CN(C)Cc2ccc[nH]2)C1)c1ccnc(-n2ccnc2)c1	0.023871
rxn:2:106608:78894	CC(NC1CCc2[nH]c3cccnc3c2C1)c1nc2ccccc2o1	0.023870
rxn:2:74002:73940	CSCC(Nc1cc(-c2cnccn2)ccc1C)c1ccc(C)c(C)c1	0.023838
rxn:2:167600:70735	COc1cc(C)cc(CCC(C)Nc2cccc3cc4c(cc23)OCO4)c1	0.023830
rxn:2:112398:91105	CSc1ncc2c(n1)CCC(NCc1ccoc1CN1CCCC1C)C2	0.023821
rxn:2:89039:115694	CC(Nc1nn(CC2CC2)c2c1C1CC1C2)c1ccccc1-c1ccc[nH]1	0.023785
rxn:2:86560:67801	COc1ccc2cc(C(C)Nc3ccc4c(c3)CN(CC3CC3)C4)oc2c1	0.023784
rxn:2:114835:119247	CCc1c[nH]c2c1C(NC(C)(C)c1ccc3occc3c1)CC(C)(C)C2	0.023784
rxn:2:120891:74280	CCOCC1(c2ccc(NC(CCN(C)C)c3ccc(C)s3)cc2)CC1	0.023766
rxn:2:84584:70971	CSc1ncc(C)c(C(C)Nc2nnc(-c3cnn(C)c3)[nH]2)n1	0.023760
rxn:2:135546:71068	Cc1ccsc1C(CCOC(C)C)Nc1cccc(-c2ccn(C)n2)n1	0.023750
rxn:2:99243:112495	CCCc1csc(CCC(C)NC2CCCC2N(C)c2sccc2C)n1	0.023741
rxn:2:109922:106910	CCC(C)CN1CCCC(C)C1CNC(c1ccc(OC)cc1)C(C)(F)F	0.023736
rxn:2:138734:105165	COc1c(C)cc(C)cc1C(C)NCc1cnc(-c2cccc(C)c2)s1	0.023727
rxn:2:123911:85181	CCCC(NC(COc1ccccc1)C(C)(C)C)C1CCCN1C1CCC1	0.023708
rxn:2:132877:82042	CCc1nc(-c2n[nH]c(NC(c3ccc(SC)cc3)C(C)C)n2)n(C)n1	0.023702
rxn:2:127159:79718	CC(Nc1ccccc1-c1ccncc1)c1cnc2[nH]ccc2c1	0.023699
rxn:2:109186:89138	CC(C)CC[C@H](NC(c1ccccc1)c1nccs1)c1cccn1C	0.023694
rxn:2:82451:97998	CCCC1CCc2ccccc2C1Nc1cc(Cc2cccs2)ncn1	0.023664
rxn:2:89272:167244	CN1Cc2cc(NC3CCCc4c3sc3ccccc43)cnc2C(C)(C)C1	0.023638
rxn:2:100213:72646	Cc1ccc(C(CSC(C)C)NC(c2ccnn2C)c2ccnn2C)cc1	0.023632
rxn:2:109611:68837	CC(C)c1cn(C2CCSC2)nc1NC1c2ccccc2CCCC1(C)C	0.023610
rxn:2:147566:99410	c1ccc2c(c1)ncc1nc(NC3CCCN(c4ncc[nH]4)C3)sc12	0.023606
rxn:2:108525:115992	Cc1cc(NC(c2ccccn2)c2ncc[nH]2)c2ccc(C)nc2c1	0.023581
rxn:2:66812:109852	CC(Nc1ccc(C2CC3CCC2C3)cc1)c1ccc(C2CCC2)cc1	0.023578
rxn:2:105115:121770	CCOc1ccc(OC)c(C(C)Nc2c(C)cnn2Cc2ccsc2)c1	0.023572
rxn:2:129685:84883	O=c1c(NC(c2ccccc2)c2ccc[nH]2)c[nH]c2nccn12	0.023566
rxn:2:68587:120905	COc1cnn(-c2ccncc2)c1NC(C)c1cc2sccc2n1C	0.023562
rxn:2:80244:113938	Cc1sc2nnc(C(C)NCc3ccc(-c4cnco4)cc3)n2c1C	0.023559
rxn:2:114157:129359	Cc1cnn(-c2c(NC(C)c3ncc4nccn4c3C)c(C)nn2C)c1	0.023547
rxn:2:140739:89448	CCC(CSCc1ccccc1C)NCCc1ccc(N2CCCC2)nc1	0.023544
rxn:2:103071:131928	CCc1nsc(N2CCC(NCc3ccc(Cc4ccccc4)s3)CC2)n1	0.023542
rxn:2:84279:80457	CCN(CC)c1nc(C)c(C(C)Nc2cn(Cc3cccnc3C)nn2)s1	0.023540
rxn:2:106570:144172	Cc1ccc2cc(C(C)Nc3cccc4nc(C)[nH]c34)ccc2n1	0.023539
rxn:2:94062:145001	Cc1ccc2[nH]c(C(C)Nc3ccc4cnncc4c3)c(C)c2c1	0.023539
rxn:2:96496:113626	CC(Nc1ccc(-n2ccnc2)cn1)c1ccc(-c2cc[nH]c2)s1	0.023521
rxn:2:125065:138839	COc1cccc(C(CN(C)C)NC(C)c2cnc(-c3ccsc3)cn2)c1	0.023470
rxn:2:108444:74816	CC(NCCc1cnn(-c2cnccn2)c1)c1ccc2ccoc2c1	0.023447
rxn:2:89305:136669	CCC(C)C(C)n1nc(C)c(NC2CC(COCc3ccccc3)C2)c1C	0.023440
rxn:2:80400:95179	Cc1cccc(SCCC(C)NCCC2CCCC23CCCC3)c1	0.023434
rxn:2:125452:86218	Cc1n[nH]c2nc(NC(c3ccccc3)c3cc[nH]n3)ncc12	0.023410
rxn:2:138807:75490	CCOc1ccc(C)c(C(CC)NC2(c3nc(C(C)C)cs3)CCC2)c1	0.023395
rxn:2:110600:88330	CCN(C1CC1)C(C(C)NC(CCN(C)C)c1cccc(C)c1)C(C)(C)C	0.023385
rxn:2:97107:117497	CCC(C)c1ccc(C(CC)Nc2cc(-c3ccn(C)n3)ccn2)cc1	0.023375
rxn:2:92260:71847	COc1cccc2[nH]c(C(C)NCC(OC(C)(C)C)c3ccncc3)cc12	0.023368
rxn:2:102883:128509	CC(C)C(NC(c1ccoc1)c1cccs1)C1(c2ccccc2)CC1	0.023352
rxn:2:138379:87947	CCCn1cncc1-c1cc(NC(CC)Cc2cccc(OC)c2)[nH]n1	0.023345
rxn:2:87177:82298	CC(C)c1cc(C(C)NC(C)C2CCCC2c2ccccc2)n(C(C)C)n1	0.023341
rxn:2:117291:72129	Cn1nc(CNC(c2ncccn2)c2ccco2)cc1-c1ccco1	0.023331
rxn:2:118586:82361	CCOc1ccc(C(C)NC2CCCCc3ccc(CC)cc32)cc1OC	0.023325
rxn:2:92626:141812	CCC(C)Cc1nn(C)c(NC(C)c2ccc(-c3ccc[nH]3)s2)c1C	0.023322
rxn:2:67176:114295	CCCN1CCN(C(C)CNC(CC2CCOCC2)CS(C)(=O)=O)CC1	0.023317
rxn:2:66112:109180	COc1ccccc1C1CCC(NCC2CC2c2nc3ccccc3s2)C1	0.023297
rxn:2:98848:132277	CCCC(CN1CCCCC1CC)NCC1CC1c1cccc(CC)c1	0.023295
rxn:2:72629:111413	CCC(Nc1n[nH]c(C2CC2)c1-c1cccs1)c1ccc(OC)cc1	0.023286
rxn:2:129451:96947	Cc1cccc(-c2nncnc2NC(c2ncc[nH]2)c2ccco2)c1	0.023279
rxn:2:95167:155933	CC(NCC1(C2(c3ccc[nH]3)COC2)CC1)c1ccc2c(=O)[nH]cnc2c1	0.023257
rxn:2:121671:120205	Cc1cncc(C2CCC(NCCc3nc(-c4ccccc4)cs3)CC2)c1	0.023231
rxn:2:107132:111948	CCCS(=O)(=O)c1cc(NC(C)CCN(C)CC2CCCCO2)c[nH]c1=O	0.023222
rxn:2:82419:90726	CC1CCC(Cn2ccc(NC(C)c3cc(-c4cc[nH]c4)ccn3)n2)CC1	0.023217
rxn:2:107180:125732	CCC(NCc1ccsc1-c1cccs1)c1cc(C)cc(OC)c1	0.023202
rxn:2:79726:153088	Cc1cccc2c1cc1n2CCC1Nc1cccnc1-c1cnn(C)c1	0.023197
rxn:2:101940:80113	Cc1c(C)c(C)c(C(C)NC2CC(C)CC(c3ccccc3)C2)c(C)c1C	0.023184
rxn:2:106932:132636	CCC(NCc1ncc2c(C)cc(C)cc2n1)c1ccc(C(C)(C)C)cc1	0.023158
rxn:2:104560:125864	CC(Nc1ncc(-c2cccnc2)[nH]1)c1ncc(-c2cccnc2)o1	0.023151
rxn:2:137024:110720	CCCc1nn(C)c(NC(CC)c2cc(C)ccc2OCC)c1CCC	0.023144
rxn:2:80178:134725	CC(N[C@@H](c1ccccc1)c1cccs1)c1nn(C)c2ccncc12	0.023141
rxn:2:137528:117337	CCn1ccc2ccc(NC3CCCc4nc(SC)ncc43)cc21	0.023113
rxn:2:95815:139356	CCCC(CSc1ncccn1)NCCC1CC2CCC(C1)C2	0.023110
rxn:2:101113:108654	O=c1[nH]c2ncccc2cc1CNC1c2ccccc2-c2ncccc21	0.023110
rxn:2:105291:105089	CCCCC(NCC1CCCN(Cc2cccs2)C1)c1cccc(C)c1	0.023109
rxn:2:137669:120359	Cc1cc(C(C)NCc2cc(-c3ccccn3)nn2C)cn2ncnc12	0.023108
rxn:2:94767:118634	COc1nc(NC(C)c2ccc(-c3ccoc3)cn2)c2[nH]cnc2n1	0.023071
rxn:2:76116:82039	CCCc1nc(NC(CCC(C)C)c2sccc2C)c2[nH]cnc2n1	0.023062
rxn:2:84533:111886	Cc1[nH]c2c(NC(C)c3nc4cccnc4[nH]3)cccc2c1C	0.023057
rxn:2:114972:74097	Cc1cnc(C(C)NCc2ncccc2-c2ccncc2)c2ncnn12	0.023035
rxn:2:125652:126689	Cc1cc(NC(C)c2ccc3cccnc3c2)nn1Cc1ccn(C)n1	0.023021
rxn:2:71669:139695	CC(NCc1nc(C2CC2)n2ccccc12)c1scc2c1CCC(C)(C)C2	0.023020
rxn:2:87034:106694	Cc1ccc(Cn2nccc2NC(C)c2cc(C)cn3ncnc23)cc1	0.022983
rxn:2:95191:70192	Cc1cccc(-c2cnn(C)c2NC(C)CCOc2ccc(C)cc2C)c1	0.022979
rxn:2:68189:79137	CC(NC(C)c1cnc(N(C)CC2CC2)s1)c1cnn(-c2ccccc2)c1	0.022962
rxn:2:132311:83374	CCCc1ccc(C(N[C@@H](c2ccc(C)o2)C2CCOCC2)C(C)C)cc1	0.022961
rxn:2:165100:96641	CC(C)C(Nc1cc2[nH]c(=O)[nH]c2cc1N(C)C)c1ccc(N(C)C)cc1	0.022960
rxn:2:72705:89894	CC(Nc1ccc2cc(N(C)C)ccc2c1)c1nccc2cnn(C)c12	0.022954
rxn:2:121000:97947	Cc1ccc(C(Nc2[nH]nc(C3CCCCCC3)c2C)C(C)C)c(C)c1	0.022917
rxn:2:102926:139356	CCCC(CSc1ncccn1)Nc1cc(OC2CCC2)ncn1	0.022914
rxn:2:142790:106042	Cn1cnc2c(cnn2CCNC2c3ccccc3-n3ccnc32)c1=O	0.022911
rxn:2:164994:118945	CCSc1nc(=O)c2sc(NC3COCc4ccccc43)nc2[nH]1	0.022893
rxn:2:114931:115008	CCCc1cc(CNC2CCCCC2SCc2ccco2)nn1C1CCC1	0.022884
rxn:2:141390:163490	Cc1cn2cc(C(C)N[C@@H](CCC(C)C)c3ccc(C)o3)cc(C)c2n1	0.022844
rxn:2:166619:109208	CCC(Nc1occ2oc(-c3cncs3)nc12)C1CCCCN1CC1CC1	0.022825
rxn:2:80976:139213	COc1cnccc1-n1ncnc1NC(C)c1ccc2ncncc2c1	0.022823
rxn:2:130646:78791	CCCCN(C)c1cccc(NC(C)c2cccc(C3(C)CCO3)c2)c1C	0.022822
rxn:2:102650:149393	Cc1c(C(C)Nc2cc(C3C(C)(C)C3(C)C)on2)oc2c(C)cccc12	0.022819
rxn:2:92807:121913	COc1ccc2c(c1)C(NCc1c(OC)ccc3ccccc13)CCCC2	0.022818
rxn:2:112460:120935	CCCCC(C)N1CCC(Nc2cccn(CC(C)CCC)c2=O)CC1C	0.022813
rxn:2:90044:125713	CCn1c(NC(c2cccnc2)c2nnco2)nc2cc(C)cc(C)c21	0.022796
rxn:2:73898:70209	CC(C)c1c[nH]c(C2(CNC(C)c3ccc(-c4cnsc4)cn3)CCC2)n1	0.022792
rxn:2:139416:107624	CCCC(C)N1CCCC1C(CC)N[C@@H](CC)c1ccnc2ccccc12	0.022790
rxn:2:115516:146326	Cc1c(NC(C)c2cc3cccnc3c(=O)o2)noc1-c1ccccc1	0.022762
rxn:2:76003:102201	Cc1cccc(C2CC2CCNC(C)c2sc(C3CC3)nc2C(C)C)c1	0.022748
rxn:2:128099:155830	Cc1cc2c(C(C)NC3CC3c3ccc(C(C)(C)C)cc3)cccc2cn1	0.022745
rxn:2:109125:91141	CCCC1(CCC)CCC(N[C@@H](c2ccc(OC)nc2)C(C)(C)C)CC1	0.022721
rxn:2:90124:85681	COc1cccc(-c2nc(NC(C)c3c(C)nc4cnccn34)no2)c1	0.022712
rxn:2:80805:113277	Cc1ccccc1-c1c(C)noc1NC(C)c1cc2[nH]ncc2s1	0.022710
rxn:2:82842:79170	CC(NCc1ccc(OC2CCCC2)cc1)c1cccc2ccccc12	0.022705
rxn:2:66651:135229	CCOC1CCC(Nc2nc(SC)[nH]c(=O)c2N=O)CC1	0.022668
rxn:2:103786:124205	Cc1ccc(-n2ncn(NC(C)c3n[nH]c4cnc(C)cc34)c2=O)cc1	0.022661
rxn:2:81662:75191	COc1cc(NC(C)c2cnn3cccc(OC)c23)nc(SC)n1	0.022647
rxn:2:114738:67801	COc1ccc2cc(C(C)Nc3cccc(-c4nnc[nH]4)c3)oc2c1	0.022623
rxn:2:137074:74669	c1ccc(-c2ccc(NC(c3ccccc3)c3ccsn3)nn2)cc1	0.022591
rxn:2:72640:125177	Cc1ccc(OCCC(C)C)c(NC(c2ccco2)c2nccs2)c1	0.022586
rxn:2:127735:113138	COc1cccc(C(CNC(C)c2ccc(-c3cccnc3)s2)N(C)C)c1	0.022581
rxn:2:138079:99942	c1cc(Oc2ccc(NC3CCc4ccc5ncoc5c43)cc2)ncn1	0.022580
rxn:2:123560:119217	Cc1cc(C)c2c(c1)C(NC(C)CC(C)Sc1ccccc1)CC(C)C2	0.022566
rxn:2:117472:123089	Cc1ccc(-c2csc(NC(C)c3nccc4[nH]ccc34)n2)cc1	0.022554
rxn:2:120816:147697	CC(NCc1cc2c[nH]ccc-2n1)c1c[nH]c(=O)c2ccccc12	0.022533
rxn:2:107557:146731	Cc1ccc2ccc(C(C)NCc3c(C)nc4ccc(C)cn34)nc2c1	0.022515
rxn:2:125802:124289	CCCOc1ccccc1C(CC)Nc1ccnn1Cc1ccsc1	0.022503
rxn:2:92364:121820	Cc1cc(NC(C)c2cccc3ncccc23)n(Cc2cccnc2)n1	0.022499
rxn:2:144178:78519	COc1ccc(C)c(C(C)Nc2ccc3c(c2)-c2ncccc2C3)c1	0.022488
rxn:2:75491:86499	Cc1cc(CNC(C)c2cn3cc(C)nc3cn2)nc(-c2ccsc2)n1	0.022482
rxn:2:132657:138272	CC(NCC1(c2nc3ccccc3o2)CC1)c1cccc2ccoc12	0.022450
rxn:2:73802:119348	CCc1ccc(C(NCC(C)(C)Oc2ccnn2C(C)C)C(C)CC)s1	0.022449
rxn:2:124522:120346	COc1cccc(OC(C)C(C)NC(c2cccc(SC)c2)C(C)C)c1	0.022423
rxn:2:132590:96141	CC(NCc1cc(-n2ccnc2)ccn1)c1cccc(-n2cccn2)c1	0.022420
rxn:2:123328:166616	Cc1nc2cc(C(C)NCc3cc(-c4ccncc4)[nH]n3)ccc2n1C	0.022305
rxn:2:81004:83197	CCc1ccc(-c2n[nH]c(NC3CCC(Sc4cccs4)CC3)n2)cc1	0.022298
rxn:2:133297:91639	CC(C)c1cc(NC(C)c2ncc(-c3cnn(C)c3)s2)n2cncc2n1	0.022283
rxn:2:118773:110026	COc1ncnc2cc(C)c(NC(C)c3nc(-n4cccn4)cs3)cc12	0.022283
rxn:2:77646:129164	CCCc1ccc2ncc(CNC(C)c3ccnc4ncccc34)n2n1	0.022263
rxn:2:137765:136110	CCc1sc(C(C)C)cc1C(C)Nc1cccc(C(F)C(C)(C)C)c1	0.022259
rxn:2:118471:98025	COc1ccc(C(CNC(C)c2csc3ccc(OC)cc23)N(C)C)cc1	0.022243
rxn:2:93143:79137	CCc1nn(C(C)C)c(NC(C)c2cnn(-c3ccccc3)c2)c1C(C)C	0.022240
rxn:2:116657:141983	CCc1cccc(C2(NC(CC(C)C)c3cccc(SC)c3)CC2)c1	0.022237
rxn:2:135943:84426	CCC(C)[C@H](NC(c1ccc(C2CC2)o1)C(C)C)c1ccc(OC)cc1	0.022229
rxn:2:95123:74689	COc1sc2c(c1CNC(C)c1ccccc1SCC(C)C)CCN(C)C2	0.022223
rxn:2:88816:78247	CC(N[C@H]1Cc2cccc3cccc1c23)c1cc(-c2ccncc2)no1	0.022194
rxn:2:72038:120792	COc1ccc(C(CC(C)C)NCCn2cc(-c3cccs3)cn2)cc1	0.022190
rxn:2:75162:74854	CCCSc1ccc(C(C)N[C@H]2CCOc3ccc(C(C)C)cc32)s1	0.022182
rxn:2:121732:113770	CC(Nc1ccc2nnc(C(C)(C)C)n2c1)c1ccccc1-n1ccnn1	0.022175
rxn:2:133977:117337	CSc1ncc2c(n1)CCCC2NCC(C)(C)S(=O)(=O)c1sccc1C	0.022151
rxn:2:76703:91932	CCCCC(N[C@H](C)c1ccc(CCC)cc1)c1ccccc1OC	0.022151
rxn:2:138836:108344	CC(NC(C)c1c[nH]c2ccccc12)c1ccn(-c2ccccc2)n1	0.022149
rxn:2:99814:136801	CCCN1CCc2cccc(NC(c3cccc(C)c3)c3cccs3)c21	0.022143
rxn:2:96061:127395	CC(NCCc1nnnn1Cc1ccc[nH]1)c1ccc(OC2COC2)cc1	0.022138
rxn:2:108234:69504	CCSCC(Nc1nnn(Cc2noc(C)n2)c1C)c1cccc(OC)c1	0.022123
rxn:2:89123:164617	Cc1nnc(-c2cccc(NC(C)c3nc4ccccc4c(=O)[nH]3)c2)s1	0.022077
rxn:2:110434:120517	CCc1ccc(NC(CCOC)c2cccc(OC)c2)c2ccccc12	0.022076
rxn:2:128161:106037	CN(C)c1ccc2ncc(NC3c4cccnc4-c4ncccc43)cc2c1	0.022071
rxn:2:125246:107567	CSCC(Nc1ccc2cc(C)[nH]c2n1)c1cc2ccccc2o1	0.022070
rxn:2:107704:119956	CCc1sc(NC2c3ccccc3CCC2CC)nc1-c1cccs1	0.022057
rxn:2:130968:131807	Cc1cc(C)c2sc(NC(C)c3cccc(-c4cn[nH]c4)c3)nc2n1	0.022056
rxn:2:156763:82361	CCc1ccc2c(c1)C(Nc1nc3c(c4ncccc14)CCS3)CCCC2	0.022007
rxn:2:82854:160544	Cc1cn2nc(C(C)NCc3nc(-c4cccs4)oc3C)cc2c(C)n1	0.021994
rxn:2:136186:111315	CCC(Cc1ccc(OC)cc1)Nc1c(C(C)C)cc(C)cc1C(C)C	0.021962
rxn:2:133718:89466	CC(NCC(F)(F)c1ccnc2[nH]ccc12)c1c2ccccc2nn1C	0.021959
rxn:2:136247:92074	CCC(CCc1cccc(OC)c1)Nc1cncc(-c2cc(C)ccn2)c1	0.021945
rxn:2:69525:115105	CCC(C)c1cccc2sc(NC(C)c3cn4cccnc4n3)nc12	0.021921
rxn:2:139039:123992	c1c[nH]c(C(Nc2n[nH]c3nnccc23)c2ccc[nH]2)c1	0.021909
rxn:2:79580:140837	CCCC(CCC1CCCC1)Nc1nc(Cc2ccc(C)cc2)cs1	0.021909
rxn:2:94104:119985	Cc1nn2c(C)ccnc2c1NC(C)c1cccc(-c2cccs2)c1	0.021908
rxn:2:113385:131721	Cc1nc(-n2cccc2)ccc1NC(c1ccccc1)c1cccn1C	0.021898
rxn:2:141866:140135	CSC(C)C(Nc1nn(CC(C)C2CCC2)cc1C)c1ccc(C)c(C)c1	0.021885
rxn:2:130711:73864	Cc1cn(Cc2nccs2)nc1NC(c1ccccc1)c1cnn(C)c1	0.021826
rxn:2:157497:93393	Cn1c(=O)c2c(ncn2NC2CCc3c2[nH]c2ccccc32)n(C)c1=O	0.021823
rxn:2:72796:110053	Cc1ccc2[nH]cc(C(C)NCCc3cccc4ccccc34)c2n1	0.021823
rxn:2:111013:98240	CC1CC(Cn2cc(C(C)Nc3ccc(Sc4cccs4)cn3)cn2)C1	0.021785
rxn:2:76226:111286	Cc1ccc(C(Cc2ncc[nH]2)NCCc2cc3ccccn3n2)o1	0.021775
rxn:2:133402:70812	Cc1sccc1-c1cccc(NC2CCC(c3ccccc3)CC2)c1	0.021730
rxn:2:65813:87790	COc1cccc2c(C(C)NCc3ncn(-c4ccncn4)n3)csc12	0.021724
rxn:2:109231:130448	CC(C)CCn1nc(C(C)C)cc1NC(COC(C)(C)C)c1ccccc1	0.021686
rxn:2:140624:84426	CC(NC(c1ccc(C2CC2)o1)C(C)C)c1ccc(SC(C)(C)C)nc1	0.021679
rxn:2:126869:83733	CC(N[C@H](C)c1ccc(-n2ccnc2)cc1)c1nc(-n2ccnc2)cs1	0.021659
rxn:2:168352:75559	COc1cnc(C)c(C(C)Nc2nc3ccc4ccccc4c3s2)c1	0.021619
rxn:2:103369:94968	CC(Nc1ccc(-c2ccoc2)cc1)c1ccc(-n2cccn2)cc1	0.021588
rxn:2:133904:91541	CCCOc1ccc(C(CC)NCc2noc(Cc3ccccn3)n2)cc1	0.021579
rxn:2:106776:122290	Cc1cn2nc(C(C)NCc3cnc(-c4cc(C)sc4C)[nH]3)ccc2n1	0.021570
rxn:2:119653:75079	Cc1cccc2cc(C(C)NC(C)c3ccc4cn[nH]c4c3)sc12	0.021540
rxn:2:81951:126146	Cc1cc(CNC(c2ccsc2)c2ccsc2)cn1C1CCCCC1	0.021531
rxn:2:97011:79046	Cc1scnc1C(Nc1nnc(-c2c[nH]nn2)[nH]1)c1ccccc1	0.021499
rxn:2:74588:101411	CCc1ccc(C2CCCC2Nc2ccc(-c3ccc[nH]3)c(C)c2)cc1	0.021470
rxn:2:110814:111147	CCC(C)(C)c1ccc(NC(C)c2ccc(-c3nccs3)cc2)cc1	0.021468
rxn:2:123742:113269	COc1ccc2cn(C)nc2c1NC(C)c1cccc(SCC(C)C)c1	0.021460
rxn:2:150434:116561	CCc1ccc2c(c1)OC(C)CC2Nc1[nH]nc2c1cnc1cc(C)nn12	0.021458
rxn:2:75868:107567	CSCC(Nc1ccc(-n2nnc(C)n2)nc1)c1cc2ccccc2o1	0.021455
rxn:2:121910:142149	COc1cccc(SCCC(C)Nc2[nH]c(C)nc2N(C)CC(C)(C)C)c1	0.021371
rxn:2:94295:83715	CCCCC(Cc1ccccc1)NCCc1cc(C)nc2ccccc12	0.021346
rxn:2:103083:97702	CCCCC1CC(Nc2cc(-c3ccc(C)cc3)on2)c2ccccc21	0.021339
rxn:2:93061:72331	CCCSc1ncc(NC(C)CCOc2cccc(OC)c2)cn1	0.021329
rxn:2:76144:86267	COc1cccc2cc(C(C)NCCc3ccc4c(cnn4C)c3)[nH]c12	0.021328
rxn:2:99054:97167	CC(NCc1cccc2c(=O)[nH]ccc12)c1ccccc1-c1ccco1	0.021324
rxn:2:82136:127716	CCC(Nc1nonc1Oc1ccccc1)c1cccc2ccnnc12	0.021310
rxn:2:127119:132398	CCC(C)SCC(NCC(F)(F)c1cc(C)ccc1C)c1ccccc1	0.021290
rxn:2:87027:122095	CCC(NCc1sc(N(CC)C(C)C)nc1C)c1cc2ccccc2o1	0.021288
rxn:2:119948:143682	COc1ccccc1-c1cc(NC(C)c2nn(C)c3ccc(C)nc23)no1	0.021287
rxn:2:67517:159648	CCc1nccc2cc(NC(C)c3cc4cccnc4nc3C)ccc12	0.021235
rxn:2:126686:106256	Cc1ccc([C@H](CC2CC2)NC(C)c2ccc(SC(C)C)cc2)cc1	0.021227
rxn:2:77657:128871	CCc1cc2ccc(NC(C)c3nc4ccc(OC)cc4s3)cn2c1	0.021224
rxn:2:159142:92140	Cc1ccc2ncc(CNC(C)c3nc(-c4ccccc4)cs3)c(=O)n2c1	0.021199
rxn:2:66139:67040	CCC(CSc1nc(C)cc(C)n1)N[C@@H](CC1CC1)C1CCCC1	0.021186
rxn:2:75958:133898	Cc1ccc(SCC(C)NC(C)c2c(C)cc3cccccc2-3)cc1	0.021146
rxn:2:139523:119985	CCn1nnc2cccc(NC(C)c3cccc(-c4cccs4)c3)c21	0.021132
rxn:2:68114:74101	CCCC[C@H](NC(C)c1cnn(C2CCCCC2)c1)c1ccc(C)cc1C	0.021123
rxn:2:135036:144358	CC(C)c1nn2cccnc2c1CNC(C)c1cccc2c(=O)cc[nH]c12	0.021112
rxn:2:136945:126614	Cc1ccc2c(C(C)NC(c3ccc(C)o3)C3CCCCC3)cccc2n1	0.021079
rxn:2:70018:96514	Cc1nc(-c2cc(C(C)NCc3cccc(CN=S(C)(C)=O)c3)cs2)cs1	0.021048
rxn:2:117247:86042	CCc1ccc(CCC(C)NC(Cc2ccccc2)c2nccs2)s1	0.021016
rxn:2:76116:91784	CCCc1nc(NC(CC)CSc2ccc(OC)cc2)c2[nH]cnc2n1	0.021015
rxn:2:119042:95623	Cc1ccc2cc(C(C)Nc3cc(-c4sccc4C)n[nH]3)oc2c1	0.020997
rxn:2:138882:102909	CCCC(Cc1ccc(SC)cc1)Nc1nnnn1-c1c(C)cccc1C	0.020991
rxn:2:116977:111217	CCc1nc2ccc(C(C)Nc3cc(C)nc4cnc(CC)n34)cc2s1	0.020916
rxn:2:75100:135514	CSc1ccccc1C(N[C@H](C)c1ccc2scnc2c1)C(C)(C)C	0.020877
rxn:2:70643:121761	CCn1cc(-c2ccc(NC(C)c3cnc(SC)[nH]c3=O)nc2)cn1	0.020856
rxn:2:107496:140337	CSc1nccc(C(C)NCC(F)(F)c2cc3ccccc3s2)n1	0.020842
rxn:2:72065:157968	c1ccc(Cc2ccc(NC3CCCn4c3cc3ccccc34)nn2)cc1	0.020837
rxn:2:98790:95112	c1ccc(C(NCCc2nnc(-c3cccnc3)o2)c2cccs2)nc1	0.020823
rxn:2:105741:104467	Cc1ccsc1-c1cc(NC(C)c2csc3ccccc23)n(C)n1	0.020790
rxn:2:105922:125762	CCC(C)(CNC(CCOC)c1cc(C)ccc1C)Cc1ccccc1C	0.020781
rxn:2:126136:134621	CCC(CSc1cc(C)ccc1C)Nc1ncnc2sc(C3CC3)nc12	0.020777
rxn:2:81807:70085	CCC(NCC(F)(F)CN1CCSC(C)(C)C1)C(c1sccc1C)C(C)C	0.020727
rxn:2:97269:75352	CCCCC(Nc1nc(SC)nc(-c2cccs2)n1)c1ccccc1	0.020723
rxn:2:122523:85028	CCn1cc(C(CCC(C)C)NC2(CC3CCC3)CCC(F)(F)CC2)cn1	0.020713
rxn:2:130852:125313	Cc1[nH]c2cnccc2c1C(C)NCc1ccc(-c2ccsc2)s1	0.020682
rxn:2:94301:120181	CC(C)COC1CCCCCC1CNC(C)c1ccc(-c2ccsn2)cc1	0.020670
rxn:2:82229:128724	CC[C@H](NC(C)c1nc2cncnc2[nH]1)c1c(C)[nH]c2ccccc12	0.020642
rxn:2:113470:159700	Cc1cc(C)cc([C@H](NC(C)c2c(C)n(C)c3ccccc23)C(C)(C)C)c1	0.020639
rxn:2:90892:68311	CC(NC1CCc2c1sc1c2CC(C)(C)C1)c1c[nH]c(-c2ccccc2)c1	0.020621
rxn:2:96052:75111	Cc1ccc(CNC(C)c2ccc(-c3ccncc3)s2)c(OC2CCC2)c1	0.020577
rxn:2:122141:71515	CCC1CCCCC1n1cc(NC(C)c2sccc2-c2cccs2)nn1	0.020542
rxn:2:108924:136376	CCCn1ccc2cccc(NC(c3cccs3)C3CCCCC3)c21	0.020532
rxn:2:78726:107842	CCC[C@H](NC(C)c1cccn(C(C)CC)c1=O)c1c[nH]c2ccccc12	0.020525
rxn:2:73835:151282	Cc1cccc2cc(C(C)N[C@H](C)c3cccc4ncccc34)cnc12	0.020469
rxn:2:67307:82249	COc1sc2c(c1CNC(CSc1nncs1)c1cccs1)CCCO2	0.020450
rxn:2:77308:109347	CCn1nc(CC2CCC2)cc1CNC(Cc1cccs1)c1cccs1	0.020432
rxn:2:134505:83534	CC(Nc1nc(N2CCC2)c2[nH]cnc2n1)c1cnc2[nH]cnc2n1	0.020428
rxn:2:128401:92488	CC(NC(C)(C)Cc1ncc(C(C)(C)C)[nH]1)c1cc(-c2ccsc2)cs1	0.020418
rxn:2:108957:101360	CC(NCC1(c2cccs2)CCCCC1)c1c[nH]cc1-c1ccccc1	0.020303
rxn:2:99656:103301	CCCC(N[C@H](c1ccc(C)cc1C)C(C)C)c1cccc(C(C)C)c1	0.020294
rxn:2:100436:111467	CCC(NCC1(CSc2ccccc2)CCC1)c1c(C)cc(C)cc1C	0.020248
rxn:2:96897:151649	Cc1nccc2cc(C(C)NCC3(Sc4ccccc4)CCCC3)ccc12	0.020235
rxn:2:86971:104954	CCC(CC)C(NCCc1nc(C)cc(CC(C)C)n1)c1cc(C)sc1C	0.020201
rxn:2:131401:96757	CCc1nc(CCNC(c2ccccc2)C(C)SC(C)C)c2ccccn12	0.020193
rxn:2:132059:153350	Cc1cccc2nc(C(C)Nc3cccc(-c4ccsc4)n3)ccc12	0.020190
rxn:2:157240:74127	Cc1nc(C(Nc2cc3[nH]c4ccccc4c3cn2)C(C)C)sc1C	0.020145
rxn:2:137967:89212	COc1ccc(-c2ncc[nH]2)c(NC(c2cccnc2)c2ccccn2)c1	0.020141
rxn:2:97857:95112	Cc1ccc(Cc2cnc(NC(c3ccccn3)c3cccs3)s2)o1	0.020109
rxn:2:92002:147697	CC(Nc1c(-n2cncn2)cc[nH]c1=O)c1c[nH]c(=O)c2ccccc12	0.020093
rxn:2:72656:135821	Cc1nccc2cccc(C(C)NCCc3cnc(-c4ccccn4)[nH]3)c12	0.020077
rxn:2:108729:149163	c1cc(CNC2CCCc3[nH]c4cccnc4c32)cc(-c2ncc[nH]2)c1	0.020074
rxn:2:106968:74816	Cc1cc(-c2ccncc2)ccc1NC(C)c1ccc2ccoc2c1	0.020033
rxn:2:121080:96376	CCC(CC)c1cc(C)nnc1NC(Cc1ccccc1)c1cccs1	0.020014
rxn:2:69982:67667	CC(NCc1cccc(-c2cccnc2)n1)c1n[nH]cc1-c1ccccc1	0.019941
rxn:2:106758:140337	CSc1nccc(C(C)N[C@@H](C)c2ccc(-c3cccs3)cc2)n1	0.019932
rxn:2:80999:91206	Cc1c(NC(CC2CCCC2)CC2CCCC2)cccc1-c1ccccc1	0.019815
rxn:2:101097:142489	c1ccc2cc(NC3CCc4ccc5ccccc5c43)cc-2cc1	0.019811
rxn:2:107229:142055	CCn1ccc2cc(CNC(C)c3ccc4sc(OC)nc4c3)ccc21	0.019796
rxn:2:112124:133863	Cc1ccc(C(NC(c2ccccc2)c2ncn(C)n2)c2cccs2)cc1	0.019776
rxn:2:123954:128117	Cc1ccccc1Cn1ccc(NC(C)c2csc(-c3cc[nH]c3)n2)n1	0.019769
rxn:2:133502:94756	Cc1ccc(SCCC(C)Nc2ccc(C)cc2C2CCCCC2)cc1	0.019766
rxn:2:80579:149815	Cc1nn(C)c2ncc(C(C)NCCc3cn(Cc4cccs4)cn3)cc12	0.019749
rxn:2:73836:104850	CCc1ccsc1-c1cc(NC(C)c2cn3ccnc3cc2OC)n(C)n1	0.019728
rxn:2:131047:80859	COc1cccc2[nH]cc(C(C)Nc3cc(C)nc(-c4ccsc4)n3)c12	0.019704
rxn:2:134517:134538	Cc1csc(C(CNC2CCCc3c2sc2nccn32)c2cccs2)n1	0.019665
rxn:2:77646:70907	CCCc1ccc2ncc(CNC(C)c3coc4cccc(OC)c34)n2n1	0.019628
rxn:2:126816:126000	Cc1ccccc1SC(C)CC(C)NC(c1c(C)cccc1C)C(C)C	0.019621
rxn:2:114489:134903	CCC(Nc1nc(C)cc2ccccc12)c1cc(C)c2ccsc2n1	0.019600
rxn:2:127212:133824	Cc1ccsc1[C@@H](NC(C)c1cccc2cccc(C)c12)C1CCCC1	0.019597
rxn:2:147372:77910	CCCc1ccnc(C(C)Nc2nc3ccc4snc(C)c4c3s2)c1	0.019529
rxn:2:122106:133697	Cc1ccccc1-n1ccnc1NC(C)c1cccc2c(C)cccc12	0.019501
rxn:2:81970:77974	CCOc1cccc2c1CCCC2NC(C)c1ccc(-c2ccccc2)s1	0.019492
rxn:2:78292:85265	CCCOc1nc(NC(c2ccoc2)c2sccc2C)nc2[nH]ncc12	0.019409
rxn:2:133235:109097	Cc1ccc(-c2ccsc2)cc1NC(c1cccc(C)c1C)C(C)(C)C	0.019408
rxn:2:87034:138667	Cc1ccc(Cn2nccc2NC(C)c2ccc(-c3ncc[nH]3)cc2)cc1	0.019291
rxn:2:147698:82538	Cc1nc2scc(CNC(C)c3cc(-c4ccccc4)cs3)n2c(=O)c1C	0.019255
rxn:2:81223:96813	CCCC(C)N1CCC(C(CC)Nc2nc(-c3ccc(CC)s3)c(C)s2)C1	0.019254
rxn:2:91601:130615	CCCc1cc(C(C)NCCc2csc(-c3ccccc3)n2)ccc1OC	0.019245
rxn:2:70932:109347	Cc1ccc2[nH]c(CNC(Cc3cccs3)c3cccs3)nc2c1C	0.019218
rxn:2:71293:154207	Cc1ccc2[nH]c3c(c2c1)CCC3Nc1ccc(-n2ccnc2C)cc1C	0.019172
rxn:2:124864:90675	CC(CCc1c[nH]c2cccnc12)N[C@H](C)c1ccc2[nH]ccc2c1	0.019141
rxn:2:104490:92004	Cc1cccc([C@H](NC(C)c2nc(-c3ccccc3)no2)c2ccsc2)n1	0.019118
rxn:2:86987:120681	CCC(NC(C)c1cnn(-c2ccccc2)c1)c1cccc2cccnc12	0.019065
rxn:2:83158:92856	CCCSc1cccc(C(C)Nc2nc(-c3cccs3)c(C)s2)c1	0.019060
rxn:2:66378:114075	CC(C)c1ccc2oc(CNC(Cc3ncc[nH]3)c3ccco3)cc2c1	0.019057
rxn:2:89273:91470	Cc1ccc(-c2cn[nH]c2NC(c2ccc(C)cc2)c2ncc[nH]2)cc1	0.019045
rxn:2:126939:91470	COc1ccc(OC)c2sc(NC(c3ccc(C)cc3)c3ncc[nH]3)nc12	0.019019
rxn:2:107208:110238	Cc1csc(-c2ccsc2C(C)NC2CCCc3oc4c(c32)CCCC4)c1	0.019010
rxn:2:86247:141213	Cc1ccsc1-c1ncc(C(C)Nc2cccc(-c3cc[nH]n3)c2)s1	0.018927
rxn:2:82598:91932	CCCCC(Nc1ccc(OCC)c(C(C)(F)F)c1)c1ccccc1OC	0.018859
rxn:2:129043:110960	CCCCC(Nc1ccc(-c2nc(C)c(C)o2)cc1)c1cccc(OC)c1	0.018836
rxn:2:140120:151332	Cc1cccc([C@H](CCC(C)C)NC(C)c2cc3ccccc3c(C)n2)c1	0.018819
rxn:2:110492:132398	CCC(C)SCC(Nc1ncnn1-c1ccc(SC)nc1)c1ccccc1	0.018782
rxn:2:88177:85834	CC(Nc1nc2ccccc2n1C1CCC1)c1conc1-c1ccccc1	0.018710
rxn:2:102445:116448	CCCC[C@H](NC(CC12CC(C1)C2)c1ccccc1)c1cc(C)cc(C)c1	0.018669
rxn:2:127634:158457	Cc1cc(C)c2cc(C(C)Nc3ncnc4c3Cc3nc[nH]c3C4)oc2c1	0.018660
rxn:2:81635:81086	Cc1ccccc1SC1CCCC1N[C@H](c1cc(C)c(C)o1)c1cccs1	0.018643
rxn:2:117829:76740	CCC(CCC(C)Nc1c(C)c(C2(C)CC2)nn1C(C)C)c1ccc(C)s1	0.018642
rxn:2:109358:102686	CSc1ccccc1-c1cnc(NC2CCC(C)(C)CC(C)(C)C2)s1	0.018531
rxn:2:97106:93140	CC(Nc1nnc(CCC2CCCCC2)s1)c1ccccc1SC(C)(C)C	0.018504
rxn:2:68189:65982	CC(C)CC1(CC(C)NC(C)c2cnc(N(C)CC3CC3)s2)CCCCC1	0.018478
rxn:2:130685:66793	CCn1c(C(C)Nc2cccnc2SCCC(C)(C)C)nc2ccccc21	0.018425
rxn:2:83854:119278	COc1cc(C)ccc1C(CSC)Nc1ccccc1Oc1ccccc1	0.018390
rxn:2:138033:95954	Cc1cc(NC(C)c2sc(-c3ccco3)nc2C)ccc1-c1cnn(C)c1	0.018202
rxn:2:131729:110542	Cc1nc(-c2cnco2)oc1C(C)Nc1cnn(Cc2n[nH]c(=O)[nH]2)c1	0.018114
rxn:2:99840:109097	CCCc1c(-c2cccs2)n[nH]c1NC(c1cccc(C)c1C)C(C)(C)C	0.018037
rxn:2:71817:167244	Cc1cnn2c(NC3CCCc4c3sc3ccccc43)cc(C(C)C)nc12	0.018016
rxn:2:72970:140161	CCOc1ncc(NC(C)c2coc3cc(OC)ccc23)c2ccccc12	0.018015
rxn:2:66507:147673	Cc1ccc2cc(C(C)NC3Cc4ccc5ccccc5c4C3)oc2c1C	0.017996
rxn:2:84162:92140	CC(Nc1ccc(Sc2cnn(C)c2)nc1)c1nc(-c2ccccc2)cs1	0.017925
rxn:2:84749:98025	COc1ccc2scc(C(C)NCC3CC3c3ccc4[nH]cnc4c3)c2c1	0.017889
rxn:2:158730:129164	Cc1nc2ccc3nc(NC(C)c4ccnc5ncccc45)sc3c2s1	0.017702
rxn:2:86609:150904	Cc1ccc2c(C(C)NCC(C)(C)c3ccc(CC(C)C)[nH]3)c(C)[nH]c2c1	0.017647
rxn:2:108615:82039	Cc1ccsc1C(CCC(C)C)Nc1ccsc1Cc1ccccc1	0.017563
rxn:2:147283:66791	Cc1csc(-c2csc(C(C)NCCn3ccc4ccccc4c3=O)c2)c1	0.017470
rxn:2:101992:140167	Cc1csc(C(NCc2c(C)ccc3ncccc23)c2sccc2C)c1	0.017291
rxn:2:105882:69130	FC1(F)CCCc2ccccc2C1Nc1ccc(SCc2cnoc2)cn1	0.017169
rxn:2:92496:126000	Cc1ccc(-c2ccccn2)cc1NC(C)CC(C)Sc1ccccc1C	0.017124
rxn:2:110100:122772	Cc1ccc(-c2ncc(C(C)Nc3ccc4[nH]c(C5CC5)nc4c3)s2)s1	0.016894
rxn:2:128338:118545	CC(C)C(Nc1ncc(CCc2ccccc2)[nH]1)c1ccc2cc[nH]c2n1	0.016309
rxn:2:88380:164085	c1csc(CCCc2nnc(NC3CCc4cccc5cccc3c45)s2)c1	0.016152
rxn:2:94464:102816	Cc1cc(C)nc(-c2nsc(NC(CSc3nnc[nH]3)c3cccs3)n2)c1	0.016063
rxn:2:134498:98025	COc1ccc2scc(C(C)Nc3nc4c(C(C)C)cccc4s3)c2c1	0.015817
rxn:2:115509:142149	COc1cccc(SCCC(C)Nc2ccc3ccn(CCSC)c3c2)c1	0.015646
rxn:2:73212:92695	CCc1ccc2[nH]c(C(C)Nc3n[nH]c4cccc(OC(C)C)c34)cc2c1	0.015561
rxn:2:117073:67691	CC(Nc1ccc(COc2ccccc2)s1)c1cccc(-c2ccc[nH]2)c1	0.014353
rxn:2:117322:101065	CCc1ccc2scc(CCNC(C)c3ccccc3-c3ccsc3)c2c1	0.013133
