name	smiles	heuristic
rxn:4:208108:229332	COc1[nH]ncc1-c1ccoc1	0.061177
rxn:4:211114:229128	Cc1ncc(Cl)cc1-c1cn[nH]c1	0.058155
rxn:4:217913:229039	Cc1c(Cl)cccc1-c1ncn[nH]1	0.058155
rxn:4:188212:223469	c1cc(-c2csc(OCC3CC3)n2)n[nH]1	0.057439
rxn:4:195108:223466	FC(F)c1nc(-c2cn[nH]c2)ccc1Cl	0.057331
rxn:4:192300:229339	CCS(=N)(=O)c1cccc(-c2nccs2)c1	0.056960
rxn:4:217929:229321	Cn1nc(-c2ccoc2Cl)nc1Cl	0.056723
rxn:4:217912:229147	COCn1ccc(-c2cnn[nH]2)n1	0.056457
rxn:4:215379:223464	COCc1nc(-c2cc[nH]c2)nn1C	0.056249
rxn:4:198112:229205	CCc1csc(-c2ocnc2C)c1	0.056245
rxn:4:208253:229345	CCn1ccnc1-c1ccno1	0.056193
rxn:4:211106:229130	Fc1cc(-c2nncs2)ccc1Cl	0.056114
rxn:4:217920:228168	CCOc1ccc(-c2n[nH]c(C)n2)c(Cl)c1	0.055825
rxn:4:217915:228442	COc1cc(Cl)c(F)cc1-c1n[nH]c(F)n1	0.055249
rxn:4:182519:223466	Cc1cc(Cl)cc(F)c1-c1cn[nH]c1	0.054974
rxn:4:181146:223461	COc1ccc(F)c(-c2cn[nH]c2C)c1Cl	0.054721
rxn:4:216556:223471	CC(C)c1nc(-c2cnn[nH]2)n[nH]1	0.054543
rxn:4:208714:223470	c1nnc(-c2nnc(C3CCOC3)s2)[nH]1	0.054365
rxn:4:209211:229305	Cc1n[nH]c(C(C)C)c1-c1cn(C)cn1	0.054338
rxn:4:198099:222417	Cc1scnc1-c1cnc(=O)[nH]c1C(C)C	0.054291
rxn:4:181269:229342	CCc1ccc(-c2cnsc2)cc1	0.054266
rxn:4:216368:228793	COc1cc(Cl)cc(-c2cc(C#N)n[nH]2)c1	0.054211
rxn:4:195295:229311	COc1ccncc1-c1cnc(C)s1	0.054067
rxn:4:220274:229291	Cc1csc(-c2n[nH]c(C(=O)N(C)C)n2)c1	0.053751
rxn:4:179158:223464	CSc1cc(SC)cc(-c2cc[nH]c2)c1	0.053675
rxn:4:196058:223462	Cc1cc(-c2ncc(C(C)(C)C)s2)n[nH]1	0.053561
rxn:4:198101:229243	Cc1cc(-c2cn(C)nc2C)sn1	0.053424
rxn:4:198081:228631	c1coc(-c2ccsc2C2CCC2)n1	0.053373
rxn:4:182434:223350	CCNCc1cncc(-c2occc2C)c1	0.053349
rxn:4:196172:229344	Cc1c(S(N)(=O)=O)ccc(-c2cocn2)c1Cl	0.053245
rxn:4:203262:223466	CCc1nc(-c2cn[nH]c2)cn1CC1CC1	0.053225
rxn:4:182468:223457	Cc1cc(-c2c(F)cc(Cl)cc2F)[nH]n1	0.053138
rxn:4:208029:229277	Cn1ncc(-c2cn(C(F)F)cn2)c1Cl	0.053117
rxn:4:205303:229332	CCCc1ccc(-c2ccoc2)nn1	0.053064
rxn:4:211145:229215	Clc1ccc(-c2cc(Cl)cnn2)cc1	0.053013
rxn:4:208001:228549	CCCc1ccc(-c2c[nH]c(C#N)c2)cn1	0.053012
rxn:4:195326:229273	COc1ccnc(-c2scnc2OC)c1Cl	0.052943
rxn:4:191663:223441	CCc1nc(OC)c(-c2ccccc2NC)s1	0.052932
rxn:4:181092:223459	CSc1ccc(F)cc1-c1[nH]ncc1C	0.052671
rxn:4:208683:229287	CCn1cnc(C)c1-c1sccc1C	0.052657
rxn:4:188351:229336	c1ncc(-c2csc(OCC3CCO3)n2)s1	0.052516
rxn:4:198087:228106	CCC(C)c1ncc(-c2csc(Cl)n2)cn1	0.052245
rxn:4:208817:229206	CCc1cc(-c2nc(C)ccc2S(N)(=O)=O)cs1	0.052146
rxn:4:220563:229075	Cc1cc(-c2nc(C#N)n[nH]2)sc1C#N	0.052108
rxn:4:211127:228748	COc1cc(C)c(-c2nnc(C)s2)cn1	0.051988
rxn:4:208111:228873	COc1ncc(-c2cnc(N(C)C)nc2)[nH]1	0.051985
rxn:4:191974:223449	CCCc1ccc(-c2cc(=O)[nH]cc2F)cn1	0.051964
rxn:4:208134:223448	CNc1ncc(-c2ccnc(C(F)F)n2)cn1	0.051938
rxn:4:194902:229207	COc1oncc1-c1ccnc(C)c1	0.051909
rxn:4:208001:228337	CCOc1cc(F)c(-c2c[nH]c(C#N)c2)cn1	0.051894
rxn:4:198098:229177	Cc1ncc(-c2c(F)cncc2F)s1	0.051855
rxn:4:208746:229061	CC(C)n1cc(-c2c[nH]nc2C2CCC2)cn1	0.051774
rxn:4:208694:229203	CCc1ccsc1-c1cnn(C)c1CC	0.051729
rxn:4:188342:223466	CCc1nc(-c2cn[nH]c2)sc1C(=O)OC	0.051719
rxn:4:196240:223462	Cc1cc(-c2cc(Cl)c(C3CCC3)cn2)n[nH]1	0.051719
rxn:4:216366:229161	COc1ncncc1-c1c[nH]nc1C#N	0.051597
rxn:4:208693:228556	CCc1nc(-c2ccc(COC)cc2)c(C)[nH]1	0.051532
rxn:4:179523:223463	c1cc(CC2CC2)cc(-c2ccc[nH]2)c1	0.051528
rxn:4:211243:227931	Cc1nc(-c2ccccc2OC2CC2)c(C)[nH]1	0.051491
rxn:4:211107:228876	FC1CC1n1cc(-c2nnco2)cn1	0.051476
rxn:4:198279:229305	Cc1c(Cl)cncc1-c1cn(C)cn1	0.051382
rxn:4:195400:228559	CCOc1ccc(-c2cc(S(C)(=O)=O)c[nH]2)cc1	0.051307
rxn:4:208360:228559	CCOc1ccc(-c2c[nH]c(C3CC3)n2)cc1	0.051233
rxn:4:181629:223460	Cc1nc(-c2cc(S(C)(=O)=O)cc(C)c2Cl)c[nH]1	0.051232
rxn:4:215327:228010	COCc1n[nH]c(-c2cc(Cl)ccc2C2CC2)n1	0.051217
rxn:4:216390:228678	CC(C)Cn1nccc1-c1n[nH]c(C(F)(F)F)n1	0.051106
rxn:4:182540:223457	Cc1cc(-c2cc(F)cc(C)c2F)[nH]n1	0.051090
rxn:4:211239:228363	Cc1n[nH]c(C)c1-c1cnc(N(C)C)cc1F	0.050983
rxn:4:195721:229312	Cc1nocc1-c1cc(Cl)cc(F)c1S(N)(=O)=O	0.050961
rxn:4:191647:229286	CCOc1ccnc(-c2ccn(C)c2)c1	0.050945
rxn:4:194898:228552	CCOc1cccc(-c2cc(OC)ns2)c1	0.050938
rxn:4:205149:229205	CCOc1ccc(-c2cc(CC)cs2)nn1	0.050917
rxn:4:215327:228434	COCc1n[nH]c(-c2ccc(C(F)F)c(F)c2)n1	0.050871
rxn:4:216377:223470	N#Cc1cncc(-c2nnc[nH]2)n1	0.050752
rxn:4:208026:229197	Cc1nc(C#N)sc1-c1cnn(C(F)F)c1	0.050638
rxn:4:217923:228439	COc1c(-c2ncnn2C)ccc(F)c1Cl	0.050621
rxn:4:198105:228777	COc1ccc(-c2cc(C)on2)c(F)c1	0.050604
rxn:4:217923:223356	CNC(=O)c1cccc(-c2ncnn2C)c1	0.050555
rxn:4:191673:223451	COCc1ccc(-c2ccccc2)cn1	0.050525
rxn:4:208100:229205	CCc1csc(-c2cncc(Cl)c2C#N)c1	0.050520
rxn:4:195054:228636	Cc1cc(F)cc(C)c1-c1ccc(S(N)(=O)=O)o1	0.050501
rxn:4:216559:229141	CCc1nc(-c2ccc(F)cc2Cl)nn1C	0.050434
rxn:4:208230:229267	COc1nc(-c2nc(C)c(C)s2)ncc1F	0.050425
rxn:4:208691:228262	COc1c(-c2cc(C(C)C)n[nH]2)ccc(C)c1Cl	0.050192
rxn:4:215415:228720	CCC(C)c1[nH]nnc1-c1c(C)cnn1C(C)C	0.050157
rxn:4:211223:223383	CC(=O)Nc1ccc(-c2cc(C)c(Cl)nn2)cn1	0.050150
rxn:4:208353:228771	CCc1ncc(-c2cnc(N(C)C)s2)cc1Cl	0.050147
rxn:4:215313:228752	N#CCc1[nH]ncc1-c1cc(F)ccc1C#N	0.050107
rxn:4:180867:229232	CCc1ncsc1-c1ccoc1C(F)(F)F	0.050104
rxn:4:216395:228093	CCCOc1cc(-c2nn[nH]c2OC)ccn1	0.050078
rxn:4:208976:229322	Clc1ccsc1-c1ccc(C2CCC2)nn1	0.050071
rxn:4:198223:228907	COc1nccc(-c2cnccc2C)c1Cl	0.050061
rxn:4:198105:228569	Cc1cc(-c2ccccc2N(C)C)no1	0.049962
rxn:4:211211:229298	Cc1ccnnc1-c1cnccn1	0.049924
rxn:4:195400:228414	COc1cc(-c2cc(S(C)(=O)=O)c[nH]2)cc(Cl)c1F	0.049906
rxn:4:211124:227875	Fc1c[nH]nc1-c1cccc2c1CCCO2	0.049892
rxn:4:211356:229015	CC(C)c1sccc1-c1cnn2c1OCC2	0.049869
rxn:4:191475:229321	COc1cccc(-c2ccoc2Cl)c1C#N	0.049864
rxn:4:216402:223309	CC(C)Nc1ccc(-c2cn(C)nc2C#N)cc1	0.049839
rxn:4:195307:229217	COc1cnc(-c2ccc(F)cc2)c(Cl)c1	0.049812
rxn:4:198112:228882	COc1ncc(-c2ocnc2C)c(C)n1	0.049804
rxn:4:195055:228008	NS(=O)(=O)c1cocc1-c1cc(Cl)cc(C2CC2)c1	0.049770
rxn:4:192039:229343	COc1cc(C)c(-c2ccsn2)cc1C#N	0.049768
rxn:4:195732:229226	COc1ccc(-c2ccc(C#N)s2)nc1C	0.049768
rxn:4:198100:228275	COc1c(F)cc(C)cc1-c1scnc1C	0.049760
rxn:4:205103:223464	COC(=O)c1cc(-c2cc[nH]c2)cnn1	0.049722
rxn:4:220568:228413	CCn1nnnc1-c1cc(OC)c(F)cc1Cl	0.049676
rxn:4:208817:229225	CCn1cc(-c2nc(C)ccc2S(N)(=O)=O)cn1	0.049662
rxn:4:208328:228996	CCc1cc(-c2[nH]nc(C)c2C(F)(F)F)ccn1	0.049639
rxn:4:216380:229014	CC(C)c1ccc(-c2ncc(C#N)cn2)s1	0.049633
rxn:4:208978:229341	c1cc(-c2ccon2)c(N2CCC2)cn1	0.049620
rxn:4:179504:223444	CCc1cc(-c2ccnc(NC)c2)ccc1OC	0.049570
rxn:4:196136:229010	Cc1ccc(S(N)(=O)=O)c(-c2cc(C(C)C)cs2)c1	0.049569
rxn:4:220591:228783	COc1ccc(Cl)c(-c2nnnn2C(C)C)c1	0.049564
rxn:4:180175:223460	CCC(C)(C)c1ccc(-c2c[nH]c(C)n2)cc1	0.049551
rxn:4:207978:228342	N#Cc1scnc1-c1cccc(OC(F)F)c1	0.049507
rxn:4:211184:228325	COc1cc(OC)c(-c2cc(Cl)n(C)n2)cn1	0.049476
rxn:4:217040:229275	Clc1cncc(-c2c[nH]c(N3CCOCC3)n2)n1	0.049333
rxn:4:205002:229141	COC(=O)c1cc(-c2ccc(F)cc2Cl)[nH]n1	0.049325
rxn:4:208684:223309	CCn1cnc(-c2ccc(NC(C)C)cc2)c1C	0.049278
rxn:4:191673:229247	COCc1ccc(-c2nn(C)cc2C)cn1	0.049274
rxn:4:205293:223438	FC(F)(F)c1[nH]ncc1-c1c[nH]nc1CC1CC1	0.049260
rxn:4:181391:229226	COc1ccc(C)c(-c2ccc(C#N)s2)c1	0.049237
rxn:4:211186:227970	Cc1n[nH]c(-c2ccncc2C(C)(C)C)c1Cl	0.049221
rxn:4:177272:229346	CC(C)COc1ccc(Cl)cc1-c1cnon1	0.049207
rxn:4:204975:229089	COCc1nnc(-c2ccsc2C(C)=O)s1	0.049184
rxn:4:208066:229287	Cc1ccsc1-c1cc(C#N)c(F)cn1	0.049127
rxn:4:208214:228867	CCc1nc(OC)c(-c2nccc(OC)n2)s1	0.049013
rxn:4:195580:228548	CCCc1cncc(-c2cccc(S(N)(=O)=O)c2)c1	0.049009
rxn:4:211146:228992	N#Cc1cccc(-c2ccc(Cl)nn2)c1	0.048998
rxn:4:208290:229306	Cc1cnc(-c2nccc(C#N)c2C)s1	0.048964
rxn:4:195018:228114	CCc1cnc(-c2ccc(C#N)c(OC)c2)s1	0.048950
rxn:4:192141:229301	CCC=Cc1ccc(-c2cccnn2)nc1	0.048939
rxn:4:216450:229321	Cn1nc(-c2ccoc2Cl)nc1C(F)(F)F	0.048919
rxn:4:208086:229052	CCCn1nccc1-c1cn(C(F)(F)F)cn1	0.048916
rxn:4:198084:228838	Cc1cc(F)cc(Cl)c1-c1cnc(Cl)s1	0.048894
rxn:4:208504:228991	CCCc1sccc1-c1nccn1C1COC1	0.048873
rxn:4:179599:229343	CC(C)Oc1c(-c2ccsn2)ccc(F)c1F	0.048827
rxn:4:195479:223443	CNc1ccc(-c2cc(F)cc(C)c2C#N)cn1	0.048799
rxn:4:176757:229303	CCCOc1ccc(Cl)c(-c2ncccn2)c1	0.048796
rxn:4:204970:229269	CCn1ncc(-c2nc(SC)sc2C#N)n1	0.048786
rxn:4:207975:228781	N#Cc1cnc(-c2ccc(C(F)F)cc2)o1	0.048784
rxn:4:216366:228394	N#Cc1n[nH]cc1-c1ccccc1C(F)(F)F	0.048730
rxn:4:182994:223464	Fc1cc(-c2cc[nH]c2)cc2c1OCCC2	0.048715
rxn:4:191858:229221	COC(=O)c1[nH]c(-c2sc(C)cc2C)cc1C	0.048715
rxn:4:198119:228507	CCCc1cccc(-c2cccnc2)c1	0.048714
rxn:4:191758:229323	COc1cc(C(F)F)c(-c2csc(Cl)c2)cn1	0.048686
rxn:4:209198:229281	CC(C)c1ncc(-c2cnc(F)cn2)n1C	0.048648
rxn:4:198109:227991	Cc1coc(-c2ccc(Cl)cc2C2CC2)n1	0.048613
rxn:4:208031:228755	COc1cncc(-c2nccn2C(F)F)c1C	0.048600
rxn:4:216597:228519	Cc1cc(C)c(-c2nnc(C3(C)CC3)[nH]2)c(C)c1	0.048587
rxn:4:215315:229331	N#Cc1cc(-c2cccs2)cc(C#N)n1	0.048521
rxn:4:205211:229323	COC(=O)c1cnc(-c2csc(Cl)c2)n1C	0.048504
rxn:4:204966:228974	CS(=O)(=O)n1cc(-c2cnc(CC#N)s2)cn1	0.048474
rxn:4:182558:223399	CNCc1ccccc1-c1ccc(C)c(F)c1F	0.048467
rxn:4:179038:229308	CCOc1cc(F)c(F)cc1-c1cc(C)no1	0.048448
rxn:4:211197:228323	CCOc1nccc(-c2nn(C)cc2F)c1F	0.048445
rxn:4:177278:229337	CC(C)COc1cccc(-c2cnco2)c1Cl	0.048411
rxn:4:208356:228848	COc1c(-c2c(F)cc(C)cc2Cl)cnn1C	0.048411
rxn:4:181273:222417	Cc1cc(-c2cnc(=O)[nH]c2C(C)C)ccc1CF	0.048398
rxn:4:208435:229229	N#Cc1cscc1-c1cn(C2CC2(F)F)cn1	0.048393
rxn:4:194907:228989	CSc1ncc(-c2c(C)cccc2C)s1	0.048351
rxn:4:181393:229311	CSc1ccc(-c2cnc(C)s2)cc1C	0.048351
rxn:4:208677:229040	CCn1cc(-c2cccc(C)c2Cl)c(C)n1	0.048259
rxn:4:195416:229337	CC(=O)c1cncc(-c2cnco2)c1	0.048254
rxn:4:196646:229327	Cn1nncc1-c1nc(C2CCCCC2)cs1	0.048252
rxn:4:179617:229290	COc1ccc(S(C)(=O)=O)cc1-c1ccsc1C	0.048242
rxn:4:195016:227945	CCc1ncc(-c2ccc(N(C)C)c(C)c2)s1	0.048219
rxn:4:196017:229278	Cn1ncc(Cl)c1-c1cccc(C2COC2)n1	0.048216
rxn:4:195053:227808	NS(=O)(=O)c1occc1-c1ccc2c(c1)CCCC2	0.048212
rxn:4:220780:229039	Cc1c(Cl)cccc1-c1n[nH]c(N2CCOCC2)n1	0.048188
rxn:4:208723:228969	CS(=N)(=O)c1ccc(-c2cscc2C(F)(F)F)cn1	0.048186
rxn:4:208285:228566	CC(C)Cc1sccc1-c1cnn(S(C)(=O)=O)c1	0.048162
rxn:4:181600:223453	Cc1cc(-c2cccnc2)ccc1S(C)(=O)=O	0.048154
rxn:4:217032:229317	Fc1ccc(-c2ncnc(C3CCCC3)n2)s1	0.048143
rxn:4:194901:228091	CCN(CC)c1ccc(-c2cc(OC)no2)s1	0.048140
rxn:4:181088:229207	COc1cc(-c2ccnc(C)c2)ccc1F	0.048137
rxn:4:196223:229309	Cc1ncc(-c2ccnc(C)c2C2CC2)o1	0.048123
rxn:4:196499:223448	CNc1ncc(-c2ccnc(C3CCCO3)c2)cn1	0.048081
rxn:4:196128:223443	CNc1ccc(-c2cc(C3OCCO3)ccn2)cn1	0.048073
rxn:4:182537:229315	Cc1cc(F)c(F)cc1-c1ocnc1C	0.048009
rxn:4:216403:228903	COc1ncc(Cl)cc1-c1c(C#N)cnn1C	0.047979
rxn:4:194919:229091	CC(=O)c1ncc(-c2ccoc2C(C)=O)s1	0.047958
rxn:4:211162:229309	Cc1ncc(-c2cc(F)ncn2)o1	0.047953
rxn:4:208784:229211	Cc1ncccc1-c1ccc(N(C)C)nc1	0.047951
rxn:4:211271:228680	CCCn1nc(C)cc1-c1nc(C)n(C)c1C	0.047950
rxn:4:211198:228099	CCN(C)c1cncc(-c2cc(F)nn2C)c1	0.047940
rxn:4:195769:229016	COc1ncc(-c2ccsc2C2CC2)cc1C	0.047937
rxn:4:181087:229083	COc1cc(F)cc(-c2cnc(C(C)C)o2)c1	0.047923
rxn:4:205201:229276	Cc1cc(CC#N)ncc1-c1cnc(Cl)cn1	0.047916
rxn:4:205587:223397	CCN(C)c1ccnc(-c2ccc3c(c2)CCN3)c1	0.047911
rxn:4:212180:227931	c1ccc(-c2nc3c([nH]2)CCCC3)c(OC2CC2)c1	0.047894
rxn:4:215401:229295	CC(C)n1ncc(C#N)c1-c1ccnn1C	0.047885
rxn:4:217935:227922	CCc1cc(OC)ccc1-c1nc(C)n(C)n1	0.047868
rxn:4:208235:223398	CNCc1ccc(-c2cnc(OC)nc2Cl)cc1	0.047857
rxn:4:215346:228752	CCCn1ncnc1-c1cc(F)ccc1C#N	0.047817
rxn:4:215318:228788	COC(=O)c1nn[nH]c1-c1cc(Cl)ccc1OC	0.047773
rxn:4:209291:229269	CCn1ncc(-c2cnc(C(C)C)nc2C)n1	0.047770
rxn:4:208856:229073	COc1cnccc1-c1cnc(S(N)(=O)=O)c(C)c1	0.047767
rxn:4:209270:223398	CNCc1ccc(-c2cn(C3CCCC3)cn2)cc1	0.047752
rxn:4:195757:229057	COc1cc(C)cc(-c2cnn(C3CC3)c2)n1	0.047752
rxn:4:198112:228184	COc1ccc(-c2ocnc2C)cc1SC	0.047743
rxn:4:211210:228949	Cc1cnnc(-c2c(F)cc(F)cc2Cl)c1	0.047731
rxn:4:192694:229301	Cc1cc(OC(C)C)ncc1-c1cccnn1	0.047727
rxn:4:205237:229283	CCc1nccc(-c2ccncc2)c1C#N	0.047709
rxn:4:205245:229284	CCc1cc(C#N)ncc1-c1cccnc1	0.047709
rxn:4:198581:229087	CC(=O)c1ccsc1-c1[nH]cc2c1CCS2(=O)=O	0.047704
rxn:4:195407:229063	N#Cc1cnccc1-c1cnc(C2COC2)s1	0.047697
rxn:4:203098:229152	Cn1ncc(C#N)c1-c1c[nH]nc1OCC1CCC1	0.047694
rxn:4:195291:229077	COc1ccc(-c2ccc(SC)nc2)cn1	0.047634
rxn:4:216368:227869	CC1Cc2cc(-c3cc(C#N)n[nH]3)ccc2O1	0.047609
rxn:4:179695:229277	COc1cc(C)c(-c2cnn(C)c2Cl)cc1OC	0.047591
rxn:4:209199:229238	CSc1sccc1-c1cnc(C)n1C(C)C	0.047565
rxn:4:195520:228879	CCc1ccc(-c2ccnn2C2COC2)cn1	0.047565
rxn:4:216414:227903	CCN(C)c1cccc(-c2ncnn2CC)c1	0.047563
rxn:4:208747:229064	CN(C)c1ccc(-c2ccnn2C2CC2)nc1	0.047546
rxn:4:202915:229015	CCOCn1ccnc1-c1ccsc1C(C)C	0.047539
rxn:4:211219:223347	Cc1nc(Cl)cnc1-c1cccc2c1CNC2=O	0.047517
rxn:4:188549:223468	COC(=O)c1c(-c2c[nH]cn2)ccnc1OC	0.047502
rxn:4:208749:229150	Cc1sc(N(C)C)nc1-c1cnc(C#N)nc1	0.047493
rxn:4:192526:223452	Cc1n[nH]c(C)c1-c1ccc(S(=N)(=O)C2CC2)cc1	0.047487
rxn:4:216472:223341	COc1c(-c2ccc3c(c2)CC(=O)N3)nnn1C	0.047486
rxn:4:195259:229041	Cc1cccc(F)c1-c1nc(C2CC2)cs1	0.047467
rxn:4:218186:229078	COc1cncc(-c2nc3n(n2)CCC3)c1	0.047423
rxn:4:205310:229002	CCCc1ncncc1-c1ccc(OC)cc1	0.047419
rxn:4:195021:227958	CCc1coc(-c2ccnc(C3CCC3)c2)n1	0.047398
rxn:4:208017:222421	N#Cc1ccnc(-c2cncc(S(N)(=O)=O)c2)c1	0.047361
rxn:4:191846:229289	Cc1ccc(-c2cscc2C)c(CC#N)c1	0.047340
rxn:4:220567:228188	CCOc1c(Cl)cccc1-c1nnn(C)c1C#N	0.047336
rxn:4:191248:228262	COCc1cnc(-c2ccc(C)c(Cl)c2OC)s1	0.047330
rxn:4:216572:228683	CCCc1ncc(-c2c(CC)nnn2C)cn1	0.047328
rxn:4:195300:228677	COc1cc(-c2cnn(CC(C)C)c2)ncc1Cl	0.047325
rxn:4:195503:228357	COc1nc(C)c(-c2csc(C(C)C)n2)c(C)n1	0.047317
rxn:4:188296:229304	Cc1ccc(OCC#N)c(-c2ccncn2)c1	0.047298
rxn:4:216598:229057	CN(C)c1cncc(-c2cnn(C3CC3)c2)n1	0.047292
rxn:4:191653:222421	COCc1cccc(-c2cncc(S(N)(=O)=O)c2)n1	0.047271
rxn:4:220274:228994	CN(C)C(=O)c1nc(-c2ccccc2C#N)n[nH]1	0.047270
rxn:4:205193:228589	CCCn1cnc(-c2ccc(C(C)C)nc2)c1	0.047249
rxn:4:188388:229336	CCOC(=O)c1cnc(-c2cncs2)c(Cl)c1	0.047243
rxn:4:215428:229268	Cc1cc(-c2cncc(C(=O)N(C)C)n2)sc1Cl	0.047235
rxn:4:220271:223462	Cc1cc(-c2nc(C#N)c(C#N)[nH]2)n[nH]1	0.047200
rxn:4:209201:228379	Cc1[nH]nc(C(C)C)c1-c1cc(F)c(F)cc1C#N	0.047182
rxn:4:209210:223381	CCCNc1ncc(-c2nn(C(C)C)cc2C)cn1	0.047173
rxn:4:198113:228590	Cc1nc(-c2cccc(C)c2C#N)co1	0.047164
rxn:4:180910:228225	CCc1ccoc1-c1cc(Cl)cnc1C1CC1	0.047161
rxn:4:195677:228552	CCOc1cccc(-c2c(Cl)cccc2S(N)(=O)=O)c1	0.047156
rxn:4:191733:229236	COc1csc(-c2ncc(C)cc2OC(F)F)c1	0.047151
rxn:4:208293:228897	COc1ncc(F)cc1-c1cn(C(F)F)c(C)n1	0.047132
rxn:4:191226:229214	COC(=O)c1ncc(-c2cccc(Cl)c2)o1	0.047123
rxn:4:180942:229147	COCn1ccc(-c2ccc(Cl)c(C(F)F)c2)n1	0.047088
rxn:4:181684:229254	COc1ccc(C)c(-c2ccncc2Cl)c1C	0.047030
rxn:4:208760:223349	O=C1NCc2cccc(-c3cnn(C4CCC4)c3)c21	0.047029
rxn:4:182459:228995	CCc1cncc(-c2cc(F)cc(F)c2)c1	0.046983
rxn:4:208216:227995	COc1c(C)cc(C)cc1-c1cn[nH]c1C(C)=O	0.046915
rxn:4:191326:228724	COC(=O)c1c[nH]c(-c2ccc(C#N)cc2Cl)c1	0.046908
rxn:4:196204:229197	COc1c(C)cc(C)nc1-c1cnn(C(F)F)c1	0.046880
rxn:4:195538:229112	CC(F)c1cncc(-c2ccc(=O)n(C)c2)c1	0.046874
rxn:4:179201:229301	COc1c(SC)ccc(-c2cccnn2)c1Cl	0.046847
rxn:4:198306:228559	CCOc1ccc(-c2ncc(C)cc2C)cc1	0.046825
rxn:4:195721:229158	CC(C)n1ncnc1-c1cc(Cl)cc(F)c1S(N)(=O)=O	0.046810
rxn:4:179704:229231	CCc1ncc(-c2cc(C)cc(OC)c2OC)s1	0.046808
rxn:4:205005:228979	CCc1ccccc1-c1ccn(CC(F)F)n1	0.046785
rxn:4:208770:229125	Cc1cncc(-c2ccn(C3CCC3)n2)c1F	0.046743
rxn:4:195517:228589	CCc1cncc(-c2ccc(C(C)C)nc2)c1	0.046737
rxn:4:198220:228553	CCSc1ccc(-c2onc(C)c2C)cc1	0.046708
rxn:4:208196:227961	CC(=O)c1ncc(-c2ccc(C3CC3)nc2C)[nH]1	0.046691
rxn:4:180910:227945	CCc1ccoc1-c1ccc(N(C)C)c(C)c1	0.046688
rxn:4:195337:228992	COc1ccnc(-c2cccc(C#N)c2)c1F	0.046675
rxn:4:195565:229148	Cc1cc(C(F)F)cnc1-c1cnn(CCF)c1	0.046652
rxn:4:215389:229290	Cc1sccc1-c1cnn(C2(C(F)(F)F)CC2)n1	0.046643
rxn:4:218039:229158	CC(C)n1ncnc1-c1cnc2c(c1)CN=N2	0.046622
rxn:4:189071:223449	O=c1cc(-c2ccc(OCC3CCC3)nc2)c(F)c[nH]1	0.046615
rxn:4:198219:228806	CSc1cc(Cl)cc(-c2nc(C)oc2C)c1	0.046577
rxn:4:182202:223456	COc1ccc2c(c1-c1ccc(=O)[nH]n1)C(=O)CC2	0.046574
rxn:4:216586:228101	N#Cc1cc(C#N)cc(-c2nc(C3CCC3)n[nH]2)c1	0.046571
rxn:4:195559:229115	Cc1ncc(F)cc1-c1ncc(C2OCCO2)s1	0.046554
rxn:4:195042:229019	Cc1ccc(-c2cccc(C(F)F)n2)c(C)n1	0.046551
rxn:4:181099:229247	CSc1cc(F)cc(-c2nn(C)cc2C)c1	0.046550
rxn:4:194957:229159	COc1ncc(-c2cccc(F)c2C#N)cn1	0.046547
rxn:4:205479:229248	Cc1cnn(C)c1-c1cnn(S(=O)(=O)C(C)C)c1	0.046543
rxn:4:179252:229249	COc1cc(F)c(OC)c(-c2cnnc(C)c2)c1	0.046505
rxn:4:211248:228118	COc1cccc(-c2cn(C)c(C)n2)c1C#N	0.046494
rxn:4:209286:229249	Cc1cc(-c2ccc(N(C)C)nc2C)cnn1	0.046474
rxn:4:215346:228275	CCCn1ncnc1-c1cc(C)cc(F)c1OC	0.046450
rxn:4:181101:229157	COc1cc(F)c(Cl)cc1-c1ccnc(C#N)n1	0.046438
rxn:4:217939:227827	Cc1ccc(C2CC2)cc1-c1nn(C)nc1C	0.046430
rxn:4:211140:228476	FC(F)(F)c1ncccc1-c1cnc(Cl)cn1	0.046428
rxn:4:176356:229241	Cc1c(-c2ccc(COC(F)F)cc2)cnn1C	0.046415
rxn:4:217934:228006	COc1cc(-c2nc(C)nc(Cl)n2)c(C)cc1C	0.046401
rxn:4:182516:228761	COc1cc(-c2cccc(C)c2F)cnc1C	0.046388
rxn:4:208221:228971	CC(=O)n1cnc(-c2csc(C(F)(F)F)c2)c1	0.046363
rxn:4:198258:228156	COc1ccc(OC)c(-c2nccc(C)c2F)c1	0.046341
rxn:4:211254:228388	Cc1cnc(C(F)F)cc1-c1nc(Cl)n(C)c1C	0.046330
rxn:4:208196:227814	CC(=O)c1ncc(-c2ccc(CC3CC3)cc2)[nH]1	0.046323
rxn:4:208131:229072	CSc1cncc(-c2cnc(C(F)F)cn2)c1	0.046311
rxn:4:179046:229263	COC(F)(F)c1ccc(-c2cnccc2F)cc1	0.046311
rxn:4:182918:229322	O=C1COc2ccc(-c3sccc3Cl)cc2C1	0.046298
rxn:4:179221:229240	CC(=O)Cc1cccc(F)c1-c1cnc(C)nc1	0.046295
rxn:4:208220:227906	CCC(C)c1ncccc1-c1nsc(C2CC2)n1	0.046274
rxn:4:194897:228268	COc1nscc1-c1ccc(C)c(F)c1SC	0.046271
rxn:4:216781:229061	CC(C)n1cc(-c2cn(C3CCCO3)nn2)cn1	0.046242
rxn:4:208356:228091	CCN(CC)c1ccc(-c2cnn(C)c2OC)s1	0.046236
rxn:4:212182:229286	Cn1ccc(-c2ncc3n2CCCC3)c1	0.046225
rxn:4:216565:228209	Cc1cc(Cl)c(-c2cnnn2C(C)C)cc1C#N	0.046218
rxn:4:209203:228679	CC(C)(C)n1nccc1-c1cnn(CC2CC2)c1	0.046216
rxn:4:209736:223447	Cc1cc(-c2ncc(N3CCC(C)CC3)s2)cc(=O)[nH]1	0.046207
rxn:4:188108:229038	Cc1ccc(Cl)c(-c2ncccc2OCCF)c1	0.046206
rxn:4:181586:229240	Cc1ncc(-c2ccc(C(C)C)cc2F)cn1	0.046204
rxn:4:198266:228586	Cc1cnc(-c2cccnc2C(C)C)c(F)c1	0.046204
rxn:4:208289:229030	Cc1ccc(F)cc1-c1cc(C(F)F)nn1C	0.046202
rxn:4:211246:228415	Cc1cc(-c2cc(F)ccc2C(F)F)n(C)n1	0.046202
rxn:4:216379:228161	CCOc1ccc(-c2ccc(C#N)nn2)c(F)c1	0.046153
rxn:4:195561:228994	N#Cc1ccccc1-c1nc(C2OCCO2)cs1	0.046151
rxn:4:182632:223445	COc1cc[nH+]cc1-c1ccc2c(c1)C(=O)C2	0.046144
rxn:4:196203:229146	COCn1cc(-c2cc(C)c(OC)c(C)n2)cn1	0.046138
rxn:4:214423:223346	CC(C#N)Cn1cc(-c2ccc3c(c2)CNC3=O)cn1	0.046132
rxn:4:181084:228793	COc1cc(Cl)cc(-c2ccc(F)cc2OC)c1	0.046129
rxn:4:208761:228780	COc1c(F)cccc1-c1cn(C2CC2)nc1C	0.046117
rxn:4:181446:223312	COc1cc(-c2ccc(C3CNC3)cc2)c(C)cc1F	0.046113
rxn:4:207972:228490	N#Cc1ncc(-c2cccc(S(=O)(=O)F)c2)s1	0.046098
rxn:4:208700:228498	CCn1c(-c2cn(C)nc2C(F)(F)F)cnc1C	0.046095
rxn:4:196487:223438	FC(F)(F)c1[nH]ncc1-c1cnc(C2CCOCC2)o1	0.046095
rxn:4:188049:229210	CCOC(=O)c1ncsc1-c1ccc(C)nc1	0.046092
rxn:4:198145:228412	COc1cc(-c2cncc(F)c2Cl)c(F)cc1F	0.046087
rxn:4:198172:228398	COc1ccc(Cl)c(-c2ncc(F)cc2F)c1F	0.046087
rxn:4:188822:229315	COc1nc(-c2ocnc2C)ccc1OC1CC1	0.046081
rxn:4:205001:228169	CCOc1ccc(-c2cn[nH]c2C(=O)OC)cc1Cl	0.046040
rxn:4:192317:229250	Cc1cncc(-c2cnccc2OC2CCC2)n1	0.046035
rxn:4:205001:228004	COC(=O)c1[nH]ncc1-c1ccc(C2CC2)c(Cl)c1	0.046021
rxn:4:215387:229277	Cn1ncc(-c2cnc(C3(C#N)CC3)nc2)c1Cl	0.046008
rxn:4:218231:228559	CCOc1ccc(-c2nnc3n2CCOC3)cc1	0.045999
rxn:4:195750:228611	COc1ccc(C)c(-c2nc(OC)ccc2C)c1	0.045985
rxn:4:205255:229246	Cc1ncc(-c2cc(CC(F)(F)F)n(C)n2)n1C	0.045984
rxn:4:180916:228737	COc1ccc(-c2c(F)cccc2CF)c(C)n1	0.045972
rxn:4:191213:229046	COC(=O)c1ncsc1-c1c(C)cccc1Cl	0.045956
rxn:4:208369:228600	COc1ccc(-c2cc(SC)n(C)n2)c(C)c1	0.045933
rxn:4:179073:229209	CCOc1ccc(F)c(-c2ccncc2C)c1F	0.045910
rxn:4:194984:229284	N#Cc1c(F)ccc(-c2cccnc2)c1F	0.045900
rxn:4:215760:229283	Cn1ncc(-c2ccncc2)c1CN1CCCC1	0.045891
rxn:4:220718:228087	N#CCOc1ccc(-c2nc(N3CCCC3)n[nH]2)cc1	0.045888
rxn:4:195286:228136	c1cc(OC2CC2)ncc1-c1coc(C2CC2)n1	0.045882
rxn:4:217921:228715	Cc1nc(C#N)ccc1-c1ncn(C)n1	0.045880
rxn:4:205350:229202	CCc1ccc(-c2cncc(C3CC3)c2C#N)s1	0.045871
rxn:4:195262:227902	CCc1cc(-c2ncc(C3CC3)s2)ccc1C#N	0.045871
rxn:4:205123:228996	CCc1cc(-c2cncc(OC)c2C#N)ccn1	0.045865
rxn:4:191861:229053	COCc1ccc(-c2ccc(OC3CC3)cn2)s1	0.045843
rxn:4:220567:229137	Cn1nnc(-c2c(F)cccc2F)c1C#N	0.045843
rxn:4:198105:227946	Cc1cc(-c2ccc(C(C)(C)C)nc2)no1	0.045840
rxn:4:208636:223469	c1cc(-c2cncs2)c(-c2cc[nH]n2)cn1	0.045818
rxn:4:208578:223465	c1cc(-c2ccc(-c3cncs3)cn2)[nH]n1	0.045818
rxn:4:208132:228721	CC(C)(C)n1nccc1-c1cc(C(F)F)ncn1	0.045817
rxn:4:215657:223437	CN(C)c1ncc(-c2cc(C#N)[nH]c(=O)c2)n1C1CC1	0.045790
rxn:4:198246:228818	Cc1c(Cl)ccnc1-c1cc(C)c(=O)n(C)c1	0.045757
rxn:4:195023:228429	CCc1ncc(-c2c(F)ccc(SC)c2F)o1	0.045751
rxn:4:181395:229146	COCn1cc(-c2ccc(C)cc2SC)cn1	0.045738
rxn:4:205594:229162	COc1cnc(-c2cn(C)c(OC(C)C)n2)cn1	0.045737
rxn:4:195801:228996	CCc1cc(-c2nccc(Cl)c2C2CC2)ccn1	0.045727
rxn:4:204984:223310	N#Cc1cc(C#N)cc(-c2ccc(NC3CC3)cc2)c1	0.045719
rxn:4:208309:228550	CCCc1cc(-c2cncc(C)c2C#N)ccn1	0.045706
rxn:4:192459:229094	CCC(C)c1cccc(-c2cnc(C)nc2C)n1	0.045700
rxn:4:198316:229107	Cc1ccc(-c2c(C)cncc2F)c(C)n1	0.045694
rxn:4:208779:228741	CC(C)c1cncnc1-c1cc(C#N)ccc1Cl	0.045686
rxn:4:178992:229247	CCSc1ccc(-c2nn(C)cc2C)c(Cl)c1	0.045682
rxn:4:188323:223454	COC(=O)Cc1ccncc1-c1ccc[nH]c1=O	0.045667
rxn:4:198273:229065	Cc1cc(F)c(-c2ccnc(C#N)c2)cn1	0.045665
rxn:4:198137:228709	Cc1cc(-c2ccncc2F)cc(C#N)n1	0.045665
rxn:4:192718:229283	Fc1ccc(CN2CCC2)cc1-c1ccncc1	0.045658
rxn:4:211222:228529	Cc1nc(-c2ccc3c(c2)CCO3)cnc1Cl	0.045638
rxn:4:209287:229297	CC(C)(C)c1ncc(-c2cncnc2)cn1	0.045629
rxn:4:195338:229005	COc1ccccc1-c1ncc(F)cc1SC	0.045624
rxn:4:195287:228804	COc1nc(C)sc1-c1ccc(SC)c(Cl)c1	0.045600
rxn:4:202870:229223	Cc1csc(C)c1-c1cnn(CCC(F)(F)F)c1	0.045589
rxn:4:216605:229112	Cn1nc(-c2ccc(=O)n(C)c2)c(C2CC2)n1	0.045573
rxn:4:196556:229276	CC(C)(C)c1cncc(-c2cnc(Cl)cn2)c1	0.045552
rxn:4:178846:223441	CNc1ccccc1-c1cc(Cl)ccc1C(=O)OC	0.045540
rxn:4:208420:229145	Cc1cc(-c2cccc(Cl)c2F)nc(C(F)F)n1	0.045522
rxn:4:205002:228744	COC(=O)c1cc(-c2ccc(F)c(C#N)c2)[nH]n1	0.045500
rxn:4:205594:223352	CC(C)Nc1ccc(-c2cn(C)c(OC(C)C)n2)cn1	0.045499
rxn:4:208802:229230	CC(C)c1ncnc(Cl)c1-c1cc(C#N)cs1	0.045495
rxn:4:198258:227916	Cc1ccnc(-c2ccc(OC3CC3)cc2)c1F	0.045495
rxn:4:202838:228998	CCCSc1nnc(-c2cccnc2CC)s1	0.045487
rxn:4:188108:228986	Cc1cccc(-c2ncccc2OCCF)c1C	0.045485
rxn:4:180966:229283	Fc1c(-c2ccncc2)ccc(Cl)c1C(F)F	0.045470
rxn:4:195113:229216	Fc1ccccc1-c1c(Cl)ccnc1C(F)F	0.045470
rxn:4:192448:229223	CCc1cc(-c2c(C)csc2C)cc(CC)n1	0.045450
rxn:4:191367:229263	N#CCc1cc(F)c(F)cc1-c1cnccc1F	0.045423
rxn:4:179137:223360	CNCc1cccc(-c2cc(OC)ccc2OC)c1F	0.045422
rxn:4:194983:223313	N#Cc1c(F)ccc(F)c1-c1ccc(C2(O)CC2)cc1	0.045414
rxn:4:176595:223454	CCOC(=O)c1ccc(F)cc1-c1ccc[nH]c1=O	0.045405
rxn:4:188856:229289	Cc1cscc1-c1ccc(C#N)c(OC(C)C)c1	0.045387
rxn:4:195355:228404	COc1cc(-c2ccc(F)c(OC)c2Cl)ncc1F	0.045346
rxn:4:182632:229245	Cc1cc(-c2ccc3c(c2)C(=O)C3)n(C)n1	0.045341
rxn:4:181469:229112	COc1cc(C)cc(-c2ccc(=O)n(C)c2)c1F	0.045340
rxn:4:180928:228882	COc1ncc(-c2ccc(Cl)c(CF)c2F)c(C)n1	0.045338
rxn:4:191891:228887	COc1cc(OC)c(-c2cc(C#N)ncc2Cl)cn1	0.045333
rxn:4:216921:229232	CCc1ncsc1-c1cnc(N2CCCC2=O)cn1	0.045332
rxn:4:205880:229344	CC(C)(C)Oc1nc(Cl)cc(-c2cocn2)n1	0.045311
rxn:4:199009:229319	CN1C(=O)Cc2c(-c3ccc(Cl)s3)cccc21	0.045296
rxn:4:182888:228934	COc1cc(Cl)c(-c2csc3c2CCCC3)cn1	0.045290
rxn:4:182573:229210	Cc1ccc(-c2c(C)cccc2C)cn1	0.045287
rxn:4:181044:223468	Fc1ccc(C(F)(F)F)c(-c2c[nH]cn2)c1F	0.045285
rxn:4:191735:223421	CNC(C)c1ccc(-c2nccc(OC(F)F)c2C)s1	0.045282
rxn:4:208379:228984	Cc1ccc(C)c(-c2cn(C3CC3)c(F)n2)c1	0.045280
rxn:4:212178:228490	O=S(=O)(F)c1cccc(-c2n[nH]c3c2CCCC3)c1	0.045265
rxn:4:208099:228136	N#Cc1ncc(Cl)cc1-c1ccc(OC2CC2)nc1	0.045262
rxn:4:199308:229343	CN1CCCc2ccc(F)c(-c3ccsn3)c21	0.045248
rxn:4:216578:227892	CN(C)Cc1ccc(-c2c(S(N)(=O)=O)cnn2C)cc1	0.045196
rxn:4:182995:229149	CCOc1nc(-c2cc(F)cc3c2OCCC3)cs1	0.045192
rxn:4:194882:228103	CC(C)Cc1ncc(-c2nc(C(F)(F)F)co2)cn1	0.045189
rxn:4:208995:223381	CCCNc1ncc(-c2cnccc2N2CCC2)cn1	0.045189
rxn:4:181191:228100	CCCn1nc(C)c(-c2cccc(S(C)=O)c2)c1C	0.045178
rxn:4:195362:228121	CCOc1nccc(C)c1-c1cc(Cl)cnc1OC	0.045176
rxn:4:198228:228254	COc1ccc(-c2ccc(Cl)c(C)n2)c(C)c1F	0.045174
rxn:4:191235:229064	COC(=O)c1sc(Cl)nc1-c1ccnn1C1CC1	0.045162
rxn:4:208749:228277	COc1ccc(F)c(C)c1-c1nc(N(C)C)sc1C	0.045157
rxn:4:175283:229326	CC(C)CCOc1cccc(-c2cnn(C)n2)c1	0.045155
rxn:4:208101:228598	COc1ccc(C)cc1-c1cnc(C#N)c(F)c1	0.045140
rxn:4:208983:228814	CSc1cccc(-c2c[nH]c(C3CCCO3)n2)c1Cl	0.045136
rxn:4:181098:228974	CSc1cccc(-c2cnn(S(C)(=O)=O)c2)c1F	0.045104
rxn:4:191843:229119	Cc1ccc(CC#N)c(-c2cncc(C)c2Cl)c1	0.045091
rxn:4:215418:228866	CCc1nnn(CC)c1-c1c(COC)noc1C	0.045070
rxn:4:209237:228281	COc1cc(Cl)c(C)c(-c2c[nH]c(C3COCCO3)n2)c1	0.045056
rxn:4:195772:228390	COc1cc(-c2ccc(C)nc2OC)c(F)cc1Cl	0.045041
rxn:4:182204:229305	COc1ccc(-c2cn(C)cn2)c2c1C(=O)CC2	0.045039
rxn:4:216879:228581	Cc1c(C#N)cccc1-c1nc(C(C)C)nn1C	0.045036
rxn:4:181191:228826	Cc1cc(-c2cccc(S(C)=O)c2)c(F)cc1F	0.045005
rxn:4:189063:229232	CCc1ncsc1-c1ccc(C(=O)N(C)CC)cc1	0.045004
rxn:4:192216:228939	COc1ccc(-c2c(F)cc(F)cc2F)c(S(N)(=O)=O)c1	0.045000
rxn:4:211146:227807	Clc1ccc(-c2cccc3c2CCCC3)nn1	0.044996
rxn:4:179610:223437	CCOc1c(Cl)cc(-c2cc(C#N)[nH]c(=O)c2)c(C)c1F	0.044982
rxn:4:195363:228510	COc1ncc(-c2ccccc2C(C)C)cc1Cl	0.044977
rxn:4:196079:228751	CCc1ccc(-c2ccc(Cl)cc2C#N)c(C)n1	0.044974
rxn:4:195425:228771	CCc1ncc(-c2c(C)cccc2C#N)cc1Cl	0.044974
rxn:4:205013:228793	COc1cc(Cl)cc(-c2cnc(CC#N)c(Cl)c2)c1	0.044966
rxn:4:205202:228795	COc1cccc(Cl)c1-c1ccc(CC#N)nc1C	0.044947
rxn:4:181390:229137	COc1cc(-c2c(F)cccc2F)ccc1C	0.044946
rxn:4:180987:229315	Cc1ncoc1-c1cccc(Cl)c1C(F)(F)F	0.044935
rxn:4:214407:229223	COCn1nc(-c2c(C)csc2C)nc1C(=O)[O-]	0.044933
rxn:4:181587:223356	CNC(=O)c1cccc(-c2cc(C(C)C)ccc2F)c1	0.044931
rxn:4:198250:227943	Cc1ccc(N(C)C)c(-c2cc(Cl)cc(C)n2)c1	0.044929
rxn:4:208763:228427	COc1ccc(-c2cnn(C3(C)CC3)c2)c(F)c1Cl	0.044922
rxn:4:188521:229201	CCCOc1ncc(Cl)cc1-c1ccccc1C	0.044915
rxn:4:195691:228165	CCOc1ccc(F)c(-c2cc(F)cc(S(N)(=O)=O)c2)c1	0.044915
rxn:4:191960:229038	Cc1ccc(Cl)c(-c2csc(CC(C)C)n2)c1	0.044911
rxn:4:179385:222421	CCC(F)(F)c1cccc(-c2cncc(S(N)(=O)=O)c2)c1	0.044910
rxn:4:208784:228210	CN(C)c1ccc(-c2ccc(N3CCCC3)s2)cn1	0.044909
rxn:4:191977:228606	CCc1ccc(F)c(-c2cc(N(C)CC)co2)c1	0.044901
rxn:4:208856:227954	Cc1cc(-c2ccc(C3CCC3)nc2)cnc1S(N)(=O)=O	0.044894
rxn:4:208510:228581	COc1ncc(-c2cccc(C#N)c2C)c(C)n1	0.044884
rxn:4:208487:228276	COc1ncnc(-c2ccc(F)c(C)c2OC)c1C	0.044880
rxn:4:208294:228409	COc1ccc(F)c(-c2cnc(C)n2C(F)F)c1Cl	0.044860
rxn:4:181093:223378	CSc1cc(-c2cnc3c(c2)NCCO3)ccc1F	0.044859
rxn:4:195781:228741	N#Cc1ccc(Cl)c(-c2cccnc2C2CC2)c1	0.044844
rxn:4:183132:229310	Cc1nc(-c2ccc3c(c2)C(C)(C)CO3)cs1	0.044841
rxn:4:191744:229059	Cc1ncc(OC(F)F)cc1-c1cnccc1C#N	0.044836
rxn:4:196484:222421	NS(=O)(=O)c1cncc(-c2cnc(C3=CCCCC3)s2)c1	0.044835
rxn:4:181394:229318	CSc1ccc(C)cc1-c1ccsc1Cl	0.044818
rxn:4:179690:229319	COc1cccc(-c2ccc(Cl)s2)c1C1CC1	0.044810
rxn:4:208994:229018	Cc1ccnc(C)c1-c1cnc(C2CC2)nc1C	0.044799
rxn:4:182775:223309	CC(C)Nc1ccc(-c2cccc3c2CCC3=O)cc1	0.044797
rxn:4:208816:228218	Cc1cc(-c2cc(C3CC3)ncc2F)ncc1S(N)(=O)=O	0.044795
rxn:4:195740:228361	COc1cncc(C)c1-c1cc(N(C)C)ncc1F	0.044793
rxn:4:196140:228423	COc1c(-c2cc(C)cc(S(N)(=O)=O)c2)ccc(Cl)c1F	0.044773
rxn:4:195710:228612	COc1cccc(-c2cc(F)c(Cl)cc2S(N)(=O)=O)c1C	0.044773
rxn:4:209750:229284	c1cncc(-c2cccnc2N2CCCCC2)c1	0.044770
rxn:4:208747:228587	Cc1cc(C#N)cc(-c2ccc(N(C)C)cn2)c1	0.044762
rxn:4:208785:228711	Cc1cnc(C#N)c(-c2cncc(N(C)C)c2)c1	0.044762
rxn:4:217035:228167	CCOc1cc(Cl)ccc1-c1nn[nH]c1C1CCCOC1	0.044760
rxn:4:208763:228627	CCc1ccc(Cl)c(-c2cnn(C3(C)CC3)c2)c1	0.044760
rxn:4:208256:227978	CCn1ncc(-c2cc(C(C)C)ccc2F)c1F	0.044750
rxn:4:192717:229322	Fc1ccc(CN2CCC2)c(-c2sccc2Cl)c1	0.044736
rxn:4:195735:228550	CCCc1cc(-c2ccc(C3CC3)cn2)ccn1	0.044721
rxn:4:195597:228738	COc1cc(-c2cccnc2C(C)(F)F)cc(C)n1	0.044717
rxn:4:213503:229210	CCOc1nc(-c2ccc(C)nc2)nn1COC	0.044708
rxn:4:182988:229080	CC1COc2ccc(-c3cnc(C4CC4)s3)cc21	0.044706
rxn:4:181150:228682	CCCc1ncncc1-c1ccc(OC)c(F)c1F	0.044669
rxn:4:178644:223356	CNC(=O)c1cccc(-c2c(F)cccc2OC(F)F)c1	0.044659
rxn:4:208255:228976	CCc1cnc(-c2ccc3c(c2)C=C3)[nH]1	0.044657
rxn:4:214422:229274	COCn1nc(-c2cnc(Cl)nc2)nc1OC	0.044648
rxn:4:195750:228239	COc1ccc(C)c(-c2cc(C)c(OC)nc2C)n1	0.044645
rxn:4:177267:223451	CCOCc1ccc(-c2ccccc2)c(C)c1	0.044640
rxn:4:208301:228091	CCN(CC)c1ccc(-c2cnc(C#N)cc2C)s1	0.044629
rxn:4:192496:223356	CNC(=O)c1cccc(-c2cc(F)ccc2CN(C)C)c1	0.044619
rxn:4:208766:228315	CCOc1cc(-c2cncc(C(C)C)n2)c(F)cn1	0.044609
rxn:4:208710:228609	COc1cc(-c2c(C(F)F)nn(C)c2C)ccc1C	0.044606
rxn:4:195422:222422	Cc1ccc(-c2c[nH]c(=O)[nH]c2=O)cc1C#N	0.044605
rxn:4:195721:228546	CCCc1cnccc1-c1cc(Cl)cc(F)c1S(N)(=O)=O	0.044600
rxn:4:208014:228745	CSc1cc(C)c(-c2ncccc2C#N)cn1	0.044598
rxn:4:182581:228733	COc1cc(C)ncc1-c1c(C)ccc(Cl)c1C	0.044582
rxn:4:192690:229114	COc1ccc(-c2cc(C)ncc2F)cc1N(C)C	0.044556
rxn:4:196102:228727	COc1ncc(C)cc1-c1ccc(N(C)C)cc1F	0.044556
rxn:4:196553:229223	Cc1ccc(N(C)C)c(-c2c(C)csc2C)c1	0.044553
rxn:4:196129:223357	CC(=O)Nc1ccccc1-c1cc(F)c(F)c(N(C)C)c1	0.044541
rxn:4:188950:223341	CCCOc1cc(C)c(-c2ccc3c(c2)CC(=O)N3)cn1	0.044540
rxn:4:198840:228082	CC(C)CCn1nccc1-c1nc2c(s1)CCCC2	0.044531
rxn:4:198333:228098	CCN(C)c1ccc(-c2cnc(C)c(C)c2F)cn1	0.044528
rxn:4:216447:229077	CSc1ccc(-c2cnc(C)nc2C#N)cn1	0.044516
rxn:4:182980:229000	CCc1ccncc1-c1cccc2c1CCOC2	0.044507
rxn:4:215489:228770	CCn1nnc(C2CC2)c1-c1cncc(C)c1OC	0.044492
rxn:4:196217:228882	COc1ncc(-c2ncccc2C2CCC2)c(C)n1	0.044477
rxn:4:188362:229048	CCOc1ccc(C#N)c(-c2cnn3c2CCC3)c1	0.044459
rxn:4:208269:228171	CCOc1ccc(-c2cnn(C(F)F)c2C)cc1F	0.044459
rxn:4:182533:223348	Cc1c(F)ccc(Cl)c1-c1ccc2c(c1)C(=O)NC2	0.044459
rxn:4:209341:229224	CCn1nccc1-c1ccc(N2CCCC2=O)cn1	0.044452
rxn:4:196849:223398	CNCc1ccc(-c2cncc(C3CCCOC3)c2)cc1	0.044447
rxn:4:192313:223453	CC(C)C(=O)c1cncc(-c2cccnc2)c1	0.044440
rxn:4:191689:228576	CCOc1cc(-c2cc(C#N)ccc2C)ncc1F	0.044437
rxn:4:188366:229114	CCOc1cccc(-c2cc(C)ncc2F)c1C#N	0.044437
rxn:4:179006:228699	COCc1cccc(-c2cncc(N(C)C)c2)c1F	0.044437
rxn:4:192474:228998	CCc1ncccc1-c1ccc(C(C)CC)nc1	0.044405
rxn:4:182496:229144	Cc1cccc(-c2cc(F)ccc2Cl)c1	0.044400
rxn:4:209207:228198	Cc1cn(C(C)C)c(-c2cnc(C(C)C)nc2C)n1	0.044393
rxn:4:195260:228448	FC(F)c1ccc(-c2cc(C3CC3)on2)c(Cl)c1	0.044391
rxn:4:188297:229093	Cc1cc(OCC#N)ccc1-c1c(C)ncnc1C	0.044387
rxn:4:212283:229235	COc1ccsc1-c1cnc2c(c1)OCC(=O)N2C	0.044382
rxn:4:208278:228123	CCOc1cncc(C)c1-c1cc(C#N)ncc1C	0.044378
rxn:4:208787:228276	COc1c(-c2cncnc2C(C)C)ccc(F)c1C	0.044378
rxn:4:191873:228585	COc1cc(-c2cnccc2C2CC2)c(OC)cn1	0.044369
rxn:4:182590:229153	Cc1ccc(-c2cnn(C)c2C#N)c(C)c1F	0.044355
rxn:4:205472:229232	CCc1ncsc1-c1nn(C)c(C)c1C(=O)OC	0.044349
rxn:4:182452:228714	Cc1cc(C#N)ncc1-c1ccc(F)cc1F	0.044340
rxn:4:181666:229218	COc1cc(C)c(-c2cccc(F)c2)c(C)c1	0.044337
rxn:4:188715:229120	Cn1cccc(-c2cnccc2OCC2CC2)c1=O	0.044330
rxn:4:191323:228337	CCOc1cc(F)c(-c2ccc(CC#N)cc2)cn1	0.044329
rxn:4:192162:228702	CCOc1cc(-c2cncnc2C(C)C)cnc1C	0.044325
rxn:4:215341:228107	CCC(C)c1ncncc1-c1c(C#N)ncn1CC	0.044317
rxn:4:198129:228246	CC(=O)c1ccc(Cl)c(-c2nc(Cl)sc2C)c1	0.044317
rxn:4:209603:229226	N#Cc1ccc(-c2ccnc(N3CCOCC3)c2)s1	0.044307
rxn:4:215338:227903	CCN(C)c1cccc(-c2cnn(C(C)C#N)c2)c1	0.044307
rxn:4:216572:228311	CCCc1ncc(-c2c(CC)nnn2C)c(Cl)n1	0.044280
rxn:4:199300:229273	COc1ncsc1-c1ccc(Cl)c2c1N(C)CCC2	0.044261
rxn:4:204977:228879	FC(F)Oc1cnc(-c2ccnn2C2COC2)nc1	0.044250
rxn:4:182510:229170	Cc1ccc(F)c(-c2cnc(Cl)nc2C)c1	0.044247
rxn:4:216592:228472	Cc1nnc(-c2ccc(C(F)(F)F)nc2)n1C1CC1	0.044238
rxn:4:180924:228305	CC(C)Oc1cnc(-c2cccc(C(F)F)c2)cn1	0.044234
rxn:4:197701:223453	CC12CC(c3cc(-c4cccnc4)ccn3)(C1)C2	0.044224
rxn:4:191215:228736	COC(=O)c1cnc(-c2ccc(C)nc2OC)s1	0.044222
rxn:4:208076:228114	COc1cc(-c2ccn(C(F)(F)F)n2)ccc1C#N	0.044220
rxn:4:205458:229066	CCc1ncncc1-c1ccnc(C(=O)N(C)C)c1	0.044204
rxn:4:181115:229321	CSc1cc(Cl)cc(-c2ccoc2Cl)c1F	0.044190
rxn:4:202966:228640	CCCOc1cncc(-c2ccc(Cl)c(C)c2C)n1	0.044171
rxn:4:192982:229274	Cc1cc(CN(C)C)cc(-c2cnc(Cl)nc2)c1	0.044168
rxn:4:195427:228098	CCN(C)c1ccc(-c2cccc(C)c2C#N)cn1	0.044165
rxn:4:181589:223440	CC(C)c1ccc(F)cc1-c1ccc(C2CC2)[nH]1	0.044164
rxn:4:205116:229055	COc1nc(C#N)ccc1-c1cncc(C#N)c1	0.044148
rxn:4:176331:223398	CCOC(=O)c1cc(-c2ccc(CNC)cc2)co1	0.044148
rxn:4:179596:229271	COc1cc(-c2cc(F)c(Cl)cc2OC(C)C)sn1	0.044136
rxn:4:195423:228604	COc1cc(C)cc(-c2cccc(C#N)c2C)c1	0.044131
rxn:4:181569:228816	CCc1cccc(C)c1-c1c(C)nc(C)nc1C	0.044125
rxn:4:195556:228692	Cc1cnc(C(F)F)cc1-c1ccc(CN(C)C)s1	0.044124
rxn:4:192044:229271	COc1cc(-c2cnc(OC)c(C(C)=O)c2)sn1	0.044087
rxn:4:178640:229317	Fc1ccc(-c2ccc(OC(F)F)cc2F)s1	0.044084
rxn:4:196034:228689	CCOc1ccncc1-c1c(C#N)ccc(C)c1C	0.044076
rxn:4:182923:223444	CNc1cc(-c2ccc3c(c2C)COC3=O)ccn1	0.044061
rxn:4:216503:228725	N#Cc1cc(F)cc(-c2cn(C3CC3(F)F)nn2)c1	0.044057
rxn:4:205584:228971	CCN(C)c1cc(-c2csc(C(F)(F)F)c2)ccn1	0.044034
rxn:4:216586:228079	O=C1OCc2c1cccc2-c1nc(C2CCC2)n[nH]1	0.044032
rxn:4:196143:228022	Cc1cccc(-c2cc(Cl)ccc2C(C)C)c1S(N)(=O)=O	0.044024
rxn:4:204995:227955	Cc1cnc(C(C)C)c(-c2ccc(CC#N)cn2)c1	0.044018
rxn:4:191861:228600	COc1ccc(-c2ccc(OC3CC3)cn2)c(C)c1	0.044000
rxn:4:195028:228301	CCOC(=O)c1sccc1-c1sc(Cl)nc1CC	0.043996
rxn:4:208059:228868	COC(=O)c1ccc(-c2nccc(Cl)c2C#N)s1	0.043995
rxn:4:192016:229222	COc1cc(C(C)=O)cnc1-c1cc(C)c(C)s1	0.043989
rxn:4:178974:228760	COc1cccc(CF)c1-c1cnc(C(C)(C)C)o1	0.043961
rxn:4:205116:229072	COc1nc(C#N)ccc1-c1cncc(SC)c1	0.043954
rxn:4:179145:228839	COc1cc(OC)cc(-c2cc(F)cc(C)c2F)c1	0.043952
rxn:4:182590:229059	Cc1ccc(-c2cnccc2C#N)c(C)c1F	0.043941
rxn:4:192502:229200	Cc1cccc(-c2cccc(CN(C)C)c2F)c1	0.043935
rxn:4:188119:229069	COc1ncccc1-c1ccc(OCC(F)F)nc1	0.043912
rxn:4:211259:228573	Cc1cc(-c2ccc(C#N)cc2C)nc(C)n1	0.043906
rxn:4:208041:228220	CC(C)c1cc(-c2cc(Cl)cc(C#N)n2)c(F)cn1	0.043905
rxn:4:191368:223377	N#CCc1c(-c2cnc3c(c2)CC(=O)N3)ccc(F)c1F	0.043899
rxn:4:198902:229343	Cc1cc2[nH]ccc2cc1-c1ccsn1	0.043894
rxn:4:198848:223313	O=S1(=O)CCc2nc(-c3ccc(C4(O)CC4)cc3)sc2C1	0.043864
rxn:4:205605:228568	CCC(C)c1ncncc1-c1cccc(N(C)C)c1	0.043861
rxn:4:196496:223347	O=C1NCc2c1cccc2-c1cc(C2CCCS2)ccn1	0.043860
rxn:4:191226:229107	COC(=O)c1ncc(-c2c(C)cncc2F)o1	0.043859
rxn:4:209368:229336	Cc1n[nH]cc1-c1ccccc1-c1cncs1	0.043859
rxn:4:209297:229335	Cc1n[nH]c(-c2ccccc2)c1-c1cscn1	0.043859
rxn:4:211488:223471	Clc1cnc2c(-c3cnn[nH]3)c[nH]c2c1	0.043850
rxn:4:205294:227960	c1cc(-c2cn(CC3CC3)cn2)c(C2CCC2)cn1	0.043831
rxn:4:182855:229206	CCc1cc(-c2ccc(F)c3c2C(=O)CC3)cs1	0.043819
rxn:4:191578:223340	COc1c(F)ccc(-c2ccc3c(c2)NCCO3)c1C#N	0.043805
rxn:4:216410:228137	CCOc1ncc(-c2cnc(SC)nn2)cc1C	0.043792
rxn:4:209039:229212	Cc1ccncc1-c1ccc(N2CC(F)(F)C2)cn1	0.043788
rxn:4:191365:229102	Cn1ccc(-c2ccc(F)c(CC#N)c2F)cc1=O	0.043784
rxn:4:188943:222419	CC(C)COc1cccc(-c2cccc(S(N)(=O)=O)c2)n1	0.043781
rxn:4:205348:229161	COc1cc(-c2cncnc2OC)c(C)nc1C#N	0.043764
rxn:4:192472:228740	CC(C)Cc1ncccc1-c1ccc(C#N)cc1F	0.043732
rxn:4:196136:228092	CCN(CC)c1csc(-c2cc(C)ccc2S(N)(=O)=O)c1	0.043726
rxn:4:194929:228740	CC(=O)c1conc1-c1ccc(C#N)cc1F	0.043724
rxn:4:217963:229010	CC(C)c1csc(-c2nccc3cn[nH]c23)c1	0.043720
rxn:4:191819:223451	FC(F)(F)C1(c2csc(-c3ccccc3)n2)CC1	0.043715
rxn:4:202857:223421	CNC(C)c1ccc(-c2ncc(OCC(F)(F)F)cn2)s1	0.043698
rxn:4:211259:228503	Cc1cc(-c2ccc3c(c2)CCC3)nc(C)n1	0.043691
rxn:4:179086:229232	CCc1ncsc1-c1cc(C)c(F)c(OC(F)F)c1	0.043686
rxn:4:218299:229313	Cc1cc(-c2cc(C)c3[nH]nnc3c2)sn1	0.043682
rxn:4:196043:228137	CCOc1ncc(-c2cccc(C(C)C)n2)cc1C	0.043670
rxn:4:209375:229258	O=C1CCCN1c1cncc(-c2cncc(F)c2)c1	0.043661
rxn:4:181425:228544	COc1c(-c2ccc(CC#N)cc2)ccc(Cl)c1C	0.043650
rxn:4:181156:229144	COc1ccc(F)c(-c2cc(F)ccc2Cl)c1F	0.043643
rxn:4:181236:229278	CC(=O)c1c(-c2c(Cl)cnn2C)ccc(F)c1F	0.043641
rxn:4:179362:228743	CS(=O)(=O)Cc1cccc(-c2cc(Cl)ccc2C#N)c1	0.043634
rxn:4:191596:223444	CNc1cc(-c2ccc(C(F)C(F)(F)F)nc2)ccn1	0.043626
rxn:4:208747:228812	CSc1cccc(F)c1-c1ccc(N(C)C)cn1	0.043613
rxn:4:179001:229145	CCOc1cc(F)cc(-c2cccc(Cl)c2F)c1	0.043612
rxn:4:215401:228760	CC(C)n1ncc(C#N)c1-c1cnc(C(C)(C)C)o1	0.043605
rxn:4:198512:228239	COc1nc(C)c(-c2cnc3c(c2)OCC3)cc1C	0.043596
rxn:4:179402:229310	COC(=O)c1cc(-c2csc(C)n2)cc(C)c1Cl	0.043591
rxn:4:209961:228876	N#Cc1cc(-c2cnn(C3CC3F)c2)n2c1CCC2	0.043588
rxn:4:195570:228206	CN(C)c1cc(F)cc(-c2cc(S(C)(=O)=O)ccn2)c1	0.043586
rxn:4:194928:228258	COc1c(F)ccc(C)c1-c1nc(C(C)=O)co1	0.043582
rxn:4:215417:227935	CCc1cc(-c2nnn(CC)c2CC)ccc1OC	0.043580
rxn:4:195717:223401	CNc1cc(-c2cc(F)c(F)cc2S(N)(=O)=O)ccc1C	0.043566
rxn:4:208442:229214	Clc1cccc(-c2ccc(-c3c[nH]cn3)o2)c1	0.043564
rxn:4:209439:229029	Cc1cc(-c2cnn(C3CCCOC3)c2)ccc1F	0.043559
rxn:4:182847:229263	O=C1CCc2c(Cl)ccc(-c3cnccc3F)c21	0.043553
rxn:4:181061:228503	c1cc(-c2ccc3c(c2)CCC3)c(C2CC2)o1	0.043550
rxn:4:216441:228101	Cn1nc(-c2cc(C#N)cc(C#N)c2)c(C(F)F)n1	0.043547
rxn:4:205616:229207	CCC(C)c1cc(-c2ccnc(C)c2)nc(Cl)n1	0.043541
rxn:4:203052:228977	COC(=O)c1[nH]nc(C2CC2)c1-c1ccc2c(c1)CC2	0.043540
rxn:4:211665:229271	COc1cc(-c2[nH]c3cc(Cl)nc-3cc2F)sn1	0.043537
rxn:4:216604:228084	CCCOc1ccc(-c2c(C)nnn2C2CC2)cn1	0.043533
rxn:4:209471:229013	c1cc(N2CCCC2)c(-c2sccc2C2CC2)cn1	0.043521
rxn:4:205599:228834	CCc1nc(N(C)C)sc1-c1cc(F)c(C)cc1Cl	0.043517
rxn:4:205184:229085	COc1cc(C(F)(F)F)nnc1-c1scnc1C1CC1	0.043511
rxn:4:205184:229080	COc1cc(C(F)(F)F)nnc1-c1cnc(C2CC2)s1	0.043511
rxn:4:181130:228724	COc1cc(-c2ccc(C#N)cc2Cl)c(F)cc1F	0.043504
rxn:4:220714:227902	CCc1cc(-c2nnn(C(C)(C)C)n2)ccc1C#N	0.043504
rxn:4:208415:229056	CC(C)n1nccc1-c1ccnc(S(C)(=O)=O)n1	0.043499
rxn:4:196240:223347	O=C1NCc2c1cccc2-c1cc(Cl)c(C2CCC2)cn1	0.043477
rxn:4:217125:229016	CN1CCN(c2nc(-c3ccsc3C3CC3)co2)CC1	0.043461
rxn:4:209244:228908	COc1cc(-c2cccnc2N2CCSC2)c(F)cn1	0.043457
rxn:4:181107:228605	COc1c(C)cccc1-c1ccc(F)c(OC)c1Cl	0.043454
rxn:4:182552:228157	COc1ccc(-c2c(C)ccc(F)c2Cl)c(OC)c1	0.043454
rxn:4:179193:229030	COc1cc(Cl)c(-c2cc(F)ccc2C)cc1OC	0.043454
rxn:4:215432:228509	CC(C)c1ccc(-c2nccn2S(=O)(=O)N(C)C)cc1	0.043453
rxn:4:192045:229112	COc1ccc(-c2ccc(=O)n(C)c2)c(C)c1C#N	0.043446
rxn:4:188510:228734	CCCOc1ccc(-c2c(C)ccnc2OC)cn1	0.043442
rxn:4:204981:223437	N#Cc1cc(-c2cccc(C#N)c2C#N)cc(=O)[nH]1	0.043441
rxn:4:182923:223399	CNCc1ccccc1-c1ccc2c(c1C)COC2=O	0.043430
rxn:4:182793:229124	Cc1ncc(-c2csc3c2CCCC3=O)cc1F	0.043425
rxn:4:198843:228428	COc1cc(F)c(F)c(-c2cnc3c(c2)CCC3)c1	0.043408
rxn:4:181272:228095	CC(C)c1ccc(-c2cccc(OCCF)c2)o1	0.043399
rxn:4:192050:229264	COC(=O)c1nc(C)ccc1-c1cnccc1Cl	0.043397
rxn:4:215400:228140	Cc1c(-c2ccc(C(C)N(C)C)s2)c(CC#N)nn1C	0.043394
rxn:4:205444:228758	CCC(C)n1cncc1-c1cc(C)cnc1SC	0.043379
rxn:4:208182:228134	CCOc1ccc(-c2cc(C(F)(F)F)cnn2)c(C)n1	0.043354
rxn:4:180993:229112	Cn1cc(-c2c(C(F)F)ccc(Cl)c2F)ccc1=O	0.043352
rxn:4:180991:229284	FC(F)(F)c1cc(Cl)cc(-c2cccnc2)c1	0.043344
rxn:4:196206:228888	N#Cc1cc(-c2cc(C3CCC3)ccn2)c(F)cn1	0.043342
rxn:4:205340:228785	COc1cc(Cl)ccc1-c1nccc(OC2COC2)n1	0.043338
rxn:4:181044:223459	Cc1cn[nH]c1-c1c(C(F)(F)F)ccc(F)c1F	0.043337
rxn:4:195384:223444	CNc1cc(-c2ncc(-c3ccoc3)s2)ccn1	0.043320
rxn:4:191692:228548	CCCc1cncc(-c2nccc(OCC)c2F)c1	0.043314
rxn:4:191454:229245	COC(=O)c1ccnc(-c2cc(C)nn2C)c1	0.043302
rxn:4:211284:228166	CCOc1cc(Cl)cc(-c2cc3[nH]ncc3o2)c1	0.043297
rxn:4:176997:229154	Cn1nc(C#N)cc1-c1ccc(OCC2CC2)c(Cl)c1	0.043290
rxn:4:210417:229026	Cc1cc(-c2cnc(C34CC(C3)C4)cn2)c(C)cn1	0.043280
rxn:4:181445:228549	CCCc1ccc(-c2cc(OC)c(C)cc2F)cn1	0.043276
rxn:4:192531:229049	CN(C)S(=O)(=O)c1cccc(-c2cnc3n2CCC3)c1	0.043270
rxn:4:211278:229257	Clc1cncc(-c2csc3cncn23)c1	0.043257
rxn:4:216442:227964	Cc1nc(-c2cncc(C3(C)CC3)c2)ncc1C#N	0.043251
rxn:4:177000:229150	CCOc1ccc(-c2cnc(C#N)nc2)c(OC)c1Cl	0.043249
rxn:4:209600:223349	Cc1cn(C(C)(C)C)c(-c2cccc3c2C(=O)NC3)n1	0.043249
rxn:4:186238:229157	CCN(CC)Cc1cc(-c2ccnc(C#N)n2)co1	0.043245
rxn:4:195594:228524	CC(F)(F)c1ccncc1-c1cnc2c(c1)CCC2	0.043240
rxn:4:191459:228977	COC(=O)c1sc(-c2ccc3c(c2)CC3)nc1C	0.043234
rxn:4:192480:229051	CCCn1cc(-c2nccc(CC(C)C)c2F)cn1	0.043232
rxn:4:211679:228637	Cc1cc(-c2cc3n(n2)CCC3)c(C)cc1F	0.043232
rxn:4:208415:228986	Cc1cccc(-c2ccnc(S(C)(=O)=O)n2)c1C	0.043230
rxn:4:220640:229272	COc1ncc(-c2cnc(-c3ncc[nH]3)cn2)s1	0.043226
rxn:4:206313:229107	Cc1cncc(F)c1-c1cnn(CC2CCOCC2)c1	0.043222
rxn:4:211232:227992	Cc1nc(Cl)cc(-c2ccc(C3COC3)cc2)n1	0.043220
rxn:4:182893:228748	COc1cc(C)c(-c2cccc3c2CC(F)C3)cn1	0.043215
rxn:4:182553:228545	Cc1cc(F)c(-c2cccc(CC#N)c2)c(Cl)c1	0.043212
rxn:4:182726:227921	COC(C)c1cccc(-c2cccc3c2COC3)c1	0.043207
rxn:4:198444:229336	Clc1ccnc2occ(-c3cncs3)c12	0.043201
rxn:4:216369:228526	N#Cc1cn[nH]c1-c1cccc2ccsc12	0.043199
rxn:4:211367:229226	N#Cc1ccc(-c2c[nH]c3ncccc23)s1	0.043199
rxn:4:195775:227952	COc1cnc(C)c(-c2cc(C)c(C#N)cc2C)c1	0.043191
rxn:4:196236:228612	COc1cccc(-c2cncc(C3(C)CC3)c2)c1C	0.043191
rxn:4:209210:228503	Cc1cn(C(C)C)nc1-c1ccc2c(c1)CCC2	0.043189
rxn:4:195686:228294	CCCOc1ncc(-c2cc(F)ccc2S(N)(=O)=O)cn1	0.043180
rxn:4:196126:228799	COc1c(Cl)cccc1-c1sc(C2OCCO2)nc1C	0.043180
rxn:4:195740:228104	COc1cncc(C)c1-c1c(C#N)cccc1C#N	0.043163
rxn:4:218099:229254	Clc1cnccc1-c1cc(Cl)c2[nH]nnc2c1	0.043162
rxn:4:205490:229049	CN(C)C(=O)c1ncccc1-c1cnc2n1CCC2	0.043138
rxn:4:192044:223446	COc1ncc(-c2ccnc(C)c2)cc1C(C)=O	0.043129
rxn:4:182454:228935	CC(=O)c1cc(Cl)sc1-c1ccc(F)c(F)c1	0.043129
rxn:4:205626:229161	COc1ncncc1-c1ncc(C(=O)N2CCCC2)s1	0.043127
rxn:4:188689:228636	CCOC(=O)c1[nH]cc(-c2c(C)cc(F)cc2C)c1C	0.043124
rxn:4:179214:229293	CCC(=O)c1ccc(-c2csc(C)c2)cc1F	0.043120
rxn:4:208601:228769	CCc1ncc(Cl)cc1-c1cncc(C2CC2(F)F)n1	0.043120
rxn:4:206325:229102	COc1nc(-c2ccn(C)c(=O)c2)cn1C1CCCC1	0.043116
rxn:4:198154:228013	Fc1ccc(-c2nccc(Cl)c2F)cc1C1CC1	0.043098
rxn:4:176376:229063	N#Cc1cnccc1-c1ccc(OCC(F)(F)F)cc1	0.043096
rxn:4:215718:228817	Cc1ccc(-c2cn(C(C)C)c(N(C)C)n2)c(=O)n1C	0.043077
rxn:4:179505:228683	CCCc1ncc(-c2cc(OC)ccc2CC)cn1	0.043074
rxn:4:191999:229302	COC(=O)c1cc(C)nc(-c2ccnnc2)c1	0.043068
rxn:4:218232:223470	Cn1ccn2ncc(-c3nnc[nH]3)c12	0.043067
rxn:4:210302:228361	CN(C)c1cc(-c2cn(C34CC(C3)C4)cn2)c(F)cn1	0.043055
rxn:4:208994:228576	Cc1ccc(C#N)cc1-c1cnc(C2CC2)nc1C	0.043048
rxn:4:178976:228309	CCOc1ccc(Cl)cc1-c1cc(C#N)nc(OC)c1	0.043047
rxn:4:209457:228609	COc1cc(-c2cnc(C)n2C2CCOC2)ccc1C	0.043046
rxn:4:192045:228993	COc1ccc(-c2ccc(C#N)cc2)c(C)c1C#N	0.043043
rxn:4:177000:229217	CCOc1ccc(-c2ccc(F)cc2)c(OC)c1Cl	0.043034
rxn:4:208189:228555	COCc1ccccc1-c1ncc(C(F)(F)F)nc1Cl	0.043025
rxn:4:182870:229240	Cc1ncc(-c2cc(F)cc3c2OCCO3)cn1	0.043023
rxn:4:181287:228746	CCc1cc(-c2cccc(C#N)c2Cl)ccc1F	0.043021
rxn:4:215720:228780	COc1c(F)cccc1-c1c(C)nn(C)c1CN(C)C	0.043014
rxn:4:181123:228129	COc1cc(F)c(-c2ccc(C#N)cc2OC)cc1F	0.043013
rxn:4:182873:223382	O=C1CCc2c(-c3cnc(NC4CC4)nc3)cc(F)c(F)c21	0.043003
rxn:4:191829:229001	CCc1cnccc1-c1cncc(C(F)(F)F)c1OC	0.042998
rxn:4:195406:227820	CC(C)(C)c1ccc(-c2csc(C3COC3)n2)cc1	0.042997
rxn:4:208967:228239	COc1nc(C)c(-c2nnc(C3CCCC3)s2)cc1C	0.042996
rxn:4:206149:228719	Cc1cnc(C#N)cc1-c1c(C)nn(C)c1OC(C)C	0.042995
rxn:4:181417:228725	COc1cc(Cl)c(C)cc1-c1cc(F)cc(C#N)c1	0.042995
rxn:4:179389:229242	Cc1ncncc1-c1ccc(C(C)C(F)(F)F)cc1	0.042989
rxn:4:218125:229230	N#Cc1csc(-c2nc3cn[nH]c3cc2Cl)c1	0.042975
rxn:4:196000:229000	CCc1ccncc1-c1cnc(C(C)=O)cc1C	0.042974
rxn:4:194891:229023	Cc1cc(C)c(-c2sc(Cl)nc2C(F)(F)F)cn1	0.042972
rxn:4:214444:228906	Cc1nn(CCC#N)c(C)c1-c1ccnc(C(F)F)c1	0.042971
rxn:4:188317:229119	COC(=O)Cc1nc(-c2cncc(C)c2Cl)sc1C	0.042964
rxn:4:205016:228872	COC(=O)c1sccc1-c1ccn(CC(F)(F)F)n1	0.042963
rxn:4:176764:229024	CCOCc1c(Cl)cccc1-c1cnc(C)c(C)c1	0.042961
rxn:4:195243:229289	Cc1cscc1-c1cncc(Cl)c1C(F)(F)F	0.042949
rxn:4:196160:228764	COc1nccc(-c2cccnc2C2OCCO2)c1C	0.042947
rxn:4:196855:223356	CNC(=O)c1cccc(-c2cnccc2C2CCCCO2)c1	0.042940
rxn:4:181465:228229	COc1c(C)ccc(F)c1-c1ccn(C2CC2)c(=O)c1	0.042940
rxn:4:210633:223466	CC(C)c1nc(-c2cn[nH]c2)c2ccccn12	0.042937
rxn:4:196834:229164	COc1cncc(-c2cc(C)nc(C3CCCO3)c2)n1	0.042935
rxn:4:182741:228113	CCc1nc(OC)ccc1-c1ccc2c(c1F)CCO2	0.042931
rxn:4:194944:227953	Cc1cc(N(C)C)ccc1-c1cc(Cl)cc(C#N)c1	0.042922
rxn:4:196642:229060	N#Cc1ccc(-c2cccc(C3CCCC3)n2)cn1	0.042918
rxn:4:208228:228343	COC(=O)c1sc(-c2ncnc(OC)c2Cl)cc1C	0.042911
rxn:4:196227:228580	Cc1c(-c2cccnc2C2CC2)cncc1C1CC1	0.042907
rxn:4:205854:228793	COc1cc(Cl)cc(-c2ccnc(OC(C)(C)C)n2)c1	0.042901
rxn:4:195402:228824	CC(=O)c1sc(-c2c(F)cc(C)cc2F)nc1C	0.042896
rxn:4:191808:229219	COc1ccc(-c2ccccc2Cl)nc1C(F)(F)F	0.042896
rxn:4:205353:228769	CCc1ncc(Cl)cc1-c1cncc(C2(C#N)CC2)c1	0.042890
rxn:4:188072:228764	COc1nccc(-c2ccc(OCC#N)c(F)c2)c1C	0.042887
rxn:4:191666:228771	CCSc1ccc(-c2cnc(CC)c(Cl)c2)cn1	0.042878
rxn:4:191213:228495	COC(=O)c1ncsc1-c1ccn(CC(F)(F)F)n1	0.042871
rxn:4:176967:229285	Cn1cccc1-c1cccc(SCC2CC2)c1	0.042867
rxn:4:192991:228888	CC(c1ccccc1-c1cc(C#N)ncc1F)N(C)C	0.042859
rxn:4:181483:229221	COc1c(F)c(C)cc(-c2sc(C)cc2C)c1F	0.042857
rxn:4:192848:229158	CC(C)n1ncnc1-c1ccnc(OC2CCCC2)c1	0.042851
rxn:4:192516:223348	O=C1NCc2ccc(-c3ccc(OC4CCOC4)cn3)cc21	0.042847
rxn:4:198493:228123	CCOc1cncc(C)c1-c1cnc2c(c1)C(=O)CO2	0.042839
rxn:4:192488:228748	COc1cc(C)c(-c2cc(Cl)ccc2CN(C)C)cn1	0.042835
rxn:4:208267:227832	Cc1cc(C2CC2)ccc1-c1c(CF)nn(C)c1Cl	0.042831
rxn:4:177163:229199	COc1ccc(-c2ccc(C)cc2)cc1OC1CC1	0.042803
rxn:4:179333:228206	CC(C)Cc1ccc(-c2cc(F)cc(N(C)C)c2)o1	0.042798
rxn:4:205649:227960	CN(c1cccc(-c2ccncc2C2CCC2)c1)S(N)(=O)=O	0.042797
rxn:4:178806:228752	N#Cc1ccc(F)cc1-c1ccc(CC(F)F)cc1	0.042787
rxn:4:181666:228785	COc1cc(C)c(-c2ccc(Cl)cc2OC)c(C)c1	0.042785
rxn:4:195396:228630	CCc1cc(F)cc(-c2ccnc(C(C)=O)c2)c1	0.042779
rxn:4:208980:228281	COc1cc(Cl)c(C)c(-c2ccnc(N3CCC3)c2)c1	0.042778
rxn:4:196072:228823	Cc1cc(F)c(-c2ccc(N(C)C)cc2)cc1Cl	0.042776
rxn:4:177305:223377	CC(C)COc1ccc(-c2cnc3c(c2)CC(=O)N3)c(F)c1	0.042773
rxn:4:212181:228972	Cc1nc2n(c1-c1cc(C(F)(F)F)cs1)CCC2	0.042771
rxn:4:215606:227979	COc1cc(C)cc(C)c1-c1nn(CC(C)C)nc1C	0.042758
rxn:4:178717:228998	CCc1ncccc1-c1ccccc1C(=O)CF	0.042754
rxn:4:209654:229044	Cc1cc(Cl)cc(-c2c[nH]c(C3CCCCC3)n2)c1	0.042743
rxn:4:181323:228715	Cc1nc(C#N)ccc1-c1ccc(S(C)(=O)=O)c(Cl)c1	0.042742
rxn:4:179691:229005	COc1ccccc1-c1ccc(C2CC2)c(OC)c1	0.042724
rxn:4:191266:228623	FC(F)Oc1ccc(-c2sccc2C2CCC2)nc1	0.042710
rxn:4:218033:228786	COc1cccc(-c2nnc3cc[nH]cc2-3)c1Cl	0.042702
rxn:4:198376:229232	CCc1ncsc1-c1ccc2ncsc2c1	0.042697
rxn:4:197700:223421	CNC(C)c1ccc(-c2cc(C34CC(C)(C3)C4)ccn2)s1	0.042695
rxn:4:191267:227947	Cc1cc(C#N)cc(C)c1-c1ncccc1OC(F)F	0.042693
rxn:4:210133:229303	COc1nccc2[nH]cc(-c3ncccn3)c12	0.042690
rxn:4:215762:228986	Cc1cccc(-c2cnn(CC3CCN(C)C3)c2)c1C	0.042669
rxn:4:196590:228134	CCOc1ccc(-c2cc(S(N)(=O)=O)c(C)cc2C)c(C)n1	0.042669
rxn:4:181053:223413	COc1ccccc1-c1cncc2[nH]ccc12	0.042661
rxn:4:217618:223466	c1cc2nnc(C3CC3)n2cc1-c1cn[nH]c1	0.042661
rxn:4:196684:223401	CNc1cc(-c2ccc(N3CCCC3)c(F)c2)ccc1C	0.042661
rxn:4:195406:223404	c1cc(-c2csc(C3COC3)n2)c2cn[nH]c2c1	0.042648
rxn:4:205871:228768	CCc1cc(-c2cncnc2CC2CCC2)c(F)cn1	0.042637
rxn:4:191962:228181	CCCc1ccnc(-c2ccc(F)cc2COC)c1	0.042616
rxn:4:179704:228527	COc1cc(C)cc(-c2cccc3c2OCC3)c1OC	0.042616
rxn:4:213510:229232	CCc1ncsc1-c1cnc(OCCN(C)C)cn1	0.042615
rxn:4:177269:223353	CCOCc1ccc(C)cc1-c1cccc(NC(C)=O)c1	0.042598
rxn:4:205072:228031	CCOc1cc(-c2ccc3nn(C)cc3c2)[nH]n1	0.042594
rxn:4:206032:229084	CC(C)c1ncsc1-c1ccc(OC2CCCC2)nn1	0.042589
rxn:4:195566:228376	CS(=O)(=O)c1cccnc1-c1cc(F)c(C#N)c(F)c1	0.042588
rxn:4:209231:228879	c1cc(-c2cncc(C3CCCO3)n2)n(C2COC2)n1	0.042584
rxn:4:179957:229062	CCC1(c2ccc(-c3ccc(C#N)n3C)cc2)CC1	0.042571
rxn:4:192175:228527	CC(C)Oc1ncc(Cl)cc1-c1cccc2c1OCC2	0.042570
rxn:4:196052:227957	CCc1cc(C)nc(-c2ccc(C(C)C)nc2C)c1	0.042555
rxn:4:209209:228345	COC(=O)c1sc(C)cc1-c1cn(C)c(C(C)C)n1	0.042555
rxn:4:182233:228735	COc1cncc(C)c1-c1ccc2c(c1)C(OC)CC2	0.042553
rxn:4:195133:228872	COC(=O)c1sccc1-c1nc(C(F)F)ccc1F	0.042549
rxn:4:195338:228357	COc1nc(C)c(-c2ncc(F)cc2SC)c(C)n1	0.042537
rxn:4:191886:228439	COc1c(-c2ccc(OC3CC3)nc2)ccc(F)c1Cl	0.042529
rxn:4:182689:227969	Cc1nccc(-c2cccc3c2CC3)c1C1CC1	0.042522
rxn:4:195595:229130	Cc1cc(C(F)F)c(-c2ccc(Cl)c(F)c2)cn1	0.042519
rxn:4:218355:229085	Cc1cc2[nH]nc(-c3scnc3C3CC3)c2cn1	0.042514
rxn:4:191227:229060	COC(=O)c1cc(-c2ccc(C#N)nc2)on1	0.042514
rxn:4:191225:229055	COC(=O)c1nc(-c2cncc(C#N)c2)co1	0.042514
rxn:4:215342:228204	CCn1c(-c2cc(C)cc(C#N)c2F)nc(Cl)c1C#N	0.042513
rxn:4:188799:228600	CCN(CC)c1coc(-c2ccc(OC)cc2C)c1	0.042511
rxn:4:198545:229316	Cc1csc(-c2cc(F)cc3cc[nH]c23)n1	0.042494
rxn:4:215613:227808	CCn1c(-c2ccc3c(c2)CCCC3)cnc1N(C)C	0.042493
rxn:4:198892:228507	CCCc1cccc(-c2ccc3n2CCCC3=O)c1	0.042492
rxn:4:182711:228873	CN(C)c1ncc(-c2cc3c(cc2Cl)C(=O)CO3)cn1	0.042489
rxn:4:205457:228407	CCC(C)n1cc(-c2c(OC)ccc(F)c2F)nc1F	0.042487
rxn:4:196057:227879	Cc1nc(C(C)C)sc1-c1cccc(CCC#N)c1	0.042483
rxn:4:208762:228415	Fc1ccc(C(F)F)c(-c2ccnn2C2CCC2)c1	0.042477
rxn:4:216418:228673	CCn1nncc1-c1cccc2nscc12	0.042453
rxn:4:188042:228630	CCc1cc(F)cc(-c2cnc(CC(=O)OC)s2)c1	0.042452
rxn:4:195755:228801	CSc1cc(F)ccc1-c1cnc(C2CCC2)o1	0.042448
rxn:4:209269:228159	CCOc1cc(-c2cnc(C(C)(C)C)cn2)ccc1F	0.042441
rxn:4:176772:229200	CCCOc1cc(F)cc(-c2cccc(C)c2)c1	0.042441
rxn:4:191845:228575	Cc1cc(-c2cccc(C)c2CC#N)ccc1C#N	0.042429
rxn:4:211682:228504	Clc1nc2n(c1-c1cccc3c1CCC3)CCC2	0.042427
rxn:4:192214:228411	COc1ccc(S(N)(=O)=O)cc1-c1ccc(OC)c(F)c1F	0.042425
rxn:4:209598:228183	COCc1cc(-c2cn(C)nc2C(C)(C)C)ccc1Cl	0.042410
rxn:4:214446:228567	CCC(C)c1sccc1-c1ccn(CC(=O)N(C)C)n1	0.042405
rxn:4:179443:229297	COC(=O)c1ccc(-c2cncnc2)c(F)c1C	0.042403
rxn:4:181684:228583	COc1ccc(C)c(-c2ccnc(C(C)C)c2)c1C	0.042389
rxn:4:195976:223459	Cc1cn[nH]c1-c1ccc(-c2cncs2)cc1F	0.042383
rxn:4:216912:228498	Cn1cc(-c2cn(C)c(N3CCC3)n2)c(C(F)(F)F)n1	0.042371
rxn:4:195114:228312	COc1cnc(C#N)cc1-c1ccc(C(F)(F)F)cn1	0.042368
rxn:4:215492:222422	CCN(C)c1ncc(-c2c[nH]c(=O)[nH]c2=O)c(Cl)n1	0.042358
rxn:4:191689:227969	CCOc1cc(-c2ccnc(C)c2C2CC2)ncc1F	0.042358
rxn:4:209248:228751	N#Cc1cc(Cl)ccc1-c1cnc(C2CCCO2)nc1	0.042344
rxn:4:195859:228545	N#CCc1cccc(-c2cc(C3CC3(F)F)ccn2)c1	0.042334
rxn:4:188236:229273	COC(=O)c1cccc(C#N)c1-c1scnc1OC	0.042309
rxn:4:205116:228209	COc1nc(C#N)ccc1-c1cc(C#N)c(C)cc1Cl	0.042302
rxn:4:191842:228397	COc1cc(-c2cc(C)cc(CC#N)c2)cc(F)c1F	0.042297
rxn:4:191302:228678	CC(C)Cn1nccc1-c1ncc(OC(F)F)cc1F	0.042276
rxn:4:178976:228726	CCOc1ccc(Cl)cc1-c1ccc(Cl)c(C#N)c1	0.042268
rxn:4:212234:228513	CS1(=O)=NCc2cc(-c3ccccc3C3CC3)cnc21	0.042266
rxn:4:179187:228697	COCc1cc(-c2ccc(OC)c(Cl)c2OC)ccn1	0.042245
rxn:4:181220:229062	CC(=O)c1cc(F)ccc1-c1ccc(C#N)n1C	0.042219
rxn:4:211268:228107	CCC(C)c1ncncc1-c1c(C)nc(Cl)nc1C	0.042208
rxn:4:217124:229140	Cn1c(-c2cccc(F)c2F)cnc1N1CCOCC1	0.042200
rxn:4:182671:223464	Fc1cc2ccsc2cc1-c1cc[nH]c1	0.042195
rxn:4:208111:228962	COc1ncc(-c2cccn3nnnc23)[nH]1	0.042192
rxn:4:217976:229258	Fc1cncc(-c2cnc3[nH]ccc3n2)c1	0.042180
rxn:4:198767:223468	Fc1cc(-c2c[nH]cn2)cc2cnccc12	0.042179
rxn:4:217154:229102	Cc1nnc(-c2ccn(C)c(=O)c2)n1C1CCCCC1	0.042175
rxn:4:183071:229276	O=C1CCCc2c(F)cc(-c3cnc(Cl)cn3)cc21	0.042159
rxn:4:195701:228699	Cc1cc(-c2cncc(N(C)C)c2)cnc1C(F)(F)F	0.042140
rxn:4:182558:228453	COC(=O)Cn1cc(-c2ccc(C)c(F)c2F)cn1	0.042140
rxn:4:188864:223438	CCc1ccc(-c2cn[nH]c2C(F)(F)F)c(C(=O)OC)n1	0.042138
rxn:4:205360:223401	CNc1cc(-c2c(C(F)(F)F)n[nH]c2C2CC2)ccc1C	0.042136
rxn:4:196648:228997	CCc1ccc(-c2ncsc2C2CCCCC2)cn1	0.042135
rxn:4:205587:228331	CCOc1nccc(-c2cc(N(C)CC)ccn2)c1Cl	0.042132
rxn:4:188037:227961	Cc1nc(C2CC2)ccc1-c1ccccc1OCC#N	0.042125
rxn:4:217991:229129	Cc1cc(Cl)c(-c2ccnc3cn[nH]c23)cn1	0.042119
rxn:4:195823:229343	c1ccc(-c2ncco2)c(-c2ccsn2)c1	0.042113
rxn:4:188321:223389	COC(=O)Cc1ncccc1-c1c(C)n[nH]c1C(F)(F)F	0.042108
rxn:4:205584:228464	CCN(C)c1cc(-c2cncc(OC(F)F)c2)ccn1	0.042105
rxn:4:208189:229019	Cc1ccc(-c2ncc(C(F)(F)F)nc2Cl)c(C)n1	0.042104
rxn:4:191220:228496	COC(=O)c1ocnc1-c1cnn(CC(F)(F)F)c1	0.042096
rxn:4:192686:228741	Cc1cc(-c2cc(C#N)ccc2Cl)cnc1OC(C)C	0.042074
rxn:4:217118:229134	Cc1cc(N2CCCC2)nc(-c2cc(F)ccc2F)n1	0.042074
rxn:4:211393:229009	c1cc2cc(-c3cc(C4CC4)cs3)[nH]c2cn1	0.042072
rxn:4:209750:229166	CC(=O)n1cc(-c2cccnc2N2CCCCC2)cn1	0.042067
rxn:4:220893:223451	CC(=O)N1CCn2nc(-c3ccccc3)nc2C1	0.042067
rxn:4:188711:228771	CCOc1ncc(-c2cnc(CC)c(Cl)c2)cc1OC	0.042067
rxn:4:211380:228799	COc1c(Cl)cccc1-c1c[nH]c2cccnc12	0.042066
rxn:4:179541:228705	CC(C)Oc1cc(Cl)cc(-c2cccnc2N(C)C)c1	0.042066
rxn:4:191867:227981	COc1ccc(-c2ccc(C3CC3)cc2Cl)nc1OC	0.042045
rxn:4:218053:228677	CC(C)Cn1cc(-c2n[nH]c3ncc(Cl)cc23)cn1	0.042041
rxn:4:218155:223458	Cc1n[nH]cc1-c1cnc2cc(F)nn2c1	0.042037
rxn:4:192154:228920	CCOc1cnc(C)c(-c2ccnc(SC)c2F)c1	0.042029
rxn:4:196000:229021	CC(=O)c1cc(C)c(-c2ccnc(C)c2C)cn1	0.042028
rxn:4:201343:229132	CN(C)CCOc1cc(-c2ccc(F)c(F)c2)ccn1	0.042024
rxn:4:201344:229131	CN(C)CCOc1ccnc(-c2ccc(F)cc2F)c1	0.042024
rxn:4:175128:229120	CCOCc1ccc(OC)cc1-c1cccn(C)c1=O	0.042021
rxn:4:198589:228887	N#Cc1cc(-c2ccc3c(n2)C(=O)CC3)c(Cl)cn1	0.042015
rxn:4:212025:229305	Cc1cc(-c2cn(C)cn2)cc2cn[nH]c12	0.042014
rxn:4:194986:228128	COc1ccc(-c2cc(C#N)c(F)cc2F)cc1C#N	0.042003
rxn:4:217080:228327	COc1cc(-c2c[nH]nc2C2CCN(C)C2=O)cnc1OC	0.041997
rxn:4:208989:228195	Cc1nn(C(C)(C)C)cc1-c1ccc(N2CCC2)nc1	0.041997
rxn:4:196182:227947	Cc1cc(C#N)cc(C)c1-c1cc(C)c(S(N)(=O)=O)c(F)c1	0.041983
rxn:4:176382:229017	Cc1cnc(C)c(-c2c(F)cccc2OCC(F)F)c1	0.041980
rxn:4:176377:229022	Cc1cncc(-c2cc(F)ccc2OCC(F)F)c1C	0.041980
rxn:4:177171:229278	CSc1cc(-c2c(Cl)cnn2C)ccc1OC1CC1	0.041975
rxn:4:195755:228543	CCCCc1ccsc1-c1cnc(C2CCC2)o1	0.041973
rxn:4:181610:228571	CN(C)c1ccc(-c2ccc(C3CCC3=O)cc2)cc1	0.041971
rxn:4:189069:229070	COc1ccc(-c2ccc(C(C#N)C(C)C)cc2)cn1	0.041961
rxn:4:177005:223384	CNC(=O)c1ccc(-c2ccc(F)cc2OCC2CC2)cn1	0.041960
rxn:4:196327:229092	Cc1nn(C)c(C)c1-c1ccc(C2CC(F)(F)C2)nc1	0.041959
rxn:4:218159:229330	Fc1cnn2cc(-c3ccsc3)cnc12	0.041958
rxn:4:179379:229129	COc1cc(C(C)=O)cc(-c2cnc(C)cc2Cl)c1	0.041953
rxn:4:205654:229048	COc1nc(C)c(-c2cnn3c2CCC3)c(C)c1C#N	0.041927
rxn:4:216392:228398	COc1ccc(Cl)c(-c2cnc(Cl)nc2C#N)c1F	0.041920
rxn:4:205490:228597	Cc1cccc(C#N)c1-c1cccnc1C(=O)N(C)C	0.041916
rxn:4:179337:228740	CCCc1ccc(F)c(-c2ccc(C#N)cc2F)c1	0.041903
rxn:4:195724:227966	CC(C)(C)c1ncccc1-c1cc(F)c(S(N)(=O)=O)c(F)c1	0.041903
rxn:4:188317:229054	COCc1cc(-c2nc(CC(=O)OC)c(C)s2)cs1	0.041891
rxn:4:208429:229235	COc1ccsc1-c1nccn1-c1ccco1	0.041889
rxn:4:203270:228593	COC(C)(C)Cn1cc(-c2ccncc2C2CC2)cn1	0.041888
rxn:4:205449:228096	CC(C)Cn1cncc1-c1ccc(OCCF)cc1	0.041875
rxn:4:188691:228762	CCn1cc(-c2nc(COC)ccc2OC)ccc1=O	0.041870
rxn:4:188319:229036	COC(=O)Cc1ccc(-c2ccc(F)cc2C)nc1	0.041868
rxn:4:191966:228345	CCCc1cnccc1-c1cc(C)sc1C(=O)OC	0.041862
rxn:4:205123:227860	COc1cncc(-c2ccc3c(c2)CCN3C)c1C#N	0.041859
rxn:4:212300:229039	Cc1c(Cl)cccc1-c1ccc2c(n1)N(C)CCO2	0.041858
rxn:4:191450:229094	COC(=O)c1noc(C)c1-c1cnc(C)nc1C	0.041853
rxn:4:195342:228511	CSc1cnc(-c2ccc(C3CC3)cc2)c(F)c1	0.041852
rxn:4:202851:228515	CCc1cccc(C)c1-c1cnc(OCC(F)F)nc1	0.041843
rxn:4:195750:227820	COc1ccc(C)c(-c2ccc(C(C)(C)C)cc2)n1	0.041839
rxn:4:208761:227821	CCc1c(C)cc(C)cc1-c1cn(C2CC2)nc1C	0.041832
rxn:4:183119:222420	Cc1cc2c(c(-c3ccccc3S(N)(=O)=O)c1)C(=O)CCO2	0.041831
rxn:4:178979:228989	CCOc1ccc(Cl)c(-c2c(C)cccc2C)c1	0.041817
rxn:4:203362:223384	CNC(=O)c1ccc(-c2ccnc(N(C)CC3CC3)c2)cn1	0.041813
rxn:4:216784:227890	CCOCc1cccc(-c2ccnc(N3CCC3)n2)c1	0.041813
rxn:4:191371:228725	N#CCc1ccc(-c2cc(F)cc(C#N)c2)c(F)c1F	0.041812
rxn:4:214422:227960	COCn1nc(-c2ccncc2C2CCC2)nc1OC	0.041812
rxn:4:178839:222419	COC(=O)c1cc(-c2cccc(S(N)(=O)=O)c2)ccc1Cl	0.041811
rxn:4:195337:223410	COc1ccnc(-c2c[nH]c3cnccc23)c1F	0.041806
rxn:4:192308:228524	CC(=O)N(C)c1ccc(-c2cnc3c(c2)CCC3)cc1	0.041792
rxn:4:195708:228312	COc1cnc(C#N)cc1-c1ccc(Cl)c(F)c1S(N)(=O)=O	0.041786
rxn:4:195663:229048	Cc1ccc(-c2cnn3c2CCC3)nc1C(F)(F)F	0.041784
rxn:4:195660:229092	Cc1cc(C(F)(F)F)cnc1-c1c(C)nn(C)c1C	0.041776
rxn:4:195427:228597	Cc1cccc(-c2c(C)cccc2C#N)c1C#N	0.041775
rxn:4:181593:228544	CCc1cc(C)c(F)c(-c2ccc(CC#N)cc2)c1	0.041760
rxn:4:205245:228209	CCc1cc(C#N)ncc1-c1cc(C#N)c(C)cc1Cl	0.041759
rxn:4:217126:229112	Cn1cc(-c2cnc(N3CCCCC3)nc2)ccc1=O	0.041758
rxn:4:182718:229308	Cc1cc(-c2cc(F)c3c(c2)COC3=O)on1	0.041750
rxn:4:178811:228764	COC(=O)c1cccc(-c2ccnc(OC)c2C)c1	0.041748
rxn:4:205585:228398	CCC(C)c1ccc(-c2c(Cl)ccc(OC)c2F)nn1	0.041746
rxn:4:195278:223373	Fc1ccc2[nH]ncc2c1-c1nc(C2CC2)co1	0.041739
rxn:4:192283:229015	CC(C)c1sccc1-c1ccnc(OC2CCC2)c1	0.041733
rxn:4:181453:228276	COc1c(-c2ccc(C)c(F)c2OC)ccc(F)c1C	0.041728
rxn:4:195440:228609	COc1cc(-c2ccc(F)c(C(C)=O)n2)ccc1C	0.041728
rxn:4:176743:228357	CCCOc1ccccc1-c1c(C)nc(OC)nc1C	0.041724
rxn:4:208185:227817	CC(C)Cc1ccccc1-c1cnc(C(F)(F)F)nc1	0.041720
rxn:4:216477:228689	CCOc1ccncc1-c1c[nH]nc1-c1nccs1	0.041719
rxn:4:218246:229336	Cc1c(-c2cncs2)ccc2ncnn12	0.041714
rxn:4:217973:223458	Cc1n[nH]cc1-c1n[nH]c2cccnc12	0.041713
rxn:4:178623:228202	CN(C)c1cc(-c2ccc(OC(F)F)cc2)ccc1F	0.041700
rxn:4:188810:229211	COC(=O)C(C)c1ncccc1-c1cccnc1C	0.041697
rxn:4:212275:228012	C[C@H]1COCc2c(-c3cccc(F)c3C3CC3)cnn21	0.041696
rxn:4:181891:229138	Cc1cc(S(C)(=O)=O)c(C)cc1-c1ccc(Cl)cc1F	0.041694
rxn:4:218263:229338	Cn1nnc2ccc(-c3ccns3)cc21	0.041684
rxn:4:182206:229016	COc1ccc(-c2ccsc2C2CC2)c2c1CCC2=O	0.041655
rxn:4:211513:223398	CNCc1ccc(-c2cn3ccnc3cc2Cl)cc1	0.041650
rxn:4:180949:229023	Cc1cc(C)c(-c2cccc(C(F)F)c2Cl)cn1	0.041645
rxn:4:181349:228192	Cc1nc(N(C)C)ccc1-c1cccc(S(C)(=O)=O)c1F	0.041644
rxn:4:176963:228757	CCC(=O)Cc1ccc(-c2cc(C)ncc2OC)cc1	0.041618
rxn:4:192488:228678	CC(C)Cn1nccc1-c1cc(Cl)ccc1CN(C)C	0.041618
rxn:4:196594:228500	Cc1c(-c2cnc(C(F)(F)F)nc2)ccc(S(N)(=O)=O)c1C	0.041615
rxn:4:205331:229043	COC(=O)c1ncc(-c2cc(Cl)ccc2C)nc1C	0.041609
rxn:4:206016:228084	CCCOc1ccc(-c2ccn(CC(C)(C)C)n2)cn1	0.041599
rxn:4:179017:228703	CCOc1cc(F)c(-c2cnn(C3CCC3)c2)cc1Cl	0.041593
rxn:4:210133:223457	COc1nccc2[nH]cc(-c3cc(C)n[nH]3)c12	0.041568
rxn:4:181597:228416	COc1cc(F)cc(F)c1-c1cc(S(C)(=O)=O)ccc1C	0.041557
rxn:4:205453:223371	CCCn1c(-c2cc(Cl)cc3[nH]ncc23)cnc1C	0.041557
rxn:4:211396:228704	CCn1nc(C)c(-c2nccc3cc[nH]c23)c1C	0.041551
rxn:4:194983:228977	N#Cc1c(F)ccc(F)c1-c1ccc2c(c1)CC2	0.041549
rxn:4:220645:229149	CCOc1nc(-c2ccc(-c3nnn[nH]3)cc2)cs1	0.041549
rxn:4:196613:228905	COc1ncc(-c2cncc(C3COCCO3)c2)cc1Cl	0.041547
rxn:4:209608:228710	Cc1nc(N2CCOCC2)sc1-c1cnc(C(C)C)nc1	0.041546
rxn:4:218275:229005	COc1ccccc1-c1cnc2[nH]cc(C)c2n1	0.041534
rxn:4:195769:223419	COc1ncc(-c2cc3ccncc3[nH]2)cc1C	0.041534
rxn:4:202849:228323	CCOc1nccc(-c2cc(C(=O)OC)[nH]c2C#N)c1F	0.041533
rxn:4:205605:228124	CCOc1cc(C)c(-c2cncnc2C(C)CC)cn1	0.041520
rxn:4:217531:229217	CCc1n[nH]c2ncc(-c3ccc(F)cc3)cc12	0.041517
rxn:4:196610:229274	Clc1ncc(-c2ccc(C3COCCO3)nc2)cn1	0.041495
rxn:4:217968:228991	CCCc1sccc1-c1cn2ccnc2cn1	0.041490
rxn:4:179348:228994	CC(c1cccc(-c2ccccc2C#N)c1)C(F)F	0.041487
rxn:4:179794:229047	COc1cc(-c2c(C)sc(C)c2C)cc(C2COC2)c1	0.041486
rxn:4:211276:228783	COc1ccc(Cl)c(-c2cn3ccnc3s2)c1	0.041478
rxn:4:210638:223465	CC(C)c1ccc2[nH]ncc2c1-c1ccn[nH]1	0.041477
rxn:4:183165:223399	CNCc1ccccc1-c1ccc2c(c1)CC(=O)CCC2	0.041476
rxn:4:181341:228122	CCOc1nc(C)ccc1-c1ccc(S(C)(=O)=O)cc1F	0.041474
rxn:4:209228:228424	COc1cc(F)c(Cl)cc1-c1cncc(C2CCOC2)n1	0.041472
rxn:4:195045:228399	COc1c(F)cc(-c2cc(C(F)F)ccn2)cc1F	0.041464
rxn:4:218006:228736	COc1nc(C)ccc1-c1nccc2[nH]ncc12	0.041462
rxn:4:191996:229073	COc1cc(-c2ccncc2OC)cc(C(C)=O)n1	0.041459
rxn:4:181811:228744	Cc1cc(-c2ccc(F)c(C#N)c2)ccc1C1COC1	0.041452
rxn:4:181542:228575	Cc1cc(-c2cc(C3COC3)ccc2F)ccc1C#N	0.041452
rxn:4:211684:228700	CN(C)c1ccc(-c2cnc3c[nH]ccc2-3)cn1	0.041451
rxn:4:179664:229197	CC(C)C(=O)c1ccc(-c2cnn(C(F)F)c2)cc1	0.041446
rxn:4:210622:229304	CC(C)c1n[nH]c2cc(-c3ccncn3)ccc12	0.041432
rxn:4:195043:228498	Cn1cc(-c2ccnc(C(F)F)c2)c(C(F)(F)F)n1	0.041430
rxn:4:189055:223437	CCOC(=O)c1cc(-c2cc(C#N)[nH]c(=O)c2)c(C)n1C	0.041424
rxn:4:205199:227821	CCc1c(C)cc(C)cc1-c1cc(C)nc(CC#N)c1	0.041412
rxn:4:214552:228501	CCN(C)Cc1nn(C)cc1-c1cnn(C)c1C(F)(F)F	0.041407
rxn:4:181706:229288	Cc1ccc(-c2ccc(C3CC(F)C3)cc2)s1	0.041400
rxn:4:217118:229153	Cc1cc(N2CCCC2)nc(-c2cnn(C)c2C#N)n1	0.041399
rxn:4:202835:228752	N#Cc1ccc(F)cc1-c1cnc(OC(F)F)c(C#N)c1	0.041399
rxn:4:205117:228593	COC(=O)c1ncncc1-c1ccncc1C1CC1	0.041397
rxn:4:205604:228804	CSc1ccc(-c2ccc(CN(C)C)nc2)cc1Cl	0.041388
rxn:4:192990:229041	Cc1cccc(F)c1-c1cccc(C(C)N(C)C)c1	0.041380
rxn:4:216917:228802	O=C1CCCCN1c1nnc(-c2ccccc2C(F)F)s1	0.041380
rxn:4:217632:228446	COc1cc(F)cc(-c2cn(C34CC(C)(C3)C4)nn2)c1Cl	0.041371
rxn:4:181158:228691	CCOc1ccc(-c2c(F)ccc(SC)c2F)cn1	0.041370
rxn:4:206036:228778	COc1cccc(-c2cn(C3CCCO3)c(OC)n2)c1F	0.041367
rxn:4:182232:228729	COc1ccc(-c2ccc(F)cc2C#N)c2c1CCC2	0.041366
rxn:4:192011:228114	COc1cc(-c2csc(OC3CCOC3)n2)ccc1C#N	0.041363
rxn:4:188944:229013	CC(C)COc1ccnc(-c2sccc2C2CC2)c1	0.041363
rxn:4:199317:223437	CC1=Nc2ccc(-c3cc(C#N)[nH]c(=O)c3)cc2C1(C)C	0.041356
rxn:4:196664:228554	CCOc1ccccc1-c1cc(N2CCCCC2)co1	0.041353
rxn:4:218376:229324	Cc1cn2cc(-c3cc(Cl)cs3)cnc2n1	0.041348
rxn:4:178983:228939	CCOc1cc(Cl)ccc1-c1c(F)cc(F)cc1F	0.041347
rxn:4:191445:228841	CC(=O)Oc1ccc(-c2cc(F)c(Cl)cc2C)nc1	0.041346
rxn:4:216784:228104	N#Cc1cccc(C#N)c1-c1ccnc(N2CCC2)n1	0.041345
rxn:4:181006:223445	COc1cc[nH+]cc1-c1cc(F)c(C(F)F)c(F)c1	0.041338
rxn:4:176760:228749	CCOCc1cccc(-c2cc(C#N)ccc2F)c1Cl	0.041338
rxn:4:202999:229149	CCOC(=O)c1cc(-c2csc(OCC)n2)n(C)n1	0.041332
rxn:4:209350:229297	Cc1cc(-c2cccc(-c3cncnc3)c2)n[nH]1	0.041331
rxn:4:205588:228007	CCN(C)c1ccc(-c2cc(F)ccc2C2CC2)nc1	0.041326
rxn:4:206571:228974	CS(=O)(=O)n1cc(-c2cn(CC3CCCCC3)cn2)cn1	0.041303
rxn:4:196613:228677	CC(C)Cn1cc(-c2cncc(C3COCCO3)c2)cn1	0.041296
rxn:4:191310:228112	COc1ccc(C#N)cc1-c1cnc(OC(F)F)c(F)c1	0.041295
rxn:4:191653:223373	COCc1cccc(-c2c(F)ccc3[nH]ncc23)n1	0.041288
rxn:4:211534:223440	Clc1cc(-c2ccc(C3CC3)[nH]2)c2cncn2c1	0.041277
rxn:4:178888:229245	COC(=O)c1cc(F)c(-c2cc(C)nn2C)cc1F	0.041273
rxn:4:218189:228161	CCOc1ccc(-c2cnc3c[nH]cnc2-3)c(F)c1	0.041258
rxn:4:196520:227974	COc1cc(C)c(-c2cc(N3CCOCC3)co2)c(C)c1	0.041251
rxn:4:198587:228653	O=C1CCc2nc(-c3cnn4c3CCCC4)ccc21	0.041250
rxn:4:181561:228590	Cc1cccc(-c2ccc(C(C)C)cc2)c1C#N	0.041247
rxn:4:181844:228992	Cc1cc(C(C)C)ccc1-c1cccc(C#N)c1	0.041247
rxn:4:191899:228491	Cn1cc(-c2cnccc2OC2CC2)c(=O)n(C)c1=O	0.041242
rxn:4:182592:227932	COCc1ccc(C)c(-c2c(C)cc(F)cc2C)c1	0.041241
rxn:4:206051:228548	CCCc1cncc(-c2cncc(C(=O)N(C)C)c2C)c1	0.041230
rxn:4:209230:228229	O=c1cc(-c2cnc(C3CCOC3)cn2)ccn1C1CC1	0.041225
rxn:4:211549:228680	CCCn1nc(C)cc1-c1cc(F)c2nc[nH]c2c1	0.041223
rxn:4:181409:228680	CCCn1nc(C)cc1-c1ccc(C2CC2)c(Cl)c1	0.041212
rxn:4:205443:228806	CCC(C)n1ccnc1-c1cc(Cl)cc(SC)c1	0.041208
rxn:4:195725:228829	Cc1c(F)cc(-c2c(F)cc(S(N)(=O)=O)cc2F)cc1F	0.041208
rxn:4:191904:228596	CCC(=O)c1ccncc1-c1ccc(CC)nc1C	0.041196
rxn:4:179246:229001	CCc1cnccc1-c1ccc(SC)c(F)c1OC	0.041192
rxn:4:182468:227916	Fc1cc(Cl)cc(F)c1-c1ccc(OC2CC2)cc1	0.041189
rxn:4:179662:228641	COc1cc(-c2cc(C)c(C)cc2F)c(OC)cc1C	0.041185
rxn:4:192217:228152	CCOc1ccc(Cl)cc1-c1cc(OC)cc(S(N)(=O)=O)c1	0.041185
rxn:4:215612:223410	CCc1nnn(C(C)C)c1-c1c[nH]c2cnccc12	0.041176
rxn:4:191293:228136	FC(F)(F)Oc1cnccc1-c1ccc(OC2CC2)nc1	0.041174
rxn:4:220788:228788	COc1ccc(Cl)cc1-c1cnc(N2CCOCC2)nn1	0.041171
rxn:4:197211:229207	COc1c(-c2ccnc(C)c2)ccc2[nH]ccc12	0.041169
rxn:4:196496:228732	N#Cc1cccc(-c2cc(C3CCCS3)ccn2)c1F	0.041168
rxn:4:181450:227922	CCc1cc(OC)ccc1-c1ccc(OC)c(F)c1C	0.041167
rxn:4:207980:228668	N#Cc1nscc1-c1cc2cccnc2s1	0.041162
rxn:4:205237:227840	CCc1nccc(-c2cccc(C)c2C2CC2)c1C#N	0.041161
rxn:4:198506:223443	CNc1ccc(-c2cccc3cc[nH]c23)cn1	0.041155
rxn:4:205489:228136	CN(C)C(=O)c1ccc(-c2ccc(OC3CC3)nc2)cn1	0.041153
rxn:4:195298:223412	CSc1ccncc1-c1nc2ccccc2[nH]1	0.041146
rxn:4:192029:227961	Cc1nc(C2CC2)ccc1-c1cncc(OC2COC2)c1	0.041143
rxn:4:191562:228103	COc1cc(-c2cnc(CC(C)C)nc2)cc(F)c1C#N	0.041137
rxn:4:191251:228453	CCOc1nc(-c2cnn(CC(=O)OC)c2)co1	0.041136
rxn:4:195047:228633	Cc1cc(-c2csc(C(C)(F)F)n2)cc(C)c1Cl	0.041130
rxn:4:220807:228552	CCOc1cccc(-c2cnc(N3CCCCC3)nn2)c1	0.041128
rxn:4:192136:228491	COCc1cnc(-c2cn(C)c(=O)n(C)c2=O)cc1C	0.041125
rxn:4:192514:228584	c1cc(OC2CCOC2)cc(-c2ccnc(C3CC3)c2)n1	0.041122
rxn:4:182685:229083	CC(C)c1ncc(-c2cc3c(cc2Cl)OC(F)(F)O3)o1	0.041115
rxn:4:175286:223447	Cc1cc(-c2cccc(SCCC(C)C)c2)cc(=O)[nH]1	0.041096
rxn:4:209207:227839	Cc1cn(C(C)C)c(-c2c(C)cccc2C2CC2)n1	0.041095
rxn:4:194952:228007	N#Cc1ccc(-c2cc(F)ccc2C2CC2)cc1F	0.041091
rxn:4:210176:228159	CCOc1cc(-c2ncc3c(c2C#N)CCC3)ccc1F	0.041091
rxn:4:181496:229052	CCCn1nccc1-c1ccc(C2(F)CC2(F)F)cc1	0.041089
rxn:4:211575:228909	COc1cc(-c2cc3[nH]cc(F)c3cn2)c(Cl)cn1	0.041087
rxn:4:179666:229091	CC(=O)c1occc1-c1cccc(C(C)C(C)=O)c1	0.041086
rxn:4:192512:228641	Cc1cc(F)c(-c2ncccc2OC2CCOC2)cc1C	0.041085
rxn:4:211313:228991	CCCc1sccc1-c1cccc2snnc12	0.041084
rxn:4:196569:228097	CN(C)Cc1cncc(-c2ccnc(C(C)(C)C)c2F)c1	0.041081
rxn:4:192091:229020	Cc1cc(-c2cc(C3(C#N)CC3)ccc2F)cc(C)n1	0.041075
rxn:4:188363:228397	COCc1ccc(-c2cc(F)c(F)c(OC)c2)cc1C#N	0.041061
rxn:4:188556:229242	COC(=O)c1cc(-c2cncnc2C)ncc1OC	0.041053
rxn:4:196233:228381	N#Cc1cc(F)c(-c2cnccc2C2CCC2)c(F)c1	0.041046
rxn:4:205060:229201	Cc1ccccc1-c1cc(C(F)(F)F)cnc1C#N	0.041045
rxn:4:181478:227889	COCCc1ccccc1-c1ccc(C)c(OC)c1F	0.041009
rxn:4:177283:229289	Cc1cscc1-c1cc(COC(C)C)ccc1Cl	0.041006
rxn:4:211358:228624	CSc1cc(-c2cc3c(cn2)=NC(=O)C=3)ccc1C	0.040992
rxn:4:179957:229287	CCC1(c2ccc(-c3sccc3C)cc2)CC1	0.040979
rxn:4:196028:228850	CS(=N)(=O)c1cccc(-c2ccc3nncn3c2)c1	0.040971
rxn:4:216882:228441	CSc1ccc(-c2cn(C(C)(C)C)nn2)c(Cl)c1F	0.040955
rxn:4:177163:228709	COc1ccc(-c2cc(C)nc(C#N)c2)cc1OC1CC1	0.040953
rxn:4:195246:229249	Cc1cc(-c2cc(F)cnc2C(F)(F)F)cnn1	0.040942
rxn:4:215408:228287	Cc1nnc2cc(-c3n[nH]c(CC(C)C)n3)ccn12	0.040938
rxn:4:212306:229052	CCCn1nccc1-c1c[nH]c2c(C)nc(C)cc12	0.040934
rxn:4:194968:227923	CCOc1ccc(C)cc1-c1cc(F)c(Cl)cc1C#N	0.040925
rxn:4:217942:228717	Cc1nn(C2CC2)cc1-c1nn2ccnc2s1	0.040923
rxn:4:211153:228240	Fc1nccnc1-c1ccc(-c2cccs2)s1	0.040902
rxn:4:179576:228593	COC(C)c1cccc(-c2ccncc2C2CC2)c1F	0.040900
rxn:4:188341:223384	CCOC(=O)c1onc(-c2ccc(C(=O)NC)nc2)c1C	0.040889
rxn:4:209216:228188	CCOc1c(Cl)cccc1-c1cnc(N2CCOCC2)s1	0.040886
rxn:4:220990:227883	CCOCc1ccc(-c2cncc3[nH]nnc23)cc1	0.040883
rxn:4:208863:229080	c1cc(-c2cnc(C3CC3)s2)ccc1-c1cn[nH]c1	0.040873
rxn:4:183089:228888	N#Cc1cc(-c2ccc3c(c2)CCCC3)c(F)cn1	0.040871
rxn:4:195200:228305	CC(C)Oc1cnc(-c2ncc(Cl)cc2C(F)(F)F)cn1	0.040869
rxn:4:194869:223369	N#Cc1cocc1-c1cc(F)c2cn[nH]c2c1	0.040861
rxn:4:188560:228540	CC(F)(F)COc1ccnc(-c2cccc3c2COC3)c1	0.040857
rxn:4:178622:227962	Cc1cc(-c2cccc(OC(F)F)c2)cc(C2CC2)n1	0.040856
rxn:4:195563:227931	Cc1cc(-c2ccccc2OC2CC2)ncc1C(F)F	0.040856
rxn:4:196026:227926	CC(C)Sc1ccc(-c2ccc(S(C)(=N)=O)cc2)cc1	0.040852
rxn:4:220595:228997	CCc1ccc(-c2ccccc2-c2nnn[nH]2)cn1	0.040851
rxn:4:179073:228108	CCOc1ccc(F)c(-c2cc(C#N)cnc2CC)c1F	0.040849
rxn:4:198350:223383	CC(=O)Nc1ccc(-c2ccnc3ccsc23)cn1	0.040848
rxn:4:196231:228141	CCCc1cc(F)c(-c2ccc(C3CCC3)nc2)cn1	0.040847
rxn:4:182590:227905	Cc1ccc(-c2ccnc(CC(C)C)c2)c(C)c1F	0.040847
rxn:4:205224:228244	COC(=O)c1cn(C)c(-c2cc(Cl)c(OC)cc2C)n1	0.040847
rxn:4:208419:228345	COC(=O)c1sc(C)cc1-c1ccnn1C1CC1(F)F	0.040838
rxn:4:178679:223397	Fc1cc(F)c(-c2ccc3c(c2)CCN3)cc1OC(F)F	0.040822
rxn:4:177260:229036	CCOCc1cc(-c2ccc(F)cc2C)ccc1C	0.040817
rxn:4:192045:228125	COc1ccc(-c2ccnc(OC(C)C)c2)c(C)c1C#N	0.040816
rxn:4:196956:229114	Cc1cc(-c2ccc(N3CCCC3)cc2C)c(F)cn1	0.040812
rxn:4:183187:228683	CCCc1ncc(-c2cccc3c2C(=O)C(C)(C)C3)cn1	0.040811
rxn:4:203016:228322	CCOC(=O)c1[nH]c(-c2cnc(OCC)c(F)c2)nc1C	0.040808
rxn:4:211226:223390	Cc1ncnc(-c2ccc3cc[nH]c3c2)c1F	0.040806
rxn:4:195803:228839	Cc1cc(F)cc(-c2cnc(C3(F)CCC3)s2)c1F	0.040791
rxn:4:211256:223376	Cc1nn(C)c(-c2c(Cl)ccc3[nH]ncc23)c1F	0.040789
rxn:4:209215:228871	COC(=O)c1ccsc1-c1nnc(C2CCOCC2)s1	0.040786
rxn:4:205463:228118	COc1cccc(-c2cnn(CC3OCCO3)c2)c1C#N	0.040783
rxn:4:208414:223390	CS(=O)(=O)c1cnc(-c2ccc3cc[nH]c3c2)cn1	0.040777
rxn:4:179801:228735	COc1cncc(C)c1-c1ccccc1C1CC1C(C)=O	0.040775
rxn:4:181201:228555	COCc1ccccc1-c1ccc(Cl)c(C(C)=O)c1	0.040773
rxn:4:182690:228623	c1cc(C2CCC2)c(-c2scc3c2CCC3)s1	0.040767
rxn:4:195949:229341	Fc1ccccc1-c1ncsc1-c1ccon1	0.040767
rxn:4:195794:228242	COc1cc(F)c(C)cc1-c1cc(Cl)c(C2CC2)cn1	0.040750
rxn:4:181607:228759	CC(=O)c1ccc(-c2cc(C)ccc2S(C)(=O)=O)cn1	0.040742
rxn:4:195858:228989	Cc1cccc(C)c1-c1ccc(C2CC2(F)F)cn1	0.040740
rxn:4:214567:223435	CCN(CC)c1ncc(-c2ccc(C(=O)OC)[nH]2)c(C)n1	0.040736
rxn:4:181437:228198	Cc1nc(C(C)C)ncc1-c1cc(F)cc(C2CC2)c1	0.040736
rxn:4:211881:228676	CCCCn1cc(-c2ccc3nc(C)[nH]c3c2)cn1	0.040724
rxn:4:220970:228819	Cc1cc(Cl)cc(-c2n[nH]c3ncncc23)c1F	0.040723
rxn:4:211836:223462	Cc1cc(-c2cc3nc(Cl)cnc3cc2F)n[nH]1	0.040723
rxn:4:201301:229141	COC(=O)C(C)Cn1cc(-c2ccc(F)cc2Cl)cn1	0.040709
rxn:4:218509:223462	Cc1nc2c(Cl)c(C)c(-c3cc(C)[nH]n3)cn2n1	0.040704
rxn:4:179107:229018	COc1ccc(C(F)(F)F)c(-c2c(C)ccnc2C)c1	0.040698
rxn:4:205470:228871	COC(=O)c1ccsc1-c1c(C)nn(CC(F)F)c1C	0.040697
rxn:4:192060:228192	Cc1nc(N(C)C)ccc1-c1cc(C2CC2)ccc1C#N	0.040696
rxn:4:211375:228091	CCN(CC)c1ccc(-c2nc3ccccc3[nH]2)s1	0.040691
rxn:4:211179:223318	Cc1cc(-c2ccnc3[nH]c(C)cc23)n[nH]1	0.040684
rxn:4:182724:227861	c1cc2c(c(-c3cnc4c(c3)CCCC4)c1)OCC2	0.040672
rxn:4:208710:223434	Cc1c(-c2cnc3cn[nH]c3c2)c(C(F)F)nn1C	0.040669
rxn:4:208278:228247	CC(=O)c1ccc(F)c(-c2cc(C#N)ncc2C)c1	0.040668
rxn:4:201215:229002	CCOC(=O)Cn1nccc1-c1ccc(OC)cc1	0.040666
rxn:4:208292:223415	CC(F)(F)c1nc(-c2cccc3[nH]cnc23)c[nH]1	0.040657
rxn:4:191470:228008	COc1ccc(-c2cc(Cl)cc(C3CC3)c2)c(C#N)c1	0.040655
rxn:4:218274:229241	Cc1cc2nc(-c3cnn(C)c3C)cnc2[nH]1	0.040653
rxn:4:195143:228784	COc1cc(-c2cnccc2C(F)(F)F)ccc1F	0.040649
rxn:4:196239:227979	COc1cc(C)cc(C)c1-c1c(C2CC2)ccnc1C	0.040648
rxn:4:211208:223328	Cc1cnc(-c2cnc3[nH]cc(C)c3c2)nc1	0.040642
rxn:4:217994:229018	Cc1ccnc(C)c1-c1cncc2cn[nH]c12	0.040642
rxn:4:217045:228995	CCc1cncc(-c2cnc(N3CCCC3)nc2Cl)c1	0.040619
rxn:4:208761:227826	Cc1nn(C2CC2)cc1-c1cccc(C(C)(C)C)c1	0.040616
rxn:4:215760:229088	CC(=O)c1csc(-c2cnn(C)c2CN2CCCC2)c1	0.040613
rxn:4:176475:229152	CSc1cccc(-c2c(C#N)cnn2C)c1OC(F)F	0.040611
rxn:4:191536:228791	CSc1ccc(-c2ccc(S(=O)(=O)CF)nc2)c(F)c1	0.040610
rxn:4:178812:228503	COC(=O)c1cc(-c2ccc3c(c2)CCC3)oc1C	0.040606
rxn:4:198184:223366	Fc1cnc(-c2cc(Cl)c3cn[nH]c3c2)cc1F	0.040605
rxn:4:205463:228807	CSc1ccc(Cl)cc1-c1cnn(CC2OCCO2)c1	0.040597
rxn:4:217114:228790	FC(F)c1cccc(-c2cncc(N3CCCCC3)n2)c1	0.040596
rxn:4:218017:228400	COc1c(-c2ccc3cn[nH]c3n2)ccc(F)c1F	0.040592
rxn:4:178660:229322	Fc1cc(Cl)cc(-c2sccc2Cl)c1OC(F)F	0.040591
rxn:4:205208:228260	COC(=O)c1c(-c2cccc(C(C)(F)F)c2)cnn1C	0.040590
rxn:4:202825:228217	COC(=O)Cc1nsc(-c2cc(Cl)cnc2C(C)C)n1	0.040589
rxn:4:218136:229142	Fc1cccc(-c2nc3cc[nH]c3nc2Cl)c1Cl	0.040585
rxn:4:179223:228614	CCc1ccc(Cl)cc1-c1ccc(OC)c(F)c1OC	0.040585
rxn:4:212273:228333	COc1nccc(SC)c1-c1cnc2c(n1)CCCC2	0.040580
rxn:4:205090:228707	COC(=O)c1cc(-c2cnn(C(C)(C)C)c2)ncn1	0.040577
rxn:4:215427:227811	CC(C)Cc1ccc(-c2ccn(S(=O)(=O)N(C)C)n2)cc1	0.040576
rxn:4:208579:223448	CNc1ncc(-c2cc(-c3cnoc3)ccn2)cn1	0.040575
rxn:4:188416:228906	CCOc1cc(-c2ccnc(C(F)F)c2)c(F)cc1C#N	0.040574
rxn:4:188227:229209	COC(=O)c1cccc(-c2ccncc2C)c1C#N	0.040567
rxn:4:188348:228709	CCOC(=O)c1nc(-c2cc(C)nc(C#N)c2)c(C)s1	0.040562
rxn:4:205213:227990	COC(=O)c1nc(-c2ccc(Cl)cc2C(C)C)cn1C	0.040558
rxn:4:189398:229171	COc1ccc(-c2cnc(C)nc2Cl)c(CN(C)C)c1	0.040556
rxn:4:195407:223305	Cc1c[nH]c2cc(-c3cnc(C4COC4)s3)ccc12	0.040551
rxn:4:201310:229138	CCOC(=O)c1cn(CC)nc1-c1ccc(Cl)cc1F	0.040533
rxn:4:213568:228997	CCc1ccc(-c2cn(C)nc2CN(CC)CC)cn1	0.040529
rxn:4:191546:228780	COC(=O)c1cnc(-c2cccc(F)c2OC)cc1F	0.040527
rxn:4:208710:228461	Cc1c(-c2cccnc2OC(F)F)c(C(F)F)nn1C	0.040525
rxn:4:179702:229004	COc1cc(C)cc(OC)c1-c1ccccc1SC	0.040516
rxn:4:208627:229284	c1cncc(-c2ccc(-c3nccs3)nc2)c1	0.040505
rxn:4:217958:229013	c1cn2c(-c3sccc3C3CC3)cnc2cn1	0.040501
rxn:4:202852:228822	Cc1ccc(Cl)c(-c2cccc(C(C#N)C#N)c2)c1F	0.040491
rxn:4:178618:228019	CC(=O)c1ccc(C)c(-c2ccc(OCF)cc2)c1	0.040485
rxn:4:220806:228703	Cn1nc(-c2cnn(C3CCC3)c2)nc1N1CCOCC1	0.040483
rxn:4:191461:228447	COC(=O)c1oc(-c2cccc(C(F)F)c2F)nc1C	0.040482
rxn:4:205600:228084	CCCOc1ccc(-c2cc(CN(C)C)ccn2)cn1	0.040463
rxn:4:214423:228089	CCCOc1ncccc1-c1cnn(CC(C)C#N)c1	0.040462
rxn:4:198104:228059	Cc1nc2cc(-c3csnc3C)ccc2s1	0.040462
rxn:4:198729:229334	Cc1c(F)ccc2nc(-c3cnoc3)sc12	0.040461
rxn:4:185655:228742	COC(=O)CCc1cc(-c2cc(Cl)cc(C#N)c2)no1	0.040456
rxn:4:182235:228975	FC(F)(F)n1cc(-c2cccc(C34CC(C3)C4)c2)cn1	0.040454
rxn:4:195027:228061	CCc1scnc1-c1cccc2onc(C)c12	0.040441
rxn:4:182868:228182	Fc1cc2c(cc1-c1cccc(CC(F)F)c1)OCCO2	0.040439
rxn:4:195480:228989	Cc1cc(F)c(C#N)cc1-c1c(C)cccc1C	0.040437
rxn:4:183053:229107	C=C1CCOc2cc(-c3c(C)cncc3F)ccc21	0.040434
rxn:4:205190:228851	CCCn1ccc(-c2ccn3ncnc3c2)n1	0.040426
rxn:4:188044:228064	COC(=O)Cc1csc(-c2cnc3c(c2)C(=O)CC3)n1	0.040423
rxn:4:217923:228067	Cn1ncnc1-c1cc2ccc(F)cc2s1	0.040420
rxn:4:191214:228312	COC(=O)c1cc(-c2cc(C#N)ncc2OC)no1	0.040420
rxn:4:205857:228464	COc1nc(-c2cncc(OC(F)F)c2)ccc1N(C)C	0.040408
rxn:4:191342:227881	CCCOc1ccc(-c2cc(CC#N)ccc2F)cc1	0.040407
rxn:4:208256:228352	CCn1ncc(-c2ccc(-n3cccn3)s2)c1F	0.040398
rxn:4:208844:229271	COc1cc(-c2cc(-n3cc(C)cn3)co2)sn1	0.040394
rxn:4:191522:228712	COC(=O)c1ccnc(-c2ccnn2C2CCC2)c1F	0.040392
rxn:4:217038:227889	COCCc1ccccc1-c1cn(C2CCCCO2)nn1	0.040390
rxn:4:222237:228592	CC(C)c1cncc(-c2cnn(-c3nnn[nH]3)c2)c1	0.040390
rxn:4:198909:229292	Cc1ccc2cc[nH]c2c1-c1ccoc1C	0.040381
rxn:4:181120:223417	COc1c(F)ccc(Cl)c1-c1n[nH]c2ccccc12	0.040380
rxn:4:211566:228776	COc1cc(-c2cc(F)cc3cn[nH]c23)ccc1Cl	0.040380
rxn:4:218362:228778	COc1cccc(-c2n[nH]c3c(C)cncc23)c1F	0.040376
rxn:4:212000:228547	CCCc1ccncc1-c1c(C)[nH]c2cccnc12	0.040368
rxn:4:214482:228397	CCN(CC)c1cnnc(-c2cc(F)c(F)c(OC)c2)c1	0.040368
rxn:4:209086:229330	Cc1ccc(-c2ncon2)cc1-c1ccsc1	0.040365
rxn:4:217116:228541	Cc1nc(-c2ccc3c(c2)COC3)cnc1N1CCCC1	0.040363
rxn:4:208173:228161	CCOc1ccc(-c2cc(C(F)(F)F)ncn2)c(F)c1	0.040345
rxn:4:196823:228888	N#Cc1cc(-c2cccc(C3CCCCO3)n2)c(F)cn1	0.040344
rxn:4:178629:229036	Cc1cc(F)ccc1-c1ccc(Cl)cc1OC(F)F	0.040340
rxn:4:198488:228463	O=C1OCc2cc(-c3ccc(OC(F)F)nc3)ncc21	0.040338
rxn:4:209219:227882	CCOCc1ccccc1-c1cccc(N=S(C)(C)=O)n1	0.040335
rxn:4:182611:228460	COc1ncnc(OC)c1-c1coc2ccsc12	0.040329
rxn:4:218021:228746	N#Cc1cccc(-c2cc3cc[nH]c3nn2)c1Cl	0.040301
rxn:4:178868:229000	CCc1ccncc1-c1cc(Cl)c(C(=O)OC)cc1F	0.040300
rxn:4:183019:228309	COc1cc(-c2ccc3c(c2)OC(C)(C)O3)cc(C#N)n1	0.040299
rxn:4:211545:228119	CC(C)Sc1ccc(-c2cnc3n2CC=C(Cl)O3)cn1	0.040293
rxn:4:211223:223334	Cc1cc(-c2cc3ccc(F)cc3[nH]2)nnc1Cl	0.040289
rxn:4:214566:228728	COc1ncc(-c2cnn(CCN3CCCC3)c2)cc1C	0.040288
rxn:4:191822:228527	COc1ncc(C(F)(F)F)cc1-c1cccc2c1OCC2	0.040288
rxn:4:181289:228244	CCc1ccc(-c2cc(Cl)c(OC)cc2C)c(F)c1	0.040284
rxn:4:216885:223316	Cc1nn(C(C)C)nc1-c1ccc2[nH]nc(C)c2c1	0.040281
rxn:4:203132:229015	COC(=O)C(C)n1cc(-c2ccsc2C(C)C)c(C)n1	0.040277
rxn:4:198466:229322	Fc1ccc2oc(-c3sccc3Cl)nc2c1	0.040276
rxn:4:182209:228524	COc1cc2c(cc1-c1cnc3c(c1)CCC3)CCC2=O	0.040271
rxn:4:192470:228847	Cc1cc(Cl)cc(F)c1-c1cncc(CC(C)C)c1	0.040268
rxn:4:177035:228705	CCOc1cc(-c2cccnc2N(C)C)cc(F)c1OC	0.040259
rxn:4:209450:228272	COc1c(C)ccc(-c2cncc(C3CCCC3)n2)c1F	0.040257
rxn:4:212074:229293	Cc1cc2c(Cl)cc(-c3csc(C)c3)nc2[nH]1	0.040244
rxn:4:176535:228927	COc1nccc(F)c1-c1ccccc1COC(C)=O	0.040242
rxn:4:191252:228351	COCc1cc(-c2cc(-n3ccnc3)cs2)no1	0.040238
rxn:4:176573:229069	COC(=O)Cc1cc(-c2cccnc2OC)ccc1F	0.040236
rxn:4:191466:228268	CSc1c(-c2cnc(OC3COC3)s2)ccc(C)c1F	0.040235
rxn:4:199262:228593	CN1CCc2c(cccc2-c2ccncc2C2CC2)C1=O	0.040215
rxn:4:203011:228612	CCn1c(C(=O)OC)cnc1-c1cccc(OC)c1C	0.040215
rxn:4:178921:223353	COC(=O)c1c(F)cc(F)cc1-c1cccc(NC(C)=O)c1	0.040205
rxn:4:203009:228609	CCOC(=O)c1nc(-c2ccc(C)c(OC)c2)cn1C	0.040204
rxn:4:192702:227972	COc1cc(-c2cncc(C3CCC3)c2)cc(N(C)C)c1	0.040201
rxn:4:208176:227920	CCC(=O)c1ccc(-c2cnc(C(F)(F)F)cn2)cc1	0.040198
rxn:4:220620:229233	COc1ccc(-c2ccc(-n3ccnc3)nn2)s1	0.040197
rxn:4:196851:228531	Cc1nc(C2CCOC2)ccc1-c1cccc2c1CCO2	0.040191
rxn:4:215659:228162	CCOc1c(F)cccc1-c1cn(C2CC2)c(N(C)C)n1	0.040181
rxn:4:191341:227965	Cc1ccnc(C(C)C)c1-c1cccc(CC#N)c1Cl	0.040180
rxn:4:220973:229274	Clc1ncc(-c2cnc3[nH]ncc3n2)cn1	0.040173
rxn:4:185939:229028	CCOC(=O)Cc1ccncc1-c1ccc(Cl)cc1C	0.040171
rxn:4:182935:228282	CC(F)(F)c1ccccc1-c1cccc2c1CS(=O)(=O)C2	0.040149
rxn:4:220747:229329	Cc1cc(-n2cc(-c3cnc(Cl)s3)nn2)ccn1	0.040147
rxn:4:183158:228734	COc1nccc(C)c1-c1ccc2c(c1)OC(C)(C)OC2	0.040146
rxn:4:179029:228929	CCOc1cc(Cl)c(F)cc1-c1cncc(C(F)F)c1	0.040144
rxn:4:176774:228691	CCOCc1ccc(F)cc1-c1ccc(OCC)nc1	0.040135
rxn:4:208062:228851	FC(F)(F)c1n[nH]cc1-c1ccn2ncnc2c1	0.040131
rxn:4:192005:228570	COC(=O)c1cc(-c2cncc(C3CC3)c2)cc(C)n1	0.040125
rxn:4:208481:223298	COc1cc(C)nc(-c2cc3cccc(C)c3[nH]2)n1	0.040122
rxn:4:212013:228736	COc1nc(C)ccc1-c1cc2[nH]ccc2nc1C	0.040122
rxn:4:220771:229328	Cc1ccc(-c2cn(C)nn2)cc1-c1nnn[nH]1	0.040121
rxn:4:209328:228840	Cc1c(F)ccc(F)c1-c1cnc(N2CCCCC2=O)s1	0.040114
rxn:4:174845:229100	CC(=O)OCCc1cccc(-c2ccnc(C)c2F)c1	0.040113
rxn:4:216500:229167	CN(C)c1nc(-c2nncn2-c2ccoc2)cs1	0.040101
rxn:4:198508:229312	Cc1nocc1-c1cccn2cccc12	0.040099
rxn:4:203015:228413	CCCc1ccnc(-c2cc(OC)c(F)cc2Cl)c1C#N	0.040099
rxn:4:191540:228090	CCOCc1cncc(-c2cccc(CC(F)(F)F)n2)c1	0.040087
rxn:4:196019:223411	c1cnc2[nH]c(-c3cc(C4COC4)ccn3)cc2c1	0.040080
rxn:4:216754:229197	Fc1ccccc1-c1[nH]nnc1-c1cnn(C(F)F)c1	0.040079
rxn:4:176749:228363	Cc1cc(OCCF)ccc1-c1cnc(N(C)C)cc1F	0.040071
rxn:4:218471:228824	Cc1cc(F)c(-c2cc3n(n2)CCN(C)C3=O)c(F)c1	0.040067
rxn:4:217233:223469	N#Cc1cc(-c2cc[nH]n2)c2cn[nH]c2c1	0.040062
rxn:4:198250:223391	Cc1cc(Cl)cc(-c2cc3ccccc3[nH]2)n1	0.040060
rxn:4:176814:229073	COC(=O)c1cc(OC)cc(-c2ccncc2OC)c1	0.040059
rxn:4:192296:223432	c1cc(-c2cnc(OC3CCCC3)s2)c2[nH]nnc2c1	0.040057
rxn:4:210645:223459	Cc1cn[nH]c1-c1ccc2[nH]cc(C(C)C)c2n1	0.040057
rxn:4:183046:228126	COc1ccc(-c2c(C)ccc3c2CCC3=O)c(C#N)c1	0.040053
rxn:4:205502:227887	COCCc1ccc(-c2cccc(N(C)C)c2C#N)cc1	0.040046
rxn:4:210126:229102	COc1ccc(-c2ccn(C)c(=O)c2)c2cn[nH]c12	0.040046
rxn:4:215311:228674	N#Cc1cc(-c2cnc3sccc3c2)[nH]c1C#N	0.040040
rxn:4:220972:228692	CN(C)Cc1ccc(-c2nnc3cnccn23)s1	0.040035
rxn:4:196965:228719	Cc1cnc(C#N)cc1-c1cc(N2CCC(C)CC2)co1	0.040034
rxn:4:176548:228744	CCOC(=O)c1ccccc1-c1ccc(F)c(C#N)c1	0.040031
rxn:4:178812:227941	COCc1cc(C)cc(-c2cc(C(=O)OC)c(C)o2)c1	0.040030
rxn:4:192686:228276	COc1c(-c2cnc(OC(C)C)c(C)c2)ccc(F)c1C	0.040027
rxn:4:205641:228567	CCC(C)c1sccc1-c1cncc(OC2CCOC2)n1	0.040020
rxn:4:218013:229112	Cn1cc(-c2cc3[nH]ncc3cn2)ccc1=O	0.040019
rxn:4:178881:229112	COC(=O)c1c(Cl)ccc(F)c1-c1ccc(=O)n(C)c1	0.040016
rxn:4:182523:228242	COc1cc(F)c(C)cc1-c1cc(F)c(C)cc1Cl	0.040013
rxn:4:188035:227883	CCOCc1ccc(-c2ccc(OCC#N)cc2)cc1	0.039961
rxn:4:191809:229043	COc1cc(C(F)(F)F)cnc1-c1cc(Cl)ccc1C	0.039960
rxn:4:179243:228734	COc1ccc(-c2c(C)ccnc2OC)c(SC)c1F	0.039959
rxn:4:192149:227829	CCOc1cc(C)c(-c2ccccc2C2CCC2)cn1	0.039953
rxn:4:196060:228248	CC(=O)c1ccc(-c2cnc(C(C)(C)C)s2)c(F)c1	0.039950
rxn:4:191812:229010	COc1ccc(C(F)(F)F)nc1-c1cc(C(C)C)cs1	0.039949
rxn:4:209205:223323	Cc1cc2cn[nH]c2cc1-c1cnn(C(C)C)c1C	0.039936
rxn:4:191479:223413	COc1cccc(C#N)c1-c1cncc2[nH]ccc12	0.039927
rxn:4:195588:223410	Cc1ccnc(C(F)F)c1-c1c[nH]c2cnccc12	0.039925
rxn:4:202930:228579	CCOC(=O)c1cnc(-c2cc(C)ccc2C#N)nc1	0.039922
rxn:4:191546:228508	COC(=O)c1cnc(-c2cccc(C(C)C)c2)cc1F	0.039922
rxn:4:186139:228587	CCCOc1cc(-c2cc(C)cc(C#N)c2)ncc1OC	0.039913
rxn:4:218405:229306	Cc1cnc(-c2ccc3nnn(C)c3c2Cl)s1	0.039911
rxn:4:218053:229157	N#Cc1nccc(-c2n[nH]c3ncc(Cl)cc23)n1	0.039907
rxn:4:196508:227890	CCOCc1cccc(-c2cc(C)nc(C3COC3)c2)c1	0.039905
rxn:4:182468:227972	Fc1cc(Cl)cc(F)c1-c1cncc(C2CCC2)c1	0.039894
rxn:4:208927:229212	Cc1ccncc1-c1c[nH]c(-c2cccc(F)c2)n1	0.039892
rxn:4:199037:227969	Cc1nccc(-c2cnc3c(c2)C(=O)CCC3)c1C1CC1	0.039889
rxn:4:188556:229064	COC(=O)c1cc(-c2ccnn2C2CC2)ncc1OC	0.039888
rxn:4:205120:223413	COc1c(C#N)cncc1-c1cncc2[nH]ccc12	0.039886
rxn:4:179689:228381	COc1cc(C2CC2)ccc1-c1c(F)cc(C#N)cc1F	0.039883
rxn:4:195427:228634	Cc1cccc(-c2c(C)cc(Cl)cc2C)c1C#N	0.039877
rxn:4:196834:228986	Cc1cc(-c2cccc(C)c2C)cc(C2CCCO2)n1	0.039873
rxn:4:181612:228169	CCOc1ccc(-c2ccoc2C2OCCCO2)cc1Cl	0.039871
rxn:4:205459:228741	COC(=O)c1c(-c2cc(C#N)ccc2Cl)c(C)nn1C	0.039862
rxn:4:177425:228735	COc1ccc(-c2c(C)cncc2OC)c(OC(C)C)c1	0.039853
rxn:4:181423:228714	CSc1cc(-c2cnc(C#N)cc2C)cc(C)c1Cl	0.039849
rxn:4:180178:223451	CC(C)(C)Cc1ccc(-c2ccccc2)cc1	0.039841
rxn:4:191867:223364	COc1ccc(-c2cnc3[nH]cc(F)c3c2)nc1OC	0.039839
rxn:4:188299:228754	CSc1ncc(-c2ccc(C)cc2OCC#N)cc1C	0.039818
rxn:4:183177:229327	Cn1nncc1-c1ccc2c(c1)CCCC(=O)C2	0.039815
rxn:4:176786:228129	CCOCc1cccc(-c2ccc(C#N)cc2OC)c1F	0.039814
rxn:4:192490:228827	Cc1cc(F)c(F)cc1-c1ccc(CN(C)C)c(Cl)c1	0.039808
rxn:4:181548:228402	COc1c(Cl)ccc(-c2cc(F)cc(C3COC3)c2)c1F	0.039805
rxn:4:176536:228785	COc1cc(Cl)ccc1-c1ccc(COC(C)=O)cc1	0.039803
rxn:4:195469:228071	Cc1ccc(-c2cccc3c2OCCO3)c(F)c1C#N	0.039798
rxn:4:181455:228217	COc1cc(-c2cc(Cl)cnc2C(C)C)cc(C)c1F	0.039793
rxn:4:217976:228801	CSc1cc(F)ccc1-c1cnc2[nH]ccc2n1	0.039790
rxn:4:188215:228086	N#CCCc1cc(F)ccc1-c1cccc(OCC#N)c1	0.039781
rxn:4:195702:228292	CS(=O)(=O)c1ncc(-c2ccnc3c2OCCO3)cc1F	0.039778
rxn:4:203048:229057	COC(=O)C(C)c1ncc(-c2cnn(C3CC3)c2)cn1	0.039777
rxn:4:206049:228400	COc1c(-c2cnc(C)c(C(=O)N(C)C)c2)ccc(F)c1F	0.039776
rxn:4:217961:223451	c1ccc(-c2cnc3ccnn3c2)cc1	0.039764
rxn:4:218376:223359	CNCc1ccc(-c2cnc3nc(C)cn3c2)cc1F	0.039752
rxn:4:211680:223390	c1cc2ccc(-c3cn4c(n3)CCC4)cc2[nH]1	0.039746
rxn:4:210133:228799	COc1c(Cl)cccc1-c1c[nH]c2ccnc(OC)c12	0.039745
rxn:4:179538:228777	COc1ccc(-c2ccc(Cl)c(OC(C)C)c2)c(F)c1	0.039739
rxn:4:193138:228918	FC(F)c1ccncc1-c1ccc(CN2CCCC2)cc1	0.039732
rxn:4:183051:228529	c1cc2c(cc1-c1ccc3c(c1)OCCOC3)CCO2	0.039731
rxn:4:192038:228630	CCc1cc(F)cc(-c2cccc(C3(C#N)CC3)c2)c1	0.039731
rxn:4:182502:228791	CSc1ccc(-c2ccc(Cl)c(C)c2)c(F)c1	0.039729
rxn:4:210126:228921	COc1ccc(-c2ccc(C(F)F)nc2)c2cn[nH]c12	0.039729
rxn:4:192515:228498	Cn1cc(-c2cccc(OC3CCOC3)n2)c(C(F)(F)F)n1	0.039726
rxn:4:179583:228195	CCOc1c(C)cc(F)cc1-c1cn(C(C)(C)C)nc1C	0.039723
rxn:4:182433:229050	c1ccc(-c2cc3sccc3s2)cc1	0.039719
rxn:4:209093:228254	COc1ccc(-c2cncc(N3CCOC3=O)c2)c(C)c1F	0.039711
rxn:4:196586:228406	COc1ccc(F)c(-c2ccc(C3COCCO3)cn2)c1F	0.039698
rxn:4:209650:229007	CSc1cccc(-c2nc(C)cc(C(C)(C)C)n2)c1	0.039697
rxn:4:196538:227960	Cc1cc(C(C)C)cc(-c2ccncc2C2CCC2)n1	0.039691
rxn:4:179089:228681	Cc1cc(OC(F)F)c(F)c(-c2ccnn2CC2CC2)c1	0.039681
rxn:4:192476:228606	CCc1ccc(F)c(-c2cncc(C(C)CC)c2)c1	0.039669
rxn:4:181608:227948	Cc1ncc(C2CC2)cc1-c1ccccc1C1CCC1=O	0.039664
rxn:4:198368:228678	CC(C)Cn1nccc1-c1nccc2sccc12	0.039661
rxn:4:192988:228840	Cc1c(F)ccc(F)c1-c1ccc(C(C)N(C)C)cc1	0.039661
rxn:4:203267:228559	CCOc1ccc(-c2cc(N(CC)CC)ccn2)cc1	0.039659
rxn:4:205119:228381	CSc1ncc(-c2c(F)cc(C#N)cc2F)cc1C#N	0.039658
rxn:4:195575:227906	CCC(C)c1ncccc1-c1ncc(C)cc1C(F)F	0.039655
rxn:4:221007:229295	Cn1nccc1-c1cnc(Cl)c2ncnn12	0.039650
rxn:4:191453:227946	COC(=O)c1nc(C)sc1-c1ccc(C(C)(C)C)nc1	0.039650
rxn:4:221027:229216	Fc1ccccc1-c1nc(Cl)c2nc[nH]c2n1	0.039645
rxn:4:196553:228279	CCc1cc(F)c(-c2cc(C)ccc2N(C)C)c(F)c1	0.039644
rxn:4:183052:228574	Cc1ccc(-c2cccc3c2OCCOC3)c(C#N)c1	0.039640
rxn:4:203039:223315	CCOCc1c(-c2c(C)ccc3[nH]ncc23)cnn1C	0.039639
rxn:4:221043:227928	CCOc1cc(-c2n[nH]c3nc(C)ncc23)ccc1C	0.039632
rxn:4:192715:228064	O=C1CCc2ncc(-c3c(F)cccc3CN3CCC3)cc21	0.039621
rxn:4:198437:229292	Cc1occc1-c1csc2c(Cl)ccnc12	0.039615
rxn:4:209598:228848	Cc1cc(F)c(-c2cn(C)nc2C(C)(C)C)c(Cl)c1	0.039615
rxn:4:211507:228793	COc1cc(Cl)cc(-c2nc3c(Cl)cccc3[nH]2)c1	0.039610
rxn:4:188831:228891	CCCc1cc(-c2cncc(Cl)c2C#N)cc(C(F)F)n1	0.039605
rxn:4:196236:223417	CC1(c2cncc(-c3n[nH]c4ccccc34)c2)CC1	0.039600
rxn:4:181102:228345	COC(=O)c1sc(C)cc1-c1cc(OC)c(Cl)cc1F	0.039593
rxn:4:180075:229228	CC(C)(C)C(=O)c1ccc(-c2ccsc2C#N)cc1	0.039590
rxn:4:180937:228345	COC(=O)c1sc(C)cc1-c1c(F)cc(F)cc1CF	0.039589
rxn:4:208543:229309	Cc1ncc(-c2ccnc(-c3ccco3)n2)o1	0.039586
rxn:4:216921:227985	CC(C)c1cc(-c2cnc(N3CCCC3=O)cn2)ccc1F	0.039575
rxn:4:220595:228604	COc1cc(C)cc(-c2ccccc2-c2nnn[nH]2)c1	0.039568
rxn:4:195430:228836	CC(=O)c1ncc(Cl)cc1-c1cc(C)c(F)cc1Cl	0.039567
rxn:4:220337:227940	CCc1cc(SC)cc(-c2nc(N(C)C)n(CC)n2)c1	0.039558
rxn:4:195237:228727	COc1ncc(C)cc1-c1ncc(F)cc1C(F)(F)F	0.039543
rxn:4:180089:229067	CCc1ncc(-c2cc(C)cc(C(=O)C(C)C)c2)cn1	0.039543
rxn:4:211666:229334	Fc1cc(F)c2c(-c3cnoc3)cnn2c1	0.039539
rxn:4:208223:228523	COc1ncc(-c2ccc3cccn3c2)cn1	0.039526
rxn:4:182758:228835	Cc1cc(Cl)c(F)c(-c2ccc3c(c2)C=CS3(=O)=O)c1	0.039523
rxn:4:217247:228981	CCc1cccc(-c2c[nH]c3ncc(C#N)cc23)c1	0.039518
rxn:4:211284:228449	CSc1cc(-c2cc3[nH]ncc3o2)c(F)cc1Cl	0.039506
rxn:4:178848:228729	COC(=O)c1c(Cl)cccc1-c1ccc(F)cc1C#N	0.039504
rxn:4:216703:229154	Cn1nc(C#N)cc1-c1cncc(-c2ncc[nH]2)c1	0.039501
rxn:4:195865:229278	Cn1ncc(Cl)c1-c1ccc(-c2cscn2)cc1	0.039492
rxn:4:178886:229059	COC(=O)c1cc(F)c(F)cc1-c1cnccc1C#N	0.039486
rxn:4:215405:229072	CSc1cncc(-c2nc(C)c(C#N)c(C)c2C#N)c1	0.039476
rxn:4:214487:223404	CCN(CC)c1ncc(-c2cccc3[nH]ncc23)cn1	0.039468
rxn:4:182293:228585	COc1c(-c2cnccc2C2CC2)cc(C)c2c1CCC2	0.039465
rxn:4:183101:228315	CCOc1cc(-c2cccc3c2OCCCC3=O)c(F)cn1	0.039459
rxn:4:218026:228903	COc1ncc(Cl)cc1-c1cnn2cnccc12	0.039456
rxn:4:208714:228449	CSc1cc(-c2nnc(C3CCOC3)s2)c(F)cc1Cl	0.039454
rxn:4:211535:229286	Cn1ccc(-c2cc(Cl)c3cncn3c2)c1	0.039454
rxn:4:196835:228824	Cc1cc(F)c(-c2cc(C)nc(C3CCOC3)c2)c(F)c1	0.039445
rxn:4:192723:229012	CC(C)c1ccsc1-c1cccc(CN2CC(F)C2)c1	0.039441
rxn:4:191482:228181	COCc1cc(F)ccc1-c1ccc(SC)c(C#N)c1	0.039440
rxn:4:217251:228697	COCc1cc(-c2c[nH]c3c(C#N)nccc23)ccn1	0.039435
rxn:4:192321:228197	CCc1cc(-c2cnc(C(C)(C)C)nc2)cc(C)c1C#N	0.039432
rxn:4:193140:229145	Fc1c(Cl)cccc1-c1cccc(CN2CCCC2)c1	0.039428
rxn:4:179068:228086	COc1ccc(-c2cccc(OCC#N)c2)cc1C(F)F	0.039427
rxn:4:208567:227825	FC1(F)CC1c1ncc(-c2cccc(C3CCC3)c2)cn1	0.039422
rxn:4:196819:228357	COc1nc(C)c(-c2nc(C3CCOCC3)c(C)s2)c(C)n1	0.039422
rxn:4:205642:228379	CN(C)S(=O)(=O)c1cccc(-c2cc(F)c(F)cc2C#N)n1	0.039421
rxn:4:220299:229237	CSc1cc(-c2cccc(Cc3nn[nH]n3)c2)cs1	0.039411
rxn:4:216617:228691	CCOc1ccc(-c2cn[nH]c2-c2ccncc2)cn1	0.039410
rxn:4:183092:228707	Cc1c(-c2cnn(C(C)(C)C)c2)ccc2c1CCC2	0.039410
rxn:4:210169:228545	COc1cc(-c2cccc(CC#N)c2)c2cn[nH]c2c1	0.039409
rxn:4:195835:229304	c1ccc(-c2coc(-c3ccncn3)n2)cc1	0.039406
rxn:4:198331:228004	Cc1cc(C)c(F)c(-c2ccc(C3CC3)c(Cl)c2)n1	0.039395
rxn:4:218097:229221	Cc1cc(C)c(-c2ncn3ccnc(Cl)c23)s1	0.039393
rxn:4:192133:223329	CCOc1ccc(-c2c(C)ccc3cn[nH]c23)nc1C	0.039391
rxn:4:192161:223329	CO[C@@H](C)c1ncccc1-c1c(C)ccc2cn[nH]c12	0.039391
rxn:4:181021:229165	COc1nccc(-c2cc(Cl)c(F)cc2C(F)(F)F)n1	0.039384
rxn:4:182700:228478	O=C1C=Cc2cc(-c3cncc(C(F)(F)F)c3)ccc21	0.039381
rxn:4:216502:223439	FC(F)(F)c1cc(-c2nn[nH]c2-c2ccoc2)n[nH]1	0.039376
rxn:4:216948:228118	COc1cccc(-c2cncc(N3CCCC3=O)n2)c1C#N	0.039375
rxn:4:212226:223400	CNCc1cccc(-c2cnc3ncccc3c2C)c1	0.039368
rxn:4:215658:227913	CC(C)Oc1ccc(-c2c(C3CC3)nnn2C(C)C)cc1	0.039362
rxn:4:179433:229128	COC(=O)c1cc(C)c(F)cc1-c1cc(Cl)cnc1C	0.039362
rxn:4:191476:228204	COC(=O)c1ccncc1-c1cc(C)cc(C#N)c1F	0.039352
rxn:4:211607:228141	CCCc1cc(F)c(-c2ccc3c(F)c[nH]c3n2)cn1	0.039350
rxn:4:192695:228919	CSc1ncc(Cl)cc1-c1ccoc1CN1CCCC1	0.039350
rxn:4:188368:228702	CCSc1ccc(-c2cncnc2C(C)C)cc1C#N	0.039349
rxn:4:212315:228677	Cc1nc2cc(-c3cnn(CC(C)C)c3)cc(C)c2[nH]1	0.039347
rxn:4:198365:229000	CCc1ccncc1-c1cccc2cnoc12	0.039341
rxn:4:220964:227830	CC1(c2ccc(-c3nn4cnnc4s3)cc2)CC1	0.039319
rxn:4:207282:229026	COC(=O)c1nn2c(c1-c1cc(C)ncc1C)CCC2	0.039317
rxn:4:195440:227872	CC(=O)c1nc(-c2ccc3c(c2)CCC3=O)ccc1F	0.039316
rxn:4:182980:228317	COC(=O)c1ccc(-c2cccc3c2CCOC3)cn1	0.039313
rxn:4:179032:228613	CCOc1cc(-c2ccc(CC)c(F)c2)cc(F)c1F	0.039310
rxn:4:191297:227914	CC(C)Oc1ccccc1-c1cc(OC(F)F)c(F)cn1	0.039299
rxn:4:181424:227919	CCOc1cc(C)cc(-c2c(Cl)ccc(C)c2OC)c1	0.039298
rxn:4:177801:228891	CC(C)(C)COc1ccc(-c2cncc(Cl)c2C#N)cc1	0.039293
rxn:4:217942:227967	c1cnc(C2CCC2)c(-c2nn3ccnc3s2)c1	0.039289
rxn:4:192700:223408	COc1ncc(-c2cccc3cn[nH]c23)cc1C(C)C	0.039288
rxn:4:178845:229012	COC(=O)c1cccc(Cl)c1-c1sccc1C(C)C	0.039285
rxn:4:221877:228595	CCc1ncc(C)cc1-c1cncc(-c2nnn[nH]2)c1	0.039281
rxn:4:212203:228387	COc1cc(=O)n(C)cc1-c1ccnc2c1CC(=O)N2C	0.039269
rxn:4:218127:223449	O=c1cc(-c2cc(Cl)c3[nH]ncc3n2)c(F)c[nH]1	0.039265
rxn:4:209756:228984	Cc1ccc(C)c(-c2cnc(C3CCCC3)nc2C)c1	0.039260
rxn:4:208860:228679	c1cc(-c2cnn(CC3CC3)c2)cc(-c2ncc[nH]2)c1	0.039257
rxn:4:217128:227933	CCc1ccc(OC)cc1-c1cnc(N2CCCC2)nc1C	0.039255
rxn:4:206030:228322	CCOc1ncc(-c2cc(C(C)(C)C)ncc2C#N)cc1F	0.039245
rxn:4:209262:228558	CCSc1cccc(-c2cnn(C3CCCC3)c2)c1	0.039241
rxn:4:220653:228705	CN(C)c1ncccc1-c1cnc(-c2ncc[nH]2)nc1	0.039235
rxn:4:215349:228037	CCCn1cnnc1-c1cccc2cn(C)nc12	0.039235
rxn:4:193149:228491	CC(c1cccc(-c2cn(C)c(=O)n(C)c2=O)c1)N1CCC1	0.039231
rxn:4:203100:228013	CCCOc1ncc(-c2ccc(F)c(C3CC3)c2)c(C)n1	0.039215
rxn:4:188406:229074	CSc1ncccc1-c1ccc(CCC(F)(F)F)cn1	0.039215
rxn:4:206024:228298	CCOC(=O)c1cc(-c2cn(CC)c(C(C)C)n2)cs1	0.039210
rxn:4:211509:228309	COc1cc(-c2ccc3[nH]cnc3c2Cl)cc(C#N)n1	0.039209
rxn:4:217433:229086	COc1nccc2[nH]nc(-c3ccc(C(C)=O)s3)c12	0.039208
rxn:4:178647:229289	Cc1cscc1-c1cccc(SC(F)(F)F)c1	0.039200
rxn:4:192986:227892	Cc1cc(CN(C)C)ccc1-c1ccc(CN(C)C)cc1	0.039196
rxn:4:209627:228411	COc1ccc(-c2ccc(N3CCSCC3)nc2)c(F)c1F	0.039192
rxn:4:181279:227954	CCc1cccc(Cl)c1-c1ccc(C2CCC2)nc1	0.039190
rxn:4:185928:228644	COc1ccc(-c2cc(C)c(F)c(C)c2)c(CCC#N)c1	0.039181
rxn:4:191645:228650	CCOc1cccc(-c2ccc3nccn3c2)n1	0.039176
rxn:4:218286:227910	CCC(C)c1ccc(-c2ccc3nc(C)[nH]c3n2)cn1	0.039160
rxn:4:188577:228133	CC(=O)C(C#N)c1ccccc1-c1ccc(F)c(CC#N)c1	0.039160
rxn:4:202936:228146	CCc1cncc(-c2cn(C)nc2OCC(F)F)c1OC	0.039157
rxn:4:192986:228820	Cc1cc(CN(C)C)ccc1-c1c(F)ccc(C)c1Cl	0.039157
rxn:4:181367:228647	Cc1cc(C)c(-c2cc(F)c(S(C)(=O)=O)cc2F)cc1Cl	0.039148
rxn:4:206016:227828	Cc1c(-c2ccn(CC(C)(C)C)n2)cccc1C1CC1	0.039142
rxn:4:182856:227954	O=C1CCc2ccc(F)c(-c3ccc(C4CCC4)nc3)c21	0.039135
rxn:4:209952:229168	COc1nc(C)sc1-c1cc2[nH]cc(C#N)c2cc1F	0.039134
rxn:4:211623:229277	Cn1ncc(-c2ccn3nccc3c2F)c1Cl	0.039133
rxn:4:191383:227941	COCc1cc(C)cc(-c2ccc(C(F)F)c(C#N)c2)c1	0.039133
rxn:4:208192:223341	O=C1Cc2cc(-c3cnc(C(F)(F)F)nc3Cl)ccc2N1	0.039133
rxn:4:208414:223366	CS(=O)(=O)c1cnc(-c2cc(Cl)c3cn[nH]c3c2)cn1	0.039132
rxn:4:179696:227901	COc1cc(-c2ccc(CC(C)C)nc2)cc(OC)c1C	0.039127
rxn:4:217300:229303	N#Cc1c(F)cc(-c2ncccn2)c2[nH]cnc12	0.039126
rxn:4:181701:228939	Fc1cc(F)c(-c2ccc(C3CCCC3)o2)c(F)c1	0.039122
rxn:4:218283:227936	Cc1ccc2c(-c3cccc(SC4CC4)c3)n[nH]c2n1	0.039121
rxn:4:196147:228862	N#CCCn1cc(-c2ccccc2-c2cc[nH]c2)cn1	0.039120
rxn:4:192337:228135	CCOc1cc(C)ncc1-c1cc(Cl)cc(C(=O)N(C)C)c1	0.039115
rxn:4:179661:227930	c1cc(OC2CC2)cc(-c2ccc(CC3COC3)cc2)c1	0.039104
rxn:4:191505:228949	COC(=O)c1cnc(-c2c(F)cc(F)cc2Cl)cc1Cl	0.039101
rxn:4:212398:227991	Cc1nn2c(c1-c1ccc(Cl)cc1C1CC1)OCC(C)C2	0.039093
rxn:4:210367:229301	Cc1c[nH]c2c(C#N)cc(-c3cccnn3)cc12	0.039091
rxn:4:194883:228204	Cc1cc(C#N)c(F)c(-c2cc(C(F)(F)F)on2)c1	0.039080
rxn:4:215400:228079	Cc1c(-c2cccc3c2COC3=O)c(CC#N)nn1C	0.039080
rxn:4:209269:228807	CSc1ccc(Cl)cc1-c1cnc(C(C)(C)C)cn1	0.039077
rxn:4:216480:223435	COC(=O)c1ccc(-c2cnc(-n3ccnc3)s2)[nH]1	0.039071
rxn:4:217451:223441	CNc1ccccc1-c1nc(SC)nn2cccc12	0.039070
rxn:4:217949:228701	c1cnc2sc(-c3cnc(C4CC4)nc3)nc2n1	0.039070
rxn:4:183075:228599	COc1ccc(-c2ccc(F)c3c2CCCC3=O)cc1C	0.039057
rxn:4:192339:229142	CC(=O)N(C)c1ccc(-c2cccc(F)c2Cl)c(Cl)c1	0.039054
rxn:4:182841:228575	Cc1cc(-c2cc3c(cc2Cl)CCC3=O)ccc1C#N	0.039054
rxn:4:181241:228725	CC(=O)c1cc(F)cc(-c2cc(F)cc(C#N)c2)c1F	0.039053
rxn:4:212033:229022	Cc1cc2[nH]ncc2cc1-c1cncc(C)c1C	0.039047
rxn:4:199204:229249	Cc1cc(-c2ccc3c(C)c[nH]c3c2C)cnn1	0.039047
rxn:4:181394:228259	COc1cc(C)cc(-c2cc(C)ccc2SC)c1F	0.039042
rxn:4:181330:229053	COCc1ccc(-c2ccc(C(C)(F)F)cc2Cl)s1	0.039041
rxn:4:208633:229327	Cn1nncc1-c1ccc(-c2cocn2)nc1	0.039036
rxn:4:217154:228397	COc1cc(-c2nnc(C)n2C2CCCCC2)cc(F)c1F	0.039032
rxn:4:181030:229067	CCc1ncc(-c2c(F)ccc(F)c2C(F)(F)F)cn1	0.039022
rxn:4:196009:228543	CCCCc1ccsc1-c1cc(C(C)=O)cc(C)n1	0.039016
rxn:4:179236:228293	COc1ccc(F)c(-c2cnn(CCN(C)C)c2)c1OC	0.038994
rxn:4:191291:228152	CCOc1ccc(Cl)cc1-c1cccnc1OC(F)(F)F	0.038990
rxn:4:209446:228249	COc1c(C)cc(-c2ccnc(C3CCCC3)n2)cc1Cl	0.038989
rxn:4:181256:228797	COc1ccc(-c2cc(F)cc(F)c2C(C)=O)cc1Cl	0.038988
rxn:4:199250:229028	Cc1cc(Cl)ccc1-c1ccc2c(c1)CN(C)C(=O)C2	0.038984
rxn:4:218331:228687	CCSc1ccc(-c2n[nH]c3c(C)ccnc23)cn1	0.038982
rxn:4:176971:223404	CCC(=O)Cc1cccc(-c2cccc3[nH]ncc23)c1	0.038982
rxn:4:191652:228851	COCc1ccc(-c2ccn3ncnc3c2)nc1	0.038981
rxn:4:197475:228706	CCc1ccc2[nH]cc(-c3ccnc(N(C)C)c3)c2c1	0.038976
rxn:4:209646:227935	CCc1cc(-c2cnn(C3CCCCC3)c2)ccc1OC	0.038970
rxn:4:209961:228021	CC(=O)c1cc(C)cc(-c2cc(C#N)c3n2CCC3)c1	0.038970
rxn:4:217644:229319	CC(C)c1nn2cccnc2c1-c1ccc(Cl)s1	0.038968
rxn:4:177172:228546	CCCc1cnccc1-c1cccc(CS(=O)(=O)CC)c1	0.038967
rxn:4:218486:229203	CCc1ccsc1-c1cn2cc(C)nc(C)c2n1	0.038964
rxn:4:188712:228811	CCOc1cc(-c2cc(SC)ccc2F)cnc1OC	0.038964
rxn:4:182741:228241	CC(=O)c1cc(-c2ccc3c(c2F)CCO3)ccc1F	0.038957
rxn:4:181157:228062	CSc1ccc(-c2cncc3c2CCCO3)c(F)c1F	0.038957
rxn:4:192341:228889	CCc1nc(Cl)ncc1-c1ccc(C(=O)N(C)C)c(F)c1	0.038956
rxn:4:181146:228627	CCc1ccc(Cl)c(-c2c(F)ccc(OC)c2Cl)c1	0.038945
rxn:4:181630:228087	N#CCOc1ccc(-c2cccc(C3OCCO3)c2Cl)cc1	0.038944
rxn:4:208243:229031	Cc1ccc(-c2csc(-c3ncco3)n2)c(F)c1	0.038933
rxn:4:188360:228447	CCOc1cc(C#N)ccc1-c1cccc(C(F)F)c1F	0.038932
rxn:4:211502:229245	Cc1cc(-c2cnn3cc(Cl)ccc23)n(C)n1	0.038930
rxn:4:220582:229094	Cc1ncc(-c2nncn2-c2cscn2)c(C)n1	0.038925
rxn:4:202976:229078	COC(=O)c1nc(-c2cncc(OC)c2)cnc1OC	0.038918
rxn:4:196650:228412	COc1cc(-c2ncccc2C2CCCC2)c(F)cc1F	0.038916
rxn:4:191805:229140	COc1cc(C(F)(F)F)cc(-c2cccc(F)c2F)n1	0.038897
rxn:4:182951:228120	CCOc1ncc(C)cc1-c1ccc(Cl)c2c1OCCC2=O	0.038896
rxn:4:218298:228231	Cc1cc(-c2ccc(N(C)C)cc2F)c2cn[nH]c2n1	0.038887
rxn:4:179588:228920	CCOc1cc(F)c(C)cc1-c1ccnc(SC)c1F	0.038884
rxn:4:199009:228828	Cc1c(Cl)ccc(-c2cccc3c2CC(=O)N3C)c1F	0.038882
rxn:4:179268:228589	CC(C)c1ccc(-c2ccc(OC3CC3(F)F)cc2)cn1	0.038878
rxn:4:176812:223382	COC(=O)c1ccc(OC)cc1-c1cnc(NC2CC2)nc1	0.038873
rxn:4:211237:228532	Cc1c(-c2ccc3sccc3c2)cnn1C	0.038865
rxn:4:176544:228018	CC(=O)COc1ccccc1-c1cc(F)cc(C2CC2)c1	0.038864
rxn:4:195144:228833	Cc1ccc(F)c(-c2cnc(C(F)F)c(F)c2)c1F	0.038860
rxn:4:211970:228349	Cc1cnc2[nH]cc(-c3cnn(C4CCOC4)c3)c2c1	0.038855
rxn:4:201444:228706	CCN(CC)Cc1cncc(-c2ccnc(N(C)C)c2)c1	0.038851
rxn:4:181602:228270	COc1cc(Cl)c(C)cc1-c1ccccc1C1CC(=O)C1	0.038850
rxn:4:181458:227918	COc1ccc(C)c(F)c1-c1ccc(SC2CC2)cc1	0.038850
rxn:4:209460:228651	c1ccn2ncc(-c3c[nH]c(C4CCCOC4)n3)c2c1	0.038848
rxn:4:211607:229133	Fc1cc(F)cc(-c2ccc3c(F)c[nH]c3n2)c1	0.038847
rxn:4:218264:228269	COc1cc(-c2nc3cc[nH]c3nc2C)c(F)cc1C	0.038845
rxn:4:211584:228411	COc1ccc(-c2c[nH]c3cc(F)cnc23)c(F)c1F	0.038826
rxn:4:196500:228345	COC(=O)c1sc(C)cc1-c1cc(C2CCOC2)ccn1	0.038826
rxn:4:194948:228443	CSc1c(F)ccc(-c2ccc(C#N)cc2Cl)c1F	0.038810
rxn:4:195004:228806	CSc1cc(Cl)cc(-c2cc(C#N)cc(F)c2F)c1	0.038810
rxn:4:178832:228149	COC(=O)c1ccccc1-c1ccc(S(=O)(=O)CF)cc1	0.038806
rxn:4:179429:229221	Cc1cc(C)c(-c2cccc(C(=O)C3CC3)c2F)s1	0.038799
rxn:4:211424:228279	CCc1cc(F)c(-c2cncc3cc[nH]c23)c(F)c1	0.038793
rxn:4:183069:229221	Cc1cc(C)c(-c2cc(F)cc3c2CCCC3=O)s1	0.038788
rxn:4:188399:228531	CCOC(=O)c1nc(-c2cccc3c2CCO3)ccc1F	0.038772
rxn:4:202997:228404	CCOC(=O)c1c(-c2ccc(F)c(OC)c2Cl)cnn1C	0.038772
rxn:4:195516:228668	c1cnc2sc(-c3ccn(C4CC4)c3)cc2c1	0.038770
rxn:4:188232:228692	COC(=O)c1cc(-c2ccc(CN(C)C)s2)ccc1C#N	0.038764
rxn:4:181622:228939	Fc1cc(F)c(-c2cc(C3OCCO3)ccc2Cl)c(F)c1	0.038761
rxn:4:179058:223402	CCOc1c(F)cc(-c2ccc3[nH]ncc3c2)cc1Cl	0.038756
rxn:4:221013:223310	Clc1nc2ncc(-c3ccc(NC4CC4)cc3)nc2[nH]1	0.038755
rxn:4:177171:223306	CSc1cc(-c2ccc3c(c2)CNCC3)ccc1OC1CC1	0.038747
rxn:4:195483:228828	Cc1ccc(F)c(C#N)c1-c1ccc(Cl)c(C)c1F	0.038746
rxn:4:217230:228897	COc1ncc(F)cc1-c1cc2[nH]cc(C#N)c2cn1	0.038744
rxn:4:211563:228127	COc1cccc(C#N)c1-c1cc2[nH]ncc2cc1F	0.038742
rxn:4:218064:227819	CCc1cc(CC)cc(-c2cc3c(Cl)n[nH]c3cn2)c1	0.038731
rxn:4:197560:228121	CCOc1nccc(C)c1-c1ccc2c(c1)CCC2(C)C#N	0.038729
rxn:4:201346:228381	CN(C)CCOc1cccc(-c2c(F)cc(C#N)cc2F)n1	0.038727
rxn:4:215616:228196	Cc1nn(S(=O)(=O)N(C)C)cc1-c1c(C)ncnc1C1CC1	0.038726
rxn:4:198497:228881	CC(=O)c1ncc(-c2cccc3[nH]ccc23)cn1	0.038725
rxn:4:199025:223399	CNCc1ccccc1-c1cc2sc(C)nc2cc1C	0.038723
rxn:4:191522:228181	COCc1cc(F)ccc1-c1nccc(C(=O)OC)c1F	0.038722
rxn:4:183090:229268	Cc1cc(-c2cccc3c2CCCC3)sc1Cl	0.038704
rxn:4:208222:229149	CCOc1nc(-c2cnc(SC)nc2)cs1	0.038693
rxn:4:179226:228561	CSCc1cccc(-c2cc(OC3CC3)ccc2F)c1	0.038692
rxn:4:209230:223406	c1cc2cncc(-c3cnc(C4CCOC4)cn3)c2[nH]1	0.038689
rxn:4:189617:228984	CCN(C)Cc1ccc(-c2cc(C)ccc2C)c(C)c1	0.038687
rxn:4:196942:228909	COc1cc(-c2ccncc2C2CCCCC2)c(Cl)cn1	0.038685
rxn:4:183066:228903	COc1ncc(Cl)cc1-c1ccc2c(c1Cl)CCCC2=O	0.038669
rxn:4:183107:228496	O=S1(=O)CCCc2ccc(-c3cnn(CC(F)(F)F)c3)cc21	0.038669
rxn:4:179428:227998	CS(=O)(=O)Cc1ccc(-c2ccc(F)cc2C2CC2)cc1F	0.038668
rxn:4:214418:228714	CCOC(=O)c1cnc(-c2cnc(C#N)cc2C)nn1	0.038666
rxn:4:181241:228325	COc1cc(OC)c(-c2cc(F)cc(C(C)=O)c2F)cn1	0.038662
rxn:4:192306:228210	CC(C)(C#N)c1ccc(-c2ccc(N3CCCC3)s2)cc1	0.038661
rxn:4:193143:228198	Cc1cc(CN2CCC2)cc(-c2cnc(C(C)C)nc2C)c1	0.038656
rxn:4:181534:223409	FC1(c2cccc(-c3cnc4[nH]ccc4c3)c2)COC1	0.038646
rxn:4:211406:228154	COc1cccc(OC)c1-c1cnc2sc(C)cn12	0.038640
rxn:4:188328:228416	CCc1sc(-c2c(F)cc(F)cc2OC)nc1C(=O)OC	0.038633
rxn:4:196157:223414	O=C1CC(c2ccc(-c3ccnc4[nH]ccc34)cn2)C1	0.038630
rxn:4:181602:223432	O=C1CC(c2ccccc2-c2cccc3nn[nH]c23)C1	0.038630
rxn:4:205472:227903	CCN(C)c1cccc(-c2nn(C)c(C)c2C(=O)OC)c1	0.038624
rxn:4:176736:223321	CCOCc1ccc(-c2ccc(C)c3[nH]ncc23)cc1	0.038623
rxn:4:192281:228559	CCOc1ccc(-c2cc(CC)nc(C(C)=O)c2)cc1	0.038619
rxn:4:179578:228426	COCc1cc(-c2c(F)cc(Cl)cc2OC)c(C)cc1F	0.038615
rxn:4:217113:227858	CN1CCN(c2ncc(-c3cccc4c3CN(C)C4)s2)CC1	0.038604
rxn:4:209472:228301	CCOC(=O)c1sccc1-c1cnc(N2CCC2)cc1C	0.038603
rxn:4:218360:229222	Cc1cc(-c2nn(C)c3cnccc23)sc1C	0.038598
rxn:4:205614:228356	CC(C)c1nc(Cl)ncc1-c1nc(CN(C)C)ccc1F	0.038597
rxn:4:185704:228295	CCOC(=O)n1ccc(-c2cccc(CC(=O)CC#N)c2)c1	0.038595
rxn:4:197560:227893	CN(C)Cc1cccc(-c2ccc3c(c2)CCC3(C)C#N)c1	0.038594
rxn:4:198435:228996	CCc1cc(-c2cc(Cl)cc3oncc23)ccn1	0.038580
rxn:4:198991:227978	CC(C)c1ccc(F)c(-c2ccc3c(n2)C(=O)CCC3)c1	0.038578
rxn:4:179558:227964	CC(C)Oc1cc(F)ccc1-c1cncc(C2(C)CC2)c1	0.038576
rxn:4:197372:229272	COc1cc2ccc(-c3cnc(OC)s3)cc2cn1	0.038574
rxn:4:179785:228570	CCC(C)c1cccc(-c2cncc(C3CC3)c2)c1	0.038572
rxn:4:205667:228481	N#CC1CN(c2cccc(-c3ccnc(C(F)(F)F)c3)c2)C1	0.038567
rxn:4:206035:228185	COCc1ccc(Cl)c(-c2cnc(OC3CCOC3)n2C)c1	0.038567
rxn:4:181116:228295	CCOC(=O)n1ccc(-c2ccc(F)c(SC)c2Cl)c1	0.038565
rxn:4:179070:228259	COc1cc(-c2cc(C)cc(OC)c2F)cc(C(F)F)c1	0.038564
rxn:4:218363:228970	Cc1ncnc2[nH]cc(-c3ccc(C(F)(F)F)s3)c12	0.038563
rxn:4:176553:228302	CSCC(=O)c1cccc(-c2cc(C#N)nc(C#N)c2)c1	0.038552
rxn:4:212337:228548	CCCc1cncc(-c2cc(C)cc3[nH]nc(C)c23)c1	0.038548
rxn:4:212131:228796	COc1ccc(F)c(-c2cc(F)c3[nH]c(C)nc3c2)c1	0.038547
rxn:4:196826:228407	COc1ccc(F)c(F)c1-c1ccc(C2CCCCO2)cn1	0.038546
rxn:4:179956:228155	COc1ccc(-c2cccc(C(C)C)c2OC)cc1OC	0.038546
rxn:4:179577:228602	CCOc1c(F)ccc(C)c1-c1ccc(C(C)=O)cc1	0.038545
rxn:4:176825:229220	CCOc1ccc(-c2cc(C)sc2C)cc1C(F)F	0.038544
rxn:4:194008:229254	COC(=O)c1cc2sc(-c3ccncc3Cl)cc2[nH]1	0.038539
rxn:4:195872:229227	N#Cc1cc(-c2cccc(-c3ccno3)c2)cs1	0.038536
rxn:4:179695:228321	COC(=O)c1cncc(-c2cc(OC)c(OC)cc2C)c1	0.038536
rxn:4:211357:228539	c1cc2ccc(-c3cn4c(n3)OCC4)cc2s1	0.038536
rxn:4:192538:228337	CCOc1cc(F)c(-c2ccccc2C2(C#N)CCC2)cn1	0.038534
rxn:4:211741:223313	OC1(c2ccc(-c3cncc4cccnc34)cc2)CC1	0.038528
rxn:4:216619:228467	COC(=O)c1cc(-c2nnc(N3CCCC3=O)s2)c(F)s1	0.038527
rxn:4:196816:227974	COc1cc(C)c(-c2ccc(C3CCOCC3)cn2)c(C)c1	0.038527
rxn:4:209246:227920	CCC(=O)c1ccc(-c2ccc(N=S(C)(C)=O)nc2)cc1	0.038526
rxn:4:208428:229132	Fc1ccc(-c2cnn(-c3ccco3)c2)cc1F	0.038520
rxn:4:178892:228578	COC(=O)c1cc(F)cc(F)c1-c1ccc(C2CC2)nc1	0.038518
rxn:4:196816:228375	N#Cc1ccc(F)c(-c2ccc(C3CCOCC3)cn2)c1F	0.038514
rxn:4:211874:228829	Cc1c(F)cc(-c2cc3nccc-3c[nH]2)cc1F	0.038509
rxn:4:211637:229031	Cc1ccc(-c2[nH]c3ccnc-3cc2F)c(F)c1	0.038509
rxn:4:192004:228122	CCOc1nc(C)ccc1-c1nccc(C(=O)OC)c1C	0.038505
rxn:4:196273:229316	Cc1csc(-c2nc(C)c(-c3ccccc3)o2)n1	0.038504
rxn:4:211379:228823	Cc1cc(F)c(-c2cnc3cc[nH]c3c2)cc1Cl	0.038504
rxn:4:211449:228403	COc1c(F)ccc(-c2cc(Cl)cc3[nH]ncc23)c1F	0.038504
rxn:4:188356:228190	CCOC(=O)c1ccc(-c2cnc(N(C)C)cc2C)cn1	0.038495
rxn:4:202848:228336	COc1ncc(-c2cccc(C#N)c2CC#N)cc1SC	0.038489
rxn:4:191400:228124	CCOc1cc(C)c(-c2ccc(C(F)(F)F)cc2C#N)cn1	0.038489
rxn:4:218387:228795	COc1cccc(Cl)c1-c1cnc2[nH]c(C)nc2c1Cl	0.038488
rxn:4:214418:222419	CCOC(=O)c1cnc(-c2cccc(S(N)(=O)=O)c2)nn1	0.038486
rxn:4:188832:228700	CCc1ccnc(-c2ccc(N(C)C)nc2)c1C(=O)OC	0.038479
rxn:4:181441:228172	CCOc1cccc(-c2cc(C3CC3)ccc2F)c1F	0.038476
rxn:4:182947:228799	COc1c(Cl)cccc1-c1cc(Cl)c2c(c1)C(=O)CCO2	0.038471
rxn:4:188215:227933	CCc1ccc(OC)cc1-c1ccc(F)cc1CCC#N	0.038471
rxn:4:217026:228333	COc1nccc(SC)c1-c1cnc(C2CN(C)C2)cn1	0.038468
rxn:4:197702:228793	COc1cc(Cl)cc(-c2cccc(C34CC(C)(C3)C4)n2)c1	0.038468
rxn:4:191505:228158	CCOc1cc(F)cc(-c2cc(Cl)c(C(=O)OC)cn2)c1	0.038453
rxn:4:198556:228680	CCCn1nc(C)cc1-c1cc2cc[nH]c2c(F)c1F	0.038448
rxn:4:179386:228181	COCc1cc(F)ccc1-c1c(C)oc(C)c1C(=O)OC	0.038442
rxn:4:216701:228969	FC(F)(F)c1cscc1-c1cccc(-c2c[nH]nn2)c1	0.038439
rxn:4:216364:228049	Cc1cn2cc(-c3nnc(C#N)s3)ccc2n1	0.038437
rxn:4:179619:228126	COc1ccc(-c2ccc(OC(C)C)c(F)c2F)c(C#N)c1	0.038427
rxn:4:182874:228719	Cc1cnc(C#N)cc1-c1cccc2c1CC(F)(F)C2=O	0.038427
rxn:4:177135:228985	CCOC(=O)c1cc(-c2ccc(C)cc2C)ccc1C	0.038419
rxn:4:195573:227884	CCCSc1ccc(-c2csc(C3OCCO3)n2)cc1	0.038410
rxn:4:217234:229145	N#Cc1cc2c(-c3cccc(Cl)c3F)cncc2[nH]1	0.038409
rxn:4:192503:228082	CC(C)CCn1nccc1-c1cc(F)cc(CN(C)C)c1	0.038396
rxn:4:198606:229254	Cc1cc2ncoc2cc1-c1ccncc1Cl	0.038391
rxn:4:211299:227893	CN(C)Cc1cccc(-c2csc3ncncc23)c1	0.038382
rxn:4:209035:228096	FCCOc1ccc(-c2cccc(N3CC(F)(F)C3)n2)cc1	0.038382
rxn:4:221872:229277	Cn1ncc(-c2nncn2-c2cncnc2)c1Cl	0.038379
rxn:4:212153:229166	CC(=O)n1cc(-c2n[nH]c3c(F)ccc(C)c23)cn1	0.038374
rxn:4:179201:228740	COc1c(SC)ccc(-c2ccc(C#N)cc2F)c1Cl	0.038363
rxn:4:218257:228561	CSCc1cccc(-c2cnc3cnn(C)c3c2)c1	0.038361
rxn:4:183124:228833	Cc1ccc(F)c(-c2ccc3c(c2)CCCS3(=O)=O)c1F	0.038355
rxn:4:192870:228801	CSc1cc(F)ccc1-c1coc(CN2CCOCC2)c1	0.038355
rxn:4:196603:227971	CC(C)(C)c1ccncc1-c1cccc(N2CCC(=O)C2)c1	0.038355
rxn:4:209200:227826	CC(C)(C)c1cccc(-c2nccn2C(C)(C)C)c1	0.038350
rxn:4:176464:228797	COc1ccc(-c2ccc(OC(F)F)c(OC)c2)cc1Cl	0.038348
rxn:4:211896:228506	CCCc1ccccc1-c1cc(C)cc2cn[nH]c12	0.038345
rxn:4:202977:228304	CC(C)Oc1ncc(-c2cc(C#N)c(OC3CC3)cn2)cn1	0.038342
rxn:4:179458:228178	CCS(=O)(=O)c1ccc(-c2cc(COC)ccc2F)cc1F	0.038339
rxn:4:181621:228100	CCCn1nc(C)c(-c2cc(Cl)cc(C3OCCO3)c2)c1C	0.038339
rxn:4:209952:229085	N#Cc1c[nH]c2cc(-c3scnc3C3CC3)c(F)cc12	0.038334
rxn:4:199263:228722	Cc1c(C#N)cncc1-c1ccc2c(c1)N(C)C(=O)CC2	0.038334
rxn:4:218355:228841	Cc1cc2[nH]nc(-c3cc(F)c(Cl)cc3C)c2cn1	0.038330
rxn:4:221874:229079	c1ncc(-n2cc(-c3csc(C4CC4)n3)nn2)cn1	0.038329
rxn:4:181537:228639	Cc1ccc(-c2cc(C3COC3)ccc2Cl)c(C)c1F	0.038301
rxn:4:192722:229007	CSc1cccc(-c2ccc(CN3CCC3)cc2F)c1	0.038290
rxn:4:211970:228868	COC(=O)c1ccc(-c2c[nH]c3ncc(C)cc23)s1	0.038288
rxn:4:198722:229224	CCn1nccc1-c1ccnc2cccc(F)c12	0.038283
rxn:4:182912:228481	O=C1CCOc2cc(-c3ccnc(C(F)(F)F)c3)ccc21	0.038279
rxn:4:195568:223394	CC(F)(F)c1ccnc(-c2cccc3cc[nH]c23)c1	0.038278
rxn:4:188398:228942	CCOC(=O)c1ccc(F)c(-c2c(F)cc(Cl)cc2F)n1	0.038275
rxn:4:222240:229068	COc1ccncc1-c1c(C)nn(-c2nnn[nH]2)c1C	0.038270
rxn:4:217646:223453	CC(C)n1nnc2cccc(-c3cccnc3)c21	0.038264
rxn:4:176816:228644	COC(=O)c1c(OC)cccc1-c1cc(C)c(F)c(C)c1	0.038256
rxn:4:199263:228542	CCCCc1ccc(-c2ccc3c(c2)N(C)C(=O)CC3)s1	0.038253
rxn:4:208899:228993	N#Cc1ccc(-c2c[nH]nc2-c2ccc(F)cc2)cc1	0.038251
rxn:4:177027:229010	CCOc1c(OC)ccc(-c2cc(C(C)C)cs2)c1F	0.038242
rxn:4:211896:223359	CNCc1ccc(-c2cc(C)cc3cn[nH]c23)cc1F	0.038240
rxn:4:205032:228623	FC(F)c1n[nH]c(C(F)F)c1-c1sccc1C1CCC1	0.038236
rxn:4:198696:229331	Fc1cc(-c2cccs2)c2cnccc2c1	0.038236
rxn:4:220966:228586	CC(C)c1ncccc1-c1cnc2ncnn2c1	0.038235
rxn:4:191360:227938	CCOc1c(C)cccc1-c1cc(CC#N)c(Cl)cc1F	0.038234
rxn:4:214399:228074	N#CCCn1ccc(-c2cc3cccc(F)c3s2)n1	0.038230
rxn:4:216763:228734	COc1nccc(C)c1-c1nnc(-c2cccc(F)c2)[nH]1	0.038225
rxn:4:195894:229148	FCCn1cc(-c2cccc(-c3cncs3)c2)cn1	0.038223
rxn:4:216754:228712	Fc1ccccc1-c1[nH]nnc1-c1ccnn1C1CCC1	0.038221
rxn:4:195200:227904	CCN(C)c1ccc(-c2ncc(Cl)cc2C(F)(F)F)cc1	0.038220
rxn:4:191598:228755	COc1cncc(-c2ccc(C(F)C(F)(F)F)cn2)c1C	0.038220
rxn:4:179797:228433	COc1ccc(-c2c(OC)ccc(Cl)c2F)c(C2COC2)c1	0.038214
rxn:4:188416:228383	CCOc1cc(-c2cnc(C(F)F)c(C)c2)c(F)cc1C#N	0.038205
rxn:4:210147:228636	COc1cccc2[nH]nc(-c3c(C)cc(F)cc3C)c12	0.038204
rxn:4:185946:229009	CCOC(=O)c1sc(-c2cc(C3CC3)cs2)nc1CC	0.038204
rxn:4:176955:228117	CC(=O)CCc1ccc(-c2cncc(OC(C)C)c2)cc1	0.038204
rxn:4:188846:228586	CCOC(=O)c1ccc(-c2cccnc2C(C)C)c(C)n1	0.038203
rxn:4:203057:228629	CCOC(=O)c1cnc(-c2ccc(C3CCC3)s2)nc1C	0.038201
rxn:4:218316:229078	COc1cncc(-c2cncc3c2ncn3C)c1	0.038193
rxn:4:204976:227940	CCc1cc(SC)cc(-c2cc(C#N)n(C(F)F)c2)c1	0.038187
rxn:4:211401:227980	Fc1cc(C2CC2)ccc1-c1ccc2[nH]ccc2n1	0.038181
rxn:4:191288:228181	COCc1cc(F)ccc1-c1cncc(OC(F)(F)F)c1	0.038179
rxn:4:218183:228326	COc1cc(-c2cc3nn[nH]c3c(F)c2F)cc(OC)n1	0.038173
rxn:4:182851:228379	N#Cc1cc(F)c(F)cc1-c1cc(Cl)cc2c1OCCO2	0.038163
rxn:4:181633:228418	COc1c(F)cc(-c2cc(C3OCCO3)ccc2F)cc1Cl	0.038158
rxn:4:208545:229209	Cc1cnccc1-c1cncc(-c2ccoc2)n1	0.038155
rxn:4:182856:228631	O=C1CCc2ccc(F)c(-c3ccsc3C3CCC3)c21	0.038151
rxn:4:217003:229296	Cc1nccn1-c1ccc(-c2cnn(C)c2)cn1	0.038148
rxn:4:199161:227991	CN1Cc2ccc(-c3ccc(Cl)cc3C3CC3)cc2C1	0.038146
rxn:4:181394:227949	CSc1ccc(C)cc1-c1cc(C)c(C#N)c(C)c1	0.038134
rxn:4:212147:223350	CCNCc1cncc(-c2c(F)ccc3ncn(C)c23)c1	0.038133
rxn:4:181460:227836	COc1c(-c2ccc(C)cc2C2CC2)ccc(F)c1C	0.038132
rxn:4:192280:227868	CC(C)C(=O)c1cccc(-c2ccc3c(c2)OCCC3)n1	0.038124
rxn:4:196306:229312	Cc1cc(-c2ccco2)ncc1-c1conc1C	0.038119
rxn:4:198455:228677	CC(C)Cn1cc(-c2nc3c(F)cccc3s2)cn1	0.038115
rxn:4:182440:228662	Clc1ccccc1-c1cc2cnccc2s1	0.038114
rxn:4:179667:228594	CCC(=O)c1ccc(-c2cc(C)nc(CC)c2)cc1C	0.038111
rxn:4:179797:227879	COc1ccc(-c2cccc(CCC#N)c2)c(C2COC2)c1	0.038110
rxn:4:198889:223442	CNc1ccc(-c2cc3[nH]ccc3cc2C)cc1	0.038103
rxn:4:220597:228006	COc1cc(-c2c[nH]nc2-c2cnccn2)c(C)cc1C	0.038099
rxn:4:191701:228650	CCOc1c(F)cncc1-c1ccc2nccn2c1	0.038097
rxn:4:192694:228812	CSc1cccc(F)c1-c1cnc(OC(C)C)cc1C	0.038096
rxn:4:218166:229115	Cc1ncc(F)cc1-c1cc2ncnc(Cl)c2[nH]1	0.038095
rxn:4:199102:223443	CNc1ccc(-c2cc(Cl)c(C)c3ncccc23)cn1	0.038091
rxn:4:177017:229072	CSc1cncc(-c2cc(OCC3CC3)ccc2F)c1	0.038086
rxn:4:196327:228746	N#Cc1cccc(-c2ccc(C3CC(F)(F)C3)nc2)c1Cl	0.038085
rxn:4:192095:228134	CCOc1ccc(-c2ccc(CC)nc2C(F)(F)F)c(C)n1	0.038072
rxn:4:181242:227992	CC(=O)c1cc(-c2ccc(C3COC3)cc2)cc(F)c1F	0.038066
rxn:4:181114:228576	CSc1c(Cl)ccc(-c2cc(C#N)ccc2C)c1F	0.038060
rxn:4:188590:223409	COc1cc(OC)c(C#N)c(-c2cnc3[nH]ccc3c2)c1	0.038059
rxn:4:208659:229278	Cn1ncc(Cl)c1-c1ccc(F)c(-c2ncon2)c1	0.038057
rxn:4:211313:227922	CCc1cc(OC)ccc1-c1cccc2snnc12	0.038053
rxn:4:210523:229282	COc1nc2c(ccn2C)cc1-c1ccccc1	0.038051
rxn:4:220972:228418	COc1c(F)cc(-c2nnc3cnccn23)cc1Cl	0.038048
rxn:4:192326:228476	CC(C)c1ccc(-c2cccnc2C(F)(F)F)c(C#N)c1	0.038047
rxn:4:192288:227867	CCC(=O)c1cnc(-c2cccc3c2OCCC3)cc1C	0.038044
rxn:4:212115:228113	CCc1nc(OC)ccc1-c1cc2[nH]nc(C)c2cc1F	0.038043
rxn:4:179210:223394	CC(=O)Cc1cc(F)ccc1-c1cccc2cc[nH]c12	0.038043
rxn:4:199293:228826	Cc1cc(-c2ccc3c(c2)CCN(C)C3)c(F)cc1F	0.038035
rxn:4:196036:227811	Cc1c(C#N)ccc(-c2ccc(CC(C)C)cc2)c1C	0.038031
rxn:4:181209:228840	CC(=O)c1cccc(-c2c(F)ccc(F)c2C)c1Cl	0.038028
rxn:4:201274:229155	CCOC(=O)Cc1ccnc(-c2cn(C3CC3)nn2)n1	0.038026
rxn:4:208751:228851	CN(C)c1cccc(-c2ccn3ncnc3c2)n1	0.038025
rxn:4:212156:229315	Cc1ncoc1-c1cc(F)cc2c1cnn2C	0.038019
rxn:4:211192:228058	Cc1nc2ccc(-c3cnn(C)c3F)cc2o1	0.038019
rxn:4:177133:229135	CCOc1cc(-c2cc(Cl)ccc2F)ccc1C(C)=O	0.038018
rxn:4:188502:227882	CCCOc1cc(-c2ccccc2COCC)ccn1	0.038012
rxn:4:189403:228637	Cc1cc(-c2cncc(OCC(C)(C)C)c2)c(C)cc1F	0.038011
rxn:4:194964:227988	N#Cc1cc(Cl)cc(-c2cccc(C3CC3)c2F)c1F	0.038003
rxn:4:218028:228418	COc1c(F)cc(-c2cn3cccnc3n2)cc1Cl	0.038001
rxn:4:216987:229298	Cc1cn(-c2cnccc2-c2cnccn2)cn1	0.037998
rxn:4:195862:228299	CCOC(=O)c1csc(-c2cncc(C3CC3(F)F)c2)c1	0.037995
rxn:4:177425:228145	COc1ccc(-c2cc(OC)ccc2C#N)c(OC(C)C)c1	0.037989
rxn:4:179584:228346	COCc1cc(-c2cc(C(=O)OC)sc2C)cc(C)c1F	0.037981
rxn:4:208530:229223	Cc1csc(C)c1-c1nc(-c2ccccn2)cs1	0.037979
rxn:4:178672:229202	CCc1ccc(-c2cc(F)ccc2OC(F)(F)F)s1	0.037975
rxn:4:201446:228782	CCN(CC)Cc1ccncc1-c1ccc(OC)cc1Cl	0.037971
rxn:4:181306:228220	CC(C)c1cc(-c2cccc(C(C)(F)F)c2)c(F)cn1	0.037963
rxn:4:215994:223401	CNc1cc(-c2c(CC#N)nc3ccccn23)ccc1C	0.037960
rxn:4:192848:228463	FC(F)Oc1ccc(-c2ccnc(OC3CCCC3)c2)cn1	0.037959
rxn:4:217948:229250	Cc1cncc(-c2cncc3nnoc23)n1	0.037957
rxn:4:179356:228845	COC(=O)c1ccc(-c2cc(C)c(Cl)cc2F)cc1C	0.037956
rxn:4:179365:228276	COc1ccc(-c2ccc(F)c(C)c2OC)cc1C(C)=O	0.037954
rxn:4:211924:228802	Cc1n[nH]c2c(-c3ccccc3C(F)F)cccc12	0.037953
rxn:4:220639:229141	Fc1ccc(-c2cn(-c3cccnc3)nn2)c(Cl)c1	0.037949
rxn:4:220673:229264	Fc1nc(-c2cnccc2Cl)cn1-c1ncccn1	0.037948
rxn:4:218238:228905	COc1ncc(-c2cncc3ncn(C)c23)cc1Cl	0.037942
rxn:4:217526:223352	CCn1nnc2c(-c3ccc(NC(C)C)nc3)cccc21	0.037934
rxn:4:212324:228462	Cc1cc2cc(-c3ccnc(OC(F)F)c3)nc(C)c2[nH]1	0.037932
rxn:4:192848:228214	Fc1cc(C2CC2)ncc1-c1ccnc(OC2CCCC2)c1	0.037925
rxn:4:194892:229043	Cc1ccc(Cl)cc1-c1nc(C(F)(F)F)c(Cl)s1	0.037924
rxn:4:182778:228420	CSc1c(F)cc(-c2cccc3c2C(=O)CC3)cc1F	0.037920
rxn:4:210373:229001	CCc1cnccc1-c1ccc(C)c2c(C#N)c[nH]c12	0.037919
rxn:4:191905:223391	CCc1ccc(C#N)cc1-c1cc2ccccc2[nH]1	0.037909
rxn:4:209989:229270	N#Cc1ncc(-c2ccc3nn(C(F)F)cc3c2)s1	0.037905
rxn:4:212326:229115	Cc1cc2nc(-c3cc(F)cnc3C)cc(C)c2[nH]1	0.037902
rxn:4:217508:228555	COCc1ccccc1-c1cc2c(C#N)c[nH]c2nc1C	0.037899
rxn:4:218336:223447	Cc1cc(-c2ncnc3[nH]c(C)cc23)cc(=O)[nH]1	0.037895
rxn:4:205155:227857	CCOc1cncc(-c2cccc3ccn(C)c23)n1	0.037892
rxn:4:182922:228406	COc1ccc(F)c(-c2ccc3c(c2)CCOC3=O)c1F	0.037887
rxn:4:198850:229130	Fc1cc(-c2nc3c(s2)C(F)(F)CCC3)ccc1Cl	0.037880
rxn:4:182946:228586	CC(C)c1ncccc1-c1cccc2c1C(F)(F)CC2	0.037862
rxn:4:198925:228304	Cc1cc2c(F)c(-c3cnc(OC(C)C)nc3)ccc2[nH]1	0.037840
rxn:4:198940:228967	Cc1c[nH]c2cc(F)c(-c3cn(C)nc3C(F)F)cc12	0.037834
rxn:4:202938:228182	CCOC(=O)c1ncc(-c2cccc(CC(F)F)c2)cn1	0.037831
rxn:4:208631:229057	c1coc(-c2ncncc2-c2cnn(C3CC3)c2)c1	0.037829
rxn:4:218353:228793	COc1cc(Cl)cc(-c2nccn3cc(C)nc23)c1	0.037821
rxn:4:218067:228599	COc1ccc(-c2cn3c(Cl)cnc3cn2)cc1C	0.037821
rxn:4:182723:227966	CC(C)(C)c1ncccc1-c1ccc2c(c1)C=CC2	0.037819
rxn:4:188342:228323	CCOc1nccc(-c2nc(CC)c(C(=O)OC)s2)c1F	0.037819
rxn:4:174848:228825	COC(=O)CCc1cccc(-c2cc(F)c(C)cc2F)c1	0.037817
rxn:4:199291:228379	CN1CCCc2cc(-c3cc(F)c(F)cc3C#N)ccc21	0.037816
rxn:4:196517:227965	Cc1ccnc(C(C)C)c1-c1cccc(C2=NCCC2)c1	0.037811
rxn:4:195655:228513	Cc1cc(C(F)(F)F)cc(-c2ccccc2C2CC2)n1	0.037810
rxn:4:217244:229094	Cc1ncc(-c2ccnc3c(C#N)c[nH]c23)c(C)n1	0.037805
rxn:4:208241:228524	c1csc(-c2nc(-c3cnc4c(c3)CCC4)cs2)n1	0.037802
rxn:4:217432:227831	CCc1c(C)cc(-c2n[nH]c3ccc(OC)nc23)cc1C	0.037801
rxn:4:196666:227977	COc1cc(C)c(-c2ccc(C3CCC3)nc2C)cc1C	0.037800
rxn:4:210165:229177	CCc1cc2c(-c3c(F)cncc3F)ncnc2s1	0.037797
rxn:4:202892:228643	COC(=O)c1cnc(C#N)c(-c2ccc(C)c(Cl)c2C)c1	0.037796
rxn:4:210136:228171	CCOc1ccc(-c2n[nH]c3cc(OC)ccc23)cc1F	0.037795
rxn:4:188949:228280	CCCOc1ncc(C)cc1-c1cc(OC)c(Cl)cc1C	0.037790
rxn:4:210172:227932	COCc1ccc(C)c(-c2ccc3[nH]cnc3c2OC)c1	0.037785
rxn:4:176534:228439	COc1c(-c2cccc(COC(C)=O)c2)ccc(F)c1Cl	0.037781
rxn:4:189236:227931	CN(C)CCc1cccc(-c2ccccc2OC2CC2)c1	0.037776
rxn:4:216499:223308	CCNCc1ccccc1-c1csc(-c2ncc[nH]2)n1	0.037775
rxn:4:183093:223434	Cc1cc2c(c(-c3cnc4cn[nH]c4c3)c1)CCC2	0.037768
rxn:4:176565:228690	CCOc1cncc(-c2ccc(CC(=O)OC)cc2Cl)c1	0.037767
rxn:4:201311:227933	CCCc1n[nH]c(C(=O)OC)c1-c1cc(OC)ccc1CC	0.037762
rxn:4:217949:227992	c1cnc2sc(-c3ccc(C4COC4)cc3)nc2n1	0.037760
rxn:4:182538:227997	Cc1c(F)ccc(-c2cc(C3CC3)ccc2F)c1F	0.037760
rxn:4:191317:228793	COc1cc(Cl)cc(-c2cnc(OC(F)(F)F)c(Cl)c2)c1	0.037735
rxn:4:179204:228573	COc1c(-c2ccc(C#N)cc2C)ccc(Cl)c1SC	0.037735
rxn:4:218401:229161	COc1ncncc1-c1cnc2cc(C)c(Cl)nn12	0.037733
rxn:4:198704:229321	Fc1ccc2cc(-c3ccoc3Cl)cnc2c1	0.037718
rxn:4:198394:228314	CCOc1ncc(-c2cncc3sccc23)cc1Cl	0.037709
rxn:4:189075:227954	COc1ncc(-c2ccc(C3CCC3)nc2)cc1OC(C)C	0.037692
rxn:4:206569:228554	CCOc1ccccc1-c1cc(C(C)C)nc(C(C)C)n1	0.037691
rxn:4:214488:228882	CCN(CC)c1ncc(-c2cnc(OC)nc2C)c(Cl)n1	0.037688
rxn:4:210626:228967	CC(C)c1n[nH]c2cccc(-c3cn(C)nc3C(F)F)c12	0.037687
rxn:4:176973:227828	COCc1cc(-c2cccc(C3CC3)c2C)ccc1OC	0.037687
rxn:4:183072:227938	CCOc1c(C)cccc1-c1cc(F)c2c(c1)C(=O)C(C)C2	0.037686
rxn:4:199176:229330	Cn1ccc2cc(-c3ccsc3)ccc2c1=O	0.037683
rxn:4:191464:223393	COC(=O)c1nc(C)oc1-c1c[nH]c2ccccc12	0.037665
rxn:4:208338:228270	COc1cc(Cl)c(C)cc1-c1c(C(F)(F)F)nn(C)c1Cl	0.037664
rxn:4:188329:228170	CCOC(=O)c1cc(-c2cc(F)ccc2OCC)ccn1	0.037659
rxn:4:176601:228690	CCOC(=O)c1cccc(F)c1-c1cncc(OCC)c1	0.037659
rxn:4:178627:228382	COc1nc(C)c(Cl)cc1-c1ccc(Cl)c(OC(F)F)c1	0.037652
rxn:4:208917:228768	CCc1cc(-c2ccc(-c3ncc[nH]3)c(F)c2)c(F)cn1	0.037643
rxn:4:195688:228069	NS(=O)(=O)c1ccc(F)c(-c2ccc(F)c3ccoc23)c1	0.037642
rxn:4:210170:227905	COc1cc2cc[nH]c2nc1-c1ccnc(CC(C)C)c1	0.037634
rxn:4:208584:229152	Cn1ncc(C#N)c1-c1scnc1-c1ccccn1	0.037632
rxn:4:211199:227852	Cn1cnc(-c2ccc3cccnc3c2)c1F	0.037625
rxn:4:178963:227835	CSCc1ccc(-c2ccc(C)c(C3CC3)c2)cc1	0.037625
rxn:4:196661:223407	Cc1cc(C2CCC2)ncc1-c1cnc2cc[nH]c2c1	0.037623
rxn:4:191885:228855	COc1ccnc(OC)c1-c1cnc2ccnn2c1	0.037621
rxn:4:191498:227835	COC(=O)c1cnc(-c2ccc(C)c(C3CC3)c2)c(Cl)c1	0.037621
rxn:4:191514:227813	CCc1cccc(CC)c1-c1ccc(Cl)c(C(=O)OC)n1	0.037615
rxn:4:195864:229288	Cc1ccc(-c2cccc(-c3nccs3)c2)s1	0.037612
rxn:4:182994:227858	CN1Cc2cccc(-c3cc(F)c4c(c3)CCCO4)c2C1	0.037609
rxn:4:182659:228873	CN(C)c1ncc(-c2c(F)ccc3sccc23)cn1	0.037608
rxn:4:174856:229214	CCC(=O)CSc1cccc(-c2cccc(Cl)c2)c1	0.037606
rxn:4:208961:223412	CC(=O)c1c(-c2nc3ccccc3[nH]2)c(C)nn1C	0.037601
rxn:4:192513:228454	COc1cc(-c2ccc(S(=O)(=O)C(C)C)cn2)c(OC)nn1	0.037601
rxn:4:205480:228079	CC(C)c1cc(-c2cccc3c2COC3=O)cc(C#N)n1	0.037598
rxn:4:211311:228138	N#CCc1ccc(-c2ccc3snnc3c2)cc1F	0.037595
rxn:4:196491:223380	O=c1[nH]c2cc(-c3cnc(C4CCOCC4)s3)ccc2o1	0.037588
rxn:4:181899:228603	CC(=O)c1cccc(-c2ccc(C3(C)CC(=O)C3)cc2)c1	0.037587
rxn:4:179267:228920	CSc1nccc(-c2ccc(C(F)(F)C(C)=O)cc2)c1F	0.037572
rxn:4:209328:223432	O=C1CCCCN1c1ncc(-c2cccc3nn[nH]c23)s1	0.037569
rxn:4:208190:228891	N#Cc1c(Cl)cncc1-c1c(Cl)ncnc1C(F)(F)F	0.037568
rxn:4:216704:227923	CCOc1ccc(C)cc1-c1cccnc1-c1cn[nH]c1	0.037568
rxn:4:211319:229021	Cc1nccc(-c2nccc3ncoc23)c1C	0.037563
rxn:4:195051:228041	CC(F)(F)c1cnc(-c2ccnc3cnccc23)s1	0.037553
rxn:4:181318:229007	CSc1cccc(-c2ccc(C)c(C(F)F)c2)c1	0.037546
rxn:4:179044:228094	CCCOc1cncc(-c2c(C)cccc2OC(F)F)c1	0.037539
rxn:4:211916:229243	Cc1nn(C)cc1-c1cccc2ncc(C)n12	0.037537
rxn:4:211283:228634	Cc1cc(Cl)cc(C)c1-c1ncn2ccsc12	0.037525
rxn:4:182713:227961	Cc1nc(C2CC2)ccc1-c1ccc2c(c1F)C(=O)OC2	0.037524
rxn:4:208562:229165	COc1nccc(-c2ccc(-c3cocn3)cn2)n1	0.037523
rxn:4:179622:229139	COc1ccc(C(C)(F)F)cc1-c1c(F)cccc1Cl	0.037520
rxn:4:212329:222418	Cc1cc2c(-c3ccc(S(N)(=O)=O)cc3)ccnc2n1C	0.037516
rxn:4:196179:228668	Cc1c(S(N)(=O)=O)ccc(-c2cc3cccnc3s2)c1F	0.037516
rxn:4:202962:228852	CCCOc1nccc(-c2cnn3ccncc23)n1	0.037515
rxn:4:195934:229249	Cc1cc(-c2cnc(-c3ccc(F)cc3)s2)cnn1	0.037515
rxn:4:196818:227968	Cc1sc(-c2cnccc2C2CCC2)nc1C1CCCOC1	0.037507
rxn:4:196170:228522	Cc1cc(Cl)c(-c2ccn3cccc3c2)cc1S(N)(=O)=O	0.037505
rxn:4:182785:223308	CCNCc1ccccc1-c1ccc2oc(C)cc2c1	0.037503
rxn:4:188299:228807	CSc1ccc(Cl)cc1-c1ccc(C)cc1OCC#N	0.037501
rxn:4:179674:228160	CCOc1cccc(F)c1-c1ccc(OC)cc1C1CC1	0.037493
rxn:4:198465:228770	COc1c(C)cncc1-c1cc2scnc2cc1F	0.037492
rxn:4:197110:229100	COc1ccc2ncsc2c1-c1ccnc(C)c1F	0.037492
rxn:4:216698:229139	Fc1cccc(Cl)c1-c1ccc(-n2cnnc2)cc1	0.037487
rxn:4:179189:228303	CCC(=O)c1ccc(-c2cnc(N(C)CC)nc2)cc1Cl	0.037487
rxn:4:191308:228442	COc1cc(Cl)c(F)cc1-c1ccc(F)c(OC(F)F)n1	0.037486
rxn:4:177145:228559	CCOc1ccc(-c2ccc(C(=O)OC(C)(C)C)o2)cc1	0.037472
rxn:4:182630:223348	O=C1NCc2ccc(-c3ccc4cscc4c3)cc21	0.037467
rxn:4:197070:229300	Cn1cncc1-c1cccc2oc(C#N)cc12	0.037466
rxn:4:218459:229284	Cc1nc2cncc(-c3cccnc3)c2n1C	0.037463
rxn:4:191845:228268	CSc1c(-c2cccc(C)c2CC#N)ccc(C)c1F	0.037452
rxn:4:220966:229251	Cc1cc(-c2cnc3ncnn3c2)ncn1	0.037424
rxn:4:181366:223431	CS(=O)(=O)c1cc(-c2cnc3[nH]ncc3c2)cc(Cl)c1F	0.037417
rxn:4:181814:228615	CSc1ccc(C)cc1-c1cc(C)cc(C2COC2)c1	0.037414
rxn:4:182453:227841	Cc1cc(C)c(C)c(-c2cc(F)ccc2F)c1C	0.037408
rxn:4:179806:228792	CSc1ccc(-c2ccc(C(C)S(C)(=O)=O)cc2)cc1F	0.037406
rxn:4:218052:228543	CCCCc1ccsc1-c1cnc2c(Cl)cnn2c1	0.037396
rxn:4:198324:228861	Cc1ncc(-c2cnc3scnc3c2)c(Cl)c1C	0.037395
rxn:4:211440:228563	CC(C)Cc1csc(-c2ccc(Cl)c3[nH]cnc23)c1	0.037388
rxn:4:180920:228652	FCc1ccc(F)c(-c2ccn3ccnc3c2)c1	0.037375
rxn:4:181337:223298	Cc1cccc2cc(-c3ccc(F)c(S(C)(=O)=O)c3)[nH]c12	0.037368
rxn:4:221023:228085	N#CCOc1ccccc1-c1n[nH]c2nc(Cl)ncc12	0.037365
rxn:4:206051:223403	Cc1c(C(=O)N(C)C)cncc1-c1ccc2cn[nH]c2c1	0.037363
rxn:4:182981:228268	CSc1c(-c2cccc3c2COCC3)ccc(C)c1F	0.037357
rxn:4:205215:228656	COC(=O)c1n[nH]c(-c2cccn3ccnc23)c1C	0.037354
rxn:4:182044:228326	COc1cc(-c2ccc(C3CCC3(C)C)cc2)cc(OC)n1	0.037341
rxn:4:198394:227887	COCCc1ccc(-c2cncc3sccc23)cc1	0.037341
rxn:4:183226:229132	CC1(C)OCCc2cc(-c3ccc(F)c(F)c3)ccc21	0.037335
rxn:4:195592:227978	Cc1cnc(C(F)F)c(-c2cc(C(C)C)ccc2F)c1	0.037335
rxn:4:211245:227845	Cc1cn(C)c(-c2cccc3cnccc23)n1	0.037334
rxn:4:216747:229255	Fc1cnccc1-c1ncn(-c2ccccc2F)n1	0.037330
rxn:4:211499:229152	Cn1ncc(C#N)c1-c1ccc2ncc(Cl)n2c1	0.037324
rxn:4:177293:228139	COc1cc(C#N)cc(-c2ccc(F)c(OCC(C)C)c2)c1	0.037320
rxn:4:179163:223408	CSc1ccc(-c2cccc3cn[nH]c23)cc1SC	0.037318
rxn:4:210646:228792	CSc1ccc(-c2cncc(C34CC(C)(C3)C4)n2)cc1F	0.037305
rxn:4:199011:228443	CSc1c(F)ccc(-c2ccc3c(c2)CN(C)C3=O)c1F	0.037302
rxn:4:177419:228870	COC(=O)c1csc(-c2cc(OC)ccc2OC(C)C)c1	0.037300
rxn:4:198737:229248	Cc1nc2cc(-c3c(C)cnn3C)c(F)cc2s1	0.037300
rxn:4:186147:228497	CCCOc1cc(-c2ccnn2CC(F)(F)F)cnc1OC	0.037293
rxn:4:176748:228192	CCCSc1cccc(-c2ccc(N(C)C)nc2C)c1	0.037290
rxn:4:218426:229239	CSc1ccsc1-c1cn2ncnc2c(F)c1C	0.037280
rxn:4:179426:228689	CCOc1ccncc1-c1ccc(C(=O)C2CC2)cc1F	0.037265
rxn:4:210523:229256	COc1nc2c(ccn2C)cc1-c1c(C)noc1C	0.037264
rxn:4:191485:228166	CCOc1cc(Cl)cc(-c2cc(C#N)cc(SC)c2)c1	0.037260
rxn:4:196188:227867	Clc1ccc(C2=NOCC2)c(-c2cccc3c2OCCC3)c1	0.037247
rxn:4:198453:228710	CC(C)c1ncc(-c2nc3cc(F)ccc3s2)cn1	0.037244
rxn:4:182814:229296	Cn1cc(-c2ccc3ccccc3c2Cl)cn1	0.037236
rxn:4:208704:228048	CC(C)n1cnc(-c2cnc3c(ccn3C)c2)c1F	0.037236
rxn:4:176567:228546	CCCc1cnccc1-c1ccc(CC(=O)OC)c(Cl)c1	0.037220
rxn:4:182621:228784	COc1cc(-c2cc3ccccc3o2)ccc1F	0.037220
rxn:4:195238:228740	N#Cc1ccc(-c2cc(C(F)(F)F)ncc2F)c(F)c1	0.037208
rxn:4:179824:227907	CCC(C)c1cncc(-c2ccccc2S(=O)(=O)C(C)C)c1	0.037206
rxn:4:208893:229287	Cc1ccsc1-c1cn(-c2cccc(Cl)c2)cn1	0.037202
rxn:4:182580:228216	Cc1ccc(-c2cncc(C3CC3)c2Cl)c(C)c1Cl	0.037201
rxn:4:179817:228293	CN(C)CCn1cc(-c2ccccc2CC2OCCO2)cn1	0.037194
rxn:4:209191:228288	CCn1nc(C)c(-c2nc3ccc(C)cn3n2)c1C	0.037194
rxn:4:209221:223372	Clc1ccc(-c2ccnc(N3CCSC3)c2)c2[nH]ncc12	0.037191
rxn:4:183019:228415	CC1(C)Oc2ccc(-c3cc(F)ccc3C(F)F)cc2O1	0.037186
rxn:4:179069:228421	COc1cc(Cl)cc(-c2cccc(C(F)F)c2OC)c1F	0.037185
rxn:4:181358:227870	CC(F)(F)c1ccc(-c2ccc3c(c2)C(=O)CC3)c(F)c1	0.037185
rxn:4:220997:228730	N#Cc1ccc(-c2cn3cnnc3cn2)cc1Cl	0.037178
rxn:4:198539:228407	COc1ccc(F)c(F)c1-c1c[nH]c2cc(F)ccc12	0.037172
rxn:4:196591:228539	Cc1cc(-c2ccc3ccsc3c2)c(S(N)(=O)=O)cc1C	0.037168
rxn:4:182599:228503	Cc1cc(-c2ccc3c(c2)CCC3)cc(C)c1C	0.037161
rxn:4:192988:223321	Cc1ccc(-c2ccc(C(C)N(C)C)cc2)c2cn[nH]c12	0.037159
rxn:4:216703:228215	Cc1ccc(-c2cncc(-c3ncc[nH]3)c2)c(F)c1C#N	0.037157
rxn:4:177440:228335	CCOc1cc(C)cc(-c2c(OC)ccnc2OC)c1OC	0.037155
rxn:4:213510:228217	CC(C)c1ncc(Cl)cc1-c1cnc(OCCN(C)C)cn1	0.037154
rxn:4:216706:229126	Cc1cc(F)c(-c2ccc(-n3cccn3)nc2)cn1	0.037154
rxn:4:182615:223345	O=C1Cc2cccc(-c3ccc4sccc4c3)c2N1	0.037153
rxn:4:195854:229001	CCc1cnccc1-c1ccnc(-c2ccoc2)c1	0.037143
rxn:4:191362:228362	N#CCc1cc(-c2cnc(Cl)nc2C2CC2)cc(Cl)c1F	0.037142
rxn:4:197212:229310	CCc1nc2c(Cl)cc(-c3csc(C)n3)cc2s1	0.037140
rxn:4:217096:223329	Cc1ccc2cn[nH]c2c1-c1nncn1C1CCCCC1	0.037137
rxn:4:216527:228903	COc1ncc(Cl)cc1-c1cncc(-c2cncs2)n1	0.037127
rxn:4:179332:228184	CCCc1ccccc1-c1ccc(OC)c(SC)c1	0.037127
rxn:4:208185:223324	Cc1cc(-c2cnc(C(F)(F)F)nc2)cc2[nH]ncc12	0.037116
rxn:4:181242:227898	CC(=O)c1cc(-c2cncc(CC(C)C)c2)cc(F)c1F	0.037115
rxn:4:198435:223344	O=C1Cc2c(cccc2-c2cc(Cl)cc3oncc23)N1	0.037101
rxn:4:196569:228311	CCCc1ncc(-c2ccnc(C(C)(C)C)c2F)c(Cl)n1	0.037094
rxn:4:212338:228353	Cc1ccc(-c2cnc(N(C)C)c(Cl)c2)c2c(C)n[nH]c12	0.037089
rxn:4:179427:228387	COc1cc(=O)n(C)cc1-c1ccc(C(=O)C2CC2)c(F)c1	0.037087
rxn:4:211636:223387	CCOC(=O)c1cc(-c2ccn3ncc(F)c3c2)[nH]n1	0.037087
rxn:4:178719:227883	CCOCc1ccc(-c2cccc(C(=O)CF)c2)cc1	0.037085
rxn:4:212017:228296	CCOC(=O)c1occc1-c1cnc2c(C)c[nH]cc1-2	0.037079
rxn:4:198575:228905	COc1ncc(-c2nc3cc(C)ccc3s2)cc1Cl	0.037078
rxn:4:176831:229132	CC(F)(F)COc1cccc(-c2ccc(F)c(F)c2)c1	0.037076
rxn:4:212011:228734	COc1nccc(C)c1-c1ccc2cc(C)nn2c1	0.037074
rxn:4:209039:223393	FC1(F)CN(c2ccc(-c3c[nH]c4ccccc34)nc2)C1	0.037071
rxn:4:198496:229033	Cc1ccc(-c2ccc3cc[nH]c3c2)cc1Cl	0.037067
rxn:4:195794:228184	COc1ccc(-c2cc(Cl)c(C3CC3)cn2)cc1SC	0.037064
rxn:4:189243:228559	CCOc1ccc(-c2ccc(Cl)cc2CCN(C)C)cc1	0.037061
rxn:4:205254:229280	CCc1[nH]nc(C(F)(F)F)c1-c1cnc(F)nc1	0.037033
rxn:4:183054:228564	CCC(C)c1ccc(-c2cc(C)cc3c2C(=O)CC3)s1	0.037030
rxn:4:179516:227812	COCc1cccc(-c2cccc(CC(C)C)c2)c1C	0.037029
rxn:4:174693:228508	COC(=O)COc1ccc(-c2cccc(C(C)C)c2)cc1	0.037029
rxn:4:179375:228224	COC(=O)c1ccc(C)cc1-c1cc(C#N)cc(C)c1Cl	0.037028
rxn:4:198284:229160	CSc1ncc(-c2cnc(C)c(F)c2)cn1	0.037019
rxn:4:202883:228138	COC(=O)c1cc(-c2ccc(CC#N)c(F)c2)nn1C(F)F	0.037016
rxn:4:215567:223305	Cc1c[nH]c2cc(-c3cc(C(C)(C)C#N)nn3C)ccc12	0.037003
rxn:4:205401:229271	COc1cc(-c2cnc(SC(C)C)nc2)sn1	0.036999
rxn:4:211419:228383	Cc1cc(-c2cc3ccncn3c2)cnc1C(F)F	0.036996
rxn:4:179217:228155	CCC(=O)c1ccc(F)cc1-c1ccc(OC)c(OC)c1	0.036995
rxn:4:212292:229227	Cc1ccc2nn(C)cc2c1-c1csc(C#N)c1	0.036994
rxn:4:182839:227867	O=C1CCc2c1ccc(Cl)c2-c1cccc2c1OCCC2	0.036986
rxn:4:220298:228019	CC(=O)c1ccc(C)c(-c2cnc(N3CC(C#N)C3)nc2)c1	0.036966
rxn:4:191816:228151	COC(=O)c1cccc(-c2ccnc(C(F)(F)F)c2OC)c1	0.036966
rxn:4:210175:229062	COc1ccn2c(-c3ccc(C#N)n3C)cnc2c1	0.036965
rxn:4:218124:222422	O=c1[nH]cc(-c2ccn3nc(Cl)ncc23)c(=O)[nH]1	0.036957
rxn:4:218347:228626	CCc1cccc(-c2cnn3ccnc(C)c23)c1F	0.036955
rxn:4:216805:223419	O=C1OCCN1c1cnc(-c2cc3ccncc3[nH]2)cn1	0.036954
rxn:4:210196:227952	COc1cc(-c2cc(C)c(C#N)cc2C)cc2cn[nH]c12	0.036953
rxn:4:181618:229237	CSc1cc(-c2ccc(C)c(C(C)(F)F)c2)cs1	0.036951
rxn:4:208781:228038	Cn1cnc2cc(-c3cn(C4CCC4)cn3)ccc21	0.036946
rxn:4:220684:229292	Cc1occc1-c1cn(-c2ccnc(Cl)n2)cn1	0.036944
rxn:4:196496:228607	CCc1cc(-c2cc(C3CCCS3)ccn2)ccc1Cl	0.036943
rxn:4:221017:228873	CN(C)c1ncc(-c2ncc(Cl)n3ncnc23)cn1	0.036943
rxn:4:209607:227920	CCC(=O)c1ccc(-c2ccc(N3CCOCC3)cn2)cc1	0.036943
rxn:4:211407:228259	COc1cc(C)cc(-c2ccn3ncccc23)c1F	0.036927
rxn:4:181150:228003	COc1ccc(-c2c(C)cc(SC)cc2C)c(F)c1F	0.036919
rxn:4:181692:228397	COc1cc(-c2cc(C)c(SC)c(C)c2)cc(F)c1F	0.036919
rxn:4:216592:227850	Cc1nnc(-c2ccc3cnccc3c2)n1C1CC1	0.036918
rxn:4:183157:227885	CCCOc1cccc(-c2cccc3c2OC(C)(C)OC3)c1	0.036914
rxn:4:183126:229142	O=C1CC2(CC2)c2cc(-c3cccc(F)c3Cl)ccc21	0.036912
rxn:4:218150:227869	CC1Cc2cc(-c3ccc4[nH]nnc4c3F)ccc2O1	0.036911
rxn:4:179363:228850	CS(=O)(=O)Cc1ccccc1-c1ccc2nncn2c1	0.036910
rxn:4:177295:228504	CC(C)OCc1cc(F)ccc1-c1cccc2c1CCC2	0.036909
rxn:4:205632:223398	CNCc1ccc(-c2nccn2Cc2ccccc2)cc1	0.036908
rxn:4:179935:227993	COc1ccc(C)c(-c2ccc(OC(C)(C)C)cc2)c1C	0.036908
rxn:4:211511:228136	Clc1ccc2cc(-c3ccc(OC4CC4)nc3)nn2c1	0.036905
rxn:4:194884:228963	FC(F)(F)c1conc1-c1cnc2nonc2c1	0.036902
rxn:4:196063:228651	CC(C)(C)c1scnc1-c1cnn2ccccc12	0.036901
rxn:4:216535:228771	CCc1ncc(-c2coc(-c3cncnc3)n2)cc1Cl	0.036901
rxn:4:189400:228179	COCc1cc(F)cc(-c2cccc(CN(C)C)c2OC)c1	0.036900
rxn:4:188542:228132	COC(=O)c1cc(OC)nc(-c2cccc(CC#N)c2F)c1	0.036899
rxn:4:191723:228855	Cc1cc(-c2cnc3ccnn3c2)cc(OC(F)F)n1	0.036885
rxn:4:217595:229223	Cc1csc(C)c1-c1cncc2ncn(C3CC3)c12	0.036873
rxn:4:182671:228691	CCOc1ccc(-c2cc3sccc3cc2F)cn1	0.036872
rxn:4:211383:229131	Fc1ccc(-c2cccc3nccn23)c(F)c1	0.036865
rxn:4:182460:228652	Fc1cccc(-c2ccn3ccnc3c2)c1F	0.036865
rxn:4:220604:228561	CSCc1cccc(-c2ccccc2-n2cnnn2)c1	0.036842
rxn:4:218175:223357	CC(=O)Nc1ccccc1-c1ncn2c(Cl)nccc12	0.036840
rxn:4:205469:223402	CC(C)(C)c1nsc(-c2ccc3[nH]ncc3c2)c1C#N	0.036839
rxn:4:220693:229255	Fc1cnccc1-c1cc(-c2ncccn2)ncn1	0.036823
rxn:4:199157:223379	Cc1cc(-c2ccc3[nH]c(=O)oc3c2)nc2c1CCC2	0.036813
rxn:4:181499:229272	COc1ncc(-c2ccc(-c3ccccc3Cl)o2)s1	0.036812
rxn:4:191600:223394	COc1c(-c2cccc3cc[nH]c23)cc(F)c(C#N)c1F	0.036811
rxn:4:180257:228574	Cc1ccc(-c2ccc(C)c(OC(C)(C)C)c2)c(C#N)c1	0.036807
rxn:4:179500:228463	CC(C)Sc1ccccc1-c1ccc(OC(F)F)nc1	0.036804
rxn:4:218194:228593	c1cc(-c2ccc3nccnc3n2)c(C2CC2)cn1	0.036803
rxn:4:220614:228977	c1ncn(-c2ccc(-c3ccc4c(c3)CC4)nc2)n1	0.036802
rxn:4:188234:227967	COC(=O)c1ccc(-c2cccnc2C2CCC2)c(C#N)c1	0.036799
rxn:4:179051:228858	COCc1cc(-c2ccc3nonc3c2)c(F)cc1F	0.036798
rxn:4:217978:228871	COC(=O)c1ccsc1-c1ccc2ncnn2c1	0.036790
rxn:4:211277:228318	COC(=O)c1ccncc1-c1cn2cncc2s1	0.036790
rxn:4:211917:228942	Cc1c(-c2c(F)cc(Cl)cc2F)ccc2[nH]cnc12	0.036783
rxn:4:198341:227903	CCN(C)c1cccc(-c2nc3ccccc3s2)c1	0.036777
rxn:4:176768:228838	CCCOc1ccc(-c2c(C)cc(F)cc2Cl)cc1F	0.036776
rxn:4:216489:227935	CCc1cc(-c2ccn(-c3cscn3)n2)ccc1OC	0.036774
rxn:4:178901:228818	Cc1cc(-c2ccc(CF)cc2C(F)(F)F)cn(C)c1=O	0.036765
rxn:4:175131:228231	COCc1ccc(-c2ccc(N(C)C)cc2F)c(COC)c1	0.036764
rxn:4:208425:228366	CN(C)c1ncc(-c2ccc(-n3cccn3)o2)cc1F	0.036760
rxn:4:208515:223380	O=c1[nH]c2cc(-c3cnc(C4CC4)nc3Cl)ccc2o1	0.036758
rxn:4:198551:229026	Cc1cc(-c2cc(F)c(F)c3cc[nH]c23)c(C)cn1	0.036752
rxn:4:211520:228372	N#Cc1cc(F)c(-c2cnc3[nH]c(Cl)cc3c2)cc1F	0.036750
rxn:4:216484:227930	c1cc(OC2CC2)cc(-c2cn(-c3cncs3)cn2)c1	0.036750
rxn:4:182965:228379	N#Cc1cc(F)c(F)cc1-c1c(F)ccc2c1OCCC2=O	0.036744
rxn:4:197708:228542	CCCCc1ccc(-c2cnc(OC)c3c2CCCC3)s1	0.036740
rxn:4:188817:228255	CCOC(=O)c1c(-c2ccc(C)c(F)c2OC)ccnc1C	0.036739
rxn:4:177293:228308	CCOc1ncc(-c2ccc(F)c(OCC(C)C)c2)c(C)n1	0.036732
rxn:4:188214:228263	CC(F)(F)c1ccc(-c2cc(CCC#N)ccc2F)cc1	0.036731
rxn:4:220689:223399	CNCc1ccccc1-c1cc(F)cc(-c2nn[nH]n2)c1	0.036728
rxn:4:220628:223357	CC(=O)Nc1ccccc1-c1nn[nH]c1-c1ccncc1	0.036722
rxn:4:192289:227917	CCC(=O)c1ccc(-c2cc(CC)ccc2OC)nc1C	0.036721
rxn:4:182995:228466	COC(=O)c1sc(Cl)cc1-c1cc(F)cc2c1OCCC2	0.036714
rxn:4:189245:228418	COc1c(F)cc(-c2ccc(F)c(CCN(C)C)c2)cc1Cl	0.036713
rxn:4:188811:228111	CCOc1cc(C(C)=O)ncc1-c1ccc(C#N)c(C#N)c1	0.036712
rxn:4:213540:227979	CCCCN(C)c1ncc(-c2c(C)cc(C)cc2OC)cn1	0.036712
rxn:4:208756:227859	CCc1nc(C)cc(-c2ccc3ccn(C)c3c2)n1	0.036712
rxn:4:201443:228680	CCCn1nc(C)cc1-c1sc(N(CC)CC)nc1CC	0.036710
rxn:4:216667:228551	CCCc1ncccc1-c1csc(-n2cc(C)cn2)n1	0.036709
rxn:4:221031:228585	c1cc(C2CC2)c(-c2cnc3ncncc3n2)cn1	0.036694
rxn:4:215496:229145	Fc1c(Cl)cccc1-c1cnn(Cc2cccnc2)c1	0.036685
rxn:4:211676:227962	Cc1cc(-c2cc(F)c(F)c3[nH]ncc23)cc(C2CC2)n1	0.036676
rxn:4:189063:227890	CCOCc1cccc(-c2ccc(C(=O)N(C)CC)cc2)c1	0.036673
rxn:4:208940:229013	Fc1cc(-c2ncc[nH]2)cc(-c2sccc2C2CC2)c1	0.036673
rxn:4:198597:229282	c1ccc(-c2cncc3ccccc23)cc1	0.036671
rxn:4:217353:229163	COc1cc(-c2ccn3c(C(F)F)nnc3c2)cnn1	0.036671
rxn:4:220605:229159	COc1ncc(-c2cnn(-c3cnccn3)c2)cn1	0.036670
rxn:4:216497:228542	CCCCc1ccc(-c2cn(-c3cscn3)cn2)s1	0.036669
rxn:4:208909:229163	COc1cc(-c2nccn2-c2cccc(F)c2)cnn1	0.036667
rxn:4:191258:227862	Cc1cccc2cc(-c3cncc(OCF)c3)sc12	0.036666
rxn:4:221039:229249	Cc1cc(-c2nc(C)cn3ncnc23)cnn1	0.036659
rxn:4:205218:227854	COc1ncc(-c2ccc3c(ccn3C)c2)nc1OC	0.036657
rxn:4:196321:229167	Cc1cc(-c2cnco2)ccc1-c1csc(N(C)C)n1	0.036648
rxn:4:176567:228381	COC(=O)Cc1ccc(-c2c(F)cc(C#N)cc2F)cc1Cl	0.036647
rxn:4:197547:228739	COc1cc(-c2ccc3[nH]cc(C4CC4)c3c2)c(C)cn1	0.036645
rxn:4:218278:229131	Cc1cc2nc(-c3ccc(F)cc3F)ccn2n1	0.036632
rxn:4:211962:228308	CCOc1ncc(-c2ncc3cc(C)ccn23)c(C)n1	0.036632
rxn:4:179829:228630	CCc1cc(F)cc(-c2cc(OC)c(C(C)=O)cc2C)c1	0.036631
rxn:4:201214:228164	CCOc1cc(-c2ccn(CCC(=O)OC)n2)ccc1Cl	0.036628
rxn:4:217003:223313	Cc1nccn1-c1ccc(-c2ccc(C3(O)CC3)cc2)cn1	0.036626
rxn:4:197708:228624	COc1ncc(-c2ccc(C)c(SC)c2)c2c1CCCC2	0.036626
rxn:4:198777:228071	O=S1(=O)N=Cc2cc(-c3cccc4c3OCCO4)ccc2O1	0.036624
rxn:4:220669:228997	CCc1ccc(-c2cnn(-c3ncc(F)cn3)c2)cn1	0.036620
rxn:4:198357:228214	Fc1cc(C2CC2)ncc1-c1coc2ncccc12	0.036613
rxn:4:198357:228742	N#Cc1cc(Cl)cc(-c2coc3ncccc23)c1	0.036608
rxn:4:198385:227890	CCOCc1cccc(-c2ccc3nscc3c2)c1	0.036600
rxn:4:191319:228824	Cc1cc(F)c(-c2cnc(OC(F)(F)F)c(F)c2)c(F)c1	0.036596
rxn:4:208847:229019	Cc1ccc(-c2ncccc2-n2cccc2)c(C)n1	0.036580
rxn:4:210515:222418	CCc1nc(-c2ccc(S(N)(=O)=O)cc2)c2ccccc2n1	0.036576
rxn:4:196828:228394	FC(F)(F)c1ccccc1-c1cccc(C2CCCOC2)n1	0.036576
rxn:4:208841:228765	CCc1cc(F)c(-c2cc(-n3cnc(C)c3)co2)cn1	0.036575
rxn:4:206030:228071	CC(C)(C)c1cc(-c2cccc3c2OCCO3)c(C#N)cn1	0.036573
rxn:4:196229:228659	c1cc(-c2ccc3cncn3c2)cc(N2CCC2)c1	0.036572
rxn:4:208851:228775	COc1ccc(-c2cn(-c3ccco3)nc2C)cc1F	0.036560
rxn:4:179543:228252	COc1ccc(C)c(F)c1-c1cc(OC(C)C)ccc1Cl	0.036556
rxn:4:220820:227870	N#Cc1c[nH]n2c(-c3ccc4c(c3)C(=O)CC4)cnc12	0.036550
rxn:4:182737:228815	CSc1ccc(-c2cc3c(cc2Cl)CCO3)c(Cl)c1	0.036550
rxn:4:221866:229019	Cc1ccc(-c2cnn(-c3ncccn3)n2)c(C)n1	0.036548
rxn:4:189069:228393	COc1c(F)cc(F)cc1-c1ccc(C(C#N)C(C)C)cc1	0.036547
rxn:4:203361:228182	Cn1cc(-c2cccc(CC(F)F)c2)c(OCC2CCC2)n1	0.036547
rxn:4:220722:229083	Cc1cn(-c2cc(-c3cnc(C(C)C)o3)ncn2)cn1	0.036541
rxn:4:217677:228347	CC(C)c1nnc2c[nH]cc(-c3cnc(N4CCC4)nc3)c1-2	0.036541
rxn:4:179445:227902	CCc1cc(-c2c(C(=O)OC)ccc(F)c2C)ccc1C#N	0.036540
rxn:4:179447:227948	CCS(=O)(=O)c1ccc(F)c(-c2cc(C3CC3)cnc2C)c1	0.036538
rxn:4:198438:229122	Cc1ncc(-c2nc3ccc(Cl)cc3o2)cc1Cl	0.036537
rxn:4:195914:229211	Cc1ncccc1-c1ccc(-c2cc(Cl)on2)cc1	0.036535
rxn:4:220583:228756	CSc1ccc(-c2cn(-c3cncs3)nn2)c(C)n1	0.036523
rxn:4:181121:223418	CSc1cc(-c2c[nH]cc3nccc2-3)cc(F)c1Cl	0.036518
rxn:4:218489:228554	CCOc1ccccc1-c1nn(C)c2cnc(C)cc12	0.036517
rxn:4:198462:228153	COc1cc(OC)cc(-c2cc3ncoc3cc2F)c1	0.036514
rxn:4:176589:228363	CCOC(=O)c1ccc(Cl)cc1-c1cnc(N(C)C)cc1F	0.036514
rxn:4:182601:228639	Cc1ccc(C)c(-c2ccc(C)c(F)c2C)c1C	0.036513
rxn:4:183064:228095	O=C1CCCc2c1cc(Cl)cc2-c1cccc(OCCF)c1	0.036510
rxn:4:220752:228995	CCc1cncc(-c2cn(-c3ccc(C)nc3)nn2)c1	0.036504
rxn:4:216966:229066	CCc1ncncc1-c1ccncc1-n1ccc(C)n1	0.036504
rxn:4:215497:229019	Cc1ccc(-c2cnn(Cc3ccccn3)c2)c(C)n1	0.036503
rxn:4:210180:228685	COCc1cncc(-c2c(OC)ccn3nccc23)c1	0.036501
rxn:4:198752:229255	Fc1cnccc1-c1cccc2cncc(Cl)c12	0.036499
rxn:4:191399:229008	N#Cc1ccc(-c2ccc(CF)cc2)cc1C(F)(F)F	0.036499
rxn:4:181339:228977	Cc1ccc(-c2ccc3c(c2)CC3)cc1C(F)(F)F	0.036498
rxn:4:179996:228200	Cc1cc(-c2ccnn2C2CCCC2)c(OC(C)C)cc1F	0.036495
rxn:4:177170:228511	CCc1cc(C(=O)OC)cc(-c2ccc(C3CC3)cc2)c1	0.036485
rxn:4:177144:228511	CCc1cc(C(=O)OC)ccc1-c1ccc(C2CC2)cc1	0.036485
rxn:4:176534:223393	CC(=O)OCc1cccc(-c2c[nH]c3ccccc23)c1	0.036485
rxn:4:198356:228187	COCc1ccc(-c2snc3ccccc23)c(Cl)c1	0.036482
rxn:4:216740:228194	Cc1nn(C(C)C)c(C)c1-c1c[nH]nc1-c1ccc(F)cn1	0.036472
rxn:4:179808:228125	COC(=O)c1cc(-c2ccnc(OC(C)C)c2)c(C)cc1C	0.036470
rxn:4:216483:227910	CCC(C)c1ccc(-c2ncc(-n3cccn3)s2)cn1	0.036469
rxn:4:192523:227808	CN(C)Cc1c(F)cc(-c2ccc3c(c2)CCCC3)cc1F	0.036468
rxn:4:180954:228272	COc1c(C)ccc(-c2ccc(F)c(C(F)F)c2)c1F	0.036467
rxn:4:179456:228231	COc1ccc(-c2ccc(N(C)C)cc2F)c(F)c1C(C)=O	0.036462
rxn:4:211746:228592	CC(C)c1cncc(-c2cccc3cncnc23)c1	0.036460
rxn:4:218244:228313	COc1ccc(-c2cnn3ccc(C)nc23)c(OC)n1	0.036458
rxn:4:208558:228778	COc1cccc(-c2cc(-c3nccs3)ccn2)c1F	0.036456
rxn:4:192003:228082	COc1nc(-c2ccnn2CCC(C)C)ccc1C(C)=O	0.036453
rxn:4:188037:228035	Cn1cc(-c2ccccc2OCC#N)c2cccnc21	0.036452
rxn:4:216667:229088	CC(=O)c1csc(-c2csc(-n3cc(C)cn3)n2)c1	0.036448
rxn:4:216688:228568	CN(C)c1cccc(-c2nccn2-c2cccnc2)c1	0.036448
rxn:4:181393:228847	CSc1ccc(-c2c(C)cc(Cl)cc2F)cc1C	0.036447
rxn:4:216481:228437	Fc1cc(C(F)F)ccc1-c1cnc(-n2cccn2)s1	0.036444
rxn:4:210137:227825	COc1n[nH]c2cccc(-c3cccc(C4CCC4)c3)c12	0.036443
rxn:4:188079:228410	CCOC(=O)c1nc(Cl)sc1-c1ccc(OC)c(F)c1Cl	0.036436
rxn:4:218449:228697	COCc1cc(-c2cnc3ncc(C)nc3c2)ccn1	0.036435
rxn:4:205118:228855	COc1cnc(C#N)c(-c2cnc3ccnn3c2)c1	0.036424
rxn:4:176971:228851	CCC(=O)Cc1cccc(-c2ccn3ncnc3c2)c1	0.036418
rxn:4:218201:229121	Cc1c(F)cncc1-c1ccnc2nccnc12	0.036416
rxn:4:212230:228680	CCCn1nc(C)cc1-c1cnc2ncc(C)cc2c1	0.036409
rxn:4:218049:228363	CN(C)c1cc(F)c(-c2cc(Cl)nn3ccnc23)cn1	0.036404
rxn:4:209012:229146	COCn1cc(-c2cnc(-c3ccccc3)cn2)cn1	0.036403
rxn:4:188368:227953	CCSc1ccc(-c2ccc(N(C)C)cc2C)cc1C#N	0.036400
rxn:4:211293:228299	CCOC(=O)c1csc(-c2csc3nccnc23)c1	0.036400
rxn:4:178876:228885	N#Cc1ncc(-c2ccc(Cl)cc2CC(F)(F)F)cc1F	0.036394
rxn:4:212003:223435	COC(=O)c1ccc(-c2cc(C)c3cc[nH]c3n2)[nH]1	0.036390
rxn:4:176376:228366	CN(C)c1ncc(-c2ccc(OCC(F)(F)F)cc2)cc1F	0.036389
rxn:4:179950:228414	COc1ccc(-c2cc(Cl)c(F)c(OC)c2)c(C(C)C)c1	0.036384
rxn:4:206015:228048	CCn1c(-c2cnc3c(ccn3C)c2)cnc1C(C)C	0.036377
rxn:4:218484:229216	Cc1cnc2c(-c3ccccc3F)c(C)nn2c1	0.036376
rxn:4:180947:229007	CSc1cccc(-c2cc(Cl)cc(C(F)F)c2)c1	0.036375
rxn:4:212014:228293	Cc1ccn2cncc2c1-c1cnn(CCN(C)C)c1	0.036375
rxn:4:208221:227846	CC(=O)n1cnc(-c2cn(C)c3ccccc23)c1	0.036370
rxn:4:212364:227919	CCOc1cc(C)cc(-c2cc3cc(C)[nH]c3nc2C)c1	0.036368
rxn:4:211304:228753	N#Cc1c(F)cccc1-c1ccc2ocnc2n1	0.036364
rxn:4:212244:223445	COc1cc[nH+]cc1-c1ccc2c(Cl)nnc(C)c2c1	0.036363
rxn:4:188399:228436	CCOC(=O)c1nc(-c2c(OC)ccc(F)c2Cl)ccc1F	0.036360
rxn:4:208899:228109	CCc1cc(-c2c[nH]nc2-c2ccc(F)cc2)cc(C#N)n1	0.036358
rxn:4:211690:229107	Cc1cncc(F)c1-c1ccc2cccnc2n1	0.036358
rxn:4:220788:228360	CC(C)c1ncc(-c2cnc(N3CCOCC3)nn2)c(Cl)n1	0.036349
rxn:4:176958:228857	c1cn2cc(-c3ccc(OCC4CC4)cc3)cnc2n1	0.036348
rxn:4:212038:228107	CCC(C)c1ncncc1-c1cccn2cc(C)nc12	0.036347
rxn:4:179451:227932	COCc1ccc(C)c(-c2ccc(F)c(C(=O)OC)c2C)c1	0.036342
rxn:4:191818:228395	COc1cnc(-c2cc(F)c(F)cc2OC)c(C(F)(F)F)c1	0.036342
rxn:4:202863:228801	CCOC(=O)c1n[nH]cc1-c1ccc(F)cc1SC	0.036333
rxn:4:188339:227890	CCOCc1cccc(-c2nc(C)oc2C(=O)OCC)c1	0.036332
rxn:4:177126:228187	COCc1ccc(-c2cc(OC)c(OC)c(OC)c2)c(Cl)c1	0.036327
rxn:4:179255:228673	COc1cc(F)cc(OC)c1-c1cccc2nscc12	0.036326
rxn:4:181830:227890	CCOCc1cccc(-c2cc(C3(C)CCO3)ccc2F)c1	0.036316
rxn:4:188415:228018	CCOC(=O)c1ncc(F)cc1-c1cc(F)cc(C2CC2)c1	0.036313
rxn:4:220754:229068	COc1ccncc1-c1cnc(-n2cnnc2)cc1C	0.036309
rxn:4:197484:223342	CCn1ccc2cc(-c3ccc4c(c3)OCCN4)ccc21	0.036306
rxn:4:196945:229037	Cc1ccc(-c2ccnc(C3CCCCC3)c2)cc1F	0.036290
rxn:4:179391:228571	CC(c1cccc(-c2ccc(N(C)C)cc2)c1)C(F)(F)F	0.036285
rxn:4:197126:229264	COc1cc2sc(Cl)nc2cc1-c1cnccc1Cl	0.036284
rxn:4:192215:228060	COc1cc(-c2ccc3nc(C)sc3c2)ccc1S(N)(=O)=O	0.036280
rxn:4:198393:228267	COc1c(C)ccc(F)c1-c1ccc2cnsc2c1	0.036276
rxn:4:216538:228547	CCCc1ccncc1-c1coc(-c2cnccn2)n1	0.036271
rxn:4:221039:228971	Cc1cn2ncnc2c(-c2csc(C(F)(F)F)c2)n1	0.036263
rxn:4:220761:228009	Cc1cc(-c2nn[nH]n2)ccc1-c1ccc(C2CC2)c(F)c1	0.036261
rxn:4:218374:228421	COc1cc(Cl)cc(-c2ccc3nnc(C)n3c2)c1F	0.036260
rxn:4:215367:228659	CCc1nc(C#N)c(-c2ccc3cncn3c2)nc1Cl	0.036256
rxn:4:191318:228363	CN(C)c1cc(F)c(-c2ncc(OC(F)(F)F)cc2Cl)cn1	0.036244
rxn:4:209357:229054	COCc1cc(-c2cccc(-c3ccn(C)n3)c2)cs1	0.036238
rxn:4:188364:228268	CCOc1cc(C#N)cc(-c2ccc(C)c(F)c2SC)c1	0.036234
rxn:4:208590:228595	CCc1ncc(C)cc1-c1ccc(-c2ccco2)nn1	0.036234
rxn:4:176978:223298	CCOc1cc(OC)cc(-c2cc3cccc(C)c3[nH]2)c1	0.036232
rxn:4:211661:227953	Cc1cc(N(C)C)ccc1-c1nc2c(Cl)cc(F)cc2[nH]1	0.036230
rxn:4:208427:228520	Cc1cc(C)c(-c2cn(-c3ccoc3)cn2)cc1C	0.036229
rxn:4:183098:228150	COC(=O)c1ccc(-c2cc(C)cc3c2OCCC3=O)cc1	0.036221
rxn:4:192502:228014	CN(C)Cc1cccc(-c2cccc(C3CC3)c2Cl)c1F	0.036220
rxn:4:211778:228933	COc1cc(F)c(-c2cnc3cc(Cl)cnc3c2)cn1	0.036218
rxn:4:220863:223445	COc1cc[nH+]cc1-c1cn2ncnc2c(OC)n1	0.036217
rxn:4:181701:223321	Cc1ccc(-c2ccc(C3CCCC3)o2)c2cn[nH]c12	0.036213
rxn:4:211973:228822	Cc1ccc(Cl)c(-c2c(C)[nH]c3cnccc23)c1F	0.036209
rxn:4:188106:227854	Cn1ccc2cc(-c3cncc(OCCF)c3)ccc21	0.036206
rxn:4:178620:228275	COc1c(F)cc(C)cc1-c1ccc(SC(F)F)cc1	0.036205
rxn:4:198711:229255	Fc1cnccc1-c1cncc2c(F)cccc12	0.036193
rxn:4:220618:229059	N#Cc1ccncc1-c1cnc(-n2ccnc2)cn1	0.036191
rxn:4:182619:228888	N#Cc1cc(-c2ccc3ccoc3c2)c(F)cn1	0.036190
rxn:4:191387:223326	Cc1n[nH]c2c(-c3ccc(C(F)F)cc3C#N)cccc12	0.036184
rxn:4:211451:228553	CCSc1ccc(-c2cc(Cl)cc3[nH]cnc23)cc1	0.036182
rxn:4:211560:227837	Cc1cc(-c2cc(F)cc3[nH]ncc23)cc(C2CC2)c1	0.036181
rxn:4:192281:228188	CCOc1c(Cl)cccc1-c1cc(CC)nc(C(C)=O)c1	0.036179
rxn:4:179566:223366	CCOc1ccc(C)c(F)c1-c1cc(Cl)c2cn[nH]c2c1	0.036160
rxn:4:192992:228642	Cc1cc(Cl)c(-c2cc(C)c(F)c(CN(C)C)c2)cc1C	0.036157
rxn:4:217258:228785	COc1cc(Cl)ccc1-c1cnc2cc(C#N)ccn12	0.036135
rxn:4:218240:228216	Cn1nnc2cc(-c3cncc(C4CC4)c3Cl)ccc21	0.036127
rxn:4:179664:228619	CCc1cc(-c2ccc(C(=O)C(C)C)cc2)ccc1F	0.036127
rxn:4:217497:223309	CC(C)Nc1ccc(-c2cnc3c(C#N)cn(C)c3c2)cc1	0.036126
rxn:4:217451:229083	CSc1nc(-c2cnc(C(C)C)o2)c2cccn2n1	0.036118
rxn:4:192160:227845	COCc1cc(C)c(-c2cccc3cnccc23)cn1	0.036114
rxn:4:188130:228277	COc1ccc(F)c(C)c1-c1cccc(OCC(F)(F)F)n1	0.036113
rxn:4:208560:228599	COc1ccc(-c2ncc(-c3ccccn3)s2)cc1C	0.036111
rxn:4:217436:229006	COc1cn2c(-c3ccc(SC)cc3)cnc2cn1	0.036110
rxn:4:208933:229055	N#Cc1cncc(-c2cc(Cl)ccc2-n2ccnc2)c1	0.036110
rxn:4:220863:228544	COc1nc(-c2ccc(CC#N)cc2)cn2ncnc12	0.036106
rxn:4:209907:229207	Cc1cc(-c2cnc3cc(C#N)oc3c2)ccn1	0.036102
rxn:4:196008:223326	CC(=O)c1ccc(C)nc1-c1cccc2c(C)n[nH]c12	0.036095
rxn:4:192052:228282	CC(F)(F)c1ccccc1-c1cc(C#N)ccc1C1CC1	0.036083
rxn:4:218390:228580	Cc1cc(Cl)c2nc(-c3cccnc3C3CC3)nn2c1	0.036078
rxn:4:198880:223311	Cc1cc(-c2cccc(C3CNC3)c2)cc2[nH]ccc12	0.036073
rxn:4:177004:228317	COC(=O)c1ccc(-c2cc(F)ccc2OCC2CC2)cn1	0.036069
rxn:4:176355:228476	FCCOc1ccc(-c2cccnc2C(F)(F)F)cc1Cl	0.036064
rxn:4:179191:228666	CC(=O)Cc1cc(-c2ccc3ocnc3c2)ccc1Cl	0.036060
rxn:4:179569:228238	CCOc1cc(F)c(-c2cnc(C(C)C)c(Cl)c2)cc1C	0.036052
rxn:4:217489:228511	Cc1c(C#N)cnc2[nH]cc(-c3ccc(C4CC4)cc3)c12	0.036046
rxn:4:181471:227972	CSc1ccc(-c2cncc(C3CCC3)c2)c(F)c1C	0.036044
rxn:4:197213:223399	CNCc1ccccc1-c1cc(Cl)c(OC)c2cc[nH]c12	0.036042
rxn:4:218219:228605	COc1c(C)cccc1-c1ccc2nc(Cl)nnc2c1	0.036038
rxn:4:198534:228345	COC(=O)c1sc(C)cc1-c1cc2cc[nH]c2cc1F	0.036033
rxn:4:196013:228023	c1cnc2cc(-c3cnc(C4CCCO4)s3)ccc2n1	0.036031
rxn:4:216531:228724	N#Cc1ccc(-c2cncc(-c3ncco3)n2)c(Cl)c1	0.036022
rxn:4:220667:228309	COc1cc(-c2ccc(F)cc2-c2nn[nH]n2)cc(C#N)n1	0.036019
rxn:4:179401:228552	CCOc1cccc(-c2cc(C(C)=O)cc(OC)c2Cl)c1	0.036013
rxn:4:211766:228701	Clc1nncc2ccc(-c3cnc(C4CC4)nc3)cc12	0.036012
rxn:4:176372:228868	COC(=O)c1ccc(-c2cccc(OCC(F)F)c2Cl)s1	0.036011
rxn:4:188850:227997	CCOC(=O)c1cc(C)c(-c2cc(C3CC3)ccc2F)cn1	0.036010
rxn:4:208711:228045	Cc1nn(C)c(C(F)F)c1-c1cnc2ccn(C)c2c1	0.036006
rxn:4:177129:228477	CC(C)OC(=O)c1ccc(-c2cnccc2C(F)(F)F)cc1	0.036003
rxn:4:194995:228856	N#Cc1ccc(Cl)c(-c2cnn3cccnc23)c1F	0.036000
rxn:4:203064:228543	CCCCc1ccsc1-c1ncc(C(=O)OCC)nc1C	0.035998
rxn:4:205223:228067	CN(C)C(=O)c1cnc(-c2cc3ccc(F)cc3s2)s1	0.035997
rxn:4:185939:227900	CCOC(=O)Cc1ccncc1-c1ccccc1C(C)C#N	0.035997
rxn:4:218326:227884	CCCSc1ccc(-c2c(C)ccc3[nH]nnc23)cc1	0.035993
rxn:4:213498:229153	COCn1nc(-c2cnn(C)c2C#N)nc1C(=O)OC	0.035978
rxn:4:208735:223307	O=c1ccccn1-c1ncc(-c2ccc3c(c2)CCNC3)s1	0.035971
rxn:4:210356:228992	CC(=O)c1c[nH]c2ncc(-c3cccc(C#N)c3)cc12	0.035968
rxn:4:183050:228261	CSc1ccc(F)c(C)c1-c1ccc2c(c1C)OCCO2	0.035967
rxn:4:209993:223352	CC(C)Nc1ccc(-c2cccc3ccnc(C#N)c23)cn1	0.035966
rxn:4:195785:228359	CSc1ccc(-c2cnn(-c3ccco3)c2)c(C)n1	0.035956
rxn:4:212344:229234	CSc1ccc(-c2cn(C)c3cnc(C)cc23)s1	0.035956
rxn:4:218049:228225	Clc1cnc(C2CC2)c(-c2cc(Cl)nn3ccnc23)c1	0.035955
rxn:4:196651:223373	Fc1ccc2[nH]ncc2c1-c1ccncc1C1CCCC1	0.035954
rxn:4:182536:228011	Cc1cc(-c2c(Cl)cccc2C2CC2)c(F)cc1F	0.035951
rxn:4:179990:227945	Cc1cc(-c2c(C)ccc(F)c2OC(C)C)ccc1N(C)C	0.035948
rxn:4:176980:228769	CCOc1c(SC)cccc1-c1cc(Cl)cnc1CC	0.035935
rxn:4:177024:223364	CC(=O)CCc1cc(-c2cnc3[nH]cc(F)c3c2)ccc1F	0.035927
rxn:4:218374:228252	COc1ccc(C)c(F)c1-c1ccc2nnc(C)n2c1	0.035920
rxn:4:209238:227884	CCCSc1ccc(-c2nsc(C3CCOCC3)n2)cc1	0.035911
rxn:4:216919:223389	Cc1n[nH]c(C(F)(F)F)c1-c1cncc(-n2ccnc2C)c1	0.035911
rxn:4:208607:229074	CSc1ncccc1-c1nsc(-c2ccccc2)n1	0.035898
rxn:4:210167:228809	COc1cccc2c(-c3cc(SC)ccc3Cl)n[nH]c12	0.035891
rxn:4:211536:228616	CSc1ccc(-c2cnc3c(Cl)cc[nH]c2-3)c(C)c1	0.035890
rxn:4:216543:228838	Cc1cc(F)cc(Cl)c1-c1ccc(-c2ncon2)nc1	0.035888
rxn:4:211618:228403	COc1c(F)ccc(-c2ccc3ncc(F)n3c2)c1F	0.035882
rxn:4:207281:227952	CCOc1ccc(-c2cc(C)c(C#N)cc2C)c2cn[nH]c12	0.035877
rxn:4:177033:223325	CCOc1c(F)cc(-c2cccc3[nH]nc(C)c23)cc1OC	0.035877
rxn:4:198890:228135	CCOc1cc(C)ncc1-c1cc2ccccc2n1C	0.035873
rxn:4:177147:228172	CCOc1cccc(-c2ccccc2CC(=O)C2CC2)c1F	0.035871
rxn:4:217511:229302	Cn1nc2ccc(-c3ccnnc3)cc2c1C#N	0.035871
rxn:4:217094:228441	CSc1ccc(-c2nnc(C)n2C2CCCC2)c(Cl)c1F	0.035867
rxn:4:188413:228338	CCOC(=O)c1c(F)cncc1-c1cnc(OC2CCC2)s1	0.035866
rxn:4:216971:223307	Cn1cc(-c2ccc(-c3ccc4c(c3)CCNC4)nc2)cn1	0.035861
rxn:4:211511:229004	CSc1ccccc1-c1cc2ccc(Cl)cn2n1	0.035860
rxn:4:188557:228085	COC(=O)c1c(-c2ccccc2OCC#N)noc1C1CC1	0.035858
rxn:4:183221:228218	CC1(C)CCc2cc(-c3cc(C4CC4)ncc3F)ccc2O1	0.035852
rxn:4:218484:228717	Cc1cnc2c(-c3cn(C4CC4)nc3C)c(C)nn2c1	0.035850
rxn:4:211653:228746	N#Cc1cccc(-c2n[nH]c3c(F)cc(Cl)cc23)c1Cl	0.035845
rxn:4:216907:228250	c1coc(-c2ccc(-c3nncn3C3CCCC3)s2)c1	0.035844
rxn:4:211960:228357	COc1nc(C)c(-c2nc(C)n3ccccc23)c(C)n1	0.035839
rxn:4:210317:229029	CC(=O)c1c[nH]c2cncc(-c3ccc(F)c(C)c3)c12	0.035839
rxn:4:196003:223332	CC(=O)c1ccc(C)c(-c2cc3cc(F)ccc3[nH]2)n1	0.035839
rxn:4:188556:228299	CCOC(=O)c1csc(-c2cc(C(=O)OC)c(OC)cn2)c1	0.035835
rxn:4:218459:228764	COc1nccc(-c2cncc3nc(C)n(C)c23)c1C	0.035834
rxn:4:198278:227847	Cc1c(F)ccnc1-c1cnc2ccccc2c1	0.035831
rxn:4:208432:227872	O=C1CCc2cc(-c3csc(-n4cccc4)n3)ccc21	0.035831
rxn:4:208205:228847	CSc1nccc(-c2c(C)cc(Cl)cc2F)n1	0.035816
rxn:4:181841:228840	Cc1cc(-c2c(F)ccc(F)c2C)ccc1C(C)C	0.035810
rxn:4:181386:227840	Cc1cccc(-c2ccccc2C2CC2)c1C1CC1	0.035806
rxn:4:217437:228542	CCCCc1ccc(-c2cnc3cncc(OC)n23)s1	0.035804
rxn:4:205659:223380	CN(C)S(=O)(=O)c1ccc(-c2ccc3oc(=O)[nH]c3c2)cn1	0.035800
rxn:4:209740:227818	CCC(C)c1cccc(-c2cnc(C)n2C2CCCCO2)c1	0.035796
rxn:4:196594:228039	Cc1c(-c2cnc3ccccc3n2)ccc(S(N)(=O)=O)c1C	0.035796
rxn:4:198757:229005	COc1ccccc1-c1ccc2cncc(Cl)c2c1	0.035796
rxn:4:191290:228316	CCOc1ncc(Cl)cc1-c1ncccc1SC(F)(F)F	0.035795
rxn:4:195882:228774	COc1cccc(F)c1-c1ccccc1-c1ccno1	0.035795
rxn:4:210654:228547	CCCc1ccncc1-c1ccc2[nH]nc(C(C)C)c2c1	0.035795
rxn:4:188317:223297	COC(=O)Cc1nc(-c2cc3cc(C)ccc3[nH]2)sc1C	0.035788
rxn:4:191576:228854	COc1c(-c2ccn3cnnc3c2)ccc(F)c1C#N	0.035782
rxn:4:211555:228133	N#CCc1cc(-c2cnc3c(F)cccn23)ccc1F	0.035776
rxn:4:215619:223363	Cc1n[nH]c2ncc(-c3cncc(OC4CN(C)C4)n3)cc12	0.035775
rxn:4:205610:228386	CCN(C)c1ccncc1-c1cc(-c2nccs2)cs1	0.035770
rxn:4:213510:228165	CCOc1ccc(F)c(-c2cnc(OCCN(C)C)cn2)c1	0.035761
rxn:4:198423:228082	CC(C)CCn1nccc1-c1cccc2oc(Cl)nc12	0.035761
rxn:4:210364:223443	CNc1ccc(-c2ccc3[nH]nc(C(C)=O)c3c2)cn1	0.035751
rxn:4:177432:229013	Cc1cc(OCC2CC2)cc(-c2sccc2C2CC2)c1	0.035749
rxn:4:210646:227981	CC12CC(c3cncc(-c4ccc(C5CC5)cc4Cl)n3)(C1)C2	0.035745
rxn:4:198396:228422	COc1c(Cl)ccc(F)c1-c1cnc2ccsc2c1	0.035744
rxn:4:181126:228027	COc1c(F)ccc(F)c1-c1ccc2cncnc2c1	0.035741
rxn:4:194008:228702	COC(=O)c1cc2sc(-c3cncnc3C(C)C)cc2[nH]1	0.035740
rxn:4:197476:228788	CCc1c[nH]c2cccc(-c3cc(Cl)ccc3OC)c12	0.035737
rxn:4:220765:228071	Cc1ccc(-c2nn[nH]n2)cc1-c1cccc2c1OCCO2	0.035736
rxn:4:210405:229134	CCn1cnc2ccc(-c3cc(F)ccc3F)cc21	0.035734
rxn:4:191563:228664	COc1c(F)cc(-c2ccc3scnc3c2)cc1C#N	0.035732
rxn:4:221039:227833	CCc1cc(C)cc(C)c1-c1nc(C)cn2ncnc12	0.035730
rxn:4:191732:227990	Cc1ccnc(-c2ccc(Cl)cc2C(C)C)c1OC(F)F	0.035725
rxn:4:192131:227848	CC(C)Oc1ccc(-c2cccc3cccnc23)nc1	0.035725
rxn:4:198600:228125	CC(C)Oc1cc(-c2ccc3ccncc3c2)ccn1	0.035725
rxn:4:179668:227963	CC(C)C(=O)c1cccc(-c2ccnc(C(C)(C)C)c2)c1	0.035718
rxn:4:180085:229015	COC1(c2ccc(-c3ccsc3C(C)C)cc2)CCC1	0.035711
rxn:4:183022:227812	CC(C)Cc1cccc(-c2cccc3c2C(C)CC3=O)c1	0.035706
rxn:4:179667:227962	CCC(=O)c1ccc(-c2cc(C)nc(C3CC3)c2)cc1C	0.035705
rxn:4:202994:228033	CCOC(=O)c1nc(-c2ccc3ncn(C)c3c2)[nH]c1C	0.035701
rxn:4:211466:228231	CN(C)c1ccc(-c2cnc3c(Cl)cccn23)c(F)c1	0.035698
rxn:4:181387:227843	COc1cccc(C)c1-c1cncc2ccccc12	0.035689
rxn:4:195717:223432	NS(=O)(=O)c1cc(F)c(F)cc1-c1cccc2nn[nH]c12	0.035685
rxn:4:217013:229133	Cc1nc(-n2cccn2)ccc1-c1cc(F)cc(F)c1	0.035681
rxn:4:211611:228255	COc1c(-c2cn3ccnc3cc2F)ccc(C)c1F	0.035675
rxn:4:195716:228031	Cn1cc2cc(-c3cc(S(N)(=O)=O)c(F)cc3F)ccc2n1	0.035675
rxn:4:216754:228101	N#Cc1cc(C#N)cc(-c2nn[nH]c2-c2ccccc2F)c1	0.035674
rxn:4:209233:228672	c1cc2cnoc2cc1-c1ccc(C2CCCO2)nn1	0.035673
rxn:4:212045:228139	COc1cc(C#N)cc(-c2cncc3ccn(C)c23)c1	0.035671
rxn:4:191463:228661	COC(=O)c1nc(-c2ccc3ncsc3c2)sc1C	0.035665
rxn:4:216929:229022	Cc1ccn(-c2cncc(-c3cncc(C)c3C)c2)n1	0.035663
rxn:4:192044:223328	COc1ncc(-c2cnc3[nH]cc(C)c3c2)cc1C(C)=O	0.035656
rxn:4:211897:228347	Cc1cccc2ncc(-c3cnc(N4CCC4)nc3)n12	0.035653
rxn:4:218474:228578	Cc1nc2c(C)cc(-c3ccc(C4CC4)nc3)cn2n1	0.035651
rxn:4:181464:227923	CCOc1ccc(C)cc1-c1cc(C)cc(SC)c1F	0.035649
rxn:4:188573:228863	COCCn1cc(-c2ccc(C(=O)OC)nc2OC)cn1	0.035646
rxn:4:211339:229170	Cc1nc(Cl)ncc1-c1ccc(Cl)c2nsnc12	0.035646
rxn:4:208719:228042	Cn1c(-c2cnc(C3COC3)nc2)cc2cccnc21	0.035642
rxn:4:191839:228285	Cc1cc(-c2ccc3nnc(C)n3c2)ccc1CC#N	0.035640
rxn:4:177825:228397	COc1cc(-c2ccc(COC(C)C)cc2C)cc(F)c1F	0.035638
rxn:4:216652:228310	CCCc1nc(Cl)ncc1-c1ccc(-c2cc[nH]n2)cn1	0.035633
rxn:4:191826:228342	COc1cc(-c2cccc(OC(F)F)c2)cnc1C(F)(F)F	0.035633
rxn:4:208653:222421	NS(=O)(=O)c1cncc(-c2nnc(-c3ccc(F)cc3)o2)c1	0.035631
rxn:4:212301:223313	Cc1cc2nc(-c3ccc(C4(O)CC4)cc3)[nH]c2cc1C	0.035627
rxn:4:199033:223376	CN1C(=O)Cc2ccc(-c3c(Cl)ccc4[nH]ncc34)cc21	0.035626
rxn:4:198494:223363	Cc1n[nH]c2ncc(-c3ccc4c(c3)C(=O)C(Cl)=N4)cc12	0.035613
rxn:4:198622:228876	FC1CC1n1cc(-c2ccc3c(Cl)ccnc3c2)cn1	0.035608
rxn:4:178901:229085	FCc1ccc(-c2scnc2C2CC2)c(C(F)(F)F)c1	0.035607
rxn:4:218206:228190	Cc1cc(N(C)C)ncc1-c1ncnc2ncccc12	0.035605
rxn:4:185954:223329	CCCOc1c(C#N)cccc1-c1c(C)ccc2cn[nH]c12	0.035604
rxn:4:182527:228260	Cc1cc(F)c(Cl)cc1-c1cccc(C(C)(F)F)c1	0.035603
rxn:4:208440:228660	CS(=O)(=O)c1ncc(-c2ccc3nscc3c2)cn1	0.035602
rxn:4:215406:228323	CCOc1nccc(-c2cnccc2Oc2cn[nH]c2)c1F	0.035592
rxn:4:179551:227935	CCOc1ccc(-c2ccc(OC)c(CC)c2)c(C)c1Cl	0.035591
rxn:4:191349:228050	Cn1ccc2cncc(-c3cccc(F)c3CC#N)c21	0.035591
rxn:4:209283:228024	Cc1ncc(-c2cccc3cnn(C)c23)n1C1CCC1	0.035584
rxn:4:182522:228288	Cc1ccc2nc(-c3cc(C)c(Cl)cc3F)nn2c1	0.035579
rxn:4:218324:228847	Cc1cc(-c2c(C)cc(Cl)cc2F)n2ncnc2c1	0.035579
rxn:4:209262:228537	c1cc(-c2cnn(C3CCCC3)c2)c2ccoc2c1	0.035578
rxn:4:216484:228008	Clc1cc(-c2cn(-c3cncs3)cn2)cc(C2CC2)c1	0.035576
rxn:4:217110:223374	CN1CCN(c2nc(-c3ccc4c(Cl)n[nH]c4c3)cs2)CC1	0.035572
rxn:4:218229:228996	CCc1cc(-c2nc3c(C)nc(Cl)nc3s2)ccn1	0.035566
rxn:4:211745:228205	CN(C)c1ccc(-c2ccc3ncncc3c2)cc1Cl	0.035564
rxn:4:188383:228106	CCOC(=O)c1cc(Cl)cnc1-c1cnc(C(C)CC)nc1	0.035561
rxn:4:192710:228342	FC(F)Oc1cccc(-c2ccc(CN3CCC3)c(Cl)c2)c1	0.035559
rxn:4:212129:229216	Cn1c(F)nc2cc(-c3ccccc3F)ccc21	0.035559
rxn:4:182681:227940	CCc1cc(SC)cc(-c2ccc3c(c2)OC(F)(F)O3)c1	0.035558
rxn:4:211732:228272	COc1c(C)ccc(-c2ncnc3c(C)csc23)c1F	0.035555
rxn:4:185704:228095	N#CCC(=O)Cc1cccc(-c2cccc(OCCF)c2)c1	0.035553
rxn:4:216698:228575	Cc1cc(-c2ccc(-n3cnnc3)cc2)ccc1C#N	0.035550
rxn:4:208869:228718	Cc1ncc(C#N)cc1-c1ccccc1-n1ccnc1	0.035550
rxn:4:199196:229122	Cc1ncc(-c2cccc3c(C)c(C)[nH]c23)cc1Cl	0.035548
rxn:4:208958:228040	Cc1cc(-c2ccnc3ccncc23)nc(C2CC2)n1	0.035544
rxn:4:202934:223318	CCOC(=O)c1cnnc(-c2ccnc3[nH]c(C)cc23)c1	0.035543
rxn:4:188087:227885	CCCOc1cccc(-c2ccc(C#N)cc2OC(F)F)c1	0.035542
rxn:4:179002:228002	CCOc1cc(-c2sccc2C2CCCC2)ccc1F	0.035538
rxn:4:199039:229325	Cc1cccc2c(-c3cscc3Cl)cncc12	0.035536
rxn:4:212029:227832	Cc1cc(C2CC2)ccc1-c1cnc2[nH]ccc2c1C	0.035532
rxn:4:211459:228465	COC(=O)c1sc(-c2c(Cl)cnc3[nH]ccc23)cc1Cl	0.035528
rxn:4:188832:223392	CCc1ccnc(-c2ccc3[nH]ccc3c2)c1C(=O)OC	0.035524
rxn:4:218351:228939	Cc1cc2c(-c3c(F)cc(F)cc3F)ncnn2c1	0.035520
rxn:4:220298:228976	N#CC1CN(c2ncc(-c3ccc4c(c3)C=C4)cn2)C1	0.035516
rxn:4:210638:228087	CC(C)c1ccc2[nH]ncc2c1-c1ccc(OCC#N)cc1	0.035502
rxn:4:209615:223303	Cc1cc2c(-c3cnc(C4CCCOC4)cn3)cccc2[nH]1	0.035499
rxn:4:208735:228594	CCc1cc(-c2cnc(-n3ccccc3=O)s2)cc(C)n1	0.035498
rxn:4:211819:229197	FC(F)n1cc(-c2ccc3ncnc(Cl)c3c2)cn1	0.035497
rxn:4:198886:228091	CCN(CC)c1ccc(-c2c[nH]c3ccc(C)cc23)s1	0.035496
rxn:4:216922:228934	COc1cc(Cl)c(-c2cnn(C)c2-c2ccccn2)cn1	0.035482
rxn:4:181522:223316	CC(=O)c1c(C)cccc1-c1ccc2[nH]nc(C)c2c1	0.035482
rxn:4:209004:228993	Cc1nnc(-c2ccccc2-c2ccc(C#N)cc2)s1	0.035480
rxn:4:195811:227845	COc1ncc(-c2cccc3cnccc23)c(F)c1C	0.035480
rxn:4:198961:228927	COc1nccc(F)c1-c1cc(C)nc2ccccc12	0.035480
rxn:4:216726:228879	Clc1ccnc(-n2cnc(-c3ccnn3C3COC3)c2)c1	0.035474
rxn:4:181857:228084	CCCOc1ccc(-c2ccc(C(C)(C)C)c(Cl)c2)cn1	0.035474
rxn:4:210782:228392	FC(F)(F)c1ccc(-c2nc(C3CC3)n3c2CCCC3)cc1	0.035467
rxn:4:205060:223403	N#Cc1ncc(C(F)(F)F)cc1-c1ccc2cn[nH]c2c1	0.035464
rxn:4:208635:228760	CC(C)(C)c1ncc(-c2cccnc2-c2cncs2)o1	0.035459
rxn:4:183183:228413	COc1cc(-c2cc(C)c3c(c2)C(=O)CCC3)c(Cl)cc1F	0.035458
rxn:4:183066:228242	COc1cc(F)c(C)cc1-c1ccc2c(c1Cl)CCCC2=O	0.035458
rxn:4:218412:228319	COc1nccc(-c2cn3ncnc3c(Cl)c2C)c1OC	0.035445
rxn:4:211334:228576	Cc1ccc(C#N)cc1-c1nc2cc(Cl)cnc2s1	0.035440
rxn:4:211959:223344	Cc1ccc2[nH]cnc2c1-c1cccc2c1CC(=O)N2	0.035432
rxn:4:195839:228594	CCc1cc(-c2ccccc2-c2ccon2)cc(C)n1	0.035429
rxn:4:218445:223341	Cc1[nH]ccc2c(-c3ccc4c(c3)CC(=O)N4)nnc1-2	0.035427
rxn:4:179440:227890	CCOCc1cccc(-c2ccc(C)c(C(=O)OC)c2F)c1	0.035420
rxn:4:212299:228778	COc1cccc(-c2c(C)nc3cc(C)ccn23)c1F	0.035419
rxn:4:175117:228676	CCCCn1cc(-c2cc(COC)cc(COC)c2)cn1	0.035416
rxn:4:182751:223345	O=C1Cc2cccc(-c3ccc4ccoc(=O)c4c3)c2N1	0.035409
rxn:4:198883:229139	Cc1cc(-c2c(F)cccc2Cl)c2cc[nH]c2c1	0.035408
rxn:4:196245:227819	CCc1cc(CC)cc(-c2nccc(C3CCC3)c2F)c1	0.035408
rxn:4:202926:223328	COC(=O)Cc1ncc(-c2cnc3[nH]cc(C)c3c2)cn1	0.035402
rxn:4:179079:227898	Cc1cc(OC(F)(F)F)ccc1-c1cncc(CC(C)C)c1	0.035388
rxn:4:218135:228601	CC(=O)c1ccccc1-c1ncc(Cl)n2ccnc12	0.035385
rxn:4:209082:229128	Cc1ncc(Cl)cc1-c1cccnc1-c1ccncc1	0.035379
rxn:4:220780:223431	c1nc2[nH]ncc2cc1-c1n[nH]c(N2CCOCC2)n1	0.035376
rxn:4:208548:228987	Cc1cc(C)cc(-c2csc(-c3nc(C)cs3)n2)c1	0.035375
rxn:4:195592:228392	Cc1cnc(C(F)F)c(-c2ccc(C(F)(F)F)cc2)c1	0.035357
rxn:4:181642:229203	CCc1ccsc1-c1ccc(C(F)(F)F)c(C)c1C	0.035355
rxn:4:181859:228162	CCOc1c(F)cccc1-c1cc(C(C)(C)C)ccc1F	0.035345
rxn:4:182515:228057	Cc1nc2cc(-c3ccc(C)c(F)c3)ccc2o1	0.035341
rxn:4:195856:228585	c1cc(C2CC2)c(-c2cc(-c3ccoc3)ccn2)cn1	0.035338
rxn:4:192714:223322	Cc1cc2[nH]ncc2cc1-c1ccc(CN2CCC2)cc1Cl	0.035331
rxn:4:209899:229020	Cc1cc(-c2ccc3sc(C#N)nc3c2)cc(C)n1	0.035326
rxn:4:197111:228783	COc1ccc(Cl)c(-c2cc(OC)cc3ncsc23)c1	0.035324
rxn:4:220616:228393	COc1c(F)cc(F)cc1-c1cnn(-c2nnc(C)o2)c1	0.035323
rxn:4:195893:229009	c1ccc(-c2ccc(-c3cc(C4CC4)cs3)o2)nc1	0.035310
rxn:4:175112:223363	Cc1n[nH]c2ncc(-c3ccc(COCC4CC4)cc3)cc12	0.035310
rxn:4:212142:228583	CC(C)c1cc(-c2ccc3cnn(C)c3c2F)ccn1	0.035306
rxn:4:182855:223370	O=C1CCc2c(F)ccc(-c3ccc(F)c4[nH]ncc34)c21	0.035297
rxn:4:179417:228345	CCS(=O)(=O)c1ccc(-c2cc(C)sc2C(=O)OC)c(Cl)c1	0.035275
rxn:4:212297:228799	COc1c(Cl)cccc1-c1cccc2c1nc(C)n2C	0.035272
rxn:4:181208:228647	CC(=O)c1ccc(-c2cc(Cl)c(C)cc2C)cc1Cl	0.035261
rxn:4:211437:228088	CCCSc1ccc(-c2n[nH]c3ccc(Cl)cc23)cn1	0.035259
rxn:4:196824:227970	CC(C)(C)c1cnccc1-c1cc(C2CCSCC2)ccn1	0.035255
rxn:4:202860:228850	FC(F)(F)COc1ncc(-c2ccc3nncn3c2)cn1	0.035251
rxn:4:198998:228907	COc1nccc(-c2ccnc3cccc(C)c23)c1Cl	0.035242
rxn:4:179713:228082	CC(C)CCn1nccc1-c1ccc(F)c(OC2CCC2)c1	0.035239
rxn:4:218486:228136	Cc1cn2cc(-c3ccc(OC4CC4)nc3)nc2c(C)n1	0.035232
rxn:4:208888:228913	COc1nccc(-c2ccn(-c3cccc(Cl)c3)n2)c1F	0.035231
rxn:4:177288:228269	COc1cc(-c2cc(F)ccc2OCC(C)C)c(F)cc1C	0.035229
rxn:4:217241:227875	N#Cc1cc(-c2cccc3c2CCCO3)c2cc[nH]c2n1	0.035226
rxn:4:210479:223397	c1cc2c(cc1-c1ccc3c(C4CC4)n[nH]c3c1)CCN2	0.035223
rxn:4:196292:223372	O=C1CSCN1c1ccc(-c2ccc(Cl)c3cn[nH]c23)cc1	0.035221
rxn:4:216668:228519	Cc1cc(C)c(-c2csc(-n3ccc(C)n3)n2)c(C)c1	0.035219
rxn:4:179578:228668	COCc1cc(-c2cc3cccnc3s2)c(C)cc1F	0.035218
rxn:4:206153:228288	CCc1cc(-c2nc3ccc(C)cn3n2)nc(C(C)C)n1	0.035218
rxn:4:216984:229150	Cc1ncc(-c2cnc(C#N)nc2)n1-c1ccncc1	0.035213
rxn:4:216669:228255	COc1c(-c2cnc(-n3ccc(C)n3)s2)ccc(C)c1F	0.035208
rxn:4:211498:228516	CCc1cc(C)cc(-c2ccn3cc(Cl)nc3c2)c1	0.035205
rxn:4:220610:228165	CCOc1ccc(F)c(-c2ccn(-c3cncnc3)n2)c1	0.035187
rxn:4:216956:228929	Cc1cnn(-c2ccnc(-c3cncc(C(F)F)c3)c2)c1	0.035185
rxn:4:215495:228530	c1ccc(Cn2cnc(-c3ccc4c(c3)OCC4)n2)cc1	0.035176
rxn:4:178688:223410	Fc1cc(OC(F)F)c(F)c(-c2c[nH]c3cnccc23)c1	0.035170
rxn:4:202854:228447	N#CCC(=O)c1ncc(-c2cccc(C(F)F)c2F)cc1Cl	0.035169
rxn:4:198381:228380	N#Cc1ccc(-c2cccc3ocnc23)c(F)c1Cl	0.035169
rxn:4:188862:228152	CCOc1ccc(Cl)cc1-c1ccc(C#N)cc1OC(C)C	0.035167
rxn:4:181885:223334	Fc1ccc2cc(-c3ccccc3C3COCCO3)[nH]c2c1	0.035167
rxn:4:192712:228858	Clc1cc(CN2CCC2)cc(-c2ccc3nonc3c2)c1	0.035166
rxn:4:197341:229019	COc1cccc2nc(-c3ccc(C)nc3C)ccc12	0.035164
rxn:4:217974:227970	CC(C)(C)c1cnccc1-c1cncc2nccn12	0.035163
rxn:4:178844:227816	CCCc1ccc(-c2cc(Cl)cc(C(=O)OC)c2)c(C)c1	0.035159
rxn:4:205125:223332	COC(=O)c1nc(-c2cc3cc(F)ccc3[nH]2)cnc1Cl	0.035154
rxn:4:197351:229278	CSc1ccc(-c2c(Cl)cnn2C)c2cccnc12	0.035154
rxn:4:208542:228109	CCc1cc(-c2cnc(-c3ccncc3)s2)cc(C#N)n1	0.035146
rxn:4:197696:229053	COCc1ccc(-c2ccc(C(C)C)c3[nH]ccc23)s1	0.035142
rxn:4:181130:229160	COc1cc(-c2cnc(SC)nc2)c(F)cc1F	0.035136
rxn:4:198915:228302	Cc1c(Cl)cc(-c2cc(C#N)nc(C#N)c2)c2cc[nH]c12	0.035136
rxn:4:179585:229142	CCc1cc(SC)c(F)c(-c2cccc(F)c2Cl)c1	0.035135
rxn:4:179538:228949	CC(C)Oc1cc(-c2c(F)cc(F)cc2Cl)ccc1Cl	0.035133
rxn:4:208661:228768	CCc1cc(-c2cc(F)ccc2-c2ncon2)c(F)cn1	0.035127
rxn:4:208063:223364	Fc1c[nH]c2ncc(-c3cc(C(F)(F)F)n[nH]3)cc12	0.035125
rxn:4:195866:228309	COc1cc(-c2cccc(-c3cscn3)c2)cc(C#N)n1	0.035122
rxn:4:181409:228658	Clc1cc(-c2cn3ccccc3n2)ccc1C1CC1	0.035121
rxn:4:211813:228338	Fc1cnc2cc(-c3cnc(OC4CCC4)s3)cnc2c1	0.035120
rxn:4:191881:228025	CC(C#N)c1ccc(-c2cccc3c2cnn3C)cc1	0.035119
rxn:4:196326:228762	CCn1cc(-c2cccc(-c3cnco3)c2C)ccc1=O	0.035115
rxn:4:216584:228683	CCCc1ncc(-c2cnc(-n3ncccc3=O)s2)cn1	0.035109
rxn:4:182665:228109	CCc1cc(-c2coc3ccc(F)cc23)cc(C#N)n1	0.035108
rxn:4:192284:228358	COc1cc(C)c(-c2cnn(-c3ccoc3)c2)nc1OC	0.035108
rxn:4:220650:227922	CCc1cc(OC)ccc1-c1ccc(-n2cnnc2)nc1	0.035099
rxn:4:217614:228380	N#Cc1ccc(-c2cc(C3CC3)cc3[nH]nnc23)c(F)c1Cl	0.035096
rxn:4:186139:227828	CCCOc1cc(-c2cccc(C3CC3)c2C)ncc1OC	0.035090
rxn:4:205868:228288	Cc1ccc2nc(-c3cnn(CC4(C)COC4)c3)nn2c1	0.035087
rxn:4:198688:229048	Fc1c(-c2cnn3c2CCC3)ccc2ncccc12	0.035079
rxn:4:220619:227900	CC(C#N)c1ccccc1-c1cncc(-n2cccn2)n1	0.035078
rxn:4:216967:228878	Cc1cn(-c2cccnc2-c2cnn(C3COC3)c2)cn1	0.035077
rxn:4:198430:229143	Fc1ccc(-c2cc(Cl)cc3ncoc23)cc1Cl	0.035077
rxn:4:216628:228115	CC(C)Oc1ccc(-c2cn(-c3ccccn3)cn2)cn1	0.035072
rxn:4:174851:228390	COC(=O)CCc1ccc(-c2cc(OC)c(Cl)cc2F)cc1	0.035069
rxn:4:188821:228164	CCOC(=O)c1ccc(-c2ccc(Cl)c(OCC)c2)nc1C	0.035067
rxn:4:177137:227817	CCCS(=O)(=O)c1ccc(-c2ccccc2CC(C)C)cc1	0.035063
rxn:4:179222:228054	CC(=O)Cc1cc(F)cc(-c2cnc3ncccc3c2)c1	0.035062
rxn:4:191504:223363	COC(=O)c1cc(Cl)cc(-c2cnc3[nH]nc(C)c3c2)n1	0.035056
rxn:4:209013:228934	COc1cc(Cl)c(-c2ccc(-c3ccccc3)nn2)cn1	0.035054
rxn:4:177014:227938	CCOc1c(C)cccc1-c1cc(CCC(C)=O)ccc1F	0.035054
rxn:4:199357:228117	CC(C)Oc1cncc(-c2ccc3c4c([nH]c3c2)CCC4)c1	0.035053
rxn:4:197700:228970	CC12CC(c3ccnc(-c4ccc(C(F)(F)F)s4)c3)(C1)C2	0.035053
rxn:4:198418:228540	Clc1noc2c(-c3cccc4c3COC4)cccc12	0.035050
rxn:4:199268:228972	O=C1CCc2cc(-c3cc(C(F)(F)F)cs3)cnc2CC1	0.035045
rxn:4:208103:227855	Cn1c(-c2cncc(F)c2C#N)cc2ccccc21	0.035042
rxn:4:218426:229063	Cc1c(-c2ccncc2C#N)cn2ncnc2c1F	0.035040
rxn:4:218198:228723	N#Cc1ccc(-c2nccc3nccnc23)cc1F	0.035039
rxn:4:179029:228273	CCOc1cc(Cl)c(F)cc1-c1c(C)cc(Cl)cc1OC	0.035032
rxn:4:220826:228125	CC(C)Oc1cc(-c2cc(C#N)c3ncnn3c2)ccn1	0.035032
rxn:4:209939:228972	COc1cnc2sc(-c3cc(C(F)(F)F)cs3)nc2c1	0.035027
rxn:4:209742:228642	Cc1cc(Cl)c(-c2ncncc2C2CCCCC2)cc1C	0.035025
rxn:4:216538:228464	FC(F)Oc1cncc(-c2coc(-c3cnccn3)n2)c1	0.035010
rxn:4:188686:228027	CCOc1cc(OC)cnc1-c1ccc2cncnc2c1	0.035007
rxn:4:210650:229124	Cc1ncc(-c2cnc3c(ccn3C(C)C)c2)cc1F	0.035004
rxn:4:179445:223430	COC(=O)c1ccc(F)c(C)c1-c1ccc2[nH]nnc2c1	0.035004
rxn:4:208307:228056	Cc1ccnc(C#N)c1-c1cc(C)c2nccn2c1	0.035000
rxn:4:182772:228016	O=C1CCCc2sc(-c3cc(C4CCCC4)cs3)cc21	0.034997
rxn:4:220742:228513	Cc1nccn1-c1ccc(-c2ccccc2C2CC2)nn1	0.034994
rxn:4:209352:228704	CCn1nc(C)c(-c2cccc(-c3nccn3C)c2)c1C	0.034987
rxn:4:211751:228760	CC(C)(C)c1ncc(-c2cncc3cnccc23)o1	0.034987
rxn:4:211714:228942	Fc1cc(Cl)cc(F)c1-c1cccc2cnncc12	0.034981
rxn:4:221808:228787	COc1cc(F)cc(-c2nccn3c(CC#N)nnc23)c1	0.034976
rxn:4:182976:228644	CC1=Cc2cccc(-c3cc(C)c(F)c(C)c3)c2C1	0.034971
rxn:4:180078:229042	Cc1cccc(-c2cccc(C(=O)C(C)(C)C)c2)c1F	0.034969
rxn:4:198772:229059	N#Cc1ccncc1-c1cccc2cncc(F)c12	0.034968
rxn:4:220732:228623	Cc1cnn(-c2ccnc(-c3sccc3C3CCC3)n2)c1	0.034968
rxn:4:178902:228540	Fc1ccc(CC(F)(F)F)c(-c2cccc3c2COC3)c1	0.034966
rxn:4:195374:228507	CCCc1cccc(-c2nc(-c3ccco3)cs2)c1	0.034955
rxn:4:195377:228507	CCCc1cccc(-c2csc(-c3ccco3)n2)c1	0.034955
rxn:4:181370:229080	Cc1cc(-c2cnc(C3CC3)s2)cc(C(F)(F)F)c1F	0.034934
rxn:4:192850:227831	CCc1c(C)cc(-c2cc(OC3CCCC3)ccn2)cc1C	0.034922
rxn:4:216893:228289	Cc1c(S(N)(=O)=O)c(-c2ccc3nn(C)nc3c2)nn1C	0.034919
rxn:4:181731:229228	Cc1ccc(-c2ccoc2-c2ccsc2C#N)cc1	0.034918
rxn:4:211938:228010	Cc1cc2c(-c3cc(Cl)ccc3C3CC3)nccc2[nH]1	0.034917
rxn:4:211920:228010	Cc1ccnc2[nH]cc(-c3cc(Cl)ccc3C3CC3)c12	0.034917
rxn:4:220600:228129	COc1cc(C#N)ccc1-c1cnn(-c2ncccn2)c1	0.034914
rxn:4:179438:223415	COC(=O)c1cc(-c2cccc3[nH]cnc23)cc(F)c1C	0.034909
rxn:4:179375:223364	COC(=O)c1ccc(C)cc1-c1cnc2[nH]cc(F)c2c1	0.034909
rxn:4:212338:228317	COC(=O)c1ccc(-c2ccc(C)c3[nH]nc(C)c23)cn1	0.034907
rxn:4:218496:229055	Cc1cn2c(-c3cncc(C#N)c3)c(C)nc2cn1	0.034905
rxn:4:182158:223403	COc1cc(-c2ccc3cn[nH]c3c2)cc2c1COC2=O	0.034904
rxn:4:208593:228100	CCCn1nc(C)c(-c2coc(-c3cccnc3)n2)c1C	0.034901
rxn:4:198397:227870	O=C1CCc2ccc(-c3cncc4ccsc34)cc21	0.034892
rxn:4:175128:228179	CCOCc1ccc(OC)cc1-c1cc(F)cc(COC)c1	0.034892
rxn:4:209608:223339	Cc1nc(N2CCOCC2)sc1-c1cc2cccc(Cl)c2[nH]1	0.034891
rxn:4:179810:228251	COC(=O)c1ccc(C)c(-c2cc(C)c(OC)cc2Cl)c1C	0.034890
rxn:4:216721:228546	CCCc1cnccc1-c1ccc(-n2ncnc2Cl)cc1	0.034888
rxn:4:174857:228846	CCSCC(=O)c1cccc(-c2cc(C)c(F)c(F)c2)c1	0.034887
rxn:4:201273:228543	CCCCc1ccsc1-c1cnc(CC(=O)OCC)cn1	0.034887
rxn:4:210014:229256	Cc1noc(C)c1-c1cnc2ccccc2c1C#N	0.034886
rxn:4:188591:227882	CCOCc1ccccc1-c1c(OC)ccnc1C(=O)OC	0.034882
rxn:4:218490:229063	Cc1ccc2c(n1)c(-c1ccncc1C#N)nn2C	0.034881
rxn:4:189618:227908	CCN(C)Cc1ccc(C)c(-c2cccnc2CC(C)C)c1	0.034879
rxn:4:179599:223319	Cc1cc(-c2ccc(F)c(F)c2OC(C)C)cc2cn[nH]c12	0.034877
rxn:4:192340:223336	CN(C)C(=O)c1ccc(F)cc1-c1ccc2[nH]ccc2c1F	0.034873
rxn:4:196151:228242	COc1cc(F)c(C)cc1-c1cccc(-c2ccc[nH]2)c1	0.034868
rxn:4:216537:228135	CCOc1cc(C)ncc1-c1cnc(-c2cnccn2)o1	0.034864
rxn:4:220697:228748	COc1cc(C)c(-c2ccc(-c3cncnc3)nn2)cn1	0.034864
rxn:4:191970:228384	CC(C)Cc1cnc(-c2ccc(-c3nccs3)s2)s1	0.034859
rxn:4:210181:227957	COc1ccn2cc(-c3ccc(C(C)C)nc3C)nc2c1	0.034857
rxn:4:217526:227954	CCn1nnc2c(-c3ccc(C4CCC4)nc3)cccc21	0.034855
rxn:4:178883:228186	COc1c(SC)cccc1-c1ccc(S(=O)(=O)C(F)F)cc1	0.034852
rxn:4:212337:228827	Cc1cc(-c2cc(F)c(F)cc2C)c2c(C)n[nH]c2c1	0.034850
rxn:4:216714:227923	CCOc1ccc(C)cc1-c1ccc(-n2cncn2)cc1	0.034842
rxn:4:216710:228077	O=C1OCc2ccc(-c3ccc(-c4cn[nH]c4)nc3)cc21	0.034822
rxn:4:178986:228807	CCOc1cc(Cl)cc(-c2cc(Cl)ccc2SC)c1	0.034820
rxn:4:209653:227981	Cc1cn(C2CCCC2)nc1-c1ccc(C2CC2)cc1Cl	0.034814
rxn:4:218148:228301	CCOC(=O)c1sccc1-c1nc2cc(F)ccn2n1	0.034812
rxn:4:183004:223410	FC1(F)CCOc2cc(-c3c[nH]c4cnccc34)ccc21	0.034804
rxn:4:182699:228525	O=C1COc2cccc(-c3cc4ccccc4s3)c21	0.034803
rxn:4:194955:228061	Cc1noc2cccc(-c3ccc(F)c(C#N)c3)c12	0.034800
rxn:4:216544:227921	COC(C)c1cccc(-c2cnc(-c3nccs3)nc2)c1	0.034794
rxn:4:217512:229172	Cc1cc2[nH]nc(C#N)c2cc1-c1c(C)ncnc1Cl	0.034793
rxn:4:205106:228451	COc1cc(-c2ccc3nnnn3c2C)c(C#N)cn1	0.034783
rxn:4:182440:227859	Cn1ccc2ccc(-c3ccccc3Cl)cc21	0.034781
rxn:4:198983:228703	Cc1nccc2cccc(-c3cnn(C4CCC4)c3)c12	0.034781
rxn:4:220583:228343	COC(=O)c1sc(-c2cn(-c3cncs3)nn2)cc1C	0.034774
rxn:4:198367:228846	Cc1cc(-c2nccc3ccsc23)cc(F)c1F	0.034772
rxn:4:179781:229015	CCC(C)c1ccccc1-c1ccsc1C(C)C	0.034762
rxn:4:207284:228391	CCOc1c(-c2cccc(C(F)(F)F)c2)ccc2[nH]ncc12	0.034760
rxn:4:218507:227909	CCC(C)c1cc(-c2cc(C)c3nnc(C)n3c2)ccn1	0.034760
rxn:4:211295:228243	CC(=O)c1cccc(-c2cccc3nonc23)c1F	0.034755
rxn:4:188852:227813	CCc1cccc(CC)c1-c1cc(OC(C)C)ccc1C#N	0.034754
rxn:4:209954:228760	CC(C)(C)c1ncc(-c2c[nH]c3cc(F)c(C#N)cc23)o1	0.034752
rxn:4:188838:228311	CCCc1ncc(-c2cnccc2OCC2CCO2)c(Cl)n1	0.034749
rxn:4:198901:228280	COc1cc(-c2ccc3[nH]cc(C)c3c2)c(C)cc1Cl	0.034744
rxn:4:205239:229083	COc1ncc(-c2cnc(C(C)C)o2)c(SC)n1	0.034740
rxn:4:208087:227862	Cc1cccc2cc(-c3cnc(C#N)cc3F)sc12	0.034739
rxn:4:179807:227964	Cc1cc(C(=O)C2CC2)ccc1-c1cncc(C2(C)CC2)c1	0.034733
rxn:4:220655:228729	N#Cc1cc(F)ccc1-c1cnn(-c2ccc(Cl)nn2)c1	0.034728
rxn:4:220609:228097	CN(C)Cc1cncc(-c2ccn(-c3ccncn3)n2)c1	0.034708
rxn:4:176995:228652	CCOc1cc(-c2ccn3ccnc3c2)cc(Cl)c1OC	0.034706
rxn:4:196944:227898	Cc1cc(-c2cncc(CC(C)C)c2)cc(C2CCCC2)n1	0.034706
rxn:4:205652:228796	COc1ccc(F)c(-c2cccc(Cn3cccn3)c2)c1	0.034689
rxn:4:200067:228428	COC(=O)CCCc1nnc(-c2cc(OC)cc(F)c2F)s1	0.034682
rxn:4:207285:228832	CCOc1cc2nccn2cc1-c1cc(C)cc(F)c1F	0.034680
rxn:4:217646:228600	COc1ccc(-c2cccc3nnn(C(C)C)c23)c(C)c1	0.034680
rxn:4:208565:228100	CCCn1nc(C)c(-c2cccc(-c3nccs3)n2)c1C	0.034676
rxn:4:210524:223344	COc1nc2[nH]c(C)cc2cc1-c1cccc2c1CC(=O)N2	0.034675
rxn:4:198720:228928	Fc1cc(-c2cccnc2C(F)F)cc2ncccc12	0.034647
rxn:4:198702:228929	Fc1cccc2c(-c3cncc(C(F)F)c3)ccnc12	0.034647
rxn:4:181462:228264	COc1cc(-c2cc(C)c(F)c(SC)c2)c(Cl)cc1C	0.034643
rxn:4:191595:228093	CCCOc1cc(-c2cncc(C(F)C(F)(F)F)c2)ccn1	0.034633
rxn:4:174693:228303	CCN(C)c1ncc(-c2ccc(OCC(=O)OC)cc2)cn1	0.034627
rxn:4:211897:228759	CC(=O)c1ccc(-c2cnc3cccc(C)n23)cn1	0.034622
rxn:4:199054:229274	Cc1cc(-c2cnc(Cl)nc2)cc2ccncc12	0.034621
rxn:4:188048:227855	CCOC(=O)c1csc(-c2cc3ccccc3n2C)n1	0.034618
rxn:4:181707:228424	COc1cc(F)c(Cl)cc1-c1ccc(C2(F)CCC2)cc1	0.034611
rxn:4:192987:228186	COc1c(SC)cccc1-c1cnc(CC(C)C)cc1C	0.034602
rxn:4:210342:229216	CC(=O)c1cnn2ccc(-c3ccccc3F)cc12	0.034588
rxn:4:177252:228391	CCCOc1cc(-c2cccc(C(F)(F)F)c2)ccc1C	0.034582
rxn:4:192465:228419	CCc1nc(C(C)C)sc1-c1cc(F)c(SC)cc1F	0.034582
rxn:4:196179:223328	Cc1c(S(N)(=O)=O)ccc(-c2cnc3[nH]cc(C)c3c2)c1F	0.034578
rxn:4:179570:227978	CCOc1c(-c2cc(C(C)C)ccc2F)ccc(F)c1C	0.034568
rxn:4:181644:228852	Fc1cccc(C2OCCO2)c1-c1cnn2ccncc12	0.034564
rxn:4:208598:228499	Cn1nc(C(F)(F)F)cc1-c1cnccc1-c1cscn1	0.034563
rxn:4:181615:228412	COc1cc(-c2ccc(F)cc2C(C)(C)F)c(F)cc1F	0.034562
rxn:4:198939:228551	CCCc1ncccc1-c1ccc2ccn(C)c2c1F	0.034546
rxn:4:217291:228627	CCc1ccc(Cl)c(-c2c[nH]c3nc(C#N)c(Cl)cc23)c1	0.034541
rxn:4:180177:228095	CC(C)(C)Cc1ccccc1-c1cccc(OCCF)c1	0.034537
rxn:4:182657:229320	Fc1csc(-c2sc3ccccc3c2Cl)c1	0.034535
rxn:4:179683:228095	CCC(=O)c1cc(-c2cccc(OCCF)c2)ccc1C	0.034533
rxn:4:199178:228876	Cn1ccc2cccc(-c3cnn(C4CC4F)c3)c2c1=O	0.034531
rxn:4:209038:227937	CC(C)Sc1cccc(-c2cc(N3CC(F)(F)C3)ccn2)c1	0.034519
rxn:4:210145:223311	CSc1nc2c(-c3cccc(C4CNC4)c3)cccc2[nH]1	0.034516
rxn:4:210332:228974	COc1nc2cccnc2cc1-c1cnn(S(C)(=O)=O)c1	0.034514
rxn:4:216523:227863	c1nc(-c2cnc(-c3ccc4c(c3)CCCO4)cn2)cs1	0.034505
rxn:4:198848:228669	O=S1(=O)CCc2nc(-c3cnc4ccoc4c3)sc2C1	0.034504
rxn:4:176800:227972	CCc1ccc(OC(F)F)c(-c2cncc(C3CCC3)c2)c1	0.034499
rxn:4:196128:228037	Cn1cc2cccc(-c3cc(C4OCCO4)ccn3)c2n1	0.034493
rxn:4:192207:223339	N#Cc1ccc(-c2cc3cccc(Cl)c3[nH]2)cc1C1COC1	0.034491
rxn:4:216707:227940	CCc1cc(SC)cc(-c2ccc(-c3cc[nH]n3)nc2)c1	0.034488
rxn:4:211723:227985	Cc1noc2nc(-c3ccc(F)c(C(C)C)c3)ccc12	0.034485
rxn:4:198647:228349	Clc1ccc2ccnc(-c3cnn(C4CCOC4)c3)c2c1	0.034474
rxn:4:208552:227954	c1ccc(-c2cnc(-c3ccc(C4CCC4)nc3)o2)nc1	0.034471
rxn:4:179084:228963	Cc1c(OC(F)(F)F)cccc1-c1cnc2nonc2c1	0.034470
rxn:4:177272:229144	CC(C)COc1ccc(Cl)cc1-c1cc(F)ccc1Cl	0.034467
rxn:4:178897:228136	FCc1ccc(C(F)(F)F)c(-c2ccc(OC3CC3)nc2)c1	0.034466
rxn:4:211813:227929	CCOc1cc(C)ccc1-c1cnc2cc(F)cnc2c1	0.034464
rxn:4:218428:227984	COc1ccc(-c2cn3nc(C)nc3cc2F)c(C)c1C	0.034451
rxn:4:194974:228285	Cc1nnc2ccc(-c3cc(F)cc(C#N)c3Cl)cn12	0.034450
rxn:4:192312:228065	Cc1noc2ccc(-c3ccc(OC4CCC4)nc3)cc12	0.034449
rxn:4:199048:228850	CS1(=O)=NCc2cc(-c3ccc4nncn4c3)ccc21	0.034449
rxn:4:221872:227841	Cc1cc(C)c(C)c(-c2nncn2-c2cncnc2)c1C	0.034447
rxn:4:182659:228127	COc1cccc(C#N)c1-c1c(F)ccc2sccc12	0.034446
rxn:4:181077:228238	CSc1ccc(Cl)c(-c2cnc(C(C)C)c(Cl)c2)c1	0.034438
rxn:4:179407:228294	CCCOc1ncc(-c2cc(C(C)=O)c(Cl)cc2OC)cn1	0.034435
rxn:4:185933:228168	CCOC(=O)Cc1cccnc1-c1ccc(OCC)cc1Cl	0.034430
rxn:4:213497:228183	COCc1cc(-c2nc(C(=O)OC)nn2COC)ccc1Cl	0.034425
rxn:4:212141:228201	Cn1cc2ccc(-c3cnc(C4CCC4)nc3)c(F)c2n1	0.034423
rxn:4:198878:227875	Cc1c[nH]c2cccc(-c3cccc4c3CCCO4)c12	0.034409
rxn:4:208476:228724	CSc1nc(C)cc(-c2ccc(C#N)cc2Cl)n1	0.034408
rxn:4:179512:227850	CCOc1c(C)cccc1-c1ccc2cnccc2c1	0.034407
rxn:4:177282:228825	Cc1cc(F)c(-c2ccc(COC(C)C)cc2Cl)cc1F	0.034396
rxn:4:188812:228415	COC(=O)c1nc(-c2cc(F)ccc2C(F)F)sc1C(C)C	0.034394
rxn:4:182128:228201	COc1ccc2occ(-c3cnc(C4CCC4)nc3)c2c1	0.034392
rxn:4:217111:228675	c1cc(-c2cnc(N3CCCCC3)cn2)c2ncsc2c1	0.034387
rxn:4:217600:228816	COc1nccc2c(-c3c(C)nc(C)nc3C)nn(C)c12	0.034382
rxn:4:220697:228646	Cc1cc(-c2ccc(-c3cncnc3)nn2)cc(F)c1C	0.034380
rxn:4:211840:229093	Cc1ncnc(C)c1-c1ncc2c(F)cc(Cl)cc2n1	0.034378
rxn:4:208582:228254	COc1ccc(-c2cccc(-c3cscn3)n2)c(C)c1F	0.034378
rxn:4:217654:228591	CC(C)c1cnccc1-c1cnc2cnn(C(C)C)c2c1	0.034378
rxn:4:220836:228200	N#Cc1nccn2c(-c3ccnn3C3CCCC3)cnc12	0.034377
rxn:4:221041:227884	CCCSc1ccc(-c2ncnc3c2cnn3C)cc1	0.034370
rxn:4:210187:228698	CCC(=O)c1ccc(-c2cc(OC)n3nccc3c2)s1	0.034368
rxn:4:196569:227837	Cc1cc(-c2ccnc(C(C)(C)C)c2F)cc(C2CC2)c1	0.034362
rxn:4:182618:228104	N#Cc1cccc(C#N)c1-c1cccc2occc12	0.034362
rxn:4:211801:229010	CC(C)c1csc(-c2cccc3nncc(Cl)c23)c1	0.034353
rxn:4:181208:227811	CC(=O)c1ccc(-c2ccc(CC(C)C)cc2)cc1Cl	0.034352
rxn:4:198889:223309	Cc1cc2cc[nH]c2cc1-c1ccc(NC(C)C)cc1	0.034346
rxn:4:218468:227953	Cc1cc(C)n2nc(-c3ccc(N(C)C)cc3C)cc2n1	0.034344
rxn:4:212206:229034	Cc1ccc(F)c(-c2ccc(C)c3nccnc23)c1	0.034344
rxn:4:179688:228674	Cc1cc(OC2CC2)ccc1-c1cnc2sccc2c1	0.034341
rxn:4:197339:228717	Cc1nn(C2CC2)cc1-c1ccc2oc(C3CC3)nc2c1	0.034330
rxn:4:216957:228714	Cc1cc(C#N)ncc1-c1cc(-n2ccnc2C)ccn1	0.034327
rxn:4:179544:228288	Cc1ccc2nc(-c3cc(CC4CC4)ccc3Cl)nn2c1	0.034327
rxn:4:193148:227826	Cc1cc(CN2CCC2)ccc1-c1cccc(C(C)(C)C)c1	0.034307
rxn:4:212197:228190	Cc1ncc2ccc(-c3cnc(N(C)C)cc3C)cc2n1	0.034306
rxn:4:211574:227841	Cc1cc(C)c(C)c(-c2c[nH]c3c(F)cncc23)c1C	0.034301
rxn:4:216714:228094	CCCOc1cncc(-c2ccc(-n3cncn3)cc2)c1	0.034298
rxn:4:196316:228903	COc1ncc(Cl)cc1-c1cc(C)cc(-c2cnco2)c1	0.034296
rxn:4:218489:227969	Cc1cc2c(-c3ccnc(C)c3C3CC3)nn(C)c2cn1	0.034286
rxn:4:218169:228444	FC(F)c1cc(-c2cc3cnc(Cl)nc3[nH]2)ccc1Cl	0.034285
rxn:4:181364:228179	COCc1cc(F)cc(-c2cc(C)c(C(F)F)c(F)c2)c1	0.034275
rxn:4:196205:227926	CC(C)Sc1ccc(-c2ccc(C3CCC3)cn2)cc1	0.034274
rxn:4:179621:228830	COc1cccc(-c2ccc(F)c(C)c2F)c1C(C)(F)F	0.034266
rxn:4:208925:228776	COc1cc(-c2ccn(-c3cccc(F)c3)n2)ccc1Cl	0.034256
rxn:4:210182:228003	COc1ccc(-c2c(C)cc(SC)cc2C)c2[nH]cnc12	0.034254
rxn:4:217268:228741	N#Cc1ccc(Cl)c(-c2ccc3cc(C#N)cnn23)c1	0.034254
rxn:4:220768:229280	Cc1nc(-n2ccnc2)ncc1-c1cnc(F)nc1	0.034250
rxn:4:205268:228817	Cc1ccc(-c2ccc(C(=O)n3cccn3)o2)c(=O)n1C	0.034249
rxn:4:208283:227862	Cc1nc(-c2cc3cccc(C)c3s2)ccc1C#N	0.034245
rxn:4:217042:228285	Cc1nnc2ccc(-c3cncnc3N3CCCC3)cn12	0.034245
rxn:4:217654:228725	CC(C)n1ncc2ncc(-c3cc(F)cc(C#N)c3)cc21	0.034238
rxn:4:197344:228747	CC(=O)c1c[nH]c2cccc(-c3c(F)cccc3C#N)c12	0.034231
rxn:4:191824:223303	COc1nccc(C(F)(F)F)c1-c1cccc2[nH]c(C)cc12	0.034231
rxn:4:218510:229075	Cc1cc(-c2cn3nc(Cl)nc3c(C)c2C)sc1C#N	0.034230
rxn:4:179586:228522	CCOc1c(F)cc(C)cc1-c1ccn2cccc2c1	0.034224
rxn:4:182825:229255	Fc1cnccc1-c1cc(Cl)cc2ccccc12	0.034223
rxn:4:182192:229079	COc1ccc2cccc(-c3csc(C4CC4)n3)c2c1	0.034220
rxn:4:191596:228830	Cc1c(F)ccc(-c2ccc(C(F)C(F)(F)F)nc2)c1F	0.034216
rxn:4:181714:228855	CC1(c2ccc(-c3cnc4ccnn4c3)cc2)CC1(F)F	0.034213
rxn:4:205631:228684	CCOc1ncccc1-c1ccn(Cc2ccccc2)n1	0.034210
rxn:4:208628:228507	CCCc1cccc(-c2ccc(-c3nncs3)cc2)c1	0.034205
rxn:4:216637:228919	CSc1ncc(Cl)cc1-c1csc(-c2cnn(C)c2)n1	0.034202
rxn:4:176585:227903	CCOC(=O)c1cc(-c2cccc(N(C)CC)c2)ccc1Cl	0.034198
rxn:4:198698:228089	CCCOc1ncccc1-c1ccc2ccc(F)cc2n1	0.034197
rxn:4:182828:228294	CCCOc1ncc(-c2cccc3c(F)cccc23)cn1	0.034197
rxn:4:212388:228907	COc1nccc(-c2cccc3nc(C)c(C)nc23)c1Cl	0.034197
rxn:4:182644:228611	COc1ccc(C)c(-c2c(Cl)ccc3ccoc23)c1	0.034195
rxn:4:188554:223367	COC(=O)c1cc(-c2cnc3[nH]ccc3c2F)cc(OC)n1	0.034194
rxn:4:192676:223339	CC(C)(C)Oc1ccc(-c2cc3cccc(Cl)c3[nH]2)nc1	0.034190
rxn:4:199178:228580	Cn1ccc2cccc(-c3cccnc3C3CC3)c2c1=O	0.034189
rxn:4:202854:228175	CCOc1cccc(-c2cnc(C(=O)CC#N)c(Cl)c2)c1Cl	0.034187
rxn:4:210336:229003	COc1cccc(-c2cc(C(C)=O)n3ncccc23)c1	0.034180
rxn:4:179354:228651	COc1ccc(C(C)=O)cc1-c1cnn2ccccc12	0.034180
rxn:4:217959:228317	COC(=O)c1ccc(-c2cnc3ncccn23)cn1	0.034170
rxn:4:216714:227812	CC(C)Cc1cccc(-c2ccc(-n3cncn3)cc2)c1	0.034166
rxn:4:211613:228012	Fc1cccc(-c2c(F)ccc3nccn23)c1C1CC1	0.034161
rxn:4:209082:228551	CCCc1ncccc1-c1cccnc1-c1ccncc1	0.034160
rxn:4:218198:228189	CCSc1ccc(F)c(-c2nccc3nccnc23)c1	0.034157
rxn:4:218373:228189	CCSc1ccc(F)c(-c2cc(C)c3nccn3n2)c1	0.034155
rxn:4:216660:228167	CCOc1cc(Cl)ccc1-c1csc(-n2ccnc2C)n1	0.034150
rxn:4:181460:228213	COc1c(-c2cc(-n3cccc3)cs2)ccc(F)c1C	0.034149
rxn:4:182750:229280	O=c1occc2c(-c3cnc(F)nc3)cccc12	0.034146
rxn:4:176797:229033	CCCOc1c(Cl)ccc(-c2ccc(C)c(Cl)c2)c1F	0.034145
rxn:4:195671:228649	Cc1cc(C)c(-c2ccnc(C)c2C(F)(F)F)c(F)c1	0.034144
rxn:4:182829:229274	Fc1c(-c2cnc(Cl)nc2)ccc2ccccc12	0.034143
rxn:4:182625:228563	CC(C)Cc1csc(-c2cccc3ccoc23)c1	0.034141
rxn:4:179599:227882	CCOCc1ccccc1-c1ccc(F)c(F)c1OC(C)C	0.034139
rxn:4:177438:228295	CCOC(=O)n1ccc(-c2cc(OC(C)C)cc(SC)c2)c1	0.034136
rxn:4:209340:228636	Cc1ccc(-c2ncc(-c3c(C)cc(F)cc3C)[nH]2)cc1	0.034132
rxn:4:209043:229089	CC(=O)c1sccc1-c1cc(-c2ccco2)nc(C)n1	0.034132
rxn:4:208900:228490	O=S(=O)(F)c1cccc(-c2ccc(-c3cc[nH]n3)c(F)c2)c1	0.034128
rxn:4:218295:227927	CCC(=O)c1cccc(-c2cnc3cnc(C)cn23)c1	0.034128
rxn:4:212000:228016	Cc1[nH]c2cccnc2c1-c1cc(C2CCCC2)cs1	0.034114
rxn:4:211346:228771	CCc1ncc(-c2cc3nc(Cl)ncc3s2)cc1Cl	0.034113
rxn:4:210320:228644	CC(=O)c1c[nH]c2cnc(-c3cc(C)c(F)c(C)c3)cc12	0.034109
rxn:4:191358:227844	O=C(CF)c1ccc(-c2ccc3ncccc3c2)nc1	0.034090
rxn:4:211879:228035	Cn1cc(-c2cnn3c2OCC(F)C3)c2cccnc21	0.034083
rxn:4:218400:228827	Cc1cc(F)c(F)cc1-c1nn(C)c2nccc(Cl)c12	0.034080
rxn:4:177306:228424	COc1cc(F)c(Cl)cc1-c1cccc(COC(C)C)c1F	0.034079
rxn:4:221026:228265	CC(=O)c1cc(-c2cnn3c(Cl)ncnc23)ccc1Cl	0.034078
rxn:4:179031:228031	CCOc1cc(-c2ccc3nn(C)cc3c2)c(F)cc1Cl	0.034068
rxn:4:189406:228620	CSc1ccc(-c2cnc(OCC(C)C)cc2C)cc1C	0.034066
rxn:4:208475:228888	CSc1ncc(C)c(-c2cc(C#N)ncc2F)n1	0.034063
rxn:4:209931:227946	CC(C)(C)c1ccc(-c2cccc3[nH]c(C#N)cc23)cn1	0.034062
rxn:4:179702:228538	COc1cc(C)cc(OC)c1-c1cccc2sccc12	0.034059
rxn:4:195140:228523	FC(F)(F)c1ccc(-c2ccc3cccn3c2)cn1	0.034057
rxn:4:197390:228547	CCCc1ccncc1-c1cncc2c(OC)cccc12	0.034047
rxn:4:188039:228034	N#CCSc1ccc(-c2cccc3nccnc23)cc1	0.034046
rxn:4:209213:228046	Cn1ccc2c(-c3cn(C(C)(C)C)c(F)n3)ccnc21	0.034043
rxn:4:188588:228560	CCSc1ccccc1-c1cnc(OCC(F)F)c(C)c1	0.034034
rxn:4:208889:229137	Fc1cccc(F)c1-c1ccn(-c2ccc(Cl)cc2)n1	0.034033
rxn:4:209899:229007	CSc1cccc(-c2ccc3sc(C#N)nc3c2)c1	0.034032
rxn:4:217490:223397	Cc1cc2c(-c3ccc4c(c3)CCN4)cc(C#N)nc2[nH]1	0.034031
rxn:4:205413:228547	CCCc1ccncc1-c1nnc(Cc2ccccc2)o1	0.034031
rxn:4:191889:228060	CCc1c(C#N)cccc1-c1ccc2nc(C)sc2c1	0.034030
rxn:4:198998:228993	Cc1cccc2nccc(-c3ccc(C#N)cc3)c12	0.034016
rxn:4:199044:229119	Cc1cnc2c(-c3cncc(C)c3Cl)cccc2c1	0.034008
rxn:4:212198:229038	Cc1ccc(Cl)c(-c2cc(C)c3nccnc3c2)c1	0.034008
rxn:4:221020:228302	N#Cc1cc(-c2n[nH]c3ncnc(Cl)c23)cc(C#N)n1	0.034008
rxn:4:217271:228387	COc1cc(=O)n(C)cc1-c1c(C#N)ccc2nccn12	0.034006
rxn:4:212149:228718	Cc1ncc(C#N)cc1-c1cc(F)c2ncn(C)c2c1	0.034004
rxn:4:218411:228827	Cc1cc(F)c(F)cc1-c1c(C)nn2ccnc(Cl)c12	0.033999
rxn:4:199071:228679	Cc1cc(-c2cnn(CC3CC3)c2)c2ccncc2c1Cl	0.033994
rxn:4:216975:228296	CCOC(=O)c1occc1-c1nn[nH]c1-c1ccccc1C	0.033987
rxn:4:212094:228881	CC(=O)c1ncc(-c2c(Cl)ccc3cnn(C)c23)cn1	0.033985
rxn:4:180977:227961	Cc1nc(C2CC2)ccc1-c1ccc(F)c(F)c1C(F)F	0.033977
rxn:4:216754:228336	COc1ncc(-c2nn[nH]c2-c2ccccc2F)cc1SC	0.033973
rxn:4:215501:228498	Cn1cc(-c2ncnn2Cc2ccccc2)c(C(F)(F)F)n1	0.033970
rxn:4:218422:228754	CSc1ncc(-c2cc(F)c3nnn(C)c3c2)cc1C	0.033961
rxn:4:195700:223372	Cc1ncc(-c2ccc(Cl)c3cn[nH]c23)cc1C(F)(F)F	0.033952
rxn:4:212130:227836	Cc1ccc(-c2ccc(F)c3[nH]nc(C)c23)c(C2CC2)c1	0.033949
rxn:4:216971:228648	Cc1cc(C)c(F)c(-c2ccc(-c3cnn(C)c3)cn2)c1	0.033944
rxn:4:179065:228057	CCOc1ccc(-c2ccc3oc(C)nc3c2)c(F)c1F	0.033941
rxn:4:194976:228047	Cc1ccc(-c2c(F)cc(Cl)cc2C#N)c2nccn12	0.033927
rxn:4:218229:229093	Cc1ncnc(C)c1-c1nc2c(C)nc(Cl)nc2s1	0.033925
rxn:4:198967:228585	Cc1c(-c2cnccc2C2CC2)ccc2cccnc12	0.033923
rxn:4:182747:228388	Cc1cnc(C(F)F)cc1-c1cccc2c(=O)ccoc12	0.033919
rxn:4:179226:228445	Fc1ccc(OC2CC2)cc1-c1c(F)cccc1C(F)F	0.033918
rxn:4:211165:228540	Fc1nc(Cl)ncc1-c1cccc2c1COC2	0.033914
rxn:4:197211:222422	COc1c(-c2c[nH]c(=O)[nH]c2=O)ccc2[nH]ccc12	0.033910
rxn:4:176474:228239	COc1nc(C)c(-c2cccc(OC(F)F)c2SC)cc1C	0.033906
rxn:4:210638:229044	Cc1cc(Cl)cc(-c2c(C(C)C)ccc3[nH]ncc23)c1	0.033906
rxn:4:215508:228381	N#Cc1cc(F)c(-c2ccc(Cn3cncn3)cc2)c(F)c1	0.033899
rxn:4:209355:228540	Cn1ccc(-c2ccc(-c3cccc4c3COC4)cc2)n1	0.033898
rxn:4:198962:229020	Cc1cc(-c2c(C)ccc3ncccc23)cc(C)n1	0.033893
rxn:4:212202:228989	Cc1ccc2cnc(-c3c(C)cccc3C)nc2c1	0.033893
rxn:4:218244:227970	Cc1ccn2ncc(-c3ccncc3C(C)(C)C)c2n1	0.033885
rxn:4:209347:228586	Cc1ncc(-c2cccnc2C(C)C)n1-c1ccccc1	0.033884
rxn:4:216918:228510	Cc1cn(-c2cncc(-c3ccccc3C(C)C)c2)cn1	0.033884
rxn:4:179262:228424	COc1cc(F)c(Cl)cc1-c1cc(C(=O)C(F)F)ccc1C	0.033877
rxn:4:212248:228580	Cc1cnc2cc(F)c(-c3cccnc3C3CC3)cc2n1	0.033853
rxn:4:216533:228111	N#Cc1ccc(-c2cnc(-c3cncnc3)o2)cc1C#N	0.033852
rxn:4:212279:227904	CCN(C)c1ccc(-c2ccc3c(=O)n(C)cnc3c2)cc1	0.033849
rxn:4:197495:228130	CCc1c[nH]c2cc(-c3ccc(CC#N)cc3F)c(F)cc12	0.033844
rxn:4:196294:229218	Cc1csc(-c2ccc(-c3cccc(F)c3)cc2)n1	0.033834
rxn:4:217004:228239	COc1nc(C)c(-c2cncc(-c3cnn(C)c3)c2)cc1C	0.033830
rxn:4:189073:227812	Cc1cnc(OCC2CC2)c(-c2cccc(CC(C)C)c2)c1	0.033825
rxn:4:180252:228655	Cc1cc(OC(C)C)c(-c2cnc3ccccn23)cc1C	0.033825
rxn:4:179986:228390	COc1cc(-c2ccc(F)cc2OC(C)(C)C)c(F)cc1Cl	0.033824
rxn:4:211327:228426	COc1cc(Cl)cc(F)c1-c1cc(Cl)cc2nsnc12	0.033823
rxn:4:179815:223363	Cc1n[nH]c2ncc(-c3cccc(C(=O)C4CCC4)c3)cc12	0.033822
rxn:4:197370:228108	CCc1ncc(C#N)cc1-c1cc(C(C)=O)c2[nH]ccc2c1	0.033821
rxn:4:220676:227965	Cc1ccnc(C(C)C)c1-c1cn(-c2ccncn2)c(F)n1	0.033821
rxn:4:182620:228745	CSc1cc(C)c(-c2csc3ccccc23)cn1	0.033817
rxn:4:182646:228353	CN(C)c1ncc(-c2ccc3occc3c2Cl)cc1Cl	0.033815
rxn:4:208912:228847	Cc1cc(Cl)cc(F)c1-c1ccc(F)c(-c2cc[nH]n2)c1	0.033815
rxn:4:210332:228363	COc1nc2cccnc2cc1-c1cnc(N(C)C)cc1F	0.033814
rxn:4:198924:228130	Cc1cc2c(-c3ccc(CC#N)cc3F)ccc(Cl)c2[nH]1	0.033814
rxn:4:208322:228057	Cc1nc2cc(-c3nc(C#N)c(Cl)cc3C)ccc2o1	0.033808
rxn:4:209947:227833	CCc1cc(C)cc(C)c1-c1cccc2cc(C#N)[nH]c12	0.033808
rxn:4:217127:228350	c1ncc(-c2cnn(-c3ccsc3)c2)c(N2CCCCC2)n1	0.033806
rxn:4:199171:229024	Cc1cc(-c2ccc3ccc(=O)n(C)c3c2)cnc1C	0.033806
rxn:4:209316:229035	Cc1ccccc1-n1ccnc1-c1cccc(F)c1C	0.033802
rxn:4:180926:228047	Cc1ccc(-c2ccc(F)c(CF)c2Cl)c2nccn12	0.033801
rxn:4:179406:228442	COC(=O)c1cc(Cl)c(C)cc1-c1cc(F)c(Cl)cc1OC	0.033801
rxn:4:217651:228191	Cc1cc(-c2ccc3cnc(C(C)C)nn23)cnc1N(C)C	0.033801
rxn:4:183097:228855	Fc1ccc(-c2cnc3ccnn3c2)c2c1CCCC2	0.033800
rxn:4:216678:228553	CCSc1ccc(-c2ccncc2-n2ccnc2)cc1	0.033800
rxn:4:220824:228621	CSc1cc(C)ccc1-c1ccc2ncc(C#N)n2n1	0.033791
rxn:4:179183:227848	COc1cc(OC)c(Cl)c(-c2cccc3cccnc23)c1	0.033788
rxn:4:177086:228133	CCCCc1ccc(Cl)c(-c2ccc(F)c(CC#N)c2)c1	0.033785
rxn:4:216750:228337	CCOc1cc(F)c(-c2cn(-c3ccc(F)cn3)cn2)cn1	0.033781
rxn:4:199309:228939	CN1CCCc2cc(F)cc(-c3c(F)cc(F)cc3F)c21	0.033776
rxn:4:176475:229046	CSc1cccc(-c2c(C)cccc2Cl)c1OC(F)F	0.033772
rxn:4:212219:227943	Cc1ccc(N(C)C)c(-c2cc3ncccc3nc2C)c1	0.033771
rxn:4:211635:227999	CC(C)c1ccc(-c2c(F)ccc3ccnn23)c(F)c1	0.033771
rxn:4:179797:228028	COc1ccc(-c2cccc3nn(C)cc23)c(C2COC2)c1	0.033768
rxn:4:183090:228638	Cc1cc(C)c(Cl)c(-c2cccc3c2CCCC3)c1	0.033766
rxn:4:216976:228403	COc1c(F)ccc(-c2cn(-c3ccccn3)nc2C)c1F	0.033761
rxn:4:218172:227974	COc1cc(C)c(-c2cnn3ccc(Cl)nc23)c(C)c1	0.033756
rxn:4:212317:228272	COc1c(C)ccc(-c2c(C)nc3ccc(C)cn23)c1F	0.033749
rxn:4:198963:229086	CC(=O)c1ccc(-c2cccc3c(C)cncc23)s1	0.033733
rxn:4:208925:228110	CCc1cnc(C#N)cc1-c1ccn(-c2cccc(F)c2)n1	0.033727
rxn:4:216999:228843	Cc1cc(F)cc(-c2ccc(-c3ncn(C)n3)cc2)c1Cl	0.033724
rxn:4:210318:228329	CCOc1cc(-c2ccnc3[nH]cc(C(C)=O)c23)c(Cl)cn1	0.033719
rxn:4:211615:228302	N#Cc1cc(-c2cc3ccnn3cc2F)cc(C#N)n1	0.033717
rxn:4:211268:228297	CCOC(=O)c1ccc(-c2c(C)nc(Cl)nc2C)s1	0.033717
rxn:4:209091:228364	FC1(F)CN(c2ccncc2-c2cnn(-c3cccs3)c2)C1	0.033708
rxn:4:196565:228380	CC(C)(C)c1cnc(-c2ccc(C#N)c(Cl)c2F)cc1Cl	0.033705
rxn:4:179780:228263	CC(C)Cc1cccc(-c2ccc(C(C)(F)F)cc2)c1	0.033705
rxn:4:218466:228637	Cc1cc(-c2cc(C)c(F)cc2C)c2cnn(C)c2n1	0.033704
rxn:4:189242:228388	CCC(F)(CC)c1ccc(-c2cc(C(F)F)ncc2C)nc1	0.033697
rxn:4:181612:228060	Cc1nc2ccc(-c3ccoc3C3OCCCO3)cc2s1	0.033696
rxn:4:181812:229050	Cc1ccc(C2COC2)cc1-c1cc2sccc2s1	0.033691
rxn:4:211708:228362	Clc1ncc(-c2ccc3ccnnc3c2)c(C2CC2)n1	0.033688
rxn:4:198373:228447	Fc1c(-c2ccc3sccc3n2)cccc1C(F)F	0.033688
rxn:4:195962:223389	Cc1n[nH]c(C(F)(F)F)c1-c1cccc(Cl)c1-c1cnco1	0.033687
rxn:4:198408:228760	CC(C)(C)c1ncc(-c2nc3cc(Cl)ccc3s2)o1	0.033683
rxn:4:215500:228478	CCn1nc(-c2ncco2)cc1-c1cncc(C(F)(F)F)c1	0.033682
rxn:4:209906:228573	Cc1cc(C#N)ccc1-c1cccc2sc(C#N)nc12	0.033682
rxn:4:179079:227885	CCCOc1cccc(-c2ccc(OC(F)(F)F)cc2C)c1	0.033678
rxn:4:198707:228716	Cc1cc(-c2nccc3ccc(F)cc23)cnc1C#N	0.033671
rxn:4:178897:229133	FCc1ccc(C(F)(F)F)c(-c2cc(F)cc(F)c2)c1	0.033666
rxn:4:212008:228649	Cc1cc(C)c(-c2cc(C)n3nccc3c2)c(F)c1	0.033666
rxn:4:199249:223348	Cc1cc(-c2ccc3c(c2)C(=O)NC3)c2nccc(C)c2c1	0.033658
rxn:4:216937:228313	COc1ccc(-c2cnn(-c3ccccc3C)n2)c(OC)n1	0.033654
rxn:4:197163:228688	CCOc1cnccc1-c1cccc2c1ccn2C(F)F	0.033647
rxn:4:216989:228218	Cc1ncc(-c2cc(C3CC3)ncc2F)n1-c1ccccn1	0.033647
rxn:4:218477:228639	Cc1cn2nc(-c3ccc(C)c(F)c3C)cc(C)c2n1	0.033643
rxn:4:212230:228726	Cc1cnc2ncc(-c3ccc(Cl)c(C#N)c3)cc2c1	0.033639
rxn:4:217268:228792	CSc1ccc(-c2ccc3cc(C#N)cnn23)cc1F	0.033638
rxn:4:181439:228660	Fc1cccc(-c2ccc3nscc3c2)c1C1CC1	0.033635
rxn:4:220745:228329	CCOc1cc(-c2cn(-c3ncccn3)nc2C)c(Cl)cn1	0.033632
rxn:4:212296:228211	Cc1nn(C)c2c(-c3cc(N4CCCC4)cs3)cccc12	0.033631
rxn:4:179831:227847	Cc1cc(CS(C)(=O)=O)ccc1-c1cnc2ccccc2c1	0.033626
rxn:4:217273:228633	Cc1cc(-c2cc(C#N)cn3ccnc23)cc(C)c1Cl	0.033620
rxn:4:218193:228320	COC(=O)c1cc(-c2cnc3nc(C)sc3n2)ccn1	0.033613
rxn:4:189075:228056	COc1ncc(-c2cc(C)c3nccn3c2)cc1OC(C)C	0.033602
rxn:4:217499:228413	COc1cc(-c2cnc(OC)c3nccnc23)c(Cl)cc1F	0.033600
rxn:4:182562:228386	Cc1cc(F)c(-c2cc(-c3nccs3)cs2)c(F)c1	0.033598
rxn:4:216973:227953	Cc1cc(N(C)C)ccc1-c1nncn1-c1ccccc1C	0.033598
rxn:4:177301:228404	COc1c(F)ccc(-c2cccc(OCC(C)C)c2F)c1Cl	0.033597
rxn:4:211711:228008	Clc1cc(-c2ccc3cnccc3n2)cc(C2CC2)c1	0.033596
rxn:4:181214:228289	CC(=O)c1ccc(-c2ccc3nn(C)nc3c2)cc1F	0.033593
rxn:4:176467:228246	COc1ccc(-c2cc(C(C)=O)ccc2Cl)cc1OC(F)F	0.033587
rxn:4:209295:227837	Cc1cc(-c2cnc(C(C)(C)C)nc2Cl)cc(C2CC2)c1	0.033577
rxn:4:217649:228407	COc1ccc(F)c(F)c1-c1ccn2nc(C(C)C)ncc12	0.033565
rxn:4:208241:227833	CCc1cc(C)cc(C)c1-c1csc(-c2nccs2)n1	0.033560
rxn:4:198424:228376	N#Cc1c(F)cc(-c2cccc3onc(Cl)c23)cc1F	0.033560
rxn:4:198689:228872	COC(=O)c1sccc1-c1nc2ccccc2cc1F	0.033560
rxn:4:210360:227943	COc1ncc2cc(-c3cc(C)ccc3N(C)C)ccc2n1	0.033550
rxn:4:210311:228087	COc1ccc2nc(-c3ccc(OCC#N)cc3)ncc2c1	0.033545
rxn:4:210429:228566	CCc1cnc2c(-c3ccsc3CC(C)C)cccn12	0.033544
rxn:4:209322:228118	COc1cccc(-c2ccn(-c3ccccc3C)n2)c1C#N	0.033541
rxn:4:191812:228663	COc1ccc(C(F)(F)F)nc1-c1nc2ccccc2s1	0.033528
rxn:4:199117:228710	Cc1cc(F)c(-c2cnc(C(C)C)nc2)c2cccnc12	0.033526
rxn:4:191521:222416	COC(=O)c1cc(-c2ccc3[nH]c(=O)[nH]c3c2)ncc1F	0.033521
rxn:4:209322:228724	Cc1ccccc1-n1ccc(-c2ccc(C#N)cc2Cl)n1	0.033508
rxn:4:217440:228649	CSc1ncc2c(-c3c(C)cc(C)cc3F)ccn2n1	0.033507
rxn:4:192850:228674	c1cc(OC2CCCC2)cc(-c2cnc3sccc3c2)n1	0.033505
rxn:4:220868:228112	COc1ccc(C#N)cc1-c1cnc2c(OC)nc(Cl)nn12	0.033505
rxn:4:179399:223393	COC(=O)c1cc(C)c(-c2c[nH]c3ccccc23)c(Cl)c1	0.033504
rxn:4:210482:228838	COc1ccc2nn(C)cc2c1-c1c(C)cc(F)cc1Cl	0.033503
rxn:4:196671:228811	CSc1ccc(F)c(-c2nccc(C3CCCC3)c2F)c1	0.033502
rxn:4:216505:228311	CCCc1ncc(-c2cnc(S(N)(=O)=O)nc2)c(Cl)n1	0.033494
rxn:4:208880:227977	COc1cc(C)c(-c2cn[nH]c2-c2cccc(Cl)c2)cc1C	0.033493
rxn:4:210340:228135	CCOc1cc(C)ncc1-c1ccc2c(C#N)cn(C)c2c1	0.033491
rxn:4:179990:228290	Cc1ccc(F)c(OC(C)C)c1-c1ccc2nnn(C)c2c1	0.033490
rxn:4:211771:228254	COc1ccc(-c2cnc3cc(Cl)ccc3n2)c(C)c1F	0.033488
rxn:4:210500:227969	COc1cc2cn(C)nc2cc1-c1ccnc(C)c1C1CC1	0.033479
rxn:4:182785:228341	Cc1cc2cc(-c3ccc(OC(F)F)cc3)ccc2o1	0.033475
rxn:4:216798:228210	c1cnc(-c2cccc(-c3ccc(N4CCCC4)s3)n2)nc1	0.033474
rxn:4:208575:228421	COc1cc(Cl)cc(-c2ncccc2-c2cscn2)c1F	0.033472
rxn:4:179386:228674	COC(=O)c1c(C)oc(C)c1-c1cnc2sccc2c1	0.033469
rxn:4:196890:227940	CCc1cc(SC)cc(-c2c(C)cc(N(C)C)cc2C)c1	0.033467
rxn:4:181084:227865	COc1cc(F)ccc1-c1sc2ccccc2c1C	0.033465
rxn:4:181005:228371	N#Cc1c(F)ccc(-c2cccc(F)c2C(F)(F)F)c1F	0.033460
rxn:4:192719:228051	Cn1cnc2c(-c3ccc(F)c(CN4CCC4)c3)cccc21	0.033460
rxn:4:182191:228312	COc1ccc2ccc(-c3cc(C#N)ncc3OC)cc2c1	0.033458
rxn:4:196258:228303	CCN(C)c1ncc(-c2c(C)noc2-c2ccccc2)cn1	0.033457
rxn:4:192222:228039	COc1ncc(-c2cnc3ccccc3n2)cc1S(C)(=O)=O	0.033452
rxn:4:195243:227835	Cc1ccc(-c2cncc(Cl)c2C(F)(F)F)cc1C1CC1	0.033452
rxn:4:177148:228293	CSC(C)C(=O)c1ccc(-c2cnn(CCN(C)C)c2)cc1	0.033444
rxn:4:212139:228508	CC(C)c1cccc(-c2c3cccc(F)c3nn2C)c1	0.033433
rxn:4:211353:228939	Fc1cc(F)c(-c2coc3ncnc(Cl)c23)c(F)c1	0.033418
rxn:4:177294:228281	COc1cc(Cl)c(C)c(-c2ccc(COC(C)C)c(F)c2)c1	0.033391
rxn:4:208961:228804	CSc1ccc(-c2c(C)nn(C)c2C(C)=O)cc1Cl	0.033389
rxn:4:212116:228610	Cc1n[nH]c2cc(-c3ccc(C(C)(C)C)s3)cc(F)c12	0.033382
rxn:4:209027:228191	Cc1cccc(-c2nnc(-c3cnc(N(C)C)c(C)c3)s2)c1	0.033380
rxn:4:188227:223368	COC(=O)c1cccc(-c2ccc(Cl)c3[nH]ncc23)c1C#N	0.033368
rxn:4:179950:227834	COc1ccc(-c2ccc(C3CC3)c(C)c2)c(C(C)C)c1	0.033363
rxn:4:209081:228133	Cc1ccc(-c2nnco2)cc1-c1ccc(F)c(CC#N)c1	0.033362
rxn:4:196320:228319	COc1nccc(-c2ccc(-c3cc(C)on3)cc2)c1OC	0.033360
rxn:4:212322:228986	Cc1cc(-c2cccc(C)c2C)c2cnn(C)c2c1	0.033350
rxn:4:209733:228539	Cc1nc(-c2ccc3ccsc3c2)cn1C1CCCOC1	0.033323
rxn:4:211368:228491	Cn1cc(-c2ncc3ccccn23)c(=O)n(C)c1=O	0.033307
rxn:4:211697:227966	CC(C)(C)c1ncccc1-c1cccc2nccnc12	0.033301
rxn:4:196316:229072	CSc1cncc(-c2cc(C)cc(-c3cnco3)c2)c1	0.033296
rxn:4:216820:228424	COc1cc(F)c(Cl)cc1-c1ncc(-c2cccnc2)cn1	0.033296
rxn:4:196665:228030	Cn1ncc2cc(-c3cncc(C4CCCC4)c3)ccc21	0.033294
rxn:4:183163:228263	CC(F)(F)c1ccc(-c2ccc3c(c2)C(=O)CC3(C)C)cc1	0.033289
rxn:4:198482:228199	Cc1nn(C2CCC2)cc1-c1cc2nc(Cl)oc2cc1F	0.033287
rxn:4:206316:227848	c1cnc2c(-c3ccnc(CN4CCCC4)c3)cccc2c1	0.033280
rxn:4:209743:223330	Clc1ccc2[nH]c(-c3ccc(N4CCCCC4)nc3)cc2c1	0.033255
rxn:4:212374:228578	Cc1c(-c2ccc(C3CC3)nc2)ccc2c1nc(Cl)n2C	0.033251
rxn:4:208929:228964	COC(=O)c1ncc(-c2cncn2-c2ccccc2F)s1	0.033243
rxn:4:188053:228624	CCOC(=O)c1ocnc1-c1ccc(C)c(SC)c1	0.033242
rxn:4:206571:228046	Cn1ccc2c(-c3cn(CC4CCCCC4)cn3)ccnc21	0.033236
rxn:4:182924:228528	O=C1COCc2cccc(-c3csc4ccccc34)c21	0.033235
rxn:4:181345:228275	COc1c(F)cc(C)cc1-c1c(C)cccc1C(F)(F)F	0.033226
rxn:4:181873:228116	CC(C)Oc1ncccc1-c1cc(C(C)(C)C)cc(Cl)c1F	0.033226
rxn:4:208903:228619	CCc1cc(-c2cn(-c3ccc(F)cc3)cn2)ccc1F	0.033219
rxn:4:192682:228444	CCc1cc(-c2ccc(Cl)c(C(F)F)c2)cc(C2CC2)n1	0.033212
rxn:4:218249:228432	CSc1c(Cl)ccc(-c2nc(C)n3ccncc23)c1F	0.033203
rxn:4:210511:228446	COc1cc(F)cc(-c2ccc3cnn(C)c3c2OC)c1Cl	0.033190
rxn:4:197529:229133	CC(C)c1nc2cc(-c3cc(F)cc(F)c3)ccc2o1	0.033180
rxn:4:189239:227918	CCN(CC)c1ccc(-c2ccc(SC3CC3)cc2)cc1	0.033180
rxn:4:216965:228500	Cc1cnn(-c2cnccc2-c2cnc(C(F)(F)F)nc2)c1	0.033179
rxn:4:217596:227955	Cc1cnc(C(C)C)c(-c2cnc3cc(C4CC4)nn3c2)c1	0.033164
rxn:4:199213:228769	CCc1ncc(Cl)cc1-c1cc2ccn(C)c2cc1C	0.033150
rxn:4:202989:228212	COC(=O)Cc1nn(C)cc1-c1ccc(-n2cccc2)s1	0.033148
rxn:4:220730:227986	Cc1nc(-c2ccc(Cl)c(C3CC3)c2)cc(-n2cccn2)n1	0.033137
rxn:4:210323:228273	COc1cc(Cl)cc(C)c1-c1ccnc2c(C(C)=O)c[nH]c12	0.033127
rxn:4:181338:228262	COc1c(-c2cccc(C(F)(F)F)c2C)ccc(C)c1Cl	0.033121
rxn:4:181344:228273	COc1cc(Cl)cc(C)c1-c1cc(C)ccc1C(F)(F)F	0.033121
rxn:4:195950:228789	COc1cc(F)ccc1-c1scnc1-c1cccc(F)c1	0.033117
rxn:4:212292:228542	CCCCc1ccc(-c2c(C)ccc3nn(C)cc23)s1	0.033116
rxn:4:217511:228428	COc1cc(F)c(F)c(-c2ccc3nn(C)c(C#N)c3c2)c1	0.033111
rxn:4:217497:228408	COc1cc(F)c(-c2cnc3c(C#N)cn(C)c3c2)cc1F	0.033111
rxn:4:208584:228321	COC(=O)c1cncc(-c2scnc2-c2ccccn2)c1	0.033102
rxn:4:180950:228615	CSc1ccc(C)cc1-c1cccc(Cl)c1C(F)F	0.033082
rxn:4:210515:228830	CCc1nc(-c2ccc(F)c(C)c2F)c2ccccc2n1	0.033080
rxn:4:199225:227907	CCC(C)c1cncc(-c2ccc3c(=O)ccn(C)c3c2)c1	0.033078
rxn:4:211761:227987	COc1c(C)ccc(-c2ccc3nncc(Cl)c3c2)c1C	0.033076
rxn:4:175101:228665	CCC(=O)CCc1ccc(-c2ccc3ncoc3c2)cc1	0.033075
rxn:4:178682:228426	COc1cc(Cl)cc(F)c1-c1ccc(OC(F)F)c(F)c1F	0.033071
rxn:4:188806:228855	COC(=O)C(C)(C)c1csc(-c2cnc3ccnn3c2)n1	0.033065
rxn:4:197472:228360	CCc1c[nH]c2cc(-c3cnc(C(C)C)nc3Cl)ccc12	0.033055
rxn:4:209327:228064	Cn1c(-c2cnc3c(c2)C(=O)CC3)cnc1-c1ccccc1	0.033050
rxn:4:180990:227913	CC(C)Oc1ccc(-c2cc(C(F)(F)F)ccc2Cl)cc1	0.033048
rxn:4:217609:227971	COc1cncc2nc(C)c(-c3cnccc3C(C)(C)C)n12	0.033044
rxn:4:178874:227825	COC(=O)c1cc(F)c(Cl)cc1-c1cccc(C2CCC2)c1	0.033044
rxn:4:216631:228311	CCCc1ncc(-c2cccc(-n3cncn3)c2)c(Cl)n1	0.033020
rxn:4:175282:228233	CC(=O)c1cc(C)c(-c2ccc(OCCC(C)C)cc2)cn1	0.033017
rxn:4:197395:228397	COc1ccc2cncc(-c3cc(F)c(F)c(OC)c3)c2c1	0.033017
rxn:4:212127:228558	CCSc1cccc(-c2cc(F)cc3cnn(C)c23)c1	0.033005
rxn:4:217443:228103	CSc1ncnn2c(-c3cnc(CC(C)C)nc3)ccc12	0.032993
rxn:4:209323:228870	COC(=O)c1csc(-c2ccn(-c3cccc(C)c3)n2)c1	0.032980
rxn:4:197354:228363	CC(=O)n1cc(-c2cnc(N(C)C)cc2F)c2ccccc21	0.032979
rxn:4:212209:228603	CC(=O)c1cccc(-c2ccc3nc(C)cnc3c2)c1	0.032974
rxn:4:216706:228245	CC(=O)c1ccc(-c2ccc(-n3cccn3)nc2)cc1F	0.032959
rxn:4:199237:229205	CCc1csc(-c2ccnc3cc(C)c(C)cc23)c1	0.032947
rxn:4:198914:228990	CCCc1ccc(-c2cc(Cl)c3cc[nH]c3c2C)s1	0.032947
rxn:4:220697:228886	CCc1ncc(-c2ccc(-c3cncnc3)nn2)c(Cl)n1	0.032938
rxn:4:210127:227888	CCCSc1cccc(-c2ccc(OC)c3cn[nH]c23)c1	0.032918
rxn:4:216811:227861	c1ncc(-c2cc(-c3cnc4c(c3)CCCC4)ccn2)cn1	0.032915
rxn:4:199161:228539	CN1Cc2ccc(-c3ccc4ccsc4c3)cc2C1	0.032911
rxn:4:216934:228759	CC(=O)c1ccc(-c2c(-c3ccccc3)nnn2C)cn1	0.032909
rxn:4:209070:229006	CSc1ccc(-c2ccc(-c3ncccn3)cc2)cc1	0.032905
rxn:4:177109:229237	COC(=O)Cc1ccc(-c2csc(SC)c2)c(C)c1	0.032894
rxn:4:212260:229323	Cc1nc(Cl)nc2cc(-c3csc(Cl)c3)ccc12	0.032890
rxn:4:189623:227913	CC(C)CN(C)c1ccc(-c2ccc(OC(C)C)cc2)cc1	0.032877
rxn:4:220296:223381	CCCNc1ncc(-c2ccc(Cc3nnn[nH]3)cc2)cn1	0.032861
rxn:4:176564:223300	COC(=O)Cc1ccc(Cl)cc1-c1ccc2[nH]cc(C)c2c1	0.032850
rxn:4:217350:228112	COc1ccc(C#N)cc1-c1ccc(C#N)c2ncncc12	0.032848
rxn:4:181012:228112	COc1ccc(C#N)cc1-c1cc(Cl)c(F)c(C(F)(F)F)c1	0.032847
rxn:4:199064:229289	Cc1cc(Cl)c2ccc(-c3cscc3C)cc2n1	0.032847
rxn:4:216546:227809	CCCCc1ccc(-c2cnc(-c3cscn3)nc2)cc1	0.032841
rxn:4:179512:228452	CCOc1c(C)cccc1-c1cc2c(Cl)ncnc2s1	0.032838
rxn:4:216935:228373	Cc1cc(-c2nn(C)cc2-c2ccc(Cl)c(C#N)c2F)no1	0.032835
rxn:4:210186:228339	COC(=O)c1cnccc1-c1ncc2cccc(OC)n12	0.032824
rxn:4:210204:227920	CCC(=O)c1ccc(-c2cc(OC)cc3n[nH]c(Cl)c23)cc1	0.032821
rxn:4:176381:227885	CCCOc1cccc(-c2cccc(F)c2OCC(F)F)c1	0.032819
rxn:4:209300:228101	Cc1ccnn1-c1cccc(-c2cc(C#N)cc(C#N)c2)c1	0.032814
rxn:4:212193:228833	Cc1ccc(F)c(-c2cc3nsnc3c(C)c2C)c1F	0.032810
rxn:4:177130:228655	CC(C)OC(=O)c1cccc(-c2cnc3ccccn23)c1	0.032802
rxn:4:208467:228054	Cc1ncc(-c2cnc3ncccc3c2)c(C(F)(F)F)n1	0.032801
rxn:4:179778:223297	Cc1ccc2[nH]c(-c3ccc(CC(C)C)cc3)cc2c1	0.032801
rxn:4:208938:228372	N#Cc1cc(F)c(-c2ccc(-n3ccnc3)c(F)c2)cc1F	0.032791
rxn:4:216809:228104	N#Cc1cccc(C#N)c1-c1ncccc1-c1cncnc1	0.032785
rxn:4:220620:227927	CCC(=O)c1cccc(-c2ccc(-n3ccnc3)nn2)c1	0.032779
rxn:4:217303:228279	CCc1cc(F)c(-c2ccc(F)c3c(C#N)cnn23)c(F)c1	0.032776
rxn:4:179112:228120	CCOc1ncc(C)cc1-c1cc(SC)ccc1C(F)(F)F	0.032771
rxn:4:181336:227963	Cc1ccc(C(F)(F)F)cc1-c1ccnc(C(C)(C)C)c1	0.032770
rxn:4:196950:228813	CSc1cc(-c2ccccc2C2CCCN2C)ccc1Cl	0.032762
rxn:4:180961:227991	Fc1cccc(-c2ccc(Cl)cc2C2CC2)c1C(F)F	0.032759
rxn:4:196321:228461	Cc1cc(-c2cnco2)ccc1-c1cccnc1OC(F)F	0.032732
rxn:4:195879:227882	CCOCc1ccccc1-c1ccc(-c2cocn2)cc1	0.032723
rxn:4:208463:223331	Cc1cc(C(F)(F)F)nc(-c2cc(F)c3[nH]ccc3c2)n1	0.032710
rxn:4:196650:228268	CSc1c(-c2ncccc2C2CCCC2)ccc(C)c1F	0.032703
rxn:4:197535:228823	COc1cc(-c2cc(Cl)c(C)cc2F)c2cc[nH]c2c1C	0.032698
rxn:4:212208:228644	Cc1cc(-c2ccnc3c(C)ccnc23)cc(C)c1F	0.032681
rxn:4:175115:227889	CCCC(=O)Cc1cccc(-c2ccccc2CCOC)c1	0.032678
rxn:4:218504:227867	Cc1nc2ccc(-c3cccc4c3OCCC4)nc2n1C	0.032671
rxn:4:188339:228359	CCOC(=O)c1oc(C)nc1-c1cnn(-c2ccco2)c1	0.032655
rxn:4:183011:228491	Cc1c(-c2cn(C)c(=O)n(C)c2=O)ccc2ccccc12	0.032654
rxn:4:209708:227926	CC(C)Sc1ccc(-c2ccc(N3CCCCC3)cn2)cc1	0.032648
rxn:4:215501:228792	CSc1ccc(-c2ncnn2Cc2ccccc2)cc1F	0.032643
rxn:4:179163:228523	CSc1ccc(-c2ccc3cccn3c2)cc1SC	0.032638
rxn:4:196660:223300	Cc1c[nH]c2ccc(-c3ccc(C4CCCC4)nc3)cc12	0.032606
rxn:4:208551:228169	CCOc1ccc(-c2nnsc2-c2ccccc2)cc1Cl	0.032602
rxn:4:209362:228832	Cc1cc(F)c(F)c(-c2ccc(-c3ccnn3C)cc2)c1	0.032579
rxn:4:198758:228886	CCc1ncc(-c2cncc3ccc(Cl)cc23)c(Cl)n1	0.032568
rxn:4:197379:228170	CCOc1ccc(F)cc1-c1ccc2[nH]c(C(C)=O)cc2c1	0.032563
rxn:4:195827:228257	COc1cc(C)cc(F)c1-c1cnc(-c2ccccc2)s1	0.032552
rxn:4:212122:228639	Cc1ccc(-c2cc3cn(C)nc3cc2F)c(C)c1F	0.032541
rxn:4:199063:228818	Cc1cc(-c2cc3cccnc3c(C)c2Cl)cn(C)c1=O	0.032540
rxn:4:212388:228171	CCOc1ccc(-c2cccc3nc(C)c(C)nc23)cc1F	0.032539
rxn:4:181290:228538	CCc1ccc(F)cc1-c1cccc2sccc12	0.032535
rxn:4:211763:227955	Cc1cnc(C(C)C)c(-c2ccc3c(Cl)nncc3c2)c1	0.032534
rxn:4:196578:227888	CCCSc1cccc(-c2c(C)cc(N(C)C)cc2F)c1	0.032532
rxn:4:208179:227866	Cc1ccc2sc(-c3nccnc3C(F)(F)F)cc2c1	0.032532
rxn:4:198768:227881	CCCOc1ccc(-c2c(F)ccc3cnccc23)cc1	0.032525
rxn:4:209041:227931	c1cncc(-c2ccnc(-c3ccccc3OC3CC3)c2)c1	0.032523
rxn:4:209083:228342	FC(F)Oc1cccc(-c2cccnc2-c2cccnc2)c1	0.032511
rxn:4:217350:228723	N#Cc1ccc(-c2ccc(C#N)c3ncncc23)cc1F	0.032510
rxn:4:211487:228806	CSc1cc(Cl)cc(-c2ccn3ccnc3c2Cl)c1	0.032509
rxn:4:205516:228350	CC(C)n1ncc(C(F)(F)F)c1-c1cnn(-c2ccsc2)c1	0.032505
rxn:4:181604:228835	Cc1cc(Cl)c(F)c(-c2cc(C(C)(F)F)ccc2C)c1	0.032486
rxn:4:180253:228310	CCCc1nc(Cl)ncc1-c1cc(C)c(OC(C)C)c(C)c1	0.032486
rxn:4:220607:228296	CCOC(=O)c1occc1-c1ccnc(-n2ccnc2)n1	0.032483
rxn:4:209313:228920	CSc1nccc(-c2cnn(-c3ccccc3C)c2)c1F	0.032480
rxn:4:216956:228801	CSc1cc(F)ccc1-c1cc(-n2cc(C)cn2)ccn1	0.032480
rxn:4:212079:228828	Cc1c(Cl)ccc(-c2ccc3[nH]nc(C)c3c2Cl)c1F	0.032479
rxn:4:210349:228872	COC(=O)c1sccc1-c1cccc2c1cnn2C(C)=O	0.032466
rxn:4:191328:228076	CCC(=O)c1cnc(-c2cc3ccc(Cl)cc3s2)s1	0.032466
rxn:4:198411:228372	N#Cc1cc(F)c(-c2nc3ccc(Cl)cc3s2)cc1F	0.032463
rxn:4:216830:228391	Cc1nnc(-c2cncc(-c3cccc(C(F)(F)F)c3)c2)o1	0.032463
rxn:4:217504:228249	COc1c(C)cc(-c2cc(C)n3ccnc(C#N)c23)cc1Cl	0.032455
rxn:4:216986:227834	Cc1cc(-c2cnc(C)n2-c2cccnc2)ccc1C1CC1	0.032449
rxn:4:209315:228165	CCOc1ccc(F)c(-c2cnn(-c3ccc(C)cc3)c2)c1	0.032449
rxn:4:176570:228014	COC(=O)Cc1ccc(Cl)c(-c2cccc(C3CC3)c2Cl)c1	0.032417
rxn:4:220836:228066	N#Cc1nccn2c(-c3ccc4c(c3)OCCO4)cnc12	0.032417
rxn:4:198831:228964	COC(=O)c1ncc(-c2ccnc3c(F)c(F)ccc23)s1	0.032416
rxn:4:181344:228224	Cc1ccc(C(F)(F)F)c(-c2cc(C#N)cc(C)c2Cl)c1	0.032412
rxn:4:186150:228532	CCOc1ccc(-c2ccc3sccc3c2)c(OCC)n1	0.032397
rxn:4:191502:228041	COC(=O)c1cc(Cl)cnc1-c1ccnc2cnccc12	0.032390
rxn:4:210485:227945	Cc1cc(-c2ccc3ncn(C4CC4)c3c2)ccc1N(C)C	0.032378
rxn:4:212191:228819	Cc1cc(Cl)cc(-c2c(C)ncc3ncccc23)c1F	0.032374
rxn:4:209330:227993	COc1ccc(C)c(-c2ccnn2-c2ccc(C)cc2)c1C	0.032351
rxn:4:198528:227807	Fc1c(-c2cccc3c2CCCC3)ccc2[nH]ccc12	0.032344
rxn:4:209358:227922	CCc1cc(OC)ccc1-c1ccc(-n2cnc(C)c2)cc1	0.032342
rxn:4:218466:228392	Cc1cc(-c2ccc(C(F)(F)F)cc2)c2cnn(C)c2n1	0.032338
rxn:4:216517:227994	CC(C)c1ccc(Cl)c(-c2nnc(-c3cccnc3)s2)c1	0.032334
rxn:4:191521:228035	COC(=O)c1cc(-c2cn(C)c3ncccc23)ncc1F	0.032332
rxn:4:198863:228265	CC(=O)c1cc(-c2ccc3oc(=O)n(C)c3c2)ccc1Cl	0.032325
rxn:4:205352:228068	COC(=O)c1ncc(-c2cc3cc(F)ccc3s2)c(C)n1	0.032323
rxn:4:218222:228132	N#CCc1cccc(-c2cnc3c(Cl)ncnc3c2)c1F	0.032321
rxn:4:183017:229282	Cc1cccc2cc(-c3ccccc3)ccc12	0.032309
rxn:4:209330:228083	Cc1ccc(-n2nccc2-c2cnn(CCC(C)C)c2)cc1	0.032282
rxn:4:182199:228581	COc1cc(-c2cccc(C#N)c2C)cc2ccccc12	0.032282
rxn:4:211285:223433	Clc1nc2sccn2c1-c1cnc2[nH]cnc2c1	0.032271
rxn:4:218390:228343	COC(=O)c1sc(-c2nc3c(Cl)cc(C)cn3n2)cc1C	0.032270
rxn:4:196963:228043	CC1CCCCN1c1coc(-c2cccc3ncn(C)c23)c1	0.032267
rxn:4:192279:228528	CC(C)C(=O)c1ccc(-c2csc3ccccc23)cn1	0.032263
rxn:4:192280:228538	CC(C)C(=O)c1cccc(-c2cccc3sccc23)n1	0.032263
rxn:4:203143:223334	CC(C)(C)OC(=O)c1cc(-c2cc3ccc(F)cc3[nH]2)n[nH]1	0.032258
rxn:4:199122:229201	Cc1ccccc1-c1cc(F)c(C)c2ncccc12	0.032249
rxn:4:209980:229040	Cc1cccc(-c2ccnc3cc(C#N)ccc23)c1Cl	0.032238
rxn:4:212356:227861	Cc1cc(-c2cnc3c(c2)CCCC3)cc2cn(C)nc12	0.032222
rxn:4:191990:228068	COc1cnc(C(C)=O)c(-c2cc3cc(F)ccc3s2)c1	0.032215
rxn:4:179456:228664	COc1ccc(-c2ccc3scnc3c2)c(F)c1C(C)=O	0.032215
rxn:4:181348:227936	Cc1cc(-c2cccc(SC3CC3)c2)cc(C(F)(F)F)c1	0.032207
rxn:4:211548:228499	Cn1nc(C(F)(F)F)cc1-c1cnc2ccc(F)cn12	0.032200
rxn:4:209355:228442	COc1cc(Cl)c(F)cc1-c1ccc(-c2ccn(C)n2)cc1	0.032193
rxn:4:212368:228149	COC(=O)c1ccccc1-c1cc(C)cn2cc(C)nc12	0.032173
rxn:4:196269:229077	CSc1ccc(-c2cnc(-c3ccc(C)cc3)s2)cn1	0.032149
rxn:4:180970:228244	COc1cc(C)c(-c2cc(F)c(C(F)F)cc2F)cc1Cl	0.032147
rxn:4:181363:228390	COc1cc(-c2cc(C(F)F)cc(F)c2C)c(F)cc1Cl	0.032147
rxn:4:182638:228743	N#Cc1ccc(Cl)cc1-c1cc(Cl)cc2ccoc12	0.032136
rxn:4:211857:229157	N#Cc1nccc(-c2cc(F)c3cnc(Cl)nc3c2)n1	0.032132
rxn:4:179426:228666	O=C(c1ccc(-c2ccc3ocnc3c2)c(F)c1)C1CC1	0.032131
rxn:4:181037:223431	Fc1cc(Cl)cc(-c2cnc3[nH]ncc3c2)c1C(F)(F)F	0.032126
rxn:4:180998:229033	Cc1ccc(-c2cc(C(F)(F)F)ccc2F)cc1Cl	0.032112
rxn:4:198986:228439	COc1c(-c2cc(C)c3oc(C)nc3c2)ccc(F)c1Cl	0.032110
rxn:4:208878:227870	O=C1CCc2ccc(-c3cnn(-c4cccc(Cl)c4)c3)cc21	0.032106
rxn:4:182947:228364	O=C1CCOc2c(Cl)cc(-c3cnn(-c4cccs4)c3)cc21	0.032105
rxn:4:208568:227837	Cc1cc(-c2scnc2-c2cccnc2)cc(C2CC2)c1	0.032103
rxn:4:199242:228134	CCOc1ccc(-c2cc(C)nc3ccc(C)cc23)c(C)n1	0.032099
rxn:4:217653:228249	COc1c(C)cc(-c2nn(C(C)C)c3ncccc23)cc1Cl	0.032091
rxn:4:199031:228071	Cc1cc2c(-c3cccc4c3OCCO4)cccc2cn1	0.032089
rxn:4:197313:227919	CCOc1cc(C)cc(-c2c(C(C)=O)[nH]c3ccccc23)c1	0.032072
rxn:4:208541:228394	FC(F)(F)c1ccccc1-c1cnc(-c2cccnc2)s1	0.032064
rxn:4:177284:228211	CC(C)OCc1cc(-c2cc(N3CCCC3)cs2)ccc1Cl	0.032063
rxn:4:198710:228497	Fc1ccc2nc(-c3ccnn3CC(F)(F)F)ccc2c1	0.032059
rxn:4:199018:228625	CCc1ccc(-c2cnc(C)c3ccccc23)c(F)c1	0.032055
rxn:4:178854:228065	COC(=O)c1cccc(F)c1-c1ccc2onc(C)c2c1	0.032054
rxn:4:208998:228055	Cn1c(-c2cc(C3CCC3)nc(Cl)n2)nc2ccccc21	0.032040
rxn:4:211234:228749	Cc1nc(F)nc(F)c1-c1cc(C#N)ccc1F	0.032021
rxn:4:181819:228182	FC(F)Cc1cccc(-c2ccc(C3=CCCC3)cc2)c1	0.032018
rxn:4:212354:228020	Cc1cc2c(cnn2C)cc1-c1c(F)cccc1C1CC1	0.032014
rxn:4:182602:228044	Cc1cc(-c2c(C)cc(C)c(F)c2C)c2nccn2c1	0.032006
rxn:4:198604:228815	CSc1ccc(-c2ccc3c(C)noc3c2)c(Cl)c1	0.032006
rxn:4:179099:228047	COc1cc(C(F)(F)F)ccc1-c1ccc(C)n2ccnc12	0.031998
rxn:4:180079:228018	Fc1cc(-c2cccc(OC3CCCC3)c2)cc(C2CC2)c1	0.031989
rxn:4:209363:228414	COc1cc(-c2ccc(-n3nccc3C)cc2)cc(Cl)c1F	0.031957
rxn:4:195865:227905	CC(C)Cc1cc(-c2ccc(-c3cscn3)cc2)ccn1	0.031953
rxn:4:178682:228628	Fc1c(OC(F)F)ccc(-c2cc(C3CCC3)cs2)c1F	0.031942
rxn:4:177038:223319	CCOc1ccc(-c2cc(C)c3[nH]ncc3c2)c(F)c1SC	0.031942
rxn:4:211660:228815	CSc1ccc(-c2nc3c(Cl)ccc(F)c3[nH]2)c(Cl)c1	0.031934
rxn:4:198979:229142	Cc1ccc2c(-c3cccc(F)c3Cl)ccnc2c1	0.031929
rxn:4:198967:229136	Cc1c(-c2cc(F)cc(Cl)c2)ccc2cccnc12	0.031929
rxn:4:209343:228644	Cc1ccccc1-n1cncc1-c1cc(C)c(F)c(C)c1	0.031919
rxn:4:209059:227963	Cc1nc(-c2cccc(-c3ccnc(C(C)(C)C)c3)c2)no1	0.031918
rxn:4:218391:228810	CSc1c(Cl)cccc1-c1cn2cc(C)nc2c(Cl)n1	0.031914
rxn:4:202892:228659	COC(=O)c1cnc(C#N)c(-c2ccc3cncn3c2)c1	0.031910
rxn:4:189254:227835	CCN(CC)c1ccc(-c2ccc(C)c(C3CC3)c2)c(F)c1	0.031890
rxn:4:216814:228017	Clc1ccc(C2CC2)cc1-c1cncc(-c2ccccn2)n1	0.031884
rxn:4:218427:228970	Cc1nc2c(F)cc(-c3ccc(C(F)(F)F)s3)cn2n1	0.031881
rxn:4:205239:228295	CCOC(=O)n1ccc(-c2cnc(OC)nc2SC)c1	0.031878
rxn:4:198739:228343	COC(=O)c1sc(-c2cc3oc(C)nc3cc2F)cc1C	0.031851
rxn:4:211638:228004	Clc1cc(-c2ccc(C3CC3)c(Cl)c2)c2nccn2c1	0.031845
rxn:4:199248:228608	COc1cc(C)ccc1-c1ccc(C)c2c(C)ccnc12	0.031840
rxn:4:206032:229160	CSc1ncc(-c2ccc(OC3CCCC3)nn2)cn1	0.031823
rxn:4:199093:228765	CCc1cc(F)c(-c2cnc3ccc(C)cc3c2Cl)cn1	0.031821
rxn:4:208577:227936	c1cc(SC2CC2)cc(-c2cc(-c3cncs3)ccn2)c1	0.031814
rxn:4:199216:228741	Cc1cn(C)c2c(-c3cc(C#N)ccc3Cl)cccc12	0.031807
rxn:4:178977:227937	CCOc1ccc(-c2cccc(SC(C)C)c2)c(Cl)c1	0.031768
rxn:4:182774:228306	CC(C)Sc1ncc(-c2ccc3c(c2)C(=O)CC3)cn1	0.031766
rxn:4:198819:229072	CSc1cncc(-c2ccnc3c(F)c(Cl)ccc23)c1	0.031766
rxn:4:197357:227925	COc1ccc2cccc(-c3cccc(OC(C)C)c3)c2n1	0.031752
rxn:4:211829:228117	Cc1sc2cnc(Cl)nc2c1-c1cncc(OC(C)C)c1	0.031748
rxn:4:191543:228558	CCSc1cccc(-c2nccc(F)c2C(=O)OC)c1	0.031723
rxn:4:198641:229268	Cc1cc(-c2cc(Cl)c3cnccc3c2)sc1Cl	0.031707
rxn:4:216977:227981	Cc1nn(-c2cccnc2)cc1-c1ccc(C2CC2)cc1Cl	0.031691
rxn:4:182656:228984	Cc1ccc(C)c(-c2ccc3ccoc3c2Cl)c1	0.031691
rxn:4:210625:228092	CCN(CC)c1csc(-c2cc(C(C)C)cc3[nH]ncc23)c1	0.031653
rxn:4:208673:228496	Fc1ccc(-c2ncon2)cc1-c1cnn(CC(F)(F)F)c1	0.031651
rxn:4:210517:227915	CCOc1ccc(-c2ccc3nc(N(C)C)sc3c2)cc1C	0.031625
rxn:4:197340:228836	COc1cnc(-c2cc(C)c(F)cc2Cl)c2ccccc12	0.031592
rxn:4:188550:228055	COC(=O)c1cnc(-c2nc3ccccc3n2C)c(OC)c1	0.031573
rxn:4:210204:227981	COc1cc(-c2ccc(C3CC3)cc2Cl)c2c(Cl)[nH]nc2c1	0.031571
rxn:4:197357:228225	COc1ccc2cccc(-c3cc(Cl)cnc3C3CC3)c2n1	0.031558
rxn:4:215504:228149	COC(=O)c1ccccc1-c1cn(Cc2ccccc2)nn1	0.031548
rxn:4:220683:227969	Cc1nccc(-c2cnc(-n3ccnc3)nc2Cl)c1C1CC1	0.031542
rxn:4:208661:228150	COC(=O)c1ccc(-c2cc(F)ccc2-c2ncon2)cc1	0.031539
rxn:4:196535:227859	Cn1ccc2ccc(-c3ccnc(C(C)(C)C)c3)cc21	0.031538
rxn:4:217002:228248	CC(=O)c1ccc(-c2ccc(-n3cc(C)cn3)nc2)c(F)c1	0.031536
rxn:4:177415:228260	CC(F)(F)c1cccc(-c2ccc(OCC3CCC3)cc2)c1	0.031534
rxn:4:197205:228649	CSc1c[nH]c2ccc(-c3c(C)cc(C)cc3F)cc12	0.031529
rxn:4:177802:228976	Cc1ccc(OCC(C)C)c(-c2ccc3c(c2)C=C3)c1	0.031526
rxn:4:208893:227982	COc1cc(C)cc(-c2cn(-c3cccc(Cl)c3)cn2)c1C	0.031505
rxn:4:181628:227855	Cn1c(-c2ccc(Cl)c(C3OCCO3)c2)cc2ccccc21	0.031496
rxn:4:176577:228061	COC(=O)Cc1ccc(F)c(-c2cccc3onc(C)c23)c1	0.031481
rxn:4:212295:227837	Cc1cc(-c2cccc3c(C)n(C)nc23)cc(C2CC2)c1	0.031479
rxn:4:216501:228538	c1coc(-c2nnc(-c3cccc4sccc34)[nH]2)c1	0.031475
rxn:4:191993:228919	CSc1ncc(Cl)cc1-c1cccc(C(=O)C2CC2)n1	0.031475
rxn:4:211280:223325	Cc1n[nH]c2cccc(-c3cn4ccsc4n3)c12	0.031471
rxn:4:211753:227990	Cc1nc2ncc(-c3ccc(Cl)cc3C(C)C)cc2s1	0.031467
rxn:4:193147:228059	Cc1nc2cc(-c3ccoc3CN3CCCCC3)ccc2s1	0.031456
rxn:4:196324:229135	Fc1ccc(Cl)cc1-c1ccccc1-c1ccncc1	0.031456
rxn:4:218457:227823	Cn1ncc2cc(-c3ccccc3C(C)(C)C)cnc2c1=O	0.031428
rxn:4:209311:228168	CCOc1ccc(-c2cnn(C)c2-c2ccccc2)c(Cl)c1	0.031419
rxn:4:209372:228167	CCOc1cc(Cl)ccc1-c1ccccc1-c1cnn(C)c1	0.031419
rxn:4:210630:228404	CCn1nc(C)c2ccc(-c3ccc(F)c(OC)c3Cl)cc21	0.031414
rxn:4:183120:228671	CC1(C)Sc2ccc(-c3cccc4oncc34)cc2C1=O	0.031414
rxn:4:218411:228016	Cc1nn2ccnc(Cl)c2c1-c1cc(C2CCCC2)cs1	0.031412
rxn:4:197543:228048	CC(=O)N1CCc2c(-c3cnc4c(ccn4C)c3)cccc21	0.031388
rxn:4:197489:228018	CCc1cc2[nH]ccc2cc1-c1cc(F)cc(C2CC2)c1	0.031387
rxn:4:196958:228415	Fc1ccc(C(F)F)c(-c2cccnc2C2CCCCC2)c1	0.031383
rxn:4:181148:228889	CCc1nc(Cl)ncc1-c1cc(SC)cc(Cl)c1F	0.031381
rxn:4:197496:228185	CCc1c[nH]c2c(-c3cc(COC)ccc3Cl)ccc(F)c12	0.031378
rxn:4:177439:228615	CCOc1c(-c2cc(C)ccc2SC)cccc1C1CC1	0.031363
rxn:4:195861:227833	CCc1cc(C)cc(C)c1-c1ccc(-c2ccoc2)cn1	0.031348
rxn:4:179378:227848	O=C(c1cccc(-c2cccc3cccnc23)c1)C1CC1	0.031324
rxn:4:197159:229142	CC(=O)c1cccc2sc(-c3cccc(F)c3Cl)nc12	0.031321
rxn:4:192448:227866	CCc1cc(-c2cc3cc(C)ccc3s2)cc(CC)n1	0.031319
rxn:4:217355:228300	CCOC(=O)c1ccsc1-c1ccc2nnc(C(F)F)n2c1	0.031309
rxn:4:198969:228169	CCOc1ccc(-c2ccc3cc(C)ccc3n2)cc1Cl	0.031306
rxn:4:208336:228283	CC(=O)c1cc(F)ccc1-c1nn(C)cc1C(F)(F)F	0.031289
rxn:4:211659:228268	CSc1c(-c2nc3c(Cl)c(F)ccc3[nH]2)ccc(C)c1F	0.031282
rxn:4:209090:228067	Fc1ccc2cc(-c3ccc(N4CC(F)(F)C4)nc3)sc2c1	0.031276
rxn:4:175118:228536	CC(=O)CCCc1cccc(-c2cccc3ccoc23)c1	0.031249
rxn:4:197322:228296	CCOC(=O)c1occc1-c1ccc2cccnc2c1OC	0.031244
rxn:4:188043:228332	COC(=O)Cc1cnc(-c2cnc(OC)cc2SC)s1	0.031241
rxn:4:197102:228228	COc1ncc(C)c(-c2ccc3sc(SC)nc3c2)c1C	0.031226
rxn:4:182607:228614	CCc1ccc(Cl)cc1-c1c(C)c(C)c(C)c(C)c1C	0.031224
rxn:4:182152:228325	COc1cc(OC)c(-c2ccc3cc(C(C)=O)oc3c2)cn1	0.031220
rxn:4:183143:223333	Clc1cccc2[nH]c(-c3cccc4c3OCCCC4)cc12	0.031219
rxn:4:211767:228620	CSc1ccc(-c2nc3ncccc3cc2Cl)cc1C	0.031209
rxn:4:199197:227970	Cc1[nH]c2cc(-c3ccncc3C(C)(C)C)ccc2c1C	0.031206
rxn:4:179500:228351	CC(C)Sc1ccccc1-c1cc(-n2ccnc2)cs1	0.031186
rxn:4:199058:229199	Cc1ccc(-c2c(C)ccc3c(Cl)ccnc23)cc1	0.031184
rxn:4:198745:228986	Cc1cccc(-c2cc(Cl)c3ncccc3c2)c1C	0.031184
rxn:4:180984:228510	CC(C)c1ccccc1-c1ccc(C(F)(F)F)cc1Cl	0.031179
rxn:4:212247:228298	CCOC(=O)c1cc(-c2cc(F)c3ncc(C)nc3c2)cs1	0.031173
rxn:4:181010:228563	CC(C)Cc1csc(-c2cc(F)cc(F)c2C(F)F)c1	0.031166
rxn:4:198896:227981	Cc1cc(-c2ccc(C3CC3)cc2Cl)c2[nH]ccc2c1	0.031119
rxn:4:179207:227877	CC(=O)Cc1ccc(-c2ccc3sc(C)cc3c2)c(F)c1	0.031118
rxn:4:178858:228615	COC(=O)c1c(F)cccc1-c1cc(C)ccc1SC	0.031108
rxn:4:210630:227944	CCn1nc(C)c2ccc(-c3cncc(C(C)(C)C)c3)cc21	0.031088
rxn:4:174694:227876	COC(=O)COc1ccccc1-c1c(C)oc2ccccc12	0.031078
rxn:4:178616:228443	COC(=O)c1cc(-c2ccc(F)c(SC)c2F)c(Cl)o1	0.031071
rxn:4:195659:227852	Cc1c(C(F)(F)F)ccnc1-c1ccc2cccnc2c1	0.031068
rxn:4:210508:228265	COc1cc(-c2ccc(Cl)c(C(C)=O)c2)cc2c1cnn2C	0.031066
rxn:4:177254:227974	COc1cc(C)c(-c2ccccc2SCC(C)C)c(C)c1	0.031064
rxn:4:180258:228045	Cc1cc(OC(C)(C)C)ccc1-c1cnc2ccn(C)c2c1	0.031052
rxn:4:182685:228445	Fc1cccc(C(F)F)c1-c1cc2c(cc1Cl)OC(F)(F)O2	0.031049
rxn:4:182934:228051	Cn1cnc2c(-c3cccc4c3CCC4(F)F)cccc21	0.031045
rxn:4:208855:227842	CC(C)(F)c1ncnc(Cl)c1-c1cccc2ncccc12	0.031037
rxn:4:188823:228073	CCOC(=O)c1cnc(C)cc1-c1c(F)ccc2ccoc12	0.031028
rxn:4:182802:228791	CSc1ccc(-c2ccc3c(C)coc3c2)c(F)c1	0.031026
rxn:4:191403:228842	Cc1c(-c2c(C#N)cccc2C(F)(F)F)ccc(Cl)c1F	0.031020
rxn:4:209023:228610	CC(C)(C)c1ccc(-c2nccc(-c3ccccc3)n2)s1	0.031017
rxn:4:179087:228667	Cc1ccc(-c2cc3ncccc3s2)c(OC(F)(F)F)c1	0.031011
rxn:4:191392:228037	Cn1cc2cccc(-c3cncc(C(=O)C(F)(F)F)c3)c2n1	0.030997
rxn:4:203072:227866	CCOC(=O)c1nc(C)ncc1-c1cc2cc(C)ccc2s1	0.030985
rxn:4:197122:228743	COc1cc2nc(Cl)sc2cc1-c1cc(Cl)ccc1C#N	0.030975
rxn:4:196948:227940	CCc1cc(SC)cc(-c2cc(C)cc(N3CCCC3)c2)c1	0.030970
rxn:4:195964:228619	CCc1cc(-c2cc(-c3ncco3)ccc2Cl)ccc1F	0.030967
rxn:4:179600:227842	CC(C)Oc1cc(F)c(-c2cccc3ncccc23)cc1F	0.030960
rxn:4:179600:227847	CC(C)Oc1cc(F)c(-c2cnc3ccccc3c2)cc1F	0.030960
rxn:4:209087:228241	CC(=O)c1cc(-c2ccc(-c3ccncn3)cc2)ccc1F	0.030951
rxn:4:218476:228449	CSc1cc(-c2cn3ncnc3c(C)c2C)c(F)cc1Cl	0.030936
rxn:4:196260:228505	CCCc1ccc(-c2c(-c3ccccc3)noc2C)cc1	0.030904
rxn:4:179081:228838	Cc1cc(OC(F)(F)F)cc(-c2c(C)cc(F)cc2Cl)c1	0.030903
rxn:4:198536:227820	CC(C)(C)c1ccc(-c2c(F)ccc3cc[nH]c23)cc1	0.030888
rxn:4:205401:228623	CC(C)Sc1ncc(-c2sccc2C2CCC2)cn1	0.030887
rxn:4:198794:228179	COCc1cc(F)cc(-c2c(Cl)cnc3ccc(F)cc23)c1	0.030862
rxn:4:211778:228119	CC(C)Sc1ccc(-c2cnc3cc(Cl)cnc3c2)cn1	0.030849
rxn:4:198792:229140	Fc1ccc2ncc(-c3cccc(F)c3F)c(Cl)c2c1	0.030846
rxn:4:180998:223317	Cc1n[nH]c2cc(-c3cc(C(F)(F)F)ccc3F)ccc12	0.030840
rxn:4:196310:228161	CCOc1ccc(-c2cccnc2-c2ccccc2)c(F)c1	0.030839
rxn:4:209061:228698	CCC(=O)c1ccc(-c2cccc(-c3nnc(C)s3)c2)s1	0.030831
rxn:4:181430:228642	CSc1ccc(-c2cc(C)c(C)cc2Cl)c(Cl)c1C	0.030830
rxn:4:176564:227856	COC(=O)Cc1ccc(Cl)cc1-c1ccc2ccncc2c1	0.030819
rxn:4:177813:228560	CCSc1ccccc1-c1ccccc1COC(C)(C)C	0.030818
rxn:4:176838:223303	CCOc1cccc(C(F)F)c1-c1cccc2[nH]c(C)cc12	0.030813
rxn:4:210008:228318	COC(=O)c1ccncc1-c1ccc2ncc(C#N)cc2c1	0.030810
rxn:4:182645:228981	CCc1cccc(-c2cc(Cl)cc3ccsc23)c1	0.030793
rxn:4:208668:228206	CN(C)c1cc(F)cc(-c2cc(-c3ccco3)nc(Cl)n2)c1	0.030763
rxn:4:181372:227962	Cc1cc(-c2cc(F)cc(C)c2C(F)(F)F)cc(C2CC2)n1	0.030762
rxn:4:220854:228435	CSc1ccc(F)c(F)c1-c1ccc2nc(C#N)nnc2c1	0.030761
rxn:4:209985:228481	N#Cc1cccc2c(-c3ccnc(C(F)(F)F)c3)nccc12	0.030761
rxn:4:197123:228372	COc1ccc2nc(Cl)sc2c1-c1cc(F)c(C#N)cc1F	0.030750
rxn:4:177083:228088	CCCCc1ccc(-c2ccc(SCCC)nc2)cc1	0.030733
rxn:4:179188:227829	CCC(=O)c1ccc(Cl)c(-c2ccccc2C2CCC2)c1	0.030732
rxn:4:175120:227961	CCCCC(=O)c1cccc(-c2ccc(C3CC3)nc2C)c1	0.030714
rxn:4:212329:228015	Cc1cc2c(-c3cccc(Cl)c3C3CC3)ccnc2n1C	0.030697
rxn:4:181393:228021	CSc1ccc(-c2cc(C)cc(C(C)=O)c2)cc1C	0.030680
rxn:4:175130:227963	CCOc1cc(SCC)ccc1-c1ccnc(C(C)(C)C)c1	0.030666
rxn:4:181937:228644	Cc1cc(-c2ccc(C3CCCC3)c(F)c2)cc(C)c1F	0.030658
rxn:4:212071:228344	Cc1cc(-c2ccc(SC(F)F)cc2)cc2[nH]nc(Cl)c12	0.030654
rxn:4:196310:228846	Cc1cc(-c2cccnc2-c2ccccc2)cc(F)c1F	0.030651
rxn:4:197309:228667	N#CC1=Cc2ccc(-c3cc4ncccc4s3)cc2CC1	0.030647
rxn:4:176840:227886	CCCOc1ccccc1-c1ccc(OCC)cc1C(F)F	0.030645
rxn:4:197401:228057	Cc1nc2cc(-c3ccc4c(c3)C(C#N)CCO4)ccc2o1	0.030628
rxn:4:181228:228321	COC(=O)c1cncc(-c2ccc(F)c(C(C)=O)c2Cl)c1	0.030607
rxn:4:179398:228662	COC(=O)c1cc(Cl)cc(-c2cc3cnccc3s2)c1C	0.030589
rxn:4:202893:228040	COC(=O)c1ncc(-c2ccnc3ccncc23)cc1C#N	0.030589
rxn:4:179384:227936	CCC(F)(F)c1ccc(-c2cccc(SC3CC3)c2)cc1	0.030566
rxn:4:211371:228672	c1cc(-c2ccc3cnoc3c2)c2cc[nH]c2n1	0.030553
rxn:4:182619:223433	c1nc2cc(-c3ccc4ccoc4c3)cnc2[nH]1	0.030553
rxn:4:191394:228784	COc1cc(-c2cc(C(=O)C(F)(F)F)ccn2)ccc1F	0.030541
rxn:4:178664:223303	Cc1cc2c(-c3ccc(OC(F)F)c(F)c3Cl)cccc2[nH]1	0.030540
rxn:4:198941:228812	CSc1cccc(F)c1-c1cc2ccn(C)c2cc1F	0.030537
rxn:4:179410:228030	COC(=O)c1c(Cl)ccc(C)c1-c1ccc2c(cnn2C)c1	0.030536
rxn:4:197562:229028	CCc1cncc2ccc(-c3ccc(Cl)cc3C)cc12	0.030527
rxn:4:194063:228329	CCOc1ccc2nc(-c3cc(OCC)ncc3Cl)sc2c1	0.030515
rxn:4:195908:228339	COC(=O)c1cnccc1-c1cnc(-c2ccc(Cl)cc2)s1	0.030514
rxn:4:202846:228346	COC(=O)c1cc(-c2cncc(C(=O)CC#N)c2)c(C)s1	0.030487
rxn:4:198413:228017	Clc1ccc(C2CC2)cc1-c1ccc2c(Cl)noc2c1	0.030427
rxn:4:182962:228060	Cc1nc2ccc(-c3ccc4c(c3F)OCCC4=O)cc2s1	0.030418
rxn:4:211449:228857	Clc1cc(-c2cnc3nccn3c2)c2cn[nH]c2c1	0.030417
rxn:4:211345:223434	Fc1cc2nnsc2cc1-c1cnc2cn[nH]c2c1	0.030408
rxn:4:212249:229011	Cc1nc(Cl)c2cc(-c3ccc(C4CC4)s3)ccc2n1	0.030403
rxn:4:211843:228279	CCc1cc(F)c(-c2c(F)ccc3nc(Cl)cnc23)c(F)c1	0.030376
rxn:4:179400:228031	Cn1cc2cc(-c3cc(C(=O)C4CC4)ccc3Cl)ccc2n1	0.030373
rxn:4:208836:228861	c1cc(-c2cnc3scnc3c2)nc(-c2ccc[nH]2)c1	0.030364
rxn:4:217510:228457	COC(=O)c1ncc(-c2ccc3c(c2)c(C#N)nn3C)cn1	0.030331
rxn:4:176542:228553	CCSc1ccc(-c2ccoc2C(C)C(=O)OC)cc1	0.030326
rxn:4:177820:228061	CCc1cc(OC(C)C)ccc1-c1cccc2onc(C)c12	0.030324
rxn:4:221005:223404	Clc1nc(-c2cccc3[nH]ncc23)cn2ncnc12	0.030320
rxn:4:197162:228442	COc1cc(Cl)c(F)cc1-c1nc2ccoc2cc1C(C)=O	0.030317
rxn:4:202859:228068	Fc1ccc2sc(-c3ccc(OCC(F)(F)F)nn3)cc2c1	0.030313
rxn:4:205125:228356	COC(=O)c1nc(-c2cnc(Cl)nc2C(C)C)cnc1Cl	0.030308
rxn:4:198482:228553	CCSc1ccc(-c2cc3nc(Cl)oc3cc2F)cc1	0.030297
rxn:4:218017:228857	c1cn2cc(-c3ccc4cn[nH]c4n3)cnc2n1	0.030295
rxn:4:215389:228791	CSc1ccc(-c2cnn(C3(C(F)(F)F)CC3)n2)c(F)c1	0.030290
rxn:4:208898:228246	CC(=O)c1ccc(Cl)c(-c2c[nH]c(-c3ccccc3Cl)n2)c1	0.030276
rxn:4:183009:228412	COc1cc(-c2ccc(C)c3ccccc23)c(F)cc1F	0.030271
rxn:4:199258:229035	Cc1cc(-c2cccc(F)c2C)c2ncccc2c1C	0.030264
rxn:4:197697:228833	Cc1ccc(F)c(-c2ccc3c(C(C)C)c[nH]c3c2)c1F	0.030262
rxn:4:211842:228439	COc1c(-c2cc3ncc(Cl)nc3cc2F)ccc(F)c1Cl	0.030257
rxn:4:178901:228513	FCc1ccc(-c2ccccc2C2CC2)c(C(F)(F)F)c1	0.030242
rxn:4:178900:228511	FCc1cc(-c2ccc(C3CC3)cc2)ccc1C(F)(F)F	0.030242
rxn:4:199134:227974	COc1cc(C)c(-c2cc(F)cc3ccc(C)nc23)c(C)c1	0.030240
rxn:4:198647:228824	Cc1cc(F)c(-c2nccc3ccc(Cl)cc23)c(F)c1	0.030206
rxn:4:220755:227888	CCCSc1cccc(-c2ccc(-n3cnnc3)nc2C)c1	0.030197
rxn:4:197395:227927	CCC(=O)c1cccc(-c2cncc3ccc(OC)cc23)c1	0.030189
rxn:4:198652:228409	COc1ccc(F)c(-c2nccc3cccc(Cl)c23)c1Cl	0.030181
rxn:4:208899:227990	CC(C)c1cc(Cl)ccc1-c1c[nH]nc1-c1ccc(F)cc1	0.030164
rxn:4:181008:228610	CC(C)(C)c1ccc(-c2ccc(C(F)F)c(F)c2F)s1	0.030160
rxn:4:211298:223328	Cc1c[nH]c2ncc(-c3snc4ncccc34)cc12	0.030158
rxn:4:198801:228393	COc1c(F)cc(F)cc1-c1ccc(F)c2nccc(Cl)c12	0.030145
rxn:4:181508:228316	CCOc1ncc(Cl)cc1-c1cc(-c2ccccc2F)co1	0.030141
rxn:4:178926:228287	Cc1nnc2cc(-c3cc(C(F)F)cc(C(F)F)c3)ccn12	0.030132
rxn:4:211850:229012	CC(C)c1ccsc1-c1cc(F)c2nc(Cl)ncc2c1	0.030118
rxn:4:176845:228569	COC(=O)c1ccc(-c2ccccc2N(C)C)c(SC)c1	0.030095
rxn:4:198675:228255	COc1c(-c2nc3c(C)ccc(Cl)c3s2)ccc(C)c1F	0.030084
rxn:4:174858:228001	CCCOC(=O)c1cccc(-c2ccc(Cl)c(C(C)C)c2)c1	0.030070
rxn:4:198825:228504	Fc1c(-c2cccc3c2CCC3)cc(F)c2ncccc12	0.030067
rxn:4:177001:228261	CCOc1c(-c2c(SC)ccc(F)c2C)ccc(OC)c1Cl	0.030066
rxn:4:179542:228448	CC(C)Oc1cc(Cl)ccc1-c1ccc(C(F)F)cc1Cl	0.030048
rxn:4:181028:228409	COc1ccc(F)c(-c2cc(F)c(F)cc2C(F)(F)F)c1Cl	0.030015
rxn:4:178722:228365	O=C(c1cccc(-c2cnc(C3CC3)nc2Cl)c1)C(F)F	0.030000
rxn:4:217043:228698	CCC(=O)c1ccc(-c2cnc(Cl)nc2N2CCCC2)s1	0.029964
rxn:4:208888:228805	CSc1cccc(-c2ccn(-c3cccc(Cl)c3)n2)c1F	0.029932
rxn:4:202943:228811	COCn1cc(-c2cc(SC)ccc2F)c(C(F)(F)F)n1	0.029925
rxn:4:215385:223367	Fc1c(-c2cnn(Cc3cocn3)c2)cnc2[nH]ccc12	0.029855
rxn:4:182652:227916	Clc1cccc2c(-c3ccc(OC4CC4)cc3)csc12	0.029851
rxn:4:182004:228213	c1ccn(-c2csc(-c3ccc(C4CCCOC4)cc3)c2)c1	0.029832
rxn:4:198661:228152	CCOc1ccc(Cl)cc1-c1nccc2c(Cl)cccc12	0.029820
rxn:4:181012:223419	Fc1c(Cl)cc(-c2cc3ccncc3[nH]2)cc1C(F)(F)F	0.029818
rxn:4:174856:223299	CCC(=O)CSc1cccc(-c2cc3c(C)cccc3[nH]2)c1	0.029810
rxn:4:208670:228509	CC(C)c1ccc(-c2cc(-c3ccoc3)nc(Cl)n2)cc1	0.029777
rxn:4:211627:223419	Fc1ccc(-c2cc3ccncc3[nH]2)n2nccc12	0.029773
rxn:4:212251:228626	CCc1cccc(-c2ccc3c(Cl)nc(C)nc3c2)c1F	0.029767
rxn:4:198964:228007	Cc1ccc2ccc(-c3cc(F)ccc3C3CC3)cc2n1	0.029760
rxn:4:188818:228620	CCOC(=O)c1ccnc(-c2ccc(SC)c(C)c2)c1C	0.029736
rxn:4:211319:223334	Fc1ccc2cc(-c3nccc4ncoc34)[nH]c2c1	0.029705
rxn:4:218325:223408	Cn1c(-c2cccc3cn[nH]c23)nc2cnccc21	0.029661
rxn:4:205250:228074	Cc1nn(CC(F)(F)F)cc1-c1cc2cccc(F)c2s1	0.029656
rxn:4:208190:228560	CCSc1ccccc1-c1c(Cl)ncnc1C(F)(F)F	0.029633
rxn:4:208466:228478	CS(=O)(=O)c1ncc(-c2cncc(C(F)(F)F)c2)c(Cl)n1	0.029614
rxn:4:196259:228942	Fc1cc(Cl)cc(F)c1-c1ccccc1-c1ccccn1	0.029607
rxn:4:181355:227985	CC(C)c1cc(-c2cc(F)cc(C(C)(F)F)c2)ccc1F	0.029599
rxn:4:196831:227806	c1ccc2c(-c3cc(C4CCCCO4)ccn3)cccc2c1	0.029595
rxn:4:205629:223415	c1ccc(Cn2cnc(-c3cccc4[nH]cnc34)c2)cc1	0.029593
rxn:4:177291:229050	CC(C)COc1c(F)cccc1-c1cc2sccc2s1	0.029565
rxn:4:176366:227923	CCOc1ccc(C)cc1-c1ccc(SCC(F)(F)F)cc1	0.029562
rxn:4:192061:228432	COC(=O)c1cc(C)ncc1-c1ccc(Cl)c(SC)c1F	0.029557
rxn:4:209478:228674	Clc1nc(-c2cnc3sccc3c2)cc(C2CCCC2)n1	0.029525
rxn:4:198990:228847	Cc1cnc2cc(-c3c(C)cc(Cl)cc3F)ccc2c1	0.029509
rxn:4:211922:228961	Cc1nccc2[nH]cc(-c3cncc4ncnn34)c12	0.029492
rxn:4:179453:228798	COC(=O)c1cc(C)c(-c2ccc(F)c(SC)c2)cc1F	0.029468
rxn:4:182813:228587	Cc1cc(C#N)cc(-c2ccc3cc(Cl)ccc3c2)c1	0.029440
rxn:4:220998:228051	Cn1cnc2c(-c3cnc4nncc-4[nH]3)cccc21	0.029439
rxn:4:216816:228088	CCCSc1ccc(-c2csc(-c3cnc(C)nc3)n2)cn1	0.029394
rxn:4:211826:228835	Cc1cc(Cl)c(F)c(-c2cccc3nc(Cl)ncc23)c1	0.029391
rxn:4:181013:228257	COc1cc(C)cc(F)c1-c1cc(F)c(Cl)cc1C(F)(F)F	0.029390
rxn:4:196306:228360	Cc1cc(-c2ccco2)ncc1-c1cnc(C(C)C)nc1Cl	0.029378
rxn:4:176967:228317	COC(=O)c1ccc(-c2cccc(SCC3CC3)c2)cn1	0.029374
rxn:4:199195:227825	Cc1[nH]c2ccc(-c3cccc(C4CCC4)c3)cc2c1C	0.029305
rxn:4:216492:223332	Fc1ccc2[nH]c(-c3nnc(-c4ccoc4)[nH]3)cc2c1	0.029266
rxn:4:211845:227821	CCc1c(C)cc(C)cc1-c1cc(F)c2nc(Cl)cnc2c1	0.029262
rxn:4:199114:228230	Cc1ccc2ccc(F)c(-c3cnc(C4CC4)c(Cl)c3)c2n1	0.029249
rxn:4:209098:227985	Cc1nc(-c2cscn2)ccc1-c1ccc(F)c(C(C)C)c1	0.029228
rxn:4:211795:228268	CSc1c(-c2ncc3c(Cl)cccc3n2)ccc(C)c1F	0.029203
rxn:4:182818:229132	Fc1ccc(-c2cc(Cl)c3ccccc3c2)cc1F	0.029172
rxn:4:182799:228810	CSc1c(Cl)cccc1-c1ccc(C)c2occc12	0.029168
rxn:4:209063:227994	Cc1noc(-c2ccc(-c3cc(C(C)C)ccc3Cl)cc2)n1	0.029167
rxn:4:210131:223433	COc1cnc2[nH]cc(-c3cnc4[nH]cnc4c3)c2c1	0.029166
rxn:4:218048:223315	Cc1ccc2[nH]ncc2c1-c1cnc2ccc(Cl)nn12	0.029165
rxn:4:218095:223328	Cc1c[nH]c2ncc(-c3ccn4c(Cl)nnc4c3)cc12	0.029165
rxn:4:212112:228359	Cc1n[nH]c2cc(F)c(-c3cnn(-c4ccco4)c3)cc12	0.029153
rxn:4:218232:223301	Cc1cc2ccc(-c3cnn4ccn(C)c34)cc2[nH]1	0.029131
rxn:4:179547:228538	CCOc1ccc(-c2cccc3sccc23)c(Cl)c1C	0.029124
rxn:4:220593:223394	c1cncc(-c2nc(-c3cccc4cc[nH]c34)n[nH]2)c1	0.029119
rxn:4:216630:223329	Cc1ccc2cn[nH]c2c1-c1cccc(-n2cccn2)n1	0.029103
rxn:4:220738:223395	Cc1cc(-n2ccnc2)nc(-c2cccc3[nH]ccc23)n1	0.029103
rxn:4:210369:223406	COc1nccc2c(-c3cncc4cc[nH]c34)cncc12	0.029068
rxn:4:182834:228988	Cc1ccc(-c2c(F)ccc3ccccc23)cc1C	0.029058
rxn:4:199110:228280	COc1cc(-c2ccnc3c(C)c(F)ccc23)c(C)cc1Cl	0.029010
rxn:4:216680:223332	Fc1ccc2[nH]c(-c3ncccc3-n3cccn3)cc2c1	0.029008
rxn:4:182647:228984	Cc1ccc(C)c(-c2cc3ccc(Cl)cc3s2)c1	0.029003
rxn:4:220276:228663	c1ccc2sc(-c3cnn(Cn4cccn4)c3)nc2c1	0.028996
rxn:4:218160:228060	Cc1nc2ccc(-c3c(F)ccc4[nH]nnc34)cc2s1	0.028990
rxn:4:217452:228074	COc1cc2c(-c3cc4cccc(F)c4s3)c[nH]c2nn1	0.028985
rxn:4:210166:223391	COc1ncc2[nH]ccc2c1-c1cc2ccccc2[nH]1	0.028940
rxn:4:180966:228849	Cc1cc(-c2ccc(Cl)c(C(F)F)c2F)cc(Cl)c1F	0.028928
rxn:4:220691:223407	c1ncc(-c2cncc(-c3cnc4cc[nH]c4c3)n2)cn1	0.028907
rxn:4:196275:227938	CCOc1c(C)cccc1-c1nc(-c2ccccc2C)cs1	0.028874
rxn:4:196831:228459	COc1ncc(-c2cc(C3CCCCO3)ccn2)c(SC)n1	0.028870
rxn:4:182773:228264	COc1cc(-c2cccc3scc(C)c23)c(Cl)cc1C	0.028848
rxn:4:208469:228675	Cc1nc(Cl)c(-c2cccc3scnc23)c(C(F)(F)F)n1	0.028835
rxn:4:181491:223405	c1cc(-c2ccoc2)cc(-c2ccc3[nH]cnc3c2)c1	0.028831
rxn:4:210360:223394	COc1ncc2cc(-c3cccc4cc[nH]c34)ccc2n1	0.028823
rxn:4:197389:223417	COc1cc2ccncc2cc1-c1n[nH]c2ccccc12	0.028823
rxn:4:191935:228627	CCc1ccc(Cl)c(-c2csc(Oc3ccccc3)n2)c1	0.028811
rxn:4:209899:223408	N#Cc1nc2cc(-c3cccc4cn[nH]c34)ccc2s1	0.028801
rxn:4:203145:228005	CCOC(=O)c1c(-c2cc(C)c(SC)cc2C)nn(C)c1C	0.028777
rxn:4:196210:228072	Clc1cccc2cc(-c3cccc(C4CCC4)n3)sc12	0.028760
rxn:4:202941:228070	CCOC(=O)c1cnc(Cl)c(-c2cc3cc(Cl)ccc3s2)n1	0.028743
rxn:4:199223:228243	CC(=O)c1cccc(-c2cc(F)c3c(C)cn(C)c3c2)c1F	0.028731
rxn:4:198885:228672	Cc1ccc(-c2ccc3cnoc3c2)c2cc[nH]c12	0.028726
rxn:4:218304:223329	Cc1ccc2cn[nH]c2c1-c1cccc2nnn(C)c12	0.028709
rxn:4:221035:223301	Cc1nc2ncc(-c3ccc4cc(C)[nH]c4c3)cn2n1	0.028708
rxn:4:181002:228299	CCOC(=O)c1csc(-c2c(F)cccc2C(F)(F)F)c1	0.028707
rxn:4:195869:223365	Fc1cc2cn[nH]c2cc1-c1cccc(-c2cnco2)c1	0.028692
rxn:4:211418:223304	Cc1cc2cc(-c3cc4cnccn4c3)ccc2[nH]1	0.028690
rxn:4:218013:223316	Cc1n[nH]c2ccc(-c3cc4[nH]ncc4cn3)cc12	0.028664
rxn:4:197151:228466	COC(=O)c1sc(Cl)cc1-c1cccc2cc(C#N)ccc12	0.028644
rxn:4:176475:228274	CSc1cc(-c2cccc(SC)c2OC(F)F)c(F)cc1C	0.028640
rxn:4:218489:223430	Cc1cc2c(-c3ccc4[nH]nnc4c3)nn(C)c2cn1	0.028592
rxn:4:211708:223363	Cc1n[nH]c2ncc(-c3ccc4ccnnc4c3)cc12	0.028589
rxn:4:183219:228046	Cn1ccc2c(-c3ccc4c(c3)C(C)(C)CCS4)ccnc21	0.028563
rxn:4:218459:223393	Cc1nc2cncc(-c3c[nH]c4ccccc34)c2n1C	0.028550
rxn:4:179429:227874	Cc1cc(-c2cccc(C(=O)C3CC3)c2F)cc2ccoc12	0.028454
rxn:4:208645:228443	CSc1c(F)ccc(-c2cccc(-c3noc(Cl)n3)c2)c1F	0.028447
rxn:4:180970:227850	Fc1cc(C(F)F)c(F)cc1-c1ccc2cnccc2c1	0.028441
rxn:4:198990:228394	Cc1cnc2cc(-c3ccccc3C(F)(F)F)ccc2c1	0.028427
rxn:4:186145:228070	CCOc1cc(-c2cc3cc(Cl)ccc3s2)cnc1OCC	0.028403
rxn:4:195889:223323	Cc1cc2cn[nH]c2cc1-c1ccc(-c2cccnc2)o1	0.028398
rxn:4:180374:228698	CCC(=O)c1ccc(-c2c(C(C)C)cccc2C(C)C)s1	0.028379
rxn:4:208839:223304	Cc1ccn(-c2coc(-c3ccc4[nH]c(C)cc4c3)c2)n1	0.028366
rxn:4:181486:228394	FC(F)(F)c1ccccc1-c1cccc(-c2ccco2)c1	0.028337
rxn:4:182134:223326	COc1cc(-c2cccc3c(C)n[nH]c23)c2ccoc2c1	0.028317
rxn:4:220620:228662	c1cc2sc(-c3ccc(-n4ccnc4)nn3)cc2cn1	0.028292
rxn:4:199098:227968	Cc1c(-c2cnccc2C2CCC2)ccc2c(Cl)ccnc12	0.028277
rxn:4:209978:228001	CC(C)c1cc(-c2ccc3cc(C#N)ccc3n2)ccc1Cl	0.028274
rxn:4:218069:227876	Cc1oc2ccccc2c1-c1ccnc2[nH]nc(Cl)c12	0.028271
rxn:4:211713:223338	Fc1cc(-c2ccnc3ncccc23)c2cc[nH]c2c1	0.028263
rxn:4:181647:227836	Cc1ccc(-c2c(C)cc(C(F)(F)F)cc2C)c(C2CC2)c1	0.028255
rxn:4:195877:228854	c1cc(-c2ccn3cnnc3c2)cc(-c2ccns2)c1	0.028160
rxn:4:195877:228855	c1cc(-c2cnc3ccnn3c2)cc(-c2ccns2)c1	0.028160
rxn:4:179388:223380	CSc1ccc(-c2ccc3oc(=O)[nH]c3c2)cc1C(C)=O	0.028155
rxn:4:197147:228224	Cc1cc(C#N)cc(-c2ccc3ccc(C#N)cc3c2)c1Cl	0.028138
rxn:4:181570:228076	CCc1cccc(-c2cc3ccc(Cl)cc3s2)c1C	0.028125
rxn:4:217285:228538	N#Cc1c(-c2cccc3sccc23)ccc2[nH]ncc12	0.028113
rxn:4:182257:223433	CCc1cccc2cccc(-c3cnc4[nH]cnc4c3)c12	0.028093
rxn:4:218055:228657	Clc1cnc2ncc(-c3cccn4nccc34)n2c1	0.028091
rxn:4:209000:228068	Fc1ccc2sc(-c3cnc(C4CCC4)nc3Cl)cc2c1	0.028078
rxn:4:196280:228521	Cc1ccc(-c2scnc2-c2cc(C)c(C)c(C)c2)cc1	0.028065
rxn:4:212253:227964	Cc1nc(Cl)c2sc(C)c(-c3cncc(C4(C)CC4)c3)c2n1	0.027983
rxn:4:198963:223410	Cc1cncc2c(-c3c[nH]c4cnccc34)cccc12	0.027958
rxn:4:199022:223404	Cc1ncc2ccccc2c1-c1cccc2[nH]ncc12	0.027958
rxn:4:211708:223304	Cc1cc2cc(-c3ccc4ccnnc4c3)ccc2[nH]1	0.027958
rxn:4:182650:228446	COc1cc(F)cc(-c2cc3cccc(Cl)c3s2)c1Cl	0.027942
rxn:4:181117:228080	COc1cc(Cl)c(-c2cc3c(Cl)cccc3s2)cc1F	0.027942
rxn:4:218343:227864	Cc1ccc2cc(-c3nccc4c(C)n[nH]c34)sc2c1	0.027939
rxn:4:198571:223329	Cc1ccc2nc(-c3c(C)ccc4cn[nH]c34)sc2c1	0.027939
rxn:4:178884:228260	COC(=O)c1cc(-c2cccc(C(C)(F)F)c2)c(F)cc1F	0.027938
rxn:4:216992:223374	Cn1ccnc1-c1cncc(-c2ccc3c(Cl)n[nH]c3c2)c1	0.027920
rxn:4:218357:228358	Cn1ncc2ccnc(-c3cnn(-c4ccoc4)c3)c21	0.027905
rxn:4:201275:228449	COC(=O)CCc1cncc(-c2cc(SC)c(Cl)cc2F)n1	0.027835
rxn:4:208233:229065	CSc1nc(Cl)ncc1-c1ccnc(C#N)c1	0.027828
rxn:4:198315:228968	CSc1ncc(-c2ccc(C)c(C)n2)c(Cl)n1	0.027826
rxn:4:198514:223409	Clc1cccc2c(-c3cnc4[nH]ccc4c3)c[nH]c12	0.027819
rxn:4:208545:228850	c1cc(-c2cncc(-c3ccc4nncn4c3)n2)co1	0.027764
rxn:4:216629:228352	c1ccc(-n2cc(-c3ccc(-n4cccn4)s3)cn2)nc1	0.027745
rxn:4:182139:228860	COc1c(-c2cccc3nonc23)ccc2sccc12	0.027739
rxn:4:221874:228213	c1ccn(-c2csc(-c3cn(-c4cncnc4)nn3)c2)c1	0.027734
rxn:4:209369:223390	Cn1cnc(-c2ccc(-c3ccc4cc[nH]c4c3)cc2)c1	0.027721
rxn:4:195927:227974	COc1cc(C)c(-c2csc(-c3cccc(Cl)c3)n2)c(C)c1	0.027703
rxn:4:182819:227974	COc1cc(C)c(-c2ccc3ccc(Cl)cc3c2)c(C)c1	0.027701
rxn:4:208511:228061	CSc1ncc(-c2cccc3onc(C)c23)c(C)n1	0.027685
rxn:4:212238:228391	Cc1nc2cc(-c3cccc(C(F)(F)F)c3)ccc2nc1Cl	0.027684
rxn:4:210494:223373	Fc1ccc2[nH]ncc2c1-c1c(C2CC2)nc2ccccn12	0.027677
rxn:4:210178:223304	COc1ccc2[nH]cnc2c1-c1ccc2[nH]c(C)cc2c1	0.027665
rxn:4:211969:223365	Cc1cnc2[nH]ccc2c1-c1cc2[nH]ncc2cc1F	0.027660
rxn:4:211955:223373	Cc1c[nH]c2nccc(-c3c(F)ccc4[nH]ncc34)c12	0.027660
rxn:4:220297:223302	Cc1ccc2[nH]ccc2c1-c1ccccc1Cc1nnn[nH]1	0.027634
rxn:4:212220:227848	Cn1ccc2c(-c3cccc4cccnc34)c[nH]c2c1=O	0.027624
rxn:4:178899:227838	Cc1ccc(C2CC2)c(-c2c(CF)cccc2C(F)(F)F)c1	0.027611
rxn:4:216916:223300	Cc1c[nH]c2ccc(-c3ccccc3-c3nncn3C)cc12	0.027593
rxn:4:182823:228987	Cc1cc(C)cc(-c2cc3ccccc3cc2Cl)c1	0.027573
rxn:4:198809:223431	Fc1cc(-c2cnc3[nH]ncc3c2)c(Cl)c2ccncc12	0.027542
rxn:4:212130:228052	Cc1n[nH]c2c(F)ccc(-c3ccc4nnccc4c3)c12	0.027536
rxn:4:218166:228250	Clc1ncnc2cc(-c3ccc(-c4ccco4)s3)[nH]c12	0.027524
rxn:4:211487:223297	Cc1ccc2[nH]c(-c3ccn4ccnc4c3Cl)cc2c1	0.027473
rxn:4:197367:223315	COc1cnc2ccc(-c3c(C)ccc4[nH]ncc34)cc2c1	0.027467
rxn:4:210014:223430	N#Cc1c(-c2ccc3[nH]nnc3c2)cnc2ccccc12	0.027467
rxn:4:178876:223305	Cc1c[nH]c2cc(-c3ccc(Cl)cc3CC(F)(F)F)ccc12	0.027449
rxn:4:216988:228976	Cc1ccc(-n2cnnc2-c2ccc3c(c2)C=C3)cc1	0.027446
rxn:4:211326:223302	Cc1ccc2[nH]ccc2c1-c1nc2c(Cl)cncc2s1	0.027412
rxn:4:210651:223403	CC(C)c1cc(-c2ccc3cn[nH]c3c2)cc2cn[nH]c12	0.027397
rxn:4:209999:228189	CCSc1ccc(F)c(-c2cccc3cn(C(F)F)nc23)c1	0.027393
rxn:4:195937:228184	COc1ccc(-c2nc(-c3cccc(F)c3)cs2)cc1SC	0.027361
rxn:4:195827:228859	c1ccc(-c2ncc(-c3cccc4nsnc34)s2)cc1	0.027349
rxn:4:181315:228068	Cc1cc(-c2cc3cc(F)ccc3s2)cc(C(F)F)c1	0.027346
rxn:4:217999:227854	Cn1ccc2cc(-c3nccc4nccn34)ccc21	0.027311
rxn:4:198679:228435	CSc1ccc(F)c(F)c1-c1cccc2nccc(Cl)c12	0.027306
rxn:4:198671:228435	CSc1ccc(F)c(F)c1-c1ccc2c(Cl)cccc2n1	0.027306
rxn:4:198633:228394	FC(F)(F)c1ccccc1-c1ccc(Cl)c2cccnc12	0.027244
rxn:4:208572:228355	c1ccc(-c2scnc2-c2cc(-n3cccn3)cs2)nc1	0.027215
rxn:4:218292:228852	Cc1c(-c2cnn3ccncc23)ncc2nccn12	0.027162
rxn:4:197107:228287	COc1cccc2sc(-c3ccn4c(C)nnc4c3)nc12	0.027103
rxn:4:220860:228060	COc1ncc(-c2ccc3nc(C)sc3c2)n2cnnc12	0.027093
rxn:4:217952:228538	Clc1nc2ncc(-c3cccc4sccc34)nc2s1	0.027092
rxn:4:196291:228007	Cc1nc(-c2ccc(-c3cc(F)ccc3C3CC3)cc2)cs1	0.027063
rxn:4:194065:228017	CCOc1nc2ccc(-c3cc(C4CC4)ccc3Cl)cc2s1	0.027035
rxn:4:180375:227980	CC(C)c1ccc(C(C)C)c(-c2ccc(C3CC3)cc2F)c1	0.027029
rxn:4:199130:223418	Cc1cc(F)c2ncc(-c3c[nH]cc4nccc3-4)cc2c1	0.026993
rxn:4:208904:227843	Fc1ccccc1-c1n[nH]cc1-c1cncc2ccccc12	0.026945
rxn:4:208912:227851	Fc1ccc(-c2cccc3ccncc23)cc1-c1cc[nH]n1	0.026945
rxn:4:198605:228665	Cc1nc2c(-c3ccc4ncoc4c3)cccc2s1	0.026941
rxn:4:212140:227852	Cc1c(F)cc(-c2ccc3cccnc3c2)c2cn[nH]c12	0.026930
rxn:4:183159:228792	CSc1ccc(-c2ccc3c(c2)C(=O)CCCC3)cc1F	0.026911
rxn:4:196145:228666	c1ccc(-n2cccc2)c(-c2ccc3ocnc3c2)c1	0.026907
rxn:4:199296:228070	CN1CCCc2c(-c3cc4cc(Cl)ccc4s3)cccc21	0.026886
rxn:4:211483:227874	Cc1cc(-c2nccc3[nH]cc(Cl)c23)cc2ccoc12	0.026861
rxn:4:208469:228539	Cc1nc(Cl)c(-c2ccc3ccsc3c2)c(C(F)(F)F)n1	0.026832
rxn:4:209040:228856	c1ccc(-c2cncc(-c3cnn4cccnc34)n2)cc1	0.026822
rxn:4:220690:228538	c1ccc(-c2nnc(-c3cccc4sccc34)nn2)cc1	0.026808
rxn:4:211347:223326	Cc1n[nH]c2c(-c3cc4c(Cl)ncnc4s3)cccc12	0.026804
rxn:4:218100:227857	Cn1ccc2cccc(-c3nnc4c(Cl)cccn34)c21	0.026757
rxn:4:211783:228976	Clc1cnc2c(-c3ccc4c(c3)C=C4)cccc2n1	0.026741
rxn:4:199066:227963	Cc1ccc2nccc(-c3ccnc(C(C)(C)C)c3)c2c1Cl	0.026731
rxn:4:210495:228522	COc1cc2cnn(C)c2cc1-c1ccn2cccc2c1	0.026729
rxn:4:216645:227852	c1cnc2cc(-c3cnccc3-n3cccn3)ccc2c1	0.026706
rxn:4:183154:229016	Cc1cc2ccccc2c(-c2ccsc2C2CC2)c1C	0.026700
rxn:4:208563:228040	c1cc(-c2cocn2)nc(-c2ccnc3ccncc23)c1	0.026693
rxn:4:199135:228806	CSc1cc(Cl)cc(-c2cc(F)c3nc(C)ccc3c2)c1	0.026675
rxn:4:212280:223315	Cc1ccc2[nH]ncc2c1-c1ccc2ncn(C)c(=O)c2c1	0.026638
rxn:4:198621:223364	Fc1c[nH]c2ncc(-c3cccc4c(Cl)ccnc34)cc12	0.026616
rxn:4:217293:228288	Cc1ccc2nc(-c3c[nH]c4ncc(C#N)c(Cl)c34)nn2c1	0.026611
rxn:4:210527:228656	c1cc(-c2ccc3c(cnn3C3CC3)c2)c2nccn2c1	0.026599
rxn:4:197552:228851	c1nc2cc(-c3ccc4c(ccn4C4CC4)c3)ccn2n1	0.026599
rxn:4:211672:228661	Fc1cc2nc(-c3ccc4ncsc4c3)cn2cc1F	0.026572
rxn:4:182810:227807	Cc1cc2ccsc2cc1-c1cccc2c1CCCC2	0.026548
rxn:4:208659:228661	Fc1ccc(-c2ccc3ncsc3c2)cc1-c1ncon1	0.026544
rxn:4:208588:227855	Cn1c(-c2ccnc(-c3ncco3)c2)cc2ccccc21	0.026527
rxn:4:211640:228058	Cc1nc2ccc(-c3cc(F)cn4ccnc34)cc2o1	0.026452
rxn:4:208579:228384	c1cc(-c2cnoc2)cc(-c2ccc(-c3nccs3)s2)n1	0.026434
rxn:4:216820:228350	c1cncc(-c2cnc(-c3cnn(-c4ccsc4)c3)nc2)c1	0.026431
rxn:4:208623:227850	c1cc2cc(-c3cnc(-c4ccoc4)nc3)ccc2cn1	0.026408
rxn:4:220300:228045	Cn1ccc2ncc(-c3cncc(Cn4cncn4)c3)cc21	0.026386
rxn:4:218334:228285	Cc1nnc2ccc(-c3ccc4cnn(C)c4n3)cn12	0.026361
rxn:4:208890:223368	Clc1ccc(-n2cc(-c3ccc(Cl)c4[nH]ncc34)cn2)cc1	0.026281
rxn:4:217530:228074	CCc1nnc2ccc(-c3cc4cccc(F)c4s3)cn12	0.026266
rxn:4:221082:228247	CC(=O)c1ccc(F)c(-c2cnc3c4cc[nH]c4ncn23)c1	0.026241
rxn:4:215993:227871	Cc1sc2ccccc2c1-c1cccc2[nH]c(CC#N)nc12	0.026226
rxn:4:215388:228030	Cn1ncc2cc(-c3cnn(Cc4cnc(Cl)s4)c3)ccc21	0.026218
rxn:4:199005:223368	Cc1ccnc2c(-c3ccc(Cl)c4[nH]ncc34)cccc12	0.026217
rxn:4:198716:228656	Fc1cccc2c(-c3cccn4ccnc34)nccc12	0.026201
rxn:4:181040:228015	Fc1c(-c2cccc(Cl)c2C2CC2)ccc(C(F)(F)F)c1F	0.026174
rxn:4:212205:228669	Cc1cc(-c2cnc3ccoc3c2)c2cccnc2n1	0.026169
rxn:4:198525:223328	Cc1c[nH]c2ncc(-c3ccc4cc[nH]c4c3Cl)cc12	0.026147
rxn:4:195863:228046	Cn1ccc2c(-c3ccc(-c4nccs4)cc3)ccnc21	0.026144
rxn:4:211497:227849	Clc1cnc2c(-c3ccnc4ccccc34)cccn12	0.026127
rxn:4:195927:228926	CSc1ncc(-c2csc(-c3cccc(Cl)c3)n2)cc1Cl	0.026110
rxn:4:217514:227848	CC(=O)c1n[nH]c2ncc(-c3cccc4cccnc34)cc12	0.026087
rxn:4:180261:228444	CC(C)c1cc(-c2ccc(Cl)c(C(F)F)c2)cc(C2CC2)c1	0.025986
rxn:4:182213:228189	CCSc1ccc(F)c(-c2ccc3c(c2)C(=O)OC3CC)c1	0.025943
rxn:4:218181:228459	COc1ncc(-c2cc(Cl)nn3c(F)cnc23)c(SC)n1	0.025938
rxn:4:197127:229130	CSc1nc2c(-c3ccc(Cl)c(F)c3)cc(Cl)cc2s1	0.025934
rxn:4:198408:228048	Cn1ccc2cc(-c3nc4cc(Cl)ccc4s3)cnc21	0.025890
rxn:4:199056:228445	Cc1cc(Cl)c2cccc(-c3c(F)cccc3C(F)F)c2n1	0.025858
rxn:4:211803:228663	Clc1cc2ncncc2cc1-c1nc2ccccc2s1	0.025839
rxn:4:195931:228284	Cn1cc2cc(-c3cc(-c4ccc(F)cc4)on3)cnc2n1	0.025823
rxn:4:216974:227865	Cc1ccccc1-c1nnc(-c2sc3ccccc3c2C)[nH]1	0.025810
rxn:4:211348:228184	COc1ccc(-c2cc3ncnc(Cl)c3s2)cc1SC	0.025749
rxn:4:195947:228350	Fc1c(-c2ccco2)ccnc1-c1cnn(-c2ccsc2)c1	0.025601
rxn:4:209071:228036	Cc1cc2nccn2cc1-c1cccc(-c2ncccn2)c1	0.025598
rxn:4:196318:228287	Cc1nnc2cc(-c3ccccc3-c3cccnc3)ccn12	0.025598
rxn:4:208902:229050	Fc1ccccc1-n1cc(-c2cc3sccc3s2)cn1	0.025584
rxn:4:218501:228028	Cc1nc2cc(C)c(-c3cccc4nn(C)cc34)cn2n1	0.025583
rxn:4:216834:227852	c1cnc(-c2cncnc2)c(-c2ccc3cccnc3c2)c1	0.025555
rxn:4:221074:228038	Cc1nc(-c2ccc3c(c2)ncn3C)cn2c(C)nnc12	0.025512
rxn:4:212228:228287	Cc1ncnc2c(-c3ccn4c(C)nnc4c3)cccc12	0.025508
rxn:4:212088:228032	Cn1cc(-c2cnc3cccnc3c2)c2ncc(Cl)cc21	0.025505
rxn:4:220692:228285	Cc1nnc2ccc(-c3cnc(-c4ncccn4)cn3)cn12	0.025488
rxn:4:181035:228920	CSc1nccc(-c2cc(C(F)(F)F)cc(Cl)c2F)c1F	0.025472
rxn:4:208888:228024	Cn1ncc2cccc(-c3ccn(-c4cccc(Cl)c4)n3)c21	0.025416
rxn:4:212392:228962	Cc1nc2ncccc2c(C)c1-c1cccn2nnnc12	0.025405
rxn:4:218478:227851	Cc1c2cc(-c3cccc4ccncc34)ncc2nn1C	0.025399
rxn:4:212392:228861	Cc1nc2ncccc2c(C)c1-c1cnc2scnc2c1	0.025398
rxn:4:216796:228059	Cc1nc2cc(-c3cnc(-c4cccnc4)cn3)ccc2s1	0.025394
rxn:4:212226:228047	Cc1c(-c2ccc(C)n3ccnc23)cnc2ncccc12	0.025369
rxn:4:208667:228852	Clc1nc(-c2ccoc2)ncc1-c1cnn2ccncc12	0.025321
rxn:4:210341:228058	COc1cc(C)c2nc(-c3ccc4nc(C)oc4c3)sc2n1	0.025314
rxn:4:182747:228539	O=c1ccoc2c(-c3ccc4ccsc4c3)cccc12	0.025301
rxn:4:208233:227921	COC(C)c1cccc(-c2cnc(Cl)nc2SC)c1	0.025272
rxn:4:195867:228306	CC(C)Sc1ncc(-c2cccc(-c3ncco3)c2)cn1	0.025267
rxn:4:218529:228151	COC(=O)c1cccc(-c2c3cc[nH]c3nc3cc[nH]c23)c1	0.025238
rxn:4:198929:228213	Cc1cc2c(F)ccc(-c3cc(-n4cccc4)cs3)c2[nH]1	0.025185
rxn:4:182685:227866	Cc1ccc2sc(-c3cc4c(cc3Cl)OC(F)(F)O4)cc2c1	0.025166
rxn:4:211835:223337	Fc1cc(Cl)c2nc(-c3cc4cc[nH]c4cc3F)ncc2c1	0.025112
rxn:4:198692:228054	Fc1ccc(-c2cnc3ncccc3c2)c2cnccc12	0.025098
rxn:4:207098:223303	COC(=O)c1cc2c(-c3cccc4[nH]c(C)cc34)n[nH]c2s1	0.025094
rxn:4:212210:228065	Cc1noc2ccc(-c3cnc(C)c4ncccc34)cc12	0.025023
rxn:4:198685:228046	Cc1cc2oc(Cl)nc2cc1-c1ccnc2c1ccn2C	0.024983
rxn:4:211985:228452	Cc1cnc2cc(-c3cc4c(Cl)ncnc4s3)ccn12	0.024980
rxn:4:212377:228667	Cc1nn(C)c2cc(F)c(-c3cc4ncccc4s3)cc12	0.024967
rxn:4:212149:228060	Cc1nc2ccc(-c3cc(F)c4ncn(C)c4c3)cc2s1	0.024967
rxn:4:218226:228674	Clc1ncc2cc(-c3cnc4sccc4c3)cnc2n1	0.024960
rxn:4:175286:223297	Cc1ccc2[nH]c(-c3cccc(SCCC(C)C)c3)cc2c1	0.024917
rxn:4:197330:227857	COc1cnc2cc(-c3cccc4ccn(C)c34)ccc2c1	0.024833
rxn:4:197335:227855	COc1ccc2c(-c3cc4ccccc4n3C)nccc2c1	0.024833
rxn:4:210342:228360	CC(=O)c1cnn2ccc(-c3cnc(C(C)C)nc3Cl)cc12	0.024779
rxn:4:216807:228081	Fc1ccc2scc(-c3nccc(-c4ccccn4)n3)c2c1	0.024760
rxn:4:211852:223363	Cc1n[nH]c2ncc(-c3ccc4nc(Cl)ncc4c3F)cc12	0.024746
rxn:4:195460:228968	CSc1ncc(-c2cc(C)c(C#N)c(Cl)c2)c(Cl)n1	0.024728
rxn:4:198641:228042	Cn1c(-c2cc(Cl)c3cnccc3c2)cc2cccnc21	0.024725
rxn:4:210316:223301	CC(=O)c1c[nH]c2ccnc(-c3ccc4cc(C)[nH]c4c3)c12	0.024663
rxn:4:196324:228523	c1ccc(-c2ccc3cccn3c2)c(-c2ccncc2)c1	0.024629
rxn:4:178620:228072	FC(F)Sc1ccc(-c2cc3cccc(Cl)c3s2)cc1	0.024626
rxn:4:199222:228666	Cc1cn(C)c2cc(F)c(-c3ccc4ocnc4c3)cc12	0.024573
rxn:4:210366:228186	COc1c(SC)cccc1-c1ccc2ncc(C(C)=O)n2c1	0.024571
rxn:4:207118:228081	N#CCc1c[nH]c2ccc(-c3csc4ccc(F)cc34)cc12	0.024509
rxn:4:217511:228286	Cc1cc(-c2ccc3nn(C)c(C#N)c3c2)cn2cnnc12	0.024506
rxn:4:197530:228675	CCc1ccc2nccc(-c3cccc4scnc34)c2c1	0.024505
rxn:4:205256:228569	COc1nc(SC)nc(Cl)c1-c1ccccc1N(C)C	0.024501
rxn:4:181006:228261	CSc1ccc(F)c(C)c1-c1cc(F)c(C(F)F)c(F)c1	0.024456
rxn:4:209337:228073	Cc1cccc(-n2cnc(-c3c(F)ccc4ccoc34)c2)c1	0.024290
rxn:4:211715:227862	Cc1ccc(-c2cc3cccc(C)c3s2)c2nsnc12	0.024143
rxn:4:179101:228189	CCSc1ccc(F)c(-c2cccc(C(F)(F)F)c2OC)c1	0.024111
rxn:4:179096:227940	CCc1cc(SC)cc(-c2cc(SC)c(Cl)c(C(F)F)c2)c1	0.024095
rxn:4:181725:228046	Cc1ccc(-c2ccc(-c3ccnc4c3ccn4C)o2)cc1	0.024081
rxn:4:195387:227866	Cc1ccc2sc(-c3cc(-c4nccs4)co3)cc2c1	0.024078
rxn:4:196328:223338	Cc1cc(-c2cscn2)cc(-c2cc(F)cc3[nH]ccc23)c1	0.023957
rxn:4:212108:228525	Cn1cc2c(Cl)cc(-c3cc4ccccc4s3)cc2n1	0.023869
rxn:4:208671:228047	Cc1ccc(-c2nc(Cl)cc(-c3ccco3)n2)c2nccn12	0.023855
rxn:4:198922:223392	Cc1cc2cc[nH]c2c(-c2ccc3[nH]ccc3c2)c1Cl	0.023772
rxn:4:198447:223330	Clc1ccc2[nH]c(-c3ccc4nsc(Cl)c4c3)cc2c1	0.023759
rxn:4:211509:228080	Clc1cccc2sc(-c3ccc4[nH]cnc4c3Cl)cc12	0.023759
rxn:4:217538:227845	CCc1cc(Cl)n2ncc(-c3cccc4cnccc34)c2n1	0.023736
rxn:4:208655:227862	Cc1cccc2cc(-c3nnc(-c4cccc(F)c4)o3)sc12	0.023586
rxn:4:183155:228286	Cc1ccc(-c2cc(C)c3nncn3c2)c2c(C)cccc12	0.023484
rxn:4:208339:228280	COc1cc(-c2cnc(S(F)(F)(F)(F)F)nc2)c(C)cc1Cl	0.023383
rxn:4:192034:228456	COC(=O)c1cc(-c2cnc(SC)nc2OC)cnc1C	0.023211
rxn:4:196250:228535	Cc1sc(-c2coc3ccccc23)nc1-c1ccccc1	0.023092
rxn:4:210331:228081	Cc1cc2[nH]cc(-c3csc4ccc(F)cc34)c2cc1C#N	0.022926
rxn:4:209352:228081	Cn1ccnc1-c1cccc(-c2csc3ccc(F)cc23)c1	0.022867
rxn:4:175122:228431	CCCCC(=O)c1ccccc1-c1cc(F)cc(F)c1SC	0.022703
rxn:4:198408:227874	Cc1cc(-c2nc3cc(Cl)ccc3s2)cc2ccoc12	0.022615
rxn:4:182794:227845	Cc1cc(-c2cccc3cnccc23)c2sccc2c1	0.022572
rxn:4:179982:228076	Cc1c(OC(C)C)ccc(-c2cc3ccc(Cl)cc3s2)c1Cl	0.022498
rxn:4:205506:228458	COc1nc(C)c(-c2cnc(SC)nc2SC)c(OC)n1	0.022487
rxn:4:178903:228344	Fc1cc(-c2ccc(SC(F)F)cc2)ccc1CC(F)(F)F	0.022444
rxn:4:183016:228522	Cc1ccc2cccc(-c3ccn4cccc4c3)c2c1	0.022415
rxn:4:179078:228458	CCOc1ccc(F)c(F)c1-c1cnc(SC)nc1SC	0.022156
rxn:4:197491:228213	CCc1c[nH]c2cc(Cl)c(-c3cc(-n4cccc4)cs3)cc12	0.021973
rxn:4:211852:227852	Fc1c(-c2ccc3cccnc3c2)ccc2nc(Cl)ncc12	0.021857
rxn:4:209993:227866	Cc1ccc2sc(-c3cccc4ccnc(C#N)c34)cc2c1	0.021738
rxn:4:178902:228449	CSc1cc(-c2cc(F)ccc2CC(F)(F)F)c(F)cc1Cl	0.021544
rxn:4:210507:227864	Cc1ccc2cc(-c3cn(C4CC4)c4ncccc34)sc2c1	0.021534
rxn:4:197212:227847	CCc1nc2c(Cl)cc(-c3cnc4ccccc4c3)cc2s1	0.021385
rxn:4:217536:227877	CCn1cc(-c2ccc3sc(C)cc3c2)c2ncnc(Cl)c21	0.021270
rxn:4:199200:227864	Cc1ccc2cc(-c3ccc4cc(C)[nH]c4c3C)sc2c1	0.021149
rxn:4:198964:227877	Cc1ccc2ccc(-c3ccc4sc(C)cc4c3)cc2n1	0.020744
rxn:4:198428:228076	Clc1ccc2cc(-c3ccc4sc(Cl)nc4c3)sc2c1	0.019365
rxn:4:196249:228076	Cc1ccc(-c2csc(-c3cc4ccc(Cl)cc4s3)n2)cc1	0.018057
rxn:4:178884:228458	COC(=O)c1cc(-c2cnc(SC)nc2SC)c(F)cc1F	0.016628
