name	smiles	heuristic
rxn:4:211124:229339	Fc1c[nH]nc1-c1nccs1	0.064099
rxn:4:194877:223470	FC(F)c1nscc1-c1nnc[nH]1	0.062170
rxn:4:195024:229329	CCc1ncsc1-c1cnc(Cl)s1	0.060736
rxn:4:198081:229317	Fc1ccc(-c2ncco2)s1	0.059565
rxn:4:208028:223471	FC(F)n1cncc1-c1cnn[nH]1	0.058503
rxn:4:208258:223466	CCn1cc(-c2cn[nH]c2)nc1F	0.058421
rxn:4:191437:229337	CCCc1ncc(-c2cnco2)s1	0.057978
rxn:4:191977:223468	CCN(C)c1coc(-c2c[nH]cn2)c1	0.057702
rxn:4:198487:223469	c1cc(-c2nc3c(s2)CCC3)n[nH]1	0.057606
rxn:4:211115:229164	COc1cncc(-c2c[nH]cn2)n1	0.056701
rxn:4:191646:223471	CCOc1ccc(-c2cnn[nH]2)nc1	0.056502
rxn:4:208686:229229	CC(C)c1nc(-c2cscc2C#N)c[nH]1	0.055983
rxn:4:198096:223453	Cc1csc(-c2cccnc2)n1	0.055570
rxn:4:194889:223464	FC(F)(F)c1ncc(-c2cc[nH]c2)o1	0.055131
rxn:4:181109:223470	CSc1c(-c2nnc[nH]2)ccc(Cl)c1F	0.054990
rxn:4:195512:229319	CC(C)c1nc(-c2ccc(Cl)s2)co1	0.054958
rxn:4:214423:223464	CC(C#N)Cn1cc(-c2cc[nH]c2)cn1	0.054916
rxn:4:181151:223470	COc1c(F)cc(F)cc1-c1nnc[nH]1	0.054859
rxn:4:211166:223468	Fc1cnc(Cl)nc1-c1c[nH]cn1	0.054569
rxn:4:195512:229332	CC(C)c1nc(-c2ccoc2)co1	0.054399
rxn:4:216366:229148	N#Cc1n[nH]cc1-c1cnn(CCF)c1	0.054369
rxn:4:209201:229301	Cc1[nH]nc(C(C)C)c1-c1cccnn1	0.054167
rxn:4:216563:229291	Cc1csc(-c2cnn(C(C)C)n2)c1	0.054124
rxn:4:195506:229298	CC(C)c1cnc(-c2cnccn2)s1	0.054020
rxn:4:198247:229273	COc1ncsc1-c1cc(C)ncc1Cl	0.053923
rxn:4:216473:229267	Cc1nc(-c2nsc(N(C)C)n2)sc1C	0.053850
rxn:4:216463:229201	Cc1ccccc1-c1n[nH]c(C2CC2)n1	0.053828
rxn:4:195287:223451	COc1nc(C)sc1-c1ccccc1	0.053650
rxn:4:195354:229322	COc1nc(-c2sccc2Cl)ccc1F	0.053596
rxn:4:211177:228082	Cc1c[nH]c(-c2ccnn2CCC(C)C)n1	0.053567
rxn:4:207971:229084	CC(C)c1ncsc1-c1ncc(C#N)s1	0.053490
rxn:4:182442:222418	NS(=O)(=O)c1ccc(-c2ccc(Cl)cc2)cc1	0.053488
rxn:4:204994:229336	N#CCc1cccnc1-c1cncs1	0.053462
rxn:4:198096:229245	Cc1csc(-c2cc(C)nn2C)n1	0.053424
rxn:4:198107:229240	Cc1ncc(-c2sncc2C)cn1	0.053335
rxn:4:208340:229051	CCCn1cc(-c2c[nH]nc2C2CC2)cn1	0.053334
rxn:4:194899:222417	COc1ncsc1-c1cnc(=O)[nH]c1C(C)C	0.053285
rxn:4:181583:223468	CC(C)(F)c1ccc(-c2c[nH]cn2)cc1	0.053236
rxn:4:202964:223460	CCCOc1cnc(-c2c[nH]c(C)n2)nc1	0.053226
rxn:4:198137:229053	COCc1ccc(-c2ccncc2F)s1	0.053153
rxn:4:211136:228331	CCOc1nccc(-c2snnc2C)c1Cl	0.052880
rxn:4:216366:229199	Cc1ccc(-c2c[nH]nc2C#N)cc1	0.052625
rxn:4:211180:228994	Cc1nc(-c2ccccc2C#N)c[nH]1	0.052625
rxn:4:178963:229296	CSCc1ccc(-c2cnn(C)c2)cc1	0.052531
rxn:4:211106:223346	O=C1NCc2cc(-c3nncs3)ccc21	0.052410
rxn:4:176469:223470	COc1ccc(OC(F)F)cc1-c1nnc[nH]1	0.052339
rxn:4:198088:227893	CN(C)Cc1cccc(-c2nc(Cl)cs2)c1	0.051936
rxn:4:216565:229230	CC(C)n1nncc1-c1cc(C#N)cs1	0.051840
rxn:4:217936:229009	Cc1nc(-c2cc(C3CC3)cs2)n(C)n1	0.051813
rxn:4:189255:223465	CCN(CC)c1cc(F)cc(-c2ccn[nH]2)c1	0.051747
rxn:4:198092:228015	Clc1cccc(-c2ccc[nH]2)c1C1CC1	0.051716
rxn:4:198143:229297	Fc1cc(Cl)cnc1-c1cncnc1	0.051693
rxn:4:194906:228783	COc1ccc(Cl)c(-c2coc(OC)n2)c1	0.051624
rxn:4:212211:229338	O=S1(=O)CCc2n[nH]c(-c3ccns3)c2C1	0.051538
rxn:4:180088:223468	COC1(c2cccc(-c3c[nH]cn3)c2)CCC1	0.051538
rxn:4:208250:227941	CCc1n[nH]cc1-c1cc(C)cc(COC)c1	0.051532
rxn:4:205083:229336	COc1nc(-c2cncs2)ccc1C#N	0.051490
rxn:4:181267:229327	CCc1cccc(-c2cnnn2C)c1	0.051426
rxn:4:191432:229075	CCCc1cnc(-c2cc(C)c(C#N)s2)s1	0.051419
rxn:4:208358:229082	CC(C)c1noc(-c2cc(N(C)C)cs2)n1	0.051416
rxn:4:211134:229119	Cc1cncc(-c2ccnnc2)c1Cl	0.051300
rxn:4:179507:229346	CCc1ccc(-c2cnon2)c(OC)c1	0.051285
rxn:4:198213:229148	Cc1cccnc1-c1cnn(CCF)c1	0.051254
rxn:4:181398:229341	C/C=C/c1ccc(-c2ccon2)cc1	0.051174
rxn:4:192011:229337	c1ncc(-c2csc(OC3CCOC3)n2)o1	0.051110
rxn:4:192156:229310	CCOc1nccc(C)c1-c1csc(C)n1	0.051095
rxn:4:195678:229258	NS(=O)(=O)c1c(Cl)cccc1-c1cncc(F)c1	0.051083
rxn:4:208437:229043	Cc1ccc(Cl)cc1-c1ccc(S(N)(=O)=O)nc1	0.051044
rxn:4:205073:229044	CCCc1nc(-c2cc(C)cc(Cl)c2)no1	0.051040
rxn:4:205484:229330	c1cc(-c2ccc(OC3CCC3)nn2)cs1	0.050943
rxn:4:205449:229284	CC(C)Cn1cncc1-c1cccnc1	0.050921
rxn:4:208253:228997	CCc1ccc(-c2nccn2CC)cn1	0.050906
rxn:4:198144:229230	N#Cc1csc(-c2ncc(F)cc2Cl)c1	0.050852
rxn:4:198219:223353	CC(=O)Nc1cccc(-c2nc(C)oc2C)c1	0.050736
rxn:4:196071:229324	CN(C)c1cccc(-c2cc(Cl)cs2)c1	0.050610
rxn:4:202975:223469	COc1cc(OC)c(-c2cc[nH]n2)nc1C#N	0.050595
rxn:4:198091:228920	CSc1nccc(-c2cnc(F)s2)c1F	0.050571
rxn:4:211130:228778	COc1cccc(-c2noc(C)n2)c1F	0.050569
rxn:4:195304:229281	COc1cc(-c2cnc(F)cn2)c(Cl)cn1	0.050446
rxn:4:216415:228841	CCn1cnc(-c2cc(F)c(Cl)cc2C)n1	0.050406
rxn:4:216556:228576	Cc1ccc(C#N)cc1-c1n[nH]c(C(C)C)n1	0.050341
rxn:4:195570:223450	CS(=O)(=O)c1ccnc(-c2c[nH]c(=O)c(Cl)c2)c1	0.050333
rxn:4:208219:229274	Clc1ncc(-c2nc(C3CC3)ns2)cn1	0.050320
rxn:4:181391:229322	COc1ccc(C)c(-c2sccc2Cl)c1	0.050289
rxn:4:208680:223396	CCn1nc(-c2ccc3c(c2)NCC3)cc1C	0.050271
rxn:4:198116:229006	CSc1ccc(-c2conc2C)cc1	0.050208
rxn:4:195032:223397	FCc1ccc(-c2ccc3c(c2)CCN3)cn1	0.050203
rxn:4:205163:229332	CCOc1nc(Cl)ncc1-c1ccoc1	0.050171
rxn:4:182210:223471	CCC1Oc2ccc(-c3cnn[nH]3)cc2C1=O	0.050146
rxn:4:182498:229163	COc1cc(-c2cccc(Cl)c2C)cnn1	0.050061
rxn:4:195501:222417	CCc1cnccc1-c1cnc(=O)[nH]c1C(C)C	0.050039
rxn:4:188313:223464	CC(=O)OCc1cc(-c2cc[nH]c2)ccn1	0.049971
rxn:4:189240:229343	CCN(CC)c1cccc(-c2ccsn2)c1	0.049968
rxn:4:195389:229052	CCCn1nccc1-c1ccn(CC)c1	0.049923
rxn:4:198107:227881	CCCOc1ccc(-c2sncc2C)cc1	0.049905
rxn:4:177021:223462	Cc1cc(-c2cc(F)cc(OCC3CC3)c2)n[nH]1	0.049904
rxn:4:207995:228748	COc1cc(C)c(-c2nnc(C(F)F)s2)cn1	0.049876
rxn:4:211681:229288	Cc1ccc(-c2ncn3c2CCC3)s1	0.049865
rxn:4:216510:223444	CNc1cc(-c2c(C#N)c(C)nn2C)ccn1	0.049859
rxn:4:195782:229275	Clc1cncc(-c2cnccc2C2CC2)n1	0.049841
rxn:4:211131:228728	COc1ncc(-c2nc(C)no2)cc1C	0.049804
rxn:4:191217:223460	COC(=O)c1cnc(-c2c[nH]c(C)n2)o1	0.049803
rxn:4:205296:229255	CCn1cc(-c2ccncc2F)c(OC)n1	0.049782
rxn:4:216390:228570	FC(F)(F)c1nc(-c2cncc(C3CC3)c2)n[nH]1	0.049780
rxn:4:205293:228706	CN(C)c1cc(-c2c[nH]nc2CC2CC2)ccn1	0.049751
rxn:4:207982:229136	N#Cc1nc(-c2cc(F)cc(Cl)c2)co1	0.049686
rxn:4:195675:229083	CC(C)c1ncc(-c2cc(S(N)(=O)=O)ccc2Cl)o1	0.049683
rxn:4:191911:229223	Cc1csc(C)c1-c1ccc(S(=N)(=O)CF)cc1	0.049596
rxn:4:208723:228967	Cn1cc(-c2ccc(S(C)(=N)=O)nc2)c(C(F)F)n1	0.049561
rxn:4:188119:229313	Cc1cc(-c2ccc(OCC(F)F)nc2)sn1	0.049555
rxn:4:208362:227893	CN(C)Cc1cccc(-c2ncc(C3CC3)[nH]2)c1	0.049553
rxn:4:217926:228180	COCc1cc(-c2cnnn2C)ccc1F	0.049535
rxn:4:180918:222419	NS(=O)(=O)c1cccc(-c2cc(F)ccc2CF)c1	0.049519
rxn:4:208078:228584	FC(F)(F)c1ncc(-c2ccnc(C3CC3)c2)[nH]1	0.049503
rxn:4:178991:223441	CNc1ccccc1-c1cc(Cl)cc(COC)c1	0.049492
rxn:4:182436:228617	COc1cccc(C)c1-c1cocc1C	0.049490
rxn:4:192312:229341	c1cc(-c2ccc(OC3CCC3)nc2)no1	0.049433
rxn:4:217923:227939	COC(C)c1ccccc1-c1ncnn1C	0.049425
rxn:4:205451:229225	CCCn1cc(C)c(-c2cnn(CC)c2)n1	0.049375
rxn:4:192984:229334	Cc1ccc(-c2cnoc2)c(CN(C)C)c1	0.049351
rxn:4:178994:229269	CCn1ncc(-c2cccc(COC)c2Cl)n1	0.049350
rxn:4:176753:229327	CCCOc1ccc(Cl)cc1-c1cnnn1C	0.049346
rxn:4:205453:229193	CCCn1c(-c2c(F)cncc2Cl)cnc1C	0.049340
rxn:4:196606:223471	CC1(c2cncc(-c3cnn[nH]3)c2)OCCO1	0.049323
rxn:4:180914:229167	CN(C)c1nc(-c2cc(Cl)ccc2CF)cs1	0.049298
rxn:4:194894:228191	COc1nc(-c2cnc(N(C)C)c(C)c2)cs1	0.049278
rxn:4:198119:228878	c1cncc(-c2cnn(C3COC3)c2)c1	0.049274
rxn:4:215653:229311	Cc1ncc(-c2nnn(C(C)C)c2C2CC2)s1	0.049272
rxn:4:211182:227946	Cc1[nH]nc(Cl)c1-c1ccc(C(C)(C)C)nc1	0.049221
rxn:4:211139:228701	c1ncc(-c2cnc(C3CC3)nc2)cn1	0.049202
rxn:4:208722:228757	COc1cnc(C)cc1-c1cncc(S(C)(=N)=O)c1	0.049200
rxn:4:192038:229336	N#CC1(c2cccc(-c3cncs3)c2)CC1	0.049178
rxn:4:194947:229054	COCc1cc(-c2cccc(C#N)c2Cl)cs1	0.049159
rxn:4:198256:229301	Cc1cc(F)cnc1-c1cccnn1	0.049151
rxn:4:194899:228126	COc1ccc(-c2scnc2OC)c(C#N)c1	0.049125
rxn:4:215612:229270	CCc1nnn(C(C)C)c1-c1cnc(C#N)s1	0.049113
rxn:4:180949:229300	Cn1cncc1-c1cccc(C(F)F)c1Cl	0.049100
rxn:4:198072:228063	c1nscc1-c1cnc2c(c1)COCC2	0.049080
rxn:4:215375:229075	COCn1nc(C)nc1-c1cc(C)c(C#N)s1	0.049060
rxn:4:217917:228084	CCCOc1ccc(-c2cnc(Cl)nn2)cn1	0.049045
rxn:4:211208:228967	Cc1cnc(-c2cn(C)nc2C(F)F)nc1	0.049021
rxn:4:195055:228340	COc1nc(C2CC2)sc1-c1cocc1S(N)(=O)=O	0.048974
rxn:4:208295:229306	Cc1cnc(-c2cc(C#N)c(C)cn2)s1	0.048964
rxn:4:208026:229208	Cc1cncc(-c2sc(C#N)nc2C)c1	0.048964
rxn:4:208097:229334	N#Cc1cncc(F)c1-c1cnoc1	0.048929
rxn:4:191225:229288	COC(=O)c1nc(-c2ccc(C)s2)co1	0.048922
rxn:4:211198:229142	Cn1nc(F)cc1-c1cccc(F)c1Cl	0.048916
rxn:4:198237:229234	CSc1ccc(-c2cc(C)c(Cl)cn2)s1	0.048898
rxn:4:195370:229263	COc1c(F)cncc1-c1cnccc1F	0.048892
rxn:4:208372:229326	COc1nc(-c2cnn(C)n2)cn1C	0.048887
rxn:4:191734:223447	Cc1ccc(OC(F)F)c(-c2cc(C)[nH]c(=O)c2)n1	0.048881
rxn:4:191373:229337	N#CCc1ccc(F)c(-c2cnco2)c1F	0.048827
rxn:4:217918:228993	N#Cc1ccc(-c2ncnc(Cl)n2)cc1	0.048810
rxn:4:182524:222419	Cc1cc(-c2cccc(S(N)(=O)=O)c2)c(Cl)cc1F	0.048737
rxn:4:220271:228928	N#Cc1nc(-c2cccnc2C(F)F)[nH]c1C#N	0.048735
rxn:4:216469:223340	c1nc(-c2ccc3c(c2)NCCO3)n(C2CC2)n1	0.048648
rxn:4:196176:229228	Cc1cc(F)c(-c2ccsc2C#N)cc1S(N)(=O)=O	0.048581
rxn:4:194944:222420	N#Cc1cc(Cl)cc(-c2ccccc2S(N)(=O)=O)c1	0.048568
rxn:4:207996:228592	CC(C)c1cncc(-c2nnc(C(F)F)o2)c1	0.048521
rxn:4:208076:229299	Cn1ccc(-c2ccn(C(F)(F)F)n2)n1	0.048510
rxn:4:208696:228806	CSc1cc(Cl)cc(-c2[nH]ncc2C(C)C)c1	0.048490
rxn:4:205495:223454	CN(C)c1ccc(-c2ccc[nH]c2=O)cc1C#N	0.048404
rxn:4:195718:229277	Cn1ncc(-c2cc(F)cc(Cl)c2S(N)(=O)=O)c1Cl	0.048398
rxn:4:205400:229215	Clc1ccc(-c2cncnc2CC2CC2)cc1	0.048347
rxn:4:208060:229268	Cc1cc(-c2cc(C#N)c(Cl)cn2)sc1Cl	0.048346
rxn:4:195359:228990	CCCc1ccc(-c2nccc(F)c2OC)s1	0.048326
rxn:4:198136:228337	CCOc1cc(F)c(-c2cc(F)ccn2)cn1	0.048322
rxn:4:211175:228239	COc1nc(C)c(-c2ccnn2C)cc1C	0.048317
rxn:4:179998:229343	Cc1cc(OC(C)C)c(F)c(-c2ccsn2)c1	0.048283
rxn:4:181272:223340	CC(C)c1ccc(-c2ccc3c(c2)NCCO3)o1	0.048273
rxn:4:182996:223460	Cc1nc(-c2ccc(F)c3c2OCCC3)c[nH]1	0.048267
rxn:4:208752:223357	CC(=O)Nc1ccccc1-c1cc(N(C)C)ccn1	0.048257
rxn:4:195052:229114	Cc1cc(-c2cnc(C(C)(F)F)s2)c(F)cn1	0.048185
rxn:4:198075:228019	CC(=O)c1ccc(C)c(-c2cscn2)c1	0.048144
rxn:4:205305:223344	CCOc1nc(-c2cccc3c2CC(=O)N3)cn1C	0.048123
rxn:4:179547:229306	CCOc1ccc(-c2ncc(C)s2)c(Cl)c1C	0.048120
rxn:4:194900:228089	CCCOc1ncccc1-c1nc(OC)cs1	0.048111
rxn:4:205587:229214	CCN(C)c1ccnc(-c2cccc(Cl)c2)c1	0.048101
rxn:4:217917:227959	Cc1cnc(C2CC2)c(-c2cnc(Cl)nn2)c1	0.048100
rxn:4:202943:229316	COCn1cc(-c2nc(C)cs2)c(C(F)(F)F)n1	0.048091
rxn:4:195279:228928	FC(F)c1ncccc1-c1ncc(C2CC2)o1	0.048088
rxn:4:207983:228942	N#Cc1ncc(-c2c(F)cc(Cl)cc2F)o1	0.048084
rxn:4:181425:229247	COc1c(-c2nn(C)cc2C)ccc(Cl)c1C	0.048073
rxn:4:215348:228775	CCCn1cc(-c2ccc(OC)c(F)c2)nn1	0.048060
rxn:4:191346:223455	N#CCc1cc(F)ccc1-c1cnccn1	0.048055
rxn:4:208504:229032	Cc1ccc(-c2nccn2C2COC2)c(Cl)c1	0.048045
rxn:4:198185:229223	Cc1csc(C)c1-c1nccc(F)c1F	0.048043
rxn:4:189234:229309	CCCc1nc(C(C)C)sc1-c1cnc(C)o1	0.048037
rxn:4:208133:229159	COc1ncc(-c2cncc(C(F)F)n2)cn1	0.048030
rxn:4:195349:229139	COc1cc(-c2c(F)cccc2Cl)c(F)cn1	0.048030
rxn:4:198136:228592	CC(C)c1cncc(-c2cc(F)ccn2)c1	0.048025
rxn:4:179234:229283	COc1c(F)ccc(-c2ccncc2)c1OC	0.048023
rxn:4:208689:228789	CCn1cc(-c2ccc(F)cc2OC)nc1C	0.047989
rxn:4:205456:229208	Cc1cncc(-c2cn(CC(C)C)c(F)n2)c1	0.047963
rxn:4:191350:229326	Cn1ncc(-c2ccc(CC#N)cc2F)n1	0.047942
rxn:4:191674:229131	COCc1ncccc1-c1ccc(F)cc1F	0.047926
rxn:4:205201:229275	Cc1cc(CC#N)ncc1-c1cncc(Cl)n1	0.047916
rxn:4:209755:229331	CN1CCN(c2coc(-c3cccs3)c2)CC1	0.047912
rxn:4:217940:228755	COc1cncc(-c2nnc(C)n2C)c1C	0.047886
rxn:4:191248:228546	CCCc1cnccc1-c1ncc(COC)s1	0.047880
rxn:4:208367:228746	CCc1cncc(-c2cccc(C#N)c2Cl)n1	0.047865
rxn:4:208211:229083	CSc1ccc(-c2cnc(C(C)C)o2)nn1	0.047837
rxn:4:215415:227911	CCc1ccc(-c2nn[nH]c2C(C)CC)cc1C#N	0.047826
rxn:4:195286:228770	COc1c(C)cncc1-c1coc(C2CC2)n1	0.047821
rxn:4:191734:229275	Cc1ccc(OC(F)F)c(-c2cncc(Cl)n2)n1	0.047808
rxn:4:188295:223383	CCCCc1ncsc1-c1ccc(NC(C)=O)nc1	0.047798
rxn:4:216367:227966	CC(C)(C)c1ncccc1-c1cnc(C#N)[nH]1	0.047791
rxn:4:188954:229309	Cc1ncc(-c2cccnc2OCC(C)C)o1	0.047785
rxn:4:196090:223420	CCNc1ccc(-c2cccc(C(C)(C)F)n2)cn1	0.047768
rxn:4:204993:223383	CC(=O)Nc1ccc(-c2cc(CC#N)ccn2)cn1	0.047762
rxn:4:195027:227938	CCOc1c(C)cccc1-c1ncsc1CC	0.047755
rxn:4:195498:228555	COCc1ccccc1-c1cnc(C(C)C)s1	0.047755
rxn:4:209238:229205	CCc1csc(-c2nsc(C3CCOCC3)n2)c1	0.047730
rxn:4:195468:229236	COc1csc(-c2cc(Cl)cc(C#N)c2C)c1	0.047715
rxn:4:216435:228132	CS(=O)(=O)c1n[nH]c(-c2cccc(CC#N)c2F)n1	0.047706
rxn:4:208348:228680	CCCn1nc(C)cc1-c1cnc(CC)cn1	0.047681
rxn:4:188103:229046	CCCOc1nc(-c2c(C)cccc2Cl)cs1	0.047652
rxn:4:208133:228867	CCc1nc(OC)c(-c2cncc(C(F)F)n2)s1	0.047605
rxn:4:191973:229093	CCCc1ncccc1-c1c(C)ncnc1C	0.047548
rxn:4:211266:228549	CCCc1ccc(-c2c(C)ncnc2C)cn1	0.047548
rxn:4:211266:229128	Cc1ncc(Cl)cc1-c1c(C)ncnc1C	0.047487
rxn:4:211241:227916	Cc1ncc(-c2ccc(OC3CC3)cc2)n1C	0.047485
rxn:4:179677:229295	COc1ccc(C2CC2)cc1-c1ccnn1C	0.047481
rxn:4:208788:229000	CCc1ccncc1-c1cnccc1N(C)C	0.047472
rxn:4:185769:223452	COc1ncc(-c2c(C)n[nH]c2C)cc1OCCF	0.047456
rxn:4:192011:229217	Fc1ccc(-c2csc(OC3CCOC3)n2)cc1	0.047451
rxn:4:179199:229230	COc1cc(OC)c(-c2cc(C#N)cs2)cc1Cl	0.047443
rxn:4:177253:229301	CC(C)OCc1ccccc1-c1cccnn1	0.047428
rxn:4:216587:228795	COc1cccc(Cl)c1-c1ccnc(N(C)C)n1	0.047418
rxn:4:178967:223311	CCOc1ccc(-c2cccc(C3CNC3)c2)cc1	0.047416
rxn:4:198244:229049	Cc1cncc(-c2cnc3n2CCC3)c1Cl	0.047404
rxn:4:215337:229251	CCn1ncc(C#N)c1-c1cc(C)ncn1	0.047401
rxn:4:208348:228546	CCCc1cnccc1-c1cnc(CC)cn1	0.047377
rxn:4:191207:228597	Cc1cccc(C#N)c1-c1csnc1OC(F)F	0.047355
rxn:4:188116:229230	N#Cc1csc(-c2cc(OCC(F)F)ccn2)c1	0.047351
rxn:4:196087:229162	COc1cnc(-c2cc(Cl)c(C(C)C)cn2)cn1	0.047349
rxn:4:208134:228785	COc1cc(Cl)ccc1-c1ccnc(C(F)F)n1	0.047335
rxn:4:209192:223378	Cc1nn(C(C)C)cc1-c1cnc2c(c1)NCCO2	0.047334
rxn:4:195322:228678	COc1nccc(Cl)c1-c1ccnn1CC(C)C	0.047325
rxn:4:211137:228003	CSc1cc(C)c(-c2nc(C)ns2)c(C)c1	0.047317
rxn:4:208359:228340	COc1cc(-c2sc(C3CC3)nc2OC)n(C)n1	0.047313
rxn:4:208713:229043	Cc1ccc(Cl)cc1-c1cnn(C)c1S(C)(=O)=O	0.047282
rxn:4:195690:228605	COc1c(C)cccc1-c1cccc(S(N)(=O)=O)c1F	0.047264
rxn:4:204992:228907	COc1nccc(-c2cccc(CC#N)n2)c1Cl	0.047245
rxn:4:180977:223462	Cc1cc(-c2ccc(F)c(F)c2C(F)F)n[nH]1	0.047243
rxn:4:196012:223356	CNC(=O)c1cccc(-c2cnc(C3CCOC3)s2)c1	0.047220
rxn:4:215413:227994	CC(C)Cc1[nH]nnc1-c1cc(C(C)C)ccc1Cl	0.047216
rxn:4:198133:228396	COc1cc(F)c(-c2ncccc2F)c(F)c1	0.047208
rxn:4:176762:223444	CCOCc1ccc(Cl)c(-c2ccnc(NC)c2)c1	0.047203
rxn:4:182500:229274	Cc1cc(Cl)ccc1-c1cnc(Cl)nc1	0.047186
rxn:4:216606:229147	COCn1ccc(-c2cn(C3CCC3)nn2)n1	0.047178
rxn:4:207985:228723	N#Cc1ccc(-c2cnsc2C#N)cc1F	0.047177
rxn:4:195522:229023	CCc1cc(Cl)c(-c2cnc(C)cc2C)cn1	0.047130
rxn:4:208256:228225	CCn1ncc(-c2cc(Cl)cnc2C2CC2)c1F	0.047130
rxn:4:192712:229312	Cc1nocc1-c1cc(Cl)cc(CN2CCC2)c1	0.047096
rxn:4:198215:228870	COC(=O)c1csc(-c2c(C)noc2C)c1	0.047094
rxn:4:191653:228746	COCc1cccc(-c2cccc(C#N)c2Cl)n1	0.047078
rxn:4:211151:228872	COC(=O)c1sccc1-c1cnc(F)cn1	0.046996
rxn:4:195345:229025	COc1ccc(F)c(-c2cc(C)n(C)c2C)n1	0.046972
rxn:4:203037:223344	CCN(CC)c1ncc(-c2cccc3c2CC(=O)N3)s1	0.046963
rxn:4:195783:229124	COc1ccnc(C)c1-c1cnc(C)c(F)c1	0.046948
rxn:4:196106:229243	Cc1nn(C)cc1-c1ccc(C(C)(C)F)nc1	0.046938
rxn:4:195801:229068	COc1ccncc1-c1nccc(Cl)c1C1CC1	0.046909
rxn:4:212270:229300	CN1CCc2sc(-c3cncn3C)nc2C1	0.046885
rxn:4:216381:228006	COc1cc(-c2ncn(C(F)F)n2)c(C)cc1C	0.046880
rxn:4:192300:228770	CCS(=N)(=O)c1cccc(-c2cncc(C)c2OC)c1	0.046856
rxn:4:208005:228175	CCOc1cccc(-c2nsc(SC)n2)c1Cl	0.046854
rxn:4:217938:227993	COc1ccc(C)c(-c2c(C)nnn2C)c1C	0.046853
rxn:4:209282:229266	Cc1nc(C)c(-c2cncn2C2CCCC2)o1	0.046842
rxn:4:208408:227972	NS(=O)(=O)c1ccc(-c2cncc(C3CCC3)c2)nc1	0.046833
rxn:4:192054:229271	COc1cc(-c2cccc(C#N)c2C2CC2)sn1	0.046833
rxn:4:195356:229029	COc1nccc(F)c1-c1ccc(F)c(C)c1	0.046821
rxn:4:198271:228774	COc1cccc(F)c1-c1cncc(C)c1F	0.046821
rxn:4:179966:223455	CCc1cc(-c2cnccn2)ccc1C1CC1	0.046820
rxn:4:181569:229320	CCc1cccc(C)c1-c1cc(F)cs1	0.046814
rxn:4:192163:229080	c1cc(-c2cnc(C3CC3)s2)oc1CN1CCC1	0.046801
rxn:4:181433:223384	CNC(=O)c1ccc(-c2cc(C)c(OC)cc2F)cn1	0.046774
rxn:4:205082:229293	COC(=O)c1cncnc1-c1csc(C)c1	0.046753
rxn:4:211217:228214	Cc1ncc(-c2cnc(C3CC3)cc2F)cn1	0.046727
rxn:4:188357:229229	CCOc1cc(-c2cscc2C#N)ccc1C#N	0.046726
rxn:4:182434:228509	Cc1ccoc1-c1ccc(C(C)C)cc1	0.046722
rxn:4:189071:229314	Cc1ncsc1-c1ccc(OCC2CCC2)nc1	0.046697
rxn:4:177276:229295	CC(C)COc1cc(Cl)ccc1-c1ccnn1C	0.046690
rxn:4:192300:228749	CCS(=N)(=O)c1cccc(-c2cc(C#N)ccc2F)c1	0.046671
rxn:4:195274:223341	CSc1ccnc(-c2ccc3c(c2)CC(=O)N3)c1	0.046661
rxn:4:191485:229317	CSc1cc(C#N)cc(-c2ccc(F)s2)c1	0.046658
rxn:4:191435:228549	CCCc1ccc(-c2ncsc2CCC)cn1	0.046653
rxn:4:196519:229294	Cc1cc(-c2ccc(C3CCOC3)nc2)co1	0.046652
rxn:4:211222:228405	COc1cc(F)c(-c2cnc(Cl)c(C)n2)cc1Cl	0.046648
rxn:4:181150:229080	COc1ccc(-c2cnc(C3CC3)s2)c(F)c1F	0.046609
rxn:4:217939:227821	CCc1c(C)cc(C)cc1-c1nn(C)nc1C	0.046606
rxn:4:208478:223435	COC(=O)c1ccc(-c2cnc(C3CC3)cn2)[nH]1	0.046579
rxn:4:202966:229039	CCCOc1cncc(-c2cccc(Cl)c2C)n1	0.046575
rxn:4:208363:228676	CCCCn1cc(-c2cn(C3CC3)cn2)cn1	0.046552
rxn:4:195059:229026	Cc1cc(-c2cnccc2C(F)F)c(C)cn1	0.046551
rxn:4:208982:227959	Cc1cnc(C2CC2)c(-c2c[nH]c(C3CCOC3)n2)c1	0.046540
rxn:4:211173:228641	Cc1cc(F)c(-c2cncn2C)cc1C	0.046536
rxn:4:208758:228520	Cc1cc(C)c(-c2c(C)n[nH]c2C2CC2)cc1C	0.046525
rxn:4:196048:229000	CCc1ccncc1-c1nc(C(C)(C)C)co1	0.046523
rxn:4:198321:228464	Cc1cc(C)c(-c2cncc(OC(F)F)c2)cn1	0.046519
rxn:4:208258:228218	CCn1cc(-c2cc(C3CC3)ncc2F)nc1F	0.046463
rxn:4:216401:223445	COc1cc[nH+]cc1-c1cnn(C)c1C#N	0.046449
rxn:4:191899:223343	O=C1Cc2ccc(-c3cnccc3OC3CC3)cc2N1	0.046449
rxn:4:208104:229071	COc1cc(-c2nc(C#N)c(Cl)cc2F)ccn1	0.046438
rxn:4:209437:228565	CSCc1ccc(-c2cn[nH]c2C2CCOCC2)cc1	0.046437
rxn:4:180922:228864	CCOc1ncc(-c2ccc(F)c(CF)c2)cn1	0.046425
rxn:4:208037:229250	Cc1cncc(-c2cnccc2C#N)n1	0.046413
rxn:4:181928:229327	Cn1nncc1-c1ccccc1C1CCCC1	0.046396
rxn:4:185933:223461	CCOC(=O)Cc1cccnc1-c1cn[nH]c1C	0.046391
rxn:4:180922:223347	O=C1NCc2c1cccc2-c1ccc(F)c(CF)c1	0.046378
rxn:4:180951:223400	CNCc1cccc(-c2ccccc2C(F)(F)F)c1	0.046364
rxn:4:216473:228204	Cc1cc(C#N)c(F)c(-c2nsc(N(C)C)n2)c1	0.046355
rxn:4:196161:223399	CNCc1ccccc1-c1cncc(C2OCCO2)c1	0.046339
rxn:4:181302:222418	CS(=O)(=O)c1ccc(-c2ccc(S(N)(=O)=O)cc2)cc1	0.046338
rxn:4:191838:229255	Cc1ccc(CC#N)cc1-c1ccncc1F	0.046329
rxn:4:215345:228204	CCCn1ncc(-c2cc(C)cc(C#N)c2F)n1	0.046313
rxn:4:216892:228617	COc1cccc(C)c1-c1c(S(N)(=O)=O)nc(C)n1C	0.046291
rxn:4:216473:228083	CC(C)CCn1cc(-c2nsc(N(C)C)n2)cn1	0.046285
rxn:4:208437:228558	CCSc1cccc(-c2ccc(S(N)(=O)=O)nc2)c1	0.046281
rxn:4:208702:228194	CCn1cc(C)c(-c2c(C)nn(C(C)C)c2C)n1	0.046271
rxn:4:195058:228684	CCOc1ncccc1-c1ccc(C(F)F)nc1	0.046267
rxn:4:195768:228739	COc1cc(-c2ccc(OC)nc2C)c(C)cn1	0.046244
rxn:4:208282:228997	CCc1ccc(-c2cc(C)cc(C#N)n2)cn1	0.046242
rxn:4:209717:223447	Cc1cc(-c2cnn(C3CCSCC3)c2C)cc(=O)[nH]1	0.046226
rxn:4:195751:229154	Cn1nc(C#N)cc1-c1cccc(C2CC2)n1	0.046210
rxn:4:205474:229218	Fc1cccc(-c2ccnc(OC3CCC3)n2)c1	0.046173
rxn:4:191246:228124	CCOc1cc(C)c(-c2cnc(OCC)s2)cn1	0.046151
rxn:4:181693:223384	CNC(=O)c1ccc(-c2ccccc2C=C(C)C)cn1	0.046150
rxn:4:203042:228623	CC(C)COc1n[nH]cc1-c1sccc1C1CCC1	0.046121
rxn:4:208361:228734	COc1nccc(C)c1-c1cnn(C)c1SC	0.046097
rxn:4:195491:229322	Cc1c(C#N)ccc(F)c1-c1sccc1Cl	0.046095
rxn:4:191233:229242	COC(=O)c1nc(-c2cncnc2C)sc1Cl	0.046070
rxn:4:195395:229224	CCn1nccc1-c1cccc(C(C)=O)n1	0.046065
rxn:4:205439:229040	CCC(C)n1ccc(-c2cccc(C)c2Cl)n1	0.046060
rxn:4:202921:229328	COc1ncc(-c2cn(C)nn2)cc1CC#N	0.046043
rxn:4:205003:228187	COCc1ccc(-c2[nH]cnc2C(=O)OC)c(Cl)c1	0.046036
rxn:4:208202:227961	COc1nccc(-c2ccc(C3CC3)nc2C)n1	0.046033
rxn:4:211167:229129	Cc1cc(Cl)c(-c2c(F)ncnc2Cl)cn1	0.046027
rxn:4:208690:228109	CCc1cc(-c2cc(C)nn2CC)cc(C#N)n1	0.046024
rxn:4:208358:228114	COc1cc(-c2nc(C(C)C)no2)ccc1C#N	0.046017
rxn:4:181604:222422	Cc1ccc(C(C)(F)F)cc1-c1c[nH]c(=O)[nH]c1=O	0.046014
rxn:4:196227:223445	COc1cc[nH+]cc1-c1cncc(C2CC2)c1C	0.046003
rxn:4:195519:228870	CCc1ccncc1-c1cc(C(=O)OC)cs1	0.046000
rxn:4:208206:228361	COc1cncnc1-c1cc(N(C)C)ncc1F	0.045995
rxn:4:198112:228215	Cc1ccc(-c2ocnc2C)c(F)c1C#N	0.045989
rxn:4:181394:229226	CSc1ccc(C)cc1-c1ccc(C#N)s1	0.045986
rxn:4:182518:228689	CCOc1ccncc1-c1cc(Cl)c(C)cc1F	0.045985
rxn:4:198238:228159	CCOc1cc(-c2cc(Cl)c(C)cn2)ccc1F	0.045985
rxn:4:211157:227935	CCc1cc(-c2ccnc(Cl)n2)ccc1OC	0.045972
rxn:4:209459:228731	N#Cc1c(Cl)cccc1-c1c[nH]c(C2CCOCC2)n1	0.045970
rxn:4:203363:229167	CN(C)c1nc(-c2c[nH]nc2OCC2CCCC2)cs1	0.045969
rxn:4:208063:228810	CSc1c(Cl)cccc1-c1cc(C(F)(F)F)n[nH]1	0.045963
rxn:4:195686:229151	N#Cc1cnc(-c2cc(F)ccc2S(N)(=O)=O)cn1	0.045961
rxn:4:215338:229166	CC(=O)n1cc(-c2cnn(C(C)C#N)c2)cn1	0.045957
rxn:4:211678:228919	CSc1ncc(Cl)cc1-c1cnn2c1CCC2	0.045950
rxn:4:208988:229067	CCc1ncc(-c2cnc(C3(C)CC3)nc2)cn1	0.045941
rxn:4:208183:222417	CC(C)c1[nH]c(=O)ncc1-c1cnnc(C(F)(F)F)c1	0.045929
rxn:4:211681:228878	c1nn(C2COC2)cc1-c1ncn2c1CCC2	0.045879
rxn:4:192460:229197	CCC(C)c1ccc(-c2cnn(C(F)F)c2)nc1	0.045878
rxn:4:211262:228230	Cc1cc(-c2cnc(C3CC3)c(Cl)c2)nnc1C	0.045872
rxn:4:208786:228986	Cc1cccc(-c2cccnc2N(C)C)c1C	0.045856
rxn:4:181559:229302	O=S1(=O)C=C(c2ccc(-c3ccnnc3)cc2)C1	0.045847
rxn:4:182568:228305	Cc1ccc(-c2cnc(OC(C)C)cn2)cc1C	0.045847
rxn:4:192131:229020	Cc1cc(-c2ccc(OC(C)C)cn2)cc(C)n1	0.045847
rxn:4:202937:229084	COC(=O)c1[nH]nc(OC)c1-c1scnc1C(C)C	0.045840
rxn:4:179674:229250	COc1ccc(-c2cncc(C)n2)c(C2CC2)c1	0.045830
rxn:4:207975:228455	COc1ncc(-c2ncc(C#N)o2)c(OC)n1	0.045827
rxn:4:194922:228555	COCc1ccccc1-c1nc(C(C)=O)cs1	0.045821
rxn:4:195389:227959	CCn1ccc(-c2cc(C)cnc2C2CC2)c1	0.045818
rxn:4:216514:228735	COc1cncc(C)c1-c1ncnc(C2CC2)n1	0.045816
rxn:4:208055:228544	N#CCc1ccc(-c2nc(C#N)ccc2Cl)cc1	0.045813
rxn:4:198511:228906	FC(F)c1cc(-c2cnc3c(c2)CSC3)ccn1	0.045783
rxn:4:216378:228842	Cc1c(-c2cnc(C#N)cn2)ccc(Cl)c1F	0.045762
rxn:4:208338:229051	CCCn1cc(-c2c(C(F)(F)F)nn(C)c2Cl)cn1	0.045755
rxn:4:182514:228097	Cc1ccc(-c2cncc(CN(C)C)c2)c(F)c1	0.045751
rxn:4:216405:228102	CC(C)Cc1ncncc1-c1nn(C)cc1C#N	0.045736
rxn:4:209221:229216	Fc1ccccc1-c1ccnc(N2CCSC2)c1	0.045723
rxn:4:198238:229136	Cc1cnc(-c2cc(F)cc(Cl)c2)cc1Cl	0.045709
rxn:4:208037:228974	CS(=O)(=O)n1cc(-c2cnccc2C#N)cn1	0.045707
rxn:4:191437:228103	CCCc1ncc(-c2cnc(CC(C)C)nc2)s1	0.045690
rxn:4:182440:228403	COc1c(F)ccc(-c2ccccc2Cl)c1F	0.045685
rxn:4:195309:228827	COc1cc(Cl)cnc1-c1cc(F)c(F)cc1C	0.045673
rxn:4:198283:228436	COc1ccc(F)c(Cl)c1-c1cc(F)cnc1C	0.045673
rxn:4:208478:228570	c1ncc(C2CC2)cc1-c1cnc(C2CC2)cn1	0.045655
rxn:4:211222:228527	Cc1nc(-c2cccc3c2OCC3)cnc1Cl	0.045638
rxn:4:205019:223308	CCNCc1ccccc1-c1ccnn1CC(F)(F)F	0.045638
rxn:4:182972:229278	CC1Cc2cc(-c3c(Cl)cnn3C)ccc2O1	0.045626
rxn:4:211260:228396	COc1cc(F)c(-c2cnc(C)c(C)n2)c(F)c1	0.045626
rxn:4:191734:229200	Cc1cccc(-c2nc(C)ccc2OC(F)F)c1	0.045599
rxn:4:188316:229337	COC(=O)Cc1cc(-c2cnco2)ccn1	0.045583
rxn:4:218149:229343	Fc1cnc2[nH]nc(-c3ccsn3)c2c1	0.045581
rxn:4:218144:229338	Fc1cc(-c2ccns2)c2[nH]nnc2c1	0.045581
rxn:4:192461:229066	CCc1ncncc1-c1cc(C(C)CC)ccn1	0.045573
rxn:4:196501:229209	Cc1cnccc1-c1cc(C2CCSC2)ccn1	0.045530
rxn:4:195492:223354	CNC(=O)c1ccc(-c2c(C)ccc(C#N)c2F)cc1	0.045488
rxn:4:188208:228824	CCOC(=O)c1ccc(-c2c(F)cc(C)cc2F)[nH]1	0.045452
rxn:4:216909:229124	Cc1ncc(-c2cnnn2C2CCCC2)cc1F	0.045440
rxn:4:205301:228561	CCN(C)c1ncc(-c2cccc(CSC)c2)s1	0.045437
rxn:4:180263:229307	Cc1cc(-c2cnoc2C)c(C)cc1OC(C)C	0.045431
rxn:4:216907:229027	Cc1cc(-c2nncn2C2CCCC2)ccc1Cl	0.045412
rxn:4:215382:228425	CCCc1ncnc(-c2cc(F)cc(Cl)c2OC)n1	0.045404
rxn:4:195270:227812	COc1sc(C)nc1-c1cccc(CC(C)C)c1	0.045396
rxn:4:221067:223356	CNC(=O)c1cccc(-c2nnn3c2N(C)CC3)c1	0.045380
rxn:4:216379:228395	COc1cc(F)c(F)cc1-c1ccc(C#N)nn1	0.045363
rxn:4:194993:223313	N#Cc1ccc(-c2ccc(C3(O)CC3)cc2)c(F)c1Cl	0.045356
rxn:4:209038:229283	FC1(F)CN(c2ccnc(-c3ccncc3)c2)C1	0.045356
rxn:4:205114:228783	COc1ccc(Cl)c(-c2cc(C#N)cnc2OC)c1	0.045352
rxn:4:208366:228091	CCN(CC)c1ccc(-c2ccn(C3CC3)n2)s1	0.045341
rxn:4:196489:229219	Clc1ccccc1-c1cccc(C2CCOC2)n1	0.045329
rxn:4:196154:229053	COCc1ccc(-c2ccc(C3OCCO3)nc2)s1	0.045321
rxn:4:181471:229277	CSc1ccc(-c2cnn(C)c2Cl)c(F)c1C	0.045309
rxn:4:191973:228529	CCCc1ncccc1-c1ccc2c(c1)CCO2	0.045306
rxn:4:179961:229258	Cc1ccc(-c2cncc(F)c2)c(OC(C)C)c1	0.045305
rxn:4:179495:229107	Cc1cncc(F)c1-c1cccc(OC(C)C)c1	0.045305
rxn:4:191863:228680	CCCn1nc(C)cc1-c1c[nH]c(C(=O)OC)c1C	0.045301
rxn:4:189046:229225	CCOC(=O)c1[nH]c(C)c(-c2cnn(CC)c2)c1C	0.045301
rxn:4:218016:229316	Cc1csc(-c2ccnc3[nH]ncc23)n1	0.045275
rxn:4:195033:228294	CCCOc1ncc(-c2ccnc(CF)c2)cn1	0.045262
rxn:4:192324:229082	COc1ncc(-c2cc(N(C)C)cs2)c(OC)c1C	0.045259
rxn:4:178612:229199	COC(=O)c1cc(-c2ccc(C)cc2)co1	0.045257
rxn:4:198501:228927	COc1nccc(F)c1-c1ccnc2c1CCO2	0.045257
rxn:4:212179:228979	CCc1ccccc1-c1c2c(nn1C)CCC2	0.045230
rxn:4:214419:228969	Cc1nn(CCC#N)cc1-c1cscc1C(F)(F)F	0.045215
rxn:4:203138:229246	COC(=O)c1n[nH]c(C(C)C)c1-c1cnc(C)n1C	0.045205
rxn:4:212176:228739	COc1cc(-c2cnn3c2CCCC3)c(C)cn1	0.045199
rxn:4:205075:227915	CCOc1ccc(-c2ccnn2COC)cc1C	0.045197
rxn:4:209644:229265	Cc1nc(C)c(-c2nccn2C2CCCCC2)s1	0.045195
rxn:4:209275:229078	COc1cncc(-c2cncc(C(C)(C)C)n2)c1	0.045187
rxn:4:181348:229326	Cc1cc(-c2cnn(C)n2)cc(C(F)(F)F)c1	0.045187
rxn:4:205610:223352	CCN(C)c1ccncc1-c1ccc(NC(C)C)nc1	0.045177
rxn:4:195779:228834	COc1nccc(C)c1-c1cc(F)c(C)cc1Cl	0.045174
rxn:4:208337:229212	Cc1ccncc1-c1cnc(C)n1C(F)(F)F	0.045167
rxn:4:195755:228888	N#Cc1cc(-c2cnc(C3CCC3)o2)c(F)cn1	0.045158
rxn:4:188128:229231	CCc1ncc(-c2ccc(COC(F)(F)F)cn2)s1	0.045153
rxn:4:221043:229319	Cc1ncc2c(-c3ccc(Cl)s3)n[nH]c2n1	0.045141
rxn:4:191908:229148	Cc1c(Cl)cc(CC#N)cc1-c1cnn(CCF)c1	0.045132
rxn:4:209749:229293	Cc1cc(-c2cncc(C3CCCN3C)c2)cs1	0.045124
rxn:4:216571:228387	CCn1nnc(-c2cn(C)c(=O)cc2OC)c1C	0.045111
rxn:4:191465:228715	Cc1nc(C#N)ccc1-c1csc(OC2COC2)n1	0.045098
rxn:4:208077:228702	CC(C)c1ncncc1-c1ncc(C#N)cc1F	0.045097
rxn:4:181098:229061	CSc1cccc(-c2cnn(C(C)C)c2)c1F	0.045084
rxn:4:198271:228625	CCc1ccc(-c2cncc(C)c2F)c(F)c1	0.045073
rxn:4:216503:228605	COc1c(C)cccc1-c1cn(C2CC2(F)F)nn1	0.045070
rxn:4:199174:228697	COCc1cc(-c2ccc3c(c2)S(=N)(=O)CCO3)ccn1	0.045047
rxn:4:195768:228404	COc1ccc(-c2ccc(F)c(OC)c2Cl)c(C)n1	0.045041
rxn:4:181546:222418	NS(=O)(=O)c1ccc(-c2ccc(F)cc2C2COC2)cc1	0.045014
rxn:4:196143:228012	Cc1cccc(-c2cccc(F)c2C2CC2)c1S(N)(=O)=O	0.045011
rxn:4:205210:228743	COC(=O)c1n[nH]c(C)c1-c1cc(Cl)ccc1C#N	0.044989
rxn:4:205478:229266	Cc1nc(C)c(-c2ccnc(C(C)(C)C#N)c2)o1	0.044987
rxn:4:182556:229005	COc1ccccc1-c1c(F)ccc(C)c1Cl	0.044971
rxn:4:185952:229323	CCCOc1cccc(-c2csc(Cl)c2)c1C#N	0.044963
rxn:4:208270:228200	Cn1ncc(-c2ccnn2C2CCCC2)c1C(F)F	0.044936
rxn:4:196142:228141	CCCc1cc(F)c(-c2ccc(C)cc2S(N)(=O)=O)cn1	0.044932
rxn:4:195404:229116	CC(=O)c1cnccc1-c1ccnc(C)c1Cl	0.044932
rxn:4:181376:223466	Cc1c(F)ccc(-c2cn[nH]c2)c1C(F)(F)F	0.044907
rxn:4:198137:227988	Fc1cnccc1-c1cccc(C2CC2)c1F	0.044901
rxn:4:195722:228550	CCCc1cc(-c2cc(F)cc(F)c2S(N)(=O)=O)ccn1	0.044900
rxn:4:211678:228112	COc1ccc(C#N)cc1-c1cnn2c1CCC2	0.044891
rxn:4:195582:228642	Cc1cc(Cl)c(-c2ccc(S(C)(=O)=O)nc2)cc1C	0.044876
rxn:4:196155:229039	Cc1nc(S(C)(=O)=O)ccc1-c1cccc(Cl)c1C	0.044876
rxn:4:191897:228934	CCc1cc(-c2cnc(OC)cc2Cl)ccc1C#N	0.044873
rxn:4:202995:229019	Cc1ccc(-c2cnn(CCS(C)(=O)=O)c2)c(C)n1	0.044870
rxn:4:211867:229087	CC(=O)c1ccsc1-c1ncc2c(n1)CCC2	0.044870
rxn:4:196028:227885	CCCOc1cccc(-c2cccc(S(C)(=N)=O)c2)c1	0.044870
rxn:4:191436:223413	CCCc1ncsc1-c1cncc2[nH]ccc12	0.044865
rxn:4:208979:229140	Fc1cccc(-c2cncc(C3CCC3)n2)c1F	0.044844
rxn:4:198843:228720	Cc1cnn(C(C)C)c1-c1cnc2c(c1)CCC2	0.044841
rxn:4:208382:229010	CCc1nc(Cl)cc(-c2cc(C(C)C)cs2)n1	0.044837
rxn:4:220779:228013	Fc1ccc(-c2nc(N3CCOCC3)n[nH]2)cc1C1CC1	0.044833
rxn:4:205634:229305	Cn1cnc(-c2cccc(C3(C#N)CCC3)n2)c1	0.044833
rxn:4:195497:228090	CCOCc1cncc(-c2cc(CC)ccn2)c1	0.044831
rxn:4:181059:228064	O=C1CCc2ncc(-c3occc3C3CC3)cc21	0.044817
rxn:4:196051:228496	CC(C)c1cccnc1-c1cnn(CC(F)(F)F)c1	0.044813
rxn:4:191479:229047	COc1cccc(C#N)c1-c1c(C)sc(C)c1C	0.044810
rxn:4:202868:228737	CCOC(=O)c1nc[nH]c1-c1ccc(OC)nc1C	0.044801
rxn:4:195415:228748	COc1cc(C)c(-c2ccc(C#N)cc2C)cn1	0.044799
rxn:4:180933:229102	Cn1ccc(-c2cc(CF)cc(F)c2F)cc1=O	0.044791
rxn:4:209271:229017	Cc1cnc(C)c(-c2cc(C(C)C)nc(C)n2)c1	0.044787
rxn:4:205074:227884	CCCSc1ccc(-c2cn[nH]c2COC)cc1	0.044785
rxn:4:205205:229216	CCC(=O)c1ncc(-c2ccccc2F)cn1	0.044780
rxn:4:208761:228524	Cc1nn(C2CC2)cc1-c1cnc2c(c1)CCC2	0.044776
rxn:4:181406:229076	COc1ccc(-c2sc(C#N)cc2C)c(Cl)c1C	0.044762
rxn:4:208749:228249	COc1c(C)cc(-c2nc(N(C)C)sc2C)cc1Cl	0.044758
rxn:4:192528:228720	COc1ccc(-c2c(C)cnn2C(C)C)cc1S(C)(=N)=O	0.044756
rxn:4:208500:228541	CC=Cc1ncncc1-c1ccc2c(c1)COC2	0.044747
rxn:4:182508:229086	CC(=O)c1ccc(-c2ccc(F)cc2C)s1	0.044742
rxn:4:203262:229221	CCc1nc(-c2sc(C)cc2C)cn1CC1CC1	0.044736
rxn:4:208789:228400	COc1c(-c2cnc(C(C)C)nc2)ccc(F)c1F	0.044731
rxn:4:196246:229159	COc1ncc(-c2ccnc(C3CCC3)c2F)cn1	0.044730
rxn:4:192306:222421	CC(C)(C#N)c1ccc(-c2cncc(S(N)(=O)=O)c2)cc1	0.044729
rxn:4:192525:228802	CCc1cc(-c2ccccc2C(F)F)ccc1S(N)(=O)=O	0.044720
rxn:4:192214:228584	COc1ccc(S(N)(=O)=O)cc1-c1ccnc(C2CC2)c1	0.044719
rxn:4:209642:223401	CNc1cc(-c2cn(C3CCCCC3)cn2)ccc1C	0.044718
rxn:4:179785:229102	CCC(C)c1cccc(-c2ccn(C)c(=O)c2)c1	0.044717
rxn:4:215328:228101	COCn1ncc(-c2cc(C#N)cc(C#N)c2)n1	0.044715
rxn:4:192720:229287	Cc1ccsc1-c1ccc(F)cc1CN1CCC1	0.044710
rxn:4:215614:229164	COc1cncc(-c2cn(C)nc2CN(C)C)n1	0.044707
rxn:4:181184:228280	COc1cc(-c2ccc(C3COC3)o2)c(C)cc1Cl	0.044703
rxn:4:179219:223399	CNCc1ccccc1-c1cccc(F)c1OC1CC1	0.044692
rxn:4:205394:228775	COc1ccc(-c2ccc(OC(C)C)nn2)cc1F	0.044683
rxn:4:174854:229344	CC(=O)CCSc1ccccc1-c1cocn1	0.044663
rxn:4:210303:229138	Fc1cc(Cl)ccc1-c1ccn(C23CC(C2)C3)n1	0.044655
rxn:4:216405:228829	Cc1c(F)cc(-c2nn(C)cc2C#N)cc1F	0.044652
rxn:4:191820:223399	CNCc1ccccc1-c1cc(C(F)(F)F)ncc1OC	0.044639
rxn:4:194952:228308	CCOc1ncc(-c2ccc(C#N)c(F)c2)c(C)n1	0.044625
rxn:4:195347:228325	COc1cc(OC)c(-c2ccnc(OC)c2F)cn1	0.044619
rxn:4:182501:228196	Cc1ccc(-c2c(C)ncnc2C2CC2)cc1Cl	0.044612
rxn:4:208508:228643	Cc1ccc(-c2cnc(C3CC3)nc2)c(C)c1Cl	0.044612
rxn:4:208482:228998	CCc1ncccc1-c1cn(C)nc1C(C)=O	0.044604
rxn:4:216436:228710	Cc1cnc(-c2cnc(C(C)C)nc2)c(C#N)n1	0.044603
rxn:4:208768:228513	CC(C)c1cnc(-c2ccccc2C2CC2)cn1	0.044588
rxn:4:205864:229134	COc1ncc(-c2cc(F)ccc2F)n1C1CCC1	0.044585
rxn:4:180924:228992	N#Cc1cccc(-c2cccc(C(F)F)c2)c1	0.044585
rxn:4:188065:229193	CCOC(=O)c1nc(-c2c(F)cncc2Cl)co1	0.044580
rxn:4:202828:229135	CCOC(=O)c1nnc(-c2cc(Cl)ccc2F)o1	0.044580
rxn:4:194927:228418	COc1c(F)cc(-c2ncc(C(C)=O)o2)cc1Cl	0.044558
rxn:4:182855:229315	Cc1ncoc1-c1ccc(F)c2c1C(=O)CC2	0.044553
rxn:4:192491:229056	CC(C)n1nccc1-c1cc(Cl)cc(CN(C)C)c1	0.044550
rxn:4:195532:228460	CCc1cc(-c2c(OC)ncnc2OC)c(F)cn1	0.044549
rxn:4:195041:228329	CCOc1cc(-c2ccc(C(F)F)cn2)c(Cl)cn1	0.044549
rxn:4:208131:228169	CCOc1ccc(-c2cnc(C(F)F)cn2)cc1Cl	0.044549
rxn:4:208967:228818	Cc1cc(-c2nnc(C3CCCC3)s2)cn(C)c1=O	0.044547
rxn:4:179515:223352	COCc1cc(-c2ccc(NC(C)C)nc2)ccc1C	0.044528
rxn:4:205099:228704	CCn1nc(C)c(-c2cc(C#N)c(OC)cn2)c1C	0.044516
rxn:4:195681:227814	NS(=O)(=O)c1ccc(Cl)cc1-c1ccc(CC2CC2)cc1	0.044513
rxn:4:179510:228879	CCc1ccc(OC)c(-c2ccnn2C2COC2)c1	0.044507
rxn:4:208346:228560	CCSc1ccccc1-c1cncn1C1CC1	0.044505
rxn:4:215718:228992	CC(C)n1cc(-c2cccc(C#N)c2)nc1N(C)C	0.044484
rxn:4:196079:229045	CCc1ccc(-c2cc(C)cc(F)c2)c(C)n1	0.044480
rxn:4:211272:228299	CCOC(=O)c1csc(-c2nc(C)c(C)n2C)c1	0.044475
rxn:4:212183:228089	CCCOc1ncccc1-c1nc(C)c2n1CCC2	0.044473
rxn:4:206028:229212	Cc1ccncc1-c1cncc(OC2CCCC2)n1	0.044465
rxn:4:195719:228688	CCOc1cnccc1-c1ccc(S(N)(=O)=O)c(F)c1Cl	0.044460
rxn:4:209209:228871	COC(=O)c1ccsc1-c1cn(C)c(C(C)C)n1	0.044458
rxn:4:192133:228879	CCOc1ccc(-c2ccnn2C2COC2)nc1C	0.044444
rxn:4:195745:228305	COc1cnc(-c2cnc(OC(C)C)cn2)cc1C	0.044444
rxn:4:208518:229216	Fc1ccccc1-c1cnc(Cl)nc1C1CC1	0.044441
rxn:4:192150:228771	CCOc1ccc(-c2cnc(CC)c(Cl)c2)c(C)n1	0.044440
rxn:4:179997:229248	Cc1cc(F)c(OC(C)C)c(-c2c(C)cnn2C)c1	0.044432
rxn:4:195786:228967	CSc1ncc(-c2cn(C)nc2C(F)F)cc1C	0.044419
rxn:4:195505:227929	CCOc1cc(C)ccc1-c1nc(C(C)C)cs1	0.044416
rxn:4:205214:229284	COC(=O)c1cc(-c2cccnc2)n(C)n1	0.044415
rxn:4:188053:229129	CCOC(=O)c1ocnc1-c1cnc(C)cc1Cl	0.044411
rxn:4:216724:229341	Clc1ccc(-c2[nH]nnc2-c2ccon2)cc1	0.044410
rxn:4:195520:228798	CCc1ccc(-c2ccc(F)c(SC)c2)cn1	0.044404
rxn:4:203002:229307	CCOC(=O)c1cn(C)nc1-c1cnoc1C	0.044404
rxn:4:181284:229019	CCc1cc(Cl)cc(-c2ccc(C)nc2C)c1	0.044395
rxn:4:208500:228230	CC=Cc1ncncc1-c1cnc(C2CC2)c(Cl)c1	0.044392
rxn:4:208095:227913	CC(C)Oc1ccc(-c2c(F)ccnc2C#N)cc1	0.044381
rxn:4:195781:228326	COc1cc(-c2cccnc2C2CC2)cc(OC)n1	0.044369
rxn:4:208761:228099	CCN(C)c1cncc(-c2cn(C3CC3)nc2C)c1	0.044359
rxn:4:205299:228259	CCCc1nccc(-c2cc(C)cc(OC)c2F)n1	0.044359
rxn:4:208789:228129	COc1cc(C#N)ccc1-c1cnc(C(C)C)nc1	0.044352
rxn:4:208281:228105	CCN(C)c1cc(-c2ccc(C)c(C#N)n2)ccn1	0.044342
rxn:4:216739:223466	Clc1ccc(-n2cc(-c3cn[nH]c3)nn2)cc1	0.044338
rxn:4:216738:223465	Clc1ccccc1-n1cnnc1-c1ccn[nH]1	0.044338
rxn:4:191916:229033	COc1nc(OC)c(-c2ccc(C)c(Cl)c2)cc1Cl	0.044330
rxn:4:195761:228867	CCc1nc(OC)c(-c2ncc(SC)cc2C)s1	0.044323
rxn:4:208351:227980	Fc1cc(C2CC2)ccc1-c1ccnn1C1CC1	0.044318
rxn:4:207996:228403	COc1c(F)ccc(-c2nnc(C(F)F)o2)c1F	0.044317
rxn:4:192319:229155	CC(C)c1cc(C#N)ccc1-c1cn(C2CC2)nn1	0.044313
rxn:4:208092:228210	N#Cc1nccc(-c2ccc(N3CCCC3)s2)c1F	0.044282
rxn:4:198507:227931	c1ccc(-c2cnc3c(c2)CCO3)c(OC2CC2)c1	0.044275
rxn:4:178962:228312	CCOc1cccc(-c2cc(C#N)ncc2OC)c1	0.044269
rxn:4:212269:228612	COc1cccc(-c2nc3c(s2)CN(C)CC3)c1C	0.044269
rxn:4:208202:228460	COc1nccc(-c2c(OC)ncnc2OC)n1	0.044261
rxn:4:215334:227900	CC(C#N)c1ccccc1-c1c(CC#N)cnn1C	0.044255
rxn:4:216385:228636	Cc1cc(F)cc(C)c1-c1cc(C#N)ncn1	0.044247
rxn:4:195142:228556	COCc1ccc(-c2cccnc2C(F)(F)F)cc1	0.044244
rxn:4:180926:228685	COCc1cncc(-c2ccc(F)c(CF)c2Cl)c1	0.044238
rxn:4:215342:228563	CCn1c(-c2cc(CC(C)C)cs2)nc(Cl)c1C#N	0.044235
rxn:4:211163:228269	COc1cc(-c2cncnc2F)c(F)cc1C	0.044226
rxn:4:205237:228696	CCc1nccc(-c2ccc(COC)nc2)c1C#N	0.044221
rxn:4:196017:228552	CCOc1cccc(-c2cccc(C3COC3)n2)c1	0.044207
rxn:4:191699:223381	CCCNc1ncc(-c2cc(Cl)cnc2OCC)cn1	0.044193
rxn:4:220985:229013	c1nc(-c2sccc2C2CC2)c2cn[nH]c2n1	0.044193
rxn:4:179694:228994	COc1cc(OC)c(-c2ccccc2C#N)cc1C	0.044191
rxn:4:195715:229089	CC(=O)c1sccc1-c1cc(F)c(S(N)(=O)=O)cc1F	0.044189
rxn:4:204972:228720	COC(=O)c1nsc(-c2c(C)cnn2C(C)C)n1	0.044187
rxn:4:208235:228549	CCCc1ccc(-c2cnc(OC)nc2Cl)cn1	0.044184
rxn:4:198510:227936	c1cc(SC2CC2)cc(-c2cnc3c(c2)COC3)c1	0.044182
rxn:4:192455:228690	CCOc1cncc(-c2nc(CC(C)(C)C)cs2)c1	0.044181
rxn:4:198127:228431	CSc1c(F)cc(F)cc1-c1cc(Cl)ccn1	0.044175
rxn:4:195371:229144	CSc1ncc(F)cc1-c1cc(F)ccc1Cl	0.044175
rxn:4:179573:229061	COCc1c(F)ccc(C)c1-c1cnn(C(C)C)c1	0.044169
rxn:4:182907:229082	CN(C)c1csc(-c2ccc3c(c2)C(=O)CCO3)c1	0.044162
rxn:4:196061:229017	Cc1cnc(C)c(-c2coc(C(C)(C)C)n2)c1	0.044130
rxn:4:191353:229138	O=C(CF)c1ccc(-c2ccc(Cl)cc2F)cn1	0.044111
rxn:4:196136:227861	Cc1ccc(S(N)(=O)=O)c(-c2cnc3c(c2)CCCC3)c1	0.044111
rxn:4:215656:229045	Cc1cc(F)cc(-c2nn(C3CC3)nc2C(C)C)c1	0.044095
rxn:4:191670:228387	COCc1cncc(-c2cn(C)c(=O)cc2OC)c1	0.044084
rxn:4:188811:229320	CCOc1cc(C(C)=O)ncc1-c1cc(F)cs1	0.044083
rxn:4:208365:228313	COc1ccc(-c2cnc(SC)n2C)c(OC)n1	0.044073
rxn:4:216505:228867	CCc1nc(OC)c(-c2cnc(S(N)(=O)=O)nc2)s1	0.044070
rxn:4:203015:229026	CCCc1ccnc(-c2cc(C)ncc2C)c1C#N	0.044067
rxn:4:195027:227823	CCc1scnc1-c1ccccc1C(C)(C)C	0.044054
rxn:4:208103:228411	COc1ccc(-c2cncc(F)c2C#N)c(F)c1F	0.044054
rxn:4:188555:229304	COC(=O)c1nc(-c2ccncn2)sc1C1CC1	0.044047
rxn:4:198573:229127	Cc1c(Cl)cncc1-c1ccnc2c1OCCO2	0.044038
rxn:4:191883:228882	COc1ccc(-c2cnc(OC)nc2C)c(OC)n1	0.044036
rxn:4:208276:227883	CCOCc1ccc(-c2cc(C)nc(C#N)c2)cc1	0.044034
rxn:4:195746:228109	CCc1cc(-c2ccncc2C2CC2)cc(C#N)n1	0.044033
rxn:4:179106:229244	COc1ccc(-c2ccnc(C)n2)c(C(F)(F)F)c1	0.043999
rxn:4:205156:228756	COCc1cncc(-c2ccc(SC)nc2C)n1	0.043996
rxn:4:208723:228246	CC(=O)c1ccc(Cl)c(-c2ccc(S(C)(=N)=O)nc2)c1	0.043995
rxn:4:217458:229345	COc1ccc(-c2ccno2)c2[nH]nnc12	0.043992
rxn:4:209242:229134	Fc1ccc(F)c(-c2cnccc2N2CCSC2)c1	0.043981
rxn:4:210161:229287	COc1ccc2[nH]ncc2c1-c1sccc1C	0.043968
rxn:4:195018:223325	CCc1cnc(-c2cccc3[nH]nc(C)c23)s1	0.043964
rxn:4:208061:228886	CCc1ncc(-c2nccc(C#N)c2Cl)c(Cl)n1	0.043957
rxn:4:220656:223465	Clc1cc(-c2ccn[nH]2)cnc1-n1nccn1	0.043948
rxn:4:178863:229314	COC(=O)c1cc(Cl)c(-c2scnc2C)cc1F	0.043886
rxn:4:198209:227818	CCC(C)c1cccc(-c2sc(C)nc2C)c1	0.043882
rxn:4:179380:229233	COc1ccc(-c2cccc(OC)c2C(C)=O)s1	0.043841
rxn:4:212175:228626	CCc1cccc(-c2cn3c(n2)CCCC3)c1F	0.043837
rxn:4:198525:229327	Cn1nncc1-c1ccc2cc[nH]c2c1Cl	0.043822
rxn:4:205854:223306	CC(C)(C)Oc1nccc(-c2ccc3c(c2)CNCC3)n1	0.043819
rxn:4:182692:228921	O=C1COc2cc(-c3ccc(C(F)F)nc3)ccc21	0.043815
rxn:4:205402:228873	CCOc1ncnc(C)c1-c1cnc(N(C)C)nc1	0.043815
rxn:4:194998:228757	COc1cnc(C)cc1-c1cc(F)c(C#N)c(F)c1	0.043812
rxn:4:195286:227829	c1ccc(C2CCC2)c(-c2coc(C3CC3)n2)c1	0.043806
rxn:4:196201:228765	CCc1cc(F)c(-c2ccnc(C3(C)CC3)c2)cn1	0.043792
rxn:4:183070:223450	O=C1CCCc2c1ccc(F)c2-c1c[nH]c(=O)c(Cl)c1	0.043786
rxn:4:191473:228606	CCc1ccc(F)c(-c2cc(C#N)cc(OC)c2)c1	0.043786
rxn:4:191975:228400	CCCc1cncc(-c2ccc(F)c(F)c2OC)c1	0.043777
rxn:4:191251:223371	CCOc1nc(-c2cc(Cl)cc3[nH]ncc23)co1	0.043757
rxn:4:208324:229088	CC(=O)c1csc(-c2cnc(C(F)(F)F)n2C)c1	0.043716
rxn:4:197200:229247	Cc1cn(C)nc1-c1sc2c(c1C#N)CCCC2	0.043714
rxn:4:196514:228908	CN=S(C)(=O)c1ccc(-c2cc(OC)ncc2F)cc1	0.043707
rxn:4:182911:223312	O=C1COc2cc(-c3ccc(C4CNC4)cc3)ccc2C1	0.043706
rxn:4:215485:229006	CCn1nnc(-c2ccc(SC)cc2)c1C1CC1	0.043694
rxn:4:196130:223349	O=C1CC(c2cc(-c3cccc4c3C(=O)NC4)ccn2)C1	0.043691
rxn:4:179549:229148	CC(C)Oc1cccc(-c2cnn(CCF)c2)c1Cl	0.043677
rxn:4:216387:228740	N#Cc1ccc(-c2cncnc2C#N)c(F)c1	0.043664
rxn:4:208265:229025	CC(=O)c1cnc(-c2cc(C)n(C)c2C)cn1	0.043663
rxn:4:198155:228362	Fc1cc(-c2cnc(Cl)nc2C2CC2)ncc1Cl	0.043657
rxn:4:181341:228748	COc1cc(C)c(-c2ccc(S(C)(=O)=O)cc2F)cn1	0.043656
rxn:4:182538:229062	Cc1c(F)ccc(-c2ccc(C#N)n2C)c1F	0.043648
rxn:4:208957:228382	COc1nc(C)c(Cl)cc1-c1cn(C2CCOC2)cn1	0.043648
rxn:4:181637:229207	Cc1cc(-c2cc(F)ccc2C2OCCO2)ccn1	0.043646
rxn:4:208964:228565	CSCc1ccc(-c2ccnc(C3CCC3)n2)cc1	0.043644
rxn:4:205486:229073	COc1cnccc1-c1cn(C)c(OC2COC2)n1	0.043639
rxn:4:205339:228843	Cc1cc(F)cc(-c2ccnc(OC3COC3)n2)c1Cl	0.043633
rxn:4:205341:228837	Cc1ccc(-c2cnc(OC3COC3)nc2)c(F)c1Cl	0.043633
rxn:4:216888:227832	Cc1cc(C2CC2)ccc1-c1c(C)nnn1C(C)C	0.043630
rxn:4:192449:223350	CCNCc1cncc(-c2ccc(CC(C)C)cn2)c1	0.043624
rxn:4:182807:228770	COc1c(C)cncc1-c1cc2c(o1)C(=O)CCC2	0.043617
rxn:4:208775:228791	CSc1ccc(-c2ccncc2N(C)C)c(F)c1	0.043613
rxn:4:181085:228293	COc1ccc(F)c(-c2cnn(CCN(C)C)c2)c1	0.043612
rxn:4:220970:228693	CCN(C)c1ccc(-c2n[nH]c3ncncc23)s1	0.043609
rxn:4:212184:228254	COc1ccc(-c2c(C)nn3c2CCC3)c(C)c1F	0.043597
rxn:4:196188:223445	COc1cc[nH+]cc1-c1cc(Cl)ccc1C1=NOCC1	0.043593
rxn:4:196227:228765	CCc1cc(F)c(-c2cncc(C3CC3)c2C)cn1	0.043588
rxn:4:176972:229036	COCc1cc(OC)ccc1-c1ccc(F)cc1C	0.043587
rxn:4:209269:228776	COc1cc(-c2cnc(C(C)(C)C)cn2)ccc1Cl	0.043585
rxn:4:181081:227880	COc1ccc(-c2ccc(CCC#N)cc2)cc1F	0.043584
rxn:4:216911:228405	COc1cc(F)c(-c2cnc(N3CCC3)n2C)cc1Cl	0.043575
rxn:4:205485:223306	CC(C)c1nccc(-c2ccc3c(c2)CNCC3)c1C#N	0.043572
rxn:4:211860:227954	c1cc(C2CCC2)ncc1-c1cnn2c1OCCC2	0.043570
rxn:4:191970:223429	CC(C)Cc1cnc(-c2ccnc3[nH]ncc23)s1	0.043556
rxn:4:198211:228111	Cc1ccc(-c2ccc(C#N)c(C#N)c2)nc1	0.043556
rxn:4:208871:229121	Cc1c(F)cncc1-c1cnc(C2OCCO2)nc1	0.043553
rxn:4:215316:228349	N#CCc1ncc(-c2cnn(C3CCOC3)c2)cn1	0.043546
rxn:4:211271:227978	Cc1nc(-c2cc(C(C)C)ccc2F)c(C)n1C	0.043540
rxn:4:211331:229335	Clc1nc2ncc(-c3cscn3)cc2o1	0.043528
rxn:4:208862:229272	COc1ncc(-c2cccc(-c3cc[nH]n3)c2)s1	0.043526
rxn:4:208326:228324	COc1cc(-c2cnn(C)c2C(F)(F)F)c(OC)cn1	0.043502
rxn:4:208442:229220	Cc1cc(-c2ccc(-c3c[nH]cn3)o2)c(C)s1	0.043500
rxn:4:198843:228398	COc1ccc(Cl)c(-c2cnc3c(c2)CCC3)c1F	0.043498
rxn:4:208740:228006	COc1cc(-c2nnc(C(C)(C)C)o2)c(C)cc1C	0.043495
rxn:4:201343:229217	CN(C)CCOc1cc(-c2ccc(F)cc2)ccn1	0.043488
rxn:4:179616:229138	COc1cc(-c2ccc(Cl)cc2F)ccc1S(C)(=O)=O	0.043488
rxn:4:194978:229239	CSc1ccsc1-c1cc(C#N)c(Cl)cc1F	0.043484
rxn:4:211315:229345	c1cc2nc(-c3ccno3)sc2cn1	0.043483
rxn:4:188688:229034	Cc1ccc(F)c(-c2ccnc(OCC3CC3)c2)c1	0.043473
rxn:4:208714:228006	COc1cc(-c2nnc(C3CCOC3)s2)c(C)cc1C	0.043471
rxn:4:181378:228271	COc1cc(C)c(-c2cc(C)ccc2OC)cc1F	0.043466
rxn:4:188510:228942	CCCOc1ccc(-c2c(F)cc(Cl)cc2F)cn1	0.043464
rxn:4:208497:227998	Fc1ccc(-c2cnnc(C3CC3)c2)c(C2CC2)c1	0.043463
rxn:4:194929:228004	CC(=O)c1conc1-c1ccc(C2CC2)c(Cl)c1	0.043459
rxn:4:181418:228784	COc1cc(-c2cc(OC)c(Cl)cc2C)ccc1F	0.043454
rxn:4:181900:229083	Cc1cc(C)c(S(C)(=O)=O)cc1-c1cnc(C(C)C)o1	0.043443
rxn:4:181125:229031	COc1c(F)ccc(-c2ccc(C)cc2F)c1F	0.043436
rxn:4:182457:228298	CCOC(=O)c1cc(-c2c(F)cccc2Cl)cs1	0.043431
rxn:4:181678:229207	Cc1cc(-c2ccc(C3CCC3)cc2)ccn1	0.043430
rxn:4:198313:228985	Cc1cc(C)nc(-c2ccc(C)cc2C)c1	0.043429
rxn:4:209625:229081	CN(C)c1ccc(-c2cncc(N3CCOCC3)c2)s1	0.043422
rxn:4:181080:228817	CSc1ccc(-c2ccc(C)n(C)c2=O)c(Cl)c1	0.043418
rxn:4:214406:227828	CCOC(=O)c1n[nH]c(-c2cccc(C3CC3)c2C)n1	0.043407
rxn:4:211126:228076	Fc1ncc(-c2cc3ccc(Cl)cc3s2)[nH]1	0.043405
rxn:4:181184:227889	COCCc1ccccc1-c1ccc(C2COC2)o1	0.043404
rxn:4:179104:229161	COc1cc(-c2cncnc2OC)cc(C(F)(F)F)c1	0.043398
rxn:4:205184:228997	CCc1ccc(-c2nnc(C(F)(F)F)cc2OC)cn1	0.043397
rxn:4:205438:228176	COCc1ccc(-c2cnn(CC(C)C)c2)cc1F	0.043388
rxn:4:209228:228692	CN(C)Cc1ccc(-c2cncc(C3CCOC3)n2)s1	0.043363
rxn:4:181244:229242	CC(=O)c1ccc(Cl)c(F)c1-c1cncnc1C	0.043361
rxn:4:209654:228115	CC(C)Oc1ccc(-c2c[nH]c(C3CCCCC3)n2)cn1	0.043355
rxn:4:205087:229150	COc1c(-c2cnc(C#N)nc2)ccnc1C#N	0.043355
rxn:4:203052:228994	COC(=O)c1[nH]nc(C2CC2)c1-c1ccccc1C#N	0.043341
rxn:4:208071:228821	Cc1ccc(-c2[nH]cnc2C(F)(F)F)c(F)c1F	0.043337
rxn:4:209616:229149	CCOc1nc(-c2cc(C3CCCOC3)ncn2)cs1	0.043330
rxn:4:215335:228093	CCCOc1cc(-c2nn(C)cc2CC#N)ccn1	0.043329
rxn:4:211966:223469	Cc1ncc2c(-c3cc[nH]n3)cccn12	0.043328
rxn:4:216513:229018	CC(=O)c1nn(C)nc1-c1c(C)ccnc1C	0.043326
rxn:4:198852:229070	COc1ccc(-c2ccc3c(n2)OCCC3=O)cn1	0.043325
rxn:4:178661:229161	COc1ncncc1-c1cc(OC(F)F)c(Cl)cc1F	0.043314
rxn:4:192044:223401	CNc1cc(-c2cnc(OC)c(C(C)=O)c2)ccc1C	0.043296
rxn:4:208689:228283	CCn1cc(-c2ccc(F)cc2C(C)=O)nc1C	0.043292
rxn:4:215333:227947	Cc1cc(C#N)cc(C)c1-c1cnn(C)c1CC#N	0.043290
rxn:4:211420:229300	Cn1cncc1-c1ccc2[nH]ncc2c1	0.043289
rxn:4:196583:229240	Cc1ncc(-c2ccncc2C2COCCO2)cn1	0.043288
rxn:4:198492:228735	COc1cncc(C)c1-c1cnc2c(c1)OCC2=O	0.043283
rxn:4:212005:228092	CCN(CC)c1csc(-c2cnn3c2C(=O)CCC3)c1	0.043257
rxn:4:208413:228428	COc1cc(F)c(F)c(-c2ccc(S(C)(=O)=O)nn2)c1	0.043237
rxn:4:192480:229206	CCc1cc(-c2nccc(CC(C)C)c2F)cs1	0.043229
rxn:4:208740:228707	CC(C)(C)c1nnc(-c2cnn(C(C)(C)C)c2)o1	0.043229
rxn:4:195275:227997	Fc1ccc(C2CC2)cc1-c1ncsc1C1CC1	0.043219
rxn:4:208716:228382	COc1nc(C)c(Cl)cc1-c1cc(S(C)(=O)=O)n(C)n1	0.043197
rxn:4:208794:228148	COc1cccc(-c2cnc(N(C)C)cc2Cl)c1OC	0.043195
rxn:4:179818:229197	FC(F)n1cc(-c2ccc(CC3OCCO3)cc2)cn1	0.043185
rxn:4:211167:227960	Fc1ncnc(Cl)c1-c1ccncc1C1CCC1	0.043185
rxn:4:220988:229331	c1csc(-c2nnc3cccnn23)c1	0.043178
rxn:4:188081:229102	Cn1ccc(-c2cc(F)c(OCC#N)cc2F)cc1=O	0.043172
rxn:4:191467:228718	COc1ccc(-c2cc(C#N)cnc2C)cc1C#N	0.043163
rxn:4:208274:228870	COC(=O)c1csc(-c2cc(C)c(C#N)cn2)c1	0.043161
rxn:4:196946:229243	Cc1nn(C)cc1-c1cccc(N2CCCCC2)c1	0.043153
rxn:4:182890:228106	CCC(C)c1ncc(-c2cccc3c2CCC3)cn1	0.043152
rxn:4:182495:227957	Cc1ccccc1-c1ccc(C(C)C)nc1C	0.043148
rxn:4:191733:229038	Cc1cnc(-c2cc(C)ccc2Cl)c(OC(F)F)c1	0.043148
rxn:4:215318:227858	COC(=O)c1nn[nH]c1-c1cccc2c1CN(C)C2	0.043135
rxn:4:175107:229267	CCCOc1ccc(-c2nc(C)c(C)s2)c(OC)c1	0.043130
rxn:4:192537:229023	Cc1cc(C)c(-c2cccnc2OC2CCSC2)cn1	0.043126
rxn:4:188204:229169	N#CCCc1ccccc1-c1cscc1C(F)F	0.043123
rxn:4:195659:228685	COCc1cncc(-c2nccc(C(F)(F)F)c2C)c1	0.043106
rxn:4:219794:228713	CC(C)(C)n1ccc(-c2c(C#N)cnn2CC#N)n1	0.043099
rxn:4:209430:229151	N#Cc1cnc(-c2ccnn2C2CCCCO2)cn1	0.043094
rxn:4:212384:228586	Cc1nc(-c2cccnc2C(C)C)c2n1CCCC2	0.043085
rxn:4:198501:228754	CSc1ncc(-c2ccnc3c2CCO3)cc1C	0.043071
rxn:4:192036:229303	COC(=O)c1cc(C)c(-c2ncccn2)cn1	0.043068
rxn:4:216787:228604	COc1cc(C)cc(-c2cnc(N3CC(F)C3)nc2)c1	0.043067
rxn:4:182731:228653	c1cc2c(cc1-c1cnn3c1CCCC3)CSC2	0.043059
rxn:4:191922:228967	CCc1ccc(C#N)c(-c2cn(C)nc2C(F)F)c1F	0.043052
rxn:4:188055:223347	CCOC(=O)c1cnc(-c2cccc3c2CNC3=O)o1	0.043045
rxn:4:203016:228693	CCOC(=O)c1[nH]c(-c2ccc(N(C)CC)s2)nc1C	0.043035
rxn:4:195292:228119	CSc1ccc(-c2ccc(SC(C)C)nc2)cn1	0.043035
rxn:4:181009:229275	Fc1cc(C(F)F)cc(-c2cncc(Cl)n2)c1F	0.043031
rxn:4:211163:228747	N#Cc1cccc(F)c1-c1cncnc1F	0.043022
rxn:4:209089:229003	COc1cccc(-c2cccnc2N2CC(F)(F)C2)c1	0.043020
rxn:4:195596:228795	COc1cccc(Cl)c1-c1ccc(C(F)F)nc1C	0.043020
rxn:4:210159:229203	CCc1ccsc1-c1c[nH]c2c(OC)ccnc12	0.043013
rxn:4:181087:228209	COc1cc(F)cc(-c2cc(C#N)c(C)cc2Cl)c1	0.042995
rxn:4:217040:228111	N#Cc1ccc(-c2c[nH]c(N3CCOCC3)n2)cc1C#N	0.042981
rxn:4:176783:229023	CCCOc1ccc(-c2cnc(C)cc2C)c(F)c1	0.042980
rxn:4:209093:228998	CCc1ncccc1-c1cncc(N2CCOC2=O)c1	0.042961
rxn:4:198214:228002	Cc1nc(-c2sccc2C2CCCC2)c(C)s1	0.042954
rxn:4:183219:229301	CC1(C)CCSc2ccc(-c3cccnn3)cc21	0.042954
rxn:4:196053:228721	CC(C)(C)c1cnc(-c2ccnn2C(C)(C)C)o1	0.042951
rxn:4:208470:228510	CC(=O)c1c(-c2ccccc2C(C)C)cnn1C	0.042942
rxn:4:181522:223360	CNCc1cccc(-c2cccc(C)c2C(C)=O)c1F	0.042929
rxn:4:196668:229146	COCn1cc(-c2cc(Cl)c(C3CCCC3)cn2)cn1	0.042928
rxn:4:182888:229122	Cc1ncc(-c2csc3c2CCCC3)cc1Cl	0.042928
rxn:4:208678:223417	CC(C)n1cc(-c2n[nH]c3ccccc23)cn1	0.042925
rxn:4:191736:228703	Cc1cnc(-c2cnn(C3CCC3)c2)cc1OC(F)F	0.042922
rxn:4:195736:227836	COc1ccnc(-c2ccc(C)cc2C2CC2)c1C	0.042915
rxn:4:195777:228881	CC(=O)c1ncc(-c2cncc(C3CC3)c2)cn1	0.042913
rxn:4:192850:229153	Cn1ncc(-c2cc(OC3CCCC3)ccn2)c1C#N	0.042906
rxn:4:195585:228353	CN(C)c1ncc(-c2cncc(C(C)(F)F)c2)cc1Cl	0.042901
rxn:4:195262:228810	CSc1c(Cl)cccc1-c1ncc(C2CC2)s1	0.042897
rxn:4:192495:229137	CN(C)Cc1ccc(-c2c(F)cccc2F)cc1F	0.042886
rxn:4:208970:228387	COc1cc(=O)n(C)cc1-c1ncc(C2CCC2)cn1	0.042883
rxn:4:198259:227980	Cc1nc(-c2ccc(C3CC3)cc2F)ccc1F	0.042878
rxn:4:209455:228879	c1cc(-c2cnc(N3CCCCC3)o2)n(C2COC2)n1	0.042878
rxn:4:215615:229197	COc1nc(-c2cnn(C(F)F)c2)nn1C1CCCO1	0.042866
rxn:4:215399:227972	Cc1nn(C)c(CC#N)c1-c1cncc(C2CCC2)c1	0.042863
rxn:4:206327:223378	c1ncc(-c2cnc3c(c2)NCCO3)c(CC2CCCC2)n1	0.042859
rxn:4:199296:229289	Cc1cscc1-c1cccc2c1CCCN2C	0.042848
rxn:4:192463:229074	CCCc1cc(-c2cccnc2SC)c(C)cn1	0.042847
rxn:4:191475:228205	COc1cccc(-c2ccc(N(C)C)c(Cl)c2)c1C#N	0.042846
rxn:4:182742:229125	Cc1cncc(-c2cc(F)c3c(c2)OCC3)c1F	0.042843
rxn:4:179950:228878	COc1ccc(-c2cnn(C3COC3)c2)c(C(C)C)c1	0.042843
rxn:4:196518:228547	CCCc1ccncc1-c1ccc(N2CCOCC2)o1	0.042840
rxn:4:179972:229200	COCc1cc(-c2cccc(C)c2)c(C)cc1C	0.042837
rxn:4:211908:229322	Cc1nc2c(-c3sccc3Cl)cccc2[nH]1	0.042823
rxn:4:198088:223302	Cc1ccc2[nH]ccc2c1-c1nc(Cl)cs1	0.042823
rxn:4:211482:229289	Cc1cscc1-c1cnc2[nH]ccc2c1Cl	0.042823
rxn:4:196058:228342	CC(C)(C)c1cnc(-c2cccc(OC(F)F)c2)s1	0.042819
rxn:4:188213:228462	CCOC(=O)c1c[nH]cc1-c1ccnc(OC(F)F)c1	0.042819
rxn:4:181636:229271	COc1cc(-c2cc(C)c(C(F)(F)F)cc2C)sn1	0.042818
rxn:4:211233:228746	Cc1nc(F)ncc1-c1cccc(C#N)c1Cl	0.042809
rxn:4:182571:229013	Cc1cc(C)cc(-c2sccc2C2CC2)c1	0.042802
rxn:4:181726:228997	CCc1ccc(-c2ccc(C3CC(=O)CO3)cc2)cn1	0.042790
rxn:4:179145:228638	COc1cc(OC)cc(-c2cc(C)cc(C)c2Cl)c1	0.042785
rxn:4:202839:227892	COCCc1nnc(-c2ccc(CN(C)C)cc2)s1	0.042775
rxn:4:188042:229151	COC(=O)Cc1ncc(-c2cnc(C#N)cn2)s1	0.042774
rxn:4:177012:229150	CCC(=O)Cc1cc(F)ccc1-c1cnc(C#N)nc1	0.042770
rxn:4:205322:228720	Cc1cnn(C(C)C)c1-c1ccc(C2(C#N)CC2)cn1	0.042763
rxn:4:195107:228295	CCOC(=O)n1ccc(-c2nc(C(F)F)ccc2Cl)c1	0.042759
rxn:4:179136:228401	COc1ccc(-c2c(F)ccc(F)c2OC)cc1OC	0.042755
rxn:4:188801:229155	Cc1cc(OCC#N)cc(C)c1-c1cn(C2CC2)nn1	0.042746
rxn:4:205085:227932	COCc1ccc(C)c(-c2cc(OC)c(C#N)cn2)c1	0.042734
rxn:4:191579:228544	COc1ccc(-c2ccc(CC#N)cc2)c(C#N)c1F	0.042731
rxn:4:191342:228118	COc1cccc(-c2cc(CC#N)ccc2F)c1C#N	0.042731
rxn:4:205391:228239	COc1nc(C)c(-c2cc(C#N)n(C(C)C)c2)cc1C	0.042729
rxn:4:195570:228886	CCc1ncc(-c2cc(S(C)(=O)=O)ccn2)c(Cl)n1	0.042724
rxn:4:179777:229018	CCc1ccc(CC)c(-c2c(C)ccnc2C)c1	0.042704
rxn:4:198174:227858	CN1Cc2cccc(-c3c(F)cncc3F)c2C1	0.042703
rxn:4:188712:228821	CCOc1cc(-c2ccc(C)c(F)c2F)cnc1OC	0.042697
rxn:4:181328:228729	CS(=O)(=O)c1ccc(-c2ccc(F)cc2C#N)c(Cl)c1	0.042687
rxn:4:176992:229264	CCSc1ccc(OC)cc1-c1cnccc1Cl	0.042681
rxn:4:214552:228649	CCN(C)Cc1nn(C)cc1-c1c(C)cc(C)cc1F	0.042671
rxn:4:195561:227839	Cc1cccc(C2CC2)c1-c1nc(C2OCCO2)cs1	0.042670
rxn:4:192687:228733	COc1cc(C)ncc1-c1cc(C)cnc1OC(C)C	0.042667
rxn:4:179153:229204	CCc1sccc1-c1ccc(SC2CC2)cc1	0.042638
rxn:4:211414:228996	CCc1cc(-c2cc3[nH]cccc-3n2)ccn1	0.042632
rxn:4:183176:229312	Cc1nocc1-c1ccc2c(c1C)CCCC2=O	0.042627
rxn:4:198324:228187	COCc1ccc(-c2cnc(C)c(C)c2Cl)c(Cl)c1	0.042625
rxn:4:189053:223359	CNCc1ccc(-c2ccn(C(=O)OC(C)(C)C)c2)cc1F	0.042625
rxn:4:214422:229077	COCn1nc(-c2ccc(SC)nc2)nc1OC	0.042621
rxn:4:195480:228135	CCOc1cc(C)ncc1-c1cc(C#N)c(F)cc1C	0.042617
rxn:4:204968:228737	COc1ccc(-c2snc(C(F)(F)F)c2C#N)c(C)n1	0.042615
rxn:4:196089:228726	CC(C)(F)c1cc(-c2ccc(Cl)c(C#N)c2)ccn1	0.042607
rxn:4:201282:229120	CCCOc1ccc(-c2cccn(C)c2=O)c(C#N)n1	0.042604
rxn:4:179608:229226	CC(C)Oc1c(F)cc(Cl)cc1-c1ccc(C#N)s1	0.042597
rxn:4:211429:228382	COc1nc(C)c(Cl)cc1-c1nc2n(c1Cl)CC=CO2	0.042586
rxn:4:208440:228613	CCc1ccc(-c2cnc(S(C)(=O)=O)nc2)cc1F	0.042581
rxn:4:212112:229337	Cc1n[nH]c2cc(F)c(-c3cnco3)cc12	0.042581
rxn:4:181931:229285	Cn1cccc1-c1ccc(C2(C)CCC2)cc1	0.042575
rxn:4:208995:228172	CCOc1cccc(-c2cnccc2N2CCC2)c1F	0.042575
rxn:4:195570:228327	COc1cc(-c2cc(S(C)(=O)=O)ccn2)cnc1OC	0.042565
rxn:4:208303:228807	CSc1ccc(Cl)cc1-c1cc(C)cnc1C#N	0.042562
rxn:4:208284:228809	CSc1ccc(Cl)c(-c2ccnc(C#N)c2C)c1	0.042562
rxn:4:176583:229167	CN(C)c1nc(-c2ccc(S(=O)(=O)CCF)cc2)cs1	0.042554
rxn:4:196020:228387	COc1cc(=O)n(C)cc1-c1cncc(C2COC2)c1	0.042538
rxn:4:216467:223330	Clc1ccc2[nH]c(-c3cnnn3C3CC3)cc2c1	0.042534
rxn:4:195197:229120	Cn1cccc(-c2ncc(C(F)(F)F)cc2Cl)c1=O	0.042524
rxn:4:188556:229257	COC(=O)c1cc(-c2cncc(Cl)c2)ncc1OC	0.042512
rxn:4:214600:229279	CC(C)Cn1cc(-c2cncnc2Cl)nc1N(C)C	0.042504
rxn:4:206044:229163	COc1cc(-c2cnc(OC3CCCC3)nc2)cnn1	0.042496
rxn:4:208986:228502	Cc1ncc(-c2nn(C)cc2C(F)(F)F)n1C1COC1	0.042486
rxn:4:195429:228755	COc1cncc(-c2cnc(C(C)=O)c(Cl)c2)c1C	0.042483
rxn:4:205492:228578	CN(C)c1ccc(C#N)cc1-c1ccc(C2CC2)nc1	0.042481
rxn:4:191318:228997	CCc1ccc(-c2ncc(OC(F)(F)F)cc2Cl)cn1	0.042478
rxn:4:182569:227901	Cc1ccc(-c2ccc(CC(C)C)nc2)c(C)c1	0.042476
rxn:4:216914:227934	CCOc1ccc(C)c(-c2cn(C3CCCC3)nn2)c1	0.042476
rxn:4:215334:228266	CSc1c(-c2c(CC#N)cnn2C)ccc(C)c1Cl	0.042474
rxn:4:209279:228889	CCc1nc(Cl)ncc1-c1cnn(C2(C)CCC2)c1	0.042454
rxn:4:211290:229224	CCn1nccc1-c1ccc2nsnc2c1	0.042453
rxn:4:191213:227969	COC(=O)c1ncsc1-c1ccnc(C)c1C1CC1	0.042453
rxn:4:191218:227962	COC(=O)c1ncc(-c2cc(C)nc(C3CC3)c2)s1	0.042453
rxn:4:209230:228975	FC(F)(F)n1cc(-c2cnc(C3CCOC3)cn2)cn1	0.042446
rxn:4:205496:228700	COc1nc(C)nc(OC)c1-c1ccc(N(C)C)nc1	0.042435
rxn:4:181387:227867	COc1cccc(C)c1-c1cccc2c1OCCC2	0.042434
rxn:4:205112:228086	COc1nccc(C#N)c1-c1cccc(OCC#N)c1	0.042412
rxn:4:192163:228872	COC(=O)c1sccc1-c1ccc(CN2CCC2)o1	0.042406
rxn:4:198276:228317	COC(=O)c1ccc(-c2cc(F)c(C)cn2)cn1	0.042403
rxn:4:218018:228691	CCOc1ccc(-c2nc3ccncc3[nH]2)cn1	0.042400
rxn:4:205146:223409	CCOc1cnc(-c2cnc3[nH]ccc3c2)nc1	0.042400
rxn:4:178982:228197	COCc1ccc(Cl)cc1-c1cnc(C(C)(C)C)nc1	0.042392
rxn:4:209219:228824	Cc1cc(F)c(-c2cccc(N=S(C)(C)=O)n2)c(F)c1	0.042389
rxn:4:209283:228200	Cc1ncc(-c2ccnn2C2CCCC2)n1C1CCC1	0.042387
rxn:4:195422:228270	COc1cc(Cl)c(C)cc1-c1ccc(C)c(C#N)c1	0.042387
rxn:4:181551:229324	CC(=O)c1c(C)cc(-c2cc(Cl)cs2)cc1F	0.042385
rxn:4:218033:228547	CCCc1ccncc1-c1nnc2cc[nH]cc1-2	0.042382
rxn:4:205148:228362	CCn1cc(-c2cnc(Cl)nc2C2CC2)cc1C#N	0.042377
rxn:4:198495:228580	O=C1C=c2c(Cl)cc(-c3cccnc3C3CC3)cc2=N1	0.042376
rxn:4:192850:229220	Cc1cc(-c2cc(OC3CCCC3)ccn2)c(C)s1	0.042362
rxn:4:205476:229032	Cc1ccc(-c2cccc(C(C)(C)C#N)n2)c(Cl)c1	0.042361
rxn:4:208621:229335	c1coc(-c2ncc(-c3cscn3)cn2)c1	0.042351
rxn:4:196038:229114	CC(=O)c1cnc(C)c(-c2cc(C)ncc2F)c1	0.042345
rxn:4:191897:228579	CCc1cc(-c2cc(C)ccc2C#N)ccc1C#N	0.042345
rxn:4:206019:228395	CCc1nc(-c2cc(F)c(F)cc2OC)cn1C(C)C	0.042333
rxn:4:215401:228477	CC(C)n1ncc(C#N)c1-c1cnccc1C(F)(F)F	0.042329
rxn:4:208302:228310	CCCc1nc(Cl)ncc1-c1ccc(C#N)nc1C	0.042328
rxn:4:208305:228649	Cc1cc(C)c(-c2cncc(C#N)c2C)c(F)c1	0.042327
rxn:4:196587:229162	COc1cnc(-c2cc(C3COCCO3)ccn2)cn1	0.042327
rxn:4:217024:229151	N#Cc1cnc(-c2ncn(C3CCCCO3)n2)cn1	0.042326
rxn:4:194943:227906	CCC(C)c1ncccc1-c1ccc(Cl)c(C#N)c1	0.042322
rxn:4:188390:229217	CCOC(=O)c1c(Cl)ccnc1-c1ccc(F)cc1	0.042316
rxn:4:196609:229026	Cc1cc(-c2ccc(S3(=O)=NCCC3)cc2)c(C)cn1	0.042312
rxn:4:205226:227933	CCc1cc(-c2cc(OC)ccc2CC)cc(C#N)n1	0.042309
rxn:4:191698:228849	CCOc1ncc(-c2cc(C)c(F)c(Cl)c2)cc1Cl	0.042308
rxn:4:188946:228531	CCCOc1ccc(-c2cccc3c2CCO3)c(C)n1	0.042304
rxn:4:205085:228812	COc1cc(-c2c(F)cccc2SC)ncc1C#N	0.042300
rxn:4:213509:223344	CN(C)C(=O)CCn1cc(-c2cccc3c2CC(=O)N3)cn1	0.042290
rxn:4:205607:227953	CCN(C)c1ccc(-c2ccc(N(C)C)cc2C)cn1	0.042272
rxn:4:198924:229271	COc1cc(-c2ccc(Cl)c3[nH]c(C)cc23)sn1	0.042244
rxn:4:196057:228485	Cc1nc(C(C)C)sc1-c1ccncc1C(F)(F)F	0.042228
rxn:4:179056:228727	CCOc1c(F)cc(Cl)cc1-c1cc(C)cnc1OC	0.042223
rxn:4:196232:228128	COc1ccc(-c2cccnc2C2CCC2)cc1C#N	0.042214
rxn:4:204982:229048	N#Cc1cccc(C#N)c1-c1cnn2c1CCC2	0.042198
rxn:4:191871:227978	COc1cnc(-c2cc(C(C)C)ccc2F)c(OC)c1	0.042194
rxn:4:209276:229033	Cc1ccc(-c2ncc(C(C)(C)C)cn2)cc1Cl	0.042187
rxn:4:179362:228864	CCOc1ncc(-c2cccc(CS(C)(=O)=O)c2)cn1	0.042183
rxn:4:191982:228870	CCCc1cc(-c2cc(C(=O)OC)cs2)c(F)cn1	0.042170
rxn:4:181380:228835	COc1ccc(-c2cc(C)cc(Cl)c2F)c(C)c1	0.042169
rxn:4:188840:223358	CC(=O)Nc1ccc(-c2ccc(OC(C)C)c(C#N)c2)cc1	0.042165
rxn:4:196018:228009	Fc1cc(-c2ccnc(C3COC3)c2)ccc1C1CC1	0.042164
rxn:4:205341:229165	COc1nccc(-c2cnc(OC3COC3)nc2)n1	0.042149
rxn:4:208977:228791	CSc1ccc(-c2nccn2C2CCCO2)c(F)c1	0.042139
rxn:4:188810:223439	COC(=O)C(C)c1ncccc1-c1cc(C(F)(F)F)[nH]n1	0.042138
rxn:4:217655:228272	COc1c(C)ccc(-c2n[nH]c3c2CN(C(C)=O)CC3)c1F	0.042126
rxn:4:188584:229163	COc1cc(-c2cnc(OCC(F)F)cc2C)cnn1	0.042121
rxn:4:198154:223405	Fc1c(Cl)ccnc1-c1ccc2[nH]cnc2c1	0.042112
rxn:4:210569:228592	CC(C)c1cncc(-c2cnn(C34CC(C)(C3)C4)c2)c1	0.042109
rxn:4:176958:228997	CCc1ccc(-c2ccc(OCC3CC3)cc2)cn1	0.042105
rxn:4:205496:228563	COc1nc(C)nc(OC)c1-c1cc(CC(C)C)cs1	0.042100
rxn:4:196176:228433	COc1ccc(Cl)c(F)c1-c1cc(S(N)(=O)=O)c(C)cc1F	0.042098
rxn:4:205274:228136	N#Cc1c(-c2ccc(OC3CC3)nc2)cccc1S(N)(=O)=O	0.042078
rxn:4:195304:228453	COC(=O)Cn1cc(-c2cc(OC)ncc2Cl)cn1	0.042071
rxn:4:196816:223344	O=C1Cc2c(cccc2-c2ccc(C3CCOCC3)cn2)N1	0.042066
rxn:4:204980:228436	COc1ccc(F)c(Cl)c1-c1ccc(C#N)c(C#N)c1	0.042055
rxn:4:177441:229076	CCOc1cc(OC)c(C)cc1-c1sc(C#N)cc1C	0.042054
rxn:4:182220:229024	COc1cc2c(cc1-c1cnc(C)c(C)c1)OCCO2	0.042050
rxn:4:181539:228777	COc1ccc(-c2cc(Cl)ccc2C2COC2)c(F)c1	0.042049
rxn:4:192697:228747	Cc1c(CC2CC2)cncc1-c1c(F)cccc1C#N	0.042045
rxn:4:202991:229042	CCn1cc(-c2cccc(C)c2F)c(C(=O)OC)n1	0.042044
rxn:4:196126:228635	Cc1nc(C2OCCO2)sc1-c1ccc(F)c(C)c1C	0.042035
rxn:4:192300:228251	CCS(=N)(=O)c1cccc(-c2cc(C)c(OC)cc2Cl)c1	0.042014
rxn:4:196238:228158	CCOc1cc(F)cc(-c2cc(N3CCCC3)co2)c1	0.042013
rxn:4:195655:228737	COc1ccc(-c2cc(C(F)(F)F)cc(C)n2)c(C)n1	0.042013
rxn:4:208180:227962	Cc1cc(-c2ncc(C(F)(F)F)cn2)cc(C2CC2)n1	0.042006
rxn:4:194985:228129	COc1cc(C#N)ccc1-c1cc(F)cc(C#N)c1F	0.042003
rxn:4:177269:229080	CCOCc1ccc(C)cc1-c1cnc(C2CC2)s1	0.042001
rxn:4:215479:227824	CC(C)Cc1ncnc(-c2ccc(C3CCC3)cc2)n1	0.041996
rxn:4:183186:229078	COc1cncc(-c2cccc3c2OCC(C)(C)O3)c1	0.041995
rxn:4:192090:229002	COc1ccc(-c2ccc(F)c(C3(C#N)CC3)c2)cc1	0.041993
rxn:4:209425:228581	Cc1c(C#N)cccc1-c1cnn(C2CCOCC2)c1	0.041990
rxn:4:183055:229211	Cc1ncccc1-c1ccc2c(c1)C(C)CC2=O	0.041985
rxn:4:218328:223464	Cc1cc2nn[nH]c2cc1-c1cc[nH]c1	0.041982
rxn:4:215487:228146	CCc1cncc(-c2c(CC)nnn2C2CC2)c1OC	0.041976
rxn:4:192846:228995	CCc1cncc(-c2ncccc2OC2CCCC2)c1	0.041973
rxn:4:195707:227915	CCOc1ccc(-c2cc(F)c(S(N)(=O)=O)cc2Cl)cc1C	0.041965
rxn:4:188337:229100	CCOC(=O)c1c(C)noc1-c1ccnc(C)c1F	0.041960
rxn:4:215610:228013	CCc1nn(C(C)C)nc1-c1ccc(F)c(C2CC2)c1	0.041956
rxn:4:212384:229131	Cc1nc(-c2ccc(F)cc2F)c2n1CCCC2	0.041955
rxn:4:208382:228140	CCc1nc(Cl)cc(-c2ccc(C(C)N(C)C)s2)n1	0.041954
rxn:4:181896:229154	Cc1cc(-c2cc(C#N)nn2C)cc(C2OCCO2)c1	0.041952
rxn:4:209613:223346	O=C1NCc2cc(-c3nccc(C4CCCOC4)n3)ccc21	0.041951
rxn:4:218355:229011	Cc1cc2[nH]nc(-c3ccc(C4CC4)s3)c2cn1	0.041935
rxn:4:195588:228100	CCCn1nc(C)c(-c2c(C)ccnc2C(F)F)c1C	0.041932
rxn:4:189392:229019	Cc1ccc(-c2nc(C)ccc2OCC(C)C)c(C)n1	0.041924
rxn:4:209310:229031	Cc1ccc(-c2cccc(N3CCCC3=O)n2)c(F)c1	0.041916
rxn:4:191347:228825	Cc1cc(F)c(-c2cccc(CC#N)c2F)cc1F	0.041916
rxn:4:209375:229093	Cc1ncnc(C)c1-c1cncc(N2CCCC2=O)c1	0.041904
rxn:4:195492:228190	Cc1cc(N(C)C)ncc1-c1c(C)ccc(C#N)c1F	0.041902
rxn:4:182538:229016	Cc1c(F)ccc(-c2ccsc2C2CC2)c1F	0.041899
rxn:4:205600:228146	CCc1cncc(-c2cc(CN(C)C)ccn2)c1OC	0.041893
rxn:4:211377:229240	Cc1ncc(-c2c[nH]c3ccncc23)cn1	0.041890
rxn:4:209626:229092	Cc1nn(C)c(C)c1-c1cccnc1N1CCOCC1	0.041884
rxn:4:189399:229085	COc1ccc(CN(C)C)cc1-c1scnc1C1CC1	0.041871
rxn:4:217632:228576	Cc1ccc(C#N)cc1-c1cn(C23CC(C)(C2)C3)nn1	0.041869
rxn:4:203073:229051	CCCn1cc(-c2cnc(OC(C)C)c(C#N)c2)cn1	0.041869
rxn:4:203009:229197	CCOC(=O)c1nc(-c2cnn(C(F)F)c2)cn1C	0.041863
rxn:4:192323:223309	COc1cc(-c2ccc(NC(C)C)cc2)cnc1C1CC1	0.041862
rxn:4:198493:228610	CC(C)(C)c1ccc(-c2cnc3c(c2)C(=O)CO3)s1	0.041856
rxn:4:192010:223311	COC(=O)c1nc(-c2cccc(C3CNC3)c2)ccc1C	0.041855
rxn:4:180178:229235	COc1ccsc1-c1ccc(CC(C)(C)C)cc1	0.041847
rxn:4:178721:229124	Cc1ncc(-c2cc(C(=O)CF)ccc2F)cc1F	0.041845
rxn:4:205596:227997	COc1ncc(-c2cc(C3CC3)ccc2F)n1C(C)C	0.041843
rxn:4:195052:228164	CCOc1cc(-c2cnc(C(C)(F)F)s2)ccc1Cl	0.041839
rxn:4:198851:228735	COc1cncc(C)c1-c1ccc2c(n1)COCC2=O	0.041829
rxn:4:188299:228504	Cc1ccc(-c2cccc3c2CCC3)c(OCC#N)c1	0.041823
rxn:4:181142:228990	CCCc1ccc(-c2cc(F)cc(Cl)c2OC)s1	0.041809
rxn:4:195395:228636	CC(=O)c1cccc(-c2c(C)cc(F)cc2C)n1	0.041806
rxn:4:218032:228774	COc1cccc(F)c1-c1nnc2ccc[nH]c1-2	0.041804
rxn:4:195376:229293	Cc1cc(-c2csc(-c3ccoc3)n2)cs1	0.041798
rxn:4:216523:229314	Cc1ncsc1-c1cnc(-c2cscn2)cn1	0.041786
rxn:4:183045:228735	COc1cncc(C)c1-c1c(C)ccc2c1C(=O)CC2	0.041779
rxn:4:181707:228897	COc1ncc(F)cc1-c1ccc(C2(F)CCC2)cc1	0.041764
rxn:4:191842:228626	CCc1cccc(-c2cc(C)cc(CC#N)c2)c1F	0.041760
rxn:4:191217:227833	CCc1cc(C)cc(C)c1-c1ncc(C(=O)OC)o1	0.041759
rxn:4:205862:228824	Cc1cc(F)c(-c2nccc(OC(C)(C)C)n2)c(F)c1	0.041755
rxn:4:211475:228679	Clc1ccc(-c2cnn(CC3CC3)c2)c2[nH]ncc12	0.041750
rxn:4:211927:229257	Cc1[nH]c2ncccc2c1-c1cncc(Cl)c1	0.041749
rxn:4:203098:228077	O=C1OCc2ccc(-c3c[nH]nc3OCC3CCC3)cc21	0.041748
rxn:4:205584:228085	CCN(C)c1cc(-c2ccccc2OCC#N)ccn1	0.041742
rxn:4:218007:228768	CCc1cc(-c2cccc3[nH]nnc23)c(F)cn1	0.041739
rxn:4:196664:228585	c1cc(C2CC2)c(-c2cc(N3CCCCC3)co2)cn1	0.041736
rxn:4:192541:223357	CC(=O)Nc1ccccc1-c1cccc(C2(C#N)CCC2)c1	0.041727
rxn:4:179404:229318	COc1c(C(C)=O)cc(Cl)cc1-c1ccsc1Cl	0.041726
rxn:4:186138:229058	CCOc1cnc(-c2cccnc2C#N)c(OCC)c1	0.041723
rxn:4:192319:229119	Cc1cncc(-c2ccc(C#N)cc2C(C)C)c1Cl	0.041716
rxn:4:177416:229155	c1cc(OCC2CCC2)cc(-c2cn(C3CC3)nn2)c1	0.041710
rxn:4:217942:228685	COCc1cncc(-c2nn3ccnc3s2)c1	0.041703
rxn:4:194945:228273	COc1cc(Cl)cc(C)c1-c1ccc(Cl)cc1C#N	0.041702
rxn:4:196498:228743	N#Cc1ccc(Cl)cc1-c1ncsc1C1CCOCC1	0.041690
rxn:4:191224:228392	COC(=O)c1sncc1-c1ccc(C(F)(F)F)cc1	0.041681
rxn:4:210207:229323	COc1cc(-c2csc(Cl)c2)cc2n[nH]c(Cl)c12	0.041679
rxn:4:191344:227958	N#CCc1ccc(-c2ccnc(C3CCC3)c2)cc1F	0.041676
rxn:4:211415:228906	FC(F)c1cc(-c2cc[nH]c3ccnc2-3)ccn1	0.041674
rxn:4:218032:228781	FC(F)c1ccc(-c2nnc3ccc[nH]c2-3)cc1	0.041674
rxn:4:201307:229256	CCOC(=O)c1nn(CC)cc1-c1c(C)noc1C	0.041672
rxn:4:191813:228762	CCn1cc(-c2nccc(OC)c2C(F)(F)F)ccc1=O	0.041656
rxn:4:216493:229159	COc1ncc(-c2nn[nH]c2-c2ccco2)cn1	0.041655
rxn:4:205148:228149	CCn1cc(-c2ccccc2C(=O)OC)cc1C#N	0.041646
rxn:4:195563:229033	Cc1ccc(-c2cc(C)c(C(F)F)cn2)cc1Cl	0.041645
rxn:4:205097:227947	Cc1cc(C#N)cc(C)c1-c1sc(C#N)nc1C1CC1	0.041642
rxn:4:211904:229336	Cn1ncc2c(-c3cncs3)cccc21	0.041635
rxn:4:198072:228036	Cc1cc2nccn2cc1-c1cnsc1	0.041633
rxn:4:177267:228933	CCOCc1ccc(-c2cnc(OC)cc2F)c(C)c1	0.041631
rxn:4:188108:227962	Cc1cc(-c2ncccc2OCCF)cc(C2CC2)n1	0.041625
rxn:4:215389:228755	COc1cncc(-c2cnn(C3(C(F)(F)F)CC3)n2)c1C	0.041619
rxn:4:182584:228586	Cc1cc(-c2cccnc2C(C)C)c(C)cc1F	0.041618
rxn:4:178966:228090	CCOCc1cncc(-c2ccccc2OCC)c1	0.041612
rxn:4:192347:228909	COc1cc(-c2cccc(C(=O)N(C)C)c2F)c(Cl)cn1	0.041612
rxn:4:194982:227881	CCCOc1ccc(-c2cc(F)c(C#N)cc2F)cc1	0.041600
rxn:4:195366:228133	CSc1ncc(-c2ccc(F)c(CC#N)c2)cc1Cl	0.041588
rxn:4:188543:229207	COC(=O)c1cnc(-c2ccnc(C)c2)cc1OC	0.041581
rxn:4:180920:228438	COc1cc(-c2cc(CF)ccc2F)cc(F)c1Cl	0.041580
rxn:4:216559:223305	CCc1nc(-c2ccc3c(C)c[nH]c3c2)nn1C	0.041574
rxn:4:198610:228447	O=C1CCc2ncc(-c3cccc(C(F)F)c3F)cc21	0.041571
rxn:4:181298:228544	CCc1c(-c2ccc(CC#N)cc2)ccc(Cl)c1F	0.041568
rxn:4:208023:223395	Cc1nc(-c2cccc3[nH]ccc23)sc1C#N	0.041559
rxn:4:181367:228617	COc1cccc(C)c1-c1cc(F)c(S(C)(=O)=O)cc1F	0.041557
rxn:4:181254:229085	CC(=O)c1cc(F)c(-c2scnc2C2CC2)c(F)c1	0.041540
rxn:4:205254:227830	CCc1[nH]nc(C(F)(F)F)c1-c1ccc(C2(C)CC2)cc1	0.041536
rxn:4:195759:223408	COc1cc(C)cnc1-c1cccc2cn[nH]c12	0.041534
rxn:4:183124:229012	CC(C)c1ccsc1-c1ccc2c(c1)CCCS2(=O)=O	0.041528
rxn:4:205496:228481	COc1nc(C)nc(OC)c1-c1ccnc(C(F)(F)F)c1	0.041520
rxn:4:188360:228501	CCOc1cc(C#N)ccc1-c1cnn(C)c1C(F)(F)F	0.041520
rxn:4:176562:229217	COC(=O)C(F)c1ccc(-c2ccc(F)cc2)cc1	0.041509
rxn:4:211944:229155	Cc1cncc2[nH]cc(-c3cn(C4CC4)nn3)c12	0.041495
rxn:4:209626:228928	FC(F)c1ncccc1-c1cccnc1N1CCOCC1	0.041488
rxn:4:205249:228191	CCn1cc(-c2cnc(N(C)C)c(C)c2)c(C(F)(F)F)n1	0.041480
rxn:4:195398:228139	COc1cc(C#N)cc(-c2cc(C(C)=O)ccn2)c1	0.041464
rxn:4:196173:228062	Cc1cc(Cl)cc(-c2cncc3c2CCCO3)c1S(N)(=O)=O	0.041463
rxn:4:208032:229160	CSc1ncc(-c2nc(C(F)F)c[nH]2)cn1	0.041463
rxn:4:196008:228571	CC(=O)c1ccc(C)nc1-c1ccc(N(C)C)cc1	0.041457
rxn:4:195736:228491	COc1ccnc(-c2cn(C)c(=O)n(C)c2=O)c1C	0.041450
rxn:4:186550:223343	CCN(CC)Cc1ccc(-c2ccc3c(c2)NC(=O)C3)cc1	0.041448
rxn:4:191379:229087	CC(=O)c1ccsc1-c1ccccc1C(F)(F)C#N	0.041447
rxn:4:216449:228001	CC(C)c1cc(-c2nc(C(F)(F)F)nn2C)ccc1Cl	0.041444
rxn:4:191264:227988	Fc1c(-c2cccnc2OC(F)F)cccc1C1CC1	0.041444
rxn:4:179219:228921	Fc1cccc(-c2ccc(C(F)F)nc2)c1OC1CC1	0.041444
rxn:4:179521:228272	COCc1ccc(-c2ccc(C)c(OC)c2F)cc1C	0.041441
rxn:4:215484:228863	CCN(C)c1ccc(-c2cnn(CCOC)c2)nn1	0.041437
rxn:4:206015:227984	CCn1c(-c2ccc(OC)c(C)c2C)cnc1C(C)C	0.041426
rxn:4:211370:228463	FC(F)Oc1ccc(-c2cccc3cn[nH]c23)cn1	0.041425
rxn:4:216600:227920	CCC(=O)c1ccc(-c2ncnc(C(C)C)n2)cc1	0.041409
rxn:4:179347:228816	Cc1nc(C)c(-c2ccc(C(C)C(F)F)cc2)c(C)n1	0.041400
rxn:4:208412:228734	COc1nccc(C)c1-c1cc(S(C)(=O)=O)ncn1	0.041400
rxn:4:195219:229070	COc1ccc(-c2ncc(C(F)(F)F)cc2F)cn1	0.041399
rxn:4:179684:229087	CC(=O)Cc1cccc(-c2sccc2C(C)=O)c1C	0.041398
rxn:4:208433:229286	Cn1ccc(-c2ncc(-n3cccc3)s2)c1	0.041385
rxn:4:205064:223309	CC(C)Nc1ccc(-c2ccc(C(F)(F)F)nc2C#N)cc1	0.041385
rxn:4:197543:228696	COCc1ccc(-c2cccc3c2CCN3C(C)=O)cn1	0.041383
rxn:4:205080:223348	COC(=O)c1cnc(-c2ccc3c(c2)C(=O)NC3)cn1	0.041383
rxn:4:179583:228774	CCOc1c(C)cc(F)cc1-c1c(F)cccc1OC	0.041377
rxn:4:188940:228827	Cc1cc(F)c(F)cc1-c1ccc(OCC(C)C)cn1	0.041376
rxn:4:179509:228472	CCOc1cc(C)cc(-c2ccc(C(F)(F)F)nc2)c1	0.041373
rxn:4:209988:229224	CCn1nccc1-c1cccc2[nH]c(C(F)F)nc12	0.041372
rxn:4:182916:228134	CCOc1ccc(-c2cccc3c2OCC(=O)C3)c(C)n1	0.041363
rxn:4:191214:228472	COC(=O)c1cc(-c2ccc(C(F)(F)F)nc2)no1	0.041360
rxn:4:215327:223334	COCc1n[nH]c(-c2cc3ccc(F)cc3[nH]2)n1	0.041353
rxn:4:181607:227982	COc1cc(C)cc(-c2cc(C)ccc2S(C)(=O)=O)c1C	0.041347
rxn:4:217025:228329	CCOc1cc(-c2ccnc(N3CCCC3)n2)c(Cl)cn1	0.041333
rxn:4:191966:228188	CCCc1cnccc1-c1cccc(Cl)c1OCC	0.041330
rxn:4:205465:228167	CCOc1cc(Cl)ccc1-c1cc(C(=O)N(C)C)ccn1	0.041330
rxn:4:188076:228366	CN(C)c1ncc(-c2cc(F)cc(OCC#N)c2)cc1F	0.041327
rxn:4:209655:229115	Cc1ncc(F)cc1-c1cnc(C(C)(C)C)nc1C	0.041325
rxn:4:210408:228885	COC1COc2c(-c3cnc(C#N)c(F)c3)cnn2C1	0.041321
rxn:4:202968:228009	CCCOc1ncc(-c2ccc(C3CC3)c(F)c2)cn1	0.041315
rxn:4:202859:228578	FC(F)(F)COc1ccc(-c2ccc(C3CC3)nc2)nn1	0.041309
rxn:4:195399:227961	CC(=O)c1cccnc1-c1ccc(C2CC2)nc1C	0.041299
rxn:4:191570:228463	COc1cc(-c2ccc(OC(F)F)nc2)c(F)cc1C#N	0.041295
rxn:4:191756:228996	CCc1cc(-c2cc(C(C)=O)ccc2C#N)ccn1	0.041288
rxn:4:205873:227868	COc1cc(-c2ccc3c(c2)OCCC3)cnc1N(C)C	0.041283
rxn:4:182739:228400	COc1c(-c2ccc3c(c2Cl)OCC3)ccc(F)c1F	0.041276
rxn:4:205164:228638	CCOc1ncc(-c2cc(C)cc(C)c2Cl)c(Cl)n1	0.041272
rxn:4:196562:228210	Cc1cccc(-c2ccc(N3CCCC3)s2)c1N(C)C	0.041270
rxn:4:180920:228613	CCc1ccc(-c2cc(CF)ccc2F)cc1F	0.041253
rxn:4:188582:228740	COc1ccc(C#N)c(OC)c1-c1ccc(C#N)cc1F	0.041251
rxn:4:179156:229145	COc1cc(-c2cccc(Cl)c2F)ccc1SC	0.041245
rxn:4:201215:223343	CCOC(=O)Cn1nccc1-c1ccc2c(c1)NC(=O)C2	0.041243
rxn:4:179718:229210	COc1c(F)c(SC)cc(C)c1-c1ccc(C)nc1	0.041242
rxn:4:211901:223464	Cc1n[nH]c2cc(-c3cc[nH]c3)ccc12	0.041241
rxn:4:188363:228371	COCc1ccc(-c2ccc(F)c(C#N)c2F)cc1C#N	0.041240
rxn:4:206051:228691	CCOc1ccc(-c2cncc(C(=O)N(C)C)c2C)cn1	0.041238
rxn:4:215568:227931	CN(C)C(=O)c1cnn(C)c1-c1ccccc1OC1CC1	0.041234
rxn:4:178615:227831	CCc1c(C)cc(-c2cocc2C(=O)OC)cc1C	0.041231
rxn:4:191334:228195	Cc1nn(C(C)(C)C)cc1-c1cc(Cl)ccc1CC#N	0.041231
rxn:4:192858:228683	CCCc1ncc(-c2cc(C(=O)N(C)C)ccc2C)cn1	0.041230
rxn:4:205462:228128	COc1ccc(-c2ncccc2C(=O)N(C)C)cc1C#N	0.041223
rxn:4:205868:227987	COc1c(C)ccc(-c2cnn(CC3(C)COC3)c2)c1C	0.041220
rxn:4:192449:228155	COc1ccc(-c2ccc(CC(C)C)cn2)cc1OC	0.041219
rxn:4:191382:229171	Cc1ncc(-c2cc(C#N)ccc2C(F)F)c(Cl)n1	0.041215
rxn:4:196233:228988	Cc1ccc(-c2cnccc2C2CCC2)cc1C	0.041197
rxn:4:206018:223434	Cc1nc(-c2cnc3cn[nH]c3c2)cn1CC(C)C	0.041184
rxn:4:179524:228117	COCc1ccc(C)cc1-c1cncc(OC(C)C)c1	0.041181
rxn:4:179004:228216	COCc1ccc(-c2cncc(C3CC3)c2Cl)c(F)c1	0.041167
rxn:4:182732:228500	FC(F)(F)c1ncc(-c2ccc3c(c2)CC=C3)cn1	0.041165
rxn:4:188566:228703	COc1cc(C#N)c(-c2cnn(C3CCC3)c2)cc1OC	0.041161
rxn:4:177012:228996	CCC(=O)Cc1cc(F)ccc1-c1ccnc(CC)c1	0.041160
rxn:4:218375:228978	CCc1ccc(-c2cnc3[nH]nc(C)c3c2)cc1	0.041156
rxn:4:181877:229137	Fc1cccc(F)c1-c1ccc(C2OCCCO2)cc1	0.041146
rxn:4:179461:228641	Cc1cc(F)c(-c2cc(F)cc(CS(C)(=O)=O)c2)cc1C	0.041145
rxn:4:196489:228105	CCN(C)c1cc(-c2cccc(C3CCOC3)n2)ccn1	0.041140
rxn:4:192210:228697	COCc1cc(-c2ccc(C#N)cc2C2COC2)ccn1	0.041133
rxn:4:211241:223330	Cc1ncc(-c2cc3cc(Cl)ccc3[nH]2)n1C	0.041128
rxn:4:181297:228440	CCc1cccc(-c2cc(OC)cc(Cl)c2F)c1F	0.041122
rxn:4:218189:228427	COc1ccc(-c2cnc3c[nH]cnc2-3)c(F)c1Cl	0.041112
rxn:4:180247:229289	COc1cc(C)c(-c2cscc2C)cc1C(C)C	0.041110
rxn:4:182944:229279	Cc1cc(-c2cncnc2Cl)cc2c1C(=O)CO2	0.041110
rxn:4:181645:228775	COc1ccc(-c2cccc(C3OCCO3)c2F)cc1F	0.041109
rxn:4:176963:228502	CCC(=O)Cc1ccc(-c2nn(C)cc2C(F)(F)F)cc1	0.041108
rxn:4:179702:228312	COc1cnc(C#N)cc1-c1c(OC)cc(C)cc1OC	0.041108
rxn:4:218471:228463	CN1CCn2nc(-c3ccc(OC(F)F)nc3)cc2C1=O	0.041097
rxn:4:205859:228371	CCc1cc(C2CC2)nc(-c2ccc(F)c(C#N)c2F)n1	0.041091
rxn:4:192311:228454	COc1cc(-c2cccc(C(C)(C)C#N)c2)c(OC)nn1	0.041072
rxn:4:202866:223359	CCOC(=O)c1c[nH]nc1-c1ccc(CNC)c(F)c1	0.041071
rxn:4:208974:227815	CCC(C)c1ccccc1-c1cnc(N2CCCC2)o1	0.041065
rxn:4:217435:229127	COc1cc2c(-c3cncc(Cl)c3C)n[nH]c2cn1	0.041062
rxn:4:211385:228153	COc1cc(OC)cc(-c2ccc3cc[nH]c3n2)c1	0.041057
rxn:4:209424:228136	c1cc(-c2ccc(OC3CC3)nc2)nc(N2CCCC2)c1	0.041033
rxn:4:196492:228388	Cc1cnc(C(F)F)cc1-c1ncc(C2CCOCC2)o1	0.041032
rxn:4:209277:228836	Cc1cc(-c2cnn(C3CCC3)c2C)c(Cl)cc1F	0.041026
rxn:4:210491:229212	Cc1ccncc1-c1ncc2c(c1C#N)CCCC2	0.041021
rxn:4:208966:227819	CCc1cc(CC)cc(-c2csc(N3CCCC3)n2)c1	0.041015
rxn:4:212417:228556	COCc1ccc(-c2c(C)nc3c(c2C)CCN3C)cc1	0.041010
rxn:4:179391:229065	CC(c1cccc(-c2ccnc(C#N)c2)c1)C(F)(F)F	0.041009
rxn:4:205875:228259	COc1cc(C)cc(-c2cnc(OC(C)C)nc2C)c1F	0.041000
rxn:4:202855:228783	COc1ccc(Cl)c(-c2cc(OCC(F)(F)F)ncn2)c1	0.040999
rxn:4:205302:223303	CCN(C)c1nc(-c2cccc3[nH]c(C)cc23)cs1	0.040991
rxn:4:181188:228181	COCc1cc(F)ccc1-c1ccccc1C(C)=O	0.040984
rxn:4:203074:228725	N#Cc1cc(F)cc(-c2cccnc2CC2(C#N)CC2)c1	0.040984
rxn:4:211944:228690	CCOc1cncc(-c2c[nH]c3cncc(C)c23)c1	0.040974
rxn:4:217979:227924	CCOc1ccc(-c2c[nH]c3ncncc23)c(C)c1	0.040974
rxn:4:216688:223454	O=c1[nH]cccc1-c1nccn1-c1cccnc1	0.040972
rxn:4:209451:228422	COc1c(Cl)ccc(F)c1-c1cn(C2CCCO2)c(C)n1	0.040972
rxn:4:211587:228557	COCc1cccc(-c2ncc3[nH]ccc3c2F)c1	0.040960
rxn:4:182436:223335	Cc1cocc1-c1c(F)ccc2[nH]ccc12	0.040960
rxn:4:196163:228540	Cc1ncc(-c2cccc3c2COC3)cc1C(C)(F)F	0.040957
rxn:4:215659:227982	COc1cc(C)cc(-c2cn(C3CC3)c(N(C)C)n2)c1C	0.040948
rxn:4:182862:228992	N#Cc1cccc(-c2cc3c(cc2F)CCC3=O)c1	0.040945
rxn:4:192046:229025	COC(=O)c1ccc(-c2cc(C)n(C)c2C)c(C)n1	0.040944
rxn:4:196555:227958	Cc1cc(N(C)C)ccc1-c1ccnc(C2CCC2)c1	0.040936
rxn:4:216485:229081	CN(C)c1ccc(-c2ncc(-n3ccnc3)s2)s1	0.040933
rxn:4:188205:227974	COc1cc(C)c(-c2cccc(CCC#N)c2)c(C)c1	0.040931
rxn:4:206314:228928	FC(F)c1ncccc1-c1ccc(CN2CCCC2)cn1	0.040929
rxn:4:216648:229078	COc1cncc(-c2nn[nH]c2-c2ccccc2)c1	0.040928
rxn:4:179701:229056	CCc1cc(-c2ccnn2C(C)C)ccc1C(C)=O	0.040927
rxn:4:195280:228352	COc1nc(C)c(-c2ccc(-n3cccn3)s2)s1	0.040921
rxn:4:201311:228720	CCCc1n[nH]c(C(=O)OC)c1-c1c(C)cnn1C(C)C	0.040919
rxn:4:202920:227958	COc1cnc(CC#N)cc1-c1ccnc(C2CCC2)c1	0.040917
rxn:4:203096:228128	COc1ccc(-c2cc(C#N)n(CC(C)C)c2)cc1C#N	0.040915
rxn:4:182842:228105	CCN(C)c1cc(-c2cc(Cl)cc3c2CCC3=O)ccn1	0.040913
rxn:4:179234:228412	COc1cc(-c2ccc(F)c(OC)c2OC)c(F)cc1F	0.040909
rxn:4:192046:223342	COC(=O)c1ccc(-c2ccc3c(c2)OCCN3)c(C)n1	0.040907
rxn:4:195469:228398	COc1ccc(Cl)c(-c2ccc(C)c(C#N)c2F)c1F	0.040899
rxn:4:205065:228550	CCCc1cc(-c2cnc(C#N)cc2C(F)(F)F)ccn1	0.040897
rxn:4:188513:227807	CCCOc1ccncc1-c1cccc2c1CCCC2	0.040897
rxn:4:197553:228693	CCN(C)c1ccc(-c2cnc3c(c2)CCC3C(C)=O)s1	0.040891
rxn:4:206026:228748	COc1cc(C)c(-c2cc(C3CC3)nc(C3CC3)n2)cn1	0.040886
rxn:4:216645:223441	CNc1ccccc1-c1cnccc1-n1cccn1	0.040881
rxn:4:191214:227944	COC(=O)c1cc(-c2cncc(C(C)(C)C)c2)no1	0.040878
rxn:4:214434:228823	CCn1nc(-c2cc(Cl)c(C)cc2F)nc1C(=O)OC	0.040875
rxn:4:191502:229157	COC(=O)c1cc(Cl)cnc1-c1ccnc(C#N)n1	0.040871
rxn:4:197197:229205	CCc1csc(-c2cc3[nH]ccc3cc2OC)c1	0.040863
rxn:4:191869:228837	CCC(=O)c1cccnc1-c1ccc(C)c(Cl)c1F	0.040861
rxn:4:188035:228621	CSc1cc(C)ccc1-c1ccc(OCC#N)cc1	0.040860
rxn:4:183140:229218	Fc1cccc(-c2ccc3c(c2)CCCOC3)c1	0.040846
rxn:4:209224:228171	CCOc1ccc(-c2ncccc2N2CCSC2)cc1F	0.040846
rxn:4:205659:228876	CN(C)S(=O)(=O)c1ccc(-c2cnn(C3CC3F)c2)cn1	0.040837
rxn:4:192705:229206	CCc1cc(-c2cnc(OC(C)(C)C)cc2Cl)cs1	0.040836
rxn:4:179434:223396	COC(=O)c1cc(-c2ccc3c(c2)NCC3)c(F)cc1C	0.040831
rxn:4:196162:228157	COc1ccc(-c2ccc(N(C)C)c(F)c2F)c(OC)c1	0.040828
rxn:4:208327:228463	Cn1nc(C(F)(F)F)cc1-c1ccc(OC(F)F)nc1	0.040818
rxn:4:191824:228596	CCc1ccc(-c2c(C(F)(F)F)ccnc2OC)c(C)n1	0.040811
rxn:4:191958:223393	CC(C)Cc1ncc(-c2c[nH]c3ccccc23)s1	0.040808
rxn:4:217995:228308	CCOc1ncc(-c2nc3ncccc3[nH]2)c(C)n1	0.040807
rxn:4:181516:227958	c1cc(-c2ccc(C3CCO3)cc2)cc(C2CCC2)n1	0.040804
rxn:4:218015:229079	c1cc2cnnn2cc1-c1csc(C2CC2)n1	0.040801
rxn:4:211209:228352	Cc1nccc(-c2ccc(-n3cccn3)s2)n1	0.040801
rxn:4:196534:228171	CCOc1ccc(-c2cc(C(C)(C)C)ccn2)cc1F	0.040801
rxn:4:181516:227887	COCCc1ccc(-c2ccc(C3CCO3)cc2)cc1	0.040779
rxn:4:205220:228762	CCn1cc(-c2c(C(=O)OC)cnn2C)ccc1=O	0.040772
rxn:4:208206:228453	COC(=O)Cn1cc(-c2ncncc2OC)cn1	0.040770
rxn:4:192091:229222	Cc1cc(-c2cc(C3(C#N)CC3)ccc2F)sc1C	0.040765
rxn:4:188714:228472	FC(F)(F)c1ccc(-c2cncc(OCC3CC3)c2)cn1	0.040764
rxn:4:214454:223394	CC(C)CCn1cnc(-c2cccc3cc[nH]c23)n1	0.040764
rxn:4:205585:227917	CCc1ccc(OC)c(-c2ccc(C(C)CC)nn2)c1	0.040762
rxn:4:182912:229033	Cc1ccc(-c2ccc3c(c2)OCCC3=O)cc1Cl	0.040758
rxn:4:205084:228410	COC(=O)c1nccc(-c2ccc(OC)c(F)c2Cl)n1	0.040753
rxn:4:196153:227863	Cc1cc(S(C)(=O)=O)ncc1-c1ccc2c(c1)CCCO2	0.040751
rxn:4:205504:228160	CCOc1cccc(F)c1-c1cccc(C#N)c1N(C)C	0.040751
rxn:4:195869:223444	CNc1cc(-c2cccc(-c3cnco3)c2)ccn1	0.040750
rxn:4:182558:228091	CCN(CC)c1ccc(-c2ccc(C)c(F)c2F)s1	0.040746
rxn:4:195366:228329	CCOc1cc(-c2cnc(SC)c(Cl)c2)c(Cl)cn1	0.040746
rxn:4:181150:228168	CCOc1ccc(-c2ccc(OC)c(F)c2F)c(Cl)c1	0.040742
rxn:4:195394:228066	CC(=O)c1ncccc1-c1ccc2c(c1)OCCO2	0.040740
rxn:4:218471:228558	CCSc1cccc(-c2cc3n(n2)CCN(C)C3=O)c1	0.040737
rxn:4:208715:227937	CC(C)Sc1cccc(-c2cnc(S(C)(=O)=O)n2C)c1	0.040735
rxn:4:176844:228716	Cc1cc(-c2ccc(OCC(C)(F)F)cc2)cnc1C#N	0.040714
rxn:4:198498:229234	CSc1ccc(-c2c[nH]c3ccccc23)s1	0.040712
rxn:4:192471:228107	CCC(C)c1ncncc1-c1cnccc1CC(C)C	0.040705
rxn:4:175115:229280	CCCC(=O)Cc1cccc(-c2cnc(F)nc2)c1	0.040705
rxn:4:196499:228329	CCOc1cc(-c2ccnc(C3CCCO3)c2)c(Cl)cn1	0.040695
rxn:4:205458:228868	COC(=O)c1ccc(-c2ccnc(C(=O)N(C)C)c2)s1	0.040692
rxn:4:191597:229164	COc1cncc(-c2cccc(C(F)C(F)(F)F)n2)n1	0.040687
rxn:4:191392:229201	Cc1ccccc1-c1cncc(C(=O)C(F)(F)F)c1	0.040677
rxn:4:217223:229146	COCn1cc(-c2cc(C#N)cc3[nH]cnc23)cn1	0.040669
rxn:4:195588:227968	Cc1ccnc(C(F)F)c1-c1cnccc1C1CCC1	0.040665
rxn:4:208275:228274	CSc1cc(-c2ncc(C)cc2C#N)c(F)cc1C	0.040646
rxn:4:192320:228205	CC(=O)N(C)c1ccccc1-c1ccc(N(C)C)c(Cl)c1	0.040645
rxn:4:217970:229022	Cc1cncc(-c2cncc3[nH]ncc23)c1C	0.040642
rxn:4:191454:228503	COC(=O)c1ccnc(-c2ccc3c(c2)CCC3)c1	0.040641
rxn:4:198840:228009	Fc1cc(-c2nc3c(s2)CCCC3)ccc1C1CC1	0.040641
rxn:4:181353:229091	CC(=O)c1occc1-c1cc(F)ccc1C(C)(F)F	0.040640
rxn:4:208192:228686	CCOc1cc(-c2cnc(C(F)(F)F)nc2Cl)ccn1	0.040638
rxn:4:180960:223389	Cc1n[nH]c(C(F)(F)F)c1-c1cccc(C(F)F)c1F	0.040636
rxn:4:198848:227911	CCc1ccc(-c2nc3c(s2)CS(=O)(=O)CC3)cc1C#N	0.040635
rxn:4:182597:228713	Cc1cc(C)c(-c2ccn(C(C)(C)C)n2)cc1C	0.040633
rxn:4:176966:228580	CC(=O)CCc1ccccc1-c1cccnc1C1CC1	0.040630
rxn:4:215348:228672	CCCn1cc(-c2ccc3cnoc3c2)nn1	0.040629
rxn:4:196239:227908	Cc1nccc(C2CC2)c1-c1cccnc1CC(C)C	0.040615
rxn:4:203260:228819	CCN(CC)c1cccc(-c2cc(Cl)cc(C)c2F)n1	0.040605
rxn:4:192722:228531	Fc1cc(CN2CCC2)ccc1-c1cccc2c1CCO2	0.040598
rxn:4:179835:223446	COC(=O)c1cc(C)c(C)c(-c2ccnc(C)c2)c1	0.040597
rxn:4:208185:227825	FC(F)(F)c1ncc(-c2cccc(C3CCC3)c2)cn1	0.040587
rxn:4:195395:228089	CCCOc1ncccc1-c1cccc(C(C)=O)n1	0.040583
rxn:4:179443:229218	COC(=O)c1ccc(-c2cccc(F)c2)c(F)c1C	0.040567
rxn:4:198867:228256	COc1cc(-c2cncc3c2COCC3=O)cc(C)c1F	0.040562
rxn:4:218090:229048	Clc1c[nH]c2ncc(-c3cnn4c3CCC4)nc12	0.040562
rxn:4:195877:229300	Cn1cncc1-c1cccc(-c2ccns2)c1	0.040554
rxn:4:183183:229079	Cc1cc(-c2csc(C3CC3)n2)cc2c1CCCC2=O	0.040552
rxn:4:181684:228410	COc1ccc(C)c(-c2ccc(OC)c(F)c2Cl)c1C	0.040542
rxn:4:182557:228169	CCOc1ccc(-c2cc(F)c(C)c(F)c2)cc1Cl	0.040540
rxn:4:182541:228163	CCOc1ccc(Cl)c(-c2cc(F)c(C)cc2F)c1	0.040540
rxn:4:209373:229343	Cc1cnn(-c2ccc(-c3ccsn3)cc2)c1	0.040521
rxn:4:181061:223390	c1cc2ccc(-c3ccoc3C3CC3)cc2[nH]1	0.040520
rxn:4:178790:228299	CCOC(=O)c1csc(-c2ccc(CCF)cc2)c1	0.040501
rxn:4:191701:228094	CCCOc1cncc(-c2cncc(F)c2OCC)c1	0.040500
rxn:4:217993:229010	CC(C)c1csc(-c2ccn3nncc3c2)c1	0.040489
rxn:4:211516:229093	Cc1ncnc(C)c1-c1c(Cl)ccc2cn[nH]c12	0.040482
rxn:4:191367:227953	Cc1cc(N(C)C)ccc1-c1cc(F)c(F)cc1CC#N	0.040477
rxn:4:221870:223441	CNc1ccccc1-c1cn(-c2ccncn2)nn1	0.040471
rxn:4:205319:228889	CCc1nc(Cl)ncc1-c1nc(C2CC2)ccc1C#N	0.040466
rxn:4:194995:227886	CCCOc1ccccc1-c1c(Cl)ccc(C#N)c1F	0.040461
rxn:4:181677:228101	CC1CC1c1ccc(-c2cc(C#N)cc(C#N)c2)cc1	0.040461
rxn:4:181810:228872	COC(=O)c1sccc1-c1ccc(C)cc1C1COC1	0.040458
rxn:4:209467:227922	CCc1cc(OC)ccc1-c1ccc(N2CCCC2)nc1	0.040456
rxn:4:179624:223340	FC(F)(c1ccc(-c2ccc3c(c2)NCCO3)cc1)C1CC1	0.040453
rxn:4:188368:229122	CCSc1ccc(-c2cnc(C)c(Cl)c2)cc1C#N	0.040453
rxn:4:183134:229238	CSc1sccc1-c1ccc2c(c1)OCC2(C)C	0.040453
rxn:4:210202:229346	COc1cc(-c2cnon2)cn2cncc12	0.040452
rxn:4:179798:228782	COc1ccc(-c2ccc(C3COC3)cc2OC)c(Cl)c1	0.040451
rxn:4:192875:228817	Cc1cc(C(=O)N(C)C)cc(-c2ccc(C)n(C)c2=O)c1	0.040447
rxn:4:196126:228476	Cc1nc(C2OCCO2)sc1-c1cccnc1C(F)(F)F	0.040443
rxn:4:205606:228346	COC(=O)c1cc(-c2cncnc2CC(C)C)c(C)s1	0.040435
rxn:4:192674:228393	COc1c(F)cc(F)cc1-c1cc(OC(C)(C)C)ccn1	0.040431
rxn:4:181128:228343	COC(=O)c1sc(-c2cc(F)c(F)cc2OC)cc1C	0.040430
rxn:4:181207:228531	CC(=O)c1ccc(Cl)cc1-c1cccc2c1CCO2	0.040424
rxn:4:208270:228260	Cn1ncc(-c2cccc(C(C)(F)F)c2)c1C(F)F	0.040413
rxn:4:179035:228308	CCOc1ncc(-c2ccc(F)c(COC)c2F)c(C)n1	0.040410
rxn:4:188802:228738	COc1cc(-c2ccc(C3(CC#N)CC3)cc2)cc(C)n1	0.040403
rxn:4:178975:228320	CCOc1ccc(-c2ccnc(C(=O)OC)c2)cc1Cl	0.040392
rxn:4:177298:229025	Cc1cc(-c2ccc(COC(C)C)cc2F)c(C)n1C	0.040385
rxn:4:191464:228314	CCOc1ncc(-c2oc(C)nc2C(=O)OC)cc1Cl	0.040382
rxn:4:211381:228424	COc1cc(F)c(Cl)cc1-c1cncc2[nH]ccc12	0.040380
rxn:4:218169:229254	Clc1ncc2cc(-c3ccncc3Cl)[nH]c2n1	0.040376
rxn:4:209448:228800	CSc1ccc(F)cc1-c1cn(C2CCOC2)c(C)n1	0.040375
rxn:4:195374:229208	Cc1cncc(-c2nc(-c3ccco3)cs2)c1	0.040365
rxn:4:183148:223397	CC1CCc2cc(-c3ccc4c(c3)CCN4)c(F)cc2O1	0.040364
rxn:4:181640:229087	CC(=O)c1ccsc1-c1cc(F)cc(C2OCCO2)c1	0.040357
rxn:4:220581:229241	Cc1c(-c2nncn2-c2nccs2)cnn1C	0.040353
rxn:4:181080:228581	CSc1ccc(-c2cccc(C#N)c2C)c(Cl)c1	0.040341
rxn:4:181382:228120	CCOc1ncc(C)cc1-c1ccc(SC)cc1C	0.040339
rxn:4:182695:228184	COc1ccc(-c2ccc3c(c2)C(=O)CO3)cc1SC	0.040334
rxn:4:181206:228361	CC(=O)c1ccc(Cl)c(-c2cc(N(C)C)ncc2F)c1	0.040332
rxn:4:209630:228826	Cc1cc(-c2cnc(C3CCOCC3)nc2)c(F)cc1F	0.040331
rxn:4:183174:228762	CCn1cc(-c2ccc3c(c2)C(=O)C(C)CC3)ccc1=O	0.040329
rxn:4:216450:227952	Cc1cc(-c2nc(C(F)(F)F)n(C)n2)c(C)cc1C#N	0.040326
rxn:4:198573:228209	Cc1cc(Cl)c(-c2ccnc3c2OCCO3)cc1C#N	0.040325
rxn:4:205649:228974	CN(c1cccc(-c2cnn(S(C)(=O)=O)c2)c1)S(N)(=O)=O	0.040323
rxn:4:188571:228586	CC(=O)C(C#N)c1ccc(-c2cccnc2C(C)C)cc1	0.040321
rxn:4:203095:228406	COc1ccc(F)c(-c2cnc(OCC(C)C)cn2)c1F	0.040321
rxn:4:218238:229149	CCOc1nc(-c2cncc3ncn(C)c23)cs1	0.040316
rxn:4:203004:228787	CCn1ncc(-c2cc(F)cc(OC)c2)c1C(=O)OC	0.040315
rxn:4:179455:229158	COc1c(C(C)=O)cc(F)cc1-c1ncnn1C(C)C	0.040313
rxn:4:205330:228871	COC(=O)c1cnc(-c2sccc2C(=O)OC)c(C)n1	0.040298
rxn:4:199041:227979	COc1cc(C)cc(C)c1-c1cnc2c(c1)CC(=O)CC2	0.040297
rxn:4:206046:228719	Cc1cc(C(=O)N(C)C)ncc1-c1cc(C#N)ncc1C	0.040295
rxn:4:220808:229280	Cn1nc(-c2cnc(F)nc2)nc1N1CCCCC1	0.040295
rxn:4:188819:229133	CCOC(=O)c1cc(-c2cc(F)cc(F)c2)cc(C)n1	0.040291
rxn:4:208443:228296	CCOC(=O)c1occc1-c1cnc(C)nc1C(F)F	0.040289
rxn:4:195133:223410	Fc1ccc(C(F)F)nc1-c1c[nH]c2cnccc12	0.040288
rxn:4:181117:228211	COc1cc(Cl)c(-c2cc(N3CCCC3)cs2)cc1F	0.040288
rxn:4:191466:228465	COC(=O)c1sc(-c2cnc(OC3COC3)s2)cc1Cl	0.040286
rxn:4:183124:228619	CCc1cc(-c2ccc3c(c2)CCCS3(=O)=O)ccc1F	0.040285
rxn:4:181416:228619	CCc1cc(-c2cc(C)c(OC)c(Cl)c2)ccc1F	0.040284
rxn:4:199247:228780	COc1c(F)cccc1-c1ccc2c(c1)CCC(=O)N2C	0.040283
rxn:4:206033:228606	CCc1ccc(F)c(-c2cc(OC3CCCC3)ncn2)c1	0.040281
rxn:4:211381:228205	CN(C)c1ccc(-c2cncc3[nH]ccc23)cc1Cl	0.040278
rxn:4:211308:229243	Cc1nn(C)cc1-c1cc2cncnc2s1	0.040277
rxn:4:206032:228678	CC(C)Cn1nccc1-c1ccc(OC2CCCC2)nn1	0.040276
rxn:4:195707:228011	NS(=O)(=O)c1cc(Cl)c(-c2c(Cl)cccc2C2CC2)cc1F	0.040273
rxn:4:192067:228829	COc1cc(C(C)=O)c(-c2cc(F)c(C)c(F)c2)cn1	0.040268
rxn:4:217241:229268	Cc1cc(-c2cc(C#N)nc3[nH]ccc23)sc1Cl	0.040267
rxn:4:180923:228219	CC(C)c1cc(F)c(-c2ccc(C(F)F)cc2)cn1	0.040255
rxn:4:192220:228693	CCN(C)c1ccc(-c2cnc(S(C)(=O)=O)c(OC)c2)s1	0.040251
rxn:4:211461:229220	Cc1cc(-c2cnc3c(Cl)c[nH]c3c2)c(C)s1	0.040244
rxn:4:208592:228603	CC(=O)c1cccc(-c2ccc(C3CC3(F)F)nn2)c1	0.040239
rxn:4:177298:228882	COc1ncc(-c2ccc(COC(C)C)cc2F)c(C)n1	0.040226
rxn:4:179451:229085	COC(=O)c1c(F)ccc(-c2scnc2C2CC2)c1C	0.040226
rxn:4:188325:228774	CCOC(=O)c1cccc(-c2c(F)cccc2OC)n1	0.040225
rxn:4:188795:228759	CCCCc1cc(-c2ccc(C(C)=O)nc2)ccn1	0.040219
rxn:4:181359:229322	Cc1cc(C(F)F)c(-c2sccc2Cl)cc1F	0.040217
rxn:4:191277:228455	COc1ncc(-c2cnc(OC(F)F)c(Cl)c2)c(OC)n1	0.040215
rxn:4:175101:228817	CCC(=O)CCc1ccc(-c2ccc(C)n(C)c2=O)cc1	0.040213
rxn:4:182720:228426	COc1cc(Cl)cc(F)c1-c1cc(F)c2c(c1)OCC2=O	0.040212
rxn:4:198346:229206	CCc1cc(-c2cccc3ncsc23)cs1	0.040208
rxn:4:203136:229061	CCOC(=O)c1nn(C)c(C)c1-c1cnn(C(C)C)c1	0.040207
rxn:4:191567:227861	COc1c(-c2cnc3c(c2)CCCC3)ccc(C#N)c1F	0.040205
rxn:4:182926:228163	CCOc1ccc(Cl)c(-c2cccc3c2C(=O)CCO3)c1	0.040202
rxn:4:192058:228731	N#Cc1cc(-c2cccc(Cl)c2C#N)ccc1C1CC1	0.040201
rxn:4:196564:228162	CCOc1c(F)cccc1-c1ccc(C(C)C)nc1C	0.040194
rxn:4:179197:228502	Cn1cc(C(F)(F)F)c(-c2ccc(OC3CC3)c(Cl)c2)n1	0.040183
rxn:4:181874:228713	CC(C)(C)n1ccc(-c2cccc(C3OCCCO3)c2)n1	0.040165
rxn:4:211326:229158	CC(C)n1ncnc1-c1nc2c(Cl)cncc2s1	0.040156
rxn:4:182611:228303	CCN(C)c1ncc(-c2coc3ccsc23)cn1	0.040143
rxn:4:182573:228627	CCc1ccc(Cl)c(-c2c(C)cccc2C)c1	0.040140
rxn:4:181442:228751	N#Cc1cc(Cl)ccc1-c1cc(F)ccc1C1CC1	0.040125
rxn:4:181441:228743	N#Cc1ccc(Cl)cc1-c1cc(C2CC2)ccc1F	0.040125
rxn:4:211955:228761	COc1cc(-c2ccnc3[nH]cc(C)c23)cnc1C	0.040122
rxn:4:198877:229056	Cc1cc2ccc(-c3ccnn3C(C)C)cc2[nH]1	0.040117
rxn:4:205347:228169	CCOc1ccc(-c2ccc(C3(C#N)CC3)nc2)cc1Cl	0.040115
rxn:4:198530:229000	CCc1ccncc1-c1ccc(F)c2cc[nH]c12	0.040107
rxn:4:192277:228117	Cc1cc(-c2cncc(OC(C)C)c2)cc(C)c1CC#N	0.040096
rxn:4:196610:228820	Cc1ccc(F)c(-c2ccc(C3COCCO3)nc2)c1Cl	0.040093
rxn:4:209464:228093	CCCOc1cc(-c2coc(N3CCCCC3)n2)ccn1	0.040089
rxn:4:176332:228563	CCOC(=O)c1occc1-c1cc(CC(C)C)cs1	0.040089
rxn:4:205079:228199	CC(=O)Oc1cnc(-c2cn(C3CCC3)nc2C)nc1	0.040086
rxn:4:209655:227922	CCc1cc(OC)ccc1-c1cnc(C(C)(C)C)nc1C	0.040075
rxn:4:178658:228862	N#CCCn1cc(-c2cc(F)c(OC(F)F)c(Cl)c2)cn1	0.040075
rxn:4:209719:228778	COc1cccc(-c2ccnc(C3CCCCC3)n2)c1F	0.040075
rxn:4:198100:228451	Cc1ncsc1-c1ccc2nnnn2c1C	0.040073
rxn:4:208216:228807	CSc1ccc(Cl)cc1-c1cn[nH]c1C(C)=O	0.040073
rxn:4:181534:227954	FC1(c2cccc(-c3ccc(C4CCC4)nc3)c2)COC1	0.040069
rxn:4:182441:223318	Cc1cc2c(-c3cccc(Cl)c3)ccnc2[nH]1	0.040060
rxn:4:195437:227950	CC(=O)c1nc(-c2cc(N(C)C)ccc2C)ccc1Cl	0.040056
rxn:4:188819:229112	CCOC(=O)c1cc(-c2ccc(=O)n(C)c2)cc(C)n1	0.040049
rxn:4:179239:228340	COc1ccc(OC)c(-c2sc(C3CC3)nc2OC)c1F	0.040041
rxn:4:179137:228356	COc1ccc(OC)c(-c2cnc(Cl)nc2C(C)C)c1	0.040039
rxn:4:196005:228148	COc1cccc(-c2ccc(C)c(C(C)=O)n2)c1OC	0.040032
rxn:4:211400:229134	Fc1ccc(F)c(-c2cc3[nH]ccc3cn2)c1	0.040027
rxn:4:179592:229001	CCc1cnccc1-c1cc(Cl)c(F)c(OC(C)C)c1	0.040021
rxn:4:211567:228569	CN(C)c1ccccc1-c1ccc2[nH]ncc2c1F	0.040019
rxn:4:205476:227872	CC(C)(C#N)c1cccc(-c2ccc3c(c2)CCC3=O)n1	0.040018
rxn:4:182583:228433	COc1ccc(Cl)c(F)c1-c1cc(C)c(F)c(C)c1	0.040013
rxn:4:176758:229140	CCCOc1cc(Cl)cc(-c2cccc(F)c2F)c1	0.040011
rxn:4:191806:228559	CCOc1ccc(-c2cc(C)nc(OC(F)(F)F)c2)cc1	0.040009
rxn:4:203131:223340	COC(=O)Cn1nc(C)c(-c2ccc3c(c2)NCCO3)c1C	0.039999
rxn:4:203146:228585	c1cc(C2CC2)c(-c2cnc(OCC3CCC3)cn2)cn1	0.039995
rxn:4:198439:229233	COc1ccc(-c2ccc3c(Cl)nsc3c2)s1	0.039994
rxn:4:194897:228072	COc1nscc1-c1cc2cccc(Cl)c2s1	0.039994
rxn:4:197604:228267	CCN1Cc2cccc(-c3c(F)ccc(C)c3OC)c2C1	0.039994
rxn:4:216994:229223	Cc1nc(-c2cccc(-c3c(C)csc3C)c2)n[nH]1	0.039990
rxn:4:182529:228601	CC(=O)c1ccccc1-c1ccc(Cl)c(F)c1C	0.039987
rxn:4:220771:229208	Cc1cncc(-c2ccc(C)c(-c3nnn[nH]3)c2)c1	0.039981
rxn:4:191264:227817	CC(C)Cc1ccccc1-c1cccnc1OC(F)F	0.039980
rxn:4:205109:228441	COc1ccc(-c2ccc(SC)c(F)c2Cl)c(C#N)n1	0.039967
rxn:4:176331:228112	CCOC(=O)c1cc(-c2cc(C#N)ccc2OC)co1	0.039955
rxn:4:211889:228780	COc1c(F)cccc1-c1n[nH]c2ccc(C)cc12	0.039948
rxn:4:198529:228736	COc1nc(C)ccc1-c1ccc(F)c2[nH]ccc12	0.039948
rxn:4:181533:228424	COc1cc(F)c(Cl)cc1-c1ccc(C2(F)COC2)cc1	0.039946
rxn:4:217988:228814	CSc1cccc(-c2ncnc3cc[nH]c23)c1Cl	0.039939
rxn:4:197489:229320	CCc1cc2[nH]ccc2cc1-c1cc(F)cs1	0.039936
rxn:4:181399:228297	CC=Cc1ccccc1-c1ccc(C(=O)OCC)s1	0.039934
rxn:4:192084:228678	CC(C)Cn1nccc1-c1ccc(C2(C#N)CC2)c(Cl)c1	0.039933
rxn:4:210168:228994	COc1n[nH]c2c(-c3ccccc3C#N)cccc12	0.039927
rxn:4:195209:228148	COc1cccc(-c2cc(Cl)cc(C(F)(F)F)n2)c1OC	0.039926
rxn:4:205119:227935	CCc1cc(-c2cnc(SC)c(C#N)c2)ccc1OC	0.039922
rxn:4:210201:227964	CC1(c2cncc(-c3cnc4c(c3)C(C#N)CC4)c2)CC1	0.039921
rxn:4:196483:228918	CC(=O)c1nc(-c2cnccc2C(F)F)c(C)cc1C	0.039918
rxn:4:181351:228574	Cc1ccc(-c2cc(S(C)(=O)=O)ccc2F)c(C#N)c1	0.039912
rxn:4:217255:229331	N#Cc1cnc2cc(-c3cccs3)ccn12	0.039909
rxn:4:206048:228842	Cc1nc(OC2CCC2)ncc1-c1ccc(Cl)c(F)c1C	0.039908
rxn:4:195596:228264	COc1cc(-c2ccc(C(F)F)nc2C)c(Cl)cc1C	0.039907
rxn:4:196244:229139	Fc1cnc(C2CCC2)cc1-c1c(F)cccc1Cl	0.039894
rxn:4:179597:228729	CC(C)Oc1cc(-c2ccc(F)cc2C#N)cc(F)c1F	0.039892
rxn:4:195016:227842	CCc1ncc(-c2cccc3ncccc23)s1	0.039891
rxn:4:198380:228996	CCc1cc(-c2cccc3scnc23)ccn1	0.039891
rxn:4:203095:228423	COc1c(-c2cnc(OCC(C)C)cn2)ccc(Cl)c1F	0.039887
rxn:4:211431:228099	CCN(C)c1cncc(-c2n[nH]c3cccc(Cl)c23)c1	0.039884
rxn:4:212400:228587	Cc1cc(C#N)cc(-c2cnn3c2COC(C)(C)C3)c1	0.039881
rxn:4:215361:227959	COC(=O)c1nnn(C)c1-c1cc(C)cnc1C1CC1	0.039871
rxn:4:188122:223353	CC(=O)Nc1cccc(-c2cc(C(=O)CC#N)ccc2F)c1	0.039867
rxn:4:212338:229265	Cc1nc(C)c(-c2ccc(C)c3[nH]nc(C)c23)s1	0.039864
rxn:4:195568:228519	Cc1cc(C)c(-c2cc(C(C)(F)F)ccn2)c(C)c1	0.039860
rxn:4:211918:229009	Cc1ccc2c(-c3cc(C4CC4)cs3)c[nH]c2n1	0.039858
rxn:4:222238:228410	COc1ccc(-c2n[nH]c(-n3cnnc3)n2)c(Cl)c1F	0.039852
rxn:4:217963:228012	Fc1cccc(-c2nccc3cn[nH]c23)c1C1CC1	0.039849
rxn:4:211628:228584	Fc1n[nH]c2cccc(-c3ccnc(C4CC4)c3)c12	0.039849
rxn:4:216539:223401	CNc1cc(-c2cncc(-c3nccs3)n2)ccc1C	0.039844
rxn:4:189399:229012	COc1ccc(CN(C)C)cc1-c1sccc1C(C)C	0.039839
rxn:4:209245:228224	Cc1cc(C#N)cc(-c2cncc(N3CCSC3)c2)c1Cl	0.039831
rxn:4:182519:228343	COC(=O)c1sc(-c2c(C)cc(Cl)cc2F)cc1C	0.039830
rxn:4:178745:229019	Cc1ccc(-c2cc(F)ccc2C(=O)C(F)F)c(C)n1	0.039806
rxn:4:181636:229166	CC(=O)n1cc(-c2cc(C)c(C(F)(F)F)cc2C)cn1	0.039801
rxn:4:215616:228678	Cc1nn(S(=O)(=O)N(C)C)cc1-c1ccnn1CC(C)C	0.039793
rxn:4:195369:223414	CSc1ncc(-c2ccnc3[nH]ccc23)cc1F	0.039790
rxn:4:217286:229066	CCc1ncncc1-c1c[nH]cc2c(C#N)cnc1-2	0.039790
rxn:4:191740:228507	CCCc1cccc(-c2c(C)ccnc2OC(F)F)c1	0.039788
rxn:4:179080:228677	Cc1cc(-c2cnn(CC(C)C)c2)ccc1OC(F)(F)F	0.039786
rxn:4:182702:227923	CCOc1ccc(C)cc1-c1cccc2c1C(=O)OC2	0.039779
rxn:4:176832:228708	Cc1c(OCC(F)F)cccc1-c1cncnc1C1CC1	0.039777
rxn:4:196938:229082	CN(C)c1csc(-c2cc(C3CCCCC3)ccn2)c1	0.039776
rxn:4:196939:228967	Cn1cc(-c2ccc(C3CCCCC3)cn2)c(C(F)F)n1	0.039768
rxn:4:181553:228690	CCOc1cncc(-c2c(C)ccc(F)c2C(C)=O)c1	0.039767
rxn:4:209723:229028	Cc1cc(Cl)ccc1-c1ccncc1N1CCCCC1	0.039765
rxn:4:179191:228403	COc1c(F)ccc(-c2ccc(Cl)c(CC(C)=O)c2)c1F	0.039763
rxn:4:216499:228440	COc1cc(Cl)c(F)c(-c2csc(-c3ncc[nH]3)n2)c1	0.039763
rxn:4:182583:229031	Cc1ccc(-c2cc(C)c(F)c(C)c2)c(F)c1	0.039758
rxn:4:218352:228991	CCCc1sccc1-c1c(C)ccn2ncnc12	0.039752
rxn:4:175126:228531	CCOCc1ccc(OC)c(-c2cccc3c2CCO3)c1	0.039751
rxn:4:209629:228496	FC(F)(F)Cn1cc(-c2cnc(C3CCCOC3)nc2)cn1	0.039742
rxn:4:199267:228120	CCOc1ncc(C)cc1-c1cccc2c1CN(C)C(=O)C2	0.039738
rxn:4:205212:228129	COC(=O)c1cc(-c2ccc(C#N)cc2OC)nn1C	0.039736
rxn:4:192493:228099	CCN(C)c1cncc(-c2ccc(Cl)c(CN(C)C)c2)c1	0.039731
rxn:4:203138:228210	COC(=O)c1n[nH]c(C(C)C)c1-c1ccc(N2CCCC2)s1	0.039728
rxn:4:215390:229140	Fc1cccc(-c2cn(C3(C(F)(F)F)CC3)nn2)c1F	0.039717
rxn:4:210569:227947	Cc1cc(C#N)cc(C)c1-c1cnn(C23CC(C)(C2)C3)c1	0.039715
rxn:4:178980:228423	COCc1cc(Cl)ccc1-c1ccc(Cl)c(F)c1OC	0.039709
rxn:4:192133:227936	CCOc1ccc(-c2cccc(SC3CC3)c2)nc1C	0.039697
rxn:4:188944:228131	CC(C)COc1ccnc(-c2cc(F)cc(CC#N)c2)c1	0.039697
rxn:4:199246:229060	CC1(C)COc2nc(-c3ccc(C#N)nc3)ccc2O1	0.039695
rxn:4:196496:228991	CCCc1sccc1-c1cc(C2CCCS2)ccn1	0.039691
rxn:4:182008:229216	Fc1ccccc1-c1ccccc1C1CCCCO1	0.039690
rxn:4:206033:228502	Cn1cc(C(F)(F)F)c(-c2cc(OC3CCCC3)ncn2)n1	0.039683
rxn:4:197559:228156	COc1ccc(OC)c(-c2cccc3c2CN(C(C)=O)C3)c1	0.039672
rxn:4:188548:229054	COCc1cc(-c2ccc(OC)c(C(=O)OC)n2)cs1	0.039668
rxn:4:178684:228994	N#Cc1ccccc1-c1cc(OC(F)F)cc(F)c1F	0.039662
rxn:4:178865:223357	COC(=O)c1cc(-c2ccccc2NC(C)=O)c(Cl)cc1F	0.039659
rxn:4:179611:227869	COc1ccc(-c2ccc3c(c2)CC(C)O3)cc1S(C)(=O)=O	0.039658
rxn:4:182234:228086	N#CCOc1cccc(-c2ccc(C34CC(C3)C4)cc2)c1	0.039653
rxn:4:209034:228639	Cc1ccc(-c2ccnc(N3CC(F)(F)C3)c2)c(C)c1F	0.039648
rxn:4:216095:228379	CN(C)CC1COc2c(-c3cc(F)c(F)cc3C#N)cnn21	0.039640
rxn:4:217075:227831	CCc1c(C)cc(-c2nccc(N3CCOCC3)n2)cc1C	0.039638
rxn:4:199127:228319	COc1nccc(-c2cncc3c2CCC(F)C3=O)c1OC	0.039633
rxn:4:179029:228726	CCOc1cc(Cl)c(F)cc1-c1ccc(Cl)c(C#N)c1	0.039633
rxn:4:181481:228098	CCN(C)c1ccc(-c2ccc(C3CC3(F)F)cc2)cn1	0.039632
rxn:4:195590:228298	CCOC(=O)c1cc(-c2ccc(C)nc2C(F)F)cs1	0.039631
rxn:4:211410:228897	COc1ncc(F)cc1-c1cn2cc(C)nc2s1	0.039629
rxn:4:197326:229345	COc1ccc2nc(-c3ccno3)ccc2c1	0.039629
rxn:4:192340:228138	CN(C)C(=O)c1ccc(F)cc1-c1ccc(CC#N)c(F)c1	0.039623
rxn:4:183047:228399	COc1c(F)cc(-c2ccc3c(c2C)C(=O)CC3)cc1F	0.039622
rxn:4:197696:229270	CC(C)c1ccc(-c2cnc(C#N)s2)c2cc[nH]c12	0.039620
rxn:4:217116:228192	Cc1nc(N(C)C)ccc1-c1cnc(N2CCCC2)c(C)n1	0.039611
rxn:4:211552:228125	CC(C)Oc1cc(-c2cc(F)cc3[nH]cnc23)ccn1	0.039608
rxn:4:212033:229218	Cc1cc2[nH]ncc2cc1-c1cccc(F)c1	0.039607
rxn:4:203100:228225	CCCOc1ncc(-c2cc(Cl)cnc2C2CC2)c(C)n1	0.039600
rxn:4:177014:228751	CC(=O)CCc1ccc(F)c(-c2ccc(Cl)cc2C#N)c1	0.039599
rxn:4:208861:229309	Cc1ncc(-c2ccc(-n3cccn3)cc2)o1	0.039599
rxn:4:197476:229094	CCc1c[nH]c2cccc(-c3cnc(C)nc3C)c12	0.039591
rxn:4:209006:229340	Cc1noc(-c2ccccc2-c2ncco2)n1	0.039586
rxn:4:195493:228830	Cc1cc(C#N)cc(-c2ccc(F)c(C)c2F)c1F	0.039581
rxn:4:182201:228193	COc1ccc(-c2cnn(C3CCCC3)c2)c2c1OCCO2	0.039580
rxn:4:216612:228703	c1cncc(-c2n[nH]cc2-c2cnn(C3CCC3)c2)c1	0.039569
rxn:4:181668:223415	COc1cc(C)c(-c2cccc3[nH]cnc23)cc1C	0.039567
rxn:4:210189:228708	COc1ncc2cc[nH]c2c1-c1cncnc1C1CC1	0.039566
rxn:4:209443:228424	COc1cc(F)c(Cl)cc1-c1cc(C2CCCC2)ncn1	0.039562
rxn:4:216882:223415	CC(C)(C)n1cc(-c2cccc3[nH]cnc23)nn1	0.039553
rxn:4:203269:228964	COCC(C)(C)n1cc(-c2cnc(C(=O)OC)s2)cn1	0.039546
rxn:4:192545:228132	N#CCc1cccc(-c2cnccc2OC2CCOC2)c1F	0.039543
rxn:4:183100:228305	CC(C)Oc1cnc(-c2ccc3c(c2)C(=O)CCCO3)cn1	0.039538
rxn:4:205655:228102	CC(C)Cc1ncncc1-c1cncc(C(=O)N2CCC2)c1	0.039537
rxn:4:195257:228657	COc1ccc(-c2cccn3nccc23)nc1	0.039526
rxn:4:206037:227966	COc1ncc(-c2cccnc2C(C)(C)C)n1C1CCCO1	0.039521
rxn:4:182953:228605	COc1c(C)cccc1-c1c(Cl)ccc2c1OCCC2=O	0.039521
rxn:4:198877:229323	Cc1cc2ccc(-c3csc(Cl)c3)cc2[nH]1	0.039515
rxn:4:198375:229162	COc1cnc(-c2ccnc3ccoc23)cn1	0.039515
rxn:4:201442:228732	CCCc1sc(N(C)CC)nc1-c1cccc(C#N)c1F	0.039503
rxn:4:218386:223450	Cc1cn2nc(Cl)cc(-c3c[nH]c(=O)c(Cl)c3)c2n1	0.039497
rxn:4:211937:223449	Cn1cc(-c2cc(=O)[nH]cc2F)c2cccnc21	0.039495
rxn:4:208804:228514	CC(C)c1cc(-c2cccc(C3CC3)c2)nc(Cl)n1	0.039494
rxn:4:176766:228724	CCOCc1ccc(Cl)cc1-c1ccc(C#N)cc1Cl	0.039493
rxn:4:179532:223363	CCc1cccc(OC)c1-c1cnc2[nH]nc(C)c2c1	0.039487
rxn:4:179002:228698	CCOc1cc(-c2ccc(C(=O)CC)s2)ccc1F	0.039482
rxn:4:178790:223325	Cc1n[nH]c2cccc(-c3ccc(CCF)cc3)c12	0.039480
rxn:4:208868:229320	Fc1csc(-c2cnccc2-n2cccc2)c1	0.039478
rxn:4:196612:228136	c1cnc(C2COCCO2)c(-c2ccc(OC3CC3)nc2)c1	0.039476
rxn:4:212225:223440	Cc1nc2ncccc2cc1-c1ccc(C2CC2)[nH]1	0.039471
rxn:4:208032:223301	Cc1cc2ccc(-c3nc(C(F)F)c[nH]3)cc2[nH]1	0.039460
rxn:4:205066:228157	COc1ccc(-c2c(C(F)(F)F)ccnc2C#N)c(OC)c1	0.039459
rxn:4:182540:228514	Cc1cc(F)cc(-c2cccc(C3CC3)c2)c1F	0.039458
rxn:4:195712:228243	CC(=O)c1cccc(-c2ccc(Cl)c(S(N)(=O)=O)c2F)c1F	0.039456
rxn:4:183135:228816	Cc1nc(C)c(-c2ccc3c(c2)OC(C)(C)C3)c(C)n1	0.039455
rxn:4:209716:228275	COc1c(F)cc(C)cc1-c1cn(C2CCOCC2)nc1C	0.039449
rxn:4:216766:229317	Fc1ccc(-c2cn(-c3ccccc3F)nn2)s1	0.039448
rxn:4:182235:228103	CC(C)Cc1ncc(-c2cccc(C34CC(C3)C4)c2)cn1	0.039448
rxn:4:210496:223448	CNc1ncc(-c2c(C)nc3c(OC)cccn23)cn1	0.039447
rxn:4:217609:229313	COc1cncc2nc(C)c(-c3cc(C)ns3)n12	0.039444
rxn:4:211401:228511	c1cc2nc(-c3ccc(C4CC4)cc3)ccc2[nH]1	0.039440
rxn:4:195374:229001	CCc1cnccc1-c1nc(-c2ccco2)cs1	0.039438
rxn:4:188061:228182	CCOC(=O)c1cc(-c2cccc(CC(F)F)c2)on1	0.039438
rxn:4:208855:228984	Cc1ccc(C)c(-c2c(Cl)ncnc2C(C)(C)F)c1	0.039438
rxn:4:218275:227905	Cc1c[nH]c2ncc(-c3ccnc(CC(C)C)c3)nc12	0.039434
rxn:4:205512:228125	CC(C)Oc1cc(-c2ncc(Cl)cc2C(=O)N(C)C)ccn1	0.039429
rxn:4:217956:228710	Cc1cn2nc(-c3cnc(C(C)C)nc3)sc2n1	0.039427
rxn:4:192534:228403	COc1c(F)ccc(-c2ccccc2S(=O)(=O)N(C)C)c1F	0.039425
rxn:4:198410:229251	Cc1cc(-c2nc3cccc(Cl)c3s2)ncn1	0.039423
rxn:4:179577:228146	CCOc1c(F)ccc(C)c1-c1cncc(CC)c1OC	0.039413
rxn:4:192133:227822	CCOc1ccc(-c2c(C)cccc2C(C)C)nc1C	0.039411
rxn:4:177152:228785	CCCS(=O)(=O)c1cccc(-c2ccc(Cl)cc2OC)c1	0.039406
rxn:4:179577:228403	CCOc1c(F)ccc(C)c1-c1ccc(F)c(OC)c1F	0.039405
rxn:4:181294:228791	CCc1cc(F)ccc1-c1ccc(SC)cc1F	0.039403
rxn:4:191933:227938	CCOc1c(C)cccc1-c1ccc(S(=N)(=O)C(F)F)cc1	0.039401
rxn:4:198927:229240	Cc1ncc(-c2cc(F)c3cc[nH]c3c2C)cn1	0.039400
rxn:4:191577:227821	CCc1c(C)cc(C)cc1-c1cc(C#N)c(F)c(OC)c1	0.039399
rxn:4:209450:227923	CCOc1ccc(C)cc1-c1cncc(C2CCCC2)n1	0.039396
rxn:4:198327:227980	Cc1cc(Cl)c(C)nc1-c1ccc(C2CC2)cc1F	0.039395
rxn:4:176764:228596	CCOCc1c(Cl)cccc1-c1ccc(CC)nc1C	0.039395
rxn:4:205661:228271	COc1cc(C)c(-c2cncc(S(=O)(=O)N(C)C)c2)cc1F	0.039393
rxn:4:218356:227924	CCOc1ccc(-c2n[nH]c3c(C)nccc23)c(C)c1	0.039391
rxn:4:212331:228688	CCOc1cnccc1-c1c(C)c(C)cc2[nH]cnc12	0.039391
rxn:4:217441:228690	CCOc1cncc(-c2c(OC)ccc3[nH]nnc23)c1	0.039391
rxn:4:181322:229107	Cc1cncc(F)c1-c1cc(C)c(C(F)F)c(Cl)c1	0.039382
rxn:4:196205:223403	c1cc2cn[nH]c2cc1-c1ccc(C2CCC2)cn1	0.039377
rxn:4:217292:229197	N#Cc1ccc2[nH]nc(-c3cnn(C(F)F)c3)c2c1Cl	0.039371
rxn:4:206045:229075	Cc1cc(-c2cnc(SC3CCCC3)nc2)sc1C#N	0.039370
rxn:4:192037:228833	Cc1ccc(F)c(-c2ccc(C3(C#N)CC3)cc2)c1F	0.039366
rxn:4:181697:228627	CCc1ccc(Cl)c(-c2ccc(C)c(C)c2OC)c1	0.039362
rxn:4:195535:227940	CCc1cc(SC)cc(-c2nccc(CC)c2F)c1	0.039360
rxn:4:177822:229170	COc1ccc(CC(C)C)cc1-c1cnc(Cl)nc1C	0.039350
rxn:4:199261:228340	COc1nc(C2CC2)sc1-c1ccc2c(c1)N(C)C(=O)C2C	0.039350
rxn:4:208068:223415	N#Cc1c(F)ccnc1-c1cccc2[nH]cnc12	0.039348
rxn:4:205502:227832	Cc1cc(C2CC2)ccc1-c1cccc(N(C)C)c1C#N	0.039346
rxn:4:203131:229166	COC(=O)Cn1nc(C)c(-c2cnn(C(C)=O)c2)c1C	0.039343
rxn:4:176605:228606	CCc1ccc(F)c(-c2ccc(F)c(OCC(C)=O)c2)c1	0.039338
rxn:4:191851:227952	COC(=O)c1cc(-c2cc(C)c(C#N)cc2C)cn1C	0.039336
rxn:4:196845:228740	N#Cc1ccc(-c2ccc(C3CCSCC3)nc2)c(F)c1	0.039322
rxn:4:209089:228256	COc1cc(-c2cccnc2N2CC(F)(F)C2)cc(C)c1F	0.039320
rxn:4:183143:227880	N#CCCc1ccc(-c2cccc3c2OCCCC3)cc1	0.039319
rxn:4:206033:228139	COc1cc(C#N)cc(-c2cc(OC3CCCC3)ncn2)c1	0.039314
rxn:4:212028:223447	Cc1cc(-c2ccc3nn(C)cc3c2)cc(=O)[nH]1	0.039313
rxn:4:217244:228552	CCOc1cccc(-c2ccnc3c(C#N)c[nH]c23)c1	0.039312
rxn:4:188364:223405	CCOc1cc(C#N)cc(-c2ccc3[nH]cnc3c2)c1	0.039312
rxn:4:209935:229208	COc1ccc2snnc2c1-c1cncc(C)c1	0.039309
rxn:4:210186:223455	COc1cccc2cnc(-c3cnccn3)n12	0.039307
rxn:4:217958:229078	COc1cncc(-c2cnc3cnccn23)c1	0.039307
rxn:4:217966:228541	c1cnc2[nH]nc(-c3ccc4c(c3)COC4)c2c1	0.039305
rxn:4:179012:223375	CCOc1cccc(F)c1-c1cc(F)cc2[nH]ncc12	0.039301
rxn:4:188702:227982	COc1cc(C)cc(-c2cc(OCC3CC3)ccn2)c1C	0.039297
rxn:4:192703:223411	COc1c(-c2cc3cccnc3[nH]2)cncc1C(C)C	0.039288
rxn:4:188115:228758	CSc1ncc(C)cc1-c1ccncc1OCC(F)F	0.039287
rxn:4:210120:229234	CSc1nc2ccc(-c3ccc(SC)s3)cc2[nH]1	0.039285
rxn:4:176978:228257	CCOc1cc(OC)cc(-c2c(F)cc(C)cc2OC)c1	0.039284
rxn:4:210158:228550	CCCc1cc(-c2c[nH]c3nc(OC)ccc23)ccn1	0.039280
rxn:4:197190:228691	CCOc1ccc(-c2ccc(OC)c3[nH]ccc23)cn1	0.039275
rxn:4:178719:228340	COc1nc(C2CC2)sc1-c1cccc(C(=O)CF)c1	0.039274
rxn:4:189255:229204	CCc1sccc1-c1cc(F)cc(N(CC)CC)c1	0.039268
rxn:4:206019:228332	CCc1nc(-c2cnc(OC)cc2SC)cn1C(C)C	0.039259
rxn:4:208346:228963	c1nc2nonc2cc1-c1cncn1C1CC1	0.039258
rxn:4:205196:228288	CCCn1cncc1-c1nc2ccc(C)cn2n1	0.039257
rxn:4:221013:228975	FC(F)(F)n1cc(-c2cnc3nc(Cl)[nH]c3n2)cn1	0.039254
rxn:4:177812:229170	Cc1nc(Cl)ncc1-c1cccc(COC(C)(C)C)c1	0.039247
rxn:4:208525:229301	c1cnnc(-c2ccccc2-c2nnco2)c1	0.039245
rxn:4:195449:227956	CC(=O)c1c(Cl)ccnc1-c1cc(C)nc(C(C)C)c1	0.039234
rxn:4:216663:228865	CCOc1cnc(-c2ccc(-c3ncc[nH]3)cn2)cn1	0.039232
rxn:4:182852:228632	Cc1cc(C)c(-c2cc(F)c3c(c2)C(=O)CC3)c(C)n1	0.039223
rxn:4:217524:229225	CCc1cc2ncc(-c3cnn(CC)c3)cn2n1	0.039209
rxn:4:179190:228181	COCc1cc(F)ccc1-c1cc(OC)c(Cl)cc1OC	0.039207
rxn:4:209936:229256	Cc1noc(C)c1-c1c[nH]c2cc(C#N)ccc12	0.039202
rxn:4:179056:228381	CCOc1c(F)cc(Cl)cc1-c1c(F)cc(C#N)cc1F	0.039199
rxn:4:179274:228985	Cc1ccc(-c2ccccc2OC2CC2(F)F)c(C)c1	0.039198
rxn:4:208632:229257	Clc1cncc(-c2cncc(-c3cocn3)c2)c1	0.039195
rxn:4:177146:228696	CCCS(=O)(=O)c1ccccc1-c1ccc(COC)nc1	0.039177
rxn:4:192046:228504	COC(=O)c1ccc(-c2cccc3c2CCC3)c(C)n1	0.039169
rxn:4:204985:227978	CC(C)c1ccc(F)c(-c2cc(Cl)nnc2OC(F)F)c1	0.039165
rxn:4:217511:223460	Cc1nc(-c2ccc3nn(C)c(C#N)c3c2)c[nH]1	0.039138
rxn:4:181140:228209	COc1ccc(-c2cc(C#N)c(C)cc2Cl)c(F)c1Cl	0.039137
rxn:4:178994:227928	CCOc1cc(-c2cccc(COC)c2Cl)ccc1C	0.039134
rxn:4:189239:229032	CCN(CC)c1ccc(-c2ccc(C)cc2Cl)cc1	0.039132
rxn:4:202975:227820	COc1cc(OC)c(-c2ccc(C(C)(C)C)cc2)nc1C#N	0.039121
rxn:4:218125:228257	COc1cc(C)cc(F)c1-c1nc2cn[nH]c2cc1Cl	0.039120
rxn:4:182882:228316	CCOc1ncc(Cl)cc1-c1ccc2c(c1)C(=O)CS2(=O)=O	0.039120
rxn:4:198486:229297	Fc1cc2nc(-c3cncnc3)sc2cc1F	0.039118
rxn:4:199037:228635	Cc1c(F)ccc(-c2cnc3c(c2)C(=O)CCC3)c1C	0.039109
rxn:4:211554:227880	N#CCCc1ccc(-c2n[nH]c3cc(F)ccc23)cc1	0.039107
rxn:4:188057:228153	CCOC(=O)c1conc1-c1cc(OC)cc(OC)c1	0.039101
rxn:4:217961:228689	CCOc1ccncc1-c1cnc2ccnn2c1	0.039101
rxn:4:203015:228009	CCCc1ccnc(-c2ccc(C3CC3)c(F)c2)c1C#N	0.039093
rxn:4:196281:223449	Cc1ccc(-c2nc(-c3cc(=O)[nH]cc3F)cs2)cc1	0.039092
rxn:4:195418:223433	Cc1ccc(-c2cnc3[nH]cnc3c2)c(C#N)c1	0.039091
rxn:4:208281:223402	Cc1ccc(-c2ccc3[nH]ncc3c2)nc1C#N	0.039091
rxn:4:216442:223391	Cc1nc(-c2cc3ccccc3[nH]2)ncc1C#N	0.039091
rxn:4:202866:223381	CCCNc1ncc(-c2n[nH]cc2C(=O)OCC)cn1	0.039082
rxn:4:203258:228181	COCCn1nc(C)c(-c2ccc(F)cc2COC)c1C	0.039075
rxn:4:217646:223440	CC(C)n1nnc2cccc(-c3ccc(C4CC4)[nH]3)c21	0.039075
rxn:4:198491:228610	CC(C)(C)c1ccc(-c2cnc3c(c2)C(=O)OC3)s1	0.039065
rxn:4:205669:228101	N#Cc1cc(C#N)cc(-c2cnc(OC3CCOC3)nc2)c1	0.039061
rxn:4:182157:228415	COc1cc(-c2cc(F)ccc2C(F)F)cc2c1OCC2=O	0.039048
rxn:4:179941:229200	Cc1cccc(-c2cccc(CC3CCC3)c2)c1	0.039045
rxn:4:181420:228336	COc1cc(C)cc(-c2cnc(OC)c(SC)c2)c1Cl	0.039043
rxn:4:181478:228615	COc1c(C)ccc(-c2cc(C)ccc2SC)c1F	0.039042
rxn:4:196491:228647	Cc1cc(C)c(-c2cnc(C3CCOCC3)s2)cc1Cl	0.039041
rxn:4:180959:228779	COc1ccc(F)cc1-c1ccc(C(F)F)cc1F	0.039040
rxn:4:182847:227890	CCOCc1cccc(-c2ccc(Cl)c3c2C(=O)CC3)c1	0.039036
rxn:4:176750:223419	Cc1ccc(-c2cc3ccncc3[nH]2)cc1OCCF	0.039036
rxn:4:198769:229334	Fc1cnc2ccc(-c3cnoc3)cc2c1	0.039034
rxn:4:206313:228427	COc1ccc(-c2cnn(CC3CCOCC3)c2)c(F)c1Cl	0.039021
rxn:4:211591:229141	Fc1ccc(-c2cnc3[nH]cc(F)c3c2)c(Cl)c1	0.039017
rxn:4:218165:229311	Cc1ncc(-c2cc3nccc(Cl)n3n2)s1	0.039000
rxn:4:211553:228566	CC(C)Cc1sccc1-c1n[nH]c2ccc(F)cc12	0.038993
rxn:4:204991:228067	FCCn1cc(-c2cc3ccc(F)cc3s2)cn1	0.038987
rxn:4:188857:228110	CCc1cnc(C#N)cc1-c1cccc(OC(C)C)c1C#N	0.038986
rxn:4:212118:228548	CCCc1cncc(-c2[nH]nc3cc(F)cc(C)c23)c1	0.038986
rxn:4:216812:223448	CNc1ncc(-c2ccncc2-c2cncnc2)cn1	0.038985
rxn:4:216799:223448	CNc1ncc(-c2nccc(-c3cccnc3)n2)cn1	0.038985
rxn:4:217246:223460	Cc1nc(-c2c[nH]c3ccc(C#N)nc23)c[nH]1	0.038979
rxn:4:196058:228007	CC(C)(C)c1cnc(-c2cc(F)ccc2C2CC2)s1	0.038978
rxn:4:208602:223403	FC1(F)CC1c1ccnc(-c2ccc3cn[nH]c3c2)n1	0.038966
rxn:4:180863:227994	CC(C)c1ccc(Cl)c(-c2ccc(C(F)F)o2)c1	0.038952
rxn:4:221027:229240	Cc1ncc(-c2nc(Cl)c3nc[nH]c3n2)cn1	0.038948
rxn:4:182599:228006	COc1cc(-c2cc(C)c(C)c(C)c2)c(C)cc1C	0.038947
rxn:4:179692:228832	COc1cc(-c2cc(C)cc(F)c2F)cc(C2CC2)c1	0.038943
rxn:4:179961:228132	Cc1ccc(-c2cccc(CC#N)c2F)c(OC(C)C)c1	0.038932
rxn:4:211638:229245	Cc1cc(-c2cc(Cl)cn3ccnc23)n(C)n1	0.038930
rxn:4:211452:229241	Cc1c(-c2cnn3ccc(Cl)cc23)cnn1C	0.038930
rxn:4:205271:223435	COC(=O)c1ccc(-c2cc(S(N)(=O)=O)ccc2C#N)[nH]1	0.038929
rxn:4:191689:223304	CCOc1cc(-c2ccc3[nH]c(C)cc3c2)ncc1F	0.038923
rxn:4:203623:228864	CCOc1ncc(-c2c(C)nn(CCC(C)C)c2C)cn1	0.038912
rxn:4:182951:227892	CN(C)Cc1ccc(-c2ccc(Cl)c3c2OCCC3=O)cc1	0.038910
rxn:4:208430:229014	CC(C)c1ccc(-c2nccn2-c2ccoc2)s1	0.038904
rxn:4:192030:228084	CCCOc1ccc(-c2cnccc2OC2COC2)cn1	0.038901
rxn:4:176478:229323	CSc1ccc(-c2csc(Cl)c2)cc1OC(F)F	0.038899
rxn:4:181839:227891	CN(C)Cc1ccccc1-c1cccc(C(C)(C)C)c1	0.038899
rxn:4:188800:228353	Cc1cc(-c2cnc(N(C)C)c(Cl)c2)cc(C)c1OCC#N	0.038897
rxn:4:211941:227941	COCc1cc(C)cc(-c2cnc3cc[nH]c3c2C)c1	0.038896
rxn:4:218370:228206	Cc1c[nH]c2nc(-c3cc(F)cc(N(C)C)c3)cnc12	0.038887
rxn:4:189239:227875	CCN(CC)c1ccc(-c2cccc3c2CCCO3)cc1	0.038875
rxn:4:218343:228251	COc1cc(Cl)c(-c2nccc3c(C)n[nH]c23)cc1C	0.038871
rxn:4:208509:228668	c1cnc2sc(-c3cncnc3C3CC3)cc2c1	0.038871
rxn:4:201344:228734	COc1nccc(C)c1-c1cc(OCCN(C)C)ccn1	0.038867
rxn:4:192484:228400	CCC(C)c1ccnc(-c2ccc(F)c(F)c2OC)c1F	0.038865
rxn:4:188515:228193	CCCOc1nccc(-c2cnn(C3CCCC3)c2)c1Cl	0.038861
rxn:4:197704:228153	COc1cc(OC)cc(-c2ccc3c(c2)CN(C2CC2)C3)c1	0.038861
rxn:4:180969:229124	Cc1ncc(-c2cc(F)c(F)c(C(F)F)c2)cc1F	0.038860
rxn:4:196586:228869	COC(=O)c1cc(-c2ccc(C3COCCO3)cn2)cs1	0.038859
rxn:4:217616:229287	Cc1ccsc1-c1cc(C2CC2)nn2ccnc12	0.038859
rxn:4:179538:228196	Cc1ncnc(C2CC2)c1-c1ccc(Cl)c(OC(C)C)c1	0.038843
rxn:4:196845:228590	Cc1cccc(-c2ccc(C3CCSCC3)nc2)c1C#N	0.038840
rxn:4:218297:229307	Cc1oncc1-c1cccn2c(C)nnc12	0.038831
rxn:4:198518:228556	COCc1ccc(-c2c[nH]c3cccc(Cl)c23)cc1	0.038831
rxn:4:177042:229088	CCOc1ccc(-c2cc(C(C)=O)cs2)c(F)c1OC	0.038829
rxn:4:192085:229172	Cc1ncnc(Cl)c1-c1ccc(Cl)cc1C1(C#N)CC1	0.038829
rxn:4:211614:229304	Fc1cn2cncc2cc1-c1ccncn1	0.038827
rxn:4:211590:228393	COc1c(F)cc(F)cc1-c1c[nH]c2nccc(F)c12	0.038826
rxn:4:196836:229015	CC(C)c1sccc1-c1ccncc1C1CCCCO1	0.038806
rxn:4:193134:228703	CC(C)c1cc(-c2cnn(C3CCC3)c2)cc(C2CC2)n1	0.038806
rxn:4:205127:227974	COC(=O)c1cnc(-c2c(C)cc(OC)cc2C)c(Cl)n1	0.038803
rxn:4:182622:228692	CN(C)Cc1ccc(-c2ccc3occc3c2)s1	0.038782
rxn:4:192448:223326	CCc1cc(-c2cccc3c(C)n[nH]c23)cc(CC)n1	0.038780
rxn:4:221017:229211	Cc1ncccc1-c1ncc(Cl)n2ncnc12	0.038777
rxn:4:218117:228696	COCc1ccc(-c2nnc3cc(Cl)ccn23)cn1	0.038767
rxn:4:181645:228316	CCOc1ncc(Cl)cc1-c1cccc(C2OCCO2)c1F	0.038767
rxn:4:203048:228636	COC(=O)C(C)c1ncc(-c2c(C)cc(F)cc2C)cn1	0.038760
rxn:4:212283:228217	CC(C)c1ncc(Cl)cc1-c1cnc2c(c1)OCC(=O)N2C	0.038758
rxn:4:211474:228165	CCOc1ccc(F)c(-c2cc(Cl)c3cc[nH]c3n2)c1	0.038756
rxn:4:211584:228152	CCOc1ccc(Cl)cc1-c1c[nH]c2cc(F)cnc12	0.038756
rxn:4:180973:228715	Cc1nc(C#N)ccc1-c1cc(F)c(F)cc1C(F)F	0.038745
rxn:4:177163:228582	COc1ccc(-c2cnccc2C(C)C)cc1OC1CC1	0.038740
rxn:4:176976:228122	CCOc1nc(C)ccc1-c1c(COC)cccc1OC	0.038737
rxn:4:176958:228325	COc1cc(OC)c(-c2ccc(OCC3CC3)cc2)cn1	0.038736
rxn:4:215435:228265	CC(=O)c1cc(-c2cnc(N(C)C)c(C#N)c2)ccc1Cl	0.038734
rxn:4:216882:228078	CC(C)(C)n1cc(-c2ccc3c(c2)COC3=O)nn1	0.038729
rxn:4:183119:227930	Cc1cc2c(c(-c3cccc(OC4CC4)c3)c1)C(=O)CCO2	0.038729
rxn:4:180930:227913	CC(C)Oc1ccc(-c2cc(F)c(F)cc2CF)cc1	0.038727
rxn:4:221878:228691	CCOc1ccc(-c2ccc(-c3nn[nH]n3)nc2)cn1	0.038727
rxn:4:182211:228013	COc1cc(-c2ccc(F)c(C3CC3)c2)cc2c1OCCO2	0.038726
rxn:4:196231:228509	CC(C)c1ccc(-c2ccc(C3CCC3)nc2)cc1	0.038722
rxn:4:211806:229149	CCOc1nc(-c2cc3nccnc3cc2F)cs1	0.038715
rxn:4:211336:223397	Clc1nc2c(-c3ccc4c(c3)CCN4)cncc2s1	0.038711
rxn:4:208551:223397	c1ccc(-c2snnc2-c2ccc3c(c2)CCN3)cc1	0.038709
rxn:4:203145:228524	CCOC(=O)c1c(-c2cnc3c(c2)CCC3)nn(C)c1C	0.038707
rxn:4:181217:228083	CC(=O)c1c(F)cccc1-c1cnn(CCC(C)C)c1	0.038701
rxn:4:220567:223322	Cc1cc2[nH]ncc2cc1-c1nnn(C)c1C#N	0.038698
rxn:4:218370:229154	Cc1c[nH]c2nc(-c3cc(C#N)nn3C)cnc12	0.038698
rxn:4:188514:228094	CCCOc1cncc(-c2cncc(COCC)c2)c1	0.038692
rxn:4:188805:228921	COC(=O)Cc1cc(-c2ccc(C(F)F)nc2)c(C)cn1	0.038690
rxn:4:181839:228608	COc1cc(C)ccc1-c1cccc(C(C)(C)C)c1	0.038685
rxn:4:218236:228743	Cc1nc2nc[nH]c2cc1-c1cc(Cl)ccc1C#N	0.038680
rxn:4:192536:229089	CC(=O)c1sccc1-c1ccc(C2(C#N)CCC2)cc1	0.038678
rxn:4:188542:228822	COC(=O)c1cc(OC)nc(-c2c(Cl)ccc(C)c2F)c1	0.038672
rxn:4:211216:228534	Cc1nnccc1-c1ccc2ccoc2c1	0.038670
rxn:4:220582:228592	CC(C)c1cncc(-c2nncn2-c2cscn2)c1	0.038666
rxn:4:205472:228015	COC(=O)c1c(-c2cccc(Cl)c2C2CC2)nn(C)c1C	0.038663
rxn:4:216831:228798	CSc1cc(-c2cnc(N3CC(F)(F)C3)nc2)ccc1F	0.038661
rxn:4:198370:223347	O=C1NCc2c1cccc2-c1ccnc2sccc12	0.038661
rxn:4:209738:228292	c1cc(-c2ncc(C3CCCCC3)cn2)c2c(n1)OCCO2	0.038655
rxn:4:205656:229318	Clc1sccc1-c1ccccc1Cn1ccnc1	0.038650
rxn:4:205331:229151	COC(=O)c1ncc(-c2cnc(C#N)cn2)nc1C	0.038647
rxn:4:178891:228601	CC(=O)c1ccccc1-c1cccc(S(=O)(=O)C(F)F)c1	0.038642
rxn:4:198895:228154	COc1cccc(OC)c1-c1cccc2c(C)c[nH]c12	0.038639
rxn:4:212171:223462	Cc1cc(-c2cc3nc(C)[nH]c3c(F)c2F)n[nH]1	0.038628
rxn:4:188391:228879	CCOC(=O)c1cncc(-c2ccnn2C2COC2)c1Cl	0.038627
rxn:4:196508:227815	CCC(C)c1ccccc1-c1cc(C)nc(C2COC2)c1	0.038626
rxn:4:183175:228156	COc1ccc(OC)c(-c2ccc3c(c2)C(C)(C)CC3=O)c1	0.038625
rxn:4:198402:229056	CC(C)n1nccc1-c1ccc2nc(Cl)sc2c1	0.038625
rxn:4:195048:228010	CC(F)(F)c1csc(-c2cc(Cl)ccc2C2CC2)n1	0.038623
rxn:4:211982:229270	Cn1cc(-c2cnc(C#N)s2)c2ccncc21	0.038619
rxn:4:181541:223417	Clc1cc(-c2n[nH]c3ccccc23)cc(C2COC2)c1	0.038616
rxn:4:176602:228707	CCOC(=O)c1ccc(F)c(-c2cnn(C(C)(C)C)c2)c1	0.038614
rxn:4:182990:228101	CC1=Cc2c(cccc2-c2cc(C#N)cc(C#N)c2)C1	0.038607
rxn:4:205654:228472	COc1nc(C)c(-c2ccc(C(F)(F)F)nc2)c(C)c1C#N	0.038603
rxn:4:212306:228770	COc1c(C)cncc1-c1c[nH]c2c(C)nc(C)cc12	0.038601
rxn:4:183076:228089	CCCOc1ncccc1-c1ccc(F)c2c1C(=O)CCC2	0.038601
rxn:4:217455:228574	COc1ccc2nc(-c3ccc(C)cc3C#N)[nH]c2n1	0.038594
rxn:4:195808:227808	Fc1c(C2CC2)ccnc1-c1ccc2c(c1)CCCC2	0.038592
rxn:4:221071:227836	Cc1ccc(-c2n[nH]c3c(C)nn(C)c23)c(C2CC2)c1	0.038590
rxn:4:220983:229199	Cc1ccc(-c2nc3ncccn3n2)cc1	0.038586
rxn:4:199263:228393	COc1c(F)cc(F)cc1-c1ccc2c(c1)N(C)C(=O)CC2	0.038586
rxn:4:181278:228858	CCc1ccc(Cl)cc1-c1ccc2nonc2c1	0.038580
rxn:4:209630:228759	CC(=O)c1ccc(-c2cnc(C3CCOCC3)nc2)cn1	0.038578
rxn:4:195571:228021	CC(=O)c1cc(C)cc(-c2nc(C)ccc2C(F)F)c1	0.038577
rxn:4:208983:227845	c1cc(-c2c[nH]c(C3CCCO3)n2)c2ccncc2c1	0.038572
rxn:4:211316:228146	CCc1cncc(-c2ccc3ncsc3n2)c1OC	0.038571
rxn:4:208243:228778	COc1cccc(-c2csc(-c3ncco3)n2)c1F	0.038570
rxn:4:218263:223355	CNC(=O)c1ccccc1-c1ccc2nnn(C)c2c1	0.038569
rxn:4:179694:228415	COc1cc(OC)c(-c2cc(F)ccc2C(F)F)cc1C	0.038564
rxn:4:175129:228934	CCOCc1cc(OC)ccc1-c1cnc(OC)cc1Cl	0.038562
rxn:4:176973:228505	CCCc1ccc(-c2ccc(OC)c(COC)c2)cc1	0.038558
rxn:4:179419:228686	CCOc1cc(-c2cc(F)cc(C(=O)OC)c2C)ccn1	0.038550
rxn:4:211595:228242	COc1cc(F)c(C)cc1-c1ccc(F)c2cn[nH]c12	0.038547
rxn:4:220623:229296	Cn1cc(-c2cncc(-n3ccnc3)n2)cn1	0.038542
rxn:4:203501:228204	CCN(CC)c1cc(C)c(-c2cc(C)cc(C#N)c2F)cn1	0.038538
rxn:4:198359:229048	c1cc(-c2cnn3c2CCC3)c2cnsc2c1	0.038536
rxn:4:202839:228031	COCCc1nnc(-c2ccc3nn(C)cc3c2)s1	0.038534
rxn:4:213514:227872	COCCN(C)c1ncc(-c2ccc3c(c2)CCC3=O)cn1	0.038532
rxn:4:211447:223401	CNc1cc(-c2cnc3[nH]cc(Cl)c3c2)ccc1C	0.038531
rxn:4:218297:223451	Cc1nnc2c(-c3ccccc3)cccn12	0.038530
rxn:4:191732:228379	Cc1ccnc(-c2cc(F)c(F)cc2C#N)c1OC(F)F	0.038528
rxn:4:208999:228455	COc1ncc(-c2nc(Cl)cc(C3CCC3)n2)c(OC)n1	0.038521
rxn:4:208626:229071	COc1cc(-c2cncc(-c3cncs3)c2)ccn1	0.038516
rxn:4:208840:229241	Cc1nccn1-c1coc(-c2cnn(C)c2C)c1	0.038516
rxn:4:198361:228785	COc1cc(Cl)ccc1-c1cc2cccnc2o1	0.038513
rxn:4:215615:228920	COc1nc(-c2ccnc(SC)c2F)nn1C1CCCO1	0.038510
rxn:4:188568:228264	COc1cc(-c2cc(C#N)c(OC)c(OC)c2)c(Cl)cc1C	0.038506
rxn:4:182552:223415	Cc1ccc(F)c(Cl)c1-c1cccc2[nH]cnc12	0.038504
rxn:4:198546:228908	COc1cc(-c2c(F)cc(Cl)c3[nH]ccc23)c(F)cn1	0.038504
rxn:4:192017:228214	COc1cnc(-c2cnc(C3CC3)cc2F)cc1C(C)=O	0.038502
rxn:4:178884:228557	COCc1cccc(-c2cc(C(=O)OC)c(F)cc2F)c1	0.038486
rxn:4:198516:223442	CNc1ccc(-c2cc(Cl)c3cc[nH]c3c2)cc1	0.038483
rxn:4:197794:228782	CCN1CCCc2cc(-c3ccc(OC)cc3Cl)ccc21	0.038480
rxn:4:181349:228332	COc1cc(SC)c(-c2cccc(S(C)(=O)=O)c2F)cn1	0.038479
rxn:4:185955:228195	CCCOc1cc(C#N)ccc1-c1cn(C(C)(C)C)nc1C	0.038466
rxn:4:181522:228195	CC(=O)c1c(C)cccc1-c1cn(C(C)(C)C)nc1C	0.038459
rxn:4:217153:227946	Cn1cc(-c2ccc(C(C)(C)C)nc2)nc1N1CCCCC1	0.038458
rxn:4:191522:228164	CCOc1cc(-c2nccc(C(=O)OC)c2F)ccc1Cl	0.038453
rxn:4:203498:228821	CCCc1cc(-c2ccc(C)c(F)c2F)nc(C(C)C)n1	0.038452
rxn:4:182981:227978	CC(C)c1ccc(F)c(-c2cccc3c2COCC3)c1	0.038449
rxn:4:214434:227861	CCn1nc(-c2cnc3c(c2)CCCC3)nc1C(=O)OC	0.038446
rxn:4:174854:229201	CC(=O)CCSc1ccccc1-c1ccccc1C	0.038440
rxn:4:205851:228448	CC(C)(C)Oc1cnc(-c2ccc(C(F)F)cc2Cl)cn1	0.038439
rxn:4:203009:227981	CCOC(=O)c1nc(-c2ccc(C3CC3)cc2Cl)cn1C	0.038435
rxn:4:209654:227811	CC(C)Cc1ccc(-c2c[nH]c(C3CCCCC3)n2)cc1	0.038433
rxn:4:217251:223440	N#Cc1nccc2c(-c3ccc(C4CC4)[nH]3)c[nH]c12	0.038428
rxn:4:181057:228535	COc1ccc(-c2coc3ccccc23)cc1	0.038426
rxn:4:179456:228907	COc1ccc(-c2ccnc(OC)c2Cl)c(F)c1C(C)=O	0.038421
rxn:4:208596:223355	CNC(=O)c1ccccc1-c1ccnc(-c2cncs2)c1	0.038419
rxn:4:188848:228595	CCOC(=O)c1cncc(-c2cc(C)cnc2CC)c1C	0.038395
rxn:4:198673:229309	Cc1ncc(-c2c(Cl)cnc3ccccc23)o1	0.038391
rxn:4:217646:229236	COc1csc(-c2cccc3nnn(C(C)C)c23)c1	0.038386
rxn:4:211930:229327	Cc1c(-c2cnnn2C)ccn2nccc12	0.038385
rxn:4:212316:229269	CCn1ncc(-c2c(C)nc3c(C)cccn23)n1	0.038384
rxn:4:220986:228775	COc1ccc(-c2cncc3ncnn23)cc1F	0.038383
rxn:4:211702:228695	CN(C)Cc1cc(-c2cnc3cccnc3c2)cs1	0.038382
rxn:4:198868:228071	O=C1Cc2cccc(-c3cccc4c3OCCO4)c2C=N1	0.038376
rxn:4:192847:228635	Cc1c(F)ccc(-c2ccc(OC3CCCC3)cn2)c1C	0.038371
rxn:4:192519:228324	COc1cc(-c2cc(OC)nc(C3COC3)c2)c(OC)cn1	0.038370
rxn:4:209621:227907	CCC(C)c1cncc(-c2nccc(C3CCCCO3)n2)c1	0.038370
rxn:4:181219:228644	CC(=O)c1cccc(F)c1-c1cc(C)c(F)c(C)c1	0.038362
rxn:4:205647:228148	COc1cccc(-c2cnc(OC3COC3)nc2C)c1OC	0.038358
rxn:4:191821:227900	COc1ncc(-c2ccccc2C(C)C#N)cc1C(F)(F)F	0.038356
rxn:4:196852:228277	COc1ccc(F)c(C)c1-c1ccc(C2CCCO2)nc1C	0.038343
rxn:4:220788:228103	CC(C)Cc1ncc(-c2cnc(N3CCOCC3)nn2)cn1	0.038337
rxn:4:176777:228606	CCOCc1cc(F)cc(-c2cc(CC)ccc2F)c1	0.038336
rxn:4:179427:228705	CN(C)c1ncccc1-c1ccc(C(=O)C2CC2)c(F)c1	0.038335
rxn:4:176974:227892	CCOc1ccc(-c2ccc(CN(C)C)cc2)c(OC)c1	0.038335
rxn:4:217435:228446	COc1cc2c(-c3cc(F)cc(OC)c3Cl)n[nH]c2cn1	0.038334
rxn:4:210211:228907	COc1cc(F)c2c(-c3ccnc(OC)c3Cl)[nH]nc2c1	0.038334
rxn:4:177829:228734	CCC(C)c1cc(-c2c(C)ccnc2OC)ccc1OC	0.038331
rxn:4:191395:229046	Cc1cccc(Cl)c1-c1cnccc1C(=O)C(F)(F)F	0.038329
rxn:4:182716:227875	O=C1COc2c(F)cc(-c3cccc4c3CCCO4)cc21	0.038328
rxn:4:218029:228598	COc1ccc(C)cc1-c1cc2ncccn2n1	0.038328
rxn:4:196653:228141	CCCc1cc(F)c(-c2cc(C3CCC3)ncc2C)cn1	0.038321
rxn:4:211425:228774	COc1cccc(F)c1-c1cnc2cccn2c1	0.038318
rxn:4:211292:228770	COc1c(C)cncc1-c1noc2ncccc12	0.038317
rxn:4:205515:227931	Cc1nn(CC(F)(F)F)c(C)c1-c1ccccc1OC1CC1	0.038317
rxn:4:176463:228108	CCc1ncc(C#N)cc1-c1ccc(OC(F)F)cc1OC	0.038316
rxn:4:217005:229274	Cc1c(-c2cnc(Cl)nc2)cncc1-c1cc[nH]n1	0.038310
rxn:4:198623:229283	Cc1cc(-c2ccncc2)cc2sc(Cl)nc12	0.038305
rxn:4:185926:228970	COc1ccc(CCC#N)cc1-c1ccc(C(F)(F)F)s1	0.038304
rxn:4:182951:229014	CC(C)c1ccc(-c2ccc(Cl)c3c2OCCC3=O)s1	0.038300
rxn:4:212417:228752	Cc1nc2c(c(C)c1-c1cc(F)ccc1C#N)CCN2C	0.038299
rxn:4:192312:227907	CCC(C)c1cncc(-c2ccc(OC3CCC3)nc2)c1	0.038298
rxn:4:198932:229000	CCc1ccncc1-c1ccc(F)c2[nH]c(C)cc12	0.038298
rxn:4:181593:223414	CCc1cc(C)c(F)c(-c2ccnc3[nH]ccc23)c1	0.038298
rxn:4:216616:228842	Cc1c(-c2cn[nH]c2-c2ccccn2)ccc(Cl)c1F	0.038288
rxn:4:206030:227879	CC(C)(C)c1cc(-c2cccc(CCC#N)c2)c(C#N)cn1	0.038287
rxn:4:210630:229304	CCn1nc(C)c2ccc(-c3ccncn3)cc21	0.038287
rxn:4:217529:229212	CCn1ncc2cc(-c3cnccc3C)cnc21	0.038287
rxn:4:211552:228707	CC(C)(C)n1cc(-c2cc(F)cc3[nH]cnc23)cn1	0.038286
rxn:4:217530:229245	CCc1nnc2ccc(-c3cc(C)nn3C)cn12	0.038285
rxn:4:211744:229000	CCc1ccncc1-c1cnc2nc(C)oc2c1	0.038273
rxn:4:205005:228033	Cn1cnc2ccc(-c3ccn(CC(F)F)n3)cc21	0.038272
rxn:4:188084:228154	COc1cccc(OC)c1-c1cc(OC(F)F)ccc1C#N	0.038263
rxn:4:181803:228649	Cc1cc(C)c(-c2cccc(C3(C)CCO3)c2)c(F)c1	0.038259
rxn:4:182919:228161	CCOc1ccc(-c2ccc3c(c2C)C(=O)OC3)c(F)c1	0.038259
rxn:4:177251:227868	CCCOc1cc(C)cc(-c2ccc3c(c2)OCCC3)c1	0.038259
rxn:4:179398:228677	COC(=O)c1cc(Cl)cc(-c2cnn(CC(C)C)c2)c1C	0.038250
rxn:4:191298:227813	CCc1cccc(CC)c1-c1ncc(F)cc1OC(F)F	0.038240
rxn:4:198850:228987	Cc1cc(C)cc(-c2nc3c(s2)C(F)(F)CCC3)c1	0.038236
rxn:4:192846:227875	c1cnc(-c2cccc3c2CCCO3)c(OC2CCCC2)c1	0.038226
rxn:4:210141:229244	COc1ccc2ncc(-c3ccnc(C)n3)n2c1	0.038224
rxn:4:209468:228011	Clc1cccc(C2CC2)c1-c1cncc(N2CCCC2)c1	0.038221
rxn:4:188338:228009	CCOC(=O)c1noc(-c2ccc(C3CC3)c(F)c2)c1C	0.038205
rxn:4:198926:228728	COc1ncc(-c2c(F)cc(C)c3[nH]ccc23)cc1C	0.038204
rxn:4:192718:228380	N#Cc1ccc(-c2cc(CN3CCC3)ccc2F)c(F)c1Cl	0.038196
rxn:4:212053:229167	CN(C)c1nc(-c2cc(Cl)cc3nn(C)cc23)cs1	0.038192
rxn:4:211321:228169	CCOc1ccc(-c2cnc3ncoc3c2)cc1Cl	0.038192
rxn:4:182941:227880	Cc1cc(-c2ccc(CCC#N)cc2)cc2c1C(=O)OC2	0.038187
rxn:4:191747:228476	Cc1ccc(-c2cccnc2C(F)(F)F)nc1OC(F)F	0.038177
rxn:4:191319:228580	Fc1cc(-c2cccnc2C2CC2)cnc1OC(F)(F)F	0.038169
rxn:4:199113:223454	Cc1ccc2c(-c3ccc[nH]c3=O)c(F)ccc2n1	0.038163
rxn:4:210194:228461	COc1c(-c2cccnc2OC(F)F)cnc2[nH]ccc12	0.038160
rxn:4:179684:228505	CCCc1ccc(-c2cccc(CC(C)=O)c2C)cc1	0.038159
rxn:4:182587:228627	CCc1ccc(Cl)c(-c2c(C)ccc(F)c2C)c1	0.038144
rxn:4:196604:227840	Cc1cccc(-c2ccccc2N2CCC(=O)C2)c1C1CC1	0.038144
rxn:4:182935:228245	CC(=O)c1ccc(-c2cccc3c2CS(=O)(=O)C3)cc1F	0.038143
rxn:4:188799:227889	CCN(CC)c1coc(-c2ccccc2CCOC)c1	0.038136
rxn:4:214484:223371	CCN(CC)c1nccc(-c2cc(Cl)cc3[nH]ncc23)n1	0.038134
rxn:4:181346:227839	Cc1cccc(C2CC2)c1-c1cc(F)ccc1S(C)(=O)=O	0.038126
rxn:4:199265:228513	CC1C(=O)N(C)c2ccc(-c3ccccc3C3CC3)cc21	0.038125
rxn:4:180946:228694	CCN(C)c1csc(-c2cc(Cl)ccc2C(F)F)c1	0.038122
rxn:4:197135:223366	Clc1cc(-c2cnc(C34CC(C3)C4)s2)cc2[nH]ncc12	0.038119
rxn:4:205459:228097	COC(=O)c1c(-c2cncc(CN(C)C)c2)c(C)nn1C	0.038116
rxn:4:211996:228418	COc1c(F)cc(-c2ccc3[nH]cc(C)c3n2)cc1Cl	0.038110
rxn:4:211528:228269	COc1cc(-c2c[nH]c3c(Cl)cncc23)c(F)cc1C	0.038110
rxn:4:209724:228395	COc1cc(F)c(F)cc1-c1cnc(C2CCCCC2)cn1	0.038109
rxn:4:216807:229307	Cc1oncc1-c1nccc(-c2ccccn2)n1	0.038104
rxn:4:177172:228391	CCS(=O)(=O)Cc1cccc(-c2cccc(C(F)(F)F)c2)c1	0.038094
rxn:4:185948:228128	CCCOc1cc(-c2ccc(OC)c(C#N)c2)ccc1C#N	0.038092
rxn:4:217234:229121	Cc1c(F)cncc1-c1cncc2[nH]c(C#N)cc12	0.038089
rxn:4:208290:223367	Cc1c(C#N)ccnc1-c1cnc2[nH]ccc2c1F	0.038089
rxn:4:211295:229074	CSc1ncccc1-c1cccc2nonc12	0.038086
rxn:4:198351:228099	CCN(C)c1cncc(-c2csc3ccncc23)c1	0.038085
rxn:4:218455:228816	Cc1nc(C)c(-c2c[nH]cc3nc(C)nc2-3)c(C)n1	0.038078
rxn:4:179713:228097	CN(C)Cc1cncc(-c2ccc(F)c(OC3CCC3)c2)c1	0.038074
rxn:4:193140:228416	COc1cc(F)cc(F)c1-c1cccc(CN2CCCC2)c1	0.038071
rxn:4:220764:229308	Cc1cc(-c2ccc(-n3cnnn3)c(C)c2)on1	0.038071
rxn:4:182644:223359	CNCc1ccc(-c2c(Cl)ccc3ccoc23)cc1F	0.038070
rxn:4:205052:228183	COCc1cc(-c2cc(C(F)(F)F)c(C#N)cn2)ccc1Cl	0.038062
rxn:4:189392:228112	COc1ccc(C#N)cc1-c1nc(C)ccc1OCC(C)C	0.038060
rxn:4:194994:228621	CSc1cc(C)ccc1-c1c(C#N)ccc(Cl)c1F	0.038060
rxn:4:198485:229161	COc1ncncc1-c1cc(F)c(F)c2ncsc12	0.038058
rxn:4:188088:228117	CC(C)Oc1cncc(-c2cccc(OC(F)F)c2C#N)c1	0.038055
rxn:4:179426:229132	O=C(c1ccc(-c2ccc(F)c(F)c2)c(F)c1)C1CC1	0.038049
rxn:4:212382:223415	c1cc(-c2cnn3c2CCCCC3)c2nc[nH]c2c1	0.038042
rxn:4:210510:229224	CCn1nccc1-c1ccc(OC)c2ncn(C)c12	0.038041
rxn:4:217522:229056	CCn1nnc2cccc(-c3ccnn3C(C)C)c21	0.038036
rxn:4:216704:228258	COc1c(F)ccc(C)c1-c1cccnc1-c1cn[nH]c1	0.038035
rxn:4:182866:228467	COC(=O)c1cc(-c2cc(F)c3c(c2)OCCO3)c(F)s1	0.038028
rxn:4:182519:228283	CC(=O)c1cc(F)ccc1-c1c(C)cc(Cl)cc1F	0.038028
rxn:4:192327:227965	CCc1cc(C#N)cc(C)c1-c1c(C)ccnc1C(C)C	0.038019
rxn:4:217449:228201	COc1nc2cn[nH]c2cc1-c1cnc(C2CCC2)nc1	0.038017
rxn:4:220641:228464	FC(F)Oc1cncc(-c2cc(-c3ncc[nH]3)ncn2)c1	0.038014
rxn:4:182232:228843	COc1ccc(-c2cc(F)cc(C)c2Cl)c2c1CCC2	0.038003
rxn:4:178854:227915	CCOc1ccc(-c2c(F)cccc2C(=O)OC)cc1C	0.038003
rxn:4:181453:227817	COc1c(-c2ccccc2CC(C)C)ccc(C)c1F	0.038000
rxn:4:188864:228837	CCc1ccc(-c2ccc(C)c(Cl)c2F)c(C(=O)OC)n1	0.037991
rxn:4:181630:227943	Cc1ccc(N(C)C)c(-c2cccc(C3OCCO3)c2Cl)c1	0.037989
rxn:4:195127:227816	CCCc1ccc(-c2ccc(F)c(C(F)F)n2)c(C)c1	0.037980
rxn:4:208580:229220	Cc1cc(-c2ncccc2-c2cncs2)c(C)s1	0.037979
rxn:4:195261:228345	COC(=O)c1sc(C)cc1-c1ccc(C(C)=O)[nH]1	0.037979
rxn:4:195474:228633	Cc1cc(-c2cc(C)c(Cl)c(C)c2)c(C#N)cc1F	0.037979
rxn:4:209329:223440	Cc1cccc(-n2nccc2-c2ccc(C3CC3)[nH]2)c1	0.037972
rxn:4:179063:228991	CCCc1sccc1-c1ccc(OC)cc1C(F)F	0.037969
rxn:4:181938:228722	Cc1c(C#N)cncc1-c1ccc(C2CCCC2)cc1F	0.037967
rxn:4:218338:228566	Cc1ncc2c(-c3ccsc3CC(C)C)ccn2n1	0.037966
rxn:4:191970:228044	Cc1cc(-c2ncc(CC(C)C)s2)c2nccn2c1	0.037966
rxn:4:178845:228079	COC(=O)c1cccc(Cl)c1-c1cccc2c1COC2=O	0.037961
rxn:4:210369:223400	CNCc1cccc(-c2cncc3c(OC)nccc23)c1	0.037960
rxn:4:176829:223430	CC(F)(F)COc1ccccc1-c1ccc2[nH]nnc2c1	0.037958
rxn:4:179814:228789	COc1cc(F)ccc1-c1cc(C)c(C(C)=O)c(OC)c1	0.037954
rxn:4:208910:229278	Cn1ncc(Cl)c1-c1ccc(F)c(-n2ccnc2)c1	0.037950
rxn:4:195330:228285	COc1c(Cl)ccnc1-c1ccc2nnc(C)n2c1	0.037946
rxn:4:218291:228903	COc1ncc(Cl)cc1-c1cnc2cncc(C)n12	0.037946
rxn:4:216643:228388	Cc1cnc(C(F)F)cc1-c1c[nH]c(-c2ccccn2)n1	0.037944
rxn:4:203098:228041	c1cc2c(-c3c[nH]nc3OCC3CCC3)ccnc2cn1	0.037941
rxn:4:216625:228109	CCc1cc(-c2ccccc2-c2nnc[nH]2)cc(C#N)n1	0.037936
rxn:4:196310:229295	Cn1nccc1-c1cccnc1-c1ccccc1	0.037933
rxn:4:218200:228929	Cc1c(-c2cncc(C(F)F)c2)cnc2nsnc12	0.037928
rxn:4:192092:228314	CCOc1ncc(-c2ccc(F)cc2C2(C#N)CC2)cc1Cl	0.037919
rxn:4:209325:223453	Cc1cn(-c2ccccc2)nc1-c1cccnc1	0.037907
rxn:4:218338:228556	COCc1ccc(-c2ccn3nc(C)ncc23)cc1	0.037905
rxn:4:198527:229018	Cc1ccnc(C)c1-c1ccc2c(Cl)c[nH]c2c1	0.037905
rxn:4:198513:229026	Cc1cc(-c2cc3cc[nH]c3cc2Cl)c(C)cn1	0.037905
rxn:4:208825:228575	Cc1cc(-c2c[nH]c(-c3ccccc3)n2)ccc1C#N	0.037892
rxn:4:218256:228552	CCOc1cccc(-c2c(C)nn3cccnc23)c1	0.037877
rxn:4:211909:228990	CCCc1ccc(-c2ccn3cc(C)nc3c2)s1	0.037874
rxn:4:195730:228535	COc1ccc(C)nc1-c1coc2ccccc12	0.037871
rxn:4:179539:229237	CSc1cc(-c2ccc(OC(C)C)cc2Cl)cs1	0.037871
rxn:4:178846:228278	COC(=O)c1ccc(Cl)cc1-c1cc(F)c(C)cc1OC	0.037867
rxn:4:211290:228513	c1ccc(C2CC2)c(-c2ccc3nsnc3c2)c1	0.037865
rxn:4:205308:228037	CCCc1cncnc1-c1cccc2cn(C)nc12	0.037864
rxn:4:181032:228873	CN(C)c1ncc(-c2cc(F)cc(C(F)(F)F)c2F)cn1	0.037861
rxn:4:182259:228972	COc1cc2c(cc1-c1cc(C(F)(F)F)cs1)OCCC2	0.037852
rxn:4:212058:229073	COc1cnccc1-c1ccc2nc(Cl)n(C)c2c1	0.037852
rxn:4:220996:229077	CSc1ccc(-c2ccn3nnnc3c2)cn1	0.037848
rxn:4:177011:228716	CCCC(=O)c1ccc(-c2cnc(C#N)c(C)c2)c(F)c1	0.037847
rxn:4:220766:229254	Cc1nccn1-c1ncc(-c2ccncc2Cl)cn1	0.037842
rxn:4:220587:229036	Cc1cc(F)ccc1-c1ncnc(-c2cscn2)n1	0.037839
rxn:4:179431:228719	COC(=O)c1c(C)cc(-c2cc(C#N)ncc2C)cc1F	0.037836
rxn:4:181059:228038	Cn1cnc2cc(-c3occc3C3CC3)ccc21	0.037836
rxn:4:198530:228886	CCc1ncc(-c2ccc(F)c3cc[nH]c23)c(Cl)n1	0.037836
rxn:4:196656:228332	COc1cc(SC)c(-c2cccc(N3CCCC3)c2)cn1	0.037835
rxn:4:220997:227898	CC(C)Cc1cncc(-c2cn3cnnc3cn2)c1	0.037832
rxn:4:211591:222418	NS(=O)(=O)c1ccc(-c2cnc3[nH]cc(F)c3c2)cc1	0.037831
rxn:4:211600:228576	Cc1ccc(C#N)cc1-c1c[nH]c2cncc(F)c12	0.037823
rxn:4:182537:228822	Cc1cc(F)c(F)cc1-c1c(Cl)ccc(C)c1F	0.037823
rxn:4:218078:228609	COc1cc(-c2nc3ccc(Cl)cn3n2)ccc1C	0.037821
rxn:4:211892:228903	COc1ncc(Cl)cc1-c1c(C)nc2ccccn12	0.037821
rxn:4:210123:228410	COc1ccc2[nH]nc(-c3ccc(OC)c(F)c3Cl)c2c1	0.037816
rxn:4:205877:227820	CC(C)(C)c1ccc(-c2cccnc2N2CC(CF)C2)cc1	0.037812
rxn:4:214421:228672	CCn1ncc(-c2ccc3cnoc3c2)c1CC#N	0.037810
rxn:4:198584:229207	Cc1cc(-c2ccc(C)c3ncsc23)ccn1	0.037809
rxn:4:208843:229002	COc1ccc(-c2ccc(-n3ccnc3C)o2)cc1	0.037808
rxn:4:196609:228442	COc1cc(Cl)c(F)cc1-c1ccc(S2(=O)=NCCC2)cc1	0.037804
rxn:4:209043:223451	Cc1nc(-c2ccccc2)cc(-c2ccco2)n1	0.037801
rxn:4:182876:228276	COc1c(-c2ccc3c(c2)C(=O)C(F)(F)C3)ccc(F)c1C	0.037800
rxn:4:217986:227916	c1cnn2ncc(-c3ccc(OC4CC4)cc3)c2c1	0.037796
rxn:4:203009:228298	CCOC(=O)c1cc(-c2cn(C)c(C(=O)OCC)n2)cs1	0.037795
rxn:4:208560:229120	Cn1cccc(-c2ncc(-c3ccccn3)s2)c1=O	0.037793
rxn:4:205879:228605	COc1c(C)cccc1-c1cnc(Cl)nc1OC(C)(C)C	0.037782
rxn:4:195838:229165	COc1nccc(-c2ncc(-c3ccccc3)o2)n1	0.037782
rxn:4:216676:229158	CC(C)n1ncnc1-c1cncc(-n2cccc2)n1	0.037779
rxn:4:217005:228769	CCc1ncc(Cl)cc1-c1cncc(-c2cc[nH]n2)c1C	0.037768
rxn:4:216615:229052	CCCn1nccc1-c1cccc(-n2cnnc2)c1	0.037766
rxn:4:210128:227987	COc1c(C)ccc(-c2cc(OC)c3nc[nH]c3c2)c1C	0.037765
rxn:4:198588:229322	Cc1sc2ncccc2c1-c1sccc1Cl	0.037764
rxn:4:205059:228763	CCc1c(F)cncc1-c1cnc(C(F)(F)F)cc1C#N	0.037763
rxn:4:178841:227879	COC(=O)c1ccc(-c2cccc(CCC#N)c2)c(Cl)c1	0.037762
rxn:4:195301:228053	COc1cnc(-c2ccc3ncncc3c2)cc1Cl	0.037739
rxn:4:214456:228670	CCC(CC)n1ncc(-c2ccc3oncc3c2)n1	0.037739
rxn:4:181317:227869	Cc1ccc(-c2ccc3c(c2)CC(C)O3)c(C(F)F)c1	0.037733
rxn:4:177814:229035	COCc1ccc(-c2cccc(F)c2C)cc1C(C)C	0.037730
rxn:4:179571:228171	CCOc1ccc(-c2ccc(OCC)c(F)c2C)cc1F	0.037729
rxn:4:196148:229020	Cc1cc(-c2ccc(-c3cc[nH]c3)cc2)cc(C)n1	0.037726
rxn:4:205439:228052	CCC(C)n1ccc(-c2ccc3nnccc3c2)n1	0.037715
rxn:4:218064:227828	Cc1c(-c2cc3c(Cl)n[nH]c3cn2)cccc1C1CC1	0.037702
rxn:4:216671:229066	CCc1ncncc1-c1nccc(-n2cccc2)n1	0.037699
rxn:4:209352:229270	Cn1ccnc1-c1cccc(-c2cnc(C#N)s2)c1	0.037678
rxn:4:209988:228717	Cc1nn(C2CC2)cc1-c1cccc2[nH]c(C(F)F)nc12	0.037678
rxn:4:209095:223399	CNCc1ccccc1-c1ccccc1-c1cncnc1	0.037677
rxn:4:197485:228326	CCc1c[nH]c2c(-c3cc(OC)nc(OC)c3)cccc12	0.037676
rxn:4:216506:223341	O=C1Cc2cc(-c3cn(-c4cncs4)c(F)n3)ccc2N1	0.037676
rxn:4:208730:227827	Cc1ccc(C2CC2)cc1-c1c(C(F)(F)F)nn(C)c1C	0.037675
rxn:4:220882:229303	c1cnc(-c2cncc3nnn(C4CC4)c23)nc1	0.037672
rxn:4:181355:228751	CC(F)(F)c1cc(F)cc(-c2ccc(Cl)cc2C#N)c1	0.037662
rxn:4:176463:228750	COc1cc(OC(F)F)ccc1-c1cncc(C(C)=O)c1	0.037658
rxn:4:179227:228264	COc1cc(-c2ccc(OC3CC3)c(F)c2)c(Cl)cc1C	0.037653
rxn:4:220755:229226	Cc1nc(-n2cnnc2)ccc1-c1ccc(C#N)s1	0.037648
rxn:4:201277:228513	CCOC(=O)Cc1ncncc1-c1ccccc1C1CC1	0.037647
rxn:4:192041:228084	CCCOc1ccc(-c2cncc(C(=O)OC)c2C)cn1	0.037646
rxn:4:198218:228068	Cc1nc(-c2cc3cc(F)ccc3s2)oc1C	0.037646
rxn:4:191337:227835	Cc1ccc(-c2cccc(Cl)c2CC#N)cc1C1CC1	0.037638
rxn:4:178658:228585	Fc1cc(-c2cnccc2C2CC2)cc(Cl)c1OC(F)F	0.037637
rxn:4:189072:228872	COC(=O)c1sccc1-c1cnc(OCC2CC2)c(C)c1	0.037636
rxn:4:176773:228124	CCCOc1cc(-c2cnc(OCC)cc2C)ccc1F	0.037634
rxn:4:181672:228162	CCOc1c(F)cccc1-c1ccc(C2CC2)cc1C	0.037634
rxn:4:196137:227848	Cc1cc(-c2cccc3cccnc23)ccc1S(N)(=O)=O	0.037633
rxn:4:210137:228640	COc1n[nH]c2cccc(-c3ccc(Cl)c(C)c3C)c12	0.037627
rxn:4:210122:228645	COc1cc(-c2cc(C)c(Cl)cc2C)cc2[nH]ncc12	0.037627
rxn:4:191517:228293	COC(=O)c1ccnc(-c2cnn(CCN(C)C)c2)c1Cl	0.037625
rxn:4:212029:227958	Cc1c(-c2ccnc(C3CCC3)c2)cnc2[nH]ccc12	0.037623
rxn:4:208855:228180	COCc1cc(-c2c(Cl)ncnc2C(C)(C)F)ccc1F	0.037622
rxn:4:179212:227870	CCC(=O)c1ccc(F)c(-c2ccc3c(c2)C(=O)CC3)c1	0.037620
rxn:4:218026:229045	Cc1cc(F)cc(-c2cnn3cnccc23)c1	0.037619
rxn:4:210650:229278	CC(C)n1ccc2cc(-c3c(Cl)cnn3C)cnc21	0.037615
rxn:4:185936:228591	CCOC(=O)Cc1nc(C)sc1-c1ccncc1C(C)C	0.037598
rxn:4:192846:223417	c1cnc(-c2n[nH]c3ccccc23)c(OC2CCCC2)c1	0.037596
rxn:4:182844:229038	Cc1ccc(Cl)c(-c2ccc3c(c2Cl)CCC3=O)c1	0.037590
rxn:4:221878:228228	COc1ncc(C)c(-c2ccc(-c3nn[nH]n3)nc2)c1C	0.037588
rxn:4:221066:223399	CNCc1ccccc1-c1nn(C)c2nc(Cl)ncc12	0.037587
rxn:4:195697:228496	Cc1c(-c2cnn(CC(F)(F)F)c2)cncc1C(F)(F)F	0.037586
rxn:4:209707:228838	Cc1cc(F)cc(Cl)c1-c1ccnc(N2CCCCC2)c1	0.037570
rxn:4:189236:228150	COC(=O)c1ccc(-c2cccc(CCN(C)C)c2)cc1	0.037569
rxn:4:202854:228866	COCc1noc(C)c1-c1cnc(C(=O)CC#N)c(Cl)c1	0.037569
rxn:4:218069:223397	Clc1n[nH]c2nccc(-c3ccc4c(c3)CCN4)c12	0.037561
rxn:4:220986:227880	N#CCCc1ccc(-c2cncc3ncnn23)cc1	0.037558
rxn:4:195406:227843	c1ccc2c(-c3csc(C4COC4)n3)cncc2c1	0.037553
rxn:4:179574:223408	Fc1cc(CC2CC2)ccc1-c1cccc2cn[nH]c12	0.037550
rxn:4:209948:229089	CC(=O)c1sccc1-c1cc(C#N)cc2cc[nH]c12	0.037545
rxn:4:208070:228920	CSc1nccc(-c2n[nH]cc2C(F)(F)F)c1F	0.037542
rxn:4:205253:228641	CCn1ncc(C(F)(F)F)c1-c1cc(C)c(C)cc1F	0.037532
rxn:4:218438:229235	COc1ccsc1-c1cc2cnc(Cl)nc2n1C	0.037526
rxn:4:203271:223366	CCN(CC)c1cnccc1-c1cc(Cl)c2cn[nH]c2c1	0.037518
rxn:4:192523:228210	CN(C)Cc1c(F)cc(-c2ccc(N3CCCC3)s2)cc1F	0.037513
rxn:4:177434:228272	COCc1cc(C)cc(-c2ccc(C)c(OC)c2F)c1OC	0.037510
rxn:4:214417:228351	COCCn1cc(-c2cc(-n3ccnc3)cs2)nn1	0.037507
rxn:4:205582:228668	CCC(C)c1cnc(-c2cc3cccnc3s2)nc1	0.037501
rxn:4:198519:228353	CN(C)c1ncc(-c2c[nH]c3ccc(Cl)cc23)cc1Cl	0.037496
rxn:4:180965:223360	CNCc1cccc(-c2cc(F)cc(C(F)F)c2Cl)c1F	0.037494
rxn:4:198455:228748	COc1cc(C)c(-c2nc3c(F)cccc3s2)cn1	0.037492
rxn:4:192306:227944	CC(C)(C)c1cncc(-c2ccc(C(C)(C)C#N)cc2)c1	0.037486
rxn:4:177409:229013	CC(C)C(=O)Cc1ccc(-c2sccc2C2CC2)cc1	0.037485
rxn:4:196241:223413	Clc1cc(C2CCC2)ncc1-c1cncc2[nH]ccc12	0.037485
rxn:4:175106:228595	CCCOc1c(OC)cccc1-c1cc(C)cnc1CC	0.037482
rxn:4:177442:228551	CCCc1ncccc1-c1cc(OCC)c(OC)cc1C	0.037482
rxn:4:198653:229270	N#Cc1ncc(-c2ccnc3cccc(Cl)c23)s1	0.037482
rxn:4:192502:228300	CCOC(=O)c1ccsc1-c1cccc(CN(C)C)c1F	0.037481
rxn:4:192712:228826	Cc1cc(-c2cc(Cl)cc(CN3CCC3)c2)c(F)cc1F	0.037481
rxn:4:216531:229027	Cc1cc(-c2cncc(-c3ncco3)n2)ccc1Cl	0.037474
rxn:4:209905:223383	CC(=O)Nc1ccc(-c2ccc3nc(C#N)sc3c2)cn1	0.037472
rxn:4:192980:228255	CCC(C)c1cc(-c2ccc(C)c(F)c2OC)cc(C)n1	0.037465
rxn:4:188353:228301	CCOC(=O)c1sccc1-c1ccc(OCC)c(C#N)c1	0.037463
rxn:4:174847:228906	CCOC(=O)Cc1ccccc1-c1ccnc(C(F)F)c1	0.037461
rxn:4:185703:228742	N#CCCC(=O)c1cccc(-c2cc(Cl)cc(C#N)c2)c1	0.037460
rxn:4:198437:228705	CN(C)c1ncccc1-c1csc2c(Cl)ccnc12	0.037460
rxn:4:211694:228565	CSCc1ccc(-c2ncnc3ccccc23)cc1	0.037452
rxn:4:179683:228313	CCC(=O)c1cc(-c2ccc(OC)nc2OC)ccc1C	0.037450
rxn:4:195576:228777	COc1ccc(-c2ccc(-n3cccc3)o2)c(F)c1	0.037449
rxn:4:188417:227908	CCOc1cc(C#N)cc(F)c1-c1cccnc1CC(C)C	0.037442
rxn:4:212063:229244	Cc1nccc(-c2ccc3c(c2)c(Cl)nn3C)n1	0.037442
rxn:4:183071:229041	Cc1cccc(F)c1-c1cc(F)c2c(c1)C(=O)CCC2	0.037437
rxn:4:192546:228323	CCOc1nccc(-c2cc(C(F)F)ccc2N(C)C)c1F	0.037433
rxn:4:216645:228981	CCc1cccc(-c2cnccc2-n2cccn2)c1	0.037419
rxn:4:216801:229327	Cn1nncc1-c1cc(-c2cccnc2)ncn1	0.037408
rxn:4:198363:229013	c1ccc2c(-c3sccc3C3CC3)nsc2c1	0.037403
rxn:4:202938:228146	CCOC(=O)c1ncc(-c2cncc(CC)c2OC)cn1	0.037400
rxn:4:197550:229034	Cc1ccc(F)c(-c2ccc3c(c2)CCC(C#N)C3)c1	0.037397
rxn:4:176464:228515	CCc1cccc(C)c1-c1ccc(OC(F)F)c(OC)c1	0.037389
rxn:4:212332:228094	CCCOc1cncc(-c2c(C)c(C)cc3[nH]ncc23)c1	0.037387
rxn:4:208420:228660	Cc1cc(-c2ccc3nscc3c2)nc(C(F)F)n1	0.037386
rxn:4:220649:228872	COC(=O)c1sccc1-c1ccc(-c2cn[nH]n2)nc1	0.037379
rxn:4:218212:228172	CCOc1cccc(-c2cnc3c(Cl)[nH]cnc2-3)c1F	0.037371
rxn:4:181327:228113	CCc1nc(OC)ccc1-c1cc(C(C)(F)F)ccc1Cl	0.037371
rxn:4:198573:223366	Clc1cc(-c2ccnc3c2OCCO3)cc2[nH]ncc12	0.037357
rxn:4:185659:228433	CCOC(=O)Cc1ncc(-c2c(OC)ccc(Cl)c2F)s1	0.037354
rxn:4:181325:223329	Cc1ccc2cn[nH]c2c1-c1cc(S(C)(=O)=O)ccc1Cl	0.037354
rxn:4:181860:228559	CCOc1ccc(-c2ccc(C(C)(C)C)cc2F)cc1	0.037344
rxn:4:188338:227909	CCOC(=O)c1noc(-c2ccnc(C(C)CC)c2)c1C	0.037339
rxn:4:176587:228684	CCOC(=O)c1ccc(-c2cccnc2OCC)cc1Cl	0.037335
rxn:4:192713:228135	CCOc1cc(C)ncc1-c1cc(Cl)ccc1CN1CCC1	0.037334
rxn:4:214488:228641	CCN(CC)c1ncc(-c2cc(C)c(C)cc2F)c(Cl)n1	0.037333
rxn:4:218158:228933	COc1cc(F)c(-c2cc(F)cn3cnnc23)cn1	0.037323
rxn:4:180263:228584	Cc1cc(-c2ccnc(C3CC3)c2)c(C)cc1OC(C)C	0.037323
rxn:4:181023:223359	CNCc1ccc(-c2ccc(F)c(C(F)(F)F)c2F)cc1F	0.037317
rxn:4:216704:228745	CSc1cc(C)c(-c2cccnc2-c2cn[nH]c2)cn1	0.037310
rxn:4:181825:228216	Clc1c(-c2cccc(C3CCCO3)c2)cncc1C1CC1	0.037308
rxn:4:212118:228158	CCOc1cc(F)cc(-c2[nH]nc3cc(F)cc(C)c23)c1	0.037305
rxn:4:218215:229212	Cc1ccncc1-c1cnc2nc(Cl)cnc2c1	0.037305
rxn:4:201442:228918	CCCc1sc(N(C)CC)nc1-c1cnccc1C(F)F	0.037302
rxn:4:179413:228550	CCCc1cc(-c2cc(C)cc(C(=O)OC)c2Cl)ccn1	0.037302
rxn:4:192496:227838	Cc1ccc(C2CC2)c(-c2cc(F)ccc2CN(C)C)c1	0.037289
rxn:4:218098:229030	Cc1ccc(F)cc1-c1cnc2cncc(Cl)n12	0.037285
rxn:4:211638:229126	Cc1cc(F)c(-c2cc(Cl)cn3ccnc23)cn1	0.037285
rxn:4:181521:228836	CC(=O)c1cc(-c2cc(C)c(F)cc2Cl)ccc1C	0.037275
rxn:4:186142:228461	CCN(CC)C(=O)c1ccc(-c2cccnc2OC(F)F)o1	0.037275
rxn:4:217282:229264	N#Cc1cc2nccn2cc1-c1cnccc1Cl	0.037272
rxn:4:193132:228316	CCOc1ncc(Cl)cc1-c1cc(OC(C)(C)C)ncc1C	0.037272
rxn:4:188204:228119	CC(C)Sc1ccc(-c2ccccc2CCC#N)cn1	0.037272
rxn:4:206327:228158	CCOc1cc(F)cc(-c2cncnc2CC2CCCC2)c1	0.037267
rxn:4:209717:223413	Cc1c(-c2cncc3[nH]ccc23)cnn1C1CCSCC1	0.037258
rxn:4:211780:223438	FC(F)(F)c1[nH]ncc1-c1ccc2cc(Cl)cnc2n1	0.037258
rxn:4:211332:223387	CCOC(=O)c1cc(-c2ccc3oc(Cl)nc3n2)[nH]n1	0.037257
rxn:4:198400:223346	O=C1NCc2cc(-c3ccc4oc(Cl)nc4c3)ccc21	0.037252
rxn:4:177814:228743	COCc1ccc(-c2cc(Cl)ccc2C#N)cc1C(C)C	0.037239
rxn:4:199123:223400	CNCc1cccc(-c2ccc(C)c3nccc(F)c23)c1	0.037238
rxn:4:181692:228743	CSc1c(C)cc(-c2cc(Cl)ccc2C#N)cc1C	0.037229
rxn:4:196271:229240	Cc1cccc(-c2csc(-c3cnc(C)nc3)n2)c1	0.037203
rxn:4:195693:228504	Cc1cc(C(F)(F)F)ncc1-c1cccc2c1CCC2	0.037201
rxn:4:182445:228027	Fc1ccc(-c2ccc3cncnc3c2)cc1	0.037201
rxn:4:182141:223378	COc1ccc2ccoc2c1-c1cnc2c(c1)NCCO2	0.037197
rxn:4:195100:228620	CSc1ccc(-c2nccc(Cl)c2C(F)F)cc1C	0.037193
rxn:4:211665:228714	Cc1cc(C#N)ncc1-c1[nH]c2cc(Cl)nc-2cc1F	0.037188
rxn:4:217489:228787	COc1cc(F)cc(-c2c[nH]c3ncc(C#N)c(C)c23)c1	0.037185
rxn:4:208430:229280	Fc1ncc(-c2nccn2-c2ccoc2)cn1	0.037183
rxn:4:211531:229151	N#Cc1cnc(-c2cc(Cl)cc3cncn23)cn1	0.037178
rxn:4:216726:229215	Clc1ccc(-c2cn(-c3cc(Cl)ccn3)cn2)cc1	0.037177
rxn:4:201346:223392	CN(C)CCOc1cccc(-c2ccc3[nH]ccc3c2)n1	0.037176
rxn:4:179963:227959	COc1cc(-c2cc(C)cnc2C2CC2)cc(C(C)C)c1	0.037169
rxn:4:211331:229089	CC(=O)c1sccc1-c1cnc2nc(Cl)oc2c1	0.037167
rxn:4:217284:229283	N#Cc1c(-c2ccncc2)ccc2nccn12	0.037160
rxn:4:179699:228855	CC(C)S(=O)c1cccc(-c2cnc3ccnn3c2)c1	0.037155
rxn:4:177038:229140	CCOc1ccc(-c2cccc(F)c2F)c(F)c1SC	0.037155
rxn:4:218096:228607	CCc1cc(-c2ncn3cc(Cl)ncc23)ccc1Cl	0.037153
rxn:4:220581:228445	Fc1cccc(C(F)F)c1-c1nncn1-c1nccs1	0.037153
rxn:4:212101:228864	CCOc1ncc(-c2cc3cn(C)nc3cc2Cl)cn1	0.037152
rxn:4:179374:228163	CCOc1ccc(Cl)c(-c2cccc(C)c2C(=O)OC)c1	0.037149
rxn:4:210206:229077	COc1cc(Cl)c2c(-c3ccc(SC)nc3)n[nH]c2c1	0.037143
rxn:4:211532:228584	Clc1cccn2cc(-c3ccnc(C4CC4)c3)nc12	0.037138
rxn:4:194869:227851	N#Cc1cocc1-c1cccc2ccncc12	0.037137
rxn:4:213513:228414	COc1cc(-c2cnc(OCCN(C)C)nc2)cc(Cl)c1F	0.037136
rxn:4:209746:228646	Cc1cc(-c2cncnc2C2CCCCC2)cc(F)c1C	0.037126
rxn:4:215436:223328	Cc1c[nH]c2ncc(-c3cnc(C(=O)N(C)C)nc3)cc12	0.037122
rxn:4:217658:228574	Cc1ccc(-c2ccc3[nH]nc(N(C)C)c3c2)c(C#N)c1	0.037110
rxn:4:217455:228022	COc1ccc2nc(-c3cc(Cl)ccc3C(C)C)[nH]c2n1	0.037109
rxn:4:198349:229040	Cc1cccc(-c2ccc3conc3c2)c1Cl	0.037108
rxn:4:216806:223432	FC1(F)CN(c2cncc(-c3cccc4nn[nH]c34)n2)C1	0.037105
rxn:4:192483:228640	Cc1c(Cl)ccc(-c2ccnc(CC(C)C)c2F)c1C	0.037099
rxn:4:205012:228355	N#CCc1cnc(-c2cc(-n3cccn3)cs2)c(F)c1	0.037090
rxn:4:211406:227984	COc1ccc(-c2cnc3sc(C)cn23)c(C)c1C	0.037089
rxn:4:210499:229223	COc1ccn2c(-c3c(C)csc3C)c(C)nc2c1	0.037089
rxn:4:195733:228030	COc1nccc(-c2ccc3c(cnn3C)c2)c1C	0.037085
rxn:4:195739:228286	COc1c(-c2cc(C)c3nncn3c2)ccnc1C	0.037074
rxn:4:220597:227881	CCCOc1ccc(-c2c[nH]nc2-c2cnccn2)cc1	0.037063
rxn:4:181072:228855	CSc1cccc(-c2cnc3ccnn3c2)c1Cl	0.037059
rxn:4:211900:228906	Cn1cnc2ccc(-c3ccnc(C(F)F)c3)cc21	0.037051
rxn:4:176829:228692	CN(C)Cc1ccc(-c2ccccc2OCC(C)(F)F)s1	0.037047
rxn:4:212330:229066	CCc1ncncc1-c1cc2c(C)nc(C)cn2c1	0.037047
rxn:4:188128:227924	CCOc1ccc(-c2ccc(COC(F)(F)F)cn2)c(C)c1	0.037041
rxn:4:212057:228685	COCc1cncc(-c2cccc3c2nc(Cl)n3C)c1	0.037037
rxn:4:215498:229127	Cc1c(Cl)cncc1-c1cnn(Cc2ccncc2)c1	0.037034
rxn:4:188331:223404	CCOC(=O)c1oc(-c2cccc3[nH]ncc23)nc1C	0.037028
rxn:4:196939:228502	Cn1cc(C(F)(F)F)c(-c2ccc(C3CCCCC3)cn2)n1	0.037028
rxn:4:217259:227819	CCc1cc(CC)cc(-c2cc3[nH]cnc3cc2C#N)c1	0.037020
rxn:4:175122:229070	CCCCC(=O)c1ccccc1-c1ccc(OC)nc1	0.037003
rxn:4:195844:228405	COc1cc(F)c(-c2nc(C3CC(F)(F)C3)cs2)cc1Cl	0.037002
rxn:4:208587:229135	Fc1ccc(Cl)cc1-c1cc(-c2ncco2)ccn1	0.037000
rxn:4:203014:227886	CCCOc1ccccc1-c1cncc(OCC2CC2)n1	0.036997
rxn:4:211676:228566	CC(C)Cc1sccc1-c1cc(F)c(F)c2[nH]ncc12	0.036996
rxn:4:198229:228047	Cc1cnc(-c2ccc(C)n3ccnc23)c(Cl)c1	0.036994
rxn:4:203137:228380	CCOC(=O)c1c(-c2ccc(C#N)c(Cl)c2F)c(C)nn1C	0.036993
rxn:4:182660:229205	CCc1csc(-c2ccc(F)c3occc23)c1	0.036990
rxn:4:216479:228181	COCc1cc(F)ccc1-c1csc(-n2cccn2)n1	0.036985
rxn:4:179379:227880	COc1cc(C(C)=O)cc(-c2ccc(CCC#N)cc2)c1	0.036980
rxn:4:188315:223412	COC(=O)Cc1cccc(-c2nc3ccccc3[nH]2)n1	0.036975
rxn:4:208617:223309	CC(C)Nc1ccc(-c2ccc(-c3ncno3)cc2)cc1	0.036969
rxn:4:181673:229046	Cc1cc(-c2c(C)cccc2Cl)ccc1C1CC1	0.036968
rxn:4:182999:228281	COc1cc(Cl)c(C)c(-c2cccc3c2S(=O)(=O)C=C3C)c1	0.036968
rxn:4:195998:228535	CC(C)n1ccc(-c2coc3ccccc23)c1	0.036963
rxn:4:197310:229263	COc1ccc(-c2cnccc2F)c2cccnc12	0.036960
rxn:4:181444:228515	CCc1cccc(C)c1-c1cccc(C2CC2)c1F	0.036959
rxn:4:209065:223397	Cc1nc(-c2ccc(-c3ccc4c(c3)CCN4)cc2)no1	0.036952
rxn:4:198374:228532	O=C1CCc2nc(-c3ccc4sccc4c3)sc21	0.036950
rxn:4:210425:229154	CCn1ncc2cc(-c3cc(C#N)nn3C)ccc21	0.036944
rxn:4:212039:228708	Cc1cnc2ccc(-c3cncnc3C3CC3)cn12	0.036942
rxn:4:205186:228395	COc1cc(F)c(F)cc1-c1c(OC)ncnc1C(F)(F)F	0.036936
rxn:4:181240:227867	CC(=O)c1cc(F)cc(F)c1-c1cccc2c1OCCC2	0.036933
rxn:4:189063:228152	CCOc1ccc(Cl)cc1-c1ccc(C(=O)N(C)CC)cc1	0.036927
rxn:4:176971:223371	CCC(=O)Cc1cccc(-c2cc(Cl)cc3[nH]ncc23)c1	0.036926
rxn:4:181606:229221	Cc1cc(C)c(-c2cc(C)c(C(F)F)c(C)c2)s1	0.036926
rxn:4:210155:228771	CCc1ncc(-c2cnn3ccc(OC)cc23)cc1Cl	0.036922
rxn:4:211444:228136	Clc1ccn2c(-c3ccc(OC4CC4)nc3)cnc2c1	0.036905
rxn:4:218111:227905	CC(C)Cc1cc(-c2cc(Cl)cn3ncnc23)ccn1	0.036904
rxn:4:197135:223334	Fc1ccc2cc(-c3cnc(C45CC(C4)C5)s3)[nH]c2c1	0.036903
rxn:4:202850:223376	N#CC(C#N)c1ccc(-c2c(Cl)ccc3[nH]ncc23)cc1	0.036898
rxn:4:176808:228407	COC(=O)c1cc(-c2c(OC)ccc(F)c2F)ccc1OC	0.036897
rxn:4:211345:228116	CC(C)Oc1ncccc1-c1cc2snnc2cc1F	0.036883
rxn:4:197353:228260	CC(F)(F)c1cccc(-c2ccc3c(c2)C(C#N)OCC3)c1	0.036882
rxn:4:179782:228414	COc1cc(-c2ccccc2CC(C)C)cc(Cl)c1F	0.036878
rxn:4:206323:228078	CCc1nc(N2CCCC2)sc1-c1ccc2c(c1)COC2=O	0.036873
rxn:4:188559:227960	COC(=O)c1cc(-c2ccncc2C2CCC2)c(OC)cn1	0.036868
rxn:4:177812:228087	CC(C)(C)OCc1cccc(-c2ccc(OCC#N)cc2)c1	0.036864
rxn:4:181707:228406	COc1ccc(F)c(-c2ccc(C3(F)CCC3)cc2)c1F	0.036864
rxn:4:197158:223449	CC(=O)c1ccc2nc(-c3cc(=O)[nH]cc3F)sc2c1	0.036864
rxn:4:216483:227961	Cc1nc(C2CC2)ccc1-c1ncc(-n2cccn2)s1	0.036861
rxn:4:217595:229081	CN(C)c1ccc(-c2cncc3ncn(C4CC4)c23)s1	0.036859
rxn:4:176564:228309	COC(=O)Cc1ccc(Cl)cc1-c1cc(C#N)nc(OC)c1	0.036852
rxn:4:204968:228846	Cc1cc(-c2snc(C(F)(F)F)c2C#N)cc(F)c1F	0.036851
rxn:4:198574:223341	Cc1nc2cccc(-c3ccc4c(c3)CC(=O)N4)c2s1	0.036851
rxn:4:212302:223447	Cc1cc(C)c2[nH]nc(-c3cc(C)[nH]c(=O)c3)c2c1	0.036850
rxn:4:206018:228432	CSc1c(Cl)ccc(-c2cn(CC(C)C)c(C)n2)c1F	0.036846
rxn:4:204968:228220	CC(C)c1cc(-c2snc(C(F)(F)F)c2C#N)c(F)cn1	0.036846
rxn:4:179265:228677	COc1c(-c2cnn(CC(C)C)c2)cc(SC)c(F)c1F	0.036844
rxn:4:180988:228228	COc1ncc(C)c(-c2cc(Cl)ccc2C(F)(F)F)c1C	0.036842
rxn:4:205400:228364	c1csc(-n2cc(-c3cncnc3CC3CC3)cn2)c1	0.036841
rxn:4:209022:229256	Cc1noc(C)c1-c1ccnc(-c2ccccc2)n1	0.036838
rxn:4:208566:229017	Cc1cnc(C)c(-c2ccc(-c3ncco3)cn2)c1	0.036838
rxn:4:176766:228269	CCOCc1ccc(Cl)cc1-c1cc(OC)c(C)cc1F	0.036838
rxn:4:188553:228969	COC(=O)c1sc(-c2cscc2C(F)(F)F)nc1C1CC1	0.036829
rxn:4:211922:228279	CCc1cc(F)c(-c2c[nH]c3ccnc(C)c23)c(F)c1	0.036827
rxn:4:218219:228863	COCCn1cc(-c2ccc3nc(Cl)nnc3c2)cn1	0.036820
rxn:4:192523:228151	COC(=O)c1cccc(-c2cc(F)c(CN(C)C)c(F)c2)c1	0.036819
rxn:4:179249:223433	CSc1ccc(F)c(SC)c1-c1cnc2[nH]cnc2c1	0.036804
rxn:4:205603:227884	CCCSc1ccc(-c2cncc(CN(C)C)c2)cc1	0.036802
rxn:4:181334:228589	Cc1cc(C(F)(F)F)ccc1-c1ccc(C(C)C)nc1	0.036799
rxn:4:205881:228630	CCc1cc(F)cc(-c2cnc(OC(C)(C)C)nc2Cl)c1	0.036784
rxn:4:186238:228117	CCN(CC)Cc1cc(-c2cncc(OC(C)C)c2)co1	0.036782
rxn:4:198526:228457	COC(=O)c1ncc(-c2c(Cl)ccc3cc[nH]c23)cn1	0.036780
rxn:4:191558:223408	COC(=O)c1c(Cl)cncc1-c1cccc2cn[nH]c12	0.036780
rxn:4:191754:228655	COc1ncc(-c2cnc3ccccn23)cc1C(F)F	0.036779
rxn:4:211608:223349	O=C1NCc2cccc(-c3c(F)ccn4nccc34)c21	0.036775
rxn:4:192062:227888	CCCSc1cccc(-c2ccc(C(=O)N3CCC3)o2)c1	0.036774
rxn:4:194009:229093	COC(=O)c1cc2cc(-c3c(C)ncnc3C)sc2[nH]1	0.036769
rxn:4:179531:223302	COCc1cc(C)ccc1-c1c(C)ccc2[nH]ccc12	0.036766
rxn:4:181225:228406	COc1ccc(F)c(-c2cc(F)c(C(C)=O)cc2Cl)c1F	0.036749
rxn:4:211561:228195	Cc1nn(C(C)(C)C)cc1-c1ccc2[nH]nc(F)c2c1	0.036748
rxn:4:182916:223408	O=C1COc2c(cccc2-c2cccc3cn[nH]c23)C1	0.036745
rxn:4:179448:228543	CCCCc1ccsc1-c1ccc(S(=O)(=O)CC)cc1F	0.036737
rxn:4:188944:227907	CCC(C)c1cncc(-c2cc(OCC(C)C)ccn2)c1	0.036733
rxn:4:211444:228125	CC(C)Oc1cc(-c2cnc3cc(Cl)ccn23)ccn1	0.036732
rxn:4:179465:229342	CSc1cc(C(C)=O)cc(-c2cnsc2)c1F	0.036722
rxn:4:215316:228049	Cc1cn2cc(-c3cnc(CC#N)nc3)ccc2n1	0.036719
rxn:4:215363:227851	CCn1nc(-c2cccc3ccncc23)c(C(F)F)n1	0.036718
rxn:4:218498:229165	COc1nccc(-c2cnc3nc(C)n(C)c3c2)n1	0.036710
rxn:4:212281:223359	CNCc1ccc(-c2cccc3c(=O)n(C)cnc23)cc1F	0.036708
rxn:4:216682:228592	Cc1cnn(-c2cnc(-c3cncc(C(C)C)c3)s2)c1	0.036700
rxn:4:217043:228326	COc1cc(-c2cnc(Cl)nc2N2CCCC2)cc(OC)n1	0.036696
rxn:4:192679:223335	Cc1ccc(OC(C)C)c(-c2c(F)ccc3[nH]ccc23)n1	0.036690
rxn:4:182589:228260	Cc1cc(C)c(F)c(-c2cccc(C(C)(F)F)c2)c1	0.036690
rxn:4:216975:223398	CNCc1ccc(-c2nn[nH]c2-c2ccccc2C)cc1	0.036688
rxn:4:195361:227874	COc1cc(F)cc(-c2cc(C)c3occc3c2)n1	0.036677
rxn:4:181478:228671	COc1c(C)ccc(-c2cccc3oncc23)c1F	0.036677
rxn:4:195894:223381	CCCNc1ncc(-c2cccc(-c3cncs3)c2)cn1	0.036676
rxn:4:209943:228130	N#CCc1ccc(-c2cccc3c(C#N)c[nH]c23)c(F)c1	0.036676
rxn:4:215504:229115	Cc1ncc(F)cc1-c1cn(Cc2ccccc2)nn1	0.036665
rxn:4:198895:228170	CCOc1ccc(F)cc1-c1cccc2c(C)c[nH]c12	0.036664
rxn:4:199188:228332	COc1cc(SC)c(-c2ccc3c(c2)S(=O)(=O)N(C)C3)cn1	0.036660
rxn:4:195740:227847	COc1cncc(C)c1-c1cnc2ccccc2c1	0.036658
rxn:4:182632:228661	O=C1Cc2ccc(-c3ccc4ncsc4c3)cc21	0.036650
rxn:4:179103:228749	COc1cccc(C(F)(F)F)c1-c1cc(C#N)ccc1F	0.036650
rxn:4:211422:223341	O=C1Cc2cc(-c3cnc4[nH]ccc4c3)ccc2N1	0.036648
rxn:4:198831:229295	Cn1nccc1-c1ccnc2c(F)c(F)ccc12	0.036644
rxn:4:198542:228064	O=C1CCc2ncc(-c3cc(Cl)cc4cc[nH]c34)cc21	0.036638
rxn:4:179061:228243	COCc1c(F)cc(Cl)cc1-c1cccc(C(C)=O)c1F	0.036635
rxn:4:218285:223345	Cc1nc2cc(-c3cccc4c3NC(=O)C4)ccn2n1	0.036633
rxn:4:218381:229140	Cc1c(-c2cccc(F)c2F)ccc2nncn12	0.036632
rxn:4:206329:223367	Fc1c(-c2ccc(CN3CCCC3)nc2)cnc2[nH]ccc12	0.036627
rxn:4:221045:227870	Cc1c(-c2ccc3c(c2)C(=O)CC3)cnc2n[nH]nc12	0.036623
rxn:4:205662:228499	Cn1nc(C(F)(F)F)cc1-c1ccc(Cc2ncc[nH]2)cc1	0.036622
rxn:4:199205:228366	Cc1cc2c(C)cc(-c3cnc(N(C)C)c(F)c3)cc2[nH]1	0.036622
rxn:4:217595:223311	c1cc(-c2cncc3ncn(C4CC4)c23)cc(C2CNC2)c1	0.036621
rxn:4:209656:228151	COC(=O)c1cccc(-c2cn(C3CCCCC3)c(F)n2)c1	0.036613
rxn:4:183071:227972	O=C1CCCc2c(F)cc(-c3cncc(C4CCC4)c3)cc21	0.036602
rxn:4:211694:223349	O=C1NCc2cccc(-c3ncnc4ccccc34)c21	0.036601
rxn:4:198971:223437	Cc1cnc2cccc(-c3cc(C#N)[nH]c(=O)c3)c2c1	0.036593
rxn:4:198711:229226	N#Cc1ccc(-c2cncc3c(F)cccc23)s1	0.036576
rxn:4:212339:228685	COCc1cncc(-c2cc(C)c(C)n3nccc23)c1	0.036572
rxn:4:197792:228168	CCOc1ccc(-c2ccc3c(c2)CN(CC)CC3)c(Cl)c1	0.036567
rxn:4:208173:223304	Cc1cc2cc(-c3cc(C(F)(F)F)ncn3)ccc2[nH]1	0.036565
rxn:4:176975:228095	CCOc1cccc(OC)c1-c1cccc(OCCF)c1	0.036560
rxn:4:211618:228180	COCc1cc(-c2ccc3ncc(F)n3c2)ccc1F	0.036560
rxn:4:193141:228093	CCCOc1cc(-c2ccc(CN3CCCCC3)o2)ccn1	0.036556
rxn:4:179953:228418	COc1c(F)cc(-c2cccc(C)c2OC(C)C)cc1Cl	0.036556
rxn:4:191381:223318	Cc1cc2c(-c3ccc(C(F)(F)C#N)cc3)ccnc2[nH]1	0.036552
rxn:4:182922:227836	Cc1ccc(-c2ccc3c(c2)CCOC3=O)c(C2CC2)c1	0.036547
rxn:4:198322:228666	Cc1cc(-c2ccc3ocnc3c2)nc(C)c1Cl	0.036547
rxn:4:218146:228305	CC(C)Oc1cnc(-c2cc(F)c3ncnn3c2)cn1	0.036545
rxn:4:188950:223331	CCCOc1cc(C)c(-c2cc(F)c3[nH]ccc3c2)cn1	0.036544
rxn:4:183082:228279	CCc1cc(F)c(-c2ccc(F)c3c2CC(=O)CC3)c(F)c1	0.036540
rxn:4:191321:228212	N#CCc1cccc(-c2ccc(-n3cccc3)s2)c1	0.036529
rxn:4:192992:228496	Cc1cc(-c2cnn(CC(F)(F)F)c2)cc(CN(C)C)c1F	0.036528
rxn:4:211659:227882	CCOCc1ccccc1-c1nc2c(Cl)c(F)ccc2[nH]1	0.036527
rxn:4:179539:229169	CC(C)Oc1ccc(-c2cscc2C(F)F)c(Cl)c1	0.036523
rxn:4:217256:228553	CCSc1ccc(-c2n[nH]c3cccc(C#N)c23)cc1	0.036523
rxn:4:208709:223330	Cc1nn(C(F)F)c(C)c1-c1cc2cc(Cl)ccc2[nH]1	0.036521
rxn:4:218328:227949	Cc1cc2nn[nH]c2cc1-c1cc(C)c(C#N)c(C)c1	0.036517
rxn:4:185930:228476	CCOC(=O)Cc1nc(-c2cccnc2C(F)(F)F)sc1C	0.036514
rxn:4:188234:227980	COC(=O)c1ccc(-c2ccc(C3CC3)cc2F)c(C#N)c1	0.036512
rxn:4:211404:228756	CSc1ccc(-c2ccc3ccncn23)c(C)n1	0.036509
rxn:4:218318:229004	CSc1ccccc1-c1cccc2c(C)nnn12	0.036509
rxn:4:208933:229056	CC(C)n1nccc1-c1cc(Cl)ccc1-n1ccnc1	0.036509
rxn:4:192867:228447	CC(=O)N(C)c1ccc(-c2cccc(C(F)F)c2F)cc1C	0.036504
rxn:4:205659:223320	Cc1cc(-c2ccc(S(=O)(=O)N(C)C)nc2)c2cn[nH]c2c1	0.036502
rxn:4:220771:228295	CCOC(=O)n1ccc(-c2ccc(C)c(-c3nnn[nH]3)c2)c1	0.036493
rxn:4:218294:228089	CCCOc1ncccc1-c1ccc(C)n2ncnc12	0.036488
rxn:4:179104:223402	COc1cc(-c2ccc3[nH]ncc3c2)cc(C(F)(F)F)c1	0.036482
rxn:4:183067:228168	CCOc1ccc(-c2cc(F)cc3c2CC(C)C3=O)c(Cl)c1	0.036482
rxn:4:182748:228694	CCN(C)c1csc(-c2cccc3occc(=O)c23)c1	0.036480
rxn:4:216680:228598	COc1ccc(C)cc1-c1ncccc1-n1cccn1	0.036474
rxn:4:188853:227979	COc1cc(C)cc(C)c1-c1ccc(C(=O)OC(C)C)nc1	0.036470
rxn:4:181011:228617	COc1cccc(C)c1-c1c(F)cc(C(F)F)cc1F	0.036467
rxn:4:208540:229031	Cc1ccc(-c2cnc(-c3ccccn3)s2)c(F)c1	0.036460
rxn:4:211966:228455	COc1ncc(-c2cccn3c(C)ncc23)c(OC)n1	0.036458
rxn:4:182296:223405	COc1ccc2c(c1-c1ccc3[nH]cnc3c1)CCCC2	0.036451
rxn:4:195131:228263	CC(F)(F)c1ccc(-c2ccnc(C(F)F)c2F)cc1	0.036438
rxn:4:202920:228651	COc1cnc(CC#N)cc1-c1cnn2ccccc12	0.036432
rxn:4:203039:227847	CCOCc1c(-c2cnc3ccccc3c2)cnn1C	0.036430
rxn:4:192311:223373	CC(C)(C#N)c1cccc(-c2c(F)ccc3[nH]ncc23)c1	0.036430
rxn:4:178620:229047	Cc1sc(C)c(-c2ccc(SC(F)F)cc2)c1C	0.036429
rxn:4:218365:228319	COc1nccc(-c2ccnc3cn(C)nc23)c1OC	0.036427
rxn:4:209469:228005	CSc1cc(C)c(-c2cccnc2N2CCCC2)cc1C	0.036425
rxn:4:218203:227903	CCN(C)c1cccc(-c2cc3cncnc3cn2)c1	0.036423
rxn:4:211728:228619	CCc1cc(-c2cc(C)c3nsnc3c2)ccc1F	0.036423
rxn:4:176534:227836	CC(=O)OCc1cccc(-c2ccc(C)cc2C2CC2)c1	0.036422
rxn:4:210373:223398	CNCc1ccc(-c2ccc(C)c3c(C#N)c[nH]c23)cc1	0.036420
rxn:4:192488:223366	CN(C)Cc1ccc(Cl)cc1-c1cc(Cl)c2cn[nH]c2c1	0.036417
rxn:4:179507:223300	CCc1ccc(-c2ccc3[nH]cc(C)c3c2)c(OC)c1	0.036413
rxn:4:196525:228014	Fc1c(-c2cccc(C3CC3)c2Cl)ccnc1C1CCOC1	0.036413
rxn:4:195381:228751	N#Cc1cc(Cl)ccc1-c1scnc1-c1ccco1	0.036410
rxn:4:181337:227884	CCCSc1ccc(-c2ccc(F)c(S(C)(=O)=O)c2)cc1	0.036410
rxn:4:195230:228185	COCc1ccc(Cl)c(-c2cc(F)c(C(F)(F)F)cn2)c1	0.036409
rxn:4:215483:228041	CCC(C)c1ncnc(-c2ccnc3cnccc23)n1	0.036401
rxn:4:178635:228267	COc1c(C)ccc(F)c1-c1cccc(OC(F)(F)F)c1	0.036398
rxn:4:177173:228481	CCc1ccc(C(=O)OC)c(-c2ccnc(C(F)(F)F)c2)c1	0.036398
rxn:4:211751:228121	CCOc1nccc(C)c1-c1cncc2cnccc12	0.036394
rxn:4:176383:229144	Fc1ccc(Cl)c(-c2ccc(OCC(F)F)cc2F)c1	0.036391
rxn:4:182788:223349	Cc1ccc(-c2cccc3c2C(=O)NC3)c2occc12	0.036389
rxn:4:221869:228820	Cc1ccc(F)c(-c2nncn2-c2cnccn2)c1Cl	0.036388
rxn:4:220975:228320	COC(=O)c1cc(-c2ncc3[nH]cnc3n2)ccn1	0.036388
rxn:4:201443:228472	CCc1nc(N(CC)CC)sc1-c1ccc(C(F)(F)F)nc1	0.036387
rxn:4:196525:227815	CCC(C)c1ccccc1-c1ccnc(C2CCOC2)c1F	0.036380
rxn:4:195808:228350	Fc1c(C2CC2)ccnc1-c1cnn(-c2ccsc2)c1	0.036380
rxn:4:218301:229045	Cc1cc(F)cc(-c2nnc3cc(C)ccn23)c1	0.036376
rxn:4:212304:228194	Cc1cc2ncc(-c3c(C)nn(C(C)C)c3C)c(C)c2[nH]1	0.036371
rxn:4:216632:228583	CC(C)c1cc(-c2cn(-c3ccncc3)cn2)ccn1	0.036368
rxn:4:181157:223363	CSc1ccc(-c2cnc3[nH]nc(C)c3c2)c(F)c1F	0.036362
rxn:4:208587:228710	CC(C)c1ncc(-c2cc(-c3ncco3)ccn2)cn1	0.036361
rxn:4:176838:223407	CCOc1cccc(C(F)F)c1-c1cnc2cc[nH]c2c1	0.036357
rxn:4:188854:223302	COc1cc(-c2c(C)ccc3[nH]ccc23)c(OC)nc1OC	0.036355
rxn:4:181609:228814	CSc1cccc(-c2cccc(C3CCC3=O)c2)c1Cl	0.036354
rxn:4:205650:228040	CN(c1ccccc1-c1ccnc2ccncc12)S(N)(=O)=O	0.036351
rxn:4:192037:227828	Cc1c(-c2ccc(C3(C#N)CC3)cc2)cccc1C1CC1	0.036350
rxn:4:211273:228054	Cc1nn(C)c(-c2cnc3ncccc3c2)c1C	0.036348
rxn:4:181299:223371	CCc1c(-c2cc(Cl)cc3[nH]ncc23)ccc(F)c1F	0.036347
rxn:4:209282:228441	CSc1ccc(-c2cncn2C2CCCC2)c(Cl)c1F	0.036347
rxn:4:211947:228434	Cc1ccnc2c(-c3ccc(C(F)F)c(F)c3)c[nH]c12	0.036341
rxn:4:199008:223358	CC(=O)Nc1ccc(-c2c(C)ccc3cccnc23)cc1	0.036332
rxn:4:197206:227971	CC(C)(C)c1ccncc1-c1cccc2c1CCC2C#N	0.036329
rxn:4:209321:229031	Cc1cccc(-c2[nH]ncc2-c2ccc(C)cc2F)c1	0.036326
rxn:4:179446:228141	CCCc1cc(F)c(-c2c(C)ccc(F)c2C(=O)OC)cn1	0.036326
rxn:4:182860:228807	CSc1ccc(Cl)cc1-c1cc2c(cc1F)C(=O)CC2	0.036326
rxn:4:216923:228124	CCOc1cc(C)c(-c2n[nH]c(-c3cccc(C)c3)n2)cn1	0.036315
rxn:4:209031:229112	Cc1cc(-c2nc(-c3ccc(=O)n(C)c3)cs2)ccn1	0.036315
rxn:4:218081:228231	CN(C)c1ccc(-c2nc3cc(Cl)ccn3n2)c(F)c1	0.036313
rxn:4:216533:228737	COc1ccc(-c2cnc(-c3cncnc3)o2)c(C)n1	0.036312
rxn:4:179052:228301	CCOC(=O)c1sccc1-c1cc(C)cc(OC(F)F)c1	0.036309
rxn:4:181463:228844	CSc1c(F)ccc(C)c1-c1ccc(F)c(F)c1C	0.036299
rxn:4:198167:228528	Fc1c(Cl)cncc1-c1csc2ccccc12	0.036296
rxn:4:198767:229319	Fc1cc(-c2ccc(Cl)s2)cc2cnccc12	0.036296
rxn:4:209711:228438	COc1cc(-c2cnc(N3CCC(C)CC3)s2)cc(F)c1Cl	0.036292
rxn:4:218112:228128	COc1ccc(-c2cccc3nc(Cl)nn23)cc1C#N	0.036283
rxn:4:196140:223321	Cc1cc(-c2ccc(C)c3[nH]ncc23)cc(S(N)(=O)=O)c1	0.036276
rxn:4:181488:229055	N#Cc1cncc(-c2ccc(-c3ccoc3)cc2)c1	0.036264
rxn:4:182630:228123	CCOc1cncc(C)c1-c1ccc2cscc2c1	0.036262
rxn:4:218251:228442	COc1cc(Cl)c(F)cc1-c1ccn2c(C)nnc2c1	0.036260
rxn:4:218103:228276	COc1c(-c2cnc(Cl)c3cncn23)ccc(F)c1C	0.036260
rxn:4:178615:228350	COC(=O)c1cocc1-c1cnn(-c2ccsc2)c1	0.036257
rxn:4:218202:227909	CCC(C)c1cc(-c2ncc3cccnc3n2)ccn1	0.036246
rxn:4:218014:228387	COc1cc(=O)n(C)cc1-c1ncnn2cccc12	0.036243
rxn:4:217423:229112	COc1nc(-c2ccc(=O)n(C)c2)cn2ccnc12	0.036243
rxn:4:210348:229008	COc1nc(-c2ccc(CF)cc2)nc2ccccc12	0.036242
rxn:4:209080:223360	CNCc1cccc(-c2ccc(-c3cncnc3)cc2)c1F	0.036240
rxn:4:211470:228628	Clc1nc2c(-c3cc(C4CCC4)cs3)cccc2[nH]1	0.036240
rxn:4:212033:228318	COC(=O)c1ccncc1-c1cc2cn[nH]c2cc1C	0.036239
rxn:4:192041:223418	COC(=O)c1cncc(-c2c[nH]cc3nccc2-3)c1C	0.036236
rxn:4:183176:229010	Cc1c(-c2cc(C(C)C)cs2)ccc2c1CCCC2=O	0.036231
rxn:4:179351:228523	c1cc2ccc(-c3ccc(OC4COC4)cc3)cn2c1	0.036211
rxn:4:201303:227973	CCOC(=O)Cn1cc(-c2cc(C)c(OC)c(C)c2)c(C)n1	0.036210
rxn:4:218499:229244	Cc1nccc(-c2ccnc3c2nc(C)n3C)n1	0.036208
rxn:4:218518:228250	CN1CCn2ncc(-c3ccc(-c4ccco4)s3)c2C1	0.036207
rxn:4:188215:227838	Cc1ccc(C2CC2)c(-c2ccc(F)cc2CCC#N)c1	0.036205
rxn:4:217515:228141	CCCc1cc(F)c(-c2cc(C#N)c3[nH]nc(C)c3c2)cn1	0.036201
rxn:4:183135:228466	COC(=O)c1sc(Cl)cc1-c1ccc2c(c1)OC(C)(C)C2	0.036180
rxn:4:196962:228390	COc1cc(-c2ccc(N3CCC(C)CC3)o2)c(F)cc1Cl	0.036178
rxn:4:197101:228578	COc1cc(-c2ccc(C3CC3)nc2)c2ocnc2c1	0.036177
rxn:4:188121:228642	Cc1cc(Cl)c(-c2ccc(C(=O)CC#N)c(F)c2)cc1C	0.036173
rxn:4:208923:228086	N#CCOc1cccc(-c2c[nH]c(-c3ccccc3F)n2)c1	0.036173
rxn:4:216494:228805	CSc1cccc(-c2cn(-c3ccco3)nn2)c1F	0.036168
rxn:4:208735:229035	Cc1c(F)cccc1-c1cnc(-n2ccccc2=O)s1	0.036167
rxn:4:192330:228477	Fc1ccc(OC2CCC2)nc1-c1cnccc1C(F)(F)F	0.036158
rxn:4:211923:228497	Cn1nc(-c2ccnn2CC(F)(F)F)c2ccccc21	0.036155
rxn:4:209307:228576	Cc1ccc(C#N)cc1-c1cnc(-c2ccccc2C)[nH]1	0.036151
rxn:4:211947:227927	CCC(=O)c1cccc(-c2c[nH]c3c(C)ccnc23)c1	0.036140
rxn:4:211930:228161	CCOc1ccc(-c2ccn3nccc3c2C)c(F)c1	0.036119
rxn:4:211990:229017	Cc1cnc(C)c(-c2cc3cnccc3n2C)c1	0.036117
rxn:4:181455:223305	COc1cc(-c2ccc3c(C)c[nH]c3c2)cc(C)c1F	0.036114
rxn:4:218168:228865	CCOc1cnc(-c2cnc3cc(Cl)ncn23)cn1	0.036105
rxn:4:179435:228372	COC(=O)c1c(-c2cc(F)c(C#N)cc2F)ccc(C)c1F	0.036100
rxn:4:191515:228491	COC(=O)c1cc(Cl)c(-c2cn(C)c(=O)n(C)c2=O)cn1	0.036097
rxn:4:217464:229073	COc1cnccc1-c1ccc2nnc(SC)n2c1	0.036090
rxn:4:218321:227814	Cc1ncc2nccn2c1-c1ccc(CC2CC2)cc1	0.036080
rxn:4:217284:229246	Cc1ncc(-c2ccc3nccn3c2C#N)n1C	0.036069
rxn:4:203020:228404	COc1c(F)ccc(-c2c(COC(C)=O)nn(C)c2Cl)c1Cl	0.036059
rxn:4:217252:229281	N#Cc1cccn2c(-c3cnc(F)cn3)cnc12	0.036056
rxn:4:203073:223335	CC(C)Oc1ncc(-c2c(F)ccc3[nH]ccc23)cc1C#N	0.036056
rxn:4:195238:228064	O=C1CCc2ncc(-c3cc(C(F)(F)F)ncc3F)cc21	0.036055
rxn:4:204976:228287	Cc1nnc2cc(-c3cc(C#N)n(C(F)F)c3)ccn12	0.036048
rxn:4:193149:228421	COc1cc(Cl)cc(-c2cccc(C(C)N3CCC3)c2)c1F	0.036029
rxn:4:211220:227805	Cc1cnc(Cl)c(-c2ccc3ccccc3c2)n1	0.036027
rxn:4:211747:229038	Cc1ccc(Cl)c(-c2ccc3cnncc3c2)c1	0.036027
rxn:4:192318:228849	Cc1cc(-c2ccc(C#N)c(C(C)C)c2)cc(Cl)c1F	0.036016
rxn:4:182877:228648	Cc1cc(C)c(F)c(-c2ccc3c(c2)CC(F)(F)C3=O)c1	0.036014
rxn:4:179380:228169	CCOc1ccc(-c2cccc(OC)c2C(C)=O)cc1Cl	0.036013
rxn:4:197111:228580	COc1cc(-c2cccnc2C2CC2)c2scnc2c1	0.036012
rxn:4:182133:228686	CCOc1cc(-c2ccc(OC)c3occc23)ccn1	0.036007
rxn:4:208828:227882	CCOCc1ccccc1-c1ccccc1-c1ncc[nH]1	0.036004
rxn:4:197333:228996	CCc1cc(-c2nccc3c(OC)cccc23)ccn1	0.036000
rxn:4:194996:228853	N#Cc1ccc(F)c(-c2ccc3ncnn3c2)c1Cl	0.036000
rxn:4:209036:227990	CC(C)c1cc(Cl)ccc1-c1ccncc1N1CC(F)(F)C1	0.035994
rxn:4:208590:228586	CC(C)c1ncccc1-c1ccc(-c2ccco2)nn1	0.035990
rxn:4:188572:228140	COC(=O)c1ncc(-c2ccc(C(C)N(C)C)s2)cc1OC	0.035989
rxn:4:176988:228092	CCN(CC)c1csc(-c2ccc(COC)cc2OC)c1	0.035988
rxn:4:199129:228644	Cc1cc(-c2cc(Cl)c3c(c2)C=NCCO3)cc(C)c1F	0.035987
rxn:4:208421:228054	FC1(F)CC1n1ccc(-c2cnc3ncccc3c2)n1	0.035986
rxn:4:179602:227900	CC(C)Oc1c(F)ccc(-c2ccccc2C(C)C#N)c1F	0.035986
rxn:4:198924:228103	Cc1cc2c(-c3cnc(CC(C)C)nc3)ccc(Cl)c2[nH]1	0.035978
rxn:4:220968:228301	CCOC(=O)c1sccc1-c1cccc2nnnn12	0.035969
rxn:4:181157:228506	CCCc1ccccc1-c1ccc(SC)c(F)c1F	0.035959
rxn:4:203147:227871	Cc1sc2ccccc2c1-c1c[nH]nc1OCC1CCOC1	0.035959
rxn:4:212057:229154	Cn1nc(C#N)cc1-c1cccc2c1nc(Cl)n2C	0.035955
rxn:4:179208:228209	CCC(=O)c1ccc(-c2cc(C#N)c(C)cc2Cl)c(F)c1	0.035954
rxn:4:180251:228559	CCOc1ccc(-c2cc(C)cc(C)c2OC(C)C)cc1	0.035954
rxn:4:176815:228637	CCCOc1ccc(-c2cc(C)c(F)cc2C)c(F)c1F	0.035950
rxn:4:188569:228116	COC(=O)c1cc(OC)ncc1-c1cccnc1OC(C)C	0.035950
rxn:4:221012:228753	N#Cc1c(F)cccc1-c1nc2cncc(Cl)n2n1	0.035943
rxn:4:179020:223393	CCOc1c(-c2c[nH]c3ccccc23)ccc(Cl)c1F	0.035941
rxn:4:177421:228318	COC(=O)c1ccncc1-c1cc(OCC2CC2)ccc1C	0.035940
rxn:4:179819:228197	COC(=O)c1cc(C)c(-c2cnc(C(C)(C)C)nc2)c(C)c1	0.035924
rxn:4:179250:228979	CCc1ccccc1-c1cc(SC)c(F)c(SC)c1	0.035921
rxn:4:217594:229029	COc1ccc2nc(C)c(-c3ccc(F)c(C)c3)n2n1	0.035920
rxn:4:216924:228834	Cc1ccc(-c2nc(-c3cc(F)c(C)cc3Cl)n[nH]2)cc1	0.035918
rxn:4:216933:228831	Cc1ccc(-c2nn[nH]c2-c2ccc(F)c(C)c2Cl)cc1	0.035918
rxn:4:198392:228299	CCOC(=O)c1csc(-c2coc3cccnc23)c1	0.035903
rxn:4:206571:227919	CCOc1cc(C)cc(-c2cn(CC3CCCCC3)cn2)c1	0.035892
rxn:4:178668:228196	Cc1ncnc(C2CC2)c1-c1ccc(OC(F)(F)F)cc1F	0.035889
rxn:4:212227:228551	CCCc1ncccc1-c1ccc2nc(C)ncc2c1	0.035889
rxn:4:188205:228022	CC(C)c1ccc(Cl)cc1-c1cccc(CCC#N)c1	0.035884
rxn:4:202867:223365	CCOC(=O)c1cc(-c2cc3[nH]ncc3cc2F)[nH]n1	0.035875
rxn:4:218377:229065	Cn1cc2cc(-c3ccnc(C#N)c3)cnc2n1	0.035871
rxn:4:188553:227955	COC(=O)c1sc(-c2cc(C)cnc2C(C)C)nc1C1CC1	0.035869
rxn:4:218425:228582	CC(C)c1ccncc1-c1ccc(F)c2c1nnn2C	0.035867
rxn:4:195884:228765	CCc1cc(F)c(-c2ccccc2-c2cnoc2)cn1	0.035866
rxn:4:218344:228214	Cn1cnc2ccnc(-c3cnc(C4CC4)cc3F)c21	0.035857
rxn:4:220864:228690	CCOc1cncc(-c2cnc3nc(OC)nn3c2)c1	0.035854
rxn:4:198393:228499	Cn1nc(C(F)(F)F)cc1-c1ccc2cnsc2c1	0.035854
rxn:4:196660:222416	O=c1[nH]c2ccc(-c3ccc(C4CCCC4)nc3)cc2[nH]1	0.035852
rxn:4:220747:229030	Cc1cc(-n2cc(-c3cc(F)ccc3C)nn2)ccn1	0.035851
rxn:4:185699:223302	COc1ccc(OCC#N)c(-c2c(C)ccc3[nH]ccc23)c1	0.035850
rxn:4:210488:228964	COC(=O)c1ncc(-c2[nH]nc3cc(C)cc(OC)c23)s1	0.035848
rxn:4:217598:223347	O=C1NCc2c1cccc2-c1cn2ccnc2c(C2CC2)n1	0.035848
rxn:4:211352:228692	CN(C)Cc1ccc(-c2csc3c(Cl)ncnc23)s1	0.035844
rxn:4:201213:223330	CCOC(=O)Cn1ccc(-c2cc3cc(Cl)ccc3[nH]2)n1	0.035841
rxn:4:217956:228365	Cc1cn2nc(-c3cnc(C4CC4)nc3Cl)sc2n1	0.035838
rxn:4:194931:228057	Cc1nc2cc(-c3ccccc3C#N)ccc2o1	0.035832
rxn:4:179422:228466	COC(=O)c1cc(F)cc(C)c1-c1cc(Cl)sc1C(=O)OC	0.035831
rxn:4:217012:223347	Cn1cc(-c2ccncc2-c2cccc3c2CNC3=O)cn1	0.035821
rxn:4:218300:228130	Cn1cnc2cc(-c3ccc(CC#N)cc3F)ncc21	0.035815
rxn:4:191342:228289	Cn1nc2ccc(-c3cc(CC#N)ccc3F)cc2n1	0.035815
rxn:4:191938:223304	Cc1cc2cc(-c3ccc(S(C)(=O)=O)c(C#N)c3)ccc2[nH]1	0.035811
rxn:4:198649:229081	CN(C)c1ccc(-c2ccc3cc(Cl)ccc3n2)s1	0.035807
rxn:4:182950:228297	CCOC(=O)c1ccc(-c2cc3c(cc2Cl)OCCC3=O)s1	0.035807
rxn:4:217024:228669	c1cc2ncc(-c3ncn(C4CCCCO4)n3)cc2o1	0.035799
rxn:4:216826:229124	Cc1noc(-c2cncc(-c3cnc(C)c(F)c3)c2)n1	0.035796
rxn:4:181071:227847	COc1cccc(Cl)c1-c1cnc2ccccc2c1	0.035796
rxn:4:198572:228122	CCOc1nc(C)ccc1-c1nc2c(C)cccc2s1	0.035794
rxn:4:202962:228212	CCCOc1nccc(-c2ccc(-n3cccc3)s2)n1	0.035792
rxn:4:210357:229238	COc1ncc(-c2ccsc2SC)c2ncccc12	0.035788
rxn:4:178883:228356	CC(C)c1nc(Cl)ncc1-c1ccc(S(=O)(=O)C(F)F)cc1	0.035783
rxn:4:210513:228153	COc1cc(OC)cc(-c2cccc3[nH]nc(C4CC4)c23)c1	0.035767
rxn:4:211336:228740	N#Cc1ccc(-c2cncc3sc(Cl)nc23)c(F)c1	0.035767
rxn:4:210500:223378	COc1cc2cn(C)nc2cc1-c1cnc2c(c1)NCCO2	0.035764
rxn:4:211966:228091	CCN(CC)c1ccc(-c2cccn3c(C)ncc23)s1	0.035763
rxn:4:217611:229049	c1nc2c(ccn2C2CC2)nc1-c1cnc2n1CCC2	0.035760
rxn:4:209014:229201	Cc1ccccc1-c1ccnc(-c2ccccn2)c1	0.035759
rxn:4:210506:229018	COc1ccnc2c1c(-c1c(C)ccnc1C)cn2C	0.035759
rxn:4:197357:223378	COc1ccc2cccc(-c3cnc4c(c3)NCCO4)c2n1	0.035749
rxn:4:176797:223407	CCCOc1c(Cl)ccc(-c2cnc3cc[nH]c3c2)c1F	0.035749
rxn:4:208848:228743	Cc1ccn(-c2ccc(-c3cc(Cl)ccc3C#N)o2)n1	0.035748
rxn:4:181640:228011	Fc1cc(-c2c(Cl)cccc2C2CC2)cc(C2OCCO2)c1	0.035745
rxn:4:205633:227940	CCc1cc(SC)cc(-c2ccc(S(=O)(=O)N(C)C)cn2)c1	0.035744
rxn:4:211716:228349	c1ccc2c(-c3cnn(C4CCOC4)c3)cnnc2c1	0.035732
rxn:4:211627:228614	CCc1ccc(Cl)cc1-c1ccc(F)c2ccnn12	0.035724
rxn:4:211812:228921	Fc1cccc2nc(-c3ccc(C(F)F)nc3)cnc12	0.035712
rxn:4:216825:229138	Fc1cc(Cl)ccc1-c1cc(-c2cncnc2)ccn1	0.035712
rxn:4:208332:228654	Cn1cc(C(F)(F)F)nc1-c1ccn2nccc2c1	0.035711
rxn:4:188808:223324	Cc1cc(-c2cccc(OC(=O)N(C)C)c2)cc2[nH]ncc12	0.035707
rxn:4:192851:228613	CCc1ccc(-c2cc(C3CC3)nc(C3CC3)c2)cc1F	0.035704
rxn:4:211774:229065	N#Cc1cc(-c2ccc3nccnc3c2Cl)ccn1	0.035703
rxn:4:192308:228659	CC(=O)N(C)c1ccc(-c2ccc3cncn3c2)cc1	0.035702
rxn:4:211276:227808	c1cn2cc(-c3ccc4c(c3)CCCC4)sc2n1	0.035702
rxn:4:198864:228802	Cn1oc2ccc(-c3ccccc3C(F)F)cc2c1=O	0.035692
rxn:4:208587:228724	N#Cc1ccc(-c2cc(-c3ncco3)ccn2)c(Cl)c1	0.035691
rxn:4:181815:228012	Fc1cccc(-c2ccc(C3CCCO3)cc2)c1C1CC1	0.035688
rxn:4:177134:228376	CC(C)(C)OC(=O)c1occc1-c1cc(F)c(C#N)c(F)c1	0.035687
rxn:4:191524:227822	Cc1cccc(C(C)C)c1-c1ccc(CC(F)(F)F)nc1	0.035686
rxn:4:198408:228229	O=c1cc(-c2nc3cc(Cl)ccc3s2)ccn1C1CC1	0.035685
rxn:4:211686:228977	c1cnc2ccnc(-c3ccc4c(c3)CC4)c2c1	0.035685
rxn:4:183185:228000	COc1cc(C)c(C)cc1-c1ccc2c(c1)COC21CCC1	0.035679
rxn:4:211671:228617	COc1cccc(C)c1-c1cnc2c(F)cc(F)cn12	0.035675
rxn:4:188830:228219	CC(C)c1cc(F)c(-c2ncc(C(=O)OC(C)(C)C)s2)cn1	0.035674
rxn:4:181832:228798	CSc1cc(-c2ccc(C3CCOC3)c(F)c2)ccc1F	0.035673
rxn:4:220864:228706	COc1nc2ncc(-c3ccnc(N(C)C)c3)cn2n1	0.035671
rxn:4:216631:228527	c1cc(-c2cccc3c2OCC3)cc(-n2cncn2)c1	0.035671
rxn:4:183102:228184	COc1ccc(-c2ccc3c(c2)OCCCC3=O)cc1SC	0.035668
rxn:4:210315:229015	CC(=O)c1c[nH]c2cc(-c3ccsc3C(C)C)ncc12	0.035668
rxn:4:217499:229022	COc1ncc(-c2cncc(C)c2C)c2nccnc12	0.035667
rxn:4:209359:229048	Cn1ccnc1-c1ccc(-c2cnn3c2CCC3)cc1	0.035658
rxn:4:211696:228192	Cc1nc(N(C)C)ccc1-c1ccc2ccncc2n1	0.035654
rxn:4:218196:228975	FC(F)(F)n1cc(-c2cc3nccnc3cn2)cn1	0.035652
rxn:4:211566:228017	Fc1cc(-c2cc(C3CC3)ccc2Cl)c2[nH]ncc2c1	0.035649
rxn:4:218345:228843	Cc1cc(F)cc(-c2ccc3nn(C)nc3c2)c1Cl	0.035648
rxn:4:220826:229163	COc1cc(-c2cc(C#N)c3ncnn3c2)cnn1	0.035645
rxn:4:210006:223311	N#Cc1nccc2c(-c3cccc(C4CNC4)c3)cccc12	0.035642
rxn:4:217292:228312	COc1cnc(C#N)cc1-c1n[nH]c2ccc(C#N)c(Cl)c12	0.035641
rxn:4:181027:229085	Fc1cc(F)c(C(F)(F)F)cc1-c1scnc1C1CC1	0.035635
rxn:4:182656:228312	COc1cnc(C#N)cc1-c1ccc2ccoc2c1Cl	0.035635
rxn:4:210427:228718	CCc1cnc2ccc(-c3cc(C#N)cnc3C)cn12	0.035628
rxn:4:212398:223364	Cc1nn2c(c1-c1cnc3[nH]cc(F)c3c1)OCC(C)C2	0.035621
rxn:4:181550:228269	COc1cc(-c2cc(C(C)=O)cc(C)c2Cl)c(F)cc1C	0.035619
rxn:4:217638:229133	CCn1c(C)nc2cncc(-c3cc(F)cc(F)c3)c21	0.035618
rxn:4:176379:228226	Cc1c(Cl)cc(C#N)cc1-c1ccccc1OCC(F)(F)F	0.035616
rxn:4:216712:228823	Cc1cc(F)c(-c2cnccc2-n2ccnc2)cc1Cl	0.035607
rxn:4:178865:227941	COCc1cc(C)cc(-c2cc(C(=O)OC)c(F)cc2Cl)c1	0.035601
rxn:4:192847:228800	CSc1ccc(F)cc1-c1ccc(OC2CCCC2)cn1	0.035599
rxn:4:209724:228298	CCOC(=O)c1cc(-c2cnc(C3CCCCC3)cn2)cs1	0.035592
rxn:4:211886:228138	Cn1c(-c2ccc(CC#N)c(F)c2)nc2ccccc21	0.035591
rxn:4:182876:223430	O=C1c2cc(-c3ccc4[nH]nnc4c3)ccc2CC1(F)F	0.035590
rxn:4:177162:228690	CCOc1cncc(-c2cccc(C(=O)CC3CC3)c2)c1	0.035584
rxn:4:177820:223310	CCc1cc(OC(C)C)ccc1-c1ccc(NC2CC2)cc1	0.035580
rxn:4:211351:229153	Cn1ncc(-c2csc3ncnc(Cl)c23)c1C#N	0.035575
rxn:4:177169:228094	CCCOc1cncc(-c2cc(OC)cc(OC)c2OC)c1	0.035566
rxn:4:217452:228151	COC(=O)c1cccc(-c2c[nH]c3nnc(OC)cc23)c1	0.035565
rxn:4:217222:228762	CCn1cc(-c2cnc3ccc(C#N)cn23)ccc1=O	0.035565
rxn:4:208879:229206	CCc1cc(-c2cnn(-c3ccccc3Cl)c2)cs1	0.035562
rxn:4:198777:223419	O=S1(=O)N=Cc2cc(-c3cc4ccncc4[nH]3)ccc2O1	0.035562
rxn:4:216811:229026	Cc1cc(-c2ccnc(-c3cncnc3)c2)c(C)cn1	0.035561
rxn:4:220703:228984	Cc1ccc(C)c(-c2cccc(-c3nncnn3)c2)c1	0.035561
rxn:4:196322:223313	Cc1cc(-c2ccc(C3(O)CC3)cc2)ccc1-c1cnco1	0.035560
rxn:4:211450:228434	Fc1cc(-c2cc3cn[nH]c3cc2Cl)ccc1C(F)F	0.035557
rxn:4:182788:229193	Cc1ccc(-c2c(F)cncc2Cl)c2occc12	0.035554
rxn:4:221040:228824	Cc1cc(F)c(-c2cnc3ncn(C)c3n2)c(F)c1	0.035535
rxn:4:196561:223393	CC(C)(C)c1ncccc1-c1c[nH]c2ccccc12	0.035534
rxn:4:212040:228619	CCc1cc(-c2ccc3c(C)ncn3c2)ccc1F	0.035529
rxn:4:181001:228316	CCOc1ncc(Cl)cc1-c1cccc(C(F)(F)F)c1F	0.035526
rxn:4:182584:227829	Cc1cc(-c2ccccc2C2CCC2)c(C)cc1F	0.035519
rxn:4:221019:228809	CSc1ccc(Cl)c(-c2nc3ncc(Cl)cn3n2)c1	0.035519
rxn:4:216922:229058	Cn1ncc(-c2cccnc2C#N)c1-c1ccccn1	0.035504
rxn:4:195210:229169	FC(F)c1cscc1-c1ccnc(C(F)(F)F)c1Cl	0.035503
rxn:4:216906:228075	Cn1nc(C2CCC2)nc1-c1cc2c(F)cccc2s1	0.035503
rxn:4:192471:228536	CC(C)Cc1ccncc1-c1cccc2ccoc12	0.035494
rxn:4:196305:223346	O=C1NCc2cc(-c3ccc(-c4cccnc4)cc3)ccc21	0.035494
rxn:4:211635:228244	COc1cc(C)c(-c2c(F)ccc3ccnn23)cc1Cl	0.035492
rxn:4:196152:228202	CN(C)c1cc(-c2cccc(-c3cc[nH]c3)c2)ccc1F	0.035485
rxn:4:211712:228275	COc1c(F)cc(C)cc1-c1ccnc2cccnc12	0.035480
rxn:4:211745:228269	COc1cc(-c2ccc3ncncc3c2)c(F)cc1C	0.035480
rxn:4:181386:228261	CSc1ccc(F)c(C)c1-c1ccccc1C1CC1	0.035474
rxn:4:189619:228514	CCN(C)Cc1ccc(-c2cccc(C3CC3)c2)cc1C	0.035471
rxn:4:214446:227864	Cc1ccc2cc(-c3ccn(CC(=O)N(C)C)n3)sc2c1	0.035469
rxn:4:218197:228127	COc1cccc(C#N)c1-c1cnc2cncnc2c1	0.035468
rxn:4:218394:228155	COc1ccc(-c2cnc3c(cnn3C)c2Cl)cc1OC	0.035459
rxn:4:212104:228313	COc1ccc(-c2cc(Cl)c3cnn(C)c3c2)c(OC)n1	0.035459
rxn:4:183069:228273	COc1cc(Cl)cc(C)c1-c1cc(F)cc2c1CCCC2=O	0.035458
rxn:4:176763:228820	CCOCc1cc(-c2c(F)ccc(C)c2Cl)ccc1Cl	0.035452
rxn:4:182542:228445	Cc1cc(-c2c(F)cccc2C(F)F)cc(F)c1F	0.035445
rxn:4:179987:227932	COCc1ccc(C)c(-c2ccc(F)c(OC(C)(C)C)c2)c1	0.035439
rxn:4:198637:223397	Clc1ccc(-c2ccc3c(c2)CCN3)c2ccncc12	0.035431
rxn:4:206154:228286	Cc1cc(-c2sc(N(C)C)nc2C(C)C)cn2cnnc12	0.035431
rxn:4:205082:223363	COC(=O)c1cncnc1-c1cnc2[nH]nc(C)c2c1	0.035429
rxn:4:215438:228352	CC(C)(C#N)c1ncc(-c2ccc(-n3cccn3)s2)cn1	0.035423
rxn:4:211957:228871	COC(=O)c1ccsc1-c1c(C)ccc2nccn12	0.035421
rxn:4:212049:228275	COc1c(F)cc(C)cc1-c1c(C)ccn2ccnc12	0.035419
rxn:4:177021:227954	Fc1cc(OCC2CC2)cc(-c2ccc(C3CCC3)nc2)c1	0.035418
rxn:4:181927:227875	c1cc2c(c(-c3cc(C4CCCCC4)co3)c1)CCCO2	0.035405
rxn:4:198612:228145	COc1ccc(C#N)c(-c2cc(C)c3oncc3c2)c1	0.035398
rxn:4:212278:223397	Cn1ncc2cc(-c3ccc4c(c3)CCN4)ccc2c1=O	0.035398
rxn:4:220657:228680	CCCn1nc(C)cc1-c1cn(-c2cncc(Cl)n2)cn1	0.035392
rxn:4:208896:228239	COc1nc(C)c(-c2ccc(-c3ncc[nH]3)c(Cl)c2)cc1C	0.035387
rxn:4:210478:228403	COc1c(F)ccc(-c2ccnc3[nH]c(C4CC4)cc23)c1F	0.035386
rxn:4:217425:228271	COc1cc2ncc(-c3cc(F)c(OC)cc3C)cn2n1	0.035378
rxn:4:211478:228587	Cc1cc(C#N)cc(-c2ccn3c(Cl)cncc23)c1	0.035378
rxn:4:198641:229065	N#Cc1cc(-c2cc(Cl)c3cnccc3c2)ccn1	0.035365
rxn:4:177248:223372	CC(C)COc1cccc(-c2ccc(Cl)c3cn[nH]c23)c1	0.035357
rxn:4:218390:228116	Cc1cc(Cl)c2nc(-c3cccnc3OC(C)C)nn2c1	0.035349
rxn:4:176604:228398	CCOC(=O)c1c(F)cccc1-c1c(Cl)ccc(OC)c1F	0.035344
rxn:4:220589:223342	Clc1nnc(-c2ncc(-c3ccc4c(c3)OCCN4)cn2)s1	0.035340
rxn:4:208742:228035	Cn1cc(-c2noc(C(C)(C)C)n2)c2cccnc21	0.035336
rxn:4:212108:228584	Cn1cc2c(Cl)cc(-c3ccnc(C4CC4)c3)cc2n1	0.035335
rxn:4:179248:228158	CCOc1cc(F)cc(-c2cc(F)cc(SC)c2OC)c1	0.035323
rxn:4:210429:229015	CCc1cnc2c(-c3ccsc3C(C)C)cccn12	0.035322
rxn:4:218475:229131	Cc1cc(-c2ccc(F)cc2F)c2nnc(C)n2c1	0.035311
rxn:4:188132:227936	FC(F)(F)COc1ncccc1-c1cccc(SC2CC2)c1	0.035310
rxn:4:194943:223330	N#Cc1cc(-c2cc3cc(Cl)ccc3[nH]2)ccc1Cl	0.035302
rxn:4:211847:228677	CC(C)Cn1cc(-c2cc3nccnc3c(F)c2F)cn1	0.035301
rxn:4:211747:228216	Clc1c(-c2ccc3cnncc3c2)cncc1C1CC1	0.035285
rxn:4:220630:228163	CCOc1ccc(Cl)c(-c2nccn2-c2cccnn2)c1	0.035284
rxn:4:198503:227911	CCc1ccc(-c2cccc3cccn23)cc1C#N	0.035281
rxn:4:198425:228870	COC(=O)c1csc(-c2cc(Cl)cc3cnoc23)c1	0.035277
rxn:4:218500:229033	Cc1ccc(-c2c(C)cc(C)c3ncnn23)cc1Cl	0.035273
rxn:4:212045:228244	COc1cc(C)c(-c2cncc3ccn(C)c23)cc1Cl	0.035272
rxn:4:216947:229028	Cc1ccn(-c2cccc(-c3ccc(Cl)cc3C)n2)n1	0.035270
rxn:4:209940:228177	COCc1ccc(F)cc1-c1cc2c(cnn2C(C)=O)s1	0.035269
rxn:4:179997:228646	Cc1cc(F)c(OC(C)C)c(-c2cc(C)c(C)c(F)c2)c1	0.035268
rxn:4:177263:227901	CCCOc1ccc(C)c(-c2ccc(CC(C)C)nc2)c1	0.035250
rxn:4:181482:228371	N#Cc1c(F)ccc(-c2ccccc2C2CC2(F)F)c1F	0.035248
rxn:4:209598:228660	Cn1cc(-c2ccc3nscc3c2)c(C(C)(C)C)n1	0.035243
rxn:4:212313:229222	Cc1cc(-c2ccn3c(C)c(C)nc3c2)sc1C	0.035242
rxn:4:177173:228631	CCc1ccc(C(=O)OC)c(-c2ccsc2C2CCC2)c1	0.035241
rxn:4:218421:229007	CSc1cccc(-c2ccc3c(nnn3C)c2F)c1	0.035239
rxn:4:218280:228808	CSc1cc(F)cc(-c2cc3cn(C)nc3cn2)c1	0.035239
rxn:4:182164:223352	CCc1oc2ccccc2c1-c1ccc(NC(C)C)nc1	0.035238
rxn:4:217429:228179	COCc1cc(F)cc(-c2cnc3ccc(OC)nn23)c1	0.035237
rxn:4:217012:228733	COc1cc(C)ncc1-c1cnccc1-c1cnn(C)c1	0.035237
rxn:4:208842:229007	CSc1cccc(-c2ccc(-n3cc(C)cn3)o2)c1	0.035234
rxn:4:216623:228422	COc1c(Cl)ccc(F)c1-c1ccnn1-c1ccccn1	0.035231
rxn:4:208627:228192	Cc1nc(N(C)C)ccc1-c1ccc(-c2nccs2)nc1	0.035225
rxn:4:208573:228191	Cc1cc(-c2ncsc2-c2cccnc2)cnc1N(C)C	0.035225
rxn:4:178666:228986	Cc1cccc(-c2ccc(OC(F)(F)F)c(F)c2)c1C	0.035221
rxn:4:192137:228068	COCc1cnc(-c2cc3cc(F)ccc3s2)c(C)c1	0.035218
rxn:4:220823:227808	N#Cc1ccc2[nH]nc(-c3ccc4c(c3)CCCC4)c2n1	0.035212
rxn:4:218095:227840	Cc1cccc(-c2ccn3c(Cl)nnc3c2)c1C1CC1	0.035210
rxn:4:216928:228774	COc1cccc(F)c1-c1ccc(-n2ccc(C)n2)cn1	0.035209
rxn:4:216507:227995	COc1c(C)cc(C)cc1-c1cn(-c2cscn2)c(F)n1	0.035208
rxn:4:181560:223370	Fc1ccc(-c2ccc(C3OCC3(F)F)cc2)c2cn[nH]c12	0.035206
rxn:4:210155:228118	COc1ccn2ncc(-c3cccc(OC)c3C#N)c2c1	0.035206
rxn:4:216675:228132	N#CCc1cccc(-c2ccc(-n3ccnc3)cn2)c1F	0.035200
rxn:4:216938:228929	Cc1cnn(-c2cncc(-c3cncc(C(F)F)c3)c2)c1	0.035185
rxn:4:207285:228740	CCOc1cc2nccn2cc1-c1ccc(C#N)cc1F	0.035184
rxn:4:197191:228298	CCOC(=O)c1cc(-c2c(OC)ccc3[nH]ccc23)cs1	0.035174
rxn:4:212368:229094	Cc1cc(-c2cnc(C)nc2C)c2nc(C)cn2c1	0.035173
rxn:4:218457:228546	CCCc1cnccc1-c1cnc2c(=O)n(C)ncc2c1	0.035169
rxn:4:218457:228551	CCCc1ncccc1-c1cnc2c(=O)n(C)ncc2c1	0.035169
rxn:4:205475:228034	CC(=O)C1(n2cc(-c3cccc4nccnc34)cn2)CC1	0.035164
rxn:4:209989:229280	Fc1ncc(-c2ccc3nn(C(F)F)cc3c2)cn1	0.035162
rxn:4:209335:228876	Cc1ccc(-n2cnc(-c3cnn(C4CC4F)c3)c2)cc1	0.035162
rxn:4:218205:228798	CSc1cc(-c2cncc3cnncc23)ccc1F	0.035161
rxn:4:177824:228889	CCOc1c(-c2cnc(Cl)nc2CC)cccc1C(C)C	0.035157
rxn:4:191510:223370	COC(=O)c1c(Cl)ccnc1-c1ccc(F)c2[nH]ncc12	0.035154
rxn:4:182210:228809	CCC1Oc2ccc(-c3cc(SC)ccc3Cl)cc2C1=O	0.035138
rxn:4:212040:228249	COc1c(C)cc(-c2ccc3c(C)ncn3c2)cc1Cl	0.035138
rxn:4:181135:228614	CCc1ccc(Cl)cc1-c1cc(F)c(F)c(SC)c1	0.035135
rxn:4:174844:227965	CC(=O)OCCc1ccc(-c2c(C)ccnc2C(C)C)cc1	0.035135
rxn:4:208570:228506	CCCc1ccccc1-c1cnc(-c2ccco2)cn1	0.035129
rxn:4:208587:228506	CCCc1ccccc1-c1cc(-c2ncco2)ccn1	0.035129
rxn:4:221879:228252	COc1ccc(C)c(F)c1-c1ccc(-n2cnnn2)nc1	0.035124
rxn:4:181721:228296	CCOC(=O)c1occc1-c1ccc(C2CC(F)(F)C2)cc1	0.035123
rxn:4:180256:223406	Cc1ccc(OC(C)(C)C)c(-c2cncc3cc[nH]c23)c1	0.035119
rxn:4:180995:228527	Fc1ccc(-c2cccc3c2OCC3)cc1C(F)(F)F	0.035112
rxn:4:198436:228173	CCOc1cc(F)ccc1-c1ccc2ocnc2c1Cl	0.035112
rxn:4:218168:229133	Fc1cc(F)cc(-c2cnc3cc(Cl)ncn23)c1	0.035107
rxn:4:212047:227995	COc1c(C)cc(C)cc1-c1ccc2nccn2c1C	0.035107
rxn:4:209943:228821	Cc1ccc(-c2cccc3c(C#N)c[nH]c23)c(F)c1F	0.035104
rxn:4:218227:223313	OC1(c2ccc(-c3ccc4c(Cl)ncnc4n3)cc2)CC1	0.035104
rxn:4:220863:228158	CCOc1cc(F)cc(-c2cn3ncnc3c(OC)n2)c1	0.035099
rxn:4:179718:227860	COc1c(F)c(SC)cc(C)c1-c1ccc2c(c1)CCN2C	0.035097
rxn:4:217522:228103	CCn1nnc2cccc(-c3cnc(CC(C)C)nc3)c21	0.035097
rxn:4:216743:227881	CCCOc1ccc(-c2nn[nH]c2-c2ccc(F)cc2)cc1	0.035096
rxn:4:217005:227946	Cc1c(-c2ccc(C(C)(C)C)nc2)cncc1-c1cc[nH]n1	0.035090
rxn:4:217282:227904	CCN(C)c1ccc(-c2cn3ccnc3cc2C#N)cc1	0.035082
rxn:4:192712:228510	CC(C)c1ccccc1-c1cc(Cl)cc(CN2CCC2)c1	0.035081
rxn:4:183155:223382	Cc1ccc(-c2cnc(NC3CC3)nc2)c2c(C)cccc12	0.035080
rxn:4:182044:228872	COC(=O)c1sccc1-c1ccc(C2CCC2(C)C)cc1	0.035078
rxn:4:199112:229251	Cc1cc(-c2ccnc3c(C)cc(F)cc23)ncn1	0.035073
rxn:4:189401:228858	COc1cc(-c2ccc3nonc3c2)ccc1CN(C)C	0.035072
rxn:4:188815:228167	CCOC(=O)c1ccc(C)c(-c2ccc(Cl)cc2OCC)n1	0.035067
rxn:4:191224:227871	COC(=O)c1sncc1-c1c(C)sc2ccccc12	0.035059
rxn:4:195246:228273	COc1cc(Cl)cc(C)c1-c1cc(F)cnc1C(F)(F)F	0.035057
rxn:4:208535:228202	CN(C)c1cc(-c2ncc(-c3ccncc3)o2)ccc1F	0.035053
rxn:4:216615:228244	COc1cc(C)c(-c2cccc(-n3cnnc3)c2)cc1Cl	0.035050
rxn:4:181633:223338	Fc1cc(-c2cc(C3OCCO3)ccc2F)c2cc[nH]c2c1	0.035045
rxn:4:210189:228119	COc1ncc2cc[nH]c2c1-c1ccc(SC(C)C)nc1	0.035037
rxn:4:202929:227857	CCOc1ccnc(-c2cccc3ccn(C)c23)c1C#N	0.035036
rxn:4:212088:228148	COc1cccc(-c2cn(C)c3cc(Cl)cnc23)c1OC	0.035035
rxn:4:217254:228092	CCN(CC)c1csc(-c2cccc3ncc(C#N)n23)c1	0.035031
rxn:4:217515:228439	COc1c(-c2cc(C#N)c3[nH]nc(C)c3c2)ccc(F)c1Cl	0.035007
rxn:4:198479:229023	Cc1cc(C)c(-c2cc(F)c3nc(Cl)oc3c2)cn1	0.035003
rxn:4:199005:229154	Cc1ccnc2c(-c3cc(C#N)nn3C)cccc12	0.035001
rxn:4:218352:228597	Cc1cccc(C#N)c1-c1c(C)ccn2ncnc12	0.035000
rxn:4:218249:227829	Cc1nc(-c2ccccc2C2CCC2)c2cnccn12	0.034996
rxn:4:211928:227968	Cc1ccn2nccc2c1-c1cnccc1C1CCC1	0.034996
rxn:4:216963:228570	Cc1nccn1-c1cnccc1-c1cncc(C2CC2)c1	0.034994
rxn:4:220600:227834	Cc1cc(-c2cnn(-c3ncccn3)c2)ccc1C1CC1	0.034994
rxn:4:218371:229172	Cc1ncnc(Cl)c1-c1cc2c(cn1)ncn2C	0.034992
rxn:4:211880:227936	Cn1ncc2scc(-c3cccc(SC4CC4)c3)c2c1=O	0.034991
rxn:4:176367:228211	FCC(F)(F)Oc1ccc(-c2cc(N3CCCC3)cs2)cc1	0.034987
rxn:4:208524:228199	Cc1nn(C2CCC2)cc1-c1ccccc1-c1ncno1	0.034987
rxn:4:210629:229018	CCn1cc2c(C)cc(-c3c(C)ccnc3C)cc2n1	0.034985
rxn:4:197316:228755	COc1cncc(-c2ccnc3cccc(OC)c23)c1C	0.034984
rxn:4:197380:228735	COc1cncc(C)c1-c1ccc(OC)c2cnccc12	0.034984
rxn:4:198969:228324	COc1cc(-c2ccc3cc(C)ccc3n2)c(OC)cn1	0.034984
rxn:4:181630:228616	CSc1ccc(-c2cccc(C3OCCO3)c2Cl)c(C)c1	0.034974
rxn:4:197485:223357	CCc1c[nH]c2c(-c3ccccc3NC(C)=O)cccc12	0.034973
rxn:4:218466:228188	CCOc1c(Cl)cccc1-c1cc(C)nc2c1cnn2C	0.034951
rxn:4:208597:228461	FC(F)Oc1ncccc1-c1ccnc(-c2cscn2)c1	0.034949
rxn:4:216649:227972	c1ccc(-n2nncc2-c2cncc(C3CCC3)c2)cc1	0.034945
rxn:4:205241:229029	COc1nc(SC)ncc1-c1ccc(F)c(C)c1	0.034943
rxn:4:221868:227933	CCc1ccc(OC)cc1-c1nncn1-c1ncccn1	0.034942
rxn:4:183111:228210	CC1(C)OC(=O)c2cc(-c3ccc(N4CCCC4)s3)ccc21	0.034938
rxn:4:211167:228346	COC(=O)c1cc(-c2c(F)ncnc2Cl)c(C)s1	0.034927
rxn:4:185951:227889	CCCOc1ccc(C#N)cc1-c1ccccc1CCOC	0.034925
rxn:4:209077:228708	c1cc(-c2ccc(-c3cncnc3C3CC3)cn2)ccn1	0.034924
rxn:4:210197:227879	COc1cc(-c2cccc(CCC#N)c2)cn2ccnc12	0.034924
rxn:4:193142:227811	COc1ncc(-c2ccc(CC(C)C)cc2)cc1C(C)(C)C	0.034922
rxn:4:195947:229280	Fc1ncc(-c2nccc(-c3ccco3)c2F)cn1	0.034920
rxn:4:195304:228240	COc1cc(-c2ccc(-c3cccs3)s2)c(Cl)cn1	0.034903
rxn:4:212103:228586	CC(C)c1ncccc1-c1c(Cl)ccc2cn(C)nc12	0.034900
rxn:4:212043:228524	Cn1ccc2cc(-c3cnc4c(c3)CCC4)cnc21	0.034899
rxn:4:177163:228652	COc1ccc(-c2ccn3ccnc3c2)cc1OC1CC1	0.034899
rxn:4:188127:227991	FC(F)(F)COc1cccnc1-c1ccc(Cl)cc1C1CC1	0.034894
rxn:4:191320:227907	CCC(C)c1cncc(-c2ncc(OC(F)(F)F)cc2F)c1	0.034892
rxn:4:180263:228857	Cc1cc(-c2cnc3nccn3c2)c(C)cc1OC(C)C	0.034892
rxn:4:178979:229160	CCOc1ccc(Cl)c(-c2cnc(SC)nc2)c1	0.034892
rxn:4:181629:228360	Cc1cc(S(C)(=O)=O)cc(-c2cnc(C(C)C)nc2Cl)c1Cl	0.034888
rxn:4:198580:228718	Cc1cc(-c2cc(C#N)cnc2C)c2ocnc2c1	0.034886
rxn:4:209289:228962	CC(C)(C)c1ncncc1-c1cccn2nnnc12	0.034886
rxn:4:216540:227905	CC(C)Cc1cc(-c2coc(-c3ncccn3)n2)ccn1	0.034883
rxn:4:195577:228280	COc1cc(-c2cc(-n3cccc3)co2)c(C)cc1Cl	0.034879
rxn:4:208623:228255	COc1c(-c2cnc(-c3ccoc3)nc2)ccc(C)c1F	0.034877
rxn:4:188084:228342	N#Cc1ccc(OC(F)F)cc1-c1cccc(OC(F)F)c1	0.034874
rxn:4:216967:228589	Cc1cn(-c2cccnc2-c2ccc(C(C)C)nc2)cn1	0.034873
rxn:4:181189:228871	COC(=O)c1ccsc1-c1cccc(C(C)=O)c1	0.034842
rxn:4:195595:223333	Cc1cc(C(F)F)c(-c2cc3c(Cl)cccc3[nH]2)cn1	0.034836
rxn:4:195888:228987	Cc1cc(C)cc(-c2cccnc2-c2ccco2)c1	0.034825
rxn:4:208933:228690	CCOc1cncc(-c2cc(Cl)ccc2-n2ccnc2)c1	0.034818
rxn:4:179685:228047	CC(=O)Cc1cccc(C)c1-c1ccc(C)n2ccnc12	0.034807
rxn:4:198555:228297	CCOC(=O)c1ccc(-c2c(F)cc3cc[nH]c3c2F)s1	0.034803
rxn:4:195846:228434	Fc1cc(-c2ccnc(C3CC3(F)F)c2)ccc1C(F)F	0.034803
rxn:4:195972:228704	CCn1nc(C)c(-c2cc(F)cc(-c3cnco3)c2)c1C	0.034797
rxn:4:218451:228768	CCc1cc(-c2ccn3nc(Cl)n(C)c(=O)c23)c(F)cn1	0.034788
rxn:4:217647:228990	CCCc1ccc(-c2ccc3c(c2)nnn3C(C)C)s1	0.034787
rxn:4:217440:228934	COc1cc(Cl)c(-c2ccn3nc(SC)ncc23)cn1	0.034783
rxn:4:218321:228520	Cc1cc(C)c(-c2c(C)ncc3nccn23)cc1C	0.034778
rxn:4:210356:228753	CC(=O)c1c[nH]c2ncc(-c3cccc(F)c3C#N)cc12	0.034778
rxn:4:217648:228550	CCCc1cc(-c2ccc3c(nnn3CC)c2C)ccn1	0.034775
rxn:4:220581:228343	COC(=O)c1sc(-c2nncn2-c2nccs2)cc1C	0.034774
rxn:4:198860:228353	CN(C)c1ncc(-c2ccc3c(c2)oc(=O)n3C)cc1Cl	0.034773
rxn:4:198860:228496	Cn1c(=O)oc2cc(-c3cnn(CC(F)(F)F)c3)ccc21	0.034771
rxn:4:217295:228183	COCc1cc(-c2cc3c(C#N)n[nH]c3cc2Cl)ccc1Cl	0.034771
rxn:4:211350:228303	CCN(C)c1ncc(-c2csc3cnc(Cl)nc23)cn1	0.034761
rxn:4:197559:227937	CC(=O)N1Cc2cccc(-c3cccc(SC(C)C)c3)c2C1	0.034760
rxn:4:198406:228579	Cc1ccc(C#N)c(-c2ccc3nc(Cl)oc3c2)c1	0.034734
rxn:4:208525:228205	CN(C)c1ccc(-c2ccccc2-c2nnco2)cc1Cl	0.034727
rxn:4:211516:227985	CC(C)c1cc(-c2c(Cl)ccc3cn[nH]c23)ccc1F	0.034712
rxn:4:183063:229014	CC(C)c1ccc(-c2c(Cl)ccc3c2CCCC3=O)s1	0.034705
rxn:4:209379:227889	COCCc1ccccc1-c1cc(-c2ncc[nH]2)ccc1C	0.034702
rxn:4:179955:228447	CCOc1cc(C)c(-c2cccc(C(F)F)c2F)c(C)c1	0.034697
rxn:4:213513:228419	CSc1cc(F)c(-c2cnc(OCCN(C)C)nc2)cc1F	0.034692
rxn:4:182129:228589	COc1cc(-c2ccc(C(C)C)nc2)c2occc2c1	0.034691
rxn:4:188821:227918	CCOC(=O)c1ccc(-c2ccc(SC3CC3)cc2)nc1C	0.034661
rxn:4:192494:228036	Cc1cc2nccn2cc1-c1cccc(CN(C)C)c1Cl	0.034658
rxn:4:178669:227872	O=C1CCc2cc(-c3cccc(OC(F)(F)F)c3F)ccc21	0.034652
rxn:4:217001:228613	CCc1ccc(-c2ccc(-n3ccc(C)n3)nc2)cc1F	0.034648
rxn:4:195655:223320	Cc1cc(-c2cc(C(F)(F)F)cc(C)n2)c2cn[nH]c2c1	0.034642
rxn:4:217488:229079	CC(=O)c1c(C)oc2nc(-c3csc(C4CC4)n3)nn12	0.034639
rxn:4:210186:227910	CCC(C)c1ccc(-c2ncc3cccc(OC)n23)cn1	0.034636
rxn:4:221051:228311	CCCc1ncc(-c2cc(C)cn3nnnc23)c(Cl)n1	0.034633
rxn:4:205236:228067	CC(F)(F)Cn1cc(-c2cc3ccc(F)cc3s2)cn1	0.034628
rxn:4:181935:228388	Cc1cnc(C(F)F)cc1-c1c(C)cc(C2CC2)cc1C	0.034626
rxn:4:182132:228590	COc1ccc2occc2c1-c1cccc(C)c1C#N	0.034626
rxn:4:197071:228720	Cc1cnn(C(C)C)c1-c1ccc2sc(C#N)cc2c1	0.034619
rxn:4:178683:228254	COc1ccc(-c2cc(F)c(OC(F)F)cc2F)c(C)c1F	0.034615
rxn:4:188302:227854	COc1cc(-c2ccc3c(ccn3C)c2)ccc1CC#N	0.034611
rxn:4:179263:228180	COCc1cc(-c2cccc(C(=O)C(C)(F)F)c2)ccc1F	0.034610
rxn:4:218172:227932	COCc1ccc(C)c(-c2cnn3ccc(Cl)nc23)c1	0.034610
rxn:4:211352:228304	CC(C)Oc1ncc(-c2csc3c(Cl)ncnc23)cn1	0.034601
rxn:4:179260:227954	Cc1cc(-c2ccc(C3CCC3)nc2)ccc1C(=O)C(F)F	0.034599
rxn:4:179100:228854	COc1cc(-c2ccn3cnnc3c2)ccc1C(F)(F)F	0.034593
rxn:4:192857:223337	Fc1cc2[nH]ccc2cc1-c1ccc(OC2CCCC2)nc1	0.034593
rxn:4:211773:228094	CCCOc1cncc(-c2cnc3nccc(Cl)c3c2)c1	0.034590
rxn:4:209354:228000	COc1cc(C)c(C)cc1-c1cccc(-c2c[nH]nc2C)c1	0.034588
rxn:4:211327:227993	COc1ccc(C)c(-c2cc(Cl)cc3nsnc23)c1C	0.034585
rxn:4:210410:228939	CCc1nc2ccccn2c1-c1c(F)cc(F)cc1F	0.034584
rxn:4:179412:227969	COc1cc(-c2ccnc(C)c2C2CC2)c(C(C)=O)cc1Cl	0.034580
rxn:4:188400:227885	CCCOc1cccc(-c2cc(C(=O)OCC)c(F)cn2)c1	0.034566
rxn:4:217279:228413	COc1cc(-c2ccc3ncc(C#N)n3c2)c(Cl)cc1F	0.034540
rxn:4:178719:229077	CSc1ccc(-c2cccc(C(=O)CF)c2)cn1	0.034536
rxn:4:212363:227875	Cc1[nH]c2ncc(-c3cccc4c3CCCO4)cc2c1C	0.034528
rxn:4:182974:228673	c1cc2c(c(-c3cccc4nscc34)c1)OCCC2	0.034523
rxn:4:210519:227930	c1cc(OC2CC2)cc(-c2ccc3[nH]nc(C4CC4)c3c2)c1	0.034511
rxn:4:216544:228204	Cc1cc(C#N)c(F)c(-c2cnc(-c3nccs3)nc2)c1	0.034511
rxn:4:191593:228519	Cc1cc(C)c(-c2cc(C#N)cc(C=C(F)F)c2)c(C)c1	0.034510
rxn:4:195110:228010	FC(F)c1ccnc(-c2cc(Cl)ccc2C2CC2)c1Cl	0.034506
rxn:4:211500:228249	COc1c(C)cc(-c2ncc3ccc(Cl)cn23)cc1Cl	0.034504
rxn:4:209307:228745	CSc1cc(C)c(-c2cnc(-c3ccccc3C)[nH]2)cn1	0.034497
rxn:4:213497:227917	CCc1ccc(OC)c(-c2nc(C(=O)OC)nn2COC)c1	0.034493
rxn:4:188205:227854	Cn1ccc2cc(-c3cccc(CCC#N)c3)ccc21	0.034489
rxn:4:203499:227934	CCCc1cc(C(C)C)nc(-c2cc(OCC)ccc2C)n1	0.034472
rxn:4:198571:228171	CCOc1ccc(-c2nc3ccc(C)cc3s2)cc1F	0.034469
rxn:4:175127:227903	CCOCc1cc(-c2cccc(N(C)CC)c2)ccc1OC	0.034463
rxn:4:198930:227911	CCc1ccc(-c2c(C)cc(F)c3[nH]ccc23)cc1C#N	0.034462
rxn:4:192464:228809	CCc1nc(C(C)C)c(-c2cc(SC)ccc2Cl)s1	0.034459
rxn:4:183095:228443	CSc1c(F)ccc(-c2c(C)ccc3c2CCC3)c1F	0.034457
rxn:4:218495:228278	COc1cc(C)c(F)cc1-c1c(C)nc2cncc(C)n12	0.034451
rxn:4:217023:228033	Cn1cnc2ccc(-c3cncc(N4CCCC4)n3)cc21	0.034439
rxn:4:208659:228721	CC(C)(C)n1nccc1-c1ccc(F)c(-c2ncon2)c1	0.034439
rxn:4:182777:228228	COc1ncc(C)c(-c2ccc3occ(C)c3c2)c1C	0.034435
rxn:4:202842:228667	N#CCC(=O)c1cccnc1-c1cc2ncccc2s1	0.034427
rxn:4:218480:228887	Cc1nn(C)c2cnc(-c3cc(C#N)ncc3Cl)cc12	0.034427
rxn:4:180972:228257	COc1cc(C)cc(F)c1-c1c(F)cc(F)cc1C(F)F	0.034424
rxn:4:210406:228963	COc1c(-c2cnc3nonc3c2)nc2n1CCOC2	0.034414
rxn:4:220762:223348	Cc1nc(-c2nnc[nH]2)ccc1-c1ccc2c(c1)C(=O)NC2	0.034406
rxn:4:205066:228013	N#Cc1nccc(C(F)(F)F)c1-c1ccc(F)c(C2CC2)c1	0.034403
rxn:4:198983:228789	COc1cc(F)ccc1-c1cccc2ccnc(C)c12	0.034399
rxn:4:212247:228770	COc1c(C)cncc1-c1cc(F)c2ncc(C)nc2c1	0.034398
rxn:4:192021:228036	CCc1cc(-c2cn3ccnc3cc2C)cc(C(F)F)n1	0.034391
rxn:4:201200:228666	N#CCC(C#N)c1cccc(-c2ccc3ocnc3c2)c1	0.034384
rxn:4:196942:228827	Cc1cc(F)c(F)cc1-c1ccncc1C1CCCCC1	0.034380
rxn:4:217507:228757	COc1cnc(C)cc1-c1ccc2c(cnn2C(C)=O)n1	0.034372
rxn:4:183158:228466	COC(=O)c1sc(Cl)cc1-c1ccc2c(c1)OC(C)(C)OC2	0.034371
rxn:4:205206:228194	COC(=O)c1cc(-c2c(C)nn(C(C)C)c2C)cn1N	0.034370
rxn:4:199249:223357	CC(=O)Nc1ccccc1-c1cc(C)cc2c(C)ccnc12	0.034359
rxn:4:216976:228540	Cc1nn(-c2ccccn2)cc1-c1cccc2c1COC2	0.034354
rxn:4:218439:228000	COc1cc(C)c(C)cc1-c1c(C)[nH]c2c(Cl)ncnc12	0.034347
rxn:4:195139:228263	CC(F)(F)c1ccc(-c2cnc(C(F)F)c(Cl)c2)cc1	0.034345
rxn:4:202826:228386	CCOC(=O)c1nnsc1-c1cc(-c2nccs2)cs1	0.034340
rxn:4:195966:228888	N#Cc1cc(-c2cccc(F)c2-c2cnco2)c(F)cn1	0.034338
rxn:4:179171:228856	CC(F)C(=O)c1cccc(-c2cnn3cccnc23)c1	0.034336
rxn:4:201315:228673	CCOc1ncc(-c2cccc3nscc23)c(OCC)n1	0.034334
rxn:4:186547:228150	CCN(CC)Cc1cccc(-c2ccc(C(=O)OC)cc2)c1	0.034331
rxn:4:221873:228756	CSc1ccc(-c2cn(-c3cnccn3)nn2)c(C)n1	0.034318
rxn:4:209379:223307	Cc1ccc(-c2ncc[nH]2)cc1-c1ccc2c(c1)CCNC2	0.034318
rxn:4:218504:227995	COc1c(C)cc(C)cc1-c1ccc2nc(C)n(C)c2n1	0.034317
rxn:4:216817:228527	c1cc2c(c(-c3ccc(-c4cncnc4)cn3)c1)OCC2	0.034313
rxn:4:212080:228816	Cc1nc(C)c(-c2nn(C)c3ccc(Cl)cc23)c(C)n1	0.034312
rxn:4:212107:228424	COc1cc(F)c(Cl)cc1-c1cc(Cl)c2[nH]nc(C)c2c1	0.034306
rxn:4:201345:228670	CN(C)CCOc1ccc(-c2ccc3oncc3c2)nc1	0.034304
rxn:4:177032:227816	CCCc1ccc(-c2ccc(COC)c(F)c2OC)c(C)c1	0.034302
rxn:4:195873:228403	COc1c(F)ccc(-c2ccc(-c3ccco3)nc2)c1F	0.034299
rxn:4:218477:227902	CCc1cc(-c2cc(C)c3nc(C)cn3n2)ccc1C#N	0.034288
rxn:4:199110:228867	CCc1nc(OC)c(-c2ccnc3c(C)c(F)ccc23)s1	0.034288
rxn:4:218394:228152	CCOc1ccc(Cl)cc1-c1cnc2c(cnn2C)c1Cl	0.034284
rxn:4:211984:228791	CSc1ccc(-c2cnn3cccc(C)c23)c(F)c1	0.034280
rxn:4:182622:228939	Fc1cc(F)c(-c2ccc3occc3c2)c(F)c1	0.034268
rxn:4:209337:228593	Cc1cccc(-n2cnc(-c3ccncc3C3CC3)c2)c1	0.034264
rxn:4:216714:227836	Cc1ccc(-c2ccc(-n3cncn3)cc2)c(C2CC2)c1	0.034264
rxn:4:203059:223336	CCOC(=O)c1cnc(C)nc1-c1ccc2[nH]ccc2c1F	0.034263
rxn:4:220699:228531	c1cc2c(c(-c3ncnc(-c4ccncc4)n3)c1)CCO2	0.034261
rxn:4:212227:228309	COc1cc(-c2ccc3nc(C)ncc3c2)cc(C#N)n1	0.034252
rxn:4:198994:228993	Cc1cc2nc(-c3ccc(C#N)cc3)sc2cc1C	0.034245
rxn:4:212160:228395	COc1cc(F)c(F)cc1-c1cc(F)c2nc(C)cn2c1	0.034243
rxn:4:209475:228029	Cc1nc(C2CCC2)ncc1-c1ccc2cn(C)nc2c1	0.034237
rxn:4:218472:227958	Cc1cc2nnn(C)c2cc1-c1ccnc(C2CCC2)c1	0.034237
rxn:4:177287:228193	CC(C)OCc1cc(Cl)ccc1-c1cnn(C2CCCC2)c1	0.034231
rxn:4:209337:228600	COc1ccc(-c2cn(-c3cccc(C)c3)cn2)c(C)c1	0.034230
rxn:4:192089:223376	N#CC1(c2ccc(-c3c(Cl)ccc4[nH]ncc34)c(F)c2)CC1	0.034224
rxn:4:196278:228697	COCc1cc(-c2scnc2-c2cccc(C)c2)ccn1	0.034220
rxn:4:208575:227932	COCc1ccc(C)c(-c2ncccc2-c2cscn2)c1	0.034220
rxn:4:197350:229009	COc1cc(-c2cc(C3CC3)cs2)c2cnccc2c1	0.034220
rxn:4:181216:228675	CC(=O)c1cccc(-c2cccc3scnc23)c1F	0.034219
rxn:4:210181:228750	COc1ccn2cc(-c3cncc(C(C)=O)c3)nc2c1	0.034219
rxn:4:188570:228976	COC(=O)c1cc(-c2ccc3c(c2)C=C3)cnc1OC	0.034215
rxn:4:209003:228991	CCCc1sccc1-c1cccc(-c2ccccn2)n1	0.034205
rxn:4:209223:227859	Cn1ccc2ccc(-c3cc(N4CCSC4)ccn3)cc21	0.034201
rxn:4:192210:228664	N#Cc1ccc(-c2ccc3scnc3c2)c(C2COC2)c1	0.034199
rxn:4:182621:228270	COc1cc(Cl)c(C)cc1-c1cc2ccccc2o1	0.034195
rxn:4:188561:223317	COC(=O)c1cc(OC)cnc1-c1ccc2c(C)n[nH]c2c1	0.034186
rxn:4:191597:227930	FC(c1cccc(-c2cccc(OC3CC3)c2)n1)C(F)(F)F	0.034186
rxn:4:221041:227920	CCC(=O)c1ccc(-c2ncnc3c2cnn3C)cc1	0.034181
rxn:4:179358:228652	COc1ccc(C(C)=O)c(-c2ccn3ccnc3c2)c1	0.034180
rxn:4:211763:228314	CCOc1ncc(-c2ccc3c(Cl)nncc3c2)cc1Cl	0.034172
rxn:4:178743:227934	CCOc1ccc(C)c(-c2cccc(F)c2C(=O)C(F)F)c1	0.034168
rxn:4:195561:228076	Clc1ccc2cc(-c3nc(C4OCCO4)cs3)sc2c1	0.034164
rxn:4:203057:223315	CCOC(=O)c1cnc(-c2c(C)ccc3[nH]ncc23)nc1C	0.034163
rxn:4:201305:223369	COC(=O)CCn1ncc(-c2cc(F)c3cn[nH]c3c2)c1C	0.034149
rxn:4:182751:229280	O=c1occc2ccc(-c3cnc(F)nc3)cc12	0.034146
rxn:4:177823:228859	CCc1cc(-c2cccc3nsnc23)cc(C)c1COC	0.034137
rxn:4:197561:228682	CCCc1ncncc1-c1cc(CC)cc2cccnc12	0.034135
rxn:4:182810:229114	Cc1cc(-c2cc3sccc3cc2C)c(F)cn1	0.034134
rxn:4:198695:229222	Cc1cc(-c2c(F)ccc3ccncc23)sc1C	0.034134
rxn:4:209354:228644	Cc1cc(-c2cccc(-c3c[nH]nc3C)c2)cc(C)c1F	0.034132
rxn:4:208535:228204	Cc1cc(C#N)c(F)c(-c2ncc(-c3ccncc3)o2)c1	0.034132
rxn:4:179063:227978	COc1ccc(-c2cc(C(C)C)ccc2F)c(C(F)F)c1	0.034130
rxn:4:221025:228210	Clc1ncc(-c2ccc(N3CCCC3)s2)c2nncn12	0.034128
rxn:4:198920:228181	COCc1cc(F)ccc1-c1cc2cc[nH]c2c(C)c1Cl	0.034126
rxn:4:216520:227821	CCc1c(C)cc(C)cc1-c1ncsc1-c1cncnc1	0.034115
rxn:4:209444:228054	Cc1nc(-c2cnc3ncccc3c2)cc(C2CCC2)n1	0.034114
rxn:4:181464:228175	CCOc1cccc(-c2cc(C)cc(SC)c2F)c1Cl	0.034109
rxn:4:178896:228106	CCC(C)c1ncc(-c2ccc(F)c(CC(F)(F)F)c2)cn1	0.034107
rxn:4:221060:228929	Cn1nc(-c2cncc(C(F)F)c2)c2c(Cl)ncnc21	0.034099
rxn:4:201442:228179	CCCc1sc(N(C)CC)nc1-c1cc(F)cc(COC)c1	0.034093
rxn:4:179689:227813	CCc1cccc(CC)c1-c1ccc(C2CC2)cc1OC	0.034078
rxn:4:176561:223324	COC(=O)C(F)c1cccc(-c2cc(C)c3cn[nH]c3c2)c1	0.034077
rxn:4:179621:228861	COc1cccc(-c2cnc3scnc3c2)c1C(C)(F)F	0.034068
rxn:4:182879:228372	N#Cc1cc(F)c(-c2c(F)cc(F)c3c2CCC3=O)cc1F	0.034068
rxn:4:197316:223387	CCOC(=O)c1cc(-c2ccnc3cccc(OC)c23)[nH]n1	0.034056
rxn:4:192690:228212	COc1ccc(-c2ccc(-n3cccc3)s2)cc1N(C)C	0.034049
rxn:4:209646:223303	Cc1cc2c(-c3cnn(C4CCCCC4)c3)cccc2[nH]1	0.034038
rxn:4:198850:228654	FC1(F)CCCc2nc(-c3ccn4nccc4c3)sc21	0.034035
rxn:4:195882:228839	Cc1cc(F)cc(-c2ccccc2-c2ccno2)c1F	0.034034
rxn:4:220824:228145	COc1ccc(C#N)c(-c2ccc3ncc(C#N)n3n2)c1	0.034034
rxn:4:211592:228810	CSc1c(Cl)cccc1-c1cnn2cc(F)ccc12	0.034017
rxn:4:199199:228575	Cc1cc(-c2c(C)cc(C)c3[nH]ccc23)ccc1C#N	0.034015
rxn:4:195393:227876	CC(=O)c1ccc(-c2c(C)oc3ccccc23)cn1	0.034013
rxn:4:208818:228089	CCCOc1ncccc1-c1cnn(-c2ccccc2)c1	0.034012
rxn:4:177298:227942	CCc1ccc(-c2ccc(COC(C)C)cc2F)c(OC)c1	0.034011
rxn:4:199221:228705	Cc1cn(C)c2cc(-c3cccnc3N(C)C)c(F)cc12	0.033994
rxn:4:209019:228582	CC(C)c1ccncc1-c1ccc(-c2cccnc2)cn1	0.033992
rxn:4:196505:227856	c1cc2ccc(-c3ccc(C4CCOC4)cn3)cc2cn1	0.033989
rxn:4:213511:228091	CCN(CC)c1ccc(-c2cncc(OCCN(C)C)n2)s1	0.033989
rxn:4:218491:228415	Cc1cc2c(cn1)c(-c1cc(F)ccc1C(F)F)nn2C	0.033983
rxn:4:196253:228748	COc1cc(C)c(-c2sc(C)nc2-c2ccccc2)cn1	0.033982
rxn:4:198478:229021	Cc1nccc(-c2cc3nc(Cl)sc3cc2F)c1C	0.033979
rxn:4:180985:223405	FC(F)(F)c1cc(-c2ccc3[nH]cnc3c2)ccc1Cl	0.033971
rxn:4:211977:228848	Cc1cc(F)c(-c2cncc3c2ccn3C)c(Cl)c1	0.033964
rxn:4:176603:223319	CCOC(=O)c1cc(F)ccc1-c1cc(C)c2[nH]ncc2c1	0.033959
rxn:4:216720:227807	Clc1n[nH]c(-c2ccccc2-c2cccc3c2CCCC3)n1	0.033956
rxn:4:198668:228888	N#Cc1cc(-c2ccc(Cl)c3ncccc23)c(F)cn1	0.033950
rxn:4:179070:223303	COc1cc(-c2cccc3[nH]c(C)cc23)cc(C(F)F)c1	0.033943
rxn:4:218495:228888	Cc1nc2cncc(C)n2c1-c1cc(C#N)ncc1F	0.033936
rxn:4:181590:228020	CC(C)c1cc(F)ccc1-c1c(F)cccc1C1CC1	0.033933
rxn:4:211711:228381	N#Cc1cc(F)c(-c2ccc3cnccc3n2)c(F)c1	0.033907
rxn:4:211918:228022	Cc1ccc2c(-c3cc(Cl)ccc3C(C)C)c[nH]c2n1	0.033906
rxn:4:198756:228552	CCOc1cccc(-c2cc3ccncc3cc2Cl)c1	0.033903
rxn:4:211744:228063	Cc1nc2ncc(-c3cnc4c(c3)COCC4)cc2o1	0.033900
rxn:4:218221:228763	CCc1c(F)cncc1-c1cnc2ncnc(Cl)c2c1	0.033894
rxn:4:182857:228449	CSc1cc(-c2ccc3c(c2F)CCC3=O)c(F)cc1Cl	0.033893
rxn:4:216736:228802	FC(F)c1ccccc1-c1nncn1-c1ccc(Cl)cc1	0.033893
rxn:4:197374:228676	CCCCn1cc(-c2cc(OC)cc3cccnc23)cn1	0.033886
rxn:4:208597:227954	c1cc(-c2ccc(C3CCC3)nc2)cc(-c2cscn2)n1	0.033885
rxn:4:217597:228495	COc1cc(-c2ccn(CC(F)(F)F)n2)cn2nc(C)nc12	0.033884
rxn:4:210339:223306	Cn1cc(C#N)c2c(-c3ccc4c(c3)CNCC4)cccc21	0.033876
rxn:4:202835:228050	Cn1ccc2cncc(-c3cnc(OC(F)F)c(C#N)c3)c21	0.033876
rxn:4:196609:228661	O=S1(c2ccc(-c3ccc4ncsc4c3)cc2)=NCCC1	0.033875
rxn:4:220873:228178	COCc1ccc(F)c(-c2cc(C#N)cc3nnn(C)c23)c1	0.033875
rxn:4:198982:228598	COc1ccc(C)cc1-c1ccc2c(C)ccnc2c1	0.033874
rxn:4:178643:228015	Fc1cc(OC(F)F)cc(-c2cccc(Cl)c2C2CC2)c1	0.033863
rxn:4:198594:228490	O=S(=O)(F)c1cccc(-c2cccc3cnccc23)c1	0.033850
rxn:4:216741:228412	COc1cc(-c2ncn(-c3ccc(F)cc3)n2)c(F)cc1F	0.033850
rxn:4:215498:228476	FC(F)(F)c1ncccc1-c1cnn(Cc2ccncc2)c1	0.033844
rxn:4:183188:228824	Cc1cc(F)c(-c2cccc3c2CCC(=O)CC3)c(F)c1	0.033839
rxn:4:211847:228303	CCN(C)c1ncc(-c2cc3nccnc3c(F)c2F)cn1	0.033833
rxn:4:218378:228063	Cn1ncc2cc(-c3cnc4c(c3)COCC4)cnc21	0.033829
rxn:4:210404:228754	CCn1nc(-c2cnc(SC)c(C)c2)c2ccccc21	0.033827
rxn:4:194008:228123	CCOc1cncc(C)c1-c1cc2[nH]c(C(=O)OC)cc2s1	0.033813
rxn:4:196178:228072	Cc1cc(-c2cc3cccc(Cl)c3s2)c(F)cc1S(N)(=O)=O	0.033812
rxn:4:221885:228231	Cc1nccn1-c1nc(-c2ccc(N(C)C)cc2F)nn1C	0.033807
rxn:4:205467:228061	Cc1noc2cccc(-c3ccc(C(C)(C)C#N)cn3)c12	0.033804
rxn:4:217641:228829	Cc1c(F)cc(-c2cnc3cc(C(C)C)nn3c2)cc1F	0.033801
rxn:4:179107:228168	CCOc1ccc(-c2cc(OC)ccc2C(F)(F)F)c(Cl)c1	0.033796
rxn:4:208333:227847	Cc1c(-c2cnc3ccccc3c2)cnn1C(F)(F)F	0.033770
rxn:4:212319:229042	Cc1cccc(-c2cccc3nn(C)c(C)c23)c1F	0.033767
rxn:4:192282:223325	COC(=O)c1c(C)[nH]c(C)c1-c1cccc2[nH]nc(C)c12	0.033762
rxn:4:216950:228397	COc1cc(-c2ccnc(-n3cc(C)cn3)c2)cc(F)c1F	0.033761
rxn:4:211796:229172	Cc1ncnc(Cl)c1-c1ccc2nnc(Cl)cc2c1	0.033756
rxn:4:208910:228327	COc1cc(-c2ccc(F)c(-n3ccnc3)c2)cnc1OC	0.033753
rxn:4:195212:228827	Cc1cc(F)c(F)cc1-c1nccc(Cl)c1C(F)(F)F	0.033752
rxn:4:197312:228632	COc1cc(-c2c(C)cc(C)nc2C)c2oc(C)nc2c1	0.033747
rxn:4:212147:228576	Cc1ccc(C#N)cc1-c1c(F)ccc2ncn(C)c12	0.033736
rxn:4:195822:228583	CC(C)c1cc(-c2ccccc2-c2cscn2)ccn1	0.033736
rxn:4:188846:223297	CCOC(=O)c1ccc(-c2cc3cc(C)ccc3[nH]2)c(C)n1	0.033733
rxn:4:218247:227926	Cc1nc2ccc(-c3ccc(SC(C)C)cc3)cn2n1	0.033732
rxn:4:211991:228282	Cc1ccn2ncc(-c3ccccc3C(C)(F)F)c2c1	0.033731
rxn:4:192081:227807	CCc1ccc(-c2cccc3c2CCCC3)nc1C(F)(F)F	0.033729
rxn:4:198774:228653	Fc1ccc2cncc(-c3cnn4c3CCCC4)c2c1	0.033723
rxn:4:216961:228193	Cc1ccn(-c2cccnc2-c2cnn(C3CCCC3)c2)n1	0.033711
rxn:4:209071:228575	Cc1cc(-c2cccc(-c3ncccn3)c2)ccc1C#N	0.033700
rxn:4:216991:228098	CCN(C)c1ccc(-c2cnc(-n3cccn3)c(C)c2)cn1	0.033698
rxn:4:217296:227872	N#Cc1n[nH]c2cc(-c3ccc4c(c3)CCC4=O)cc(Cl)c12	0.033695
rxn:4:181345:228503	Cc1cccc(C(F)(F)F)c1-c1ccc2c(c1)CCC2	0.033688
rxn:4:181331:227949	Cc1cc(-c2ccc(Cl)c(C(C)(F)F)c2)cc(C)c1C#N	0.033686
rxn:4:209322:228575	Cc1cc(-c2ccn(-c3ccccc3C)n2)ccc1C#N	0.033671
rxn:4:198712:228709	Cc1cc(-c2c(F)ccc3cccnc23)cc(C#N)n1	0.033671
rxn:4:216969:228326	COc1cc(-c2ncccc2-n2ccnc2C)cc(OC)n1	0.033654
rxn:4:181407:223372	Clc1ccc(-c2ccc(Cl)c3cn[nH]c23)cc1C1CC1	0.033651
rxn:4:216975:227820	Cc1ccccc1-c1[nH]nnc1-c1ccc(C(C)(C)C)cc1	0.033650
rxn:4:208560:227915	CCOc1ccc(-c2ncc(-c3ccccn3)s2)cc1C	0.033647
rxn:4:208568:227928	CCOc1cc(-c2scnc2-c2cccnc2)ccc1C	0.033647
rxn:4:217648:228146	CCc1cncc(-c2ccc3c(nnn3CC)c2C)c1OC	0.033647
rxn:4:216801:228126	COc1ccc(-c2cc(-c3cccnc3)ncn2)c(C#N)c1	0.033646
rxn:4:191733:228266	CSc1c(-c2ncc(C)cc2OC(F)F)ccc(C)c1Cl	0.033645
rxn:4:198968:228887	Cc1cc(-c2cc(C#N)ncc2Cl)c2cnccc2c1	0.033639
rxn:4:216669:227816	CCCc1ccc(-c2cnc(-n3ccc(C)n3)s2)c(C)c1	0.033629
rxn:4:189068:228175	CCOc1cccc(-c2cc(CC)c(C#N)c(CC)c2)c1Cl	0.033628
rxn:4:212007:228224	Cc1ccc2nc(-c3cc(C#N)cc(C)c3Cl)cn2c1	0.033620
rxn:4:192306:223302	Cc1ccc2[nH]ccc2c1-c1ccc(C(C)(C)C#N)cc1	0.033603
rxn:4:216798:228105	CCN(C)c1cc(-c2cccc(-c3ncccn3)n2)ccn1	0.033599
rxn:4:212242:228903	COc1ncc(Cl)cc1-c1ccc2ncc(Cl)nc2c1C	0.033598
rxn:4:220659:228106	CCC(C)c1ncc(-c2cn(-c3cnc(Cl)cn3)cn2)cn1	0.033581
rxn:4:216614:227818	CCC(C)c1cccc(-c2cnn(-c3ccncc3)c2)c1	0.033579
rxn:4:202849:223323	COC(=O)c1cc(-c2cc3[nH]ncc3cc2C)c(C#N)[nH]1	0.033573
rxn:4:212255:223384	CNC(=O)c1ccc(-c2ccc(C)c3cnc(Cl)nc23)cn1	0.033572
rxn:4:210010:228565	CSCc1ccc(-c2ccc3nccc(C#N)c3c2)cc1	0.033570
rxn:4:211854:229258	Fc1cncc(-c2cc3ncnc(Cl)c3cc2F)c1	0.033565
rxn:4:202998:228854	CCOC(=O)c1cc(-c2ccn3cnnc3c2)nn1C	0.033564
rxn:4:216963:228845	Cc1cc(-c2ccncc2-n2ccnc2C)c(F)cc1Cl	0.033550
rxn:4:188085:228054	N#Cc1ccc(OC(F)F)c(-c2cnc3ncccc3c2)c1	0.033548
rxn:4:198469:228184	COc1ccc(-c2ccc3cnoc3c2F)cc1SC	0.033543
rxn:4:209912:228324	COc1cc(-c2cn3cc(C(F)(F)F)sc3n2)c(OC)cn1	0.033541
rxn:4:209340:228926	CSc1ncc(-c2cnc(-c3ccc(C)cc3)[nH]2)cc1Cl	0.033537
rxn:4:210496:227950	COc1cccn2c(-c3cc(N(C)C)ccc3C)c(C)nc12	0.033537
rxn:4:199299:228664	CN1CCc2c(cccc2-c2ccc3scnc3c2)C1	0.033535
rxn:4:212312:227995	COc1c(C)cc(C)cc1-c1cc(C)c2ncn(C)c2c1	0.033525
rxn:4:197560:228265	CC(=O)c1cc(-c2ccc3c(c2)CCC3(C)C#N)ccc1Cl	0.033518
rxn:4:198648:229200	Cc1cccc(-c2nc3ccccc3cc2Cl)c1	0.033517
rxn:4:212347:228413	COc1cc(-c2cc(C)cc3cn(C)nc23)c(Cl)cc1F	0.033503
rxn:4:209063:228145	COc1ccc(C#N)c(-c2ccc(-c3nc(C)no3)cc2)c1	0.033499
rxn:4:189246:228034	CN(C)CCc1ccc(-c2cccc3nccnc23)c(F)c1	0.033498
rxn:4:197563:229025	CCc1ccc2ncc(-c3cc(C)n(C)c3C)cc2c1	0.033484
rxn:4:177302:227921	COC(C)c1cccc(-c2ccc(F)c(COC(C)C)c2)c1	0.033482
rxn:4:176803:227929	CCCOc1c(F)ccc(-c2ccc(C)cc2OCC)c1F	0.033477
rxn:4:208707:227853	Cc1cc(C)c(C#N)c(-c2cccc3c2ccn3C)n1	0.033472
rxn:4:179195:228438	CCC(=O)c1ccc(-c2cc(F)c(Cl)c(OC)c2)c(Cl)c1	0.033468
rxn:4:195866:228130	N#CCc1ccc(-c2cccc(-c3cscn3)c2)c(F)c1	0.033466
rxn:4:198671:228609	COc1cc(-c2ccc3c(Cl)cccc3n2)ccc1C	0.033454
rxn:4:176762:227997	CCOCc1ccc(Cl)c(-c2cc(C3CC3)ccc2F)c1	0.033447
rxn:4:210320:227939	COC(C)c1ccccc1-c1cc2c(C(C)=O)c[nH]c2cn1	0.033440
rxn:4:208673:228134	CCOc1ccc(-c2cc(-c3ncon3)ccc2F)c(C)n1	0.033439
rxn:4:195431:228745	CSc1cc(C)c(-c2cnc(C(C)=O)c(F)c2)cn1	0.033433
rxn:4:208629:227838	Cc1ccc(C2CC2)c(-c2ccc(-c3ncco3)nc2)c1	0.033428
rxn:4:178726:228273	COc1cc(Cl)cc(C)c1-c1cccc(C(=O)C(F)(F)F)c1	0.033423
rxn:4:178905:228206	CN(C)c1cc(F)cc(-c2ccc(CC(F)(F)F)cc2F)c1	0.033422
rxn:4:188233:223316	COC(=O)c1ccc(C#N)c(-c2ccc3[nH]nc(C)c3c2)c1	0.033422
rxn:4:212367:227974	COc1cc(C)c(-c2cc(C)c3ncc(C)n3c2)c(C)c1	0.033403
rxn:4:216671:227823	CC(C)(C)c1ccccc1-c1nccc(-n2cccc2)n1	0.033401
rxn:4:216735:228397	COc1cc(-c2nncn2-c2cccc(Cl)c2)cc(F)c1F	0.033401
rxn:4:182585:223305	Cc1c(F)ccc(-c2ccc3c(C)c[nH]c3c2)c1C	0.033400
rxn:4:195574:227853	Cc1sc(-c2cccc3c2ccn3C)nc1C(C)(F)F	0.033393
rxn:4:216950:227968	Cc1cnn(-c2cc(-c3cnccc3C3CCC3)ccn2)c1	0.033380
rxn:4:181721:227962	Cc1cc(-c2ccc(C3CC(F)(F)C3)cc2)cc(C2CC2)n1	0.033379
rxn:4:210627:228157	CCc1nn(C)c2cc(-c3ccc(OC)cc3OC)ccc12	0.033367
rxn:4:191451:227874	COC(=O)c1onc(C)c1-c1cc(C)c2occc2c1	0.033366
rxn:4:196569:228351	CC(C)(C)c1nccc(-c2cc(-n3ccnc3)cs2)c1F	0.033365
rxn:4:212168:229128	Cc1ncc(Cl)cc1-c1cc2c(cc1F)nc(Cl)n2C	0.033360
rxn:4:216978:228455	COc1ncc(-c2cn(-c3cccc(C)c3)nn2)c(OC)n1	0.033336
rxn:4:197346:229063	CSc1ccc2nccc(-c3ccncc3C#N)c2c1	0.033335
rxn:4:181692:229172	CSc1c(C)cc(-c2c(C)ncnc2Cl)cc1C	0.033317
rxn:4:216798:228647	Cc1cc(C)c(-c2cccc(-c3ncccn3)n2)cc1Cl	0.033317
rxn:4:177304:227905	CCCOc1c(F)ccc(C)c1-c1ccnc(CC(C)C)c1	0.033309
rxn:4:198831:229193	Fc1cncc(Cl)c1-c1ccnc2c(F)c(F)ccc12	0.033296
rxn:4:210308:227930	COc1ccc2nccc(-c3cccc(OC4CC4)c3)c2n1	0.033292
rxn:4:211830:229124	Cc1nc(Cl)c2cc(-c3cnc(C)c(F)c3)sc2n1	0.033280
rxn:4:209977:228115	CC(C)Oc1ccc(-c2ccnc3ccc(C#N)cc23)cn1	0.033274
rxn:4:209307:228143	CCCc1ncc(-c2cnc(-c3ccccc3C)[nH]2)cc1Cl	0.033270
rxn:4:218250:227820	Cc1cn2cc(-c3ccc(C(C)(C)C)cc3)ncc2n1	0.033268
rxn:4:207096:228481	COC(=O)c1cc2nc(-c3ccnc(C(F)(F)F)c3)sc2[nH]1	0.033258
rxn:4:216978:228427	COc1ccc(-c2cn(-c3cccc(C)c3)nn2)c(F)c1Cl	0.033251
rxn:4:210477:228098	CCN(C)c1ccc(-c2ccc3c(c2)ncn3C2CC2)cn1	0.033241
rxn:4:188687:228213	c1ccn(-c2csc(-c3ccc(OCC4CC4)cn3)c2)c1	0.033235
rxn:4:212011:227834	Cc1cc2ccc(-c3ccc(C4CC4)c(C)c3)cn2n1	0.033228
rxn:4:209347:228123	CCOc1cncc(C)c1-c1cnc(C)n1-c1ccccc1	0.033225
rxn:4:188504:228076	CCOCc1ccc(-c2cc3ccc(Cl)cc3s2)nc1	0.033223
rxn:4:218514:228129	COc1cc(C#N)ccc1-c1c(C)[nH]c2c(Cl)nc(C)nc12	0.033216
rxn:4:188571:228528	CC(=O)C(C#N)c1ccc(-c2csc3ccccc23)cc1	0.033212
rxn:4:210155:228345	COC(=O)c1sc(C)cc1-c1cnn2ccc(OC)cc12	0.033208
rxn:4:179585:227963	CCc1cc(SC)c(F)c(-c2ccnc(C(C)(C)C)c2)c1	0.033207
rxn:4:208970:228240	c1csc(-c2ccc(-c3ncc(C4CCC4)cn3)s2)c1	0.033189
rxn:4:176367:228297	CCOC(=O)c1ccc(-c2ccc(OC(F)(F)CF)cc2)s1	0.033179
rxn:4:220621:228246	CC(=O)c1ccc(Cl)c(-c2nccc(-n3ccnc3)n2)c1	0.033179
rxn:4:196301:229214	Clc1cccc(-c2cnccc2-c2ccccc2)c1	0.033179
rxn:4:181632:228289	Cn1nc2ccc(-c3ccc(C4OCCO4)c(F)c3)cc2n1	0.033176
rxn:4:179781:228164	CCOc1cc(-c2ccccc2C(C)CC)ccc1Cl	0.033171
rxn:4:180078:227935	CCc1cc(-c2cccc(C(=O)C(C)(C)C)c2)ccc1OC	0.033135
rxn:4:210495:227925	COc1cc2cnn(C)c2cc1-c1cccc(OC(C)C)c1	0.033130
rxn:4:210306:228264	COc1cc(-c2cccc3[nH]c(C(C)=O)nc23)c(Cl)cc1C	0.033127
rxn:4:220654:228410	COc1ccc(-c2cc(Cl)ccc2-n2cnnn2)c(Cl)c1F	0.033121
rxn:4:212114:227808	Cc1cc(F)c2c(-c3ccc4c(c3)CCCC4)n[nH]c2c1	0.033113
rxn:4:217453:228419	COc1nc2ccc(-c3cc(F)c(SC)cc3F)cn2n1	0.033108
rxn:4:210335:229044	CC(=O)c1c(-c2cc(C)cc(Cl)c2)nc2ccccn12	0.033106
rxn:4:217077:227857	Cn1ccc2cccc(-c3cnc(N4CCOCC4)cn3)c21	0.033093
rxn:4:219802:228400	COc1c(-c2cnn(CCn3cccn3)c2)ccc(F)c1F	0.033083
rxn:4:179059:223302	CCOc1c(Cl)cc(F)cc1-c1c(C)ccc2[nH]ccc12	0.033064
rxn:4:216614:228298	CCOC(=O)c1cc(-c2cnn(-c3ccncc3)c2)cs1	0.033062
rxn:4:185954:228091	CCCOc1c(C#N)cccc1-c1ccc(N(CC)CC)s1	0.033062
rxn:4:179246:228290	COc1c(-c2ccc3nnn(C)c3c2)ccc(SC)c1F	0.033061
rxn:4:212113:228336	COc1ncc(-c2cc3ncn(C)c3cc2F)cc1SC	0.033061
rxn:4:192710:228032	Clc1cc(-c2cnc3cccnc3c2)ccc1CN1CCC1	0.033061
rxn:4:179544:228440	COc1cc(Cl)c(F)c(-c2cc(CC3CC3)ccc2Cl)c1	0.033057
rxn:4:214403:228039	COC(=O)Cn1cnc(-c2cnc3ccccc3n2)n1	0.033055
rxn:4:178629:227835	Cc1ccc(-c2ccc(Cl)cc2OC(F)F)cc1C1CC1	0.033041
rxn:4:205630:228286	Cc1cc(-c2ccnc(C3(C#N)CCC3)c2)cn2cnnc12	0.033041
rxn:4:197361:228206	COc1ccc2ncc(-c3cc(F)cc(N(C)C)c3)cc2c1	0.033039
rxn:4:216960:228270	COc1cc(Cl)c(C)cc1-c1ccc(-n2cnc(C)c2)cn1	0.033036
rxn:4:210433:228408	CCn1cnc2cc(-c3cc(F)c(OC)cc3F)c(F)cc21	0.033029
rxn:4:210013:228331	CCOc1nccc(-c2ccc3c(C#N)nccc3c2)c1Cl	0.033022
rxn:4:181593:223296	CCc1cc(C)c(F)c(-c2cc3ccc(C)cc3[nH]2)c1	0.033016
rxn:4:217609:228698	CCC(=O)c1ccc(-c2c(C)nc3cncc(OC)n23)s1	0.033014
rxn:4:197373:228100	CCCn1nc(C)c(-c2cccc3cnc(OC)cc23)c1C	0.033007
rxn:4:182958:228394	O=C1CCOc2cc(F)c(-c3ccccc3C(F)(F)F)cc21	0.033006
rxn:4:205880:227825	CC(C)(C)Oc1nc(Cl)cc(-c2cccc(C3CCC3)c2)n1	0.033003
rxn:4:195903:228735	COc1cncc(C)c1-c1nc(-c2ccccc2)sc1Cl	0.033001
rxn:4:217081:227877	Cc1cc2cc(-c3cnc(N4CCOCC4)nc3)ccc2s1	0.032991
rxn:4:211759:227954	Clc1cnnc2cc(-c3ccc(C4CCC4)nc3)ccc12	0.032981
rxn:4:198932:228781	Cc1cc2c(-c3ccc(C(F)F)cc3)ccc(F)c2[nH]1	0.032980
rxn:4:199176:229045	Cc1cc(F)cc(-c2ccc3c(=O)n(C)ccc3c2)c1	0.032965
rxn:4:216614:228243	CC(=O)c1cccc(-c2cnn(-c3ccncc3)c2)c1F	0.032959
rxn:4:208465:228298	CCOC(=O)c1cc(-c2cn(-c3ccco3)c(F)n2)cs1	0.032959
rxn:4:209078:228869	COC(=O)c1cc(-c2cncc(-c3cccnc3)c2)cs1	0.032958
rxn:4:195927:223401	CNc1cc(-c2csc(-c3cccc(Cl)c3)n2)ccc1C	0.032953
rxn:4:208569:228926	CSc1ncc(-c2scnc2-c2ccncc2)cc1Cl	0.032951
rxn:4:216934:228437	Cn1nnc(-c2ccccc2)c1-c1ccc(C(F)F)cc1F	0.032947
rxn:4:220724:228615	CSc1ccc(C)cc1-c1cnn(-c2ccc(C)nn2)c1	0.032939
rxn:4:208548:227898	Cc1csc(-c2nc(-c3cncc(CC(C)C)c3)cs2)n1	0.032930
rxn:4:210372:228485	COc1nc2ncccc2cc1-c1ccncc1C(F)(F)F	0.032898
rxn:4:186154:228043	CCCOc1ccc(-c2cccc3ncn(C)c23)c(OC)n1	0.032893
rxn:4:196682:228429	CSc1ccc(F)c(-c2cc(F)cc(N3CCCC3)c2)c1F	0.032892
rxn:4:195947:228730	N#Cc1ccc(-c2nccc(-c3ccco3)c2F)cc1Cl	0.032873
rxn:4:212077:227909	CCC(C)c1cc(-c2c(C)nc3ccc(Cl)cn23)ccn1	0.032871
rxn:4:199224:229203	CCc1ccsc1-c1ccc(F)c2c(C)cn(C)c12	0.032868
rxn:4:183125:228854	O=S1(=O)CCCc2cccc(-c3ccn4cnnc4c3)c21	0.032865
rxn:4:199056:229287	Cc1cc(Cl)c2cccc(-c3sccc3C)c2n1	0.032847
rxn:4:205048:223305	Cc1c[nH]c2cc(-c3nc(C(F)(F)F)ccc3C#N)ccc12	0.032846
rxn:4:198687:229045	Cc1cc(F)cc(-c2nccc3cccc(F)c23)c1	0.032843
rxn:4:218522:228118	COc1cccc(-c2cnc3c(c2)n(C)c(=O)n3C)c1C#N	0.032836
rxn:4:210414:228150	CCn1nc2ccccc2c1-c1ccc(C(=O)OC)cc1	0.032835
rxn:4:208998:228358	Clc1nc(-c2cnn(-c3ccoc3)c2)cc(C2CCC2)n1	0.032835
rxn:4:210627:228314	CCOc1ncc(-c2ccc3c(CC)nn(C)c3c2)cc1Cl	0.032832
rxn:4:209979:228158	CCOc1cc(F)cc(-c2cc(C#N)c3ccccc3n2)c1	0.032828
rxn:4:198446:228724	N#Cc1ccc(-c2ccc3cnsc3c2Cl)c(Cl)c1	0.032828
rxn:4:197552:228678	CC(C)Cn1nccc1-c1ccc2c(ccn2C2CC2)c1	0.032827
rxn:4:210185:228317	COC(=O)c1ccc(-c2ncn3c(OC)cccc23)cn1	0.032824
rxn:4:180955:228013	Fc1ccc(-c2ccc(F)c(C3CC3)c2)c(C(F)F)c1	0.032799
rxn:4:209084:228120	CCOc1ncc(C)cc1-c1ccc(-c2csc(C)n2)nc1	0.032781
rxn:4:198637:228729	N#Cc1cc(F)ccc1-c1ccc(Cl)c2cnccc12	0.032778
rxn:4:210003:229141	N#Cc1nc2ccccc2cc1-c1ccc(F)cc1Cl	0.032778
rxn:4:216821:228836	Cc1ncc(-c2csc(-c3cc(C)c(F)cc3Cl)n2)cn1	0.032775
rxn:4:220699:228603	CC(=O)c1cccc(-c2ncnc(-c3ccncc3)n2)c1	0.032758
rxn:4:181452:227815	CCC(C)c1ccccc1-c1cccc(C2(F)CC2)c1	0.032725
rxn:4:210633:228115	CC(C)Oc1ccc(-c2nc(C(C)C)n3ccccc23)cn1	0.032719
rxn:4:212127:228371	Cn1ncc2cc(F)cc(-c3ccc(F)c(C#N)c3F)c21	0.032702
rxn:4:198900:228273	COc1cc(Cl)cc(C)c1-c1ccc2cc(C)cn2c1	0.032690
rxn:4:182154:228927	COc1nccc(F)c1-c1cccc2cc(C(C)=O)oc12	0.032661
rxn:4:189256:228665	CCC(F)(CC)c1ccc(-c2ccc3ncoc3c2)cn1	0.032638
rxn:4:216834:227963	CC(C)(C)c1cc(-c2cccnc2-c2cncnc2)ccn1	0.032636
rxn:4:177444:228025	COCc1cc(-c2cccc3c2cnn3C)cc(C2CC2)c1	0.032636
rxn:4:209004:228353	Cc1nnc(-c2ccccc2-c2cnc(N(C)C)c(Cl)c2)s1	0.032631
rxn:4:208650:228191	Cc1cc(-c2csc(-c3ccc(Cl)cn3)n2)cnc1N(C)C	0.032631
rxn:4:211615:227926	CC(C)Sc1ccc(-c2cc3ccnn3cc2F)cc1	0.032623
rxn:4:210403:228300	CCOC(=O)c1ccsc1-c1ccc2c(c1)ncn2CC	0.032618
rxn:4:197321:228314	CCOc1ncc(-c2cc3ncccc3cc2OC)cc1Cl	0.032615
rxn:4:220588:228119	CC(C)Sc1ccc(-c2cnc(-c3ncon3)nc2)cn1	0.032612
rxn:4:198755:228463	Cc1nc2c(Cl)cc(-c3ccc(OC(F)F)nc3)cc2s1	0.032609
rxn:4:183011:228703	Cc1c(-c2cnn(C3CCC3)c2)ccc2ccccc12	0.032606
rxn:4:196651:223300	Cc1c[nH]c2ccc(-c3ccncc3C3CCCC3)cc12	0.032606
rxn:4:209366:228013	Cc1n[nH]cc1-c1ccc(-c2ccc(F)c(C3CC3)c2)cc1	0.032596
rxn:4:198485:228626	CCc1cccc(-c2cc(F)c(F)c3ncsc23)c1F	0.032583
rxn:4:195838:228273	COc1cc(Cl)cc(C)c1-c1ncc(-c2ccccc2)o1	0.032571
rxn:4:192548:227862	Cc1cccc2cc(-c3cncc(OC4CCOC4)c3)sc12	0.032562
rxn:4:196679:228466	COC(=O)c1sc(Cl)cc1-c1ccc(Cl)cc1N1CCCC1	0.032551
rxn:4:210623:228393	COc1c(F)cc(F)cc1-c1ccn2cc(C(C)C)nc2c1	0.032549
rxn:4:182854:228042	Cn1c(-c2c(F)ccc3c2CCC3=O)cc2cccnc21	0.032544
rxn:4:208906:227861	Fc1c(-c2cnc3c(c2)CCCC3)cnn1-c1ccccc1	0.032543
rxn:4:197371:227879	COc1cc(-c2cccc(CCC#N)c2)cc2ccncc12	0.032543
rxn:4:208849:228008	Cc1cn(-c2ccc(-c3cc(Cl)cc(C4CC4)c3)o2)cn1	0.032532
rxn:4:198697:227969	Cc1nccc(-c2ccc3ccncc3c2F)c1C1CC1	0.032530
rxn:4:179390:228658	Cc1ccc(-c2cn3ccccc3n2)cc1CC(F)(F)F	0.032517
rxn:4:206327:228189	CCSc1ccc(F)c(-c2cncnc2CC2CCCC2)c1	0.032517
rxn:4:179961:228533	Cc1ccc(-c2ccc3occc3c2)c(OC(C)C)c1	0.032506
rxn:4:211784:228425	COc1c(Cl)cc(F)cc1-c1cnc2ccncc2c1Cl	0.032496
rxn:4:208889:228499	Cn1nc(C(F)(F)F)cc1-c1ccn(-c2ccc(Cl)cc2)n1	0.032485
rxn:4:217438:228378	CSc1nccn2c(-c3ccc(C#N)c(F)c3F)cnc12	0.032465
rxn:4:218390:228184	COc1ccc(-c2nc3c(Cl)cc(C)cn3n2)cc1SC	0.032460
rxn:4:209616:227874	Cc1cc(-c2cc(C3CCCOC3)ncn2)cc2ccoc12	0.032449
rxn:4:208920:227938	CCOc1c(C)cccc1-c1cnn(-c2cccc(F)c2)c1	0.032449
rxn:4:198438:228564	CCC(C)c1ccc(-c2nc3ccc(Cl)cc3o2)s1	0.032437
rxn:4:198570:228245	CC(=O)c1ccc(-c2ccc3ccccc3n2)cc1F	0.032423
rxn:4:179446:223297	COC(=O)c1c(F)ccc(C)c1-c1cc2cc(C)ccc2[nH]1	0.032422
rxn:4:205632:228438	COc1cc(-c2nccn2Cc2ccccc2)cc(F)c1Cl	0.032413
rxn:4:182150:229019	CC(=O)c1cc2cc(-c3ccc(C)nc3C)ccc2o1	0.032408
rxn:4:199197:228077	Cc1[nH]c2cc(-c3ccc4c(c3)C(=O)OC4)ccc2c1C	0.032366
rxn:4:208665:228497	FC(F)(F)Cn1nccc1-c1cccc(-c2nsc(Cl)n2)c1	0.032354
rxn:4:216074:228394	CCCn1ncc2cc(-c3ccccc3C(F)(F)F)cnc21	0.032348
rxn:4:196166:228581	Cc1c(C#N)cccc1-c1ccc(-n2cccc2)cc1F	0.032324
rxn:4:210209:228848	COc1cc(-c2c(F)cc(C)cc2Cl)cn2ncc(Cl)c12	0.032320
rxn:4:209046:228472	FC(F)(F)c1ccc(-c2ncccc2-c2ccncc2)cn1	0.032314
rxn:4:196301:223309	CC(C)Nc1ccc(-c2cnccc2-c2ccccc2)cc1	0.032281
rxn:4:176478:228382	COc1nc(C)c(Cl)cc1-c1ccc(SC)c(OC(F)F)c1	0.032279
rxn:4:198675:228604	COc1cc(C)cc(-c2nc3c(C)ccc(Cl)c3s2)c1	0.032272
rxn:4:216949:227825	Cc1ccn(-c2cc(-c3cccc(C4CCC4)c3)ccn2)n1	0.032270
rxn:4:195878:228626	CCc1cccc(-c2ccc(-c3ccns3)cc2)c1F	0.032260
rxn:4:199109:228711	Cc1cnc(C#N)c(-c2cc(C)nc3ccc(F)cc23)c1	0.032234
rxn:4:198671:228141	CCCc1cc(F)c(-c2ccc3c(Cl)cccc3n2)cn1	0.032229
rxn:4:179993:228175	CCOc1cccc(-c2cc(F)cc(C)c2OC(C)C)c1Cl	0.032218
rxn:4:179980:227967	CC(C)(C)Oc1ccc(-c2cccnc2C2CCC2)c(Cl)c1	0.032216
rxn:4:195968:228275	COc1c(F)cc(C)cc1-c1cc(-c2cnco2)ccc1F	0.032213
rxn:4:191514:227856	COC(=O)c1nc(-c2ccc3ccncc3c2)ccc1Cl	0.032208
rxn:4:211616:228499	Cn1nc(C(F)(F)F)cc1-c1cc(F)c2ccnn2c1	0.032200
rxn:4:198951:229171	Cc1ncc(-c2ccc3c(=O)oc(C)nc3c2)c(Cl)n1	0.032185
rxn:4:192315:228533	CC(C)c1cc(C#N)cc(-c2ccc3occc3c2)c1	0.032176
rxn:4:209016:228410	COc1ccc(-c2cccnc2-c2ccccn2)c(Cl)c1F	0.032169
rxn:4:198689:228425	COc1c(Cl)cc(F)cc1-c1nc2ccccc2cc1F	0.032166
rxn:4:198443:227960	Clc1ccnc2scc(-c3ccncc3C3CCC3)c12	0.032164
rxn:4:181201:228058	CC(=O)c1cc(-c2ccc3nc(C)oc3c2)ccc1Cl	0.032161
rxn:4:176779:228437	CCCOc1cccc(-c2ccc(C(F)F)cc2F)c1F	0.032157
rxn:4:196282:229077	CSc1ccc(-c2csc(-c3ccccc3C)n2)cn1	0.032149
rxn:4:179216:227864	COc1cc(F)c(-c2cc3ccc(C)cc3s2)c(OC)c1	0.032146
rxn:4:181527:228687	CCSc1ccc(-c2ccc(C(C)=O)c(C)c2)cn1	0.032138
rxn:4:179543:227840	Cc1cccc(-c2cc(OC(C)C)ccc2Cl)c1C1CC1	0.032124
rxn:4:208578:227828	Cc1c(-c2ccc(-c3cncs3)cn2)cccc1C1CC1	0.032103
rxn:4:197071:228278	COc1cc(C)c(F)cc1-c1ccc2sc(C#N)cc2c1	0.032094
rxn:4:197065:228272	COc1c(C)ccc(-c2cccc3sc(C#N)cc23)c1F	0.032094
rxn:4:205239:228497	COc1ncc(-c2ccnn2CC(F)(F)F)c(SC)n1	0.032091
rxn:4:181015:228239	COc1nc(C)c(-c2ccc(F)c(C(F)(F)F)c2Cl)cc1C	0.032088
rxn:4:195894:228844	Cc1c(-c2cccc(-c3cncs3)c2)ccc(F)c1F	0.032070
rxn:4:218410:228017	Cc1nc2cncc(Cl)n2c1-c1cc(C2CC2)ccc1Cl	0.032062
rxn:4:181397:227851	CSc1cc(C)cc(-c2cccc3ccncc23)c1	0.032060
rxn:4:199118:228979	CCc1ccccc1-c1c(C)cc(F)c2ncccc12	0.032055
rxn:4:211517:228435	CSc1ccc(F)c(F)c1-c1cc2nccn2cc1Cl	0.032036
rxn:4:205131:228556	COCc1ccc(-c2cnc(C(=O)OC)nc2Cl)cc1	0.032017
rxn:4:211615:227841	Cc1cc(C)c(C)c(-c2cc3ccnn3cc2F)c1C	0.032006
rxn:4:177305:227980	CC(C)COc1ccc(-c2ccc(C3CC3)cc2F)c(F)c1	0.031995
rxn:4:181860:228636	Cc1cc(F)cc(C)c1-c1ccc(C(C)(C)C)cc1F	0.031979
rxn:4:182628:228163	CCOc1ccc(Cl)c(-c2ccc3ccsc3c2)c1	0.031977
rxn:4:191908:227845	Cc1c(Cl)cc(CC#N)cc1-c1cccc2cnccc12	0.031966
rxn:4:218036:228350	c1nc2c[nH]cc(-c3cnn(-c4ccsc4)c3)c-2n1	0.031960
rxn:4:178686:223374	Fc1ccc(-c2ccc3c(Cl)n[nH]c3c2)c(F)c1OC(F)F	0.031948
rxn:4:197530:228131	CCc1ccc2nccc(-c3cc(F)cc(CC#N)c3)c2c1	0.031934
rxn:4:198566:228836	Cc1cc(-c2ccnc3ccccc23)c(Cl)cc1F	0.031929
rxn:4:186549:228415	CCN(CC)Cc1ccccc1-c1cc(F)ccc1C(F)F	0.031921
rxn:4:176812:229072	COC(=O)c1ccc(OC)cc1-c1cncc(SC)c1	0.031920
rxn:4:195853:228241	CC(=O)c1cc(-c2cccc(-c3ccoc3)n2)ccc1F	0.031914
rxn:4:183148:228430	CSc1cc(F)c(-c2cc3c(cc2F)OC(C)CC3)c(F)c1	0.031895
rxn:4:176472:227948	CSc1ccc(OC(F)F)cc1-c1cc(C2CC2)cnc1C	0.031887
rxn:4:216993:227841	Cc1cc(C)c(C)c(-c2ccc(-c3ccn(C)n3)nc2)c1C	0.031868
rxn:4:209336:228507	CCCc1cccc(-c2cn(-c3ccccc3C)cn2)c1	0.031855
rxn:4:176846:229164	COC(=O)c1cccc(-c2cncc(OC)n2)c1SC	0.031851
rxn:4:212333:228360	Cc1ccnc2c1c(-c1cnc(C(C)C)nc1Cl)cn2C	0.031847
rxn:4:197336:228614	CCc1ccc(Cl)cc1-c1nccc2cccc(OC)c12	0.031841
rxn:4:210424:227807	CCn1cc2cc(-c3cccc4c3CCCC4)ccc2n1	0.031832
rxn:4:177276:228084	CCCOc1ccc(-c2ccc(Cl)cc2OCC(C)C)cn1	0.031830
rxn:4:176798:228170	CCCOc1cc(-c2cc(F)ccc2OCC)cc(Cl)c1F	0.031826
rxn:4:198938:227910	CCC(C)c1ccc(-c2cn(C)c3c(F)cccc23)cn1	0.031822
rxn:4:216552:228590	Cc1cccc(-c2cnc(-c3cscn3)nc2Cl)c1C#N	0.031821
rxn:4:197346:228717	CSc1ccc2nccc(-c3cn(C4CC4)nc3C)c2c1	0.031819
rxn:4:208735:228016	O=c1ccccn1-c1ncc(-c2cc(C3CCCC3)cs2)s1	0.031794
rxn:4:199089:229019	Cc1ccc(-c2cc(C)c3nccc(Cl)c3c2)c(C)n1	0.031793
rxn:4:209930:228001	CC(C)c1cc(-c2ccc3c(C#N)c[nH]c3c2)ccc1Cl	0.031776
rxn:4:209931:227994	CC(C)c1ccc(Cl)c(-c2cccc3[nH]c(C#N)cc23)c1	0.031776
rxn:4:208432:223411	c1cnc2[nH]c(-c3csc(-n4cccc4)n3)cc2c1	0.031764
rxn:4:195935:228120	CCOc1ncc(C)cc1-c1scnc1-c1ccc(F)cc1	0.031762
rxn:4:192489:227876	Cc1oc2ccccc2c1-c1ccc(Cl)cc1CN(C)C	0.031758
rxn:4:209311:227970	Cn1ncc(-c2ccncc2C(C)(C)C)c1-c1ccccc1	0.031738
rxn:4:195881:228466	COC(=O)c1sc(Cl)cc1-c1ccc(-c2ccon2)cc1	0.031734
rxn:4:210352:228238	CC(=O)n1ncc2ccc(-c3cnc(C(C)C)c(Cl)c3)cc21	0.031716
rxn:4:181345:228425	COc1c(Cl)cc(F)cc1-c1c(C)cccc1C(F)(F)F	0.031713
rxn:4:212280:228301	CCOC(=O)c1sccc1-c1ccc2ncn(C)c(=O)c2c1	0.031704
rxn:4:198714:228798	CSc1cc(-c2cc(F)cc3nc(C)oc23)ccc1F	0.031703
rxn:4:189616:227813	CCc1cccc(CC)c1-c1cccc(CN(C)C(C)C)c1	0.031681
rxn:4:212398:227862	Cc1nn2c(c1-c1cc3cccc(C)c3s1)OCC(C)C2	0.031673
rxn:4:179359:227842	COC(=O)c1ccc(C)c(-c2cccc3ncccc23)c1	0.031648
rxn:4:181037:228906	Fc1cc(Cl)cc(-c2ccnc(C(F)F)c2)c1C(F)(F)F	0.031646
rxn:4:178848:228065	COC(=O)c1c(Cl)cccc1-c1ccc2onc(C)c2c1	0.031629
rxn:4:208659:227829	Fc1ccc(-c2ccccc2C2CCC2)cc1-c1ncon1	0.031613
rxn:4:210335:228126	COc1ccc(-c2nc3ccccn3c2C(C)=O)c(C#N)c1	0.031608
rxn:4:210658:228627	CCc1ccc(Cl)c(-c2ccc3nn(C)c(CC)c3c2)c1	0.031607
rxn:4:188553:228056	COC(=O)c1sc(-c2cc(C)c3nccn3c2)nc1C1CC1	0.031598
rxn:4:196312:227941	COCc1cc(C)cc(-c2ccc(-c3ncc(C)o3)cc2)c1	0.031573
rxn:4:183001:228442	COc1cc(Cl)c(F)cc1-c1ccc2c(=O)cc(C)oc2c1	0.031570
rxn:4:211897:228441	CSc1ccc(-c2cnc3cccc(C)n23)c(Cl)c1F	0.031562
rxn:4:179992:228969	Cc1cc(-c2cscc2C(F)(F)F)cc(OC(C)C)c1F	0.031555
rxn:4:197491:228769	CCc1ncc(Cl)cc1-c1cc2c(CC)c[nH]c2cc1Cl	0.031553
rxn:4:182132:228634	COc1ccc2occc2c1-c1c(C)cc(Cl)cc1C	0.031549
rxn:4:192312:227864	Cc1ccc2cc(-c3ccc(OC4CCC4)nc3)sc2c1	0.031524
rxn:4:198422:227999	CC(C)c1ccc(-c2cccc3nc(Cl)oc23)c(F)c1	0.031508
rxn:4:181624:227857	Cn1ccc2cccc(-c3ccc(C4OCCO4)c(Cl)c3)c21	0.031496
rxn:4:181372:228161	CCOc1ccc(-c2cc(F)cc(C)c2C(F)(F)F)c(F)c1	0.031495
rxn:4:210624:227861	CC(C)n1cnc2cc(-c3cnc4c(c3)CCCC4)ccc21	0.031490
rxn:4:218524:227999	Cc1cn2c(-c3ccc(C(C)C)cc3F)c(C)nc2c(C)n1	0.031480
rxn:4:216674:228266	CSc1c(-c2cc(-n3cccc3)ncn2)ccc(C)c1Cl	0.031467
rxn:4:216918:228301	CCOC(=O)c1sccc1-c1cncc(-n2cnc(C)c2)c1	0.031453
rxn:4:195868:228621	CSc1cc(C)ccc1-c1ccc(-c2cnco2)cc1	0.031452
rxn:4:197691:227949	CCc1c(C)[nH]c2ccc(-c3cc(C)c(C#N)c(C)c3)cc12	0.031446
rxn:4:181615:227834	Cc1cc(-c2ccc(F)cc2C(C)(C)F)ccc1C1CC1	0.031443
rxn:4:221082:229053	COCc1ccc(-c2cnc3c4cc[nH]c4ncn23)s1	0.031436
rxn:4:195853:227813	CCc1cccc(CC)c1-c1cccc(-c2ccoc2)n1	0.031435
rxn:4:208894:228219	CC(C)c1cc(F)c(-c2cn(-c3ccc(Cl)cc3)cn2)cn1	0.031427
rxn:4:182797:228504	Cc1cc2c(-c3cccc4c3CCC4)cccc2o1	0.031413
rxn:4:210527:228390	COc1cc(-c2ccc3c(cnn3C3CC3)c2)c(F)cc1Cl	0.031413
rxn:4:182662:228077	O=C1OCc2ccc(-c3ccc(F)c4ccoc34)cc21	0.031401
rxn:4:199301:228285	Cc1nnc2ccc(-c3cc(Cl)cc4c3CCN(C)C4)cn12	0.031397
rxn:4:199172:228282	Cn1c(=O)ccc2cccc(-c3ccccc3C(C)(F)F)c21	0.031390
rxn:4:197487:227997	CCc1ccc(-c2cc(C3CC3)ccc2F)c2[nH]ccc12	0.031387
rxn:4:195836:228336	COc1ncc(-c2cc(-c3ccccc3)ns2)cc1SC	0.031386
rxn:4:217521:228266	CCc1cnc2cnc(-c3ccc(C)c(Cl)c3SC)cn12	0.031382
rxn:4:197153:228284	Cn1cc2cc(-c3ccc4c(c3)C=C(C#N)CO4)cnc2n1	0.031378
rxn:4:197376:228251	COc1cc(Cl)c(-c2cnc3ccccc3c2OC)cc1C	0.031374
rxn:4:221869:228321	COC(=O)c1cncc(-c2nncn2-c2cnccn2)c1	0.031355
rxn:4:195866:228646	Cc1cc(-c2cccc(-c3cscn3)c2)cc(F)c1C	0.031350
rxn:4:199249:228981	CCc1cccc(-c2cc(C)cc3c(C)ccnc23)c1	0.031324
rxn:4:213482:228065	COC(=O)c1cc(-c2ccc3onc(C)c3c2)nn1CC#N	0.031286
rxn:4:217657:228332	COc1cc(SC)c(-c2ccc3nnc(C(C)C)n3c2)cn1	0.031277
rxn:4:210640:228840	Cc1c(F)ccc(F)c1-c1ccc2ncn(C(C)C)c2c1	0.031276
rxn:4:179990:227978	Cc1ccc(F)c(OC(C)C)c1-c1cc(C(C)C)ccc1F	0.031275
rxn:4:212169:227993	COc1ccc(C)c(-c2ccc3nn(C)c(Cl)c3c2F)c1C	0.031225
rxn:4:177813:227834	Cc1cc(-c2ccccc2COC(C)(C)C)ccc1C1CC1	0.031204
rxn:4:182830:228096	FCCOc1ccc(-c2cc(F)c3ccccc3c2)cc1	0.031200
rxn:4:199089:228145	COc1ccc(C#N)c(-c2cc(C)c3nccc(Cl)c3c2)c1	0.031199
rxn:4:181504:229031	Cc1ccc(-c2occc2-c2cccc(F)c2)c(F)c1	0.031171
rxn:4:199111:228587	Cc1cc(C#N)cc(-c2ccnc3c(F)c(C)ccc23)c1	0.031163
rxn:4:218386:227826	Cc1cn2nc(Cl)cc(-c3cccc(C(C)(C)C)c3)c2n1	0.031152
rxn:4:212216:227986	Cc1ccc2ncc(-c3ccc(Cl)c(C4CC4)c3)cc2n1	0.031147
rxn:4:198946:228520	Cc1cc(C)c(-c2cc(F)c3[nH]cc(C)c3c2)cc1C	0.031141
rxn:4:209358:228182	Cc1cn(-c2ccc(-c3cccc(CC(F)F)c3)cc2)cn1	0.031135
rxn:4:208803:228621	CSc1cc(C)ccc1-c1cnc(Cl)nc1C(C)C	0.031110
rxn:4:181457:228150	COC(=O)c1ccc(-c2ccc(C)c(F)c2SC)cc1	0.031108
rxn:4:198831:228601	CC(=O)c1ccccc1-c1ccnc2c(F)c(F)ccc12	0.031099
rxn:4:196187:229214	Clc1cccc(-c2ccc(-n3cccc3)c(Cl)c2)c1	0.031078
rxn:4:217513:228209	Cc1cc(Cl)c(-c2cc(C#N)c3nn(C)cc3c2)cc1C#N	0.031069
rxn:4:202893:229171	COC(=O)c1ncc(-c2cnc(C)nc2Cl)cc1C#N	0.031063
rxn:4:195970:228187	COCc1ccc(-c2ccc(-c3cnco3)c(F)c2)c(Cl)c1	0.031037
rxn:4:198671:228299	CCOC(=O)c1csc(-c2ccc3c(Cl)cccc3n2)c1	0.031033
rxn:4:181724:228201	Cc1ccc(-c2coc(-c3cnc(C4CCC4)nc3)c2)cc1	0.031026
rxn:4:191400:228841	Cc1cc(Cl)c(F)cc1-c1ccc(C(F)(F)F)cc1C#N	0.031020
rxn:4:176591:228041	CCOC(=O)c1cc(Cl)cc(-c2ccnc3cnccc23)c1	0.031018
rxn:4:181732:229220	Cc1cc(-c2ccc(-c3ccccc3C)o2)c(C)s1	0.031015
rxn:4:199014:227869	Cc1cnc2ccc(-c3ccc4c(c3)CC(C)O4)cc2c1	0.030975
rxn:4:188348:227865	CCOC(=O)c1nc(-c2sc3ccccc3c2C)c(C)s1	0.030962
rxn:4:216741:228477	Fc1ccc(-n2cnc(-c3cnccc3C(F)(F)F)n2)cc1	0.030942
rxn:4:179591:228522	CC(C)Oc1cc(F)c(-c2ccn3cccc3c2)cc1Cl	0.030919
rxn:4:180976:228027	Fc1ccc(F)c(C(F)F)c1-c1ccc2cncnc2c1	0.030917
rxn:4:185950:229091	CCCOC(=O)c1cncc(-c2ccoc2C(C)=O)c1	0.030903
rxn:4:175283:228336	COc1ncc(-c2cccc(OCCC(C)C)c2)cc1SC	0.030883
rxn:4:179541:228543	CCCCc1ccsc1-c1cc(Cl)cc(OC(C)C)c1	0.030858
rxn:4:195419:228080	Cc1cc(-c2cc3c(Cl)cccc3s2)ccc1C#N	0.030857
rxn:4:176758:227856	CCCOc1cc(Cl)cc(-c2ccc3ccncc3c2)c1	0.030852
rxn:4:177160:228067	CC(=O)COc1ccc(-c2cc3ccc(F)cc3s2)c(C)c1	0.030835
rxn:4:203141:228451	CCOC(=O)c1nn(C)c(-c2ccc3nnnn3c2C)c1C	0.030813
rxn:4:216481:223374	Clc1n[nH]c2cc(-c3cnc(-n4cccn4)s3)ccc12	0.030799
rxn:4:218438:227870	Cn1c(-c2ccc3c(c2)C(=O)CC3)cc2cnc(Cl)nc21	0.030794
rxn:4:209053:228311	CCCc1ncc(-c2ccccc2-c2cnccn2)c(Cl)n1	0.030792
rxn:4:181819:228633	Cc1cc(-c2ccc(C3=CCCC3)cc2)cc(C)c1Cl	0.030789
rxn:4:217468:229234	COc1nc(Cl)nc2c(-c3ccc(SC)s3)c[nH]c12	0.030786
rxn:4:182682:227867	Fc1cc(-c2cccc3c2OCCC3)c2occc2c1F	0.030785
rxn:4:205251:228798	CCn1ncc(-c2ccc(F)c(SC)c2)c1C(F)(F)F	0.030783
rxn:4:210526:228519	Cc1cc(C)c(-c2cnc3c(ccn3C3CC3)c2)c(C)c1	0.030776
rxn:4:197395:228078	COc1ccc2cncc(-c3ccc4c(c3)COC4=O)c2c1	0.030776
rxn:4:197150:228257	COc1cc(C)cc(F)c1-c1cc2ccccc2cc1C#N	0.030767
rxn:4:217501:228317	COC(=O)c1ccc(-c2ccc3c(C#N)nn(C)c3c2)cn1	0.030766
rxn:4:188232:228386	COC(=O)c1cc(-c2cc(-c3nccs3)cs2)ccc1C#N	0.030764
rxn:4:188230:228061	COC(=O)c1cc(C#N)cc(-c2cccc3onc(C)c23)c1	0.030723
rxn:4:199252:228382	COc1nc(C)c(Cl)cc1-c1ccc2nc(C)cc(C)c2c1	0.030722
rxn:4:175120:227948	CCCCC(=O)c1cccc(-c2cc(C3CC3)cnc2C)c1	0.030714
rxn:4:181336:227807	Cc1ccc(C(F)(F)F)cc1-c1cccc2c1CCCC2	0.030701
rxn:4:182608:228431	CSc1c(F)cc(F)cc1-c1csc2ccsc12	0.030692
rxn:4:178906:228000	COc1cc(C)c(C)cc1-c1ccc(C(F)C(F)(F)F)cc1	0.030680
rxn:4:182509:227866	Cc1ccc2sc(-c3ccc(F)c(C)c3)cc2c1	0.030675
rxn:4:182950:228213	O=C1CCOc2cc(Cl)c(-c3cc(-n4cccc4)cs3)cc21	0.030651
rxn:4:182767:228472	FC(F)(F)c1ccc(-c2cccc3ccccc23)cn1	0.030643
rxn:4:210424:227826	CCn1cc2cc(-c3cccc(C(C)(C)C)c3)ccc2n1	0.030630
rxn:4:210651:227834	Cc1cc(-c2cc(C(C)C)c3[nH]ncc3c2)ccc1C1CC1	0.030628
rxn:4:198439:228792	CSc1ccc(-c2ccc3c(Cl)nsc3c2)cc1F	0.030605
rxn:4:179463:228341	CCc1cc(-c2ccc(OC(F)F)cc2)cc(C(F)(F)F)c1	0.030604
rxn:4:197213:228624	COc1c(Cl)cc(-c2ccc(C)c(SC)c2)c2[nH]ccc12	0.030601
rxn:4:178814:227937	COC(=O)c1cc(C)oc1-c1cccc(SC(C)C)c1	0.030591
rxn:4:179707:227847	CCC(=O)c1cccc(C)c1-c1cnc2ccccc2c1	0.030590
rxn:4:208642:228805	CSc1cccc(-c2ccc(-c3noc(Cl)n3)cc2)c1F	0.030578
rxn:4:196271:228401	COc1c(F)ccc(F)c1-c1nc(-c2cccc(C)c2)cs1	0.030565
rxn:4:195958:228255	COc1c(-c2ccc(-c3cnco3)cc2Cl)ccc(C)c1F	0.030562
rxn:4:176769:228449	CCCOc1ccc(F)cc1-c1cc(SC)c(Cl)cc1F	0.030560
rxn:4:178906:228824	Cc1cc(F)c(-c2ccc(C(F)C(F)(F)F)cc2)c(F)c1	0.030544
rxn:4:211837:228332	COc1cc(SC)c(-c2cc(F)cc3nc(Cl)cnc23)cn1	0.030489
rxn:4:199244:227935	CCc1cc(-c2cc(C)c(C)c3ncccc23)ccc1OC	0.030468
rxn:4:179237:228320	COC(=O)c1cc(-c2c(SC)ccc(F)c2OC)ccn1	0.030465
rxn:4:212170:227835	Cc1ccc(-c2cc3ncn(C)c3c(F)c2F)cc1C1CC1	0.030455
rxn:4:177444:227816	CCCc1ccc(-c2cc(COC)cc(C3CC3)c2)c(C)c1	0.030444
rxn:4:209361:227813	CCc1cccc(CC)c1-c1cccc(-c2cncn2C)c1	0.030427
rxn:4:181354:228015	CC(F)(F)c1ccc(F)c(-c2cccc(Cl)c2C2CC2)c1	0.030424
rxn:4:211487:223431	Clc1c(-c2cnc3[nH]ncc3c2)ccn2ccnc12	0.030417
rxn:4:195973:228362	Fc1c(-c2cnco2)cccc1-c1cnc(Cl)nc1C1CC1	0.030416
rxn:4:177007:228052	CCCC(=O)c1cc(-c2ccc3nnccc3c2)ccc1F	0.030406
rxn:4:208608:223410	c1cc(-c2ncns2)cc(-c2c[nH]c3cnccc23)c1	0.030364
rxn:4:177804:228057	Cc1nc2cc(-c3ccc(OCC(C)C)cc3C)ccc2o1	0.030348
rxn:4:216729:228004	Clc1cccc(-n2cnc(-c3ccc(C4CC4)c(Cl)c3)n2)c1	0.030332
rxn:4:218131:223434	Clc1nccn2nc(-c3cnc4cn[nH]c4c3)cc12	0.030320
rxn:4:188853:228756	CSc1ccc(-c2ccc(C(=O)OC(C)C)nc2)c(C)n1	0.030280
rxn:4:198979:228543	CCCCc1ccsc1-c1ccnc2cc(C)ccc12	0.030251
rxn:4:212259:228178	COCc1ccc(F)c(-c2ccc3c(Cl)ncnc3c2C)c1	0.030234
rxn:4:176805:228310	CCCOc1c(F)cc(-c2cnc(Cl)nc2CCC)cc1Cl	0.030229
rxn:4:181005:228437	Fc1cc(C(F)F)ccc1-c1cccc(F)c1C(F)(F)F	0.030216
rxn:4:211365:223368	Clc1ccc(-c2cnc3ccccn23)c2cn[nH]c12	0.030208
rxn:4:197074:228610	CC(C)(C)c1ccc(-c2cc(C#N)c3occc3c2)s1	0.030206
rxn:4:182159:228108	CCc1ncc(C#N)cc1-c1ccc2sc(C(C)=O)cc2c1	0.030201
rxn:4:208416:228036	Cc1cc2nccn2cc1-c1c[nH]c(-c2ccco2)n1	0.030201
rxn:4:212244:228509	Cc1nnc(Cl)c2ccc(-c3ccc(C(C)C)cc3)cc12	0.030194
rxn:4:212012:223417	Cc1cn2c(-c3n[nH]c4ccccc34)c(C)nc2s1	0.030184
rxn:4:178609:228332	COc1cc(SC)c(-c2ccoc2C(=O)C(F)(F)F)cn1	0.030175
rxn:4:210147:228853	COc1cccc2[nH]nc(-c3ccc4ncnn4c3)c12	0.030172
rxn:4:216704:228650	c1cnc(-c2cn[nH]c2)c(-c2ccc3nccn3c2)c1	0.030164
rxn:4:212258:228239	COc1nc(C)c(-c2cccc3nc(C)nc(Cl)c23)cc1C	0.030115
rxn:4:218512:227995	COc1c(C)cc(C)cc1-c1cnn2c(Cl)c(C)c(C)nc12	0.030097
rxn:4:220625:228534	c1c[nH]c(-c2cncc(-c3ccc4ccoc4c3)n2)n1	0.030081
rxn:4:195577:228266	CSc1c(-c2cc(-n3cccc3)co2)ccc(C)c1Cl	0.030061
rxn:4:197147:229015	CC(C)c1sccc1-c1ccc2ccc(C#N)cc2c1	0.030048
rxn:4:198754:228077	O=C1OCc2ccc(-c3cc4cnccc4cc3Cl)cc21	0.030039
rxn:4:216703:228856	c1cnc2c(-c3cncc(-c4ncc[nH]4)c3)cnn2c1	0.030035
rxn:4:221020:229050	Clc1ncnc2[nH]nc(-c3cc4sccc4s3)c12	0.030027
rxn:4:220647:223418	c1cnn(-c2ncc(-c3c[nH]cc4nccc3-4)cn2)c1	0.030025
rxn:4:179399:229007	COC(=O)c1cc(C)c(-c2cccc(SC)c2)c(Cl)c1	0.030013
rxn:4:196298:228781	FC(F)c1ccc(-c2ccc(-c3ccccn3)cc2)cc1	0.030001
rxn:4:216643:228352	c1ccc(-c2nc(-c3ccc(-n4cccn4)s3)c[nH]2)nc1	0.029982
rxn:4:181375:228210	Cc1cc(C(F)(F)F)cc(-c2ccc(N3CCCC3)s2)c1F	0.029971
rxn:4:211654:228431	CSc1c(F)cc(F)cc1-c1cnc2c(F)cc(Cl)cn12	0.029951
rxn:4:180089:228673	Cc1cc(C(=O)C(C)C)cc(-c2cccc3nscc23)c1	0.029922
rxn:4:179941:228015	Clc1cccc(-c2cccc(CC3CCC3)c2)c1C1CC1	0.029876
rxn:4:183279:228056	Cc1cc(-c2ccc3c(c2)C2C(C3)C2(F)F)cn2ccnc12	0.029870
rxn:4:183136:227846	CC1Oc2ccc(-c3cn(C)c4ccccc34)cc2C1C	0.029854
rxn:4:183225:223391	c1ccc2[nH]c(-c3ccc4c(c3)C3(CCC4)CC3)cc2c1	0.029843
rxn:4:182615:228820	Cc1ccc(F)c(-c2ccc3sccc3c2)c1Cl	0.029840
rxn:4:176805:228182	CCCOc1c(F)cc(-c2cccc(CC(F)F)c2)cc1Cl	0.029838
rxn:4:199259:228613	CCc1ccc(-c2cc(C)cc3ccc(C)nc23)cc1F	0.029828
rxn:4:198669:228164	CCOc1cc(-c2cc(Cl)cc3ncccc23)ccc1Cl	0.029820
rxn:4:195889:223417	c1cncc(-c2ccc(-c3n[nH]c4ccccc34)o2)c1	0.029766
rxn:4:208863:228671	c1cc(-c2ccc(-c3cn[nH]c3)cc2)c2cnoc2c1	0.029766
rxn:4:210485:227807	c1cc2c(c(-c3ccc4ncn(C5CC5)c4c3)c1)CCCC2	0.029744
rxn:4:211809:228449	CSc1cc(-c2cc(F)c3nccnc3c2)c(F)cc1Cl	0.029725
rxn:4:182813:228132	N#CCc1cccc(-c2ccc3cc(Cl)ccc3c2)c1F	0.029698
rxn:4:197554:228365	CCc1ncc(-c2cnc(C3CC3)nc2Cl)c2ccccc12	0.029690
rxn:4:217998:228036	Cc1cc2nccn2cc1-c1cc2nc[nH]c2cn1	0.029671
rxn:4:212040:223433	Cc1ncn2cc(-c3cnc4[nH]cnc4c3)ccc12	0.029671
rxn:4:176373:228558	CCSc1cccc(-c2c(Cl)cccc2OCC(F)F)c1	0.029671
rxn:4:196649:227854	Cn1ccc2cc(-c3scnc3C3CCCCC3)ccc21	0.029670
rxn:4:196847:223304	Cc1cc2cc(-c3c(C)c(C)c(C#N)c(C)c3C)ccc2[nH]1	0.029656
rxn:4:181241:228620	CSc1ccc(-c2cc(F)cc(C(C)=O)c2F)cc1C	0.029654
rxn:4:218190:228055	Cn1c(-c2cc3ccnc-3n[nH]2)nc2ccccc21	0.029654
rxn:4:209012:228010	Clc1ccc(C2CC2)c(-c2cnc(-c3ccccc3)cn2)c1	0.029651
rxn:4:205267:223412	c1cnc(-c2nc3ccccc3[nH]2)c(Oc2nccs2)c1	0.029649
rxn:4:179457:229007	CSc1cccc(-c2cc(F)cc(C(=O)C3CC3)c2)c1	0.029627
rxn:4:204962:227864	Cc1ccc2cc(-c3nnc(SC(F)(F)F)s3)sc2c1	0.029621
rxn:4:179413:223333	COC(=O)c1cc(C)cc(-c2cc3c(Cl)cccc3[nH]2)c1Cl	0.029617
rxn:4:211850:227912	COC(C)c1ccc(-c2cc(F)c3nc(Cl)ncc3c2)cc1	0.029599
rxn:4:176539:228184	COC(=O)Cc1cccc(-c2ccc(OC)c(SC)c2)c1	0.029594
rxn:4:195918:228130	N#CCc1ccc(-c2ncsc2-c2cccc(Cl)c2)c(F)c1	0.029577
rxn:4:211379:223434	c1cc2ncc(-c3cnc4cn[nH]c4c3)cc2[nH]1	0.029566
rxn:4:198346:223319	Cc1cc(-c2cccc3ncsc23)cc2cn[nH]c12	0.029552
rxn:4:196148:227991	Clc1ccc(-c2ccc(-c3cc[nH]c3)cc2)c(C2CC2)c1	0.029547
rxn:4:197346:228694	CCN(C)c1csc(-c2ccnc3ccc(SC)cc23)c1	0.029533
rxn:4:182294:228445	CC(C)C1=Cc2cccc(-c3c(F)cccc3C(F)F)c2C1	0.029521
rxn:4:188552:228811	COC(=O)c1nc(C2CC2)c(-c2cc(SC)ccc2F)s1	0.029514
rxn:4:195959:227921	COC(C)c1cccc(-c2cc(-c3cnco3)ccc2Cl)c1	0.029512
rxn:4:176748:227936	CCCSc1cccc(-c2cccc(SC3CC3)c2)c1	0.029510
rxn:4:198975:228836	Cc1cc(-c2ncc(C)c3ccccc23)c(Cl)cc1F	0.029509
rxn:4:199134:229038	Cc1ccc(Cl)c(-c2cc(F)cc3ccc(C)nc23)c1	0.029509
rxn:4:174696:228637	COC(=O)CSc1cccc(-c2cc(C)c(F)cc2C)c1	0.029494
rxn:4:198376:223376	Clc1ccc2[nH]ncc2c1-c1ccc2ncsc2c1	0.029452
rxn:4:198719:227829	Fc1ccc2ncccc2c1-c1ccccc1C1CCC1	0.029447
rxn:4:210138:228212	COc1n[nH]c2cc(-c3ccc(-n4cccc4)s3)ccc12	0.029444
rxn:4:180983:227837	Cc1cc(-c2ccc(Cl)cc2C(F)(F)F)cc(C2CC2)c1	0.029435
rxn:4:180990:227837	Cc1cc(-c2cc(C(F)(F)F)ccc2Cl)cc(C2CC2)c1	0.029435
rxn:4:176803:228059	CCCOc1c(F)ccc(-c2ccc3sc(C)nc3c2)c1F	0.029429
rxn:4:199115:228829	Cc1ccc2c(-c3cc(F)c(C)c(F)c3)ccc(F)c2n1	0.029415
rxn:4:197692:228439	CCc1cn(C)c2c(-c3ccc(F)c(Cl)c3OC)cccc12	0.029391
rxn:4:212261:227953	Cc1cc(N(C)C)ccc1-c1ccc(C)c2c(Cl)ncnc12	0.029360
rxn:4:211948:228976	Cc1cncc2c(-c3ccc4c(c3)C=C4)c[nH]c12	0.029290
rxn:4:178645:228350	FC(F)(F)Sc1ccccc1-c1cnn(-c2ccsc2)c1	0.029272
rxn:4:198521:227888	CCCSc1cccc(-c2cc3[nH]ccc3cc2Cl)c1	0.029256
rxn:4:218052:223366	Clc1cc(-c2cnc3c(Cl)cnn3c2)cc2[nH]ncc12	0.029226
rxn:4:197350:228010	COc1cc(-c2cc(Cl)ccc2C2CC2)c2cnccc2c1	0.029195
rxn:4:218099:228033	Cn1cnc2ccc(-c3cc(Cl)c4[nH]nnc4c3)cc21	0.029180
rxn:4:198497:228023	c1cc(-c2ccc3nccnc3c2)c2cc[nH]c2c1	0.029167
rxn:4:181479:228835	CSc1c(F)c(-c2cc(C)cc(Cl)c2F)cc(C)c1Cl	0.029155
rxn:4:216713:228046	Cn1ccc2c(-c3cncc(-c4cn[nH]c4)c3)ccnc21	0.029116
rxn:4:220722:223392	Cc1cn(-c2cc(-c3ccc4[nH]ccc4c3)ncn2)cn1	0.029103
rxn:4:220743:223419	Cc1nccn1-c1cncc(-c2cc3ccncc3[nH]2)n1	0.029062
rxn:4:216945:223431	Cc1nccn1-c1cc(-c2cnc3[nH]ncc3c2)ccn1	0.029062
rxn:4:211370:223376	Clc1ccc2[nH]ncc2c1-c1cccc2cn[nH]c12	0.029061
rxn:4:182869:228254	COc1ccc(-c2csc3ccc(F)c(C)c23)c(C)c1F	0.029027
rxn:4:198826:227813	CCc1cccc(CC)c1-c1cnc2c(F)c(F)ccc2c1	0.029026
rxn:4:209080:228261	CSc1ccc(F)c(C)c1-c1ccc(-c2cncnc2)cc1	0.029002
rxn:4:221868:223429	c1cnc(-n2cnnc2-c2ccnc3[nH]ncc23)nc1	0.028976
rxn:4:196310:228843	Cc1cc(F)cc(-c2cccnc2-c2ccccc2)c1Cl	0.028903
rxn:4:197158:228279	CCc1cc(F)c(-c2nc3ccc(C(C)=O)cc3s2)c(F)c1	0.028901
rxn:4:178904:228336	COC(=O)c1c(-c2cnc(OC)c(SC)c2)ccc(F)c1F	0.028885
rxn:4:174848:227873	COC(=O)CCc1cccc(-c2csc3ccc(C)cc23)c1	0.028868
rxn:4:208636:223321	Cc1ccc(-c2cnccc2-c2cncs2)c2cn[nH]c12	0.028855
rxn:4:210428:228047	CCc1c[nH]c2ncc(-c3ccc(C)n4ccnc34)cc12	0.028848
rxn:4:179463:228057	CCc1cc(-c2ccc3oc(C)nc3c2)cc(C(F)(F)F)c1	0.028847
rxn:4:181259:223387	CCOC(=O)c1cc(-c2ccc(S(F)(F)(F)(F)F)cc2)[nH]n1	0.028832
rxn:4:218142:223328	Cc1c[nH]c2ncc(-c3nc4ccc(F)cn4n3)cc12	0.028828
rxn:4:212082:228432	CSc1c(Cl)ccc(-c2cc(Cl)c3c(C)n[nH]c3c2)c1F	0.028822
rxn:4:212096:228658	Cc1c(Cl)cc2[nH]ncc2c1-c1cn2ccccc2n1	0.028822
rxn:4:216976:223395	Cc1nn(-c2ccccn2)cc1-c1cccc2[nH]ccc12	0.028819
rxn:4:220990:223332	Fc1ccc2[nH]c(-c3cncc4[nH]nnc34)cc2c1	0.028816
rxn:4:212163:227838	Cc1ccc(C2CC2)c(-c2ccc3nc(Cl)n(C)c3c2F)c1	0.028814
rxn:4:210337:227888	CCCSc1cccc(-c2cc(OC)c3nccnc3c2)c1	0.028800
rxn:4:212250:229027	Cc1cc(-c2ccc3nc(Cl)nc(C)c3c2)ccc1Cl	0.028794
rxn:4:211729:223323	Cc1cnc2sc(-c3cc4[nH]ncc4cc3C)nc2c1	0.028794
rxn:4:198754:228623	Clc1cc2ccncc2cc1-c1sccc1C1CCC1	0.028760
rxn:4:197105:223321	COc1cccc2nc(-c3ccc(C)c4[nH]ncc34)sc12	0.028759
rxn:4:218367:223332	Cn1cc2nc(-c3cc4cc(F)ccc4[nH]3)ccc2n1	0.028726
rxn:4:182801:223409	Cc1oc2ccccc2c1-c1cnc2[nH]ccc2c1	0.028726
rxn:4:182621:223316	Cc1n[nH]c2ccc(-c3cc4ccccc4o3)cc12	0.028726
rxn:4:218167:228861	Clc1ncc2[nH]cc(-c3cnc4scnc4c3)c2n1	0.028715
rxn:4:212365:228853	Cc1nc2[nH]ccc2c(C)c1-c1ccc2ncnn2c1	0.028708
rxn:4:212126:223413	Cc1nc2ccc(F)cn2c1-c1cncc2[nH]ccc12	0.028706
rxn:4:180976:229007	CSc1cccc(-c2c(F)ccc(F)c2C(F)F)c1	0.028702
rxn:4:211971:228523	Cc1cnc(-c2ccc3cccn3c2)c2[nH]ccc12	0.028690
rxn:4:179576:228306	COC(C)c1cccc(-c2cnc(SC(C)C)nc2)c1F	0.028665
rxn:4:208667:228249	COc1c(C)cc(-c2cnc(-c3ccoc3)nc2Cl)cc1Cl	0.028644
rxn:4:192332:227871	Cc1sc2ccccc2c1-c1ccc(Cl)c(C(=O)N(C)C)c1	0.028632
rxn:4:210487:228804	CSc1ccc(-c2nc3ccccc3n2C2CC2)cc1Cl	0.028628
rxn:4:182750:223418	O=c1occc2c(-c3c[nH]cc4nccc3-4)cccc12	0.028615
rxn:4:182869:229169	Cc1c(F)ccc2scc(-c3cscc3C(F)F)c12	0.028569
rxn:4:182167:227935	CCc1cc(-c2ccc3scc(CC)c3c2)ccc1OC	0.028554
rxn:4:199114:227963	Cc1ccc2ccc(F)c(-c3ccnc(C(C)(C)C)c3)c2n1	0.028542
rxn:4:181096:227873	CSc1c(F)cccc1-c1csc2ccc(C)cc12	0.028524
rxn:4:218464:223391	Cc1nn2c(C)ccnc2c1-c1cc2ccccc2[nH]1	0.028521
rxn:4:177431:228441	CCC(=O)C(C)c1cccc(-c2ccc(SC)c(F)c2Cl)c1	0.028516
rxn:4:211694:223329	Cc1ccc2cn[nH]c2c1-c1ncnc2ccccc12	0.028487
rxn:4:210195:228963	CSc1n[nH]c2ccc(-c3cnc4nonc4c3)cc12	0.028483
rxn:4:181372:229171	Cc1ncc(-c2cc(F)cc(C)c2C(F)(F)F)c(Cl)n1	0.028472
rxn:4:210624:223415	CC(C)n1cnc2cc(-c3cccc4[nH]cnc34)ccc21	0.028440
rxn:4:218048:228859	Clc1ccc2ncc(-c3cccc4nsnc34)n2n1	0.028410
rxn:4:217249:228856	N#Cc1ccc2c(-c3cnn4cccnc34)c[nH]c2n1	0.028403
rxn:4:198694:228972	Fc1cc(-c2cc(C(F)(F)F)cs2)cc2ccncc12	0.028398
rxn:4:198966:227810	CCC(C)c1ccc(-c2nc3ccccc3cc2C)cc1	0.028336
rxn:4:217996:228666	c1cc2ncc(-c3ccc4ocnc4c3)n2cn1	0.028293
rxn:4:211396:228081	Fc1ccc2scc(-c3nccc4cc[nH]c34)c2c1	0.028283
rxn:4:198632:223415	Cc1nc2cc(Cl)cc(-c3cccc4[nH]cnc34)c2o1	0.028271
rxn:4:198651:228831	Cc1c(F)ccc(-c2c(Cl)ccc3cccnc23)c1Cl	0.028268
rxn:4:211584:227848	Fc1cnc2c(-c3cccc4cccnc34)c[nH]c2c1	0.028263
rxn:4:209950:228456	COc1nc(SC)ncc1-c1c(C#N)ccc2cc[nH]c12	0.028239
rxn:4:197351:228158	CCOc1cc(F)cc(-c2ccc(SC)c3ncccc23)c1	0.028227
rxn:4:174696:228620	COC(=O)CSc1cccc(-c2ccc(SC)c(C)c2)c1	0.028190
rxn:4:217458:223314	COc1ccc(-c2ccc3[nH]ncc3c2C)c2[nH]nnc12	0.028144
rxn:4:199242:228646	Cc1ccc2nc(C)cc(-c3cc(C)c(C)c(F)c3)c2c1	0.028127
rxn:4:199257:228465	COC(=O)c1sc(-c2cccc3c(C)cc(C)nc23)cc1Cl	0.028127
rxn:4:181277:227862	CCc1ccc(-c2cc3cccc(C)c3s2)c(Cl)c1	0.028125
rxn:4:179610:228448	CCOc1c(Cl)cc(-c2ccc(C(F)F)cc2Cl)c(C)c1F	0.028036
rxn:4:195926:228832	Cc1cc(F)c(F)c(-c2csc(-c3ccc(Cl)cc3)n2)c1	0.028009
rxn:4:198794:227920	CCC(=O)c1ccc(-c2c(Cl)cnc3ccc(F)cc23)cc1	0.027960
rxn:4:198356:228284	Cn1cc2cc(-c3snc4ccccc34)cnc2n1	0.027945
rxn:4:208428:228031	Cn1cc2cc(-c3cnn(-c4ccco4)c3)ccc2n1	0.027943
rxn:4:182652:228390	COc1cc(-c2csc3c(Cl)cccc23)c(F)cc1Cl	0.027942
rxn:4:199242:227946	Cc1ccc2nc(C)cc(-c3ccc(C(C)(C)C)nc3)c2c1	0.027929
rxn:4:218253:228667	Cc1cc(-c2cc3ncccc3s2)c2ncnn2c1	0.027925
rxn:4:192331:228076	Fc1cnc(OC2CCC2)cc1-c1cc2ccc(Cl)cc2s1	0.027917
rxn:4:197189:228856	CCc1nc2cc(-c3cnn4cccnc34)ccc2o1	0.027897
rxn:4:195953:228563	CC(C)Cc1csc(-c2ncc(-c3ccc(F)cc3)s2)c1	0.027887
rxn:4:211653:223404	Fc1cc(Cl)cc2c(-c3cccc4[nH]ncc34)n[nH]c12	0.027871
rxn:4:208426:228053	c1ncc2cc(-c3cnn(-c4ccoc4)c3)ccc2n1	0.027838
rxn:4:216682:228533	Cc1cnn(-c2cnc(-c3ccc4occc4c3)s2)c1	0.027823
rxn:4:195912:228282	CC(F)(F)c1ccccc1-c1ncc(-c2ccc(Cl)cc2)o1	0.027811
rxn:4:178903:223296	Cc1ccc2cc(-c3ccc(CC(F)(F)F)c(F)c3)[nH]c2c1	0.027780
rxn:4:221866:228535	c1cnc(-n2ncc(-c3coc4ccccc34)n2)nc1	0.027766
rxn:4:181501:228792	CSc1ccc(-c2cc(-c3ccc(F)cc3)co2)cc1F	0.027760
rxn:4:212117:223373	Cn1ncc2cc(-c3c(F)ccc4[nH]ncc34)c(F)cc21	0.027718
rxn:4:181136:228972	CSc1c(F)ccc(-c2cc(C(F)(F)F)cs2)c1F	0.027683
rxn:4:182801:223375	Cc1oc2ccccc2c1-c1cc(F)cc2[nH]ncc12	0.027682
rxn:4:195577:228050	Cn1ccc2cncc(-c3cc(-n4cccc4)co3)c21	0.027671
rxn:4:182751:223380	O=c1[nH]c2cc(-c3ccc4ccoc(=O)c4c3)ccc2o1	0.027663
rxn:4:216516:228354	c1cnc(-c2nc(-c3ccc(-n4ccnc4)s3)cs2)cn1	0.027654
rxn:4:212083:223407	Cc1c[nH]c2ncc(-c3cnc4cc[nH]c4c3)c(Cl)c12	0.027641
rxn:4:211483:223326	Cc1n[nH]c2c(-c3nccc4[nH]cc(Cl)c34)cccc12	0.027641
rxn:4:199103:227947	Cc1ccc2c(Cl)ccc(-c3c(C)cc(C#N)cc3C)c2n1	0.027599
rxn:4:196252:228805	CSc1cccc(-c2sc(-c3ccccc3)nc2C)c1F	0.027596
rxn:4:218425:223333	Cn1nnc2c(-c3cc4c(Cl)cccc4[nH]3)ccc(F)c21	0.027578
rxn:4:209925:228288	Cc1ccc2nc(-c3c(C#N)[nH]c4ccccc34)nn2c1	0.027578
rxn:4:212160:223315	Cc1cn2cc(-c3c(C)ccc4[nH]ncc34)cc(F)c2n1	0.027543
rxn:4:211297:228059	Cc1nc2cc(-c3snc4cccnc34)ccc2s1	0.027538
rxn:4:199110:223431	Cc1c(F)ccc2c(-c3cnc4[nH]ncc4c3)ccnc12	0.027536
rxn:4:220683:229089	CC(=O)c1sccc1-c1cnc(-n2ccnc2)nc1Cl	0.027515
rxn:4:196324:227999	CC(C)c1ccc(-c2ccccc2-c2ccncc2)c(F)c1	0.027492
rxn:4:198463:228860	Fc1cc2ncoc2cc1-c1cccc2nonc12	0.027490
rxn:4:198901:228044	Cc1cc(-c2ccc3[nH]cc(C)c3c2)c2nccn2c1	0.027477
rxn:4:218311:228526	Cc1nn2ncccc2c1-c1cccc2ccsc12	0.027470
rxn:4:198574:228658	Cc1nc2cccc(-c3cn4ccccc4n3)c2s1	0.027470
rxn:4:220863:228659	COc1nc(-c2ccc3cncn3c2)cn2ncnc12	0.027445
rxn:4:209940:223332	CC(=O)n1ncc2sc(-c3cc4cc(F)ccc4[nH]3)cc21	0.027444
rxn:4:217265:223333	N#Cc1cnn2c(-c3cc4c(Cl)cccc4[nH]3)cccc12	0.027435
rxn:4:197087:227881	CCCOc1ccc(-c2ccc3sc(C(F)F)nc3c2)cc1	0.027385
rxn:4:199069:228421	COc1cc(Cl)cc(-c2ccnc3c(Cl)c(C)ccc23)c1F	0.027359
rxn:4:217961:228051	Cn1cnc2c(-c3cnc4ccnn4c3)cccc21	0.027353
rxn:4:211394:228038	Cn1cnc2cc(-c3ccc4cnccn34)ccc21	0.027311
rxn:4:199237:228417	Cc1cc2nccc(-c3ccc(F)c(C(F)F)c3)c2cc1C	0.027296
rxn:4:220631:228857	c1cnc(-n2ccnc2-c2cnc3nccn3c2)nc1	0.027291
rxn:4:183155:228342	Cc1ccc(-c2cccc(OC(F)F)c2)c2c(C)cccc12	0.027279
rxn:4:211354:223363	Cc1n[nH]c2ncc(-c3cc4cnc(Cl)nc4s3)cc12	0.027277
rxn:4:177041:228456	CCOc1cc(-c2cnc(SC)nc2OC)c(F)cc1OC	0.027242
rxn:4:182652:223414	Clc1cccc2c(-c3ccnc4[nH]ccc34)csc12	0.027240
rxn:4:195828:228671	c1ccc(-c2nc(-c3cccc4oncc34)co2)cc1	0.027210
rxn:4:180582:228394	COCc1sc2ccccc2c1-c1ccccc1C(F)(F)F	0.027174
rxn:4:176828:227939	COC(=O)c1cc(SC)cc(-c2ccccc2C(C)OC)c1	0.027171
rxn:4:180970:228019	CC(=O)c1ccc(C)c(-c2cc(F)c(C(F)F)cc2F)c1	0.027139
rxn:4:220996:228050	Cn1ccc2cncc(-c3ccn4nnnc4c3)c21	0.027125
rxn:4:217947:228070	Clc1ccc2sc(-c3ncc4scnc4n3)cc2c1	0.027092
rxn:4:178877:228265	COC(=O)c1cc(Cl)cc(F)c1-c1ccc(Cl)c(C(C)=O)c1	0.027071
rxn:4:222240:223339	Cc1nn(-c2nnn[nH]2)c(C)c1-c1cc2cccc(Cl)c2[nH]1	0.027062
rxn:4:199258:228849	Cc1cc(-c2cc(C)c(C)c3cccnc23)cc(Cl)c1F	0.027052
rxn:4:199113:228645	Cc1ccc2c(-c3cc(C)c(Cl)cc3C)c(F)ccc2n1	0.027052
rxn:4:199089:228641	Cc1cc(F)c(-c2cc(C)c3nccc(Cl)c3c2)cc1C	0.027052
rxn:4:220761:223371	Cc1cc(-c2nn[nH]n2)ccc1-c1cc(Cl)cc2[nH]ncc12	0.027015
rxn:4:210621:227815	CCC(C)c1ccccc1-c1cccc2ncn(C(C)C)c12	0.027005
rxn:4:207281:223337	CCOc1ccc(-c2cc3cc[nH]c3cc2F)c2cn[nH]c12	0.026974
rxn:4:210181:228029	COc1ccn2cc(-c3ccc4cn(C)nc4c3)nc2c1	0.026956
rxn:4:198799:228543	CCCCc1ccsc1-c1ccc2c(Cl)ccnc2c1F	0.026952
rxn:4:195919:223410	Clc1ccccc1-c1scnc1-c1c[nH]c2cnccc12	0.026919
rxn:4:210179:228285	COc1cn2cncc2cc1-c1ccc2nnc(C)n2c1	0.026904
rxn:4:220691:228859	c1cc(-c2cncc(-c3cncnc3)n2)c2nsnc2c1	0.026900
rxn:4:191287:228838	Cc1cc(F)cc(Cl)c1-c1ccc(SC(F)(F)F)cn1	0.026887
rxn:4:208620:228035	Cc1noc(-c2ccc(-c3cn(C)c4ncccc34)o2)n1	0.026840
rxn:4:208909:228654	Fc1cccc(-n2ccnc2-c2ccn3nccc3c2)c1	0.026834
rxn:4:216946:228671	Cc1cn(-c2cc(-c3cccc4oncc34)ccn2)cn1	0.026803
rxn:4:217000:228669	Cc1cn(-c2ccc(-c3cnc4ccoc4c3)cn2)cn1	0.026803
rxn:4:178633:227864	Cc1ccc2cc(-c3c(Cl)cccc3OC(F)F)sc2c1	0.026793
rxn:4:218416:228384	Cn1nnc2c(-c3ccc(-c4nccs4)s3)cc(F)cc21	0.026764
rxn:4:181307:228419	CSc1cc(F)c(-c2ccccc2C(C)(F)F)cc1F	0.026756
rxn:4:181356:228801	CSc1cc(F)ccc1-c1ccc(F)c(C(C)(F)F)c1	0.026756
rxn:4:211543:228023	Clc1cccn2cnc(-c3ccc4nccnc4c3)c12	0.026748
rxn:4:211764:228860	Clc1cc(-c2cccc3nonc23)c2nccnc2c1	0.026728
rxn:4:178744:223365	O=C(c1cc(F)cc(-c2cc3[nH]ncc3cc2F)c1)C(F)F	0.026723
rxn:4:216698:227846	Cn1cc(-c2ccc(-n3cnnc3)cc2)c2ccccc21	0.026723
rxn:4:208853:228032	c1cnc2cc(-c3ccc(-n4cccc4)cn3)cnc2c1	0.026706
rxn:4:216615:227850	c1cc(-c2ccc3cnccc3c2)cc(-n2cnnc2)c1	0.026706
rxn:4:216533:227851	c1cc(-c2cnc(-c3cncnc3)o2)c2cnccc2c1	0.026693
rxn:4:216659:228069	Fc1ccc(-c2ncn(-c3ccccc3)n2)c2occc12	0.026666
rxn:4:205049:228070	N#Cc1nc(-c2cc3cc(Cl)ccc3s2)ccc1C(F)(F)F	0.026659
rxn:4:211602:223302	Cc1ccc2[nH]ccc2c1-c1cncc2[nH]cc(F)c12	0.026651
rxn:4:212261:227809	CCCCc1ccc(-c2ccc(C)c3c(Cl)ncnc23)cc1	0.026636
rxn:4:199002:222416	Cc1ccnc2ccc(-c3ccc4[nH]c(=O)[nH]c4c3)cc12	0.026625
rxn:4:192350:227871	Cc1sc2ccccc2c1-c1ccc(C(C)(C)C#N)cc1F	0.026596
rxn:4:211346:228233	CC(=O)c1cc(C)c(-c2cc3nc(Cl)ncc3s2)cn1	0.026585
rxn:4:217278:223322	Cc1cc2[nH]ncc2cc1-c1cncc2c(C#N)c[nH]c12	0.026574
rxn:4:208913:227859	Cn1ccc2ccc(-c3ccc(F)c(-c4ncc[nH]4)c3)cc21	0.026552
rxn:4:217491:228031	Cc1c(-c2ccc3nn(C)cc3c2)ccc2c(C#N)n[nH]c12	0.026530
rxn:4:195824:228055	Cn1c(-c2ncoc2-c2ccccc2)nc2ccccc21	0.026527
rxn:4:195910:227909	CCC(C)c1cc(-c2cccc(-c3cnc(Cl)s3)c2)ccn1	0.026509
rxn:4:218244:228045	Cc1ccn2ncc(-c3cnc4ccn(C)c4c3)c2n1	0.026504
rxn:4:188524:228003	CSc1cc(C)c(-c2cc(C)ccc2C(=O)CC#N)c(C)c1	0.026487
rxn:4:218439:228212	Cc1[nH]c2c(Cl)ncnc2c1-c1ccc(-n2cccc2)s1	0.026475
rxn:4:195874:223330	Clc1ccc2[nH]c(-c3ccc(-c4cnoc4)cc3)cc2c1	0.026463
rxn:4:210310:228962	COc1ccnc2cc(-c3cccn4nnnc34)cnc12	0.026453
rxn:4:181036:228041	Fc1c(Cl)ccc(C(F)(F)F)c1-c1ccnc2cnccc12	0.026400
rxn:4:218073:227876	Cc1oc2ccccc2c1-c1ccnc2c(Cl)cnn12	0.026399
rxn:4:197205:228033	CSc1c[nH]c2ccc(-c3ccc4ncn(C)c4c3)cc12	0.026389
rxn:4:196277:227828	Cc1cccc(-c2scnc2-c2cccc(C3CC3)c2C)c1	0.026387
rxn:4:211948:223300	Cc1c[nH]c2ccc(-c3c[nH]c4c(C)cncc34)cc12	0.026303
rxn:4:208904:228060	Cc1nc2ccc(-c3c[nH]nc3-c3ccccc3F)cc2s1	0.026254
rxn:4:195952:223314	Cc1c(-c2ncc(-c3ccccc3F)s2)ccc2[nH]ncc12	0.026254
rxn:4:205275:223334	Fc1ccc2cc(-c3ccc(Sc4cnns4)cc3)[nH]c2c1	0.026228
rxn:4:199204:228025	Cc1c[nH]c2c(C)c(-c3cccc4c3cnn4C)ccc12	0.026220
rxn:4:198618:228037	Cc1cc2ncsc2cc1-c1cccc2cn(C)nc12	0.026180
rxn:4:198888:223331	Cn1cc(-c2cc(F)c3[nH]ccc3c2)c2ccccc21	0.026178
rxn:4:208927:223371	Fc1cccc(-c2nc(-c3cc(Cl)cc4[nH]ncc34)c[nH]2)c1	0.026167
rxn:4:199134:227991	Cc1ccc2cc(F)cc(-c3ccc(Cl)cc3C3CC3)c2n1	0.026163
rxn:4:208673:228535	Fc1ccc(-c2ncon2)cc1-c1coc2ccccc12	0.026159
rxn:4:199094:227918	Cc1cccc2c(Cl)c(-c3ccc(SC4CC4)cc3)cnc12	0.026144
rxn:4:212204:228664	Cc1ccc(-c2ccc3scnc3c2)c2cncnc12	0.026138
rxn:4:217428:228247	CSc1nc(-c2cc(C(C)=O)ccc2F)cn2ccnc12	0.026136
rxn:4:198676:228655	Clc1ccc2ccncc2c1-c1cnc2ccccn12	0.026127
rxn:4:216744:228213	Fc1cccnc1-n1cc(-c2cc(-n3cccc3)cs2)cn1	0.026121
rxn:4:196565:227805	CC(C)(C)c1cnc(-c2ccc3ccccc3c2)cc1Cl	0.026110
rxn:4:195841:228536	c1ccc(-c2cnoc2-c2cccc3ccoc23)cc1	0.026107
rxn:4:181020:228149	COC(=O)c1ccccc1-c1cc(Cl)c(C(F)(F)F)cc1F	0.026100
rxn:4:199224:228610	Cc1cn(C)c2c(-c3ccc(C(C)(C)C)s3)ccc(F)c12	0.026045
rxn:4:218225:223379	O=c1[nH]c2ccc(-c3cncc4cnc(Cl)nc34)cc2o1	0.026008
rxn:4:182830:222416	O=c1[nH]c2ccc(-c3cc(F)c4ccccc4c3)cc2[nH]1	0.026007
rxn:4:218412:228459	COc1ncc(-c2cn3ncnc3c(Cl)c2C)c(SC)n1	0.025985
rxn:4:218413:228456	COc1nc(SC)ncc1-c1cc(Cl)c2nc(C)nn2c1	0.025985
rxn:4:211409:227873	Cc1ccc2scc(-c3nccn4cccc34)c2c1	0.025983
rxn:4:176956:228815	CCCC(=O)c1ccc(-c2ccc(SC)cc2Cl)cc1	0.025974
rxn:4:217448:227977	COc1cc(C)c(-c2cnc(SC)n3cncc23)cc1C	0.025969
rxn:4:195894:228432	CSc1c(Cl)ccc(-c2cccc(-c3cncs3)c2)c1F	0.025952
rxn:4:210658:228285	CCc1c2cc(-c3ccc4nnc(C)n4c3)ccc2nn1C	0.025899
rxn:4:217595:228286	Cc1cc(-c2cncc3ncn(C4CC4)c23)cn2cnnc12	0.025877
rxn:4:208881:223323	Cc1cc2cn[nH]c2cc1-c1c[nH]nc1-c1ccccc1Cl	0.025870
rxn:4:198456:227850	Fc1ccc2c(-c3ccc4cnccc4c3)noc2c1	0.025866
rxn:4:220759:228024	Cc1nnnn1-c1ccc(-c2cccc3cnn(C)c23)cc1	0.025860
rxn:4:211766:228661	Clc1nncc2ccc(-c3ccc4ncsc4c3)cc12	0.025839
rxn:4:212422:229019	Cc1ccc(-c2nc3ccc4scnc4c3s2)c(C)n1	0.025788
rxn:4:216540:228080	Clc1cccc2sc(-c3coc(-c4ncccn4)n3)cc12	0.025691
rxn:4:209087:228024	Cn1ncc2cccc(-c3ccc(-c4ccncn4)cc3)c21	0.025642
rxn:4:205881:228189	CCSc1ccc(F)c(-c2cnc(OC(C)(C)C)nc2Cl)c1	0.025631
rxn:4:198621:227994	CC(C)c1ccc(Cl)c(-c2cccc3c(Cl)ccnc23)c1	0.025616
rxn:4:197156:228756	CSc1ccc(-c2ccc3oc(C(C)=O)nc3c2)c(C)n1	0.025593
rxn:4:209055:228054	c1cnc2ncc(-c3ccncc3-c3ccncc3)cc2c1	0.025555
rxn:4:209003:228041	c1ccc(-c2cccc(-c3ccnc4cnccc34)n2)nc1	0.025555
rxn:4:212231:228289	Cc1ccc(-c2ccc3nn(C)nc3c2)c2ncncc12	0.025511
rxn:4:217516:228659	Cn1ncc2c(C#N)c(-c3ccc4cncn4c3)ccc21	0.025501
rxn:4:216726:228065	Cc1noc2ccc(-c3cn(-c4cc(Cl)ccn4)cn3)cc12	0.025477
rxn:4:208514:228604	COc1cc(C)cc(-c2c(C)nc(SC)nc2Cl)c1	0.025470
rxn:4:209061:228668	Cc1nnc(-c2cccc(-c3cc4cccnc4s3)c2)s1	0.025435
rxn:4:198343:227871	Cc1sc2ccccc2c1-c1nc2ccccc2o1	0.025411
rxn:4:182193:228665	COc1cccc2c(-c3ccc4ncoc4c3)cccc12	0.025408
rxn:4:220692:227871	Cc1sc2ccccc2c1-c1cnc(-c2ncccn2)cn1	0.025394
rxn:4:217493:228856	Cn1ncc2c(C#N)cc(-c3cnn4cccnc34)cc21	0.025377
rxn:4:221063:228431	CSc1c(F)cc(F)cc1-c1nc2c(Cl)ncnc2n1C	0.025333
rxn:4:216554:228658	Clc1nc(-c2nccs2)ncc1-c1cn2ccccc2n1	0.025279
rxn:4:220835:228032	N#Cc1c(-c2cnc3cccnc3c2)ccc2ncnn12	0.025259
rxn:4:198726:223302	Cc1ccc2[nH]ccc2c1-c1ccc2cccnc2c1F	0.025223
rxn:4:198926:227847	Cc1cc(F)c(-c2cnc3ccccc3c2)c2cc[nH]c12	0.025223
rxn:4:211662:223332	Fc1ccc2[nH]c(-c3nc4c(F)c(Cl)ccc4[nH]3)cc2c1	0.025157
rxn:4:188395:228266	CCOC(=O)c1nc(-c2ccc(C)c(Cl)c2SC)ccc1Cl	0.025144
rxn:4:195902:228417	Fc1ccc(-c2sc(Cl)nc2-c2ccccc2)cc1C(F)F	0.025122
rxn:4:196305:228449	CSc1cc(-c2ccc(-c3cccnc3)cc2)c(F)cc1Cl	0.025101
rxn:4:197109:228241	CSc1nc2cccc(-c3ccc(F)c(C(C)=O)c3)c2o1	0.025011
rxn:4:211967:228076	Cc1c(-c2cc3ccc(Cl)cc3s2)ccc2cn[nH]c12	0.025007
rxn:4:182164:228660	CCc1oc2ccccc2c1-c1ccc2nscc2c1	0.024960
rxn:4:197561:228042	CCc1cc(-c2cc3cccnc3n2C)c2ncccc2c1	0.024931
rxn:4:198596:227843	Cc1nc2ccc(-c3cncc4ccccc34)cc2s1	0.024893
rxn:4:181009:228813	CSc1cc(-c2cc(C(F)F)cc(F)c2F)ccc1Cl	0.024878
rxn:4:211792:228061	Cc1noc2cccc(-c3ncnc4ccc(Cl)cc34)c12	0.024861
rxn:4:218510:229050	Cc1c(-c2cc3sccc3s2)cn2nc(Cl)nc2c1C	0.024852
rxn:4:181508:223371	Fc1ccccc1-c1coc(-c2cc(Cl)cc3[nH]ncc23)c1	0.024849
rxn:4:210366:228299	CCOC(=O)c1csc(-c2ccc3ncc(C(C)=O)n3c2)c1	0.024841
rxn:4:195496:229004	CSc1ccccc1-c1ccc(S(F)(F)(F)(F)F)nc1	0.024839
rxn:4:209300:227845	Cc1ccnn1-c1cccc(-c2cccc3cnccc23)c1	0.024837
rxn:4:216980:227806	Cc1cccc(-n2cnnc2-c2cccc3ccccc23)c1	0.024837
rxn:4:212008:228081	Cc1cc(-c2csc3ccc(F)cc23)cc2ccnn12	0.024797
rxn:4:198918:223375	Cc1cc(Cl)cc2c(-c3cc(F)cc4[nH]ncc34)c[nH]c12	0.024771
rxn:4:220752:228072	Cc1ccc(-n2cc(-c3cc4cccc(Cl)c4s3)nn2)cn1	0.024738
rxn:4:211796:227842	Clc1cc2cc(-c3cccc4ncccc34)ccc2nn1	0.024675
rxn:4:182661:227856	Fc1cc(-c2ccc3ccncc3c2)c2occc2c1	0.024666
rxn:4:182159:227817	CC(=O)c1cc2cc(-c3ccccc3CC(C)C)ccc2s1	0.024665
rxn:4:195965:223327	Cc1nc2ccc(-c3cc(Cl)cc(-c4cncs4)c3)cc2[nH]1	0.024634
rxn:4:195909:223326	Cc1n[nH]c2c(-c3csc(-c4ccccc4Cl)n3)cccc12	0.024634
rxn:4:182195:228427	COc1ccc(-c2ccc(SC)c3ccccc23)c(F)c1Cl	0.024611
rxn:4:211857:228698	CCC(=O)c1ccc(-c2cc(F)c3cnc(Cl)nc3c2)s1	0.024604
rxn:4:212133:227874	Cc1cc(-c2cc(F)c3cnn(C)c3c2)cc2ccoc12	0.024573
rxn:4:210487:227849	c1ccc2c(-c3nc4ccccc4n3C3CC3)ccnc2c1	0.024509
rxn:4:183311:228451	Cc1c(-c2ccc3c4c(cccc24)CC3)ccc2nnnn12	0.024486
rxn:4:182785:228535	Cc1cc2cc(-c3coc4ccccc34)ccc2o1	0.024477
rxn:4:186550:228240	CCN(CC)Cc1ccc(-c2ccc(-c3cccs3)s2)cc1	0.024438
rxn:4:205480:228968	CSc1ncc(-c2cc(C#N)nc(C(C)C)c2)c(Cl)n1	0.024428
rxn:4:209015:227852	Cc1sc(-c2ccc3cccnc3c2)nc1-c1ccccn1	0.024417
rxn:4:210639:228065	Cc1noc2ccc(-c3ccc4cn(C(C)C)nc4c3)cc12	0.024355
rxn:4:216539:228072	Clc1cccc2cc(-c3cncc(-c4nccs4)n3)sc12	0.024338
rxn:4:199091:228859	Cc1cc2c(Cl)ccnc2cc1-c1cccc2nsnc12	0.023964
rxn:4:185706:227926	CCOC(=O)c1sc(SC)nc1-c1ccc(SC(C)C)cc1	0.023929
rxn:4:182116:223371	FC(F)c1coc2cc(-c3cc(Cl)cc4[nH]ncc34)ccc12	0.023859
rxn:4:182615:227853	Cn1ccc2c(-c3ccc4sccc4c3)cccc21	0.023796
rxn:4:176360:228968	CSc1ncc(-c2cc(F)cc(OCCF)c2)c(Cl)n1	0.023709
rxn:4:212373:228533	Cc1cc2nc(Cl)n(C)c2cc1-c1ccc2occc2c1	0.023691
rxn:4:211839:228212	Fc1cc2nccc(Cl)c2nc1-c1ccc(-n2cccc2)s1	0.023689
rxn:4:195905:228028	Cn1cc2c(-c3ncc(-c4ccc(Cl)cc4)s3)cccc2n1	0.023544
rxn:4:197155:228526	CC(=O)c1nc2ccc(-c3cccc4ccsc34)cc2o1	0.023476
rxn:4:198784:228033	Cn1cnc2ccc(-c3ccnc4ccc(F)c(Cl)c34)cc21	0.023404
rxn:4:195952:227842	Fc1ccccc1-c1cnc(-c2cccc3ncccc23)s1	0.023214
rxn:4:210310:228072	COc1ccnc2cc(-c3cc4cccc(Cl)c4s3)cnc12	0.023146
rxn:4:195843:228539	c1ccc(-c2nscc2-c2ccc3ccsc3c2)cc1	0.023115
rxn:4:196308:228537	Cc1ncsc1-c1cccc(-c2cccc3occc23)c1	0.023092
rxn:4:208931:228812	CSc1cccc(F)c1-c1c(C)nc(S(C)(=O)=O)nc1Cl	0.023057
rxn:4:179107:228432	COc1ccc(C(F)(F)F)c(-c2ccc(Cl)c(SC)c2F)c1	0.022887
rxn:4:195379:228070	Clc1ccc2sc(-c3ncsc3-c3ccoc3)cc2c1	0.022856
rxn:4:197530:228212	CCc1ccc2nccc(-c3ccc(-n4cccc4)s3)c2c1	0.022767
rxn:4:195903:228350	Clc1sc(-c2ccccc2)nc1-c1cnn(-c2ccsc2)c1	0.022719
rxn:4:198528:228076	Fc1c(-c2cc3ccc(Cl)cc3s2)ccc2[nH]ccc12	0.022712
rxn:4:208188:228458	CSc1ncc(-c2nc(C(F)(F)F)ncc2Cl)c(SC)n1	0.022460
rxn:4:197369:227873	COc1cc2cc(-c3csc4ccc(C)cc34)ccc2cn1	0.022372
rxn:4:205332:228458	CSc1ncc(-c2cnn(S(=O)(=O)C3CC3)c2)c(SC)n1	0.022273
rxn:4:199057:228668	Cc1cc(Cl)c2cc(-c3cc4cccnc4s3)ccc2n1	0.022164
rxn:4:209330:227871	Cc1ccc(-n2nccc2-c2c(C)sc3ccccc23)cc1	0.022115
rxn:4:199117:228069	Cc1cc(F)c(-c2ccc(F)c3ccoc23)c2cccnc12	0.021820
rxn:4:198621:228525	Clc1ccnc2c(-c3cc4ccccc4s3)cccc12	0.021712
rxn:4:198768:227871	Cc1sc2ccccc2c1-c1c(F)ccc2cnccc12	0.021297
rxn:4:196306:227862	Cc1cc(-c2ccco2)ncc1-c1cc2cccc(C)c2s1	0.021124
rxn:4:201304:228306	COC(=O)CC(C)n1cc(-c2cnc(SC(C)C)nc2)cn1	0.021039
rxn:4:182788:227877	Cc1cc2cc(-c3ccc(C)c4ccoc34)ccc2s1	0.021013
rxn:4:197078:228250	N#Cc1csc2c(F)ccc(-c3ccc(-c4ccco4)s3)c12	0.020901
rxn:4:178657:228432	CSc1c(Cl)ccc(-c2cc(Cl)cc(OC(F)(F)F)c2)c1F	0.020676
rxn:4:181486:227866	Cc1ccc2sc(-c3cccc(-c4ccco4)c3)cc2c1	0.020578
rxn:4:208671:227871	Cc1sc2ccccc2c1-c1nc(Cl)cc(-c2ccco2)n1	0.020511
rxn:4:182667:227873	Cc1ccc2scc(-c3csc4c(F)cccc34)c2c1	0.019526
rxn:4:199338:227991	Clc1ccc(-c2scc3cnc4sccc4c23)c(C2CC2)c1	0.017936
rxn:4:201215:228458	CCOC(=O)Cn1nccc1-c1cnc(SC)nc1SC	0.016641
rxn:4:209959:228926	CSc1nc(Cl)c2scc(-c3cnc(SC)c(Cl)c3)c2n1	0.016365
