name	smiles	heuristic
rxn:4:217914:229231	CCc1ncc(-c2nc(Cl)n[nH]2)s1	0.064123
rxn:4:211138:229323	Cc1nc(-c2csc(Cl)c2)ns1	0.060974
rxn:4:211128:223463	c1cnnc(-c2ccc[nH]2)c1	0.059979
rxn:4:211180:228990	CCCc1ccc(-c2c[nH]c(C)n2)s1	0.058489
rxn:4:211115:228440	COc1cc(Cl)c(F)c(-c2c[nH]cn2)c1	0.057012
rxn:4:211182:229056	Cc1[nH]nc(Cl)c1-c1ccnn1C(C)C	0.056856
rxn:4:205297:223466	COCn1ncc(C)c1-c1cn[nH]c1	0.056725
rxn:4:217913:229078	COc1cncc(-c2ncn[nH]2)c1	0.056701
rxn:4:198101:229269	CCn1ncc(-c2cc(C)ns2)n1	0.056222
rxn:4:198119:229235	COc1ccsc1-c1cccnc1	0.055986
rxn:4:211106:229327	Cn1nncc1-c1nncs1	0.055813
rxn:4:191916:223465	COc1nc(OC)c(-c2ccn[nH]2)cc1Cl	0.055726
rxn:4:216586:229273	COc1ncsc1-c1nc(C2CCC2)n[nH]1	0.055435
rxn:4:216368:228694	CCN(C)c1csc(-c2cc(C#N)n[nH]2)c1	0.055251
rxn:4:207987:229320	N#Cc1nc(Cl)sc1-c1cc(F)cs1	0.054961
rxn:4:194895:229238	COc1ncc(-c2ccsc2SC)s1	0.054925
rxn:4:211126:228461	Fc1ncc(-c2cccnc2OC(F)F)[nH]1	0.054831
rxn:4:211213:223457	Cc1cc(-c2ncncc2C)[nH]n1	0.054773
rxn:4:181067:229337	COc1ccc(-c2cnco2)c(Cl)c1	0.054490
rxn:4:208686:223462	Cc1cc(-c2c[nH]c(C(C)C)n2)n[nH]1	0.054465
rxn:4:211107:229143	Fc1ccc(-c2nnco2)cc1Cl	0.054379
rxn:4:208691:229246	Cc1ncc(-c2cc(C(C)C)n[nH]2)n1C	0.054338
rxn:4:211116:228417	Fc1ccc(-c2ccn[nH]2)cc1C(F)F	0.054221
rxn:4:211143:228990	CCCc1ccc(-c2cnnc(Cl)c2)s1	0.054184
rxn:4:208249:229257	CCn1nccc1-c1cncc(Cl)c1	0.054153
rxn:4:208684:229334	CCn1cnc(-c2cnoc2)c1C	0.054067
rxn:4:196087:223462	Cc1cc(-c2cc(Cl)c(C(C)C)cn2)n[nH]1	0.054059
rxn:4:208343:229275	CC(C)c1nnc(-c2cncc(Cl)n2)s1	0.054006
rxn:4:195283:229317	Fc1ccc(-c2cc(C3CC3)ns2)s1	0.053949
rxn:4:195500:229334	CCc1cc(-c2cnoc2)ccn1	0.053905
rxn:4:194900:229242	COc1csc(-c2cncnc2C)n1	0.053887
rxn:4:191286:223465	FC(F)(F)Oc1cccc(-c2ccn[nH]2)n1	0.053718
rxn:4:211106:228515	CCc1cccc(C)c1-c1nncs1	0.053638
rxn:4:217928:228642	Cc1cc(Cl)c(-c2[nH]nnc2C)cc1C	0.053624
rxn:4:211177:229125	Cc1c[nH]c(-c2cncc(C)c2F)n1	0.053607
rxn:4:181278:229335	CCc1ccc(Cl)cc1-c1cscn1	0.053529
rxn:4:188950:223467	CCCOc1cc(C)c(-c2ncc[nH]2)cn1	0.053491
rxn:4:216418:223438	CCn1nncc1-c1cn[nH]c1C(F)(F)F	0.053458
rxn:4:195300:223444	CNc1cc(-c2cc(OC)c(Cl)cn2)ccn1	0.053456
rxn:4:191207:223440	FC(F)Oc1nscc1-c1ccc(C2CC2)[nH]1	0.053344
rxn:4:177264:223465	CCOc1ccc(-c2ccn[nH]2)c(CC)c1	0.053286
rxn:4:205293:229225	CCn1cc(-c2c[nH]nc2CC2CC2)cn1	0.053225
rxn:4:198312:223457	Cc1cc(-c2cc(C)c(C)cn2)[nH]n1	0.053170
rxn:4:198099:229212	Cc1ccncc1-c1ncsc1C	0.053129
rxn:4:205300:229306	CCCc1ccnc(-c2ncc(C)s2)n1	0.053093
rxn:4:208695:229320	CC(C)n1cncc1-c1cc(F)cs1	0.053073
rxn:4:198108:228793	COc1cc(Cl)cc(-c2nscc2C)c1	0.053054
rxn:4:208255:228168	CCOc1ccc(-c2ncc(CC)[nH]2)c(Cl)c1	0.052866
rxn:4:208297:223457	Cc1cc(-c2ccc(C3N=N3)cc2)[nH]n1	0.052803
rxn:4:178648:223462	Cc1cc(-c2cc(OC(F)F)ccc2F)n[nH]1	0.052788
rxn:4:211114:227821	CCc1c(C)cc(C)cc1-c1cn[nH]c1	0.052773
rxn:4:205189:229284	CCCn1cc(-c2cccnc2)cn1	0.052720
rxn:4:195017:228934	CCc1nc(-c2cnc(OC)cc2Cl)cs1	0.052613
rxn:4:202860:223466	FC(F)(F)COc1ncc(-c2cn[nH]c2)cn1	0.052574
rxn:4:217912:228541	c1cc2c(cc1-c1cnn[nH]1)COC2	0.052544
rxn:4:211116:228500	FC(F)(F)c1ncc(-c2ccn[nH]2)cn1	0.052535
rxn:4:181085:229340	COc1ccc(F)c(-c2ncco2)c1	0.052463
rxn:4:195313:223447	COc1cc(Cl)cc(-c2cc(C)[nH]c(=O)c2)n1	0.052386
rxn:4:203042:229271	COc1cc(-c2c[nH]nc2OCC(C)C)sn1	0.052313
rxn:4:211137:228092	CCN(CC)c1csc(-c2nc(C)ns2)c1	0.052233
rxn:4:208967:229345	c1cc(-c2nnc(C3CCCC3)s2)on1	0.052136
rxn:4:216395:228256	COc1cc(-c2nn[nH]c2OC)cc(C)c1F	0.052100
rxn:4:198317:223443	CNc1ccc(-c2cncc(C)c2C)cn1	0.052073
rxn:4:181276:229326	CCc1cc(-c2cnn(C)n2)ccc1Cl	0.052058
rxn:4:196222:223460	Cc1nc(-c2nccc(C)c2C2CC2)c[nH]1	0.052053
rxn:4:182497:222420	Cc1ccc(-c2ccccc2S(N)(=O)=O)cc1	0.052048
rxn:4:217915:229171	Cc1ncc(-c2n[nH]c(F)n2)c(Cl)n1	0.051910
rxn:4:198083:228737	COc1ccc(-c2ccno2)c(C)n1	0.051909
rxn:4:188370:223468	Cc1cc(OCC#N)c(F)cc1-c1c[nH]cn1	0.051876
rxn:4:191906:223458	CCc1ccc(-c2c[nH]nc2C)cc1C#N	0.051872
rxn:4:208003:228181	COCc1cc(F)ccc1-c1ccc(C#N)[nH]1	0.051816
rxn:4:208293:229231	CCc1ncc(-c2cn(C(F)F)c(C)n2)s1	0.051743
rxn:4:198085:228889	CCc1nc(Cl)ncc1-c1ncc(Cl)s1	0.051722
rxn:4:211196:228867	CCc1nc(OC)c(-c2c(F)cnn2C)s1	0.051694
rxn:4:195033:229283	FCc1cc(-c2ccncc2)ccn1	0.051679
rxn:4:208778:223443	CNc1ccc(-c2nc(C)cn2C2CC2)cn1	0.051633
rxn:4:205157:229288	Cc1ccc(-c2nsc(SC(C)C)n2)s1	0.051600
rxn:4:179389:223471	CC(c1ccc(-c2cnn[nH]2)cc1)C(F)(F)F	0.051592
rxn:4:216367:228736	COc1nc(C)ccc1-c1cnc(C#N)[nH]1	0.051529
rxn:4:182458:229313	Cc1cc(-c2cc(F)cc(Cl)c2)sn1	0.051423
rxn:4:191663:229246	CCc1nc(OC)c(-c2cnc(C)n2C)s1	0.051422
rxn:4:209264:223464	CC(C)(C)c1ccc(-c2cc[nH]c2)nn1	0.051360
rxn:4:198079:228120	CCOc1ncc(C)cc1-c1cnoc1	0.051333
rxn:4:182431:228113	CCc1nc(OC)ccc1-c1ccco1	0.051261
rxn:4:198339:223466	c1cc2sc(-c3cn[nH]c3)nc2s1	0.051252
rxn:4:211207:229012	Cc1ccc(-c2sccc2C(C)C)nn1	0.051252
rxn:4:216364:228907	COc1nccc(-c2nnc(C#N)s2)c1Cl	0.051173
rxn:4:195267:229301	COc1cnccc1-c1cccnn1	0.051085
rxn:4:191465:229307	Cc1oncc1-c1csc(OC2COC2)n1	0.051049
rxn:4:195265:229293	CSc1cccc(-c2csc(C)c2)n1	0.051042
rxn:4:191269:229288	Cc1ccc(-c2ccc(OC(F)F)nc2)s1	0.051038
rxn:4:195371:229345	CSc1ncc(F)cc1-c1ccno1	0.051002
rxn:4:202919:228741	CCCOc1n[nH]cc1-c1cc(C#N)ccc1Cl	0.050976
rxn:4:216435:228622	CCc1cc(F)ccc1-c1nc(S(C)(=O)=O)n[nH]1	0.050967
rxn:4:209807:223470	C[C@@H]1CCCC[C@H]1n1cc(-c2nnc[nH]2)cn1	0.050768
rxn:4:194868:229227	N#Cc1coc(-c2csc(C#N)c2)c1	0.050756
rxn:4:198094:229154	Cc1cnc(-c2cc(C#N)nn2C)s1	0.050739
rxn:4:211864:229284	c1cncc(-c2n[nH]c3c2COCC3)c1	0.050736
rxn:4:205298:229227	N#Cc1cc(-c2nccn2CC2CC2)cs1	0.050729
rxn:4:182577:229339	Cc1cc(-c2nccs2)cc(C)c1Cl	0.050720
rxn:4:178971:229293	COCc1cccc(-c2csc(C)c2)c1	0.050637
rxn:4:198209:229220	Cc1cc(-c2sc(C)nc2C)c(C)s1	0.050631
rxn:4:191700:223440	COCc1ncc(-c2ccc(C3CC3)[nH]2)cc1Cl	0.050621
rxn:4:208495:229219	Clc1ccccc1-c1csc(N2CCC2)n1	0.050533
rxn:4:178964:229245	CSCc1cccc(-c2cc(C)nn2C)c1	0.050505
rxn:4:209197:229307	Cc1oncc1-c1cn(C)nc1C(C)C	0.050413
rxn:4:191230:229313	COC(=O)c1cc(-c2cc(C)ns2)sn1	0.050406
rxn:4:180908:223349	CCc1coc(-c2cccc3c2C(=O)NC3)c1	0.050395
rxn:4:180908:228692	CCc1coc(-c2ccc(CN(C)C)s2)c1	0.050266
rxn:4:210420:223462	Cc1cc(-c2ccnc(C34CC(C3)C4)n2)n[nH]1	0.050228
rxn:4:182586:223443	CNc1ccc(-c2c(C)cc(C)cc2F)cn1	0.050179
rxn:4:217919:228720	Cc1cnn(C(C)C)c1-c1cnn(N)c1	0.050176
rxn:4:208299:228679	NS(=O)c1cncc(-c2cnn(CC3CC3)c2)c1	0.050173
rxn:4:217939:228607	CCc1cc(-c2nn(C)nc2C)ccc1Cl	0.050082
rxn:4:208001:227957	Cc1nc(C(C)C)ccc1-c1c[nH]c(C#N)c1	0.050079
rxn:4:217919:228462	Nn1cc(-c2ccnc(OC(F)F)c2)cn1	0.049995
rxn:4:188717:229319	COCc1cc(OC)ncc1-c1ccc(Cl)s1	0.049972
rxn:4:182887:223462	Cc1cc(-c2ccc3c(c2)CCC3)n[nH]1	0.049969
rxn:4:208198:228172	CCOc1cccc(-c2cc(C#N)[nH]c2C)c1F	0.049948
rxn:4:208026:229327	Cc1nc(C#N)sc1-c1cnnn1C	0.049943
rxn:4:192672:229338	CC(C)(C)Oc1cccc(-c2ccns2)n1	0.049913
rxn:4:195337:223451	COc1ccnc(-c2ccccc2)c1F	0.049883
rxn:4:208960:229295	Cn1nccc1-c1cnc(N2CCCC2)s1	0.049880
rxn:4:215334:229254	Cn1ncc(CC#N)c1-c1ccncc1Cl	0.049860
rxn:4:205012:229337	N#CCc1cnc(-c2cnco2)c(F)c1	0.049848
rxn:4:215400:223442	CNc1ccc(-c2c(CC#N)nn(C)c2C)cc1	0.049801
rxn:4:208028:223309	CC(C)Nc1ccc(-c2cncn2C(F)F)cc1	0.049782
rxn:4:195291:229210	COc1ccc(-c2ccc(C)nc2)cn1	0.049767
rxn:4:194899:228636	COc1ncsc1-c1c(C)cc(F)cc1C	0.049760
rxn:4:178999:229326	CCOc1ccc(-c2cnn(C)n2)cc1F	0.049727
rxn:4:208344:229248	Cc1cnn(C)c1-c1cnn(C2CC2)c1	0.049702
rxn:4:176772:229345	CCCOc1cc(F)cc(-c2ccno2)c1	0.049645
rxn:4:215659:223454	CN(C)c1nc(-c2ccc[nH]c2=O)cn1C1CC1	0.049590
rxn:4:195579:228566	CC(C)Cc1sccc1-c1ccccc1S(N)(=O)=O	0.049515
rxn:4:195775:229224	CCn1nccc1-c1cc(OC)cnc1C	0.049467
rxn:4:181067:229147	COCn1ccc(-c2ccc(OC)cc2Cl)n1	0.049388
rxn:4:211174:228146	CCc1cncc(-c2nccn2C)c1OC	0.049350
rxn:4:216474:229001	CCc1nc(Cl)nc(-c2ccncc2CC)n1	0.049303
rxn:4:198111:227882	CCOCc1ccccc1-c1cnc(C)o1	0.049282
rxn:4:204991:228993	N#Cc1ccc(-c2cnn(CCF)c2)cc1	0.049274
rxn:4:208217:229003	COc1cccc(-c2cc(OC)cnn2)c1	0.049263
rxn:4:208223:228905	COc1ncc(-c2cnc(OC)c(Cl)c2)cn1	0.049243
rxn:4:192526:229244	Cc1nccc(-c2ccc(S(=N)(=O)C3CC3)cc2)n1	0.049175
rxn:4:198253:229304	Cc1ccc(F)c(-c2ccncn2)n1	0.049151
rxn:4:181286:223441	CCc1ccc(-c2ccccc2NC)cc1F	0.049131
rxn:4:217921:228106	CCC(C)c1ncc(-c2ncn(C)n2)cn1	0.049128
rxn:4:179702:229310	COc1cc(C)cc(OC)c1-c1csc(C)n1	0.049095
rxn:4:216784:229236	COc1csc(-c2ccnc(N3CCC3)n2)c1	0.049094
rxn:4:216588:229079	CN(C)c1ccc(-c2csc(C3CC3)n2)nn1	0.049077
rxn:4:198206:228103	Cc1nc(-c2cnc(CC(C)C)nc2)sc1C	0.049052
rxn:4:179521:229270	COCc1ccc(-c2cnc(C#N)s2)cc1C	0.048992
rxn:4:211145:227914	CC(C)Oc1ccccc1-c1cc(Cl)cnn1	0.048987
rxn:4:209191:222418	CCn1nc(C)c(-c2ccc(S(N)(=O)=O)cc2)c1C	0.048985
rxn:4:196047:229226	CC(C)c1cnccc1-c1ccc(C#N)s1	0.048962
rxn:4:211239:228362	Cc1n[nH]c(C)c1-c1cnc(Cl)nc1C1CC1	0.048914
rxn:4:195270:228592	COc1sc(C)nc1-c1cncc(C(C)C)c1	0.048903
rxn:4:196008:223457	CC(=O)c1ccc(C)nc1-c1cc(C)n[nH]1	0.048859
rxn:4:204966:228625	CCc1ccc(-c2cnc(CC#N)s2)c(F)c1	0.048800
rxn:4:195259:228686	CCOc1cc(-c2nc(C3CC3)cs2)ccn1	0.048709
rxn:4:191331:229327	COC(=O)c1c[nH]cc1-c1cnnn1C	0.048663
rxn:4:188510:229227	CCCOc1ccc(-c2csc(C#N)c2)cn1	0.048638
rxn:4:181570:223437	CCc1cccc(-c2cc(C#N)[nH]c(=O)c2)c1C	0.048564
rxn:4:181450:229303	COc1ccc(-c2ncccn2)c(C)c1F	0.048543
rxn:4:208002:228939	CSc1nnc(-c2c(F)cc(F)cc2F)s1	0.048511
rxn:4:208764:229266	Cc1nc(C)c(-c2ccnc(C(C)C)n2)o1	0.048482
rxn:4:179163:229297	CSc1ccc(-c2cncnc2)cc1SC	0.048456
rxn:4:194871:229136	Fc1cc(Cl)cc(-c2cnc(C(F)F)s2)c1	0.048442
rxn:4:195755:229219	Clc1ccccc1-c1cnc(C2CCC2)o1	0.048414
rxn:4:208372:228842	COc1nc(-c2ccc(Cl)c(F)c2C)cn1C	0.048411
rxn:4:208216:228409	COc1ccc(F)c(-c2cn[nH]c2C(C)=O)c1Cl	0.048364
rxn:4:198279:229193	Cc1c(Cl)cncc1-c1c(F)cncc1Cl	0.048361
rxn:4:180909:228550	CCCc1cc(-c2ccc(CC)o2)ccn1	0.048356
rxn:4:211150:228162	CCOc1c(F)cccc1-c1ncncc1F	0.048322
rxn:4:211251:228735	COc1cncc(C)c1-c1c(C)cnn1C	0.048317
rxn:4:208136:223384	CNC(=O)c1ccc(-c2nccc(C(F)F)n2)cn1	0.048315
rxn:4:216407:228795	COc1cccc(Cl)c1-c1cn(C)c(C#N)n1	0.048220
rxn:4:191362:229304	N#CCc1cc(-c2ccncn2)cc(Cl)c1F	0.048217
rxn:4:208248:228632	CCn1ccc(-c2c(C)cc(C)nc2C)n1	0.048177
rxn:4:195520:228776	CCc1ccc(-c2ccc(Cl)c(OC)c2)cn1	0.048163
rxn:4:208198:229150	Cc1[nH]c(C#N)cc1-c1cnc(C#N)nc1	0.048160
rxn:4:205112:229292	COc1nccc(C#N)c1-c1ccoc1C	0.048140
rxn:4:208960:229246	Cc1ncc(-c2cnc(N3CCCC3)s2)n1C	0.048139
rxn:4:208368:229042	CCc1ccnc(-c2cccc(C)c2F)n1	0.048139
rxn:4:211166:229282	Fc1cnc(Cl)nc1-c1ccccc1	0.048127
rxn:4:195029:229024	Cc1cc(-c2cccc(CF)n2)cnc1C	0.048112
rxn:4:195016:228167	CCOc1cc(Cl)ccc1-c1cnc(CC)s1	0.048107
rxn:4:188801:229330	Cc1cc(OCC#N)cc(C)c1-c1ccsc1	0.048104
rxn:4:205008:228992	N#Cc1cccc(-c2nccn2CC(F)F)c1	0.048081
rxn:4:198145:228561	CSCc1cccc(-c2cncc(F)c2Cl)c1	0.048076
rxn:4:195407:228867	CCc1nc(OC)c(-c2cnc(C3COC3)s2)s1	0.048031
rxn:4:182629:229069	COc1ncccc1-c1cc2c(s1)CCC2=O	0.048012
rxn:4:198209:228228	COc1ncc(C)c(-c2sc(C)nc2C)c1C	0.048010
rxn:4:195511:228975	CC(C)c1cc(-c2cnn(C(F)(F)F)c2)on1	0.047993
rxn:4:216568:228625	CCc1ccc(-c2nnn(C)c2CC)c(F)c1	0.047984
rxn:4:188053:229316	CCOC(=O)c1ocnc1-c1nc(C)cs1	0.047960
rxn:4:196053:229309	Cc1ncc(-c2ncc(C(C)(C)C)o2)o1	0.047959
rxn:4:179495:229281	CC(C)Oc1cccc(-c2cnc(F)cn2)c1	0.047959
rxn:4:220568:228252	CCn1nnnc1-c1c(OC)ccc(C)c1F	0.047954
rxn:4:216580:223398	CNCc1ccc(-c2nnc(C)c(C)c2C#N)cc1	0.047920
rxn:4:195531:229217	CC(C)(F)c1cnc(-c2ccc(F)cc2)s1	0.047915
rxn:4:211157:229128	Cc1ncc(Cl)cc1-c1ccnc(Cl)n1	0.047891
rxn:4:198237:229075	Cc1cc(-c2cc(C)c(C#N)s2)ncc1Cl	0.047888
rxn:4:188295:229128	CCCCc1ncsc1-c1cc(Cl)cnc1C	0.047865
rxn:4:195292:223354	CNC(=O)c1ccc(-c2ccc(SC)nc2)cc1	0.047820
rxn:4:209287:223450	CC(C)(C)c1ncc(-c2c[nH]c(=O)c(Cl)c2)cn1	0.047815
rxn:4:211229:229301	Cc1ncc(-c2cccnn2)c(Cl)n1	0.047791
rxn:4:205285:229053	COCc1ccc(-c2cnn(CC3CC3)c2)s1	0.047785
rxn:4:179389:223462	Cc1cc(-c2ccc(C(C)C(F)(F)F)cc2)n[nH]1	0.047779
rxn:4:192212:229249	COc1ccc(-c2cnnc(C)c2)cc1S(N)(=O)=O	0.047767
rxn:4:216893:229035	Cc1c(F)cccc1-c1nn(C)c(C)c1S(N)(=O)=O	0.047718
rxn:4:195358:228907	COc1cnc(-c2ccnc(OC)c2Cl)cc1F	0.047691
rxn:4:179022:229286	CCOc1cc(Cl)c(-c2ccn(C)c2)cc1F	0.047627
rxn:4:216567:228382	COc1nc(C)c(Cl)cc1-c1nncn1C(C)C	0.047620
rxn:4:195287:228418	COc1nc(C)sc1-c1cc(F)c(OC)c(Cl)c1	0.047612
rxn:4:209197:229001	CCc1cnccc1-c1cn(C)nc1C(C)C	0.047589
rxn:4:202916:228969	COCCn1ccnc1-c1cscc1C(F)(F)F	0.047587
rxn:4:195802:229254	FC1(c2cccc(-c3ccncc3Cl)n2)CC1	0.047579
rxn:4:188706:229299	CCOc1ccc(-c2ccn(C)n2)nc1OC	0.047574
rxn:4:208196:228648	CC(=O)c1ncc(-c2cc(C)cc(C)c2F)[nH]1	0.047573
rxn:4:182450:228727	COc1ncc(C)cc1-c1cc(F)ccc1Cl	0.047568
rxn:4:207979:228014	N#Cc1ncoc1-c1cccc(C2CC2)c1Cl	0.047559
rxn:4:198221:223344	Cc1ncccc1-c1cccc2c1CC(=O)N2	0.047554
rxn:4:208342:229004	CSc1ccccc1-c1noc(C(C)C)n1	0.047550
rxn:4:211203:228089	CCCOc1ncccc1-c1nccnc1C	0.047542
rxn:4:217938:223342	Cc1nnn(C)c1-c1ccc2c(c1)OCCN2	0.047530
rxn:4:179141:229249	CC(=O)Cc1cccc(-c2cnnc(C)c2)c1	0.047497
rxn:4:206019:229211	CCc1nc(-c2cccnc2C)cn1C(C)C	0.047486
rxn:4:208981:229225	CCn1cc(-c2ccc(N3CCC3)cn2)cn1	0.047475
rxn:4:208721:228583	CC(C)c1cc(-c2ccc(S(=N)(N)=O)cc2)ccn1	0.047470
rxn:4:188505:229221	CCCOc1ccnc(-c2sc(C)cc2C)c1	0.047461
rxn:4:211244:228097	Cc1cnc(-c2cncc(CN(C)C)c2)n1C	0.047452
rxn:4:208355:228187	COCc1ccc(-c2cn(C)nc2OC)c(Cl)c1	0.047430
rxn:4:195330:229043	COc1c(Cl)ccnc1-c1cc(Cl)ccc1C	0.047425
rxn:4:195320:228882	COc1ccc(Cl)c(-c2cnc(OC)nc2C)n1	0.047414
rxn:4:183099:223460	Cc1nc(-c2ccc3c(c2)C(=O)C(C)CS3)c[nH]1	0.047400
rxn:4:191225:229273	COC(=O)c1nc(-c2scnc2OC)co1	0.047394
rxn:4:198499:229246	Cc1ncc(-c2nc3c(s2)COCC3)n1C	0.047368
rxn:4:208062:223447	Cc1cc(-c2c[nH]nc2C(F)(F)F)cc(=O)[nH]1	0.047361
rxn:4:195372:229003	COc1cccc(-c2c(Cl)cnc(OC)c2F)c1	0.047337
rxn:4:209201:228273	COc1cc(Cl)cc(C)c1-c1c(C(C)C)n[nH]c1C	0.047307
rxn:4:214420:229247	CCn1cc(-c2nn(C)cc2C)c(CC#N)n1	0.047300
rxn:4:208199:228511	c1cc(C2CC2)ccc1-c1noc(C2CC2)n1	0.047276
rxn:4:188585:229310	COc1ccc(-c2csc(C)n2)c(C#N)c1OC	0.047270
rxn:4:179806:229304	CC(c1ccc(-c2ccncn2)cc1)S(C)(=O)=O	0.047269
rxn:4:205190:228570	CCCn1ccc(-c2cncc(C3CC3)c2)n1	0.047204
rxn:4:191974:229156	CCCc1ccc(-c2cncc(C#N)n2)cn1	0.047203
rxn:4:205308:229164	CCCc1cncnc1-c1cncc(OC)n1	0.047194
rxn:4:179163:229284	CSc1ccc(-c2cccnc2)cc1SC	0.047171
rxn:4:198510:229011	c1nc2c(cc1-c1ccc(C3CC3)s1)COC2	0.047158
rxn:4:208816:228795	COc1cccc(Cl)c1-c1cc(C)c(S(N)(=O)=O)cn1	0.047143
rxn:4:188718:229302	COCc1ccc(-c2ccnnc2)c(OC)n1	0.047121
rxn:4:177817:229344	CCOc1ccc(-c2cocn2)c(C(C)C)c1	0.047115
rxn:4:192850:223450	O=c1[nH]cc(-c2cc(OC3CCCC3)ccn2)cc1Cl	0.047112
rxn:4:180963:223453	Fc1cccc(C(F)F)c1-c1cccnc1	0.047099
rxn:4:205394:223398	CNCc1ccc(-c2ccc(OC(C)C)nn2)cc1	0.047063
rxn:4:208752:228785	COc1cc(Cl)ccc1-c1cc(N(C)C)ccn1	0.047048
rxn:4:211253:227922	CCc1cc(OC)ccc1-c1c(Cl)c(C)nn1C	0.047036
rxn:4:208407:228426	COc1cc(Cl)cc(F)c1-c1cccc(S(N)(=O)=O)n1	0.047034
rxn:4:194932:229011	N#Cc1ccc(-c2ccc(C3CC3)s2)cc1	0.047020
rxn:4:195578:227930	NS(=O)(=O)c1ccc(-c2cccc(OC3CC3)c2)cc1	0.047000
rxn:4:182722:229294	Cc1cc(-c2ccc3c(c2)CCO3)co1	0.046997
rxn:4:198250:228570	Cc1cc(Cl)cc(-c2cncc(C3CC3)c2)n1	0.046975
rxn:4:181409:229240	Cc1ncc(-c2ccc(C3CC3)c(Cl)c2)cn1	0.046975
rxn:4:211253:227904	CCN(C)c1ccc(-c2c(Cl)c(C)nn2C)cc1	0.046950
rxn:4:211265:228927	COc1nccc(F)c1-c1nnc(C)cc1C	0.046949
rxn:4:211396:229336	c1cc2cc[nH]c2c(-c2cncs2)n1	0.046949
rxn:4:181085:229093	COc1ccc(F)c(-c2c(C)ncnc2C)c1	0.046948
rxn:4:196204:229255	COc1c(C)cc(C)nc1-c1ccncc1F	0.046948
rxn:4:211411:229335	c1cc2ncc(-c3cscn3)c-2c[nH]1	0.046943
rxn:4:196514:223399	CN=S(C)(=O)c1ccc(-c2ccccc2CNC)cc1	0.046932
rxn:4:202992:229199	CCOC(=O)c1n[nH]c(C)c1-c1ccc(C)cc1	0.046918
rxn:4:192303:228934	COc1cc(Cl)c(-c2ccccc2CS(C)(=N)=O)cn1	0.046917
rxn:4:191326:228586	COC(=O)c1c[nH]c(-c2cccnc2C(C)C)c1	0.046907
rxn:4:217926:228729	Cn1nncc1-c1ccc(F)cc1C#N	0.046903
rxn:4:181285:229064	CCc1cccc(-c2ccnn2C2CC2)c1Cl	0.046902
rxn:4:179671:229278	Cn1ncc(Cl)c1-c1ccccc1OC1CCC1	0.046882
rxn:4:208005:228124	CCOc1cc(C)c(-c2nsc(SC)n2)cn1	0.046874
rxn:4:207985:228590	Cc1cccc(-c2cnsc2C#N)c1C#N	0.046830
rxn:4:198245:229019	Cc1ccc(-c2c(Cl)ccnc2C)c(C)n1	0.046813
rxn:4:195528:228679	CCc1cnc(-c2cnn(CC3CC3)c2)cc1Cl	0.046800
rxn:4:211196:228357	COc1nc(C)c(-c2c(F)cnn2C)c(C)n1	0.046767
rxn:4:217940:228193	Cc1nnc(-c2cnn(C3CCCC3)c2)n1C	0.046758
rxn:4:195304:228549	CCCc1ccc(-c2cc(OC)ncc2Cl)cn1	0.046753
rxn:4:194866:228870	COC(=O)c1csc(-c2occc2C#N)c1	0.046742
rxn:4:205075:228678	COCn1nccc1-c1ccnn1CC(C)C	0.046738
rxn:4:205877:229290	Cc1sccc1-c1cccnc1N1CC(CF)C1	0.046722
rxn:4:179380:223454	COc1cccc(-c2ccc[nH]c2=O)c1C(C)=O	0.046721
rxn:4:208679:228732	CCn1ncc(-c2cccc(C#N)c2F)c1C	0.046711
rxn:4:191255:228690	CCOc1cncc(-c2ncc(COC)o2)c1	0.046701
rxn:4:216463:228021	CC(=O)c1cc(C)cc(-c2n[nH]c(C3CC3)n2)c1	0.046691
rxn:4:211154:228461	FC(F)Oc1ncccc1-c1cnc(Cl)nc1	0.046678
rxn:4:208967:229003	COc1cccc(-c2nnc(C3CCCC3)s2)c1	0.046661
rxn:4:188065:223441	CCOC(=O)c1nc(-c2ccccc2NC)co1	0.046653
rxn:4:195567:229066	CCc1ncncc1-c1cccc(S(C)(=O)=O)n1	0.046599
rxn:4:181427:223443	CNc1ccc(-c2cc(Cl)cc(SC)c2C)cn1	0.046583
rxn:4:202963:229027	CCCOc1cnc(-c2ccc(Cl)c(C)c2)cn1	0.046575
rxn:4:195816:229092	COc1ncc(-c2c(C)nn(C)c2C)c(C)c1Cl	0.046545
rxn:4:178651:229304	FC(F)(F)Oc1ccc(-c2ccncn2)cc1Cl	0.046527
rxn:4:208134:228596	CCc1ccc(-c2ccnc(C(F)F)n2)c(C)n1	0.046494
rxn:4:211678:228614	CCc1ccc(Cl)cc1-c1cnn2c1CCC2	0.046468
rxn:4:216600:228787	COc1cc(F)cc(-c2ncnc(C(C)C)n2)c1	0.046464
rxn:4:191562:229202	CCc1ccc(-c2cc(F)c(C#N)c(OC)c2)s1	0.046463
rxn:4:207975:228758	CSc1ncc(C)cc1-c1ncc(C#N)o1	0.046457
rxn:4:214456:223342	CCC(CC)n1ncc(-c2ccc3c(c2)OCCN3)n1	0.046440
rxn:4:179334:229115	CCC(C)c1ccc(-c2cc(F)cnc2C)o1	0.046436
rxn:4:181290:229209	CCc1ccc(F)cc1-c1ccncc1C	0.046432
rxn:4:208410:228801	CSc1cc(F)ccc1-c1ccnc(S(N)(=O)=O)c1	0.046428
rxn:4:208215:228604	COc1cc(C)cc(-c2ccn(C)c2C#N)c1	0.046427
rxn:4:192152:223306	CCOc1nc(C)ccc1-c1ccc2c(c1)CNCC2	0.046424
rxn:4:211249:227972	Cc1c(-c2cncc(C3CCC3)c2)ncn1C	0.046416
rxn:4:179520:223346	COCc1ccc(-c2ccc3c(c2)CNC3=O)c(C)c1	0.046393
rxn:4:191433:228403	CCCc1coc(-c2ccc(F)c(OC)c2F)n1	0.046385
rxn:4:216776:227906	CCC(C)c1ncccc1-c1nn[nH]c1C1CCCO1	0.046385
rxn:4:205194:228646	CCCn1ccnc1-c1cc(C)c(C)c(F)c1	0.046371
rxn:4:182443:229107	Cc1cncc(F)c1-c1cccc(F)c1	0.046358
rxn:4:191853:229030	COc1ccc(OC)c(-c2cc(F)ccc2C)n1	0.046341
rxn:4:191259:228727	COc1ncc(C)cc1-c1ccc(OCF)cn1	0.046340
rxn:4:211678:228421	COc1cc(Cl)cc(-c2cnn3c2CCC3)c1F	0.046330
rxn:4:181525:229332	CC(=O)c1cccc(C)c1-c1ccoc1	0.046317
rxn:4:209197:228887	CC(C)c1nn(C)cc1-c1cc(C#N)ncc1Cl	0.046309
rxn:4:215328:228020	COCn1ncc(-c2c(F)cccc2C2CC2)n1	0.046290
rxn:4:191214:229276	COC(=O)c1cc(-c2cnc(Cl)cn2)no1	0.046282
rxn:4:208414:223353	CC(=O)Nc1cccc(-c2cnc(S(C)(=O)=O)cn2)c1	0.046271
rxn:4:208015:228727	COc1ncc(C)cc1-c1cccc(C#N)n1	0.046271
rxn:4:176735:229128	COCCc1ccc(-c2cc(Cl)cnc2C)cc1	0.046267
rxn:4:202838:223343	CCCSc1nnc(-c2ccc3c(c2)NC(=O)C3)s1	0.046259
rxn:4:179037:229256	Cc1cccc(-c2c(C)noc2C)c1OC(F)F	0.046249
rxn:4:191591:229330	COC(=O)c1nc(-c2ccsc2)c(F)cc1Cl	0.046244
rxn:4:211211:227980	Cc1ccnnc1-c1ccc(C2CC2)cc1F	0.046243
rxn:4:211211:228007	Cc1ccnnc1-c1cc(F)ccc1C1CC1	0.046243
rxn:4:215328:228495	COCn1ncc(-c2ccn(CC(F)(F)F)n2)n1	0.046232
rxn:4:209207:228700	Cc1cn(C(C)C)c(-c2ccc(N(C)C)nc2)n1	0.046232
rxn:4:182443:228570	Fc1cccc(-c2cncc(C3CC3)c2)c1	0.046228
rxn:4:191355:228735	COC(=O)c1cc(-c2c(C)cncc2OC)c(Cl)[nH]1	0.046224
rxn:4:191672:228569	CSCc1ccc(-c2ccccc2N(C)C)cn1	0.046222
rxn:4:196590:229121	Cc1cc(C)c(S(N)(=O)=O)cc1-c1cncc(F)c1C	0.046215
rxn:4:196156:223446	Cc1cc(-c2cnc(S(C)(=O)=O)c(C)c2)ccn1	0.046212
rxn:4:196542:229163	COc1cc(-c2ccn(C3CCCC3)c2)cnn1	0.046186
rxn:4:191662:228686	CCOc1cc(-c2sc(OCC)nc2C)ccn1	0.046151
rxn:4:181057:228427	COc1ccc(-c2ccc(OC)c(Cl)c2F)cc1	0.046129
rxn:4:208075:228978	CCc1ccc(-c2ccnn2C(F)(F)F)cc1	0.046114
rxn:4:181446:223312	COc1cc(-c2ccc(C3CNC3)cc2)c(C)cc1F	0.046113
rxn:4:180082:229336	c1ncc(-c2ccc(SC3CCCC3)cc2)s1	0.046084
rxn:4:195395:229304	CC(=O)c1cccc(-c2ccncn2)n1	0.046074
rxn:4:191346:229056	CC(C)n1nccc1-c1ccc(F)cc1CC#N	0.046068
rxn:4:195692:228725	N#Cc1cc(F)cc(-c2c(F)cccc2S(N)(=O)=O)c1	0.046032
rxn:4:195760:229238	CSc1sccc1-c1csc(C2CCC2)n1	0.046031
rxn:4:188335:223450	CCOC(=O)c1cnccc1-c1c[nH]c(=O)c(Cl)c1	0.046018
rxn:4:176961:229271	CCC(=O)Cc1ccccc1-c1cc(OC)ns1	0.046016
rxn:4:209203:229282	CC(C)(C)n1nccc1-c1ccccc1	0.046016
rxn:4:212184:228865	CCOc1cnc(-c2c(C)nn3c2CCC3)cn1	0.046012
rxn:4:195279:228130	N#CCc1ccc(-c2ncc(C3CC3)o2)c(F)c1	0.046003
rxn:4:207979:228644	Cc1cc(-c2ocnc2C#N)cc(C)c1F	0.045989
rxn:4:207975:228637	Cc1cc(-c2ncc(C#N)o2)c(C)cc1F	0.045989
rxn:4:194990:223352	CC(C)Nc1ccc(-c2cc(C#N)cc(F)c2Cl)cn1	0.045974
rxn:4:203366:229315	Cc1ncoc1-c1cncc(CN(C)C2CC2)c1	0.045973
rxn:4:205161:228529	COCc1ncc(-c2ccc3c(c2)CCO3)cn1	0.045971
rxn:4:208382:228998	CCc1nc(Cl)cc(-c2cccnc2CC)n1	0.045964
rxn:4:209645:229219	Clc1ccccc1-c1cn[nH]c1C1CCCCC1	0.045958
rxn:4:208100:228617	COc1cccc(C)c1-c1cncc(Cl)c1C#N	0.045940
rxn:4:196026:228090	CCOCc1cncc(-c2ccc(S(C)(=N)=O)cc2)c1	0.045921
rxn:4:215312:227935	CCc1cc(-c2cnn(CC#N)c2)ccc1OC	0.045912
rxn:4:181407:229154	Cn1nc(C#N)cc1-c1ccc(Cl)c(C2CC2)c1	0.045911
rxn:4:188367:229225	CCn1cc(-c2cc(C#N)cc(COC)c2)cn1	0.045904
rxn:4:216887:228845	Cc1cc(-c2nnn(C(C)C)c2C)c(F)cc1Cl	0.045845
rxn:4:205254:228786	CCc1[nH]nc(C(F)(F)F)c1-c1cccc(OC)c1Cl	0.045837
rxn:4:195745:229072	COc1cnc(-c2cncc(SC)c2)cc1C	0.045828
rxn:4:195120:229282	Cc1nc(C(F)(F)F)c(-c2ccccc2)s1	0.045825
rxn:4:208480:228730	N#Cc1ccc(-c2cc(C3CC3)ncn2)cc1Cl	0.045811
rxn:4:208413:228564	CCC(C)c1ccc(-c2ccc(S(C)(=O)=O)nn2)s1	0.045760
rxn:4:202860:229228	N#Cc1sccc1-c1cnc(OCC(F)(F)F)nc1	0.045758
rxn:4:216562:227827	CCn1nc(C)c(-c2cc(C3CC3)ccc2C)n1	0.045753
rxn:4:195130:229048	Fc1cnc(-c2cnn3c2CCC3)c(C(F)F)c1	0.045742
rxn:4:208354:227812	CC(C)Cc1cccc(-c2csc(N(C)C)n2)c1	0.045741
rxn:4:207976:228394	N#Cc1nc(-c2ccccc2C(F)(F)F)cs1	0.045739
rxn:4:195575:229203	CCc1ccsc1-c1ncc(C)cc1C(F)F	0.045734
rxn:4:192095:229308	CCc1ccc(-c2cc(C)no2)c(C(F)(F)F)n1	0.045732
rxn:4:191653:228637	COCc1cccc(-c2cc(C)c(F)cc2C)n1	0.045725
rxn:4:208199:228325	COc1cc(OC)c(-c2noc(C3CC3)n2)cn1	0.045711
rxn:4:205295:228581	CCCc1cc(-c2cccc(C#N)c2C)ncn1	0.045706
rxn:4:198249:227917	CCc1ccc(OC)c(-c2c(C)cncc2Cl)c1	0.045704
rxn:4:198169:228166	CCOc1cc(Cl)cc(-c2nccc(F)c2Cl)c1	0.045704
rxn:4:194997:229266	Cc1nc(C)c(-c2c(C#N)ccc(F)c2Cl)o1	0.045683
rxn:4:198213:227958	Cc1cccnc1-c1ccnc(C2CCC2)c1	0.045681
rxn:4:198240:227905	Cc1ccnc(-c2ccnc(CC(C)C)c2)c1Cl	0.045674
rxn:4:211167:228896	COc1ncc(-c2c(F)ncnc2Cl)cc1F	0.045631
rxn:4:181561:229065	CC(C)c1ccc(-c2ccnc(C#N)c2)cc1	0.045624
rxn:4:195045:228556	COCc1ccc(-c2cc(C(F)F)ccn2)cc1	0.045614
rxn:4:182444:227941	COCc1cc(C)cc(-c2ccccc2F)c1	0.045614
rxn:4:208538:223470	c1cc(-c2nc(-c3nnc[nH]3)cs2)ccn1	0.045582
rxn:4:196592:229065	Cc1cc(S(N)(=O)=O)c(C)cc1-c1ccnc(C#N)c1	0.045576
rxn:4:188213:228838	CCOC(=O)c1c[nH]cc1-c1c(C)cc(F)cc1Cl	0.045549
rxn:4:208043:223346	N#Cc1cncc(-c2ccc3c(c2)CNC3=O)c1Cl	0.045525
rxn:4:181091:228569	COc1cccc(-c2ccccc2N(C)C)c1F	0.045518
rxn:4:181337:229008	CS(=O)(=O)c1cc(-c2ccc(CF)cc2)ccc1F	0.045509
rxn:4:205855:229206	CCc1cc(-c2nnc(CC3CCCC3)s2)cs1	0.045495
rxn:4:195802:223349	O=C1NCc2cccc(-c3cccc(C4(F)CC4)n3)c21	0.045474
rxn:4:202937:229037	COC(=O)c1[nH]nc(OC)c1-c1ccc(C)c(F)c1	0.045472
rxn:4:208059:223378	N#Cc1c(Cl)ccnc1-c1cnc2c(c1)NCCO2	0.045443
rxn:4:181284:228876	CCc1cc(Cl)cc(-c2cnn(C3CC3F)c2)c1	0.045433
rxn:4:217030:229053	COCc1ccc(-c2nncn2C2CCCOC2)s1	0.045397
rxn:4:196498:229163	COc1cc(-c2ncsc2C2CCOCC2)cnn1	0.045391
rxn:4:209599:229068	COc1ccncc1-c1cc(C(C)(C)C)nn1C	0.045358
rxn:4:191566:229241	COc1ccc(-c2cnn(C)c2C)c(F)c1C#N	0.045332
rxn:4:191465:228503	c1cc2c(cc1-c1csc(OC3COC3)n1)CCC2	0.045312
rxn:4:208811:229093	Cc1ncnc(C)c1-c1cnc(N(C)C)c(F)c1	0.045300
rxn:4:196011:228689	CCOc1ccncc1-c1csc(C2CCOC2)n1	0.045283
rxn:4:208444:229032	Cc1ccc(-c2cnc(C(C)(F)F)nc2)c(Cl)c1	0.045278
rxn:4:195337:228541	COc1ccnc(-c2ccc3c(c2)COC3)c1F	0.045265
rxn:4:198320:229017	Cc1cnc(C)c(-c2cnc(C)c(C)c2)c1	0.045241
rxn:4:216590:229102	CN(C)c1cnc(-c2ccn(C)c(=O)c2)cn1	0.045241
rxn:4:195519:227891	CCc1ccncc1-c1ccccc1CN(C)C	0.045234
rxn:4:182507:229115	Cc1cccc(Cl)c1-c1cc(F)cnc1C	0.045214
rxn:4:192868:229223	Cc1csc(C)c1-c1ccoc1CN1CCOCC1	0.045208
rxn:4:208687:228071	CCc1nn(C)cc1-c1cccc2c1OCCO2	0.045202
rxn:4:215572:229013	COc1nc(N(C)C)ncc1-c1sccc1C1CC1	0.045201
rxn:4:214567:229264	CCN(CC)c1ncc(-c2cnccc2Cl)c(C)n1	0.045200
rxn:4:208751:228413	COc1cc(-c2cccc(N(C)C)n2)c(Cl)cc1F	0.045191
rxn:4:208778:228888	Cc1cn(C2CC2)c(-c2cc(C#N)ncc2F)n1	0.045161
rxn:4:181597:223313	Cc1ccc(S(C)(=O)=O)cc1-c1ccc(C2(O)CC2)cc1	0.045135
rxn:4:208343:228394	CC(C)c1nnc(-c2ccccc2C(F)(F)F)s1	0.045110
rxn:4:207998:228510	CC(C)c1ccccc1-c1nnc(C(F)(F)F)s1	0.045110
rxn:4:210408:229296	COC1COc2c(-c3cnn(C)c3)cnn2C1	0.045110
rxn:4:195518:227979	CCc1ncccc1-c1c(C)cc(C)cc1OC	0.045097
rxn:4:216411:228798	CSc1cc(-c2cc(C#N)nn2C)ccc1F	0.045070
rxn:4:208176:228865	CCOc1cnc(-c2cnc(C(F)(F)F)cn2)cn1	0.045069
rxn:4:208095:228164	CCOc1cc(-c2c(F)ccnc2C#N)ccc1Cl	0.045062
rxn:4:195716:228568	CN(C)c1cccc(-c2cc(S(N)(=O)=O)c(F)cc2F)c1	0.045047
rxn:4:198141:227991	Fc1cncc(-c2ccc(Cl)cc2C2CC2)c1	0.045038
rxn:4:176603:223456	CCOC(=O)c1cc(F)ccc1-c1ccc(=O)[nH]n1	0.045013
rxn:4:211270:228108	CCc1ncc(C#N)cc1-c1c(C)nn(C)c1C	0.045007
rxn:4:181126:229023	COc1c(F)ccc(F)c1-c1cnc(C)cc1C	0.045002
rxn:4:182882:229206	CCc1cc(-c2ccc3c(c2)C(=O)CS3(=O)=O)cs1	0.044990
rxn:4:205304:228690	CCCc1cncc(-c2cncc(OCC)c2)n1	0.044987
rxn:4:208978:228795	COc1cccc(Cl)c1-c1ccncc1N1CCC1	0.044986
rxn:4:182980:229164	COc1cncc(-c2cccc3c2CCOC3)n1	0.044980
rxn:4:195803:228761	COc1cc(-c2cnc(C3(F)CCC3)s2)cnc1C	0.044974
rxn:4:209249:229212	Cc1ccncc1-c1cnc(C2CCOC2)nc1	0.044966
rxn:4:208961:229222	CC(=O)c1c(-c2cc(C)c(C)s2)c(C)nn1C	0.044966
rxn:4:179136:229280	COc1ccc(-c2cnc(F)nc2)cc1OC	0.044954
rxn:4:211157:227984	COc1ccc(-c2ccnc(Cl)n2)c(C)c1C	0.044950
rxn:4:195738:228502	CC(=O)c1c[nH]c(-c2nn(C)cc2C(F)(F)F)c1C	0.044928
rxn:4:209468:229244	Cc1nccc(-c2cncc(N3CCCC3)c2)n1	0.044902
rxn:4:181682:229151	COc1cc(C)cc(-c2cnc(C#N)cn2)c1C	0.044884
rxn:4:179050:229159	COCc1c(-c2cnc(OC)nc2)ccc(F)c1F	0.044883
rxn:4:179032:223384	CCOc1cc(-c2ccc(C(=O)NC)nc2)cc(F)c1F	0.044877
rxn:4:216450:229242	Cc1ncncc1-c1nc(C(F)(F)F)n(C)n1	0.044877
rxn:4:208986:228774	COc1cccc(F)c1-c1cnc(C)n1C1COC1	0.044875
rxn:4:203153:223400	CNCc1cccc(-c2cn(C(=O)OC(C)(C)C)cn2)c1	0.044874
rxn:4:195775:228416	COc1cnc(C)c(-c2c(F)cc(F)cc2OC)c1	0.044864
rxn:4:179788:222420	CCc1cc(-c2ccccc2S(N)(=O)=O)cc(CC)c1F	0.044863
rxn:4:196852:229284	Cc1nc(C2CCCO2)ccc1-c1cccnc1	0.044858
rxn:4:194949:228799	COc1c(Cl)cccc1-c1c(Cl)cccc1C#N	0.044857
rxn:4:181191:228841	Cc1cc(Cl)c(F)cc1-c1cccc(S(C)=O)c1	0.044834
rxn:4:198331:223345	Cc1cc(C)c(F)c(-c2cccc3c2NC(=O)C3)n1	0.044833
rxn:4:201445:229303	CCCN(C)Cc1cncc(-c2ncccn2)c1	0.044832
rxn:4:179222:222420	CC(=O)Cc1cc(F)cc(-c2ccccc2S(N)(=O)=O)c1	0.044807
rxn:4:188076:223348	N#CCOc1cc(F)cc(-c2ccc3c(c2)C(=O)NC3)c1	0.044807
rxn:4:208035:227974	COc1cc(C)c(-c2ccc(C#N)nc2)c(C)c1	0.044799
rxn:4:215348:228086	CCCn1cc(-c2cccc(OCC#N)c2)nn1	0.044794
rxn:4:196142:228107	CCC(C)c1ncncc1-c1ccc(C)cc1S(N)(=O)=O	0.044781
rxn:4:204964:228300	CCOC(=O)c1ccsc1-c1ncc(CC#N)s1	0.044780
rxn:4:204964:228298	CCOC(=O)c1cc(-c2ncc(CC#N)s2)cs1	0.044780
rxn:4:182440:228405	COc1cc(F)c(-c2ccccc2Cl)cc1Cl	0.044780
rxn:4:196031:229079	Cc1cc(C)c(-c2csc(C3CC3)n2)cc1C#N	0.044771
rxn:4:176786:223377	CCOCc1cccc(-c2cnc3c(c2)CC(=O)N3)c1F	0.044755
rxn:4:179209:229221	CC(=O)Cc1ccc(F)cc1-c1sc(C)cc1C	0.044752
rxn:4:191210:229062	CC(=O)Oc1nc(-c2ccc(C#N)n2C)cs1	0.044733
rxn:4:192308:223357	CC(=O)Nc1ccccc1-c1ccc(N(C)C(C)=O)cc1	0.044700
rxn:4:191230:228918	COC(=O)c1cc(-c2cnccc2C(F)F)sn1	0.044698
rxn:4:181086:228308	CCOc1ncc(-c2ccc(OC)cc2F)c(C)n1	0.044697
rxn:4:216781:228582	CC(C)c1ccncc1-c1cn(C2CCCO2)nn1	0.044689
rxn:4:195352:228127	COc1cc(F)c(-c2c(C#N)cccc2OC)cn1	0.044685
rxn:4:188362:229129	CCOc1ccc(C#N)c(-c2cnc(C)cc2Cl)c1	0.044677
rxn:4:208307:228167	CCOc1cc(Cl)ccc1-c1c(C)ccnc1C#N	0.044677
rxn:4:208099:227939	COC(C)c1ccccc1-c1cc(Cl)cnc1C#N	0.044677
rxn:4:206326:229224	CCn1nccc1-c1cnc(OC)n1C1CCCC1	0.044670
rxn:4:208760:228985	Cc1ccc(-c2cnn(C3CCC3)c2)c(C)c1	0.044660
rxn:4:177437:223443	CNc1ccc(-c2cccc(OCC3CC3)c2C)cn1	0.044650
rxn:4:196105:228993	CN(C)c1ccc(F)c(-c2ccc(C#N)cc2)c1	0.044650
rxn:4:205502:229218	CN(C)c1cccc(-c2cccc(F)c2)c1C#N	0.044650
rxn:4:195144:229237	CSc1cc(-c2cnc(C(F)F)c(F)c2)cs1	0.044629
rxn:4:181068:228086	COc1cccc(-c2cccc(OCC#N)c2)c1Cl	0.044623
rxn:4:179252:229163	COc1cc(F)c(OC)c(-c2cnnc(OC)c2)c1	0.044619
rxn:4:182507:228196	Cc1cccc(Cl)c1-c1c(C)ncnc1C1CC1	0.044612
rxn:4:188084:223446	Cc1cc(-c2cc(OC(F)F)ccc2C#N)ccn1	0.044611
rxn:4:191651:228071	CCOc1cc(-c2cccc3c2OCCO3)ccn1	0.044596
rxn:4:192328:229166	COc1c(-c2cnn(C(C)=O)c2)cncc1C1CC1	0.044593
rxn:4:210201:229148	N#CC1CCc2ncc(-c3cnn(CCF)c3)cc21	0.044592
rxn:4:195778:228192	COc1cc(-c2ccc(N(C)C)nc2C)cnc1C	0.044587
rxn:4:198226:227973	COc1c(C)cc(-c2ncc(Cl)cc2C)cc1C	0.044582
rxn:4:182713:229343	O=C1OCc2ccc(-c3ccsn3)c(F)c21	0.044568
rxn:4:179696:229124	COc1cc(-c2cnc(C)c(F)c2)cc(OC)c1C	0.044564
rxn:4:196580:229278	Cn1ncc(Cl)c1-c1cccc(C2(C)OCCO2)n1	0.044562
rxn:4:208372:228266	COc1nc(-c2ccc(C)c(Cl)c2SC)cn1C	0.044548
rxn:4:195553:228887	CS(=O)(=O)c1ccc(-c2cc(C#N)ncc2Cl)nc1	0.044531
rxn:4:179238:228994	COc1cc(OC)c(-c2ccccc2C#N)cc1F	0.044528
rxn:4:196612:229265	Cc1nc(C)c(-c2cccnc2C2COCCO2)s1	0.044510
rxn:4:198228:228988	Cc1ccc(-c2ccc(Cl)c(C)n2)cc1C	0.044508
rxn:4:208680:228603	CCn1nc(-c2cccc(C(C)=O)c2)cc1C	0.044504
rxn:4:211159:228751	N#Cc1cc(Cl)ccc1-c1cnc(F)nc1	0.044496
rxn:4:179514:229053	CCOc1cc(C)ccc1-c1ccc(COC)s1	0.044493
rxn:4:196079:228313	CCc1ccc(-c2ccc(OC)nc2OC)c(C)n1	0.044483
rxn:4:211245:228881	CC(=O)c1ncc(-c2nc(C)cn2C)cn1	0.044471
rxn:4:205489:229139	CN(C)C(=O)c1ccc(-c2c(F)cccc2Cl)cn1	0.044464
rxn:4:216587:227953	Cc1cc(N(C)C)ccc1-c1ccnc(N(C)C)n1	0.044455
rxn:4:202986:228584	CCCCn1nccc1-c1ccnc(C2CC2)c1	0.044447
rxn:4:181191:228062	CS(=O)c1cccc(-c2cncc3c2CCCO3)c1	0.044438
rxn:4:216608:227960	CN(C)c1ncc(-c2ccncc2C2CCC2)cn1	0.044436
rxn:4:208294:228926	CSc1ncc(-c2cnc(C)n2C(F)F)cc1Cl	0.044421
rxn:4:188942:229075	Cc1cc(-c2ncccc2OCC(C)C)sc1C#N	0.044417
rxn:4:192164:228524	COCc1cc(-c2cnc3c(c2)CCC3)cnc1C	0.044417
rxn:4:179038:229057	CCOc1cc(F)c(F)cc1-c1cnn(C2CC2)c1	0.044412
rxn:4:192302:228476	CS(=N)(=O)Cc1cccc(-c2cccnc2C(F)(F)F)c1	0.044406
rxn:4:196234:228720	Cc1cnn(C(C)C)c1-c1ccc(N2CCCC2)o1	0.044406
rxn:4:198250:227958	Cc1cc(Cl)cc(-c2ccnc(C3CCC3)c2)n1	0.044402
rxn:4:198910:228551	CCCc1ncccc1-c1cnc2c(c1)COCC2	0.044396
rxn:4:216619:229019	Cc1ccc(-c2nnc(N3CCCC3=O)s2)c(C)n1	0.044373
rxn:4:188323:229308	COC(=O)Cc1ccncc1-c1cc(C)no1	0.044367
rxn:4:196017:228891	N#Cc1c(Cl)cncc1-c1cccc(C2COC2)n1	0.044349
rxn:4:188105:228826	Cc1cc(-c2ccc(OCCF)nc2)c(F)cc1F	0.044346
rxn:4:208280:228099	CCN(C)c1cncc(-c2cc(C)ncc2C#N)c1	0.044342
rxn:4:208035:228832	Cc1cc(F)c(F)c(-c2ccc(C#N)nc2)c1	0.044340
rxn:4:188367:229138	COCc1cc(C#N)cc(-c2ccc(Cl)cc2F)c1	0.044335
rxn:4:192148:228779	CCOc1ncc(-c2cc(F)ccc2OC)cc1C	0.044327
rxn:4:195347:227928	CCOc1cc(-c2ccnc(OC)c2F)ccc1C	0.044327
rxn:4:205657:229296	Cn1cc(-c2cccnc2C(=O)N2CCC2)cn1	0.044327
rxn:4:199251:229331	CN1CCc2cc(-c3cccs3)ccc2C1=O	0.044327
rxn:4:178806:228933	COc1cc(F)c(-c2ccc(CC(F)F)cc2)cn1	0.044326
rxn:4:215382:227949	CCCc1ncnc(-c2cc(C)c(C#N)c(C)c2)n1	0.044318
rxn:4:205397:228637	COc1ncc(-c2cc(C)c(F)cc2C)n1C1CC1	0.044311
rxn:4:181583:229274	CC(C)(F)c1ccc(-c2cnc(Cl)nc2)cc1	0.044302
rxn:4:191324:228083	COC(=O)c1cc(-c2cnn(CCC(C)C)c2)c[nH]1	0.044302
rxn:4:189243:229257	CN(C)CCc1cc(Cl)ccc1-c1cncc(Cl)c1	0.044299
rxn:4:191448:229107	Cc1cncc(F)c1-c1csc(C(=O)C2CC2)n1	0.044299
rxn:4:216786:228552	CCOc1cccc(-c2cnc(N3CCC3)nc2)c1	0.044299
rxn:4:212234:228978	CCc1ccc(-c2cnc3c(c2)CN=S3(C)=O)cc1	0.044295
rxn:4:191648:228145	COCc1ccnc(-c2cc(OC)ccc2C#N)c1	0.044286
rxn:4:196061:228180	COCc1cc(-c2coc(C(C)(C)C)n2)ccc1F	0.044283
rxn:4:213511:229283	CN(C)CCOc1cncc(-c2ccncc2)n1	0.044279
rxn:4:208501:228128	COc1ccc(-c2cnn(C3COC3)c2)cc1C#N	0.044277
rxn:4:191864:228716	Cc1cc(-c2cc(OC3CC3)ccn2)cnc1C#N	0.044273
rxn:4:205102:228578	COc1cnc(-c2ccc(C3CC3)nc2)c(C#N)c1	0.044271
rxn:4:197079:228864	CCOc1ncc(-c2cccc3c2C(C#N)C3)cn1	0.044270
rxn:4:181390:228190	COc1cc(-c2cnc(N(C)C)cc2C)ccc1C	0.044254
rxn:4:208207:228267	COc1c(C)ccc(F)c1-c1cnc(SC)cn1	0.044252
rxn:4:195696:229163	COc1cc(-c2ccc(C)nc2C(F)(F)F)cnn1	0.044246
rxn:4:205473:229149	CCOc1nc(-c2cnc(OC3CCC3)cn2)cs1	0.044246
rxn:4:196841:229257	Clc1cncc(-c2ccc(N3CCOCC3)cc2)c1	0.044244
rxn:4:182712:229278	Cn1ncc(Cl)c1-c1cc2c(cc1F)C(=O)CO2	0.044241
rxn:4:198207:227991	Cc1cnccc1-c1ccc(Cl)cc1C1CC1	0.044235
rxn:4:215418:228012	CCc1nnn(CC)c1-c1cccc(F)c1C1CC1	0.044231
rxn:4:194925:228181	COCc1cc(F)ccc1-c1csnc1C(C)=O	0.044231
rxn:4:205014:228741	N#CCc1ncc(-c2cc(C#N)ccc2Cl)cc1F	0.044210
rxn:4:216886:228085	CN(C)c1nc(-c2ccccc2OCC#N)cn1C	0.044201
rxn:4:193149:229245	Cc1cc(-c2cccc(C(C)N3CCC3)c2)n(C)n1	0.044196
rxn:4:192684:229216	CC(C)(C)Oc1ccc(-c2ccccc2F)cn1	0.044190
rxn:4:201281:229208	CCCOc1ccnc(-c2cncc(C)c2)c1C#N	0.044189
rxn:4:208099:228126	COc1ccc(-c2cc(Cl)cnc2C#N)c(C#N)c1	0.044188
rxn:4:181378:228108	CCc1ncc(C#N)cc1-c1cc(C)ccc1OC	0.044182
rxn:4:192131:228797	COc1ccc(-c2ccc(OC(C)C)cn2)cc1Cl	0.044173
rxn:4:211227:228993	Cc1ncnc(Cl)c1-c1ccc(C#N)cc1	0.044168
rxn:4:208740:228211	CC(C)(C)c1nnc(-c2cc(N3CCCC3)cs2)o1	0.044166
rxn:4:181058:228225	Clc1cnc(C2CC2)c(-c2ccc(C3CC3)o2)c1	0.044166
rxn:4:196050:228529	CC(C)c1ccc(-c2ccc3c(c2)CCO3)nc1	0.044151
rxn:4:205102:229065	COc1cnc(-c2ccnc(C#N)c2)c(C#N)c1	0.044148
rxn:4:205101:228689	CCOc1ccncc1-c1cc(C#N)nc(OC)c1	0.044147
rxn:4:178853:229307	COC(=O)c1ccc(-c2cnoc2C)c(F)c1	0.044147
rxn:4:208060:228214	N#Cc1cc(-c2cnc(C3CC3)cc2F)ncc1Cl	0.044127
rxn:4:192538:229284	N#CC1(c2ccccc2-c2cccnc2)CCC1	0.044117
rxn:4:208748:228171	CCOc1ccc(-c2ccc(C(C)C)nn2)cc1F	0.044115
rxn:4:211116:228857	c1cc(-c2cnc3nccn3c2)[nH]n1	0.044114
rxn:4:203013:229023	Cc1cc(C)c(-c2cc(C#N)n(CC3CC3)c2)cn1	0.044106
rxn:4:181429:223348	O=C1NCc2ccc(-c3cc(Cl)cc(C4CC4)c3)cc21	0.044106
rxn:4:182853:229277	Cn1ncc(-c2cc(F)cc3c2C(=O)CC3)c1Cl	0.044087
rxn:4:205593:228521	Cc1cc(-c2cnc(OC(C)C)n2C)cc(C)c1C	0.044051
rxn:4:191379:229083	CC(C)c1ncc(-c2ccccc2C(F)(F)C#N)o1	0.044048
rxn:4:196210:228770	COc1c(C)cncc1-c1cccc(C2CCC2)n1	0.044041
rxn:4:196205:228736	COc1nc(C)ccc1-c1ccc(C2CCC2)cn1	0.044041
rxn:4:191357:228098	CCN(C)c1ccc(-c2c(Cl)c[nH]c2C(=O)OC)cn1	0.044030
rxn:4:181623:229210	Cc1ccc(-c2cc(Cl)ccc2C2OCCO2)cn1	0.044014
rxn:4:191456:229011	COC(=O)c1cccnc1-c1ccc(C2CC2)s1	0.044009
rxn:4:192694:229020	Cc1cc(-c2cnc(OC(C)C)cc2C)cc(C)n1	0.044008
rxn:4:195693:229069	COc1ncccc1-c1cnc(C(F)(F)F)cc1C	0.043999
rxn:4:195712:228864	CCOc1ncc(-c2ccc(Cl)c(S(N)(=O)=O)c2F)cn1	0.043993
rxn:4:195676:228340	COc1nc(C2CC2)sc1-c1ccc(S(N)(=O)=O)cc1Cl	0.043990
rxn:4:205272:228681	N#Cc1cc(S(N)(=O)=O)ccc1-c1ccnn1CC1CC1	0.043981
rxn:4:218143:229306	Cc1cnc(-c2cc3[nH]nnc3cc2F)s1	0.043970
rxn:4:181537:223347	O=C1NCc2c1cccc2-c1cc(C2COC2)ccc1Cl	0.043961
rxn:4:216921:229224	CCn1nccc1-c1cnc(N2CCCC2=O)cn1	0.043960
rxn:4:178735:229310	Cc1nc(-c2ccc(C(=O)C(F)F)cc2Cl)cs1	0.043958
rxn:4:191247:228021	COCc1ncc(-c2cc(C)cc(C(C)=O)c2)s1	0.043947
rxn:4:182570:228888	Cc1cccc(-c2cc(C#N)ncc2F)c1C	0.043941
rxn:4:191730:229030	Cc1ccc(F)cc1-c1ccc(OC(F)F)nc1C	0.043928
rxn:4:208211:227964	CSc1ccc(-c2cncc(C3(C)CC3)c2)nn1	0.043928
rxn:4:215608:228633	CCn1nnc(-c2cc(C)c(Cl)c(C)c2)c1C(C)C	0.043923
rxn:4:194927:229154	CC(=O)c1cnc(-c2cc(C#N)nn2C)o1	0.043918
rxn:4:205148:228754	CCn1cc(-c2cnc(SC)c(C)c2)cc1C#N	0.043918
rxn:4:195755:228218	Fc1cnc(C2CC2)cc1-c1cnc(C2CCC2)o1	0.043905
rxn:4:211374:229291	Cc1csc(-c2cccc3[nH]cnc23)c1	0.043894
rxn:4:194959:229153	Cn1ncc(-c2c(F)cccc2C#N)c1C#N	0.043892
rxn:4:179348:223383	CC(=O)Nc1ccc(-c2cccc(C(C)C(F)F)c2)cn1	0.043889
rxn:4:205196:223407	CCCn1cncc1-c1cnc2cc[nH]c2c1	0.043885
rxn:4:208817:228698	CCC(=O)c1ccc(-c2nc(C)ccc2S(N)(=O)=O)s1	0.043884
rxn:4:215350:223417	CCCn1nncc1-c1n[nH]c2ccccc12	0.043883
rxn:4:181187:223345	CC(=O)c1ccc(-c2cccc3c2NC(=O)C3)cc1	0.043879
rxn:4:201211:229228	CCOC(=O)Cn1cc(-c2ccsc2C#N)cn1	0.043877
rxn:4:191992:229231	CCc1ncc(-c2ccc(C(=O)C3CC3)nc2)s1	0.043871
rxn:4:180917:228713	CC(C)(C)n1ccc(-c2cc(F)cc(CF)c2)n1	0.043870
rxn:4:191350:228609	COc1cc(-c2ccc(CC#N)cc2F)ccc1C	0.043869
rxn:4:176561:223449	COC(=O)C(F)c1cccc(-c2cc(=O)[nH]cc2F)c1	0.043869
rxn:4:211475:229146	COCn1cc(-c2ccc(Cl)c3cn[nH]c23)cn1	0.043862
rxn:4:182498:228799	COc1c(Cl)cccc1-c1cccc(Cl)c1C	0.043844
rxn:4:191383:229102	Cn1ccc(-c2ccc(C(F)F)c(C#N)c2)cc1=O	0.043844
rxn:4:215313:228532	N#CCc1[nH]ncc1-c1ccc2sccc2c1	0.043830
rxn:4:196066:228122	CCOc1nc(C)ccc1-c1nc(C(C)C)sc1C	0.043825
rxn:4:195263:223402	c1cc2[nH]ncc2cc1-c1csc(C2CC2)n1	0.043818
rxn:4:191852:228275	COC(=O)c1cc(-c2cc(C)cc(F)c2OC)c(C)[nH]1	0.043811
rxn:4:183025:229317	CC1Cc2c(cccc2-c2ccc(F)s2)C1=O	0.043810
rxn:4:218454:228691	CCOc1ccc(-c2nnc3n2CCOCC3)cn1	0.043807
rxn:4:183247:223463	CC1(C)CCCc2ccc(-c3ccc[nH]3)cc21	0.043801
rxn:4:208369:227904	CCN(C)c1ccc(-c2cc(SC)n(C)n2)cc1	0.043791
rxn:4:195048:227880	CC(F)(F)c1csc(-c2ccc(CCC#N)cc2)n1	0.043783
rxn:4:196218:228678	CC(C)Cn1nccc1-c1csc(C2CCCC2)n1	0.043770
rxn:4:211252:228444	Cc1nn(C)c(Cl)c1-c1ccc(Cl)c(C(F)F)c1	0.043766
rxn:4:177268:223306	CCOCc1ccc(-c2ccc3c(c2)CNCC3)cc1C	0.043760
rxn:4:216378:227937	CC(C)Sc1cccc(-c2cnc(C#N)cn2)c1	0.043741
rxn:4:191366:223350	CCNCc1cncc(-c2c(F)ccc(F)c2CC#N)c1	0.043730
rxn:4:195498:223405	CC(C)c1ncc(-c2ccc3[nH]cnc3c2)s1	0.043720
rxn:4:176560:229322	CC(=O)OCc1cc(F)ccc1-c1sccc1Cl	0.043716
rxn:4:209290:229280	Cc1cnc(N(C)C)c(-c2cnc(F)nc2)c1	0.043710
rxn:4:211494:229302	Clc1ccnc2c(-c3ccnnc3)c[nH]c12	0.043709
rxn:4:211119:228039	Clc1cn[nH]c1-c1cnc2ccccc2n1	0.043709
rxn:4:188688:222419	NS(=O)(=O)c1cccc(-c2ccnc(OCC3CC3)c2)c1	0.043693
rxn:4:194980:223387	CCOC(=O)c1cc(-c2c(F)cc(F)cc2C#N)[nH]n1	0.043680
rxn:4:195134:228776	COc1cc(-c2cc(C(F)F)ncc2F)ccc1Cl	0.043671
rxn:4:186140:229241	CCCOc1nccc(-c2cnn(C)c2C)c1OC	0.043670
rxn:4:181621:223445	COc1cc[nH+]cc1-c1cc(Cl)cc(C2OCCO2)c1	0.043669
rxn:4:208739:228197	Cn1cc(-c2cnc(C(C)(C)C)nc2)c(C2CC2)n1	0.043638
rxn:4:205190:228090	CCCn1ccc(-c2cncc(COCC)c2)n1	0.043626
rxn:4:208041:228279	CCc1cc(F)c(-c2cc(Cl)cc(C#N)n2)c(F)c1	0.043610
rxn:4:205861:229012	Cc1nc(OC(C)C)cc(-c2sccc2C(C)C)n1	0.043609
rxn:4:191457:229046	COC(=O)c1nc(C)c(-c2c(C)cccc2Cl)s1	0.043591
rxn:4:181380:228177	COCc1ccc(F)cc1-c1ccc(OC)cc1C	0.043587
rxn:4:192978:229126	Cc1cc(F)c(-c2cc(C)nc(CC(C)C)c2)cn1	0.043580
rxn:4:208468:229240	Cc1ncc(-c2cnc(C(F)(F)F)nc2C)cn1	0.043577
rxn:4:191579:223309	COc1ccc(-c2ccc(NC(C)C)cc2)c(C#N)c1F	0.043575
rxn:4:208714:228133	N#CCc1cc(-c2nnc(C3CCOC3)s2)ccc1F	0.043569
rxn:4:188369:229045	CCOc1c(C#N)cccc1-c1cc(C)cc(F)c1	0.043566
rxn:4:198184:228226	Cc1c(Cl)cc(C#N)cc1-c1cc(F)c(F)cn1	0.043562
rxn:4:179461:229137	CS(=O)(=O)Cc1cc(F)cc(-c2c(F)cccc2F)c1	0.043559
rxn:4:211231:227910	CCC(C)c1ccc(-c2nc(C)cc(Cl)n2)cn1	0.043541
rxn:4:181274:228872	COC(=O)c1sccc1-c1cc(C)cc(CF)c1	0.043541
rxn:4:209645:228499	Cn1nc(C(F)(F)F)cc1-c1cn[nH]c1C1CCCCC1	0.043539
rxn:4:179409:229300	COC(=O)c1cc(-c2cncn2C)c(C)cc1Cl	0.043539
rxn:4:204997:227985	CC(C)c1cc(-c2ccc(CC#N)nc2)ccc1F	0.043536
rxn:4:179026:223340	CCOc1c(F)ccc(-c2ccc3c(c2)NCCO3)c1Cl	0.043534
rxn:4:216915:228421	COc1cc(Cl)cc(-c2cnc(N(C)C)nc2C)c1F	0.043525
rxn:4:179504:228765	CCc1cc(F)c(-c2ccc(OC)c(CC)c2)cn1	0.043523
rxn:4:214418:229285	CCOC(=O)c1cnc(-c2cccn2C)nn1	0.043513
rxn:4:211168:227930	Fc1ncnc(F)c1-c1cccc(OC2CC2)c1	0.043508
rxn:4:188514:228748	CCOCc1cncc(-c2cnc(OC)cc2C)c1	0.043506
rxn:4:194968:228775	COc1ccc(-c2cc(F)c(Cl)cc2C#N)cc1F	0.043504
rxn:4:203267:223445	CCN(CC)c1ccnc(-c2c[nH+]ccc2OC)c1	0.043501
rxn:4:209198:228508	CC(C)c1cccc(-c2cnc(C(C)C)n2C)c1	0.043489
rxn:4:179504:228743	CCc1cc(-c2cc(Cl)ccc2C#N)ccc1OC	0.043483
rxn:4:220988:223421	CNC(C)c1ccc(-c2nnc3cccnn23)s1	0.043478
rxn:4:182535:228366	Cc1c(-c2cnc(N(C)C)c(F)c2)ccc(F)c1Cl	0.043464
rxn:4:211906:229311	Cc1ncc(-c2ccc(C)c3[nH]ncc23)s1	0.043452
rxn:4:208322:228992	Cc1cc(Cl)c(C#N)nc1-c1cccc(C#N)c1	0.043442
rxn:4:208775:228095	CN(C)c1cnccc1-c1cccc(OCCF)c1	0.043440
rxn:4:191669:228103	CCOc1cncc(-c2cnc(CC(C)C)nc2)c1	0.043435
rxn:4:183074:229306	Cc1cnc(-c2cc3c(cc2F)CCCC3=O)s1	0.043425
rxn:4:181214:223382	CC(=O)c1ccc(-c2cnc(NC3CC3)nc2)cc1F	0.043412
rxn:4:216376:228575	Cc1cc(-c2nccnc2C#N)ccc1C#N	0.043407
rxn:4:198154:228820	Cc1ccc(F)c(-c2nccc(Cl)c2F)c1Cl	0.043390
rxn:4:203006:229234	CSc1ccc(-c2cnc(OCC3CC3)cn2)s1	0.043382
rxn:4:175116:223439	CCCOc1cc(-c2cc(C(F)(F)F)[nH]n2)ccc1OC	0.043374
rxn:4:191456:223312	COC(=O)c1cccnc1-c1ccc(C2CNC2)cc1	0.043361
rxn:4:181431:228568	COc1ccc(Cl)c(C)c1-c1cccc(N(C)C)c1	0.043351
rxn:4:209242:229027	Cc1cc(-c2cnccc2N2CCSC2)ccc1Cl	0.043350
rxn:4:195059:227948	Cc1ncc(C2CC2)cc1-c1cnccc1C(F)F	0.043332
rxn:4:182723:229063	N#Cc1cnccc1-c1ccc2c(c1)C=CC2	0.043330
rxn:4:191296:228737	COc1ccc(-c2cnccc2OC(F)(F)F)c(C)n1	0.043327
rxn:4:182933:229165	COc1nccc(-c2ccc3c(c2)C(=O)C(C)O3)n1	0.043324
rxn:4:188233:229320	COC(=O)c1ccc(C#N)c(-c2cc(F)cs2)c1	0.043323
rxn:4:209901:223466	N#Cc1sc2ncccc2c1-c1cn[nH]c1	0.043316
rxn:4:191510:223438	COC(=O)c1c(Cl)ccnc1-c1cn[nH]c1C(F)(F)F	0.043312
rxn:4:210303:228719	Cc1cnc(C#N)cc1-c1ccn(C23CC(C2)C3)n1	0.043310
rxn:4:181877:229212	Cc1ccncc1-c1ccc(C2OCCCO2)cc1	0.043303
rxn:4:205209:229210	COC(=O)c1nn(C)cc1-c1ccc(C)nc1	0.043302
rxn:4:178621:228677	CC(C)Cn1cc(-c2ccccc2OC(F)F)cn1	0.043289
rxn:4:205087:228503	COc1c(-c2ccc3c(c2)CCC3)ccnc1C#N	0.043277
rxn:4:202866:227900	CCOC(=O)c1c[nH]nc1-c1ccccc1C(C)C#N	0.043272
rxn:4:191345:228744	N#CCc1cc(F)cc(-c2ccc(F)c(C#N)c2)c1	0.043264
rxn:4:191364:229020	Cc1cc(-c2c(Cl)ccc(F)c2CC#N)cc(C)n1	0.043254
rxn:4:215621:229199	Cc1ccc(-c2c(N(C)C)ncc(C#N)c2C)cc1	0.043252
rxn:4:216436:227959	Cc1cnc(C2CC2)c(-c2ncc(C)nc2C#N)c1	0.043248
rxn:4:181860:229300	Cn1cncc1-c1ccc(C(C)(C)C)cc1F	0.043246
rxn:4:208256:223408	CCn1ncc(-c2cccc3cn[nH]c23)c1F	0.043240
rxn:4:204994:228093	CCCOc1cc(-c2ncccc2CC#N)ccn1	0.043235
rxn:4:191264:228513	FC(F)Oc1ncccc1-c1ccccc1C1CC1	0.043229
rxn:4:180248:229245	COc1ccc(-c2cc(C)nn2C)cc1C(C)(C)C	0.043205
rxn:4:210431:229120	Cn1cccc(-c2cnc(C34CC(C3)C4)nc2)c1=O	0.043203
rxn:4:208048:228834	Cc1cc(Cl)c(-c2cc(C#N)ncc2Cl)cc1F	0.043198
rxn:4:198094:228859	Cc1cnc(-c2cccc3nsnc23)s1	0.043192
rxn:4:209243:228690	CCOc1cncc(-c2ccc(N3CCSC3)nc2)c1	0.043191
rxn:4:217987:229343	c1cc(-c2ccsn2)c2ncnn2c1	0.043178
rxn:4:216505:228764	COc1nccc(-c2cnc(S(N)(=O)=O)nc2)c1C	0.043168
rxn:4:196020:228399	COc1c(F)cc(-c2cncc(C3COC3)c2)cc1F	0.043165
rxn:4:182455:228576	Cc1ccc(C#N)cc1-c1cccc(Cl)c1F	0.043164
rxn:4:202852:229048	N#CC(C#N)c1cccc(-c2cnn3c2CCC3)c1	0.043163
rxn:4:188230:229313	COC(=O)c1cc(C#N)cc(-c2cc(C)ns2)c1	0.043161
rxn:4:191745:228903	COc1ncc(Cl)cc1-c1cncc(OC(F)F)c1C	0.043153
rxn:4:196016:228205	CN(C)c1ccc(-c2ccc(C3COC3)cn2)cc1Cl	0.043153
rxn:4:188830:229289	Cc1cscc1-c1ncc(C(=O)OC(C)(C)C)s1	0.043151
rxn:4:195718:228743	N#Cc1ccc(Cl)cc1-c1cc(F)cc(Cl)c1S(N)(=O)=O	0.043151
rxn:4:216778:229157	N#Cc1nccc(-c2cnc(N3CCC3)cn2)n1	0.043148
rxn:4:213491:228827	COCCn1cc(-c2cc(F)c(F)cc2C)c(C#N)n1	0.043145
rxn:4:181705:229230	N#Cc1csc(-c2cccc(C3CC(F)C3)c2)c1	0.043142
rxn:4:208310:228445	Cc1ncc(C#N)cc1-c1c(F)cccc1C(F)F	0.043135
rxn:4:182996:228864	CCOc1ncc(-c2ccc(F)c3c2OCCC3)cn1	0.043134
rxn:4:178998:228609	CCOc1ccc(-c2ccc(C)c(OC)c2)c(F)c1	0.043132
rxn:4:209468:229139	Fc1cccc(Cl)c1-c1cncc(N2CCCC2)c1	0.043126
rxn:4:198840:228750	CC(=O)c1cncc(-c2nc3c(s2)CCCC3)c1	0.043125
rxn:4:188107:228380	N#Cc1ccc(-c2ccc(OCCF)cn2)c(F)c1Cl	0.043112
rxn:4:208182:227887	COCCc1ccc(-c2cc(C(F)(F)F)cnn2)cc1	0.043111
rxn:4:205255:228584	Cn1nc(-c2ccnc(C3CC3)c2)cc1CC(F)(F)F	0.043110
rxn:4:205399:228409	COc1ccc(F)c(-c2cnc(OC(C)C)nc2)c1Cl	0.043104
rxn:4:194986:228338	N#Cc1cc(-c2cnc(OC3CCC3)s2)c(F)cc1F	0.043089
rxn:4:195755:228759	CC(=O)c1ccc(-c2cnc(C3CCC3)o2)cn1	0.043075
rxn:4:211208:228317	COC(=O)c1ccc(-c2ncc(C)cn2)cn1	0.043068
rxn:4:191873:228216	COc1cc(-c2cncc(C3CC3)c2Cl)c(OC)cn1	0.043060
rxn:4:191997:223438	COC(=O)c1cc(C)cnc1-c1cn[nH]c1C(F)(F)F	0.043053
rxn:4:195733:228616	COc1nccc(-c2ccc(SC)cc2C)c1C	0.043048
rxn:4:198240:228233	CC(=O)c1cc(C)c(-c2nccc(C)c2Cl)cn1	0.043047
rxn:4:209600:223307	Cc1cn(C(C)(C)C)c(-c2ccc3c(c2)CCNC3)n1	0.043045
rxn:4:195001:228454	COc1cc(-c2c(C#N)ccc(F)c2F)c(OC)nn1	0.043037
rxn:4:215363:228111	CCn1nc(-c2ccc(C#N)c(C#N)c2)c(C(F)F)n1	0.043036
rxn:4:195808:228726	N#Cc1cc(-c2nccc(C3CC3)c2F)ccc1Cl	0.043030
rxn:4:205012:228192	Cc1nc(N(C)C)ccc1-c1ncc(CC#N)cc1F	0.043008
rxn:4:196049:228398	COc1ccc(Cl)c(-c2cnc(C(C)(C)C)o2)c1F	0.043007
rxn:4:176546:229215	CCOC(=O)c1ccc(-c2ccc(Cl)cc2)cc1	0.042999
rxn:4:191886:228551	CCCc1ncccc1-c1ccc(OC2CC2)nc1	0.042987
rxn:4:212340:228552	CCOc1cccc(-c2c(C)nn3c2C(=O)CCC3)c1	0.042984
rxn:4:208704:228182	CC(C)n1cnc(-c2cccc(CC(F)F)c2)c1F	0.042982
rxn:4:192134:228819	Cc1cc(Cl)cc(-c2ncccc2OC(C)C)c1F	0.042981
rxn:4:196650:223350	CCNCc1cncc(-c2ncccc2C2CCCC2)c1	0.042981
rxn:4:182585:228089	CCCOc1ncccc1-c1ccc(F)c(C)c1C	0.042980
rxn:4:181189:229200	CC(=O)c1cccc(-c2cccc(C)c2)c1	0.042978
rxn:4:179798:229062	COc1cc(C2COC2)ccc1-c1ccc(C#N)n1C	0.042974
rxn:4:215610:228425	CCc1nn(C(C)C)nc1-c1cc(F)cc(Cl)c1OC	0.042966
rxn:4:191647:227879	CCOc1ccnc(-c2cccc(CCC#N)c2)c1	0.042963
rxn:4:218515:227935	CCc1cc(-c2ncc3n2CCN(C)C3)ccc1OC	0.042962
rxn:4:205090:223352	COC(=O)c1cc(-c2ccc(NC(C)C)nc2)ncn1	0.042961
rxn:4:194950:228759	CC(=O)c1ccc(-c2cc(Cl)ccc2C#N)cn1	0.042958
rxn:4:176979:228818	COCc1ccc(-c2cc(C)c(=O)n(C)c2)cc1OC	0.042955
rxn:4:177407:229207	Cc1ccc(OCC2CC2)c(-c2ccnc(C)c2)c1	0.042952
rxn:4:198495:228697	COCc1cc(-c2cc(Cl)c3c(c2)=NC(=O)C=3)ccn1	0.042944
rxn:4:205114:228464	COc1ncc(C#N)cc1-c1cncc(OC(F)F)c1	0.042944
rxn:4:192545:223344	O=C1Cc2c(cccc2-c2cnccc2OC2CCOC2)N1	0.042937
rxn:4:191737:228530	Cc1cc(OC(F)F)cc(-c2ccc3c(c2)OCC3)n1	0.042936
rxn:4:210139:223463	COc1nc(-c2ccc[nH]2)cc2[nH]ccc12	0.042936
rxn:4:205196:228274	CCCn1cncc1-c1cc(SC)c(C)cc1F	0.042928
rxn:4:212351:228559	CCOc1ccc(-c2cnc3c(c2)OCCN3C)cc1	0.042925
rxn:4:196835:229080	Cc1cc(-c2cnc(C3CC3)s2)cc(C2CCOC2)n1	0.042909
rxn:4:197166:229064	COc1cc2c(c(-c3ccnn3C3CC3)c1)C=NC2=O	0.042899
rxn:4:181720:229162	COc1cnc(-c2cccc(C3CC(F)(F)C3)c2)cn1	0.042883
rxn:4:196234:228327	COc1cc(-c2ccc(N3CCCC3)o2)cnc1OC	0.042874
rxn:4:205110:227945	COc1ncc(-c2ccc(N(C)C)c(C)c2)cc1C#N	0.042870
rxn:4:209219:228790	CS(C)(=O)=Nc1cccc(-c2cccc(C(F)F)c2)n1	0.042866
rxn:4:188330:229250	CCOC(=O)c1cccnc1-c1cncc(C)n1	0.042861
rxn:4:204995:228466	COC(=O)c1sc(Cl)cc1-c1ccc(CC#N)cn1	0.042853
rxn:4:175282:229240	Cc1ncc(-c2ccc(OCCC(C)C)cc2)cn1	0.042843
rxn:4:208178:227919	CCOc1cc(C)cc(-c2ccc(C(F)(F)F)nn2)c1	0.042841
rxn:4:214444:228735	COc1cncc(C)c1-c1c(C)nn(CCC#N)c1C	0.042829
rxn:4:195430:229013	CC(=O)c1ncc(Cl)cc1-c1sccc1C1CC1	0.042828
rxn:4:195427:227925	Cc1cccc(-c2cccc(OC(C)C)c2)c1C#N	0.042812
rxn:4:202827:228742	CCOC(=O)c1nnc(-c2cc(Cl)cc(C#N)c2)s1	0.042806
rxn:4:209275:229143	CC(C)(C)c1cncc(-c2ccc(F)c(Cl)c2)n1	0.042785
rxn:4:181274:228071	Cc1cc(CF)cc(-c2cccc3c2OCCO3)c1	0.042784
rxn:4:196156:228827	Cc1cc(F)c(F)cc1-c1cnc(S(C)(=O)=O)c(C)c1	0.042783
rxn:4:196037:228308	CCOc1ncc(-c2cc(C)cc(C)c2C#N)c(C)n1	0.042769
rxn:4:208235:228410	COc1ncc(-c2ccc(OC)c(F)c2Cl)c(Cl)n1	0.042767
rxn:4:182852:223397	O=C1CCc2c(F)cc(-c3ccc4c(c3)CCN4)cc21	0.042757
rxn:4:220866:229215	COc1ncc(-c2ccc(Cl)cc2)c2nn[nH]c12	0.042745
rxn:4:205122:227941	COCc1cc(C)cc(-c2cnc(OC)cc2C#N)c1	0.042734
rxn:4:196037:229177	Cc1cc(C)c(C#N)c(-c2c(F)cncc2F)c1	0.042732
rxn:4:191879:228834	COc1nc(C2CC2)sc1-c1cc(F)c(C)cc1Cl	0.042729
rxn:4:205520:223383	CC(=O)Nc1ccc(-c2cc(C(=O)N(C)C)c(F)cn2)cn1	0.042724
rxn:4:181466:228315	CCOc1cc(-c2c(OC)ccc(F)c2C)c(F)cn1	0.042697
rxn:4:193144:229062	Cc1ccc(CN2CCC2)cc1-c1ccc(C#N)n1C	0.042694
rxn:4:191961:227979	CCCc1ccc(-c2c(C)cc(C)cc2OC)nc1	0.042687
rxn:4:191341:228196	Cc1ncnc(C2CC2)c1-c1cccc(CC#N)c1Cl	0.042685
rxn:4:177829:229258	CCC(C)c1cc(-c2cncc(F)c2)ccc1OC	0.042684
rxn:4:208506:228576	CC(=O)n1cc(-c2cc(C#N)ccc2C)nc1C	0.042684
rxn:4:205233:228776	COC(=O)c1ncn(C)c1-c1ccc(Cl)c(OC)c1	0.042681
rxn:4:196185:228139	COc1cc(C#N)cc(-c2cc(C)c(F)cc2S(N)(=O)=O)c1	0.042678
rxn:4:196016:228086	N#CCOc1cccc(-c2ccc(C3COC3)cn2)c1	0.042673
rxn:4:205448:228621	CCc1nc(-c2ccc(C)cc2SC)cn1CC	0.042672
rxn:4:205399:228127	COc1cccc(C#N)c1-c1cnc(OC(C)C)nc1	0.042664
rxn:4:199041:229217	O=C1CCc2ncc(-c3ccc(F)cc3)cc2C1	0.042663
rxn:4:209446:228978	CCc1ccc(-c2ccnc(C3CCCC3)n2)cc1	0.042662
rxn:4:188030:228985	Cc1ccc(-c2ccc(C(=O)CC#N)o2)c(C)c1	0.042658
rxn:4:188308:228718	COc1c(CC#N)cccc1-c1cc(C#N)cnc1C	0.042654
rxn:4:179391:229147	COCn1ccc(-c2cccc(C(C)C(F)(F)F)c2)n1	0.042654
rxn:4:179512:228309	CCOc1c(C)cccc1-c1cc(C#N)nc(OC)c1	0.042651
rxn:4:208779:228621	CSc1cc(C)ccc1-c1ncncc1C(C)C	0.042650
rxn:4:196538:229077	CSc1ccc(-c2cc(C(C)C)cc(C)n2)cn1	0.042650
rxn:4:192528:227868	COc1ccc(-c2ccc3c(c2)OCCC3)cc1S(C)(=N)=O	0.042647
rxn:4:201383:229019	CCC(CC)Cn1cc(-c2ccc(C)nc2C)cn1	0.042646
rxn:4:196233:228795	COc1cccc(Cl)c1-c1cnccc1C1CCC1	0.042637
rxn:4:214483:228576	CCN(CC)c1ccc(-c2cc(C#N)ccc2C)nn1	0.042628
rxn:4:214485:228590	CCN(CC)c1cnc(-c2cccc(C)c2C#N)cn1	0.042628
rxn:4:205102:227916	COc1cnc(-c2ccc(OC3CC3)cc2)c(C#N)c1	0.042625
rxn:4:211366:229000	CCc1ccncc1-c1n[nH]c2ccccc12	0.042618
rxn:4:195198:229152	Cn1ncc(C#N)c1-c1nc(C(F)(F)F)ccc1Cl	0.042605
rxn:4:196844:229003	COc1cccc(-c2ccc(C3CCOCC3)nc2)c1	0.042597
rxn:4:215413:228666	CC(C)Cc1[nH]nnc1-c1ccc2ocnc2c1	0.042579
rxn:4:209471:228544	N#CCc1ccc(-c2cnccc2N2CCCC2)cc1	0.042577
rxn:4:182775:228117	CC(C)Oc1cncc(-c2cccc3c2CCC3=O)c1	0.042573
rxn:4:211304:229235	COc1ccsc1-c1ccc2ocnc2n1	0.042572
rxn:4:188689:228685	CCOC(=O)c1[nH]cc(-c2cncc(COC)c2)c1C	0.042568
rxn:4:205188:229129	COc1nc(C(F)(F)F)ncc1-c1cnc(C)cc1Cl	0.042566
rxn:4:178986:228596	CCOc1cc(Cl)cc(-c2ccc(CC)nc2C)c1	0.042566
rxn:4:178736:229250	Cc1cncc(-c2ccc(Cl)c(C(=O)C(F)F)c2)n1	0.042559
rxn:4:192499:229136	CN(C)Cc1c(F)cccc1-c1cc(F)cc(Cl)c1	0.042553
rxn:4:176464:228992	COc1cc(-c2cccc(C#N)c2)ccc1OC(F)F	0.042552
rxn:4:215315:228116	CC(C)Oc1ncccc1-c1cc(C#N)nc(C#N)c1	0.042530
rxn:4:179184:228897	COc1ncc(F)cc1-c1ccc(Cl)c(OC2CC2)c1	0.042529
rxn:4:209292:228159	CCOc1cc(-c2cnc(N(C)C)c(C)c2)ccc1F	0.042521
rxn:4:207998:228173	CCOc1cc(F)ccc1-c1nnc(C(F)(F)F)s1	0.042520
rxn:4:195430:229034	CC(=O)c1ncc(Cl)cc1-c1cc(C)ccc1F	0.042514
rxn:4:208020:228062	Cc1nc(-c2cncc3c2CCCO3)oc1C#N	0.042508
rxn:4:192500:229171	Cc1ncc(-c2ccc(F)cc2CN(C)C)c(Cl)n1	0.042495
rxn:4:196091:228587	Cc1cc(C#N)cc(-c2cc(C(C)(C)F)ccn2)c1	0.042495
rxn:4:208970:228446	COc1cc(F)cc(-c2ncc(C3CCC3)cn2)c1Cl	0.042485
rxn:4:177137:229280	CCCS(=O)(=O)c1ccc(-c2cnc(F)nc2)cc1	0.042482
rxn:4:192333:229156	CN(C)C(=O)c1cc(Cl)ccc1-c1cncc(C#N)n1	0.042482
rxn:4:205005:228558	CCSc1cccc(-c2ccn(CC(F)F)n2)c1	0.042481
rxn:4:208309:228530	Cc1cncc(-c2ccc3c(c2)OCC3)c1C#N	0.042467
rxn:4:179230:228780	COc1c(F)cccc1-c1ccc(F)c(CC(C)=O)c1	0.042464
rxn:4:191448:228913	COc1nccc(-c2csc(C(=O)C3CC3)n2)c1F	0.042464
rxn:4:205395:227957	Cc1nc(C(C)C)ccc1-c1cncc(OC(C)C)n1	0.042459
rxn:4:208800:228383	Cc1cc(-c2cn(C3CCC3)c(F)n2)cnc1C(F)F	0.042459
rxn:4:208742:228008	CC(C)(C)c1nc(-c2cc(Cl)cc(C3CC3)c2)no1	0.042458
rxn:4:179138:228214	COc1ccc(-c2cnc(C3CC3)cc2F)c(OC)c1	0.042455
rxn:4:208243:229296	Cn1cc(-c2csc(-c3ncco3)n2)cn1	0.042455
rxn:4:205416:227966	COc1ncc(-c2cccnc2C(C)(C)C)cc1S(N)(=O)=O	0.042442
rxn:4:179261:229285	Cc1cc(C(=O)C(F)F)ccc1-c1cccn1C	0.042418
rxn:4:205291:228345	COC(=O)c1sc(C)cc1-c1ccn(CC2CC2)n1	0.042415
rxn:4:179524:228145	COCc1ccc(C)cc1-c1cc(OC)ccc1C#N	0.042403
rxn:4:205257:228998	CCc1ncccc1-c1c(Cl)nc(OC)nc1OC	0.042402
rxn:4:199207:227957	Cc1nc(C(C)C)ccc1-c1[nH]c2c(c1C)C(=O)CCC2	0.042400
rxn:4:182796:228785	COc1cc(Cl)ccc1-c1ccc2c(c1)C=CCO2	0.042398
rxn:4:199158:228084	CCCOc1ccc(-c2ccc3c(c2)CCN3C)cn1	0.042395
rxn:4:192031:229090	CC(=O)c1cc(-c2cccnc2OC2COC2)cs1	0.042369
rxn:4:196054:228631	CC(C)(C)c1cc(-c2ccsc2C2CCC2)on1	0.042368
rxn:4:198946:229340	Cc1c[nH]c2c(F)cc(-c3ncco3)cc12	0.042364
rxn:4:182236:228682	CCCc1ncncc1-c1cccc2c1CCC2OC	0.042357
rxn:4:195587:228148	COc1cccc(-c2cnc(C(F)F)c(C)c2)c1OC	0.042347
rxn:4:181617:229208	Cc1cncc(-c2ccc(C(C)(F)F)cc2C)c1	0.042344
rxn:4:205013:228758	CSc1ncc(C)cc1-c1cnc(CC#N)c(Cl)c1	0.042335
rxn:4:198240:228009	Cc1ccnc(-c2ccc(C3CC3)c(F)c2)c1Cl	0.042320
rxn:4:205334:228612	COc1cccc(-c2ccnc(C3CC3)c2C#N)c1C	0.042316
rxn:4:185657:228977	CCOC(=O)Cc1csc(-c2ccc3c(c2)CC3)n1	0.042306
rxn:4:182976:228734	COc1nccc(C)c1-c1cccc2c1CC(C)=C2	0.042301
rxn:4:205014:228020	N#CCc1ncc(-c2c(F)cccc2C2CC2)cc1F	0.042286
rxn:4:217028:228505	CCCc1ccc(-c2nccc(N3CCCC3)n2)cc1	0.042277
rxn:4:188308:228584	COc1c(CC#N)cccc1-c1ccnc(C2CC2)c1	0.042272
rxn:4:209230:228835	Cc1cc(Cl)c(F)c(-c2cnc(C3CCOC3)cn2)c1	0.042270
rxn:4:198425:223454	O=c1[nH]cccc1-c1cc(Cl)cc2cnoc12	0.042250
rxn:4:211422:229266	Cc1nc(C)c(-c2cnc3[nH]ccc3c2)o1	0.042238
rxn:4:205589:228264	CCN(C)c1cnccc1-c1cc(OC)c(C)cc1Cl	0.042234
rxn:4:188563:229155	CC(F)(F)COc1ccc(-c2cn(C3CC3)nn2)nc1	0.042233
rxn:4:205496:229006	COc1nc(C)nc(OC)c1-c1ccc(SC)cc1	0.042231
rxn:4:208328:223342	Cc1n[nH]c(-c2ccc3c(c2)OCCN3)c1C(F)(F)F	0.042230
rxn:4:197384:229045	COc1nc2c(cc1-c1cc(C)cc(F)c1)OCCO2	0.042225
rxn:4:222239:229222	Cc1cc(-c2cnc(-c3nnn[nH]3)nc2)sc1C	0.042225
rxn:4:192152:228404	CCOc1nc(C)ccc1-c1ccc(F)c(OC)c1Cl	0.042223
rxn:4:192692:229238	CSc1sccc1-c1cncc(OC(C)(C)C)c1	0.042203
rxn:4:217153:229237	CSc1cc(-c2cn(C)c(N3CCCCC3)n2)cs1	0.042203
rxn:4:216442:228590	Cc1cccc(-c2ncc(C#N)c(C)n2)c1C#N	0.042188
rxn:4:188588:229066	CCc1ncncc1-c1cnc(OCC(F)F)c(C)c1	0.042182
rxn:4:220973:229216	Fc1ccccc1-c1cnc2[nH]ncc2n1	0.042180
rxn:4:205331:229304	COC(=O)c1ncc(-c2ccncn2)nc1C	0.042165
rxn:4:191744:228697	COCc1cc(-c2cc(OC(F)F)cnc2C)ccn1	0.042165
rxn:4:179812:229325	COC(=O)c1ccc(-c2cscc2Cl)c(C)c1C	0.042151
rxn:4:213489:223401	CCOC(=O)Cn1cnc(-c2ccc(C)c(NC)c2)n1	0.042137
rxn:4:214460:229005	COc1ccccc1-c1cn(C(=O)OC(C)(C)C)nn1	0.042134
rxn:4:208984:227973	COc1c(C)cc(-c2ncncc2C2CCC2)cc1C	0.042121
rxn:4:211578:229264	Fc1c[nH]c2cc(-c3cnccc3Cl)cnc12	0.042112
rxn:4:211270:228317	COC(=O)c1ccc(-c2c(C)nn(C)c2C)cn1	0.042110
rxn:4:205198:228434	Cc1cnc(CC#N)cc1-c1ccc(C(F)F)c(F)c1	0.042099
rxn:4:205121:228391	COc1ccnc(C#N)c1-c1cccc(C(F)(F)F)c1	0.042098
rxn:4:220298:229137	N#CC1CN(c2ncc(-c3c(F)cccc3F)cn2)C1	0.042095
rxn:4:199159:229022	Cc1cncc(-c2cnc3c(c2)CCCC3)c1C	0.042094
rxn:4:188326:229154	CCOC(=O)c1nc(-c2cc(C#N)nn2C)sc1C	0.042088
rxn:4:205199:228745	CSc1cc(C)c(-c2cc(C)nc(CC#N)c2)cn1	0.042080
rxn:4:191874:228463	FC(F)Oc1ccc(-c2ncccc2OC2CC2)cn1	0.042074
rxn:4:214456:228295	CCOC(=O)n1ccc(-c2cnn(C(CC)CC)n2)c1	0.042071
rxn:4:195732:227994	COc1ccc(-c2cc(C(C)C)ccc2Cl)nc1C	0.042071
rxn:4:195768:227994	COc1ccc(-c2cc(C(C)C)ccc2Cl)c(C)n1	0.042071
rxn:4:181688:228870	COC(=O)c1csc(-c2ccc(C)c(OC)c2C)c1	0.042066
rxn:4:196560:228463	Cc1cc(C(C)C)ncc1-c1ccc(OC(F)F)nc1	0.042063
rxn:4:188297:228830	Cc1cc(OCC#N)ccc1-c1ccc(F)c(C)c1F	0.042059
rxn:4:194989:228112	COc1ccc(C#N)cc1-c1c(F)cc(C#N)cc1Cl	0.042055
rxn:4:192162:228462	CCOc1cc(-c2ccnc(OC(F)F)c2)cnc1C	0.042052
rxn:4:212203:229075	Cc1cc(-c2ccnc3c2CC(=O)N3C)sc1C#N	0.042048
rxn:4:218078:229236	COc1csc(-c2nc3ccc(Cl)cn3n2)c1	0.042039
rxn:4:205395:228177	COCc1ccc(F)cc1-c1cncc(OC(C)C)n1	0.042038
rxn:4:212042:223459	Cc1cn[nH]c1-c1ccc(C)n2ccnc12	0.042036
rxn:4:203043:228231	CCOc1nn(CC)cc1-c1ccc(N(C)C)cc1F	0.042030
rxn:4:182709:228612	COc1cccc(-c2cc(Cl)cc3c2OCC3=O)c1C	0.042030
rxn:4:196015:228754	CSc1ncc(-c2csc(C3CCCO3)n2)cc1C	0.042013
rxn:4:212385:227885	CCCOc1cccc(-c2c(C)nc3n2CCCC3)c1	0.041990
rxn:4:220608:229335	c1cnn(-c2cnc(-c3cscn3)cn2)c1	0.041990
rxn:4:211387:229220	Cc1cc(-c2cc3cccnc3[nH]2)c(C)s1	0.041988
rxn:4:191528:223357	COC(=O)c1ccc(F)c(-c2ccccc2NC(C)=O)n1	0.041977
rxn:4:182926:228712	O=C1CCOc2cccc(-c3ccnn3C3CCC3)c21	0.041974
rxn:4:191221:228477	COC(=O)c1scnc1-c1cnccc1C(F)(F)F	0.041951
rxn:4:188416:229052	CCCn1nccc1-c1cc(OCC)c(C#N)cc1F	0.041942
rxn:4:181578:229282	CC(C)c1ccc(Cl)c(-c2ccccc2)c1	0.041938
rxn:4:197068:229028	Cc1cc(Cl)ccc1-c1sc(C#N)c2c1OCCO2	0.041933
rxn:4:192468:228206	CN(C)Cc1ccccc1-c1cc(F)cc(N(C)C)c1	0.041924
rxn:4:195399:228461	CC(=O)c1cccnc1-c1cccnc1OC(F)F	0.041923
rxn:4:191288:228590	Cc1cccc(-c2cncc(OC(F)(F)F)c2)c1C#N	0.041915
rxn:4:183098:229165	COc1nccc(-c2cc(C)cc3c2OCCC3=O)n1	0.041915
rxn:4:209597:228118	COc1cccc(-c2cn(C(C)(C)C)nc2C)c1C#N	0.041906
rxn:4:211922:229301	Cc1nccc2[nH]cc(-c3cccnn3)c12	0.041890
rxn:4:211690:223459	Cc1cn[nH]c1-c1ccc2cccnc2n1	0.041890
rxn:4:186300:229093	Cc1ncnc(C)c1-c1cccc(OCCN(C)C)c1	0.041890
rxn:4:179964:223350	CCNCc1cncc(-c2c(C)cc(COC)cc2C)c1	0.041877
rxn:4:203094:228701	Cn1cc(-c2cnc(C3CC3)nc2)c(OCC2CC2)n1	0.041875
rxn:4:208304:228520	Cc1cc(C)c(-c2cnc(C)c(C#N)c2)cc1C	0.041866
rxn:4:188514:228228	CCOCc1cncc(-c2c(C)cnc(OC)c2C)c1	0.041866
rxn:4:188072:228694	CCN(C)c1csc(-c2ccc(OCC#N)c(F)c2)c1	0.041863
rxn:4:218127:228556	COCc1ccc(-c2cc(Cl)c3[nH]ncc3n2)cc1	0.041861
rxn:4:181145:228100	CCCn1nc(C)c(-c2c(Cl)ccc(OC)c2F)c1C	0.041853
rxn:4:182890:228141	CCCc1cc(F)c(-c2cccc3c2CCC3)cn1	0.041852
rxn:4:188690:228408	CCOC(=O)c1cc(-c2cc(F)c(OC)cc2F)[nH]c1C	0.041852
rxn:4:189397:229135	COc1ccc(-c2cc(Cl)ccc2F)cc1CN(C)C	0.041842
rxn:4:189253:229066	CCc1ncncc1-c1c(F)cccc1CN(C)CC	0.041835
rxn:4:181538:228555	COCc1ccccc1-c1ccc(Cl)c(C2COC2)c1	0.041822
rxn:4:215491:227901	CCN(C)c1ncc(-c2ccc(CC(C)C)nc2)cn1	0.041822
rxn:4:209444:228559	CCOc1ccc(-c2cc(C3CCC3)nc(C)n2)cc1	0.041817
rxn:4:179961:228748	COc1cc(C)c(-c2ccc(C)cc2OC(C)C)cn1	0.041816
rxn:4:195358:223418	COc1cnc(-c2c[nH]cc3nccc2-3)cc1F	0.041804
rxn:4:196204:228182	COc1c(C)cc(C)nc1-c1cccc(CC(F)F)c1	0.041798
rxn:4:181619:228897	COc1ncc(F)cc1-c1ccc(C)cc1C(C)(F)F	0.041784
rxn:4:218232:229310	Cc1nc(-c2cnn3ccn(C)c23)cs1	0.041780
rxn:4:183043:228739	COc1cc(-c2cc(C)c3c(c2)CCC3=O)c(C)cn1	0.041779
rxn:4:194886:228361	CN(C)c1cc(-c2ncc(C(F)(F)F)s2)c(F)cn1	0.041779
rxn:4:181687:228991	CCCc1sccc1-c1cc(OC)c(C)cc1C	0.041774
rxn:4:215482:228444	CCc1c(-c2ccc(Cl)c(C(F)F)c2)nnn1C1CC1	0.041769
rxn:4:179438:229276	COC(=O)c1cc(-c2cnc(Cl)cn2)cc(F)c1C	0.041768
rxn:4:189059:228998	CCc1ncccc1-c1ccc(OC(C)C)c(OC)n1	0.041762
rxn:4:205505:228527	CN(C)c1cc(C#N)cc(-c2cccc3c2OCC3)c1	0.041760
rxn:4:216496:229227	N#Cc1cc(-c2cn(-c3nccs3)cn2)cs1	0.041753
rxn:4:217078:229023	Cc1cc(C)c(-c2cc(N3CCOCC3)ncn2)cn1	0.041751
rxn:4:205599:227932	CCc1nc(N(C)C)sc1-c1cc(COC)ccc1C	0.041749
rxn:4:182574:228107	CCC(C)c1ncncc1-c1cc(C)c(C)cc1Cl	0.041748
rxn:4:208519:228985	Cc1ccc(-c2cc(Cl)nc(C3CC3)n2)c(C)c1	0.041733
rxn:4:195432:228604	COc1cc(C)cc(-c2cc(F)cnc2C(C)=O)c1	0.041728
rxn:4:218108:229015	CC(C)c1sccc1-c1cnc2[nH]nc(Cl)c2c1	0.041727
rxn:4:182897:228337	CCOc1cc(F)c(-c2ccc3c(c2Cl)CCC3)cn1	0.041725
rxn:4:220633:223470	c1cnc(-n2ccnc2-c2nnc[nH]2)cn1	0.041716
rxn:4:218331:229221	Cc1cc(C)c(-c2n[nH]c3c(C)ccnc23)s1	0.041706
rxn:4:191543:229143	COC(=O)c1c(F)ccnc1-c1ccc(F)c(Cl)c1	0.041704
rxn:4:191454:223377	COC(=O)c1ccnc(-c2cnc3c(c2)CC(=O)N3)c1	0.041693
rxn:4:195213:229281	Fc1cnc(-c2cc(Cl)c(C(F)(F)F)cn2)cn1	0.041691
rxn:4:197560:229078	COc1cncc(-c2ccc3c(c2)CCC3(C)C#N)c1	0.041689
rxn:4:179534:228462	COCc1cc(C)cc(-c2ccnc(OC(F)F)c2)c1	0.041687
rxn:4:181603:228229	Cc1cc(S(C)(=O)=O)ccc1-c1ccn(C2CC2)c(=O)c1	0.041685
rxn:4:183133:229102	Cn1ccc(-c2ccc3c(c2)CCCCS3)cc1=O	0.041678
rxn:4:192292:229090	CC(=O)c1cc(-c2cc(OC3CCC3)ccn2)cs1	0.041678
rxn:4:220586:229250	Cc1cncc(-c2ccc(-c3nn[nH]n3)o2)n1	0.041672
rxn:4:198849:228779	COc1ccc(F)cc1-c1nc2c(s1)CC(F)(F)CC2	0.041664
rxn:4:191998:227875	CCS(=O)(=O)c1ccc(-c2cccc3c2CCCO3)nc1	0.041649
rxn:4:182781:228623	O=C1Cc2ccc(-c3sccc3C3CCC3)cc2C1	0.041634
rxn:4:179557:229134	CC(C)Oc1cc(-c2cc(F)ccc2F)ccc1F	0.041633
rxn:4:181603:228495	Cc1cc(S(C)(=O)=O)ccc1-c1ccn(CC(F)(F)F)n1	0.041631
rxn:4:179584:228690	CCOc1cncc(-c2cc(C)c(F)c(COC)c2)c1	0.041631
rxn:4:217034:228211	c1sc(-c2nncn2C2CCOCC2)cc1N1CCCC1	0.041628
rxn:4:179689:228725	COc1cc(C2CC2)ccc1-c1cc(F)cc(C#N)c1	0.041622
rxn:4:196505:228495	FC(F)(F)Cn1ccc(-c2ccc(C3CCOC3)cn2)n1	0.041621
rxn:4:198531:223469	Fc1cc(-c2cc[nH]n2)cc2[nH]ccc12	0.041615
rxn:4:191340:228197	CC(C)(C)c1ncc(-c2c(Cl)cccc2CC#N)cn1	0.041612
rxn:4:181483:228732	COc1c(F)c(C)cc(-c2cccc(C#N)c2F)c1F	0.041600
rxn:4:195479:228401	COc1c(F)ccc(F)c1-c1cc(F)cc(C)c1C#N	0.041600
rxn:4:205594:227910	CCC(C)c1ccc(-c2cn(C)c(OC(C)C)n2)cn1	0.041596
rxn:4:209467:228573	Cc1cc(C#N)ccc1-c1ccc(N2CCCC2)nc1	0.041590
rxn:4:195329:227815	CCC(C)c1ccccc1-c1c(Cl)cncc1OC	0.041562
rxn:4:208177:227816	CCCc1ccc(-c2cncc(C(F)(F)F)n2)c(C)c1	0.041558
rxn:4:195698:223343	Cc1ccnc(C(F)(F)F)c1-c1ccc2c(c1)NC(=O)C2	0.041558
rxn:4:211565:229285	Cn1cccc1-c1c(F)ccc2[nH]ncc12	0.041555
rxn:4:181202:228677	CC(=O)c1cc(Cl)ccc1-c1cnn(CC(C)C)c1	0.041548
rxn:4:209446:228586	CC(C)c1ncccc1-c1ccnc(C2CCCC2)n1	0.041547
rxn:4:181203:229221	CC(=O)c1ccc(-c2sc(C)cc2C)c(Cl)c1	0.041540
rxn:4:211874:228727	COc1ncc(C)cc1-c1cc2nccc-2c[nH]1	0.041538
rxn:4:179004:228413	COCc1ccc(-c2cc(OC)c(F)cc2Cl)c(F)c1	0.041528
rxn:4:192850:229137	Fc1cccc(F)c1-c1cc(OC2CCCC2)ccn1	0.041526
rxn:4:209220:228637	Cc1cc(-c2ccncc2N2CCSC2)c(C)cc1F	0.041510
rxn:4:192302:228245	CC(=O)c1ccc(-c2cccc(CS(C)(=N)=O)c2)cc1F	0.041507
rxn:4:195395:228116	CC(=O)c1cccc(-c2cccnc2OC(C)C)n1	0.041500
rxn:4:191879:228629	COc1nc(C2CC2)sc1-c1ccc(C2CCC2)s1	0.041490
rxn:4:191454:229060	COC(=O)c1ccnc(-c2ccc(C#N)nc2)c1	0.041483
rxn:4:180918:228333	COc1nccc(SC)c1-c1cc(F)ccc1CF	0.041478
rxn:4:208446:229102	Cn1ccc(-c2ccc(-c3ncc[nH]3)o2)cc1=O	0.041459
rxn:4:208775:223402	CN(C)c1cnccc1-c1ccc2[nH]ncc2c1	0.041456
rxn:4:177106:229202	CCc1ccc(-c2ccc(C)c(CC(=O)OC)c2)s1	0.041455
rxn:4:218332:223441	CNc1ccccc1-c1ccc2cnc(C)nn12	0.041449
rxn:4:182853:228326	COc1cc(-c2cc(F)cc3c2C(=O)CC3)cc(OC)n1	0.041442
rxn:4:205403:227936	CCOc1ncc(-c2cccc(SC3CC3)c2)c(C)n1	0.041421
rxn:4:208882:229286	Cn1ccc(-c2c[nH]c(-c3ccc(Cl)cc3)n2)c1	0.041421
rxn:4:199004:223378	CN1Cc2ccc(-c3cnc4c(c3)NCCO4)cc2C1=O	0.041420
rxn:4:191811:228737	COc1cc(-c2ccc(OC)nc2C)c(C(F)(F)F)cn1	0.041419
rxn:4:202849:228114	COC(=O)c1cc(-c2ccc(C#N)c(OC)c2)c(C#N)[nH]1	0.041403
rxn:4:203149:229238	CSc1sccc1-c1ccccc1C(C#N)N(C)C	0.041391
rxn:4:205049:228863	COCCn1cc(-c2ccc(C(F)(F)F)c(C#N)n2)cn1	0.041390
rxn:4:196162:228541	CN(C)c1ccc(-c2ccc3c(c2)COC3)c(F)c1F	0.041388
rxn:4:217128:228918	Cc1nc(N2CCCC2)ncc1-c1cnccc1C(F)F	0.041366
rxn:4:194952:228066	N#Cc1ccc(-c2ccc3c(c2)OCCO3)cc1F	0.041355
rxn:4:188030:228611	COc1ccc(C)c(-c2ccc(C(=O)CC#N)o2)c1	0.041350
rxn:4:196159:228508	CC(C)c1cccc(-c2cccnc2C2CC(=O)C2)c1	0.041347
rxn:4:208337:228264	COc1cc(-c2cnc(C)n2C(F)(F)F)c(Cl)cc1C	0.041331
rxn:4:179613:228738	COc1cc(-c2ccc(S(C)(=O)=O)cc2OC)cc(C)n1	0.041329
rxn:4:182204:228764	COc1ccc(-c2ccnc(OC)c2C)c2c1C(=O)CC2	0.041313
rxn:4:192547:228921	FC(F)c1ccc(-c2ccc(OC3CCOC3)nc2)cn1	0.041304
rxn:4:183159:229334	O=C1CCCCc2ccc(-c3cnoc3)cc21	0.041304
rxn:4:197493:229271	CCc1c[nH]c2cc(F)c(-c3cc(OC)ns3)cc12	0.041304
rxn:4:205332:228199	Cc1nn(C2CCC2)cc1-c1cnn(S(=O)(=O)C2CC2)c1	0.041300
rxn:4:196846:228699	CN(C)c1cncc(-c2cccnc2C2CCOCC2)c1	0.041300
rxn:4:191302:228312	COc1cnc(C#N)cc1-c1ncc(OC(F)F)cc1F	0.041295
rxn:4:182854:228608	COc1cc(C)ccc1-c1c(F)ccc2c1CCC2=O	0.041294
rxn:4:191208:223344	O=C1Cc2c(cccc2-c2csc(C(=O)C(F)(F)F)n2)N1	0.041292
rxn:4:218233:228179	COCc1cc(F)cc(-c2[nH]ccc3ncnc2-3)c1	0.041291
rxn:4:198501:228071	c1cc2c(c(-c3ccnc4c3CCO4)c1)OCCO2	0.041288
rxn:4:195212:223341	O=C1Cc2cc(-c3nccc(Cl)c3C(F)(F)F)ccc2N1	0.041287
rxn:4:191895:227903	CCN(C)c1cccc(-c2cncc(OC3CC3)c2)c1	0.041278
rxn:4:181429:228703	Clc1cc(-c2cnn(C3CCC3)c2)cc(C2CC2)c1	0.041276
rxn:4:212217:227879	CN1Cc2nc(-c3cccc(CCC#N)c3)ccc2C1=O	0.041259
rxn:4:209231:228338	c1ncc(C2CCCO2)nc1-c1cnc(OC2CCC2)s1	0.041253
rxn:4:191920:228604	COc1cc(C)cc(-c2ccc(C(C)C#N)cc2F)c1	0.041251
rxn:4:191276:228769	CCc1ncc(Cl)cc1-c1cc(OC(F)F)c(Cl)cn1	0.041250
rxn:4:206028:228762	CCn1cc(-c2cncc(OC3CCCC3)n2)ccc1=O	0.041249
rxn:4:215619:228625	CCc1ccc(-c2cncc(OC3CN(C)C3)n2)c(F)c1	0.041234
rxn:4:212364:229146	COCn1cc(-c2cc3cc(C)[nH]c3nc2C)cn1	0.041232
rxn:4:181127:228145	COc1ccc(C#N)c(-c2ccc(C=C(F)F)cc2)c1	0.041231
rxn:4:210646:228761	COc1cc(-c2cncc(C34CC(C)(C3)C4)n2)cnc1C	0.041228
rxn:4:182774:228742	N#Cc1cc(Cl)cc(-c2ccc3c(c2)C(=O)CC3)c1	0.041225
rxn:4:205221:229048	COC(=O)c1c(-c2cnn3c2CCC3)ncn1C	0.041224
rxn:4:196103:228975	CN(C)c1cc(-c2cnn(C(F)(F)F)c2)ccc1F	0.041222
rxn:4:209646:228729	N#Cc1cc(F)ccc1-c1cnn(C2CCCCC2)c1	0.041219
rxn:4:203002:229078	CCOC(=O)c1cn(C)nc1-c1cncc(OC)c1	0.041215
rxn:4:183027:228146	CCc1cncc(-c2ccc3c(c2)CCC(=O)C3)c1OC	0.041214
rxn:4:216813:223461	Cc1[nH]ncc1-c1cc(-c2ncccn2)ccn1	0.041210
rxn:4:216702:229249	Cc1cc(-c2ccc(-c3c[nH]nn3)cc2)cnn1	0.041210
rxn:4:209653:228460	COc1ncnc(OC)c1-c1nn(C2CCCC2)cc1C	0.041207
rxn:4:211552:228681	Fc1cc(-c2ccnn2CC2CC2)c2nc[nH]c2c1	0.041194
rxn:4:181484:228597	COc1c(-c2c(C)cccc2C#N)cc(C)c(F)c1F	0.041193
rxn:4:192010:229038	COC(=O)c1nc(-c2cc(C)ccc2Cl)ccc1C	0.041191
rxn:4:198327:228150	COC(=O)c1ccc(-c2nc(C)c(Cl)cc2C)cc1	0.041191
rxn:4:206315:228600	COc1ccc(-c2ccn(CC3CCOCC3)n2)c(C)c1	0.041191
rxn:4:202823:227816	CCCc1ccc(-c2cncc(OCC#N)c2)c(C)c1	0.041190
rxn:4:182443:227985	CC(C)c1cc(-c2cccc(F)c2)ccc1F	0.041187
rxn:4:199026:228173	CCOc1cc(F)ccc1-c1cccc2c1N(C)C(=O)C2	0.041171
rxn:4:216780:228111	N#Cc1ccc(-c2cn(C3CCOC3)nn2)cc1C#N	0.041170
rxn:4:182588:228170	CCOc1ccc(F)cc1-c1cc(C)c(C)cc1F	0.041164
rxn:4:211377:228594	CCc1cc(-c2c[nH]c3ccncc23)cc(C)n1	0.041156
rxn:4:205346:229134	COC(=O)c1nc(C)ncc1-c1cc(F)ccc1F	0.041156
rxn:4:182201:228786	COc1cccc(-c2ccc(OC)c3c2OCCO3)c1Cl	0.041151
rxn:4:196489:228155	COc1ccc(-c2cccc(C3CCOC3)n2)cc1OC	0.041151
rxn:4:212183:227861	Cc1nc(-c2cnc3c(c2)CCCC3)n2c1CCC2	0.041139
rxn:4:176470:228714	COc1cc(OC(F)F)cc(-c2cnc(C#N)cc2C)c1	0.041137
rxn:4:182170:228156	COc1ccc(OC)c(-c2ccc(OC)c3c2CCO3)c1	0.041131
rxn:4:191877:223407	COc1cc(-c2cnc3cc[nH]c3c2)cc(OC)n1	0.041116
rxn:4:209445:228138	N#CCc1ccc(-c2ccncc2N2CCCC2)cc1F	0.041113
rxn:4:196663:228729	CC1CCN1c1ccc(-c2ccc(F)cc2C#N)cc1	0.041110
rxn:4:195676:228298	CCOC(=O)c1cc(-c2ccc(S(N)(=O)=O)cc2Cl)cs1	0.041096
rxn:4:208961:228826	CC(=O)c1c(-c2cc(C)c(F)cc2F)c(C)nn1C	0.041090
rxn:4:181111:223432	COc1cc(-c2cccc3nn[nH]c23)cc(Cl)c1F	0.041087
rxn:4:196089:228089	CCCOc1ncccc1-c1ccnc(C(C)(C)F)c1	0.041083
rxn:4:182865:228460	COc1ncnc(OC)c1-c1c(F)ccc2c1OCCO2	0.041081
rxn:4:179211:228826	CC(=O)Cc1ccc(-c2cc(C)c(F)cc2F)cc1F	0.041078
rxn:4:177269:228579	CCOCc1ccc(C)cc1-c1cc(C)ccc1C#N	0.041078
rxn:4:205339:228206	CN(C)c1cc(F)cc(-c2ccnc(OC3COC3)n2)c1	0.041077
rxn:4:214444:228224	Cc1cc(C#N)cc(-c2c(C)nn(CCC#N)c2C)c1Cl	0.041069
rxn:4:205504:228637	Cc1cc(-c2cccc(C#N)c2N(C)C)c(C)cc1F	0.041066
rxn:4:216885:223372	Cc1nn(C(C)C)nc1-c1ccc(Cl)c2cn[nH]c12	0.041052
rxn:4:217097:228319	COc1nccc(-c2cnc(N3CCCC3)n2C)c1OC	0.041052
rxn:4:189075:228752	COc1ncc(-c2cc(F)ccc2C#N)cc1OC(C)C	0.041049
rxn:4:192052:228611	COc1ccc(C)c(-c2cc(C#N)ccc2C2CC2)c1	0.041042
rxn:4:198868:229130	O=C1Cc2cccc(-c3ccc(Cl)c(F)c3)c2C=N1	0.041041
rxn:4:205353:228326	COc1cc(-c2cncc(C3(C#N)CC3)c2)cc(OC)n1	0.041025
rxn:4:206324:228569	CN(C)c1ccccc1-c1cnc(OC2CCCC2)n1C	0.041016
rxn:4:182546:227880	Cc1ccc(-c2ccc(CCC#N)cc2)c(Cl)c1F	0.041016
rxn:4:218056:229076	Cc1cc(C#N)sc1-c1cnc2[nH]ncc2c1Cl	0.041012
rxn:4:205320:229045	COC(=O)c1nc(C)cnc1-c1cc(C)cc(F)c1	0.040995
rxn:4:178805:228099	CCN(C)c1cncc(-c2cccc(CC(F)F)c2)c1	0.040993
rxn:4:205097:227881	CCCOc1ccc(-c2sc(C#N)nc2C2CC2)cc1	0.040986
rxn:4:218000:228099	CCN(C)c1cncc(-c2ccc3[nH]ncc3n2)c1	0.040985
rxn:4:182772:228255	COc1c(-c2cc3c(s2)CCCC3=O)ccc(C)c1F	0.040980
rxn:4:218252:229233	COc1ccc(-c2cnc3nc(C)ccn23)s1	0.040976
rxn:4:218257:229236	COc1csc(-c2cnc3cnn(C)c3c2)c1	0.040976
rxn:4:205582:228158	CCOc1cc(F)cc(-c2ncc(C(C)CC)cn2)c1	0.040972
rxn:4:218136:228786	COc1cccc(-c2nc3cc[nH]c3nc2Cl)c1Cl	0.040972
rxn:4:218057:228795	COc1cccc(Cl)c1-c1cc(Cl)cc2n[nH]nc12	0.040972
rxn:4:202927:229068	CCOC(=O)c1nccc(-c2cnccc2OC)n1	0.040960
rxn:4:191839:228096	Cc1cc(-c2ccc(OCCF)cc2)ccc1CC#N	0.040955
rxn:4:183034:228148	COc1cccc(-c2ccc3c(c2)CC(C)C3=O)c1OC	0.040944
rxn:4:183063:229053	COCc1ccc(-c2c(Cl)ccc3c2CCCC3=O)s1	0.040943
rxn:4:191467:227812	COc1ccc(-c2cccc(CC(C)C)c2)cc1C#N	0.040939
rxn:4:188308:228109	CCc1cc(-c2cccc(CC#N)c2OC)cc(C#N)n1	0.040937
rxn:4:197101:229322	COc1cc(-c2sccc2Cl)c2ocnc2c1	0.040935
rxn:4:181281:228150	CCc1ccc(-c2ccc(C(=O)OC)cc2)cc1Cl	0.040932
rxn:4:195593:227962	Cc1cc(-c2cnc(C)c(C(F)F)c2)cc(C2CC2)n1	0.040930
rxn:4:191839:227939	COC(C)c1ccccc1-c1ccc(CC#N)c(C)c1	0.040930
rxn:4:221047:229206	CCc1cc(-c2cnc3c(c2)nnn3C)cs1	0.040927
rxn:4:218188:228136	c1cc2c(-c3ccc(OC4CC4)nc3)nnc-2c[nH]1	0.040923
rxn:4:191220:228371	COC(=O)c1ocnc1-c1ccc(F)c(C#N)c1F	0.040921
rxn:4:196087:228783	COc1ccc(Cl)c(-c2cc(Cl)c(C(C)C)cn2)c1	0.040920
rxn:4:191886:223416	c1cnc2[nH]cc(-c3ccc(OC4CC4)nc3)c2c1	0.040920
rxn:4:205350:228504	N#Cc1c(-c2cccc3c2CCC3)cncc1C1CC1	0.040917
rxn:4:211498:229149	CCOc1nc(-c2ccn3cc(Cl)nc3c2)cs1	0.040912
rxn:4:205255:227933	CCc1ccc(OC)cc1-c1cc(CC(F)(F)F)n(C)n1	0.040905
rxn:4:195004:228270	COc1cc(Cl)c(C)cc1-c1cc(C#N)cc(F)c1F	0.040899
rxn:4:205225:228810	CCc1ccnc(-c2cccc(Cl)c2SC)c1C#N	0.040898
rxn:4:175106:229024	CCCOc1c(OC)cccc1-c1cnc(C)c(C)c1	0.040890
rxn:4:191847:228514	Cc1cccc(CC#N)c1-c1cccc(C2CC2)c1	0.040888
rxn:4:195734:228247	CC(=O)c1ccc(F)c(-c2ccnc(C3CC3)c2)c1	0.040879
rxn:4:217094:228460	COc1ncnc(OC)c1-c1nnc(C)n1C1CCCC1	0.040876
rxn:4:195700:229024	Cc1cc(-c2cnc(C)c(C(F)(F)F)c2)cnc1C	0.040874
rxn:4:205850:228009	Fc1cc(-c2cnn(CC3CCOC3)c2)ccc1C1CC1	0.040873
rxn:4:191743:228199	Cc1cncc(-c2cn(C3CCC3)nc2C)c1OC(F)F	0.040871
rxn:4:218272:229266	Cc1nc(C)c(-c2ccnc3[nH]nc(C)c23)o1	0.040856
rxn:4:218362:228799	COc1c(Cl)cccc1-c1n[nH]c2c(C)cncc12	0.040848
rxn:4:211428:223399	CNCc1ccccc1-c1c[nH]cc2ccnc1-2	0.040835
rxn:4:195441:228541	CC(=O)c1ccc(F)c(-c2ccc3c(c2)COC3)n1	0.040833
rxn:4:208229:228976	COc1ncc(Cl)c(-c2ccc3c(c2)C=C3)n1	0.040818
rxn:4:210176:227923	CCOc1ccc(C)cc1-c1ncc2c(c1C#N)CCC2	0.040816
rxn:4:216477:228627	CCc1ccc(Cl)c(-c2c[nH]nc2-c2nccs2)c1	0.040814
rxn:4:211895:229263	Cc1cc(-c2cnccc2F)c2cn[nH]c2c1	0.040806
rxn:4:199184:228594	CCc1cc(-c2ccc3c(c2)CS(=O)(=O)N3C)cc(C)n1	0.040801
rxn:4:211632:228559	CCOc1ccc(-c2cnc3c(F)c[nH]cc2-3)cc1	0.040797
rxn:4:196146:228505	CCCc1ccc(-c2ccc(C3=NCCO3)cc2)cc1	0.040791
rxn:4:202849:227870	COC(=O)c1cc(-c2ccc3c(c2)C(=O)CC3)c(C#N)[nH]1	0.040784
rxn:4:177169:229054	COCc1cc(-c2cc(OC)cc(OC)c2OC)cs1	0.040782
rxn:4:188298:228199	Cc1ccc(OCC#N)cc1-c1cn(C2CCC2)nc1C	0.040774
rxn:4:191333:227954	N#CCc1ccc(-c2ccc(C3CCC3)nc2)cc1Cl	0.040771
rxn:4:178917:229067	CCc1ncc(-c2ccc(C(=O)OC)c(Cl)c2F)cn1	0.040762
rxn:4:178857:229060	COC(=O)c1cc(F)ccc1-c1ccc(C#N)nc1	0.040760
rxn:4:194968:228507	CCCc1cccc(-c2cc(F)c(Cl)cc2C#N)c1	0.040758
rxn:4:178865:229161	COC(=O)c1cc(-c2cncnc2OC)c(Cl)cc1F	0.040753
rxn:4:191702:223392	CCOc1ncc(-c2ccc3[nH]ccc3c2)cc1F	0.040749
rxn:4:192677:228639	Cc1ccc(-c2ccc(OC(C)C)c(C)n2)c(C)c1F	0.040749
rxn:4:195138:227950	Cc1ccc(N(C)C)cc1-c1cc(Cl)cnc1C(F)F	0.040746
rxn:4:217098:228141	CCCc1cc(F)c(-c2cnnn2C2CCCCC2)cn1	0.040744
rxn:4:180910:228669	CCc1ccoc1-c1cnc2ccoc2c1	0.040738
rxn:4:177002:229127	CCOc1cc(Cl)c(-c2cncc(Cl)c2C)cc1OC	0.040729
rxn:4:192851:229019	Cc1ccc(-c2cc(C3CC3)nc(C3CC3)c2)c(C)n1	0.040723
rxn:4:182926:228516	CCc1cc(C)cc(-c2cccc3c2C(=O)CCO3)c1	0.040717
rxn:4:196013:228238	CC(C)c1ncc(-c2cnc(C3CCCO3)s2)cc1Cl	0.040700
rxn:4:191811:228604	COc1cc(C)cc(-c2cc(OC)ncc2C(F)(F)F)c1	0.040698
rxn:4:179104:228737	COc1cc(-c2ccc(OC)nc2C)cc(C(F)(F)F)c1	0.040698
rxn:4:191899:228620	CSc1ccc(-c2cnccc2OC2CC2)cc1C	0.040691
rxn:4:181710:228997	CCc1ccc(-c2cc(C3CCC3)ccc2F)cn1	0.040690
rxn:4:174857:229230	CCSCC(=O)c1cccc(-c2cc(C#N)cs2)c1	0.040681
rxn:4:196506:228871	COC(=O)c1ccsc1-c1csc(C2CCOCC2)n1	0.040678
rxn:4:182985:229170	Cc1nc(Cl)ncc1-c1ccc2c(c1)CCCS2	0.040676
rxn:4:195420:228356	Cc1ccc(C#N)cc1-c1cnc(Cl)nc1C(C)C	0.040673
rxn:4:209648:228337	CCOc1cc(F)c(-c2ccn(C3CCCCC3)n2)cn1	0.040673
rxn:4:192868:228607	CCc1cc(-c2ccoc2CN2CCOCC2)ccc1Cl	0.040654
rxn:4:192282:228293	COC(=O)c1c(C)[nH]c(C)c1-c1cnn(CCN(C)C)c1	0.040646
rxn:4:203038:228122	CCCOc1nn(C)cc1-c1ccc(C)nc1OCC	0.040645
rxn:4:202847:228006	COc1cc(-c2cccc(CC#N)c2C#N)c(C)cc1C	0.040638
rxn:4:197210:227893	CN(C)Cc1cccc(-c2cccc3c2C(C)(C#N)C3)c1	0.040634
rxn:4:211435:228702	CC(C)c1ncncc1-c1c[nH]c2nccc(Cl)c12	0.040629
rxn:4:196221:227887	COCCc1ccc(-c2cc(C)nc(C3CC3)c2)cc1	0.040627
rxn:4:214486:228391	CCN(CC)c1cncc(-c2cccc(C(F)(F)F)c2)n1	0.040625
rxn:4:196610:229077	CSc1ccc(-c2ccc(C3COCCO3)nc2)cn1	0.040624
rxn:4:195138:228256	COc1cc(-c2cc(Cl)cnc2C(F)F)cc(C)c1F	0.040623
rxn:4:191340:228511	N#CCc1cccc(Cl)c1-c1ccc(C2CC2)cc1	0.040620
rxn:4:205606:227978	CC(C)Cc1ncncc1-c1cc(C(C)C)ccc1F	0.040612
rxn:4:191452:228262	COC(=O)c1cccc(-c2ccc(C)c(Cl)c2OC)n1	0.040606
rxn:4:196002:228530	CC(=O)c1ncc(C)cc1-c1ccc2c(c1)OCC2	0.040603
rxn:4:188342:228779	CCc1nc(-c2cc(F)ccc2OC)sc1C(=O)OC	0.040599
rxn:4:181877:229013	c1cc(C2CC2)c(-c2ccc(C3OCCCO3)cc2)s1	0.040596
rxn:4:208712:223403	Cn1ncc(-c2ccc3cn[nH]c3c2)c1C(C)(F)F	0.040583
rxn:4:194878:228673	FC(F)c1cnc(-c2cccc3nscc23)s1	0.040581
rxn:4:180080:223357	CC(=O)Nc1ccccc1-c1ccc(OC2CCCC2)cc1	0.040567
rxn:4:198266:228445	Cc1cnc(-c2c(F)cccc2C(F)F)c(F)c1	0.040554
rxn:4:195366:227932	COCc1ccc(C)c(-c2cnc(SC)c(Cl)c2)c1	0.040553
rxn:4:215492:228737	CCN(C)c1ncc(-c2ccc(OC)nc2C)c(Cl)n1	0.040551
rxn:4:208185:228790	FC(F)c1cccc(-c2cnc(C(F)(F)F)nc2)c1	0.040545
rxn:4:191905:228648	CCc1ccc(C#N)cc1-c1cc(C)cc(C)c1F	0.040538
rxn:4:209242:228645	Cc1cc(-c2cnccc2N2CCSC2)c(C)cc1Cl	0.040535
rxn:4:182897:228759	CC(=O)c1ccc(-c2ccc3c(c2Cl)CCC3)cn1	0.040534
rxn:4:179337:228570	CCCc1ccc(F)c(-c2cncc(C3CC3)c2)c1	0.040532
rxn:4:220964:229031	Cc1ccc(-c2nn3cnnc3s2)c(F)c1	0.040532
rxn:4:204967:228522	N#CCc1nc(-c2ccn3cccc3c2)cs1	0.040531
rxn:4:206044:228583	CC(C)c1cc(-c2cnc(OC3CCCC3)nc2)ccn1	0.040528
rxn:4:191539:228796	COC(=O)c1cc(-c2cc(OC)ccc2F)c(F)cn1	0.040527
rxn:4:216670:229282	Cc1cnn(-c2ncc(-c3ccccc3)s2)c1	0.040521
rxn:4:195437:228126	COc1ccc(-c2ccc(Cl)c(C(C)=O)n2)c(C#N)c1	0.040519
rxn:4:192157:228678	CC(C)Cn1nccc1-c1ccc(SC(C)C)nc1	0.040507
rxn:4:205867:227959	Cc1cnc(C2CC2)c(-c2cnccc2C=CN(C)C)c1	0.040506
rxn:4:182931:228744	N#Cc1cc(-c2ccc3c(c2)CCS3(=O)=O)ccc1F	0.040497
rxn:4:218116:229022	Cc1cncc(-c2c[nH]c3nc(Cl)cnc23)c1C	0.040482
rxn:4:205389:228466	COC(=O)c1sc(Cl)cc1-c1ccnc(OC(C)C)n1	0.040468
rxn:4:211429:228195	Cc1nn(C(C)(C)C)cc1-c1nc2n(c1Cl)CC=CO2	0.040466
rxn:4:198729:229334	Cc1c(F)ccc2nc(-c3cnoc3)sc12	0.040461
rxn:4:209217:228841	Cc1cc(Cl)c(F)cc1-c1csc(N2CCSCC2)n1	0.040456
rxn:4:205388:228093	CCCOc1cc(-c2nccc(OC(C)C)n2)ccn1	0.040450
rxn:4:192209:229074	CSc1ncccc1-c1cc(C#N)ccc1C1COC1	0.040441
rxn:4:204989:228395	COc1cc(F)c(F)cc1-c1cc(C#N)c(F)c(C#N)c1	0.040433
rxn:4:182672:229326	Cn1ncc(-c2cc(F)c3ccsc3c2)n1	0.040420
rxn:4:215367:227889	CCc1nc(C#N)c(-c2ccccc2CCOC)nc1Cl	0.040418
rxn:4:196147:223460	Cc1nc(-c2ccccc2-c2cc[nH]c2)c[nH]1	0.040405
rxn:4:197543:228978	CCc1ccc(-c2cccc3c2CCN3C(C)=O)cc1	0.040395
rxn:4:215571:228620	COc1ncc(-c2ccc(SC)c(C)c2)c(N(C)C)n1	0.040391
rxn:4:211380:228423	COc1c(-c2c[nH]c3cccnc23)ccc(Cl)c1F	0.040380
rxn:4:210189:229144	COc1ncc2cc[nH]c2c1-c1cc(F)ccc1Cl	0.040380
rxn:4:218326:228789	COc1cc(F)ccc1-c1c(C)ccc2[nH]nnc12	0.040376
rxn:4:182498:228264	COc1cc(-c2cccc(Cl)c2C)c(Cl)cc1C	0.040373
rxn:4:182500:228280	COc1cc(-c2ccc(Cl)cc2C)c(C)cc1Cl	0.040373
rxn:4:185928:228587	COc1ccc(-c2cc(C)cc(C#N)c2)c(CCC#N)c1	0.040367
rxn:4:205655:228969	O=C(c1cncc(-c2cscc2C(F)(F)F)c1)N1CCC1	0.040352
rxn:4:179522:228371	N#Cc1c(F)ccc(-c2ccccc2CC2CC2)c1F	0.040342
rxn:4:182529:228341	Cc1c(-c2ccc(OC(F)F)cc2)ccc(Cl)c1F	0.040340
rxn:4:179017:228594	CCOc1cc(F)c(-c2cc(C)nc(CC)c2)cc1Cl	0.040339
rxn:4:181411:228707	CC(C)(C)n1cc(-c2cc(Cl)ccc2C2CC2)cn1	0.040338
rxn:4:181094:227891	CSc1ccc(-c2ccccc2CN(C)C)c(F)c1	0.040334
rxn:4:188824:229082	CN(C)c1csc(-c2nc(C(=O)OC(C)(C)C)cs2)c1	0.040329
rxn:4:199041:228118	COc1cccc(-c2cnc3c(c2)CC(=O)CC3)c1C#N	0.040329
rxn:4:179682:228255	COc1ccc(-c2ccc(C)c(F)c2OC)c(OC)c1C	0.040326
rxn:4:198848:228447	O=S1(=O)CCc2nc(-c3cccc(C(F)F)c3F)sc2C1	0.040312
rxn:4:216503:228263	CC(F)(F)c1ccc(-c2cn(C3CC3(F)F)nn2)cc1	0.040304
rxn:4:208810:223418	CC(C)(F)c1ncncc1-c1c[nH]cc2nccc1-2	0.040303
rxn:4:205468:228595	CCc1ncc(C)cc1-c1c(C)c(C(=O)OC)nn1C	0.040299
rxn:4:179805:228795	COc1cccc(Cl)c1-c1cccc(S(=O)(=O)C(C)C)c1	0.040298
rxn:4:181444:229133	Fc1cc(F)cc(-c2cccc(C3CC3)c2F)c1	0.040298
rxn:4:202992:223358	CCOC(=O)c1n[nH]c(C)c1-c1ccc(NC(C)=O)cc1	0.040296
rxn:4:202927:228909	CCOC(=O)c1nccc(-c2cc(OC)ncc2Cl)n1	0.040290
rxn:4:211475:229121	Cc1c(F)cncc1-c1ccc(Cl)c2cn[nH]c12	0.040289
rxn:4:197384:228633	COc1nc2c(cc1-c1cc(C)c(Cl)c(C)c1)OCCO2	0.040284
rxn:4:179800:228862	COc1ccc(C2COC2)cc1-c1cnn(CCC#N)c1	0.040280
rxn:4:188209:223407	CCOC(=O)n1cccc1-c1cnc2cc[nH]c2c1	0.040275
rxn:4:196857:229045	Cc1cc(F)cc(-c2cncc(C3CCCCO3)c2)c1	0.040267
rxn:4:211381:228210	c1cc2c(-c3ccc(N4CCCC4)s3)cncc2[nH]1	0.040265
rxn:4:220595:223445	COc1cc[nH+]cc1-c1ccccc1-c1nnn[nH]1	0.040265
rxn:4:176803:229002	CCCOc1c(F)ccc(-c2ccc(OC)cc2)c1F	0.040259
rxn:4:215360:228182	COC(=O)c1nn(C)nc1-c1cccc(CC(F)F)c1	0.040252
rxn:4:195371:227970	CSc1ncc(F)cc1-c1ccncc1C(C)(C)C	0.040247
rxn:4:220893:229210	CC(=O)N1CCn2nc(-c3ccc(C)nc3)nc2C1	0.040239
rxn:4:209727:228570	CC1CCCN(c2ncc(-c3cncc(C4CC4)c3)s2)C1	0.040236
rxn:4:218063:228097	CN(C)Cc1cncc(-c2cnc3c(Cl)n[nH]c3c2)c1	0.040230
rxn:4:220981:228018	Fc1cc(-c2n[nH]c3nnccc23)cc(C2CC2)c1	0.040228
rxn:4:204996:223333	N#CCc1cc(-c2cc3c(Cl)cccc3[nH]2)ccn1	0.040224
rxn:4:191536:228919	CSc1ncc(Cl)cc1-c1ccc(S(=O)(=O)CF)nc1	0.040223
rxn:4:203006:228190	Cc1cc(N(C)C)ncc1-c1cnc(OCC2CC2)cn1	0.040221
rxn:4:194883:223411	FC(F)(F)c1cc(-c2cc3cccnc3[nH]2)no1	0.040214
rxn:4:205477:228113	CCc1nc(OC)ccc1-c1cccn1S(=O)(=O)N(C)C	0.040202
rxn:4:218041:228692	CN(C)Cc1ccc(-c2cnc3nccn3c2)s1	0.040197
rxn:4:192875:228541	Cc1cc(C(=O)N(C)C)cc(-c2ccc3c(c2)COC3)c1	0.040196
rxn:4:196095:227923	CCOc1ccc(C)cc1-c1ccnc(C(C)C)c1F	0.040194
rxn:4:192288:229169	CCC(=O)c1cnc(-c2cscc2C(F)F)cc1C	0.040185
rxn:4:209471:228472	FC(F)(F)c1ccc(-c2cnccc2N2CCCC2)cn1	0.040183
rxn:4:205221:227942	CCc1ccc(-c2ncn(C)c2C(=O)OC)c(OC)c1	0.040177
rxn:4:197068:228714	Cc1cc(C#N)ncc1-c1sc(C#N)c2c1OCCO2	0.040172
rxn:4:203021:229126	CCCn1cc(-c2cnc(C)cc2F)c(C(F)(F)F)n1	0.040169
rxn:4:206474:228196	Cc1ncnc(C2CC2)c1-c1cn(C(C)C)c(C(C)C)n1	0.040167
rxn:4:212022:228879	Cc1cc2[nH]ccc2nc1-c1ccnn1C1COC1	0.040164
rxn:4:191874:228014	Clc1c(-c2ncccc2OC2CC2)cccc1C1CC1	0.040163
rxn:4:199308:228699	CN(C)c1cncc(-c2c(F)ccc3c2N(C)CCC3)c1	0.040162
rxn:4:218071:228790	FC(F)c1cccc(-c2n[nH]c3c(Cl)cncc23)c1	0.040162
rxn:4:192702:228414	COc1cc(-c2cc(Cl)c(F)c(OC)c2)cc(N(C)C)c1	0.040161
rxn:4:182922:228682	CCCc1ncncc1-c1ccc2c(c1)CCOC2=O	0.040158
rxn:4:220637:229115	Cc1ncc(F)cc1-c1nnc(-c2ccncc2)[nH]1	0.040157
rxn:4:192492:223433	CN(C)Cc1ccc(-c2cnc3[nH]cnc3c2)c(Cl)c1	0.040151
rxn:4:211412:229028	Cc1cc(Cl)ccc1-c1cnc2ccc[nH]c1-2	0.040151
rxn:4:181600:228209	Cc1cc(Cl)c(-c2ccc(S(C)(=O)=O)c(C)c2)cc1C#N	0.040150
rxn:4:176812:223342	COC(=O)c1ccc(OC)cc1-c1ccc2c(c1)OCCN2	0.040140
rxn:4:177138:229100	CCc1ccc(C(=O)OC)cc1-c1ccnc(C)c1F	0.040140
rxn:4:177266:223381	CCCNc1ncc(-c2cc(CC)cc(COC)c2)cn1	0.040133
rxn:4:211430:228455	COc1ncc(-c2ccc3[nH]c(Cl)nc3c2)c(OC)n1	0.040133
rxn:4:213514:223312	COCCN(C)c1ncc(-c2ccc(C3CNC3)cc2)cn1	0.040122
rxn:4:198356:229243	Cc1nn(C)cc1-c1snc2ccccc12	0.040118
rxn:4:183003:229093	Cc1ncnc(C)c1-c1ccc2c(c1)S(=O)(=O)CCO2	0.040117
rxn:4:211449:228308	CCOc1ncc(-c2cc(Cl)cc3[nH]ncc23)c(C)n1	0.040114
rxn:4:188297:228105	CCN(C)c1cc(-c2ccc(OCC#N)cc2C)ccn1	0.040110
rxn:4:181522:228559	CCOc1ccc(-c2cccc(C)c2C(C)=O)cc1	0.040094
rxn:4:192316:228082	CC(=O)N(C)c1cccc(-c2ccnn2CCC(C)C)c1	0.040089
rxn:4:196016:223405	c1nc2cc(-c3ccc(C4COC4)cn3)ccc2[nH]1	0.040080
rxn:4:188824:229054	COCc1cc(-c2nc(C(=O)OC(C)(C)C)cs2)cs1	0.040078
rxn:4:205249:227912	CCn1cc(-c2ccc(C(C)OC)cc2)c(C(F)(F)F)n1	0.040064
rxn:4:198496:228094	CCCOc1cncc(-c2ccc3cc[nH]c3c2)c1	0.040063
rxn:4:195431:228270	COc1cc(Cl)c(C)cc1-c1cnc(C(C)=O)c(F)c1	0.040057
rxn:4:176814:229102	COC(=O)c1cc(OC)cc(-c2ccn(C)c(=O)c2)c1	0.040037
rxn:4:218328:228614	CCc1ccc(Cl)cc1-c1cc2[nH]nnc2cc1C	0.040036
rxn:4:205504:228096	CN(C)c1c(C#N)cccc1-c1ccc(OCCF)cc1	0.040034
rxn:4:188798:228122	CCOc1nc(C)ccc1-c1ccc(N(CC)CC)o1	0.040029
rxn:4:191550:228155	COc1ccc(-c2cccc(C(F)(F)CF)n2)cc1OC	0.040013
rxn:4:205326:228084	CCCOc1ccc(-c2cccc(C3(C#N)CC3)n2)cn1	0.040013
rxn:4:209382:229288	Cc1cc(-c2ncc[nH]2)cc(-c2ccc(C)s2)c1	0.040005
rxn:4:205196:228350	CCCn1cncc1-c1cnn(-c2ccsc2)c1	0.040003
rxn:4:215480:228019	CCN(C)c1nccc(-c2cc(C(C)=O)ccc2C)n1	0.040003
rxn:4:203043:223368	CCOc1nn(CC)cc1-c1ccc(Cl)c2[nH]ncc12	0.039996
rxn:4:217024:228294	CCCOc1ncc(-c2ncn(C3CCCCO3)n2)cn1	0.039992
rxn:4:195585:228822	Cc1ccc(Cl)c(-c2cncc(C(C)(F)F)c2)c1F	0.039983
rxn:4:211870:228388	Cc1cnc(C(F)F)cc1-c1cc2c[nH]ccc-2n1	0.039981
rxn:4:210416:229220	CCc1c[nH]c2cnc(-c3cc(C)sc3C)cc12	0.039981
rxn:4:197490:228258	COc1c(F)ccc(C)c1-c1ccc(C23CC(C2)C3)nc1	0.039977
rxn:4:183004:228764	COc1nccc(-c2ccc3c(c2)OCCC3(F)F)c1C	0.039977
rxn:4:216650:228692	CN(C)Cc1ccc(-c2cccc(-c3cn[nH]c3)n2)s1	0.039975
rxn:4:220713:223365	CN(C)c1nc(-c2cc3[nH]ncc3cc2F)nn1C	0.039961
rxn:4:179054:228139	CCOc1ccc(-c2cc(C#N)cc(OC)c2)c(Cl)c1F	0.039958
rxn:4:211964:228797	COc1ccc(-c2cnc3c(C)c[nH]c3c2)cc1Cl	0.039953
rxn:4:196486:227863	c1cc2c(cc1-c1nc(C3CCOCC3)cs1)CCCO2	0.039951
rxn:4:196499:228477	FC(F)(F)c1ccncc1-c1ccnc(C2CCCO2)c1	0.039951
rxn:4:179426:229070	COc1ccc(-c2ccc(C(=O)C3CC3)cc2F)cn1	0.039949
rxn:4:197531:223454	CCc1cccc2c(-c3ccc[nH]c3=O)ccnc12	0.039948
rxn:4:196604:228840	Cc1c(F)ccc(F)c1-c1ccccc1N1CCC(=O)C1	0.039940
rxn:4:194969:228101	N#Cc1cc(C#N)cc(-c2cc(F)c(C#N)cc2Cl)c1	0.039934
rxn:4:179824:228515	CCc1cccc(C)c1-c1ccccc1S(=O)(=O)C(C)C	0.039915
rxn:4:186138:228581	CCOc1cnc(-c2cccc(C#N)c2C)c(OCC)c1	0.039913
rxn:4:218478:229329	Cc1c2cc(-c3cnc(Cl)s3)ncc2nn1C	0.039911
rxn:4:182728:227838	Cc1ccc(C2CC2)c(-c2ccc3c(c2)COC3)c1	0.039911
rxn:4:205636:228879	c1cc(-c2cnc(OC3CCOC3)cn2)n(C2COC2)n1	0.039908
rxn:4:191755:228702	CC(=O)c1ccc(-c2cncnc2C(C)C)c(C#N)c1	0.039905
rxn:4:218377:229334	Cn1cc2cc(-c3cnoc3)cnc2n1	0.039905
rxn:4:211436:223421	CNC(C)c1ccc(-c2ccnc3[nH]cc(Cl)c23)s1	0.039904
rxn:4:176606:229149	CCOc1nc(-c2ccc(CCC(F)(F)F)cc2)cs1	0.039902
rxn:4:216493:228581	Cc1c(C#N)cccc1-c1nn[nH]c1-c1ccco1	0.039894
rxn:4:179434:222418	COC(=O)c1cc(-c2ccc(S(N)(=O)=O)cc2)c(F)cc1C	0.039894
rxn:4:192320:227947	CC(=O)N(C)c1ccccc1-c1c(C)cc(C#N)cc1C	0.039891
rxn:4:210189:229047	COc1ncc2cc[nH]c2c1-c1c(C)sc(C)c1C	0.039891
rxn:4:208428:229263	Fc1ccncc1-c1cnn(-c2ccco2)c1	0.039889
rxn:4:192217:222417	COc1cc(-c2cnc(=O)[nH]c2C(C)C)cc(S(N)(=O)=O)c1	0.039881
rxn:4:211400:228964	COC(=O)c1ncc(-c2cc3[nH]ccc3cn2)s1	0.039876
rxn:4:208976:228017	Clc1ccc(C2CC2)cc1-c1ccc(C2CCC2)nn1	0.039874
rxn:4:205124:228635	COC(=O)c1nc(Cl)cnc1-c1ccc(F)c(C)c1C	0.039860
rxn:4:182907:228424	COc1cc(F)c(Cl)cc1-c1ccc2c(c1)C(=O)CCO2	0.039856
rxn:4:183052:228418	COc1c(F)cc(-c2cccc3c2OCCOC3)cc1Cl	0.039856
rxn:4:188708:228550	CCCc1cc(-c2cccnc2OCC2CC2)ccn1	0.039850
rxn:4:198429:229286	Cn1ccc(-c2cccc3nc(Cl)sc23)c1	0.039847
rxn:4:182905:228395	COc1cc(F)c(F)cc1-c1cc(F)c2c(c1)CCC2	0.039843
rxn:4:195494:228719	Cc1cnc(C#N)cc1-c1cc(C#N)c(F)c(F)c1C	0.039841
rxn:4:206027:228516	CCc1cc(C)cc(-c2cnc(OC3CCCC3)cn2)c1	0.039837
rxn:4:192330:229089	CC(=O)c1sccc1-c1nc(OC2CCC2)ccc1F	0.039832
rxn:4:180865:229144	Fc1ccc(Cl)c(-c2ccc(C(F)(F)F)o2)c1	0.039828
rxn:4:182517:228842	Cc1cccc(F)c1-c1ccc(Cl)c(F)c1C	0.039825
rxn:4:209275:228485	CC(C)(C)c1cncc(-c2ccncc2C(F)(F)F)n1	0.039823
rxn:4:191476:228085	COC(=O)c1ccncc1-c1ccccc1OCC#N	0.039810
rxn:4:208432:229001	CCc1cnccc1-c1csc(-n2cccc2)n1	0.039786
rxn:4:208334:228339	COC(=O)c1cnccc1-c1cn(C(F)(F)F)c(C)n1	0.039775
rxn:4:203274:228834	CCCc1nc(N(C)C)sc1-c1cc(F)c(C)cc1Cl	0.039774
rxn:4:196650:228239	COc1nc(C)c(-c2ncccc2C2CCCC2)cc1C	0.039770
rxn:4:178656:228685	COCc1cncc(-c2ccc(Cl)cc2OC(F)(F)F)c1	0.039748
rxn:4:210488:229054	COCc1cc(-c2[nH]nc3cc(C)cc(OC)c23)cs1	0.039747
rxn:4:195429:227961	CC(=O)c1ncc(-c2ccc(C3CC3)nc2C)cc1Cl	0.039742
rxn:4:176332:228347	CCOC(=O)c1occc1-c1cnc(N2CCC2)nc1	0.039738
rxn:4:216573:228537	CCn1nnc(C)c1-c1cccc2occc12	0.039736
rxn:4:208370:228669	CN(C)c1nc(-c2cnc3ccoc3c2)co1	0.039735
rxn:4:181475:228304	CSc1cc(C)c(F)c(-c2cnc(OC(C)C)nc2)c1	0.039734
rxn:4:212048:229323	Cc1ncc2ccc(-c3csc(Cl)c3)cn12	0.039734
rxn:4:221867:228695	CN(C)Cc1cc(-c2ccc(-c3nnn[nH]3)cn2)cs1	0.039728
rxn:4:192857:228867	CCc1nc(OC)c(-c2ccc(OC3CCCC3)nc2)s1	0.039714
rxn:4:211669:229212	Cc1ccncc1-c1cc2[nH]cnc2c(F)c1F	0.039712
rxn:4:212224:228815	CSc1ccc(-c2cnc3c(c2)CC(=O)N3C)c(Cl)c1	0.039710
rxn:4:191554:228576	COC(=O)c1ncc(-c2cc(C#N)ccc2C)cc1Cl	0.039706
rxn:4:202930:228897	CCOC(=O)c1cnc(-c2cc(F)cnc2OC)nc1	0.039703
rxn:4:209991:223444	CNc1cc(-c2ccc3cn(C(F)F)nc3c2)ccn1	0.039703
rxn:4:197535:229162	COc1cnc(-c2cc(OC)c(C)c3[nH]ccc23)cn1	0.039689
rxn:4:197196:228882	COc1ccc2[nH]cc(-c3cnc(OC)nc3C)c2c1	0.039689
rxn:4:196643:228199	Cc1nn(C2CCC2)cc1-c1ccnc(C2(C)CCC2)c1	0.039688
rxn:4:192482:229135	CCC(C)c1nccc(-c2cc(Cl)ccc2F)c1F	0.039681
rxn:4:205095:228157	COC(=O)c1cncc(-c2ccc(OC)cc2OC)n1	0.039675
rxn:4:180088:228696	COCc1ccc(-c2cccc(C3(OC)CCC3)c2)cn1	0.039671
rxn:4:182717:228745	CSc1cc(C)c(-c2cc3c(cc2F)OCC3=O)cn1	0.039666
rxn:4:188801:229089	CC(=O)c1sccc1-c1c(C)cc(OCC#N)cc1C	0.039665
rxn:4:196613:228214	Fc1cc(C2CC2)ncc1-c1cncc(C2COCCO2)c1	0.039662
rxn:4:198384:228678	CC(C)Cn1nccc1-c1cnc2sccc2c1	0.039661
rxn:4:188810:229149	CCOc1nc(-c2cccnc2C(C)C(=O)OC)cs1	0.039648
rxn:4:212277:227875	CN1CCc2cc(-c3cccc4c3CCCO4)cnc21	0.039646
rxn:4:175111:229081	CCCOc1ccc(-c2ccc(N(C)C)s2)cc1OC	0.039635
rxn:4:197101:229278	COc1cc(-c2c(Cl)cnn2C)c2ocnc2c1	0.039630
rxn:4:176757:228062	CCCOc1ccc(Cl)c(-c2cncc3c2CCCO3)c1	0.039626
rxn:4:183186:228571	CN(C)c1ccc(-c2cccc3c2OCC(C)(C)O3)cc1	0.039626
rxn:4:181151:228610	COc1c(F)cc(F)cc1-c1ccc(C(C)(C)C)s1	0.039626
rxn:4:181003:229064	Fc1cc(-c2ccnn2C2CC2)ccc1C(F)(F)F	0.039624
rxn:4:203048:223349	COC(=O)C(C)c1ncc(-c2cccc3c2C(=O)NC3)cn1	0.039610
rxn:4:217433:228583	COc1nccc2[nH]nc(-c3ccnc(C(C)C)c3)c12	0.039609
rxn:4:217082:228272	COc1c(C)ccc(-c2cncnc2N2CCOCC2)c1F	0.039607
rxn:4:208192:229150	N#Cc1ncc(-c2cnc(C(F)(F)F)nc2Cl)cn1	0.039602
rxn:4:218363:228096	Cc1ncnc2[nH]cc(-c3ccc(OCCF)cc3)c12	0.039593
rxn:4:209628:227960	c1cc(N2CCOCC2)c(-c2ccncc2C2CCC2)cn1	0.039591
rxn:4:218363:228516	CCc1cc(C)cc(-c2c[nH]c3ncnc(C)c23)c1	0.039591
rxn:4:191745:227879	Cc1c(OC(F)F)cncc1-c1cccc(CCC#N)c1	0.039581
rxn:4:195451:227972	CC(=O)c1ccnc(-c2cncc(C3CCC3)c2)c1Cl	0.039578
rxn:4:212418:228315	CCOc1cc(-c2cnc3c(c2)C(C)(C)CN3C)c(F)cn1	0.039571
rxn:4:211400:227977	COc1cc(C)c(-c2cc3[nH]ccc3cn2)cc1C	0.039567
rxn:4:199268:229277	Cn1ncc(-c2cnc3c(c2)CCC(=O)CC3)c1Cl	0.039567
rxn:4:206474:229040	Cc1cccc(-c2cn(C(C)C)c(C(C)C)n2)c1Cl	0.039566
rxn:4:218356:228097	Cc1nccc2c(-c3cncc(CN(C)C)c3)n[nH]c12	0.039566
rxn:4:198875:223399	CNCc1ccccc1-c1cccc2c1ccn2C	0.039564
rxn:4:177824:228714	CCOc1c(-c2cnc(C#N)cc2C)cccc1C(C)C	0.039559
rxn:4:196587:227969	Cc1nccc(-c2cc(C3COCCO3)ccn2)c1C1CC1	0.039559
rxn:4:211182:223305	Cc1[nH]nc(Cl)c1-c1ccc2c(C)c[nH]c2c1	0.039556
rxn:4:214404:228166	CCOc1cc(Cl)cc(-c2cnn(CC(=O)OC)n2)c1	0.039548
rxn:4:206322:228292	CCc1nc(-c2ccnc3c2OCCO3)cn1C1CCOC1	0.039542
rxn:4:182933:228587	Cc1cc(C#N)cc(-c2ccc3c(c2)C(=O)C(C)O3)c1	0.039541
rxn:4:189623:228707	CC(C)CN(C)c1ccc(-c2cnn(C(C)(C)C)c2)cc1	0.039525
rxn:4:195278:228670	c1cc2oncc2cc1-c1nc(C2CC2)co1	0.039522
rxn:4:212416:229023	Cc1cc(C)c(-c2ccc3c(c2)N(C)CCN3C)cn1	0.039519
rxn:4:209710:229237	CSc1cc(-c2sc(N3CCCCC3)nc2C)cs1	0.039512
rxn:4:218136:228182	FC(F)Cc1cccc(-c2nc3cc[nH]c3nc2Cl)c1	0.039507
rxn:4:178873:223359	CNCc1ccc(-c2c(Cl)ccc(F)c2C(=O)OC)cc1F	0.039507
rxn:4:209621:228126	COc1ccc(-c2nccc(C3CCCCO3)n2)c(C#N)c1	0.039499
rxn:4:211527:228116	CC(C)Oc1ncccc1-c1c[nH]c2cncc(Cl)c12	0.039498
rxn:4:181676:227970	COc1cc(C)cc(C)c1-c1ccncc1C(C)(C)C	0.039497
rxn:4:182789:227861	O=C1Cc2cccc(-c3cnc4c(c3)CCCC4)c2C1	0.039494
rxn:4:210201:228711	Cc1cnc(C#N)c(-c2cnc3c(c2)C(C#N)CC3)c1	0.039489
rxn:4:205188:227953	COc1nc(C(F)(F)F)ncc1-c1ccc(N(C)C)cc1C	0.039488
rxn:4:191862:223304	COc1cncc(OC)c1-c1ccc2[nH]c(C)cc2c1	0.039488
rxn:4:208474:223302	Cc1ccc2[nH]ccc2c1-c1ccc(C2CC2)nn1	0.039471
rxn:4:191560:228635	COC(=O)c1ncc(-c2ccc(F)c(C)c2C)cc1F	0.039469
rxn:4:179211:228141	CCCc1cc(F)c(-c2ccc(CC(C)=O)c(F)c2)cn1	0.039464
rxn:4:220976:228793	COc1cc(Cl)cc(-c2cncn3cnnc23)c1	0.039456
rxn:4:181676:228969	COc1cc(C)cc(C)c1-c1cscc1C(F)(F)F	0.039448
rxn:4:192551:228118	COc1cccc(-c2cccnc2OC2CCOC2)c1C#N	0.039442
rxn:4:179260:229024	Cc1cc(-c2cnc(C)c(C)c2)ccc1C(=O)C(F)F	0.039427
rxn:4:211936:229168	COc1nc(C)sc1-c1cccc2cc(C)nn12	0.039426
rxn:4:218191:223352	CC(C)Nc1ccc(-c2cnc3nccnc3c2)cn1	0.039425
rxn:4:216716:229277	Cn1ncc(-c2cccnc2-n2ccnc2)c1Cl	0.039424
rxn:4:198564:229275	Cc1nc2cc(-c3cncc(Cl)n3)ccc2s1	0.039423
rxn:4:182922:228906	O=C1OCCc2cc(-c3ccnc(C(F)F)c3)ccc21	0.039422
rxn:4:198491:228831	Cc1c(F)ccc(-c2cnc3c(c2)C(=O)OC3)c1Cl	0.039411
rxn:4:181074:228771	CCc1ncc(-c2cc(Cl)ccc2SC)cc1Cl	0.039408
rxn:4:182846:228198	Cc1nc(C(C)C)ncc1-c1cc(Cl)c2c(c1)CCC2=O	0.039402
rxn:4:199182:229279	CN1C(=O)COc2cc(-c3cncnc3Cl)ccc21	0.039396
rxn:4:218096:223438	FC(F)(F)c1[nH]ncc1-c1ncn2cc(Cl)ncc12	0.039395
rxn:4:198643:229271	COc1cc(-c2ccc3cccc(Cl)c3n2)sn1	0.039388
rxn:4:220586:227817	CC(C)Cc1ccccc1-c1ccc(-c2nn[nH]n2)o1	0.039386
rxn:4:192450:227915	CCOc1ccc(-c2ncccc2CC(C)C)cc1C	0.039381
rxn:4:181899:229042	Cc1cccc(-c2ccc(C3(C)CC(=O)C3)cc2)c1F	0.039376
rxn:4:196001:228166	CCOc1cc(Cl)cc(-c2ccc(C(C)=O)nc2C)c1	0.039366
rxn:4:188706:227998	CCOc1ccc(-c2ccc(F)cc2C2CC2)nc1OC	0.039364
rxn:4:192175:229007	CSc1cccc(-c2cc(Cl)cnc2OC(C)C)c1	0.039355
rxn:4:208080:223409	N#Cc1ccnc(-c2cnc3[nH]ccc3c2)c1F	0.039348
rxn:4:181425:228205	COc1c(-c2ccc(N(C)C)c(Cl)c2)ccc(Cl)c1C	0.039346
rxn:4:208409:227848	Cc1nc(-c2cccc3cccnc23)sc1S(N)(=O)=O	0.039345
rxn:4:211943:229048	Cc1cc2nccc(-c3cnn4c3CCC4)c2[nH]1	0.039341
rxn:4:188306:228798	COc1cc(CC#N)cc(-c2ccc(F)c(SC)c2)c1	0.039322
rxn:4:221057:229082	Cc1nnc2ncc(-c3cc(N(C)C)cs3)cn12	0.039319
rxn:4:176993:229164	CCCC(=O)c1ccc(Cl)c(-c2cncc(OC)n2)c1	0.039313
rxn:4:196845:228580	c1cnc(C2CC2)c(-c2ccc(C3CCSCC3)nc2)c1	0.039307
rxn:4:179009:228182	COCc1cc(F)ccc1-c1cccc(CC(F)F)c1	0.039303
rxn:4:209947:228678	CC(C)Cn1nccc1-c1cccc2cc(C#N)[nH]c12	0.039298
rxn:4:182890:228986	Cc1cccc(-c2cccc3c2CCC3)c1C	0.039293
rxn:4:215405:227930	Cc1nc(-c2cccc(OC3CC3)c2)c(C#N)c(C)c1C#N	0.039290
rxn:4:192681:223416	COc1cc(-c2c[nH]c3ncccc23)cc(C(C)C)n1	0.039288
rxn:4:208329:228752	Cn1ncc(C(F)(F)F)c1-c1cc(F)ccc1C#N	0.039277
rxn:4:189059:228372	COc1nc(-c2cc(F)c(C#N)cc2F)ccc1OC(C)C	0.039275
rxn:4:183102:228123	CCOc1cncc(C)c1-c1ccc2c(c1)OCCCC2=O	0.039274
rxn:4:209740:228401	COc1c(F)ccc(F)c1-c1cnc(C)n1C1CCCCO1	0.039273
rxn:4:177300:228735	COc1cncc(C)c1-c1c(F)cccc1OCC(C)C	0.039271
rxn:4:211939:228586	Cc1cc2nc(-c3cccnc3C(C)C)ccc2[nH]1	0.039261
rxn:4:179938:228395	COc1cc(F)c(F)cc1-c1ccc(C(C)(C)OC)cc1	0.039259
rxn:4:196072:228189	CCSc1ccc(F)c(-c2ccc(N(C)C)cc2)c1	0.039257
rxn:4:179543:229042	Cc1cccc(-c2cc(OC(C)C)ccc2Cl)c1F	0.039249
rxn:4:215619:227858	CN1Cc2cccc(-c3cncc(OC4CN(C)C4)n3)c2C1	0.039248
rxn:4:208716:223366	Cn1nc(-c2cc(Cl)c3cn[nH]c3c2)cc1S(C)(=O)=O	0.039247
rxn:4:179380:228591	COc1cccc(-c2ccncc2C(C)C)c1C(C)=O	0.039244
rxn:4:192008:228644	COC(=O)c1nccc(-c2cc(C)c(F)c(C)c2)c1C	0.039236
rxn:4:177084:228353	CCCCc1ccccc1-c1cnc(N(C)C)c(Cl)c1	0.039234
rxn:4:181167:228749	COc1c(F)cc(F)c(-c2cc(C#N)ccc2F)c1F	0.039225
rxn:4:211748:223381	CCCNc1ncc(-c2cnc3onc(C)c3c2)cn1	0.039221
rxn:4:179076:228693	CCN(C)c1ccc(-c2c(OC)cccc2C(F)F)s1	0.039220
rxn:4:213489:229069	CCOC(=O)Cn1cnc(-c2cccnc2OC)n1	0.039218
rxn:4:179372:228725	COC(=O)c1cc(C)cc(-c2cc(F)cc(C#N)c2)c1	0.039218
rxn:4:195872:223453	c1cncc(-c2cccc(-c3ccno3)c2)c1	0.039212
rxn:4:210162:229270	COc1cccc2ncc(-c3cnc(C#N)s3)n12	0.039201
rxn:4:196583:228013	Fc1ccc(-c2ccncc2C2COCCO2)cc1C1CC1	0.039196
rxn:4:188334:228554	CCOC(=O)c1nc(-c2ccccc2OCC)oc1C	0.039194
rxn:4:179684:228514	CC(=O)Cc1cccc(-c2cccc(C3CC3)c2)c1C	0.039193
rxn:4:209349:228102	CC(C)Cc1ncncc1-c1cncc(C2COCCO2)n1	0.039182
rxn:4:204986:223405	FC(F)(F)Oc1ncc(-c2ccc3[nH]cnc3c2)cn1	0.039177
rxn:4:211967:228084	CCCOc1ccc(-c2ccc3cn[nH]c3c2C)cn1	0.039169
rxn:4:209034:228338	FC1(F)CN(c2cc(-c3cnc(OC4CCC4)s3)ccn2)C1	0.039168
rxn:4:188072:228970	N#CCOc1ccc(-c2ccc(C(F)(F)F)s2)cc1F	0.039165
rxn:4:177815:229052	CCCn1nccc1-c1ccc(OC(C)C)c(CC)c1	0.039159
rxn:4:191869:228327	CCC(=O)c1cccnc1-c1cnc(OC)c(OC)c1	0.039155
rxn:4:209605:227834	Cc1cc(-c2cc(N3CCOCC3)ccn2)ccc1C1CC1	0.039152
rxn:4:181278:228824	CCc1ccc(Cl)cc1-c1c(F)cc(C)cc1F	0.039143
rxn:4:182853:227968	O=C1CCc2cc(F)cc(-c3cnccc3C3CCC3)c21	0.039135
rxn:4:218038:228676	CCCCn1cc(-c2nnn3ccccc23)cn1	0.039128
rxn:4:218090:228255	COc1c(-c2cnc3[nH]cc(Cl)c3n2)ccc(C)c1F	0.039120
rxn:4:183051:228603	CC(=O)c1cccc(-c2ccc3c(c2)OCCOC3)c1	0.039117
rxn:4:192015:228567	CCC(C)c1sccc1-c1nccc(C)c1C(=O)OC	0.039107
rxn:4:176352:223390	FCCOc1cccc(-c2ccc3cc[nH]c3c2)c1	0.039094
rxn:4:183063:228313	COc1ccc(-c2c(Cl)ccc3c2CCCC3=O)c(OC)n1	0.039093
rxn:4:179675:228157	COc1ccc(-c2cc(OC)ccc2C2CC2)c(OC)c1	0.039089
rxn:4:181844:228117	Cc1cc(C(C)C)ccc1-c1cncc(OC(C)C)c1	0.039082
rxn:4:182841:228397	COc1cc(-c2cc3c(cc2Cl)CCC3=O)cc(F)c1F	0.039071
rxn:4:217296:223458	Cc1n[nH]cc1-c1cc(Cl)c2c(C#N)n[nH]c2c1	0.039070
rxn:4:181104:228510	COc1cc(Cl)c(F)cc1-c1ccccc1C(C)C	0.039065
rxn:4:182877:228089	CCCOc1ncccc1-c1ccc2c(c1)CC(F)(F)C2=O	0.039060
rxn:4:220698:229311	Cc1ncc(-c2ncnc(-c3cccnc3)n2)s1	0.039056
rxn:4:198493:228149	COC(=O)c1ccccc1-c1cnc2c(c1)C(=O)CO2	0.039055
rxn:4:197206:228527	N#CC1CCc2c(-c3cccc4c3OCC4)cccc21	0.039048
rxn:4:198310:223318	Cc1cc2c(-c3ccnc(C)c3C)ccnc2[nH]1	0.039047
rxn:4:177137:228823	CCCS(=O)(=O)c1ccc(-c2cc(Cl)c(C)cc2F)cc1	0.039046
rxn:4:221043:228327	COc1cc(-c2n[nH]c3nc(C)ncc23)cnc1OC	0.039026
rxn:4:198345:228556	COCc1ccc(-c2ccc3scnc3c2)cc1	0.039019
rxn:4:185954:228584	CCCOc1c(C#N)cccc1-c1ccnc(C2CC2)c1	0.039017
rxn:4:191969:228392	CCC(C)c1ncc(-c2ccc(C(F)(F)F)cc2)s1	0.039009
rxn:4:203265:228217	COCc1c(-c2cc(Cl)cnc2C(C)C)cnn1C(C)C	0.039002
rxn:4:211501:228995	CCc1cncc(-c2ncn3cc(Cl)ccc23)c1	0.039001
rxn:4:196824:228097	CN(C)Cc1cncc(-c2cc(C3CCSCC3)ccn2)c1	0.038999
rxn:4:199269:228161	CCOc1ccc(-c2cncc3c2CCC(C)C3=O)c(F)c1	0.038997
rxn:4:178808:228111	COC(=O)c1ccccc1-c1ccc(C#N)c(C#N)c1	0.038989
rxn:4:181213:228436	COc1ccc(F)c(Cl)c1-c1cc(F)ccc1C(C)=O	0.038988
rxn:4:199151:228503	c1cc2c(c(-c3ccc4c(c3)CCC4)n1)CCCC2	0.038982
rxn:4:205080:227870	COC(=O)c1cnc(-c2ccc3c(c2)C(=O)CC3)cn1	0.038982
rxn:4:181251:228582	CC(=O)c1cc(F)c(F)c(-c2cnccc2C(C)C)c1	0.038962
rxn:4:220820:228819	Cc1cc(Cl)cc(-c2cnc3c(C#N)c[nH]n23)c1F	0.038950
rxn:4:209742:229139	Fc1cccc(Cl)c1-c1ncncc1C1CCCCC1	0.038950
rxn:4:181803:227905	CC(C)Cc1cc(-c2cccc(C3(C)CCO3)c2)ccn1	0.038946
rxn:4:211431:228114	COc1cc(-c2n[nH]c3cccc(Cl)c23)ccc1C#N	0.038933
rxn:4:181399:228622	CC=Cc1ccccc1-c1ccc(F)cc1CC	0.038931
rxn:4:192046:228497	COC(=O)c1ccc(-c2ccnn2CC(F)(F)F)c(C)n1	0.038927
rxn:4:208441:223321	Cc1ccc(-c2cncnc2C(C)(F)F)c2cn[nH]c12	0.038921
rxn:4:196278:229302	Cc1cccc(-c2ncsc2-c2ccnnc2)c1	0.038911
rxn:4:177264:228454	CCOc1ccc(-c2cc(OC)nnc2OC)c(CC)c1	0.038910
rxn:4:192979:228763	CCc1c(F)cncc1-c1sc(C(C)C)nc1C(C)C	0.038907
rxn:4:199177:228408	COc1cc(F)c(-c2ccc3c(c2)N(C)C(=O)CO3)cc1F	0.038907
rxn:4:216483:228783	COc1ccc(Cl)c(-c2ncc(-n3cccn3)s2)c1	0.038906
rxn:4:179671:229047	Cc1sc(C)c(-c2ccccc2OC2CCC2)c1C	0.038900
rxn:4:198547:229151	N#Cc1cnc(-c2c(Cl)c(F)cc3cc[nH]c23)cn1	0.038900
rxn:4:199306:228179	COCc1cc(F)cc(-c2ccc(F)c3c2CN(C)CC3)c1	0.038895
rxn:4:188944:228319	COc1nccc(-c2cc(OCC(C)C)ccn2)c1OC	0.038891
rxn:4:196255:223449	Cc1nc(-c2ccccc2)c(-c2cc(=O)[nH]cc2F)o1	0.038890
rxn:4:206317:228264	COc1cc(-c2nccn2CC2CCOCC2)c(Cl)cc1C	0.038890
rxn:4:218040:229143	Fc1ccc(-c2ccc3nncn3c2)cc1Cl	0.038888
rxn:4:198477:229248	Cc1cnn(C)c1-c1cc(F)c2ncsc2c1	0.038885
rxn:4:176745:228531	CCCSc1ccc(-c2cccc3c2CCO3)cc1	0.038876
rxn:4:179588:227943	CCOc1cc(F)c(C)cc1-c1cc(C)ccc1N(C)C	0.038865
rxn:4:212046:229085	Cc1cnc2c(-c3scnc3C3CC3)cccn12	0.038859
rxn:4:179331:227898	CCCc1cccc(-c2cncc(CC(C)C)c2)c1	0.038855
rxn:4:205186:228775	COc1ccc(-c2c(OC)ncnc2C(F)(F)F)cc1F	0.038852
rxn:4:217949:229034	Cc1ccc(F)c(-c2nc3nccnc3s2)c1	0.038851
rxn:4:192065:228393	COC(=O)c1ccnc(C)c1-c1cc(F)cc(F)c1OC	0.038845
rxn:4:199011:228018	CN1Cc2cc(-c3cc(F)cc(C4CC4)c3)ccc2C1=O	0.038844
rxn:4:192677:228225	Cc1nc(-c2cc(Cl)cnc2C2CC2)ccc1OC(C)C	0.038843
rxn:4:205637:228228	COc1ncc(C)c(-c2noc(C3(OC)CCOC3)n2)c1C	0.038841
rxn:4:211619:228396	COc1cc(F)c(-c2nc3c(F)cccc3[nH]2)c(F)c1	0.038826
rxn:4:191526:228863	COCCn1cc(-c2ncc(F)cc2C(=O)OC)cn1	0.038811
rxn:4:218304:229010	CC(C)c1csc(-c2cccc3nnn(C)c23)c1	0.038801
rxn:4:198522:229203	CCc1ccsc1-c1ccc2[nH]cc(Cl)c2c1	0.038801
rxn:4:179189:229220	CCC(=O)c1ccc(-c2cc(C)sc2C)cc1Cl	0.038799
rxn:4:196102:227978	CC(C)c1ccc(F)c(-c2ccc(N(C)C)cc2F)c1	0.038791
rxn:4:198540:228116	CC(C)Oc1ncccc1-c1ccc2cc[nH]c2c1F	0.038788
rxn:4:211924:228295	CCOC(=O)n1ccc(-c2cccc3c(C)n[nH]c23)c1	0.038787
rxn:4:192498:227912	COC(C)c1ccc(-c2c(F)cccc2CN(C)C)cc1	0.038778
rxn:4:211647:228905	COc1ncc(-c2n[nH]c3cc(F)cc(Cl)c23)cc1Cl	0.038775
rxn:4:188696:228244	COc1cc(C)c(-c2ccncc2OCC2CC2)cc1Cl	0.038773
rxn:4:182157:227863	COc1cc(-c2ccc3c(c2)CCCO3)cc2c1OCC2=O	0.038772
rxn:4:188553:228709	COC(=O)c1sc(-c2cc(C)nc(C#N)c2)nc1C1CC1	0.038767
rxn:4:191541:228424	COC(=O)c1nccc(-c2cc(Cl)c(F)cc2OC)c1F	0.038765
rxn:4:217079:228308	CCOc1ncc(-c2ncnc(C3CCOCC3)n2)c(C)n1	0.038763
rxn:4:191819:228547	CCCc1ccncc1-c1nc(C2(C(F)(F)F)CC2)cs1	0.038753
rxn:4:195403:228250	CS(=O)c1ccc(-c2ccc(-c3ccco3)s2)nc1	0.038743
rxn:4:208996:228312	COc1cnc(C#N)cc1-c1c(C)nc(C2CC2)nc1Cl	0.038742
rxn:4:198543:228703	Clc1cc(-c2cnn(C3CCC3)c2)cc2cc[nH]c12	0.038728
rxn:4:203005:228272	CCn1cc(C(=O)OC)c(-c2ccc(C)c(OC)c2F)n1	0.038720
rxn:4:182519:228390	COc1cc(-c2c(C)cc(Cl)cc2F)c(F)cc1Cl	0.038707
rxn:4:181102:228819	COc1cc(-c2cc(Cl)cc(C)c2F)c(F)cc1Cl	0.038707
rxn:4:210503:229032	Cc1ccc(-c2nc3c(cc2C#N)CCCC3)c(Cl)c1	0.038704
rxn:4:217437:229080	COc1cncc2ncc(-c3cnc(C4CC4)s3)n12	0.038703
rxn:4:179978:229005	COc1ccccc1-c1cc(Cl)ccc1OC(C)(C)C	0.038699
rxn:4:178922:228985	COC(=O)c1c(F)cc(-c2ccc(C)cc2C)cc1F	0.038693
rxn:4:208333:228011	Cc1c(-c2c(Cl)cccc2C2CC2)cnn1C(F)(F)F	0.038688
rxn:4:188069:228610	CC(C)(C)c1ccc(-c2ccc(OCC#N)c(Cl)c2)s1	0.038686
rxn:4:199195:228873	Cc1[nH]c2ccc(-c3cnc(N(C)C)nc3)cc2c1C	0.038683
rxn:4:191482:227933	CCc1ccc(OC)cc1-c1ccc(SC)c(C#N)c1	0.038674
rxn:4:210307:223468	CC(=O)c1nc2cc(-c3c[nH]cn3)ccc2[nH]1	0.038666
rxn:4:207330:229250	CCc1nc2scc(CC)n2c1-c1cncc(C)n1	0.038660
rxn:4:174694:228713	COC(=O)COc1ccccc1-c1ccn(C(C)(C)C)n1	0.038656
rxn:4:176599:228715	CCOC(=O)c1ccc(-c2ccc(C#N)nc2C)c(F)c1	0.038646
rxn:4:218314:228693	CCN(C)c1ccc(-c2cc3cncnc3n2C)s1	0.038642
rxn:4:196157:223418	O=C1CC(c2ccc(-c3c[nH]cc4nccc3-4)cn2)C1	0.038638
rxn:4:215401:223379	CC(C)n1ncc(C#N)c1-c1ccc2[nH]c(=O)oc2c1	0.038637
rxn:4:218041:228143	CCCc1ncc(-c2cnc3nccn3c2)cc1Cl	0.038625
rxn:4:178853:228298	CCOC(=O)c1cc(-c2ccc(C(=O)OC)cc2F)cs1	0.038619
rxn:4:192055:228490	N#Cc1cccc(C2CC2)c1-c1cccc(S(=O)(=O)F)c1	0.038618
rxn:4:176962:228102	CCOc1c(OC)cccc1-c1cncnc1CC(C)C	0.038616
rxn:4:188807:228840	COC(=O)C(C)c1cccc(-c2c(F)ccc(F)c2C)n1	0.038614
rxn:4:205329:228353	COC(=O)c1cc(C)c(-c2cnc(N(C)C)c(Cl)c2)nn1	0.038614
rxn:4:214553:227913	CCN(CC)c1nc(-c2ccc(OC(C)C)cc2)cn1C	0.038613
rxn:4:212020:229136	Cc1[nH]c2ccnc-2cc1-c1cc(F)cc(Cl)c1	0.038608
rxn:4:205633:227922	CCc1cc(OC)ccc1-c1ccc(S(=O)(=O)N(C)C)cn1	0.038608
rxn:4:177019:228780	COc1c(F)cccc1-c1ccc(OCC2CC2)cc1F	0.038607
rxn:4:206034:228416	COc1cc(F)cc(F)c1-c1nc(C2CC2)cc(C2CC2)n1	0.038606
rxn:4:210163:228614	CCc1ccc(Cl)cc1-c1c[nH]c2nccc(OC)c12	0.038602
rxn:4:211494:227917	CCc1ccc(OC)c(-c2c[nH]c3c(Cl)ccnc23)c1	0.038602
rxn:4:188709:228115	CC(C)Oc1ccc(-c2ccc(OCC3CC3)nc2)cn1	0.038601
rxn:4:195972:229305	Cn1cnc(-c2cc(F)cc(-c3cnco3)c2)c1	0.038595
rxn:4:217249:228770	COc1c(C)cncc1-c1c[nH]c2nc(C#N)ccc12	0.038594
rxn:4:178854:228157	COC(=O)c1cccc(F)c1-c1ccc(OC)cc1OC	0.038593
rxn:4:208854:223397	Cc1nn(-c2ccoc2)cc1-c1ccc2c(c1)CCN2	0.038591
rxn:4:192523:227875	CN(C)Cc1c(F)cc(-c2cccc3c2CCCO3)cc1F	0.038590
rxn:4:192721:228881	CC(=O)c1ncc(-c2ccc(CN3CCC3)c(F)c2)cn1	0.038585
rxn:4:188818:228927	CCOC(=O)c1ccnc(-c2c(F)ccnc2OC)c1C	0.038582
rxn:4:192010:227977	COC(=O)c1nc(-c2cc(C)c(OC)cc2C)ccc1C	0.038580
rxn:4:217023:228151	COC(=O)c1cccc(-c2cncc(N3CCCC3)n2)c1	0.038580
rxn:4:209629:228759	CC(=O)c1ccc(-c2cnc(C3CCCOC3)nc2)cn1	0.038578
rxn:4:183021:228297	CCOC(=O)c1ccc(-c2ccc3c(c2)OCCCO3)s1	0.038575
rxn:4:183144:228596	CCc1ccc(-c2cccc3c2C2(CC3)CC2)c(C)n1	0.038574
rxn:4:211320:228156	COc1ccc(OC)c(-c2ccnc3cnsc23)c1	0.038574
rxn:4:206313:228313	COc1ccc(-c2cnn(CC3CCOCC3)c2)c(OC)n1	0.038572
rxn:4:181244:228723	CC(=O)c1ccc(Cl)c(F)c1-c1ccc(C#N)c(F)c1	0.038570
rxn:4:209722:228889	CCc1nc(Cl)ncc1-c1cc(N2CCCCC2)ccn1	0.038569
rxn:4:207983:228671	N#Cc1ncc(-c2cccc3oncc23)o1	0.038564
rxn:4:217968:228778	COc1cccc(-c2cn3ccnc3cn2)c1F	0.038554
rxn:4:179462:228691	CCOc1ccc(-c2c(F)ccc(C(=O)OC)c2C)cn1	0.038550
rxn:4:179586:228317	CCOc1c(F)cc(C)cc1-c1ccc(C(=O)OC)nc1	0.038550
rxn:4:203066:228206	CN(C)c1cc(F)cc(-c2cn(C)nc2OCC(C)(F)F)c1	0.038548
rxn:4:211942:228395	COc1cc(F)c(F)cc1-c1ncc2cc[nH]c2c1C	0.038547
rxn:4:211591:228259	COc1cc(C)cc(-c2cnc3[nH]cc(F)c3c2)c1F	0.038547
rxn:4:192002:228139	COC(=O)c1ccc(C)nc1-c1cc(C#N)cc(OC)c1	0.038536
rxn:4:196153:228435	CSc1ccc(F)c(F)c1-c1cnc(S(C)(=O)=O)cc1C	0.038535
rxn:4:218249:222417	Cc1nc(-c2cnc(=O)[nH]c2C(C)C)c2cnccn12	0.038534
rxn:4:211365:229208	Cc1cncc(-c2cnc3ccccn23)c1	0.038530
rxn:4:182698:228833	Cc1ccc(F)c(-c2cccc3c2COC3=O)c1F	0.038527
rxn:4:211462:228206	CN(C)c1cc(F)cc(-c2ccc3c(Cl)c[nH]c3n2)c1	0.038522
rxn:4:192016:228295	CCOC(=O)n1ccc(-c2ncc(C(C)=O)cc2OC)c1	0.038521
rxn:4:197384:228062	COc1nc2c(cc1-c1cncc3c1CCCO3)OCCO2	0.038519
rxn:4:212044:228145	COc1ccc(C#N)c(-c2cnc(C)c3cc[nH]c23)c1	0.038509
rxn:4:205112:223301	COc1nccc(C#N)c1-c1ccc2cc(C)[nH]c2c1	0.038509
rxn:4:211632:229041	Cc1cccc(F)c1-c1cnc2c(F)c[nH]cc1-2	0.038509
rxn:4:198385:228308	CCOc1ncc(-c2ccc3nscc3c2)c(C)n1	0.038506
rxn:4:220674:229272	COc1ncc(-c2cn(-c3cncnc3)c(F)n2)s1	0.038504
rxn:4:205500:228339	COC(=O)c1cnccc1-c1cncc(C(C)(C)C#N)c1	0.038496
rxn:4:216508:223313	OC1(c2ccc(-c3cn(-c4nccs4)c(F)n3)cc2)CC1	0.038496
rxn:4:180991:229289	Cc1cscc1-c1cc(Cl)cc(C(F)(F)F)c1	0.038496
rxn:4:196162:228828	Cc1c(Cl)ccc(-c2ccc(N(C)C)c(F)c2F)c1F	0.038490
rxn:4:208134:228523	FC(F)c1nccc(-c2ccc3cccn3c2)n1	0.038488
rxn:4:181039:228865	CCOc1cnc(-c2c(F)cc(C(F)(F)F)cc2F)cn1	0.038484
rxn:4:181188:223414	CC(=O)c1ccccc1-c1ccnc2[nH]ccc12	0.038482
rxn:4:192991:228457	COC(=O)c1ncc(-c2ccccc2C(C)N(C)C)cn1	0.038478
rxn:4:196227:228634	Cc1cc(Cl)cc(C)c1-c1cncc(C2CC2)c1C	0.038477
rxn:4:179528:223318	CCOc1cccc(C)c1-c1ccnc2[nH]c(C)cc12	0.038469
rxn:4:206315:228314	CCOc1ncc(-c2ccn(CC3CCOCC3)n2)cc1Cl	0.038468
rxn:4:177084:228580	CCCCc1ccccc1-c1cccnc1C1CC1	0.038467
rxn:4:211312:228619	CCc1cc(-c2cccc3nnsc23)ccc1F	0.038467
rxn:4:202934:227820	CCOC(=O)c1cnnc(-c2ccc(C(C)(C)C)cc2)c1	0.038465
rxn:4:217243:228708	N#Cc1c[nH]c2ccc(-c3cncnc3C3CC3)nc12	0.038446
rxn:4:192201:228739	COc1cc(-c2cc(C(C)=O)nc(C(C)=O)c2)c(C)cn1	0.038446
rxn:4:180075:228881	CC(=O)c1ncc(-c2ccc(C(=O)C(C)(C)C)cc2)cn1	0.038443
rxn:4:192052:228442	COc1cc(Cl)c(F)cc1-c1cc(C#N)ccc1C1CC1	0.038438
rxn:4:205055:228719	Cc1cnc(C#N)cc1-c1ncc(C(F)(F)F)cc1C#N	0.038437
rxn:4:217444:223449	COc1cc2[nH]nnc2cc1-c1cc(=O)[nH]cc1F	0.038435
rxn:4:209192:229050	Cc1nn(C(C)C)cc1-c1cc2sccc2s1	0.038434
rxn:4:179987:228524	CC(C)(C)Oc1cc(-c2cnc3c(c2)CCC3)ccc1F	0.038430
rxn:4:192536:229035	Cc1c(F)cccc1-c1ccc(C2(C#N)CCC2)cc1	0.038428
rxn:4:203442:228337	CCCn1cc(-c2cnc(OCC)cc2F)nc1C(C)C	0.038419
rxn:4:203102:228531	CC(C)COc1nc(Cl)ncc1-c1cccc2c1CCO2	0.038411
rxn:4:216611:227914	CC(C)Oc1ccccc1-c1ncn(C2CCOC2=O)n1	0.038411
rxn:4:198517:228888	N#Cc1cc(-c2cc(Cl)cc3[nH]ccc23)c(F)cn1	0.038409
rxn:4:194946:223367	N#Cc1c(Cl)cccc1-c1cnc2[nH]ccc2c1F	0.038409
rxn:4:212013:228231	Cc1nc2cc[nH]c2cc1-c1ccc(N(C)C)cc1F	0.038407
rxn:4:177150:228610	COc1ccc(-c2ccc(C(C)(C)C)s2)cc1CC(C)=O	0.038404
rxn:4:212417:228214	Cc1nc2c(c(C)c1-c1cnc(C3CC3)cc1F)CCN2C	0.038394
rxn:4:192308:228466	COC(=O)c1sc(Cl)cc1-c1ccc(N(C)C(C)=O)cc1	0.038392
rxn:4:211795:229294	Cc1cc(-c2ncc3c(Cl)cccc3n2)co1	0.038391
rxn:4:195667:227914	Cc1nc(-c2ccccc2OC(C)C)ccc1C(F)(F)F	0.038388
rxn:4:205244:223319	Cc1cc(-c2cccnc2C(C)C#N)cc2cn[nH]c12	0.038375
rxn:4:211435:228193	Clc1ccnc2[nH]cc(-c3cnn(C4CCCC4)c3)c12	0.038372
rxn:4:177264:228199	CCOc1ccc(-c2cn(C3CCC3)nc2C)c(CC)c1	0.038351
rxn:4:205203:223335	Cc1cc(-c2c(F)ccc3[nH]ccc23)cnc1CC#N	0.038345
rxn:4:211322:228106	CCC(C)c1ncc(-c2csc3cncnc23)cn1	0.038339
rxn:4:179216:228478	COc1cc(F)c(-c2cncc(C(F)(F)F)c2)c(OC)c1	0.038339
rxn:4:181351:228427	COc1ccc(-c2cc(S(C)(=O)=O)ccc2F)c(F)c1Cl	0.038331
rxn:4:218387:228099	CCN(C)c1cncc(-c2cnc3[nH]c(C)nc3c2Cl)c1	0.038328
rxn:4:211909:229071	COc1cc(-c2ccn3cc(C)nc3c2)ccn1	0.038328
rxn:4:221005:229240	Cc1ncc(-c2cn3ncnc3c(Cl)n2)cn1	0.038324
rxn:4:181282:228216	CCc1ccc(Cl)c(-c2cncc(C3CC3)c2Cl)c1	0.038317
rxn:4:181411:228583	CC(C)c1cc(-c2cc(Cl)ccc2C2CC2)ccn1	0.038315
rxn:4:217990:228362	Clc1ncc(-c2ccnc3[nH]cnc23)c(C2CC2)n1	0.038307
rxn:4:195694:227959	Cc1cnc(C2CC2)c(-c2cc(C(F)(F)F)cnc2C)c1	0.038304
rxn:4:179585:229119	CCc1cc(SC)c(F)c(-c2cncc(C)c2Cl)c1	0.038303
rxn:4:220881:223447	Cc1cc(-c2cn3nc(C4CC4)nc3cn2)cc(=O)[nH]1	0.038293
rxn:4:179412:228708	COc1cc(-c2cncnc2C2CC2)c(C(C)=O)cc1Cl	0.038292
rxn:4:220653:228495	FC(F)(F)Cn1ccc(-c2cnc(-c3ncc[nH]3)nc2)n1	0.038292
rxn:4:192715:229006	CSc1ccc(-c2c(F)cccc2CN2CCC2)cc1	0.038290
rxn:4:216707:228848	Cc1cc(F)c(-c2ccc(-c3cc[nH]n3)nc2)c(Cl)c1	0.038288
rxn:4:197483:228888	CCc1cc(-c2cc(C#N)ncc2F)cc2cc[nH]c12	0.038287
rxn:4:208767:228650	CC(C)c1cnc(-c2ccc3nccn3c2)nc1	0.038282
rxn:4:177029:228949	CCOc1c(F)ccc(-c2c(F)cc(F)cc2Cl)c1OC	0.038282
rxn:4:177004:228596	CCc1ccc(-c2cc(F)ccc2OCC2CC2)c(C)n1	0.038279
rxn:4:180944:229238	CSc1sccc1-c1ccc(C(F)F)c(Cl)c1	0.038277
rxn:4:217997:228435	CSc1ccc(F)c(F)c1-c1nccc2[nH]cnc12	0.038277
rxn:4:220649:228230	Clc1cc(-c2ccc(-c3cn[nH]n3)nc2)cnc1C1CC1	0.038270
rxn:4:198930:223456	Cc1cc(F)c2[nH]ccc2c1-c1ccc(=O)[nH]n1	0.038269
rxn:4:209930:228779	COc1ccc(F)cc1-c1ccc2c(C#N)c[nH]c2c1	0.038268
rxn:4:192530:228017	CN(C)S(=O)(=O)c1ccc(-c2cc(C3CC3)ccc2Cl)cc1	0.038267
rxn:4:210570:228465	COC(=O)c1sc(-c2ccn(C34CC(C)(C3)C4)n2)cc1Cl	0.038267
rxn:4:180925:228184	COc1ccc(-c2ccccc2C(F)F)cc1SC	0.038265
rxn:4:176833:228585	Cc1cc(OCC(F)F)cc(-c2cnccc2C2CC2)c1	0.038264
rxn:4:180976:229020	Cc1cc(-c2c(F)ccc(F)c2C(F)F)cc(C)n1	0.038262
rxn:4:178846:227893	COC(=O)c1ccc(Cl)cc1-c1cccc(CN(C)C)c1	0.038259
rxn:4:181442:227930	Fc1ccc(C2CC2)c(-c2cccc(OC3CC3)c2)c1	0.038254
rxn:4:188827:228589	CC(C)c1ccc(-c2ncc(C(=O)OC(C)(C)C)o2)cn1	0.038252
rxn:4:203440:228758	CCCCn1nc(C)c(-c2cc(C)cnc2SC)c1C	0.038235
rxn:4:196650:228254	COc1ccc(-c2ncccc2C2CCCC2)c(C)c1F	0.038234
rxn:4:188832:228606	CCc1ccc(F)c(-c2nccc(CC)c2C(=O)OC)c1	0.038233
rxn:4:179358:228399	COc1ccc(C(C)=O)c(-c2cc(F)c(OC)c(F)c2)c1	0.038232
rxn:4:191809:227935	CCc1cc(-c2ncc(C(F)(F)F)cc2OC)ccc1OC	0.038232
rxn:4:218418:228990	CCCc1ccc(-c2cc(F)cn3nc(C)nc23)s1	0.038226
rxn:4:208481:228656	COc1cc(C)nc(-c2cccn3ccnc23)n1	0.038224
rxn:4:179019:229010	COCc1c(-c2cc(C(C)C)cs2)ccc(Cl)c1F	0.038224
rxn:4:182583:228839	Cc1cc(-c2cc(F)cc(C)c2F)cc(C)c1F	0.038223
rxn:4:203011:228111	CCn1c(C(=O)OC)cnc1-c1ccc(C#N)c(C#N)c1	0.038222
rxn:4:183117:228194	Cc1cc(-c2c(C)nn(C(C)C)c2C)cc2c1C(=O)CCO2	0.038215
rxn:4:218163:228595	CCc1ncc(C)cc1-c1cc2c(Cl)ncnc2[nH]1	0.038215
rxn:4:211303:228497	FC(F)(F)Cn1nccc1-c1nc2ncccc2s1	0.038205
rxn:4:188348:227968	CCOC(=O)c1nc(-c2cnccc2C2CCC2)c(C)s1	0.038201
rxn:4:221020:228545	N#CCc1cccc(-c2n[nH]c3ncnc(Cl)c23)c1	0.038194
rxn:4:212118:229062	Cc1cc(F)cc2n[nH]c(-c3ccc(C#N)n3C)c12	0.038185
rxn:4:208217:227844	COc1cnnc(-c2ccc3ncccc3c2)c1	0.038176
rxn:4:216637:223352	CC(C)Nc1ccc(-c2csc(-c3cnn(C)c3)n2)cn1	0.038175
rxn:4:205340:223303	Cc1cc2c(-c3nccc(OC4COC4)n3)cccc2[nH]1	0.038170
rxn:4:196510:228186	COc1c(SC)cccc1-c1ccc(C2COC2)nc1C	0.038167
rxn:4:216412:228631	c1cc(-c2nnc(-c3ccsc3C3CCC3)s2)no1	0.038167
rxn:4:205876:227938	CCOc1c(C)cccc1-c1nc(CN2CCC2)ccc1F	0.038162
rxn:4:176370:229034	Cc1ccc(F)c(-c2cc(Cl)cc(OCC(F)F)c2)c1	0.038159
rxn:4:217529:223437	CCn1ncc2cc(-c3cc(C#N)[nH]c(=O)c3)cnc21	0.038159
rxn:4:211471:227950	Cc1ccc(N(C)C)cc1-c1ncc(Cl)c2[nH]ccc12	0.038143
rxn:4:216488:228790	FC(F)c1cccc(-c2nncn2-c2ccco2)c1	0.038143
rxn:4:181338:229172	Cc1ncnc(Cl)c1-c1cccc(C(F)(F)F)c1C	0.038142
rxn:4:178609:227945	Cc1cc(-c2ccoc2C(=O)C(F)(F)F)ccc1N(C)C	0.038135
rxn:4:208188:228613	CCc1ccc(-c2nc(C(F)(F)F)ncc2Cl)cc1F	0.038125
rxn:4:181351:228071	CS(=O)(=O)c1ccc(F)c(-c2cccc3c2OCCO3)c1	0.038117
rxn:4:192155:228976	CC(C)Oc1ccncc1-c1ccc2c(c1)C=C2	0.038113
rxn:4:179557:227948	Cc1ncc(C2CC2)cc1-c1ccc(F)c(OC(C)C)c1	0.038092
rxn:4:189251:228788	CCN(C)Cc1cc(F)cc(-c2cc(Cl)ccc2OC)c1	0.038085
rxn:4:181549:228753	CC(=O)c1c(C)cc(-c2cccc(F)c2C#N)cc1Cl	0.038076
rxn:4:220635:228188	CCOc1c(Cl)cccc1-c1nn[nH]c1-c1cccnc1	0.038074
rxn:4:212220:229028	Cc1cc(Cl)ccc1-c1c[nH]c2c(=O)n(C)ccc12	0.038071
rxn:4:205067:228760	CC(C)(C)c1ncc(-c2c(C#N)ccnc2C(F)(F)F)o1	0.038068
rxn:4:176744:228248	CCOCc1ccccc1-c1ccc(C(C)=O)cc1F	0.038061
rxn:4:194969:228615	CSc1ccc(C)cc1-c1cc(F)c(C#N)cc1Cl	0.038060
rxn:4:211316:228542	CCCCc1ccc(-c2ccc3ncsc3n2)s1	0.038058
rxn:4:182792:228969	O=C1CCCc2cc(-c3cscc3C(F)(F)F)sc21	0.038055
rxn:4:199208:227860	CN1CCc2cc(-c3cc4c(cn3)COC4(C)C)ccc21	0.038051
rxn:4:211539:228905	COc1ncc(-c2ncn3ccc(Cl)cc23)cc1Cl	0.038050
rxn:4:220995:228425	COc1c(Cl)cc(F)cc1-c1ccnc2ncnn12	0.038048
rxn:4:196848:228848	Cc1cc(F)c(-c2cnccc2C2CCOCC2)c(Cl)c1	0.038047
rxn:4:196828:228439	COc1c(-c2cccc(C3CCCOC3)n2)ccc(F)c1Cl	0.038043
rxn:4:192719:227962	Cc1cc(-c2ccc(F)c(CN3CCC3)c2)cc(C2CC2)n1	0.038042
rxn:4:182964:228872	COC(=O)c1sccc1-c1ccc(F)c2c1C(=O)CCO2	0.038039
rxn:4:217243:228098	CCN(C)c1ccc(-c2ccc3[nH]cc(C#N)c3n2)cn1	0.038038
rxn:4:195663:227972	Cc1ccc(-c2cncc(C3CCC3)c2)nc1C(F)(F)F	0.038035
rxn:4:212029:228724	Cc1c(-c2ccc(C#N)cc2Cl)cnc2[nH]ccc12	0.038034
rxn:4:216944:229204	CCc1sccc1-c1nn(-c2ccccc2)nc1C	0.038022
rxn:4:212027:229005	COc1ccccc1-c1cc(C)c2nccn2c1	0.038018
rxn:4:211368:229090	CC(=O)c1cc(-c2ncc3ccccn23)cs1	0.038017
rxn:4:179239:223324	COc1ccc(OC)c(-c2cc(C)c3cn[nH]c3c2)c1F	0.038017
rxn:4:216722:228768	CCc1cc(-c2nn[nH]c2-c2cccc(Cl)c2)c(F)cn1	0.038016
rxn:4:211316:227930	c1cc(OC2CC2)cc(-c2ccc3ncsc3n2)c1	0.038016
rxn:4:180968:229217	Fc1ccc(-c2ccc(F)c(C(F)F)c2F)cc1	0.038012
rxn:4:209479:228817	Cc1ccc(-c2cnc(C3CCCC3)nc2Cl)c(=O)n1C	0.038012
rxn:4:195660:228339	COC(=O)c1cnccc1-c1ncc(C(F)(F)F)cc1C	0.038009
rxn:4:195762:223375	CSc1cnc(-c2cc(F)cc3[nH]ncc23)cc1C	0.038006
rxn:4:218060:228811	CSc1ccc(F)c(-c2cnc3[nH]cnc3c2Cl)c1	0.038004
rxn:4:218004:228433	COc1ccc(Cl)c(F)c1-c1cccc2nncn12	0.038001
rxn:4:220619:223357	CC(=O)Nc1ccccc1-c1cncc(-n2cccn2)n1	0.038000
rxn:4:192475:223319	CCC(C)c1ncccc1-c1cc(C)c2[nH]ncc2c1	0.037996
rxn:4:203265:223317	COCc1c(-c2ccc3c(C)n[nH]c3c2)cnn1C(C)C	0.037994
rxn:4:216704:228155	COc1ccc(-c2cccnc2-c2cn[nH]c2)cc1OC	0.037985
rxn:4:189239:228641	CCN(CC)c1ccc(-c2cc(C)c(C)cc2F)cc1	0.037985
rxn:4:211613:223396	Fc1ccc2nccn2c1-c1ccc2c(c1)NCC2	0.037984
rxn:4:191509:228007	COC(=O)c1cc(-c2cc(F)ccc2C2CC2)ncc1Cl	0.037981
rxn:4:198509:228694	CCN(C)c1csc(-c2ccc3cccn3c2)c1	0.037981
rxn:4:198317:228386	Cc1cncc(-c2cc(-c3nccs3)cs2)c1C	0.037979
rxn:4:192015:227999	COC(=O)c1c(C)ccnc1-c1ccc(C(C)C)cc1F	0.037979
rxn:4:216650:228128	COc1ccc(-c2cccc(-c3cn[nH]c3)n2)cc1C#N	0.037977
rxn:4:217300:229250	Cc1cncc(-c2cc(F)c(C#N)c3nc[nH]c23)n1	0.037975
rxn:4:181448:227967	Fc1cccc(C2CC2)c1-c1cccnc1C1CCC1	0.037973
rxn:4:208836:228192	Cc1nc(N(C)C)ccc1-c1cccc(-c2ccc[nH]2)n1	0.037954
rxn:4:192325:228829	Cc1c(F)cc(-c2ccc(C(C)C)c(C#N)c2)cc1F	0.037946
rxn:4:218422:229080	Cn1nnc2c(F)cc(-c3cnc(C4CC4)s3)cc21	0.037941
rxn:4:203366:223416	CN(Cc1cncc(-c2c[nH]c3ncccc23)c1)C1CC1	0.037937
rxn:4:201214:228422	COC(=O)CCn1ccc(-c2c(F)ccc(Cl)c2OC)n1	0.037934
rxn:4:178726:228867	CCc1nc(OC)c(-c2cccc(C(=O)C(F)(F)F)c2)s1	0.037931
rxn:4:181407:228401	COc1c(F)ccc(F)c1-c1ccc(Cl)c(C2CC2)c1	0.037924
rxn:4:195792:228566	CC(C)Cc1sccc1-c1cncc(C2CC2)c1Cl	0.037924
rxn:4:179040:228225	CCOc1cc(-c2cc(Cl)cnc2C2CC2)c(F)cc1F	0.037922
rxn:4:195207:228777	COc1ccc(-c2cnc(C(F)(F)F)cc2Cl)c(F)c1	0.037917
rxn:4:195700:228211	Cc1ncc(-c2cc(N3CCCC3)cs2)cc1C(F)(F)F	0.037913
rxn:4:216477:228815	CSc1ccc(-c2c[nH]nc2-c2nccs2)c(Cl)c1	0.037912
rxn:4:179060:227949	CCOc1ccc(Cl)c(-c2cc(C)c(C#N)c(C)c2)c1F	0.037909
rxn:4:181890:228395	COc1cc(F)c(F)cc1-c1ccc(C2=CCOCC2)cc1	0.037909
rxn:4:183110:228590	Cc1cccc(-c2cc(C)c3c(c2)C(=O)CCO3)c1C#N	0.037909
rxn:4:218009:228124	CCOc1cc(C)c(-c2nccn3nccc23)cn1	0.037908
rxn:4:208787:228522	CC(C)c1ncncc1-c1ccn2cccc2c1	0.037905
rxn:4:196890:228225	Cc1cc(N(C)C)cc(C)c1-c1cc(Cl)cnc1C1CC1	0.037905
rxn:4:183082:228731	N#Cc1c(Cl)cccc1-c1ccc(F)c2c1CC(=O)CC2	0.037904
rxn:4:218277:228684	CCOc1ncccc1-c1ccnc2c1cnn2C	0.037894
rxn:4:191383:228698	CCC(=O)c1ccc(-c2ccc(C(F)F)c(C#N)c2)s1	0.037892
rxn:4:209245:228465	COC(=O)c1sc(-c2cncc(N3CCSC3)c2)cc1Cl	0.037892
rxn:4:218024:228063	c1cc2c(-c3cnc4c(c3)COCC4)cnnc2[nH]1	0.037892
rxn:4:215654:228448	CC(C)c1c(-c2ccc(C(F)F)cc2Cl)nnn1C1CC1	0.037889
rxn:4:179347:228731	CC(c1ccc(-c2cccc(Cl)c2C#N)cc1)C(F)F	0.037884
rxn:4:209642:228264	COc1cc(-c2cn(C3CCCCC3)cn2)c(Cl)cc1C	0.037871
rxn:4:181804:228417	CC1(c2ccc(-c3ccc(F)c(C(F)F)c3)cc2)COC1	0.037866
rxn:4:194891:227907	CCC(C)c1cncc(-c2sc(Cl)nc2C(F)(F)F)c1	0.037864
rxn:4:211649:228103	CC(C)Cc1ncc(-c2ccc(F)c3[nH]c(Cl)nc23)cn1	0.037862
rxn:4:220642:227830	CC1(c2ccc(-c3ccc(-c4ncc[nH]4)nn3)cc2)CC1	0.037860
rxn:4:178894:228896	COc1ncc(-c2cc(CC(F)(F)F)ccc2F)cc1F	0.037860
rxn:4:212108:229067	CCc1ncc(-c2cc(Cl)c3cn(C)nc3c2)cn1	0.037853
rxn:4:195300:228045	COc1cc(-c2cnc3ccn(C)c3c2)ncc1Cl	0.037852
rxn:4:196839:228676	CCCCn1cc(-c2ccc(C3=CCCCC3)nc2)cn1	0.037847
rxn:4:198394:228992	N#Cc1cccc(-c2cncc3sccc23)c1	0.037846
rxn:4:179583:228205	CCOc1c(C)cc(F)cc1-c1ccc(N(C)C)c(Cl)c1	0.037844
rxn:4:199152:228647	Cc1cc(C)c(-c2ccnc3c2CCCC3)cc1Cl	0.037842
rxn:4:216544:229126	Cc1cc(F)c(-c2cnc(-c3nccs3)nc2)cn1	0.037839
rxn:4:191377:228097	CN(C)Cc1cncc(-c2cccc(C(=O)C(F)F)n2)c1	0.037835
rxn:4:221874:229047	Cc1sc(C)c(-c2cn(-c3cncnc3)nn2)c1C	0.037832
rxn:4:203362:223403	CN(CC1CC1)c1cc(-c2ccc3cn[nH]c3c2)ccn1	0.037831
rxn:4:205156:228037	COCc1cncc(-c2cccc3cn(C)nc23)n1	0.037816
rxn:4:181624:228254	COc1ccc(-c2ccc(C3OCCO3)c(Cl)c2)c(C)c1F	0.037813
rxn:4:211208:227865	Cc1cnc(-c2sc3ccccc3c2C)nc1	0.037809
rxn:4:208998:228503	Clc1nc(-c2ccc3c(c2)CCC3)cc(C2CCC2)n1	0.037801
rxn:4:197153:228886	CCc1ncc(-c2ccc3c(c2)C=C(C#N)CO3)c(Cl)n1	0.037799
rxn:4:181432:229268	Cc1cc(-c2c(Cl)cccc2C2CC2)sc1Cl	0.037797
rxn:4:176375:228903	COc1ncc(Cl)cc1-c1cc(Cl)ccc1OCC(F)F	0.037793
rxn:4:195281:228311	CCCc1ncc(-c2cc(C(C)=O)c[nH]2)c(Cl)n1	0.037790
rxn:4:179681:228109	CCc1cc(-c2ccccc2C(=O)C(C)C)cc(C#N)n1	0.037788
rxn:4:205097:228344	N#Cc1nc(C2CC2)c(-c2ccc(SC(F)F)cc2)s1	0.037788
rxn:4:195936:229285	Cn1cccc1-c1cnc(-c2cccc(F)c2)s1	0.037784
rxn:4:185946:228727	CCOC(=O)c1sc(-c2cc(C)cnc2OC)nc1CC	0.037783
rxn:4:197189:229069	CCc1nc2cc(-c3cccnc3OC)ccc2o1	0.037777
rxn:4:217252:223382	N#Cc1cccn2c(-c3cnc(NC4CC4)nc3)cnc12	0.037774
rxn:4:216640:229078	COc1cncc(-c2cn(-c3ccccc3)nn2)c1	0.037767
rxn:4:221015:228511	Clc1ncc(-c2ccc(C3CC3)cc2)n2cnnc12	0.037756
rxn:4:202868:229006	CCOC(=O)c1nc[nH]c1-c1ccc(SC)cc1	0.037753
rxn:4:196191:229329	Fc1ccc(-n2cccc2)c(-c2cnc(Cl)s2)c1	0.037752
rxn:4:192554:228104	Cc1cc(C2CC2)cc(-c2c(C#N)cccc2C#N)c1C#N	0.037751
rxn:4:208135:228060	Cc1nc2ccc(-c3nnc(C(C)(F)F)o3)cc2s1	0.037748
rxn:4:181373:228830	Cc1c(F)ccc(-c2cc(F)c(S(C)(=O)=O)c(F)c2)c1F	0.037745
rxn:4:216531:229136	Fc1cc(Cl)cc(-c2cncc(-c3ncco3)n2)c1	0.037738
rxn:4:199246:228641	Cc1cc(F)c(-c2ccc3c(n2)OCC(C)(C)O3)cc1C	0.037737
rxn:4:211295:228090	CCOCc1cncc(-c2cccc3nonc23)c1	0.037736
rxn:4:188809:228694	CCN(C)c1csc(-c2cnccc2C(C)C(=O)OC)c1	0.037733
rxn:4:181332:228099	CCN(C)c1cncc(-c2cc(Cl)ccc2C(C)(F)F)c1	0.037729
rxn:4:211707:223397	c1cc2ccnc(-c3ccc4c(c3)CCN4)c2cn1	0.037729
rxn:4:220582:228527	c1cc2c(c(-c3nncn3-c3cscn3)c1)OCC2	0.037729
rxn:4:181570:223323	CCc1cccc(-c2cc3[nH]ncc3cc2C)c1C	0.037723
rxn:4:195694:228299	CCOC(=O)c1csc(-c2cc(C(F)(F)F)cnc2C)c1	0.037722
rxn:4:209743:228409	COc1ccc(F)c(-c2ccc(N3CCCCC3)nc2)c1Cl	0.037721
rxn:4:179103:228885	COc1cccc(C(F)(F)F)c1-c1cnc(C#N)c(F)c1	0.037718
rxn:4:220596:227813	CCc1cccc(CC)c1-c1n[nH]c(-c2ccccn2)n1	0.037717
rxn:4:211450:228383	Cc1cc(-c2cc3cn[nH]c3cc2Cl)cnc1C(F)F	0.037714
rxn:4:218153:229209	Cc1cnccc1-c1nccn2c(F)cnc12	0.037713
rxn:4:181520:227914	CC(=O)c1ccc(-c2ccccc2OC(C)C)c(C)c1	0.037713
rxn:4:209988:223447	Cc1cc(-c2cccc3[nH]c(C(F)F)nc23)cc(=O)[nH]1	0.037712
rxn:4:218250:229256	Cc1cn2cc(-c3c(C)noc3C)ncc2n1	0.037703
rxn:4:216653:227933	CCc1ccc(OC)cc1-c1ccc(-c2cn[nH]c2)cn1	0.037700
rxn:4:198322:227818	CCC(C)c1cccc(-c2cc(C)c(Cl)c(C)n2)c1	0.037693
rxn:4:176592:228768	CCOC(=O)c1cccc(Cl)c1-c1cc(CC)ncc1F	0.037686
rxn:4:188801:228340	COc1nc(C2CC2)sc1-c1c(C)cc(OCC#N)cc1C	0.037684
rxn:4:179584:228643	COCc1cc(-c2ccc(C)c(Cl)c2C)cc(C)c1F	0.037681
rxn:4:183053:229012	C=C1CCOc2cc(-c3sccc3C(C)C)ccc21	0.037681
rxn:4:179014:228666	COCc1cc(F)cc(-c2ccc3ocnc3c2)c1	0.037677
rxn:4:191848:228093	CCCOc1cc(-c2ccc(C(=O)CC)nc2)ccn1	0.037673
rxn:4:179369:228293	COC(=O)c1cccc(C)c1-c1cnn(CCN(C)C)c1	0.037670
rxn:4:181639:228509	Cc1cc(S(C)(=O)=O)c(-c2ccc(C(C)C)cc2)cc1F	0.037669
rxn:4:188709:227833	CCc1cc(C)cc(C)c1-c1ccc(OCC2CC2)nc1	0.037668
rxn:4:191745:228564	CCC(C)c1ccc(-c2cncc(OC(F)F)c2C)s1	0.037661
rxn:4:196966:228371	CC1CCCN(c2coc(-c3ccc(F)c(C#N)c3F)c2)C1	0.037661
rxn:4:183089:228381	N#Cc1cc(F)c(-c2ccc3c(c2)CCCC3)c(F)c1	0.037660
rxn:4:216479:228579	Cc1ccc(C#N)c(-c2csc(-n3cccn3)n2)c1	0.037658
rxn:4:196826:227995	COc1c(C)cc(C)cc1-c1ccc(C2CCCCO2)cn1	0.037652
rxn:4:217449:227829	COc1nc2cn[nH]c2cc1-c1ccccc1C1CCC1	0.037651
rxn:4:191645:227888	CCCSc1cccc(-c2cccc(OCC)n2)c1	0.037643
rxn:4:183081:228920	CSc1nccc(-c2cc(F)c3c(c2)CCC(=O)C3)c1F	0.037638
rxn:4:188345:227941	CCOC(=O)c1nc(-c2cc(C)cc(COC)c2)c(C)o1	0.037638
rxn:4:216651:227880	N#CCCc1ccc(-c2cccc(-c3cc[nH]n3)n2)cc1	0.037628
rxn:4:212305:228783	COc1ccc(Cl)c(-c2c[nH]c3ncc(C)c(C)c23)c1	0.037627
rxn:4:175284:228725	CC(C)CCOc1ccccc1-c1cc(F)cc(C#N)c1	0.037622
rxn:4:188325:228136	CCOC(=O)c1cccc(-c2ccc(OC3CC3)nc2)n1	0.037619
rxn:4:188709:223376	Clc1ccc2[nH]ncc2c1-c1ccc(OCC2CC2)nc1	0.037614
rxn:4:195130:228819	Cc1cc(Cl)cc(-c2ncc(F)cc2C(F)F)c1F	0.037614
rxn:4:218387:229027	Cc1nc2c(Cl)c(-c3ccc(Cl)c(C)c3)cnc2[nH]1	0.037610
rxn:4:196212:223391	Cc1cnc(-c2cc3ccccc3[nH]2)cc1C1CC1	0.037598
rxn:4:211393:227834	Cc1cc(-c2cc3ccncc3[nH]2)ccc1C1CC1	0.037598
rxn:4:191373:228388	Cc1cnc(C(F)F)cc1-c1c(F)ccc(CC#N)c1F	0.037597
rxn:4:217246:228188	CCOc1c(Cl)cccc1-c1c[nH]c2ccc(C#N)nc12	0.037597
rxn:4:212128:229290	Cc1sccc1-c1cc(F)c2nn(C)cc2c1	0.037595
rxn:4:196502:228798	CSc1cc(-c2csc(C3CCCCO3)n2)ccc1F	0.037594
rxn:4:179834:227891	CC(=O)[C@H]1C[C@@H]1c1cccc(-c2ccccc2CN(C)C)c1	0.037576
rxn:4:192339:227993	COc1ccc(C)c(-c2ccc(N(C)C(C)=O)cc2Cl)c1C	0.037575
rxn:4:189403:228134	CCOc1ccc(-c2cncc(OCC(C)(C)C)c2)c(C)n1	0.037572
rxn:4:217285:228497	N#Cc1c(-c2ccnn2CC(F)(F)F)ccc2[nH]ncc12	0.037565
rxn:4:220612:229057	c1ccc(-n2nnnc2-c2cnn(C3CC3)c2)cc1	0.037551
rxn:4:176377:223411	Fc1ccc(OCC(F)F)c(-c2cc3cccnc3[nH]2)c1	0.037550
rxn:4:212010:229247	Cc1cn(C)nc1-c1ccc2ccnn2c1C	0.037537
rxn:4:211430:228601	CC(=O)c1ccccc1-c1ccc2[nH]c(Cl)nc2c1	0.037534
rxn:4:192048:228120	CCOc1ncc(C)cc1-c1cncc(C(=O)C2CC2)c1	0.037533
rxn:4:220966:228113	CCc1nc(OC)ccc1-c1cnc2ncnn2c1	0.037531
rxn:4:211540:229221	Cc1cc(C)c(-c2cn3cncc3cc2Cl)s1	0.037525
rxn:4:211504:229221	Cc1cc(C)c(-c2cn3ccc(Cl)cc3n2)s1	0.037525
rxn:4:179030:228501	CCOc1cc(-c2cnn(C)c2C(F)(F)F)cc(Cl)c1F	0.037519
rxn:4:192448:227999	CCc1cc(-c2ccc(C(C)C)cc2F)cc(CC)n1	0.037516
rxn:4:211297:227907	CCC(C)c1cncc(-c2snc3cccnc23)c1	0.037501
rxn:4:196098:223376	CN(C)c1cc(Cl)cc(-c2c(Cl)ccc3[nH]ncc23)c1	0.037496
rxn:4:188844:228547	CCCc1ccncc1-c1cnc(C)c(C(=O)OCC)c1	0.037496
rxn:4:198870:229288	Cc1ccc(-c2cc(F)c3oc(=O)n(C)c3c2)s1	0.037491
rxn:4:208271:223305	Cc1cc(C#N)cnc1-c1ccc2c(C)c[nH]c2c1	0.037480
rxn:4:195862:228360	CC(C)c1ncc(-c2cncc(C3CC3(F)F)c2)c(Cl)n1	0.037469
rxn:4:191966:228051	CCCc1cnccc1-c1cccc2c1ncn2C	0.037469
rxn:4:218238:229209	Cc1cnccc1-c1cncc2ncn(C)c12	0.037463
rxn:4:176544:228810	CSc1c(Cl)cccc1-c1ccccc1OCC(C)=O	0.037459
rxn:4:218298:223438	Cc1cc(-c2cn[nH]c2C(F)(F)F)c2cn[nH]c2n1	0.037458
rxn:4:211297:228433	COc1ccc(Cl)c(F)c1-c1snc2cccnc12	0.037456
rxn:4:218009:228403	COc1c(F)ccc(-c2nccn3nccc23)c1F	0.037454
rxn:4:188303:223332	COc1cc(CC#N)ccc1-c1cc2cc(F)ccc2[nH]1	0.037451
rxn:4:210187:229143	COc1cc(-c2ccc(F)c(Cl)c2)cc2ccnn12	0.037451
rxn:4:176775:223373	CCOCc1ccc(F)c(-c2c(F)ccc3[nH]ncc23)c1	0.037443
rxn:4:218249:229128	Cc1ncc(Cl)cc1-c1nc(C)n2ccncc12	0.037430
rxn:4:191540:228616	CSc1ccc(-c2cccc(CC(F)(F)F)n2)c(C)c1	0.037429
rxn:4:181113:228558	CCSc1cccc(-c2c(F)ccc(Cl)c2OC)c1	0.037428
rxn:4:210633:223399	CNCc1ccccc1-c1nc(C(C)C)n2ccccc12	0.037422
rxn:4:195563:228851	Cc1cc(-c2ccn3ncnc3c2)ncc1C(F)F	0.037416
rxn:4:194933:228672	Cc1oc(C#N)cc1-c1ccc2cnoc2c1	0.037407
rxn:4:179077:228516	CCc1cc(C)cc(-c2cccc(OC)c2C(F)F)c1	0.037406
rxn:4:182719:228818	Cc1cc(-c2ccc3c(c2F)COC3=O)cn(C)c1=O	0.037405
rxn:4:217289:229322	N#Cc1cc(Cl)c2ncc(-c3sccc3Cl)n2c1	0.037399
rxn:4:182495:223335	Cc1ccccc1-c1c(F)ccc2[nH]ccc12	0.037398
rxn:4:217298:228704	CCn1nc(C)c(-c2c[nH]c3c(C#N)ncc(F)c23)c1C	0.037397
rxn:4:192318:228390	COc1cc(-c2ccc(C#N)c(C(C)C)c2)c(F)cc1Cl	0.037394
rxn:4:216524:223445	COc1cc[nH+]cc1-c1ncnc(-c2ccco2)n1	0.037394
rxn:4:183098:228603	CC(=O)c1cccc(-c2cc(C)cc3c2OCCC3=O)c1	0.037388
rxn:4:181007:228763	CCc1c(F)cncc1-c1c(C(F)F)ccc(F)c1F	0.037387
rxn:4:208804:228168	CCOc1ccc(-c2cc(C(C)C)nc(Cl)n2)c(Cl)c1	0.037377
rxn:4:205050:228745	CSc1cc(C)c(-c2ncc(C#N)cc2C(F)(F)F)cn1	0.037373
rxn:4:176775:228149	CCOCc1ccc(F)c(-c2ccccc2C(=O)OC)c1	0.037365
rxn:4:210415:229002	CCn1cnc2c(-c3ccc(OC)cc3)cccc21	0.037359
rxn:4:209445:228443	CSc1c(F)ccc(-c2ccncc2N2CCCC2)c1F	0.037352
rxn:4:209285:228675	Cc1cc(N(C)C)ncc1-c1cccc2scnc12	0.037342
rxn:4:181092:223367	CSc1ccc(F)cc1-c1cnc2[nH]ccc2c1F	0.037342
rxn:4:189246:228304	CC(C)Oc1ncc(-c2ccc(CCN(C)C)cc2F)cn1	0.037334
rxn:4:208411:228284	Cn1cc2cc(-c3cc(S(N)(=O)=O)ccn3)cnc2n1	0.037333
rxn:4:212117:229264	Cn1ncc2cc(-c3cnccc3Cl)c(F)cc21	0.037328
rxn:4:192710:228403	COc1c(F)ccc(-c2ccc(CN3CCC3)c(Cl)c2)c1F	0.037324
rxn:4:195530:228054	CC(C)(F)c1nc(-c2cnc3ncccc3c2)cs1	0.037321
rxn:4:195501:228073	CCc1cnccc1-c1c(F)ccc2ccoc12	0.037320
rxn:4:218477:223354	CNC(=O)c1ccc(-c2cc(C)c3nc(C)cn3n2)cc1	0.037319
rxn:4:221869:228997	CCc1ccc(-c2nncn2-c2cnccn2)cn1	0.037314
rxn:4:198698:229275	Fc1ccc2ccc(-c3cncc(Cl)n3)nc2c1	0.037305
rxn:4:176582:228086	N#CCOc1cccc(-c2cccc(S(=O)(=O)CCF)c2)c1	0.037302
rxn:4:209721:223414	Cc1c(-c2ccnc3[nH]ccc23)cnn1C1CCCCO1	0.037289
rxn:4:218472:223439	Cc1cc2nnn(C)c2cc1-c1cc(C(F)(F)F)[nH]n1	0.037284
rxn:4:211898:228908	COc1cc(-c2cccc3c2ncn3C)c(F)cn1	0.037282
rxn:4:196311:229277	Cn1ncc(-c2cccc(-c3ccncc3)c2)c1Cl	0.037282
rxn:4:218232:228277	COc1ccc(F)c(C)c1-c1cnn2ccn(C)c12	0.037281
rxn:4:209746:227861	c1ncc(-c2cnc3c(c2)CCCC3)c(C2CCCCC2)n1	0.037270
rxn:4:208997:228089	CCCOc1ncccc1-c1cnc(C2(C)CC2)nc1Cl	0.037256
rxn:4:218376:229250	Cc1cncc(-c2cnc3nc(C)cn3c2)n1	0.037256
rxn:4:195536:228285	CCc1nccc(-c2ccc3nnc(C)n3c2)c1F	0.037250
rxn:4:176772:228754	CCCOc1cc(F)cc(-c2cnc(SC)c(C)c2)c1	0.037250
rxn:4:183144:228561	CSCc1cccc(-c2cccc3c2C2(CC3)CC2)c1	0.037243
rxn:4:179107:229016	COc1ccc(C(F)(F)F)c(-c2ccsc2C2CC2)c1	0.037243
rxn:4:181698:227982	COc1cc(C)cc(-c2cc(C3CC3)ccc2C)c1C	0.037241
rxn:4:182824:229305	Cn1cnc(-c2ccc3c(Cl)cccc3c2)c1	0.037236
rxn:4:210646:223432	CC12CC(c3cncc(-c4cccc5nn[nH]c45)n3)(C1)C2	0.037227
rxn:4:210157:228167	CCOc1cc(Cl)ccc1-c1c[nH]c2cc(OC)ncc12	0.037226
rxn:4:197339:229294	Cc1cc(-c2ccc3oc(C4CC4)nc3c2)co1	0.037212
rxn:4:177827:229074	CSc1ncccc1-c1cc(C)ccc1COC(C)C	0.037195
rxn:4:192723:228631	FC1CN(Cc2cccc(-c3ccsc3C3CCC3)c2)C1	0.037194
rxn:4:189052:228746	CC(C)(C)OC(=O)n1cccc1-c1cccc(C#N)c1Cl	0.037189
rxn:4:217229:228269	COc1cc(-c2c[nH]c3cc(C#N)cnc23)c(F)cc1C	0.037185
rxn:4:203011:223393	CCn1c(C(=O)OC)cnc1-c1c[nH]c2ccccc12	0.037183
rxn:4:181859:228063	CC(C)(C)c1ccc(F)c(-c2cnc3c(c2)COCC3)c1	0.037182
rxn:4:192523:227917	CCc1ccc(OC)c(-c2cc(F)c(CN(C)C)c(F)c2)c1	0.037180
rxn:4:207283:228416	COC(=O)c1nc(-c2c(F)cc(F)cc2OC)n2c1CCC2	0.037175
rxn:4:192326:227890	CCOCc1cccc(-c2ccc(C(C)C)cc2C#N)c1	0.037175
rxn:4:185954:229004	CCCOc1c(C#N)cccc1-c1ccccc1SC	0.037162
rxn:4:217097:223304	Cc1cc2cc(-c3cnc(N4CCCC4)n3C)ccc2[nH]1	0.037143
rxn:4:189047:228455	COc1ncc(-c2ncccc2OCC2CCC2)c(OC)n1	0.037138
rxn:4:211445:228580	Clc1c(-c2cccnc2C2CC2)nc2ccccn12	0.037138
rxn:4:181315:227960	Cc1cc(-c2ccncc2C2CCC2)cc(C(F)F)c1	0.037137
rxn:4:211365:228244	COc1cc(C)c(-c2cnc3ccccn23)cc1Cl	0.037134
rxn:4:182582:227947	Cc1cc(Cl)c(C)c(-c2c(C)cc(C#N)cc2C)c1	0.037129
rxn:4:209445:223329	Cc1ccc2cn[nH]c2c1-c1ccncc1N1CCCC1	0.037123
rxn:4:216785:228250	Cc1nnc(-c2ccc(-c3ccco3)s2)n1C1COC1	0.037114
rxn:4:211297:228530	c1cnc2c(-c3ccc4c(c3)OCC4)snc2c1	0.037114
rxn:4:195701:228216	Cc1cc(-c2cncc(C3CC3)c2Cl)cnc1C(F)(F)F	0.037114
rxn:4:216690:228700	Cc1nn(-c2cncs2)cc1-c1ccc(N(C)C)nc1	0.037107
rxn:4:211827:229309	Cc1ncc(-c2sc3ncnc(Cl)c3c2C)o1	0.037106
rxn:4:180176:228123	CCOc1cncc(C)c1-c1c(CC)cc(C)cc1CC	0.037104
rxn:4:216530:229029	Cc1cc(-c2cnc(-c3ncco3)cn2)ccc1F	0.037103
rxn:4:181425:228620	COc1c(-c2ccc(SC)c(C)c2)ccc(Cl)c1C	0.037099
rxn:4:195839:223341	O=C1Cc2cc(-c3ccccc3-c3ccon3)ccc2N1	0.037094
rxn:4:211410:227977	COc1cc(C)c(-c2cn3cc(C)nc3s2)cc1C	0.037089
rxn:4:181480:228083	CC(C)CCn1cc(-c2cccc(C3CC3(F)F)c2)cn1	0.037088
rxn:4:198651:229321	Clc1ccc2cccnc2c1-c1ccoc1Cl	0.037083
rxn:4:198892:223372	O=C1CCCn2c1ccc2-c1ccc(Cl)c2cn[nH]c12	0.037081
rxn:4:181887:228318	COC(=O)c1ccncc1-c1ccc(C2OCCO2)c(C)c1	0.037075
rxn:4:218346:228612	COc1cccc(-c2ccc(C)n3cnnc23)c1C	0.037074
rxn:4:217427:228903	COc1ccc2c(-c3cc(Cl)cnc3OC)cnn2n1	0.037067
rxn:4:198362:229091	CC(=O)c1occc1-c1nccc2occc12	0.037066
rxn:4:179254:223304	COc1cc(F)cc(-c2ccc3[nH]c(C)cc3c2)c1OC	0.037057
rxn:4:179205:227996	COc1cc(Cl)c(OC)c(-c2ccc(C(C)=O)cc2C)c1	0.037057
rxn:4:198627:229248	Cc1cnn(C)c1-c1cnc2ccccc2c1Cl	0.037051
rxn:4:188558:227870	COC(=O)c1cc(OC)cc(-c2ccc3c(c2)C(=O)CC3)n1	0.037040
rxn:4:211390:227822	Cc1cccc(C(C)C)c1-c1cc2cc[nH]c2cn1	0.037031
rxn:4:179359:228447	COC(=O)c1ccc(C)c(-c2cccc(C(F)F)c2F)c1	0.037030
rxn:4:209644:228465	COC(=O)c1sc(-c2nccn2C2CCCCC2)cc1Cl	0.037023
rxn:4:188344:227978	CCOC(=O)c1nc(C)sc1-c1cc(C(C)C)ccc1F	0.037020
rxn:4:218360:228592	CC(C)c1cncc(-c2nn(C)c3cnccc23)c1	0.037018
rxn:4:211639:228783	COc1ccc(Cl)c(-c2cc(Cl)c3nccn3c2)c1	0.037013
rxn:4:212186:228560	CCSc1ccccc1-c1c[nH]cc2ncc(C)c1-2	0.037005
rxn:4:179074:228310	CCCc1nc(Cl)ncc1-c1ccc(COC)c(F)c1F	0.037003
rxn:4:221031:228166	CCOc1cc(Cl)cc(-c2cnc3ncncc3n2)c1	0.037003
rxn:4:211962:228929	Cc1ccn2c(-c3cncc(C(F)F)c3)ncc2c1	0.036996
rxn:4:208751:228025	CN(C)c1cccc(-c2cccc3c2cnn3C)n1	0.036996
rxn:4:177828:228989	Cc1ccc(-c2c(C)cccc2C)c(COC(C)C)c1	0.036993
rxn:4:179271:228981	CCc1cccc(-c2cc(OC)c(SC)c(F)c2F)c1	0.036990
rxn:4:182844:227868	O=C1CCc2c1ccc(-c1ccc3c(c1)OCCC3)c2Cl	0.036986
rxn:4:216838:229168	COc1nc(C)sc1-c1cncc(-c2cncnc2)c1	0.036982
rxn:4:181830:228745	CSc1cc(C)c(-c2cc(C3(C)CCO3)ccc2F)cn1	0.036972
rxn:4:181560:228513	FC1(F)COC1c1ccc(-c2ccccc2C2CC2)cc1	0.036971
rxn:4:198715:229071	COc1cc(-c2nccc3cc(F)ccc23)ccn1	0.036960
rxn:4:182828:229163	COc1cc(-c2cccc3c(F)cccc23)cnn1	0.036960
rxn:4:205052:228337	CCOc1cc(F)c(-c2cc(C(F)(F)F)c(C#N)cn2)cn1	0.036959
rxn:4:198876:229221	Cc1cc2c(-c3sc(C)cc3C)cccc2[nH]1	0.036958
rxn:4:201347:227997	CN(C)CCOc1ccc(-c2cc(C3CC3)ccc2F)cn1	0.036956
rxn:4:178884:228086	COC(=O)c1cc(-c2cccc(OCC#N)c2)c(F)cc1F	0.036953
rxn:4:208509:228046	Cn1ccc2c(-c3cncnc3C3CC3)ccnc21	0.036950
rxn:4:208485:228043	Cn1cnc2cccc(-c3nccc(C4CC4)n3)c21	0.036950
rxn:4:218315:228584	Cn1cnc2ncc(-c3ccnc(C4CC4)c3)cc21	0.036950
rxn:4:211669:228271	COc1cc(C)c(-c2cc3[nH]cnc3c(F)c2F)cc1F	0.036948
rxn:4:216982:229208	Cc1cncc(-c2cn(-c3ccccc3C)nn2)c1	0.036947
rxn:4:209946:227930	N#Cc1ccc(-c2cccc(OC3CC3)c2)c2[nH]ccc12	0.036946
rxn:4:218260:228570	Cc1cc(-c2cncc(C3CC3)c2)cn2ncnc12	0.036942
rxn:4:183164:229170	Cc1nc(Cl)ncc1-c1ccc2c(c1)C(=O)CCC2C	0.036924
rxn:4:202894:228230	COC(=O)c1nc(C#N)ccc1-c1cnc(C2CC2)c(Cl)c1	0.036922
rxn:4:182958:228919	CSc1ncc(Cl)cc1-c1cc2c(cc1F)OCCC2=O	0.036922
rxn:4:181682:228431	COc1cc(C)cc(-c2cc(F)cc(F)c2SC)c1C	0.036919
rxn:4:191343:228655	N#CCc1cc(-c2cnc3ccccn23)ccc1F	0.036914
rxn:4:183144:227882	CCOCc1ccccc1-c1cccc2c1C1(CC2)CC1	0.036911
rxn:4:180258:228604	COc1cc(C)cc(-c2ccc(OC(C)(C)C)cc2C)c1	0.036908
rxn:4:202892:228390	COC(=O)c1cnc(C#N)c(-c2cc(OC)c(Cl)cc2F)c1	0.036906
rxn:4:220763:229207	Cc1cc(-c2cnc(-n3ccc(C)n3)nc2)ccn1	0.036902
rxn:4:215495:229081	CN(C)c1ccc(-c2ncn(Cc3ccccc3)n2)s1	0.036896
rxn:4:180865:228831	Cc1c(F)ccc(-c2ccc(C(F)(F)F)o2)c1Cl	0.036895
rxn:4:218257:228701	Cn1ncc2ncc(-c3cnc(C4CC4)nc3)cc21	0.036891
rxn:4:183223:229219	CC1(C)CCc2ccc(-c3ccccc3Cl)cc2O1	0.036885
rxn:4:177038:228721	CCOc1ccc(-c2ccnn2C(C)(C)C)c(F)c1SC	0.036881
rxn:4:218089:228185	COCc1ccc(Cl)c(-c2ccc3nnc(Cl)n3c2)c1	0.036878
rxn:4:196294:229292	Cc1csc(-c2ccc(-c3ccoc3C)cc2)n1	0.036876
rxn:4:199355:229227	N#Cc1cc(-c2ccc3[nH]c4c(c3c2)CCC4)cs1	0.036875
rxn:4:177820:228746	CCc1cc(OC(C)C)ccc1-c1cccc(C#N)c1Cl	0.036872
rxn:4:177820:228731	CCc1cc(OC(C)C)ccc1-c1cccc(Cl)c1C#N	0.036872
rxn:4:203056:227973	CCOC(=O)c1ncc(-c2cc(C)c(OC)c(C)c2)nc1C	0.036867
rxn:4:178892:228202	COC(=O)c1cc(F)cc(F)c1-c1ccc(F)c(N(C)C)c1	0.036866
rxn:4:210303:228854	c1cn2cnnc2cc1-c1ccn(C23CC(C2)C3)n1	0.036866
rxn:4:179242:223403	COc1ccc(F)c(SC)c1-c1ccc2cn[nH]c2c1	0.036866
rxn:4:188852:228505	CCCc1ccc(-c2cc(OC(C)C)ccc2C#N)cc1	0.036866
rxn:4:211418:229132	Fc1ccc(-c2cc3cnccn3c2)cc1F	0.036865
rxn:4:194958:223331	N#Cc1cccc(-c2cc(F)c3[nH]ccc3c2)c1F	0.036865
rxn:4:211905:228805	CSc1cccc(-c2cc3[nH]ncc3cc2C)c1F	0.036864
rxn:4:182980:223380	O=c1[nH]c2cc(-c3cccc4c3CCOC4)ccc2o1	0.036862
rxn:4:220435:229201	Cc1ccccc1-c1cc(CC#N)c2ncnn2c1	0.036860
rxn:4:210409:228371	CCc1ccc2[nH]ncc2c1-c1ccc(F)c(C#N)c1F	0.036858
rxn:4:204993:228051	Cn1cnc2c(-c3cc(CC#N)ccn3)cccc21	0.036856
rxn:4:218158:228173	CCOc1cc(F)ccc1-c1cc(F)cn2cnnc12	0.036855
rxn:4:179779:227922	CCc1cc(CC)cc(-c2ccc(OC)cc2CC)c1	0.036852
rxn:4:211331:228085	N#CCOc1ccccc1-c1cnc2nc(Cl)oc2c1	0.036840
rxn:4:181148:227891	CSc1cc(Cl)c(F)c(-c2ccccc2CN(C)C)c1	0.036837
rxn:4:179432:228133	COC(=O)c1c(C)cc(F)cc1-c1ccc(F)c(CC#N)c1	0.036834
rxn:4:217449:223357	COc1nc2cn[nH]c2cc1-c1ccccc1NC(C)=O	0.036831
rxn:4:217459:228759	COc1nc2[nH]cnc2cc1-c1ccc(C(C)=O)nc1	0.036829
rxn:4:179432:228103	COC(=O)c1c(C)cc(F)cc1-c1cnc(CC(C)C)nc1	0.036823
rxn:4:197118:228764	COc1ccc2scnc2c1-c1ccnc(OC)c1C	0.036819
rxn:4:217462:228994	COc1ncnn2ccc(-c3ccccc3C#N)c12	0.036818
rxn:4:176599:228378	CCOC(=O)c1ccc(-c2ccc(C#N)c(F)c2F)c(F)c1	0.036818
rxn:4:199318:228139	COc1cc(C#N)cc(-c2cccc3c2N=C(C)C3(C)C)c1	0.036813
rxn:4:182912:228431	CSc1c(F)cc(F)cc1-c1ccc2c(c1)OCCC2=O	0.036810
rxn:4:221051:228710	Cc1cc(-c2cnc(C(C)C)nc2)c2nnnn2c1	0.036809
rxn:4:179435:228464	COC(=O)c1c(-c2cncc(OC(F)F)c2)ccc(C)c1F	0.036808
rxn:4:191328:229072	CCC(=O)c1cnc(-c2cncc(SC)c2)s1	0.036806
rxn:4:195713:227884	CCCSc1ccc(-c2cc(S(N)(=O)=O)c(Cl)cc2F)cc1	0.036802
rxn:4:208719:222416	O=c1[nH]c2ccc(-c3cnc(C4COC4)nc3)cc2[nH]1	0.036802
rxn:4:218040:227978	CC(C)c1ccc(F)c(-c2ccc3nncn3c2)c1	0.036800
rxn:4:176814:228252	COC(=O)c1cc(OC)cc(-c2c(OC)ccc(C)c2F)c1	0.036797
rxn:4:181540:228019	CC(=O)c1ccc(C)c(-c2ccc(Cl)cc2C2COC2)c1	0.036782
rxn:4:218485:228225	Cc1cc(C)c2c(-c3cc(Cl)cnc3C3CC3)n[nH]c2n1	0.036779
rxn:4:188085:227980	N#Cc1ccc(OC(F)F)c(-c2ccc(C3CC3)cc2F)c1	0.036777
rxn:4:221052:228738	COc1cc(-c2ccc3nnnn3c2C)cc(C)n1	0.036757
rxn:4:179998:228554	CCOc1ccccc1-c1cc(C)cc(OC(C)C)c1F	0.036742
rxn:4:217445:228765	CCc1cc(F)c(-c2cc(OC)c3ncnn3c2)cn1	0.036739
rxn:4:218262:229077	CSc1ccc(-c2cnc3c(c2)ncn3C)cn1	0.036735
rxn:4:181357:227879	CC(F)(F)c1ccc(-c2cccc(CCC#N)c2)cc1F	0.036731
rxn:4:179512:227828	CCOc1c(C)cccc1-c1cccc(C2CC2)c1C	0.036718
rxn:4:211576:223307	Fc1ccn2c(-c3ccc4c(c3)CCNC4)cnc2c1	0.036717
rxn:4:212295:228996	CCc1cc(-c2cccc3c(C)n(C)nc23)ccn1	0.036712
rxn:4:210637:229256	Cc1noc(C)c1-c1cc2c(ccn2C(C)C)cn1	0.036706
rxn:4:191343:223301	Cc1cc2ccc(-c3ccc(F)c(CC#N)c3)cc2[nH]1	0.036701
rxn:4:218232:228987	Cc1cc(C)cc(-c2cnn3ccn(C)c23)c1	0.036697
rxn:4:179620:228372	CC(=O)c1cc(C(C)=O)cc(-c2cc(F)c(C#N)cc2F)c1	0.036697
rxn:4:211904:228611	COc1ccc(C)c(-c2cccc3c2cnn3C)c1	0.036684
rxn:4:208919:223354	CNC(=O)c1ccc(-c2ccc(-n3nccc3F)cc2)cc1	0.036684
rxn:4:211474:228491	Cn1cc(-c2cc(Cl)c3cc[nH]c3n2)c(=O)n(C)c1=O	0.036681
rxn:4:210520:223355	CNC(=O)c1ccccc1-c1ccc2onc(N(C)C)c2c1	0.036676
rxn:4:183186:228826	Cc1cc(-c2cccc3c2OCC(C)(C)O3)c(F)cc1F	0.036671
rxn:4:220618:229159	COc1ncc(-c2cnc(-n3ccnc3)cn2)cn1	0.036670
rxn:4:181452:228792	CSc1ccc(-c2cccc(C3(F)CC3)c2)cc1F	0.036661
rxn:4:195769:227851	COc1ncc(-c2cccc3ccncc23)cc1C	0.036658
rxn:4:179248:228137	CCOc1ncc(-c2cc(F)cc(SC)c2OC)cc1C	0.036650
rxn:4:192208:227810	CCC(C)c1ccc(-c2cc(C#N)cc(C3COC3)c2)cc1	0.036644
rxn:4:201442:229013	CCCc1sc(N(C)CC)nc1-c1sccc1C1CC1	0.036637
rxn:4:198457:229100	Cc1nccc(-c2c(F)ccc3ncoc23)c1F	0.036636
rxn:4:221056:227924	CCOc1ccc(-c2cc(C)c3nnnn3c2)c(C)c1	0.036632
rxn:4:178812:223368	COC(=O)c1cc(-c2ccc(Cl)c3[nH]ncc23)oc1C	0.036631
rxn:4:208075:228961	FC(F)(F)n1nccc1-c1cncc2ncnn12	0.036626
rxn:4:218474:228697	COCc1cc(-c2cc(C)c3nc(C)nn3c2)ccn1	0.036612
rxn:4:198391:228743	N#Cc1ccc(Cl)cc1-c1coc2cnccc12	0.036608
rxn:4:218329:228513	Cn1ncc2cnc(-c3ccccc3C3CC3)cc21	0.036603
rxn:4:181513:228355	c1cc(-c2cc(-n3cccn3)cs2)cc(C2COC2)c1	0.036594
rxn:4:188109:228049	Cc1cn2cc(-c3ccnc(OCCF)c3)ccc2n1	0.036591
rxn:4:216534:228763	CCc1c(F)cncc1-c1cnc(-c2ccncn2)o1	0.036589
rxn:4:179611:223332	COc1ccc(-c2cc3cc(F)ccc3[nH]2)cc1S(C)(=O)=O	0.036584
rxn:4:216909:228538	c1cc(-c2cnnn2C2CCCC2)c2ccsc2c1	0.036583
rxn:4:216676:228985	Cc1ccc(-c2cncc(-n3cccc3)n2)c(C)c1	0.036580
rxn:4:208629:228704	CCn1nc(C)c(-c2ccc(-c3ncco3)nc2)c1C	0.036569
rxn:4:211453:228150	COC(=O)c1ccc(-c2cc(Cl)c3[nH]ncc3c2)cc1	0.036568
rxn:4:179991:228793	COc1cc(Cl)cc(-c2ccc(C)c(F)c2OC(C)C)c1	0.036556
rxn:4:208497:227842	c1cc(-c2cnnc(C3CC3)c2)c2cccnc2c1	0.036554
rxn:4:211314:228560	CCSc1ccccc1-c1cncc2ncsc12	0.036546
rxn:4:192985:228855	Cc1ccc(CN(C)C)c(-c2cnc3ccnn3c2)c1	0.036531
rxn:4:189068:228644	CCc1cc(-c2cc(C)c(F)c(C)c2)cc(CC)c1C#N	0.036520
rxn:4:210346:229093	Cc1ncnc(C)c1-c1cccc2[nH]c(C)c(C#N)c12	0.036517
rxn:4:179211:228652	CC(=O)Cc1ccc(-c2ccn3ccnc3c2)cc1F	0.036514
rxn:4:188553:228607	CCc1cc(-c2nc(C3CC3)c(C(=O)OC)s2)ccc1Cl	0.036514
rxn:4:215490:228288	CCc1nn(C2CC2)nc1-c1nc2ccc(C)cn2n1	0.036512
rxn:4:209952:228460	COc1ncnc(OC)c1-c1cc2[nH]cc(C#N)c2cc1F	0.036512
rxn:4:220730:228998	CCc1ncccc1-c1cc(-n2cccn2)nc(C)n1	0.036504
rxn:4:198503:229220	Cc1cc(-c2cccc3cccn23)c(C)s1	0.036504
rxn:4:179835:228399	COC(=O)c1cc(C)c(C)c(-c2cc(F)c(OC)c(F)c2)c1	0.036488
rxn:4:206569:228942	CC(C)c1cc(-c2c(F)cc(Cl)cc2F)nc(C(C)C)n1	0.036487
rxn:4:199046:229292	Cc1occc1-c1ccc2ccnc(C)c2c1	0.036475
rxn:4:181854:228557	COCc1cccc(-c2cc(C(C)(C)C)ccc2Cl)c1	0.036472
rxn:4:181928:228608	COc1cc(C)ccc1-c1ccccc1C1CCCC1	0.036471
rxn:4:179067:228476	COc1ccc(C(F)F)cc1-c1cccnc1C(F)(F)F	0.036469
rxn:4:178621:228543	CCCCc1ccsc1-c1ccccc1OC(F)F	0.036462
rxn:4:208764:227847	CC(C)c1nccc(-c2cnc3ccccc3c2)n1	0.036460
rxn:4:218382:228324	COc1cc(-c2cn3cnnc3cc2C)c(OC)cn1	0.036458
rxn:4:211705:228113	CCc1nc(OC)ccc1-c1ccc2cncnc2c1	0.036447
rxn:4:211963:228085	Cc1cc(-c2ccccc2OCC#N)n2ccnc2c1	0.036434
rxn:4:191381:227831	CCc1c(C)cc(-c2ccc(C(F)(F)C#N)cc2)cc1C	0.036422
rxn:4:192715:227906	CCC(C)c1ncccc1-c1c(F)cccc1CN1CCC1	0.036420
rxn:4:208516:227820	CC(C)(C)c1ccc(-c2c(Cl)ncnc2C2CC2)cc1	0.036417
rxn:4:195381:228105	CCN(C)c1cc(-c2scnc2-c2ccco2)ccn1	0.036415
rxn:4:215311:223320	Cc1cc(-c2cc(C#N)c(C#N)[nH]2)c2cn[nH]c2c1	0.036411
rxn:4:195219:228185	COCc1ccc(Cl)c(-c2ncc(C(F)(F)F)cc2F)c1	0.036409
rxn:4:181456:227948	CSc1ccc(F)c(C)c1-c1cc(C2CC2)cnc1C	0.036402
rxn:4:212002:229115	Cc1ncc(F)cc1-c1ccnc2ccn(C)c12	0.036396
rxn:4:218181:228708	Fc1cnc2c(-c3cncnc3C3CC3)cc(Cl)nn12	0.036388
rxn:4:205314:227811	CCCc1cc(Cl)nc(-c2ccc(CC(C)C)cc2)n1	0.036386
rxn:4:179940:228308	CCOc1ncc(-c2ccc(SC(C)(C)C)cc2)c(C)n1	0.036381
rxn:4:220600:228969	FC(F)(F)c1cscc1-c1cnn(-c2ncccn2)c1	0.036380
rxn:4:192714:227995	COc1c(C)cc(C)cc1-c1ccc(CN2CCC2)cc1Cl	0.036377
rxn:4:198372:228273	COc1cc(Cl)cc(C)c1-c1nccc2ccoc12	0.036375
rxn:4:208818:228697	COCc1cc(-c2cnn(-c3ccccc3)c2)ccn1	0.036374
rxn:4:208182:223330	FC(F)(F)c1cnnc(-c2cc3cc(Cl)ccc3[nH]2)c1	0.036373
rxn:4:215508:229042	Cc1cccc(-c2ccc(Cn3cncn3)cc2)c1F	0.036373
rxn:4:220614:228549	CCCc1ccc(-c2ccc(-n3cncn3)cn2)cn1	0.036371
rxn:4:210174:228561	COc1ccc2c(-c3cccc(CSC)c3)cnn2c1	0.036362
rxn:4:198282:228040	Cc1c(F)cncc1-c1ccnc2ccncc12	0.036358
rxn:4:179572:227807	CCOc1cc(C)c(-c2cccc3c2CCCC3)cc1F	0.036357
rxn:4:203365:223328	Cc1c[nH]c2ncc(-c3ccc(CN(C)C4CC4)cn3)cc12	0.036356
rxn:4:208423:228312	COc1cnc(C#N)cc1-c1cc(-n2cccn2)co1	0.036355
rxn:4:212220:228827	Cc1cc(F)c(F)cc1-c1c[nH]c2c(=O)n(C)ccc12	0.036354
rxn:4:197560:227954	CC1(C#N)CCc2cc(-c3ccc(C4CCC4)nc3)ccc21	0.036349
rxn:4:196329:229231	CCc1ncc(-c2cc(C)cc(-c3cncs3)c2)s1	0.036346
rxn:4:212256:229346	Cc1cc(-c2cnon2)c2nc(Cl)ncc2c1	0.036340
rxn:4:221018:228132	N#CCc1cccc(-c2nc3ccc(Cl)nn3n2)c1F	0.036326
rxn:4:209808:228476	Cc1nc(-c2cccnc2C(F)(F)F)cn1C1CCCCC1	0.036326
rxn:4:199307:228558	CCSc1cccc(-c2cc(F)cc3c2CCN(C)C3)c1	0.036319
rxn:4:217460:228700	COc1ccc(-c2ccc(N(C)C)nc2)c2ncnn12	0.036309
rxn:4:188691:227927	CCC(=O)c1cccc(-c2nc(COC)ccc2OC)c1	0.036294
rxn:4:221008:227968	Clc1nc(-c2cnccc2C2CCC2)cn2cnnc12	0.036291
rxn:4:195803:228419	CSc1cc(F)c(-c2cnc(C3(F)CCC3)s2)cc1F	0.036287
rxn:4:196941:228132	N#CCc1cccc(-c2ncccc2C2CCCCC2)c1F	0.036283
rxn:4:205411:227873	COc1nc(-c2csc3ccc(C)cc23)ccc1S(N)(=O)=O	0.036280
rxn:4:178881:228840	COC(=O)c1c(Cl)ccc(F)c1-c1c(F)ccc(F)c1C	0.036278
rxn:4:198360:228277	COc1ccc(F)c(C)c1-c1cccc2cnsc12	0.036276
rxn:4:197104:229030	COc1ccc2sc(-c3cc(F)ccc3C)nc2c1	0.036276
rxn:4:182135:229124	COc1ccc2cc(-c3cnc(C)c(F)c3)sc2c1	0.036276
rxn:4:178678:228128	COc1ccc(-c2cc(F)cc(F)c2OC(F)F)cc1C#N	0.036268
rxn:4:208928:228743	N#Cc1ccc(Cl)cc1-c1c[nH]c(-c2ccc(F)cc2)n1	0.036264
rxn:4:211710:227893	CN(C)Cc1cccc(-c2ccc3ncccc3n2)c1	0.036264
rxn:4:181486:223358	CC(=O)Nc1ccc(-c2cccc(-c3ccco3)c2)cc1	0.036261
rxn:4:182022:228928	Cc1ccc(C(C)(C)C)cc1-c1cccnc1C(F)F	0.036255
rxn:4:195687:223320	Cc1cc(-c2ccc(S(N)(=O)=O)c(F)c2)c2cn[nH]c2c1	0.036247
rxn:4:218314:229279	Cn1c(-c2cncnc2Cl)cc2cncnc21	0.036246
rxn:4:188576:227991	COC(=O)c1cc(OC)c(-c2ccc(Cl)cc2C2CC2)cn1	0.036244
rxn:4:205618:228161	CCOc1ccc(-c2cnc(CC(C)C)nc2Cl)c(F)c1	0.036237
rxn:4:208475:223360	CNCc1cccc(-c2nc(SC)ncc2C)c1F	0.036230
rxn:4:178842:228638	COC(=O)c1cc(Cl)ccc1-c1cc(C)cc(C)c1Cl	0.036223
rxn:4:178982:228056	COCc1ccc(Cl)cc1-c1cc(C)c2nccn2c1	0.036211
rxn:4:208527:228555	COCc1ccccc1-c1noc(-c2ccccc2)n1	0.036210
rxn:4:212033:228845	Cc1cc(-c2cc3cn[nH]c3cc2C)c(F)cc1Cl	0.036209
rxn:4:196241:228343	COC(=O)c1sc(-c2cnc(C3CCC3)cc2Cl)cc1C	0.036203
rxn:4:216646:228715	Cc1csc(-n2cc(-c3ccc(C#N)nc3C)cn2)n1	0.036201
rxn:4:218101:228743	N#Cc1ccc(Cl)cc1-c1nnc2ccc(Cl)cn12	0.036196
rxn:4:211711:229134	Fc1ccc(F)c(-c2ccc3cnccc3n2)c1	0.036193
rxn:4:211914:228151	COC(=O)c1cccc(-c2ccnc3[nH]c(C)cc23)c1	0.036188
rxn:4:198846:228778	COc1cccc(-c2ccc3c(c2)sc(=O)n3C)c1F	0.036181
rxn:4:198927:228585	Cc1c(-c2cnccc2C2CC2)cc(F)c2cc[nH]c12	0.036181
rxn:4:198798:229155	Fc1cc2c(Cl)ccnc2cc1-c1cn(C2CC2)nn1	0.036160
rxn:4:209930:228726	N#Cc1cc(-c2ccc3c(C#N)c[nH]c3c2)ccc1Cl	0.036159
rxn:4:208013:228961	N#Cc1cc(-c2cncc3ncnn23)ccn1	0.036150
rxn:4:217967:228524	c1cc2nc(-c3cnc4c(c3)CCC4)ccn2n1	0.036149
rxn:4:182894:228247	CC(=O)c1ccc(F)c(-c2cc3c(cc2Cl)CCC3)c1	0.036146
rxn:4:197702:228440	COc1cc(Cl)c(F)c(-c2cccc(C34CC(C)(C3)C4)n2)c1	0.036144
rxn:4:218333:227926	Cc1ncc2[nH]ncc2c1-c1ccc(SC(C)C)cc1	0.036137
rxn:4:195385:228630	CCc1cc(F)cc(-c2nc(-c3ccoc3)cs2)c1	0.036135
rxn:4:197344:223456	CC(=O)c1c[nH]c2cccc(-c3ccc(=O)[nH]n3)c12	0.036130
rxn:4:218198:228210	c1cc2nccnc2c(-c2ccc(N3CCCC3)s2)n1	0.036128
rxn:4:197497:229075	CCc1c[nH]c2c(F)cc(-c3cc(C)c(C#N)s3)cc12	0.036125
rxn:4:206017:228003	CCC(C)n1cc(-c2c(C)cc(SC)cc2C)nc1C	0.036121
rxn:4:179461:228392	CS(=O)(=O)Cc1cc(F)cc(-c2ccc(C(F)(F)F)cc2)c1	0.036119
rxn:4:191917:227946	COc1ncc(-c2ccc(C(C)(C)C)nc2)c(SC)c1Cl	0.036115
rxn:4:211753:228312	COc1cnc(C#N)cc1-c1cnc2nc(C)sc2c1	0.036113
rxn:4:209374:229053	COCc1ccc(-c2ccc(-n3ccc(C)n3)cc2)s1	0.036112
rxn:4:199173:229298	Cn1c(=O)ccc2c(-c3cnccn3)cccc21	0.036110
rxn:4:220629:228640	Cc1c(Cl)ccc(-c2nccn2-c2ccncn2)c1C	0.036102
rxn:4:220742:229044	Cc1cc(Cl)cc(-c2ccc(-n3ccnc3C)nn2)c1	0.036102
rxn:4:179080:223406	Cc1cc(-c2cncc3cc[nH]c23)ccc1OC(F)(F)F	0.036098
rxn:4:179399:228064	COC(=O)c1cc(C)c(-c2cnc3c(c2)C(=O)CC3)c(Cl)c1	0.036097
rxn:4:216980:229076	Cc1cccc(-n2cnnc2-c2sc(C#N)cc2C)c1	0.036088
rxn:4:218284:228987	Cc1cc(C)cc(-c2cc(C)nn3ccnc23)c1	0.036087
rxn:4:174847:228129	CCOC(=O)Cc1ccccc1-c1ccc(C#N)cc1OC	0.036079
rxn:4:208642:229093	Cc1ncnc(C)c1-c1ccc(-c2noc(Cl)n2)cc1	0.036079
rxn:4:220742:229047	Cc1sc(C)c(-c2ccc(-n3ccnc3C)nn2)c1C	0.036077
rxn:4:218385:229121	Cc1c(F)cncc1-c1nc(Cl)cn2c(C)cnc12	0.036073
rxn:4:221056:228847	Cc1cc(Cl)cc(F)c1-c1cc(C)c2nnnn2c1	0.036073
rxn:4:217453:228824	COc1nc2ccc(-c3c(F)cc(C)cc3F)cn2n1	0.036072
rxn:4:211617:229007	CSc1cccc(-c2cnn3cccc(F)c23)c1	0.036069
rxn:4:218112:228409	COc1ccc(F)c(-c2cccc3nc(Cl)nn23)c1Cl	0.036067
rxn:4:218104:228402	COc1c(Cl)ccc(-c2cccn3c(Cl)nnc23)c1F	0.036067
rxn:4:198361:228540	c1cc2c(c(-c3cc4cccnc4o3)c1)COC2	0.036062
rxn:4:205349:228974	CS(=O)(=O)n1cc(-c2ccc(Cn3ccnc3)o2)cn1	0.036057
rxn:4:209051:229151	Cc1nc(-c2ccc(-c3cnc(C#N)cn3)nc2)cs1	0.036032
rxn:4:179601:227961	Cc1nc(C2CC2)ccc1-c1cc(OC(C)C)c(F)cc1F	0.036030
rxn:4:179961:228225	Cc1ccc(-c2cc(Cl)cnc2C2CC2)c(OC(C)C)c1	0.036028
rxn:4:199000:229257	Cc1ccc2cc(-c3cncc(Cl)c3)ccc2n1	0.036027
rxn:4:188130:228175	CCOc1cccc(-c2cccc(OCC(F)(F)F)n2)c1Cl	0.036024
rxn:4:201200:228245	CC(=O)c1ccc(-c2cccc(C(C#N)CC#N)c2)cc1F	0.036023
rxn:4:221038:223346	Cc1nc2cnc(-c3ccc4c(c3)CNC4=O)cn2n1	0.036021
rxn:4:188407:227834	CCOC(=O)c1cnc(-c2ccc(C3CC3)c(C)c2)cc1F	0.036010
rxn:4:188227:228094	CCCOc1cncc(-c2cccc(C(=O)OC)c2C#N)c1	0.036009
rxn:4:216812:229076	Cc1cc(C#N)sc1-c1ccncc1-c1cncnc1	0.035997
rxn:4:212362:227885	CCCOc1cccc(-c2cc(C)c3[nH]nc(C)c3c2)c1	0.035997
rxn:4:206566:227880	CC(C)c1cc(C(C)C)nc(-c2ccc(CCC#N)cc2)n1	0.035984
rxn:4:205206:229069	COC(=O)c1cc(-c2cccnc2OC)cn1N	0.035981
rxn:4:182791:228867	CCc1nc(OC)c(-c2cccc3cc(C)sc23)s1	0.035978
rxn:4:188232:227883	CCOCc1ccc(-c2ccc(C#N)c(C(=O)OC)c2)cc1	0.035975
rxn:4:217515:227883	CCOCc1ccc(-c2cc(C#N)c3[nH]nc(C)c3c2)cc1	0.035974
rxn:4:221035:228275	COc1c(F)cc(C)cc1-c1cnc2nc(C)nn2c1	0.035955
rxn:4:221039:228276	COc1c(-c2nc(C)cn3ncnc23)ccc(F)c1C	0.035955
rxn:4:210213:223344	COc1cn2cc(-c3cccc4c3CC(=O)N4)nc2cc1F	0.035949
rxn:4:216519:228829	Cc1c(F)cc(-c2nnc(-c3ccncc3)s2)cc1F	0.035944
rxn:4:215992:228502	Cn1cc(C(F)(F)F)c(-c2ccc3[nH]c(CC#N)nc3c2)n1	0.035944
rxn:4:220971:228373	N#Cc1c(Cl)ccc(-c2ccc3nnnn3c2)c1F	0.035943
rxn:4:189062:227927	CCC(=O)c1cccc(-c2ccc(CC(=O)N(C)C)cc2)c1	0.035941
rxn:4:192713:228790	FC(F)c1cccc(-c2cc(Cl)ccc2CN2CCC2)c1	0.035940
rxn:4:208622:228986	Cc1cccc(-c2cncc(-c3nccs3)c2)c1C	0.035932
rxn:4:188819:228308	CCOC(=O)c1cc(-c2cnc(OCC)nc2C)cc(C)n1	0.035932
rxn:4:211723:228412	COc1cc(-c2ccc3c(C)noc3n2)c(F)cc1F	0.035928
rxn:4:218320:228460	COc1ncnc(OC)c1-c1cccn2nnc(C)c12	0.035927
rxn:4:217619:228502	Cn1cc(C(F)(F)F)c(-c2cnc3[nH]nc(C4CC4)c3c2)n1	0.035924
rxn:4:180077:228398	COc1ccc(Cl)c(-c2cccc(C(C)(C)C(C)=O)c2)c1F	0.035917
rxn:4:176744:228050	CCOCc1ccccc1-c1cncc2ccn(C)c12	0.035916
rxn:4:177421:228463	Cc1ccc(OCC2CC2)cc1-c1ccc(OC(F)F)nc1	0.035908
rxn:4:210408:228536	COC1COc2c(-c3cccc4ccoc34)cnn2C1	0.035904
rxn:4:181595:223333	Clc1cccc2[nH]c(-c3ccccc3C3OCCO3)cc12	0.035901
rxn:4:208859:228609	COc1cc(-c2ccc(-n3cccc3)nc2)ccc1C	0.035900
rxn:4:182903:228836	Cc1cc(-c2c(F)ccc3c2CCC3)c(Cl)cc1F	0.035899
rxn:4:212064:228712	Cn1nc(Cl)c2ccc(-c3ccnn3C3CCC3)cc21	0.035894
rxn:4:210124:228804	COc1cc2[nH]cnc2cc1-c1ccc(SC)c(Cl)c1	0.035891
rxn:4:195917:229168	COc1nc(C)sc1-c1cnc(-c2ccc(Cl)cc2)o1	0.035884
rxn:4:218138:228872	COC(=O)c1sccc1-c1cnc2cc(Cl)nn2c1	0.035884
rxn:4:212166:229263	Cn1c(Cl)nc2cc(-c3cnccc3F)cc(F)c21	0.035879
rxn:4:218109:228270	COc1cc(Cl)c(C)cc1-c1ccn2nc(Cl)nc2c1	0.035879
rxn:4:183179:228363	CN(C)c1cc(F)c(-c2cccc3c2CCCCC3=O)cn1	0.035876
rxn:4:183111:227883	CCOCc1ccc(-c2ccc3c(c2)C(=O)OC3(C)C)cc1	0.035876
rxn:4:195453:223339	CC(=O)c1cc(-c2cc3cccc(Cl)c3[nH]2)ncc1F	0.035874
rxn:4:181363:227941	COCc1cc(C)cc(-c2cc(C(F)F)cc(F)c2C)c1	0.035874
rxn:4:201443:228949	CCc1nc(N(CC)CC)sc1-c1c(F)cc(F)cc1Cl	0.035871
rxn:4:218350:228219	CC(C)c1cc(F)c(-c2ccnc3cnn(C)c23)cn1	0.035867
rxn:4:218358:228460	COc1ncnc(OC)c1-c1ccc2c(cnn2C)n1	0.035863
rxn:4:208827:228823	Cc1cc(F)c(-c2cc(-c3ccccc3)n[nH]2)cc1Cl	0.035848
rxn:4:218297:228193	Cc1nnc2c(-c3cnn(C4CCCC4)c3)cccn12	0.035838
rxn:4:211713:227934	CCOc1ccc(C)c(-c2ccnc3ncccc23)c1	0.035837
rxn:4:209715:227991	Cc1cc(-c2ccc(Cl)cc2C2CC2)n(C2CCCCO2)n1	0.035837
rxn:4:208992:228045	COc1nc(C)c(-c2cnc3ccn(C)c3c2)c(C)n1	0.035834
rxn:4:208304:228537	Cc1ncc(-c2cccc3occc23)cc1C#N	0.035832
rxn:4:198342:228590	Cc1cccc(-c2ccc3ocnc3c2)c1C#N	0.035832
rxn:4:192320:228441	CSc1ccc(-c2ccccc2N(C)C(C)=O)c(Cl)c1F	0.035830
rxn:4:191971:227926	CCc1nc(CC)c(-c2ccc(SC(C)C)cc2)s1	0.035827
rxn:4:178871:228646	COC(=O)c1c(Cl)ccc(-c2cc(C)c(C)c(F)c2)c1F	0.035822
rxn:4:211288:228499	Cn1nc(C(F)(F)F)cc1-c1cnc2ocnc2c1	0.035811
rxn:4:205050:228343	COC(=O)c1sc(-c2ncc(C#N)cc2C(F)(F)F)cc1C	0.035803
rxn:4:216613:228362	Clc1ncc(-c2n[nH]c(-c3ccccc3)n2)c(C2CC2)n1	0.035800
rxn:4:197372:229215	COc1cc2ccc(-c3ccc(Cl)cc3)cc2cn1	0.035796
rxn:4:216948:223316	Cc1n[nH]c2ccc(-c3cncc(N4CCCC4=O)n3)cc12	0.035783
rxn:4:181637:223373	Fc1ccc(C2OCCO2)c(-c2c(F)ccc3[nH]ncc23)c1	0.035781
rxn:4:208635:228693	CCN(C)c1ccc(-c2cccnc2-c2cncs2)s1	0.035770
rxn:4:191995:223375	COc1cc(C(C)=O)nc(-c2cc(F)cc3[nH]ncc23)c1	0.035768
rxn:4:218385:223346	Cc1cnc2c(-c3ccc4c(c3)CNC4=O)nc(Cl)cn12	0.035764
rxn:4:212049:228091	CCN(CC)c1ccc(-c2c(C)ccn3ccnc23)s1	0.035763
rxn:4:218359:227979	COc1cc(C)cc(C)c1-c1nn(C)c2ccncc12	0.035759
rxn:4:177141:228148	CCOC(=O)c1ccc(C)cc1-c1cccc(OC)c1OC	0.035756
rxn:4:211908:227963	Cc1nc2c(-c3ccnc(C(C)(C)C)c3)cccc2[nH]1	0.035750
rxn:4:216807:229126	Cc1cc(F)c(-c2nccc(-c3ccccn3)n2)cn1	0.035750
rxn:4:203056:228166	CCOC(=O)c1ncc(-c2cc(Cl)cc(OCC)c2)nc1C	0.035743
rxn:4:216659:228972	FC(F)(F)c1csc(-c2ncn(-c3ccccc3)n2)c1	0.035739
rxn:4:196509:228659	CC1(c2cncc(-c3ccc4cncn4c3)c2)CCO1	0.035733
rxn:4:209899:228774	COc1cccc(F)c1-c1ccc2sc(C#N)nc2c1	0.035732
rxn:4:211892:228228	COc1ncc(C)c(-c2c(C)nc3ccccn23)c1C	0.035732
rxn:4:198607:228096	Cc1noc2ccc(-c3ccc(OCCF)cc3)cc12	0.035731
rxn:4:216993:229131	Cn1ccc(-c2ccc(-c3ccc(F)cc3F)cn2)n1	0.035730
rxn:4:218486:228596	CCc1ccc(-c2cn3cc(C)nc(C)c3n2)c(C)n1	0.035730
rxn:4:183199:228632	Cc1cc(C)c(-c2ccc3c(c2)CCC3(C)C)c(C)n1	0.035726
rxn:4:191550:228661	FCC(F)(F)c1cccc(-c2ccc3ncsc3c2)n1	0.035717
rxn:4:211934:228810	CSc1c(Cl)cccc1-c1n[nH]c2cc(C)ccc12	0.035713
rxn:4:209380:228135	CCOc1cc(C)ncc1-c1cc(C)cc(-c2ccn[nH]2)c1	0.035713
rxn:4:196834:227834	Cc1cc(-c2ccc(C3CC3)c(C)c2)cc(C2CCCO2)n1	0.035711
rxn:4:211658:228698	CCC(=O)c1ccc(-c2c(Cl)c(F)cc3[nH]ncc23)s1	0.035711
rxn:4:217487:229060	CC(=O)c1nc2[nH]ncc2cc1-c1ccc(C#N)nc1	0.035703
rxn:4:174848:228242	COC(=O)CCc1cccc(-c2cc(C)c(F)cc2OC)c1	0.035701
rxn:4:198700:228876	Fc1ccc2nccc(-c3cnn(C4CC4F)c3)c2c1	0.035682
rxn:4:183081:228836	Cc1cc(-c2cc(F)c3c(c2)CCC(=O)C3)c(Cl)cc1F	0.035675
rxn:4:180078:228126	COc1ccc(-c2cccc(C(=O)C(C)(C)C)c2)c(C#N)c1	0.035673
rxn:4:182610:228173	CCOc1cc(F)ccc1-c1cc2ccsc2s1	0.035672
rxn:4:192211:223327	Cc1nc2ccc(-c3cc(C4COC4)ccc3C#N)cc2[nH]1	0.035671
rxn:4:211983:228128	COc1ccc(-c2ccc3ccn(C)c3n2)cc1C#N	0.035671
rxn:4:210191:228491	COc1n[nH]c2ccc(-c3cn(C)c(=O)n(C)c3=O)cc12	0.035670
rxn:4:217597:228993	COc1cc(-c2ccc(C#N)cc2)cn2nc(C)nc12	0.035665
rxn:4:217282:228736	COc1nc(C)ccc1-c1cn2ccnc2cc1C#N	0.035665
rxn:4:181352:228855	Cc1cc(-c2cnc3ccnn3c2)cc(C(F)F)c1F	0.035660
rxn:4:189247:223371	CN(C)CCc1cc(F)ccc1-c1cc(Cl)cc2[nH]ncc12	0.035656
rxn:4:198616:229090	CC(=O)c1cc(-c2ccc3c(C)nsc3c2)cs1	0.035652
rxn:4:211761:229157	N#Cc1nccc(-c2ccc3nncc(Cl)c3c2)n1	0.035648
rxn:4:181135:227910	CCC(C)c1ccc(-c2cc(F)c(F)c(SC)c2)cn1	0.035645
rxn:4:216767:229063	N#Cc1cnccc1-c1cn(-c2cccc(F)c2)nn1	0.035642
rxn:4:199245:229163	COc1cc(-c2cc(C)c3cccc(C)c3n2)cnn1	0.035642
rxn:4:198466:228395	COc1cc(F)c(F)cc1-c1nc2cc(F)ccc2o1	0.035640
rxn:4:181632:223321	Cc1ccc(-c2ccc(C3OCCO3)c(F)c2)c2cn[nH]c12	0.035637
rxn:4:198569:228100	CCCn1nc(C)c(-c2nccc3ccccc23)c1C	0.035635
rxn:4:196522:228266	CSc1c(-c2cncc(C3CCOC3)c2)ccc(C)c1Cl	0.035635
rxn:4:188335:223331	CCOC(=O)c1cnccc1-c1cc(F)c2[nH]ccc2c1	0.035633
rxn:4:176602:223408	CCOC(=O)c1ccc(F)c(-c2cccc3cn[nH]c23)c1	0.035633
rxn:4:211813:229129	Cc1cc(Cl)c(-c2cnc3cc(F)cnc3c2)cn1	0.035629
rxn:4:195899:229073	COc1cnccc1-c1nc(-c2ccc(Cl)cc2)cs1	0.035626
rxn:4:217096:228674	c1cc2cc(-c3nncn3C3CCCCC3)cnc2s1	0.035623
rxn:4:191969:227842	CCC(C)c1ncc(-c2cccc3ncccc23)s1	0.035621
rxn:4:201310:223394	CCOC(=O)c1cn(CC)nc1-c1cccc2cc[nH]c12	0.035608
rxn:4:211980:228425	COc1c(Cl)cc(F)cc1-c1cc2ccn(C)c2cn1	0.035601
rxn:4:198508:229200	Cc1cccc(-c2cccn3cccc23)c1	0.035592
rxn:4:176786:228616	CCOCc1cccc(-c2ccc(SC)cc2C)c1F	0.035591
rxn:4:201306:223405	CCOC(=O)C(C)n1cc(-c2ccc3[nH]cnc3c2)cn1	0.035581
rxn:4:218252:228834	Cc1ccn2c(-c3cc(F)c(C)cc3Cl)cnc2n1	0.035579
rxn:4:198646:228700	CN(C)c1ccc(-c2ccnc3ccc(Cl)cc23)cn1	0.035564
rxn:4:179373:228031	CCS(=O)(=O)c1ccc(-c2ccc3nn(C)cc3c2)cc1	0.035563
rxn:4:188368:223380	CCSc1ccc(-c2ccc3oc(=O)[nH]c3c2)cc1C#N	0.035562
rxn:4:185655:223298	COC(=O)CCc1cc(-c2cc3cccc(C)c3[nH]2)no1	0.035558
rxn:4:182534:228665	Cc1cc(-c2ccc3ncoc3c2)cc(F)c1Cl	0.035554
rxn:4:198508:228743	N#Cc1ccc(Cl)cc1-c1cccn2cccc12	0.035554
rxn:4:182731:223332	Fc1ccc2[nH]c(-c3ccc4c(c3)CSC4)cc2c1	0.035552
rxn:4:216671:228581	Cc1c(C#N)cccc1-c1nccc(-n2cccc2)n1	0.035550
rxn:4:212332:229046	Cc1cc2[nH]ncc2c(-c2c(C)cccc2Cl)c1C	0.035548
rxn:4:181564:227829	CCc1cc(-c2ccccc2C2CCC2)ccc1C	0.035536
rxn:4:188112:223375	N#CCC(=O)c1ccc(-c2cc(F)cc3[nH]ncc23)cc1	0.035534
rxn:4:211943:227834	Cc1cc2nccc(-c3ccc(C4CC4)c(C)c3)c2[nH]1	0.035532
rxn:4:209732:228224	Cc1cc(C#N)cc(-c2cncc(C3CCCCC3)n2)c1Cl	0.035528
rxn:4:178885:228373	COC(=O)c1c(F)ccc(-c2ccc(Cl)c(C#N)c2F)c1F	0.035528
rxn:4:220615:228278	COc1cc(C)c(F)cc1-c1nnc(-c2cnn(C)c2)s1	0.035524
rxn:4:220646:228414	COc1cc(-c2ccc(-n3cnnn3)cc2)cc(Cl)c1F	0.035512
rxn:4:217297:228228	COc1ncc(C)c(-c2n[nH]c3cc(Cl)c(C#N)cc23)c1C	0.035507
rxn:4:209376:228393	COc1c(F)cc(F)cc1-c1ccc(-c2n[nH]cc2C)cc1	0.035504
rxn:4:209382:228403	COc1c(F)ccc(-c2cc(C)cc(-c3ncc[nH]3)c2)c1F	0.035504
rxn:4:196844:223326	Cc1n[nH]c2c(-c3ccc(C4CCOCC4)nc3)cccc12	0.035499
rxn:4:179608:228131	CC(C)Oc1c(F)cc(Cl)cc1-c1cc(F)cc(CC#N)c1	0.035496
rxn:4:176362:223337	Fc1cc2[nH]ccc2cc1-c1ccccc1OCC(F)F	0.035488
rxn:4:179680:227970	CCC(=O)c1ccc(C)cc1-c1ccncc1C(C)(C)C	0.035486
rxn:4:209305:228071	Cc1[nH]nc(-c2cccc3c2OCCO3)c1-c1ccccc1	0.035486
rxn:4:191536:228056	Cc1cc(-c2ccc(S(=O)(=O)CF)nc2)cn2ccnc12	0.035483
rxn:4:198907:228409	COc1ccc(F)c(-c2ccc3[nH]ccc3c2C)c1Cl	0.035482
rxn:4:197344:229022	CC(=O)c1c[nH]c2cccc(-c3cncc(C)c3C)c12	0.035482
rxn:4:210359:228977	COc1ncnc2ccc(-c3ccc4c(c3)CC4)cc12	0.035481
rxn:4:198999:228927	COc1nccc(F)c1-c1cccc2ccc(C)nc12	0.035480
rxn:4:217500:228278	COc1cc(C)c(F)cc1-c1cc2c(C)c[nH]c2c(C#N)n1	0.035472
rxn:4:182733:223392	C1=Cc2c(cccc2-c2ccc3[nH]ccc3c2)C1	0.035466
rxn:4:217960:228360	CC(C)c1ncc(-c2cnc3cccnn23)c(Cl)n1	0.035461
rxn:4:179200:228289	COc1cc(Cl)c(-c2ccc3nn(C)nc3c2)c(OC)c1	0.035459
rxn:4:183077:228280	COc1cc(-c2cc3c(cc2F)C(=O)CCC3)c(C)cc1Cl	0.035458
rxn:4:216977:228903	COc1ncc(Cl)cc1-c1cn(-c2cccnc2)nc1C	0.035453
rxn:4:212294:228928	Cc1nc2cc(-c3cccnc3C(F)F)ccc2n1C	0.035452
rxn:4:189053:228447	CC(C)(C)OC(=O)n1ccc(-c2cccc(C(F)F)c2F)c1	0.035451
rxn:4:211937:228872	COC(=O)c1sccc1-c1cn(C)c2ncccc12	0.035437
rxn:4:176822:228404	COc1c(F)ccc(-c2ccc(C(=O)OC3CC3)cc2)c1Cl	0.035429
rxn:4:195710:228055	Cn1c(-c2cc(F)c(Cl)cc2S(N)(=O)=O)nc2ccccc21	0.035423
rxn:4:183008:229244	Cc1nccc(-c2cccc3cccc(C)c23)n1	0.035419
rxn:4:196837:227833	CCc1cc(C)cc(C)c1-c1ncccc1C1CCCCO1	0.035412
rxn:4:216511:227873	Cc1ccc2scc(-c3c(C#N)nn(C)c3C)c2c1	0.035410
rxn:4:212211:223402	O=S1(=O)CCc2n[nH]c(-c3ccc4[nH]ncc4c3)c2C1	0.035409
rxn:4:198944:229219	Cc1c[nH]c2c(-c3ccccc3Cl)cc(F)cc12	0.035408
rxn:4:216989:229274	Cc1ncc(-c2cnc(Cl)nc2)n1-c1ccccn1	0.035400
rxn:4:212405:223429	c1cc(-c2cnn3c2OCC2(CCC2)C3)c2cn[nH]c2n1	0.035394
rxn:4:220694:229159	COc1ncc(-c2cnc(-c3cnccn3)cn2)cn1	0.035381
rxn:4:211443:228282	CC(F)(F)c1ccccc1-c1ccc2[nH]nc(Cl)c2c1	0.035380
rxn:4:177243:228414	CCC(C)Oc1ccc(-c2cc(Cl)c(F)c(OC)c2)cc1	0.035369
rxn:4:177262:228406	COc1ccc(F)c(-c2ccccc2CSC(C)C)c1F	0.035368
rxn:4:192093:227946	CCc1ncc(-c2ccc(C(C)(C)C)nc2)cc1C(F)(F)F	0.035363
rxn:4:191831:228477	COc1cnc(C(F)(F)F)c(-c2cnccc2C(F)(F)F)c1	0.035354
rxn:4:188593:227922	CCOc1nc(C(F)F)ccc1-c1ccc(OC)cc1CC	0.035353
rxn:4:198539:227858	CN1Cc2cccc(-c3c[nH]c4cc(F)ccc34)c2C1	0.035350
rxn:4:209710:228801	CSc1cc(F)ccc1-c1sc(N2CCCCC2)nc1C	0.035346
rxn:4:216767:228775	COc1ccc(-c2cn(-c3cccc(F)c3)nn2)cc1F	0.035346
rxn:4:220871:228565	CSCc1ccc(-c2c(C)nn3cc(C#N)cnc23)cc1	0.035345
rxn:4:208609:228579	Cc1ccc(C#N)c(-c2ccc(-c3nnco3)cc2)c1	0.035343
rxn:4:211773:228313	COc1ccc(-c2cnc3nccc(Cl)c3c2)c(OC)n1	0.035342
rxn:4:211957:228802	Cc1ccc2nccn2c1-c1ccccc1C(F)F	0.035337
rxn:4:217231:228071	N#Cc1n[nH]c2cccc(-c3cccc4c3OCCO4)c12	0.035337
rxn:4:208846:228530	c1ccn(-c2ccnc(-c3ccc4c(c3)OCC4)c2)c1	0.035336
rxn:4:218238:227991	Cn1cnc2cncc(-c3ccc(Cl)cc3C3CC3)c21	0.035335
rxn:4:218306:227981	Cn1nc(-c2ccc(C3CC3)cc2Cl)c2ncccc21	0.035335
rxn:4:189073:228283	CC(=O)c1cc(F)ccc1-c1cc(C)cnc1OCC1CC1	0.035326
rxn:4:218058:228798	CSc1cc(-c2nc(Cl)cn3ccnc23)ccc1F	0.035322
rxn:4:212230:229119	Cc1cnc2ncc(-c3cncc(C)c3Cl)cc2c1	0.035319
rxn:4:217611:228896	COc1ncc(-c2cnc3c(ccn3C3CC3)n2)cc1F	0.035317
rxn:4:218258:229151	Cn1nnc2c(-c3cnc(C#N)cn3)cccc21	0.035317
rxn:4:218265:228754	CSc1ncc(-c2cn3ncnc3cc2C)cc1C	0.035315
rxn:4:209935:228130	COc1ccc2snnc2c1-c1ccc(CC#N)cc1F	0.035310
rxn:4:179268:228963	FC1(F)CC1Oc1ccc(-c2cnc3nonc3c2)cc1	0.035295
rxn:4:215385:228427	COc1ccc(-c2cnn(Cc3cocn3)c2)c(F)c1Cl	0.035293
rxn:4:178872:227958	COC(=O)c1c(F)ccc(-c2ccnc(C3CCC3)c2)c1Cl	0.035289
rxn:4:212352:228327	COc1cc(-c2ccc3ncc(C)n3c2C)cnc1OC	0.035288
rxn:4:220616:228254	COc1ccc(-c2cnn(-c3nnc(C)o3)c2)c(C)c1F	0.035285
rxn:4:218206:228004	Clc1cc(-c2ncnc3ncccc23)ccc1C1CC1	0.035285
rxn:4:198728:229274	Cc1c(F)ccc2sc(-c3cnc(Cl)nc3)nc12	0.035284
rxn:4:221039:228758	CSc1ncc(C)cc1-c1nc(C)cn2ncnc12	0.035280
rxn:4:211885:228262	COc1c(-c2ccc3c(c2)ncn3C)ccc(C)c1Cl	0.035272
rxn:4:211308:228318	COC(=O)c1ccncc1-c1cc2cncnc2s1	0.035265
rxn:4:179189:227949	CCC(=O)c1ccc(-c2cc(C)c(C#N)c(C)c2)cc1Cl	0.035262
rxn:4:176838:228961	CCOc1cccc(C(F)F)c1-c1cncc2ncnn12	0.035261
rxn:4:198774:228702	CC(C)c1ncncc1-c1cncc2ccc(F)cc12	0.035260
rxn:4:179424:228404	COc1cc(F)c(C(C)=O)cc1-c1ccc(F)c(OC)c1Cl	0.035259
rxn:4:182169:228354	COc1cc2c(cc1-c1ccc(-n3ccnc3)s1)COC2	0.035259
rxn:4:209426:228355	c1cnn(-c2csc(-c3ccnc(N4CCCC4)c3)c2)c1	0.035255
rxn:4:198951:228679	Cc1nc2cc(-c3cnn(CC4CC4)c3)ccc2c(=O)o1	0.035253
rxn:4:217299:223350	CCNCc1cncc(-c2cc(F)c3c(C#N)n[nH]c3c2)c1	0.035252
rxn:4:205267:228975	FC(F)(F)n1cc(-c2ncccc2Oc2nccs2)cn1	0.035249
rxn:4:217508:228888	Cc1nc2[nH]cc(C#N)c2cc1-c1cc(C#N)ncc1F	0.035247
rxn:4:211746:228251	COc1cc(Cl)c(-c2cccc3cncnc23)cc1C	0.035242
rxn:4:177174:228401	CCOc1c(C(C)=O)cccc1-c1c(F)ccc(F)c1OC	0.035228
rxn:4:207996:228431	CSc1c(F)cc(F)cc1-c1nnc(C(F)F)o1	0.035219
rxn:4:220613:228716	Cc1cc(-c2ncn(-c3ccncc3)n2)cnc1C#N	0.035213
rxn:4:182668:228717	Cc1nn(C2CC2)cc1-c1ccc(F)c2ccsc12	0.035211
rxn:4:216764:227813	CCc1cccc(CC)c1-c1nnc(-c2ccc(F)cc2)[nH]1	0.035211
rxn:4:218402:228511	Cc1nc2ncc(-c3ccc(C4CC4)cc3)cn2c1Cl	0.035210
rxn:4:210317:228548	CCCc1cncc(-c2cncc3[nH]cc(C(C)=O)c23)c1	0.035204
rxn:4:211332:228754	CSc1ncc(-c2ccc3oc(Cl)nc3n2)cc1C	0.035198
rxn:4:208338:223325	Cc1n[nH]c2cccc(-c3c(C(F)(F)F)nn(C)c3Cl)c12	0.035197
rxn:4:181554:228836	CC(=O)c1cc(-c2cc(C)c(F)cc2Cl)cc(C)c1F	0.035194
rxn:4:210329:228703	COc1cnc2cc(-c3cnn(C4CCC4)c3)cnc2c1	0.035182
rxn:4:196544:227981	Cc1cnc(C(C)C)cc1-c1ccc(C2CC2)cc1Cl	0.035177
rxn:4:218055:228647	Cc1cc(C)c(-c2cnc3ncc(Cl)cn23)cc1Cl	0.035174
rxn:4:212096:228500	Cc1c(Cl)cc2[nH]ncc2c1-c1cnc(C(F)(F)F)nc1	0.035172
rxn:4:211813:228155	COc1ccc(-c2cnc3cc(F)cnc3c2)cc1OC	0.035170
rxn:4:211814:228154	COc1cccc(OC)c1-c1ncnc2cccc(F)c12	0.035170
rxn:4:195948:223345	O=C1Cc2cccc(-c3csc(-c4cccc(F)c4)n3)c2N1	0.035168
rxn:4:179195:228275	CCC(=O)c1ccc(-c2cc(C)cc(F)c2OC)c(Cl)c1	0.035159
rxn:4:209019:228908	COc1cc(-c2ccc(-c3cccnc3)cn2)c(F)cn1	0.035158
rxn:4:198351:228375	N#Cc1ccc(F)c(-c2csc3ccncc23)c1F	0.035157
rxn:4:211339:228218	Fc1cnc(C2CC2)cc1-c1ccc(Cl)c2nsnc12	0.035154
rxn:4:220621:227958	c1cn(-c2ccnc(-c3ccnc(C4CCC4)c3)n2)cn1	0.035151
rxn:4:208282:229160	CSc1ncc(-c2cc(C)cc(C#N)n2)cn1	0.035151
rxn:4:212195:228097	Cc1nc2ccccc2nc1-c1cncc(CN(C)C)c1	0.035150
rxn:4:208828:228633	Cc1cc(-c2ccccc2-c2ncc[nH]2)cc(C)c1Cl	0.035137
rxn:4:216659:228181	COCc1cc(F)ccc1-c1ncn(-c2ccccc2)n1	0.035133
rxn:4:220434:228589	CC(C)c1ccc(-c2ccn3nc(CC#N)ncc23)cn1	0.035132
rxn:4:210341:228787	COc1cc(F)cc(-c2nc3c(C)cc(OC)nc3s2)c1	0.035122
rxn:4:191821:228186	COc1ncc(-c2cccc(SC)c2OC)cc1C(F)(F)F	0.035121
rxn:4:192674:223297	Cc1ccc2[nH]c(-c3cc(OC(C)(C)C)ccn3)cc2c1	0.035119
rxn:4:198569:228141	CCCc1cc(F)c(-c2nccc3ccccc23)cn1	0.035117
rxn:4:220605:227918	c1cnc(-n2cc(-c3ccc(SC4CC4)cc3)cn2)cn1	0.035114
rxn:4:195949:228762	CCn1cc(-c2scnc2-c2ccccc2F)ccc1=O	0.035105
rxn:4:215572:228049	COc1nc(N(C)C)ncc1-c1ccc2nc(C)cn2c1	0.035100
rxn:4:182139:229127	COc1c(-c2cncc(Cl)c2C)ccc2sccc12	0.035100
rxn:4:218486:228094	CCCOc1cncc(-c2cn3cc(C)nc(C)c3n2)c1	0.035100
rxn:4:217648:228684	CCOc1ncccc1-c1ccc2c(nnn2CC)c1C	0.035094
rxn:4:220748:228761	COc1cc(-c2cn(-c3cccc(C)n3)nn2)cnc1C	0.035093
rxn:4:181283:228543	CCCCc1ccsc1-c1cccc(Cl)c1CC	0.035089
rxn:4:216969:228879	Cc1nccn1-c1cccnc1-c1ccnn1C1COC1	0.035077
rxn:4:193141:227885	CCCOc1cccc(-c2ccc(CN3CCCCC3)o2)c1	0.035065
rxn:4:217460:227909	CCC(C)c1cc(-c2ccc(OC)n3ncnc23)ccn1	0.035064
rxn:4:197118:228127	COc1cccc(C#N)c1-c1c(OC)ccc2scnc12	0.035062
rxn:4:210198:228564	CCC(C)c1ccc(-c2ccc3nccn3c2OC)s1	0.035062
rxn:4:218092:227825	Clc1cnc2ncc(-c3cccc(C4CCC4)c3)cn12	0.035055
rxn:4:216692:228273	COc1cc(Cl)cc(C)c1-c1ncccc1-n1ccnc1	0.035050
rxn:4:194954:228029	Cn1cc2ccc(-c3cc(F)cc(C#N)c3)cc2n1	0.035042
rxn:4:216766:228554	CCOc1ccccc1-c1cn(-c2ccccc2F)nn1	0.035035
rxn:4:189257:228939	CCN(CC)c1c(F)cccc1-c1c(F)cc(F)cc1F	0.035032
rxn:4:216675:227979	COc1cc(C)cc(C)c1-c1ccc(-n2ccnc2)cn1	0.035031
rxn:4:198915:228870	COC(=O)c1csc(-c2cc(Cl)c(C)c3[nH]ccc23)c1	0.035025
rxn:4:208929:228712	Fc1ccccc1-n1cncc1-c1ccnn1C1CCC1	0.035023
rxn:4:211752:228439	COc1c(-c2cc3snnc3cc2C)ccc(F)c1Cl	0.035022
rxn:4:191900:228032	CC(C#N)c1cccc(-c2cnc3cccnc3c2)c1	0.035018
rxn:4:220638:228322	CCOc1ncc(-c2cn(-c3ccncc3)nn2)cc1F	0.035015
rxn:4:179049:228537	COCc1cc(-c2cccc3occc23)cc(F)c1F	0.035002
rxn:4:218269:229280	Cc1cccn2nc(-c3cnc(F)nc3)nc12	0.035000
rxn:4:205881:228329	CCOc1cc(-c2cnc(OC(C)(C)C)nc2Cl)c(Cl)cn1	0.034999
rxn:4:210407:228108	CCc1ncc(C#N)cc1-c1nc2ccccc2n1CC	0.034986
rxn:4:198981:228704	CCn1nc(C)c(-c2cccc3cc(C)ncc23)c1C	0.034985
rxn:4:193137:228434	CN(C)C1(c2ccc(-c3ccc(C(F)F)c(F)c3)cc2)CC1	0.034985
rxn:4:198992:228313	COc1ccc(-c2c(C)ccc3ccncc23)c(OC)n1	0.034984
rxn:4:197362:228733	COc1cc(C)ncc1-c1c(OC)ccc2cccnc12	0.034984
rxn:4:181142:228444	COc1c(Cl)cc(F)cc1-c1ccc(Cl)c(C(F)F)c1	0.034984
rxn:4:220748:228691	CCOc1ccc(-c2cn(-c3cccc(C)n3)nn2)cn1	0.034976
rxn:4:198733:229063	N#Cc1cnccc1-c1ccc2c(F)ccnc2c1	0.034968
rxn:4:176840:228857	CCOc1ccc(-c2cnc3nccn3c2)c(C(F)F)c1	0.034967
rxn:4:208573:228086	N#CCOc1cccc(-c2ncsc2-c2cccnc2)c1	0.034966
rxn:4:205859:228041	CCc1cc(C2CC2)nc(-c2ccnc3cnccc23)n1	0.034954
rxn:4:179112:228308	CCOc1ncc(-c2cc(SC)ccc2C(F)(F)F)c(C)n1	0.034952
rxn:4:216833:228544	N#CCc1ccc(-c2cnc(-c3cccnc3)nc2)cc1	0.034939
rxn:4:210516:228679	CCc1ccc(-c2cnn(CC3CC3)c2)c2nccnc12	0.034938
rxn:4:181147:229043	CSc1ccc(-c2cc(Cl)ccc2C)c(Cl)c1F	0.034933
rxn:4:220821:228105	CCN(C)c1cc(-c2cnc3c(C#N)cnn3c2)ccn1	0.034933
rxn:4:198499:227805	c1ccc2cc(-c3nc4c(s3)COCC4)ccc2c1	0.034930
rxn:4:211701:227988	Cc1nc2cncc(-c3cccc(C4CC4)c3F)c2o1	0.034915
rxn:4:205471:223325	COC(=O)c1c(C)c(-c2cccc3[nH]nc(C)c23)nn1C	0.034913
rxn:4:221068:227996	CC(=O)c1ccc(-c2cnc3c(N)[nH]cnc2-3)c(C)c1	0.034912
rxn:4:179973:228390	COc1cc(-c2ccc(CC3CC3)c(C)c2)c(F)cc1Cl	0.034905
rxn:4:220827:229024	Cc1cc(-c2cnn3cc(C#N)cnc23)cnc1C	0.034905
rxn:4:188570:227887	COCCc1ccc(-c2cnc(OC)c(C(=O)OC)c2)cc1	0.034902
rxn:4:181679:228092	CCN(CC)c1csc(-c2cccc(C3CCC3)c2)c1	0.034898
rxn:4:216073:228590	CCCn1nnc2cccc(-c3cccc(C)c3C#N)c21	0.034893
rxn:4:180077:228860	CC(=O)C(C)(C)c1cccc(-c2cccc3nonc23)c1	0.034891
rxn:4:182845:227837	Cc1cc(-c2ccc(Cl)c3c2CCC3=O)cc(C2CC2)c1	0.034885
rxn:4:198631:229200	Cc1cccc(-c2cc(Cl)c3oc(C)nc3c2)c1	0.034881
rxn:4:195881:228592	CC(C)c1cncc(-c2ccc(-c3ccon3)cc2)c1	0.034871
rxn:4:196672:228140	CC(c1ccc(-c2cc(C3CCCC3)ncc2F)s1)N(C)C	0.034870
rxn:4:188708:228027	c1cnc(OCC2CC2)c(-c2ccc3cncnc3c2)c1	0.034867
rxn:4:199034:228304	Cc1cccc2cc(-c3cnc(OC(C)C)nc3)cnc12	0.034837
rxn:4:179542:228243	CC(=O)c1cccc(-c2ccc(Cl)cc2OC(C)C)c1F	0.034828
rxn:4:205231:228261	COC(=O)c1nc(C)c(-c2c(SC)ccc(F)c2C)[nH]1	0.034827
rxn:4:192333:228850	CN(C)C(=O)c1cc(Cl)ccc1-c1ccc2nncn2c1	0.034810
rxn:4:197330:228710	COc1cnc2cc(-c3cnc(C(C)C)nc3)ccc2c1	0.034803
rxn:4:220657:228508	CC(C)c1cccc(-c2cn(-c3cncc(Cl)n3)cn2)c1	0.034798
rxn:4:181569:228058	CCc1cccc(C)c1-c1ccc2nc(C)oc2c1	0.034785
rxn:4:197399:228568	COc1cc2nc(C)oc2cc1-c1cccc(N(C)C)c1	0.034785
rxn:4:196682:223315	Cc1ccc2[nH]ncc2c1-c1cc(F)cc(N2CCCC2)c1	0.034774
rxn:4:181148:227942	CCc1ccc(-c2cc(SC)cc(Cl)c2F)c(OC)c1	0.034773
rxn:4:211418:228104	N#Cc1cccc(C#N)c1-c1cc2cnccn2c1	0.034773
rxn:4:198428:229170	Cc1nc(Cl)ncc1-c1ccc2sc(Cl)nc2c1	0.034771
rxn:4:210202:228501	COc1cc(-c2cnn(C)c2C(F)(F)F)cn2cncc12	0.034769
rxn:4:198466:227960	Fc1ccc2oc(-c3ccncc3C3CCC3)nc2c1	0.034766
rxn:4:218180:228191	Cc1cc(-c2cn3nc(Cl)nc3cc2F)cnc1N(C)C	0.034765
rxn:4:216527:227956	Cc1cc(-c2cncc(-c3cncs3)n2)cc(C(C)C)n1	0.034764
rxn:4:211347:228928	FC(F)c1ncccc1-c1cc2c(Cl)ncnc2s1	0.034753
rxn:4:182786:228888	Cc1csc2c(-c3cc(C#N)ncc3F)cccc12	0.034739
rxn:4:211718:228839	Cc1cc(F)cc(-c2ncc3ccccc3n2)c1F	0.034730
rxn:4:197388:228622	CCc1cc(F)ccc1-c1ccc2oc(=O)n(CC)c2c1	0.034724
rxn:4:217269:228496	N#Cc1cnn2cccc(-c3cnn(CC(F)(F)F)c3)c12	0.034712
rxn:4:176838:229013	CCOc1cccc(C(F)F)c1-c1sccc1C1CC1	0.034710
rxn:4:217515:228249	COc1c(C)cc(-c2cc(C#N)c3[nH]nc(C)c3c2)cc1Cl	0.034708
rxn:4:188076:227842	N#CCOc1cc(F)cc(-c2cccc3ncccc23)c1	0.034692
rxn:4:188850:227981	CCOC(=O)c1cc(C)c(-c2ccc(C3CC3)cc2Cl)cn1	0.034691
rxn:4:183004:228566	CC(C)Cc1sccc1-c1ccc2c(c1)OCCC2(F)F	0.034688
rxn:4:191408:228416	COc1cc(F)cc(F)c1-c1cccc(C#N)c1C(F)(F)F	0.034687
rxn:4:183071:227944	CC(C)(C)c1cncc(-c2cc(F)c3c(c2)C(=O)CCC3)c1	0.034685
rxn:4:217619:227885	CCCOc1cccc(-c2cnc3[nH]nc(C4CC4)c3c2)c1	0.034685
rxn:4:179073:228047	CCOc1ccc(F)c(-c2ccc(C)n3ccnc23)c1F	0.034680
rxn:4:218198:228714	Cc1cc(C#N)ncc1-c1nccc2nccnc12	0.034680
rxn:4:220969:228248	CC(=O)c1ccc(-c2cn3ncnc3cn2)c(F)c1	0.034679
rxn:4:220636:228798	CSc1cc(-c2nncn2-c2cccnc2)ccc1F	0.034677
rxn:4:177243:228285	CCC(C)Oc1ccc(-c2ccc3nnc(C)n3c2)cc1	0.034675
rxn:4:176579:227890	CCOCc1cccc(-c2cc(F)cc(CC(=O)OC)c2)c1	0.034658
rxn:4:215616:228655	Cc1nn(S(=O)(=O)N(C)C)cc1-c1cnc2ccccn12	0.034653
rxn:4:191810:227981	COc1c(C(F)(F)F)ccnc1-c1ccc(C2CC2)cc1Cl	0.034642
rxn:4:209727:228962	CC1CCCN(c2ncc(-c3cccn4nnnc34)s2)C1	0.034641
rxn:4:218267:228601	CC(=O)c1ccccc1-c1cccc2nc(C)nn12	0.034622
rxn:4:199013:229274	Cc1cc(-c2cnc(Cl)nc2)cc2cccnc12	0.034621
rxn:4:181722:223312	Cc1ccccc1-c1coc(-c2ccc(C3CNC3)cc2)c1	0.034612
rxn:4:181566:228003	CCc1ccc(C)c(-c2c(C)cc(SC)cc2C)c1	0.034611
rxn:4:218416:228133	Cn1nnc2c(-c3ccc(F)c(CC#N)c3)cc(F)cc21	0.034600
rxn:4:176840:228496	CCOc1ccc(-c2cnn(CC(F)(F)F)c2)c(C(F)F)c1	0.034600
rxn:4:185659:228667	CCOC(=O)Cc1ncc(-c2cc3ncccc3s2)s1	0.034599
rxn:4:208592:228289	Cn1nc2ccc(-c3ccc(C4CC4(F)F)nn3)cc2n1	0.034597
rxn:4:220608:228809	CSc1ccc(Cl)c(-c2cnc(-n3cccn3)cn2)c1	0.034595
rxn:4:220650:228809	CSc1ccc(Cl)c(-c2ccc(-n3cnnc3)nc2)c1	0.034595
rxn:4:182193:229003	COc1cccc(-c2cccc3c(OC)cccc23)c1	0.034595
rxn:4:211673:228127	COc1cccc(C#N)c1-c1cn2ccc(F)c(F)c2n1	0.034590
rxn:4:205206:228541	COC(=O)c1cc(-c2ccc3c(c2)COC3)cn1N	0.034588
rxn:4:209898:228625	CCc1ccc(-c2cccc3nc(C#N)sc23)c(F)c1	0.034587
rxn:4:188410:227814	CCOC(=O)c1ncc(Cl)cc1-c1ccc(CC2CC2)cc1	0.034583
rxn:4:209756:227999	Cc1nc(C2CCCC2)ncc1-c1ccc(C(C)C)cc1F	0.034579
rxn:4:210490:228238	COc1cc(-c2cnc(C(C)C)c(Cl)c2)c2cc(C)[nH]c2n1	0.034571
rxn:4:196240:228792	CSc1ccc(-c2cc(Cl)c(C3CCC3)cn2)cc1F	0.034570
rxn:4:179021:228041	COCc1c(Cl)ccc(-c2ccnc3cnccc23)c1F	0.034561
rxn:4:205207:228013	COC(=O)c1c(-c2ccc(F)c(C3CC3)c2)ccn1N	0.034561
rxn:4:208546:228180	COCc1cc(-c2cnccc2-c2nccs2)ccc1F	0.034548
rxn:4:221069:228408	COc1cc(F)c(-c2cnc3nc(C)cnc3n2)cc1F	0.034534
rxn:4:218392:228399	COc1c(F)cc(-c2c(C)nc3c(Cl)nccn23)cc1F	0.034534
rxn:4:189620:228859	CCN(C)Cc1cc(-c2cccc3nsnc23)ccc1C	0.034531
rxn:4:216500:228299	CCOC(=O)c1csc(-c2nncn2-c2ccoc2)c1	0.034531
rxn:4:208284:228451	Cc1c(-c2ccc3nnnn3c2C)ccnc1C#N	0.034525
rxn:4:198412:228870	COC(=O)c1csc(-c2nc3c(Cl)cccc3s2)c1	0.034517
rxn:4:180977:223413	Fc1ccc(-c2cncc3[nH]ccc23)c(C(F)F)c1F	0.034517
rxn:4:217267:228687	CCSc1ccc(-c2cc(C#N)n3ncccc23)cn1	0.034505
rxn:4:176767:228663	COCCc1cc(-c2nc3ccccc3s2)ccc1Cl	0.034504
rxn:4:211498:228281	COc1cc(Cl)c(C)c(-c2ccn3cc(Cl)nc3c2)c1	0.034504
rxn:4:211639:228249	COc1c(C)cc(-c2cc(Cl)c3nccn3c2)cc1Cl	0.034504
rxn:4:182715:223419	O=C1OCc2cc(F)c(-c3cc4ccncc4[nH]3)cc21	0.034501
rxn:4:196298:229280	Fc1ncc(-c2ccc(-c3ccccn3)cc2)cn1	0.034500
rxn:4:179601:228831	Cc1c(F)ccc(-c2cc(OC(C)C)c(F)cc2F)c1Cl	0.034500
rxn:4:180086:228793	COc1cc(Cl)cc(-c2ccccc2C(=O)C(C)(C)C)c1	0.034491
rxn:4:188351:228355	c1cnn(-c2csc(-c3csc(OCC4CCO4)n3)c2)c1	0.034491
rxn:4:179566:228045	CCOc1ccc(C)c(F)c1-c1cnc2ccn(C)c2c1	0.034482
rxn:4:220724:228838	Cc1ccc(-n2cc(-c3c(C)cc(F)cc3Cl)cn2)nn1	0.034480
rxn:4:182712:228861	O=C1COc2cc(-c3cnc4scnc4c3)c(F)cc21	0.034478
rxn:4:198696:223438	Fc1cc(-c2cn[nH]c2C(F)(F)F)c2cnccc2c1	0.034476
rxn:4:205862:228051	Cn1cnc2c(-c3nccc(OC(C)(C)C)n3)cccc21	0.034474
rxn:4:183176:228636	Cc1cc(F)cc(C)c1-c1ccc2c(c1C)CCCC2=O	0.034473
rxn:4:208604:227900	CC(C#N)c1ccccc1-c1cnc(-c2ccccn2)o1	0.034454
rxn:4:182213:228841	CCC1OC(=O)c2cc(-c3cc(F)c(Cl)cc3C)ccc21	0.034453
rxn:4:217153:228668	Cn1cc(-c2cc3cccnc3s2)nc1N1CCCCC1	0.034447
rxn:4:197073:228787	COc1cc(F)cc(-c2c(C#N)sc3ccccc23)c1	0.034446
rxn:4:216681:228273	COc1cc(Cl)cc(C)c1-c1cnc(-n2ccnc2C)s1	0.034442
rxn:4:179034:228054	Cc1cc(-c2cnc3ncccc3c2)ccc1OC(F)F	0.034439
rxn:4:210522:227974	COc1cc(C)c(-c2cnc3[nH]c(C4CC4)cc3c2)c(C)c1	0.034423
rxn:4:209904:227904	CCN(C)c1ccc(-c2cncc3sc(C#N)cc23)cc1	0.034423
rxn:4:182641:228139	COc1cc(C#N)cc(-c2coc3cc(Cl)ccc23)c1	0.034422
rxn:4:177151:228153	CCC(=O)c1ccc(OC)c(-c2cc(OC)cc(OC)c2)c1	0.034416
rxn:4:208859:228141	CCCc1cc(F)c(-c2ccc(-n3cccc3)nc2)cn1	0.034412
rxn:4:178718:228536	O=C(CF)c1ccc(-c2cccc3ccoc23)cc1	0.034412
rxn:4:220894:228827	Cc1cc(F)c(F)cc1-c1ncnc2c1cnn2C(C)C	0.034403
rxn:4:211537:228062	Clc1cn2cccc(-c3cncc4c3CCCO4)c2n1	0.034400
rxn:4:175126:228160	CCOCc1ccc(OC)c(-c2c(F)cccc2OCC)c1	0.034399
rxn:4:205644:228420	CSc1c(F)cc(-c2nccc(C3CCC3)c2C#N)cc1F	0.034393
rxn:4:181219:228670	CC(=O)c1cccc(F)c1-c1ccc2oncc2c1	0.034385
rxn:4:180376:228713	CC(C)c1cc(-c2ccn(C(C)(C)C)n2)cc(C(C)C)c1	0.034381
rxn:4:191574:228023	COc1c(C#N)cc(F)cc1-c1ccc2nccnc2c1	0.034366
rxn:4:210308:228752	COc1ccc2nccc(-c3cc(F)ccc3C#N)c2n1	0.034366
rxn:4:195765:227843	CC(=O)c1cc(-c2cncc3ccccc23)n(C)c1	0.034362
rxn:4:199268:228485	O=C1CCc2cc(-c3ccncc3C(F)(F)F)cnc2CC1	0.034360
rxn:4:192085:228248	CC(=O)c1ccc(-c2ccc(Cl)cc2C2(C#N)CC2)c(F)c1	0.034355
rxn:4:209073:228612	COc1cccc(-c2cnc(-c3ccccc3)nc2)c1C	0.034343
rxn:4:208175:228048	Cn1ccc2cc(-c3ccnc(C(F)(F)F)n3)cnc21	0.034341
rxn:4:218472:227812	Cc1cc2nnn(C)c2cc1-c1cccc(CC(C)C)c1	0.034335
rxn:4:195657:228857	Cc1cnc(-c2cnc3nccn3c2)c(C(F)(F)F)c1	0.034328
rxn:4:218251:228478	Cc1nnc2cc(-c3cncc(C(F)(F)F)c3)ccn12	0.034328
rxn:4:209906:228161	CCOc1ccc(-c2cccc3sc(C#N)nc23)c(F)c1	0.034326
rxn:4:179987:227929	CCOc1cc(C)ccc1-c1ccc(F)c(OC(C)(C)C)c1	0.034312
rxn:4:220667:228245	CC(=O)c1ccc(-c2ccc(F)cc2-c2nn[nH]n2)cc1F	0.034305
rxn:4:212156:228395	COc1cc(F)c(F)cc1-c1cc(F)cc2c1cnn2C	0.034304
rxn:4:195970:228775	COc1ccc(-c2ccc(-c3cnco3)c(F)c2)cc1F	0.034299
rxn:4:209709:228654	c1cnc(-c2ccn3nccc3c2)c(N2CCCCC2)c1	0.034296
rxn:4:205500:228045	Cn1ccc2ncc(-c3cncc(C(C)(C)C#N)c3)cc21	0.034293
rxn:4:217657:228622	CCc1cc(F)ccc1-c1ccc2nnc(C(C)C)n2c1	0.034289
rxn:4:209901:228984	Cc1ccc(C)c(-c2c(C#N)sc3ncccc23)c1	0.034245
rxn:4:182784:228714	Cc1cc2cc(-c3cnc(C#N)cc3C)ccc2s1	0.034245
rxn:4:188802:223366	N#CCC1(c2ccc(-c3cc(Cl)c4cn[nH]c4c3)cc2)CC1	0.034238
rxn:4:197189:228428	CCc1nc2cc(-c3cc(OC)cc(F)c3F)ccc2o1	0.034236
rxn:4:191353:228065	Cc1noc2ccc(-c3ccc(C(=O)CF)nc3)cc12	0.034236
rxn:4:177018:228247	CC(=O)c1ccc(F)c(-c2ccc(F)c(OCC3CC3)c2)c1	0.034232
rxn:4:180933:228018	FCc1cc(F)c(F)c(-c2cc(F)cc(C3CC3)c2)c1	0.034231
rxn:4:217283:228108	CCc1ncc(C#N)cc1-c1cc(C#N)c2nccn2c1	0.034228
rxn:4:197324:228611	COc1ccc(C)c(-c2ccc3cccc(OC)c3n2)c1	0.034226
rxn:4:181705:228506	CCCc1ccccc1-c1cccc(C2CC(F)C2)c1	0.034220
rxn:4:179335:229160	CCCc1ccc(-c2cnc(SC)nc2)c(F)c1	0.034217
rxn:4:195416:228451	CC(=O)c1cncc(-c2ccc3nnnn3c2C)c1	0.034197
rxn:4:208264:228285	CC(=O)c1cncc(-c2ccc3nnc(C)n3c2)n1	0.034197
rxn:4:197377:228715	COc1ccnc2c(-c3ccc(C#N)nc3C)cccc12	0.034191
rxn:4:177029:228175	CCOc1cccc(-c2ccc(F)c(OCC)c2OC)c1Cl	0.034179
rxn:4:209749:228671	CN1CCCC1c1cncc(-c2cccc3oncc23)c1	0.034176
rxn:4:210364:228357	COc1nc(C)c(-c2ccc3[nH]nc(C(C)=O)c3c2)c(C)n1	0.034163
rxn:4:183068:228939	CC1Cc2c(-c3c(F)cc(F)cc3F)ccc(F)c2C1=O	0.034154
rxn:4:177298:228173	CCOc1cc(F)ccc1-c1ccc(COC(C)C)cc1F	0.034139
rxn:4:198591:229036	Cc1cc(-c2ccc(F)cc2C)c2cnsc2c1	0.034134
rxn:4:182007:227963	CC(C)(C)c1cc(-c2cccc(C3CCCCO3)c2)ccn1	0.034132
rxn:4:220871:228509	Cc1nn2cc(C#N)cnc2c1-c1ccc(C(C)C)cc1	0.034132
rxn:4:218414:228868	COC(=O)c1ccc(-c2cnc3c(c2)nc(Cl)n3C)s1	0.034125
rxn:4:179943:228048	CCOc1cc(C)c(C)cc1-c1cnc2c(ccn2C)c1	0.034125
rxn:4:192080:228188	CCOc1c(Cl)cccc1-c1cc(CC)nc(C(F)(F)F)c1	0.034124
rxn:4:212143:229041	Cc1cccc(F)c1-c1c(F)ccc2cnn(C)c12	0.034124
rxn:4:212362:223345	Cc1n[nH]c2c(C)cc(-c3cccc4c3NC(=O)C4)cc12	0.034114
rxn:4:183040:223336	O=C1CCc2ccc(-c3ccc4[nH]ccc4c3F)cc2C1	0.034113
rxn:4:203138:227842	COC(=O)c1n[nH]c(C(C)C)c1-c1cccc2ncccc12	0.034111
rxn:4:208536:227867	c1cncc(-c2cnc(-c3cccc4c3OCCC4)o2)c1	0.034111
rxn:4:179586:228810	CCOc1c(F)cc(C)cc1-c1cccc(Cl)c1SC	0.034109
rxn:4:178998:228266	CCOc1ccc(-c2ccc(C)c(Cl)c2SC)c(F)c1	0.034109
rxn:4:205065:228282	CC(F)(F)c1ccccc1-c1cnc(C#N)cc1C(F)(F)F	0.034104
rxn:4:181577:228405	COc1cc(F)c(-c2ccc(C(C)C)cc2Cl)cc1Cl	0.034099
rxn:4:176753:228670	CCCOc1ccc(Cl)cc1-c1ccc2oncc2c1	0.034088
rxn:4:196309:228689	CCOc1ccncc1-c1cccc(-c2ccccn2)c1	0.034080
rxn:4:199035:228123	CCOc1cncc(C)c1-c1cccc2c(C)nccc12	0.034079
rxn:4:199052:229140	Cc1nc2c(C)cc(-c3cccc(F)c3F)cc2o1	0.034074
rxn:4:206567:228166	CCOc1cc(Cl)cc(-c2cn(C3CCCC3)c(CC)n2)c1	0.034072
rxn:4:209319:228440	COc1cc(Cl)c(F)c(-c2ccccc2-c2cc(C)n[nH]2)c1	0.034068
rxn:4:179025:228029	CCOc1c(F)ccc(Cl)c1-c1ccc2cn(C)nc2c1	0.034068
rxn:4:205656:228695	CN(C)Cc1cc(-c2ccccc2Cn2ccnc2)cs1	0.034068
rxn:4:209313:228549	CCCc1ccc(-c2cnn(-c3ccccc3C)c2)cn1	0.034067
rxn:4:191549:227856	FCC(F)(F)c1ccc(-c2ccc3ccncc3c2)nc1	0.034066
rxn:4:182139:228598	COc1ccc(C)cc1-c1ccc2sccc2c1OC	0.034059
rxn:4:218113:228365	Clc1cc2ncnn2cc1-c1cnc(C2CC2)nc1Cl	0.034058
rxn:4:185936:223324	CCOC(=O)Cc1nc(C)sc1-c1cc(C)c2cn[nH]c2c1	0.034054
rxn:4:199130:228705	Cc1cc(F)c2ncc(-c3cccnc3N(C)C)cc2c1	0.034045
rxn:4:218405:227956	Cc1cc(-c2ccc3nnn(C)c3c2Cl)cc(C(C)C)n1	0.034045
rxn:4:185703:228338	N#CCCC(=O)c1cccc(-c2cnc(OC3CCC3)s2)c1	0.034038
rxn:4:191485:228355	CSc1cc(C#N)cc(-c2cc(-n3cccn3)cs2)c1	0.034026
rxn:4:211695:228378	Cc1nc2nc(-c3ccc(C#N)c(F)c3F)ccc2o1	0.034025
rxn:4:198706:228179	COCc1cc(F)cc(-c2ccc3cc(F)cnc3c2)c1	0.034020
rxn:4:216061:228866	COCc1noc(C)c1-c1cc(COC)c2ncnn2c1	0.034019
rxn:4:194990:228031	Cn1cc2cc(-c3cc(C#N)cc(F)c3Cl)ccc2n1	0.034008
rxn:4:194965:228033	Cn1cnc2ccc(-c3cc(Cl)c(C#N)cc3F)cc21	0.034008
rxn:4:198960:229119	Cc1cncc(-c2ccc(C)c3ncccc23)c1Cl	0.034008
rxn:4:210307:228283	CC(=O)c1nc2cc(-c3ccc(F)cc3C(C)=O)ccc2[nH]1	0.034008
rxn:4:198564:227945	Cc1nc2cc(-c3ccc(N(C)C)c(C)c3)ccc2s1	0.034004
rxn:4:211815:227902	CCc1cc(-c2ccc(F)c3nccnc23)ccc1C#N	0.034004
rxn:4:218344:228343	COC(=O)c1sc(-c2nccc3ncn(C)c23)cc1C	0.034002
rxn:4:199202:228363	Cc1cc2c(-c3cnc(N(C)C)cc3F)cccc2n1C	0.033994
rxn:4:221008:228467	COC(=O)c1cc(-c2cn3cnnc3c(Cl)n2)c(F)s1	0.033987
rxn:4:195840:228107	CCC(C)c1ncncc1-c1ocnc1-c1ccccc1	0.033983
rxn:4:218101:228243	CC(=O)c1cccc(-c2nnc3ccc(Cl)cn23)c1F	0.033972
rxn:4:212418:223364	CN1CC(C)(C)c2cc(-c3cnc4[nH]cc(F)c4c3)cnc21	0.033970
rxn:4:211990:228478	Cn1c(-c2cncc(C(F)(F)F)c2)cc2cnccc21	0.033968
rxn:4:192202:223352	CC(C)Nc1ccc(-c2nc(Cc3ccccc3)cs2)cn1	0.033966
rxn:4:211925:228837	Cc1ccc(-c2cccc3ncn(C)c23)c(F)c1Cl	0.033964
rxn:4:208859:227938	CCOc1c(C)cccc1-c1ccc(-n2cccc2)nc1	0.033961
rxn:4:216690:227833	CCc1cc(C)cc(C)c1-c1cn(-c2cncs2)nc1C	0.033960
rxn:4:188411:223320	CCOC(=O)c1ncc(-c2cc(C)cc3[nH]ncc23)cc1Cl	0.033960
rxn:4:188329:228850	CCOC(=O)c1cc(-c2ccc3nncn3c2)ccn1	0.033956
rxn:4:195713:228081	NS(=O)(=O)c1cc(-c2csc3ccc(F)cc23)c(F)cc1Cl	0.033948
rxn:4:218250:228360	Cc1cn2cc(-c3cnc(C(C)C)nc3Cl)ncc2n1	0.033944
rxn:4:220872:229121	Cc1nn2cc(-c3cncc(F)c3C)cnc2c1C#N	0.033936
rxn:4:210340:228569	CN(C)c1ccccc1-c1ccc2c(C#N)cn(C)c2c1	0.033928
rxn:4:181360:223321	Cc1ccc(C(F)F)c(F)c1-c1ccc(C)c2[nH]ncc12	0.033924
rxn:4:212035:228379	Cc1cc(-c2cc(F)c(F)cc2C#N)c2nccn2c1	0.033923
rxn:4:220831:223342	N#Cc1cc(-c2ccc3c(c2)OCCN3)c2[nH]nnc2c1	0.033922
rxn:4:212231:227925	Cc1ccc(-c2cccc(OC(C)C)c2)c2ncncc12	0.033917
rxn:4:218250:227861	Cc1cn2cc(-c3cnc4c(c3)CCCC4)ncc2n1	0.033917
rxn:4:198544:228499	Cn1nc(C(F)(F)F)cc1-c1cc(F)c2[nH]ccc2c1	0.033915
rxn:4:197388:228636	CCn1c(=O)oc2ccc(-c3c(C)cc(F)cc3C)cc21	0.033906
rxn:4:182776:228992	Cc1ccc2sc(-c3cccc(C#N)c3)cc2c1	0.033905
rxn:4:179018:228036	CCOc1c(-c2cn3ccnc3cc2C)ccc(F)c1Cl	0.033901
rxn:4:198370:227819	CCc1cc(CC)cc(-c2ccnc3sccc23)c1	0.033892
rxn:4:197316:228676	CCCCn1cc(-c2ccnc3cccc(OC)c23)cn1	0.033886
rxn:4:208627:227972	c1csc(-c2ccc(-c3cncc(C4CCC4)c3)cn2)n1	0.033885
rxn:4:218244:227971	Cc1ccn2ncc(-c3cnccc3C(C)(C)C)c2n1	0.033885
rxn:4:198467:228009	Fc1cc(-c2cc(F)c3oncc3c2)ccc1C1CC1	0.033884
rxn:4:221074:228754	CSc1ncc(-c2cn3c(C)nnc3c(C)n2)cc1C	0.033882
rxn:4:220654:228971	FC(F)(F)c1cc(-c2cc(Cl)ccc2-n2cnnn2)cs1	0.033872
rxn:4:197704:227822	Cc1cccc(C(C)C)c1-c1ccc2c(c1)CN(C1CC1)C2	0.033861
rxn:4:182160:229068	COc1ccncc1-c1c(C(C)=O)sc2ccccc12	0.033850
rxn:4:218439:228439	COc1c(-c2c(C)[nH]c3c(Cl)ncnc23)ccc(F)c1Cl	0.033847
rxn:4:211702:228062	c1cnc2cc(-c3cncc4c3CCCO4)cnc2c1	0.033840
rxn:4:198570:227906	CCC(C)c1ncccc1-c1ccc2ccccc2n1	0.033828
rxn:4:221033:228580	Clc1ncnc2ncc(-c3cccnc3C3CC3)nc12	0.033826
rxn:4:218114:228021	CC(=O)c1cc(C)cc(-c2cc(Cl)c3ncnn3c2)c1	0.033822
rxn:4:181433:227854	COc1cc(F)c(-c2ccc3c(ccn3C)c2)cc1C	0.033809
rxn:4:198408:228786	COc1cccc(-c2nc3cc(Cl)ccc3s2)c1Cl	0.033806
rxn:4:198578:227919	CCOc1cc(C)cc(-c2nc3cccc(C)c3s2)c1	0.033805
rxn:4:198982:227891	Cc1ccnc2cc(-c3ccccc3CN(C)C)ccc12	0.033802
rxn:4:220435:228497	N#CCc1cc(-c2ccnn2CC(F)(F)F)cn2ncnc12	0.033799
rxn:4:216683:227808	Cc1nccn1-c1cnc(-c2ccc3c(c2)CCCC3)s1	0.033795
rxn:4:198871:227887	COCCc1ccc(-c2cc3c(cc2F)oc(=O)n3C)cc1	0.033792
rxn:4:213511:228321	COC(=O)c1cncc(-c2cncc(OCCN(C)C)n2)c1	0.033792
rxn:4:182129:228829	COc1cc(-c2cc(F)c(C)c(F)c2)c2occc2c1	0.033788
rxn:4:195844:228039	FC1(F)CC(c2csc(-c3cnc4ccccc4n3)n2)C1	0.033787
rxn:4:216721:228109	CCc1cc(-c2ccc(-n3ncnc3Cl)cc2)cc(C#N)n1	0.033781
rxn:4:209080:229032	Cc1ccc(-c2ccc(-c3cncnc3)cc2)c(Cl)c1	0.033772
rxn:4:203497:228284	CCOC(C)n1nc(C)c(-c2cnc3nn(C)cc3c2)c1C	0.033765
rxn:4:220746:227902	CCc1cc(-c2cncc(-n3cnc(C)c3)n2)ccc1C#N	0.033764
rxn:4:178654:227900	CC(C#N)c1ccccc1-c1cc(Cl)ccc1OC(F)(F)F	0.033757
rxn:4:183056:227820	CC(C)(C)c1ccc(-c2ccc3c(c2)SCCOC3)cc1	0.033747
rxn:4:198999:229087	CC(=O)c1ccsc1-c1cccc2ccc(C)nc12	0.033733
rxn:4:216838:228231	CN(C)c1ccc(-c2cncc(-c3cncnc3)c2)c(F)c1	0.033732
rxn:4:197348:228918	COc1ccc2nc(C)sc2c1-c1cnccc1C(F)F	0.033731
rxn:4:199357:228797	COc1ccc(-c2ccc3c4c([nH]c3c2)CCC4)cc1Cl	0.033730
rxn:4:177819:228220	Cc1cccc(OCC(C)C)c1-c1cc(C(C)C)ncc1F	0.033724
rxn:4:218192:228443	CSc1c(F)ccc(-c2ccc3nncnc3c2)c1F	0.033719
rxn:4:212104:229004	CSc1ccccc1-c1cc(Cl)c2cnn(C)c2c1	0.033719
rxn:4:178689:228802	Fc1ccc(OC(F)F)c(F)c1-c1ccccc1C(F)F	0.033714
rxn:4:220821:228527	N#Cc1cnn2cc(-c3cccc4c3OCC4)cnc12	0.033705
rxn:4:191332:228212	N#CCc1ccc(-c2ccc(-n3cccc3)s2)c(Cl)c1	0.033702
rxn:4:177133:223370	CCOc1cc(-c2ccc(F)c3[nH]ncc23)ccc1C(C)=O	0.033701
rxn:4:220666:227880	N#CCCc1ccc(-c2ccc(-n3cnnn3)c(F)c2)cc1	0.033701
rxn:4:209000:228656	Clc1nc(C2CCC2)ncc1-c1cccn2ccnc12	0.033691
rxn:4:210638:227922	CCc1cc(OC)ccc1-c1c(C(C)C)ccc2[nH]ncc12	0.033681
rxn:4:211666:228270	COc1cc(Cl)c(C)cc1-c1cnn2cc(F)cc(F)c12	0.033680
rxn:4:212160:227972	Cc1cn2cc(-c3cncc(C4CCC4)c3)cc(F)c2n1	0.033679
rxn:4:198847:228249	COc1c(C)cc(-c2ccc3sc(=O)n(C)c3c2)cc1Cl	0.033678
rxn:4:212129:228182	Cn1c(F)nc2cc(-c3cccc(CC(F)F)c3)ccc21	0.033669
rxn:4:197213:228272	COc1c(C)ccc(-c2cc(Cl)c(OC)c3cc[nH]c23)c1F	0.033663
rxn:4:195920:228998	CCc1ncccc1-c1ncsc1-c1ccc(Cl)cc1	0.033661
rxn:4:218511:228331	CCOc1nccc(-c2cc3nnn(C)c3c(F)c2C)c1Cl	0.033660
rxn:4:210313:228842	CC(=O)c1n[nH]c2cc(-c3ccc(Cl)c(F)c3C)ccc12	0.033653
rxn:4:216999:228116	CC(C)Oc1ncccc1-c1ccc(-c2ncn(C)n2)cc1	0.033652
rxn:4:220728:227934	CCOc1ccc(C)c(-c2nccc(-n3ccc(C)n3)n2)c1	0.033647
rxn:4:191360:229160	CSc1ncc(-c2cc(CC#N)c(Cl)cc2F)cn1	0.033633
rxn:4:205478:227847	CC(C)(C#N)c1cc(-c2cnc3ccccc3c2)ccn1	0.033619
rxn:4:198948:228324	COc1cc(-c2ccc3nc(C)oc(=O)c3c2)c(OC)cn1	0.033616
rxn:4:180250:228311	CCCc1ncc(-c2cccc(C(C)(C)C)c2OC)c(Cl)n1	0.033606
rxn:4:209214:229160	CSc1ncc(-c2csc(N3CCOCC3)n2)cn1	0.033606
rxn:4:220697:228260	CC(F)(F)c1cccc(-c2ccc(-c3cncnc3)nn2)c1	0.033606
rxn:4:181317:228024	Cc1ccc(-c2cccc3cnn(C)c23)c(C(F)F)c1	0.033596
rxn:4:209017:228632	Cc1cc(C)c(-c2ccncc2-c2cccnc2)c(C)n1	0.033595
rxn:4:195668:228352	Cc1cc(-c2ccc(-n3cccn3)s2)c(C(F)(F)F)cn1	0.033594
rxn:4:216961:228969	Cc1ccn(-c2cccnc2-c2cscc2C(F)(F)F)n1	0.033594
rxn:4:217603:228264	COc1cnc2nc(C)c(-c3cc(OC)c(C)cc3Cl)n2c1	0.033592
rxn:4:179066:228809	COc1ccc(C(F)F)c(-c2cc(SC)ccc2Cl)c1	0.033592
rxn:4:209022:228324	COc1cc(-c2ccnc(-c3ccccc3)n2)c(OC)cn1	0.033587
rxn:4:191543:229074	COC(=O)c1c(F)ccnc1-c1cccnc1SC	0.033580
rxn:4:216927:228837	Cc1cnn(-c2ccncc2-c2ccc(C)c(Cl)c2F)c1	0.033550
rxn:4:192717:228444	Fc1ccc(CN2CCC2)c(-c2ccc(Cl)c(C(F)F)c2)c1	0.033545
rxn:4:174855:228201	CCC(=O)CSc1ccccc1-c1cnc(C2CCC2)nc1	0.033521
rxn:4:218506:227821	CCc1c(C)cc(C)cc1-c1cnc2nc(C)c(C)n2c1	0.033510
rxn:4:185701:223317	Cc1n[nH]c2cc(-c3ccc(C(=O)CCC#N)cc3)ccc12	0.033510
rxn:4:209345:228741	Cc1ccc(-n2cncc2-c2cc(C#N)ccc2Cl)cc1	0.033508
rxn:4:209371:228731	Cc1nccn1-c1ccc(-c2cccc(Cl)c2C#N)cc1	0.033508
rxn:4:191366:227851	N#CCc1c(F)ccc(F)c1-c1cccc2ccncc12	0.033496
rxn:4:196306:229091	CC(=O)c1occc1-c1cnc(-c2ccco2)cc1C	0.033493
rxn:4:181139:227846	COc1ccc(-c2cn(C)c3ccccc23)c(Cl)c1F	0.033492
rxn:4:196687:228567	CCC(C)c1sccc1-c1cc(F)ccc1N1CCCC1	0.033491
rxn:4:210308:228521	COc1ccc2nccc(-c3cc(C)c(C)c(C)c3)c2n1	0.033490
rxn:4:212192:228427	COc1ccc(-c2cccc3c(C)cnnc23)c(F)c1Cl	0.033488
rxn:4:216965:228331	CCOc1nccc(-c2ccncc2-n2cc(C)cn2)c1Cl	0.033486
rxn:4:195902:228933	COc1cc(F)c(-c2sc(Cl)nc2-c2ccccc2)cn1	0.033472
rxn:4:209079:228460	COc1ncnc(OC)c1-c1cnccc1-c1cccnc1	0.033472
rxn:4:209011:228455	COc1ncc(-c2cccc(-c3cccnc3)n2)c(OC)n1	0.033472
rxn:4:208269:228306	Cc1c(-c2cnc(SC(C)C)nc2)cnn1C(F)F	0.033471
rxn:4:192040:229074	COC(=O)c1ncc(C)cc1-c1cccnc1SC	0.033470
rxn:4:182787:228796	COc1ccc(F)c(-c2ccc3cc(C)sc3c2)c1	0.033465
rxn:4:181249:228651	CC(=O)c1c(F)cc(-c2cnn3ccccc23)cc1F	0.033461
rxn:4:181487:229133	Fc1cc(F)cc(-c2ccccc2-c2ccco2)c1	0.033460
rxn:4:198744:229127	Cc1c(Cl)cncc1-c1cncc2cc(Cl)ccc12	0.033454
rxn:4:198758:229129	Cc1cc(Cl)c(-c2cncc3ccc(Cl)cc23)cn1	0.033454
rxn:4:220768:227999	Cc1nc(-n2ccnc2)ncc1-c1ccc(C(C)C)cc1F	0.033452
rxn:4:220741:227985	Cc1cnn(-c2cncc(-c3ccc(F)c(C(C)C)c3)n2)c1	0.033452
rxn:4:203058:223363	COC(=O)c1nn(C)c(OC)c1-c1cnc2[nH]nc(C)c2c1	0.033450
rxn:4:179432:223367	COC(=O)c1c(C)cc(F)cc1-c1cnc2[nH]ccc2c1F	0.033446
rxn:4:210431:227874	Cc1cc(-c2cnc(C34CC(C3)C4)nc2)cc2ccoc12	0.033431
rxn:4:216945:228173	CCOc1cc(F)ccc1-c1ccnc(-n2ccnc2C)c1	0.033430
rxn:4:208552:227834	Cc1cc(-c2ncc(-c3ccccn3)o2)ccc1C1CC1	0.033428
rxn:4:179249:227964	CSc1ccc(F)c(SC)c1-c1cncc(C2(C)CC2)c1	0.033426
rxn:4:197367:228742	COc1cnc2ccc(-c3cc(Cl)cc(C#N)c3)cc2c1	0.033423
rxn:4:189235:228266	CSc1c(-c2ccc(CCN(C)C)cc2)ccc(C)c1Cl	0.033419
rxn:4:212328:228587	Cc1cc(C#N)cc(-c2c(C)nc3cccc(C)n23)c1	0.033411
rxn:4:191806:228088	CCCSc1ccc(-c2cc(C)nc(OC(F)(F)F)c2)cn1	0.033401
rxn:4:199211:228578	Cc1cn(C)c2cccc(-c3ccc(C4CC4)nc3)c12	0.033395
rxn:4:198347:227994	CC(C)c1ccc(Cl)c(-c2cccc3ncoc23)c1	0.033386
rxn:4:176383:228835	Cc1cc(Cl)c(F)c(-c2ccc(OCC(F)F)cc2F)c1	0.033365
rxn:4:208888:228592	CC(C)c1cncc(-c2ccn(-c3cccc(Cl)c3)n2)c1	0.033364
rxn:4:209440:228240	c1csc(-c2ccc(-c3ccnn3C3CCOCC3)s2)c1	0.033361
rxn:4:212367:228427	COc1ccc(-c2cc(C)c3ncc(C)n3c2)c(F)c1Cl	0.033353
rxn:4:216810:227935	CCc1cc(-c2ncnc(-c3ccccc3)n2)ccc1OC	0.033351
rxn:4:209072:228113	CCc1nc(OC)ccc1-c1ccc(-c2ccccn2)nc1	0.033351
rxn:4:181388:228456	COc1nc(SC)ncc1-c1cccc(C)c1OC	0.033347
rxn:4:209073:228086	N#CCOc1cccc(-c2cnc(-c3ccccc3)nc2)c1	0.033344
rxn:4:180927:227812	CC(C)Cc1cccc(-c2ccc(Cl)c(F)c2CF)c1	0.033343
rxn:4:198413:228233	CC(=O)c1cc(C)c(-c2ccc3c(Cl)noc3c2)cn1	0.033341
rxn:4:198874:227973	COc1c(C)cc(-c2ccc3ccn(C)c3c2)cc1C	0.033324
rxn:4:210306:228187	COCc1ccc(-c2cccc3[nH]c(C(C)=O)nc23)c(Cl)c1	0.033320
rxn:4:216834:228647	Cc1cc(C)c(-c2cccnc2-c2cncnc2)cc1Cl	0.033317
rxn:4:198594:228513	c1ccc(C2CC2)c(-c2cccc3cnccc23)c1	0.033308
rxn:4:179208:227821	CCC(=O)c1ccc(-c2cc(C)cc(C)c2CC)c(F)c1	0.033304
rxn:4:198702:228202	CN(C)c1cc(-c2ccnc3c(F)cccc23)ccc1F	0.033296
rxn:4:216833:228427	COc1ccc(-c2cnc(-c3cccnc3)nc2)c(F)c1Cl	0.033296
rxn:4:198764:228749	N#Cc1ccc(F)c(-c2cnc3ccc(F)cc3c2)c1	0.033291
rxn:4:211354:227916	Clc1ncc2cc(-c3ccc(OC4CC4)cc3)sc2n1	0.033280
rxn:4:175123:228779	CCCOc1c(SC)cccc1-c1cc(F)ccc1OC	0.033275
rxn:4:208902:228408	COc1cc(F)c(-c2cnn(-c3ccccc3F)c2)cc1F	0.033272
rxn:4:218291:228302	Cc1cncc2ncc(-c3cc(C#N)nc(C#N)c3)n12	0.033271
rxn:4:209056:228139	COc1cc(C#N)cc(-c2cccc(-c3csc(C)n3)n2)c1	0.033265
rxn:4:209018:228133	N#CCc1cc(-c2nccnc2-c2ccccc2)ccc1F	0.033249
rxn:4:218202:228449	CSc1cc(-c2ncc3cccnc3n2)c(F)cc1Cl	0.033247
rxn:4:210354:227928	CCOc1cc(-c2cnc3c(ccn3C(C)=O)c2)ccc1C	0.033230
rxn:4:196886:227978	Cc1cc(C(C)(C)C)cc(-c2cc(C(C)C)ccc2F)n1	0.033229
rxn:4:211793:227885	CCCOc1cccc(-c2ncc3cc(Cl)ccc3n2)c1	0.033221
rxn:4:209049:228137	CCOc1ncc(-c2cc(-c3ccncc3)ccn2)cc1C	0.033220
rxn:4:216762:228437	Fc1ccccc1-c1nnc(-c2ccc(C(F)F)cc2F)[nH]1	0.033213
rxn:4:218302:228432	CSc1c(Cl)ccc(-c2nnc3cccc(C)n23)c1F	0.033203
rxn:4:201447:228620	CCCCN(C)c1ccc(-c2ccc(SC)c(C)c2)cn1	0.033200
rxn:4:181000:228858	Fc1ccc(C(F)F)c(F)c1-c1ccc2nonc2c1	0.033198
rxn:4:188820:223333	CCOC(=O)c1cnc(-c2cc3c(Cl)cccc3[nH]2)c(C)c1	0.033198
rxn:4:197348:228108	CCc1ncc(C#N)cc1-c1c(OC)ccc2nc(C)sc12	0.033194
rxn:4:216814:228183	COCc1cc(-c2cncc(-c3ccccn3)n2)ccc1Cl	0.033194
rxn:4:198685:228769	CCc1ncc(Cl)cc1-c1cc2nc(Cl)oc2cc1C	0.033170
rxn:4:217534:227914	CCn1nnc2cc(-c3ccccc3OC(C)C)c(F)cc21	0.033160
rxn:4:220657:228437	Fc1cc(C(F)F)ccc1-c1cn(-c2cncc(Cl)n2)cn1	0.033157
rxn:4:188124:228058	Cc1nc2ccc(-c3cc(OCC(F)(F)F)ccn3)cc2o1	0.033154
rxn:4:211234:228305	Cc1nc(F)nc(F)c1-c1cnc(OC(C)C)cn1	0.033150
rxn:4:196606:228049	Cc1cn2cc(-c3cncc(C4(C)OCCO4)c3)ccc2n1	0.033142
rxn:4:182157:228025	COc1cc(-c2cccc3c2cnn3C)cc2c1OCC2=O	0.033138
rxn:4:209374:228115	Cc1ccn(-c2ccc(-c3ccc(OC(C)C)nc3)cc2)n1	0.033129
rxn:4:181367:228024	Cn1ncc2cccc(-c3cc(F)c(S(C)(=O)=O)cc3F)c21	0.033127
rxn:4:198503:228819	Cc1cc(Cl)cc(-c2cccc3cccn23)c1F	0.033127
rxn:4:192516:227806	c1ccc2c(-c3ccc(OC4CCOC4)cn3)cccc2c1	0.033121
rxn:4:177161:227974	COc1cc(C)c(-c2ccc(C(=O)CC3CC3)cc2)c(C)c1	0.033106
rxn:4:210345:229152	CC(=O)c1nc2ccccn2c1-c1c(C#N)cnn1C	0.033102
rxn:4:199016:228141	CCCc1cc(F)c(-c2cc3cccnc3cc2C)cn1	0.033087
rxn:4:220701:228478	FC(F)(F)c1cncc(-c2ccc(-c3nncnn3)cc2)c1	0.033084
rxn:4:216637:228346	COC(=O)c1cc(-c2csc(-c3cnn(C)c3)n2)c(C)s1	0.033076
rxn:4:215507:227980	Fc1cc(C2CC2)ccc1-c1cccc(Cn2cncn2)c1	0.033063
rxn:4:216618:228300	CCOC(=O)c1ccsc1-c1cnn(-c2cccnc2)c1	0.033062
rxn:4:197533:228249	COc1c(C)cc(-c2cc(OC)c3cc(C)[nH]c3c2)cc1Cl	0.033062
rxn:4:179089:223375	Cc1cc(OC(F)F)c(F)c(-c2cc(F)cc3[nH]ncc23)c1	0.033059
rxn:4:182977:227847	c1ccc2ncc(-c3ccc4c(c3)COCC4)cc2c1	0.033042
rxn:4:213482:228664	COC(=O)c1cc(-c2ccc3scnc3c2)nn1CC#N	0.033037
rxn:4:212368:227965	Cc1cc(-c2c(C)ccnc2C(C)C)c2nc(C)cn2c1	0.033032
rxn:4:211893:228019	CC(=O)c1ccc(C)c(-c2cccc3cn(C)nc23)c1	0.033030
rxn:4:181683:223305	Cc1c[nH]c2cc(-c3cc(C4CCCC4)co3)ccc12	0.033026
rxn:4:198599:227858	CN1Cc2cccc(-c3ccc4cnccc4c3)c2C1	0.033022
rxn:4:199126:228349	Cc1cc(-c2cnn(C3CCOC3)c2)nc2c(F)cccc12	0.033022
rxn:4:216989:227860	Cc1ncc(-c2ccc3c(c2)CCN3C)n1-c1ccccn1	0.033017
rxn:4:191938:228052	CS(=O)(=O)c1ccc(-c2ccc3nnccc3c2)cc1C#N	0.033007
rxn:4:217537:228170	CCOc1ccc(F)cc1-c1c[nH]c2nc(CC)nc(Cl)c12	0.033001
rxn:4:197553:228052	CC(=O)C1CCc2cc(-c3ccc4nnccc4c3)cnc21	0.032999
rxn:4:183174:223314	Cc1c(-c2ccc3c(c2)C(=O)C(C)CC3)ccc2[nH]ncc12	0.032992
rxn:4:209999:228724	N#Cc1ccc(-c2cccc3cn(C(F)F)nc23)c(Cl)c1	0.032985
rxn:4:209629:228290	Cn1nnc2ccc(-c3cnc(C4CCCOC4)nc3)cc21	0.032983
rxn:4:202927:228364	CCOC(=O)c1nccc(-c2cnn(-c3cccs3)c2)n1	0.032979
rxn:4:217605:227883	CCOCc1ccc(-c2cc(OC)c3nnn(C)c3c2)cc1	0.032977
rxn:4:209336:229033	Cc1ccc(-c2cn(-c3ccccc3C)cn2)cc1Cl	0.032971
rxn:4:195966:228148	COc1cccc(-c2cccc(F)c2-c2cnco2)c1OC	0.032962
rxn:4:175110:228083	CCOc1ccc(-c2cnn(CCC(C)C)c2)c(OCC)c1	0.032961
rxn:4:209738:228287	Cc1nnc2cc(-c3ncc(C4CCCCC4)cn3)ccn12	0.032948
rxn:4:209988:228281	COc1cc(Cl)c(C)c(-c2cccc3[nH]c(C(F)F)nc23)c1	0.032948
rxn:4:198446:228151	COC(=O)c1cccc(-c2ccc3cnsc3c2Cl)c1	0.032927
rxn:4:198963:228400	COc1c(-c2cccc3c(C)cncc23)ccc(F)c1F	0.032926
rxn:4:199044:228397	COc1cc(-c2cccc3cc(C)cnc23)cc(F)c1F	0.032926
rxn:4:197471:228248	CCc1cccc2c(-c3ccc(C(C)=O)cc3F)c[nH]c12	0.032906
rxn:4:208469:223419	Cc1nc(Cl)c(-c2cc3ccncc3[nH]2)c(C(F)(F)F)n1	0.032902
rxn:4:209002:228293	Cc1nnc(-c2ccccc2-c2cnn(CCN(C)C)c2)o1	0.032899
rxn:4:216972:228082	Cc1cc(-n2cnc(-c3ccnn3CCC(C)C)c2)ccn1	0.032896
rxn:4:197311:228255	COc1c(-c2ccc3c(C(C)=O)c[nH]c3c2)ccc(C)c1F	0.032886
rxn:4:209013:228255	COc1c(-c2ccc(-c3ccccc3)nn2)ccc(C)c1F	0.032882
rxn:4:205053:228850	N#Cc1ccc(-c2ccc3nncn3c2)nc1C(F)(F)F	0.032878
rxn:4:205130:229125	COC(=O)c1nc(Cl)ncc1-c1cncc(C)c1F	0.032878
rxn:4:211759:228832	Cc1cc(F)c(F)c(-c2ccc3c(Cl)cnnc3c2)c1	0.032876
rxn:4:179273:228514	CC(=O)c1ccc(-c2cccc(C3CC3)c2)cc1C(F)F	0.032873
rxn:4:205160:228264	CCSc1ncc(-c2cc(OC)c(C)cc2Cl)cn1	0.032861
rxn:4:217657:227934	CCOc1ccc(C)c(-c2ccc3nnc(C(C)C)n3c2)c1	0.032859
rxn:4:219802:228437	Fc1cc(C(F)F)ccc1-c1cnn(CCn2cccn2)c1	0.032852
rxn:4:220694:227890	CCOCc1cccc(-c2cnc(-c3cnccn3)cn2)c1	0.032849
rxn:4:195265:228080	CSc1cccc(-c2cc3c(Cl)cccc3s2)n1	0.032846
rxn:4:198393:228807	CSc1ccc(Cl)cc1-c1ccc2cnsc2c1	0.032846
rxn:4:198973:229140	Cc1ccnc2cccc(-c3cccc(F)c3F)c12	0.032843
rxn:4:201442:228792	CCCc1sc(N(C)CC)nc1-c1ccc(SC)c(F)c1	0.032828
rxn:4:194892:228661	FC(F)(F)c1nc(-c2ccc3ncsc3c2)sc1Cl	0.032826
rxn:4:216926:227997	Cc1ccn(-c2ccncc2-c2cc(C3CC3)ccc2F)n1	0.032824
rxn:4:216799:228188	CCOc1c(Cl)cccc1-c1nccc(-c2cccnc2)n1	0.032823
rxn:4:198884:228820	Cc1ccc(F)c(-c2[nH]c3ccccc3c2C)c1Cl	0.032822
rxn:4:198531:228645	Cc1cc(-c2cc(F)c3cc[nH]c3c2)c(C)cc1Cl	0.032822
rxn:4:210630:227892	CCn1nc(C)c2ccc(-c3ccc(CN(C)C)cc3)cc21	0.032821
rxn:4:207284:228311	CCCc1ncc(-c2ccc3[nH]ncc3c2OCC)c(Cl)n1	0.032813
rxn:4:179201:228507	CCCc1cccc(-c2ccc(SC)c(OC)c2Cl)c1	0.032810
rxn:4:217638:228230	CCn1c(C)nc2cncc(-c3cnc(C4CC4)c(Cl)c3)c21	0.032806
rxn:4:208640:228550	CCCc1cc(-c2nnc(-c3ccc(Cl)cc3)s2)ccn1	0.032805
rxn:4:217529:228022	CCn1ncc2cc(-c3cc(Cl)ccc3C(C)C)cnc21	0.032799
rxn:4:208920:228376	N#Cc1c(F)cc(-c2cnn(-c3cccc(F)c3)c2)cc1F	0.032791
rxn:4:192552:228668	COc1ncc(-c2cc3cccnc3s2)c(C)c1C(C)=O	0.032789
rxn:4:181624:228660	Clc1cc(-c2ccc3nscc3c2)ccc1C1OCCO1	0.032783
rxn:4:210337:227980	COc1cc(-c2ccc(C3CC3)cc2F)cc2nccnc12	0.032782
rxn:4:213511:228025	CN(C)CCOc1cncc(-c2cccc3c2cnn3C)n1	0.032748
rxn:4:199291:228976	CN1CCCc2cc(-c3ccc4c(c3)C=C4)ccc21	0.032739
rxn:4:182136:228408	COc1cc(F)c(-c2ccc(OC)c3sccc23)cc1F	0.032737
rxn:4:201214:228033	COC(=O)CCn1ccc(-c2ccc3ncn(C)c3c2)n1	0.032735
rxn:4:217640:228472	CC(C)c1nc2cc(-c3ccc(C(F)(F)F)nc3)ccn2n1	0.032734
rxn:4:220841:228888	N#Cc1cc(-c2cc(Cl)nn3c(C#N)cnc23)c(F)cn1	0.032731
rxn:4:208562:228015	Clc1cccc(-c2ccc(-c3cocn3)cn2)c1C1CC1	0.032729
rxn:4:209016:228101	N#Cc1cc(C#N)cc(-c2cccnc2-c2ccccn2)c1	0.032728
rxn:4:211985:228344	Cc1cnc2cc(-c3ccc(SC(F)F)cc3)ccn12	0.032727
rxn:4:180255:223320	Cc1cc(-c2ccc(OC(C)(C)C)c(C)c2)c2cn[nH]c2c1	0.032726
rxn:4:198851:227859	Cn1ccc2ccc(-c3ccc4c(n3)COCC4=O)cc21	0.032720
rxn:4:177016:228044	Cc1cc(-c2cccc(F)c2OCC2CC2)c2nccn2c1	0.032714
rxn:4:197554:228605	CCc1ncc(-c2cccc(C)c2OC)c2ccccc12	0.032711
rxn:4:208633:228332	COc1cc(SC)c(-c2ccc(-c3cocn3)nc2)cn1	0.032704
rxn:4:196847:228018	Cc1c(C)c(-c2cc(F)cc(C3CC3)c2)c(C)c(C)c1C#N	0.032698
rxn:4:212401:228573	Cc1cc(C#N)ccc1-c1ccc2c(=O)n(C)n(C)c2c1	0.032686
rxn:4:181354:223364	CC(F)(F)c1ccc(F)c(-c2cnc3[nH]cc(F)c3c2)c1	0.032684
rxn:4:198743:228632	Cc1cc(C)c(-c2cc3ncccc3cc2F)c(C)n1	0.032681
rxn:4:198823:228888	N#Cc1cc(-c2c(F)cc3ncccc3c2F)c(F)cn1	0.032677
rxn:4:188953:228286	Cc1cc(-c2ccc(SCC(C)C)nc2)cn2cnnc12	0.032677
rxn:4:213514:228032	COCCN(C)c1ncc(-c2cnc3cccnc3c2)cn1	0.032661
rxn:4:181494:228358	Fc1cc(-c2cnn(-c3ccoc3)c2)cc(C2CC2(F)F)c1	0.032641
rxn:4:208656:227943	Cc1ccc(N(C)C)c(-c2nnc(-c3ccc(F)cc3)s2)c1	0.032639
rxn:4:217511:227816	CCCc1ccc(-c2ccc3nn(C)c(C#N)c3c2)c(C)c1	0.032636
rxn:4:205652:228209	Cc1cc(Cl)c(-c2cccc(Cn3cccn3)c2)cc1C#N	0.032632
rxn:4:179069:223333	COc1c(-c2cc3c(Cl)cccc3[nH]2)cccc1C(F)F	0.032618
rxn:4:192540:228159	CCOc1cc(-c2ccc(Cc3ccc[nH]3)cc2)ccc1F	0.032617
rxn:4:196290:228025	Cn1ncc2c(-c3cc(C4(C)CC4(F)F)ccn3)cccc21	0.032614
rxn:4:197705:228027	c1ncc2ccc(-c3ccc4c(c3)CCN4C3CC3)cc2n1	0.032599
rxn:4:199252:228765	CCc1cc(F)c(-c2ccc3nc(C)cc(C)c3c2)cn1	0.032593
rxn:4:206022:227806	CCC(C)n1c(-c2cccc3ccccc23)cnc1C	0.032591
rxn:4:211673:227858	CN1Cc2cccc(-c3cn4ccc(F)c(F)c4n3)c2C1	0.032573
rxn:4:216986:228209	Cc1cc(Cl)c(-c2cnc(C)n2-c2cccnc2)cc1C#N	0.032572
rxn:4:195841:228249	COc1c(C)cc(-c2oncc2-c2ccccc2)cc1Cl	0.032571
rxn:4:218492:227952	Cc1cc(-c2nn(C)c3c(C)nccc23)c(C)cc1C#N	0.032565
rxn:4:183065:223373	O=C1CCCc2cc(Cl)c(-c3c(F)ccc4[nH]ncc34)cc21	0.032562
rxn:4:178835:228942	Fc1cc(Cl)cc(F)c1-c1ccc(C(F)C(F)F)cc1	0.032556
rxn:4:210009:228416	COc1cc(F)cc(F)c1-c1cnc(C#N)c2ccccc12	0.032549
rxn:4:209356:227995	COc1c(C)cc(C)cc1-c1cccc(-c2ccnn2C)c1	0.032547
rxn:4:199183:228852	CN1Cc2cc(-c3cnn4ccncc34)ccc2S1(=O)=O	0.032538
rxn:4:212094:228426	COc1cc(Cl)cc(F)c1-c1c(Cl)ccc2cnn(C)c12	0.032527
rxn:4:212062:228426	COc1cc(Cl)cc(F)c1-c1cccc2c1c(Cl)nn2C	0.032527
rxn:4:218424:228467	COC(=O)c1cc(-c2cc(F)c3c(c2)nnn3C)c(F)s1	0.032527
rxn:4:218493:228111	Cc1nccc2c1c(-c1ccc(C#N)c(C#N)c1)nn2C	0.032499
rxn:4:179553:228858	CCc1cc(SC)c(Cl)c(-c2ccc3nonc3c2)c1	0.032490
rxn:4:192541:223337	N#CC1(c2cccc(-c3cc4cc[nH]c4cc3F)c2)CCC1	0.032482
rxn:4:196668:227929	CCOc1cc(C)ccc1-c1cc(Cl)c(C2CCCC2)cn1	0.032478
rxn:4:209372:228515	CCc1cccc(C)c1-c1ccccc1-c1cnn(C)c1	0.032474
rxn:4:182839:227937	CC(C)Sc1cccc(-c2c(Cl)ccc3c2CCC3=O)c1	0.032470
rxn:4:212298:228101	Cc1nc2cccc(-c3cc(C#N)cc(C#N)c3)n2c1C	0.032470
rxn:4:196272:228531	Cc1sc(-c2ccccc2)nc1-c1cccc2c1CCO2	0.032464
rxn:4:209343:227948	Cc1ccccc1-n1cncc1-c1cc(C2CC2)cnc1C	0.032449
rxn:4:196849:228058	Cc1nc2ccc(-c3cncc(C4CCCOC4)c3)cc2o1	0.032449
rxn:4:216982:228935	CC(=O)c1cc(Cl)sc1-c1cn(-c2ccccc2C)nn1	0.032448
rxn:4:211880:228302	Cn1ncc2scc(-c3cc(C#N)nc(C#N)c3)c2c1=O	0.032445
rxn:4:191821:227926	COc1ncc(-c2ccc(SC(C)C)cc2)cc1C(F)(F)F	0.032439
rxn:4:178681:228627	CCc1ccc(Cl)c(-c2c(F)cc(OC(F)F)cc2F)c1	0.032436
rxn:4:211774:228167	CCOc1cc(Cl)ccc1-c1ccc2nccnc2c1Cl	0.032431
rxn:4:205668:227866	Cc1ccc2sc(-c3cnccc3C(=O)N3CCC3)cc2c1	0.032424
rxn:4:211819:228795	COc1cccc(Cl)c1-c1ccc2ncnc(Cl)c2c1	0.032418
rxn:4:180996:228418	COc1c(F)cc(-c2ccc(F)cc2C(F)(F)F)cc1Cl	0.032408
rxn:4:199181:227988	Cc1cc(-c2cccc(C3CC3)c2F)c2oc(=O)n(C)c2c1	0.032401
rxn:4:217538:229047	CCc1cc(Cl)n2ncc(-c3c(C)sc(C)c3C)c2n1	0.032387
rxn:4:179589:227846	CCOc1cc(C)c(F)c(-c2cn(C)c3ccccc23)c1	0.032370
rxn:4:197071:227933	CCc1ccc(OC)cc1-c1ccc2sc(C#N)cc2c1	0.032364
rxn:4:181215:228213	CC(=O)c1ccc(-c2cc(-n3cccc3)cs2)c(F)c1	0.032357
rxn:4:217613:227886	CCCOc1ccccc1-c1c(C2CC2)nn2cccnc12	0.032354
rxn:4:181410:228394	FC(F)(F)c1ccccc1-c1cc(C2CC2)ccc1Cl	0.032333
rxn:4:198961:228500	Cc1cc(-c2cnc(C(F)(F)F)nc2)c2ccccc2n1	0.032327
rxn:4:188540:228698	CCC(=O)c1ccc(-c2cc(C(=O)OC)[nH]c2C(C)=O)s1	0.032324
rxn:4:212127:228831	Cc1c(F)ccc(-c2cc(F)cc3cnn(C)c23)c1Cl	0.032321
rxn:4:182659:228411	COc1ccc(-c2c(F)ccc3sccc23)c(F)c1F	0.032320
rxn:4:212109:227952	Cc1cc(-c2cc3c(cnn3C)cc2F)c(C)cc1C#N	0.032297
rxn:4:197351:223342	CSc1ccc(-c2ccc3c(c2)OCCN3)c2cccnc12	0.032286
rxn:4:186052:228091	CCCc1nc(OCC)sc1-c1ccc(N(CC)CC)s1	0.032271
rxn:4:196941:223391	c1cnc(-c2cc3ccccc3[nH]2)c(C2CCCCC2)c1	0.032268
rxn:4:195468:227852	Cc1c(C#N)cc(Cl)cc1-c1ccc2cccnc2c1	0.032238
rxn:4:196937:227858	CN1Cc2cccc(-c3nc(C4CCCCCC4)cs3)c2C1	0.032232
rxn:4:183221:223316	Cc1n[nH]c2ccc(-c3ccc4c(c3)CCC(C)(C)O4)cc12	0.032232
rxn:4:216736:227970	CC(C)(C)c1cnccc1-c1nncn1-c1ccc(Cl)cc1	0.032230
rxn:4:198864:227926	CC(C)Sc1ccc(-c2ccc3on(C)c(=O)c3c2)cc1	0.032208
rxn:4:192319:228534	CC(C)c1cc(C#N)ccc1-c1ccc2ccoc2c1	0.032176
rxn:4:199124:229090	CC(=O)c1cc(-c2ccc3ccc(C)nc3c2F)cs1	0.032166
rxn:4:176748:228024	CCCSc1cccc(-c2cccc3cnn(C)c23)c1	0.032153
rxn:4:208608:228616	CSc1ccc(-c2cccc(-c3ncns3)c2)c(C)c1	0.032149
rxn:4:198423:227816	CCCc1ccc(-c2cccc3oc(Cl)nc23)c(C)c1	0.032148
rxn:4:197560:228350	CC1(C#N)CCc2cc(-c3cnn(-c4ccsc4)c3)ccc21	0.032133
rxn:4:175105:228047	CCCCS(=O)c1ccc(-c2ccc(C)n3ccnc23)cc1	0.032126
rxn:4:191539:228745	COC(=O)c1cc(-c2cnc(SC)cc2C)c(F)cn1	0.032123
rxn:4:208657:227935	CCc1cc(-c2nnc(-c3cccc(F)c3)s2)ccc1OC	0.032121
rxn:4:180953:228847	Cc1cc(Cl)cc(F)c1-c1ccc(C(F)(F)F)cc1	0.032112
rxn:4:181639:228667	Cc1cc(S(C)(=O)=O)c(-c2cc3ncccc3s2)cc1F	0.032108
rxn:4:208598:227838	Cc1ccc(C2CC2)c(-c2cnccc2-c2cscn2)c1	0.032103
rxn:4:196886:228011	Cc1cc(C(C)(C)C)cc(-c2c(Cl)cccc2C2CC2)n1	0.032093
rxn:4:196850:228532	c1cc2cc(-c3cncc(C4CCOCC4)c3)ccc2s1	0.032070
rxn:4:212334:228274	CSc1cc(-c2n[nH]c3cc(C)cc(C)c23)c(F)cc1C	0.032068
rxn:4:199122:228978	CCc1ccc(-c2cc(F)c(C)c3ncccc23)cc1	0.032055
rxn:4:181002:228825	Cc1cc(F)c(-c2c(F)cccc2C(F)(F)F)cc1F	0.032052
rxn:4:181013:228580	Fc1cc(-c2cccnc2C2CC2)c(C(F)(F)F)cc1Cl	0.032031
rxn:4:197076:228249	COc1c(C)cc(-c2ccc(C#N)c3occc23)cc1Cl	0.032030
rxn:4:197492:229045	CCc1c[nH]c2c(-c3cc(C)cc(F)c3)ccc(Cl)c12	0.032027
rxn:4:208570:228419	CSc1cc(F)c(-c2cnc(-c3ccco3)cn2)cc1F	0.032006
rxn:4:198445:228621	CSc1cc(C)ccc1-c1ccc2cnoc2c1Cl	0.032006
rxn:4:218414:228457	COC(=O)c1ncc(-c2cnc3c(c2)nc(Cl)n3C)cn1	0.032002
rxn:4:192688:227805	Cc1nc(OC(C)C)ccc1-c1ccc2ccccc2c1	0.031999
rxn:4:212319:228970	Cc1c2c(-c3ccc(C(F)(F)F)s3)cccc2nn1C	0.031998
rxn:4:210655:227919	CCOc1cc(C)cc(-c2cc(C)c3ncc(CC)n3c2)c1	0.031993
rxn:4:197127:229320	CSc1nc2c(-c3cc(F)cs3)cc(Cl)cc2s1	0.031992
rxn:4:182575:223304	Cc1cc2cc(-c3c(C)cc(Cl)cc3C)ccc2[nH]1	0.031978
rxn:4:176472:228333	COc1nccc(SC)c1-c1cc(OC(F)F)ccc1SC	0.031965
rxn:4:198894:227999	Cc1cc2cccc(-c3ccc(C(C)C)cc3F)c2[nH]1	0.031950
rxn:4:179689:228001	COc1cc(C2CC2)ccc1-c1ccc(Cl)c(C(C)C)c1	0.031949
rxn:4:195200:228028	Cn1cc2c(-c3ncc(Cl)cc3C(F)(F)F)cccc2n1	0.031919
rxn:4:220835:228233	CC(=O)c1cc(C)c(-c2ccc3ncnn3c2C#N)cn1	0.031912
rxn:4:210526:227979	COc1cc(C)cc(C)c1-c1cnc2c(ccn2C2CC2)c1	0.031886
rxn:4:198827:229011	Fc1cc2cc(-c3ccc(C4CC4)s3)cnc2cc1F	0.031863
rxn:4:178829:228822	Cc1ccc(Cl)c(-c2ccc(CC(F)(F)F)cc2)c1F	0.031857
rxn:4:181507:228608	COc1cc(C)ccc1-c1ccc(-c2cccc(F)c2)o1	0.031850
rxn:4:215507:228089	CCCOc1ncccc1-c1cccc(Cn2cncn2)c1	0.031837
rxn:4:216675:228449	CSc1cc(-c2ccc(-n3ccnc3)cn2)c(F)cc1Cl	0.031821
rxn:4:197365:227883	CCOCc1ccc(-c2cccc3c(C(C)=O)c[nH]c23)cc1	0.031812
rxn:4:209294:228673	Cc1nc(C(C)C)nc(Cl)c1-c1cccc2nscc12	0.031795
rxn:4:175103:228963	CCCCC(=O)c1ccc(-c2cnc3nonc3c2)cc1	0.031783
rxn:4:192093:223298	CCc1ncc(-c2cc3cccc(C)c3[nH]2)cc1C(F)(F)F	0.031779
rxn:4:210403:228562	CCC(C)c1csc(-c2ccc3c(c2)ncn3CC)c1	0.031776
rxn:4:198722:228919	CSc1ncc(Cl)cc1-c1ccnc2cccc(F)c12	0.031766
rxn:4:182131:228243	COc1cc(-c2cccc(C(C)=O)c2F)cc2ccoc12	0.031759
rxn:4:195438:228560	CCSc1ccccc1-c1cnc(C(C)=O)cc1Cl	0.031742
rxn:4:209020:228249	COc1c(C)cc(-c2ccc(-c3ccncc3)cn2)cc1Cl	0.031725
rxn:4:181022:228611	COc1ccc(C)c(-c2cc(F)c(Cl)c(C(F)(F)F)c2)c1	0.031713
rxn:4:192007:228624	COC(=O)c1cc(-c2ccc(C)c(SC)c2)ncc1C	0.031713
rxn:4:220881:228283	CC(=O)c1cc(F)ccc1-c1cn2nc(C3CC3)nc2cn1	0.031684
rxn:4:198518:228843	Cc1cc(F)cc(-c2c[nH]c3cccc(Cl)c23)c1Cl	0.031679
rxn:4:178641:228213	Fc1cc(-c2cc(-n3cccc3)cs2)ccc1OC(F)F	0.031673
rxn:4:198823:228572	Cc1ccc(-c2c(F)cc3ncccc3c2F)cc1C#N	0.031605
rxn:4:210506:228467	COC(=O)c1cc(-c2cn(C)c3nccc(OC)c23)c(F)s1	0.031605
rxn:4:197314:228845	COc1cccc2c(-c3cc(C)c(Cl)cc3F)ccnc12	0.031592
rxn:4:198983:228984	Cc1ccc(C)c(-c2cccc3ccnc(C)c23)c1	0.031581
rxn:4:188591:227849	COC(=O)c1nccc(OC)c1-c1ccnc2ccccc12	0.031573
rxn:4:185931:228030	CCOC(=O)Cc1cc(-c2ccc3c(cnn3C)c2)ccn1	0.031566
rxn:4:179467:223348	CSc1cc(-c2ccc3c(c2)C(=O)NC3)cc(C(C)=O)c1F	0.031561
rxn:4:212322:227996	CC(=O)c1ccc(-c2cc(C)cc3c2cnn3C)c(C)c1	0.031548
rxn:4:205095:227927	CCC(=O)c1cccc(-c2cncc(C(=O)OC)n2)c1	0.031520
rxn:4:174844:228030	CC(=O)OCCc1ccc(-c2ccc3c(cnn3C)c2)cc1	0.031506
rxn:4:191903:228457	COC(=O)c1ncc(-c2cnc(OC)c(SC)c2)cn1	0.031506
rxn:4:181625:227853	Cn1ccc2c(-c3ccc(Cl)cc3C3OCCO3)cccc21	0.031496
rxn:4:176818:228364	COC(=O)c1cccc(OC)c1-c1cnn(-c2cccs2)c1	0.031485
rxn:4:195830:228392	FC(F)(F)c1ccc(-c2cccc(-c3ccco3)n2)cc1	0.031484
rxn:4:179968:228435	CSc1ccc(F)c(F)c1-c1cc(C)cc(CC2CC2)c1	0.031480
rxn:4:196292:227805	O=C1CSCN1c1ccc(-c2ccc3ccccc3c2)cc1	0.031470
rxn:4:220871:228332	COc1cc(SC)c(-c2c(C)nn3cc(C#N)cnc23)cn1	0.031464
rxn:4:185936:228052	CCOC(=O)Cc1nc(C)sc1-c1ccc2nnccc2c1	0.031464
rxn:4:195908:228569	CN(C)c1ccccc1-c1cnc(-c2ccc(Cl)cc2)s1	0.031454
rxn:4:197498:228423	CCc1c[nH]c2c(-c3ccc(Cl)c(F)c3OC)cc(F)cc12	0.031451
rxn:4:197376:227946	COc1c(-c2ccc(C(C)(C)C)nc2)cnc2ccccc12	0.031451
rxn:4:198486:227956	Cc1cc(-c2nc3cc(F)c(F)cc3s2)cc(C(C)C)n1	0.031448
rxn:4:180261:228242	COc1cc(F)c(C)cc1-c1cc(C(C)C)cc(C2CC2)c1	0.031442
rxn:4:214567:227866	CCN(CC)c1ncc(-c2cc3cc(C)ccc3s2)c(C)n1	0.031425
rxn:4:210634:228504	CC(C)n1c(-c2cccc3c2CCC3)nc2ccccc21	0.031370
rxn:4:182022:228792	CSc1ccc(-c2cc(C(C)(C)C)ccc2C)cc1F	0.031366
rxn:4:185944:228039	CCOC(=O)c1nc(CC)sc1-c1cnc2ccccc2n1	0.031355
rxn:4:188850:228057	CCOC(=O)c1cc(C)c(-c2ccc3oc(C)nc3c2)cn1	0.031348
rxn:4:198443:228436	COc1ccc(F)c(Cl)c1-c1csc2nccc(Cl)c12	0.031335
rxn:4:179374:228069	COC(=O)c1c(C)cccc1-c1ccc(F)c2ccoc12	0.031299
rxn:4:210359:228813	COc1ncnc2ccc(-c3ccc(Cl)c(SC)c3)cc12	0.031290
rxn:4:220736:228466	COC(=O)c1sc(Cl)cc1-c1cncc(-n2ccc(C)n2)n1	0.031277
rxn:4:196265:228124	CCOc1cc(C)c(-c2ccccc2-c2nc(C)cs2)cn1	0.031276
rxn:4:182823:228495	FC(F)(F)Cn1ccc(-c2cc3ccccc3cc2Cl)n1	0.031273
rxn:4:199119:228491	Cc1cc(-c2cn(C)c(=O)n(C)c2=O)c2cccc(F)c2n1	0.031255
rxn:4:209905:228119	CC(C)Sc1ccc(-c2ccc3nc(C#N)sc3c2)cn1	0.031241
rxn:4:199300:228284	CN1CCCc2c(Cl)ccc(-c3cnc4nn(C)cc4c3)c21	0.031239
rxn:4:199188:228285	Cc1nnc2ccc(-c3ccc4c(c3)S(=O)(=O)N(C)C4)cn12	0.031234
rxn:4:208888:228150	COC(=O)c1ccc(-c2ccn(-c3cccc(Cl)c3)n2)cc1	0.031232
rxn:4:179399:229088	COC(=O)c1cc(C)c(-c2cc(C(C)=O)cs2)c(Cl)c1	0.031228
rxn:4:208889:228802	FC(F)c1ccccc1-c1ccn(-c2ccc(Cl)cc2)n1	0.031220
rxn:4:199044:228919	CSc1ncc(Cl)cc1-c1cccc2cc(C)cnc12	0.031209
rxn:4:177826:223300	Cc1cc(-c2ccc3[nH]cc(C)c3c2)ccc1COC(C)C	0.031197
rxn:4:178846:228687	CCSc1ccc(-c2cc(Cl)ccc2C(=O)OC)cn1	0.031169
rxn:4:198704:228510	CC(C)c1ccccc1-c1cnc2cc(F)ccc2c1	0.031150
rxn:4:198981:228225	Cc1cc2cccc(-c3cc(Cl)cnc3C3CC3)c2cn1	0.031147
rxn:4:210336:227923	CCOc1ccc(C)cc1-c1cc(C(C)=O)n2ncccc12	0.031143
rxn:4:182116:228086	N#CCOc1cccc(-c2ccc3c(C(F)F)coc3c2)c1	0.031143
rxn:4:183064:227985	CC(C)c1cc(-c2cc(Cl)cc3c2CCCC3=O)ccc1F	0.031143
rxn:4:196295:227891	Cc1nc(-c2cccc(-c3ccccc3CN(C)C)c2)cs1	0.031131
rxn:4:198527:227835	Cc1ccc(-c2ccc3c(Cl)c[nH]c3c2)cc1C1CC1	0.031119
rxn:4:209047:228217	CC(C)c1ncc(Cl)cc1-c1ncccc1-c1ccccn1	0.031109
rxn:4:203133:228386	COC(=O)C(C)(C)n1cc(-c2cc(-c3nccs3)cs2)cn1	0.031092
rxn:4:198717:228805	CSc1cccc(-c2cnc3cccc(F)c3c2)c1F	0.031079
rxn:4:217534:228502	CCn1nnc2cc(-c3nn(C)cc3C(F)(F)F)c(F)cc21	0.031063
rxn:4:217127:228240	c1csc(-c2ccc(-c3cncnc3N3CCCCC3)s2)c1	0.031055
rxn:4:198380:228016	c1cc(-c2cc(C3CCCC3)cs2)c2ncsc2c1	0.031041
rxn:4:177131:228558	CCSc1cccc(-c2ccccc2SC(C)C(C)=O)c1	0.031035
rxn:4:176589:228027	CCOC(=O)c1ccc(Cl)cc1-c1ccc2cncnc2c1	0.031018
rxn:4:212158:228356	Cc1cn2cc(-c3cnc(Cl)nc3C(C)C)cc(Cl)c2n1	0.031017
rxn:4:176580:228060	COC(=O)Cc1ccc(F)cc1-c1ccc2nc(C)sc2c1	0.031015
rxn:4:197530:228083	CCc1ccc2nccc(-c3cnn(CCC(C)C)c3)c2c1	0.030998
rxn:4:197396:228188	CCOc1c(Cl)cccc1-c1cncc2cc(OC)ccc12	0.030987
rxn:4:181639:228054	Cc1cc(S(C)(=O)=O)c(-c2cnc3ncccc3c2)cc1F	0.030977
rxn:4:198984:227872	Cc1cc(C)c2nc(-c3ccc4c(c3)CCC4=O)sc2c1	0.030959
rxn:4:217353:228376	N#Cc1c(F)cc(-c2ccn3c(C(F)F)nnc3c2)cc1F	0.030957
rxn:4:189069:227811	CC(C)Cc1ccc(-c2ccc(C(C#N)C(C)C)cc2)cc1	0.030957
rxn:4:212247:228013	Cc1cnc2c(F)cc(-c3ccc(F)c(C4CC4)c3)cc2n1	0.030956
rxn:4:189616:229160	CSc1ncc(-c2cccc(CN(C)C(C)C)c2)cn1	0.030955
rxn:4:199269:228058	Cc1nc2ccc(-c3cncc4c3CCC(C)C4=O)cc2o1	0.030947
rxn:4:211334:228008	Clc1cc(-c2nc3cc(Cl)cnc3s2)cc(C2CC2)c1	0.030944
rxn:4:181617:227817	Cc1cc(C(C)(F)F)ccc1-c1ccccc1CC(C)C	0.030935
rxn:4:182959:227854	Cn1ccc2cc(-c3cc(F)cc4c3OCCC4=O)ccc21	0.030928
rxn:4:211671:228839	Cc1cc(F)cc(-c2cnc3c(F)cc(F)cn23)c1F	0.030926
rxn:4:179472:228478	CCc1cc(C(F)(F)F)ccc1-c1cncc(C(F)(F)F)c1	0.030915
rxn:4:208891:227965	Cc1ccnc(C(C)C)c1-c1ccc(-n2cccn2)c(Cl)c1	0.030895
rxn:4:210641:228062	CC(C)(C)c1csc2ncc(-c3cncc4c3CCCO4)n12	0.030879
rxn:4:209955:228332	COc1cc(SC)c(-c2ccc3c(C(=O)[O-])nccn23)cn1	0.030858
rxn:4:183162:228847	Cc1cc(Cl)cc(F)c1-c1ccc2c(c1)CCCCC2=O	0.030846
rxn:4:198524:228815	CSc1ccc(-c2c(Cl)ccc3[nH]ccc23)c(Cl)c1	0.030836
rxn:4:185926:227805	COc1ccc(CCC#N)cc1-c1ccc2ccccc2c1	0.030830
rxn:4:199318:223329	CC1=Nc2c(-c3c(C)ccc4cn[nH]c34)cccc2C1(C)C	0.030829
rxn:4:192537:228250	c1coc(-c2ccc(-c3cccnc3OC3CCSC3)s2)c1	0.030814
rxn:4:192141:228068	CCC=Cc1ccc(-c2cc3cc(F)ccc3s2)nc1	0.030797
rxn:4:210008:228481	N#Cc1cnc2ccc(-c3ccnc(C(F)(F)F)c3)cc2c1	0.030761
rxn:4:192345:227849	CC(C)(C#N)c1cc(-c2ccnc3ccccc23)ccc1F	0.030757
rxn:4:179825:228056	COC(=O)c1ccc(C)c(C)c1-c1cc(C)c2nccn2c1	0.030757
rxn:4:181017:229140	Fc1cccc(-c2c(Cl)ccc(F)c2C(F)(F)F)c1F	0.030748
rxn:4:177166:228076	CS(=O)(=O)CCc1ccc(-c2cc3ccc(Cl)cc3s2)cc1	0.030742
rxn:4:197151:228321	COC(=O)c1cncc(-c2cccc3cc(C#N)ccc23)c1	0.030741
rxn:4:178662:228667	Fc1c(-c2cc3ncccc3s2)ccc(Cl)c1OC(F)F	0.030727
rxn:4:199088:228721	Cc1cc(-c2ccnn2C(C)(C)C)c2cc(Cl)ccc2n1	0.030716
rxn:4:209075:228542	CCCCc1ccc(-c2cncc(-c3ccccn3)c2)s1	0.030708
rxn:4:212093:227832	Cc1cc(C2CC2)ccc1-c1ccc2c(cnn2C)c1Cl	0.030697
rxn:4:198646:228210	Clc1ccc2nccc(-c3ccc(N4CCCC4)s3)c2c1	0.030697
rxn:4:178905:228230	Fc1cc(CC(F)(F)F)ccc1-c1cnc(C2CC2)c(Cl)c1	0.030693
rxn:4:191600:228081	COc1c(-c2csc3ccc(F)cc23)cc(F)c(C#N)c1F	0.030690
rxn:4:210021:228969	N#Cc1ccc(-c2cscc2C(F)(F)F)c2ccncc12	0.030660
rxn:4:218422:228078	Cn1nnc2c(F)cc(-c3ccc4c(c3)COC4=O)cc21	0.030649
rxn:4:208666:227869	CC1Cc2cc(-c3ccccc3-c3nsc(Cl)n3)ccc2O1	0.030647
rxn:4:198600:228394	FC(F)(F)c1ccccc1-c1ccc2ccncc2c1	0.030643
rxn:4:177157:227855	CCOC(=O)c1cccc(C)c1-c1cc2ccccc2n1C	0.030590
rxn:4:182657:229220	Cc1cc(-c2sc3ccccc3c2Cl)c(C)s1	0.030573
rxn:4:218010:223409	c1cnn2cc(-c3cnc4[nH]ccc4c3)nc2c1	0.030570
rxn:4:212172:228283	CC(=O)c1cc(F)ccc1-c1c(C)nc2c(F)cc(F)cn12	0.030559
rxn:4:198944:227833	CCc1cc(C)cc(C)c1-c1cc(F)cc2c(C)c[nH]c12	0.030549
rxn:4:179409:228028	COC(=O)c1cc(-c2cccc3nn(C)cc23)c(C)cc1Cl	0.030536
rxn:4:192327:228452	CCc1cc(C#N)cc(C)c1-c1cc2c(Cl)ncnc2s1	0.030531
rxn:4:179441:228881	COC(=O)c1cc(F)c(C)cc1-c1cnc(C(C)=O)nc1	0.030526
rxn:4:209054:227824	c1cc(-c2cc(-c3ccc(C4CCC4)cc3)ccn2)ccn1	0.030492
rxn:4:181474:228500	CSc1c(C)ccc(-c2cnc(C(F)(F)F)nc2)c1F	0.030485
rxn:4:198687:227988	Fc1c(-c2nccc3cccc(F)c23)cccc1C1CC1	0.030460
rxn:4:199214:227863	Cc1cn(C)c2ccc(-c3ccc4c(c3)CCCO4)cc12	0.030450
rxn:4:177438:227903	CCN(C)c1cccc(-c2cc(OC(C)C)cc(SC)c2)c1	0.030431
rxn:4:211505:228855	Clc1ccc(-c2cnc3ccnn3c2)c2cn[nH]c12	0.030417
rxn:4:211833:228111	N#Cc1ccc(-c2ccc3ncnc(F)c3c2)cc1C#N	0.030412
rxn:4:202947:228630	CCOC(=O)c1ncnc(Cl)c1-c1cc(F)cc(CC)c1	0.030404
rxn:4:197201:223433	CCc1nc2ccc(-c3cnc4[nH]cnc4c3)cc2s1	0.030369
rxn:4:208584:223413	c1ccc(-c2ncsc2-c2cncc3[nH]ccc23)nc1	0.030364
rxn:4:188345:228365	CCOC(=O)c1nc(-c2cnc(C3CC3)nc2Cl)c(C)o1	0.030359
rxn:4:195880:228807	CSc1ccc(Cl)cc1-c1cccc(-c2cocn2)c1	0.030355
rxn:4:210622:227978	CC(C)c1ccc(F)c(-c2ccc3c(C(C)C)n[nH]c3c2)c1	0.030351
rxn:4:205131:228424	COC(=O)c1ncc(-c2cc(Cl)c(F)cc2OC)c(Cl)n1	0.030347
rxn:4:195215:228022	CC(C)c1ccc(Cl)cc1-c1cc(C(F)(F)F)ncc1Cl	0.030347
rxn:4:182827:227953	Cc1cc(N(C)C)ccc1-c1ccc2cc(F)ccc2c1	0.030301
rxn:4:211852:228606	CCc1ccc(F)c(-c2ccc3nc(Cl)ncc3c2F)c1	0.030290
rxn:4:179401:228964	COC(=O)c1ncc(-c2cc(C(C)=O)cc(OC)c2Cl)s1	0.030281
rxn:4:183058:228868	COC(=O)c1ccc(-c2c(C)ccc3cc(F)ccc23)s1	0.030251
rxn:4:180993:228643	Cc1ccc(-c2c(C(F)F)ccc(Cl)c2F)c(C)c1Cl	0.030224
rxn:4:192865:228274	CSc1cc(-c2ccc(C#N)c(C(C)(C)C)c2)c(F)cc1C	0.030215
rxn:4:181003:229089	CC(=O)c1sccc1-c1ccc(C(F)(F)F)c(F)c1	0.030215
rxn:4:211538:223414	Clc1ccn2c(-c3ccnc4[nH]ccc34)ncc2c1	0.030208
rxn:4:209384:228444	Cc1cc(-c2ccc(Cl)c(C(F)F)c2)ccc1-c1ncc[nH]1	0.030204
rxn:4:180974:228354	Fc1cc(-c2ccc(-n3ccnc3)s2)c(F)c(C(F)F)c1	0.030201
rxn:4:181009:228354	Fc1cc(C(F)F)cc(-c2ccc(-n3ccnc3)s2)c1F	0.030201
rxn:4:199056:228591	Cc1cc(Cl)c2cccc(-c3ccncc3C(C)C)c2n1	0.030194
rxn:4:199222:228602	CC(=O)c1ccc(-c2cc3c(C)cn(C)c3cc2F)cc1	0.030192
rxn:4:198684:228425	COc1c(Cl)cc(F)cc1-c1ccc2ncccc2c1Cl	0.030181
rxn:4:195911:227916	Clc1ccc(-c2cocn2)c(-c2ccc(OC3CC3)cc2)c1	0.030168
rxn:4:196676:228533	Clc1cc(-c2ccc3occc3c2)cc(N2CCCC2)c1	0.030164
rxn:4:221020:228807	CSc1ccc(Cl)cc1-c1n[nH]c2ncnc(Cl)c12	0.030151
rxn:4:205360:227864	Cc1ccc2cc(-c3c(C(F)(F)F)n[nH]c3C3CC3)sc2c1	0.030146
rxn:4:191994:228443	COc1ccc(C(C)=O)nc1-c1ccc(F)c(SC)c1F	0.030135
rxn:4:182808:227987	COc1c(C)ccc(-c2cccc3sc(C)cc23)c1C	0.030128
rxn:4:191406:228534	N#Cc1c(-c2ccc3ccoc3c2)cccc1C(F)(F)F	0.030088
rxn:4:196321:228828	Cc1cc(-c2cnco2)ccc1-c1ccc(Cl)c(C)c1F	0.030075
rxn:4:177028:228023	CCOc1cc(-c2ccc3nccnc3c2)cc(SC)c1F	0.030066
rxn:4:198999:227971	Cc1ccc2cccc(-c3cnccc3C(C)(C)C)c2n1	0.030061
rxn:4:211349:227823	CC(C)(C)c1ccccc1-c1coc2c(Cl)ncnc12	0.030042
rxn:4:221869:223394	c1cc(-c2nncn2-c2cnccn2)c2[nH]ccc2c1	0.030040
rxn:4:179038:228075	CCOc1cc(F)c(F)cc1-c1cc2c(F)cccc2s1	0.030027
rxn:4:182797:228835	Cc1cc(Cl)c(F)c(-c2cccc3oc(C)cc23)c1	0.030010
rxn:4:196318:228514	c1cncc(-c2ccccc2-c2cccc(C3CC3)c2)c1	0.030007
rxn:4:209980:228226	Cc1c(Cl)cc(C#N)cc1-c1ccnc2cc(C#N)ccc12	0.029972
rxn:4:181253:228428	COc1cc(F)c(F)c(-c2c(C(C)=O)ccc(F)c2F)c1	0.029957
rxn:4:182637:228812	CSc1cccc(F)c1-c1cc2occc2cc1Cl	0.029955
rxn:4:198835:228175	CCOc1cccc(-c2cc3cnccc3c(F)c2F)c1Cl	0.029954
rxn:4:179426:227850	O=C(c1ccc(-c2ccc3cnccc3c2)c(F)c1)C1CC1	0.029922
rxn:4:211332:223390	Clc1nc2nc(-c3ccc4cc[nH]c4c3)ccc2o1	0.029874
rxn:4:198454:223406	Fc1cccc2nc(-c3cncc4cc[nH]c34)sc12	0.029874
rxn:4:192497:228459	COc1ncc(-c2ccc(F)c(CN(C)C)c2)c(SC)n1	0.029846
rxn:4:182794:229138	Cc1cc(-c2ccc(Cl)cc2F)c2sccc2c1	0.029840
rxn:4:191756:227866	CC(=O)c1ccc(C#N)c(-c2cc3cc(C)ccc3s2)c1	0.029840
rxn:4:198503:223417	c1ccc2c(-c3cccc4cccn34)n[nH]c2c1	0.029785
rxn:4:178088:229160	CCc1cc(CC)c(-c2cnc(SC)nc2)c(CC)c1	0.029766
rxn:4:199012:228018	Cc1ccc(-c2cc(F)cc(C3CC3)c2)c2ncccc12	0.029760
rxn:4:178877:227844	COC(=O)c1cc(Cl)cc(F)c1-c1ccc2ncccc2c1	0.029747
rxn:4:197367:228265	COc1cnc2ccc(-c3ccc(Cl)c(C(C)=O)c3)cc2c1	0.029736
rxn:4:176581:228615	COC(=O)Cc1c(F)cccc1-c1cc(C)ccc1SC	0.029720
rxn:4:178717:228070	O=C(CF)c1ccccc1-c1cc2cc(Cl)ccc2s1	0.029708
rxn:4:209990:228465	COC(=O)c1sc(-c2ccc3cnn(C(F)F)c3c2)cc1Cl	0.029695
rxn:4:218149:228860	Fc1cnc2[nH]nc(-c3cccc4nonc34)c2c1	0.029688
rxn:4:191935:228171	CCOc1ccc(-c2csc(Oc3ccccc3)n2)cc1F	0.029682
rxn:4:218311:223419	Cc1nn2ncccc2c1-c1cc2ccncc2[nH]1	0.029671
rxn:4:218352:223418	Cc1ccn2ncnc2c1-c1c[nH]cc2nccc1-2	0.029665
rxn:4:199219:227828	Cc1cc(-c2cccc(C3CC3)c2C)c2[nH]cc(C)c2c1	0.029659
rxn:4:195966:228477	Fc1cccc(-c2cnccc2C(F)(F)F)c1-c1cnco1	0.029607
rxn:4:208671:227923	CCOc1ccc(C)cc1-c1nc(Cl)cc(-c2ccco2)n1	0.029596
rxn:4:217945:228859	c1cc(-c2cnc3ncsc3n2)c2nsnc2c1	0.029575
rxn:4:182190:228649	COc1cc2ccccc2cc1-c1c(C)cc(C)cc1F	0.029568
rxn:4:217969:223410	c1cc2c(-c3cncc4nc[nH]c34)c[nH]c2cn1	0.029566
rxn:4:217955:223417	c1ccc2c(-c3c[nH]c4ncnc-4c3)n[nH]c2c1	0.029558
rxn:4:177274:227881	CCCOc1ccc(-c2ccc(COC(C)C)c(Cl)c2)cc1	0.029527
rxn:4:192501:228306	CC(C)Sc1ncc(-c2ccc(CN(C)C)cc2F)cn1	0.029509
rxn:4:198693:228634	Cc1cc(Cl)cc(C)c1-c1ccc(F)c2cnccc12	0.029509
rxn:4:196307:228839	Cc1cc(F)cc(-c2ccc(-c3scnc3C)cc2)c1F	0.029507
rxn:4:197145:227956	Cc1cc(-c2c(C#N)ccc3ccccc23)cc(C(C)C)n1	0.029475
rxn:4:181043:228373	N#Cc1c(Cl)ccc(-c2cc(F)cc(F)c2C(F)(F)F)c1F	0.029429
rxn:4:181732:228276	COc1c(-c2ccc(-c3ccccc3C)o2)ccc(F)c1C	0.029422
rxn:4:218529:229325	Clc1cscc1-c1c2cc[nH]c2nc2cc[nH]c12	0.029415
rxn:4:181034:228276	COc1c(-c2ccc(C(F)(F)F)c(F)c2Cl)ccc(F)c1C	0.029390
rxn:4:208999:227874	Cc1cc(-c2nc(Cl)cc(C3CCC3)n2)cc2ccoc12	0.029353
rxn:4:212033:228306	Cc1cc2[nH]ncc2cc1-c1cnc(SC(C)C)nc1	0.029320
rxn:4:177410:228188	CCOc1c(Cl)cccc1-c1cccc(C(=O)CC(C)C)c1	0.029320
rxn:4:217457:223339	COc1cc2ncnn2cc1-c1cc2cccc(Cl)c2[nH]1	0.029316
rxn:4:217227:228351	N#Cc1cccc2c(-c3cc(-n4ccnc4)cs3)n[nH]c12	0.029305
rxn:4:208882:228804	CSc1ccc(-c2c[nH]c(-c3ccc(Cl)cc3)n2)cc1Cl	0.029304
rxn:4:197710:228836	CCc1c[nH]c2c(-c3cc(C)c(F)cc3Cl)cc(C)cc12	0.029278
rxn:4:182639:228311	CCCc1ncc(-c2cc3cc(Cl)ccc3s2)c(Cl)n1	0.029242
rxn:4:179994:228141	CCCc1cc(F)c(-c2cc(C(C)C)cc(SC)c2F)cn1	0.029232
rxn:4:211711:223390	c1cc2nc(-c3ccc4cc[nH]c4c3)ccc2cn1	0.029167
rxn:4:217427:223320	COc1ccc2c(-c3cc(C)cc4[nH]ncc34)cnn2n1	0.029147
rxn:4:178992:227812	CCSc1ccc(-c2cccc(CC(C)C)c2)c(Cl)c1	0.029128
rxn:4:199222:228404	COc1c(F)ccc(-c2cc3c(C)cn(C)c3cc2F)c1Cl	0.029122
rxn:4:216704:223404	c1cnc(-c2cn[nH]c2)c(-c2cccc3[nH]ncc23)c1	0.029119
rxn:4:216740:228856	Fc1ccc(-c2n[nH]cc2-c2cnn3cccnc23)nc1	0.029112
rxn:4:217519:223430	CCc1nc2cc(-c3ccc4[nH]nnc4c3)cnc2[nH]1	0.029112
rxn:4:181713:228241	CC(=O)c1cc(-c2ccccc2C2COC(=O)C2)ccc1F	0.029109
rxn:4:208878:228263	CC(F)(F)c1ccc(-c2cnn(-c3cccc(Cl)c3)c2)cc1	0.029094
rxn:4:211547:223415	Clc1cc2[nH]ccc2nc1-c1cccc2[nH]cnc12	0.029061
rxn:4:176364:228896	COc1ncc(-c2cccc(SCC(F)(F)F)c2)cc1F	0.029043
rxn:4:217653:223413	CC(C)n1nc(-c2cncc3[nH]ccc23)c2cccnc21	0.029009
rxn:4:182776:228373	Cc1ccc2sc(-c3ccc(Cl)c(C#N)c3F)cc2c1	0.028929
rxn:4:199112:228078	Cc1cc(F)cc2c(-c3ccc4c(c3)COC4=O)ccnc12	0.028913
rxn:4:221032:228233	CC(=O)c1cc(C)c(-c2nnc3c(Cl)[nH]cnc2-3)cn1	0.028907
rxn:4:196298:228819	Cc1cc(Cl)cc(-c2ccc(-c3ccccn3)cc2)c1F	0.028903
rxn:4:212102:223410	Cn1nc2ccc(Cl)cc2c1-c1c[nH]c2cnccc12	0.028877
rxn:4:211446:228026	Cn1ncc2ccc(-c3cccc4[nH]nc(Cl)c34)cc21	0.028877
rxn:4:220861:228028	COc1ncnc2[nH]nc(-c3cccc4nn(C)cc34)c12	0.028872
rxn:4:218308:223367	Cc1cn2ccnc2c(-c2cnc3[nH]ccc3c2F)n1	0.028828
rxn:4:196275:228637	Cc1cc(-c2nc(-c3ccccc3C)cs2)c(C)cc1F	0.028798
rxn:4:196300:228639	Cc1ccc(-c2nccs2)cc1-c1ccc(C)c(F)c1C	0.028798
rxn:4:181521:227866	CC(=O)c1cc(-c2cc3cc(C)ccc3s2)ccc1C	0.028764
rxn:4:198646:228226	Cc1c(Cl)cc(C#N)cc1-c1ccnc2ccc(Cl)cc12	0.028752
rxn:4:199116:228373	Cc1ccc2c(F)ccc(-c3ccc(Cl)c(C#N)c3F)c2n1	0.028751
rxn:4:181719:228797	COc1ccc(-c2ccccc2-c2ccccc2)cc1Cl	0.028733
rxn:4:183247:223366	CC1(C)CCCc2ccc(-c3cc(Cl)c4cn[nH]c4c3)cc21	0.028710
rxn:4:177156:228624	CCc1cc(-c2ccc(C)c(SC)c2)ccc1C(=O)OC	0.028703
rxn:4:195973:223410	Fc1c(-c2cnco2)cccc1-c1c[nH]c2cnccc12	0.028692
rxn:4:197710:228447	CCc1c[nH]c2c(-c3cccc(C(F)F)c3F)cc(C)cc12	0.028670
rxn:4:177816:227859	CCOc1ccc(-c2ccc3ccn(C)c3c2)cc1C(C)C	0.028668
rxn:4:218282:223417	Cc1ccc(-c2n[nH]c3ccccc23)c2nn[nH]c12	0.028664
rxn:4:211954:223430	Cc1n[nH]c2cccc(-c3ccc4[nH]nnc4c3)c12	0.028664
rxn:4:199089:227934	CCOc1ccc(C)c(-c2cc(C)c3nccc(Cl)c3c2)c1	0.028658
rxn:4:221082:228623	c1cc2c(ncn3c(-c4sccc4C4CCC4)cnc23)[nH]1	0.028657
rxn:4:183059:228200	Cc1ccc2c(F)cccc2c1-c1ccnn1C1CCCC1	0.028618
rxn:4:205267:228443	CSc1c(F)ccc(-c2ncccc2Oc2nccs2)c1F	0.028558
rxn:4:209929:228852	N#Cc1cc(-c2cnn3ccncc23)cc2[nH]ccc12	0.028553
rxn:4:180247:227815	CCC(C)c1ccccc1-c1cc(C(C)C)c(OC)cc1C	0.028550
rxn:4:211953:223418	Cc1nccc2c(-c3c[nH]cc4nccc3-4)c[nH]c12	0.028543
rxn:4:211380:223316	Cc1n[nH]c2ccc(-c3c[nH]c4cccnc34)cc12	0.028526
rxn:4:212328:223407	Cc1nc2cccc(C)n2c1-c1cnc2cc[nH]c2c1	0.028521
rxn:4:192021:227873	CCc1cc(-c2csc3ccc(C)cc23)cc(C(F)F)n1	0.028482
rxn:4:196328:228505	CCCc1ccc(-c2cc(C)cc(-c3cscn3)c2)cc1	0.028457
rxn:4:212390:228217	Cc1nc2nc(-c3cc(Cl)cnc3C(C)C)sc2c(C)c1C	0.028449
rxn:4:205412:223375	Fc1cc(-c2nnc(Cc3ccccc3)s2)c2cn[nH]c2c1	0.028445
rxn:4:211379:228452	Clc1ncnc2sc(-c3cnc4cc[nH]c4c3)cc12	0.028430
rxn:4:208432:228536	c1cc(-c2csc(-n3cccc3)n2)c2occc2c1	0.028414
rxn:4:199025:227817	Cc1nc2cc(C)c(-c3ccccc3CC(C)C)cc2s1	0.028413
rxn:4:178863:227876	COC(=O)c1cc(Cl)c(-c2c(C)oc3ccccc23)cc1F	0.028408
rxn:4:178737:228015	O=C(c1cc(Cl)ccc1-c1cccc(Cl)c1C1CC1)C(F)F	0.028401
rxn:4:198834:228830	Cc1c(F)ccc(-c2cncc3cc(Cl)c(F)cc23)c1F	0.028367
rxn:4:198778:228846	Cc1cc(-c2cc(F)c3nccc(Cl)c3c2)cc(F)c1F	0.028367
rxn:4:182806:228015	Cc1coc2cccc(-c3cccc(Cl)c3C3CC3)c12	0.028341
rxn:4:179044:227873	Cc1ccc2scc(-c3c(C)cccc3OC(F)F)c2c1	0.028339
rxn:4:211858:228426	COc1cc(Cl)cc(F)c1-c1cc(F)c2c(Cl)ncnc2c1	0.028304
rxn:4:181541:227866	Cc1ccc2sc(-c3cc(Cl)cc(C4COC4)c3)cc2c1	0.028292
rxn:4:208843:228861	Cc1nccn1-c1ccc(-c2cnc3scnc3c2)o1	0.028241
rxn:4:208672:227821	CCc1c(C)cc(C)cc1-c1nc(Cl)cc(-c2ccoc2)n1	0.028228
rxn:4:197386:228189	CCSc1ccc(F)c(-c2cc3cccnc3cc2OC)c1	0.028227
rxn:4:191287:228648	Cc1cc(C)c(F)c(-c2ccc(SC(F)(F)F)cn2)c1	0.028202
rxn:4:198932:227994	Cc1cc2c(-c3cc(C(C)C)ccc3Cl)ccc(F)c2[nH]1	0.028189
rxn:4:196891:228452	Cc1nc(C(C)(C)C)ccc1-c1cc2c(Cl)ncnc2s1	0.028186
rxn:4:179171:227866	Cc1ccc2sc(-c3cccc(C(=O)C(C)F)c3)cc2c1	0.028105
rxn:4:208190:228372	N#Cc1cc(F)c(-c2c(Cl)ncnc2C(F)(F)F)cc1F	0.028102
rxn:4:216412:228285	Cc1nnc2ccc(-c3nnc(-c4ccon4)s3)cn12	0.028050
rxn:4:197192:227852	COc1cc(-c2ccc3cccnc3c2)cc2[nH]ccc12	0.028015
rxn:4:218179:228535	Clc1ncc2ncc(-c3coc4ccccc34)c-2[nH]1	0.027996
rxn:4:211441:227852	Clc1n[nH]c2cc(-c3ccc4cccnc4c3)ccc12	0.027992
rxn:4:205275:228465	COC(=O)c1sc(-c2ccc(Sc3cnns3)cc2)cc1Cl	0.027975
rxn:4:197119:223337	COc1c(-c2cc3cc[nH]c3cc2F)cnc2ccsc12	0.027971
rxn:4:210163:228074	COc1ccnc2[nH]cc(-c3cc4cccc(F)c4s3)c12	0.027971
rxn:4:216977:223321	Cc1nn(-c2cccnc2)cc1-c1ccc(C)c2[nH]ncc12	0.027944
rxn:4:216987:223320	Cc1cc(-c2ccncc2-n2cnc(C)c2)c2cn[nH]c2c1	0.027944
rxn:4:199198:227807	Cc1c(-c2cccc3c2CCCC3)c2ccccc2n1C	0.027932
rxn:4:210324:223316	COc1cc(-c2ccc3[nH]nc(C)c3c2)c2nccnc2c1	0.027887
rxn:4:216819:223329	Cc1ccc2cn[nH]c2c1-c1cncc(-c2ccncc2)n1	0.027880
rxn:4:220884:223319	COc1ncnn2c(C)nc(-c3cc(C)c4[nH]ncc4c3)c12	0.027873
rxn:4:216675:228655	c1ccn2c(-c3ccc(-n4ccnc4)cn3)cnc2c1	0.027847
rxn:4:195849:228854	c1cnc(-c2ccn3cnnc3c2)c(-c2ccoc2)c1	0.027841
rxn:4:216719:228040	Clc1cccc(-c2nc(-c3ccnc4ccncc34)n[nH]2)c1	0.027836
rxn:4:208894:228435	CSc1ccc(F)c(F)c1-c1cn(-c2ccc(Cl)cc2)cn1	0.027829
rxn:4:177243:228075	CCC(C)Oc1ccc(-c2cc3c(F)cccc3s2)cc1	0.027806
rxn:4:208866:223391	c1ccc2[nH]c(-c3ccc(-c4ncc[nH]4)cc3)cc2c1	0.027787
rxn:4:198484:228008	Fc1cc(F)c2nc(-c3cc(Cl)cc(C4CC4)c3)sc2c1	0.027780
rxn:4:212390:223429	Cc1nc2nc(-c3ccnc4[nH]ncc34)sc2c(C)c1C	0.027754
rxn:4:195976:228007	Fc1ccc(C2CC2)c(-c2ccc(-c3cncs3)cc2F)c1	0.027735
rxn:4:220664:223371	Clc1cc(-c2cnn(-c3cnc(Cl)cn3)c2)c2cn[nH]c2c1	0.027727
rxn:4:199237:228949	Cc1cc2nccc(-c3c(F)cc(F)cc3Cl)c2cc1C	0.027726
rxn:4:182801:223370	Cc1oc2ccccc2c1-c1ccc(F)c2[nH]ncc12	0.027682
rxn:4:218496:223316	Cc1cn2c(-c3ccc4[nH]nc(C)c4c3)c(C)nc2cn1	0.027665
rxn:4:212157:223407	Cc1ncc(-c2cnc3cc[nH]c3c2)c2c(F)c[nH]c12	0.027660
rxn:4:218341:223338	Cc1cnc2[nH]nc(-c3cc(F)cc4[nH]ccc34)c2c1	0.027660
rxn:4:211564:223317	Cc1n[nH]c2cc(-c3cnc4[nH]ccc4c3F)ccc12	0.027660
rxn:4:218489:223379	Cc1cc2c(-c3ccc4[nH]c(=O)oc4c3)nn(C)c2cn1	0.027641
rxn:4:195892:228657	c1cc(-c2ccc(-c3ccncc3)o2)c2ccnn2c1	0.027640
rxn:4:180251:228456	COc1nc(SC)ncc1-c1cc(C)cc(C)c1OC(C)C	0.027636
rxn:4:199244:228558	CCSc1cccc(-c2cc(C)c(C)c3ncccc23)c1	0.027634
rxn:4:211490:228250	Clc1c[nH]c2cncc(-c3ccc(-c4ccco4)s3)c12	0.027613
rxn:4:196124:223321	Cc1ccc(-c2cccc(-n3cccc3)c2)c2cn[nH]c12	0.027581
rxn:4:182112:228132	N#CCc1cccc(-c2cccc3sc(C(F)F)cc23)c1F	0.027574
rxn:4:199092:229044	Cc1cc(Cl)cc(-c2cc(C)cc3c(Cl)ccnc23)c1	0.027560
rxn:4:211964:227846	Cc1c[nH]c2cc(-c3cn(C)c4ccccc34)cnc12	0.027558
rxn:4:198903:228035	Cc1ccc(-c2cn(C)c3ncccc23)c2[nH]ccc12	0.027558
rxn:4:210139:227877	COc1nc(-c2ccc3sc(C)cc3c2)cc2[nH]ccc12	0.027545
rxn:4:212160:223325	Cc1cn2cc(-c3cccc4[nH]nc(C)c34)cc(F)c2n1	0.027543
rxn:4:211314:227854	Cn1ccc2cc(-c3cncc4ncsc34)ccc21	0.027533
rxn:4:211498:228667	Clc1cn2ccc(-c3cc4ncccc4s3)cc2n1	0.027518
rxn:4:217251:228287	Cc1nnc2cc(-c3c[nH]c4c(C#N)nccc34)ccn12	0.027506
rxn:4:217613:223303	Cc1cc2c(-c3c(C4CC4)nn4cccnc34)cccc2[nH]1	0.027465
rxn:4:198755:223404	Cc1nc2c(Cl)cc(-c3cccc4[nH]ncc34)cc2s1	0.027412
rxn:4:198446:223326	Cc1n[nH]c2c(-c3ccc4cnsc4c3Cl)cccc12	0.027412
rxn:4:196297:227829	c1ccc(-c2cncc(-c3ccccc3C3CCC3)c2)cc1	0.027396
rxn:4:218490:223333	Cc1ccc2c(n1)c(-c1cc3c(Cl)cccc3[nH]1)nn2C	0.027388
rxn:4:212304:228023	Cc1cc2ncc(-c3ccc4nccnc4c3)c(C)c2[nH]1	0.027345
rxn:4:188840:228080	CC(C)Oc1ccc(-c2cc3c(Cl)cccc3s2)cc1C#N	0.027335
rxn:4:208646:223326	Cc1n[nH]c2c(-c3ccccc3-c3noc(Cl)n3)cccc12	0.027317
rxn:4:218412:223301	Cc1cc2ccc(-c3cn4ncnc4c(Cl)c3C)cc2[nH]1	0.027305
rxn:4:199266:228445	Cc1c(-c2c(F)cccc2C(F)F)cc(C)c2ncccc12	0.027296
rxn:4:199259:228417	Cc1cc(-c2ccc(F)c(C(F)F)c2)c2nc(C)ccc2c1	0.027296
rxn:4:178653:227994	CC(C)c1ccc(Cl)c(-c2ccc(Cl)c(OC(F)(F)F)c2)c1	0.027288
rxn:4:218163:228284	Cn1cc2cc(-c3cc4c(Cl)ncnc4[nH]3)cnc2n1	0.027265
rxn:4:210016:228432	CSc1c(Cl)ccc(-c2ccc3ncccc3c2C#N)c1F	0.027263
rxn:4:218430:228687	CCSc1ccc(-c2cn(C)c3cnc(Cl)nc23)cn1	0.027259
rxn:4:181498:228341	FC(F)Oc1ccc(-c2ccc(-c3cccc(Cl)c3)o2)cc1	0.027257
rxn:4:218191:228650	c1cnc2ncc(-c3ccc4nccn4c3)cc2n1	0.027250
rxn:4:198827:223413	Fc1cc2cc(-c3cncc4[nH]ccc34)cnc2cc1F	0.027211
rxn:4:198693:223375	Fc1cc(-c2ccc(F)c3cnccc23)c2cn[nH]c2c1	0.027211
rxn:4:198825:223406	Fc1c(-c2cncc3cc[nH]c23)cc(F)c2ncccc12	0.027211
rxn:4:181090:228070	CSc1ccc(-c2cc3cc(Cl)ccc3s2)cc1F	0.027194
rxn:4:212120:228058	Cc1cc2c(F)c(-c3ccc4nc(C)oc4c3)cnc2[nH]1	0.027167
rxn:4:210195:228032	CSc1n[nH]c2ccc(-c3cnc4cccnc4c3)cc12	0.027112
rxn:4:196310:228815	CSc1ccc(-c2cccnc2-c2ccccc2)c(Cl)c1	0.027031
rxn:4:211419:227845	c1cc(-c2cc3ccncn3c2)c2ccncc2c1	0.027004
rxn:4:182135:228011	COc1ccc2cc(-c3c(Cl)cccc3C3CC3)sc2c1	0.026981
rxn:4:211569:223337	Fc1cc2[nH]ccc2cc1-c1ccnc2[nH]cc(F)c12	0.026944
rxn:4:195671:228419	CSc1cc(F)c(-c2ccnc(C)c2C(F)(F)F)cc1F	0.026935
rxn:4:182821:228421	COc1cc(Cl)cc(-c2cccc3ccc(Cl)cc23)c1F	0.026932
rxn:4:198717:223318	Cc1cc2c(-c3cnc4cccc(F)c4c3)ccnc2[nH]1	0.026930
rxn:4:181032:228394	Fc1cc(-c2ccccc2C(F)(F)F)c(F)c(C(F)(F)F)c1	0.026929
rxn:4:217639:223327	CCc1nc2c(C)cc(-c3ccc4nc(C)[nH]c4c3)nc2[nH]1	0.026890
rxn:4:179378:228088	CCCSc1ccc(-c2cccc(C(=O)C3CC3)c2)cn1	0.026860
rxn:4:212360:228351	Cc1c2cc(-c3cc(-n4ccnc4)cs3)ccc2nn1C	0.026836
rxn:4:208590:228029	Cn1cc2ccc(-c3ccc(-c4ccco4)nn3)cc2n1	0.026830
rxn:4:209363:228861	Cc1ccnn1-c1ccc(-c2cnc3scnc3c2)cc1	0.026827
rxn:4:220617:228047	Cc1ccc(-c2nccc(-n3cccn3)n2)c2nccn12	0.026824
rxn:4:220743:228671	Cc1nccn1-c1cncc(-c2cccc3oncc23)n1	0.026818
rxn:4:216999:228854	Cn1cnc(-c2ccc(-c3ccn4cnnc4c3)cc2)n1	0.026801
rxn:4:178625:227864	Cc1ccc2cc(-c3cc(Cl)cc(OC(F)F)c3)sc2c1	0.026793
rxn:4:211332:228386	Clc1nc2nc(-c3cc(-c4nccs4)cs3)ccc2o1	0.026789
rxn:4:183155:227934	CCOc1ccc(C)c(-c2ccc(C)c3cccc(C)c23)c1	0.026787
rxn:4:218120:227855	Cn1c(-c2cnn3ccnc(Cl)c23)cc2ccccc21	0.026757
rxn:4:210360:228673	COc1ncc2cc(-c3cccc4nscc34)ccc2n1	0.026756
rxn:4:182833:228837	Cc1ccc(-c2cccc3cc(F)ccc23)c(F)c1Cl	0.026745
rxn:4:196303:228850	c1cc(-c2ccc(-c3ccc4nncn4c3)cc2)ccn1	0.026714
rxn:4:217300:223413	N#Cc1c(F)cc(-c2cncc3[nH]ccc23)c2[nH]cnc12	0.026693
rxn:4:220976:228285	Cc1nnc2ccc(-c3cncn4cnnc34)cn12	0.026682
rxn:4:195910:228380	N#Cc1ccc(-c2cccc(-c3cnc(Cl)s3)c2)c(F)c1Cl	0.026667
rxn:4:198536:223329	Cc1ccc2cn[nH]c2c1-c1c(F)ccc2cc[nH]c12	0.026651
rxn:4:181294:228968	CCc1cc(F)ccc1-c1cnc(SC)nc1Cl	0.026600
rxn:4:198971:223315	Cc1cnc2cccc(-c3c(C)ccc4[nH]ncc34)c2c1	0.026589
rxn:4:216765:223304	Cc1cc2cc(-c3nn[nH]c3-c3cccc(F)c3)ccc2[nH]1	0.026586
rxn:4:209298:223367	Cc1ccc(-c2[nH]ncc2-c2cnc3[nH]ccc3c2F)cc1	0.026586
rxn:4:198670:227986	Clc1ccc(-c2cncc3c(Cl)cccc23)cc1C1CC1	0.026564
rxn:4:196323:228005	CSc1cc(C)c(-c2cccc(-c3cc(C)no3)c2)cc1C	0.026553
rxn:4:212117:223298	Cc1cccc2cc(-c3cc4cnn(C)c4cc3F)[nH]c12	0.026533
rxn:4:182115:228851	FC(F)c1coc2ccc(-c3ccn4ncnc4c3)cc12	0.026527
rxn:4:178721:228448	O=C(CF)c1ccc(F)c(-c2ccc(C(F)F)cc2Cl)c1	0.026520
rxn:4:218301:228037	Cc1ccn2c(-c3cccc4cn(C)nc34)nnc2c1	0.026504
rxn:4:182787:228643	Cc1cc2ccc(-c3ccc(C)c(Cl)c3C)cc2s1	0.026492
rxn:4:182129:228050	COc1cc(-c2cncc3ccn(C)c23)c2occc2c1	0.026488
rxn:4:212131:223315	Cc1nc2cc(-c3c(C)ccc4[nH]ncc34)cc(F)c2[nH]1	0.026473
rxn:4:220589:228962	Clc1nnc(-c2ncc(-c3cccn4nnnc34)cn2)s1	0.026460
rxn:4:182116:228388	Cc1cnc(C(F)F)cc1-c1ccc2c(C(F)F)coc2c1	0.026446
rxn:4:198945:228662	Cc1cc2cc(-c3cc4cnccc4s3)cc(F)c2[nH]1	0.026434
rxn:4:215508:228039	c1ccc2nc(-c3ccc(Cn4cncn4)cc3)cnc2c1	0.026413
rxn:4:208737:228354	O=c1ccccn1-c1nc(-c2ccc(-n3ccnc3)s2)cs1	0.026398
rxn:4:211897:228038	Cc1cccc2ncc(-c3ccc4c(c3)ncn4C)n12	0.026389
rxn:4:196150:223329	Cc1ccc2cn[nH]c2c1-c1ccc(-c2ccc[nH]2)cc1	0.026347
rxn:4:205627:228035	Cn1cc(-c2cncn2Cc2ccccc2)c2cccnc21	0.026287
rxn:4:182650:228007	Fc1ccc(C2CC2)c(-c2cc3cccc(Cl)c3s2)c1	0.026275
rxn:4:199358:228355	c1cc(-c2cc(-n3cccn3)cs2)c2c3c([nH]c2c1)CCC3	0.026273
rxn:4:208656:223305	Cc1c[nH]c2cc(-c3nnc(-c4ccc(F)cc4)s3)ccc12	0.026254
rxn:4:198579:228044	Cc1cc(-c2cccc3nc(C)oc23)c2nccn2c1	0.026244
rxn:4:196270:227811	Cc1cccc(-c2nc(-c3ccc(CC(C)C)cc3)cs2)c1	0.026234
rxn:4:211640:227848	Fc1cc(-c2cccc3cccnc23)c2nccn2c1	0.026201
rxn:4:218527:228181	COCc1cc(F)ccc1-c1ccc2c(c1)sc1nncn12	0.026170
rxn:4:209978:223321	Cc1ccc(-c2ccc3cc(C#N)ccc3n2)c2cn[nH]c12	0.026140
rxn:4:220764:228386	Cc1cc(-c2cc(-c3nccs3)cs2)ccc1-n1cnnn1	0.026108
rxn:4:218346:227873	Cc1ccc2scc(-c3ccc(C)n4cnnc34)c2c1	0.026088
rxn:4:211853:223431	Fc1ccc(-c2cnc3[nH]ncc3c2)c2ncnc(Cl)c12	0.026060
rxn:4:216839:228212	c1ccn(-c2ccc(-c3cncc(-c4ccncn4)c3)s2)c1	0.026050
rxn:4:211326:228058	Cc1nc2ccc(-c3nc4c(Cl)cncc4s3)cc2o1	0.026030
rxn:4:218507:228962	Cc1cc(-c2cccn3nnnc23)cn2c(C)nnc12	0.026027
rxn:4:182823:228639	Cc1ccc(-c2cc3ccccc3cc2Cl)c(C)c1F	0.026022
rxn:4:198597:228035	Cn1cc(-c2cncc3ccccc23)c2cccnc21	0.026022
rxn:4:220862:228439	COc1c(-c2cnc(SC)n3cnnc23)ccc(F)c1Cl	0.026011
rxn:4:216669:227806	Cc1ccn(-c2ncc(-c3cccc4ccccc34)s2)n1	0.025989
rxn:4:215996:228039	COC(=O)c1c[nH]c2c(-c3cnc4ccccc4n3)cnn12	0.025987
rxn:4:198369:228068	Fc1ccc2sc(-c3cc4ncccc4o3)cc2c1	0.025973
rxn:4:197103:227853	COc1ccc2nc(-c3cccc4c3ccn4C)sc2c1	0.025972
rxn:4:211972:227842	Cc1nn2ccccc2c1-c1cccc2ncccc12	0.025968
rxn:4:220664:228026	Cn1ncc2ccc(-c3cnn(-c4cnc(Cl)cn4)c3)cc21	0.025953
rxn:4:220876:228046	CCc1nnc2c(Cl)nc(-c3ccnc4c3ccn4C)cn12	0.025945
rxn:4:212390:228005	CSc1cc(C)c(-c2nc3nc(C)c(C)c(C)c3s2)cc1C	0.025944
rxn:4:217953:228213	Clc1ncc2nc(-c3cc(-n4cccc4)cs3)sc2n1	0.025932
rxn:4:212044:227862	Cc1ncc(-c2cc3cccc(C)c3s2)c2[nH]ccc12	0.025882
rxn:4:216980:228045	Cc1cccc(-n2cnnc2-c2cnc3ccn(C)c3c2)c1	0.025882
rxn:4:182151:228010	CC(=O)c1oc2ccccc2c1-c1cc(Cl)ccc1C1CC1	0.025879
rxn:4:176474:228397	COc1cc(-c2cccc(OC(F)F)c2SC)cc(F)c1F	0.025873
rxn:4:208936:223324	Cc1cc(-c2cc(-c3ncc[nH]3)ccc2Cl)cc2[nH]ncc12	0.025870
rxn:4:212108:223299	Cc1cccc2[nH]c(-c3cc(Cl)c4cn(C)nc4c3)cc12	0.025864
rxn:4:209075:228284	Cn1cc2cc(-c3cncc(-c4ccccn4)c3)cnc2n1	0.025829
rxn:4:217004:228053	Cn1cc(-c2cncc(-c3ccc4ncncc4c3)c2)cn1	0.025829
rxn:4:216952:228039	Cc1nccn1-c1cccc(-c2cnc3ccccc3n2)n1	0.025814
rxn:4:196252:223329	Cc1ccc2cn[nH]c2c1-c1sc(-c2ccccc2)nc1C	0.025810
rxn:4:210637:228289	CC(C)n1ccc2cnc(-c3ccc4nn(C)nc4c3)cc21	0.025776
rxn:4:182812:228224	Cc1cc(C#N)cc(-c2ccc(Cl)c3ccccc23)c1Cl	0.025756
rxn:4:198825:223323	Cc1cc2cn[nH]c2cc1-c1cc(F)c2ncccc2c1F	0.025748
rxn:4:216750:227842	Fc1ccc(-n2cnc(-c3cccc4ncccc34)c2)nc1	0.025730
rxn:4:205656:227849	c1ccc(-c2ccnc3ccccc23)c(Cn2ccnc2)c1	0.025726
rxn:4:216795:228039	c1ccc(-c2cnc(-c3cnc4ccccc4n3)cn2)nc1	0.025718
rxn:4:208653:228040	Fc1ccc(-c2nnc(-c3ccnc4ccncc34)o2)cc1	0.025709
rxn:4:218213:228284	Cn1cc2cc(-c3cnc4nccnc4c3Cl)cnc2n1	0.025708
rxn:4:198917:228650	Cn1ccc2c(-c3ccc4nccn4c3)ccc(Cl)c21	0.025689
rxn:4:176584:228807	CCOC(=O)c1ccc(-c2cc(Cl)ccc2SC)c(Cl)c1	0.025617
rxn:4:197361:228026	COc1ccc2ncc(-c3ccc4cnn(C)c4c3)cc2c1	0.025605
rxn:4:182195:227905	CSc1ccc(-c2ccnc(CC(C)C)c2)c2ccccc12	0.025592
rxn:4:179941:227873	Cc1ccc2scc(-c3cccc(CC4CCC4)c3)c2c1	0.025587
rxn:4:209374:228023	Cc1ccn(-c2ccc(-c3ccc4nccnc4c3)cc2)n1	0.025583
rxn:4:199210:228355	Cc1cn(C)c2cc(-c3cc(-n4cccn4)cs3)ccc12	0.025565
rxn:4:181018:228837	Cc1ccc(-c2ccc(Cl)c(F)c2C(F)(F)F)c(F)c1Cl	0.025559
rxn:4:216837:227844	c1cnc2ccc(-c3cncc(-c4cnccn4)c3)cc2c1	0.025555
rxn:4:218477:228054	Cc1cn2nc(-c3cnc4ncccc4c3)cc(C)c2n1	0.025508
rxn:4:209007:228031	Cc1nc(-c2ccccn2)sc1-c1ccc2nn(C)cc2c1	0.025480
rxn:4:178898:228002	FCc1cc(C(F)(F)F)ccc1-c1sccc1C1CCCC1	0.025437
rxn:4:210001:228976	N#Cc1cccc2nccc(-c3ccc4c(c3)C=C4)c12	0.025433
rxn:4:212317:228036	Cc1ccc2nc(C)c(-c3cn4ccnc4cc3C)n2c1	0.025352
rxn:4:178675:228420	CSc1c(F)cc(-c2cc(F)c(F)c(OC(F)F)c2)cc1F	0.025334
rxn:4:220680:228666	Clc1cc(-n2cc(-c3ccc4ocnc4c3)cn2)ncn1	0.025317
rxn:4:195932:228394	Fc1cc(-c2ccccc2C(F)(F)F)ccc1-c1nccs1	0.025298
rxn:4:182221:228288	COc1ccc2c(C)c(-c3nc4ccc(C)cn4n3)sc2c1	0.025267
rxn:4:199013:223331	Cc1cc(-c2cc(F)c3[nH]ccc3c2)cc2cccnc12	0.025223
rxn:4:217461:227865	Cc1c(-c2nn3cc(C4CC4)nc3s2)sc2ccccc12	0.025194
rxn:4:182114:223403	FC(F)c1cc2cc(-c3ccc4cn[nH]c4c3)ccc2s1	0.025170
rxn:4:208901:227849	Fc1ccc(-n2cc(-c3ccnc4ccccc34)cn2)cc1	0.025124
rxn:4:198457:227876	Cc1oc2ccccc2c1-c1c(F)ccc2ncoc12	0.025098
rxn:4:209928:223299	Cc1cccc2[nH]c(-c3cc(C#N)cc4[nH]ccc34)cc12	0.025048
rxn:4:182260:228413	CCc1c(C)sc2ccc(-c3cc(OC)c(F)cc3Cl)cc12	0.025023
rxn:4:211881:228080	Cc1nc2ccc(-c3cc4c(Cl)cccc4s3)cc2[nH]1	0.025007
rxn:4:209012:227849	c1ccc(-c2cnc(-c3ccnc4ccccc34)cn2)cc1	0.024928
rxn:4:199017:228048	Cc1nccc2cc(-c3cnc4c(ccn4C)c3)ccc12	0.024884
rxn:4:218418:227877	Cc1nc2c(-c3ccc4sc(C)cc4c3)cc(F)cn2n1	0.024862
rxn:4:216957:227806	Cc1nccn1-c1ccnc(-c2cccc3ccccc23)c1	0.024837
rxn:4:177297:228076	CC(C)OCc1ccc(F)c(-c2cc3ccc(Cl)cc3s2)c1	0.024762
rxn:4:196565:227873	Cc1ccc2scc(-c3cc(Cl)c(C(C)(C)C)cn3)c2c1	0.024712
rxn:4:212139:227846	Cn1nc2c(F)cccc2c1-c1cn(C)c2ccccc12	0.024685
rxn:4:191317:228080	FC(F)(F)Oc1ncc(-c2cc3c(Cl)cccc3s2)cc1Cl	0.024666
rxn:4:195964:228052	Clc1ccc(-c2ncco2)cc1-c1ccc2nnccc2c1	0.024664
rxn:4:199338:229124	Cc1ncc(-c2scc3cnc4sccc4c23)cc1F	0.024651
rxn:4:199266:228451	Cc1c(-c2ccc3nnnn3c2C)cc(C)c2ncccc12	0.024520
rxn:4:196255:228456	COc1nc(SC)ncc1-c1oc(C)nc1-c1ccccc1	0.024480
rxn:4:212116:227877	Cc1cc2cc(-c3cc(F)c4c(C)n[nH]c4c3)ccc2s1	0.024455
rxn:4:196280:228023	Cc1ccc(-c2scnc2-c2ccc3nccnc3c2)cc1	0.024417
rxn:4:181259:228628	FS(F)(F)(F)(F)c1ccc(-c2cc(C3CCC3)cs2)cc1	0.024415
rxn:4:210021:228055	Cn1c(-c2ccc(C#N)c3cnccc23)nc2ccccc21	0.024351
rxn:4:212392:228031	Cc1nc2ncccc2c(C)c1-c1ccc2nn(C)cc2c1	0.024311
rxn:4:195943:228661	Fc1cccc(-c2scnc2-c2ccc3ncsc3c2)c1	0.024121
rxn:4:183015:228002	Cc1cccc2ccc(-c3sccc3C3CCCC3)cc12	0.023959
rxn:4:210346:223334	Cc1[nH]c2cccc(-c3cc4ccc(F)cc4[nH]3)c2c1C#N	0.023949
rxn:4:182815:228189	CCSc1ccc(F)c(-c2ccc3cccc(Cl)c3c2)c1	0.023947
rxn:4:181714:229198	CC1(c2ccc(-c3cnc(F)nc3F)cc2)CC1(F)F	0.023821
rxn:4:181710:228070	Fc1ccc(C2CCC2)cc1-c1cc2cc(Cl)ccc2s1	0.023693
rxn:4:198787:228351	Fc1cc2nccc(-c3cc(-n4ccnc4)cs3)c2cc1Cl	0.023689
rxn:4:181359:228070	Cc1cc(C(F)F)c(-c2cc3cc(Cl)ccc3s2)cc1F	0.023664
rxn:4:198964:227853	Cc1ccc2ccc(-c3cccc4c3ccn4C)cc2n1	0.023370
rxn:4:208853:228072	Clc1cccc2cc(-c3ccc(-n4cccc4)cn3)sc12	0.023047
rxn:4:197695:223368	CC(C)c1cc(-c2ccc(Cl)c3[nH]ncc23)c2cc[nH]c2c1	0.022960
rxn:4:182117:227827	Cc1ccc(C2CC2)cc1-c1cccc2cc(C(F)F)sc12	0.022947
rxn:4:197163:223305	Cc1c[nH]c2cc(-c3cccc4c3ccn4C(F)F)ccc12	0.022931
rxn:4:195949:228306	CC(C)Sc1ncc(-c2scnc2-c2ccccc2F)cn1	0.022863
rxn:4:182819:228037	Cn1cc2cccc(-c3ccc4ccc(Cl)cc4c3)c2n1	0.022859
rxn:4:211857:228498	Cn1cc(-c2cc(F)c3cnc(Cl)nc3c2)c(C(F)(F)F)n1	0.022852
rxn:4:179467:228871	COC(=O)c1ccsc1-c1cc(SC)c(F)c(C(C)=O)c1	0.022789
rxn:4:197162:227876	CC(=O)c1cc2occc2nc1-c1c(C)oc2ccccc12	0.022722
rxn:4:209069:227871	Cc1sc2ccccc2c1-c1cnccc1-c1ccncc1	0.022712
rxn:4:208935:228067	Fc1ccc2cc(-c3ccc(-c4ncc[nH]4)cc3Cl)sc2c1	0.022650
rxn:4:182200:228441	CSc1ccc2ccc(-c3ccc(SC)c(F)c3Cl)cc2c1	0.021833
rxn:4:198594:228080	Clc1cccc2sc(-c3cccc4cnccc34)cc12	0.021712
rxn:4:212250:227940	CCc1cc(SC)cc(-c2ccc3nc(Cl)nc(C)c3c2)c1	0.021175
rxn:4:181718:227854	Cn1ccc2cc(-c3cccc(-c4ccccc4)c3)ccc21	0.020761
rxn:4:182168:227864	CCc1cc2cc(-c3cc4ccc(C)cc4s3)ccc2o1	0.020447
rxn:4:176465:228458	COc1cccc(-c2cnc(SC)nc2SC)c1OC(F)F	0.020207
rxn:4:198611:228458	CSc1ncc(-c2ccc(C)c3scnc23)c(SC)n1	0.020172
rxn:4:191393:228449	CSc1cc(-c2ccc(C(=O)C(F)(F)F)cn2)c(F)cc1Cl	0.020142
rxn:4:195911:227864	Cc1ccc2cc(-c3cc(Cl)ccc3-c3cocn3)sc2c1	0.019964
rxn:4:199109:228068	Cc1cc(-c2cc3cc(F)ccc3s2)c2cc(F)ccc2n1	0.019955
rxn:4:181487:228968	CSc1ncc(-c2ccccc2-c2ccco2)c(Cl)n1	0.019820
rxn:4:209313:228968	CSc1ncc(-c2cnn(-c3ccccc3C)c2)c(Cl)n1	0.019800
rxn:4:197386:228968	COc1cc2ncccc2cc1-c1cnc(SC)nc1Cl	0.019701
rxn:4:209959:227872	CSc1nc(Cl)c2scc(-c3ccc4c(c3)CCC4=O)c2n1	0.017147
