name	smiles	heuristic
rxn:1:58064:8770	Cc1ccccc1-n1cc(CN)nn1	0.054679
rxn:1:41085:883	Clc1cccnc1-c1cn(C2CCCNC2)nn1	0.049969
rxn:1:40922:3265	CNC(C)Cc1cn(Cc2ccno2)nn1	0.049639
rxn:1:50960:23224	Cc1cc([C@H](O)Cn2cc([C@H]3CCOC3)nn2)cs1	0.048848
rxn:1:55694:7156	O=C(O)c1cn(Cc2cccc(C(F)(F)F)c2)nn1	0.048797
rxn:1:44795:39009	OC1(Cn2cc(-c3cncc(Cl)n3)nn2)CCCC1	0.048692
rxn:1:60200:6574	O=S(=O)(F)n1cc(CC(F)CO)nn1	0.048672
rxn:1:42369:2666	Cc1ncncc1-c1cn(CC2CCCN2)nn1	0.048022
rxn:1:61657:39153	CCC(C)NCc1cn(C[C@H](C)N)nn1	0.047951
rxn:1:61931:32277	CNC(=O)Cn1cc(-c2cc(F)c(C)cn2)nn1	0.047833
rxn:1:62520:28465	CC(C)(C)[C@@H](N)c1cn(C[C@H]2COCCO2)nn1	0.047817
rxn:1:64981:11852	Cc1cccc(-n2cc(C3CCCC(O)C3)nn2)c1	0.047332
rxn:1:65642:11975	OC1CN(Cc2cn(-c3cc(F)ccc3F)nn2)C1	0.046800
rxn:1:40344:8770	COc1cc(C=CCn2cc(CN)nn2)ccc1F	0.046758
rxn:1:41768:11740	CC(CN)c1cn(CC=Cc2ncccc2F)nn1	0.046681
rxn:1:53420:7282	CC(C)(C)[C@@H](N)c1cn(Cc2ncoc2C(F)F)nn1	0.046576
rxn:1:41740:3661	Oc1ccc(C=CCn2cc(C3CCO3)nn2)c(F)c1	0.046486
rxn:1:64366:31258	FC(F)(F)Cn1cc(C[C@H]2CNCCN2)nn1	0.046354
rxn:1:61931:7420	CNC(=O)Cn1cc([C@@H]2[C@@H]3COC[C@@H]32)nn1	0.046250
rxn:1:56639:39005	CC(C)(C)NC(=O)Cn1cc(-c2cnccn2)nn1	0.046070
rxn:1:61743:2091	CCNC(=O)C(F)(F)n1cc(-c2cn(C)cn2)nn1	0.045790
rxn:1:40082:39855	O=C(NC1CC1)c1cn(-c2ccc(C(F)(F)F)cc2)nn1	0.044956
rxn:1:64895:3949	N[C@H]1CC[C@H](c2cn(C3CCCCC3O)nn2)CC1	0.044878
rxn:1:64917:24056	NCC1(Cc2cn(-c3ccc(Cl)cc3)nn2)CC2(C1)N=N2	0.044809
rxn:1:59825:384	COc1cnn(C)c1-c1cn(C[C@H]2CCC[C@H]2N)nn1	0.044662
rxn:1:40019:8711	CC1(C)CC1c1cn(CC=Cc2ccc(O)c(F)c2)nn1	0.044659
rxn:1:60259:39730	CCOc1cn(C2CCc3c(F)cccc3NC2=O)nn1	0.044649
rxn:1:61530:38487	CC(C)(C(=O)O)n1cc(C2(c3ccc(F)cc3)CC2)nn1	0.044645
rxn:1:59923:13949	CCOC(=O)OCc1cn(CC=C(C)Cl)nn1	0.044574
rxn:1:61507:12019	CO[C@H]1C[C@H](n2cc(CC3(C(=O)O)CCCC3)nn2)C1	0.044458
rxn:1:62812:32704	NC(=O)Cn1cc(Cc2ncc(F)cn2)nn1	0.044408
rxn:1:61609:37902	COc1ccsc1-c1cn([C@](C)(CO)C(=O)O)nn1	0.044332
rxn:1:51434:24161	CN(C)C1CCC(c2cn(CC(O)C(C)(C)C)nn2)CC1	0.044064
rxn:1:61708:39467	Nc1nonc1-n1cc(CNC2CSC2)nn1	0.043884
rxn:1:56989:39098	c1csc(CCCn2cc(CC3CNCCO3)nn2)c1	0.043827
rxn:1:43978:35106	Cc1cccc(-n2cc(CC(O)C(=O)O)nn2)n1	0.043711
rxn:1:41806:23348	CCC(C)c1cn(CC=Cc2cnn(C)c2C)nn1	0.043619
rxn:1:60081:23900	CO[C@H]1C[C@H](c2cn(-c3c(Cl)cccc3C#N)nn2)C1	0.043544
rxn:1:62264:39067	CC[C@H](C)[C@H](C(=O)O)n1cc(-c2cc(C)nc(C)c2)nn1	0.043538
rxn:1:57083:27937	Cn1cc(Cl)c(CCCn2cc([C@@H]3CCCNC3)nn2)n1	0.043534
rxn:1:40148:282	COC1CCCCC1n1cc(Cc2csc(C)n2)nn1	0.043462
rxn:1:61740:31888	NC(=O)C(F)(F)n1cc(C(F)(F)C2COC2)nn1	0.043447
rxn:1:49093:32452	COC(C#N)Cn1cc(-c2ncnc(N)c2F)nn1	0.043389
rxn:1:56582:10956	CC(=O)N1CCCC[C@@H]1c1cn(CC(C)C(N)=O)nn1	0.043330
rxn:1:57557:31578	Cc1ccc(-n2cc(C3(F)CCCCC3)nn2)cc1	0.043308
rxn:1:60340:10968	CCC(N)Cc1cn(-c2ccc(C(=O)O)cc2C)nn1	0.043119
rxn:1:41742:25795	COc1cc(C#N)ccc1C=CCn1cc(C(C)N)nn1	0.043076
rxn:1:40995:8746	CC(C)(C)C(=O)OCn1cc([C@H]2C[C@H]2C(=O)O)nn1	0.043059
rxn:1:60096:8711	CC1(C)CC1c1cn(CCCN2CCCCC2)nn1	0.043045
rxn:1:49317:31182	CN(C)[C@@H]1CCC[C@H]1n1cc(-c2cccc3c2CCN3)nn1	0.042982
rxn:1:41876:7282	CC(C)(C)[C@@H](N)c1cn(-c2cccc(C=CCN)c2)nn1	0.042977
rxn:1:65798:10808	CCNCc1cn(CC=Cc2cc(O)ccn2)nn1	0.042893
rxn:1:61543:11737	CC(CC(=O)O)c1cn(-c2ccc3c(c2)NCCC3)nn1	0.042874
rxn:1:49491:28369	CCC1(c2cn(-c3ccnc(C)c3)nn2)CCCCC1	0.042791
rxn:1:45339:39461	NCC1(c2cn(CCC=Cc3cc[nH]n3)nn2)CC1	0.042735
rxn:1:47540:817	CC(C)(C)[C@@H](C(=O)O)n1cc(-c2ccc(C#N)cc2Cl)nn1	0.042642
rxn:1:60274:38323	O=c1cc(Cn2cc([C@H]3C[C@H]3CO)nn2)occ1O	0.042617
rxn:1:53230:8626	COc1nscc1-c1cn(CC2(C(C)(F)F)CC2)nn1	0.042588
rxn:1:62812:1246	CC1(C)CCN(CCCc2cn(CC(N)=O)nn2)C1	0.042569
rxn:1:45342:2124	CC(C)C(CN)c1cn(CCC=Cc2cscn2)nn1	0.042539
rxn:1:54941:2730	NC1(c2cn(CC3CC3c3cn[nH]c3)nn2)CC(F)(F)C1	0.042474
rxn:1:59997:10810	CS[C@@H]1CCC[C@@H]1n1cc(CN2CCC(=O)CC2)nn1	0.042434
rxn:1:53293:39557	CCNC(C)c1cn(-c2cccc(S(=O)(=O)F)c2)nn1	0.042419
rxn:1:65598:35117	C=C(C)c1cn(CC2CC(=O)N(c3nncs3)C2)nn1	0.042287
rxn:1:61385:28725	CN1CC(Cn2cc([C@H]3C[C@@H](C#N)C3)nn2)CC1=O	0.042280
rxn:1:62544:14995	O=C(O)[C@@]12C[C@@H](n3cc(-c4cc5n(n4)CCCC5)nn3)[C@@H]1C2	0.042191
rxn:1:43493:5198	CC(Cc1cn(CC2CC(F)(F)C2)nn1)c1cccs1	0.042080
rxn:1:50949:7802	O[C@H](Cn1cc([C@@H]2CCC[C@H]2O)nn1)c1cncc(F)c1	0.042074
rxn:1:65739:2577	Cc1ccc(C=CCn2cc(C(C)(C)CF)nn2)nn1	0.042004
rxn:1:48993:38157	CC(C)(O)C(C)(C)c1cn(C[C@H](O)C2CCCO2)nn1	0.041887
rxn:1:45368:665	NC1CCCCC1c1cn(CCC=Cc2cccnc2)nn1	0.041863
rxn:1:52204:5553	Cc1cc(C)c(C2CC2CCn2cc(C(C)N)nn2)c(C)c1	0.041814
rxn:1:59997:24666	CS[C@@H]1CCC[C@@H]1n1cc(C2(O)C(C)CCCC2(C)C)nn1	0.041807
rxn:1:62323:12170	COC1(c2cn(CC(C)C(=O)O)nn2)CCCNC1	0.041790
rxn:1:55084:3861	OCC1CCC1c1cn(CC2CC2c2cc(F)ccn2)nn1	0.041748
rxn:1:61658:31553	Nc1cc(F)c(-c2cn(C[C@@H]3CCC(=O)O3)nn2)cn1	0.041612
rxn:1:41867:3775	CC(C)(O)C1CC(c2cn(CC=Cc3ccc(Cl)o3)nn2)C1	0.041592
rxn:1:41227:31590	Cc1nc(Cl)c(-c2cn(-c3c(C)n[nH]c3C)nn2)s1	0.041501
rxn:1:51592:11788	O=C1CC(Cn2cc(-c3cnc(C4(F)CCC4)s3)nn2)C1	0.041483
rxn:1:55496:3433	COc1cccc(C2CC2Cn2cc(C=CCO)nn2)n1	0.041461
rxn:1:40663:1533	FC1(F)CCC(c2cn(CCc3ccccn3)nn2)CC1	0.041372
rxn:1:55782:2154	NC(CC(=O)c1cn(-c2cncc(F)c2)nn1)C1CC1	0.041297
rxn:1:40482:39269	N#Cc1ccc(F)c(C=CCn2cc(C3CCC3)nn2)c1	0.041163
rxn:1:60013:31327	CN[C@H](C)Cn1cc(-c2ccc(OC)cc2CN)nn1	0.041136
rxn:1:41735:28465	CC(C)(C)[C@@H](N)c1cn(CC=Cc2c(O)cccc2Cl)nn1	0.041128
rxn:1:62377:39454	Fc1cc(F)c2c(c1)[C@H](n1cc(CC3CCNC3)nn1)CCC2	0.041126
rxn:1:58141:7031	O=C(Cn1cc(C2CC23CNC3)nn1)c1ccc(F)cc1	0.041077
rxn:1:41387:38642	Cc1ccc(-n2cc(C3(C)CCCCC3)nn2)cc1C	0.041061
rxn:1:57021:3026	CSCC(C)c1cn(CCCc2ccc(C)o2)nn1	0.041047
rxn:1:54529:10572	CC(C(N)=O)S(=O)Cc1cn(Cc2ccccc2Cl)nn1	0.040965
rxn:1:55672:28705	CC1(C)CCC(n2cc(-c3cccnc3N3CCC3)nn2)CN1	0.040948
rxn:1:48949:3728	Cc1ccsc1[C@@H](O)Cn1cc(CCNC(C)C)nn1	0.040939
rxn:1:49609:23186	N#C[C@@H]1C[C@@H]1c1cn(CC2C(c3ccccc3O)C2(F)F)nn1	0.040902
rxn:1:54913:39488	CN1CC[NH+](C)C1n1cc(CC2CCOCC2)nn1	0.040799
rxn:1:59246:1086	OCc1cc(-n2cc(CN3CCC(F)(F)CC3)nn2)ccc1F	0.040658
rxn:1:45418:7269	Cc1ccnc(C=CCCn2cc([C@@H]3COC(=O)N3)nn2)n1	0.040588
rxn:1:65640:3998	CN1CCC(S(=O)Cc2cn(C[C@@H]3CCCN3)nn2)CC1	0.040537
rxn:1:57326:7282	CC(C)(C)[C@@H](N)c1cn(CCCc2ccc(F)c(O)c2)nn1	0.040465
rxn:1:65771:23072	Clc1cnccc1C=CCn1cc(C2CNC3(CC3)CO2)nn1	0.040452
rxn:1:52761:15534	CC(C)Cc1nn(C)cc1-c1cn(CCC(C)(C)C)nn1	0.040387
rxn:1:55818:12099	CCCc1cn(CC2CC2c2ccc(Cl)cc2C#N)nn1	0.040386
rxn:1:45497:7781	Cc1cc(C=CCCn2cc([C@H](N)C(C)C)nn2)ccc1F	0.040382
rxn:1:65736:39283	Nc1cncc(C=CCn2cc(C(=O)C3CCC3)nn2)c1	0.040354
rxn:1:49234:572	O=C(Cn1cc(C2(O)CNC2)nn1)c1cccc(Cl)c1	0.040353
rxn:1:62267:30568	NC1CCCC1Cn1cc(CNCc2ccccc2)nn1	0.040348
rxn:1:57304:23900	CO[C@H]1C[C@H](c2cn(CCCc3cc(O)ccc3Cl)nn2)C1	0.040340
rxn:1:62534:11886	NCCC(=O)NCc1cn(-c2ncc(C(F)(F)F)s2)nn1	0.040243
rxn:1:58085:30510	CCC(C)(O)c1cn(CC(=O)Nc2cc(F)ccc2C)nn1	0.040225
rxn:1:54973:3708	CC(C)NC(C)(C)c1cn(CC2CC2c2cncnc2)nn1	0.040208
rxn:1:59980:38150	C=C(c1ccc(Cl)cc1)c1cn(C2CCCCC2C(=O)O)nn1	0.040200
rxn:1:41633:38941	COCc1cccc(-n2cc(CC3CCCCC3)nn2)c1	0.040158
rxn:1:62401:32181	CC(=O)[C@H]1C[C@H](n2cc(C3CC[C@H]4COC(=O)N34)nn2)C1	0.040104
rxn:1:49406:11892	NC12CCC(Cn3cc(C45CC(C(F)(F)F)(C4)C5)nn3)(C1)OC2	0.040019
rxn:1:55357:2099	Cc1ccc(N)c(C2CC2Cn2cc(C(C)C3CCC3)nn2)n1	0.039989
rxn:1:49408:3213	N[C@H]1CC[C@@H](n2cc(CC(=O)CC3CCNC3)nn2)CC1	0.039955
rxn:1:62397:1588	COC(=O)[C@H]1C[C@H](n2cc(C(CN)CC(C)(C)C)nn2)C1	0.039920
rxn:1:52705:38613	OC1(Cc2cn(Cc3cccc(OC(F)(F)F)c3)nn2)CCC1	0.039876
rxn:1:55640:14980	O=C(Cc1cn(C2(C(=O)O)CCOCC2)nn1)C1CCCC1	0.039874
rxn:1:62515:24210	CCO[C@@H]1CCCC[C@@H]1n1cc(C(C)N2CC(F)C2)nn1	0.039865
rxn:1:62023:39593	O=C(c1cn(-c2cccnc2)nn1)N1CC2CNCC2C1	0.039848
rxn:1:49820:5553	CC(N)c1cn(CC2C(c3ccsc3C(=O)O)C2(F)F)nn1	0.039839
rxn:1:62723:3297	CCC(C)N1CC(Cn2cc(C3(C)CCC3)nn2)CC1=O	0.039822
rxn:1:51165:31390	COC(=O)CN(C)Cc1cn([C@@H]2CCC[C@@H]2O)nn1	0.039752
rxn:1:47445:3915	CSCC[C@H](C(=O)O)n1cc(-c2cnc(O)c(F)c2)nn1	0.039731
rxn:1:61296:39565	CCCN1CC(n2cc(C(CC)NCC(C)C)nn2)C1	0.039627
rxn:1:57093:39421	NC(=O)c1ccc(Cn2cc(C3(F)CCNC3)nn2)c(F)c1	0.039610
rxn:1:49304:18819	O=C1NCCN1Cc1cn([C@@H]2CCCC[C@H]2N2CCCC2)nn1	0.039597
rxn:1:59956:7031	CC(C)(C)OC(=O)N1CCC1Cn1cc(C2CC23CNC3)nn1	0.039596
rxn:1:57039:39106	c1cncc(CCCn2cc(-c3cn[nH]c3)nn2)c1	0.039566
rxn:1:61256:11764	CC1CC(n2cc(C3CCCN3S(N)(=O)=O)nn2)CC(C)(C)C1	0.039548
rxn:1:40427:23898	Cc1cc(C=CCn2cc(CC3CC(N)C3)nn2)cnc1C#N	0.039539
rxn:1:61013:13833	O=C(Cn1cc([C@H]2CCCC[C@H]2O)nn1)N1CC2CC1CO2	0.039470
rxn:1:55782:3822	CCOC(=O)C1(c2cn(-c3cncc(F)c3)nn2)CC1	0.039465
rxn:1:53167:7034	Cc1ccc(C(=O)O)c(-n2cc(C3CC34CCNCC4)nn2)c1	0.039449
rxn:1:61510:38820	O=c1[nH]c(O)ncc1-c1cn([C@H]2C[C@H](OCCF)C2)nn1	0.039426
rxn:1:59972:39002	CC(=O)OC1(c2cn([C@H]3CCC[C@H](N)C3)nn2)CCCCC1	0.039419
rxn:1:50156:7399	N[C@@H](CCn1cc(-c2cnn3c2CCC3)nn1)C(=O)O	0.039384
rxn:1:61532:7656	COc1ccnc(Cn2cc(CNC(C)=O)nn2)c1OC	0.039371
rxn:1:41558:12160	OC1(C(F)(F)F)CC(c2cn(-c3cccc(F)c3F)nn2)C1	0.039368
rxn:1:45413:3377	Cc1ccc(C=CCCn2cc(C3(O)CCSCC3)nn2)nn1	0.039344
rxn:1:58150:39496	CC(C)c1nnc(NC(=O)Cn2cc(C3CC4CC4C3)nn2)o1	0.039335
rxn:1:57161:28220	Cc1cc(CCCn2cc(CSC(C)C)nn2)ccn1	0.039242
rxn:1:59761:39239	O=C(O)[C@H]1CCCN1Cc1cn(-c2ccc3c(c2)OCO3)nn1	0.039182
rxn:1:49052:4467	Cc1nnsc1C(=O)NCc1cn(C2CCC(N)CC2)nn1	0.039167
rxn:1:45246:21389	CCC(=O)NCc1cn(C2=C(Cl)C(=O)N3CCCOC23)nn1	0.039078
rxn:1:42369:30980	Cc1cc(C(=O)O)n(Cc2cn(CC3CCCN3)nn2)n1	0.039077
rxn:1:45695:27941	CO[C@@H](C)c1cn(CCC=Cc2ncc(F)cc2C)nn1	0.039072
rxn:1:55234:31623	OC1(c2cn(CC3CC3c3cc(F)cc(F)c3)nn2)CC2CC2C1	0.039040
rxn:1:49831:0	CC(C)(N)c1cn(CC2C(c3cc(O)ccc3Cl)C2(F)F)nn1	0.038927
rxn:1:53413:2516	CS(=O)(=O)c1cn(CCC2C(c3cccc(O)c3)C2(F)F)nn1	0.038917
rxn:1:55152:3297	Cc1ccc(F)cc1C1CC1Cn1cc(C2(C)CCC2)nn1	0.038861
rxn:1:48606:709	CC=Cc1cn(CCC(O)C(O)c2ccc3c(c2)CC3)nn1	0.038833
rxn:1:57188:24118	Nc1nccc(CCCn2cc([C@@H]3CC[C@H]3CO)nn2)n1	0.038739
rxn:1:51583:11720	Cc1cscc1C1CC1CCn1cc(CC(C)(C)CN)nn1	0.038695
rxn:1:45606:23205	Cc1cc(O)cc(C=CCCn2cc([C@@H]3CCC[C@@H]3O)nn2)c1	0.038689
rxn:1:62150:23182	NC(=O)[C@@H]1C[C@@H]1c1cn(CC2CC(F)(F)C(=O)O2)nn1	0.038684
rxn:1:62157:4157	C=C(Cl)CNCc1cn([C@@H]2CCN(C(=O)OC(C)(C)C)C2)nn1	0.038665
rxn:1:54943:6994	O=C1COC(=O)N1Cc1cn(CC2CC2c2c[nH]cn2)nn1	0.038646
rxn:1:62802:39378	CC(C)OC(=O)c1cn(CC(=O)NCc2cccs2)nn1	0.038617
rxn:1:57189:7071	Nc1cnc(CCCn2cc(C3(CO)CCC3)nn2)cn1	0.038603
rxn:1:60663:7566	CCOC1CC(n2cc(C[C@@H](N)C(=O)OC)nn2)C1	0.038602
rxn:1:61689:39288	CCN(C)Cc1cn([C@@H](C)c2ccc(C(F)(F)F)cc2)nn1	0.038581
rxn:1:43172:4413	CC(C)(C)C1COC(Cn2cc(CNCc3ccco3)nn2)C1	0.038552
rxn:1:65690:14989	FC(F)C1CCC(c2cn(CC=Cc3ncccn3)nn2)O1	0.038523
rxn:1:52099:3846	Oc1cc(C2CC2CCn2cc(C3CC(F)C3)nn2)cnc1O	0.038462
rxn:1:63001:6520	CNCC(C)(C)CCc1cn([C@@H](C)c2ccccc2Cl)nn1	0.038417
rxn:1:56721:17983	CCCS(=O)CCn1cc(-c2c3c(nn2C)CSC3)nn1	0.038413
rxn:1:61163:39327	Cc1cnc(C(=O)N2CC(n3cc(C4(O)CCC4)nn3)C2)cn1	0.038391
rxn:1:64312:23281	COC(=O)C(Cc1ccccc1)n1cc(C[C@@H](C)N)nn1	0.038356
rxn:1:49421:32503	CNCC1CCC(c2cn([C@H]3COC4(CCC4)[C@@H]3O)nn2)CC1	0.038348
rxn:1:40747:12188	O=C(O)c1ccc(F)c(C=CCn2cc(CC3COC3)nn2)c1	0.038337
rxn:1:41333:39466	C(=Cc1cccc(N2CCCCC2)c1)Cn1cc(C2CNC2)nn1	0.038283
rxn:1:51593:8654	CSC1(c2cn(CCC3CC3c3ccc(Cl)o3)nn2)CC1	0.038258
rxn:1:41503:3083	Cc1oncc1-c1cn(-c2cc(Cl)cc(Cl)c2)nn1	0.038173
rxn:1:60598:11690	Cc1[nH]nc(C2CCC2)c1Cn1cc(CC2CCCCC2=O)nn1	0.038159
rxn:1:57161:32728	Cc1cc(CCCn2cc([C@]34CCC[C@]3(F)CNC4)nn2)ccn1	0.038115
rxn:1:45414:23085	Nc1cccc(C=CCCn2cc(C34CCC3CNC4)nn2)n1	0.038114
rxn:1:53409:11910	OC1CCCCCC1c1cn(Cc2ncoc2C(F)(F)F)nn1	0.038078
rxn:1:45659:11852	N#Cc1cc(C=CCCn2cc(C3CCCC(O)C3)nn2)ccn1	0.038070
rxn:1:61573:39151	CC(C)(C)NCc1cn(CCCC(=O)c2cccs2)nn1	0.038053
rxn:1:49701:39112	CC(C)(CO)c1cn(CC2C(c3ncccc3O)C2(F)F)nn1	0.038016
rxn:1:46825:31848	Cc1cnc(C(O)C(O)Cn2cc([C@H]3[C@@H]4CCCC[C@@H]43)nn2)s1	0.038001
rxn:1:61341:7838	CCCCN1CC(n2cc(C3CC(N)(C(=O)O)C3)nn2)C1	0.037936
rxn:1:49565:32134	Cn1ccnc1C1C(Cn2cc(C3(C(N)=O)CC3)nn2)C1(F)F	0.037884
rxn:1:55378:6524	CC(C)(CC1CCC1)c1cn(Cc2cc(F)cc(F)c2)nn1	0.037879
rxn:1:47551:5839	CC(C)(C)[C@H](C(=O)O)n1cc(COc2nccnc2N)nn1	0.037869
rxn:1:49090:11807	COC(=O)C1(Cn2cc(C34CCC(CO)(CC3)C4)nn2)CC1	0.037848
rxn:1:57130:28544	NCC12CC(c3cn(CCCc4ccc(Cl)cn4)nn3)(CO1)C2	0.037843
rxn:1:57553:11793	CC(CO)Cc1cn(CCCc2nc(Cl)cnc2N)nn1	0.037798
rxn:1:40893:38434	O=C(O)C1(c2cn(CC=Cc3ccc(C(F)(F)F)nc3)nn2)CC1	0.037748
rxn:1:51885:35112	CC(OCc1cn(-c2ccc(S(C)(=O)=O)cc2)nn1)C(=O)O	0.037728
rxn:1:62151:23222	Clc1ccc2[nH]c(-n3cc([C@@H]4CCCOC4)nn3)nc2c1	0.037622
rxn:1:65678:470	CC1CN(C)CC(C)C1(O)c1cn(CC=Cc2ccsc2Cl)nn1	0.037618
rxn:1:46268:39119	CC(=O)c1ccc(C=CCCn2cc(C(N)=O)nn2)cc1Cl	0.037613
rxn:1:43292:31920	Cc1nc(N)ncc1-c1cn(CC2CC3(CCCOC3)CO2)nn1	0.037597
rxn:1:59828:26705	CCCc1n[nH]c(SCc2cn([C@@H]3CCCNC3)nn2)n1	0.037527
rxn:1:57614:8716	Cc1c(F)ccc(CCCn2cc(C3CC3(F)F)nn2)c1Cl	0.037513
rxn:1:57601:26727	COCCc1cn(CCCc2c(C)cc(F)cc2C)nn1	0.037489
rxn:1:62266:14939	O[C@@H]1CCCCC[C@H]1n1cc(C2CCCc3ccccc32)nn1	0.037478
rxn:1:44982:3898	COC1(c2cn(CC3Cc4cccc(C)c4O3)nn2)CCOC1	0.037463
rxn:1:56964:3987	NCC1CC1c1ccccc1-n1cc(CN2C=CSCC2=O)nn1	0.037431
rxn:1:62301:31441	O=C1CC[C@@H](Cn2cc(-c3cccc4nsnc34)nn2)N1	0.037428
rxn:1:60052:38921	CC(C)C(C)(O)c1cn(Cc2cnn3cc[nH]c23)nn1	0.037379
rxn:1:57755:31195	Fc1ccccc1-n1cc(-c2ccc3c(c2)CNC3)nn1	0.037358
rxn:1:60817:1991	CC(C)(C)OC(=O)Cn1cc([C@H](O)[C@H]2COC(C)(C)O2)nn1	0.037340
rxn:1:62518:28635	CN(C)C(=O)C(F)Cc1cn([C@@H]2CCCc3cccnc32)nn1	0.037324
rxn:1:52820:37782	CCC(CC)Cn1cc(-c2c(F)cccc2SC)nn1	0.037313
rxn:1:43238:817	CCC1(C)COC(Cn2cc(-c3ccc(C#N)cc3Cl)nn2)C1	0.037283
rxn:1:57698:28465	CC(C)(C)[C@@H](N)c1cn(CCCc2cccc(CO)c2F)nn1	0.037281
rxn:1:44779:12164	COC(=O)c1sc(-n2cc(C3(OC)CNC3)nn2)cc1O	0.037231
rxn:1:53385:12226	CCc1ccc(C2C(CCn3cc(CC#N)nn3)C2(F)F)s1	0.037216
rxn:1:52905:3403	OC1(Cc2cn(Cc3ccc4c(c3)CCO4)nn2)CCC12CCCC2	0.037215
rxn:1:60163:2885	COC(=O)[C@@H](C)Cn1cc(CCc2cccn2C)nn1	0.037202
rxn:1:44906:30401	COC(Cn1cc(-c2cnn(CC(=O)O)c2C)nn1)C1CC1	0.037199
rxn:1:48486:39051	Cc1ccsc1C(O)C(O)CCn1cc([C@@H](C)N)nn1	0.037138
rxn:1:61090:14991	O=C(O)C1CC(c2cn(CC(=O)N3CC4CCC3C4)nn2)CO1	0.037115
rxn:1:40174:1383	CNc1cccc(C=CCn2cc(C3(O)CC(OC)C3)nn2)c1	0.037104
rxn:1:60967:23276	NCc1ccc(-n2cc(COc3ccccc3)nn2)cc1	0.037072
rxn:1:62064:38722	Nc1cncc(-c2cn(S(=O)(=O)c3ccccc3)nn2)c1	0.037055
rxn:1:43384:8653	CC1(C)OCCOC1c1cn(C2CCCc3cccnc32)nn1	0.037039
rxn:1:40170:2017	COC(=O)C1(Cc2cn(Cc3cnns3)nn2)CCCN1	0.037035
rxn:1:61738:2210	CN(C)C(=O)C1(n2cc(C(C)(C)N3CCCCC3)nn2)CCC1	0.037010
rxn:1:60907:15214	Cn1[nH]c(=O)cc1-c1cn(CCN(C2CC2)C2CCSC2)nn1	0.037010
rxn:1:63521:3674	Nc1ncnc2[nH]cc(-c3cn(C4CCCC4)nn3)c12	0.037005
rxn:1:59753:23154	COc1ccc(-n2cc(CC3CN(C4CCC4)C3)nn2)c(C)c1	0.037002
rxn:1:40078:2060	N#Cc1cncc(C=CCn2cc(C(=O)C3CNC3)nn2)c1	0.036987
rxn:1:57015:2161	O=C(c1cn(CCCc2sccc2Cl)nn1)C1COCCN1	0.036907
rxn:1:54878:31945	c1cc2c(c(-c3cn(CCN4CCC5COCC5C4)nn3)c1)NCC2	0.036869
rxn:1:55094:28393	N#Cc1cc(C2CC2Cn2cc(C(CN)CC3CC3)nn2)cs1	0.036855
rxn:1:49356:2055	CN1CCCN([C@@H]2COC[C@H]2n2cc([C@@H](N)C(C)(C)C)nn2)CC1	0.036840
rxn:1:65777:909	Cc1ccc(C=CCn2cc(C3(O)CC(C)CC(C)(C)C3)nn2)cn1	0.036838
rxn:1:48983:38410	NC(C(=O)O)c1ccc(-n2cc(C3(N)CC3)nn2)cc1	0.036824
rxn:1:62437:7044	O=C1CC(c2cn(CC3CNCC3c3ccncc3)nn2)CN1	0.036824
rxn:1:52705:23901	CO[C@H]1C[C@@H](c2cn(Cc3cccc(OC(F)(F)F)c3)nn2)C1	0.036806
rxn:1:52330:38352	COC(=O)c1cccc(-c2cn(CC3CCOC3C)nn2)c1	0.036800
rxn:1:51819:3934	CCc1cccc(C2CC2CCn2cc([C@@H]3CCC[C@H]3O)nn2)c1	0.036731
rxn:1:55052:31612	CN1CCN(Cc2cn(CC3CC3c3ccncc3N)nn2)C1=O	0.036728
rxn:1:65724:28434	COCC1(c2cn(CC=Cc3ccc(O)cc3)nn2)CCCCC1	0.036721
rxn:1:40487:24119	O=C(O)[C@@H]1CC[C@@H]1c1cn(CC(O)Cc2cccc(F)c2)nn1	0.036701
rxn:1:49365:1156	CCn1ccnc1-c1cn(C(C)CCC2CCCCC2)nn1	0.036697
rxn:1:54686:7025	O=C(O)CC1(OCc2cn(CCc3ccccc3)nn2)CC1	0.036687
rxn:1:62906:2671	CCOC(C)c1cn(CC2CC(=O)N(CC(C)C)C2)nn1	0.036674
rxn:1:59882:31603	C[C@]1(O)CC[C@H](c2cn(CCc3ccc(C(=O)O)cc3)nn2)CC1	0.036673
rxn:1:40599:12256	N#Cc1ccc(O)c(C=CCn2cc(C3(CN)CCCC3)nn2)c1	0.036635
rxn:1:46215:1420	OCC1(c2cn(CCC=Cc3ccccc3C(F)(F)F)nn2)CC1	0.036608
rxn:1:59999:27776	c1cc(-c2cn(C[C@@H]3C[C@H]4CC[C@@H]3O4)nn2)c2nc[nH]c2c1	0.036603
rxn:1:45641:3899	Cc1ncc(C=CCCn2cc(C3(F)CCNCC3)nn2)cc1N	0.036596
rxn:1:57306:39399	Oc1ccc(F)c(CCCn2cc(C3CCCCCC3)nn2)c1	0.036571
rxn:1:51991:2213	CNC1COCC1C(=O)c1cn(C2CCn3cccc3C2)nn1	0.036531
rxn:1:40061:6571	CNCC(F)Cc1cn(CC=Cc2cnc(N)c(F)c2)nn1	0.036511
rxn:1:49151:37764	COCC(CO)n1cc(-c2ccc3nc(C)oc3c2)nn1	0.036508
rxn:1:59980:28454	O=C(O)C1CCCCC1n1cc(C[C@@H](O)CO)nn1	0.036497
rxn:1:57748:6509	CN1CCOC(c2cn(CCCc3cc(Cl)c(O)c(Cl)c3)nn2)C1	0.036491
rxn:1:45877:2473	COc1cc(F)ccc1C=CCCn1cc(C2COCC2O)nn1	0.036482
rxn:1:61246:12182	CCC(CC)(c1cn(C2CN(C(=O)c3cnc[nH]3)C2)nn1)C(F)F	0.036408
rxn:1:57015:39281	Cn1ccnc1-c1cn(CCCc2sccc2Cl)nn1	0.036387
rxn:1:41369:12092	CC(C)Cc1cn(CC=Cc2ccc(C(F)(F)F)cc2CO)nn1	0.036373
rxn:1:40022:39355	NC1CCCN(Cc2cn(CC=Cc3cc(F)ccc3O)nn2)C1	0.036356
rxn:1:43525:1886	Cc1cc(N)nc(-c2cn(C3CCOC4(CCNCC4)C3)nn2)c1	0.036328
rxn:1:61861:35112	COC(=O)C(C)(C)Cn1cc(COC(C)C(=O)O)nn1	0.036295
rxn:1:57698:707	CC(C)C(=O)c1cn(CCCc2cccc(CO)c2F)nn1	0.036251
rxn:1:43469:12229	Cc1nc2ccc(-n3cc(C45CC(C4)C5)nn3)cc2s1	0.036224
rxn:1:65708:11723	Cc1ccc(C(=O)n2cc(-c3cn(C)nc3CN)nn2)o1	0.036216
rxn:1:61096:31536	C[C@@]1(c2cn(CCN3CCC(C(F)F)C3)nn2)CCCCC1=O	0.036208
rxn:1:60240:23142	CN(C)C(=O)N1CC(Cc2cn(C3CCn4ccnc43)nn2)C1	0.036192
rxn:1:57225:2582	CCCN1CCN(CCn2cc(C3(CF)CC3)nn2)CC1	0.036185
rxn:1:49907:23321	Cc1ncc(N)cc1C1C(Cn2cc([C@@H]3C[C@H]3CO)nn2)C1(F)F	0.036169
rxn:1:46086:21278	CC(=O)c1cccc(C=CCCn2cc(C(C)(C)C)nn2)n1	0.036126
rxn:1:61437:23219	COC(=O)c1ccc(Cn2cc([C@H]3CCCOC3)nn2)nc1	0.036108
rxn:1:56207:7096	COc1ccc(F)c(C2CC2Cn2cc([C@@H]3CC[C@H](N)C3)nn2)c1F	0.036085
rxn:1:45420:23139	CC(=O)N1CC(Cc2cn(CCC=Cc3ccc(N)cn3)nn2)C1	0.036080
rxn:1:46375:31603	C[C@]1(O)CC[C@H](c2cn([C@@H]3CN[C@H](C(=O)O)C3)nn2)CC1	0.036073
rxn:1:62372:29962	CCC(O)C(C)(O)c1cn([C@H]2CCCCC[C@@H]2O)nn1	0.036017
rxn:1:53084:22363	CSc1cnn(Cc2cn(C3CC4CCCC(C3)N4)nn2)c1N	0.035996
rxn:1:62229:30973	C[C@H]1CN(C)C(=O)[C@@]1(O)c1cn(CC(=O)N2CCCC2)nn1	0.035859
rxn:1:64993:39119	N#Cc1cccnc1N1CC(Cn2cc(C(N)=O)nn2)CC1=O	0.035832
rxn:1:40287:12076	Cc1cc(Cl)c(C=CCn2cc(N(C)S(C)(=O)=O)nn2)cc1F	0.035786
rxn:1:65715:2787	OCc1cc(C=CCn2cc(CC3CCC(F)(F)CC3)nn2)cs1	0.035686
rxn:1:55782:34475	Cc1nn(C)c(F)c1-c1cn(-c2cncc(F)c2)nn1	0.035685
rxn:1:49382:32074	N#Cc1ccc(Cl)cc1-n1cc(CCNn2cccc2)nn1	0.035677
rxn:1:56477:12226	N#CCc1cn(CC2CC2c2ccc(F)cc2OC(F)F)nn1	0.035659
rxn:1:46071:11725	COc1ncc(F)cc1C=CCCn1cc(C2CCCO2)nn1	0.035624
rxn:1:55660:11692	CC(O)CCc1cn(CC2CC2c2cc(CO)ccc2F)nn1	0.035608
rxn:1:45420:7707	Cc1cnc(-c2cn(CCC=Cc3ccc(N)cn3)nn2)s1	0.035592
rxn:1:40222:8527	COc1cccc(C=CCn2cc(C(C)OC(C)(C)C)nn2)n1	0.035575
rxn:1:44936:31691	CCc1nc(N)sc1-c1cn(CC2(O)CCN(C(C)C)CC2)nn1	0.035572
rxn:1:60855:28426	CCOC(=O)CCn1cc(C[C@H](O)CO)nn1	0.035525
rxn:1:49302:4147	CNC(C)C(=O)NCc1cn([C@@H]2CC[C@H]2O)nn1	0.035478
rxn:1:41010:6275	Cc1c(C=CCn2cc([C@@H]3CNC[C@H]3O)nn2)cccc1C(F)(F)F	0.035474
rxn:1:60999:1305	Cc1cc(-c2cn(CCN3CCC4(CCCCO4)CC3)nn2)sn1	0.035462
rxn:1:61236:31328	O=C(CCC1CCCC1)N1CC(n2cc(-c3cnc[nH]c3=O)nn2)C1	0.035412
rxn:1:51556:39601	O=C(O)C1(c2cn(-c3cccc(C4CC4CCO)c3)nn2)CCC1	0.035393
rxn:1:53311:39112	CC(C)(CO)c1cn(-c2ccccc2C2C(CCO)C2(F)F)nn1	0.035342
rxn:1:49504:6527	COC[C@H]1C[C@@H](Cn2cc(C(C)(C)CC3CCCO3)nn2)C1	0.035319
rxn:1:61608:20605	COC(=O)[C@@](C)(O)Cn1cc(C(=O)Nc2ccccc2)nn1	0.035318
rxn:1:57673:24167	COc1cc(F)ccc1CCCn1cc([C@@H](N)CC(C)C)nn1	0.035279
rxn:1:60056:8615	CCC(c1cn(C2=CCN(C(=O)OC(C)(C)C)CC2)nn1)N(C)C	0.035268
rxn:1:60928:11785	O=C(O)c1cccnc1Cn1cc(C2OCCNCC2(F)F)nn1	0.035243
rxn:1:41017:7059	CC(C)N1CC(c2cn(CC(=O)Nc3ccc(Cl)cc3)nn2)OC1=O	0.035238
rxn:1:62746:39650	C[C@@H](C(=O)O)N1CC(Cn2cc(-c3ccc(O)cc3)nn2)CC1=O	0.035230
rxn:1:46736:10808	CCNCc1cn(CCC=Cc2ccccc2C(N)=O)nn1	0.035218
rxn:1:39963:23167	Cc1c(F)cccc1C=CCn1cc(C2CN(C3COC3)C2)nn1	0.035175
rxn:1:62586:14860	C[C@@H](O)Cc1cn([C@H]2C3CC([C@@H]2O)N(C(=O)OC(C)(C)C)C3)nn1	0.035128
rxn:1:64895:2460	CC(C)(NC(=O)c1cn(C2CCCCC2O)nn1)C(=O)O	0.035122
rxn:1:59811:2469	CN(CC1CCC1)C(C)(C)c1cn(C2Cc3ccccc3C2)nn1	0.035115
rxn:1:52029:12001	Cc1cc(F)cnc1C1CC1CCn1cc(C[C@H](C)C(=O)O)nn1	0.035110
rxn:1:51731:4157	C=C(Cl)CNCc1cn(CCC2CC2c2cccc(C)n2)nn1	0.035110
rxn:1:48935:14990	COC(=O)C1CC(c2cn(-c3ccc(C(F)F)cc3)nn2)CO1	0.035109
rxn:1:51752:23726	Cc1noc(C)c1C1CC1CCn1cc(C2(O)CS(=O)(=O)C2)nn1	0.035106
rxn:1:57524:704	CCC(C)S(=O)CCn1cc(C(C)(C)N(C)C(C)(C)C)nn1	0.035097
rxn:1:55599:23113	COc1ccc(O)cc1C1CC1Cn1cc(C2COC(=O)C2)nn1	0.035095
rxn:1:62549:1196	CC(=O)c1cnn(Cc2cn(CC34CCCCC3CNC4)nn2)c1	0.035077
rxn:1:61050:23839	CC(O)C1CCN(C(=O)Cn2cc(C3NCC4CCC43)nn2)CC1	0.035064
rxn:1:64908:39288	CCN(C)Cc1cn(CC2CC(=O)N(c3ccncc3N)C2)nn1	0.035036
rxn:1:51683:30953	CCn1ccnc1C1CC1CCn1cc(C2CCC(N)C(C)C2)nn1	0.035028
rxn:1:55135:23199	N#Cc1n[nH]cc1C1CC1Cn1cc(C(CCN)C2CC2)nn1	0.035016
rxn:1:45494:38152	Cc1ccc(Cl)cc1C=CCCn1cc(C2(N(C)C)CC2)nn1	0.035014
rxn:1:52688:23330	C[C@H](O)Cc1cn(CCC2CC2c2ccc(C(F)F)c(F)c2)nn1	0.035010
rxn:1:39930:29588	CCCC(=O)OCc1cn(CC=Cc2cn(C)nc2N)nn1	0.035001
rxn:1:45768:7063	OCc1cccc(C=CCCn2cc(C34CCCN3CCC4)nn2)n1	0.034998
rxn:1:55696:23183	CNC(=O)[C@@H]1C[C@@H]1c1cn(CC2CC2c2cc(C)c(O)c(C)c2)nn1	0.034992
rxn:1:62230:31388	COC(=O)N1C[C@@H](F)C[C@H]1c1cn(CC(=O)Nc2cc(C)on2)nn1	0.034984
rxn:1:55177:2795	Cc1ccc(C2CC2Cn2cc(-c3[nH]cnc3C)nn2)cc1F	0.034979
rxn:1:48903:38473	CCOc1ccc(-c2cn(-c3cnccc3C)nn2)cn1	0.034976
rxn:1:58851:2013	CC1CCN(CCCn2cc(-c3ccc(CN)c(F)c3)nn2)C(C)C1	0.034962
rxn:1:61226:4363	O=C(C1CC1)N1CC(n2cc(CN(CCO)C3CC3)nn2)C1	0.034956
rxn:1:61135:38988	CC(C)(C)C(=O)N1CC(n2cc(-c3cccc([C@H](N)CO)c3)nn2)C1	0.034946
rxn:1:61645:39601	O=C(O)c1ccc(-n2cc(C3(C(=O)O)CCC3)nn2)cc1C(F)(F)F	0.034917
rxn:1:50477:39102	N#Cc1ccc(C2C(Cn3cc(C4CCOCC4)nn3)C2(F)F)cc1O	0.034860
rxn:1:60240:23630	Cc1cnn(C(C)c2cn(C3CCn4ccnc43)nn2)c1	0.034844
rxn:1:65534:31486	COCC(O)c1cn(CC2CC(=O)N(c3cc(Cl)ccn3)C2)nn1	0.034835
rxn:1:43361:1874	CC(C)(c1cn(CC(=O)NCc2ccc(F)cc2)nn1)N1CCCC1	0.034819
rxn:1:61531:38950	COc1ccc(OC)c(-c2cn(CC3OCCOC3(C)C)nn2)c1	0.034798
rxn:1:54991:11983	OCC1CCCN1CCc1cn(CC2CC2c2ccncc2)nn1	0.034756
rxn:1:40343:561	Cc1nc(C(C)C)oc1Cn1cc(CCC[C@@H](N)CO)nn1	0.034709
rxn:1:41406:354	Cc1ccc(C)c(-n2cc(C(=O)c3ccsc3)nn2)c1	0.034679
rxn:1:40562:23145	O=C(O)c1cc(C=CCn2cc(C3CN(C4CCC4)C3)nn2)ccn1	0.034674
rxn:1:62228:1917	c1c(C(NC2=NCCO2)C2CC2)nnn1CCN1CCOCC1	0.034664
rxn:1:45624:11781	Nc1cc(Cl)cnc1C=CCCn1cc(COCC(F)F)nn1	0.034650
rxn:1:51625:3646	OC[C@H]1CC[C@@H](c2cn(CCC3CC3c3ccccc3F)nn2)CC1	0.034637
rxn:1:41525:32379	Cc1cncc(-c2cn(-c3cc(Cl)ccc3F)nn2)c1F	0.034607
rxn:1:64618:38487	Nc1ccnc(Cn2cc(C3(c4ccc(F)cc4)CC3)nn2)n1	0.034599
rxn:1:55352:31258	N#Cc1ccc(C2CC2Cn2cc(C[C@H]3CNCCN3)nn2)nc1	0.034589
rxn:1:64924:32416	CC1(C#N)CC(c2cn(CC3CC(=O)N(c4cnccc4O)C3)nn2)C1	0.034589
rxn:1:42500:5468	COC(=O)C1CCCC(n2cc(-c3cn(C)nc3C#N)nn2)C1	0.034575
rxn:1:51596:2260	Cc1ccc(C2CC2CCn2cc(C3CCCS(=O)(=O)C3)nn2)o1	0.034547
rxn:1:62854:23193	CC(C)(C)N1CC(Cn2cc(CC3(C(F)F)CCC3)nn2)CC1=O	0.034502
rxn:1:65682:2483	CN(Cc1cn(CC=Cc2cncnc2)nn1)S(=O)(=O)Cl	0.034494
rxn:1:57006:8808	Cc1ccc(CCCn2cc(-c3ccc(CN)cc3)nn2)s1	0.034484
rxn:1:65538:12227	CCCC(C)(N)c1cn(CC2CC(=O)N(c3cc(F)ccn3)C2)nn1	0.034473
rxn:1:61092:39474	FC(F)(F)C1CCN(CCn2cc(CCn3cncn3)nn2)C1	0.034388
rxn:1:57230:8653	Cc1c(Cl)cccc1CCCn1cc(C2OCCOC2(C)C)nn1	0.034361
rxn:1:51993:2516	CS(=O)(=O)c1cn(CCC2CC2c2c(Cl)ncnc2Cl)nn1	0.034349
rxn:1:40186:39026	CN1CCN(Cc2cn(CC=Cc3ncc(Cl)cc3F)nn2)CC1	0.034348
rxn:1:50133:12099	CCCc1cn(CC2C(c3ccccc3C(C)C)C2(F)F)nn1	0.034336
rxn:1:52339:24062	c1c(COC2CN3CCC2CC3)nnn1CCc1n[nH]c2c1CCC2	0.034310
rxn:1:53029:31041	Cn1ncc2cccc(-c3cn(C4CC5CCC(C4)N5)nn3)c21	0.034298
rxn:1:61686:31586	C[C@@H](c1ccc(F)cc1Cl)n1cc(C[C@]2(C)CCCCC2=O)nn1	0.034288
rxn:1:65735:4414	Nc1ncccc1C=CCn1cc(CC2CCCCCC2N)nn1	0.034279
rxn:1:56979:3007	CC(C)(c1cn(-c2cccc(C3CC3C(N)=O)c2)nn1)C1CCCCC1	0.034275
rxn:1:61321:37903	c1cncc(Cn2cc(-c3cn4c(n3)COCC4)nn2)c1	0.034263
rxn:1:55812:38463	N#Cc1ccc(C2CC2Cn2cc(C(N)C3CCCCO3)nn2)cc1F	0.034247
rxn:1:65671:1375	CC1(c2ccccc2-c2cn(CC=Cc3nc[nH]n3)nn2)CC1	0.034194
rxn:1:60992:557	N[C@H](CO)Cc1cn(CCN2CCC3(CC2)COC3)nn1	0.034183
rxn:1:49384:12248	Cc1cc(-c2cn(-c3cccc(C(C)O)c3)nn2)c(Cl)cc1F	0.034180
rxn:1:60164:23841	CCn1nc2c(c1CCn1cc(C3NC(=O)C4CCC43)nn1)CCCC2	0.034165
rxn:1:50375:3861	N#Cc1cc(F)ccc1C1C(Cn2cc(C3CCC3CO)nn2)C1(F)F	0.034137
rxn:1:51567:38605	Cc1ccc(-c2cn(CCC3CC3c3cn[nH]c3)nn2)c(C)c1	0.034121
rxn:1:61823:38327	Cc1cnc(-c2cn(C3CCc4cccnc43)nn2)cn1	0.034120
rxn:1:62183:96	O[C@H]1[C@H](O)[C@H]2CO[C@H](O2)[C@H]1n1cc(-c2ccoc2C(F)(F)F)nn1	0.034118
rxn:1:40326:7058	COc1cc(F)cc(C=CCn2cc(C3OC(=O)NCC3(C)C)nn2)c1	0.034112
rxn:1:63823:11776	CN(C)C(=O)N1CCC(c2cn(CC(=O)N3CCCCC3)nn2)C1	0.034079
rxn:1:49115:37732	COC(Cn1cc(-c2cccc3[nH]c(C)cc23)nn1)C(=O)O	0.034073
rxn:1:39951:24178	Cc1cccc(F)c1C=CCn1cc(C(CCO)CCO)nn1	0.034042
rxn:1:40804:11785	CS(=O)(=O)C1(Cn2cc(C3OCCNCC3(F)F)nn2)CCCCC1	0.034022
rxn:1:63973:2189	COCCC(N)c1cn(CC2CC(=O)N(C3CCCCC3)C2)nn1	0.033991
rxn:1:45405:2704	CC(C)(CS(C)(=O)=O)c1cn(CCC=Cc2cnccc2N)nn1	0.033976
rxn:1:51708:23728	O=S1(=O)CC(F)(c2cn(CCC3CC3c3ccc(F)cn3)nn2)C1	0.033958
rxn:1:57030:385	COc1cn[nH]c1-c1cn(CCCc2c[nH]c(C)n2)nn1	0.033940
rxn:1:58861:8713	Cn1cnc(S(=O)(=O)n2cc(C3(S(C)(=O)=O)CCC3)nn2)c1	0.033845
rxn:1:49061:3300	CC1(C)CN(CCn2cc(CN3CCCCCC3=O)nn2)CCS1	0.033840
rxn:1:41286:38445	O=C1COc2ccc(C=CCn3cc(C4CCCCC4O)nn3)cc2N1	0.033832
rxn:1:57241:38986	Cc1cccc(C)c1CCCn1cc(-c2ccccc2O)nn1	0.033803
rxn:1:65565:39559	CC(NCC1CC1)c1cn(CC2CC(=O)N(c3ncns3)C2)nn1	0.033776
rxn:1:57838:3849	Cc1cccc(C#N)c1CCCn1cc(CCC[C@@H]2C[C@H]2O)nn1	0.033750
rxn:1:61876:134	O=C(Cc1cn(CC2OCCNCC2(F)F)nn1)c1cccnc1	0.033749
rxn:1:45257:37724	COCCN1C(=O)C(Cl)=C(n2cc(-c3sc(Cl)nc3Cl)nn2)C1O	0.033721
rxn:1:63971:5198	CC(Cc1cn(CC2CC(=O)N(C3CCC3)C2)nn1)c1cccs1	0.033710
rxn:1:49520:11764	NS(=O)(=O)N1CCCC1c1cn(CC2C(c3cccs3)C2(F)F)nn1	0.033704
rxn:1:64477:23144	CC(C)N1CC(c2cn(Cc3csc4ccccc34)nn2)C1	0.033667
rxn:1:60718:38433	COC(=O)c1c(Cn2cc(C3(N)CCCC3)nn2)nn2c1CCCC2	0.033636
rxn:1:51983:2580	CCc1nc(C)c(C2CC2CCn2cc(CC(C)(C)OC)nn2)[nH]1	0.033628
rxn:1:49316:29093	CN1CCCN([C@@H]2CCCC[C@H]2n2cc(C(N)C3CCOC3)nn2)CC1	0.033604
rxn:1:51966:11686	Cc1nn(C)c(C)c1C1CC1CCn1cc(CCNC(C)(C)C)nn1	0.033555
rxn:1:54766:39922	COc1ccc(-c2cn(Cc3ccc(F)cc3F)nn2)nn1	0.033543
rxn:1:61486:4104	CNC1CCN(Cc2cn(Cc3ccc(C(=O)N(C)C)s3)nn2)CC1	0.033535
rxn:1:45409:1860	CN(C)C(=O)C(C)(O)c1cn(CCC=Cc2cccnc2N)nn1	0.033528
rxn:1:61874:23214	N#CCc1cc(Cl)ccc1-c1cn(CC2OCC(=O)NCC2(F)F)nn1	0.033520
rxn:1:40017:3756	O=c1cc(-c2cn(CC=Cc3ccc(O)c(Cl)c3)nn2)cc[nH]1	0.033519
rxn:1:61313:2119	COCCN1CC(n2cc(CC(N)C(=O)C3CC3)nn2)C1	0.033505
rxn:1:63965:738	O=C(O)[C@@]1(Cc2cn(CCn3ccccc3=O)nn2)CCCN1	0.033503
rxn:1:41227:16786	Cc1n[nH]c(C)c1-n1cc(-c2cnn(CCCO)c2C)nn1	0.033489
rxn:1:50949:38673	COc1ccc(-c2cn(C[C@@H](O)c3cncc(F)c3)nn2)nc1	0.033467
rxn:1:45403:39744	CC1=C(Cc2cn(CCC=Cc3c(C)n[nH]c3C)nn2)C(=O)CC1O	0.033459
rxn:1:39950:8722	Cc1ccc(C=CCn2cc(C(C)N3CCSCC3)nn2)c(Cl)c1	0.033445
rxn:1:53167:3475	Cc1ccc(C(=O)O)c(-n2cc(CN3CCC(C(N)=O)CC3)nn2)c1	0.033438
rxn:1:57230:11767	Cc1c(Cl)cccc1CCCn1cc([C@H]2CC[C@H](C(=O)O)CC2)nn1	0.033417
rxn:1:60585:12184	O=C(O)[C@@H](Cc1ccc(O)cc1)n1cc(C2(C(F)F)CCCC2)nn1	0.033414
rxn:1:40756:11720	CC(C)(CN)Cc1cn(CC=Cc2cccc(Cl)c2C(=O)O)nn1	0.033413
rxn:1:43653:775	Cc1cc(C(=O)O)ccc1-c1cn(-c2c(Cl)cccc2Cl)nn1	0.033410
rxn:1:55824:3898	CNCc1ccc(C2CC2Cn2cc(C3(OC)CCOC3)nn2)cc1	0.033381
rxn:1:62259:12226	CC1(C)O[C@H]2O[C@H]([C@H](O)CO)[C@H](n3cc(CC#N)nn3)[C@H]2O1	0.033381
rxn:1:42182:31469	Cc1ncc(-c2cn(CC(O)c3ccc(Cl)cc3)nn2)cc1N	0.033373
rxn:1:40042:38810	Cc1ccc(O)cc1C=CCn1cc(-c2cccn(C)c2=O)nn1	0.033341
rxn:1:63660:38958	CCC1(c2cn(CC3CC(=O)N(c4ccc(C)nc4N)C3)nn2)COC1	0.033334
rxn:1:55339:3438	Cc1ncc(N)cc1C1CC1Cn1cc(C2(O)CCN(C)C2=O)nn1	0.033319
rxn:1:43207:1792	Cc1cccc(SCc2cn(CC3CC4(CCCCN4)CO3)nn2)c1	0.033287
rxn:1:45596:38996	Cc1ccc(O)cc1C=CCCn1cc(C(C)(C)NC(C)(C)C)nn1	0.033286
rxn:1:52607:38342	CC(C)(Cn1cc(-c2ccc(Cl)cn2)nn1)c1ccccc1	0.033265
rxn:1:62574:4094	CC1CN(Cc2cn(-c3cncc4ccccc34)nn2)CCC1N	0.033254
rxn:1:40430:32053	CC(C)(C)n1cc(C=CCn2cc(CCNC3=NCCCC3)nn2)cn1	0.033250
rxn:1:40288:11726	Cc1c(F)ccc(C=CCn2cc(CCC(N)C(=O)O)nn2)c1Cl	0.033240
rxn:1:65736:383	COc1cn(C)nc1-c1cn(CC=Cc2cncc(N)c2)nn1	0.033230
rxn:1:45507:4094	Cc1ccc(F)c(C=CCCn2cc(CN3CCC(N)C(C)C3)nn2)c1	0.033205
rxn:1:65411:11910	O=C1CC(Cn2cc(C3CCCCCC3O)nn2)CN1c1cnns1	0.033192
rxn:1:61969:12172	NC1(c2cn(CC3CC(=O)N(CCc4cccs4)C3)nn2)CCSC1	0.033177
rxn:1:60968:2490	COCC1CN(C(=O)Cn2cc(C3CCCCC3(C)O)nn2)CC1(C)C	0.033150
rxn:1:60709:32015	OCc1cccc(SCc2cn(C[C@@H](O)C3CCCC3)nn2)c1	0.033142
rxn:1:64116:11964	CN(C)C1CCN(CCn2cc(C(O)c3ccc(Cl)c(Cl)c3)nn2)C1	0.033141
rxn:1:62423:18277	COc1ccccc1OCc1cn(-c2cc(C)nc(N)n2)nn1	0.033133
rxn:1:60675:39586	Cc1cccc([C@@H]2CO[C@@H](Cn3cc(CNC4CCOCC4)nn3)C2)c1	0.033127
rxn:1:63749:11852	Cc1cc(N2CC(Cn3cc(C4CCCC(O)C4)nn3)CC2=O)cnc1C	0.033123
rxn:1:65722:10917	CN(CCc1cn(CC=Cc2ccccc2O)nn1)CC(=O)O	0.033111
rxn:1:62552:13880	CC(C)(C)OC(=O)N1C[C@@H](O)[C@H](n2cc(COS(C)(=O)=S)nn2)C1	0.033080
rxn:1:56216:23727	FC(F)Oc1cccc(C2CC2Cn2cc(C3(F)CSC3)nn2)c1	0.033079
rxn:1:65746:31151	Nc1ccc(C=CCn2cc(-c3nccc(N)c3Cl)nn2)nc1	0.033064
rxn:1:40898:22945	CC(C)(N)COCc1cn(CC=Cc2cccc(C(F)(F)F)n2)nn1	0.033041
rxn:1:42566:37763	CCC1(Cn2cc(-c3ccc4c(cnn4C)c3)nn2)CCNC1=O	0.033038
rxn:1:44876:2745	O=C(O)[C@H]1C[C@](O)(Cc2cn(CC(O)c3cccs3)nn2)C1	0.033037
rxn:1:57024:2538	Cc1ccc(F)cc1-c1cn(CCCc2cncnc2)nn1	0.033018
rxn:1:61829:7704	COc1cncc(-c2cn(-c3cccc(CC(=O)O)c3)nn2)n1	0.032974
rxn:1:56173:2054	C[C@@]1(c2cn(CC3CC3c3ccc(S(=O)(=O)F)cc3)nn2)CCCN1	0.032972
rxn:1:40199:28477	CC(C)C[C@@H](N)c1cn(CC=Cc2c[nH]c(C(=O)O)c2)nn1	0.032951
rxn:1:51601:807	Cn1ccc(C2CC2CCn2cc(CNCC3(C)COC3)nn2)n1	0.032945
rxn:1:55404:2218	Cc1ccc(F)c(C2CC2Cn2cc(CC(=O)C3(C)CCNC3)nn2)n1	0.032940
rxn:1:55098:12246	Cc1ccnc(-c2cn(CC3CC3c3ccc(C#N)s3)nn2)c1N	0.032929
rxn:1:41996:6523	Cc1cccc(-n2cc(C(C)(C)CC3CC(C)(C)C3)nn2)c1Cl	0.032928
rxn:1:49742:8703	COC1(c2cn(CC3C(c4c(C)cccc4F)C3(F)F)nn2)CCC1	0.032904
rxn:1:52529:38957	COc1c(O)cccc1-c1cn(Cc2ccc(C(F)(F)F)o2)nn1	0.032887
rxn:1:40104:1149	COc1cccc(-n2cc(-c3ccc(C(C)(C)C)s3)nn2)c1	0.032884
rxn:1:60151:11724	CCn1nc2c(c1CCn1cc([C@H]3CC[C@H](CN)CC3)nn1)COCC2	0.032854
rxn:1:64936:39127	Fc1ccc(-n2cc(CNCc3ccc(Cl)cc3)nn2)cc1Cl	0.032850
rxn:1:58186:3662	CC(=O)N1CC(c2cn(CCCc3c(C)nn(C)c3C(=O)O)nn2)C1	0.032828
rxn:1:50520:7116	NC1CC1c1cn(CC2C(c3ccc4ncsc4c3)C2(F)F)nn1	0.032826
rxn:1:40380:28464	CNC(=O)C(N)Cc1cn(CC=Cc2ccc(OC)cc2C)nn1	0.032817
rxn:1:63560:24349	Cc1ccc(N2CC(Cn3cc(CCC4CCNC4)nn3)CC2=O)cn1	0.032779
rxn:1:63099:27772	O=C(O)c1cncnc1-c1cn([C@@H]2CCc3cc(Cl)ccc32)nn1	0.032776
rxn:1:46084:2250	COc1ccc(C=CCCn2cc(C3(N)CCN(C)CC3)nn2)c(C)n1	0.032773
rxn:1:49634:28990	Cc1cncc(C2C(Cn3cc(CN4CCCC4=O)nn3)C2(F)F)n1	0.032772
rxn:1:55128:31523	Oc1ccc(C2CC2Cn2cc(-c3cncc(F)c3Cl)nn2)nc1	0.032754
rxn:1:40078:1917	N#Cc1cncc(C=CCn2cc(C(NC3=NCCO3)C3CC3)nn2)c1	0.032747
rxn:1:54974:28275	CCc1ncc(-c2cn(CC3CC3c3cnn(C)c3)nn2)o1	0.032738
rxn:1:60807:11779	O=C(O)Cc1ccc(Cn2cc(C34CCCN3C(=O)COC4)nn2)cc1	0.032733
rxn:1:63506:12213	Cc1cc(O)ccc1N1CC(Cn2cc([C@@H]3CN(C)C[C@H]3F)nn2)CC1=O	0.032713
rxn:1:53405:32362	NC1(c2cn(CCC3C(c4ccsc4CO)C3(F)F)nn2)CC(F)C1	0.032683
rxn:1:50307:37862	Cc1cc(N)nc(C)c1C1C(Cn2cc([C@@H]3COC[C@@H]3O)nn2)C1(F)F	0.032679
rxn:1:45345:2743	COc1cc(Cl)ccc1-c1cn(CCC=Cc2nc[nH]n2)nn1	0.032661
rxn:1:59723:7755	CC1(c2cn(C3CCN(C(=O)NC4CCOCC4)CC3)nn2)CCCN1	0.032659
rxn:1:49629:29088	Cc1nc(-c2cn(CC3C(c4cncc(N)c4)C3(F)F)nn2)cs1	0.032658
rxn:1:56983:2814	CC(C)(C)n1cc(-c2cn(-c3cccc(CCCO)c3)nn2)cn1	0.032625
rxn:1:55422:31816	C[C@@H](c1cn(CC2CC2c2ccccc2CN)nn1)N1CCOCC1=O	0.032604
rxn:1:65724:37715	CN(C)c1cccc(-c2cn(CC=Cc3ccc(O)cc3)nn2)n1	0.032604
rxn:1:63934:18516	CCc1cn(C)nc1-c1cn(C(C)C(=O)Nc2ccccc2)nn1	0.032573
rxn:1:49333:2153	CN1CCN([C@@H]2CCC[C@H]2n2cc(C(=O)C3(C)CCNC3)nn2)CC1	0.032553
rxn:1:61051:23774	CC(O)C1CCN(CCn2cc(C3(n4cc(F)cn4)CCC3)nn2)CC1	0.032527
rxn:1:61568:30495	Cn1cc(-c2cn([C@@H]3CN(C(=O)OC(C)(C)C)C[C@H]3O)nn2)c(C2CC2)n1	0.032524
rxn:1:49928:1159	Cc1ccc(N)nc1C1C(Cn2cc(C3(O)CCN(C)C3)nn2)C1(F)F	0.032501
rxn:1:58141:1364	CC(C)C(NC1CSC1)c1cn(CC(=O)c2ccc(F)cc2)nn1	0.032492
rxn:1:43469:2152	Cc1nc2ccc(-n3cc(C(=O)C4CNCC4C)nn3)cc2s1	0.032473
rxn:1:60921:37617	CCN(CCn1cc(C2=CC(C)(C)NC(C)(C)C2)nn1)C1CCOCC1	0.032471
rxn:1:65394:892	O=C(Cn1ccnn1)NCc1cn(-c2ccncc2)nn1	0.032456
rxn:1:40752:12054	O=C(O)c1cc(Cl)cc(C=CCn2cc(C3CC4(CC(F)C4)C3)nn2)c1	0.032448
rxn:1:60053:38424	CC(C)N(C)Cc1cn(Cc2cc3ccc(F)cc3[nH]c2=O)nn1	0.032447
rxn:1:45458:7137	Cc1cc(C=CCCn2cc(COC3COCC3F)nn2)ccn1	0.032445
rxn:1:61272:7106	NC(Cc1cn(C2CN(Cc3cccs3)C2)nn1)c1cccs1	0.032440
rxn:1:49628:11781	Nc1ncccc1C1C(Cn2cc(COCC(F)F)nn2)C1(F)F	0.032399
rxn:1:49568:39238	O=C(O)[C@@H]1CCCN1Cc1cn(CC2C(c3cccnc3)C2(F)F)nn1	0.032390
rxn:1:60919:2267	O=C(O)C1(c2cn(CCN(C3CCOCC3)C3CC3)nn2)CCCC1	0.032379
rxn:1:61058:35333	COCC1CCCN1CCn1cc(-c2ccc(OC)c(F)c2)nn1	0.032372
rxn:1:61668:14204	CC[C@H](c1ccccc1F)n1cc(-c2ccc(CO)cc2F)nn1	0.032338
rxn:1:62354:30313	CCn1ccc(-c2cn(C3CN(C(=O)OC(C)(C)C)C(C)(C)C3)nn2)n1	0.032316
rxn:1:45589:38441	CC(=O)c1ccc(C=CCCn2cc(C(C)(C)OC(N)=O)nn2)s1	0.032306
rxn:1:61106:4418	CN(CCC#N)Cc1cn(CC(=O)N2CCCC(CF)C2)nn1	0.032301
rxn:1:41234:12170	COC1(c2cn(CC=Cc3ccc4c(c3)OCCC4=O)nn2)CCCNC1	0.032281
rxn:1:56120:11755	CC(=O)N1CCCC1c1cn(CC2CC2c2cc(F)cc(C(=O)O)c2)nn1	0.032279
rxn:1:56247:3287	CC(C)(c1cn(CC2CC2c2cnc(C(=O)O)c(N)c2)nn1)C(F)(F)F	0.032266
rxn:1:45713:3301	COC1CCCC1(O)c1cn(CCC=Cc2ccccc2CN)nn1	0.032227
rxn:1:61112:2071	NC1COCC1C(=O)c1cn(CC(=O)N2CCCC(F)C2)nn1	0.032227
rxn:1:61371:10815	O=C(NCc1cn(CCN2CCOCC2=O)nn1)NC1CC1	0.032224
rxn:1:55005:11861	O=C(O)C1(Cc2cn(CC3CC3c3cccc(Cl)c3)nn2)CCCCO1	0.032219
rxn:1:57748:6158	CC(C)C(C(=O)O)c1cn(CCCc2cc(Cl)c(O)c(Cl)c2)nn1	0.032206
rxn:1:49635:30972	CN1C[C@@](O)(c2cn(CC3C(c4ncccc4N)C3(F)F)nn2)[C@H]2C[C@H]21	0.032184
rxn:1:57037:31212	Cc1cnc(CCCn2cc([C@](C)(O)c3ccncn3)nn2)s1	0.032175
rxn:1:61830:129	CCOc1cccc(-n2cc(-c3cc4n(n3)CCCO4)nn2)c1	0.032150
rxn:1:45137:2458	CCc1cc(-n2cc(-c3cccc(C(C)(C)O)c3)nn2)ccc1O	0.032144
rxn:1:54964:2194	CCc1cc(-c2cn(CC3CC3c3sccc3Cl)nn2)no1	0.032133
rxn:1:57351:290	Cc1cc(O)cc(CCCn2cc(-c3ccsc3CF)nn2)c1	0.032127
rxn:1:40441:39693	O=C(O)c1ncc(C=CCn2cc(-c3ncccn3)nn2)cn1	0.032127
rxn:1:61086:128	O=C(Cn1cc(-c2ccc(NC3CC3)nn2)nn1)N1CCCC(O)C1	0.032120
rxn:1:48960:19	OC(Cn1cc(-c2cccc3c2OCCO3)nn1)c1csc(Cl)c1	0.032110
rxn:1:45358:3475	Cn1cc(C=CCCn2cc(CN3CCC(C(N)=O)CC3)nn2)cn1	0.032108
rxn:1:49521:32701	Fc1cnc(-c2cn(CC3C(c4ccoc4)C3(F)F)nn2)cn1	0.032101
rxn:1:61391:22258	Cc1cnoc1-c1cn(Cc2cccc3c2OC(F)(F)O3)nn1	0.032098
rxn:1:45512:2551	Cc1ccc(C=CCCn2cc(C(=O)C3CCNC3C)nn2)cc1Cl	0.032097
rxn:1:61077:7089	COC(=O)[C@@H]1CCCC[C@H]1c1cn(CC(=O)N2CC(CO)C2)nn1	0.032094
rxn:1:57184:12253	Cc1n[nH]c(N)c1CCCn1cc(C2(N)CCC(F)(F)CC2)nn1	0.032084
rxn:1:57993:39287	CN(Cc1cn(CCCc2cc3c(cc2Cl)OCO3)nn1)C1CC1	0.032072
rxn:1:62865:1677	C[C@@H](CCn1cc(-c2cccc3c2OCO3)nn1)OC1CCCCO1	0.032066
rxn:1:59777:28663	CC(C)(CCN)c1cn(C2CCCN(S(=O)(=O)N3CCCC3)C2)nn1	0.032066
rxn:1:61995:10022	O=C(O)c1csc(SCc2cn(C3C4CC5CC(C4)CC3C5)nn2)n1	0.032045
rxn:1:52146:37767	COC(=O)c1ccc(Cn2cc(C3=CC[C@H]4C[C@@H]3C4(C)C)nn2)cc1	0.032022
rxn:1:40744:39544	CC(c1cn(CC=Cc2cccc(C(=O)O)c2Cl)nn1)N1CCOC1=O	0.032001
rxn:1:60599:38922	CC(C)(C)OC(=O)N1C[C@H]2C[C@H](n3cc(COC4CCNC4)nn3)C[C@H]2C1	0.032001
rxn:1:45134:1393	OC1(c2cn(-c3ccc(OCC4CCCO4)cc3)nn2)CCC(F)(F)CC1	0.031996
rxn:1:61293:38990	N[C@H](CO)c1ccc(-c2cn(C3CN(CC4CCCCC4)C3)nn2)cc1	0.031980
rxn:1:49785:2092	CC(c1cn(CC2C(c3cc(F)ccc3F)C2(F)F)nn1)C1CC1	0.031976
rxn:1:55305:11876	Cc1ccc(C2CC2Cn2cc(CC3(C(=O)O)CC(C)C3)nn2)c(O)c1	0.031960
rxn:1:65749:31395	COCc1ncc(-c2cn(CC=Cc3cnc(O)cn3)nn2)s1	0.031950
rxn:1:57094:24122	Cc1nn(C)cc1CCCn1cc(C2CCCN2CC(F)(F)F)nn1	0.031940
rxn:1:60917:39433	CN(CCn1cc(COCC2CCNCC2)nn1)C1CCSCC1	0.031936
rxn:1:65024:30974	C[C@H]1CN(C)C(=O)[C@]1(O)c1cn(C2CCN(C(=O)OC(C)(C)C)C2)nn1	0.031930
rxn:1:43539:38262	CC1(C)C(c2cn(CC(=O)Nc3ccc(F)c(Cl)c3)nn2)CC12OCCO2	0.031929
rxn:1:62026:7852	CN1CCC(c2cn(CC34CC5CC(CC(C5)C3)C4)nn2)(N(C)C)CC1	0.031929
rxn:1:52536:13978	CN(C)c1ncc(C2CC2CCn2cc(CCC(N)=O)nn2)cn1	0.031927
rxn:1:55613:31063	COc1ccc(C2CC2Cn2cc(C3CCC(CN)CC3)nn2)c(Cl)c1	0.031926
rxn:1:48376:31347	Cc1csc(C(O)C(O)Cn2cc(C(O)CCC#N)nn2)c1	0.031926
rxn:1:57024:38657	O=C(O)c1cccc(-c2cn(CCCc3cncnc3)nn2)n1	0.031917
rxn:1:58325:12001	C[C@@H](Cc1cn(CCCc2ccc(C(F)(F)F)c(Cl)c2)nn1)C(=O)O	0.031913
rxn:1:49641:4428	Oc1ncc(C2C(Cn3cc(CN4CCCCCCC4)nn3)C2(F)F)cn1	0.031907
rxn:1:65696:34548	Cc1ccc(NC(=O)Cn2cc(CN3CCCS(=O)(=O)CC3)nn2)cc1	0.031905
rxn:1:46816:39624	CC1(C)CCN(Cc2cn(CC(O)C(O)c3cncnc3)nn2)CC1	0.031887
rxn:1:49716:23160	Nc1ccc(C2C(Cn3cc(C4CCN(C5CCC5)C4)nn3)C2(F)F)nn1	0.031881
rxn:1:45996:23072	NCc1ccc(F)c(C=CCCn2cc(C3CNC4(CC4)CO3)nn2)c1	0.031864
rxn:1:40102:12218	Cc1cnc(C=CCn2cc([C@@H]3CN(S(C)(=O)=O)C[C@H]3F)nn2)c(N)c1	0.031861
rxn:1:60584:7083	COC(=O)[C@H]1CC[C@@H](c2cn([C@](C)(C(=O)O)c3ccccc3)nn2)CC1	0.031795
rxn:1:50804:24352	CC1(C)O[C@H]2O[C@H](Cn3cc(CCC4CCCNC4)nn3)[C@H](O)[C@H]2O1	0.031794
rxn:1:51564:1913	CCOC(=O)C1CC1c1cn(CCC2CC2c2cccs2)nn1	0.031790
rxn:1:46162:2121	CC(C)(c1cn(CCC=Cc2ccc3c(c2)CCC3=O)nn1)C1CC1	0.031790
rxn:1:41009:7799	Cc1cc(C(F)(F)F)ccc1C=CCn1cc(C2(O)CC(F)(F)C2)nn1	0.031786
rxn:1:40279:12247	CC(C)c1ccccc1C=CCn1cc(CC2(CO)CCOCC2)nn1	0.031782
rxn:1:65263:1872	CC(C)(c1ccc(F)cc1)c1cn(-c2ccc(F)c(F)c2)nn1	0.031763
rxn:1:61541:28433	CC(C)[C@H](N)C(=O)OCc1cn(-c2ccc(C(=O)O)cn2)nn1	0.031749
rxn:1:56097:2796	CCC1(c2cn(CC3CC3c3ccc(S(C)(=O)=O)cc3)nn2)CCC1	0.031742
rxn:1:58120:1228	CC1(C)CCCC1(O)c1cn(CCCc2ccc(F)cc2C(=O)O)nn1	0.031735
rxn:1:40727:13825	CNC1CCCC1(O)c1cn(CC=Cc2ccc(C(F)F)c(F)c2)nn1	0.031731
rxn:1:57113:31658	Oc1cnc(CCCn2cc(-c3csc(C(F)(F)F)c3)nn2)cn1	0.031698
rxn:1:56994:7057	Cc1ccccc1N(C)CCn1cc(C2OC(=O)N(C)CC2(C)C)nn1	0.031664
rxn:1:45613:39480	CC(C)C1CCC(c2cn(CCC=Cc3cnc(N)c(N)n3)nn2)CC1	0.031653
rxn:1:60971:2030	CC1(C)CN(CCn2cc(C(N)CC3CCOC3)nn2)CC1CO	0.031645
rxn:1:40642:38495	O=C(c1cn(CC=Cc2ccc3c(c2)CCN3)nn1)N1C[C@H]2CNC[C@H]2C1	0.031634
rxn:1:53859:3133	CCC(OC)c1cn(CCC2C(c3ccc(CO)nc3)C2(F)F)nn1	0.031629
rxn:1:52651:26040	NCCCN1CC(c2cn(CCCc3ccc(F)cc3)nn2)CC1=O	0.031605
rxn:1:62011:2161	O=C(c1cn(-c2cccc3cccnc23)nn1)C1COCCN1	0.031589
rxn:1:61147:31555	COCC(=O)N1CC(n2cc(-c3csc4ncccc34)nn2)C1	0.031589
rxn:1:47288:725	COc1ccc(F)c(C(O)C(O)Cn2cc(COC(C)(C)C)nn2)c1	0.031576
rxn:1:45464:8833	Cc1cnccc1C=CCCn1cc(-c2ccccc2CN)nn1	0.031550
rxn:1:53461:32487	COC(=O)C(O)c1cn(CCC2C(c3ncccc3F)C2(F)F)nn1	0.031535
rxn:1:48646:8831	O=C1CCC(c2cn(CCC(O)C(O)c3ccc(F)cc3F)nn2)CC1	0.031533
rxn:1:55620:7117	COc1cc(Cl)cc(C2CC2Cn2cc(C3CC3(CO)CO)nn2)c1	0.031515
rxn:1:57960:3928	O[C@@H]1CCCC[C@H]1c1cn(CCCc2cccc3[nH]cnc23)nn1	0.031491
rxn:1:40093:39358	COC(=O)c1ccc(-n2cc(Sc3ccccc3)nn2)cc1	0.031479
rxn:1:58097:23072	O=C(O)c1cc(CCCn2cc(C3CNC4(CC4)CO3)nn2)ccc1F	0.031477
rxn:1:60849:38858	N#CC1CCN(C(=O)Cn2cc(-c3cc(C(F)(F)F)ncn3)nn2)CC1	0.031438
rxn:1:46058:7796	NC(Cc1cn(CCC=Cc2ccc(C(=O)O)cn2)nn1)C(F)(F)F	0.031424
rxn:1:64012:1418	NCCCN1CC(Cn2cc(C(O)C3CC(F)(F)C3)nn2)CC1=O	0.031403
rxn:1:60840:39586	c1cncc(C2CCCN2CCn2cc(CNC3CCOCC3)nn2)c1	0.031369
rxn:1:49065:34535	NCc1cnn(Cc2cn(CC(=O)c3ccc(Cl)s3)nn2)c1	0.031359
rxn:1:55519:2119	N#Cc1ncc(C2CC2Cn2cc(CC(N)C(=O)C3CC3)nn2)cn1	0.031357
rxn:1:59187:31771	CN(C(=O)OC(C)(C)C)c1cn(CCN2CCOC3CCCCC32)nn1	0.031351
rxn:1:61778:39916	CCc1nccc(NCc2cn(Cc3n[nH]nc3C)nn2)n1	0.031343
rxn:1:62035:32159	O=C(O)c1cccc(Cn2cc(C3CCc4cccc(=O)n43)nn2)c1	0.031335
rxn:1:52562:38917	CC(C)(C)C(C)(O)c1cn(CCCc2c[nH]c3ccccc23)nn1	0.031331
rxn:1:59713:3014	CC(N)c1ccccc1-c1cn(C2CCN(C(=O)C3CCOCC3)CC2)nn1	0.031315
rxn:1:62495:39490	CCCOc1ccccc1-c1cn(C(=O)c2cc(C)on2)nn1	0.031307
rxn:1:49719:13837	O[C@@]1(c2cn(CC3C(c4ccc5c(c4)CC5)C3(F)F)nn2)CN2CCC1CC2	0.031304
rxn:1:63338:2473	COc1ccnc(N2CC(Cn3cc(C4COCC4O)nn3)CC2=O)c1	0.031304
rxn:1:57113:31991	Oc1cnc(CCCn2cc(-c3ccccc3C(F)F)nn2)cn1	0.031300
rxn:1:59818:22357	CSc1cnn(Cc2cn(-c3ccc(F)c(C(=O)O)c3)nn2)c1	0.031284
rxn:1:58581:39589	CCC1CCC(NCc2cn(CCn3ccc(C(F)(F)F)n3)nn2)CC1	0.031261
rxn:1:60992:3761	COC(=O)C1CCC1c1cn(CCN2CCC3(CC2)COC3)nn1	0.031253
rxn:1:53674:38940	OCc1ccc(C2C(CCn3cc(CC4CCCC4)nn3)C2(F)F)cc1	0.031253
rxn:1:65805:7459	N#Cc1n[nH]cc1C=CCn1cc([C@]2(O)C[C@H](C(=O)O)C2)nn1	0.031252
rxn:1:39932:39333	Nc1ccc(C=CCn2cc(COC3CCC(CO)CC3)nn2)nn1	0.031244
rxn:1:57074:22260	CC(C)c1cnoc1-c1cn(CCCc2ccc(CO)s2)nn1	0.031239
rxn:1:65223:3166	Oc1cccc(C2(c3cn(Cc4ccc(Cl)c(Cl)c4)nn3)CC2)c1	0.031228
rxn:1:62527:1940	CN(Cc1cn([C@@H]2CC3(CCC3)Oc3ccc(F)cc32)nn1)S(C)(=O)=O	0.031225
rxn:1:51129:38931	NC(Cc1ccccc1)c1cn(C[C@@H](O)c2csc(Cl)c2)nn1	0.031200
rxn:1:41701:12076	COc1cc(C=CCn2cc(N(C)S(C)(=O)=O)nn2)cc(OC)c1O	0.031198
rxn:1:45873:925	COc1ccc(Cl)cc1C=CCCn1cc(C2(O)CCCC(C)C2)nn1	0.031163
rxn:1:65361:12203	CC(C)N1C[C@@H](O)[C@@H](c2cn(CC3CC(=O)N(c4cccnc4)C3)nn2)C1	0.031158
rxn:1:49787:32405	C=Cc1ccc(Cn2cc(-c3c(C)cc(F)cc3C)nn2)cc1	0.031102
rxn:1:60340:953	Cc1ccc(C(O)Cc2cn(-c3ccc(C(=O)O)cc3C)nn2)o1	0.031091
rxn:1:40923:11855	CC(O)CCCc1cn(CC=Cc2ccc(S(N)(=O)=O)cc2)nn1	0.031091
rxn:1:46890:7761	CC1(c2cn(CC(O)C(O)c3ccc(F)cn3)nn2)CCCN1C1CC1	0.031089
rxn:1:50167:2088	CCCC(C)(C)c1cn(CC2C(c3ccc(O)c(C)c3O)C2(F)F)nn1	0.031062
rxn:1:51572:1826	CCc1cc(N)ncc1-c1cn(CCC2CC2c2nccs2)nn1	0.031050
rxn:1:62560:38799	Cc1nc(N)c(-c2cn([C@@H]3CN[C@H](C(N)=O)C3)nn2)nc1C	0.031030
rxn:1:58142:561	Cc1ccc(S(=O)CCn2cc(CCC[C@@H](N)CO)nn2)cc1	0.031015
rxn:1:40194:1011	O=C(O)c1ncsc1C=CCn1cc(CCC2CCCNC2=O)nn1	0.031003
rxn:1:61573:4644	CCCC(CCO)c1cn(CCCC(=O)c2cccs2)nn1	0.030999
rxn:1:50960:31756	Cc1cc([C@H](O)Cn2cc(-c3ccc(F)c([C@@H](C)N)c3)nn2)cs1	0.030984
rxn:1:40230:2232	COc1ccncc1C=CCn1cc(C(=O)C(C)NC2CC2)nn1	0.030980
rxn:1:61951:39392	CCCC(=O)c1cn(-c2ccc(C(=O)N(C)C)c(C(F)(F)F)c2)nn1	0.030976
rxn:1:51763:1010	Nc1ccc(C2CC2CCn2cc(CCC(=O)N3CCCC3)nn2)nn1	0.030967
rxn:1:40087:1172	COc1ccc(C)c(-c2cn(CC=Cc3cc(C)cnc3N)nn2)c1	0.030961
rxn:1:40578:6149	CCc1c(-c2cn(CC=Cc3ccc(O)c(C#N)c3)nn2)cnn1C	0.030951
rxn:1:61353:31196	COC(=O)[C@@H]1C[C@@H]1c1cn(C2CN(Cc3cc(F)cc(F)c3)C2)nn1	0.030901
rxn:1:57186:2726	Nc1ncc(CCCn2cc(Cc3cc(F)cc(Cl)c3)nn2)cn1	0.030899
rxn:1:52508:11731	c1cn(CCc2cn(CCCC34CC5CC(CC(C5)C3)C4)nn2)cn1	0.030895
rxn:1:45137:8587	CCc1cc(-n2cc(-c3cnccc3C(=O)OC)nn2)ccc1O	0.030879
rxn:1:45590:38384	Cc1cc(C=CCCn2cc(CC(N)C(=O)O)nn2)ccc1O	0.030876
rxn:1:60825:30510	CCC(C)(O)c1cn(Cc2ncc(-c3ccc(Cl)cc3Cl)o2)nn1	0.030835
rxn:1:62669:24210	CC(CN1CC(Cn2cc(C(C)N3CC(F)C3)nn2)CC1=O)C(=O)O	0.030809
rxn:1:62555:35065	Clc1c[nH]c2nccc(-n3cc(-c4cccs4)nn3)c12	0.030799
rxn:1:60243:4644	CCCC(CCO)c1cn(Cc2cccc(C(C)C(F)(F)F)c2)nn1	0.030790
rxn:1:55809:11729	CCC(C)(Cc1cn(CC2CC2c2ccc(C#N)c(Cl)c2)nn1)C(=O)O	0.030782
rxn:1:53325:7852	CN1CCC(c2cn(CCC3C(c4cn[nH]c4)C3(F)F)nn2)(N(C)C)CC1	0.030770
rxn:1:56981:31147	N#CC1CC1c1cccc(-n2cc(-c3cc(Cl)c(O)cc3F)nn2)c1	0.030770
rxn:1:45626:38961	Cc1cc(C)cc(-c2cn(CCC=Cc3ncc(F)cc3N)nn2)c1	0.030760
rxn:1:52845:38567	Cc1ccc(Cn2cc(C(O)CCc3ccccc3)nn2)c(Cl)c1	0.030753
rxn:1:55127:6008	O=C(O)c1cc(-c2cn(CC3CC3c3cc(O)ccn3)nn2)co1	0.030744
rxn:1:61069:38449	CCCS(=O)(=O)NCc1cn(CCN2CCC(OC)C2)nn1	0.030708
rxn:1:55713:6527	CC(C)(CC1CCCO1)c1cn(CC2CC2c2cc(O)c(F)c(F)c2)nn1	0.030708
rxn:1:45481:814	COCC(=O)NCc1cn(CCC=Cc2cnn(C)c2N)nn1	0.030683
rxn:1:62556:23645	O=C(O)c1ccncc1-c1cn(Cc2ccc(C(F)F)c(F)c2)nn1	0.030638
rxn:1:65565:355	O=C1CC(Cn2cc(C(O)c3ccsc3)nn2)CN1c1ncns1	0.030637
rxn:1:49571:38261	Fc1ccc(-c2cn(CC3C(c4ccncc4)C3(F)F)nn2)cc1	0.030623
rxn:1:61156:12160	O=C(c1cccnc1O)N1CC(n2cc(C3CC(O)(C(F)(F)F)C3)nn2)C1	0.030619
rxn:1:51761:24811	CC(C)CCC(C)(O)c1cn(CCC2CC2c2cn(C)nc2N)nn1	0.030612
rxn:1:48506:13861	OC(CCn1cc([C@@H]2CCCC[C@H]2O)nn1)C(O)c1ccccn1	0.030565
rxn:1:40172:1067	CCc1ccc(-c2cn(CC=Cc3cc(C)nc(C)c3)nn2)s1	0.030557
rxn:1:49518:27743	CC1(C)CCCC(C)(c2cn(-c3cccc(C4C(C(=O)O)C4(F)F)c3)nn2)O1	0.030554
rxn:1:46841:279	Cc1ccc(C(O)C(O)Cn2cc(Cc3nncs3)nn2)cc1	0.030544
rxn:1:57670:1991	COc1cc(Cl)ccc1CCCn1cc([C@H](O)[C@H]2COC(C)(C)O2)nn1	0.030541
rxn:1:52580:38323	OC[C@@H]1C[C@@H]1c1cn(CCC2CC2c2cccc3cc[nH]c23)nn1	0.030534
rxn:1:65760:11766	COC(=O)[C@H]1CC[C@H](c2cn(CC=Cc3cc(Cl)ccn3)nn2)CC1	0.030528
rxn:1:63443:15060	O=c1cc(CO)n(Cc2cn([C@H]3CCCc4cccnc43)nn2)[nH]1	0.030501
rxn:1:40482:11779	N#Cc1ccc(F)c(C=CCn2cc(C34CCCN3C(=O)COC4)nn2)c1	0.030498
rxn:1:56045:7741	COC(=O)[C@H]1C[C@H](c2cn(CC3CC3c3ccc4c(c3)CCNC4)nn2)C1	0.030488
rxn:1:57932:39579	CC(C)(NCC1CC1)c1cn(CCCc2cnc(N)c(C#N)c2)nn1	0.030471
rxn:1:57240:2127	Cc1ccc(C)c(CCCn2cc(CCC(=O)C3(CN)CC3)nn2)c1	0.030463
rxn:1:57041:32201	CC(C)c1cncc(-c2cn(CCCc3cccn3C)nn2)c1	0.030462
rxn:1:45410:7015	Nc1cncc(C=CCCn2cc(COC3CC4CCC(C3)N4)nn2)c1	0.030450
rxn:1:52290:28684	COC1CNC(c2cn(CCC3CC3c3cc(CO)ccc3F)nn2)C1	0.030447
rxn:1:52519:8552	COCc1ccc(Cn2cc(-c3cnccc3OC)nn2)cc1	0.030433
rxn:1:59550:6529	CC(C)(CC1CCOCC1)c1cn(-c2ccccc2OC(F)(F)F)nn1	0.030392
rxn:1:46107:39417	OC1(c2cn(CCC=Cc3cccc4ccsc34)nn2)CCOCC1	0.030387
rxn:1:40706:39245	N[C@H]1CC[C@H](c2cn(CC=Cc3ccc4[nH]c(=O)oc4c3)nn2)CC1	0.030386
rxn:1:52783:11684	CCCCc1cn(CCC2CC2c2c(F)cc(OC)cc2F)nn1	0.030374
rxn:1:40669:2226	O=C1CCc2c(C=CCn3cc(CNCC(=O)C4CC4)nn3)cccc21	0.030370
rxn:1:49684:32011	Cc1cccc(C2C(Cn3cc(C45CCC(C(=O)O)(CC4)C5)nn3)C2(F)F)n1	0.030354
rxn:1:61293:7378	Cc1ccc(OCc2cn(C3CN(CC4CCCCC4)C3)nn2)c(C)c1	0.030336
rxn:1:62553:90	CC(C)(C)OC(=O)N1CC(=O)C(n2cc(CNc3cc(N)ccn3)nn2)C1	0.030322
rxn:1:60906:130	O=C(Cn1cc(-c2cnn3c2OCCC3)nn1)N(C1CC1)C1CCSC1	0.030296
rxn:1:55094:31528	COc1nccc(N)c1-c1cn(CC2CC2c2csc(C#N)c2)nn1	0.030284
rxn:1:45743:11961	O=C(O)c1ncsc1C=CCCn1cc([C@]2(O)CN3CCC2CC3)nn1	0.030279
rxn:1:45769:5465	COc1cccc(C=CCCn2cc(-c3cnc(C)o3)nn2)n1	0.030270
rxn:1:54112:23088	COC(=O)c1ccc(C(=O)OC)c(-n2cc(C3CC4CNCC4C3)nn2)c1	0.030223
rxn:1:61161:39851	Cc1cc(C(=O)N2CC(n3cc(C(N)c4cccs4)nn3)C2)n(C)n1	0.030204
rxn:1:65274:576	COC(=O)c1c(F)cc(-n2cc([C@]3(O)C[C@@](C)(C(=O)O)C3)nn2)cc1F	0.030201
rxn:1:58044:21389	CCC(=O)NCc1cn(CCCc2ccc3cccnc3c2)nn1	0.030201
rxn:1:58501:2671	CCOC(C)c1cn(CCCc2cccc3c(=O)cc[nH]c23)nn1	0.030184
rxn:1:54980:16765	Cc1c(CO)cnn1Cc1cn(CC2CC2c2cnccn2)nn1	0.030165
rxn:1:46113:38872	O=C(c1cn(CCC=Cc2ccc3c(c2)OCO3)nn1)C1CCCC1	0.030155
rxn:1:60442:28340	CC(C)C(C)(C)c1cn(Cc2cn(C)nc2-c2ccncc2)nn1	0.030145
rxn:1:60683:4283	CCC(C)C(C)NCc1cn(C[C@@H]2C[C@H](c3ccc(C)cc3)CO2)nn1	0.030145
rxn:1:47388:38974	CC(C)(C)n1cc(C(O)C(O)Cn2cc(-c3cscn3)nn2)cn1	0.030143
rxn:1:46426:7782	CC(=O)c1cc(C)c(C=CCCn2cc([C@@H](N)C(C)C)nn2)cc1O	0.030132
rxn:1:62471:31261	O=C1NC(Cn2cc(-c3cc4c(Cl)ncnc4s3)nn2)C2CCC12	0.030125
rxn:1:65731:23465	CC(C)c1cc(Cl)c(-c2cn(CC=Cc3cnccc3N)nn2)cn1	0.030116
rxn:1:61820:28562	O=C1NCCn2ncc(-c3cn(-c4cncc(C(F)(F)F)c4)nn3)c21	0.030113
rxn:1:64525:1227	CC1(C)CCC(O)(c2cn(CC3CC(=O)N(c4cc(F)ccc4Cl)C3)nn2)C1	0.030099
rxn:1:53357:39297	Cc1noc(N)c1-c1cn(CCC2C(c3cncnc3)C2(F)F)nn1	0.030085
rxn:1:60728:2814	C[C@H]1CC2=C(SC=C[C@H]2n2cc(-c3cnn(C(C)(C)C)c3)nn2)S1(=O)=O	0.030083
rxn:1:50460:2582	CC(=O)c1ccc(C2C(Cn3cc(C4(CF)CC4)nn3)C2(F)F)cn1	0.030073
rxn:1:57243:10917	CCc1cccc(CCCn2cc(CCN(C)CC(=O)O)nn2)c1	0.030067
rxn:1:55300:31324	Cc1cc(O)ccc1C1CC1Cn1cc(-c2ccc3c(c2)OCC3)nn1	0.030066
rxn:1:51813:3756	C=Cc1ccccc1C1CC1CCn1cc(-c2cc[nH]c(=O)c2)nn1	0.030063
rxn:1:40171:37762	Cc1cnc(C=CCn2cc(-c3cc(Cl)c(F)cn3)nn2)c(C)c1	0.030062
rxn:1:61006:31201	C[C@@H](N)c1ccc(Cl)cc1-c1cn(CC(=O)N2CC3CCC(F)(F)C3C2)nn1	0.030043
rxn:1:52232:2490	COc1cc(O)ccc1C1CC1CCn1cc(C2CCCCC2(C)O)nn1	0.030035
rxn:1:61033:13973	CNC1(c2cn(CC(=O)N3CCN(C4CCCC4)CC3)nn2)CCOCC1	0.030027
rxn:1:63760:38414	Cc1cc(O)nc(N2CC(Cn3cc(COC(N)=O)nn3)CC2=O)n1	0.030010
rxn:1:62807:23610	Cc1nc(Cl)c(-c2cn(CC3CC(=O)N(C4CCCCNC4)C3)nn2)nc1C	0.029977
rxn:1:45477:1594	CC1(c2cn(CCC=Cc3cccnc3O)nn2)CCCN1CC(=O)O	0.029974
rxn:1:61354:38462	Cc1ccc(CN2CC(n3cc(C(C)(C)NS(N)(=O)=O)nn3)C2)cc1C	0.029973
rxn:1:45409:38699	N#CCc1cccc(-c2cn(CCC=Cc3cccnc3N)nn2)c1	0.029973
rxn:1:55464:5450	NC(=O)N1CCC(Cc2cn(CC3CC3c3scnc3C(=O)O)nn2)C1	0.029968
rxn:1:63001:14838	C[C@@H](c1ccccc1Cl)n1cc(C(C)(C)Nc2ccccc2)nn1	0.029950
rxn:1:46855:8840	CC(O)Cc1cn(CC(O)C(O)c2cnc(Cl)nc2)nn1	0.029943
rxn:1:56335:12063	CC1CN(CCn2cc(CCN3CCC(=O)NC3=O)nn2)CC(C)(C)O1	0.029942
rxn:1:60023:31429	CS[C@@H]1CN(C(=O)OC(C)(C)C)C[C@@H]1n1cc(-c2cccc(CN)c2F)nn1	0.029939
rxn:1:52141:32286	C[C@@H]1CC[C@@H](c2cn(CCC3CC3c3cnc(Cl)nc3N)nn2)[C@H](O)C1	0.029905
rxn:1:41645:1302	COC1(c2cn(-c3ccc(-c4ccccc4)cc3)nn2)CCCC1	0.029897
rxn:1:51978:31969	Cc1cc(N)cnc1C1CC1CCn1cc([C@H]2CCN(C)[C@@]2(C)CO)nn1	0.029889
rxn:1:49072:380	O=C(Cn1cc(-c2c[nH]nc2CO)nn1)c1cc(Cl)ccc1Cl	0.029885
rxn:1:61056:31335	COCC1CCCCN1CCn1cc(-c2ccc(O)c(C(=O)O)c2)nn1	0.029881
rxn:1:55063:12038	CC(C)C1(O)CN(CCc2cn(CC3CC3c3ccnc(N)c3)nn2)C1	0.029877
rxn:1:49316:11785	CN1CCCN([C@@H]2CCCC[C@H]2n2cc(C3OCCNCC3(F)F)nn2)CC1	0.029873
rxn:1:46777:6125	Cc1c(-c2cn(-c3ccccc3C=CCC#N)nn2)cnn1CCO	0.029872
rxn:1:60681:31320	Oc1ccc(F)c(-c2cn(C[C@H]3C[C@H](c4cccc(F)c4)CO3)nn2)c1	0.029860
rxn:1:55727:28689	NCCCC(F)(F)c1cn(CC2CC2c2cc(F)c(O)c(F)c2)nn1	0.029857
rxn:1:55060:38685	CCn1ccnc1C1CC1Cn1cc(-c2ccccc2C(N)=O)nn1	0.029827
rxn:1:59169:32036	O=S(=O)(c1ccc2c(c1)CCCC2)n1cc([C@@]23CCCN2C[C@H](F)C3)nn1	0.029823
rxn:1:53526:11737	Cc1cc(C2C(CCn3cc(C(C)CC(=O)O)nn3)C2(F)F)ccc1Cl	0.029821
rxn:1:45604:31552	Cc1cccc(C=CCCn2cc(-c3cnc(N)c(F)c3)nn2)c1O	0.029799
rxn:1:45566:12247	OCC1(Cc2cn(CCC=Cc3cc(O)ccc3Cl)nn2)CCOCC1	0.029793
rxn:1:55516:31816	C[C@@H](c1cn(CC2CC2c2c(N)ncnc2Cl)nn1)N1CCOCC1=O	0.029769
rxn:1:52497:37864	NCc1cc(-c2cn(Cc3c[nH]nc3C(F)(F)F)nn2)ccc1F	0.029751
rxn:1:49612:6354	Cc1nc(-c2cn(CC3C(c4ccc(O)cc4)C3(F)F)nn2)ccc1F	0.029729
rxn:1:53644:23151	CCN1CC(Cc2cn(CCC3C(c4ccc(O)cc4F)C3(F)F)nn2)C1	0.029714
rxn:1:49798:10892	CCC(C)(N)C(=O)NCc1cn(CC2CN(C(=O)OC(C)(C)C)C2)nn1	0.029707
rxn:1:60994:1349	CC(C)(C)C(NC1CSC1)c1cn(CCN2CCC3(CCCCO3)C2)nn1	0.029704
rxn:1:59537:39851	CCOc1ccc(OCC)c(-n2cc(C(N)c3cccs3)nn2)c1	0.029681
rxn:1:61371:4918	NCc1cccc(=O)n1Cc1cn(CCN2CCOCC2=O)nn1	0.029673
rxn:1:57504:31266	O=C(O)c1cnc(CCCn2cc(C3(O)CCCNCC3)nn2)s1	0.029669
rxn:1:62131:7694	Cc1cnc(C)c(-c2cn(C3CCN(C(=O)OC(C)(C)C)CC3F)nn2)n1	0.029668
rxn:1:45831:12045	Cc1cc(F)c(C=CCCn2cc(CCN(C)CCO)nn2)cc1Cl	0.029639
rxn:1:60953:31559	CNc1ccnc(-c2cn(CC(=O)N3CCC(O)C(CC(C)C)C3)nn2)c1	0.029637
rxn:1:59225:38726	Nc1nc(Cl)cnc1-c1cn(S(=O)(=O)c2cccc(Cl)c2Cl)nn1	0.029630
rxn:1:45391:12266	COc1nn(C)cc1-c1cn(CCC=Cc2ccsc2CO)nn1	0.029627
rxn:1:58039:12191	F[C@@H]1CCC[C@@H]1c1cn(CCCc2ccc3cnccc3c2)nn1	0.029605
rxn:1:60259:2543	Cc1cnc(-c2cn(C3CCc4c(F)cccc4NC3=O)nn2)c(C)c1	0.029590
rxn:1:56275:807	CC1(CNCc2cn(CC3CC3c3cc(C(F)(F)F)ccn3)nn2)COC1	0.029587
rxn:1:45363:39909	N#Cc1cnn(Cc2cn(CCC=Cc3cnccn3)nn2)c1	0.029575
rxn:1:40392:31346	Cc1cc(C=CCn2cc(-c3cnc4n3CCCC4)nn2)ccc1CO	0.029567
rxn:1:57890:39029	O=C(O)c1ccncc1CCCn1cc(-c2ccc(O)cn2)nn1	0.029564
rxn:1:45406:28645	Cc1nn(C)cc1C=CCCn1cc(-c2cccc3c2CCC3O)nn1	0.029558
rxn:1:56410:3697	CS(=N)(=O)CCc1cn(CC2CC2c2c(F)cccc2C(F)(F)F)nn1	0.029545
rxn:1:51630:3244	CC(C)(c1cn(CCC2CC2c2cccc(F)c2)nn1)N1CCSCC1	0.029540
rxn:1:45632:13863	N#Cc1cncc(C=CCCn2cc(CN3CCC[C@@H](C(=O)O)C3)nn2)c1	0.029539
rxn:1:61675:32405	Cc1cc(F)cc(C)c1-c1cn([C@H](C)c2ccccc2Cl)nn1	0.029536
rxn:1:61869:8709	CN1CCN(C(=O)C(C)(C)Cn2cc(-c3ccc(C(F)F)nc3)nn2)CC1	0.029517
rxn:1:55207:15030	O=c1cc(Cl)n(Cc2cn(CC3CC3c3cc(Cl)ccc3F)nn2)[nH]1	0.029506
rxn:1:55851:1281	O=C(CCc1cn(CC2CC2c2nc(C(F)(F)F)cs2)nn1)N1CCC1	0.029504
rxn:1:46818:3161	CC(CS(C)(=O)=O)c1cn(CC(O)C(O)c2ccn(C)n2)nn1	0.029481
rxn:1:61571:861	CCC1CCCCN1C(=O)Cn1cc(CCN(C)c2ccccc2)nn1	0.029472
rxn:1:57144:6331	OC(CNCc1cn(CCCc2ccncc2F)nn1)C(F)(F)F	0.029472
rxn:1:61093:28598	O=C(NCc1cn(CC(=O)N2CCCC(C(F)(F)F)C2)nn1)c1ccncc1	0.029461
rxn:1:41326:3126	Cc1ccc(Cl)cc1-n1cc(-c2ccccc2S(=O)(=O)F)nn1	0.029423
rxn:1:48312:2150	NC(Cc1cn(CC(=O)Nc2ccc(Cl)cc2F)nn1)C(=O)C1CCC1	0.029419
rxn:1:55060:4415	CCC1CCC(=O)C(Cc2cn(CC3CC3c3nccn3CC)nn2)C1	0.029410
rxn:1:61075:2653	CC(C)(CC1CCCCC1)c1cn(CC(=O)N2CCC(CCO)CC2)nn1	0.029387
rxn:1:61353:32386	COC(=O)[C@@H]1CC[C@@H]1c1cn(C2CN(Cc3cc(F)cc(F)c3)C2)nn1	0.029385
rxn:1:59717:11794	CC(Cc1cn(C2CCN(S(=O)(=O)c3cn(C)cn3)CC2)nn1)C(=O)O	0.029305
rxn:1:41394:13837	N#Cc1cc(C(F)(F)F)ccc1C=CCn1cc([C@]2(O)CN3CCC2CC3)nn1	0.029295
rxn:1:56465:32459	COC[C@@](C)(O)c1cn(CC2CC2c2ccc(C)c(C(=O)OC)c2)nn1	0.029286
rxn:1:62714:11755	CC(=O)N1CCCC1c1cn(CC2CC(=O)N(C(C)c3cccs3)C2)nn1	0.029285
rxn:1:48539:39373	Cc1ccc(C(O)C(O)CCn2cc(CC(C)N)nn2)nn1	0.029283
rxn:1:60958:23157	CCC1CN(C(=O)Cn2cc(CC3CN(CC(F)F)C3)nn2)CCC1O	0.029282
rxn:1:57768:3788	COc1ccnc(-c2cn(CCCc3c(C)cc(N)nc3C)nn2)n1	0.029268
rxn:1:62495:34676	COc1ccc(C(=O)c2cn(C(=O)c3cc(C)on3)nn2)cc1	0.029254
rxn:1:53690:2250	Cc1c(O)cccc1C1C(CCn2cc(C3(N)CCN(C)CC3)nn2)C1(F)F	0.029252
rxn:1:55229:1187	CC1(O)CCN(CCc2cn(CC3CC3c3ccc(Cl)c(Cl)c3)nn2)CC1	0.029232
rxn:1:65635:7447	Cc1cnc(Cl)nc1-c1cn(-c2ccccc2S(C)(=O)=O)nn1	0.029231
rxn:1:52842:3775	CC(C)(O)C1CC(c2cn(CCC3CC3c3cc(F)c(F)cc3C#N)nn2)C1	0.029192
rxn:1:41356:3433	O=C(O)c1cc(C=CCn2cc(C=CCO)nn2)cc(C(=O)O)c1	0.029189
rxn:1:51570:2523	Fc1cccc(NCc2cn(CCC3CC3c3ncc[nH]3)nn2)c1	0.029171
rxn:1:49057:1805	Cc1cc(OCc2cn(C[C@H](O)c3ccc(F)cn3)nn2)ccc1Cl	0.029164
rxn:1:41881:34504	CNCC=Cc1cccc(-n2cc(-c3cc(C(F)(F)F)nn3C)nn2)c1	0.029161
rxn:1:53366:14980	O=C(Cc1cn(CCC2C(c3ncccn3)C2(F)F)nn1)C1CCCC1	0.029159
rxn:1:55291:2111	Cc1cc(C2CC2Cn2cc(C(=O)CC3CSCCN3)nn2)ccc1O	0.029157
rxn:1:52265:12202	CCN1C[C@@H](O)[C@@H](c2cn(CCC3CC3c3ccc(Cl)cc3OC)nn2)C1	0.029151
rxn:1:41735:32184	N[C@H](C[C@@H]1CCNC1=O)c1cn(CC=Cc2c(O)cccc2Cl)nn1	0.029117
rxn:1:51585:6468	Oc1cnn(CCc2cn(CCC3CC3c3ccsc3Cl)nn2)c1	0.029110
rxn:1:51897:12185	Oc1ccc(F)cc1C1CC1CCn1cc(C2(C(F)F)CCCCC2)nn1	0.029095
rxn:1:46279:898	COc1cc(F)c(F)cc1C=CCCn1cc(CC2CCCC2=O)nn1	0.029091
rxn:1:40001:8668	O=C(O)c1cc(C=CCn2cc(C3(CO)COCCN3)nn2)cs1	0.029088
rxn:1:56911:1969	Cc1ccc(Cl)c(OCCn2cc(C(C)(O)c3ccnnc3)nn2)c1	0.029071
rxn:1:55117:11763	Cc1cnccc1C1CC1Cn1cc(C2CCCN2CCC(C)C)nn1	0.029060
rxn:1:61019:7783	CC(C)N1CCCC1(C)c1cn(CC(=O)N2CCN(CCF)CC2)nn1	0.029037
rxn:1:40713:811	COc1ncc(-c2cn(CC=Cc3ccc4c(c3)C(=O)NC4)nn2)cn1	0.029001
rxn:1:53717:39249	Cc1nc(N)ccc1C1C(CCn2cc(CN3CCOC[C@H]3C)nn2)C1(F)F	0.028995
rxn:1:46123:12001	C[C@@H](Cc1cn(CCC=Cc2cnc3cc[nH]c3c2)nn1)C(=O)O	0.028980
rxn:1:51587:8727	O=C(O)C1(Cc2cn(CCC3CC3c3ccc(Cl)s3)nn2)CCCNC1	0.028977
rxn:1:57241:28638	Cc1cccc(C)c1CCCn1cc(-c2ccc3c(c2)C(O)CC3)nn1	0.028974
rxn:1:55318:3062	Nc1ncc(Cl)cc1C1CC1Cn1cc(-c2cccc(Cl)c2O)nn1	0.028965
rxn:1:45422:7655	Oc1ccc(C=CCCn2cc(-c3ncnc4c3CCCC4)nn2)nn1	0.028964
rxn:1:55946:3213	O=C(Cc1cn(CC2CC2c2scc3c2OCCO3)nn1)CC1CCNC1	0.028961
rxn:1:59913:14080	CCOc1c(F)cccc1-c1cn([C@@H]2C[C@H](O)CN(C(=O)OC(C)(C)C)C2)nn1	0.028949
rxn:1:40805:10571	CCOc1ccc(F)cc1C=CCn1cc(CS(=O)CCF)nn1	0.028917
rxn:1:40762:24811	CC(C)CCC(C)(O)c1cn(CC=Cc2cc(F)ccc2C(=O)O)nn1	0.028904
rxn:1:62634:175	Cn1ncc(-c2cn(CC3CC(=O)N(C4CCCC(O)C4)C3)nn2)c1CO	0.028897
rxn:1:40222:9328	COc1cccc(C=CCn2cc(-c3cccc(OC)n3)nn2)n1	0.028896
rxn:1:64737:23164	CC(C)(C)OC(=O)N1CCC(Cn2cc(C3CCN(CC(F)F)C3)nn2)C1	0.028875
rxn:1:62422:11807	CC(C)(C)OC(=O)N1CC(Cn2cc(C34CCC(CO)(CC3)C4)nn2)C2(CC2)C1	0.028859
rxn:1:47348:2648	COc1cc(C)cc(C(O)C(O)Cn2cc(C(C)(C)C3CCCC3)nn2)c1	0.028859
rxn:1:45871:706	CC1=C(Cc2cn(CCC=Cc3ccc(F)cc3CO)nn2)C(=O)C[C@@H]1O	0.028854
rxn:1:40321:38477	CCCc1nc(C)c(Cn2cc(-c3cnc(OC)c(C)c3)nn2)o1	0.028849
rxn:1:40234:1406	COc1cc(C=CCn2cc(COC(=O)C3CCNCC3)nn2)ccn1	0.028837
rxn:1:49593:145	Cc1cccc(C2C(Cn3cc(CC(=O)C4CCCOC4)nn3)C2(F)F)c1	0.028823
rxn:1:50061:7249	CC1CN(Cc2cn(CC3C(c4cccc(CO)n4)C3(F)F)nn2)CC(C)O1	0.028821
rxn:1:62184:6377	CC(=O)O[C@H]1[C@H](O)[C@H]2CO[C@H](O2)[C@H]1n1cc(-c2ncnc(C)c2C)nn1	0.028816
rxn:1:50056:7018	OCc1ccnc(C2C(Cn3cc(COCC(F)(F)F)nn3)C2(F)F)c1	0.028802
rxn:1:61250:38726	Nc1nc(Cl)cnc1-c1cn(C2CN(C(=O)Cc3ccccc3)C2)nn1	0.028800
rxn:1:45793:31088	CCN1CCC(O)(c2cn(CCC=Cc3cnc(NC)nc3)nn2)C1=O	0.028798
rxn:1:54945:2726	Cc1cc(C)c(Cn2cc(Cc3cc(F)cc(Cl)c3)nn2)c(C)c1	0.028785
rxn:1:65568:38933	NC(=O)C(c1ccc(F)cc1)n1cc(-c2cc(C(=O)O)ccn2)nn1	0.028784
rxn:1:64095:23841	O=C1NC(c2cn(CC3CC(=O)N(CCc4ccncc4)C3)nn2)C2CCC12	0.028779
rxn:1:52551:23193	Cc1cc(C)c(CCCn2cc(CC3(C(F)F)CCC3)nn2)c(C)c1	0.028767
rxn:1:42138:32188	CC(c1ccc(C(F)(F)F)cc1)n1cc(-c2cnnn2C(C)C)nn1	0.028760
rxn:1:51800:560	Cc1ccc(C2CC2CCn2cc(CCC[C@H](N)CO)nn2)cc1Cl	0.028730
rxn:1:45578:369	CCn1cc(-c2cn(CCC=Cc3cc(F)ccc3O)nn2)c(N)n1	0.028722
rxn:1:40400:2071	NC1COCC1C(=O)c1cn(CC=Cc2ccccc2CCO)nn1	0.028699
rxn:1:55437:11747	N#Cc1ccccc1C1CC1Cn1cc(Cc2ccc(CN)cc2)nn1	0.028688
rxn:1:45761:28440	COc1ccc(C=CCCn2cc(C(CN)CC3CCCC3)nn2)cn1	0.028676
rxn:1:58645:31466	Cc1cc(-c2cn(Cc3csc(=O)[nH]3)nn2)c2occc2c1	0.028675
rxn:1:51821:13949	CCOC(=O)OCc1cn(CCC2CC2c2ccc(C)cc2C)nn1	0.028647
rxn:1:52200:3357	CC(C)c1ccc(C2CC2CCn2cc(C3(O)CCS(=O)(=O)CC3)nn2)cc1	0.028621
rxn:1:48486:23688	Cc1ccsc1C(O)C(O)CCn1cc(C2(O)CCC(=O)CC2)nn1	0.028607
rxn:1:40163:23653	NCc1cccc(C=CCn2cc(-c3cccnc3C(=O)O)nn2)c1	0.028601
rxn:1:40385:6377	COc1cc(C=CCn2cc(-c3ncnc(C)c3C)nn2)ccc1C	0.028597
rxn:1:57541:17654	CCCc1cc(-c2cn(CCCc3cnc(O)cc3C)nn2)nn1C	0.028597
rxn:1:40457:7845	COc1ncc(C=CCn2cc(-c3ccc(Cl)c(C#N)c3)nn2)cc1N	0.028595
rxn:1:57838:7452	Cc1ccc(F)c(-c2cn(CCCc3c(C)cccc3C#N)nn2)n1	0.028572
rxn:1:55850:31918	Cc1ccc(C2CC2Cn2cc(-c3ccsc3Cl)nn2)c(C#N)c1	0.028548
rxn:1:65050:11727	CC(CN)Cc1cn(CC2CC(=O)N(c3c(N)ncnc3Cl)C2)nn1	0.028538
rxn:1:45536:1329	O[C@H]1CCCC[C@@H]1NCc1cn(CCC=Cc2c(Cl)cccc2Cl)nn1	0.028527
rxn:1:53426:39476	Cc1n[nH]c(C)c1C1C(CCn2cc(CCNC3COC3)nn2)C1(F)F	0.028523
rxn:1:60343:3163	O=C(C1CCCCC1)N1CCC(n2cc(Cc3ccc(F)c(F)c3)nn2)CC1	0.028517
rxn:1:61940:17654	CCCc1cc(-c2cn(-c3ccc(C(=O)NC4CC4)cc3)nn2)nn1C	0.028496
rxn:1:47091:2190	CNCC(C)c1cn(CC(O)C(O)c2ccnc(C#N)c2)nn1	0.028494
rxn:1:55230:18074	O=S(=O)(NCCc1cn(CC2CC2c2cc(F)cc(Cl)c2)nn1)C1CC1	0.028489
rxn:1:39983:13996	Cc1ccc(-c2cn(CC=Cc3c(F)cccc3Cl)nn2)cc1C(N)=O	0.028488
rxn:1:63923:2129	CN(CCn1cc(CCC(=O)C2(N)CCC2)nn1)Cc1cccc(F)c1	0.028472
rxn:1:55586:22934	Cc1cc(C)nc(-c2cn(CC3CC3c3sc(C(=O)O)cc3C)nn2)c1	0.028467
rxn:1:61265:28635	CC(=O)N1CCC(N2CC(n3cc(CC(F)C(=O)N(C)C)nn3)C2)CC1	0.028452
rxn:1:52030:12187	Cc1ccc(F)c(C2CC2CCn2cc(C3(C(F)F)CCOCC3)nn2)n1	0.028446
rxn:1:52029:37714	Cc1cc(F)cnc1C1CC1CCn1cc(-c2c(Cl)ccnc2N)nn1	0.028433
rxn:1:48085:39341	COCc1cccc(-c2cn(-c3ccccc3OCC(N)=O)nn2)c1	0.028425
rxn:1:60178:31438	COC(=O)[C@H]1C[C@@H](n2cc(-c3cc(C#N)cnc3N)nn2)[C@H](CO)O1	0.028394
rxn:1:49528:18719	Cc1cnc(-c2cn(CC3C(c4nccs4)C3(F)F)nn2)c(C)c1C	0.028390
rxn:1:60873:31325	Cc1cc(C(=O)O)cc(-c2cn(CCN3CC4CCCCC4(CO)C3)nn2)c1	0.028387
rxn:1:55502:38309	Cc1cc(O)ncc1C1CC1Cn1cc(-c2ccccc2C(C)O)nn1	0.028386
rxn:1:56109:3867	O=C(O)c1ccc(C2CC2Cn2cc(C3(O)CCCNC3)nn2)c(Cl)c1	0.028370
rxn:1:49622:379	Cc1c(C2C(Cn3cc(-c4cn(C)nc4CO)nn3)C2(F)F)cnn1C	0.028367
rxn:1:61570:23892	CCCCN1C(=O)C(C)=C(C)C1n1cc(C2(OC)CN3CCC2CC3)nn1	0.028361
rxn:1:47281:22949	COc1ccc(C(O)C(O)Cn2cc(C3OCCO3)nn2)cc1O	0.028356
rxn:1:48971:5467	Cn1cc(-c2cn(CC(O)c3ccc(F)cn3)nn2)c(C(N)=O)n1	0.028340
rxn:1:55498:8658	CSc1ncc(-c2cn(CC3CC3c3nc(C)ccc3O)nn2)n1C	0.028314
rxn:1:61631:6525	CC(C)(CC1CCCCO1)c1cn(CCOc2ccc(C(=O)O)cc2)nn1	0.028297
rxn:1:61857:23331	COCc1cccc(-c2cn(C3CN(C(=O)OC(C)(C)C)CC3(F)F)nn2)n1	0.028277
rxn:1:61405:31170	CC(C)NC(=O)c1ccc(Cn2cc(-c3cc(C(C)C)ccn3)nn2)o1	0.028272
rxn:1:40398:28659	CCOC(=O)CC(C)(C)c1cn(CC=Cc2ccc(CO)cc2C)nn1	0.028268
rxn:1:53725:24352	N#Cc1ccnc(C2C(CCn3cc(CCC4CCCNC4)nn3)C2(F)F)c1	0.028268
rxn:1:56543:2783	Cc1cc(-c2cn(CC3CC3c3c(O)ncnc3C(F)(F)F)nn2)n[nH]1	0.028267
rxn:1:64694:7399	O=C1CC(Cn2cc(-c3cnn4c3CCC4)nn2)CN1c1ccc(O)cc1	0.028262
rxn:1:40367:6998	CCc1ncnc(-c2cn(CC=Cc3ccc(CO)c(F)c3)nn2)c1F	0.028233
rxn:1:57412:7754	O=C1COC(c2cn(CCCc3c(O)ncnc3O)nn2)CCN1	0.028224
rxn:1:49539:2965	CNCc1cccc(-c2cn(CC3C(c4ccccc4)C3(F)F)nn2)c1	0.028221
rxn:1:53361:3807	Cn1cncc1C1C(CCn2cc(C3CN(S(C)(=O)=O)C3)nn2)C1(F)F	0.028208
rxn:1:58471:28429	O=C(O)CCc1cn(CCCc2ccc3c(O)nncc3c2)nn1	0.028198
rxn:1:61210:31384	Cc1noc(C)c1CC(=O)N1CC(n2cc(-c3c[nH]nc3N)nn2)C1	0.028181
rxn:1:63988:5331	CC(C)C1CN(Cc2cn(CC3CC(=O)N(CC(=O)O)C3)nn2)C(=O)O1	0.028173
rxn:1:49637:1821	CCn1ccnc1C1C(Cn2cc(-c3ccc(NC)nc3)nn2)C1(F)F	0.028171
rxn:1:56648:3404	CC(O)(c1cn(CC2CC2c2ccc(O)c3ccccc23)nn1)C(F)F	0.028166
rxn:1:61287:3217	O=C1CCC(=O)N(Cc2cn(C3CN(Cc4cc(Cl)cc(Cl)c4)C3)nn2)C1	0.028139
rxn:1:60784:6558	CCn1nc(-c2cccs2)cc1Cn1cc(CCC2(F)CNC2)nn1	0.028132
rxn:1:45749:39828	NC(c1cccnc1)c1cn(CCC=Cc2cnc(O)c(Cl)c2)nn1	0.028130
rxn:1:56342:39570	CCNC(C)(CC)c1cn(CC2CC2c2ccnc(C(=O)OC)c2)nn1	0.028121
rxn:1:40019:8538	O=C(O)c1cccc(-c2cn(CC=Cc3ccc(O)c(F)c3)nn2)c1F	0.028120
rxn:1:57617:32458	Cc1cc(CCCn2cc(-c3[nH]cnc3C(N)=O)nn2)c(F)cc1Cl	0.028109
rxn:1:49743:32011	Cc1ccc(F)c(C2C(Cn3cc(C45CCC(C(=O)O)(CC4)C5)nn3)C2(F)F)c1	0.028092
rxn:1:53599:7754	O=C1COC(c2cn(CCC3C(c4cccc(F)c4F)C3(F)F)nn2)CCN1	0.028090
rxn:1:55040:39521	CC(=O)N1CCN(Cc2cn(CC3CC3c3cncnc3Cl)nn2)CC1	0.028083
rxn:1:47638:10022	O=C(O)c1csc(SCc2cn(-c3cn[nH]c(=O)c3Cl)nn2)n1	0.028082
rxn:1:56371:1369	CC(=O)Nc1cccc(C2CC2Cn2cc(-c3c[nH]c(=O)cn3)nn2)c1	0.028064
rxn:1:52537:826	Cc1c(C2CC2CCn2cc(-c3ncccc3F)nn2)cnc(N)c1N	0.028058
rxn:1:59689:39712	O=c1ncccn1[C@@H]1O[C@H](CO)[C@H](n2cc(S(F)(F)(F)(F)F)nn2)[C@H]1O	0.028040
rxn:1:45613:6571	CNCC(F)Cc1cn(CCC=Cc2cnc(N)c(N)n2)nn1	0.028039
rxn:1:41075:1010	O=C(O)c1c(F)cc(C=CCn2cc(CCC(=O)N3CCCC3)nn2)cc1F	0.028032
rxn:1:61687:3837	COC(=O)C1(c2cn([C@H]3CCOc4ccc(OC)cc43)nn2)CCOCC1	0.028024
rxn:1:55636:38327	COc1cc(Cl)ccc1C1CC1Cn1cc(-c2cnc(C)cn2)nn1	0.028012
rxn:1:40528:1105	OC(Cc1cn(CC=Cc2nc(C(F)(F)F)cs2)nn1)c1ccsc1	0.027995
rxn:1:53529:2800	Oc1c(F)cccc1Cc1cn(Cc2cc(C3CCNCC3)no2)nn1	0.027993
rxn:1:40406:18255	Cc1ccc(OCc2cn(CC=Cc3cc(F)c(F)cc3O)nn2)cc1	0.027987
rxn:1:57670:28792	COc1cc(Cl)ccc1CCCn1cc(-c2ccc(CO)cc2)nn1	0.027980
rxn:1:60381:17533	CCc1cc(C#N)nn1Cc1cn(-c2cccc(C(F)(F)CN)c2)nn1	0.027978
rxn:1:49564:39152	FC1(F)C(Cn2cc(CNCc3cccs3)nn2)C1c1ncccn1	0.027971
rxn:1:62471:7619	O=C(NCc1cn(CC2NC(=O)C3CCC23)nn1)C1CSCN1	0.027957
rxn:1:55068:38214	CO[C@@H](C)c1ncccc1-c1cn(CC2CC2c2ncc(O)cn2)nn1	0.027951
rxn:1:60052:23797	CC(C)(c1cn(Cc2cnn3cc[nH]c23)nn1)n1cccn1	0.027949
rxn:1:51812:23165	CCc1ccc(C2CC2CCn2cc(C3CCN(C4COC4)C3)nn2)cc1	0.027948
rxn:1:55180:2023	CSc1ccc(C2CC2Cn2cc(CCN(C)C(C)(C)C)nn2)cc1	0.027946
rxn:1:49695:1991	CC1(C)OC[C@H]([C@@H](O)c2cn(CC3C(c4ncc(CO)s4)C3(F)F)nn2)O1	0.027930
rxn:1:55502:27666	Cc1cc(O)ncc1C1CC1Cn1cc(CN2CC(C(N)=O)CC2=O)nn1	0.027925
rxn:1:41753:31590	CCOc1cccc(C=CCn2cc(-c3sc(C)nc3Cl)nn2)c1O	0.027925
rxn:1:63972:2849	COc1ccccc1CCc1cn(CC2CC(=O)N(C3CCCC3)C2)nn1	0.027924
rxn:1:48526:3175	COCC1(c2cn(CCC(O)C(O)c3ccc(O)cc3)nn2)CC1	0.027909
rxn:1:57348:3250	COc1cc(F)c(-c2cn(CCCc3cc(C)ccc3O)nn2)c(F)c1	0.027908
rxn:1:56643:807	CC1(CNCc2cn(CC3CC3c3ccc4c(c3)OC(F)(F)O4)nn2)COC1	0.027893
rxn:1:55709:31837	Cc1c(CO)cccc1C1CC1Cn1cc(-c2cnc(C#N)c(F)c2)nn1	0.027886
rxn:1:64334:6496	CCC(C)n1cc(-c2cn(-c3cncc(C(=O)OC)c3)nn2)cn1	0.027853
rxn:1:58164:4418	COc1cc(F)c(F)cc1CCCn1cc(CN(C)CCC#N)nn1	0.027837
rxn:1:40832:24585	COc1c(F)cc(F)cc1C=CCn1cc(C2CC(=O)N(C[C@H](C)O)C2)nn1	0.027836
rxn:1:55834:7029	Cc1cc(C2CC2Cn2cc(CC(CC(F)(F)F)C(=O)O)nn2)ccc1C#N	0.027827
rxn:1:65732:3856	CCOC(=O)c1cc(-c2cn(CC=Cc3cn(C)nc3C)nn2)c[nH]1	0.027792
rxn:1:49856:11910	COCc1cc(C2C(Cn3cc(C4CCCCCC4O)nn3)C2(F)F)cs1	0.027787
rxn:1:57161:6030	CCOc1c(-c2cn(CCCc3ccnc(C)c3)nn2)cnn1C	0.027777
rxn:1:55119:23213	N#CCc1ccc(F)cc1-c1cn(CC2CC2c2ncc(CO)s2)nn1	0.027760
rxn:1:53662:31737	COCC1(c2cn(CCC3C(c4ccc(F)c(O)c4)C3(F)F)nn2)CCCO1	0.027753
rxn:1:59541:31749	COc1ccccc1NCc1cn(-c2cccc(OC(F)(F)F)c2)nn1	0.027738
rxn:1:59706:895	NC(=O)Cc1ccc(Cn2cc(CCN3CCC(CO)CC3)nn2)cc1	0.027733
rxn:1:58565:39279	Cc1cc(O)c2cc(CCCn3cc(CNC4CC4)nn3)ccc2n1	0.027727
rxn:1:51758:7655	N#Cc1n[nH]cc1C1CC1CCn1cc(-c2ncnc3c2CCCC3)nn1	0.027709
rxn:1:62819:4430	Cc1ccccc1C(=O)Cc1cn(Cc2ccc(C(=O)O)cn2)nn1	0.027708
rxn:1:64987:38719	Nc1cnccc1-c1cn(CC2CC(=O)N(c3ncc(F)cc3F)C2)nn1	0.027705
rxn:1:40237:1969	CC(O)(c1ccnnc1)c1cn(CC=Cc2cc(Cl)nnc2N)nn1	0.027693
rxn:1:45772:38156	COc1ccc(C=CCCn2cc(-c3ccccc3C#N)nn2)nc1	0.027691
rxn:1:57071:10815	O=C(NCc1cn(CCOc2ccc(CO)cc2)nn1)NC1CC1	0.027684
rxn:1:53337:7664	Cc1ccc(C2C(CCn3cc(-c4ncncc4F)nn3)C2(F)F)s1	0.027683
rxn:1:48600:32416	Cn1cc(C(O)C(O)CCn2cc(C3CC(C)(C#N)C3)nn2)c(N)n1	0.027675
rxn:1:59138:13922	CNc1ccc(-c2cn(CCNC(=O)c3ccc(Cl)s3)nn2)c(C)c1	0.027675
rxn:1:49579:39253	Cc1cc(C2C(Cn3cc(CCNC(=O)C(F)(F)F)nn3)C2(F)F)c(C)s1	0.027669
rxn:1:56144:24352	COc1ccc(CO)cc1C1CC1Cn1cc(CCC2CCCNC2)nn1	0.027668
rxn:1:55599:11714	COc1ccc(O)cc1C1CC1Cn1cc(CCCC(C)(C)CN)nn1	0.027661
rxn:1:63949:12067	CCc1csc(-c2cn(CC3CC(=O)N(c4nc(=O)cc[nH]4)C3)nn2)n1	0.027659
rxn:1:57469:38699	Cc1ccc(CCCn2cc(-c3cccc(CC#N)c3)nn2)c(C)n1	0.027646
rxn:1:59469:28433	CC(C)[C@H](N)C(=O)OCc1cn(CC(=O)c2cccs2)nn1	0.027639
rxn:1:46443:7012	Nc1ncc(C=CCCn2cc(Cn3nccn3)nn2)cc1C(F)(F)F	0.027622
rxn:1:59740:16810	CCc1c(-c2cn(C3CCCN(S(=O)(=O)C4CC4)C3)nn2)cnn1CCO	0.027607
rxn:1:60949:34542	O=C(Cn1cc(-c2ccccc2OC(F)F)nn1)N1CCC(O)C(CCF)C1	0.027603
rxn:1:63985:38373	O=C1CC(Cn2cc(Cn3ccc(C(F)(F)F)n3)nn2)CN1CC(F)F	0.027588
rxn:1:61307:31753	Cc1ccc(C)c(CN2CC(n3cc(CNS(=O)(=O)CC(C)C)nn3)C2)c1	0.027582
rxn:1:63960:39064	Cc1ccc(C(=O)O)cc1-c1cn(CC2CC(=O)N(C3(C(=O)O)CC3)C2)nn1	0.027542
rxn:1:56969:35365	CNCC1CC1c1cccc(-n2cc(-c3ccc(OC)c(Cl)c3)nn2)c1	0.027542
rxn:1:49283:2278	CN1CCC(NCc2cn(CC(=O)c3ccc(OC(F)F)cc3)nn2)C1	0.027540
rxn:1:58729:13798	CCC1CCC(N(C)CCn2cc(CN(CC(=O)O)C(C)=O)nn2)CC1	0.027492
rxn:1:60918:18723	Cc1cnc(-c2cn(CC(=O)N(C3CCOCC3)C3CC3)nn2)cc1C1CC1	0.027471
rxn:1:53445:2416	CC1SCCC1NCc1cn(CCC2C(c3cnc(O)nc3)C2(F)F)nn1	0.027467
rxn:1:56281:23165	N#CCc1cc(C2CC2Cn2cc(C3CCN(C4COC4)C3)nn2)ccc1F	0.027466
rxn:1:51976:32749	CN1C(=O)CCC1OCc1cn(CCC2CC2c2ccc(C#N)cn2)nn1	0.027465
rxn:1:52532:24206	CC(c1cn(CCC2CC2c2ccc(C#N)c(O)c2)nn1)N1CCC(F)(F)CC1	0.027438
rxn:1:46842:31835	Cc1ccccc1C(O)C(O)Cn1cc(-c2c(F)cc(F)cc2Cl)nn1	0.027436
rxn:1:64025:3839	O=C1CC(Cn2cc(-c3cc(F)cnc3O)nn2)CN1CCN1CCSCC1	0.027433
rxn:1:49791:38843	Fc1c(Cl)cccc1C1C(Cn2cc(-c3ccsc3)nn2)C1(F)F	0.027415
rxn:1:58222:1949	CCOC(=O)C(N)Cc1cn(CCCc2cc(F)c(C#N)c(F)c2)nn1	0.027398
rxn:1:52398:7307	COc1ncc(N)cc1C1CC1CCn1cc(CC(CN)C2CC2)nn1	0.027374
rxn:1:65533:34776	Cc1ccc(-c2cn(CC3CC(=O)N(c4cc(CO)ccn4)C3)nn2)cn1	0.027347
rxn:1:59624:29599	NC1CCCN(CCc2cn(C3CCN(C(=O)c4ccccn4)CC3)nn2)C1=O	0.027340
rxn:1:57542:165	COc1ccncc1CCCn1cc(-c2ccc(CCO)cc2)nn1	0.027324
rxn:1:40002:39611	O=C(O)c1sccc1C=CCn1cc(C2(c3ccccc3)CCC2)nn1	0.027308
rxn:1:59949:10575	CC(C)(C)OC(=O)N1CC(F)(F)C[C@H]1Cn1cc(CS(=O)C(F)F)nn1	0.027295
rxn:1:52825:2153	CC1(C(=O)c2cn(CCC3CC3c3cncc(C(F)(F)F)c3)nn2)CCNC1	0.027285
rxn:1:55263:1406	O=C(OCc1cn(CC2CC2c2ccc(O)c(Cl)c2)nn1)C1CCNCC1	0.027275
rxn:1:51680:5470	Cc1cncc(C2CC2CCn2cc(-c3cnn(C)c3C(N)=O)nn2)n1	0.027265
rxn:1:45902:1345	CNC1(C(=O)c2cn(CCC=Cc3ccc(CO)c(F)c3)nn2)CCC1	0.027240
rxn:1:52833:28704	CC(C)(C)OC(=O)c1cn(CCC2CC2c2cnccc2C(F)(F)F)nn1	0.027226
rxn:1:58045:4008	Cn1cc(CCCn2cc(C3(O)CCCCCC3)nn2)c2ccccc21	0.027216
rxn:1:63005:2849	COc1ccccc1CCc1cn([C@@H](C)c2ccc(F)cc2F)nn1	0.027203
rxn:1:56370:24134	COc1cc(C2CC2Cn2cc(C3(O)CN(CC(F)(F)F)C3)nn2)ccc1C#N	0.027194
rxn:1:55888:8798	NCc1cccc(-c2cn(CC3CC3c3cnccc3C(=O)O)nn2)c1	0.027192
rxn:1:61559:775	Cc1ccc(C(n2cc(-c3ccc(C(=O)O)cc3C)nn2)C(F)(F)F)cc1	0.027162
rxn:1:60370:2233	CC(NC1CC1)C(=O)Cc1cn(-c2ccc(NC(=O)OC(C)(C)C)cc2)nn1	0.027160
rxn:1:63923:32798	CN(CCn1cc(CN2CCS(=O)(=O)CC2)nn1)Cc1cccc(F)c1	0.027150
rxn:1:57021:39375	CCNCc1ccn(Cc2cn(CCCc3ccc(C)o3)nn2)n1	0.027145
rxn:1:56065:6504	C=Cc1cnn(Cc2cn(CC3CC3c3cccc4c3NC(=O)C4)nn2)c1	0.027129
rxn:1:61204:11775	Cc1ccc(C(=O)N2CC(n3cc(C4CCN(S(C)(=O)=O)C4)nn3)C2)cc1F	0.027117
rxn:1:58026:38915	C[C@@H]1CCCN1CCc1cn(CCCc2c[nH]c3cc(F)ccc23)nn1	0.027114
rxn:1:56864:10532	COC(=O)C(C)S(=O)Cc1cn(CC(=O)NC2CCCC(C)C2C)nn1	0.027094
rxn:1:39931:959	CC(C)c1noc(OCc2cn(CC=Cc3cnc(N)nc3)nn2)n1	0.027089
rxn:1:50172:2146	COc1cc(C2C(Cn3cc(C(=O)N4CCC(OC)C4)nn3)C2(F)F)ccc1O	0.027084
rxn:1:39992:30343	CCC(C)n1ccc(-c2cn(CC=Cc3cccc(F)c3F)nn2)n1	0.027072
rxn:1:55631:2722	COCc1ccc(-c2cn(CC3CC3c3ccc(F)cc3CO)nn2)o1	0.027049
rxn:1:43361:181	O=C(Cn1cc(-c2ccc(C(F)(F)F)o2)nn1)NCc1ccc(F)cc1	0.027037
rxn:1:62735:32096	O=C(Cn1cc(CCNc2ncccn2)nn1)Nc1ccccc1F	0.027032
rxn:1:52668:39762	O=C1Cc2cc(C3CC3CCn3cc(C4(C(=O)O)CCCCC4)nn3)ccc2N1	0.027028
rxn:1:55519:922	N#Cc1ncc(C2CC2Cn2cc(CCCN3CCC(=O)CC3)nn2)cn1	0.027022
rxn:1:57627:1248	COc1ccc(F)c(-c2cn(CCCc3cccc(C(=O)O)c3)nn2)c1	0.027022
rxn:1:57411:2066	NC1(C(=O)Cc2cn(CCCc3cc(O)nnc3O)nn2)CCC1	0.027020
rxn:1:60981:28432	COC(=O)[C@H](N)CCc1cn(CC(=O)N2CCC(C(C)(F)F)CC2)nn1	0.027017
rxn:1:55892:39519	CCN1CCN(Cc2cn(CC3CC3c3ccc(S(N)(=O)=O)s3)nn2)CC1	0.027009
rxn:1:57911:39515	CC(=O)c1cncc(CCCn2cc(CNC(=O)N3CCOCC3)nn2)c1	0.027003
rxn:1:40459:1946	CCOC(=O)CC(N)c1cn(CC=Cc2ccc(N)c(OC)n2)nn1	0.026994
rxn:1:53448:12159	Oc1cnc(C2C(CCn3cc(C4CC(N5CCOCC5)C4)nn3)C2(F)F)nc1	0.026977
rxn:1:64741:31469	Cc1ncc(-c2cn(CC3CC(=O)N(c4ccc(Cl)nn4)C3)nn2)cc1N	0.026945
rxn:1:60158:27807	CC(C)(C)OC(=O)N1CCC[C@H](Cn2cc(-c3nccc(C(C)(C)C)n3)nn2)C1	0.026935
rxn:1:58120:1345	CNC1(C(=O)c2cn(CCCc3ccc(F)cc3C(=O)O)nn2)CCC1	0.026912
rxn:1:56590:357	Cc1ccc(-c2cn(CC3CC3c3ccc(S(N)(=O)=O)c(Cl)c3)nn2)s1	0.026912
rxn:1:51566:31447	CS(=O)(=O)c1cncc(-c2cn(CCC3CC3c3ccco3)nn2)c1	0.026895
rxn:1:53654:24076	NC[C@@H]1CCCN1Cc1cn(CCC2C(c3cc(F)ccc3O)C2(F)F)nn1	0.026894
rxn:1:53510:39850	NC(c1cn(CCC2C(c3cnccc3O)C2(F)F)nn1)c1ccco1	0.026886
rxn:1:52485:38646	Nc1ccnc(-c2cn(CCC3CC3c3cccnc3C(=O)O)nn2)c1	0.026885
rxn:1:48449:38195	Cc1cncc(-c2cn(-c3ccccc3C(O)C(O)CN)nn2)c1	0.026880
rxn:1:57167:822	CC(C)(Cc1ccccc1)c1cn(CCCc2ncc(CO)s2)nn1	0.026878
rxn:1:61179:27936	CCOC(=O)[C@@H](N)Cc1cn(C2CN(C(=O)C(C)c3ccccc3)C2)nn1	0.026868
rxn:1:61414:32249	COC(=O)c1ccsc1-c1cn(CCc2c[nH]c(=O)[nH]c2=O)nn1	0.026861
rxn:1:49620:32702	Nc1cc(-c2cn(CC3C(c4cncnc4Cl)C3(F)F)nn2)ncc1F	0.026835
rxn:1:45561:2129	NC1(C(=O)CCc2cn(CCC=Cc3cc(C(=O)O)cs3)nn2)CCC1	0.026829
rxn:1:47124:6529	Cc1cc(F)cnc1C(O)C(O)Cn1cc(C(C)(C)CC2CCOCC2)nn1	0.026825
rxn:1:52552:32522	CNc1cc(-c2cn(CCC3CC3c3ccc4c(c3)OCO4)nn2)ccn1	0.026825
rxn:1:53475:2225	N#Cc1cc(C2C(CCn3cc(CC(=O)C4(N)CCOC4)nn3)C2(F)F)cs1	0.026823
rxn:1:56004:7134	O=C1OCc2cc(C3CC3Cn3cc(CNCC4(O)CCC4)nn3)ccc21	0.026819
rxn:1:40573:130	COc1ncc(F)cc1C=CCn1cc(-c2cnn3c2OCCC3)nn1	0.026811
rxn:1:46335:7018	N#Cc1cc(F)c(C=CCCn2cc(COCC(F)(F)F)nn2)cc1F	0.026802
rxn:1:60695:1848	Cc1n[nH]c(C2CCCC2)c1Cn1cc(-c2ccc(CN(C)C)cc2)nn1	0.026799
rxn:1:55701:32689	OCCc1ccc(C2CC2Cn2cc(-c3c(O)cncc3Cl)nn2)cc1	0.026782
rxn:1:52845:3190	Cc1ccc(Cn2cc(-c3ccccc3S(=O)(=O)Cl)nn2)c(Cl)c1	0.026778
rxn:1:46121:8684	COc1ncc(F)cc1-c1cn(CCC=Cc2cnc3c(c2)CCN3)nn1	0.026766
rxn:1:40118:23155	COCCN1CC(Cc2cn(CC=Cc3cnc(OC)nc3)nn2)C1	0.026756
rxn:1:41587:4151	N#CCc1ccccc1C=CCn1cc(CNCc2csnn2)nn1	0.026749
rxn:1:55105:17730	Cc1ncccc1C1CC1Cn1cc(CCNC(=O)c2ccno2)nn1	0.026745
rxn:1:40814:14753	CC(=O)c1cc(F)ccc1C=CCn1cc(-c2cc(F)n(C)n2)nn1	0.026733
rxn:1:55585:39721	COc1ccc(Cn2cc(Cn3c(=O)cc(N)[nH]c3=O)nn2)cc1F	0.026733
rxn:1:49074:1107	O=C(O)c1ccc(C(F)(F)F)cc1-n1cc(CCC2CCCCCC2O)nn1	0.026727
rxn:1:40827:24353	CC(=O)c1ccc(C=CCn2cc(CCCC3CCCNC3)nn2)c(C)c1	0.026725
rxn:1:60799:4281	N#CCn1nc(C(F)(F)F)cc1Cn1cc(C(=O)Nc2cn[nH]c2)nn1	0.026720
rxn:1:55924:31492	NC(=O)c1ccc(C2CC2Cn2cc(-c3ccsc3C(=O)O)nn2)cc1	0.026715
rxn:1:61682:17547	COc1ccc(C)cc1[C@H](C)n1cc(-c2cc(C)n(C3CCC3)n2)nn1	0.026702
rxn:1:57975:24882	c1ccc(-c2cn(CCCc3ccc4cc[nH]c4c3)nn2)nc1	0.026697
rxn:1:47472:3295	CCn1cnc(-c2cn(CC(O)C(O)c3ccc(C)cc3C#N)nn2)c1	0.026688
rxn:1:60178:23096	COC(=O)[C@H]1C[C@@H](n2cc(C3(CCF)CCC(=O)N3)nn2)[C@H](CO)O1	0.026674
rxn:1:50064:34778	Cc1ccc(O)c(C2C(Cn3cc(C(N)c4ccccc4)nn3)C2(F)F)n1	0.026660
rxn:1:63889:35122	Cc1cc(CN2CC(Cn3cc(C(C)NC4CCCCC4)nn3)CC2=O)n(C)n1	0.026654
rxn:1:56512:38425	COCC(N)Cc1cn(CC2CC2c2cc(OC)ccc2C(=O)O)nn1	0.026652
rxn:1:51653:37892	CCc1ccc(C2CC2CCn2cc(-c3cc(OC)cs3)nn2)o1	0.026637
rxn:1:65598:3645	Cc1cc([C@](C)(O)c2cn(CC3CC(=O)N(c4nncs4)C3)nn2)no1	0.026629
rxn:1:49479:2491	O=S(=O)(N1CCCC1)N1CCC(n2cc(CC3CCCCCC3O)nn2)CC1	0.026621
rxn:1:62345:4160	Cc1nc(CNCc2cn(C3CN(C(=O)OC(C)(C)C)C4(CCC4)C3)nn2)oc1C	0.026617
rxn:1:57241:8556	Cc1cccc(C)c1CCCn1cc(-c2cc(C(=O)O)ccc2Cl)nn1	0.026609
rxn:1:45827:14967	CC(NS(=O)C(C)(C)C)c1cn(CCC=Cc2ccccc2C(F)F)nn1	0.026591
rxn:1:62046:37801	COc1ccc(C)c(-c2cn(-c3ccc(C[C@H](N)C(=O)O)cc3)nn2)n1	0.026583
rxn:1:46323:14967	CC(NS(=O)C(C)(C)C)c1cn(CCC=Cc2ccc(C(F)(F)F)nc2)nn1	0.026581
rxn:1:65719:4381	COc1ccccc1C(C)(C)n1cc(CNc2ccc(Cl)c(F)c2)nn1	0.026577
rxn:1:52176:31985	N#Cc1ccc(-c2cn(CCC3CC3c3c(F)cc(F)cc3F)nn2)o1	0.026569
rxn:1:61364:32191	COc1cc(-c2cn(C3CN(CC(=O)N4CCC(C)CC4)C3)nn2)ccc1C#N	0.026560
rxn:1:45605:5199	Cc1ccc(C=CCCn2cc(C(C)Cc3cccs3)nn2)c(O)c1	0.026536
rxn:1:52842:12217	CC(=O)N1C[C@@H](F)[C@H](c2cn(CCC3CC3c3cc(F)c(F)cc3C#N)nn2)C1	0.026534
rxn:1:60161:2104	CCC1(C(=O)c2cn(CCc3c4c(nn3C(C)C)CCCC4)nn2)CCCN1	0.026532
rxn:1:41703:23442	O=C(OCc1cn(CC=Cc2ccccc2N2CCCC2)nn1)C1CCCN1	0.026527
rxn:1:60702:18227	COc1cccc([C@@H]2CO[C@H](Cn3cc(Cn4ncc(C)c4O)nn3)C2)c1	0.026523
rxn:1:57056:22987	Cc1cccc(NCc2cn(CCCc3cccc(Cl)c3)nn2)c1C	0.026509
rxn:1:45932:18600	Cc1nn(Cc2cn(CCC=Cc3cc(F)cc(Cl)c3O)nn2)cc1N	0.026505
rxn:1:60696:2128	CC(C)(C)OC(=O)NC1CCC(n2cc(CCC(=O)CC3CNC3)nn2)CC1	0.026449
rxn:1:40212:2634	COc1cncc(C=CCn2cc(-c3ccccc3C(C)(C)C)nn2)c1	0.026436
rxn:1:49306:4379	Cc1csc(CC(=O)Cc2cn([C@@H]3CCCC[C@H]3N3CCC(C)CC3)nn2)n1	0.026420
rxn:1:47098:8711	CC1(C)CC1c1cn(CC(O)C(O)c2cnc(O)nc2O)nn1	0.026419
rxn:1:40059:39433	Nc1ncc(C=CCn2cc(COCC3CCNCC3)nn2)nc1N	0.026415
rxn:1:59732:7138	O=C(CSC1CCCC1)N1CCC(n2cc(COC3CNCC3F)nn2)CC1	0.026408
rxn:1:53720:39744	CC1=C(Cc2cn(CCC3C(c4cc(C)cnc4N)C3(F)F)nn2)C(=O)CC1O	0.026406
rxn:1:49988:2103	N#Cc1ccc(C2C(Cn3cc(C(=O)CC4(CN)CCC4)nn3)C2(F)F)cc1	0.026403
rxn:1:45673:31525	CCc1ccncc1-c1cn(CCC=Cc2ccc(OC)nn2)nn1	0.026400
rxn:1:53619:740	C[C@@](N)(Cc1cn(CCC2C(c3cc(F)cc(F)c3)C2(F)F)nn1)C(=O)O	0.026397
rxn:1:60769:39369	CCc1cc(CC)n(CCn2cc(C(O)c3ccc(Cl)cc3F)nn2)n1	0.026394
rxn:1:45552:31417	Cc1cc(-c2cn(CCC=Cc3ccc(F)c(Cl)c3)nn2)ccc1CO	0.026393
rxn:1:58067:8541	N#Cc1c(F)cc(-c2cn(CCCc3cccc4c3CNC4=O)nn2)cc1F	0.026384
rxn:1:53644:258	Cn1cnnc1Cc1cn(CCC2C(c3ccc(O)cc3F)C2(F)F)nn1	0.026361
rxn:1:51619:3057	Cc1ccc(CCc2cn(CCC3CC3c3c[nH]nc3N)nn2)c(C)c1	0.026352
rxn:1:52827:2163	O=C(c1cn(CCC2CC2c2cccnc2C(F)(F)F)nn1)C1CSCCN1	0.026334
rxn:1:61060:23560	CC(C)c1cc(N)c(-c2cn(-c3ccc4nc[nH]c4c3)nn2)o1	0.026331
rxn:1:40286:39782	Cc1nc(-c2cn(CC=Cc3cccc(C(F)F)c3)nn2)nc(C)c1C	0.026315
rxn:1:45848:2039	COC(=O)[C@@H](C)OCc1cn(CCC=Cc2ccc(O)cc2OC)nn1	0.026304
rxn:1:55103:16799	CCc1c(-c2cn(CC3CC3c3cncc(C)c3)nn2)cnn1C1CC1	0.026284
rxn:1:62138:351	COc1ccc(-c2cn(C3CC(F)CN(Cc4ccccc4)C3)nn2)s1	0.026279
rxn:1:57598:37767	Cc1cc(Cl)cc(C)c1CCCn1cc(C2=CC[C@H]3C[C@@H]2C3(C)C)nn1	0.026278
rxn:1:60796:11856	CC(O)C(C)CCCc1cn(Cc2cc(-c3ccccn3)n[nH]2)nn1	0.026277
rxn:1:57679:38345	COc1cccc(-c2cn(CCCc3ccc(F)c(OC)c3)nn2)c1	0.026275
rxn:1:60583:28931	C[C@](C(=O)O)(c1ccccc1)n1cc(-c2ccc(CCCN)cc2)nn1	0.026274
rxn:1:41008:38905	Cc1ccc(C(F)(F)F)cc1C=CCn1cc(-c2cc(O)cc(O)c2)nn1	0.026267
rxn:1:58099:39238	O=C(O)c1cccc(Cl)c1CCCn1cc(CN2CCC[C@H]2C(=O)O)nn1	0.026259
rxn:1:63795:807	Cc1cccc(CN2CC(Cn3cc(CNCC4(C)COC4)nn3)CC2=O)n1	0.026253
rxn:1:49364:38402	COc1ccccc1-c1cn(C(=O)c2c[nH]c3ccccc23)nn1	0.026238
rxn:1:56172:2259	CCN1CCC(c2cn(CC3CC3c3ccccc3S(=O)(=O)F)nn2)CC1	0.026196
rxn:1:49926:39760	CCc1nc(C)c(C2C(Cn3cc([C@H](C)NC(=O)OC(C)(C)C)nn3)C2(F)F)[nH]1	0.026191
rxn:1:41645:2017	COC(=O)C1(Cc2cn(-c3ccc(-c4ccccc4)cc3)nn2)CCCN1	0.026186
rxn:1:61347:14387	CCOc1cc(-c2cn(C3CN(Cc4ccccc4)C3)nn2)ccc1F	0.026175
rxn:1:56372:37714	CNC(=O)c1ccc(C2CC2Cn2cc(-c3c(Cl)ccnc3N)nn2)cc1	0.026165
rxn:1:60158:28433	CC(C)[C@H](N)C(=O)OCc1cn(C[C@H]2CCCN(C(=O)OC(C)(C)C)C2)nn1	0.026162
rxn:1:56170:38460	Cc1ccc(C2CC2Cn2cc(C3(O)CC(C(=O)O)C3)nn2)c(C(=O)O)c1	0.026161
rxn:1:51834:23825	Fc1ccc(F)c(C2CC2CCn2cc(C3(n4ccnc4)CC3)nn2)c1	0.026158
rxn:1:57798:38723	CC(=O)Nc1cncc(-c2cn(CCCc3ccc(Cl)c(C#N)c3)nn2)c1	0.026145
rxn:1:40045:6216	CCCNc1cc(-c2cn(CC=Cc3ccc(O)cc3C)nn2)ncn1	0.026140
rxn:1:55850:2557	COc1cc(Cc2cn(CC3CC3c3ccc(C)cc3C#N)nn2)on1	0.026139
rxn:1:56277:2171	O=C(CNC1CCCC1)c1cn(CC2CC2c2ncccc2C(F)(F)F)nn1	0.026130
rxn:1:61168:37764	Cc1nc2ccc(-c3cn(C4CN(C(=O)C5CCOCC5)C4)nn3)cc2o1	0.026125
rxn:1:61060:16924	Cn1ncc(-c2cn(-c3ccc4nc[nH]c4c3)nn2)c1CC1CC1	0.026115
rxn:1:53492:3244	Cc1cc(C2C(CCn3cc(C(C)(C)N4CCSCC4)nn3)C2(F)F)ccn1	0.026096
rxn:1:58049:39619	CC1CCCCN1Cc1cn(CCCc2cncc3ccccc23)nn1	0.026091
rxn:1:60737:1845	CCCCC(C)(C)C(O)c1cn(Cc2c[nH]nc2-c2ccoc2)nn1	0.026087
rxn:1:58493:31837	N#Cc1ncc(-c2cn(CCCc3ccc4c(c3)NC(=O)CO4)nn2)cc1F	0.026083
rxn:1:61209:7177	Cc1noc(C)c1C(=O)N1CC(n2cc(Cn3cccc(N)c3=O)nn2)C1	0.026080
rxn:1:49087:82	CC(F)(c1cn(-c2ccc(S(F)(F)(F)(F)F)cc2)nn1)C1CCC1	0.026073
rxn:1:57721:6330	COc1cc(C)ccc1CCCn1cc(CN[C@@H]2CNC[C@H]2O)nn1	0.026060
rxn:1:60675:8567	COCc1cc(-c2cn(C[C@H]3C[C@H](c4cccc(C)c4)CO3)nn2)no1	0.026053
rxn:1:62655:28730	CC(C)C(C)(C#N)N1CC(Cn2cc(C3(c4ccncc4)CCC3)nn2)CC1=O	0.026005
rxn:1:64216:3014	CC(N)c1ccccc1-c1cn(CC2CC(=O)N(Cc3ccc[nH]3)C2)nn1	0.026002
rxn:1:63745:31180	Cc1cc(N2CC(Cn3cc(-c4cnccc4CN)nn3)CC2=O)cc(C)n1	0.025999
rxn:1:52750:39434	Cc1ccc(C2CC2CCn2cc(COC3CCCNC3)nn2)c(C(=O)O)c1	0.025980
rxn:1:40587:31170	COc1ccc(C=CCn2cc(-c3cc(C(C)C)ccn3)nn2)c(C)n1	0.025974
rxn:1:40041:5181	CCC(Cc1cn(CC=Cc2ccccc2CO)nn1)c1ccncc1	0.025971
rxn:1:61064:38770	CCOC1CCN(C(=O)Cn2cc(-c3cncc(C(=O)OC)c3)nn2)CC1	0.025944
rxn:1:46169:11785	FC1(F)CNCCOC1c1cn(CCC=Cc2cnc3ccccc3n2)nn1	0.025943
rxn:1:60746:2174	Cc1[nH]nc(-c2ccsc2)c1Cn1cc(C(=O)C2CCCCCN2)nn1	0.025937
rxn:1:62195:983	CC(C)(C)OC(=O)N1CC(Cn2cc(CCC(N)c3ccccc3)nn2)=C(F)C1=O	0.025936
rxn:1:47632:28381	COC(c1cn(CC(O)C(O)c2ccc3cnccc3c2)nn1)C1CC1	0.025930
rxn:1:51380:32707	CC(=O)c1ncccc1-c1cn(CC(O)c2ccc(C(C)(C)C)cc2)nn1	0.025929
rxn:1:62206:5564	CCOC(=O)N1CCC(O)C(n2cc(-c3ncnc4c3cnn4C)nn2)C1	0.025922
rxn:1:53359:398	Cc1noc(C(=O)O)c1-c1cn(CCC2C(c3ccn(C)n3)C2(F)F)nn1	0.025889
rxn:1:55359:32364	CCc1nc(C)c(C2CC2Cn2cc(-c3cccc([C@@H](C)N)c3C)nn2)[nH]1	0.025877
rxn:1:46287:31354	COC(=O)N1CCO[C@H](c2cn(CCC=Cc3ccc(O)c(C(=O)O)c3)nn2)C1	0.025872
rxn:1:56158:11983	Cc1cc(C2CC2Cn2cc(CCN3CCCC3CO)nn2)ccc1C(=O)O	0.025862
rxn:1:49675:17515	Cc1cc(CN)nn1Cc1cn(CC2C(c3ccc(C#N)s3)C2(F)F)nn1	0.025827
rxn:1:52529:35374	CCOc1ccc(-c2cn(Cc3ccc(C(F)(F)F)o3)nn2)cc1F	0.025825
rxn:1:56457:7242	CCC(=O)c1cc(C2CC2Cn2cc(CNC3CCC3F)nn2)ccc1O	0.025800
rxn:1:61150:2039	COC(=O)[C@@H](C)OCc1cn(C2CN(C(=O)c3ccc(C#N)cc3)C2)nn1	0.025794
rxn:1:61455:5554	CC1CCCN(C(=O)c2ccc(Cn3cc(C(C)NC(=O)OC(C)(C)C)nn3)s2)C1	0.025789
rxn:1:51677:27802	Cc1ccc(C2CC2CCn2cc(-c3ccc4c(n3)CCCC4)nn2)nn1	0.025788
rxn:1:55151:39721	Cc1cc(C2CC2Cn2cc(Cn3c(=O)cc(N)[nH]c3=O)nn2)ccc1F	0.025784
rxn:1:61912:12260	NC(Cc1ccc(-n2cc(C3(C(=O)O)CCOCC3)nn2)cc1)C(=O)O	0.025779
rxn:1:40784:38398	Cc1ccc(C=CCn2cc(-c3ccc(Cl)cc3Cl)nn2)cc1C(=O)O	0.025772
rxn:1:44764:38565	COC(=O)c1sc(-n2cc(C(O)c3ccc(C)cc3)nn2)c(Cl)c1OC	0.025763
rxn:1:52048:4124	N#Cc1ccc(C2CC2CCn2cc(COc3cccnc3N)nn2)cc1	0.025733
rxn:1:46906:11722	Cc1cccc(C(O)C(O)Cn2cc(COC3CCC(N)CC3)nn2)n1	0.025730
rxn:1:63415:18227	Cc1cnn(Cc2cn(CC3CC(=O)N(c4ccnc(C)c4C)C3)nn2)c1O	0.025723
rxn:1:49780:39760	C[C@H](NC(=O)OC(C)(C)C)c1cn(CC2C(c3c(F)cccc3Cl)C2(F)F)nn1	0.025715
rxn:1:60237:813	CCN(Cc1ccccc1)[C@@H]1COC[C@H]1n1cc(C(C)(C)C(=O)OC)nn1	0.025710
rxn:1:49888:31559	CNc1ccnc(-c2cn(CC3C(c4cc(Cl)cnc4N)C3(F)F)nn2)c1	0.025695
rxn:1:63827:39565	CCC(NCC(C)C)c1cn(CC2CC(=O)N(Cc3ccc(C)cn3)C2)nn1	0.025692
rxn:1:45827:11856	CC(O)C(C)CCCc1cn(CCC=Cc2ccccc2C(F)F)nn1	0.025689
rxn:1:45433:4059	Fc1cccc(F)c1NCc1cn(CCC=Cc2ncccc2Cl)nn1	0.025685
rxn:1:41685:5287	CC(C)c1nnnn1Cc1cn(CC=Cc2cccc3c2OCO3)nn1	0.025683
rxn:1:58088:3308	CC(C(=O)Cc1cn(CCCc2cccc(S(C)(=O)=O)c2)nn1)C1CNC1	0.025675
rxn:1:62791:31580	N#Cc1cnc(N)c(-c2cn(CC3CC(=O)N(C4CCCNC4=O)C3)nn2)c1Cl	0.025653
rxn:1:49561:4381	Fc1cc(NCc2cn(CC3C(c4cnccn4)C3(F)F)nn2)ccc1Cl	0.025646
rxn:1:62451:28566	Cn1cc(C2CNCC2Cn2cc(-c3ccc(NC4CC4)nc3)nn2)cn1	0.025622
rxn:1:60102:24195	CC1(c2cn(CC3OC(n4ccc(N)nc4=O)CC3O)nn2)COCC1(F)F	0.025616
rxn:1:51791:23231	CCOC(=O)C1CC(c2cn(CCC3CC3c3c(C)cccc3F)nn2)C1	0.025596
rxn:1:61158:10542	COc1cccc(C(=O)N2CC(n3cc(CS(=O)CCC(C)C)nn3)C2)c1	0.025594
rxn:1:52615:9269	CC(C)C(O)Cc1cn(CCC2CC2c2cccc3sc(N)nc23)nn1	0.025593
rxn:1:58326:28349	COC(c1cn(CCCc2cc(Cl)cc(C(F)(F)F)c2)nn1)C1CCOC1	0.025591
rxn:1:57103:5964	Cc1cncc(CCCn2cc(C(C)Oc3nccnc3Cl)nn2)n1	0.025590
rxn:1:61149:12142	Cc1cccc(CC(=O)N2CC(n3cc(C(F)(F)c4ccoc4)nn3)C2)c1	0.025586
rxn:1:49539:32040	NCc1cc(F)c(-c2cn(CC3C(c4ccccc4)C3(F)F)nn2)c(F)c1	0.025579
rxn:1:52762:38263	CC(=O)c1ccc(C2CC2CCn2cc(C3CC(=O)C3(C)C)nn2)cc1Cl	0.025578
rxn:1:56220:14967	CC(NS(=O)C(C)(C)C)c1cn(CC2CC2c2ccc(OC(F)F)cc2)nn1	0.025577
rxn:1:61363:39569	CCC(C)(NCC(C)C)c1cn(C2CN(CC(=O)NC3CCCC3)C2)nn1	0.025556
rxn:1:57339:8637	O=C(O)c1cccc(-c2cn(CCCc3ccc(CO)cc3)nn2)c1Cl	0.025536
rxn:1:47594:27993	CC(C)(O)c1cn(CC(O)C(O)c2cnc3ncccn23)nn1	0.025528
rxn:1:56070:32688	COc1cc(O)cc(-c2cn(CC3CC3c3ccc4c(c3)CNC4=O)nn2)c1	0.025524
rxn:1:40918:388	Cc1ncc(-c2cn(CC=Cc3cnc(C(=O)O)c(Cl)c3)nn2)c(C)c1Cl	0.025524
rxn:1:40306:6038	CCOc1c(-c2cn(CC=Cc3ccc(OC)cc3O)nn2)c(C)nn1C	0.025520
rxn:1:40342:7787	COCCN1CCCC1(C)c1cn(CC=Cc2ccc(Cl)c(OC)c2)nn1	0.025509
rxn:1:63986:31795	N#Cc1ncc(F)cc1-c1cn(CC2CC(=O)N(CC(=O)N3CCCC3)C2)nn1	0.025490
rxn:1:49563:37721	COc1ccc(-c2cn(CC3C(c4cn(C)cn4)C3(F)F)nn2)c(C)c1C	0.025490
rxn:1:55569:17548	CCn1nc(-c2cn(CC3CC3c3cccc(C(C)C)c3)nn2)cc1C	0.025487
rxn:1:48668:3887	CC1(c2cn(CCC(O)C(O)c3ccc(O)c(F)c3)nn2)CNC1	0.025473
rxn:1:52242:8606	COC(=O)C1(N)CC(c2cn(CCC3CC3c3ccc(OC)cc3Cl)nn2)C1	0.025468
rxn:1:49889:1349	CC(C)(C)C(NC1CSC1)c1cn(CC2C(c3cc(F)cnc3N)C2(F)F)nn1	0.025454
rxn:1:51679:32693	Nc1cccc(C2CC2CCn2cc(C(=O)c3ccccc3O)nn2)n1	0.025453
rxn:1:45527:31564	Cc1ccc(C)c(C=CCCn2cc(CNCc3ccc(C)o3)nn2)c1	0.025451
rxn:1:46886:23341	CC1(C)OCC(C(O)c2cn(CC(O)C(O)c3ncccc3Cl)nn2)O1	0.025442
rxn:1:47436:23106	CN(C)C(=O)N(C)CCc1cn(CC(O)C(O)c2cc(C#N)ccc2F)nn1	0.025440
rxn:1:62818:12141	O=C1CC(Cn2cc(C(F)(F)c3ccc(F)cc3)nn2)CN1CC1CCCCO1	0.025431
rxn:1:47347:17782	COc1cc(C)ccc1C(O)C(O)Cn1cc(CCNC(C)=O)nn1	0.025430
rxn:1:55987:24350	O=C1NCCC1CCCc1cn(CC2CC2c2cnc3cccnn23)nn1	0.025428
rxn:1:48276:290	OC(Cn1cc(-c2ccsc2CF)nn1)C(O)c1c(F)cc(Cl)cc1F	0.025404
rxn:1:54909:39549	CC(C)(N)c1cccc(-c2cn([C@@H]3OC[C@@H](O)[C@H](O)[C@H]3O)nn2)c1	0.025393
rxn:1:61460:3624	CC(C)NC(=O)c1ccc(Cn2cc(Cn3cccc3C(=O)O)nn2)s1	0.025387
rxn:1:58041:27682	CC(C)(c1cn(CCCc2cccc3cnccc23)nn1)N1CC(N)CC1=O	0.025374
rxn:1:57410:16924	Cn1ncc(-c2cn(CCCc3cnc(O)nc3O)nn2)c1CC1CC1	0.025353
rxn:1:40295:2733	O=C(O)Cc1cc(C=CCn2cc(Cc3ccc(Cl)cc3F)nn2)cs1	0.025345
rxn:1:60949:28390	COCC(NC(C)C)c1cn(CC(=O)N2CCC(O)C(CCF)C2)nn1	0.025307
rxn:1:57822:7663	CC(C)c1nccc(-c2cn(CCCc3ccc(C#N)c(Cl)c3)nn2)n1	0.025301
rxn:1:41250:35023	CC1CN(C)CCC1(O)c1cn(CC=Cc2cnc(-n3ccnc3)nc2)nn1	0.025298
rxn:1:60786:29482	CC(=O)C(C(C)C)N(C)Cc1cn(Cc2cc(-c3cccs3)n[nH]2)nn1	0.025293
rxn:1:48615:2122	CCc1nocc1-c1cn(CCC(O)C(O)c2cccc(C)c2Cl)nn1	0.025292
rxn:1:52591:7795	CC(C)(c1cn(CCC2CC2c2cnc3cccnn23)nn1)C(F)C(=O)O	0.025288
rxn:1:47635:7116	NC1CC1c1cn(CC(O)C(O)c2cccc3c2CCNC3)nn1	0.025271
rxn:1:41087:38560	N#Cc1ccc(-c2cn(CC=Cc3ccc(OC(F)(F)F)cc3)nn2)nc1	0.025236
rxn:1:57825:23646	CC(=O)c1cncc(-c2cn(CCCS(=O)c3cccs3)nn2)c1	0.025231
rxn:1:55208:8658	CSc1ncc(-c2cn(CC3CC3c3ccc(Cl)cc3F)nn2)n1C	0.025220
rxn:1:45747:23903	Cc1cc(-c2cn(CCC=Cc3cnc(O)c(O)c3)nn2)cc(C(F)F)c1	0.025204
rxn:1:56215:1409	CN(Cc1cn(CC2CC2c2cc(F)c(CO)c(F)c2)nn1)C(=O)C1CCCN1	0.025195
rxn:1:51926:32074	Cc1cccc(O)c1C1CC1CCn1cc(CCNn2cccc2)nn1	0.025169
rxn:1:56355:2197	Cc1nc(-c2cn(Cc3ccn(-c4ccccc4)n3)nn2)co1	0.025165
rxn:1:50261:578	Cc1cnc(-c2cn(CC3C(c4cc(CO)ccc4C)C3(F)F)nn2)c(N)c1	0.025160
rxn:1:48361:39909	N#Cc1cnn(Cc2cn(CC(O)C(O)c3ccc[nH]3)nn2)c1	0.025160
rxn:1:64836:23140	CS(=O)(=O)N1CC(Cc2cn(CC3CC(=O)N(c4ccc(O)cc4F)C3)nn2)C1	0.025150
rxn:1:50431:39920	C=C(Cc1cn(CC2C(c3ccc(C(=O)O)nc3)C2(F)F)nn1)S(=O)(=O)CC	0.025148
rxn:1:60851:983	NC(CCc1cn(CC(=O)N2CCN(CCO)CC2)nn1)c1ccccc1	0.025148
rxn:1:52310:1684	COc1ccc(C2CC2CCn2cc(CCC(C#N)C(C)=O)nn2)cc1C	0.025142
rxn:1:41060:11722	COc1ccc(C(C)=O)cc1C=CCn1cc(COC2CCC(N)CC2)nn1	0.025128
rxn:1:49188:31335	COc1cccc(C(=O)Cn2cc(-c3ccc(O)c(C(=O)O)c3)nn2)c1	0.025119
rxn:1:40640:259	Cn1nnnc1Cc1cn(CC=Cc2ccc3[nH]ccc3c2)nn1	0.025119
rxn:1:45633:7078	CCOc1ncccc1-c1cn(CCC=Cc2ccc(C#N)nc2)nn1	0.025109
rxn:1:55606:38934	COc1ccc(C2CC2Cn2cc(-c3cnc(C(=O)O)nc3)nn2)cc1O	0.025093
rxn:1:55213:23192	Fc1cccc(F)c1C1CC1Cn1cc(CC2(C(F)F)CC(F)(F)C2)nn1	0.025085
rxn:1:41306:4277	CC(CO)NC(=O)c1cn(CC=Cc2ccc(-c3ccccc3)cc2)nn1	0.025084
rxn:1:49595:23624	Cc1ccccc1C1C(Cn2cc(C(C)n3cc(C(=O)O)cn3)nn2)C1(F)F	0.025082
rxn:1:53694:2218	CC1(C(=O)Cc2cn(CCC3C(c4cnc(N)c(F)c4)C3(F)F)nn2)CCNC1	0.025057
rxn:1:57101:11830	Cc1ccc(CCCn2cc(CSc3ccc(CO)cc3)nn2)nn1	0.025050
rxn:1:41062:31477	Cc1cc(-c2cn(CC=Cc3cc(C)c(C(=O)O)c(C)c3)nn2)c(F)cc1F	0.025047
rxn:1:61745:23650	CC(=O)c1ccnc(-c2cn(CC3CCN(C(=O)OC(C)(C)C)CCO3)nn2)c1	0.025036
rxn:1:57886:31246	CC(=O)Nc1ncc(-c2cn(CCCc3cccc(C(=O)O)n3)nn2)s1	0.025026
rxn:1:56512:38605	COc1ccc(C(=O)O)c(C2CC2Cn2cc(-c3ccc(C)cc3C)nn2)c1	0.025019
rxn:1:58317:38642	CC1(c2cn(CCCc3cccc(C(F)(F)F)c3Cl)nn2)CCCCC1	0.025010
rxn:1:58502:7741	COC(=O)[C@H]1C[C@H](c2cn(CCCc3ccc4nccc(O)c4c3)nn2)C1	0.024994
rxn:1:49292:18048	CS(=O)(=O)NCCc1cn(C(=O)c2cc3ncc(C(F)(F)F)cc3s2)nn1	0.024982
rxn:1:61241:24930	CCCCc1cccn1-c1cn(C2CN(C(=O)c3ccccc3C)C2)nn1	0.024972
rxn:1:63889:12204	Cc1cc(CN2CC(Cn3cc([C@H]4CN(C5CCC5)C[C@H]4O)nn3)CC2=O)n(C)n1	0.024962
rxn:1:64601:22133	O=C(O)C1CCN(Cc2cn(CC3CC(=O)N(c4ccc(F)c(Cl)c4)C3)nn2)CC1	0.024961
rxn:1:45871:2111	O=C(CC1CSCCN1)c1cn(CCC=Cc2ccc(F)cc2CO)nn1	0.024945
rxn:1:65753:37913	CCOc1ccc(Cl)cc1-c1cn(CC=Cc2cncc(Cl)c2)nn1	0.024940
rxn:1:56448:23206	COC(=O)c1ccc(C2CC2Cn2cc(-c3ncn(C)n3)nn2)c(F)c1	0.024923
rxn:1:47496:2820	COCC(C)(C)c1cn(CC(O)C(O)c2ccc(C(=O)O)nc2)nn1	0.024922
rxn:1:62614:10956	CC(=O)N1CCCC[C@@H]1c1cn(CC2CC(=O)N(C(C(=O)O)C(C)O)C2)nn1	0.024917
rxn:1:51706:32049	COc1cc(-c2cn(CCC3CC3c3ccc(Cl)cn3)nn2)cnc1CN	0.024913
rxn:1:48976:23237	OC(CCn1cc([C@H]2[C@@H]3COC[C@@H]32)nn1)C(O)c1cnn2cccnc12	0.024899
rxn:1:52349:37801	COc1ccc(C)c(-c2cn(CCC3CC3c3cc(F)c(O)c(F)c3)nn2)n1	0.024891
rxn:1:52887:32514	Clc1ncnc2nc(-c3cn(CCc4cn[nH]c4)nn3)[nH]c12	0.024883
rxn:1:63889:39420	Cc1cc(CN2CC(Cn3cc(C(C)(C)NS(C)(=O)=O)nn3)CC2=O)n(C)n1	0.024865
rxn:1:54983:1972	Cc1ccc2c(-c3cn(CC4CC4c4ncccn4)nn3)n[nH]c2c1	0.024852
rxn:1:40677:39780	Cc1cc(-c2cn(CC=Cc3ccc4c(C)n[nH]c4c3)nn2)ncn1	0.024850
rxn:1:63560:362	Cc1ccc(N2CC(Cn3cc(-c4c(C(F)(F)F)n[nH]c4C)nn3)CC2=O)cn1	0.024849
rxn:1:52832:1320	Cc1ccc(O)cc1-c1cn(CCC2CC2c2cccc(C(F)(F)F)n2)nn1	0.024844
rxn:1:48487:3417	Cc1cscc1C(O)C(O)CCn1cc(CN2CCNCCC2=O)nn1	0.024830
rxn:1:55644:23798	COc1cccc(F)c1C1CC1Cn1cc(C2(n3cccn3)CCC2)nn1	0.024829
rxn:1:58125:34504	Cc1cccc(C(=O)O)c1CCCn1cc(-c2cc(C(F)(F)F)nn2C)nn1	0.024796
rxn:1:46011:38889	N#Cc1ccc(F)cc1C=CCCn1cc(-c2ccc(F)c(Cl)c2)nn1	0.024792
rxn:1:60851:11961	O=C(Cn1cc([C@]2(O)CN3CCC2CC3)nn1)N1CCN(CCO)CC1	0.024788
rxn:1:51891:2959	CNCc1ccccc1-c1cn(CCC2CC2c2cc(O)cc(F)c2)nn1	0.024786
rxn:1:48477:3708	CC(C)NC(C)(C)c1cn(CCC(O)C(O)c2ncc[nH]2)nn1	0.024766
rxn:1:60933:2208	O=C(Cn1cc(CNS(=O)(=O)C2CC2)nn1)N1CCC(O)(C(F)(F)F)CC1	0.024749
rxn:1:63760:7627	Cc1cc(O)nc(N2CC(Cn3cc(-c4ccc(F)cc4C#N)nn3)CC2=O)n1	0.024739
rxn:1:56122:18720	Cc1c(F)cnc(-c2cn(CC3CC3c3cccc(Cl)c3C(=O)O)nn2)c1F	0.024734
rxn:1:50477:31151	N#Cc1ccc(C2C(Cn3cc(-c4nccc(N)c4Cl)nn3)C2(F)F)cc1O	0.024725
rxn:1:55257:4368	Oc1ccc(SCc2cn(CC3CC3c3cc(O)ccc3F)nn2)cc1	0.024720
rxn:1:41747:31210	COc1cc(C=CCn2cc(-c3ccc(C#N)c(F)c3F)nn2)cc(Cl)c1O	0.024708
rxn:1:40406:14096	CNCc1ccc(Cl)c(-c2cn(CC=Cc3cc(F)c(F)cc3O)nn2)c1	0.024707
rxn:1:58095:3407	CN(CCc1cn(CCCc2ccc(Cl)c(C(=O)O)c2)nn1)S(N)(=O)=O	0.024703
rxn:1:57883:30381	Cn1ncc(-c2cn(CCCc3ccc(C(=O)O)nc3)nn2)c1C(=O)O	0.024697
rxn:1:46402:31779	Cc1cc(C=CCCn2cc([C@]3(O)C(=O)N(C)CC3(F)F)nn2)cc(C(F)(F)F)c1	0.024695
rxn:1:49528:38912	FC(F)(F)c1nccc(-c2cn(CC3C(c4nccs4)C3(F)F)nn2)n1	0.024693
rxn:1:60844:39238	O=C(O)[C@@H]1CCCN1Cc1cn(CC(=O)N2CCN(C(=O)C3CC3)CC2)nn1	0.024669
rxn:1:50949:391	Cc1cc(-c2cn(C[C@@H](O)c3cncc(F)c3)nn2)cn2ccnc12	0.024666
rxn:1:50251:10921	COc1cc(C)cc(C2C(Cn3cc(Cn4ccnc4C)nn3)C2(F)F)c1	0.024661
rxn:1:61944:31147	O=C(NC1CCCC1)c1ccc(-n2cc(-c3cc(Cl)c(O)cc3F)nn2)cc1	0.024657
rxn:1:56599:39782	Cc1nc(-c2cn(CC3CC3c3cnc(O)c(C(F)(F)F)c3)nn2)nc(C)c1C	0.024653
rxn:1:60604:6232	CC(C)c1n[nH]c(C(C)C)c1Cn1cc(-c2cc(NC3CC3)ncn2)nn1	0.024651
rxn:1:45725:7766	CNc1cccc(C=CCCn2cc(-c3c(Cl)ncnc3OC)nn2)c1	0.024644
rxn:1:45878:28568	COc1cccc(F)c1C=CCCn1cc(-c2ncc(F)cc2Cl)nn1	0.024621
rxn:1:52634:38642	CC1(c2cn(CCC3CC3c3c[nH]c4ccc(F)cc34)nn2)CCCCC1	0.024616
rxn:1:53501:2131	NC(C(=O)Cc1cn(CCC2C(c3nc(CO)cs3)C2(F)F)nn1)C1CC1	0.024605
rxn:1:57605:15	CC(C)c1ccc(CCCn2cc(CNCc3ccccn3)nn2)cc1	0.024600
rxn:1:49640:30391	Nc1cc(C2C(Cn3cc(-c4cnn(CC(=O)O)c4)nn3)C2(F)F)ccn1	0.024599
rxn:1:45970:39831	COc1cc(C=CCCn2cc(C(N)c3cccc(F)c3)nn2)cnc1N	0.024592
rxn:1:62292:11727	CC(CN)Cc1cn(-c2cc(C[C@H](N)C(=O)O)ccc2O)nn1	0.024586
rxn:1:60749:31771	CC(C)c1[nH]nc(-c2cccs2)c1Cn1cc(N(C)C(=O)OC(C)(C)C)nn1	0.024579
rxn:1:40085:5936	CCCn1cc(C=CCn2cc(COc3cnc(Cl)cn3)nn2)cn1	0.024576
rxn:1:40895:2940	Cc1ccc(-c2cn(CC=Cc3cc(C(F)(F)F)ccn3)nn2)c(Cl)c1	0.024572
rxn:1:55801:13996	Cc1ccc(-c2cn(CC3CC3c3cc(CN)ccc3F)nn2)cc1C(N)=O	0.024560
rxn:1:61400:2870	COc1cccc(-c2cn(Cc3ccc(C(=O)N4CCCC(C)C4)o3)nn2)c1O	0.024550
rxn:1:55934:37766	COc1ncc(C)cc1-c1cn(CC2CC2c2cnc(N(C)C)nc2)nn1	0.024549
rxn:1:46960:2179	CSc1ccc(C(O)C(O)Cn2cc(-c3cn[nH]c3C)nn2)cc1	0.024547
rxn:1:50053:30323	COc1cncc(C2C(Cn3cc(-c4ccn(C(C)C)n4)nn3)C2(F)F)c1	0.024547
rxn:1:62459:3057	Cc1ccc(CCc2cn(CC34CC(CN(C(=O)OC(C)(C)C)C3)C4)nn2)c(C)c1	0.024540
rxn:1:62324:7375	Cc1cccc(OCc2cn(Cc3cccc(C(F)F)c3C)nn2)c1C	0.024539
rxn:1:58208:32892	CCOC1=CC(=O)N(Cc2cn(CCCc3ccc(C(F)(F)F)nc3)nn2)C1	0.024537
rxn:1:41258:2065	O=C(Cc1cn(CC=Cc2ccc(-n3cccn3)cc2)nn1)CC1CNC1	0.024525
rxn:1:61157:10865	O=C(c1cccnc1)N1CC(n2cc(Cn3cc(Cl)cc(Cl)c3=O)nn2)C1	0.024516
rxn:1:47780:2704	CC(C)(CS(C)(=O)=O)c1cn(CC(O)C(O)c2cccnc2C(F)(F)F)nn1	0.024505
rxn:1:56434:32503	CNCC1CCC(c2cn(CC3CC3c3ccc(CC(=O)O)cc3F)nn2)CC1	0.024497
rxn:1:40235:38700	NC(=O)Cc1cccc(-c2cn(CC=Cc3cnc(Cl)nc3N)nn2)c1	0.024494
rxn:1:51949:31045	CCOc1nc(N2CCCCC2)nc(-n2cc(-c3cn(C)nc3F)nn2)n1	0.024493
rxn:1:55577:39589	CCC1CCC(NCc2cn(CC3CC3c3cc(Cl)c(C)cc3F)nn2)CC1	0.024485
rxn:1:45503:544	Cc1cccc(C=CCCn2cc(-c3cc(F)ccc3C#N)nn2)c1Cl	0.024483
rxn:1:61305:31153	COc1ccc(CN2CC(n3cc(-c4cc(Cl)ccc4C(=O)O)nn3)C2)cc1	0.024477
rxn:1:61516:1943	CCOC(=O)C(C)(C)Cc1cn(CC2(F)CCN(C(=O)OC(C)(C)C)C2)nn1	0.024467
rxn:1:60927:1949	CCOC(=O)C(N)Cc1cn(CC(=O)N2CC(OC)(C(F)(F)F)C2)nn1	0.024452
rxn:1:45598:8855	COc1cccn(Cc2cn(CCC=Cc3cccc(CO)c3)nn2)c1=O	0.024448
rxn:1:61613:3268	Cn1c(-c2cn(C[C@H](O)Cc3ccccc3)nn2)cc2ccccc21	0.024441
rxn:1:51936:11726	NC(CCc1cn(CCC2CC2c2ccc(C(=O)O)o2)nn1)C(=O)O	0.024434
rxn:1:41038:31821	N#Cc1ncc(-c2cn(CC=Cc3cc(CC(=O)O)ccc3F)nn2)cc1Cl	0.024410
rxn:1:46266:561	CC(=O)c1ccc(F)c(C=CCCn2cc(CCC[C@@H](N)CO)nn2)c1	0.024404
rxn:1:57542:3109	COc1ccncc1CCCn1cc(CSc2n[nH]c(N)n2)nn1	0.024403
rxn:1:46826:1779	Cc1ccccc1CSCc1cn(CC(O)C(O)c2cccnc2)nn1	0.024378
rxn:1:59236:28815	CNC(Cc1cn(-c2ccc3nccnc3c2)nn1)c1ccccc1	0.024369
rxn:1:60029:11776	COC(=O)[C@@H]1C[C@@H](n2cc(C3CCN(C(=O)N(C)C)C3)nn2)C(=O)N1C1CC1	0.024367
rxn:1:53288:4288	CCOC(=O)c1cc(Cn2cc(C(=O)Nc3cccc(O)c3)nn2)no1	0.024364
rxn:1:61404:23179	CCOC(=O)[C@@H]1C[C@@H]1c1cn(Cc2ccc(C(=O)N3CCN(C)CC3)o2)nn1	0.024357
rxn:1:40986:31566	COc1cc(C=CCn2cc(-c3ccc(CN)cc3OC)nn2)ccc1C#N	0.024337
rxn:1:60758:2914	Cc1cccc(-c2cn(Cc3c[nH]nc3-c3ccncc3)nn2)c1Cl	0.024328
rxn:1:40273:8783	CCc1ccc(-c2cn(CC=Cc3c(C)cc(Cl)cc3C)nn2)cc1	0.024320
rxn:1:55885:5936	O=C(O)c1cccnc1C1CC1Cn1cc(COc2cnc(Cl)cn2)nn1	0.024313
rxn:1:41378:873	COc1cc(C=CCn2cc(CCN3CCC(=O)CC3)nn2)ccc1C(F)(F)F	0.024281
rxn:1:45862:34548	COc1cc(Cl)cc(C=CCCn2cc(CN3CCCS(=O)(=O)CC3)nn2)c1	0.024271
rxn:1:60237:2107	CCN(Cc1ccccc1)[C@@H]1COC[C@H]1n1cc(C(=O)C2(N)CCOCC2)nn1	0.024270
rxn:1:56109:31438	N#Cc1cnc(N)c(-c2cn(CC3CC3c3ccc(C(=O)O)cc3Cl)nn2)c1	0.024268
rxn:1:61697:38364	CC(C)(C)OC(=O)N1C[C@@H](n2cc(-c3cn4ccnc4cn3)nn2)C[C@H]1C(=O)O	0.024264
rxn:1:51668:2263	Cc1n[nH]c(C)c1C1CC1CCn1cc(Cn2cc(S(C)(=O)=O)cn2)nn1	0.024250
rxn:1:61362:38485	Cn1c(-c2cn(C3CCN(C(=O)OC(C)(C)C)CC3)nn2)nc2ccccc21	0.024239
rxn:1:55593:17533	CCc1cc(C#N)nn1Cc1cn(CC2CC2c2cccc(C(=O)O)c2)nn1	0.024221
rxn:1:41184:38464	CN(C)S(=O)(=O)CCc1cn(CC=Cc2ccc(S(N)(=O)=O)cc2F)nn1	0.024219
rxn:1:45928:1845	CCCCC(C)(C)C(O)c1cn(CCC=Cc2c(C)cc(O)cc2C)nn1	0.024215
rxn:1:47270:2056	O=C(O)c1ccc(C(O)C(O)Cn2cc([C@H](O)C3CC3)nn2)cc1	0.024207
rxn:1:49655:21906	Cc1occc1C(=O)NCc1cn(CC2C(c3ncccc3Cl)C2(F)F)nn1	0.024205
rxn:1:49725:15241	Cc1ccc(Cl)cc1C1C(Cn2cc(-c3cc(=O)[nH]n3C(C)O)nn2)C1(F)F	0.024204
rxn:1:48686:28470	Cc1ccc(C(O)C(O)CCn2cc([C@@H](N)C3CCC3)nn2)c(O)c1	0.024179
rxn:1:61966:23808	OCC1OC(Cn2cc(C3(n4cncn4)CCCC3)nn2)C(O)C1O	0.024172
rxn:1:45464:32734	CC(=O)c1cc(F)cc(-c2cn(CCC=Cc3ccncc3C)nn2)c1	0.024163
rxn:1:52628:39473	O=C(c1cn(CCC2CC2c2cnc3[nH]c(=O)oc3c2)nn1)N1CC(O)C1	0.024151
rxn:1:50538:32378	FC1(c2cn(CC3C(c4cnc5[nH]ccc5n4)C3(F)F)nn2)CCC2(CC2)NC1	0.024132
rxn:1:41294:3223	O=C(O)C1(Cc2cn(CC=Cc3cccc4c(=O)cc[nH]c34)nn2)CCOC1	0.024124
rxn:1:41229:6153	O=C1CCOc2ccc(C=CCn3cc(CCN4CCS(=O)(=O)CC4)nn3)cc21	0.024102
rxn:1:50050:7345	CCc1nc(N)ccc1-c1cn(CC2C(c3ccc(CO)nc3)C2(F)F)nn1	0.024089
rxn:1:49771:4	Cc1ccc(C2C(Cn3cc(-c4ccc(N(C)C)nn4)nn3)C2(F)F)c(C)c1	0.024078
rxn:1:40999:19	Nc1ncc(C=CCn2cc(-c3cccc4c3OCCO4)nn2)nc1C(=O)O	0.024067
rxn:1:41021:5470	Cn1ncc(-c2cn(CC=Cc3ccc(F)cc3C(F)(F)F)nn2)c1C(N)=O	0.024064
rxn:1:53824:24178	OCCC(CCO)c1cn(CCC2C(c3ncc(Cl)cc3Cl)C2(F)F)nn1	0.024059
rxn:1:47023:18819	CC(=O)c1cc(C(O)C(O)Cn2cc(CN3CCNC3=O)nn2)cs1	0.024054
rxn:1:53437:38888	Cc1cncc(C2C(CCn3cc(-c4ccc(F)cc4Cl)nn3)C2(F)F)n1	0.024039
rxn:1:60311:2804	Cc1cccc(Cc2cn(C3CCN(C(=O)c4scnc4C)CC3)nn2)c1F	0.024034
rxn:1:48613:1683	Cc1cccc(Cl)c1C(O)C(O)CCn1cc(C=Cc2ccccc2)nn1	0.024030
rxn:1:55877:38838	COc1cc(OC)cc(-c2cn(CC3CC3c3cncc(C(=O)O)c3)nn2)c1	0.024023
rxn:1:46106:11690	O=C1CCCCC1Cc1cn(CCC=Cc2ccc3sccc3c2)nn1	0.024008
rxn:1:50273:7084	O=C(O)[C@H]1CC[C@@H](c2cn(CC3C(c4cc(Cl)cc(Cl)c4O)C3(F)F)nn2)CC1	0.023985
rxn:1:64024:910	CC(O)(c1cn(CC2CC(=O)N(CCN3CCOCC3)C2)nn1)c1ccccc1F	0.023980
rxn:1:50264:3998	Cc1cc(CO)ccc1C1C(Cn2cc(CS(=O)C3CCN(C)CC3)nn2)C1(F)F	0.023975
rxn:1:56637:11950	C[C@@](O)(c1ccccn1)c1cn(CC2CC2c2ccc(C3OCCO3)cc2)nn1	0.023954
rxn:1:63103:23176	CNc1ccc(N2CC(Cn3cc([C@H]4C[C@]4(N)C(=O)O)nn3)CC2=O)cn1	0.023945
rxn:1:57356:2458	CC(C)(O)c1cccc(-c2cn(CCCc3n[nH]c(N)c3C#N)nn2)c1	0.023942
rxn:1:41770:739	COC(=O)c1ccc(C=CCn2cc(C[C@H]3CN[C@H](C(=O)O)C3)nn2)[nH]1	0.023938
rxn:1:40404:756	CC(=O)c1ccccc1C=CCn1cc(-c2ccc(C(=O)O)cc2Cl)nn1	0.023932
rxn:1:41197:7290	CN(C)C(=O)c1cccc(C=CCn2cc(-c3cc(F)cc(C(=O)O)c3)nn2)c1	0.023919
rxn:1:47163:6366	OC(Cn1cc(-c2ccnc(C3CC3)n2)nn1)C(O)c1ncc(Cl)cc1Cl	0.023919
rxn:1:53564:7634	Cc1c(Cl)cccc1C1C(CCn2cc(CN3CC(C(=O)O)CC3=O)nn2)C1(F)F	0.023906
rxn:1:56693:39474	c1ncn(CCc2cn(CC3CC3c3ccc(N4CCCC4)cc3)nn2)n1	0.023901
rxn:1:65237:34491	O=C1CC(Cn2cc(-c3cnn(CCF)c3)nn2)CN1c1ccc(CO)cc1	0.023900
rxn:1:47592:12192	OC(Cn1cc([C@H]2COC[C@H]2F)nn1)C(O)c1n[nH]c2ncccc12	0.023896
rxn:1:55093:39042	Cc1nc(C2CC2Cn2cc(-c3ccc4cc[nH]c4c3)nn2)sc1C	0.023893
rxn:1:56482:39558	CCC(C)CNC(C)c1cn(CC2CC2c2cccc(OC(F)(F)F)c2)nn1	0.023888
rxn:1:53589:6157	COC(=O)C(O)CCc1cn(CCC2C(c3cccc(F)c3Cl)C2(F)F)nn1	0.023860
rxn:1:48617:1102	CCC(O)(COC)c1cn(CCC(O)C(O)c2c(C)cccc2F)nn1	0.023857
rxn:1:47549:23193	OC(Cn1cc(CC2(C(F)F)CCC2)nn1)C(O)c1ccc2sccc2c1	0.023847
rxn:1:45568:4430	Cc1ccccc1C(=O)Cc1cn(CCC=Cc2cc(O)ccc2F)nn1	0.023840
rxn:1:53428:4234	Cc1nn(C)cc1C1C(CCn2cc(CNCC(C)N3CCCC3)nn2)C1(F)F	0.023839
rxn:1:48956:31361	N#CC1CC(c2cn(CCC(O)C(O)c3cnc4cc[nH]c4c3)nn2)C1	0.023833
rxn:1:56977:11953	CCOC(=O)C1CC1c1cccc(-n2cc(C(O)c3cccc(C)c3)nn2)c1	0.023821
rxn:1:61982:7451	CC(C)c1cc(-c2cn(-c3ccc(C(=O)N4CCOCC4)c(Cl)c3)nn2)on1	0.023820
rxn:1:53438:32426	Nc1cccnc1C1C(CCn2cc(-c3ccc4c(c3)C(=O)NC4)nn2)C1(F)F	0.023820
rxn:1:57226:8611	COC(=O)C(O)(c1cn(CCCc2ccc(C)c(F)c2)nn1)C(F)(F)F	0.023817
rxn:1:61189:19581	Cc1nc(N)[nH]c(=O)c1Cc1cn(C2CN(C(=O)c3cnoc3C)C2)nn1	0.023816
rxn:1:48643:39755	O=C(O)C(O)c1cn(CCC(O)C(O)c2cc(Cl)ccc2F)nn1	0.023816
rxn:1:53798:39531	CC(C)N1CCN(Cc2cn(CCC3C(c4ccccc4CN)C3(F)F)nn2)CC1	0.023809
rxn:1:60713:31235	Cc1nn(C)c(C(F)F)c1-c1cn(C[C@H]2C[C@H](c3ccccc3F)CO2)nn1	0.023802
rxn:1:40395:18237	CCCc1cnn(Cc2cn(CC=Cc3cc(CO)ccc3C)nn2)c1Cl	0.023788
rxn:1:52548:22602	NCc1cnn(Cc2cn(CCC3CC3c3cccc4c3CC=C4)nn2)c1Cl	0.023786
rxn:1:62537:29092	OCc1cccc(-c2cn(Cc3noc(-c4ccccc4)n3)nn2)n1	0.023783
rxn:1:63755:39845	COc1ccccc1C(N)c1cn(CC2CC(=O)N(c3cc(C)ccn3)C2)nn1	0.023779
rxn:1:58174:4365	O=C1CN(C(=O)c2cn(CCCc3cc(C(=O)O)ccc3O)nn2)CCN1	0.023778
rxn:1:45960:28754	CSc1ncc(C=CCCn2cc([C@H](C)N)nn2)c(Cl)n1	0.023777
rxn:1:62996:349	CCCc1nnc(N2CC(Cn3cc(Cc4ccccc4O)nn3)CC2=O)o1	0.023747
rxn:1:60734:3380	CNC(=O)N1CCC(c2cn(Cc3c(-c4ccoc4)n[nH]c3C(C)C)nn2)CC1	0.023746
rxn:1:52544:39544	CC(c1cn(CCC2CC2c2cc3ccccc3s2)nn1)N1CCOC1=O	0.023741
rxn:1:65545:2701	O=C1CC(Cn2cc(C3(c4cccc(Cl)c4)CC3)nn2)CN1c1ncccn1	0.023736
rxn:1:48162:2804	Cc1cccc(Cc2cn(CC(O)C(O)c3ccc(O)nc3)nn2)c1F	0.023732
rxn:1:40582:38479	COc1ccc(-c2cn(CC=Cc3cncc(C(C)=O)c3)nn2)c(Cl)c1	0.023716
rxn:1:46909:23560	Cc1cc(C(O)C(O)Cn2cc(-c3oc(C(C)C)cc3N)nn2)ccn1	0.023714
rxn:1:62737:9531	CC[C@@H](C(=O)O)N1CC(Cn2cc(COC(=O)Nc3nccs3)nn2)CC1=O	0.023711
rxn:1:60029:103	COC(=O)[C@@H]1C[C@@H](n2cc(-c3sc4ccncc4c3N)nn2)C(=O)N1C1CC1	0.023706
rxn:1:48502:2070	CC1(C(=O)c2cn(CCC(O)C(O)c3ncccn3)nn2)CCCN1	0.023694
rxn:1:64124:32688	COc1cc(O)cc(-c2cn(CC3CC(=O)N(CCn4ccnc4)C3)nn2)c1	0.023691
rxn:1:55682:376	CC(=O)c1ccc(C2CC2Cn2cc(-c3cnn(C(F)(F)F)c3)nn2)cc1	0.023670
rxn:1:47282:32630	COc1cc(C(O)C(O)Cn2cc(C3(F)CC(N)C3)nn2)ccc1O	0.023661
rxn:1:40901:8851	CCOc1ccc(-c2cn(CC=Cc3ccnc(C(F)(F)F)c3)nn2)cc1	0.023659
rxn:1:50195:336	COc1c(Cl)cccc1C1C(Cn2cc(Cc3cccnc3)nn2)C1(F)F	0.023653
rxn:1:52614:11880	NC12CC(c3cn(CCC4CC4c4n[nH]c5nc[nH]c(=O)c45)nn3)(C1)C2	0.023649
rxn:1:61624:38399	CC1(C)O[C@H]2OC(CO)(CO)[C@H](n3cc(-c4ccc(C(=O)O)cc4)nn3)[C@@H]2O1	0.023643
rxn:1:60630:31500	CCc1[nH]nc(CC(C)C)c1Cn1cc(-c2ccc([C@@H](C)N)c(Cl)c2)nn1	0.023637
rxn:1:40393:399	COC(=O)c1onc(C)c1-c1cn(CC=Cc2ccc(CCO)cc2)nn1	0.023634
rxn:1:46224:1949	CCOC(=O)C(N)Cc1cn(CCC=Cc2ccc(S(C)(=O)=O)cc2)nn1	0.023614
rxn:1:46876:1915	OCC1CCC(c2cn(CC(O)C(O)c3ccc(O)nn3)nn2)C1	0.023610
rxn:1:57571:6998	CCc1ncnc(-c2cn(CCCc3c(Cl)cc(F)cc3Cl)nn2)c1F	0.023579
rxn:1:51562:2713	NCC=Cc1ccccc1-c1cn(-c2cccc(C3CC3CC(=O)O)c2)nn1	0.023578
rxn:1:58173:2174	O=C(O)c1cc(CCCn2cc(C(=O)C3CCCCCN3)nn2)ccc1O	0.023577
rxn:1:63806:23630	Cc1cnn(C(C)c2cn(CC3CC(=O)N(c4cccc(C)c4Cl)C3)nn2)c1	0.023572
rxn:1:47780:39561	CC(NCC(C)(C)C)c1cn(CC(O)C(O)c2cccnc2C(F)(F)F)nn1	0.023563
rxn:1:45560:2166	Nc1ccc(C(=O)c2cn(CCC=Cc3sccc3C(=O)O)nn2)nc1	0.023559
rxn:1:57238:4381	CCc1ccccc1CCCn1cc(CNc2ccc(Cl)c(F)c2)nn1	0.023559
rxn:1:64253:6	CC(C)Nc1ccc(-c2cn(CC3CC(=O)N(Cc4ccsc4)C3)nn2)nn1	0.023547
rxn:1:50368:2534	CCNc1cc(-c2cn(CC3C(c4cc(F)cc(C#N)c4)C3(F)F)nn2)ccn1	0.023541
rxn:1:58450:24171	CC(c1cn(CCCc2cnc(-n3ccnc3)nc2)nn1)N1CCC(N)CC1	0.023537
rxn:1:40277:38567	C=C(C)c1ccc(C=CCn2cc(C(O)CCc3ccccc3)nn2)cc1	0.023504
rxn:1:49743:35689	Cc1ccc(F)c(C2C(Cn3cc(CNC(=O)c4ocnc4C)nn3)C2(F)F)c1	0.023500
rxn:1:48558:31927	Nc1ncncc1-c1cn(CCC(O)C(O)c2cc(Cl)ccn2)nn1	0.023498
rxn:1:47723:7026	NCC(Cc1cn(-c2ncc(C(=O)O)c3cc[nH]c23)nn1)CC(F)(F)F	0.023492
rxn:1:61503:23826	O=C1CCN(C(=O)c2ccc(Cn3cc(C4(n5ccnc5)CCC4)nn3)s2)C1	0.023492
rxn:1:56201:37839	CC(=O)c1ccc(C2CC2Cn2cc(-c3ccc4c(c3)CNC4=O)nn2)c(C)c1	0.023484
rxn:1:40239:3381	Nc1ncc(C=CCn2cc(CNC(=O)c3ccn[nH]3)nn2)nc1Cl	0.023479
rxn:1:53438:39462	Nc1cccnc1C1C(CCn2cc(C(=O)c3ccc(F)cc3)nn2)C1(F)F	0.023470
rxn:1:41393:12249	N#Cc1cc(C=CCn2cc(C(N)C3CCC(F)(F)CC3)nn2)cc(C(F)(F)F)c1	0.023468
rxn:1:56142:39531	COc1cccc(C2CC2Cn2cc(CN3CCN(C(C)C)CC3)nn2)c1OC	0.023456
rxn:1:62627:31160	C[C@@H](O)[C@@H](CO)N1CC(Cn2cc(-c3cccc(CO)c3F)nn2)CC1=O	0.023451
rxn:1:59731:2248	Cn1c(-c2cn(C3CCN(C(=O)NCC4CCCO4)CC3)nn2)nc2cccnc21	0.023432
rxn:1:60376:7734	CC(C)(C)OC(=O)N1CC2CCC2(Cn2cc(CNc3cc(Cl)ccc3Cl)nn2)C1	0.023428
rxn:1:62366:31227	CC1(C)O[C@H]2O[C@H]([C@H](O)Cn3cc(-c4ccc(CN)c(Cl)c4)nn3)[C@H](O)[C@H]2O1	0.023426
rxn:1:48580:39809	Cc1ccc(C(O)C(O)CCn2cc(Cn3cc(Cl)ccc3=O)nn2)nc1	0.023373
rxn:1:50162:5474	COc1ccc(O)c(C2C(Cn3cc(-c4cnc(N(C)C)nc4)nn3)C2(F)F)c1	0.023372
rxn:1:46270:5478	CC(=O)c1cc(F)ccc1C=CCCn1cc(CN2CCC(N(C)C)C2)nn1	0.023367
rxn:1:64673:28447	NC(c1cn(C2c3ccccc3-c3ccccc32)nn1)C1CC(F)(F)C1	0.023366
rxn:1:53694:22133	Nc1ncc(C2C(CCn3cc(CN4CCC(C(=O)O)CC4)nn3)C2(F)F)cc1F	0.023354
rxn:1:63903:32403	Cc1cc(N2CC(Cn3cc(C(=O)c4cccc(F)c4)nn3)CC2=O)sn1	0.023351
rxn:1:61019:1751	O=C(Cn1cc(CSc2cc(Cl)ccc2Cl)nn1)N1CCN(CCF)CC1	0.023340
rxn:1:41223:8797	CCOC(=O)CCc1cn(CC=Cc2ccc(F)c3ccccc23)nn1	0.023335
rxn:1:40719:3358	NS(=O)(=O)C1(Cc2cn(CC=Cc3c[nH]c4c(Cl)ncnc34)nn2)CC1	0.023304
rxn:1:47545:2473	CN(C)c1ncc(C(O)C(O)Cn2cc(C3COCC3O)nn2)cn1	0.023278
rxn:1:57117:31790	Clc1cncc(CCCn2cc(-c3cccn4cnnc34)nn2)c1	0.023274
rxn:1:49640:1808	Nc1cc(C2C(Cn3cc(COc4cccc(F)c4F)nn3)C2(F)F)ccn1	0.023256
rxn:1:53882:258	COc1cc(C2C(CCn3cc(Cc4nncn4C)nn3)C2(F)F)ccn1	0.023208
rxn:1:61771:38214	CO[C@@H](C)c1ncccc1-c1cn(-c2ccc(SC(F)(F)F)cc2)nn1	0.023206
rxn:1:41333:2643	CC(c1cn(CC=Cc2cccc(N3CCCCC3)c2)nn1)C1CCCCC1	0.023203
rxn:1:61280:38967	O=C1OCc2cc(-c3cn(C4CN(Cc5c(F)cccc5F)C4)nn3)ccc21	0.023201
rxn:1:40742:31844	O=C(O)c1ccc(F)c(-c2cn(CC=Cc3c(Cl)cccc3C(=O)O)nn2)c1	0.023200
rxn:1:45665:16762	Cc1c(N)cnn1Cc1cn(CCC=Cc2cn[nH]c2C(=O)O)nn1	0.023198
rxn:1:47158:4104	CNC1CCN(Cc2cn(CC(O)C(O)c3c(Cl)cncc3Cl)nn2)CC1	0.023195
rxn:1:47408:31621	N#Cc1cc(C(O)C(O)Cn2cc(C34CC(C(F)F)(CO3)C4)nn2)cnc1O	0.023191
rxn:1:65202:78	Cc1ccc(OCc2cn(CC3CC(=O)N(c4cncc(F)c4)C3)nn2)cn1	0.023191
rxn:1:45560:1810	Cc1ccc(OCc2cn(CCC=Cc3sccc3C(=O)O)nn2)cc1C	0.023190
rxn:1:52785:31769	COc1c(F)cc(C2CC2CCn2cc(C3=CCC(F)(F)CC3)nn2)cc1F	0.023187
rxn:1:41056:31204	COC(=O)c1cc(F)cc(C=CCn2cc(C(C)(O)c3cncnc3)nn2)c1	0.023185
rxn:1:56003:31813	CC(C)(C)OC(=O)Nc1ccnc(-n2cc(CNc3cc(F)cc(F)c3)nn2)c1	0.023183
rxn:1:53811:39370	CNc1cccc(C2C(CCn3cc(CC4(O)CCCCCC4)nn3)C2(F)F)c1	0.023181
rxn:1:46891:37780	NCc1ccc(F)cc1-c1cn(CC(O)C(O)c2cnccc2Cl)nn1	0.023177
rxn:1:58549:9448	O=C(OCc1cn(CCCc2ccccc2N2CCCCC2)nn1)N1CCOCC1	0.023168
rxn:1:50206:14989	COc1cccc(Cl)c1C1C(Cn2cc(C3CCC(C(F)F)O3)nn2)C1(F)F	0.023141
rxn:1:40947:30495	COC(=O)c1ncccc1C=CCn1cc(-c2cn(C)nc2C2CC2)nn1	0.023129
rxn:1:53516:31260	COc1nc(-c2cn(CCC3C(c4c(C)n[nH]c4N)C3(F)F)nn2)ccc1Cl	0.023124
rxn:1:51791:1063	COc1ccc(-c2cn(CCC3CC3c3c(C)cccc3F)nn2)cc1C	0.023091
rxn:1:40160:38366	N#Cc1ccc(C=CCn2cc(-c3cccc4nccn34)nn2)cc1	0.023091
rxn:1:40724:8820	FC(F)(F)c1ccc(C=CCn2cc(CN3CCc4ccccc43)nn2)cc1	0.023075
rxn:1:47082:31841	N#Cc1ccc(C(O)C(O)Cn2cc(-c3ccnc(N)c3Cl)nn2)nc1	0.023069
rxn:1:60951:2212	CC1(C(=O)c2cn(CC(=O)N3CCC(O)C(CC4CC4)C3)nn2)COCC1N	0.023056
rxn:1:56247:1375	CC1(c2ccccc2-c2cn(CC3CC3c3cnc(C(=O)O)c(N)c3)nn2)CC1	0.023047
rxn:1:47740:23172	COc1c(F)cc(C(O)C(O)Cn2cc(C3CCN(C4COC4)CC3)nn2)cc1F	0.023029
rxn:1:58439:6385	Cc1nccc(-c2cn(CCCc3ccc4ccccc4c3O)nn2)n1	0.023023
rxn:1:50200:2602	COc1cc(Cl)ccc1C1C(Cn2cc(CC3CCC(C)(C)C3)nn2)C1(F)F	0.023018
rxn:1:60761:35333	COc1ccc(-c2cn(Cc3c[nH]nc3-c3cccnc3)nn2)cc1F	0.023016
rxn:1:56507:32023	COc1cc(C2CC2Cn2cc(OCc3ccccc3)nn2)cc(OC)c1O	0.023015
rxn:1:40809:31575	CNC(=O)c1ncc(-c2cn(CC=Cc3ccc(C(C)=O)cc3Cl)nn2)n1C	0.022994
rxn:1:52542:1340	O=C(Cc1cn(CCC2CC2c2ccc3sccc3c2)nn1)C1CSCCN1	0.022985
rxn:1:52623:7261	Cc1n[nH]c2cc(C3CC3CCn3cc(CCCS(C)(=N)=O)nn3)ccc12	0.022975
rxn:1:55310:31441	Cc1c(O)cccc1C1CC1Cn1cc(-c2cccc3nsnc23)nn1	0.022969
rxn:1:47537:1156	CCn1ccnc1-c1cn(CC(O)C(O)c2cc(C#N)ccc2O)nn1	0.022959
rxn:1:59913:466	CC(C)(C)OC(=O)N1C[C@@H](O)C[C@@H](n2cc(CSC[C@H](N)C(=O)O)nn2)C1	0.022930
rxn:1:47185:23178	COC(=O)[C@@H]1C[C@@H]1c1cn(CC(O)C(O)c2cncc(CO)c2)nn1	0.022915
rxn:1:56512:2244	COc1ccc(C(=O)O)c(C2CC2Cn2cc(CCC(=O)C3CCNC3)nn2)c1	0.022908
rxn:1:56011:4414	Nc1nc2c(C3CC3Cn3cc(CC4CCCCCC4N)nn3)cccc2s1	0.022887
rxn:1:61958:28698	CO[C@H]1CN[C@H](c2cn(C[C@@H]3O[C@@]4(CO)OC(C)(C)O[C@@H]4[C@H]3O)nn2)C1	0.022874
rxn:1:50084:31509	Nc1cncc(C2C(Cn3cc(-c4cncc(CO)c4)nn3)C2(F)F)c1N	0.022853
rxn:1:55679:3143	COc1cccc(-c2cn(CC3CC3c3cccc(C(C)=O)c3)nn2)c1C	0.022793
rxn:1:51967:28691	CNC(C)c1ccc(-c2cn(CCC3CC3c3cnn(C(C)C)c3)nn2)cc1	0.022792
rxn:1:41857:4123	COc1ccc(NC(=O)Cn2cc(CNC3(C#N)CCNCC3)nn2)cc1Cl	0.022774
rxn:1:48485:29488	Cc1ccc(C(O)C(O)CCn2cc(-c3ccc(CC(C)C)cc3)nn2)s1	0.022771
rxn:1:57995:3004	COc1c(F)cccc1-c1cn(CCCc2csc(C3OCCO3)c2)nn1	0.022764
rxn:1:65310:1609	CC(=O)c1cccc(-c2cn(CC3CC(=O)N(c4cccc(F)c4)C3)nn2)n1	0.022748
rxn:1:60889:31328	O=C(Cn1cc(-c2cnc[nH]c2=O)nn1)N1CC(O)C(n2cccn2)C1	0.022735
rxn:1:53447:2942	COC(=O)c1ccc(-c2cn(CCC3C(c4cnc(O)cn4)C3(F)F)nn2)o1	0.022724
rxn:1:65209:30974	C[C@H]1CN(C)C(=O)[C@]1(O)c1cn(CC2CC(=O)N(c3cc(O)cc(O)c3)C2)nn1	0.022718
rxn:1:60183:39007	Cc1cnc(-c2cn([C@@H]3O[C@H](CO)[C@@H](O)[C@H](O)[C@H]3O)nn2)c(F)c1	0.022713
rxn:1:56137:2505	COC(=O)c1ccc(C2CC2Cn2cc(C(=O)N3CCS(=O)(=O)CC3)nn2)cc1	0.022706
rxn:1:48695:1383	COC1CC(O)(c2cn(CCC(O)C(O)c3cnc(Cl)nc3C)nn2)C1	0.022699
rxn:1:47617:2580	COC(C)(C)Cc1cn(CC(O)C(O)c2ccc3[nH]c(C)nc3c2)nn1	0.022697
rxn:1:41334:7243	O=C(O)c1c[nH]c2ccc(C=CCn3cc(CN4CC[C@@H](O)C4)nn3)cc12	0.022687
rxn:1:61467:17654	CCCc1cc(-c2cn(Cc3ccc(C(=O)N4CCNC(=O)C4)s3)nn2)nn1C	0.022660
rxn:1:45536:774	O=C(O)c1ccc(-c2cn(CCC=Cc3c(Cl)cccc3Cl)nn2)c(F)c1	0.022656
rxn:1:45586:6551	CC(=O)c1sccc1C=CCCn1cc(C(C)(C)CCC(C)C)nn1	0.022652
rxn:1:61463:28410	COc1c(F)ccc(-c2cn(Cc3ccc(C(=O)NC4CCCC4)s3)nn2)c1F	0.022645
rxn:1:47007:38922	Oc1ccc(Cl)c(C(O)C(O)Cn2cc(COC3CCNC3)nn2)c1	0.022641
rxn:1:41231:1298	FC(F)(F)c1ncc(-c2cn(CC=Cc3cccc(C4OCCO4)c3)nn2)s1	0.022640
rxn:1:53798:3066	CC(C)(c1ccncc1)c1cn(CCC2C(c3ccccc3CN)C2(F)F)nn1	0.022639
rxn:1:40988:24345	CNC(=O)c1ccc(C=CCn2cc(C(N)CCc3ccccc3)nn2)cc1	0.022633
rxn:1:55711:2603	CCOc1ccc(C2CC2Cn2cc(-c3ccc(O)c(OCC)c3)nn2)cc1	0.022625
rxn:1:41721:39647	O=C(O)C1(Cc2cn(CC=Cc3ccc(OC(F)(F)F)c(Cl)c3)nn2)CCNCC1	0.022623
rxn:1:48481:11939	OC[C@@H]1CCCN1CCc1cn(CCC(O)C(O)c2cnoc2)nn1	0.022620
rxn:1:52326:481	Cc1cc(C2CC2CCn2cc(-c3cccc(C(F)F)c3)nn2)ccc1CO	0.022599
rxn:1:53365:1298	Cn1cnc(C2C(CCn3cc(-c4cnc(C(F)(F)F)s4)nn3)C2(F)F)c1	0.022595
rxn:1:40817:2962	CCC(=O)c1cccc(C=CCn2cc(-c3cc(Cl)nnc3Cl)nn2)c1	0.022590
rxn:1:62407:3014	CC(N)c1ccccc1-c1cn(Cc2nc(-c3ccncc3)cs2)nn1	0.022582
rxn:1:57979:6736	Cc1cc(N)n(Cc2cn(CCCc3cnn4cccnc34)nn2)n1	0.022581
rxn:1:49451:24825	COC(=O)c1cc(OC)c(OC)cc1-n1cc(C2CC(=O)N(CC(C)C)C2)nn1	0.022555
rxn:1:58511:25236	Cc1cccc(C)c1Cc1cn(CCCc2cnc(N3CCCC3)nc2)nn1	0.022553
rxn:1:60453:39297	CCn1cc(Cn2cc(-c3c(C)noc3N)nn2)c(-c2cccnc2)n1	0.022552
rxn:1:47791:39482	COc1ccc(-c2cn(CC(O)C(O)c3cc(F)c(C#N)cc3F)nn2)c(F)c1	0.022539
rxn:1:55814:861	CN(CCc1cn(CC2CC2c2cccc(F)c2C#N)nn1)c1ccccc1	0.022526
rxn:1:51830:3924	CC(C)(C)OC(=O)OCc1cn(CCC2CC2c2cccc(Cl)c2Cl)nn1	0.022523
rxn:1:60016:38467	CN(Cc1cn(Cc2cnn3ccn(CC4CCC4)c23)nn1)C1CCCCC1	0.022493
rxn:1:49940:1810	Cc1ccc(OCc2cn(CC3C(c4c(O)ncnc4O)C3(F)F)nn2)cc1C	0.022475
rxn:1:53811:2962	CNc1cccc(C2C(CCn3cc(-c4cc(Cl)nnc4Cl)nn3)C2(F)F)c1	0.022467
rxn:1:48569:20529	Nc1ncc(Cl)cc1-c1cn(CCC(O)C(O)c2ccncc2Cl)nn1	0.022467
rxn:1:47253:38468	COc1ccc(Cl)cc1-c1cn(CC(O)C(O)c2cccc(C(C)C)c2)nn1	0.022449
rxn:1:45288:2739	Cc1cc(-c2cn(-c3ccccc3C(=O)Nc3ccccn3)nn2)n(C)n1	0.022400
rxn:1:50075:37780	NCc1ccc(F)cc1-c1cn(CC2C(c3cnc(Cl)nc3N)C2(F)F)nn1	0.022389
rxn:1:56465:31452	COC(=O)c1cc(C2CC2Cn2cc(-c3ccc(CO)cc3C)nn2)ccc1C	0.022389
rxn:1:51933:4433	Cc1ccc(NCc2cn(CCC3CC3c3ccc(C)c(O)c3)nn2)cc1C	0.022375
rxn:1:50488:31089	CC(C)N1CCC(O)(c2cn(CC3C(c4cccc5ccsc45)C3(F)F)nn2)C1=O	0.022372
rxn:1:62311:39458	COc1ncc(-c2cn([C@@H]3C(O)O[C@H](CO)[C@@H](O)[C@@H]3O)nn2)s1	0.022367
rxn:1:53663:7787	COCCN1CCCC1(C)c1cn(CCC2C(c3c(O)cccc3Cl)C2(F)F)nn1	0.022366
rxn:1:46162:2047	N[C@H](CO)c1ccc(-c2cn(CCC=Cc3ccc4c(c3)CCC4=O)nn2)cc1	0.022356
rxn:1:52667:28283	CN(Cc1cn(CCC2CC2c2ccc3[nH]c(=O)sc3c2)nn1)S(N)(=O)=O	0.022337
rxn:1:51835:15236	O=c1cc(-c2cn(CCC3CC3c3ccc(F)cc3F)nn2)n(CC(F)F)[nH]1	0.022326
rxn:1:41219:31483	COC(=O)c1nc(C=CCn2cc(-c3cc(C(=O)O)cs3)nn2)cnc1N	0.022317
rxn:1:47269:39066	O=C(O)c1cccc(C(O)C(O)Cn2cc([C@H]3C[C@H]3C(=O)O)nn2)c1	0.022308
rxn:1:46789:22615	CC(=O)c1ccccc1-c1cn(-c2cccc(C(O)C(O)CO)c2)nn1	0.022308
rxn:1:58485:385	COc1cn[nH]c1-c1cn(CCCc2c(C)n(C)c3ccccc23)nn1	0.022299
rxn:1:58215:10939	CCC(C)N(Cc1cn(CCCc2cnccc2C(F)(F)F)nn1)S(C)(=O)=O	0.022299
rxn:1:60757:23441	Cc1[nH]nc(-c2ccncc2)c1Cn1cc(COC(=O)C2CCCCN2)nn1	0.022289
rxn:1:46236:31940	O=C(O)c1ccc(C=CCCn2cc(-c3cc(F)ccc3CO)nn2)cc1Cl	0.022271
rxn:1:49821:31960	Nc1nnc(OCc2cn(CC3C(c4ccc(C(=O)O)s4)C3(F)F)nn2)s1	0.022270
rxn:1:42248:23140	CC(c1ccc(-n2cccn2)c(F)c1)n1cc(CC2CN(S(C)(=O)=O)C2)nn1	0.022270
rxn:1:41655:32409	O=C(OCc1cn(CC=Cc2c(F)cc(Cl)cc2F)nn1)c1ncccn1	0.022239
rxn:1:58468:7448	Fc1cnc(Cl)nc1-c1cn(CCCc2cnn([C@@H]3CCCCO3)c2)nn1	0.022235
rxn:1:40670:772	NCCC1(CCc2cn(CC=Cc3n[nH]c4ncnc(Cl)c34)nn2)N=N1	0.022226
rxn:1:49790:8538	O=C(O)c1cccc(-c2cn(CC3C(c4c(F)cccc4F)C3(F)F)nn2)c1F	0.022221
rxn:1:45953:11964	CN(C)c1ccc(C=CCCn2cc(C(O)c3ccc(Cl)c(Cl)c3)nn2)cn1	0.022220
rxn:1:56202:35333	COc1ccc(-c2cn(CC3CC3c3ccccc3CC(C)=O)nn2)cc1F	0.022213
rxn:1:41054:28642	COC(=O)c1ccc(C=CCn2cc(-c3ccc4c(c3)CCC4N)nn2)cc1Cl	0.022201
rxn:1:53199:6998	CCc1ncnc(-c2cn(CCCc3nc4ccccc4[nH]3)nn2)c1F	0.022199
rxn:1:63558:8618	Cc1ccc(O)c(N2CC(Cn3cc(-c4ccc(C(=O)O)c(C)c4)nn3)CC2=O)n1	0.022199
rxn:1:41272:717	CC(C)(C)OC(=O)[C@@H](N)Cc1cn(CC=Cc2cc3cccnc3cc2F)nn1	0.022163
rxn:1:64534:30568	O=C1CC(Cn2cc(CNCc3ccccc3)nn2)CN1c1cc(O)ccc1F	0.022145
rxn:1:65762:7709	Fc1ccnc(C=CCn2cc(-c3nc4cc(Cl)ccc4o3)nn2)c1	0.022134
rxn:1:55780:31749	COc1ccc(N)c(C2CC2Cn2cc(CNc3ccccc3OC)nn2)n1	0.022127
rxn:1:57235:23539	C=Cc1ccc(CCCn2cc(-c3oc4nccnc4c3N)nn2)cc1	0.022119
rxn:1:65382:6369	CC(C)(C)c1ccc(-c2cn(CC(=O)N3CCN(c4ccccc4)CC3)nn2)nn1	0.022102
rxn:1:63271:1144	COc1ccc(N2CC(Cn3cc(-c4cc(F)cc(OC)c4)nn3)CC2=O)cc1	0.022078
rxn:1:49283:34491	O=C(Cn1cc(-c2cnn(CCF)c2)nn1)c1ccc(OC(F)F)cc1	0.022070
rxn:1:62933:38870	CC(C)c1nsc(N2CC(Cn3cc(-c4ccc(F)c(C#N)c4)nn3)CC2=O)n1	0.022061
rxn:1:56635:38449	CCCS(=O)(=O)NCc1cn(CC2CC2c2ccc3occc(=O)c3c2)nn1	0.022059
rxn:1:48603:23093	Nc1ccc(C(O)C(O)CCn2cc(C3(N)CC4(CCC4)C3)nn2)nn1	0.022051
rxn:1:46118:24481	CC(O)CN1CC(c2cn(CCC=Cc3ncnc4[nH]cnc34)nn2)CC1=O	0.022043
rxn:1:55933:37806	Cc1nc(N)c(N)cc1C1CC1Cn1cc(-c2c(F)cccc2C(=O)O)nn1	0.022038
rxn:1:62624:2096	CCNC(c1cn(CC2CC(=O)N([C@H](C(=O)O)[C@H](C)O)C2)nn1)C(C)C	0.022024
rxn:1:58035:4003	CS(=O)(=O)N(Cc1cn(CCCc2cnc3ccccc3c2)nn1)C1CC1	0.022024
rxn:1:56208:2968	COc1cc(C2CC2Cn2cc(-c3c(Cl)ccnc3OC)nn2)cc(F)c1F	0.022021
rxn:1:46526:38907	CCCC(C)C(O)c1cn(CCC=Cc2ccc(-c3cc[nH]n3)cc2)nn1	0.022009
rxn:1:41328:1358	Cc1nc(O)c2cc(C=CCn3cc(-c4cc(C)c(C)o4)nn3)ccc2n1	0.022004
rxn:1:46921:39521	CC(=O)N1CCN(Cc2cn(CC(O)C(O)c3cc(O)ccn3)nn2)CC1	0.022002
rxn:1:64618:27817	Nc1ccnc(Cn2cc(-c3cccc4[nH]c(=O)[nH]c34)nn2)n1	0.021992
rxn:1:48824:28447	NC(c1cn(CCC(O)C(O)c2c(Cl)cc(F)cc2Cl)nn1)C1CC(F)(F)C1	0.021989
rxn:1:40095:9956	CC(C)c1csc(SCc2cn(CC=Cc3cccc(C#N)n3)nn2)n1	0.021986
rxn:1:49613:15067	NCc1cc(=O)[nH]n1Cc1cn(CC2C(c3cnc(Cl)nc3)C2(F)F)nn1	0.021983
rxn:1:57119:31252	Fc1cncc(CCCn2cc(-c3cnc4ccc(Cl)cn34)nn2)c1	0.021979
rxn:1:63839:28691	CNC(C)c1ccc(-c2cn(CC3CC(=O)N(c4scc(C)c4C#N)C3)nn2)cc1	0.021976
rxn:1:45748:910	CC(O)(c1cn(CCC=Cc2c[nH]c(C(=O)O)c2)nn1)c1ccccc1F	0.021972
rxn:1:50208:39425	COc1cc(C2C(Cn3cc(CN4CCS(=O)(=O)CC4C)nn3)C2(F)F)ccc1Cl	0.021972
rxn:1:47447:286	N#Cc1c(F)cccc1C(O)C(O)Cn1cc(Cc2ncccc2O)nn1	0.021957
rxn:1:60819:3950	O=C(O)c1cc(-c2cn(Cc3ncc(-c4ccc(F)cc4)o3)nn2)c[nH]1	0.021954
rxn:1:49536:3633	Cc1ccsc1C1C(Cn2cc(-c3cc(C(F)(F)F)ccn3)nn2)C1(F)F	0.021942
rxn:1:59744:31390	COC(=O)CN(C)Cc1cn(C2CCCN(S(=O)(=O)c3ccc(C)s3)C2)nn1	0.021930
rxn:1:60787:31474	CCn1nc(-c2cnccn2)cc1Cn1cc(-c2ncsc2C)nn1	0.021924
rxn:1:59900:23681	CCC(C=CCl)(OC(N)=O)c1cn(Cc2c(C3CCC3)nn3ccn(C)c23)nn1	0.021917
rxn:1:40816:7715	CCC(=O)c1ccc(C=CCn2cc(-c3nnc(C(C)(C)C)s3)nn2)cc1	0.021917
rxn:1:51862:32249	COC(=O)c1ccsc1-c1cn(CCC2CC2c2ccc(F)c(F)c2)nn1	0.021895
rxn:1:45938:39806	Cc1cc(CNCc2cn(CCC=Cc3cc(F)c(O)c(F)c3)nn2)c(C)o1	0.021885
rxn:1:61688:31109	COc1ccc(SCc2cn([C@H]3CCCc4c(F)cc(F)cc43)nn2)cc1	0.021880
rxn:1:41107:38332	COc1cc(C=CCn2cc(CCCc3ccccc3)nn2)ccc1C(=O)O	0.021871
rxn:1:46332:4284	Cc1ccc(Cl)cc1-c1cn(CCC=Cc2c(C)cc(C#N)cc2C)nn1	0.021867
rxn:1:44032:38371	O=C(Cn1cc(-c2cccc(C(F)(F)F)c2)nn1)Nc1ccccc1C(F)(F)F	0.021866
rxn:1:46215:37850	O=C(O)c1ccc(-c2cn(CCC=Cc3ccccc3C(F)(F)F)nn2)c(O)c1	0.021863
rxn:1:57353:255	COC(=O)c1ccc(Cc2cn(CCCc3ccc(OC)cc3)nn2)s1	0.021853
rxn:1:51660:18645	CCCn1cc(-c2cn(CCC3CC3c3ccc(Cl)nn3)nn2)c(CC)n1	0.021848
rxn:1:65018:6462	CC(N)c1cnn(CCc2cn(CC3CC(=O)N(c4sccc4C#N)C3)nn2)c1	0.021843
rxn:1:56372:5980	CNC(=O)c1ccc(C2CC2Cn2cc(-c3nc(N)nc(N)n3)nn2)cc1	0.021840
rxn:1:47151:10876	Cc1cc(C(O)C(O)Cn2cc(CSc3ncc[nH]3)nn2)cc(C)n1	0.021835
rxn:1:52876:2067	Cc1cc(C2CC2CCn2cc(CNCC(=O)C3CCC3)nn2)cnc1C(=O)O	0.021827
rxn:1:60196:38464	CN(C)S(=O)(=O)CCc1cn(CCn2nc(-c3ccncc3)cc2O)nn1	0.021825
rxn:1:49924:27778	Cc1ccc(N)c(C2C(Cn3cc(-c4nc(C)c(N)c(N)n4)nn3)C2(F)F)n1	0.021805
rxn:1:57975:28569	c1cc(-c2cn(CCCc3ccc4cc[nH]c4c3)nn2)nc(C2CC2)c1	0.021795
rxn:1:53503:264	O=C(O)c1cccc(Cc2cn(CCC3C(c4ccc(O)nc4)C3(F)F)nn2)c1	0.021794
rxn:1:53392:14068	CNc1cc(F)cc(-c2cn(CCC3C(c4ccc(Cl)cc4)C3(F)F)nn2)c1	0.021788
rxn:1:58404:38565	Cc1ccc(C(O)c2cn(CCCc3ccc(S(N)(=O)=O)c(Cl)c3)nn2)cc1	0.021779
rxn:1:53477:6482	Fc1cnccc1C1C(CCn2cc(-c3cnn(C4CCOC4)c3)nn2)C1(F)F	0.021779
rxn:1:65545:4431	Cc1cccc(C(=O)Cc2cn(CC3CC(=O)N(c4ncccn4)C3)nn2)c1	0.021774
rxn:1:55691:2698	COc1cc(C)cc(C2CC2Cn2cc(CCc3ccc(Cl)cc3)nn2)c1	0.021765
rxn:1:41054:1840	COC(=O)c1ccc(C=CCn2cc(COc3ccc(O)cc3)nn2)cc1Cl	0.021758
rxn:1:46329:38987	N[C@@H](CO)c1cccc(-c2cn(CCC=Cc3cnccc3C(F)(F)F)nn2)c1	0.021748
rxn:1:47287:2505	COc1ccc(C(O)C(O)Cn2cc(C(=O)N3CCS(=O)(=O)CC3)nn2)c(Cl)c1	0.021740
rxn:1:47583:39624	CC1(C)CCN(Cc2cn(CC(O)C(O)c3ccc4cc[nH]c4c3)nn2)CC1	0.021728
rxn:1:47631:22258	Cc1cnoc1-c1cn(CC(O)C(O)c2nccc3ccccc23)nn1	0.021719
rxn:1:50436:2698	O=C(O)c1ccc(C2C(Cn3cc(CCc4ccc(Cl)cc4)nn3)C2(F)F)nc1	0.021717
rxn:1:57611:96	FC(F)c1ccccc1CCCn1cc(-c2ccoc2C(F)(F)F)nn1	0.021716
rxn:1:50153:11775	COC(=O)c1sccc1C1C(Cn2cc(C3CCN(S(C)(=O)=O)C3)nn2)C1(F)F	0.021711
rxn:1:58531:3210	O=C(CNC1CC1)c1cn(CCCc2cnn(-c3ccc(F)cc3)c2)nn1	0.021700
rxn:1:58308:544	Cc1sc2nc(Cn3cc(-c4cc(F)ccc4C#N)nn3)nc(N)c2c1C	0.021694
rxn:1:64120:28562	O=C1NCCn2ncc(-c3cn(CC4CC(=O)N(CCc5nccs5)C4)nn3)c21	0.021680
rxn:1:50082:1141	CCOC(=O)C(C)(C)c1cn(CC2C(c3c(N)ncnc3Cl)C2(F)F)nn1	0.021641
rxn:1:46985:1792	Cc1cccc(SCc2cn(CC(O)C(O)c3ccc(Cl)cc3F)nn2)c1	0.021602
rxn:1:49772:30442	Cc1nn(CC(=O)O)cc1-c1cn(CC2C(c3cc(Cl)ccc3Cl)C2(F)F)nn1	0.021598
rxn:1:52372:1249	COc1nccc(-c2cn(CCC3CC3c3ccc(N(C)C)nc3)nn2)c1Cl	0.021593
rxn:1:60735:6006	CCc1[nH]nc(-c2ccoc2)c1Cn1cc(-c2ccoc2C(F)F)nn1	0.021569
rxn:1:52309:39842	CC(=O)c1cccc(C2CC2CCn2cc(C(N)c3ccccc3Cl)nn2)c1	0.021550
rxn:1:45975:38844	NC(=O)c1cccc(C=CCCn2cc(COCC(O)CO)nn2)n1	0.021544
rxn:1:45834:39019	Cc1cc(C=CCCn2cc(-c3cncc4[nH]ncc34)nn2)c(F)cc1F	0.021529
rxn:1:41325:32675	O=C(Cn1cc(Cn2nnc3ccccc32)nn1)Nc1ccc(F)cc1F	0.021518
rxn:1:49770:39385	CCc1cccc(C2C(Cn3cc(CN(C)c4ccccc4)nn3)C2(F)F)c1	0.021508
rxn:1:56463:14995	COC(=O)c1ccc(C)c(C2CC2Cn2cc(-c3cc4n(n3)CCCC4)nn2)c1	0.021500
rxn:1:58145:31337	CC(=O)c1cc(CCCn2cc(-c3ccnc(C(C)C)c3)nn2)ccc1F	0.021488
rxn:1:52762:8828	CC(=O)c1ccc(C2CC2CCn2cc([C@H](O)c3ccccc3)nn2)cc1Cl	0.021481
rxn:1:64867:11695	CCc1cc(NCc2cn(CC3CC(=O)N(c4ccccc4C#N)C3)nn2)ncn1	0.021475
rxn:1:52606:22581	NCc1cnn(Cc2cn(CCC3CC3c3ccc4c(c3)OCCO4)nn2)c1N	0.021464
rxn:1:52614:39149	CC(C)CNCc1cn(CCC2CC2c2n[nH]c3nc[nH]c(=O)c23)nn1	0.021453
rxn:1:50076:38770	COC(=O)c1cncc(-c2cn(CC3C(c4cc(Cl)nnc4N)C3(F)F)nn2)c1	0.021448
rxn:1:52841:39845	COc1ccccc1C(N)c1cn(CCC2CC2c2cc(F)c(C#N)c(F)c2)nn1	0.021432
rxn:1:58497:31441	O=C(Cn1cc(-c2cccc3nsnc23)nn1)Nc1c(Cl)cccc1Cl	0.021416
rxn:1:53586:1305	Cc1cc(-c2cn(CCC3C(c4c(Cl)cccc4Cl)C3(F)F)nn2)sn1	0.021396
rxn:1:50535:7459	O=C(O)[C@H]1C[C@@](O)(c2cn(CC3C(c4n[nH]c5ncccc45)C3(F)F)nn2)C1	0.021366
rxn:1:46828:28562	O=C1NCCn2ncc(-c3cn(CC(O)C(O)c4ccncc4)nn3)c21	0.021363
rxn:1:46934:28731	Nc1nccc(C(O)C(O)Cn2cc(C3(c4cccnc4)CCC3)nn2)n1	0.021349
rxn:1:41780:1288	O=C(CCc1cn(CC=Cc2cc(-c3ccccc3)cs2)nn1)NC1CCOC1	0.021338
rxn:1:57005:32025	Cc1cccc(N(C)CCn2cc(-c3cccn4cnc(F)c34)nn2)c1	0.021335
rxn:1:52848:27806	Cc1oc(-c2cn(CCC3CC3c3cc(C(=O)O)c(F)cn3)nn2)cc1C(=O)O	0.021334
rxn:1:53492:23820	CC(=O)c1ccc(-c2cn(CCC3C(c4ccnc(C)c4)C3(F)F)nn2)cc1	0.021318
rxn:1:45893:39324	OCc1ccc(CCc2cn(CCC=Cc3cc(CO)ccc3F)nn2)cc1	0.021310
rxn:1:56509:32042	COc1cc(C(=O)O)cc(C2CC2Cn2cc(-c3cc(C(=O)O)n(C)n3)nn2)c1	0.021294
rxn:1:58001:11708	CC(C)CCn1cc(-c2cn(CCCc3ccc4c(c3)CCC4=O)nn2)cn1	0.021290
rxn:1:62858:16768	Cc1c([C@H](C)n2cc(Cn3ncc(C#N)c3C)nn2)sc2ccccc12	0.021265
rxn:1:46999:817	N#Cc1ccc(-c2cn(CC(O)C(O)c3ccsc3C(=O)O)nn2)c(Cl)c1	0.021251
rxn:1:52328:31947	Cc1ccc(CO)cc1C1CC1CCn1cc(-c2cc(Cl)c(O)c(Cl)c2)nn1	0.021224
rxn:1:47554:39586	OC(Cn1cc(CNC2CCOCC2)nn1)C(O)c1csc2ccccc12	0.021191
rxn:1:58025:1107	OC1CCCCCC1CCc1cn(CCCc2c[nH]c3ccc(F)cc23)nn1	0.021189
rxn:1:58339:10892	CCC(C)(N)C(=O)NCc1cn(CCCc2cc(C(=O)O)c(F)cc2F)nn1	0.021179
rxn:1:47601:2885	Cn1cccc1CCc1cn(CC(O)C(O)c2csc(C3OCCO3)c2)nn1	0.021154
rxn:1:48671:6563	NCC(F)CCc1cn(CCC(O)C(O)c2cc(F)ccc2O)nn1	0.021152
rxn:1:48888:138	O=C(Cc1cn(-c2ccc3ncccc3c2)nn1)c1cc(Cl)ccn1	0.021138
rxn:1:55930:38977	N#Cc1ccc(C2CC2Cn2cc(-c3cccc4ccncc34)nn2)cc1O	0.021122
rxn:1:57910:32015	COc1ncc(CCCn2cc(CSc3cccc(CO)c3)nn2)cc1C	0.021116
rxn:1:55967:3012	Cn1nc(C(C)(C)C)cc1-c1cn(CC2CC2c2c[nH]c3ncccc23)nn1	0.021089
rxn:1:56076:7664	Fc1cncnc1-c1cn(CC2CC2c2cnc3ccc(Cl)nn23)nn1	0.021071
rxn:1:48663:23825	Oc1ccc(C(O)C(O)CCn2cc(C3(n4ccnc4)CC3)nn2)c(Cl)c1	0.021062
rxn:1:61748:38704	COc1cc(C#N)ccc1-c1cn(C(C)c2nc3ccccc3c(=O)[nH]2)nn1	0.021061
rxn:1:48842:38644	Cc1cc(C(O)C(O)CCn2cc(-c3c(F)cc(F)cc3F)nn2)cc(C)c1F	0.021056
rxn:1:47187:23227	CC(C)(C)OC(=O)[C@@H]1C[C@H]1c1cn(CC(O)C(O)c2ccc(CO)nc2)nn1	0.021043
rxn:1:41172:1792	COc1ccc(C=CCn2cc(CSc3cccc(C)c3)nn2)c(C(N)=O)c1	0.021041
rxn:1:46901:6232	Cc1cncc(C(O)C(O)Cn2cc(-c3cc(NC4CC4)ncn3)nn2)c1	0.021021
rxn:1:61552:10085	Nc1ccn2c(=O)cc(Cn3cc(COc4ccccc4Cl)nn3)nc2c1	0.021010
rxn:1:63486:31260	COc1nc(-c2cn(CC3CC(=O)N(c4ccc(Cl)cc4C)C3)nn2)ccc1Cl	0.021007
rxn:1:60257:2990	Cc1cc(F)c(-c2cn(CCn3nc(-c4ccsc4)cc3N)nn2)cc1F	0.021000
rxn:1:58512:6332	OC1(CNCc2cn(CCCc3ccc(-n4cncn4)cc3)nn2)CCCC1	0.020995
rxn:1:49938:2969	OCCc1ccccc1-c1cn(CC2C(c3cnc(O)nc3O)C2(F)F)nn1	0.020989
rxn:1:47534:2732	CC(C)c1ncc(-c2cn(CC(O)C(O)c3cccc(C(N)=O)c3)nn2)s1	0.020976
rxn:1:46877:23170	COCCN1CCC(c2cn(CC(O)C(O)c3cnc(O)cn3)nn2)CC1	0.020975
rxn:1:46237:31934	Cc1cc(C(=O)O)sc1-c1cn(CCC=Cc2cc(Cl)cc(C(=O)O)c2)nn1	0.020971
rxn:1:57886:1788	CSc1ccccc1OCc1cn(CCCc2cccc(C(=O)O)n2)nn1	0.020967
rxn:1:47411:11741	NCC1CC1c1cn(CC(O)C(O)c2cccc(C(N)=O)n2)nn1	0.020965
rxn:1:46142:38864	Clc1cc(Cl)cc(-c2cn(CCC=Cc3cnc4[nH]ncc4c3)nn2)c1	0.020920
rxn:1:65623:3159	COc1cc(F)ccc1-c1cn([C@@H](C)c2csc3ccccc23)nn1	0.020915
rxn:1:58210:1291	O=C(O)c1csc(NCc2cn(CCCc3cc(C(F)(F)F)ccn3)nn2)n1	0.020914
rxn:1:40396:6373	Cc1cc(-c2cn(CC=Cc3cccc(CCO)c3)nn2)n2ncnc2n1	0.020888
rxn:1:55719:7734	Oc1c(F)cc(F)cc1C1CC1Cn1cc(CNc2cc(Cl)ccc2Cl)nn1	0.020883
rxn:1:50369:2719	Cn1cc(-c2cn(CC3C(c4cccc(F)c4C#N)C3(F)F)nn2)c(C(F)F)n1	0.020833
rxn:1:52520:39370	CC(=O)c1cccc(C2CC2CCn2cc(CC3(O)CCCCCC3)nn2)n1	0.020831
rxn:1:52024:31168	COC(=O)c1c(-n2cc(-c3cc(N)c(C)cn3)nn2)n(C)c2ccccc12	0.020817
rxn:1:55308:27893	Cc1nc2ccc(-c3cn(CC4CC4c4ccc(C)c(O)c4)nn3)cc2s1	0.020799
rxn:1:40672:28702	Nc1nc2c(C=CCn3cc(CCn4ccnc4N)nn3)cccc2s1	0.020796
rxn:1:52645:2602	CC1(C)CCC(Cc2cn(CCC3CC3c3cccc4cccnc34)nn2)C1	0.020748
rxn:1:49706:37764	Cc1nc2ccc(-c3cn(CC4C(c5cnccc5O)C4(F)F)nn3)cc2o1	0.020704
rxn:1:63920:6220	CC(C)Nc1cc(-c2cn(CC3CC(=O)N(c4nc(N)nn4C)C3)nn2)ncn1	0.020692
rxn:1:48576:2594	Cc1ncccc1C(O)C(O)CCn1cc(-c2ccccc2C(C)(C)N)nn1	0.020690
rxn:1:41324:26033	N#CCCN1CC(c2cn(CC=Cc3ccc4[nH]c(=O)[nH]c(=O)c4c3)nn2)CC1=O	0.020667
rxn:1:55168:37798	Cc1ccc(F)c(C2CC2Cn2cc(-c3[nH]c4ccccc4c3C)nn2)c1	0.020646
rxn:1:47141:1943	CCOC(=O)C(C)(C)Cc1cn(CC(O)C(O)c2ccccc2CN)nn1	0.020630
rxn:1:63900:10909	Cc1noc(N2CC(Cn3cc(CNC(=O)Cc4cscn4)nn3)CC2=O)c1Cl	0.020622
rxn:1:52602:21692	O=C(NCc1cn(CCC2CC2c2cc3c(cc2Cl)OCO3)nn1)c1cnccn1	0.020622
rxn:1:46286:37720	COc1ccc(-c2cn(CCC=Cc3cc(F)c(OC)c(F)c3)nn2)c(C#N)c1	0.020621
rxn:1:52175:31838	COc1cc(-c2cn(CCC3CC3c3c(F)cc(Cl)cc3F)nn2)cnc1C#N	0.020619
rxn:1:45552:2537	CC(C)c1ccccc1-c1cn(CCC=Cc2ccc(F)c(Cl)c2)nn1	0.020613
rxn:1:55966:92	Nc1nc(Cc2cn(CC3CC3c3ccc4[nH]cnc4c3)nn2)c[nH]1	0.020609
rxn:1:53442:6462	CC(N)c1cnn(CCc2cn(CCC3C(c4cc(N)ccn4)C3(F)F)nn2)c1	0.020581
rxn:1:48530:7447	Cc1cnc(Cl)nc1-c1cn(CCC(O)C(O)c2sc(N)nc2C)nn1	0.020550
rxn:1:52275:38699	COc1cc(C2CC2CCn2cc(-c3cccc(CC#N)c3)nn2)ccc1Cl	0.020541
rxn:1:50195:39632	COC(=O)C1CCCN1Cc1cn(CC2C(c3cccc(Cl)c3OC)C2(F)F)nn1	0.020535
rxn:1:64601:2653	CC(C)(CC1CCCCC1)c1cn(CC2CC(=O)N(c3ccc(F)c(Cl)c3)C2)nn1	0.020532
rxn:1:55965:1938	Cc1noc(C(C)(O)c2cn(CC3CC3c3ccc4cn[nH]c4c3)nn2)n1	0.020529
rxn:1:49756:38488	Cc1c(Cl)cccc1C1C(Cn2cc(-c3cccc(S(C)(=O)=O)c3)nn2)C1(F)F	0.020502
rxn:1:55811:10646	Cc1cc(C(=O)NCc2cn(CC3CC3c3ccc(CN)c(F)c3)nn2)n[nH]1	0.020493
rxn:1:48090:39433	c1ccc2c(c1)nc(-n1cc(COCC3CCNCC3)nn1)c1nnnn12	0.020461
rxn:1:41243:17601	Cn1nc(-c2cn(CC=Cc3ccc4cc(O)ccc4c3)nn2)cc1C1CC1	0.020454
rxn:1:56403:1937	CC(O)(c1cn(CC2CC2c2ccc(F)cc2C(F)(F)F)nn1)c1nc(C#N)cs1	0.020447
rxn:1:58346:28815	CNC(Cc1cn(CCCc2ccc(C(F)(F)F)cc2O)nn1)c1ccccc1	0.020429
rxn:1:45353:7765	Fc1ccc2[nH]cc(-c3cn(CCC=Cc4ccsc4Cl)nn3)c2c1	0.020423
rxn:1:49727:18628	CCc1nn(Cc2cn(CC3C(c4ccc(Cl)cc4C)C3(F)F)nn2)cc1Cl	0.020422
rxn:1:55734:576	C[C@]1(C(=O)O)C[C@](O)(c2cn(CC3CC3c3c(Cl)nc(Cl)nc3Cl)nn2)C1	0.020417
rxn:1:41250:6008	O=C(O)c1cc(-c2cn(CC=Cc3cnc(-n4ccnc4)nc3)nn2)co1	0.020397
rxn:1:48867:18719	Cc1cnc(-c2cn(CCC(O)C(O)c3cc(C)c(O)c(C)c3)nn2)c(C)c1C	0.020396
rxn:1:47248:22575	Cc1cc(F)cc(C)c1C(O)C(O)Cn1cc(Cn2ncc(C#N)c2N)nn1	0.020389
rxn:1:49895:11964	Nc1cc(Cl)cnc1C1C(Cn2cc(C(O)c3ccc(Cl)c(Cl)c3)nn2)C1(F)F	0.020374
rxn:1:48589:7795	CC(C)(c1cn(CCC(O)C(O)c2ncccc2O)nn1)C(F)C(=O)O	0.020368
rxn:1:48496:138	Cn1ccc(C(O)C(O)CCn2cc(CC(=O)c3cc(Cl)ccn3)nn2)n1	0.020362
rxn:1:49451:17547	COC(=O)c1cc(OC)c(OC)cc1-n1cc(-c2cc(C)n(C3CCC3)n2)nn1	0.020359
rxn:1:51811:38396	C=Cc1ccc(C2CC2CCn2cc(-c3ccc(C(=O)OC)cc3)nn2)cc1	0.020337
rxn:1:57923:10960	CCc1nccn1Cc1cn(Cc2noc(-c3ccc(F)cc3)n2)nn1	0.020330
rxn:1:56198:2657	CC(=O)c1ccc(C)c(C2CC2Cn2cc(-c3cccc(CCCN)c3)nn2)c1	0.020289
rxn:1:48842:6557	Cc1cc(C(O)C(O)CCn2cc(CCCC(F)C(=O)O)nn2)cc(C)c1F	0.020270
rxn:1:47340:3417	CC(=O)c1ccc(C(O)C(O)Cn2cc(CN3CCNCCC3=O)nn2)cc1	0.020262
rxn:1:40805:39705	CCOc1ccc(F)cc1C=CCn1cc(COc2c(C)cccc2C)nn1	0.020222
rxn:1:56589:38813	NS(=O)(=O)c1ccc(C2CC2Cn2cc(-c3cnc(C(F)(F)F)nc3)nn2)c(F)c1	0.020219
rxn:1:61982:7734	O=C(c1ccc(-n2cc(CNc3cc(Cl)ccc3Cl)nn2)cc1Cl)N1CCOCC1	0.020215
rxn:1:47100:31278	Oc1ncnc(O)c1C(O)C(O)Cn1cc(C23CCCN2CC(F)C3)nn1	0.020201
rxn:1:52641:24586	C[C@@H](CO)N1CC(c2cn(CCC3CC3c3cc4cc[nH]c4cc3Cl)nn2)CC1=O	0.020174
rxn:1:52755:3121	CC(=O)c1cc(C2CC2CCn2cc(CCC3CCCCN3C)nn2)ccc1Cl	0.020169
rxn:1:58049:8679	Cc1cc(Cl)cnc1-c1cn(CCCc2cncc3ccccc23)nn1	0.020159
rxn:1:62614:1752	CC(O)C(C(=O)O)N1CC(Cn2cc(CSc3ccc(Cl)c(Cl)c3)nn2)CC1=O	0.020152
rxn:1:46800:38702	CNC(=O)c1cccc(-c2cn(CC(O)C(O)c3ncc[nH]3)nn2)c1	0.020144
rxn:1:60590:6333	CC(O)[C@@H](C(=O)O)n1cc(CN[C@@H]2CS(=O)(=O)C[C@H]2O)nn1	0.020125
rxn:1:41236:14425	CCCCC1CCC(c2cn(CC=Cc3ccc4c(c3)C(=O)CCC4)nn2)CC1	0.020125
rxn:1:50357:39410	CN(Cc1cn(CC2C(c3cc(CN)ccc3F)C2(F)F)nn1)c1cnc(N)cn1	0.020100
rxn:1:40411:391	Cc1cc(-c2cn(CC=Cc3cc(Cl)c(O)cc3Cl)nn2)cn2ccnc12	0.020097
rxn:1:63755:1923	Cc1ccnc(N2CC(Cn3cc(Cc4c[nH]c5ncsc45)nn3)CC2=O)c1	0.020089
rxn:1:56406:2722	COCc1ccc(-c2cn(CC3CC3c3cc(C(F)(F)F)ccc3Cl)nn2)o1	0.020066
rxn:1:41381:38894	Cc1ccc(F)c(-c2cn(CC=Cc3cc(OC(F)(F)F)ccc3F)nn2)c1	0.020059
rxn:1:48609:19198	Cc1cc(Cl)ccc1C(O)C(O)CCn1cc(-c2cnn(C(C)C(C)C)c2)nn1	0.020048
rxn:1:41032:7072	COC(=O)C1(c2cn(CC=Cc3ccc(SC(F)(F)F)cc3)nn2)CCC1	0.020008
rxn:1:48564:1981	O=C1CCN([C@H]2C[C@@H](n3cc(-c4n[nH]c5ccccc45)nn3)[C@@H](CO)O2)C(=O)N1	0.019984
rxn:1:56030:31182	Fc1ccc2[nH]cc(C3CC3Cn3cc(-c4cccc5c4CCN5)nn3)c2c1	0.019983
rxn:1:50431:34499	COC(=O)c1c(-c2cn(CC3C(c4ccc(C(=O)O)nc4)C3(F)F)nn2)cnn1C	0.019959
rxn:1:58554:734	O=C(O)c1c[nH]c2ccc(CCCn3cc(CCC[C@@H]4C[C@H]4O)nn3)cc12	0.019952
rxn:1:58563:6138	CCn1ncc(-c2cn(CCCc3ccc4c(c3)CCN4C(C)=O)nn2)c1C(C)C	0.019933
rxn:1:47078:273	Cc1cc(C(O)C(O)Cn2cc(Cc3ccc(O)cc3)nn2)ncc1N	0.019914
rxn:1:56248:1385	COC(=O)c1nc(C2CC2Cn2cc(COC(=O)c3cc(O)cs3)nn2)cn1C	0.019896
rxn:1:52794:38863	FC(F)(F)c1ncc(C2CC2CCn2cc(-c3ccc(Cl)c(Cl)c3)nn2)cn1	0.019890
rxn:1:46216:24345	NC(CCc1ccccc1)c1cn(CCC=Cc2cccc(C(F)(F)F)c2)nn1	0.019889
rxn:1:40063:27797	Cc1nc(Cl)ncc1C=CCn1cc(-c2cccc3nccnc23)nn1	0.019883
rxn:1:47791:23176	N#Cc1cc(F)c(C(O)C(O)Cn2cc([C@H]3C[C@]3(N)C(=O)O)nn2)cc1F	0.019876
rxn:1:45920:464	Cc1ccc(C=CCCn2cc(-c3ncnc4c3ncn4C)nn2)cc1CO	0.019873
rxn:1:61409:38837	CCCOc1ccc(-c2cn(Cc3ccc(C(=O)NC4CCCCC4)o3)nn2)cc1	0.019863
rxn:1:49858:10942	CC(=O)c1sccc1C1C(Cn2cc(CN(CC(=O)O)S(C)(=O)=O)nn2)C1(F)F	0.019863
rxn:1:47413:39262	COc1nc(C(O)C(O)Cn2cc(CC3(CO)CCC3)nn2)ccc1N	0.019857
rxn:1:52404:32713	CC(=O)c1cc(Cl)ccc1-c1cn(CCC2CC2c2ccc(F)cc2CN)nn1	0.019850
rxn:1:64082:28294	O=C1CC(Cn2cc(-c3ccc(OCCO)cc3)nn2)CN1CCc1ccc[nH]1	0.019838
rxn:1:56665:39779	O=C(O)c1ccc(-c2cn(CC3CC3c3cnn(-c4ccccc4)c3)nn2)o1	0.019837
rxn:1:64427:5939	CC(Oc1cnc(N)cn1)c1cn(CC2CC(=O)N(c3ncc(Cl)cc3O)C2)nn1	0.019824
rxn:1:40719:37896	CN(C)c1ccc(-c2cn(CC=Cc3c[nH]c4c(Cl)ncnc34)nn2)nc1	0.019822
rxn:1:60202:2998	Oc1cc(-c2cccnc2)nn1CCn1cc(Cc2cc(F)cc(F)c2)nn1	0.019807
rxn:1:46239:10942	CS(=O)(=O)N(CC(=O)O)Cc1cn(CCC=Cc2ccc(C(=O)O)c(F)c2)nn1	0.019801
rxn:1:47219:873	Nc1ncc(C(O)C(O)Cn2cc(CCN3CCC(=O)CC3)nn2)c(Cl)n1	0.019754
rxn:1:46180:16762	Cc1c(N)cnn1Cc1cn(CCC=Cc2cc3cc[nH]c3cc2Cl)nn1	0.019740
rxn:1:62930:1848	CC(C)c1nc(N2CC(Cn3cc(-c4ccc(CN(C)C)cc4)nn3)CC2=O)no1	0.019731
rxn:1:46755:39475	O=C(NCc1ccccc1)c1cn(CCC=Cc2cc(C(=O)O)c(F)cc2F)nn1	0.019728
rxn:1:47280:28507	COc1cccc(C(O)C(O)Cn2cc(COC(C)CN)nn2)c1O	0.019725
rxn:1:48375:3473	O=C(O)C1(Cc2cn(CC(O)C(O)c3ccc(-c4cccs4)s3)nn2)CC1	0.019686
rxn:1:60227:1690	CN(Cc1ccccc1)[C@@H]1CCCC[C@H]1n1cc(-c2ncccc2C(F)(F)F)nn1	0.019668
rxn:1:65004:3379	CCc1cc(-c2cn(CC3CC(=O)N(c4ncnc(Cl)c4Cl)C3)nn2)ccc1F	0.019665
rxn:1:63543:18019	CCn1nc2c(c1-c1cn(-c3ccc(C(=O)CN4CCCCC4)cc3)nn1)CCC2	0.019660
rxn:1:47254:14757	CCOC(=O)c1cnc(-c2cn(CC(O)C(O)c3c(C)cc(C)cc3C)nn2)s1	0.019644
rxn:1:58530:22939	Cc1ccnc(-c2cn(CCCc3c[nH]nc3-c3cccc(F)c3)nn2)c1F	0.019634
rxn:1:45505:27916	Cc1ccc(C=CCCn2cc(-c3ccc(S(=O)(=O)Cl)cc3)nn2)c(Cl)c1	0.019565
rxn:1:48659:11793	CC(CO)Cc1cn(CCC(O)C(O)c2ccc(O)cc2O)nn1	0.019552
rxn:1:46126:22566	CSc1ccccc1-c1cn(CCC=Cc2n[nH]c3ccccc23)nn1	0.019540
rxn:1:49727:954	Cc1nc(Cl)cc(NCc2cn(CC3C(c4ccc(Cl)cc4C)C3(F)F)nn2)n1	0.019538
rxn:1:53340:2555	Cc1cscc1C1C(CCn2cc(-c3cccc(S(=O)(=O)F)c3)nn2)C1(F)F	0.019528
rxn:1:45580:965	Nn1cnnc1SCc1cn(CCC=Cc2cccc(F)c2O)nn1	0.019522
rxn:1:63624:29108	Cc1ccnc(C)c1N1CC(Cn2cc(CCOc3ncc(F)cn3)nn2)CC1=O	0.019513
rxn:1:52234:32050	COc1cccc(C2CC2CCn2cc(-c3ccc([C@H](C)N)c(O)c3)nn2)c1O	0.019499
rxn:1:46196:4420	N#Cc1ncn(Cc2cn(CCC=Cc3ccnc4ccccc34)nn2)n1	0.019487
rxn:1:47007:6008	O=C(O)c1cc(-c2cn(CC(O)C(O)c3cc(O)ccc3Cl)nn2)co1	0.019481
rxn:1:53523:10909	Nc1cnc(C2C(CCn3cc(CNC(=O)Cc4cscn4)nn3)C2(F)F)cn1	0.019461
rxn:1:59762:2045	N[C@H](CO)c1cccc(-c2cn(CC3CCCN3C(=O)Nc3ccccc3)nn2)c1	0.019434
rxn:1:45815:4432	Cc1ccc(NCc2cn(CCC=Cc3c(C)cc(Cl)cc3C)nn2)c(C)c1	0.019414
rxn:1:48547:31259	Oc1ccnc(-c2cn(CCC(O)C(O)c3ccc(O)nn3)nn2)c1	0.019404
rxn:1:46870:3119	Cc1cncc(C(O)C(O)Cn2cc(CSc3nnc(N)s3)nn2)n1	0.019401
rxn:1:52206:8635	N#Cc1cc(Cl)cc(-c2cn(CCC3CC3c3ccc(C(F)F)cc3)nn2)c1	0.019376
rxn:1:52355:23621	CC(c1cn(CCC2CC2c2c(Cl)nc(Cl)nc2Cl)nn1)C(CO)CO	0.019356
rxn:1:48870:2850	Cc1cc(O)cc(C)c1C(O)C(O)CCn1cc(-c2cccnc2N(C)C)nn1	0.019343
rxn:1:58441:2611	CC(C)(c1ccccn1)c1cn(CCCc2ccc3ccc(O)cc3c2)nn1	0.019340
rxn:1:51838:38255	Fc1cccc(F)c1C1CC1CCn1cc(-c2ccc(C(F)(F)F)cc2)nn1	0.019320
rxn:1:47799:38870	N#Cc1cc(-c2cn(CC(O)C(O)c3cc(C(=O)O)c(F)cn3)nn2)ccc1F	0.019313
rxn:1:47583:23890	OC(Cn1cc([C@H]2CNC[C@@H]2C(F)F)nn1)C(O)c1ccc2cc[nH]c2c1	0.019290
rxn:1:64937:32478	CC(C)(C)OC(=O)C(N)c1cn(CC2CC(=O)N(c3nc(Cl)ncc3F)C2)nn1	0.019288
rxn:1:60464:28815	CNC(Cc1cn(Cc2cn(C)nc2-c2cccnc2)nn1)c1ccccc1	0.019252
rxn:1:41027:38967	O=C1OCc2cc(-c3cn(CC=Cc4ccc(C(F)(F)F)c(Cl)c4)nn3)ccc21	0.019250
rxn:1:56400:6474	FC(F)(F)c1cc(Cl)ccc1C1CC1Cn1cc(-c2cnn(C3CCC3)c2)nn1	0.019247
rxn:1:46215:15534	CC(C)Cc1nn(C)cc1-c1cn(CCC=Cc2ccccc2C(F)(F)F)nn1	0.019236
rxn:1:48162:1564	C[C@]1(c2cn(CC(O)C(O)c3ccc(O)nc3)nn2)CCCN1CC(=O)O	0.019191
rxn:1:47718:39558	CCC(C)CNC(C)c1cn(CC(O)C(O)c2cc(C(C)=O)ccc2F)nn1	0.019181
rxn:1:40716:8556	Cc1nc2ccc(C=CCn3cc(-c4cc(C(=O)O)ccc4Cl)nn3)cc2o1	0.019167
rxn:1:55965:24106	CC(=O)c1cccc(-c2cn(CC3CC3c3ccc4cn[nH]c4c3)nn2)c1F	0.019132
rxn:1:53210:6190	COc1ccc2ccccc2c1Cn1cc(CNC(C)c2cnccn2)nn1	0.019124
rxn:1:47496:6504	C=Cc1cnn(Cc2cn(CC(O)C(O)c3ccc(C(=O)O)nc3)nn2)c1	0.019118
rxn:1:50238:22337	COc1cccc(C2C(Cn3cc(Cn4ncc(OC)c4Cl)nn3)C2(F)F)c1Cl	0.019082
rxn:1:46166:39396	Nc1nc2c(C=CCCn3cc(CCC4(CCO)OCCO4)nn3)cccc2s1	0.019066
rxn:1:50536:7785	CC1(c2cn(CC3C(c4cnc5cnccn45)C3(F)F)nn2)CCCN1CC(F)F	0.019026
rxn:1:47315:1921	CC1(C)OCC(COCc2cn(CC(O)C(O)c3ccc(F)c(CO)c3)nn2)O1	0.019001
rxn:1:48871:37896	CN(C)c1ccc(-c2cn(CCC(O)C(O)c3cc(O)c(F)c(F)c3)nn2)nc1	0.018994
rxn:1:48730:28143	CN(C)[C@H]1CC[C@@H](c2cn(CCC(O)C(O)c3c(O)ncnc3O)nn2)CC1	0.018979
rxn:1:41110:39015	COc1ccc(C=CCn2cc(-c3cc4[nH]ncc4cn3)nn2)c(C(=O)O)c1	0.018956
rxn:1:45837:6444	Cc1cc(C(=O)O)sc1C=CCCn1cc(CSc2nnc(C)c(O)n2)nn1	0.018953
rxn:1:48498:18227	Cc1nc(C(O)C(O)CCn2cc(Cn3ncc(C)c3O)nn2)c[nH]1	0.018947
rxn:1:62003:1172	COc1ccc(C)c(-c2cn(-c3cnn(-c4ccccc4)c(=O)c3Cl)nn2)c1	0.018947
rxn:1:59523:22938	CCc1ccnc(-c2cn(-c3ccc(OCc4ccccc4)cc3)nn2)c1	0.018940
rxn:1:56077:32710	Nc1n[nH]c2cc(C3CC3Cn3cc(-c4ncc(O)cc4F)nn3)ccc12	0.018929
rxn:1:52623:7111	Cc1n[nH]c2cc(C3CC3CCn3cc(-c4cc(C(=O)O)no4)nn3)ccc12	0.018875
rxn:1:47199:1825	Cc1cc(N)ncc1-c1cn(CC(O)C(O)c2cccc(CO)n2)nn1	0.018875
rxn:1:56108:23436	O=C(O)c1cccc(C2CC2Cn2cc(CC(O)c3ccc(O)cc3)nn2)c1Cl	0.018873
rxn:1:48568:1803	Cc1nc(C(O)C(O)CCn2cc(-c3ccc(CC(=O)O)cc3)nn2)sc1C	0.018841
rxn:1:47561:1009	CN(C)C(=O)CCc1cn(CC(O)C(O)c2ncnc3[nH]cnc23)nn1	0.018815
rxn:1:58469:27806	Cc1oc(-c2cn(CCCc3ccc4c(=O)[nH]cnc4c3)nn2)cc1C(=O)O	0.018803
rxn:1:56396:3004	CCc1cc(C)cc(CC)c1C1CC1Cn1cc(-c2cccc(F)c2OC)nn1	0.018781
rxn:1:53714:28503	N#Cc1ccc(C2C(CCn3cc(COc4ccnc(Cl)n4)nn3)C2(F)F)cn1	0.018765
rxn:1:55963:1980	Cc1ccc2[nH]nc(-c3cn(CC4CC4c4cnc5ccccn45)nn3)c2c1	0.018759
rxn:1:52204:8603	Cc1cc(C)c(C2CC2CCn2cc(-c3c(F)cc(Cl)cc3F)nn2)c(C)c1	0.018745
rxn:1:53754:38488	COc1ccc(C2C(CCn3cc(-c4cccc(S(C)(=O)=O)c4)nn3)C2(F)F)nn1	0.018744
rxn:1:53630:31327	COc1ccc(-c2cn(CCC3C(c4csc(C(=O)O)c4)C3(F)F)nn2)c(CN)c1	0.018715
rxn:1:60355:6997	CCn1cc(Cn2cc(-c3ncnc4[nH]cnc34)nn2)c(-c2ccsc2)n1	0.018701
rxn:1:47270:23465	CC(C)c1cc(Cl)c(-c2cn(CC(O)C(O)c3ccc(C(=O)O)cc3)nn2)cn1	0.018652
rxn:1:47284:12246	Cc1ccnc(-c2cn(CC(O)C(O)c3ccccc3C(=O)O)nn2)c1N	0.018644
rxn:1:65052:8720	Nc1ncnc(N2CC(Cn3cc(CCC4(CC(=O)O)N=N4)nn3)CC2=O)c1N	0.018638
rxn:1:47415:22623	COc1ncc(N)cc1C(O)C(O)Cn1cc(CC2(C(=O)O)CCC2)nn1	0.018617
rxn:1:48979:24118	OC[C@@H]1CC[C@H]1c1cn(CCC(O)C(O)c2cc3cn[nH]c3cn2)nn1	0.018605
rxn:1:58307:32201	CC(C)c1cncc(-c2cn(CCCc3cc(Cl)ccc3C(F)(F)F)nn2)c1	0.018564
rxn:1:47372:39779	O=C(O)c1ccc(-c2cn(CC(O)C(O)c3cc(F)c(O)c(F)c3)nn2)o1	0.018546
rxn:1:56407:37907	CS(=N)(=O)c1ccc(-c2cn(CC3CC3c3ccc(C(F)(F)F)cc3Cl)nn2)cc1	0.018544
rxn:1:52713:4173	COc1cccc(NCc2cn(CCC3CC3c3c(F)cccc3C(=O)O)nn2)c1	0.018522
rxn:1:48512:2949	OC(CCn1cc(-c2cn3cc(Cl)ccc3n2)nn1)C(O)c1ccccc1F	0.018512
rxn:1:55988:4463	Cc1ccc(Cl)cc1NCc1cn(CC2CC2c2n[nH]c3ncccc23)nn1	0.018506
rxn:1:50449:38912	COc1ncc(Cl)cc1C1C(Cn2cc(-c3ccnc(C(F)(F)F)n3)nn2)C1(F)F	0.018459
rxn:1:41272:18615	Cc1nn(C(C)C)cc1-c1cn(CC=Cc2cc3cccnc3cc2F)nn1	0.018459
rxn:1:52882:32075	Cc1[nH]c(C2CC2CCn2cc(CCNC3=NCCCN3)nn2)c(C)c1C(=O)O	0.018452
rxn:1:53874:5953	COc1ccc(C2C(CCn3cc(COc4nnccc4C#N)nn3)C2(F)F)nc1	0.018443
rxn:1:65162:38606	COC(=O)c1ccccc1-c1cn(CC2CC(=O)N(c3cc(Cl)cc(Cl)c3)C2)nn1	0.018442
rxn:1:52622:1154	Cc1cccc(-c2cn(CCC3CC3c3cnc4ccccc4n3)nn2)c1F	0.018418
rxn:1:46002:430	N#Cc1ccc(C=CCCn2cc(-c3ncnc4cnccc34)nn2)cc1Cl	0.018392
rxn:1:61610:11031	COC(=O)[C@@](C)(CO)n1cc(CSc2nc(C)cc(=O)[nH]2)nn1	0.018382
rxn:1:47368:39489	CCCOc1cccc(-c2cn(CC(O)C(O)c3cc(F)cc(F)c3O)nn2)c1	0.018376
rxn:1:53667:7185	CC(=O)c1sccc1C1C(CCn2cc(Cn3ccc(CN)cc3=O)nn2)C1(F)F	0.018375
rxn:1:52605:31636	O=C1OCc2ccc(C3CC3CCn3cc(-c4cccc(OC5CC5)c4)nn3)cc21	0.018361
rxn:1:59744:5779	Cc1ccc(S(=O)(=O)N2CCCC(n3cc(COCc4cccc(F)c4)nn3)C2)s1	0.018346
rxn:1:64025:39721	Nc1cc(=O)n(Cc2cn(CC3CC(=O)N(CCN4CCSCC4)C3)nn2)c(=O)[nH]1	0.018215
rxn:1:46139:28500	Clc1cc(OCc2cn(CCC=Cc3ccc4cc[nH]c4c3)nn2)ncn1	0.018215
rxn:1:40866:2263	COC(=O)c1nc(C=CCn2cc(Cn3cc(S(C)(=O)=O)cn3)nn2)cn1C	0.018171
rxn:1:65182:11943	Nc1nc(Cl)cc(N2CC(Cn3cc(C(O)c4ccccc4O)nn3)CC2=O)n1	0.018143
rxn:1:47352:1392	Cc1ccc(C(O)C(O)Cn2cc(CCN3CCCC(O)C3)nn2)cc1CO	0.018142
rxn:1:46439:8962	CC(C)(C)c1cc(C=CCCn2cc(COC(=O)Nc3nnc[nH]3)nn2)ccc1O	0.018123
rxn:1:48589:37897	OCc1cccc(F)c1-c1cn(CCC(O)C(O)c2ncccc2O)nn1	0.018114
rxn:1:50483:5939	Cc1c(C2C(Cn3cc(C(C)Oc4cnc(N)cn4)nn3)C2(F)F)cnc(N)c1N	0.018095
rxn:1:60773:38566	CCn1nc(-c2ccccc2)cc1Cn1cc(C(O)c2ccc(OC)cc2)nn1	0.018094
rxn:1:47413:23331	COCc1cccc(-c2cn(CC(O)C(O)c3ccc(N)c(OC)n3)nn2)n1	0.018078
rxn:1:64104:2436	O=C(O)c1cnc(NCc2cn(CC3CC(=O)N(CCc4cocn4)C3)nn2)s1	0.018071
rxn:1:52876:39756	Cc1cc(C2CC2CCn2cc(-c3ccc4[nH]ncc4c3)nn2)cnc1C(=O)O	0.018059
rxn:1:48625:1780	Cc1cccc(CSCc2cn(CCC(O)C(O)c3cccc(Cl)c3C)nn2)c1	0.018026
rxn:1:48358:5809	CCc1nc(C)c(C(O)C(O)Cn2cc(COCc3ccccc3Cl)nn2)[nH]1	0.017993
rxn:1:50081:12139	Nc1ncc(C2C(Cn3cc(C(F)(F)c4cncnc4)nn3)C2(F)F)c(Cl)n1	0.017987
rxn:1:57229:584	COC(=O)c1ncc(-c2cn(CCCc3ccc(SC)cc3)nn2)cn1	0.017986
rxn:1:63651:7300	Cc1nc(Cl)ncc1N1CC(Cn2cc(-c3cc(Cl)ncn3)nn2)CC1=O	0.017938
rxn:1:56017:2575	COC(=O)c1sccc1-c1cn(CC2CC2c2ccc3nc(N)sc3c2)nn1	0.017932
rxn:1:58502:352	COC(=O)c1ccc(-c2cn(CCCc3ccc4nccc(O)c4c3)nn2)s1	0.017924
rxn:1:48941:35122	CC(NC1CCCCC1)c1cn(CCC(O)C(O)c2cc3ccccc3s2)nn1	0.017918
rxn:1:48608:4432	Cc1ccc(NCc2cn(CCC(O)C(O)c3cc(Cl)ccc3C)nn2)c(C)c1	0.017910
rxn:1:52557:6138	CCn1ncc(-c2cn(CCC3CC3c3ncnc4[nH]cnc34)nn2)c1C(C)C	0.017897
rxn:1:60366:8610	Cn1cc(Cn2cc(-c3ccc4cn(C)nc4c3)nn2)c(-c2ccsc2)n1	0.017895
rxn:1:50444:13907	NCCOc1ccc(-c2cn(CC3C(c4ccc(S(N)(=O)=O)s4)C3(F)F)nn2)cc1	0.017844
rxn:1:48546:7358	Cc1ccc(SCc2cn(CCC(O)C(O)c3ccnc(N)c3)nn2)c(C)c1	0.017839
rxn:1:48431:23192	OC(Cn1cc(CC2(C(F)F)CC(F)(F)C2)nn1)C(O)c1nc2ccccc2[nH]1	0.017829
rxn:1:53464:1972	Cc1ccc2c(-c3cn(CCC4C(c5ccc(Cl)cn5)C4(F)F)nn3)n[nH]c2c1	0.017827
rxn:1:47308:23615	COc1cccc(F)c1C(O)C(O)Cn1cc(C(N)Cc2ccccc2Cl)nn1	0.017807
rxn:1:55732:2635	COC(=O)c1ccc(C2CC2Cn2cc(-c3cccc4ccn(C)c34)nn2)o1	0.017765
rxn:1:46565:8626	COc1nscc1-c1cn(CCC=Cc2ccc(-c3ccno3)cc2)nn1	0.017759
rxn:1:58044:2805	COc1c(-c2cn(CCCc3ccc4cccnc4c3)nn2)ccc(F)c1F	0.017754
rxn:1:65090:2999	O=S(=O)(c1cccc2c1N=S=N2)n1cc(-c2cc3cc(Cl)ccc3[nH]2)nn1	0.017725
rxn:1:45663:18228	Oc1c(C2CC2)cnn1Cc1cn(CCC=Cc2cnc(Cl)nc2Cl)nn1	0.017704
rxn:1:45581:671	Oc1cc(C=CCCn2cc(CSc3ncc(Cl)cn3)nn2)ccc1Cl	0.017657
rxn:1:52221:17478	CCCc1cc(N)nn1Cc1cn(CCC2CC2c2ccc(O)c(CO)c2)nn1	0.017645
rxn:1:50487:32426	O=C1NCc2ccc(-c3cn(CC4C(c5ccc6sccc6c5)C4(F)F)nn3)cc21	0.017620
rxn:1:47357:8824	COc1ccc(CCc2cn(CC(O)C(O)c3cc(CO)ccc3C)nn2)cc1	0.017600
rxn:1:58428:9738	Cc1ccc2ccccc2c1CCCn1cc(C(=O)c2ccccc2)nn1	0.017587
rxn:1:61966:31258	OCC1OC(Cn2cc(C[C@H]3CNCCN3)nn2)C(O)C1O	0.017558
rxn:1:45978:2436	COc1ncc(N)cc1C=CCCn1cc(CNc2ncc(C(=O)O)s2)nn1	0.017549
rxn:1:47001:37726	O=C(O)c1ccsc1C(O)C(O)Cn1cc(-c2cc(Cl)cc(Cl)c2O)nn1	0.017534
rxn:1:63573:2635	Cc1cnc(N2CC(Cn3cc(-c4cccc5ccn(C)c45)nn3)CC2=O)c(C)c1	0.017525
rxn:1:47535:2217	NC(=O)c1ccc(C(O)C(O)Cn2cc(CC(=O)C3(N)CCCC3)nn2)cc1	0.017515
rxn:1:61691:27791	Cc1n[nH]c2nc(-c3cn([C@H](C)c4ccc(-n5cccn5)c(F)c4)nn3)ncc12	0.017481
rxn:1:40692:861	CN(CCc1cn(CC=Cc2ccc3ccccc3n2)nn1)c1ccccc1	0.017476
rxn:1:48494:4123	N#CC1(NCc2cn(CCC(O)C(O)c3cncnc3)nn2)CCNCC1	0.017476
rxn:1:52619:23457	Cc1ncc(-c2cn(CCC3CC3c3c[nH]c4nccc(Cl)c34)nn2)c(Cl)n1	0.017461
rxn:1:55734:3747	CC1(C)CCN(CCc2cn(CC3CC3c3c(Cl)nc(Cl)nc3Cl)nn2)CC1	0.017353
rxn:1:60734:38697	CC(C)c1[nH]nc(-c2ccoc2)c1Cn1cc(-c2ccc(CC(N)=O)cc2)nn1	0.017341
rxn:1:52642:15	Cn1ccc2cc(C3CC3CCn3cc(CNCc4ccccn4)nn3)ccc21	0.017315
rxn:1:48602:1736	COc1ccc(OCc2cn(CCC(O)C(O)c3cnc(N)nc3)nn2)cc1	0.017313
rxn:1:46123:2707	O=S(=O)(Cl)c1cccc(-c2cn(CCC=Cc3cnc4cc[nH]c4c3)nn2)c1	0.017297
rxn:1:47001:11938	O=C(O)c1ccsc1C(O)C(O)Cn1cc(CCCN2CCNCC2)nn1	0.017286
rxn:1:46514:4124	Nc1ncccc1OCc1cn(CCC=Cc2ccc3ccccc3c2O)nn1	0.017255
rxn:1:55943:794	Fc1cc(Cl)cc(-c2cn(CC3CC3c3csc4ccccc34)nn2)c1	0.017249
rxn:1:48637:39410	CN(Cc1cn(CCC(O)C(O)c2ccc(F)cc2Cl)nn1)c1cnc(N)cn1	0.017238
rxn:1:65594:16789	CCc1c(CO)cnn1Cc1cn(CC2CC(=O)N(c3nnc(N)[nH]3)C2)nn1	0.017230
rxn:1:41031:8558	Nc1n[nH]c2cc(-c3cn(CC=Cc4cc(F)cc(C(F)(F)F)c4)nn3)ccc12	0.017218
rxn:1:40670:31201	C[C@@H](N)c1ccc(Cl)cc1-c1cn(CC=Cc2n[nH]c3ncnc(Cl)c23)nn1	0.017199
rxn:1:47410:21670	COc1ncc(C(O)C(O)Cn2cc(CNC(=O)C3CCCCC3)nn2)cc1N	0.017190
rxn:1:46122:37913	CCOc1ccc(Cl)cc1-c1cn(CCC=Cc2cccc3[nH]cnc23)nn1	0.017163
rxn:1:47284:3999	CC(C)CN(Cc1cn(CC(O)C(O)c2ccccc2C(=O)O)nn1)S(C)(=O)=O	0.017153
rxn:1:47532:38687	COc1cc(C)c(C(O)C(O)Cn2cc(-c3cccc(S(N)(=O)=O)c3)nn2)cn1	0.017145
rxn:1:52676:4141	Cc1nc2ccc(C3CC3CCn3cc(CNCc4cnn(C)c4)nn3)cc2o1	0.017136
rxn:1:48962:38943	Cc1ccc(-c2cn(CCC(O)C(O)c3ccc4[nH]cnc4c3)nn2)cc1C	0.017132
rxn:1:62526:38364	Clc1ccc2c(c1)[C@H](n1cc(-c3cn4ccnc4cn3)nn1)CC1(CCCC1)O2	0.017079
rxn:1:47698:2207	CC1CCC(C(=O)c2cn(CC(O)C(O)c3ccc(F)cc3C(=O)O)nn2)CN1	0.017076
rxn:1:47671:27590	CS(=O)(=O)c1cccc(C(O)C(O)Cn2cc(CN3CC(CO)CC3=O)nn2)c1	0.017070
rxn:1:46502:5989	CCn1nc(C)cc1-c1cn(CCC=Cc2ccc(C)c3ccccc23)nn1	0.017044
rxn:1:48974:28126	O=C(O)[C@H]1CC[C@H](Cc2cn(CCC(O)C(O)c3ccc4ocnc4c3)nn2)CC1	0.017039
rxn:1:56421:28948	N#CCCc1ccc(-c2cn(CC3CC3c3cc(F)cc(C(F)(F)F)c3)nn2)cc1	0.017009
rxn:1:50490:4132	Cn1ccnc(NCc2cn(CC3C(c4ccc5ccsc5c4)C3(F)F)nn2)c1=O	0.017007
rxn:1:40385:31261	COc1cc(C=CCn2cc(-c3cc4c(Cl)ncnc4s3)nn2)ccc1C	0.017001
rxn:1:46539:38820	O=c1[nH]c(O)ncc1-c1cn(CCC=Cc2ccc3c(O)nncc3c2)nn1	0.016949
rxn:1:48639:3169	NCCOc1cccc(-c2cn(CCC(O)C(O)c3c(F)cccc3Cl)nn2)c1	0.016927
rxn:1:63322:3937	COc1cccnc1N1CC(Cn2cc(-c3ccnc4c3ccn4C)nn2)CC1=O	0.016927
rxn:1:56713:6232	Nc1ncnc2ccc(C3CC3Cn3cc(-c4cc(NC5CC5)ncn4)nn3)cc12	0.016919
rxn:1:53874:14358	COc1ccc(C2C(CCn3cc(-c4ccc5[nH]cc(C)c5c4)nn3)C2(F)F)nc1	0.016875
rxn:1:58498:6998	CCc1ncnc(-c2cn(CCCc3nc4ccc(OC)cc4s3)nn2)c1F	0.016873
rxn:1:48665:195	CCCOc1ccc(-c2cn(CCC(O)C(O)c3cc(O)cc(Cl)c3)nn2)cn1	0.016865
rxn:1:52575:2044	N[C@@H](CO)c1cccc(-c2cn(CCC3CC3c3ccc4scnc4c3)nn2)c1	0.016855
rxn:1:50522:39011	FC1(F)C(Cn2cc(-c3cnc4cn[nH]c4c3)nn2)C1c1ccc2[nH]ccc2c1	0.016843
rxn:1:56658:8838	Cc1nnc(SCc2cn(CC3CC3c3cnc(-n4ccnc4)nc3)nn2)[nH]1	0.016843
rxn:1:48718:31779	Cc1cc(N)nc(C(O)C(O)CCn2cc([C@]3(O)C(=O)N(C)CC3(F)F)nn2)c1	0.016842
rxn:1:60765:8582	Nc1nc(=O)[nH]cc1-c1cn(-c2ncnc3c2cnn3-c2ccccc2)nn1	0.016824
rxn:1:48299:28729	O=C(O)c1cccnc1-c1cn(CC(O)C(O)c2cc(Cl)cc(Cl)c2O)nn1	0.016816
rxn:1:45800:7141	Cn1ncc2c(-c3cn(CCC=Cc4c(Cl)cc(F)cc4Cl)nn3)cncc21	0.016758
rxn:1:59438:31499	Cn1nc(-c2cn(-c3ccc4c(S(=O)(=O)Cl)cccc4c3)nn2)cc1C(F)F	0.016694
rxn:1:49837:31466	Cc1cc(-c2cn(CC3C(c4cc(O)cc(Cl)c4)C3(F)F)nn2)c2occc2c1	0.016685
rxn:1:61998:1384	CC(O)(Cc1cn(C[C@H]2OC(O)[C@H](O)[C@@H](O)[C@H]2O)nn1)c1ccccc1	0.016629
rxn:1:48796:38477	COc1ncc(-c2cn(CCC(O)C(O)c3cnc(O)c(O)c3)nn2)cc1C	0.016606
rxn:1:48803:3180	Cc1nc(O)ccc1C(O)C(O)CCn1cc(C2(c3ccc(O)cc3)CC2)nn1	0.016588
rxn:1:61164:39721	Nc1cc(=O)n(Cc2cn(Cc3c[nH]c(=O)[nH]c3=O)nn2)c(=O)[nH]1	0.016575
rxn:1:46166:30431	CCn1ncc(-c2cn(CCC=Cc3cccc4sc(N)nc34)nn2)c1C(=O)O	0.016557
rxn:1:48715:2067	Cc1cc(C(O)C(O)CCn2cc(CNCC(=O)C3CCC3)nn2)ncc1N	0.016483
rxn:1:48535:38258	Nc1ncccc1C(O)C(O)CCn1cc(CCNS(=O)(=O)Cl)nn1	0.016459
rxn:1:46169:38371	FC(F)(F)c1cccc(-c2cn(CCC=Cc3cnc4ccccc4n3)nn2)c1	0.016436
rxn:1:48402:468	N[C@@H](COCc1cn(CC(O)C(O)c2cc[nH]c2)nn1)C(=O)O	0.016404
rxn:1:47626:38475	O=C(c1ccc(Cl)cc1)c1cn(CC(O)C(O)c2ccc3ncccc3c2)nn1	0.016400
rxn:1:47579:2933	OC(Cn1cc(-c2c(Cl)cc(Cl)cc2Cl)nn1)C(O)c1nc2ccccc2s1	0.016392
rxn:1:52611:2918	O=C1CCc2c1cccc2C1CC1CCn1cc(-c2c[nH]c3ncnc(Cl)c23)nn1	0.016353
rxn:1:51992:2861	Cc1ccc(O)c(CCc2cn(CCC3CC3c3cnc(Cl)nc3Cl)nn2)c1	0.016273
rxn:1:46928:15216	N#Cc1n[nH]cc1C(O)C(O)Cn1cc(-c2cc(=O)[nH]n2CCF)nn1	0.016266
rxn:1:47371:5470	Cn1ncc(-c2cn(CC(O)C(O)c3ccc(O)c(F)c3F)nn2)c1C(N)=O	0.016206
rxn:1:47509:14470	O=C(O)[C@@H](Cc1c[nH]c2ccccc12)n1cc(-c2ccc(C(F)F)c(Cl)c2)nn1	0.016160
rxn:1:46158:24106	CC(=O)c1cccc(-c2cn(CCC=Cc3ccc4c(c3)C(=O)OC4)nn2)c1F	0.016136
rxn:1:59565:1751	O=C(Cn1cc(CSc2cc(Cl)ccc2Cl)nn1)c1ccccc1Cl	0.016033
rxn:1:58541:28410	COc1c(F)ccc(-c2cn(CCCc3ccc4[nH]nc(C(=O)O)c4c3)nn2)c1F	0.016028
rxn:1:58516:27942	CN(C)c1ccncc1-c1cn(CCCc2ccccc2-c2ccccc2)nn1	0.015993
rxn:1:52591:38355	c1ccc2c(-c3cn(CCC4CC4c4cnc5cccnn45)nn3)nccc2c1	0.015991
rxn:1:46921:11685	NCc1cnn(CCc2cn(CC(O)C(O)c3cc(O)ccn3)nn2)c1	0.015977
rxn:1:47629:2013	NCc1ccc(-c2cn(CC(O)C(O)c3cccc4cccnc34)nn2)cc1F	0.015972
rxn:1:47676:39573	CC(C)CCNC(C)(C)c1cn(CC(O)C(O)c2c(Cl)cccc2C(=O)O)nn1	0.015938
rxn:1:52789:31785	O=C(O)c1ccc(O)c(C2CC2CCn2cc(-c3ccc4nn[nH]c4c3)nn2)c1	0.015910
rxn:1:47268:13837	OCc1cc(C(O)C(O)Cn2cc([C@]3(O)CN4CCC3CC4)nn2)ccc1O	0.015888
rxn:1:46207:19197	Cc1nc2ccc(C=CCCn3cc(-c4cnn(C(C)C5CC5)c4)nn3)cc2o1	0.015862
rxn:1:47070:3119	Cc1nc(N)ccc1C(O)C(O)Cn1cc(CSc2nnc(N)s2)nn1	0.015851
rxn:1:46552:2576	Cc1c(C=CCCn2cc(Cc3cc(F)ccc3F)nn2)ccc2cccnc12	0.015850
rxn:1:47685:37792	O=C(O)c1ccc(C(O)C(O)Cn2cc(-c3ccc(Cl)cc3CO)nn2)c(F)c1	0.015828
rxn:1:52667:3625	Cc1ccc(C(=O)O)n1Cc1cn(CCC2CC2c2ccc3[nH]c(=O)sc3c2)nn1	0.015824
rxn:1:47411:5458	NC(=O)COCc1cn(CC(O)C(O)c2cccc(C(N)=O)n2)nn1	0.015820
rxn:1:50505:3381	O=C(NCc1cn(CC2C(c3cnc4[nH]ccc4c3)C2(F)F)nn1)c1ccn[nH]1	0.015803
rxn:1:57713:9593	CC(=O)c1cccc(CCCn2cc(COC(=O)c3nnnn3C)nn2)c1	0.015781
rxn:1:56073:3718	Cc1ncc(C(=O)O)cc1-c1cn(CC2CC2c2n[nH]c3ncnc(N)c23)nn1	0.015733
rxn:1:52544:4367	CC(Cn1ccnc1)NCc1cn(CCC2CC2c2cc3ccccc3s2)nn1	0.015700
rxn:1:47801:6048	CCn1ncc(-c2cn(CC(O)C(O)c3cccc(S(N)(=O)=O)c3)nn2)c1OC	0.015664
rxn:1:48544:21906	Cc1occc1C(=O)NCc1cn(CCC(O)C(O)c2cc(N)ccn2)nn1	0.015654
rxn:1:41305:38873	Cc1ccc(C)c(-c2cn(CC=Cc3cccc(-c4ccccc4)c3)nn2)c1	0.015640
rxn:1:58422:39406	O=C(O)Cc1ccccc1-c1cn(CCCc2ccc(-c3ccccc3)s2)nn1	0.015611
rxn:1:46876:3407	CN(CCc1cn(CC(O)C(O)c2ccc(O)nn2)nn1)S(N)(=O)=O	0.015605
rxn:1:48667:1352	Nc1cccnc1C(=O)c1cn(CCC(O)C(O)c2cc(O)cc(F)c2)nn1	0.015557
rxn:1:56633:23535	Cc1ccc(C2CC2Cn2cc(-c3oc4ccncc4c3N)nn2)c2ccccc12	0.015542
rxn:1:41318:38449	CCCS(=O)(=O)NCc1cn(CC=Cc2nc3c([nH]2)c(=O)[nH]c(=O)n3C)nn1	0.015514
rxn:1:58513:1056	Cc1ccnn1Cc1cn(CCCc2c[nH]c3nc(Cl)nc(Cl)c23)nn1	0.015505
rxn:1:40812:10081	CC(=O)c1ccc(C=CCn2cc(CSc3nnc(C(C)C)[nH]3)nn2)cc1Cl	0.015448
rxn:1:50481:23535	Cc1nc(N)c(N)cc1C1C(Cn2cc(-c3oc4ccncc4c3N)nn2)C1(F)F	0.015439
rxn:1:62171:18684	Nc1cn(Cc2cn([C@@H]3C(O)O[C@H](CO)[C@@H](O)[C@@H]3O)nn2)nc1C1CC1	0.015403
rxn:1:41065:1890	CSc1nccc(-c2cn(CCn3ccc4ccccc4c3=O)nn2)n1	0.015378
rxn:1:46876:15091	N#Cc1cc(=O)[nH]n1Cc1cn(CC(O)C(O)c2ccc(O)nn2)nn1	0.015324
rxn:1:48858:11830	O=c1ccn([C@@H]2O[C@H](CO)C[C@@H]2n2cc(CSc3ccc(CO)cc3)nn2)c(=O)[nH]1	0.015287
rxn:1:56702:892	COc1ccc2nc(C3CC3Cn3cc(CNC(=O)Cn4ccnn4)nn3)sc2c1	0.015238
rxn:1:48664:4368	Oc1ccc(SCc2cn(CCC(O)C(O)c3cc(O)ccc3F)nn2)cc1	0.015226
rxn:1:62083:5782	Cn1c(-n2cc(COCc3cccc(Cl)c3)nn2)nc2c3cccnc3ccc21	0.015215
rxn:1:62078:2063	NCC1(C(=O)Cc2cn([C@@H]3C(O)O[C@H](CO)[C@@H](O)[C@@H]3O)nn2)CC1	0.015190
rxn:1:47215:1675	Nc1cnc(C(O)C(O)Cn2cc(-c3cccc4cc[nH]c34)nn2)c(Cl)n1	0.015124
rxn:1:47072:22581	CC(C)n1cc(C(O)C(O)Cn2cc(Cn3ncc(CN)c3N)nn2)cn1	0.015089
rxn:1:47560:6722	Oc1cc(C2CC2)nn1Cc1cn(CC(O)C(O)c2coc3ccccc23)nn1	0.015069
rxn:1:41317:39489	CCCOc1cccc(-c2cn(CC=Cc3ccc4oc(C(=O)O)cc4c3)nn2)c1	0.015011
rxn:1:60765:2786	COc1ccc(Cc2cn(-c3ncnc4c3cnn4-c3ccccc3)nn2)c(F)c1	0.014998
rxn:1:47213:1792	Cc1cccc(SCc2cn(CC(O)C(O)c3cnc(Cl)nc3N)nn2)c1	0.014882
rxn:1:64904:670	CSc1ncc(OCc2cn(CC3CC(=O)N(c4ccncc4F)C3)nn2)cn1	0.014709
rxn:1:41625:39398	Oc1c(C=CCn2cc(CNc3nc(Cl)nc(Cl)n3)nn2)cc(Cl)c2cccnc12	0.014692
rxn:1:47199:39105	OCc1cccc(C(O)C(O)Cn2cc(-c3cnc4[nH]ccc4c3)nn2)n1	0.014690
rxn:1:48816:2108	Nc1nc(Cl)cnc1C(O)C(O)CCn1cc(C(=O)CC2COCCN2)nn1	0.014657
rxn:1:47592:24904	CCCCc1ccc(-c2cn(CC(O)C(O)c3n[nH]c4ncccc34)nn2)cc1	0.014651
rxn:1:53580:38864	FC1(F)C(CCn2cc(-c3cc(Cl)cc(Cl)c3)nn2)C1c1cc(Cl)ccc1Cl	0.014582
rxn:1:52679:8714	COc1cccc(-c2cn(CCC3CC3c3cnn4ccc(Cl)nc34)nn2)c1Cl	0.014568
rxn:1:47593:7652	NC(=O)c1cc(-c2cn(CC(O)C(O)c3cnc4cnccn34)nn2)ccn1	0.014525
rxn:1:47712:37776	Cc1nc2cc(-c3cn(CC(O)C(O)c4ccc(S(=O)(=O)F)cc4)nn3)ccc2s1	0.014513
rxn:1:40375:37822	CSc1ncc(-c2cn(CC=Cc3ccc(C(C)=O)cc3)nn2)c(C)n1	0.014493
rxn:1:48445:39034	CCC(OCc1cn(CC(O)C(O)c2c(Cl)nc(Cl)nc2Cl)nn1)C(=O)O	0.014447
rxn:1:46172:5179	CCc1ccc(C(C)Cc2cn(CCC=Cc3ccc4[nH]c(C)nc4c3)nn2)s1	0.014441
rxn:1:52355:2866	C=Cc1ccccc1-c1cn(CCC2CC2c2c(Cl)nc(Cl)nc2Cl)nn1	0.014383
rxn:1:47687:8717	NC1(C(=O)NCc2cn(CC(O)C(O)c3cc(Cl)cc(C(=O)O)c3)nn2)CC1	0.014313
rxn:1:41315:38622	COc1ccc2cc(C=CCn3cc(COC(=O)c4ccccc4)nn3)ccc2c1	0.014263
rxn:1:64937:24893	O=C(OCc1cn(CC2CC(=O)N(c3nc(Cl)ncc3F)C2)nn1)c1cccnc1	0.014238
rxn:1:58460:26705	CCCc1n[nH]c(SCc2cn(CCCc3c[nH]c4ccc(C#N)cc34)nn2)n1	0.014158
rxn:1:46543:4173	COc1cccc(NCc2cn(CCC=Cc3ccc4c(Cl)ccnc4c3)nn2)c1	0.014156
rxn:1:47561:2588	Oc1cccc(Cc2cn(CC(O)C(O)c3ncnc4[nH]cnc34)nn2)c1	0.014126
rxn:1:56709:9923	COc1ccc2[nH]cc(C3CC3Cn3cc(CNC(=O)Nc4cccs4)nn3)c2c1	0.014000
rxn:1:50317:807	CSc1ncc(C2C(Cn3cc(CNCC4(C)COC4)nn3)C2(F)F)c(Cl)n1	0.013984
rxn:1:47193:1376	OCc1ccnc(C(O)C(O)Cn2cc(CN[C@@H]3COC[C@H]3O)nn2)c1	0.013932
rxn:1:48691:31553	Nc1cc(F)c(-c2cn(CCC(O)C(O)c3cnc(N)c(N)n3)nn2)cn1	0.013906
rxn:1:47730:6333	COc1cc(C)c(C(O)C(O)Cn2cc(CN[C@@H]3CS(=O)(=O)C[C@H]3O)nn2)c(C)c1	0.013867
rxn:1:47139:23436	NCc1ccc(C(O)C(O)Cn2cc(CC(O)c3ccc(O)cc3)nn2)cc1	0.013837
rxn:1:47368:6444	Cc1nnc(SCc2cn(CC(O)C(O)c3cc(F)cc(F)c3O)nn2)nc1O	0.013805
rxn:1:48956:12038	CC(C)C1(O)CN(CCc2cn(CCC(O)C(O)c3cnc4cc[nH]c4c3)nn2)C1	0.013662
rxn:1:54301:1167	COC(=O)c1scc(-c2ccccc2)c1-n1cc(-c2cn3cccc(C)c3n2)nn1	0.013557
rxn:1:48728:30973	C[C@H]1CN(C)C(=O)[C@@]1(O)c1cn(CCC(O)C(O)c2cnc(O)nc2O)nn1	0.013484
rxn:1:47593:5959	Nc1cnc(OCc2cn(CC(O)C(O)c3cnc4cnccn34)nn2)cn1	0.013363
rxn:1:47564:38729	CC(=O)Nc1cc(-c2cn(CC(O)C(O)c3cnc4[nH]ccc4c3)nn2)ccn1	0.013321
rxn:1:47617:38945	Cc1nc2cc(C(O)C(O)Cn3cc(C(O)c4ccccc4Cl)nn3)ccc2[nH]1	0.013265
rxn:1:48448:12136	CSc1nc(Cl)c(C(O)C(O)Cn2cc(C3(F)CCCNC3)nn2)c(Cl)n1	0.013201
rxn:1:52614:4184	NC(Cc1ccncc1)Cc1cn(CCC2CC2c2n[nH]c3nc[nH]c(=O)c23)nn1	0.013184
rxn:1:47582:5959	Nc1cnc(OCc2cn(CC(O)C(O)c3cccc4cc[nH]c34)nn2)cn1	0.013121
rxn:1:46184:14470	FC(F)c1ccc(-c2cn(CCC=Cc3cccc4cccnc34)nn2)cc1Cl	0.013120
rxn:1:47566:17475	CCc1cc(N)nn1Cc1cn(CC(O)C(O)c2cccc3[nH]cnc23)nn1	0.013108
rxn:1:48363:2237	Cc1[nH]c(C(O)C(O)Cn2cc(CCC(=O)CC3(N)CC3)nn2)c(C)c1C(=O)O	0.013047
rxn:1:47502:4918	NCc1cccc(=O)n1Cc1cn(CC(O)C(O)c2ncccc2C(=O)O)nn1	0.012944
rxn:1:48941:1753	OC(CCn1cc(CSc2ccc(F)cc2F)nn1)C(O)c1cc2ccccc2s1	0.012933
rxn:1:56416:31477	Cc1cc(-c2cn(CC3CC3c3cccc(SC(F)(F)F)c3)nn2)c(F)cc1F	0.012898
rxn:1:47177:7108	O=C(O)c1cnn(Cc2cn(CC(O)C(O)c3cnc(O)c(O)c3)nn2)c1	0.012866
rxn:1:48675:39260	COC(=O)C(N)(c1cn(CCC(O)C(O)c2ccc(F)c(O)c2)nn1)C(F)(F)F	0.012863
rxn:1:58026:1751	Fc1ccc2c(CCCn3cc(CSc4cc(Cl)ccc4Cl)nn3)c[nH]c2c1	0.012693
rxn:1:48963:32075	OC(CCn1cc(CCNC2=NCCCN2)nn1)C(O)c1c[nH]c2ncccc12	0.012534
rxn:1:46197:2625	Cn1ccc2cc(-c3cn(CCC=Cc4ccc5nc(Cl)sc5c4)nn3)ccc21	0.012456
rxn:1:52163:38162	COc1c(Cl)cc(Cl)cc1-c1cn(CCC2CC2c2c(Cl)cc(Cl)cc2Cl)nn1	0.012424
rxn:1:46501:102	Nc1c(-c2cn(CCC=Cc3cccc4cccc(Cl)c34)nn2)sc2ncccc12	0.012252
rxn:1:47387:15060	Cc1cc(N)nc(C)c1C(O)C(O)Cn1cc(Cn2[nH]c(=O)cc2CO)nn1	0.012235
rxn:1:49553:27776	OC[C@H]1O[C@H](OCCn2cc(-c3cccc4[nH]cnc34)nn2)[C@@H](O)[C@@H](O)[C@@H]1O	0.012210
rxn:1:47847:31056	NCC1CC(O)CN1Cc1cn(CC(O)C(O)c2cc(F)ccc2C(N)=O)nn1	0.012150
rxn:1:60134:31276	Cc1c(O)cccc1-c1cn(CC(=O)NC2C(O)OC(CO)[C@H](O)[C@H]2O)nn1	0.011842
rxn:1:58056:31291	Cc1sc2ccccc2c1-c1cn(CCCc2ccc3nc(Cl)sc3c2)nn1	0.011757
rxn:1:47624:582	Cc1cc2[nH]ccc2nc1-c1cn(CC(O)C(O)c2cc3cc[nH]c3cc2Cl)nn1	0.011546
rxn:1:58462:24830	Cc1cc(C)nc(SCc2cn(CCCc3ccc(-n4ccnc4)cc3)nn2)n1	0.011307
rxn:1:47622:6216	CCCNc1cc(-c2cn(CC(O)C(O)c3ccc4oc(N)nc4c3)nn2)ncn1	0.011124
rxn:1:52379:31813	CSc1ncc(C2CC2CCn2cc(CNc3cc(F)cc(F)c3)nn2)c(Cl)n1	0.010956
rxn:1:47657:140	O=C(Cc1cn(CC(O)C(O)c2cnn3ccc(Cl)nc23)nn1)c1cnccc1Cl	0.010722
rxn:1:58180:2483	CSc1nc(Cl)c(CCCn2cc(CN(C)S(=O)(=O)Cl)nn2)c(Cl)n1	0.010668
rxn:1:47011:4130	Nc1nnc(C(=O)NCc2cn(CC(O)C(O)c3cc(O)cc(Cl)c3)nn2)[nH]1	0.010541
rxn:1:60190:18634	CCc1nn(Cc2cn(CC(=O)N[C@H]3C(O)OC(CO)[C@H](O)[C@@H]3O)nn2)cc1C#N	0.010176
